timestamp,open,low,high,close,volume
2021-11-01 09:00:00,208,206,210,208,0
2021-11-01 09:01:00,208,206,208,206,119200
2021-11-01 09:02:00,206,206,206,206,112400
2021-11-01 09:03:00,206,206,208,206,183400
2021-11-01 09:04:00,208,208,208,208,32000
2021-11-01 09:05:00,208,208,208,208,0
2021-11-01 09:06:00,208,208,208,208,0
2021-11-01 09:07:00,208,208,208,208,9400
2021-11-01 09:08:00,208,208,208,208,22100
2021-11-01 09:09:00,208,208,208,208,10000
2021-11-01 09:10:00,208,206,208,206,164000
2021-11-01 09:11:00,206,206,208,208,210100
2021-11-01 09:12:00,206,206,208,208,0
2021-11-01 09:13:00,208,208,208,208,5500
2021-11-01 09:14:00,206,206,206,206,2600
2021-11-01 09:15:00,206,206,208,206,43300
2021-11-01 09:16:00,206,206,206,206,18500
2021-11-01 09:17:00,208,208,208,208,4600
2021-11-01 09:18:00,208,208,208,208,100
2021-11-01 09:19:00,208,208,208,208,0
2021-11-01 09:20:00,208,208,208,208,0
2021-11-01 09:21:00,208,208,208,208,0
2021-11-01 09:22:00,208,208,208,208,4300
2021-11-01 09:23:00,208,208,208,208,100
2021-11-01 09:24:00,208,208,208,208,0
2021-11-01 09:25:00,208,208,208,208,10000
2021-11-01 09:26:00,208,208,208,208,2000
2021-11-01 09:27:00,208,208,208,208,600
2021-11-01 09:28:00,206,206,206,206,56000
2021-11-01 09:29:00,206,206,206,206,0
2021-11-01 09:30:00,206,206,206,206,330000
2021-11-01 09:31:00,206,206,206,206,9000
2021-11-01 09:32:00,206,206,208,208,22700
2021-11-01 09:33:00,208,208,208,208,4000
2021-11-01 09:34:00,208,208,208,208,18500
2021-11-01 09:35:00,208,208,208,208,50100
2021-11-01 09:36:00,206,206,206,206,100
2021-11-01 09:37:00,206,206,206,206,50000
2021-11-01 09:38:00,208,208,208,208,300
2021-11-01 09:39:00,208,208,208,208,0
2021-11-01 09:40:00,208,208,208,208,0
2021-11-01 09:41:00,208,208,208,208,0
2021-11-01 09:42:00,206,206,206,206,11700
2021-11-01 09:43:00,206,206,206,206,0
2021-11-01 09:44:00,206,206,206,206,0
2021-11-01 09:45:00,206,206,206,206,0
2021-11-01 09:46:00,206,206,206,206,100
2021-11-01 09:47:00,206,206,206,206,0
2021-11-01 09:48:00,208,208,208,208,41000
2021-11-01 09:49:00,208,208,208,208,0
2021-11-01 09:50:00,206,206,206,206,2000
2021-11-01 09:51:00,206,206,206,206,0
2021-11-01 09:52:00,206,206,206,206,0
2021-11-01 09:53:00,206,206,206,206,0
2021-11-01 09:54:00,206,206,206,206,54400
2021-11-01 09:55:00,206,206,206,206,60000
2021-11-01 09:56:00,206,206,206,206,3200
2021-11-01 09:57:00,206,206,206,206,0
2021-11-01 09:58:00,206,206,206,206,14000
2021-11-01 09:59:00,206,206,206,206,0
2021-11-01 10:00:00,206,206,206,206,15100
2021-11-01 10:01:00,206,206,206,206,7900
2021-11-01 10:02:00,206,206,206,206,500
2021-11-01 10:03:00,206,206,206,206,0
2021-11-01 10:04:00,206,206,206,206,25000
2021-11-01 10:05:00,206,206,206,206,100
2021-11-01 10:06:00,206,206,206,206,0
2021-11-01 10:07:00,206,206,206,206,0
2021-11-01 10:08:00,206,206,206,206,7600
2021-11-01 10:09:00,206,206,206,206,0
2021-11-01 10:10:00,206,206,206,206,9400
2021-11-01 10:11:00,206,206,206,206,16900
2021-11-01 10:12:00,206,206,206,206,5000
2021-11-01 10:13:00,206,206,206,206,0
2021-11-01 10:14:00,206,206,206,206,5000
2021-11-01 10:15:00,206,206,206,206,0
2021-11-01 10:16:00,208,208,208,208,500
2021-11-01 10:17:00,208,208,208,208,0
2021-11-01 10:18:00,208,208,208,208,0
2021-11-01 10:19:00,206,206,206,206,1100
2021-11-01 10:20:00,206,206,206,206,0
2021-11-01 10:21:00,206,206,206,206,0
2021-11-01 10:22:00,206,206,206,206,0
2021-11-01 10:23:00,208,208,208,208,100
2021-11-01 10:24:00,208,208,208,208,0
2021-11-01 10:25:00,208,208,208,208,100
2021-11-01 10:26:00,208,208,208,208,0
2021-11-01 10:27:00,208,208,208,208,1000
2021-11-01 10:28:00,208,208,208,208,6500
2021-11-01 10:29:00,208,208,208,208,400
2021-11-01 10:30:00,206,206,206,206,1500
2021-11-01 10:31:00,206,206,206,206,0
2021-11-01 10:32:00,208,208,208,208,100
2021-11-01 10:33:00,208,208,208,208,0
2021-11-01 10:34:00,208,208,208,208,0
2021-11-01 10:35:00,206,206,206,206,5000
2021-11-01 10:36:00,208,208,208,208,4500
2021-11-01 10:37:00,208,208,208,208,0
2021-11-01 10:38:00,208,208,208,208,0
2021-11-01 10:39:00,208,206,208,206,8600
2021-11-01 10:40:00,208,206,208,206,0
2021-11-01 10:41:00,206,206,206,206,1100
2021-11-01 10:42:00,206,206,206,206,500
2021-11-01 10:43:00,206,206,206,206,0
2021-11-01 10:44:00,206,206,206,206,0
2021-11-01 10:45:00,206,206,206,206,0
2021-11-01 10:46:00,206,206,206,206,0
2021-11-01 10:47:00,206,206,206,206,0
2021-11-01 10:48:00,206,206,206,206,0
2021-11-01 10:49:00,206,206,206,206,0
2021-11-01 10:50:00,206,206,206,206,0
2021-11-01 10:51:00,206,206,206,206,0
2021-11-01 10:52:00,206,206,206,206,0
2021-11-01 10:53:00,206,206,206,206,0
2021-11-01 10:54:00,206,206,206,206,0
2021-11-01 10:55:00,206,206,206,206,0
2021-11-01 10:56:00,206,206,206,206,115000
2021-11-01 10:57:00,206,206,206,206,7900
2021-11-01 10:58:00,206,206,206,206,0
2021-11-01 10:59:00,206,206,206,206,0
2021-11-01 11:00:00,206,206,206,206,0
2021-11-01 11:01:00,206,206,206,206,0
2021-11-01 11:02:00,206,206,206,206,0
2021-11-01 11:03:00,206,206,206,206,1600
2021-11-01 11:04:00,206,206,206,206,0
2021-11-01 11:05:00,206,206,206,206,13300
2021-11-01 11:06:00,206,206,206,206,0
2021-11-01 11:07:00,208,208,208,208,3100
2021-11-01 11:08:00,208,208,208,208,200
2021-11-01 11:09:00,208,208,208,208,1100
2021-11-01 11:10:00,208,208,208,208,300
2021-11-01 11:11:00,208,208,208,208,0
2021-11-01 11:12:00,206,206,208,208,8000
2021-11-01 11:13:00,208,208,208,208,500
2021-11-01 11:14:00,206,206,206,206,2500
2021-11-01 11:15:00,206,206,206,206,0
2021-11-01 11:16:00,206,206,206,206,0
2021-11-01 11:17:00,206,206,206,206,9000
2021-11-01 11:18:00,206,206,206,206,0
2021-11-01 11:19:00,206,206,206,206,0
2021-11-01 11:20:00,206,206,206,206,0
2021-11-01 11:21:00,208,206,208,206,8700
2021-11-01 11:22:00,208,208,208,208,5500
2021-11-01 11:23:00,208,208,208,208,500
2021-11-01 11:24:00,208,208,208,208,200
2021-11-01 11:25:00,208,208,208,208,0
2021-11-01 11:26:00,208,206,208,208,22000
2021-11-01 11:27:00,208,206,208,208,0
2021-11-01 11:28:00,208,206,208,208,0
2021-11-01 11:29:00,208,206,208,208,0
2021-11-01 11:30:00,208,206,208,208,0
2021-11-01 11:31:00,208,206,208,208,0
2021-11-01 11:32:00,208,206,208,208,0
2021-11-01 11:33:00,208,206,208,208,0
2021-11-01 11:34:00,208,206,208,208,0
2021-11-01 11:35:00,208,206,208,208,0
2021-11-01 11:36:00,208,206,208,208,0
2021-11-01 11:37:00,208,206,208,208,0
2021-11-01 11:38:00,208,206,208,208,0
2021-11-01 11:39:00,208,206,208,208,0
2021-11-01 11:40:00,208,206,208,208,0
2021-11-01 11:41:00,208,206,208,208,0
2021-11-01 11:42:00,208,206,208,208,0
2021-11-01 11:43:00,208,206,208,208,0
2021-11-01 11:44:00,208,206,208,208,0
2021-11-01 11:45:00,208,206,208,208,0
2021-11-01 11:46:00,208,206,208,208,0
2021-11-01 11:47:00,208,206,208,208,0
2021-11-01 11:48:00,208,206,208,208,0
2021-11-01 11:49:00,208,206,208,208,0
2021-11-01 11:50:00,208,206,208,208,0
2021-11-01 11:51:00,208,206,208,208,0
2021-11-01 11:52:00,208,206,208,208,0
2021-11-01 11:53:00,208,206,208,208,0
2021-11-01 11:54:00,208,206,208,208,0
2021-11-01 11:55:00,208,206,208,208,0
2021-11-01 11:56:00,208,206,208,208,0
2021-11-01 11:57:00,208,206,208,208,0
2021-11-01 11:58:00,208,206,208,208,0
2021-11-01 11:59:00,208,206,208,208,0
2021-11-01 12:00:00,208,206,208,208,0
2021-11-01 12:01:00,208,206,208,208,0
2021-11-01 12:02:00,208,206,208,208,0
2021-11-01 12:03:00,208,206,208,208,0
2021-11-01 12:04:00,208,206,208,208,0
2021-11-01 12:05:00,208,206,208,208,0
2021-11-01 12:06:00,208,206,208,208,0
2021-11-01 12:07:00,208,206,208,208,0
2021-11-01 12:08:00,208,206,208,208,0
2021-11-01 12:09:00,208,206,208,208,0
2021-11-01 12:10:00,208,206,208,208,0
2021-11-01 12:11:00,208,206,208,208,0
2021-11-01 12:12:00,208,206,208,208,0
2021-11-01 12:13:00,208,206,208,208,0
2021-11-01 12:14:00,208,206,208,208,0
2021-11-01 12:15:00,208,206,208,208,0
2021-11-01 12:16:00,208,206,208,208,0
2021-11-01 12:17:00,208,206,208,208,0
2021-11-01 12:18:00,208,206,208,208,0
2021-11-01 12:19:00,208,206,208,208,0
2021-11-01 12:20:00,208,206,208,208,0
2021-11-01 12:21:00,208,206,208,208,0
2021-11-01 12:22:00,208,206,208,208,0
2021-11-01 12:23:00,208,206,208,208,0
2021-11-01 12:24:00,208,206,208,208,0
2021-11-01 12:25:00,208,206,208,208,0
2021-11-01 12:26:00,208,206,208,208,0
2021-11-01 12:27:00,208,206,208,208,0
2021-11-01 12:28:00,208,206,208,208,0
2021-11-01 12:29:00,208,206,208,208,0
2021-11-01 12:30:00,208,206,208,208,0
2021-11-01 12:31:00,208,206,208,208,0
2021-11-01 12:32:00,208,206,208,208,0
2021-11-01 12:33:00,208,206,208,208,0
2021-11-01 12:34:00,208,206,208,208,0
2021-11-01 12:35:00,208,206,208,208,0
2021-11-01 12:36:00,208,206,208,208,0
2021-11-01 12:37:00,208,206,208,208,0
2021-11-01 12:38:00,208,206,208,208,0
2021-11-01 12:39:00,208,206,208,208,0
2021-11-01 12:40:00,208,206,208,208,0
2021-11-01 12:41:00,208,206,208,208,0
2021-11-01 12:42:00,208,206,208,208,0
2021-11-01 12:43:00,208,206,208,208,0
2021-11-01 12:44:00,208,206,208,208,0
2021-11-01 12:45:00,208,206,208,208,0
2021-11-01 12:46:00,208,206,208,208,0
2021-11-01 12:47:00,208,206,208,208,0
2021-11-01 12:48:00,208,206,208,208,0
2021-11-01 12:49:00,208,206,208,208,0
2021-11-01 12:50:00,208,206,208,208,0
2021-11-01 12:51:00,208,206,208,208,0
2021-11-01 12:52:00,208,206,208,208,0
2021-11-01 12:53:00,208,206,208,208,0
2021-11-01 12:54:00,208,206,208,208,0
2021-11-01 12:55:00,208,206,208,208,0
2021-11-01 12:56:00,208,206,208,208,0
2021-11-01 12:57:00,208,206,208,208,0
2021-11-01 12:58:00,208,206,208,208,0
2021-11-01 12:59:00,208,206,208,208,0
2021-11-01 13:00:00,208,206,208,208,0
2021-11-01 13:01:00,208,206,208,208,0
2021-11-01 13:02:00,208,206,208,208,0
2021-11-01 13:03:00,208,206,208,208,0
2021-11-01 13:04:00,208,206,208,208,0
2021-11-01 13:05:00,208,206,208,208,0
2021-11-01 13:06:00,208,206,208,208,0
2021-11-01 13:07:00,208,206,208,208,0
2021-11-01 13:08:00,208,206,208,208,0
2021-11-01 13:09:00,208,206,208,208,0
2021-11-01 13:10:00,208,206,208,208,0
2021-11-01 13:11:00,208,206,208,208,0
2021-11-01 13:12:00,208,206,208,208,0
2021-11-01 13:13:00,208,206,208,208,0
2021-11-01 13:14:00,208,206,208,208,0
2021-11-01 13:15:00,208,206,208,208,0
2021-11-01 13:16:00,208,206,208,208,0
2021-11-01 13:17:00,208,206,208,208,0
2021-11-01 13:18:00,208,206,208,208,0
2021-11-01 13:19:00,208,206,208,208,0
2021-11-01 13:20:00,208,206,208,208,0
2021-11-01 13:21:00,208,206,208,208,0
2021-11-01 13:22:00,208,206,208,208,0
2021-11-01 13:23:00,208,206,208,208,0
2021-11-01 13:24:00,208,206,208,208,0
2021-11-01 13:25:00,208,206,208,208,0
2021-11-01 13:26:00,208,206,208,208,0
2021-11-01 13:27:00,208,206,208,208,0
2021-11-01 13:28:00,208,206,208,208,0
2021-11-01 13:29:00,208,206,208,208,0
2021-11-01 13:30:00,208,206,208,208,0
2021-11-01 13:31:00,208,206,208,208,0
2021-11-01 13:32:00,208,206,208,208,0
2021-11-01 13:33:00,208,206,208,208,0
2021-11-01 13:34:00,208,206,208,208,19200
2021-11-01 13:35:00,208,206,208,208,0
2021-11-01 13:36:00,208,206,208,208,0
2021-11-01 13:37:00,208,206,208,208,0
2021-11-01 13:38:00,208,206,208,208,0
2021-11-01 13:39:00,208,206,208,208,0
2021-11-01 13:40:00,208,206,208,208,0
2021-11-01 13:41:00,208,206,208,208,0
2021-11-01 13:42:00,208,206,208,208,0
2021-11-01 13:43:00,208,206,208,208,0
2021-11-01 13:44:00,208,208,208,208,200
2021-11-01 13:45:00,208,208,208,208,0
2021-11-01 13:46:00,206,206,206,206,100
2021-11-01 13:47:00,206,206,206,206,0
2021-11-01 13:48:00,206,206,206,206,40000
2021-11-01 13:49:00,206,206,206,206,0
2021-11-01 13:50:00,206,206,206,206,0
2021-11-01 13:51:00,206,206,206,206,0
2021-11-01 13:52:00,206,206,206,206,0
2021-11-01 13:53:00,206,206,206,206,0
2021-11-01 13:54:00,206,206,206,206,0
2021-11-01 13:55:00,206,206,206,206,2000
2021-11-01 13:56:00,206,206,206,206,7400
2021-11-01 13:57:00,206,206,208,208,1400
2021-11-01 13:58:00,206,206,208,208,0
2021-11-01 13:59:00,206,206,208,208,0
2021-11-01 14:00:00,206,206,208,208,0
2021-11-01 14:01:00,206,206,206,206,5000
2021-11-01 14:02:00,206,206,206,206,0
2021-11-01 14:03:00,206,206,206,206,343900
2021-11-01 14:04:00,206,206,206,206,0
2021-11-01 14:05:00,206,206,206,206,0
2021-11-01 14:06:00,206,206,206,206,0
2021-11-01 14:07:00,206,206,206,206,3000
2021-11-01 14:08:00,206,206,206,206,0
2021-11-01 14:09:00,206,204,206,204,57000
2021-11-01 14:10:00,206,206,206,206,322000
2021-11-01 14:11:00,206,206,206,206,4000
2021-11-01 14:12:00,206,206,206,206,5000
2021-11-01 14:13:00,206,206,206,206,0
2021-11-01 14:14:00,206,206,206,206,0
2021-11-01 14:15:00,206,206,206,206,5100
2021-11-01 14:16:00,206,206,206,206,5000
2021-11-01 14:17:00,206,206,206,206,0
2021-11-01 14:18:00,206,206,206,206,200
2021-11-01 14:19:00,206,206,206,206,9100
2021-11-01 14:20:00,206,206,206,206,3300
2021-11-01 14:21:00,206,206,206,206,1700
2021-11-01 14:22:00,206,206,206,206,2500
2021-11-01 14:23:00,206,206,206,206,0
2021-11-01 14:24:00,206,206,206,206,10000
2021-11-01 14:25:00,206,206,206,206,0
2021-11-01 14:26:00,206,206,206,206,0
2021-11-01 14:27:00,206,206,206,206,150000
2021-11-01 14:28:00,206,206,206,206,0
2021-11-01 14:29:00,206,206,206,206,0
2021-11-01 14:30:00,204,204,204,204,41900
2021-11-01 14:31:00,204,204,204,204,2000
2021-11-01 14:32:00,204,204,204,204,0
2021-11-01 14:33:00,204,204,204,204,0
2021-11-01 14:34:00,204,204,206,206,11100
2021-11-01 14:35:00,204,204,206,206,0
2021-11-01 14:36:00,204,204,204,204,100
2021-11-01 14:37:00,206,204,206,204,5900
2021-11-01 14:38:00,206,206,206,206,29600
2021-11-01 14:39:00,206,206,206,206,0
2021-11-01 14:40:00,206,206,206,206,0
2021-11-01 14:41:00,206,206,206,206,200
2021-11-01 14:42:00,206,206,206,206,500
2021-11-01 14:43:00,204,204,204,204,5000
2021-11-01 14:44:00,204,204,204,204,47500
2021-11-01 14:45:00,204,204,204,204,0
2021-11-01 14:46:00,204,204,204,204,0
2021-11-01 14:47:00,204,204,204,204,0
2021-11-01 14:48:00,204,204,204,204,586400
2021-11-01 14:49:00,204,204,206,206,26300
2021-11-01 14:50:00,204,204,206,206,0
2021-11-01 14:51:00,204,204,206,206,0
2021-11-01 14:52:00,204,204,206,206,0
2021-11-01 14:53:00,204,204,206,206,0
2021-11-01 14:54:00,204,204,206,206,0
2021-11-01 14:55:00,204,204,206,206,0
2021-11-01 14:56:00,204,204,206,206,0
2021-11-01 14:57:00,204,204,206,206,0
2021-11-01 14:58:00,204,204,206,206,0
2021-11-01 14:59:00,204,204,206,206,0
2021-11-01 15:00:00,206,206,206,206,166600
2021-11-01 15:01:00,206,206,206,206,0
2021-11-01 15:02:00,206,206,206,206,0
2021-11-01 15:03:00,206,206,206,206,0
2021-11-01 15:04:00,206,206,206,206,0
2021-11-01 15:05:00,206,206,206,206,17700
2021-11-01 15:06:00,206,206,206,206,6200
2021-11-01 15:07:00,206,206,206,206,500
2021-11-01 15:08:00,206,206,206,206,3000
2021-11-01 15:09:00,206,206,206,206,0
2021-11-01 15:10:00,206,206,206,206,4000
2021-11-01 15:11:00,206,206,206,206,0
2021-11-01 15:12:00,206,206,206,206,0
2021-11-01 15:13:00,206,206,206,206,0
2021-11-01 15:14:00,206,206,206,206,5000
2021-11-01 15:15:00,206,206,206,206,0
2021-11-01 15:16:00,206,206,206,206,0
2021-11-01 15:17:00,206,206,206,206,0
2021-11-01 15:18:00,206,206,206,206,0
2021-11-01 15:19:00,206,206,206,206,0
2021-11-01 15:20:00,206,206,206,206,0
2021-11-01 15:21:00,206,206,206,206,0
2021-11-01 15:22:00,206,206,206,206,0
2021-11-01 15:23:00,206,206,206,206,0
2021-11-01 15:24:00,206,206,206,206,0
2021-11-01 15:25:00,206,206,206,206,0
2021-11-01 15:26:00,206,206,206,206,0
2021-11-01 15:27:00,206,206,206,206,0
2021-11-01 15:28:00,206,206,206,206,0
2021-11-01 15:29:00,206,206,206,206,0
2021-11-01 15:30:00,206,206,206,206,0
2021-11-01 15:31:00,206,206,206,206,0
2021-11-01 15:32:00,206,206,206,206,0
2021-11-01 15:33:00,206,206,206,206,0
2021-11-01 15:34:00,206,206,206,206,0
2021-11-01 15:35:00,206,206,206,206,0
2021-11-01 15:36:00,206,206,206,206,0
2021-11-01 15:37:00,206,206,206,206,0
2021-11-01 15:38:00,206,206,206,206,0
2021-11-01 15:39:00,206,206,206,206,0
2021-11-01 15:40:00,206,206,206,206,0
2021-11-01 15:41:00,206,206,206,206,0
2021-11-01 15:42:00,206,206,206,206,0
2021-11-01 15:43:00,206,206,206,206,0
2021-11-01 15:44:00,206,206,206,206,0
2021-11-01 15:45:00,206,206,206,206,0
2021-11-01 15:46:00,206,206,206,206,0
2021-11-01 15:47:00,206,206,206,206,0
2021-11-01 15:48:00,206,206,206,206,0
2021-11-01 15:49:00,206,206,206,206,0
2021-11-01 15:50:00,206,206,206,206,0
2021-11-01 15:51:00,206,206,206,206,0
2021-11-01 15:52:00,206,206,206,206,0
2021-11-01 15:53:00,206,206,206,206,0
2021-11-01 15:54:00,206,206,206,206,0
2021-11-01 15:55:00,206,206,206,206,0
2021-11-01 15:56:00,206,206,206,206,0
2021-11-01 15:57:00,206,206,206,206,0
2021-11-01 15:58:00,206,206,206,206,0
2021-11-01 15:59:00,206,206,206,206,0
2021-11-02 09:00:00,206,206,206,206,0
2021-11-02 09:01:00,208,208,208,208,3000
2021-11-02 09:02:00,208,208,208,208,0
2021-11-02 09:03:00,208,206,208,206,81000
2021-11-02 09:04:00,206,206,206,206,25500
2021-11-02 09:05:00,206,206,206,206,100
2021-11-02 09:06:00,206,206,206,206,0
2021-11-02 09:07:00,208,208,208,208,123300
2021-11-02 09:08:00,208,208,208,208,30600
2021-11-02 09:09:00,208,208,208,208,0
2021-11-02 09:10:00,208,206,208,208,7300
2021-11-02 09:11:00,208,208,208,208,5800
2021-11-02 09:12:00,208,208,208,208,24000
2021-11-02 09:13:00,208,208,208,208,209800
2021-11-02 09:14:00,208,208,208,208,137200
2021-11-02 09:15:00,208,208,208,208,0
2021-11-02 09:16:00,206,206,206,206,28400
2021-11-02 09:17:00,206,206,206,206,0
2021-11-02 09:18:00,206,206,206,206,0
2021-11-02 09:19:00,206,206,206,206,0
2021-11-02 09:20:00,206,206,206,206,30000
2021-11-02 09:21:00,206,206,206,206,55900
2021-11-02 09:22:00,206,206,206,206,5800
2021-11-02 09:23:00,206,206,206,206,0
2021-11-02 09:24:00,206,206,206,206,600
2021-11-02 09:25:00,206,206,206,206,9500
2021-11-02 09:26:00,206,206,206,206,36800
2021-11-02 09:27:00,208,208,208,208,50000
2021-11-02 09:28:00,208,208,208,208,102400
2021-11-02 09:29:00,208,208,208,208,475000
2021-11-02 09:30:00,208,208,208,208,0
2021-11-02 09:31:00,208,208,208,208,97400
2021-11-02 09:32:00,208,208,208,208,0
2021-11-02 09:33:00,208,208,208,208,8300
2021-11-02 09:34:00,208,208,208,208,24600
2021-11-02 09:35:00,208,208,208,208,11400
2021-11-02 09:36:00,208,208,208,208,0
2021-11-02 09:37:00,208,206,208,208,87000
2021-11-02 09:38:00,208,208,208,208,44100
2021-11-02 09:39:00,208,208,208,208,0
2021-11-02 09:40:00,208,208,208,208,2000
2021-11-02 09:41:00,208,208,208,208,268700
2021-11-02 09:42:00,208,208,208,208,2500
2021-11-02 09:43:00,208,208,208,208,500
2021-11-02 09:44:00,208,208,208,208,0
2021-11-02 09:45:00,208,208,208,208,0
2021-11-02 09:46:00,208,208,208,208,1000
2021-11-02 09:47:00,208,208,208,208,0
2021-11-02 09:48:00,208,206,208,206,15000
2021-11-02 09:49:00,208,206,208,206,0
2021-11-02 09:50:00,208,206,208,206,0
2021-11-02 09:51:00,208,208,208,208,4900
2021-11-02 09:52:00,208,208,208,208,0
2021-11-02 09:53:00,208,208,208,208,40000
2021-11-02 09:54:00,208,208,208,208,24200
2021-11-02 09:55:00,208,208,208,208,0
2021-11-02 09:56:00,208,208,208,208,10800
2021-11-02 09:57:00,208,208,208,208,5000
2021-11-02 09:58:00,208,208,208,208,17500
2021-11-02 09:59:00,208,206,208,206,16900
2021-11-02 10:00:00,208,208,208,208,52400
2021-11-02 10:01:00,208,208,208,208,0
2021-11-02 10:02:00,208,208,208,208,0
2021-11-02 10:03:00,208,208,208,208,300
2021-11-02 10:04:00,208,208,208,208,20000
2021-11-02 10:05:00,208,208,208,208,7700
2021-11-02 10:06:00,208,208,208,208,100000
2021-11-02 10:07:00,208,208,208,208,23900
2021-11-02 10:08:00,208,208,208,208,5000
2021-11-02 10:09:00,208,208,208,208,0
2021-11-02 10:10:00,208,208,208,208,0
2021-11-02 10:11:00,208,208,208,208,0
2021-11-02 10:12:00,208,208,208,208,0
2021-11-02 10:13:00,208,208,208,208,7300
2021-11-02 10:14:00,208,208,208,208,0
2021-11-02 10:15:00,208,208,208,208,0
2021-11-02 10:16:00,208,208,208,208,5400
2021-11-02 10:17:00,208,208,208,208,0
2021-11-02 10:18:00,208,208,208,208,12100
2021-11-02 10:19:00,208,208,208,208,0
2021-11-02 10:20:00,208,208,208,208,0
2021-11-02 10:21:00,208,208,208,208,0
2021-11-02 10:22:00,208,208,208,208,0
2021-11-02 10:23:00,208,208,208,208,2200
2021-11-02 10:24:00,208,208,208,208,24200
2021-11-02 10:25:00,208,208,208,208,0
2021-11-02 10:26:00,208,208,208,208,0
2021-11-02 10:27:00,208,208,208,208,0
2021-11-02 10:28:00,208,208,208,208,0
2021-11-02 10:29:00,208,208,208,208,0
2021-11-02 10:30:00,208,208,208,208,0
2021-11-02 10:31:00,208,208,208,208,5100
2021-11-02 10:32:00,208,208,208,208,10000
2021-11-02 10:33:00,208,208,208,208,0
2021-11-02 10:34:00,208,208,208,208,0
2021-11-02 10:35:00,206,206,206,206,110000
2021-11-02 10:36:00,206,206,206,206,30000
2021-11-02 10:37:00,206,206,206,206,10000
2021-11-02 10:38:00,206,206,206,206,32100
2021-11-02 10:39:00,206,206,206,206,0
2021-11-02 10:40:00,206,206,206,206,0
2021-11-02 10:41:00,206,206,206,206,646600
2021-11-02 10:42:00,206,204,206,204,116200
2021-11-02 10:43:00,206,204,206,204,18200
2021-11-02 10:44:00,206,204,206,206,42000
2021-11-02 10:45:00,206,204,206,206,0
2021-11-02 10:46:00,206,206,206,206,2500
2021-11-02 10:47:00,204,204,204,204,20400
2021-11-02 10:48:00,204,204,204,204,5000
2021-11-02 10:49:00,204,204,204,204,0
2021-11-02 10:50:00,204,204,204,204,0
2021-11-02 10:51:00,204,204,204,204,0
2021-11-02 10:52:00,204,204,204,204,0
2021-11-02 10:53:00,204,204,204,204,4100
2021-11-02 10:54:00,204,204,204,204,0
2021-11-02 10:55:00,204,204,206,204,193200
2021-11-02 10:56:00,204,204,206,204,0
2021-11-02 10:57:00,204,204,206,204,0
2021-11-02 10:58:00,204,204,206,204,0
2021-11-02 10:59:00,204,204,206,204,0
2021-11-02 11:00:00,204,204,206,204,0
2021-11-02 11:01:00,206,206,206,206,3600
2021-11-02 11:02:00,206,206,206,206,7500
2021-11-02 11:03:00,206,206,206,206,0
2021-11-02 11:04:00,206,206,206,206,0
2021-11-02 11:05:00,206,206,206,206,0
2021-11-02 11:06:00,206,206,206,206,0
2021-11-02 11:07:00,206,206,206,206,0
2021-11-02 11:08:00,206,206,206,206,0
2021-11-02 11:09:00,206,206,206,206,2000
2021-11-02 11:10:00,206,206,206,206,0
2021-11-02 11:11:00,206,206,206,206,0
2021-11-02 11:12:00,206,206,206,206,300
2021-11-02 11:13:00,206,206,206,206,0
2021-11-02 11:14:00,206,206,206,206,0
2021-11-02 11:15:00,206,206,206,206,0
2021-11-02 11:16:00,206,206,206,206,0
2021-11-02 11:17:00,206,206,206,206,0
2021-11-02 11:18:00,206,206,206,206,0
2021-11-02 11:19:00,206,206,206,206,0
2021-11-02 11:20:00,206,206,206,206,0
2021-11-02 11:21:00,204,204,204,204,30000
2021-11-02 11:22:00,204,204,204,204,0
2021-11-02 11:23:00,204,204,204,204,0
2021-11-02 11:24:00,204,204,204,204,0
2021-11-02 11:25:00,204,204,204,204,0
2021-11-02 11:26:00,204,204,204,204,0
2021-11-02 11:27:00,204,204,204,204,0
2021-11-02 11:28:00,204,204,204,204,0
2021-11-02 11:29:00,204,204,204,204,0
2021-11-02 11:30:00,204,204,204,204,0
2021-11-02 11:31:00,204,204,204,204,0
2021-11-02 11:32:00,204,204,204,204,0
2021-11-02 11:33:00,204,204,204,204,0
2021-11-02 11:34:00,204,204,204,204,0
2021-11-02 11:35:00,204,204,204,204,0
2021-11-02 11:36:00,204,204,204,204,0
2021-11-02 11:37:00,204,204,204,204,0
2021-11-02 11:38:00,204,204,204,204,0
2021-11-02 11:39:00,204,204,204,204,0
2021-11-02 11:40:00,204,204,204,204,0
2021-11-02 11:41:00,204,204,204,204,0
2021-11-02 11:42:00,204,204,204,204,0
2021-11-02 11:43:00,204,204,204,204,0
2021-11-02 11:44:00,204,204,204,204,0
2021-11-02 11:45:00,204,204,204,204,0
2021-11-02 11:46:00,204,204,204,204,0
2021-11-02 11:47:00,204,204,204,204,0
2021-11-02 11:48:00,204,204,204,204,0
2021-11-02 11:49:00,204,204,204,204,0
2021-11-02 11:50:00,204,204,204,204,0
2021-11-02 11:51:00,204,204,204,204,0
2021-11-02 11:52:00,204,204,204,204,0
2021-11-02 11:53:00,204,204,204,204,0
2021-11-02 11:54:00,204,204,204,204,0
2021-11-02 11:55:00,204,204,204,204,0
2021-11-02 11:56:00,204,204,204,204,0
2021-11-02 11:57:00,204,204,204,204,0
2021-11-02 11:58:00,204,204,204,204,0
2021-11-02 11:59:00,204,204,204,204,0
2021-11-02 12:00:00,204,204,204,204,0
2021-11-02 12:01:00,204,204,204,204,0
2021-11-02 12:02:00,204,204,204,204,0
2021-11-02 12:03:00,204,204,204,204,0
2021-11-02 12:04:00,204,204,204,204,0
2021-11-02 12:05:00,204,204,204,204,0
2021-11-02 12:06:00,204,204,204,204,0
2021-11-02 12:07:00,204,204,204,204,0
2021-11-02 12:08:00,204,204,204,204,0
2021-11-02 12:09:00,204,204,204,204,0
2021-11-02 12:10:00,204,204,204,204,0
2021-11-02 12:11:00,204,204,204,204,0
2021-11-02 12:12:00,204,204,204,204,0
2021-11-02 12:13:00,204,204,204,204,0
2021-11-02 12:14:00,204,204,204,204,0
2021-11-02 12:15:00,204,204,204,204,0
2021-11-02 12:16:00,204,204,204,204,0
2021-11-02 12:17:00,204,204,204,204,0
2021-11-02 12:18:00,204,204,204,204,0
2021-11-02 12:19:00,204,204,204,204,0
2021-11-02 12:20:00,204,204,204,204,0
2021-11-02 12:21:00,204,204,204,204,0
2021-11-02 12:22:00,204,204,204,204,0
2021-11-02 12:23:00,204,204,204,204,0
2021-11-02 12:24:00,204,204,204,204,0
2021-11-02 12:25:00,204,204,204,204,0
2021-11-02 12:26:00,204,204,204,204,0
2021-11-02 12:27:00,204,204,204,204,0
2021-11-02 12:28:00,204,204,204,204,0
2021-11-02 12:29:00,204,204,204,204,0
2021-11-02 12:30:00,204,204,204,204,0
2021-11-02 12:31:00,204,204,204,204,0
2021-11-02 12:32:00,204,204,204,204,0
2021-11-02 12:33:00,204,204,204,204,0
2021-11-02 12:34:00,204,204,204,204,0
2021-11-02 12:35:00,204,204,204,204,0
2021-11-02 12:36:00,204,204,204,204,0
2021-11-02 12:37:00,204,204,204,204,0
2021-11-02 12:38:00,204,204,204,204,0
2021-11-02 12:39:00,204,204,204,204,0
2021-11-02 12:40:00,204,204,204,204,0
2021-11-02 12:41:00,204,204,204,204,0
2021-11-02 12:42:00,204,204,204,204,0
2021-11-02 12:43:00,204,204,204,204,0
2021-11-02 12:44:00,204,204,204,204,0
2021-11-02 12:45:00,204,204,204,204,0
2021-11-02 12:46:00,204,204,204,204,0
2021-11-02 12:47:00,204,204,204,204,0
2021-11-02 12:48:00,204,204,204,204,0
2021-11-02 12:49:00,204,204,204,204,0
2021-11-02 12:50:00,204,204,204,204,0
2021-11-02 12:51:00,204,204,204,204,0
2021-11-02 12:52:00,204,204,204,204,0
2021-11-02 12:53:00,204,204,204,204,0
2021-11-02 12:54:00,204,204,204,204,0
2021-11-02 12:55:00,204,204,204,204,0
2021-11-02 12:56:00,204,204,204,204,0
2021-11-02 12:57:00,204,204,204,204,0
2021-11-02 12:58:00,204,204,204,204,0
2021-11-02 12:59:00,204,204,204,204,0
2021-11-02 13:00:00,204,204,204,204,0
2021-11-02 13:01:00,204,204,204,204,0
2021-11-02 13:02:00,204,204,204,204,0
2021-11-02 13:03:00,204,204,204,204,0
2021-11-02 13:04:00,204,204,204,204,0
2021-11-02 13:05:00,204,204,204,204,0
2021-11-02 13:06:00,204,204,204,204,0
2021-11-02 13:07:00,204,204,204,204,0
2021-11-02 13:08:00,204,204,204,204,0
2021-11-02 13:09:00,204,204,204,204,0
2021-11-02 13:10:00,204,204,204,204,0
2021-11-02 13:11:00,204,204,204,204,0
2021-11-02 13:12:00,204,204,204,204,0
2021-11-02 13:13:00,204,204,204,204,0
2021-11-02 13:14:00,204,204,204,204,0
2021-11-02 13:15:00,204,204,204,204,0
2021-11-02 13:16:00,204,204,204,204,0
2021-11-02 13:17:00,204,204,204,204,0
2021-11-02 13:18:00,204,204,204,204,0
2021-11-02 13:19:00,204,204,204,204,0
2021-11-02 13:20:00,204,204,204,204,0
2021-11-02 13:21:00,204,204,204,204,0
2021-11-02 13:22:00,204,204,204,204,0
2021-11-02 13:23:00,204,204,204,204,0
2021-11-02 13:24:00,204,204,204,204,0
2021-11-02 13:25:00,204,204,204,204,0
2021-11-02 13:26:00,204,204,204,204,0
2021-11-02 13:27:00,204,204,204,204,0
2021-11-02 13:28:00,204,204,204,204,0
2021-11-02 13:29:00,204,204,204,204,0
2021-11-02 13:30:00,204,204,206,204,12700
2021-11-02 13:31:00,204,204,204,204,112600
2021-11-02 13:32:00,204,204,204,204,0
2021-11-02 13:33:00,204,204,204,204,400
2021-11-02 13:34:00,204,204,204,204,0
2021-11-02 13:35:00,204,204,204,204,10000
2021-11-02 13:36:00,206,206,206,206,2000
2021-11-02 13:37:00,206,206,206,206,5000
2021-11-02 13:38:00,206,206,206,206,3900
2021-11-02 13:39:00,206,206,206,206,100
2021-11-02 13:40:00,206,206,206,206,100
2021-11-02 13:41:00,206,206,206,206,0
2021-11-02 13:42:00,206,206,206,206,0
2021-11-02 13:43:00,206,206,206,206,0
2021-11-02 13:44:00,206,206,206,206,0
2021-11-02 13:45:00,206,206,206,206,0
2021-11-02 13:46:00,206,206,206,206,0
2021-11-02 13:47:00,206,206,206,206,0
2021-11-02 13:48:00,206,206,206,206,20200
2021-11-02 13:49:00,206,206,206,206,0
2021-11-02 13:50:00,206,206,206,206,100
2021-11-02 13:51:00,204,204,204,204,100
2021-11-02 13:52:00,204,204,204,204,7500
2021-11-02 13:53:00,206,206,206,206,35300
2021-11-02 13:54:00,206,206,206,206,0
2021-11-02 13:55:00,206,206,206,206,0
2021-11-02 13:56:00,204,204,204,204,5000
2021-11-02 13:57:00,204,204,204,204,58000
2021-11-02 13:58:00,204,204,204,204,0
2021-11-02 13:59:00,204,204,204,204,0
2021-11-02 14:00:00,204,204,204,204,0
2021-11-02 14:01:00,206,204,206,204,150000
2021-11-02 14:02:00,204,204,204,204,4400
2021-11-02 14:03:00,204,204,204,204,0
2021-11-02 14:04:00,204,204,204,204,0
2021-11-02 14:05:00,204,204,204,204,0
2021-11-02 14:06:00,204,204,204,204,0
2021-11-02 14:07:00,204,204,204,204,100
2021-11-02 14:08:00,204,204,204,204,0
2021-11-02 14:09:00,204,204,204,204,10000
2021-11-02 14:10:00,204,204,204,204,0
2021-11-02 14:11:00,204,204,204,204,1000
2021-11-02 14:12:00,204,204,204,204,265300
2021-11-02 14:13:00,204,204,204,204,631600
2021-11-02 14:14:00,204,204,204,204,4500
2021-11-02 14:15:00,204,204,204,204,100
2021-11-02 14:16:00,204,204,204,204,0
2021-11-02 14:17:00,204,204,204,204,180000
2021-11-02 14:18:00,204,204,204,204,104500
2021-11-02 14:19:00,204,204,204,204,0
2021-11-02 14:20:00,204,204,204,204,0
2021-11-02 14:21:00,204,204,204,204,7200
2021-11-02 14:22:00,202,202,202,202,23600
2021-11-02 14:23:00,202,202,202,202,0
2021-11-02 14:24:00,202,202,204,204,13600
2021-11-02 14:25:00,204,204,204,204,1500
2021-11-02 14:26:00,204,204,204,204,0
2021-11-02 14:27:00,204,204,204,204,5000
2021-11-02 14:28:00,204,204,204,204,0
2021-11-02 14:29:00,204,204,204,204,600
2021-11-02 14:30:00,202,202,202,202,41600
2021-11-02 14:31:00,202,202,202,202,1000
2021-11-02 14:32:00,202,202,202,202,12000
2021-11-02 14:33:00,202,202,202,202,0
2021-11-02 14:34:00,202,202,202,202,0
2021-11-02 14:35:00,204,204,204,204,25200
2021-11-02 14:36:00,204,204,204,204,22100
2021-11-02 14:37:00,204,202,204,202,3800
2021-11-02 14:38:00,202,202,202,202,37500
2021-11-02 14:39:00,202,202,204,204,110500
2021-11-02 14:40:00,202,202,202,202,8800
2021-11-02 14:41:00,204,202,204,202,18200
2021-11-02 14:42:00,204,202,204,202,0
2021-11-02 14:43:00,204,202,204,202,0
2021-11-02 14:44:00,204,204,204,204,6000
2021-11-02 14:45:00,202,202,202,202,57000
2021-11-02 14:46:00,202,202,202,202,92100
2021-11-02 14:47:00,202,202,202,202,14300
2021-11-02 14:48:00,204,204,204,204,110000
2021-11-02 14:49:00,202,202,202,202,16900
2021-11-02 14:50:00,202,202,202,202,0
2021-11-02 14:51:00,202,202,202,202,0
2021-11-02 14:52:00,202,202,202,202,0
2021-11-02 14:53:00,202,202,202,202,0
2021-11-02 14:54:00,202,202,202,202,0
2021-11-02 14:55:00,202,202,202,202,0
2021-11-02 14:56:00,202,202,202,202,0
2021-11-02 14:57:00,202,202,202,202,0
2021-11-02 14:58:00,202,202,202,202,0
2021-11-02 14:59:00,202,202,202,202,0
2021-11-02 15:00:00,202,202,202,202,175400
2021-11-02 15:01:00,202,202,202,202,0
2021-11-02 15:02:00,202,202,202,202,0
2021-11-02 15:03:00,202,202,202,202,0
2021-11-02 15:04:00,202,202,202,202,0
2021-11-02 15:05:00,202,202,202,202,54000
2021-11-02 15:06:00,202,202,202,202,0
2021-11-02 15:07:00,202,202,202,202,0
2021-11-02 15:08:00,202,202,202,202,2300
2021-11-02 15:09:00,202,202,202,202,0
2021-11-02 15:10:00,202,202,202,202,0
2021-11-02 15:11:00,202,202,202,202,0
2021-11-02 15:12:00,202,202,202,202,0
2021-11-02 15:13:00,202,202,202,202,0
2021-11-02 15:14:00,202,202,202,202,0
2021-11-02 15:15:00,202,202,202,202,0
2021-11-02 15:16:00,202,202,202,202,0
2021-11-02 15:17:00,202,202,202,202,0
2021-11-02 15:18:00,202,202,202,202,0
2021-11-02 15:19:00,202,202,202,202,0
2021-11-02 15:20:00,202,202,202,202,0
2021-11-02 15:21:00,202,202,202,202,0
2021-11-02 15:22:00,202,202,202,202,0
2021-11-02 15:23:00,202,202,202,202,0
2021-11-02 15:24:00,202,202,202,202,0
2021-11-02 15:25:00,202,202,202,202,0
2021-11-02 15:26:00,202,202,202,202,0
2021-11-02 15:27:00,202,202,202,202,0
2021-11-02 15:28:00,202,202,202,202,0
2021-11-02 15:29:00,202,202,202,202,0
2021-11-02 15:30:00,202,202,202,202,0
2021-11-02 15:31:00,202,202,202,202,0
2021-11-02 15:32:00,202,202,202,202,0
2021-11-02 15:33:00,202,202,202,202,0
2021-11-02 15:34:00,202,202,202,202,0
2021-11-02 15:35:00,202,202,202,202,0
2021-11-02 15:36:00,202,202,202,202,0
2021-11-02 15:37:00,202,202,202,202,0
2021-11-02 15:38:00,202,202,202,202,0
2021-11-02 15:39:00,202,202,202,202,0
2021-11-02 15:40:00,202,202,202,202,0
2021-11-02 15:41:00,202,202,202,202,0
2021-11-02 15:42:00,202,202,202,202,0
2021-11-02 15:43:00,202,202,202,202,0
2021-11-02 15:44:00,202,202,202,202,0
2021-11-02 15:45:00,202,202,202,202,0
2021-11-02 15:46:00,202,202,202,202,0
2021-11-02 15:47:00,202,202,202,202,0
2021-11-02 15:48:00,202,202,202,202,0
2021-11-02 15:49:00,202,202,202,202,0
2021-11-02 15:50:00,202,202,202,202,0
2021-11-02 15:51:00,202,202,202,202,0
2021-11-02 15:52:00,202,202,202,202,0
2021-11-02 15:53:00,202,202,202,202,0
2021-11-02 15:54:00,202,202,202,202,0
2021-11-02 15:55:00,202,202,202,202,0
2021-11-02 15:56:00,202,202,202,202,0
2021-11-02 15:57:00,202,202,202,202,0
2021-11-02 15:58:00,202,202,202,202,0
2021-11-02 15:59:00,202,202,202,202,0
2021-11-03 09:00:00,204,202,204,202,0
2021-11-03 09:01:00,204,202,204,202,0
2021-11-03 09:02:00,204,204,204,204,343400
2021-11-03 09:03:00,204,204,204,204,0
2021-11-03 09:04:00,204,204,204,204,0
2021-11-03 09:05:00,206,206,206,206,100
2021-11-03 09:06:00,206,206,206,206,0
2021-11-03 09:07:00,206,206,206,206,0
2021-11-03 09:08:00,206,206,206,206,100
2021-11-03 09:09:00,206,206,206,206,20000
2021-11-03 09:10:00,206,206,206,206,0
2021-11-03 09:11:00,206,206,206,206,100
2021-11-03 09:12:00,204,204,204,204,200000
2021-11-03 09:13:00,204,204,204,204,300
2021-11-03 09:14:00,204,204,204,204,7600
2021-11-03 09:15:00,204,204,204,204,1800
2021-11-03 09:16:00,204,204,204,204,600
2021-11-03 09:17:00,204,204,206,204,1300
2021-11-03 09:18:00,204,204,204,204,94600
2021-11-03 09:19:00,204,204,204,204,2000
2021-11-03 09:20:00,204,204,204,204,0
2021-11-03 09:21:00,204,204,204,204,0
2021-11-03 09:22:00,204,204,204,204,0
2021-11-03 09:23:00,204,204,204,204,11100
2021-11-03 09:24:00,204,204,204,204,0
2021-11-03 09:25:00,204,204,204,204,0
2021-11-03 09:26:00,204,204,204,204,0
2021-11-03 09:27:00,204,204,204,204,500
2021-11-03 09:28:00,204,204,204,204,0
2021-11-03 09:29:00,204,204,204,204,10000
2021-11-03 09:30:00,204,204,204,204,500
2021-11-03 09:31:00,204,204,204,204,0
2021-11-03 09:32:00,204,204,204,204,0
2021-11-03 09:33:00,204,204,204,204,1000
2021-11-03 09:34:00,204,204,204,204,0
2021-11-03 09:35:00,204,204,204,204,0
2021-11-03 09:36:00,204,204,204,204,0
2021-11-03 09:37:00,204,204,204,204,0
2021-11-03 09:38:00,204,204,204,204,0
2021-11-03 09:39:00,204,204,204,204,100
2021-11-03 09:40:00,204,204,204,204,0
2021-11-03 09:41:00,206,206,206,206,20000
2021-11-03 09:42:00,206,206,206,206,0
2021-11-03 09:43:00,206,206,206,206,0
2021-11-03 09:44:00,206,206,206,206,0
2021-11-03 09:45:00,206,206,206,206,2000
2021-11-03 09:46:00,206,206,206,206,1000
2021-11-03 09:47:00,206,206,206,206,600
2021-11-03 09:48:00,206,206,206,206,100
2021-11-03 09:49:00,206,206,206,206,0
2021-11-03 09:50:00,206,206,206,206,700
2021-11-03 09:51:00,206,206,206,206,0
2021-11-03 09:52:00,206,206,206,206,20000
2021-11-03 09:53:00,206,206,206,206,0
2021-11-03 09:54:00,206,206,206,206,5000
2021-11-03 09:55:00,204,204,204,204,3100
2021-11-03 09:56:00,204,204,204,204,0
2021-11-03 09:57:00,204,204,206,206,1800
2021-11-03 09:58:00,204,204,206,206,0
2021-11-03 09:59:00,206,206,206,206,500
2021-11-03 10:00:00,206,206,206,206,0
2021-11-03 10:01:00,206,206,206,206,37000
2021-11-03 10:02:00,204,204,204,204,50000
2021-11-03 10:03:00,206,206,206,206,500
2021-11-03 10:04:00,206,206,206,206,0
2021-11-03 10:05:00,206,206,206,206,700
2021-11-03 10:06:00,206,206,206,206,10000
2021-11-03 10:07:00,206,206,206,206,0
2021-11-03 10:08:00,206,206,206,206,22600
2021-11-03 10:09:00,206,206,206,206,0
2021-11-03 10:10:00,206,206,206,206,0
2021-11-03 10:11:00,206,206,206,206,0
2021-11-03 10:12:00,206,206,206,206,0
2021-11-03 10:13:00,204,204,204,204,500
2021-11-03 10:14:00,204,204,204,204,0
2021-11-03 10:15:00,204,204,204,204,0
2021-11-03 10:16:00,204,204,204,204,100
2021-11-03 10:17:00,204,204,204,204,0
2021-11-03 10:18:00,204,204,204,204,0
2021-11-03 10:19:00,204,204,204,204,0
2021-11-03 10:20:00,204,204,204,204,0
2021-11-03 10:21:00,204,204,204,204,3000
2021-11-03 10:22:00,204,204,204,204,0
2021-11-03 10:23:00,204,204,204,204,0
2021-11-03 10:24:00,204,204,204,204,20000
2021-11-03 10:25:00,204,204,204,204,0
2021-11-03 10:26:00,204,204,206,206,25600
2021-11-03 10:27:00,204,204,206,206,0
2021-11-03 10:28:00,204,204,206,206,0
2021-11-03 10:29:00,204,204,206,206,0
2021-11-03 10:30:00,204,204,206,206,0
2021-11-03 10:31:00,204,204,204,204,2500
2021-11-03 10:32:00,204,204,204,204,0
2021-11-03 10:33:00,204,204,204,204,0
2021-11-03 10:34:00,204,204,204,204,50000
2021-11-03 10:35:00,204,204,204,204,0
2021-11-03 10:36:00,204,204,204,204,0
2021-11-03 10:37:00,204,204,204,204,0
2021-11-03 10:38:00,204,204,204,204,4900
2021-11-03 10:39:00,204,204,204,204,7000
2021-11-03 10:40:00,204,204,204,204,0
2021-11-03 10:41:00,204,204,204,204,0
2021-11-03 10:42:00,204,204,204,204,0
2021-11-03 10:43:00,204,204,204,204,0
2021-11-03 10:44:00,204,204,204,204,13900
2021-11-03 10:45:00,204,204,204,204,5000
2021-11-03 10:46:00,204,204,204,204,0
2021-11-03 10:47:00,204,204,204,204,10000
2021-11-03 10:48:00,204,204,204,204,0
2021-11-03 10:49:00,204,204,204,204,0
2021-11-03 10:50:00,204,204,204,204,0
2021-11-03 10:51:00,204,204,204,204,120000
2021-11-03 10:52:00,204,204,204,204,12000
2021-11-03 10:53:00,204,204,204,204,5000
2021-11-03 10:54:00,204,204,204,204,0
2021-11-03 10:55:00,204,204,204,204,0
2021-11-03 10:56:00,204,204,204,204,6000
2021-11-03 10:57:00,204,204,204,204,0
2021-11-03 10:58:00,204,204,204,204,0
2021-11-03 10:59:00,204,204,204,204,0
2021-11-03 11:00:00,204,204,204,204,100000
2021-11-03 11:01:00,204,204,204,204,12800
2021-11-03 11:02:00,204,204,204,204,0
2021-11-03 11:03:00,204,204,204,204,0
2021-11-03 11:04:00,204,204,204,204,0
2021-11-03 11:05:00,204,204,204,204,5000
2021-11-03 11:06:00,204,204,204,204,79800
2021-11-03 11:07:00,204,204,204,204,0
2021-11-03 11:08:00,204,204,204,204,8100
2021-11-03 11:09:00,204,204,204,204,0
2021-11-03 11:10:00,204,204,204,204,5000
2021-11-03 11:11:00,204,204,204,204,0
2021-11-03 11:12:00,204,204,204,204,0
2021-11-03 11:13:00,206,206,206,206,700
2021-11-03 11:14:00,206,206,206,206,0
2021-11-03 11:15:00,206,206,206,206,0
2021-11-03 11:16:00,206,206,206,206,600
2021-11-03 11:17:00,206,206,206,206,0
2021-11-03 11:18:00,206,206,206,206,0
2021-11-03 11:19:00,206,206,206,206,200
2021-11-03 11:20:00,206,206,206,206,0
2021-11-03 11:21:00,206,206,206,206,0
2021-11-03 11:22:00,206,206,206,206,0
2021-11-03 11:23:00,206,206,206,206,0
2021-11-03 11:24:00,206,206,206,206,0
2021-11-03 11:25:00,206,206,206,206,500
2021-11-03 11:26:00,206,206,206,206,0
2021-11-03 11:27:00,204,204,204,204,38800
2021-11-03 11:28:00,204,204,204,204,0
2021-11-03 11:29:00,204,204,204,204,0
2021-11-03 11:30:00,204,204,204,204,0
2021-11-03 11:31:00,204,204,204,204,0
2021-11-03 11:32:00,204,204,204,204,0
2021-11-03 11:33:00,204,204,204,204,0
2021-11-03 11:34:00,204,204,204,204,0
2021-11-03 11:35:00,204,204,204,204,0
2021-11-03 11:36:00,204,204,204,204,0
2021-11-03 11:37:00,204,204,204,204,0
2021-11-03 11:38:00,204,204,204,204,0
2021-11-03 11:39:00,204,204,204,204,0
2021-11-03 11:40:00,204,204,204,204,0
2021-11-03 11:41:00,204,204,204,204,0
2021-11-03 11:42:00,204,204,204,204,0
2021-11-03 11:43:00,204,204,204,204,0
2021-11-03 11:44:00,204,204,204,204,0
2021-11-03 11:45:00,204,204,204,204,0
2021-11-03 11:46:00,204,204,204,204,0
2021-11-03 11:47:00,204,204,204,204,0
2021-11-03 11:48:00,204,204,204,204,0
2021-11-03 11:49:00,204,204,204,204,0
2021-11-03 11:50:00,204,204,204,204,0
2021-11-03 11:51:00,204,204,204,204,0
2021-11-03 11:52:00,204,204,204,204,0
2021-11-03 11:53:00,204,204,204,204,0
2021-11-03 11:54:00,204,204,204,204,0
2021-11-03 11:55:00,204,204,204,204,0
2021-11-03 11:56:00,204,204,204,204,0
2021-11-03 11:57:00,204,204,204,204,0
2021-11-03 11:58:00,204,204,204,204,0
2021-11-03 11:59:00,204,204,204,204,0
2021-11-03 12:00:00,204,204,204,204,0
2021-11-03 12:01:00,204,204,204,204,0
2021-11-03 12:02:00,204,204,204,204,0
2021-11-03 12:03:00,204,204,204,204,0
2021-11-03 12:04:00,204,204,204,204,0
2021-11-03 12:05:00,204,204,204,204,0
2021-11-03 12:06:00,204,204,204,204,0
2021-11-03 12:07:00,204,204,204,204,0
2021-11-03 12:08:00,204,204,204,204,0
2021-11-03 12:09:00,204,204,204,204,0
2021-11-03 12:10:00,204,204,204,204,0
2021-11-03 12:11:00,204,204,204,204,0
2021-11-03 12:12:00,204,204,204,204,0
2021-11-03 12:13:00,204,204,204,204,0
2021-11-03 12:14:00,204,204,204,204,0
2021-11-03 12:15:00,204,204,204,204,0
2021-11-03 12:16:00,204,204,204,204,0
2021-11-03 12:17:00,204,204,204,204,0
2021-11-03 12:18:00,204,204,204,204,0
2021-11-03 12:19:00,204,204,204,204,0
2021-11-03 12:20:00,204,204,204,204,0
2021-11-03 12:21:00,204,204,204,204,0
2021-11-03 12:22:00,204,204,204,204,0
2021-11-03 12:23:00,204,204,204,204,0
2021-11-03 12:24:00,204,204,204,204,0
2021-11-03 12:25:00,204,204,204,204,0
2021-11-03 12:26:00,204,204,204,204,0
2021-11-03 12:27:00,204,204,204,204,0
2021-11-03 12:28:00,204,204,204,204,0
2021-11-03 12:29:00,204,204,204,204,0
2021-11-03 12:30:00,204,204,204,204,0
2021-11-03 12:31:00,204,204,204,204,0
2021-11-03 12:32:00,204,204,204,204,0
2021-11-03 12:33:00,204,204,204,204,0
2021-11-03 12:34:00,204,204,204,204,0
2021-11-03 12:35:00,204,204,204,204,0
2021-11-03 12:36:00,204,204,204,204,0
2021-11-03 12:37:00,204,204,204,204,0
2021-11-03 12:38:00,204,204,204,204,0
2021-11-03 12:39:00,204,204,204,204,0
2021-11-03 12:40:00,204,204,204,204,0
2021-11-03 12:41:00,204,204,204,204,0
2021-11-03 12:42:00,204,204,204,204,0
2021-11-03 12:43:00,204,204,204,204,0
2021-11-03 12:44:00,204,204,204,204,0
2021-11-03 12:45:00,204,204,204,204,0
2021-11-03 12:46:00,204,204,204,204,0
2021-11-03 12:47:00,204,204,204,204,0
2021-11-03 12:48:00,204,204,204,204,0
2021-11-03 12:49:00,204,204,204,204,0
2021-11-03 12:50:00,204,204,204,204,0
2021-11-03 12:51:00,204,204,204,204,0
2021-11-03 12:52:00,204,204,204,204,0
2021-11-03 12:53:00,204,204,204,204,0
2021-11-03 12:54:00,204,204,204,204,0
2021-11-03 12:55:00,204,204,204,204,0
2021-11-03 12:56:00,204,204,204,204,0
2021-11-03 12:57:00,204,204,204,204,0
2021-11-03 12:58:00,204,204,204,204,0
2021-11-03 12:59:00,204,204,204,204,0
2021-11-03 13:00:00,204,204,204,204,0
2021-11-03 13:01:00,204,204,204,204,0
2021-11-03 13:02:00,204,204,204,204,0
2021-11-03 13:03:00,204,204,204,204,0
2021-11-03 13:04:00,204,204,204,204,0
2021-11-03 13:05:00,204,204,204,204,0
2021-11-03 13:06:00,204,204,204,204,0
2021-11-03 13:07:00,204,204,204,204,0
2021-11-03 13:08:00,204,204,204,204,0
2021-11-03 13:09:00,204,204,204,204,0
2021-11-03 13:10:00,204,204,204,204,0
2021-11-03 13:11:00,204,204,204,204,0
2021-11-03 13:12:00,204,204,204,204,0
2021-11-03 13:13:00,204,204,204,204,0
2021-11-03 13:14:00,204,204,204,204,0
2021-11-03 13:15:00,204,204,204,204,0
2021-11-03 13:16:00,204,204,204,204,0
2021-11-03 13:17:00,204,204,204,204,0
2021-11-03 13:18:00,204,204,204,204,0
2021-11-03 13:19:00,204,204,204,204,0
2021-11-03 13:20:00,204,204,204,204,0
2021-11-03 13:21:00,204,204,204,204,0
2021-11-03 13:22:00,204,204,204,204,0
2021-11-03 13:23:00,204,204,204,204,0
2021-11-03 13:24:00,204,204,204,204,0
2021-11-03 13:25:00,204,204,204,204,0
2021-11-03 13:26:00,204,204,204,204,0
2021-11-03 13:27:00,204,204,204,204,0
2021-11-03 13:28:00,204,204,204,204,0
2021-11-03 13:29:00,204,204,204,204,0
2021-11-03 13:30:00,206,204,206,204,78100
2021-11-03 13:31:00,206,204,206,204,0
2021-11-03 13:32:00,206,204,206,204,0
2021-11-03 13:33:00,206,204,206,204,0
2021-11-03 13:34:00,206,204,206,204,0
2021-11-03 13:35:00,204,204,204,204,18800
2021-11-03 13:36:00,204,204,204,204,600
2021-11-03 13:37:00,204,204,204,204,0
2021-11-03 13:38:00,204,204,204,204,0
2021-11-03 13:39:00,204,204,204,204,0
2021-11-03 13:40:00,204,204,204,204,10000
2021-11-03 13:41:00,204,204,204,204,0
2021-11-03 13:42:00,204,204,204,204,0
2021-11-03 13:43:00,206,206,206,206,24200
2021-11-03 13:44:00,206,206,206,206,0
2021-11-03 13:45:00,206,206,206,206,0
2021-11-03 13:46:00,206,206,206,206,100
2021-11-03 13:47:00,206,206,206,206,0
2021-11-03 13:48:00,206,206,206,206,0
2021-11-03 13:49:00,206,206,206,206,500
2021-11-03 13:50:00,206,206,206,206,0
2021-11-03 13:51:00,206,206,206,206,0
2021-11-03 13:52:00,206,206,206,206,0
2021-11-03 13:53:00,204,204,204,204,200
2021-11-03 13:54:00,204,204,204,204,0
2021-11-03 13:55:00,204,204,204,204,2500
2021-11-03 13:56:00,204,204,204,204,0
2021-11-03 13:57:00,204,204,204,204,0
2021-11-03 13:58:00,204,204,206,206,7000
2021-11-03 13:59:00,206,204,206,206,11800
2021-11-03 14:00:00,206,204,206,206,0
2021-11-03 14:01:00,206,204,206,206,0
2021-11-03 14:02:00,206,204,206,206,0
2021-11-03 14:03:00,206,204,206,204,5300
2021-11-03 14:04:00,206,204,206,204,0
2021-11-03 14:05:00,206,206,206,206,100
2021-11-03 14:06:00,206,206,206,206,0
2021-11-03 14:07:00,206,206,206,206,0
2021-11-03 14:08:00,206,206,206,206,0
2021-11-03 14:09:00,206,206,206,206,0
2021-11-03 14:10:00,206,206,206,206,0
2021-11-03 14:11:00,206,206,206,206,0
2021-11-03 14:12:00,206,206,206,206,0
2021-11-03 14:13:00,206,206,206,206,3000
2021-11-03 14:14:00,206,206,206,206,2000
2021-11-03 14:15:00,204,204,204,204,300
2021-11-03 14:16:00,204,204,204,204,2000
2021-11-03 14:17:00,204,204,204,204,0
2021-11-03 14:18:00,206,206,206,206,4200
2021-11-03 14:19:00,206,206,206,206,0
2021-11-03 14:20:00,206,206,206,206,0
2021-11-03 14:21:00,204,204,204,204,76400
2021-11-03 14:22:00,204,204,204,204,0
2021-11-03 14:23:00,204,204,204,204,82000
2021-11-03 14:24:00,204,204,204,204,4200
2021-11-03 14:25:00,204,204,204,204,20000
2021-11-03 14:26:00,206,206,206,206,500
2021-11-03 14:27:00,204,204,204,204,3500
2021-11-03 14:28:00,204,204,204,204,3000
2021-11-03 14:29:00,204,204,204,204,1000
2021-11-03 14:30:00,204,204,204,204,30000
2021-11-03 14:31:00,204,204,204,204,0
2021-11-03 14:32:00,204,204,204,204,0
2021-11-03 14:33:00,204,204,204,204,0
2021-11-03 14:34:00,204,204,204,204,300
2021-11-03 14:35:00,204,204,204,204,500
2021-11-03 14:36:00,206,206,208,208,1088500
2021-11-03 14:37:00,208,208,208,208,27500
2021-11-03 14:38:00,208,208,208,208,36100
2021-11-03 14:39:00,210,208,210,208,60000
2021-11-03 14:40:00,210,210,210,210,2500
2021-11-03 14:41:00,210,210,210,210,2500
2021-11-03 14:42:00,210,210,210,210,2000
2021-11-03 14:43:00,210,208,210,210,137100
2021-11-03 14:44:00,208,208,208,208,17300
2021-11-03 14:45:00,208,208,210,210,41200
2021-11-03 14:46:00,210,208,210,208,9000
2021-11-03 14:47:00,208,208,208,208,184800
2021-11-03 14:48:00,208,208,210,208,28900
2021-11-03 14:49:00,210,210,210,210,8000
2021-11-03 14:50:00,210,210,210,210,0
2021-11-03 14:51:00,210,210,210,210,0
2021-11-03 14:52:00,210,210,210,210,0
2021-11-03 14:53:00,210,210,210,210,0
2021-11-03 14:54:00,210,210,210,210,0
2021-11-03 14:55:00,210,210,210,210,0
2021-11-03 14:56:00,210,210,210,210,0
2021-11-03 14:57:00,210,210,210,210,0
2021-11-03 14:58:00,210,210,210,210,0
2021-11-03 14:59:00,210,210,210,210,0
2021-11-03 15:00:00,208,208,208,208,1104300
2021-11-03 15:01:00,208,208,208,208,0
2021-11-03 15:02:00,208,208,208,208,0
2021-11-03 15:03:00,208,208,208,208,0
2021-11-03 15:04:00,208,208,208,208,0
2021-11-03 15:05:00,208,208,208,208,70800
2021-11-03 15:06:00,208,208,208,208,3500
2021-11-03 15:07:00,208,208,208,208,1000
2021-11-03 15:08:00,208,208,208,208,20000
2021-11-03 15:09:00,208,208,208,208,0
2021-11-03 15:10:00,208,208,208,208,0
2021-11-03 15:11:00,208,208,208,208,0
2021-11-03 15:12:00,208,208,208,208,0
2021-11-03 15:13:00,208,208,208,208,3900
2021-11-03 15:14:00,208,208,208,208,0
2021-11-03 15:15:00,208,208,208,208,0
2021-11-03 15:16:00,208,208,208,208,0
2021-11-03 15:17:00,208,208,208,208,0
2021-11-03 15:18:00,208,208,208,208,0
2021-11-03 15:19:00,208,208,208,208,0
2021-11-03 15:20:00,208,208,208,208,0
2021-11-03 15:21:00,208,208,208,208,0
2021-11-03 15:22:00,208,208,208,208,0
2021-11-03 15:23:00,208,208,208,208,0
2021-11-03 15:24:00,208,208,208,208,0
2021-11-03 15:25:00,208,208,208,208,0
2021-11-03 15:26:00,208,208,208,208,0
2021-11-03 15:27:00,208,208,208,208,0
2021-11-03 15:28:00,208,208,208,208,0
2021-11-03 15:29:00,208,208,208,208,0
2021-11-03 15:30:00,208,208,208,208,0
2021-11-03 15:31:00,208,208,208,208,0
2021-11-03 15:32:00,208,208,208,208,0
2021-11-03 15:33:00,208,208,208,208,0
2021-11-03 15:34:00,208,208,208,208,0
2021-11-03 15:35:00,208,208,208,208,0
2021-11-03 15:36:00,208,208,208,208,0
2021-11-03 15:37:00,208,208,208,208,0
2021-11-03 15:38:00,208,208,208,208,0
2021-11-03 15:39:00,208,208,208,208,0
2021-11-03 15:40:00,208,208,208,208,0
2021-11-03 15:41:00,208,208,208,208,0
2021-11-03 15:42:00,208,208,208,208,0
2021-11-03 15:43:00,208,208,208,208,0
2021-11-03 15:44:00,208,208,208,208,0
2021-11-03 15:45:00,208,208,208,208,0
2021-11-03 15:46:00,208,208,208,208,0
2021-11-03 15:47:00,208,208,208,208,0
2021-11-03 15:48:00,208,208,208,208,0
2021-11-03 15:49:00,208,208,208,208,0
2021-11-03 15:50:00,208,208,208,208,0
2021-11-03 15:51:00,208,208,208,208,0
2021-11-03 15:52:00,208,208,208,208,0
2021-11-03 15:53:00,208,208,208,208,0
2021-11-03 15:54:00,208,208,208,208,0
2021-11-03 15:55:00,208,208,208,208,0
2021-11-03 15:56:00,208,208,208,208,0
2021-11-03 15:57:00,208,208,208,208,0
2021-11-03 15:58:00,208,208,208,208,0
2021-11-03 15:59:00,208,208,208,208,0
2021-11-04 09:00:00,210,208,210,208,0
2021-11-04 09:01:00,210,210,210,210,4400
2021-11-04 09:02:00,208,206,208,206,7200
2021-11-04 09:03:00,208,206,208,206,89000
2021-11-04 09:04:00,206,206,206,206,48100
2021-11-04 09:05:00,208,208,208,208,89000
2021-11-04 09:06:00,210,210,210,210,50000
2021-11-04 09:07:00,210,208,210,208,120000
2021-11-04 09:08:00,210,208,210,208,0
2021-11-04 09:09:00,210,208,210,208,0
2021-11-04 09:10:00,210,208,210,208,0
2021-11-04 09:11:00,210,208,210,208,0
2021-11-04 09:12:00,210,208,210,208,0
2021-11-04 09:13:00,210,208,210,208,0
2021-11-04 09:14:00,210,210,210,210,20000
2021-11-04 09:15:00,210,210,210,210,28800
2021-11-04 09:16:00,210,210,210,210,5000
2021-11-04 09:17:00,210,210,210,210,0
2021-11-04 09:18:00,210,210,210,210,0
2021-11-04 09:19:00,210,210,210,210,0
2021-11-04 09:20:00,210,210,210,210,1000
2021-11-04 09:21:00,208,208,208,208,162500
2021-11-04 09:22:00,208,208,208,208,5000
2021-11-04 09:23:00,208,208,208,208,50000
2021-11-04 09:24:00,208,208,208,208,2100
2021-11-04 09:25:00,208,208,208,208,234100
2021-11-04 09:26:00,208,208,208,208,100
2021-11-04 09:27:00,208,208,208,208,900
2021-11-04 09:28:00,208,208,208,208,0
2021-11-04 09:29:00,208,208,208,208,0
2021-11-04 09:30:00,208,208,208,208,0
2021-11-04 09:31:00,208,208,210,210,54500
2021-11-04 09:32:00,210,210,210,210,161300
2021-11-04 09:33:00,210,210,210,210,2500
2021-11-04 09:34:00,210,210,212,210,287600
2021-11-04 09:35:00,210,210,210,210,39900
2021-11-04 09:36:00,210,208,210,208,19200
2021-11-04 09:37:00,208,208,208,208,100
2021-11-04 09:38:00,208,208,208,208,63100
2021-11-04 09:39:00,210,210,210,210,3000
2021-11-04 09:40:00,210,210,210,210,0
2021-11-04 09:41:00,210,210,210,210,0
2021-11-04 09:42:00,210,210,210,210,4000
2021-11-04 09:43:00,210,210,210,210,5000
2021-11-04 09:44:00,210,210,210,210,0
2021-11-04 09:45:00,210,210,210,210,0
2021-11-04 09:46:00,208,208,208,208,19800
2021-11-04 09:47:00,208,208,208,208,2000
2021-11-04 09:48:00,208,208,208,208,2000
2021-11-04 09:49:00,208,208,208,208,130800
2021-11-04 09:50:00,208,208,208,208,0
2021-11-04 09:51:00,208,208,208,208,2000
2021-11-04 09:52:00,208,208,208,208,2500
2021-11-04 09:53:00,208,208,208,208,0
2021-11-04 09:54:00,208,208,208,208,2500
2021-11-04 09:55:00,208,208,208,208,500
2021-11-04 09:56:00,208,208,208,208,0
2021-11-04 09:57:00,208,208,208,208,0
2021-11-04 09:58:00,208,208,208,208,10000
2021-11-04 09:59:00,208,208,208,208,0
2021-11-04 10:00:00,210,210,210,210,4000
2021-11-04 10:01:00,210,210,210,210,0
2021-11-04 10:02:00,210,210,210,210,0
2021-11-04 10:03:00,210,210,210,210,0
2021-11-04 10:04:00,210,210,210,210,30500
2021-11-04 10:05:00,210,210,210,210,1000
2021-11-04 10:06:00,210,210,210,210,0
2021-11-04 10:07:00,210,210,210,210,100
2021-11-04 10:08:00,210,210,210,210,235400
2021-11-04 10:09:00,210,210,212,212,842300
2021-11-04 10:10:00,212,212,214,212,162900
2021-11-04 10:11:00,212,212,212,212,12500
2021-11-04 10:12:00,212,212,212,212,0
2021-11-04 10:13:00,210,210,210,210,155900
2021-11-04 10:14:00,210,210,210,210,41500
2021-11-04 10:15:00,210,210,210,210,158300
2021-11-04 10:16:00,210,210,210,210,0
2021-11-04 10:17:00,212,212,212,212,400000
2021-11-04 10:18:00,212,212,212,212,0
2021-11-04 10:19:00,210,210,210,210,11700
2021-11-04 10:20:00,210,210,210,210,1800
2021-11-04 10:21:00,210,210,210,210,0
2021-11-04 10:22:00,210,210,210,210,10000
2021-11-04 10:23:00,210,210,210,210,11000
2021-11-04 10:24:00,210,210,210,210,9600
2021-11-04 10:25:00,210,210,210,210,0
2021-11-04 10:26:00,210,210,210,210,34900
2021-11-04 10:27:00,210,210,210,210,10900
2021-11-04 10:28:00,210,210,210,210,0
2021-11-04 10:29:00,208,208,208,208,10000
2021-11-04 10:30:00,208,208,208,208,4800
2021-11-04 10:31:00,208,208,208,208,0
2021-11-04 10:32:00,208,208,208,208,0
2021-11-04 10:33:00,208,208,208,208,118400
2021-11-04 10:34:00,208,208,208,208,0
2021-11-04 10:35:00,208,208,208,208,0
2021-11-04 10:36:00,208,208,208,208,10000
2021-11-04 10:37:00,208,208,208,208,0
2021-11-04 10:38:00,210,210,210,210,70000
2021-11-04 10:39:00,210,208,210,208,200
2021-11-04 10:40:00,210,208,210,208,0
2021-11-04 10:41:00,210,208,210,208,0
2021-11-04 10:42:00,208,208,208,208,24200
2021-11-04 10:43:00,208,208,208,208,500
2021-11-04 10:44:00,208,208,208,208,0
2021-11-04 10:45:00,208,208,208,208,0
2021-11-04 10:46:00,208,208,208,208,0
2021-11-04 10:47:00,208,208,208,208,0
2021-11-04 10:48:00,208,208,208,208,0
2021-11-04 10:49:00,210,210,210,210,7000
2021-11-04 10:50:00,210,210,210,210,0
2021-11-04 10:51:00,210,210,210,210,4200
2021-11-04 10:52:00,210,210,210,210,0
2021-11-04 10:53:00,210,210,210,210,0
2021-11-04 10:54:00,210,210,210,210,0
2021-11-04 10:55:00,210,210,210,210,0
2021-11-04 10:56:00,210,210,210,210,107500
2021-11-04 10:57:00,210,210,210,210,0
2021-11-04 10:58:00,210,210,210,210,0
2021-11-04 10:59:00,210,210,210,210,0
2021-11-04 11:00:00,210,210,210,210,0
2021-11-04 11:01:00,210,210,210,210,0
2021-11-04 11:02:00,210,206,210,206,252600
2021-11-04 11:03:00,208,208,208,208,200
2021-11-04 11:04:00,208,208,208,208,0
2021-11-04 11:05:00,208,208,208,208,0
2021-11-04 11:06:00,208,208,208,208,0
2021-11-04 11:07:00,208,208,208,208,0
2021-11-04 11:08:00,208,208,208,208,100000
2021-11-04 11:09:00,208,208,208,208,0
2021-11-04 11:10:00,208,208,208,208,0
2021-11-04 11:11:00,208,208,208,208,0
2021-11-04 11:12:00,208,208,208,208,100
2021-11-04 11:13:00,208,208,208,208,0
2021-11-04 11:14:00,208,208,208,208,0
2021-11-04 11:15:00,208,208,208,208,100
2021-11-04 11:16:00,208,208,208,208,151900
2021-11-04 11:17:00,208,208,208,208,0
2021-11-04 11:18:00,208,208,208,208,4400
2021-11-04 11:19:00,208,208,208,208,2000
2021-11-04 11:20:00,210,210,210,210,1700
2021-11-04 11:21:00,210,210,210,210,0
2021-11-04 11:22:00,208,208,208,208,100
2021-11-04 11:23:00,208,208,208,208,0
2021-11-04 11:24:00,208,208,208,208,0
2021-11-04 11:25:00,208,208,208,208,0
2021-11-04 11:26:00,208,208,208,208,0
2021-11-04 11:27:00,208,208,208,208,0
2021-11-04 11:28:00,210,210,210,210,100
2021-11-04 11:29:00,210,210,210,210,0
2021-11-04 11:30:00,210,210,210,210,0
2021-11-04 11:31:00,210,210,210,210,0
2021-11-04 11:32:00,210,210,210,210,0
2021-11-04 11:33:00,210,210,210,210,0
2021-11-04 11:34:00,210,210,210,210,0
2021-11-04 11:35:00,210,210,210,210,0
2021-11-04 11:36:00,210,210,210,210,0
2021-11-04 11:37:00,210,210,210,210,0
2021-11-04 11:38:00,210,210,210,210,0
2021-11-04 11:39:00,210,210,210,210,0
2021-11-04 11:40:00,210,210,210,210,0
2021-11-04 11:41:00,210,210,210,210,0
2021-11-04 11:42:00,210,210,210,210,0
2021-11-04 11:43:00,210,210,210,210,0
2021-11-04 11:44:00,210,210,210,210,0
2021-11-04 11:45:00,210,210,210,210,0
2021-11-04 11:46:00,210,210,210,210,0
2021-11-04 11:47:00,210,210,210,210,0
2021-11-04 11:48:00,210,210,210,210,0
2021-11-04 11:49:00,210,210,210,210,0
2021-11-04 11:50:00,210,210,210,210,0
2021-11-04 11:51:00,210,210,210,210,0
2021-11-04 11:52:00,210,210,210,210,0
2021-11-04 11:53:00,210,210,210,210,0
2021-11-04 11:54:00,210,210,210,210,0
2021-11-04 11:55:00,210,210,210,210,0
2021-11-04 11:56:00,210,210,210,210,0
2021-11-04 11:57:00,210,210,210,210,0
2021-11-04 11:58:00,210,210,210,210,0
2021-11-04 11:59:00,210,210,210,210,0
2021-11-04 12:00:00,210,210,210,210,0
2021-11-04 12:01:00,210,210,210,210,0
2021-11-04 12:02:00,210,210,210,210,0
2021-11-04 12:03:00,210,210,210,210,0
2021-11-04 12:04:00,210,210,210,210,0
2021-11-04 12:05:00,210,210,210,210,0
2021-11-04 12:06:00,210,210,210,210,0
2021-11-04 12:07:00,210,210,210,210,0
2021-11-04 12:08:00,210,210,210,210,0
2021-11-04 12:09:00,210,210,210,210,0
2021-11-04 12:10:00,210,210,210,210,0
2021-11-04 12:11:00,210,210,210,210,0
2021-11-04 12:12:00,210,210,210,210,0
2021-11-04 12:13:00,210,210,210,210,0
2021-11-04 12:14:00,210,210,210,210,0
2021-11-04 12:15:00,210,210,210,210,0
2021-11-04 12:16:00,210,210,210,210,0
2021-11-04 12:17:00,210,210,210,210,0
2021-11-04 12:18:00,210,210,210,210,0
2021-11-04 12:19:00,210,210,210,210,0
2021-11-04 12:20:00,210,210,210,210,0
2021-11-04 12:21:00,210,210,210,210,0
2021-11-04 12:22:00,210,210,210,210,0
2021-11-04 12:23:00,210,210,210,210,0
2021-11-04 12:24:00,210,210,210,210,0
2021-11-04 12:25:00,210,210,210,210,0
2021-11-04 12:26:00,210,210,210,210,0
2021-11-04 12:27:00,210,210,210,210,0
2021-11-04 12:28:00,210,210,210,210,0
2021-11-04 12:29:00,210,210,210,210,0
2021-11-04 12:30:00,210,210,210,210,0
2021-11-04 12:31:00,210,210,210,210,0
2021-11-04 12:32:00,210,210,210,210,0
2021-11-04 12:33:00,210,210,210,210,0
2021-11-04 12:34:00,210,210,210,210,0
2021-11-04 12:35:00,210,210,210,210,0
2021-11-04 12:36:00,210,210,210,210,0
2021-11-04 12:37:00,210,210,210,210,0
2021-11-04 12:38:00,210,210,210,210,0
2021-11-04 12:39:00,210,210,210,210,0
2021-11-04 12:40:00,210,210,210,210,0
2021-11-04 12:41:00,210,210,210,210,0
2021-11-04 12:42:00,210,210,210,210,0
2021-11-04 12:43:00,210,210,210,210,0
2021-11-04 12:44:00,210,210,210,210,0
2021-11-04 12:45:00,210,210,210,210,0
2021-11-04 12:46:00,210,210,210,210,0
2021-11-04 12:47:00,210,210,210,210,0
2021-11-04 12:48:00,210,210,210,210,0
2021-11-04 12:49:00,210,210,210,210,0
2021-11-04 12:50:00,210,210,210,210,0
2021-11-04 12:51:00,210,210,210,210,0
2021-11-04 12:52:00,210,210,210,210,0
2021-11-04 12:53:00,210,210,210,210,0
2021-11-04 12:54:00,210,210,210,210,0
2021-11-04 12:55:00,210,210,210,210,0
2021-11-04 12:56:00,210,210,210,210,0
2021-11-04 12:57:00,210,210,210,210,0
2021-11-04 12:58:00,210,210,210,210,0
2021-11-04 12:59:00,210,210,210,210,0
2021-11-04 13:00:00,210,210,210,210,0
2021-11-04 13:01:00,210,210,210,210,0
2021-11-04 13:02:00,210,210,210,210,0
2021-11-04 13:03:00,210,210,210,210,0
2021-11-04 13:04:00,210,210,210,210,0
2021-11-04 13:05:00,210,210,210,210,0
2021-11-04 13:06:00,210,210,210,210,0
2021-11-04 13:07:00,210,210,210,210,0
2021-11-04 13:08:00,210,210,210,210,0
2021-11-04 13:09:00,210,210,210,210,0
2021-11-04 13:10:00,210,210,210,210,0
2021-11-04 13:11:00,210,210,210,210,0
2021-11-04 13:12:00,210,210,210,210,0
2021-11-04 13:13:00,210,210,210,210,0
2021-11-04 13:14:00,210,210,210,210,0
2021-11-04 13:15:00,210,210,210,210,0
2021-11-04 13:16:00,210,210,210,210,0
2021-11-04 13:17:00,210,210,210,210,0
2021-11-04 13:18:00,210,210,210,210,0
2021-11-04 13:19:00,210,210,210,210,0
2021-11-04 13:20:00,210,210,210,210,0
2021-11-04 13:21:00,210,210,210,210,0
2021-11-04 13:22:00,210,210,210,210,0
2021-11-04 13:23:00,210,210,210,210,0
2021-11-04 13:24:00,210,210,210,210,0
2021-11-04 13:25:00,210,210,210,210,0
2021-11-04 13:26:00,210,210,210,210,0
2021-11-04 13:27:00,210,210,210,210,0
2021-11-04 13:28:00,210,210,210,210,0
2021-11-04 13:29:00,210,210,210,210,0
2021-11-04 13:30:00,210,208,210,208,13000
2021-11-04 13:31:00,210,208,210,208,0
2021-11-04 13:32:00,210,208,210,208,0
2021-11-04 13:33:00,210,208,210,208,0
2021-11-04 13:34:00,208,208,208,208,73500
2021-11-04 13:35:00,208,208,208,208,1000
2021-11-04 13:36:00,208,208,208,208,0
2021-11-04 13:37:00,210,210,210,210,23700
2021-11-04 13:38:00,210,210,210,210,0
2021-11-04 13:39:00,210,210,210,210,0
2021-11-04 13:40:00,210,208,210,208,55100
2021-11-04 13:41:00,210,208,210,208,1300
2021-11-04 13:42:00,210,210,210,210,100
2021-11-04 13:43:00,210,210,210,210,0
2021-11-04 13:44:00,210,210,210,210,0
2021-11-04 13:45:00,210,210,210,210,0
2021-11-04 13:46:00,210,210,210,210,0
2021-11-04 13:47:00,210,210,210,210,0
2021-11-04 13:48:00,210,210,210,210,0
2021-11-04 13:49:00,210,210,210,210,0
2021-11-04 13:50:00,208,208,208,208,100000
2021-11-04 13:51:00,208,208,208,208,5000
2021-11-04 13:52:00,208,208,208,208,0
2021-11-04 13:53:00,208,208,208,208,2500
2021-11-04 13:54:00,208,208,208,208,44700
2021-11-04 13:55:00,208,208,208,208,169300
2021-11-04 13:56:00,206,206,206,206,21500
2021-11-04 13:57:00,206,206,206,206,0
2021-11-04 13:58:00,206,206,206,206,0
2021-11-04 13:59:00,206,206,206,206,0
2021-11-04 14:00:00,206,206,206,206,120000
2021-11-04 14:01:00,206,206,206,206,0
2021-11-04 14:02:00,206,206,206,206,0
2021-11-04 14:03:00,206,206,206,206,90000
2021-11-04 14:04:00,206,206,206,206,0
2021-11-04 14:05:00,206,206,206,206,100000
2021-11-04 14:06:00,206,206,206,206,500
2021-11-04 14:07:00,206,206,206,206,0
2021-11-04 14:08:00,206,206,206,206,75000
2021-11-04 14:09:00,206,206,206,206,0
2021-11-04 14:10:00,206,206,206,206,0
2021-11-04 14:11:00,206,206,208,208,5500
2021-11-04 14:12:00,206,206,206,206,10000
2021-11-04 14:13:00,206,206,206,206,0
2021-11-04 14:14:00,206,206,206,206,0
2021-11-04 14:15:00,206,206,206,206,20000
2021-11-04 14:16:00,206,206,206,206,0
2021-11-04 14:17:00,206,206,206,206,0
2021-11-04 14:18:00,206,206,206,206,0
2021-11-04 14:19:00,206,206,206,206,5000
2021-11-04 14:20:00,206,206,206,206,0
2021-11-04 14:21:00,206,206,206,206,0
2021-11-04 14:22:00,206,206,206,206,0
2021-11-04 14:23:00,206,206,206,206,0
2021-11-04 14:24:00,206,206,206,206,0
2021-11-04 14:25:00,206,206,208,208,39000
2021-11-04 14:26:00,206,206,208,208,0
2021-11-04 14:27:00,206,206,208,208,0
2021-11-04 14:28:00,206,206,208,208,0
2021-11-04 14:29:00,208,208,208,208,5000
2021-11-04 14:30:00,208,208,208,208,5000
2021-11-04 14:31:00,208,208,208,208,0
2021-11-04 14:32:00,208,208,208,208,0
2021-11-04 14:33:00,208,206,208,206,6400
2021-11-04 14:34:00,208,208,208,208,8600
2021-11-04 14:35:00,208,208,208,208,0
2021-11-04 14:36:00,208,208,208,208,0
2021-11-04 14:37:00,206,206,208,208,19500
2021-11-04 14:38:00,208,206,208,206,118200
2021-11-04 14:39:00,208,206,208,206,0
2021-11-04 14:40:00,208,206,208,206,0
2021-11-04 14:41:00,208,206,208,206,50100
2021-11-04 14:42:00,208,206,208,206,0
2021-11-04 14:43:00,206,206,206,206,12500
2021-11-04 14:44:00,206,206,206,206,0
2021-11-04 14:45:00,206,206,206,206,0
2021-11-04 14:46:00,208,206,208,206,10900
2021-11-04 14:47:00,208,208,208,208,500
2021-11-04 14:48:00,208,208,208,208,13000
2021-11-04 14:49:00,206,206,208,206,3900
2021-11-04 14:50:00,206,206,208,206,0
2021-11-04 14:51:00,206,206,208,206,0
2021-11-04 14:52:00,206,206,208,206,0
2021-11-04 14:53:00,206,206,208,206,0
2021-11-04 14:54:00,206,206,208,206,0
2021-11-04 14:55:00,206,206,208,206,0
2021-11-04 14:56:00,206,206,208,206,0
2021-11-04 14:57:00,206,206,208,206,0
2021-11-04 14:58:00,206,206,208,206,0
2021-11-04 14:59:00,206,206,208,206,0
2021-11-04 15:00:00,208,208,208,208,651400
2021-11-04 15:01:00,208,208,208,208,0
2021-11-04 15:02:00,208,208,208,208,0
2021-11-04 15:03:00,208,208,208,208,0
2021-11-04 15:04:00,208,208,208,208,0
2021-11-04 15:05:00,208,208,208,208,5300
2021-11-04 15:06:00,208,208,208,208,0
2021-11-04 15:07:00,208,208,208,208,0
2021-11-04 15:08:00,208,208,208,208,0
2021-11-04 15:09:00,208,208,208,208,0
2021-11-04 15:10:00,208,208,208,208,6653400
2021-11-04 15:11:00,208,208,208,208,66000
2021-11-04 15:12:00,208,208,208,208,0
2021-11-04 15:13:00,208,208,208,208,0
2021-11-04 15:14:00,208,208,208,208,15000
2021-11-04 15:15:00,208,208,208,208,0
2021-11-04 15:16:00,208,208,208,208,0
2021-11-04 15:17:00,208,208,208,208,0
2021-11-04 15:18:00,208,208,208,208,0
2021-11-04 15:19:00,208,208,208,208,0
2021-11-04 15:20:00,208,208,208,208,0
2021-11-04 15:21:00,208,208,208,208,0
2021-11-04 15:22:00,208,208,208,208,0
2021-11-04 15:23:00,208,208,208,208,0
2021-11-04 15:24:00,208,208,208,208,0
2021-11-04 15:25:00,208,208,208,208,0
2021-11-04 15:26:00,208,208,208,208,0
2021-11-04 15:27:00,208,208,208,208,0
2021-11-04 15:28:00,208,208,208,208,0
2021-11-04 15:29:00,208,208,208,208,0
2021-11-04 15:30:00,208,208,208,208,0
2021-11-04 15:31:00,208,208,208,208,0
2021-11-04 15:32:00,208,208,208,208,0
2021-11-04 15:33:00,208,208,208,208,0
2021-11-04 15:34:00,208,208,208,208,0
2021-11-04 15:35:00,208,208,208,208,0
2021-11-04 15:36:00,208,208,208,208,0
2021-11-04 15:37:00,208,208,208,208,0
2021-11-04 15:38:00,208,208,208,208,0
2021-11-04 15:39:00,208,208,208,208,0
2021-11-04 15:40:00,208,208,208,208,0
2021-11-04 15:41:00,208,208,208,208,0
2021-11-04 15:42:00,208,208,208,208,0
2021-11-04 15:43:00,208,208,208,208,0
2021-11-04 15:44:00,208,208,208,208,0
2021-11-04 15:45:00,208,208,208,208,0
2021-11-04 15:46:00,208,208,208,208,0
2021-11-04 15:47:00,208,208,208,208,0
2021-11-04 15:48:00,208,208,208,208,0
2021-11-04 15:49:00,208,208,208,208,0
2021-11-04 15:50:00,208,208,208,208,0
2021-11-04 15:51:00,208,208,208,208,0
2021-11-04 15:52:00,208,208,208,208,0
2021-11-04 15:53:00,208,208,208,208,0
2021-11-04 15:54:00,208,208,208,208,0
2021-11-04 15:55:00,208,208,208,208,0
2021-11-04 15:56:00,208,208,208,208,0
2021-11-04 15:57:00,208,208,208,208,0
2021-11-04 15:58:00,208,208,208,208,0
2021-11-04 15:59:00,208,208,208,208,0
2021-11-05 09:00:00,208,208,208,208,0
2021-11-05 09:01:00,208,208,208,208,0
2021-11-05 09:02:00,208,208,210,210,2800
2021-11-05 09:03:00,210,210,210,210,2800
2021-11-05 09:04:00,210,210,210,210,14100
2021-11-05 09:05:00,208,208,208,208,200000
2021-11-05 09:06:00,208,208,208,208,0
2021-11-05 09:07:00,210,210,210,210,3200
2021-11-05 09:08:00,210,210,210,210,5000
2021-11-05 09:09:00,210,210,210,210,0
2021-11-05 09:10:00,208,208,208,208,100
2021-11-05 09:11:00,208,208,210,210,3500
2021-11-05 09:12:00,210,210,210,210,3600
2021-11-05 09:13:00,210,210,210,210,0
2021-11-05 09:14:00,208,208,208,208,10100
2021-11-05 09:15:00,208,208,208,208,35000
2021-11-05 09:16:00,208,208,208,208,5000
2021-11-05 09:17:00,208,208,208,208,0
2021-11-05 09:18:00,208,208,208,208,16200
2021-11-05 09:19:00,208,208,208,208,0
2021-11-05 09:20:00,208,208,208,208,5100
2021-11-05 09:21:00,208,208,208,208,0
2021-11-05 09:22:00,208,208,208,208,0
2021-11-05 09:23:00,208,208,208,208,3500
2021-11-05 09:24:00,208,208,208,208,52600
2021-11-05 09:25:00,208,208,208,208,0
2021-11-05 09:26:00,208,208,208,208,0
2021-11-05 09:27:00,208,208,208,208,2600
2021-11-05 09:28:00,208,208,208,208,0
2021-11-05 09:29:00,208,208,210,210,17000
2021-11-05 09:30:00,208,208,208,208,1500
2021-11-05 09:31:00,208,208,208,208,5000
2021-11-05 09:32:00,208,208,208,208,47000
2021-11-05 09:33:00,208,208,208,208,1300
2021-11-05 09:34:00,208,208,208,208,10000
2021-11-05 09:35:00,208,208,208,208,500
2021-11-05 09:36:00,208,208,208,208,30500
2021-11-05 09:37:00,208,208,208,208,0
2021-11-05 09:38:00,208,208,208,208,400
2021-11-05 09:39:00,208,208,208,208,2000
2021-11-05 09:40:00,208,208,208,208,100
2021-11-05 09:41:00,208,208,208,208,2000
2021-11-05 09:42:00,208,208,208,208,0
2021-11-05 09:43:00,208,208,208,208,0
2021-11-05 09:44:00,208,208,208,208,1500
2021-11-05 09:45:00,208,208,208,208,700
2021-11-05 09:46:00,208,208,208,208,0
2021-11-05 09:47:00,206,206,206,206,99200
2021-11-05 09:48:00,206,206,206,206,2300
2021-11-05 09:49:00,206,206,206,206,0
2021-11-05 09:50:00,206,206,206,206,0
2021-11-05 09:51:00,206,206,206,206,0
2021-11-05 09:52:00,206,206,206,206,100
2021-11-05 09:53:00,206,206,206,206,0
2021-11-05 09:54:00,206,206,206,206,0
2021-11-05 09:55:00,206,206,206,206,60000
2021-11-05 09:56:00,206,206,206,206,0
2021-11-05 09:57:00,206,206,206,206,0
2021-11-05 09:58:00,206,206,206,206,0
2021-11-05 09:59:00,206,206,206,206,0
2021-11-05 10:00:00,206,206,206,206,0
2021-11-05 10:01:00,206,206,206,206,0
2021-11-05 10:02:00,206,206,206,206,0
2021-11-05 10:03:00,206,206,206,206,0
2021-11-05 10:04:00,206,206,206,206,0
2021-11-05 10:05:00,206,206,206,206,0
2021-11-05 10:06:00,206,206,206,206,0
2021-11-05 10:07:00,206,206,206,206,0
2021-11-05 10:08:00,208,208,208,208,5000
2021-11-05 10:09:00,208,208,208,208,0
2021-11-05 10:10:00,208,208,208,208,0
2021-11-05 10:11:00,208,208,208,208,500
2021-11-05 10:12:00,208,208,208,208,0
2021-11-05 10:13:00,208,208,208,208,0
2021-11-05 10:14:00,208,208,208,208,0
2021-11-05 10:15:00,208,208,208,208,0
2021-11-05 10:16:00,208,208,208,208,0
2021-11-05 10:17:00,208,208,208,208,200
2021-11-05 10:18:00,208,208,208,208,0
2021-11-05 10:19:00,208,208,208,208,0
2021-11-05 10:20:00,208,208,208,208,1400
2021-11-05 10:21:00,208,208,208,208,2500
2021-11-05 10:22:00,208,208,208,208,0
2021-11-05 10:23:00,208,208,208,208,100
2021-11-05 10:24:00,208,208,208,208,0
2021-11-05 10:25:00,208,208,208,208,100
2021-11-05 10:26:00,208,208,208,208,0
2021-11-05 10:27:00,208,208,208,208,0
2021-11-05 10:28:00,208,208,208,208,1500
2021-11-05 10:29:00,206,206,206,206,20000
2021-11-05 10:30:00,206,206,206,206,0
2021-11-05 10:31:00,208,208,208,208,50000
2021-11-05 10:32:00,206,206,206,206,100
2021-11-05 10:33:00,206,206,206,206,0
2021-11-05 10:34:00,206,206,206,206,0
2021-11-05 10:35:00,208,208,208,208,3000
2021-11-05 10:36:00,208,208,208,208,0
2021-11-05 10:37:00,208,208,208,208,0
2021-11-05 10:38:00,208,208,208,208,0
2021-11-05 10:39:00,208,208,208,208,5000
2021-11-05 10:40:00,208,208,208,208,0
2021-11-05 10:41:00,208,208,208,208,0
2021-11-05 10:42:00,208,208,208,208,0
2021-11-05 10:43:00,208,208,208,208,0
2021-11-05 10:44:00,208,208,208,208,0
2021-11-05 10:45:00,208,208,208,208,3000
2021-11-05 10:46:00,208,208,208,208,0
2021-11-05 10:47:00,208,208,208,208,0
2021-11-05 10:48:00,208,208,208,208,0
2021-11-05 10:49:00,206,206,206,206,4500
2021-11-05 10:50:00,206,206,206,206,0
2021-11-05 10:51:00,206,206,206,206,0
2021-11-05 10:52:00,206,206,206,206,0
2021-11-05 10:53:00,206,206,206,206,0
2021-11-05 10:54:00,206,206,206,206,0
2021-11-05 10:55:00,206,206,206,206,0
2021-11-05 10:56:00,206,206,206,206,11300
2021-11-05 10:57:00,206,206,206,206,0
2021-11-05 10:58:00,206,206,206,206,0
2021-11-05 10:59:00,206,206,206,206,0
2021-11-05 11:00:00,206,206,206,206,0
2021-11-05 11:01:00,206,206,206,206,102200
2021-11-05 11:02:00,206,206,206,206,0
2021-11-05 11:03:00,206,206,206,206,19400
2021-11-05 11:04:00,206,206,206,206,0
2021-11-05 11:05:00,206,206,206,206,0
2021-11-05 11:06:00,206,206,206,206,0
2021-11-05 11:07:00,206,206,206,206,0
2021-11-05 11:08:00,206,206,206,206,0
2021-11-05 11:09:00,206,206,206,206,0
2021-11-05 11:10:00,206,206,206,206,0
2021-11-05 11:11:00,206,206,206,206,800
2021-11-05 11:12:00,206,206,206,206,0
2021-11-05 11:13:00,206,206,206,206,0
2021-11-05 11:14:00,206,206,206,206,0
2021-11-05 11:15:00,206,206,206,206,100000
2021-11-05 11:16:00,206,206,206,206,5000
2021-11-05 11:17:00,206,206,206,206,0
2021-11-05 11:18:00,206,206,206,206,0
2021-11-05 11:19:00,206,206,206,206,0
2021-11-05 11:20:00,206,206,206,206,0
2021-11-05 11:21:00,206,206,206,206,0
2021-11-05 11:22:00,206,206,206,206,0
2021-11-05 11:23:00,206,206,206,206,200
2021-11-05 11:24:00,206,206,206,206,0
2021-11-05 11:25:00,206,206,206,206,0
2021-11-05 11:26:00,206,206,206,206,0
2021-11-05 11:27:00,206,206,206,206,0
2021-11-05 11:28:00,206,206,206,206,0
2021-11-05 11:29:00,206,206,206,206,0
2021-11-05 11:30:00,206,206,206,206,0
2021-11-05 11:31:00,206,206,206,206,0
2021-11-05 11:32:00,206,206,206,206,0
2021-11-05 11:33:00,206,206,206,206,0
2021-11-05 11:34:00,206,206,206,206,0
2021-11-05 11:35:00,206,206,206,206,0
2021-11-05 11:36:00,206,206,206,206,0
2021-11-05 11:37:00,206,206,206,206,0
2021-11-05 11:38:00,206,206,206,206,0
2021-11-05 11:39:00,206,206,206,206,0
2021-11-05 11:40:00,206,206,206,206,0
2021-11-05 11:41:00,206,206,206,206,0
2021-11-05 11:42:00,206,206,206,206,0
2021-11-05 11:43:00,206,206,206,206,0
2021-11-05 11:44:00,206,206,206,206,0
2021-11-05 11:45:00,206,206,206,206,0
2021-11-05 11:46:00,206,206,206,206,0
2021-11-05 11:47:00,206,206,206,206,0
2021-11-05 11:48:00,206,206,206,206,0
2021-11-05 11:49:00,206,206,206,206,0
2021-11-05 11:50:00,206,206,206,206,0
2021-11-05 11:51:00,206,206,206,206,0
2021-11-05 11:52:00,206,206,206,206,0
2021-11-05 11:53:00,206,206,206,206,0
2021-11-05 11:54:00,206,206,206,206,0
2021-11-05 11:55:00,206,206,206,206,0
2021-11-05 11:56:00,206,206,206,206,0
2021-11-05 11:57:00,206,206,206,206,0
2021-11-05 11:58:00,206,206,206,206,0
2021-11-05 11:59:00,206,206,206,206,0
2021-11-05 12:00:00,206,206,206,206,0
2021-11-05 12:01:00,206,206,206,206,0
2021-11-05 12:02:00,206,206,206,206,0
2021-11-05 12:03:00,206,206,206,206,0
2021-11-05 12:04:00,206,206,206,206,0
2021-11-05 12:05:00,206,206,206,206,0
2021-11-05 12:06:00,206,206,206,206,0
2021-11-05 12:07:00,206,206,206,206,0
2021-11-05 12:08:00,206,206,206,206,0
2021-11-05 12:09:00,206,206,206,206,0
2021-11-05 12:10:00,206,206,206,206,0
2021-11-05 12:11:00,206,206,206,206,0
2021-11-05 12:12:00,206,206,206,206,0
2021-11-05 12:13:00,206,206,206,206,0
2021-11-05 12:14:00,206,206,206,206,0
2021-11-05 12:15:00,206,206,206,206,0
2021-11-05 12:16:00,206,206,206,206,0
2021-11-05 12:17:00,206,206,206,206,0
2021-11-05 12:18:00,206,206,206,206,0
2021-11-05 12:19:00,206,206,206,206,0
2021-11-05 12:20:00,206,206,206,206,0
2021-11-05 12:21:00,206,206,206,206,0
2021-11-05 12:22:00,206,206,206,206,0
2021-11-05 12:23:00,206,206,206,206,0
2021-11-05 12:24:00,206,206,206,206,0
2021-11-05 12:25:00,206,206,206,206,0
2021-11-05 12:26:00,206,206,206,206,0
2021-11-05 12:27:00,206,206,206,206,0
2021-11-05 12:28:00,206,206,206,206,0
2021-11-05 12:29:00,206,206,206,206,0
2021-11-05 12:30:00,206,206,206,206,0
2021-11-05 12:31:00,206,206,206,206,0
2021-11-05 12:32:00,206,206,206,206,0
2021-11-05 12:33:00,206,206,206,206,0
2021-11-05 12:34:00,206,206,206,206,0
2021-11-05 12:35:00,206,206,206,206,0
2021-11-05 12:36:00,206,206,206,206,0
2021-11-05 12:37:00,206,206,206,206,0
2021-11-05 12:38:00,206,206,206,206,0
2021-11-05 12:39:00,206,206,206,206,0
2021-11-05 12:40:00,206,206,206,206,0
2021-11-05 12:41:00,206,206,206,206,0
2021-11-05 12:42:00,206,206,206,206,0
2021-11-05 12:43:00,206,206,206,206,0
2021-11-05 12:44:00,206,206,206,206,0
2021-11-05 12:45:00,206,206,206,206,0
2021-11-05 12:46:00,206,206,206,206,0
2021-11-05 12:47:00,206,206,206,206,0
2021-11-05 12:48:00,206,206,206,206,0
2021-11-05 12:49:00,206,206,206,206,0
2021-11-05 12:50:00,206,206,206,206,0
2021-11-05 12:51:00,206,206,206,206,0
2021-11-05 12:52:00,206,206,206,206,0
2021-11-05 12:53:00,206,206,206,206,0
2021-11-05 12:54:00,206,206,206,206,0
2021-11-05 12:55:00,206,206,206,206,0
2021-11-05 12:56:00,206,206,206,206,0
2021-11-05 12:57:00,206,206,206,206,0
2021-11-05 12:58:00,206,206,206,206,0
2021-11-05 12:59:00,206,206,206,206,0
2021-11-05 13:00:00,206,206,206,206,0
2021-11-05 13:01:00,206,206,206,206,0
2021-11-05 13:02:00,206,206,206,206,0
2021-11-05 13:03:00,206,206,206,206,0
2021-11-05 13:04:00,206,206,206,206,0
2021-11-05 13:05:00,206,206,206,206,0
2021-11-05 13:06:00,206,206,206,206,0
2021-11-05 13:07:00,206,206,206,206,0
2021-11-05 13:08:00,206,206,206,206,0
2021-11-05 13:09:00,206,206,206,206,0
2021-11-05 13:10:00,206,206,206,206,0
2021-11-05 13:11:00,206,206,206,206,0
2021-11-05 13:12:00,206,206,206,206,0
2021-11-05 13:13:00,206,206,206,206,0
2021-11-05 13:14:00,206,206,206,206,0
2021-11-05 13:15:00,206,206,206,206,0
2021-11-05 13:16:00,206,206,206,206,0
2021-11-05 13:17:00,206,206,206,206,0
2021-11-05 13:18:00,206,206,206,206,0
2021-11-05 13:19:00,206,206,206,206,0
2021-11-05 13:20:00,206,206,206,206,0
2021-11-05 13:21:00,206,206,206,206,0
2021-11-05 13:22:00,206,206,206,206,0
2021-11-05 13:23:00,206,206,206,206,0
2021-11-05 13:24:00,206,206,206,206,0
2021-11-05 13:25:00,206,206,206,206,0
2021-11-05 13:26:00,206,206,206,206,0
2021-11-05 13:27:00,206,206,206,206,0
2021-11-05 13:28:00,206,206,206,206,0
2021-11-05 13:29:00,206,206,206,206,0
2021-11-05 13:30:00,208,206,208,206,39600
2021-11-05 13:31:00,206,206,206,206,2000
2021-11-05 13:32:00,206,206,206,206,0
2021-11-05 13:33:00,206,206,206,206,0
2021-11-05 13:34:00,206,206,206,206,0
2021-11-05 13:35:00,206,206,206,206,0
2021-11-05 13:36:00,206,206,206,206,0
2021-11-05 13:37:00,206,206,206,206,0
2021-11-05 13:38:00,206,206,206,206,0
2021-11-05 13:39:00,206,206,206,206,0
2021-11-05 13:40:00,206,206,206,206,0
2021-11-05 13:41:00,206,206,206,206,0
2021-11-05 13:42:00,206,206,206,206,0
2021-11-05 13:43:00,208,208,208,208,12500
2021-11-05 13:44:00,208,208,208,208,0
2021-11-05 13:45:00,208,208,208,208,0
2021-11-05 13:46:00,208,208,208,208,0
2021-11-05 13:47:00,208,208,208,208,0
2021-11-05 13:48:00,208,208,208,208,0
2021-11-05 13:49:00,208,208,208,208,0
2021-11-05 13:50:00,208,208,208,208,0
2021-11-05 13:51:00,208,208,208,208,0
2021-11-05 13:52:00,206,206,206,206,25000
2021-11-05 13:53:00,206,206,206,206,0
2021-11-05 13:54:00,206,206,206,206,0
2021-11-05 13:55:00,206,206,206,206,0
2021-11-05 13:56:00,206,206,206,206,0
2021-11-05 13:57:00,206,206,206,206,0
2021-11-05 13:58:00,206,206,206,206,0
2021-11-05 13:59:00,206,206,206,206,0
2021-11-05 14:00:00,206,206,206,206,19000
2021-11-05 14:01:00,206,206,206,206,0
2021-11-05 14:02:00,206,206,206,206,197000
2021-11-05 14:03:00,206,206,206,206,89100
2021-11-05 14:04:00,206,206,206,206,0
2021-11-05 14:05:00,206,206,206,206,0
2021-11-05 14:06:00,206,206,206,206,10000
2021-11-05 14:07:00,206,206,206,206,0
2021-11-05 14:08:00,206,206,206,206,0
2021-11-05 14:09:00,206,206,206,206,0
2021-11-05 14:10:00,206,206,206,206,2500
2021-11-05 14:11:00,206,206,206,206,0
2021-11-05 14:12:00,206,206,206,206,1000
2021-11-05 14:13:00,206,206,206,206,0
2021-11-05 14:14:00,206,206,206,206,0
2021-11-05 14:15:00,206,206,206,206,8300
2021-11-05 14:16:00,206,206,206,206,0
2021-11-05 14:17:00,208,208,208,208,100
2021-11-05 14:18:00,208,208,208,208,0
2021-11-05 14:19:00,208,208,208,208,0
2021-11-05 14:20:00,208,208,208,208,0
2021-11-05 14:21:00,208,208,208,208,0
2021-11-05 14:22:00,208,208,208,208,0
2021-11-05 14:23:00,206,206,206,206,2500
2021-11-05 14:24:00,206,206,206,206,0
2021-11-05 14:25:00,206,206,206,206,0
2021-11-05 14:26:00,206,206,206,206,0
2021-11-05 14:27:00,206,206,206,206,0
2021-11-05 14:28:00,206,206,206,206,4500
2021-11-05 14:29:00,206,206,206,206,0
2021-11-05 14:30:00,206,206,206,206,0
2021-11-05 14:31:00,206,206,206,206,7300
2021-11-05 14:32:00,206,206,206,206,0
2021-11-05 14:33:00,206,206,206,206,19100
2021-11-05 14:34:00,206,206,206,206,0
2021-11-05 14:35:00,206,206,206,206,0
2021-11-05 14:36:00,206,206,206,206,0
2021-11-05 14:37:00,206,206,206,206,5000
2021-11-05 14:38:00,206,206,206,206,0
2021-11-05 14:39:00,206,206,206,206,10000
2021-11-05 14:40:00,206,206,206,206,0
2021-11-05 14:41:00,206,206,206,206,0
2021-11-05 14:42:00,208,208,208,208,100
2021-11-05 14:43:00,208,208,208,208,0
2021-11-05 14:44:00,208,208,208,208,0
2021-11-05 14:45:00,208,208,208,208,0
2021-11-05 14:46:00,206,206,206,206,2500
2021-11-05 14:47:00,206,206,206,206,0
2021-11-05 14:48:00,206,206,206,206,1000
2021-11-05 14:49:00,206,206,208,208,124900
2021-11-05 14:50:00,206,206,208,208,0
2021-11-05 14:51:00,206,206,208,208,0
2021-11-05 14:52:00,206,206,208,208,0
2021-11-05 14:53:00,206,206,208,208,0
2021-11-05 14:54:00,206,206,208,208,0
2021-11-05 14:55:00,206,206,208,208,0
2021-11-05 14:56:00,206,206,208,208,0
2021-11-05 14:57:00,206,206,208,208,0
2021-11-05 14:58:00,206,206,208,208,0
2021-11-05 14:59:00,206,206,208,208,0
2021-11-05 15:00:00,208,208,208,208,28000
2021-11-05 15:01:00,208,208,208,208,0
2021-11-05 15:02:00,208,208,208,208,0
2021-11-05 15:03:00,208,208,208,208,0
2021-11-05 15:04:00,208,208,208,208,0
2021-11-05 15:05:00,208,208,208,208,100
2021-11-05 15:06:00,208,208,208,208,0
2021-11-05 15:07:00,208,208,208,208,1200
2021-11-05 15:08:00,208,208,208,208,0
2021-11-05 15:09:00,208,208,208,208,18500
2021-11-05 15:10:00,208,208,208,208,0
2021-11-05 15:11:00,208,208,208,208,10000
2021-11-05 15:12:00,208,208,208,208,0
2021-11-05 15:13:00,208,208,208,208,0
2021-11-05 15:14:00,208,208,208,208,0
2021-11-05 15:15:00,208,208,208,208,0
2021-11-05 15:16:00,208,208,208,208,0
2021-11-05 15:17:00,208,208,208,208,0
2021-11-05 15:18:00,208,208,208,208,0
2021-11-05 15:19:00,208,208,208,208,0
2021-11-05 15:20:00,208,208,208,208,0
2021-11-05 15:21:00,208,208,208,208,0
2021-11-05 15:22:00,208,208,208,208,0
2021-11-05 15:23:00,208,208,208,208,0
2021-11-05 15:24:00,208,208,208,208,0
2021-11-05 15:25:00,208,208,208,208,0
2021-11-05 15:26:00,208,208,208,208,0
2021-11-05 15:27:00,208,208,208,208,0
2021-11-05 15:28:00,208,208,208,208,0
2021-11-05 15:29:00,208,208,208,208,0
2021-11-05 15:30:00,208,208,208,208,0
2021-11-05 15:31:00,208,208,208,208,0
2021-11-05 15:32:00,208,208,208,208,0
2021-11-05 15:33:00,208,208,208,208,0
2021-11-05 15:34:00,208,208,208,208,0
2021-11-05 15:35:00,208,208,208,208,0
2021-11-05 15:36:00,208,208,208,208,0
2021-11-05 15:37:00,208,208,208,208,0
2021-11-05 15:38:00,208,208,208,208,0
2021-11-05 15:39:00,208,208,208,208,0
2021-11-05 15:40:00,208,208,208,208,0
2021-11-05 15:41:00,208,208,208,208,0
2021-11-05 15:42:00,208,208,208,208,0
2021-11-05 15:43:00,208,208,208,208,0
2021-11-05 15:44:00,208,208,208,208,0
2021-11-05 15:45:00,208,208,208,208,0
2021-11-05 15:46:00,208,208,208,208,0
2021-11-05 15:47:00,208,208,208,208,0
2021-11-05 15:48:00,208,208,208,208,0
2021-11-05 15:49:00,208,208,208,208,0
2021-11-05 15:50:00,208,208,208,208,0
2021-11-05 15:51:00,208,208,208,208,0
2021-11-05 15:52:00,208,208,208,208,0
2021-11-05 15:53:00,208,208,208,208,0
2021-11-05 15:54:00,208,208,208,208,0
2021-11-05 15:55:00,208,208,208,208,0
2021-11-05 15:56:00,208,208,208,208,0
2021-11-05 15:57:00,208,208,208,208,0
2021-11-05 15:58:00,208,208,208,208,0
2021-11-05 15:59:00,208,208,208,208,0
2021-11-08 09:00:00,210,208,210,208,0
2021-11-08 09:01:00,208,206,208,206,85100
2021-11-08 09:02:00,206,206,206,206,87100
2021-11-08 09:03:00,206,206,206,206,25000
2021-11-08 09:04:00,206,206,206,206,0
2021-11-08 09:05:00,206,206,206,206,0
2021-11-08 09:06:00,208,208,208,208,10000
2021-11-08 09:07:00,208,208,208,208,0
2021-11-08 09:08:00,208,208,208,208,0
2021-11-08 09:09:00,206,206,206,206,5000
2021-11-08 09:10:00,208,208,208,208,18300
2021-11-08 09:11:00,208,208,208,208,10100
2021-11-08 09:12:00,208,208,208,208,0
2021-11-08 09:13:00,208,208,208,208,1500
2021-11-08 09:14:00,206,206,206,206,6800
2021-11-08 09:15:00,206,206,208,208,18200
2021-11-08 09:16:00,208,208,208,208,10000
2021-11-08 09:17:00,208,208,208,208,2000
2021-11-08 09:18:00,208,208,208,208,1500
2021-11-08 09:19:00,208,208,208,208,0
2021-11-08 09:20:00,208,208,208,208,0
2021-11-08 09:21:00,208,208,208,208,100
2021-11-08 09:22:00,208,208,208,208,0
2021-11-08 09:23:00,208,206,208,206,7000
2021-11-08 09:24:00,208,206,208,206,0
2021-11-08 09:25:00,208,208,208,208,3000
2021-11-08 09:26:00,208,208,208,208,0
2021-11-08 09:27:00,206,206,208,208,6500
2021-11-08 09:28:00,206,206,206,206,11000
2021-11-08 09:29:00,206,206,206,206,0
2021-11-08 09:30:00,206,206,206,206,195300
2021-11-08 09:31:00,206,206,206,206,1000
2021-11-08 09:32:00,206,206,206,206,0
2021-11-08 09:33:00,206,206,206,206,5000
2021-11-08 09:34:00,208,208,208,208,700
2021-11-08 09:35:00,208,208,208,208,0
2021-11-08 09:36:00,208,208,208,208,50500
2021-11-08 09:37:00,208,206,208,206,12000
2021-11-08 09:38:00,208,208,208,208,100
2021-11-08 09:39:00,208,208,208,208,0
2021-11-08 09:40:00,208,208,208,208,0
2021-11-08 09:41:00,208,208,208,208,0
2021-11-08 09:42:00,208,208,208,208,0
2021-11-08 09:43:00,208,208,208,208,4000
2021-11-08 09:44:00,208,208,208,208,0
2021-11-08 09:45:00,208,208,208,208,0
2021-11-08 09:46:00,208,208,208,208,10000
2021-11-08 09:47:00,208,208,208,208,0
2021-11-08 09:48:00,206,206,208,208,500
2021-11-08 09:49:00,206,206,208,208,0
2021-11-08 09:50:00,206,206,208,208,0
2021-11-08 09:51:00,206,206,208,208,0
2021-11-08 09:52:00,208,208,208,208,10000
2021-11-08 09:53:00,208,208,208,208,20000
2021-11-08 09:54:00,208,208,208,208,0
2021-11-08 09:55:00,208,208,208,208,0
2021-11-08 09:56:00,208,208,208,208,100
2021-11-08 09:57:00,206,206,206,206,24400
2021-11-08 09:58:00,206,206,206,206,500
2021-11-08 09:59:00,206,206,206,206,0
2021-11-08 10:00:00,206,206,206,206,28800
2021-11-08 10:01:00,206,206,206,206,8000
2021-11-08 10:02:00,206,206,206,206,0
2021-11-08 10:03:00,206,206,206,206,4600
2021-11-08 10:04:00,206,206,206,206,0
2021-11-08 10:05:00,206,206,206,206,0
2021-11-08 10:06:00,206,206,206,206,2000
2021-11-08 10:07:00,206,206,206,206,5000
2021-11-08 10:08:00,206,206,206,206,0
2021-11-08 10:09:00,208,208,208,208,1000
2021-11-08 10:10:00,208,208,208,208,0
2021-11-08 10:11:00,208,208,208,208,0
2021-11-08 10:12:00,208,206,208,206,33000
2021-11-08 10:13:00,206,206,206,206,200
2021-11-08 10:14:00,206,206,206,206,5800
2021-11-08 10:15:00,206,206,206,206,5000
2021-11-08 10:16:00,206,206,206,206,0
2021-11-08 10:17:00,206,206,206,206,76400
2021-11-08 10:18:00,206,206,206,206,0
2021-11-08 10:19:00,206,206,206,206,0
2021-11-08 10:20:00,206,206,206,206,0
2021-11-08 10:21:00,206,206,206,206,0
2021-11-08 10:22:00,206,206,206,206,0
2021-11-08 10:23:00,208,208,208,208,20000
2021-11-08 10:24:00,208,208,208,208,0
2021-11-08 10:25:00,208,208,208,208,0
2021-11-08 10:26:00,208,208,208,208,0
2021-11-08 10:27:00,208,208,208,208,0
2021-11-08 10:28:00,208,208,208,208,0
2021-11-08 10:29:00,206,206,206,206,10900
2021-11-08 10:30:00,206,206,206,206,400
2021-11-08 10:31:00,206,206,206,206,2200
2021-11-08 10:32:00,206,206,206,206,6400
2021-11-08 10:33:00,206,206,206,206,10000
2021-11-08 10:34:00,208,208,208,208,100
2021-11-08 10:35:00,208,208,208,208,0
2021-11-08 10:36:00,208,208,208,208,0
2021-11-08 10:37:00,208,208,208,208,300
2021-11-08 10:38:00,206,206,206,206,23500
2021-11-08 10:39:00,206,206,206,206,5000
2021-11-08 10:40:00,206,206,206,206,0
2021-11-08 10:41:00,208,208,208,208,100
2021-11-08 10:42:00,208,208,208,208,0
2021-11-08 10:43:00,208,208,208,208,20000
2021-11-08 10:44:00,206,206,206,206,10800
2021-11-08 10:45:00,206,206,206,206,400
2021-11-08 10:46:00,208,208,208,208,100
2021-11-08 10:47:00,208,208,208,208,0
2021-11-08 10:48:00,208,208,208,208,500
2021-11-08 10:49:00,206,206,206,206,7600
2021-11-08 10:50:00,206,206,206,206,0
2021-11-08 10:51:00,206,206,206,206,0
2021-11-08 10:52:00,208,208,208,208,1100
2021-11-08 10:53:00,208,208,208,208,0
2021-11-08 10:54:00,208,208,208,208,6000
2021-11-08 10:55:00,208,208,208,208,3000
2021-11-08 10:56:00,208,208,208,208,25000
2021-11-08 10:57:00,208,208,208,208,13500
2021-11-08 10:58:00,208,208,208,208,0
2021-11-08 10:59:00,208,208,208,208,0
2021-11-08 11:00:00,208,208,208,208,0
2021-11-08 11:01:00,208,208,208,208,0
2021-11-08 11:02:00,206,206,206,206,19600
2021-11-08 11:03:00,206,206,206,206,51000
2021-11-08 11:04:00,206,206,206,206,0
2021-11-08 11:05:00,206,206,208,208,75500
2021-11-08 11:06:00,208,208,208,208,500
2021-11-08 11:07:00,206,206,206,206,10000
2021-11-08 11:08:00,206,206,206,206,0
2021-11-08 11:09:00,206,206,206,206,0
2021-11-08 11:10:00,206,206,206,206,0
2021-11-08 11:11:00,206,206,206,206,0
2021-11-08 11:12:00,206,206,206,206,0
2021-11-08 11:13:00,206,206,206,206,0
2021-11-08 11:14:00,206,206,206,206,0
2021-11-08 11:15:00,208,208,208,208,100
2021-11-08 11:16:00,208,208,208,208,0
2021-11-08 11:17:00,208,208,208,208,0
2021-11-08 11:18:00,208,208,208,208,0
2021-11-08 11:19:00,208,208,208,208,0
2021-11-08 11:20:00,208,208,208,208,0
2021-11-08 11:21:00,206,206,206,206,2000
2021-11-08 11:22:00,206,206,206,206,0
2021-11-08 11:23:00,206,206,206,206,0
2021-11-08 11:24:00,206,206,206,206,5500
2021-11-08 11:25:00,206,206,206,206,0
2021-11-08 11:26:00,208,208,208,208,50000
2021-11-08 11:27:00,208,208,208,208,150500
2021-11-08 11:28:00,208,208,208,208,25300
2021-11-08 11:29:00,208,208,208,208,0
2021-11-08 11:30:00,208,208,208,208,0
2021-11-08 11:31:00,208,208,208,208,0
2021-11-08 11:32:00,208,208,208,208,0
2021-11-08 11:33:00,208,208,208,208,0
2021-11-08 11:34:00,208,208,208,208,0
2021-11-08 11:35:00,208,208,208,208,0
2021-11-08 11:36:00,208,208,208,208,0
2021-11-08 11:37:00,208,208,208,208,0
2021-11-08 11:38:00,208,208,208,208,0
2021-11-08 11:39:00,208,208,208,208,0
2021-11-08 11:40:00,208,208,208,208,0
2021-11-08 11:41:00,208,208,208,208,0
2021-11-08 11:42:00,208,208,208,208,0
2021-11-08 11:43:00,208,208,208,208,0
2021-11-08 11:44:00,208,208,208,208,0
2021-11-08 11:45:00,208,208,208,208,0
2021-11-08 11:46:00,208,208,208,208,0
2021-11-08 11:47:00,208,208,208,208,0
2021-11-08 11:48:00,208,208,208,208,0
2021-11-08 11:49:00,208,208,208,208,0
2021-11-08 11:50:00,208,208,208,208,0
2021-11-08 11:51:00,208,208,208,208,0
2021-11-08 11:52:00,208,208,208,208,0
2021-11-08 11:53:00,208,208,208,208,0
2021-11-08 11:54:00,208,208,208,208,0
2021-11-08 11:55:00,208,208,208,208,0
2021-11-08 11:56:00,208,208,208,208,0
2021-11-08 11:57:00,208,208,208,208,0
2021-11-08 11:58:00,208,208,208,208,0
2021-11-08 11:59:00,208,208,208,208,0
2021-11-08 12:00:00,208,208,208,208,0
2021-11-08 12:01:00,208,208,208,208,0
2021-11-08 12:02:00,208,208,208,208,0
2021-11-08 12:03:00,208,208,208,208,0
2021-11-08 12:04:00,208,208,208,208,0
2021-11-08 12:05:00,208,208,208,208,0
2021-11-08 12:06:00,208,208,208,208,0
2021-11-08 12:07:00,208,208,208,208,0
2021-11-08 12:08:00,208,208,208,208,0
2021-11-08 12:09:00,208,208,208,208,0
2021-11-08 12:10:00,208,208,208,208,0
2021-11-08 12:11:00,208,208,208,208,0
2021-11-08 12:12:00,208,208,208,208,0
2021-11-08 12:13:00,208,208,208,208,0
2021-11-08 12:14:00,208,208,208,208,0
2021-11-08 12:15:00,208,208,208,208,0
2021-11-08 12:16:00,208,208,208,208,0
2021-11-08 12:17:00,208,208,208,208,0
2021-11-08 12:18:00,208,208,208,208,0
2021-11-08 12:19:00,208,208,208,208,0
2021-11-08 12:20:00,208,208,208,208,0
2021-11-08 12:21:00,208,208,208,208,0
2021-11-08 12:22:00,208,208,208,208,0
2021-11-08 12:23:00,208,208,208,208,0
2021-11-08 12:24:00,208,208,208,208,0
2021-11-08 12:25:00,208,208,208,208,0
2021-11-08 12:26:00,208,208,208,208,0
2021-11-08 12:27:00,208,208,208,208,0
2021-11-08 12:28:00,208,208,208,208,0
2021-11-08 12:29:00,208,208,208,208,0
2021-11-08 12:30:00,208,208,208,208,0
2021-11-08 12:31:00,208,208,208,208,0
2021-11-08 12:32:00,208,208,208,208,0
2021-11-08 12:33:00,208,208,208,208,0
2021-11-08 12:34:00,208,208,208,208,0
2021-11-08 12:35:00,208,208,208,208,0
2021-11-08 12:36:00,208,208,208,208,0
2021-11-08 12:37:00,208,208,208,208,0
2021-11-08 12:38:00,208,208,208,208,0
2021-11-08 12:39:00,208,208,208,208,0
2021-11-08 12:40:00,208,208,208,208,0
2021-11-08 12:41:00,208,208,208,208,0
2021-11-08 12:42:00,208,208,208,208,0
2021-11-08 12:43:00,208,208,208,208,0
2021-11-08 12:44:00,208,208,208,208,0
2021-11-08 12:45:00,208,208,208,208,0
2021-11-08 12:46:00,208,208,208,208,0
2021-11-08 12:47:00,208,208,208,208,0
2021-11-08 12:48:00,208,208,208,208,0
2021-11-08 12:49:00,208,208,208,208,0
2021-11-08 12:50:00,208,208,208,208,0
2021-11-08 12:51:00,208,208,208,208,0
2021-11-08 12:52:00,208,208,208,208,0
2021-11-08 12:53:00,208,208,208,208,0
2021-11-08 12:54:00,208,208,208,208,0
2021-11-08 12:55:00,208,208,208,208,0
2021-11-08 12:56:00,208,208,208,208,0
2021-11-08 12:57:00,208,208,208,208,0
2021-11-08 12:58:00,208,208,208,208,0
2021-11-08 12:59:00,208,208,208,208,0
2021-11-08 13:00:00,208,208,208,208,0
2021-11-08 13:01:00,208,208,208,208,0
2021-11-08 13:02:00,208,208,208,208,0
2021-11-08 13:03:00,208,208,208,208,0
2021-11-08 13:04:00,208,208,208,208,0
2021-11-08 13:05:00,208,208,208,208,0
2021-11-08 13:06:00,208,208,208,208,0
2021-11-08 13:07:00,208,208,208,208,0
2021-11-08 13:08:00,208,208,208,208,0
2021-11-08 13:09:00,208,208,208,208,0
2021-11-08 13:10:00,208,208,208,208,0
2021-11-08 13:11:00,208,208,208,208,0
2021-11-08 13:12:00,208,208,208,208,0
2021-11-08 13:13:00,208,208,208,208,0
2021-11-08 13:14:00,208,208,208,208,0
2021-11-08 13:15:00,208,208,208,208,0
2021-11-08 13:16:00,208,208,208,208,0
2021-11-08 13:17:00,208,208,208,208,0
2021-11-08 13:18:00,208,208,208,208,0
2021-11-08 13:19:00,208,208,208,208,0
2021-11-08 13:20:00,208,208,208,208,0
2021-11-08 13:21:00,208,208,208,208,0
2021-11-08 13:22:00,208,208,208,208,0
2021-11-08 13:23:00,208,208,208,208,0
2021-11-08 13:24:00,208,208,208,208,0
2021-11-08 13:25:00,208,208,208,208,0
2021-11-08 13:26:00,208,208,208,208,0
2021-11-08 13:27:00,208,208,208,208,0
2021-11-08 13:28:00,208,208,208,208,0
2021-11-08 13:29:00,208,208,208,208,0
2021-11-08 13:30:00,208,206,208,206,26600
2021-11-08 13:31:00,208,208,208,208,44300
2021-11-08 13:32:00,208,208,208,208,470300
2021-11-08 13:33:00,208,208,208,208,0
2021-11-08 13:34:00,210,210,210,210,100
2021-11-08 13:35:00,210,210,210,210,5300
2021-11-08 13:36:00,210,210,210,210,0
2021-11-08 13:37:00,208,206,208,206,368200
2021-11-08 13:38:00,208,208,208,208,11100
2021-11-08 13:39:00,206,206,208,208,3100
2021-11-08 13:40:00,208,208,208,208,2200
2021-11-08 13:41:00,208,208,208,208,7500
2021-11-08 13:42:00,208,208,208,208,103800
2021-11-08 13:43:00,208,206,208,206,900
2021-11-08 13:44:00,208,208,208,208,500
2021-11-08 13:45:00,208,208,208,208,0
2021-11-08 13:46:00,208,208,208,208,0
2021-11-08 13:47:00,208,208,208,208,5500
2021-11-08 13:48:00,208,208,208,208,1000
2021-11-08 13:49:00,208,208,208,208,0
2021-11-08 13:50:00,208,208,208,208,2500
2021-11-08 13:51:00,208,208,208,208,0
2021-11-08 13:52:00,208,208,208,208,13000
2021-11-08 13:53:00,208,208,208,208,0
2021-11-08 13:54:00,208,208,208,208,500
2021-11-08 13:55:00,206,206,206,206,100000
2021-11-08 13:56:00,206,206,206,206,500
2021-11-08 13:57:00,206,206,206,206,100000
2021-11-08 13:58:00,206,206,206,206,100
2021-11-08 13:59:00,206,206,206,206,0
2021-11-08 14:00:00,206,206,206,206,0
2021-11-08 14:01:00,206,206,206,206,0
2021-11-08 14:02:00,206,206,206,206,0
2021-11-08 14:03:00,206,206,206,206,0
2021-11-08 14:04:00,206,206,206,206,70000
2021-11-08 14:05:00,206,206,206,206,0
2021-11-08 14:06:00,206,206,206,206,0
2021-11-08 14:07:00,206,206,206,206,205000
2021-11-08 14:08:00,206,206,206,206,17000
2021-11-08 14:09:00,208,208,208,208,100
2021-11-08 14:10:00,208,208,208,208,0
2021-11-08 14:11:00,208,208,208,208,2000
2021-11-08 14:12:00,208,208,208,208,10000
2021-11-08 14:13:00,208,208,208,208,35000
2021-11-08 14:14:00,208,208,208,208,20100
2021-11-08 14:15:00,208,208,208,208,0
2021-11-08 14:16:00,208,208,208,208,0
2021-11-08 14:17:00,208,208,208,208,0
2021-11-08 14:18:00,208,208,208,208,0
2021-11-08 14:19:00,208,208,208,208,100
2021-11-08 14:20:00,206,206,206,206,16000
2021-11-08 14:21:00,206,206,206,206,0
2021-11-08 14:22:00,206,206,206,206,0
2021-11-08 14:23:00,206,206,206,206,500000
2021-11-08 14:24:00,206,206,206,206,500000
2021-11-08 14:25:00,206,206,206,206,149800
2021-11-08 14:26:00,206,206,206,206,25200
2021-11-08 14:27:00,206,206,206,206,10000
2021-11-08 14:28:00,204,204,206,204,55000
2021-11-08 14:29:00,206,206,206,206,13000
2021-11-08 14:30:00,206,204,206,204,1700
2021-11-08 14:31:00,206,204,206,206,7600
2021-11-08 14:32:00,204,204,206,204,5200
2021-11-08 14:33:00,204,204,206,204,0
2021-11-08 14:34:00,206,206,206,206,800
2021-11-08 14:35:00,206,206,206,206,2400
2021-11-08 14:36:00,206,206,206,206,12700
2021-11-08 14:37:00,206,206,206,206,1000
2021-11-08 14:38:00,206,206,206,206,8600
2021-11-08 14:39:00,204,204,204,204,2000
2021-11-08 14:40:00,206,206,206,206,100
2021-11-08 14:41:00,206,206,206,206,1400
2021-11-08 14:42:00,206,206,206,206,67700
2021-11-08 14:43:00,206,206,206,206,32000
2021-11-08 14:44:00,206,206,206,206,0
2021-11-08 14:45:00,206,206,206,206,0
2021-11-08 14:46:00,206,206,206,206,151800
2021-11-08 14:47:00,204,204,206,206,42100
2021-11-08 14:48:00,204,204,206,206,13800
2021-11-08 14:49:00,206,206,206,206,15300
2021-11-08 14:50:00,206,206,206,206,0
2021-11-08 14:51:00,206,206,206,206,0
2021-11-08 14:52:00,206,206,206,206,0
2021-11-08 14:53:00,206,206,206,206,0
2021-11-08 14:54:00,206,206,206,206,0
2021-11-08 14:55:00,206,206,206,206,0
2021-11-08 14:56:00,206,206,206,206,0
2021-11-08 14:57:00,206,206,206,206,0
2021-11-08 14:58:00,206,206,206,206,0
2021-11-08 14:59:00,206,206,206,206,0
2021-11-08 15:00:00,206,206,206,206,126500
2021-11-08 15:01:00,206,206,206,206,0
2021-11-08 15:02:00,206,206,206,206,0
2021-11-08 15:03:00,206,206,206,206,0
2021-11-08 15:04:00,206,206,206,206,0
2021-11-08 15:05:00,206,206,206,206,28300
2021-11-08 15:06:00,206,206,206,206,96000
2021-11-08 15:07:00,206,206,206,206,10000
2021-11-08 15:08:00,206,206,206,206,30000
2021-11-08 15:09:00,206,206,206,206,0
2021-11-08 15:10:00,206,206,206,206,0
2021-11-08 15:11:00,206,206,206,206,0
2021-11-08 15:12:00,206,206,206,206,0
2021-11-08 15:13:00,206,206,206,206,10000
2021-11-08 15:14:00,206,206,206,206,0
2021-11-08 15:15:00,206,206,206,206,0
2021-11-08 15:16:00,206,206,206,206,0
2021-11-08 15:17:00,206,206,206,206,0
2021-11-08 15:18:00,206,206,206,206,0
2021-11-08 15:19:00,206,206,206,206,0
2021-11-08 15:20:00,206,206,206,206,0
2021-11-08 15:21:00,206,206,206,206,0
2021-11-08 15:22:00,206,206,206,206,0
2021-11-08 15:23:00,206,206,206,206,0
2021-11-08 15:24:00,206,206,206,206,0
2021-11-08 15:25:00,206,206,206,206,0
2021-11-08 15:26:00,206,206,206,206,0
2021-11-08 15:27:00,206,206,206,206,0
2021-11-08 15:28:00,206,206,206,206,0
2021-11-08 15:29:00,206,206,206,206,0
2021-11-08 15:30:00,206,206,206,206,0
2021-11-08 15:31:00,206,206,206,206,0
2021-11-08 15:32:00,206,206,206,206,0
2021-11-08 15:33:00,206,206,206,206,0
2021-11-08 15:34:00,206,206,206,206,0
2021-11-08 15:35:00,206,206,206,206,0
2021-11-08 15:36:00,206,206,206,206,0
2021-11-08 15:37:00,206,206,206,206,0
2021-11-08 15:38:00,206,206,206,206,0
2021-11-08 15:39:00,206,206,206,206,0
2021-11-08 15:40:00,206,206,206,206,0
2021-11-08 15:41:00,206,206,206,206,0
2021-11-08 15:42:00,206,206,206,206,0
2021-11-08 15:43:00,206,206,206,206,0
2021-11-08 15:44:00,206,206,206,206,0
2021-11-08 15:45:00,206,206,206,206,0
2021-11-08 15:46:00,206,206,206,206,0
2021-11-08 15:47:00,206,206,206,206,0
2021-11-08 15:48:00,206,206,206,206,0
2021-11-08 15:49:00,206,206,206,206,0
2021-11-08 15:50:00,206,206,206,206,0
2021-11-08 15:51:00,206,206,206,206,0
2021-11-08 15:52:00,206,206,206,206,0
2021-11-08 15:53:00,206,206,206,206,0
2021-11-08 15:54:00,206,206,206,206,0
2021-11-08 15:55:00,206,206,206,206,0
2021-11-08 15:56:00,206,206,206,206,0
2021-11-08 15:57:00,206,206,206,206,0
2021-11-08 15:58:00,206,206,206,206,0
2021-11-08 15:59:00,206,206,206,206,0
2021-11-09 09:00:00,206,204,206,204,0
2021-11-09 09:01:00,206,204,206,204,76000
2021-11-09 09:02:00,204,204,204,204,500
2021-11-09 09:03:00,204,204,204,204,25100
2021-11-09 09:04:00,204,204,206,204,25500
2021-11-09 09:05:00,204,204,204,204,29900
2021-11-09 09:06:00,204,204,204,204,20000
2021-11-09 09:07:00,206,204,206,204,4700
2021-11-09 09:08:00,204,204,206,206,93600
2021-11-09 09:09:00,206,204,206,204,38100
2021-11-09 09:10:00,206,206,206,206,13500
2021-11-09 09:11:00,206,206,206,206,158600
2021-11-09 09:12:00,206,206,206,206,0
2021-11-09 09:13:00,206,206,208,206,218500
2021-11-09 09:14:00,206,206,206,206,300
2021-11-09 09:15:00,206,206,206,206,40000
2021-11-09 09:16:00,206,206,210,210,2115800
2021-11-09 09:17:00,208,208,210,208,62500
2021-11-09 09:18:00,208,208,210,210,22400
2021-11-09 09:19:00,208,208,208,208,5100
2021-11-09 09:20:00,208,208,208,208,30500
2021-11-09 09:21:00,208,208,208,208,24100
2021-11-09 09:22:00,208,208,208,208,183600
2021-11-09 09:23:00,208,208,208,208,15500
2021-11-09 09:24:00,208,208,208,208,500
2021-11-09 09:25:00,208,208,208,208,106800
2021-11-09 09:26:00,208,208,208,208,30000
2021-11-09 09:27:00,208,208,208,208,78400
2021-11-09 09:28:00,208,208,208,208,0
2021-11-09 09:29:00,208,208,208,208,0
2021-11-09 09:30:00,208,208,208,208,0
2021-11-09 09:31:00,208,208,208,208,0
2021-11-09 09:32:00,208,206,208,206,40000
2021-11-09 09:33:00,208,206,208,206,0
2021-11-09 09:34:00,206,206,206,206,500
2021-11-09 09:35:00,206,206,206,206,50000
2021-11-09 09:36:00,206,206,206,206,30000
2021-11-09 09:37:00,206,206,206,206,0
2021-11-09 09:38:00,206,206,206,206,171000
2021-11-09 09:39:00,208,208,208,208,1500
2021-11-09 09:40:00,206,206,206,206,50000
2021-11-09 09:41:00,206,206,206,206,10400
2021-11-09 09:42:00,206,206,206,206,0
2021-11-09 09:43:00,208,208,208,208,100
2021-11-09 09:44:00,208,208,208,208,0
2021-11-09 09:45:00,208,208,208,208,300
2021-11-09 09:46:00,208,208,208,208,0
2021-11-09 09:47:00,208,208,208,208,0
2021-11-09 09:48:00,208,208,208,208,200
2021-11-09 09:49:00,206,206,206,206,194800
2021-11-09 09:50:00,206,206,206,206,0
2021-11-09 09:51:00,206,206,206,206,22500
2021-11-09 09:52:00,206,206,206,206,100
2021-11-09 09:53:00,206,206,206,206,900
2021-11-09 09:54:00,206,206,206,206,30000
2021-11-09 09:55:00,206,206,208,208,3500
2021-11-09 09:56:00,208,208,208,208,500
2021-11-09 09:57:00,208,208,208,208,0
2021-11-09 09:58:00,208,208,208,208,5000
2021-11-09 09:59:00,206,206,206,206,1000
2021-11-09 10:00:00,206,206,208,208,15000
2021-11-09 10:01:00,206,206,206,206,1700
2021-11-09 10:02:00,206,206,206,206,2000
2021-11-09 10:03:00,208,208,208,208,6000
2021-11-09 10:04:00,208,208,208,208,0
2021-11-09 10:05:00,208,208,208,208,0
2021-11-09 10:06:00,208,208,208,208,7500
2021-11-09 10:07:00,208,208,208,208,1000
2021-11-09 10:08:00,208,206,208,206,2100
2021-11-09 10:09:00,206,206,208,208,27500
2021-11-09 10:10:00,206,206,208,208,0
2021-11-09 10:11:00,206,206,208,208,0
2021-11-09 10:12:00,206,206,208,208,0
2021-11-09 10:13:00,206,206,206,206,44900
2021-11-09 10:14:00,206,206,206,206,0
2021-11-09 10:15:00,206,206,206,206,0
2021-11-09 10:16:00,206,206,206,206,9600
2021-11-09 10:17:00,206,206,206,206,0
2021-11-09 10:18:00,206,206,206,206,55000
2021-11-09 10:19:00,206,206,206,206,0
2021-11-09 10:20:00,206,206,206,206,0
2021-11-09 10:21:00,206,206,206,206,0
2021-11-09 10:22:00,206,206,206,206,0
2021-11-09 10:23:00,208,208,208,208,12300
2021-11-09 10:24:00,208,208,208,208,50000
2021-11-09 10:25:00,208,208,208,208,10500
2021-11-09 10:26:00,208,208,208,208,0
2021-11-09 10:27:00,208,208,208,208,10000
2021-11-09 10:28:00,208,208,208,208,5500
2021-11-09 10:29:00,208,208,208,208,0
2021-11-09 10:30:00,208,208,208,208,0
2021-11-09 10:31:00,206,206,206,206,50000
2021-11-09 10:32:00,206,206,206,206,0
2021-11-09 10:33:00,208,208,208,208,100
2021-11-09 10:34:00,208,208,208,208,3600
2021-11-09 10:35:00,208,208,208,208,0
2021-11-09 10:36:00,208,208,208,208,0
2021-11-09 10:37:00,208,208,208,208,0
2021-11-09 10:38:00,208,208,208,208,0
2021-11-09 10:39:00,208,208,208,208,0
2021-11-09 10:40:00,208,208,208,208,0
2021-11-09 10:41:00,208,208,208,208,0
2021-11-09 10:42:00,208,208,208,208,10000
2021-11-09 10:43:00,208,208,208,208,5000
2021-11-09 10:44:00,208,208,208,208,0
2021-11-09 10:45:00,208,208,208,208,0
2021-11-09 10:46:00,208,208,208,208,0
2021-11-09 10:47:00,208,208,208,208,600
2021-11-09 10:48:00,208,208,208,208,0
2021-11-09 10:49:00,208,208,208,208,0
2021-11-09 10:50:00,208,208,208,208,0
2021-11-09 10:51:00,208,208,208,208,0
2021-11-09 10:52:00,208,208,208,208,0
2021-11-09 10:53:00,206,206,206,206,7000
2021-11-09 10:54:00,206,206,206,206,0
2021-11-09 10:55:00,206,206,206,206,50000
2021-11-09 10:56:00,206,206,206,206,0
2021-11-09 10:57:00,206,206,206,206,0
2021-11-09 10:58:00,206,206,206,206,0
2021-11-09 10:59:00,206,206,206,206,1500
2021-11-09 11:00:00,206,206,206,206,0
2021-11-09 11:01:00,206,206,206,206,3000
2021-11-09 11:02:00,206,206,206,206,700
2021-11-09 11:03:00,206,206,206,206,0
2021-11-09 11:04:00,206,206,206,206,500
2021-11-09 11:05:00,206,206,206,206,0
2021-11-09 11:06:00,206,206,206,206,0
2021-11-09 11:07:00,206,206,206,206,0
2021-11-09 11:08:00,206,206,206,206,0
2021-11-09 11:09:00,206,206,206,206,0
2021-11-09 11:10:00,206,206,206,206,0
2021-11-09 11:11:00,206,206,206,206,3700
2021-11-09 11:12:00,208,208,208,208,100
2021-11-09 11:13:00,208,208,208,208,0
2021-11-09 11:14:00,208,208,208,208,0
2021-11-09 11:15:00,208,208,208,208,0
2021-11-09 11:16:00,208,208,208,208,100
2021-11-09 11:17:00,208,208,208,208,200
2021-11-09 11:18:00,208,208,208,208,200
2021-11-09 11:19:00,208,208,208,208,0
2021-11-09 11:20:00,206,206,206,206,300
2021-11-09 11:21:00,206,206,206,206,0
2021-11-09 11:22:00,206,206,206,206,0
2021-11-09 11:23:00,206,206,206,206,0
2021-11-09 11:24:00,206,206,206,206,12500
2021-11-09 11:25:00,208,208,208,208,100
2021-11-09 11:26:00,208,208,208,208,100
2021-11-09 11:27:00,208,208,208,208,0
2021-11-09 11:28:00,208,208,208,208,0
2021-11-09 11:29:00,208,208,208,208,0
2021-11-09 11:30:00,208,208,208,208,0
2021-11-09 11:31:00,208,208,208,208,0
2021-11-09 11:32:00,208,208,208,208,0
2021-11-09 11:33:00,208,208,208,208,0
2021-11-09 11:34:00,208,208,208,208,0
2021-11-09 11:35:00,208,208,208,208,0
2021-11-09 11:36:00,208,208,208,208,0
2021-11-09 11:37:00,208,208,208,208,0
2021-11-09 11:38:00,208,208,208,208,0
2021-11-09 11:39:00,208,208,208,208,0
2021-11-09 11:40:00,208,208,208,208,0
2021-11-09 11:41:00,208,208,208,208,0
2021-11-09 11:42:00,208,208,208,208,0
2021-11-09 11:43:00,208,208,208,208,0
2021-11-09 11:44:00,208,208,208,208,0
2021-11-09 11:45:00,208,208,208,208,0
2021-11-09 11:46:00,208,208,208,208,0
2021-11-09 11:47:00,208,208,208,208,0
2021-11-09 11:48:00,208,208,208,208,0
2021-11-09 11:49:00,208,208,208,208,0
2021-11-09 11:50:00,208,208,208,208,0
2021-11-09 11:51:00,208,208,208,208,0
2021-11-09 11:52:00,208,208,208,208,0
2021-11-09 11:53:00,208,208,208,208,0
2021-11-09 11:54:00,208,208,208,208,0
2021-11-09 11:55:00,208,208,208,208,0
2021-11-09 11:56:00,208,208,208,208,0
2021-11-09 11:57:00,208,208,208,208,0
2021-11-09 11:58:00,208,208,208,208,0
2021-11-09 11:59:00,208,208,208,208,0
2021-11-09 12:00:00,208,208,208,208,0
2021-11-09 12:01:00,208,208,208,208,0
2021-11-09 12:02:00,208,208,208,208,0
2021-11-09 12:03:00,208,208,208,208,0
2021-11-09 12:04:00,208,208,208,208,0
2021-11-09 12:05:00,208,208,208,208,0
2021-11-09 12:06:00,208,208,208,208,0
2021-11-09 12:07:00,208,208,208,208,0
2021-11-09 12:08:00,208,208,208,208,0
2021-11-09 12:09:00,208,208,208,208,0
2021-11-09 12:10:00,208,208,208,208,0
2021-11-09 12:11:00,208,208,208,208,0
2021-11-09 12:12:00,208,208,208,208,0
2021-11-09 12:13:00,208,208,208,208,0
2021-11-09 12:14:00,208,208,208,208,0
2021-11-09 12:15:00,208,208,208,208,0
2021-11-09 12:16:00,208,208,208,208,0
2021-11-09 12:17:00,208,208,208,208,0
2021-11-09 12:18:00,208,208,208,208,0
2021-11-09 12:19:00,208,208,208,208,0
2021-11-09 12:20:00,208,208,208,208,0
2021-11-09 12:21:00,208,208,208,208,0
2021-11-09 12:22:00,208,208,208,208,0
2021-11-09 12:23:00,208,208,208,208,0
2021-11-09 12:24:00,208,208,208,208,0
2021-11-09 12:25:00,208,208,208,208,0
2021-11-09 12:26:00,208,208,208,208,0
2021-11-09 12:27:00,208,208,208,208,0
2021-11-09 12:28:00,208,208,208,208,0
2021-11-09 12:29:00,208,208,208,208,0
2021-11-09 12:30:00,208,208,208,208,0
2021-11-09 12:31:00,208,208,208,208,0
2021-11-09 12:32:00,208,208,208,208,0
2021-11-09 12:33:00,208,208,208,208,0
2021-11-09 12:34:00,208,208,208,208,0
2021-11-09 12:35:00,208,208,208,208,0
2021-11-09 12:36:00,208,208,208,208,0
2021-11-09 12:37:00,208,208,208,208,0
2021-11-09 12:38:00,208,208,208,208,0
2021-11-09 12:39:00,208,208,208,208,0
2021-11-09 12:40:00,208,208,208,208,0
2021-11-09 12:41:00,208,208,208,208,0
2021-11-09 12:42:00,208,208,208,208,0
2021-11-09 12:43:00,208,208,208,208,0
2021-11-09 12:44:00,208,208,208,208,0
2021-11-09 12:45:00,208,208,208,208,0
2021-11-09 12:46:00,208,208,208,208,0
2021-11-09 12:47:00,208,208,208,208,0
2021-11-09 12:48:00,208,208,208,208,0
2021-11-09 12:49:00,208,208,208,208,0
2021-11-09 12:50:00,208,208,208,208,0
2021-11-09 12:51:00,208,208,208,208,0
2021-11-09 12:52:00,208,208,208,208,0
2021-11-09 12:53:00,208,208,208,208,0
2021-11-09 12:54:00,208,208,208,208,0
2021-11-09 12:55:00,208,208,208,208,0
2021-11-09 12:56:00,208,208,208,208,0
2021-11-09 12:57:00,208,208,208,208,0
2021-11-09 12:58:00,208,208,208,208,0
2021-11-09 12:59:00,208,208,208,208,0
2021-11-09 13:00:00,208,208,208,208,0
2021-11-09 13:01:00,208,208,208,208,0
2021-11-09 13:02:00,208,208,208,208,0
2021-11-09 13:03:00,208,208,208,208,0
2021-11-09 13:04:00,208,208,208,208,0
2021-11-09 13:05:00,208,208,208,208,0
2021-11-09 13:06:00,208,208,208,208,0
2021-11-09 13:07:00,208,208,208,208,0
2021-11-09 13:08:00,208,208,208,208,0
2021-11-09 13:09:00,208,208,208,208,0
2021-11-09 13:10:00,208,208,208,208,0
2021-11-09 13:11:00,208,208,208,208,0
2021-11-09 13:12:00,208,208,208,208,0
2021-11-09 13:13:00,208,208,208,208,0
2021-11-09 13:14:00,208,208,208,208,0
2021-11-09 13:15:00,208,208,208,208,0
2021-11-09 13:16:00,208,208,208,208,0
2021-11-09 13:17:00,208,208,208,208,0
2021-11-09 13:18:00,208,208,208,208,0
2021-11-09 13:19:00,208,208,208,208,0
2021-11-09 13:20:00,208,208,208,208,0
2021-11-09 13:21:00,208,208,208,208,0
2021-11-09 13:22:00,208,208,208,208,0
2021-11-09 13:23:00,208,208,208,208,0
2021-11-09 13:24:00,208,208,208,208,0
2021-11-09 13:25:00,208,208,208,208,0
2021-11-09 13:26:00,208,208,208,208,0
2021-11-09 13:27:00,208,208,208,208,0
2021-11-09 13:28:00,208,208,208,208,0
2021-11-09 13:29:00,208,208,208,208,0
2021-11-09 13:30:00,208,206,208,206,53400
2021-11-09 13:31:00,208,206,208,206,0
2021-11-09 13:32:00,208,206,208,206,0
2021-11-09 13:33:00,206,206,206,206,30000
2021-11-09 13:34:00,206,206,206,206,0
2021-11-09 13:35:00,206,206,206,206,0
2021-11-09 13:36:00,206,206,206,206,0
2021-11-09 13:37:00,206,206,206,206,0
2021-11-09 13:38:00,206,206,206,206,0
2021-11-09 13:39:00,206,206,206,206,0
2021-11-09 13:40:00,206,206,206,206,3500
2021-11-09 13:41:00,206,206,206,206,420200
2021-11-09 13:42:00,206,206,206,206,0
2021-11-09 13:43:00,206,204,206,204,1100
2021-11-09 13:44:00,204,204,206,206,1407600
2021-11-09 13:45:00,206,206,206,206,900
2021-11-09 13:46:00,206,206,206,206,0
2021-11-09 13:47:00,206,206,206,206,0
2021-11-09 13:48:00,206,206,206,206,0
2021-11-09 13:49:00,204,204,204,204,66000
2021-11-09 13:50:00,204,204,204,204,0
2021-11-09 13:51:00,206,206,206,206,9200
2021-11-09 13:52:00,206,206,206,206,0
2021-11-09 13:53:00,206,206,206,206,700
2021-11-09 13:54:00,206,206,206,206,0
2021-11-09 13:55:00,206,206,206,206,200
2021-11-09 13:56:00,206,204,206,206,89000
2021-11-09 13:57:00,206,204,206,206,0
2021-11-09 13:58:00,206,204,206,206,0
2021-11-09 13:59:00,206,204,206,204,35000
2021-11-09 14:00:00,206,206,206,206,190500
2021-11-09 14:01:00,206,206,206,206,175300
2021-11-09 14:02:00,206,206,208,208,179500
2021-11-09 14:03:00,206,206,208,208,0
2021-11-09 14:04:00,206,206,208,208,0
2021-11-09 14:05:00,206,206,208,208,0
2021-11-09 14:06:00,206,206,206,206,10000
2021-11-09 14:07:00,206,206,206,206,48000
2021-11-09 14:08:00,208,208,208,208,2800
2021-11-09 14:09:00,208,208,208,208,0
2021-11-09 14:10:00,208,208,208,208,0
2021-11-09 14:11:00,208,208,208,208,0
2021-11-09 14:12:00,208,208,208,208,0
2021-11-09 14:13:00,208,208,208,208,0
2021-11-09 14:14:00,208,208,208,208,0
2021-11-09 14:15:00,208,208,208,208,100
2021-11-09 14:16:00,208,208,208,208,0
2021-11-09 14:17:00,208,208,208,208,0
2021-11-09 14:18:00,208,208,208,208,0
2021-11-09 14:19:00,206,206,206,206,3100
2021-11-09 14:20:00,206,206,206,206,40000
2021-11-09 14:21:00,208,208,208,208,100
2021-11-09 14:22:00,208,208,208,208,0
2021-11-09 14:23:00,206,206,208,208,155100
2021-11-09 14:24:00,206,206,208,208,0
2021-11-09 14:25:00,206,206,206,206,66000
2021-11-09 14:26:00,206,206,206,206,27900
2021-11-09 14:27:00,206,206,206,206,0
2021-11-09 14:28:00,208,208,208,208,100
2021-11-09 14:29:00,208,208,208,208,0
2021-11-09 14:30:00,206,206,206,206,100
2021-11-09 14:31:00,206,206,206,206,10000
2021-11-09 14:32:00,206,206,206,206,0
2021-11-09 14:33:00,206,206,206,206,24200
2021-11-09 14:34:00,206,206,206,206,223800
2021-11-09 14:35:00,206,206,206,206,22000
2021-11-09 14:36:00,206,206,206,206,122400
2021-11-09 14:37:00,206,204,206,204,200700
2021-11-09 14:38:00,204,204,204,204,5000
2021-11-09 14:39:00,206,206,206,206,46000
2021-11-09 14:40:00,206,206,208,208,2600
2021-11-09 14:41:00,206,206,208,206,48000
2021-11-09 14:42:00,206,206,206,206,18700
2021-11-09 14:43:00,206,206,206,206,46000
2021-11-09 14:44:00,206,206,206,206,0
2021-11-09 14:45:00,206,204,206,206,66100
2021-11-09 14:46:00,206,204,206,206,11500
2021-11-09 14:47:00,206,206,206,206,23700
2021-11-09 14:48:00,206,204,206,206,58700
2021-11-09 14:49:00,206,206,208,208,154500
2021-11-09 14:50:00,206,206,208,208,0
2021-11-09 14:51:00,206,206,208,208,0
2021-11-09 14:52:00,206,206,208,208,0
2021-11-09 14:53:00,206,206,208,208,0
2021-11-09 14:54:00,206,206,208,208,0
2021-11-09 14:55:00,206,206,208,208,0
2021-11-09 14:56:00,206,206,208,208,0
2021-11-09 14:57:00,206,206,208,208,0
2021-11-09 14:58:00,206,206,208,208,0
2021-11-09 14:59:00,206,206,208,208,0
2021-11-09 15:00:00,208,208,208,208,500500
2021-11-09 15:01:00,208,208,208,208,0
2021-11-09 15:02:00,208,208,208,208,0
2021-11-09 15:03:00,208,208,208,208,0
2021-11-09 15:04:00,208,208,208,208,0
2021-11-09 15:05:00,208,208,208,208,10000
2021-11-09 15:06:00,208,208,208,208,0
2021-11-09 15:07:00,208,208,208,208,0
2021-11-09 15:08:00,208,208,208,208,0
2021-11-09 15:09:00,208,208,208,208,0
2021-11-09 15:10:00,208,208,208,208,0
2021-11-09 15:11:00,208,208,208,208,0
2021-11-09 15:12:00,208,208,208,208,0
2021-11-09 15:13:00,208,208,208,208,300
2021-11-09 15:14:00,208,208,208,208,0
2021-11-09 15:15:00,208,208,208,208,0
2021-11-09 15:16:00,208,208,208,208,0
2021-11-09 15:17:00,208,208,208,208,0
2021-11-09 15:18:00,208,208,208,208,0
2021-11-09 15:19:00,208,208,208,208,0
2021-11-09 15:20:00,208,208,208,208,0
2021-11-09 15:21:00,208,208,208,208,0
2021-11-09 15:22:00,208,208,208,208,0
2021-11-09 15:23:00,208,208,208,208,0
2021-11-09 15:24:00,208,208,208,208,0
2021-11-09 15:25:00,208,208,208,208,0
2021-11-09 15:26:00,208,208,208,208,0
2021-11-09 15:27:00,208,208,208,208,0
2021-11-09 15:28:00,208,208,208,208,0
2021-11-09 15:29:00,208,208,208,208,0
2021-11-09 15:30:00,208,208,208,208,0
2021-11-09 15:31:00,208,208,208,208,0
2021-11-09 15:32:00,208,208,208,208,0
2021-11-09 15:33:00,208,208,208,208,0
2021-11-09 15:34:00,208,208,208,208,0
2021-11-09 15:35:00,208,208,208,208,0
2021-11-09 15:36:00,208,208,208,208,0
2021-11-09 15:37:00,208,208,208,208,0
2021-11-09 15:38:00,208,208,208,208,0
2021-11-09 15:39:00,208,208,208,208,0
2021-11-09 15:40:00,208,208,208,208,0
2021-11-09 15:41:00,208,208,208,208,0
2021-11-09 15:42:00,208,208,208,208,0
2021-11-09 15:43:00,208,208,208,208,0
2021-11-09 15:44:00,208,208,208,208,0
2021-11-09 15:45:00,208,208,208,208,0
2021-11-09 15:46:00,208,208,208,208,0
2021-11-09 15:47:00,208,208,208,208,0
2021-11-09 15:48:00,208,208,208,208,0
2021-11-09 15:49:00,208,208,208,208,0
2021-11-09 15:50:00,208,208,208,208,0
2021-11-09 15:51:00,208,208,208,208,0
2021-11-09 15:52:00,208,208,208,208,0
2021-11-09 15:53:00,208,208,208,208,0
2021-11-09 15:54:00,208,208,208,208,0
2021-11-09 15:55:00,208,208,208,208,0
2021-11-09 15:56:00,208,208,208,208,0
2021-11-09 15:57:00,208,208,208,208,0
2021-11-09 15:58:00,208,208,208,208,0
2021-11-09 15:59:00,208,208,208,208,0
2021-11-10 09:00:00,208,206,208,206,0
2021-11-10 09:01:00,208,206,208,206,105100
2021-11-10 09:02:00,206,204,206,204,135000
2021-11-10 09:03:00,204,204,206,206,29000
2021-11-10 09:04:00,206,204,206,204,20500
2021-11-10 09:05:00,204,204,206,206,50200
2021-11-10 09:06:00,206,206,206,206,3000
2021-11-10 09:07:00,206,204,206,206,17300
2021-11-10 09:08:00,206,204,206,206,0
2021-11-10 09:09:00,206,206,206,206,2500
2021-11-10 09:10:00,206,206,208,208,110200
2021-11-10 09:11:00,206,206,206,206,55600
2021-11-10 09:12:00,206,206,206,206,10400
2021-11-10 09:13:00,206,206,206,206,40000
2021-11-10 09:14:00,206,206,206,206,57500
2021-11-10 09:15:00,206,206,206,206,23700
2021-11-10 09:16:00,206,206,206,206,0
2021-11-10 09:17:00,206,206,206,206,1000
2021-11-10 09:18:00,206,206,208,208,59900
2021-11-10 09:19:00,206,204,206,204,32400
2021-11-10 09:20:00,206,206,206,206,12000
2021-11-10 09:21:00,206,206,206,206,10000
2021-11-10 09:22:00,206,206,206,206,4900
2021-11-10 09:23:00,206,206,206,206,10000
2021-11-10 09:24:00,206,206,206,206,0
2021-11-10 09:25:00,206,206,206,206,100
2021-11-10 09:26:00,206,206,206,206,0
2021-11-10 09:27:00,206,206,206,206,44000
2021-11-10 09:28:00,206,206,206,206,43900
2021-11-10 09:29:00,206,206,206,206,400
2021-11-10 09:30:00,206,206,206,206,2200
2021-11-10 09:31:00,204,204,206,206,20500
2021-11-10 09:32:00,206,206,206,206,11400
2021-11-10 09:33:00,206,206,206,206,1200
2021-11-10 09:34:00,206,206,206,206,50000
2021-11-10 09:35:00,206,206,206,206,161000
2021-11-10 09:36:00,206,206,206,206,0
2021-11-10 09:37:00,206,206,206,206,0
2021-11-10 09:38:00,206,206,206,206,3500
2021-11-10 09:39:00,206,206,206,206,1000
2021-11-10 09:40:00,206,206,206,206,0
2021-11-10 09:41:00,206,206,206,206,0
2021-11-10 09:42:00,206,206,206,206,0
2021-11-10 09:43:00,206,206,206,206,0
2021-11-10 09:44:00,206,206,206,206,0
2021-11-10 09:45:00,204,204,204,204,53600
2021-11-10 09:46:00,204,204,204,204,324300
2021-11-10 09:47:00,204,204,204,204,0
2021-11-10 09:48:00,204,204,204,204,400
2021-11-10 09:49:00,204,204,204,204,58700
2021-11-10 09:50:00,204,204,206,206,12700
2021-11-10 09:51:00,204,204,206,206,0
2021-11-10 09:52:00,204,204,204,204,2000
2021-11-10 09:53:00,204,204,204,204,600
2021-11-10 09:54:00,204,204,206,206,100000
2021-11-10 09:55:00,204,204,206,206,0
2021-11-10 09:56:00,204,204,204,204,20200
2021-11-10 09:57:00,204,204,204,204,0
2021-11-10 09:58:00,204,204,204,204,400
2021-11-10 09:59:00,204,204,204,204,0
2021-11-10 10:00:00,204,204,204,204,2800
2021-11-10 10:01:00,204,204,204,204,0
2021-11-10 10:02:00,204,204,204,204,0
2021-11-10 10:03:00,204,204,204,204,8200
2021-11-10 10:04:00,204,204,204,204,10000
2021-11-10 10:05:00,204,204,204,204,0
2021-11-10 10:06:00,204,204,204,204,0
2021-11-10 10:07:00,204,204,204,204,46000
2021-11-10 10:08:00,206,204,206,206,15500
2021-11-10 10:09:00,206,206,206,206,70000
2021-11-10 10:10:00,206,206,206,206,500
2021-11-10 10:11:00,206,206,206,206,0
2021-11-10 10:12:00,206,206,206,206,0
2021-11-10 10:13:00,206,206,206,206,0
2021-11-10 10:14:00,206,206,206,206,0
2021-11-10 10:15:00,206,206,206,206,20500
2021-11-10 10:16:00,206,206,206,206,23800
2021-11-10 10:17:00,206,206,206,206,38500
2021-11-10 10:18:00,204,204,206,206,23500
2021-11-10 10:19:00,204,204,206,206,0
2021-11-10 10:20:00,204,204,206,206,0
2021-11-10 10:21:00,204,204,206,206,0
2021-11-10 10:22:00,206,206,206,206,42800
2021-11-10 10:23:00,206,206,206,206,0
2021-11-10 10:24:00,206,206,206,206,0
2021-11-10 10:25:00,206,206,206,206,0
2021-11-10 10:26:00,206,206,206,206,0
2021-11-10 10:27:00,206,206,206,206,0
2021-11-10 10:28:00,206,206,206,206,0
2021-11-10 10:29:00,206,206,206,206,1000
2021-11-10 10:30:00,206,206,206,206,0
2021-11-10 10:31:00,206,206,206,206,100
2021-11-10 10:32:00,206,206,206,206,0
2021-11-10 10:33:00,206,206,206,206,0
2021-11-10 10:34:00,206,206,206,206,12600
2021-11-10 10:35:00,206,206,206,206,0
2021-11-10 10:36:00,206,206,206,206,0
2021-11-10 10:37:00,204,204,204,204,1017100
2021-11-10 10:38:00,204,204,204,204,190700
2021-11-10 10:39:00,204,204,204,204,10000
2021-11-10 10:40:00,204,204,204,204,20000
2021-11-10 10:41:00,204,204,204,204,0
2021-11-10 10:42:00,204,204,206,206,400
2021-11-10 10:43:00,206,206,206,206,2000
2021-11-10 10:44:00,206,206,206,206,0
2021-11-10 10:45:00,206,206,206,206,0
2021-11-10 10:46:00,206,206,206,206,0
2021-11-10 10:47:00,206,206,206,206,0
2021-11-10 10:48:00,206,206,206,206,0
2021-11-10 10:49:00,206,206,206,206,0
2021-11-10 10:50:00,206,206,206,206,0
2021-11-10 10:51:00,206,206,206,206,100
2021-11-10 10:52:00,206,206,206,206,0
2021-11-10 10:53:00,206,206,206,206,0
2021-11-10 10:54:00,206,206,206,206,0
2021-11-10 10:55:00,206,206,206,206,0
2021-11-10 10:56:00,204,204,204,204,2400
2021-11-10 10:57:00,204,204,204,204,5000
2021-11-10 10:58:00,204,204,204,204,0
2021-11-10 10:59:00,204,204,204,204,0
2021-11-10 11:00:00,204,204,204,204,0
2021-11-10 11:01:00,204,204,204,204,0
2021-11-10 11:02:00,206,206,206,206,700
2021-11-10 11:03:00,206,206,206,206,200
2021-11-10 11:04:00,206,206,206,206,0
2021-11-10 11:05:00,206,206,206,206,0
2021-11-10 11:06:00,206,206,206,206,0
2021-11-10 11:07:00,206,206,206,206,0
2021-11-10 11:08:00,206,204,206,204,5300
2021-11-10 11:09:00,206,204,206,204,0
2021-11-10 11:10:00,206,204,206,204,0
2021-11-10 11:11:00,206,204,206,204,0
2021-11-10 11:12:00,204,204,204,204,200
2021-11-10 11:13:00,204,204,204,204,5000
2021-11-10 11:14:00,204,204,204,204,700
2021-11-10 11:15:00,204,204,204,204,0
2021-11-10 11:16:00,204,204,204,204,0
2021-11-10 11:17:00,204,204,204,204,0
2021-11-10 11:18:00,206,206,206,206,100
2021-11-10 11:19:00,206,206,206,206,0
2021-11-10 11:20:00,206,206,206,206,0
2021-11-10 11:21:00,206,206,206,206,1600
2021-11-10 11:22:00,206,206,206,206,500
2021-11-10 11:23:00,206,206,206,206,0
2021-11-10 11:24:00,206,206,206,206,0
2021-11-10 11:25:00,206,206,206,206,0
2021-11-10 11:26:00,206,206,206,206,0
2021-11-10 11:27:00,206,206,206,206,0
2021-11-10 11:28:00,206,206,206,206,0
2021-11-10 11:29:00,206,206,206,206,0
2021-11-10 11:30:00,206,206,206,206,0
2021-11-10 11:31:00,206,206,206,206,0
2021-11-10 11:32:00,206,206,206,206,0
2021-11-10 11:33:00,206,206,206,206,0
2021-11-10 11:34:00,206,206,206,206,0
2021-11-10 11:35:00,206,206,206,206,0
2021-11-10 11:36:00,206,206,206,206,0
2021-11-10 11:37:00,206,206,206,206,0
2021-11-10 11:38:00,206,206,206,206,0
2021-11-10 11:39:00,206,206,206,206,0
2021-11-10 11:40:00,206,206,206,206,0
2021-11-10 11:41:00,206,206,206,206,0
2021-11-10 11:42:00,206,206,206,206,0
2021-11-10 11:43:00,206,206,206,206,0
2021-11-10 11:44:00,206,206,206,206,0
2021-11-10 11:45:00,206,206,206,206,0
2021-11-10 11:46:00,206,206,206,206,0
2021-11-10 11:47:00,206,206,206,206,0
2021-11-10 11:48:00,206,206,206,206,0
2021-11-10 11:49:00,206,206,206,206,0
2021-11-10 11:50:00,206,206,206,206,0
2021-11-10 11:51:00,206,206,206,206,0
2021-11-10 11:52:00,206,206,206,206,0
2021-11-10 11:53:00,206,206,206,206,0
2021-11-10 11:54:00,206,206,206,206,0
2021-11-10 11:55:00,206,206,206,206,0
2021-11-10 11:56:00,206,206,206,206,0
2021-11-10 11:57:00,206,206,206,206,0
2021-11-10 11:58:00,206,206,206,206,0
2021-11-10 11:59:00,206,206,206,206,0
2021-11-10 12:00:00,206,206,206,206,0
2021-11-10 12:01:00,206,206,206,206,0
2021-11-10 12:02:00,206,206,206,206,0
2021-11-10 12:03:00,206,206,206,206,0
2021-11-10 12:04:00,206,206,206,206,0
2021-11-10 12:05:00,206,206,206,206,0
2021-11-10 12:06:00,206,206,206,206,0
2021-11-10 12:07:00,206,206,206,206,0
2021-11-10 12:08:00,206,206,206,206,0
2021-11-10 12:09:00,206,206,206,206,0
2021-11-10 12:10:00,206,206,206,206,0
2021-11-10 12:11:00,206,206,206,206,0
2021-11-10 12:12:00,206,206,206,206,0
2021-11-10 12:13:00,206,206,206,206,0
2021-11-10 12:14:00,206,206,206,206,0
2021-11-10 12:15:00,206,206,206,206,0
2021-11-10 12:16:00,206,206,206,206,0
2021-11-10 12:17:00,206,206,206,206,0
2021-11-10 12:18:00,206,206,206,206,0
2021-11-10 12:19:00,206,206,206,206,0
2021-11-10 12:20:00,206,206,206,206,0
2021-11-10 12:21:00,206,206,206,206,0
2021-11-10 12:22:00,206,206,206,206,0
2021-11-10 12:23:00,206,206,206,206,0
2021-11-10 12:24:00,206,206,206,206,0
2021-11-10 12:25:00,206,206,206,206,0
2021-11-10 12:26:00,206,206,206,206,0
2021-11-10 12:27:00,206,206,206,206,0
2021-11-10 12:28:00,206,206,206,206,0
2021-11-10 12:29:00,206,206,206,206,0
2021-11-10 12:30:00,206,206,206,206,0
2021-11-10 12:31:00,206,206,206,206,0
2021-11-10 12:32:00,206,206,206,206,0
2021-11-10 12:33:00,206,206,206,206,0
2021-11-10 12:34:00,206,206,206,206,0
2021-11-10 12:35:00,206,206,206,206,0
2021-11-10 12:36:00,206,206,206,206,0
2021-11-10 12:37:00,206,206,206,206,0
2021-11-10 12:38:00,206,206,206,206,0
2021-11-10 12:39:00,206,206,206,206,0
2021-11-10 12:40:00,206,206,206,206,0
2021-11-10 12:41:00,206,206,206,206,0
2021-11-10 12:42:00,206,206,206,206,0
2021-11-10 12:43:00,206,206,206,206,0
2021-11-10 12:44:00,206,206,206,206,0
2021-11-10 12:45:00,206,206,206,206,0
2021-11-10 12:46:00,206,206,206,206,0
2021-11-10 12:47:00,206,206,206,206,0
2021-11-10 12:48:00,206,206,206,206,0
2021-11-10 12:49:00,206,206,206,206,0
2021-11-10 12:50:00,206,206,206,206,0
2021-11-10 12:51:00,206,206,206,206,0
2021-11-10 12:52:00,206,206,206,206,0
2021-11-10 12:53:00,206,206,206,206,0
2021-11-10 12:54:00,206,206,206,206,0
2021-11-10 12:55:00,206,206,206,206,0
2021-11-10 12:56:00,206,206,206,206,0
2021-11-10 12:57:00,206,206,206,206,0
2021-11-10 12:58:00,206,206,206,206,0
2021-11-10 12:59:00,206,206,206,206,0
2021-11-10 13:00:00,206,206,206,206,0
2021-11-10 13:01:00,206,206,206,206,0
2021-11-10 13:02:00,206,206,206,206,0
2021-11-10 13:03:00,206,206,206,206,0
2021-11-10 13:04:00,206,206,206,206,0
2021-11-10 13:05:00,206,206,206,206,0
2021-11-10 13:06:00,206,206,206,206,0
2021-11-10 13:07:00,206,206,206,206,0
2021-11-10 13:08:00,206,206,206,206,0
2021-11-10 13:09:00,206,206,206,206,0
2021-11-10 13:10:00,206,206,206,206,0
2021-11-10 13:11:00,206,206,206,206,0
2021-11-10 13:12:00,206,206,206,206,0
2021-11-10 13:13:00,206,206,206,206,0
2021-11-10 13:14:00,206,206,206,206,0
2021-11-10 13:15:00,206,206,206,206,0
2021-11-10 13:16:00,206,206,206,206,0
2021-11-10 13:17:00,206,206,206,206,0
2021-11-10 13:18:00,206,206,206,206,0
2021-11-10 13:19:00,206,206,206,206,0
2021-11-10 13:20:00,206,206,206,206,0
2021-11-10 13:21:00,206,206,206,206,0
2021-11-10 13:22:00,206,206,206,206,0
2021-11-10 13:23:00,206,206,206,206,0
2021-11-10 13:24:00,206,206,206,206,0
2021-11-10 13:25:00,206,206,206,206,0
2021-11-10 13:26:00,206,206,206,206,0
2021-11-10 13:27:00,206,206,206,206,0
2021-11-10 13:28:00,206,206,206,206,0
2021-11-10 13:29:00,206,206,206,206,0
2021-11-10 13:30:00,206,206,206,206,5200
2021-11-10 13:31:00,206,206,206,206,0
2021-11-10 13:32:00,206,206,206,206,0
2021-11-10 13:33:00,206,206,206,206,10000
2021-11-10 13:34:00,206,206,206,206,2000
2021-11-10 13:35:00,206,206,206,206,0
2021-11-10 13:36:00,204,204,204,204,1800
2021-11-10 13:37:00,204,204,204,204,0
2021-11-10 13:38:00,204,204,204,204,175500
2021-11-10 13:39:00,204,204,204,204,0
2021-11-10 13:40:00,204,204,204,204,0
2021-11-10 13:41:00,204,204,204,204,0
2021-11-10 13:42:00,204,204,204,204,0
2021-11-10 13:43:00,204,204,204,204,0
2021-11-10 13:44:00,206,206,206,206,449500
2021-11-10 13:45:00,206,206,206,206,6400
2021-11-10 13:46:00,206,206,206,206,0
2021-11-10 13:47:00,206,206,206,206,12000
2021-11-10 13:48:00,206,206,206,206,10900
2021-11-10 13:49:00,206,206,206,206,6400
2021-11-10 13:50:00,206,206,206,206,5500
2021-11-10 13:51:00,206,206,206,206,11100
2021-11-10 13:52:00,206,206,206,206,3000
2021-11-10 13:53:00,206,206,206,206,2900
2021-11-10 13:54:00,206,206,206,206,0
2021-11-10 13:55:00,206,206,206,206,3700
2021-11-10 13:56:00,206,206,206,206,2300
2021-11-10 13:57:00,206,206,206,206,0
2021-11-10 13:58:00,206,206,206,206,3500
2021-11-10 13:59:00,206,206,206,206,24300
2021-11-10 14:00:00,206,206,206,206,1300
2021-11-10 14:01:00,206,206,206,206,0
2021-11-10 14:02:00,206,206,206,206,0
2021-11-10 14:03:00,204,204,204,204,5500
2021-11-10 14:04:00,204,204,204,204,10000
2021-11-10 14:05:00,204,204,204,204,0
2021-11-10 14:06:00,204,204,204,204,0
2021-11-10 14:07:00,204,204,204,204,0
2021-11-10 14:08:00,204,204,204,204,23500
2021-11-10 14:09:00,204,204,204,204,0
2021-11-10 14:10:00,204,204,204,204,0
2021-11-10 14:11:00,206,206,206,206,381200
2021-11-10 14:12:00,206,206,206,206,48100
2021-11-10 14:13:00,206,206,206,206,0
2021-11-10 14:14:00,206,206,206,206,0
2021-11-10 14:15:00,206,206,206,206,0
2021-11-10 14:16:00,204,204,204,204,4000
2021-11-10 14:17:00,206,204,206,204,17400
2021-11-10 14:18:00,204,204,204,204,44900
2021-11-10 14:19:00,204,204,204,204,0
2021-11-10 14:20:00,204,204,204,204,0
2021-11-10 14:21:00,204,204,204,204,0
2021-11-10 14:22:00,204,204,204,204,0
2021-11-10 14:23:00,204,204,204,204,0
2021-11-10 14:24:00,204,204,204,204,0
2021-11-10 14:25:00,204,204,204,204,0
2021-11-10 14:26:00,204,204,204,204,48400
2021-11-10 14:27:00,204,204,204,204,8000
2021-11-10 14:28:00,204,204,204,204,0
2021-11-10 14:29:00,206,206,206,206,5000
2021-11-10 14:30:00,204,204,204,204,6000
2021-11-10 14:31:00,204,204,204,204,3000
2021-11-10 14:32:00,206,206,206,206,4000
2021-11-10 14:33:00,206,206,206,206,3000
2021-11-10 14:34:00,206,206,206,206,91700
2021-11-10 14:35:00,206,206,206,206,31400
2021-11-10 14:36:00,206,206,206,206,5000
2021-11-10 14:37:00,206,206,206,206,0
2021-11-10 14:38:00,206,206,206,206,26800
2021-11-10 14:39:00,206,206,206,206,20000
2021-11-10 14:40:00,206,206,206,206,500
2021-11-10 14:41:00,206,206,206,206,1000
2021-11-10 14:42:00,206,206,206,206,13700
2021-11-10 14:43:00,206,206,206,206,1300
2021-11-10 14:44:00,206,206,212,210,2478100
2021-11-10 14:45:00,210,210,210,210,72000
2021-11-10 14:46:00,210,210,212,210,160800
2021-11-10 14:47:00,212,210,212,210,147400
2021-11-10 14:48:00,210,210,210,210,120000
2021-11-10 14:49:00,210,210,210,210,181100
2021-11-10 14:50:00,210,210,210,210,0
2021-11-10 14:51:00,210,210,210,210,0
2021-11-10 14:52:00,210,210,210,210,0
2021-11-10 14:53:00,210,210,210,210,0
2021-11-10 14:54:00,210,210,210,210,0
2021-11-10 14:55:00,210,210,210,210,0
2021-11-10 14:56:00,210,210,210,210,0
2021-11-10 14:57:00,210,210,210,210,0
2021-11-10 14:58:00,210,210,210,210,0
2021-11-10 14:59:00,210,210,210,210,0
2021-11-10 15:00:00,210,210,210,210,1860700
2021-11-10 15:01:00,210,210,210,210,0
2021-11-10 15:02:00,210,210,210,210,0
2021-11-10 15:03:00,210,210,210,210,0
2021-11-10 15:04:00,210,210,210,210,0
2021-11-10 15:05:00,210,210,210,210,44200
2021-11-10 15:06:00,210,210,210,210,2000
2021-11-10 15:07:00,210,210,210,210,1000
2021-11-10 15:08:00,210,210,210,210,21100
2021-11-10 15:09:00,210,210,210,210,0
2021-11-10 15:10:00,210,210,210,210,5800
2021-11-10 15:11:00,210,210,210,210,30400
2021-11-10 15:12:00,210,210,210,210,2500
2021-11-10 15:13:00,210,210,210,210,5000
2021-11-10 15:14:00,210,210,210,210,0
2021-11-10 15:15:00,210,210,210,210,0
2021-11-10 15:16:00,210,210,210,210,0
2021-11-10 15:17:00,210,210,210,210,0
2021-11-10 15:18:00,210,210,210,210,0
2021-11-10 15:19:00,210,210,210,210,0
2021-11-10 15:20:00,210,210,210,210,0
2021-11-10 15:21:00,210,210,210,210,0
2021-11-10 15:22:00,210,210,210,210,0
2021-11-10 15:23:00,210,210,210,210,0
2021-11-10 15:24:00,210,210,210,210,0
2021-11-10 15:25:00,210,210,210,210,0
2021-11-10 15:26:00,210,210,210,210,0
2021-11-10 15:27:00,210,210,210,210,0
2021-11-10 15:28:00,210,210,210,210,0
2021-11-10 15:29:00,210,210,210,210,0
2021-11-10 15:30:00,210,210,210,210,0
2021-11-10 15:31:00,210,210,210,210,0
2021-11-10 15:32:00,210,210,210,210,0
2021-11-10 15:33:00,210,210,210,210,0
2021-11-10 15:34:00,210,210,210,210,0
2021-11-10 15:35:00,210,210,210,210,0
2021-11-10 15:36:00,210,210,210,210,0
2021-11-10 15:37:00,210,210,210,210,0
2021-11-10 15:38:00,210,210,210,210,0
2021-11-10 15:39:00,210,210,210,210,0
2021-11-10 15:40:00,210,210,210,210,0
2021-11-10 15:41:00,210,210,210,210,0
2021-11-10 15:42:00,210,210,210,210,0
2021-11-10 15:43:00,210,210,210,210,0
2021-11-10 15:44:00,210,210,210,210,0
2021-11-10 15:45:00,210,210,210,210,0
2021-11-10 15:46:00,210,210,210,210,0
2021-11-10 15:47:00,210,210,210,210,0
2021-11-10 15:48:00,210,210,210,210,0
2021-11-10 15:49:00,210,210,210,210,0
2021-11-10 15:50:00,210,210,210,210,0
2021-11-10 15:51:00,210,210,210,210,0
2021-11-10 15:52:00,210,210,210,210,0
2021-11-10 15:53:00,210,210,210,210,0
2021-11-10 15:54:00,210,210,210,210,0
2021-11-10 15:55:00,210,210,210,210,0
2021-11-10 15:56:00,210,210,210,210,0
2021-11-10 15:57:00,210,210,210,210,0
2021-11-10 15:58:00,210,210,210,210,0
2021-11-10 15:59:00,210,210,210,210,0
2021-11-11 09:00:00,212,210,212,212,0
2021-11-11 09:01:00,212,212,212,212,80000
2021-11-11 09:02:00,212,212,212,212,90900
2021-11-11 09:03:00,212,212,212,212,33800
2021-11-11 09:04:00,212,210,212,212,239700
2021-11-11 09:05:00,212,212,212,212,19200
2021-11-11 09:06:00,212,210,212,210,12300
2021-11-11 09:07:00,212,212,212,212,7000
2021-11-11 09:08:00,212,212,212,212,0
2021-11-11 09:09:00,212,210,212,212,515800
2021-11-11 09:10:00,212,212,212,212,41100
2021-11-11 09:11:00,212,212,212,212,10900
2021-11-11 09:12:00,212,212,212,212,8100
2021-11-11 09:13:00,212,212,212,212,11600
2021-11-11 09:14:00,212,212,212,212,3600
2021-11-11 09:15:00,212,212,212,212,16600
2021-11-11 09:16:00,212,212,212,212,5300
2021-11-11 09:17:00,212,212,212,212,0
2021-11-11 09:18:00,212,210,212,210,1500
2021-11-11 09:19:00,212,212,212,212,7000
2021-11-11 09:20:00,210,210,212,212,6600
2021-11-11 09:21:00,212,210,212,210,40400
2021-11-11 09:22:00,210,210,212,210,20700
2021-11-11 09:23:00,210,210,212,210,33600
2021-11-11 09:24:00,212,210,212,210,600
2021-11-11 09:25:00,210,210,212,212,5100
2021-11-11 09:26:00,212,212,212,212,22500
2021-11-11 09:27:00,212,212,212,212,100
2021-11-11 09:28:00,212,212,212,212,0
2021-11-11 09:29:00,212,212,212,212,11700
2021-11-11 09:30:00,212,212,212,212,150500
2021-11-11 09:31:00,212,212,212,212,5900
2021-11-11 09:32:00,212,212,212,212,6100
2021-11-11 09:33:00,210,210,210,210,1000
2021-11-11 09:34:00,212,212,212,212,20000
2021-11-11 09:35:00,212,212,212,212,4500
2021-11-11 09:36:00,212,212,212,212,6100
2021-11-11 09:37:00,212,212,212,212,39900
2021-11-11 09:38:00,212,210,212,210,2800
2021-11-11 09:39:00,210,210,210,210,25000
2021-11-11 09:40:00,210,210,210,210,0
2021-11-11 09:41:00,210,210,210,210,15000
2021-11-11 09:42:00,210,210,210,210,19500
2021-11-11 09:43:00,210,210,212,212,11100
2021-11-11 09:44:00,210,210,210,210,5000
2021-11-11 09:45:00,210,210,210,210,28000
2021-11-11 09:46:00,212,210,212,210,165100
2021-11-11 09:47:00,210,210,210,210,3300
2021-11-11 09:48:00,212,210,212,210,20200
2021-11-11 09:49:00,210,210,210,210,242500
2021-11-11 09:50:00,210,210,210,210,91000
2021-11-11 09:51:00,210,210,210,210,671200
2021-11-11 09:52:00,210,208,210,208,149200
2021-11-11 09:53:00,210,208,210,208,0
2021-11-11 09:54:00,208,208,208,208,8000
2021-11-11 09:55:00,208,208,208,208,0
2021-11-11 09:56:00,208,208,210,208,18200
2021-11-11 09:57:00,208,208,208,208,10000
2021-11-11 09:58:00,208,208,208,208,100
2021-11-11 09:59:00,208,208,208,208,0
2021-11-11 10:00:00,208,208,208,208,0
2021-11-11 10:01:00,210,210,210,210,900
2021-11-11 10:02:00,210,210,210,210,100
2021-11-11 10:03:00,210,210,210,210,0
2021-11-11 10:04:00,210,210,210,210,1000
2021-11-11 10:05:00,210,210,210,210,3300
2021-11-11 10:06:00,210,210,210,210,0
2021-11-11 10:07:00,210,210,210,210,100
2021-11-11 10:08:00,210,210,210,210,0
2021-11-11 10:09:00,210,210,210,210,5000
2021-11-11 10:10:00,210,210,210,210,0
2021-11-11 10:11:00,210,210,210,210,200
2021-11-11 10:12:00,208,208,208,208,400
2021-11-11 10:13:00,208,208,208,208,0
2021-11-11 10:14:00,208,208,208,208,0
2021-11-11 10:15:00,208,208,208,208,0
2021-11-11 10:16:00,210,208,210,208,9200
2021-11-11 10:17:00,210,208,210,208,0
2021-11-11 10:18:00,210,208,210,208,0
2021-11-11 10:19:00,210,208,210,208,0
2021-11-11 10:20:00,210,208,210,208,0
2021-11-11 10:21:00,208,208,208,208,200
2021-11-11 10:22:00,208,208,208,208,0
2021-11-11 10:23:00,208,208,208,208,0
2021-11-11 10:24:00,208,208,208,208,5000
2021-11-11 10:25:00,208,208,208,208,3000
2021-11-11 10:26:00,210,210,210,210,10900
2021-11-11 10:27:00,210,208,210,208,55300
2021-11-11 10:28:00,210,208,210,208,0
2021-11-11 10:29:00,208,208,208,208,80600
2021-11-11 10:30:00,208,208,208,208,0
2021-11-11 10:31:00,208,208,208,208,0
2021-11-11 10:32:00,208,208,208,208,0
2021-11-11 10:33:00,208,208,208,208,0
2021-11-11 10:34:00,208,208,208,208,0
2021-11-11 10:35:00,208,208,208,208,0
2021-11-11 10:36:00,208,208,208,208,0
2021-11-11 10:37:00,208,208,208,208,0
2021-11-11 10:38:00,208,208,208,208,0
2021-11-11 10:39:00,208,208,208,208,0
2021-11-11 10:40:00,208,208,208,208,0
2021-11-11 10:41:00,210,208,210,208,10500
2021-11-11 10:42:00,208,208,208,208,5000
2021-11-11 10:43:00,208,208,208,208,0
2021-11-11 10:44:00,208,208,208,208,6000
2021-11-11 10:45:00,208,208,208,208,30000
2021-11-11 10:46:00,208,208,208,208,0
2021-11-11 10:47:00,208,208,208,208,500
2021-11-11 10:48:00,208,208,208,208,0
2021-11-11 10:49:00,208,208,208,208,0
2021-11-11 10:50:00,208,208,208,208,0
2021-11-11 10:51:00,208,208,208,208,0
2021-11-11 10:52:00,210,210,210,210,500
2021-11-11 10:53:00,210,210,210,210,0
2021-11-11 10:54:00,210,210,210,210,400
2021-11-11 10:55:00,210,210,210,210,0
2021-11-11 10:56:00,208,208,208,208,200
2021-11-11 10:57:00,210,210,210,210,1000
2021-11-11 10:58:00,210,210,210,210,0
2021-11-11 10:59:00,210,210,210,210,0
2021-11-11 11:00:00,210,210,210,210,0
2021-11-11 11:01:00,210,210,210,210,0
2021-11-11 11:02:00,210,210,210,210,10000
2021-11-11 11:03:00,210,210,210,210,0
2021-11-11 11:04:00,210,210,210,210,0
2021-11-11 11:05:00,210,210,210,210,0
2021-11-11 11:06:00,210,210,210,210,0
2021-11-11 11:07:00,210,210,210,210,119500
2021-11-11 11:08:00,210,210,210,210,1200
2021-11-11 11:09:00,210,210,210,210,0
2021-11-11 11:10:00,210,210,210,210,0
2021-11-11 11:11:00,210,210,210,210,0
2021-11-11 11:12:00,210,210,210,210,0
2021-11-11 11:13:00,210,210,210,210,0
2021-11-11 11:14:00,210,210,210,210,2000
2021-11-11 11:15:00,208,208,208,208,2900
2021-11-11 11:16:00,208,208,208,208,0
2021-11-11 11:17:00,210,210,210,210,10000
2021-11-11 11:18:00,210,210,210,210,0
2021-11-11 11:19:00,208,208,208,208,10000
2021-11-11 11:20:00,208,208,208,208,5300
2021-11-11 11:21:00,210,210,210,210,500
2021-11-11 11:22:00,210,210,210,210,0
2021-11-11 11:23:00,210,210,210,210,100
2021-11-11 11:24:00,210,210,210,210,0
2021-11-11 11:25:00,210,210,210,210,0
2021-11-11 11:26:00,208,208,208,208,10000
2021-11-11 11:27:00,208,208,208,208,0
2021-11-11 11:28:00,210,210,210,210,100
2021-11-11 11:29:00,210,210,210,210,0
2021-11-11 11:30:00,210,210,210,210,0
2021-11-11 11:31:00,210,210,210,210,0
2021-11-11 11:32:00,210,210,210,210,0
2021-11-11 11:33:00,210,210,210,210,0
2021-11-11 11:34:00,210,210,210,210,0
2021-11-11 11:35:00,210,210,210,210,0
2021-11-11 11:36:00,210,210,210,210,0
2021-11-11 11:37:00,210,210,210,210,0
2021-11-11 11:38:00,210,210,210,210,0
2021-11-11 11:39:00,210,210,210,210,0
2021-11-11 11:40:00,210,210,210,210,0
2021-11-11 11:41:00,210,210,210,210,0
2021-11-11 11:42:00,210,210,210,210,0
2021-11-11 11:43:00,210,210,210,210,0
2021-11-11 11:44:00,210,210,210,210,0
2021-11-11 11:45:00,210,210,210,210,0
2021-11-11 11:46:00,210,210,210,210,0
2021-11-11 11:47:00,210,210,210,210,0
2021-11-11 11:48:00,210,210,210,210,0
2021-11-11 11:49:00,210,210,210,210,0
2021-11-11 11:50:00,210,210,210,210,0
2021-11-11 11:51:00,210,210,210,210,0
2021-11-11 11:52:00,210,210,210,210,0
2021-11-11 11:53:00,210,210,210,210,0
2021-11-11 11:54:00,210,210,210,210,0
2021-11-11 11:55:00,210,210,210,210,0
2021-11-11 11:56:00,210,210,210,210,0
2021-11-11 11:57:00,210,210,210,210,0
2021-11-11 11:58:00,210,210,210,210,0
2021-11-11 11:59:00,210,210,210,210,0
2021-11-11 12:00:00,210,210,210,210,0
2021-11-11 12:01:00,210,210,210,210,0
2021-11-11 12:02:00,210,210,210,210,0
2021-11-11 12:03:00,210,210,210,210,0
2021-11-11 12:04:00,210,210,210,210,0
2021-11-11 12:05:00,210,210,210,210,0
2021-11-11 12:06:00,210,210,210,210,0
2021-11-11 12:07:00,210,210,210,210,0
2021-11-11 12:08:00,210,210,210,210,0
2021-11-11 12:09:00,210,210,210,210,0
2021-11-11 12:10:00,210,210,210,210,0
2021-11-11 12:11:00,210,210,210,210,0
2021-11-11 12:12:00,210,210,210,210,0
2021-11-11 12:13:00,210,210,210,210,0
2021-11-11 12:14:00,210,210,210,210,0
2021-11-11 12:15:00,210,210,210,210,0
2021-11-11 12:16:00,210,210,210,210,0
2021-11-11 12:17:00,210,210,210,210,0
2021-11-11 12:18:00,210,210,210,210,0
2021-11-11 12:19:00,210,210,210,210,0
2021-11-11 12:20:00,210,210,210,210,0
2021-11-11 12:21:00,210,210,210,210,0
2021-11-11 12:22:00,210,210,210,210,0
2021-11-11 12:23:00,210,210,210,210,0
2021-11-11 12:24:00,210,210,210,210,0
2021-11-11 12:25:00,210,210,210,210,0
2021-11-11 12:26:00,210,210,210,210,0
2021-11-11 12:27:00,210,210,210,210,0
2021-11-11 12:28:00,210,210,210,210,0
2021-11-11 12:29:00,210,210,210,210,0
2021-11-11 12:30:00,210,210,210,210,0
2021-11-11 12:31:00,210,210,210,210,0
2021-11-11 12:32:00,210,210,210,210,0
2021-11-11 12:33:00,210,210,210,210,0
2021-11-11 12:34:00,210,210,210,210,0
2021-11-11 12:35:00,210,210,210,210,0
2021-11-11 12:36:00,210,210,210,210,0
2021-11-11 12:37:00,210,210,210,210,0
2021-11-11 12:38:00,210,210,210,210,0
2021-11-11 12:39:00,210,210,210,210,0
2021-11-11 12:40:00,210,210,210,210,0
2021-11-11 12:41:00,210,210,210,210,0
2021-11-11 12:42:00,210,210,210,210,0
2021-11-11 12:43:00,210,210,210,210,0
2021-11-11 12:44:00,210,210,210,210,0
2021-11-11 12:45:00,210,210,210,210,0
2021-11-11 12:46:00,210,210,210,210,0
2021-11-11 12:47:00,210,210,210,210,0
2021-11-11 12:48:00,210,210,210,210,0
2021-11-11 12:49:00,210,210,210,210,0
2021-11-11 12:50:00,210,210,210,210,0
2021-11-11 12:51:00,210,210,210,210,0
2021-11-11 12:52:00,210,210,210,210,0
2021-11-11 12:53:00,210,210,210,210,0
2021-11-11 12:54:00,210,210,210,210,0
2021-11-11 12:55:00,210,210,210,210,0
2021-11-11 12:56:00,210,210,210,210,0
2021-11-11 12:57:00,210,210,210,210,0
2021-11-11 12:58:00,210,210,210,210,0
2021-11-11 12:59:00,210,210,210,210,0
2021-11-11 13:00:00,210,210,210,210,0
2021-11-11 13:01:00,210,210,210,210,0
2021-11-11 13:02:00,210,210,210,210,0
2021-11-11 13:03:00,210,210,210,210,0
2021-11-11 13:04:00,210,210,210,210,0
2021-11-11 13:05:00,210,210,210,210,0
2021-11-11 13:06:00,210,210,210,210,0
2021-11-11 13:07:00,210,210,210,210,0
2021-11-11 13:08:00,210,210,210,210,0
2021-11-11 13:09:00,210,210,210,210,0
2021-11-11 13:10:00,210,210,210,210,0
2021-11-11 13:11:00,210,210,210,210,0
2021-11-11 13:12:00,210,210,210,210,0
2021-11-11 13:13:00,210,210,210,210,0
2021-11-11 13:14:00,210,210,210,210,0
2021-11-11 13:15:00,210,210,210,210,0
2021-11-11 13:16:00,210,210,210,210,0
2021-11-11 13:17:00,210,210,210,210,0
2021-11-11 13:18:00,210,210,210,210,0
2021-11-11 13:19:00,210,210,210,210,0
2021-11-11 13:20:00,210,210,210,210,0
2021-11-11 13:21:00,210,210,210,210,0
2021-11-11 13:22:00,210,210,210,210,0
2021-11-11 13:23:00,210,210,210,210,0
2021-11-11 13:24:00,210,210,210,210,0
2021-11-11 13:25:00,210,210,210,210,0
2021-11-11 13:26:00,210,210,210,210,0
2021-11-11 13:27:00,210,210,210,210,0
2021-11-11 13:28:00,210,210,210,210,0
2021-11-11 13:29:00,210,210,210,210,0
2021-11-11 13:30:00,210,208,210,208,232200
2021-11-11 13:31:00,208,208,208,208,10000
2021-11-11 13:32:00,208,208,208,208,0
2021-11-11 13:33:00,208,208,208,208,1200
2021-11-11 13:34:00,208,208,208,208,47400
2021-11-11 13:35:00,208,208,208,208,0
2021-11-11 13:36:00,208,208,208,208,600
2021-11-11 13:37:00,208,208,208,208,0
2021-11-11 13:38:00,208,208,208,208,0
2021-11-11 13:39:00,208,208,208,208,0
2021-11-11 13:40:00,210,210,210,210,6300
2021-11-11 13:41:00,208,208,208,208,66800
2021-11-11 13:42:00,208,208,208,208,0
2021-11-11 13:43:00,208,208,208,208,5000
2021-11-11 13:44:00,208,208,208,208,0
2021-11-11 13:45:00,208,208,208,208,0
2021-11-11 13:46:00,208,208,208,208,5000
2021-11-11 13:47:00,208,208,208,208,2200
2021-11-11 13:48:00,210,210,210,210,100
2021-11-11 13:49:00,210,210,210,210,0
2021-11-11 13:50:00,210,210,210,210,0
2021-11-11 13:51:00,210,210,210,210,0
2021-11-11 13:52:00,210,208,210,208,29500
2021-11-11 13:53:00,208,208,208,208,9900
2021-11-11 13:54:00,208,208,208,208,0
2021-11-11 13:55:00,208,208,208,208,0
2021-11-11 13:56:00,208,208,208,208,40300
2021-11-11 13:57:00,210,208,210,208,200
2021-11-11 13:58:00,210,208,210,208,0
2021-11-11 13:59:00,210,208,210,208,0
2021-11-11 14:00:00,210,208,210,208,0
2021-11-11 14:01:00,210,208,210,208,0
2021-11-11 14:02:00,208,208,208,208,74800
2021-11-11 14:03:00,208,208,208,208,18300
2021-11-11 14:04:00,208,208,208,208,0
2021-11-11 14:05:00,208,208,208,208,3000
2021-11-11 14:06:00,208,208,208,208,0
2021-11-11 14:07:00,208,208,208,208,0
2021-11-11 14:08:00,208,208,208,208,0
2021-11-11 14:09:00,208,208,208,208,1000
2021-11-11 14:10:00,208,208,208,208,65100
2021-11-11 14:11:00,208,208,208,208,0
2021-11-11 14:12:00,208,208,208,208,14900
2021-11-11 14:13:00,208,208,208,208,0
2021-11-11 14:14:00,208,208,208,208,20400
2021-11-11 14:15:00,210,208,210,208,16100
2021-11-11 14:16:00,210,208,210,208,0
2021-11-11 14:17:00,210,208,210,208,0
2021-11-11 14:18:00,210,208,210,208,0
2021-11-11 14:19:00,208,208,208,208,100
2021-11-11 14:20:00,208,208,208,208,0
2021-11-11 14:21:00,208,208,208,208,0
2021-11-11 14:22:00,208,208,208,208,25000
2021-11-11 14:23:00,208,208,208,208,0
2021-11-11 14:24:00,210,210,210,210,15000
2021-11-11 14:25:00,210,208,210,210,11600
2021-11-11 14:26:00,210,210,210,210,700
2021-11-11 14:27:00,210,210,210,210,25000
2021-11-11 14:28:00,210,210,210,210,12000
2021-11-11 14:29:00,208,208,210,210,7700
2021-11-11 14:30:00,210,208,210,208,7000
2021-11-11 14:31:00,210,208,210,208,0
2021-11-11 14:32:00,210,208,210,208,0
2021-11-11 14:33:00,210,208,210,210,33100
2021-11-11 14:34:00,210,210,210,210,10000
2021-11-11 14:35:00,208,208,208,208,126300
2021-11-11 14:36:00,208,208,208,208,0
2021-11-11 14:37:00,208,208,208,208,100
2021-11-11 14:38:00,208,208,208,208,0
2021-11-11 14:39:00,208,208,208,208,0
2021-11-11 14:40:00,208,208,208,208,0
2021-11-11 14:41:00,208,208,208,208,10100
2021-11-11 14:42:00,208,208,208,208,2300
2021-11-11 14:43:00,208,208,208,208,0
2021-11-11 14:44:00,208,208,208,208,0
2021-11-11 14:45:00,208,208,208,208,800
2021-11-11 14:46:00,208,208,208,208,0
2021-11-11 14:47:00,210,210,210,210,200
2021-11-11 14:48:00,210,210,210,210,0
2021-11-11 14:49:00,208,208,208,208,63800
2021-11-11 14:50:00,208,208,208,208,0
2021-11-11 14:51:00,208,208,208,208,0
2021-11-11 14:52:00,208,208,208,208,0
2021-11-11 14:53:00,208,208,208,208,0
2021-11-11 14:54:00,208,208,208,208,0
2021-11-11 14:55:00,208,208,208,208,0
2021-11-11 14:56:00,208,208,208,208,0
2021-11-11 14:57:00,208,208,208,208,0
2021-11-11 14:58:00,208,208,208,208,0
2021-11-11 14:59:00,208,208,208,208,0
2021-11-11 15:00:00,208,208,208,208,240100
2021-11-11 15:01:00,208,208,208,208,0
2021-11-11 15:02:00,208,208,208,208,0
2021-11-11 15:03:00,208,208,208,208,0
2021-11-11 15:04:00,208,208,208,208,0
2021-11-11 15:05:00,208,208,208,208,23800
2021-11-11 15:06:00,208,208,208,208,7500
2021-11-11 15:07:00,208,208,208,208,10000
2021-11-11 15:08:00,208,208,208,208,12300
2021-11-11 15:09:00,208,208,208,208,0
2021-11-11 15:10:00,208,208,208,208,0
2021-11-11 15:11:00,208,208,208,208,2000
2021-11-11 15:12:00,208,208,208,208,0
2021-11-11 15:13:00,208,208,208,208,3500
2021-11-11 15:14:00,208,208,208,208,1000
2021-11-11 15:15:00,208,208,208,208,0
2021-11-11 15:16:00,208,208,208,208,0
2021-11-11 15:17:00,208,208,208,208,0
2021-11-11 15:18:00,208,208,208,208,0
2021-11-11 15:19:00,208,208,208,208,0
2021-11-11 15:20:00,208,208,208,208,0
2021-11-11 15:21:00,208,208,208,208,0
2021-11-11 15:22:00,208,208,208,208,0
2021-11-11 15:23:00,208,208,208,208,0
2021-11-11 15:24:00,208,208,208,208,0
2021-11-11 15:25:00,208,208,208,208,0
2021-11-11 15:26:00,208,208,208,208,0
2021-11-11 15:27:00,208,208,208,208,0
2021-11-11 15:28:00,208,208,208,208,0
2021-11-11 15:29:00,208,208,208,208,0
2021-11-11 15:30:00,208,208,208,208,0
2021-11-11 15:31:00,208,208,208,208,0
2021-11-11 15:32:00,208,208,208,208,0
2021-11-11 15:33:00,208,208,208,208,0
2021-11-11 15:34:00,208,208,208,208,0
2021-11-11 15:35:00,208,208,208,208,0
2021-11-11 15:36:00,208,208,208,208,0
2021-11-11 15:37:00,208,208,208,208,0
2021-11-11 15:38:00,208,208,208,208,0
2021-11-11 15:39:00,208,208,208,208,0
2021-11-11 15:40:00,208,208,208,208,0
2021-11-11 15:41:00,208,208,208,208,0
2021-11-11 15:42:00,208,208,208,208,0
2021-11-11 15:43:00,208,208,208,208,0
2021-11-11 15:44:00,208,208,208,208,0
2021-11-11 15:45:00,208,208,208,208,0
2021-11-11 15:46:00,208,208,208,208,0
2021-11-11 15:47:00,208,208,208,208,0
2021-11-11 15:48:00,208,208,208,208,0
2021-11-11 15:49:00,208,208,208,208,0
2021-11-11 15:50:00,208,208,208,208,0
2021-11-11 15:51:00,208,208,208,208,0
2021-11-11 15:52:00,208,208,208,208,0
2021-11-11 15:53:00,208,208,208,208,0
2021-11-11 15:54:00,208,208,208,208,0
2021-11-11 15:55:00,208,208,208,208,0
2021-11-11 15:56:00,208,208,208,208,0
2021-11-11 15:57:00,208,208,208,208,0
2021-11-11 15:58:00,208,208,208,208,0
2021-11-11 15:59:00,208,208,208,208,0
2021-11-12 09:00:00,208,208,208,208,0
2021-11-12 09:01:00,208,208,208,208,0
2021-11-12 09:02:00,208,208,208,208,0
2021-11-12 09:03:00,208,208,208,208,0
2021-11-12 09:04:00,208,208,208,208,0
2021-11-12 09:05:00,208,208,208,208,100
2021-11-12 09:06:00,210,210,210,210,1600
2021-11-12 09:07:00,210,210,210,210,0
2021-11-12 09:08:00,208,208,208,208,1200
2021-11-12 09:09:00,208,208,208,208,15000
2021-11-12 09:10:00,208,208,208,208,2500
2021-11-12 09:11:00,208,208,208,208,0
2021-11-12 09:12:00,208,208,208,208,40900
2021-11-12 09:13:00,208,208,208,208,2600
2021-11-12 09:14:00,208,208,208,208,0
2021-11-12 09:15:00,208,208,208,208,0
2021-11-12 09:16:00,208,208,208,208,0
2021-11-12 09:17:00,208,208,208,208,500
2021-11-12 09:18:00,208,208,208,208,0
2021-11-12 09:19:00,206,206,206,206,300
2021-11-12 09:20:00,206,206,206,206,2000
2021-11-12 09:21:00,206,206,206,206,10000
2021-11-12 09:22:00,206,206,206,206,0
2021-11-12 09:23:00,206,206,206,206,200
2021-11-12 09:24:00,206,206,206,206,47600
2021-11-12 09:25:00,206,206,206,206,1000
2021-11-12 09:26:00,206,206,206,206,0
2021-11-12 09:27:00,206,206,206,206,500
2021-11-12 09:28:00,206,206,206,206,0
2021-11-12 09:29:00,206,206,206,206,1300
2021-11-12 09:30:00,206,206,206,206,0
2021-11-12 09:31:00,208,206,208,206,2200
2021-11-12 09:32:00,208,206,208,206,0
2021-11-12 09:33:00,208,206,208,206,0
2021-11-12 09:34:00,208,206,208,206,0
2021-11-12 09:35:00,206,206,206,206,5000
2021-11-12 09:36:00,208,208,208,208,300
2021-11-12 09:37:00,208,208,208,208,261100
2021-11-12 09:38:00,208,208,208,208,3000
2021-11-12 09:39:00,208,206,208,206,2900
2021-11-12 09:40:00,206,206,206,206,3400
2021-11-12 09:41:00,206,206,206,206,0
2021-11-12 09:42:00,206,206,206,206,0
2021-11-12 09:43:00,206,206,206,206,0
2021-11-12 09:44:00,206,206,206,206,0
2021-11-12 09:45:00,206,206,206,206,0
2021-11-12 09:46:00,206,206,208,208,2000
2021-11-12 09:47:00,208,208,208,208,400
2021-11-12 09:48:00,208,208,208,208,2500
2021-11-12 09:49:00,206,206,206,206,25100
2021-11-12 09:50:00,206,206,206,206,0
2021-11-12 09:51:00,206,206,206,206,0
2021-11-12 09:52:00,206,206,206,206,0
2021-11-12 09:53:00,206,206,206,206,0
2021-11-12 09:54:00,206,206,206,206,5500
2021-11-12 09:55:00,206,206,206,206,0
2021-11-12 09:56:00,206,206,206,206,0
2021-11-12 09:57:00,208,208,208,208,20000
2021-11-12 09:58:00,208,208,208,208,500
2021-11-12 09:59:00,208,208,208,208,0
2021-11-12 10:00:00,208,208,208,208,0
2021-11-12 10:01:00,208,208,208,208,0
2021-11-12 10:02:00,208,208,208,208,0
2021-11-12 10:03:00,208,208,208,208,0
2021-11-12 10:04:00,208,208,208,208,0
2021-11-12 10:05:00,208,208,208,208,0
2021-11-12 10:06:00,208,208,208,208,0
2021-11-12 10:07:00,208,208,208,208,0
2021-11-12 10:08:00,208,208,208,208,0
2021-11-12 10:09:00,208,208,208,208,5000
2021-11-12 10:10:00,208,208,208,208,0
2021-11-12 10:11:00,208,208,208,208,0
2021-11-12 10:12:00,208,208,208,208,700
2021-11-12 10:13:00,208,208,208,208,0
2021-11-12 10:14:00,208,208,208,208,0
2021-11-12 10:15:00,208,208,208,208,300
2021-11-12 10:16:00,206,206,206,206,153300
2021-11-12 10:17:00,206,206,206,206,7600
2021-11-12 10:18:00,206,206,206,206,0
2021-11-12 10:19:00,206,206,206,206,0
2021-11-12 10:20:00,206,206,206,206,0
2021-11-12 10:21:00,206,206,206,206,0
2021-11-12 10:22:00,206,206,206,206,0
2021-11-12 10:23:00,206,206,206,206,0
2021-11-12 10:24:00,206,206,206,206,0
2021-11-12 10:25:00,206,206,206,206,200
2021-11-12 10:26:00,206,206,206,206,0
2021-11-12 10:27:00,206,206,206,206,0
2021-11-12 10:28:00,206,206,206,206,9800
2021-11-12 10:29:00,206,206,206,206,0
2021-11-12 10:30:00,206,206,206,206,0
2021-11-12 10:31:00,206,206,206,206,0
2021-11-12 10:32:00,206,206,206,206,0
2021-11-12 10:33:00,206,206,208,208,50100
2021-11-12 10:34:00,206,206,208,208,0
2021-11-12 10:35:00,206,206,208,208,0
2021-11-12 10:36:00,206,206,206,206,3500
2021-11-12 10:37:00,206,206,206,206,0
2021-11-12 10:38:00,206,206,206,206,1000
2021-11-12 10:39:00,206,206,206,206,0
2021-11-12 10:40:00,206,206,206,206,0
2021-11-12 10:41:00,206,206,206,206,0
2021-11-12 10:42:00,206,206,206,206,3200
2021-11-12 10:43:00,206,206,206,206,0
2021-11-12 10:44:00,206,206,206,206,0
2021-11-12 10:45:00,206,206,206,206,0
2021-11-12 10:46:00,206,206,206,206,43000
2021-11-12 10:47:00,206,206,206,206,0
2021-11-12 10:48:00,206,206,206,206,0
2021-11-12 10:49:00,206,206,206,206,0
2021-11-12 10:50:00,206,206,206,206,0
2021-11-12 10:51:00,206,206,206,206,0
2021-11-12 10:52:00,206,206,206,206,0
2021-11-12 10:53:00,206,206,206,206,0
2021-11-12 10:54:00,206,206,206,206,0
2021-11-12 10:55:00,206,206,206,206,0
2021-11-12 10:56:00,206,206,206,206,0
2021-11-12 10:57:00,208,208,208,208,1000
2021-11-12 10:58:00,208,208,208,208,0
2021-11-12 10:59:00,208,208,208,208,0
2021-11-12 11:00:00,208,208,208,208,0
2021-11-12 11:01:00,208,208,208,208,0
2021-11-12 11:02:00,208,208,208,208,0
2021-11-12 11:03:00,208,208,208,208,0
2021-11-12 11:04:00,208,208,208,208,500
2021-11-12 11:05:00,208,208,208,208,0
2021-11-12 11:06:00,208,208,208,208,96300
2021-11-12 11:07:00,208,208,208,208,41200
2021-11-12 11:08:00,208,208,208,208,8500
2021-11-12 11:09:00,208,208,208,208,0
2021-11-12 11:10:00,208,208,208,208,0
2021-11-12 11:11:00,208,208,208,208,0
2021-11-12 11:12:00,208,208,208,208,1500
2021-11-12 11:13:00,208,208,208,208,0
2021-11-12 11:14:00,208,208,208,208,8000
2021-11-12 11:15:00,208,208,208,208,1000
2021-11-12 11:16:00,208,208,208,208,0
2021-11-12 11:17:00,208,208,208,208,0
2021-11-12 11:18:00,208,208,208,208,0
2021-11-12 11:19:00,208,208,208,208,0
2021-11-12 11:20:00,208,208,208,208,0
2021-11-12 11:21:00,208,208,208,208,0
2021-11-12 11:22:00,206,206,206,206,42000
2021-11-12 11:23:00,206,206,206,206,0
2021-11-12 11:24:00,206,206,206,206,10000
2021-11-12 11:25:00,206,206,206,206,0
2021-11-12 11:26:00,206,206,206,206,0
2021-11-12 11:27:00,206,206,206,206,0
2021-11-12 11:28:00,206,206,206,206,0
2021-11-12 11:29:00,206,206,206,206,0
2021-11-12 11:30:00,206,206,206,206,0
2021-11-12 11:31:00,206,206,206,206,0
2021-11-12 11:32:00,206,206,206,206,0
2021-11-12 11:33:00,206,206,206,206,0
2021-11-12 11:34:00,206,206,206,206,0
2021-11-12 11:35:00,206,206,206,206,0
2021-11-12 11:36:00,206,206,206,206,0
2021-11-12 11:37:00,206,206,206,206,0
2021-11-12 11:38:00,206,206,206,206,0
2021-11-12 11:39:00,206,206,206,206,0
2021-11-12 11:40:00,206,206,206,206,0
2021-11-12 11:41:00,206,206,206,206,0
2021-11-12 11:42:00,206,206,206,206,0
2021-11-12 11:43:00,206,206,206,206,0
2021-11-12 11:44:00,206,206,206,206,0
2021-11-12 11:45:00,206,206,206,206,0
2021-11-12 11:46:00,206,206,206,206,0
2021-11-12 11:47:00,206,206,206,206,0
2021-11-12 11:48:00,206,206,206,206,0
2021-11-12 11:49:00,206,206,206,206,0
2021-11-12 11:50:00,206,206,206,206,0
2021-11-12 11:51:00,206,206,206,206,0
2021-11-12 11:52:00,206,206,206,206,0
2021-11-12 11:53:00,206,206,206,206,0
2021-11-12 11:54:00,206,206,206,206,0
2021-11-12 11:55:00,206,206,206,206,0
2021-11-12 11:56:00,206,206,206,206,0
2021-11-12 11:57:00,206,206,206,206,0
2021-11-12 11:58:00,206,206,206,206,0
2021-11-12 11:59:00,206,206,206,206,0
2021-11-12 12:00:00,206,206,206,206,0
2021-11-12 12:01:00,206,206,206,206,0
2021-11-12 12:02:00,206,206,206,206,0
2021-11-12 12:03:00,206,206,206,206,0
2021-11-12 12:04:00,206,206,206,206,0
2021-11-12 12:05:00,206,206,206,206,0
2021-11-12 12:06:00,206,206,206,206,0
2021-11-12 12:07:00,206,206,206,206,0
2021-11-12 12:08:00,206,206,206,206,0
2021-11-12 12:09:00,206,206,206,206,0
2021-11-12 12:10:00,206,206,206,206,0
2021-11-12 12:11:00,206,206,206,206,0
2021-11-12 12:12:00,206,206,206,206,0
2021-11-12 12:13:00,206,206,206,206,0
2021-11-12 12:14:00,206,206,206,206,0
2021-11-12 12:15:00,206,206,206,206,0
2021-11-12 12:16:00,206,206,206,206,0
2021-11-12 12:17:00,206,206,206,206,0
2021-11-12 12:18:00,206,206,206,206,0
2021-11-12 12:19:00,206,206,206,206,0
2021-11-12 12:20:00,206,206,206,206,0
2021-11-12 12:21:00,206,206,206,206,0
2021-11-12 12:22:00,206,206,206,206,0
2021-11-12 12:23:00,206,206,206,206,0
2021-11-12 12:24:00,206,206,206,206,0
2021-11-12 12:25:00,206,206,206,206,0
2021-11-12 12:26:00,206,206,206,206,0
2021-11-12 12:27:00,206,206,206,206,0
2021-11-12 12:28:00,206,206,206,206,0
2021-11-12 12:29:00,206,206,206,206,0
2021-11-12 12:30:00,206,206,206,206,0
2021-11-12 12:31:00,206,206,206,206,0
2021-11-12 12:32:00,206,206,206,206,0
2021-11-12 12:33:00,206,206,206,206,0
2021-11-12 12:34:00,206,206,206,206,0
2021-11-12 12:35:00,206,206,206,206,0
2021-11-12 12:36:00,206,206,206,206,0
2021-11-12 12:37:00,206,206,206,206,0
2021-11-12 12:38:00,206,206,206,206,0
2021-11-12 12:39:00,206,206,206,206,0
2021-11-12 12:40:00,206,206,206,206,0
2021-11-12 12:41:00,206,206,206,206,0
2021-11-12 12:42:00,206,206,206,206,0
2021-11-12 12:43:00,206,206,206,206,0
2021-11-12 12:44:00,206,206,206,206,0
2021-11-12 12:45:00,206,206,206,206,0
2021-11-12 12:46:00,206,206,206,206,0
2021-11-12 12:47:00,206,206,206,206,0
2021-11-12 12:48:00,206,206,206,206,0
2021-11-12 12:49:00,206,206,206,206,0
2021-11-12 12:50:00,206,206,206,206,0
2021-11-12 12:51:00,206,206,206,206,0
2021-11-12 12:52:00,206,206,206,206,0
2021-11-12 12:53:00,206,206,206,206,0
2021-11-12 12:54:00,206,206,206,206,0
2021-11-12 12:55:00,206,206,206,206,0
2021-11-12 12:56:00,206,206,206,206,0
2021-11-12 12:57:00,206,206,206,206,0
2021-11-12 12:58:00,206,206,206,206,0
2021-11-12 12:59:00,206,206,206,206,0
2021-11-12 13:00:00,206,206,206,206,0
2021-11-12 13:01:00,206,206,206,206,0
2021-11-12 13:02:00,206,206,206,206,0
2021-11-12 13:03:00,206,206,206,206,0
2021-11-12 13:04:00,206,206,206,206,0
2021-11-12 13:05:00,206,206,206,206,0
2021-11-12 13:06:00,206,206,206,206,0
2021-11-12 13:07:00,206,206,206,206,0
2021-11-12 13:08:00,206,206,206,206,0
2021-11-12 13:09:00,206,206,206,206,0
2021-11-12 13:10:00,206,206,206,206,0
2021-11-12 13:11:00,206,206,206,206,0
2021-11-12 13:12:00,206,206,206,206,0
2021-11-12 13:13:00,206,206,206,206,0
2021-11-12 13:14:00,206,206,206,206,0
2021-11-12 13:15:00,206,206,206,206,0
2021-11-12 13:16:00,206,206,206,206,0
2021-11-12 13:17:00,206,206,206,206,0
2021-11-12 13:18:00,206,206,206,206,0
2021-11-12 13:19:00,206,206,206,206,0
2021-11-12 13:20:00,206,206,206,206,0
2021-11-12 13:21:00,206,206,206,206,0
2021-11-12 13:22:00,206,206,206,206,0
2021-11-12 13:23:00,206,206,206,206,0
2021-11-12 13:24:00,206,206,206,206,0
2021-11-12 13:25:00,206,206,206,206,0
2021-11-12 13:26:00,206,206,206,206,0
2021-11-12 13:27:00,206,206,206,206,0
2021-11-12 13:28:00,206,206,206,206,0
2021-11-12 13:29:00,206,206,206,206,0
2021-11-12 13:30:00,206,206,208,208,3800
2021-11-12 13:31:00,206,206,208,208,0
2021-11-12 13:32:00,206,206,208,208,0
2021-11-12 13:33:00,206,206,208,208,0
2021-11-12 13:34:00,206,206,208,208,0
2021-11-12 13:35:00,206,206,208,208,0
2021-11-12 13:36:00,208,208,208,208,100
2021-11-12 13:37:00,208,208,208,208,0
2021-11-12 13:38:00,208,208,208,208,0
2021-11-12 13:39:00,208,208,208,208,0
2021-11-12 13:40:00,208,208,208,208,0
2021-11-12 13:41:00,208,208,208,208,0
2021-11-12 13:42:00,208,208,208,208,400
2021-11-12 13:43:00,208,206,208,208,21300
2021-11-12 13:44:00,206,206,206,206,88700
2021-11-12 13:45:00,206,206,206,206,0
2021-11-12 13:46:00,206,206,206,206,20000
2021-11-12 13:47:00,206,206,206,206,106600
2021-11-12 13:48:00,206,206,206,206,0
2021-11-12 13:49:00,206,206,206,206,10000
2021-11-12 13:50:00,206,206,206,206,0
2021-11-12 13:51:00,206,206,206,206,0
2021-11-12 13:52:00,206,206,206,206,63300
2021-11-12 13:53:00,206,206,206,206,0
2021-11-12 13:54:00,206,206,206,206,0
2021-11-12 13:55:00,208,208,208,208,3000
2021-11-12 13:56:00,208,208,208,208,0
2021-11-12 13:57:00,208,208,208,208,0
2021-11-12 13:58:00,208,208,208,208,0
2021-11-12 13:59:00,206,206,206,206,3000
2021-11-12 14:00:00,206,206,206,206,0
2021-11-12 14:01:00,206,206,206,206,64600
2021-11-12 14:02:00,206,206,206,206,0
2021-11-12 14:03:00,206,206,206,206,0
2021-11-12 14:04:00,206,206,206,206,43200
2021-11-12 14:05:00,206,206,206,206,9400
2021-11-12 14:06:00,206,206,206,206,21100
2021-11-12 14:07:00,206,206,206,206,21000
2021-11-12 14:08:00,206,206,206,206,6800
2021-11-12 14:09:00,206,206,208,208,8100
2021-11-12 14:10:00,206,206,208,208,0
2021-11-12 14:11:00,206,206,208,208,0
2021-11-12 14:12:00,206,206,208,208,0
2021-11-12 14:13:00,206,206,208,208,0
2021-11-12 14:14:00,206,206,208,208,0
2021-11-12 14:15:00,208,208,208,208,25000
2021-11-12 14:16:00,206,206,206,206,336900
2021-11-12 14:17:00,206,206,206,206,225200
2021-11-12 14:18:00,206,204,206,204,120200
2021-11-12 14:19:00,206,204,206,204,103300
2021-11-12 14:20:00,206,204,206,204,0
2021-11-12 14:21:00,206,206,206,206,26800
2021-11-12 14:22:00,206,206,206,206,0
2021-11-12 14:23:00,206,206,206,206,0
2021-11-12 14:24:00,206,206,206,206,0
2021-11-12 14:25:00,206,206,206,206,74100
2021-11-12 14:26:00,206,206,206,206,400
2021-11-12 14:27:00,206,204,206,204,2600
2021-11-12 14:28:00,204,204,204,204,1000
2021-11-12 14:29:00,204,204,204,204,0
2021-11-12 14:30:00,206,204,206,204,200
2021-11-12 14:31:00,206,206,206,206,12000
2021-11-12 14:32:00,206,206,206,206,2500
2021-11-12 14:33:00,206,206,206,206,0
2021-11-12 14:34:00,204,204,204,204,10000
2021-11-12 14:35:00,204,204,204,204,0
2021-11-12 14:36:00,204,204,204,204,1000
2021-11-12 14:37:00,204,204,204,204,500
2021-11-12 14:38:00,204,204,204,204,0
2021-11-12 14:39:00,204,204,204,204,0
2021-11-12 14:40:00,204,204,204,204,0
2021-11-12 14:41:00,206,204,206,204,215800
2021-11-12 14:42:00,206,204,206,204,0
2021-11-12 14:43:00,206,206,206,206,3000
2021-11-12 14:44:00,206,206,206,206,0
2021-11-12 14:45:00,204,204,204,204,100
2021-11-12 14:46:00,204,204,204,204,0
2021-11-12 14:47:00,206,206,206,206,5300
2021-11-12 14:48:00,204,204,206,206,193600
2021-11-12 14:49:00,208,208,208,208,2500
2021-11-12 14:50:00,208,208,208,208,0
2021-11-12 14:51:00,208,208,208,208,0
2021-11-12 14:52:00,208,208,208,208,0
2021-11-12 14:53:00,208,208,208,208,0
2021-11-12 14:54:00,208,208,208,208,0
2021-11-12 14:55:00,208,208,208,208,0
2021-11-12 14:56:00,208,208,208,208,0
2021-11-12 14:57:00,208,208,208,208,0
2021-11-12 14:58:00,208,208,208,208,0
2021-11-12 14:59:00,208,208,208,208,0
2021-11-12 15:00:00,206,206,206,206,379600
2021-11-12 15:01:00,206,206,206,206,0
2021-11-12 15:02:00,206,206,206,206,0
2021-11-12 15:03:00,206,206,206,206,0
2021-11-12 15:04:00,206,206,206,206,0
2021-11-12 15:05:00,206,206,206,206,21100
2021-11-12 15:06:00,206,206,206,206,0
2021-11-12 15:07:00,206,206,206,206,0
2021-11-12 15:08:00,206,206,206,206,40000
2021-11-12 15:09:00,206,206,206,206,0
2021-11-12 15:10:00,206,206,206,206,20000
2021-11-12 15:11:00,206,206,206,206,10000
2021-11-12 15:12:00,206,206,206,206,100000
2021-11-12 15:13:00,206,206,206,206,7000
2021-11-12 15:14:00,206,206,206,206,5000
2021-11-12 15:15:00,206,206,206,206,0
2021-11-12 15:16:00,206,206,206,206,0
2021-11-12 15:17:00,206,206,206,206,0
2021-11-12 15:18:00,206,206,206,206,0
2021-11-12 15:19:00,206,206,206,206,0
2021-11-12 15:20:00,206,206,206,206,0
2021-11-12 15:21:00,206,206,206,206,0
2021-11-12 15:22:00,206,206,206,206,0
2021-11-12 15:23:00,206,206,206,206,0
2021-11-12 15:24:00,206,206,206,206,0
2021-11-12 15:25:00,206,206,206,206,0
2021-11-12 15:26:00,206,206,206,206,0
2021-11-12 15:27:00,206,206,206,206,0
2021-11-12 15:28:00,206,206,206,206,0
2021-11-12 15:29:00,206,206,206,206,0
2021-11-12 15:30:00,206,206,206,206,0
2021-11-12 15:31:00,206,206,206,206,0
2021-11-12 15:32:00,206,206,206,206,0
2021-11-12 15:33:00,206,206,206,206,0
2021-11-12 15:34:00,206,206,206,206,0
2021-11-12 15:35:00,206,206,206,206,0
2021-11-12 15:36:00,206,206,206,206,0
2021-11-12 15:37:00,206,206,206,206,0
2021-11-12 15:38:00,206,206,206,206,0
2021-11-12 15:39:00,206,206,206,206,0
2021-11-12 15:40:00,206,206,206,206,0
2021-11-12 15:41:00,206,206,206,206,0
2021-11-12 15:42:00,206,206,206,206,0
2021-11-12 15:43:00,206,206,206,206,0
2021-11-12 15:44:00,206,206,206,206,0
2021-11-12 15:45:00,206,206,206,206,0
2021-11-12 15:46:00,206,206,206,206,0
2021-11-12 15:47:00,206,206,206,206,0
2021-11-12 15:48:00,206,206,206,206,0
2021-11-12 15:49:00,206,206,206,206,0
2021-11-12 15:50:00,206,206,206,206,0
2021-11-12 15:51:00,206,206,206,206,0
2021-11-12 15:52:00,206,206,206,206,0
2021-11-12 15:53:00,206,206,206,206,0
2021-11-12 15:54:00,206,206,206,206,0
2021-11-12 15:55:00,206,206,206,206,0
2021-11-12 15:56:00,206,206,206,206,0
2021-11-12 15:57:00,206,206,206,206,0
2021-11-12 15:58:00,206,206,206,206,0
2021-11-12 15:59:00,206,206,206,206,0
2021-11-15 09:00:00,206,206,206,206,0
2021-11-15 09:01:00,206,206,206,206,5000
2021-11-15 09:02:00,206,206,206,206,100
2021-11-15 09:03:00,206,206,206,206,0
2021-11-15 09:04:00,206,206,206,206,0
2021-11-15 09:05:00,204,204,204,204,50000
2021-11-15 09:06:00,206,206,206,206,100
2021-11-15 09:07:00,206,206,206,206,0
2021-11-15 09:08:00,206,206,206,206,0
2021-11-15 09:09:00,206,204,206,204,3600
2021-11-15 09:10:00,206,204,206,204,0
2021-11-15 09:11:00,204,204,204,204,700
2021-11-15 09:12:00,204,204,204,204,0
2021-11-15 09:13:00,204,204,204,204,0
2021-11-15 09:14:00,204,204,204,204,32100
2021-11-15 09:15:00,204,204,204,204,5500
2021-11-15 09:16:00,204,204,204,204,0
2021-11-15 09:17:00,204,204,204,204,0
2021-11-15 09:18:00,204,204,204,204,0
2021-11-15 09:19:00,204,204,204,204,0
2021-11-15 09:20:00,204,204,204,204,0
2021-11-15 09:21:00,206,204,206,204,9800
2021-11-15 09:22:00,204,204,204,204,100
2021-11-15 09:23:00,204,204,204,204,30800
2021-11-15 09:24:00,204,204,204,204,3500
2021-11-15 09:25:00,206,206,206,206,6500
2021-11-15 09:26:00,206,206,206,206,0
2021-11-15 09:27:00,206,206,206,206,10500
2021-11-15 09:28:00,206,206,206,206,5000
2021-11-15 09:29:00,206,206,206,206,0
2021-11-15 09:30:00,206,206,206,206,0
2021-11-15 09:31:00,206,206,206,206,2500
2021-11-15 09:32:00,206,206,206,206,0
2021-11-15 09:33:00,204,204,204,204,300
2021-11-15 09:34:00,204,204,204,204,0
2021-11-15 09:35:00,204,204,204,204,3400
2021-11-15 09:36:00,204,204,204,204,500
2021-11-15 09:37:00,204,204,204,204,30000
2021-11-15 09:38:00,204,204,204,204,400
2021-11-15 09:39:00,204,204,204,204,0
2021-11-15 09:40:00,204,204,204,204,10700
2021-11-15 09:41:00,204,204,204,204,600
2021-11-15 09:42:00,204,204,204,204,300
2021-11-15 09:43:00,204,204,204,204,0
2021-11-15 09:44:00,204,204,204,204,0
2021-11-15 09:45:00,204,204,204,204,500
2021-11-15 09:46:00,204,204,206,206,10700
2021-11-15 09:47:00,204,204,206,206,0
2021-11-15 09:48:00,206,206,206,206,300
2021-11-15 09:49:00,206,206,206,206,0
2021-11-15 09:50:00,204,204,204,204,10000
2021-11-15 09:51:00,204,204,204,204,0
2021-11-15 09:52:00,204,204,204,204,0
2021-11-15 09:53:00,204,204,204,204,0
2021-11-15 09:54:00,204,204,204,204,100
2021-11-15 09:55:00,204,204,204,204,0
2021-11-15 09:56:00,204,204,204,204,0
2021-11-15 09:57:00,204,204,204,204,0
2021-11-15 09:58:00,204,204,204,204,0
2021-11-15 09:59:00,204,204,204,204,6100
2021-11-15 10:00:00,204,204,204,204,11100
2021-11-15 10:01:00,204,204,204,204,0
2021-11-15 10:02:00,204,204,204,204,0
2021-11-15 10:03:00,204,204,204,204,0
2021-11-15 10:04:00,204,204,204,204,200
2021-11-15 10:05:00,204,204,204,204,0
2021-11-15 10:06:00,204,204,204,204,0
2021-11-15 10:07:00,204,204,204,204,0
2021-11-15 10:08:00,204,204,206,206,1200
2021-11-15 10:09:00,204,204,206,206,0
2021-11-15 10:10:00,204,204,204,204,5700
2021-11-15 10:11:00,204,204,204,204,0
2021-11-15 10:12:00,204,204,206,206,59200
2021-11-15 10:13:00,204,204,204,204,467400
2021-11-15 10:14:00,204,204,204,204,5500
2021-11-15 10:15:00,204,204,204,204,142200
2021-11-15 10:16:00,204,204,204,204,0
2021-11-15 10:17:00,204,204,204,204,1000
2021-11-15 10:18:00,204,204,204,204,0
2021-11-15 10:19:00,204,204,204,204,0
2021-11-15 10:20:00,204,204,204,204,0
2021-11-15 10:21:00,204,204,204,204,0
2021-11-15 10:22:00,204,204,204,204,11700
2021-11-15 10:23:00,204,204,204,204,1800
2021-11-15 10:24:00,204,204,204,204,4500
2021-11-15 10:25:00,204,204,204,204,0
2021-11-15 10:26:00,204,204,204,204,0
2021-11-15 10:27:00,204,204,204,204,0
2021-11-15 10:28:00,204,204,204,204,2500
2021-11-15 10:29:00,204,204,204,204,0
2021-11-15 10:30:00,204,204,204,204,10600
2021-11-15 10:31:00,204,204,204,204,0
2021-11-15 10:32:00,204,202,204,202,57800
2021-11-15 10:33:00,204,202,204,202,0
2021-11-15 10:34:00,202,202,202,202,7700
2021-11-15 10:35:00,202,202,202,202,0
2021-11-15 10:36:00,202,202,202,202,0
2021-11-15 10:37:00,202,202,202,202,0
2021-11-15 10:38:00,204,202,204,202,10500
2021-11-15 10:39:00,204,202,204,202,0
2021-11-15 10:40:00,204,202,204,202,0
2021-11-15 10:41:00,204,202,204,204,36100
2021-11-15 10:42:00,204,202,204,204,0
2021-11-15 10:43:00,204,204,204,204,7600
2021-11-15 10:44:00,202,202,202,202,100
2021-11-15 10:45:00,202,202,202,202,0
2021-11-15 10:46:00,202,202,202,202,94800
2021-11-15 10:47:00,202,202,202,202,0
2021-11-15 10:48:00,202,202,202,202,0
2021-11-15 10:49:00,204,204,204,204,400
2021-11-15 10:50:00,204,204,204,204,1000
2021-11-15 10:51:00,204,204,204,204,0
2021-11-15 10:52:00,204,204,204,204,0
2021-11-15 10:53:00,204,204,204,204,0
2021-11-15 10:54:00,204,204,204,204,0
2021-11-15 10:55:00,204,204,204,204,0
2021-11-15 10:56:00,204,204,204,204,1000
2021-11-15 10:57:00,204,204,204,204,4000
2021-11-15 10:58:00,204,204,204,204,0
2021-11-15 10:59:00,204,204,204,204,0
2021-11-15 11:00:00,204,204,204,204,8000
2021-11-15 11:01:00,204,202,204,204,115000
2021-11-15 11:02:00,204,204,204,204,50000
2021-11-15 11:03:00,204,204,204,204,0
2021-11-15 11:04:00,204,204,204,204,0
2021-11-15 11:05:00,204,204,204,204,0
2021-11-15 11:06:00,204,204,204,204,0
2021-11-15 11:07:00,202,202,202,202,10000
2021-11-15 11:08:00,202,202,202,202,0
2021-11-15 11:09:00,202,202,202,202,0
2021-11-15 11:10:00,202,202,202,202,0
2021-11-15 11:11:00,202,202,202,202,7300
2021-11-15 11:12:00,204,204,204,204,100
2021-11-15 11:13:00,204,204,204,204,0
2021-11-15 11:14:00,204,204,204,204,0
2021-11-15 11:15:00,204,204,204,204,400
2021-11-15 11:16:00,204,204,204,204,0
2021-11-15 11:17:00,204,204,204,204,200
2021-11-15 11:18:00,202,202,202,202,900
2021-11-15 11:19:00,204,204,204,204,5000
2021-11-15 11:20:00,202,202,202,202,5000
2021-11-15 11:21:00,202,202,202,202,45100
2021-11-15 11:22:00,202,202,202,202,0
2021-11-15 11:23:00,204,204,204,204,200
2021-11-15 11:24:00,204,204,204,204,5000
2021-11-15 11:25:00,204,204,204,204,0
2021-11-15 11:26:00,204,204,204,204,0
2021-11-15 11:27:00,204,204,204,204,1100
2021-11-15 11:28:00,204,204,204,204,100
2021-11-15 11:29:00,202,202,202,202,100000
2021-11-15 11:30:00,202,202,202,202,0
2021-11-15 11:31:00,202,202,202,202,0
2021-11-15 11:32:00,202,202,202,202,0
2021-11-15 11:33:00,202,202,202,202,0
2021-11-15 11:34:00,202,202,202,202,0
2021-11-15 11:35:00,202,202,202,202,0
2021-11-15 11:36:00,202,202,202,202,0
2021-11-15 11:37:00,202,202,202,202,0
2021-11-15 11:38:00,202,202,202,202,0
2021-11-15 11:39:00,202,202,202,202,0
2021-11-15 11:40:00,202,202,202,202,0
2021-11-15 11:41:00,202,202,202,202,0
2021-11-15 11:42:00,202,202,202,202,0
2021-11-15 11:43:00,202,202,202,202,0
2021-11-15 11:44:00,202,202,202,202,0
2021-11-15 11:45:00,202,202,202,202,0
2021-11-15 11:46:00,202,202,202,202,0
2021-11-15 11:47:00,202,202,202,202,0
2021-11-15 11:48:00,202,202,202,202,0
2021-11-15 11:49:00,202,202,202,202,0
2021-11-15 11:50:00,202,202,202,202,0
2021-11-15 11:51:00,202,202,202,202,0
2021-11-15 11:52:00,202,202,202,202,0
2021-11-15 11:53:00,202,202,202,202,0
2021-11-15 11:54:00,202,202,202,202,0
2021-11-15 11:55:00,202,202,202,202,0
2021-11-15 11:56:00,202,202,202,202,0
2021-11-15 11:57:00,202,202,202,202,0
2021-11-15 11:58:00,202,202,202,202,0
2021-11-15 11:59:00,202,202,202,202,0
2021-11-15 12:00:00,202,202,202,202,0
2021-11-15 12:01:00,202,202,202,202,0
2021-11-15 12:02:00,202,202,202,202,0
2021-11-15 12:03:00,202,202,202,202,0
2021-11-15 12:04:00,202,202,202,202,0
2021-11-15 12:05:00,202,202,202,202,0
2021-11-15 12:06:00,202,202,202,202,0
2021-11-15 12:07:00,202,202,202,202,0
2021-11-15 12:08:00,202,202,202,202,0
2021-11-15 12:09:00,202,202,202,202,0
2021-11-15 12:10:00,202,202,202,202,0
2021-11-15 12:11:00,202,202,202,202,0
2021-11-15 12:12:00,202,202,202,202,0
2021-11-15 12:13:00,202,202,202,202,0
2021-11-15 12:14:00,202,202,202,202,0
2021-11-15 12:15:00,202,202,202,202,0
2021-11-15 12:16:00,202,202,202,202,0
2021-11-15 12:17:00,202,202,202,202,0
2021-11-15 12:18:00,202,202,202,202,0
2021-11-15 12:19:00,202,202,202,202,0
2021-11-15 12:20:00,202,202,202,202,0
2021-11-15 12:21:00,202,202,202,202,0
2021-11-15 12:22:00,202,202,202,202,0
2021-11-15 12:23:00,202,202,202,202,0
2021-11-15 12:24:00,202,202,202,202,0
2021-11-15 12:25:00,202,202,202,202,0
2021-11-15 12:26:00,202,202,202,202,0
2021-11-15 12:27:00,202,202,202,202,0
2021-11-15 12:28:00,202,202,202,202,0
2021-11-15 12:29:00,202,202,202,202,0
2021-11-15 12:30:00,202,202,202,202,0
2021-11-15 12:31:00,202,202,202,202,0
2021-11-15 12:32:00,202,202,202,202,0
2021-11-15 12:33:00,202,202,202,202,0
2021-11-15 12:34:00,202,202,202,202,0
2021-11-15 12:35:00,202,202,202,202,0
2021-11-15 12:36:00,202,202,202,202,0
2021-11-15 12:37:00,202,202,202,202,0
2021-11-15 12:38:00,202,202,202,202,0
2021-11-15 12:39:00,202,202,202,202,0
2021-11-15 12:40:00,202,202,202,202,0
2021-11-15 12:41:00,202,202,202,202,0
2021-11-15 12:42:00,202,202,202,202,0
2021-11-15 12:43:00,202,202,202,202,0
2021-11-15 12:44:00,202,202,202,202,0
2021-11-15 12:45:00,202,202,202,202,0
2021-11-15 12:46:00,202,202,202,202,0
2021-11-15 12:47:00,202,202,202,202,0
2021-11-15 12:48:00,202,202,202,202,0
2021-11-15 12:49:00,202,202,202,202,0
2021-11-15 12:50:00,202,202,202,202,0
2021-11-15 12:51:00,202,202,202,202,0
2021-11-15 12:52:00,202,202,202,202,0
2021-11-15 12:53:00,202,202,202,202,0
2021-11-15 12:54:00,202,202,202,202,0
2021-11-15 12:55:00,202,202,202,202,0
2021-11-15 12:56:00,202,202,202,202,0
2021-11-15 12:57:00,202,202,202,202,0
2021-11-15 12:58:00,202,202,202,202,0
2021-11-15 12:59:00,202,202,202,202,0
2021-11-15 13:00:00,202,202,202,202,0
2021-11-15 13:01:00,202,202,202,202,0
2021-11-15 13:02:00,202,202,202,202,0
2021-11-15 13:03:00,202,202,202,202,0
2021-11-15 13:04:00,202,202,202,202,0
2021-11-15 13:05:00,202,202,202,202,0
2021-11-15 13:06:00,202,202,202,202,0
2021-11-15 13:07:00,202,202,202,202,0
2021-11-15 13:08:00,202,202,202,202,0
2021-11-15 13:09:00,202,202,202,202,0
2021-11-15 13:10:00,202,202,202,202,0
2021-11-15 13:11:00,202,202,202,202,0
2021-11-15 13:12:00,202,202,202,202,0
2021-11-15 13:13:00,202,202,202,202,0
2021-11-15 13:14:00,202,202,202,202,0
2021-11-15 13:15:00,202,202,202,202,0
2021-11-15 13:16:00,202,202,202,202,0
2021-11-15 13:17:00,202,202,202,202,0
2021-11-15 13:18:00,202,202,202,202,0
2021-11-15 13:19:00,202,202,202,202,0
2021-11-15 13:20:00,202,202,202,202,0
2021-11-15 13:21:00,202,202,202,202,0
2021-11-15 13:22:00,202,202,202,202,0
2021-11-15 13:23:00,202,202,202,202,0
2021-11-15 13:24:00,202,202,202,202,0
2021-11-15 13:25:00,202,202,202,202,0
2021-11-15 13:26:00,202,202,202,202,0
2021-11-15 13:27:00,202,202,202,202,0
2021-11-15 13:28:00,202,202,202,202,0
2021-11-15 13:29:00,202,202,202,202,0
2021-11-15 13:30:00,202,202,204,202,26600
2021-11-15 13:31:00,202,202,202,202,1200
2021-11-15 13:32:00,202,202,202,202,0
2021-11-15 13:33:00,202,202,202,202,0
2021-11-15 13:34:00,202,202,202,202,0
2021-11-15 13:35:00,202,202,202,202,0
2021-11-15 13:36:00,202,202,202,202,500
2021-11-15 13:37:00,202,202,202,202,100
2021-11-15 13:38:00,204,204,204,204,1000
2021-11-15 13:39:00,204,204,204,204,0
2021-11-15 13:40:00,202,202,202,202,100000
2021-11-15 13:41:00,202,202,202,202,300
2021-11-15 13:42:00,202,202,202,202,0
2021-11-15 13:43:00,202,202,202,202,21100
2021-11-15 13:44:00,202,202,202,202,0
2021-11-15 13:45:00,202,202,202,202,800
2021-11-15 13:46:00,202,202,202,202,0
2021-11-15 13:47:00,202,202,202,202,0
2021-11-15 13:48:00,202,202,202,202,0
2021-11-15 13:49:00,202,202,202,202,37400
2021-11-15 13:50:00,204,204,204,204,300
2021-11-15 13:51:00,202,202,202,202,200
2021-11-15 13:52:00,202,202,202,202,0
2021-11-15 13:53:00,202,202,202,202,0
2021-11-15 13:54:00,202,202,202,202,0
2021-11-15 13:55:00,202,202,202,202,0
2021-11-15 13:56:00,204,204,204,204,30000
2021-11-15 13:57:00,204,204,204,204,20600
2021-11-15 13:58:00,204,204,204,204,0
2021-11-15 13:59:00,204,204,204,204,0
2021-11-15 14:00:00,202,202,202,202,1500
2021-11-15 14:01:00,202,202,202,202,371200
2021-11-15 14:02:00,202,202,202,202,0
2021-11-15 14:03:00,204,202,204,202,20200
2021-11-15 14:04:00,202,202,202,202,2800
2021-11-15 14:05:00,202,202,204,204,900
2021-11-15 14:06:00,202,202,204,204,0
2021-11-15 14:07:00,202,202,204,204,0
2021-11-15 14:08:00,202,202,204,204,0
2021-11-15 14:09:00,202,202,204,204,0
2021-11-15 14:10:00,204,202,204,202,3100
2021-11-15 14:11:00,202,202,202,202,90000
2021-11-15 14:12:00,202,202,202,202,3600
2021-11-15 14:13:00,202,202,202,202,0
2021-11-15 14:14:00,202,202,202,202,0
2021-11-15 14:15:00,202,202,202,202,0
2021-11-15 14:16:00,204,204,204,204,100
2021-11-15 14:17:00,204,204,204,204,0
2021-11-15 14:18:00,204,204,204,204,100
2021-11-15 14:19:00,204,204,204,204,0
2021-11-15 14:20:00,204,204,204,204,0
2021-11-15 14:21:00,204,204,204,204,0
2021-11-15 14:22:00,204,204,204,204,0
2021-11-15 14:23:00,204,204,204,204,0
2021-11-15 14:24:00,204,204,204,204,0
2021-11-15 14:25:00,204,204,204,204,1000
2021-11-15 14:26:00,204,204,204,204,0
2021-11-15 14:27:00,204,204,204,204,0
2021-11-15 14:28:00,204,204,204,204,0
2021-11-15 14:29:00,204,204,204,204,0
2021-11-15 14:30:00,202,202,202,202,5200
2021-11-15 14:31:00,202,202,202,202,0
2021-11-15 14:32:00,202,202,202,202,0
2021-11-15 14:33:00,204,204,204,204,1200
2021-11-15 14:34:00,204,204,204,204,0
2021-11-15 14:35:00,204,202,204,202,578800
2021-11-15 14:36:00,202,202,202,202,35000
2021-11-15 14:37:00,202,202,202,202,0
2021-11-15 14:38:00,202,202,202,202,20900
2021-11-15 14:39:00,202,202,202,202,7300
2021-11-15 14:40:00,204,204,204,204,30000
2021-11-15 14:41:00,204,204,204,204,1000
2021-11-15 14:42:00,204,204,204,204,0
2021-11-15 14:43:00,204,204,204,204,0
2021-11-15 14:44:00,204,202,204,204,24900
2021-11-15 14:45:00,204,204,204,204,1000
2021-11-15 14:46:00,202,202,202,202,1200
2021-11-15 14:47:00,202,202,202,202,2500
2021-11-15 14:48:00,204,204,204,204,2000
2021-11-15 14:49:00,202,202,202,202,232800
2021-11-15 14:50:00,202,202,202,202,0
2021-11-15 14:51:00,202,202,202,202,0
2021-11-15 14:52:00,202,202,202,202,0
2021-11-15 14:53:00,202,202,202,202,0
2021-11-15 14:54:00,202,202,202,202,0
2021-11-15 14:55:00,202,202,202,202,0
2021-11-15 14:56:00,202,202,202,202,0
2021-11-15 14:57:00,202,202,202,202,0
2021-11-15 14:58:00,202,202,202,202,0
2021-11-15 14:59:00,202,202,202,202,0
2021-11-15 15:00:00,204,204,204,204,202300
2021-11-15 15:01:00,204,204,204,204,0
2021-11-15 15:02:00,204,204,204,204,0
2021-11-15 15:03:00,204,204,204,204,0
2021-11-15 15:04:00,204,204,204,204,0
2021-11-15 15:05:00,204,204,204,204,6400
2021-11-15 15:06:00,204,204,204,204,10000
2021-11-15 15:07:00,204,204,204,204,0
2021-11-15 15:08:00,204,204,204,204,15400
2021-11-15 15:09:00,204,204,204,204,0
2021-11-15 15:10:00,204,204,204,204,1000
2021-11-15 15:11:00,204,204,204,204,500
2021-11-15 15:12:00,204,204,204,204,0
2021-11-15 15:13:00,204,204,204,204,3700
2021-11-15 15:14:00,204,204,204,204,0
2021-11-15 15:15:00,204,204,204,204,0
2021-11-15 15:16:00,204,204,204,204,0
2021-11-15 15:17:00,204,204,204,204,0
2021-11-15 15:18:00,204,204,204,204,0
2021-11-15 15:19:00,204,204,204,204,0
2021-11-15 15:20:00,204,204,204,204,0
2021-11-15 15:21:00,204,204,204,204,0
2021-11-15 15:22:00,204,204,204,204,0
2021-11-15 15:23:00,204,204,204,204,0
2021-11-15 15:24:00,204,204,204,204,0
2021-11-15 15:25:00,204,204,204,204,0
2021-11-15 15:26:00,204,204,204,204,0
2021-11-15 15:27:00,204,204,204,204,0
2021-11-15 15:28:00,204,204,204,204,0
2021-11-15 15:29:00,204,204,204,204,0
2021-11-15 15:30:00,204,204,204,204,0
2021-11-15 15:31:00,204,204,204,204,0
2021-11-15 15:32:00,204,204,204,204,0
2021-11-15 15:33:00,204,204,204,204,0
2021-11-15 15:34:00,204,204,204,204,0
2021-11-15 15:35:00,204,204,204,204,0
2021-11-15 15:36:00,204,204,204,204,0
2021-11-15 15:37:00,204,204,204,204,0
2021-11-15 15:38:00,204,204,204,204,0
2021-11-15 15:39:00,204,204,204,204,0
2021-11-15 15:40:00,204,204,204,204,0
2021-11-15 15:41:00,204,204,204,204,0
2021-11-15 15:42:00,204,204,204,204,0
2021-11-15 15:43:00,204,204,204,204,0
2021-11-15 15:44:00,204,204,204,204,0
2021-11-15 15:45:00,204,204,204,204,0
2021-11-15 15:46:00,204,204,204,204,0
2021-11-15 15:47:00,204,204,204,204,0
2021-11-15 15:48:00,204,204,204,204,0
2021-11-15 15:49:00,204,204,204,204,0
2021-11-15 15:50:00,204,204,204,204,0
2021-11-15 15:51:00,204,204,204,204,0
2021-11-15 15:52:00,204,204,204,204,0
2021-11-15 15:53:00,204,204,204,204,0
2021-11-15 15:54:00,204,204,204,204,0
2021-11-15 15:55:00,204,204,204,204,0
2021-11-15 15:56:00,204,204,204,204,0
2021-11-15 15:57:00,204,204,204,204,0
2021-11-15 15:58:00,204,204,204,204,0
2021-11-15 15:59:00,204,204,204,204,0
2021-11-16 09:00:00,204,202,204,204,0
2021-11-16 09:01:00,204,202,204,204,0
2021-11-16 09:02:00,202,202,202,202,26100
2021-11-16 09:03:00,202,202,202,202,0
2021-11-16 09:04:00,202,202,202,202,6000
2021-11-16 09:05:00,202,202,202,202,0
2021-11-16 09:06:00,202,202,204,202,16800
2021-11-16 09:07:00,202,202,202,202,15400
2021-11-16 09:08:00,202,202,202,202,5000
2021-11-16 09:09:00,204,204,204,204,500
2021-11-16 09:10:00,204,204,204,204,140000
2021-11-16 09:11:00,204,204,204,204,0
2021-11-16 09:12:00,204,204,204,204,5000
2021-11-16 09:13:00,204,204,204,204,5000
2021-11-16 09:14:00,204,204,204,204,2100
2021-11-16 09:15:00,204,204,204,204,30000
2021-11-16 09:16:00,204,204,204,204,5000
2021-11-16 09:17:00,204,204,204,204,0
2021-11-16 09:18:00,204,204,204,204,0
2021-11-16 09:19:00,204,204,204,204,87500
2021-11-16 09:20:00,204,204,206,206,5100
2021-11-16 09:21:00,204,204,206,206,0
2021-11-16 09:22:00,206,202,210,202,600600
2021-11-16 09:23:00,204,202,204,204,35500
2021-11-16 09:24:00,204,204,204,204,5000
2021-11-16 09:25:00,204,204,204,204,26500
2021-11-16 09:26:00,204,204,204,204,15000
2021-11-16 09:27:00,204,204,204,204,2500
2021-11-16 09:28:00,204,204,204,204,0
2021-11-16 09:29:00,204,204,204,204,1000
2021-11-16 09:30:00,204,204,204,204,0
2021-11-16 09:31:00,204,204,204,204,0
2021-11-16 09:32:00,204,204,204,204,0
2021-11-16 09:33:00,204,204,204,204,0
2021-11-16 09:34:00,204,204,204,204,1200
2021-11-16 09:35:00,204,204,204,204,0
2021-11-16 09:36:00,204,204,204,204,0
2021-11-16 09:37:00,204,204,204,204,0
2021-11-16 09:38:00,204,204,204,204,2000
2021-11-16 09:39:00,204,204,204,204,0
2021-11-16 09:40:00,204,204,204,204,0
2021-11-16 09:41:00,204,204,204,204,2000
2021-11-16 09:42:00,204,204,204,204,2000
2021-11-16 09:43:00,204,204,204,204,1200
2021-11-16 09:44:00,204,204,204,204,0
2021-11-16 09:45:00,204,204,204,204,5000
2021-11-16 09:46:00,202,202,202,202,1000
2021-11-16 09:47:00,202,202,202,202,0
2021-11-16 09:48:00,202,202,202,202,0
2021-11-16 09:49:00,202,202,202,202,0
2021-11-16 09:50:00,202,202,202,202,0
2021-11-16 09:51:00,202,202,202,202,17500
2021-11-16 09:52:00,202,202,202,202,0
2021-11-16 09:53:00,202,202,202,202,0
2021-11-16 09:54:00,202,202,202,202,0
2021-11-16 09:55:00,202,202,202,202,0
2021-11-16 09:56:00,202,202,202,202,0
2021-11-16 09:57:00,202,202,202,202,0
2021-11-16 09:58:00,202,202,202,202,0
2021-11-16 09:59:00,202,202,202,202,0
2021-11-16 10:00:00,202,202,202,202,0
2021-11-16 10:01:00,202,202,204,204,1300
2021-11-16 10:02:00,204,204,204,204,30000
2021-11-16 10:03:00,204,204,204,204,71400
2021-11-16 10:04:00,204,204,206,206,1800
2021-11-16 10:05:00,204,204,206,206,0
2021-11-16 10:06:00,204,204,206,206,0
2021-11-16 10:07:00,206,204,206,204,57000
2021-11-16 10:08:00,204,204,204,204,10000
2021-11-16 10:09:00,204,204,204,204,0
2021-11-16 10:10:00,204,204,204,204,0
2021-11-16 10:11:00,204,204,204,204,20000
2021-11-16 10:12:00,204,204,204,204,0
2021-11-16 10:13:00,204,204,204,204,5600
2021-11-16 10:14:00,204,204,204,204,2000
2021-11-16 10:15:00,204,200,206,200,1233400
2021-11-16 10:16:00,204,200,206,200,0
2021-11-16 10:17:00,204,200,206,200,0
2021-11-16 10:18:00,204,200,206,200,0
2021-11-16 10:19:00,202,202,202,202,900
2021-11-16 10:20:00,202,202,202,202,0
2021-11-16 10:21:00,202,202,202,202,0
2021-11-16 10:22:00,204,204,204,204,500
2021-11-16 10:23:00,204,204,204,204,5000
2021-11-16 10:24:00,204,204,204,204,0
2021-11-16 10:25:00,204,204,204,204,0
2021-11-16 10:26:00,204,204,204,204,0
2021-11-16 10:27:00,204,204,204,204,0
2021-11-16 10:28:00,204,204,204,204,0
2021-11-16 10:29:00,204,204,204,204,0
2021-11-16 10:30:00,204,202,204,204,60200
2021-11-16 10:31:00,204,204,204,204,1000
2021-11-16 10:32:00,204,204,204,204,0
2021-11-16 10:33:00,204,204,204,204,0
2021-11-16 10:34:00,204,204,204,204,0
2021-11-16 10:35:00,204,204,204,204,2000
2021-11-16 10:36:00,204,204,204,204,0
2021-11-16 10:37:00,204,204,204,204,0
2021-11-16 10:38:00,204,204,204,204,2600
2021-11-16 10:39:00,204,204,204,204,0
2021-11-16 10:40:00,202,202,202,202,5000
2021-11-16 10:41:00,202,202,202,202,0
2021-11-16 10:42:00,202,202,202,202,0
2021-11-16 10:43:00,202,202,202,202,0
2021-11-16 10:44:00,202,202,202,202,0
2021-11-16 10:45:00,202,202,202,202,0
2021-11-16 10:46:00,202,202,202,202,0
2021-11-16 10:47:00,202,202,202,202,0
2021-11-16 10:48:00,204,204,204,204,200
2021-11-16 10:49:00,204,204,204,204,7000
2021-11-16 10:50:00,204,204,204,204,0
2021-11-16 10:51:00,204,204,204,204,0
2021-11-16 10:52:00,204,204,204,204,0
2021-11-16 10:53:00,204,204,204,204,1000
2021-11-16 10:54:00,204,204,204,204,0
2021-11-16 10:55:00,204,204,204,204,0
2021-11-16 10:56:00,204,204,204,204,0
2021-11-16 10:57:00,204,204,204,204,0
2021-11-16 10:58:00,204,204,204,204,0
2021-11-16 10:59:00,204,204,204,204,0
2021-11-16 11:00:00,204,204,204,204,0
2021-11-16 11:01:00,204,204,204,204,0
2021-11-16 11:02:00,204,204,204,204,0
2021-11-16 11:03:00,204,204,204,204,0
2021-11-16 11:04:00,204,204,204,204,0
2021-11-16 11:05:00,204,204,204,204,100
2021-11-16 11:06:00,204,204,204,204,700
2021-11-16 11:07:00,204,204,204,204,100
2021-11-16 11:08:00,202,202,204,204,4000
2021-11-16 11:09:00,202,202,204,204,0
2021-11-16 11:10:00,202,202,204,204,0
2021-11-16 11:11:00,202,202,202,202,100
2021-11-16 11:12:00,202,202,202,202,0
2021-11-16 11:13:00,202,202,202,202,0
2021-11-16 11:14:00,204,202,204,202,2000
2021-11-16 11:15:00,204,202,204,202,0
2021-11-16 11:16:00,204,202,204,202,0
2021-11-16 11:17:00,204,202,204,202,0
2021-11-16 11:18:00,202,202,202,202,50000
2021-11-16 11:19:00,202,202,202,202,7500
2021-11-16 11:20:00,202,202,202,202,100
2021-11-16 11:21:00,204,202,204,204,3700
2021-11-16 11:22:00,204,204,204,204,86800
2021-11-16 11:23:00,204,204,204,204,5000
2021-11-16 11:24:00,204,204,204,204,0
2021-11-16 11:25:00,204,204,204,204,100
2021-11-16 11:26:00,204,204,204,204,0
2021-11-16 11:27:00,204,204,204,204,0
2021-11-16 11:28:00,202,202,204,204,11000
2021-11-16 11:29:00,204,204,204,204,200
2021-11-16 11:30:00,204,204,204,204,0
2021-11-16 11:31:00,204,204,204,204,0
2021-11-16 11:32:00,204,204,204,204,0
2021-11-16 11:33:00,204,204,204,204,0
2021-11-16 11:34:00,204,204,204,204,0
2021-11-16 11:35:00,204,204,204,204,0
2021-11-16 11:36:00,204,204,204,204,0
2021-11-16 11:37:00,204,204,204,204,0
2021-11-16 11:38:00,204,204,204,204,0
2021-11-16 11:39:00,204,204,204,204,0
2021-11-16 11:40:00,204,204,204,204,0
2021-11-16 11:41:00,204,204,204,204,0
2021-11-16 11:42:00,204,204,204,204,0
2021-11-16 11:43:00,204,204,204,204,0
2021-11-16 11:44:00,204,204,204,204,0
2021-11-16 11:45:00,204,204,204,204,0
2021-11-16 11:46:00,204,204,204,204,0
2021-11-16 11:47:00,204,204,204,204,0
2021-11-16 11:48:00,204,204,204,204,0
2021-11-16 11:49:00,204,204,204,204,0
2021-11-16 11:50:00,204,204,204,204,0
2021-11-16 11:51:00,204,204,204,204,0
2021-11-16 11:52:00,204,204,204,204,0
2021-11-16 11:53:00,204,204,204,204,0
2021-11-16 11:54:00,204,204,204,204,0
2021-11-16 11:55:00,204,204,204,204,0
2021-11-16 11:56:00,204,204,204,204,0
2021-11-16 11:57:00,204,204,204,204,0
2021-11-16 11:58:00,204,204,204,204,0
2021-11-16 11:59:00,204,204,204,204,0
2021-11-16 12:00:00,204,204,204,204,0
2021-11-16 12:01:00,204,204,204,204,0
2021-11-16 12:02:00,204,204,204,204,0
2021-11-16 12:03:00,204,204,204,204,0
2021-11-16 12:04:00,204,204,204,204,0
2021-11-16 12:05:00,204,204,204,204,0
2021-11-16 12:06:00,204,204,204,204,0
2021-11-16 12:07:00,204,204,204,204,0
2021-11-16 12:08:00,204,204,204,204,0
2021-11-16 12:09:00,204,204,204,204,0
2021-11-16 12:10:00,204,204,204,204,0
2021-11-16 12:11:00,204,204,204,204,0
2021-11-16 12:12:00,204,204,204,204,0
2021-11-16 12:13:00,204,204,204,204,0
2021-11-16 12:14:00,204,204,204,204,0
2021-11-16 12:15:00,204,204,204,204,0
2021-11-16 12:16:00,204,204,204,204,0
2021-11-16 12:17:00,204,204,204,204,0
2021-11-16 12:18:00,204,204,204,204,0
2021-11-16 12:19:00,204,204,204,204,0
2021-11-16 12:20:00,204,204,204,204,0
2021-11-16 12:21:00,204,204,204,204,0
2021-11-16 12:22:00,204,204,204,204,0
2021-11-16 12:23:00,204,204,204,204,0
2021-11-16 12:24:00,204,204,204,204,0
2021-11-16 12:25:00,204,204,204,204,0
2021-11-16 12:26:00,204,204,204,204,0
2021-11-16 12:27:00,204,204,204,204,0
2021-11-16 12:28:00,204,204,204,204,0
2021-11-16 12:29:00,204,204,204,204,0
2021-11-16 12:30:00,204,204,204,204,0
2021-11-16 12:31:00,204,204,204,204,0
2021-11-16 12:32:00,204,204,204,204,0
2021-11-16 12:33:00,204,204,204,204,0
2021-11-16 12:34:00,204,204,204,204,0
2021-11-16 12:35:00,204,204,204,204,0
2021-11-16 12:36:00,204,204,204,204,0
2021-11-16 12:37:00,204,204,204,204,0
2021-11-16 12:38:00,204,204,204,204,0
2021-11-16 12:39:00,204,204,204,204,0
2021-11-16 12:40:00,204,204,204,204,0
2021-11-16 12:41:00,204,204,204,204,0
2021-11-16 12:42:00,204,204,204,204,0
2021-11-16 12:43:00,204,204,204,204,0
2021-11-16 12:44:00,204,204,204,204,0
2021-11-16 12:45:00,204,204,204,204,0
2021-11-16 12:46:00,204,204,204,204,0
2021-11-16 12:47:00,204,204,204,204,0
2021-11-16 12:48:00,204,204,204,204,0
2021-11-16 12:49:00,204,204,204,204,0
2021-11-16 12:50:00,204,204,204,204,0
2021-11-16 12:51:00,204,204,204,204,0
2021-11-16 12:52:00,204,204,204,204,0
2021-11-16 12:53:00,204,204,204,204,0
2021-11-16 12:54:00,204,204,204,204,0
2021-11-16 12:55:00,204,204,204,204,0
2021-11-16 12:56:00,204,204,204,204,0
2021-11-16 12:57:00,204,204,204,204,0
2021-11-16 12:58:00,204,204,204,204,0
2021-11-16 12:59:00,204,204,204,204,0
2021-11-16 13:00:00,204,204,204,204,0
2021-11-16 13:01:00,204,204,204,204,0
2021-11-16 13:02:00,204,204,204,204,0
2021-11-16 13:03:00,204,204,204,204,0
2021-11-16 13:04:00,204,204,204,204,0
2021-11-16 13:05:00,204,204,204,204,0
2021-11-16 13:06:00,204,204,204,204,0
2021-11-16 13:07:00,204,204,204,204,0
2021-11-16 13:08:00,204,204,204,204,0
2021-11-16 13:09:00,204,204,204,204,0
2021-11-16 13:10:00,204,204,204,204,0
2021-11-16 13:11:00,204,204,204,204,0
2021-11-16 13:12:00,204,204,204,204,0
2021-11-16 13:13:00,204,204,204,204,0
2021-11-16 13:14:00,204,204,204,204,0
2021-11-16 13:15:00,204,204,204,204,0
2021-11-16 13:16:00,204,204,204,204,0
2021-11-16 13:17:00,204,204,204,204,0
2021-11-16 13:18:00,204,204,204,204,0
2021-11-16 13:19:00,204,204,204,204,0
2021-11-16 13:20:00,204,204,204,204,0
2021-11-16 13:21:00,204,204,204,204,0
2021-11-16 13:22:00,204,204,204,204,0
2021-11-16 13:23:00,204,204,204,204,0
2021-11-16 13:24:00,204,204,204,204,0
2021-11-16 13:25:00,204,204,204,204,0
2021-11-16 13:26:00,204,204,204,204,0
2021-11-16 13:27:00,204,204,204,204,0
2021-11-16 13:28:00,204,204,204,204,0
2021-11-16 13:29:00,204,204,204,204,0
2021-11-16 13:30:00,204,204,204,204,600
2021-11-16 13:31:00,204,204,204,204,0
2021-11-16 13:32:00,204,204,204,204,0
2021-11-16 13:33:00,204,204,204,204,0
2021-11-16 13:34:00,204,204,204,204,7600
2021-11-16 13:35:00,204,204,204,204,85700
2021-11-16 13:36:00,204,204,204,204,0
2021-11-16 13:37:00,204,204,204,204,0
2021-11-16 13:38:00,204,204,204,204,0
2021-11-16 13:39:00,204,204,204,204,700
2021-11-16 13:40:00,204,204,204,204,1000
2021-11-16 13:41:00,204,204,204,204,0
2021-11-16 13:42:00,204,204,204,204,70000
2021-11-16 13:43:00,204,204,204,204,0
2021-11-16 13:44:00,204,204,204,204,0
2021-11-16 13:45:00,202,202,202,202,2000
2021-11-16 13:46:00,202,202,202,202,0
2021-11-16 13:47:00,202,202,202,202,3700
2021-11-16 13:48:00,202,202,202,202,0
2021-11-16 13:49:00,204,204,204,204,100
2021-11-16 13:50:00,204,204,204,204,1000
2021-11-16 13:51:00,204,204,204,204,0
2021-11-16 13:52:00,204,204,204,204,0
2021-11-16 13:53:00,204,204,204,204,0
2021-11-16 13:54:00,204,204,204,204,0
2021-11-16 13:55:00,204,204,204,204,100
2021-11-16 13:56:00,204,204,204,204,500
2021-11-16 13:57:00,204,204,204,204,0
2021-11-16 13:58:00,202,202,202,202,13400
2021-11-16 13:59:00,204,204,204,204,500
2021-11-16 14:00:00,202,202,202,202,2400
2021-11-16 14:01:00,202,202,202,202,0
2021-11-16 14:02:00,202,202,202,202,0
2021-11-16 14:03:00,202,202,202,202,0
2021-11-16 14:04:00,202,202,202,202,0
2021-11-16 14:05:00,204,204,204,204,10000
2021-11-16 14:06:00,204,204,204,204,0
2021-11-16 14:07:00,204,204,204,204,0
2021-11-16 14:08:00,204,204,204,204,0
2021-11-16 14:09:00,204,204,204,204,0
2021-11-16 14:10:00,202,202,202,202,2800
2021-11-16 14:11:00,202,202,202,202,0
2021-11-16 14:12:00,202,202,202,202,1000
2021-11-16 14:13:00,202,202,202,202,0
2021-11-16 14:14:00,202,202,202,202,6600
2021-11-16 14:15:00,202,202,202,202,0
2021-11-16 14:16:00,202,202,202,202,0
2021-11-16 14:17:00,202,202,202,202,0
2021-11-16 14:18:00,202,202,202,202,0
2021-11-16 14:19:00,202,202,202,202,0
2021-11-16 14:20:00,204,204,204,204,1000
2021-11-16 14:21:00,204,204,204,204,0
2021-11-16 14:22:00,204,204,204,204,0
2021-11-16 14:23:00,202,202,202,202,2600
2021-11-16 14:24:00,202,202,202,202,0
2021-11-16 14:25:00,202,202,202,202,10500
2021-11-16 14:26:00,202,202,202,202,50000
2021-11-16 14:27:00,204,204,204,204,5000
2021-11-16 14:28:00,204,204,204,204,0
2021-11-16 14:29:00,204,204,204,204,500
2021-11-16 14:30:00,204,204,204,204,1200
2021-11-16 14:31:00,202,202,202,202,55200
2021-11-16 14:32:00,202,202,202,202,264200
2021-11-16 14:33:00,202,202,202,202,0
2021-11-16 14:34:00,202,202,202,202,0
2021-11-16 14:35:00,202,202,202,202,25000
2021-11-16 14:36:00,202,202,202,202,0
2021-11-16 14:37:00,202,202,204,204,6800
2021-11-16 14:38:00,204,204,204,204,6500
2021-11-16 14:39:00,204,204,204,204,1500
2021-11-16 14:40:00,204,204,204,204,0
2021-11-16 14:41:00,204,204,204,204,0
2021-11-16 14:42:00,202,202,202,202,20000
2021-11-16 14:43:00,202,202,202,202,0
2021-11-16 14:44:00,202,202,202,202,5000
2021-11-16 14:45:00,204,204,204,204,1000
2021-11-16 14:46:00,204,202,204,202,227500
2021-11-16 14:47:00,202,202,204,204,8500
2021-11-16 14:48:00,202,202,202,202,37900
2021-11-16 14:49:00,204,202,204,204,22000
2021-11-16 14:50:00,204,202,204,204,0
2021-11-16 14:51:00,204,202,204,204,0
2021-11-16 14:52:00,204,202,204,204,0
2021-11-16 14:53:00,204,202,204,204,0
2021-11-16 14:54:00,204,202,204,204,0
2021-11-16 14:55:00,204,202,204,204,0
2021-11-16 14:56:00,204,202,204,204,0
2021-11-16 14:57:00,204,202,204,204,0
2021-11-16 14:58:00,204,202,204,204,0
2021-11-16 14:59:00,204,202,204,204,0
2021-11-16 15:00:00,202,202,202,202,247500
2021-11-16 15:01:00,202,202,202,202,0
2021-11-16 15:02:00,202,202,202,202,0
2021-11-16 15:03:00,202,202,202,202,0
2021-11-16 15:04:00,202,202,202,202,0
2021-11-16 15:05:00,202,202,202,202,733500
2021-11-16 15:06:00,202,202,202,202,0
2021-11-16 15:07:00,202,202,202,202,73400
2021-11-16 15:08:00,202,202,202,202,18500
2021-11-16 15:09:00,202,202,202,202,0
2021-11-16 15:10:00,202,202,202,202,32700
2021-11-16 15:11:00,202,202,202,202,0
2021-11-16 15:12:00,202,202,202,202,19800
2021-11-16 15:13:00,202,202,202,202,4200
2021-11-16 15:14:00,202,202,202,202,0
2021-11-16 15:15:00,202,202,202,202,0
2021-11-16 15:16:00,202,202,202,202,0
2021-11-16 15:17:00,202,202,202,202,0
2021-11-16 15:18:00,202,202,202,202,0
2021-11-16 15:19:00,202,202,202,202,0
2021-11-16 15:20:00,202,202,202,202,0
2021-11-16 15:21:00,202,202,202,202,0
2021-11-16 15:22:00,202,202,202,202,0
2021-11-16 15:23:00,202,202,202,202,0
2021-11-16 15:24:00,202,202,202,202,0
2021-11-16 15:25:00,202,202,202,202,0
2021-11-16 15:26:00,202,202,202,202,0
2021-11-16 15:27:00,202,202,202,202,0
2021-11-16 15:28:00,202,202,202,202,0
2021-11-16 15:29:00,202,202,202,202,0
2021-11-16 15:30:00,202,202,202,202,0
2021-11-16 15:31:00,202,202,202,202,0
2021-11-16 15:32:00,202,202,202,202,0
2021-11-16 15:33:00,202,202,202,202,0
2021-11-16 15:34:00,202,202,202,202,0
2021-11-16 15:35:00,202,202,202,202,0
2021-11-16 15:36:00,202,202,202,202,0
2021-11-16 15:37:00,202,202,202,202,0
2021-11-16 15:38:00,202,202,202,202,0
2021-11-16 15:39:00,202,202,202,202,0
2021-11-16 15:40:00,202,202,202,202,0
2021-11-16 15:41:00,202,202,202,202,0
2021-11-16 15:42:00,202,202,202,202,0
2021-11-16 15:43:00,202,202,202,202,0
2021-11-16 15:44:00,202,202,202,202,0
2021-11-16 15:45:00,202,202,202,202,0
2021-11-16 15:46:00,202,202,202,202,0
2021-11-16 15:47:00,202,202,202,202,0
2021-11-16 15:48:00,202,202,202,202,0
2021-11-16 15:49:00,202,202,202,202,0
2021-11-16 15:50:00,202,202,202,202,0
2021-11-16 15:51:00,202,202,202,202,0
2021-11-16 15:52:00,202,202,202,202,0
2021-11-16 15:53:00,202,202,202,202,0
2021-11-16 15:54:00,202,202,202,202,0
2021-11-16 15:55:00,202,202,202,202,0
2021-11-16 15:56:00,202,202,202,202,0
2021-11-16 15:57:00,202,202,202,202,0
2021-11-16 15:58:00,202,202,202,202,0
2021-11-16 15:59:00,202,202,202,202,0
2021-11-17 09:00:00,202,202,204,202,0
2021-11-17 09:01:00,202,202,204,202,0
2021-11-17 09:02:00,204,204,204,204,70000
2021-11-17 09:03:00,204,204,204,204,35000
2021-11-17 09:04:00,204,204,204,204,47000
2021-11-17 09:05:00,204,204,204,204,12500
2021-11-17 09:06:00,204,204,204,204,0
2021-11-17 09:07:00,204,204,204,204,6000
2021-11-17 09:08:00,204,204,204,204,0
2021-11-17 09:09:00,204,204,204,204,183200
2021-11-17 09:10:00,204,204,204,204,44100
2021-11-17 09:11:00,204,204,204,204,0
2021-11-17 09:12:00,204,204,204,204,10000
2021-11-17 09:13:00,204,204,204,204,8900
2021-11-17 09:14:00,204,204,204,204,0
2021-11-17 09:15:00,204,204,204,204,63500
2021-11-17 09:16:00,204,204,204,204,5000
2021-11-17 09:17:00,204,204,204,204,100
2021-11-17 09:18:00,204,204,204,204,25400
2021-11-17 09:19:00,204,204,204,204,0
2021-11-17 09:20:00,204,204,204,204,17200
2021-11-17 09:21:00,204,204,204,204,16900
2021-11-17 09:22:00,204,204,204,204,30000
2021-11-17 09:23:00,204,204,204,204,22500
2021-11-17 09:24:00,204,204,204,204,52700
2021-11-17 09:25:00,204,204,204,204,3500
2021-11-17 09:26:00,204,204,204,204,0
2021-11-17 09:27:00,204,204,204,204,0
2021-11-17 09:28:00,204,204,204,204,1000
2021-11-17 09:29:00,204,204,204,204,0
2021-11-17 09:30:00,204,204,204,204,0
2021-11-17 09:31:00,204,204,204,204,96000
2021-11-17 09:32:00,204,204,204,204,0
2021-11-17 09:33:00,204,204,204,204,400
2021-11-17 09:34:00,204,204,204,204,0
2021-11-17 09:35:00,204,204,204,204,0
2021-11-17 09:36:00,204,204,204,204,1000
2021-11-17 09:37:00,204,204,204,204,0
2021-11-17 09:38:00,204,204,204,204,0
2021-11-17 09:39:00,202,202,202,202,6500
2021-11-17 09:40:00,202,202,202,202,1000
2021-11-17 09:41:00,202,202,202,202,30000
2021-11-17 09:42:00,202,202,202,202,102000
2021-11-17 09:43:00,202,202,202,202,0
2021-11-17 09:44:00,202,202,202,202,1000
2021-11-17 09:45:00,202,202,204,202,32000
2021-11-17 09:46:00,202,202,202,202,36500
2021-11-17 09:47:00,202,202,202,202,0
2021-11-17 09:48:00,202,202,202,202,0
2021-11-17 09:49:00,204,204,204,204,20200
2021-11-17 09:50:00,204,204,204,204,0
2021-11-17 09:51:00,204,204,204,204,300
2021-11-17 09:52:00,204,204,204,204,0
2021-11-17 09:53:00,204,204,204,204,0
2021-11-17 09:54:00,204,204,204,204,0
2021-11-17 09:55:00,204,204,204,204,9000
2021-11-17 09:56:00,202,202,202,202,40000
2021-11-17 09:57:00,202,202,202,202,0
2021-11-17 09:58:00,202,202,202,202,502200
2021-11-17 09:59:00,202,200,202,200,84400
2021-11-17 10:00:00,202,200,202,200,0
2021-11-17 10:01:00,202,200,202,200,0
2021-11-17 10:02:00,202,202,202,202,242700
2021-11-17 10:03:00,202,202,202,202,0
2021-11-17 10:04:00,202,202,202,202,12500
2021-11-17 10:05:00,202,202,202,202,0
2021-11-17 10:06:00,202,202,202,202,0
2021-11-17 10:07:00,202,202,202,202,0
2021-11-17 10:08:00,202,202,202,202,10000
2021-11-17 10:09:00,202,202,202,202,25500
2021-11-17 10:10:00,202,202,202,202,6000
2021-11-17 10:11:00,202,202,202,202,5000
2021-11-17 10:12:00,202,202,202,202,0
2021-11-17 10:13:00,202,202,202,202,11500
2021-11-17 10:14:00,202,202,202,202,0
2021-11-17 10:15:00,202,202,202,202,0
2021-11-17 10:16:00,202,202,202,202,0
2021-11-17 10:17:00,202,202,202,202,8800
2021-11-17 10:18:00,202,202,202,202,0
2021-11-17 10:19:00,202,202,202,202,200
2021-11-17 10:20:00,204,204,204,204,2000
2021-11-17 10:21:00,204,204,204,204,1200
2021-11-17 10:22:00,204,204,204,204,0
2021-11-17 10:23:00,204,204,204,204,0
2021-11-17 10:24:00,204,204,204,204,0
2021-11-17 10:25:00,204,204,204,204,0
2021-11-17 10:26:00,204,204,204,204,0
2021-11-17 10:27:00,204,204,204,204,0
2021-11-17 10:28:00,204,204,204,204,0
2021-11-17 10:29:00,202,202,202,202,100
2021-11-17 10:30:00,202,202,202,202,200
2021-11-17 10:31:00,202,202,202,202,0
2021-11-17 10:32:00,202,202,202,202,0
2021-11-17 10:33:00,202,202,202,202,0
2021-11-17 10:34:00,202,202,202,202,0
2021-11-17 10:35:00,202,202,202,202,0
2021-11-17 10:36:00,202,202,202,202,0
2021-11-17 10:37:00,202,202,202,202,0
2021-11-17 10:38:00,202,202,202,202,0
2021-11-17 10:39:00,202,202,202,202,0
2021-11-17 10:40:00,202,202,202,202,0
2021-11-17 10:41:00,202,202,202,202,4600
2021-11-17 10:42:00,202,202,202,202,0
2021-11-17 10:43:00,202,202,202,202,5000
2021-11-17 10:44:00,202,202,202,202,0
2021-11-17 10:45:00,202,202,202,202,0
2021-11-17 10:46:00,204,202,204,202,267100
2021-11-17 10:47:00,202,202,202,202,2500
2021-11-17 10:48:00,202,202,202,202,0
2021-11-17 10:49:00,202,202,202,202,0
2021-11-17 10:50:00,202,202,202,202,0
2021-11-17 10:51:00,202,202,202,202,0
2021-11-17 10:52:00,204,204,204,204,100
2021-11-17 10:53:00,204,204,204,204,0
2021-11-17 10:54:00,204,204,204,204,100
2021-11-17 10:55:00,204,204,204,204,0
2021-11-17 10:56:00,204,204,204,204,208200
2021-11-17 10:57:00,204,204,204,204,0
2021-11-17 10:58:00,204,204,204,204,0
2021-11-17 10:59:00,204,204,204,204,22500
2021-11-17 11:00:00,204,204,204,204,10000
2021-11-17 11:01:00,204,204,204,204,0
2021-11-17 11:02:00,204,204,204,204,0
2021-11-17 11:03:00,204,204,204,204,14500
2021-11-17 11:04:00,204,204,204,204,0
2021-11-17 11:05:00,204,204,204,204,0
2021-11-17 11:06:00,204,204,204,204,0
2021-11-17 11:07:00,204,204,204,204,500
2021-11-17 11:08:00,204,204,204,204,0
2021-11-17 11:09:00,204,204,204,204,0
2021-11-17 11:10:00,204,204,204,204,0
2021-11-17 11:11:00,204,204,204,204,0
2021-11-17 11:12:00,206,206,206,206,1000
2021-11-17 11:13:00,206,206,206,206,0
2021-11-17 11:14:00,206,206,206,206,25000
2021-11-17 11:15:00,206,206,206,206,70000
2021-11-17 11:16:00,206,206,206,206,1100
2021-11-17 11:17:00,206,206,206,206,0
2021-11-17 11:18:00,204,204,204,204,53600
2021-11-17 11:19:00,204,204,204,204,0
2021-11-17 11:20:00,204,204,204,204,0
2021-11-17 11:21:00,204,204,204,204,0
2021-11-17 11:22:00,204,204,206,206,7200
2021-11-17 11:23:00,204,204,206,206,0
2021-11-17 11:24:00,204,204,206,206,0
2021-11-17 11:25:00,204,204,206,206,0
2021-11-17 11:26:00,204,204,206,206,0
2021-11-17 11:27:00,204,202,204,202,41800
2021-11-17 11:28:00,204,202,204,202,0
2021-11-17 11:29:00,204,202,204,202,0
2021-11-17 11:30:00,204,202,204,202,0
2021-11-17 11:31:00,204,202,204,202,0
2021-11-17 11:32:00,204,202,204,202,0
2021-11-17 11:33:00,204,202,204,202,0
2021-11-17 11:34:00,204,202,204,202,0
2021-11-17 11:35:00,204,202,204,202,0
2021-11-17 11:36:00,204,202,204,202,0
2021-11-17 11:37:00,204,202,204,202,0
2021-11-17 11:38:00,204,202,204,202,0
2021-11-17 11:39:00,204,202,204,202,0
2021-11-17 11:40:00,204,202,204,202,0
2021-11-17 11:41:00,204,202,204,202,0
2021-11-17 11:42:00,204,202,204,202,0
2021-11-17 11:43:00,204,202,204,202,0
2021-11-17 11:44:00,204,202,204,202,0
2021-11-17 11:45:00,204,202,204,202,0
2021-11-17 11:46:00,204,202,204,202,0
2021-11-17 11:47:00,204,202,204,202,0
2021-11-17 11:48:00,204,202,204,202,0
2021-11-17 11:49:00,204,202,204,202,0
2021-11-17 11:50:00,204,202,204,202,0
2021-11-17 11:51:00,204,202,204,202,0
2021-11-17 11:52:00,204,202,204,202,0
2021-11-17 11:53:00,204,202,204,202,0
2021-11-17 11:54:00,204,202,204,202,0
2021-11-17 11:55:00,204,202,204,202,0
2021-11-17 11:56:00,204,202,204,202,0
2021-11-17 11:57:00,204,202,204,202,0
2021-11-17 11:58:00,204,202,204,202,0
2021-11-17 11:59:00,204,202,204,202,0
2021-11-17 12:00:00,204,202,204,202,0
2021-11-17 12:01:00,204,202,204,202,0
2021-11-17 12:02:00,204,202,204,202,0
2021-11-17 12:03:00,204,202,204,202,0
2021-11-17 12:04:00,204,202,204,202,0
2021-11-17 12:05:00,204,202,204,202,0
2021-11-17 12:06:00,204,202,204,202,0
2021-11-17 12:07:00,204,202,204,202,0
2021-11-17 12:08:00,204,202,204,202,0
2021-11-17 12:09:00,204,202,204,202,0
2021-11-17 12:10:00,204,202,204,202,0
2021-11-17 12:11:00,204,202,204,202,0
2021-11-17 12:12:00,204,202,204,202,0
2021-11-17 12:13:00,204,202,204,202,0
2021-11-17 12:14:00,204,202,204,202,0
2021-11-17 12:15:00,204,202,204,202,0
2021-11-17 12:16:00,204,202,204,202,0
2021-11-17 12:17:00,204,202,204,202,0
2021-11-17 12:18:00,204,202,204,202,0
2021-11-17 12:19:00,204,202,204,202,0
2021-11-17 12:20:00,204,202,204,202,0
2021-11-17 12:21:00,204,202,204,202,0
2021-11-17 12:22:00,204,202,204,202,0
2021-11-17 12:23:00,204,202,204,202,0
2021-11-17 12:24:00,204,202,204,202,0
2021-11-17 12:25:00,204,202,204,202,0
2021-11-17 12:26:00,204,202,204,202,0
2021-11-17 12:27:00,204,202,204,202,0
2021-11-17 12:28:00,204,202,204,202,0
2021-11-17 12:29:00,204,202,204,202,0
2021-11-17 12:30:00,204,202,204,202,0
2021-11-17 12:31:00,204,202,204,202,0
2021-11-17 12:32:00,204,202,204,202,0
2021-11-17 12:33:00,204,202,204,202,0
2021-11-17 12:34:00,204,202,204,202,0
2021-11-17 12:35:00,204,202,204,202,0
2021-11-17 12:36:00,204,202,204,202,0
2021-11-17 12:37:00,204,202,204,202,0
2021-11-17 12:38:00,204,202,204,202,0
2021-11-17 12:39:00,204,202,204,202,0
2021-11-17 12:40:00,204,202,204,202,0
2021-11-17 12:41:00,204,202,204,202,0
2021-11-17 12:42:00,204,202,204,202,0
2021-11-17 12:43:00,204,202,204,202,0
2021-11-17 12:44:00,204,202,204,202,0
2021-11-17 12:45:00,204,202,204,202,0
2021-11-17 12:46:00,204,202,204,202,0
2021-11-17 12:47:00,204,202,204,202,0
2021-11-17 12:48:00,204,202,204,202,0
2021-11-17 12:49:00,204,202,204,202,0
2021-11-17 12:50:00,204,202,204,202,0
2021-11-17 12:51:00,204,202,204,202,0
2021-11-17 12:52:00,204,202,204,202,0
2021-11-17 12:53:00,204,202,204,202,0
2021-11-17 12:54:00,204,202,204,202,0
2021-11-17 12:55:00,204,202,204,202,0
2021-11-17 12:56:00,204,202,204,202,0
2021-11-17 12:57:00,204,202,204,202,0
2021-11-17 12:58:00,204,202,204,202,0
2021-11-17 12:59:00,204,202,204,202,0
2021-11-17 13:00:00,204,202,204,202,0
2021-11-17 13:01:00,204,202,204,202,0
2021-11-17 13:02:00,204,202,204,202,0
2021-11-17 13:03:00,204,202,204,202,0
2021-11-17 13:04:00,204,202,204,202,0
2021-11-17 13:05:00,204,202,204,202,0
2021-11-17 13:06:00,204,202,204,202,0
2021-11-17 13:07:00,204,202,204,202,0
2021-11-17 13:08:00,204,202,204,202,0
2021-11-17 13:09:00,204,202,204,202,0
2021-11-17 13:10:00,204,202,204,202,0
2021-11-17 13:11:00,204,202,204,202,0
2021-11-17 13:12:00,204,202,204,202,0
2021-11-17 13:13:00,204,202,204,202,0
2021-11-17 13:14:00,204,202,204,202,0
2021-11-17 13:15:00,204,202,204,202,0
2021-11-17 13:16:00,204,202,204,202,0
2021-11-17 13:17:00,204,202,204,202,0
2021-11-17 13:18:00,204,202,204,202,0
2021-11-17 13:19:00,204,202,204,202,0
2021-11-17 13:20:00,204,202,204,202,0
2021-11-17 13:21:00,204,202,204,202,0
2021-11-17 13:22:00,204,202,204,202,0
2021-11-17 13:23:00,204,202,204,202,0
2021-11-17 13:24:00,204,202,204,202,0
2021-11-17 13:25:00,204,202,204,202,0
2021-11-17 13:26:00,204,202,204,202,0
2021-11-17 13:27:00,204,202,204,202,0
2021-11-17 13:28:00,204,202,204,202,0
2021-11-17 13:29:00,204,202,204,202,0
2021-11-17 13:30:00,202,202,202,202,32900
2021-11-17 13:31:00,202,202,202,202,0
2021-11-17 13:32:00,202,202,202,202,0
2021-11-17 13:33:00,202,202,202,202,0
2021-11-17 13:34:00,204,204,204,204,10500
2021-11-17 13:35:00,204,204,204,204,0
2021-11-17 13:36:00,204,204,204,204,0
2021-11-17 13:37:00,204,204,204,204,0
2021-11-17 13:38:00,204,204,204,204,0
2021-11-17 13:39:00,204,204,204,204,0
2021-11-17 13:40:00,204,204,204,204,0
2021-11-17 13:41:00,204,204,204,204,13200
2021-11-17 13:42:00,204,204,204,204,0
2021-11-17 13:43:00,204,204,204,204,0
2021-11-17 13:44:00,204,204,204,204,0
2021-11-17 13:45:00,204,204,204,204,0
2021-11-17 13:46:00,204,204,204,204,0
2021-11-17 13:47:00,204,204,204,204,200
2021-11-17 13:48:00,204,204,204,204,0
2021-11-17 13:49:00,204,204,204,204,0
2021-11-17 13:50:00,204,204,204,204,0
2021-11-17 13:51:00,204,204,204,204,0
2021-11-17 13:52:00,202,202,202,202,700
2021-11-17 13:53:00,202,202,202,202,0
2021-11-17 13:54:00,204,204,204,204,200
2021-11-17 13:55:00,204,202,204,202,498500
2021-11-17 13:56:00,202,202,202,202,600
2021-11-17 13:57:00,204,202,204,202,7200
2021-11-17 13:58:00,204,202,204,202,0
2021-11-17 13:59:00,204,202,204,202,0
2021-11-17 14:00:00,204,202,204,202,0
2021-11-17 14:01:00,204,202,204,202,0
2021-11-17 14:02:00,204,202,204,202,0
2021-11-17 14:03:00,204,202,204,202,0
2021-11-17 14:04:00,204,204,204,204,60000
2021-11-17 14:05:00,204,204,204,204,0
2021-11-17 14:06:00,204,204,204,204,0
2021-11-17 14:07:00,204,204,204,204,11300
2021-11-17 14:08:00,204,204,204,204,8500
2021-11-17 14:09:00,204,202,204,204,71300
2021-11-17 14:10:00,204,202,204,204,0
2021-11-17 14:11:00,204,202,204,202,10100
2021-11-17 14:12:00,204,202,204,202,0
2021-11-17 14:13:00,204,202,204,202,0
2021-11-17 14:14:00,204,204,204,204,4100
2021-11-17 14:15:00,204,204,204,204,5000
2021-11-17 14:16:00,204,204,204,204,0
2021-11-17 14:17:00,204,204,204,204,0
2021-11-17 14:18:00,204,204,204,204,1900
2021-11-17 14:19:00,204,204,204,204,0
2021-11-17 14:20:00,204,204,204,204,1700
2021-11-17 14:21:00,204,204,204,204,0
2021-11-17 14:22:00,204,204,204,204,9800
2021-11-17 14:23:00,204,204,204,204,5200
2021-11-17 14:24:00,204,204,204,204,0
2021-11-17 14:25:00,204,204,204,204,0
2021-11-17 14:26:00,204,204,204,204,10300
2021-11-17 14:27:00,202,202,204,204,1300
2021-11-17 14:28:00,202,202,204,204,0
2021-11-17 14:29:00,202,202,202,202,10500
2021-11-17 14:30:00,204,204,204,204,27300
2021-11-17 14:31:00,204,204,204,204,0
2021-11-17 14:32:00,204,204,204,204,4800
2021-11-17 14:33:00,204,204,204,204,0
2021-11-17 14:34:00,204,204,204,204,0
2021-11-17 14:35:00,204,204,204,204,0
2021-11-17 14:36:00,204,204,204,204,0
2021-11-17 14:37:00,204,204,204,204,4900
2021-11-17 14:38:00,204,204,204,204,0
2021-11-17 14:39:00,204,204,204,204,5000
2021-11-17 14:40:00,204,204,204,204,0
2021-11-17 14:41:00,204,204,204,204,100
2021-11-17 14:42:00,204,204,204,204,0
2021-11-17 14:43:00,204,204,204,204,1000
2021-11-17 14:44:00,202,202,202,202,200
2021-11-17 14:45:00,204,204,204,204,20000
2021-11-17 14:46:00,204,204,204,204,1000
2021-11-17 14:47:00,202,202,204,204,3100
2021-11-17 14:48:00,202,202,204,204,0
2021-11-17 14:49:00,204,202,204,202,47100
2021-11-17 14:50:00,204,202,204,202,0
2021-11-17 14:51:00,204,202,204,202,0
2021-11-17 14:52:00,204,202,204,202,0
2021-11-17 14:53:00,204,202,204,202,0
2021-11-17 14:54:00,204,202,204,202,0
2021-11-17 14:55:00,204,202,204,202,0
2021-11-17 14:56:00,204,202,204,202,0
2021-11-17 14:57:00,204,202,204,202,0
2021-11-17 14:58:00,204,202,204,202,0
2021-11-17 14:59:00,204,202,204,202,0
2021-11-17 15:00:00,204,204,204,204,175600
2021-11-17 15:01:00,204,204,204,204,0
2021-11-17 15:02:00,204,204,204,204,0
2021-11-17 15:03:00,204,204,204,204,0
2021-11-17 15:04:00,204,204,204,204,0
2021-11-17 15:05:00,204,204,204,204,5000
2021-11-17 15:06:00,204,204,204,204,15000
2021-11-17 15:07:00,204,204,204,204,0
2021-11-17 15:08:00,204,204,204,204,0
2021-11-17 15:09:00,204,204,204,204,0
2021-11-17 15:10:00,204,204,204,204,0
2021-11-17 15:11:00,204,204,204,204,100
2021-11-17 15:12:00,204,204,204,204,10000
2021-11-17 15:13:00,204,204,204,204,0
2021-11-17 15:14:00,204,204,204,204,0
2021-11-17 15:15:00,204,204,204,204,0
2021-11-17 15:16:00,204,204,204,204,0
2021-11-17 15:17:00,204,204,204,204,0
2021-11-17 15:18:00,204,204,204,204,0
2021-11-17 15:19:00,204,204,204,204,0
2021-11-17 15:20:00,204,204,204,204,0
2021-11-17 15:21:00,204,204,204,204,0
2021-11-17 15:22:00,204,204,204,204,0
2021-11-17 15:23:00,204,204,204,204,0
2021-11-17 15:24:00,204,204,204,204,0
2021-11-17 15:25:00,204,204,204,204,0
2021-11-17 15:26:00,204,204,204,204,0
2021-11-17 15:27:00,204,204,204,204,0
2021-11-17 15:28:00,204,204,204,204,0
2021-11-17 15:29:00,204,204,204,204,0
2021-11-17 15:30:00,204,204,204,204,0
2021-11-17 15:31:00,204,204,204,204,0
2021-11-17 15:32:00,204,204,204,204,0
2021-11-17 15:33:00,204,204,204,204,0
2021-11-17 15:34:00,204,204,204,204,0
2021-11-17 15:35:00,204,204,204,204,0
2021-11-17 15:36:00,204,204,204,204,0
2021-11-17 15:37:00,204,204,204,204,0
2021-11-17 15:38:00,204,204,204,204,0
2021-11-17 15:39:00,204,204,204,204,0
2021-11-17 15:40:00,204,204,204,204,0
2021-11-17 15:41:00,204,204,204,204,0
2021-11-17 15:42:00,204,204,204,204,0
2021-11-17 15:43:00,204,204,204,204,0
2021-11-17 15:44:00,204,204,204,204,0
2021-11-17 15:45:00,204,204,204,204,0
2021-11-17 15:46:00,204,204,204,204,0
2021-11-17 15:47:00,204,204,204,204,0
2021-11-17 15:48:00,204,204,204,204,0
2021-11-17 15:49:00,204,204,204,204,0
2021-11-17 15:50:00,204,204,204,204,0
2021-11-17 15:51:00,204,204,204,204,0
2021-11-17 15:52:00,204,204,204,204,0
2021-11-17 15:53:00,204,204,204,204,0
2021-11-17 15:54:00,204,204,204,204,0
2021-11-17 15:55:00,204,204,204,204,0
2021-11-17 15:56:00,204,204,204,204,0
2021-11-17 15:57:00,204,204,204,204,0
2021-11-17 15:58:00,204,204,204,204,0
2021-11-17 15:59:00,204,204,204,204,0
2021-11-18 09:00:00,204,204,204,204,0
2021-11-18 09:01:00,204,204,204,204,0
2021-11-18 09:02:00,204,204,204,204,0
2021-11-18 09:03:00,204,204,204,204,7000
2021-11-18 09:04:00,204,204,204,204,0
2021-11-18 09:05:00,204,204,204,204,3000
2021-11-18 09:06:00,204,204,204,204,6000
2021-11-18 09:07:00,204,204,206,206,3300
2021-11-18 09:08:00,204,204,206,206,0
2021-11-18 09:09:00,204,204,206,206,0
2021-11-18 09:10:00,204,204,206,206,0
2021-11-18 09:11:00,206,206,206,206,20000
2021-11-18 09:12:00,204,204,204,204,10000
2021-11-18 09:13:00,204,204,204,204,7000
2021-11-18 09:14:00,204,204,204,204,0
2021-11-18 09:15:00,206,206,206,206,1000
2021-11-18 09:16:00,204,204,204,204,1800
2021-11-18 09:17:00,204,204,204,204,0
2021-11-18 09:18:00,206,206,206,206,3000
2021-11-18 09:19:00,206,206,206,206,0
2021-11-18 09:20:00,206,206,206,206,0
2021-11-18 09:21:00,206,206,206,206,500
2021-11-18 09:22:00,206,206,206,206,0
2021-11-18 09:23:00,206,206,206,206,0
2021-11-18 09:24:00,206,206,206,206,0
2021-11-18 09:25:00,204,204,204,204,25000
2021-11-18 09:26:00,204,204,204,204,0
2021-11-18 09:27:00,204,204,204,204,0
2021-11-18 09:28:00,204,204,204,204,0
2021-11-18 09:29:00,204,204,204,204,0
2021-11-18 09:30:00,204,204,204,204,23200
2021-11-18 09:31:00,204,204,204,204,20000
2021-11-18 09:32:00,204,204,204,204,0
2021-11-18 09:33:00,204,204,204,204,500
2021-11-18 09:34:00,204,204,204,204,0
2021-11-18 09:35:00,204,204,204,204,30000
2021-11-18 09:36:00,204,204,204,204,100
2021-11-18 09:37:00,204,204,204,204,0
2021-11-18 09:38:00,204,204,204,204,20000
2021-11-18 09:39:00,204,204,204,204,0
2021-11-18 09:40:00,204,204,204,204,0
2021-11-18 09:41:00,204,204,204,204,0
2021-11-18 09:42:00,204,204,204,204,0
2021-11-18 09:43:00,204,204,204,204,0
2021-11-18 09:44:00,204,204,204,204,0
2021-11-18 09:45:00,204,204,204,204,200
2021-11-18 09:46:00,206,206,206,206,200
2021-11-18 09:47:00,204,204,204,204,5000
2021-11-18 09:48:00,204,204,204,204,0
2021-11-18 09:49:00,204,204,204,204,3500
2021-11-18 09:50:00,204,204,204,204,0
2021-11-18 09:51:00,204,204,204,204,0
2021-11-18 09:52:00,204,204,204,204,30000
2021-11-18 09:53:00,204,204,204,204,0
2021-11-18 09:54:00,204,204,204,204,4000
2021-11-18 09:55:00,204,204,204,204,25000
2021-11-18 09:56:00,204,204,204,204,6000
2021-11-18 09:57:00,204,204,204,204,0
2021-11-18 09:58:00,204,204,204,204,0
2021-11-18 09:59:00,204,204,204,204,0
2021-11-18 10:00:00,204,204,204,204,22100
2021-11-18 10:01:00,204,204,204,204,15100
2021-11-18 10:02:00,204,204,204,204,0
2021-11-18 10:03:00,204,204,204,204,0
2021-11-18 10:04:00,204,204,204,204,0
2021-11-18 10:05:00,204,204,204,204,0
2021-11-18 10:06:00,204,202,204,202,5000
2021-11-18 10:07:00,204,202,204,202,0
2021-11-18 10:08:00,204,202,204,202,0
2021-11-18 10:09:00,204,204,204,204,100
2021-11-18 10:10:00,204,204,204,204,0
2021-11-18 10:11:00,204,204,204,204,0
2021-11-18 10:12:00,204,204,204,204,0
2021-11-18 10:13:00,204,204,204,204,0
2021-11-18 10:14:00,204,204,204,204,300
2021-11-18 10:15:00,204,204,204,204,0
2021-11-18 10:16:00,202,202,202,202,700
2021-11-18 10:17:00,202,202,204,204,11000
2021-11-18 10:18:00,202,202,204,204,0
2021-11-18 10:19:00,202,202,204,204,0
2021-11-18 10:20:00,204,204,204,204,125600
2021-11-18 10:21:00,204,204,204,204,0
2021-11-18 10:22:00,204,204,204,204,29300
2021-11-18 10:23:00,204,204,204,204,0
2021-11-18 10:24:00,204,204,204,204,0
2021-11-18 10:25:00,204,204,204,204,0
2021-11-18 10:26:00,204,204,204,204,0
2021-11-18 10:27:00,204,204,204,204,0
2021-11-18 10:28:00,204,204,204,204,0
2021-11-18 10:29:00,204,204,204,204,500
2021-11-18 10:30:00,204,204,204,204,500
2021-11-18 10:31:00,204,204,204,204,0
2021-11-18 10:32:00,204,204,204,204,0
2021-11-18 10:33:00,204,204,204,204,5000
2021-11-18 10:34:00,204,204,204,204,0
2021-11-18 10:35:00,204,202,204,202,342400
2021-11-18 10:36:00,204,202,204,202,0
2021-11-18 10:37:00,204,204,204,204,300
2021-11-18 10:38:00,204,204,204,204,0
2021-11-18 10:39:00,204,204,204,204,7900
2021-11-18 10:40:00,204,204,204,204,13500
2021-11-18 10:41:00,204,204,204,204,72700
2021-11-18 10:42:00,204,204,204,204,0
2021-11-18 10:43:00,204,204,204,204,0
2021-11-18 10:44:00,204,204,204,204,0
2021-11-18 10:45:00,204,204,204,204,7500
2021-11-18 10:46:00,204,204,204,204,0
2021-11-18 10:47:00,204,204,204,204,0
2021-11-18 10:48:00,204,204,204,204,100000
2021-11-18 10:49:00,204,204,204,204,4500
2021-11-18 10:50:00,204,204,204,204,0
2021-11-18 10:51:00,204,204,204,204,2600
2021-11-18 10:52:00,204,204,204,204,0
2021-11-18 10:53:00,204,204,204,204,500
2021-11-18 10:54:00,204,204,204,204,0
2021-11-18 10:55:00,204,204,204,204,100
2021-11-18 10:56:00,204,204,204,204,0
2021-11-18 10:57:00,204,204,204,204,0
2021-11-18 10:58:00,204,204,204,204,0
2021-11-18 10:59:00,204,204,204,204,0
2021-11-18 11:00:00,204,204,204,204,100
2021-11-18 11:01:00,202,202,202,202,30700
2021-11-18 11:02:00,202,202,202,202,0
2021-11-18 11:03:00,204,202,204,204,30200
2021-11-18 11:04:00,204,204,204,204,6000
2021-11-18 11:05:00,204,204,204,204,25800
2021-11-18 11:06:00,204,204,204,204,38200
2021-11-18 11:07:00,204,204,204,204,15800
2021-11-18 11:08:00,204,204,204,204,0
2021-11-18 11:09:00,204,204,204,204,0
2021-11-18 11:10:00,202,202,202,202,100
2021-11-18 11:11:00,202,202,202,202,0
2021-11-18 11:12:00,202,202,202,202,0
2021-11-18 11:13:00,202,202,202,202,0
2021-11-18 11:14:00,204,204,204,204,200
2021-11-18 11:15:00,204,204,204,204,0
2021-11-18 11:16:00,204,204,204,204,400
2021-11-18 11:17:00,204,204,204,204,0
2021-11-18 11:18:00,204,204,204,204,0
2021-11-18 11:19:00,204,204,204,204,0
2021-11-18 11:20:00,204,204,204,204,0
2021-11-18 11:21:00,204,204,204,204,0
2021-11-18 11:22:00,204,204,204,204,0
2021-11-18 11:23:00,204,204,204,204,0
2021-11-18 11:24:00,204,204,204,204,0
2021-11-18 11:25:00,204,204,204,204,0
2021-11-18 11:26:00,204,204,204,204,400
2021-11-18 11:27:00,204,204,204,204,0
2021-11-18 11:28:00,204,204,204,204,0
2021-11-18 11:29:00,204,204,204,204,0
2021-11-18 11:30:00,204,204,204,204,0
2021-11-18 11:31:00,204,204,204,204,0
2021-11-18 11:32:00,204,204,204,204,0
2021-11-18 11:33:00,204,204,204,204,0
2021-11-18 11:34:00,204,204,204,204,0
2021-11-18 11:35:00,204,204,204,204,0
2021-11-18 11:36:00,204,204,204,204,0
2021-11-18 11:37:00,204,204,204,204,0
2021-11-18 11:38:00,204,204,204,204,0
2021-11-18 11:39:00,204,204,204,204,0
2021-11-18 11:40:00,204,204,204,204,0
2021-11-18 11:41:00,204,204,204,204,0
2021-11-18 11:42:00,204,204,204,204,0
2021-11-18 11:43:00,204,204,204,204,0
2021-11-18 11:44:00,204,204,204,204,0
2021-11-18 11:45:00,204,204,204,204,0
2021-11-18 11:46:00,204,204,204,204,0
2021-11-18 11:47:00,204,204,204,204,0
2021-11-18 11:48:00,204,204,204,204,0
2021-11-18 11:49:00,204,204,204,204,0
2021-11-18 11:50:00,204,204,204,204,0
2021-11-18 11:51:00,204,204,204,204,0
2021-11-18 11:52:00,204,204,204,204,0
2021-11-18 11:53:00,204,204,204,204,0
2021-11-18 11:54:00,204,204,204,204,0
2021-11-18 11:55:00,204,204,204,204,0
2021-11-18 11:56:00,204,204,204,204,0
2021-11-18 11:57:00,204,204,204,204,0
2021-11-18 11:58:00,204,204,204,204,0
2021-11-18 11:59:00,204,204,204,204,0
2021-11-18 12:00:00,204,204,204,204,0
2021-11-18 12:01:00,204,204,204,204,0
2021-11-18 12:02:00,204,204,204,204,0
2021-11-18 12:03:00,204,204,204,204,0
2021-11-18 12:04:00,204,204,204,204,0
2021-11-18 12:05:00,204,204,204,204,0
2021-11-18 12:06:00,204,204,204,204,0
2021-11-18 12:07:00,204,204,204,204,0
2021-11-18 12:08:00,204,204,204,204,0
2021-11-18 12:09:00,204,204,204,204,0
2021-11-18 12:10:00,204,204,204,204,0
2021-11-18 12:11:00,204,204,204,204,0
2021-11-18 12:12:00,204,204,204,204,0
2021-11-18 12:13:00,204,204,204,204,0
2021-11-18 12:14:00,204,204,204,204,0
2021-11-18 12:15:00,204,204,204,204,0
2021-11-18 12:16:00,204,204,204,204,0
2021-11-18 12:17:00,204,204,204,204,0
2021-11-18 12:18:00,204,204,204,204,0
2021-11-18 12:19:00,204,204,204,204,0
2021-11-18 12:20:00,204,204,204,204,0
2021-11-18 12:21:00,204,204,204,204,0
2021-11-18 12:22:00,204,204,204,204,0
2021-11-18 12:23:00,204,204,204,204,0
2021-11-18 12:24:00,204,204,204,204,0
2021-11-18 12:25:00,204,204,204,204,0
2021-11-18 12:26:00,204,204,204,204,0
2021-11-18 12:27:00,204,204,204,204,0
2021-11-18 12:28:00,204,204,204,204,0
2021-11-18 12:29:00,204,204,204,204,0
2021-11-18 12:30:00,204,204,204,204,0
2021-11-18 12:31:00,204,204,204,204,0
2021-11-18 12:32:00,204,204,204,204,0
2021-11-18 12:33:00,204,204,204,204,0
2021-11-18 12:34:00,204,204,204,204,0
2021-11-18 12:35:00,204,204,204,204,0
2021-11-18 12:36:00,204,204,204,204,0
2021-11-18 12:37:00,204,204,204,204,0
2021-11-18 12:38:00,204,204,204,204,0
2021-11-18 12:39:00,204,204,204,204,0
2021-11-18 12:40:00,204,204,204,204,0
2021-11-18 12:41:00,204,204,204,204,0
2021-11-18 12:42:00,204,204,204,204,0
2021-11-18 12:43:00,204,204,204,204,0
2021-11-18 12:44:00,204,204,204,204,0
2021-11-18 12:45:00,204,204,204,204,0
2021-11-18 12:46:00,204,204,204,204,0
2021-11-18 12:47:00,204,204,204,204,0
2021-11-18 12:48:00,204,204,204,204,0
2021-11-18 12:49:00,204,204,204,204,0
2021-11-18 12:50:00,204,204,204,204,0
2021-11-18 12:51:00,204,204,204,204,0
2021-11-18 12:52:00,204,204,204,204,0
2021-11-18 12:53:00,204,204,204,204,0
2021-11-18 12:54:00,204,204,204,204,0
2021-11-18 12:55:00,204,204,204,204,0
2021-11-18 12:56:00,204,204,204,204,0
2021-11-18 12:57:00,204,204,204,204,0
2021-11-18 12:58:00,204,204,204,204,0
2021-11-18 12:59:00,204,204,204,204,0
2021-11-18 13:00:00,204,204,204,204,0
2021-11-18 13:01:00,204,204,204,204,0
2021-11-18 13:02:00,204,204,204,204,0
2021-11-18 13:03:00,204,204,204,204,0
2021-11-18 13:04:00,204,204,204,204,0
2021-11-18 13:05:00,204,204,204,204,0
2021-11-18 13:06:00,204,204,204,204,0
2021-11-18 13:07:00,204,204,204,204,0
2021-11-18 13:08:00,204,204,204,204,0
2021-11-18 13:09:00,204,204,204,204,0
2021-11-18 13:10:00,204,204,204,204,0
2021-11-18 13:11:00,204,204,204,204,0
2021-11-18 13:12:00,204,204,204,204,0
2021-11-18 13:13:00,204,204,204,204,0
2021-11-18 13:14:00,204,204,204,204,0
2021-11-18 13:15:00,204,204,204,204,0
2021-11-18 13:16:00,204,204,204,204,0
2021-11-18 13:17:00,204,204,204,204,0
2021-11-18 13:18:00,204,204,204,204,0
2021-11-18 13:19:00,204,204,204,204,0
2021-11-18 13:20:00,204,204,204,204,0
2021-11-18 13:21:00,204,204,204,204,0
2021-11-18 13:22:00,204,204,204,204,0
2021-11-18 13:23:00,204,204,204,204,0
2021-11-18 13:24:00,204,204,204,204,0
2021-11-18 13:25:00,204,204,204,204,0
2021-11-18 13:26:00,204,204,204,204,0
2021-11-18 13:27:00,204,204,204,204,0
2021-11-18 13:28:00,204,204,204,204,0
2021-11-18 13:29:00,204,204,204,204,0
2021-11-18 13:30:00,204,204,204,204,1178200
2021-11-18 13:31:00,204,204,204,204,19700
2021-11-18 13:32:00,204,204,204,204,0
2021-11-18 13:33:00,204,204,204,204,5000
2021-11-18 13:34:00,204,204,204,204,0
2021-11-18 13:35:00,204,204,204,204,0
2021-11-18 13:36:00,204,204,206,206,400
2021-11-18 13:37:00,204,204,204,204,200
2021-11-18 13:38:00,204,204,204,204,2700
2021-11-18 13:39:00,204,204,204,204,0
2021-11-18 13:40:00,204,204,204,204,0
2021-11-18 13:41:00,204,204,204,204,100
2021-11-18 13:42:00,204,204,204,204,45000
2021-11-18 13:43:00,204,204,204,204,0
2021-11-18 13:44:00,204,204,204,204,0
2021-11-18 13:45:00,204,204,204,204,600
2021-11-18 13:46:00,204,204,204,204,500
2021-11-18 13:47:00,204,204,204,204,0
2021-11-18 13:48:00,204,204,204,204,0
2021-11-18 13:49:00,204,204,204,204,2500
2021-11-18 13:50:00,204,204,204,204,0
2021-11-18 13:51:00,204,204,204,204,0
2021-11-18 13:52:00,202,202,202,202,600
2021-11-18 13:53:00,202,202,202,202,14900
2021-11-18 13:54:00,202,202,202,202,0
2021-11-18 13:55:00,202,202,202,202,5200
2021-11-18 13:56:00,202,202,202,202,0
2021-11-18 13:57:00,202,202,202,202,0
2021-11-18 13:58:00,202,202,202,202,0
2021-11-18 13:59:00,202,202,202,202,0
2021-11-18 14:00:00,202,202,202,202,0
2021-11-18 14:01:00,202,202,202,202,0
2021-11-18 14:02:00,202,202,202,202,0
2021-11-18 14:03:00,202,202,202,202,0
2021-11-18 14:04:00,202,202,202,202,0
2021-11-18 14:05:00,202,202,202,202,0
2021-11-18 14:06:00,202,202,202,202,0
2021-11-18 14:07:00,202,202,202,202,0
2021-11-18 14:08:00,202,202,202,202,19000
2021-11-18 14:09:00,202,202,202,202,0
2021-11-18 14:10:00,202,202,202,202,0
2021-11-18 14:11:00,204,204,204,204,10000
2021-11-18 14:12:00,204,204,204,204,0
2021-11-18 14:13:00,204,204,204,204,0
2021-11-18 14:14:00,202,202,202,202,1200
2021-11-18 14:15:00,202,202,202,202,231200
2021-11-18 14:16:00,202,202,202,202,0
2021-11-18 14:17:00,202,202,202,202,0
2021-11-18 14:18:00,202,202,202,202,0
2021-11-18 14:19:00,202,202,202,202,11500
2021-11-18 14:20:00,202,202,202,202,0
2021-11-18 14:21:00,202,202,202,202,689800
2021-11-18 14:22:00,202,202,202,202,100
2021-11-18 14:23:00,202,202,202,202,18000
2021-11-18 14:24:00,202,202,202,202,100
2021-11-18 14:25:00,202,202,202,202,0
2021-11-18 14:26:00,202,202,202,202,0
2021-11-18 14:27:00,202,202,202,202,1900
2021-11-18 14:28:00,202,202,202,202,1000
2021-11-18 14:29:00,204,204,204,204,100
2021-11-18 14:30:00,202,202,202,202,5500
2021-11-18 14:31:00,202,202,202,202,0
2021-11-18 14:32:00,202,202,202,202,0
2021-11-18 14:33:00,202,202,202,202,13600
2021-11-18 14:34:00,202,202,202,202,0
2021-11-18 14:35:00,202,202,202,202,0
2021-11-18 14:36:00,202,202,202,202,5000
2021-11-18 14:37:00,202,202,202,202,0
2021-11-18 14:38:00,204,204,204,204,100
2021-11-18 14:39:00,204,204,204,204,100
2021-11-18 14:40:00,202,202,202,202,14500
2021-11-18 14:41:00,202,202,202,202,0
2021-11-18 14:42:00,202,202,202,202,10200
2021-11-18 14:43:00,202,202,202,202,0
2021-11-18 14:44:00,204,204,204,204,100
2021-11-18 14:45:00,202,202,202,202,4000
2021-11-18 14:46:00,202,202,202,202,0
2021-11-18 14:47:00,204,204,204,204,1600
2021-11-18 14:48:00,204,202,204,202,30100
2021-11-18 14:49:00,202,202,202,202,175600
2021-11-18 14:50:00,202,202,202,202,0
2021-11-18 14:51:00,202,202,202,202,0
2021-11-18 14:52:00,202,202,202,202,0
2021-11-18 14:53:00,202,202,202,202,0
2021-11-18 14:54:00,202,202,202,202,0
2021-11-18 14:55:00,202,202,202,202,0
2021-11-18 14:56:00,202,202,202,202,0
2021-11-18 14:57:00,202,202,202,202,0
2021-11-18 14:58:00,202,202,202,202,0
2021-11-18 14:59:00,202,202,202,202,0
2021-11-18 15:00:00,202,202,202,202,110400
2021-11-18 15:01:00,202,202,202,202,0
2021-11-18 15:02:00,202,202,202,202,0
2021-11-18 15:03:00,202,202,202,202,0
2021-11-18 15:04:00,202,202,202,202,0
2021-11-18 15:05:00,202,202,202,202,19500
2021-11-18 15:06:00,202,202,202,202,50000
2021-11-18 15:07:00,202,202,202,202,31000
2021-11-18 15:08:00,202,202,202,202,5000
2021-11-18 15:09:00,202,202,202,202,0
2021-11-18 15:10:00,202,202,202,202,15400
2021-11-18 15:11:00,202,202,202,202,0
2021-11-18 15:12:00,202,202,202,202,0
2021-11-18 15:13:00,202,202,202,202,0
2021-11-18 15:14:00,202,202,202,202,0
2021-11-18 15:15:00,202,202,202,202,0
2021-11-18 15:16:00,202,202,202,202,0
2021-11-18 15:17:00,202,202,202,202,0
2021-11-18 15:18:00,202,202,202,202,0
2021-11-18 15:19:00,202,202,202,202,0
2021-11-18 15:20:00,202,202,202,202,0
2021-11-18 15:21:00,202,202,202,202,0
2021-11-18 15:22:00,202,202,202,202,0
2021-11-18 15:23:00,202,202,202,202,0
2021-11-18 15:24:00,202,202,202,202,0
2021-11-18 15:25:00,202,202,202,202,0
2021-11-18 15:26:00,202,202,202,202,0
2021-11-18 15:27:00,202,202,202,202,0
2021-11-18 15:28:00,202,202,202,202,0
2021-11-18 15:29:00,202,202,202,202,0
2021-11-18 15:30:00,202,202,202,202,0
2021-11-18 15:31:00,202,202,202,202,0
2021-11-18 15:32:00,202,202,202,202,0
2021-11-18 15:33:00,202,202,202,202,0
2021-11-18 15:34:00,202,202,202,202,0
2021-11-18 15:35:00,202,202,202,202,0
2021-11-18 15:36:00,202,202,202,202,0
2021-11-18 15:37:00,202,202,202,202,0
2021-11-18 15:38:00,202,202,202,202,0
2021-11-18 15:39:00,202,202,202,202,0
2021-11-18 15:40:00,202,202,202,202,0
2021-11-18 15:41:00,202,202,202,202,0
2021-11-18 15:42:00,202,202,202,202,0
2021-11-18 15:43:00,202,202,202,202,0
2021-11-18 15:44:00,202,202,202,202,0
2021-11-18 15:45:00,202,202,202,202,0
2021-11-18 15:46:00,202,202,202,202,0
2021-11-18 15:47:00,202,202,202,202,0
2021-11-18 15:48:00,202,202,202,202,0
2021-11-18 15:49:00,202,202,202,202,0
2021-11-18 15:50:00,202,202,202,202,0
2021-11-18 15:51:00,202,202,202,202,0
2021-11-18 15:52:00,202,202,202,202,0
2021-11-18 15:53:00,202,202,202,202,0
2021-11-18 15:54:00,202,202,202,202,0
2021-11-18 15:55:00,202,202,202,202,0
2021-11-18 15:56:00,202,202,202,202,0
2021-11-18 15:57:00,202,202,202,202,0
2021-11-18 15:58:00,202,202,202,202,0
2021-11-18 15:59:00,202,202,202,202,0
2021-11-19 09:00:00,202,202,202,202,0
2021-11-19 09:01:00,202,202,202,202,7800
2021-11-19 09:02:00,202,202,202,202,0
2021-11-19 09:03:00,204,204,204,204,45000
2021-11-19 09:04:00,204,204,204,204,0
2021-11-19 09:05:00,202,202,204,202,65100
2021-11-19 09:06:00,202,202,204,202,0
2021-11-19 09:07:00,202,202,204,202,0
2021-11-19 09:08:00,202,202,204,202,0
2021-11-19 09:09:00,202,202,204,202,0
2021-11-19 09:10:00,202,202,204,202,0
2021-11-19 09:11:00,202,202,202,202,6000
2021-11-19 09:12:00,202,202,202,202,200
2021-11-19 09:13:00,204,204,204,204,10000
2021-11-19 09:14:00,204,204,204,204,0
2021-11-19 09:15:00,202,202,202,202,1500
2021-11-19 09:16:00,202,202,202,202,0
2021-11-19 09:17:00,202,202,202,202,0
2021-11-19 09:18:00,204,202,204,204,103900
2021-11-19 09:19:00,204,204,204,204,79100
2021-11-19 09:20:00,204,204,204,204,20900
2021-11-19 09:21:00,204,204,204,204,1000
2021-11-19 09:22:00,204,204,204,204,0
2021-11-19 09:23:00,204,204,204,204,0
2021-11-19 09:24:00,204,204,204,204,2000
2021-11-19 09:25:00,204,204,204,204,0
2021-11-19 09:26:00,204,204,204,204,0
2021-11-19 09:27:00,204,204,204,204,0
2021-11-19 09:28:00,204,204,204,204,0
2021-11-19 09:29:00,204,204,204,204,0
2021-11-19 09:30:00,204,204,204,204,0
2021-11-19 09:31:00,204,204,204,204,0
2021-11-19 09:32:00,204,204,204,204,0
2021-11-19 09:33:00,204,204,204,204,100
2021-11-19 09:34:00,202,202,202,202,100
2021-11-19 09:35:00,202,202,202,202,0
2021-11-19 09:36:00,202,202,202,202,0
2021-11-19 09:37:00,202,202,202,202,1300
2021-11-19 09:38:00,202,202,202,202,0
2021-11-19 09:39:00,202,202,202,202,0
2021-11-19 09:40:00,202,202,202,202,0
2021-11-19 09:41:00,202,202,202,202,10000
2021-11-19 09:42:00,202,202,202,202,0
2021-11-19 09:43:00,202,202,202,202,0
2021-11-19 09:44:00,204,204,204,204,5200
2021-11-19 09:45:00,204,204,204,204,25000
2021-11-19 09:46:00,204,204,204,204,0
2021-11-19 09:47:00,204,204,204,204,0
2021-11-19 09:48:00,204,204,204,204,0
2021-11-19 09:49:00,204,204,204,204,0
2021-11-19 09:50:00,204,202,204,202,36000
2021-11-19 09:51:00,204,202,204,202,0
2021-11-19 09:52:00,202,202,202,202,5600
2021-11-19 09:53:00,204,204,204,204,1000
2021-11-19 09:54:00,204,204,204,204,50000
2021-11-19 09:55:00,204,204,204,204,0
2021-11-19 09:56:00,204,204,204,204,0
2021-11-19 09:57:00,204,204,204,204,0
2021-11-19 09:58:00,202,202,202,202,100
2021-11-19 09:59:00,202,202,202,202,0
2021-11-19 10:00:00,204,204,204,204,100
2021-11-19 10:01:00,204,204,204,204,200
2021-11-19 10:02:00,202,202,202,202,3000
2021-11-19 10:03:00,202,202,202,202,1100
2021-11-19 10:04:00,202,202,202,202,0
2021-11-19 10:05:00,202,202,202,202,0
2021-11-19 10:06:00,202,202,202,202,1500
2021-11-19 10:07:00,202,202,202,202,0
2021-11-19 10:08:00,202,202,202,202,0
2021-11-19 10:09:00,202,202,202,202,0
2021-11-19 10:10:00,202,202,202,202,0
2021-11-19 10:11:00,202,202,202,202,50000
2021-11-19 10:12:00,202,202,202,202,0
2021-11-19 10:13:00,202,202,202,202,4000
2021-11-19 10:14:00,204,204,204,204,100
2021-11-19 10:15:00,204,204,204,204,0
2021-11-19 10:16:00,204,204,204,204,0
2021-11-19 10:17:00,202,202,204,204,30600
2021-11-19 10:18:00,202,202,204,204,0
2021-11-19 10:19:00,202,202,204,204,0
2021-11-19 10:20:00,202,202,204,204,0
2021-11-19 10:21:00,204,204,204,204,130000
2021-11-19 10:22:00,204,204,204,204,100
2021-11-19 10:23:00,204,204,204,204,0
2021-11-19 10:24:00,204,204,204,204,0
2021-11-19 10:25:00,204,204,204,204,0
2021-11-19 10:26:00,204,204,204,204,0
2021-11-19 10:27:00,204,204,204,204,600
2021-11-19 10:28:00,204,204,204,204,0
2021-11-19 10:29:00,204,204,204,204,102500
2021-11-19 10:30:00,204,204,204,204,0
2021-11-19 10:31:00,204,204,204,204,5000
2021-11-19 10:32:00,204,204,204,204,292200
2021-11-19 10:33:00,204,204,204,204,0
2021-11-19 10:34:00,204,204,204,204,12400
2021-11-19 10:35:00,204,204,204,204,0
2021-11-19 10:36:00,204,204,204,204,10500
2021-11-19 10:37:00,204,204,204,204,11800
2021-11-19 10:38:00,204,204,204,204,37500
2021-11-19 10:39:00,206,204,206,204,50100
2021-11-19 10:40:00,206,204,206,204,0
2021-11-19 10:41:00,206,204,206,204,0
2021-11-19 10:42:00,204,204,204,204,1000
2021-11-19 10:43:00,204,204,204,204,1000
2021-11-19 10:44:00,204,204,204,204,0
2021-11-19 10:45:00,206,206,206,206,1000000
2021-11-19 10:46:00,206,206,206,206,96200
2021-11-19 10:47:00,208,206,208,206,754000
2021-11-19 10:48:00,208,206,208,206,0
2021-11-19 10:49:00,206,206,206,206,500
2021-11-19 10:50:00,206,206,206,206,10200
2021-11-19 10:51:00,206,206,206,206,43000
2021-11-19 10:52:00,206,206,206,206,10100
2021-11-19 10:53:00,206,206,208,208,110000
2021-11-19 10:54:00,208,206,208,206,38500
2021-11-19 10:55:00,208,208,208,208,500
2021-11-19 10:56:00,208,208,208,208,400
2021-11-19 10:57:00,206,206,206,206,9100
2021-11-19 10:58:00,208,208,208,208,500
2021-11-19 10:59:00,208,208,208,208,24000
2021-11-19 11:00:00,208,208,208,208,0
2021-11-19 11:01:00,208,206,208,206,250000
2021-11-19 11:02:00,208,206,208,206,35200
2021-11-19 11:03:00,208,208,208,208,500
2021-11-19 11:04:00,208,208,208,208,10000
2021-11-19 11:05:00,206,206,208,208,120500
2021-11-19 11:06:00,206,206,208,208,0
2021-11-19 11:07:00,206,206,206,206,123700
2021-11-19 11:08:00,206,206,206,206,8000
2021-11-19 11:09:00,206,206,206,206,0
2021-11-19 11:10:00,206,206,206,206,0
2021-11-19 11:11:00,206,206,206,206,5000
2021-11-19 11:12:00,206,206,208,208,178500
2021-11-19 11:13:00,206,206,206,206,60000
2021-11-19 11:14:00,206,206,206,206,40000
2021-11-19 11:15:00,206,206,206,206,105000
2021-11-19 11:16:00,206,206,206,206,10000
2021-11-19 11:17:00,206,206,206,206,1000
2021-11-19 11:18:00,206,206,206,206,51500
2021-11-19 11:19:00,206,206,206,206,0
2021-11-19 11:20:00,206,206,206,206,3500
2021-11-19 11:21:00,206,206,206,206,0
2021-11-19 11:22:00,206,206,206,206,0
2021-11-19 11:23:00,206,206,206,206,15000
2021-11-19 11:24:00,206,206,206,206,10000
2021-11-19 11:25:00,206,206,206,206,0
2021-11-19 11:26:00,206,206,206,206,0
2021-11-19 11:27:00,206,206,206,206,0
2021-11-19 11:28:00,206,206,206,206,1000
2021-11-19 11:29:00,206,206,206,206,500
2021-11-19 11:30:00,206,206,206,206,0
2021-11-19 11:31:00,206,206,206,206,0
2021-11-19 11:32:00,206,206,206,206,0
2021-11-19 11:33:00,206,206,206,206,0
2021-11-19 11:34:00,206,206,206,206,0
2021-11-19 11:35:00,206,206,206,206,0
2021-11-19 11:36:00,206,206,206,206,0
2021-11-19 11:37:00,206,206,206,206,0
2021-11-19 11:38:00,206,206,206,206,0
2021-11-19 11:39:00,206,206,206,206,0
2021-11-19 11:40:00,206,206,206,206,0
2021-11-19 11:41:00,206,206,206,206,0
2021-11-19 11:42:00,206,206,206,206,0
2021-11-19 11:43:00,206,206,206,206,0
2021-11-19 11:44:00,206,206,206,206,0
2021-11-19 11:45:00,206,206,206,206,0
2021-11-19 11:46:00,206,206,206,206,0
2021-11-19 11:47:00,206,206,206,206,0
2021-11-19 11:48:00,206,206,206,206,0
2021-11-19 11:49:00,206,206,206,206,0
2021-11-19 11:50:00,206,206,206,206,0
2021-11-19 11:51:00,206,206,206,206,0
2021-11-19 11:52:00,206,206,206,206,0
2021-11-19 11:53:00,206,206,206,206,0
2021-11-19 11:54:00,206,206,206,206,0
2021-11-19 11:55:00,206,206,206,206,0
2021-11-19 11:56:00,206,206,206,206,0
2021-11-19 11:57:00,206,206,206,206,0
2021-11-19 11:58:00,206,206,206,206,0
2021-11-19 11:59:00,206,206,206,206,0
2021-11-19 12:00:00,206,206,206,206,0
2021-11-19 12:01:00,206,206,206,206,0
2021-11-19 12:02:00,206,206,206,206,0
2021-11-19 12:03:00,206,206,206,206,0
2021-11-19 12:04:00,206,206,206,206,0
2021-11-19 12:05:00,206,206,206,206,0
2021-11-19 12:06:00,206,206,206,206,0
2021-11-19 12:07:00,206,206,206,206,0
2021-11-19 12:08:00,206,206,206,206,0
2021-11-19 12:09:00,206,206,206,206,0
2021-11-19 12:10:00,206,206,206,206,0
2021-11-19 12:11:00,206,206,206,206,0
2021-11-19 12:12:00,206,206,206,206,0
2021-11-19 12:13:00,206,206,206,206,0
2021-11-19 12:14:00,206,206,206,206,0
2021-11-19 12:15:00,206,206,206,206,0
2021-11-19 12:16:00,206,206,206,206,0
2021-11-19 12:17:00,206,206,206,206,0
2021-11-19 12:18:00,206,206,206,206,0
2021-11-19 12:19:00,206,206,206,206,0
2021-11-19 12:20:00,206,206,206,206,0
2021-11-19 12:21:00,206,206,206,206,0
2021-11-19 12:22:00,206,206,206,206,0
2021-11-19 12:23:00,206,206,206,206,0
2021-11-19 12:24:00,206,206,206,206,0
2021-11-19 12:25:00,206,206,206,206,0
2021-11-19 12:26:00,206,206,206,206,0
2021-11-19 12:27:00,206,206,206,206,0
2021-11-19 12:28:00,206,206,206,206,0
2021-11-19 12:29:00,206,206,206,206,0
2021-11-19 12:30:00,206,206,206,206,0
2021-11-19 12:31:00,206,206,206,206,0
2021-11-19 12:32:00,206,206,206,206,0
2021-11-19 12:33:00,206,206,206,206,0
2021-11-19 12:34:00,206,206,206,206,0
2021-11-19 12:35:00,206,206,206,206,0
2021-11-19 12:36:00,206,206,206,206,0
2021-11-19 12:37:00,206,206,206,206,0
2021-11-19 12:38:00,206,206,206,206,0
2021-11-19 12:39:00,206,206,206,206,0
2021-11-19 12:40:00,206,206,206,206,0
2021-11-19 12:41:00,206,206,206,206,0
2021-11-19 12:42:00,206,206,206,206,0
2021-11-19 12:43:00,206,206,206,206,0
2021-11-19 12:44:00,206,206,206,206,0
2021-11-19 12:45:00,206,206,206,206,0
2021-11-19 12:46:00,206,206,206,206,0
2021-11-19 12:47:00,206,206,206,206,0
2021-11-19 12:48:00,206,206,206,206,0
2021-11-19 12:49:00,206,206,206,206,0
2021-11-19 12:50:00,206,206,206,206,0
2021-11-19 12:51:00,206,206,206,206,0
2021-11-19 12:52:00,206,206,206,206,0
2021-11-19 12:53:00,206,206,206,206,0
2021-11-19 12:54:00,206,206,206,206,0
2021-11-19 12:55:00,206,206,206,206,0
2021-11-19 12:56:00,206,206,206,206,0
2021-11-19 12:57:00,206,206,206,206,0
2021-11-19 12:58:00,206,206,206,206,0
2021-11-19 12:59:00,206,206,206,206,0
2021-11-19 13:00:00,206,206,206,206,0
2021-11-19 13:01:00,206,206,206,206,0
2021-11-19 13:02:00,206,206,206,206,0
2021-11-19 13:03:00,206,206,206,206,0
2021-11-19 13:04:00,206,206,206,206,0
2021-11-19 13:05:00,206,206,206,206,0
2021-11-19 13:06:00,206,206,206,206,0
2021-11-19 13:07:00,206,206,206,206,0
2021-11-19 13:08:00,206,206,206,206,0
2021-11-19 13:09:00,206,206,206,206,0
2021-11-19 13:10:00,206,206,206,206,0
2021-11-19 13:11:00,206,206,206,206,0
2021-11-19 13:12:00,206,206,206,206,0
2021-11-19 13:13:00,206,206,206,206,0
2021-11-19 13:14:00,206,206,206,206,0
2021-11-19 13:15:00,206,206,206,206,0
2021-11-19 13:16:00,206,206,206,206,0
2021-11-19 13:17:00,206,206,206,206,0
2021-11-19 13:18:00,206,206,206,206,0
2021-11-19 13:19:00,206,206,206,206,0
2021-11-19 13:20:00,206,206,206,206,0
2021-11-19 13:21:00,206,206,206,206,0
2021-11-19 13:22:00,206,206,206,206,0
2021-11-19 13:23:00,206,206,206,206,0
2021-11-19 13:24:00,206,206,206,206,0
2021-11-19 13:25:00,206,206,206,206,0
2021-11-19 13:26:00,206,206,206,206,0
2021-11-19 13:27:00,206,206,206,206,0
2021-11-19 13:28:00,206,206,206,206,0
2021-11-19 13:29:00,206,206,206,206,0
2021-11-19 13:30:00,208,206,208,206,8200
2021-11-19 13:31:00,208,206,208,206,0
2021-11-19 13:32:00,206,206,206,206,20000
2021-11-19 13:33:00,206,206,206,206,42400
2021-11-19 13:34:00,206,206,206,206,10000
2021-11-19 13:35:00,206,206,206,206,1100
2021-11-19 13:36:00,206,206,206,206,1000
2021-11-19 13:37:00,206,206,206,206,2000
2021-11-19 13:38:00,206,206,206,206,0
2021-11-19 13:39:00,206,206,206,206,100
2021-11-19 13:40:00,206,206,206,206,0
2021-11-19 13:41:00,206,206,206,206,0
2021-11-19 13:42:00,206,206,206,206,0
2021-11-19 13:43:00,206,206,206,206,0
2021-11-19 13:44:00,206,206,206,206,824000
2021-11-19 13:45:00,206,204,206,206,507300
2021-11-19 13:46:00,206,204,206,206,0
2021-11-19 13:47:00,206,204,206,206,0
2021-11-19 13:48:00,206,206,206,206,10000
2021-11-19 13:49:00,204,204,204,204,1000
2021-11-19 13:50:00,204,204,204,204,5100
2021-11-19 13:51:00,204,204,204,204,0
2021-11-19 13:52:00,204,204,204,204,168800
2021-11-19 13:53:00,204,204,204,204,1500
2021-11-19 13:54:00,204,204,204,204,100
2021-11-19 13:55:00,206,202,206,204,155100
2021-11-19 13:56:00,206,202,206,204,0
2021-11-19 13:57:00,206,202,206,204,0
2021-11-19 13:58:00,206,202,206,204,0
2021-11-19 13:59:00,206,202,206,204,0
2021-11-19 14:00:00,206,202,206,204,0
2021-11-19 14:01:00,206,202,206,204,0
2021-11-19 14:02:00,204,204,204,204,20000
2021-11-19 14:03:00,204,204,204,204,0
2021-11-19 14:04:00,204,204,204,204,0
2021-11-19 14:05:00,204,204,204,204,71200
2021-11-19 14:06:00,204,202,204,202,6400
2021-11-19 14:07:00,204,204,204,204,5000
2021-11-19 14:08:00,204,204,204,204,0
2021-11-19 14:09:00,204,204,204,204,0
2021-11-19 14:10:00,204,204,204,204,0
2021-11-19 14:11:00,204,204,204,204,0
2021-11-19 14:12:00,204,204,204,204,100
2021-11-19 14:13:00,204,204,204,204,0
2021-11-19 14:14:00,204,204,204,204,200
2021-11-19 14:15:00,204,204,204,204,5300
2021-11-19 14:16:00,204,204,204,204,0
2021-11-19 14:17:00,204,204,204,204,5000
2021-11-19 14:18:00,204,204,204,204,0
2021-11-19 14:19:00,204,204,204,204,0
2021-11-19 14:20:00,204,204,204,204,0
2021-11-19 14:21:00,204,204,204,204,0
2021-11-19 14:22:00,204,204,204,204,68300
2021-11-19 14:23:00,204,204,204,204,3600
2021-11-19 14:24:00,204,204,204,204,0
2021-11-19 14:25:00,204,204,204,204,0
2021-11-19 14:26:00,204,204,204,204,0
2021-11-19 14:27:00,204,204,204,204,0
2021-11-19 14:28:00,202,202,202,202,10000
2021-11-19 14:29:00,202,202,202,202,100000
2021-11-19 14:30:00,202,202,202,202,881800
2021-11-19 14:31:00,202,202,202,202,101500
2021-11-19 14:32:00,202,202,202,202,26000
2021-11-19 14:33:00,202,202,202,202,20400
2021-11-19 14:34:00,202,202,202,202,68400
2021-11-19 14:35:00,202,202,202,202,6900
2021-11-19 14:36:00,202,202,202,202,100
2021-11-19 14:37:00,202,202,202,202,11500
2021-11-19 14:38:00,202,202,202,202,500
2021-11-19 14:39:00,202,202,202,202,983600
2021-11-19 14:40:00,202,202,202,202,0
2021-11-19 14:41:00,202,202,202,202,508700
2021-11-19 14:42:00,202,202,202,202,112700
2021-11-19 14:43:00,202,202,202,202,0
2021-11-19 14:44:00,202,202,202,202,0
2021-11-19 14:45:00,202,202,202,202,0
2021-11-19 14:46:00,202,202,202,202,50000
2021-11-19 14:47:00,202,202,204,204,30100
2021-11-19 14:48:00,202,202,204,204,0
2021-11-19 14:49:00,202,202,204,204,0
2021-11-19 14:50:00,202,202,204,204,0
2021-11-19 14:51:00,202,202,204,204,0
2021-11-19 14:52:00,202,202,204,204,0
2021-11-19 14:53:00,202,202,204,204,0
2021-11-19 14:54:00,202,202,204,204,0
2021-11-19 14:55:00,202,202,204,204,0
2021-11-19 14:56:00,202,202,204,204,0
2021-11-19 14:57:00,202,202,204,204,0
2021-11-19 14:58:00,202,202,204,204,0
2021-11-19 14:59:00,202,202,204,204,0
2021-11-19 15:00:00,204,204,204,204,340000
2021-11-19 15:01:00,204,204,204,204,0
2021-11-19 15:02:00,204,204,204,204,0
2021-11-19 15:03:00,204,204,204,204,0
2021-11-19 15:04:00,204,204,204,204,0
2021-11-19 15:05:00,204,204,204,204,18200
2021-11-19 15:06:00,204,204,204,204,6300
2021-11-19 15:07:00,204,204,204,204,0
2021-11-19 15:08:00,204,204,204,204,1700
2021-11-19 15:09:00,204,204,204,204,0
2021-11-19 15:10:00,204,204,204,204,0
2021-11-19 15:11:00,204,204,204,204,5100
2021-11-19 15:12:00,204,204,204,204,0
2021-11-19 15:13:00,204,204,204,204,0
2021-11-19 15:14:00,204,204,204,204,14000
2021-11-19 15:15:00,204,204,204,204,0
2021-11-19 15:16:00,204,204,204,204,0
2021-11-19 15:17:00,204,204,204,204,0
2021-11-19 15:18:00,204,204,204,204,0
2021-11-19 15:19:00,204,204,204,204,0
2021-11-19 15:20:00,204,204,204,204,0
2021-11-19 15:21:00,204,204,204,204,0
2021-11-19 15:22:00,204,204,204,204,0
2021-11-19 15:23:00,204,204,204,204,0
2021-11-19 15:24:00,204,204,204,204,0
2021-11-19 15:25:00,204,204,204,204,0
2021-11-19 15:26:00,204,204,204,204,0
2021-11-19 15:27:00,204,204,204,204,0
2021-11-19 15:28:00,204,204,204,204,0
2021-11-19 15:29:00,204,204,204,204,0
2021-11-19 15:30:00,204,204,204,204,0
2021-11-19 15:31:00,204,204,204,204,0
2021-11-19 15:32:00,204,204,204,204,0
2021-11-19 15:33:00,204,204,204,204,0
2021-11-19 15:34:00,204,204,204,204,0
2021-11-19 15:35:00,204,204,204,204,0
2021-11-19 15:36:00,204,204,204,204,0
2021-11-19 15:37:00,204,204,204,204,0
2021-11-19 15:38:00,204,204,204,204,0
2021-11-19 15:39:00,204,204,204,204,0
2021-11-19 15:40:00,204,204,204,204,0
2021-11-19 15:41:00,204,204,204,204,0
2021-11-19 15:42:00,204,204,204,204,0
2021-11-19 15:43:00,204,204,204,204,0
2021-11-19 15:44:00,204,204,204,204,0
2021-11-19 15:45:00,204,204,204,204,0
2021-11-19 15:46:00,204,204,204,204,0
2021-11-19 15:47:00,204,204,204,204,0
2021-11-19 15:48:00,204,204,204,204,0
2021-11-19 15:49:00,204,204,204,204,0
2021-11-19 15:50:00,204,204,204,204,0
2021-11-19 15:51:00,204,204,204,204,0
2021-11-19 15:52:00,204,204,204,204,0
2021-11-19 15:53:00,204,204,204,204,0
2021-11-19 15:54:00,204,204,204,204,0
2021-11-19 15:55:00,204,204,204,204,0
2021-11-19 15:56:00,204,204,204,204,0
2021-11-19 15:57:00,204,204,204,204,0
2021-11-19 15:58:00,204,204,204,204,0
2021-11-19 15:59:00,204,204,204,204,0
2021-11-22 09:00:00,204,204,206,206,0
2021-11-22 09:01:00,206,206,206,206,1000
2021-11-22 09:02:00,206,206,206,206,0
2021-11-22 09:03:00,206,206,206,206,0
2021-11-22 09:04:00,206,206,206,206,0
2021-11-22 09:05:00,206,206,206,206,0
2021-11-22 09:06:00,206,206,206,206,0
2021-11-22 09:07:00,206,206,206,206,0
2021-11-22 09:08:00,204,204,204,204,17500
2021-11-22 09:09:00,204,204,204,204,0
2021-11-22 09:10:00,204,204,204,204,800
2021-11-22 09:11:00,204,204,204,204,200
2021-11-22 09:12:00,206,206,206,206,12000
2021-11-22 09:13:00,206,206,206,206,0
2021-11-22 09:14:00,204,204,206,206,20500
2021-11-22 09:15:00,204,204,206,206,800
2021-11-22 09:16:00,206,204,206,204,31400
2021-11-22 09:17:00,204,204,204,204,100
2021-11-22 09:18:00,202,202,202,202,1100
2021-11-22 09:19:00,202,202,202,202,6700
2021-11-22 09:20:00,202,202,202,202,0
2021-11-22 09:21:00,202,202,202,202,0
2021-11-22 09:22:00,202,202,202,202,215500
2021-11-22 09:23:00,202,202,202,202,0
2021-11-22 09:24:00,202,202,202,202,0
2021-11-22 09:25:00,204,202,204,202,15500
2021-11-22 09:26:00,202,202,202,202,70000
2021-11-22 09:27:00,202,202,202,202,300
2021-11-22 09:28:00,202,202,202,202,800
2021-11-22 09:29:00,204,202,204,202,4000
2021-11-22 09:30:00,204,202,204,202,0
2021-11-22 09:31:00,204,202,204,202,66100
2021-11-22 09:32:00,204,202,204,202,0
2021-11-22 09:33:00,202,202,202,202,30000
2021-11-22 09:34:00,202,202,202,202,36000
2021-11-22 09:35:00,202,202,202,202,0
2021-11-22 09:36:00,202,202,202,202,1600
2021-11-22 09:37:00,202,202,202,202,9300
2021-11-22 09:38:00,202,202,202,202,0
2021-11-22 09:39:00,204,204,204,204,5000
2021-11-22 09:40:00,204,204,204,204,0
2021-11-22 09:41:00,204,204,204,204,0
2021-11-22 09:42:00,204,204,204,204,0
2021-11-22 09:43:00,204,204,204,204,0
2021-11-22 09:44:00,204,204,204,204,300
2021-11-22 09:45:00,204,204,204,204,0
2021-11-22 09:46:00,204,204,204,204,0
2021-11-22 09:47:00,204,204,204,204,0
2021-11-22 09:48:00,204,204,204,204,0
2021-11-22 09:49:00,204,204,204,204,500
2021-11-22 09:50:00,202,202,202,202,11000
2021-11-22 09:51:00,202,202,202,202,50500
2021-11-22 09:52:00,204,204,204,204,300
2021-11-22 09:53:00,204,204,204,204,0
2021-11-22 09:54:00,204,204,204,204,0
2021-11-22 09:55:00,204,204,204,204,0
2021-11-22 09:56:00,204,204,204,204,0
2021-11-22 09:57:00,202,202,202,202,5000
2021-11-22 09:58:00,202,202,202,202,0
2021-11-22 09:59:00,202,202,202,202,2000
2021-11-22 10:00:00,202,202,202,202,0
2021-11-22 10:01:00,202,202,202,202,100000
2021-11-22 10:02:00,202,202,202,202,0
2021-11-22 10:03:00,202,202,202,202,0
2021-11-22 10:04:00,202,202,202,202,0
2021-11-22 10:05:00,204,202,204,202,207000
2021-11-22 10:06:00,202,202,204,204,5400
2021-11-22 10:07:00,202,202,204,204,0
2021-11-22 10:08:00,204,204,204,204,10000
2021-11-22 10:09:00,204,204,204,204,0
2021-11-22 10:10:00,204,204,204,204,0
2021-11-22 10:11:00,204,204,204,204,0
2021-11-22 10:12:00,204,204,204,204,0
2021-11-22 10:13:00,202,202,202,202,5000
2021-11-22 10:14:00,202,202,202,202,20000
2021-11-22 10:15:00,202,202,202,202,0
2021-11-22 10:16:00,202,202,202,202,0
2021-11-22 10:17:00,202,202,202,202,20000
2021-11-22 10:18:00,202,202,202,202,0
2021-11-22 10:19:00,204,204,204,204,10000
2021-11-22 10:20:00,204,204,204,204,0
2021-11-22 10:21:00,204,204,204,204,0
2021-11-22 10:22:00,204,204,204,204,0
2021-11-22 10:23:00,204,204,204,204,0
2021-11-22 10:24:00,204,204,204,204,0
2021-11-22 10:25:00,204,204,204,204,0
2021-11-22 10:26:00,202,202,202,202,50000
2021-11-22 10:27:00,202,202,202,202,0
2021-11-22 10:28:00,202,202,202,202,0
2021-11-22 10:29:00,202,202,202,202,0
2021-11-22 10:30:00,202,202,202,202,0
2021-11-22 10:31:00,202,202,202,202,0
2021-11-22 10:32:00,202,202,202,202,0
2021-11-22 10:33:00,202,202,202,202,200
2021-11-22 10:34:00,202,202,202,202,11000
2021-11-22 10:35:00,202,202,202,202,0
2021-11-22 10:36:00,202,202,202,202,5000
2021-11-22 10:37:00,202,202,202,202,0
2021-11-22 10:38:00,202,202,202,202,5000
2021-11-22 10:39:00,204,204,204,204,50000
2021-11-22 10:40:00,204,204,204,204,0
2021-11-22 10:41:00,204,204,204,204,5000
2021-11-22 10:42:00,204,204,204,204,0
2021-11-22 10:43:00,202,202,202,202,20000
2021-11-22 10:44:00,202,202,202,202,500
2021-11-22 10:45:00,204,204,204,204,500
2021-11-22 10:46:00,204,204,204,204,0
2021-11-22 10:47:00,204,204,204,204,60000
2021-11-22 10:48:00,204,204,204,204,0
2021-11-22 10:49:00,204,204,204,204,0
2021-11-22 10:50:00,204,204,204,204,0
2021-11-22 10:51:00,204,204,204,204,0
2021-11-22 10:52:00,204,204,204,204,0
2021-11-22 10:53:00,204,202,204,202,25000
2021-11-22 10:54:00,204,202,204,202,0
2021-11-22 10:55:00,204,202,204,202,0
2021-11-22 10:56:00,204,202,204,202,0
2021-11-22 10:57:00,204,202,204,202,0
2021-11-22 10:58:00,204,202,204,202,0
2021-11-22 10:59:00,202,202,202,202,8200
2021-11-22 11:00:00,202,202,202,202,0
2021-11-22 11:01:00,202,202,202,202,0
2021-11-22 11:02:00,204,204,204,204,29000
2021-11-22 11:03:00,204,204,204,204,500
2021-11-22 11:04:00,204,204,204,204,0
2021-11-22 11:05:00,204,204,204,204,0
2021-11-22 11:06:00,204,204,204,204,0
2021-11-22 11:07:00,204,204,204,204,0
2021-11-22 11:08:00,204,204,204,204,0
2021-11-22 11:09:00,202,202,202,202,206600
2021-11-22 11:10:00,202,202,202,202,1000
2021-11-22 11:11:00,200,200,202,202,47800
2021-11-22 11:12:00,200,200,202,202,0
2021-11-22 11:13:00,200,200,202,202,0
2021-11-22 11:14:00,202,202,202,202,99600
2021-11-22 11:15:00,202,202,202,202,0
2021-11-22 11:16:00,202,202,202,202,0
2021-11-22 11:17:00,202,202,202,202,0
2021-11-22 11:18:00,202,202,202,202,0
2021-11-22 11:19:00,202,202,202,202,0
2021-11-22 11:20:00,202,202,202,202,0
2021-11-22 11:21:00,202,202,202,202,0
2021-11-22 11:22:00,202,202,202,202,0
2021-11-22 11:23:00,202,202,202,202,0
2021-11-22 11:24:00,202,202,202,202,0
2021-11-22 11:25:00,202,202,202,202,0
2021-11-22 11:26:00,202,202,202,202,5900
2021-11-22 11:27:00,202,202,202,202,31900
2021-11-22 11:28:00,202,202,202,202,5500
2021-11-22 11:29:00,202,202,202,202,10100
2021-11-22 11:30:00,202,202,202,202,0
2021-11-22 11:31:00,202,202,202,202,0
2021-11-22 11:32:00,202,202,202,202,0
2021-11-22 11:33:00,202,202,202,202,0
2021-11-22 11:34:00,202,202,202,202,0
2021-11-22 11:35:00,202,202,202,202,0
2021-11-22 11:36:00,202,202,202,202,0
2021-11-22 11:37:00,202,202,202,202,0
2021-11-22 11:38:00,202,202,202,202,0
2021-11-22 11:39:00,202,202,202,202,0
2021-11-22 11:40:00,202,202,202,202,0
2021-11-22 11:41:00,202,202,202,202,0
2021-11-22 11:42:00,202,202,202,202,0
2021-11-22 11:43:00,202,202,202,202,0
2021-11-22 11:44:00,202,202,202,202,0
2021-11-22 11:45:00,202,202,202,202,0
2021-11-22 11:46:00,202,202,202,202,0
2021-11-22 11:47:00,202,202,202,202,0
2021-11-22 11:48:00,202,202,202,202,0
2021-11-22 11:49:00,202,202,202,202,0
2021-11-22 11:50:00,202,202,202,202,0
2021-11-22 11:51:00,202,202,202,202,0
2021-11-22 11:52:00,202,202,202,202,0
2021-11-22 11:53:00,202,202,202,202,0
2021-11-22 11:54:00,202,202,202,202,0
2021-11-22 11:55:00,202,202,202,202,0
2021-11-22 11:56:00,202,202,202,202,0
2021-11-22 11:57:00,202,202,202,202,0
2021-11-22 11:58:00,202,202,202,202,0
2021-11-22 11:59:00,202,202,202,202,0
2021-11-22 12:00:00,202,202,202,202,0
2021-11-22 12:01:00,202,202,202,202,0
2021-11-22 12:02:00,202,202,202,202,0
2021-11-22 12:03:00,202,202,202,202,0
2021-11-22 12:04:00,202,202,202,202,0
2021-11-22 12:05:00,202,202,202,202,0
2021-11-22 12:06:00,202,202,202,202,0
2021-11-22 12:07:00,202,202,202,202,0
2021-11-22 12:08:00,202,202,202,202,0
2021-11-22 12:09:00,202,202,202,202,0
2021-11-22 12:10:00,202,202,202,202,0
2021-11-22 12:11:00,202,202,202,202,0
2021-11-22 12:12:00,202,202,202,202,0
2021-11-22 12:13:00,202,202,202,202,0
2021-11-22 12:14:00,202,202,202,202,0
2021-11-22 12:15:00,202,202,202,202,0
2021-11-22 12:16:00,202,202,202,202,0
2021-11-22 12:17:00,202,202,202,202,0
2021-11-22 12:18:00,202,202,202,202,0
2021-11-22 12:19:00,202,202,202,202,0
2021-11-22 12:20:00,202,202,202,202,0
2021-11-22 12:21:00,202,202,202,202,0
2021-11-22 12:22:00,202,202,202,202,0
2021-11-22 12:23:00,202,202,202,202,0
2021-11-22 12:24:00,202,202,202,202,0
2021-11-22 12:25:00,202,202,202,202,0
2021-11-22 12:26:00,202,202,202,202,0
2021-11-22 12:27:00,202,202,202,202,0
2021-11-22 12:28:00,202,202,202,202,0
2021-11-22 12:29:00,202,202,202,202,0
2021-11-22 12:30:00,202,202,202,202,0
2021-11-22 12:31:00,202,202,202,202,0
2021-11-22 12:32:00,202,202,202,202,0
2021-11-22 12:33:00,202,202,202,202,0
2021-11-22 12:34:00,202,202,202,202,0
2021-11-22 12:35:00,202,202,202,202,0
2021-11-22 12:36:00,202,202,202,202,0
2021-11-22 12:37:00,202,202,202,202,0
2021-11-22 12:38:00,202,202,202,202,0
2021-11-22 12:39:00,202,202,202,202,0
2021-11-22 12:40:00,202,202,202,202,0
2021-11-22 12:41:00,202,202,202,202,0
2021-11-22 12:42:00,202,202,202,202,0
2021-11-22 12:43:00,202,202,202,202,0
2021-11-22 12:44:00,202,202,202,202,0
2021-11-22 12:45:00,202,202,202,202,0
2021-11-22 12:46:00,202,202,202,202,0
2021-11-22 12:47:00,202,202,202,202,0
2021-11-22 12:48:00,202,202,202,202,0
2021-11-22 12:49:00,202,202,202,202,0
2021-11-22 12:50:00,202,202,202,202,0
2021-11-22 12:51:00,202,202,202,202,0
2021-11-22 12:52:00,202,202,202,202,0
2021-11-22 12:53:00,202,202,202,202,0
2021-11-22 12:54:00,202,202,202,202,0
2021-11-22 12:55:00,202,202,202,202,0
2021-11-22 12:56:00,202,202,202,202,0
2021-11-22 12:57:00,202,202,202,202,0
2021-11-22 12:58:00,202,202,202,202,0
2021-11-22 12:59:00,202,202,202,202,0
2021-11-22 13:00:00,202,202,202,202,0
2021-11-22 13:01:00,202,202,202,202,0
2021-11-22 13:02:00,202,202,202,202,0
2021-11-22 13:03:00,202,202,202,202,0
2021-11-22 13:04:00,202,202,202,202,0
2021-11-22 13:05:00,202,202,202,202,0
2021-11-22 13:06:00,202,202,202,202,0
2021-11-22 13:07:00,202,202,202,202,0
2021-11-22 13:08:00,202,202,202,202,0
2021-11-22 13:09:00,202,202,202,202,0
2021-11-22 13:10:00,202,202,202,202,0
2021-11-22 13:11:00,202,202,202,202,0
2021-11-22 13:12:00,202,202,202,202,0
2021-11-22 13:13:00,202,202,202,202,0
2021-11-22 13:14:00,202,202,202,202,0
2021-11-22 13:15:00,202,202,202,202,0
2021-11-22 13:16:00,202,202,202,202,0
2021-11-22 13:17:00,202,202,202,202,0
2021-11-22 13:18:00,202,202,202,202,0
2021-11-22 13:19:00,202,202,202,202,0
2021-11-22 13:20:00,202,202,202,202,0
2021-11-22 13:21:00,202,202,202,202,0
2021-11-22 13:22:00,202,202,202,202,0
2021-11-22 13:23:00,202,202,202,202,0
2021-11-22 13:24:00,202,202,202,202,0
2021-11-22 13:25:00,202,202,202,202,0
2021-11-22 13:26:00,202,202,202,202,0
2021-11-22 13:27:00,202,202,202,202,0
2021-11-22 13:28:00,202,202,202,202,0
2021-11-22 13:29:00,202,202,202,202,0
2021-11-22 13:30:00,202,200,202,202,23200
2021-11-22 13:31:00,202,200,202,202,0
2021-11-22 13:32:00,204,204,204,204,53200
2021-11-22 13:33:00,204,204,204,204,0
2021-11-22 13:34:00,202,202,202,202,26000
2021-11-22 13:35:00,202,202,202,202,63200
2021-11-22 13:36:00,204,204,204,204,10000
2021-11-22 13:37:00,202,202,202,202,10000
2021-11-22 13:38:00,202,202,202,202,0
2021-11-22 13:39:00,202,202,202,202,0
2021-11-22 13:40:00,202,202,202,202,0
2021-11-22 13:41:00,202,202,204,204,4400
2021-11-22 13:42:00,202,202,204,204,0
2021-11-22 13:43:00,204,204,204,204,3200
2021-11-22 13:44:00,204,204,204,204,0
2021-11-22 13:45:00,204,204,204,204,0
2021-11-22 13:46:00,204,204,204,204,0
2021-11-22 13:47:00,204,204,204,204,0
2021-11-22 13:48:00,204,204,204,204,0
2021-11-22 13:49:00,204,204,204,204,0
2021-11-22 13:50:00,204,204,204,204,500
2021-11-22 13:51:00,204,204,204,204,0
2021-11-22 13:52:00,204,204,204,204,3500
2021-11-22 13:53:00,202,202,202,202,42700
2021-11-22 13:54:00,202,202,202,202,28500
2021-11-22 13:55:00,202,202,202,202,22800
2021-11-22 13:56:00,202,202,202,202,0
2021-11-22 13:57:00,202,202,202,202,0
2021-11-22 13:58:00,202,202,202,202,0
2021-11-22 13:59:00,202,202,202,202,0
2021-11-22 14:00:00,202,202,202,202,0
2021-11-22 14:01:00,202,202,202,202,0
2021-11-22 14:02:00,202,202,202,202,0
2021-11-22 14:03:00,202,202,202,202,149200
2021-11-22 14:04:00,202,202,202,202,800
2021-11-22 14:05:00,202,202,202,202,0
2021-11-22 14:06:00,202,202,202,202,6200
2021-11-22 14:07:00,202,202,202,202,0
2021-11-22 14:08:00,202,202,202,202,0
2021-11-22 14:09:00,202,202,202,202,6700
2021-11-22 14:10:00,202,202,202,202,0
2021-11-22 14:11:00,202,202,202,202,21000
2021-11-22 14:12:00,202,202,202,202,0
2021-11-22 14:13:00,202,202,202,202,0
2021-11-22 14:14:00,202,202,202,202,84500
2021-11-22 14:15:00,202,202,202,202,5000
2021-11-22 14:16:00,202,202,202,202,4300
2021-11-22 14:17:00,202,202,202,202,10200
2021-11-22 14:18:00,202,202,202,202,0
2021-11-22 14:19:00,202,202,202,202,300
2021-11-22 14:20:00,202,202,204,202,116000
2021-11-22 14:21:00,204,204,204,204,100
2021-11-22 14:22:00,204,204,204,204,0
2021-11-22 14:23:00,202,202,202,202,32700
2021-11-22 14:24:00,202,202,202,202,200
2021-11-22 14:25:00,202,202,202,202,0
2021-11-22 14:26:00,202,202,202,202,400
2021-11-22 14:27:00,202,202,202,202,0
2021-11-22 14:28:00,202,202,202,202,300
2021-11-22 14:29:00,202,202,202,202,12800
2021-11-22 14:30:00,202,202,202,202,0
2021-11-22 14:31:00,202,202,202,202,800
2021-11-22 14:32:00,202,202,202,202,100
2021-11-22 14:33:00,202,202,202,202,100
2021-11-22 14:34:00,202,202,202,202,0
2021-11-22 14:35:00,202,202,202,202,200
2021-11-22 14:36:00,202,202,202,202,0
2021-11-22 14:37:00,202,200,202,200,636000
2021-11-22 14:38:00,202,202,202,202,1500
2021-11-22 14:39:00,202,202,202,202,0
2021-11-22 14:40:00,202,202,202,202,0
2021-11-22 14:41:00,202,202,202,202,10000
2021-11-22 14:42:00,202,202,202,202,0
2021-11-22 14:43:00,202,202,202,202,1000
2021-11-22 14:44:00,202,202,202,202,0
2021-11-22 14:45:00,202,202,202,202,0
2021-11-22 14:46:00,202,202,202,202,0
2021-11-22 14:47:00,202,202,202,202,0
2021-11-22 14:48:00,202,200,202,200,26000
2021-11-22 14:49:00,202,200,202,200,0
2021-11-22 14:50:00,202,200,202,200,0
2021-11-22 14:51:00,202,200,202,200,0
2021-11-22 14:52:00,202,200,202,200,0
2021-11-22 14:53:00,202,200,202,200,0
2021-11-22 14:54:00,202,200,202,200,0
2021-11-22 14:55:00,202,200,202,200,0
2021-11-22 14:56:00,202,200,202,200,0
2021-11-22 14:57:00,202,200,202,200,0
2021-11-22 14:58:00,202,200,202,200,0
2021-11-22 14:59:00,202,200,202,200,0
2021-11-22 15:00:00,200,200,200,200,1317100
2021-11-22 15:01:00,200,200,200,200,0
2021-11-22 15:02:00,200,200,200,200,0
2021-11-22 15:03:00,200,200,200,200,0
2021-11-22 15:04:00,200,200,200,200,0
2021-11-22 15:05:00,200,200,200,200,585500
2021-11-22 15:06:00,200,200,200,200,0
2021-11-22 15:07:00,200,200,200,200,0
2021-11-22 15:08:00,200,200,200,200,0
2021-11-22 15:09:00,200,200,200,200,6000
2021-11-22 15:10:00,200,200,200,200,80000
2021-11-22 15:11:00,200,200,200,200,0
2021-11-22 15:12:00,200,200,200,200,0
2021-11-22 15:13:00,200,200,200,200,0
2021-11-22 15:14:00,200,200,200,200,20000
2021-11-22 15:15:00,200,200,200,200,0
2021-11-22 15:16:00,200,200,200,200,0
2021-11-22 15:17:00,200,200,200,200,0
2021-11-22 15:18:00,200,200,200,200,0
2021-11-22 15:19:00,200,200,200,200,0
2021-11-22 15:20:00,200,200,200,200,0
2021-11-22 15:21:00,200,200,200,200,0
2021-11-22 15:22:00,200,200,200,200,0
2021-11-22 15:23:00,200,200,200,200,0
2021-11-22 15:24:00,200,200,200,200,0
2021-11-22 15:25:00,200,200,200,200,0
2021-11-22 15:26:00,200,200,200,200,0
2021-11-22 15:27:00,200,200,200,200,0
2021-11-22 15:28:00,200,200,200,200,0
2021-11-22 15:29:00,200,200,200,200,0
2021-11-22 15:30:00,200,200,200,200,0
2021-11-22 15:31:00,200,200,200,200,0
2021-11-22 15:32:00,200,200,200,200,0
2021-11-22 15:33:00,200,200,200,200,0
2021-11-22 15:34:00,200,200,200,200,0
2021-11-22 15:35:00,200,200,200,200,0
2021-11-22 15:36:00,200,200,200,200,0
2021-11-22 15:37:00,200,200,200,200,0
2021-11-22 15:38:00,200,200,200,200,0
2021-11-22 15:39:00,200,200,200,200,0
2021-11-22 15:40:00,200,200,200,200,0
2021-11-22 15:41:00,200,200,200,200,0
2021-11-22 15:42:00,200,200,200,200,0
2021-11-22 15:43:00,200,200,200,200,0
2021-11-22 15:44:00,200,200,200,200,0
2021-11-22 15:45:00,200,200,200,200,0
2021-11-22 15:46:00,200,200,200,200,0
2021-11-22 15:47:00,200,200,200,200,0
2021-11-22 15:48:00,200,200,200,200,0
2021-11-22 15:49:00,200,200,200,200,0
2021-11-22 15:50:00,200,200,200,200,0
2021-11-22 15:51:00,200,200,200,200,0
2021-11-22 15:52:00,200,200,200,200,0
2021-11-22 15:53:00,200,200,200,200,0
2021-11-22 15:54:00,200,200,200,200,0
2021-11-22 15:55:00,200,200,200,200,0
2021-11-22 15:56:00,200,200,200,200,0
2021-11-22 15:57:00,200,200,200,200,0
2021-11-22 15:58:00,200,200,200,200,0
2021-11-22 15:59:00,200,200,200,200,0
2021-11-23 09:00:00,200,200,202,200,0
2021-11-23 09:01:00,200,200,200,200,2000
2021-11-23 09:02:00,200,200,200,200,0
2021-11-23 09:03:00,200,200,202,202,20100
2021-11-23 09:04:00,200,200,202,200,277200
2021-11-23 09:05:00,200,200,200,200,20400
2021-11-23 09:06:00,200,200,200,200,0
2021-11-23 09:07:00,200,200,200,200,28600
2021-11-23 09:08:00,202,202,202,202,100000
2021-11-23 09:09:00,202,202,202,202,0
2021-11-23 09:10:00,202,202,202,202,4100
2021-11-23 09:11:00,200,200,200,200,50200
2021-11-23 09:12:00,202,202,202,202,53500
2021-11-23 09:13:00,202,200,202,200,70300
2021-11-23 09:14:00,202,200,202,200,0
2021-11-23 09:15:00,202,200,202,200,10100
2021-11-23 09:16:00,202,200,202,200,0
2021-11-23 09:17:00,200,200,200,200,5000
2021-11-23 09:18:00,200,200,200,200,0
2021-11-23 09:19:00,200,200,200,200,0
2021-11-23 09:20:00,200,200,200,200,0
2021-11-23 09:21:00,202,200,202,200,15800
2021-11-23 09:22:00,200,200,200,200,5000
2021-11-23 09:23:00,200,200,200,200,0
2021-11-23 09:24:00,202,202,202,202,10000
2021-11-23 09:25:00,202,202,202,202,0
2021-11-23 09:26:00,202,202,202,202,0
2021-11-23 09:27:00,202,202,202,202,0
2021-11-23 09:28:00,202,202,202,202,0
2021-11-23 09:29:00,202,202,202,202,0
2021-11-23 09:30:00,202,202,202,202,0
2021-11-23 09:31:00,202,200,202,200,95500
2021-11-23 09:32:00,202,200,202,200,0
2021-11-23 09:33:00,200,200,200,200,3100
2021-11-23 09:34:00,200,200,200,200,174300
2021-11-23 09:35:00,202,202,202,202,50000
2021-11-23 09:36:00,202,202,202,202,0
2021-11-23 09:37:00,202,202,202,202,0
2021-11-23 09:38:00,202,202,202,202,5000
2021-11-23 09:39:00,202,202,202,202,100
2021-11-23 09:40:00,202,202,202,202,0
2021-11-23 09:41:00,202,202,202,202,200
2021-11-23 09:42:00,202,202,204,204,386200
2021-11-23 09:43:00,202,202,204,204,0
2021-11-23 09:44:00,202,202,202,202,3300
2021-11-23 09:45:00,202,202,202,202,0
2021-11-23 09:46:00,202,202,202,202,10000
2021-11-23 09:47:00,202,202,202,202,200
2021-11-23 09:48:00,202,202,202,202,0
2021-11-23 09:49:00,204,204,204,204,55100
2021-11-23 09:50:00,204,204,204,204,0
2021-11-23 09:51:00,202,202,204,204,28400
2021-11-23 09:52:00,202,202,202,202,5000
2021-11-23 09:53:00,202,202,202,202,60200
2021-11-23 09:54:00,202,202,202,202,0
2021-11-23 09:55:00,202,202,202,202,5000
2021-11-23 09:56:00,202,202,202,202,58900
2021-11-23 09:57:00,202,202,202,202,0
2021-11-23 09:58:00,202,202,204,204,6400
2021-11-23 09:59:00,202,202,202,202,24500
2021-11-23 10:00:00,202,202,202,202,5000
2021-11-23 10:01:00,202,202,202,202,38000
2021-11-23 10:02:00,202,202,202,202,47600
2021-11-23 10:03:00,202,202,202,202,0
2021-11-23 10:04:00,202,202,204,204,2900
2021-11-23 10:05:00,202,202,202,202,35000
2021-11-23 10:06:00,202,202,202,202,1000
2021-11-23 10:07:00,202,202,202,202,1500
2021-11-23 10:08:00,202,202,202,202,73200
2021-11-23 10:09:00,202,202,202,202,200
2021-11-23 10:10:00,202,202,202,202,100
2021-11-23 10:11:00,202,202,202,202,5000
2021-11-23 10:12:00,202,202,202,202,23000
2021-11-23 10:13:00,202,202,202,202,1600
2021-11-23 10:14:00,202,202,202,202,0
2021-11-23 10:15:00,202,202,202,202,55300
2021-11-23 10:16:00,202,202,202,202,0
2021-11-23 10:17:00,202,202,202,202,0
2021-11-23 10:18:00,200,200,200,200,40000
2021-11-23 10:19:00,202,202,202,202,5000
2021-11-23 10:20:00,202,202,202,202,0
2021-11-23 10:21:00,200,200,202,202,163800
2021-11-23 10:22:00,200,200,202,202,0
2021-11-23 10:23:00,202,202,202,202,10000
2021-11-23 10:24:00,202,202,202,202,500
2021-11-23 10:25:00,202,202,202,202,0
2021-11-23 10:26:00,202,200,202,200,15100
2021-11-23 10:27:00,202,202,202,202,70000
2021-11-23 10:28:00,202,202,204,204,2300
2021-11-23 10:29:00,204,204,204,204,20400
2021-11-23 10:30:00,204,204,204,204,0
2021-11-23 10:31:00,204,204,204,204,0
2021-11-23 10:32:00,204,202,204,202,201900
2021-11-23 10:33:00,204,202,204,202,0
2021-11-23 10:34:00,204,202,204,202,0
2021-11-23 10:35:00,204,202,204,202,0
2021-11-23 10:36:00,202,202,202,202,20200
2021-11-23 10:37:00,202,202,202,202,4900
2021-11-23 10:38:00,202,202,202,202,0
2021-11-23 10:39:00,200,200,202,202,10500
2021-11-23 10:40:00,202,202,204,204,164300
2021-11-23 10:41:00,204,202,204,202,2100
2021-11-23 10:42:00,204,202,204,204,9100
2021-11-23 10:43:00,204,204,204,204,103500
2021-11-23 10:44:00,204,204,204,204,31400
2021-11-23 10:45:00,202,202,206,206,1367100
2021-11-23 10:46:00,206,204,206,204,273500
2021-11-23 10:47:00,206,206,208,206,623900
2021-11-23 10:48:00,208,206,208,206,338700
2021-11-23 10:49:00,206,206,208,206,331500
2021-11-23 10:50:00,206,206,212,212,6838900
2021-11-23 10:51:00,212,210,214,212,5946600
2021-11-23 10:52:00,212,212,214,212,1574000
2021-11-23 10:53:00,214,210,214,212,960100
2021-11-23 10:54:00,210,208,212,210,2268000
2021-11-23 10:55:00,210,210,212,212,1421500
2021-11-23 10:56:00,212,210,212,212,343500
2021-11-23 10:57:00,212,210,214,212,982300
2021-11-23 10:58:00,214,212,214,214,365600
2021-11-23 10:59:00,214,212,216,214,2708300
2021-11-23 11:00:00,216,214,216,214,1276800
2021-11-23 11:01:00,214,212,216,212,987500
2021-11-23 11:02:00,212,212,214,212,553200
2021-11-23 11:03:00,212,212,214,214,2112300
2021-11-23 11:04:00,214,212,214,214,55700
2021-11-23 11:05:00,214,210,214,212,1562300
2021-11-23 11:06:00,212,210,212,212,86500
2021-11-23 11:07:00,212,210,212,212,503600
2021-11-23 11:08:00,212,210,212,210,168200
2021-11-23 11:09:00,210,210,212,212,207000
2021-11-23 11:10:00,212,210,212,210,711900
2021-11-23 11:11:00,210,210,212,210,375600
2021-11-23 11:12:00,210,210,210,210,846100
2021-11-23 11:13:00,210,210,210,210,105600
2021-11-23 11:14:00,210,210,210,210,189600
2021-11-23 11:15:00,210,210,212,210,256000
2021-11-23 11:16:00,212,210,212,210,165200
2021-11-23 11:17:00,212,210,212,210,728100
2021-11-23 11:18:00,210,210,210,210,224900
2021-11-23 11:19:00,208,208,210,208,331100
2021-11-23 11:20:00,208,208,210,208,244700
2021-11-23 11:21:00,208,208,210,210,178700
2021-11-23 11:22:00,210,208,210,208,317100
2021-11-23 11:23:00,208,208,208,208,244700
2021-11-23 11:24:00,208,208,210,210,310500
2021-11-23 11:25:00,208,208,210,208,459600
2021-11-23 11:26:00,208,206,208,208,435800
2021-11-23 11:27:00,208,206,208,206,290700
2021-11-23 11:28:00,208,206,208,206,272800
2021-11-23 11:29:00,208,206,208,206,225900
2021-11-23 11:30:00,208,206,208,206,0
2021-11-23 11:31:00,208,206,208,206,0
2021-11-23 11:32:00,208,206,208,206,0
2021-11-23 11:33:00,208,206,208,206,0
2021-11-23 11:34:00,208,206,208,206,0
2021-11-23 11:35:00,208,206,208,206,0
2021-11-23 11:36:00,208,206,208,206,0
2021-11-23 11:37:00,208,206,208,206,0
2021-11-23 11:38:00,208,206,208,206,0
2021-11-23 11:39:00,208,206,208,206,0
2021-11-23 11:40:00,208,206,208,206,0
2021-11-23 11:41:00,208,206,208,206,0
2021-11-23 11:42:00,208,206,208,206,0
2021-11-23 11:43:00,208,206,208,206,0
2021-11-23 11:44:00,208,206,208,206,0
2021-11-23 11:45:00,208,206,208,206,0
2021-11-23 11:46:00,208,206,208,206,0
2021-11-23 11:47:00,208,206,208,206,0
2021-11-23 11:48:00,208,206,208,206,0
2021-11-23 11:49:00,208,206,208,206,0
2021-11-23 11:50:00,208,206,208,206,0
2021-11-23 11:51:00,208,206,208,206,0
2021-11-23 11:52:00,208,206,208,206,0
2021-11-23 11:53:00,208,206,208,206,0
2021-11-23 11:54:00,208,206,208,206,0
2021-11-23 11:55:00,208,206,208,206,0
2021-11-23 11:56:00,208,206,208,206,0
2021-11-23 11:57:00,208,206,208,206,0
2021-11-23 11:58:00,208,206,208,206,0
2021-11-23 11:59:00,208,206,208,206,0
2021-11-23 12:00:00,208,206,208,206,0
2021-11-23 12:01:00,208,206,208,206,0
2021-11-23 12:02:00,208,206,208,206,0
2021-11-23 12:03:00,208,206,208,206,0
2021-11-23 12:04:00,208,206,208,206,0
2021-11-23 12:05:00,208,206,208,206,0
2021-11-23 12:06:00,208,206,208,206,0
2021-11-23 12:07:00,208,206,208,206,0
2021-11-23 12:08:00,208,206,208,206,0
2021-11-23 12:09:00,208,206,208,206,0
2021-11-23 12:10:00,208,206,208,206,0
2021-11-23 12:11:00,208,206,208,206,0
2021-11-23 12:12:00,208,206,208,206,0
2021-11-23 12:13:00,208,206,208,206,0
2021-11-23 12:14:00,208,206,208,206,0
2021-11-23 12:15:00,208,206,208,206,0
2021-11-23 12:16:00,208,206,208,206,0
2021-11-23 12:17:00,208,206,208,206,0
2021-11-23 12:18:00,208,206,208,206,0
2021-11-23 12:19:00,208,206,208,206,0
2021-11-23 12:20:00,208,206,208,206,0
2021-11-23 12:21:00,208,206,208,206,0
2021-11-23 12:22:00,208,206,208,206,0
2021-11-23 12:23:00,208,206,208,206,0
2021-11-23 12:24:00,208,206,208,206,0
2021-11-23 12:25:00,208,206,208,206,0
2021-11-23 12:26:00,208,206,208,206,0
2021-11-23 12:27:00,208,206,208,206,0
2021-11-23 12:28:00,208,206,208,206,0
2021-11-23 12:29:00,208,206,208,206,0
2021-11-23 12:30:00,208,206,208,206,0
2021-11-23 12:31:00,208,206,208,206,0
2021-11-23 12:32:00,208,206,208,206,0
2021-11-23 12:33:00,208,206,208,206,0
2021-11-23 12:34:00,208,206,208,206,0
2021-11-23 12:35:00,208,206,208,206,0
2021-11-23 12:36:00,208,206,208,206,0
2021-11-23 12:37:00,208,206,208,206,0
2021-11-23 12:38:00,208,206,208,206,0
2021-11-23 12:39:00,208,206,208,206,0
2021-11-23 12:40:00,208,206,208,206,0
2021-11-23 12:41:00,208,206,208,206,0
2021-11-23 12:42:00,208,206,208,206,0
2021-11-23 12:43:00,208,206,208,206,0
2021-11-23 12:44:00,208,206,208,206,0
2021-11-23 12:45:00,208,206,208,206,0
2021-11-23 12:46:00,208,206,208,206,0
2021-11-23 12:47:00,208,206,208,206,0
2021-11-23 12:48:00,208,206,208,206,0
2021-11-23 12:49:00,208,206,208,206,0
2021-11-23 12:50:00,208,206,208,206,0
2021-11-23 12:51:00,208,206,208,206,0
2021-11-23 12:52:00,208,206,208,206,0
2021-11-23 12:53:00,208,206,208,206,0
2021-11-23 12:54:00,208,206,208,206,0
2021-11-23 12:55:00,208,206,208,206,0
2021-11-23 12:56:00,208,206,208,206,0
2021-11-23 12:57:00,208,206,208,206,0
2021-11-23 12:58:00,208,206,208,206,0
2021-11-23 12:59:00,208,206,208,206,0
2021-11-23 13:00:00,208,206,208,206,0
2021-11-23 13:01:00,208,206,208,206,0
2021-11-23 13:02:00,208,206,208,206,0
2021-11-23 13:03:00,208,206,208,206,0
2021-11-23 13:04:00,208,206,208,206,0
2021-11-23 13:05:00,208,206,208,206,0
2021-11-23 13:06:00,208,206,208,206,0
2021-11-23 13:07:00,208,206,208,206,0
2021-11-23 13:08:00,208,206,208,206,0
2021-11-23 13:09:00,208,206,208,206,0
2021-11-23 13:10:00,208,206,208,206,0
2021-11-23 13:11:00,208,206,208,206,0
2021-11-23 13:12:00,208,206,208,206,0
2021-11-23 13:13:00,208,206,208,206,0
2021-11-23 13:14:00,208,206,208,206,0
2021-11-23 13:15:00,208,206,208,206,0
2021-11-23 13:16:00,208,206,208,206,0
2021-11-23 13:17:00,208,206,208,206,0
2021-11-23 13:18:00,208,206,208,206,0
2021-11-23 13:19:00,208,206,208,206,0
2021-11-23 13:20:00,208,206,208,206,0
2021-11-23 13:21:00,208,206,208,206,0
2021-11-23 13:22:00,208,206,208,206,0
2021-11-23 13:23:00,208,206,208,206,0
2021-11-23 13:24:00,208,206,208,206,0
2021-11-23 13:25:00,208,206,208,206,0
2021-11-23 13:26:00,208,206,208,206,0
2021-11-23 13:27:00,208,206,208,206,0
2021-11-23 13:28:00,208,206,208,206,0
2021-11-23 13:29:00,208,206,208,206,0
2021-11-23 13:30:00,208,206,210,208,465400
2021-11-23 13:31:00,208,206,208,206,369000
2021-11-23 13:32:00,206,206,206,206,293200
2021-11-23 13:33:00,206,206,208,208,455600
2021-11-23 13:34:00,208,206,208,206,183500
2021-11-23 13:35:00,206,206,208,206,418100
2021-11-23 13:36:00,206,204,206,206,789800
2021-11-23 13:37:00,206,204,206,206,271900
2021-11-23 13:38:00,206,204,206,204,217200
2021-11-23 13:39:00,204,204,206,204,599300
2021-11-23 13:40:00,206,204,206,206,260600
2021-11-23 13:41:00,206,204,206,204,473000
2021-11-23 13:42:00,206,204,206,204,162900
2021-11-23 13:43:00,204,204,206,204,369500
2021-11-23 13:44:00,204,204,206,204,344900
2021-11-23 13:45:00,204,204,204,204,774500
2021-11-23 13:46:00,204,202,204,202,846500
2021-11-23 13:47:00,204,202,204,204,305000
2021-11-23 13:48:00,204,202,204,204,331800
2021-11-23 13:49:00,204,202,204,204,552500
2021-11-23 13:50:00,204,202,204,204,221000
2021-11-23 13:51:00,204,202,204,204,450300
2021-11-23 13:52:00,204,202,204,204,311300
2021-11-23 13:53:00,204,202,204,204,476500
2021-11-23 13:54:00,204,204,204,204,463900
2021-11-23 13:55:00,204,204,204,204,429700
2021-11-23 13:56:00,204,202,204,202,467100
2021-11-23 13:57:00,202,202,202,202,1531800
2021-11-23 13:58:00,202,200,202,202,530100
2021-11-23 13:59:00,200,200,202,202,581700
2021-11-23 14:00:00,202,202,204,202,233600
2021-11-23 14:01:00,204,204,204,204,2500
2021-11-23 14:02:00,204,202,204,202,3100
2021-11-23 14:03:00,202,202,204,204,62600
2021-11-23 14:04:00,204,202,204,202,11000
2021-11-23 14:05:00,204,202,204,202,0
2021-11-23 14:06:00,202,202,204,202,544300
2021-11-23 14:07:00,204,202,204,202,21400
2021-11-23 14:08:00,202,202,204,202,120100
2021-11-23 14:09:00,204,204,204,204,15000
2021-11-23 14:10:00,204,204,204,204,7000
2021-11-23 14:11:00,204,202,204,204,268800
2021-11-23 14:12:00,204,204,204,204,13400
2021-11-23 14:13:00,204,202,204,204,36000
2021-11-23 14:14:00,204,204,204,204,7600
2021-11-23 14:15:00,204,204,204,204,23200
2021-11-23 14:16:00,204,204,204,204,276000
2021-11-23 14:17:00,204,202,204,204,663100
2021-11-23 14:18:00,204,204,204,204,10400
2021-11-23 14:19:00,204,204,204,204,100
2021-11-23 14:20:00,204,204,204,204,9200
2021-11-23 14:21:00,204,204,204,204,5200
2021-11-23 14:22:00,204,202,204,204,77900
2021-11-23 14:23:00,204,204,204,204,2500
2021-11-23 14:24:00,202,202,202,202,5200
2021-11-23 14:25:00,202,202,204,202,3900
2021-11-23 14:26:00,202,202,204,202,0
2021-11-23 14:27:00,204,202,204,202,148600
2021-11-23 14:28:00,202,202,204,204,1200
2021-11-23 14:29:00,204,204,204,204,162000
2021-11-23 14:30:00,204,202,204,202,460300
2021-11-23 14:31:00,204,204,204,204,7300
2021-11-23 14:32:00,204,204,204,204,107500
2021-11-23 14:33:00,204,204,204,204,32300
2021-11-23 14:34:00,204,204,204,204,16100
2021-11-23 14:35:00,204,204,204,204,167800
2021-11-23 14:36:00,204,204,204,204,20100
2021-11-23 14:37:00,204,204,204,204,51500
2021-11-23 14:38:00,204,204,206,204,153600
2021-11-23 14:39:00,204,204,204,204,20500
2021-11-23 14:40:00,204,202,204,204,52900
2021-11-23 14:41:00,204,202,204,204,500200
2021-11-23 14:42:00,204,204,204,204,6000
2021-11-23 14:43:00,204,204,204,204,215200
2021-11-23 14:44:00,204,204,204,204,4100
2021-11-23 14:45:00,204,204,204,204,64900
2021-11-23 14:46:00,204,204,204,204,1100
2021-11-23 14:47:00,202,202,204,204,60500
2021-11-23 14:48:00,204,202,204,204,76200
2021-11-23 14:49:00,204,204,204,204,7700
2021-11-23 14:50:00,204,204,204,204,0
2021-11-23 14:51:00,204,204,204,204,0
2021-11-23 14:52:00,204,204,204,204,0
2021-11-23 14:53:00,204,204,204,204,0
2021-11-23 14:54:00,204,204,204,204,0
2021-11-23 14:55:00,204,204,204,204,0
2021-11-23 14:56:00,204,204,204,204,0
2021-11-23 14:57:00,204,204,204,204,0
2021-11-23 14:58:00,204,204,204,204,0
2021-11-23 14:59:00,204,204,204,204,0
2021-11-23 15:00:00,202,202,202,202,1713200
2021-11-23 15:01:00,202,202,202,202,0
2021-11-23 15:02:00,202,202,202,202,0
2021-11-23 15:03:00,202,202,202,202,0
2021-11-23 15:04:00,202,202,202,202,0
2021-11-23 15:05:00,202,202,202,202,237100
2021-11-23 15:06:00,202,202,202,202,158000
2021-11-23 15:07:00,202,202,202,202,65000
2021-11-23 15:08:00,202,202,202,202,13300
2021-11-23 15:09:00,202,202,202,202,14200
2021-11-23 15:10:00,202,202,202,202,77500
2021-11-23 15:11:00,202,202,202,202,12000
2021-11-23 15:12:00,202,202,202,202,0
2021-11-23 15:13:00,202,202,202,202,0
2021-11-23 15:14:00,202,202,202,202,0
2021-11-23 15:15:00,202,202,202,202,0
2021-11-23 15:16:00,202,202,202,202,0
2021-11-23 15:17:00,202,202,202,202,0
2021-11-23 15:18:00,202,202,202,202,0
2021-11-23 15:19:00,202,202,202,202,0
2021-11-23 15:20:00,202,202,202,202,0
2021-11-23 15:21:00,202,202,202,202,0
2021-11-23 15:22:00,202,202,202,202,0
2021-11-23 15:23:00,202,202,202,202,0
2021-11-23 15:24:00,202,202,202,202,0
2021-11-23 15:25:00,202,202,202,202,0
2021-11-23 15:26:00,202,202,202,202,0
2021-11-23 15:27:00,202,202,202,202,0
2021-11-23 15:28:00,202,202,202,202,0
2021-11-23 15:29:00,202,202,202,202,0
2021-11-23 15:30:00,202,202,202,202,0
2021-11-23 15:31:00,202,202,202,202,0
2021-11-23 15:32:00,202,202,202,202,0
2021-11-23 15:33:00,202,202,202,202,0
2021-11-23 15:34:00,202,202,202,202,0
2021-11-23 15:35:00,202,202,202,202,0
2021-11-23 15:36:00,202,202,202,202,0
2021-11-23 15:37:00,202,202,202,202,0
2021-11-23 15:38:00,202,202,202,202,0
2021-11-23 15:39:00,202,202,202,202,0
2021-11-23 15:40:00,202,202,202,202,0
2021-11-23 15:41:00,202,202,202,202,0
2021-11-23 15:42:00,202,202,202,202,0
2021-11-23 15:43:00,202,202,202,202,0
2021-11-23 15:44:00,202,202,202,202,0
2021-11-23 15:45:00,202,202,202,202,0
2021-11-23 15:46:00,202,202,202,202,0
2021-11-23 15:47:00,202,202,202,202,0
2021-11-23 15:48:00,202,202,202,202,0
2021-11-23 15:49:00,202,202,202,202,0
2021-11-23 15:50:00,202,202,202,202,0
2021-11-23 15:51:00,202,202,202,202,0
2021-11-23 15:52:00,202,202,202,202,0
2021-11-23 15:53:00,202,202,202,202,0
2021-11-23 15:54:00,202,202,202,202,0
2021-11-23 15:55:00,202,202,202,202,0
2021-11-23 15:56:00,202,202,202,202,0
2021-11-23 15:57:00,202,202,202,202,0
2021-11-23 15:58:00,202,202,202,202,0
2021-11-23 15:59:00,202,202,202,202,0
2021-11-24 09:00:00,204,204,206,206,0
2021-11-24 09:01:00,206,204,206,206,588000
2021-11-24 09:02:00,206,204,206,206,1322800
2021-11-24 09:03:00,206,204,206,206,1510400
2021-11-24 09:04:00,206,204,206,206,512500
2021-11-24 09:05:00,206,204,206,206,176000
2021-11-24 09:06:00,206,204,206,204,331700
2021-11-24 09:07:00,206,204,206,206,118700
2021-11-24 09:08:00,206,206,206,206,25800
2021-11-24 09:09:00,206,204,206,204,14700
2021-11-24 09:10:00,204,204,204,204,7000
2021-11-24 09:11:00,204,204,204,204,8000
2021-11-24 09:12:00,204,204,206,204,1610900
2021-11-24 09:13:00,204,204,204,204,250700
2021-11-24 09:14:00,204,202,206,204,150100
2021-11-24 09:15:00,204,202,204,202,148400
2021-11-24 09:16:00,204,204,204,204,151500
2021-11-24 09:17:00,204,204,204,204,26000
2021-11-24 09:18:00,204,204,204,204,17400
2021-11-24 09:19:00,204,204,204,204,95800
2021-11-24 09:20:00,204,204,204,204,3100
2021-11-24 09:21:00,204,204,204,204,1500
2021-11-24 09:22:00,204,204,204,204,2000
2021-11-24 09:23:00,204,204,204,204,25000
2021-11-24 09:24:00,206,206,206,206,1000
2021-11-24 09:25:00,206,204,206,204,26500
2021-11-24 09:26:00,204,204,204,204,19900
2021-11-24 09:27:00,204,204,204,204,25400
2021-11-24 09:28:00,204,202,204,204,440500
2021-11-24 09:29:00,204,202,204,202,184500
2021-11-24 09:30:00,204,204,204,204,10000
2021-11-24 09:31:00,204,202,204,202,13700
2021-11-24 09:32:00,204,202,204,202,0
2021-11-24 09:33:00,204,202,204,202,0
2021-11-24 09:34:00,202,202,204,202,162200
2021-11-24 09:35:00,202,202,204,204,25100
2021-11-24 09:36:00,204,204,204,204,13000
2021-11-24 09:37:00,204,204,204,204,10000
2021-11-24 09:38:00,202,202,202,202,92800
2021-11-24 09:39:00,202,202,204,204,11100
2021-11-24 09:40:00,202,202,202,202,4500
2021-11-24 09:41:00,202,202,202,202,0
2021-11-24 09:42:00,202,202,202,202,10000
2021-11-24 09:43:00,204,204,204,204,6000
2021-11-24 09:44:00,204,204,204,204,0
2021-11-24 09:45:00,204,204,204,204,0
2021-11-24 09:46:00,202,202,204,204,20000
2021-11-24 09:47:00,202,202,204,204,0
2021-11-24 09:48:00,204,202,204,204,21000
2021-11-24 09:49:00,204,202,204,202,2600
2021-11-24 09:50:00,202,202,202,202,101800
2021-11-24 09:51:00,204,202,204,204,50100
2021-11-24 09:52:00,204,204,204,204,12500
2021-11-24 09:53:00,204,204,204,204,2300
2021-11-24 09:54:00,204,204,204,204,0
2021-11-24 09:55:00,204,204,204,204,0
2021-11-24 09:56:00,204,204,204,204,0
2021-11-24 09:57:00,204,204,204,204,7500
2021-11-24 09:58:00,202,202,202,202,100000
2021-11-24 09:59:00,202,202,202,202,1000
2021-11-24 10:00:00,202,202,202,202,100
2021-11-24 10:01:00,204,204,204,204,100
2021-11-24 10:02:00,204,204,204,204,0
2021-11-24 10:03:00,204,204,204,204,600
2021-11-24 10:04:00,202,202,202,202,93100
2021-11-24 10:05:00,204,202,204,202,378300
2021-11-24 10:06:00,202,202,202,202,40400
2021-11-24 10:07:00,202,202,202,202,127400
2021-11-24 10:08:00,204,204,204,204,100
2021-11-24 10:09:00,204,204,204,204,0
2021-11-24 10:10:00,202,202,202,202,19900
2021-11-24 10:11:00,202,202,202,202,6600
2021-11-24 10:12:00,204,202,204,202,200
2021-11-24 10:13:00,202,202,204,204,70000
2021-11-24 10:14:00,202,202,204,204,0
2021-11-24 10:15:00,204,204,204,204,1800
2021-11-24 10:16:00,204,204,204,204,0
2021-11-24 10:17:00,204,204,204,204,20000
2021-11-24 10:18:00,204,204,204,204,0
2021-11-24 10:19:00,204,204,204,204,2700
2021-11-24 10:20:00,204,202,204,202,13300
2021-11-24 10:21:00,202,202,204,204,105000
2021-11-24 10:22:00,204,204,204,204,292900
2021-11-24 10:23:00,204,204,204,204,18200
2021-11-24 10:24:00,206,204,206,204,9700
2021-11-24 10:25:00,204,204,204,204,2600
2021-11-24 10:26:00,206,206,206,206,792000
2021-11-24 10:27:00,206,206,210,208,2414300
2021-11-24 10:28:00,208,208,212,212,3593800
2021-11-24 10:29:00,212,210,212,212,251600
2021-11-24 10:30:00,210,208,212,210,729000
2021-11-24 10:31:00,210,208,210,208,324000
2021-11-24 10:32:00,208,208,212,210,411000
2021-11-24 10:33:00,210,210,212,210,268300
2021-11-24 10:34:00,212,210,212,210,252800
2021-11-24 10:35:00,210,210,210,210,338900
2021-11-24 10:36:00,210,210,212,212,1060600
2021-11-24 10:37:00,212,210,214,212,451100
2021-11-24 10:38:00,212,210,212,210,175000
2021-11-24 10:39:00,210,210,212,212,229600
2021-11-24 10:40:00,212,212,212,212,7000
2021-11-24 10:41:00,210,210,214,212,875300
2021-11-24 10:42:00,212,212,214,212,514800
2021-11-24 10:43:00,212,212,214,212,319400
2021-11-24 10:44:00,210,210,212,210,109700
2021-11-24 10:45:00,210,210,210,210,93100
2021-11-24 10:46:00,210,210,210,210,361600
2021-11-24 10:47:00,210,210,210,210,388700
2021-11-24 10:48:00,210,208,210,208,186900
2021-11-24 10:49:00,212,208,212,210,45600
2021-11-24 10:50:00,208,208,210,208,255900
2021-11-24 10:51:00,208,208,208,208,86100
2021-11-24 10:52:00,208,208,208,208,119700
2021-11-24 10:53:00,208,208,208,208,62000
2021-11-24 10:54:00,208,208,208,208,125200
2021-11-24 10:55:00,210,208,210,208,80100
2021-11-24 10:56:00,208,206,208,206,631200
2021-11-24 10:57:00,206,206,206,206,112500
2021-11-24 10:58:00,208,208,208,208,1000
2021-11-24 10:59:00,206,206,208,206,160200
2021-11-24 11:00:00,206,206,206,206,10000
2021-11-24 11:01:00,206,206,206,206,199500
2021-11-24 11:02:00,206,206,206,206,0
2021-11-24 11:03:00,206,206,208,206,109300
2021-11-24 11:04:00,208,208,208,208,20300
2021-11-24 11:05:00,206,206,206,206,106800
2021-11-24 11:06:00,208,208,208,208,20000
2021-11-24 11:07:00,206,206,206,206,101200
2021-11-24 11:08:00,206,206,206,206,99700
2021-11-24 11:09:00,206,206,206,206,35000
2021-11-24 11:10:00,206,206,206,206,82900
2021-11-24 11:11:00,208,206,208,206,83400
2021-11-24 11:12:00,206,206,206,206,75600
2021-11-24 11:13:00,208,206,208,206,79200
2021-11-24 11:14:00,208,206,208,206,34100
2021-11-24 11:15:00,206,206,206,206,71500
2021-11-24 11:16:00,206,206,208,208,328300
2021-11-24 11:17:00,208,206,208,206,907300
2021-11-24 11:18:00,204,204,206,204,171300
2021-11-24 11:19:00,206,206,206,206,1900
2021-11-24 11:20:00,206,204,206,204,116500
2021-11-24 11:21:00,204,204,204,204,118700
2021-11-24 11:22:00,206,206,206,206,50000
2021-11-24 11:23:00,204,204,204,204,133400
2021-11-24 11:24:00,206,206,206,206,110000
2021-11-24 11:25:00,206,204,206,204,120600
2021-11-24 11:26:00,204,204,206,206,304900
2021-11-24 11:27:00,206,204,206,204,182100
2021-11-24 11:28:00,206,204,206,206,91300
2021-11-24 11:29:00,206,204,206,204,130100
2021-11-24 11:30:00,206,204,206,204,0
2021-11-24 11:31:00,206,204,206,204,0
2021-11-24 11:32:00,206,204,206,204,0
2021-11-24 11:33:00,206,204,206,204,0
2021-11-24 11:34:00,206,204,206,204,0
2021-11-24 11:35:00,206,204,206,204,0
2021-11-24 11:36:00,206,204,206,204,0
2021-11-24 11:37:00,206,204,206,204,0
2021-11-24 11:38:00,206,204,206,204,0
2021-11-24 11:39:00,206,204,206,204,0
2021-11-24 11:40:00,206,204,206,204,0
2021-11-24 11:41:00,206,204,206,204,0
2021-11-24 11:42:00,206,204,206,204,0
2021-11-24 11:43:00,206,204,206,204,0
2021-11-24 11:44:00,206,204,206,204,0
2021-11-24 11:45:00,206,204,206,204,0
2021-11-24 11:46:00,206,204,206,204,0
2021-11-24 11:47:00,206,204,206,204,0
2021-11-24 11:48:00,206,204,206,204,0
2021-11-24 11:49:00,206,204,206,204,0
2021-11-24 11:50:00,206,204,206,204,0
2021-11-24 11:51:00,206,204,206,204,0
2021-11-24 11:52:00,206,204,206,204,0
2021-11-24 11:53:00,206,204,206,204,0
2021-11-24 11:54:00,206,204,206,204,0
2021-11-24 11:55:00,206,204,206,204,0
2021-11-24 11:56:00,206,204,206,204,0
2021-11-24 11:57:00,206,204,206,204,0
2021-11-24 11:58:00,206,204,206,204,0
2021-11-24 11:59:00,206,204,206,204,0
2021-11-24 12:00:00,206,204,206,204,0
2021-11-24 12:01:00,206,204,206,204,0
2021-11-24 12:02:00,206,204,206,204,0
2021-11-24 12:03:00,206,204,206,204,0
2021-11-24 12:04:00,206,204,206,204,0
2021-11-24 12:05:00,206,204,206,204,0
2021-11-24 12:06:00,206,204,206,204,0
2021-11-24 12:07:00,206,204,206,204,0
2021-11-24 12:08:00,206,204,206,204,0
2021-11-24 12:09:00,206,204,206,204,0
2021-11-24 12:10:00,206,204,206,204,0
2021-11-24 12:11:00,206,204,206,204,0
2021-11-24 12:12:00,206,204,206,204,0
2021-11-24 12:13:00,206,204,206,204,0
2021-11-24 12:14:00,206,204,206,204,0
2021-11-24 12:15:00,206,204,206,204,0
2021-11-24 12:16:00,206,204,206,204,0
2021-11-24 12:17:00,206,204,206,204,0
2021-11-24 12:18:00,206,204,206,204,0
2021-11-24 12:19:00,206,204,206,204,0
2021-11-24 12:20:00,206,204,206,204,0
2021-11-24 12:21:00,206,204,206,204,0
2021-11-24 12:22:00,206,204,206,204,0
2021-11-24 12:23:00,206,204,206,204,0
2021-11-24 12:24:00,206,204,206,204,0
2021-11-24 12:25:00,206,204,206,204,0
2021-11-24 12:26:00,206,204,206,204,0
2021-11-24 12:27:00,206,204,206,204,0
2021-11-24 12:28:00,206,204,206,204,0
2021-11-24 12:29:00,206,204,206,204,0
2021-11-24 12:30:00,206,204,206,204,0
2021-11-24 12:31:00,206,204,206,204,0
2021-11-24 12:32:00,206,204,206,204,0
2021-11-24 12:33:00,206,204,206,204,0
2021-11-24 12:34:00,206,204,206,204,0
2021-11-24 12:35:00,206,204,206,204,0
2021-11-24 12:36:00,206,204,206,204,0
2021-11-24 12:37:00,206,204,206,204,0
2021-11-24 12:38:00,206,204,206,204,0
2021-11-24 12:39:00,206,204,206,204,0
2021-11-24 12:40:00,206,204,206,204,0
2021-11-24 12:41:00,206,204,206,204,0
2021-11-24 12:42:00,206,204,206,204,0
2021-11-24 12:43:00,206,204,206,204,0
2021-11-24 12:44:00,206,204,206,204,0
2021-11-24 12:45:00,206,204,206,204,0
2021-11-24 12:46:00,206,204,206,204,0
2021-11-24 12:47:00,206,204,206,204,0
2021-11-24 12:48:00,206,204,206,204,0
2021-11-24 12:49:00,206,204,206,204,0
2021-11-24 12:50:00,206,204,206,204,0
2021-11-24 12:51:00,206,204,206,204,0
2021-11-24 12:52:00,206,204,206,204,0
2021-11-24 12:53:00,206,204,206,204,0
2021-11-24 12:54:00,206,204,206,204,0
2021-11-24 12:55:00,206,204,206,204,0
2021-11-24 12:56:00,206,204,206,204,0
2021-11-24 12:57:00,206,204,206,204,0
2021-11-24 12:58:00,206,204,206,204,0
2021-11-24 12:59:00,206,204,206,204,0
2021-11-24 13:00:00,206,204,206,204,0
2021-11-24 13:01:00,206,204,206,204,0
2021-11-24 13:02:00,206,204,206,204,0
2021-11-24 13:03:00,206,204,206,204,0
2021-11-24 13:04:00,206,204,206,204,0
2021-11-24 13:05:00,206,204,206,204,0
2021-11-24 13:06:00,206,204,206,204,0
2021-11-24 13:07:00,206,204,206,204,0
2021-11-24 13:08:00,206,204,206,204,0
2021-11-24 13:09:00,206,204,206,204,0
2021-11-24 13:10:00,206,204,206,204,0
2021-11-24 13:11:00,206,204,206,204,0
2021-11-24 13:12:00,206,204,206,204,0
2021-11-24 13:13:00,206,204,206,204,0
2021-11-24 13:14:00,206,204,206,204,0
2021-11-24 13:15:00,206,204,206,204,0
2021-11-24 13:16:00,206,204,206,204,0
2021-11-24 13:17:00,206,204,206,204,0
2021-11-24 13:18:00,206,204,206,204,0
2021-11-24 13:19:00,206,204,206,204,0
2021-11-24 13:20:00,206,204,206,204,0
2021-11-24 13:21:00,206,204,206,204,0
2021-11-24 13:22:00,206,204,206,204,0
2021-11-24 13:23:00,206,204,206,204,0
2021-11-24 13:24:00,206,204,206,204,0
2021-11-24 13:25:00,206,204,206,204,0
2021-11-24 13:26:00,206,204,206,204,0
2021-11-24 13:27:00,206,204,206,204,0
2021-11-24 13:28:00,206,204,206,204,0
2021-11-24 13:29:00,206,204,206,204,0
2021-11-24 13:30:00,204,204,206,206,181600
2021-11-24 13:31:00,204,204,206,206,152200
2021-11-24 13:32:00,206,206,206,206,102500
2021-11-24 13:33:00,206,204,206,204,142900
2021-11-24 13:34:00,206,204,206,206,93400
2021-11-24 13:35:00,206,206,208,208,217200
2021-11-24 13:36:00,206,206,208,208,100400
2021-11-24 13:37:00,206,206,206,206,32500
2021-11-24 13:38:00,208,202,208,204,2322000
2021-11-24 13:39:00,204,204,206,204,140500
2021-11-24 13:40:00,204,204,204,204,166000
2021-11-24 13:41:00,204,204,206,204,103600
2021-11-24 13:42:00,204,204,204,204,126600
2021-11-24 13:43:00,204,204,206,204,129300
2021-11-24 13:44:00,204,204,206,204,136400
2021-11-24 13:45:00,206,204,206,204,174400
2021-11-24 13:46:00,204,204,204,204,139600
2021-11-24 13:47:00,206,204,206,204,545100
2021-11-24 13:48:00,204,204,204,204,115700
2021-11-24 13:49:00,206,204,206,204,80700
2021-11-24 13:50:00,204,204,204,204,191400
2021-11-24 13:51:00,204,204,204,204,137900
2021-11-24 13:52:00,204,204,204,204,136400
2021-11-24 13:53:00,204,204,206,206,315700
2021-11-24 13:54:00,206,206,206,206,148200
2021-11-24 13:55:00,206,204,206,204,115400
2021-11-24 13:56:00,206,204,206,204,121400
2021-11-24 13:57:00,206,206,206,206,283000
2021-11-24 13:58:00,206,206,206,206,16200
2021-11-24 13:59:00,208,206,208,208,616100
2021-11-24 14:00:00,208,208,208,208,474200
2021-11-24 14:01:00,206,206,206,206,88000
2021-11-24 14:02:00,208,206,208,208,203700
2021-11-24 14:03:00,208,206,208,206,515300
2021-11-24 14:04:00,204,204,206,206,151700
2021-11-24 14:05:00,206,204,206,206,202100
2021-11-24 14:06:00,206,206,206,206,40000
2021-11-24 14:07:00,206,206,206,206,8000
2021-11-24 14:08:00,204,204,204,204,162100
2021-11-24 14:09:00,204,204,204,204,0
2021-11-24 14:10:00,204,204,204,204,40000
2021-11-24 14:11:00,204,204,206,206,680300
2021-11-24 14:12:00,206,204,206,204,399800
2021-11-24 14:13:00,204,204,204,204,177100
2021-11-24 14:14:00,204,204,206,206,24200
2021-11-24 14:15:00,204,204,204,204,400300
2021-11-24 14:16:00,204,204,204,204,496300
2021-11-24 14:17:00,204,204,206,206,587900
2021-11-24 14:18:00,208,206,208,206,105700
2021-11-24 14:19:00,208,208,208,208,200
2021-11-24 14:20:00,208,208,208,208,212500
2021-11-24 14:21:00,208,206,210,210,913900
2021-11-24 14:22:00,208,206,208,206,209000
2021-11-24 14:23:00,208,206,208,208,137900
2021-11-24 14:24:00,208,206,208,206,87000
2021-11-24 14:25:00,206,206,208,208,476200
2021-11-24 14:26:00,208,206,208,208,283600
2021-11-24 14:27:00,208,206,208,206,304400
2021-11-24 14:28:00,208,206,208,206,256000
2021-11-24 14:29:00,208,208,208,208,15000
2021-11-24 14:30:00,208,206,208,208,685500
2021-11-24 14:31:00,208,208,208,208,659000
2021-11-24 14:32:00,208,206,208,208,302100
2021-11-24 14:33:00,208,208,208,208,22000
2021-11-24 14:34:00,208,206,208,208,265600
2021-11-24 14:35:00,208,206,208,208,274700
2021-11-24 14:36:00,206,206,208,208,140500
2021-11-24 14:37:00,208,206,208,206,242100
2021-11-24 14:38:00,208,206,208,208,112500
2021-11-24 14:39:00,208,206,208,206,76900
2021-11-24 14:40:00,208,206,208,208,67500
2021-11-24 14:41:00,208,208,208,208,45200
2021-11-24 14:42:00,208,206,208,206,8500
2021-11-24 14:43:00,208,208,208,208,524600
2021-11-24 14:44:00,206,206,208,208,341900
2021-11-24 14:45:00,208,208,208,208,75600
2021-11-24 14:46:00,208,204,208,206,1618700
2021-11-24 14:47:00,206,206,208,208,199400
2021-11-24 14:48:00,208,206,208,206,816600
2021-11-24 14:49:00,208,208,208,208,3100
2021-11-24 14:50:00,208,208,208,208,0
2021-11-24 14:51:00,208,208,208,208,0
2021-11-24 14:52:00,208,208,208,208,0
2021-11-24 14:53:00,208,208,208,208,0
2021-11-24 14:54:00,208,208,208,208,0
2021-11-24 14:55:00,208,208,208,208,0
2021-11-24 14:56:00,208,208,208,208,0
2021-11-24 14:57:00,208,208,208,208,0
2021-11-24 14:58:00,208,208,208,208,0
2021-11-24 14:59:00,208,208,208,208,0
2021-11-24 15:00:00,206,206,206,206,1531300
2021-11-24 15:01:00,206,206,206,206,0
2021-11-24 15:02:00,206,206,206,206,0
2021-11-24 15:03:00,206,206,206,206,0
2021-11-24 15:04:00,206,206,206,206,0
2021-11-24 15:05:00,206,206,206,206,206200
2021-11-24 15:06:00,206,206,206,206,78400
2021-11-24 15:07:00,206,206,206,206,73600
2021-11-24 15:08:00,206,206,206,206,2300
2021-11-24 15:09:00,206,206,206,206,50000
2021-11-24 15:10:00,206,206,206,206,40200
2021-11-24 15:11:00,206,206,206,206,15000
2021-11-24 15:12:00,206,206,206,206,14600
2021-11-24 15:13:00,206,206,206,206,63400
2021-11-24 15:14:00,206,206,206,206,200
2021-11-24 15:15:00,206,206,206,206,0
2021-11-24 15:16:00,206,206,206,206,0
2021-11-24 15:17:00,206,206,206,206,0
2021-11-24 15:18:00,206,206,206,206,0
2021-11-24 15:19:00,206,206,206,206,0
2021-11-24 15:20:00,206,206,206,206,0
2021-11-24 15:21:00,206,206,206,206,0
2021-11-24 15:22:00,206,206,206,206,0
2021-11-24 15:23:00,206,206,206,206,0
2021-11-24 15:24:00,206,206,206,206,0
2021-11-24 15:25:00,206,206,206,206,0
2021-11-24 15:26:00,206,206,206,206,0
2021-11-24 15:27:00,206,206,206,206,0
2021-11-24 15:28:00,206,206,206,206,0
2021-11-24 15:29:00,206,206,206,206,0
2021-11-24 15:30:00,206,206,206,206,0
2021-11-24 15:31:00,206,206,206,206,0
2021-11-24 15:32:00,206,206,206,206,0
2021-11-24 15:33:00,206,206,206,206,0
2021-11-24 15:34:00,206,206,206,206,0
2021-11-24 15:35:00,206,206,206,206,0
2021-11-24 15:36:00,206,206,206,206,0
2021-11-24 15:37:00,206,206,206,206,0
2021-11-24 15:38:00,206,206,206,206,0
2021-11-24 15:39:00,206,206,206,206,0
2021-11-24 15:40:00,206,206,206,206,0
2021-11-24 15:41:00,206,206,206,206,0
2021-11-24 15:42:00,206,206,206,206,0
2021-11-24 15:43:00,206,206,206,206,0
2021-11-24 15:44:00,206,206,206,206,0
2021-11-24 15:45:00,206,206,206,206,0
2021-11-24 15:46:00,206,206,206,206,0
2021-11-24 15:47:00,206,206,206,206,0
2021-11-24 15:48:00,206,206,206,206,0
2021-11-24 15:49:00,206,206,206,206,0
2021-11-24 15:50:00,206,206,206,206,0
2021-11-24 15:51:00,206,206,206,206,0
2021-11-24 15:52:00,206,206,206,206,0
2021-11-24 15:53:00,206,206,206,206,0
2021-11-24 15:54:00,206,206,206,206,0
2021-11-24 15:55:00,206,206,206,206,0
2021-11-24 15:56:00,206,206,206,206,0
2021-11-24 15:57:00,206,206,206,206,0
2021-11-24 15:58:00,206,206,206,206,0
2021-11-24 15:59:00,206,206,206,206,0
2021-11-25 09:00:00,208,208,210,210,0
2021-11-25 09:01:00,210,208,210,210,281300
2021-11-25 09:02:00,210,208,210,208,81700
2021-11-25 09:03:00,208,208,210,210,331400
2021-11-25 09:04:00,210,210,212,210,156400
2021-11-25 09:05:00,210,210,210,210,410300
2021-11-25 09:06:00,210,208,210,210,27200
2021-11-25 09:07:00,210,208,210,208,85500
2021-11-25 09:08:00,208,208,210,210,1054000
2021-11-25 09:09:00,210,208,210,208,202400
2021-11-25 09:10:00,208,208,210,208,68000
2021-11-25 09:11:00,208,208,210,208,706400
2021-11-25 09:12:00,208,208,208,208,151700
2021-11-25 09:13:00,208,208,208,208,118300
2021-11-25 09:14:00,208,208,208,208,115400
2021-11-25 09:15:00,208,208,208,208,56100
2021-11-25 09:16:00,208,208,210,208,123300
2021-11-25 09:17:00,208,208,208,208,126900
2021-11-25 09:18:00,208,208,208,208,38100
2021-11-25 09:19:00,208,208,208,208,56600
2021-11-25 09:20:00,208,208,208,208,63300
2021-11-25 09:21:00,208,206,208,206,24600
2021-11-25 09:22:00,208,208,208,208,15000
2021-11-25 09:23:00,210,206,210,206,142300
2021-11-25 09:24:00,208,206,208,206,67800
2021-11-25 09:25:00,208,208,208,208,15800
2021-11-25 09:26:00,208,208,208,208,26000
2021-11-25 09:27:00,208,208,208,208,21100
2021-11-25 09:28:00,208,208,208,208,51200
2021-11-25 09:29:00,208,208,208,208,47900
2021-11-25 09:30:00,210,208,210,208,46600
2021-11-25 09:31:00,210,208,210,208,48800
2021-11-25 09:32:00,208,206,208,206,432900
2021-11-25 09:33:00,208,208,208,208,58100
2021-11-25 09:34:00,208,206,208,206,134900
2021-11-25 09:35:00,206,206,208,208,28700
2021-11-25 09:36:00,208,208,208,208,104900
2021-11-25 09:37:00,208,206,208,208,74900
2021-11-25 09:38:00,208,206,208,208,23800
2021-11-25 09:39:00,208,206,208,208,12800
2021-11-25 09:40:00,208,208,208,208,32900
2021-11-25 09:41:00,208,208,208,208,50000
2021-11-25 09:42:00,206,206,206,206,119000
2021-11-25 09:43:00,206,206,206,206,0
2021-11-25 09:44:00,206,206,206,206,123800
2021-11-25 09:45:00,208,208,208,208,5000
2021-11-25 09:46:00,208,208,208,208,600
2021-11-25 09:47:00,208,208,208,208,2400
2021-11-25 09:48:00,208,206,208,206,125900
2021-11-25 09:49:00,206,206,206,206,2500
2021-11-25 09:50:00,208,206,208,206,41400
2021-11-25 09:51:00,208,208,208,208,400
2021-11-25 09:52:00,208,208,208,208,27400
2021-11-25 09:53:00,206,206,208,208,82500
2021-11-25 09:54:00,208,208,208,208,260000
2021-11-25 09:55:00,208,208,208,208,0
2021-11-25 09:56:00,208,208,208,208,27400
2021-11-25 09:57:00,208,208,208,208,0
2021-11-25 09:58:00,208,208,208,208,10700
2021-11-25 09:59:00,208,208,208,208,0
2021-11-25 10:00:00,208,206,208,206,4100
2021-11-25 10:01:00,208,208,208,208,50000
2021-11-25 10:02:00,208,208,208,208,25000
2021-11-25 10:03:00,208,208,208,208,25000
2021-11-25 10:04:00,206,206,208,208,10300
2021-11-25 10:05:00,208,208,208,208,2000
2021-11-25 10:06:00,208,208,208,208,11000
2021-11-25 10:07:00,206,206,206,206,242800
2021-11-25 10:08:00,208,208,208,208,100
2021-11-25 10:09:00,208,208,208,208,0
2021-11-25 10:10:00,208,208,208,208,0
2021-11-25 10:11:00,208,206,208,206,3500
2021-11-25 10:12:00,208,208,208,208,50000
2021-11-25 10:13:00,208,208,208,208,9500
2021-11-25 10:14:00,206,206,208,208,105100
2021-11-25 10:15:00,208,208,208,208,127300
2021-11-25 10:16:00,208,208,208,208,96000
2021-11-25 10:17:00,208,208,208,208,600
2021-11-25 10:18:00,208,208,208,208,10500
2021-11-25 10:19:00,208,208,208,208,1000
2021-11-25 10:20:00,208,208,208,208,0
2021-11-25 10:21:00,206,206,206,206,100
2021-11-25 10:22:00,206,206,206,206,161200
2021-11-25 10:23:00,206,206,206,206,0
2021-11-25 10:24:00,208,206,208,206,7000
2021-11-25 10:25:00,206,206,206,206,119700
2021-11-25 10:26:00,206,206,206,206,10000
2021-11-25 10:27:00,206,206,208,208,15500
2021-11-25 10:28:00,206,206,208,208,0
2021-11-25 10:29:00,208,208,208,208,120100
2021-11-25 10:30:00,208,208,208,208,2900
2021-11-25 10:31:00,208,208,208,208,5000
2021-11-25 10:32:00,208,208,208,208,1000
2021-11-25 10:33:00,208,208,208,208,21000
2021-11-25 10:34:00,208,208,208,208,0
2021-11-25 10:35:00,208,208,208,208,100
2021-11-25 10:36:00,208,206,208,208,113000
2021-11-25 10:37:00,208,206,208,208,0
2021-11-25 10:38:00,208,208,208,208,50100
2021-11-25 10:39:00,208,208,208,208,10000
2021-11-25 10:40:00,206,206,206,206,156700
2021-11-25 10:41:00,206,206,206,206,25000
2021-11-25 10:42:00,206,206,206,206,2000
2021-11-25 10:43:00,206,206,206,206,100000
2021-11-25 10:44:00,208,206,208,206,15200
2021-11-25 10:45:00,208,206,208,206,0
2021-11-25 10:46:00,208,206,208,206,0
2021-11-25 10:47:00,208,206,208,206,0
2021-11-25 10:48:00,208,206,208,206,0
2021-11-25 10:49:00,208,206,208,206,0
2021-11-25 10:50:00,208,206,208,206,0
2021-11-25 10:51:00,208,208,208,208,20000
2021-11-25 10:52:00,208,208,208,208,2000
2021-11-25 10:53:00,208,206,208,206,16200
2021-11-25 10:54:00,206,206,206,206,1000
2021-11-25 10:55:00,206,206,206,206,99100
2021-11-25 10:56:00,208,208,208,208,250000
2021-11-25 10:57:00,208,208,208,208,6200
2021-11-25 10:58:00,208,208,208,208,0
2021-11-25 10:59:00,208,208,208,208,148400
2021-11-25 11:00:00,208,208,208,208,1000
2021-11-25 11:01:00,208,208,208,208,0
2021-11-25 11:02:00,206,206,206,206,9600
2021-11-25 11:03:00,206,206,206,206,800
2021-11-25 11:04:00,206,206,206,206,0
2021-11-25 11:05:00,208,208,208,208,400
2021-11-25 11:06:00,208,208,208,208,500
2021-11-25 11:07:00,208,208,208,208,500
2021-11-25 11:08:00,208,208,208,208,0
2021-11-25 11:09:00,206,206,208,208,103600
2021-11-25 11:10:00,206,206,208,208,0
2021-11-25 11:11:00,206,206,208,208,0
2021-11-25 11:12:00,208,208,208,208,500
2021-11-25 11:13:00,206,206,206,206,100
2021-11-25 11:14:00,208,208,208,208,10000
2021-11-25 11:15:00,208,208,208,208,0
2021-11-25 11:16:00,208,208,208,208,0
2021-11-25 11:17:00,208,208,208,208,0
2021-11-25 11:18:00,208,208,208,208,5000
2021-11-25 11:19:00,208,206,208,206,258900
2021-11-25 11:20:00,206,206,208,208,48000
2021-11-25 11:21:00,206,206,208,208,0
2021-11-25 11:22:00,206,206,206,206,22200
2021-11-25 11:23:00,206,206,206,206,0
2021-11-25 11:24:00,206,206,206,206,40300
2021-11-25 11:25:00,206,206,206,206,30200
2021-11-25 11:26:00,206,206,206,206,0
2021-11-25 11:27:00,206,206,206,206,1000
2021-11-25 11:28:00,206,206,206,206,59700
2021-11-25 11:29:00,206,206,208,208,3000
2021-11-25 11:30:00,206,206,208,208,0
2021-11-25 11:31:00,206,206,208,208,0
2021-11-25 11:32:00,206,206,208,208,0
2021-11-25 11:33:00,206,206,208,208,0
2021-11-25 11:34:00,206,206,208,208,0
2021-11-25 11:35:00,206,206,208,208,0
2021-11-25 11:36:00,206,206,208,208,0
2021-11-25 11:37:00,206,206,208,208,0
2021-11-25 11:38:00,206,206,208,208,0
2021-11-25 11:39:00,206,206,208,208,0
2021-11-25 11:40:00,206,206,208,208,0
2021-11-25 11:41:00,206,206,208,208,0
2021-11-25 11:42:00,206,206,208,208,0
2021-11-25 11:43:00,206,206,208,208,0
2021-11-25 11:44:00,206,206,208,208,0
2021-11-25 11:45:00,206,206,208,208,0
2021-11-25 11:46:00,206,206,208,208,0
2021-11-25 11:47:00,206,206,208,208,0
2021-11-25 11:48:00,206,206,208,208,0
2021-11-25 11:49:00,206,206,208,208,0
2021-11-25 11:50:00,206,206,208,208,0
2021-11-25 11:51:00,206,206,208,208,0
2021-11-25 11:52:00,206,206,208,208,0
2021-11-25 11:53:00,206,206,208,208,0
2021-11-25 11:54:00,206,206,208,208,0
2021-11-25 11:55:00,206,206,208,208,0
2021-11-25 11:56:00,206,206,208,208,0
2021-11-25 11:57:00,206,206,208,208,0
2021-11-25 11:58:00,206,206,208,208,0
2021-11-25 11:59:00,206,206,208,208,0
2021-11-25 12:00:00,206,206,208,208,0
2021-11-25 12:01:00,206,206,208,208,0
2021-11-25 12:02:00,206,206,208,208,0
2021-11-25 12:03:00,206,206,208,208,0
2021-11-25 12:04:00,206,206,208,208,0
2021-11-25 12:05:00,206,206,208,208,0
2021-11-25 12:06:00,206,206,208,208,0
2021-11-25 12:07:00,206,206,208,208,0
2021-11-25 12:08:00,206,206,208,208,0
2021-11-25 12:09:00,206,206,208,208,0
2021-11-25 12:10:00,206,206,208,208,0
2021-11-25 12:11:00,206,206,208,208,0
2021-11-25 12:12:00,206,206,208,208,0
2021-11-25 12:13:00,206,206,208,208,0
2021-11-25 12:14:00,206,206,208,208,0
2021-11-25 12:15:00,206,206,208,208,0
2021-11-25 12:16:00,206,206,208,208,0
2021-11-25 12:17:00,206,206,208,208,0
2021-11-25 12:18:00,206,206,208,208,0
2021-11-25 12:19:00,206,206,208,208,0
2021-11-25 12:20:00,206,206,208,208,0
2021-11-25 12:21:00,206,206,208,208,0
2021-11-25 12:22:00,206,206,208,208,0
2021-11-25 12:23:00,206,206,208,208,0
2021-11-25 12:24:00,206,206,208,208,0
2021-11-25 12:25:00,206,206,208,208,0
2021-11-25 12:26:00,206,206,208,208,0
2021-11-25 12:27:00,206,206,208,208,0
2021-11-25 12:28:00,206,206,208,208,0
2021-11-25 12:29:00,206,206,208,208,0
2021-11-25 12:30:00,206,206,208,208,0
2021-11-25 12:31:00,206,206,208,208,0
2021-11-25 12:32:00,206,206,208,208,0
2021-11-25 12:33:00,206,206,208,208,0
2021-11-25 12:34:00,206,206,208,208,0
2021-11-25 12:35:00,206,206,208,208,0
2021-11-25 12:36:00,206,206,208,208,0
2021-11-25 12:37:00,206,206,208,208,0
2021-11-25 12:38:00,206,206,208,208,0
2021-11-25 12:39:00,206,206,208,208,0
2021-11-25 12:40:00,206,206,208,208,0
2021-11-25 12:41:00,206,206,208,208,0
2021-11-25 12:42:00,206,206,208,208,0
2021-11-25 12:43:00,206,206,208,208,0
2021-11-25 12:44:00,206,206,208,208,0
2021-11-25 12:45:00,206,206,208,208,0
2021-11-25 12:46:00,206,206,208,208,0
2021-11-25 12:47:00,206,206,208,208,0
2021-11-25 12:48:00,206,206,208,208,0
2021-11-25 12:49:00,206,206,208,208,0
2021-11-25 12:50:00,206,206,208,208,0
2021-11-25 12:51:00,206,206,208,208,0
2021-11-25 12:52:00,206,206,208,208,0
2021-11-25 12:53:00,206,206,208,208,0
2021-11-25 12:54:00,206,206,208,208,0
2021-11-25 12:55:00,206,206,208,208,0
2021-11-25 12:56:00,206,206,208,208,0
2021-11-25 12:57:00,206,206,208,208,0
2021-11-25 12:58:00,206,206,208,208,0
2021-11-25 12:59:00,206,206,208,208,0
2021-11-25 13:00:00,206,206,208,208,0
2021-11-25 13:01:00,206,206,208,208,0
2021-11-25 13:02:00,206,206,208,208,0
2021-11-25 13:03:00,206,206,208,208,0
2021-11-25 13:04:00,206,206,208,208,0
2021-11-25 13:05:00,206,206,208,208,0
2021-11-25 13:06:00,206,206,208,208,0
2021-11-25 13:07:00,206,206,208,208,0
2021-11-25 13:08:00,206,206,208,208,0
2021-11-25 13:09:00,206,206,208,208,0
2021-11-25 13:10:00,206,206,208,208,0
2021-11-25 13:11:00,206,206,208,208,0
2021-11-25 13:12:00,206,206,208,208,0
2021-11-25 13:13:00,206,206,208,208,0
2021-11-25 13:14:00,206,206,208,208,0
2021-11-25 13:15:00,206,206,208,208,0
2021-11-25 13:16:00,206,206,208,208,0
2021-11-25 13:17:00,206,206,208,208,0
2021-11-25 13:18:00,206,206,208,208,0
2021-11-25 13:19:00,206,206,208,208,0
2021-11-25 13:20:00,206,206,208,208,0
2021-11-25 13:21:00,206,206,208,208,0
2021-11-25 13:22:00,206,206,208,208,0
2021-11-25 13:23:00,206,206,208,208,0
2021-11-25 13:24:00,206,206,208,208,0
2021-11-25 13:25:00,206,206,208,208,0
2021-11-25 13:26:00,206,206,208,208,0
2021-11-25 13:27:00,206,206,208,208,0
2021-11-25 13:28:00,206,206,208,208,0
2021-11-25 13:29:00,206,206,208,208,0
2021-11-25 13:30:00,208,206,208,208,24900
2021-11-25 13:31:00,208,206,208,208,0
2021-11-25 13:32:00,208,208,208,208,1500
2021-11-25 13:33:00,206,206,206,206,42700
2021-11-25 13:34:00,206,206,206,206,10000
2021-11-25 13:35:00,208,208,208,208,3000
2021-11-25 13:36:00,208,208,208,208,0
2021-11-25 13:37:00,208,208,208,208,9700
2021-11-25 13:38:00,208,208,208,208,19700
2021-11-25 13:39:00,206,206,206,206,41100
2021-11-25 13:40:00,206,206,206,206,0
2021-11-25 13:41:00,206,206,206,206,0
2021-11-25 13:42:00,206,206,206,206,2300
2021-11-25 13:43:00,206,206,206,206,0
2021-11-25 13:44:00,206,206,206,206,295000
2021-11-25 13:45:00,206,206,206,206,45500
2021-11-25 13:46:00,206,206,206,206,83700
2021-11-25 13:47:00,206,206,206,206,2000
2021-11-25 13:48:00,206,206,206,206,115000
2021-11-25 13:49:00,208,206,208,206,108600
2021-11-25 13:50:00,208,206,208,206,0
2021-11-25 13:51:00,206,206,206,206,23200
2021-11-25 13:52:00,206,206,208,208,33100
2021-11-25 13:53:00,208,208,208,208,100
2021-11-25 13:54:00,206,206,208,206,55100
2021-11-25 13:55:00,206,206,208,208,10100
2021-11-25 13:56:00,206,206,206,206,12800
2021-11-25 13:57:00,208,208,208,208,100
2021-11-25 13:58:00,208,208,208,208,0
2021-11-25 13:59:00,208,208,208,208,0
2021-11-25 14:00:00,208,208,208,208,0
2021-11-25 14:01:00,206,206,206,206,44700
2021-11-25 14:02:00,206,206,206,206,18100
2021-11-25 14:03:00,206,206,206,206,0
2021-11-25 14:04:00,206,206,206,206,50000
2021-11-25 14:05:00,206,206,206,206,97100
2021-11-25 14:06:00,206,206,206,206,535700
2021-11-25 14:07:00,206,206,206,206,54500
2021-11-25 14:08:00,208,206,208,206,148000
2021-11-25 14:09:00,206,206,208,208,25200
2021-11-25 14:10:00,206,206,208,208,88600
2021-11-25 14:11:00,206,206,206,206,20400
2021-11-25 14:12:00,206,206,206,206,125000
2021-11-25 14:13:00,206,206,206,206,55900
2021-11-25 14:14:00,206,206,206,206,63500
2021-11-25 14:15:00,206,206,206,206,33300
2021-11-25 14:16:00,206,206,206,206,32200
2021-11-25 14:17:00,206,204,206,204,46100
2021-11-25 14:18:00,206,206,206,206,23800
2021-11-25 14:19:00,206,206,206,206,75500
2021-11-25 14:20:00,206,206,206,206,45800
2021-11-25 14:21:00,206,206,206,206,12600
2021-11-25 14:22:00,204,204,204,204,73600
2021-11-25 14:23:00,206,206,206,206,44100
2021-11-25 14:24:00,206,206,206,206,48500
2021-11-25 14:25:00,206,206,206,206,72300
2021-11-25 14:26:00,206,206,206,206,23000
2021-11-25 14:27:00,206,204,206,206,35100
2021-11-25 14:28:00,206,204,206,204,50500
2021-11-25 14:29:00,204,204,204,204,3000
2021-11-25 14:30:00,206,206,206,206,10500
2021-11-25 14:31:00,206,206,206,206,0
2021-11-25 14:32:00,204,204,204,204,40300
2021-11-25 14:33:00,204,204,204,204,15300
2021-11-25 14:34:00,204,204,204,204,50000
2021-11-25 14:35:00,206,206,206,206,1000
2021-11-25 14:36:00,204,204,204,204,348300
2021-11-25 14:37:00,204,204,206,206,51000
2021-11-25 14:38:00,206,204,206,204,51500
2021-11-25 14:39:00,206,204,206,204,0
2021-11-25 14:40:00,204,204,204,204,317700
2021-11-25 14:41:00,204,204,204,204,2500
2021-11-25 14:42:00,204,204,206,206,7500
2021-11-25 14:43:00,204,204,204,204,800
2021-11-25 14:44:00,204,204,204,204,0
2021-11-25 14:45:00,204,204,206,206,100300
2021-11-25 14:46:00,204,204,206,206,50100
2021-11-25 14:47:00,204,204,206,206,42200
2021-11-25 14:48:00,206,206,206,206,2000
2021-11-25 14:49:00,204,204,206,206,34600
2021-11-25 14:50:00,204,204,204,204,120000
2021-11-25 14:51:00,204,204,204,204,0
2021-11-25 14:52:00,204,204,204,204,0
2021-11-25 14:53:00,204,204,204,204,0
2021-11-25 14:54:00,204,204,204,204,0
2021-11-25 14:55:00,204,204,204,204,0
2021-11-25 14:56:00,204,204,204,204,0
2021-11-25 14:57:00,204,204,204,204,0
2021-11-25 14:58:00,204,204,204,204,0
2021-11-25 14:59:00,204,204,204,204,0
2021-11-25 15:00:00,204,204,204,204,777100
2021-11-25 15:01:00,204,204,204,204,0
2021-11-25 15:02:00,204,204,204,204,0
2021-11-25 15:03:00,204,204,204,204,0
2021-11-25 15:04:00,204,204,204,204,0
2021-11-25 15:05:00,204,204,204,204,87300
2021-11-25 15:06:00,204,204,204,204,1300
2021-11-25 15:07:00,204,204,204,204,200
2021-11-25 15:08:00,204,204,204,204,0
2021-11-25 15:09:00,204,204,204,204,0
2021-11-25 15:10:00,204,204,204,204,0
2021-11-25 15:11:00,204,204,204,204,0
2021-11-25 15:12:00,204,204,204,204,0
2021-11-25 15:13:00,204,204,204,204,0
2021-11-25 15:14:00,204,204,204,204,42800
2021-11-25 15:15:00,204,204,204,204,0
2021-11-25 15:16:00,204,204,204,204,0
2021-11-25 15:17:00,204,204,204,204,0
2021-11-25 15:18:00,204,204,204,204,0
2021-11-25 15:19:00,204,204,204,204,0
2021-11-25 15:20:00,204,204,204,204,0
2021-11-25 15:21:00,204,204,204,204,0
2021-11-25 15:22:00,204,204,204,204,0
2021-11-25 15:23:00,204,204,204,204,0
2021-11-25 15:24:00,204,204,204,204,0
2021-11-25 15:25:00,204,204,204,204,0
2021-11-25 15:26:00,204,204,204,204,0
2021-11-25 15:27:00,204,204,204,204,0
2021-11-25 15:28:00,204,204,204,204,0
2021-11-25 15:29:00,204,204,204,204,0
2021-11-25 15:30:00,204,204,204,204,0
2021-11-25 15:31:00,204,204,204,204,0
2021-11-25 15:32:00,204,204,204,204,0
2021-11-25 15:33:00,204,204,204,204,0
2021-11-25 15:34:00,204,204,204,204,0
2021-11-25 15:35:00,204,204,204,204,0
2021-11-25 15:36:00,204,204,204,204,0
2021-11-25 15:37:00,204,204,204,204,0
2021-11-25 15:38:00,204,204,204,204,0
2021-11-25 15:39:00,204,204,204,204,0
2021-11-25 15:40:00,204,204,204,204,0
2021-11-25 15:41:00,204,204,204,204,0
2021-11-25 15:42:00,204,204,204,204,0
2021-11-25 15:43:00,204,204,204,204,0
2021-11-25 15:44:00,204,204,204,204,0
2021-11-25 15:45:00,204,204,204,204,0
2021-11-25 15:46:00,204,204,204,204,0
2021-11-25 15:47:00,204,204,204,204,0
2021-11-25 15:48:00,204,204,204,204,0
2021-11-25 15:49:00,204,204,204,204,0
2021-11-25 15:50:00,204,204,204,204,0
2021-11-25 15:51:00,204,204,204,204,0
2021-11-25 15:52:00,204,204,204,204,0
2021-11-25 15:53:00,204,204,204,204,0
2021-11-25 15:54:00,204,204,204,204,0
2021-11-25 15:55:00,204,204,204,204,0
2021-11-25 15:56:00,204,204,204,204,0
2021-11-25 15:57:00,204,204,204,204,0
2021-11-25 15:58:00,204,204,204,204,0
2021-11-25 15:59:00,204,204,204,204,0
2021-11-26 09:00:00,204,204,206,204,0
2021-11-26 09:01:00,204,204,204,204,206600
2021-11-26 09:02:00,204,202,204,202,221500
2021-11-26 09:03:00,202,202,202,202,42500
2021-11-26 09:04:00,202,202,202,202,3600
2021-11-26 09:05:00,202,202,202,202,19000
2021-11-26 09:06:00,204,202,204,202,50400
2021-11-26 09:07:00,204,202,204,202,2600
2021-11-26 09:08:00,204,202,204,202,0
2021-11-26 09:09:00,202,202,204,202,138600
2021-11-26 09:10:00,204,204,204,204,4300
2021-11-26 09:11:00,204,204,204,204,25500
2021-11-26 09:12:00,204,202,204,204,51300
2021-11-26 09:13:00,204,204,204,204,300
2021-11-26 09:14:00,204,204,204,204,0
2021-11-26 09:15:00,204,204,204,204,5000
2021-11-26 09:16:00,204,204,204,204,50000
2021-11-26 09:17:00,202,202,202,202,8300
2021-11-26 09:18:00,202,202,202,202,9000
2021-11-26 09:19:00,202,202,202,202,0
2021-11-26 09:20:00,202,202,202,202,0
2021-11-26 09:21:00,202,202,204,204,5200
2021-11-26 09:22:00,204,202,204,202,40000
2021-11-26 09:23:00,202,202,202,202,69100
2021-11-26 09:24:00,202,202,202,202,0
2021-11-26 09:25:00,202,202,202,202,0
2021-11-26 09:26:00,202,202,202,202,0
2021-11-26 09:27:00,202,202,202,202,48000
2021-11-26 09:28:00,204,204,204,204,100200
2021-11-26 09:29:00,202,202,204,204,2300
2021-11-26 09:30:00,204,204,204,204,200
2021-11-26 09:31:00,204,202,204,204,20500
2021-11-26 09:32:00,202,202,202,202,1000
2021-11-26 09:33:00,202,202,202,202,0
2021-11-26 09:34:00,202,202,202,202,0
2021-11-26 09:35:00,202,202,202,202,3000
2021-11-26 09:36:00,202,202,202,202,0
2021-11-26 09:37:00,202,202,202,202,0
2021-11-26 09:38:00,204,202,204,202,900
2021-11-26 09:39:00,204,204,204,204,6700
2021-11-26 09:40:00,204,204,204,204,5300
2021-11-26 09:41:00,204,204,204,204,1000
2021-11-26 09:42:00,202,202,202,202,65100
2021-11-26 09:43:00,202,202,202,202,5000
2021-11-26 09:44:00,202,202,202,202,17500
2021-11-26 09:45:00,202,202,204,204,10500
2021-11-26 09:46:00,204,204,204,204,300
2021-11-26 09:47:00,204,204,204,204,0
2021-11-26 09:48:00,204,204,204,204,25000
2021-11-26 09:49:00,204,204,204,204,6300
2021-11-26 09:50:00,204,204,204,204,0
2021-11-26 09:51:00,204,204,204,204,100
2021-11-26 09:52:00,204,204,204,204,1000
2021-11-26 09:53:00,204,204,204,204,5000
2021-11-26 09:54:00,204,204,204,204,1000
2021-11-26 09:55:00,204,204,204,204,0
2021-11-26 09:56:00,204,204,204,204,0
2021-11-26 09:57:00,204,204,204,204,0
2021-11-26 09:58:00,204,204,204,204,0
2021-11-26 09:59:00,202,202,202,202,152400
2021-11-26 10:00:00,202,202,202,202,10000
2021-11-26 10:01:00,202,202,202,202,300
2021-11-26 10:02:00,202,202,202,202,5000
2021-11-26 10:03:00,202,202,202,202,26200
2021-11-26 10:04:00,202,202,202,202,100000
2021-11-26 10:05:00,204,204,204,204,2500
2021-11-26 10:06:00,202,202,202,202,555100
2021-11-26 10:07:00,202,202,202,202,0
2021-11-26 10:08:00,204,204,204,204,10000
2021-11-26 10:09:00,204,204,204,204,0
2021-11-26 10:10:00,204,204,204,204,500
2021-11-26 10:11:00,204,204,204,204,0
2021-11-26 10:12:00,202,202,204,204,220500
2021-11-26 10:13:00,202,202,204,204,0
2021-11-26 10:14:00,202,202,204,204,0
2021-11-26 10:15:00,202,202,204,204,0
2021-11-26 10:16:00,202,202,204,204,0
2021-11-26 10:17:00,202,202,204,204,0
2021-11-26 10:18:00,202,202,204,204,0
2021-11-26 10:19:00,202,202,202,202,200000
2021-11-26 10:20:00,202,202,202,202,42000
2021-11-26 10:21:00,202,202,202,202,2600
2021-11-26 10:22:00,202,202,202,202,112300
2021-11-26 10:23:00,202,202,202,202,1000
2021-11-26 10:24:00,202,202,202,202,12000
2021-11-26 10:25:00,202,202,202,202,0
2021-11-26 10:26:00,202,202,202,202,200000
2021-11-26 10:27:00,202,200,202,200,594800
2021-11-26 10:28:00,202,202,202,202,5200
2021-11-26 10:29:00,200,200,202,202,650000
2021-11-26 10:30:00,200,200,202,202,0
2021-11-26 10:31:00,202,200,202,200,80000
2021-11-26 10:32:00,202,200,202,202,29700
2021-11-26 10:33:00,202,200,202,200,88300
2021-11-26 10:34:00,202,202,202,202,1200
2021-11-26 10:35:00,202,202,202,202,254500
2021-11-26 10:36:00,204,202,204,202,9000
2021-11-26 10:37:00,202,202,202,202,1600
2021-11-26 10:38:00,202,202,202,202,6400
2021-11-26 10:39:00,202,200,202,202,1954800
2021-11-26 10:40:00,202,202,202,202,5400
2021-11-26 10:41:00,200,200,202,202,2100
2021-11-26 10:42:00,200,200,202,202,0
2021-11-26 10:43:00,202,202,202,202,2000
2021-11-26 10:44:00,202,202,202,202,100
2021-11-26 10:45:00,202,202,202,202,800
2021-11-26 10:46:00,202,202,202,202,0
2021-11-26 10:47:00,202,202,202,202,0
2021-11-26 10:48:00,202,202,202,202,185800
2021-11-26 10:49:00,202,202,202,202,100
2021-11-26 10:50:00,202,202,202,202,0
2021-11-26 10:51:00,200,200,200,200,50000
2021-11-26 10:52:00,200,200,202,202,5100
2021-11-26 10:53:00,200,200,200,200,16000
2021-11-26 10:54:00,200,200,200,200,118100
2021-11-26 10:55:00,200,200,200,200,1500
2021-11-26 10:56:00,200,200,200,200,0
2021-11-26 10:57:00,200,200,200,200,300000
2021-11-26 10:58:00,200,200,202,202,65100
2021-11-26 10:59:00,200,200,200,200,24900
2021-11-26 11:00:00,200,200,202,202,15100
2021-11-26 11:01:00,200,200,202,202,0
2021-11-26 11:02:00,200,197,200,197,2607200
2021-11-26 11:03:00,198,194,199,194,2380600
2021-11-26 11:04:00,195,194,197,196,573700
2021-11-26 11:05:00,196,195,196,196,463100
2021-11-26 11:06:00,196,195,196,196,249200
2021-11-26 11:07:00,196,195,196,196,201200
2021-11-26 11:08:00,196,196,197,197,9200
2021-11-26 11:09:00,197,196,197,197,411600
2021-11-26 11:10:00,198,197,198,197,84300
2021-11-26 11:11:00,198,197,198,197,91400
2021-11-26 11:12:00,197,197,198,198,6900
2021-11-26 11:13:00,198,197,198,198,124900
2021-11-26 11:14:00,199,198,199,199,80100
2021-11-26 11:15:00,198,198,198,198,2000
2021-11-26 11:16:00,199,199,199,199,7700
2021-11-26 11:17:00,198,198,198,198,130000
2021-11-26 11:18:00,198,198,198,198,46300
2021-11-26 11:19:00,198,198,198,198,98700
2021-11-26 11:20:00,198,198,198,198,73600
2021-11-26 11:21:00,198,197,198,198,54100
2021-11-26 11:22:00,197,197,197,197,155300
2021-11-26 11:23:00,198,197,198,197,6500
2021-11-26 11:24:00,197,197,197,197,19700
2021-11-26 11:25:00,197,197,197,197,600
2021-11-26 11:26:00,196,196,197,197,163900
2021-11-26 11:27:00,197,196,197,197,7300
2021-11-26 11:28:00,197,196,197,197,70900
2021-11-26 11:29:00,197,196,197,197,22200
2021-11-26 11:30:00,197,196,197,197,0
2021-11-26 11:31:00,197,196,197,197,0
2021-11-26 11:32:00,197,196,197,197,0
2021-11-26 11:33:00,197,196,197,197,0
2021-11-26 11:34:00,197,196,197,197,0
2021-11-26 11:35:00,197,196,197,197,0
2021-11-26 11:36:00,197,196,197,197,0
2021-11-26 11:37:00,197,196,197,197,0
2021-11-26 11:38:00,197,196,197,197,0
2021-11-26 11:39:00,197,196,197,197,0
2021-11-26 11:40:00,197,196,197,197,0
2021-11-26 11:41:00,197,196,197,197,0
2021-11-26 11:42:00,197,196,197,197,0
2021-11-26 11:43:00,197,196,197,197,0
2021-11-26 11:44:00,197,196,197,197,0
2021-11-26 11:45:00,197,196,197,197,0
2021-11-26 11:46:00,197,196,197,197,0
2021-11-26 11:47:00,197,196,197,197,0
2021-11-26 11:48:00,197,196,197,197,0
2021-11-26 11:49:00,197,196,197,197,0
2021-11-26 11:50:00,197,196,197,197,0
2021-11-26 11:51:00,197,196,197,197,0
2021-11-26 11:52:00,197,196,197,197,0
2021-11-26 11:53:00,197,196,197,197,0
2021-11-26 11:54:00,197,196,197,197,0
2021-11-26 11:55:00,197,196,197,197,0
2021-11-26 11:56:00,197,196,197,197,0
2021-11-26 11:57:00,197,196,197,197,0
2021-11-26 11:58:00,197,196,197,197,0
2021-11-26 11:59:00,197,196,197,197,0
2021-11-26 12:00:00,197,196,197,197,0
2021-11-26 12:01:00,197,196,197,197,0
2021-11-26 12:02:00,197,196,197,197,0
2021-11-26 12:03:00,197,196,197,197,0
2021-11-26 12:04:00,197,196,197,197,0
2021-11-26 12:05:00,197,196,197,197,0
2021-11-26 12:06:00,197,196,197,197,0
2021-11-26 12:07:00,197,196,197,197,0
2021-11-26 12:08:00,197,196,197,197,0
2021-11-26 12:09:00,197,196,197,197,0
2021-11-26 12:10:00,197,196,197,197,0
2021-11-26 12:11:00,197,196,197,197,0
2021-11-26 12:12:00,197,196,197,197,0
2021-11-26 12:13:00,197,196,197,197,0
2021-11-26 12:14:00,197,196,197,197,0
2021-11-26 12:15:00,197,196,197,197,0
2021-11-26 12:16:00,197,196,197,197,0
2021-11-26 12:17:00,197,196,197,197,0
2021-11-26 12:18:00,197,196,197,197,0
2021-11-26 12:19:00,197,196,197,197,0
2021-11-26 12:20:00,197,196,197,197,0
2021-11-26 12:21:00,197,196,197,197,0
2021-11-26 12:22:00,197,196,197,197,0
2021-11-26 12:23:00,197,196,197,197,0
2021-11-26 12:24:00,197,196,197,197,0
2021-11-26 12:25:00,197,196,197,197,0
2021-11-26 12:26:00,197,196,197,197,0
2021-11-26 12:27:00,197,196,197,197,0
2021-11-26 12:28:00,197,196,197,197,0
2021-11-26 12:29:00,197,196,197,197,0
2021-11-26 12:30:00,197,196,197,197,0
2021-11-26 12:31:00,197,196,197,197,0
2021-11-26 12:32:00,197,196,197,197,0
2021-11-26 12:33:00,197,196,197,197,0
2021-11-26 12:34:00,197,196,197,197,0
2021-11-26 12:35:00,197,196,197,197,0
2021-11-26 12:36:00,197,196,197,197,0
2021-11-26 12:37:00,197,196,197,197,0
2021-11-26 12:38:00,197,196,197,197,0
2021-11-26 12:39:00,197,196,197,197,0
2021-11-26 12:40:00,197,196,197,197,0
2021-11-26 12:41:00,197,196,197,197,0
2021-11-26 12:42:00,197,196,197,197,0
2021-11-26 12:43:00,197,196,197,197,0
2021-11-26 12:44:00,197,196,197,197,0
2021-11-26 12:45:00,197,196,197,197,0
2021-11-26 12:46:00,197,196,197,197,0
2021-11-26 12:47:00,197,196,197,197,0
2021-11-26 12:48:00,197,196,197,197,0
2021-11-26 12:49:00,197,196,197,197,0
2021-11-26 12:50:00,197,196,197,197,0
2021-11-26 12:51:00,197,196,197,197,0
2021-11-26 12:52:00,197,196,197,197,0
2021-11-26 12:53:00,197,196,197,197,0
2021-11-26 12:54:00,197,196,197,197,0
2021-11-26 12:55:00,197,196,197,197,0
2021-11-26 12:56:00,197,196,197,197,0
2021-11-26 12:57:00,197,196,197,197,0
2021-11-26 12:58:00,197,196,197,197,0
2021-11-26 12:59:00,197,196,197,197,0
2021-11-26 13:00:00,197,196,197,197,0
2021-11-26 13:01:00,197,196,197,197,0
2021-11-26 13:02:00,197,196,197,197,0
2021-11-26 13:03:00,197,196,197,197,0
2021-11-26 13:04:00,197,196,197,197,0
2021-11-26 13:05:00,197,196,197,197,0
2021-11-26 13:06:00,197,196,197,197,0
2021-11-26 13:07:00,197,196,197,197,0
2021-11-26 13:08:00,197,196,197,197,0
2021-11-26 13:09:00,197,196,197,197,0
2021-11-26 13:10:00,197,196,197,197,0
2021-11-26 13:11:00,197,196,197,197,0
2021-11-26 13:12:00,197,196,197,197,0
2021-11-26 13:13:00,197,196,197,197,0
2021-11-26 13:14:00,197,196,197,197,0
2021-11-26 13:15:00,197,196,197,197,0
2021-11-26 13:16:00,197,196,197,197,0
2021-11-26 13:17:00,197,196,197,197,0
2021-11-26 13:18:00,197,196,197,197,0
2021-11-26 13:19:00,197,196,197,197,0
2021-11-26 13:20:00,197,196,197,197,0
2021-11-26 13:21:00,197,196,197,197,0
2021-11-26 13:22:00,197,196,197,197,0
2021-11-26 13:23:00,197,196,197,197,0
2021-11-26 13:24:00,197,196,197,197,0
2021-11-26 13:25:00,197,196,197,197,0
2021-11-26 13:26:00,197,196,197,197,0
2021-11-26 13:27:00,197,196,197,197,0
2021-11-26 13:28:00,197,196,197,197,0
2021-11-26 13:29:00,197,196,197,197,0
2021-11-26 13:30:00,197,196,199,198,642600
2021-11-26 13:31:00,199,198,199,198,16000
2021-11-26 13:32:00,198,198,198,198,12000
2021-11-26 13:33:00,198,198,198,198,57700
2021-11-26 13:34:00,198,198,198,198,26500
2021-11-26 13:35:00,198,197,198,197,3000
2021-11-26 13:36:00,197,197,197,197,100
2021-11-26 13:37:00,197,197,197,197,10000
2021-11-26 13:38:00,197,197,197,197,75000
2021-11-26 13:39:00,198,197,198,198,8700
2021-11-26 13:40:00,198,198,198,198,2700
2021-11-26 13:41:00,197,197,198,198,54500
2021-11-26 13:42:00,198,198,198,198,11600
2021-11-26 13:43:00,198,198,198,198,0
2021-11-26 13:44:00,198,197,198,197,39400
2021-11-26 13:45:00,197,197,198,198,800
2021-11-26 13:46:00,198,198,198,198,1000
2021-11-26 13:47:00,198,198,198,198,50600
2021-11-26 13:48:00,198,198,198,198,35400
2021-11-26 13:49:00,198,197,198,198,600
2021-11-26 13:50:00,197,197,197,197,22000
2021-11-26 13:51:00,198,197,198,198,800
2021-11-26 13:52:00,198,197,198,197,54500
2021-11-26 13:53:00,198,198,198,198,2000
2021-11-26 13:54:00,198,198,198,198,23700
2021-11-26 13:55:00,197,197,198,198,13100
2021-11-26 13:56:00,198,198,198,198,3700
2021-11-26 13:57:00,198,197,198,197,109100
2021-11-26 13:58:00,197,197,197,197,12300
2021-11-26 13:59:00,198,198,198,198,3000
2021-11-26 14:00:00,198,197,198,197,99500
2021-11-26 14:01:00,198,198,198,198,100
2021-11-26 14:02:00,197,197,198,198,24800
2021-11-26 14:03:00,197,197,197,197,500
2021-11-26 14:04:00,197,197,198,198,22200
2021-11-26 14:05:00,198,198,198,198,14400
2021-11-26 14:06:00,198,198,198,198,2500
2021-11-26 14:07:00,198,197,198,197,2300
2021-11-26 14:08:00,197,197,197,197,20100
2021-11-26 14:09:00,197,197,198,197,32600
2021-11-26 14:10:00,197,197,198,198,215500
2021-11-26 14:11:00,197,197,197,197,7000
2021-11-26 14:12:00,197,197,197,197,30600
2021-11-26 14:13:00,197,197,197,197,2300
2021-11-26 14:14:00,198,197,198,198,20000
2021-11-26 14:15:00,197,197,197,197,9900
2021-11-26 14:16:00,198,197,198,197,5500
2021-11-26 14:17:00,198,197,198,197,0
2021-11-26 14:18:00,197,197,197,197,213000
2021-11-26 14:19:00,197,197,198,198,67000
2021-11-26 14:20:00,198,197,198,197,7000
2021-11-26 14:21:00,198,197,198,197,16700
2021-11-26 14:22:00,197,197,197,197,70500
2021-11-26 14:23:00,197,197,197,197,20000
2021-11-26 14:24:00,197,197,197,197,145000
2021-11-26 14:25:00,197,197,198,198,55300
2021-11-26 14:26:00,197,197,197,197,72200
2021-11-26 14:27:00,198,197,198,197,689400
2021-11-26 14:28:00,197,197,197,197,387800
2021-11-26 14:29:00,197,197,197,197,460800
2021-11-26 14:30:00,197,197,197,197,70200
2021-11-26 14:31:00,197,197,197,197,5000
2021-11-26 14:32:00,197,196,197,196,2100
2021-11-26 14:33:00,196,196,196,196,5000
2021-11-26 14:34:00,196,196,197,197,32000
2021-11-26 14:35:00,197,197,197,197,19500
2021-11-26 14:36:00,197,196,197,196,23000
2021-11-26 14:37:00,197,196,197,196,177700
2021-11-26 14:38:00,196,196,197,197,10200
2021-11-26 14:39:00,197,197,197,197,100000
2021-11-26 14:40:00,196,196,197,196,120300
2021-11-26 14:41:00,197,196,197,196,131000
2021-11-26 14:42:00,197,196,197,197,13900
2021-11-26 14:43:00,197,197,197,197,4000
2021-11-26 14:44:00,196,196,197,196,265100
2021-11-26 14:45:00,196,196,197,197,98000
2021-11-26 14:46:00,196,196,197,196,39100
2021-11-26 14:47:00,196,196,197,197,549200
2021-11-26 14:48:00,197,197,197,197,34500
2021-11-26 14:49:00,197,197,197,197,20000
2021-11-26 14:50:00,197,197,197,197,0
2021-11-26 14:51:00,197,197,197,197,0
2021-11-26 14:52:00,197,197,197,197,0
2021-11-26 14:53:00,197,197,197,197,0
2021-11-26 14:54:00,197,197,197,197,0
2021-11-26 14:55:00,197,197,197,197,0
2021-11-26 14:56:00,197,197,197,197,0
2021-11-26 14:57:00,197,197,197,197,0
2021-11-26 14:58:00,197,197,197,197,0
2021-11-26 14:59:00,197,197,197,197,0
2021-11-26 15:00:00,197,197,197,197,340300
2021-11-26 15:01:00,197,197,197,197,0
2021-11-26 15:02:00,197,197,197,197,0
2021-11-26 15:03:00,197,197,197,197,0
2021-11-26 15:04:00,197,197,197,197,0
2021-11-26 15:05:00,197,197,197,197,640600
2021-11-26 15:06:00,197,197,197,197,110800
2021-11-26 15:07:00,197,197,197,197,10000
2021-11-26 15:08:00,197,197,197,197,0
2021-11-26 15:09:00,197,197,197,197,4800
2021-11-26 15:10:00,197,197,197,197,0
2021-11-26 15:11:00,197,197,197,197,0
2021-11-26 15:12:00,197,197,197,197,0
2021-11-26 15:13:00,197,197,197,197,0
2021-11-26 15:14:00,197,197,197,197,0
2021-11-26 15:15:00,197,197,197,197,0
2021-11-26 15:16:00,197,197,197,197,0
2021-11-26 15:17:00,197,197,197,197,0
2021-11-26 15:18:00,197,197,197,197,0
2021-11-26 15:19:00,197,197,197,197,0
2021-11-26 15:20:00,197,197,197,197,0
2021-11-26 15:21:00,197,197,197,197,0
2021-11-26 15:22:00,197,197,197,197,0
2021-11-26 15:23:00,197,197,197,197,0
2021-11-26 15:24:00,197,197,197,197,0
2021-11-26 15:25:00,197,197,197,197,0
2021-11-26 15:26:00,197,197,197,197,0
2021-11-26 15:27:00,197,197,197,197,0
2021-11-26 15:28:00,197,197,197,197,0
2021-11-26 15:29:00,197,197,197,197,0
2021-11-26 15:30:00,197,197,197,197,0
2021-11-26 15:31:00,197,197,197,197,0
2021-11-26 15:32:00,197,197,197,197,0
2021-11-26 15:33:00,197,197,197,197,0
2021-11-26 15:34:00,197,197,197,197,0
2021-11-26 15:35:00,197,197,197,197,0
2021-11-26 15:36:00,197,197,197,197,0
2021-11-26 15:37:00,197,197,197,197,0
2021-11-26 15:38:00,197,197,197,197,0
2021-11-26 15:39:00,197,197,197,197,0
2021-11-26 15:40:00,197,197,197,197,0
2021-11-26 15:41:00,197,197,197,197,0
2021-11-26 15:42:00,197,197,197,197,0
2021-11-26 15:43:00,197,197,197,197,0
2021-11-26 15:44:00,197,197,197,197,0
2021-11-26 15:45:00,197,197,197,197,0
2021-11-26 15:46:00,197,197,197,197,0
2021-11-26 15:47:00,197,197,197,197,0
2021-11-26 15:48:00,197,197,197,197,0
2021-11-26 15:49:00,197,197,197,197,0
2021-11-26 15:50:00,197,197,197,197,0
2021-11-26 15:51:00,197,197,197,197,0
2021-11-26 15:52:00,197,197,197,197,0
2021-11-26 15:53:00,197,197,197,197,0
2021-11-26 15:54:00,197,197,197,197,0
2021-11-26 15:55:00,197,197,197,197,0
2021-11-26 15:56:00,197,197,197,197,0
2021-11-26 15:57:00,197,197,197,197,0
2021-11-26 15:58:00,197,197,197,197,0
2021-11-26 15:59:00,197,197,197,197,0
2021-11-29 09:00:00,197,194,199,197,0
2021-11-29 09:01:00,197,196,198,196,131200
2021-11-29 09:02:00,196,196,196,196,8000
2021-11-29 09:03:00,197,197,197,197,11000
2021-11-29 09:04:00,197,194,197,195,118000
2021-11-29 09:05:00,196,195,196,195,38100
2021-11-29 09:06:00,195,195,195,195,47800
2021-11-29 09:07:00,195,194,195,195,168500
2021-11-29 09:08:00,195,194,195,194,11900
2021-11-29 09:09:00,194,194,194,194,40500
2021-11-29 09:10:00,193,193,194,194,163600
2021-11-29 09:11:00,194,194,194,194,5300
2021-11-29 09:12:00,194,194,194,194,5000
2021-11-29 09:13:00,193,193,194,194,60200
2021-11-29 09:14:00,194,193,194,194,125100
2021-11-29 09:15:00,194,193,194,194,209800
2021-11-29 09:16:00,194,194,195,194,237100
2021-11-29 09:17:00,193,193,193,193,230200
2021-11-29 09:18:00,193,192,193,193,535500
2021-11-29 09:19:00,194,193,194,193,96700
2021-11-29 09:20:00,192,192,194,194,168300
2021-11-29 09:21:00,194,194,194,194,193700
2021-11-29 09:22:00,194,194,194,194,84700
2021-11-29 09:23:00,194,194,195,195,78600
2021-11-29 09:24:00,196,196,198,198,215300
2021-11-29 09:25:00,198,197,198,197,68500
2021-11-29 09:26:00,197,197,197,197,500
2021-11-29 09:27:00,196,196,196,196,7500
2021-11-29 09:28:00,196,196,196,196,22500
2021-11-29 09:29:00,196,196,197,197,33500
2021-11-29 09:30:00,196,194,196,194,214500
2021-11-29 09:31:00,194,194,196,196,20300
2021-11-29 09:32:00,196,196,196,196,13500
2021-11-29 09:33:00,196,196,196,196,2400
2021-11-29 09:34:00,196,196,196,196,49100
2021-11-29 09:35:00,196,196,196,196,9200
2021-11-29 09:36:00,196,196,196,196,5200
2021-11-29 09:37:00,197,196,197,196,50200
2021-11-29 09:38:00,197,196,197,196,0
2021-11-29 09:39:00,196,196,196,196,5000
2021-11-29 09:40:00,196,196,196,196,15000
2021-11-29 09:41:00,197,197,197,197,50100
2021-11-29 09:42:00,197,197,197,197,7500
2021-11-29 09:43:00,196,196,196,196,35000
2021-11-29 09:44:00,197,197,197,197,200
2021-11-29 09:45:00,196,196,196,196,225500
2021-11-29 09:46:00,195,195,196,196,33400
2021-11-29 09:47:00,195,195,196,196,154500
2021-11-29 09:48:00,196,195,196,195,50600
2021-11-29 09:49:00,195,194,195,195,303600
2021-11-29 09:50:00,195,194,195,195,0
2021-11-29 09:51:00,195,194,195,195,0
2021-11-29 09:52:00,195,194,195,194,113900
2021-11-29 09:53:00,194,194,194,194,69800
2021-11-29 09:54:00,194,194,194,194,22800
2021-11-29 09:55:00,194,193,194,194,16000
2021-11-29 09:56:00,194,194,194,194,46700
2021-11-29 09:57:00,193,193,194,194,3300
2021-11-29 09:58:00,193,193,194,194,22200
2021-11-29 09:59:00,194,194,195,195,36400
2021-11-29 10:00:00,195,195,195,195,34200
2021-11-29 10:01:00,195,195,195,195,12500
2021-11-29 10:02:00,195,195,195,195,25500
2021-11-29 10:03:00,195,194,195,194,25000
2021-11-29 10:04:00,195,194,195,194,0
2021-11-29 10:05:00,195,195,195,195,50000
2021-11-29 10:06:00,195,195,195,195,40100
2021-11-29 10:07:00,195,195,195,195,600
2021-11-29 10:08:00,195,195,195,195,8900
2021-11-29 10:09:00,195,195,196,195,16000
2021-11-29 10:10:00,196,196,196,196,1200
2021-11-29 10:11:00,196,196,196,196,800
2021-11-29 10:12:00,196,196,196,196,7300
2021-11-29 10:13:00,196,196,196,196,2000
2021-11-29 10:14:00,196,196,196,196,0
2021-11-29 10:15:00,195,195,195,195,100000
2021-11-29 10:16:00,195,195,195,195,30000
2021-11-29 10:17:00,195,195,195,195,0
2021-11-29 10:18:00,196,196,196,196,5100
2021-11-29 10:19:00,196,196,196,196,1200
2021-11-29 10:20:00,195,195,195,195,4000
2021-11-29 10:21:00,195,195,195,195,400
2021-11-29 10:22:00,195,195,195,195,0
2021-11-29 10:23:00,195,195,195,195,0
2021-11-29 10:24:00,196,195,196,195,44700
2021-11-29 10:25:00,195,195,195,195,22100
2021-11-29 10:26:00,195,195,195,195,2000
2021-11-29 10:27:00,195,195,196,196,69300
2021-11-29 10:28:00,196,196,196,196,2500
2021-11-29 10:29:00,196,195,196,195,12100
2021-11-29 10:30:00,195,195,195,195,5200
2021-11-29 10:31:00,195,195,195,195,0
2021-11-29 10:32:00,196,196,196,196,200
2021-11-29 10:33:00,196,196,196,196,1100
2021-11-29 10:34:00,196,196,196,196,10000
2021-11-29 10:35:00,196,196,196,196,20600
2021-11-29 10:36:00,196,195,196,196,136400
2021-11-29 10:37:00,196,196,196,196,13500
2021-11-29 10:38:00,195,195,195,195,150000
2021-11-29 10:39:00,196,196,196,196,6000
2021-11-29 10:40:00,196,196,196,196,58900
2021-11-29 10:41:00,197,196,197,196,7800
2021-11-29 10:42:00,196,196,196,196,177500
2021-11-29 10:43:00,196,196,196,196,5000
2021-11-29 10:44:00,196,196,196,196,0
2021-11-29 10:45:00,196,196,197,197,44500
2021-11-29 10:46:00,196,196,197,197,0
2021-11-29 10:47:00,197,197,197,197,200
2021-11-29 10:48:00,197,197,197,197,0
2021-11-29 10:49:00,197,197,197,197,0
2021-11-29 10:50:00,197,197,197,197,600
2021-11-29 10:51:00,197,197,197,197,0
2021-11-29 10:52:00,197,197,197,197,0
2021-11-29 10:53:00,196,196,196,196,200
2021-11-29 10:54:00,196,196,197,197,20100
2021-11-29 10:55:00,197,197,197,197,10000
2021-11-29 10:56:00,197,197,197,197,0
2021-11-29 10:57:00,197,197,197,197,0
2021-11-29 10:58:00,197,197,197,197,0
2021-11-29 10:59:00,197,197,197,197,0
2021-11-29 11:00:00,197,197,197,197,0
2021-11-29 11:01:00,196,196,196,196,10100
2021-11-29 11:02:00,196,196,196,196,25600
2021-11-29 11:03:00,196,196,196,196,0
2021-11-29 11:04:00,196,196,196,196,400
2021-11-29 11:05:00,196,196,196,196,0
2021-11-29 11:06:00,196,196,196,196,0
2021-11-29 11:07:00,196,196,196,196,0
2021-11-29 11:08:00,196,196,197,197,4700
2021-11-29 11:09:00,196,196,197,197,0
2021-11-29 11:10:00,196,196,197,197,0
2021-11-29 11:11:00,196,196,196,196,75000
2021-11-29 11:12:00,196,196,196,196,17200
2021-11-29 11:13:00,196,196,197,197,3600
2021-11-29 11:14:00,196,196,197,197,0
2021-11-29 11:15:00,196,196,197,197,0
2021-11-29 11:16:00,196,196,196,196,5000
2021-11-29 11:17:00,196,196,197,197,2400
2021-11-29 11:18:00,196,196,197,197,0
2021-11-29 11:19:00,197,197,197,197,1000
2021-11-29 11:20:00,196,196,196,196,57000
2021-11-29 11:21:00,196,196,196,196,0
2021-11-29 11:22:00,196,196,196,196,700
2021-11-29 11:23:00,196,196,196,196,1000
2021-11-29 11:24:00,196,196,196,196,0
2021-11-29 11:25:00,196,196,196,196,34300
2021-11-29 11:26:00,196,196,196,196,0
2021-11-29 11:27:00,197,197,197,197,520100
2021-11-29 11:28:00,197,197,197,197,2200
2021-11-29 11:29:00,197,197,197,197,1000
2021-11-29 11:30:00,197,197,197,197,0
2021-11-29 11:31:00,197,197,197,197,0
2021-11-29 11:32:00,197,197,197,197,0
2021-11-29 11:33:00,197,197,197,197,0
2021-11-29 11:34:00,197,197,197,197,0
2021-11-29 11:35:00,197,197,197,197,0
2021-11-29 11:36:00,197,197,197,197,0
2021-11-29 11:37:00,197,197,197,197,0
2021-11-29 11:38:00,197,197,197,197,0
2021-11-29 11:39:00,197,197,197,197,0
2021-11-29 11:40:00,197,197,197,197,0
2021-11-29 11:41:00,197,197,197,197,0
2021-11-29 11:42:00,197,197,197,197,0
2021-11-29 11:43:00,197,197,197,197,0
2021-11-29 11:44:00,197,197,197,197,0
2021-11-29 11:45:00,197,197,197,197,0
2021-11-29 11:46:00,197,197,197,197,0
2021-11-29 11:47:00,197,197,197,197,0
2021-11-29 11:48:00,197,197,197,197,0
2021-11-29 11:49:00,197,197,197,197,0
2021-11-29 11:50:00,197,197,197,197,0
2021-11-29 11:51:00,197,197,197,197,0
2021-11-29 11:52:00,197,197,197,197,0
2021-11-29 11:53:00,197,197,197,197,0
2021-11-29 11:54:00,197,197,197,197,0
2021-11-29 11:55:00,197,197,197,197,0
2021-11-29 11:56:00,197,197,197,197,0
2021-11-29 11:57:00,197,197,197,197,0
2021-11-29 11:58:00,197,197,197,197,0
2021-11-29 11:59:00,197,197,197,197,0
2021-11-29 12:00:00,197,197,197,197,0
2021-11-29 12:01:00,197,197,197,197,0
2021-11-29 12:02:00,197,197,197,197,0
2021-11-29 12:03:00,197,197,197,197,0
2021-11-29 12:04:00,197,197,197,197,0
2021-11-29 12:05:00,197,197,197,197,0
2021-11-29 12:06:00,197,197,197,197,0
2021-11-29 12:07:00,197,197,197,197,0
2021-11-29 12:08:00,197,197,197,197,0
2021-11-29 12:09:00,197,197,197,197,0
2021-11-29 12:10:00,197,197,197,197,0
2021-11-29 12:11:00,197,197,197,197,0
2021-11-29 12:12:00,197,197,197,197,0
2021-11-29 12:13:00,197,197,197,197,0
2021-11-29 12:14:00,197,197,197,197,0
2021-11-29 12:15:00,197,197,197,197,0
2021-11-29 12:16:00,197,197,197,197,0
2021-11-29 12:17:00,197,197,197,197,0
2021-11-29 12:18:00,197,197,197,197,0
2021-11-29 12:19:00,197,197,197,197,0
2021-11-29 12:20:00,197,197,197,197,0
2021-11-29 12:21:00,197,197,197,197,0
2021-11-29 12:22:00,197,197,197,197,0
2021-11-29 12:23:00,197,197,197,197,0
2021-11-29 12:24:00,197,197,197,197,0
2021-11-29 12:25:00,197,197,197,197,0
2021-11-29 12:26:00,197,197,197,197,0
2021-11-29 12:27:00,197,197,197,197,0
2021-11-29 12:28:00,197,197,197,197,0
2021-11-29 12:29:00,197,197,197,197,0
2021-11-29 12:30:00,197,197,197,197,0
2021-11-29 12:31:00,197,197,197,197,0
2021-11-29 12:32:00,197,197,197,197,0
2021-11-29 12:33:00,197,197,197,197,0
2021-11-29 12:34:00,197,197,197,197,0
2021-11-29 12:35:00,197,197,197,197,0
2021-11-29 12:36:00,197,197,197,197,0
2021-11-29 12:37:00,197,197,197,197,0
2021-11-29 12:38:00,197,197,197,197,0
2021-11-29 12:39:00,197,197,197,197,0
2021-11-29 12:40:00,197,197,197,197,0
2021-11-29 12:41:00,197,197,197,197,0
2021-11-29 12:42:00,197,197,197,197,0
2021-11-29 12:43:00,197,197,197,197,0
2021-11-29 12:44:00,197,197,197,197,0
2021-11-29 12:45:00,197,197,197,197,0
2021-11-29 12:46:00,197,197,197,197,0
2021-11-29 12:47:00,197,197,197,197,0
2021-11-29 12:48:00,197,197,197,197,0
2021-11-29 12:49:00,197,197,197,197,0
2021-11-29 12:50:00,197,197,197,197,0
2021-11-29 12:51:00,197,197,197,197,0
2021-11-29 12:52:00,197,197,197,197,0
2021-11-29 12:53:00,197,197,197,197,0
2021-11-29 12:54:00,197,197,197,197,0
2021-11-29 12:55:00,197,197,197,197,0
2021-11-29 12:56:00,197,197,197,197,0
2021-11-29 12:57:00,197,197,197,197,0
2021-11-29 12:58:00,197,197,197,197,0
2021-11-29 12:59:00,197,197,197,197,0
2021-11-29 13:00:00,197,197,197,197,0
2021-11-29 13:01:00,197,197,197,197,0
2021-11-29 13:02:00,197,197,197,197,0
2021-11-29 13:03:00,197,197,197,197,0
2021-11-29 13:04:00,197,197,197,197,0
2021-11-29 13:05:00,197,197,197,197,0
2021-11-29 13:06:00,197,197,197,197,0
2021-11-29 13:07:00,197,197,197,197,0
2021-11-29 13:08:00,197,197,197,197,0
2021-11-29 13:09:00,197,197,197,197,0
2021-11-29 13:10:00,197,197,197,197,0
2021-11-29 13:11:00,197,197,197,197,0
2021-11-29 13:12:00,197,197,197,197,0
2021-11-29 13:13:00,197,197,197,197,0
2021-11-29 13:14:00,197,197,197,197,0
2021-11-29 13:15:00,197,197,197,197,0
2021-11-29 13:16:00,197,197,197,197,0
2021-11-29 13:17:00,197,197,197,197,0
2021-11-29 13:18:00,197,197,197,197,0
2021-11-29 13:19:00,197,197,197,197,0
2021-11-29 13:20:00,197,197,197,197,0
2021-11-29 13:21:00,197,197,197,197,0
2021-11-29 13:22:00,197,197,197,197,0
2021-11-29 13:23:00,197,197,197,197,0
2021-11-29 13:24:00,197,197,197,197,0
2021-11-29 13:25:00,197,197,197,197,0
2021-11-29 13:26:00,197,197,197,197,0
2021-11-29 13:27:00,197,197,197,197,0
2021-11-29 13:28:00,197,197,197,197,0
2021-11-29 13:29:00,197,197,197,197,0
2021-11-29 13:30:00,197,196,197,196,3000
2021-11-29 13:31:00,197,197,197,197,2800
2021-11-29 13:32:00,197,197,197,197,0
2021-11-29 13:33:00,197,197,197,197,5000
2021-11-29 13:34:00,197,196,197,196,27400
2021-11-29 13:35:00,197,197,197,197,700
2021-11-29 13:36:00,197,197,197,197,0
2021-11-29 13:37:00,197,197,197,197,0
2021-11-29 13:38:00,197,197,197,197,0
2021-11-29 13:39:00,197,197,197,197,0
2021-11-29 13:40:00,196,196,196,196,100
2021-11-29 13:41:00,196,196,196,196,0
2021-11-29 13:42:00,197,197,197,197,30000
2021-11-29 13:43:00,197,197,197,197,0
2021-11-29 13:44:00,197,197,197,197,0
2021-11-29 13:45:00,196,196,196,196,17000
2021-11-29 13:46:00,197,196,197,196,6500
2021-11-29 13:47:00,197,197,197,197,100
2021-11-29 13:48:00,196,196,197,197,1100
2021-11-29 13:49:00,196,196,197,197,0
2021-11-29 13:50:00,196,196,197,197,0
2021-11-29 13:51:00,196,196,197,197,0
2021-11-29 13:52:00,196,196,196,196,100
2021-11-29 13:53:00,196,196,196,196,7500
2021-11-29 13:54:00,196,196,196,196,0
2021-11-29 13:55:00,196,196,196,196,0
2021-11-29 13:56:00,196,196,196,196,100
2021-11-29 13:57:00,196,196,196,196,0
2021-11-29 13:58:00,196,196,196,196,5000
2021-11-29 13:59:00,196,196,196,196,7000
2021-11-29 14:00:00,196,196,196,196,0
2021-11-29 14:01:00,196,196,196,196,4400
2021-11-29 14:02:00,196,196,196,196,0
2021-11-29 14:03:00,196,196,196,196,0
2021-11-29 14:04:00,196,196,196,196,50000
2021-11-29 14:05:00,196,196,196,196,0
2021-11-29 14:06:00,196,196,196,196,55500
2021-11-29 14:07:00,196,196,196,196,1000
2021-11-29 14:08:00,196,196,196,196,77000
2021-11-29 14:09:00,196,196,196,196,39800
2021-11-29 14:10:00,196,196,196,196,25000
2021-11-29 14:11:00,196,195,196,195,2300
2021-11-29 14:12:00,196,196,196,196,10000
2021-11-29 14:13:00,196,196,196,196,105800
2021-11-29 14:14:00,196,196,196,196,5000
2021-11-29 14:15:00,196,196,196,196,36600
2021-11-29 14:16:00,196,196,196,196,0
2021-11-29 14:17:00,196,196,196,196,0
2021-11-29 14:18:00,196,196,196,196,100
2021-11-29 14:19:00,195,195,195,195,50000
2021-11-29 14:20:00,195,195,195,195,0
2021-11-29 14:21:00,195,195,196,195,7900
2021-11-29 14:22:00,195,195,195,195,37000
2021-11-29 14:23:00,195,195,195,195,133500
2021-11-29 14:24:00,195,195,195,195,0
2021-11-29 14:25:00,195,195,195,195,0
2021-11-29 14:26:00,195,195,195,195,100000
2021-11-29 14:27:00,195,195,195,195,4200
2021-11-29 14:28:00,195,195,195,195,177000
2021-11-29 14:29:00,195,195,195,195,10000
2021-11-29 14:30:00,195,195,195,195,6000
2021-11-29 14:31:00,195,195,195,195,20400
2021-11-29 14:32:00,194,194,194,194,800
2021-11-29 14:33:00,195,194,195,194,149000
2021-11-29 14:34:00,195,194,195,194,0
2021-11-29 14:35:00,196,195,196,195,20200
2021-11-29 14:36:00,196,196,196,196,2200
2021-11-29 14:37:00,196,196,196,196,0
2021-11-29 14:38:00,195,195,195,195,5000
2021-11-29 14:39:00,195,195,195,195,0
2021-11-29 14:40:00,195,195,195,195,5100
2021-11-29 14:41:00,195,195,195,195,13000
2021-11-29 14:42:00,195,195,195,195,0
2021-11-29 14:43:00,195,195,195,195,0
2021-11-29 14:44:00,195,195,195,195,0
2021-11-29 14:45:00,195,195,195,195,120500
2021-11-29 14:46:00,195,195,195,195,50500
2021-11-29 14:47:00,195,195,195,195,0
2021-11-29 14:48:00,196,195,196,195,1100
2021-11-29 14:49:00,195,194,195,195,41100
2021-11-29 14:50:00,195,194,195,195,0
2021-11-29 14:51:00,195,194,195,195,0
2021-11-29 14:52:00,195,194,195,195,0
2021-11-29 14:53:00,195,194,195,195,0
2021-11-29 14:54:00,195,194,195,195,0
2021-11-29 14:55:00,195,194,195,195,0
2021-11-29 14:56:00,195,194,195,195,0
2021-11-29 14:57:00,195,194,195,195,0
2021-11-29 14:58:00,195,194,195,195,0
2021-11-29 14:59:00,195,194,195,195,0
2021-11-29 15:00:00,194,194,194,194,685300
2021-11-29 15:01:00,194,194,194,194,0
2021-11-29 15:02:00,194,194,194,194,0
2021-11-29 15:03:00,194,194,194,194,0
2021-11-29 15:04:00,194,194,194,194,0
2021-11-29 15:05:00,194,194,194,194,187500
2021-11-29 15:06:00,194,194,194,194,0
2021-11-29 15:07:00,194,194,194,194,50000
2021-11-29 15:08:00,194,194,194,194,40000
2021-11-29 15:09:00,194,194,194,194,271600
2021-11-29 15:10:00,194,194,194,194,2000
2021-11-29 15:11:00,194,194,194,194,0
2021-11-29 15:12:00,194,194,194,194,0
2021-11-29 15:13:00,194,194,194,194,0
2021-11-29 15:14:00,194,194,194,194,0
2021-11-29 15:15:00,194,194,194,194,0
2021-11-29 15:16:00,194,194,194,194,0
2021-11-29 15:17:00,194,194,194,194,0
2021-11-29 15:18:00,194,194,194,194,0
2021-11-29 15:19:00,194,194,194,194,0
2021-11-29 15:20:00,194,194,194,194,0
2021-11-29 15:21:00,194,194,194,194,0
2021-11-29 15:22:00,194,194,194,194,0
2021-11-29 15:23:00,194,194,194,194,0
2021-11-29 15:24:00,194,194,194,194,0
2021-11-29 15:25:00,194,194,194,194,0
2021-11-29 15:26:00,194,194,194,194,0
2021-11-29 15:27:00,194,194,194,194,0
2021-11-29 15:28:00,194,194,194,194,0
2021-11-29 15:29:00,194,194,194,194,0
2021-11-29 15:30:00,194,194,194,194,0
2021-11-29 15:31:00,194,194,194,194,0
2021-11-29 15:32:00,194,194,194,194,0
2021-11-29 15:33:00,194,194,194,194,0
2021-11-29 15:34:00,194,194,194,194,0
2021-11-29 15:35:00,194,194,194,194,0
2021-11-29 15:36:00,194,194,194,194,0
2021-11-29 15:37:00,194,194,194,194,0
2021-11-29 15:38:00,194,194,194,194,0
2021-11-29 15:39:00,194,194,194,194,0
2021-11-29 15:40:00,194,194,194,194,0
2021-11-29 15:41:00,194,194,194,194,0
2021-11-29 15:42:00,194,194,194,194,0
2021-11-29 15:43:00,194,194,194,194,0
2021-11-29 15:44:00,194,194,194,194,0
2021-11-29 15:45:00,194,194,194,194,0
2021-11-29 15:46:00,194,194,194,194,0
2021-11-29 15:47:00,194,194,194,194,0
2021-11-29 15:48:00,194,194,194,194,0
2021-11-29 15:49:00,194,194,194,194,0
2021-11-29 15:50:00,194,194,194,194,0
2021-11-29 15:51:00,194,194,194,194,0
2021-11-29 15:52:00,194,194,194,194,0
2021-11-29 15:53:00,194,194,194,194,0
2021-11-29 15:54:00,194,194,194,194,0
2021-11-29 15:55:00,194,194,194,194,0
2021-11-29 15:56:00,194,194,194,194,0
2021-11-29 15:57:00,194,194,194,194,0
2021-11-29 15:58:00,194,194,194,194,0
2021-11-29 15:59:00,194,194,194,194,0
2021-11-30 09:00:00,194,194,195,195,0
2021-11-30 09:01:00,194,194,195,195,0
2021-11-30 09:02:00,195,194,195,194,50100
2021-11-30 09:03:00,196,196,196,196,300
2021-11-30 09:04:00,196,196,196,196,50000
2021-11-30 09:05:00,196,196,196,196,0
2021-11-30 09:06:00,196,196,196,196,0
2021-11-30 09:07:00,196,195,196,195,21200
2021-11-30 09:08:00,196,196,196,196,5600
2021-11-30 09:09:00,196,196,196,196,200
2021-11-30 09:10:00,196,195,196,195,26000
2021-11-30 09:11:00,196,195,196,195,112100
2021-11-30 09:12:00,195,195,195,195,200
2021-11-30 09:13:00,196,196,196,196,15000
2021-11-30 09:14:00,196,196,196,196,0
2021-11-30 09:15:00,196,196,196,196,76000
2021-11-30 09:16:00,196,196,196,196,5000
2021-11-30 09:17:00,196,196,196,196,0
2021-11-30 09:18:00,196,196,196,196,0
2021-11-30 09:19:00,195,195,195,195,10000
2021-11-30 09:20:00,195,195,195,195,1500
2021-11-30 09:21:00,195,195,195,195,5800
2021-11-30 09:22:00,196,196,196,196,200
2021-11-30 09:23:00,196,196,196,196,25600
2021-11-30 09:24:00,195,195,195,195,400
2021-11-30 09:25:00,195,195,195,195,0
2021-11-30 09:26:00,195,195,195,195,0
2021-11-30 09:27:00,196,196,196,196,500
2021-11-30 09:28:00,196,195,196,196,12400
2021-11-30 09:29:00,196,195,196,196,0
2021-11-30 09:30:00,195,195,195,195,7000
2021-11-30 09:31:00,195,195,195,195,0
2021-11-30 09:32:00,195,195,195,195,4000
2021-11-30 09:33:00,196,196,196,196,12500
2021-11-30 09:34:00,196,196,196,196,0
2021-11-30 09:35:00,195,195,195,195,22000
2021-11-30 09:36:00,195,195,195,195,5000
2021-11-30 09:37:00,196,196,196,196,2200
2021-11-30 09:38:00,196,196,196,196,0
2021-11-30 09:39:00,195,195,195,195,116800
2021-11-30 09:40:00,195,194,195,194,9000
2021-11-30 09:41:00,195,194,195,194,20700
2021-11-30 09:42:00,194,194,194,194,10500
2021-11-30 09:43:00,194,194,194,194,10000
2021-11-30 09:44:00,194,194,194,194,259600
2021-11-30 09:45:00,193,192,193,193,196200
2021-11-30 09:46:00,193,193,193,193,13800
2021-11-30 09:47:00,194,193,194,194,20400
2021-11-30 09:48:00,193,193,193,193,105600
2021-11-30 09:49:00,193,193,193,193,0
2021-11-30 09:50:00,193,193,193,193,161300
2021-11-30 09:51:00,194,194,194,194,20000
2021-11-30 09:52:00,194,193,194,193,35000
2021-11-30 09:53:00,194,194,194,194,1000
2021-11-30 09:54:00,194,193,194,193,16000
2021-11-30 09:55:00,193,192,193,192,316000
2021-11-30 09:56:00,193,192,193,192,80000
2021-11-30 09:57:00,192,192,192,192,30200
2021-11-30 09:58:00,193,193,193,193,50000
2021-11-30 09:59:00,193,193,193,193,100000
2021-11-30 10:00:00,193,193,193,193,0
2021-11-30 10:01:00,193,192,193,192,278300
2021-11-30 10:02:00,193,192,193,192,0
2021-11-30 10:03:00,193,193,193,193,100000
2021-11-30 10:04:00,194,194,194,194,300
2021-11-30 10:05:00,193,193,194,194,2000
2021-11-30 10:06:00,194,193,194,193,5800
2021-11-30 10:07:00,193,193,193,193,6200
2021-11-30 10:08:00,194,194,194,194,600
2021-11-30 10:09:00,194,194,194,194,90600
2021-11-30 10:10:00,194,194,194,194,0
2021-11-30 10:11:00,194,194,194,194,52700
2021-11-30 10:12:00,194,194,194,194,0
2021-11-30 10:13:00,194,194,194,194,0
2021-11-30 10:14:00,194,194,194,194,0
2021-11-30 10:15:00,194,194,194,194,7600
2021-11-30 10:16:00,194,194,194,194,0
2021-11-30 10:17:00,194,194,194,194,0
2021-11-30 10:18:00,194,194,194,194,0
2021-11-30 10:19:00,194,194,194,194,6000
2021-11-30 10:20:00,194,194,194,194,21300
2021-11-30 10:21:00,195,195,195,195,100
2021-11-30 10:22:00,194,194,194,194,5000
2021-11-30 10:23:00,194,194,194,194,0
2021-11-30 10:24:00,194,194,194,194,23000
2021-11-30 10:25:00,194,194,194,194,100
2021-11-30 10:26:00,194,194,194,194,28400
2021-11-30 10:27:00,194,194,194,194,1600
2021-11-30 10:28:00,194,194,194,194,0
2021-11-30 10:29:00,194,194,194,194,0
2021-11-30 10:30:00,194,194,194,194,2000
2021-11-30 10:31:00,194,194,194,194,0
2021-11-30 10:32:00,194,194,194,194,6200
2021-11-30 10:33:00,193,193,194,194,1700
2021-11-30 10:34:00,194,194,194,194,5000
2021-11-30 10:35:00,194,194,194,194,0
2021-11-30 10:36:00,193,193,194,194,33400
2021-11-30 10:37:00,193,193,194,194,0
2021-11-30 10:38:00,194,194,194,194,100
2021-11-30 10:39:00,194,194,194,194,100
2021-11-30 10:40:00,194,193,194,193,300
2021-11-30 10:41:00,193,193,193,193,61500
2021-11-30 10:42:00,193,193,193,193,52900
2021-11-30 10:43:00,194,194,194,194,3000
2021-11-30 10:44:00,194,194,194,194,10000
2021-11-30 10:45:00,193,193,193,193,1500
2021-11-30 10:46:00,193,193,193,193,0
2021-11-30 10:47:00,193,193,193,193,400
2021-11-30 10:48:00,193,193,194,194,5500
2021-11-30 10:49:00,193,193,193,193,3300
2021-11-30 10:50:00,193,193,193,193,0
2021-11-30 10:51:00,194,194,194,194,72700
2021-11-30 10:52:00,194,194,194,194,0
2021-11-30 10:53:00,194,194,194,194,0
2021-11-30 10:54:00,193,193,194,194,10500
2021-11-30 10:55:00,194,194,194,194,26500
2021-11-30 10:56:00,194,194,194,194,20000
2021-11-30 10:57:00,194,194,194,194,0
2021-11-30 10:58:00,194,194,194,194,0
2021-11-30 10:59:00,194,194,194,194,0
2021-11-30 11:00:00,194,194,194,194,0
2021-11-30 11:01:00,194,194,195,194,93900
2021-11-30 11:02:00,194,194,194,194,15000
2021-11-30 11:03:00,194,194,194,194,0
2021-11-30 11:04:00,194,194,194,194,0
2021-11-30 11:05:00,194,194,195,195,241000
2021-11-30 11:06:00,196,196,196,196,1500
2021-11-30 11:07:00,196,196,196,196,0
2021-11-30 11:08:00,196,196,196,196,0
2021-11-30 11:09:00,196,196,196,196,0
2021-11-30 11:10:00,196,196,196,196,0
2021-11-30 11:11:00,195,195,195,195,1000
2021-11-30 11:12:00,195,195,195,195,2000
2021-11-30 11:13:00,195,195,195,195,0
2021-11-30 11:14:00,195,195,195,195,0
2021-11-30 11:15:00,195,195,195,195,0
2021-11-30 11:16:00,195,195,195,195,0
2021-11-30 11:17:00,195,195,195,195,0
2021-11-30 11:18:00,194,194,194,194,79000
2021-11-30 11:19:00,193,193,193,193,377600
2021-11-30 11:20:00,193,193,193,193,0
2021-11-30 11:21:00,193,193,193,193,0
2021-11-30 11:22:00,193,193,193,193,0
2021-11-30 11:23:00,193,193,193,193,7000
2021-11-30 11:24:00,193,193,193,193,2000
2021-11-30 11:25:00,193,193,193,193,100
2021-11-30 11:26:00,193,193,193,193,0
2021-11-30 11:27:00,193,193,193,193,0
2021-11-30 11:28:00,193,193,193,193,0
2021-11-30 11:29:00,193,193,193,193,0
2021-11-30 11:30:00,193,193,193,193,0
2021-11-30 11:31:00,193,193,193,193,0
2021-11-30 11:32:00,193,193,193,193,0
2021-11-30 11:33:00,193,193,193,193,0
2021-11-30 11:34:00,193,193,193,193,0
2021-11-30 11:35:00,193,193,193,193,0
2021-11-30 11:36:00,193,193,193,193,0
2021-11-30 11:37:00,193,193,193,193,0
2021-11-30 11:38:00,193,193,193,193,0
2021-11-30 11:39:00,193,193,193,193,0
2021-11-30 11:40:00,193,193,193,193,0
2021-11-30 11:41:00,193,193,193,193,0
2021-11-30 11:42:00,193,193,193,193,0
2021-11-30 11:43:00,193,193,193,193,0
2021-11-30 11:44:00,193,193,193,193,0
2021-11-30 11:45:00,193,193,193,193,0
2021-11-30 11:46:00,193,193,193,193,0
2021-11-30 11:47:00,193,193,193,193,0
2021-11-30 11:48:00,193,193,193,193,0
2021-11-30 11:49:00,193,193,193,193,0
2021-11-30 11:50:00,193,193,193,193,0
2021-11-30 11:51:00,193,193,193,193,0
2021-11-30 11:52:00,193,193,193,193,0
2021-11-30 11:53:00,193,193,193,193,0
2021-11-30 11:54:00,193,193,193,193,0
2021-11-30 11:55:00,193,193,193,193,0
2021-11-30 11:56:00,193,193,193,193,0
2021-11-30 11:57:00,193,193,193,193,0
2021-11-30 11:58:00,193,193,193,193,0
2021-11-30 11:59:00,193,193,193,193,0
2021-11-30 12:00:00,193,193,193,193,0
2021-11-30 12:01:00,193,193,193,193,0
2021-11-30 12:02:00,193,193,193,193,0
2021-11-30 12:03:00,193,193,193,193,0
2021-11-30 12:04:00,193,193,193,193,0
2021-11-30 12:05:00,193,193,193,193,0
2021-11-30 12:06:00,193,193,193,193,0
2021-11-30 12:07:00,193,193,193,193,0
2021-11-30 12:08:00,193,193,193,193,0
2021-11-30 12:09:00,193,193,193,193,0
2021-11-30 12:10:00,193,193,193,193,0
2021-11-30 12:11:00,193,193,193,193,0
2021-11-30 12:12:00,193,193,193,193,0
2021-11-30 12:13:00,193,193,193,193,0
2021-11-30 12:14:00,193,193,193,193,0
2021-11-30 12:15:00,193,193,193,193,0
2021-11-30 12:16:00,193,193,193,193,0
2021-11-30 12:17:00,193,193,193,193,0
2021-11-30 12:18:00,193,193,193,193,0
2021-11-30 12:19:00,193,193,193,193,0
2021-11-30 12:20:00,193,193,193,193,0
2021-11-30 12:21:00,193,193,193,193,0
2021-11-30 12:22:00,193,193,193,193,0
2021-11-30 12:23:00,193,193,193,193,0
2021-11-30 12:24:00,193,193,193,193,0
2021-11-30 12:25:00,193,193,193,193,0
2021-11-30 12:26:00,193,193,193,193,0
2021-11-30 12:27:00,193,193,193,193,0
2021-11-30 12:28:00,193,193,193,193,0
2021-11-30 12:29:00,193,193,193,193,0
2021-11-30 12:30:00,193,193,193,193,0
2021-11-30 12:31:00,193,193,193,193,0
2021-11-30 12:32:00,193,193,193,193,0
2021-11-30 12:33:00,193,193,193,193,0
2021-11-30 12:34:00,193,193,193,193,0
2021-11-30 12:35:00,193,193,193,193,0
2021-11-30 12:36:00,193,193,193,193,0
2021-11-30 12:37:00,193,193,193,193,0
2021-11-30 12:38:00,193,193,193,193,0
2021-11-30 12:39:00,193,193,193,193,0
2021-11-30 12:40:00,193,193,193,193,0
2021-11-30 12:41:00,193,193,193,193,0
2021-11-30 12:42:00,193,193,193,193,0
2021-11-30 12:43:00,193,193,193,193,0
2021-11-30 12:44:00,193,193,193,193,0
2021-11-30 12:45:00,193,193,193,193,0
2021-11-30 12:46:00,193,193,193,193,0
2021-11-30 12:47:00,193,193,193,193,0
2021-11-30 12:48:00,193,193,193,193,0
2021-11-30 12:49:00,193,193,193,193,0
2021-11-30 12:50:00,193,193,193,193,0
2021-11-30 12:51:00,193,193,193,193,0
2021-11-30 12:52:00,193,193,193,193,0
2021-11-30 12:53:00,193,193,193,193,0
2021-11-30 12:54:00,193,193,193,193,0
2021-11-30 12:55:00,193,193,193,193,0
2021-11-30 12:56:00,193,193,193,193,0
2021-11-30 12:57:00,193,193,193,193,0
2021-11-30 12:58:00,193,193,193,193,0
2021-11-30 12:59:00,193,193,193,193,0
2021-11-30 13:00:00,193,193,193,193,0
2021-11-30 13:01:00,193,193,193,193,0
2021-11-30 13:02:00,193,193,193,193,0
2021-11-30 13:03:00,193,193,193,193,0
2021-11-30 13:04:00,193,193,193,193,0
2021-11-30 13:05:00,193,193,193,193,0
2021-11-30 13:06:00,193,193,193,193,0
2021-11-30 13:07:00,193,193,193,193,0
2021-11-30 13:08:00,193,193,193,193,0
2021-11-30 13:09:00,193,193,193,193,0
2021-11-30 13:10:00,193,193,193,193,0
2021-11-30 13:11:00,193,193,193,193,0
2021-11-30 13:12:00,193,193,193,193,0
2021-11-30 13:13:00,193,193,193,193,0
2021-11-30 13:14:00,193,193,193,193,0
2021-11-30 13:15:00,193,193,193,193,0
2021-11-30 13:16:00,193,193,193,193,0
2021-11-30 13:17:00,193,193,193,193,0
2021-11-30 13:18:00,193,193,193,193,0
2021-11-30 13:19:00,193,193,193,193,0
2021-11-30 13:20:00,193,193,193,193,0
2021-11-30 13:21:00,193,193,193,193,0
2021-11-30 13:22:00,193,193,193,193,0
2021-11-30 13:23:00,193,193,193,193,0
2021-11-30 13:24:00,193,193,193,193,0
2021-11-30 13:25:00,193,193,193,193,0
2021-11-30 13:26:00,193,193,193,193,0
2021-11-30 13:27:00,193,193,193,193,0
2021-11-30 13:28:00,193,193,193,193,0
2021-11-30 13:29:00,193,193,193,193,0
2021-11-30 13:30:00,194,193,194,193,1072800
2021-11-30 13:31:00,193,193,193,193,110700
2021-11-30 13:32:00,193,193,193,193,0
2021-11-30 13:33:00,193,193,193,193,20400
2021-11-30 13:34:00,193,192,193,192,5700
2021-11-30 13:35:00,193,192,193,192,434700
2021-11-30 13:36:00,192,191,192,191,189400
2021-11-30 13:37:00,191,191,192,191,47600
2021-11-30 13:38:00,191,191,192,192,5000
2021-11-30 13:39:00,192,192,192,192,4000
2021-11-30 13:40:00,192,191,192,192,167300
2021-11-30 13:41:00,192,191,192,192,7100
2021-11-30 13:42:00,192,192,192,192,3100
2021-11-30 13:43:00,192,191,192,192,6300
2021-11-30 13:44:00,192,192,192,192,14900
2021-11-30 13:45:00,191,191,192,192,67700
2021-11-30 13:46:00,192,192,192,192,5000
2021-11-30 13:47:00,192,192,192,192,15900
2021-11-30 13:48:00,192,192,192,192,35400
2021-11-30 13:49:00,192,192,192,192,0
2021-11-30 13:50:00,193,193,193,193,100
2021-11-30 13:51:00,192,192,192,192,900
2021-11-30 13:52:00,192,192,192,192,7600
2021-11-30 13:53:00,192,192,192,192,0
2021-11-30 13:54:00,192,192,192,192,7000
2021-11-30 13:55:00,191,191,191,191,137300
2021-11-30 13:56:00,191,191,191,191,5500
2021-11-30 13:57:00,191,191,191,191,118100
2021-11-30 13:58:00,191,191,191,191,11200
2021-11-30 13:59:00,192,192,192,192,300
2021-11-30 14:00:00,191,190,191,190,635200
2021-11-30 14:01:00,190,190,191,191,14800
2021-11-30 14:02:00,190,190,191,190,358900
2021-11-30 14:03:00,190,190,191,191,5100
2021-11-30 14:04:00,191,190,191,190,6100
2021-11-30 14:05:00,190,190,190,190,209100
2021-11-30 14:06:00,190,190,190,190,0
2021-11-30 14:07:00,191,191,191,191,122100
2021-11-30 14:08:00,191,191,191,191,135700
2021-11-30 14:09:00,191,191,191,191,394000
2021-11-30 14:10:00,191,191,191,191,0
2021-11-30 14:11:00,191,191,191,191,20800
2021-11-30 14:12:00,191,191,191,191,600
2021-11-30 14:13:00,191,191,191,191,1000
2021-11-30 14:14:00,191,191,191,191,100000
2021-11-30 14:15:00,191,191,191,191,5500
2021-11-30 14:16:00,191,190,191,190,56800
2021-11-30 14:17:00,191,190,191,190,0
2021-11-30 14:18:00,190,190,190,190,1000
2021-11-30 14:19:00,191,190,191,190,8000
2021-11-30 14:20:00,190,190,191,191,6800
2021-11-30 14:21:00,190,190,190,190,2700
2021-11-30 14:22:00,191,191,191,191,900
2021-11-30 14:23:00,191,191,191,191,31000
2021-11-30 14:24:00,190,190,190,190,105000
2021-11-30 14:25:00,191,191,191,191,100
2021-11-30 14:26:00,191,191,191,191,0
2021-11-30 14:27:00,191,191,191,191,2100
2021-11-30 14:28:00,190,190,190,190,5000
2021-11-30 14:29:00,190,190,190,190,3000
2021-11-30 14:30:00,191,190,191,190,10000
2021-11-30 14:31:00,191,190,191,190,0
2021-11-30 14:32:00,190,190,191,191,19000
2021-11-30 14:33:00,190,190,190,190,29300
2021-11-30 14:34:00,190,190,191,191,596500
2021-11-30 14:35:00,191,191,191,191,50000
2021-11-30 14:36:00,191,190,191,190,26300
2021-11-30 14:37:00,191,191,191,191,100
2021-11-30 14:38:00,191,191,191,191,2800
2021-11-30 14:39:00,190,190,191,191,18700
2021-11-30 14:40:00,191,190,191,191,105600
2021-11-30 14:41:00,191,191,191,191,3000
2021-11-30 14:42:00,191,191,191,191,7000
2021-11-30 14:43:00,191,191,191,191,0
2021-11-30 14:44:00,191,191,191,191,100
2021-11-30 14:45:00,191,191,191,191,0
2021-11-30 14:46:00,191,190,191,190,103600
2021-11-30 14:47:00,190,190,191,191,128000
2021-11-30 14:48:00,190,190,191,191,111800
2021-11-30 14:49:00,190,190,191,191,4000
2021-11-30 14:50:00,190,190,191,191,0
2021-11-30 14:51:00,190,190,191,191,0
2021-11-30 14:52:00,190,190,191,191,0
2021-11-30 14:53:00,190,190,191,191,0
2021-11-30 14:54:00,190,190,191,191,0
2021-11-30 14:55:00,190,190,191,191,0
2021-11-30 14:56:00,190,190,191,191,0
2021-11-30 14:57:00,190,190,191,191,0
2021-11-30 14:58:00,190,190,191,191,0
2021-11-30 14:59:00,190,190,191,191,0
2021-11-30 15:00:00,191,191,191,191,486300
2021-11-30 15:01:00,191,191,191,191,0
2021-11-30 15:02:00,191,191,191,191,0
2021-11-30 15:03:00,191,191,191,191,0
2021-11-30 15:04:00,191,191,191,191,0
2021-11-30 15:05:00,191,191,191,191,100000
2021-11-30 15:06:00,191,191,191,191,0
2021-11-30 15:07:00,191,191,191,191,10000
2021-11-30 15:08:00,191,191,191,191,3600
2021-11-30 15:09:00,191,191,191,191,65900
2021-11-30 15:10:00,191,191,191,191,114100
2021-11-30 15:11:00,191,191,191,191,10000
2021-11-30 15:12:00,191,191,191,191,0
2021-11-30 15:13:00,191,191,191,191,200
2021-11-30 15:14:00,191,191,191,191,0
2021-11-30 15:15:00,191,191,191,191,0
2021-11-30 15:16:00,191,191,191,191,0
2021-11-30 15:17:00,191,191,191,191,0
2021-11-30 15:18:00,191,191,191,191,0
2021-11-30 15:19:00,191,191,191,191,0
2021-11-30 15:20:00,191,191,191,191,0
2021-11-30 15:21:00,191,191,191,191,0
2021-11-30 15:22:00,191,191,191,191,0
2021-11-30 15:23:00,191,191,191,191,0
2021-11-30 15:24:00,191,191,191,191,0
2021-11-30 15:25:00,191,191,191,191,0
2021-11-30 15:26:00,191,191,191,191,0
2021-11-30 15:27:00,191,191,191,191,0
2021-11-30 15:28:00,191,191,191,191,0
2021-11-30 15:29:00,191,191,191,191,0
2021-11-30 15:30:00,191,191,191,191,0
2021-11-30 15:31:00,191,191,191,191,0
2021-11-30 15:32:00,191,191,191,191,0
2021-11-30 15:33:00,191,191,191,191,0
2021-11-30 15:34:00,191,191,191,191,0
2021-11-30 15:35:00,191,191,191,191,0
2021-11-30 15:36:00,191,191,191,191,0
2021-11-30 15:37:00,191,191,191,191,0
2021-11-30 15:38:00,191,191,191,191,0
2021-11-30 15:39:00,191,191,191,191,0
2021-11-30 15:40:00,191,191,191,191,0
2021-11-30 15:41:00,191,191,191,191,0
2021-11-30 15:42:00,191,191,191,191,0
2021-11-30 15:43:00,191,191,191,191,0
2021-11-30 15:44:00,191,191,191,191,0
2021-11-30 15:45:00,191,191,191,191,0
2021-11-30 15:46:00,191,191,191,191,0
2021-11-30 15:47:00,191,191,191,191,0
2021-11-30 15:48:00,191,191,191,191,0
2021-11-30 15:49:00,191,191,191,191,0
2021-11-30 15:50:00,191,191,191,191,0
2021-11-30 15:51:00,191,191,191,191,0
2021-11-30 15:52:00,191,191,191,191,0
2021-11-30 15:53:00,191,191,191,191,0
2021-11-30 15:54:00,191,191,191,191,0
2021-11-30 15:55:00,191,191,191,191,0
2021-11-30 15:56:00,191,191,191,191,0
2021-11-30 15:57:00,191,191,191,191,0
2021-11-30 15:58:00,191,191,191,191,0
2021-11-30 15:59:00,191,191,191,191,0
2021-12-01 09:00:00,186,186,193,193,0
2021-12-01 09:01:00,191,191,192,192,99400
2021-12-01 09:02:00,192,192,192,192,54600
2021-12-01 09:03:00,192,191,192,191,56400
2021-12-01 09:04:00,192,191,192,192,295200
2021-12-01 09:05:00,192,191,192,192,0
2021-12-01 09:06:00,192,192,192,192,48400
2021-12-01 09:07:00,192,192,193,193,90700
2021-12-01 09:08:00,193,193,193,193,18700
2021-12-01 09:09:00,194,193,194,193,12800
2021-12-01 09:10:00,193,193,193,193,300
2021-12-01 09:11:00,193,192,194,192,110100
2021-12-01 09:12:00,193,192,193,192,22100
2021-12-01 09:13:00,193,193,194,194,12000
2021-12-01 09:14:00,193,193,194,194,62200
2021-12-01 09:15:00,194,192,194,192,25000
2021-12-01 09:16:00,193,193,194,194,50200
2021-12-01 09:17:00,194,194,194,194,100
2021-12-01 09:18:00,194,193,194,193,72900
2021-12-01 09:19:00,193,193,193,193,42700
2021-12-01 09:20:00,192,192,193,193,5500
2021-12-01 09:21:00,193,193,193,193,21500
2021-12-01 09:22:00,193,193,193,193,12300
2021-12-01 09:23:00,193,192,193,193,235900
2021-12-01 09:24:00,193,193,193,193,300
2021-12-01 09:25:00,192,192,192,192,15600
2021-12-01 09:26:00,192,191,192,191,125800
2021-12-01 09:27:00,192,192,192,192,3100
2021-12-01 09:28:00,191,191,191,191,210000
2021-12-01 09:29:00,192,191,192,191,37000
2021-12-01 09:30:00,191,191,191,191,2500
2021-12-01 09:31:00,191,191,191,191,0
2021-12-01 09:32:00,191,191,191,191,0
2021-12-01 09:33:00,192,192,192,192,20000
2021-12-01 09:34:00,192,192,192,192,300
2021-12-01 09:35:00,192,192,192,192,1500
2021-12-01 09:36:00,192,192,192,192,5000
2021-12-01 09:37:00,192,192,192,192,20000
2021-12-01 09:38:00,192,192,192,192,320000
2021-12-01 09:39:00,192,192,193,192,40900
2021-12-01 09:40:00,192,192,193,192,0
2021-12-01 09:41:00,192,192,192,192,100
2021-12-01 09:42:00,192,192,192,192,0
2021-12-01 09:43:00,192,192,192,192,0
2021-12-01 09:44:00,192,192,192,192,51200
2021-12-01 09:45:00,193,193,193,193,100
2021-12-01 09:46:00,193,193,193,193,51500
2021-12-01 09:47:00,193,193,193,193,0
2021-12-01 09:48:00,193,193,193,193,0
2021-12-01 09:49:00,192,192,192,192,10000
2021-12-01 09:50:00,192,192,192,192,0
2021-12-01 09:51:00,193,193,193,193,600
2021-12-01 09:52:00,193,193,193,193,0
2021-12-01 09:53:00,193,193,193,193,0
2021-12-01 09:54:00,193,193,193,193,5000
2021-12-01 09:55:00,192,192,192,192,100
2021-12-01 09:56:00,193,193,193,193,100
2021-12-01 09:57:00,193,193,193,193,0
2021-12-01 09:58:00,193,193,193,193,0
2021-12-01 09:59:00,192,192,193,193,1100
2021-12-01 10:00:00,192,192,193,193,0
2021-12-01 10:01:00,192,192,193,193,0
2021-12-01 10:02:00,192,192,193,193,0
2021-12-01 10:03:00,192,192,192,192,4800
2021-12-01 10:04:00,192,192,192,192,286300
2021-12-01 10:05:00,192,192,192,192,0
2021-12-01 10:06:00,191,191,192,192,21000
2021-12-01 10:07:00,191,191,191,191,90000
2021-12-01 10:08:00,192,192,192,192,100
2021-12-01 10:09:00,192,191,192,192,11300
2021-12-01 10:10:00,191,191,192,192,26100
2021-12-01 10:11:00,192,192,192,192,3600
2021-12-01 10:12:00,192,192,192,192,0
2021-12-01 10:13:00,192,192,192,192,100
2021-12-01 10:14:00,192,192,192,192,0
2021-12-01 10:15:00,192,192,192,192,28900
2021-12-01 10:16:00,192,192,192,192,169000
2021-12-01 10:17:00,192,192,192,192,0
2021-12-01 10:18:00,192,192,192,192,59500
2021-12-01 10:19:00,193,193,193,193,200
2021-12-01 10:20:00,192,192,192,192,5000
2021-12-01 10:21:00,192,192,192,192,0
2021-12-01 10:22:00,192,192,192,192,0
2021-12-01 10:23:00,192,192,192,192,1000
2021-12-01 10:24:00,192,192,192,192,5000
2021-12-01 10:25:00,192,192,192,192,1600
2021-12-01 10:26:00,192,192,192,192,85100
2021-12-01 10:27:00,192,192,192,192,27200
2021-12-01 10:28:00,192,192,192,192,189600
2021-12-01 10:29:00,192,192,192,192,0
2021-12-01 10:30:00,192,192,192,192,0
2021-12-01 10:31:00,192,192,192,192,0
2021-12-01 10:32:00,192,192,193,193,1100
2021-12-01 10:33:00,192,192,193,193,0
2021-12-01 10:34:00,192,192,193,193,0
2021-12-01 10:35:00,193,193,193,193,200
2021-12-01 10:36:00,192,192,192,192,4000
2021-12-01 10:37:00,192,192,192,192,0
2021-12-01 10:38:00,192,192,192,192,0
2021-12-01 10:39:00,192,192,192,192,0
2021-12-01 10:40:00,192,192,192,192,5000
2021-12-01 10:41:00,192,192,192,192,0
2021-12-01 10:42:00,193,193,193,193,100
2021-12-01 10:43:00,193,193,193,193,200
2021-12-01 10:44:00,193,193,193,193,0
2021-12-01 10:45:00,193,192,193,192,20000
2021-12-01 10:46:00,193,193,193,193,100
2021-12-01 10:47:00,193,193,193,193,0
2021-12-01 10:48:00,192,192,193,193,17600
2021-12-01 10:49:00,193,192,193,193,13000
2021-12-01 10:50:00,193,192,193,193,0
2021-12-01 10:51:00,193,193,193,193,1000
2021-12-01 10:52:00,193,193,193,193,0
2021-12-01 10:53:00,192,192,193,193,1100
2021-12-01 10:54:00,192,192,193,193,0
2021-12-01 10:55:00,192,192,193,193,0
2021-12-01 10:56:00,192,192,192,192,17200
2021-12-01 10:57:00,192,192,192,192,100
2021-12-01 10:58:00,191,191,191,191,1300
2021-12-01 10:59:00,192,192,192,192,200
2021-12-01 11:00:00,192,192,192,192,5600
2021-12-01 11:01:00,191,191,191,191,2000
2021-12-01 11:02:00,191,191,191,191,0
2021-12-01 11:03:00,191,191,191,191,0
2021-12-01 11:04:00,192,192,192,192,2000
2021-12-01 11:05:00,192,192,192,192,0
2021-12-01 11:06:00,191,191,192,192,6300
2021-12-01 11:07:00,192,191,192,192,13400
2021-12-01 11:08:00,192,192,192,192,111700
2021-12-01 11:09:00,192,192,192,192,1400
2021-12-01 11:10:00,192,192,192,192,58800
2021-12-01 11:11:00,192,192,192,192,2400
2021-12-01 11:12:00,192,192,192,192,40000
2021-12-01 11:13:00,192,191,193,192,12700
2021-12-01 11:14:00,192,191,193,192,0
2021-12-01 11:15:00,192,191,193,192,0
2021-12-01 11:16:00,192,191,193,192,0
2021-12-01 11:17:00,192,191,193,192,0
2021-12-01 11:18:00,192,191,193,192,0
2021-12-01 11:19:00,192,191,193,192,0
2021-12-01 11:20:00,192,192,192,192,200
2021-12-01 11:21:00,191,191,191,191,4800
2021-12-01 11:22:00,191,191,191,191,0
2021-12-01 11:23:00,192,192,192,192,1100
2021-12-01 11:24:00,192,192,192,192,25500
2021-12-01 11:25:00,191,191,191,191,100000
2021-12-01 11:26:00,191,191,191,191,104200
2021-12-01 11:27:00,192,192,192,192,200
2021-12-01 11:28:00,192,192,192,192,0
2021-12-01 11:29:00,192,192,192,192,0
2021-12-01 11:30:00,192,192,192,192,0
2021-12-01 11:31:00,192,192,192,192,0
2021-12-01 11:32:00,192,192,192,192,0
2021-12-01 11:33:00,192,192,192,192,0
2021-12-01 11:34:00,192,192,192,192,0
2021-12-01 11:35:00,192,192,192,192,0
2021-12-01 11:36:00,192,192,192,192,0
2021-12-01 11:37:00,192,192,192,192,0
2021-12-01 11:38:00,192,192,192,192,0
2021-12-01 11:39:00,192,192,192,192,0
2021-12-01 11:40:00,192,192,192,192,0
2021-12-01 11:41:00,192,192,192,192,0
2021-12-01 11:42:00,192,192,192,192,0
2021-12-01 11:43:00,192,192,192,192,0
2021-12-01 11:44:00,192,192,192,192,0
2021-12-01 11:45:00,192,192,192,192,0
2021-12-01 11:46:00,192,192,192,192,0
2021-12-01 11:47:00,192,192,192,192,0
2021-12-01 11:48:00,192,192,192,192,0
2021-12-01 11:49:00,192,192,192,192,0
2021-12-01 11:50:00,192,192,192,192,0
2021-12-01 11:51:00,192,192,192,192,0
2021-12-01 11:52:00,192,192,192,192,0
2021-12-01 11:53:00,192,192,192,192,0
2021-12-01 11:54:00,192,192,192,192,0
2021-12-01 11:55:00,192,192,192,192,0
2021-12-01 11:56:00,192,192,192,192,0
2021-12-01 11:57:00,192,192,192,192,0
2021-12-01 11:58:00,192,192,192,192,0
2021-12-01 11:59:00,192,192,192,192,0
2021-12-01 12:00:00,192,192,192,192,0
2021-12-01 12:01:00,192,192,192,192,0
2021-12-01 12:02:00,192,192,192,192,0
2021-12-01 12:03:00,192,192,192,192,0
2021-12-01 12:04:00,192,192,192,192,0
2021-12-01 12:05:00,192,192,192,192,0
2021-12-01 12:06:00,192,192,192,192,0
2021-12-01 12:07:00,192,192,192,192,0
2021-12-01 12:08:00,192,192,192,192,0
2021-12-01 12:09:00,192,192,192,192,0
2021-12-01 12:10:00,192,192,192,192,0
2021-12-01 12:11:00,192,192,192,192,0
2021-12-01 12:12:00,192,192,192,192,0
2021-12-01 12:13:00,192,192,192,192,0
2021-12-01 12:14:00,192,192,192,192,0
2021-12-01 12:15:00,192,192,192,192,0
2021-12-01 12:16:00,192,192,192,192,0
2021-12-01 12:17:00,192,192,192,192,0
2021-12-01 12:18:00,192,192,192,192,0
2021-12-01 12:19:00,192,192,192,192,0
2021-12-01 12:20:00,192,192,192,192,0
2021-12-01 12:21:00,192,192,192,192,0
2021-12-01 12:22:00,192,192,192,192,0
2021-12-01 12:23:00,192,192,192,192,0
2021-12-01 12:24:00,192,192,192,192,0
2021-12-01 12:25:00,192,192,192,192,0
2021-12-01 12:26:00,192,192,192,192,0
2021-12-01 12:27:00,192,192,192,192,0
2021-12-01 12:28:00,192,192,192,192,0
2021-12-01 12:29:00,192,192,192,192,0
2021-12-01 12:30:00,192,192,192,192,0
2021-12-01 12:31:00,192,192,192,192,0
2021-12-01 12:32:00,192,192,192,192,0
2021-12-01 12:33:00,192,192,192,192,0
2021-12-01 12:34:00,192,192,192,192,0
2021-12-01 12:35:00,192,192,192,192,0
2021-12-01 12:36:00,192,192,192,192,0
2021-12-01 12:37:00,192,192,192,192,0
2021-12-01 12:38:00,192,192,192,192,0
2021-12-01 12:39:00,192,192,192,192,0
2021-12-01 12:40:00,192,192,192,192,0
2021-12-01 12:41:00,192,192,192,192,0
2021-12-01 12:42:00,192,192,192,192,0
2021-12-01 12:43:00,192,192,192,192,0
2021-12-01 12:44:00,192,192,192,192,0
2021-12-01 12:45:00,192,192,192,192,0
2021-12-01 12:46:00,192,192,192,192,0
2021-12-01 12:47:00,192,192,192,192,0
2021-12-01 12:48:00,192,192,192,192,0
2021-12-01 12:49:00,192,192,192,192,0
2021-12-01 12:50:00,192,192,192,192,0
2021-12-01 12:51:00,192,192,192,192,0
2021-12-01 12:52:00,192,192,192,192,0
2021-12-01 12:53:00,192,192,192,192,0
2021-12-01 12:54:00,192,192,192,192,0
2021-12-01 12:55:00,192,192,192,192,0
2021-12-01 12:56:00,192,192,192,192,0
2021-12-01 12:57:00,192,192,192,192,0
2021-12-01 12:58:00,192,192,192,192,0
2021-12-01 12:59:00,192,192,192,192,0
2021-12-01 13:00:00,192,192,192,192,0
2021-12-01 13:01:00,192,192,192,192,0
2021-12-01 13:02:00,192,192,192,192,0
2021-12-01 13:03:00,192,192,192,192,0
2021-12-01 13:04:00,192,192,192,192,0
2021-12-01 13:05:00,192,192,192,192,0
2021-12-01 13:06:00,192,192,192,192,0
2021-12-01 13:07:00,192,192,192,192,0
2021-12-01 13:08:00,192,192,192,192,0
2021-12-01 13:09:00,192,192,192,192,0
2021-12-01 13:10:00,192,192,192,192,0
2021-12-01 13:11:00,192,192,192,192,0
2021-12-01 13:12:00,192,192,192,192,0
2021-12-01 13:13:00,192,192,192,192,0
2021-12-01 13:14:00,192,192,192,192,0
2021-12-01 13:15:00,192,192,192,192,0
2021-12-01 13:16:00,192,192,192,192,0
2021-12-01 13:17:00,192,192,192,192,0
2021-12-01 13:18:00,192,192,192,192,0
2021-12-01 13:19:00,192,192,192,192,0
2021-12-01 13:20:00,192,192,192,192,0
2021-12-01 13:21:00,192,192,192,192,0
2021-12-01 13:22:00,192,192,192,192,0
2021-12-01 13:23:00,192,192,192,192,0
2021-12-01 13:24:00,192,192,192,192,0
2021-12-01 13:25:00,192,192,192,192,0
2021-12-01 13:26:00,192,192,192,192,0
2021-12-01 13:27:00,192,192,192,192,0
2021-12-01 13:28:00,192,192,192,192,0
2021-12-01 13:29:00,192,192,192,192,0
2021-12-01 13:30:00,192,191,192,192,90100
2021-12-01 13:31:00,192,192,192,192,100
2021-12-01 13:32:00,192,192,192,192,10000
2021-12-01 13:33:00,192,192,192,192,0
2021-12-01 13:34:00,192,192,192,192,0
2021-12-01 13:35:00,192,192,192,192,1200
2021-12-01 13:36:00,192,192,192,192,1000
2021-12-01 13:37:00,192,191,192,191,217000
2021-12-01 13:38:00,192,192,192,192,4000
2021-12-01 13:39:00,192,192,192,192,0
2021-12-01 13:40:00,192,192,192,192,4800
2021-12-01 13:41:00,192,192,192,192,2500
2021-12-01 13:42:00,192,192,192,192,0
2021-12-01 13:43:00,191,191,191,191,11000
2021-12-01 13:44:00,191,191,191,191,0
2021-12-01 13:45:00,191,191,191,191,401000
2021-12-01 13:46:00,191,191,191,191,200000
2021-12-01 13:47:00,191,191,192,192,12500
2021-12-01 13:48:00,191,191,192,192,0
2021-12-01 13:49:00,191,191,191,191,36600
2021-12-01 13:50:00,191,191,191,191,3400
2021-12-01 13:51:00,191,191,191,191,98700
2021-12-01 13:52:00,191,191,191,191,4000
2021-12-01 13:53:00,191,191,191,191,8200
2021-12-01 13:54:00,191,191,191,191,5000
2021-12-01 13:55:00,191,191,191,191,5000
2021-12-01 13:56:00,191,191,191,191,1000
2021-12-01 13:57:00,191,191,191,191,172500
2021-12-01 13:58:00,191,191,191,191,505000
2021-12-01 13:59:00,191,191,191,191,495400
2021-12-01 14:00:00,191,191,191,191,1000
2021-12-01 14:01:00,191,191,191,191,0
2021-12-01 14:02:00,191,191,191,191,0
2021-12-01 14:03:00,191,191,191,191,0
2021-12-01 14:04:00,191,191,191,191,0
2021-12-01 14:05:00,191,191,192,192,10800
2021-12-01 14:06:00,191,191,192,192,0
2021-12-01 14:07:00,192,192,192,192,500
2021-12-01 14:08:00,192,192,192,192,142100
2021-12-01 14:09:00,192,192,192,192,2800
2021-12-01 14:10:00,192,192,192,192,0
2021-12-01 14:11:00,192,192,192,192,0
2021-12-01 14:12:00,192,192,192,192,0
2021-12-01 14:13:00,193,193,193,193,6788200
2021-12-01 14:14:00,193,193,193,193,10000
2021-12-01 14:15:00,193,193,193,193,0
2021-12-01 14:16:00,193,193,193,193,0
2021-12-01 14:17:00,192,192,192,192,72600
2021-12-01 14:18:00,192,192,192,192,16500
2021-12-01 14:19:00,192,192,192,192,0
2021-12-01 14:20:00,192,192,192,192,30000
2021-12-01 14:21:00,192,192,192,192,9000
2021-12-01 14:22:00,192,191,192,191,286900
2021-12-01 14:23:00,191,191,193,191,13600
2021-12-01 14:24:00,193,193,193,193,100
2021-12-01 14:25:00,193,193,193,193,700
2021-12-01 14:26:00,193,193,193,193,0
2021-12-01 14:27:00,193,193,193,193,7600
2021-12-01 14:28:00,193,193,193,193,0
2021-12-01 14:29:00,193,193,193,193,0
2021-12-01 14:30:00,191,191,191,191,100000
2021-12-01 14:31:00,193,193,193,193,100
2021-12-01 14:32:00,193,193,193,193,0
2021-12-01 14:33:00,192,191,192,191,99900
2021-12-01 14:34:00,192,191,193,193,17700
2021-12-01 14:35:00,191,191,191,191,1200
2021-12-01 14:36:00,193,193,193,193,100
2021-12-01 14:37:00,193,193,193,193,0
2021-12-01 14:38:00,193,193,193,193,0
2021-12-01 14:39:00,193,193,193,193,500
2021-12-01 14:40:00,193,193,193,193,0
2021-12-01 14:41:00,192,192,192,192,3300
2021-12-01 14:42:00,192,192,192,192,26800
2021-12-01 14:43:00,193,192,193,192,5300
2021-12-01 14:44:00,191,191,191,191,800
2021-12-01 14:45:00,191,191,191,191,0
2021-12-01 14:46:00,191,191,191,191,1000
2021-12-01 14:47:00,192,192,192,192,100
2021-12-01 14:48:00,192,192,192,192,300
2021-12-01 14:49:00,192,192,192,192,1000
2021-12-01 14:50:00,192,192,192,192,0
2021-12-01 14:51:00,192,192,192,192,0
2021-12-01 14:52:00,192,192,192,192,0
2021-12-01 14:53:00,192,192,192,192,0
2021-12-01 14:54:00,192,192,192,192,0
2021-12-01 14:55:00,192,192,192,192,0
2021-12-01 14:56:00,192,192,192,192,0
2021-12-01 14:57:00,192,192,192,192,0
2021-12-01 14:58:00,192,192,192,192,0
2021-12-01 14:59:00,192,192,192,192,0
2021-12-01 15:00:00,191,191,191,191,308300
2021-12-01 15:01:00,191,191,191,191,0
2021-12-01 15:02:00,191,191,191,191,0
2021-12-01 15:03:00,191,191,191,191,0
2021-12-01 15:04:00,191,191,191,191,0
2021-12-01 15:05:00,191,191,191,191,1200
2021-12-01 15:06:00,191,191,191,191,0
2021-12-01 15:07:00,191,191,191,191,10000
2021-12-01 15:08:00,191,191,191,191,0
2021-12-01 15:09:00,191,191,191,191,8000
2021-12-01 15:10:00,191,191,191,191,2000
2021-12-01 15:11:00,191,191,191,191,0
2021-12-01 15:12:00,191,191,191,191,0
2021-12-01 15:13:00,191,191,191,191,0
2021-12-01 15:14:00,191,191,191,191,0
2021-12-01 15:15:00,191,191,191,191,0
2021-12-01 15:16:00,191,191,191,191,0
2021-12-01 15:17:00,191,191,191,191,0
2021-12-01 15:18:00,191,191,191,191,0
2021-12-01 15:19:00,191,191,191,191,0
2021-12-01 15:20:00,191,191,191,191,0
2021-12-01 15:21:00,191,191,191,191,0
2021-12-01 15:22:00,191,191,191,191,0
2021-12-01 15:23:00,191,191,191,191,0
2021-12-01 15:24:00,191,191,191,191,0
2021-12-01 15:25:00,191,191,191,191,0
2021-12-01 15:26:00,191,191,191,191,0
2021-12-01 15:27:00,191,191,191,191,0
2021-12-01 15:28:00,191,191,191,191,0
2021-12-01 15:29:00,191,191,191,191,0
2021-12-01 15:30:00,191,191,191,191,0
2021-12-01 15:31:00,191,191,191,191,0
2021-12-01 15:32:00,191,191,191,191,0
2021-12-01 15:33:00,191,191,191,191,0
2021-12-01 15:34:00,191,191,191,191,0
2021-12-01 15:35:00,191,191,191,191,0
2021-12-01 15:36:00,191,191,191,191,0
2021-12-01 15:37:00,191,191,191,191,0
2021-12-01 15:38:00,191,191,191,191,0
2021-12-01 15:39:00,191,191,191,191,0
2021-12-01 15:40:00,191,191,191,191,0
2021-12-01 15:41:00,191,191,191,191,0
2021-12-01 15:42:00,191,191,191,191,0
2021-12-01 15:43:00,191,191,191,191,0
2021-12-01 15:44:00,191,191,191,191,0
2021-12-01 15:45:00,191,191,191,191,0
2021-12-01 15:46:00,191,191,191,191,0
2021-12-01 15:47:00,191,191,191,191,0
2021-12-01 15:48:00,191,191,191,191,0
2021-12-01 15:49:00,191,191,191,191,0
2021-12-01 15:50:00,191,191,191,191,0
2021-12-01 15:51:00,191,191,191,191,0
2021-12-01 15:52:00,191,191,191,191,0
2021-12-01 15:53:00,191,191,191,191,0
2021-12-01 15:54:00,191,191,191,191,0
2021-12-01 15:55:00,191,191,191,191,0
2021-12-01 15:56:00,191,191,191,191,0
2021-12-01 15:57:00,191,191,191,191,0
2021-12-01 15:58:00,191,191,191,191,0
2021-12-01 15:59:00,191,191,191,191,0
2021-12-02 09:00:00,192,192,193,193,0
2021-12-02 09:01:00,193,192,193,192,28700
2021-12-02 09:02:00,192,192,192,192,2900
2021-12-02 09:03:00,191,191,191,191,28900
2021-12-02 09:04:00,190,190,190,190,72900
2021-12-02 09:05:00,190,190,190,190,10000
2021-12-02 09:06:00,190,189,190,189,61900
2021-12-02 09:07:00,189,188,189,189,251700
2021-12-02 09:08:00,189,189,191,191,45000
2021-12-02 09:09:00,191,186,191,186,506500
2021-12-02 09:10:00,191,185,191,185,397000
2021-12-02 09:11:00,186,185,186,186,239800
2021-12-02 09:12:00,186,185,186,186,81800
2021-12-02 09:13:00,186,186,187,187,111500
2021-12-02 09:14:00,186,186,187,187,74000
2021-12-02 09:15:00,187,187,187,187,11400
2021-12-02 09:16:00,188,187,188,187,48300
2021-12-02 09:17:00,187,187,187,187,19700
2021-12-02 09:18:00,186,186,187,187,24500
2021-12-02 09:19:00,187,187,187,187,1000
2021-12-02 09:20:00,187,187,187,187,12300
2021-12-02 09:21:00,187,186,187,187,32100
2021-12-02 09:22:00,187,187,187,187,33700
2021-12-02 09:23:00,187,186,187,187,13000
2021-12-02 09:24:00,188,187,188,187,116700
2021-12-02 09:25:00,188,187,188,188,11600
2021-12-02 09:26:00,187,187,187,187,6300
2021-12-02 09:27:00,187,187,188,188,115100
2021-12-02 09:28:00,187,187,187,187,700
2021-12-02 09:29:00,187,187,187,187,59000
2021-12-02 09:30:00,186,186,186,186,2200
2021-12-02 09:31:00,186,186,186,186,0
2021-12-02 09:32:00,186,186,187,187,125000
2021-12-02 09:33:00,187,187,187,187,30000
2021-12-02 09:34:00,187,186,187,186,13200
2021-12-02 09:35:00,186,186,187,187,8000
2021-12-02 09:36:00,186,186,187,187,172800
2021-12-02 09:37:00,188,188,188,188,300
2021-12-02 09:38:00,188,188,188,188,0
2021-12-02 09:39:00,187,187,187,187,59400
2021-12-02 09:40:00,187,187,187,187,73900
2021-12-02 09:41:00,187,187,187,187,0
2021-12-02 09:42:00,187,187,187,187,31500
2021-12-02 09:43:00,187,187,187,187,27500
2021-12-02 09:44:00,188,187,188,188,11500
2021-12-02 09:45:00,187,187,187,187,282900
2021-12-02 09:46:00,187,187,187,187,0
2021-12-02 09:47:00,187,187,188,188,29600
2021-12-02 09:48:00,187,187,187,187,3900
2021-12-02 09:49:00,187,187,188,188,8300
2021-12-02 09:50:00,188,188,188,188,108500
2021-12-02 09:51:00,188,188,188,188,8000
2021-12-02 09:52:00,188,188,188,188,0
2021-12-02 09:53:00,187,187,188,188,9100
2021-12-02 09:54:00,188,188,188,188,2000
2021-12-02 09:55:00,188,188,188,188,11300
2021-12-02 09:56:00,188,188,188,188,0
2021-12-02 09:57:00,188,188,189,189,67000
2021-12-02 09:58:00,189,188,189,188,21000
2021-12-02 09:59:00,189,188,189,188,0
2021-12-02 10:00:00,188,188,188,188,500
2021-12-02 10:01:00,189,189,189,189,21100
2021-12-02 10:02:00,189,188,189,188,52800
2021-12-02 10:03:00,188,188,188,188,5000
2021-12-02 10:04:00,188,188,188,188,85000
2021-12-02 10:05:00,189,189,189,189,500
2021-12-02 10:06:00,188,188,188,188,80000
2021-12-02 10:07:00,188,188,188,188,3000
2021-12-02 10:08:00,188,188,188,188,0
2021-12-02 10:09:00,188,188,188,188,0
2021-12-02 10:10:00,189,188,189,188,30100
2021-12-02 10:11:00,189,189,189,189,100
2021-12-02 10:12:00,189,189,189,189,1000
2021-12-02 10:13:00,189,189,189,189,21000
2021-12-02 10:14:00,188,188,188,188,900
2021-12-02 10:15:00,188,188,188,188,0
2021-12-02 10:16:00,189,189,189,189,5000
2021-12-02 10:17:00,189,188,189,188,4000
2021-12-02 10:18:00,189,189,189,189,118400
2021-12-02 10:19:00,190,190,190,190,319900
2021-12-02 10:20:00,191,191,192,192,74100
2021-12-02 10:21:00,192,192,192,192,62300
2021-12-02 10:22:00,193,192,193,192,16100
2021-12-02 10:23:00,192,192,192,192,179000
2021-12-02 10:24:00,192,192,193,193,633000
2021-12-02 10:25:00,193,193,193,193,55500
2021-12-02 10:26:00,193,193,193,193,51200
2021-12-02 10:27:00,193,193,194,194,6000
2021-12-02 10:28:00,194,194,194,194,6000
2021-12-02 10:29:00,194,192,194,192,165400
2021-12-02 10:30:00,192,192,193,193,12200
2021-12-02 10:31:00,192,192,192,192,5400
2021-12-02 10:32:00,192,192,193,193,21000
2021-12-02 10:33:00,192,192,193,193,0
2021-12-02 10:34:00,192,192,193,193,131300
2021-12-02 10:35:00,193,193,193,193,100000
2021-12-02 10:36:00,193,193,193,193,0
2021-12-02 10:37:00,192,192,193,193,5800
2021-12-02 10:38:00,192,192,192,192,900
2021-12-02 10:39:00,192,192,192,192,0
2021-12-02 10:40:00,193,193,193,193,300
2021-12-02 10:41:00,193,193,193,193,0
2021-12-02 10:42:00,192,192,192,192,100
2021-12-02 10:43:00,192,192,193,193,20100
2021-12-02 10:44:00,192,192,192,192,10000
2021-12-02 10:45:00,192,192,192,192,269900
2021-12-02 10:46:00,192,192,192,192,4200
2021-12-02 10:47:00,193,193,193,193,5100
2021-12-02 10:48:00,193,193,193,193,0
2021-12-02 10:49:00,192,192,192,192,3400
2021-12-02 10:50:00,192,192,192,192,2000
2021-12-02 10:51:00,192,192,192,192,0
2021-12-02 10:52:00,191,191,191,191,31700
2021-12-02 10:53:00,191,191,191,191,0
2021-12-02 10:54:00,191,191,191,191,0
2021-12-02 10:55:00,191,191,191,191,0
2021-12-02 10:56:00,191,191,191,191,0
2021-12-02 10:57:00,191,191,191,191,0
2021-12-02 10:58:00,192,192,192,192,5100
2021-12-02 10:59:00,192,192,192,192,10700
2021-12-02 11:00:00,192,192,192,192,0
2021-12-02 11:01:00,191,191,191,191,108800
2021-12-02 11:02:00,191,191,191,191,50000
2021-12-02 11:03:00,191,191,191,191,0
2021-12-02 11:04:00,191,191,191,191,0
2021-12-02 11:05:00,191,191,191,191,0
2021-12-02 11:06:00,191,191,192,192,25400
2021-12-02 11:07:00,192,192,192,192,100
2021-12-02 11:08:00,192,192,192,192,800
2021-12-02 11:09:00,192,192,192,192,0
2021-12-02 11:10:00,192,192,192,192,0
2021-12-02 11:11:00,192,192,192,192,0
2021-12-02 11:12:00,192,192,192,192,0
2021-12-02 11:13:00,192,192,192,192,0
2021-12-02 11:14:00,192,192,192,192,0
2021-12-02 11:15:00,192,192,192,192,0
2021-12-02 11:16:00,192,192,192,192,0
2021-12-02 11:17:00,192,192,192,192,0
2021-12-02 11:18:00,192,192,192,192,10000
2021-12-02 11:19:00,192,192,192,192,0
2021-12-02 11:20:00,191,191,192,191,400
2021-12-02 11:21:00,192,192,192,192,100
2021-12-02 11:22:00,191,191,191,191,100
2021-12-02 11:23:00,191,191,191,191,71100
2021-12-02 11:24:00,191,191,191,191,10000
2021-12-02 11:25:00,191,191,191,191,0
2021-12-02 11:26:00,191,191,191,191,0
2021-12-02 11:27:00,192,191,192,191,5100
2021-12-02 11:28:00,192,192,192,192,1000
2021-12-02 11:29:00,192,192,192,192,0
2021-12-02 11:30:00,192,192,192,192,0
2021-12-02 11:31:00,192,192,192,192,0
2021-12-02 11:32:00,192,192,192,192,0
2021-12-02 11:33:00,192,192,192,192,0
2021-12-02 11:34:00,192,192,192,192,0
2021-12-02 11:35:00,192,192,192,192,0
2021-12-02 11:36:00,192,192,192,192,0
2021-12-02 11:37:00,192,192,192,192,0
2021-12-02 11:38:00,192,192,192,192,0
2021-12-02 11:39:00,192,192,192,192,0
2021-12-02 11:40:00,192,192,192,192,0
2021-12-02 11:41:00,192,192,192,192,0
2021-12-02 11:42:00,192,192,192,192,0
2021-12-02 11:43:00,192,192,192,192,0
2021-12-02 11:44:00,192,192,192,192,0
2021-12-02 11:45:00,192,192,192,192,0
2021-12-02 11:46:00,192,192,192,192,0
2021-12-02 11:47:00,192,192,192,192,0
2021-12-02 11:48:00,192,192,192,192,0
2021-12-02 11:49:00,192,192,192,192,0
2021-12-02 11:50:00,192,192,192,192,0
2021-12-02 11:51:00,192,192,192,192,0
2021-12-02 11:52:00,192,192,192,192,0
2021-12-02 11:53:00,192,192,192,192,0
2021-12-02 11:54:00,192,192,192,192,0
2021-12-02 11:55:00,192,192,192,192,0
2021-12-02 11:56:00,192,192,192,192,0
2021-12-02 11:57:00,192,192,192,192,0
2021-12-02 11:58:00,192,192,192,192,0
2021-12-02 11:59:00,192,192,192,192,0
2021-12-02 12:00:00,192,192,192,192,0
2021-12-02 12:01:00,192,192,192,192,0
2021-12-02 12:02:00,192,192,192,192,0
2021-12-02 12:03:00,192,192,192,192,0
2021-12-02 12:04:00,192,192,192,192,0
2021-12-02 12:05:00,192,192,192,192,0
2021-12-02 12:06:00,192,192,192,192,0
2021-12-02 12:07:00,192,192,192,192,0
2021-12-02 12:08:00,192,192,192,192,0
2021-12-02 12:09:00,192,192,192,192,0
2021-12-02 12:10:00,192,192,192,192,0
2021-12-02 12:11:00,192,192,192,192,0
2021-12-02 12:12:00,192,192,192,192,0
2021-12-02 12:13:00,192,192,192,192,0
2021-12-02 12:14:00,192,192,192,192,0
2021-12-02 12:15:00,192,192,192,192,0
2021-12-02 12:16:00,192,192,192,192,0
2021-12-02 12:17:00,192,192,192,192,0
2021-12-02 12:18:00,192,192,192,192,0
2021-12-02 12:19:00,192,192,192,192,0
2021-12-02 12:20:00,192,192,192,192,0
2021-12-02 12:21:00,192,192,192,192,0
2021-12-02 12:22:00,192,192,192,192,0
2021-12-02 12:23:00,192,192,192,192,0
2021-12-02 12:24:00,192,192,192,192,0
2021-12-02 12:25:00,192,192,192,192,0
2021-12-02 12:26:00,192,192,192,192,0
2021-12-02 12:27:00,192,192,192,192,0
2021-12-02 12:28:00,192,192,192,192,0
2021-12-02 12:29:00,192,192,192,192,0
2021-12-02 12:30:00,192,192,192,192,0
2021-12-02 12:31:00,192,192,192,192,0
2021-12-02 12:32:00,192,192,192,192,0
2021-12-02 12:33:00,192,192,192,192,0
2021-12-02 12:34:00,192,192,192,192,0
2021-12-02 12:35:00,192,192,192,192,0
2021-12-02 12:36:00,192,192,192,192,0
2021-12-02 12:37:00,192,192,192,192,0
2021-12-02 12:38:00,192,192,192,192,0
2021-12-02 12:39:00,192,192,192,192,0
2021-12-02 12:40:00,192,192,192,192,0
2021-12-02 12:41:00,192,192,192,192,0
2021-12-02 12:42:00,192,192,192,192,0
2021-12-02 12:43:00,192,192,192,192,0
2021-12-02 12:44:00,192,192,192,192,0
2021-12-02 12:45:00,192,192,192,192,0
2021-12-02 12:46:00,192,192,192,192,0
2021-12-02 12:47:00,192,192,192,192,0
2021-12-02 12:48:00,192,192,192,192,0
2021-12-02 12:49:00,192,192,192,192,0
2021-12-02 12:50:00,192,192,192,192,0
2021-12-02 12:51:00,192,192,192,192,0
2021-12-02 12:52:00,192,192,192,192,0
2021-12-02 12:53:00,192,192,192,192,0
2021-12-02 12:54:00,192,192,192,192,0
2021-12-02 12:55:00,192,192,192,192,0
2021-12-02 12:56:00,192,192,192,192,0
2021-12-02 12:57:00,192,192,192,192,0
2021-12-02 12:58:00,192,192,192,192,0
2021-12-02 12:59:00,192,192,192,192,0
2021-12-02 13:00:00,192,192,192,192,0
2021-12-02 13:01:00,192,192,192,192,0
2021-12-02 13:02:00,192,192,192,192,0
2021-12-02 13:03:00,192,192,192,192,0
2021-12-02 13:04:00,192,192,192,192,0
2021-12-02 13:05:00,192,192,192,192,0
2021-12-02 13:06:00,192,192,192,192,0
2021-12-02 13:07:00,192,192,192,192,0
2021-12-02 13:08:00,192,192,192,192,0
2021-12-02 13:09:00,192,192,192,192,0
2021-12-02 13:10:00,192,192,192,192,0
2021-12-02 13:11:00,192,192,192,192,0
2021-12-02 13:12:00,192,192,192,192,0
2021-12-02 13:13:00,192,192,192,192,0
2021-12-02 13:14:00,192,192,192,192,0
2021-12-02 13:15:00,192,192,192,192,0
2021-12-02 13:16:00,192,192,192,192,0
2021-12-02 13:17:00,192,192,192,192,0
2021-12-02 13:18:00,192,192,192,192,0
2021-12-02 13:19:00,192,192,192,192,0
2021-12-02 13:20:00,192,192,192,192,0
2021-12-02 13:21:00,192,192,192,192,0
2021-12-02 13:22:00,192,192,192,192,0
2021-12-02 13:23:00,192,192,192,192,0
2021-12-02 13:24:00,192,192,192,192,0
2021-12-02 13:25:00,192,192,192,192,0
2021-12-02 13:26:00,192,192,192,192,0
2021-12-02 13:27:00,192,192,192,192,0
2021-12-02 13:28:00,192,192,192,192,0
2021-12-02 13:29:00,192,192,192,192,0
2021-12-02 13:30:00,192,191,192,192,12100
2021-12-02 13:31:00,192,191,192,192,0
2021-12-02 13:32:00,192,191,192,192,0
2021-12-02 13:33:00,192,191,192,192,0
2021-12-02 13:34:00,192,192,192,192,47400
2021-12-02 13:35:00,192,192,192,192,1000
2021-12-02 13:36:00,192,192,192,192,0
2021-12-02 13:37:00,192,192,192,192,9300
2021-12-02 13:38:00,192,192,192,192,1300
2021-12-02 13:39:00,192,192,192,192,2000
2021-12-02 13:40:00,192,192,192,192,0
2021-12-02 13:41:00,192,192,192,192,0
2021-12-02 13:42:00,192,192,192,192,2000
2021-12-02 13:43:00,192,192,192,192,0
2021-12-02 13:44:00,192,192,192,192,0
2021-12-02 13:45:00,192,192,192,192,10000
2021-12-02 13:46:00,192,192,192,192,3300
2021-12-02 13:47:00,192,192,192,192,0
2021-12-02 13:48:00,192,192,192,192,0
2021-12-02 13:49:00,192,192,192,192,0
2021-12-02 13:50:00,192,192,192,192,0
2021-12-02 13:51:00,192,192,192,192,2900
2021-12-02 13:52:00,191,191,191,191,11900
2021-12-02 13:53:00,191,191,191,191,10000
2021-12-02 13:54:00,192,192,192,192,20000
2021-12-02 13:55:00,192,192,192,192,5000
2021-12-02 13:56:00,192,192,192,192,0
2021-12-02 13:57:00,192,192,192,192,0
2021-12-02 13:58:00,191,191,191,191,50000
2021-12-02 13:59:00,191,191,191,191,7800
2021-12-02 14:00:00,191,191,192,192,50100
2021-12-02 14:01:00,192,192,192,192,1000
2021-12-02 14:02:00,192,192,192,192,20000
2021-12-02 14:03:00,192,192,192,192,5000
2021-12-02 14:04:00,192,192,192,192,100
2021-12-02 14:05:00,192,192,192,192,0
2021-12-02 14:06:00,192,192,192,192,0
2021-12-02 14:07:00,191,191,192,192,9200
2021-12-02 14:08:00,192,192,192,192,500
2021-12-02 14:09:00,192,192,192,192,0
2021-12-02 14:10:00,192,192,192,192,0
2021-12-02 14:11:00,192,192,192,192,0
2021-12-02 14:12:00,192,192,192,192,0
2021-12-02 14:13:00,192,192,192,192,0
2021-12-02 14:14:00,192,192,192,192,0
2021-12-02 14:15:00,192,192,192,192,6500
2021-12-02 14:16:00,192,192,192,192,0
2021-12-02 14:17:00,192,192,192,192,3000
2021-12-02 14:18:00,192,192,192,192,0
2021-12-02 14:19:00,192,192,192,192,0
2021-12-02 14:20:00,192,192,192,192,0
2021-12-02 14:21:00,192,192,192,192,2500
2021-12-02 14:22:00,192,192,192,192,0
2021-12-02 14:23:00,192,192,192,192,0
2021-12-02 14:24:00,192,192,192,192,0
2021-12-02 14:25:00,192,192,192,192,6000
2021-12-02 14:26:00,192,192,192,192,0
2021-12-02 14:27:00,192,192,192,192,0
2021-12-02 14:28:00,192,192,192,192,0
2021-12-02 14:29:00,192,192,192,192,1300
2021-12-02 14:30:00,192,192,192,192,400
2021-12-02 14:31:00,192,192,192,192,20000
2021-12-02 14:32:00,192,192,192,192,0
2021-12-02 14:33:00,192,192,192,192,0
2021-12-02 14:34:00,192,192,192,192,0
2021-12-02 14:35:00,192,192,192,192,0
2021-12-02 14:36:00,191,191,191,191,3000
2021-12-02 14:37:00,191,191,191,191,0
2021-12-02 14:38:00,191,191,191,191,100000
2021-12-02 14:39:00,191,191,191,191,3000
2021-12-02 14:40:00,191,191,193,192,139700
2021-12-02 14:41:00,193,193,193,193,100
2021-12-02 14:42:00,193,193,193,193,0
2021-12-02 14:43:00,192,192,193,193,14000
2021-12-02 14:44:00,192,192,193,193,0
2021-12-02 14:45:00,192,192,193,193,0
2021-12-02 14:46:00,192,192,193,193,0
2021-12-02 14:47:00,192,192,192,192,1000
2021-12-02 14:48:00,193,192,193,192,266600
2021-12-02 14:49:00,191,191,191,191,200
2021-12-02 14:50:00,191,191,191,191,0
2021-12-02 14:51:00,191,191,191,191,0
2021-12-02 14:52:00,191,191,191,191,0
2021-12-02 14:53:00,191,191,191,191,0
2021-12-02 14:54:00,191,191,191,191,0
2021-12-02 14:55:00,191,191,191,191,0
2021-12-02 14:56:00,191,191,191,191,0
2021-12-02 14:57:00,191,191,191,191,0
2021-12-02 14:58:00,191,191,191,191,0
2021-12-02 14:59:00,191,191,191,191,0
2021-12-02 15:00:00,190,190,190,190,263500
2021-12-02 15:01:00,190,190,190,190,0
2021-12-02 15:02:00,190,190,190,190,0
2021-12-02 15:03:00,190,190,190,190,0
2021-12-02 15:04:00,190,190,190,190,0
2021-12-02 15:05:00,190,190,190,190,32000
2021-12-02 15:06:00,190,190,190,190,4000
2021-12-02 15:07:00,190,190,190,190,100
2021-12-02 15:08:00,190,190,190,190,0
2021-12-02 15:09:00,190,190,190,190,0
2021-12-02 15:10:00,190,190,190,190,0
2021-12-02 15:11:00,190,190,190,190,30000
2021-12-02 15:12:00,190,190,190,190,0
2021-12-02 15:13:00,190,190,190,190,0
2021-12-02 15:14:00,190,190,190,190,0
2021-12-02 15:15:00,190,190,190,190,0
2021-12-02 15:16:00,190,190,190,190,0
2021-12-02 15:17:00,190,190,190,190,0
2021-12-02 15:18:00,190,190,190,190,0
2021-12-02 15:19:00,190,190,190,190,0
2021-12-02 15:20:00,190,190,190,190,0
2021-12-02 15:21:00,190,190,190,190,0
2021-12-02 15:22:00,190,190,190,190,0
2021-12-02 15:23:00,190,190,190,190,0
2021-12-02 15:24:00,190,190,190,190,0
2021-12-02 15:25:00,190,190,190,190,0
2021-12-02 15:26:00,190,190,190,190,0
2021-12-02 15:27:00,190,190,190,190,0
2021-12-02 15:28:00,190,190,190,190,0
2021-12-02 15:29:00,190,190,190,190,0
2021-12-02 15:30:00,190,190,190,190,0
2021-12-02 15:31:00,190,190,190,190,0
2021-12-02 15:32:00,190,190,190,190,0
2021-12-02 15:33:00,190,190,190,190,0
2021-12-02 15:34:00,190,190,190,190,0
2021-12-02 15:35:00,190,190,190,190,0
2021-12-02 15:36:00,190,190,190,190,0
2021-12-02 15:37:00,190,190,190,190,0
2021-12-02 15:38:00,190,190,190,190,0
2021-12-02 15:39:00,190,190,190,190,0
2021-12-02 15:40:00,190,190,190,190,0
2021-12-02 15:41:00,190,190,190,190,0
2021-12-02 15:42:00,190,190,190,190,0
2021-12-02 15:43:00,190,190,190,190,0
2021-12-02 15:44:00,190,190,190,190,0
2021-12-02 15:45:00,190,190,190,190,0
2021-12-02 15:46:00,190,190,190,190,0
2021-12-02 15:47:00,190,190,190,190,0
2021-12-02 15:48:00,190,190,190,190,0
2021-12-02 15:49:00,190,190,190,190,0
2021-12-02 15:50:00,190,190,190,190,0
2021-12-02 15:51:00,190,190,190,190,0
2021-12-02 15:52:00,190,190,190,190,0
2021-12-02 15:53:00,190,190,190,190,0
2021-12-02 15:54:00,190,190,190,190,0
2021-12-02 15:55:00,190,190,190,190,0
2021-12-02 15:56:00,190,190,190,190,0
2021-12-02 15:57:00,190,190,190,190,0
2021-12-02 15:58:00,190,190,190,190,0
2021-12-02 15:59:00,190,190,190,190,0
2021-12-03 09:00:00,191,191,191,191,0
2021-12-03 09:01:00,191,191,191,191,0
2021-12-03 09:02:00,191,191,191,191,0
2021-12-03 09:03:00,190,190,190,190,13200
2021-12-03 09:04:00,190,190,190,190,4600
2021-12-03 09:05:00,190,190,190,190,0
2021-12-03 09:06:00,190,190,191,191,23300
2021-12-03 09:07:00,190,190,191,191,0
2021-12-03 09:08:00,190,190,191,191,0
2021-12-03 09:09:00,191,190,191,190,27000
2021-12-03 09:10:00,190,190,190,190,3500
2021-12-03 09:11:00,190,190,190,190,41200
2021-12-03 09:12:00,190,190,191,190,12200
2021-12-03 09:13:00,190,190,190,190,600
2021-12-03 09:14:00,190,190,190,190,55100
2021-12-03 09:15:00,190,190,190,190,5000
2021-12-03 09:16:00,190,190,191,191,15500
2021-12-03 09:17:00,190,190,191,191,0
2021-12-03 09:18:00,190,190,190,190,5600
2021-12-03 09:19:00,190,190,190,190,0
2021-12-03 09:20:00,190,190,190,190,0
2021-12-03 09:21:00,189,189,190,189,50800
2021-12-03 09:22:00,189,188,189,188,31100
2021-12-03 09:23:00,189,189,189,189,1500
2021-12-03 09:24:00,188,188,188,188,1200
2021-12-03 09:25:00,189,189,189,189,500
2021-12-03 09:26:00,189,189,189,189,2000
2021-12-03 09:27:00,189,189,189,189,0
2021-12-03 09:28:00,189,189,189,189,18000
2021-12-03 09:29:00,189,189,189,189,5000
2021-12-03 09:30:00,189,189,189,189,0
2021-12-03 09:31:00,189,189,189,189,0
2021-12-03 09:32:00,189,189,189,189,0
2021-12-03 09:33:00,190,190,190,190,31200
2021-12-03 09:34:00,190,190,190,190,13100
2021-12-03 09:35:00,190,190,190,190,0
2021-12-03 09:36:00,191,191,191,191,1700
2021-12-03 09:37:00,191,191,191,191,300
2021-12-03 09:38:00,191,191,191,191,0
2021-12-03 09:39:00,190,190,190,190,8000
2021-12-03 09:40:00,190,190,191,191,5600
2021-12-03 09:41:00,190,190,191,191,0
2021-12-03 09:42:00,191,191,191,191,10000
2021-12-03 09:43:00,191,191,191,191,0
2021-12-03 09:44:00,190,190,190,190,5000
2021-12-03 09:45:00,191,191,191,191,100
2021-12-03 09:46:00,191,191,191,191,400
2021-12-03 09:47:00,191,191,191,191,0
2021-12-03 09:48:00,190,190,190,190,900
2021-12-03 09:49:00,190,190,190,190,29200
2021-12-03 09:50:00,190,190,190,190,0
2021-12-03 09:51:00,190,190,190,190,0
2021-12-03 09:52:00,190,190,190,190,0
2021-12-03 09:53:00,190,190,190,190,57600
2021-12-03 09:54:00,190,190,190,190,0
2021-12-03 09:55:00,190,190,190,190,100000
2021-12-03 09:56:00,190,190,190,190,84400
2021-12-03 09:57:00,190,190,190,190,405500
2021-12-03 09:58:00,190,190,190,190,0
2021-12-03 09:59:00,190,190,190,190,10000
2021-12-03 10:00:00,190,190,190,190,50100
2021-12-03 10:01:00,191,190,191,190,11300
2021-12-03 10:02:00,191,190,191,190,0
2021-12-03 10:03:00,190,190,190,190,41700
2021-12-03 10:04:00,190,190,190,190,0
2021-12-03 10:05:00,190,190,190,190,1200
2021-12-03 10:06:00,190,190,190,190,0
2021-12-03 10:07:00,190,190,190,190,0
2021-12-03 10:08:00,190,190,190,190,0
2021-12-03 10:09:00,190,190,190,190,0
2021-12-03 10:10:00,190,190,190,190,0
2021-12-03 10:11:00,190,190,190,190,2100
2021-12-03 10:12:00,190,189,190,189,55100
2021-12-03 10:13:00,190,190,190,190,200
2021-12-03 10:14:00,190,190,190,190,26300
2021-12-03 10:15:00,190,190,190,190,0
2021-12-03 10:16:00,189,189,189,189,6500
2021-12-03 10:17:00,189,189,189,189,0
2021-12-03 10:18:00,189,189,189,189,13300
2021-12-03 10:19:00,189,189,189,189,10000
2021-12-03 10:20:00,189,189,189,189,0
2021-12-03 10:21:00,189,189,189,189,0
2021-12-03 10:22:00,189,189,189,189,456300
2021-12-03 10:23:00,189,189,189,189,1700
2021-12-03 10:24:00,189,189,189,189,26700
2021-12-03 10:25:00,189,189,189,189,23500
2021-12-03 10:26:00,189,189,189,189,24900
2021-12-03 10:27:00,190,190,190,190,100
2021-12-03 10:28:00,190,190,190,190,0
2021-12-03 10:29:00,189,189,189,189,300
2021-12-03 10:30:00,190,190,190,190,100
2021-12-03 10:31:00,190,189,190,189,50600
2021-12-03 10:32:00,189,189,190,190,2000
2021-12-03 10:33:00,189,189,190,190,0
2021-12-03 10:34:00,189,188,189,188,16100
2021-12-03 10:35:00,189,188,189,188,0
2021-12-03 10:36:00,189,188,189,188,0
2021-12-03 10:37:00,190,190,190,190,100
2021-12-03 10:38:00,189,189,189,189,50000
2021-12-03 10:39:00,189,189,189,189,0
2021-12-03 10:40:00,189,189,189,189,103700
2021-12-03 10:41:00,189,189,189,189,0
2021-12-03 10:42:00,190,190,190,190,100
2021-12-03 10:43:00,189,189,189,189,24500
2021-12-03 10:44:00,189,189,189,189,1700
2021-12-03 10:45:00,189,189,189,189,1400
2021-12-03 10:46:00,189,189,189,189,2400
2021-12-03 10:47:00,190,190,190,190,11000
2021-12-03 10:48:00,190,190,190,190,300
2021-12-03 10:49:00,190,190,190,190,300
2021-12-03 10:50:00,190,190,190,190,0
2021-12-03 10:51:00,190,190,190,190,16600
2021-12-03 10:52:00,191,191,191,191,100
2021-12-03 10:53:00,191,191,191,191,0
2021-12-03 10:54:00,191,191,191,191,0
2021-12-03 10:55:00,191,191,191,191,0
2021-12-03 10:56:00,191,191,191,191,0
2021-12-03 10:57:00,191,191,191,191,0
2021-12-03 10:58:00,191,191,191,191,0
2021-12-03 10:59:00,191,191,192,192,336300
2021-12-03 11:00:00,192,192,192,192,24100
2021-12-03 11:01:00,192,192,192,192,27600
2021-12-03 11:02:00,192,191,192,191,13100
2021-12-03 11:03:00,192,191,192,191,0
2021-12-03 11:04:00,192,192,192,192,11000
2021-12-03 11:05:00,192,192,192,192,0
2021-12-03 11:06:00,193,191,193,192,160700
2021-12-03 11:07:00,192,192,193,193,11900
2021-12-03 11:08:00,192,192,193,193,0
2021-12-03 11:09:00,193,193,193,193,10000
2021-12-03 11:10:00,193,193,193,193,0
2021-12-03 11:11:00,193,192,193,192,5900
2021-12-03 11:12:00,192,192,192,192,3000
2021-12-03 11:13:00,192,192,193,193,3100
2021-12-03 11:14:00,192,192,193,193,0
2021-12-03 11:15:00,192,192,192,192,25000
2021-12-03 11:16:00,192,192,192,192,0
2021-12-03 11:17:00,192,192,193,193,56600
2021-12-03 11:18:00,192,192,192,192,188300
2021-12-03 11:19:00,192,192,192,192,7400
2021-12-03 11:20:00,191,191,191,191,84300
2021-12-03 11:21:00,191,191,191,191,0
2021-12-03 11:22:00,191,191,191,191,50000
2021-12-03 11:23:00,191,191,191,191,1000
2021-12-03 11:24:00,191,191,191,191,3700
2021-12-03 11:25:00,191,190,191,190,30700
2021-12-03 11:26:00,191,190,191,190,0
2021-12-03 11:27:00,191,190,191,190,0
2021-12-03 11:28:00,191,190,191,190,0
2021-12-03 11:29:00,191,191,191,191,5000
2021-12-03 11:30:00,191,191,191,191,0
2021-12-03 11:31:00,191,191,191,191,0
2021-12-03 11:32:00,191,191,191,191,0
2021-12-03 11:33:00,191,191,191,191,0
2021-12-03 11:34:00,191,191,191,191,0
2021-12-03 11:35:00,191,191,191,191,0
2021-12-03 11:36:00,191,191,191,191,0
2021-12-03 11:37:00,191,191,191,191,0
2021-12-03 11:38:00,191,191,191,191,0
2021-12-03 11:39:00,191,191,191,191,0
2021-12-03 11:40:00,191,191,191,191,0
2021-12-03 11:41:00,191,191,191,191,0
2021-12-03 11:42:00,191,191,191,191,0
2021-12-03 11:43:00,191,191,191,191,0
2021-12-03 11:44:00,191,191,191,191,0
2021-12-03 11:45:00,191,191,191,191,0
2021-12-03 11:46:00,191,191,191,191,0
2021-12-03 11:47:00,191,191,191,191,0
2021-12-03 11:48:00,191,191,191,191,0
2021-12-03 11:49:00,191,191,191,191,0
2021-12-03 11:50:00,191,191,191,191,0
2021-12-03 11:51:00,191,191,191,191,0
2021-12-03 11:52:00,191,191,191,191,0
2021-12-03 11:53:00,191,191,191,191,0
2021-12-03 11:54:00,191,191,191,191,0
2021-12-03 11:55:00,191,191,191,191,0
2021-12-03 11:56:00,191,191,191,191,0
2021-12-03 11:57:00,191,191,191,191,0
2021-12-03 11:58:00,191,191,191,191,0
2021-12-03 11:59:00,191,191,191,191,0
2021-12-03 12:00:00,191,191,191,191,0
2021-12-03 12:01:00,191,191,191,191,0
2021-12-03 12:02:00,191,191,191,191,0
2021-12-03 12:03:00,191,191,191,191,0
2021-12-03 12:04:00,191,191,191,191,0
2021-12-03 12:05:00,191,191,191,191,0
2021-12-03 12:06:00,191,191,191,191,0
2021-12-03 12:07:00,191,191,191,191,0
2021-12-03 12:08:00,191,191,191,191,0
2021-12-03 12:09:00,191,191,191,191,0
2021-12-03 12:10:00,191,191,191,191,0
2021-12-03 12:11:00,191,191,191,191,0
2021-12-03 12:12:00,191,191,191,191,0
2021-12-03 12:13:00,191,191,191,191,0
2021-12-03 12:14:00,191,191,191,191,0
2021-12-03 12:15:00,191,191,191,191,0
2021-12-03 12:16:00,191,191,191,191,0
2021-12-03 12:17:00,191,191,191,191,0
2021-12-03 12:18:00,191,191,191,191,0
2021-12-03 12:19:00,191,191,191,191,0
2021-12-03 12:20:00,191,191,191,191,0
2021-12-03 12:21:00,191,191,191,191,0
2021-12-03 12:22:00,191,191,191,191,0
2021-12-03 12:23:00,191,191,191,191,0
2021-12-03 12:24:00,191,191,191,191,0
2021-12-03 12:25:00,191,191,191,191,0
2021-12-03 12:26:00,191,191,191,191,0
2021-12-03 12:27:00,191,191,191,191,0
2021-12-03 12:28:00,191,191,191,191,0
2021-12-03 12:29:00,191,191,191,191,0
2021-12-03 12:30:00,191,191,191,191,0
2021-12-03 12:31:00,191,191,191,191,0
2021-12-03 12:32:00,191,191,191,191,0
2021-12-03 12:33:00,191,191,191,191,0
2021-12-03 12:34:00,191,191,191,191,0
2021-12-03 12:35:00,191,191,191,191,0
2021-12-03 12:36:00,191,191,191,191,0
2021-12-03 12:37:00,191,191,191,191,0
2021-12-03 12:38:00,191,191,191,191,0
2021-12-03 12:39:00,191,191,191,191,0
2021-12-03 12:40:00,191,191,191,191,0
2021-12-03 12:41:00,191,191,191,191,0
2021-12-03 12:42:00,191,191,191,191,0
2021-12-03 12:43:00,191,191,191,191,0
2021-12-03 12:44:00,191,191,191,191,0
2021-12-03 12:45:00,191,191,191,191,0
2021-12-03 12:46:00,191,191,191,191,0
2021-12-03 12:47:00,191,191,191,191,0
2021-12-03 12:48:00,191,191,191,191,0
2021-12-03 12:49:00,191,191,191,191,0
2021-12-03 12:50:00,191,191,191,191,0
2021-12-03 12:51:00,191,191,191,191,0
2021-12-03 12:52:00,191,191,191,191,0
2021-12-03 12:53:00,191,191,191,191,0
2021-12-03 12:54:00,191,191,191,191,0
2021-12-03 12:55:00,191,191,191,191,0
2021-12-03 12:56:00,191,191,191,191,0
2021-12-03 12:57:00,191,191,191,191,0
2021-12-03 12:58:00,191,191,191,191,0
2021-12-03 12:59:00,191,191,191,191,0
2021-12-03 13:00:00,191,191,191,191,0
2021-12-03 13:01:00,191,191,191,191,0
2021-12-03 13:02:00,191,191,191,191,0
2021-12-03 13:03:00,191,191,191,191,0
2021-12-03 13:04:00,191,191,191,191,0
2021-12-03 13:05:00,191,191,191,191,0
2021-12-03 13:06:00,191,191,191,191,0
2021-12-03 13:07:00,191,191,191,191,0
2021-12-03 13:08:00,191,191,191,191,0
2021-12-03 13:09:00,191,191,191,191,0
2021-12-03 13:10:00,191,191,191,191,0
2021-12-03 13:11:00,191,191,191,191,0
2021-12-03 13:12:00,191,191,191,191,0
2021-12-03 13:13:00,191,191,191,191,0
2021-12-03 13:14:00,191,191,191,191,0
2021-12-03 13:15:00,191,191,191,191,0
2021-12-03 13:16:00,191,191,191,191,0
2021-12-03 13:17:00,191,191,191,191,0
2021-12-03 13:18:00,191,191,191,191,0
2021-12-03 13:19:00,191,191,191,191,0
2021-12-03 13:20:00,191,191,191,191,0
2021-12-03 13:21:00,191,191,191,191,0
2021-12-03 13:22:00,191,191,191,191,0
2021-12-03 13:23:00,191,191,191,191,0
2021-12-03 13:24:00,191,191,191,191,0
2021-12-03 13:25:00,191,191,191,191,0
2021-12-03 13:26:00,191,191,191,191,0
2021-12-03 13:27:00,191,191,191,191,0
2021-12-03 13:28:00,191,191,191,191,0
2021-12-03 13:29:00,191,191,191,191,0
2021-12-03 13:30:00,191,191,191,191,41000
2021-12-03 13:31:00,191,191,191,191,0
2021-12-03 13:32:00,191,191,191,191,0
2021-12-03 13:33:00,191,191,191,191,0
2021-12-03 13:34:00,190,190,191,191,400
2021-12-03 13:35:00,190,190,190,190,4000
2021-12-03 13:36:00,191,191,191,191,13100
2021-12-03 13:37:00,191,191,191,191,0
2021-12-03 13:38:00,191,191,192,192,10100
2021-12-03 13:39:00,191,191,192,192,0
2021-12-03 13:40:00,191,191,192,192,0
2021-12-03 13:41:00,192,192,192,192,3000
2021-12-03 13:42:00,192,192,192,192,0
2021-12-03 13:43:00,192,192,192,192,0
2021-12-03 13:44:00,191,191,191,191,6700
2021-12-03 13:45:00,191,191,191,191,0
2021-12-03 13:46:00,192,192,192,192,100
2021-12-03 13:47:00,191,191,191,191,3300
2021-12-03 13:48:00,191,191,191,191,0
2021-12-03 13:49:00,192,192,192,192,100
2021-12-03 13:50:00,192,192,192,192,0
2021-12-03 13:51:00,192,192,192,192,0
2021-12-03 13:52:00,192,192,192,192,1000
2021-12-03 13:53:00,191,191,191,191,37800
2021-12-03 13:54:00,192,192,192,192,100
2021-12-03 13:55:00,191,191,191,191,10000
2021-12-03 13:56:00,191,191,191,191,0
2021-12-03 13:57:00,191,191,191,191,0
2021-12-03 13:58:00,191,191,191,191,0
2021-12-03 13:59:00,191,191,191,191,10000
2021-12-03 14:00:00,191,191,191,191,0
2021-12-03 14:01:00,191,191,191,191,0
2021-12-03 14:02:00,191,191,191,191,140700
2021-12-03 14:03:00,191,191,191,191,0
2021-12-03 14:04:00,191,191,191,191,1000
2021-12-03 14:05:00,191,191,191,191,10500
2021-12-03 14:06:00,191,191,191,191,0
2021-12-03 14:07:00,191,191,191,191,0
2021-12-03 14:08:00,190,190,190,190,4200
2021-12-03 14:09:00,190,190,190,190,0
2021-12-03 14:10:00,190,190,190,190,20000
2021-12-03 14:11:00,190,190,190,190,0
2021-12-03 14:12:00,190,190,190,190,0
2021-12-03 14:13:00,190,190,191,191,5100
2021-12-03 14:14:00,191,191,191,191,1300
2021-12-03 14:15:00,191,190,191,190,4800
2021-12-03 14:16:00,190,190,190,190,28900
2021-12-03 14:17:00,190,190,190,190,0
2021-12-03 14:18:00,191,190,191,190,3100
2021-12-03 14:19:00,191,190,191,190,0
2021-12-03 14:20:00,191,191,191,191,1000
2021-12-03 14:21:00,190,190,190,190,1500
2021-12-03 14:22:00,191,190,191,190,13400
2021-12-03 14:23:00,191,190,191,190,0
2021-12-03 14:24:00,190,190,190,190,100
2021-12-03 14:25:00,190,190,191,191,48800
2021-12-03 14:26:00,191,191,191,191,3000
2021-12-03 14:27:00,191,190,191,190,14300
2021-12-03 14:28:00,191,191,191,191,300
2021-12-03 14:29:00,191,191,191,191,0
2021-12-03 14:30:00,191,190,191,190,61900
2021-12-03 14:31:00,191,190,191,190,0
2021-12-03 14:32:00,190,190,190,190,10000
2021-12-03 14:33:00,190,190,190,190,0
2021-12-03 14:34:00,191,191,191,191,100
2021-12-03 14:35:00,191,191,191,191,20000
2021-12-03 14:36:00,191,191,191,191,0
2021-12-03 14:37:00,191,191,191,191,0
2021-12-03 14:38:00,191,191,191,191,0
2021-12-03 14:39:00,191,191,191,191,0
2021-12-03 14:40:00,191,191,191,191,0
2021-12-03 14:41:00,191,191,191,191,3000
2021-12-03 14:42:00,191,191,191,191,200
2021-12-03 14:43:00,191,191,191,191,0
2021-12-03 14:44:00,191,191,191,191,100000
2021-12-03 14:45:00,191,191,191,191,0
2021-12-03 14:46:00,191,191,191,191,2000
2021-12-03 14:47:00,191,190,191,190,11000
2021-12-03 14:48:00,191,190,191,190,0
2021-12-03 14:49:00,191,190,191,190,0
2021-12-03 14:50:00,191,190,191,190,0
2021-12-03 14:51:00,191,190,191,190,0
2021-12-03 14:52:00,191,190,191,190,0
2021-12-03 14:53:00,191,190,191,190,0
2021-12-03 14:54:00,191,190,191,190,0
2021-12-03 14:55:00,191,190,191,190,0
2021-12-03 14:56:00,191,190,191,190,0
2021-12-03 14:57:00,191,190,191,190,0
2021-12-03 14:58:00,191,190,191,190,0
2021-12-03 14:59:00,191,190,191,190,0
2021-12-03 15:00:00,190,190,190,190,740000
2021-12-03 15:01:00,190,190,190,190,0
2021-12-03 15:02:00,190,190,190,190,0
2021-12-03 15:03:00,190,190,190,190,0
2021-12-03 15:04:00,190,190,190,190,0
2021-12-03 15:05:00,190,190,190,190,61100
2021-12-03 15:06:00,190,190,190,190,0
2021-12-03 15:07:00,190,190,190,190,0
2021-12-03 15:08:00,190,190,190,190,0
2021-12-03 15:09:00,190,190,190,190,0
2021-12-03 15:10:00,190,190,190,190,0
2021-12-03 15:11:00,190,190,190,190,0
2021-12-03 15:12:00,190,190,190,190,0
2021-12-03 15:13:00,190,190,190,190,600
2021-12-03 15:14:00,190,190,190,190,0
2021-12-03 15:15:00,190,190,190,190,0
2021-12-03 15:16:00,190,190,190,190,0
2021-12-03 15:17:00,190,190,190,190,0
2021-12-03 15:18:00,190,190,190,190,0
2021-12-03 15:19:00,190,190,190,190,0
2021-12-03 15:20:00,190,190,190,190,0
2021-12-03 15:21:00,190,190,190,190,0
2021-12-03 15:22:00,190,190,190,190,0
2021-12-03 15:23:00,190,190,190,190,0
2021-12-03 15:24:00,190,190,190,190,0
2021-12-03 15:25:00,190,190,190,190,0
2021-12-03 15:26:00,190,190,190,190,0
2021-12-03 15:27:00,190,190,190,190,0
2021-12-03 15:28:00,190,190,190,190,0
2021-12-03 15:29:00,190,190,190,190,0
2021-12-03 15:30:00,190,190,190,190,0
2021-12-03 15:31:00,190,190,190,190,0
2021-12-03 15:32:00,190,190,190,190,0
2021-12-03 15:33:00,190,190,190,190,0
2021-12-03 15:34:00,190,190,190,190,0
2021-12-03 15:35:00,190,190,190,190,0
2021-12-03 15:36:00,190,190,190,190,0
2021-12-03 15:37:00,190,190,190,190,0
2021-12-03 15:38:00,190,190,190,190,0
2021-12-03 15:39:00,190,190,190,190,0
2021-12-03 15:40:00,190,190,190,190,0
2021-12-03 15:41:00,190,190,190,190,0
2021-12-03 15:42:00,190,190,190,190,0
2021-12-03 15:43:00,190,190,190,190,0
2021-12-03 15:44:00,190,190,190,190,0
2021-12-03 15:45:00,190,190,190,190,0
2021-12-03 15:46:00,190,190,190,190,0
2021-12-03 15:47:00,190,190,190,190,0
2021-12-03 15:48:00,190,190,190,190,0
2021-12-03 15:49:00,190,190,190,190,0
2021-12-03 15:50:00,190,190,190,190,0
2021-12-03 15:51:00,190,190,190,190,0
2021-12-03 15:52:00,190,190,190,190,0
2021-12-03 15:53:00,190,190,190,190,0
2021-12-03 15:54:00,190,190,190,190,0
2021-12-03 15:55:00,190,190,190,190,0
2021-12-03 15:56:00,190,190,190,190,0
2021-12-03 15:57:00,190,190,190,190,0
2021-12-03 15:58:00,190,190,190,190,0
2021-12-03 15:59:00,190,190,190,190,0
2021-12-06 09:00:00,197,197,197,197,0
2021-12-06 09:01:00,197,197,197,197,0
2021-12-06 09:02:00,197,197,197,197,0
2021-12-06 09:03:00,197,197,197,197,0
2021-12-06 09:04:00,197,197,197,197,0
2021-12-06 09:05:00,197,197,197,197,0
2021-12-06 09:06:00,197,197,197,197,0
2021-12-06 09:07:00,197,197,197,197,0
2021-12-06 09:08:00,197,197,197,197,0
2021-12-06 09:09:00,197,197,197,197,0
2021-12-06 09:10:00,197,197,197,197,0
2021-12-06 09:11:00,197,197,197,197,0
2021-12-06 09:12:00,197,197,197,197,0
2021-12-06 09:13:00,197,197,197,197,0
2021-12-06 09:14:00,197,197,197,197,0
2021-12-06 09:15:00,197,197,197,197,0
2021-12-06 09:16:00,197,197,197,197,0
2021-12-06 09:17:00,197,197,197,197,0
2021-12-06 09:18:00,197,197,197,197,0
2021-12-06 09:19:00,197,197,197,197,0
2021-12-06 09:20:00,197,197,197,197,0
2021-12-06 09:21:00,197,197,197,197,0
2021-12-06 09:22:00,197,197,197,197,0
2021-12-06 09:23:00,197,197,197,197,0
2021-12-06 09:24:00,197,197,197,197,0
2021-12-06 09:25:00,197,197,197,197,0
2021-12-06 09:26:00,197,197,197,197,0
2021-12-06 09:27:00,197,197,197,197,0
2021-12-06 09:28:00,197,197,197,197,0
2021-12-06 09:29:00,197,197,197,197,0
2021-12-06 09:30:00,197,197,197,197,0
2021-12-06 09:31:00,197,197,197,197,0
2021-12-06 09:32:00,197,197,197,197,0
2021-12-06 09:33:00,197,197,197,197,0
2021-12-06 09:34:00,197,197,197,197,0
2021-12-06 09:35:00,197,197,197,197,0
2021-12-06 09:36:00,197,197,197,197,0
2021-12-06 09:37:00,197,197,197,197,0
2021-12-06 09:38:00,197,197,197,197,0
2021-12-06 09:39:00,197,197,197,197,0
2021-12-06 09:40:00,197,197,197,197,0
2021-12-06 09:41:00,197,197,197,197,0
2021-12-06 09:42:00,197,197,197,197,0
2021-12-06 09:43:00,197,197,197,197,0
2021-12-06 09:44:00,197,197,197,197,0
2021-12-06 09:45:00,197,197,197,197,0
2021-12-06 09:46:00,197,197,197,197,0
2021-12-06 09:47:00,197,197,197,197,0
2021-12-06 09:48:00,197,197,197,197,0
2021-12-06 09:49:00,197,197,197,197,0
2021-12-06 09:50:00,197,197,197,197,0
2021-12-06 09:51:00,197,197,197,197,0
2021-12-06 09:52:00,197,197,197,197,0
2021-12-06 09:53:00,197,197,197,197,0
2021-12-06 09:54:00,197,197,197,197,0
2021-12-06 09:55:00,197,197,197,197,0
2021-12-06 09:56:00,197,197,197,197,0
2021-12-06 09:57:00,197,197,197,197,0
2021-12-06 09:58:00,197,197,197,197,0
2021-12-06 09:59:00,197,197,197,197,0
2021-12-06 10:00:00,197,197,197,197,0
2021-12-06 10:01:00,197,197,197,197,0
2021-12-06 10:02:00,197,197,197,197,0
2021-12-06 10:03:00,197,197,197,197,0
2021-12-06 10:04:00,197,197,197,197,0
2021-12-06 10:05:00,197,197,197,197,0
2021-12-06 10:06:00,197,197,197,197,0
2021-12-06 10:07:00,197,197,197,197,0
2021-12-06 10:08:00,197,197,197,197,0
2021-12-06 10:09:00,197,197,197,197,0
2021-12-06 10:10:00,197,197,197,197,0
2021-12-06 10:11:00,197,197,197,197,0
2021-12-06 10:12:00,197,197,197,197,0
2021-12-06 10:13:00,197,197,197,197,0
2021-12-06 10:14:00,197,197,197,197,0
2021-12-06 10:15:00,197,197,197,197,0
2021-12-06 10:16:00,197,197,197,197,0
2021-12-06 10:17:00,197,197,197,197,0
2021-12-06 10:18:00,197,197,197,197,0
2021-12-06 10:19:00,197,197,197,197,0
2021-12-06 10:20:00,197,197,197,197,0
2021-12-06 10:21:00,197,197,197,197,0
2021-12-06 10:22:00,197,197,197,197,0
2021-12-06 10:23:00,197,197,197,197,0
2021-12-06 10:24:00,197,197,197,197,0
2021-12-06 10:25:00,197,197,197,197,0
2021-12-06 10:26:00,197,197,197,197,0
2021-12-06 10:27:00,197,197,197,197,0
2021-12-06 10:28:00,197,197,197,197,0
2021-12-06 10:29:00,197,197,197,197,0
2021-12-06 10:30:00,197,197,197,197,0
2021-12-06 10:31:00,197,197,197,197,0
2021-12-06 10:32:00,197,197,197,197,0
2021-12-06 10:33:00,197,197,197,197,0
2021-12-06 10:34:00,197,197,197,197,0
2021-12-06 10:35:00,197,197,197,197,0
2021-12-06 10:36:00,197,197,197,197,0
2021-12-06 10:37:00,197,197,197,197,0
2021-12-06 10:38:00,197,197,197,197,0
2021-12-06 10:39:00,197,197,197,197,0
2021-12-06 10:40:00,197,197,197,197,0
2021-12-06 10:41:00,197,197,197,197,0
2021-12-06 10:42:00,197,197,197,197,0
2021-12-06 10:43:00,197,197,197,197,0
2021-12-06 10:44:00,197,197,197,197,0
2021-12-06 10:45:00,197,197,197,197,0
2021-12-06 10:46:00,197,197,197,197,0
2021-12-06 10:47:00,197,197,197,197,0
2021-12-06 10:48:00,197,197,197,197,0
2021-12-06 10:49:00,197,197,197,197,0
2021-12-06 10:50:00,197,197,197,197,0
2021-12-06 10:51:00,197,197,197,197,0
2021-12-06 10:52:00,197,197,197,197,0
2021-12-06 10:53:00,197,197,197,197,0
2021-12-06 10:54:00,197,197,197,197,0
2021-12-06 10:55:00,197,197,197,197,0
2021-12-06 10:56:00,197,197,197,197,0
2021-12-06 10:57:00,197,197,197,197,0
2021-12-06 10:58:00,197,197,197,197,0
2021-12-06 10:59:00,197,197,197,197,0
2021-12-06 11:00:00,197,197,197,197,0
2021-12-06 11:01:00,197,197,197,197,0
2021-12-06 11:02:00,197,197,197,197,0
2021-12-06 11:03:00,197,197,197,197,0
2021-12-06 11:04:00,197,197,197,197,0
2021-12-06 11:05:00,197,197,197,197,0
2021-12-06 11:06:00,197,197,197,197,0
2021-12-06 11:07:00,197,197,197,197,0
2021-12-06 11:08:00,197,197,197,197,0
2021-12-06 11:09:00,197,197,197,197,0
2021-12-06 11:10:00,197,197,197,197,0
2021-12-06 11:11:00,197,197,197,197,0
2021-12-06 11:12:00,197,197,197,197,0
2021-12-06 11:13:00,197,197,197,197,0
2021-12-06 11:14:00,197,197,197,197,0
2021-12-06 11:15:00,197,197,197,197,0
2021-12-06 11:16:00,197,197,197,197,0
2021-12-06 11:17:00,197,197,197,197,0
2021-12-06 11:18:00,197,197,197,197,0
2021-12-06 11:19:00,197,197,197,197,0
2021-12-06 11:20:00,197,197,197,197,0
2021-12-06 11:21:00,197,197,197,197,0
2021-12-06 11:22:00,197,197,197,197,0
2021-12-06 11:23:00,197,197,197,197,0
2021-12-06 11:24:00,197,197,197,197,0
2021-12-06 11:25:00,197,197,197,197,0
2021-12-06 11:26:00,197,197,197,197,0
2021-12-06 11:27:00,197,197,197,197,0
2021-12-06 11:28:00,197,197,197,197,0
2021-12-06 11:29:00,197,197,197,197,0
2021-12-06 11:30:00,197,197,197,197,0
2021-12-06 11:31:00,197,197,197,197,0
2021-12-06 11:32:00,197,197,197,197,0
2021-12-06 11:33:00,197,197,197,197,0
2021-12-06 11:34:00,197,197,197,197,0
2021-12-06 11:35:00,197,197,197,197,0
2021-12-06 11:36:00,197,197,197,197,0
2021-12-06 11:37:00,197,197,197,197,0
2021-12-06 11:38:00,197,197,197,197,0
2021-12-06 11:39:00,197,197,197,197,0
2021-12-06 11:40:00,197,197,197,197,0
2021-12-06 11:41:00,197,197,197,197,0
2021-12-06 11:42:00,197,197,197,197,0
2021-12-06 11:43:00,197,197,197,197,0
2021-12-06 11:44:00,197,197,197,197,0
2021-12-06 11:45:00,197,197,197,197,0
2021-12-06 11:46:00,197,197,197,197,0
2021-12-06 11:47:00,197,197,197,197,0
2021-12-06 11:48:00,197,197,197,197,0
2021-12-06 11:49:00,197,197,197,197,0
2021-12-06 11:50:00,197,197,197,197,0
2021-12-06 11:51:00,197,197,197,197,0
2021-12-06 11:52:00,197,197,197,197,0
2021-12-06 11:53:00,197,197,197,197,0
2021-12-06 11:54:00,197,197,197,197,0
2021-12-06 11:55:00,197,197,197,197,0
2021-12-06 11:56:00,197,197,197,197,0
2021-12-06 11:57:00,197,197,197,197,0
2021-12-06 11:58:00,197,197,197,197,0
2021-12-06 11:59:00,197,197,197,197,0
2021-12-06 12:00:00,197,197,197,197,0
2021-12-06 12:01:00,197,197,197,197,0
2021-12-06 12:02:00,197,197,197,197,0
2021-12-06 12:03:00,197,197,197,197,0
2021-12-06 12:04:00,197,197,197,197,0
2021-12-06 12:05:00,197,197,197,197,0
2021-12-06 12:06:00,197,197,197,197,0
2021-12-06 12:07:00,197,197,197,197,0
2021-12-06 12:08:00,197,197,197,197,0
2021-12-06 12:09:00,197,197,197,197,0
2021-12-06 12:10:00,197,197,197,197,0
2021-12-06 12:11:00,197,197,197,197,0
2021-12-06 12:12:00,197,197,197,197,0
2021-12-06 12:13:00,197,197,197,197,0
2021-12-06 12:14:00,197,197,197,197,0
2021-12-06 12:15:00,197,197,197,197,0
2021-12-06 12:16:00,197,197,197,197,0
2021-12-06 12:17:00,197,197,197,197,0
2021-12-06 12:18:00,197,197,197,197,0
2021-12-06 12:19:00,197,197,197,197,0
2021-12-06 12:20:00,197,197,197,197,0
2021-12-06 12:21:00,197,197,197,197,0
2021-12-06 12:22:00,197,197,197,197,0
2021-12-06 12:23:00,197,197,197,197,0
2021-12-06 12:24:00,197,197,197,197,0
2021-12-06 12:25:00,197,197,197,197,0
2021-12-06 12:26:00,197,197,197,197,0
2021-12-06 12:27:00,197,197,197,197,0
2021-12-06 12:28:00,197,197,197,197,0
2021-12-06 12:29:00,197,197,197,197,0
2021-12-06 12:30:00,197,197,197,197,0
2021-12-06 12:31:00,197,197,197,197,0
2021-12-06 12:32:00,197,197,197,197,0
2021-12-06 12:33:00,197,197,197,197,0
2021-12-06 12:34:00,197,197,197,197,0
2021-12-06 12:35:00,197,197,197,197,0
2021-12-06 12:36:00,197,197,197,197,0
2021-12-06 12:37:00,197,197,197,197,0
2021-12-06 12:38:00,197,197,197,197,0
2021-12-06 12:39:00,197,197,197,197,0
2021-12-06 12:40:00,197,197,197,197,0
2021-12-06 12:41:00,197,197,197,197,0
2021-12-06 12:42:00,197,197,197,197,0
2021-12-06 12:43:00,197,197,197,197,0
2021-12-06 12:44:00,197,197,197,197,0
2021-12-06 12:45:00,197,197,197,197,0
2021-12-06 12:46:00,197,197,197,197,0
2021-12-06 12:47:00,197,197,197,197,0
2021-12-06 12:48:00,197,197,197,197,0
2021-12-06 12:49:00,197,197,197,197,0
2021-12-06 12:50:00,197,197,197,197,0
2021-12-06 12:51:00,197,197,197,197,0
2021-12-06 12:52:00,197,197,197,197,0
2021-12-06 12:53:00,197,197,197,197,0
2021-12-06 12:54:00,197,197,197,197,0
2021-12-06 12:55:00,197,197,197,197,0
2021-12-06 12:56:00,197,197,197,197,0
2021-12-06 12:57:00,197,197,197,197,0
2021-12-06 12:58:00,197,197,197,197,0
2021-12-06 12:59:00,197,197,197,197,0
2021-12-06 13:00:00,197,197,197,197,0
2021-12-06 13:01:00,197,197,197,197,0
2021-12-06 13:02:00,197,197,197,197,0
2021-12-06 13:03:00,197,197,197,197,0
2021-12-06 13:04:00,197,197,197,197,0
2021-12-06 13:05:00,197,197,197,197,0
2021-12-06 13:06:00,197,197,197,197,0
2021-12-06 13:07:00,197,197,197,197,0
2021-12-06 13:08:00,197,197,197,197,0
2021-12-06 13:09:00,197,197,197,197,0
2021-12-06 13:10:00,197,197,197,197,0
2021-12-06 13:11:00,197,197,197,197,0
2021-12-06 13:12:00,197,197,197,197,0
2021-12-06 13:13:00,197,197,197,197,0
2021-12-06 13:14:00,197,197,197,197,0
2021-12-06 13:15:00,197,197,197,197,0
2021-12-06 13:16:00,197,197,197,197,0
2021-12-06 13:17:00,197,197,197,197,0
2021-12-06 13:18:00,197,197,197,197,0
2021-12-06 13:19:00,197,197,197,197,0
2021-12-06 13:20:00,197,197,197,197,0
2021-12-06 13:21:00,197,197,197,197,0
2021-12-06 13:22:00,197,197,197,197,0
2021-12-06 13:23:00,197,197,197,197,0
2021-12-06 13:24:00,197,197,197,197,0
2021-12-06 13:25:00,197,197,197,197,0
2021-12-06 13:26:00,197,197,197,197,0
2021-12-06 13:27:00,197,197,197,197,0
2021-12-06 13:28:00,197,197,197,197,0
2021-12-06 13:29:00,197,197,197,197,0
2021-12-06 13:30:00,197,197,197,197,0
2021-12-06 13:31:00,197,197,197,197,0
2021-12-06 13:32:00,197,197,197,197,0
2021-12-06 13:33:00,197,197,197,197,0
2021-12-06 13:34:00,197,197,197,197,0
2021-12-06 13:35:00,197,197,197,197,0
2021-12-06 13:36:00,197,197,197,197,0
2021-12-06 13:37:00,197,197,197,197,0
2021-12-06 13:38:00,197,197,197,197,0
2021-12-06 13:39:00,197,197,197,197,0
2021-12-06 13:40:00,197,197,197,197,0
2021-12-06 13:41:00,197,197,197,197,0
2021-12-06 13:42:00,197,197,197,197,0
2021-12-06 13:43:00,197,197,197,197,0
2021-12-06 13:44:00,197,197,197,197,0
2021-12-06 13:45:00,197,197,197,197,0
2021-12-06 13:46:00,197,197,197,197,0
2021-12-06 13:47:00,197,197,197,197,0
2021-12-06 13:48:00,197,197,197,197,0
2021-12-06 13:49:00,197,197,197,197,0
2021-12-06 13:50:00,197,197,197,197,0
2021-12-06 13:51:00,197,197,197,197,0
2021-12-06 13:52:00,197,197,197,197,0
2021-12-06 13:53:00,197,197,197,197,0
2021-12-06 13:54:00,197,197,197,197,0
2021-12-06 13:55:00,197,197,197,197,0
2021-12-06 13:56:00,197,197,197,197,0
2021-12-06 13:57:00,197,197,197,197,0
2021-12-06 13:58:00,197,197,197,197,0
2021-12-06 13:59:00,197,197,197,197,0
2021-12-06 14:00:00,197,197,197,197,0
2021-12-06 14:01:00,197,197,197,197,0
2021-12-06 14:02:00,197,197,197,197,0
2021-12-06 14:03:00,197,197,197,197,0
2021-12-06 14:04:00,197,197,197,197,0
2021-12-06 14:05:00,197,197,197,197,0
2021-12-06 14:06:00,197,197,197,197,0
2021-12-06 14:07:00,197,197,197,197,0
2021-12-06 14:08:00,197,197,197,197,0
2021-12-06 14:09:00,197,197,197,197,0
2021-12-06 14:10:00,197,197,197,197,0
2021-12-06 14:11:00,197,197,197,197,0
2021-12-06 14:12:00,197,197,197,197,0
2021-12-06 14:13:00,197,197,197,197,0
2021-12-06 14:14:00,197,197,197,197,0
2021-12-06 14:15:00,197,197,197,197,0
2021-12-06 14:16:00,197,197,197,197,0
2021-12-06 14:17:00,197,197,197,197,0
2021-12-06 14:18:00,197,197,197,197,0
2021-12-06 14:19:00,197,197,197,197,0
2021-12-06 14:20:00,197,197,197,197,0
2021-12-06 14:21:00,197,197,197,197,0
2021-12-06 14:22:00,197,197,197,197,0
2021-12-06 14:23:00,197,197,197,197,0
2021-12-06 14:24:00,197,197,197,197,0
2021-12-06 14:25:00,197,197,197,197,0
2021-12-06 14:26:00,197,197,197,197,0
2021-12-06 14:27:00,197,197,197,197,0
2021-12-06 14:28:00,197,197,197,197,0
2021-12-06 14:29:00,197,197,197,197,0
2021-12-06 14:30:00,197,197,197,197,0
2021-12-06 14:31:00,197,197,197,197,0
2021-12-06 14:32:00,197,197,197,197,0
2021-12-06 14:33:00,197,197,197,197,0
2021-12-06 14:34:00,197,197,197,197,0
2021-12-06 14:35:00,197,197,197,197,0
2021-12-06 14:36:00,197,197,197,197,0
2021-12-06 14:37:00,197,197,197,197,0
2021-12-06 14:38:00,197,197,197,197,0
2021-12-06 14:39:00,197,197,197,197,0
2021-12-06 14:40:00,197,197,197,197,0
2021-12-06 14:41:00,197,197,197,197,0
2021-12-06 14:42:00,197,197,197,197,0
2021-12-06 14:43:00,197,197,197,197,0
2021-12-06 14:44:00,197,197,197,197,0
2021-12-06 14:45:00,197,197,197,197,0
2021-12-06 14:46:00,197,197,197,197,0
2021-12-06 14:47:00,197,197,197,197,0
2021-12-06 14:48:00,197,197,197,197,0
2021-12-06 14:49:00,197,197,197,197,0
2021-12-06 14:50:00,197,197,197,197,0
2021-12-06 14:51:00,197,197,197,197,0
2021-12-06 14:52:00,197,197,197,197,0
2021-12-06 14:53:00,197,197,197,197,0
2021-12-06 14:54:00,197,197,197,197,0
2021-12-06 14:55:00,197,197,197,197,0
2021-12-06 14:56:00,197,197,197,197,0
2021-12-06 14:57:00,197,197,197,197,0
2021-12-06 14:58:00,197,197,197,197,0
2021-12-06 14:59:00,197,197,197,197,0
2021-12-06 15:00:00,197,197,197,197,0
2021-12-06 15:01:00,197,197,197,197,0
2021-12-06 15:02:00,197,197,197,197,0
2021-12-06 15:03:00,197,197,197,197,0
2021-12-06 15:04:00,197,197,197,197,0
2021-12-06 15:05:00,197,197,197,197,0
2021-12-06 15:06:00,197,197,197,197,0
2021-12-06 15:07:00,197,197,197,197,0
2021-12-06 15:08:00,197,197,197,197,0
2021-12-06 15:09:00,197,197,197,197,0
2021-12-06 15:10:00,197,197,197,197,0
2021-12-06 15:11:00,197,197,197,197,0
2021-12-06 15:12:00,197,197,197,197,0
2021-12-06 15:13:00,197,197,197,197,0
2021-12-06 15:14:00,197,197,197,197,0
2021-12-06 15:15:00,197,197,197,197,0
2021-12-06 15:16:00,197,197,197,197,0
2021-12-06 15:17:00,197,197,197,197,0
2021-12-06 15:18:00,197,197,197,197,0
2021-12-06 15:19:00,197,197,197,197,0
2021-12-06 15:20:00,197,197,197,197,0
2021-12-06 15:21:00,197,197,197,197,0
2021-12-06 15:22:00,197,197,197,197,0
2021-12-06 15:23:00,197,197,197,197,0
2021-12-06 15:24:00,197,197,197,197,0
2021-12-06 15:25:00,197,197,197,197,0
2021-12-06 15:26:00,197,197,197,197,0
2021-12-06 15:27:00,197,197,197,197,0
2021-12-06 15:28:00,197,197,197,197,0
2021-12-06 15:29:00,197,197,197,197,0
2021-12-06 15:30:00,197,197,197,197,0
2021-12-06 15:31:00,197,197,197,197,0
2021-12-06 15:32:00,197,197,197,197,0
2021-12-06 15:33:00,197,197,197,197,0
2021-12-06 15:34:00,197,197,197,197,0
2021-12-06 15:35:00,197,197,197,197,0
2021-12-06 15:36:00,197,197,197,197,0
2021-12-06 15:37:00,197,197,197,197,0
2021-12-06 15:38:00,197,197,197,197,0
2021-12-06 15:39:00,197,197,197,197,0
2021-12-06 15:40:00,197,197,197,197,0
2021-12-06 15:41:00,197,197,197,197,0
2021-12-06 15:42:00,197,197,197,197,0
2021-12-06 15:43:00,197,197,197,197,0
2021-12-06 15:44:00,197,197,197,197,0
2021-12-06 15:45:00,197,197,197,197,0
2021-12-06 15:46:00,197,197,197,197,0
2021-12-06 15:47:00,197,197,197,197,0
2021-12-06 15:48:00,197,197,197,197,0
2021-12-06 15:49:00,197,197,197,197,0
2021-12-06 15:50:00,197,197,197,197,0
2021-12-06 15:51:00,197,197,197,197,0
2021-12-06 15:52:00,197,197,197,197,0
2021-12-06 15:53:00,197,197,197,197,0
2021-12-06 15:54:00,197,197,197,197,0
2021-12-06 15:55:00,197,197,197,197,0
2021-12-06 15:56:00,197,197,197,197,0
2021-12-06 15:57:00,197,197,197,197,0
2021-12-06 15:58:00,197,197,197,197,0
2021-12-06 15:59:00,197,197,197,197,0
2021-12-07 09:00:00,197,197,197,197,0
2021-12-07 09:01:00,197,197,197,197,0
2021-12-07 09:02:00,197,197,197,197,0
2021-12-07 09:03:00,197,197,197,197,0
2021-12-07 09:04:00,197,197,197,197,0
2021-12-07 09:05:00,197,197,197,197,0
2021-12-07 09:06:00,197,197,197,197,0
2021-12-07 09:07:00,197,197,197,197,0
2021-12-07 09:08:00,197,197,197,197,0
2021-12-07 09:09:00,197,197,197,197,0
2021-12-07 09:10:00,197,197,197,197,0
2021-12-07 09:11:00,197,197,197,197,0
2021-12-07 09:12:00,197,197,197,197,0
2021-12-07 09:13:00,197,197,197,197,0
2021-12-07 09:14:00,197,197,197,197,0
2021-12-07 09:15:00,197,197,197,197,0
2021-12-07 09:16:00,197,197,197,197,0
2021-12-07 09:17:00,197,197,197,197,0
2021-12-07 09:18:00,197,197,197,197,0
2021-12-07 09:19:00,197,197,197,197,0
2021-12-07 09:20:00,197,197,197,197,0
2021-12-07 09:21:00,197,197,197,197,0
2021-12-07 09:22:00,197,197,197,197,0
2021-12-07 09:23:00,197,197,197,197,0
2021-12-07 09:24:00,197,197,197,197,0
2021-12-07 09:25:00,197,197,197,197,0
2021-12-07 09:26:00,197,197,197,197,0
2021-12-07 09:27:00,197,197,197,197,0
2021-12-07 09:28:00,197,197,197,197,0
2021-12-07 09:29:00,197,197,197,197,0
2021-12-07 09:30:00,197,197,197,197,0
2021-12-07 09:31:00,197,197,197,197,0
2021-12-07 09:32:00,197,197,197,197,0
2021-12-07 09:33:00,197,197,197,197,0
2021-12-07 09:34:00,197,197,197,197,0
2021-12-07 09:35:00,197,197,197,197,0
2021-12-07 09:36:00,197,197,197,197,0
2021-12-07 09:37:00,197,197,197,197,0
2021-12-07 09:38:00,197,197,197,197,0
2021-12-07 09:39:00,197,197,197,197,0
2021-12-07 09:40:00,197,197,197,197,0
2021-12-07 09:41:00,197,197,197,197,0
2021-12-07 09:42:00,197,197,197,197,0
2021-12-07 09:43:00,197,197,197,197,0
2021-12-07 09:44:00,197,197,197,197,0
2021-12-07 09:45:00,197,197,197,197,0
2021-12-07 09:46:00,197,197,197,197,0
2021-12-07 09:47:00,197,197,197,197,0
2021-12-07 09:48:00,197,197,197,197,0
2021-12-07 09:49:00,197,197,197,197,0
2021-12-07 09:50:00,197,197,197,197,0
2021-12-07 09:51:00,197,197,197,197,0
2021-12-07 09:52:00,197,197,197,197,0
2021-12-07 09:53:00,197,197,197,197,0
2021-12-07 09:54:00,197,197,197,197,0
2021-12-07 09:55:00,197,197,197,197,0
2021-12-07 09:56:00,197,197,197,197,0
2021-12-07 09:57:00,197,197,197,197,0
2021-12-07 09:58:00,197,197,197,197,0
2021-12-07 09:59:00,197,197,197,197,0
2021-12-07 10:00:00,197,197,197,197,0
2021-12-07 10:01:00,197,197,197,197,0
2021-12-07 10:02:00,197,197,197,197,0
2021-12-07 10:03:00,197,197,197,197,0
2021-12-07 10:04:00,197,197,197,197,0
2021-12-07 10:05:00,197,197,197,197,0
2021-12-07 10:06:00,197,197,197,197,0
2021-12-07 10:07:00,197,197,197,197,0
2021-12-07 10:08:00,197,197,197,197,0
2021-12-07 10:09:00,197,197,197,197,0
2021-12-07 10:10:00,197,197,197,197,0
2021-12-07 10:11:00,197,197,197,197,0
2021-12-07 10:12:00,197,197,197,197,0
2021-12-07 10:13:00,197,197,197,197,0
2021-12-07 10:14:00,197,197,197,197,0
2021-12-07 10:15:00,197,197,197,197,0
2021-12-07 10:16:00,197,197,197,197,0
2021-12-07 10:17:00,197,197,197,197,0
2021-12-07 10:18:00,197,197,197,197,0
2021-12-07 10:19:00,197,197,197,197,0
2021-12-07 10:20:00,197,197,197,197,0
2021-12-07 10:21:00,197,197,197,197,0
2021-12-07 10:22:00,197,197,197,197,0
2021-12-07 10:23:00,197,197,197,197,0
2021-12-07 10:24:00,197,197,197,197,0
2021-12-07 10:25:00,197,197,197,197,0
2021-12-07 10:26:00,197,197,197,197,0
2021-12-07 10:27:00,197,197,197,197,0
2021-12-07 10:28:00,197,197,197,197,0
2021-12-07 10:29:00,197,197,197,197,0
2021-12-07 10:30:00,197,197,197,197,0
2021-12-07 10:31:00,197,197,197,197,0
2021-12-07 10:32:00,197,197,197,197,0
2021-12-07 10:33:00,197,197,197,197,0
2021-12-07 10:34:00,197,197,197,197,0
2021-12-07 10:35:00,197,197,197,197,0
2021-12-07 10:36:00,197,197,197,197,0
2021-12-07 10:37:00,197,197,197,197,0
2021-12-07 10:38:00,197,197,197,197,0
2021-12-07 10:39:00,197,197,197,197,0
2021-12-07 10:40:00,197,197,197,197,0
2021-12-07 10:41:00,197,197,197,197,0
2021-12-07 10:42:00,197,197,197,197,0
2021-12-07 10:43:00,197,197,197,197,0
2021-12-07 10:44:00,197,197,197,197,0
2021-12-07 10:45:00,197,197,197,197,0
2021-12-07 10:46:00,197,197,197,197,0
2021-12-07 10:47:00,197,197,197,197,0
2021-12-07 10:48:00,197,197,197,197,0
2021-12-07 10:49:00,197,197,197,197,0
2021-12-07 10:50:00,197,197,197,197,0
2021-12-07 10:51:00,197,197,197,197,0
2021-12-07 10:52:00,197,197,197,197,0
2021-12-07 10:53:00,197,197,197,197,0
2021-12-07 10:54:00,197,197,197,197,0
2021-12-07 10:55:00,197,197,197,197,0
2021-12-07 10:56:00,197,197,197,197,0
2021-12-07 10:57:00,197,197,197,197,0
2021-12-07 10:58:00,197,197,197,197,0
2021-12-07 10:59:00,197,197,197,197,0
2021-12-07 11:00:00,197,197,197,197,0
2021-12-07 11:01:00,197,197,197,197,0
2021-12-07 11:02:00,197,197,197,197,0
2021-12-07 11:03:00,197,197,197,197,0
2021-12-07 11:04:00,197,197,197,197,0
2021-12-07 11:05:00,197,197,197,197,0
2021-12-07 11:06:00,197,197,197,197,0
2021-12-07 11:07:00,197,197,197,197,0
2021-12-07 11:08:00,197,197,197,197,0
2021-12-07 11:09:00,197,197,197,197,0
2021-12-07 11:10:00,197,197,197,197,0
2021-12-07 11:11:00,197,197,197,197,0
2021-12-07 11:12:00,197,197,197,197,0
2021-12-07 11:13:00,197,197,197,197,0
2021-12-07 11:14:00,197,197,197,197,0
2021-12-07 11:15:00,197,197,197,197,0
2021-12-07 11:16:00,197,197,197,197,0
2021-12-07 11:17:00,197,197,197,197,0
2021-12-07 11:18:00,197,197,197,197,0
2021-12-07 11:19:00,197,197,197,197,0
2021-12-07 11:20:00,197,197,197,197,0
2021-12-07 11:21:00,197,197,197,197,0
2021-12-07 11:22:00,197,197,197,197,0
2021-12-07 11:23:00,197,197,197,197,0
2021-12-07 11:24:00,197,197,197,197,0
2021-12-07 11:25:00,197,197,197,197,0
2021-12-07 11:26:00,197,197,197,197,0
2021-12-07 11:27:00,197,197,197,197,0
2021-12-07 11:28:00,197,197,197,197,0
2021-12-07 11:29:00,197,197,197,197,0
2021-12-07 11:30:00,197,197,197,197,0
2021-12-07 11:31:00,197,197,197,197,0
2021-12-07 11:32:00,197,197,197,197,0
2021-12-07 11:33:00,197,197,197,197,0
2021-12-07 11:34:00,197,197,197,197,0
2021-12-07 11:35:00,197,197,197,197,0
2021-12-07 11:36:00,197,197,197,197,0
2021-12-07 11:37:00,197,197,197,197,0
2021-12-07 11:38:00,197,197,197,197,0
2021-12-07 11:39:00,197,197,197,197,0
2021-12-07 11:40:00,197,197,197,197,0
2021-12-07 11:41:00,197,197,197,197,0
2021-12-07 11:42:00,197,197,197,197,0
2021-12-07 11:43:00,197,197,197,197,0
2021-12-07 11:44:00,197,197,197,197,0
2021-12-07 11:45:00,197,197,197,197,0
2021-12-07 11:46:00,197,197,197,197,0
2021-12-07 11:47:00,197,197,197,197,0
2021-12-07 11:48:00,197,197,197,197,0
2021-12-07 11:49:00,197,197,197,197,0
2021-12-07 11:50:00,197,197,197,197,0
2021-12-07 11:51:00,197,197,197,197,0
2021-12-07 11:52:00,197,197,197,197,0
2021-12-07 11:53:00,197,197,197,197,0
2021-12-07 11:54:00,197,197,197,197,0
2021-12-07 11:55:00,197,197,197,197,0
2021-12-07 11:56:00,197,197,197,197,0
2021-12-07 11:57:00,197,197,197,197,0
2021-12-07 11:58:00,197,197,197,197,0
2021-12-07 11:59:00,197,197,197,197,0
2021-12-07 12:00:00,197,197,197,197,0
2021-12-07 12:01:00,197,197,197,197,0
2021-12-07 12:02:00,197,197,197,197,0
2021-12-07 12:03:00,197,197,197,197,0
2021-12-07 12:04:00,197,197,197,197,0
2021-12-07 12:05:00,197,197,197,197,0
2021-12-07 12:06:00,197,197,197,197,0
2021-12-07 12:07:00,197,197,197,197,0
2021-12-07 12:08:00,197,197,197,197,0
2021-12-07 12:09:00,197,197,197,197,0
2021-12-07 12:10:00,197,197,197,197,0
2021-12-07 12:11:00,197,197,197,197,0
2021-12-07 12:12:00,197,197,197,197,0
2021-12-07 12:13:00,197,197,197,197,0
2021-12-07 12:14:00,197,197,197,197,0
2021-12-07 12:15:00,197,197,197,197,0
2021-12-07 12:16:00,197,197,197,197,0
2021-12-07 12:17:00,197,197,197,197,0
2021-12-07 12:18:00,197,197,197,197,0
2021-12-07 12:19:00,197,197,197,197,0
2021-12-07 12:20:00,197,197,197,197,0
2021-12-07 12:21:00,197,197,197,197,0
2021-12-07 12:22:00,197,197,197,197,0
2021-12-07 12:23:00,197,197,197,197,0
2021-12-07 12:24:00,197,197,197,197,0
2021-12-07 12:25:00,197,197,197,197,0
2021-12-07 12:26:00,197,197,197,197,0
2021-12-07 12:27:00,197,197,197,197,0
2021-12-07 12:28:00,197,197,197,197,0
2021-12-07 12:29:00,197,197,197,197,0
2021-12-07 12:30:00,197,197,197,197,0
2021-12-07 12:31:00,197,197,197,197,0
2021-12-07 12:32:00,197,197,197,197,0
2021-12-07 12:33:00,197,197,197,197,0
2021-12-07 12:34:00,197,197,197,197,0
2021-12-07 12:35:00,197,197,197,197,0
2021-12-07 12:36:00,197,197,197,197,0
2021-12-07 12:37:00,197,197,197,197,0
2021-12-07 12:38:00,197,197,197,197,0
2021-12-07 12:39:00,197,197,197,197,0
2021-12-07 12:40:00,197,197,197,197,0
2021-12-07 12:41:00,197,197,197,197,0
2021-12-07 12:42:00,197,197,197,197,0
2021-12-07 12:43:00,197,197,197,197,0
2021-12-07 12:44:00,197,197,197,197,0
2021-12-07 12:45:00,197,197,197,197,0
2021-12-07 12:46:00,197,197,197,197,0
2021-12-07 12:47:00,197,197,197,197,0
2021-12-07 12:48:00,197,197,197,197,0
2021-12-07 12:49:00,197,197,197,197,0
2021-12-07 12:50:00,197,197,197,197,0
2021-12-07 12:51:00,197,197,197,197,0
2021-12-07 12:52:00,197,197,197,197,0
2021-12-07 12:53:00,197,197,197,197,0
2021-12-07 12:54:00,197,197,197,197,0
2021-12-07 12:55:00,197,197,197,197,0
2021-12-07 12:56:00,197,197,197,197,0
2021-12-07 12:57:00,197,197,197,197,0
2021-12-07 12:58:00,197,197,197,197,0
2021-12-07 12:59:00,197,197,197,197,0
2021-12-07 13:00:00,197,197,197,197,0
2021-12-07 13:01:00,197,197,197,197,0
2021-12-07 13:02:00,197,197,197,197,0
2021-12-07 13:03:00,197,197,197,197,0
2021-12-07 13:04:00,197,197,197,197,0
2021-12-07 13:05:00,197,197,197,197,0
2021-12-07 13:06:00,197,197,197,197,0
2021-12-07 13:07:00,197,197,197,197,0
2021-12-07 13:08:00,197,197,197,197,0
2021-12-07 13:09:00,197,197,197,197,0
2021-12-07 13:10:00,197,197,197,197,0
2021-12-07 13:11:00,197,197,197,197,0
2021-12-07 13:12:00,197,197,197,197,0
2021-12-07 13:13:00,197,197,197,197,0
2021-12-07 13:14:00,197,197,197,197,0
2021-12-07 13:15:00,197,197,197,197,0
2021-12-07 13:16:00,197,197,197,197,0
2021-12-07 13:17:00,197,197,197,197,0
2021-12-07 13:18:00,197,197,197,197,0
2021-12-07 13:19:00,197,197,197,197,0
2021-12-07 13:20:00,197,197,197,197,0
2021-12-07 13:21:00,197,197,197,197,0
2021-12-07 13:22:00,197,197,197,197,0
2021-12-07 13:23:00,197,197,197,197,0
2021-12-07 13:24:00,197,197,197,197,0
2021-12-07 13:25:00,197,197,197,197,0
2021-12-07 13:26:00,197,197,197,197,0
2021-12-07 13:27:00,197,197,197,197,0
2021-12-07 13:28:00,197,197,197,197,0
2021-12-07 13:29:00,197,197,197,197,0
2021-12-07 13:30:00,197,197,197,197,0
2021-12-07 13:31:00,197,197,197,197,0
2021-12-07 13:32:00,197,197,197,197,0
2021-12-07 13:33:00,197,197,197,197,0
2021-12-07 13:34:00,197,197,197,197,0
2021-12-07 13:35:00,197,197,197,197,0
2021-12-07 13:36:00,197,197,197,197,0
2021-12-07 13:37:00,197,197,197,197,0
2021-12-07 13:38:00,197,197,197,197,0
2021-12-07 13:39:00,197,197,197,197,0
2021-12-07 13:40:00,197,197,197,197,0
2021-12-07 13:41:00,197,197,197,197,0
2021-12-07 13:42:00,197,197,197,197,0
2021-12-07 13:43:00,197,197,197,197,0
2021-12-07 13:44:00,197,197,197,197,0
2021-12-07 13:45:00,197,197,197,197,0
2021-12-07 13:46:00,197,197,197,197,0
2021-12-07 13:47:00,197,197,197,197,0
2021-12-07 13:48:00,197,197,197,197,0
2021-12-07 13:49:00,197,197,197,197,0
2021-12-07 13:50:00,197,197,197,197,0
2021-12-07 13:51:00,197,197,197,197,0
2021-12-07 13:52:00,197,197,197,197,0
2021-12-07 13:53:00,197,197,197,197,0
2021-12-07 13:54:00,197,197,197,197,0
2021-12-07 13:55:00,197,197,197,197,0
2021-12-07 13:56:00,197,197,197,197,0
2021-12-07 13:57:00,197,197,197,197,0
2021-12-07 13:58:00,197,197,197,197,0
2021-12-07 13:59:00,197,197,197,197,0
2021-12-07 14:00:00,197,197,197,197,0
2021-12-07 14:01:00,197,197,197,197,0
2021-12-07 14:02:00,197,197,197,197,0
2021-12-07 14:03:00,197,197,197,197,0
2021-12-07 14:04:00,197,197,197,197,0
2021-12-07 14:05:00,197,197,197,197,0
2021-12-07 14:06:00,197,197,197,197,0
2021-12-07 14:07:00,197,197,197,197,0
2021-12-07 14:08:00,197,197,197,197,0
2021-12-07 14:09:00,197,197,197,197,0
2021-12-07 14:10:00,197,197,197,197,0
2021-12-07 14:11:00,197,197,197,197,0
2021-12-07 14:12:00,197,197,197,197,0
2021-12-07 14:13:00,197,197,197,197,0
2021-12-07 14:14:00,197,197,197,197,0
2021-12-07 14:15:00,197,197,197,197,0
2021-12-07 14:16:00,197,197,197,197,0
2021-12-07 14:17:00,197,197,197,197,0
2021-12-07 14:18:00,197,197,197,197,0
2021-12-07 14:19:00,197,197,197,197,0
2021-12-07 14:20:00,197,197,197,197,0
2021-12-07 14:21:00,197,197,197,197,0
2021-12-07 14:22:00,197,197,197,197,0
2021-12-07 14:23:00,197,197,197,197,0
2021-12-07 14:24:00,197,197,197,197,0
2021-12-07 14:25:00,197,197,197,197,0
2021-12-07 14:26:00,197,197,197,197,0
2021-12-07 14:27:00,197,197,197,197,0
2021-12-07 14:28:00,197,197,197,197,0
2021-12-07 14:29:00,197,197,197,197,0
2021-12-07 14:30:00,197,197,197,197,0
2021-12-07 14:31:00,197,197,197,197,0
2021-12-07 14:32:00,197,197,197,197,0
2021-12-07 14:33:00,197,197,197,197,0
2021-12-07 14:34:00,197,197,197,197,0
2021-12-07 14:35:00,197,197,197,197,0
2021-12-07 14:36:00,197,197,197,197,0
2021-12-07 14:37:00,197,197,197,197,0
2021-12-07 14:38:00,197,197,197,197,0
2021-12-07 14:39:00,197,197,197,197,0
2021-12-07 14:40:00,197,197,197,197,0
2021-12-07 14:41:00,197,197,197,197,0
2021-12-07 14:42:00,197,197,197,197,0
2021-12-07 14:43:00,197,197,197,197,0
2021-12-07 14:44:00,197,197,197,197,0
2021-12-07 14:45:00,197,197,197,197,0
2021-12-07 14:46:00,197,197,197,197,0
2021-12-07 14:47:00,197,197,197,197,0
2021-12-07 14:48:00,197,197,197,197,0
2021-12-07 14:49:00,197,197,197,197,0
2021-12-07 14:50:00,197,197,197,197,0
2021-12-07 14:51:00,197,197,197,197,0
2021-12-07 14:52:00,197,197,197,197,0
2021-12-07 14:53:00,197,197,197,197,0
2021-12-07 14:54:00,197,197,197,197,0
2021-12-07 14:55:00,197,197,197,197,0
2021-12-07 14:56:00,197,197,197,197,0
2021-12-07 14:57:00,197,197,197,197,0
2021-12-07 14:58:00,197,197,197,197,0
2021-12-07 14:59:00,197,197,197,197,0
2021-12-07 15:00:00,197,197,197,197,0
2021-12-07 15:01:00,197,197,197,197,0
2021-12-07 15:02:00,197,197,197,197,0
2021-12-07 15:03:00,197,197,197,197,0
2021-12-07 15:04:00,197,197,197,197,0
2021-12-07 15:05:00,197,197,197,197,0
2021-12-07 15:06:00,197,197,197,197,0
2021-12-07 15:07:00,197,197,197,197,0
2021-12-07 15:08:00,197,197,197,197,0
2021-12-07 15:09:00,197,197,197,197,0
2021-12-07 15:10:00,197,197,197,197,0
2021-12-07 15:11:00,197,197,197,197,0
2021-12-07 15:12:00,197,197,197,197,0
2021-12-07 15:13:00,197,197,197,197,0
2021-12-07 15:14:00,197,197,197,197,0
2021-12-07 15:15:00,197,197,197,197,0
2021-12-07 15:16:00,197,197,197,197,0
2021-12-07 15:17:00,197,197,197,197,0
2021-12-07 15:18:00,197,197,197,197,0
2021-12-07 15:19:00,197,197,197,197,0
2021-12-07 15:20:00,197,197,197,197,0
2021-12-07 15:21:00,197,197,197,197,0
2021-12-07 15:22:00,197,197,197,197,0
2021-12-07 15:23:00,197,197,197,197,0
2021-12-07 15:24:00,197,197,197,197,0
2021-12-07 15:25:00,197,197,197,197,0
2021-12-07 15:26:00,197,197,197,197,0
2021-12-07 15:27:00,197,197,197,197,0
2021-12-07 15:28:00,197,197,197,197,0
2021-12-07 15:29:00,197,197,197,197,0
2021-12-07 15:30:00,197,197,197,197,0
2021-12-07 15:31:00,197,197,197,197,0
2021-12-07 15:32:00,197,197,197,197,0
2021-12-07 15:33:00,197,197,197,197,0
2021-12-07 15:34:00,197,197,197,197,0
2021-12-07 15:35:00,197,197,197,197,0
2021-12-07 15:36:00,197,197,197,197,0
2021-12-07 15:37:00,197,197,197,197,0
2021-12-07 15:38:00,197,197,197,197,0
2021-12-07 15:39:00,197,197,197,197,0
2021-12-07 15:40:00,197,197,197,197,0
2021-12-07 15:41:00,197,197,197,197,0
2021-12-07 15:42:00,197,197,197,197,0
2021-12-07 15:43:00,197,197,197,197,0
2021-12-07 15:44:00,197,197,197,197,0
2021-12-07 15:45:00,197,197,197,197,0
2021-12-07 15:46:00,197,197,197,197,0
2021-12-07 15:47:00,197,197,197,197,0
2021-12-07 15:48:00,197,197,197,197,0
2021-12-07 15:49:00,197,197,197,197,0
2021-12-07 15:50:00,197,197,197,197,0
2021-12-07 15:51:00,197,197,197,197,0
2021-12-07 15:52:00,197,197,197,197,0
2021-12-07 15:53:00,197,197,197,197,0
2021-12-07 15:54:00,197,197,197,197,0
2021-12-07 15:55:00,197,197,197,197,0
2021-12-07 15:56:00,197,197,197,197,0
2021-12-07 15:57:00,197,197,197,197,0
2021-12-07 15:58:00,197,197,197,197,0
2021-12-07 15:59:00,197,197,197,197,0
2021-12-08 09:00:00,199,198,200,200,238600
2021-12-08 09:01:00,200,199,200,199,42200
2021-12-08 09:02:00,199,198,199,198,23500
2021-12-08 09:03:00,199,199,199,199,11900
2021-12-08 09:04:00,198,198,199,199,311200
2021-12-08 09:05:00,199,199,199,199,50500
2021-12-08 09:06:00,198,198,198,198,5000
2021-12-08 09:07:00,198,198,198,198,22100
2021-12-08 09:08:00,198,198,199,199,7900
2021-12-08 09:09:00,199,199,199,199,14100
2021-12-08 09:10:00,199,199,199,199,2000
2021-12-08 09:11:00,199,199,199,199,15000
2021-12-08 09:12:00,199,198,199,198,20300
2021-12-08 09:13:00,198,198,199,198,93300
2021-12-08 09:14:00,199,199,199,199,100
2021-12-08 09:15:00,199,199,199,199,9200
2021-12-08 09:16:00,199,199,199,199,200
2021-12-08 09:17:00,199,199,199,199,0
2021-12-08 09:18:00,198,198,198,198,25100
2021-12-08 09:19:00,198,198,198,198,2600
2021-12-08 09:20:00,198,197,198,198,17100
2021-12-08 09:21:00,198,198,198,198,41600
2021-12-08 09:22:00,198,198,198,198,5700
2021-12-08 09:23:00,198,198,198,198,8100
2021-12-08 09:24:00,198,198,198,198,40100
2021-12-08 09:25:00,199,198,199,198,3100
2021-12-08 09:26:00,199,198,199,198,0
2021-12-08 09:27:00,199,199,199,199,10000
2021-12-08 09:28:00,199,199,199,199,40100
2021-12-08 09:29:00,199,199,199,199,17800
2021-12-08 09:30:00,200,200,200,200,100
2021-12-08 09:31:00,200,200,200,200,0
2021-12-08 09:32:00,199,199,199,199,50800
2021-12-08 09:33:00,199,199,199,199,2600
2021-12-08 09:34:00,199,199,199,199,2500
2021-12-08 09:35:00,199,199,199,199,60200
2021-12-08 09:36:00,199,199,199,199,163100
2021-12-08 09:37:00,199,199,199,199,0
2021-12-08 09:38:00,199,199,199,199,0
2021-12-08 09:39:00,199,199,199,199,0
2021-12-08 09:40:00,199,199,199,199,0
2021-12-08 09:41:00,198,198,198,198,44400
2021-12-08 09:42:00,198,198,199,199,50600
2021-12-08 09:43:00,198,198,198,198,40100
2021-12-08 09:44:00,198,198,198,198,2500
2021-12-08 09:45:00,198,198,198,198,0
2021-12-08 09:46:00,198,198,198,198,100
2021-12-08 09:47:00,198,198,198,198,30100
2021-12-08 09:48:00,198,198,198,198,0
2021-12-08 09:49:00,198,198,198,198,37300
2021-12-08 09:50:00,198,198,198,198,6100
2021-12-08 09:51:00,198,198,198,198,5500
2021-12-08 09:52:00,198,198,198,198,4500
2021-12-08 09:53:00,198,198,198,198,0
2021-12-08 09:54:00,198,198,199,199,52000
2021-12-08 09:55:00,198,198,199,199,0
2021-12-08 09:56:00,198,198,198,198,3100
2021-12-08 09:57:00,198,198,198,198,2100
2021-12-08 09:58:00,198,198,198,198,4500
2021-12-08 09:59:00,197,197,197,197,1700
2021-12-08 10:00:00,197,197,197,197,0
2021-12-08 10:01:00,197,197,197,197,0
2021-12-08 10:02:00,197,197,197,197,0
2021-12-08 10:03:00,198,198,198,198,1000
2021-12-08 10:04:00,198,198,198,198,500
2021-12-08 10:05:00,198,198,198,198,0
2021-12-08 10:06:00,197,197,197,197,89000
2021-12-08 10:07:00,198,198,198,198,100
2021-12-08 10:08:00,198,198,198,198,0
2021-12-08 10:09:00,198,198,198,198,0
2021-12-08 10:10:00,198,198,198,198,0
2021-12-08 10:11:00,198,198,198,198,0
2021-12-08 10:12:00,197,197,197,197,5100
2021-12-08 10:13:00,197,197,197,197,0
2021-12-08 10:14:00,197,197,197,197,0
2021-12-08 10:15:00,197,197,197,197,0
2021-12-08 10:16:00,197,197,197,197,0
2021-12-08 10:17:00,198,198,198,198,2500
2021-12-08 10:18:00,198,198,198,198,0
2021-12-08 10:19:00,198,198,198,198,0
2021-12-08 10:20:00,198,198,198,198,0
2021-12-08 10:21:00,198,198,198,198,0
2021-12-08 10:22:00,198,198,198,198,0
2021-12-08 10:23:00,197,197,197,197,47300
2021-12-08 10:24:00,197,197,197,197,2500
2021-12-08 10:25:00,197,197,197,197,2900
2021-12-08 10:26:00,197,197,197,197,0
2021-12-08 10:27:00,197,197,198,198,25100
2021-12-08 10:28:00,197,197,197,197,25000
2021-12-08 10:29:00,198,198,198,198,7200
2021-12-08 10:30:00,198,198,198,198,0
2021-12-08 10:31:00,198,198,198,198,0
2021-12-08 10:32:00,198,198,198,198,0
2021-12-08 10:33:00,198,198,198,198,0
2021-12-08 10:34:00,197,197,197,197,26400
2021-12-08 10:35:00,197,197,197,197,0
2021-12-08 10:36:00,198,198,198,198,1500
2021-12-08 10:37:00,198,198,198,198,0
2021-12-08 10:38:00,198,198,198,198,0
2021-12-08 10:39:00,198,198,198,198,0
2021-12-08 10:40:00,197,197,197,197,5000
2021-12-08 10:41:00,197,197,197,197,255000
2021-12-08 10:42:00,197,197,197,197,36000
2021-12-08 10:43:00,197,197,197,197,0
2021-12-08 10:44:00,197,197,197,197,10800
2021-12-08 10:45:00,197,197,197,197,10200
2021-12-08 10:46:00,197,197,197,197,0
2021-12-08 10:47:00,197,197,197,197,25000
2021-12-08 10:48:00,197,197,197,197,0
2021-12-08 10:49:00,197,197,197,197,0
2021-12-08 10:50:00,197,197,197,197,0
2021-12-08 10:51:00,197,197,197,197,5100
2021-12-08 10:52:00,197,197,197,197,163100
2021-12-08 10:53:00,197,197,197,197,10000
2021-12-08 10:54:00,197,197,197,197,0
2021-12-08 10:55:00,197,197,197,197,0
2021-12-08 10:56:00,197,197,197,197,0
2021-12-08 10:57:00,197,197,197,197,0
2021-12-08 10:58:00,197,197,197,197,0
2021-12-08 10:59:00,197,197,197,197,0
2021-12-08 11:00:00,196,196,197,197,1500
2021-12-08 11:01:00,196,196,196,196,50000
2021-12-08 11:02:00,196,196,196,196,0
2021-12-08 11:03:00,196,196,196,196,0
2021-12-08 11:04:00,196,196,196,196,51100
2021-12-08 11:05:00,197,197,197,197,10000
2021-12-08 11:06:00,197,197,197,197,0
2021-12-08 11:07:00,197,197,197,197,0
2021-12-08 11:08:00,197,197,197,197,0
2021-12-08 11:09:00,197,197,197,197,5600
2021-12-08 11:10:00,197,197,197,197,0
2021-12-08 11:11:00,197,196,197,196,5700
2021-12-08 11:12:00,196,196,196,196,1000
2021-12-08 11:13:00,196,196,196,196,7300
2021-12-08 11:14:00,196,196,196,196,6000
2021-12-08 11:15:00,196,196,196,196,0
2021-12-08 11:16:00,196,196,196,196,500
2021-12-08 11:17:00,196,196,196,196,0
2021-12-08 11:18:00,196,196,196,196,0
2021-12-08 11:19:00,196,196,196,196,0
2021-12-08 11:20:00,196,196,196,196,0
2021-12-08 11:21:00,196,196,196,196,0
2021-12-08 11:22:00,196,196,196,196,0
2021-12-08 11:23:00,196,196,196,196,28000
2021-12-08 11:24:00,196,196,196,196,0
2021-12-08 11:25:00,196,196,196,196,97500
2021-12-08 11:26:00,196,196,196,196,200000
2021-12-08 11:27:00,196,196,196,196,0
2021-12-08 11:28:00,196,196,196,196,55800
2021-12-08 11:29:00,197,197,197,197,49900
2021-12-08 11:30:00,197,197,197,197,0
2021-12-08 11:31:00,197,197,197,197,0
2021-12-08 11:32:00,197,197,197,197,0
2021-12-08 11:33:00,197,197,197,197,0
2021-12-08 11:34:00,197,197,197,197,0
2021-12-08 11:35:00,197,197,197,197,0
2021-12-08 11:36:00,197,197,197,197,0
2021-12-08 11:37:00,197,197,197,197,0
2021-12-08 11:38:00,197,197,197,197,0
2021-12-08 11:39:00,197,197,197,197,0
2021-12-08 11:40:00,197,197,197,197,0
2021-12-08 11:41:00,197,197,197,197,0
2021-12-08 11:42:00,197,197,197,197,0
2021-12-08 11:43:00,197,197,197,197,0
2021-12-08 11:44:00,197,197,197,197,0
2021-12-08 11:45:00,197,197,197,197,0
2021-12-08 11:46:00,197,197,197,197,0
2021-12-08 11:47:00,197,197,197,197,0
2021-12-08 11:48:00,197,197,197,197,0
2021-12-08 11:49:00,197,197,197,197,0
2021-12-08 11:50:00,197,197,197,197,0
2021-12-08 11:51:00,197,197,197,197,0
2021-12-08 11:52:00,197,197,197,197,0
2021-12-08 11:53:00,197,197,197,197,0
2021-12-08 11:54:00,197,197,197,197,0
2021-12-08 11:55:00,197,197,197,197,0
2021-12-08 11:56:00,197,197,197,197,0
2021-12-08 11:57:00,197,197,197,197,0
2021-12-08 11:58:00,197,197,197,197,0
2021-12-08 11:59:00,197,197,197,197,0
2021-12-08 12:00:00,197,197,197,197,0
2021-12-08 12:01:00,197,197,197,197,0
2021-12-08 12:02:00,197,197,197,197,0
2021-12-08 12:03:00,197,197,197,197,0
2021-12-08 12:04:00,197,197,197,197,0
2021-12-08 12:05:00,197,197,197,197,0
2021-12-08 12:06:00,197,197,197,197,0
2021-12-08 12:07:00,197,197,197,197,0
2021-12-08 12:08:00,197,197,197,197,0
2021-12-08 12:09:00,197,197,197,197,0
2021-12-08 12:10:00,197,197,197,197,0
2021-12-08 12:11:00,197,197,197,197,0
2021-12-08 12:12:00,197,197,197,197,0
2021-12-08 12:13:00,197,197,197,197,0
2021-12-08 12:14:00,197,197,197,197,0
2021-12-08 12:15:00,197,197,197,197,0
2021-12-08 12:16:00,197,197,197,197,0
2021-12-08 12:17:00,197,197,197,197,0
2021-12-08 12:18:00,197,197,197,197,0
2021-12-08 12:19:00,197,197,197,197,0
2021-12-08 12:20:00,197,197,197,197,0
2021-12-08 12:21:00,197,197,197,197,0
2021-12-08 12:22:00,197,197,197,197,0
2021-12-08 12:23:00,197,197,197,197,0
2021-12-08 12:24:00,197,197,197,197,0
2021-12-08 12:25:00,197,197,197,197,0
2021-12-08 12:26:00,197,197,197,197,0
2021-12-08 12:27:00,197,197,197,197,0
2021-12-08 12:28:00,197,197,197,197,0
2021-12-08 12:29:00,197,197,197,197,0
2021-12-08 12:30:00,197,197,197,197,0
2021-12-08 12:31:00,197,197,197,197,0
2021-12-08 12:32:00,197,197,197,197,0
2021-12-08 12:33:00,197,197,197,197,0
2021-12-08 12:34:00,197,197,197,197,0
2021-12-08 12:35:00,197,197,197,197,0
2021-12-08 12:36:00,197,197,197,197,0
2021-12-08 12:37:00,197,197,197,197,0
2021-12-08 12:38:00,197,197,197,197,0
2021-12-08 12:39:00,197,197,197,197,0
2021-12-08 12:40:00,197,197,197,197,0
2021-12-08 12:41:00,197,197,197,197,0
2021-12-08 12:42:00,197,197,197,197,0
2021-12-08 12:43:00,197,197,197,197,0
2021-12-08 12:44:00,197,197,197,197,0
2021-12-08 12:45:00,197,197,197,197,0
2021-12-08 12:46:00,197,197,197,197,0
2021-12-08 12:47:00,197,197,197,197,0
2021-12-08 12:48:00,197,197,197,197,0
2021-12-08 12:49:00,197,197,197,197,0
2021-12-08 12:50:00,197,197,197,197,0
2021-12-08 12:51:00,197,197,197,197,0
2021-12-08 12:52:00,197,197,197,197,0
2021-12-08 12:53:00,197,197,197,197,0
2021-12-08 12:54:00,197,197,197,197,0
2021-12-08 12:55:00,197,197,197,197,0
2021-12-08 12:56:00,197,197,197,197,0
2021-12-08 12:57:00,197,197,197,197,0
2021-12-08 12:58:00,197,197,197,197,0
2021-12-08 12:59:00,197,197,197,197,0
2021-12-08 13:00:00,197,197,197,197,0
2021-12-08 13:01:00,197,197,197,197,0
2021-12-08 13:02:00,197,197,197,197,0
2021-12-08 13:03:00,197,197,197,197,0
2021-12-08 13:04:00,197,197,197,197,0
2021-12-08 13:05:00,197,197,197,197,0
2021-12-08 13:06:00,197,197,197,197,0
2021-12-08 13:07:00,197,197,197,197,0
2021-12-08 13:08:00,197,197,197,197,0
2021-12-08 13:09:00,197,197,197,197,0
2021-12-08 13:10:00,197,197,197,197,0
2021-12-08 13:11:00,197,197,197,197,0
2021-12-08 13:12:00,197,197,197,197,0
2021-12-08 13:13:00,197,197,197,197,0
2021-12-08 13:14:00,197,197,197,197,0
2021-12-08 13:15:00,197,197,197,197,0
2021-12-08 13:16:00,197,197,197,197,0
2021-12-08 13:17:00,197,197,197,197,0
2021-12-08 13:18:00,197,197,197,197,0
2021-12-08 13:19:00,197,197,197,197,0
2021-12-08 13:20:00,197,197,197,197,0
2021-12-08 13:21:00,197,197,197,197,0
2021-12-08 13:22:00,197,197,197,197,0
2021-12-08 13:23:00,197,197,197,197,0
2021-12-08 13:24:00,197,197,197,197,0
2021-12-08 13:25:00,197,197,197,197,0
2021-12-08 13:26:00,197,197,197,197,0
2021-12-08 13:27:00,197,197,197,197,0
2021-12-08 13:28:00,197,197,197,197,0
2021-12-08 13:29:00,197,197,197,197,0
2021-12-08 13:30:00,197,197,198,197,33100
2021-12-08 13:31:00,197,197,197,197,5600
2021-12-08 13:32:00,197,195,197,195,1160800
2021-12-08 13:33:00,195,195,195,195,11000
2021-12-08 13:34:00,195,195,195,195,21900
2021-12-08 13:35:00,195,195,195,195,21800
2021-12-08 13:36:00,195,195,195,195,12100
2021-12-08 13:37:00,195,195,195,195,2500
2021-12-08 13:38:00,195,195,195,195,0
2021-12-08 13:39:00,195,195,195,195,10000
2021-12-08 13:40:00,195,195,195,195,0
2021-12-08 13:41:00,195,195,195,195,1500
2021-12-08 13:42:00,195,195,195,195,0
2021-12-08 13:43:00,195,195,195,195,251500
2021-12-08 13:44:00,194,194,195,195,65400
2021-12-08 13:45:00,195,195,196,196,400
2021-12-08 13:46:00,195,195,196,196,0
2021-12-08 13:47:00,196,196,196,196,10000
2021-12-08 13:48:00,196,196,196,196,0
2021-12-08 13:49:00,196,196,196,196,1800
2021-12-08 13:50:00,196,196,196,196,4100
2021-12-08 13:51:00,195,194,195,194,129600
2021-12-08 13:52:00,194,194,194,194,5000
2021-12-08 13:53:00,194,194,194,194,5500
2021-12-08 13:54:00,194,194,195,194,24200
2021-12-08 13:55:00,194,194,195,195,28000
2021-12-08 13:56:00,194,194,195,195,0
2021-12-08 13:57:00,195,195,195,195,100
2021-12-08 13:58:00,194,190,194,190,2066700
2021-12-08 13:59:00,191,191,194,194,18700
2021-12-08 14:00:00,192,191,192,191,216300
2021-12-08 14:01:00,192,192,192,192,100
2021-12-08 14:02:00,193,193,194,194,8100
2021-12-08 14:03:00,194,194,194,194,81700
2021-12-08 14:04:00,195,195,195,195,3800
2021-12-08 14:05:00,195,195,195,195,4800
2021-12-08 14:06:00,195,195,195,195,0
2021-12-08 14:07:00,194,194,194,194,16700
2021-12-08 14:08:00,194,194,194,194,30000
2021-12-08 14:09:00,194,193,194,193,33000
2021-12-08 14:10:00,194,193,194,193,0
2021-12-08 14:11:00,193,193,193,193,10000
2021-12-08 14:12:00,194,194,194,194,2500
2021-12-08 14:13:00,195,192,195,192,1127700
2021-12-08 14:14:00,192,191,194,194,92300
2021-12-08 14:15:00,192,191,194,194,0
2021-12-08 14:16:00,194,191,194,191,203000
2021-12-08 14:17:00,193,193,193,193,1000
2021-12-08 14:18:00,192,192,192,192,1100
2021-12-08 14:19:00,193,193,193,193,13700
2021-12-08 14:20:00,193,193,193,193,0
2021-12-08 14:21:00,193,193,193,193,17900
2021-12-08 14:22:00,193,193,193,193,400
2021-12-08 14:23:00,193,193,193,193,0
2021-12-08 14:24:00,193,193,193,193,5500
2021-12-08 14:25:00,192,192,192,192,2000
2021-12-08 14:26:00,193,193,193,193,13500
2021-12-08 14:27:00,193,193,193,193,10000
2021-12-08 14:28:00,192,191,192,191,894500
2021-12-08 14:29:00,191,191,193,193,106200
2021-12-08 14:30:00,191,191,193,193,0
2021-12-08 14:31:00,191,191,193,193,0
2021-12-08 14:32:00,193,193,193,193,2400
2021-12-08 14:33:00,192,191,192,191,500000
2021-12-08 14:34:00,192,192,192,192,4000
2021-12-08 14:35:00,192,192,192,192,168200
2021-12-08 14:36:00,192,192,192,192,2000
2021-12-08 14:37:00,191,191,193,193,41000
2021-12-08 14:38:00,192,191,192,191,313200
2021-12-08 14:39:00,191,190,191,191,99600
2021-12-08 14:40:00,190,190,191,191,15100
2021-12-08 14:41:00,190,190,191,190,1410000
2021-12-08 14:42:00,191,191,191,191,60100
2021-12-08 14:43:00,191,191,191,191,3200
2021-12-08 14:44:00,191,191,191,191,0
2021-12-08 14:45:00,191,190,192,192,2003000
2021-12-08 14:46:00,192,192,192,192,100
2021-12-08 14:47:00,192,191,192,191,2400
2021-12-08 14:48:00,192,190,192,190,825900
2021-12-08 14:49:00,191,191,192,192,91200
2021-12-08 14:50:00,191,191,192,192,0
2021-12-08 14:51:00,191,191,192,192,0
2021-12-08 14:52:00,191,191,192,192,0
2021-12-08 14:53:00,191,191,192,192,0
2021-12-08 14:54:00,191,191,192,192,0
2021-12-08 14:55:00,191,191,192,192,0
2021-12-08 14:56:00,191,191,192,192,0
2021-12-08 14:57:00,191,191,192,192,0
2021-12-08 14:58:00,191,191,192,192,0
2021-12-08 14:59:00,191,191,192,192,0
2021-12-08 15:00:00,192,192,192,192,554000
2021-12-08 15:01:00,192,192,192,192,200
2021-12-08 15:02:00,192,192,192,192,0
2021-12-08 15:03:00,192,192,192,192,87600
2021-12-08 15:04:00,192,192,192,192,70100
2021-12-08 15:05:00,192,192,192,192,0
2021-12-08 15:06:00,192,192,192,192,5000
2021-12-08 15:07:00,192,192,192,192,0
2021-12-08 15:08:00,192,192,192,192,0
2021-12-08 15:09:00,192,192,192,192,0
2021-12-08 15:10:00,192,192,192,192,0
2021-12-08 15:11:00,192,192,192,192,0
2021-12-08 15:12:00,192,192,192,192,0
2021-12-08 15:13:00,192,192,192,192,0
2021-12-08 15:14:00,192,192,192,192,100
2021-12-08 15:15:00,192,192,192,192,0
2021-12-08 15:16:00,192,192,192,192,0
2021-12-08 15:17:00,192,192,192,192,0
2021-12-08 15:18:00,192,192,192,192,0
2021-12-08 15:19:00,192,192,192,192,0
2021-12-08 15:20:00,192,192,192,192,0
2021-12-08 15:21:00,192,192,192,192,0
2021-12-08 15:22:00,192,192,192,192,0
2021-12-08 15:23:00,192,192,192,192,0
2021-12-08 15:24:00,192,192,192,192,0
2021-12-08 15:25:00,192,192,192,192,0
2021-12-08 15:26:00,192,192,192,192,0
2021-12-08 15:27:00,192,192,192,192,0
2021-12-08 15:28:00,192,192,192,192,0
2021-12-08 15:29:00,192,192,192,192,0
2021-12-08 15:30:00,192,192,192,192,0
2021-12-08 15:31:00,192,192,192,192,0
2021-12-08 15:32:00,192,192,192,192,0
2021-12-08 15:33:00,192,192,192,192,0
2021-12-08 15:34:00,192,192,192,192,0
2021-12-08 15:35:00,192,192,192,192,0
2021-12-08 15:36:00,192,192,192,192,0
2021-12-08 15:37:00,192,192,192,192,0
2021-12-08 15:38:00,192,192,192,192,0
2021-12-08 15:39:00,192,192,192,192,0
2021-12-08 15:40:00,192,192,192,192,0
2021-12-08 15:41:00,192,192,192,192,0
2021-12-08 15:42:00,192,192,192,192,0
2021-12-08 15:43:00,192,192,192,192,0
2021-12-08 15:44:00,192,192,192,192,0
2021-12-08 15:45:00,192,192,192,192,0
2021-12-08 15:46:00,192,192,192,192,0
2021-12-08 15:47:00,192,192,192,192,0
2021-12-08 15:48:00,192,192,192,192,0
2021-12-08 15:49:00,192,192,192,192,0
2021-12-08 15:50:00,192,192,192,192,0
2021-12-08 15:51:00,192,192,192,192,0
2021-12-08 15:52:00,192,192,192,192,0
2021-12-08 15:53:00,192,192,192,192,0
2021-12-08 15:54:00,192,192,192,192,0
2021-12-08 15:55:00,192,192,192,192,0
2021-12-08 15:56:00,192,192,192,192,0
2021-12-08 15:57:00,192,192,192,192,0
2021-12-08 15:58:00,192,192,192,192,0
2021-12-08 15:59:00,192,192,192,192,0
2021-12-09 09:00:00,193,192,195,194,0
2021-12-09 09:01:00,194,194,194,194,5200
2021-12-09 09:02:00,194,194,194,194,0
2021-12-09 09:03:00,194,193,194,193,4500
2021-12-09 09:04:00,193,193,194,194,10100
2021-12-09 09:05:00,194,194,194,194,21000
2021-12-09 09:06:00,194,194,194,194,0
2021-12-09 09:07:00,194,194,194,194,20100
2021-12-09 09:08:00,194,194,194,194,600
2021-12-09 09:09:00,194,194,194,194,9000
2021-12-09 09:10:00,194,192,194,192,667100
2021-12-09 09:11:00,192,192,192,192,21000
2021-12-09 09:12:00,191,191,191,191,9400
2021-12-09 09:13:00,192,192,192,192,3300
2021-12-09 09:14:00,192,192,192,192,32000
2021-12-09 09:15:00,192,191,192,191,2600
2021-12-09 09:16:00,191,191,191,191,3300
2021-12-09 09:17:00,192,191,192,192,21300
2021-12-09 09:18:00,192,192,192,192,1000
2021-12-09 09:19:00,192,192,192,192,15500
2021-12-09 09:20:00,192,191,192,191,1200
2021-12-09 09:21:00,192,192,192,192,100
2021-12-09 09:22:00,192,192,192,192,41000
2021-12-09 09:23:00,192,192,192,192,261200
2021-12-09 09:24:00,192,192,193,193,10100
2021-12-09 09:25:00,193,193,193,193,35000
2021-12-09 09:26:00,193,193,193,193,25200
2021-12-09 09:27:00,194,194,194,194,500
2021-12-09 09:28:00,194,194,194,194,35100
2021-12-09 09:29:00,193,192,193,192,870700
2021-12-09 09:30:00,192,192,192,192,30100
2021-12-09 09:31:00,192,192,192,192,493600
2021-12-09 09:32:00,192,191,192,191,78900
2021-12-09 09:33:00,192,191,192,191,0
2021-12-09 09:34:00,191,191,192,192,15000
2021-12-09 09:35:00,192,192,192,192,72800
2021-12-09 09:36:00,192,192,192,192,10000
2021-12-09 09:37:00,192,192,192,192,2500
2021-12-09 09:38:00,193,193,193,193,1200
2021-12-09 09:39:00,192,192,192,192,378700
2021-12-09 09:40:00,192,192,192,192,25100
2021-12-09 09:41:00,192,192,192,192,300
2021-12-09 09:42:00,192,192,192,192,118400
2021-12-09 09:43:00,192,192,192,192,0
2021-12-09 09:44:00,192,192,192,192,0
2021-12-09 09:45:00,192,192,192,192,0
2021-12-09 09:46:00,192,192,192,192,0
2021-12-09 09:47:00,193,193,193,193,100
2021-12-09 09:48:00,193,193,193,193,0
2021-12-09 09:49:00,193,193,193,193,0
2021-12-09 09:50:00,192,192,192,192,84000
2021-12-09 09:51:00,192,192,192,192,0
2021-12-09 09:52:00,192,192,192,192,16000
2021-12-09 09:53:00,192,192,192,192,1500
2021-12-09 09:54:00,192,192,192,192,0
2021-12-09 09:55:00,192,192,192,192,0
2021-12-09 09:56:00,191,191,191,191,160300
2021-12-09 09:57:00,192,191,192,191,39000
2021-12-09 09:58:00,192,191,192,191,0
2021-12-09 09:59:00,192,192,192,192,100000
2021-12-09 10:00:00,192,192,192,192,5000
2021-12-09 10:01:00,192,192,192,192,400
2021-12-09 10:02:00,192,192,192,192,2800
2021-12-09 10:03:00,192,192,192,192,600
2021-12-09 10:04:00,192,192,192,192,0
2021-12-09 10:05:00,192,192,192,192,5000
2021-12-09 10:06:00,192,192,192,192,225100
2021-12-09 10:07:00,192,192,193,193,220100
2021-12-09 10:08:00,193,193,193,193,10400
2021-12-09 10:09:00,193,193,193,193,0
2021-12-09 10:10:00,193,193,193,193,0
2021-12-09 10:11:00,193,193,193,193,0
2021-12-09 10:12:00,193,193,193,193,0
2021-12-09 10:13:00,193,193,193,193,0
2021-12-09 10:14:00,193,193,193,193,0
2021-12-09 10:15:00,193,193,193,193,500
2021-12-09 10:16:00,193,193,193,193,0
2021-12-09 10:17:00,193,193,193,193,100
2021-12-09 10:18:00,192,192,192,192,257800
2021-12-09 10:19:00,192,192,192,192,1000
2021-12-09 10:20:00,192,192,192,192,10000
2021-12-09 10:21:00,192,192,192,192,0
2021-12-09 10:22:00,192,192,192,192,71300
2021-12-09 10:23:00,192,192,192,192,0
2021-12-09 10:24:00,192,191,192,191,2400
2021-12-09 10:25:00,192,191,192,191,0
2021-12-09 10:26:00,192,191,192,191,5700
2021-12-09 10:27:00,192,192,192,192,5000
2021-12-09 10:28:00,192,192,192,192,0
2021-12-09 10:29:00,192,192,192,192,500
2021-12-09 10:30:00,192,192,192,192,2000
2021-12-09 10:31:00,192,192,192,192,100
2021-12-09 10:32:00,192,192,192,192,0
2021-12-09 10:33:00,192,192,192,192,196900
2021-12-09 10:34:00,192,192,192,192,0
2021-12-09 10:35:00,192,192,192,192,167700
2021-12-09 10:36:00,191,191,191,191,50000
2021-12-09 10:37:00,191,191,191,191,100
2021-12-09 10:38:00,191,191,191,191,2500
2021-12-09 10:39:00,191,191,191,191,0
2021-12-09 10:40:00,191,191,191,191,0
2021-12-09 10:41:00,191,191,191,191,0
2021-12-09 10:42:00,191,191,191,191,0
2021-12-09 10:43:00,191,191,191,191,0
2021-12-09 10:44:00,192,192,192,192,2000
2021-12-09 10:45:00,192,192,192,192,65900
2021-12-09 10:46:00,192,192,192,192,17200
2021-12-09 10:47:00,192,192,192,192,0
2021-12-09 10:48:00,192,192,192,192,0
2021-12-09 10:49:00,191,191,191,191,3000
2021-12-09 10:50:00,191,191,191,191,0
2021-12-09 10:51:00,191,191,191,191,0
2021-12-09 10:52:00,191,191,191,191,0
2021-12-09 10:53:00,191,191,191,191,0
2021-12-09 10:54:00,191,191,191,191,100
2021-12-09 10:55:00,191,191,191,191,0
2021-12-09 10:56:00,191,191,191,191,0
2021-12-09 10:57:00,191,191,191,191,0
2021-12-09 10:58:00,191,191,191,191,0
2021-12-09 10:59:00,191,191,191,191,0
2021-12-09 11:00:00,191,191,191,191,0
2021-12-09 11:01:00,191,191,191,191,0
2021-12-09 11:02:00,191,191,191,191,700
2021-12-09 11:03:00,191,191,191,191,10100
2021-12-09 11:04:00,192,192,192,192,100
2021-12-09 11:05:00,192,192,192,192,1000
2021-12-09 11:06:00,192,192,192,192,0
2021-12-09 11:07:00,192,192,192,192,50000
2021-12-09 11:08:00,192,192,192,192,300
2021-12-09 11:09:00,192,192,192,192,10000
2021-12-09 11:10:00,192,192,192,192,10000
2021-12-09 11:11:00,192,192,192,192,4600
2021-12-09 11:12:00,192,192,192,192,0
2021-12-09 11:13:00,192,192,192,192,0
2021-12-09 11:14:00,192,192,192,192,0
2021-12-09 11:15:00,192,192,192,192,0
2021-12-09 11:16:00,192,192,192,192,900
2021-12-09 11:17:00,192,192,192,192,0
2021-12-09 11:18:00,191,191,191,191,39900
2021-12-09 11:19:00,191,191,191,191,7000
2021-12-09 11:20:00,191,191,191,191,0
2021-12-09 11:21:00,192,191,192,191,27700
2021-12-09 11:22:00,191,191,192,192,9500
2021-12-09 11:23:00,191,191,192,192,0
2021-12-09 11:24:00,191,191,192,192,0
2021-12-09 11:25:00,192,192,192,192,6100
2021-12-09 11:26:00,192,192,192,192,0
2021-12-09 11:27:00,192,192,192,192,0
2021-12-09 11:28:00,192,192,192,192,1000
2021-12-09 11:29:00,192,192,192,192,0
2021-12-09 11:30:00,192,192,192,192,0
2021-12-09 11:31:00,192,192,192,192,0
2021-12-09 11:32:00,192,192,192,192,0
2021-12-09 11:33:00,192,192,192,192,0
2021-12-09 11:34:00,192,192,192,192,0
2021-12-09 11:35:00,192,192,192,192,0
2021-12-09 11:36:00,192,192,192,192,0
2021-12-09 11:37:00,192,192,192,192,0
2021-12-09 11:38:00,192,192,192,192,0
2021-12-09 11:39:00,192,192,192,192,0
2021-12-09 11:40:00,192,192,192,192,0
2021-12-09 11:41:00,192,192,192,192,0
2021-12-09 11:42:00,192,192,192,192,0
2021-12-09 11:43:00,192,192,192,192,0
2021-12-09 11:44:00,192,192,192,192,0
2021-12-09 11:45:00,192,192,192,192,0
2021-12-09 11:46:00,192,192,192,192,0
2021-12-09 11:47:00,192,192,192,192,0
2021-12-09 11:48:00,192,192,192,192,0
2021-12-09 11:49:00,192,192,192,192,0
2021-12-09 11:50:00,192,192,192,192,0
2021-12-09 11:51:00,192,192,192,192,0
2021-12-09 11:52:00,192,192,192,192,0
2021-12-09 11:53:00,192,192,192,192,0
2021-12-09 11:54:00,192,192,192,192,0
2021-12-09 11:55:00,192,192,192,192,0
2021-12-09 11:56:00,192,192,192,192,0
2021-12-09 11:57:00,192,192,192,192,0
2021-12-09 11:58:00,192,192,192,192,0
2021-12-09 11:59:00,192,192,192,192,0
2021-12-09 12:00:00,192,192,192,192,0
2021-12-09 12:01:00,192,192,192,192,0
2021-12-09 12:02:00,192,192,192,192,0
2021-12-09 12:03:00,192,192,192,192,0
2021-12-09 12:04:00,192,192,192,192,0
2021-12-09 12:05:00,192,192,192,192,0
2021-12-09 12:06:00,192,192,192,192,0
2021-12-09 12:07:00,192,192,192,192,0
2021-12-09 12:08:00,192,192,192,192,0
2021-12-09 12:09:00,192,192,192,192,0
2021-12-09 12:10:00,192,192,192,192,0
2021-12-09 12:11:00,192,192,192,192,0
2021-12-09 12:12:00,192,192,192,192,0
2021-12-09 12:13:00,192,192,192,192,0
2021-12-09 12:14:00,192,192,192,192,0
2021-12-09 12:15:00,192,192,192,192,0
2021-12-09 12:16:00,192,192,192,192,0
2021-12-09 12:17:00,192,192,192,192,0
2021-12-09 12:18:00,192,192,192,192,0
2021-12-09 12:19:00,192,192,192,192,0
2021-12-09 12:20:00,192,192,192,192,0
2021-12-09 12:21:00,192,192,192,192,0
2021-12-09 12:22:00,192,192,192,192,0
2021-12-09 12:23:00,192,192,192,192,0
2021-12-09 12:24:00,192,192,192,192,0
2021-12-09 12:25:00,192,192,192,192,0
2021-12-09 12:26:00,192,192,192,192,0
2021-12-09 12:27:00,192,192,192,192,0
2021-12-09 12:28:00,192,192,192,192,0
2021-12-09 12:29:00,192,192,192,192,0
2021-12-09 12:30:00,192,192,192,192,0
2021-12-09 12:31:00,192,192,192,192,0
2021-12-09 12:32:00,192,192,192,192,0
2021-12-09 12:33:00,192,192,192,192,0
2021-12-09 12:34:00,192,192,192,192,0
2021-12-09 12:35:00,192,192,192,192,0
2021-12-09 12:36:00,192,192,192,192,0
2021-12-09 12:37:00,192,192,192,192,0
2021-12-09 12:38:00,192,192,192,192,0
2021-12-09 12:39:00,192,192,192,192,0
2021-12-09 12:40:00,192,192,192,192,0
2021-12-09 12:41:00,192,192,192,192,0
2021-12-09 12:42:00,192,192,192,192,0
2021-12-09 12:43:00,192,192,192,192,0
2021-12-09 12:44:00,192,192,192,192,0
2021-12-09 12:45:00,192,192,192,192,0
2021-12-09 12:46:00,192,192,192,192,0
2021-12-09 12:47:00,192,192,192,192,0
2021-12-09 12:48:00,192,192,192,192,0
2021-12-09 12:49:00,192,192,192,192,0
2021-12-09 12:50:00,192,192,192,192,0
2021-12-09 12:51:00,192,192,192,192,0
2021-12-09 12:52:00,192,192,192,192,0
2021-12-09 12:53:00,192,192,192,192,0
2021-12-09 12:54:00,192,192,192,192,0
2021-12-09 12:55:00,192,192,192,192,0
2021-12-09 12:56:00,192,192,192,192,0
2021-12-09 12:57:00,192,192,192,192,0
2021-12-09 12:58:00,192,192,192,192,0
2021-12-09 12:59:00,192,192,192,192,0
2021-12-09 13:00:00,192,192,192,192,0
2021-12-09 13:01:00,192,192,192,192,0
2021-12-09 13:02:00,192,192,192,192,0
2021-12-09 13:03:00,192,192,192,192,0
2021-12-09 13:04:00,192,192,192,192,0
2021-12-09 13:05:00,192,192,192,192,0
2021-12-09 13:06:00,192,192,192,192,0
2021-12-09 13:07:00,192,192,192,192,0
2021-12-09 13:08:00,192,192,192,192,0
2021-12-09 13:09:00,192,192,192,192,0
2021-12-09 13:10:00,192,192,192,192,0
2021-12-09 13:11:00,192,192,192,192,0
2021-12-09 13:12:00,192,192,192,192,0
2021-12-09 13:13:00,192,192,192,192,0
2021-12-09 13:14:00,192,192,192,192,0
2021-12-09 13:15:00,192,192,192,192,0
2021-12-09 13:16:00,192,192,192,192,0
2021-12-09 13:17:00,192,192,192,192,0
2021-12-09 13:18:00,192,192,192,192,0
2021-12-09 13:19:00,192,192,192,192,0
2021-12-09 13:20:00,192,192,192,192,0
2021-12-09 13:21:00,192,192,192,192,0
2021-12-09 13:22:00,192,192,192,192,0
2021-12-09 13:23:00,192,192,192,192,0
2021-12-09 13:24:00,192,192,192,192,0
2021-12-09 13:25:00,192,192,192,192,0
2021-12-09 13:26:00,192,192,192,192,0
2021-12-09 13:27:00,192,192,192,192,0
2021-12-09 13:28:00,192,192,192,192,0
2021-12-09 13:29:00,192,192,192,192,0
2021-12-09 13:30:00,192,192,192,192,299800
2021-12-09 13:31:00,192,192,192,192,10000
2021-12-09 13:32:00,192,192,192,192,0
2021-12-09 13:33:00,192,191,192,191,1998800
2021-12-09 13:34:00,191,191,191,191,25500
2021-12-09 13:35:00,191,191,191,191,0
2021-12-09 13:36:00,191,191,191,191,23100
2021-12-09 13:37:00,190,190,190,190,1102300
2021-12-09 13:38:00,190,190,190,190,15700
2021-12-09 13:39:00,191,190,191,190,383400
2021-12-09 13:40:00,190,190,190,190,119600
2021-12-09 13:41:00,190,190,190,190,17000
2021-12-09 13:42:00,191,190,191,190,167900
2021-12-09 13:43:00,190,189,190,190,431000
2021-12-09 13:44:00,190,190,190,190,124400
2021-12-09 13:45:00,190,190,190,190,44000
2021-12-09 13:46:00,190,190,190,190,3900
2021-12-09 13:47:00,190,190,190,190,38200
2021-12-09 13:48:00,190,190,192,192,80600
2021-12-09 13:49:00,191,191,191,191,1600
2021-12-09 13:50:00,191,191,191,191,20000
2021-12-09 13:51:00,191,191,191,191,0
2021-12-09 13:52:00,191,191,191,191,71600
2021-12-09 13:53:00,191,191,191,191,3000
2021-12-09 13:54:00,191,191,191,191,0
2021-12-09 13:55:00,191,191,191,191,11000
2021-12-09 13:56:00,191,191,191,191,0
2021-12-09 13:57:00,191,191,191,191,5200
2021-12-09 13:58:00,191,190,191,190,2400
2021-12-09 13:59:00,191,191,191,191,100
2021-12-09 14:00:00,191,191,191,191,0
2021-12-09 14:01:00,190,190,190,190,8200
2021-12-09 14:02:00,191,191,191,191,1000
2021-12-09 14:03:00,191,191,191,191,500
2021-12-09 14:04:00,191,191,191,191,0
2021-12-09 14:05:00,191,190,191,190,300
2021-12-09 14:06:00,191,191,191,191,73400
2021-12-09 14:07:00,191,191,191,191,0
2021-12-09 14:08:00,192,192,192,192,300
2021-12-09 14:09:00,192,192,192,192,0
2021-12-09 14:10:00,191,191,191,191,22300
2021-12-09 14:11:00,191,191,191,191,10600
2021-12-09 14:12:00,191,191,191,191,0
2021-12-09 14:13:00,191,191,191,191,15200
2021-12-09 14:14:00,191,191,191,191,0
2021-12-09 14:15:00,191,191,191,191,0
2021-12-09 14:16:00,191,191,191,191,3800
2021-12-09 14:17:00,191,191,191,191,7700
2021-12-09 14:18:00,191,191,191,191,3500
2021-12-09 14:19:00,191,191,191,191,32000
2021-12-09 14:20:00,191,191,191,191,100
2021-12-09 14:21:00,191,190,191,190,20000
2021-12-09 14:22:00,191,190,191,190,0
2021-12-09 14:23:00,190,190,192,192,12100
2021-12-09 14:24:00,191,191,191,191,1000
2021-12-09 14:25:00,191,191,191,191,0
2021-12-09 14:26:00,190,190,190,190,24000
2021-12-09 14:27:00,190,190,190,190,0
2021-12-09 14:28:00,190,190,191,191,3800
2021-12-09 14:29:00,190,190,191,191,0
2021-12-09 14:30:00,191,191,191,191,5800
2021-12-09 14:31:00,191,191,191,191,0
2021-12-09 14:32:00,192,192,192,192,500
2021-12-09 14:33:00,191,191,191,191,2200
2021-12-09 14:34:00,192,192,192,192,50000
2021-12-09 14:35:00,192,192,192,192,1000
2021-12-09 14:36:00,192,192,192,192,3000
2021-12-09 14:37:00,192,192,192,192,0
2021-12-09 14:38:00,192,192,192,192,0
2021-12-09 14:39:00,192,192,192,192,10000
2021-12-09 14:40:00,192,192,192,192,0
2021-12-09 14:41:00,192,192,192,192,0
2021-12-09 14:42:00,192,192,192,192,10000
2021-12-09 14:43:00,192,192,192,192,7000
2021-12-09 14:44:00,192,192,192,192,500
2021-12-09 14:45:00,191,191,192,192,800
2021-12-09 14:46:00,191,191,191,191,64700
2021-12-09 14:47:00,192,192,192,192,200
2021-12-09 14:48:00,191,191,191,191,7700
2021-12-09 14:49:00,191,191,192,192,5100
2021-12-09 14:50:00,191,191,192,192,0
2021-12-09 14:51:00,191,191,192,192,0
2021-12-09 14:52:00,191,191,192,192,0
2021-12-09 14:53:00,191,191,192,192,0
2021-12-09 14:54:00,191,191,192,192,0
2021-12-09 14:55:00,191,191,192,192,0
2021-12-09 14:56:00,191,191,192,192,0
2021-12-09 14:57:00,191,191,192,192,0
2021-12-09 14:58:00,191,191,192,192,0
2021-12-09 14:59:00,191,191,192,192,0
2021-12-09 15:00:00,191,191,191,191,467400
2021-12-09 15:01:00,191,191,191,191,0
2021-12-09 15:02:00,191,191,191,191,0
2021-12-09 15:03:00,191,191,191,191,100
2021-12-09 15:04:00,191,191,191,191,0
2021-12-09 15:05:00,191,191,191,191,10000
2021-12-09 15:06:00,191,191,191,191,0
2021-12-09 15:07:00,191,191,191,191,0
2021-12-09 15:08:00,191,191,191,191,0
2021-12-09 15:09:00,191,191,191,191,145500
2021-12-09 15:10:00,191,191,191,191,49600
2021-12-09 15:11:00,191,191,191,191,0
2021-12-09 15:12:00,191,191,191,191,0
2021-12-09 15:13:00,191,191,191,191,0
2021-12-09 15:14:00,191,191,191,191,0
2021-12-09 15:15:00,191,191,191,191,0
2021-12-09 15:16:00,191,191,191,191,0
2021-12-09 15:17:00,191,191,191,191,0
2021-12-09 15:18:00,191,191,191,191,0
2021-12-09 15:19:00,191,191,191,191,0
2021-12-09 15:20:00,191,191,191,191,0
2021-12-09 15:21:00,191,191,191,191,0
2021-12-09 15:22:00,191,191,191,191,0
2021-12-09 15:23:00,191,191,191,191,0
2021-12-09 15:24:00,191,191,191,191,0
2021-12-09 15:25:00,191,191,191,191,0
2021-12-09 15:26:00,191,191,191,191,0
2021-12-09 15:27:00,191,191,191,191,0
2021-12-09 15:28:00,191,191,191,191,0
2021-12-09 15:29:00,191,191,191,191,0
2021-12-09 15:30:00,191,191,191,191,0
2021-12-09 15:31:00,191,191,191,191,0
2021-12-09 15:32:00,191,191,191,191,0
2021-12-09 15:33:00,191,191,191,191,0
2021-12-09 15:34:00,191,191,191,191,0
2021-12-09 15:35:00,191,191,191,191,0
2021-12-09 15:36:00,191,191,191,191,0
2021-12-09 15:37:00,191,191,191,191,0
2021-12-09 15:38:00,191,191,191,191,0
2021-12-09 15:39:00,191,191,191,191,0
2021-12-09 15:40:00,191,191,191,191,0
2021-12-09 15:41:00,191,191,191,191,0
2021-12-09 15:42:00,191,191,191,191,0
2021-12-09 15:43:00,191,191,191,191,0
2021-12-09 15:44:00,191,191,191,191,0
2021-12-09 15:45:00,191,191,191,191,0
2021-12-09 15:46:00,191,191,191,191,0
2021-12-09 15:47:00,191,191,191,191,0
2021-12-09 15:48:00,191,191,191,191,0
2021-12-09 15:49:00,191,191,191,191,0
2021-12-09 15:50:00,191,191,191,191,0
2021-12-09 15:51:00,191,191,191,191,0
2021-12-09 15:52:00,191,191,191,191,0
2021-12-09 15:53:00,191,191,191,191,0
2021-12-09 15:54:00,191,191,191,191,0
2021-12-09 15:55:00,191,191,191,191,0
2021-12-09 15:56:00,191,191,191,191,0
2021-12-09 15:57:00,191,191,191,191,0
2021-12-09 15:58:00,191,191,191,191,0
2021-12-09 15:59:00,191,191,191,191,0
2021-12-10 09:00:00,191,191,191,191,0
2021-12-10 09:01:00,192,192,192,192,2000
2021-12-10 09:02:00,192,192,192,192,0
2021-12-10 09:03:00,192,192,192,192,0
2021-12-10 09:04:00,191,191,191,191,100
2021-12-10 09:05:00,191,191,191,191,0
2021-12-10 09:06:00,191,191,192,192,1100
2021-12-10 09:07:00,191,191,191,191,20000
2021-12-10 09:08:00,191,191,191,191,0
2021-12-10 09:09:00,191,191,191,191,58300
2021-12-10 09:10:00,191,191,191,191,30000
2021-12-10 09:11:00,190,190,190,190,100
2021-12-10 09:12:00,191,191,191,191,11700
2021-12-10 09:13:00,191,191,191,191,0
2021-12-10 09:14:00,191,191,191,191,0
2021-12-10 09:15:00,191,190,191,190,171100
2021-12-10 09:16:00,191,190,191,190,0
2021-12-10 09:17:00,191,190,191,190,0
2021-12-10 09:18:00,190,190,192,192,1600
2021-12-10 09:19:00,190,190,190,190,10000
2021-12-10 09:20:00,190,190,190,190,0
2021-12-10 09:21:00,192,192,192,192,1600
2021-12-10 09:22:00,191,191,191,191,50000
2021-12-10 09:23:00,191,191,191,191,0
2021-12-10 09:24:00,191,191,191,191,0
2021-12-10 09:25:00,192,192,192,192,100
2021-12-10 09:26:00,192,191,192,191,5300
2021-12-10 09:27:00,192,191,192,191,0
2021-12-10 09:28:00,192,191,192,191,0
2021-12-10 09:29:00,191,191,191,191,1500
2021-12-10 09:30:00,191,191,191,191,13300
2021-12-10 09:31:00,191,191,191,191,0
2021-12-10 09:32:00,191,191,191,191,0
2021-12-10 09:33:00,192,192,192,192,20000
2021-12-10 09:34:00,192,192,192,192,0
2021-12-10 09:35:00,192,192,192,192,0
2021-12-10 09:36:00,191,191,192,192,5500
2021-12-10 09:37:00,191,191,192,192,0
2021-12-10 09:38:00,191,191,192,192,0
2021-12-10 09:39:00,191,191,191,191,20000
2021-12-10 09:40:00,191,191,191,191,0
2021-12-10 09:41:00,191,191,191,191,0
2021-12-10 09:42:00,191,191,191,191,64700
2021-12-10 09:43:00,191,191,191,191,0
2021-12-10 09:44:00,191,191,191,191,0
2021-12-10 09:45:00,191,191,191,191,500
2021-12-10 09:46:00,191,191,191,191,0
2021-12-10 09:47:00,191,191,191,191,0
2021-12-10 09:48:00,191,191,191,191,50000
2021-12-10 09:49:00,191,191,191,191,5000
2021-12-10 09:50:00,191,191,191,191,0
2021-12-10 09:51:00,192,192,192,192,800
2021-12-10 09:52:00,191,191,192,192,5100
2021-12-10 09:53:00,191,191,192,192,0
2021-12-10 09:54:00,191,191,192,192,0
2021-12-10 09:55:00,192,192,192,192,1000
2021-12-10 09:56:00,192,192,192,192,0
2021-12-10 09:57:00,192,191,192,191,1000
2021-12-10 09:58:00,192,191,192,191,0
2021-12-10 09:59:00,191,191,191,191,33300
2021-12-10 10:00:00,191,191,191,191,0
2021-12-10 10:01:00,191,191,191,191,0
2021-12-10 10:02:00,191,191,191,191,0
2021-12-10 10:03:00,191,191,191,191,0
2021-12-10 10:04:00,191,191,191,191,0
2021-12-10 10:05:00,191,191,191,191,6000
2021-12-10 10:06:00,191,191,191,191,0
2021-12-10 10:07:00,191,191,191,191,0
2021-12-10 10:08:00,191,191,191,191,0
2021-12-10 10:09:00,191,191,191,191,0
2021-12-10 10:10:00,191,191,191,191,49400
2021-12-10 10:11:00,191,191,191,191,2000
2021-12-10 10:12:00,191,191,191,191,500
2021-12-10 10:13:00,191,191,191,191,0
2021-12-10 10:14:00,190,190,190,190,300
2021-12-10 10:15:00,190,190,190,190,0
2021-12-10 10:16:00,191,191,191,191,2500
2021-12-10 10:17:00,191,191,191,191,6800
2021-12-10 10:18:00,191,191,191,191,0
2021-12-10 10:19:00,191,191,191,191,0
2021-12-10 10:20:00,191,191,191,191,2200
2021-12-10 10:21:00,190,190,190,190,400
2021-12-10 10:22:00,190,190,190,190,0
2021-12-10 10:23:00,190,190,190,190,0
2021-12-10 10:24:00,190,190,190,190,0
2021-12-10 10:25:00,190,190,190,190,0
2021-12-10 10:26:00,190,190,190,190,0
2021-12-10 10:27:00,191,191,191,191,1500
2021-12-10 10:28:00,191,191,191,191,20100
2021-12-10 10:29:00,191,191,191,191,0
2021-12-10 10:30:00,191,191,191,191,20000
2021-12-10 10:31:00,191,191,191,191,0
2021-12-10 10:32:00,191,191,191,191,3200
2021-12-10 10:33:00,190,190,191,191,62700
2021-12-10 10:34:00,191,191,191,191,1100
2021-12-10 10:35:00,191,191,191,191,10000
2021-12-10 10:36:00,191,191,191,191,0
2021-12-10 10:37:00,191,191,191,191,100
2021-12-10 10:38:00,191,191,191,191,100
2021-12-10 10:39:00,191,191,191,191,0
2021-12-10 10:40:00,191,191,191,191,5000
2021-12-10 10:41:00,191,191,191,191,0
2021-12-10 10:42:00,191,191,191,191,0
2021-12-10 10:43:00,191,191,191,191,0
2021-12-10 10:44:00,191,191,191,191,2000
2021-12-10 10:45:00,190,190,190,190,20000
2021-12-10 10:46:00,190,190,191,191,232700
2021-12-10 10:47:00,190,190,191,191,0
2021-12-10 10:48:00,190,190,191,191,0
2021-12-10 10:49:00,190,190,191,191,0
2021-12-10 10:50:00,190,190,191,191,0
2021-12-10 10:51:00,190,190,191,191,0
2021-12-10 10:52:00,191,191,191,191,10100
2021-12-10 10:53:00,191,191,191,191,0
2021-12-10 10:54:00,190,190,190,190,1000
2021-12-10 10:55:00,190,190,190,190,0
2021-12-10 10:56:00,190,190,190,190,0
2021-12-10 10:57:00,190,190,190,190,19900
2021-12-10 10:58:00,190,190,190,190,0
2021-12-10 10:59:00,190,190,190,190,0
2021-12-10 11:00:00,190,190,190,190,0
2021-12-10 11:01:00,190,190,190,190,51200
2021-12-10 11:02:00,190,190,190,190,0
2021-12-10 11:03:00,190,190,190,190,0
2021-12-10 11:04:00,190,190,190,190,0
2021-12-10 11:05:00,190,190,190,190,0
2021-12-10 11:06:00,190,190,190,190,0
2021-12-10 11:07:00,190,190,190,190,0
2021-12-10 11:08:00,191,191,191,191,800
2021-12-10 11:09:00,191,191,191,191,0
2021-12-10 11:10:00,191,191,191,191,0
2021-12-10 11:11:00,191,191,191,191,0
2021-12-10 11:12:00,191,191,191,191,0
2021-12-10 11:13:00,191,191,191,191,100
2021-12-10 11:14:00,191,191,191,191,0
2021-12-10 11:15:00,190,190,190,190,3700
2021-12-10 11:16:00,190,190,190,190,2000
2021-12-10 11:17:00,191,191,191,191,100
2021-12-10 11:18:00,191,191,191,191,0
2021-12-10 11:19:00,191,191,191,191,136000
2021-12-10 11:20:00,191,191,191,191,0
2021-12-10 11:21:00,191,191,191,191,0
2021-12-10 11:22:00,191,191,191,191,0
2021-12-10 11:23:00,191,191,191,191,0
2021-12-10 11:24:00,191,191,191,191,600
2021-12-10 11:25:00,191,191,191,191,0
2021-12-10 11:26:00,191,191,191,191,0
2021-12-10 11:27:00,191,191,191,191,1000
2021-12-10 11:28:00,191,191,191,191,0
2021-12-10 11:29:00,191,191,191,191,0
2021-12-10 11:30:00,191,191,191,191,0
2021-12-10 11:31:00,191,191,191,191,0
2021-12-10 11:32:00,191,191,191,191,0
2021-12-10 11:33:00,191,191,191,191,0
2021-12-10 11:34:00,191,191,191,191,0
2021-12-10 11:35:00,191,191,191,191,0
2021-12-10 11:36:00,191,191,191,191,0
2021-12-10 11:37:00,191,191,191,191,0
2021-12-10 11:38:00,191,191,191,191,0
2021-12-10 11:39:00,191,191,191,191,0
2021-12-10 11:40:00,191,191,191,191,0
2021-12-10 11:41:00,191,191,191,191,0
2021-12-10 11:42:00,191,191,191,191,0
2021-12-10 11:43:00,191,191,191,191,0
2021-12-10 11:44:00,191,191,191,191,0
2021-12-10 11:45:00,191,191,191,191,0
2021-12-10 11:46:00,191,191,191,191,0
2021-12-10 11:47:00,191,191,191,191,0
2021-12-10 11:48:00,191,191,191,191,0
2021-12-10 11:49:00,191,191,191,191,0
2021-12-10 11:50:00,191,191,191,191,0
2021-12-10 11:51:00,191,191,191,191,0
2021-12-10 11:52:00,191,191,191,191,0
2021-12-10 11:53:00,191,191,191,191,0
2021-12-10 11:54:00,191,191,191,191,0
2021-12-10 11:55:00,191,191,191,191,0
2021-12-10 11:56:00,191,191,191,191,0
2021-12-10 11:57:00,191,191,191,191,0
2021-12-10 11:58:00,191,191,191,191,0
2021-12-10 11:59:00,191,191,191,191,0
2021-12-10 12:00:00,191,191,191,191,0
2021-12-10 12:01:00,191,191,191,191,0
2021-12-10 12:02:00,191,191,191,191,0
2021-12-10 12:03:00,191,191,191,191,0
2021-12-10 12:04:00,191,191,191,191,0
2021-12-10 12:05:00,191,191,191,191,0
2021-12-10 12:06:00,191,191,191,191,0
2021-12-10 12:07:00,191,191,191,191,0
2021-12-10 12:08:00,191,191,191,191,0
2021-12-10 12:09:00,191,191,191,191,0
2021-12-10 12:10:00,191,191,191,191,0
2021-12-10 12:11:00,191,191,191,191,0
2021-12-10 12:12:00,191,191,191,191,0
2021-12-10 12:13:00,191,191,191,191,0
2021-12-10 12:14:00,191,191,191,191,0
2021-12-10 12:15:00,191,191,191,191,0
2021-12-10 12:16:00,191,191,191,191,0
2021-12-10 12:17:00,191,191,191,191,0
2021-12-10 12:18:00,191,191,191,191,0
2021-12-10 12:19:00,191,191,191,191,0
2021-12-10 12:20:00,191,191,191,191,0
2021-12-10 12:21:00,191,191,191,191,0
2021-12-10 12:22:00,191,191,191,191,0
2021-12-10 12:23:00,191,191,191,191,0
2021-12-10 12:24:00,191,191,191,191,0
2021-12-10 12:25:00,191,191,191,191,0
2021-12-10 12:26:00,191,191,191,191,0
2021-12-10 12:27:00,191,191,191,191,0
2021-12-10 12:28:00,191,191,191,191,0
2021-12-10 12:29:00,191,191,191,191,0
2021-12-10 12:30:00,191,191,191,191,0
2021-12-10 12:31:00,191,191,191,191,0
2021-12-10 12:32:00,191,191,191,191,0
2021-12-10 12:33:00,191,191,191,191,0
2021-12-10 12:34:00,191,191,191,191,0
2021-12-10 12:35:00,191,191,191,191,0
2021-12-10 12:36:00,191,191,191,191,0
2021-12-10 12:37:00,191,191,191,191,0
2021-12-10 12:38:00,191,191,191,191,0
2021-12-10 12:39:00,191,191,191,191,0
2021-12-10 12:40:00,191,191,191,191,0
2021-12-10 12:41:00,191,191,191,191,0
2021-12-10 12:42:00,191,191,191,191,0
2021-12-10 12:43:00,191,191,191,191,0
2021-12-10 12:44:00,191,191,191,191,0
2021-12-10 12:45:00,191,191,191,191,0
2021-12-10 12:46:00,191,191,191,191,0
2021-12-10 12:47:00,191,191,191,191,0
2021-12-10 12:48:00,191,191,191,191,0
2021-12-10 12:49:00,191,191,191,191,0
2021-12-10 12:50:00,191,191,191,191,0
2021-12-10 12:51:00,191,191,191,191,0
2021-12-10 12:52:00,191,191,191,191,0
2021-12-10 12:53:00,191,191,191,191,0
2021-12-10 12:54:00,191,191,191,191,0
2021-12-10 12:55:00,191,191,191,191,0
2021-12-10 12:56:00,191,191,191,191,0
2021-12-10 12:57:00,191,191,191,191,0
2021-12-10 12:58:00,191,191,191,191,0
2021-12-10 12:59:00,191,191,191,191,0
2021-12-10 13:00:00,191,191,191,191,0
2021-12-10 13:01:00,191,191,191,191,0
2021-12-10 13:02:00,191,191,191,191,0
2021-12-10 13:03:00,191,191,191,191,0
2021-12-10 13:04:00,191,191,191,191,0
2021-12-10 13:05:00,191,191,191,191,0
2021-12-10 13:06:00,191,191,191,191,0
2021-12-10 13:07:00,191,191,191,191,0
2021-12-10 13:08:00,191,191,191,191,0
2021-12-10 13:09:00,191,191,191,191,0
2021-12-10 13:10:00,191,191,191,191,0
2021-12-10 13:11:00,191,191,191,191,0
2021-12-10 13:12:00,191,191,191,191,0
2021-12-10 13:13:00,191,191,191,191,0
2021-12-10 13:14:00,191,191,191,191,0
2021-12-10 13:15:00,191,191,191,191,0
2021-12-10 13:16:00,191,191,191,191,0
2021-12-10 13:17:00,191,191,191,191,0
2021-12-10 13:18:00,191,191,191,191,0
2021-12-10 13:19:00,191,191,191,191,0
2021-12-10 13:20:00,191,191,191,191,0
2021-12-10 13:21:00,191,191,191,191,0
2021-12-10 13:22:00,191,191,191,191,0
2021-12-10 13:23:00,191,191,191,191,0
2021-12-10 13:24:00,191,191,191,191,0
2021-12-10 13:25:00,191,191,191,191,0
2021-12-10 13:26:00,191,191,191,191,0
2021-12-10 13:27:00,191,191,191,191,0
2021-12-10 13:28:00,191,191,191,191,0
2021-12-10 13:29:00,191,191,191,191,0
2021-12-10 13:30:00,191,191,191,191,1600
2021-12-10 13:31:00,190,190,190,190,205600
2021-12-10 13:32:00,190,190,190,190,0
2021-12-10 13:33:00,190,190,190,190,10000
2021-12-10 13:34:00,190,190,190,190,0
2021-12-10 13:35:00,190,190,190,190,0
2021-12-10 13:36:00,190,190,190,190,25100
2021-12-10 13:37:00,190,190,190,190,70000
2021-12-10 13:38:00,190,190,190,190,0
2021-12-10 13:39:00,190,190,190,190,0
2021-12-10 13:40:00,191,191,191,191,2000
2021-12-10 13:41:00,191,191,191,191,0
2021-12-10 13:42:00,191,191,191,191,1000
2021-12-10 13:43:00,190,190,190,190,12000
2021-12-10 13:44:00,190,190,190,190,0
2021-12-10 13:45:00,190,190,190,190,21800
2021-12-10 13:46:00,190,190,190,190,75500
2021-12-10 13:47:00,190,190,190,190,0
2021-12-10 13:48:00,191,191,191,191,1000
2021-12-10 13:49:00,191,191,191,191,0
2021-12-10 13:50:00,191,191,191,191,0
2021-12-10 13:51:00,191,191,191,191,0
2021-12-10 13:52:00,190,190,190,190,4100
2021-12-10 13:53:00,190,190,190,190,7900
2021-12-10 13:54:00,190,190,190,190,0
2021-12-10 13:55:00,190,190,190,190,0
2021-12-10 13:56:00,190,190,190,190,0
2021-12-10 13:57:00,190,190,190,190,2000
2021-12-10 13:58:00,191,191,191,191,200
2021-12-10 13:59:00,190,190,190,190,25000
2021-12-10 14:00:00,190,190,190,190,0
2021-12-10 14:01:00,190,190,190,190,0
2021-12-10 14:02:00,190,190,190,190,0
2021-12-10 14:03:00,190,190,190,190,0
2021-12-10 14:04:00,190,190,190,190,0
2021-12-10 14:05:00,190,190,190,190,5500
2021-12-10 14:06:00,190,190,190,190,13000
2021-12-10 14:07:00,190,190,190,190,14600
2021-12-10 14:08:00,190,190,190,190,0
2021-12-10 14:09:00,191,191,191,191,4600
2021-12-10 14:10:00,191,191,191,191,0
2021-12-10 14:11:00,191,191,191,191,0
2021-12-10 14:12:00,191,191,191,191,1000
2021-12-10 14:13:00,191,191,191,191,0
2021-12-10 14:14:00,191,191,191,191,0
2021-12-10 14:15:00,191,191,191,191,500
2021-12-10 14:16:00,191,191,191,191,0
2021-12-10 14:17:00,191,191,191,191,200
2021-12-10 14:18:00,191,191,191,191,0
2021-12-10 14:19:00,190,190,190,190,1000
2021-12-10 14:20:00,190,190,190,190,0
2021-12-10 14:21:00,190,190,190,190,10000
2021-12-10 14:22:00,191,191,191,191,500
2021-12-10 14:23:00,191,191,191,191,0
2021-12-10 14:24:00,191,191,191,191,0
2021-12-10 14:25:00,191,191,191,191,0
2021-12-10 14:26:00,191,191,191,191,0
2021-12-10 14:27:00,191,191,191,191,500
2021-12-10 14:28:00,191,191,191,191,0
2021-12-10 14:29:00,191,191,191,191,13800
2021-12-10 14:30:00,190,190,191,190,10600
2021-12-10 14:31:00,190,190,190,190,10000
2021-12-10 14:32:00,190,190,190,190,3000
2021-12-10 14:33:00,190,190,190,190,85000
2021-12-10 14:34:00,190,190,190,190,0
2021-12-10 14:35:00,190,190,190,190,0
2021-12-10 14:36:00,190,190,190,190,5000
2021-12-10 14:37:00,190,190,190,190,273300
2021-12-10 14:38:00,190,190,190,190,30900
2021-12-10 14:39:00,190,190,190,190,13100
2021-12-10 14:40:00,190,190,190,190,10000
2021-12-10 14:41:00,190,190,190,190,0
2021-12-10 14:42:00,190,190,190,190,2000
2021-12-10 14:43:00,190,190,190,190,21500
2021-12-10 14:44:00,191,190,191,190,14800
2021-12-10 14:45:00,190,190,190,190,22000
2021-12-10 14:46:00,191,191,191,191,3700
2021-12-10 14:47:00,191,191,191,191,1000
2021-12-10 14:48:00,191,191,191,191,0
2021-12-10 14:49:00,191,190,191,190,10700
2021-12-10 14:50:00,191,190,191,190,0
2021-12-10 14:51:00,191,190,191,190,0
2021-12-10 14:52:00,191,190,191,190,0
2021-12-10 14:53:00,191,190,191,190,0
2021-12-10 14:54:00,191,190,191,190,0
2021-12-10 14:55:00,191,190,191,190,0
2021-12-10 14:56:00,191,190,191,190,0
2021-12-10 14:57:00,191,190,191,190,0
2021-12-10 14:58:00,191,190,191,190,0
2021-12-10 14:59:00,191,190,191,190,0
2021-12-10 15:00:00,190,190,190,190,938800
2021-12-10 15:01:00,190,190,190,190,0
2021-12-10 15:02:00,190,190,190,190,0
2021-12-10 15:03:00,190,190,190,190,0
2021-12-10 15:04:00,190,190,190,190,10000
2021-12-10 15:05:00,190,190,190,190,3500
2021-12-10 15:06:00,190,190,190,190,0
2021-12-10 15:07:00,190,190,190,190,0
2021-12-10 15:08:00,190,190,190,190,0
2021-12-10 15:09:00,190,190,190,190,0
2021-12-10 15:10:00,190,190,190,190,9800
2021-12-10 15:11:00,190,190,190,190,100
2021-12-10 15:12:00,190,190,190,190,200
2021-12-10 15:13:00,190,190,190,190,0
2021-12-10 15:14:00,190,190,190,190,0
2021-12-10 15:15:00,190,190,190,190,0
2021-12-10 15:16:00,190,190,190,190,0
2021-12-10 15:17:00,190,190,190,190,0
2021-12-10 15:18:00,190,190,190,190,0
2021-12-10 15:19:00,190,190,190,190,0
2021-12-10 15:20:00,190,190,190,190,0
2021-12-10 15:21:00,190,190,190,190,0
2021-12-10 15:22:00,190,190,190,190,0
2021-12-10 15:23:00,190,190,190,190,0
2021-12-10 15:24:00,190,190,190,190,0
2021-12-10 15:25:00,190,190,190,190,0
2021-12-10 15:26:00,190,190,190,190,0
2021-12-10 15:27:00,190,190,190,190,0
2021-12-10 15:28:00,190,190,190,190,0
2021-12-10 15:29:00,190,190,190,190,0
2021-12-10 15:30:00,190,190,190,190,0
2021-12-10 15:31:00,190,190,190,190,0
2021-12-10 15:32:00,190,190,190,190,0
2021-12-10 15:33:00,190,190,190,190,0
2021-12-10 15:34:00,190,190,190,190,0
2021-12-10 15:35:00,190,190,190,190,0
2021-12-10 15:36:00,190,190,190,190,0
2021-12-10 15:37:00,190,190,190,190,0
2021-12-10 15:38:00,190,190,190,190,0
2021-12-10 15:39:00,190,190,190,190,0
2021-12-10 15:40:00,190,190,190,190,0
2021-12-10 15:41:00,190,190,190,190,0
2021-12-10 15:42:00,190,190,190,190,0
2021-12-10 15:43:00,190,190,190,190,0
2021-12-10 15:44:00,190,190,190,190,0
2021-12-10 15:45:00,190,190,190,190,0
2021-12-10 15:46:00,190,190,190,190,0
2021-12-10 15:47:00,190,190,190,190,0
2021-12-10 15:48:00,190,190,190,190,0
2021-12-10 15:49:00,190,190,190,190,0
2021-12-10 15:50:00,190,190,190,190,0
2021-12-10 15:51:00,190,190,190,190,0
2021-12-10 15:52:00,190,190,190,190,0
2021-12-10 15:53:00,190,190,190,190,0
2021-12-10 15:54:00,190,190,190,190,0
2021-12-10 15:55:00,190,190,190,190,0
2021-12-10 15:56:00,190,190,190,190,0
2021-12-10 15:57:00,190,190,190,190,0
2021-12-10 15:58:00,190,190,190,190,0
2021-12-10 15:59:00,190,190,190,190,0
2021-12-13 09:00:00,190,190,191,191,0
2021-12-13 09:01:00,190,190,191,191,0
2021-12-13 09:02:00,192,192,192,192,30000
2021-12-13 09:03:00,192,192,194,193,158200
2021-12-13 09:04:00,193,193,194,193,23600
2021-12-13 09:05:00,193,193,193,193,18000
2021-12-13 09:06:00,193,193,193,193,70700
2021-12-13 09:07:00,193,193,193,193,0
2021-12-13 09:08:00,192,192,192,192,50000
2021-12-13 09:09:00,192,192,192,192,56600
2021-12-13 09:10:00,192,192,192,192,0
2021-12-13 09:11:00,192,191,192,191,300
2021-12-13 09:12:00,192,192,192,192,45000
2021-12-13 09:13:00,192,192,192,192,2000
2021-12-13 09:14:00,192,192,192,192,5000
2021-12-13 09:15:00,192,192,192,192,0
2021-12-13 09:16:00,192,192,192,192,7600
2021-12-13 09:17:00,192,192,192,192,7200
2021-12-13 09:18:00,193,192,193,192,4700
2021-12-13 09:19:00,192,192,192,192,10200
2021-12-13 09:20:00,192,192,192,192,0
2021-12-13 09:21:00,192,192,192,192,0
2021-12-13 09:22:00,192,192,192,192,22700
2021-12-13 09:23:00,192,192,192,192,3200
2021-12-13 09:24:00,192,192,192,192,0
2021-12-13 09:25:00,192,192,192,192,16300
2021-12-13 09:26:00,192,192,192,192,100
2021-12-13 09:27:00,192,192,192,192,11500
2021-12-13 09:28:00,192,192,192,192,1000
2021-12-13 09:29:00,192,192,192,192,0
2021-12-13 09:30:00,192,192,192,192,144000
2021-12-13 09:31:00,192,192,192,192,4000
2021-12-13 09:32:00,193,193,193,193,11000
2021-12-13 09:33:00,193,192,193,192,7300
2021-12-13 09:34:00,193,192,193,192,0
2021-12-13 09:35:00,193,192,193,192,0
2021-12-13 09:36:00,193,193,193,193,10400
2021-12-13 09:37:00,192,192,192,192,5000
2021-12-13 09:38:00,192,192,192,192,2000
2021-12-13 09:39:00,192,192,192,192,2200
2021-12-13 09:40:00,192,192,192,192,0
2021-12-13 09:41:00,192,192,192,192,0
2021-12-13 09:42:00,192,192,192,192,0
2021-12-13 09:43:00,192,192,192,192,5000
2021-12-13 09:44:00,192,192,192,192,0
2021-12-13 09:45:00,192,192,192,192,1800
2021-12-13 09:46:00,192,192,192,192,700
2021-12-13 09:47:00,192,192,192,192,0
2021-12-13 09:48:00,192,191,192,191,2600
2021-12-13 09:49:00,192,192,192,192,100
2021-12-13 09:50:00,192,192,192,192,0
2021-12-13 09:51:00,192,191,192,191,101800
2021-12-13 09:52:00,192,191,192,191,0
2021-12-13 09:53:00,192,191,192,191,0
2021-12-13 09:54:00,192,191,192,191,0
2021-12-13 09:55:00,192,191,192,191,0
2021-12-13 09:56:00,192,191,192,191,0
2021-12-13 09:57:00,192,192,192,192,300
2021-12-13 09:58:00,192,192,192,192,0
2021-12-13 09:59:00,192,192,192,192,0
2021-12-13 10:00:00,192,192,192,192,0
2021-12-13 10:01:00,192,192,192,192,0
2021-12-13 10:02:00,192,192,192,192,400
2021-12-13 10:03:00,192,192,192,192,2200
2021-12-13 10:04:00,191,191,191,191,100
2021-12-13 10:05:00,191,191,191,191,0
2021-12-13 10:06:00,191,191,191,191,8100
2021-12-13 10:07:00,191,191,191,191,0
2021-12-13 10:08:00,191,191,191,191,0
2021-12-13 10:09:00,191,191,191,191,0
2021-12-13 10:10:00,191,191,191,191,0
2021-12-13 10:11:00,192,192,192,192,200
2021-12-13 10:12:00,192,192,192,192,0
2021-12-13 10:13:00,192,192,192,192,9300
2021-12-13 10:14:00,192,192,192,192,1000
2021-12-13 10:15:00,192,192,192,192,500
2021-12-13 10:16:00,192,192,192,192,0
2021-12-13 10:17:00,192,192,192,192,0
2021-12-13 10:18:00,191,191,191,191,24500
2021-12-13 10:19:00,191,191,191,191,0
2021-12-13 10:20:00,191,191,191,191,0
2021-12-13 10:21:00,191,191,191,191,0
2021-12-13 10:22:00,191,191,191,191,0
2021-12-13 10:23:00,191,191,191,191,0
2021-12-13 10:24:00,191,191,191,191,10000
2021-12-13 10:25:00,191,191,191,191,0
2021-12-13 10:26:00,191,191,191,191,0
2021-12-13 10:27:00,191,191,191,191,0
2021-12-13 10:28:00,191,191,191,191,0
2021-12-13 10:29:00,191,191,191,191,0
2021-12-13 10:30:00,191,191,191,191,0
2021-12-13 10:31:00,191,191,191,191,0
2021-12-13 10:32:00,191,191,191,191,0
2021-12-13 10:33:00,191,191,191,191,0
2021-12-13 10:34:00,191,191,191,191,100
2021-12-13 10:35:00,191,191,191,191,0
2021-12-13 10:36:00,191,191,191,191,0
2021-12-13 10:37:00,192,192,192,192,1600
2021-12-13 10:38:00,191,191,191,191,1000
2021-12-13 10:39:00,191,191,191,191,0
2021-12-13 10:40:00,191,191,191,191,1000
2021-12-13 10:41:00,192,192,192,192,100
2021-12-13 10:42:00,192,192,192,192,0
2021-12-13 10:43:00,192,192,192,192,0
2021-12-13 10:44:00,192,192,192,192,100
2021-12-13 10:45:00,192,192,192,192,9900
2021-12-13 10:46:00,192,192,192,192,10000
2021-12-13 10:47:00,192,192,192,192,0
2021-12-13 10:48:00,192,192,192,192,100
2021-12-13 10:49:00,191,191,191,191,500
2021-12-13 10:50:00,191,191,191,191,0
2021-12-13 10:51:00,191,191,191,191,0
2021-12-13 10:52:00,191,191,191,191,0
2021-12-13 10:53:00,191,191,191,191,0
2021-12-13 10:54:00,191,191,191,191,0
2021-12-13 10:55:00,191,191,191,191,0
2021-12-13 10:56:00,192,192,192,192,100
2021-12-13 10:57:00,192,192,192,192,0
2021-12-13 10:58:00,192,192,192,192,0
2021-12-13 10:59:00,192,192,192,192,0
2021-12-13 11:00:00,192,192,192,192,0
2021-12-13 11:01:00,191,191,191,191,4300
2021-12-13 11:02:00,191,191,191,191,1700
2021-12-13 11:03:00,191,191,191,191,0
2021-12-13 11:04:00,191,191,191,191,0
2021-12-13 11:05:00,191,191,191,191,0
2021-12-13 11:06:00,191,191,191,191,0
2021-12-13 11:07:00,192,192,192,192,100
2021-12-13 11:08:00,191,191,191,191,21900
2021-12-13 11:09:00,191,191,191,191,0
2021-12-13 11:10:00,191,191,191,191,0
2021-12-13 11:11:00,191,191,191,191,0
2021-12-13 11:12:00,191,191,191,191,0
2021-12-13 11:13:00,192,192,192,192,100
2021-12-13 11:14:00,192,192,192,192,9900
2021-12-13 11:15:00,192,192,192,192,0
2021-12-13 11:16:00,192,192,192,192,1500
2021-12-13 11:17:00,192,192,192,192,0
2021-12-13 11:18:00,192,192,192,192,0
2021-12-13 11:19:00,192,192,192,192,0
2021-12-13 11:20:00,192,192,192,192,0
2021-12-13 11:21:00,192,192,192,192,0
2021-12-13 11:22:00,192,192,192,192,5000
2021-12-13 11:23:00,192,192,192,192,113000
2021-12-13 11:24:00,193,193,193,193,500
2021-12-13 11:25:00,192,192,192,192,12700
2021-12-13 11:26:00,192,192,192,192,0
2021-12-13 11:27:00,192,192,192,192,0
2021-12-13 11:28:00,192,192,192,192,13800
2021-12-13 11:29:00,192,192,192,192,0
2021-12-13 11:30:00,192,192,192,192,0
2021-12-13 11:31:00,192,192,192,192,0
2021-12-13 11:32:00,192,192,192,192,0
2021-12-13 11:33:00,192,192,192,192,0
2021-12-13 11:34:00,192,192,192,192,0
2021-12-13 11:35:00,192,192,192,192,0
2021-12-13 11:36:00,192,192,192,192,0
2021-12-13 11:37:00,192,192,192,192,0
2021-12-13 11:38:00,192,192,192,192,0
2021-12-13 11:39:00,192,192,192,192,0
2021-12-13 11:40:00,192,192,192,192,0
2021-12-13 11:41:00,192,192,192,192,0
2021-12-13 11:42:00,192,192,192,192,0
2021-12-13 11:43:00,192,192,192,192,0
2021-12-13 11:44:00,192,192,192,192,0
2021-12-13 11:45:00,192,192,192,192,0
2021-12-13 11:46:00,192,192,192,192,0
2021-12-13 11:47:00,192,192,192,192,0
2021-12-13 11:48:00,192,192,192,192,0
2021-12-13 11:49:00,192,192,192,192,0
2021-12-13 11:50:00,192,192,192,192,0
2021-12-13 11:51:00,192,192,192,192,0
2021-12-13 11:52:00,192,192,192,192,0
2021-12-13 11:53:00,192,192,192,192,0
2021-12-13 11:54:00,192,192,192,192,0
2021-12-13 11:55:00,192,192,192,192,0
2021-12-13 11:56:00,192,192,192,192,0
2021-12-13 11:57:00,192,192,192,192,0
2021-12-13 11:58:00,192,192,192,192,0
2021-12-13 11:59:00,192,192,192,192,0
2021-12-13 12:00:00,192,192,192,192,0
2021-12-13 12:01:00,192,192,192,192,0
2021-12-13 12:02:00,192,192,192,192,0
2021-12-13 12:03:00,192,192,192,192,0
2021-12-13 12:04:00,192,192,192,192,0
2021-12-13 12:05:00,192,192,192,192,0
2021-12-13 12:06:00,192,192,192,192,0
2021-12-13 12:07:00,192,192,192,192,0
2021-12-13 12:08:00,192,192,192,192,0
2021-12-13 12:09:00,192,192,192,192,0
2021-12-13 12:10:00,192,192,192,192,0
2021-12-13 12:11:00,192,192,192,192,0
2021-12-13 12:12:00,192,192,192,192,0
2021-12-13 12:13:00,192,192,192,192,0
2021-12-13 12:14:00,192,192,192,192,0
2021-12-13 12:15:00,192,192,192,192,0
2021-12-13 12:16:00,192,192,192,192,0
2021-12-13 12:17:00,192,192,192,192,0
2021-12-13 12:18:00,192,192,192,192,0
2021-12-13 12:19:00,192,192,192,192,0
2021-12-13 12:20:00,192,192,192,192,0
2021-12-13 12:21:00,192,192,192,192,0
2021-12-13 12:22:00,192,192,192,192,0
2021-12-13 12:23:00,192,192,192,192,0
2021-12-13 12:24:00,192,192,192,192,0
2021-12-13 12:25:00,192,192,192,192,0
2021-12-13 12:26:00,192,192,192,192,0
2021-12-13 12:27:00,192,192,192,192,0
2021-12-13 12:28:00,192,192,192,192,0
2021-12-13 12:29:00,192,192,192,192,0
2021-12-13 12:30:00,192,192,192,192,0
2021-12-13 12:31:00,192,192,192,192,0
2021-12-13 12:32:00,192,192,192,192,0
2021-12-13 12:33:00,192,192,192,192,0
2021-12-13 12:34:00,192,192,192,192,0
2021-12-13 12:35:00,192,192,192,192,0
2021-12-13 12:36:00,192,192,192,192,0
2021-12-13 12:37:00,192,192,192,192,0
2021-12-13 12:38:00,192,192,192,192,0
2021-12-13 12:39:00,192,192,192,192,0
2021-12-13 12:40:00,192,192,192,192,0
2021-12-13 12:41:00,192,192,192,192,0
2021-12-13 12:42:00,192,192,192,192,0
2021-12-13 12:43:00,192,192,192,192,0
2021-12-13 12:44:00,192,192,192,192,0
2021-12-13 12:45:00,192,192,192,192,0
2021-12-13 12:46:00,192,192,192,192,0
2021-12-13 12:47:00,192,192,192,192,0
2021-12-13 12:48:00,192,192,192,192,0
2021-12-13 12:49:00,192,192,192,192,0
2021-12-13 12:50:00,192,192,192,192,0
2021-12-13 12:51:00,192,192,192,192,0
2021-12-13 12:52:00,192,192,192,192,0
2021-12-13 12:53:00,192,192,192,192,0
2021-12-13 12:54:00,192,192,192,192,0
2021-12-13 12:55:00,192,192,192,192,0
2021-12-13 12:56:00,192,192,192,192,0
2021-12-13 12:57:00,192,192,192,192,0
2021-12-13 12:58:00,192,192,192,192,0
2021-12-13 12:59:00,192,192,192,192,0
2021-12-13 13:00:00,192,192,192,192,0
2021-12-13 13:01:00,192,192,192,192,0
2021-12-13 13:02:00,192,192,192,192,0
2021-12-13 13:03:00,192,192,192,192,0
2021-12-13 13:04:00,192,192,192,192,0
2021-12-13 13:05:00,192,192,192,192,0
2021-12-13 13:06:00,192,192,192,192,0
2021-12-13 13:07:00,192,192,192,192,0
2021-12-13 13:08:00,192,192,192,192,0
2021-12-13 13:09:00,192,192,192,192,0
2021-12-13 13:10:00,192,192,192,192,0
2021-12-13 13:11:00,192,192,192,192,0
2021-12-13 13:12:00,192,192,192,192,0
2021-12-13 13:13:00,192,192,192,192,0
2021-12-13 13:14:00,192,192,192,192,0
2021-12-13 13:15:00,192,192,192,192,0
2021-12-13 13:16:00,192,192,192,192,0
2021-12-13 13:17:00,192,192,192,192,0
2021-12-13 13:18:00,192,192,192,192,0
2021-12-13 13:19:00,192,192,192,192,0
2021-12-13 13:20:00,192,192,192,192,0
2021-12-13 13:21:00,192,192,192,192,0
2021-12-13 13:22:00,192,192,192,192,0
2021-12-13 13:23:00,192,192,192,192,0
2021-12-13 13:24:00,192,192,192,192,0
2021-12-13 13:25:00,192,192,192,192,0
2021-12-13 13:26:00,192,192,192,192,0
2021-12-13 13:27:00,192,192,192,192,0
2021-12-13 13:28:00,192,192,192,192,0
2021-12-13 13:29:00,192,192,192,192,0
2021-12-13 13:30:00,192,192,192,192,600
2021-12-13 13:31:00,192,192,192,192,0
2021-12-13 13:32:00,192,192,192,192,0
2021-12-13 13:33:00,192,192,192,192,52200
2021-12-13 13:34:00,192,192,192,192,0
2021-12-13 13:35:00,192,192,192,192,0
2021-12-13 13:36:00,192,192,192,192,0
2021-12-13 13:37:00,192,192,192,192,0
2021-12-13 13:38:00,192,192,192,192,0
2021-12-13 13:39:00,192,192,192,192,0
2021-12-13 13:40:00,192,192,192,192,0
2021-12-13 13:41:00,192,192,192,192,0
2021-12-13 13:42:00,192,192,192,192,0
2021-12-13 13:43:00,192,192,192,192,48500
2021-12-13 13:44:00,192,192,192,192,40000
2021-12-13 13:45:00,192,192,192,192,0
2021-12-13 13:46:00,192,192,192,192,0
2021-12-13 13:47:00,192,192,192,192,1000
2021-12-13 13:48:00,192,192,192,192,15000
2021-12-13 13:49:00,192,192,192,192,200
2021-12-13 13:50:00,192,192,192,192,95300
2021-12-13 13:51:00,192,192,192,192,0
2021-12-13 13:52:00,192,192,192,192,0
2021-12-13 13:53:00,192,192,192,192,500
2021-12-13 13:54:00,192,192,192,192,0
2021-12-13 13:55:00,192,192,192,192,0
2021-12-13 13:56:00,192,192,192,192,0
2021-12-13 13:57:00,192,192,192,192,0
2021-12-13 13:58:00,192,192,192,192,0
2021-12-13 13:59:00,191,191,191,191,10500
2021-12-13 14:00:00,191,191,191,191,0
2021-12-13 14:01:00,191,191,191,191,0
2021-12-13 14:02:00,192,191,192,191,400
2021-12-13 14:03:00,192,191,192,191,0
2021-12-13 14:04:00,192,191,192,191,0
2021-12-13 14:05:00,192,191,192,191,0
2021-12-13 14:06:00,192,192,192,192,900
2021-12-13 14:07:00,191,191,191,191,10400
2021-12-13 14:08:00,191,191,191,191,50000
2021-12-13 14:09:00,191,191,191,191,0
2021-12-13 14:10:00,191,191,191,191,0
2021-12-13 14:11:00,191,191,191,191,0
2021-12-13 14:12:00,191,191,191,191,0
2021-12-13 14:13:00,191,191,191,191,0
2021-12-13 14:14:00,191,191,191,191,0
2021-12-13 14:15:00,191,191,191,191,0
2021-12-13 14:16:00,191,191,191,191,448100
2021-12-13 14:17:00,191,191,191,191,0
2021-12-13 14:18:00,191,191,191,191,0
2021-12-13 14:19:00,191,191,191,191,5400
2021-12-13 14:20:00,191,191,191,191,0
2021-12-13 14:21:00,191,191,191,191,0
2021-12-13 14:22:00,191,190,191,190,59500
2021-12-13 14:23:00,191,190,191,190,5000
2021-12-13 14:24:00,191,190,191,190,27500
2021-12-13 14:25:00,191,191,191,191,91100
2021-12-13 14:26:00,191,191,191,191,500
2021-12-13 14:27:00,191,191,191,191,55000
2021-12-13 14:28:00,191,191,191,191,0
2021-12-13 14:29:00,191,191,191,191,0
2021-12-13 14:30:00,191,191,191,191,0
2021-12-13 14:31:00,191,191,191,191,0
2021-12-13 14:32:00,191,191,191,191,0
2021-12-13 14:33:00,192,192,192,192,5000
2021-12-13 14:34:00,192,192,192,192,13000
2021-12-13 14:35:00,192,192,192,192,0
2021-12-13 14:36:00,192,192,192,192,0
2021-12-13 14:37:00,191,191,191,191,3800
2021-12-13 14:38:00,191,191,191,191,5500
2021-12-13 14:39:00,191,191,191,191,1000
2021-12-13 14:40:00,191,191,191,191,2400
2021-12-13 14:41:00,191,191,191,191,0
2021-12-13 14:42:00,191,191,191,191,308200
2021-12-13 14:43:00,191,191,191,191,122500
2021-12-13 14:44:00,191,191,191,191,0
2021-12-13 14:45:00,191,191,191,191,30700
2021-12-13 14:46:00,191,191,191,191,0
2021-12-13 14:47:00,191,191,191,191,0
2021-12-13 14:48:00,191,191,191,191,0
2021-12-13 14:49:00,191,191,191,191,114600
2021-12-13 14:50:00,191,191,191,191,0
2021-12-13 14:51:00,191,191,191,191,0
2021-12-13 14:52:00,191,191,191,191,0
2021-12-13 14:53:00,191,191,191,191,0
2021-12-13 14:54:00,191,191,191,191,0
2021-12-13 14:55:00,191,191,191,191,0
2021-12-13 14:56:00,191,191,191,191,0
2021-12-13 14:57:00,191,191,191,191,0
2021-12-13 14:58:00,191,191,191,191,0
2021-12-13 14:59:00,191,191,191,191,0
2021-12-13 15:00:00,192,192,192,192,348300
2021-12-13 15:01:00,192,192,192,192,0
2021-12-13 15:02:00,192,192,192,192,0
2021-12-13 15:03:00,192,192,192,192,100000
2021-12-13 15:04:00,192,192,192,192,10000
2021-12-13 15:05:00,192,192,192,192,0
2021-12-13 15:06:00,192,192,192,192,100
2021-12-13 15:07:00,192,192,192,192,0
2021-12-13 15:08:00,192,192,192,192,0
2021-12-13 15:09:00,192,192,192,192,5000
2021-12-13 15:10:00,192,192,192,192,3206900
2021-12-13 15:11:00,192,192,192,192,0
2021-12-13 15:12:00,192,192,192,192,0
2021-12-13 15:13:00,192,192,192,192,0
2021-12-13 15:14:00,192,192,192,192,0
2021-12-13 15:15:00,192,192,192,192,0
2021-12-13 15:16:00,192,192,192,192,0
2021-12-13 15:17:00,192,192,192,192,0
2021-12-13 15:18:00,192,192,192,192,0
2021-12-13 15:19:00,192,192,192,192,0
2021-12-13 15:20:00,192,192,192,192,0
2021-12-13 15:21:00,192,192,192,192,0
2021-12-13 15:22:00,192,192,192,192,0
2021-12-13 15:23:00,192,192,192,192,0
2021-12-13 15:24:00,192,192,192,192,0
2021-12-13 15:25:00,192,192,192,192,0
2021-12-13 15:26:00,192,192,192,192,0
2021-12-13 15:27:00,192,192,192,192,0
2021-12-13 15:28:00,192,192,192,192,0
2021-12-13 15:29:00,192,192,192,192,0
2021-12-13 15:30:00,192,192,192,192,0
2021-12-13 15:31:00,192,192,192,192,0
2021-12-13 15:32:00,192,192,192,192,0
2021-12-13 15:33:00,192,192,192,192,0
2021-12-13 15:34:00,192,192,192,192,0
2021-12-13 15:35:00,192,192,192,192,0
2021-12-13 15:36:00,192,192,192,192,0
2021-12-13 15:37:00,192,192,192,192,0
2021-12-13 15:38:00,192,192,192,192,0
2021-12-13 15:39:00,192,192,192,192,0
2021-12-13 15:40:00,192,192,192,192,0
2021-12-13 15:41:00,192,192,192,192,0
2021-12-13 15:42:00,192,192,192,192,0
2021-12-13 15:43:00,192,192,192,192,0
2021-12-13 15:44:00,192,192,192,192,0
2021-12-13 15:45:00,192,192,192,192,0
2021-12-13 15:46:00,192,192,192,192,0
2021-12-13 15:47:00,192,192,192,192,0
2021-12-13 15:48:00,192,192,192,192,0
2021-12-13 15:49:00,192,192,192,192,0
2021-12-13 15:50:00,192,192,192,192,0
2021-12-13 15:51:00,192,192,192,192,0
2021-12-13 15:52:00,192,192,192,192,0
2021-12-13 15:53:00,192,192,192,192,0
2021-12-13 15:54:00,192,192,192,192,0
2021-12-13 15:55:00,192,192,192,192,0
2021-12-13 15:56:00,192,192,192,192,0
2021-12-13 15:57:00,192,192,192,192,0
2021-12-13 15:58:00,192,192,192,192,0
2021-12-13 15:59:00,192,192,192,192,0
2021-12-14 09:00:00,192,192,192,192,0
2021-12-14 09:01:00,192,192,193,192,9800
2021-12-14 09:02:00,192,192,192,192,29700
2021-12-14 09:03:00,192,192,192,192,0
2021-12-14 09:04:00,191,191,191,191,50000
2021-12-14 09:05:00,191,191,191,191,28800
2021-12-14 09:06:00,191,191,191,191,12700
2021-12-14 09:07:00,191,191,191,191,28500
2021-12-14 09:08:00,192,192,192,192,100
2021-12-14 09:09:00,191,191,191,191,20000
2021-12-14 09:10:00,191,191,192,192,5100
2021-12-14 09:11:00,191,191,192,191,10700
2021-12-14 09:12:00,191,191,191,191,12300
2021-12-14 09:13:00,191,191,191,191,20300
2021-12-14 09:14:00,191,191,191,191,40000
2021-12-14 09:15:00,191,190,191,190,6300
2021-12-14 09:16:00,190,190,191,191,15700
2021-12-14 09:17:00,191,191,191,191,64200
2021-12-14 09:18:00,191,191,191,191,600
2021-12-14 09:19:00,191,191,191,191,0
2021-12-14 09:20:00,191,191,191,191,0
2021-12-14 09:21:00,191,191,191,191,0
2021-12-14 09:22:00,191,191,191,191,0
2021-12-14 09:23:00,191,191,191,191,0
2021-12-14 09:24:00,191,191,191,191,0
2021-12-14 09:25:00,190,190,190,190,254500
2021-12-14 09:26:00,190,190,190,190,0
2021-12-14 09:27:00,190,190,190,190,0
2021-12-14 09:28:00,190,190,190,190,0
2021-12-14 09:29:00,191,191,191,191,100
2021-12-14 09:30:00,191,191,191,191,100
2021-12-14 09:31:00,190,190,191,191,57900
2021-12-14 09:32:00,190,190,191,191,0
2021-12-14 09:33:00,190,190,190,190,55800
2021-12-14 09:34:00,191,191,191,191,2000
2021-12-14 09:35:00,190,190,190,190,300
2021-12-14 09:36:00,190,190,190,190,0
2021-12-14 09:37:00,190,190,190,190,291600
2021-12-14 09:38:00,190,190,190,190,0
2021-12-14 09:39:00,191,191,191,191,100
2021-12-14 09:40:00,190,190,191,191,100
2021-12-14 09:41:00,190,190,191,191,0
2021-12-14 09:42:00,190,190,191,191,0
2021-12-14 09:43:00,190,190,191,191,0
2021-12-14 09:44:00,190,190,191,191,0
2021-12-14 09:45:00,190,190,191,191,25000
2021-12-14 09:46:00,190,190,190,190,34300
2021-12-14 09:47:00,191,191,191,191,8600
2021-12-14 09:48:00,192,192,192,192,100
2021-12-14 09:49:00,192,192,192,192,0
2021-12-14 09:50:00,192,191,192,191,100
2021-12-14 09:51:00,192,191,192,191,0
2021-12-14 09:52:00,191,191,191,191,7600
2021-12-14 09:53:00,191,191,191,191,0
2021-12-14 09:54:00,191,191,191,191,4100
2021-12-14 09:55:00,191,191,191,191,0
2021-12-14 09:56:00,191,191,191,191,800
2021-12-14 09:57:00,191,191,191,191,0
2021-12-14 09:58:00,191,191,191,191,0
2021-12-14 09:59:00,191,191,191,191,2200
2021-12-14 10:00:00,190,190,190,190,100
2021-12-14 10:01:00,190,190,190,190,3300
2021-12-14 10:02:00,190,190,190,190,0
2021-12-14 10:03:00,190,190,190,190,0
2021-12-14 10:04:00,191,190,191,190,8400
2021-12-14 10:05:00,191,190,191,190,0
2021-12-14 10:06:00,190,190,190,190,500
2021-12-14 10:07:00,190,190,190,190,0
2021-12-14 10:08:00,190,190,190,190,0
2021-12-14 10:09:00,191,190,191,190,5800
2021-12-14 10:10:00,190,190,190,190,22300
2021-12-14 10:11:00,190,190,190,190,0
2021-12-14 10:12:00,190,190,190,190,5600
2021-12-14 10:13:00,190,190,190,190,5800
2021-12-14 10:14:00,190,190,190,190,2100
2021-12-14 10:15:00,191,190,191,190,200
2021-12-14 10:16:00,191,190,191,190,0
2021-12-14 10:17:00,191,190,191,190,0
2021-12-14 10:18:00,191,191,191,191,100
2021-12-14 10:19:00,191,191,191,191,0
2021-12-14 10:20:00,191,191,191,191,0
2021-12-14 10:21:00,191,191,191,191,0
2021-12-14 10:22:00,191,191,191,191,0
2021-12-14 10:23:00,191,191,191,191,0
2021-12-14 10:24:00,191,191,191,191,0
2021-12-14 10:25:00,191,191,191,191,0
2021-12-14 10:26:00,191,191,191,191,0
2021-12-14 10:27:00,191,191,191,191,0
2021-12-14 10:28:00,191,191,191,191,0
2021-12-14 10:29:00,191,191,191,191,1000
2021-12-14 10:30:00,191,191,191,191,0
2021-12-14 10:31:00,191,191,191,191,0
2021-12-14 10:32:00,191,191,191,191,0
2021-12-14 10:33:00,191,191,191,191,0
2021-12-14 10:34:00,191,191,191,191,0
2021-12-14 10:35:00,191,191,191,191,0
2021-12-14 10:36:00,191,191,191,191,0
2021-12-14 10:37:00,191,191,191,191,0
2021-12-14 10:38:00,191,191,191,191,0
2021-12-14 10:39:00,191,191,191,191,0
2021-12-14 10:40:00,191,191,191,191,100
2021-12-14 10:41:00,191,191,191,191,0
2021-12-14 10:42:00,191,191,191,191,0
2021-12-14 10:43:00,191,191,191,191,0
2021-12-14 10:44:00,191,191,191,191,0
2021-12-14 10:45:00,191,191,191,191,0
2021-12-14 10:46:00,191,191,191,191,0
2021-12-14 10:47:00,191,191,191,191,0
2021-12-14 10:48:00,191,191,191,191,0
2021-12-14 10:49:00,191,191,191,191,0
2021-12-14 10:50:00,191,191,191,191,0
2021-12-14 10:51:00,191,191,191,191,0
2021-12-14 10:52:00,190,190,190,190,50000
2021-12-14 10:53:00,190,190,190,190,0
2021-12-14 10:54:00,190,190,190,190,4000
2021-12-14 10:55:00,190,190,190,190,0
2021-12-14 10:56:00,191,191,191,191,114000
2021-12-14 10:57:00,191,191,191,191,20000
2021-12-14 10:58:00,191,191,191,191,0
2021-12-14 10:59:00,191,191,191,191,0
2021-12-14 11:00:00,191,191,191,191,5000
2021-12-14 11:01:00,191,191,191,191,4700
2021-12-14 11:02:00,191,191,191,191,2500
2021-12-14 11:03:00,191,191,191,191,25000
2021-12-14 11:04:00,191,191,191,191,0
2021-12-14 11:05:00,191,191,191,191,0
2021-12-14 11:06:00,191,191,191,191,0
2021-12-14 11:07:00,191,191,191,191,0
2021-12-14 11:08:00,191,191,191,191,0
2021-12-14 11:09:00,191,191,191,191,0
2021-12-14 11:10:00,191,191,191,191,0
2021-12-14 11:11:00,191,191,191,191,25000
2021-12-14 11:12:00,191,191,191,191,0
2021-12-14 11:13:00,191,191,191,191,0
2021-12-14 11:14:00,191,191,191,191,0
2021-12-14 11:15:00,191,191,191,191,0
2021-12-14 11:16:00,191,191,191,191,0
2021-12-14 11:17:00,191,191,191,191,0
2021-12-14 11:18:00,191,191,191,191,0
2021-12-14 11:19:00,191,191,191,191,0
2021-12-14 11:20:00,191,191,191,191,0
2021-12-14 11:21:00,191,191,191,191,0
2021-12-14 11:22:00,191,191,191,191,0
2021-12-14 11:23:00,191,191,191,191,0
2021-12-14 11:24:00,191,191,191,191,0
2021-12-14 11:25:00,191,191,191,191,0
2021-12-14 11:26:00,191,191,191,191,0
2021-12-14 11:27:00,191,191,191,191,0
2021-12-14 11:28:00,191,191,191,191,0
2021-12-14 11:29:00,191,191,191,191,19300
2021-12-14 11:30:00,191,191,191,191,0
2021-12-14 11:31:00,191,191,191,191,0
2021-12-14 11:32:00,191,191,191,191,0
2021-12-14 11:33:00,191,191,191,191,0
2021-12-14 11:34:00,191,191,191,191,0
2021-12-14 11:35:00,191,191,191,191,0
2021-12-14 11:36:00,191,191,191,191,0
2021-12-14 11:37:00,191,191,191,191,0
2021-12-14 11:38:00,191,191,191,191,0
2021-12-14 11:39:00,191,191,191,191,0
2021-12-14 11:40:00,191,191,191,191,0
2021-12-14 11:41:00,191,191,191,191,0
2021-12-14 11:42:00,191,191,191,191,0
2021-12-14 11:43:00,191,191,191,191,0
2021-12-14 11:44:00,191,191,191,191,0
2021-12-14 11:45:00,191,191,191,191,0
2021-12-14 11:46:00,191,191,191,191,0
2021-12-14 11:47:00,191,191,191,191,0
2021-12-14 11:48:00,191,191,191,191,0
2021-12-14 11:49:00,191,191,191,191,0
2021-12-14 11:50:00,191,191,191,191,0
2021-12-14 11:51:00,191,191,191,191,0
2021-12-14 11:52:00,191,191,191,191,0
2021-12-14 11:53:00,191,191,191,191,0
2021-12-14 11:54:00,191,191,191,191,0
2021-12-14 11:55:00,191,191,191,191,0
2021-12-14 11:56:00,191,191,191,191,0
2021-12-14 11:57:00,191,191,191,191,0
2021-12-14 11:58:00,191,191,191,191,0
2021-12-14 11:59:00,191,191,191,191,0
2021-12-14 12:00:00,191,191,191,191,0
2021-12-14 12:01:00,191,191,191,191,0
2021-12-14 12:02:00,191,191,191,191,0
2021-12-14 12:03:00,191,191,191,191,0
2021-12-14 12:04:00,191,191,191,191,0
2021-12-14 12:05:00,191,191,191,191,0
2021-12-14 12:06:00,191,191,191,191,0
2021-12-14 12:07:00,191,191,191,191,0
2021-12-14 12:08:00,191,191,191,191,0
2021-12-14 12:09:00,191,191,191,191,0
2021-12-14 12:10:00,191,191,191,191,0
2021-12-14 12:11:00,191,191,191,191,0
2021-12-14 12:12:00,191,191,191,191,0
2021-12-14 12:13:00,191,191,191,191,0
2021-12-14 12:14:00,191,191,191,191,0
2021-12-14 12:15:00,191,191,191,191,0
2021-12-14 12:16:00,191,191,191,191,0
2021-12-14 12:17:00,191,191,191,191,0
2021-12-14 12:18:00,191,191,191,191,0
2021-12-14 12:19:00,191,191,191,191,0
2021-12-14 12:20:00,191,191,191,191,0
2021-12-14 12:21:00,191,191,191,191,0
2021-12-14 12:22:00,191,191,191,191,0
2021-12-14 12:23:00,191,191,191,191,0
2021-12-14 12:24:00,191,191,191,191,0
2021-12-14 12:25:00,191,191,191,191,0
2021-12-14 12:26:00,191,191,191,191,0
2021-12-14 12:27:00,191,191,191,191,0
2021-12-14 12:28:00,191,191,191,191,0
2021-12-14 12:29:00,191,191,191,191,0
2021-12-14 12:30:00,191,191,191,191,0
2021-12-14 12:31:00,191,191,191,191,0
2021-12-14 12:32:00,191,191,191,191,0
2021-12-14 12:33:00,191,191,191,191,0
2021-12-14 12:34:00,191,191,191,191,0
2021-12-14 12:35:00,191,191,191,191,0
2021-12-14 12:36:00,191,191,191,191,0
2021-12-14 12:37:00,191,191,191,191,0
2021-12-14 12:38:00,191,191,191,191,0
2021-12-14 12:39:00,191,191,191,191,0
2021-12-14 12:40:00,191,191,191,191,0
2021-12-14 12:41:00,191,191,191,191,0
2021-12-14 12:42:00,191,191,191,191,0
2021-12-14 12:43:00,191,191,191,191,0
2021-12-14 12:44:00,191,191,191,191,0
2021-12-14 12:45:00,191,191,191,191,0
2021-12-14 12:46:00,191,191,191,191,0
2021-12-14 12:47:00,191,191,191,191,0
2021-12-14 12:48:00,191,191,191,191,0
2021-12-14 12:49:00,191,191,191,191,0
2021-12-14 12:50:00,191,191,191,191,0
2021-12-14 12:51:00,191,191,191,191,0
2021-12-14 12:52:00,191,191,191,191,0
2021-12-14 12:53:00,191,191,191,191,0
2021-12-14 12:54:00,191,191,191,191,0
2021-12-14 12:55:00,191,191,191,191,0
2021-12-14 12:56:00,191,191,191,191,0
2021-12-14 12:57:00,191,191,191,191,0
2021-12-14 12:58:00,191,191,191,191,0
2021-12-14 12:59:00,191,191,191,191,0
2021-12-14 13:00:00,191,191,191,191,0
2021-12-14 13:01:00,191,191,191,191,0
2021-12-14 13:02:00,191,191,191,191,0
2021-12-14 13:03:00,191,191,191,191,0
2021-12-14 13:04:00,191,191,191,191,0
2021-12-14 13:05:00,191,191,191,191,0
2021-12-14 13:06:00,191,191,191,191,0
2021-12-14 13:07:00,191,191,191,191,0
2021-12-14 13:08:00,191,191,191,191,0
2021-12-14 13:09:00,191,191,191,191,0
2021-12-14 13:10:00,191,191,191,191,0
2021-12-14 13:11:00,191,191,191,191,0
2021-12-14 13:12:00,191,191,191,191,0
2021-12-14 13:13:00,191,191,191,191,0
2021-12-14 13:14:00,191,191,191,191,0
2021-12-14 13:15:00,191,191,191,191,0
2021-12-14 13:16:00,191,191,191,191,0
2021-12-14 13:17:00,191,191,191,191,0
2021-12-14 13:18:00,191,191,191,191,0
2021-12-14 13:19:00,191,191,191,191,0
2021-12-14 13:20:00,191,191,191,191,0
2021-12-14 13:21:00,191,191,191,191,0
2021-12-14 13:22:00,191,191,191,191,0
2021-12-14 13:23:00,191,191,191,191,0
2021-12-14 13:24:00,191,191,191,191,0
2021-12-14 13:25:00,191,191,191,191,0
2021-12-14 13:26:00,191,191,191,191,0
2021-12-14 13:27:00,191,191,191,191,0
2021-12-14 13:28:00,191,191,191,191,0
2021-12-14 13:29:00,191,191,191,191,0
2021-12-14 13:30:00,191,190,191,190,500
2021-12-14 13:31:00,191,190,191,190,0
2021-12-14 13:32:00,191,190,191,190,0
2021-12-14 13:33:00,191,191,191,191,100
2021-12-14 13:34:00,191,191,191,191,0
2021-12-14 13:35:00,191,191,191,191,0
2021-12-14 13:36:00,191,191,191,191,0
2021-12-14 13:37:00,191,191,191,191,0
2021-12-14 13:38:00,190,190,190,190,200000
2021-12-14 13:39:00,190,190,190,190,156900
2021-12-14 13:40:00,189,189,189,189,5200
2021-12-14 13:41:00,189,189,189,189,0
2021-12-14 13:42:00,189,189,189,189,0
2021-12-14 13:43:00,190,190,190,190,4000
2021-12-14 13:44:00,190,190,190,190,2500
2021-12-14 13:45:00,190,190,190,190,100
2021-12-14 13:46:00,189,189,190,189,700
2021-12-14 13:47:00,190,189,190,190,126600
2021-12-14 13:48:00,189,188,189,188,238000
2021-12-14 13:49:00,189,189,189,189,2500
2021-12-14 13:50:00,189,189,189,189,0
2021-12-14 13:51:00,189,189,190,190,25500
2021-12-14 13:52:00,189,189,190,190,0
2021-12-14 13:53:00,190,190,190,190,4900
2021-12-14 13:54:00,190,189,190,190,2400
2021-12-14 13:55:00,190,190,190,190,100
2021-12-14 13:56:00,189,189,189,189,1000
2021-12-14 13:57:00,189,189,189,189,0
2021-12-14 13:58:00,189,189,189,189,1500
2021-12-14 13:59:00,190,190,190,190,3400
2021-12-14 14:00:00,190,189,190,189,10200
2021-12-14 14:01:00,189,189,189,189,548900
2021-12-14 14:02:00,189,189,189,189,0
2021-12-14 14:03:00,189,189,189,189,10000
2021-12-14 14:04:00,189,189,189,189,0
2021-12-14 14:05:00,190,190,190,190,52100
2021-12-14 14:06:00,190,190,190,190,3500
2021-12-14 14:07:00,190,190,190,190,10000
2021-12-14 14:08:00,190,190,190,190,0
2021-12-14 14:09:00,190,190,190,190,2600
2021-12-14 14:10:00,190,190,190,190,0
2021-12-14 14:11:00,190,190,190,190,4200
2021-12-14 14:12:00,190,190,190,190,0
2021-12-14 14:13:00,190,190,190,190,1200
2021-12-14 14:14:00,190,190,190,190,0
2021-12-14 14:15:00,190,190,190,190,0
2021-12-14 14:16:00,190,190,190,190,50000
2021-12-14 14:17:00,190,190,190,190,0
2021-12-14 14:18:00,189,189,189,189,10000
2021-12-14 14:19:00,189,189,189,189,0
2021-12-14 14:20:00,189,189,189,189,0
2021-12-14 14:21:00,189,189,189,189,0
2021-12-14 14:22:00,189,189,189,189,0
2021-12-14 14:23:00,189,189,189,189,0
2021-12-14 14:24:00,190,190,190,190,1400
2021-12-14 14:25:00,190,190,190,190,0
2021-12-14 14:26:00,190,190,190,190,100000
2021-12-14 14:27:00,190,190,190,190,600
2021-12-14 14:28:00,190,190,190,190,0
2021-12-14 14:29:00,190,190,190,190,5500
2021-12-14 14:30:00,190,190,190,190,31000
2021-12-14 14:31:00,190,190,190,190,14200
2021-12-14 14:32:00,191,191,191,191,54800
2021-12-14 14:33:00,191,191,191,191,0
2021-12-14 14:34:00,190,190,190,190,46000
2021-12-14 14:35:00,190,190,190,190,600
2021-12-14 14:36:00,190,190,190,190,6500
2021-12-14 14:37:00,190,190,190,190,0
2021-12-14 14:38:00,190,190,190,190,8000
2021-12-14 14:39:00,190,190,190,190,0
2021-12-14 14:40:00,190,190,190,190,0
2021-12-14 14:41:00,190,190,190,190,0
2021-12-14 14:42:00,190,190,190,190,0
2021-12-14 14:43:00,190,190,190,190,1000
2021-12-14 14:44:00,190,190,190,190,2000
2021-12-14 14:45:00,190,190,190,190,0
2021-12-14 14:46:00,190,190,190,190,5500
2021-12-14 14:47:00,190,190,190,190,0
2021-12-14 14:48:00,190,190,190,190,15000
2021-12-14 14:49:00,190,190,190,190,1000
2021-12-14 14:50:00,190,190,190,190,0
2021-12-14 14:51:00,190,190,190,190,0
2021-12-14 14:52:00,190,190,190,190,0
2021-12-14 14:53:00,190,190,190,190,0
2021-12-14 14:54:00,190,190,190,190,0
2021-12-14 14:55:00,190,190,190,190,0
2021-12-14 14:56:00,190,190,190,190,0
2021-12-14 14:57:00,190,190,190,190,0
2021-12-14 14:58:00,190,190,190,190,0
2021-12-14 14:59:00,190,190,190,190,0
2021-12-14 15:00:00,190,190,190,190,177200
2021-12-14 15:01:00,190,190,190,190,0
2021-12-14 15:02:00,190,190,190,190,500
2021-12-14 15:03:00,190,190,190,190,34200
2021-12-14 15:04:00,190,190,190,190,0
2021-12-14 15:05:00,190,190,190,190,0
2021-12-14 15:06:00,190,190,190,190,29600
2021-12-14 15:07:00,190,190,190,190,0
2021-12-14 15:08:00,190,190,190,190,0
2021-12-14 15:09:00,190,190,190,190,150000
2021-12-14 15:10:00,190,190,190,190,0
2021-12-14 15:11:00,190,190,190,190,3624200
2021-12-14 15:12:00,190,190,190,190,0
2021-12-14 15:13:00,190,190,190,190,0
2021-12-14 15:14:00,190,190,190,190,0
2021-12-14 15:15:00,190,190,190,190,0
2021-12-14 15:16:00,190,190,190,190,0
2021-12-14 15:17:00,190,190,190,190,0
2021-12-14 15:18:00,190,190,190,190,0
2021-12-14 15:19:00,190,190,190,190,0
2021-12-14 15:20:00,190,190,190,190,0
2021-12-14 15:21:00,190,190,190,190,0
2021-12-14 15:22:00,190,190,190,190,0
2021-12-14 15:23:00,190,190,190,190,0
2021-12-14 15:24:00,190,190,190,190,0
2021-12-14 15:25:00,190,190,190,190,0
2021-12-14 15:26:00,190,190,190,190,0
2021-12-14 15:27:00,190,190,190,190,0
2021-12-14 15:28:00,190,190,190,190,0
2021-12-14 15:29:00,190,190,190,190,0
2021-12-14 15:30:00,190,190,190,190,0
2021-12-14 15:31:00,190,190,190,190,0
2021-12-14 15:32:00,190,190,190,190,0
2021-12-14 15:33:00,190,190,190,190,0
2021-12-14 15:34:00,190,190,190,190,0
2021-12-14 15:35:00,190,190,190,190,0
2021-12-14 15:36:00,190,190,190,190,0
2021-12-14 15:37:00,190,190,190,190,0
2021-12-14 15:38:00,190,190,190,190,0
2021-12-14 15:39:00,190,190,190,190,0
2021-12-14 15:40:00,190,190,190,190,0
2021-12-14 15:41:00,190,190,190,190,0
2021-12-14 15:42:00,190,190,190,190,0
2021-12-14 15:43:00,190,190,190,190,0
2021-12-14 15:44:00,190,190,190,190,0
2021-12-14 15:45:00,190,190,190,190,0
2021-12-14 15:46:00,190,190,190,190,0
2021-12-14 15:47:00,190,190,190,190,0
2021-12-14 15:48:00,190,190,190,190,0
2021-12-14 15:49:00,190,190,190,190,0
2021-12-14 15:50:00,190,190,190,190,0
2021-12-14 15:51:00,190,190,190,190,0
2021-12-14 15:52:00,190,190,190,190,0
2021-12-14 15:53:00,190,190,190,190,0
2021-12-14 15:54:00,190,190,190,190,0
2021-12-14 15:55:00,190,190,190,190,0
2021-12-14 15:56:00,190,190,190,190,0
2021-12-14 15:57:00,190,190,190,190,0
2021-12-14 15:58:00,190,190,190,190,0
2021-12-14 15:59:00,190,190,190,190,0
2021-12-15 09:00:00,190,190,190,190,0
2021-12-15 09:01:00,192,192,192,192,0
2021-12-15 09:02:00,192,192,192,192,0
2021-12-15 09:03:00,190,190,192,192,6500
2021-12-15 09:04:00,192,192,192,192,100
2021-12-15 09:05:00,192,192,192,192,5400
2021-12-15 09:06:00,192,192,192,192,0
2021-12-15 09:07:00,192,192,192,192,0
2021-12-15 09:08:00,192,192,192,192,0
2021-12-15 09:09:00,192,192,192,192,0
2021-12-15 09:10:00,192,192,192,192,0
2021-12-15 09:11:00,192,191,192,191,3600
2021-12-15 09:12:00,191,191,191,191,30000
2021-12-15 09:13:00,190,190,190,190,12100
2021-12-15 09:14:00,190,190,190,190,0
2021-12-15 09:15:00,190,190,190,190,0
2021-12-15 09:16:00,190,190,190,190,0
2021-12-15 09:17:00,190,190,190,190,0
2021-12-15 09:18:00,190,190,190,190,0
2021-12-15 09:19:00,190,190,190,190,0
2021-12-15 09:20:00,190,190,190,190,0
2021-12-15 09:21:00,190,190,190,190,0
2021-12-15 09:22:00,190,190,190,190,0
2021-12-15 09:23:00,190,190,190,190,600
2021-12-15 09:24:00,190,190,190,190,0
2021-12-15 09:25:00,190,190,190,190,0
2021-12-15 09:26:00,190,190,190,190,0
2021-12-15 09:27:00,190,190,190,190,0
2021-12-15 09:28:00,190,190,190,190,200
2021-12-15 09:29:00,190,190,190,190,0
2021-12-15 09:30:00,190,190,190,190,0
2021-12-15 09:31:00,190,190,190,190,0
2021-12-15 09:32:00,191,191,191,191,200
2021-12-15 09:33:00,190,190,191,191,163400
2021-12-15 09:34:00,190,190,191,191,0
2021-12-15 09:35:00,190,190,191,191,0
2021-12-15 09:36:00,190,190,191,191,0
2021-12-15 09:37:00,190,190,191,191,0
2021-12-15 09:38:00,190,190,191,191,0
2021-12-15 09:39:00,191,191,191,191,20500
2021-12-15 09:40:00,191,191,191,191,0
2021-12-15 09:41:00,191,191,191,191,0
2021-12-15 09:42:00,191,191,191,191,3000
2021-12-15 09:43:00,191,191,191,191,30000
2021-12-15 09:44:00,191,191,191,191,1500
2021-12-15 09:45:00,191,191,191,191,0
2021-12-15 09:46:00,190,190,190,190,30000
2021-12-15 09:47:00,190,190,190,190,0
2021-12-15 09:48:00,190,190,190,190,0
2021-12-15 09:49:00,190,190,190,190,0
2021-12-15 09:50:00,190,190,190,190,32000
2021-12-15 09:51:00,190,190,190,190,0
2021-12-15 09:52:00,190,190,190,190,55700
2021-12-15 09:53:00,190,190,190,190,0
2021-12-15 09:54:00,190,190,190,190,40000
2021-12-15 09:55:00,190,190,190,190,0
2021-12-15 09:56:00,190,190,190,190,3000
2021-12-15 09:57:00,190,190,190,190,0
2021-12-15 09:58:00,190,190,190,190,0
2021-12-15 09:59:00,190,190,190,190,0
2021-12-15 10:00:00,190,190,190,190,30000
2021-12-15 10:01:00,190,190,190,190,30000
2021-12-15 10:02:00,190,190,190,190,1500
2021-12-15 10:03:00,190,190,190,190,0
2021-12-15 10:04:00,190,190,190,190,0
2021-12-15 10:05:00,190,190,190,190,7900
2021-12-15 10:06:00,190,190,190,190,0
2021-12-15 10:07:00,190,190,190,190,0
2021-12-15 10:08:00,190,190,190,190,2000
2021-12-15 10:09:00,190,190,190,190,0
2021-12-15 10:10:00,190,190,190,190,0
2021-12-15 10:11:00,191,191,191,191,700
2021-12-15 10:12:00,191,191,191,191,0
2021-12-15 10:13:00,191,191,191,191,0
2021-12-15 10:14:00,191,190,191,190,11000
2021-12-15 10:15:00,191,190,191,190,0
2021-12-15 10:16:00,191,190,191,190,0
2021-12-15 10:17:00,191,190,191,190,0
2021-12-15 10:18:00,191,190,191,190,0
2021-12-15 10:19:00,191,190,191,190,0
2021-12-15 10:20:00,190,190,190,190,700
2021-12-15 10:21:00,190,190,190,190,900
2021-12-15 10:22:00,190,190,190,190,186800
2021-12-15 10:23:00,189,189,191,191,207000
2021-12-15 10:24:00,191,190,191,190,50400
2021-12-15 10:25:00,191,190,191,190,0
2021-12-15 10:26:00,191,190,191,190,0
2021-12-15 10:27:00,190,190,190,190,1000
2021-12-15 10:28:00,190,190,190,190,0
2021-12-15 10:29:00,190,190,190,190,0
2021-12-15 10:30:00,190,190,190,190,0
2021-12-15 10:31:00,190,190,190,190,0
2021-12-15 10:32:00,190,190,190,190,0
2021-12-15 10:33:00,191,191,191,191,14100
2021-12-15 10:34:00,191,191,191,191,41100
2021-12-15 10:35:00,191,191,191,191,50000
2021-12-15 10:36:00,191,191,191,191,30000
2021-12-15 10:37:00,191,191,191,191,0
2021-12-15 10:38:00,191,191,191,191,0
2021-12-15 10:39:00,190,190,190,190,600
2021-12-15 10:40:00,190,190,190,190,10700
2021-12-15 10:41:00,190,190,190,190,900
2021-12-15 10:42:00,190,190,190,190,0
2021-12-15 10:43:00,190,190,190,190,1300
2021-12-15 10:44:00,190,190,190,190,0
2021-12-15 10:45:00,190,190,190,190,0
2021-12-15 10:46:00,190,190,190,190,0
2021-12-15 10:47:00,190,190,190,190,0
2021-12-15 10:48:00,190,190,190,190,0
2021-12-15 10:49:00,191,191,191,191,30000
2021-12-15 10:50:00,191,191,191,191,0
2021-12-15 10:51:00,191,191,191,191,0
2021-12-15 10:52:00,191,191,191,191,3500
2021-12-15 10:53:00,191,191,191,191,0
2021-12-15 10:54:00,191,191,191,191,500
2021-12-15 10:55:00,191,191,191,191,0
2021-12-15 10:56:00,191,191,191,191,0
2021-12-15 10:57:00,191,191,191,191,15000
2021-12-15 10:58:00,191,191,191,191,0
2021-12-15 10:59:00,191,191,191,191,600
2021-12-15 11:00:00,191,191,191,191,0
2021-12-15 11:01:00,191,191,191,191,0
2021-12-15 11:02:00,191,191,191,191,0
2021-12-15 11:03:00,190,190,190,190,10000
2021-12-15 11:04:00,190,190,190,190,0
2021-12-15 11:05:00,191,191,191,191,100
2021-12-15 11:06:00,191,191,191,191,0
2021-12-15 11:07:00,190,190,190,190,13600
2021-12-15 11:08:00,190,190,190,190,0
2021-12-15 11:09:00,190,190,190,190,0
2021-12-15 11:10:00,190,190,190,190,0
2021-12-15 11:11:00,190,190,190,190,0
2021-12-15 11:12:00,190,190,190,190,0
2021-12-15 11:13:00,190,190,190,190,0
2021-12-15 11:14:00,190,190,190,190,0
2021-12-15 11:15:00,190,190,190,190,0
2021-12-15 11:16:00,191,191,191,191,3500
2021-12-15 11:17:00,191,191,191,191,0
2021-12-15 11:18:00,191,191,191,191,0
2021-12-15 11:19:00,191,191,191,191,0
2021-12-15 11:20:00,191,191,191,191,0
2021-12-15 11:21:00,191,191,191,191,0
2021-12-15 11:22:00,191,191,191,191,0
2021-12-15 11:23:00,191,191,191,191,10000
2021-12-15 11:24:00,191,191,191,191,0
2021-12-15 11:25:00,191,191,191,191,0
2021-12-15 11:26:00,191,191,191,191,0
2021-12-15 11:27:00,190,190,190,190,400
2021-12-15 11:28:00,190,190,190,190,0
2021-12-15 11:29:00,190,190,190,190,0
2021-12-15 11:30:00,190,190,190,190,0
2021-12-15 11:31:00,190,190,190,190,0
2021-12-15 11:32:00,190,190,190,190,0
2021-12-15 11:33:00,190,190,190,190,0
2021-12-15 11:34:00,190,190,190,190,0
2021-12-15 11:35:00,190,190,190,190,0
2021-12-15 11:36:00,190,190,190,190,0
2021-12-15 11:37:00,190,190,190,190,0
2021-12-15 11:38:00,190,190,190,190,0
2021-12-15 11:39:00,190,190,190,190,0
2021-12-15 11:40:00,190,190,190,190,0
2021-12-15 11:41:00,190,190,190,190,0
2021-12-15 11:42:00,190,190,190,190,0
2021-12-15 11:43:00,190,190,190,190,0
2021-12-15 11:44:00,190,190,190,190,0
2021-12-15 11:45:00,190,190,190,190,0
2021-12-15 11:46:00,190,190,190,190,0
2021-12-15 11:47:00,190,190,190,190,0
2021-12-15 11:48:00,190,190,190,190,0
2021-12-15 11:49:00,190,190,190,190,0
2021-12-15 11:50:00,190,190,190,190,0
2021-12-15 11:51:00,190,190,190,190,0
2021-12-15 11:52:00,190,190,190,190,0
2021-12-15 11:53:00,190,190,190,190,0
2021-12-15 11:54:00,190,190,190,190,0
2021-12-15 11:55:00,190,190,190,190,0
2021-12-15 11:56:00,190,190,190,190,0
2021-12-15 11:57:00,190,190,190,190,0
2021-12-15 11:58:00,190,190,190,190,0
2021-12-15 11:59:00,190,190,190,190,0
2021-12-15 12:00:00,190,190,190,190,0
2021-12-15 12:01:00,190,190,190,190,0
2021-12-15 12:02:00,190,190,190,190,0
2021-12-15 12:03:00,190,190,190,190,0
2021-12-15 12:04:00,190,190,190,190,0
2021-12-15 12:05:00,190,190,190,190,0
2021-12-15 12:06:00,190,190,190,190,0
2021-12-15 12:07:00,190,190,190,190,0
2021-12-15 12:08:00,190,190,190,190,0
2021-12-15 12:09:00,190,190,190,190,0
2021-12-15 12:10:00,190,190,190,190,0
2021-12-15 12:11:00,190,190,190,190,0
2021-12-15 12:12:00,190,190,190,190,0
2021-12-15 12:13:00,190,190,190,190,0
2021-12-15 12:14:00,190,190,190,190,0
2021-12-15 12:15:00,190,190,190,190,0
2021-12-15 12:16:00,190,190,190,190,0
2021-12-15 12:17:00,190,190,190,190,0
2021-12-15 12:18:00,190,190,190,190,0
2021-12-15 12:19:00,190,190,190,190,0
2021-12-15 12:20:00,190,190,190,190,0
2021-12-15 12:21:00,190,190,190,190,0
2021-12-15 12:22:00,190,190,190,190,0
2021-12-15 12:23:00,190,190,190,190,0
2021-12-15 12:24:00,190,190,190,190,0
2021-12-15 12:25:00,190,190,190,190,0
2021-12-15 12:26:00,190,190,190,190,0
2021-12-15 12:27:00,190,190,190,190,0
2021-12-15 12:28:00,190,190,190,190,0
2021-12-15 12:29:00,190,190,190,190,0
2021-12-15 12:30:00,190,190,190,190,0
2021-12-15 12:31:00,190,190,190,190,0
2021-12-15 12:32:00,190,190,190,190,0
2021-12-15 12:33:00,190,190,190,190,0
2021-12-15 12:34:00,190,190,190,190,0
2021-12-15 12:35:00,190,190,190,190,0
2021-12-15 12:36:00,190,190,190,190,0
2021-12-15 12:37:00,190,190,190,190,0
2021-12-15 12:38:00,190,190,190,190,0
2021-12-15 12:39:00,190,190,190,190,0
2021-12-15 12:40:00,190,190,190,190,0
2021-12-15 12:41:00,190,190,190,190,0
2021-12-15 12:42:00,190,190,190,190,0
2021-12-15 12:43:00,190,190,190,190,0
2021-12-15 12:44:00,190,190,190,190,0
2021-12-15 12:45:00,190,190,190,190,0
2021-12-15 12:46:00,190,190,190,190,0
2021-12-15 12:47:00,190,190,190,190,0
2021-12-15 12:48:00,190,190,190,190,0
2021-12-15 12:49:00,190,190,190,190,0
2021-12-15 12:50:00,190,190,190,190,0
2021-12-15 12:51:00,190,190,190,190,0
2021-12-15 12:52:00,190,190,190,190,0
2021-12-15 12:53:00,190,190,190,190,0
2021-12-15 12:54:00,190,190,190,190,0
2021-12-15 12:55:00,190,190,190,190,0
2021-12-15 12:56:00,190,190,190,190,0
2021-12-15 12:57:00,190,190,190,190,0
2021-12-15 12:58:00,190,190,190,190,0
2021-12-15 12:59:00,190,190,190,190,0
2021-12-15 13:00:00,190,190,190,190,0
2021-12-15 13:01:00,190,190,190,190,0
2021-12-15 13:02:00,190,190,190,190,0
2021-12-15 13:03:00,190,190,190,190,0
2021-12-15 13:04:00,190,190,190,190,0
2021-12-15 13:05:00,190,190,190,190,0
2021-12-15 13:06:00,190,190,190,190,0
2021-12-15 13:07:00,190,190,190,190,0
2021-12-15 13:08:00,190,190,190,190,0
2021-12-15 13:09:00,190,190,190,190,0
2021-12-15 13:10:00,190,190,190,190,0
2021-12-15 13:11:00,190,190,190,190,0
2021-12-15 13:12:00,190,190,190,190,0
2021-12-15 13:13:00,190,190,190,190,0
2021-12-15 13:14:00,190,190,190,190,0
2021-12-15 13:15:00,190,190,190,190,0
2021-12-15 13:16:00,190,190,190,190,0
2021-12-15 13:17:00,190,190,190,190,0
2021-12-15 13:18:00,190,190,190,190,0
2021-12-15 13:19:00,190,190,190,190,0
2021-12-15 13:20:00,190,190,190,190,0
2021-12-15 13:21:00,190,190,190,190,0
2021-12-15 13:22:00,190,190,190,190,0
2021-12-15 13:23:00,190,190,190,190,0
2021-12-15 13:24:00,190,190,190,190,0
2021-12-15 13:25:00,190,190,190,190,0
2021-12-15 13:26:00,190,190,190,190,0
2021-12-15 13:27:00,190,190,190,190,0
2021-12-15 13:28:00,190,190,190,190,0
2021-12-15 13:29:00,190,190,190,190,0
2021-12-15 13:30:00,190,190,190,190,8300
2021-12-15 13:31:00,190,190,190,190,0
2021-12-15 13:32:00,190,190,190,190,0
2021-12-15 13:33:00,190,190,190,190,0
2021-12-15 13:34:00,190,190,190,190,0
2021-12-15 13:35:00,191,191,191,191,10100
2021-12-15 13:36:00,191,191,191,191,2500
2021-12-15 13:37:00,191,191,191,191,0
2021-12-15 13:38:00,191,191,191,191,5000
2021-12-15 13:39:00,190,190,190,190,100
2021-12-15 13:40:00,190,190,191,191,50100
2021-12-15 13:41:00,190,190,191,191,0
2021-12-15 13:42:00,190,190,191,191,0
2021-12-15 13:43:00,190,190,191,191,0
2021-12-15 13:44:00,190,190,191,191,0
2021-12-15 13:45:00,190,190,190,190,63600
2021-12-15 13:46:00,190,190,190,190,4500
2021-12-15 13:47:00,190,190,190,190,200
2021-12-15 13:48:00,191,191,191,191,100
2021-12-15 13:49:00,190,190,190,190,11000
2021-12-15 13:50:00,190,190,191,191,500
2021-12-15 13:51:00,190,190,191,191,0
2021-12-15 13:52:00,190,190,191,191,0
2021-12-15 13:53:00,191,190,191,190,49500
2021-12-15 13:54:00,190,190,190,190,8500
2021-12-15 13:55:00,190,190,190,190,0
2021-12-15 13:56:00,190,190,190,190,268500
2021-12-15 13:57:00,190,189,190,189,117100
2021-12-15 13:58:00,189,189,189,189,6000
2021-12-15 13:59:00,190,190,190,190,4900
2021-12-15 14:00:00,190,190,190,190,0
2021-12-15 14:01:00,190,190,190,190,0
2021-12-15 14:02:00,190,190,190,190,400
2021-12-15 14:03:00,190,190,190,190,102200
2021-12-15 14:04:00,190,190,190,190,7800
2021-12-15 14:05:00,190,190,190,190,1500
2021-12-15 14:06:00,190,190,190,190,0
2021-12-15 14:07:00,190,190,190,190,0
2021-12-15 14:08:00,190,190,190,190,500
2021-12-15 14:09:00,190,190,190,190,0
2021-12-15 14:10:00,190,190,190,190,0
2021-12-15 14:11:00,189,189,189,189,100900
2021-12-15 14:12:00,189,189,189,189,13000
2021-12-15 14:13:00,189,189,189,189,100
2021-12-15 14:14:00,188,188,189,188,42000
2021-12-15 14:15:00,189,189,189,189,100
2021-12-15 14:16:00,188,188,188,188,33400
2021-12-15 14:17:00,189,189,189,189,65600
2021-12-15 14:18:00,189,189,189,189,20000
2021-12-15 14:19:00,189,189,189,189,10000
2021-12-15 14:20:00,189,188,189,189,48500
2021-12-15 14:21:00,189,189,189,189,14000
2021-12-15 14:22:00,189,188,189,188,5000
2021-12-15 14:23:00,189,189,189,189,2100
2021-12-15 14:24:00,189,189,189,189,0
2021-12-15 14:25:00,189,189,189,189,3800
2021-12-15 14:26:00,189,189,189,189,2700
2021-12-15 14:27:00,189,189,189,189,1600
2021-12-15 14:28:00,189,189,189,189,2500
2021-12-15 14:29:00,189,189,189,189,0
2021-12-15 14:30:00,189,188,189,188,110000
2021-12-15 14:31:00,189,189,189,189,15100
2021-12-15 14:32:00,189,189,189,189,6000
2021-12-15 14:33:00,189,189,189,189,0
2021-12-15 14:34:00,189,189,189,189,10300
2021-12-15 14:35:00,189,189,189,189,0
2021-12-15 14:36:00,189,189,189,189,0
2021-12-15 14:37:00,189,189,189,189,0
2021-12-15 14:38:00,189,189,189,189,1000
2021-12-15 14:39:00,190,190,190,190,20000
2021-12-15 14:40:00,190,190,190,190,0
2021-12-15 14:41:00,190,190,190,190,0
2021-12-15 14:42:00,190,190,190,190,0
2021-12-15 14:43:00,190,190,190,190,0
2021-12-15 14:44:00,190,190,190,190,0
2021-12-15 14:45:00,189,189,189,189,32800
2021-12-15 14:46:00,189,189,189,189,8600
2021-12-15 14:47:00,189,189,189,189,220600
2021-12-15 14:48:00,189,189,189,189,25700
2021-12-15 14:49:00,189,189,190,190,5100
2021-12-15 14:50:00,189,189,190,190,0
2021-12-15 14:51:00,189,189,190,190,0
2021-12-15 14:52:00,189,189,190,190,0
2021-12-15 14:53:00,189,189,190,190,0
2021-12-15 14:54:00,189,189,190,190,0
2021-12-15 14:55:00,189,189,190,190,0
2021-12-15 14:56:00,189,189,190,190,0
2021-12-15 14:57:00,189,189,190,190,0
2021-12-15 14:58:00,189,189,190,190,0
2021-12-15 14:59:00,189,189,190,190,0
2021-12-15 15:00:00,189,189,189,189,104600
2021-12-15 15:01:00,189,189,189,189,0
2021-12-15 15:02:00,189,189,189,189,55400
2021-12-15 15:03:00,189,189,189,189,2700
2021-12-15 15:04:00,189,189,189,189,5000
2021-12-15 15:05:00,189,189,189,189,5900
2021-12-15 15:06:00,189,189,189,189,0
2021-12-15 15:07:00,189,189,189,189,0
2021-12-15 15:08:00,189,189,189,189,34100
2021-12-15 15:09:00,189,189,189,189,5500
2021-12-15 15:10:00,189,189,189,189,54600
2021-12-15 15:11:00,189,189,189,189,1500
2021-12-15 15:12:00,189,189,189,189,0
2021-12-15 15:13:00,189,189,189,189,3020900
2021-12-15 15:14:00,189,189,189,189,0
2021-12-15 15:15:00,189,189,189,189,0
2021-12-15 15:16:00,189,189,189,189,0
2021-12-15 15:17:00,189,189,189,189,0
2021-12-15 15:18:00,189,189,189,189,0
2021-12-15 15:19:00,189,189,189,189,0
2021-12-15 15:20:00,189,189,189,189,0
2021-12-15 15:21:00,189,189,189,189,0
2021-12-15 15:22:00,189,189,189,189,0
2021-12-15 15:23:00,189,189,189,189,0
2021-12-15 15:24:00,189,189,189,189,0
2021-12-15 15:25:00,189,189,189,189,0
2021-12-15 15:26:00,189,189,189,189,0
2021-12-15 15:27:00,189,189,189,189,0
2021-12-15 15:28:00,189,189,189,189,0
2021-12-15 15:29:00,189,189,189,189,0
2021-12-15 15:30:00,189,189,189,189,0
2021-12-15 15:31:00,189,189,189,189,0
2021-12-15 15:32:00,189,189,189,189,0
2021-12-15 15:33:00,189,189,189,189,0
2021-12-15 15:34:00,189,189,189,189,0
2021-12-15 15:35:00,189,189,189,189,0
2021-12-15 15:36:00,189,189,189,189,0
2021-12-15 15:37:00,189,189,189,189,0
2021-12-15 15:38:00,189,189,189,189,0
2021-12-15 15:39:00,189,189,189,189,0
2021-12-15 15:40:00,189,189,189,189,0
2021-12-15 15:41:00,189,189,189,189,0
2021-12-15 15:42:00,189,189,189,189,0
2021-12-15 15:43:00,189,189,189,189,0
2021-12-15 15:44:00,189,189,189,189,0
2021-12-15 15:45:00,189,189,189,189,0
2021-12-15 15:46:00,189,189,189,189,0
2021-12-15 15:47:00,189,189,189,189,0
2021-12-15 15:48:00,189,189,189,189,0
2021-12-15 15:49:00,189,189,189,189,0
2021-12-15 15:50:00,189,189,189,189,0
2021-12-15 15:51:00,189,189,189,189,0
2021-12-15 15:52:00,189,189,189,189,0
2021-12-15 15:53:00,189,189,189,189,0
2021-12-15 15:54:00,189,189,189,189,0
2021-12-15 15:55:00,189,189,189,189,0
2021-12-15 15:56:00,189,189,189,189,0
2021-12-15 15:57:00,189,189,189,189,0
2021-12-15 15:58:00,189,189,189,189,0
2021-12-15 15:59:00,189,189,189,189,0
2021-12-16 09:00:00,189,189,190,190,0
2021-12-16 09:01:00,189,189,190,190,0
2021-12-16 09:02:00,190,190,190,190,2000
2021-12-16 09:03:00,190,190,190,190,0
2021-12-16 09:04:00,190,190,190,190,2500
2021-12-16 09:05:00,190,190,190,190,0
2021-12-16 09:06:00,190,190,190,190,0
2021-12-16 09:07:00,190,190,190,190,100
2021-12-16 09:08:00,190,190,190,190,100
2021-12-16 09:09:00,190,190,190,190,0
2021-12-16 09:10:00,190,190,190,190,0
2021-12-16 09:11:00,191,191,191,191,1000
2021-12-16 09:12:00,190,190,190,190,5300
2021-12-16 09:13:00,190,190,190,190,1000
2021-12-16 09:14:00,190,190,190,190,5000
2021-12-16 09:15:00,190,190,190,190,0
2021-12-16 09:16:00,190,190,191,191,35100
2021-12-16 09:17:00,191,191,191,191,50000
2021-12-16 09:18:00,191,191,191,191,500
2021-12-16 09:19:00,191,191,191,191,0
2021-12-16 09:20:00,191,191,191,191,0
2021-12-16 09:21:00,191,191,191,191,0
2021-12-16 09:22:00,190,190,190,190,75900
2021-12-16 09:23:00,190,190,190,190,0
2021-12-16 09:24:00,190,190,190,190,0
2021-12-16 09:25:00,190,190,190,190,0
2021-12-16 09:26:00,190,190,190,190,10800
2021-12-16 09:27:00,190,190,190,190,0
2021-12-16 09:28:00,190,190,190,190,0
2021-12-16 09:29:00,189,189,189,189,100
2021-12-16 09:30:00,189,189,189,189,0
2021-12-16 09:31:00,189,189,189,189,0
2021-12-16 09:32:00,189,189,189,189,100
2021-12-16 09:33:00,189,189,189,189,300
2021-12-16 09:34:00,189,189,189,189,0
2021-12-16 09:35:00,189,189,189,189,0
2021-12-16 09:36:00,189,189,189,189,0
2021-12-16 09:37:00,189,189,189,189,0
2021-12-16 09:38:00,189,189,189,189,0
2021-12-16 09:39:00,189,189,189,189,0
2021-12-16 09:40:00,189,189,189,189,0
2021-12-16 09:41:00,189,189,189,189,0
2021-12-16 09:42:00,190,190,190,190,26200
2021-12-16 09:43:00,190,190,190,190,100
2021-12-16 09:44:00,190,190,190,190,3800
2021-12-16 09:45:00,190,190,190,190,0
2021-12-16 09:46:00,190,190,190,190,60000
2021-12-16 09:47:00,190,190,190,190,0
2021-12-16 09:48:00,190,190,190,190,0
2021-12-16 09:49:00,190,190,190,190,0
2021-12-16 09:50:00,190,190,190,190,0
2021-12-16 09:51:00,191,191,191,191,2500
2021-12-16 09:52:00,191,191,191,191,0
2021-12-16 09:53:00,191,191,191,191,20000
2021-12-16 09:54:00,191,191,191,191,0
2021-12-16 09:55:00,191,191,191,191,0
2021-12-16 09:56:00,191,191,191,191,0
2021-12-16 09:57:00,191,191,191,191,0
2021-12-16 09:58:00,191,191,191,191,0
2021-12-16 09:59:00,191,191,191,191,0
2021-12-16 10:00:00,191,191,191,191,0
2021-12-16 10:01:00,191,191,191,191,0
2021-12-16 10:02:00,191,191,191,191,300
2021-12-16 10:03:00,191,191,191,191,0
2021-12-16 10:04:00,191,191,191,191,6000
2021-12-16 10:05:00,190,190,190,190,4100
2021-12-16 10:06:00,190,190,190,190,0
2021-12-16 10:07:00,190,190,190,190,0
2021-12-16 10:08:00,190,190,190,190,0
2021-12-16 10:09:00,190,189,190,189,147900
2021-12-16 10:10:00,190,189,190,189,0
2021-12-16 10:11:00,190,189,190,189,0
2021-12-16 10:12:00,190,189,190,189,0
2021-12-16 10:13:00,190,190,190,190,5500
2021-12-16 10:14:00,190,190,190,190,0
2021-12-16 10:15:00,189,189,189,189,30000
2021-12-16 10:16:00,190,190,190,190,100
2021-12-16 10:17:00,190,190,190,190,0
2021-12-16 10:18:00,190,190,190,190,0
2021-12-16 10:19:00,190,190,190,190,100
2021-12-16 10:20:00,190,190,190,190,0
2021-12-16 10:21:00,190,190,190,190,8700
2021-12-16 10:22:00,190,190,190,190,0
2021-12-16 10:23:00,190,190,190,190,3000
2021-12-16 10:24:00,190,190,190,190,0
2021-12-16 10:25:00,190,190,190,190,0
2021-12-16 10:26:00,190,190,190,190,0
2021-12-16 10:27:00,190,190,190,190,0
2021-12-16 10:28:00,190,190,190,190,0
2021-12-16 10:29:00,189,189,189,189,30000
2021-12-16 10:30:00,189,189,189,189,3900
2021-12-16 10:31:00,189,189,189,189,0
2021-12-16 10:32:00,189,189,189,189,235700
2021-12-16 10:33:00,189,189,189,189,0
2021-12-16 10:34:00,189,189,189,189,0
2021-12-16 10:35:00,189,189,189,189,0
2021-12-16 10:36:00,189,189,189,189,75000
2021-12-16 10:37:00,189,189,189,189,0
2021-12-16 10:38:00,189,189,189,189,0
2021-12-16 10:39:00,189,189,189,189,0
2021-12-16 10:40:00,189,189,189,189,0
2021-12-16 10:41:00,189,189,189,189,0
2021-12-16 10:42:00,189,189,189,189,0
2021-12-16 10:43:00,189,189,189,189,0
2021-12-16 10:44:00,189,189,189,189,61700
2021-12-16 10:45:00,189,189,189,189,0
2021-12-16 10:46:00,189,189,189,189,0
2021-12-16 10:47:00,189,189,189,189,0
2021-12-16 10:48:00,189,189,189,189,0
2021-12-16 10:49:00,190,190,190,190,100
2021-12-16 10:50:00,190,190,190,190,1000
2021-12-16 10:51:00,190,190,190,190,0
2021-12-16 10:52:00,190,190,190,190,0
2021-12-16 10:53:00,189,189,189,189,30000
2021-12-16 10:54:00,189,189,189,189,0
2021-12-16 10:55:00,190,190,190,190,15000
2021-12-16 10:56:00,190,190,190,190,0
2021-12-16 10:57:00,190,190,190,190,0
2021-12-16 10:58:00,190,190,190,190,0
2021-12-16 10:59:00,190,190,190,190,0
2021-12-16 11:00:00,190,190,190,190,0
2021-12-16 11:01:00,190,190,190,190,0
2021-12-16 11:02:00,190,190,190,190,10000
2021-12-16 11:03:00,190,190,190,190,2500
2021-12-16 11:04:00,190,190,190,190,0
2021-12-16 11:05:00,189,189,189,189,35000
2021-12-16 11:06:00,189,189,189,189,0
2021-12-16 11:07:00,189,189,189,189,0
2021-12-16 11:08:00,189,189,189,189,0
2021-12-16 11:09:00,189,189,189,189,24800
2021-12-16 11:10:00,189,189,189,189,25000
2021-12-16 11:11:00,189,189,189,189,0
2021-12-16 11:12:00,189,189,189,189,0
2021-12-16 11:13:00,189,189,189,189,0
2021-12-16 11:14:00,189,189,189,189,0
2021-12-16 11:15:00,189,189,189,189,0
2021-12-16 11:16:00,189,189,189,189,2500
2021-12-16 11:17:00,189,189,189,189,0
2021-12-16 11:18:00,189,189,189,189,0
2021-12-16 11:19:00,189,189,189,189,2200
2021-12-16 11:20:00,189,189,190,190,321000
2021-12-16 11:21:00,189,189,190,190,0
2021-12-16 11:22:00,189,189,189,189,45600
2021-12-16 11:23:00,189,189,189,189,26400
2021-12-16 11:24:00,189,189,189,189,5000
2021-12-16 11:25:00,189,189,189,189,1300
2021-12-16 11:26:00,189,188,189,189,87500
2021-12-16 11:27:00,189,188,189,188,8200
2021-12-16 11:28:00,188,188,188,188,9000
2021-12-16 11:29:00,188,188,188,188,263900
2021-12-16 11:30:00,188,188,188,188,0
2021-12-16 11:31:00,188,188,188,188,0
2021-12-16 11:32:00,188,188,188,188,0
2021-12-16 11:33:00,188,188,188,188,0
2021-12-16 11:34:00,188,188,188,188,0
2021-12-16 11:35:00,188,188,188,188,0
2021-12-16 11:36:00,188,188,188,188,0
2021-12-16 11:37:00,188,188,188,188,0
2021-12-16 11:38:00,188,188,188,188,0
2021-12-16 11:39:00,188,188,188,188,0
2021-12-16 11:40:00,188,188,188,188,0
2021-12-16 11:41:00,188,188,188,188,0
2021-12-16 11:42:00,188,188,188,188,0
2021-12-16 11:43:00,188,188,188,188,0
2021-12-16 11:44:00,188,188,188,188,0
2021-12-16 11:45:00,188,188,188,188,0
2021-12-16 11:46:00,188,188,188,188,0
2021-12-16 11:47:00,188,188,188,188,0
2021-12-16 11:48:00,188,188,188,188,0
2021-12-16 11:49:00,188,188,188,188,0
2021-12-16 11:50:00,188,188,188,188,0
2021-12-16 11:51:00,188,188,188,188,0
2021-12-16 11:52:00,188,188,188,188,0
2021-12-16 11:53:00,188,188,188,188,0
2021-12-16 11:54:00,188,188,188,188,0
2021-12-16 11:55:00,188,188,188,188,0
2021-12-16 11:56:00,188,188,188,188,0
2021-12-16 11:57:00,188,188,188,188,0
2021-12-16 11:58:00,188,188,188,188,0
2021-12-16 11:59:00,188,188,188,188,0
2021-12-16 12:00:00,188,188,188,188,0
2021-12-16 12:01:00,188,188,188,188,0
2021-12-16 12:02:00,188,188,188,188,0
2021-12-16 12:03:00,188,188,188,188,0
2021-12-16 12:04:00,188,188,188,188,0
2021-12-16 12:05:00,188,188,188,188,0
2021-12-16 12:06:00,188,188,188,188,0
2021-12-16 12:07:00,188,188,188,188,0
2021-12-16 12:08:00,188,188,188,188,0
2021-12-16 12:09:00,188,188,188,188,0
2021-12-16 12:10:00,188,188,188,188,0
2021-12-16 12:11:00,188,188,188,188,0
2021-12-16 12:12:00,188,188,188,188,0
2021-12-16 12:13:00,188,188,188,188,0
2021-12-16 12:14:00,188,188,188,188,0
2021-12-16 12:15:00,188,188,188,188,0
2021-12-16 12:16:00,188,188,188,188,0
2021-12-16 12:17:00,188,188,188,188,0
2021-12-16 12:18:00,188,188,188,188,0
2021-12-16 12:19:00,188,188,188,188,0
2021-12-16 12:20:00,188,188,188,188,0
2021-12-16 12:21:00,188,188,188,188,0
2021-12-16 12:22:00,188,188,188,188,0
2021-12-16 12:23:00,188,188,188,188,0
2021-12-16 12:24:00,188,188,188,188,0
2021-12-16 12:25:00,188,188,188,188,0
2021-12-16 12:26:00,188,188,188,188,0
2021-12-16 12:27:00,188,188,188,188,0
2021-12-16 12:28:00,188,188,188,188,0
2021-12-16 12:29:00,188,188,188,188,0
2021-12-16 12:30:00,188,188,188,188,0
2021-12-16 12:31:00,188,188,188,188,0
2021-12-16 12:32:00,188,188,188,188,0
2021-12-16 12:33:00,188,188,188,188,0
2021-12-16 12:34:00,188,188,188,188,0
2021-12-16 12:35:00,188,188,188,188,0
2021-12-16 12:36:00,188,188,188,188,0
2021-12-16 12:37:00,188,188,188,188,0
2021-12-16 12:38:00,188,188,188,188,0
2021-12-16 12:39:00,188,188,188,188,0
2021-12-16 12:40:00,188,188,188,188,0
2021-12-16 12:41:00,188,188,188,188,0
2021-12-16 12:42:00,188,188,188,188,0
2021-12-16 12:43:00,188,188,188,188,0
2021-12-16 12:44:00,188,188,188,188,0
2021-12-16 12:45:00,188,188,188,188,0
2021-12-16 12:46:00,188,188,188,188,0
2021-12-16 12:47:00,188,188,188,188,0
2021-12-16 12:48:00,188,188,188,188,0
2021-12-16 12:49:00,188,188,188,188,0
2021-12-16 12:50:00,188,188,188,188,0
2021-12-16 12:51:00,188,188,188,188,0
2021-12-16 12:52:00,188,188,188,188,0
2021-12-16 12:53:00,188,188,188,188,0
2021-12-16 12:54:00,188,188,188,188,0
2021-12-16 12:55:00,188,188,188,188,0
2021-12-16 12:56:00,188,188,188,188,0
2021-12-16 12:57:00,188,188,188,188,0
2021-12-16 12:58:00,188,188,188,188,0
2021-12-16 12:59:00,188,188,188,188,0
2021-12-16 13:00:00,188,188,188,188,0
2021-12-16 13:01:00,188,188,188,188,0
2021-12-16 13:02:00,188,188,188,188,0
2021-12-16 13:03:00,188,188,188,188,0
2021-12-16 13:04:00,188,188,188,188,0
2021-12-16 13:05:00,188,188,188,188,0
2021-12-16 13:06:00,188,188,188,188,0
2021-12-16 13:07:00,188,188,188,188,0
2021-12-16 13:08:00,188,188,188,188,0
2021-12-16 13:09:00,188,188,188,188,0
2021-12-16 13:10:00,188,188,188,188,0
2021-12-16 13:11:00,188,188,188,188,0
2021-12-16 13:12:00,188,188,188,188,0
2021-12-16 13:13:00,188,188,188,188,0
2021-12-16 13:14:00,188,188,188,188,0
2021-12-16 13:15:00,188,188,188,188,0
2021-12-16 13:16:00,188,188,188,188,0
2021-12-16 13:17:00,188,188,188,188,0
2021-12-16 13:18:00,188,188,188,188,0
2021-12-16 13:19:00,188,188,188,188,0
2021-12-16 13:20:00,188,188,188,188,0
2021-12-16 13:21:00,188,188,188,188,0
2021-12-16 13:22:00,188,188,188,188,0
2021-12-16 13:23:00,188,188,188,188,0
2021-12-16 13:24:00,188,188,188,188,0
2021-12-16 13:25:00,188,188,188,188,0
2021-12-16 13:26:00,188,188,188,188,0
2021-12-16 13:27:00,188,188,188,188,0
2021-12-16 13:28:00,188,188,188,188,0
2021-12-16 13:29:00,188,188,188,188,0
2021-12-16 13:30:00,188,187,188,187,19900
2021-12-16 13:31:00,188,187,188,187,0
2021-12-16 13:32:00,187,187,187,187,18900
2021-12-16 13:33:00,187,186,187,186,66400
2021-12-16 13:34:00,185,185,186,185,17400
2021-12-16 13:35:00,186,186,186,186,16400
2021-12-16 13:36:00,186,186,186,186,144000
2021-12-16 13:37:00,186,186,187,187,23600
2021-12-16 13:38:00,187,182,187,182,675100
2021-12-16 13:39:00,181,181,182,182,45000
2021-12-16 13:40:00,182,181,182,182,170400
2021-12-16 13:41:00,183,182,184,184,304700
2021-12-16 13:42:00,187,184,187,184,193500
2021-12-16 13:43:00,186,186,186,186,5000
2021-12-16 13:44:00,186,186,186,186,21800
2021-12-16 13:45:00,184,184,184,184,10000
2021-12-16 13:46:00,184,184,185,184,37400
2021-12-16 13:47:00,184,184,184,184,4000
2021-12-16 13:48:00,184,184,186,186,1000
2021-12-16 13:49:00,184,184,186,186,0
2021-12-16 13:50:00,186,186,186,186,5000
2021-12-16 13:51:00,184,184,184,184,1900
2021-12-16 13:52:00,186,186,186,186,5000
2021-12-16 13:53:00,186,186,186,186,135400
2021-12-16 13:54:00,186,186,186,186,4100
2021-12-16 13:55:00,186,186,186,186,0
2021-12-16 13:56:00,186,186,186,186,0
2021-12-16 13:57:00,186,186,186,186,200
2021-12-16 13:58:00,186,186,186,186,0
2021-12-16 13:59:00,186,186,186,186,500
2021-12-16 14:00:00,186,186,186,186,0
2021-12-16 14:01:00,187,187,187,187,10000
2021-12-16 14:02:00,186,186,186,186,100
2021-12-16 14:03:00,186,186,186,186,2000
2021-12-16 14:04:00,186,186,186,186,161400
2021-12-16 14:05:00,185,185,185,185,1900
2021-12-16 14:06:00,185,185,185,185,0
2021-12-16 14:07:00,185,185,185,185,0
2021-12-16 14:08:00,185,185,185,185,0
2021-12-16 14:09:00,186,186,186,186,6600
2021-12-16 14:10:00,185,185,186,186,500
2021-12-16 14:11:00,186,185,186,185,66700
2021-12-16 14:12:00,185,185,185,185,1000
2021-12-16 14:13:00,186,186,186,186,2500
2021-12-16 14:14:00,186,186,186,186,0
2021-12-16 14:15:00,186,186,186,186,0
2021-12-16 14:16:00,186,186,186,186,0
2021-12-16 14:17:00,186,186,186,186,0
2021-12-16 14:18:00,186,186,186,186,0
2021-12-16 14:19:00,186,186,186,186,0
2021-12-16 14:20:00,186,186,186,186,0
2021-12-16 14:21:00,186,186,186,186,3900
2021-12-16 14:22:00,187,187,187,187,100
2021-12-16 14:23:00,187,187,187,187,0
2021-12-16 14:24:00,187,187,187,187,100000
2021-12-16 14:25:00,187,186,187,186,51300
2021-12-16 14:26:00,187,186,187,187,17500
2021-12-16 14:27:00,187,186,187,186,199200
2021-12-16 14:28:00,187,186,187,186,0
2021-12-16 14:29:00,187,187,187,187,1200
2021-12-16 14:30:00,187,187,187,187,1300
2021-12-16 14:31:00,187,187,187,187,0
2021-12-16 14:32:00,187,187,187,187,0
2021-12-16 14:33:00,187,187,187,187,2500
2021-12-16 14:34:00,187,187,187,187,0
2021-12-16 14:35:00,187,187,187,187,0
2021-12-16 14:36:00,187,187,187,187,0
2021-12-16 14:37:00,188,188,188,188,5100
2021-12-16 14:38:00,188,187,188,187,11400
2021-12-16 14:39:00,188,187,188,187,0
2021-12-16 14:40:00,188,187,188,187,2100
2021-12-16 14:41:00,188,188,188,188,27100
2021-12-16 14:42:00,188,188,188,188,0
2021-12-16 14:43:00,188,188,188,188,0
2021-12-16 14:44:00,188,188,188,188,0
2021-12-16 14:45:00,188,188,188,188,0
2021-12-16 14:46:00,188,188,188,188,0
2021-12-16 14:47:00,188,188,188,188,0
2021-12-16 14:48:00,187,187,187,187,1000
2021-12-16 14:49:00,187,187,187,187,0
2021-12-16 14:50:00,187,187,187,187,0
2021-12-16 14:51:00,187,187,187,187,0
2021-12-16 14:52:00,187,187,187,187,0
2021-12-16 14:53:00,187,187,187,187,0
2021-12-16 14:54:00,187,187,187,187,0
2021-12-16 14:55:00,187,187,187,187,0
2021-12-16 14:56:00,187,187,187,187,0
2021-12-16 14:57:00,187,187,187,187,0
2021-12-16 14:58:00,187,187,187,187,0
2021-12-16 14:59:00,187,187,187,187,0
2021-12-16 15:00:00,187,187,187,187,182700
2021-12-16 15:01:00,187,187,187,187,0
2021-12-16 15:02:00,187,187,187,187,100
2021-12-16 15:03:00,187,187,187,187,100
2021-12-16 15:04:00,187,187,187,187,0
2021-12-16 15:05:00,187,187,187,187,0
2021-12-16 15:06:00,187,187,187,187,0
2021-12-16 15:07:00,187,187,187,187,4100
2021-12-16 15:08:00,187,187,187,187,100
2021-12-16 15:09:00,187,187,187,187,0
2021-12-16 15:10:00,187,187,187,187,5000
2021-12-16 15:11:00,187,187,187,187,2500
2021-12-16 15:12:00,187,187,187,187,0
2021-12-16 15:13:00,187,187,187,187,4637800
2021-12-16 15:14:00,187,187,187,187,0
2021-12-16 15:15:00,187,187,187,187,0
2021-12-16 15:16:00,187,187,187,187,0
2021-12-16 15:17:00,187,187,187,187,0
2021-12-16 15:18:00,187,187,187,187,0
2021-12-16 15:19:00,187,187,187,187,0
2021-12-16 15:20:00,187,187,187,187,0
2021-12-16 15:21:00,187,187,187,187,0
2021-12-16 15:22:00,187,187,187,187,0
2021-12-16 15:23:00,187,187,187,187,0
2021-12-16 15:24:00,187,187,187,187,0
2021-12-16 15:25:00,187,187,187,187,0
2021-12-16 15:26:00,187,187,187,187,0
2021-12-16 15:27:00,187,187,187,187,0
2021-12-16 15:28:00,187,187,187,187,0
2021-12-16 15:29:00,187,187,187,187,0
2021-12-16 15:30:00,187,187,187,187,0
2021-12-16 15:31:00,187,187,187,187,0
2021-12-16 15:32:00,187,187,187,187,0
2021-12-16 15:33:00,187,187,187,187,0
2021-12-16 15:34:00,187,187,187,187,0
2021-12-16 15:35:00,187,187,187,187,0
2021-12-16 15:36:00,187,187,187,187,0
2021-12-16 15:37:00,187,187,187,187,0
2021-12-16 15:38:00,187,187,187,187,0
2021-12-16 15:39:00,187,187,187,187,0
2021-12-16 15:40:00,187,187,187,187,0
2021-12-16 15:41:00,187,187,187,187,0
2021-12-16 15:42:00,187,187,187,187,0
2021-12-16 15:43:00,187,187,187,187,0
2021-12-16 15:44:00,187,187,187,187,0
2021-12-16 15:45:00,187,187,187,187,0
2021-12-16 15:46:00,187,187,187,187,0
2021-12-16 15:47:00,187,187,187,187,0
2021-12-16 15:48:00,187,187,187,187,0
2021-12-16 15:49:00,187,187,187,187,0
2021-12-16 15:50:00,187,187,187,187,0
2021-12-16 15:51:00,187,187,187,187,0
2021-12-16 15:52:00,187,187,187,187,0
2021-12-16 15:53:00,187,187,187,187,0
2021-12-16 15:54:00,187,187,187,187,0
2021-12-16 15:55:00,187,187,187,187,0
2021-12-16 15:56:00,187,187,187,187,0
2021-12-16 15:57:00,187,187,187,187,0
2021-12-16 15:58:00,187,187,187,187,0
2021-12-16 15:59:00,187,187,187,187,0
2021-12-17 09:00:00,187,187,187,187,0
2021-12-17 09:01:00,186,186,186,186,18100
2021-12-17 09:02:00,186,186,186,186,1500
2021-12-17 09:03:00,186,185,186,185,207800
2021-12-17 09:04:00,186,186,186,186,1100
2021-12-17 09:05:00,186,186,186,186,0
2021-12-17 09:06:00,185,185,185,185,42500
2021-12-17 09:07:00,185,185,185,185,1000
2021-12-17 09:08:00,185,185,185,185,5000
2021-12-17 09:09:00,185,185,185,185,127100
2021-12-17 09:10:00,184,184,184,184,182000
2021-12-17 09:11:00,184,184,185,184,4600
2021-12-17 09:12:00,184,184,185,184,78400
2021-12-17 09:13:00,183,183,184,184,10200
2021-12-17 09:14:00,183,183,183,183,2000
2021-12-17 09:15:00,183,183,183,183,401800
2021-12-17 09:16:00,183,182,183,183,42200
2021-12-17 09:17:00,183,182,183,183,25400
2021-12-17 09:18:00,182,182,183,183,36700
2021-12-17 09:19:00,184,184,184,184,500
2021-12-17 09:20:00,184,184,184,184,0
2021-12-17 09:21:00,183,183,183,183,30000
2021-12-17 09:22:00,184,184,184,184,11900
2021-12-17 09:23:00,184,184,184,184,115300
2021-12-17 09:24:00,184,184,184,184,10300
2021-12-17 09:25:00,185,185,185,185,9000
2021-12-17 09:26:00,185,185,185,185,0
2021-12-17 09:27:00,185,185,185,185,14900
2021-12-17 09:28:00,185,185,185,185,0
2021-12-17 09:29:00,184,184,184,184,12000
2021-12-17 09:30:00,184,184,184,184,47000
2021-12-17 09:31:00,184,184,184,184,2100
2021-12-17 09:32:00,185,185,185,185,4500
2021-12-17 09:33:00,185,185,185,185,100
2021-12-17 09:34:00,185,185,185,185,5400
2021-12-17 09:35:00,184,184,185,185,6500
2021-12-17 09:36:00,185,185,185,185,11000
2021-12-17 09:37:00,185,185,185,185,0
2021-12-17 09:38:00,185,185,185,185,100
2021-12-17 09:39:00,185,184,185,184,11400
2021-12-17 09:40:00,185,184,185,184,0
2021-12-17 09:41:00,184,184,184,184,100
2021-12-17 09:42:00,184,184,184,184,100000
2021-12-17 09:43:00,184,184,184,184,5000
2021-12-17 09:44:00,185,185,185,185,100
2021-12-17 09:45:00,185,185,185,185,1064300
2021-12-17 09:46:00,186,186,186,186,2900
2021-12-17 09:47:00,186,186,186,186,5000
2021-12-17 09:48:00,186,185,186,185,20200
2021-12-17 09:49:00,186,185,186,185,0
2021-12-17 09:50:00,186,185,186,185,0
2021-12-17 09:51:00,186,185,186,185,0
2021-12-17 09:52:00,185,185,185,185,40700
2021-12-17 09:53:00,185,185,185,185,0
2021-12-17 09:54:00,185,185,185,185,0
2021-12-17 09:55:00,186,186,186,186,100
2021-12-17 09:56:00,186,186,186,186,0
2021-12-17 09:57:00,186,186,186,186,2000
2021-12-17 09:58:00,186,186,186,186,7400
2021-12-17 09:59:00,186,186,186,186,10000
2021-12-17 10:00:00,186,186,186,186,10000
2021-12-17 10:01:00,186,186,186,186,3700
2021-12-17 10:02:00,186,186,186,186,30000
2021-12-17 10:03:00,186,186,186,186,0
2021-12-17 10:04:00,186,185,186,185,53900
2021-12-17 10:05:00,186,186,186,186,10300
2021-12-17 10:06:00,186,186,186,186,0
2021-12-17 10:07:00,186,186,186,186,0
2021-12-17 10:08:00,186,186,186,186,100
2021-12-17 10:09:00,186,186,186,186,900
2021-12-17 10:10:00,185,185,185,185,1900
2021-12-17 10:11:00,185,185,185,185,0
2021-12-17 10:12:00,185,185,185,185,0
2021-12-17 10:13:00,185,185,186,186,11200
2021-12-17 10:14:00,185,185,186,186,0
2021-12-17 10:15:00,186,186,186,186,1000
2021-12-17 10:16:00,186,186,186,186,0
2021-12-17 10:17:00,186,186,186,186,0
2021-12-17 10:18:00,186,186,186,186,0
2021-12-17 10:19:00,186,186,186,186,400
2021-12-17 10:20:00,186,186,186,186,10000
2021-12-17 10:21:00,185,185,185,185,100
2021-12-17 10:22:00,185,185,185,185,0
2021-12-17 10:23:00,185,185,185,185,0
2021-12-17 10:24:00,185,185,185,185,0
2021-12-17 10:25:00,185,185,185,185,0
2021-12-17 10:26:00,185,185,185,185,0
2021-12-17 10:27:00,185,185,185,185,110000
2021-12-17 10:28:00,185,185,185,185,0
2021-12-17 10:29:00,185,185,185,185,0
2021-12-17 10:30:00,185,185,185,185,14600
2021-12-17 10:31:00,185,185,185,185,0
2021-12-17 10:32:00,185,185,185,185,0
2021-12-17 10:33:00,185,185,186,186,53000
2021-12-17 10:34:00,185,185,186,186,0
2021-12-17 10:35:00,185,185,186,186,0
2021-12-17 10:36:00,185,185,186,186,0
2021-12-17 10:37:00,185,185,186,186,0
2021-12-17 10:38:00,185,185,186,186,0
2021-12-17 10:39:00,185,185,186,186,0
2021-12-17 10:40:00,185,185,186,186,0
2021-12-17 10:41:00,185,185,186,186,0
2021-12-17 10:42:00,185,185,186,186,0
2021-12-17 10:43:00,186,186,186,186,200
2021-12-17 10:44:00,186,186,186,186,2800
2021-12-17 10:45:00,186,186,186,186,200
2021-12-17 10:46:00,185,185,185,185,9700
2021-12-17 10:47:00,185,184,185,184,380800
2021-12-17 10:48:00,185,184,185,184,0
2021-12-17 10:49:00,185,184,185,184,12500
2021-12-17 10:50:00,185,184,185,184,0
2021-12-17 10:51:00,185,184,185,184,0
2021-12-17 10:52:00,184,184,185,185,8400
2021-12-17 10:53:00,185,185,185,185,100
2021-12-17 10:54:00,185,185,185,185,200
2021-12-17 10:55:00,185,185,185,185,0
2021-12-17 10:56:00,185,185,185,185,0
2021-12-17 10:57:00,184,184,185,185,2900
2021-12-17 10:58:00,184,184,185,185,0
2021-12-17 10:59:00,185,185,185,185,1100
2021-12-17 11:00:00,185,185,185,185,0
2021-12-17 11:01:00,185,185,185,185,200
2021-12-17 11:02:00,185,185,185,185,0
2021-12-17 11:03:00,185,185,185,185,0
2021-12-17 11:04:00,185,185,185,185,0
2021-12-17 11:05:00,185,185,185,185,0
2021-12-17 11:06:00,185,185,185,185,0
2021-12-17 11:07:00,185,185,185,185,0
2021-12-17 11:08:00,185,185,185,185,10800
2021-12-17 11:09:00,185,185,185,185,100
2021-12-17 11:10:00,185,185,185,185,400
2021-12-17 11:11:00,184,184,184,184,100000
2021-12-17 11:12:00,184,184,184,184,100
2021-12-17 11:13:00,185,185,185,185,100
2021-12-17 11:14:00,185,185,185,185,200
2021-12-17 11:15:00,185,185,185,185,500
2021-12-17 11:16:00,185,185,185,185,0
2021-12-17 11:17:00,185,185,185,185,200
2021-12-17 11:18:00,185,185,185,185,300
2021-12-17 11:19:00,185,185,185,185,0
2021-12-17 11:20:00,185,185,185,185,0
2021-12-17 11:21:00,185,185,185,185,0
2021-12-17 11:22:00,185,185,185,185,0
2021-12-17 11:23:00,185,185,185,185,0
2021-12-17 11:24:00,185,185,185,185,0
2021-12-17 11:25:00,185,185,185,185,0
2021-12-17 11:26:00,185,185,185,185,0
2021-12-17 11:27:00,185,185,185,185,1700
2021-12-17 11:28:00,185,185,185,185,0
2021-12-17 11:29:00,185,185,185,185,0
2021-12-17 11:30:00,185,185,185,185,0
2021-12-17 11:31:00,185,185,185,185,0
2021-12-17 11:32:00,185,185,185,185,0
2021-12-17 11:33:00,185,185,185,185,0
2021-12-17 11:34:00,185,185,185,185,0
2021-12-17 11:35:00,185,185,185,185,0
2021-12-17 11:36:00,185,185,185,185,0
2021-12-17 11:37:00,185,185,185,185,0
2021-12-17 11:38:00,185,185,185,185,0
2021-12-17 11:39:00,185,185,185,185,0
2021-12-17 11:40:00,185,185,185,185,0
2021-12-17 11:41:00,185,185,185,185,0
2021-12-17 11:42:00,185,185,185,185,0
2021-12-17 11:43:00,185,185,185,185,0
2021-12-17 11:44:00,185,185,185,185,0
2021-12-17 11:45:00,185,185,185,185,0
2021-12-17 11:46:00,185,185,185,185,0
2021-12-17 11:47:00,185,185,185,185,0
2021-12-17 11:48:00,185,185,185,185,0
2021-12-17 11:49:00,185,185,185,185,0
2021-12-17 11:50:00,185,185,185,185,0
2021-12-17 11:51:00,185,185,185,185,0
2021-12-17 11:52:00,185,185,185,185,0
2021-12-17 11:53:00,185,185,185,185,0
2021-12-17 11:54:00,185,185,185,185,0
2021-12-17 11:55:00,185,185,185,185,0
2021-12-17 11:56:00,185,185,185,185,0
2021-12-17 11:57:00,185,185,185,185,0
2021-12-17 11:58:00,185,185,185,185,0
2021-12-17 11:59:00,185,185,185,185,0
2021-12-17 12:00:00,185,185,185,185,0
2021-12-17 12:01:00,185,185,185,185,0
2021-12-17 12:02:00,185,185,185,185,0
2021-12-17 12:03:00,185,185,185,185,0
2021-12-17 12:04:00,185,185,185,185,0
2021-12-17 12:05:00,185,185,185,185,0
2021-12-17 12:06:00,185,185,185,185,0
2021-12-17 12:07:00,185,185,185,185,0
2021-12-17 12:08:00,185,185,185,185,0
2021-12-17 12:09:00,185,185,185,185,0
2021-12-17 12:10:00,185,185,185,185,0
2021-12-17 12:11:00,185,185,185,185,0
2021-12-17 12:12:00,185,185,185,185,0
2021-12-17 12:13:00,185,185,185,185,0
2021-12-17 12:14:00,185,185,185,185,0
2021-12-17 12:15:00,185,185,185,185,0
2021-12-17 12:16:00,185,185,185,185,0
2021-12-17 12:17:00,185,185,185,185,0
2021-12-17 12:18:00,185,185,185,185,0
2021-12-17 12:19:00,185,185,185,185,0
2021-12-17 12:20:00,185,185,185,185,0
2021-12-17 12:21:00,185,185,185,185,0
2021-12-17 12:22:00,185,185,185,185,0
2021-12-17 12:23:00,185,185,185,185,0
2021-12-17 12:24:00,185,185,185,185,0
2021-12-17 12:25:00,185,185,185,185,0
2021-12-17 12:26:00,185,185,185,185,0
2021-12-17 12:27:00,185,185,185,185,0
2021-12-17 12:28:00,185,185,185,185,0
2021-12-17 12:29:00,185,185,185,185,0
2021-12-17 12:30:00,185,185,185,185,0
2021-12-17 12:31:00,185,185,185,185,0
2021-12-17 12:32:00,185,185,185,185,0
2021-12-17 12:33:00,185,185,185,185,0
2021-12-17 12:34:00,185,185,185,185,0
2021-12-17 12:35:00,185,185,185,185,0
2021-12-17 12:36:00,185,185,185,185,0
2021-12-17 12:37:00,185,185,185,185,0
2021-12-17 12:38:00,185,185,185,185,0
2021-12-17 12:39:00,185,185,185,185,0
2021-12-17 12:40:00,185,185,185,185,0
2021-12-17 12:41:00,185,185,185,185,0
2021-12-17 12:42:00,185,185,185,185,0
2021-12-17 12:43:00,185,185,185,185,0
2021-12-17 12:44:00,185,185,185,185,0
2021-12-17 12:45:00,185,185,185,185,0
2021-12-17 12:46:00,185,185,185,185,0
2021-12-17 12:47:00,185,185,185,185,0
2021-12-17 12:48:00,185,185,185,185,0
2021-12-17 12:49:00,185,185,185,185,0
2021-12-17 12:50:00,185,185,185,185,0
2021-12-17 12:51:00,185,185,185,185,0
2021-12-17 12:52:00,185,185,185,185,0
2021-12-17 12:53:00,185,185,185,185,0
2021-12-17 12:54:00,185,185,185,185,0
2021-12-17 12:55:00,185,185,185,185,0
2021-12-17 12:56:00,185,185,185,185,0
2021-12-17 12:57:00,185,185,185,185,0
2021-12-17 12:58:00,185,185,185,185,0
2021-12-17 12:59:00,185,185,185,185,0
2021-12-17 13:00:00,185,185,185,185,0
2021-12-17 13:01:00,185,185,185,185,0
2021-12-17 13:02:00,185,185,185,185,0
2021-12-17 13:03:00,185,185,185,185,0
2021-12-17 13:04:00,185,185,185,185,0
2021-12-17 13:05:00,185,185,185,185,0
2021-12-17 13:06:00,185,185,185,185,0
2021-12-17 13:07:00,185,185,185,185,0
2021-12-17 13:08:00,185,185,185,185,0
2021-12-17 13:09:00,185,185,185,185,0
2021-12-17 13:10:00,185,185,185,185,0
2021-12-17 13:11:00,185,185,185,185,0
2021-12-17 13:12:00,185,185,185,185,0
2021-12-17 13:13:00,185,185,185,185,0
2021-12-17 13:14:00,185,185,185,185,0
2021-12-17 13:15:00,185,185,185,185,0
2021-12-17 13:16:00,185,185,185,185,0
2021-12-17 13:17:00,185,185,185,185,0
2021-12-17 13:18:00,185,185,185,185,0
2021-12-17 13:19:00,185,185,185,185,0
2021-12-17 13:20:00,185,185,185,185,0
2021-12-17 13:21:00,185,185,185,185,0
2021-12-17 13:22:00,185,185,185,185,0
2021-12-17 13:23:00,185,185,185,185,0
2021-12-17 13:24:00,185,185,185,185,0
2021-12-17 13:25:00,185,185,185,185,0
2021-12-17 13:26:00,185,185,185,185,0
2021-12-17 13:27:00,185,185,185,185,0
2021-12-17 13:28:00,185,185,185,185,0
2021-12-17 13:29:00,185,185,185,185,0
2021-12-17 13:30:00,185,184,185,185,86000
2021-12-17 13:31:00,185,184,185,185,0
2021-12-17 13:32:00,185,184,185,185,0
2021-12-17 13:33:00,185,184,185,185,0
2021-12-17 13:34:00,185,185,185,185,1300
2021-12-17 13:35:00,185,185,185,185,0
2021-12-17 13:36:00,184,184,185,185,700
2021-12-17 13:37:00,184,184,185,185,0
2021-12-17 13:38:00,185,185,185,185,2800
2021-12-17 13:39:00,185,185,185,185,300
2021-12-17 13:40:00,185,185,185,185,0
2021-12-17 13:41:00,185,185,185,185,0
2021-12-17 13:42:00,185,185,185,185,0
2021-12-17 13:43:00,185,185,185,185,5800
2021-12-17 13:44:00,185,185,185,185,4900
2021-12-17 13:45:00,185,185,185,185,2500
2021-12-17 13:46:00,185,185,185,185,100
2021-12-17 13:47:00,184,184,184,184,400
2021-12-17 13:48:00,184,184,184,184,0
2021-12-17 13:49:00,184,184,184,184,0
2021-12-17 13:50:00,184,184,184,184,500
2021-12-17 13:51:00,184,184,184,184,0
2021-12-17 13:52:00,185,185,185,185,3100
2021-12-17 13:53:00,185,185,185,185,0
2021-12-17 13:54:00,185,185,185,185,0
2021-12-17 13:55:00,185,185,185,185,0
2021-12-17 13:56:00,185,185,185,185,1000
2021-12-17 13:57:00,185,185,185,185,0
2021-12-17 13:58:00,185,185,185,185,0
2021-12-17 13:59:00,185,185,185,185,0
2021-12-17 14:00:00,185,185,185,185,7500
2021-12-17 14:01:00,184,184,184,184,79400
2021-12-17 14:02:00,184,184,184,184,5100
2021-12-17 14:03:00,184,184,185,185,5900
2021-12-17 14:04:00,185,185,185,185,5900
2021-12-17 14:05:00,185,185,185,185,0
2021-12-17 14:06:00,185,185,185,185,0
2021-12-17 14:07:00,185,185,185,185,0
2021-12-17 14:08:00,185,185,185,185,0
2021-12-17 14:09:00,185,185,185,185,0
2021-12-17 14:10:00,185,185,185,185,0
2021-12-17 14:11:00,185,185,185,185,7500
2021-12-17 14:12:00,185,185,185,185,1000
2021-12-17 14:13:00,185,185,185,185,0
2021-12-17 14:14:00,185,185,185,185,0
2021-12-17 14:15:00,185,185,185,185,700
2021-12-17 14:16:00,185,185,185,185,0
2021-12-17 14:17:00,185,185,185,185,0
2021-12-17 14:18:00,185,185,185,185,0
2021-12-17 14:19:00,185,185,185,185,0
2021-12-17 14:20:00,184,184,184,184,20000
2021-12-17 14:21:00,184,184,184,184,24400
2021-12-17 14:22:00,185,185,185,185,4400
2021-12-17 14:23:00,185,184,185,184,2700
2021-12-17 14:24:00,184,184,184,184,31400
2021-12-17 14:25:00,185,185,185,185,400
2021-12-17 14:26:00,185,185,185,185,0
2021-12-17 14:27:00,185,185,185,185,0
2021-12-17 14:28:00,184,184,184,184,10000
2021-12-17 14:29:00,184,184,184,184,3000
2021-12-17 14:30:00,184,184,184,184,985500
2021-12-17 14:31:00,184,184,184,184,0
2021-12-17 14:32:00,184,184,184,184,0
2021-12-17 14:33:00,184,184,184,184,5000
2021-12-17 14:34:00,184,184,184,184,0
2021-12-17 14:35:00,184,184,184,184,0
2021-12-17 14:36:00,184,184,184,184,0
2021-12-17 14:37:00,184,184,184,184,500
2021-12-17 14:38:00,184,184,184,184,40000
2021-12-17 14:39:00,184,184,184,184,500
2021-12-17 14:40:00,184,184,184,184,13000
2021-12-17 14:41:00,185,185,185,185,83600
2021-12-17 14:42:00,185,185,185,185,0
2021-12-17 14:43:00,185,185,185,185,0
2021-12-17 14:44:00,185,185,185,185,0
2021-12-17 14:45:00,185,185,185,185,1000
2021-12-17 14:46:00,185,185,185,185,0
2021-12-17 14:47:00,184,184,184,184,30000
2021-12-17 14:48:00,184,184,184,184,40000
2021-12-17 14:49:00,184,184,184,184,0
2021-12-17 14:50:00,184,184,184,184,0
2021-12-17 14:51:00,184,184,184,184,0
2021-12-17 14:52:00,184,184,184,184,0
2021-12-17 14:53:00,184,184,184,184,0
2021-12-17 14:54:00,184,184,184,184,0
2021-12-17 14:55:00,184,184,184,184,0
2021-12-17 14:56:00,184,184,184,184,0
2021-12-17 14:57:00,184,184,184,184,0
2021-12-17 14:58:00,184,184,184,184,0
2021-12-17 14:59:00,184,184,184,184,0
2021-12-17 15:00:00,186,186,186,186,356800
2021-12-17 15:01:00,186,186,186,186,100000
2021-12-17 15:02:00,186,186,186,186,0
2021-12-17 15:03:00,186,186,186,186,50000
2021-12-17 15:04:00,186,186,186,186,17300
2021-12-17 15:05:00,186,186,186,186,0
2021-12-17 15:06:00,186,186,186,186,0
2021-12-17 15:07:00,186,186,186,186,0
2021-12-17 15:08:00,186,186,186,186,0
2021-12-17 15:09:00,186,186,186,186,0
2021-12-17 15:10:00,186,186,186,186,1300
2021-12-17 15:11:00,186,186,186,186,0
2021-12-17 15:12:00,186,186,186,186,5000
2021-12-17 15:13:00,186,186,186,186,0
2021-12-17 15:14:00,186,186,186,186,0
2021-12-17 15:15:00,186,186,186,186,0
2021-12-17 15:16:00,186,186,186,186,0
2021-12-17 15:17:00,186,186,186,186,0
2021-12-17 15:18:00,186,186,186,186,0
2021-12-17 15:19:00,186,186,186,186,0
2021-12-17 15:20:00,186,186,186,186,0
2021-12-17 15:21:00,186,186,186,186,0
2021-12-17 15:22:00,186,186,186,186,0
2021-12-17 15:23:00,186,186,186,186,0
2021-12-17 15:24:00,186,186,186,186,0
2021-12-17 15:25:00,186,186,186,186,0
2021-12-17 15:26:00,186,186,186,186,0
2021-12-17 15:27:00,186,186,186,186,0
2021-12-17 15:28:00,186,186,186,186,0
2021-12-17 15:29:00,186,186,186,186,0
2021-12-17 15:30:00,186,186,186,186,0
2021-12-17 15:31:00,186,186,186,186,0
2021-12-17 15:32:00,186,186,186,186,0
2021-12-17 15:33:00,186,186,186,186,0
2021-12-17 15:34:00,186,186,186,186,0
2021-12-17 15:35:00,186,186,186,186,0
2021-12-17 15:36:00,186,186,186,186,0
2021-12-17 15:37:00,186,186,186,186,0
2021-12-17 15:38:00,186,186,186,186,0
2021-12-17 15:39:00,186,186,186,186,0
2021-12-17 15:40:00,186,186,186,186,0
2021-12-17 15:41:00,186,186,186,186,0
2021-12-17 15:42:00,186,186,186,186,0
2021-12-17 15:43:00,186,186,186,186,0
2021-12-17 15:44:00,186,186,186,186,0
2021-12-17 15:45:00,186,186,186,186,0
2021-12-17 15:46:00,186,186,186,186,0
2021-12-17 15:47:00,186,186,186,186,0
2021-12-17 15:48:00,186,186,186,186,0
2021-12-17 15:49:00,186,186,186,186,0
2021-12-17 15:50:00,186,186,186,186,0
2021-12-17 15:51:00,186,186,186,186,0
2021-12-17 15:52:00,186,186,186,186,0
2021-12-17 15:53:00,186,186,186,186,0
2021-12-17 15:54:00,186,186,186,186,0
2021-12-17 15:55:00,186,186,186,186,0
2021-12-17 15:56:00,186,186,186,186,0
2021-12-17 15:57:00,186,186,186,186,0
2021-12-17 15:58:00,186,186,186,186,0
2021-12-17 15:59:00,186,186,186,186,0
2021-12-20 09:00:00,186,186,186,186,0
2021-12-20 09:01:00,186,186,186,186,1000000
2021-12-20 09:02:00,187,187,187,187,7800
2021-12-20 09:03:00,187,187,187,187,12400
2021-12-20 09:04:00,187,186,187,187,729800
2021-12-20 09:05:00,187,187,187,187,38400
2021-12-20 09:06:00,187,187,187,187,76400
2021-12-20 09:07:00,187,187,187,187,144200
2021-12-20 09:08:00,187,187,187,187,0
2021-12-20 09:09:00,187,187,187,187,40000
2021-12-20 09:10:00,187,187,187,187,11000
2021-12-20 09:11:00,187,187,187,187,0
2021-12-20 09:12:00,187,187,187,187,0
2021-12-20 09:13:00,187,187,187,187,0
2021-12-20 09:14:00,187,187,187,187,0
2021-12-20 09:15:00,187,187,187,187,25200
2021-12-20 09:16:00,187,187,187,187,0
2021-12-20 09:17:00,187,187,187,187,100
2021-12-20 09:18:00,187,187,188,188,2100
2021-12-20 09:19:00,188,188,188,188,5000
2021-12-20 09:20:00,187,187,188,188,11000
2021-12-20 09:21:00,188,188,188,188,40300
2021-12-20 09:22:00,188,188,188,188,23600
2021-12-20 09:23:00,188,188,188,188,18700
2021-12-20 09:24:00,188,188,188,188,62500
2021-12-20 09:25:00,188,188,188,188,1500
2021-12-20 09:26:00,188,188,188,188,3000
2021-12-20 09:27:00,188,187,188,187,10800
2021-12-20 09:28:00,187,187,187,187,10700
2021-12-20 09:29:00,187,187,187,187,200
2021-12-20 09:30:00,187,187,187,187,30000
2021-12-20 09:31:00,187,187,187,187,0
2021-12-20 09:32:00,188,188,188,188,21000
2021-12-20 09:33:00,188,188,188,188,35000
2021-12-20 09:34:00,188,187,188,187,74500
2021-12-20 09:35:00,188,188,188,188,500
2021-12-20 09:36:00,188,187,188,187,300
2021-12-20 09:37:00,188,188,188,188,2100
2021-12-20 09:38:00,188,187,188,188,23100
2021-12-20 09:39:00,188,188,188,188,4200
2021-12-20 09:40:00,188,188,188,188,1200
2021-12-20 09:41:00,188,188,188,188,413100
2021-12-20 09:42:00,188,188,188,188,5500
2021-12-20 09:43:00,188,188,188,188,15000
2021-12-20 09:44:00,188,188,189,189,49500
2021-12-20 09:45:00,189,189,189,189,102400
2021-12-20 09:46:00,189,188,189,189,58300
2021-12-20 09:47:00,189,189,190,189,6800
2021-12-20 09:48:00,190,189,190,190,8200
2021-12-20 09:49:00,190,190,190,190,12100
2021-12-20 09:50:00,190,189,190,189,65700
2021-12-20 09:51:00,189,189,189,189,1700
2021-12-20 09:52:00,189,189,189,189,10000
2021-12-20 09:53:00,189,189,189,189,0
2021-12-20 09:54:00,189,189,189,189,36600
2021-12-20 09:55:00,189,189,189,189,29500
2021-12-20 09:56:00,189,189,189,189,3600
2021-12-20 09:57:00,189,189,189,189,4400
2021-12-20 09:58:00,189,189,189,189,18100
2021-12-20 09:59:00,188,188,188,188,400
2021-12-20 10:00:00,188,188,188,188,0
2021-12-20 10:01:00,189,189,189,189,3900
2021-12-20 10:02:00,189,189,189,189,500
2021-12-20 10:03:00,189,189,189,189,0
2021-12-20 10:04:00,188,188,188,188,15000
2021-12-20 10:05:00,188,188,189,189,27500
2021-12-20 10:06:00,188,188,189,189,0
2021-12-20 10:07:00,188,188,189,189,59400
2021-12-20 10:08:00,189,189,189,189,4500
2021-12-20 10:09:00,188,188,189,189,2600
2021-12-20 10:10:00,188,187,188,187,100500
2021-12-20 10:11:00,188,187,188,187,0
2021-12-20 10:12:00,188,187,188,187,1900
2021-12-20 10:13:00,188,187,188,187,0
2021-12-20 10:14:00,187,187,187,187,1000
2021-12-20 10:15:00,188,188,188,188,10000
2021-12-20 10:16:00,188,188,189,189,32900
2021-12-20 10:17:00,188,188,189,189,0
2021-12-20 10:18:00,188,188,188,188,3000
2021-12-20 10:19:00,188,188,188,188,4500
2021-12-20 10:20:00,188,188,188,188,20000
2021-12-20 10:21:00,188,188,189,189,31500
2021-12-20 10:22:00,189,188,189,188,5200
2021-12-20 10:23:00,189,188,189,188,0
2021-12-20 10:24:00,188,188,188,188,6300
2021-12-20 10:25:00,188,188,188,188,0
2021-12-20 10:26:00,188,188,188,188,3000
2021-12-20 10:27:00,188,188,188,188,700
2021-12-20 10:28:00,187,187,187,187,19500
2021-12-20 10:29:00,187,187,187,187,0
2021-12-20 10:30:00,187,187,187,187,20000
2021-12-20 10:31:00,187,187,187,187,2000
2021-12-20 10:32:00,187,187,187,187,2000
2021-12-20 10:33:00,188,188,188,188,600
2021-12-20 10:34:00,189,189,189,189,200
2021-12-20 10:35:00,189,189,189,189,0
2021-12-20 10:36:00,189,189,189,189,0
2021-12-20 10:37:00,189,189,189,189,1300
2021-12-20 10:38:00,189,189,189,189,100
2021-12-20 10:39:00,189,189,189,189,0
2021-12-20 10:40:00,189,189,189,189,3000
2021-12-20 10:41:00,187,187,187,187,13000
2021-12-20 10:42:00,188,188,188,188,2000
2021-12-20 10:43:00,187,187,187,187,8000
2021-12-20 10:44:00,187,187,187,187,0
2021-12-20 10:45:00,187,187,187,187,0
2021-12-20 10:46:00,188,188,188,188,700
2021-12-20 10:47:00,188,188,188,188,0
2021-12-20 10:48:00,188,188,188,188,0
2021-12-20 10:49:00,188,188,188,188,0
2021-12-20 10:50:00,188,188,188,188,100
2021-12-20 10:51:00,188,188,188,188,0
2021-12-20 10:52:00,188,188,188,188,0
2021-12-20 10:53:00,188,188,188,188,0
2021-12-20 10:54:00,188,188,188,188,4000
2021-12-20 10:55:00,188,188,188,188,18500
2021-12-20 10:56:00,188,188,188,188,4300
2021-12-20 10:57:00,188,188,188,188,1100
2021-12-20 10:58:00,188,188,188,188,7100
2021-12-20 10:59:00,188,188,188,188,0
2021-12-20 11:00:00,188,188,188,188,0
2021-12-20 11:01:00,187,187,187,187,700
2021-12-20 11:02:00,187,187,188,188,10100
2021-12-20 11:03:00,187,187,188,188,0
2021-12-20 11:04:00,188,188,188,188,5000
2021-12-20 11:05:00,188,188,188,188,500
2021-12-20 11:06:00,188,188,188,188,0
2021-12-20 11:07:00,188,188,188,188,0
2021-12-20 11:08:00,188,188,188,188,400
2021-12-20 11:09:00,188,188,188,188,0
2021-12-20 11:10:00,188,188,188,188,0
2021-12-20 11:11:00,188,188,188,188,0
2021-12-20 11:12:00,188,188,188,188,0
2021-12-20 11:13:00,188,188,188,188,0
2021-12-20 11:14:00,188,188,188,188,0
2021-12-20 11:15:00,188,188,188,188,26500
2021-12-20 11:16:00,188,188,188,188,0
2021-12-20 11:17:00,188,188,188,188,19100
2021-12-20 11:18:00,188,187,188,187,150200
2021-12-20 11:19:00,188,188,188,188,2200
2021-12-20 11:20:00,188,188,188,188,0
2021-12-20 11:21:00,187,187,187,187,58400
2021-12-20 11:22:00,187,187,187,187,55000
2021-12-20 11:23:00,187,187,187,187,10300
2021-12-20 11:24:00,187,187,187,187,9000
2021-12-20 11:25:00,187,186,187,186,100000
2021-12-20 11:26:00,187,187,187,187,2000
2021-12-20 11:27:00,187,187,187,187,0
2021-12-20 11:28:00,187,187,187,187,0
2021-12-20 11:29:00,187,187,187,187,13600
2021-12-20 11:30:00,187,187,187,187,0
2021-12-20 11:31:00,187,187,187,187,0
2021-12-20 11:32:00,187,187,187,187,0
2021-12-20 11:33:00,187,187,187,187,0
2021-12-20 11:34:00,187,187,187,187,0
2021-12-20 11:35:00,187,187,187,187,0
2021-12-20 11:36:00,187,187,187,187,0
2021-12-20 11:37:00,187,187,187,187,0
2021-12-20 11:38:00,187,187,187,187,0
2021-12-20 11:39:00,187,187,187,187,0
2021-12-20 11:40:00,187,187,187,187,0
2021-12-20 11:41:00,187,187,187,187,0
2021-12-20 11:42:00,187,187,187,187,0
2021-12-20 11:43:00,187,187,187,187,0
2021-12-20 11:44:00,187,187,187,187,0
2021-12-20 11:45:00,187,187,187,187,0
2021-12-20 11:46:00,187,187,187,187,0
2021-12-20 11:47:00,187,187,187,187,0
2021-12-20 11:48:00,187,187,187,187,0
2021-12-20 11:49:00,187,187,187,187,0
2021-12-20 11:50:00,187,187,187,187,0
2021-12-20 11:51:00,187,187,187,187,0
2021-12-20 11:52:00,187,187,187,187,0
2021-12-20 11:53:00,187,187,187,187,0
2021-12-20 11:54:00,187,187,187,187,0
2021-12-20 11:55:00,187,187,187,187,0
2021-12-20 11:56:00,187,187,187,187,0
2021-12-20 11:57:00,187,187,187,187,0
2021-12-20 11:58:00,187,187,187,187,0
2021-12-20 11:59:00,187,187,187,187,0
2021-12-20 12:00:00,187,187,187,187,0
2021-12-20 12:01:00,187,187,187,187,0
2021-12-20 12:02:00,187,187,187,187,0
2021-12-20 12:03:00,187,187,187,187,0
2021-12-20 12:04:00,187,187,187,187,0
2021-12-20 12:05:00,187,187,187,187,0
2021-12-20 12:06:00,187,187,187,187,0
2021-12-20 12:07:00,187,187,187,187,0
2021-12-20 12:08:00,187,187,187,187,0
2021-12-20 12:09:00,187,187,187,187,0
2021-12-20 12:10:00,187,187,187,187,0
2021-12-20 12:11:00,187,187,187,187,0
2021-12-20 12:12:00,187,187,187,187,0
2021-12-20 12:13:00,187,187,187,187,0
2021-12-20 12:14:00,187,187,187,187,0
2021-12-20 12:15:00,187,187,187,187,0
2021-12-20 12:16:00,187,187,187,187,0
2021-12-20 12:17:00,187,187,187,187,0
2021-12-20 12:18:00,187,187,187,187,0
2021-12-20 12:19:00,187,187,187,187,0
2021-12-20 12:20:00,187,187,187,187,0
2021-12-20 12:21:00,187,187,187,187,0
2021-12-20 12:22:00,187,187,187,187,0
2021-12-20 12:23:00,187,187,187,187,0
2021-12-20 12:24:00,187,187,187,187,0
2021-12-20 12:25:00,187,187,187,187,0
2021-12-20 12:26:00,187,187,187,187,0
2021-12-20 12:27:00,187,187,187,187,0
2021-12-20 12:28:00,187,187,187,187,0
2021-12-20 12:29:00,187,187,187,187,0
2021-12-20 12:30:00,187,187,187,187,0
2021-12-20 12:31:00,187,187,187,187,0
2021-12-20 12:32:00,187,187,187,187,0
2021-12-20 12:33:00,187,187,187,187,0
2021-12-20 12:34:00,187,187,187,187,0
2021-12-20 12:35:00,187,187,187,187,0
2021-12-20 12:36:00,187,187,187,187,0
2021-12-20 12:37:00,187,187,187,187,0
2021-12-20 12:38:00,187,187,187,187,0
2021-12-20 12:39:00,187,187,187,187,0
2021-12-20 12:40:00,187,187,187,187,0
2021-12-20 12:41:00,187,187,187,187,0
2021-12-20 12:42:00,187,187,187,187,0
2021-12-20 12:43:00,187,187,187,187,0
2021-12-20 12:44:00,187,187,187,187,0
2021-12-20 12:45:00,187,187,187,187,0
2021-12-20 12:46:00,187,187,187,187,0
2021-12-20 12:47:00,187,187,187,187,0
2021-12-20 12:48:00,187,187,187,187,0
2021-12-20 12:49:00,187,187,187,187,0
2021-12-20 12:50:00,187,187,187,187,0
2021-12-20 12:51:00,187,187,187,187,0
2021-12-20 12:52:00,187,187,187,187,0
2021-12-20 12:53:00,187,187,187,187,0
2021-12-20 12:54:00,187,187,187,187,0
2021-12-20 12:55:00,187,187,187,187,0
2021-12-20 12:56:00,187,187,187,187,0
2021-12-20 12:57:00,187,187,187,187,0
2021-12-20 12:58:00,187,187,187,187,0
2021-12-20 12:59:00,187,187,187,187,0
2021-12-20 13:00:00,187,187,187,187,0
2021-12-20 13:01:00,187,187,187,187,0
2021-12-20 13:02:00,187,187,187,187,0
2021-12-20 13:03:00,187,187,187,187,0
2021-12-20 13:04:00,187,187,187,187,0
2021-12-20 13:05:00,187,187,187,187,0
2021-12-20 13:06:00,187,187,187,187,0
2021-12-20 13:07:00,187,187,187,187,0
2021-12-20 13:08:00,187,187,187,187,0
2021-12-20 13:09:00,187,187,187,187,0
2021-12-20 13:10:00,187,187,187,187,0
2021-12-20 13:11:00,187,187,187,187,0
2021-12-20 13:12:00,187,187,187,187,0
2021-12-20 13:13:00,187,187,187,187,0
2021-12-20 13:14:00,187,187,187,187,0
2021-12-20 13:15:00,187,187,187,187,0
2021-12-20 13:16:00,187,187,187,187,0
2021-12-20 13:17:00,187,187,187,187,0
2021-12-20 13:18:00,187,187,187,187,0
2021-12-20 13:19:00,187,187,187,187,0
2021-12-20 13:20:00,187,187,187,187,0
2021-12-20 13:21:00,187,187,187,187,0
2021-12-20 13:22:00,187,187,187,187,0
2021-12-20 13:23:00,187,187,187,187,0
2021-12-20 13:24:00,187,187,187,187,0
2021-12-20 13:25:00,187,187,187,187,0
2021-12-20 13:26:00,187,187,187,187,0
2021-12-20 13:27:00,187,187,187,187,0
2021-12-20 13:28:00,187,187,187,187,0
2021-12-20 13:29:00,187,187,187,187,0
2021-12-20 13:30:00,187,186,187,187,140400
2021-12-20 13:31:00,187,187,187,187,200
2021-12-20 13:32:00,187,187,187,187,0
2021-12-20 13:33:00,187,187,187,187,0
2021-12-20 13:34:00,187,187,187,187,3000
2021-12-20 13:35:00,187,187,187,187,15700
2021-12-20 13:36:00,187,187,187,187,1500
2021-12-20 13:37:00,187,187,187,187,0
2021-12-20 13:38:00,187,187,187,187,10000
2021-12-20 13:39:00,187,187,187,187,0
2021-12-20 13:40:00,187,186,187,186,3000
2021-12-20 13:41:00,187,187,187,187,4100
2021-12-20 13:42:00,186,186,187,187,7200
2021-12-20 13:43:00,186,186,187,187,0
2021-12-20 13:44:00,186,186,187,187,0
2021-12-20 13:45:00,186,186,187,187,0
2021-12-20 13:46:00,187,187,187,187,200
2021-12-20 13:47:00,186,186,186,186,5000
2021-12-20 13:48:00,186,186,186,186,0
2021-12-20 13:49:00,186,186,186,186,5400
2021-12-20 13:50:00,186,186,186,186,0
2021-12-20 13:51:00,186,186,186,186,0
2021-12-20 13:52:00,186,186,186,186,0
2021-12-20 13:53:00,186,186,186,186,66900
2021-12-20 13:54:00,187,187,187,187,4900
2021-12-20 13:55:00,187,187,187,187,0
2021-12-20 13:56:00,187,187,187,187,0
2021-12-20 13:57:00,187,187,187,187,0
2021-12-20 13:58:00,187,187,187,187,0
2021-12-20 13:59:00,187,187,187,187,0
2021-12-20 14:00:00,187,187,187,187,0
2021-12-20 14:01:00,187,187,187,187,0
2021-12-20 14:02:00,187,187,187,187,100
2021-12-20 14:03:00,187,187,187,187,0
2021-12-20 14:04:00,187,187,187,187,0
2021-12-20 14:05:00,186,186,186,186,12000
2021-12-20 14:06:00,186,186,186,186,9000
2021-12-20 14:07:00,186,186,186,186,4900
2021-12-20 14:08:00,186,186,186,186,0
2021-12-20 14:09:00,186,186,186,186,0
2021-12-20 14:10:00,186,186,186,186,0
2021-12-20 14:11:00,186,186,186,186,10000
2021-12-20 14:12:00,186,186,186,186,10000
2021-12-20 14:13:00,186,186,186,186,5000
2021-12-20 14:14:00,186,186,187,187,4500
2021-12-20 14:15:00,187,187,187,187,600
2021-12-20 14:16:00,187,187,187,187,0
2021-12-20 14:17:00,186,186,186,186,1300
2021-12-20 14:18:00,186,186,186,186,0
2021-12-20 14:19:00,186,186,186,186,138000
2021-12-20 14:20:00,186,186,186,186,0
2021-12-20 14:21:00,186,186,186,186,0
2021-12-20 14:22:00,186,186,186,186,0
2021-12-20 14:23:00,186,186,186,186,24700
2021-12-20 14:24:00,186,186,186,186,291800
2021-12-20 14:25:00,186,186,186,186,0
2021-12-20 14:26:00,186,186,186,186,3000
2021-12-20 14:27:00,186,186,186,186,0
2021-12-20 14:28:00,187,187,187,187,600
2021-12-20 14:29:00,187,187,187,187,0
2021-12-20 14:30:00,187,187,187,187,0
2021-12-20 14:31:00,187,187,187,187,0
2021-12-20 14:32:00,186,186,186,186,100000
2021-12-20 14:33:00,186,186,186,186,3000
2021-12-20 14:34:00,186,186,186,186,0
2021-12-20 14:35:00,186,186,186,186,10100
2021-12-20 14:36:00,186,186,186,186,6000
2021-12-20 14:37:00,186,186,186,186,1000
2021-12-20 14:38:00,186,186,186,186,60600
2021-12-20 14:39:00,187,186,187,186,5100
2021-12-20 14:40:00,186,186,186,186,5400
2021-12-20 14:41:00,186,186,186,186,0
2021-12-20 14:42:00,186,186,186,186,0
2021-12-20 14:43:00,186,186,186,186,0
2021-12-20 14:44:00,186,186,186,186,1000
2021-12-20 14:45:00,187,186,187,186,1300
2021-12-20 14:46:00,186,186,187,187,11100
2021-12-20 14:47:00,186,186,186,186,13500
2021-12-20 14:48:00,186,186,186,186,70000
2021-12-20 14:49:00,186,186,186,186,10000
2021-12-20 14:50:00,186,186,186,186,0
2021-12-20 14:51:00,186,186,186,186,0
2021-12-20 14:52:00,186,186,186,186,0
2021-12-20 14:53:00,186,186,186,186,0
2021-12-20 14:54:00,186,186,186,186,0
2021-12-20 14:55:00,186,186,186,186,0
2021-12-20 14:56:00,186,186,186,186,0
2021-12-20 14:57:00,186,186,186,186,0
2021-12-20 14:58:00,186,186,186,186,0
2021-12-20 14:59:00,186,186,186,186,0
2021-12-20 15:00:00,187,187,187,187,68700
2021-12-20 15:01:00,187,187,187,187,0
2021-12-20 15:02:00,187,187,187,187,11000
2021-12-20 15:03:00,187,187,187,187,10000
2021-12-20 15:04:00,187,187,187,187,0
2021-12-20 15:05:00,187,187,187,187,0
2021-12-20 15:06:00,187,187,187,187,0
2021-12-20 15:07:00,187,187,187,187,100
2021-12-20 15:08:00,187,187,187,187,0
2021-12-20 15:09:00,187,187,187,187,0
2021-12-20 15:10:00,187,187,187,187,0
2021-12-20 15:11:00,187,187,187,187,0
2021-12-20 15:12:00,187,187,187,187,0
2021-12-20 15:13:00,187,187,187,187,0
2021-12-20 15:14:00,187,187,187,187,0
2021-12-20 15:15:00,187,187,187,187,0
2021-12-20 15:16:00,187,187,187,187,0
2021-12-20 15:17:00,187,187,187,187,0
2021-12-20 15:18:00,187,187,187,187,0
2021-12-20 15:19:00,187,187,187,187,0
2021-12-20 15:20:00,187,187,187,187,0
2021-12-20 15:21:00,187,187,187,187,0
2021-12-20 15:22:00,187,187,187,187,0
2021-12-20 15:23:00,187,187,187,187,0
2021-12-20 15:24:00,187,187,187,187,0
2021-12-20 15:25:00,187,187,187,187,0
2021-12-20 15:26:00,187,187,187,187,0
2021-12-20 15:27:00,187,187,187,187,0
2021-12-20 15:28:00,187,187,187,187,0
2021-12-20 15:29:00,187,187,187,187,0
2021-12-20 15:30:00,187,187,187,187,0
2021-12-20 15:31:00,187,187,187,187,0
2021-12-20 15:32:00,187,187,187,187,0
2021-12-20 15:33:00,187,187,187,187,0
2021-12-20 15:34:00,187,187,187,187,0
2021-12-20 15:35:00,187,187,187,187,0
2021-12-20 15:36:00,187,187,187,187,0
2021-12-20 15:37:00,187,187,187,187,0
2021-12-20 15:38:00,187,187,187,187,0
2021-12-20 15:39:00,187,187,187,187,0
2021-12-20 15:40:00,187,187,187,187,0
2021-12-20 15:41:00,187,187,187,187,0
2021-12-20 15:42:00,187,187,187,187,0
2021-12-20 15:43:00,187,187,187,187,0
2021-12-20 15:44:00,187,187,187,187,0
2021-12-20 15:45:00,187,187,187,187,0
2021-12-20 15:46:00,187,187,187,187,0
2021-12-20 15:47:00,187,187,187,187,0
2021-12-20 15:48:00,187,187,187,187,0
2021-12-20 15:49:00,187,187,187,187,0
2021-12-20 15:50:00,187,187,187,187,0
2021-12-20 15:51:00,187,187,187,187,0
2021-12-20 15:52:00,187,187,187,187,0
2021-12-20 15:53:00,187,187,187,187,0
2021-12-20 15:54:00,187,187,187,187,0
2021-12-20 15:55:00,187,187,187,187,0
2021-12-20 15:56:00,187,187,187,187,0
2021-12-20 15:57:00,187,187,187,187,0
2021-12-20 15:58:00,187,187,187,187,0
2021-12-20 15:59:00,187,187,187,187,0
2021-12-21 09:00:00,187,186,187,187,0
2021-12-21 09:01:00,187,186,187,187,0
2021-12-21 09:02:00,187,187,187,187,34000
2021-12-21 09:03:00,187,187,187,187,0
2021-12-21 09:04:00,187,187,187,187,0
2021-12-21 09:05:00,187,187,187,187,14500
2021-12-21 09:06:00,187,187,187,187,2400
2021-12-21 09:07:00,186,186,186,186,100
2021-12-21 09:08:00,186,186,187,187,233000
2021-12-21 09:09:00,186,186,187,187,0
2021-12-21 09:10:00,186,186,186,186,25800
2021-12-21 09:11:00,186,186,186,186,6500
2021-12-21 09:12:00,185,185,185,185,34400
2021-12-21 09:13:00,186,186,186,186,1100
2021-12-21 09:14:00,186,186,186,186,0
2021-12-21 09:15:00,186,186,186,186,0
2021-12-21 09:16:00,186,186,186,186,33700
2021-12-21 09:17:00,186,186,186,186,0
2021-12-21 09:18:00,186,186,186,186,0
2021-12-21 09:19:00,187,187,187,187,11100
2021-12-21 09:20:00,187,187,187,187,0
2021-12-21 09:21:00,187,187,187,187,0
2021-12-21 09:22:00,187,187,187,187,300
2021-12-21 09:23:00,187,187,187,187,3500
2021-12-21 09:24:00,187,187,187,187,22000
2021-12-21 09:25:00,187,187,187,187,17600
2021-12-21 09:26:00,187,187,187,187,3200
2021-12-21 09:27:00,187,187,187,187,2300
2021-12-21 09:28:00,186,186,186,186,4500
2021-12-21 09:29:00,187,187,188,187,8900
2021-12-21 09:30:00,187,187,187,187,400
2021-12-21 09:31:00,187,187,187,187,3000
2021-12-21 09:32:00,187,187,187,187,2000
2021-12-21 09:33:00,187,187,187,187,0
2021-12-21 09:34:00,187,186,187,186,2100
2021-12-21 09:35:00,187,186,187,186,0
2021-12-21 09:36:00,186,186,186,186,8600
2021-12-21 09:37:00,186,186,186,186,500
2021-12-21 09:38:00,186,186,186,186,0
2021-12-21 09:39:00,186,186,186,186,0
2021-12-21 09:40:00,186,186,186,186,2000
2021-12-21 09:41:00,186,186,186,186,0
2021-12-21 09:42:00,186,186,186,186,0
2021-12-21 09:43:00,186,186,187,187,44800
2021-12-21 09:44:00,187,187,187,187,100
2021-12-21 09:45:00,187,187,187,187,500
2021-12-21 09:46:00,187,187,187,187,0
2021-12-21 09:47:00,187,187,187,187,0
2021-12-21 09:48:00,187,187,187,187,8900
2021-12-21 09:49:00,187,187,187,187,200
2021-12-21 09:50:00,187,187,187,187,0
2021-12-21 09:51:00,187,187,187,187,1000
2021-12-21 09:52:00,187,187,187,187,400
2021-12-21 09:53:00,187,187,187,187,0
2021-12-21 09:54:00,187,187,187,187,0
2021-12-21 09:55:00,187,186,187,187,34600
2021-12-21 09:56:00,187,187,187,187,200
2021-12-21 09:57:00,187,187,187,187,9800
2021-12-21 09:58:00,187,187,187,187,0
2021-12-21 09:59:00,187,187,187,187,200
2021-12-21 10:00:00,187,187,187,187,5000
2021-12-21 10:01:00,187,187,187,187,0
2021-12-21 10:02:00,187,187,187,187,0
2021-12-21 10:03:00,186,186,186,186,7500
2021-12-21 10:04:00,186,186,186,186,700
2021-12-21 10:05:00,186,186,186,186,10000
2021-12-21 10:06:00,186,186,186,186,0
2021-12-21 10:07:00,186,186,186,186,0
2021-12-21 10:08:00,186,186,186,186,1000
2021-12-21 10:09:00,186,186,186,186,5100
2021-12-21 10:10:00,186,186,186,186,0
2021-12-21 10:11:00,186,186,186,186,75000
2021-12-21 10:12:00,186,186,187,187,6200
2021-12-21 10:13:00,186,186,186,186,43100
2021-12-21 10:14:00,186,186,186,186,0
2021-12-21 10:15:00,186,186,186,186,5800
2021-12-21 10:16:00,186,186,186,186,22800
2021-12-21 10:17:00,186,186,186,186,3900
2021-12-21 10:18:00,186,186,186,186,0
2021-12-21 10:19:00,185,185,185,185,16200
2021-12-21 10:20:00,185,185,185,185,0
2021-12-21 10:21:00,185,185,185,185,0
2021-12-21 10:22:00,185,185,185,185,0
2021-12-21 10:23:00,185,185,185,185,10000
2021-12-21 10:24:00,185,185,185,185,0
2021-12-21 10:25:00,185,185,185,185,0
2021-12-21 10:26:00,185,185,185,185,487600
2021-12-21 10:27:00,185,185,185,185,0
2021-12-21 10:28:00,186,186,186,186,1000
2021-12-21 10:29:00,186,186,186,186,0
2021-12-21 10:30:00,186,186,186,186,0
2021-12-21 10:31:00,186,186,186,186,300
2021-12-21 10:32:00,186,186,186,186,0
2021-12-21 10:33:00,186,186,186,186,0
2021-12-21 10:34:00,184,184,184,184,45000
2021-12-21 10:35:00,184,184,184,184,0
2021-12-21 10:36:00,184,184,184,184,0
2021-12-21 10:37:00,184,184,184,184,0
2021-12-21 10:38:00,186,185,186,185,1700
2021-12-21 10:39:00,186,185,186,185,0
2021-12-21 10:40:00,185,185,185,185,500
2021-12-21 10:41:00,185,185,185,185,40000
2021-12-21 10:42:00,185,185,185,185,0
2021-12-21 10:43:00,185,185,185,185,0
2021-12-21 10:44:00,185,185,185,185,0
2021-12-21 10:45:00,186,186,186,186,1000
2021-12-21 10:46:00,186,186,186,186,300
2021-12-21 10:47:00,186,186,186,186,0
2021-12-21 10:48:00,186,186,186,186,0
2021-12-21 10:49:00,186,186,186,186,0
2021-12-21 10:50:00,186,186,186,186,0
2021-12-21 10:51:00,185,185,185,185,5000
2021-12-21 10:52:00,185,185,185,185,0
2021-12-21 10:53:00,185,185,185,185,0
2021-12-21 10:54:00,185,185,185,185,1600
2021-12-21 10:55:00,185,185,185,185,0
2021-12-21 10:56:00,185,185,185,185,100
2021-12-21 10:57:00,185,185,185,185,31700
2021-12-21 10:58:00,185,185,185,185,0
2021-12-21 10:59:00,185,185,185,185,0
2021-12-21 11:00:00,185,185,185,185,0
2021-12-21 11:01:00,185,185,185,185,0
2021-12-21 11:02:00,185,185,185,185,1100
2021-12-21 11:03:00,185,185,185,185,0
2021-12-21 11:04:00,185,185,185,185,0
2021-12-21 11:05:00,185,185,185,185,0
2021-12-21 11:06:00,185,185,185,185,0
2021-12-21 11:07:00,185,185,185,185,50000
2021-12-21 11:08:00,185,185,185,185,0
2021-12-21 11:09:00,185,185,185,185,0
2021-12-21 11:10:00,185,185,185,185,0
2021-12-21 11:11:00,185,185,185,185,0
2021-12-21 11:12:00,185,185,185,185,0
2021-12-21 11:13:00,185,185,185,185,0
2021-12-21 11:14:00,186,184,186,184,100100
2021-12-21 11:15:00,184,184,184,184,10000
2021-12-21 11:16:00,184,184,184,184,255000
2021-12-21 11:17:00,184,184,184,184,0
2021-12-21 11:18:00,184,184,184,184,0
2021-12-21 11:19:00,185,185,185,185,600
2021-12-21 11:20:00,185,185,185,185,0
2021-12-21 11:21:00,185,185,185,185,2400
2021-12-21 11:22:00,185,185,185,185,0
2021-12-21 11:23:00,185,185,185,185,0
2021-12-21 11:24:00,185,185,185,185,0
2021-12-21 11:25:00,184,184,184,184,800
2021-12-21 11:26:00,184,184,184,184,0
2021-12-21 11:27:00,184,184,184,184,1900
2021-12-21 11:28:00,184,184,184,184,0
2021-12-21 11:29:00,185,185,185,185,3700
2021-12-21 11:30:00,185,185,185,185,0
2021-12-21 11:31:00,185,185,185,185,0
2021-12-21 11:32:00,185,185,185,185,0
2021-12-21 11:33:00,185,185,185,185,0
2021-12-21 11:34:00,185,185,185,185,0
2021-12-21 11:35:00,185,185,185,185,0
2021-12-21 11:36:00,185,185,185,185,0
2021-12-21 11:37:00,185,185,185,185,0
2021-12-21 11:38:00,185,185,185,185,0
2021-12-21 11:39:00,185,185,185,185,0
2021-12-21 11:40:00,185,185,185,185,0
2021-12-21 11:41:00,185,185,185,185,0
2021-12-21 11:42:00,185,185,185,185,0
2021-12-21 11:43:00,185,185,185,185,0
2021-12-21 11:44:00,185,185,185,185,0
2021-12-21 11:45:00,185,185,185,185,0
2021-12-21 11:46:00,185,185,185,185,0
2021-12-21 11:47:00,185,185,185,185,0
2021-12-21 11:48:00,185,185,185,185,0
2021-12-21 11:49:00,185,185,185,185,0
2021-12-21 11:50:00,185,185,185,185,0
2021-12-21 11:51:00,185,185,185,185,0
2021-12-21 11:52:00,185,185,185,185,0
2021-12-21 11:53:00,185,185,185,185,0
2021-12-21 11:54:00,185,185,185,185,0
2021-12-21 11:55:00,185,185,185,185,0
2021-12-21 11:56:00,185,185,185,185,0
2021-12-21 11:57:00,185,185,185,185,0
2021-12-21 11:58:00,185,185,185,185,0
2021-12-21 11:59:00,185,185,185,185,0
2021-12-21 12:00:00,185,185,185,185,0
2021-12-21 12:01:00,185,185,185,185,0
2021-12-21 12:02:00,185,185,185,185,0
2021-12-21 12:03:00,185,185,185,185,0
2021-12-21 12:04:00,185,185,185,185,0
2021-12-21 12:05:00,185,185,185,185,0
2021-12-21 12:06:00,185,185,185,185,0
2021-12-21 12:07:00,185,185,185,185,0
2021-12-21 12:08:00,185,185,185,185,0
2021-12-21 12:09:00,185,185,185,185,0
2021-12-21 12:10:00,185,185,185,185,0
2021-12-21 12:11:00,185,185,185,185,0
2021-12-21 12:12:00,185,185,185,185,0
2021-12-21 12:13:00,185,185,185,185,0
2021-12-21 12:14:00,185,185,185,185,0
2021-12-21 12:15:00,185,185,185,185,0
2021-12-21 12:16:00,185,185,185,185,0
2021-12-21 12:17:00,185,185,185,185,0
2021-12-21 12:18:00,185,185,185,185,0
2021-12-21 12:19:00,185,185,185,185,0
2021-12-21 12:20:00,185,185,185,185,0
2021-12-21 12:21:00,185,185,185,185,0
2021-12-21 12:22:00,185,185,185,185,0
2021-12-21 12:23:00,185,185,185,185,0
2021-12-21 12:24:00,185,185,185,185,0
2021-12-21 12:25:00,185,185,185,185,0
2021-12-21 12:26:00,185,185,185,185,0
2021-12-21 12:27:00,185,185,185,185,0
2021-12-21 12:28:00,185,185,185,185,0
2021-12-21 12:29:00,185,185,185,185,0
2021-12-21 12:30:00,185,185,185,185,0
2021-12-21 12:31:00,185,185,185,185,0
2021-12-21 12:32:00,185,185,185,185,0
2021-12-21 12:33:00,185,185,185,185,0
2021-12-21 12:34:00,185,185,185,185,0
2021-12-21 12:35:00,185,185,185,185,0
2021-12-21 12:36:00,185,185,185,185,0
2021-12-21 12:37:00,185,185,185,185,0
2021-12-21 12:38:00,185,185,185,185,0
2021-12-21 12:39:00,185,185,185,185,0
2021-12-21 12:40:00,185,185,185,185,0
2021-12-21 12:41:00,185,185,185,185,0
2021-12-21 12:42:00,185,185,185,185,0
2021-12-21 12:43:00,185,185,185,185,0
2021-12-21 12:44:00,185,185,185,185,0
2021-12-21 12:45:00,185,185,185,185,0
2021-12-21 12:46:00,185,185,185,185,0
2021-12-21 12:47:00,185,185,185,185,0
2021-12-21 12:48:00,185,185,185,185,0
2021-12-21 12:49:00,185,185,185,185,0
2021-12-21 12:50:00,185,185,185,185,0
2021-12-21 12:51:00,185,185,185,185,0
2021-12-21 12:52:00,185,185,185,185,0
2021-12-21 12:53:00,185,185,185,185,0
2021-12-21 12:54:00,185,185,185,185,0
2021-12-21 12:55:00,185,185,185,185,0
2021-12-21 12:56:00,185,185,185,185,0
2021-12-21 12:57:00,185,185,185,185,0
2021-12-21 12:58:00,185,185,185,185,0
2021-12-21 12:59:00,185,185,185,185,0
2021-12-21 13:00:00,185,185,185,185,0
2021-12-21 13:01:00,185,185,185,185,0
2021-12-21 13:02:00,185,185,185,185,0
2021-12-21 13:03:00,185,185,185,185,0
2021-12-21 13:04:00,185,185,185,185,0
2021-12-21 13:05:00,185,185,185,185,0
2021-12-21 13:06:00,185,185,185,185,0
2021-12-21 13:07:00,185,185,185,185,0
2021-12-21 13:08:00,185,185,185,185,0
2021-12-21 13:09:00,185,185,185,185,0
2021-12-21 13:10:00,185,185,185,185,0
2021-12-21 13:11:00,185,185,185,185,0
2021-12-21 13:12:00,185,185,185,185,0
2021-12-21 13:13:00,185,185,185,185,0
2021-12-21 13:14:00,185,185,185,185,0
2021-12-21 13:15:00,185,185,185,185,0
2021-12-21 13:16:00,185,185,185,185,0
2021-12-21 13:17:00,185,185,185,185,0
2021-12-21 13:18:00,185,185,185,185,0
2021-12-21 13:19:00,185,185,185,185,0
2021-12-21 13:20:00,185,185,185,185,0
2021-12-21 13:21:00,185,185,185,185,0
2021-12-21 13:22:00,185,185,185,185,0
2021-12-21 13:23:00,185,185,185,185,0
2021-12-21 13:24:00,185,185,185,185,0
2021-12-21 13:25:00,185,185,185,185,0
2021-12-21 13:26:00,185,185,185,185,0
2021-12-21 13:27:00,185,185,185,185,0
2021-12-21 13:28:00,185,185,185,185,0
2021-12-21 13:29:00,185,185,185,185,0
2021-12-21 13:30:00,185,185,185,185,6600
2021-12-21 13:31:00,185,185,185,185,0
2021-12-21 13:32:00,185,185,185,185,5100
2021-12-21 13:33:00,185,185,185,185,2000
2021-12-21 13:34:00,185,185,185,185,0
2021-12-21 13:35:00,185,185,185,185,0
2021-12-21 13:36:00,185,185,185,185,0
2021-12-21 13:37:00,185,185,185,185,0
2021-12-21 13:38:00,185,185,185,185,2500
2021-12-21 13:39:00,185,185,185,185,100
2021-12-21 13:40:00,185,185,185,185,0
2021-12-21 13:41:00,185,185,185,185,0
2021-12-21 13:42:00,185,185,185,185,17400
2021-12-21 13:43:00,185,185,185,185,0
2021-12-21 13:44:00,185,185,185,185,700
2021-12-21 13:45:00,185,185,185,185,0
2021-12-21 13:46:00,185,185,185,185,0
2021-12-21 13:47:00,185,185,185,185,0
2021-12-21 13:48:00,185,185,185,185,300
2021-12-21 13:49:00,185,185,185,185,0
2021-12-21 13:50:00,185,185,185,185,0
2021-12-21 13:51:00,185,185,185,185,0
2021-12-21 13:52:00,185,185,185,185,0
2021-12-21 13:53:00,186,186,186,186,500
2021-12-21 13:54:00,185,185,185,185,12800
2021-12-21 13:55:00,185,185,185,185,0
2021-12-21 13:56:00,184,184,184,184,17500
2021-12-21 13:57:00,184,184,184,184,0
2021-12-21 13:58:00,185,185,185,185,1500
2021-12-21 13:59:00,185,185,185,185,1000
2021-12-21 14:00:00,184,184,184,184,200
2021-12-21 14:01:00,184,184,185,185,200700
2021-12-21 14:02:00,184,184,185,185,0
2021-12-21 14:03:00,184,184,185,185,200
2021-12-21 14:04:00,185,185,185,185,2500
2021-12-21 14:05:00,185,185,185,185,2800
2021-12-21 14:06:00,184,184,184,184,32300
2021-12-21 14:07:00,183,183,183,183,22200
2021-12-21 14:08:00,184,183,184,183,70900
2021-12-21 14:09:00,183,183,183,183,53500
2021-12-21 14:10:00,183,183,183,183,0
2021-12-21 14:11:00,184,184,184,184,40800
2021-12-21 14:12:00,184,184,184,184,0
2021-12-21 14:13:00,184,184,184,184,0
2021-12-21 14:14:00,184,184,184,184,0
2021-12-21 14:15:00,184,184,185,184,11000
2021-12-21 14:16:00,185,185,185,185,300
2021-12-21 14:17:00,185,185,185,185,0
2021-12-21 14:18:00,185,185,185,185,0
2021-12-21 14:19:00,185,185,185,185,0
2021-12-21 14:20:00,185,185,185,185,0
2021-12-21 14:21:00,185,185,185,185,0
2021-12-21 14:22:00,185,185,185,185,0
2021-12-21 14:23:00,185,185,185,185,0
2021-12-21 14:24:00,185,185,185,185,0
2021-12-21 14:25:00,184,184,184,184,154300
2021-12-21 14:26:00,183,183,184,184,55700
2021-12-21 14:27:00,184,184,184,184,1800
2021-12-21 14:28:00,184,184,184,184,10000
2021-12-21 14:29:00,184,184,184,184,0
2021-12-21 14:30:00,185,185,185,185,600
2021-12-21 14:31:00,185,185,185,185,0
2021-12-21 14:32:00,185,185,185,185,0
2021-12-21 14:33:00,185,185,185,185,1000
2021-12-21 14:34:00,184,184,184,184,3200
2021-12-21 14:35:00,184,184,184,184,0
2021-12-21 14:36:00,184,184,184,184,0
2021-12-21 14:37:00,184,184,184,184,0
2021-12-21 14:38:00,184,184,184,184,0
2021-12-21 14:39:00,184,184,184,184,2000
2021-12-21 14:40:00,184,184,184,184,0
2021-12-21 14:41:00,184,184,184,184,2800
2021-12-21 14:42:00,184,184,184,184,1000
2021-12-21 14:43:00,184,184,184,184,5000
2021-12-21 14:44:00,184,184,184,184,0
2021-12-21 14:45:00,184,184,184,184,0
2021-12-21 14:46:00,184,184,184,184,0
2021-12-21 14:47:00,185,185,185,185,25000
2021-12-21 14:48:00,185,185,185,185,10100
2021-12-21 14:49:00,185,185,185,185,0
2021-12-21 14:50:00,185,185,185,185,0
2021-12-21 14:51:00,185,185,185,185,0
2021-12-21 14:52:00,185,185,185,185,0
2021-12-21 14:53:00,185,185,185,185,0
2021-12-21 14:54:00,185,185,185,185,0
2021-12-21 14:55:00,185,185,185,185,0
2021-12-21 14:56:00,185,185,185,185,0
2021-12-21 14:57:00,185,185,185,185,0
2021-12-21 14:58:00,185,185,185,185,0
2021-12-21 14:59:00,185,185,185,185,0
2021-12-21 15:00:00,184,184,184,184,203000
2021-12-21 15:01:00,184,184,184,184,0
2021-12-21 15:02:00,184,184,184,184,0
2021-12-21 15:03:00,184,184,184,184,0
2021-12-21 15:04:00,184,184,184,184,0
2021-12-21 15:05:00,184,184,184,184,20000
2021-12-21 15:06:00,184,184,184,184,0
2021-12-21 15:07:00,184,184,184,184,0
2021-12-21 15:08:00,184,184,184,184,0
2021-12-21 15:09:00,184,184,184,184,500
2021-12-21 15:10:00,184,184,184,184,0
2021-12-21 15:11:00,184,184,184,184,0
2021-12-21 15:12:00,184,184,184,184,0
2021-12-21 15:13:00,184,184,184,184,0
2021-12-21 15:14:00,184,184,184,184,0
2021-12-21 15:15:00,184,184,184,184,0
2021-12-21 15:16:00,184,184,184,184,0
2021-12-21 15:17:00,184,184,184,184,0
2021-12-21 15:18:00,184,184,184,184,0
2021-12-21 15:19:00,184,184,184,184,0
2021-12-21 15:20:00,184,184,184,184,0
2021-12-21 15:21:00,184,184,184,184,0
2021-12-21 15:22:00,184,184,184,184,0
2021-12-21 15:23:00,184,184,184,184,0
2021-12-21 15:24:00,184,184,184,184,0
2021-12-21 15:25:00,184,184,184,184,0
2021-12-21 15:26:00,184,184,184,184,0
2021-12-21 15:27:00,184,184,184,184,0
2021-12-21 15:28:00,184,184,184,184,0
2021-12-21 15:29:00,184,184,184,184,0
2021-12-21 15:30:00,184,184,184,184,0
2021-12-21 15:31:00,184,184,184,184,0
2021-12-21 15:32:00,184,184,184,184,0
2021-12-21 15:33:00,184,184,184,184,0
2021-12-21 15:34:00,184,184,184,184,0
2021-12-21 15:35:00,184,184,184,184,0
2021-12-21 15:36:00,184,184,184,184,0
2021-12-21 15:37:00,184,184,184,184,0
2021-12-21 15:38:00,184,184,184,184,0
2021-12-21 15:39:00,184,184,184,184,0
2021-12-21 15:40:00,184,184,184,184,0
2021-12-21 15:41:00,184,184,184,184,0
2021-12-21 15:42:00,184,184,184,184,0
2021-12-21 15:43:00,184,184,184,184,0
2021-12-21 15:44:00,184,184,184,184,0
2021-12-21 15:45:00,184,184,184,184,0
2021-12-21 15:46:00,184,184,184,184,0
2021-12-21 15:47:00,184,184,184,184,0
2021-12-21 15:48:00,184,184,184,184,0
2021-12-21 15:49:00,184,184,184,184,0
2021-12-21 15:50:00,184,184,184,184,0
2021-12-21 15:51:00,184,184,184,184,0
2021-12-21 15:52:00,184,184,184,184,0
2021-12-21 15:53:00,184,184,184,184,0
2021-12-21 15:54:00,184,184,184,184,0
2021-12-21 15:55:00,184,184,184,184,0
2021-12-21 15:56:00,184,184,184,184,0
2021-12-21 15:57:00,184,184,184,184,0
2021-12-21 15:58:00,184,184,184,184,0
2021-12-21 15:59:00,184,184,184,184,0
2021-12-22 09:00:00,185,184,185,184,0
2021-12-22 09:01:00,185,185,185,185,40000
2021-12-22 09:02:00,185,185,185,185,200
2021-12-22 09:03:00,186,185,186,185,5300
2021-12-22 09:04:00,185,185,185,185,5000
2021-12-22 09:05:00,185,185,185,185,5000
2021-12-22 09:06:00,185,185,185,185,0
2021-12-22 09:07:00,185,185,185,185,10000
2021-12-22 09:08:00,186,186,186,186,100
2021-12-22 09:09:00,186,186,186,186,2300
2021-12-22 09:10:00,186,186,186,186,1000
2021-12-22 09:11:00,186,186,186,186,6500
2021-12-22 09:12:00,187,187,187,187,1000
2021-12-22 09:13:00,187,187,187,187,3600
2021-12-22 09:14:00,187,187,187,187,0
2021-12-22 09:15:00,187,187,187,187,500
2021-12-22 09:16:00,187,187,187,187,0
2021-12-22 09:17:00,187,187,187,187,2500
2021-12-22 09:18:00,187,186,187,187,15700
2021-12-22 09:19:00,187,186,187,187,0
2021-12-22 09:20:00,187,187,187,187,500
2021-12-22 09:21:00,187,187,187,187,1000
2021-12-22 09:22:00,187,187,187,187,0
2021-12-22 09:23:00,187,187,187,187,500
2021-12-22 09:24:00,186,186,186,186,82600
2021-12-22 09:25:00,186,186,186,186,20000
2021-12-22 09:26:00,186,186,186,186,10000
2021-12-22 09:27:00,187,186,187,186,12700
2021-12-22 09:28:00,186,185,186,186,41500
2021-12-22 09:29:00,186,186,186,186,2000
2021-12-22 09:30:00,186,186,186,186,24400
2021-12-22 09:31:00,186,186,186,186,0
2021-12-22 09:32:00,186,186,186,186,0
2021-12-22 09:33:00,186,186,186,186,1700
2021-12-22 09:34:00,186,186,186,186,67800
2021-12-22 09:35:00,186,186,186,186,600
2021-12-22 09:36:00,186,186,186,186,800
2021-12-22 09:37:00,186,186,186,186,3200
2021-12-22 09:38:00,186,186,186,186,0
2021-12-22 09:39:00,186,186,186,186,62600
2021-12-22 09:40:00,185,185,185,185,98400
2021-12-22 09:41:00,185,185,185,185,0
2021-12-22 09:42:00,186,186,186,186,2000
2021-12-22 09:43:00,186,186,186,186,500
2021-12-22 09:44:00,186,186,186,186,0
2021-12-22 09:45:00,185,185,186,186,35500
2021-12-22 09:46:00,185,185,186,186,0
2021-12-22 09:47:00,185,185,186,186,0
2021-12-22 09:48:00,185,185,186,186,0
2021-12-22 09:49:00,185,185,186,186,0
2021-12-22 09:50:00,185,185,186,186,0
2021-12-22 09:51:00,186,186,186,186,100
2021-12-22 09:52:00,186,186,186,186,0
2021-12-22 09:53:00,186,186,186,186,0
2021-12-22 09:54:00,186,186,186,186,1000
2021-12-22 09:55:00,186,186,186,186,0
2021-12-22 09:56:00,185,185,185,185,100
2021-12-22 09:57:00,185,185,185,185,5100
2021-12-22 09:58:00,185,185,185,185,200
2021-12-22 09:59:00,185,185,185,185,0
2021-12-22 10:00:00,185,185,185,185,50000
2021-12-22 10:01:00,185,185,185,185,0
2021-12-22 10:02:00,186,186,186,186,32500
2021-12-22 10:03:00,186,186,186,186,0
2021-12-22 10:04:00,186,186,186,186,0
2021-12-22 10:05:00,186,186,186,186,0
2021-12-22 10:06:00,186,186,186,186,7100
2021-12-22 10:07:00,186,186,186,186,0
2021-12-22 10:08:00,186,185,186,186,26500
2021-12-22 10:09:00,186,185,186,186,0
2021-12-22 10:10:00,185,185,185,185,2000
2021-12-22 10:11:00,185,185,185,185,0
2021-12-22 10:12:00,185,185,185,185,0
2021-12-22 10:13:00,185,185,185,185,37900
2021-12-22 10:14:00,185,185,185,185,4900
2021-12-22 10:15:00,185,185,185,185,4100
2021-12-22 10:16:00,185,185,185,185,35600
2021-12-22 10:17:00,185,185,185,185,0
2021-12-22 10:18:00,185,185,185,185,0
2021-12-22 10:19:00,185,185,185,185,11300
2021-12-22 10:20:00,185,185,185,185,100
2021-12-22 10:21:00,185,185,185,185,0
2021-12-22 10:22:00,185,185,185,185,0
2021-12-22 10:23:00,185,185,185,185,700
2021-12-22 10:24:00,185,185,185,185,10000
2021-12-22 10:25:00,185,185,185,185,0
2021-12-22 10:26:00,185,185,185,185,51700
2021-12-22 10:27:00,185,185,185,185,20000
2021-12-22 10:28:00,184,184,184,184,100
2021-12-22 10:29:00,184,184,184,184,0
2021-12-22 10:30:00,185,185,185,185,4300
2021-12-22 10:31:00,185,185,185,185,0
2021-12-22 10:32:00,185,185,185,185,0
2021-12-22 10:33:00,185,185,185,185,0
2021-12-22 10:34:00,185,185,185,185,0
2021-12-22 10:35:00,185,185,185,185,0
2021-12-22 10:36:00,185,185,185,185,1000
2021-12-22 10:37:00,185,185,185,185,0
2021-12-22 10:38:00,185,185,185,185,0
2021-12-22 10:39:00,185,185,185,185,900
2021-12-22 10:40:00,185,185,185,185,0
2021-12-22 10:41:00,185,185,185,185,0
2021-12-22 10:42:00,185,185,185,185,2000
2021-12-22 10:43:00,185,185,185,185,0
2021-12-22 10:44:00,185,185,185,185,0
2021-12-22 10:45:00,185,185,185,185,0
2021-12-22 10:46:00,185,185,185,185,0
2021-12-22 10:47:00,185,185,185,185,0
2021-12-22 10:48:00,185,185,185,185,0
2021-12-22 10:49:00,185,185,185,185,0
2021-12-22 10:50:00,185,185,185,185,0
2021-12-22 10:51:00,184,184,185,185,200
2021-12-22 10:52:00,184,184,185,185,0
2021-12-22 10:53:00,184,184,185,185,0
2021-12-22 10:54:00,184,184,185,185,0
2021-12-22 10:55:00,185,185,185,185,200
2021-12-22 10:56:00,185,185,185,185,1400
2021-12-22 10:57:00,185,185,185,185,50000
2021-12-22 10:58:00,185,185,185,185,7500
2021-12-22 10:59:00,185,185,185,185,0
2021-12-22 11:00:00,185,185,185,185,0
2021-12-22 11:01:00,185,185,185,185,19600
2021-12-22 11:02:00,185,185,185,185,0
2021-12-22 11:03:00,185,185,185,185,0
2021-12-22 11:04:00,185,185,185,185,0
2021-12-22 11:05:00,185,185,185,185,0
2021-12-22 11:06:00,185,185,185,185,0
2021-12-22 11:07:00,185,185,185,185,0
2021-12-22 11:08:00,185,185,185,185,0
2021-12-22 11:09:00,185,185,185,185,0
2021-12-22 11:10:00,185,185,185,185,37700
2021-12-22 11:11:00,185,185,185,185,0
2021-12-22 11:12:00,185,185,185,185,0
2021-12-22 11:13:00,184,184,184,184,10000
2021-12-22 11:14:00,184,184,184,184,0
2021-12-22 11:15:00,184,184,184,184,0
2021-12-22 11:16:00,184,184,184,184,0
2021-12-22 11:17:00,185,185,185,185,400
2021-12-22 11:18:00,185,185,185,185,0
2021-12-22 11:19:00,185,185,185,185,14900
2021-12-22 11:20:00,185,185,185,185,0
2021-12-22 11:21:00,185,185,185,185,0
2021-12-22 11:22:00,185,185,185,185,900
2021-12-22 11:23:00,185,185,185,185,0
2021-12-22 11:24:00,185,185,185,185,0
2021-12-22 11:25:00,185,185,185,185,0
2021-12-22 11:26:00,185,185,185,185,0
2021-12-22 11:27:00,185,185,185,185,0
2021-12-22 11:28:00,185,185,185,185,0
2021-12-22 11:29:00,185,185,185,185,0
2021-12-22 11:30:00,185,185,185,185,0
2021-12-22 11:31:00,185,185,185,185,0
2021-12-22 11:32:00,185,185,185,185,0
2021-12-22 11:33:00,185,185,185,185,0
2021-12-22 11:34:00,185,185,185,185,0
2021-12-22 11:35:00,185,185,185,185,0
2021-12-22 11:36:00,185,185,185,185,0
2021-12-22 11:37:00,185,185,185,185,0
2021-12-22 11:38:00,185,185,185,185,0
2021-12-22 11:39:00,185,185,185,185,0
2021-12-22 11:40:00,185,185,185,185,0
2021-12-22 11:41:00,185,185,185,185,0
2021-12-22 11:42:00,185,185,185,185,0
2021-12-22 11:43:00,185,185,185,185,0
2021-12-22 11:44:00,185,185,185,185,0
2021-12-22 11:45:00,185,185,185,185,0
2021-12-22 11:46:00,185,185,185,185,0
2021-12-22 11:47:00,185,185,185,185,0
2021-12-22 11:48:00,185,185,185,185,0
2021-12-22 11:49:00,185,185,185,185,0
2021-12-22 11:50:00,185,185,185,185,0
2021-12-22 11:51:00,185,185,185,185,0
2021-12-22 11:52:00,185,185,185,185,0
2021-12-22 11:53:00,185,185,185,185,0
2021-12-22 11:54:00,185,185,185,185,0
2021-12-22 11:55:00,185,185,185,185,0
2021-12-22 11:56:00,185,185,185,185,0
2021-12-22 11:57:00,185,185,185,185,0
2021-12-22 11:58:00,185,185,185,185,0
2021-12-22 11:59:00,185,185,185,185,0
2021-12-22 12:00:00,185,185,185,185,0
2021-12-22 12:01:00,185,185,185,185,0
2021-12-22 12:02:00,185,185,185,185,0
2021-12-22 12:03:00,185,185,185,185,0
2021-12-22 12:04:00,185,185,185,185,0
2021-12-22 12:05:00,185,185,185,185,0
2021-12-22 12:06:00,185,185,185,185,0
2021-12-22 12:07:00,185,185,185,185,0
2021-12-22 12:08:00,185,185,185,185,0
2021-12-22 12:09:00,185,185,185,185,0
2021-12-22 12:10:00,185,185,185,185,0
2021-12-22 12:11:00,185,185,185,185,0
2021-12-22 12:12:00,185,185,185,185,0
2021-12-22 12:13:00,185,185,185,185,0
2021-12-22 12:14:00,185,185,185,185,0
2021-12-22 12:15:00,185,185,185,185,0
2021-12-22 12:16:00,185,185,185,185,0
2021-12-22 12:17:00,185,185,185,185,0
2021-12-22 12:18:00,185,185,185,185,0
2021-12-22 12:19:00,185,185,185,185,0
2021-12-22 12:20:00,185,185,185,185,0
2021-12-22 12:21:00,185,185,185,185,0
2021-12-22 12:22:00,185,185,185,185,0
2021-12-22 12:23:00,185,185,185,185,0
2021-12-22 12:24:00,185,185,185,185,0
2021-12-22 12:25:00,185,185,185,185,0
2021-12-22 12:26:00,185,185,185,185,0
2021-12-22 12:27:00,185,185,185,185,0
2021-12-22 12:28:00,185,185,185,185,0
2021-12-22 12:29:00,185,185,185,185,0
2021-12-22 12:30:00,185,185,185,185,0
2021-12-22 12:31:00,185,185,185,185,0
2021-12-22 12:32:00,185,185,185,185,0
2021-12-22 12:33:00,185,185,185,185,0
2021-12-22 12:34:00,185,185,185,185,0
2021-12-22 12:35:00,185,185,185,185,0
2021-12-22 12:36:00,185,185,185,185,0
2021-12-22 12:37:00,185,185,185,185,0
2021-12-22 12:38:00,185,185,185,185,0
2021-12-22 12:39:00,185,185,185,185,0
2021-12-22 12:40:00,185,185,185,185,0
2021-12-22 12:41:00,185,185,185,185,0
2021-12-22 12:42:00,185,185,185,185,0
2021-12-22 12:43:00,185,185,185,185,0
2021-12-22 12:44:00,185,185,185,185,0
2021-12-22 12:45:00,185,185,185,185,0
2021-12-22 12:46:00,185,185,185,185,0
2021-12-22 12:47:00,185,185,185,185,0
2021-12-22 12:48:00,185,185,185,185,0
2021-12-22 12:49:00,185,185,185,185,0
2021-12-22 12:50:00,185,185,185,185,0
2021-12-22 12:51:00,185,185,185,185,0
2021-12-22 12:52:00,185,185,185,185,0
2021-12-22 12:53:00,185,185,185,185,0
2021-12-22 12:54:00,185,185,185,185,0
2021-12-22 12:55:00,185,185,185,185,0
2021-12-22 12:56:00,185,185,185,185,0
2021-12-22 12:57:00,185,185,185,185,0
2021-12-22 12:58:00,185,185,185,185,0
2021-12-22 12:59:00,185,185,185,185,0
2021-12-22 13:00:00,185,185,185,185,0
2021-12-22 13:01:00,185,185,185,185,0
2021-12-22 13:02:00,185,185,185,185,0
2021-12-22 13:03:00,185,185,185,185,0
2021-12-22 13:04:00,185,185,185,185,0
2021-12-22 13:05:00,185,185,185,185,0
2021-12-22 13:06:00,185,185,185,185,0
2021-12-22 13:07:00,185,185,185,185,0
2021-12-22 13:08:00,185,185,185,185,0
2021-12-22 13:09:00,185,185,185,185,0
2021-12-22 13:10:00,185,185,185,185,0
2021-12-22 13:11:00,185,185,185,185,0
2021-12-22 13:12:00,185,185,185,185,0
2021-12-22 13:13:00,185,185,185,185,0
2021-12-22 13:14:00,185,185,185,185,0
2021-12-22 13:15:00,185,185,185,185,0
2021-12-22 13:16:00,185,185,185,185,0
2021-12-22 13:17:00,185,185,185,185,0
2021-12-22 13:18:00,185,185,185,185,0
2021-12-22 13:19:00,185,185,185,185,0
2021-12-22 13:20:00,185,185,185,185,0
2021-12-22 13:21:00,185,185,185,185,0
2021-12-22 13:22:00,185,185,185,185,0
2021-12-22 13:23:00,185,185,185,185,0
2021-12-22 13:24:00,185,185,185,185,0
2021-12-22 13:25:00,185,185,185,185,0
2021-12-22 13:26:00,185,185,185,185,0
2021-12-22 13:27:00,185,185,185,185,0
2021-12-22 13:28:00,185,185,185,185,0
2021-12-22 13:29:00,185,185,185,185,0
2021-12-22 13:30:00,185,185,185,185,4200
2021-12-22 13:31:00,185,185,185,185,0
2021-12-22 13:32:00,185,185,185,185,400
2021-12-22 13:33:00,184,184,184,184,500
2021-12-22 13:34:00,184,184,184,184,0
2021-12-22 13:35:00,184,184,184,184,0
2021-12-22 13:36:00,184,184,184,184,0
2021-12-22 13:37:00,184,184,184,184,14100
2021-12-22 13:38:00,184,184,184,184,1500
2021-12-22 13:39:00,185,185,185,185,100
2021-12-22 13:40:00,185,185,185,185,200
2021-12-22 13:41:00,185,185,185,185,0
2021-12-22 13:42:00,185,185,185,185,0
2021-12-22 13:43:00,185,185,185,185,4000
2021-12-22 13:44:00,185,185,185,185,1200
2021-12-22 13:45:00,185,185,185,185,22000
2021-12-22 13:46:00,185,185,185,185,0
2021-12-22 13:47:00,185,185,185,185,0
2021-12-22 13:48:00,185,185,185,185,0
2021-12-22 13:49:00,185,185,185,185,10000
2021-12-22 13:50:00,185,185,185,185,0
2021-12-22 13:51:00,185,185,185,185,0
2021-12-22 13:52:00,185,185,185,185,5100
2021-12-22 13:53:00,185,185,185,185,0
2021-12-22 13:54:00,185,185,185,185,50000
2021-12-22 13:55:00,185,185,186,186,85000
2021-12-22 13:56:00,186,186,186,186,24300
2021-12-22 13:57:00,186,186,186,186,23400
2021-12-22 13:58:00,186,186,186,186,10000
2021-12-22 13:59:00,186,186,186,186,10000
2021-12-22 14:00:00,186,186,186,186,2300
2021-12-22 14:01:00,186,186,186,186,0
2021-12-22 14:02:00,186,186,186,186,0
2021-12-22 14:03:00,186,186,186,186,0
2021-12-22 14:04:00,186,186,186,186,0
2021-12-22 14:05:00,186,186,186,186,0
2021-12-22 14:06:00,186,186,186,186,0
2021-12-22 14:07:00,186,186,186,186,0
2021-12-22 14:08:00,186,186,186,186,110000
2021-12-22 14:09:00,186,186,186,186,0
2021-12-22 14:10:00,186,186,186,186,6000
2021-12-22 14:11:00,186,186,186,186,36800
2021-12-22 14:12:00,186,186,186,186,0
2021-12-22 14:13:00,186,186,186,186,0
2021-12-22 14:14:00,186,186,186,186,2600
2021-12-22 14:15:00,186,185,186,185,45700
2021-12-22 14:16:00,186,185,186,185,0
2021-12-22 14:17:00,185,185,185,185,202000
2021-12-22 14:18:00,185,185,185,185,300000
2021-12-22 14:19:00,185,185,186,185,15100
2021-12-22 14:20:00,185,185,186,185,0
2021-12-22 14:21:00,185,185,185,185,15000
2021-12-22 14:22:00,186,186,186,186,100
2021-12-22 14:23:00,186,186,186,186,0
2021-12-22 14:24:00,186,186,186,186,200
2021-12-22 14:25:00,186,186,186,186,0
2021-12-22 14:26:00,186,186,186,186,0
2021-12-22 14:27:00,185,185,185,185,100
2021-12-22 14:28:00,185,185,185,185,0
2021-12-22 14:29:00,185,185,185,185,0
2021-12-22 14:30:00,185,185,185,185,0
2021-12-22 14:31:00,185,185,185,185,0
2021-12-22 14:32:00,186,185,186,185,5200
2021-12-22 14:33:00,185,185,185,185,6600
2021-12-22 14:34:00,185,185,185,185,100
2021-12-22 14:35:00,185,185,185,185,0
2021-12-22 14:36:00,185,185,185,185,100
2021-12-22 14:37:00,185,185,185,185,21000
2021-12-22 14:38:00,185,185,185,185,0
2021-12-22 14:39:00,185,185,185,185,0
2021-12-22 14:40:00,185,185,185,185,0
2021-12-22 14:41:00,185,185,185,185,0
2021-12-22 14:42:00,185,185,185,185,50000
2021-12-22 14:43:00,185,185,185,185,7500
2021-12-22 14:44:00,185,185,185,185,0
2021-12-22 14:45:00,186,185,186,186,42400
2021-12-22 14:46:00,186,185,186,185,24800
2021-12-22 14:47:00,185,185,185,185,5400
2021-12-22 14:48:00,185,185,185,185,0
2021-12-22 14:49:00,185,185,185,185,15000
2021-12-22 14:50:00,185,185,185,185,0
2021-12-22 14:51:00,185,185,185,185,0
2021-12-22 14:52:00,185,185,185,185,0
2021-12-22 14:53:00,185,185,185,185,0
2021-12-22 14:54:00,185,185,185,185,0
2021-12-22 14:55:00,185,185,185,185,0
2021-12-22 14:56:00,185,185,185,185,0
2021-12-22 14:57:00,185,185,185,185,0
2021-12-22 14:58:00,185,185,185,185,0
2021-12-22 14:59:00,185,185,185,185,0
2021-12-22 15:00:00,186,186,186,186,150500
2021-12-22 15:01:00,186,186,186,186,1200
2021-12-22 15:02:00,186,186,186,186,0
2021-12-22 15:03:00,186,186,186,186,900
2021-12-22 15:04:00,186,186,186,186,0
2021-12-22 15:05:00,186,186,186,186,0
2021-12-22 15:06:00,186,186,186,186,21100
2021-12-22 15:07:00,186,186,186,186,180500
2021-12-22 15:08:00,186,186,186,186,0
2021-12-22 15:09:00,186,186,186,186,0
2021-12-22 15:10:00,186,186,186,186,2643300
2021-12-22 15:11:00,186,186,186,186,0
2021-12-22 15:12:00,186,186,186,186,0
2021-12-22 15:13:00,186,186,186,186,0
2021-12-22 15:14:00,186,186,186,186,0
2021-12-22 15:15:00,186,186,186,186,0
2021-12-22 15:16:00,186,186,186,186,0
2021-12-22 15:17:00,186,186,186,186,0
2021-12-22 15:18:00,186,186,186,186,0
2021-12-22 15:19:00,186,186,186,186,0
2021-12-22 15:20:00,186,186,186,186,0
2021-12-22 15:21:00,186,186,186,186,0
2021-12-22 15:22:00,186,186,186,186,0
2021-12-22 15:23:00,186,186,186,186,0
2021-12-22 15:24:00,186,186,186,186,0
2021-12-22 15:25:00,186,186,186,186,0
2021-12-22 15:26:00,186,186,186,186,0
2021-12-22 15:27:00,186,186,186,186,0
2021-12-22 15:28:00,186,186,186,186,0
2021-12-22 15:29:00,186,186,186,186,0
2021-12-22 15:30:00,186,186,186,186,0
2021-12-22 15:31:00,186,186,186,186,0
2021-12-22 15:32:00,186,186,186,186,0
2021-12-22 15:33:00,186,186,186,186,0
2021-12-22 15:34:00,186,186,186,186,0
2021-12-22 15:35:00,186,186,186,186,0
2021-12-22 15:36:00,186,186,186,186,0
2021-12-22 15:37:00,186,186,186,186,0
2021-12-22 15:38:00,186,186,186,186,0
2021-12-22 15:39:00,186,186,186,186,0
2021-12-22 15:40:00,186,186,186,186,0
2021-12-22 15:41:00,186,186,186,186,0
2021-12-22 15:42:00,186,186,186,186,0
2021-12-22 15:43:00,186,186,186,186,0
2021-12-22 15:44:00,186,186,186,186,0
2021-12-22 15:45:00,186,186,186,186,0
2021-12-22 15:46:00,186,186,186,186,0
2021-12-22 15:47:00,186,186,186,186,0
2021-12-22 15:48:00,186,186,186,186,0
2021-12-22 15:49:00,186,186,186,186,0
2021-12-22 15:50:00,186,186,186,186,0
2021-12-22 15:51:00,186,186,186,186,0
2021-12-22 15:52:00,186,186,186,186,0
2021-12-22 15:53:00,186,186,186,186,0
2021-12-22 15:54:00,186,186,186,186,0
2021-12-22 15:55:00,186,186,186,186,0
2021-12-22 15:56:00,186,186,186,186,0
2021-12-22 15:57:00,186,186,186,186,0
2021-12-22 15:58:00,186,186,186,186,0
2021-12-22 15:59:00,186,186,186,186,0
2021-12-23 09:00:00,188,187,188,187,0
2021-12-23 09:01:00,187,187,188,188,3500
2021-12-23 09:02:00,188,188,188,188,5000
2021-12-23 09:03:00,188,188,189,189,24400
2021-12-23 09:04:00,188,188,188,188,13900
2021-12-23 09:05:00,188,188,188,188,0
2021-12-23 09:06:00,188,188,188,188,50000
2021-12-23 09:07:00,188,188,188,188,100
2021-12-23 09:08:00,187,187,187,187,17400
2021-12-23 09:09:00,188,188,188,188,15400
2021-12-23 09:10:00,188,188,188,188,4600
2021-12-23 09:11:00,188,188,188,188,0
2021-12-23 09:12:00,187,187,187,187,5500
2021-12-23 09:13:00,187,187,187,187,600
2021-12-23 09:14:00,186,186,186,186,21000
2021-12-23 09:15:00,187,187,187,187,100
2021-12-23 09:16:00,186,186,186,186,10000
2021-12-23 09:17:00,186,186,186,186,1500
2021-12-23 09:18:00,186,186,187,187,58200
2021-12-23 09:19:00,187,187,187,187,2000
2021-12-23 09:20:00,187,187,187,187,17100
2021-12-23 09:21:00,187,187,187,187,0
2021-12-23 09:22:00,187,187,187,187,0
2021-12-23 09:23:00,187,187,187,187,0
2021-12-23 09:24:00,187,186,187,187,1200
2021-12-23 09:25:00,187,187,187,187,20200
2021-12-23 09:26:00,187,187,187,187,0
2021-12-23 09:27:00,188,188,188,188,1500
2021-12-23 09:28:00,187,187,187,187,15500
2021-12-23 09:29:00,187,187,187,187,0
2021-12-23 09:30:00,187,187,187,187,15100
2021-12-23 09:31:00,187,186,187,186,16900
2021-12-23 09:32:00,187,186,187,186,0
2021-12-23 09:33:00,187,186,187,186,0
2021-12-23 09:34:00,187,186,187,186,0
2021-12-23 09:35:00,186,186,186,186,5000
2021-12-23 09:36:00,186,186,186,186,0
2021-12-23 09:37:00,186,186,186,186,0
2021-12-23 09:38:00,186,186,186,186,2000
2021-12-23 09:39:00,186,186,186,186,3500
2021-12-23 09:40:00,186,186,186,186,7100
2021-12-23 09:41:00,186,186,186,186,0
2021-12-23 09:42:00,186,186,186,186,3700
2021-12-23 09:43:00,186,186,186,186,0
2021-12-23 09:44:00,186,186,186,186,4600
2021-12-23 09:45:00,186,186,186,186,0
2021-12-23 09:46:00,186,186,186,186,0
2021-12-23 09:47:00,186,186,186,186,0
2021-12-23 09:48:00,186,186,186,186,11800
2021-12-23 09:49:00,186,186,186,186,0
2021-12-23 09:50:00,186,186,186,186,0
2021-12-23 09:51:00,186,186,186,186,100
2021-12-23 09:52:00,186,186,186,186,200
2021-12-23 09:53:00,186,186,186,186,3000
2021-12-23 09:54:00,186,186,186,186,9600
2021-12-23 09:55:00,186,186,186,186,0
2021-12-23 09:56:00,186,186,186,186,0
2021-12-23 09:57:00,186,186,186,186,0
2021-12-23 09:58:00,186,186,186,186,0
2021-12-23 09:59:00,186,186,186,186,97700
2021-12-23 10:00:00,186,186,186,186,0
2021-12-23 10:01:00,185,185,185,185,18100
2021-12-23 10:02:00,185,185,185,185,0
2021-12-23 10:03:00,185,185,185,185,0
2021-12-23 10:04:00,185,185,185,185,0
2021-12-23 10:05:00,185,185,185,185,0
2021-12-23 10:06:00,185,185,185,185,0
2021-12-23 10:07:00,185,185,185,185,0
2021-12-23 10:08:00,185,185,185,185,800
2021-12-23 10:09:00,185,185,185,185,0
2021-12-23 10:10:00,185,185,185,185,0
2021-12-23 10:11:00,185,185,185,185,100
2021-12-23 10:12:00,185,184,185,184,152300
2021-12-23 10:13:00,185,184,185,184,0
2021-12-23 10:14:00,185,184,185,184,0
2021-12-23 10:15:00,185,185,185,185,66900
2021-12-23 10:16:00,185,185,185,185,3500
2021-12-23 10:17:00,185,185,185,185,0
2021-12-23 10:18:00,185,185,185,185,0
2021-12-23 10:19:00,185,185,185,185,0
2021-12-23 10:20:00,185,185,185,185,1000
2021-12-23 10:21:00,185,185,185,185,20000
2021-12-23 10:22:00,184,184,185,185,6900
2021-12-23 10:23:00,184,184,185,185,0
2021-12-23 10:24:00,184,184,185,185,0
2021-12-23 10:25:00,184,184,184,184,2500
2021-12-23 10:26:00,184,184,184,184,0
2021-12-23 10:27:00,184,184,184,184,0
2021-12-23 10:28:00,184,184,184,184,100
2021-12-23 10:29:00,184,184,184,184,10300
2021-12-23 10:30:00,184,184,184,184,0
2021-12-23 10:31:00,184,184,184,184,0
2021-12-23 10:32:00,185,185,185,185,50000
2021-12-23 10:33:00,185,185,185,185,0
2021-12-23 10:34:00,185,185,185,185,1100
2021-12-23 10:35:00,184,184,184,184,10000
2021-12-23 10:36:00,184,184,184,184,0
2021-12-23 10:37:00,184,184,184,184,6500
2021-12-23 10:38:00,184,184,184,184,0
2021-12-23 10:39:00,184,184,184,184,0
2021-12-23 10:40:00,185,185,185,185,400
2021-12-23 10:41:00,185,185,185,185,0
2021-12-23 10:42:00,185,185,185,185,1100
2021-12-23 10:43:00,184,184,185,185,6100
2021-12-23 10:44:00,184,184,185,185,0
2021-12-23 10:45:00,184,184,185,185,0
2021-12-23 10:46:00,184,184,185,185,0
2021-12-23 10:47:00,184,184,185,185,0
2021-12-23 10:48:00,184,184,185,185,0
2021-12-23 10:49:00,184,184,185,185,0
2021-12-23 10:50:00,184,184,185,185,0
2021-12-23 10:51:00,185,185,185,185,1000
2021-12-23 10:52:00,185,185,185,185,0
2021-12-23 10:53:00,185,185,185,185,0
2021-12-23 10:54:00,184,184,184,184,100
2021-12-23 10:55:00,184,184,184,184,0
2021-12-23 10:56:00,184,184,184,184,1200
2021-12-23 10:57:00,184,184,184,184,0
2021-12-23 10:58:00,184,184,184,184,0
2021-12-23 10:59:00,185,185,185,185,2500
2021-12-23 11:00:00,184,184,184,184,7500
2021-12-23 11:01:00,184,184,184,184,0
2021-12-23 11:02:00,184,184,184,184,200
2021-12-23 11:03:00,184,184,184,184,0
2021-12-23 11:04:00,184,184,184,184,5000
2021-12-23 11:05:00,184,184,185,185,105000
2021-12-23 11:06:00,184,184,185,185,0
2021-12-23 11:07:00,185,185,185,185,200
2021-12-23 11:08:00,185,185,185,185,0
2021-12-23 11:09:00,185,185,185,185,2200
2021-12-23 11:10:00,184,184,184,184,2500
2021-12-23 11:11:00,184,184,184,184,4100
2021-12-23 11:12:00,184,184,184,184,0
2021-12-23 11:13:00,184,184,184,184,4400
2021-12-23 11:14:00,184,184,184,184,0
2021-12-23 11:15:00,185,185,185,185,25000
2021-12-23 11:16:00,185,185,185,185,200
2021-12-23 11:17:00,184,184,184,184,9000
2021-12-23 11:18:00,184,184,184,184,55500
2021-12-23 11:19:00,184,184,184,184,1900
2021-12-23 11:20:00,184,184,184,184,0
2021-12-23 11:21:00,184,184,184,184,0
2021-12-23 11:22:00,184,184,184,184,0
2021-12-23 11:23:00,184,184,184,184,31900
2021-12-23 11:24:00,185,185,185,185,10100
2021-12-23 11:25:00,185,185,185,185,0
2021-12-23 11:26:00,185,185,185,185,6400
2021-12-23 11:27:00,185,185,185,185,0
2021-12-23 11:28:00,185,185,185,185,0
2021-12-23 11:29:00,185,185,185,185,0
2021-12-23 11:30:00,185,185,185,185,0
2021-12-23 11:31:00,185,185,185,185,0
2021-12-23 11:32:00,185,185,185,185,0
2021-12-23 11:33:00,185,185,185,185,0
2021-12-23 11:34:00,185,185,185,185,0
2021-12-23 11:35:00,185,185,185,185,0
2021-12-23 11:36:00,185,185,185,185,0
2021-12-23 11:37:00,185,185,185,185,0
2021-12-23 11:38:00,185,185,185,185,0
2021-12-23 11:39:00,185,185,185,185,0
2021-12-23 11:40:00,185,185,185,185,0
2021-12-23 11:41:00,185,185,185,185,0
2021-12-23 11:42:00,185,185,185,185,0
2021-12-23 11:43:00,185,185,185,185,0
2021-12-23 11:44:00,185,185,185,185,0
2021-12-23 11:45:00,185,185,185,185,0
2021-12-23 11:46:00,185,185,185,185,0
2021-12-23 11:47:00,185,185,185,185,0
2021-12-23 11:48:00,185,185,185,185,0
2021-12-23 11:49:00,185,185,185,185,0
2021-12-23 11:50:00,185,185,185,185,0
2021-12-23 11:51:00,185,185,185,185,0
2021-12-23 11:52:00,185,185,185,185,0
2021-12-23 11:53:00,185,185,185,185,0
2021-12-23 11:54:00,185,185,185,185,0
2021-12-23 11:55:00,185,185,185,185,0
2021-12-23 11:56:00,185,185,185,185,0
2021-12-23 11:57:00,185,185,185,185,0
2021-12-23 11:58:00,185,185,185,185,0
2021-12-23 11:59:00,185,185,185,185,0
2021-12-23 12:00:00,185,185,185,185,0
2021-12-23 12:01:00,185,185,185,185,0
2021-12-23 12:02:00,185,185,185,185,0
2021-12-23 12:03:00,185,185,185,185,0
2021-12-23 12:04:00,185,185,185,185,0
2021-12-23 12:05:00,185,185,185,185,0
2021-12-23 12:06:00,185,185,185,185,0
2021-12-23 12:07:00,185,185,185,185,0
2021-12-23 12:08:00,185,185,185,185,0
2021-12-23 12:09:00,185,185,185,185,0
2021-12-23 12:10:00,185,185,185,185,0
2021-12-23 12:11:00,185,185,185,185,0
2021-12-23 12:12:00,185,185,185,185,0
2021-12-23 12:13:00,185,185,185,185,0
2021-12-23 12:14:00,185,185,185,185,0
2021-12-23 12:15:00,185,185,185,185,0
2021-12-23 12:16:00,185,185,185,185,0
2021-12-23 12:17:00,185,185,185,185,0
2021-12-23 12:18:00,185,185,185,185,0
2021-12-23 12:19:00,185,185,185,185,0
2021-12-23 12:20:00,185,185,185,185,0
2021-12-23 12:21:00,185,185,185,185,0
2021-12-23 12:22:00,185,185,185,185,0
2021-12-23 12:23:00,185,185,185,185,0
2021-12-23 12:24:00,185,185,185,185,0
2021-12-23 12:25:00,185,185,185,185,0
2021-12-23 12:26:00,185,185,185,185,0
2021-12-23 12:27:00,185,185,185,185,0
2021-12-23 12:28:00,185,185,185,185,0
2021-12-23 12:29:00,185,185,185,185,0
2021-12-23 12:30:00,185,185,185,185,0
2021-12-23 12:31:00,185,185,185,185,0
2021-12-23 12:32:00,185,185,185,185,0
2021-12-23 12:33:00,185,185,185,185,0
2021-12-23 12:34:00,185,185,185,185,0
2021-12-23 12:35:00,185,185,185,185,0
2021-12-23 12:36:00,185,185,185,185,0
2021-12-23 12:37:00,185,185,185,185,0
2021-12-23 12:38:00,185,185,185,185,0
2021-12-23 12:39:00,185,185,185,185,0
2021-12-23 12:40:00,185,185,185,185,0
2021-12-23 12:41:00,185,185,185,185,0
2021-12-23 12:42:00,185,185,185,185,0
2021-12-23 12:43:00,185,185,185,185,0
2021-12-23 12:44:00,185,185,185,185,0
2021-12-23 12:45:00,185,185,185,185,0
2021-12-23 12:46:00,185,185,185,185,0
2021-12-23 12:47:00,185,185,185,185,0
2021-12-23 12:48:00,185,185,185,185,0
2021-12-23 12:49:00,185,185,185,185,0
2021-12-23 12:50:00,185,185,185,185,0
2021-12-23 12:51:00,185,185,185,185,0
2021-12-23 12:52:00,185,185,185,185,0
2021-12-23 12:53:00,185,185,185,185,0
2021-12-23 12:54:00,185,185,185,185,0
2021-12-23 12:55:00,185,185,185,185,0
2021-12-23 12:56:00,185,185,185,185,0
2021-12-23 12:57:00,185,185,185,185,0
2021-12-23 12:58:00,185,185,185,185,0
2021-12-23 12:59:00,185,185,185,185,0
2021-12-23 13:00:00,185,185,185,185,0
2021-12-23 13:01:00,185,185,185,185,0
2021-12-23 13:02:00,185,185,185,185,0
2021-12-23 13:03:00,185,185,185,185,0
2021-12-23 13:04:00,185,185,185,185,0
2021-12-23 13:05:00,185,185,185,185,0
2021-12-23 13:06:00,185,185,185,185,0
2021-12-23 13:07:00,185,185,185,185,0
2021-12-23 13:08:00,185,185,185,185,0
2021-12-23 13:09:00,185,185,185,185,0
2021-12-23 13:10:00,185,185,185,185,0
2021-12-23 13:11:00,185,185,185,185,0
2021-12-23 13:12:00,185,185,185,185,0
2021-12-23 13:13:00,185,185,185,185,0
2021-12-23 13:14:00,185,185,185,185,0
2021-12-23 13:15:00,185,185,185,185,0
2021-12-23 13:16:00,185,185,185,185,0
2021-12-23 13:17:00,185,185,185,185,0
2021-12-23 13:18:00,185,185,185,185,0
2021-12-23 13:19:00,185,185,185,185,0
2021-12-23 13:20:00,185,185,185,185,0
2021-12-23 13:21:00,185,185,185,185,0
2021-12-23 13:22:00,185,185,185,185,0
2021-12-23 13:23:00,185,185,185,185,0
2021-12-23 13:24:00,185,185,185,185,0
2021-12-23 13:25:00,185,185,185,185,0
2021-12-23 13:26:00,185,185,185,185,0
2021-12-23 13:27:00,185,185,185,185,0
2021-12-23 13:28:00,185,185,185,185,0
2021-12-23 13:29:00,185,185,185,185,0
2021-12-23 13:30:00,185,185,185,185,51400
2021-12-23 13:31:00,185,185,185,185,0
2021-12-23 13:32:00,185,185,185,185,0
2021-12-23 13:33:00,185,185,185,185,0
2021-12-23 13:34:00,185,185,185,185,500
2021-12-23 13:35:00,185,185,185,185,0
2021-12-23 13:36:00,185,185,185,185,0
2021-12-23 13:37:00,185,185,185,185,0
2021-12-23 13:38:00,185,185,185,185,0
2021-12-23 13:39:00,185,185,185,185,0
2021-12-23 13:40:00,185,185,185,185,0
2021-12-23 13:41:00,185,185,185,185,100
2021-12-23 13:42:00,185,185,185,185,0
2021-12-23 13:43:00,185,185,185,185,2500
2021-12-23 13:44:00,185,185,185,185,0
2021-12-23 13:45:00,185,185,185,185,0
2021-12-23 13:46:00,185,185,185,185,0
2021-12-23 13:47:00,185,184,185,184,188700
2021-12-23 13:48:00,185,184,185,184,0
2021-12-23 13:49:00,184,184,184,184,12600
2021-12-23 13:50:00,184,184,184,184,0
2021-12-23 13:51:00,185,185,185,185,100
2021-12-23 13:52:00,184,184,184,184,13400
2021-12-23 13:53:00,184,184,184,184,0
2021-12-23 13:54:00,184,184,184,184,2000
2021-12-23 13:55:00,184,184,184,184,0
2021-12-23 13:56:00,184,184,184,184,0
2021-12-23 13:57:00,184,184,184,184,0
2021-12-23 13:58:00,184,184,184,184,0
2021-12-23 13:59:00,184,184,185,185,3500
2021-12-23 14:00:00,184,184,185,185,0
2021-12-23 14:01:00,184,184,185,185,0
2021-12-23 14:02:00,184,184,185,185,0
2021-12-23 14:03:00,184,184,185,185,0
2021-12-23 14:04:00,184,184,185,185,0
2021-12-23 14:05:00,185,185,185,185,500
2021-12-23 14:06:00,185,185,185,185,0
2021-12-23 14:07:00,185,185,185,185,10000
2021-12-23 14:08:00,185,185,185,185,0
2021-12-23 14:09:00,184,184,184,184,10000
2021-12-23 14:10:00,184,184,184,184,0
2021-12-23 14:11:00,184,184,184,184,0
2021-12-23 14:12:00,184,184,184,184,1500
2021-12-23 14:13:00,184,184,184,184,0
2021-12-23 14:14:00,184,184,184,184,2000
2021-12-23 14:15:00,184,184,184,184,0
2021-12-23 14:16:00,184,184,184,184,0
2021-12-23 14:17:00,184,184,184,184,0
2021-12-23 14:18:00,184,184,184,184,0
2021-12-23 14:19:00,184,184,184,184,0
2021-12-23 14:20:00,184,184,184,184,0
2021-12-23 14:21:00,184,184,184,184,0
2021-12-23 14:22:00,184,184,184,184,24100
2021-12-23 14:23:00,184,184,184,184,0
2021-12-23 14:24:00,184,184,184,184,0
2021-12-23 14:25:00,184,184,184,184,0
2021-12-23 14:26:00,184,184,184,184,200
2021-12-23 14:27:00,185,185,185,185,138900
2021-12-23 14:28:00,186,186,186,186,5600
2021-12-23 14:29:00,186,186,186,186,0
2021-12-23 14:30:00,186,186,186,186,200
2021-12-23 14:31:00,185,185,185,185,500
2021-12-23 14:32:00,185,185,185,185,0
2021-12-23 14:33:00,185,185,185,185,0
2021-12-23 14:34:00,185,184,185,184,10100
2021-12-23 14:35:00,185,185,185,185,4900
2021-12-23 14:36:00,185,185,185,185,0
2021-12-23 14:37:00,185,185,185,185,100
2021-12-23 14:38:00,185,185,185,185,0
2021-12-23 14:39:00,185,185,185,185,2000
2021-12-23 14:40:00,185,185,185,185,20000
2021-12-23 14:41:00,185,185,186,186,500
2021-12-23 14:42:00,185,185,186,186,0
2021-12-23 14:43:00,185,185,185,185,2800
2021-12-23 14:44:00,185,185,185,185,0
2021-12-23 14:45:00,185,185,185,185,100
2021-12-23 14:46:00,185,185,185,185,0
2021-12-23 14:47:00,185,185,185,185,0
2021-12-23 14:48:00,185,185,185,185,9900
2021-12-23 14:49:00,185,185,185,185,0
2021-12-23 14:50:00,185,185,185,185,0
2021-12-23 14:51:00,185,185,185,185,0
2021-12-23 14:52:00,185,185,185,185,0
2021-12-23 14:53:00,185,185,185,185,0
2021-12-23 14:54:00,185,185,185,185,0
2021-12-23 14:55:00,185,185,185,185,0
2021-12-23 14:56:00,185,185,185,185,0
2021-12-23 14:57:00,185,185,185,185,0
2021-12-23 14:58:00,185,185,185,185,0
2021-12-23 14:59:00,185,185,185,185,0
2021-12-23 15:00:00,184,184,184,184,287100
2021-12-23 15:01:00,184,184,184,184,18200
2021-12-23 15:02:00,184,184,184,184,10000
2021-12-23 15:03:00,184,184,184,184,0
2021-12-23 15:04:00,184,184,184,184,0
2021-12-23 15:05:00,184,184,184,184,0
2021-12-23 15:06:00,184,184,184,184,31500
2021-12-23 15:07:00,184,184,184,184,0
2021-12-23 15:08:00,184,184,184,184,100
2021-12-23 15:09:00,184,184,184,184,0
2021-12-23 15:10:00,184,184,184,184,0
2021-12-23 15:11:00,184,184,184,184,0
2021-12-23 15:12:00,184,184,184,184,20000
2021-12-23 15:13:00,184,184,184,184,138100
2021-12-23 15:14:00,184,184,184,184,0
2021-12-23 15:15:00,184,184,184,184,0
2021-12-23 15:16:00,184,184,184,184,0
2021-12-23 15:17:00,184,184,184,184,0
2021-12-23 15:18:00,184,184,184,184,0
2021-12-23 15:19:00,184,184,184,184,0
2021-12-23 15:20:00,184,184,184,184,0
2021-12-23 15:21:00,184,184,184,184,0
2021-12-23 15:22:00,184,184,184,184,0
2021-12-23 15:23:00,184,184,184,184,0
2021-12-23 15:24:00,184,184,184,184,0
2021-12-23 15:25:00,184,184,184,184,0
2021-12-23 15:26:00,184,184,184,184,0
2021-12-23 15:27:00,184,184,184,184,0
2021-12-23 15:28:00,184,184,184,184,0
2021-12-23 15:29:00,184,184,184,184,0
2021-12-23 15:30:00,184,184,184,184,0
2021-12-23 15:31:00,184,184,184,184,0
2021-12-23 15:32:00,184,184,184,184,0
2021-12-23 15:33:00,184,184,184,184,0
2021-12-23 15:34:00,184,184,184,184,0
2021-12-23 15:35:00,184,184,184,184,0
2021-12-23 15:36:00,184,184,184,184,0
2021-12-23 15:37:00,184,184,184,184,0
2021-12-23 15:38:00,184,184,184,184,0
2021-12-23 15:39:00,184,184,184,184,0
2021-12-23 15:40:00,184,184,184,184,0
2021-12-23 15:41:00,184,184,184,184,0
2021-12-23 15:42:00,184,184,184,184,0
2021-12-23 15:43:00,184,184,184,184,0
2021-12-23 15:44:00,184,184,184,184,0
2021-12-23 15:45:00,184,184,184,184,0
2021-12-23 15:46:00,184,184,184,184,0
2021-12-23 15:47:00,184,184,184,184,0
2021-12-23 15:48:00,184,184,184,184,0
2021-12-23 15:49:00,184,184,184,184,0
2021-12-23 15:50:00,184,184,184,184,0
2021-12-23 15:51:00,184,184,184,184,0
2021-12-23 15:52:00,184,184,184,184,0
2021-12-23 15:53:00,184,184,184,184,0
2021-12-23 15:54:00,184,184,184,184,0
2021-12-23 15:55:00,184,184,184,184,0
2021-12-23 15:56:00,184,184,184,184,0
2021-12-23 15:57:00,184,184,184,184,0
2021-12-23 15:58:00,184,184,184,184,0
2021-12-23 15:59:00,184,184,184,184,0
2021-12-24 09:00:00,184,184,184,184,0
2021-12-24 09:01:00,184,184,184,184,0
2021-12-24 09:02:00,184,184,184,184,100
2021-12-24 09:03:00,184,184,184,184,0
2021-12-24 09:04:00,184,184,184,184,0
2021-12-24 09:05:00,184,184,184,184,0
2021-12-24 09:06:00,185,185,185,185,6000
2021-12-24 09:07:00,185,185,185,185,0
2021-12-24 09:08:00,185,185,185,185,2100
2021-12-24 09:09:00,186,185,186,185,13100
2021-12-24 09:10:00,185,185,185,185,20000
2021-12-24 09:11:00,185,185,185,185,200
2021-12-24 09:12:00,185,185,185,185,100
2021-12-24 09:13:00,185,185,185,185,0
2021-12-24 09:14:00,185,185,185,185,100
2021-12-24 09:15:00,185,185,185,185,0
2021-12-24 09:16:00,185,185,185,185,0
2021-12-24 09:17:00,185,185,185,185,3500
2021-12-24 09:18:00,185,185,185,185,5000
2021-12-24 09:19:00,185,185,185,185,0
2021-12-24 09:20:00,185,185,185,185,100
2021-12-24 09:21:00,185,185,185,185,0
2021-12-24 09:22:00,185,185,185,185,0
2021-12-24 09:23:00,185,185,185,185,0
2021-12-24 09:24:00,186,186,186,186,100
2021-12-24 09:25:00,186,186,186,186,2500
2021-12-24 09:26:00,186,186,186,186,0
2021-12-24 09:27:00,186,186,186,186,0
2021-12-24 09:28:00,186,186,186,186,1000
2021-12-24 09:29:00,186,186,186,186,0
2021-12-24 09:30:00,186,186,186,186,0
2021-12-24 09:31:00,186,186,186,186,0
2021-12-24 09:32:00,186,186,186,186,0
2021-12-24 09:33:00,186,186,186,186,0
2021-12-24 09:34:00,186,186,186,186,0
2021-12-24 09:35:00,186,186,186,186,100
2021-12-24 09:36:00,186,186,186,186,0
2021-12-24 09:37:00,186,186,186,186,100
2021-12-24 09:38:00,186,186,186,186,0
2021-12-24 09:39:00,186,186,186,186,0
2021-12-24 09:40:00,186,186,186,186,0
2021-12-24 09:41:00,186,186,186,186,0
2021-12-24 09:42:00,186,186,186,186,0
2021-12-24 09:43:00,186,186,186,186,0
2021-12-24 09:44:00,185,185,185,185,25000
2021-12-24 09:45:00,185,185,185,185,28300
2021-12-24 09:46:00,185,185,186,186,1100
2021-12-24 09:47:00,186,186,186,186,100
2021-12-24 09:48:00,186,186,186,186,3200
2021-12-24 09:49:00,186,186,186,186,2500
2021-12-24 09:50:00,185,185,185,185,500
2021-12-24 09:51:00,184,184,184,184,100
2021-12-24 09:52:00,185,185,185,185,100
2021-12-24 09:53:00,185,184,185,184,300
2021-12-24 09:54:00,185,184,185,184,0
2021-12-24 09:55:00,185,184,185,184,0
2021-12-24 09:56:00,185,185,185,185,1500
2021-12-24 09:57:00,185,185,185,185,10700
2021-12-24 09:58:00,185,185,185,185,0
2021-12-24 09:59:00,185,185,185,185,0
2021-12-24 10:00:00,185,185,185,185,0
2021-12-24 10:01:00,185,185,185,185,0
2021-12-24 10:02:00,185,185,185,185,0
2021-12-24 10:03:00,185,185,185,185,0
2021-12-24 10:04:00,185,185,185,185,0
2021-12-24 10:05:00,185,185,185,185,0
2021-12-24 10:06:00,185,185,185,185,0
2021-12-24 10:07:00,185,185,185,185,0
2021-12-24 10:08:00,185,185,185,185,0
2021-12-24 10:09:00,186,186,186,186,30500
2021-12-24 10:10:00,186,186,186,186,0
2021-12-24 10:11:00,186,186,186,186,0
2021-12-24 10:12:00,186,186,186,186,0
2021-12-24 10:13:00,186,186,186,186,0
2021-12-24 10:14:00,185,185,185,185,18700
2021-12-24 10:15:00,185,185,185,185,100
2021-12-24 10:16:00,185,185,185,185,50000
2021-12-24 10:17:00,185,185,185,185,0
2021-12-24 10:18:00,185,185,185,185,0
2021-12-24 10:19:00,185,185,185,185,1700
2021-12-24 10:20:00,185,185,185,185,0
2021-12-24 10:21:00,185,185,185,185,100
2021-12-24 10:22:00,185,185,185,185,0
2021-12-24 10:23:00,185,185,185,185,0
2021-12-24 10:24:00,185,185,185,185,0
2021-12-24 10:25:00,185,185,185,185,100
2021-12-24 10:26:00,185,185,185,185,0
2021-12-24 10:27:00,185,185,185,185,5000
2021-12-24 10:28:00,185,185,185,185,10000
2021-12-24 10:29:00,185,185,185,185,0
2021-12-24 10:30:00,185,185,185,185,0
2021-12-24 10:31:00,185,185,185,185,20000
2021-12-24 10:32:00,185,185,185,185,0
2021-12-24 10:33:00,185,185,185,185,0
2021-12-24 10:34:00,185,185,185,185,0
2021-12-24 10:35:00,185,185,185,185,0
2021-12-24 10:36:00,185,185,185,185,0
2021-12-24 10:37:00,185,185,185,185,100
2021-12-24 10:38:00,185,185,185,185,0
2021-12-24 10:39:00,185,185,185,185,0
2021-12-24 10:40:00,185,185,185,185,0
2021-12-24 10:41:00,185,185,185,185,0
2021-12-24 10:42:00,185,185,185,185,0
2021-12-24 10:43:00,185,185,185,185,0
2021-12-24 10:44:00,185,185,185,185,0
2021-12-24 10:45:00,185,185,185,185,110000
2021-12-24 10:46:00,185,185,185,185,0
2021-12-24 10:47:00,185,185,185,185,1500
2021-12-24 10:48:00,185,185,185,185,7300
2021-12-24 10:49:00,185,185,185,185,0
2021-12-24 10:50:00,185,185,185,185,0
2021-12-24 10:51:00,185,185,185,185,13500
2021-12-24 10:52:00,185,185,185,185,13400
2021-12-24 10:53:00,185,185,185,185,0
2021-12-24 10:54:00,185,185,185,185,1000
2021-12-24 10:55:00,185,185,185,185,0
2021-12-24 10:56:00,185,185,185,185,5600
2021-12-24 10:57:00,185,185,185,185,200
2021-12-24 10:58:00,185,185,185,185,0
2021-12-24 10:59:00,185,185,185,185,0
2021-12-24 11:00:00,185,185,185,185,0
2021-12-24 11:01:00,185,184,185,184,101600
2021-12-24 11:02:00,185,184,185,184,0
2021-12-24 11:03:00,185,185,185,185,1000
2021-12-24 11:04:00,185,185,185,185,0
2021-12-24 11:05:00,185,185,185,185,0
2021-12-24 11:06:00,185,185,185,185,0
2021-12-24 11:07:00,185,185,185,185,0
2021-12-24 11:08:00,185,185,185,185,0
2021-12-24 11:09:00,185,185,185,185,0
2021-12-24 11:10:00,185,185,185,185,0
2021-12-24 11:11:00,185,185,185,185,0
2021-12-24 11:12:00,185,185,185,185,0
2021-12-24 11:13:00,186,186,186,186,600
2021-12-24 11:14:00,186,186,186,186,0
2021-12-24 11:15:00,186,186,186,186,0
2021-12-24 11:16:00,185,185,185,185,100
2021-12-24 11:17:00,185,185,185,185,0
2021-12-24 11:18:00,185,185,185,185,0
2021-12-24 11:19:00,185,185,185,185,0
2021-12-24 11:20:00,185,185,185,185,0
2021-12-24 11:21:00,185,185,185,185,0
2021-12-24 11:22:00,185,185,185,185,1200
2021-12-24 11:23:00,186,186,186,186,100000
2021-12-24 11:24:00,186,186,186,186,0
2021-12-24 11:25:00,185,185,185,185,50400
2021-12-24 11:26:00,185,185,185,185,100000
2021-12-24 11:27:00,185,185,185,185,0
2021-12-24 11:28:00,185,185,185,185,0
2021-12-24 11:29:00,185,185,185,185,0
2021-12-24 11:30:00,185,185,185,185,0
2021-12-24 11:31:00,185,185,185,185,0
2021-12-24 11:32:00,185,185,185,185,0
2021-12-24 11:33:00,185,185,185,185,0
2021-12-24 11:34:00,185,185,185,185,0
2021-12-24 11:35:00,185,185,185,185,0
2021-12-24 11:36:00,185,185,185,185,0
2021-12-24 11:37:00,185,185,185,185,0
2021-12-24 11:38:00,185,185,185,185,0
2021-12-24 11:39:00,185,185,185,185,0
2021-12-24 11:40:00,185,185,185,185,0
2021-12-24 11:41:00,185,185,185,185,0
2021-12-24 11:42:00,185,185,185,185,0
2021-12-24 11:43:00,185,185,185,185,0
2021-12-24 11:44:00,185,185,185,185,0
2021-12-24 11:45:00,185,185,185,185,0
2021-12-24 11:46:00,185,185,185,185,0
2021-12-24 11:47:00,185,185,185,185,0
2021-12-24 11:48:00,185,185,185,185,0
2021-12-24 11:49:00,185,185,185,185,0
2021-12-24 11:50:00,185,185,185,185,0
2021-12-24 11:51:00,185,185,185,185,0
2021-12-24 11:52:00,185,185,185,185,0
2021-12-24 11:53:00,185,185,185,185,0
2021-12-24 11:54:00,185,185,185,185,0
2021-12-24 11:55:00,185,185,185,185,0
2021-12-24 11:56:00,185,185,185,185,0
2021-12-24 11:57:00,185,185,185,185,0
2021-12-24 11:58:00,185,185,185,185,0
2021-12-24 11:59:00,185,185,185,185,0
2021-12-24 12:00:00,185,185,185,185,0
2021-12-24 12:01:00,185,185,185,185,0
2021-12-24 12:02:00,185,185,185,185,0
2021-12-24 12:03:00,185,185,185,185,0
2021-12-24 12:04:00,185,185,185,185,0
2021-12-24 12:05:00,185,185,185,185,0
2021-12-24 12:06:00,185,185,185,185,0
2021-12-24 12:07:00,185,185,185,185,0
2021-12-24 12:08:00,185,185,185,185,0
2021-12-24 12:09:00,185,185,185,185,0
2021-12-24 12:10:00,185,185,185,185,0
2021-12-24 12:11:00,185,185,185,185,0
2021-12-24 12:12:00,185,185,185,185,0
2021-12-24 12:13:00,185,185,185,185,0
2021-12-24 12:14:00,185,185,185,185,0
2021-12-24 12:15:00,185,185,185,185,0
2021-12-24 12:16:00,185,185,185,185,0
2021-12-24 12:17:00,185,185,185,185,0
2021-12-24 12:18:00,185,185,185,185,0
2021-12-24 12:19:00,185,185,185,185,0
2021-12-24 12:20:00,185,185,185,185,0
2021-12-24 12:21:00,185,185,185,185,0
2021-12-24 12:22:00,185,185,185,185,0
2021-12-24 12:23:00,185,185,185,185,0
2021-12-24 12:24:00,185,185,185,185,0
2021-12-24 12:25:00,185,185,185,185,0
2021-12-24 12:26:00,185,185,185,185,0
2021-12-24 12:27:00,185,185,185,185,0
2021-12-24 12:28:00,185,185,185,185,0
2021-12-24 12:29:00,185,185,185,185,0
2021-12-24 12:30:00,185,185,185,185,0
2021-12-24 12:31:00,185,185,185,185,0
2021-12-24 12:32:00,185,185,185,185,0
2021-12-24 12:33:00,185,185,185,185,0
2021-12-24 12:34:00,185,185,185,185,0
2021-12-24 12:35:00,185,185,185,185,0
2021-12-24 12:36:00,185,185,185,185,0
2021-12-24 12:37:00,185,185,185,185,0
2021-12-24 12:38:00,185,185,185,185,0
2021-12-24 12:39:00,185,185,185,185,0
2021-12-24 12:40:00,185,185,185,185,0
2021-12-24 12:41:00,185,185,185,185,0
2021-12-24 12:42:00,185,185,185,185,0
2021-12-24 12:43:00,185,185,185,185,0
2021-12-24 12:44:00,185,185,185,185,0
2021-12-24 12:45:00,185,185,185,185,0
2021-12-24 12:46:00,185,185,185,185,0
2021-12-24 12:47:00,185,185,185,185,0
2021-12-24 12:48:00,185,185,185,185,0
2021-12-24 12:49:00,185,185,185,185,0
2021-12-24 12:50:00,185,185,185,185,0
2021-12-24 12:51:00,185,185,185,185,0
2021-12-24 12:52:00,185,185,185,185,0
2021-12-24 12:53:00,185,185,185,185,0
2021-12-24 12:54:00,185,185,185,185,0
2021-12-24 12:55:00,185,185,185,185,0
2021-12-24 12:56:00,185,185,185,185,0
2021-12-24 12:57:00,185,185,185,185,0
2021-12-24 12:58:00,185,185,185,185,0
2021-12-24 12:59:00,185,185,185,185,0
2021-12-24 13:00:00,185,185,185,185,0
2021-12-24 13:01:00,185,185,185,185,0
2021-12-24 13:02:00,185,185,185,185,0
2021-12-24 13:03:00,185,185,185,185,0
2021-12-24 13:04:00,185,185,185,185,0
2021-12-24 13:05:00,185,185,185,185,0
2021-12-24 13:06:00,185,185,185,185,0
2021-12-24 13:07:00,185,185,185,185,0
2021-12-24 13:08:00,185,185,185,185,0
2021-12-24 13:09:00,185,185,185,185,0
2021-12-24 13:10:00,185,185,185,185,0
2021-12-24 13:11:00,185,185,185,185,0
2021-12-24 13:12:00,185,185,185,185,0
2021-12-24 13:13:00,185,185,185,185,0
2021-12-24 13:14:00,185,185,185,185,0
2021-12-24 13:15:00,185,185,185,185,0
2021-12-24 13:16:00,185,185,185,185,0
2021-12-24 13:17:00,185,185,185,185,0
2021-12-24 13:18:00,185,185,185,185,0
2021-12-24 13:19:00,185,185,185,185,0
2021-12-24 13:20:00,185,185,185,185,0
2021-12-24 13:21:00,185,185,185,185,0
2021-12-24 13:22:00,185,185,185,185,0
2021-12-24 13:23:00,185,185,185,185,0
2021-12-24 13:24:00,185,185,185,185,0
2021-12-24 13:25:00,185,185,185,185,0
2021-12-24 13:26:00,185,185,185,185,0
2021-12-24 13:27:00,185,185,185,185,0
2021-12-24 13:28:00,185,185,185,185,0
2021-12-24 13:29:00,185,185,185,185,0
2021-12-24 13:30:00,185,185,185,185,308200
2021-12-24 13:31:00,185,185,185,185,0
2021-12-24 13:32:00,185,185,185,185,0
2021-12-24 13:33:00,185,185,185,185,0
2021-12-24 13:34:00,185,185,185,185,0
2021-12-24 13:35:00,185,185,185,185,0
2021-12-24 13:36:00,185,185,185,185,0
2021-12-24 13:37:00,185,185,185,185,2000
2021-12-24 13:38:00,185,185,185,185,100
2021-12-24 13:39:00,185,185,185,185,0
2021-12-24 13:40:00,185,185,185,185,0
2021-12-24 13:41:00,185,185,185,185,300
2021-12-24 13:42:00,185,185,185,185,0
2021-12-24 13:43:00,185,185,185,185,0
2021-12-24 13:44:00,185,185,185,185,0
2021-12-24 13:45:00,184,184,184,184,4000
2021-12-24 13:46:00,185,185,185,185,500
2021-12-24 13:47:00,184,184,184,184,24500
2021-12-24 13:48:00,184,184,184,184,0
2021-12-24 13:49:00,184,184,184,184,0
2021-12-24 13:50:00,184,184,184,184,0
2021-12-24 13:51:00,184,184,184,184,10900
2021-12-24 13:52:00,184,184,184,184,70000
2021-12-24 13:53:00,184,184,184,184,0
2021-12-24 13:54:00,184,184,184,184,100000
2021-12-24 13:55:00,184,184,184,184,0
2021-12-24 13:56:00,184,184,184,184,1300
2021-12-24 13:57:00,184,184,184,184,0
2021-12-24 13:58:00,184,184,184,184,20500
2021-12-24 13:59:00,184,184,184,184,0
2021-12-24 14:00:00,184,184,184,184,0
2021-12-24 14:01:00,184,184,184,184,75000
2021-12-24 14:02:00,184,184,184,184,0
2021-12-24 14:03:00,184,184,184,184,5000
2021-12-24 14:04:00,184,184,184,184,5300
2021-12-24 14:05:00,184,184,184,184,0
2021-12-24 14:06:00,184,184,184,184,0
2021-12-24 14:07:00,184,184,184,184,0
2021-12-24 14:08:00,184,184,184,184,10000
2021-12-24 14:09:00,184,184,184,184,0
2021-12-24 14:10:00,184,184,185,185,1100
2021-12-24 14:11:00,184,184,184,184,140000
2021-12-24 14:12:00,184,184,184,184,15500
2021-12-24 14:13:00,183,183,184,184,5200
2021-12-24 14:14:00,184,184,184,184,500
2021-12-24 14:15:00,184,184,184,184,200
2021-12-24 14:16:00,184,184,184,184,500
2021-12-24 14:17:00,184,184,184,184,0
2021-12-24 14:18:00,183,183,183,183,50000
2021-12-24 14:19:00,183,183,183,183,0
2021-12-24 14:20:00,184,184,184,184,2400
2021-12-24 14:21:00,184,184,184,184,0
2021-12-24 14:22:00,184,184,184,184,100
2021-12-24 14:23:00,184,184,184,184,100
2021-12-24 14:24:00,184,184,184,184,500
2021-12-24 14:25:00,184,184,184,184,0
2021-12-24 14:26:00,184,184,184,184,0
2021-12-24 14:27:00,184,184,184,184,0
2021-12-24 14:28:00,184,184,184,184,0
2021-12-24 14:29:00,184,184,184,184,0
2021-12-24 14:30:00,184,184,184,184,200
2021-12-24 14:31:00,184,184,184,184,2300
2021-12-24 14:32:00,184,184,184,184,4000
2021-12-24 14:33:00,184,183,184,183,11900
2021-12-24 14:34:00,184,184,184,184,100
2021-12-24 14:35:00,184,184,184,184,0
2021-12-24 14:36:00,184,183,184,183,2800
2021-12-24 14:37:00,184,183,184,183,0
2021-12-24 14:38:00,184,183,184,183,0
2021-12-24 14:39:00,184,183,184,183,0
2021-12-24 14:40:00,184,184,184,184,100
2021-12-24 14:41:00,183,183,184,184,105300
2021-12-24 14:42:00,184,184,184,184,400
2021-12-24 14:43:00,183,183,184,184,2800
2021-12-24 14:44:00,183,183,184,184,0
2021-12-24 14:45:00,183,183,183,183,110000
2021-12-24 14:46:00,184,184,184,184,2400
2021-12-24 14:47:00,184,184,184,184,600
2021-12-24 14:48:00,184,184,184,184,200
2021-12-24 14:49:00,184,184,184,184,2700
2021-12-24 14:50:00,184,184,184,184,0
2021-12-24 14:51:00,184,184,184,184,0
2021-12-24 14:52:00,184,184,184,184,0
2021-12-24 14:53:00,184,184,184,184,0
2021-12-24 14:54:00,184,184,184,184,0
2021-12-24 14:55:00,184,184,184,184,0
2021-12-24 14:56:00,184,184,184,184,0
2021-12-24 14:57:00,184,184,184,184,0
2021-12-24 14:58:00,184,184,184,184,0
2021-12-24 14:59:00,184,184,184,184,0
2021-12-24 15:00:00,183,183,183,183,50000
2021-12-24 15:01:00,183,183,183,183,4300
2021-12-24 15:02:00,183,183,183,183,79600
2021-12-24 15:03:00,183,183,183,183,0
2021-12-24 15:04:00,183,183,183,183,0
2021-12-24 15:05:00,183,183,183,183,0
2021-12-24 15:06:00,183,183,183,183,17900
2021-12-24 15:07:00,183,183,183,183,0
2021-12-24 15:08:00,183,183,183,183,0
2021-12-24 15:09:00,183,183,183,183,0
2021-12-24 15:10:00,183,183,183,183,2400
2021-12-24 15:11:00,183,183,183,183,0
2021-12-24 15:12:00,183,183,183,183,0
2021-12-24 15:13:00,183,183,183,183,0
2021-12-24 15:14:00,183,183,183,183,0
2021-12-24 15:15:00,183,183,183,183,0
2021-12-24 15:16:00,183,183,183,183,0
2021-12-24 15:17:00,183,183,183,183,0
2021-12-24 15:18:00,183,183,183,183,0
2021-12-24 15:19:00,183,183,183,183,0
2021-12-24 15:20:00,183,183,183,183,0
2021-12-24 15:21:00,183,183,183,183,0
2021-12-24 15:22:00,183,183,183,183,0
2021-12-24 15:23:00,183,183,183,183,0
2021-12-24 15:24:00,183,183,183,183,0
2021-12-24 15:25:00,183,183,183,183,0
2021-12-24 15:26:00,183,183,183,183,0
2021-12-24 15:27:00,183,183,183,183,0
2021-12-24 15:28:00,183,183,183,183,0
2021-12-24 15:29:00,183,183,183,183,0
2021-12-24 15:30:00,183,183,183,183,0
2021-12-24 15:31:00,183,183,183,183,0
2021-12-24 15:32:00,183,183,183,183,0
2021-12-24 15:33:00,183,183,183,183,0
2021-12-24 15:34:00,183,183,183,183,0
2021-12-24 15:35:00,183,183,183,183,0
2021-12-24 15:36:00,183,183,183,183,0
2021-12-24 15:37:00,183,183,183,183,0
2021-12-24 15:38:00,183,183,183,183,0
2021-12-24 15:39:00,183,183,183,183,0
2021-12-24 15:40:00,183,183,183,183,0
2021-12-24 15:41:00,183,183,183,183,0
2021-12-24 15:42:00,183,183,183,183,0
2021-12-24 15:43:00,183,183,183,183,0
2021-12-24 15:44:00,183,183,183,183,0
2021-12-24 15:45:00,183,183,183,183,0
2021-12-24 15:46:00,183,183,183,183,0
2021-12-24 15:47:00,183,183,183,183,0
2021-12-24 15:48:00,183,183,183,183,0
2021-12-24 15:49:00,183,183,183,183,0
2021-12-24 15:50:00,183,183,183,183,0
2021-12-24 15:51:00,183,183,183,183,0
2021-12-24 15:52:00,183,183,183,183,0
2021-12-24 15:53:00,183,183,183,183,0
2021-12-24 15:54:00,183,183,183,183,0
2021-12-24 15:55:00,183,183,183,183,0
2021-12-24 15:56:00,183,183,183,183,0
2021-12-24 15:57:00,183,183,183,183,0
2021-12-24 15:58:00,183,183,183,183,0
2021-12-24 15:59:00,183,183,183,183,0
2021-12-27 09:00:00,184,183,184,183,0
2021-12-27 09:01:00,184,184,184,184,1000
2021-12-27 09:02:00,184,184,184,184,12000
2021-12-27 09:03:00,185,185,185,185,100000
2021-12-27 09:04:00,185,185,185,185,10000
2021-12-27 09:05:00,185,185,185,185,0
2021-12-27 09:06:00,185,185,185,185,0
2021-12-27 09:07:00,185,185,185,185,0
2021-12-27 09:08:00,184,184,184,184,36700
2021-12-27 09:09:00,184,184,184,184,0
2021-12-27 09:10:00,184,184,184,184,800
2021-12-27 09:11:00,184,184,184,184,0
2021-12-27 09:12:00,184,184,184,184,100
2021-12-27 09:13:00,184,184,184,184,0
2021-12-27 09:14:00,184,184,184,184,0
2021-12-27 09:15:00,184,184,184,184,700
2021-12-27 09:16:00,183,183,183,183,1400
2021-12-27 09:17:00,184,184,184,184,200
2021-12-27 09:18:00,184,184,184,184,4800
2021-12-27 09:19:00,184,184,184,184,2000
2021-12-27 09:20:00,184,184,184,184,0
2021-12-27 09:21:00,184,184,184,184,0
2021-12-27 09:22:00,184,184,184,184,2500
2021-12-27 09:23:00,184,184,184,184,0
2021-12-27 09:24:00,184,184,184,184,0
2021-12-27 09:25:00,184,184,184,184,0
2021-12-27 09:26:00,184,184,184,184,21000
2021-12-27 09:27:00,184,184,184,184,0
2021-12-27 09:28:00,184,184,184,184,1400
2021-12-27 09:29:00,184,184,184,184,0
2021-12-27 09:30:00,184,184,184,184,100
2021-12-27 09:31:00,183,183,184,184,8000
2021-12-27 09:32:00,184,184,184,184,1900
2021-12-27 09:33:00,184,184,184,184,0
2021-12-27 09:34:00,184,184,184,184,0
2021-12-27 09:35:00,184,184,184,184,200
2021-12-27 09:36:00,184,184,184,184,0
2021-12-27 09:37:00,184,184,184,184,0
2021-12-27 09:38:00,184,184,184,184,0
2021-12-27 09:39:00,184,184,184,184,21300
2021-12-27 09:40:00,184,184,184,184,0
2021-12-27 09:41:00,183,183,183,183,29700
2021-12-27 09:42:00,183,183,183,183,0
2021-12-27 09:43:00,184,184,184,184,100
2021-12-27 09:44:00,184,184,184,184,600
2021-12-27 09:45:00,184,184,184,184,0
2021-12-27 09:46:00,184,184,184,184,0
2021-12-27 09:47:00,184,184,184,184,0
2021-12-27 09:48:00,184,184,184,184,600
2021-12-27 09:49:00,184,183,184,184,63900
2021-12-27 09:50:00,184,184,184,184,3600
2021-12-27 09:51:00,184,183,184,183,102000
2021-12-27 09:52:00,184,184,184,184,3000
2021-12-27 09:53:00,184,184,184,184,50200
2021-12-27 09:54:00,184,184,184,184,1800
2021-12-27 09:55:00,184,184,184,184,1200
2021-12-27 09:56:00,185,185,185,185,500
2021-12-27 09:57:00,184,184,184,184,200
2021-12-27 09:58:00,184,184,184,184,2000
2021-12-27 09:59:00,184,184,184,184,4800
2021-12-27 10:00:00,184,184,184,184,0
2021-12-27 10:01:00,184,184,184,184,11800
2021-12-27 10:02:00,184,184,184,184,0
2021-12-27 10:03:00,184,184,184,184,9200
2021-12-27 10:04:00,184,184,184,184,0
2021-12-27 10:05:00,184,184,184,184,0
2021-12-27 10:06:00,184,184,184,184,0
2021-12-27 10:07:00,184,184,184,184,0
2021-12-27 10:08:00,185,184,185,185,95300
2021-12-27 10:09:00,185,185,185,185,32600
2021-12-27 10:10:00,185,185,185,185,0
2021-12-27 10:11:00,185,185,185,185,700
2021-12-27 10:12:00,186,185,186,185,113200
2021-12-27 10:13:00,185,185,185,185,44200
2021-12-27 10:14:00,185,185,185,185,0
2021-12-27 10:15:00,185,185,185,185,0
2021-12-27 10:16:00,184,184,184,184,50000
2021-12-27 10:17:00,184,184,184,184,0
2021-12-27 10:18:00,184,184,184,184,4800
2021-12-27 10:19:00,184,184,184,184,18200
2021-12-27 10:20:00,185,185,185,185,10000
2021-12-27 10:21:00,185,184,185,184,131500
2021-12-27 10:22:00,185,184,185,184,0
2021-12-27 10:23:00,184,184,184,184,3500
2021-12-27 10:24:00,184,184,184,184,0
2021-12-27 10:25:00,184,184,184,184,0
2021-12-27 10:26:00,185,185,185,185,2500
2021-12-27 10:27:00,185,185,185,185,0
2021-12-27 10:28:00,185,185,185,185,0
2021-12-27 10:29:00,185,185,185,185,0
2021-12-27 10:30:00,185,185,185,185,0
2021-12-27 10:31:00,185,185,185,185,0
2021-12-27 10:32:00,185,185,185,185,0
2021-12-27 10:33:00,185,185,185,185,0
2021-12-27 10:34:00,185,185,185,185,0
2021-12-27 10:35:00,185,185,185,185,0
2021-12-27 10:36:00,185,185,185,185,0
2021-12-27 10:37:00,185,185,185,185,0
2021-12-27 10:38:00,185,185,185,185,0
2021-12-27 10:39:00,185,185,185,185,0
2021-12-27 10:40:00,184,184,184,184,50000
2021-12-27 10:41:00,185,185,185,185,500
2021-12-27 10:42:00,184,184,184,184,20800
2021-12-27 10:43:00,184,184,184,184,0
2021-12-27 10:44:00,184,184,184,184,0
2021-12-27 10:45:00,184,184,184,184,0
2021-12-27 10:46:00,184,184,184,184,0
2021-12-27 10:47:00,184,184,184,184,100000
2021-12-27 10:48:00,184,184,184,184,0
2021-12-27 10:49:00,184,184,184,184,0
2021-12-27 10:50:00,184,184,184,184,0
2021-12-27 10:51:00,184,184,184,184,0
2021-12-27 10:52:00,184,184,184,184,0
2021-12-27 10:53:00,185,185,185,185,3200
2021-12-27 10:54:00,184,184,184,184,100000
2021-12-27 10:55:00,184,184,184,184,5000
2021-12-27 10:56:00,184,184,184,184,9200
2021-12-27 10:57:00,184,184,184,184,0
2021-12-27 10:58:00,184,184,184,184,20000
2021-12-27 10:59:00,184,184,184,184,0
2021-12-27 11:00:00,184,184,184,184,0
2021-12-27 11:01:00,183,183,184,184,6900
2021-12-27 11:02:00,183,183,184,184,0
2021-12-27 11:03:00,183,183,184,184,0
2021-12-27 11:04:00,183,183,184,184,0
2021-12-27 11:05:00,184,184,184,184,100
2021-12-27 11:06:00,184,184,184,184,100
2021-12-27 11:07:00,184,184,184,184,0
2021-12-27 11:08:00,184,184,184,184,0
2021-12-27 11:09:00,184,184,184,184,0
2021-12-27 11:10:00,184,184,184,184,0
2021-12-27 11:11:00,185,185,185,185,100
2021-12-27 11:12:00,185,185,185,185,0
2021-12-27 11:13:00,185,185,185,185,300
2021-12-27 11:14:00,185,185,185,185,20000
2021-12-27 11:15:00,185,185,185,185,0
2021-12-27 11:16:00,185,185,185,185,0
2021-12-27 11:17:00,185,185,185,185,0
2021-12-27 11:18:00,185,185,185,185,0
2021-12-27 11:19:00,185,185,185,185,0
2021-12-27 11:20:00,185,185,185,185,0
2021-12-27 11:21:00,185,185,185,185,1000
2021-12-27 11:22:00,184,184,184,184,101000
2021-12-27 11:23:00,184,184,184,184,0
2021-12-27 11:24:00,184,184,184,184,0
2021-12-27 11:25:00,184,184,184,184,0
2021-12-27 11:26:00,184,184,184,184,0
2021-12-27 11:27:00,185,185,185,185,50000
2021-12-27 11:28:00,185,185,185,185,0
2021-12-27 11:29:00,184,184,184,184,5000
2021-12-27 11:30:00,184,184,184,184,0
2021-12-27 11:31:00,184,184,184,184,0
2021-12-27 11:32:00,184,184,184,184,0
2021-12-27 11:33:00,184,184,184,184,0
2021-12-27 11:34:00,184,184,184,184,0
2021-12-27 11:35:00,184,184,184,184,0
2021-12-27 11:36:00,184,184,184,184,0
2021-12-27 11:37:00,184,184,184,184,0
2021-12-27 11:38:00,184,184,184,184,0
2021-12-27 11:39:00,184,184,184,184,0
2021-12-27 11:40:00,184,184,184,184,0
2021-12-27 11:41:00,184,184,184,184,0
2021-12-27 11:42:00,184,184,184,184,0
2021-12-27 11:43:00,184,184,184,184,0
2021-12-27 11:44:00,184,184,184,184,0
2021-12-27 11:45:00,184,184,184,184,0
2021-12-27 11:46:00,184,184,184,184,0
2021-12-27 11:47:00,184,184,184,184,0
2021-12-27 11:48:00,184,184,184,184,0
2021-12-27 11:49:00,184,184,184,184,0
2021-12-27 11:50:00,184,184,184,184,0
2021-12-27 11:51:00,184,184,184,184,0
2021-12-27 11:52:00,184,184,184,184,0
2021-12-27 11:53:00,184,184,184,184,0
2021-12-27 11:54:00,184,184,184,184,0
2021-12-27 11:55:00,184,184,184,184,0
2021-12-27 11:56:00,184,184,184,184,0
2021-12-27 11:57:00,184,184,184,184,0
2021-12-27 11:58:00,184,184,184,184,0
2021-12-27 11:59:00,184,184,184,184,0
2021-12-27 12:00:00,184,184,184,184,0
2021-12-27 12:01:00,184,184,184,184,0
2021-12-27 12:02:00,184,184,184,184,0
2021-12-27 12:03:00,184,184,184,184,0
2021-12-27 12:04:00,184,184,184,184,0
2021-12-27 12:05:00,184,184,184,184,0
2021-12-27 12:06:00,184,184,184,184,0
2021-12-27 12:07:00,184,184,184,184,0
2021-12-27 12:08:00,184,184,184,184,0
2021-12-27 12:09:00,184,184,184,184,0
2021-12-27 12:10:00,184,184,184,184,0
2021-12-27 12:11:00,184,184,184,184,0
2021-12-27 12:12:00,184,184,184,184,0
2021-12-27 12:13:00,184,184,184,184,0
2021-12-27 12:14:00,184,184,184,184,0
2021-12-27 12:15:00,184,184,184,184,0
2021-12-27 12:16:00,184,184,184,184,0
2021-12-27 12:17:00,184,184,184,184,0
2021-12-27 12:18:00,184,184,184,184,0
2021-12-27 12:19:00,184,184,184,184,0
2021-12-27 12:20:00,184,184,184,184,0
2021-12-27 12:21:00,184,184,184,184,0
2021-12-27 12:22:00,184,184,184,184,0
2021-12-27 12:23:00,184,184,184,184,0
2021-12-27 12:24:00,184,184,184,184,0
2021-12-27 12:25:00,184,184,184,184,0
2021-12-27 12:26:00,184,184,184,184,0
2021-12-27 12:27:00,184,184,184,184,0
2021-12-27 12:28:00,184,184,184,184,0
2021-12-27 12:29:00,184,184,184,184,0
2021-12-27 12:30:00,184,184,184,184,0
2021-12-27 12:31:00,184,184,184,184,0
2021-12-27 12:32:00,184,184,184,184,0
2021-12-27 12:33:00,184,184,184,184,0
2021-12-27 12:34:00,184,184,184,184,0
2021-12-27 12:35:00,184,184,184,184,0
2021-12-27 12:36:00,184,184,184,184,0
2021-12-27 12:37:00,184,184,184,184,0
2021-12-27 12:38:00,184,184,184,184,0
2021-12-27 12:39:00,184,184,184,184,0
2021-12-27 12:40:00,184,184,184,184,0
2021-12-27 12:41:00,184,184,184,184,0
2021-12-27 12:42:00,184,184,184,184,0
2021-12-27 12:43:00,184,184,184,184,0
2021-12-27 12:44:00,184,184,184,184,0
2021-12-27 12:45:00,184,184,184,184,0
2021-12-27 12:46:00,184,184,184,184,0
2021-12-27 12:47:00,184,184,184,184,0
2021-12-27 12:48:00,184,184,184,184,0
2021-12-27 12:49:00,184,184,184,184,0
2021-12-27 12:50:00,184,184,184,184,0
2021-12-27 12:51:00,184,184,184,184,0
2021-12-27 12:52:00,184,184,184,184,0
2021-12-27 12:53:00,184,184,184,184,0
2021-12-27 12:54:00,184,184,184,184,0
2021-12-27 12:55:00,184,184,184,184,0
2021-12-27 12:56:00,184,184,184,184,0
2021-12-27 12:57:00,184,184,184,184,0
2021-12-27 12:58:00,184,184,184,184,0
2021-12-27 12:59:00,184,184,184,184,0
2021-12-27 13:00:00,184,184,184,184,0
2021-12-27 13:01:00,184,184,184,184,0
2021-12-27 13:02:00,184,184,184,184,0
2021-12-27 13:03:00,184,184,184,184,0
2021-12-27 13:04:00,184,184,184,184,0
2021-12-27 13:05:00,184,184,184,184,0
2021-12-27 13:06:00,184,184,184,184,0
2021-12-27 13:07:00,184,184,184,184,0
2021-12-27 13:08:00,184,184,184,184,0
2021-12-27 13:09:00,184,184,184,184,0
2021-12-27 13:10:00,184,184,184,184,0
2021-12-27 13:11:00,184,184,184,184,0
2021-12-27 13:12:00,184,184,184,184,0
2021-12-27 13:13:00,184,184,184,184,0
2021-12-27 13:14:00,184,184,184,184,0
2021-12-27 13:15:00,184,184,184,184,0
2021-12-27 13:16:00,184,184,184,184,0
2021-12-27 13:17:00,184,184,184,184,0
2021-12-27 13:18:00,184,184,184,184,0
2021-12-27 13:19:00,184,184,184,184,0
2021-12-27 13:20:00,184,184,184,184,0
2021-12-27 13:21:00,184,184,184,184,0
2021-12-27 13:22:00,184,184,184,184,0
2021-12-27 13:23:00,184,184,184,184,0
2021-12-27 13:24:00,184,184,184,184,0
2021-12-27 13:25:00,184,184,184,184,0
2021-12-27 13:26:00,184,184,184,184,0
2021-12-27 13:27:00,184,184,184,184,0
2021-12-27 13:28:00,184,184,184,184,0
2021-12-27 13:29:00,184,184,184,184,0
2021-12-27 13:30:00,184,184,185,184,1300
2021-12-27 13:31:00,184,184,185,184,0
2021-12-27 13:32:00,184,184,184,184,100
2021-12-27 13:33:00,184,184,184,184,0
2021-12-27 13:34:00,184,184,184,184,0
2021-12-27 13:35:00,184,184,184,184,0
2021-12-27 13:36:00,184,184,184,184,110500
2021-12-27 13:37:00,184,184,184,184,0
2021-12-27 13:38:00,184,184,184,184,0
2021-12-27 13:39:00,184,184,184,184,73600
2021-12-27 13:40:00,184,184,184,184,0
2021-12-27 13:41:00,184,184,184,184,0
2021-12-27 13:42:00,184,184,184,184,0
2021-12-27 13:43:00,184,184,184,184,5000
2021-12-27 13:44:00,184,184,184,184,300
2021-12-27 13:45:00,184,184,184,184,0
2021-12-27 13:46:00,184,184,184,184,0
2021-12-27 13:47:00,184,184,184,184,0
2021-12-27 13:48:00,184,184,184,184,1000
2021-12-27 13:49:00,184,184,184,184,0
2021-12-27 13:50:00,185,185,185,185,300
2021-12-27 13:51:00,185,185,185,185,0
2021-12-27 13:52:00,185,185,185,185,20100
2021-12-27 13:53:00,185,185,185,185,20000
2021-12-27 13:54:00,184,184,184,184,25000
2021-12-27 13:55:00,184,184,184,184,0
2021-12-27 13:56:00,184,184,184,184,700
2021-12-27 13:57:00,184,184,184,184,0
2021-12-27 13:58:00,184,184,184,184,0
2021-12-27 13:59:00,184,184,184,184,100
2021-12-27 14:00:00,184,184,184,184,0
2021-12-27 14:01:00,184,184,184,184,0
2021-12-27 14:02:00,184,184,184,184,0
2021-12-27 14:03:00,184,184,184,184,257100
2021-12-27 14:04:00,184,183,184,183,4600
2021-12-27 14:05:00,184,183,184,183,0
2021-12-27 14:06:00,184,184,184,184,1500
2021-12-27 14:07:00,184,184,184,184,1500
2021-12-27 14:08:00,183,183,183,183,30400
2021-12-27 14:09:00,183,183,183,183,0
2021-12-27 14:10:00,183,183,183,183,0
2021-12-27 14:11:00,183,183,183,183,0
2021-12-27 14:12:00,184,184,184,184,10000
2021-12-27 14:13:00,184,184,184,184,1000
2021-12-27 14:14:00,184,184,184,184,0
2021-12-27 14:15:00,184,184,184,184,0
2021-12-27 14:16:00,184,184,184,184,11000
2021-12-27 14:17:00,184,184,184,184,0
2021-12-27 14:18:00,184,184,184,184,2700
2021-12-27 14:19:00,184,184,184,184,0
2021-12-27 14:20:00,184,184,184,184,0
2021-12-27 14:21:00,184,184,184,184,0
2021-12-27 14:22:00,184,184,184,184,0
2021-12-27 14:23:00,184,184,184,184,0
2021-12-27 14:24:00,184,184,184,184,27000
2021-12-27 14:25:00,184,184,184,184,12800
2021-12-27 14:26:00,184,184,184,184,9000
2021-12-27 14:27:00,184,183,184,183,20500
2021-12-27 14:28:00,184,183,184,183,0
2021-12-27 14:29:00,184,183,184,183,0
2021-12-27 14:30:00,183,183,183,183,1100
2021-12-27 14:31:00,183,183,183,183,0
2021-12-27 14:32:00,184,184,184,184,100
2021-12-27 14:33:00,184,184,184,184,19900
2021-12-27 14:34:00,184,184,184,184,5000
2021-12-27 14:35:00,183,183,183,183,3500
2021-12-27 14:36:00,183,183,183,183,3500
2021-12-27 14:37:00,183,183,183,183,0
2021-12-27 14:38:00,184,184,184,184,43500
2021-12-27 14:39:00,185,185,185,185,5000
2021-12-27 14:40:00,185,185,185,185,200
2021-12-27 14:41:00,185,185,185,185,100
2021-12-27 14:42:00,185,185,185,185,0
2021-12-27 14:43:00,185,185,185,185,0
2021-12-27 14:44:00,184,184,184,184,500
2021-12-27 14:45:00,184,184,184,184,0
2021-12-27 14:46:00,184,184,184,184,0
2021-12-27 14:47:00,184,184,184,184,20000
2021-12-27 14:48:00,184,184,184,184,0
2021-12-27 14:49:00,184,184,184,184,20000
2021-12-27 14:50:00,184,184,184,184,0
2021-12-27 14:51:00,184,184,184,184,0
2021-12-27 14:52:00,184,184,184,184,0
2021-12-27 14:53:00,184,184,184,184,0
2021-12-27 14:54:00,184,184,184,184,0
2021-12-27 14:55:00,184,184,184,184,0
2021-12-27 14:56:00,184,184,184,184,0
2021-12-27 14:57:00,184,184,184,184,0
2021-12-27 14:58:00,184,184,184,184,0
2021-12-27 14:59:00,184,184,184,184,0
2021-12-27 15:00:00,184,184,184,184,258600
2021-12-27 15:01:00,184,184,184,184,111400
2021-12-27 15:02:00,184,184,184,184,1000
2021-12-27 15:03:00,184,184,184,184,24400
2021-12-27 15:04:00,184,184,184,184,0
2021-12-27 15:05:00,184,184,184,184,0
2021-12-27 15:06:00,184,184,184,184,0
2021-12-27 15:07:00,184,184,184,184,0
2021-12-27 15:08:00,184,184,184,184,0
2021-12-27 15:09:00,184,184,184,184,0
2021-12-27 15:10:00,184,184,184,184,0
2021-12-27 15:11:00,184,184,184,184,100
2021-12-27 15:12:00,184,184,184,184,0
2021-12-27 15:13:00,184,184,184,184,0
2021-12-27 15:14:00,184,184,184,184,0
2021-12-27 15:15:00,184,184,184,184,0
2021-12-27 15:16:00,184,184,184,184,0
2021-12-27 15:17:00,184,184,184,184,0
2021-12-27 15:18:00,184,184,184,184,0
2021-12-27 15:19:00,184,184,184,184,0
2021-12-27 15:20:00,184,184,184,184,0
2021-12-27 15:21:00,184,184,184,184,0
2021-12-27 15:22:00,184,184,184,184,0
2021-12-27 15:23:00,184,184,184,184,0
2021-12-27 15:24:00,184,184,184,184,0
2021-12-27 15:25:00,184,184,184,184,0
2021-12-27 15:26:00,184,184,184,184,0
2021-12-27 15:27:00,184,184,184,184,0
2021-12-27 15:28:00,184,184,184,184,0
2021-12-27 15:29:00,184,184,184,184,0
2021-12-27 15:30:00,184,184,184,184,0
2021-12-27 15:31:00,184,184,184,184,0
2021-12-27 15:32:00,184,184,184,184,0
2021-12-27 15:33:00,184,184,184,184,0
2021-12-27 15:34:00,184,184,184,184,0
2021-12-27 15:35:00,184,184,184,184,0
2021-12-27 15:36:00,184,184,184,184,0
2021-12-27 15:37:00,184,184,184,184,0
2021-12-27 15:38:00,184,184,184,184,0
2021-12-27 15:39:00,184,184,184,184,0
2021-12-27 15:40:00,184,184,184,184,0
2021-12-27 15:41:00,184,184,184,184,0
2021-12-27 15:42:00,184,184,184,184,0
2021-12-27 15:43:00,184,184,184,184,0
2021-12-27 15:44:00,184,184,184,184,0
2021-12-27 15:45:00,184,184,184,184,0
2021-12-27 15:46:00,184,184,184,184,0
2021-12-27 15:47:00,184,184,184,184,0
2021-12-27 15:48:00,184,184,184,184,0
2021-12-27 15:49:00,184,184,184,184,0
2021-12-27 15:50:00,184,184,184,184,0
2021-12-27 15:51:00,184,184,184,184,0
2021-12-27 15:52:00,184,184,184,184,0
2021-12-27 15:53:00,184,184,184,184,0
2021-12-27 15:54:00,184,184,184,184,0
2021-12-27 15:55:00,184,184,184,184,0
2021-12-27 15:56:00,184,184,184,184,0
2021-12-27 15:57:00,184,184,184,184,0
2021-12-27 15:58:00,184,184,184,184,0
2021-12-27 15:59:00,184,184,184,184,0
2021-12-28 09:00:00,187,186,187,186,0
2021-12-28 09:01:00,186,185,186,185,53500
2021-12-28 09:02:00,185,185,185,185,500
2021-12-28 09:03:00,186,186,186,186,140000
2021-12-28 09:04:00,186,186,186,186,1800
2021-12-28 09:05:00,186,186,186,186,12000
2021-12-28 09:06:00,186,186,187,187,6000
2021-12-28 09:07:00,187,186,187,186,53000
2021-12-28 09:08:00,186,186,186,186,14700
2021-12-28 09:09:00,186,186,187,186,49800
2021-12-28 09:10:00,186,186,186,186,11700
2021-12-28 09:11:00,187,187,187,187,49300
2021-12-28 09:12:00,187,187,187,187,27200
2021-12-28 09:13:00,187,187,187,187,32100
2021-12-28 09:14:00,187,187,187,187,0
2021-12-28 09:15:00,187,187,187,187,0
2021-12-28 09:16:00,187,187,187,187,37600
2021-12-28 09:17:00,187,187,188,188,105900
2021-12-28 09:18:00,188,188,188,188,57100
2021-12-28 09:19:00,188,188,188,188,60900
2021-12-28 09:20:00,188,188,188,188,1300
2021-12-28 09:21:00,188,188,188,188,0
2021-12-28 09:22:00,188,188,188,188,5000
2021-12-28 09:23:00,188,188,188,188,44800
2021-12-28 09:24:00,188,187,188,187,31200
2021-12-28 09:25:00,188,187,188,187,0
2021-12-28 09:26:00,188,187,188,188,33900
2021-12-28 09:27:00,187,187,188,188,55000
2021-12-28 09:28:00,188,188,188,188,3000
2021-12-28 09:29:00,188,188,188,188,0
2021-12-28 09:30:00,188,188,188,188,100
2021-12-28 09:31:00,188,188,188,188,0
2021-12-28 09:32:00,188,188,188,188,0
2021-12-28 09:33:00,188,188,188,188,0
2021-12-28 09:34:00,187,187,187,187,37500
2021-12-28 09:35:00,187,187,188,188,65200
2021-12-28 09:36:00,187,187,187,187,75400
2021-12-28 09:37:00,187,187,187,187,19100
2021-12-28 09:38:00,187,187,187,187,0
2021-12-28 09:39:00,187,187,187,187,0
2021-12-28 09:40:00,187,187,187,187,53300
2021-12-28 09:41:00,187,187,187,187,0
2021-12-28 09:42:00,187,187,187,187,0
2021-12-28 09:43:00,187,187,187,187,0
2021-12-28 09:44:00,187,187,187,187,500
2021-12-28 09:45:00,187,187,187,187,0
2021-12-28 09:46:00,187,187,187,187,0
2021-12-28 09:47:00,187,187,187,187,0
2021-12-28 09:48:00,187,187,187,187,500
2021-12-28 09:49:00,187,187,187,187,0
2021-12-28 09:50:00,187,187,187,187,0
2021-12-28 09:51:00,186,186,186,186,8200
2021-12-28 09:52:00,187,187,187,187,1000
2021-12-28 09:53:00,187,187,187,187,0
2021-12-28 09:54:00,187,187,187,187,500
2021-12-28 09:55:00,186,186,186,186,600
2021-12-28 09:56:00,186,186,186,186,3000
2021-12-28 09:57:00,187,187,187,187,5000
2021-12-28 09:58:00,187,187,187,187,0
2021-12-28 09:59:00,187,187,187,187,1000
2021-12-28 10:00:00,187,187,187,187,100
2021-12-28 10:01:00,187,187,187,187,0
2021-12-28 10:02:00,187,187,187,187,0
2021-12-28 10:03:00,187,187,187,187,0
2021-12-28 10:04:00,187,187,187,187,0
2021-12-28 10:05:00,187,187,187,187,0
2021-12-28 10:06:00,186,186,187,187,10800
2021-12-28 10:07:00,186,186,187,187,0
2021-12-28 10:08:00,186,186,186,186,244500
2021-12-28 10:09:00,186,186,186,186,0
2021-12-28 10:10:00,186,186,186,186,500
2021-12-28 10:11:00,186,186,186,186,0
2021-12-28 10:12:00,186,186,186,186,101500
2021-12-28 10:13:00,186,186,186,186,0
2021-12-28 10:14:00,186,186,186,186,2500
2021-12-28 10:15:00,186,186,186,186,0
2021-12-28 10:16:00,186,186,186,186,0
2021-12-28 10:17:00,186,186,186,186,0
2021-12-28 10:18:00,186,186,186,186,0
2021-12-28 10:19:00,186,186,186,186,0
2021-12-28 10:20:00,186,186,186,186,0
2021-12-28 10:21:00,186,186,186,186,0
2021-12-28 10:22:00,186,186,186,186,0
2021-12-28 10:23:00,186,186,186,186,0
2021-12-28 10:24:00,186,186,186,186,1000
2021-12-28 10:25:00,186,186,186,186,0
2021-12-28 10:26:00,186,186,186,186,0
2021-12-28 10:27:00,186,186,186,186,0
2021-12-28 10:28:00,186,186,186,186,0
2021-12-28 10:29:00,186,186,186,186,0
2021-12-28 10:30:00,186,186,186,186,9500
2021-12-28 10:31:00,186,186,186,186,5500
2021-12-28 10:32:00,186,186,186,186,4500
2021-12-28 10:33:00,186,186,186,186,1300
2021-12-28 10:34:00,186,186,186,186,30000
2021-12-28 10:35:00,186,186,186,186,0
2021-12-28 10:36:00,186,186,186,186,300
2021-12-28 10:37:00,186,185,186,185,1100
2021-12-28 10:38:00,185,185,185,185,100
2021-12-28 10:39:00,185,185,185,185,0
2021-12-28 10:40:00,185,185,185,185,0
2021-12-28 10:41:00,185,185,185,185,0
2021-12-28 10:42:00,185,185,185,185,0
2021-12-28 10:43:00,185,185,185,185,0
2021-12-28 10:44:00,185,185,185,185,0
2021-12-28 10:45:00,186,186,186,186,100
2021-12-28 10:46:00,186,186,186,186,0
2021-12-28 10:47:00,186,186,186,186,0
2021-12-28 10:48:00,186,186,186,186,0
2021-12-28 10:49:00,186,186,186,186,100
2021-12-28 10:50:00,186,186,186,186,0
2021-12-28 10:51:00,186,186,186,186,0
2021-12-28 10:52:00,186,186,186,186,12000
2021-12-28 10:53:00,186,186,186,186,0
2021-12-28 10:54:00,185,185,185,185,800
2021-12-28 10:55:00,185,185,185,185,0
2021-12-28 10:56:00,185,185,185,185,0
2021-12-28 10:57:00,186,186,186,186,1000
2021-12-28 10:58:00,186,186,186,186,3900
2021-12-28 10:59:00,186,186,186,186,0
2021-12-28 11:00:00,186,186,186,186,4000
2021-12-28 11:01:00,186,186,186,186,0
2021-12-28 11:02:00,185,185,185,185,150000
2021-12-28 11:03:00,186,186,186,186,6000
2021-12-28 11:04:00,186,186,186,186,0
2021-12-28 11:05:00,186,186,186,186,0
2021-12-28 11:06:00,186,186,186,186,15300
2021-12-28 11:07:00,186,186,186,186,0
2021-12-28 11:08:00,186,186,186,186,0
2021-12-28 11:09:00,186,186,186,186,0
2021-12-28 11:10:00,186,186,186,186,0
2021-12-28 11:11:00,186,186,186,186,10000
2021-12-28 11:12:00,186,186,186,186,0
2021-12-28 11:13:00,186,186,186,186,200
2021-12-28 11:14:00,186,186,186,186,0
2021-12-28 11:15:00,186,186,186,186,0
2021-12-28 11:16:00,186,186,186,186,6000
2021-12-28 11:17:00,186,186,186,186,10000
2021-12-28 11:18:00,186,186,186,186,0
2021-12-28 11:19:00,186,186,186,186,0
2021-12-28 11:20:00,186,186,186,186,25000
2021-12-28 11:21:00,186,186,186,186,0
2021-12-28 11:22:00,186,186,186,186,0
2021-12-28 11:23:00,186,186,186,186,0
2021-12-28 11:24:00,185,185,185,185,500
2021-12-28 11:25:00,185,185,185,185,0
2021-12-28 11:26:00,185,185,185,185,0
2021-12-28 11:27:00,185,185,185,185,0
2021-12-28 11:28:00,185,185,185,185,0
2021-12-28 11:29:00,185,185,185,185,0
2021-12-28 11:30:00,185,185,185,185,0
2021-12-28 11:31:00,185,185,185,185,0
2021-12-28 11:32:00,185,185,185,185,0
2021-12-28 11:33:00,185,185,185,185,0
2021-12-28 11:34:00,185,185,185,185,0
2021-12-28 11:35:00,185,185,185,185,0
2021-12-28 11:36:00,185,185,185,185,0
2021-12-28 11:37:00,185,185,185,185,0
2021-12-28 11:38:00,185,185,185,185,0
2021-12-28 11:39:00,185,185,185,185,0
2021-12-28 11:40:00,185,185,185,185,0
2021-12-28 11:41:00,185,185,185,185,0
2021-12-28 11:42:00,185,185,185,185,0
2021-12-28 11:43:00,185,185,185,185,0
2021-12-28 11:44:00,185,185,185,185,0
2021-12-28 11:45:00,185,185,185,185,0
2021-12-28 11:46:00,185,185,185,185,0
2021-12-28 11:47:00,185,185,185,185,0
2021-12-28 11:48:00,185,185,185,185,0
2021-12-28 11:49:00,185,185,185,185,0
2021-12-28 11:50:00,185,185,185,185,0
2021-12-28 11:51:00,185,185,185,185,0
2021-12-28 11:52:00,185,185,185,185,0
2021-12-28 11:53:00,185,185,185,185,0
2021-12-28 11:54:00,185,185,185,185,0
2021-12-28 11:55:00,185,185,185,185,0
2021-12-28 11:56:00,185,185,185,185,0
2021-12-28 11:57:00,185,185,185,185,0
2021-12-28 11:58:00,185,185,185,185,0
2021-12-28 11:59:00,185,185,185,185,0
2021-12-28 12:00:00,185,185,185,185,0
2021-12-28 12:01:00,185,185,185,185,0
2021-12-28 12:02:00,185,185,185,185,0
2021-12-28 12:03:00,185,185,185,185,0
2021-12-28 12:04:00,185,185,185,185,0
2021-12-28 12:05:00,185,185,185,185,0
2021-12-28 12:06:00,185,185,185,185,0
2021-12-28 12:07:00,185,185,185,185,0
2021-12-28 12:08:00,185,185,185,185,0
2021-12-28 12:09:00,185,185,185,185,0
2021-12-28 12:10:00,185,185,185,185,0
2021-12-28 12:11:00,185,185,185,185,0
2021-12-28 12:12:00,185,185,185,185,0
2021-12-28 12:13:00,185,185,185,185,0
2021-12-28 12:14:00,185,185,185,185,0
2021-12-28 12:15:00,185,185,185,185,0
2021-12-28 12:16:00,185,185,185,185,0
2021-12-28 12:17:00,185,185,185,185,0
2021-12-28 12:18:00,185,185,185,185,0
2021-12-28 12:19:00,185,185,185,185,0
2021-12-28 12:20:00,185,185,185,185,0
2021-12-28 12:21:00,185,185,185,185,0
2021-12-28 12:22:00,185,185,185,185,0
2021-12-28 12:23:00,185,185,185,185,0
2021-12-28 12:24:00,185,185,185,185,0
2021-12-28 12:25:00,185,185,185,185,0
2021-12-28 12:26:00,185,185,185,185,0
2021-12-28 12:27:00,185,185,185,185,0
2021-12-28 12:28:00,185,185,185,185,0
2021-12-28 12:29:00,185,185,185,185,0
2021-12-28 12:30:00,185,185,185,185,0
2021-12-28 12:31:00,185,185,185,185,0
2021-12-28 12:32:00,185,185,185,185,0
2021-12-28 12:33:00,185,185,185,185,0
2021-12-28 12:34:00,185,185,185,185,0
2021-12-28 12:35:00,185,185,185,185,0
2021-12-28 12:36:00,185,185,185,185,0
2021-12-28 12:37:00,185,185,185,185,0
2021-12-28 12:38:00,185,185,185,185,0
2021-12-28 12:39:00,185,185,185,185,0
2021-12-28 12:40:00,185,185,185,185,0
2021-12-28 12:41:00,185,185,185,185,0
2021-12-28 12:42:00,185,185,185,185,0
2021-12-28 12:43:00,185,185,185,185,0
2021-12-28 12:44:00,185,185,185,185,0
2021-12-28 12:45:00,185,185,185,185,0
2021-12-28 12:46:00,185,185,185,185,0
2021-12-28 12:47:00,185,185,185,185,0
2021-12-28 12:48:00,185,185,185,185,0
2021-12-28 12:49:00,185,185,185,185,0
2021-12-28 12:50:00,185,185,185,185,0
2021-12-28 12:51:00,185,185,185,185,0
2021-12-28 12:52:00,185,185,185,185,0
2021-12-28 12:53:00,185,185,185,185,0
2021-12-28 12:54:00,185,185,185,185,0
2021-12-28 12:55:00,185,185,185,185,0
2021-12-28 12:56:00,185,185,185,185,0
2021-12-28 12:57:00,185,185,185,185,0
2021-12-28 12:58:00,185,185,185,185,0
2021-12-28 12:59:00,185,185,185,185,0
2021-12-28 13:00:00,185,185,185,185,0
2021-12-28 13:01:00,185,185,185,185,0
2021-12-28 13:02:00,185,185,185,185,0
2021-12-28 13:03:00,185,185,185,185,0
2021-12-28 13:04:00,185,185,185,185,0
2021-12-28 13:05:00,185,185,185,185,0
2021-12-28 13:06:00,185,185,185,185,0
2021-12-28 13:07:00,185,185,185,185,0
2021-12-28 13:08:00,185,185,185,185,0
2021-12-28 13:09:00,185,185,185,185,0
2021-12-28 13:10:00,185,185,185,185,0
2021-12-28 13:11:00,185,185,185,185,0
2021-12-28 13:12:00,185,185,185,185,0
2021-12-28 13:13:00,185,185,185,185,0
2021-12-28 13:14:00,185,185,185,185,0
2021-12-28 13:15:00,185,185,185,185,0
2021-12-28 13:16:00,185,185,185,185,0
2021-12-28 13:17:00,185,185,185,185,0
2021-12-28 13:18:00,185,185,185,185,0
2021-12-28 13:19:00,185,185,185,185,0
2021-12-28 13:20:00,185,185,185,185,0
2021-12-28 13:21:00,185,185,185,185,0
2021-12-28 13:22:00,185,185,185,185,0
2021-12-28 13:23:00,185,185,185,185,0
2021-12-28 13:24:00,185,185,185,185,0
2021-12-28 13:25:00,185,185,185,185,0
2021-12-28 13:26:00,185,185,185,185,0
2021-12-28 13:27:00,185,185,185,185,0
2021-12-28 13:28:00,185,185,185,185,0
2021-12-28 13:29:00,185,185,185,185,0
2021-12-28 13:30:00,186,186,186,186,40100
2021-12-28 13:31:00,186,186,186,186,0
2021-12-28 13:32:00,186,186,186,186,0
2021-12-28 13:33:00,186,186,186,186,0
2021-12-28 13:34:00,186,186,186,186,0
2021-12-28 13:35:00,186,186,186,186,0
2021-12-28 13:36:00,186,186,186,186,0
2021-12-28 13:37:00,186,186,186,186,30000
2021-12-28 13:38:00,186,186,186,186,0
2021-12-28 13:39:00,186,186,186,186,0
2021-12-28 13:40:00,186,186,186,186,0
2021-12-28 13:41:00,186,186,186,186,1200
2021-12-28 13:42:00,186,186,186,186,0
2021-12-28 13:43:00,186,186,186,186,1000
2021-12-28 13:44:00,186,186,186,186,48400
2021-12-28 13:45:00,186,185,186,185,30600
2021-12-28 13:46:00,186,185,186,185,0
2021-12-28 13:47:00,186,185,186,185,0
2021-12-28 13:48:00,185,185,185,185,1000
2021-12-28 13:49:00,185,185,185,185,0
2021-12-28 13:50:00,185,185,185,185,0
2021-12-28 13:51:00,186,186,186,186,60000
2021-12-28 13:52:00,186,186,186,186,0
2021-12-28 13:53:00,186,186,186,186,0
2021-12-28 13:54:00,186,186,186,186,1200
2021-12-28 13:55:00,185,185,186,186,3100
2021-12-28 13:56:00,185,185,186,186,0
2021-12-28 13:57:00,185,185,186,186,0
2021-12-28 13:58:00,185,185,186,186,0
2021-12-28 13:59:00,185,185,186,186,0
2021-12-28 14:00:00,185,185,186,186,0
2021-12-28 14:01:00,185,185,185,185,100
2021-12-28 14:02:00,185,185,185,185,0
2021-12-28 14:03:00,186,186,186,186,1000
2021-12-28 14:04:00,186,186,186,186,0
2021-12-28 14:05:00,186,186,186,186,5300
2021-12-28 14:06:00,186,186,186,186,0
2021-12-28 14:07:00,185,185,185,185,60000
2021-12-28 14:08:00,186,186,186,186,10100
2021-12-28 14:09:00,186,186,186,186,0
2021-12-28 14:10:00,185,185,185,185,200
2021-12-28 14:11:00,185,185,185,185,3500
2021-12-28 14:12:00,185,185,185,185,0
2021-12-28 14:13:00,185,185,185,185,0
2021-12-28 14:14:00,185,185,185,185,400
2021-12-28 14:15:00,185,185,185,185,0
2021-12-28 14:16:00,185,185,185,185,0
2021-12-28 14:17:00,185,185,185,185,0
2021-12-28 14:18:00,186,186,186,186,100
2021-12-28 14:19:00,186,186,186,186,0
2021-12-28 14:20:00,186,186,186,186,0
2021-12-28 14:21:00,185,185,185,185,4600
2021-12-28 14:22:00,186,186,186,186,500
2021-12-28 14:23:00,186,186,186,186,0
2021-12-28 14:24:00,186,186,186,186,600
2021-12-28 14:25:00,186,186,186,186,50000
2021-12-28 14:26:00,186,186,186,186,0
2021-12-28 14:27:00,186,186,186,186,10000
2021-12-28 14:28:00,186,186,186,186,0
2021-12-28 14:29:00,186,186,186,186,0
2021-12-28 14:30:00,186,186,186,186,0
2021-12-28 14:31:00,186,186,186,186,0
2021-12-28 14:32:00,186,186,186,186,0
2021-12-28 14:33:00,186,186,186,186,0
2021-12-28 14:34:00,186,186,186,186,0
2021-12-28 14:35:00,186,186,186,186,0
2021-12-28 14:36:00,185,185,185,185,9100
2021-12-28 14:37:00,185,185,185,185,1000
2021-12-28 14:38:00,185,185,185,185,0
2021-12-28 14:39:00,185,185,185,185,0
2021-12-28 14:40:00,185,185,185,185,10000
2021-12-28 14:41:00,185,185,185,185,0
2021-12-28 14:42:00,185,185,185,185,0
2021-12-28 14:43:00,185,185,185,185,0
2021-12-28 14:44:00,185,185,185,185,5000
2021-12-28 14:45:00,185,185,185,185,35500
2021-12-28 14:46:00,185,185,185,185,0
2021-12-28 14:47:00,185,185,185,185,0
2021-12-28 14:48:00,185,185,185,185,0
2021-12-28 14:49:00,185,185,186,186,6200
2021-12-28 14:50:00,185,185,186,186,0
2021-12-28 14:51:00,185,185,186,186,0
2021-12-28 14:52:00,185,185,186,186,0
2021-12-28 14:53:00,185,185,186,186,0
2021-12-28 14:54:00,185,185,186,186,0
2021-12-28 14:55:00,185,185,186,186,0
2021-12-28 14:56:00,185,185,186,186,0
2021-12-28 14:57:00,185,185,186,186,0
2021-12-28 14:58:00,185,185,186,186,0
2021-12-28 14:59:00,185,185,186,186,0
2021-12-28 15:00:00,186,186,186,186,80000
2021-12-28 15:01:00,186,186,186,186,0
2021-12-28 15:02:00,186,186,186,186,0
2021-12-28 15:03:00,186,186,186,186,0
2021-12-28 15:04:00,186,186,186,186,0
2021-12-28 15:05:00,186,186,186,186,0
2021-12-28 15:06:00,186,186,186,186,0
2021-12-28 15:07:00,186,186,186,186,0
2021-12-28 15:08:00,186,186,186,186,55500
2021-12-28 15:09:00,186,186,186,186,0
2021-12-28 15:10:00,186,186,186,186,0
2021-12-28 15:11:00,186,186,186,186,0
2021-12-28 15:12:00,186,186,186,186,0
2021-12-28 15:13:00,186,186,186,186,0
2021-12-28 15:14:00,186,186,186,186,0
2021-12-28 15:15:00,186,186,186,186,0
2021-12-28 15:16:00,186,186,186,186,0
2021-12-28 15:17:00,186,186,186,186,0
2021-12-28 15:18:00,186,186,186,186,0
2021-12-28 15:19:00,186,186,186,186,0
2021-12-28 15:20:00,186,186,186,186,0
2021-12-28 15:21:00,186,186,186,186,0
2021-12-28 15:22:00,186,186,186,186,0
2021-12-28 15:23:00,186,186,186,186,0
2021-12-28 15:24:00,186,186,186,186,0
2021-12-28 15:25:00,186,186,186,186,0
2021-12-28 15:26:00,186,186,186,186,0
2021-12-28 15:27:00,186,186,186,186,0
2021-12-28 15:28:00,186,186,186,186,0
2021-12-28 15:29:00,186,186,186,186,0
2021-12-28 15:30:00,186,186,186,186,0
2021-12-28 15:31:00,186,186,186,186,0
2021-12-28 15:32:00,186,186,186,186,0
2021-12-28 15:33:00,186,186,186,186,0
2021-12-28 15:34:00,186,186,186,186,0
2021-12-28 15:35:00,186,186,186,186,0
2021-12-28 15:36:00,186,186,186,186,0
2021-12-28 15:37:00,186,186,186,186,0
2021-12-28 15:38:00,186,186,186,186,0
2021-12-28 15:39:00,186,186,186,186,0
2021-12-28 15:40:00,186,186,186,186,0
2021-12-28 15:41:00,186,186,186,186,0
2021-12-28 15:42:00,186,186,186,186,0
2021-12-28 15:43:00,186,186,186,186,0
2021-12-28 15:44:00,186,186,186,186,0
2021-12-28 15:45:00,186,186,186,186,0
2021-12-28 15:46:00,186,186,186,186,0
2021-12-28 15:47:00,186,186,186,186,0
2021-12-28 15:48:00,186,186,186,186,0
2021-12-28 15:49:00,186,186,186,186,0
2021-12-28 15:50:00,186,186,186,186,0
2021-12-28 15:51:00,186,186,186,186,0
2021-12-28 15:52:00,186,186,186,186,0
2021-12-28 15:53:00,186,186,186,186,0
2021-12-28 15:54:00,186,186,186,186,0
2021-12-28 15:55:00,186,186,186,186,0
2021-12-28 15:56:00,186,186,186,186,0
2021-12-28 15:57:00,186,186,186,186,0
2021-12-28 15:58:00,186,186,186,186,0
2021-12-28 15:59:00,186,186,186,186,0
2021-12-29 09:00:00,188,186,188,186,0
2021-12-29 09:01:00,188,186,188,186,0
2021-12-29 09:02:00,186,185,186,185,20600
2021-12-29 09:03:00,185,185,185,185,1100
2021-12-29 09:04:00,185,185,185,185,21600
2021-12-29 09:05:00,185,185,185,185,2500
2021-12-29 09:06:00,185,185,185,185,5000
2021-12-29 09:07:00,185,185,185,185,100
2021-12-29 09:08:00,185,185,185,185,800
2021-12-29 09:09:00,184,184,184,184,1500
2021-12-29 09:10:00,185,185,185,185,1500
2021-12-29 09:11:00,185,185,185,185,0
2021-12-29 09:12:00,185,185,185,185,0
2021-12-29 09:13:00,186,186,186,186,10200
2021-12-29 09:14:00,186,186,186,186,17000
2021-12-29 09:15:00,186,186,186,186,0
2021-12-29 09:16:00,186,185,186,185,1500
2021-12-29 09:17:00,186,185,186,185,0
2021-12-29 09:18:00,185,185,186,186,134300
2021-12-29 09:19:00,185,185,186,186,0
2021-12-29 09:20:00,186,186,186,186,38200
2021-12-29 09:21:00,186,186,186,186,11800
2021-12-29 09:22:00,186,186,186,186,25000
2021-12-29 09:23:00,186,186,186,186,4300
2021-12-29 09:24:00,186,185,186,185,365300
2021-12-29 09:25:00,186,185,186,185,0
2021-12-29 09:26:00,185,185,185,185,68000
2021-12-29 09:27:00,185,185,185,185,0
2021-12-29 09:28:00,185,185,185,185,0
2021-12-29 09:29:00,185,185,185,185,2500
2021-12-29 09:30:00,185,185,185,185,0
2021-12-29 09:31:00,185,185,185,185,0
2021-12-29 09:32:00,185,185,185,185,10300
2021-12-29 09:33:00,185,185,185,185,16700
2021-12-29 09:34:00,185,185,185,185,0
2021-12-29 09:35:00,185,185,185,185,0
2021-12-29 09:36:00,185,185,185,185,5000
2021-12-29 09:37:00,185,185,185,185,200
2021-12-29 09:38:00,185,185,185,185,0
2021-12-29 09:39:00,185,185,185,185,0
2021-12-29 09:40:00,186,186,186,186,2000
2021-12-29 09:41:00,185,185,186,186,8000
2021-12-29 09:42:00,186,186,186,186,1100
2021-12-29 09:43:00,186,186,186,186,100
2021-12-29 09:44:00,186,186,186,186,0
2021-12-29 09:45:00,186,186,186,186,0
2021-12-29 09:46:00,186,186,186,186,0
2021-12-29 09:47:00,186,185,186,185,40500
2021-12-29 09:48:00,186,185,186,185,0
2021-12-29 09:49:00,186,185,186,185,0
2021-12-29 09:50:00,186,185,186,185,0
2021-12-29 09:51:00,186,185,186,185,0
2021-12-29 09:52:00,186,185,186,185,0
2021-12-29 09:53:00,186,185,186,185,0
2021-12-29 09:54:00,185,185,185,185,10000
2021-12-29 09:55:00,185,185,185,185,4600
2021-12-29 09:56:00,185,185,185,185,5000
2021-12-29 09:57:00,185,185,185,185,8000
2021-12-29 09:58:00,185,185,185,185,8900
2021-12-29 09:59:00,185,185,185,185,0
2021-12-29 10:00:00,186,186,186,186,2700
2021-12-29 10:01:00,186,186,186,186,0
2021-12-29 10:02:00,186,186,186,186,0
2021-12-29 10:03:00,186,186,186,186,16900
2021-12-29 10:04:00,186,186,186,186,9200
2021-12-29 10:05:00,186,186,186,186,10000
2021-12-29 10:06:00,186,186,186,186,5200
2021-12-29 10:07:00,186,186,186,186,0
2021-12-29 10:08:00,186,186,186,186,0
2021-12-29 10:09:00,186,186,186,186,3500
2021-12-29 10:10:00,186,186,186,186,200
2021-12-29 10:11:00,186,186,186,186,600
2021-12-29 10:12:00,186,186,186,186,0
2021-12-29 10:13:00,186,186,186,186,0
2021-12-29 10:14:00,186,186,186,186,0
2021-12-29 10:15:00,186,186,186,186,2000
2021-12-29 10:16:00,186,186,186,186,100
2021-12-29 10:17:00,186,186,186,186,0
2021-12-29 10:18:00,186,185,186,185,5900
2021-12-29 10:19:00,185,185,185,185,10000
2021-12-29 10:20:00,185,185,185,185,0
2021-12-29 10:21:00,186,186,186,186,1100
2021-12-29 10:22:00,186,186,186,186,0
2021-12-29 10:23:00,186,186,186,186,0
2021-12-29 10:24:00,186,186,186,186,0
2021-12-29 10:25:00,186,186,186,186,200
2021-12-29 10:26:00,186,186,186,186,0
2021-12-29 10:27:00,186,186,186,186,0
2021-12-29 10:28:00,186,186,186,186,200
2021-12-29 10:29:00,186,186,186,186,0
2021-12-29 10:30:00,186,186,186,186,0
2021-12-29 10:31:00,186,186,186,186,0
2021-12-29 10:32:00,186,186,186,186,0
2021-12-29 10:33:00,185,185,185,185,8000
2021-12-29 10:34:00,185,185,185,185,1000
2021-12-29 10:35:00,185,185,185,185,0
2021-12-29 10:36:00,185,185,185,185,0
2021-12-29 10:37:00,185,185,185,185,0
2021-12-29 10:38:00,185,185,185,185,2000
2021-12-29 10:39:00,185,185,185,185,0
2021-12-29 10:40:00,185,184,185,184,100000
2021-12-29 10:41:00,185,185,185,185,10000
2021-12-29 10:42:00,185,185,185,185,200
2021-12-29 10:43:00,185,185,185,185,1000
2021-12-29 10:44:00,185,185,185,185,38800
2021-12-29 10:45:00,185,185,185,185,0
2021-12-29 10:46:00,185,185,185,185,0
2021-12-29 10:47:00,185,185,185,185,0
2021-12-29 10:48:00,185,185,185,185,0
2021-12-29 10:49:00,184,184,184,184,74200
2021-12-29 10:50:00,184,184,184,184,0
2021-12-29 10:51:00,184,184,184,184,33000
2021-12-29 10:52:00,184,184,184,184,0
2021-12-29 10:53:00,184,184,184,184,0
2021-12-29 10:54:00,184,184,184,184,0
2021-12-29 10:55:00,185,185,185,185,8000
2021-12-29 10:56:00,185,185,185,185,0
2021-12-29 10:57:00,185,185,185,185,0
2021-12-29 10:58:00,185,185,185,185,0
2021-12-29 10:59:00,185,185,185,185,300
2021-12-29 11:00:00,185,185,185,185,0
2021-12-29 11:01:00,185,185,185,185,0
2021-12-29 11:02:00,185,185,185,185,0
2021-12-29 11:03:00,185,185,185,185,0
2021-12-29 11:04:00,185,185,185,185,0
2021-12-29 11:05:00,185,185,185,185,0
2021-12-29 11:06:00,185,185,185,185,0
2021-12-29 11:07:00,185,185,185,185,0
2021-12-29 11:08:00,185,185,185,185,100
2021-12-29 11:09:00,185,185,185,185,1700
2021-12-29 11:10:00,185,185,185,185,0
2021-12-29 11:11:00,185,185,185,185,0
2021-12-29 11:12:00,185,185,185,185,0
2021-12-29 11:13:00,185,185,185,185,0
2021-12-29 11:14:00,185,185,185,185,0
2021-12-29 11:15:00,185,185,185,185,0
2021-12-29 11:16:00,185,185,185,185,50000
2021-12-29 11:17:00,185,185,185,185,0
2021-12-29 11:18:00,185,185,185,185,0
2021-12-29 11:19:00,185,185,185,185,0
2021-12-29 11:20:00,185,185,185,185,0
2021-12-29 11:21:00,185,185,185,185,0
2021-12-29 11:22:00,185,185,185,185,0
2021-12-29 11:23:00,185,185,185,185,0
2021-12-29 11:24:00,185,185,185,185,0
2021-12-29 11:25:00,185,185,185,185,0
2021-12-29 11:26:00,186,186,186,186,2500
2021-12-29 11:27:00,185,185,185,185,200
2021-12-29 11:28:00,185,185,185,185,5000
2021-12-29 11:29:00,185,185,185,185,0
2021-12-29 11:30:00,185,185,185,185,0
2021-12-29 11:31:00,185,185,185,185,0
2021-12-29 11:32:00,185,185,185,185,0
2021-12-29 11:33:00,185,185,185,185,0
2021-12-29 11:34:00,185,185,185,185,0
2021-12-29 11:35:00,185,185,185,185,0
2021-12-29 11:36:00,185,185,185,185,0
2021-12-29 11:37:00,185,185,185,185,0
2021-12-29 11:38:00,185,185,185,185,0
2021-12-29 11:39:00,185,185,185,185,0
2021-12-29 11:40:00,185,185,185,185,0
2021-12-29 11:41:00,185,185,185,185,0
2021-12-29 11:42:00,185,185,185,185,0
2021-12-29 11:43:00,185,185,185,185,0
2021-12-29 11:44:00,185,185,185,185,0
2021-12-29 11:45:00,185,185,185,185,0
2021-12-29 11:46:00,185,185,185,185,0
2021-12-29 11:47:00,185,185,185,185,0
2021-12-29 11:48:00,185,185,185,185,0
2021-12-29 11:49:00,185,185,185,185,0
2021-12-29 11:50:00,185,185,185,185,0
2021-12-29 11:51:00,185,185,185,185,0
2021-12-29 11:52:00,185,185,185,185,0
2021-12-29 11:53:00,185,185,185,185,0
2021-12-29 11:54:00,185,185,185,185,0
2021-12-29 11:55:00,185,185,185,185,0
2021-12-29 11:56:00,185,185,185,185,0
2021-12-29 11:57:00,185,185,185,185,0
2021-12-29 11:58:00,185,185,185,185,0
2021-12-29 11:59:00,185,185,185,185,0
2021-12-29 12:00:00,185,185,185,185,0
2021-12-29 12:01:00,185,185,185,185,0
2021-12-29 12:02:00,185,185,185,185,0
2021-12-29 12:03:00,185,185,185,185,0
2021-12-29 12:04:00,185,185,185,185,0
2021-12-29 12:05:00,185,185,185,185,0
2021-12-29 12:06:00,185,185,185,185,0
2021-12-29 12:07:00,185,185,185,185,0
2021-12-29 12:08:00,185,185,185,185,0
2021-12-29 12:09:00,185,185,185,185,0
2021-12-29 12:10:00,185,185,185,185,0
2021-12-29 12:11:00,185,185,185,185,0
2021-12-29 12:12:00,185,185,185,185,0
2021-12-29 12:13:00,185,185,185,185,0
2021-12-29 12:14:00,185,185,185,185,0
2021-12-29 12:15:00,185,185,185,185,0
2021-12-29 12:16:00,185,185,185,185,0
2021-12-29 12:17:00,185,185,185,185,0
2021-12-29 12:18:00,185,185,185,185,0
2021-12-29 12:19:00,185,185,185,185,0
2021-12-29 12:20:00,185,185,185,185,0
2021-12-29 12:21:00,185,185,185,185,0
2021-12-29 12:22:00,185,185,185,185,0
2021-12-29 12:23:00,185,185,185,185,0
2021-12-29 12:24:00,185,185,185,185,0
2021-12-29 12:25:00,185,185,185,185,0
2021-12-29 12:26:00,185,185,185,185,0
2021-12-29 12:27:00,185,185,185,185,0
2021-12-29 12:28:00,185,185,185,185,0
2021-12-29 12:29:00,185,185,185,185,0
2021-12-29 12:30:00,185,185,185,185,0
2021-12-29 12:31:00,185,185,185,185,0
2021-12-29 12:32:00,185,185,185,185,0
2021-12-29 12:33:00,185,185,185,185,0
2021-12-29 12:34:00,185,185,185,185,0
2021-12-29 12:35:00,185,185,185,185,0
2021-12-29 12:36:00,185,185,185,185,0
2021-12-29 12:37:00,185,185,185,185,0
2021-12-29 12:38:00,185,185,185,185,0
2021-12-29 12:39:00,185,185,185,185,0
2021-12-29 12:40:00,185,185,185,185,0
2021-12-29 12:41:00,185,185,185,185,0
2021-12-29 12:42:00,185,185,185,185,0
2021-12-29 12:43:00,185,185,185,185,0
2021-12-29 12:44:00,185,185,185,185,0
2021-12-29 12:45:00,185,185,185,185,0
2021-12-29 12:46:00,185,185,185,185,0
2021-12-29 12:47:00,185,185,185,185,0
2021-12-29 12:48:00,185,185,185,185,0
2021-12-29 12:49:00,185,185,185,185,0
2021-12-29 12:50:00,185,185,185,185,0
2021-12-29 12:51:00,185,185,185,185,0
2021-12-29 12:52:00,185,185,185,185,0
2021-12-29 12:53:00,185,185,185,185,0
2021-12-29 12:54:00,185,185,185,185,0
2021-12-29 12:55:00,185,185,185,185,0
2021-12-29 12:56:00,185,185,185,185,0
2021-12-29 12:57:00,185,185,185,185,0
2021-12-29 12:58:00,185,185,185,185,0
2021-12-29 12:59:00,185,185,185,185,0
2021-12-29 13:00:00,185,185,185,185,0
2021-12-29 13:01:00,185,185,185,185,0
2021-12-29 13:02:00,185,185,185,185,0
2021-12-29 13:03:00,185,185,185,185,0
2021-12-29 13:04:00,185,185,185,185,0
2021-12-29 13:05:00,185,185,185,185,0
2021-12-29 13:06:00,185,185,185,185,0
2021-12-29 13:07:00,185,185,185,185,0
2021-12-29 13:08:00,185,185,185,185,0
2021-12-29 13:09:00,185,185,185,185,0
2021-12-29 13:10:00,185,185,185,185,0
2021-12-29 13:11:00,185,185,185,185,0
2021-12-29 13:12:00,185,185,185,185,0
2021-12-29 13:13:00,185,185,185,185,0
2021-12-29 13:14:00,185,185,185,185,0
2021-12-29 13:15:00,185,185,185,185,0
2021-12-29 13:16:00,185,185,185,185,0
2021-12-29 13:17:00,185,185,185,185,0
2021-12-29 13:18:00,185,185,185,185,0
2021-12-29 13:19:00,185,185,185,185,0
2021-12-29 13:20:00,185,185,185,185,0
2021-12-29 13:21:00,185,185,185,185,0
2021-12-29 13:22:00,185,185,185,185,0
2021-12-29 13:23:00,185,185,185,185,0
2021-12-29 13:24:00,185,185,185,185,0
2021-12-29 13:25:00,185,185,185,185,0
2021-12-29 13:26:00,185,185,185,185,0
2021-12-29 13:27:00,185,185,185,185,0
2021-12-29 13:28:00,185,185,185,185,0
2021-12-29 13:29:00,185,185,185,185,0
2021-12-29 13:30:00,185,185,185,185,26500
2021-12-29 13:31:00,185,185,185,185,0
2021-12-29 13:32:00,185,185,185,185,100
2021-12-29 13:33:00,186,186,186,186,120000
2021-12-29 13:34:00,186,186,186,186,0
2021-12-29 13:35:00,186,186,186,186,0
2021-12-29 13:36:00,186,186,186,186,0
2021-12-29 13:37:00,186,186,186,186,0
2021-12-29 13:38:00,186,186,186,186,0
2021-12-29 13:39:00,186,186,186,186,0
2021-12-29 13:40:00,186,186,186,186,0
2021-12-29 13:41:00,186,186,186,186,0
2021-12-29 13:42:00,186,186,186,186,0
2021-12-29 13:43:00,186,186,186,186,500
2021-12-29 13:44:00,186,186,186,186,0
2021-12-29 13:45:00,186,186,186,186,0
2021-12-29 13:46:00,186,186,186,186,0
2021-12-29 13:47:00,186,186,186,186,0
2021-12-29 13:48:00,186,186,186,186,0
2021-12-29 13:49:00,186,186,186,186,0
2021-12-29 13:50:00,186,186,186,186,0
2021-12-29 13:51:00,186,186,186,186,0
2021-12-29 13:52:00,186,186,186,186,0
2021-12-29 13:53:00,186,186,186,186,0
2021-12-29 13:54:00,186,186,186,186,0
2021-12-29 13:55:00,186,186,186,186,0
2021-12-29 13:56:00,186,186,186,186,100
2021-12-29 13:57:00,186,186,186,186,5400
2021-12-29 13:58:00,186,186,186,186,0
2021-12-29 13:59:00,186,186,186,186,0
2021-12-29 14:00:00,186,186,186,186,100
2021-12-29 14:01:00,186,186,186,186,0
2021-12-29 14:02:00,186,186,186,186,0
2021-12-29 14:03:00,186,186,186,186,0
2021-12-29 14:04:00,186,186,186,186,0
2021-12-29 14:05:00,186,186,186,186,0
2021-12-29 14:06:00,186,186,186,186,0
2021-12-29 14:07:00,186,186,186,186,0
2021-12-29 14:08:00,186,186,186,186,0
2021-12-29 14:09:00,186,186,186,186,0
2021-12-29 14:10:00,186,186,186,186,0
2021-12-29 14:11:00,186,186,186,186,0
2021-12-29 14:12:00,186,186,186,186,3000
2021-12-29 14:13:00,186,186,186,186,0
2021-12-29 14:14:00,185,185,185,185,18100
2021-12-29 14:15:00,185,185,185,185,0
2021-12-29 14:16:00,185,185,185,185,0
2021-12-29 14:17:00,185,185,185,185,0
2021-12-29 14:18:00,185,185,185,185,0
2021-12-29 14:19:00,185,185,185,185,0
2021-12-29 14:20:00,185,185,185,185,300000
2021-12-29 14:21:00,185,185,185,185,0
2021-12-29 14:22:00,185,185,185,185,110000
2021-12-29 14:23:00,185,185,185,185,0
2021-12-29 14:24:00,185,185,185,185,40600
2021-12-29 14:25:00,185,185,185,185,20000
2021-12-29 14:26:00,185,185,185,185,70000
2021-12-29 14:27:00,185,185,185,185,0
2021-12-29 14:28:00,185,185,185,185,0
2021-12-29 14:29:00,185,185,185,185,0
2021-12-29 14:30:00,185,185,185,185,80000
2021-12-29 14:31:00,185,185,185,185,0
2021-12-29 14:32:00,185,185,185,185,0
2021-12-29 14:33:00,185,185,185,185,46000
2021-12-29 14:34:00,185,185,185,185,5400
2021-12-29 14:35:00,185,185,185,185,12900
2021-12-29 14:36:00,185,185,185,185,57300
2021-12-29 14:37:00,185,185,185,185,0
2021-12-29 14:38:00,185,185,185,185,100
2021-12-29 14:39:00,185,185,185,185,0
2021-12-29 14:40:00,185,185,185,185,0
2021-12-29 14:41:00,185,185,185,185,0
2021-12-29 14:42:00,184,184,184,184,3100
2021-12-29 14:43:00,185,185,185,185,33100
2021-12-29 14:44:00,185,185,185,185,0
2021-12-29 14:45:00,185,185,185,185,16900
2021-12-29 14:46:00,185,185,185,185,0
2021-12-29 14:47:00,185,185,185,185,0
2021-12-29 14:48:00,185,185,185,185,0
2021-12-29 14:49:00,184,184,184,184,17100
2021-12-29 14:50:00,184,184,184,184,0
2021-12-29 14:51:00,184,184,184,184,0
2021-12-29 14:52:00,184,184,184,184,0
2021-12-29 14:53:00,184,184,184,184,0
2021-12-29 14:54:00,184,184,184,184,0
2021-12-29 14:55:00,184,184,184,184,0
2021-12-29 14:56:00,184,184,184,184,0
2021-12-29 14:57:00,184,184,184,184,0
2021-12-29 14:58:00,184,184,184,184,0
2021-12-29 14:59:00,184,184,184,184,0
2021-12-29 15:00:00,184,184,184,184,507200
2021-12-29 15:01:00,184,184,184,184,100
2021-12-29 15:02:00,184,184,184,184,300
2021-12-29 15:03:00,184,184,184,184,7500
2021-12-29 15:04:00,184,184,184,184,184600
2021-12-29 15:05:00,184,184,184,184,0
2021-12-29 15:06:00,184,184,184,184,0
2021-12-29 15:07:00,184,184,184,184,0
2021-12-29 15:08:00,184,184,184,184,0
2021-12-29 15:09:00,184,184,184,184,10000
2021-12-29 15:10:00,184,184,184,184,20000
2021-12-29 15:11:00,184,184,184,184,0
2021-12-29 15:12:00,184,184,184,184,10000
2021-12-29 15:13:00,184,184,184,184,60000
2021-12-29 15:14:00,184,184,184,184,210000
2021-12-29 15:15:00,184,184,184,184,0
2021-12-29 15:16:00,184,184,184,184,0
2021-12-29 15:17:00,184,184,184,184,0
2021-12-29 15:18:00,184,184,184,184,0
2021-12-29 15:19:00,184,184,184,184,0
2021-12-29 15:20:00,184,184,184,184,0
2021-12-29 15:21:00,184,184,184,184,0
2021-12-29 15:22:00,184,184,184,184,0
2021-12-29 15:23:00,184,184,184,184,0
2021-12-29 15:24:00,184,184,184,184,0
2021-12-29 15:25:00,184,184,184,184,0
2021-12-29 15:26:00,184,184,184,184,0
2021-12-29 15:27:00,184,184,184,184,0
2021-12-29 15:28:00,184,184,184,184,0
2021-12-29 15:29:00,184,184,184,184,0
2021-12-29 15:30:00,184,184,184,184,0
2021-12-29 15:31:00,184,184,184,184,0
2021-12-29 15:32:00,184,184,184,184,0
2021-12-29 15:33:00,184,184,184,184,0
2021-12-29 15:34:00,184,184,184,184,0
2021-12-29 15:35:00,184,184,184,184,0
2021-12-29 15:36:00,184,184,184,184,0
2021-12-29 15:37:00,184,184,184,184,0
2021-12-29 15:38:00,184,184,184,184,0
2021-12-29 15:39:00,184,184,184,184,0
2021-12-29 15:40:00,184,184,184,184,0
2021-12-29 15:41:00,184,184,184,184,0
2021-12-29 15:42:00,184,184,184,184,0
2021-12-29 15:43:00,184,184,184,184,0
2021-12-29 15:44:00,184,184,184,184,0
2021-12-29 15:45:00,184,184,184,184,0
2021-12-29 15:46:00,184,184,184,184,0
2021-12-29 15:47:00,184,184,184,184,0
2021-12-29 15:48:00,184,184,184,184,0
2021-12-29 15:49:00,184,184,184,184,0
2021-12-29 15:50:00,184,184,184,184,0
2021-12-29 15:51:00,184,184,184,184,0
2021-12-29 15:52:00,184,184,184,184,0
2021-12-29 15:53:00,184,184,184,184,0
2021-12-29 15:54:00,184,184,184,184,0
2021-12-29 15:55:00,184,184,184,184,0
2021-12-29 15:56:00,184,184,184,184,0
2021-12-29 15:57:00,184,184,184,184,0
2021-12-29 15:58:00,184,184,184,184,0
2021-12-29 15:59:00,184,184,184,184,0
2021-12-30 09:00:00,184,184,184,184,0
2021-12-30 09:01:00,184,184,184,184,0
2021-12-30 09:02:00,184,184,184,184,0
2021-12-30 09:03:00,184,184,184,184,0
2021-12-30 09:04:00,184,184,184,184,2000
2021-12-30 09:05:00,184,184,184,184,0
2021-12-30 09:06:00,184,184,184,184,0
2021-12-30 09:07:00,184,184,184,184,100
2021-12-30 09:08:00,184,184,184,184,0
2021-12-30 09:09:00,184,184,184,184,0
2021-12-30 09:10:00,184,184,184,184,100
2021-12-30 09:11:00,184,184,184,184,0
2021-12-30 09:12:00,184,184,184,184,0
2021-12-30 09:13:00,184,184,184,184,0
2021-12-30 09:14:00,184,184,184,184,0
2021-12-30 09:15:00,184,184,184,184,0
2021-12-30 09:16:00,184,184,184,184,7500
2021-12-30 09:17:00,184,184,184,184,6600
2021-12-30 09:18:00,184,184,184,184,0
2021-12-30 09:19:00,184,184,184,184,21500
2021-12-30 09:20:00,184,184,184,184,200
2021-12-30 09:21:00,184,184,184,184,0
2021-12-30 09:22:00,184,184,184,184,0
2021-12-30 09:23:00,184,184,184,184,0
2021-12-30 09:24:00,184,184,184,184,1000
2021-12-30 09:25:00,184,184,184,184,0
2021-12-30 09:26:00,184,184,184,184,0
2021-12-30 09:27:00,184,184,184,184,500
2021-12-30 09:28:00,184,184,184,184,0
2021-12-30 09:29:00,184,184,184,184,100
2021-12-30 09:30:00,185,184,185,184,700
2021-12-30 09:31:00,184,184,184,184,14000
2021-12-30 09:32:00,184,184,184,184,200
2021-12-30 09:33:00,184,184,184,184,0
2021-12-30 09:34:00,184,184,184,184,1500
2021-12-30 09:35:00,184,184,184,184,304400
2021-12-30 09:36:00,185,185,185,185,1500
2021-12-30 09:37:00,185,185,185,185,0
2021-12-30 09:38:00,184,184,184,184,50000
2021-12-30 09:39:00,184,184,184,184,1000
2021-12-30 09:40:00,184,184,184,184,70000
2021-12-30 09:41:00,184,184,184,184,9500
2021-12-30 09:42:00,184,184,184,184,0
2021-12-30 09:43:00,184,184,184,184,89500
2021-12-30 09:44:00,184,184,184,184,0
2021-12-30 09:45:00,184,184,184,184,0
2021-12-30 09:46:00,183,183,184,184,19700
2021-12-30 09:47:00,183,183,184,184,0
2021-12-30 09:48:00,184,184,184,184,100
2021-12-30 09:49:00,184,184,184,184,0
2021-12-30 09:50:00,184,184,184,184,300
2021-12-30 09:51:00,184,184,184,184,0
2021-12-30 09:52:00,184,184,184,184,0
2021-12-30 09:53:00,184,184,184,184,0
2021-12-30 09:54:00,184,184,184,184,100
2021-12-30 09:55:00,184,184,184,184,0
2021-12-30 09:56:00,184,184,184,184,0
2021-12-30 09:57:00,184,184,184,184,2000
2021-12-30 09:58:00,184,184,184,184,0
2021-12-30 09:59:00,184,184,184,184,0
2021-12-30 10:00:00,184,184,184,184,500
2021-12-30 10:01:00,184,184,184,184,5900
2021-12-30 10:02:00,184,184,184,184,0
2021-12-30 10:03:00,184,184,184,184,0
2021-12-30 10:04:00,184,184,184,184,0
2021-12-30 10:05:00,184,184,184,184,0
2021-12-30 10:06:00,184,184,184,184,25000
2021-12-30 10:07:00,184,184,184,184,9100
2021-12-30 10:08:00,184,184,184,184,0
2021-12-30 10:09:00,184,184,184,184,0
2021-12-30 10:10:00,184,184,184,184,0
2021-12-30 10:11:00,184,184,184,184,0
2021-12-30 10:12:00,184,184,184,184,0
2021-12-30 10:13:00,184,184,184,184,0
2021-12-30 10:14:00,184,184,184,184,0
2021-12-30 10:15:00,184,184,184,184,0
2021-12-30 10:16:00,184,184,184,184,0
2021-12-30 10:17:00,184,184,184,184,0
2021-12-30 10:18:00,184,184,184,184,0
2021-12-30 10:19:00,184,184,184,184,0
2021-12-30 10:20:00,184,184,184,184,0
2021-12-30 10:21:00,184,184,184,184,0
2021-12-30 10:22:00,184,184,184,184,0
2021-12-30 10:23:00,184,184,184,184,0
2021-12-30 10:24:00,184,184,184,184,0
2021-12-30 10:25:00,184,184,184,184,0
2021-12-30 10:26:00,184,184,184,184,31000
2021-12-30 10:27:00,184,184,184,184,0
2021-12-30 10:28:00,184,184,184,184,0
2021-12-30 10:29:00,184,184,184,184,10200
2021-12-30 10:30:00,184,184,184,184,6200
2021-12-30 10:31:00,184,184,184,184,9700
2021-12-30 10:32:00,184,184,184,184,0
2021-12-30 10:33:00,184,184,184,184,0
2021-12-30 10:34:00,184,184,184,184,0
2021-12-30 10:35:00,184,184,184,184,10000
2021-12-30 10:36:00,184,184,184,184,0
2021-12-30 10:37:00,184,184,184,184,17900
2021-12-30 10:38:00,184,184,184,184,0
2021-12-30 10:39:00,184,184,184,184,0
2021-12-30 10:40:00,184,184,184,184,5000
2021-12-30 10:41:00,184,184,184,184,8400
2021-12-30 10:42:00,184,184,184,184,600
2021-12-30 10:43:00,184,184,184,184,3500
2021-12-30 10:44:00,184,184,184,184,1300
2021-12-30 10:45:00,184,184,184,184,0
2021-12-30 10:46:00,184,184,184,184,0
2021-12-30 10:47:00,184,184,184,184,0
2021-12-30 10:48:00,184,184,184,184,0
2021-12-30 10:49:00,184,184,184,184,12700
2021-12-30 10:50:00,184,184,184,184,1500
2021-12-30 10:51:00,183,183,183,183,1000
2021-12-30 10:52:00,183,183,183,183,0
2021-12-30 10:53:00,184,184,184,184,6600
2021-12-30 10:54:00,183,183,184,184,1700
2021-12-30 10:55:00,183,183,184,184,0
2021-12-30 10:56:00,183,183,184,184,0
2021-12-30 10:57:00,183,183,184,184,0
2021-12-30 10:58:00,183,183,184,184,0
2021-12-30 10:59:00,184,184,184,184,100
2021-12-30 11:00:00,184,184,184,184,500
2021-12-30 11:01:00,184,184,184,184,2500
2021-12-30 11:02:00,183,183,184,184,10100
2021-12-30 11:03:00,183,183,184,184,0
2021-12-30 11:04:00,183,183,184,184,0
2021-12-30 11:05:00,183,183,184,184,0
2021-12-30 11:06:00,183,183,184,184,0
2021-12-30 11:07:00,184,184,184,184,10000
2021-12-30 11:08:00,184,184,184,184,0
2021-12-30 11:09:00,184,184,184,184,0
2021-12-30 11:10:00,184,184,184,184,1700
2021-12-30 11:11:00,184,184,184,184,0
2021-12-30 11:12:00,184,184,184,184,0
2021-12-30 11:13:00,184,184,184,184,0
2021-12-30 11:14:00,184,184,184,184,0
2021-12-30 11:15:00,184,184,184,184,0
2021-12-30 11:16:00,184,184,184,184,0
2021-12-30 11:17:00,184,184,184,184,0
2021-12-30 11:18:00,184,184,184,184,0
2021-12-30 11:19:00,184,184,184,184,0
2021-12-30 11:20:00,184,184,184,184,5000
2021-12-30 11:21:00,184,184,184,184,0
2021-12-30 11:22:00,184,184,184,184,0
2021-12-30 11:23:00,184,184,184,184,0
2021-12-30 11:24:00,184,184,184,184,0
2021-12-30 11:25:00,184,184,184,184,0
2021-12-30 11:26:00,184,184,184,184,0
2021-12-30 11:27:00,184,184,184,184,0
2021-12-30 11:28:00,184,184,184,184,0
2021-12-30 11:29:00,184,184,184,184,100
2021-12-30 11:30:00,184,184,184,184,0
2021-12-30 11:31:00,184,184,184,184,0
2021-12-30 11:32:00,184,184,184,184,0
2021-12-30 11:33:00,184,184,184,184,0
2021-12-30 11:34:00,184,184,184,184,0
2021-12-30 11:35:00,184,184,184,184,0
2021-12-30 11:36:00,184,184,184,184,0
2021-12-30 11:37:00,184,184,184,184,0
2021-12-30 11:38:00,184,184,184,184,0
2021-12-30 11:39:00,184,184,184,184,0
2021-12-30 11:40:00,184,184,184,184,0
2021-12-30 11:41:00,184,184,184,184,0
2021-12-30 11:42:00,184,184,184,184,0
2021-12-30 11:43:00,184,184,184,184,0
2021-12-30 11:44:00,184,184,184,184,0
2021-12-30 11:45:00,184,184,184,184,0
2021-12-30 11:46:00,184,184,184,184,0
2021-12-30 11:47:00,184,184,184,184,0
2021-12-30 11:48:00,184,184,184,184,0
2021-12-30 11:49:00,184,184,184,184,0
2021-12-30 11:50:00,184,184,184,184,0
2021-12-30 11:51:00,184,184,184,184,0
2021-12-30 11:52:00,184,184,184,184,0
2021-12-30 11:53:00,184,184,184,184,0
2021-12-30 11:54:00,184,184,184,184,0
2021-12-30 11:55:00,184,184,184,184,0
2021-12-30 11:56:00,184,184,184,184,0
2021-12-30 11:57:00,184,184,184,184,0
2021-12-30 11:58:00,184,184,184,184,0
2021-12-30 11:59:00,184,184,184,184,0
2021-12-30 12:00:00,184,184,184,184,0
2021-12-30 12:01:00,184,184,184,184,0
2021-12-30 12:02:00,184,184,184,184,0
2021-12-30 12:03:00,184,184,184,184,0
2021-12-30 12:04:00,184,184,184,184,0
2021-12-30 12:05:00,184,184,184,184,0
2021-12-30 12:06:00,184,184,184,184,0
2021-12-30 12:07:00,184,184,184,184,0
2021-12-30 12:08:00,184,184,184,184,0
2021-12-30 12:09:00,184,184,184,184,0
2021-12-30 12:10:00,184,184,184,184,0
2021-12-30 12:11:00,184,184,184,184,0
2021-12-30 12:12:00,184,184,184,184,0
2021-12-30 12:13:00,184,184,184,184,0
2021-12-30 12:14:00,184,184,184,184,0
2021-12-30 12:15:00,184,184,184,184,0
2021-12-30 12:16:00,184,184,184,184,0
2021-12-30 12:17:00,184,184,184,184,0
2021-12-30 12:18:00,184,184,184,184,0
2021-12-30 12:19:00,184,184,184,184,0
2021-12-30 12:20:00,184,184,184,184,0
2021-12-30 12:21:00,184,184,184,184,0
2021-12-30 12:22:00,184,184,184,184,0
2021-12-30 12:23:00,184,184,184,184,0
2021-12-30 12:24:00,184,184,184,184,0
2021-12-30 12:25:00,184,184,184,184,0
2021-12-30 12:26:00,184,184,184,184,0
2021-12-30 12:27:00,184,184,184,184,0
2021-12-30 12:28:00,184,184,184,184,0
2021-12-30 12:29:00,184,184,184,184,0
2021-12-30 12:30:00,184,184,184,184,0
2021-12-30 12:31:00,184,184,184,184,0
2021-12-30 12:32:00,184,184,184,184,0
2021-12-30 12:33:00,184,184,184,184,0
2021-12-30 12:34:00,184,184,184,184,0
2021-12-30 12:35:00,184,184,184,184,0
2021-12-30 12:36:00,184,184,184,184,0
2021-12-30 12:37:00,184,184,184,184,0
2021-12-30 12:38:00,184,184,184,184,0
2021-12-30 12:39:00,184,184,184,184,0
2021-12-30 12:40:00,184,184,184,184,0
2021-12-30 12:41:00,184,184,184,184,0
2021-12-30 12:42:00,184,184,184,184,0
2021-12-30 12:43:00,184,184,184,184,0
2021-12-30 12:44:00,184,184,184,184,0
2021-12-30 12:45:00,184,184,184,184,0
2021-12-30 12:46:00,184,184,184,184,0
2021-12-30 12:47:00,184,184,184,184,0
2021-12-30 12:48:00,184,184,184,184,0
2021-12-30 12:49:00,184,184,184,184,0
2021-12-30 12:50:00,184,184,184,184,0
2021-12-30 12:51:00,184,184,184,184,0
2021-12-30 12:52:00,184,184,184,184,0
2021-12-30 12:53:00,184,184,184,184,0
2021-12-30 12:54:00,184,184,184,184,0
2021-12-30 12:55:00,184,184,184,184,0
2021-12-30 12:56:00,184,184,184,184,0
2021-12-30 12:57:00,184,184,184,184,0
2021-12-30 12:58:00,184,184,184,184,0
2021-12-30 12:59:00,184,184,184,184,0
2021-12-30 13:00:00,184,184,184,184,0
2021-12-30 13:01:00,184,184,184,184,0
2021-12-30 13:02:00,184,184,184,184,0
2021-12-30 13:03:00,184,184,184,184,0
2021-12-30 13:04:00,184,184,184,184,0
2021-12-30 13:05:00,184,184,184,184,0
2021-12-30 13:06:00,184,184,184,184,0
2021-12-30 13:07:00,184,184,184,184,0
2021-12-30 13:08:00,184,184,184,184,0
2021-12-30 13:09:00,184,184,184,184,0
2021-12-30 13:10:00,184,184,184,184,0
2021-12-30 13:11:00,184,184,184,184,0
2021-12-30 13:12:00,184,184,184,184,0
2021-12-30 13:13:00,184,184,184,184,0
2021-12-30 13:14:00,184,184,184,184,0
2021-12-30 13:15:00,184,184,184,184,0
2021-12-30 13:16:00,184,184,184,184,0
2021-12-30 13:17:00,184,184,184,184,0
2021-12-30 13:18:00,184,184,184,184,0
2021-12-30 13:19:00,184,184,184,184,0
2021-12-30 13:20:00,184,184,184,184,0
2021-12-30 13:21:00,184,184,184,184,0
2021-12-30 13:22:00,184,184,184,184,0
2021-12-30 13:23:00,184,184,184,184,0
2021-12-30 13:24:00,184,184,184,184,0
2021-12-30 13:25:00,184,184,184,184,0
2021-12-30 13:26:00,184,184,184,184,0
2021-12-30 13:27:00,184,184,184,184,0
2021-12-30 13:28:00,184,184,184,184,0
2021-12-30 13:29:00,184,184,184,184,0
2021-12-30 13:30:00,185,184,185,185,30000
2021-12-30 13:31:00,185,184,185,185,0
2021-12-30 13:32:00,185,184,185,185,0
2021-12-30 13:33:00,185,184,185,185,0
2021-12-30 13:34:00,185,184,185,185,0
2021-12-30 13:35:00,185,184,185,185,0
2021-12-30 13:36:00,185,184,185,185,0
2021-12-30 13:37:00,185,184,185,185,0
2021-12-30 13:38:00,185,185,185,185,5000
2021-12-30 13:39:00,185,185,185,185,0
2021-12-30 13:40:00,185,185,185,185,0
2021-12-30 13:41:00,185,185,185,185,0
2021-12-30 13:42:00,185,185,185,185,0
2021-12-30 13:43:00,185,185,185,185,2000
2021-12-30 13:44:00,184,184,184,184,42100
2021-12-30 13:45:00,184,184,184,184,0
2021-12-30 13:46:00,184,184,184,184,0
2021-12-30 13:47:00,184,184,184,184,0
2021-12-30 13:48:00,184,184,184,184,4600
2021-12-30 13:49:00,184,184,184,184,0
2021-12-30 13:50:00,184,184,184,184,135400
2021-12-30 13:51:00,184,184,184,184,0
2021-12-30 13:52:00,184,184,184,184,300
2021-12-30 13:53:00,184,184,184,184,20500
2021-12-30 13:54:00,184,184,184,184,210000
2021-12-30 13:55:00,184,184,184,184,60000
2021-12-30 13:56:00,184,184,184,184,10000
2021-12-30 13:57:00,185,184,185,184,3700
2021-12-30 13:58:00,184,183,184,183,11000
2021-12-30 13:59:00,184,184,184,184,5500
2021-12-30 14:00:00,184,184,184,184,3000
2021-12-30 14:01:00,184,184,184,184,0
2021-12-30 14:02:00,184,184,184,184,0
2021-12-30 14:03:00,184,184,184,184,0
2021-12-30 14:04:00,184,184,184,184,0
2021-12-30 14:05:00,184,184,184,184,300
2021-12-30 14:06:00,185,185,185,185,2900
2021-12-30 14:07:00,185,185,185,185,100
2021-12-30 14:08:00,184,184,184,184,6700
2021-12-30 14:09:00,184,184,184,184,1200
2021-12-30 14:10:00,184,184,184,184,0
2021-12-30 14:11:00,184,184,184,184,0
2021-12-30 14:12:00,184,184,184,184,0
2021-12-30 14:13:00,184,184,184,184,0
2021-12-30 14:14:00,184,184,184,184,0
2021-12-30 14:15:00,184,184,184,184,0
2021-12-30 14:16:00,183,183,183,183,2900
2021-12-30 14:17:00,184,184,184,184,100
2021-12-30 14:18:00,183,183,183,183,5500
2021-12-30 14:19:00,183,183,183,183,0
2021-12-30 14:20:00,183,183,183,183,0
2021-12-30 14:21:00,184,184,184,184,2500
2021-12-30 14:22:00,184,184,184,184,5000
2021-12-30 14:23:00,184,184,184,184,5000
2021-12-30 14:24:00,184,184,184,184,0
2021-12-30 14:25:00,184,184,184,184,0
2021-12-30 14:26:00,184,184,184,184,0
2021-12-30 14:27:00,184,184,184,184,0
2021-12-30 14:28:00,184,184,184,184,0
2021-12-30 14:29:00,184,184,184,184,0
2021-12-30 14:30:00,184,184,184,184,900
2021-12-30 14:31:00,184,184,184,184,2000
2021-12-30 14:32:00,183,183,183,183,80000
2021-12-30 14:33:00,183,183,184,184,300
2021-12-30 14:34:00,183,183,183,183,5500
2021-12-30 14:35:00,183,183,183,183,0
2021-12-30 14:36:00,183,183,183,183,0
2021-12-30 14:37:00,183,183,183,183,0
2021-12-30 14:38:00,183,183,183,183,20000
2021-12-30 14:39:00,183,183,183,183,0
2021-12-30 14:40:00,183,183,183,183,0
2021-12-30 14:41:00,183,183,183,183,25800
2021-12-30 14:42:00,184,184,184,184,5000
2021-12-30 14:43:00,184,184,184,184,0
2021-12-30 14:44:00,183,183,184,184,11000
2021-12-30 14:45:00,183,183,183,183,100000
2021-12-30 14:46:00,183,183,183,183,0
2021-12-30 14:47:00,184,184,184,184,3000
2021-12-30 14:48:00,184,184,184,184,0
2021-12-30 14:49:00,183,183,184,184,71000
2021-12-30 14:50:00,183,183,184,184,0
2021-12-30 14:51:00,183,183,184,184,0
2021-12-30 14:52:00,183,183,184,184,0
2021-12-30 14:53:00,183,183,184,184,0
2021-12-30 14:54:00,183,183,184,184,0
2021-12-30 14:55:00,183,183,184,184,0
2021-12-30 14:56:00,183,183,184,184,0
2021-12-30 14:57:00,183,183,184,184,0
2021-12-30 14:58:00,183,183,184,184,0
2021-12-30 14:59:00,183,183,184,184,0
2021-12-30 15:00:00,182,182,182,182,120000
2021-12-30 15:01:00,182,182,182,182,3000
2021-12-30 15:02:00,182,182,182,182,41000
2021-12-30 15:03:00,182,182,182,182,1000
2021-12-30 15:04:00,182,182,182,182,13000
2021-12-30 15:05:00,182,182,182,182,76900
2021-12-30 15:06:00,182,182,182,182,100
2021-12-30 15:07:00,182,182,182,182,9000
2021-12-30 15:08:00,182,182,182,182,3500
2021-12-30 15:09:00,182,182,182,182,5000
2021-12-30 15:10:00,182,182,182,182,0
2021-12-30 15:11:00,182,182,182,182,0
2021-12-30 15:12:00,182,182,182,182,9700
2021-12-30 15:13:00,182,182,182,182,3000
2021-12-30 15:14:00,182,182,182,182,0
2021-12-30 15:15:00,182,182,182,182,0
2021-12-30 15:16:00,182,182,182,182,0
2021-12-30 15:17:00,182,182,182,182,0
2021-12-30 15:18:00,182,182,182,182,0
2021-12-30 15:19:00,182,182,182,182,0
2021-12-30 15:20:00,182,182,182,182,0
2021-12-30 15:21:00,182,182,182,182,0
2021-12-30 15:22:00,182,182,182,182,0
2021-12-30 15:23:00,182,182,182,182,0
2021-12-30 15:24:00,182,182,182,182,0
2021-12-30 15:25:00,182,182,182,182,0
2021-12-30 15:26:00,182,182,182,182,0
2021-12-30 15:27:00,182,182,182,182,0
2021-12-30 15:28:00,182,182,182,182,0
2021-12-30 15:29:00,182,182,182,182,0
2021-12-30 15:30:00,182,182,182,182,0
2021-12-30 15:31:00,182,182,182,182,0
2021-12-30 15:32:00,182,182,182,182,0
2021-12-30 15:33:00,182,182,182,182,0
2021-12-30 15:34:00,182,182,182,182,0
2021-12-30 15:35:00,182,182,182,182,0
2021-12-30 15:36:00,182,182,182,182,0
2021-12-30 15:37:00,182,182,182,182,0
2021-12-30 15:38:00,182,182,182,182,0
2021-12-30 15:39:00,182,182,182,182,0
2021-12-30 15:40:00,182,182,182,182,0
2021-12-30 15:41:00,182,182,182,182,0
2021-12-30 15:42:00,182,182,182,182,0
2021-12-30 15:43:00,182,182,182,182,0
2021-12-30 15:44:00,182,182,182,182,0
2021-12-30 15:45:00,182,182,182,182,0
2021-12-30 15:46:00,182,182,182,182,0
2021-12-30 15:47:00,182,182,182,182,0
2021-12-30 15:48:00,182,182,182,182,0
2021-12-30 15:49:00,182,182,182,182,0
2021-12-30 15:50:00,182,182,182,182,0
2021-12-30 15:51:00,182,182,182,182,0
2021-12-30 15:52:00,182,182,182,182,0
2021-12-30 15:53:00,182,182,182,182,0
2021-12-30 15:54:00,182,182,182,182,0
2021-12-30 15:55:00,182,182,182,182,0
2021-12-30 15:56:00,182,182,182,182,0
2021-12-30 15:57:00,182,182,182,182,0
2021-12-30 15:58:00,182,182,182,182,0
2021-12-30 15:59:00,182,182,182,182,0
2021-12-31 09:00:00,182,182,182,182,0
2021-12-31 09:01:00,182,182,182,182,0
2021-12-31 09:02:00,182,182,182,182,0
2021-12-31 09:03:00,182,182,182,182,0
2021-12-31 09:04:00,182,182,182,182,0
2021-12-31 09:05:00,182,182,182,182,0
2021-12-31 09:06:00,182,182,182,182,0
2021-12-31 09:07:00,182,182,182,182,0
2021-12-31 09:08:00,182,182,182,182,0
2021-12-31 09:09:00,182,182,182,182,0
2021-12-31 09:10:00,182,182,182,182,0
2021-12-31 09:11:00,182,182,182,182,0
2021-12-31 09:12:00,182,182,182,182,0
2021-12-31 09:13:00,182,182,182,182,0
2021-12-31 09:14:00,182,182,182,182,0
2021-12-31 09:15:00,182,182,182,182,0
2021-12-31 09:16:00,182,182,182,182,0
2021-12-31 09:17:00,182,182,182,182,0
2021-12-31 09:18:00,182,182,182,182,0
2021-12-31 09:19:00,182,182,182,182,0
2021-12-31 09:20:00,182,182,182,182,0
2021-12-31 09:21:00,182,182,182,182,0
2021-12-31 09:22:00,182,182,182,182,0
2021-12-31 09:23:00,182,182,182,182,0
2021-12-31 09:24:00,182,182,182,182,0
2021-12-31 09:25:00,182,182,182,182,0
2021-12-31 09:26:00,182,182,182,182,0
2021-12-31 09:27:00,182,182,182,182,0
2021-12-31 09:28:00,182,182,182,182,0
2021-12-31 09:29:00,182,182,182,182,0
2021-12-31 09:30:00,182,182,182,182,0
2021-12-31 09:31:00,182,182,182,182,0
2021-12-31 09:32:00,182,182,182,182,0
2021-12-31 09:33:00,182,182,182,182,0
2021-12-31 09:34:00,182,182,182,182,0
2021-12-31 09:35:00,182,182,182,182,0
2021-12-31 09:36:00,182,182,182,182,0
2021-12-31 09:37:00,182,182,182,182,0
2021-12-31 09:38:00,182,182,182,182,0
2021-12-31 09:39:00,182,182,182,182,0
2021-12-31 09:40:00,182,182,182,182,0
2021-12-31 09:41:00,182,182,182,182,0
2021-12-31 09:42:00,182,182,182,182,0
2021-12-31 09:43:00,182,182,182,182,0
2021-12-31 09:44:00,182,182,182,182,0
2021-12-31 09:45:00,182,182,182,182,0
2021-12-31 09:46:00,182,182,182,182,0
2021-12-31 09:47:00,182,182,182,182,0
2021-12-31 09:48:00,182,182,182,182,0
2021-12-31 09:49:00,182,182,182,182,0
2021-12-31 09:50:00,182,182,182,182,0
2021-12-31 09:51:00,182,182,182,182,0
2021-12-31 09:52:00,182,182,182,182,0
2021-12-31 09:53:00,182,182,182,182,0
2021-12-31 09:54:00,182,182,182,182,0
2021-12-31 09:55:00,182,182,182,182,0
2021-12-31 09:56:00,182,182,182,182,0
2021-12-31 09:57:00,182,182,182,182,0
2021-12-31 09:58:00,182,182,182,182,0
2021-12-31 09:59:00,182,182,182,182,0
2021-12-31 10:00:00,182,182,182,182,0
2021-12-31 10:01:00,182,182,182,182,0
2021-12-31 10:02:00,182,182,182,182,0
2021-12-31 10:03:00,182,182,182,182,0
2021-12-31 10:04:00,182,182,182,182,0
2021-12-31 10:05:00,182,182,182,182,0
2021-12-31 10:06:00,182,182,182,182,0
2021-12-31 10:07:00,182,182,182,182,0
2021-12-31 10:08:00,182,182,182,182,0
2021-12-31 10:09:00,182,182,182,182,0
2021-12-31 10:10:00,182,182,182,182,0
2021-12-31 10:11:00,182,182,182,182,0
2021-12-31 10:12:00,182,182,182,182,0
2021-12-31 10:13:00,182,182,182,182,0
2021-12-31 10:14:00,182,182,182,182,0
2021-12-31 10:15:00,182,182,182,182,0
2021-12-31 10:16:00,182,182,182,182,0
2021-12-31 10:17:00,182,182,182,182,0
2021-12-31 10:18:00,182,182,182,182,0
2021-12-31 10:19:00,182,182,182,182,0
2021-12-31 10:20:00,182,182,182,182,0
2021-12-31 10:21:00,182,182,182,182,0
2021-12-31 10:22:00,182,182,182,182,0
2021-12-31 10:23:00,182,182,182,182,0
2021-12-31 10:24:00,182,182,182,182,0
2021-12-31 10:25:00,182,182,182,182,0
2021-12-31 10:26:00,182,182,182,182,0
2021-12-31 10:27:00,182,182,182,182,0
2021-12-31 10:28:00,182,182,182,182,0
2021-12-31 10:29:00,182,182,182,182,0
2021-12-31 10:30:00,182,182,182,182,0
2021-12-31 10:31:00,182,182,182,182,0
2021-12-31 10:32:00,182,182,182,182,0
2021-12-31 10:33:00,182,182,182,182,0
2021-12-31 10:34:00,182,182,182,182,0
2021-12-31 10:35:00,182,182,182,182,0
2021-12-31 10:36:00,182,182,182,182,0
2021-12-31 10:37:00,182,182,182,182,0
2021-12-31 10:38:00,182,182,182,182,0
2021-12-31 10:39:00,182,182,182,182,0
2021-12-31 10:40:00,182,182,182,182,0
2021-12-31 10:41:00,182,182,182,182,0
2021-12-31 10:42:00,182,182,182,182,0
2021-12-31 10:43:00,182,182,182,182,0
2021-12-31 10:44:00,182,182,182,182,0
2021-12-31 10:45:00,182,182,182,182,0
2021-12-31 10:46:00,182,182,182,182,0
2021-12-31 10:47:00,182,182,182,182,0
2021-12-31 10:48:00,182,182,182,182,0
2021-12-31 10:49:00,182,182,182,182,0
2021-12-31 10:50:00,182,182,182,182,0
2021-12-31 10:51:00,182,182,182,182,0
2021-12-31 10:52:00,182,182,182,182,0
2021-12-31 10:53:00,182,182,182,182,0
2021-12-31 10:54:00,182,182,182,182,0
2021-12-31 10:55:00,182,182,182,182,0
2021-12-31 10:56:00,182,182,182,182,0
2021-12-31 10:57:00,182,182,182,182,0
2021-12-31 10:58:00,182,182,182,182,0
2021-12-31 10:59:00,182,182,182,182,0
2021-12-31 11:00:00,182,182,182,182,0
2021-12-31 11:01:00,182,182,182,182,0
2021-12-31 11:02:00,182,182,182,182,0
2021-12-31 11:03:00,182,182,182,182,0
2021-12-31 11:04:00,182,182,182,182,0
2021-12-31 11:05:00,182,182,182,182,0
2021-12-31 11:06:00,182,182,182,182,0
2021-12-31 11:07:00,182,182,182,182,0
2021-12-31 11:08:00,182,182,182,182,0
2021-12-31 11:09:00,182,182,182,182,0
2021-12-31 11:10:00,182,182,182,182,0
2021-12-31 11:11:00,182,182,182,182,0
2021-12-31 11:12:00,182,182,182,182,0
2021-12-31 11:13:00,182,182,182,182,0
2021-12-31 11:14:00,182,182,182,182,0
2021-12-31 11:15:00,182,182,182,182,0
2021-12-31 11:16:00,182,182,182,182,0
2021-12-31 11:17:00,182,182,182,182,0
2021-12-31 11:18:00,182,182,182,182,0
2021-12-31 11:19:00,182,182,182,182,0
2021-12-31 11:20:00,182,182,182,182,0
2021-12-31 11:21:00,182,182,182,182,0
2021-12-31 11:22:00,182,182,182,182,0
2021-12-31 11:23:00,182,182,182,182,0
2021-12-31 11:24:00,182,182,182,182,0
2021-12-31 11:25:00,182,182,182,182,0
2021-12-31 11:26:00,182,182,182,182,0
2021-12-31 11:27:00,182,182,182,182,0
2021-12-31 11:28:00,182,182,182,182,0
2021-12-31 11:29:00,182,182,182,182,0
2021-12-31 11:30:00,182,182,182,182,0
2021-12-31 11:31:00,182,182,182,182,0
2021-12-31 11:32:00,182,182,182,182,0
2021-12-31 11:33:00,182,182,182,182,0
2021-12-31 11:34:00,182,182,182,182,0
2021-12-31 11:35:00,182,182,182,182,0
2021-12-31 11:36:00,182,182,182,182,0
2021-12-31 11:37:00,182,182,182,182,0
2021-12-31 11:38:00,182,182,182,182,0
2021-12-31 11:39:00,182,182,182,182,0
2021-12-31 11:40:00,182,182,182,182,0
2021-12-31 11:41:00,182,182,182,182,0
2021-12-31 11:42:00,182,182,182,182,0
2021-12-31 11:43:00,182,182,182,182,0
2021-12-31 11:44:00,182,182,182,182,0
2021-12-31 11:45:00,182,182,182,182,0
2021-12-31 11:46:00,182,182,182,182,0
2021-12-31 11:47:00,182,182,182,182,0
2021-12-31 11:48:00,182,182,182,182,0
2021-12-31 11:49:00,182,182,182,182,0
2021-12-31 11:50:00,182,182,182,182,0
2021-12-31 11:51:00,182,182,182,182,0
2021-12-31 11:52:00,182,182,182,182,0
2021-12-31 11:53:00,182,182,182,182,0
2021-12-31 11:54:00,182,182,182,182,0
2021-12-31 11:55:00,182,182,182,182,0
2021-12-31 11:56:00,182,182,182,182,0
2021-12-31 11:57:00,182,182,182,182,0
2021-12-31 11:58:00,182,182,182,182,0
2021-12-31 11:59:00,182,182,182,182,0
2021-12-31 12:00:00,182,182,182,182,0
2021-12-31 12:01:00,182,182,182,182,0
2021-12-31 12:02:00,182,182,182,182,0
2021-12-31 12:03:00,182,182,182,182,0
2021-12-31 12:04:00,182,182,182,182,0
2021-12-31 12:05:00,182,182,182,182,0
2021-12-31 12:06:00,182,182,182,182,0
2021-12-31 12:07:00,182,182,182,182,0
2021-12-31 12:08:00,182,182,182,182,0
2021-12-31 12:09:00,182,182,182,182,0
2021-12-31 12:10:00,182,182,182,182,0
2021-12-31 12:11:00,182,182,182,182,0
2021-12-31 12:12:00,182,182,182,182,0
2021-12-31 12:13:00,182,182,182,182,0
2021-12-31 12:14:00,182,182,182,182,0
2021-12-31 12:15:00,182,182,182,182,0
2021-12-31 12:16:00,182,182,182,182,0
2021-12-31 12:17:00,182,182,182,182,0
2021-12-31 12:18:00,182,182,182,182,0
2021-12-31 12:19:00,182,182,182,182,0
2021-12-31 12:20:00,182,182,182,182,0
2021-12-31 12:21:00,182,182,182,182,0
2021-12-31 12:22:00,182,182,182,182,0
2021-12-31 12:23:00,182,182,182,182,0
2021-12-31 12:24:00,182,182,182,182,0
2021-12-31 12:25:00,182,182,182,182,0
2021-12-31 12:26:00,182,182,182,182,0
2021-12-31 12:27:00,182,182,182,182,0
2021-12-31 12:28:00,182,182,182,182,0
2021-12-31 12:29:00,182,182,182,182,0
2021-12-31 12:30:00,182,182,182,182,0
2021-12-31 12:31:00,182,182,182,182,0
2021-12-31 12:32:00,182,182,182,182,0
2021-12-31 12:33:00,182,182,182,182,0
2021-12-31 12:34:00,182,182,182,182,0
2021-12-31 12:35:00,182,182,182,182,0
2021-12-31 12:36:00,182,182,182,182,0
2021-12-31 12:37:00,182,182,182,182,0
2021-12-31 12:38:00,182,182,182,182,0
2021-12-31 12:39:00,182,182,182,182,0
2021-12-31 12:40:00,182,182,182,182,0
2021-12-31 12:41:00,182,182,182,182,0
2021-12-31 12:42:00,182,182,182,182,0
2021-12-31 12:43:00,182,182,182,182,0
2021-12-31 12:44:00,182,182,182,182,0
2021-12-31 12:45:00,182,182,182,182,0
2021-12-31 12:46:00,182,182,182,182,0
2021-12-31 12:47:00,182,182,182,182,0
2021-12-31 12:48:00,182,182,182,182,0
2021-12-31 12:49:00,182,182,182,182,0
2021-12-31 12:50:00,182,182,182,182,0
2021-12-31 12:51:00,182,182,182,182,0
2021-12-31 12:52:00,182,182,182,182,0
2021-12-31 12:53:00,182,182,182,182,0
2021-12-31 12:54:00,182,182,182,182,0
2021-12-31 12:55:00,182,182,182,182,0
2021-12-31 12:56:00,182,182,182,182,0
2021-12-31 12:57:00,182,182,182,182,0
2021-12-31 12:58:00,182,182,182,182,0
2021-12-31 12:59:00,182,182,182,182,0
2021-12-31 13:00:00,182,182,182,182,0
2021-12-31 13:01:00,182,182,182,182,0
2021-12-31 13:02:00,182,182,182,182,0
2021-12-31 13:03:00,182,182,182,182,0
2021-12-31 13:04:00,182,182,182,182,0
2021-12-31 13:05:00,182,182,182,182,0
2021-12-31 13:06:00,182,182,182,182,0
2021-12-31 13:07:00,182,182,182,182,0
2021-12-31 13:08:00,182,182,182,182,0
2021-12-31 13:09:00,182,182,182,182,0
2021-12-31 13:10:00,182,182,182,182,0
2021-12-31 13:11:00,182,182,182,182,0
2021-12-31 13:12:00,182,182,182,182,0
2021-12-31 13:13:00,182,182,182,182,0
2021-12-31 13:14:00,182,182,182,182,0
2021-12-31 13:15:00,182,182,182,182,0
2021-12-31 13:16:00,182,182,182,182,0
2021-12-31 13:17:00,182,182,182,182,0
2021-12-31 13:18:00,182,182,182,182,0
2021-12-31 13:19:00,182,182,182,182,0
2021-12-31 13:20:00,182,182,182,182,0
2021-12-31 13:21:00,182,182,182,182,0
2021-12-31 13:22:00,182,182,182,182,0
2021-12-31 13:23:00,182,182,182,182,0
2021-12-31 13:24:00,182,182,182,182,0
2021-12-31 13:25:00,182,182,182,182,0
2021-12-31 13:26:00,182,182,182,182,0
2021-12-31 13:27:00,182,182,182,182,0
2021-12-31 13:28:00,182,182,182,182,0
2021-12-31 13:29:00,182,182,182,182,0
2021-12-31 13:30:00,182,182,182,182,0
2021-12-31 13:31:00,182,182,182,182,0
2021-12-31 13:32:00,182,182,182,182,0
2021-12-31 13:33:00,182,182,182,182,0
2021-12-31 13:34:00,182,182,182,182,0
2021-12-31 13:35:00,182,182,182,182,0
2021-12-31 13:36:00,182,182,182,182,0
2021-12-31 13:37:00,182,182,182,182,0
2021-12-31 13:38:00,182,182,182,182,0
2021-12-31 13:39:00,182,182,182,182,0
2021-12-31 13:40:00,182,182,182,182,0
2021-12-31 13:41:00,182,182,182,182,0
2021-12-31 13:42:00,182,182,182,182,0
2021-12-31 13:43:00,182,182,182,182,0
2021-12-31 13:44:00,182,182,182,182,0
2021-12-31 13:45:00,182,182,182,182,0
2021-12-31 13:46:00,182,182,182,182,0
2021-12-31 13:47:00,182,182,182,182,0
2021-12-31 13:48:00,182,182,182,182,0
2021-12-31 13:49:00,182,182,182,182,0
2021-12-31 13:50:00,182,182,182,182,0
2021-12-31 13:51:00,182,182,182,182,0
2021-12-31 13:52:00,182,182,182,182,0
2021-12-31 13:53:00,182,182,182,182,0
2021-12-31 13:54:00,182,182,182,182,0
2021-12-31 13:55:00,182,182,182,182,0
2021-12-31 13:56:00,182,182,182,182,0
2021-12-31 13:57:00,182,182,182,182,0
2021-12-31 13:58:00,182,182,182,182,0
2021-12-31 13:59:00,182,182,182,182,0
2021-12-31 14:00:00,182,182,182,182,0
2021-12-31 14:01:00,182,182,182,182,0
2021-12-31 14:02:00,182,182,182,182,0
2021-12-31 14:03:00,182,182,182,182,0
2021-12-31 14:04:00,182,182,182,182,0
2021-12-31 14:05:00,182,182,182,182,0
2021-12-31 14:06:00,182,182,182,182,0
2021-12-31 14:07:00,182,182,182,182,0
2021-12-31 14:08:00,182,182,182,182,0
2021-12-31 14:09:00,182,182,182,182,0
2021-12-31 14:10:00,182,182,182,182,0
2021-12-31 14:11:00,182,182,182,182,0
2021-12-31 14:12:00,182,182,182,182,0
2021-12-31 14:13:00,182,182,182,182,0
2021-12-31 14:14:00,182,182,182,182,0
2021-12-31 14:15:00,182,182,182,182,0
2021-12-31 14:16:00,182,182,182,182,0
2021-12-31 14:17:00,182,182,182,182,0
2021-12-31 14:18:00,182,182,182,182,0
2021-12-31 14:19:00,182,182,182,182,0
2021-12-31 14:20:00,182,182,182,182,0
2021-12-31 14:21:00,182,182,182,182,0
2021-12-31 14:22:00,182,182,182,182,0
2021-12-31 14:23:00,182,182,182,182,0
2021-12-31 14:24:00,182,182,182,182,0
2021-12-31 14:25:00,182,182,182,182,0
2021-12-31 14:26:00,182,182,182,182,0
2021-12-31 14:27:00,182,182,182,182,0
2021-12-31 14:28:00,182,182,182,182,0
2021-12-31 14:29:00,182,182,182,182,0
2021-12-31 14:30:00,182,182,182,182,0
2021-12-31 14:31:00,182,182,182,182,0
2021-12-31 14:32:00,182,182,182,182,0
2021-12-31 14:33:00,182,182,182,182,0
2021-12-31 14:34:00,182,182,182,182,0
2021-12-31 14:35:00,182,182,182,182,0
2021-12-31 14:36:00,182,182,182,182,0
2021-12-31 14:37:00,182,182,182,182,0
2021-12-31 14:38:00,182,182,182,182,0
2021-12-31 14:39:00,182,182,182,182,0
2021-12-31 14:40:00,182,182,182,182,0
2021-12-31 14:41:00,182,182,182,182,0
2021-12-31 14:42:00,182,182,182,182,0
2021-12-31 14:43:00,182,182,182,182,0
2021-12-31 14:44:00,182,182,182,182,0
2021-12-31 14:45:00,182,182,182,182,0
2021-12-31 14:46:00,182,182,182,182,0
2021-12-31 14:47:00,182,182,182,182,0
2021-12-31 14:48:00,182,182,182,182,0
2021-12-31 14:49:00,182,182,182,182,0
2021-12-31 14:50:00,182,182,182,182,0
2021-12-31 14:51:00,182,182,182,182,0
2021-12-31 14:52:00,182,182,182,182,0
2021-12-31 14:53:00,182,182,182,182,0
2021-12-31 14:54:00,182,182,182,182,0
2021-12-31 14:55:00,182,182,182,182,0
2021-12-31 14:56:00,182,182,182,182,0
2021-12-31 14:57:00,182,182,182,182,0
2021-12-31 14:58:00,182,182,182,182,0
2021-12-31 14:59:00,182,182,182,182,0
2021-12-31 15:00:00,182,182,182,182,0
2021-12-31 15:01:00,182,182,182,182,0
2021-12-31 15:02:00,182,182,182,182,0
2021-12-31 15:03:00,182,182,182,182,0
2021-12-31 15:04:00,182,182,182,182,0
2021-12-31 15:05:00,182,182,182,182,0
2021-12-31 15:06:00,182,182,182,182,0
2021-12-31 15:07:00,182,182,182,182,0
2021-12-31 15:08:00,182,182,182,182,0
2021-12-31 15:09:00,182,182,182,182,0
2021-12-31 15:10:00,182,182,182,182,0
2021-12-31 15:11:00,182,182,182,182,0
2021-12-31 15:12:00,182,182,182,182,0
2021-12-31 15:13:00,182,182,182,182,0
2021-12-31 15:14:00,182,182,182,182,0
2021-12-31 15:15:00,182,182,182,182,0
2021-12-31 15:16:00,182,182,182,182,0
2021-12-31 15:17:00,182,182,182,182,0
2021-12-31 15:18:00,182,182,182,182,0
2021-12-31 15:19:00,182,182,182,182,0
2021-12-31 15:20:00,182,182,182,182,0
2021-12-31 15:21:00,182,182,182,182,0
2021-12-31 15:22:00,182,182,182,182,0
2021-12-31 15:23:00,182,182,182,182,0
2021-12-31 15:24:00,182,182,182,182,0
2021-12-31 15:25:00,182,182,182,182,0
2021-12-31 15:26:00,182,182,182,182,0
2021-12-31 15:27:00,182,182,182,182,0
2021-12-31 15:28:00,182,182,182,182,0
2021-12-31 15:29:00,182,182,182,182,0
2021-12-31 15:30:00,182,182,182,182,0
2021-12-31 15:31:00,182,182,182,182,0
2021-12-31 15:32:00,182,182,182,182,0
2021-12-31 15:33:00,182,182,182,182,0
2021-12-31 15:34:00,182,182,182,182,0
2021-12-31 15:35:00,182,182,182,182,0
2021-12-31 15:36:00,182,182,182,182,0
2021-12-31 15:37:00,182,182,182,182,0
2021-12-31 15:38:00,182,182,182,182,0
2021-12-31 15:39:00,182,182,182,182,0
2021-12-31 15:40:00,182,182,182,182,0
2021-12-31 15:41:00,182,182,182,182,0
2021-12-31 15:42:00,182,182,182,182,0
2021-12-31 15:43:00,182,182,182,182,0
2021-12-31 15:44:00,182,182,182,182,0
2021-12-31 15:45:00,182,182,182,182,0
2021-12-31 15:46:00,182,182,182,182,0
2021-12-31 15:47:00,182,182,182,182,0
2021-12-31 15:48:00,182,182,182,182,0
2021-12-31 15:49:00,182,182,182,182,0
2021-12-31 15:50:00,182,182,182,182,0
2021-12-31 15:51:00,182,182,182,182,0
2021-12-31 15:52:00,182,182,182,182,0
2021-12-31 15:53:00,182,182,182,182,0
2021-12-31 15:54:00,182,182,182,182,0
2021-12-31 15:55:00,182,182,182,182,0
2021-12-31 15:56:00,182,182,182,182,0
2021-12-31 15:57:00,182,182,182,182,0
2021-12-31 15:58:00,182,182,182,182,0
2021-12-31 15:59:00,182,182,182,182,0
2022-01-03 09:00:00,182,182,184,182,0
2022-01-03 09:01:00,182,182,184,182,0
2022-01-03 09:02:00,182,182,184,182,0
2022-01-03 09:03:00,184,184,184,184,24200
2022-01-03 09:04:00,184,184,184,184,0
2022-01-03 09:05:00,185,184,185,184,900
2022-01-03 09:06:00,184,184,184,184,600
2022-01-03 09:07:00,184,184,184,184,4300
2022-01-03 09:08:00,184,184,184,184,7500
2022-01-03 09:09:00,184,184,184,184,2500
2022-01-03 09:10:00,184,184,184,184,5000
2022-01-03 09:11:00,184,184,184,184,0
2022-01-03 09:12:00,184,184,184,184,0
2022-01-03 09:13:00,184,184,184,184,0
2022-01-03 09:14:00,184,184,184,184,0
2022-01-03 09:15:00,184,184,184,184,0
2022-01-03 09:16:00,184,184,184,184,0
2022-01-03 09:17:00,184,184,184,184,500
2022-01-03 09:18:00,184,184,184,184,0
2022-01-03 09:19:00,184,184,184,184,1500
2022-01-03 09:20:00,184,184,184,184,1000
2022-01-03 09:21:00,184,184,184,184,0
2022-01-03 09:22:00,184,184,184,184,0
2022-01-03 09:23:00,184,184,184,184,500
2022-01-03 09:24:00,184,184,184,184,0
2022-01-03 09:25:00,184,184,184,184,0
2022-01-03 09:26:00,183,183,183,183,9000
2022-01-03 09:27:00,183,183,183,183,0
2022-01-03 09:28:00,183,183,183,183,10700
2022-01-03 09:29:00,183,183,183,183,2300
2022-01-03 09:30:00,183,183,183,183,2500
2022-01-03 09:31:00,183,183,183,183,2000
2022-01-03 09:32:00,183,183,183,183,0
2022-01-03 09:33:00,184,184,184,184,10000
2022-01-03 09:34:00,183,183,183,183,35000
2022-01-03 09:35:00,183,183,183,183,0
2022-01-03 09:36:00,183,183,183,183,0
2022-01-03 09:37:00,183,183,184,183,4600
2022-01-03 09:38:00,183,183,184,183,0
2022-01-03 09:39:00,183,183,184,183,0
2022-01-03 09:40:00,183,183,184,183,0
2022-01-03 09:41:00,183,183,183,183,400
2022-01-03 09:42:00,183,183,183,183,0
2022-01-03 09:43:00,183,183,183,183,0
2022-01-03 09:44:00,183,183,183,183,0
2022-01-03 09:45:00,183,183,183,183,0
2022-01-03 09:46:00,183,183,183,183,0
2022-01-03 09:47:00,183,183,183,183,0
2022-01-03 09:48:00,183,183,183,183,0
2022-01-03 09:49:00,183,183,183,183,0
2022-01-03 09:50:00,183,183,183,183,400
2022-01-03 09:51:00,183,183,183,183,0
2022-01-03 09:52:00,183,183,183,183,2000
2022-01-03 09:53:00,183,183,183,183,2000
2022-01-03 09:54:00,183,183,183,183,0
2022-01-03 09:55:00,183,183,183,183,0
2022-01-03 09:56:00,183,183,183,183,0
2022-01-03 09:57:00,183,183,183,183,0
2022-01-03 09:58:00,184,184,184,184,5600
2022-01-03 09:59:00,184,184,184,184,0
2022-01-03 10:00:00,184,184,184,184,600
2022-01-03 10:01:00,184,184,184,184,0
2022-01-03 10:02:00,183,183,183,183,5000
2022-01-03 10:03:00,183,183,183,183,2000
2022-01-03 10:04:00,184,184,184,184,100
2022-01-03 10:05:00,184,184,184,184,0
2022-01-03 10:06:00,184,184,184,184,0
2022-01-03 10:07:00,184,184,184,184,0
2022-01-03 10:08:00,184,184,184,184,0
2022-01-03 10:09:00,184,184,184,184,0
2022-01-03 10:10:00,184,184,184,184,0
2022-01-03 10:11:00,184,184,184,184,0
2022-01-03 10:12:00,184,184,184,184,0
2022-01-03 10:13:00,184,184,184,184,0
2022-01-03 10:14:00,184,184,184,184,0
2022-01-03 10:15:00,183,183,183,183,5000
2022-01-03 10:16:00,183,183,183,183,9700
2022-01-03 10:17:00,183,183,183,183,0
2022-01-03 10:18:00,183,183,183,183,0
2022-01-03 10:19:00,183,183,183,183,0
2022-01-03 10:20:00,183,183,183,183,0
2022-01-03 10:21:00,183,183,183,183,0
2022-01-03 10:22:00,183,183,183,183,0
2022-01-03 10:23:00,183,183,183,183,0
2022-01-03 10:24:00,183,183,183,183,0
2022-01-03 10:25:00,183,183,183,183,0
2022-01-03 10:26:00,183,183,183,183,0
2022-01-03 10:27:00,183,183,183,183,100
2022-01-03 10:28:00,184,184,184,184,500
2022-01-03 10:29:00,184,184,184,184,0
2022-01-03 10:30:00,184,184,184,184,0
2022-01-03 10:31:00,184,184,184,184,0
2022-01-03 10:32:00,184,184,184,184,0
2022-01-03 10:33:00,184,184,184,184,0
2022-01-03 10:34:00,184,184,184,184,50000
2022-01-03 10:35:00,184,184,184,184,0
2022-01-03 10:36:00,183,183,183,183,6000
2022-01-03 10:37:00,183,183,183,183,0
2022-01-03 10:38:00,183,183,183,183,0
2022-01-03 10:39:00,183,183,183,183,0
2022-01-03 10:40:00,183,183,183,183,100
2022-01-03 10:41:00,183,183,183,183,0
2022-01-03 10:42:00,183,183,183,183,0
2022-01-03 10:43:00,183,183,183,183,6100
2022-01-03 10:44:00,183,183,183,183,0
2022-01-03 10:45:00,183,183,183,183,0
2022-01-03 10:46:00,183,183,183,183,0
2022-01-03 10:47:00,183,183,183,183,0
2022-01-03 10:48:00,183,183,183,183,0
2022-01-03 10:49:00,183,183,183,183,0
2022-01-03 10:50:00,183,183,183,183,0
2022-01-03 10:51:00,183,183,183,183,0
2022-01-03 10:52:00,183,183,183,183,0
2022-01-03 10:53:00,183,183,183,183,0
2022-01-03 10:54:00,183,183,183,183,4400
2022-01-03 10:55:00,183,183,183,183,0
2022-01-03 10:56:00,183,183,183,183,0
2022-01-03 10:57:00,183,183,183,183,0
2022-01-03 10:58:00,183,183,183,183,0
2022-01-03 10:59:00,183,183,183,183,0
2022-01-03 11:00:00,183,183,183,183,0
2022-01-03 11:01:00,183,183,183,183,0
2022-01-03 11:02:00,183,183,183,183,0
2022-01-03 11:03:00,183,183,183,183,0
2022-01-03 11:04:00,183,183,183,183,0
2022-01-03 11:05:00,183,183,183,183,0
2022-01-03 11:06:00,183,183,183,183,14500
2022-01-03 11:07:00,183,183,183,183,0
2022-01-03 11:08:00,183,183,183,183,0
2022-01-03 11:09:00,183,183,183,183,0
2022-01-03 11:10:00,183,183,183,183,0
2022-01-03 11:11:00,183,183,183,183,0
2022-01-03 11:12:00,183,183,183,183,0
2022-01-03 11:13:00,183,183,183,183,0
2022-01-03 11:14:00,183,183,183,183,0
2022-01-03 11:15:00,183,183,183,183,0
2022-01-03 11:16:00,183,183,183,183,0
2022-01-03 11:17:00,183,183,183,183,0
2022-01-03 11:18:00,183,183,183,183,0
2022-01-03 11:19:00,183,183,183,183,0
2022-01-03 11:20:00,183,183,183,183,0
2022-01-03 11:21:00,183,183,183,183,5000
2022-01-03 11:22:00,183,183,183,183,0
2022-01-03 11:23:00,183,183,183,183,500
2022-01-03 11:24:00,183,183,183,183,265700
2022-01-03 11:25:00,183,183,183,183,0
2022-01-03 11:26:00,182,182,182,182,50000
2022-01-03 11:27:00,182,182,182,182,50000
2022-01-03 11:28:00,182,182,182,182,0
2022-01-03 11:29:00,182,182,182,182,0
2022-01-03 11:30:00,182,182,182,182,0
2022-01-03 11:31:00,182,182,182,182,0
2022-01-03 11:32:00,182,182,182,182,0
2022-01-03 11:33:00,182,182,182,182,0
2022-01-03 11:34:00,182,182,182,182,0
2022-01-03 11:35:00,182,182,182,182,0
2022-01-03 11:36:00,182,182,182,182,0
2022-01-03 11:37:00,182,182,182,182,0
2022-01-03 11:38:00,182,182,182,182,0
2022-01-03 11:39:00,182,182,182,182,0
2022-01-03 11:40:00,182,182,182,182,0
2022-01-03 11:41:00,182,182,182,182,0
2022-01-03 11:42:00,182,182,182,182,0
2022-01-03 11:43:00,182,182,182,182,0
2022-01-03 11:44:00,182,182,182,182,0
2022-01-03 11:45:00,182,182,182,182,0
2022-01-03 11:46:00,182,182,182,182,0
2022-01-03 11:47:00,182,182,182,182,0
2022-01-03 11:48:00,182,182,182,182,0
2022-01-03 11:49:00,182,182,182,182,0
2022-01-03 11:50:00,182,182,182,182,0
2022-01-03 11:51:00,182,182,182,182,0
2022-01-03 11:52:00,182,182,182,182,0
2022-01-03 11:53:00,182,182,182,182,0
2022-01-03 11:54:00,182,182,182,182,0
2022-01-03 11:55:00,182,182,182,182,0
2022-01-03 11:56:00,182,182,182,182,0
2022-01-03 11:57:00,182,182,182,182,0
2022-01-03 11:58:00,182,182,182,182,0
2022-01-03 11:59:00,182,182,182,182,0
2022-01-03 12:00:00,182,182,182,182,0
2022-01-03 12:01:00,182,182,182,182,0
2022-01-03 12:02:00,182,182,182,182,0
2022-01-03 12:03:00,182,182,182,182,0
2022-01-03 12:04:00,182,182,182,182,0
2022-01-03 12:05:00,182,182,182,182,0
2022-01-03 12:06:00,182,182,182,182,0
2022-01-03 12:07:00,182,182,182,182,0
2022-01-03 12:08:00,182,182,182,182,0
2022-01-03 12:09:00,182,182,182,182,0
2022-01-03 12:10:00,182,182,182,182,0
2022-01-03 12:11:00,182,182,182,182,0
2022-01-03 12:12:00,182,182,182,182,0
2022-01-03 12:13:00,182,182,182,182,0
2022-01-03 12:14:00,182,182,182,182,0
2022-01-03 12:15:00,182,182,182,182,0
2022-01-03 12:16:00,182,182,182,182,0
2022-01-03 12:17:00,182,182,182,182,0
2022-01-03 12:18:00,182,182,182,182,0
2022-01-03 12:19:00,182,182,182,182,0
2022-01-03 12:20:00,182,182,182,182,0
2022-01-03 12:21:00,182,182,182,182,0
2022-01-03 12:22:00,182,182,182,182,0
2022-01-03 12:23:00,182,182,182,182,0
2022-01-03 12:24:00,182,182,182,182,0
2022-01-03 12:25:00,182,182,182,182,0
2022-01-03 12:26:00,182,182,182,182,0
2022-01-03 12:27:00,182,182,182,182,0
2022-01-03 12:28:00,182,182,182,182,0
2022-01-03 12:29:00,182,182,182,182,0
2022-01-03 12:30:00,182,182,182,182,0
2022-01-03 12:31:00,182,182,182,182,0
2022-01-03 12:32:00,182,182,182,182,0
2022-01-03 12:33:00,182,182,182,182,0
2022-01-03 12:34:00,182,182,182,182,0
2022-01-03 12:35:00,182,182,182,182,0
2022-01-03 12:36:00,182,182,182,182,0
2022-01-03 12:37:00,182,182,182,182,0
2022-01-03 12:38:00,182,182,182,182,0
2022-01-03 12:39:00,182,182,182,182,0
2022-01-03 12:40:00,182,182,182,182,0
2022-01-03 12:41:00,182,182,182,182,0
2022-01-03 12:42:00,182,182,182,182,0
2022-01-03 12:43:00,182,182,182,182,0
2022-01-03 12:44:00,182,182,182,182,0
2022-01-03 12:45:00,182,182,182,182,0
2022-01-03 12:46:00,182,182,182,182,0
2022-01-03 12:47:00,182,182,182,182,0
2022-01-03 12:48:00,182,182,182,182,0
2022-01-03 12:49:00,182,182,182,182,0
2022-01-03 12:50:00,182,182,182,182,0
2022-01-03 12:51:00,182,182,182,182,0
2022-01-03 12:52:00,182,182,182,182,0
2022-01-03 12:53:00,182,182,182,182,0
2022-01-03 12:54:00,182,182,182,182,0
2022-01-03 12:55:00,182,182,182,182,0
2022-01-03 12:56:00,182,182,182,182,0
2022-01-03 12:57:00,182,182,182,182,0
2022-01-03 12:58:00,182,182,182,182,0
2022-01-03 12:59:00,182,182,182,182,0
2022-01-03 13:00:00,182,182,182,182,0
2022-01-03 13:01:00,182,182,182,182,0
2022-01-03 13:02:00,182,182,182,182,0
2022-01-03 13:03:00,182,182,182,182,0
2022-01-03 13:04:00,182,182,182,182,0
2022-01-03 13:05:00,182,182,182,182,0
2022-01-03 13:06:00,182,182,182,182,0
2022-01-03 13:07:00,182,182,182,182,0
2022-01-03 13:08:00,182,182,182,182,0
2022-01-03 13:09:00,182,182,182,182,0
2022-01-03 13:10:00,182,182,182,182,0
2022-01-03 13:11:00,182,182,182,182,0
2022-01-03 13:12:00,182,182,182,182,0
2022-01-03 13:13:00,182,182,182,182,0
2022-01-03 13:14:00,182,182,182,182,0
2022-01-03 13:15:00,182,182,182,182,0
2022-01-03 13:16:00,182,182,182,182,0
2022-01-03 13:17:00,182,182,182,182,0
2022-01-03 13:18:00,182,182,182,182,0
2022-01-03 13:19:00,182,182,182,182,0
2022-01-03 13:20:00,182,182,182,182,0
2022-01-03 13:21:00,182,182,182,182,0
2022-01-03 13:22:00,182,182,182,182,0
2022-01-03 13:23:00,182,182,182,182,0
2022-01-03 13:24:00,182,182,182,182,0
2022-01-03 13:25:00,182,182,182,182,0
2022-01-03 13:26:00,182,182,182,182,0
2022-01-03 13:27:00,182,182,182,182,0
2022-01-03 13:28:00,182,182,182,182,0
2022-01-03 13:29:00,182,182,182,182,0
2022-01-03 13:30:00,182,182,183,182,91300
2022-01-03 13:31:00,182,182,183,182,0
2022-01-03 13:32:00,182,182,182,182,5000
2022-01-03 13:33:00,183,183,183,183,100
2022-01-03 13:34:00,183,183,183,183,0
2022-01-03 13:35:00,183,183,183,183,0
2022-01-03 13:36:00,183,183,183,183,0
2022-01-03 13:37:00,183,183,183,183,0
2022-01-03 13:38:00,182,182,182,182,17200
2022-01-03 13:39:00,182,182,182,182,6200
2022-01-03 13:40:00,182,182,182,182,0
2022-01-03 13:41:00,182,181,182,181,700
2022-01-03 13:42:00,182,181,182,181,23400
2022-01-03 13:43:00,182,182,182,182,1100
2022-01-03 13:44:00,182,181,182,181,34000
2022-01-03 13:45:00,182,182,182,182,300
2022-01-03 13:46:00,182,182,182,182,0
2022-01-03 13:47:00,182,182,182,182,0
2022-01-03 13:48:00,182,182,182,182,0
2022-01-03 13:49:00,182,182,182,182,0
2022-01-03 13:50:00,182,182,182,182,0
2022-01-03 13:51:00,182,182,182,182,0
2022-01-03 13:52:00,182,182,182,182,0
2022-01-03 13:53:00,182,182,182,182,0
2022-01-03 13:54:00,183,183,183,183,100
2022-01-03 13:55:00,182,182,183,183,141900
2022-01-03 13:56:00,184,184,184,184,1600
2022-01-03 13:57:00,184,184,184,184,0
2022-01-03 13:58:00,184,184,184,184,6000
2022-01-03 13:59:00,183,183,183,183,100
2022-01-03 14:00:00,184,184,184,184,10900
2022-01-03 14:01:00,184,184,184,184,0
2022-01-03 14:02:00,184,184,184,184,0
2022-01-03 14:03:00,184,184,184,184,20000
2022-01-03 14:04:00,184,184,184,184,10100
2022-01-03 14:05:00,184,184,184,184,0
2022-01-03 14:06:00,184,184,184,184,0
2022-01-03 14:07:00,184,184,184,184,186100
2022-01-03 14:08:00,185,185,185,185,218900
2022-01-03 14:09:00,185,185,185,185,45000
2022-01-03 14:10:00,185,185,185,185,20000
2022-01-03 14:11:00,185,185,185,185,0
2022-01-03 14:12:00,185,185,185,185,0
2022-01-03 14:13:00,185,185,185,185,0
2022-01-03 14:14:00,185,185,185,185,0
2022-01-03 14:15:00,185,185,185,185,0
2022-01-03 14:16:00,186,186,186,186,300
2022-01-03 14:17:00,185,185,185,185,3000
2022-01-03 14:18:00,185,185,185,185,8300
2022-01-03 14:19:00,185,185,185,185,2100
2022-01-03 14:20:00,185,185,185,185,0
2022-01-03 14:21:00,185,185,185,185,0
2022-01-03 14:22:00,186,185,186,186,27700
2022-01-03 14:23:00,185,185,185,185,4600
2022-01-03 14:24:00,185,185,185,185,0
2022-01-03 14:25:00,185,185,185,185,0
2022-01-03 14:26:00,185,185,185,185,0
2022-01-03 14:27:00,185,185,185,185,0
2022-01-03 14:28:00,185,185,185,185,0
2022-01-03 14:29:00,185,185,185,185,0
2022-01-03 14:30:00,185,185,185,185,12900
2022-01-03 14:31:00,185,185,185,185,1000
2022-01-03 14:32:00,185,185,185,185,0
2022-01-03 14:33:00,185,185,185,185,0
2022-01-03 14:34:00,185,185,185,185,5500
2022-01-03 14:35:00,185,185,185,185,0
2022-01-03 14:36:00,185,185,185,185,0
2022-01-03 14:37:00,185,185,185,185,50000
2022-01-03 14:38:00,185,185,185,185,130300
2022-01-03 14:39:00,185,185,185,185,0
2022-01-03 14:40:00,185,185,185,185,0
2022-01-03 14:41:00,185,185,185,185,10000
2022-01-03 14:42:00,185,185,185,185,1000
2022-01-03 14:43:00,185,185,185,185,0
2022-01-03 14:44:00,184,184,184,184,52500
2022-01-03 14:45:00,184,184,184,184,16500
2022-01-03 14:46:00,184,184,184,184,0
2022-01-03 14:47:00,184,184,184,184,0
2022-01-03 14:48:00,184,184,184,184,11300
2022-01-03 14:49:00,184,184,184,184,0
2022-01-03 14:50:00,184,184,184,184,0
2022-01-03 14:51:00,184,184,184,184,0
2022-01-03 14:52:00,184,184,184,184,0
2022-01-03 14:53:00,184,184,184,184,0
2022-01-03 14:54:00,184,184,184,184,0
2022-01-03 14:55:00,184,184,184,184,0
2022-01-03 14:56:00,184,184,184,184,0
2022-01-03 14:57:00,184,184,184,184,0
2022-01-03 14:58:00,184,184,184,184,0
2022-01-03 14:59:00,184,184,184,184,0
2022-01-03 15:00:00,185,185,185,185,60300
2022-01-03 15:01:00,185,185,185,185,4300
2022-01-03 15:02:00,185,185,185,185,200
2022-01-03 15:03:00,185,185,185,185,0
2022-01-03 15:04:00,185,185,185,185,0
2022-01-03 15:05:00,185,185,185,185,100
2022-01-03 15:06:00,185,185,185,185,0
2022-01-03 15:07:00,185,185,185,185,0
2022-01-03 15:08:00,185,185,185,185,0
2022-01-03 15:09:00,185,185,185,185,0
2022-01-03 15:10:00,185,185,185,185,0
2022-01-03 15:11:00,185,185,185,185,2100
2022-01-03 15:12:00,185,185,185,185,3400
2022-01-03 15:13:00,185,185,185,185,68300
2022-01-03 15:14:00,185,185,185,185,0
2022-01-03 15:15:00,185,185,185,185,0
2022-01-03 15:16:00,185,185,185,185,0
2022-01-03 15:17:00,185,185,185,185,0
2022-01-03 15:18:00,185,185,185,185,0
2022-01-03 15:19:00,185,185,185,185,0
2022-01-03 15:20:00,185,185,185,185,0
2022-01-03 15:21:00,185,185,185,185,0
2022-01-03 15:22:00,185,185,185,185,0
2022-01-03 15:23:00,185,185,185,185,0
2022-01-03 15:24:00,185,185,185,185,0
2022-01-03 15:25:00,185,185,185,185,0
2022-01-03 15:26:00,185,185,185,185,0
2022-01-03 15:27:00,185,185,185,185,0
2022-01-03 15:28:00,185,185,185,185,0
2022-01-03 15:29:00,185,185,185,185,0
2022-01-03 15:30:00,185,185,185,185,0
2022-01-03 15:31:00,185,185,185,185,0
2022-01-03 15:32:00,185,185,185,185,0
2022-01-03 15:33:00,185,185,185,185,0
2022-01-03 15:34:00,185,185,185,185,0
2022-01-03 15:35:00,185,185,185,185,0
2022-01-03 15:36:00,185,185,185,185,0
2022-01-03 15:37:00,185,185,185,185,0
2022-01-03 15:38:00,185,185,185,185,0
2022-01-03 15:39:00,185,185,185,185,0
2022-01-03 15:40:00,185,185,185,185,0
2022-01-03 15:41:00,185,185,185,185,0
2022-01-03 15:42:00,185,185,185,185,0
2022-01-03 15:43:00,185,185,185,185,0
2022-01-03 15:44:00,185,185,185,185,0
2022-01-03 15:45:00,185,185,185,185,0
2022-01-03 15:46:00,185,185,185,185,0
2022-01-03 15:47:00,185,185,185,185,0
2022-01-03 15:48:00,185,185,185,185,0
2022-01-03 15:49:00,185,185,185,185,0
2022-01-03 15:50:00,185,185,185,185,0
2022-01-03 15:51:00,185,185,185,185,0
2022-01-03 15:52:00,185,185,185,185,0
2022-01-03 15:53:00,185,185,185,185,0
2022-01-03 15:54:00,185,185,185,185,0
2022-01-03 15:55:00,185,185,185,185,0
2022-01-03 15:56:00,185,185,185,185,0
2022-01-03 15:57:00,185,185,185,185,0
2022-01-03 15:58:00,185,185,185,185,0
2022-01-03 15:59:00,185,185,185,185,0
2022-01-04 09:00:00,185,185,185,185,0
2022-01-04 09:01:00,185,185,185,185,0
2022-01-04 09:02:00,186,186,186,186,0
2022-01-04 09:03:00,186,186,186,186,100000
2022-01-04 09:04:00,186,186,186,186,15000
2022-01-04 09:05:00,186,186,186,186,0
2022-01-04 09:06:00,187,187,187,187,62900
2022-01-04 09:07:00,187,187,188,188,138500
2022-01-04 09:08:00,189,188,189,188,20600
2022-01-04 09:09:00,188,188,189,188,182800
2022-01-04 09:10:00,188,188,188,188,68700
2022-01-04 09:11:00,188,187,188,188,66700
2022-01-04 09:12:00,188,188,189,189,27900
2022-01-04 09:13:00,188,188,189,188,38500
2022-01-04 09:14:00,188,187,188,187,43000
2022-01-04 09:15:00,187,187,187,187,26000
2022-01-04 09:16:00,187,187,187,187,0
2022-01-04 09:17:00,188,188,189,189,165300
2022-01-04 09:18:00,189,188,189,189,55500
2022-01-04 09:19:00,189,189,190,190,38500
2022-01-04 09:20:00,190,189,190,189,20000
2022-01-04 09:21:00,189,189,190,190,3200
2022-01-04 09:22:00,189,189,190,190,101200
2022-01-04 09:23:00,190,190,190,190,101000
2022-01-04 09:24:00,190,189,190,190,88100
2022-01-04 09:25:00,190,190,190,190,139000
2022-01-04 09:26:00,190,190,191,191,142300
2022-01-04 09:27:00,190,190,190,190,7500
2022-01-04 09:28:00,190,189,190,190,102300
2022-01-04 09:29:00,189,189,189,189,8800
2022-01-04 09:30:00,189,189,189,189,37000
2022-01-04 09:31:00,188,188,189,189,365800
2022-01-04 09:32:00,189,189,189,189,15000
2022-01-04 09:33:00,189,189,189,189,31800
2022-01-04 09:34:00,189,189,189,189,1000
2022-01-04 09:35:00,189,188,189,189,105000
2022-01-04 09:36:00,189,188,189,189,0
2022-01-04 09:37:00,189,189,189,189,2100
2022-01-04 09:38:00,189,189,189,189,0
2022-01-04 09:39:00,189,189,189,189,0
2022-01-04 09:40:00,189,189,189,189,25000
2022-01-04 09:41:00,189,189,189,189,200
2022-01-04 09:42:00,189,189,189,189,200
2022-01-04 09:43:00,189,188,189,188,22200
2022-01-04 09:44:00,189,189,189,189,3600
2022-01-04 09:45:00,188,188,189,188,6000
2022-01-04 09:46:00,189,189,189,189,1000
2022-01-04 09:47:00,189,189,189,189,0
2022-01-04 09:48:00,189,189,189,189,0
2022-01-04 09:49:00,189,189,189,189,0
2022-01-04 09:50:00,189,189,189,189,0
2022-01-04 09:51:00,189,189,189,189,20900
2022-01-04 09:52:00,189,189,189,189,5200
2022-01-04 09:53:00,188,188,188,188,900
2022-01-04 09:54:00,188,188,188,188,300
2022-01-04 09:55:00,188,188,189,189,31100
2022-01-04 09:56:00,189,189,189,189,2000
2022-01-04 09:57:00,188,188,188,188,25100
2022-01-04 09:58:00,189,189,190,189,14200
2022-01-04 09:59:00,189,189,189,189,1000
2022-01-04 10:00:00,189,189,189,189,10000
2022-01-04 10:01:00,189,189,189,189,0
2022-01-04 10:02:00,189,189,189,189,0
2022-01-04 10:03:00,189,189,189,189,0
2022-01-04 10:04:00,189,189,189,189,600
2022-01-04 10:05:00,189,189,190,190,211100
2022-01-04 10:06:00,190,190,190,190,2500
2022-01-04 10:07:00,190,190,190,190,700
2022-01-04 10:08:00,190,190,190,190,1100
2022-01-04 10:09:00,190,190,190,190,0
2022-01-04 10:10:00,190,190,190,190,0
2022-01-04 10:11:00,189,189,189,189,194300
2022-01-04 10:12:00,189,189,189,189,43900
2022-01-04 10:13:00,189,189,189,189,0
2022-01-04 10:14:00,189,189,189,189,0
2022-01-04 10:15:00,189,189,189,189,0
2022-01-04 10:16:00,189,189,189,189,81300
2022-01-04 10:17:00,189,189,189,189,200
2022-01-04 10:18:00,189,189,189,189,0
2022-01-04 10:19:00,188,188,188,188,404500
2022-01-04 10:20:00,188,188,188,188,0
2022-01-04 10:21:00,188,188,188,188,3600
2022-01-04 10:22:00,188,188,188,188,6000
2022-01-04 10:23:00,188,188,188,188,15200
2022-01-04 10:24:00,189,189,189,189,15400
2022-01-04 10:25:00,190,190,190,190,100
2022-01-04 10:26:00,190,190,190,190,0
2022-01-04 10:27:00,188,188,188,188,19500
2022-01-04 10:28:00,187,187,188,188,5800
2022-01-04 10:29:00,187,187,188,188,0
2022-01-04 10:30:00,187,187,187,187,500
2022-01-04 10:31:00,188,188,188,188,300
2022-01-04 10:32:00,188,188,188,188,2600
2022-01-04 10:33:00,188,188,188,188,0
2022-01-04 10:34:00,188,188,188,188,0
2022-01-04 10:35:00,187,187,187,187,5800
2022-01-04 10:36:00,187,187,187,187,0
2022-01-04 10:37:00,188,187,188,187,367000
2022-01-04 10:38:00,187,187,187,187,16000
2022-01-04 10:39:00,188,188,188,188,800
2022-01-04 10:40:00,188,188,188,188,900
2022-01-04 10:41:00,188,188,188,188,0
2022-01-04 10:42:00,188,188,188,188,0
2022-01-04 10:43:00,188,188,188,188,0
2022-01-04 10:44:00,188,188,188,188,0
2022-01-04 10:45:00,188,188,188,188,0
2022-01-04 10:46:00,188,188,188,188,0
2022-01-04 10:47:00,188,188,188,188,0
2022-01-04 10:48:00,188,187,188,187,9300
2022-01-04 10:49:00,188,187,188,187,0
2022-01-04 10:50:00,187,187,187,187,3100
2022-01-04 10:51:00,187,187,187,187,3600
2022-01-04 10:52:00,187,187,187,187,5200
2022-01-04 10:53:00,187,187,187,187,3000
2022-01-04 10:54:00,187,187,187,187,2000
2022-01-04 10:55:00,187,187,187,187,0
2022-01-04 10:56:00,187,187,187,187,0
2022-01-04 10:57:00,187,187,187,187,6300
2022-01-04 10:58:00,187,187,187,187,0
2022-01-04 10:59:00,187,187,187,187,0
2022-01-04 11:00:00,187,187,187,187,2400
2022-01-04 11:01:00,187,187,187,187,0
2022-01-04 11:02:00,187,187,187,187,0
2022-01-04 11:03:00,187,187,187,187,0
2022-01-04 11:04:00,187,187,187,187,2400
2022-01-04 11:05:00,187,187,187,187,0
2022-01-04 11:06:00,187,187,187,187,0
2022-01-04 11:07:00,187,187,188,188,12000
2022-01-04 11:08:00,187,187,188,188,0
2022-01-04 11:09:00,187,187,188,188,0
2022-01-04 11:10:00,187,187,188,188,0
2022-01-04 11:11:00,187,187,188,188,0
2022-01-04 11:12:00,187,187,188,188,0
2022-01-04 11:13:00,188,188,188,188,500
2022-01-04 11:14:00,188,188,188,188,0
2022-01-04 11:15:00,188,188,188,188,0
2022-01-04 11:16:00,188,188,188,188,0
2022-01-04 11:17:00,188,188,188,188,0
2022-01-04 11:18:00,188,188,188,188,0
2022-01-04 11:19:00,188,188,188,188,0
2022-01-04 11:20:00,188,188,188,188,1800
2022-01-04 11:21:00,188,188,188,188,0
2022-01-04 11:22:00,188,188,188,188,0
2022-01-04 11:23:00,188,188,188,188,0
2022-01-04 11:24:00,188,188,188,188,700
2022-01-04 11:25:00,188,188,188,188,0
2022-01-04 11:26:00,188,188,188,188,500
2022-01-04 11:27:00,188,188,188,188,0
2022-01-04 11:28:00,188,188,188,188,0
2022-01-04 11:29:00,188,188,188,188,0
2022-01-04 11:30:00,188,188,188,188,0
2022-01-04 11:31:00,188,188,188,188,0
2022-01-04 11:32:00,188,188,188,188,0
2022-01-04 11:33:00,188,188,188,188,0
2022-01-04 11:34:00,188,188,188,188,0
2022-01-04 11:35:00,188,188,188,188,0
2022-01-04 11:36:00,188,188,188,188,0
2022-01-04 11:37:00,188,188,188,188,0
2022-01-04 11:38:00,188,188,188,188,0
2022-01-04 11:39:00,188,188,188,188,0
2022-01-04 11:40:00,188,188,188,188,0
2022-01-04 11:41:00,188,188,188,188,0
2022-01-04 11:42:00,188,188,188,188,0
2022-01-04 11:43:00,188,188,188,188,0
2022-01-04 11:44:00,188,188,188,188,0
2022-01-04 11:45:00,188,188,188,188,0
2022-01-04 11:46:00,188,188,188,188,0
2022-01-04 11:47:00,188,188,188,188,0
2022-01-04 11:48:00,188,188,188,188,0
2022-01-04 11:49:00,188,188,188,188,0
2022-01-04 11:50:00,188,188,188,188,0
2022-01-04 11:51:00,188,188,188,188,0
2022-01-04 11:52:00,188,188,188,188,0
2022-01-04 11:53:00,188,188,188,188,0
2022-01-04 11:54:00,188,188,188,188,0
2022-01-04 11:55:00,188,188,188,188,0
2022-01-04 11:56:00,188,188,188,188,0
2022-01-04 11:57:00,188,188,188,188,0
2022-01-04 11:58:00,188,188,188,188,0
2022-01-04 11:59:00,188,188,188,188,0
2022-01-04 12:00:00,188,188,188,188,0
2022-01-04 12:01:00,188,188,188,188,0
2022-01-04 12:02:00,188,188,188,188,0
2022-01-04 12:03:00,188,188,188,188,0
2022-01-04 12:04:00,188,188,188,188,0
2022-01-04 12:05:00,188,188,188,188,0
2022-01-04 12:06:00,188,188,188,188,0
2022-01-04 12:07:00,188,188,188,188,0
2022-01-04 12:08:00,188,188,188,188,0
2022-01-04 12:09:00,188,188,188,188,0
2022-01-04 12:10:00,188,188,188,188,0
2022-01-04 12:11:00,188,188,188,188,0
2022-01-04 12:12:00,188,188,188,188,0
2022-01-04 12:13:00,188,188,188,188,0
2022-01-04 12:14:00,188,188,188,188,0
2022-01-04 12:15:00,188,188,188,188,0
2022-01-04 12:16:00,188,188,188,188,0
2022-01-04 12:17:00,188,188,188,188,0
2022-01-04 12:18:00,188,188,188,188,0
2022-01-04 12:19:00,188,188,188,188,0
2022-01-04 12:20:00,188,188,188,188,0
2022-01-04 12:21:00,188,188,188,188,0
2022-01-04 12:22:00,188,188,188,188,0
2022-01-04 12:23:00,188,188,188,188,0
2022-01-04 12:24:00,188,188,188,188,0
2022-01-04 12:25:00,188,188,188,188,0
2022-01-04 12:26:00,188,188,188,188,0
2022-01-04 12:27:00,188,188,188,188,0
2022-01-04 12:28:00,188,188,188,188,0
2022-01-04 12:29:00,188,188,188,188,0
2022-01-04 12:30:00,188,188,188,188,0
2022-01-04 12:31:00,188,188,188,188,0
2022-01-04 12:32:00,188,188,188,188,0
2022-01-04 12:33:00,188,188,188,188,0
2022-01-04 12:34:00,188,188,188,188,0
2022-01-04 12:35:00,188,188,188,188,0
2022-01-04 12:36:00,188,188,188,188,0
2022-01-04 12:37:00,188,188,188,188,0
2022-01-04 12:38:00,188,188,188,188,0
2022-01-04 12:39:00,188,188,188,188,0
2022-01-04 12:40:00,188,188,188,188,0
2022-01-04 12:41:00,188,188,188,188,0
2022-01-04 12:42:00,188,188,188,188,0
2022-01-04 12:43:00,188,188,188,188,0
2022-01-04 12:44:00,188,188,188,188,0
2022-01-04 12:45:00,188,188,188,188,0
2022-01-04 12:46:00,188,188,188,188,0
2022-01-04 12:47:00,188,188,188,188,0
2022-01-04 12:48:00,188,188,188,188,0
2022-01-04 12:49:00,188,188,188,188,0
2022-01-04 12:50:00,188,188,188,188,0
2022-01-04 12:51:00,188,188,188,188,0
2022-01-04 12:52:00,188,188,188,188,0
2022-01-04 12:53:00,188,188,188,188,0
2022-01-04 12:54:00,188,188,188,188,0
2022-01-04 12:55:00,188,188,188,188,0
2022-01-04 12:56:00,188,188,188,188,0
2022-01-04 12:57:00,188,188,188,188,0
2022-01-04 12:58:00,188,188,188,188,0
2022-01-04 12:59:00,188,188,188,188,0
2022-01-04 13:00:00,188,188,188,188,0
2022-01-04 13:01:00,188,188,188,188,0
2022-01-04 13:02:00,188,188,188,188,0
2022-01-04 13:03:00,188,188,188,188,0
2022-01-04 13:04:00,188,188,188,188,0
2022-01-04 13:05:00,188,188,188,188,0
2022-01-04 13:06:00,188,188,188,188,0
2022-01-04 13:07:00,188,188,188,188,0
2022-01-04 13:08:00,188,188,188,188,0
2022-01-04 13:09:00,188,188,188,188,0
2022-01-04 13:10:00,188,188,188,188,0
2022-01-04 13:11:00,188,188,188,188,0
2022-01-04 13:12:00,188,188,188,188,0
2022-01-04 13:13:00,188,188,188,188,0
2022-01-04 13:14:00,188,188,188,188,0
2022-01-04 13:15:00,188,188,188,188,0
2022-01-04 13:16:00,188,188,188,188,0
2022-01-04 13:17:00,188,188,188,188,0
2022-01-04 13:18:00,188,188,188,188,0
2022-01-04 13:19:00,188,188,188,188,0
2022-01-04 13:20:00,188,188,188,188,0
2022-01-04 13:21:00,188,188,188,188,0
2022-01-04 13:22:00,188,188,188,188,0
2022-01-04 13:23:00,188,188,188,188,0
2022-01-04 13:24:00,188,188,188,188,0
2022-01-04 13:25:00,188,188,188,188,0
2022-01-04 13:26:00,188,188,188,188,0
2022-01-04 13:27:00,188,188,188,188,0
2022-01-04 13:28:00,188,188,188,188,0
2022-01-04 13:29:00,188,188,188,188,0
2022-01-04 13:30:00,188,188,188,188,30000
2022-01-04 13:31:00,188,188,188,188,0
2022-01-04 13:32:00,188,188,188,188,0
2022-01-04 13:33:00,188,188,188,188,0
2022-01-04 13:34:00,188,188,188,188,0
2022-01-04 13:35:00,188,188,188,188,0
2022-01-04 13:36:00,188,188,188,188,0
2022-01-04 13:37:00,188,188,188,188,0
2022-01-04 13:38:00,188,188,188,188,1000
2022-01-04 13:39:00,188,188,188,188,0
2022-01-04 13:40:00,188,188,188,188,0
2022-01-04 13:41:00,187,187,187,187,12500
2022-01-04 13:42:00,187,187,187,187,0
2022-01-04 13:43:00,188,188,188,188,3000
2022-01-04 13:44:00,188,188,188,188,400
2022-01-04 13:45:00,187,187,187,187,700
2022-01-04 13:46:00,187,187,187,187,0
2022-01-04 13:47:00,187,187,187,187,0
2022-01-04 13:48:00,187,187,187,187,0
2022-01-04 13:49:00,188,188,188,188,100
2022-01-04 13:50:00,188,188,188,188,94700
2022-01-04 13:51:00,188,188,188,188,0
2022-01-04 13:52:00,188,188,188,188,0
2022-01-04 13:53:00,188,188,188,188,14400
2022-01-04 13:54:00,188,188,188,188,0
2022-01-04 13:55:00,188,188,188,188,500
2022-01-04 13:56:00,188,188,188,188,50000
2022-01-04 13:57:00,188,188,188,188,300
2022-01-04 13:58:00,188,188,188,188,0
2022-01-04 13:59:00,188,188,188,188,0
2022-01-04 14:00:00,188,188,188,188,0
2022-01-04 14:01:00,188,188,188,188,0
2022-01-04 14:02:00,188,188,188,188,21000
2022-01-04 14:03:00,188,188,188,188,8900
2022-01-04 14:04:00,188,188,188,188,5500
2022-01-04 14:05:00,188,188,188,188,0
2022-01-04 14:06:00,188,188,188,188,5000
2022-01-04 14:07:00,188,188,188,188,0
2022-01-04 14:08:00,188,188,188,188,68800
2022-01-04 14:09:00,188,188,188,188,6400
2022-01-04 14:10:00,188,188,188,188,0
2022-01-04 14:11:00,188,188,188,188,200
2022-01-04 14:12:00,188,188,188,188,0
2022-01-04 14:13:00,188,188,188,188,0
2022-01-04 14:14:00,188,188,188,188,0
2022-01-04 14:15:00,188,188,188,188,0
2022-01-04 14:16:00,188,188,188,188,0
2022-01-04 14:17:00,188,188,188,188,12000
2022-01-04 14:18:00,188,188,188,188,0
2022-01-04 14:19:00,188,188,188,188,0
2022-01-04 14:20:00,187,187,188,188,5700
2022-01-04 14:21:00,188,188,188,188,1000
2022-01-04 14:22:00,187,187,187,187,10000
2022-01-04 14:23:00,187,187,187,187,0
2022-01-04 14:24:00,188,188,188,188,2000
2022-01-04 14:25:00,188,188,188,188,0
2022-01-04 14:26:00,188,188,188,188,0
2022-01-04 14:27:00,188,188,188,188,10000
2022-01-04 14:28:00,188,188,188,188,5000
2022-01-04 14:29:00,188,188,188,188,0
2022-01-04 14:30:00,188,188,188,188,0
2022-01-04 14:31:00,188,188,188,188,0
2022-01-04 14:32:00,187,187,187,187,3000
2022-01-04 14:33:00,187,187,187,187,700
2022-01-04 14:34:00,187,187,187,187,0
2022-01-04 14:35:00,187,187,187,187,0
2022-01-04 14:36:00,187,187,187,187,0
2022-01-04 14:37:00,187,187,187,187,0
2022-01-04 14:38:00,187,187,187,187,0
2022-01-04 14:39:00,187,187,187,187,0
2022-01-04 14:40:00,187,187,187,187,0
2022-01-04 14:41:00,187,187,187,187,0
2022-01-04 14:42:00,188,188,188,188,5100
2022-01-04 14:43:00,188,188,188,188,2600
2022-01-04 14:44:00,188,188,188,188,0
2022-01-04 14:45:00,188,188,188,188,15000
2022-01-04 14:46:00,188,188,188,188,200
2022-01-04 14:47:00,188,188,188,188,0
2022-01-04 14:48:00,188,188,188,188,0
2022-01-04 14:49:00,188,188,188,188,0
2022-01-04 14:50:00,188,188,188,188,0
2022-01-04 14:51:00,188,188,188,188,0
2022-01-04 14:52:00,188,188,188,188,0
2022-01-04 14:53:00,188,188,188,188,0
2022-01-04 14:54:00,188,188,188,188,0
2022-01-04 14:55:00,188,188,188,188,0
2022-01-04 14:56:00,188,188,188,188,0
2022-01-04 14:57:00,188,188,188,188,0
2022-01-04 14:58:00,188,188,188,188,0
2022-01-04 14:59:00,188,188,188,188,0
2022-01-04 15:00:00,187,187,187,187,30300
2022-01-04 15:01:00,187,187,187,187,2500
2022-01-04 15:02:00,187,187,187,187,300
2022-01-04 15:03:00,187,187,187,187,0
2022-01-04 15:04:00,187,187,187,187,0
2022-01-04 15:05:00,187,187,187,187,0
2022-01-04 15:06:00,187,187,187,187,0
2022-01-04 15:07:00,187,187,187,187,100
2022-01-04 15:08:00,187,187,187,187,0
2022-01-04 15:09:00,187,187,187,187,0
2022-01-04 15:10:00,187,187,187,187,0
2022-01-04 15:11:00,187,187,187,187,0
2022-01-04 15:12:00,187,187,187,187,0
2022-01-04 15:13:00,187,187,187,187,0
2022-01-04 15:14:00,187,187,187,187,0
2022-01-04 15:15:00,187,187,187,187,0
2022-01-04 15:16:00,187,187,187,187,0
2022-01-04 15:17:00,187,187,187,187,0
2022-01-04 15:18:00,187,187,187,187,0
2022-01-04 15:19:00,187,187,187,187,0
2022-01-04 15:20:00,187,187,187,187,0
2022-01-04 15:21:00,187,187,187,187,0
2022-01-04 15:22:00,187,187,187,187,0
2022-01-04 15:23:00,187,187,187,187,0
2022-01-04 15:24:00,187,187,187,187,0
2022-01-04 15:25:00,187,187,187,187,0
2022-01-04 15:26:00,187,187,187,187,0
2022-01-04 15:27:00,187,187,187,187,0
2022-01-04 15:28:00,187,187,187,187,0
2022-01-04 15:29:00,187,187,187,187,0
2022-01-04 15:30:00,187,187,187,187,0
2022-01-04 15:31:00,187,187,187,187,0
2022-01-04 15:32:00,187,187,187,187,0
2022-01-04 15:33:00,187,187,187,187,0
2022-01-04 15:34:00,187,187,187,187,0
2022-01-04 15:35:00,187,187,187,187,0
2022-01-04 15:36:00,187,187,187,187,0
2022-01-04 15:37:00,187,187,187,187,0
2022-01-04 15:38:00,187,187,187,187,0
2022-01-04 15:39:00,187,187,187,187,0
2022-01-04 15:40:00,187,187,187,187,0
2022-01-04 15:41:00,187,187,187,187,0
2022-01-04 15:42:00,187,187,187,187,0
2022-01-04 15:43:00,187,187,187,187,0
2022-01-04 15:44:00,187,187,187,187,0
2022-01-04 15:45:00,187,187,187,187,0
2022-01-04 15:46:00,187,187,187,187,0
2022-01-04 15:47:00,187,187,187,187,0
2022-01-04 15:48:00,187,187,187,187,0
2022-01-04 15:49:00,187,187,187,187,0
2022-01-04 15:50:00,187,187,187,187,0
2022-01-04 15:51:00,187,187,187,187,0
2022-01-04 15:52:00,187,187,187,187,0
2022-01-04 15:53:00,187,187,187,187,0
2022-01-04 15:54:00,187,187,187,187,0
2022-01-04 15:55:00,187,187,187,187,0
2022-01-04 15:56:00,187,187,187,187,0
2022-01-04 15:57:00,187,187,187,187,0
2022-01-04 15:58:00,187,187,187,187,0
2022-01-04 15:59:00,187,187,187,187,0
2022-01-05 09:00:00,188,188,189,189,0
2022-01-05 09:01:00,189,189,189,189,1700
2022-01-05 09:02:00,190,189,190,189,700
2022-01-05 09:03:00,190,190,190,190,7300
2022-01-05 09:04:00,189,189,189,189,90000
2022-01-05 09:05:00,189,189,189,189,500
2022-01-05 09:06:00,189,189,190,190,10200
2022-01-05 09:07:00,189,189,190,190,0
2022-01-05 09:08:00,189,189,190,190,85400
2022-01-05 09:09:00,189,189,190,190,164900
2022-01-05 09:10:00,189,189,190,190,0
2022-01-05 09:11:00,189,189,189,189,5000
2022-01-05 09:12:00,189,189,189,189,0
2022-01-05 09:13:00,189,189,189,189,0
2022-01-05 09:14:00,189,189,189,189,10000
2022-01-05 09:15:00,189,189,189,189,2000
2022-01-05 09:16:00,189,189,189,189,2600
2022-01-05 09:17:00,189,189,189,189,2500
2022-01-05 09:18:00,189,189,189,189,2200
2022-01-05 09:19:00,189,189,189,189,46200
2022-01-05 09:20:00,189,189,189,189,0
2022-01-05 09:21:00,189,189,189,189,0
2022-01-05 09:22:00,189,189,190,189,23600
2022-01-05 09:23:00,189,189,189,189,1000
2022-01-05 09:24:00,190,190,190,190,4500
2022-01-05 09:25:00,189,189,189,189,300
2022-01-05 09:26:00,189,189,189,189,300
2022-01-05 09:27:00,190,190,190,190,200
2022-01-05 09:28:00,190,190,190,190,451900
2022-01-05 09:29:00,190,190,190,190,56600
2022-01-05 09:30:00,190,190,190,190,104900
2022-01-05 09:31:00,190,190,190,190,0
2022-01-05 09:32:00,190,189,190,189,600
2022-01-05 09:33:00,190,190,190,190,50500
2022-01-05 09:34:00,189,189,190,190,500
2022-01-05 09:35:00,189,189,189,189,203300
2022-01-05 09:36:00,189,189,189,189,61700
2022-01-05 09:37:00,189,189,189,189,36000
2022-01-05 09:38:00,189,189,189,189,26400
2022-01-05 09:39:00,189,189,189,189,0
2022-01-05 09:40:00,189,189,189,189,0
2022-01-05 09:41:00,189,189,189,189,65000
2022-01-05 09:42:00,189,189,189,189,0
2022-01-05 09:43:00,189,189,189,189,0
2022-01-05 09:44:00,189,189,189,189,0
2022-01-05 09:45:00,189,189,189,189,0
2022-01-05 09:46:00,189,189,189,189,0
2022-01-05 09:47:00,190,190,190,190,271400
2022-01-05 09:48:00,190,190,190,190,10000
2022-01-05 09:49:00,189,189,189,189,10000
2022-01-05 09:50:00,189,189,190,190,23400
2022-01-05 09:51:00,190,190,190,190,2600
2022-01-05 09:52:00,190,190,190,190,300
2022-01-05 09:53:00,190,190,190,190,0
2022-01-05 09:54:00,190,190,190,190,600
2022-01-05 09:55:00,189,189,189,189,1000
2022-01-05 09:56:00,189,189,189,189,10000
2022-01-05 09:57:00,190,190,190,190,104100
2022-01-05 09:58:00,190,190,190,190,20100
2022-01-05 09:59:00,190,190,190,190,0
2022-01-05 10:00:00,190,190,190,190,0
2022-01-05 10:01:00,190,190,190,190,6600
2022-01-05 10:02:00,190,190,190,190,10400
2022-01-05 10:03:00,189,189,189,189,349900
2022-01-05 10:04:00,189,188,189,189,7800
2022-01-05 10:05:00,189,188,189,189,0
2022-01-05 10:06:00,188,188,188,188,250000
2022-01-05 10:07:00,188,188,188,188,0
2022-01-05 10:08:00,188,188,188,188,0
2022-01-05 10:09:00,188,188,188,188,100
2022-01-05 10:10:00,188,188,188,188,0
2022-01-05 10:11:00,188,188,188,188,0
2022-01-05 10:12:00,189,189,189,189,100
2022-01-05 10:13:00,189,189,189,189,400
2022-01-05 10:14:00,189,189,189,189,1000
2022-01-05 10:15:00,189,189,189,189,0
2022-01-05 10:16:00,189,189,189,189,400
2022-01-05 10:17:00,189,188,189,188,1000
2022-01-05 10:18:00,189,188,189,188,0
2022-01-05 10:19:00,188,188,188,188,1500
2022-01-05 10:20:00,188,188,188,188,0
2022-01-05 10:21:00,188,188,188,188,0
2022-01-05 10:22:00,188,188,188,188,0
2022-01-05 10:23:00,188,188,188,188,0
2022-01-05 10:24:00,188,188,188,188,63000
2022-01-05 10:25:00,188,188,188,188,33000
2022-01-05 10:26:00,188,188,188,188,200
2022-01-05 10:27:00,188,188,188,188,2600
2022-01-05 10:28:00,189,188,189,188,11100
2022-01-05 10:29:00,188,188,188,188,5000
2022-01-05 10:30:00,188,188,188,188,1000
2022-01-05 10:31:00,188,188,188,188,0
2022-01-05 10:32:00,188,188,188,188,200
2022-01-05 10:33:00,188,188,188,188,1000
2022-01-05 10:34:00,188,188,188,188,100
2022-01-05 10:35:00,188,188,188,188,0
2022-01-05 10:36:00,188,188,188,188,1000
2022-01-05 10:37:00,188,188,188,188,0
2022-01-05 10:38:00,188,188,188,188,0
2022-01-05 10:39:00,188,188,188,188,0
2022-01-05 10:40:00,188,188,188,188,0
2022-01-05 10:41:00,188,188,188,188,0
2022-01-05 10:42:00,188,187,188,187,21100
2022-01-05 10:43:00,188,187,188,187,0
2022-01-05 10:44:00,188,187,188,187,0
2022-01-05 10:45:00,189,189,189,189,1100
2022-01-05 10:46:00,189,189,189,189,0
2022-01-05 10:47:00,189,189,189,189,0
2022-01-05 10:48:00,189,189,189,189,5000
2022-01-05 10:49:00,189,189,189,189,0
2022-01-05 10:50:00,189,189,189,189,0
2022-01-05 10:51:00,189,189,189,189,0
2022-01-05 10:52:00,189,189,189,189,0
2022-01-05 10:53:00,189,189,189,189,0
2022-01-05 10:54:00,188,188,188,188,5000
2022-01-05 10:55:00,188,188,188,188,0
2022-01-05 10:56:00,188,188,188,188,900
2022-01-05 10:57:00,188,188,188,188,0
2022-01-05 10:58:00,188,188,188,188,0
2022-01-05 10:59:00,188,188,188,188,0
2022-01-05 11:00:00,188,188,188,188,0
2022-01-05 11:01:00,188,187,188,187,1100
2022-01-05 11:02:00,189,189,189,189,15300
2022-01-05 11:03:00,189,189,189,189,0
2022-01-05 11:04:00,189,189,189,189,0
2022-01-05 11:05:00,189,189,189,189,0
2022-01-05 11:06:00,189,189,189,189,0
2022-01-05 11:07:00,188,188,188,188,4300
2022-01-05 11:08:00,188,188,188,188,0
2022-01-05 11:09:00,188,188,188,188,2000
2022-01-05 11:10:00,188,188,188,188,400
2022-01-05 11:11:00,188,188,188,188,0
2022-01-05 11:12:00,188,188,188,188,0
2022-01-05 11:13:00,188,188,188,188,100
2022-01-05 11:14:00,188,188,188,188,0
2022-01-05 11:15:00,188,188,188,188,0
2022-01-05 11:16:00,188,188,188,188,0
2022-01-05 11:17:00,189,189,189,189,5200
2022-01-05 11:18:00,189,189,189,189,26400
2022-01-05 11:19:00,188,188,189,189,9000
2022-01-05 11:20:00,188,188,189,189,0
2022-01-05 11:21:00,189,189,189,189,27000
2022-01-05 11:22:00,188,188,188,188,5500
2022-01-05 11:23:00,188,188,188,188,0
2022-01-05 11:24:00,188,188,188,188,0
2022-01-05 11:25:00,188,188,188,188,300
2022-01-05 11:26:00,188,188,188,188,3000
2022-01-05 11:27:00,188,188,188,188,5000
2022-01-05 11:28:00,188,188,188,188,0
2022-01-05 11:29:00,189,189,189,189,500
2022-01-05 11:30:00,189,189,189,189,0
2022-01-05 11:31:00,189,189,189,189,0
2022-01-05 11:32:00,189,189,189,189,0
2022-01-05 11:33:00,189,189,189,189,0
2022-01-05 11:34:00,189,189,189,189,0
2022-01-05 11:35:00,189,189,189,189,0
2022-01-05 11:36:00,189,189,189,189,0
2022-01-05 11:37:00,189,189,189,189,0
2022-01-05 11:38:00,189,189,189,189,0
2022-01-05 11:39:00,189,189,189,189,0
2022-01-05 11:40:00,189,189,189,189,0
2022-01-05 11:41:00,189,189,189,189,0
2022-01-05 11:42:00,189,189,189,189,0
2022-01-05 11:43:00,189,189,189,189,0
2022-01-05 11:44:00,189,189,189,189,0
2022-01-05 11:45:00,189,189,189,189,0
2022-01-05 11:46:00,189,189,189,189,0
2022-01-05 11:47:00,189,189,189,189,0
2022-01-05 11:48:00,189,189,189,189,0
2022-01-05 11:49:00,189,189,189,189,0
2022-01-05 11:50:00,189,189,189,189,0
2022-01-05 11:51:00,189,189,189,189,0
2022-01-05 11:52:00,189,189,189,189,0
2022-01-05 11:53:00,189,189,189,189,0
2022-01-05 11:54:00,189,189,189,189,0
2022-01-05 11:55:00,189,189,189,189,0
2022-01-05 11:56:00,189,189,189,189,0
2022-01-05 11:57:00,189,189,189,189,0
2022-01-05 11:58:00,189,189,189,189,0
2022-01-05 11:59:00,189,189,189,189,0
2022-01-05 12:00:00,189,189,189,189,0
2022-01-05 12:01:00,189,189,189,189,0
2022-01-05 12:02:00,189,189,189,189,0
2022-01-05 12:03:00,189,189,189,189,0
2022-01-05 12:04:00,189,189,189,189,0
2022-01-05 12:05:00,189,189,189,189,0
2022-01-05 12:06:00,189,189,189,189,0
2022-01-05 12:07:00,189,189,189,189,0
2022-01-05 12:08:00,189,189,189,189,0
2022-01-05 12:09:00,189,189,189,189,0
2022-01-05 12:10:00,189,189,189,189,0
2022-01-05 12:11:00,189,189,189,189,0
2022-01-05 12:12:00,189,189,189,189,0
2022-01-05 12:13:00,189,189,189,189,0
2022-01-05 12:14:00,189,189,189,189,0
2022-01-05 12:15:00,189,189,189,189,0
2022-01-05 12:16:00,189,189,189,189,0
2022-01-05 12:17:00,189,189,189,189,0
2022-01-05 12:18:00,189,189,189,189,0
2022-01-05 12:19:00,189,189,189,189,0
2022-01-05 12:20:00,189,189,189,189,0
2022-01-05 12:21:00,189,189,189,189,0
2022-01-05 12:22:00,189,189,189,189,0
2022-01-05 12:23:00,189,189,189,189,0
2022-01-05 12:24:00,189,189,189,189,0
2022-01-05 12:25:00,189,189,189,189,0
2022-01-05 12:26:00,189,189,189,189,0
2022-01-05 12:27:00,189,189,189,189,0
2022-01-05 12:28:00,189,189,189,189,0
2022-01-05 12:29:00,189,189,189,189,0
2022-01-05 12:30:00,189,189,189,189,0
2022-01-05 12:31:00,189,189,189,189,0
2022-01-05 12:32:00,189,189,189,189,0
2022-01-05 12:33:00,189,189,189,189,0
2022-01-05 12:34:00,189,189,189,189,0
2022-01-05 12:35:00,189,189,189,189,0
2022-01-05 12:36:00,189,189,189,189,0
2022-01-05 12:37:00,189,189,189,189,0
2022-01-05 12:38:00,189,189,189,189,0
2022-01-05 12:39:00,189,189,189,189,0
2022-01-05 12:40:00,189,189,189,189,0
2022-01-05 12:41:00,189,189,189,189,0
2022-01-05 12:42:00,189,189,189,189,0
2022-01-05 12:43:00,189,189,189,189,0
2022-01-05 12:44:00,189,189,189,189,0
2022-01-05 12:45:00,189,189,189,189,0
2022-01-05 12:46:00,189,189,189,189,0
2022-01-05 12:47:00,189,189,189,189,0
2022-01-05 12:48:00,189,189,189,189,0
2022-01-05 12:49:00,189,189,189,189,0
2022-01-05 12:50:00,189,189,189,189,0
2022-01-05 12:51:00,189,189,189,189,0
2022-01-05 12:52:00,189,189,189,189,0
2022-01-05 12:53:00,189,189,189,189,0
2022-01-05 12:54:00,189,189,189,189,0
2022-01-05 12:55:00,189,189,189,189,0
2022-01-05 12:56:00,189,189,189,189,0
2022-01-05 12:57:00,189,189,189,189,0
2022-01-05 12:58:00,189,189,189,189,0
2022-01-05 12:59:00,189,189,189,189,0
2022-01-05 13:00:00,189,189,189,189,0
2022-01-05 13:01:00,189,189,189,189,0
2022-01-05 13:02:00,189,189,189,189,0
2022-01-05 13:03:00,189,189,189,189,0
2022-01-05 13:04:00,189,189,189,189,0
2022-01-05 13:05:00,189,189,189,189,0
2022-01-05 13:06:00,189,189,189,189,0
2022-01-05 13:07:00,189,189,189,189,0
2022-01-05 13:08:00,189,189,189,189,0
2022-01-05 13:09:00,189,189,189,189,0
2022-01-05 13:10:00,189,189,189,189,0
2022-01-05 13:11:00,189,189,189,189,0
2022-01-05 13:12:00,189,189,189,189,0
2022-01-05 13:13:00,189,189,189,189,0
2022-01-05 13:14:00,189,189,189,189,0
2022-01-05 13:15:00,189,189,189,189,0
2022-01-05 13:16:00,189,189,189,189,0
2022-01-05 13:17:00,189,189,189,189,0
2022-01-05 13:18:00,189,189,189,189,0
2022-01-05 13:19:00,189,189,189,189,0
2022-01-05 13:20:00,189,189,189,189,0
2022-01-05 13:21:00,189,189,189,189,0
2022-01-05 13:22:00,189,189,189,189,0
2022-01-05 13:23:00,189,189,189,189,0
2022-01-05 13:24:00,189,189,189,189,0
2022-01-05 13:25:00,189,189,189,189,0
2022-01-05 13:26:00,189,189,189,189,0
2022-01-05 13:27:00,189,189,189,189,0
2022-01-05 13:28:00,189,189,189,189,0
2022-01-05 13:29:00,189,189,189,189,0
2022-01-05 13:30:00,189,189,189,189,58600
2022-01-05 13:31:00,189,189,189,189,300
2022-01-05 13:32:00,189,189,189,189,0
2022-01-05 13:33:00,189,189,189,189,0
2022-01-05 13:34:00,189,189,189,189,0
2022-01-05 13:35:00,189,189,189,189,0
2022-01-05 13:36:00,189,189,189,189,9100
2022-01-05 13:37:00,189,189,189,189,90000
2022-01-05 13:38:00,189,189,189,189,5700
2022-01-05 13:39:00,189,189,189,189,0
2022-01-05 13:40:00,189,189,189,189,100
2022-01-05 13:41:00,189,189,189,189,100
2022-01-05 13:42:00,190,190,190,190,600
2022-01-05 13:43:00,189,189,189,189,200
2022-01-05 13:44:00,189,189,189,189,0
2022-01-05 13:45:00,189,189,189,189,0
2022-01-05 13:46:00,189,189,189,189,10000
2022-01-05 13:47:00,189,189,189,189,10000
2022-01-05 13:48:00,189,189,189,189,0
2022-01-05 13:49:00,189,189,189,189,100
2022-01-05 13:50:00,189,189,189,189,0
2022-01-05 13:51:00,189,189,189,189,5000
2022-01-05 13:52:00,189,189,189,189,59700
2022-01-05 13:53:00,189,189,189,189,0
2022-01-05 13:54:00,189,189,189,189,7500
2022-01-05 13:55:00,189,189,189,189,3300
2022-01-05 13:56:00,190,190,190,190,100
2022-01-05 13:57:00,189,189,189,189,110000
2022-01-05 13:58:00,189,189,189,189,20700
2022-01-05 13:59:00,190,190,190,190,300
2022-01-05 14:00:00,189,189,189,189,6300
2022-01-05 14:01:00,190,190,190,190,100
2022-01-05 14:02:00,190,190,190,190,0
2022-01-05 14:03:00,190,190,190,190,300
2022-01-05 14:04:00,189,189,189,189,500
2022-01-05 14:05:00,189,189,189,189,10000
2022-01-05 14:06:00,189,189,189,189,6100
2022-01-05 14:07:00,189,189,189,189,0
2022-01-05 14:08:00,189,189,189,189,143800
2022-01-05 14:09:00,189,189,189,189,11800
2022-01-05 14:10:00,189,189,189,189,33000
2022-01-05 14:11:00,189,189,189,189,0
2022-01-05 14:12:00,189,189,189,189,2400
2022-01-05 14:13:00,189,189,189,189,1700
2022-01-05 14:14:00,189,189,189,189,0
2022-01-05 14:15:00,189,189,189,189,0
2022-01-05 14:16:00,189,189,189,189,0
2022-01-05 14:17:00,189,189,189,189,0
2022-01-05 14:18:00,188,188,188,188,500
2022-01-05 14:19:00,188,188,188,188,0
2022-01-05 14:20:00,188,188,188,188,0
2022-01-05 14:21:00,188,188,188,188,10200
2022-01-05 14:22:00,188,188,188,188,0
2022-01-05 14:23:00,188,188,188,188,500
2022-01-05 14:24:00,188,188,188,188,0
2022-01-05 14:25:00,188,188,188,188,0
2022-01-05 14:26:00,188,188,188,188,0
2022-01-05 14:27:00,188,188,188,188,0
2022-01-05 14:28:00,188,188,188,188,0
2022-01-05 14:29:00,188,188,188,188,0
2022-01-05 14:30:00,188,188,188,188,0
2022-01-05 14:31:00,188,188,188,188,85300
2022-01-05 14:32:00,188,188,188,188,328300
2022-01-05 14:33:00,188,188,188,188,0
2022-01-05 14:34:00,188,188,188,188,2000
2022-01-05 14:35:00,188,188,188,188,0
2022-01-05 14:36:00,188,188,188,188,0
2022-01-05 14:37:00,188,188,188,188,20000
2022-01-05 14:38:00,188,188,188,188,1000
2022-01-05 14:39:00,188,188,188,188,0
2022-01-05 14:40:00,188,188,188,188,1000
2022-01-05 14:41:00,188,188,188,188,23800
2022-01-05 14:42:00,188,188,188,188,0
2022-01-05 14:43:00,188,188,188,188,1700
2022-01-05 14:44:00,188,188,188,188,4000
2022-01-05 14:45:00,188,188,188,188,0
2022-01-05 14:46:00,188,188,188,188,3000
2022-01-05 14:47:00,188,188,188,188,500000
2022-01-05 14:48:00,189,189,189,189,8800
2022-01-05 14:49:00,189,189,189,189,25000
2022-01-05 14:50:00,189,189,189,189,0
2022-01-05 14:51:00,189,189,189,189,0
2022-01-05 14:52:00,189,189,189,189,0
2022-01-05 14:53:00,189,189,189,189,0
2022-01-05 14:54:00,189,189,189,189,0
2022-01-05 14:55:00,189,189,189,189,0
2022-01-05 14:56:00,189,189,189,189,0
2022-01-05 14:57:00,189,189,189,189,0
2022-01-05 14:58:00,189,189,189,189,0
2022-01-05 14:59:00,189,189,189,189,0
2022-01-05 15:00:00,190,190,190,190,197200
2022-01-05 15:01:00,190,190,190,190,0
2022-01-05 15:02:00,190,190,190,190,0
2022-01-05 15:03:00,190,190,190,190,100000
2022-01-05 15:04:00,190,190,190,190,600
2022-01-05 15:05:00,190,190,190,190,206100
2022-01-05 15:06:00,190,190,190,190,36100
2022-01-05 15:07:00,190,190,190,190,43000
2022-01-05 15:08:00,190,190,190,190,0
2022-01-05 15:09:00,190,190,190,190,0
2022-01-05 15:10:00,190,190,190,190,1000
2022-01-05 15:11:00,190,190,190,190,10000
2022-01-05 15:12:00,190,190,190,190,5140600
2022-01-05 15:13:00,190,190,190,190,0
2022-01-05 15:14:00,190,190,190,190,0
2022-01-05 15:15:00,190,190,190,190,0
2022-01-05 15:16:00,190,190,190,190,0
2022-01-05 15:17:00,190,190,190,190,0
2022-01-05 15:18:00,190,190,190,190,0
2022-01-05 15:19:00,190,190,190,190,0
2022-01-05 15:20:00,190,190,190,190,0
2022-01-05 15:21:00,190,190,190,190,0
2022-01-05 15:22:00,190,190,190,190,0
2022-01-05 15:23:00,190,190,190,190,0
2022-01-05 15:24:00,190,190,190,190,0
2022-01-05 15:25:00,190,190,190,190,0
2022-01-05 15:26:00,190,190,190,190,0
2022-01-05 15:27:00,190,190,190,190,0
2022-01-05 15:28:00,190,190,190,190,0
2022-01-05 15:29:00,190,190,190,190,0
2022-01-05 15:30:00,190,190,190,190,0
2022-01-05 15:31:00,190,190,190,190,0
2022-01-05 15:32:00,190,190,190,190,0
2022-01-05 15:33:00,190,190,190,190,0
2022-01-05 15:34:00,190,190,190,190,0
2022-01-05 15:35:00,190,190,190,190,0
2022-01-05 15:36:00,190,190,190,190,0
2022-01-05 15:37:00,190,190,190,190,0
2022-01-05 15:38:00,190,190,190,190,0
2022-01-05 15:39:00,190,190,190,190,0
2022-01-05 15:40:00,190,190,190,190,0
2022-01-05 15:41:00,190,190,190,190,0
2022-01-05 15:42:00,190,190,190,190,0
2022-01-05 15:43:00,190,190,190,190,0
2022-01-05 15:44:00,190,190,190,190,0
2022-01-05 15:45:00,190,190,190,190,0
2022-01-05 15:46:00,190,190,190,190,0
2022-01-05 15:47:00,190,190,190,190,0
2022-01-05 15:48:00,190,190,190,190,0
2022-01-05 15:49:00,190,190,190,190,0
2022-01-05 15:50:00,190,190,190,190,0
2022-01-05 15:51:00,190,190,190,190,0
2022-01-05 15:52:00,190,190,190,190,0
2022-01-05 15:53:00,190,190,190,190,0
2022-01-05 15:54:00,190,190,190,190,0
2022-01-05 15:55:00,190,190,190,190,0
2022-01-05 15:56:00,190,190,190,190,0
2022-01-05 15:57:00,190,190,190,190,0
2022-01-05 15:58:00,190,190,190,190,0
2022-01-05 15:59:00,190,190,190,190,0
2022-01-06 09:00:00,190,190,191,191,0
2022-01-06 09:01:00,191,191,192,192,211800
2022-01-06 09:02:00,192,191,192,191,101500
2022-01-06 09:03:00,191,190,191,190,97500
2022-01-06 09:04:00,190,190,190,190,6200
2022-01-06 09:05:00,190,189,190,189,127600
2022-01-06 09:06:00,189,189,189,189,100
2022-01-06 09:07:00,189,189,189,189,21000
2022-01-06 09:08:00,189,189,189,189,1500
2022-01-06 09:09:00,189,189,189,189,0
2022-01-06 09:10:00,189,189,189,189,0
2022-01-06 09:11:00,189,189,189,189,4700
2022-01-06 09:12:00,189,189,189,189,0
2022-01-06 09:13:00,189,189,190,190,29800
2022-01-06 09:14:00,189,189,190,190,0
2022-01-06 09:15:00,190,190,190,190,58000
2022-01-06 09:16:00,191,190,191,190,1500
2022-01-06 09:17:00,190,190,190,190,1000
2022-01-06 09:18:00,190,190,190,190,4000
2022-01-06 09:19:00,190,190,190,190,0
2022-01-06 09:20:00,190,190,190,190,0
2022-01-06 09:21:00,190,190,190,190,0
2022-01-06 09:22:00,190,190,190,190,0
2022-01-06 09:23:00,190,190,190,190,0
2022-01-06 09:24:00,190,190,190,190,500
2022-01-06 09:25:00,190,190,190,190,0
2022-01-06 09:26:00,190,190,190,190,0
2022-01-06 09:27:00,190,190,190,190,5100
2022-01-06 09:28:00,190,190,190,190,0
2022-01-06 09:29:00,190,190,190,190,0
2022-01-06 09:30:00,190,190,190,190,11000
2022-01-06 09:31:00,190,190,190,190,0
2022-01-06 09:32:00,190,190,190,190,0
2022-01-06 09:33:00,190,190,190,190,0
2022-01-06 09:34:00,190,190,190,190,0
2022-01-06 09:35:00,190,190,190,190,0
2022-01-06 09:36:00,190,190,190,190,0
2022-01-06 09:37:00,190,190,190,190,0
2022-01-06 09:38:00,190,190,190,190,0
2022-01-06 09:39:00,190,190,190,190,0
2022-01-06 09:40:00,189,189,189,189,16200
2022-01-06 09:41:00,189,189,189,189,30000
2022-01-06 09:42:00,189,189,189,189,100
2022-01-06 09:43:00,189,189,189,189,300
2022-01-06 09:44:00,189,189,189,189,50000
2022-01-06 09:45:00,189,189,189,189,0
2022-01-06 09:46:00,189,189,189,189,0
2022-01-06 09:47:00,189,189,189,189,0
2022-01-06 09:48:00,189,189,189,189,10000
2022-01-06 09:49:00,189,189,189,189,6000
2022-01-06 09:50:00,189,189,189,189,100
2022-01-06 09:51:00,189,189,189,189,20000
2022-01-06 09:52:00,189,189,189,189,50000
2022-01-06 09:53:00,189,189,189,189,7500
2022-01-06 09:54:00,189,189,189,189,200000
2022-01-06 09:55:00,189,188,189,188,49400
2022-01-06 09:56:00,189,188,189,188,0
2022-01-06 09:57:00,189,188,189,188,0
2022-01-06 09:58:00,188,188,188,188,22000
2022-01-06 09:59:00,188,188,188,188,0
2022-01-06 10:00:00,188,188,188,188,0
2022-01-06 10:01:00,188,188,188,188,0
2022-01-06 10:02:00,188,188,188,188,0
2022-01-06 10:03:00,188,188,188,188,0
2022-01-06 10:04:00,188,188,188,188,0
2022-01-06 10:05:00,188,188,188,188,0
2022-01-06 10:06:00,188,188,188,188,0
2022-01-06 10:07:00,188,188,188,188,19900
2022-01-06 10:08:00,188,188,188,188,0
2022-01-06 10:09:00,188,188,188,188,148500
2022-01-06 10:10:00,188,188,188,188,0
2022-01-06 10:11:00,188,188,188,188,0
2022-01-06 10:12:00,188,188,188,188,0
2022-01-06 10:13:00,188,188,188,188,0
2022-01-06 10:14:00,188,188,188,188,0
2022-01-06 10:15:00,189,189,189,189,1000
2022-01-06 10:16:00,189,189,189,189,7500
2022-01-06 10:17:00,189,189,189,189,0
2022-01-06 10:18:00,189,189,189,189,0
2022-01-06 10:19:00,189,189,189,189,0
2022-01-06 10:20:00,189,189,189,189,0
2022-01-06 10:21:00,189,189,189,189,1500
2022-01-06 10:22:00,189,189,189,189,0
2022-01-06 10:23:00,189,189,189,189,500
2022-01-06 10:24:00,189,189,189,189,0
2022-01-06 10:25:00,189,189,189,189,3000
2022-01-06 10:26:00,189,189,189,189,0
2022-01-06 10:27:00,189,188,189,188,11700
2022-01-06 10:28:00,188,188,188,188,60700
2022-01-06 10:29:00,188,188,188,188,0
2022-01-06 10:30:00,188,188,188,188,200
2022-01-06 10:31:00,188,188,188,188,0
2022-01-06 10:32:00,188,188,188,188,75100
2022-01-06 10:33:00,188,188,188,188,0
2022-01-06 10:34:00,188,188,188,188,0
2022-01-06 10:35:00,188,188,188,188,0
2022-01-06 10:36:00,188,188,188,188,0
2022-01-06 10:37:00,188,188,188,188,0
2022-01-06 10:38:00,188,188,188,188,0
2022-01-06 10:39:00,188,188,188,188,4500
2022-01-06 10:40:00,188,188,188,188,6700
2022-01-06 10:41:00,188,188,188,188,0
2022-01-06 10:42:00,188,187,188,188,150100
2022-01-06 10:43:00,188,188,188,188,33900
2022-01-06 10:44:00,188,187,188,187,6100
2022-01-06 10:45:00,188,188,188,188,2600
2022-01-06 10:46:00,188,188,188,188,0
2022-01-06 10:47:00,188,188,188,188,25000
2022-01-06 10:48:00,188,188,188,188,800
2022-01-06 10:49:00,188,188,188,188,0
2022-01-06 10:50:00,187,187,187,187,161200
2022-01-06 10:51:00,188,188,188,188,5000
2022-01-06 10:52:00,188,188,188,188,0
2022-01-06 10:53:00,188,188,188,188,1000
2022-01-06 10:54:00,187,187,187,187,600
2022-01-06 10:55:00,187,187,187,187,0
2022-01-06 10:56:00,187,187,187,187,0
2022-01-06 10:57:00,187,186,187,186,398800
2022-01-06 10:58:00,186,185,186,186,69500
2022-01-06 10:59:00,186,186,187,187,33400
2022-01-06 11:00:00,186,186,187,187,0
2022-01-06 11:01:00,187,187,187,187,10500
2022-01-06 11:02:00,188,188,188,188,1700
2022-01-06 11:03:00,188,188,188,188,0
2022-01-06 11:04:00,188,188,188,188,0
2022-01-06 11:05:00,188,188,188,188,0
2022-01-06 11:06:00,188,187,188,187,62100
2022-01-06 11:07:00,188,187,188,187,0
2022-01-06 11:08:00,188,187,188,187,0
2022-01-06 11:09:00,188,187,188,187,0
2022-01-06 11:10:00,188,187,188,187,0
2022-01-06 11:11:00,187,187,187,187,10000
2022-01-06 11:12:00,187,187,187,187,0
2022-01-06 11:13:00,187,187,187,187,0
2022-01-06 11:14:00,187,187,187,187,700
2022-01-06 11:15:00,187,187,187,187,0
2022-01-06 11:16:00,187,187,187,187,0
2022-01-06 11:17:00,187,187,187,187,0
2022-01-06 11:18:00,187,187,187,187,0
2022-01-06 11:19:00,187,187,187,187,0
2022-01-06 11:20:00,187,187,187,187,0
2022-01-06 11:21:00,187,187,187,187,0
2022-01-06 11:22:00,187,187,187,187,0
2022-01-06 11:23:00,187,187,187,187,48700
2022-01-06 11:24:00,187,187,187,187,0
2022-01-06 11:25:00,187,187,187,187,0
2022-01-06 11:26:00,187,187,187,187,0
2022-01-06 11:27:00,187,187,187,187,0
2022-01-06 11:28:00,188,188,188,188,3000
2022-01-06 11:29:00,188,188,188,188,0
2022-01-06 11:30:00,188,188,188,188,0
2022-01-06 11:31:00,188,188,188,188,0
2022-01-06 11:32:00,188,188,188,188,0
2022-01-06 11:33:00,188,188,188,188,0
2022-01-06 11:34:00,188,188,188,188,0
2022-01-06 11:35:00,188,188,188,188,0
2022-01-06 11:36:00,188,188,188,188,0
2022-01-06 11:37:00,188,188,188,188,0
2022-01-06 11:38:00,188,188,188,188,0
2022-01-06 11:39:00,188,188,188,188,0
2022-01-06 11:40:00,188,188,188,188,0
2022-01-06 11:41:00,188,188,188,188,0
2022-01-06 11:42:00,188,188,188,188,0
2022-01-06 11:43:00,188,188,188,188,0
2022-01-06 11:44:00,188,188,188,188,0
2022-01-06 11:45:00,188,188,188,188,0
2022-01-06 11:46:00,188,188,188,188,0
2022-01-06 11:47:00,188,188,188,188,0
2022-01-06 11:48:00,188,188,188,188,0
2022-01-06 11:49:00,188,188,188,188,0
2022-01-06 11:50:00,188,188,188,188,0
2022-01-06 11:51:00,188,188,188,188,0
2022-01-06 11:52:00,188,188,188,188,0
2022-01-06 11:53:00,188,188,188,188,0
2022-01-06 11:54:00,188,188,188,188,0
2022-01-06 11:55:00,188,188,188,188,0
2022-01-06 11:56:00,188,188,188,188,0
2022-01-06 11:57:00,188,188,188,188,0
2022-01-06 11:58:00,188,188,188,188,0
2022-01-06 11:59:00,188,188,188,188,0
2022-01-06 12:00:00,188,188,188,188,0
2022-01-06 12:01:00,188,188,188,188,0
2022-01-06 12:02:00,188,188,188,188,0
2022-01-06 12:03:00,188,188,188,188,0
2022-01-06 12:04:00,188,188,188,188,0
2022-01-06 12:05:00,188,188,188,188,0
2022-01-06 12:06:00,188,188,188,188,0
2022-01-06 12:07:00,188,188,188,188,0
2022-01-06 12:08:00,188,188,188,188,0
2022-01-06 12:09:00,188,188,188,188,0
2022-01-06 12:10:00,188,188,188,188,0
2022-01-06 12:11:00,188,188,188,188,0
2022-01-06 12:12:00,188,188,188,188,0
2022-01-06 12:13:00,188,188,188,188,0
2022-01-06 12:14:00,188,188,188,188,0
2022-01-06 12:15:00,188,188,188,188,0
2022-01-06 12:16:00,188,188,188,188,0
2022-01-06 12:17:00,188,188,188,188,0
2022-01-06 12:18:00,188,188,188,188,0
2022-01-06 12:19:00,188,188,188,188,0
2022-01-06 12:20:00,188,188,188,188,0
2022-01-06 12:21:00,188,188,188,188,0
2022-01-06 12:22:00,188,188,188,188,0
2022-01-06 12:23:00,188,188,188,188,0
2022-01-06 12:24:00,188,188,188,188,0
2022-01-06 12:25:00,188,188,188,188,0
2022-01-06 12:26:00,188,188,188,188,0
2022-01-06 12:27:00,188,188,188,188,0
2022-01-06 12:28:00,188,188,188,188,0
2022-01-06 12:29:00,188,188,188,188,0
2022-01-06 12:30:00,188,188,188,188,0
2022-01-06 12:31:00,188,188,188,188,0
2022-01-06 12:32:00,188,188,188,188,0
2022-01-06 12:33:00,188,188,188,188,0
2022-01-06 12:34:00,188,188,188,188,0
2022-01-06 12:35:00,188,188,188,188,0
2022-01-06 12:36:00,188,188,188,188,0
2022-01-06 12:37:00,188,188,188,188,0
2022-01-06 12:38:00,188,188,188,188,0
2022-01-06 12:39:00,188,188,188,188,0
2022-01-06 12:40:00,188,188,188,188,0
2022-01-06 12:41:00,188,188,188,188,0
2022-01-06 12:42:00,188,188,188,188,0
2022-01-06 12:43:00,188,188,188,188,0
2022-01-06 12:44:00,188,188,188,188,0
2022-01-06 12:45:00,188,188,188,188,0
2022-01-06 12:46:00,188,188,188,188,0
2022-01-06 12:47:00,188,188,188,188,0
2022-01-06 12:48:00,188,188,188,188,0
2022-01-06 12:49:00,188,188,188,188,0
2022-01-06 12:50:00,188,188,188,188,0
2022-01-06 12:51:00,188,188,188,188,0
2022-01-06 12:52:00,188,188,188,188,0
2022-01-06 12:53:00,188,188,188,188,0
2022-01-06 12:54:00,188,188,188,188,0
2022-01-06 12:55:00,188,188,188,188,0
2022-01-06 12:56:00,188,188,188,188,0
2022-01-06 12:57:00,188,188,188,188,0
2022-01-06 12:58:00,188,188,188,188,0
2022-01-06 12:59:00,188,188,188,188,0
2022-01-06 13:00:00,188,188,188,188,0
2022-01-06 13:01:00,188,188,188,188,0
2022-01-06 13:02:00,188,188,188,188,0
2022-01-06 13:03:00,188,188,188,188,0
2022-01-06 13:04:00,188,188,188,188,0
2022-01-06 13:05:00,188,188,188,188,0
2022-01-06 13:06:00,188,188,188,188,0
2022-01-06 13:07:00,188,188,188,188,0
2022-01-06 13:08:00,188,188,188,188,0
2022-01-06 13:09:00,188,188,188,188,0
2022-01-06 13:10:00,188,188,188,188,0
2022-01-06 13:11:00,188,188,188,188,0
2022-01-06 13:12:00,188,188,188,188,0
2022-01-06 13:13:00,188,188,188,188,0
2022-01-06 13:14:00,188,188,188,188,0
2022-01-06 13:15:00,188,188,188,188,0
2022-01-06 13:16:00,188,188,188,188,0
2022-01-06 13:17:00,188,188,188,188,0
2022-01-06 13:18:00,188,188,188,188,0
2022-01-06 13:19:00,188,188,188,188,0
2022-01-06 13:20:00,188,188,188,188,0
2022-01-06 13:21:00,188,188,188,188,0
2022-01-06 13:22:00,188,188,188,188,0
2022-01-06 13:23:00,188,188,188,188,0
2022-01-06 13:24:00,188,188,188,188,0
2022-01-06 13:25:00,188,188,188,188,0
2022-01-06 13:26:00,188,188,188,188,0
2022-01-06 13:27:00,188,188,188,188,0
2022-01-06 13:28:00,188,188,188,188,0
2022-01-06 13:29:00,188,188,188,188,0
2022-01-06 13:30:00,187,187,188,187,81500
2022-01-06 13:31:00,187,187,188,187,0
2022-01-06 13:32:00,187,187,188,187,0
2022-01-06 13:33:00,187,187,187,187,5000
2022-01-06 13:34:00,187,187,187,187,0
2022-01-06 13:35:00,187,187,187,187,0
2022-01-06 13:36:00,187,187,187,187,0
2022-01-06 13:37:00,187,187,187,187,2700
2022-01-06 13:38:00,187,187,187,187,1200
2022-01-06 13:39:00,187,187,187,187,0
2022-01-06 13:40:00,187,187,187,187,0
2022-01-06 13:41:00,186,186,186,186,13000
2022-01-06 13:42:00,186,186,186,186,1300
2022-01-06 13:43:00,186,186,186,186,0
2022-01-06 13:44:00,187,186,187,186,500
2022-01-06 13:45:00,187,186,187,186,0
2022-01-06 13:46:00,187,186,187,186,0
2022-01-06 13:47:00,186,186,186,186,10000
2022-01-06 13:48:00,186,186,186,186,0
2022-01-06 13:49:00,186,186,186,186,0
2022-01-06 13:50:00,186,186,186,186,0
2022-01-06 13:51:00,186,186,186,186,0
2022-01-06 13:52:00,186,186,186,186,0
2022-01-06 13:53:00,186,186,186,186,0
2022-01-06 13:54:00,186,186,186,186,0
2022-01-06 13:55:00,186,186,186,186,0
2022-01-06 13:56:00,186,186,186,186,0
2022-01-06 13:57:00,186,186,186,186,55900
2022-01-06 13:58:00,186,186,186,186,0
2022-01-06 13:59:00,188,188,188,188,3500
2022-01-06 14:00:00,188,188,188,188,0
2022-01-06 14:01:00,188,188,188,188,200
2022-01-06 14:02:00,188,188,188,188,200
2022-01-06 14:03:00,188,188,188,188,0
2022-01-06 14:04:00,188,188,188,188,0
2022-01-06 14:05:00,187,187,187,187,12500
2022-01-06 14:06:00,187,187,187,187,0
2022-01-06 14:07:00,187,187,187,187,0
2022-01-06 14:08:00,187,187,187,187,0
2022-01-06 14:09:00,187,187,187,187,0
2022-01-06 14:10:00,187,187,187,187,7000
2022-01-06 14:11:00,187,187,187,187,10500
2022-01-06 14:12:00,187,187,187,187,300
2022-01-06 14:13:00,187,187,187,187,0
2022-01-06 14:14:00,187,187,187,187,0
2022-01-06 14:15:00,187,187,187,187,0
2022-01-06 14:16:00,187,187,187,187,0
2022-01-06 14:17:00,187,187,187,187,0
2022-01-06 14:18:00,188,188,189,188,54400
2022-01-06 14:19:00,189,188,189,188,56300
2022-01-06 14:20:00,187,187,188,188,2100
2022-01-06 14:21:00,187,187,187,187,3000
2022-01-06 14:22:00,187,187,189,189,36400
2022-01-06 14:23:00,187,187,189,189,0
2022-01-06 14:24:00,187,187,189,189,0
2022-01-06 14:25:00,187,187,189,189,0
2022-01-06 14:26:00,187,187,189,189,0
2022-01-06 14:27:00,189,189,189,189,2000
2022-01-06 14:28:00,189,189,189,189,0
2022-01-06 14:29:00,188,188,188,188,5000
2022-01-06 14:30:00,188,188,188,188,0
2022-01-06 14:31:00,188,188,188,188,0
2022-01-06 14:32:00,188,188,188,188,500
2022-01-06 14:33:00,188,188,188,188,0
2022-01-06 14:34:00,188,188,188,188,15000
2022-01-06 14:35:00,188,188,188,188,20000
2022-01-06 14:36:00,188,187,188,187,150000
2022-01-06 14:37:00,188,187,188,187,0
2022-01-06 14:38:00,188,187,188,187,0
2022-01-06 14:39:00,188,187,188,187,0
2022-01-06 14:40:00,188,187,188,187,0
2022-01-06 14:41:00,187,187,187,187,9100
2022-01-06 14:42:00,187,187,187,187,0
2022-01-06 14:43:00,187,187,187,187,7000
2022-01-06 14:44:00,187,187,187,187,0
2022-01-06 14:45:00,187,187,187,187,5000
2022-01-06 14:46:00,187,187,187,187,0
2022-01-06 14:47:00,187,187,187,187,0
2022-01-06 14:48:00,187,187,187,187,0
2022-01-06 14:49:00,188,188,188,188,6600
2022-01-06 14:50:00,188,188,188,188,0
2022-01-06 14:51:00,188,188,188,188,0
2022-01-06 14:52:00,188,188,188,188,0
2022-01-06 14:53:00,188,188,188,188,0
2022-01-06 14:54:00,188,188,188,188,0
2022-01-06 14:55:00,188,188,188,188,0
2022-01-06 14:56:00,188,188,188,188,0
2022-01-06 14:57:00,188,188,188,188,0
2022-01-06 14:58:00,188,188,188,188,0
2022-01-06 14:59:00,188,188,188,188,0
2022-01-06 15:00:00,187,187,187,187,105000
2022-01-06 15:01:00,187,187,187,187,500
2022-01-06 15:02:00,187,187,187,187,0
2022-01-06 15:03:00,187,187,187,187,0
2022-01-06 15:04:00,187,187,187,187,0
2022-01-06 15:05:00,187,187,187,187,0
2022-01-06 15:06:00,187,187,187,187,13000
2022-01-06 15:07:00,187,187,187,187,0
2022-01-06 15:08:00,187,187,187,187,0
2022-01-06 15:09:00,187,187,187,187,0
2022-01-06 15:10:00,187,187,187,187,0
2022-01-06 15:11:00,187,187,187,187,16000
2022-01-06 15:12:00,187,187,187,187,0
2022-01-06 15:13:00,187,187,187,187,0
2022-01-06 15:14:00,187,187,187,187,0
2022-01-06 15:15:00,187,187,187,187,0
2022-01-06 15:16:00,187,187,187,187,0
2022-01-06 15:17:00,187,187,187,187,0
2022-01-06 15:18:00,187,187,187,187,0
2022-01-06 15:19:00,187,187,187,187,0
2022-01-06 15:20:00,187,187,187,187,0
2022-01-06 15:21:00,187,187,187,187,0
2022-01-06 15:22:00,187,187,187,187,0
2022-01-06 15:23:00,187,187,187,187,0
2022-01-06 15:24:00,187,187,187,187,0
2022-01-06 15:25:00,187,187,187,187,0
2022-01-06 15:26:00,187,187,187,187,0
2022-01-06 15:27:00,187,187,187,187,0
2022-01-06 15:28:00,187,187,187,187,0
2022-01-06 15:29:00,187,187,187,187,0
2022-01-06 15:30:00,187,187,187,187,0
2022-01-06 15:31:00,187,187,187,187,0
2022-01-06 15:32:00,187,187,187,187,0
2022-01-06 15:33:00,187,187,187,187,0
2022-01-06 15:34:00,187,187,187,187,0
2022-01-06 15:35:00,187,187,187,187,0
2022-01-06 15:36:00,187,187,187,187,0
2022-01-06 15:37:00,187,187,187,187,0
2022-01-06 15:38:00,187,187,187,187,0
2022-01-06 15:39:00,187,187,187,187,0
2022-01-06 15:40:00,187,187,187,187,0
2022-01-06 15:41:00,187,187,187,187,0
2022-01-06 15:42:00,187,187,187,187,0
2022-01-06 15:43:00,187,187,187,187,0
2022-01-06 15:44:00,187,187,187,187,0
2022-01-06 15:45:00,187,187,187,187,0
2022-01-06 15:46:00,187,187,187,187,0
2022-01-06 15:47:00,187,187,187,187,0
2022-01-06 15:48:00,187,187,187,187,0
2022-01-06 15:49:00,187,187,187,187,0
2022-01-06 15:50:00,187,187,187,187,0
2022-01-06 15:51:00,187,187,187,187,0
2022-01-06 15:52:00,187,187,187,187,0
2022-01-06 15:53:00,187,187,187,187,0
2022-01-06 15:54:00,187,187,187,187,0
2022-01-06 15:55:00,187,187,187,187,0
2022-01-06 15:56:00,187,187,187,187,0
2022-01-06 15:57:00,187,187,187,187,0
2022-01-06 15:58:00,187,187,187,187,0
2022-01-06 15:59:00,187,187,187,187,0
2022-01-07 09:00:00,190,189,190,189,0
2022-01-07 09:01:00,187,187,187,187,700
2022-01-07 09:02:00,187,187,187,187,10000
2022-01-07 09:03:00,187,187,187,187,0
2022-01-07 09:04:00,187,187,187,187,0
2022-01-07 09:05:00,188,187,188,187,50000
2022-01-07 09:06:00,188,187,188,187,0
2022-01-07 09:07:00,188,187,188,187,0
2022-01-07 09:08:00,188,187,188,187,0
2022-01-07 09:09:00,189,188,190,188,7500
2022-01-07 09:10:00,190,190,190,190,400
2022-01-07 09:11:00,190,189,190,189,39100
2022-01-07 09:12:00,189,189,189,189,33500
2022-01-07 09:13:00,189,189,189,189,0
2022-01-07 09:14:00,189,189,189,189,21700
2022-01-07 09:15:00,189,189,189,189,0
2022-01-07 09:16:00,189,189,189,189,0
2022-01-07 09:17:00,189,189,189,189,5000
2022-01-07 09:18:00,189,189,189,189,4100
2022-01-07 09:19:00,189,189,189,189,0
2022-01-07 09:20:00,189,189,189,189,0
2022-01-07 09:21:00,189,189,189,189,0
2022-01-07 09:22:00,189,189,189,189,0
2022-01-07 09:23:00,189,189,189,189,0
2022-01-07 09:24:00,189,189,189,189,0
2022-01-07 09:25:00,189,189,189,189,0
2022-01-07 09:26:00,189,189,189,189,0
2022-01-07 09:27:00,189,189,189,189,0
2022-01-07 09:28:00,188,188,188,188,10000
2022-01-07 09:29:00,189,188,189,188,17500
2022-01-07 09:30:00,189,189,189,189,9100
2022-01-07 09:31:00,189,189,189,189,0
2022-01-07 09:32:00,189,189,189,189,0
2022-01-07 09:33:00,189,189,189,189,0
2022-01-07 09:34:00,189,189,189,189,0
2022-01-07 09:35:00,189,189,189,189,0
2022-01-07 09:36:00,189,189,189,189,0
2022-01-07 09:37:00,189,189,189,189,0
2022-01-07 09:38:00,189,189,189,189,0
2022-01-07 09:39:00,189,189,189,189,26800
2022-01-07 09:40:00,189,189,189,189,100
2022-01-07 09:41:00,189,189,189,189,0
2022-01-07 09:42:00,189,189,189,189,0
2022-01-07 09:43:00,189,189,189,189,0
2022-01-07 09:44:00,189,189,189,189,0
2022-01-07 09:45:00,188,188,188,188,3500
2022-01-07 09:46:00,188,188,188,188,0
2022-01-07 09:47:00,188,188,188,188,6100
2022-01-07 09:48:00,188,188,188,188,10000
2022-01-07 09:49:00,188,188,188,188,0
2022-01-07 09:50:00,188,188,188,188,0
2022-01-07 09:51:00,188,188,188,188,1000
2022-01-07 09:52:00,188,188,188,188,10400
2022-01-07 09:53:00,188,188,188,188,0
2022-01-07 09:54:00,188,188,188,188,0
2022-01-07 09:55:00,188,188,188,188,4400
2022-01-07 09:56:00,188,188,188,188,20000
2022-01-07 09:57:00,188,188,188,188,0
2022-01-07 09:58:00,188,188,188,188,0
2022-01-07 09:59:00,188,188,188,188,4000
2022-01-07 10:00:00,188,188,188,188,0
2022-01-07 10:01:00,188,188,188,188,0
2022-01-07 10:02:00,189,189,189,189,854500
2022-01-07 10:03:00,190,190,190,190,600
2022-01-07 10:04:00,190,190,190,190,0
2022-01-07 10:05:00,190,190,190,190,0
2022-01-07 10:06:00,190,190,190,190,544400
2022-01-07 10:07:00,190,190,190,190,0
2022-01-07 10:08:00,190,190,190,190,28100
2022-01-07 10:09:00,190,190,190,190,0
2022-01-07 10:10:00,190,190,190,190,0
2022-01-07 10:11:00,190,190,190,190,10100
2022-01-07 10:12:00,190,190,190,190,14000
2022-01-07 10:13:00,190,190,190,190,1000
2022-01-07 10:14:00,190,190,190,190,36000
2022-01-07 10:15:00,190,190,190,190,55000
2022-01-07 10:16:00,191,190,191,190,5600
2022-01-07 10:17:00,190,190,190,190,2200
2022-01-07 10:18:00,190,190,190,190,0
2022-01-07 10:19:00,190,190,190,190,0
2022-01-07 10:20:00,190,190,190,190,0
2022-01-07 10:21:00,190,190,190,190,1000
2022-01-07 10:22:00,190,190,190,190,91800
2022-01-07 10:23:00,190,190,190,190,30000
2022-01-07 10:24:00,190,190,190,190,15000
2022-01-07 10:25:00,190,190,190,190,0
2022-01-07 10:26:00,190,190,191,191,5000
2022-01-07 10:27:00,191,191,191,191,35800
2022-01-07 10:28:00,191,191,191,191,48100
2022-01-07 10:29:00,191,191,191,191,8500
2022-01-07 10:30:00,191,191,191,191,27000
2022-01-07 10:31:00,191,191,191,191,2000
2022-01-07 10:32:00,191,191,191,191,57100
2022-01-07 10:33:00,191,191,191,191,76300
2022-01-07 10:34:00,191,191,192,191,280400
2022-01-07 10:35:00,192,192,194,194,1156900
2022-01-07 10:36:00,194,194,195,195,578200
2022-01-07 10:37:00,195,194,196,194,651600
2022-01-07 10:38:00,194,193,195,194,484900
2022-01-07 10:39:00,194,194,194,194,148200
2022-01-07 10:40:00,194,192,194,192,416700
2022-01-07 10:41:00,192,192,193,192,91100
2022-01-07 10:42:00,191,191,192,192,134400
2022-01-07 10:43:00,192,192,192,192,9800
2022-01-07 10:44:00,192,191,192,191,49200
2022-01-07 10:45:00,191,191,193,192,140000
2022-01-07 10:46:00,192,192,192,192,147000
2022-01-07 10:47:00,192,192,192,192,39300
2022-01-07 10:48:00,191,191,191,191,2800
2022-01-07 10:49:00,192,191,192,192,27400
2022-01-07 10:50:00,192,192,192,192,4000
2022-01-07 10:51:00,191,191,191,191,26100
2022-01-07 10:52:00,191,191,191,191,62800
2022-01-07 10:53:00,191,191,191,191,25000
2022-01-07 10:54:00,191,191,191,191,50700
2022-01-07 10:55:00,191,191,191,191,152000
2022-01-07 10:56:00,191,191,191,191,30300
2022-01-07 10:57:00,191,191,191,191,0
2022-01-07 10:58:00,191,191,191,191,200
2022-01-07 10:59:00,191,191,191,191,300
2022-01-07 11:00:00,191,191,191,191,20000
2022-01-07 11:01:00,191,191,191,191,0
2022-01-07 11:02:00,191,191,191,191,7900
2022-01-07 11:03:00,191,191,191,191,0
2022-01-07 11:04:00,191,191,191,191,0
2022-01-07 11:05:00,191,191,191,191,500
2022-01-07 11:06:00,191,191,191,191,0
2022-01-07 11:07:00,192,191,192,192,30300
2022-01-07 11:08:00,192,192,192,192,300
2022-01-07 11:09:00,192,192,192,192,1000
2022-01-07 11:10:00,191,191,191,191,12800
2022-01-07 11:11:00,192,192,192,192,600
2022-01-07 11:12:00,192,192,192,192,5700
2022-01-07 11:13:00,192,192,192,192,125400
2022-01-07 11:14:00,192,192,192,192,25100
2022-01-07 11:15:00,192,192,192,192,900
2022-01-07 11:16:00,192,192,192,192,1400
2022-01-07 11:17:00,192,192,192,192,300
2022-01-07 11:18:00,192,192,192,192,11300
2022-01-07 11:19:00,192,192,192,192,3400
2022-01-07 11:20:00,192,192,192,192,0
2022-01-07 11:21:00,192,192,192,192,0
2022-01-07 11:22:00,192,192,192,192,88300
2022-01-07 11:23:00,192,192,192,192,10000
2022-01-07 11:24:00,192,192,192,192,5000
2022-01-07 11:25:00,192,192,192,192,0
2022-01-07 11:26:00,192,192,192,192,2000
2022-01-07 11:27:00,192,192,192,192,0
2022-01-07 11:28:00,192,192,192,192,1000
2022-01-07 11:29:00,192,192,192,192,20100
2022-01-07 11:30:00,192,192,192,192,0
2022-01-07 11:31:00,192,192,192,192,0
2022-01-07 11:32:00,192,192,192,192,0
2022-01-07 11:33:00,192,192,192,192,0
2022-01-07 11:34:00,192,192,192,192,0
2022-01-07 11:35:00,192,192,192,192,0
2022-01-07 11:36:00,192,192,192,192,0
2022-01-07 11:37:00,192,192,192,192,0
2022-01-07 11:38:00,192,192,192,192,0
2022-01-07 11:39:00,192,192,192,192,0
2022-01-07 11:40:00,192,192,192,192,0
2022-01-07 11:41:00,192,192,192,192,0
2022-01-07 11:42:00,192,192,192,192,0
2022-01-07 11:43:00,192,192,192,192,0
2022-01-07 11:44:00,192,192,192,192,0
2022-01-07 11:45:00,192,192,192,192,0
2022-01-07 11:46:00,192,192,192,192,0
2022-01-07 11:47:00,192,192,192,192,0
2022-01-07 11:48:00,192,192,192,192,0
2022-01-07 11:49:00,192,192,192,192,0
2022-01-07 11:50:00,192,192,192,192,0
2022-01-07 11:51:00,192,192,192,192,0
2022-01-07 11:52:00,192,192,192,192,0
2022-01-07 11:53:00,192,192,192,192,0
2022-01-07 11:54:00,192,192,192,192,0
2022-01-07 11:55:00,192,192,192,192,0
2022-01-07 11:56:00,192,192,192,192,0
2022-01-07 11:57:00,192,192,192,192,0
2022-01-07 11:58:00,192,192,192,192,0
2022-01-07 11:59:00,192,192,192,192,0
2022-01-07 12:00:00,192,192,192,192,0
2022-01-07 12:01:00,192,192,192,192,0
2022-01-07 12:02:00,192,192,192,192,0
2022-01-07 12:03:00,192,192,192,192,0
2022-01-07 12:04:00,192,192,192,192,0
2022-01-07 12:05:00,192,192,192,192,0
2022-01-07 12:06:00,192,192,192,192,0
2022-01-07 12:07:00,192,192,192,192,0
2022-01-07 12:08:00,192,192,192,192,0
2022-01-07 12:09:00,192,192,192,192,0
2022-01-07 12:10:00,192,192,192,192,0
2022-01-07 12:11:00,192,192,192,192,0
2022-01-07 12:12:00,192,192,192,192,0
2022-01-07 12:13:00,192,192,192,192,0
2022-01-07 12:14:00,192,192,192,192,0
2022-01-07 12:15:00,192,192,192,192,0
2022-01-07 12:16:00,192,192,192,192,0
2022-01-07 12:17:00,192,192,192,192,0
2022-01-07 12:18:00,192,192,192,192,0
2022-01-07 12:19:00,192,192,192,192,0
2022-01-07 12:20:00,192,192,192,192,0
2022-01-07 12:21:00,192,192,192,192,0
2022-01-07 12:22:00,192,192,192,192,0
2022-01-07 12:23:00,192,192,192,192,0
2022-01-07 12:24:00,192,192,192,192,0
2022-01-07 12:25:00,192,192,192,192,0
2022-01-07 12:26:00,192,192,192,192,0
2022-01-07 12:27:00,192,192,192,192,0
2022-01-07 12:28:00,192,192,192,192,0
2022-01-07 12:29:00,192,192,192,192,0
2022-01-07 12:30:00,192,192,192,192,0
2022-01-07 12:31:00,192,192,192,192,0
2022-01-07 12:32:00,192,192,192,192,0
2022-01-07 12:33:00,192,192,192,192,0
2022-01-07 12:34:00,192,192,192,192,0
2022-01-07 12:35:00,192,192,192,192,0
2022-01-07 12:36:00,192,192,192,192,0
2022-01-07 12:37:00,192,192,192,192,0
2022-01-07 12:38:00,192,192,192,192,0
2022-01-07 12:39:00,192,192,192,192,0
2022-01-07 12:40:00,192,192,192,192,0
2022-01-07 12:41:00,192,192,192,192,0
2022-01-07 12:42:00,192,192,192,192,0
2022-01-07 12:43:00,192,192,192,192,0
2022-01-07 12:44:00,192,192,192,192,0
2022-01-07 12:45:00,192,192,192,192,0
2022-01-07 12:46:00,192,192,192,192,0
2022-01-07 12:47:00,192,192,192,192,0
2022-01-07 12:48:00,192,192,192,192,0
2022-01-07 12:49:00,192,192,192,192,0
2022-01-07 12:50:00,192,192,192,192,0
2022-01-07 12:51:00,192,192,192,192,0
2022-01-07 12:52:00,192,192,192,192,0
2022-01-07 12:53:00,192,192,192,192,0
2022-01-07 12:54:00,192,192,192,192,0
2022-01-07 12:55:00,192,192,192,192,0
2022-01-07 12:56:00,192,192,192,192,0
2022-01-07 12:57:00,192,192,192,192,0
2022-01-07 12:58:00,192,192,192,192,0
2022-01-07 12:59:00,192,192,192,192,0
2022-01-07 13:00:00,192,192,192,192,0
2022-01-07 13:01:00,192,192,192,192,0
2022-01-07 13:02:00,192,192,192,192,0
2022-01-07 13:03:00,192,192,192,192,0
2022-01-07 13:04:00,192,192,192,192,0
2022-01-07 13:05:00,192,192,192,192,0
2022-01-07 13:06:00,192,192,192,192,0
2022-01-07 13:07:00,192,192,192,192,0
2022-01-07 13:08:00,192,192,192,192,0
2022-01-07 13:09:00,192,192,192,192,0
2022-01-07 13:10:00,192,192,192,192,0
2022-01-07 13:11:00,192,192,192,192,0
2022-01-07 13:12:00,192,192,192,192,0
2022-01-07 13:13:00,192,192,192,192,0
2022-01-07 13:14:00,192,192,192,192,0
2022-01-07 13:15:00,192,192,192,192,0
2022-01-07 13:16:00,192,192,192,192,0
2022-01-07 13:17:00,192,192,192,192,0
2022-01-07 13:18:00,192,192,192,192,0
2022-01-07 13:19:00,192,192,192,192,0
2022-01-07 13:20:00,192,192,192,192,0
2022-01-07 13:21:00,192,192,192,192,0
2022-01-07 13:22:00,192,192,192,192,0
2022-01-07 13:23:00,192,192,192,192,0
2022-01-07 13:24:00,192,192,192,192,0
2022-01-07 13:25:00,192,192,192,192,0
2022-01-07 13:26:00,192,192,192,192,0
2022-01-07 13:27:00,192,192,192,192,0
2022-01-07 13:28:00,192,192,192,192,0
2022-01-07 13:29:00,192,192,192,192,0
2022-01-07 13:30:00,192,191,192,192,55600
2022-01-07 13:31:00,191,191,191,191,9200
2022-01-07 13:32:00,191,191,191,191,600
2022-01-07 13:33:00,191,191,191,191,2600
2022-01-07 13:34:00,191,191,191,191,96600
2022-01-07 13:35:00,191,191,191,191,7700
2022-01-07 13:36:00,191,191,191,191,30400
2022-01-07 13:37:00,191,191,191,191,0
2022-01-07 13:38:00,191,191,191,191,0
2022-01-07 13:39:00,191,191,191,191,0
2022-01-07 13:40:00,191,191,191,191,0
2022-01-07 13:41:00,191,191,191,191,3200
2022-01-07 13:42:00,191,191,191,191,0
2022-01-07 13:43:00,191,191,191,191,0
2022-01-07 13:44:00,191,191,191,191,38800
2022-01-07 13:45:00,192,191,192,191,600
2022-01-07 13:46:00,192,191,192,191,0
2022-01-07 13:47:00,191,191,191,191,67300
2022-01-07 13:48:00,190,190,190,190,700
2022-01-07 13:49:00,190,190,190,190,0
2022-01-07 13:50:00,190,190,190,190,0
2022-01-07 13:51:00,190,190,190,190,52200
2022-01-07 13:52:00,190,190,190,190,23100
2022-01-07 13:53:00,190,190,191,191,135500
2022-01-07 13:54:00,191,191,191,191,2500
2022-01-07 13:55:00,191,191,191,191,3700
2022-01-07 13:56:00,191,191,191,191,50100
2022-01-07 13:57:00,191,191,191,191,0
2022-01-07 13:58:00,191,191,191,191,0
2022-01-07 13:59:00,191,191,191,191,0
2022-01-07 14:00:00,191,191,191,191,1500
2022-01-07 14:01:00,191,191,191,191,0
2022-01-07 14:02:00,191,190,191,190,27600
2022-01-07 14:03:00,191,190,191,190,0
2022-01-07 14:04:00,190,190,190,190,10000
2022-01-07 14:05:00,190,190,190,190,0
2022-01-07 14:06:00,190,190,190,190,0
2022-01-07 14:07:00,190,190,190,190,5200
2022-01-07 14:08:00,190,190,190,190,14500
2022-01-07 14:09:00,191,191,191,191,7000
2022-01-07 14:10:00,192,191,192,191,24100
2022-01-07 14:11:00,191,191,192,192,99800
2022-01-07 14:12:00,192,191,192,191,9200
2022-01-07 14:13:00,191,191,191,191,13000
2022-01-07 14:14:00,191,191,191,191,800
2022-01-07 14:15:00,191,191,191,191,0
2022-01-07 14:16:00,191,191,191,191,1200
2022-01-07 14:17:00,191,191,191,191,1500
2022-01-07 14:18:00,191,191,191,191,0
2022-01-07 14:19:00,191,191,191,191,0
2022-01-07 14:20:00,191,191,191,191,17000
2022-01-07 14:21:00,191,191,191,191,0
2022-01-07 14:22:00,191,191,192,192,10200
2022-01-07 14:23:00,191,191,192,192,0
2022-01-07 14:24:00,191,191,191,191,2500
2022-01-07 14:25:00,191,191,191,191,8500
2022-01-07 14:26:00,191,191,191,191,0
2022-01-07 14:27:00,191,191,191,191,7500
2022-01-07 14:28:00,191,191,191,191,10000
2022-01-07 14:29:00,191,191,191,191,100
2022-01-07 14:30:00,191,191,191,191,2700
2022-01-07 14:31:00,191,191,191,191,3000
2022-01-07 14:32:00,191,191,191,191,0
2022-01-07 14:33:00,192,192,194,194,420900
2022-01-07 14:34:00,193,193,193,193,38500
2022-01-07 14:35:00,193,193,193,193,3800
2022-01-07 14:36:00,193,193,193,193,500
2022-01-07 14:37:00,193,193,193,193,52700
2022-01-07 14:38:00,193,193,193,193,5200
2022-01-07 14:39:00,193,193,193,193,58000
2022-01-07 14:40:00,193,193,193,193,13800
2022-01-07 14:41:00,193,193,193,193,1500
2022-01-07 14:42:00,193,192,193,192,1000500
2022-01-07 14:43:00,193,192,193,192,0
2022-01-07 14:44:00,192,192,193,193,502500
2022-01-07 14:45:00,193,193,193,193,1000
2022-01-07 14:46:00,193,192,193,193,239000
2022-01-07 14:47:00,193,192,193,193,0
2022-01-07 14:48:00,193,193,193,193,200
2022-01-07 14:49:00,192,192,192,192,361800
2022-01-07 14:50:00,192,192,192,192,0
2022-01-07 14:51:00,192,192,192,192,0
2022-01-07 14:52:00,192,192,192,192,0
2022-01-07 14:53:00,192,192,192,192,0
2022-01-07 14:54:00,192,192,192,192,0
2022-01-07 14:55:00,192,192,192,192,0
2022-01-07 14:56:00,192,192,192,192,0
2022-01-07 14:57:00,192,192,192,192,0
2022-01-07 14:58:00,192,192,192,192,0
2022-01-07 14:59:00,192,192,192,192,0
2022-01-07 15:00:00,192,192,192,192,604700
2022-01-07 15:01:00,192,192,192,192,15600
2022-01-07 15:02:00,192,192,192,192,0
2022-01-07 15:03:00,192,192,192,192,0
2022-01-07 15:04:00,192,192,192,192,500
2022-01-07 15:05:00,192,192,192,192,0
2022-01-07 15:06:00,192,192,192,192,0
2022-01-07 15:07:00,192,192,192,192,10000
2022-01-07 15:08:00,192,192,192,192,111300
2022-01-07 15:09:00,192,192,192,192,0
2022-01-07 15:10:00,192,192,192,192,100000
2022-01-07 15:11:00,192,192,192,192,18900
2022-01-07 15:12:00,192,192,192,192,700
2022-01-07 15:13:00,192,192,192,192,0
2022-01-07 15:14:00,192,192,192,192,0
2022-01-07 15:15:00,192,192,192,192,0
2022-01-07 15:16:00,192,192,192,192,0
2022-01-07 15:17:00,192,192,192,192,0
2022-01-07 15:18:00,192,192,192,192,0
2022-01-07 15:19:00,192,192,192,192,0
2022-01-07 15:20:00,192,192,192,192,0
2022-01-07 15:21:00,192,192,192,192,0
2022-01-07 15:22:00,192,192,192,192,0
2022-01-07 15:23:00,192,192,192,192,0
2022-01-07 15:24:00,192,192,192,192,0
2022-01-07 15:25:00,192,192,192,192,0
2022-01-07 15:26:00,192,192,192,192,0
2022-01-07 15:27:00,192,192,192,192,0
2022-01-07 15:28:00,192,192,192,192,0
2022-01-07 15:29:00,192,192,192,192,0
2022-01-07 15:30:00,192,192,192,192,0
2022-01-07 15:31:00,192,192,192,192,0
2022-01-07 15:32:00,192,192,192,192,0
2022-01-07 15:33:00,192,192,192,192,0
2022-01-07 15:34:00,192,192,192,192,0
2022-01-07 15:35:00,192,192,192,192,0
2022-01-07 15:36:00,192,192,192,192,0
2022-01-07 15:37:00,192,192,192,192,0
2022-01-07 15:38:00,192,192,192,192,0
2022-01-07 15:39:00,192,192,192,192,0
2022-01-07 15:40:00,192,192,192,192,0
2022-01-07 15:41:00,192,192,192,192,0
2022-01-07 15:42:00,192,192,192,192,0
2022-01-07 15:43:00,192,192,192,192,0
2022-01-07 15:44:00,192,192,192,192,0
2022-01-07 15:45:00,192,192,192,192,0
2022-01-07 15:46:00,192,192,192,192,0
2022-01-07 15:47:00,192,192,192,192,0
2022-01-07 15:48:00,192,192,192,192,0
2022-01-07 15:49:00,192,192,192,192,0
2022-01-07 15:50:00,192,192,192,192,0
2022-01-07 15:51:00,192,192,192,192,0
2022-01-07 15:52:00,192,192,192,192,0
2022-01-07 15:53:00,192,192,192,192,0
2022-01-07 15:54:00,192,192,192,192,0
2022-01-07 15:55:00,192,192,192,192,0
2022-01-07 15:56:00,192,192,192,192,0
2022-01-07 15:57:00,192,192,192,192,0
2022-01-07 15:58:00,192,192,192,192,0
2022-01-07 15:59:00,192,192,192,192,0
2022-01-10 09:00:00,192,192,194,192,0
2022-01-10 09:01:00,192,191,192,191,61300
2022-01-10 09:02:00,191,191,192,192,48200
2022-01-10 09:03:00,191,191,191,191,400
2022-01-10 09:04:00,191,191,192,192,50600
2022-01-10 09:05:00,192,192,192,192,60000
2022-01-10 09:06:00,192,192,192,192,5000
2022-01-10 09:07:00,191,191,191,191,2000
2022-01-10 09:08:00,191,191,191,191,80600
2022-01-10 09:09:00,191,191,191,191,8100
2022-01-10 09:10:00,191,191,191,191,0
2022-01-10 09:11:00,191,191,191,191,0
2022-01-10 09:12:00,191,191,191,191,5500
2022-01-10 09:13:00,192,191,192,191,500
2022-01-10 09:14:00,191,191,191,191,1500
2022-01-10 09:15:00,191,191,191,191,0
2022-01-10 09:16:00,191,191,192,192,4100
2022-01-10 09:17:00,191,191,192,192,20400
2022-01-10 09:18:00,192,192,192,192,1000
2022-01-10 09:19:00,192,192,192,192,50000
2022-01-10 09:20:00,192,192,192,192,2500
2022-01-10 09:21:00,192,192,192,192,0
2022-01-10 09:22:00,192,192,192,192,0
2022-01-10 09:23:00,192,192,192,192,0
2022-01-10 09:24:00,192,192,192,192,23200
2022-01-10 09:25:00,192,192,192,192,0
2022-01-10 09:26:00,192,192,192,192,5000
2022-01-10 09:27:00,191,191,191,191,11100
2022-01-10 09:28:00,191,190,191,191,103600
2022-01-10 09:29:00,190,190,191,191,600
2022-01-10 09:30:00,191,191,191,191,40000
2022-01-10 09:31:00,191,191,191,191,0
2022-01-10 09:32:00,191,190,191,190,4000
2022-01-10 09:33:00,191,190,191,190,0
2022-01-10 09:34:00,190,190,190,190,2800
2022-01-10 09:35:00,190,190,190,190,10000
2022-01-10 09:36:00,190,190,190,190,0
2022-01-10 09:37:00,190,190,190,190,0
2022-01-10 09:38:00,190,190,190,190,0
2022-01-10 09:39:00,190,190,190,190,43400
2022-01-10 09:40:00,190,190,190,190,22900
2022-01-10 09:41:00,190,190,190,190,0
2022-01-10 09:42:00,190,190,190,190,500
2022-01-10 09:43:00,190,190,190,190,100000
2022-01-10 09:44:00,190,190,192,192,63100
2022-01-10 09:45:00,192,192,192,192,17400
2022-01-10 09:46:00,191,191,191,191,1000
2022-01-10 09:47:00,191,191,191,191,100
2022-01-10 09:48:00,191,191,192,192,50400
2022-01-10 09:49:00,191,191,191,191,21400
2022-01-10 09:50:00,191,191,191,191,10200
2022-01-10 09:51:00,191,191,191,191,7000
2022-01-10 09:52:00,191,191,191,191,0
2022-01-10 09:53:00,191,191,191,191,0
2022-01-10 09:54:00,191,191,191,191,0
2022-01-10 09:55:00,191,191,191,191,1000
2022-01-10 09:56:00,191,191,191,191,0
2022-01-10 09:57:00,191,191,191,191,600
2022-01-10 09:58:00,191,191,191,191,0
2022-01-10 09:59:00,191,191,191,191,0
2022-01-10 10:00:00,191,191,191,191,2000
2022-01-10 10:01:00,190,190,190,190,24200
2022-01-10 10:02:00,190,190,190,190,0
2022-01-10 10:03:00,190,190,190,190,0
2022-01-10 10:04:00,190,190,190,190,0
2022-01-10 10:05:00,190,190,190,190,0
2022-01-10 10:06:00,190,190,190,190,0
2022-01-10 10:07:00,190,190,190,190,0
2022-01-10 10:08:00,190,190,190,190,301000
2022-01-10 10:09:00,190,190,190,190,1000
2022-01-10 10:10:00,190,190,190,190,1000
2022-01-10 10:11:00,190,190,190,190,0
2022-01-10 10:12:00,190,190,190,190,30000
2022-01-10 10:13:00,190,190,190,190,0
2022-01-10 10:14:00,191,191,191,191,10700
2022-01-10 10:15:00,191,191,191,191,0
2022-01-10 10:16:00,191,191,191,191,0
2022-01-10 10:17:00,191,191,191,191,0
2022-01-10 10:18:00,191,191,191,191,0
2022-01-10 10:19:00,191,191,191,191,0
2022-01-10 10:20:00,191,191,191,191,400
2022-01-10 10:21:00,191,191,191,191,0
2022-01-10 10:22:00,191,191,191,191,0
2022-01-10 10:23:00,190,190,190,190,15000
2022-01-10 10:24:00,190,190,190,190,0
2022-01-10 10:25:00,190,190,190,190,0
2022-01-10 10:26:00,190,190,190,190,0
2022-01-10 10:27:00,190,190,190,190,85000
2022-01-10 10:28:00,190,190,190,190,7500
2022-01-10 10:29:00,190,190,190,190,0
2022-01-10 10:30:00,190,190,190,190,0
2022-01-10 10:31:00,190,190,190,190,9500
2022-01-10 10:32:00,190,190,190,190,100
2022-01-10 10:33:00,190,190,190,190,0
2022-01-10 10:34:00,191,191,191,191,500
2022-01-10 10:35:00,191,191,191,191,0
2022-01-10 10:36:00,191,191,191,191,0
2022-01-10 10:37:00,191,191,191,191,0
2022-01-10 10:38:00,191,191,191,191,0
2022-01-10 10:39:00,190,190,190,190,5000
2022-01-10 10:40:00,190,190,190,190,5000
2022-01-10 10:41:00,190,190,190,190,19700
2022-01-10 10:42:00,190,190,190,190,0
2022-01-10 10:43:00,190,190,190,190,0
2022-01-10 10:44:00,190,190,190,190,5000
2022-01-10 10:45:00,190,190,190,190,2000
2022-01-10 10:46:00,190,190,190,190,0
2022-01-10 10:47:00,190,190,190,190,0
2022-01-10 10:48:00,189,189,190,190,2700
2022-01-10 10:49:00,189,189,189,189,100
2022-01-10 10:50:00,190,190,190,190,500
2022-01-10 10:51:00,190,190,190,190,0
2022-01-10 10:52:00,190,190,190,190,0
2022-01-10 10:53:00,190,190,190,190,0
2022-01-10 10:54:00,190,190,190,190,0
2022-01-10 10:55:00,189,189,189,189,5000
2022-01-10 10:56:00,189,189,189,189,21200
2022-01-10 10:57:00,189,189,189,189,0
2022-01-10 10:58:00,189,189,189,189,0
2022-01-10 10:59:00,189,189,189,189,0
2022-01-10 11:00:00,189,189,190,190,1100
2022-01-10 11:01:00,189,189,190,190,0
2022-01-10 11:02:00,189,189,190,190,0
2022-01-10 11:03:00,189,189,190,190,0
2022-01-10 11:04:00,190,190,190,190,500
2022-01-10 11:05:00,190,190,190,190,0
2022-01-10 11:06:00,190,190,190,190,0
2022-01-10 11:07:00,190,190,190,190,0
2022-01-10 11:08:00,190,190,190,190,0
2022-01-10 11:09:00,190,190,190,190,0
2022-01-10 11:10:00,190,190,190,190,0
2022-01-10 11:11:00,190,190,190,190,0
2022-01-10 11:12:00,190,190,190,190,0
2022-01-10 11:13:00,190,190,190,190,0
2022-01-10 11:14:00,189,189,189,189,100
2022-01-10 11:15:00,189,189,189,189,0
2022-01-10 11:16:00,189,189,189,189,400
2022-01-10 11:17:00,189,189,189,189,0
2022-01-10 11:18:00,189,189,189,189,17100
2022-01-10 11:19:00,189,189,189,189,0
2022-01-10 11:20:00,189,189,189,189,0
2022-01-10 11:21:00,189,189,189,189,0
2022-01-10 11:22:00,189,189,189,189,400
2022-01-10 11:23:00,189,189,189,189,0
2022-01-10 11:24:00,189,189,189,189,0
2022-01-10 11:25:00,189,189,189,189,0
2022-01-10 11:26:00,189,189,189,189,0
2022-01-10 11:27:00,189,189,189,189,0
2022-01-10 11:28:00,189,189,189,189,0
2022-01-10 11:29:00,189,189,189,189,0
2022-01-10 11:30:00,189,189,189,189,0
2022-01-10 11:31:00,189,189,189,189,0
2022-01-10 11:32:00,189,189,189,189,0
2022-01-10 11:33:00,189,189,189,189,0
2022-01-10 11:34:00,189,189,189,189,0
2022-01-10 11:35:00,189,189,189,189,0
2022-01-10 11:36:00,189,189,189,189,0
2022-01-10 11:37:00,189,189,189,189,0
2022-01-10 11:38:00,189,189,189,189,0
2022-01-10 11:39:00,189,189,189,189,0
2022-01-10 11:40:00,189,189,189,189,0
2022-01-10 11:41:00,189,189,189,189,0
2022-01-10 11:42:00,189,189,189,189,0
2022-01-10 11:43:00,189,189,189,189,0
2022-01-10 11:44:00,189,189,189,189,0
2022-01-10 11:45:00,189,189,189,189,0
2022-01-10 11:46:00,189,189,189,189,0
2022-01-10 11:47:00,189,189,189,189,0
2022-01-10 11:48:00,189,189,189,189,0
2022-01-10 11:49:00,189,189,189,189,0
2022-01-10 11:50:00,189,189,189,189,0
2022-01-10 11:51:00,189,189,189,189,0
2022-01-10 11:52:00,189,189,189,189,0
2022-01-10 11:53:00,189,189,189,189,0
2022-01-10 11:54:00,189,189,189,189,0
2022-01-10 11:55:00,189,189,189,189,0
2022-01-10 11:56:00,189,189,189,189,0
2022-01-10 11:57:00,189,189,189,189,0
2022-01-10 11:58:00,189,189,189,189,0
2022-01-10 11:59:00,189,189,189,189,0
2022-01-10 12:00:00,189,189,189,189,0
2022-01-10 12:01:00,189,189,189,189,0
2022-01-10 12:02:00,189,189,189,189,0
2022-01-10 12:03:00,189,189,189,189,0
2022-01-10 12:04:00,189,189,189,189,0
2022-01-10 12:05:00,189,189,189,189,0
2022-01-10 12:06:00,189,189,189,189,0
2022-01-10 12:07:00,189,189,189,189,0
2022-01-10 12:08:00,189,189,189,189,0
2022-01-10 12:09:00,189,189,189,189,0
2022-01-10 12:10:00,189,189,189,189,0
2022-01-10 12:11:00,189,189,189,189,0
2022-01-10 12:12:00,189,189,189,189,0
2022-01-10 12:13:00,189,189,189,189,0
2022-01-10 12:14:00,189,189,189,189,0
2022-01-10 12:15:00,189,189,189,189,0
2022-01-10 12:16:00,189,189,189,189,0
2022-01-10 12:17:00,189,189,189,189,0
2022-01-10 12:18:00,189,189,189,189,0
2022-01-10 12:19:00,189,189,189,189,0
2022-01-10 12:20:00,189,189,189,189,0
2022-01-10 12:21:00,189,189,189,189,0
2022-01-10 12:22:00,189,189,189,189,0
2022-01-10 12:23:00,189,189,189,189,0
2022-01-10 12:24:00,189,189,189,189,0
2022-01-10 12:25:00,189,189,189,189,0
2022-01-10 12:26:00,189,189,189,189,0
2022-01-10 12:27:00,189,189,189,189,0
2022-01-10 12:28:00,189,189,189,189,0
2022-01-10 12:29:00,189,189,189,189,0
2022-01-10 12:30:00,189,189,189,189,0
2022-01-10 12:31:00,189,189,189,189,0
2022-01-10 12:32:00,189,189,189,189,0
2022-01-10 12:33:00,189,189,189,189,0
2022-01-10 12:34:00,189,189,189,189,0
2022-01-10 12:35:00,189,189,189,189,0
2022-01-10 12:36:00,189,189,189,189,0
2022-01-10 12:37:00,189,189,189,189,0
2022-01-10 12:38:00,189,189,189,189,0
2022-01-10 12:39:00,189,189,189,189,0
2022-01-10 12:40:00,189,189,189,189,0
2022-01-10 12:41:00,189,189,189,189,0
2022-01-10 12:42:00,189,189,189,189,0
2022-01-10 12:43:00,189,189,189,189,0
2022-01-10 12:44:00,189,189,189,189,0
2022-01-10 12:45:00,189,189,189,189,0
2022-01-10 12:46:00,189,189,189,189,0
2022-01-10 12:47:00,189,189,189,189,0
2022-01-10 12:48:00,189,189,189,189,0
2022-01-10 12:49:00,189,189,189,189,0
2022-01-10 12:50:00,189,189,189,189,0
2022-01-10 12:51:00,189,189,189,189,0
2022-01-10 12:52:00,189,189,189,189,0
2022-01-10 12:53:00,189,189,189,189,0
2022-01-10 12:54:00,189,189,189,189,0
2022-01-10 12:55:00,189,189,189,189,0
2022-01-10 12:56:00,189,189,189,189,0
2022-01-10 12:57:00,189,189,189,189,0
2022-01-10 12:58:00,189,189,189,189,0
2022-01-10 12:59:00,189,189,189,189,0
2022-01-10 13:00:00,189,189,189,189,0
2022-01-10 13:01:00,189,189,189,189,0
2022-01-10 13:02:00,189,189,189,189,0
2022-01-10 13:03:00,189,189,189,189,0
2022-01-10 13:04:00,189,189,189,189,0
2022-01-10 13:05:00,189,189,189,189,0
2022-01-10 13:06:00,189,189,189,189,0
2022-01-10 13:07:00,189,189,189,189,0
2022-01-10 13:08:00,189,189,189,189,0
2022-01-10 13:09:00,189,189,189,189,0
2022-01-10 13:10:00,189,189,189,189,0
2022-01-10 13:11:00,189,189,189,189,0
2022-01-10 13:12:00,189,189,189,189,0
2022-01-10 13:13:00,189,189,189,189,0
2022-01-10 13:14:00,189,189,189,189,0
2022-01-10 13:15:00,189,189,189,189,0
2022-01-10 13:16:00,189,189,189,189,0
2022-01-10 13:17:00,189,189,189,189,0
2022-01-10 13:18:00,189,189,189,189,0
2022-01-10 13:19:00,189,189,189,189,0
2022-01-10 13:20:00,189,189,189,189,0
2022-01-10 13:21:00,189,189,189,189,0
2022-01-10 13:22:00,189,189,189,189,0
2022-01-10 13:23:00,189,189,189,189,0
2022-01-10 13:24:00,189,189,189,189,0
2022-01-10 13:25:00,189,189,189,189,0
2022-01-10 13:26:00,189,189,189,189,0
2022-01-10 13:27:00,189,189,189,189,0
2022-01-10 13:28:00,189,189,189,189,0
2022-01-10 13:29:00,189,189,189,189,0
2022-01-10 13:30:00,189,189,190,189,245100
2022-01-10 13:31:00,189,188,189,189,12700
2022-01-10 13:32:00,189,188,189,189,0
2022-01-10 13:33:00,189,188,189,189,0
2022-01-10 13:34:00,189,188,189,189,0
2022-01-10 13:35:00,189,188,189,189,0
2022-01-10 13:36:00,189,189,189,189,15000
2022-01-10 13:37:00,189,189,189,189,0
2022-01-10 13:38:00,189,189,189,189,300
2022-01-10 13:39:00,188,188,188,188,2000
2022-01-10 13:40:00,188,188,188,188,0
2022-01-10 13:41:00,189,189,189,189,10000
2022-01-10 13:42:00,189,189,189,189,0
2022-01-10 13:43:00,189,189,189,189,0
2022-01-10 13:44:00,189,189,189,189,0
2022-01-10 13:45:00,189,189,189,189,1500
2022-01-10 13:46:00,189,189,189,189,0
2022-01-10 13:47:00,189,189,189,189,200
2022-01-10 13:48:00,189,189,189,189,2500
2022-01-10 13:49:00,189,189,189,189,500
2022-01-10 13:50:00,189,189,189,189,38000
2022-01-10 13:51:00,189,189,189,189,0
2022-01-10 13:52:00,189,189,189,189,22100
2022-01-10 13:53:00,188,188,188,188,600
2022-01-10 13:54:00,189,189,189,189,4000
2022-01-10 13:55:00,189,189,189,189,12900
2022-01-10 13:56:00,189,189,189,189,20000
2022-01-10 13:57:00,189,189,189,189,5000
2022-01-10 13:58:00,189,189,189,189,0
2022-01-10 13:59:00,189,189,189,189,6000
2022-01-10 14:00:00,189,189,189,189,39200
2022-01-10 14:01:00,189,189,189,189,0
2022-01-10 14:02:00,189,189,189,189,0
2022-01-10 14:03:00,189,189,189,189,60000
2022-01-10 14:04:00,189,189,189,189,1400
2022-01-10 14:05:00,189,189,189,189,0
2022-01-10 14:06:00,189,189,189,189,6000
2022-01-10 14:07:00,189,189,189,189,0
2022-01-10 14:08:00,189,189,189,189,400
2022-01-10 14:09:00,188,188,188,188,1000
2022-01-10 14:10:00,188,188,188,188,0
2022-01-10 14:11:00,188,188,188,188,0
2022-01-10 14:12:00,188,188,188,188,88500
2022-01-10 14:13:00,188,188,188,188,10400
2022-01-10 14:14:00,188,188,188,188,694100
2022-01-10 14:15:00,188,187,188,187,39300
2022-01-10 14:16:00,188,187,188,187,0
2022-01-10 14:17:00,187,187,187,187,2000
2022-01-10 14:18:00,187,187,187,187,0
2022-01-10 14:19:00,187,187,187,187,0
2022-01-10 14:20:00,188,188,188,188,500
2022-01-10 14:21:00,188,188,188,188,0
2022-01-10 14:22:00,188,188,188,188,100
2022-01-10 14:23:00,188,188,188,188,0
2022-01-10 14:24:00,188,188,188,188,1600
2022-01-10 14:25:00,188,188,188,188,11600
2022-01-10 14:26:00,188,188,188,188,50000
2022-01-10 14:27:00,188,188,188,188,0
2022-01-10 14:28:00,188,188,188,188,1000
2022-01-10 14:29:00,188,188,188,188,3700
2022-01-10 14:30:00,187,187,187,187,134500
2022-01-10 14:31:00,187,187,187,187,10000
2022-01-10 14:32:00,187,187,187,187,0
2022-01-10 14:33:00,188,188,188,188,5200
2022-01-10 14:34:00,188,188,188,188,0
2022-01-10 14:35:00,188,188,188,188,0
2022-01-10 14:36:00,188,188,188,188,1000
2022-01-10 14:37:00,188,188,188,188,0
2022-01-10 14:38:00,187,187,187,187,170300
2022-01-10 14:39:00,187,187,187,187,0
2022-01-10 14:40:00,187,186,187,186,97100
2022-01-10 14:41:00,188,188,188,188,1000
2022-01-10 14:42:00,188,187,188,187,10600
2022-01-10 14:43:00,187,187,187,187,269300
2022-01-10 14:44:00,188,188,188,188,63400
2022-01-10 14:45:00,188,188,188,188,200
2022-01-10 14:46:00,188,188,188,188,22800
2022-01-10 14:47:00,188,188,188,188,0
2022-01-10 14:48:00,188,188,188,188,17600
2022-01-10 14:49:00,188,188,188,188,0
2022-01-10 14:50:00,188,188,188,188,0
2022-01-10 14:51:00,188,188,188,188,0
2022-01-10 14:52:00,188,188,188,188,0
2022-01-10 14:53:00,188,188,188,188,0
2022-01-10 14:54:00,188,188,188,188,0
2022-01-10 14:55:00,188,188,188,188,0
2022-01-10 14:56:00,188,188,188,188,0
2022-01-10 14:57:00,188,188,188,188,0
2022-01-10 14:58:00,188,188,188,188,0
2022-01-10 14:59:00,188,188,188,188,0
2022-01-10 15:00:00,188,188,188,188,33300
2022-01-10 15:01:00,188,188,188,188,0
2022-01-10 15:02:00,188,188,188,188,0
2022-01-10 15:03:00,188,188,188,188,100
2022-01-10 15:04:00,188,188,188,188,3891100
2022-01-10 15:05:00,188,188,188,188,71200
2022-01-10 15:06:00,188,188,188,188,65000
2022-01-10 15:07:00,188,188,188,188,5000
2022-01-10 15:08:00,188,188,188,188,0
2022-01-10 15:09:00,188,188,188,188,0
2022-01-10 15:10:00,188,188,188,188,0
2022-01-10 15:11:00,188,188,188,188,0
2022-01-10 15:12:00,188,188,188,188,0
2022-01-10 15:13:00,188,188,188,188,0
2022-01-10 15:14:00,188,188,188,188,4034200
2022-01-10 15:15:00,188,188,188,188,0
2022-01-10 15:16:00,188,188,188,188,0
2022-01-10 15:17:00,188,188,188,188,0
2022-01-10 15:18:00,188,188,188,188,0
2022-01-10 15:19:00,188,188,188,188,0
2022-01-10 15:20:00,188,188,188,188,0
2022-01-10 15:21:00,188,188,188,188,0
2022-01-10 15:22:00,188,188,188,188,0
2022-01-10 15:23:00,188,188,188,188,0
2022-01-10 15:24:00,188,188,188,188,0
2022-01-10 15:25:00,188,188,188,188,0
2022-01-10 15:26:00,188,188,188,188,0
2022-01-10 15:27:00,188,188,188,188,0
2022-01-10 15:28:00,188,188,188,188,0
2022-01-10 15:29:00,188,188,188,188,0
2022-01-10 15:30:00,188,188,188,188,0
2022-01-10 15:31:00,188,188,188,188,0
2022-01-10 15:32:00,188,188,188,188,0
2022-01-10 15:33:00,188,188,188,188,0
2022-01-10 15:34:00,188,188,188,188,0
2022-01-10 15:35:00,188,188,188,188,0
2022-01-10 15:36:00,188,188,188,188,0
2022-01-10 15:37:00,188,188,188,188,0
2022-01-10 15:38:00,188,188,188,188,0
2022-01-10 15:39:00,188,188,188,188,0
2022-01-10 15:40:00,188,188,188,188,0
2022-01-10 15:41:00,188,188,188,188,0
2022-01-10 15:42:00,188,188,188,188,0
2022-01-10 15:43:00,188,188,188,188,0
2022-01-10 15:44:00,188,188,188,188,0
2022-01-10 15:45:00,188,188,188,188,0
2022-01-10 15:46:00,188,188,188,188,0
2022-01-10 15:47:00,188,188,188,188,0
2022-01-10 15:48:00,188,188,188,188,0
2022-01-10 15:49:00,188,188,188,188,0
2022-01-10 15:50:00,188,188,188,188,0
2022-01-10 15:51:00,188,188,188,188,0
2022-01-10 15:52:00,188,188,188,188,0
2022-01-10 15:53:00,188,188,188,188,0
2022-01-10 15:54:00,188,188,188,188,0
2022-01-10 15:55:00,188,188,188,188,0
2022-01-10 15:56:00,188,188,188,188,0
2022-01-10 15:57:00,188,188,188,188,0
2022-01-10 15:58:00,188,188,188,188,0
2022-01-10 15:59:00,188,188,188,188,0
2022-01-11 09:00:00,189,187,189,187,0
2022-01-11 09:01:00,187,187,187,187,15900
2022-01-11 09:02:00,188,188,188,188,100
2022-01-11 09:03:00,188,188,188,188,0
2022-01-11 09:04:00,187,187,187,187,30000
2022-01-11 09:05:00,187,187,187,187,0
2022-01-11 09:06:00,187,187,187,187,2000
2022-01-11 09:07:00,187,187,187,187,7200
2022-01-11 09:08:00,187,187,187,187,2900
2022-01-11 09:09:00,187,187,188,188,200
2022-01-11 09:10:00,188,188,188,188,3600
2022-01-11 09:11:00,188,188,188,188,0
2022-01-11 09:12:00,188,188,188,188,0
2022-01-11 09:13:00,189,189,189,189,5500
2022-01-11 09:14:00,189,189,189,189,0
2022-01-11 09:15:00,189,189,189,189,0
2022-01-11 09:16:00,189,189,189,189,13000
2022-01-11 09:17:00,189,189,189,189,0
2022-01-11 09:18:00,189,189,189,189,50000
2022-01-11 09:19:00,189,189,189,189,0
2022-01-11 09:20:00,189,189,189,189,0
2022-01-11 09:21:00,189,189,190,190,10200
2022-01-11 09:22:00,189,189,190,190,0
2022-01-11 09:23:00,189,189,190,190,0
2022-01-11 09:24:00,190,190,190,190,51100
2022-01-11 09:25:00,190,190,190,190,100
2022-01-11 09:26:00,190,190,190,190,0
2022-01-11 09:27:00,190,190,190,190,0
2022-01-11 09:28:00,190,190,190,190,0
2022-01-11 09:29:00,190,189,190,189,2700
2022-01-11 09:30:00,190,189,190,189,0
2022-01-11 09:31:00,190,189,190,189,0
2022-01-11 09:32:00,190,189,190,189,0
2022-01-11 09:33:00,189,189,189,189,5000
2022-01-11 09:34:00,189,189,189,189,6300
2022-01-11 09:35:00,189,189,189,189,0
2022-01-11 09:36:00,189,189,189,189,0
2022-01-11 09:37:00,188,188,188,188,100
2022-01-11 09:38:00,189,189,189,189,5000
2022-01-11 09:39:00,189,189,189,189,0
2022-01-11 09:40:00,189,189,189,189,2000
2022-01-11 09:41:00,189,189,189,189,0
2022-01-11 09:42:00,189,189,189,189,0
2022-01-11 09:43:00,189,189,189,189,0
2022-01-11 09:44:00,188,188,189,189,115200
2022-01-11 09:45:00,188,188,189,189,0
2022-01-11 09:46:00,188,188,189,189,0
2022-01-11 09:47:00,188,188,189,189,0
2022-01-11 09:48:00,189,188,189,188,8000
2022-01-11 09:49:00,189,188,189,188,0
2022-01-11 09:50:00,189,188,189,188,0
2022-01-11 09:51:00,188,188,188,188,30000
2022-01-11 09:52:00,188,188,188,188,0
2022-01-11 09:53:00,188,188,188,188,0
2022-01-11 09:54:00,188,188,188,188,0
2022-01-11 09:55:00,188,188,188,188,0
2022-01-11 09:56:00,188,188,188,188,370000
2022-01-11 09:57:00,188,188,188,188,0
2022-01-11 09:58:00,188,188,188,188,0
2022-01-11 09:59:00,188,188,188,188,155800
2022-01-11 10:00:00,188,188,188,188,0
2022-01-11 10:01:00,188,188,188,188,0
2022-01-11 10:02:00,188,188,188,188,0
2022-01-11 10:03:00,188,188,188,188,0
2022-01-11 10:04:00,188,188,188,188,0
2022-01-11 10:05:00,187,187,187,187,5200
2022-01-11 10:06:00,187,187,187,187,5000
2022-01-11 10:07:00,187,187,187,187,13500
2022-01-11 10:08:00,187,187,187,187,0
2022-01-11 10:09:00,187,187,187,187,3000
2022-01-11 10:10:00,187,187,187,187,74200
2022-01-11 10:11:00,187,187,187,187,0
2022-01-11 10:12:00,187,187,187,187,100
2022-01-11 10:13:00,188,188,188,188,1000
2022-01-11 10:14:00,188,188,188,188,0
2022-01-11 10:15:00,188,188,188,188,0
2022-01-11 10:16:00,188,188,188,188,2000
2022-01-11 10:17:00,187,187,187,187,12000
2022-01-11 10:18:00,187,187,187,187,0
2022-01-11 10:19:00,187,187,187,187,1700
2022-01-11 10:20:00,187,187,187,187,0
2022-01-11 10:21:00,187,187,187,187,0
2022-01-11 10:22:00,187,187,187,187,0
2022-01-11 10:23:00,187,187,187,187,4300
2022-01-11 10:24:00,187,187,187,187,0
2022-01-11 10:25:00,187,187,187,187,0
2022-01-11 10:26:00,187,187,187,187,0
2022-01-11 10:27:00,187,187,187,187,0
2022-01-11 10:28:00,187,187,187,187,0
2022-01-11 10:29:00,187,187,187,187,0
2022-01-11 10:30:00,188,188,188,188,100
2022-01-11 10:31:00,188,188,188,188,200
2022-01-11 10:32:00,188,188,188,188,0
2022-01-11 10:33:00,188,188,188,188,0
2022-01-11 10:34:00,188,188,188,188,0
2022-01-11 10:35:00,188,188,188,188,0
2022-01-11 10:36:00,188,188,188,188,100
2022-01-11 10:37:00,188,188,188,188,0
2022-01-11 10:38:00,188,188,188,188,4000
2022-01-11 10:39:00,188,188,188,188,0
2022-01-11 10:40:00,188,188,188,188,0
2022-01-11 10:41:00,188,188,188,188,0
2022-01-11 10:42:00,188,188,188,188,0
2022-01-11 10:43:00,188,188,188,188,0
2022-01-11 10:44:00,188,188,188,188,0
2022-01-11 10:45:00,188,188,188,188,0
2022-01-11 10:46:00,188,188,188,188,0
2022-01-11 10:47:00,188,188,188,188,0
2022-01-11 10:48:00,188,188,188,188,0
2022-01-11 10:49:00,188,188,188,188,0
2022-01-11 10:50:00,188,188,188,188,0
2022-01-11 10:51:00,188,188,188,188,0
2022-01-11 10:52:00,188,188,188,188,0
2022-01-11 10:53:00,188,188,188,188,0
2022-01-11 10:54:00,188,188,188,188,0
2022-01-11 10:55:00,188,188,188,188,0
2022-01-11 10:56:00,188,187,188,187,10200
2022-01-11 10:57:00,188,187,188,187,0
2022-01-11 10:58:00,188,187,188,187,0
2022-01-11 10:59:00,187,187,187,187,5000
2022-01-11 11:00:00,187,187,187,187,1000
2022-01-11 11:01:00,187,187,187,187,0
2022-01-11 11:02:00,187,187,187,187,200
2022-01-11 11:03:00,187,187,187,187,0
2022-01-11 11:04:00,187,187,187,187,0
2022-01-11 11:05:00,187,187,187,187,0
2022-01-11 11:06:00,187,187,187,187,0
2022-01-11 11:07:00,187,187,187,187,0
2022-01-11 11:08:00,187,187,187,187,0
2022-01-11 11:09:00,187,187,187,187,0
2022-01-11 11:10:00,187,187,187,187,0
2022-01-11 11:11:00,187,186,187,186,13400
2022-01-11 11:12:00,187,186,187,186,0
2022-01-11 11:13:00,187,186,187,186,0
2022-01-11 11:14:00,187,187,187,187,500
2022-01-11 11:15:00,187,187,187,187,0
2022-01-11 11:16:00,187,187,187,187,0
2022-01-11 11:17:00,187,187,187,187,5000
2022-01-11 11:18:00,187,187,187,187,0
2022-01-11 11:19:00,187,187,187,187,0
2022-01-11 11:20:00,187,187,187,187,0
2022-01-11 11:21:00,187,187,187,187,0
2022-01-11 11:22:00,187,187,187,187,0
2022-01-11 11:23:00,187,187,187,187,0
2022-01-11 11:24:00,187,187,187,187,1000
2022-01-11 11:25:00,187,187,187,187,0
2022-01-11 11:26:00,187,187,187,187,0
2022-01-11 11:27:00,187,187,187,187,65000
2022-01-11 11:28:00,187,186,187,186,42100
2022-01-11 11:29:00,187,186,187,186,0
2022-01-11 11:30:00,187,186,187,186,0
2022-01-11 11:31:00,187,186,187,186,0
2022-01-11 11:32:00,187,186,187,186,0
2022-01-11 11:33:00,187,186,187,186,0
2022-01-11 11:34:00,187,186,187,186,0
2022-01-11 11:35:00,187,186,187,186,0
2022-01-11 11:36:00,187,186,187,186,0
2022-01-11 11:37:00,187,186,187,186,0
2022-01-11 11:38:00,187,186,187,186,0
2022-01-11 11:39:00,187,186,187,186,0
2022-01-11 11:40:00,187,186,187,186,0
2022-01-11 11:41:00,187,186,187,186,0
2022-01-11 11:42:00,187,186,187,186,0
2022-01-11 11:43:00,187,186,187,186,0
2022-01-11 11:44:00,187,186,187,186,0
2022-01-11 11:45:00,187,186,187,186,0
2022-01-11 11:46:00,187,186,187,186,0
2022-01-11 11:47:00,187,186,187,186,0
2022-01-11 11:48:00,187,186,187,186,0
2022-01-11 11:49:00,187,186,187,186,0
2022-01-11 11:50:00,187,186,187,186,0
2022-01-11 11:51:00,187,186,187,186,0
2022-01-11 11:52:00,187,186,187,186,0
2022-01-11 11:53:00,187,186,187,186,0
2022-01-11 11:54:00,187,186,187,186,0
2022-01-11 11:55:00,187,186,187,186,0
2022-01-11 11:56:00,187,186,187,186,0
2022-01-11 11:57:00,187,186,187,186,0
2022-01-11 11:58:00,187,186,187,186,0
2022-01-11 11:59:00,187,186,187,186,0
2022-01-11 12:00:00,187,186,187,186,0
2022-01-11 12:01:00,187,186,187,186,0
2022-01-11 12:02:00,187,186,187,186,0
2022-01-11 12:03:00,187,186,187,186,0
2022-01-11 12:04:00,187,186,187,186,0
2022-01-11 12:05:00,187,186,187,186,0
2022-01-11 12:06:00,187,186,187,186,0
2022-01-11 12:07:00,187,186,187,186,0
2022-01-11 12:08:00,187,186,187,186,0
2022-01-11 12:09:00,187,186,187,186,0
2022-01-11 12:10:00,187,186,187,186,0
2022-01-11 12:11:00,187,186,187,186,0
2022-01-11 12:12:00,187,186,187,186,0
2022-01-11 12:13:00,187,186,187,186,0
2022-01-11 12:14:00,187,186,187,186,0
2022-01-11 12:15:00,187,186,187,186,0
2022-01-11 12:16:00,187,186,187,186,0
2022-01-11 12:17:00,187,186,187,186,0
2022-01-11 12:18:00,187,186,187,186,0
2022-01-11 12:19:00,187,186,187,186,0
2022-01-11 12:20:00,187,186,187,186,0
2022-01-11 12:21:00,187,186,187,186,0
2022-01-11 12:22:00,187,186,187,186,0
2022-01-11 12:23:00,187,186,187,186,0
2022-01-11 12:24:00,187,186,187,186,0
2022-01-11 12:25:00,187,186,187,186,0
2022-01-11 12:26:00,187,186,187,186,0
2022-01-11 12:27:00,187,186,187,186,0
2022-01-11 12:28:00,187,186,187,186,0
2022-01-11 12:29:00,187,186,187,186,0
2022-01-11 12:30:00,187,186,187,186,0
2022-01-11 12:31:00,187,186,187,186,0
2022-01-11 12:32:00,187,186,187,186,0
2022-01-11 12:33:00,187,186,187,186,0
2022-01-11 12:34:00,187,186,187,186,0
2022-01-11 12:35:00,187,186,187,186,0
2022-01-11 12:36:00,187,186,187,186,0
2022-01-11 12:37:00,187,186,187,186,0
2022-01-11 12:38:00,187,186,187,186,0
2022-01-11 12:39:00,187,186,187,186,0
2022-01-11 12:40:00,187,186,187,186,0
2022-01-11 12:41:00,187,186,187,186,0
2022-01-11 12:42:00,187,186,187,186,0
2022-01-11 12:43:00,187,186,187,186,0
2022-01-11 12:44:00,187,186,187,186,0
2022-01-11 12:45:00,187,186,187,186,0
2022-01-11 12:46:00,187,186,187,186,0
2022-01-11 12:47:00,187,186,187,186,0
2022-01-11 12:48:00,187,186,187,186,0
2022-01-11 12:49:00,187,186,187,186,0
2022-01-11 12:50:00,187,186,187,186,0
2022-01-11 12:51:00,187,186,187,186,0
2022-01-11 12:52:00,187,186,187,186,0
2022-01-11 12:53:00,187,186,187,186,0
2022-01-11 12:54:00,187,186,187,186,0
2022-01-11 12:55:00,187,186,187,186,0
2022-01-11 12:56:00,187,186,187,186,0
2022-01-11 12:57:00,187,186,187,186,0
2022-01-11 12:58:00,187,186,187,186,0
2022-01-11 12:59:00,187,186,187,186,0
2022-01-11 13:00:00,187,186,187,186,0
2022-01-11 13:01:00,187,186,187,186,0
2022-01-11 13:02:00,187,186,187,186,0
2022-01-11 13:03:00,187,186,187,186,0
2022-01-11 13:04:00,187,186,187,186,0
2022-01-11 13:05:00,187,186,187,186,0
2022-01-11 13:06:00,187,186,187,186,0
2022-01-11 13:07:00,187,186,187,186,0
2022-01-11 13:08:00,187,186,187,186,0
2022-01-11 13:09:00,187,186,187,186,0
2022-01-11 13:10:00,187,186,187,186,0
2022-01-11 13:11:00,187,186,187,186,0
2022-01-11 13:12:00,187,186,187,186,0
2022-01-11 13:13:00,187,186,187,186,0
2022-01-11 13:14:00,187,186,187,186,0
2022-01-11 13:15:00,187,186,187,186,0
2022-01-11 13:16:00,187,186,187,186,0
2022-01-11 13:17:00,187,186,187,186,0
2022-01-11 13:18:00,187,186,187,186,0
2022-01-11 13:19:00,187,186,187,186,0
2022-01-11 13:20:00,187,186,187,186,0
2022-01-11 13:21:00,187,186,187,186,0
2022-01-11 13:22:00,187,186,187,186,0
2022-01-11 13:23:00,187,186,187,186,0
2022-01-11 13:24:00,187,186,187,186,0
2022-01-11 13:25:00,187,186,187,186,0
2022-01-11 13:26:00,187,186,187,186,0
2022-01-11 13:27:00,187,186,187,186,0
2022-01-11 13:28:00,187,186,187,186,0
2022-01-11 13:29:00,187,186,187,186,0
2022-01-11 13:30:00,186,186,187,186,132200
2022-01-11 13:31:00,186,186,187,186,0
2022-01-11 13:32:00,186,186,186,186,500
2022-01-11 13:33:00,187,187,187,187,6000
2022-01-11 13:34:00,187,187,187,187,0
2022-01-11 13:35:00,187,187,187,187,8900
2022-01-11 13:36:00,187,186,187,186,1100
2022-01-11 13:37:00,186,186,186,186,30400
2022-01-11 13:38:00,186,186,186,186,0
2022-01-11 13:39:00,187,187,187,187,3000
2022-01-11 13:40:00,187,187,187,187,0
2022-01-11 13:41:00,188,188,188,188,100
2022-01-11 13:42:00,188,188,188,188,0
2022-01-11 13:43:00,188,188,188,188,0
2022-01-11 13:44:00,187,187,187,187,1200
2022-01-11 13:45:00,187,187,187,187,0
2022-01-11 13:46:00,187,187,187,187,5500
2022-01-11 13:47:00,187,187,187,187,15000
2022-01-11 13:48:00,187,187,187,187,25000
2022-01-11 13:49:00,187,187,187,187,0
2022-01-11 13:50:00,188,188,188,188,500
2022-01-11 13:51:00,188,188,188,188,0
2022-01-11 13:52:00,188,188,188,188,0
2022-01-11 13:53:00,188,188,188,188,50000
2022-01-11 13:54:00,187,187,187,187,28200
2022-01-11 13:55:00,187,187,187,187,3000
2022-01-11 13:56:00,186,186,186,186,2700
2022-01-11 13:57:00,186,186,186,186,0
2022-01-11 13:58:00,186,186,186,186,0
2022-01-11 13:59:00,186,186,186,186,2500
2022-01-11 14:00:00,186,186,186,186,0
2022-01-11 14:01:00,186,186,186,186,0
2022-01-11 14:02:00,186,186,186,186,250000
2022-01-11 14:03:00,187,186,187,187,4700
2022-01-11 14:04:00,187,186,187,187,0
2022-01-11 14:05:00,187,187,187,187,100
2022-01-11 14:06:00,187,187,187,187,0
2022-01-11 14:07:00,187,187,187,187,0
2022-01-11 14:08:00,187,187,187,187,700
2022-01-11 14:09:00,186,186,186,186,1900
2022-01-11 14:10:00,186,186,186,186,0
2022-01-11 14:11:00,187,186,187,186,7500
2022-01-11 14:12:00,187,186,187,186,0
2022-01-11 14:13:00,187,186,187,186,0
2022-01-11 14:14:00,186,186,186,186,10000
2022-01-11 14:15:00,186,186,186,186,0
2022-01-11 14:16:00,186,186,186,186,0
2022-01-11 14:17:00,186,186,186,186,0
2022-01-11 14:18:00,186,186,186,186,0
2022-01-11 14:19:00,186,186,186,186,0
2022-01-11 14:20:00,186,186,186,186,0
2022-01-11 14:21:00,186,186,186,186,100000
2022-01-11 14:22:00,187,187,187,187,6500
2022-01-11 14:23:00,187,187,187,187,0
2022-01-11 14:24:00,187,187,187,187,0
2022-01-11 14:25:00,186,186,186,186,200
2022-01-11 14:26:00,186,186,186,186,12400
2022-01-11 14:27:00,186,186,186,186,0
2022-01-11 14:28:00,186,186,186,186,0
2022-01-11 14:29:00,186,186,186,186,0
2022-01-11 14:30:00,186,186,186,186,0
2022-01-11 14:31:00,186,186,186,186,5000
2022-01-11 14:32:00,186,186,186,186,0
2022-01-11 14:33:00,186,186,186,186,0
2022-01-11 14:34:00,186,186,186,186,0
2022-01-11 14:35:00,186,186,186,186,0
2022-01-11 14:36:00,186,186,186,186,0
2022-01-11 14:37:00,186,186,186,186,0
2022-01-11 14:38:00,186,186,186,186,0
2022-01-11 14:39:00,186,186,186,186,138300
2022-01-11 14:40:00,186,186,186,186,0
2022-01-11 14:41:00,187,186,187,186,10100
2022-01-11 14:42:00,187,187,187,187,100
2022-01-11 14:43:00,187,186,187,187,6600
2022-01-11 14:44:00,187,187,187,187,200
2022-01-11 14:45:00,186,186,186,186,11800
2022-01-11 14:46:00,186,186,186,186,28500
2022-01-11 14:47:00,186,186,186,186,0
2022-01-11 14:48:00,186,186,186,186,219100
2022-01-11 14:49:00,186,186,186,186,0
2022-01-11 14:50:00,186,186,186,186,0
2022-01-11 14:51:00,186,186,186,186,0
2022-01-11 14:52:00,186,186,186,186,0
2022-01-11 14:53:00,186,186,186,186,0
2022-01-11 14:54:00,186,186,186,186,0
2022-01-11 14:55:00,186,186,186,186,0
2022-01-11 14:56:00,186,186,186,186,0
2022-01-11 14:57:00,186,186,186,186,0
2022-01-11 14:58:00,186,186,186,186,0
2022-01-11 14:59:00,186,186,186,186,0
2022-01-11 15:00:00,186,186,186,186,73000
2022-01-11 15:01:00,186,186,186,186,88800
2022-01-11 15:02:00,186,186,186,186,0
2022-01-11 15:03:00,186,186,186,186,10000
2022-01-11 15:04:00,186,186,186,186,0
2022-01-11 15:05:00,186,186,186,186,0
2022-01-11 15:06:00,186,186,186,186,0
2022-01-11 15:07:00,186,186,186,186,29200
2022-01-11 15:08:00,186,186,186,186,0
2022-01-11 15:09:00,186,186,186,186,10000
2022-01-11 15:10:00,186,186,186,186,0
2022-01-11 15:11:00,186,186,186,186,0
2022-01-11 15:12:00,186,186,186,186,0
2022-01-11 15:13:00,186,186,186,186,0
2022-01-11 15:14:00,186,186,186,186,0
2022-01-11 15:15:00,186,186,186,186,0
2022-01-11 15:16:00,186,186,186,186,0
2022-01-11 15:17:00,186,186,186,186,0
2022-01-11 15:18:00,186,186,186,186,0
2022-01-11 15:19:00,186,186,186,186,0
2022-01-11 15:20:00,186,186,186,186,0
2022-01-11 15:21:00,186,186,186,186,0
2022-01-11 15:22:00,186,186,186,186,0
2022-01-11 15:23:00,186,186,186,186,0
2022-01-11 15:24:00,186,186,186,186,0
2022-01-11 15:25:00,186,186,186,186,0
2022-01-11 15:26:00,186,186,186,186,0
2022-01-11 15:27:00,186,186,186,186,0
2022-01-11 15:28:00,186,186,186,186,0
2022-01-11 15:29:00,186,186,186,186,0
2022-01-11 15:30:00,186,186,186,186,0
2022-01-11 15:31:00,186,186,186,186,0
2022-01-11 15:32:00,186,186,186,186,0
2022-01-11 15:33:00,186,186,186,186,0
2022-01-11 15:34:00,186,186,186,186,0
2022-01-11 15:35:00,186,186,186,186,0
2022-01-11 15:36:00,186,186,186,186,0
2022-01-11 15:37:00,186,186,186,186,0
2022-01-11 15:38:00,186,186,186,186,0
2022-01-11 15:39:00,186,186,186,186,0
2022-01-11 15:40:00,186,186,186,186,0
2022-01-11 15:41:00,186,186,186,186,0
2022-01-11 15:42:00,186,186,186,186,0
2022-01-11 15:43:00,186,186,186,186,0
2022-01-11 15:44:00,186,186,186,186,0
2022-01-11 15:45:00,186,186,186,186,0
2022-01-11 15:46:00,186,186,186,186,0
2022-01-11 15:47:00,186,186,186,186,0
2022-01-11 15:48:00,186,186,186,186,0
2022-01-11 15:49:00,186,186,186,186,0
2022-01-11 15:50:00,186,186,186,186,0
2022-01-11 15:51:00,186,186,186,186,0
2022-01-11 15:52:00,186,186,186,186,0
2022-01-11 15:53:00,186,186,186,186,0
2022-01-11 15:54:00,186,186,186,186,0
2022-01-11 15:55:00,186,186,186,186,0
2022-01-11 15:56:00,186,186,186,186,0
2022-01-11 15:57:00,186,186,186,186,0
2022-01-11 15:58:00,186,186,186,186,0
2022-01-11 15:59:00,186,186,186,186,0
2022-01-12 09:00:00,188,188,188,188,0
2022-01-12 09:01:00,189,189,189,189,7000
2022-01-12 09:02:00,189,189,189,189,4700
2022-01-12 09:03:00,189,189,189,189,50000
2022-01-12 09:04:00,189,189,190,189,25600
2022-01-12 09:05:00,189,189,189,189,20000
2022-01-12 09:06:00,190,190,190,190,25000
2022-01-12 09:07:00,190,190,190,190,2000
2022-01-12 09:08:00,189,189,189,189,500
2022-01-12 09:09:00,189,189,189,189,0
2022-01-12 09:10:00,189,189,189,189,43600
2022-01-12 09:11:00,189,189,189,189,3200
2022-01-12 09:12:00,189,189,189,189,5200
2022-01-12 09:13:00,189,189,189,189,1300
2022-01-12 09:14:00,189,189,189,189,1100
2022-01-12 09:15:00,189,189,189,189,0
2022-01-12 09:16:00,189,189,189,189,1100
2022-01-12 09:17:00,189,189,189,189,8000
2022-01-12 09:18:00,189,189,189,189,0
2022-01-12 09:19:00,189,189,189,189,0
2022-01-12 09:20:00,188,188,188,188,100
2022-01-12 09:21:00,189,189,189,189,5000
2022-01-12 09:22:00,189,189,189,189,0
2022-01-12 09:23:00,189,189,189,189,0
2022-01-12 09:24:00,189,189,189,189,0
2022-01-12 09:25:00,189,189,189,189,0
2022-01-12 09:26:00,189,189,189,189,0
2022-01-12 09:27:00,189,189,189,189,0
2022-01-12 09:28:00,189,189,189,189,0
2022-01-12 09:29:00,189,189,189,189,0
2022-01-12 09:30:00,189,189,189,189,0
2022-01-12 09:31:00,189,189,189,189,0
2022-01-12 09:32:00,189,189,189,189,1000
2022-01-12 09:33:00,188,188,188,188,20000
2022-01-12 09:34:00,188,188,188,188,5000
2022-01-12 09:35:00,188,188,188,188,0
2022-01-12 09:36:00,188,188,188,188,68600
2022-01-12 09:37:00,188,188,188,188,1200
2022-01-12 09:38:00,188,188,188,188,0
2022-01-12 09:39:00,188,188,188,188,0
2022-01-12 09:40:00,188,188,188,188,1200
2022-01-12 09:41:00,188,188,188,188,0
2022-01-12 09:42:00,188,188,188,188,0
2022-01-12 09:43:00,188,188,188,188,0
2022-01-12 09:44:00,188,188,188,188,0
2022-01-12 09:45:00,188,188,188,188,0
2022-01-12 09:46:00,188,188,188,188,5000
2022-01-12 09:47:00,187,187,187,187,30000
2022-01-12 09:48:00,187,187,187,187,0
2022-01-12 09:49:00,187,187,187,187,0
2022-01-12 09:50:00,187,187,187,187,16200
2022-01-12 09:51:00,187,187,187,187,0
2022-01-12 09:52:00,187,187,187,187,218400
2022-01-12 09:53:00,187,187,187,187,0
2022-01-12 09:54:00,187,187,187,187,0
2022-01-12 09:55:00,187,187,187,187,0
2022-01-12 09:56:00,187,187,187,187,20000
2022-01-12 09:57:00,187,187,187,187,0
2022-01-12 09:58:00,187,187,187,187,5000
2022-01-12 09:59:00,187,187,187,187,7000
2022-01-12 10:00:00,187,187,187,187,4000
2022-01-12 10:01:00,187,187,187,187,20000
2022-01-12 10:02:00,187,187,187,187,100
2022-01-12 10:03:00,187,187,187,187,200
2022-01-12 10:04:00,187,187,187,187,0
2022-01-12 10:05:00,187,187,187,187,5000
2022-01-12 10:06:00,187,187,187,187,0
2022-01-12 10:07:00,187,187,187,187,4700
2022-01-12 10:08:00,187,187,187,187,100
2022-01-12 10:09:00,187,187,187,187,200
2022-01-12 10:10:00,187,187,187,187,0
2022-01-12 10:11:00,187,187,187,187,0
2022-01-12 10:12:00,187,187,187,187,0
2022-01-12 10:13:00,187,187,187,187,0
2022-01-12 10:14:00,187,187,187,187,6400
2022-01-12 10:15:00,187,187,187,187,2500
2022-01-12 10:16:00,187,187,187,187,100
2022-01-12 10:17:00,187,187,187,187,0
2022-01-12 10:18:00,187,187,187,187,5000
2022-01-12 10:19:00,187,187,187,187,0
2022-01-12 10:20:00,187,187,187,187,400
2022-01-12 10:21:00,187,187,187,187,0
2022-01-12 10:22:00,187,187,187,187,0
2022-01-12 10:23:00,187,187,187,187,0
2022-01-12 10:24:00,187,187,187,187,0
2022-01-12 10:25:00,187,187,187,187,11000
2022-01-12 10:26:00,187,187,187,187,0
2022-01-12 10:27:00,186,186,186,186,10000
2022-01-12 10:28:00,186,186,186,186,8100
2022-01-12 10:29:00,187,187,187,187,5500
2022-01-12 10:30:00,187,187,187,187,18100
2022-01-12 10:31:00,187,187,187,187,0
2022-01-12 10:32:00,187,187,187,187,2000
2022-01-12 10:33:00,188,188,188,188,42500
2022-01-12 10:34:00,188,188,188,188,0
2022-01-12 10:35:00,188,188,188,188,0
2022-01-12 10:36:00,188,188,188,188,0
2022-01-12 10:37:00,188,188,188,188,0
2022-01-12 10:38:00,187,187,187,187,39100
2022-01-12 10:39:00,188,188,188,188,5200
2022-01-12 10:40:00,188,188,188,188,0
2022-01-12 10:41:00,188,188,188,188,0
2022-01-12 10:42:00,188,188,188,188,20000
2022-01-12 10:43:00,188,188,188,188,0
2022-01-12 10:44:00,188,188,188,188,0
2022-01-12 10:45:00,188,188,188,188,0
2022-01-12 10:46:00,188,188,188,188,0
2022-01-12 10:47:00,188,188,188,188,63200
2022-01-12 10:48:00,188,188,188,188,0
2022-01-12 10:49:00,188,188,188,188,0
2022-01-12 10:50:00,188,188,188,188,0
2022-01-12 10:51:00,188,188,188,188,0
2022-01-12 10:52:00,188,188,188,188,0
2022-01-12 10:53:00,188,188,188,188,0
2022-01-12 10:54:00,188,188,188,188,0
2022-01-12 10:55:00,188,188,188,188,0
2022-01-12 10:56:00,188,188,188,188,0
2022-01-12 10:57:00,188,188,188,188,0
2022-01-12 10:58:00,188,188,188,188,1000
2022-01-12 10:59:00,188,188,188,188,0
2022-01-12 11:00:00,188,188,188,188,0
2022-01-12 11:01:00,188,188,188,188,2500
2022-01-12 11:02:00,188,188,188,188,500
2022-01-12 11:03:00,188,188,188,188,0
2022-01-12 11:04:00,188,188,188,188,0
2022-01-12 11:05:00,188,188,188,188,2300
2022-01-12 11:06:00,188,188,188,188,0
2022-01-12 11:07:00,188,188,188,188,0
2022-01-12 11:08:00,188,188,188,188,100
2022-01-12 11:09:00,188,188,188,188,0
2022-01-12 11:10:00,188,188,188,188,0
2022-01-12 11:11:00,188,188,188,188,0
2022-01-12 11:12:00,188,188,188,188,0
2022-01-12 11:13:00,188,188,188,188,0
2022-01-12 11:14:00,188,188,188,188,0
2022-01-12 11:15:00,188,188,188,188,500
2022-01-12 11:16:00,188,188,188,188,0
2022-01-12 11:17:00,188,188,188,188,200
2022-01-12 11:18:00,188,188,188,188,0
2022-01-12 11:19:00,188,188,188,188,0
2022-01-12 11:20:00,188,188,188,188,0
2022-01-12 11:21:00,188,188,188,188,0
2022-01-12 11:22:00,188,188,188,188,0
2022-01-12 11:23:00,188,188,188,188,0
2022-01-12 11:24:00,188,188,188,188,0
2022-01-12 11:25:00,187,187,187,187,20000
2022-01-12 11:26:00,187,187,187,187,0
2022-01-12 11:27:00,187,187,187,187,0
2022-01-12 11:28:00,187,187,187,187,70000
2022-01-12 11:29:00,187,187,187,187,25000
2022-01-12 11:30:00,187,187,187,187,0
2022-01-12 11:31:00,187,187,187,187,0
2022-01-12 11:32:00,187,187,187,187,0
2022-01-12 11:33:00,187,187,187,187,0
2022-01-12 11:34:00,187,187,187,187,0
2022-01-12 11:35:00,187,187,187,187,0
2022-01-12 11:36:00,187,187,187,187,0
2022-01-12 11:37:00,187,187,187,187,0
2022-01-12 11:38:00,187,187,187,187,0
2022-01-12 11:39:00,187,187,187,187,0
2022-01-12 11:40:00,187,187,187,187,0
2022-01-12 11:41:00,187,187,187,187,0
2022-01-12 11:42:00,187,187,187,187,0
2022-01-12 11:43:00,187,187,187,187,0
2022-01-12 11:44:00,187,187,187,187,0
2022-01-12 11:45:00,187,187,187,187,0
2022-01-12 11:46:00,187,187,187,187,0
2022-01-12 11:47:00,187,187,187,187,0
2022-01-12 11:48:00,187,187,187,187,0
2022-01-12 11:49:00,187,187,187,187,0
2022-01-12 11:50:00,187,187,187,187,0
2022-01-12 11:51:00,187,187,187,187,0
2022-01-12 11:52:00,187,187,187,187,0
2022-01-12 11:53:00,187,187,187,187,0
2022-01-12 11:54:00,187,187,187,187,0
2022-01-12 11:55:00,187,187,187,187,0
2022-01-12 11:56:00,187,187,187,187,0
2022-01-12 11:57:00,187,187,187,187,0
2022-01-12 11:58:00,187,187,187,187,0
2022-01-12 11:59:00,187,187,187,187,0
2022-01-12 12:00:00,187,187,187,187,0
2022-01-12 12:01:00,187,187,187,187,0
2022-01-12 12:02:00,187,187,187,187,0
2022-01-12 12:03:00,187,187,187,187,0
2022-01-12 12:04:00,187,187,187,187,0
2022-01-12 12:05:00,187,187,187,187,0
2022-01-12 12:06:00,187,187,187,187,0
2022-01-12 12:07:00,187,187,187,187,0
2022-01-12 12:08:00,187,187,187,187,0
2022-01-12 12:09:00,187,187,187,187,0
2022-01-12 12:10:00,187,187,187,187,0
2022-01-12 12:11:00,187,187,187,187,0
2022-01-12 12:12:00,187,187,187,187,0
2022-01-12 12:13:00,187,187,187,187,0
2022-01-12 12:14:00,187,187,187,187,0
2022-01-12 12:15:00,187,187,187,187,0
2022-01-12 12:16:00,187,187,187,187,0
2022-01-12 12:17:00,187,187,187,187,0
2022-01-12 12:18:00,187,187,187,187,0
2022-01-12 12:19:00,187,187,187,187,0
2022-01-12 12:20:00,187,187,187,187,0
2022-01-12 12:21:00,187,187,187,187,0
2022-01-12 12:22:00,187,187,187,187,0
2022-01-12 12:23:00,187,187,187,187,0
2022-01-12 12:24:00,187,187,187,187,0
2022-01-12 12:25:00,187,187,187,187,0
2022-01-12 12:26:00,187,187,187,187,0
2022-01-12 12:27:00,187,187,187,187,0
2022-01-12 12:28:00,187,187,187,187,0
2022-01-12 12:29:00,187,187,187,187,0
2022-01-12 12:30:00,187,187,187,187,0
2022-01-12 12:31:00,187,187,187,187,0
2022-01-12 12:32:00,187,187,187,187,0
2022-01-12 12:33:00,187,187,187,187,0
2022-01-12 12:34:00,187,187,187,187,0
2022-01-12 12:35:00,187,187,187,187,0
2022-01-12 12:36:00,187,187,187,187,0
2022-01-12 12:37:00,187,187,187,187,0
2022-01-12 12:38:00,187,187,187,187,0
2022-01-12 12:39:00,187,187,187,187,0
2022-01-12 12:40:00,187,187,187,187,0
2022-01-12 12:41:00,187,187,187,187,0
2022-01-12 12:42:00,187,187,187,187,0
2022-01-12 12:43:00,187,187,187,187,0
2022-01-12 12:44:00,187,187,187,187,0
2022-01-12 12:45:00,187,187,187,187,0
2022-01-12 12:46:00,187,187,187,187,0
2022-01-12 12:47:00,187,187,187,187,0
2022-01-12 12:48:00,187,187,187,187,0
2022-01-12 12:49:00,187,187,187,187,0
2022-01-12 12:50:00,187,187,187,187,0
2022-01-12 12:51:00,187,187,187,187,0
2022-01-12 12:52:00,187,187,187,187,0
2022-01-12 12:53:00,187,187,187,187,0
2022-01-12 12:54:00,187,187,187,187,0
2022-01-12 12:55:00,187,187,187,187,0
2022-01-12 12:56:00,187,187,187,187,0
2022-01-12 12:57:00,187,187,187,187,0
2022-01-12 12:58:00,187,187,187,187,0
2022-01-12 12:59:00,187,187,187,187,0
2022-01-12 13:00:00,187,187,187,187,0
2022-01-12 13:01:00,187,187,187,187,0
2022-01-12 13:02:00,187,187,187,187,0
2022-01-12 13:03:00,187,187,187,187,0
2022-01-12 13:04:00,187,187,187,187,0
2022-01-12 13:05:00,187,187,187,187,0
2022-01-12 13:06:00,187,187,187,187,0
2022-01-12 13:07:00,187,187,187,187,0
2022-01-12 13:08:00,187,187,187,187,0
2022-01-12 13:09:00,187,187,187,187,0
2022-01-12 13:10:00,187,187,187,187,0
2022-01-12 13:11:00,187,187,187,187,0
2022-01-12 13:12:00,187,187,187,187,0
2022-01-12 13:13:00,187,187,187,187,0
2022-01-12 13:14:00,187,187,187,187,0
2022-01-12 13:15:00,187,187,187,187,0
2022-01-12 13:16:00,187,187,187,187,0
2022-01-12 13:17:00,187,187,187,187,0
2022-01-12 13:18:00,187,187,187,187,0
2022-01-12 13:19:00,187,187,187,187,0
2022-01-12 13:20:00,187,187,187,187,0
2022-01-12 13:21:00,187,187,187,187,0
2022-01-12 13:22:00,187,187,187,187,0
2022-01-12 13:23:00,187,187,187,187,0
2022-01-12 13:24:00,187,187,187,187,0
2022-01-12 13:25:00,187,187,187,187,0
2022-01-12 13:26:00,187,187,187,187,0
2022-01-12 13:27:00,187,187,187,187,0
2022-01-12 13:28:00,187,187,187,187,0
2022-01-12 13:29:00,187,187,187,187,0
2022-01-12 13:30:00,187,187,188,187,15000
2022-01-12 13:31:00,187,187,188,187,0
2022-01-12 13:32:00,187,187,188,187,0
2022-01-12 13:33:00,187,187,188,187,0
2022-01-12 13:34:00,187,187,188,187,0
2022-01-12 13:35:00,187,187,187,187,600
2022-01-12 13:36:00,187,187,187,187,0
2022-01-12 13:37:00,187,187,187,187,0
2022-01-12 13:38:00,187,187,187,187,96100
2022-01-12 13:39:00,187,187,187,187,0
2022-01-12 13:40:00,187,187,187,187,0
2022-01-12 13:41:00,187,187,187,187,0
2022-01-12 13:42:00,187,187,187,187,0
2022-01-12 13:43:00,187,187,187,187,103100
2022-01-12 13:44:00,187,187,187,187,0
2022-01-12 13:45:00,187,187,187,187,0
2022-01-12 13:46:00,187,187,187,187,0
2022-01-12 13:47:00,187,187,187,187,0
2022-01-12 13:48:00,187,187,187,187,0
2022-01-12 13:49:00,187,187,187,187,200
2022-01-12 13:50:00,187,187,187,187,0
2022-01-12 13:51:00,187,187,187,187,0
2022-01-12 13:52:00,187,187,187,187,0
2022-01-12 13:53:00,187,187,187,187,100
2022-01-12 13:54:00,187,187,187,187,0
2022-01-12 13:55:00,187,187,187,187,0
2022-01-12 13:56:00,186,186,186,186,6000
2022-01-12 13:57:00,186,186,186,186,20000
2022-01-12 13:58:00,186,186,186,186,0
2022-01-12 13:59:00,186,186,186,186,100000
2022-01-12 14:00:00,186,186,186,186,0
2022-01-12 14:01:00,186,186,186,186,120000
2022-01-12 14:02:00,186,186,186,186,136500
2022-01-12 14:03:00,186,186,186,186,140000
2022-01-12 14:04:00,186,186,186,186,40000
2022-01-12 14:05:00,186,186,186,186,7000
2022-01-12 14:06:00,186,186,186,186,0
2022-01-12 14:07:00,186,186,186,186,96600
2022-01-12 14:08:00,186,186,186,186,0
2022-01-12 14:09:00,186,186,186,186,0
2022-01-12 14:10:00,186,186,186,186,0
2022-01-12 14:11:00,186,186,186,186,5000
2022-01-12 14:12:00,186,186,186,186,0
2022-01-12 14:13:00,186,186,186,186,0
2022-01-12 14:14:00,186,186,186,186,400
2022-01-12 14:15:00,186,186,186,186,40000
2022-01-12 14:16:00,186,186,186,186,0
2022-01-12 14:17:00,186,186,186,186,0
2022-01-12 14:18:00,186,186,186,186,0
2022-01-12 14:19:00,186,186,186,186,0
2022-01-12 14:20:00,186,186,186,186,0
2022-01-12 14:21:00,186,186,186,186,0
2022-01-12 14:22:00,186,186,186,186,192000
2022-01-12 14:23:00,186,186,186,186,0
2022-01-12 14:24:00,186,186,186,186,11800
2022-01-12 14:25:00,185,185,185,185,555300
2022-01-12 14:26:00,185,185,185,185,5100
2022-01-12 14:27:00,185,185,185,185,0
2022-01-12 14:28:00,186,186,186,186,5000
2022-01-12 14:29:00,185,185,185,185,72300
2022-01-12 14:30:00,185,185,185,185,0
2022-01-12 14:31:00,185,185,185,185,21100
2022-01-12 14:32:00,185,185,185,185,0
2022-01-12 14:33:00,185,185,185,185,0
2022-01-12 14:34:00,186,186,186,186,200
2022-01-12 14:35:00,186,186,186,186,2500
2022-01-12 14:36:00,185,185,185,185,200
2022-01-12 14:37:00,186,186,186,186,200
2022-01-12 14:38:00,186,186,186,186,100
2022-01-12 14:39:00,186,186,186,186,0
2022-01-12 14:40:00,186,186,186,186,0
2022-01-12 14:41:00,186,186,186,186,2000
2022-01-12 14:42:00,186,186,186,186,300
2022-01-12 14:43:00,186,186,186,186,1000
2022-01-12 14:44:00,186,185,186,185,42300
2022-01-12 14:45:00,185,185,185,185,3000
2022-01-12 14:46:00,185,185,185,185,64500
2022-01-12 14:47:00,185,185,185,185,35000
2022-01-12 14:48:00,186,186,186,186,1000
2022-01-12 14:49:00,185,185,185,185,5000
2022-01-12 14:50:00,185,185,185,185,0
2022-01-12 14:51:00,185,185,185,185,0
2022-01-12 14:52:00,185,185,185,185,0
2022-01-12 14:53:00,185,185,185,185,0
2022-01-12 14:54:00,185,185,185,185,0
2022-01-12 14:55:00,185,185,185,185,0
2022-01-12 14:56:00,185,185,185,185,0
2022-01-12 14:57:00,185,185,185,185,0
2022-01-12 14:58:00,185,185,185,185,0
2022-01-12 14:59:00,185,185,185,185,0
2022-01-12 15:00:00,186,186,186,186,61000
2022-01-12 15:01:00,186,186,186,186,25000
2022-01-12 15:02:00,186,186,186,186,0
2022-01-12 15:03:00,186,186,186,186,10000
2022-01-12 15:04:00,186,186,186,186,0
2022-01-12 15:05:00,186,186,186,186,0
2022-01-12 15:06:00,186,186,186,186,1000
2022-01-12 15:07:00,186,186,186,186,9500
2022-01-12 15:08:00,186,186,186,186,100
2022-01-12 15:09:00,186,186,186,186,0
2022-01-12 15:10:00,186,186,186,186,0
2022-01-12 15:11:00,186,186,186,186,0
2022-01-12 15:12:00,186,186,186,186,0
2022-01-12 15:13:00,186,186,186,186,0
2022-01-12 15:14:00,186,186,186,186,0
2022-01-12 15:15:00,186,186,186,186,0
2022-01-12 15:16:00,186,186,186,186,0
2022-01-12 15:17:00,186,186,186,186,0
2022-01-12 15:18:00,186,186,186,186,0
2022-01-12 15:19:00,186,186,186,186,0
2022-01-12 15:20:00,186,186,186,186,0
2022-01-12 15:21:00,186,186,186,186,0
2022-01-12 15:22:00,186,186,186,186,0
2022-01-12 15:23:00,186,186,186,186,0
2022-01-12 15:24:00,186,186,186,186,0
2022-01-12 15:25:00,186,186,186,186,0
2022-01-12 15:26:00,186,186,186,186,0
2022-01-12 15:27:00,186,186,186,186,0
2022-01-12 15:28:00,186,186,186,186,0
2022-01-12 15:29:00,186,186,186,186,0
2022-01-12 15:30:00,186,186,186,186,0
2022-01-12 15:31:00,186,186,186,186,0
2022-01-12 15:32:00,186,186,186,186,0
2022-01-12 15:33:00,186,186,186,186,0
2022-01-12 15:34:00,186,186,186,186,0
2022-01-12 15:35:00,186,186,186,186,0
2022-01-12 15:36:00,186,186,186,186,0
2022-01-12 15:37:00,186,186,186,186,0
2022-01-12 15:38:00,186,186,186,186,0
2022-01-12 15:39:00,186,186,186,186,0
2022-01-12 15:40:00,186,186,186,186,0
2022-01-12 15:41:00,186,186,186,186,0
2022-01-12 15:42:00,186,186,186,186,0
2022-01-12 15:43:00,186,186,186,186,0
2022-01-12 15:44:00,186,186,186,186,0
2022-01-12 15:45:00,186,186,186,186,0
2022-01-12 15:46:00,186,186,186,186,0
2022-01-12 15:47:00,186,186,186,186,0
2022-01-12 15:48:00,186,186,186,186,0
2022-01-12 15:49:00,186,186,186,186,0
2022-01-12 15:50:00,186,186,186,186,0
2022-01-12 15:51:00,186,186,186,186,0
2022-01-12 15:52:00,186,186,186,186,0
2022-01-12 15:53:00,186,186,186,186,0
2022-01-12 15:54:00,186,186,186,186,0
2022-01-12 15:55:00,186,186,186,186,0
2022-01-12 15:56:00,186,186,186,186,0
2022-01-12 15:57:00,186,186,186,186,0
2022-01-12 15:58:00,186,186,186,186,0
2022-01-12 15:59:00,186,186,186,186,0
2022-01-13 09:00:00,186,186,188,186,0
2022-01-13 09:01:00,186,186,186,186,25000
2022-01-13 09:02:00,186,186,186,186,25000
2022-01-13 09:03:00,186,186,186,186,17100
2022-01-13 09:04:00,186,186,186,186,0
2022-01-13 09:05:00,186,186,186,186,0
2022-01-13 09:06:00,187,187,187,187,300
2022-01-13 09:07:00,187,187,187,187,0
2022-01-13 09:08:00,187,187,187,187,0
2022-01-13 09:09:00,186,186,186,186,100
2022-01-13 09:10:00,186,186,186,186,0
2022-01-13 09:11:00,186,186,186,186,3100
2022-01-13 09:12:00,186,186,186,186,0
2022-01-13 09:13:00,186,186,187,187,10100
2022-01-13 09:14:00,187,187,187,187,15000
2022-01-13 09:15:00,186,186,186,186,400
2022-01-13 09:16:00,187,187,187,187,53200
2022-01-13 09:17:00,187,187,187,187,0
2022-01-13 09:18:00,188,188,188,188,15000
2022-01-13 09:19:00,188,188,188,188,0
2022-01-13 09:20:00,188,188,188,188,0
2022-01-13 09:21:00,186,186,186,186,100
2022-01-13 09:22:00,186,186,186,186,0
2022-01-13 09:23:00,186,186,186,186,0
2022-01-13 09:24:00,186,186,186,186,0
2022-01-13 09:25:00,186,186,186,186,0
2022-01-13 09:26:00,186,186,186,186,30000
2022-01-13 09:27:00,186,186,186,186,0
2022-01-13 09:28:00,186,186,186,186,25000
2022-01-13 09:29:00,187,187,187,187,40000
2022-01-13 09:30:00,187,187,187,187,0
2022-01-13 09:31:00,187,187,187,187,0
2022-01-13 09:32:00,187,187,187,187,0
2022-01-13 09:33:00,187,187,187,187,0
2022-01-13 09:34:00,187,187,187,187,0
2022-01-13 09:35:00,188,188,188,188,100
2022-01-13 09:36:00,188,188,188,188,0
2022-01-13 09:37:00,188,188,188,188,0
2022-01-13 09:38:00,187,187,187,187,200
2022-01-13 09:39:00,187,187,187,187,0
2022-01-13 09:40:00,187,187,187,187,0
2022-01-13 09:41:00,187,187,187,187,0
2022-01-13 09:42:00,187,187,187,187,0
2022-01-13 09:43:00,187,187,187,187,5000
2022-01-13 09:44:00,186,186,186,186,53000
2022-01-13 09:45:00,186,186,186,186,5000
2022-01-13 09:46:00,186,186,186,186,0
2022-01-13 09:47:00,186,186,186,186,1000
2022-01-13 09:48:00,186,186,186,186,0
2022-01-13 09:49:00,186,186,186,186,0
2022-01-13 09:50:00,186,186,186,186,0
2022-01-13 09:51:00,186,186,186,186,0
2022-01-13 09:52:00,186,186,186,186,30000
2022-01-13 09:53:00,186,186,186,186,0
2022-01-13 09:54:00,186,186,186,186,4800
2022-01-13 09:55:00,186,186,186,186,0
2022-01-13 09:56:00,186,186,186,186,0
2022-01-13 09:57:00,186,186,186,186,0
2022-01-13 09:58:00,186,186,186,186,5000
2022-01-13 09:59:00,186,186,186,186,5100
2022-01-13 10:00:00,186,186,186,186,1000
2022-01-13 10:01:00,185,184,185,184,139900
2022-01-13 10:02:00,184,184,184,184,200
2022-01-13 10:03:00,184,184,184,184,95800
2022-01-13 10:04:00,185,185,185,185,3500
2022-01-13 10:05:00,185,185,185,185,0
2022-01-13 10:06:00,186,186,186,186,100
2022-01-13 10:07:00,186,186,186,186,0
2022-01-13 10:08:00,186,186,186,186,0
2022-01-13 10:09:00,186,186,186,186,0
2022-01-13 10:10:00,186,186,186,186,0
2022-01-13 10:11:00,186,186,186,186,0
2022-01-13 10:12:00,186,186,186,186,0
2022-01-13 10:13:00,186,186,186,186,0
2022-01-13 10:14:00,186,186,186,186,0
2022-01-13 10:15:00,186,186,186,186,0
2022-01-13 10:16:00,185,185,185,185,100
2022-01-13 10:17:00,185,185,185,185,5000
2022-01-13 10:18:00,185,185,185,185,0
2022-01-13 10:19:00,185,185,185,185,5000
2022-01-13 10:20:00,185,185,185,185,60400
2022-01-13 10:21:00,185,185,185,185,500
2022-01-13 10:22:00,185,185,185,185,2000
2022-01-13 10:23:00,186,186,186,186,800
2022-01-13 10:24:00,185,185,185,185,2300
2022-01-13 10:25:00,185,185,185,185,0
2022-01-13 10:26:00,185,185,185,185,0
2022-01-13 10:27:00,185,185,185,185,0
2022-01-13 10:28:00,185,185,185,185,0
2022-01-13 10:29:00,185,185,185,185,0
2022-01-13 10:30:00,186,186,186,186,3000
2022-01-13 10:31:00,186,186,186,186,0
2022-01-13 10:32:00,186,186,186,186,500
2022-01-13 10:33:00,186,186,186,186,0
2022-01-13 10:34:00,186,186,186,186,0
2022-01-13 10:35:00,186,186,186,186,0
2022-01-13 10:36:00,186,186,186,186,0
2022-01-13 10:37:00,186,186,186,186,2000
2022-01-13 10:38:00,186,186,186,186,0
2022-01-13 10:39:00,186,186,186,186,0
2022-01-13 10:40:00,186,186,186,186,0
2022-01-13 10:41:00,186,186,186,186,0
2022-01-13 10:42:00,186,186,186,186,0
2022-01-13 10:43:00,186,186,186,186,50000
2022-01-13 10:44:00,186,186,186,186,0
2022-01-13 10:45:00,186,186,186,186,0
2022-01-13 10:46:00,186,186,186,186,500
2022-01-13 10:47:00,186,186,186,186,0
2022-01-13 10:48:00,186,186,186,186,0
2022-01-13 10:49:00,186,186,186,186,0
2022-01-13 10:50:00,186,186,186,186,0
2022-01-13 10:51:00,186,186,186,186,3900
2022-01-13 10:52:00,186,186,186,186,0
2022-01-13 10:53:00,186,186,186,186,0
2022-01-13 10:54:00,186,186,186,186,0
2022-01-13 10:55:00,186,186,186,186,0
2022-01-13 10:56:00,186,186,186,186,0
2022-01-13 10:57:00,186,186,186,186,0
2022-01-13 10:58:00,186,186,186,186,1000
2022-01-13 10:59:00,186,186,186,186,3200
2022-01-13 11:00:00,186,186,186,186,0
2022-01-13 11:01:00,186,186,186,186,500
2022-01-13 11:02:00,186,186,186,186,0
2022-01-13 11:03:00,186,186,186,186,0
2022-01-13 11:04:00,186,186,186,186,0
2022-01-13 11:05:00,186,186,186,186,0
2022-01-13 11:06:00,186,186,186,186,0
2022-01-13 11:07:00,186,186,186,186,0
2022-01-13 11:08:00,186,186,186,186,0
2022-01-13 11:09:00,186,186,186,186,0
2022-01-13 11:10:00,186,186,186,186,0
2022-01-13 11:11:00,186,186,186,186,0
2022-01-13 11:12:00,185,185,185,185,1600
2022-01-13 11:13:00,185,185,185,185,0
2022-01-13 11:14:00,185,185,185,185,0
2022-01-13 11:15:00,185,185,185,185,0
2022-01-13 11:16:00,185,185,185,185,15100
2022-01-13 11:17:00,185,185,185,185,0
2022-01-13 11:18:00,185,185,185,185,0
2022-01-13 11:19:00,185,185,185,185,0
2022-01-13 11:20:00,186,186,186,186,1200
2022-01-13 11:21:00,186,186,186,186,0
2022-01-13 11:22:00,186,186,186,186,0
2022-01-13 11:23:00,186,186,186,186,1200
2022-01-13 11:24:00,186,186,186,186,0
2022-01-13 11:25:00,186,186,186,186,0
2022-01-13 11:26:00,186,186,186,186,0
2022-01-13 11:27:00,186,186,186,186,1000
2022-01-13 11:28:00,185,185,185,185,35900
2022-01-13 11:29:00,185,185,185,185,0
2022-01-13 11:30:00,185,185,185,185,0
2022-01-13 11:31:00,185,185,185,185,0
2022-01-13 11:32:00,185,185,185,185,0
2022-01-13 11:33:00,185,185,185,185,0
2022-01-13 11:34:00,185,185,185,185,0
2022-01-13 11:35:00,185,185,185,185,0
2022-01-13 11:36:00,185,185,185,185,0
2022-01-13 11:37:00,185,185,185,185,0
2022-01-13 11:38:00,185,185,185,185,0
2022-01-13 11:39:00,185,185,185,185,0
2022-01-13 11:40:00,185,185,185,185,0
2022-01-13 11:41:00,185,185,185,185,0
2022-01-13 11:42:00,185,185,185,185,0
2022-01-13 11:43:00,185,185,185,185,0
2022-01-13 11:44:00,185,185,185,185,0
2022-01-13 11:45:00,185,185,185,185,0
2022-01-13 11:46:00,185,185,185,185,0
2022-01-13 11:47:00,185,185,185,185,0
2022-01-13 11:48:00,185,185,185,185,0
2022-01-13 11:49:00,185,185,185,185,0
2022-01-13 11:50:00,185,185,185,185,0
2022-01-13 11:51:00,185,185,185,185,0
2022-01-13 11:52:00,185,185,185,185,0
2022-01-13 11:53:00,185,185,185,185,0
2022-01-13 11:54:00,185,185,185,185,0
2022-01-13 11:55:00,185,185,185,185,0
2022-01-13 11:56:00,185,185,185,185,0
2022-01-13 11:57:00,185,185,185,185,0
2022-01-13 11:58:00,185,185,185,185,0
2022-01-13 11:59:00,185,185,185,185,0
2022-01-13 12:00:00,185,185,185,185,0
2022-01-13 12:01:00,185,185,185,185,0
2022-01-13 12:02:00,185,185,185,185,0
2022-01-13 12:03:00,185,185,185,185,0
2022-01-13 12:04:00,185,185,185,185,0
2022-01-13 12:05:00,185,185,185,185,0
2022-01-13 12:06:00,185,185,185,185,0
2022-01-13 12:07:00,185,185,185,185,0
2022-01-13 12:08:00,185,185,185,185,0
2022-01-13 12:09:00,185,185,185,185,0
2022-01-13 12:10:00,185,185,185,185,0
2022-01-13 12:11:00,185,185,185,185,0
2022-01-13 12:12:00,185,185,185,185,0
2022-01-13 12:13:00,185,185,185,185,0
2022-01-13 12:14:00,185,185,185,185,0
2022-01-13 12:15:00,185,185,185,185,0
2022-01-13 12:16:00,185,185,185,185,0
2022-01-13 12:17:00,185,185,185,185,0
2022-01-13 12:18:00,185,185,185,185,0
2022-01-13 12:19:00,185,185,185,185,0
2022-01-13 12:20:00,185,185,185,185,0
2022-01-13 12:21:00,185,185,185,185,0
2022-01-13 12:22:00,185,185,185,185,0
2022-01-13 12:23:00,185,185,185,185,0
2022-01-13 12:24:00,185,185,185,185,0
2022-01-13 12:25:00,185,185,185,185,0
2022-01-13 12:26:00,185,185,185,185,0
2022-01-13 12:27:00,185,185,185,185,0
2022-01-13 12:28:00,185,185,185,185,0
2022-01-13 12:29:00,185,185,185,185,0
2022-01-13 12:30:00,185,185,185,185,0
2022-01-13 12:31:00,185,185,185,185,0
2022-01-13 12:32:00,185,185,185,185,0
2022-01-13 12:33:00,185,185,185,185,0
2022-01-13 12:34:00,185,185,185,185,0
2022-01-13 12:35:00,185,185,185,185,0
2022-01-13 12:36:00,185,185,185,185,0
2022-01-13 12:37:00,185,185,185,185,0
2022-01-13 12:38:00,185,185,185,185,0
2022-01-13 12:39:00,185,185,185,185,0
2022-01-13 12:40:00,185,185,185,185,0
2022-01-13 12:41:00,185,185,185,185,0
2022-01-13 12:42:00,185,185,185,185,0
2022-01-13 12:43:00,185,185,185,185,0
2022-01-13 12:44:00,185,185,185,185,0
2022-01-13 12:45:00,185,185,185,185,0
2022-01-13 12:46:00,185,185,185,185,0
2022-01-13 12:47:00,185,185,185,185,0
2022-01-13 12:48:00,185,185,185,185,0
2022-01-13 12:49:00,185,185,185,185,0
2022-01-13 12:50:00,185,185,185,185,0
2022-01-13 12:51:00,185,185,185,185,0
2022-01-13 12:52:00,185,185,185,185,0
2022-01-13 12:53:00,185,185,185,185,0
2022-01-13 12:54:00,185,185,185,185,0
2022-01-13 12:55:00,185,185,185,185,0
2022-01-13 12:56:00,185,185,185,185,0
2022-01-13 12:57:00,185,185,185,185,0
2022-01-13 12:58:00,185,185,185,185,0
2022-01-13 12:59:00,185,185,185,185,0
2022-01-13 13:00:00,185,185,185,185,0
2022-01-13 13:01:00,185,185,185,185,0
2022-01-13 13:02:00,185,185,185,185,0
2022-01-13 13:03:00,185,185,185,185,0
2022-01-13 13:04:00,185,185,185,185,0
2022-01-13 13:05:00,185,185,185,185,0
2022-01-13 13:06:00,185,185,185,185,0
2022-01-13 13:07:00,185,185,185,185,0
2022-01-13 13:08:00,185,185,185,185,0
2022-01-13 13:09:00,185,185,185,185,0
2022-01-13 13:10:00,185,185,185,185,0
2022-01-13 13:11:00,185,185,185,185,0
2022-01-13 13:12:00,185,185,185,185,0
2022-01-13 13:13:00,185,185,185,185,0
2022-01-13 13:14:00,185,185,185,185,0
2022-01-13 13:15:00,185,185,185,185,0
2022-01-13 13:16:00,185,185,185,185,0
2022-01-13 13:17:00,185,185,185,185,0
2022-01-13 13:18:00,185,185,185,185,0
2022-01-13 13:19:00,185,185,185,185,0
2022-01-13 13:20:00,185,185,185,185,0
2022-01-13 13:21:00,185,185,185,185,0
2022-01-13 13:22:00,185,185,185,185,0
2022-01-13 13:23:00,185,185,185,185,0
2022-01-13 13:24:00,185,185,185,185,0
2022-01-13 13:25:00,185,185,185,185,0
2022-01-13 13:26:00,185,185,185,185,0
2022-01-13 13:27:00,185,185,185,185,0
2022-01-13 13:28:00,185,185,185,185,0
2022-01-13 13:29:00,185,185,185,185,0
2022-01-13 13:30:00,186,185,186,185,10500
2022-01-13 13:31:00,186,185,186,185,0
2022-01-13 13:32:00,186,185,186,185,0
2022-01-13 13:33:00,185,185,185,185,27000
2022-01-13 13:34:00,185,185,185,185,800
2022-01-13 13:35:00,185,185,185,185,0
2022-01-13 13:36:00,186,186,186,186,1200
2022-01-13 13:37:00,186,186,186,186,0
2022-01-13 13:38:00,186,186,186,186,0
2022-01-13 13:39:00,186,186,186,186,81200
2022-01-13 13:40:00,186,186,186,186,0
2022-01-13 13:41:00,186,186,186,186,0
2022-01-13 13:42:00,187,187,187,187,200
2022-01-13 13:43:00,187,187,187,187,0
2022-01-13 13:44:00,187,187,187,187,0
2022-01-13 13:45:00,187,187,187,187,0
2022-01-13 13:46:00,187,187,187,187,0
2022-01-13 13:47:00,187,187,187,187,0
2022-01-13 13:48:00,187,187,187,187,0
2022-01-13 13:49:00,187,187,187,187,0
2022-01-13 13:50:00,187,187,187,187,0
2022-01-13 13:51:00,187,187,187,187,0
2022-01-13 13:52:00,187,187,187,187,500
2022-01-13 13:53:00,187,187,187,187,200
2022-01-13 13:54:00,187,187,187,187,0
2022-01-13 13:55:00,187,187,187,187,0
2022-01-13 13:56:00,187,187,187,187,119600
2022-01-13 13:57:00,188,188,188,188,1300
2022-01-13 13:58:00,187,187,187,187,29500
2022-01-13 13:59:00,187,187,187,187,100000
2022-01-13 14:00:00,187,187,187,187,0
2022-01-13 14:01:00,187,187,187,187,5000
2022-01-13 14:02:00,187,187,187,187,2500
2022-01-13 14:03:00,187,187,187,187,0
2022-01-13 14:04:00,187,187,187,187,1000
2022-01-13 14:05:00,187,187,187,187,0
2022-01-13 14:06:00,187,187,187,187,5100
2022-01-13 14:07:00,187,187,187,187,500
2022-01-13 14:08:00,187,187,187,187,0
2022-01-13 14:09:00,187,187,187,187,0
2022-01-13 14:10:00,187,187,187,187,0
2022-01-13 14:11:00,187,187,187,187,0
2022-01-13 14:12:00,187,187,187,187,0
2022-01-13 14:13:00,187,187,187,187,0
2022-01-13 14:14:00,187,187,187,187,0
2022-01-13 14:15:00,187,187,187,187,8000
2022-01-13 14:16:00,187,187,187,187,0
2022-01-13 14:17:00,187,187,187,187,0
2022-01-13 14:18:00,187,187,187,187,6800
2022-01-13 14:19:00,187,187,187,187,0
2022-01-13 14:20:00,187,187,187,187,0
2022-01-13 14:21:00,187,187,187,187,700
2022-01-13 14:22:00,187,187,187,187,0
2022-01-13 14:23:00,187,187,187,187,0
2022-01-13 14:24:00,187,187,187,187,0
2022-01-13 14:25:00,187,187,187,187,0
2022-01-13 14:26:00,187,187,187,187,0
2022-01-13 14:27:00,187,187,187,187,0
2022-01-13 14:28:00,187,187,187,187,0
2022-01-13 14:29:00,187,186,187,186,40500
2022-01-13 14:30:00,187,186,187,186,0
2022-01-13 14:31:00,187,186,187,186,0
2022-01-13 14:32:00,187,186,187,186,0
2022-01-13 14:33:00,187,186,187,186,0
2022-01-13 14:34:00,187,186,187,186,0
2022-01-13 14:35:00,187,186,187,186,0
2022-01-13 14:36:00,187,186,187,186,0
2022-01-13 14:37:00,187,186,187,186,0
2022-01-13 14:38:00,187,186,187,186,0
2022-01-13 14:39:00,187,186,187,186,0
2022-01-13 14:40:00,187,186,187,186,0
2022-01-13 14:41:00,187,186,187,186,0
2022-01-13 14:42:00,187,186,187,186,0
2022-01-13 14:43:00,187,186,187,186,0
2022-01-13 14:44:00,187,186,187,186,0
2022-01-13 14:45:00,187,186,187,186,0
2022-01-13 14:46:00,187,186,187,186,0
2022-01-13 14:47:00,186,186,186,186,0
2022-01-13 14:48:00,186,186,186,186,0
2022-01-13 14:49:00,186,186,186,186,0
2022-01-13 14:50:00,186,186,186,186,0
2022-01-13 14:51:00,186,186,186,186,0
2022-01-13 14:52:00,186,186,186,186,0
2022-01-13 14:53:00,186,186,186,186,0
2022-01-13 14:54:00,186,186,186,186,0
2022-01-13 14:55:00,186,186,186,186,0
2022-01-13 14:56:00,186,186,186,186,0
2022-01-13 14:57:00,186,186,186,186,0
2022-01-13 14:58:00,186,186,186,186,0
2022-01-13 14:59:00,186,186,186,186,0
2022-01-13 15:00:00,184,184,184,184,1858300
2022-01-13 15:01:00,184,184,184,184,0
2022-01-13 15:02:00,184,184,184,184,1500
2022-01-13 15:03:00,184,184,184,184,0
2022-01-13 15:04:00,184,184,184,184,0
2022-01-13 15:05:00,184,184,184,184,0
2022-01-13 15:06:00,184,184,184,184,0
2022-01-13 15:07:00,184,184,184,184,0
2022-01-13 15:08:00,184,184,184,184,0
2022-01-13 15:09:00,184,184,184,184,0
2022-01-13 15:10:00,184,184,184,184,0
2022-01-13 15:11:00,184,184,184,184,0
2022-01-13 15:12:00,184,184,184,184,0
2022-01-13 15:13:00,184,184,184,184,0
2022-01-13 15:14:00,184,184,184,184,0
2022-01-13 15:15:00,184,184,184,184,0
2022-01-13 15:16:00,184,184,184,184,0
2022-01-13 15:17:00,184,184,184,184,0
2022-01-13 15:18:00,184,184,184,184,0
2022-01-13 15:19:00,184,184,184,184,0
2022-01-13 15:20:00,184,184,184,184,0
2022-01-13 15:21:00,184,184,184,184,0
2022-01-13 15:22:00,184,184,184,184,0
2022-01-13 15:23:00,184,184,184,184,0
2022-01-13 15:24:00,184,184,184,184,0
2022-01-13 15:25:00,184,184,184,184,0
2022-01-13 15:26:00,184,184,184,184,0
2022-01-13 15:27:00,184,184,184,184,0
2022-01-13 15:28:00,184,184,184,184,0
2022-01-13 15:29:00,184,184,184,184,0
2022-01-13 15:30:00,184,184,184,184,0
2022-01-13 15:31:00,184,184,184,184,0
2022-01-13 15:32:00,184,184,184,184,0
2022-01-13 15:33:00,184,184,184,184,0
2022-01-13 15:34:00,184,184,184,184,0
2022-01-13 15:35:00,184,184,184,184,0
2022-01-13 15:36:00,184,184,184,184,0
2022-01-13 15:37:00,184,184,184,184,0
2022-01-13 15:38:00,184,184,184,184,0
2022-01-13 15:39:00,184,184,184,184,0
2022-01-13 15:40:00,184,184,184,184,0
2022-01-13 15:41:00,184,184,184,184,0
2022-01-13 15:42:00,184,184,184,184,0
2022-01-13 15:43:00,184,184,184,184,0
2022-01-13 15:44:00,184,184,184,184,0
2022-01-13 15:45:00,184,184,184,184,0
2022-01-13 15:46:00,184,184,184,184,0
2022-01-13 15:47:00,184,184,184,184,0
2022-01-13 15:48:00,184,184,184,184,0
2022-01-13 15:49:00,184,184,184,184,0
2022-01-13 15:50:00,184,184,184,184,0
2022-01-13 15:51:00,184,184,184,184,0
2022-01-13 15:52:00,184,184,184,184,0
2022-01-13 15:53:00,184,184,184,184,0
2022-01-13 15:54:00,184,184,184,184,0
2022-01-13 15:55:00,184,184,184,184,0
2022-01-13 15:56:00,184,184,184,184,0
2022-01-13 15:57:00,184,184,184,184,0
2022-01-13 15:58:00,184,184,184,184,0
2022-01-13 15:59:00,184,184,184,184,0
2022-01-14 09:00:00,184,184,184,184,0
2022-01-14 09:01:00,184,184,184,184,5300
2022-01-14 09:02:00,184,184,184,184,0
2022-01-14 09:03:00,184,184,184,184,0
2022-01-14 09:04:00,184,184,184,184,0
2022-01-14 09:05:00,186,186,186,186,100
2022-01-14 09:06:00,186,186,186,186,0
2022-01-14 09:07:00,186,186,186,186,2100
2022-01-14 09:08:00,186,186,186,186,0
2022-01-14 09:09:00,186,186,186,186,500
2022-01-14 09:10:00,186,186,186,186,0
2022-01-14 09:11:00,186,186,186,186,0
2022-01-14 09:12:00,186,186,186,186,0
2022-01-14 09:13:00,186,186,186,186,0
2022-01-14 09:14:00,186,186,186,186,0
2022-01-14 09:15:00,186,186,186,186,0
2022-01-14 09:16:00,186,186,186,186,0
2022-01-14 09:17:00,185,184,185,184,175000
2022-01-14 09:18:00,184,184,184,184,12600
2022-01-14 09:19:00,184,184,184,184,0
2022-01-14 09:20:00,184,184,184,184,0
2022-01-14 09:21:00,184,184,184,184,283300
2022-01-14 09:22:00,184,184,186,186,600
2022-01-14 09:23:00,184,184,186,186,0
2022-01-14 09:24:00,184,184,186,186,0
2022-01-14 09:25:00,184,184,186,186,0
2022-01-14 09:26:00,184,184,186,186,0
2022-01-14 09:27:00,185,185,185,185,4100
2022-01-14 09:28:00,185,185,185,185,100
2022-01-14 09:29:00,185,185,185,185,95800
2022-01-14 09:30:00,185,185,185,185,0
2022-01-14 09:31:00,186,186,186,186,200
2022-01-14 09:32:00,185,185,185,185,4000
2022-01-14 09:33:00,185,185,185,185,0
2022-01-14 09:34:00,185,185,185,185,200
2022-01-14 09:35:00,184,183,184,183,507100
2022-01-14 09:36:00,183,183,183,183,33000
2022-01-14 09:37:00,184,184,184,184,10000
2022-01-14 09:38:00,185,185,185,185,1100
2022-01-14 09:39:00,185,185,185,185,500
2022-01-14 09:40:00,185,185,185,185,0
2022-01-14 09:41:00,184,183,184,183,50500
2022-01-14 09:42:00,183,183,183,183,500
2022-01-14 09:43:00,183,183,183,183,1400
2022-01-14 09:44:00,183,183,183,183,0
2022-01-14 09:45:00,183,183,183,183,0
2022-01-14 09:46:00,183,183,183,183,0
2022-01-14 09:47:00,183,183,183,183,0
2022-01-14 09:48:00,183,183,183,183,0
2022-01-14 09:49:00,183,183,183,183,1200
2022-01-14 09:50:00,183,183,184,184,5100
2022-01-14 09:51:00,184,184,184,184,100000
2022-01-14 09:52:00,184,184,184,184,25000
2022-01-14 09:53:00,183,183,183,183,30000
2022-01-14 09:54:00,184,184,184,184,17000
2022-01-14 09:55:00,184,184,184,184,33000
2022-01-14 09:56:00,184,184,184,184,0
2022-01-14 09:57:00,184,184,184,184,0
2022-01-14 09:58:00,184,183,184,183,3600
2022-01-14 09:59:00,184,183,184,183,0
2022-01-14 10:00:00,184,183,184,183,0
2022-01-14 10:01:00,183,183,184,184,5000
2022-01-14 10:02:00,183,183,183,183,800
2022-01-14 10:03:00,183,183,183,183,100
2022-01-14 10:04:00,183,183,183,183,0
2022-01-14 10:05:00,183,183,183,183,2300
2022-01-14 10:06:00,183,183,183,183,0
2022-01-14 10:07:00,183,183,183,183,0
2022-01-14 10:08:00,184,183,184,183,300
2022-01-14 10:09:00,184,184,184,184,5700
2022-01-14 10:10:00,184,184,184,184,0
2022-01-14 10:11:00,184,184,184,184,0
2022-01-14 10:12:00,183,183,183,183,450000
2022-01-14 10:13:00,183,183,183,183,49300
2022-01-14 10:14:00,183,183,183,183,0
2022-01-14 10:15:00,183,183,183,183,3300
2022-01-14 10:16:00,183,182,183,182,132100
2022-01-14 10:17:00,183,183,183,183,21800
2022-01-14 10:18:00,183,183,183,183,17700
2022-01-14 10:19:00,183,183,183,183,0
2022-01-14 10:20:00,183,183,183,183,0
2022-01-14 10:21:00,182,182,182,182,2200
2022-01-14 10:22:00,183,183,183,183,15000
2022-01-14 10:23:00,183,183,183,183,300
2022-01-14 10:24:00,183,183,183,183,400
2022-01-14 10:25:00,183,183,183,183,0
2022-01-14 10:26:00,183,183,183,183,0
2022-01-14 10:27:00,183,183,183,183,0
2022-01-14 10:28:00,183,183,183,183,0
2022-01-14 10:29:00,183,183,183,183,51000
2022-01-14 10:30:00,183,183,183,183,3000
2022-01-14 10:31:00,183,183,183,183,32900
2022-01-14 10:32:00,183,183,183,183,17300
2022-01-14 10:33:00,183,183,183,183,10100
2022-01-14 10:34:00,183,183,183,183,0
2022-01-14 10:35:00,183,183,183,183,0
2022-01-14 10:36:00,183,183,183,183,60100
2022-01-14 10:37:00,183,183,183,183,10000
2022-01-14 10:38:00,183,183,183,183,100
2022-01-14 10:39:00,183,183,183,183,10000
2022-01-14 10:40:00,182,182,183,183,24800
2022-01-14 10:41:00,182,182,183,183,0
2022-01-14 10:42:00,182,182,183,183,0
2022-01-14 10:43:00,183,183,184,184,200
2022-01-14 10:44:00,184,184,184,184,2000
2022-01-14 10:45:00,184,184,184,184,0
2022-01-14 10:46:00,184,184,184,184,0
2022-01-14 10:47:00,184,184,184,184,0
2022-01-14 10:48:00,184,184,184,184,0
2022-01-14 10:49:00,184,184,184,184,0
2022-01-14 10:50:00,183,183,183,183,4000
2022-01-14 10:51:00,183,183,183,183,0
2022-01-14 10:52:00,183,183,183,183,0
2022-01-14 10:53:00,183,183,183,183,0
2022-01-14 10:54:00,183,183,183,183,0
2022-01-14 10:55:00,183,183,183,183,0
2022-01-14 10:56:00,183,183,183,183,10000
2022-01-14 10:57:00,183,183,183,183,50000
2022-01-14 10:58:00,183,183,183,183,0
2022-01-14 10:59:00,183,183,183,183,0
2022-01-14 11:00:00,183,183,183,183,0
2022-01-14 11:01:00,183,183,183,183,0
2022-01-14 11:02:00,183,183,183,183,0
2022-01-14 11:03:00,183,183,183,183,0
2022-01-14 11:04:00,183,183,183,183,0
2022-01-14 11:05:00,183,183,183,183,0
2022-01-14 11:06:00,183,183,183,183,0
2022-01-14 11:07:00,183,183,183,183,0
2022-01-14 11:08:00,183,183,183,183,0
2022-01-14 11:09:00,183,183,183,183,0
2022-01-14 11:10:00,183,183,183,183,0
2022-01-14 11:11:00,183,183,183,183,0
2022-01-14 11:12:00,183,183,183,183,0
2022-01-14 11:13:00,183,183,183,183,0
2022-01-14 11:14:00,183,183,183,183,0
2022-01-14 11:15:00,183,183,183,183,0
2022-01-14 11:16:00,183,183,183,183,0
2022-01-14 11:17:00,183,183,183,183,200
2022-01-14 11:18:00,183,183,183,183,0
2022-01-14 11:19:00,183,183,183,183,0
2022-01-14 11:20:00,183,183,183,183,0
2022-01-14 11:21:00,183,183,183,183,0
2022-01-14 11:22:00,183,183,183,183,0
2022-01-14 11:23:00,183,183,183,183,0
2022-01-14 11:24:00,183,183,183,183,0
2022-01-14 11:25:00,183,183,183,183,0
2022-01-14 11:26:00,183,183,183,183,0
2022-01-14 11:27:00,183,183,183,183,500
2022-01-14 11:28:00,183,183,183,183,0
2022-01-14 11:29:00,183,183,183,183,0
2022-01-14 11:30:00,183,183,183,183,0
2022-01-14 11:31:00,183,183,183,183,0
2022-01-14 11:32:00,183,183,183,183,0
2022-01-14 11:33:00,183,183,183,183,0
2022-01-14 11:34:00,183,183,183,183,0
2022-01-14 11:35:00,183,183,183,183,0
2022-01-14 11:36:00,183,183,183,183,0
2022-01-14 11:37:00,183,183,183,183,0
2022-01-14 11:38:00,183,183,183,183,0
2022-01-14 11:39:00,183,183,183,183,0
2022-01-14 11:40:00,183,183,183,183,0
2022-01-14 11:41:00,183,183,183,183,0
2022-01-14 11:42:00,183,183,183,183,0
2022-01-14 11:43:00,183,183,183,183,0
2022-01-14 11:44:00,183,183,183,183,0
2022-01-14 11:45:00,183,183,183,183,0
2022-01-14 11:46:00,183,183,183,183,0
2022-01-14 11:47:00,183,183,183,183,0
2022-01-14 11:48:00,183,183,183,183,0
2022-01-14 11:49:00,183,183,183,183,0
2022-01-14 11:50:00,183,183,183,183,0
2022-01-14 11:51:00,183,183,183,183,0
2022-01-14 11:52:00,183,183,183,183,0
2022-01-14 11:53:00,183,183,183,183,0
2022-01-14 11:54:00,183,183,183,183,0
2022-01-14 11:55:00,183,183,183,183,0
2022-01-14 11:56:00,183,183,183,183,0
2022-01-14 11:57:00,183,183,183,183,0
2022-01-14 11:58:00,183,183,183,183,0
2022-01-14 11:59:00,183,183,183,183,0
2022-01-14 12:00:00,183,183,183,183,0
2022-01-14 12:01:00,183,183,183,183,0
2022-01-14 12:02:00,183,183,183,183,0
2022-01-14 12:03:00,183,183,183,183,0
2022-01-14 12:04:00,183,183,183,183,0
2022-01-14 12:05:00,183,183,183,183,0
2022-01-14 12:06:00,183,183,183,183,0
2022-01-14 12:07:00,183,183,183,183,0
2022-01-14 12:08:00,183,183,183,183,0
2022-01-14 12:09:00,183,183,183,183,0
2022-01-14 12:10:00,183,183,183,183,0
2022-01-14 12:11:00,183,183,183,183,0
2022-01-14 12:12:00,183,183,183,183,0
2022-01-14 12:13:00,183,183,183,183,0
2022-01-14 12:14:00,183,183,183,183,0
2022-01-14 12:15:00,183,183,183,183,0
2022-01-14 12:16:00,183,183,183,183,0
2022-01-14 12:17:00,183,183,183,183,0
2022-01-14 12:18:00,183,183,183,183,0
2022-01-14 12:19:00,183,183,183,183,0
2022-01-14 12:20:00,183,183,183,183,0
2022-01-14 12:21:00,183,183,183,183,0
2022-01-14 12:22:00,183,183,183,183,0
2022-01-14 12:23:00,183,183,183,183,0
2022-01-14 12:24:00,183,183,183,183,0
2022-01-14 12:25:00,183,183,183,183,0
2022-01-14 12:26:00,183,183,183,183,0
2022-01-14 12:27:00,183,183,183,183,0
2022-01-14 12:28:00,183,183,183,183,0
2022-01-14 12:29:00,183,183,183,183,0
2022-01-14 12:30:00,183,183,183,183,0
2022-01-14 12:31:00,183,183,183,183,0
2022-01-14 12:32:00,183,183,183,183,0
2022-01-14 12:33:00,183,183,183,183,0
2022-01-14 12:34:00,183,183,183,183,0
2022-01-14 12:35:00,183,183,183,183,0
2022-01-14 12:36:00,183,183,183,183,0
2022-01-14 12:37:00,183,183,183,183,0
2022-01-14 12:38:00,183,183,183,183,0
2022-01-14 12:39:00,183,183,183,183,0
2022-01-14 12:40:00,183,183,183,183,0
2022-01-14 12:41:00,183,183,183,183,0
2022-01-14 12:42:00,183,183,183,183,0
2022-01-14 12:43:00,183,183,183,183,0
2022-01-14 12:44:00,183,183,183,183,0
2022-01-14 12:45:00,183,183,183,183,0
2022-01-14 12:46:00,183,183,183,183,0
2022-01-14 12:47:00,183,183,183,183,0
2022-01-14 12:48:00,183,183,183,183,0
2022-01-14 12:49:00,183,183,183,183,0
2022-01-14 12:50:00,183,183,183,183,0
2022-01-14 12:51:00,183,183,183,183,0
2022-01-14 12:52:00,183,183,183,183,0
2022-01-14 12:53:00,183,183,183,183,0
2022-01-14 12:54:00,183,183,183,183,0
2022-01-14 12:55:00,183,183,183,183,0
2022-01-14 12:56:00,183,183,183,183,0
2022-01-14 12:57:00,183,183,183,183,0
2022-01-14 12:58:00,183,183,183,183,0
2022-01-14 12:59:00,183,183,183,183,0
2022-01-14 13:00:00,183,183,183,183,0
2022-01-14 13:01:00,183,183,183,183,0
2022-01-14 13:02:00,183,183,183,183,0
2022-01-14 13:03:00,183,183,183,183,0
2022-01-14 13:04:00,183,183,183,183,0
2022-01-14 13:05:00,183,183,183,183,0
2022-01-14 13:06:00,183,183,183,183,0
2022-01-14 13:07:00,183,183,183,183,0
2022-01-14 13:08:00,183,183,183,183,0
2022-01-14 13:09:00,183,183,183,183,0
2022-01-14 13:10:00,183,183,183,183,0
2022-01-14 13:11:00,183,183,183,183,0
2022-01-14 13:12:00,183,183,183,183,0
2022-01-14 13:13:00,183,183,183,183,0
2022-01-14 13:14:00,183,183,183,183,0
2022-01-14 13:15:00,183,183,183,183,0
2022-01-14 13:16:00,183,183,183,183,0
2022-01-14 13:17:00,183,183,183,183,0
2022-01-14 13:18:00,183,183,183,183,0
2022-01-14 13:19:00,183,183,183,183,0
2022-01-14 13:20:00,183,183,183,183,0
2022-01-14 13:21:00,183,183,183,183,0
2022-01-14 13:22:00,183,183,183,183,0
2022-01-14 13:23:00,183,183,183,183,0
2022-01-14 13:24:00,183,183,183,183,0
2022-01-14 13:25:00,183,183,183,183,0
2022-01-14 13:26:00,183,183,183,183,0
2022-01-14 13:27:00,183,183,183,183,0
2022-01-14 13:28:00,183,183,183,183,0
2022-01-14 13:29:00,183,183,183,183,0
2022-01-14 13:30:00,184,183,184,183,6200
2022-01-14 13:31:00,184,183,184,183,0
2022-01-14 13:32:00,183,183,183,183,80000
2022-01-14 13:33:00,183,183,183,183,2000
2022-01-14 13:34:00,183,183,183,183,0
2022-01-14 13:35:00,183,183,183,183,0
2022-01-14 13:36:00,183,183,183,183,0
2022-01-14 13:37:00,183,183,183,183,0
2022-01-14 13:38:00,184,183,184,183,25100
2022-01-14 13:39:00,184,183,184,183,0
2022-01-14 13:40:00,184,183,184,183,0
2022-01-14 13:41:00,184,183,184,183,0
2022-01-14 13:42:00,184,183,184,183,0
2022-01-14 13:43:00,184,183,184,183,0
2022-01-14 13:44:00,184,183,184,183,0
2022-01-14 13:45:00,183,183,184,184,200
2022-01-14 13:46:00,183,183,184,184,0
2022-01-14 13:47:00,183,183,184,184,0
2022-01-14 13:48:00,184,184,184,184,1900
2022-01-14 13:49:00,184,184,184,184,100
2022-01-14 13:50:00,184,184,184,184,0
2022-01-14 13:51:00,184,184,184,184,0
2022-01-14 13:52:00,184,184,184,184,0
2022-01-14 13:53:00,184,184,184,184,0
2022-01-14 13:54:00,184,184,184,184,0
2022-01-14 13:55:00,184,184,184,184,0
2022-01-14 13:56:00,183,183,183,183,700
2022-01-14 13:57:00,183,183,183,183,0
2022-01-14 13:58:00,183,183,183,183,0
2022-01-14 13:59:00,183,183,183,183,0
2022-01-14 14:00:00,183,183,183,183,0
2022-01-14 14:01:00,183,183,183,183,0
2022-01-14 14:02:00,183,183,183,183,0
2022-01-14 14:03:00,183,183,183,183,0
2022-01-14 14:04:00,184,184,184,184,20000
2022-01-14 14:05:00,184,184,184,184,0
2022-01-14 14:06:00,184,184,184,184,0
2022-01-14 14:07:00,184,184,184,184,0
2022-01-14 14:08:00,184,184,184,184,0
2022-01-14 14:09:00,184,184,184,184,0
2022-01-14 14:10:00,184,184,184,184,0
2022-01-14 14:11:00,184,184,184,184,1000
2022-01-14 14:12:00,184,184,184,184,0
2022-01-14 14:13:00,184,184,184,184,0
2022-01-14 14:14:00,184,184,184,184,0
2022-01-14 14:15:00,184,184,184,184,0
2022-01-14 14:16:00,184,184,184,184,0
2022-01-14 14:17:00,184,184,184,184,0
2022-01-14 14:18:00,184,184,184,184,0
2022-01-14 14:19:00,184,184,184,184,0
2022-01-14 14:20:00,184,184,184,184,0
2022-01-14 14:21:00,184,184,184,184,0
2022-01-14 14:22:00,184,184,184,184,100
2022-01-14 14:23:00,184,184,184,184,0
2022-01-14 14:24:00,184,184,184,184,0
2022-01-14 14:25:00,184,184,184,184,0
2022-01-14 14:26:00,184,184,184,184,0
2022-01-14 14:27:00,184,184,184,184,0
2022-01-14 14:28:00,184,184,184,184,0
2022-01-14 14:29:00,184,184,184,184,0
2022-01-14 14:30:00,184,184,184,184,0
2022-01-14 14:31:00,184,184,184,184,0
2022-01-14 14:32:00,184,184,184,184,0
2022-01-14 14:33:00,184,184,184,184,0
2022-01-14 14:34:00,184,183,184,183,74300
2022-01-14 14:35:00,184,184,184,184,120000
2022-01-14 14:36:00,184,184,184,184,100000
2022-01-14 14:37:00,184,184,184,184,2500
2022-01-14 14:38:00,184,184,184,184,2000
2022-01-14 14:39:00,184,184,184,184,0
2022-01-14 14:40:00,184,184,184,184,4500
2022-01-14 14:41:00,184,184,184,184,0
2022-01-14 14:42:00,184,184,184,184,0
2022-01-14 14:43:00,184,184,184,184,300
2022-01-14 14:44:00,184,184,184,184,0
2022-01-14 14:45:00,184,184,184,184,0
2022-01-14 14:46:00,184,184,184,184,0
2022-01-14 14:47:00,183,183,183,183,100
2022-01-14 14:48:00,183,183,183,183,0
2022-01-14 14:49:00,183,183,184,184,90500
2022-01-14 14:50:00,183,183,184,184,0
2022-01-14 14:51:00,183,183,184,184,0
2022-01-14 14:52:00,183,183,184,184,0
2022-01-14 14:53:00,183,183,184,184,0
2022-01-14 14:54:00,183,183,184,184,0
2022-01-14 14:55:00,183,183,184,184,0
2022-01-14 14:56:00,183,183,184,184,0
2022-01-14 14:57:00,183,183,184,184,0
2022-01-14 14:58:00,183,183,184,184,0
2022-01-14 14:59:00,183,183,184,184,0
2022-01-14 15:00:00,184,184,184,184,52600
2022-01-14 15:01:00,184,184,184,184,0
2022-01-14 15:02:00,184,184,184,184,0
2022-01-14 15:03:00,184,184,184,184,1000
2022-01-14 15:04:00,184,184,184,184,0
2022-01-14 15:05:00,184,184,184,184,0
2022-01-14 15:06:00,184,184,184,184,0
2022-01-14 15:07:00,184,184,184,184,0
2022-01-14 15:08:00,184,184,184,184,100
2022-01-14 15:09:00,184,184,184,184,800
2022-01-14 15:10:00,184,184,184,184,0
2022-01-14 15:11:00,184,184,184,184,0
2022-01-14 15:12:00,184,184,184,184,0
2022-01-14 15:13:00,184,184,184,184,0
2022-01-14 15:14:00,184,184,184,184,0
2022-01-14 15:15:00,184,184,184,184,0
2022-01-14 15:16:00,184,184,184,184,0
2022-01-14 15:17:00,184,184,184,184,0
2022-01-14 15:18:00,184,184,184,184,0
2022-01-14 15:19:00,184,184,184,184,0
2022-01-14 15:20:00,184,184,184,184,0
2022-01-14 15:21:00,184,184,184,184,0
2022-01-14 15:22:00,184,184,184,184,0
2022-01-14 15:23:00,184,184,184,184,0
2022-01-14 15:24:00,184,184,184,184,0
2022-01-14 15:25:00,184,184,184,184,0
2022-01-14 15:26:00,184,184,184,184,0
2022-01-14 15:27:00,184,184,184,184,0
2022-01-14 15:28:00,184,184,184,184,0
2022-01-14 15:29:00,184,184,184,184,0
2022-01-14 15:30:00,184,184,184,184,0
2022-01-14 15:31:00,184,184,184,184,0
2022-01-14 15:32:00,184,184,184,184,0
2022-01-14 15:33:00,184,184,184,184,0
2022-01-14 15:34:00,184,184,184,184,0
2022-01-14 15:35:00,184,184,184,184,0
2022-01-14 15:36:00,184,184,184,184,0
2022-01-14 15:37:00,184,184,184,184,0
2022-01-14 15:38:00,184,184,184,184,0
2022-01-14 15:39:00,184,184,184,184,0
2022-01-14 15:40:00,184,184,184,184,0
2022-01-14 15:41:00,184,184,184,184,0
2022-01-14 15:42:00,184,184,184,184,0
2022-01-14 15:43:00,184,184,184,184,0
2022-01-14 15:44:00,184,184,184,184,0
2022-01-14 15:45:00,184,184,184,184,0
2022-01-14 15:46:00,184,184,184,184,0
2022-01-14 15:47:00,184,184,184,184,0
2022-01-14 15:48:00,184,184,184,184,0
2022-01-14 15:49:00,184,184,184,184,0
2022-01-14 15:50:00,184,184,184,184,0
2022-01-14 15:51:00,184,184,184,184,0
2022-01-14 15:52:00,184,184,184,184,0
2022-01-14 15:53:00,184,184,184,184,0
2022-01-14 15:54:00,184,184,184,184,0
2022-01-14 15:55:00,184,184,184,184,0
2022-01-14 15:56:00,184,184,184,184,0
2022-01-14 15:57:00,184,184,184,184,0
2022-01-14 15:58:00,184,184,184,184,0
2022-01-14 15:59:00,184,184,184,184,0
2022-01-17 09:00:00,186,184,198,185,0
2022-01-17 09:01:00,185,185,185,185,100
2022-01-17 09:02:00,185,185,185,185,0
2022-01-17 09:03:00,185,185,185,185,2600
2022-01-17 09:04:00,185,184,185,184,96500
2022-01-17 09:05:00,185,185,185,185,200
2022-01-17 09:06:00,185,185,185,185,0
2022-01-17 09:07:00,185,185,185,185,0
2022-01-17 09:08:00,185,185,185,185,0
2022-01-17 09:09:00,185,185,185,185,0
2022-01-17 09:10:00,185,185,185,185,2500
2022-01-17 09:11:00,184,184,185,185,5200
2022-01-17 09:12:00,184,184,185,185,0
2022-01-17 09:13:00,184,184,185,185,0
2022-01-17 09:14:00,185,185,185,185,300
2022-01-17 09:15:00,185,185,185,185,0
2022-01-17 09:16:00,185,184,185,184,6200
2022-01-17 09:17:00,185,184,185,184,0
2022-01-17 09:18:00,185,184,185,184,0
2022-01-17 09:19:00,184,184,184,184,18700
2022-01-17 09:20:00,184,183,184,183,40000
2022-01-17 09:21:00,184,184,184,184,5100
2022-01-17 09:22:00,184,184,184,184,2500
2022-01-17 09:23:00,184,184,184,184,2100
2022-01-17 09:24:00,184,184,184,184,11600
2022-01-17 09:25:00,184,184,184,184,0
2022-01-17 09:26:00,184,184,184,184,0
2022-01-17 09:27:00,185,185,185,185,2000
2022-01-17 09:28:00,185,185,185,185,0
2022-01-17 09:29:00,185,185,185,185,0
2022-01-17 09:30:00,185,185,185,185,50000
2022-01-17 09:31:00,185,185,185,185,0
2022-01-17 09:32:00,185,185,185,185,0
2022-01-17 09:33:00,185,185,185,185,0
2022-01-17 09:34:00,185,185,185,185,0
2022-01-17 09:35:00,185,185,185,185,0
2022-01-17 09:36:00,185,185,185,185,10000
2022-01-17 09:37:00,185,185,185,185,0
2022-01-17 09:38:00,185,185,186,186,62300
2022-01-17 09:39:00,186,186,186,186,100
2022-01-17 09:40:00,186,186,186,186,48600
2022-01-17 09:41:00,186,186,186,186,114700
2022-01-17 09:42:00,186,186,186,186,0
2022-01-17 09:43:00,186,186,186,186,0
2022-01-17 09:44:00,186,186,186,186,0
2022-01-17 09:45:00,186,186,186,186,700
2022-01-17 09:46:00,186,186,186,186,12000
2022-01-17 09:47:00,186,186,186,186,0
2022-01-17 09:48:00,186,186,186,186,0
2022-01-17 09:49:00,186,186,186,186,0
2022-01-17 09:50:00,186,186,186,186,0
2022-01-17 09:51:00,186,186,186,186,0
2022-01-17 09:52:00,186,186,186,186,0
2022-01-17 09:53:00,185,185,185,185,1000
2022-01-17 09:54:00,185,185,185,185,4000
2022-01-17 09:55:00,185,185,185,185,0
2022-01-17 09:56:00,185,185,185,185,0
2022-01-17 09:57:00,185,185,185,185,0
2022-01-17 09:58:00,185,185,185,185,2500
2022-01-17 09:59:00,185,185,185,185,0
2022-01-17 10:00:00,185,185,185,185,0
2022-01-17 10:01:00,185,185,185,185,0
2022-01-17 10:02:00,185,185,185,185,0
2022-01-17 10:03:00,185,185,185,185,0
2022-01-17 10:04:00,185,185,185,185,0
2022-01-17 10:05:00,185,185,185,185,100
2022-01-17 10:06:00,185,185,185,185,0
2022-01-17 10:07:00,185,185,185,185,700
2022-01-17 10:08:00,185,185,185,185,0
2022-01-17 10:09:00,185,185,185,185,0
2022-01-17 10:10:00,186,186,186,186,100
2022-01-17 10:11:00,185,185,185,185,8600
2022-01-17 10:12:00,185,185,185,185,0
2022-01-17 10:13:00,185,185,185,185,0
2022-01-17 10:14:00,185,185,185,185,0
2022-01-17 10:15:00,185,185,185,185,1000
2022-01-17 10:16:00,185,185,185,185,0
2022-01-17 10:17:00,185,185,185,185,0
2022-01-17 10:18:00,185,185,185,185,0
2022-01-17 10:19:00,185,185,185,185,1000
2022-01-17 10:20:00,185,185,185,185,0
2022-01-17 10:21:00,185,185,185,185,1000
2022-01-17 10:22:00,185,185,185,185,0
2022-01-17 10:23:00,185,185,185,185,0
2022-01-17 10:24:00,185,185,185,185,0
2022-01-17 10:25:00,185,185,185,185,100
2022-01-17 10:26:00,185,185,185,185,0
2022-01-17 10:27:00,185,185,185,185,1500
2022-01-17 10:28:00,185,185,185,185,0
2022-01-17 10:29:00,184,184,184,184,96300
2022-01-17 10:30:00,184,184,184,184,0
2022-01-17 10:31:00,184,184,184,184,0
2022-01-17 10:32:00,184,184,184,184,0
2022-01-17 10:33:00,184,184,184,184,0
2022-01-17 10:34:00,184,184,185,185,16200
2022-01-17 10:35:00,184,184,185,185,0
2022-01-17 10:36:00,184,184,185,185,0
2022-01-17 10:37:00,184,184,185,185,0
2022-01-17 10:38:00,184,184,185,185,0
2022-01-17 10:39:00,184,184,185,185,0
2022-01-17 10:40:00,184,184,185,185,0
2022-01-17 10:41:00,184,184,185,185,0
2022-01-17 10:42:00,185,185,185,185,3000
2022-01-17 10:43:00,185,185,185,185,0
2022-01-17 10:44:00,185,184,185,184,16100
2022-01-17 10:45:00,185,184,185,184,0
2022-01-17 10:46:00,185,184,185,184,0
2022-01-17 10:47:00,185,184,185,184,0
2022-01-17 10:48:00,185,184,185,184,0
2022-01-17 10:49:00,185,185,185,185,300
2022-01-17 10:50:00,185,185,185,185,0
2022-01-17 10:51:00,184,184,184,184,5200
2022-01-17 10:52:00,184,184,184,184,0
2022-01-17 10:53:00,184,184,184,184,0
2022-01-17 10:54:00,184,184,184,184,400000
2022-01-17 10:55:00,185,185,185,185,5000
2022-01-17 10:56:00,185,185,185,185,0
2022-01-17 10:57:00,185,185,185,185,0
2022-01-17 10:58:00,184,184,184,184,3300
2022-01-17 10:59:00,184,184,184,184,0
2022-01-17 11:00:00,184,184,184,184,0
2022-01-17 11:01:00,184,184,184,184,0
2022-01-17 11:02:00,184,184,184,184,0
2022-01-17 11:03:00,184,184,184,184,0
2022-01-17 11:04:00,184,184,184,184,200
2022-01-17 11:05:00,184,184,184,184,200
2022-01-17 11:06:00,184,184,184,184,0
2022-01-17 11:07:00,184,184,184,184,0
2022-01-17 11:08:00,184,184,184,184,5000
2022-01-17 11:09:00,184,184,184,184,0
2022-01-17 11:10:00,184,184,184,184,5000
2022-01-17 11:11:00,184,184,184,184,300
2022-01-17 11:12:00,184,184,184,184,0
2022-01-17 11:13:00,184,184,184,184,0
2022-01-17 11:14:00,184,184,184,184,0
2022-01-17 11:15:00,184,184,184,184,5500
2022-01-17 11:16:00,184,184,184,184,0
2022-01-17 11:17:00,184,184,184,184,0
2022-01-17 11:18:00,184,184,184,184,0
2022-01-17 11:19:00,184,184,184,184,0
2022-01-17 11:20:00,184,184,184,184,0
2022-01-17 11:21:00,184,184,184,184,0
2022-01-17 11:22:00,184,184,184,184,0
2022-01-17 11:23:00,184,184,184,184,0
2022-01-17 11:24:00,185,185,185,185,500
2022-01-17 11:25:00,185,185,185,185,0
2022-01-17 11:26:00,185,185,185,185,0
2022-01-17 11:27:00,185,185,185,185,0
2022-01-17 11:28:00,185,185,185,185,200
2022-01-17 11:29:00,185,185,185,185,0
2022-01-17 11:30:00,185,185,185,185,0
2022-01-17 11:31:00,185,185,185,185,0
2022-01-17 11:32:00,185,185,185,185,0
2022-01-17 11:33:00,185,185,185,185,0
2022-01-17 11:34:00,185,185,185,185,0
2022-01-17 11:35:00,185,185,185,185,0
2022-01-17 11:36:00,185,185,185,185,0
2022-01-17 11:37:00,185,185,185,185,0
2022-01-17 11:38:00,185,185,185,185,0
2022-01-17 11:39:00,185,185,185,185,0
2022-01-17 11:40:00,185,185,185,185,0
2022-01-17 11:41:00,185,185,185,185,0
2022-01-17 11:42:00,185,185,185,185,0
2022-01-17 11:43:00,185,185,185,185,0
2022-01-17 11:44:00,185,185,185,185,0
2022-01-17 11:45:00,185,185,185,185,0
2022-01-17 11:46:00,185,185,185,185,0
2022-01-17 11:47:00,185,185,185,185,0
2022-01-17 11:48:00,185,185,185,185,0
2022-01-17 11:49:00,185,185,185,185,0
2022-01-17 11:50:00,185,185,185,185,0
2022-01-17 11:51:00,185,185,185,185,0
2022-01-17 11:52:00,185,185,185,185,0
2022-01-17 11:53:00,185,185,185,185,0
2022-01-17 11:54:00,185,185,185,185,0
2022-01-17 11:55:00,185,185,185,185,0
2022-01-17 11:56:00,185,185,185,185,0
2022-01-17 11:57:00,185,185,185,185,0
2022-01-17 11:58:00,185,185,185,185,0
2022-01-17 11:59:00,185,185,185,185,0
2022-01-17 12:00:00,185,185,185,185,0
2022-01-17 12:01:00,185,185,185,185,0
2022-01-17 12:02:00,185,185,185,185,0
2022-01-17 12:03:00,185,185,185,185,0
2022-01-17 12:04:00,185,185,185,185,0
2022-01-17 12:05:00,185,185,185,185,0
2022-01-17 12:06:00,185,185,185,185,0
2022-01-17 12:07:00,185,185,185,185,0
2022-01-17 12:08:00,185,185,185,185,0
2022-01-17 12:09:00,185,185,185,185,0
2022-01-17 12:10:00,185,185,185,185,0
2022-01-17 12:11:00,185,185,185,185,0
2022-01-17 12:12:00,185,185,185,185,0
2022-01-17 12:13:00,185,185,185,185,0
2022-01-17 12:14:00,185,185,185,185,0
2022-01-17 12:15:00,185,185,185,185,0
2022-01-17 12:16:00,185,185,185,185,0
2022-01-17 12:17:00,185,185,185,185,0
2022-01-17 12:18:00,185,185,185,185,0
2022-01-17 12:19:00,185,185,185,185,0
2022-01-17 12:20:00,185,185,185,185,0
2022-01-17 12:21:00,185,185,185,185,0
2022-01-17 12:22:00,185,185,185,185,0
2022-01-17 12:23:00,185,185,185,185,0
2022-01-17 12:24:00,185,185,185,185,0
2022-01-17 12:25:00,185,185,185,185,0
2022-01-17 12:26:00,185,185,185,185,0
2022-01-17 12:27:00,185,185,185,185,0
2022-01-17 12:28:00,185,185,185,185,0
2022-01-17 12:29:00,185,185,185,185,0
2022-01-17 12:30:00,185,185,185,185,0
2022-01-17 12:31:00,185,185,185,185,0
2022-01-17 12:32:00,185,185,185,185,0
2022-01-17 12:33:00,185,185,185,185,0
2022-01-17 12:34:00,185,185,185,185,0
2022-01-17 12:35:00,185,185,185,185,0
2022-01-17 12:36:00,185,185,185,185,0
2022-01-17 12:37:00,185,185,185,185,0
2022-01-17 12:38:00,185,185,185,185,0
2022-01-17 12:39:00,185,185,185,185,0
2022-01-17 12:40:00,185,185,185,185,0
2022-01-17 12:41:00,185,185,185,185,0
2022-01-17 12:42:00,185,185,185,185,0
2022-01-17 12:43:00,185,185,185,185,0
2022-01-17 12:44:00,185,185,185,185,0
2022-01-17 12:45:00,185,185,185,185,0
2022-01-17 12:46:00,185,185,185,185,0
2022-01-17 12:47:00,185,185,185,185,0
2022-01-17 12:48:00,185,185,185,185,0
2022-01-17 12:49:00,185,185,185,185,0
2022-01-17 12:50:00,185,185,185,185,0
2022-01-17 12:51:00,185,185,185,185,0
2022-01-17 12:52:00,185,185,185,185,0
2022-01-17 12:53:00,185,185,185,185,0
2022-01-17 12:54:00,185,185,185,185,0
2022-01-17 12:55:00,185,185,185,185,0
2022-01-17 12:56:00,185,185,185,185,0
2022-01-17 12:57:00,185,185,185,185,0
2022-01-17 12:58:00,185,185,185,185,0
2022-01-17 12:59:00,185,185,185,185,0
2022-01-17 13:00:00,185,185,185,185,0
2022-01-17 13:01:00,185,185,185,185,0
2022-01-17 13:02:00,185,185,185,185,0
2022-01-17 13:03:00,185,185,185,185,0
2022-01-17 13:04:00,185,185,185,185,0
2022-01-17 13:05:00,185,185,185,185,0
2022-01-17 13:06:00,185,185,185,185,0
2022-01-17 13:07:00,185,185,185,185,0
2022-01-17 13:08:00,185,185,185,185,0
2022-01-17 13:09:00,185,185,185,185,0
2022-01-17 13:10:00,185,185,185,185,0
2022-01-17 13:11:00,185,185,185,185,0
2022-01-17 13:12:00,185,185,185,185,0
2022-01-17 13:13:00,185,185,185,185,0
2022-01-17 13:14:00,185,185,185,185,0
2022-01-17 13:15:00,185,185,185,185,0
2022-01-17 13:16:00,185,185,185,185,0
2022-01-17 13:17:00,185,185,185,185,0
2022-01-17 13:18:00,185,185,185,185,0
2022-01-17 13:19:00,185,185,185,185,0
2022-01-17 13:20:00,185,185,185,185,0
2022-01-17 13:21:00,185,185,185,185,0
2022-01-17 13:22:00,185,185,185,185,0
2022-01-17 13:23:00,185,185,185,185,0
2022-01-17 13:24:00,185,185,185,185,0
2022-01-17 13:25:00,185,185,185,185,0
2022-01-17 13:26:00,185,185,185,185,0
2022-01-17 13:27:00,185,185,185,185,0
2022-01-17 13:28:00,185,185,185,185,0
2022-01-17 13:29:00,185,185,185,185,0
2022-01-17 13:30:00,184,184,185,185,41100
2022-01-17 13:31:00,184,184,185,185,0
2022-01-17 13:32:00,184,184,185,185,0
2022-01-17 13:33:00,184,184,185,185,0
2022-01-17 13:34:00,184,184,185,185,0
2022-01-17 13:35:00,184,184,184,184,4900
2022-01-17 13:36:00,184,184,184,184,64800
2022-01-17 13:37:00,184,184,184,184,0
2022-01-17 13:38:00,184,184,184,184,245100
2022-01-17 13:39:00,184,184,184,184,0
2022-01-17 13:40:00,184,184,184,184,1100
2022-01-17 13:41:00,184,184,184,184,0
2022-01-17 13:42:00,184,184,184,184,0
2022-01-17 13:43:00,184,184,184,184,0
2022-01-17 13:44:00,183,183,183,183,4200
2022-01-17 13:45:00,183,183,183,183,0
2022-01-17 13:46:00,183,183,183,183,0
2022-01-17 13:47:00,184,184,184,184,10000
2022-01-17 13:48:00,184,184,184,184,0
2022-01-17 13:49:00,184,184,184,184,0
2022-01-17 13:50:00,184,184,184,184,0
2022-01-17 13:51:00,184,183,184,183,34500
2022-01-17 13:52:00,183,183,183,183,2500
2022-01-17 13:53:00,183,183,183,183,0
2022-01-17 13:54:00,183,183,183,183,0
2022-01-17 13:55:00,183,183,183,183,100000
2022-01-17 13:56:00,183,183,183,183,0
2022-01-17 13:57:00,183,183,183,183,0
2022-01-17 13:58:00,183,183,183,183,0
2022-01-17 13:59:00,183,183,183,183,0
2022-01-17 14:00:00,183,183,183,183,500
2022-01-17 14:01:00,183,183,183,183,16100
2022-01-17 14:02:00,183,182,183,182,330000
2022-01-17 14:03:00,182,182,183,183,52500
2022-01-17 14:04:00,182,182,183,183,0
2022-01-17 14:05:00,183,183,183,183,400
2022-01-17 14:06:00,183,183,183,183,0
2022-01-17 14:07:00,183,183,183,183,0
2022-01-17 14:08:00,183,183,183,183,1000
2022-01-17 14:09:00,183,183,183,183,0
2022-01-17 14:10:00,183,183,183,183,0
2022-01-17 14:11:00,183,183,183,183,0
2022-01-17 14:12:00,184,184,184,184,6000
2022-01-17 14:13:00,184,184,184,184,0
2022-01-17 14:14:00,183,183,183,183,100
2022-01-17 14:15:00,183,183,183,183,100
2022-01-17 14:16:00,183,183,183,183,0
2022-01-17 14:17:00,182,181,182,181,483000
2022-01-17 14:18:00,183,183,183,183,30000
2022-01-17 14:19:00,183,183,183,183,0
2022-01-17 14:20:00,183,183,183,183,5000
2022-01-17 14:21:00,183,183,183,183,0
2022-01-17 14:22:00,182,181,182,181,45000
2022-01-17 14:23:00,181,180,181,180,451400
2022-01-17 14:24:00,180,180,180,180,12100
2022-01-17 14:25:00,181,180,183,180,62900
2022-01-17 14:26:00,183,183,183,183,4600
2022-01-17 14:27:00,183,183,183,183,0
2022-01-17 14:28:00,183,183,183,183,0
2022-01-17 14:29:00,181,181,181,181,25000
2022-01-17 14:30:00,181,181,181,181,0
2022-01-17 14:31:00,182,182,182,182,7300
2022-01-17 14:32:00,182,182,182,182,1500
2022-01-17 14:33:00,181,181,181,181,25000
2022-01-17 14:34:00,181,181,181,181,3300
2022-01-17 14:35:00,182,182,182,182,100
2022-01-17 14:36:00,181,181,182,182,600
2022-01-17 14:37:00,181,181,181,181,100
2022-01-17 14:38:00,181,181,181,181,0
2022-01-17 14:39:00,181,181,181,181,0
2022-01-17 14:40:00,181,180,181,180,25000
2022-01-17 14:41:00,181,180,181,180,15000
2022-01-17 14:42:00,181,180,182,180,24200
2022-01-17 14:43:00,182,180,182,182,60700
2022-01-17 14:44:00,182,182,183,182,16400
2022-01-17 14:45:00,183,181,183,181,10100
2022-01-17 14:46:00,183,181,183,181,0
2022-01-17 14:47:00,182,182,182,182,7400
2022-01-17 14:48:00,183,182,183,182,24500
2022-01-17 14:49:00,183,183,183,183,100
2022-01-17 14:50:00,183,183,183,183,0
2022-01-17 14:51:00,183,183,183,183,0
2022-01-17 14:52:00,183,183,183,183,0
2022-01-17 14:53:00,183,183,183,183,0
2022-01-17 14:54:00,183,183,183,183,0
2022-01-17 14:55:00,183,183,183,183,0
2022-01-17 14:56:00,183,183,183,183,0
2022-01-17 14:57:00,183,183,183,183,0
2022-01-17 14:58:00,183,183,183,183,0
2022-01-17 14:59:00,183,183,183,183,0
2022-01-17 15:00:00,181,181,181,181,218600
2022-01-17 15:01:00,181,181,181,181,153500
2022-01-17 15:02:00,181,181,181,181,154100
2022-01-17 15:03:00,181,181,181,181,9800
2022-01-17 15:04:00,181,181,181,181,31000
2022-01-17 15:05:00,181,181,181,181,5000
2022-01-17 15:06:00,181,181,181,181,100000
2022-01-17 15:07:00,181,181,181,181,0
2022-01-17 15:08:00,181,181,181,181,0
2022-01-17 15:09:00,181,181,181,181,0
2022-01-17 15:10:00,181,181,181,181,12500
2022-01-17 15:11:00,181,181,181,181,0
2022-01-17 15:12:00,181,181,181,181,2500
2022-01-17 15:13:00,181,181,181,181,100
2022-01-17 15:14:00,181,181,181,181,0
2022-01-17 15:15:00,181,181,181,181,0
2022-01-17 15:16:00,181,181,181,181,0
2022-01-17 15:17:00,181,181,181,181,0
2022-01-17 15:18:00,181,181,181,181,0
2022-01-17 15:19:00,181,181,181,181,0
2022-01-17 15:20:00,181,181,181,181,0
2022-01-17 15:21:00,181,181,181,181,0
2022-01-17 15:22:00,181,181,181,181,0
2022-01-17 15:23:00,181,181,181,181,0
2022-01-17 15:24:00,181,181,181,181,0
2022-01-17 15:25:00,181,181,181,181,0
2022-01-17 15:26:00,181,181,181,181,0
2022-01-17 15:27:00,181,181,181,181,0
2022-01-17 15:28:00,181,181,181,181,0
2022-01-17 15:29:00,181,181,181,181,0
2022-01-17 15:30:00,181,181,181,181,0
2022-01-17 15:31:00,181,181,181,181,0
2022-01-17 15:32:00,181,181,181,181,0
2022-01-17 15:33:00,181,181,181,181,0
2022-01-17 15:34:00,181,181,181,181,0
2022-01-17 15:35:00,181,181,181,181,0
2022-01-17 15:36:00,181,181,181,181,0
2022-01-17 15:37:00,181,181,181,181,0
2022-01-17 15:38:00,181,181,181,181,0
2022-01-17 15:39:00,181,181,181,181,0
2022-01-17 15:40:00,181,181,181,181,0
2022-01-17 15:41:00,181,181,181,181,0
2022-01-17 15:42:00,181,181,181,181,0
2022-01-17 15:43:00,181,181,181,181,0
2022-01-17 15:44:00,181,181,181,181,0
2022-01-17 15:45:00,181,181,181,181,0
2022-01-17 15:46:00,181,181,181,181,0
2022-01-17 15:47:00,181,181,181,181,0
2022-01-17 15:48:00,181,181,181,181,0
2022-01-17 15:49:00,181,181,181,181,0
2022-01-17 15:50:00,181,181,181,181,0
2022-01-17 15:51:00,181,181,181,181,0
2022-01-17 15:52:00,181,181,181,181,0
2022-01-17 15:53:00,181,181,181,181,0
2022-01-17 15:54:00,181,181,181,181,0
2022-01-17 15:55:00,181,181,181,181,0
2022-01-17 15:56:00,181,181,181,181,0
2022-01-17 15:57:00,181,181,181,181,0
2022-01-17 15:58:00,181,181,181,181,0
2022-01-17 15:59:00,181,181,181,181,0
2022-01-18 09:00:00,181,180,182,181,0
2022-01-18 09:01:00,181,181,181,181,100
2022-01-18 09:02:00,181,181,181,181,0
2022-01-18 09:03:00,181,181,181,181,0
2022-01-18 09:04:00,182,181,182,181,8600
2022-01-18 09:05:00,182,181,182,181,0
2022-01-18 09:06:00,182,181,182,181,0
2022-01-18 09:07:00,182,181,182,181,0
2022-01-18 09:08:00,182,181,182,181,0
2022-01-18 09:09:00,182,181,182,181,0
2022-01-18 09:10:00,182,181,182,181,0
2022-01-18 09:11:00,181,181,181,181,5000
2022-01-18 09:12:00,182,182,182,182,200
2022-01-18 09:13:00,182,182,182,182,227600
2022-01-18 09:14:00,182,182,182,182,0
2022-01-18 09:15:00,183,182,183,182,600
2022-01-18 09:16:00,183,182,183,182,14100
2022-01-18 09:17:00,183,182,183,182,0
2022-01-18 09:18:00,182,182,182,182,1100
2022-01-18 09:19:00,182,182,182,182,0
2022-01-18 09:20:00,183,183,183,183,700
2022-01-18 09:21:00,183,183,183,183,0
2022-01-18 09:22:00,182,182,182,182,1100
2022-01-18 09:23:00,182,182,182,182,26500
2022-01-18 09:24:00,182,182,182,182,3500
2022-01-18 09:25:00,182,182,182,182,0
2022-01-18 09:26:00,182,182,182,182,500
2022-01-18 09:27:00,182,182,182,182,0
2022-01-18 09:28:00,182,182,182,182,0
2022-01-18 09:29:00,181,181,181,181,20000
2022-01-18 09:30:00,181,181,181,181,19400
2022-01-18 09:31:00,182,181,182,181,4600
2022-01-18 09:32:00,181,181,181,181,129800
2022-01-18 09:33:00,181,181,181,181,0
2022-01-18 09:34:00,181,181,181,181,0
2022-01-18 09:35:00,181,181,181,181,2300
2022-01-18 09:36:00,181,181,181,181,0
2022-01-18 09:37:00,181,181,181,181,10000
2022-01-18 09:38:00,181,181,181,181,0
2022-01-18 09:39:00,181,181,181,181,0
2022-01-18 09:40:00,181,181,181,181,21000
2022-01-18 09:41:00,182,182,182,182,10000
2022-01-18 09:42:00,181,181,182,182,600
2022-01-18 09:43:00,181,181,182,182,0
2022-01-18 09:44:00,182,182,182,182,5800
2022-01-18 09:45:00,182,182,182,182,5000
2022-01-18 09:46:00,182,182,182,182,0
2022-01-18 09:47:00,182,182,182,182,0
2022-01-18 09:48:00,182,182,182,182,35000
2022-01-18 09:49:00,182,182,182,182,500
2022-01-18 09:50:00,182,182,182,182,0
2022-01-18 09:51:00,182,182,182,182,1100
2022-01-18 09:52:00,182,182,182,182,0
2022-01-18 09:53:00,182,182,182,182,0
2022-01-18 09:54:00,182,182,182,182,0
2022-01-18 09:55:00,182,182,182,182,0
2022-01-18 09:56:00,181,181,181,181,98100
2022-01-18 09:57:00,181,181,181,181,7000
2022-01-18 09:58:00,181,181,181,181,0
2022-01-18 09:59:00,181,181,181,181,4000
2022-01-18 10:00:00,181,181,181,181,0
2022-01-18 10:01:00,181,181,181,181,0
2022-01-18 10:02:00,181,181,181,181,5000
2022-01-18 10:03:00,181,181,181,181,0
2022-01-18 10:04:00,181,181,181,181,0
2022-01-18 10:05:00,181,181,181,181,18100
2022-01-18 10:06:00,181,181,181,181,0
2022-01-18 10:07:00,181,181,181,181,0
2022-01-18 10:08:00,181,181,181,181,0
2022-01-18 10:09:00,181,181,181,181,0
2022-01-18 10:10:00,181,181,181,181,0
2022-01-18 10:11:00,181,181,181,181,0
2022-01-18 10:12:00,181,181,181,181,0
2022-01-18 10:13:00,181,181,181,181,0
2022-01-18 10:14:00,181,181,181,181,0
2022-01-18 10:15:00,181,181,181,181,100
2022-01-18 10:16:00,181,181,181,181,0
2022-01-18 10:17:00,181,181,181,181,0
2022-01-18 10:18:00,181,181,181,181,35000
2022-01-18 10:19:00,182,181,182,181,100200
2022-01-18 10:20:00,181,181,181,181,1000
2022-01-18 10:21:00,181,181,181,181,0
2022-01-18 10:22:00,181,181,181,181,0
2022-01-18 10:23:00,181,181,181,181,0
2022-01-18 10:24:00,181,181,181,181,100
2022-01-18 10:25:00,181,181,181,181,0
2022-01-18 10:26:00,181,181,181,181,3000
2022-01-18 10:27:00,181,181,181,181,0
2022-01-18 10:28:00,181,181,181,181,0
2022-01-18 10:29:00,181,181,181,181,0
2022-01-18 10:30:00,181,181,181,181,0
2022-01-18 10:31:00,181,181,181,181,0
2022-01-18 10:32:00,181,181,181,181,0
2022-01-18 10:33:00,181,181,181,181,0
2022-01-18 10:34:00,181,181,181,181,0
2022-01-18 10:35:00,181,181,181,181,500
2022-01-18 10:36:00,181,181,181,181,0
2022-01-18 10:37:00,181,181,181,181,0
2022-01-18 10:38:00,181,181,181,181,0
2022-01-18 10:39:00,181,181,181,181,130000
2022-01-18 10:40:00,181,181,181,181,5000
2022-01-18 10:41:00,182,182,182,182,300
2022-01-18 10:42:00,182,182,182,182,0
2022-01-18 10:43:00,182,182,182,182,0
2022-01-18 10:44:00,182,182,182,182,0
2022-01-18 10:45:00,182,182,182,182,1700
2022-01-18 10:46:00,182,182,182,182,0
2022-01-18 10:47:00,181,181,181,181,3600
2022-01-18 10:48:00,181,181,181,181,4000
2022-01-18 10:49:00,181,181,181,181,0
2022-01-18 10:50:00,181,181,181,181,0
2022-01-18 10:51:00,181,181,181,181,0
2022-01-18 10:52:00,181,181,181,181,25000
2022-01-18 10:53:00,181,181,181,181,0
2022-01-18 10:54:00,181,181,181,181,0
2022-01-18 10:55:00,181,181,181,181,0
2022-01-18 10:56:00,181,181,181,181,0
2022-01-18 10:57:00,182,182,182,182,100
2022-01-18 10:58:00,182,182,182,182,0
2022-01-18 10:59:00,182,182,182,182,5500
2022-01-18 11:00:00,182,182,182,182,200
2022-01-18 11:01:00,182,182,182,182,0
2022-01-18 11:02:00,182,182,182,182,0
2022-01-18 11:03:00,182,182,182,182,0
2022-01-18 11:04:00,182,182,182,182,0
2022-01-18 11:05:00,182,182,182,182,0
2022-01-18 11:06:00,181,181,181,181,159100
2022-01-18 11:07:00,181,181,181,181,0
2022-01-18 11:08:00,181,181,181,181,0
2022-01-18 11:09:00,181,181,181,181,10000
2022-01-18 11:10:00,181,181,181,181,10000
2022-01-18 11:11:00,181,181,181,181,200000
2022-01-18 11:12:00,181,181,181,181,81500
2022-01-18 11:13:00,180,180,180,180,54500
2022-01-18 11:14:00,180,180,180,180,10000
2022-01-18 11:15:00,180,180,180,180,0
2022-01-18 11:16:00,180,177,180,177,543000
2022-01-18 11:17:00,178,177,178,178,21200
2022-01-18 11:18:00,178,177,178,177,10500
2022-01-18 11:19:00,178,178,178,178,180300
2022-01-18 11:20:00,178,178,178,178,0
2022-01-18 11:21:00,178,178,178,178,70000
2022-01-18 11:22:00,178,178,178,178,34000
2022-01-18 11:23:00,178,177,179,179,13600
2022-01-18 11:24:00,178,177,178,178,300
2022-01-18 11:25:00,178,178,178,178,500
2022-01-18 11:26:00,177,177,178,178,150100
2022-01-18 11:27:00,177,177,178,178,12500
2022-01-18 11:28:00,177,177,177,177,50000
2022-01-18 11:29:00,177,177,177,177,7500
2022-01-18 11:30:00,177,177,177,177,0
2022-01-18 11:31:00,177,177,177,177,0
2022-01-18 11:32:00,177,177,177,177,0
2022-01-18 11:33:00,177,177,177,177,0
2022-01-18 11:34:00,177,177,177,177,0
2022-01-18 11:35:00,177,177,177,177,0
2022-01-18 11:36:00,177,177,177,177,0
2022-01-18 11:37:00,177,177,177,177,0
2022-01-18 11:38:00,177,177,177,177,0
2022-01-18 11:39:00,177,177,177,177,0
2022-01-18 11:40:00,177,177,177,177,0
2022-01-18 11:41:00,177,177,177,177,0
2022-01-18 11:42:00,177,177,177,177,0
2022-01-18 11:43:00,177,177,177,177,0
2022-01-18 11:44:00,177,177,177,177,0
2022-01-18 11:45:00,177,177,177,177,0
2022-01-18 11:46:00,177,177,177,177,0
2022-01-18 11:47:00,177,177,177,177,0
2022-01-18 11:48:00,177,177,177,177,0
2022-01-18 11:49:00,177,177,177,177,0
2022-01-18 11:50:00,177,177,177,177,0
2022-01-18 11:51:00,177,177,177,177,0
2022-01-18 11:52:00,177,177,177,177,0
2022-01-18 11:53:00,177,177,177,177,0
2022-01-18 11:54:00,177,177,177,177,0
2022-01-18 11:55:00,177,177,177,177,0
2022-01-18 11:56:00,177,177,177,177,0
2022-01-18 11:57:00,177,177,177,177,0
2022-01-18 11:58:00,177,177,177,177,0
2022-01-18 11:59:00,177,177,177,177,0
2022-01-18 12:00:00,177,177,177,177,0
2022-01-18 12:01:00,177,177,177,177,0
2022-01-18 12:02:00,177,177,177,177,0
2022-01-18 12:03:00,177,177,177,177,0
2022-01-18 12:04:00,177,177,177,177,0
2022-01-18 12:05:00,177,177,177,177,0
2022-01-18 12:06:00,177,177,177,177,0
2022-01-18 12:07:00,177,177,177,177,0
2022-01-18 12:08:00,177,177,177,177,0
2022-01-18 12:09:00,177,177,177,177,0
2022-01-18 12:10:00,177,177,177,177,0
2022-01-18 12:11:00,177,177,177,177,0
2022-01-18 12:12:00,177,177,177,177,0
2022-01-18 12:13:00,177,177,177,177,0
2022-01-18 12:14:00,177,177,177,177,0
2022-01-18 12:15:00,177,177,177,177,0
2022-01-18 12:16:00,177,177,177,177,0
2022-01-18 12:17:00,177,177,177,177,0
2022-01-18 12:18:00,177,177,177,177,0
2022-01-18 12:19:00,177,177,177,177,0
2022-01-18 12:20:00,177,177,177,177,0
2022-01-18 12:21:00,177,177,177,177,0
2022-01-18 12:22:00,177,177,177,177,0
2022-01-18 12:23:00,177,177,177,177,0
2022-01-18 12:24:00,177,177,177,177,0
2022-01-18 12:25:00,177,177,177,177,0
2022-01-18 12:26:00,177,177,177,177,0
2022-01-18 12:27:00,177,177,177,177,0
2022-01-18 12:28:00,177,177,177,177,0
2022-01-18 12:29:00,177,177,177,177,0
2022-01-18 12:30:00,177,177,177,177,0
2022-01-18 12:31:00,177,177,177,177,0
2022-01-18 12:32:00,177,177,177,177,0
2022-01-18 12:33:00,177,177,177,177,0
2022-01-18 12:34:00,177,177,177,177,0
2022-01-18 12:35:00,177,177,177,177,0
2022-01-18 12:36:00,177,177,177,177,0
2022-01-18 12:37:00,177,177,177,177,0
2022-01-18 12:38:00,177,177,177,177,0
2022-01-18 12:39:00,177,177,177,177,0
2022-01-18 12:40:00,177,177,177,177,0
2022-01-18 12:41:00,177,177,177,177,0
2022-01-18 12:42:00,177,177,177,177,0
2022-01-18 12:43:00,177,177,177,177,0
2022-01-18 12:44:00,177,177,177,177,0
2022-01-18 12:45:00,177,177,177,177,0
2022-01-18 12:46:00,177,177,177,177,0
2022-01-18 12:47:00,177,177,177,177,0
2022-01-18 12:48:00,177,177,177,177,0
2022-01-18 12:49:00,177,177,177,177,0
2022-01-18 12:50:00,177,177,177,177,0
2022-01-18 12:51:00,177,177,177,177,0
2022-01-18 12:52:00,177,177,177,177,0
2022-01-18 12:53:00,177,177,177,177,0
2022-01-18 12:54:00,177,177,177,177,0
2022-01-18 12:55:00,177,177,177,177,0
2022-01-18 12:56:00,177,177,177,177,0
2022-01-18 12:57:00,177,177,177,177,0
2022-01-18 12:58:00,177,177,177,177,0
2022-01-18 12:59:00,177,177,177,177,0
2022-01-18 13:00:00,177,177,177,177,0
2022-01-18 13:01:00,177,177,177,177,0
2022-01-18 13:02:00,177,177,177,177,0
2022-01-18 13:03:00,177,177,177,177,0
2022-01-18 13:04:00,177,177,177,177,0
2022-01-18 13:05:00,177,177,177,177,0
2022-01-18 13:06:00,177,177,177,177,0
2022-01-18 13:07:00,177,177,177,177,0
2022-01-18 13:08:00,177,177,177,177,0
2022-01-18 13:09:00,177,177,177,177,0
2022-01-18 13:10:00,177,177,177,177,0
2022-01-18 13:11:00,177,177,177,177,0
2022-01-18 13:12:00,177,177,177,177,0
2022-01-18 13:13:00,177,177,177,177,0
2022-01-18 13:14:00,177,177,177,177,0
2022-01-18 13:15:00,177,177,177,177,0
2022-01-18 13:16:00,177,177,177,177,0
2022-01-18 13:17:00,177,177,177,177,0
2022-01-18 13:18:00,177,177,177,177,0
2022-01-18 13:19:00,177,177,177,177,0
2022-01-18 13:20:00,177,177,177,177,0
2022-01-18 13:21:00,177,177,177,177,0
2022-01-18 13:22:00,177,177,177,177,0
2022-01-18 13:23:00,177,177,177,177,0
2022-01-18 13:24:00,177,177,177,177,0
2022-01-18 13:25:00,177,177,177,177,0
2022-01-18 13:26:00,177,177,177,177,0
2022-01-18 13:27:00,177,177,177,177,0
2022-01-18 13:28:00,177,177,177,177,0
2022-01-18 13:29:00,177,177,177,177,0
2022-01-18 13:30:00,177,175,178,176,164900
2022-01-18 13:31:00,176,176,176,176,68900
2022-01-18 13:32:00,176,176,176,176,111100
2022-01-18 13:33:00,176,176,176,176,12000
2022-01-18 13:34:00,176,176,176,176,118000
2022-01-18 13:35:00,176,176,176,176,13400
2022-01-18 13:36:00,176,176,176,176,3000
2022-01-18 13:37:00,176,176,176,176,15700
2022-01-18 13:38:00,176,175,176,175,11000
2022-01-18 13:39:00,176,175,176,175,10400
2022-01-18 13:40:00,175,175,176,175,17100
2022-01-18 13:41:00,176,176,176,176,400
2022-01-18 13:42:00,175,175,175,175,20500
2022-01-18 13:43:00,175,174,175,175,900
2022-01-18 13:44:00,175,174,175,174,23100
2022-01-18 13:45:00,174,174,174,174,503400
2022-01-18 13:46:00,174,174,174,174,355000
2022-01-18 13:47:00,174,174,174,174,6500
2022-01-18 13:48:00,175,174,175,174,5100
2022-01-18 13:49:00,174,174,174,174,50000
2022-01-18 13:50:00,174,174,174,174,13200
2022-01-18 13:51:00,174,174,174,174,26800
2022-01-18 13:52:00,174,174,174,174,22500
2022-01-18 13:53:00,173,173,174,174,20800
2022-01-18 13:54:00,174,174,174,174,1200
2022-01-18 13:55:00,174,174,175,175,210800
2022-01-18 13:56:00,175,175,175,175,20100
2022-01-18 13:57:00,175,175,175,175,0
2022-01-18 13:58:00,175,175,175,175,0
2022-01-18 13:59:00,175,175,175,175,0
2022-01-18 14:00:00,175,175,175,175,50000
2022-01-18 14:01:00,174,174,174,174,40000
2022-01-18 14:02:00,174,174,174,174,0
2022-01-18 14:03:00,174,174,174,174,75800
2022-01-18 14:04:00,174,174,174,174,0
2022-01-18 14:05:00,174,174,174,174,40000
2022-01-18 14:06:00,173,173,174,174,200
2022-01-18 14:07:00,173,173,174,174,0
2022-01-18 14:08:00,173,173,174,174,0
2022-01-18 14:09:00,174,174,174,174,5000
2022-01-18 14:10:00,174,174,174,174,3000
2022-01-18 14:11:00,174,174,174,174,0
2022-01-18 14:12:00,174,174,174,174,0
2022-01-18 14:13:00,174,174,174,174,200000
2022-01-18 14:14:00,174,174,174,174,0
2022-01-18 14:15:00,174,174,174,174,73800
2022-01-18 14:16:00,174,174,174,174,31300
2022-01-18 14:17:00,173,173,173,173,5000
2022-01-18 14:18:00,173,173,173,173,1100
2022-01-18 14:19:00,174,173,174,174,155000
2022-01-18 14:20:00,174,174,174,174,60200
2022-01-18 14:21:00,174,174,174,174,0
2022-01-18 14:22:00,174,174,174,174,0
2022-01-18 14:23:00,173,173,173,173,1566600
2022-01-18 14:24:00,173,173,173,173,0
2022-01-18 14:25:00,173,173,173,173,20100
2022-01-18 14:26:00,174,174,174,174,2700
2022-01-18 14:27:00,174,174,174,174,1400
2022-01-18 14:28:00,174,174,174,174,100
2022-01-18 14:29:00,174,174,174,174,0
2022-01-18 14:30:00,173,173,174,174,83000
2022-01-18 14:31:00,173,173,174,173,50000
2022-01-18 14:32:00,174,174,174,174,1700
2022-01-18 14:33:00,174,174,174,174,0
2022-01-18 14:34:00,174,173,174,173,100700
2022-01-18 14:35:00,173,173,173,173,57800
2022-01-18 14:36:00,174,174,174,174,29500
2022-01-18 14:37:00,174,173,174,173,101600
2022-01-18 14:38:00,173,173,174,173,52700
2022-01-18 14:39:00,173,173,173,173,139300
2022-01-18 14:40:00,173,173,174,174,28500
2022-01-18 14:41:00,173,173,174,174,0
2022-01-18 14:42:00,174,174,174,174,378100
2022-01-18 14:43:00,174,174,174,174,10000
2022-01-18 14:44:00,174,174,174,174,100000
2022-01-18 14:45:00,175,175,175,175,7800
2022-01-18 14:46:00,175,175,175,175,0
2022-01-18 14:47:00,175,174,175,174,7600
2022-01-18 14:48:00,175,175,175,175,1100
2022-01-18 14:49:00,175,175,175,175,100
2022-01-18 14:50:00,175,175,175,175,0
2022-01-18 14:51:00,175,175,175,175,0
2022-01-18 14:52:00,175,175,175,175,0
2022-01-18 14:53:00,175,175,175,175,0
2022-01-18 14:54:00,175,175,175,175,0
2022-01-18 14:55:00,175,175,175,175,0
2022-01-18 14:56:00,175,175,175,175,0
2022-01-18 14:57:00,175,175,175,175,0
2022-01-18 14:58:00,175,175,175,175,0
2022-01-18 14:59:00,175,175,175,175,0
2022-01-18 15:00:00,174,174,174,174,359800
2022-01-18 15:01:00,174,174,174,174,97700
2022-01-18 15:02:00,174,174,174,174,200
2022-01-18 15:03:00,174,174,174,174,0
2022-01-18 15:04:00,174,174,174,174,19300
2022-01-18 15:05:00,174,174,174,174,0
2022-01-18 15:06:00,174,174,174,174,0
2022-01-18 15:07:00,174,174,174,174,0
2022-01-18 15:08:00,174,174,174,174,0
2022-01-18 15:09:00,174,174,174,174,0
2022-01-18 15:10:00,174,174,174,174,0
2022-01-18 15:11:00,174,174,174,174,0
2022-01-18 15:12:00,174,174,174,174,0
2022-01-18 15:13:00,174,174,174,174,3000
2022-01-18 15:14:00,174,174,174,174,8444900
2022-01-18 15:15:00,174,174,174,174,0
2022-01-18 15:16:00,174,174,174,174,0
2022-01-18 15:17:00,174,174,174,174,0
2022-01-18 15:18:00,174,174,174,174,0
2022-01-18 15:19:00,174,174,174,174,0
2022-01-18 15:20:00,174,174,174,174,0
2022-01-18 15:21:00,174,174,174,174,0
2022-01-18 15:22:00,174,174,174,174,0
2022-01-18 15:23:00,174,174,174,174,0
2022-01-18 15:24:00,174,174,174,174,0
2022-01-18 15:25:00,174,174,174,174,0
2022-01-18 15:26:00,174,174,174,174,0
2022-01-18 15:27:00,174,174,174,174,0
2022-01-18 15:28:00,174,174,174,174,0
2022-01-18 15:29:00,174,174,174,174,0
2022-01-18 15:30:00,174,174,174,174,0
2022-01-18 15:31:00,174,174,174,174,0
2022-01-18 15:32:00,174,174,174,174,0
2022-01-18 15:33:00,174,174,174,174,0
2022-01-18 15:34:00,174,174,174,174,0
2022-01-18 15:35:00,174,174,174,174,0
2022-01-18 15:36:00,174,174,174,174,0
2022-01-18 15:37:00,174,174,174,174,0
2022-01-18 15:38:00,174,174,174,174,0
2022-01-18 15:39:00,174,174,174,174,0
2022-01-18 15:40:00,174,174,174,174,0
2022-01-18 15:41:00,174,174,174,174,0
2022-01-18 15:42:00,174,174,174,174,0
2022-01-18 15:43:00,174,174,174,174,0
2022-01-18 15:44:00,174,174,174,174,0
2022-01-18 15:45:00,174,174,174,174,0
2022-01-18 15:46:00,174,174,174,174,0
2022-01-18 15:47:00,174,174,174,174,0
2022-01-18 15:48:00,174,174,174,174,0
2022-01-18 15:49:00,174,174,174,174,0
2022-01-18 15:50:00,174,174,174,174,0
2022-01-18 15:51:00,174,174,174,174,0
2022-01-18 15:52:00,174,174,174,174,0
2022-01-18 15:53:00,174,174,174,174,0
2022-01-18 15:54:00,174,174,174,174,0
2022-01-18 15:55:00,174,174,174,174,0
2022-01-18 15:56:00,174,174,174,174,0
2022-01-18 15:57:00,174,174,174,174,0
2022-01-18 15:58:00,174,174,174,174,0
2022-01-18 15:59:00,174,174,174,174,0
2022-01-19 09:00:00,179,177,179,178,0
2022-01-19 09:01:00,179,177,179,178,0
2022-01-19 09:02:00,177,176,177,176,145300
2022-01-19 09:03:00,175,175,175,175,75900
2022-01-19 09:04:00,175,175,175,175,5000
2022-01-19 09:05:00,175,175,175,175,0
2022-01-19 09:06:00,175,175,175,175,0
2022-01-19 09:07:00,176,176,176,176,100
2022-01-19 09:08:00,176,176,176,176,0
2022-01-19 09:09:00,176,175,176,175,5500
2022-01-19 09:10:00,176,175,176,175,0
2022-01-19 09:11:00,176,176,176,176,170500
2022-01-19 09:12:00,176,176,176,176,0
2022-01-19 09:13:00,175,175,176,176,900
2022-01-19 09:14:00,175,175,176,176,0
2022-01-19 09:15:00,175,175,175,175,450000
2022-01-19 09:16:00,176,176,176,176,108200
2022-01-19 09:17:00,177,176,177,176,54300
2022-01-19 09:18:00,176,176,176,176,6000
2022-01-19 09:19:00,176,176,176,176,5000
2022-01-19 09:20:00,176,176,176,176,0
2022-01-19 09:21:00,176,176,176,176,2800
2022-01-19 09:22:00,176,176,176,176,0
2022-01-19 09:23:00,176,176,176,176,0
2022-01-19 09:24:00,176,176,176,176,8600
2022-01-19 09:25:00,177,177,177,177,100
2022-01-19 09:26:00,177,177,177,177,0
2022-01-19 09:27:00,177,177,177,177,21000
2022-01-19 09:28:00,177,177,177,177,24500
2022-01-19 09:29:00,177,177,177,177,100700
2022-01-19 09:30:00,177,177,177,177,0
2022-01-19 09:31:00,177,177,177,177,0
2022-01-19 09:32:00,177,177,177,177,100
2022-01-19 09:33:00,177,177,177,177,25000
2022-01-19 09:34:00,176,176,176,176,40100
2022-01-19 09:35:00,176,176,176,176,49200
2022-01-19 09:36:00,176,176,176,176,0
2022-01-19 09:37:00,177,177,177,177,113500
2022-01-19 09:38:00,177,177,177,177,1000
2022-01-19 09:39:00,177,177,177,177,0
2022-01-19 09:40:00,176,176,176,176,6400
2022-01-19 09:41:00,177,177,177,177,200
2022-01-19 09:42:00,177,177,177,177,0
2022-01-19 09:43:00,177,177,177,177,0
2022-01-19 09:44:00,177,177,177,177,0
2022-01-19 09:45:00,176,176,176,176,50000
2022-01-19 09:46:00,176,176,176,176,10000
2022-01-19 09:47:00,176,176,176,176,0
2022-01-19 09:48:00,176,176,176,176,0
2022-01-19 09:49:00,176,176,176,176,0
2022-01-19 09:50:00,176,176,176,176,0
2022-01-19 09:51:00,176,176,176,176,0
2022-01-19 09:52:00,176,176,176,176,5000
2022-01-19 09:53:00,176,176,176,176,0
2022-01-19 09:54:00,176,176,176,176,0
2022-01-19 09:55:00,176,176,176,176,0
2022-01-19 09:56:00,176,176,176,176,0
2022-01-19 09:57:00,176,176,176,176,0
2022-01-19 09:58:00,176,176,176,176,0
2022-01-19 09:59:00,176,176,176,176,0
2022-01-19 10:00:00,176,176,176,176,20000
2022-01-19 10:01:00,176,176,176,176,0
2022-01-19 10:02:00,177,177,177,177,700
2022-01-19 10:03:00,177,177,177,177,0
2022-01-19 10:04:00,177,177,177,177,10000
2022-01-19 10:05:00,177,177,177,177,10000
2022-01-19 10:06:00,177,177,177,177,0
2022-01-19 10:07:00,177,176,177,176,75000
2022-01-19 10:08:00,177,177,177,177,1000
2022-01-19 10:09:00,177,177,177,177,0
2022-01-19 10:10:00,177,177,177,177,20000
2022-01-19 10:11:00,176,176,176,176,1000
2022-01-19 10:12:00,176,176,176,176,0
2022-01-19 10:13:00,176,176,176,176,0
2022-01-19 10:14:00,176,176,176,176,0
2022-01-19 10:15:00,176,176,176,176,0
2022-01-19 10:16:00,176,176,176,176,130000
2022-01-19 10:17:00,176,176,176,176,139000
2022-01-19 10:18:00,176,176,176,176,20200
2022-01-19 10:19:00,176,176,176,176,200
2022-01-19 10:20:00,176,176,176,176,28000
2022-01-19 10:21:00,176,176,176,176,0
2022-01-19 10:22:00,176,176,176,176,0
2022-01-19 10:23:00,176,176,176,176,400
2022-01-19 10:24:00,176,176,176,176,0
2022-01-19 10:25:00,176,176,176,176,3700
2022-01-19 10:26:00,176,176,176,176,0
2022-01-19 10:27:00,176,176,176,176,100
2022-01-19 10:28:00,176,176,176,176,100300
2022-01-19 10:29:00,176,176,176,176,0
2022-01-19 10:30:00,176,176,176,176,2000
2022-01-19 10:31:00,176,176,176,176,20000
2022-01-19 10:32:00,176,176,176,176,0
2022-01-19 10:33:00,176,176,176,176,10000
2022-01-19 10:34:00,175,175,176,176,1400
2022-01-19 10:35:00,175,175,176,176,0
2022-01-19 10:36:00,175,175,176,176,0
2022-01-19 10:37:00,175,175,176,176,0
2022-01-19 10:38:00,175,175,176,176,0
2022-01-19 10:39:00,176,175,176,176,21500
2022-01-19 10:40:00,176,175,176,176,0
2022-01-19 10:41:00,176,175,176,176,0
2022-01-19 10:42:00,175,175,175,175,800
2022-01-19 10:43:00,175,175,175,175,0
2022-01-19 10:44:00,176,176,176,176,20000
2022-01-19 10:45:00,176,176,176,176,0
2022-01-19 10:46:00,176,176,176,176,0
2022-01-19 10:47:00,176,176,176,176,0
2022-01-19 10:48:00,175,175,175,175,128800
2022-01-19 10:49:00,175,175,175,175,0
2022-01-19 10:50:00,175,175,175,175,0
2022-01-19 10:51:00,175,175,175,175,0
2022-01-19 10:52:00,175,175,175,175,0
2022-01-19 10:53:00,175,175,175,175,0
2022-01-19 10:54:00,175,175,175,175,0
2022-01-19 10:55:00,175,175,175,175,18700
2022-01-19 10:56:00,175,175,175,175,0
2022-01-19 10:57:00,175,175,175,175,0
2022-01-19 10:58:00,175,175,175,175,0
2022-01-19 10:59:00,175,175,175,175,0
2022-01-19 11:00:00,175,175,175,175,0
2022-01-19 11:01:00,175,175,175,175,0
2022-01-19 11:02:00,175,175,175,175,300
2022-01-19 11:03:00,176,176,176,176,1600
2022-01-19 11:04:00,176,176,176,176,15000
2022-01-19 11:05:00,176,176,176,176,1000
2022-01-19 11:06:00,176,176,176,176,0
2022-01-19 11:07:00,176,176,176,176,0
2022-01-19 11:08:00,176,176,176,176,0
2022-01-19 11:09:00,176,176,176,176,0
2022-01-19 11:10:00,176,176,176,176,0
2022-01-19 11:11:00,176,176,176,176,0
2022-01-19 11:12:00,176,176,176,176,500
2022-01-19 11:13:00,175,175,175,175,20000
2022-01-19 11:14:00,175,175,175,175,0
2022-01-19 11:15:00,175,175,175,175,0
2022-01-19 11:16:00,175,175,175,175,10000
2022-01-19 11:17:00,175,175,175,175,0
2022-01-19 11:18:00,175,175,175,175,0
2022-01-19 11:19:00,175,175,175,175,0
2022-01-19 11:20:00,175,175,175,175,0
2022-01-19 11:21:00,175,175,175,175,0
2022-01-19 11:22:00,175,175,175,175,0
2022-01-19 11:23:00,176,176,176,176,16900
2022-01-19 11:24:00,176,176,176,176,0
2022-01-19 11:25:00,176,176,176,176,5000
2022-01-19 11:26:00,176,176,176,176,100
2022-01-19 11:27:00,176,176,176,176,0
2022-01-19 11:28:00,176,176,176,176,0
2022-01-19 11:29:00,176,176,176,176,0
2022-01-19 11:30:00,176,176,176,176,0
2022-01-19 11:31:00,176,176,176,176,0
2022-01-19 11:32:00,176,176,176,176,0
2022-01-19 11:33:00,176,176,176,176,0
2022-01-19 11:34:00,176,176,176,176,0
2022-01-19 11:35:00,176,176,176,176,0
2022-01-19 11:36:00,176,176,176,176,0
2022-01-19 11:37:00,176,176,176,176,0
2022-01-19 11:38:00,176,176,176,176,0
2022-01-19 11:39:00,176,176,176,176,0
2022-01-19 11:40:00,176,176,176,176,0
2022-01-19 11:41:00,176,176,176,176,0
2022-01-19 11:42:00,176,176,176,176,0
2022-01-19 11:43:00,176,176,176,176,0
2022-01-19 11:44:00,176,176,176,176,0
2022-01-19 11:45:00,176,176,176,176,0
2022-01-19 11:46:00,176,176,176,176,0
2022-01-19 11:47:00,176,176,176,176,0
2022-01-19 11:48:00,176,176,176,176,0
2022-01-19 11:49:00,176,176,176,176,0
2022-01-19 11:50:00,176,176,176,176,0
2022-01-19 11:51:00,176,176,176,176,0
2022-01-19 11:52:00,176,176,176,176,0
2022-01-19 11:53:00,176,176,176,176,0
2022-01-19 11:54:00,176,176,176,176,0
2022-01-19 11:55:00,176,176,176,176,0
2022-01-19 11:56:00,176,176,176,176,0
2022-01-19 11:57:00,176,176,176,176,0
2022-01-19 11:58:00,176,176,176,176,0
2022-01-19 11:59:00,176,176,176,176,0
2022-01-19 12:00:00,176,176,176,176,0
2022-01-19 12:01:00,176,176,176,176,0
2022-01-19 12:02:00,176,176,176,176,0
2022-01-19 12:03:00,176,176,176,176,0
2022-01-19 12:04:00,176,176,176,176,0
2022-01-19 12:05:00,176,176,176,176,0
2022-01-19 12:06:00,176,176,176,176,0
2022-01-19 12:07:00,176,176,176,176,0
2022-01-19 12:08:00,176,176,176,176,0
2022-01-19 12:09:00,176,176,176,176,0
2022-01-19 12:10:00,176,176,176,176,0
2022-01-19 12:11:00,176,176,176,176,0
2022-01-19 12:12:00,176,176,176,176,0
2022-01-19 12:13:00,176,176,176,176,0
2022-01-19 12:14:00,176,176,176,176,0
2022-01-19 12:15:00,176,176,176,176,0
2022-01-19 12:16:00,176,176,176,176,0
2022-01-19 12:17:00,176,176,176,176,0
2022-01-19 12:18:00,176,176,176,176,0
2022-01-19 12:19:00,176,176,176,176,0
2022-01-19 12:20:00,176,176,176,176,0
2022-01-19 12:21:00,176,176,176,176,0
2022-01-19 12:22:00,176,176,176,176,0
2022-01-19 12:23:00,176,176,176,176,0
2022-01-19 12:24:00,176,176,176,176,0
2022-01-19 12:25:00,176,176,176,176,0
2022-01-19 12:26:00,176,176,176,176,0
2022-01-19 12:27:00,176,176,176,176,0
2022-01-19 12:28:00,176,176,176,176,0
2022-01-19 12:29:00,176,176,176,176,0
2022-01-19 12:30:00,176,176,176,176,0
2022-01-19 12:31:00,176,176,176,176,0
2022-01-19 12:32:00,176,176,176,176,0
2022-01-19 12:33:00,176,176,176,176,0
2022-01-19 12:34:00,176,176,176,176,0
2022-01-19 12:35:00,176,176,176,176,0
2022-01-19 12:36:00,176,176,176,176,0
2022-01-19 12:37:00,176,176,176,176,0
2022-01-19 12:38:00,176,176,176,176,0
2022-01-19 12:39:00,176,176,176,176,0
2022-01-19 12:40:00,176,176,176,176,0
2022-01-19 12:41:00,176,176,176,176,0
2022-01-19 12:42:00,176,176,176,176,0
2022-01-19 12:43:00,176,176,176,176,0
2022-01-19 12:44:00,176,176,176,176,0
2022-01-19 12:45:00,176,176,176,176,0
2022-01-19 12:46:00,176,176,176,176,0
2022-01-19 12:47:00,176,176,176,176,0
2022-01-19 12:48:00,176,176,176,176,0
2022-01-19 12:49:00,176,176,176,176,0
2022-01-19 12:50:00,176,176,176,176,0
2022-01-19 12:51:00,176,176,176,176,0
2022-01-19 12:52:00,176,176,176,176,0
2022-01-19 12:53:00,176,176,176,176,0
2022-01-19 12:54:00,176,176,176,176,0
2022-01-19 12:55:00,176,176,176,176,0
2022-01-19 12:56:00,176,176,176,176,0
2022-01-19 12:57:00,176,176,176,176,0
2022-01-19 12:58:00,176,176,176,176,0
2022-01-19 12:59:00,176,176,176,176,0
2022-01-19 13:00:00,176,176,176,176,0
2022-01-19 13:01:00,176,176,176,176,0
2022-01-19 13:02:00,176,176,176,176,0
2022-01-19 13:03:00,176,176,176,176,0
2022-01-19 13:04:00,176,176,176,176,0
2022-01-19 13:05:00,176,176,176,176,0
2022-01-19 13:06:00,176,176,176,176,0
2022-01-19 13:07:00,176,176,176,176,0
2022-01-19 13:08:00,176,176,176,176,0
2022-01-19 13:09:00,176,176,176,176,0
2022-01-19 13:10:00,176,176,176,176,0
2022-01-19 13:11:00,176,176,176,176,0
2022-01-19 13:12:00,176,176,176,176,0
2022-01-19 13:13:00,176,176,176,176,0
2022-01-19 13:14:00,176,176,176,176,0
2022-01-19 13:15:00,176,176,176,176,0
2022-01-19 13:16:00,176,176,176,176,0
2022-01-19 13:17:00,176,176,176,176,0
2022-01-19 13:18:00,176,176,176,176,0
2022-01-19 13:19:00,176,176,176,176,0
2022-01-19 13:20:00,176,176,176,176,0
2022-01-19 13:21:00,176,176,176,176,0
2022-01-19 13:22:00,176,176,176,176,0
2022-01-19 13:23:00,176,176,176,176,0
2022-01-19 13:24:00,176,176,176,176,0
2022-01-19 13:25:00,176,176,176,176,0
2022-01-19 13:26:00,176,176,176,176,0
2022-01-19 13:27:00,176,176,176,176,0
2022-01-19 13:28:00,176,176,176,176,0
2022-01-19 13:29:00,176,176,176,176,0
2022-01-19 13:30:00,176,175,176,176,20600
2022-01-19 13:31:00,175,175,175,175,2400
2022-01-19 13:32:00,175,175,175,175,0
2022-01-19 13:33:00,175,175,175,175,0
2022-01-19 13:34:00,175,175,175,175,0
2022-01-19 13:35:00,175,175,175,175,0
2022-01-19 13:36:00,175,175,175,175,0
2022-01-19 13:37:00,175,175,175,175,0
2022-01-19 13:38:00,175,175,175,175,0
2022-01-19 13:39:00,175,175,176,176,3600
2022-01-19 13:40:00,175,175,176,176,0
2022-01-19 13:41:00,175,175,176,176,0
2022-01-19 13:42:00,176,176,176,176,100
2022-01-19 13:43:00,176,176,176,176,300
2022-01-19 13:44:00,176,176,176,176,0
2022-01-19 13:45:00,176,176,176,176,0
2022-01-19 13:46:00,176,176,176,176,13000
2022-01-19 13:47:00,175,175,175,175,82300
2022-01-19 13:48:00,175,175,175,175,318200
2022-01-19 13:49:00,175,175,175,175,0
2022-01-19 13:50:00,175,175,175,175,0
2022-01-19 13:51:00,175,175,175,175,0
2022-01-19 13:52:00,175,175,175,175,1500
2022-01-19 13:53:00,175,175,175,175,0
2022-01-19 13:54:00,175,175,175,175,20000
2022-01-19 13:55:00,175,175,175,175,0
2022-01-19 13:56:00,175,175,175,175,0
2022-01-19 13:57:00,175,175,175,175,0
2022-01-19 13:58:00,175,175,175,175,0
2022-01-19 13:59:00,175,175,175,175,0
2022-01-19 14:00:00,175,175,175,175,0
2022-01-19 14:01:00,175,175,175,175,0
2022-01-19 14:02:00,174,174,174,174,12400
2022-01-19 14:03:00,174,174,174,174,0
2022-01-19 14:04:00,174,174,174,174,0
2022-01-19 14:05:00,174,174,174,174,0
2022-01-19 14:06:00,174,174,174,174,0
2022-01-19 14:07:00,174,174,174,174,0
2022-01-19 14:08:00,174,174,174,174,0
2022-01-19 14:09:00,174,174,174,174,100
2022-01-19 14:10:00,174,174,174,174,700
2022-01-19 14:11:00,174,174,174,174,0
2022-01-19 14:12:00,175,175,175,175,50000
2022-01-19 14:13:00,174,174,174,174,5100
2022-01-19 14:14:00,174,174,174,174,0
2022-01-19 14:15:00,174,174,174,174,500
2022-01-19 14:16:00,174,174,174,174,100
2022-01-19 14:17:00,174,174,174,174,0
2022-01-19 14:18:00,174,174,174,174,0
2022-01-19 14:19:00,174,174,174,174,100
2022-01-19 14:20:00,175,175,175,175,400
2022-01-19 14:21:00,175,175,175,175,0
2022-01-19 14:22:00,174,174,175,175,5200
2022-01-19 14:23:00,175,175,175,175,100
2022-01-19 14:24:00,175,175,175,175,0
2022-01-19 14:25:00,175,175,175,175,0
2022-01-19 14:26:00,175,175,175,175,0
2022-01-19 14:27:00,175,175,175,175,5000
2022-01-19 14:28:00,175,175,175,175,0
2022-01-19 14:29:00,174,174,174,174,501000
2022-01-19 14:30:00,174,173,174,173,107200
2022-01-19 14:31:00,174,174,174,174,5000
2022-01-19 14:32:00,174,174,174,174,25500
2022-01-19 14:33:00,174,173,174,173,20200
2022-01-19 14:34:00,174,173,174,173,0
2022-01-19 14:35:00,173,173,173,173,147400
2022-01-19 14:36:00,173,173,173,173,0
2022-01-19 14:37:00,172,172,173,173,145300
2022-01-19 14:38:00,172,172,173,173,135000
2022-01-19 14:39:00,173,173,173,173,20100
2022-01-19 14:40:00,173,173,173,173,4100
2022-01-19 14:41:00,172,172,172,172,10000
2022-01-19 14:42:00,172,172,172,172,309100
2022-01-19 14:43:00,172,172,172,172,0
2022-01-19 14:44:00,173,173,173,173,2000
2022-01-19 14:45:00,172,172,173,173,3800
2022-01-19 14:46:00,172,172,172,172,10000
2022-01-19 14:47:00,172,172,172,172,234900
2022-01-19 14:48:00,172,172,172,172,0
2022-01-19 14:49:00,172,172,172,172,5400
2022-01-19 14:50:00,172,172,172,172,0
2022-01-19 14:51:00,172,172,172,172,0
2022-01-19 14:52:00,172,172,172,172,0
2022-01-19 14:53:00,172,172,172,172,0
2022-01-19 14:54:00,172,172,172,172,0
2022-01-19 14:55:00,172,172,172,172,0
2022-01-19 14:56:00,172,172,172,172,0
2022-01-19 14:57:00,172,172,172,172,0
2022-01-19 14:58:00,172,172,172,172,0
2022-01-19 14:59:00,172,172,172,172,0
2022-01-19 15:00:00,172,172,172,172,105500
2022-01-19 15:01:00,172,172,172,172,46100
2022-01-19 15:02:00,172,172,172,172,2900
2022-01-19 15:03:00,172,172,172,172,125300
2022-01-19 15:04:00,172,172,172,172,25000
2022-01-19 15:05:00,172,172,172,172,0
2022-01-19 15:06:00,172,172,172,172,1000
2022-01-19 15:07:00,172,172,172,172,0
2022-01-19 15:08:00,172,172,172,172,0
2022-01-19 15:09:00,172,172,172,172,0
2022-01-19 15:10:00,172,172,172,172,0
2022-01-19 15:11:00,172,172,172,172,100
2022-01-19 15:12:00,172,172,172,172,0
2022-01-19 15:13:00,172,172,172,172,100
2022-01-19 15:14:00,172,172,172,172,0
2022-01-19 15:15:00,172,172,172,172,0
2022-01-19 15:16:00,172,172,172,172,0
2022-01-19 15:17:00,172,172,172,172,0
2022-01-19 15:18:00,172,172,172,172,0
2022-01-19 15:19:00,172,172,172,172,0
2022-01-19 15:20:00,172,172,172,172,0
2022-01-19 15:21:00,172,172,172,172,0
2022-01-19 15:22:00,172,172,172,172,0
2022-01-19 15:23:00,172,172,172,172,0
2022-01-19 15:24:00,172,172,172,172,0
2022-01-19 15:25:00,172,172,172,172,0
2022-01-19 15:26:00,172,172,172,172,0
2022-01-19 15:27:00,172,172,172,172,0
2022-01-19 15:28:00,172,172,172,172,0
2022-01-19 15:29:00,172,172,172,172,0
2022-01-19 15:30:00,172,172,172,172,0
2022-01-19 15:31:00,172,172,172,172,0
2022-01-19 15:32:00,172,172,172,172,0
2022-01-19 15:33:00,172,172,172,172,0
2022-01-19 15:34:00,172,172,172,172,0
2022-01-19 15:35:00,172,172,172,172,0
2022-01-19 15:36:00,172,172,172,172,0
2022-01-19 15:37:00,172,172,172,172,0
2022-01-19 15:38:00,172,172,172,172,0
2022-01-19 15:39:00,172,172,172,172,0
2022-01-19 15:40:00,172,172,172,172,0
2022-01-19 15:41:00,172,172,172,172,0
2022-01-19 15:42:00,172,172,172,172,0
2022-01-19 15:43:00,172,172,172,172,0
2022-01-19 15:44:00,172,172,172,172,0
2022-01-19 15:45:00,172,172,172,172,0
2022-01-19 15:46:00,172,172,172,172,0
2022-01-19 15:47:00,172,172,172,172,0
2022-01-19 15:48:00,172,172,172,172,0
2022-01-19 15:49:00,172,172,172,172,0
2022-01-19 15:50:00,172,172,172,172,0
2022-01-19 15:51:00,172,172,172,172,0
2022-01-19 15:52:00,172,172,172,172,0
2022-01-19 15:53:00,172,172,172,172,0
2022-01-19 15:54:00,172,172,172,172,0
2022-01-19 15:55:00,172,172,172,172,0
2022-01-19 15:56:00,172,172,172,172,0
2022-01-19 15:57:00,172,172,172,172,0
2022-01-19 15:58:00,172,172,172,172,0
2022-01-19 15:59:00,172,172,172,172,0
2022-01-20 09:00:00,172,172,172,172,0
2022-01-20 09:01:00,172,172,172,172,36500
2022-01-20 09:02:00,172,172,173,173,2800
2022-01-20 09:03:00,173,172,173,172,18000
2022-01-20 09:04:00,173,172,173,172,0
2022-01-20 09:05:00,173,172,173,172,0
2022-01-20 09:06:00,172,172,172,172,100
2022-01-20 09:07:00,172,172,172,172,0
2022-01-20 09:08:00,173,173,173,173,20300
2022-01-20 09:09:00,173,173,173,173,0
2022-01-20 09:10:00,173,173,173,173,100
2022-01-20 09:11:00,173,173,173,173,0
2022-01-20 09:12:00,173,173,173,173,200000
2022-01-20 09:13:00,173,173,173,173,120000
2022-01-20 09:14:00,173,173,173,173,1000
2022-01-20 09:15:00,173,173,173,173,238200
2022-01-20 09:16:00,174,173,174,174,33100
2022-01-20 09:17:00,174,173,174,173,101200
2022-01-20 09:18:00,174,173,174,173,2500
2022-01-20 09:19:00,173,173,173,173,1000
2022-01-20 09:20:00,173,173,173,173,0
2022-01-20 09:21:00,173,173,173,173,100
2022-01-20 09:22:00,173,173,173,173,0
2022-01-20 09:23:00,173,173,173,173,100100
2022-01-20 09:24:00,173,173,173,173,168900
2022-01-20 09:25:00,173,173,173,173,0
2022-01-20 09:26:00,174,174,174,174,900
2022-01-20 09:27:00,174,174,174,174,0
2022-01-20 09:28:00,173,173,173,173,20000
2022-01-20 09:29:00,173,173,173,173,0
2022-01-20 09:30:00,174,174,174,174,100
2022-01-20 09:31:00,174,174,175,175,1222500
2022-01-20 09:32:00,176,176,176,176,88500
2022-01-20 09:33:00,176,176,176,176,9700
2022-01-20 09:34:00,176,176,176,176,17000
2022-01-20 09:35:00,176,176,176,176,3000
2022-01-20 09:36:00,175,175,175,175,103800
2022-01-20 09:37:00,174,174,174,174,16400
2022-01-20 09:38:00,174,174,175,174,32800
2022-01-20 09:39:00,175,175,175,175,90000
2022-01-20 09:40:00,175,175,176,176,76900
2022-01-20 09:41:00,176,174,178,177,1067100
2022-01-20 09:42:00,177,176,177,177,188500
2022-01-20 09:43:00,177,175,177,175,197500
2022-01-20 09:44:00,176,176,179,179,1623800
2022-01-20 09:45:00,179,178,180,180,785900
2022-01-20 09:46:00,180,178,181,179,567700
2022-01-20 09:47:00,179,175,179,176,649700
2022-01-20 09:48:00,176,176,179,178,18100
2022-01-20 09:49:00,178,175,178,175,937600
2022-01-20 09:50:00,177,175,177,176,111700
2022-01-20 09:51:00,176,176,177,177,39800
2022-01-20 09:52:00,177,175,177,176,73100
2022-01-20 09:53:00,176,176,176,176,47800
2022-01-20 09:54:00,175,175,175,175,32200
2022-01-20 09:55:00,175,175,175,175,39800
2022-01-20 09:56:00,175,175,175,175,0
2022-01-20 09:57:00,176,176,176,176,500
2022-01-20 09:58:00,175,175,176,176,42100
2022-01-20 09:59:00,175,175,176,175,2200
2022-01-20 10:00:00,175,175,175,175,40900
2022-01-20 10:01:00,175,175,175,175,14100
2022-01-20 10:02:00,175,175,175,175,82900
2022-01-20 10:03:00,175,174,175,175,53700
2022-01-20 10:04:00,175,174,175,175,0
2022-01-20 10:05:00,176,176,177,177,85700
2022-01-20 10:06:00,177,177,177,177,2600
2022-01-20 10:07:00,177,177,177,177,0
2022-01-20 10:08:00,177,177,177,177,20000
2022-01-20 10:09:00,177,177,177,177,0
2022-01-20 10:10:00,177,177,177,177,4900
2022-01-20 10:11:00,176,176,176,176,79800
2022-01-20 10:12:00,176,176,176,176,152700
2022-01-20 10:13:00,176,176,176,176,96900
2022-01-20 10:14:00,176,176,176,176,20000
2022-01-20 10:15:00,176,176,176,176,1000
2022-01-20 10:16:00,175,175,175,175,1500
2022-01-20 10:17:00,175,175,175,175,0
2022-01-20 10:18:00,175,175,175,175,0
2022-01-20 10:19:00,175,175,175,175,2500
2022-01-20 10:20:00,175,175,175,175,0
2022-01-20 10:21:00,175,175,175,175,60000
2022-01-20 10:22:00,175,175,175,175,11000
2022-01-20 10:23:00,175,175,175,175,10000
2022-01-20 10:24:00,175,175,175,175,0
2022-01-20 10:25:00,176,176,176,176,108500
2022-01-20 10:26:00,176,176,176,176,0
2022-01-20 10:27:00,176,176,176,176,0
2022-01-20 10:28:00,176,176,176,176,0
2022-01-20 10:29:00,176,176,176,176,39500
2022-01-20 10:30:00,176,176,176,176,100
2022-01-20 10:31:00,176,176,176,176,0
2022-01-20 10:32:00,176,176,176,176,100
2022-01-20 10:33:00,176,176,176,176,0
2022-01-20 10:34:00,176,176,176,176,25000
2022-01-20 10:35:00,176,176,176,176,5000
2022-01-20 10:36:00,176,176,176,176,0
2022-01-20 10:37:00,176,176,176,176,6000
2022-01-20 10:38:00,176,176,176,176,0
2022-01-20 10:39:00,176,176,176,176,100
2022-01-20 10:40:00,176,176,176,176,5000
2022-01-20 10:41:00,177,177,177,177,200000
2022-01-20 10:42:00,177,176,177,176,335100
2022-01-20 10:43:00,177,176,177,176,0
2022-01-20 10:44:00,176,176,176,176,5000
2022-01-20 10:45:00,176,176,176,176,5000
2022-01-20 10:46:00,176,176,176,176,0
2022-01-20 10:47:00,176,176,176,176,0
2022-01-20 10:48:00,176,176,176,176,5000
2022-01-20 10:49:00,176,176,176,176,0
2022-01-20 10:50:00,176,176,176,176,5000
2022-01-20 10:51:00,176,176,176,176,0
2022-01-20 10:52:00,176,176,176,176,0
2022-01-20 10:53:00,176,176,176,176,0
2022-01-20 10:54:00,176,176,176,176,0
2022-01-20 10:55:00,176,176,176,176,147600
2022-01-20 10:56:00,176,176,176,176,0
2022-01-20 10:57:00,176,176,176,176,11000
2022-01-20 10:58:00,176,176,176,176,0
2022-01-20 10:59:00,176,176,176,176,0
2022-01-20 11:00:00,176,176,176,176,50000
2022-01-20 11:01:00,176,176,176,176,0
2022-01-20 11:02:00,176,175,176,175,360200
2022-01-20 11:03:00,176,175,176,175,0
2022-01-20 11:04:00,176,176,177,177,1100
2022-01-20 11:05:00,176,176,176,176,100
2022-01-20 11:06:00,176,176,176,176,0
2022-01-20 11:07:00,176,176,176,176,0
2022-01-20 11:08:00,176,176,176,176,0
2022-01-20 11:09:00,176,175,176,175,48600
2022-01-20 11:10:00,175,175,175,175,47500
2022-01-20 11:11:00,175,175,175,175,0
2022-01-20 11:12:00,175,175,175,175,0
2022-01-20 11:13:00,175,175,175,175,0
2022-01-20 11:14:00,175,175,175,175,0
2022-01-20 11:15:00,175,175,175,175,0
2022-01-20 11:16:00,175,175,175,175,10000
2022-01-20 11:17:00,175,175,175,175,0
2022-01-20 11:18:00,175,175,175,175,0
2022-01-20 11:19:00,176,175,176,175,11800
2022-01-20 11:20:00,176,175,176,175,0
2022-01-20 11:21:00,176,175,176,175,0
2022-01-20 11:22:00,175,175,175,175,100
2022-01-20 11:23:00,175,175,175,175,0
2022-01-20 11:24:00,175,175,175,175,29600
2022-01-20 11:25:00,175,175,175,175,0
2022-01-20 11:26:00,175,175,175,175,0
2022-01-20 11:27:00,175,175,175,175,30000
2022-01-20 11:28:00,175,175,175,175,0
2022-01-20 11:29:00,175,175,175,175,0
2022-01-20 11:30:00,175,175,175,175,0
2022-01-20 11:31:00,175,175,175,175,0
2022-01-20 11:32:00,175,175,175,175,0
2022-01-20 11:33:00,175,175,175,175,0
2022-01-20 11:34:00,175,175,175,175,0
2022-01-20 11:35:00,175,175,175,175,0
2022-01-20 11:36:00,175,175,175,175,0
2022-01-20 11:37:00,175,175,175,175,0
2022-01-20 11:38:00,175,175,175,175,0
2022-01-20 11:39:00,175,175,175,175,0
2022-01-20 11:40:00,175,175,175,175,0
2022-01-20 11:41:00,175,175,175,175,0
2022-01-20 11:42:00,175,175,175,175,0
2022-01-20 11:43:00,175,175,175,175,0
2022-01-20 11:44:00,175,175,175,175,0
2022-01-20 11:45:00,175,175,175,175,0
2022-01-20 11:46:00,175,175,175,175,0
2022-01-20 11:47:00,175,175,175,175,0
2022-01-20 11:48:00,175,175,175,175,0
2022-01-20 11:49:00,175,175,175,175,0
2022-01-20 11:50:00,175,175,175,175,0
2022-01-20 11:51:00,175,175,175,175,0
2022-01-20 11:52:00,175,175,175,175,0
2022-01-20 11:53:00,175,175,175,175,0
2022-01-20 11:54:00,175,175,175,175,0
2022-01-20 11:55:00,175,175,175,175,0
2022-01-20 11:56:00,175,175,175,175,0
2022-01-20 11:57:00,175,175,175,175,0
2022-01-20 11:58:00,175,175,175,175,0
2022-01-20 11:59:00,175,175,175,175,0
2022-01-20 12:00:00,175,175,175,175,0
2022-01-20 12:01:00,175,175,175,175,0
2022-01-20 12:02:00,175,175,175,175,0
2022-01-20 12:03:00,175,175,175,175,0
2022-01-20 12:04:00,175,175,175,175,0
2022-01-20 12:05:00,175,175,175,175,0
2022-01-20 12:06:00,175,175,175,175,0
2022-01-20 12:07:00,175,175,175,175,0
2022-01-20 12:08:00,175,175,175,175,0
2022-01-20 12:09:00,175,175,175,175,0
2022-01-20 12:10:00,175,175,175,175,0
2022-01-20 12:11:00,175,175,175,175,0
2022-01-20 12:12:00,175,175,175,175,0
2022-01-20 12:13:00,175,175,175,175,0
2022-01-20 12:14:00,175,175,175,175,0
2022-01-20 12:15:00,175,175,175,175,0
2022-01-20 12:16:00,175,175,175,175,0
2022-01-20 12:17:00,175,175,175,175,0
2022-01-20 12:18:00,175,175,175,175,0
2022-01-20 12:19:00,175,175,175,175,0
2022-01-20 12:20:00,175,175,175,175,0
2022-01-20 12:21:00,175,175,175,175,0
2022-01-20 12:22:00,175,175,175,175,0
2022-01-20 12:23:00,175,175,175,175,0
2022-01-20 12:24:00,175,175,175,175,0
2022-01-20 12:25:00,175,175,175,175,0
2022-01-20 12:26:00,175,175,175,175,0
2022-01-20 12:27:00,175,175,175,175,0
2022-01-20 12:28:00,175,175,175,175,0
2022-01-20 12:29:00,175,175,175,175,0
2022-01-20 12:30:00,175,175,175,175,0
2022-01-20 12:31:00,175,175,175,175,0
2022-01-20 12:32:00,175,175,175,175,0
2022-01-20 12:33:00,175,175,175,175,0
2022-01-20 12:34:00,175,175,175,175,0
2022-01-20 12:35:00,175,175,175,175,0
2022-01-20 12:36:00,175,175,175,175,0
2022-01-20 12:37:00,175,175,175,175,0
2022-01-20 12:38:00,175,175,175,175,0
2022-01-20 12:39:00,175,175,175,175,0
2022-01-20 12:40:00,175,175,175,175,0
2022-01-20 12:41:00,175,175,175,175,0
2022-01-20 12:42:00,175,175,175,175,0
2022-01-20 12:43:00,175,175,175,175,0
2022-01-20 12:44:00,175,175,175,175,0
2022-01-20 12:45:00,175,175,175,175,0
2022-01-20 12:46:00,175,175,175,175,0
2022-01-20 12:47:00,175,175,175,175,0
2022-01-20 12:48:00,175,175,175,175,0
2022-01-20 12:49:00,175,175,175,175,0
2022-01-20 12:50:00,175,175,175,175,0
2022-01-20 12:51:00,175,175,175,175,0
2022-01-20 12:52:00,175,175,175,175,0
2022-01-20 12:53:00,175,175,175,175,0
2022-01-20 12:54:00,175,175,175,175,0
2022-01-20 12:55:00,175,175,175,175,0
2022-01-20 12:56:00,175,175,175,175,0
2022-01-20 12:57:00,175,175,175,175,0
2022-01-20 12:58:00,175,175,175,175,0
2022-01-20 12:59:00,175,175,175,175,0
2022-01-20 13:00:00,175,175,175,175,0
2022-01-20 13:01:00,175,175,175,175,0
2022-01-20 13:02:00,175,175,175,175,0
2022-01-20 13:03:00,175,175,175,175,0
2022-01-20 13:04:00,175,175,175,175,0
2022-01-20 13:05:00,175,175,175,175,0
2022-01-20 13:06:00,175,175,175,175,0
2022-01-20 13:07:00,175,175,175,175,0
2022-01-20 13:08:00,175,175,175,175,0
2022-01-20 13:09:00,175,175,175,175,0
2022-01-20 13:10:00,175,175,175,175,0
2022-01-20 13:11:00,175,175,175,175,0
2022-01-20 13:12:00,175,175,175,175,0
2022-01-20 13:13:00,175,175,175,175,0
2022-01-20 13:14:00,175,175,175,175,0
2022-01-20 13:15:00,175,175,175,175,0
2022-01-20 13:16:00,175,175,175,175,0
2022-01-20 13:17:00,175,175,175,175,0
2022-01-20 13:18:00,175,175,175,175,0
2022-01-20 13:19:00,175,175,175,175,0
2022-01-20 13:20:00,175,175,175,175,0
2022-01-20 13:21:00,175,175,175,175,0
2022-01-20 13:22:00,175,175,175,175,0
2022-01-20 13:23:00,175,175,175,175,0
2022-01-20 13:24:00,175,175,175,175,0
2022-01-20 13:25:00,175,175,175,175,0
2022-01-20 13:26:00,175,175,175,175,0
2022-01-20 13:27:00,175,175,175,175,0
2022-01-20 13:28:00,175,175,175,175,0
2022-01-20 13:29:00,175,175,175,175,0
2022-01-20 13:30:00,175,175,176,175,14000
2022-01-20 13:31:00,175,175,176,175,0
2022-01-20 13:32:00,176,176,176,176,2600
2022-01-20 13:33:00,175,175,175,175,19000
2022-01-20 13:34:00,175,175,175,175,5000
2022-01-20 13:35:00,175,175,175,175,9000
2022-01-20 13:36:00,175,175,175,175,0
2022-01-20 13:37:00,175,175,175,175,0
2022-01-20 13:38:00,175,175,175,175,0
2022-01-20 13:39:00,175,175,175,175,0
2022-01-20 13:40:00,175,175,175,175,0
2022-01-20 13:41:00,175,175,176,176,10100
2022-01-20 13:42:00,176,176,176,176,5700
2022-01-20 13:43:00,176,176,176,176,2300
2022-01-20 13:44:00,175,175,175,175,15300
2022-01-20 13:45:00,176,176,176,176,10000
2022-01-20 13:46:00,176,176,176,176,5000
2022-01-20 13:47:00,176,176,176,176,0
2022-01-20 13:48:00,176,176,176,176,1500
2022-01-20 13:49:00,176,176,176,176,15000
2022-01-20 13:50:00,176,176,176,176,3400
2022-01-20 13:51:00,176,176,176,176,8100
2022-01-20 13:52:00,176,176,176,176,3000
2022-01-20 13:53:00,176,176,176,176,2300
2022-01-20 13:54:00,175,175,175,175,4100
2022-01-20 13:55:00,175,175,175,175,380000
2022-01-20 13:56:00,175,175,175,175,25400
2022-01-20 13:57:00,175,175,175,175,6900
2022-01-20 13:58:00,175,175,175,175,11600
2022-01-20 13:59:00,175,175,175,175,13500
2022-01-20 14:00:00,175,175,175,175,7400
2022-01-20 14:01:00,175,175,175,175,0
2022-01-20 14:02:00,175,175,175,175,6700
2022-01-20 14:03:00,174,174,174,174,20000
2022-01-20 14:04:00,174,174,174,174,0
2022-01-20 14:05:00,174,174,174,174,0
2022-01-20 14:06:00,174,174,174,174,0
2022-01-20 14:07:00,174,174,174,174,0
2022-01-20 14:08:00,174,174,174,174,0
2022-01-20 14:09:00,174,174,174,174,0
2022-01-20 14:10:00,175,175,175,175,10000
2022-01-20 14:11:00,175,175,175,175,0
2022-01-20 14:12:00,175,175,175,175,0
2022-01-20 14:13:00,175,175,175,175,0
2022-01-20 14:14:00,174,174,174,174,7500
2022-01-20 14:15:00,174,174,174,174,22200
2022-01-20 14:16:00,174,174,174,174,4500
2022-01-20 14:17:00,174,174,174,174,0
2022-01-20 14:18:00,174,174,174,174,0
2022-01-20 14:19:00,174,174,174,174,2800
2022-01-20 14:20:00,174,174,174,174,0
2022-01-20 14:21:00,174,174,174,174,0
2022-01-20 14:22:00,174,174,174,174,5000
2022-01-20 14:23:00,174,174,174,174,0
2022-01-20 14:24:00,174,174,174,174,0
2022-01-20 14:25:00,174,174,174,174,0
2022-01-20 14:26:00,174,174,174,174,0
2022-01-20 14:27:00,175,175,175,175,100
2022-01-20 14:28:00,174,174,174,174,500
2022-01-20 14:29:00,174,174,174,174,100000
2022-01-20 14:30:00,174,174,174,174,70000
2022-01-20 14:31:00,174,174,174,174,3000
2022-01-20 14:32:00,174,174,174,174,0
2022-01-20 14:33:00,174,174,174,174,5000
2022-01-20 14:34:00,174,174,174,174,100000
2022-01-20 14:35:00,174,174,174,174,0
2022-01-20 14:36:00,174,174,174,174,900
2022-01-20 14:37:00,174,174,174,174,55000
2022-01-20 14:38:00,174,174,175,175,300
2022-01-20 14:39:00,174,174,175,175,0
2022-01-20 14:40:00,174,174,175,175,0
2022-01-20 14:41:00,175,175,175,175,100
2022-01-20 14:42:00,174,174,174,174,60000
2022-01-20 14:43:00,174,174,174,174,10000
2022-01-20 14:44:00,174,174,174,174,0
2022-01-20 14:45:00,174,174,174,174,352100
2022-01-20 14:46:00,174,174,174,174,147900
2022-01-20 14:47:00,174,174,174,174,0
2022-01-20 14:48:00,174,174,174,174,47400
2022-01-20 14:49:00,174,174,174,174,0
2022-01-20 14:50:00,174,174,174,174,0
2022-01-20 14:51:00,174,174,174,174,0
2022-01-20 14:52:00,174,174,174,174,0
2022-01-20 14:53:00,174,174,174,174,0
2022-01-20 14:54:00,174,174,174,174,0
2022-01-20 14:55:00,174,174,174,174,0
2022-01-20 14:56:00,174,174,174,174,0
2022-01-20 14:57:00,174,174,174,174,0
2022-01-20 14:58:00,174,174,174,174,0
2022-01-20 14:59:00,174,174,174,174,0
2022-01-20 15:00:00,176,176,176,176,197900
2022-01-20 15:01:00,176,176,176,176,0
2022-01-20 15:02:00,176,176,176,176,1500
2022-01-20 15:03:00,176,176,176,176,0
2022-01-20 15:04:00,176,176,176,176,0
2022-01-20 15:05:00,176,176,176,176,0
2022-01-20 15:06:00,176,176,176,176,0
2022-01-20 15:07:00,176,176,176,176,0
2022-01-20 15:08:00,176,176,176,176,0
2022-01-20 15:09:00,176,176,176,176,0
2022-01-20 15:10:00,176,176,176,176,0
2022-01-20 15:11:00,176,176,176,176,0
2022-01-20 15:12:00,176,176,176,176,0
2022-01-20 15:13:00,176,176,176,176,2500
2022-01-20 15:14:00,176,176,176,176,13264900
2022-01-20 15:15:00,176,176,176,176,0
2022-01-20 15:16:00,176,176,176,176,0
2022-01-20 15:17:00,176,176,176,176,0
2022-01-20 15:18:00,176,176,176,176,0
2022-01-20 15:19:00,176,176,176,176,0
2022-01-20 15:20:00,176,176,176,176,0
2022-01-20 15:21:00,176,176,176,176,0
2022-01-20 15:22:00,176,176,176,176,0
2022-01-20 15:23:00,176,176,176,176,0
2022-01-20 15:24:00,176,176,176,176,0
2022-01-20 15:25:00,176,176,176,176,0
2022-01-20 15:26:00,176,176,176,176,0
2022-01-20 15:27:00,176,176,176,176,0
2022-01-20 15:28:00,176,176,176,176,0
2022-01-20 15:29:00,176,176,176,176,0
2022-01-20 15:30:00,176,176,176,176,0
2022-01-20 15:31:00,176,176,176,176,0
2022-01-20 15:32:00,176,176,176,176,0
2022-01-20 15:33:00,176,176,176,176,0
2022-01-20 15:34:00,176,176,176,176,0
2022-01-20 15:35:00,176,176,176,176,0
2022-01-20 15:36:00,176,176,176,176,0
2022-01-20 15:37:00,176,176,176,176,0
2022-01-20 15:38:00,176,176,176,176,0
2022-01-20 15:39:00,176,176,176,176,0
2022-01-20 15:40:00,176,176,176,176,0
2022-01-20 15:41:00,176,176,176,176,0
2022-01-20 15:42:00,176,176,176,176,0
2022-01-20 15:43:00,176,176,176,176,0
2022-01-20 15:44:00,176,176,176,176,0
2022-01-20 15:45:00,176,176,176,176,0
2022-01-20 15:46:00,176,176,176,176,0
2022-01-20 15:47:00,176,176,176,176,0
2022-01-20 15:48:00,176,176,176,176,0
2022-01-20 15:49:00,176,176,176,176,0
2022-01-20 15:50:00,176,176,176,176,0
2022-01-20 15:51:00,176,176,176,176,0
2022-01-20 15:52:00,176,176,176,176,0
2022-01-20 15:53:00,176,176,176,176,0
2022-01-20 15:54:00,176,176,176,176,0
2022-01-20 15:55:00,176,176,176,176,0
2022-01-20 15:56:00,176,176,176,176,0
2022-01-20 15:57:00,176,176,176,176,0
2022-01-20 15:58:00,176,176,176,176,0
2022-01-20 15:59:00,176,176,176,176,0
2022-01-21 09:00:00,176,176,176,176,0
2022-01-21 09:01:00,176,176,176,176,0
2022-01-21 09:02:00,176,176,176,176,0
2022-01-21 09:03:00,175,174,175,174,2600
2022-01-21 09:04:00,173,173,174,174,5900
2022-01-21 09:05:00,173,173,173,173,100000
2022-01-21 09:06:00,173,173,173,173,102500
2022-01-21 09:07:00,173,173,173,173,4500
2022-01-21 09:08:00,173,173,173,173,147500
2022-01-21 09:09:00,173,173,173,173,100
2022-01-21 09:10:00,173,173,173,173,2800
2022-01-21 09:11:00,173,173,173,173,100
2022-01-21 09:12:00,173,173,173,173,0
2022-01-21 09:13:00,173,173,173,173,300
2022-01-21 09:14:00,173,173,173,173,29000
2022-01-21 09:15:00,173,173,173,173,0
2022-01-21 09:16:00,173,173,173,173,0
2022-01-21 09:17:00,173,173,173,173,0
2022-01-21 09:18:00,173,173,173,173,14000
2022-01-21 09:19:00,173,173,173,173,30800
2022-01-21 09:20:00,173,173,173,173,0
2022-01-21 09:21:00,173,173,173,173,10000
2022-01-21 09:22:00,173,173,173,173,0
2022-01-21 09:23:00,173,173,174,174,234600
2022-01-21 09:24:00,173,173,173,173,200
2022-01-21 09:25:00,173,173,173,173,0
2022-01-21 09:26:00,173,173,173,173,0
2022-01-21 09:27:00,173,173,173,173,0
2022-01-21 09:28:00,173,173,173,173,10000
2022-01-21 09:29:00,174,174,174,174,200
2022-01-21 09:30:00,174,174,174,174,0
2022-01-21 09:31:00,174,174,174,174,0
2022-01-21 09:32:00,174,174,174,174,200
2022-01-21 09:33:00,174,174,174,174,0
2022-01-21 09:34:00,173,173,173,173,10000
2022-01-21 09:35:00,174,174,174,174,10300
2022-01-21 09:36:00,173,173,173,173,195800
2022-01-21 09:37:00,173,173,174,174,3700
2022-01-21 09:38:00,173,173,174,174,0
2022-01-21 09:39:00,173,173,174,174,0
2022-01-21 09:40:00,174,174,174,174,10000
2022-01-21 09:41:00,174,174,174,174,25700
2022-01-21 09:42:00,174,174,174,174,0
2022-01-21 09:43:00,173,173,173,173,900
2022-01-21 09:44:00,173,173,173,173,0
2022-01-21 09:45:00,173,173,173,173,0
2022-01-21 09:46:00,173,173,173,173,0
2022-01-21 09:47:00,173,173,173,173,45700
2022-01-21 09:48:00,173,173,173,173,0
2022-01-21 09:49:00,173,173,173,173,0
2022-01-21 09:50:00,173,173,173,173,0
2022-01-21 09:51:00,173,173,173,173,100000
2022-01-21 09:52:00,173,173,173,173,200
2022-01-21 09:53:00,173,173,173,173,0
2022-01-21 09:54:00,173,173,173,173,0
2022-01-21 09:55:00,173,173,173,173,0
2022-01-21 09:56:00,173,173,173,173,600
2022-01-21 09:57:00,173,173,173,173,0
2022-01-21 09:58:00,173,173,173,173,500
2022-01-21 09:59:00,173,173,173,173,0
2022-01-21 10:00:00,173,173,173,173,0
2022-01-21 10:01:00,173,173,173,173,0
2022-01-21 10:02:00,173,173,173,173,0
2022-01-21 10:03:00,173,173,173,173,0
2022-01-21 10:04:00,173,173,173,173,0
2022-01-21 10:05:00,173,173,173,173,0
2022-01-21 10:06:00,173,173,173,173,0
2022-01-21 10:07:00,173,173,173,173,0
2022-01-21 10:08:00,173,173,173,173,0
2022-01-21 10:09:00,173,173,173,173,0
2022-01-21 10:10:00,173,173,173,173,0
2022-01-21 10:11:00,173,173,173,173,58500
2022-01-21 10:12:00,173,173,173,173,0
2022-01-21 10:13:00,173,173,173,173,0
2022-01-21 10:14:00,172,172,173,172,104100
2022-01-21 10:15:00,172,172,173,172,0
2022-01-21 10:16:00,172,172,172,172,100
2022-01-21 10:17:00,173,172,173,172,10700
2022-01-21 10:18:00,172,172,172,172,500
2022-01-21 10:19:00,172,172,172,172,0
2022-01-21 10:20:00,172,172,172,172,0
2022-01-21 10:21:00,172,172,172,172,0
2022-01-21 10:22:00,172,172,172,172,62000
2022-01-21 10:23:00,172,172,172,172,1000
2022-01-21 10:24:00,172,172,172,172,53400
2022-01-21 10:25:00,172,172,172,172,0
2022-01-21 10:26:00,172,172,172,172,0
2022-01-21 10:27:00,172,172,172,172,0
2022-01-21 10:28:00,172,172,172,172,0
2022-01-21 10:29:00,172,172,172,172,0
2022-01-21 10:30:00,172,172,172,172,0
2022-01-21 10:31:00,172,172,172,172,0
2022-01-21 10:32:00,172,172,172,172,0
2022-01-21 10:33:00,173,172,173,172,21000
2022-01-21 10:34:00,173,172,173,172,0
2022-01-21 10:35:00,173,172,173,172,0
2022-01-21 10:36:00,173,172,173,172,0
2022-01-21 10:37:00,173,172,173,172,0
2022-01-21 10:38:00,173,172,173,172,0
2022-01-21 10:39:00,173,172,173,172,0
2022-01-21 10:40:00,173,173,173,173,3000
2022-01-21 10:41:00,173,173,173,173,0
2022-01-21 10:42:00,173,173,173,173,0
2022-01-21 10:43:00,173,173,173,173,0
2022-01-21 10:44:00,173,173,173,173,0
2022-01-21 10:45:00,172,172,173,173,1300
2022-01-21 10:46:00,172,172,173,173,0
2022-01-21 10:47:00,172,172,173,173,0
2022-01-21 10:48:00,173,173,173,173,100
2022-01-21 10:49:00,173,173,173,173,0
2022-01-21 10:50:00,173,173,173,173,0
2022-01-21 10:51:00,173,173,173,173,100
2022-01-21 10:52:00,173,173,173,173,0
2022-01-21 10:53:00,173,173,173,173,0
2022-01-21 10:54:00,173,173,173,173,0
2022-01-21 10:55:00,173,173,173,173,0
2022-01-21 10:56:00,173,173,173,173,3500
2022-01-21 10:57:00,173,173,173,173,0
2022-01-21 10:58:00,173,173,173,173,0
2022-01-21 10:59:00,173,173,173,173,0
2022-01-21 11:00:00,173,173,173,173,0
2022-01-21 11:01:00,173,173,173,173,0
2022-01-21 11:02:00,173,173,173,173,0
2022-01-21 11:03:00,173,173,173,173,0
2022-01-21 11:04:00,173,173,173,173,0
2022-01-21 11:05:00,173,173,173,173,0
2022-01-21 11:06:00,173,173,173,173,0
2022-01-21 11:07:00,172,172,172,172,10000
2022-01-21 11:08:00,172,172,172,172,0
2022-01-21 11:09:00,172,172,172,172,0
2022-01-21 11:10:00,172,172,172,172,0
2022-01-21 11:11:00,172,172,172,172,0
2022-01-21 11:12:00,172,172,172,172,0
2022-01-21 11:13:00,172,172,172,172,0
2022-01-21 11:14:00,172,172,172,172,500
2022-01-21 11:15:00,173,173,173,173,100
2022-01-21 11:16:00,172,172,172,172,900
2022-01-21 11:17:00,172,172,172,172,0
2022-01-21 11:18:00,172,172,172,172,16300
2022-01-21 11:19:00,172,172,172,172,0
2022-01-21 11:20:00,172,172,172,172,200
2022-01-21 11:21:00,172,172,172,172,0
2022-01-21 11:22:00,172,172,172,172,200000
2022-01-21 11:23:00,172,172,172,172,0
2022-01-21 11:24:00,172,172,172,172,0
2022-01-21 11:25:00,172,172,172,172,0
2022-01-21 11:26:00,172,172,172,172,1710900
2022-01-21 11:27:00,172,172,172,172,0
2022-01-21 11:28:00,172,172,172,172,0
2022-01-21 11:29:00,172,172,172,172,0
2022-01-21 11:30:00,172,172,172,172,0
2022-01-21 11:31:00,172,172,172,172,0
2022-01-21 11:32:00,172,172,172,172,0
2022-01-21 11:33:00,172,172,172,172,0
2022-01-21 11:34:00,172,172,172,172,0
2022-01-21 11:35:00,172,172,172,172,0
2022-01-21 11:36:00,172,172,172,172,0
2022-01-21 11:37:00,172,172,172,172,0
2022-01-21 11:38:00,172,172,172,172,0
2022-01-21 11:39:00,172,172,172,172,0
2022-01-21 11:40:00,172,172,172,172,0
2022-01-21 11:41:00,172,172,172,172,0
2022-01-21 11:42:00,172,172,172,172,0
2022-01-21 11:43:00,172,172,172,172,0
2022-01-21 11:44:00,172,172,172,172,0
2022-01-21 11:45:00,172,172,172,172,0
2022-01-21 11:46:00,172,172,172,172,0
2022-01-21 11:47:00,172,172,172,172,0
2022-01-21 11:48:00,172,172,172,172,0
2022-01-21 11:49:00,172,172,172,172,0
2022-01-21 11:50:00,172,172,172,172,0
2022-01-21 11:51:00,172,172,172,172,0
2022-01-21 11:52:00,172,172,172,172,0
2022-01-21 11:53:00,172,172,172,172,0
2022-01-21 11:54:00,172,172,172,172,0
2022-01-21 11:55:00,172,172,172,172,0
2022-01-21 11:56:00,172,172,172,172,0
2022-01-21 11:57:00,172,172,172,172,0
2022-01-21 11:58:00,172,172,172,172,0
2022-01-21 11:59:00,172,172,172,172,0
2022-01-21 12:00:00,172,172,172,172,0
2022-01-21 12:01:00,172,172,172,172,0
2022-01-21 12:02:00,172,172,172,172,0
2022-01-21 12:03:00,172,172,172,172,0
2022-01-21 12:04:00,172,172,172,172,0
2022-01-21 12:05:00,172,172,172,172,0
2022-01-21 12:06:00,172,172,172,172,0
2022-01-21 12:07:00,172,172,172,172,0
2022-01-21 12:08:00,172,172,172,172,0
2022-01-21 12:09:00,172,172,172,172,0
2022-01-21 12:10:00,172,172,172,172,0
2022-01-21 12:11:00,172,172,172,172,0
2022-01-21 12:12:00,172,172,172,172,0
2022-01-21 12:13:00,172,172,172,172,0
2022-01-21 12:14:00,172,172,172,172,0
2022-01-21 12:15:00,172,172,172,172,0
2022-01-21 12:16:00,172,172,172,172,0
2022-01-21 12:17:00,172,172,172,172,0
2022-01-21 12:18:00,172,172,172,172,0
2022-01-21 12:19:00,172,172,172,172,0
2022-01-21 12:20:00,172,172,172,172,0
2022-01-21 12:21:00,172,172,172,172,0
2022-01-21 12:22:00,172,172,172,172,0
2022-01-21 12:23:00,172,172,172,172,0
2022-01-21 12:24:00,172,172,172,172,0
2022-01-21 12:25:00,172,172,172,172,0
2022-01-21 12:26:00,172,172,172,172,0
2022-01-21 12:27:00,172,172,172,172,0
2022-01-21 12:28:00,172,172,172,172,0
2022-01-21 12:29:00,172,172,172,172,0
2022-01-21 12:30:00,172,172,172,172,0
2022-01-21 12:31:00,172,172,172,172,0
2022-01-21 12:32:00,172,172,172,172,0
2022-01-21 12:33:00,172,172,172,172,0
2022-01-21 12:34:00,172,172,172,172,0
2022-01-21 12:35:00,172,172,172,172,0
2022-01-21 12:36:00,172,172,172,172,0
2022-01-21 12:37:00,172,172,172,172,0
2022-01-21 12:38:00,172,172,172,172,0
2022-01-21 12:39:00,172,172,172,172,0
2022-01-21 12:40:00,172,172,172,172,0
2022-01-21 12:41:00,172,172,172,172,0
2022-01-21 12:42:00,172,172,172,172,0
2022-01-21 12:43:00,172,172,172,172,0
2022-01-21 12:44:00,172,172,172,172,0
2022-01-21 12:45:00,172,172,172,172,0
2022-01-21 12:46:00,172,172,172,172,0
2022-01-21 12:47:00,172,172,172,172,0
2022-01-21 12:48:00,172,172,172,172,0
2022-01-21 12:49:00,172,172,172,172,0
2022-01-21 12:50:00,172,172,172,172,0
2022-01-21 12:51:00,172,172,172,172,0
2022-01-21 12:52:00,172,172,172,172,0
2022-01-21 12:53:00,172,172,172,172,0
2022-01-21 12:54:00,172,172,172,172,0
2022-01-21 12:55:00,172,172,172,172,0
2022-01-21 12:56:00,172,172,172,172,0
2022-01-21 12:57:00,172,172,172,172,0
2022-01-21 12:58:00,172,172,172,172,0
2022-01-21 12:59:00,172,172,172,172,0
2022-01-21 13:00:00,172,172,172,172,0
2022-01-21 13:01:00,172,172,172,172,0
2022-01-21 13:02:00,172,172,172,172,0
2022-01-21 13:03:00,172,172,172,172,0
2022-01-21 13:04:00,172,172,172,172,0
2022-01-21 13:05:00,172,172,172,172,0
2022-01-21 13:06:00,172,172,172,172,0
2022-01-21 13:07:00,172,172,172,172,0
2022-01-21 13:08:00,172,172,172,172,0
2022-01-21 13:09:00,172,172,172,172,0
2022-01-21 13:10:00,172,172,172,172,0
2022-01-21 13:11:00,172,172,172,172,0
2022-01-21 13:12:00,172,172,172,172,0
2022-01-21 13:13:00,172,172,172,172,0
2022-01-21 13:14:00,172,172,172,172,0
2022-01-21 13:15:00,172,172,172,172,0
2022-01-21 13:16:00,172,172,172,172,0
2022-01-21 13:17:00,172,172,172,172,0
2022-01-21 13:18:00,172,172,172,172,0
2022-01-21 13:19:00,172,172,172,172,0
2022-01-21 13:20:00,172,172,172,172,0
2022-01-21 13:21:00,172,172,172,172,0
2022-01-21 13:22:00,172,172,172,172,0
2022-01-21 13:23:00,172,172,172,172,0
2022-01-21 13:24:00,172,172,172,172,0
2022-01-21 13:25:00,172,172,172,172,0
2022-01-21 13:26:00,172,172,172,172,0
2022-01-21 13:27:00,172,172,172,172,0
2022-01-21 13:28:00,172,172,172,172,0
2022-01-21 13:29:00,172,172,172,172,0
2022-01-21 13:30:00,172,172,172,172,378300
2022-01-21 13:31:00,173,172,173,172,3100
2022-01-21 13:32:00,173,172,173,172,0
2022-01-21 13:33:00,173,172,173,172,0
2022-01-21 13:34:00,173,172,173,172,0
2022-01-21 13:35:00,173,173,173,173,1400
2022-01-21 13:36:00,172,172,172,172,25000
2022-01-21 13:37:00,173,173,173,173,100
2022-01-21 13:38:00,173,173,173,173,1000
2022-01-21 13:39:00,173,173,173,173,0
2022-01-21 13:40:00,173,173,173,173,3100
2022-01-21 13:41:00,172,172,172,172,5000
2022-01-21 13:42:00,173,173,173,173,100
2022-01-21 13:43:00,173,173,173,173,300
2022-01-21 13:44:00,172,172,172,172,5300
2022-01-21 13:45:00,172,172,172,172,0
2022-01-21 13:46:00,172,172,172,172,0
2022-01-21 13:47:00,172,172,172,172,0
2022-01-21 13:48:00,172,172,172,172,6500
2022-01-21 13:49:00,172,172,172,172,0
2022-01-21 13:50:00,172,172,172,172,100
2022-01-21 13:51:00,172,172,172,172,0
2022-01-21 13:52:00,172,172,172,172,0
2022-01-21 13:53:00,172,172,172,172,0
2022-01-21 13:54:00,172,172,172,172,0
2022-01-21 13:55:00,172,172,172,172,0
2022-01-21 13:56:00,172,172,172,172,2700
2022-01-21 13:57:00,172,172,172,172,0
2022-01-21 13:58:00,172,172,172,172,0
2022-01-21 13:59:00,172,172,172,172,0
2022-01-21 14:00:00,172,172,172,172,0
2022-01-21 14:01:00,172,172,172,172,300
2022-01-21 14:02:00,173,173,173,173,100
2022-01-21 14:03:00,172,172,172,172,5500
2022-01-21 14:04:00,172,172,172,172,0
2022-01-21 14:05:00,172,172,172,172,0
2022-01-21 14:06:00,172,172,172,172,0
2022-01-21 14:07:00,172,172,172,172,0
2022-01-21 14:08:00,172,172,172,172,0
2022-01-21 14:09:00,172,172,172,172,0
2022-01-21 14:10:00,172,172,172,172,0
2022-01-21 14:11:00,172,172,172,172,3100
2022-01-21 14:12:00,172,172,172,172,0
2022-01-21 14:13:00,172,172,172,172,0
2022-01-21 14:14:00,172,172,172,172,611900
2022-01-21 14:15:00,172,172,172,172,0
2022-01-21 14:16:00,172,172,172,172,0
2022-01-21 14:17:00,172,172,172,172,0
2022-01-21 14:18:00,172,172,172,172,5000
2022-01-21 14:19:00,172,172,172,172,50000
2022-01-21 14:20:00,173,173,173,173,46500
2022-01-21 14:21:00,173,173,173,173,100
2022-01-21 14:22:00,173,173,173,173,5700
2022-01-21 14:23:00,173,173,173,173,2700
2022-01-21 14:24:00,173,173,173,173,300
2022-01-21 14:25:00,173,173,173,173,0
2022-01-21 14:26:00,173,173,173,173,500
2022-01-21 14:27:00,172,172,172,172,6000
2022-01-21 14:28:00,173,173,173,173,600
2022-01-21 14:29:00,173,173,173,173,0
2022-01-21 14:30:00,173,173,173,173,0
2022-01-21 14:31:00,173,173,173,173,0
2022-01-21 14:32:00,173,173,173,173,0
2022-01-21 14:33:00,173,173,173,173,0
2022-01-21 14:34:00,173,173,173,173,0
2022-01-21 14:35:00,173,173,173,173,0
2022-01-21 14:36:00,173,173,173,173,0
2022-01-21 14:37:00,173,173,173,173,3600
2022-01-21 14:38:00,173,173,173,173,0
2022-01-21 14:39:00,172,172,173,173,3100
2022-01-21 14:40:00,172,172,173,173,0
2022-01-21 14:41:00,173,173,173,173,8300
2022-01-21 14:42:00,172,172,172,172,60000
2022-01-21 14:43:00,172,172,172,172,30000
2022-01-21 14:44:00,172,172,172,172,8000
2022-01-21 14:45:00,173,173,173,173,100
2022-01-21 14:46:00,173,172,173,172,510500
2022-01-21 14:47:00,173,172,173,172,6500
2022-01-21 14:48:00,173,172,173,172,0
2022-01-21 14:49:00,173,172,173,172,0
2022-01-21 14:50:00,173,172,173,172,0
2022-01-21 14:51:00,173,172,173,172,0
2022-01-21 14:52:00,173,172,173,172,0
2022-01-21 14:53:00,173,172,173,172,0
2022-01-21 14:54:00,173,172,173,172,0
2022-01-21 14:55:00,173,172,173,172,0
2022-01-21 14:56:00,173,172,173,172,0
2022-01-21 14:57:00,173,172,173,172,0
2022-01-21 14:58:00,173,172,173,172,0
2022-01-21 14:59:00,173,172,173,172,0
2022-01-21 15:00:00,173,173,173,173,173800
2022-01-21 15:01:00,173,173,173,173,9000
2022-01-21 15:02:00,173,173,173,173,0
2022-01-21 15:03:00,173,173,173,173,0
2022-01-21 15:04:00,173,173,173,173,10000
2022-01-21 15:05:00,173,173,173,173,0
2022-01-21 15:06:00,173,173,173,173,10000
2022-01-21 15:07:00,173,173,173,173,0
2022-01-21 15:08:00,173,173,173,173,110200
2022-01-21 15:09:00,173,173,173,173,0
2022-01-21 15:10:00,173,173,173,173,60000
2022-01-21 15:11:00,173,173,173,173,40000
2022-01-21 15:12:00,173,173,173,173,100
2022-01-21 15:13:00,173,173,173,173,0
2022-01-21 15:14:00,173,173,173,173,0
2022-01-21 15:15:00,173,173,173,173,0
2022-01-21 15:16:00,173,173,173,173,0
2022-01-21 15:17:00,173,173,173,173,0
2022-01-21 15:18:00,173,173,173,173,0
2022-01-21 15:19:00,173,173,173,173,0
2022-01-21 15:20:00,173,173,173,173,0
2022-01-21 15:21:00,173,173,173,173,0
2022-01-21 15:22:00,173,173,173,173,0
2022-01-21 15:23:00,173,173,173,173,0
2022-01-21 15:24:00,173,173,173,173,0
2022-01-21 15:25:00,173,173,173,173,0
2022-01-21 15:26:00,173,173,173,173,0
2022-01-21 15:27:00,173,173,173,173,0
2022-01-21 15:28:00,173,173,173,173,0
2022-01-21 15:29:00,173,173,173,173,0
2022-01-21 15:30:00,173,173,173,173,0
2022-01-21 15:31:00,173,173,173,173,0
2022-01-21 15:32:00,173,173,173,173,0
2022-01-21 15:33:00,173,173,173,173,0
2022-01-21 15:34:00,173,173,173,173,0
2022-01-21 15:35:00,173,173,173,173,0
2022-01-21 15:36:00,173,173,173,173,0
2022-01-21 15:37:00,173,173,173,173,0
2022-01-21 15:38:00,173,173,173,173,0
2022-01-21 15:39:00,173,173,173,173,0
2022-01-21 15:40:00,173,173,173,173,0
2022-01-21 15:41:00,173,173,173,173,0
2022-01-21 15:42:00,173,173,173,173,0
2022-01-21 15:43:00,173,173,173,173,0
2022-01-21 15:44:00,173,173,173,173,0
2022-01-21 15:45:00,173,173,173,173,0
2022-01-21 15:46:00,173,173,173,173,0
2022-01-21 15:47:00,173,173,173,173,0
2022-01-21 15:48:00,173,173,173,173,0
2022-01-21 15:49:00,173,173,173,173,0
2022-01-21 15:50:00,173,173,173,173,0
2022-01-21 15:51:00,173,173,173,173,0
2022-01-21 15:52:00,173,173,173,173,0
2022-01-21 15:53:00,173,173,173,173,0
2022-01-21 15:54:00,173,173,173,173,0
2022-01-21 15:55:00,173,173,173,173,0
2022-01-21 15:56:00,173,173,173,173,0
2022-01-21 15:57:00,173,173,173,173,0
2022-01-21 15:58:00,173,173,173,173,0
2022-01-21 15:59:00,173,173,173,173,0
2022-01-24 09:00:00,173,173,173,173,0
2022-01-24 09:01:00,173,173,173,173,0
2022-01-24 09:02:00,173,173,173,173,0
2022-01-24 09:03:00,173,173,173,173,0
2022-01-24 09:04:00,173,173,173,173,0
2022-01-24 09:05:00,173,173,173,173,0
2022-01-24 09:06:00,173,173,173,173,0
2022-01-24 09:07:00,173,173,173,173,0
2022-01-24 09:08:00,173,173,173,173,0
2022-01-24 09:09:00,173,173,173,173,0
2022-01-24 09:10:00,173,173,173,173,0
2022-01-24 09:11:00,173,173,173,173,0
2022-01-24 09:12:00,173,173,173,173,0
2022-01-24 09:13:00,173,173,173,173,0
2022-01-24 09:14:00,173,173,173,173,0
2022-01-24 09:15:00,173,173,173,173,0
2022-01-24 09:16:00,173,173,173,173,0
2022-01-24 09:17:00,173,173,173,173,0
2022-01-24 09:18:00,173,173,173,173,0
2022-01-24 09:19:00,173,173,173,173,0
2022-01-24 09:20:00,173,173,173,173,0
2022-01-24 09:21:00,173,173,173,173,0
2022-01-24 09:22:00,173,173,173,173,0
2022-01-24 09:23:00,173,173,173,173,0
2022-01-24 09:24:00,173,173,173,173,0
2022-01-24 09:25:00,173,173,173,173,0
2022-01-24 09:26:00,173,173,173,173,0
2022-01-24 09:27:00,173,173,173,173,0
2022-01-24 09:28:00,173,173,173,173,0
2022-01-24 09:29:00,173,173,173,173,0
2022-01-24 09:30:00,173,173,173,173,0
2022-01-24 09:31:00,173,173,173,173,0
2022-01-24 09:32:00,173,173,173,173,0
2022-01-24 09:33:00,173,173,173,173,0
2022-01-24 09:34:00,173,173,173,173,0
2022-01-24 09:35:00,173,173,173,173,0
2022-01-24 09:36:00,173,173,173,173,0
2022-01-24 09:37:00,173,173,173,173,0
2022-01-24 09:38:00,173,173,173,173,0
2022-01-24 09:39:00,173,173,173,173,0
2022-01-24 09:40:00,173,173,173,173,0
2022-01-24 09:41:00,173,173,173,173,0
2022-01-24 09:42:00,173,173,173,173,0
2022-01-24 09:43:00,173,173,173,173,0
2022-01-24 09:44:00,173,173,173,173,0
2022-01-24 09:45:00,173,173,173,173,0
2022-01-24 09:46:00,173,173,173,173,0
2022-01-24 09:47:00,173,173,173,173,0
2022-01-24 09:48:00,173,173,173,173,0
2022-01-24 09:49:00,173,173,173,173,0
2022-01-24 09:50:00,173,173,173,173,0
2022-01-24 09:51:00,173,173,173,173,0
2022-01-24 09:52:00,173,173,173,173,0
2022-01-24 09:53:00,173,173,173,173,0
2022-01-24 09:54:00,173,173,173,173,0
2022-01-24 09:55:00,173,173,173,173,0
2022-01-24 09:56:00,173,173,173,173,0
2022-01-24 09:57:00,173,173,173,173,0
2022-01-24 09:58:00,173,173,173,173,0
2022-01-24 09:59:00,173,173,173,173,0
2022-01-24 10:00:00,173,173,173,173,0
2022-01-24 10:01:00,173,173,173,173,0
2022-01-24 10:02:00,173,173,173,173,0
2022-01-24 10:03:00,173,173,173,173,0
2022-01-24 10:04:00,173,173,173,173,0
2022-01-24 10:05:00,173,173,173,173,0
2022-01-24 10:06:00,173,173,173,173,0
2022-01-24 10:07:00,173,173,173,173,0
2022-01-24 10:08:00,173,173,173,173,0
2022-01-24 10:09:00,173,173,173,173,0
2022-01-24 10:10:00,173,173,173,173,0
2022-01-24 10:11:00,173,173,173,173,0
2022-01-24 10:12:00,173,173,173,173,0
2022-01-24 10:13:00,173,173,173,173,0
2022-01-24 10:14:00,173,173,173,173,0
2022-01-24 10:15:00,173,173,173,173,0
2022-01-24 10:16:00,173,173,173,173,0
2022-01-24 10:17:00,173,173,173,173,0
2022-01-24 10:18:00,173,173,173,173,0
2022-01-24 10:19:00,173,173,173,173,0
2022-01-24 10:20:00,173,173,173,173,0
2022-01-24 10:21:00,173,173,173,173,0
2022-01-24 10:22:00,173,173,173,173,0
2022-01-24 10:23:00,173,173,173,173,0
2022-01-24 10:24:00,173,173,173,173,0
2022-01-24 10:25:00,173,173,173,173,0
2022-01-24 10:26:00,173,173,173,173,0
2022-01-24 10:27:00,173,173,173,173,0
2022-01-24 10:28:00,173,173,173,173,0
2022-01-24 10:29:00,173,173,173,173,0
2022-01-24 10:30:00,173,173,173,173,0
2022-01-24 10:31:00,173,173,173,173,0
2022-01-24 10:32:00,173,173,173,173,0
2022-01-24 10:33:00,173,173,173,173,0
2022-01-24 10:34:00,173,173,173,173,0
2022-01-24 10:35:00,173,173,173,173,0
2022-01-24 10:36:00,173,173,173,173,0
2022-01-24 10:37:00,173,173,173,173,0
2022-01-24 10:38:00,173,173,173,173,0
2022-01-24 10:39:00,173,173,173,173,0
2022-01-24 10:40:00,173,173,173,173,0
2022-01-24 10:41:00,173,173,173,173,0
2022-01-24 10:42:00,173,173,173,173,0
2022-01-24 10:43:00,173,173,173,173,0
2022-01-24 10:44:00,173,173,173,173,0
2022-01-24 10:45:00,173,173,173,173,0
2022-01-24 10:46:00,173,173,173,173,0
2022-01-24 10:47:00,173,173,173,173,0
2022-01-24 10:48:00,173,173,173,173,0
2022-01-24 10:49:00,173,173,173,173,0
2022-01-24 10:50:00,173,173,173,173,0
2022-01-24 10:51:00,173,173,173,173,0
2022-01-24 10:52:00,173,173,173,173,0
2022-01-24 10:53:00,173,173,173,173,0
2022-01-24 10:54:00,173,173,173,173,0
2022-01-24 10:55:00,173,173,173,173,0
2022-01-24 10:56:00,173,173,173,173,0
2022-01-24 10:57:00,173,173,173,173,0
2022-01-24 10:58:00,173,173,173,173,0
2022-01-24 10:59:00,173,173,173,173,0
2022-01-24 11:00:00,173,173,173,173,0
2022-01-24 11:01:00,173,173,173,173,0
2022-01-24 11:02:00,173,173,173,173,0
2022-01-24 11:03:00,173,173,173,173,0
2022-01-24 11:04:00,173,173,173,173,0
2022-01-24 11:05:00,173,173,173,173,0
2022-01-24 11:06:00,173,173,173,173,0
2022-01-24 11:07:00,173,173,173,173,0
2022-01-24 11:08:00,173,173,173,173,0
2022-01-24 11:09:00,173,173,173,173,0
2022-01-24 11:10:00,173,173,173,173,0
2022-01-24 11:11:00,173,173,173,173,0
2022-01-24 11:12:00,173,173,173,173,0
2022-01-24 11:13:00,173,173,173,173,0
2022-01-24 11:14:00,173,173,173,173,0
2022-01-24 11:15:00,173,173,173,173,0
2022-01-24 11:16:00,173,173,173,173,0
2022-01-24 11:17:00,173,173,173,173,0
2022-01-24 11:18:00,173,173,173,173,0
2022-01-24 11:19:00,173,173,173,173,0
2022-01-24 11:20:00,173,173,173,173,0
2022-01-24 11:21:00,173,173,173,173,0
2022-01-24 11:22:00,173,173,173,173,0
2022-01-24 11:23:00,173,173,173,173,0
2022-01-24 11:24:00,173,173,173,173,0
2022-01-24 11:25:00,173,173,173,173,0
2022-01-24 11:26:00,173,173,173,173,0
2022-01-24 11:27:00,173,173,173,173,0
2022-01-24 11:28:00,173,173,173,173,0
2022-01-24 11:29:00,173,173,173,173,0
2022-01-24 11:30:00,173,173,173,173,0
2022-01-24 11:31:00,173,173,173,173,0
2022-01-24 11:32:00,173,173,173,173,0
2022-01-24 11:33:00,173,173,173,173,0
2022-01-24 11:34:00,173,173,173,173,0
2022-01-24 11:35:00,173,173,173,173,0
2022-01-24 11:36:00,173,173,173,173,0
2022-01-24 11:37:00,173,173,173,173,0
2022-01-24 11:38:00,173,173,173,173,0
2022-01-24 11:39:00,173,173,173,173,0
2022-01-24 11:40:00,173,173,173,173,0
2022-01-24 11:41:00,173,173,173,173,0
2022-01-24 11:42:00,173,173,173,173,0
2022-01-24 11:43:00,173,173,173,173,0
2022-01-24 11:44:00,173,173,173,173,0
2022-01-24 11:45:00,173,173,173,173,0
2022-01-24 11:46:00,173,173,173,173,0
2022-01-24 11:47:00,173,173,173,173,0
2022-01-24 11:48:00,173,173,173,173,0
2022-01-24 11:49:00,173,173,173,173,0
2022-01-24 11:50:00,173,173,173,173,0
2022-01-24 11:51:00,173,173,173,173,0
2022-01-24 11:52:00,173,173,173,173,0
2022-01-24 11:53:00,173,173,173,173,0
2022-01-24 11:54:00,173,173,173,173,0
2022-01-24 11:55:00,173,173,173,173,0
2022-01-24 11:56:00,173,173,173,173,0
2022-01-24 11:57:00,173,173,173,173,0
2022-01-24 11:58:00,173,173,173,173,0
2022-01-24 11:59:00,173,173,173,173,0
2022-01-24 12:00:00,173,173,173,173,0
2022-01-24 12:01:00,173,173,173,173,0
2022-01-24 12:02:00,173,173,173,173,0
2022-01-24 12:03:00,173,173,173,173,0
2022-01-24 12:04:00,173,173,173,173,0
2022-01-24 12:05:00,173,173,173,173,0
2022-01-24 12:06:00,173,173,173,173,0
2022-01-24 12:07:00,173,173,173,173,0
2022-01-24 12:08:00,173,173,173,173,0
2022-01-24 12:09:00,173,173,173,173,0
2022-01-24 12:10:00,173,173,173,173,0
2022-01-24 12:11:00,173,173,173,173,0
2022-01-24 12:12:00,173,173,173,173,0
2022-01-24 12:13:00,173,173,173,173,0
2022-01-24 12:14:00,173,173,173,173,0
2022-01-24 12:15:00,173,173,173,173,0
2022-01-24 12:16:00,173,173,173,173,0
2022-01-24 12:17:00,173,173,173,173,0
2022-01-24 12:18:00,173,173,173,173,0
2022-01-24 12:19:00,173,173,173,173,0
2022-01-24 12:20:00,173,173,173,173,0
2022-01-24 12:21:00,173,173,173,173,0
2022-01-24 12:22:00,173,173,173,173,0
2022-01-24 12:23:00,173,173,173,173,0
2022-01-24 12:24:00,173,173,173,173,0
2022-01-24 12:25:00,173,173,173,173,0
2022-01-24 12:26:00,173,173,173,173,0
2022-01-24 12:27:00,173,173,173,173,0
2022-01-24 12:28:00,173,173,173,173,0
2022-01-24 12:29:00,173,173,173,173,0
2022-01-24 12:30:00,173,173,173,173,0
2022-01-24 12:31:00,173,173,173,173,0
2022-01-24 12:32:00,173,173,173,173,0
2022-01-24 12:33:00,173,173,173,173,0
2022-01-24 12:34:00,173,173,173,173,0
2022-01-24 12:35:00,173,173,173,173,0
2022-01-24 12:36:00,173,173,173,173,0
2022-01-24 12:37:00,173,173,173,173,0
2022-01-24 12:38:00,173,173,173,173,0
2022-01-24 12:39:00,173,173,173,173,0
2022-01-24 12:40:00,173,173,173,173,0
2022-01-24 12:41:00,173,173,173,173,0
2022-01-24 12:42:00,173,173,173,173,0
2022-01-24 12:43:00,173,173,173,173,0
2022-01-24 12:44:00,173,173,173,173,0
2022-01-24 12:45:00,173,173,173,173,0
2022-01-24 12:46:00,173,173,173,173,0
2022-01-24 12:47:00,173,173,173,173,0
2022-01-24 12:48:00,173,173,173,173,0
2022-01-24 12:49:00,173,173,173,173,0
2022-01-24 12:50:00,173,173,173,173,0
2022-01-24 12:51:00,173,173,173,173,0
2022-01-24 12:52:00,173,173,173,173,0
2022-01-24 12:53:00,173,173,173,173,0
2022-01-24 12:54:00,173,173,173,173,0
2022-01-24 12:55:00,173,173,173,173,0
2022-01-24 12:56:00,173,173,173,173,0
2022-01-24 12:57:00,173,173,173,173,0
2022-01-24 12:58:00,173,173,173,173,0
2022-01-24 12:59:00,173,173,173,173,0
2022-01-24 13:00:00,173,173,173,173,0
2022-01-24 13:01:00,173,173,173,173,0
2022-01-24 13:02:00,173,173,173,173,0
2022-01-24 13:03:00,173,173,173,173,0
2022-01-24 13:04:00,173,173,173,173,0
2022-01-24 13:05:00,173,173,173,173,0
2022-01-24 13:06:00,173,173,173,173,0
2022-01-24 13:07:00,173,173,173,173,0
2022-01-24 13:08:00,173,173,173,173,0
2022-01-24 13:09:00,173,173,173,173,0
2022-01-24 13:10:00,173,173,173,173,0
2022-01-24 13:11:00,173,173,173,173,0
2022-01-24 13:12:00,173,173,173,173,0
2022-01-24 13:13:00,173,173,173,173,0
2022-01-24 13:14:00,173,173,173,173,0
2022-01-24 13:15:00,173,173,173,173,0
2022-01-24 13:16:00,173,173,173,173,0
2022-01-24 13:17:00,173,173,173,173,0
2022-01-24 13:18:00,173,173,173,173,0
2022-01-24 13:19:00,173,173,173,173,0
2022-01-24 13:20:00,173,173,173,173,0
2022-01-24 13:21:00,173,173,173,173,0
2022-01-24 13:22:00,173,173,173,173,0
2022-01-24 13:23:00,173,173,173,173,0
2022-01-24 13:24:00,173,173,173,173,0
2022-01-24 13:25:00,173,173,173,173,0
2022-01-24 13:26:00,173,173,173,173,0
2022-01-24 13:27:00,173,173,173,173,0
2022-01-24 13:28:00,173,173,173,173,0
2022-01-24 13:29:00,173,173,173,173,0
2022-01-24 13:30:00,173,173,173,173,0
2022-01-24 13:31:00,173,173,173,173,0
2022-01-24 13:32:00,173,173,173,173,0
2022-01-24 13:33:00,173,173,173,173,0
2022-01-24 13:34:00,173,173,173,173,0
2022-01-24 13:35:00,173,173,173,173,0
2022-01-24 13:36:00,173,173,173,173,0
2022-01-24 13:37:00,173,173,173,173,0
2022-01-24 13:38:00,173,173,173,173,0
2022-01-24 13:39:00,173,173,173,173,0
2022-01-24 13:40:00,173,173,173,173,0
2022-01-24 13:41:00,173,173,173,173,0
2022-01-24 13:42:00,173,173,173,173,0
2022-01-24 13:43:00,173,173,173,173,0
2022-01-24 13:44:00,173,173,173,173,0
2022-01-24 13:45:00,173,173,173,173,0
2022-01-24 13:46:00,173,173,173,173,0
2022-01-24 13:47:00,173,173,173,173,0
2022-01-24 13:48:00,173,173,173,173,0
2022-01-24 13:49:00,173,173,173,173,0
2022-01-24 13:50:00,173,173,173,173,0
2022-01-24 13:51:00,173,173,173,173,0
2022-01-24 13:52:00,173,173,173,173,0
2022-01-24 13:53:00,173,173,173,173,0
2022-01-24 13:54:00,173,173,173,173,0
2022-01-24 13:55:00,173,173,173,173,0
2022-01-24 13:56:00,173,173,173,173,0
2022-01-24 13:57:00,173,173,173,173,0
2022-01-24 13:58:00,173,173,173,173,0
2022-01-24 13:59:00,173,173,173,173,0
2022-01-24 14:00:00,173,173,173,173,0
2022-01-24 14:01:00,173,173,173,173,0
2022-01-24 14:02:00,173,173,173,173,0
2022-01-24 14:03:00,173,173,173,173,0
2022-01-24 14:04:00,173,173,173,173,0
2022-01-24 14:05:00,173,173,173,173,0
2022-01-24 14:06:00,173,173,173,173,0
2022-01-24 14:07:00,173,173,173,173,0
2022-01-24 14:08:00,173,173,173,173,0
2022-01-24 14:09:00,173,173,173,173,0
2022-01-24 14:10:00,173,173,173,173,0
2022-01-24 14:11:00,173,173,173,173,0
2022-01-24 14:12:00,173,173,173,173,0
2022-01-24 14:13:00,173,173,173,173,0
2022-01-24 14:14:00,173,173,173,173,0
2022-01-24 14:15:00,173,173,173,173,0
2022-01-24 14:16:00,173,173,173,173,0
2022-01-24 14:17:00,173,173,173,173,0
2022-01-24 14:18:00,173,173,173,173,0
2022-01-24 14:19:00,173,173,173,173,0
2022-01-24 14:20:00,173,173,173,173,0
2022-01-24 14:21:00,173,173,173,173,0
2022-01-24 14:22:00,173,173,173,173,0
2022-01-24 14:23:00,173,173,173,173,0
2022-01-24 14:24:00,173,173,173,173,0
2022-01-24 14:25:00,173,173,173,173,0
2022-01-24 14:26:00,173,173,173,173,0
2022-01-24 14:27:00,173,173,173,173,0
2022-01-24 14:28:00,173,173,173,173,0
2022-01-24 14:29:00,173,173,173,173,0
2022-01-24 14:30:00,173,173,173,173,0
2022-01-24 14:31:00,173,173,173,173,0
2022-01-24 14:32:00,173,173,173,173,0
2022-01-24 14:33:00,173,173,173,173,0
2022-01-24 14:34:00,173,173,173,173,0
2022-01-24 14:35:00,173,173,173,173,0
2022-01-24 14:36:00,173,173,173,173,0
2022-01-24 14:37:00,173,173,173,173,0
2022-01-24 14:38:00,173,173,173,173,0
2022-01-24 14:39:00,173,173,173,173,0
2022-01-24 14:40:00,173,173,173,173,0
2022-01-24 14:41:00,173,173,173,173,0
2022-01-24 14:42:00,173,173,173,173,0
2022-01-24 14:43:00,173,173,173,173,0
2022-01-24 14:44:00,173,173,173,173,0
2022-01-24 14:45:00,173,173,173,173,0
2022-01-24 14:46:00,173,173,173,173,0
2022-01-24 14:47:00,173,173,173,173,0
2022-01-24 14:48:00,173,173,173,173,0
2022-01-24 14:49:00,173,173,173,173,0
2022-01-24 14:50:00,173,173,173,173,0
2022-01-24 14:51:00,173,173,173,173,0
2022-01-24 14:52:00,173,173,173,173,0
2022-01-24 14:53:00,173,173,173,173,0
2022-01-24 14:54:00,173,173,173,173,0
2022-01-24 14:55:00,173,173,173,173,0
2022-01-24 14:56:00,173,173,173,173,0
2022-01-24 14:57:00,173,173,173,173,0
2022-01-24 14:58:00,173,173,173,173,0
2022-01-24 14:59:00,173,173,173,173,0
2022-01-24 15:00:00,173,173,173,173,0
2022-01-24 15:01:00,173,173,173,173,0
2022-01-24 15:02:00,173,173,173,173,0
2022-01-24 15:03:00,173,173,173,173,0
2022-01-24 15:04:00,173,173,173,173,0
2022-01-24 15:05:00,173,173,173,173,0
2022-01-24 15:06:00,173,173,173,173,0
2022-01-24 15:07:00,173,173,173,173,0
2022-01-24 15:08:00,173,173,173,173,0
2022-01-24 15:09:00,173,173,173,173,0
2022-01-24 15:10:00,173,173,173,173,0
2022-01-24 15:11:00,173,173,173,173,0
2022-01-24 15:12:00,173,173,173,173,0
2022-01-24 15:13:00,173,173,173,173,0
2022-01-24 15:14:00,173,173,173,173,0
2022-01-24 15:15:00,173,173,173,173,0
2022-01-24 15:16:00,173,173,173,173,0
2022-01-24 15:17:00,173,173,173,173,0
2022-01-24 15:18:00,173,173,173,173,0
2022-01-24 15:19:00,173,173,173,173,0
2022-01-24 15:20:00,173,173,173,173,0
2022-01-24 15:21:00,173,173,173,173,0
2022-01-24 15:22:00,173,173,173,173,0
2022-01-24 15:23:00,173,173,173,173,0
2022-01-24 15:24:00,173,173,173,173,0
2022-01-24 15:25:00,173,173,173,173,0
2022-01-24 15:26:00,173,173,173,173,0
2022-01-24 15:27:00,173,173,173,173,0
2022-01-24 15:28:00,173,173,173,173,0
2022-01-24 15:29:00,173,173,173,173,0
2022-01-24 15:30:00,173,173,173,173,0
2022-01-24 15:31:00,173,173,173,173,0
2022-01-24 15:32:00,173,173,173,173,0
2022-01-24 15:33:00,173,173,173,173,0
2022-01-24 15:34:00,173,173,173,173,0
2022-01-24 15:35:00,173,173,173,173,0
2022-01-24 15:36:00,173,173,173,173,0
2022-01-24 15:37:00,173,173,173,173,0
2022-01-24 15:38:00,173,173,173,173,0
2022-01-24 15:39:00,173,173,173,173,0
2022-01-24 15:40:00,173,173,173,173,0
2022-01-24 15:41:00,173,173,173,173,0
2022-01-24 15:42:00,173,173,173,173,0
2022-01-24 15:43:00,173,173,173,173,0
2022-01-24 15:44:00,173,173,173,173,0
2022-01-24 15:45:00,173,173,173,173,0
2022-01-24 15:46:00,173,173,173,173,0
2022-01-24 15:47:00,173,173,173,173,0
2022-01-24 15:48:00,173,173,173,173,0
2022-01-24 15:49:00,173,173,173,173,0
2022-01-24 15:50:00,173,173,173,173,0
2022-01-24 15:51:00,173,173,173,173,0
2022-01-24 15:52:00,173,173,173,173,0
2022-01-24 15:53:00,173,173,173,173,0
2022-01-24 15:54:00,173,173,173,173,0
2022-01-24 15:55:00,173,173,173,173,0
2022-01-24 15:56:00,173,173,173,173,0
2022-01-24 15:57:00,173,173,173,173,0
2022-01-24 15:58:00,173,173,173,173,0
2022-01-24 15:59:00,173,173,173,173,0
2022-01-25 09:00:00,173,173,173,173,0
2022-01-25 09:01:00,173,173,173,173,0
2022-01-25 09:02:00,173,173,173,173,0
2022-01-25 09:03:00,173,173,173,173,0
2022-01-25 09:04:00,173,173,173,173,0
2022-01-25 09:05:00,173,173,173,173,0
2022-01-25 09:06:00,173,173,173,173,0
2022-01-25 09:07:00,173,173,173,173,0
2022-01-25 09:08:00,173,173,173,173,0
2022-01-25 09:09:00,173,173,173,173,0
2022-01-25 09:10:00,173,173,173,173,0
2022-01-25 09:11:00,173,173,173,173,0
2022-01-25 09:12:00,173,173,173,173,0
2022-01-25 09:13:00,173,173,173,173,0
2022-01-25 09:14:00,173,173,173,173,0
2022-01-25 09:15:00,173,173,173,173,0
2022-01-25 09:16:00,173,173,173,173,0
2022-01-25 09:17:00,173,173,173,173,0
2022-01-25 09:18:00,173,173,173,173,0
2022-01-25 09:19:00,173,173,173,173,0
2022-01-25 09:20:00,173,173,173,173,0
2022-01-25 09:21:00,173,173,173,173,0
2022-01-25 09:22:00,173,173,173,173,0
2022-01-25 09:23:00,173,173,173,173,0
2022-01-25 09:24:00,173,173,173,173,0
2022-01-25 09:25:00,173,173,173,173,0
2022-01-25 09:26:00,173,173,173,173,0
2022-01-25 09:27:00,173,173,173,173,0
2022-01-25 09:28:00,173,173,173,173,0
2022-01-25 09:29:00,173,173,173,173,0
2022-01-25 09:30:00,173,173,173,173,0
2022-01-25 09:31:00,173,173,173,173,0
2022-01-25 09:32:00,173,173,173,173,0
2022-01-25 09:33:00,173,173,173,173,0
2022-01-25 09:34:00,173,173,173,173,0
2022-01-25 09:35:00,173,173,173,173,0
2022-01-25 09:36:00,173,173,173,173,0
2022-01-25 09:37:00,173,173,173,173,0
2022-01-25 09:38:00,173,173,173,173,0
2022-01-25 09:39:00,173,173,173,173,0
2022-01-25 09:40:00,173,173,173,173,0
2022-01-25 09:41:00,173,173,173,173,0
2022-01-25 09:42:00,173,173,173,173,0
2022-01-25 09:43:00,173,173,173,173,0
2022-01-25 09:44:00,173,173,173,173,0
2022-01-25 09:45:00,173,173,173,173,0
2022-01-25 09:46:00,173,173,173,173,0
2022-01-25 09:47:00,173,173,173,173,0
2022-01-25 09:48:00,173,173,173,173,0
2022-01-25 09:49:00,173,173,173,173,0
2022-01-25 09:50:00,173,173,173,173,0
2022-01-25 09:51:00,173,173,173,173,0
2022-01-25 09:52:00,173,173,173,173,0
2022-01-25 09:53:00,173,173,173,173,0
2022-01-25 09:54:00,173,173,173,173,0
2022-01-25 09:55:00,173,173,173,173,0
2022-01-25 09:56:00,173,173,173,173,0
2022-01-25 09:57:00,173,173,173,173,0
2022-01-25 09:58:00,173,173,173,173,0
2022-01-25 09:59:00,173,173,173,173,0
2022-01-25 10:00:00,173,173,173,173,0
2022-01-25 10:01:00,173,173,173,173,0
2022-01-25 10:02:00,173,173,173,173,0
2022-01-25 10:03:00,173,173,173,173,0
2022-01-25 10:04:00,173,173,173,173,0
2022-01-25 10:05:00,173,173,173,173,0
2022-01-25 10:06:00,173,173,173,173,0
2022-01-25 10:07:00,173,173,173,173,0
2022-01-25 10:08:00,173,173,173,173,0
2022-01-25 10:09:00,173,173,173,173,0
2022-01-25 10:10:00,173,173,173,173,0
2022-01-25 10:11:00,173,173,173,173,0
2022-01-25 10:12:00,173,173,173,173,0
2022-01-25 10:13:00,173,173,173,173,0
2022-01-25 10:14:00,173,173,173,173,0
2022-01-25 10:15:00,173,173,173,173,0
2022-01-25 10:16:00,173,173,173,173,0
2022-01-25 10:17:00,173,173,173,173,0
2022-01-25 10:18:00,173,173,173,173,0
2022-01-25 10:19:00,173,173,173,173,0
2022-01-25 10:20:00,173,173,173,173,0
2022-01-25 10:21:00,173,173,173,173,0
2022-01-25 10:22:00,173,173,173,173,0
2022-01-25 10:23:00,173,173,173,173,0
2022-01-25 10:24:00,173,173,173,173,0
2022-01-25 10:25:00,173,173,173,173,0
2022-01-25 10:26:00,173,173,173,173,0
2022-01-25 10:27:00,173,173,173,173,0
2022-01-25 10:28:00,173,173,173,173,0
2022-01-25 10:29:00,173,173,173,173,0
2022-01-25 10:30:00,173,173,173,173,0
2022-01-25 10:31:00,173,173,173,173,0
2022-01-25 10:32:00,173,173,173,173,0
2022-01-25 10:33:00,173,173,173,173,0
2022-01-25 10:34:00,173,173,173,173,0
2022-01-25 10:35:00,173,173,173,173,0
2022-01-25 10:36:00,173,173,173,173,0
2022-01-25 10:37:00,173,173,173,173,0
2022-01-25 10:38:00,173,173,173,173,0
2022-01-25 10:39:00,173,173,173,173,0
2022-01-25 10:40:00,173,173,173,173,0
2022-01-25 10:41:00,173,173,173,173,0
2022-01-25 10:42:00,173,173,173,173,0
2022-01-25 10:43:00,173,173,173,173,0
2022-01-25 10:44:00,173,173,173,173,0
2022-01-25 10:45:00,173,173,173,173,0
2022-01-25 10:46:00,173,173,173,173,0
2022-01-25 10:47:00,173,173,173,173,0
2022-01-25 10:48:00,173,173,173,173,0
2022-01-25 10:49:00,173,173,173,173,0
2022-01-25 10:50:00,173,173,173,173,0
2022-01-25 10:51:00,173,173,173,173,0
2022-01-25 10:52:00,173,173,173,173,0
2022-01-25 10:53:00,173,173,173,173,0
2022-01-25 10:54:00,173,173,173,173,0
2022-01-25 10:55:00,173,173,173,173,0
2022-01-25 10:56:00,173,173,173,173,0
2022-01-25 10:57:00,173,173,173,173,0
2022-01-25 10:58:00,173,173,173,173,0
2022-01-25 10:59:00,173,173,173,173,0
2022-01-25 11:00:00,173,173,173,173,0
2022-01-25 11:01:00,173,173,173,173,0
2022-01-25 11:02:00,173,173,173,173,0
2022-01-25 11:03:00,173,173,173,173,0
2022-01-25 11:04:00,173,173,173,173,0
2022-01-25 11:05:00,173,173,173,173,0
2022-01-25 11:06:00,173,173,173,173,0
2022-01-25 11:07:00,173,173,173,173,0
2022-01-25 11:08:00,173,173,173,173,0
2022-01-25 11:09:00,173,173,173,173,0
2022-01-25 11:10:00,173,173,173,173,0
2022-01-25 11:11:00,173,173,173,173,0
2022-01-25 11:12:00,173,173,173,173,0
2022-01-25 11:13:00,173,173,173,173,0
2022-01-25 11:14:00,173,173,173,173,0
2022-01-25 11:15:00,173,173,173,173,0
2022-01-25 11:16:00,173,173,173,173,0
2022-01-25 11:17:00,173,173,173,173,0
2022-01-25 11:18:00,173,173,173,173,0
2022-01-25 11:19:00,173,173,173,173,0
2022-01-25 11:20:00,173,173,173,173,0
2022-01-25 11:21:00,173,173,173,173,0
2022-01-25 11:22:00,173,173,173,173,0
2022-01-25 11:23:00,173,173,173,173,0
2022-01-25 11:24:00,173,173,173,173,0
2022-01-25 11:25:00,173,173,173,173,0
2022-01-25 11:26:00,173,173,173,173,0
2022-01-25 11:27:00,173,173,173,173,0
2022-01-25 11:28:00,173,173,173,173,0
2022-01-25 11:29:00,173,173,173,173,0
2022-01-25 11:30:00,173,173,173,173,0
2022-01-25 11:31:00,173,173,173,173,0
2022-01-25 11:32:00,173,173,173,173,0
2022-01-25 11:33:00,173,173,173,173,0
2022-01-25 11:34:00,173,173,173,173,0
2022-01-25 11:35:00,173,173,173,173,0
2022-01-25 11:36:00,173,173,173,173,0
2022-01-25 11:37:00,173,173,173,173,0
2022-01-25 11:38:00,173,173,173,173,0
2022-01-25 11:39:00,173,173,173,173,0
2022-01-25 11:40:00,173,173,173,173,0
2022-01-25 11:41:00,173,173,173,173,0
2022-01-25 11:42:00,173,173,173,173,0
2022-01-25 11:43:00,173,173,173,173,0
2022-01-25 11:44:00,173,173,173,173,0
2022-01-25 11:45:00,173,173,173,173,0
2022-01-25 11:46:00,173,173,173,173,0
2022-01-25 11:47:00,173,173,173,173,0
2022-01-25 11:48:00,173,173,173,173,0
2022-01-25 11:49:00,173,173,173,173,0
2022-01-25 11:50:00,173,173,173,173,0
2022-01-25 11:51:00,173,173,173,173,0
2022-01-25 11:52:00,173,173,173,173,0
2022-01-25 11:53:00,173,173,173,173,0
2022-01-25 11:54:00,173,173,173,173,0
2022-01-25 11:55:00,173,173,173,173,0
2022-01-25 11:56:00,173,173,173,173,0
2022-01-25 11:57:00,173,173,173,173,0
2022-01-25 11:58:00,173,173,173,173,0
2022-01-25 11:59:00,173,173,173,173,0
2022-01-25 12:00:00,173,173,173,173,0
2022-01-25 12:01:00,173,173,173,173,0
2022-01-25 12:02:00,173,173,173,173,0
2022-01-25 12:03:00,173,173,173,173,0
2022-01-25 12:04:00,173,173,173,173,0
2022-01-25 12:05:00,173,173,173,173,0
2022-01-25 12:06:00,173,173,173,173,0
2022-01-25 12:07:00,173,173,173,173,0
2022-01-25 12:08:00,173,173,173,173,0
2022-01-25 12:09:00,173,173,173,173,0
2022-01-25 12:10:00,173,173,173,173,0
2022-01-25 12:11:00,173,173,173,173,0
2022-01-25 12:12:00,173,173,173,173,0
2022-01-25 12:13:00,173,173,173,173,0
2022-01-25 12:14:00,173,173,173,173,0
2022-01-25 12:15:00,173,173,173,173,0
2022-01-25 12:16:00,173,173,173,173,0
2022-01-25 12:17:00,173,173,173,173,0
2022-01-25 12:18:00,173,173,173,173,0
2022-01-25 12:19:00,173,173,173,173,0
2022-01-25 12:20:00,173,173,173,173,0
2022-01-25 12:21:00,173,173,173,173,0
2022-01-25 12:22:00,173,173,173,173,0
2022-01-25 12:23:00,173,173,173,173,0
2022-01-25 12:24:00,173,173,173,173,0
2022-01-25 12:25:00,173,173,173,173,0
2022-01-25 12:26:00,173,173,173,173,0
2022-01-25 12:27:00,173,173,173,173,0
2022-01-25 12:28:00,173,173,173,173,0
2022-01-25 12:29:00,173,173,173,173,0
2022-01-25 12:30:00,173,173,173,173,0
2022-01-25 12:31:00,173,173,173,173,0
2022-01-25 12:32:00,173,173,173,173,0
2022-01-25 12:33:00,173,173,173,173,0
2022-01-25 12:34:00,173,173,173,173,0
2022-01-25 12:35:00,173,173,173,173,0
2022-01-25 12:36:00,173,173,173,173,0
2022-01-25 12:37:00,173,173,173,173,0
2022-01-25 12:38:00,173,173,173,173,0
2022-01-25 12:39:00,173,173,173,173,0
2022-01-25 12:40:00,173,173,173,173,0
2022-01-25 12:41:00,173,173,173,173,0
2022-01-25 12:42:00,173,173,173,173,0
2022-01-25 12:43:00,173,173,173,173,0
2022-01-25 12:44:00,173,173,173,173,0
2022-01-25 12:45:00,173,173,173,173,0
2022-01-25 12:46:00,173,173,173,173,0
2022-01-25 12:47:00,173,173,173,173,0
2022-01-25 12:48:00,173,173,173,173,0
2022-01-25 12:49:00,173,173,173,173,0
2022-01-25 12:50:00,173,173,173,173,0
2022-01-25 12:51:00,173,173,173,173,0
2022-01-25 12:52:00,173,173,173,173,0
2022-01-25 12:53:00,173,173,173,173,0
2022-01-25 12:54:00,173,173,173,173,0
2022-01-25 12:55:00,173,173,173,173,0
2022-01-25 12:56:00,173,173,173,173,0
2022-01-25 12:57:00,173,173,173,173,0
2022-01-25 12:58:00,173,173,173,173,0
2022-01-25 12:59:00,173,173,173,173,0
2022-01-25 13:00:00,173,173,173,173,0
2022-01-25 13:01:00,173,173,173,173,0
2022-01-25 13:02:00,173,173,173,173,0
2022-01-25 13:03:00,173,173,173,173,0
2022-01-25 13:04:00,173,173,173,173,0
2022-01-25 13:05:00,173,173,173,173,0
2022-01-25 13:06:00,173,173,173,173,0
2022-01-25 13:07:00,173,173,173,173,0
2022-01-25 13:08:00,173,173,173,173,0
2022-01-25 13:09:00,173,173,173,173,0
2022-01-25 13:10:00,173,173,173,173,0
2022-01-25 13:11:00,173,173,173,173,0
2022-01-25 13:12:00,173,173,173,173,0
2022-01-25 13:13:00,173,173,173,173,0
2022-01-25 13:14:00,173,173,173,173,0
2022-01-25 13:15:00,173,173,173,173,0
2022-01-25 13:16:00,173,173,173,173,0
2022-01-25 13:17:00,173,173,173,173,0
2022-01-25 13:18:00,173,173,173,173,0
2022-01-25 13:19:00,173,173,173,173,0
2022-01-25 13:20:00,173,173,173,173,0
2022-01-25 13:21:00,173,173,173,173,0
2022-01-25 13:22:00,173,173,173,173,0
2022-01-25 13:23:00,173,173,173,173,0
2022-01-25 13:24:00,173,173,173,173,0
2022-01-25 13:25:00,173,173,173,173,0
2022-01-25 13:26:00,173,173,173,173,0
2022-01-25 13:27:00,173,173,173,173,0
2022-01-25 13:28:00,173,173,173,173,0
2022-01-25 13:29:00,173,173,173,173,0
2022-01-25 13:30:00,173,173,173,173,0
2022-01-25 13:31:00,173,173,173,173,0
2022-01-25 13:32:00,173,173,173,173,0
2022-01-25 13:33:00,173,173,173,173,0
2022-01-25 13:34:00,173,173,173,173,0
2022-01-25 13:35:00,173,173,173,173,0
2022-01-25 13:36:00,173,173,173,173,0
2022-01-25 13:37:00,173,173,173,173,0
2022-01-25 13:38:00,173,173,173,173,0
2022-01-25 13:39:00,173,173,173,173,0
2022-01-25 13:40:00,173,173,173,173,0
2022-01-25 13:41:00,173,173,173,173,0
2022-01-25 13:42:00,173,173,173,173,0
2022-01-25 13:43:00,173,173,173,173,0
2022-01-25 13:44:00,173,173,173,173,0
2022-01-25 13:45:00,173,173,173,173,0
2022-01-25 13:46:00,173,173,173,173,0
2022-01-25 13:47:00,173,173,173,173,0
2022-01-25 13:48:00,173,173,173,173,0
2022-01-25 13:49:00,173,173,173,173,0
2022-01-25 13:50:00,173,173,173,173,0
2022-01-25 13:51:00,173,173,173,173,0
2022-01-25 13:52:00,173,173,173,173,0
2022-01-25 13:53:00,173,173,173,173,0
2022-01-25 13:54:00,173,173,173,173,0
2022-01-25 13:55:00,173,173,173,173,0
2022-01-25 13:56:00,173,173,173,173,0
2022-01-25 13:57:00,173,173,173,173,0
2022-01-25 13:58:00,173,173,173,173,0
2022-01-25 13:59:00,173,173,173,173,0
2022-01-25 14:00:00,173,173,173,173,0
2022-01-25 14:01:00,173,173,173,173,0
2022-01-25 14:02:00,173,173,173,173,0
2022-01-25 14:03:00,173,173,173,173,0
2022-01-25 14:04:00,173,173,173,173,0
2022-01-25 14:05:00,173,173,173,173,0
2022-01-25 14:06:00,173,173,173,173,0
2022-01-25 14:07:00,173,173,173,173,0
2022-01-25 14:08:00,173,173,173,173,0
2022-01-25 14:09:00,173,173,173,173,0
2022-01-25 14:10:00,173,173,173,173,0
2022-01-25 14:11:00,173,173,173,173,0
2022-01-25 14:12:00,173,173,173,173,0
2022-01-25 14:13:00,173,173,173,173,0
2022-01-25 14:14:00,173,173,173,173,0
2022-01-25 14:15:00,173,173,173,173,0
2022-01-25 14:16:00,173,173,173,173,0
2022-01-25 14:17:00,173,173,173,173,0
2022-01-25 14:18:00,173,173,173,173,0
2022-01-25 14:19:00,173,173,173,173,0
2022-01-25 14:20:00,173,173,173,173,0
2022-01-25 14:21:00,173,173,173,173,0
2022-01-25 14:22:00,173,173,173,173,0
2022-01-25 14:23:00,173,173,173,173,0
2022-01-25 14:24:00,173,173,173,173,0
2022-01-25 14:25:00,173,173,173,173,0
2022-01-25 14:26:00,173,173,173,173,0
2022-01-25 14:27:00,173,173,173,173,0
2022-01-25 14:28:00,173,173,173,173,0
2022-01-25 14:29:00,173,173,173,173,0
2022-01-25 14:30:00,173,173,173,173,0
2022-01-25 14:31:00,173,173,173,173,0
2022-01-25 14:32:00,173,173,173,173,0
2022-01-25 14:33:00,173,173,173,173,0
2022-01-25 14:34:00,173,173,173,173,0
2022-01-25 14:35:00,173,173,173,173,0
2022-01-25 14:36:00,173,173,173,173,0
2022-01-25 14:37:00,173,173,173,173,0
2022-01-25 14:38:00,173,173,173,173,0
2022-01-25 14:39:00,173,173,173,173,0
2022-01-25 14:40:00,173,173,173,173,0
2022-01-25 14:41:00,173,173,173,173,0
2022-01-25 14:42:00,173,173,173,173,0
2022-01-25 14:43:00,173,173,173,173,0
2022-01-25 14:44:00,173,173,173,173,0
2022-01-25 14:45:00,173,173,173,173,0
2022-01-25 14:46:00,173,173,173,173,0
2022-01-25 14:47:00,173,173,173,173,0
2022-01-25 14:48:00,173,173,173,173,0
2022-01-25 14:49:00,173,173,173,173,0
2022-01-25 14:50:00,173,173,173,173,0
2022-01-25 14:51:00,173,173,173,173,0
2022-01-25 14:52:00,173,173,173,173,0
2022-01-25 14:53:00,173,173,173,173,0
2022-01-25 14:54:00,173,173,173,173,0
2022-01-25 14:55:00,173,173,173,173,0
2022-01-25 14:56:00,173,173,173,173,0
2022-01-25 14:57:00,173,173,173,173,0
2022-01-25 14:58:00,173,173,173,173,0
2022-01-25 14:59:00,173,173,173,173,0
2022-01-25 15:00:00,173,173,173,173,0
2022-01-25 15:01:00,173,173,173,173,0
2022-01-25 15:02:00,173,173,173,173,0
2022-01-25 15:03:00,173,173,173,173,0
2022-01-25 15:04:00,173,173,173,173,0
2022-01-25 15:05:00,173,173,173,173,0
2022-01-25 15:06:00,173,173,173,173,0
2022-01-25 15:07:00,173,173,173,173,0
2022-01-25 15:08:00,173,173,173,173,0
2022-01-25 15:09:00,173,173,173,173,0
2022-01-25 15:10:00,173,173,173,173,0
2022-01-25 15:11:00,173,173,173,173,0
2022-01-25 15:12:00,173,173,173,173,0
2022-01-25 15:13:00,173,173,173,173,0
2022-01-25 15:14:00,173,173,173,173,0
2022-01-25 15:15:00,173,173,173,173,0
2022-01-25 15:16:00,173,173,173,173,0
2022-01-25 15:17:00,173,173,173,173,0
2022-01-25 15:18:00,173,173,173,173,0
2022-01-25 15:19:00,173,173,173,173,0
2022-01-25 15:20:00,173,173,173,173,0
2022-01-25 15:21:00,173,173,173,173,0
2022-01-25 15:22:00,173,173,173,173,0
2022-01-25 15:23:00,173,173,173,173,0
2022-01-25 15:24:00,173,173,173,173,0
2022-01-25 15:25:00,173,173,173,173,0
2022-01-25 15:26:00,173,173,173,173,0
2022-01-25 15:27:00,173,173,173,173,0
2022-01-25 15:28:00,173,173,173,173,0
2022-01-25 15:29:00,173,173,173,173,0
2022-01-25 15:30:00,173,173,173,173,0
2022-01-25 15:31:00,173,173,173,173,0
2022-01-25 15:32:00,173,173,173,173,0
2022-01-25 15:33:00,173,173,173,173,0
2022-01-25 15:34:00,173,173,173,173,0
2022-01-25 15:35:00,173,173,173,173,0
2022-01-25 15:36:00,173,173,173,173,0
2022-01-25 15:37:00,173,173,173,173,0
2022-01-25 15:38:00,173,173,173,173,0
2022-01-25 15:39:00,173,173,173,173,0
2022-01-25 15:40:00,173,173,173,173,0
2022-01-25 15:41:00,173,173,173,173,0
2022-01-25 15:42:00,173,173,173,173,0
2022-01-25 15:43:00,173,173,173,173,0
2022-01-25 15:44:00,173,173,173,173,0
2022-01-25 15:45:00,173,173,173,173,0
2022-01-25 15:46:00,173,173,173,173,0
2022-01-25 15:47:00,173,173,173,173,0
2022-01-25 15:48:00,173,173,173,173,0
2022-01-25 15:49:00,173,173,173,173,0
2022-01-25 15:50:00,173,173,173,173,0
2022-01-25 15:51:00,173,173,173,173,0
2022-01-25 15:52:00,173,173,173,173,0
2022-01-25 15:53:00,173,173,173,173,0
2022-01-25 15:54:00,173,173,173,173,0
2022-01-25 15:55:00,173,173,173,173,0
2022-01-25 15:56:00,173,173,173,173,0
2022-01-25 15:57:00,173,173,173,173,0
2022-01-25 15:58:00,173,173,173,173,0
2022-01-25 15:59:00,173,173,173,173,0
2022-01-26 09:00:00,173,173,173,173,0
2022-01-26 09:01:00,173,173,173,173,0
2022-01-26 09:02:00,173,173,173,173,0
2022-01-26 09:03:00,173,173,173,173,0
2022-01-26 09:04:00,173,173,173,173,0
2022-01-26 09:05:00,173,173,173,173,0
2022-01-26 09:06:00,173,173,173,173,0
2022-01-26 09:07:00,173,173,173,173,0
2022-01-26 09:08:00,173,173,173,173,11400
2022-01-26 09:09:00,172,172,172,172,0
2022-01-26 09:10:00,172,172,172,172,0
2022-01-26 09:11:00,172,172,172,172,0
2022-01-26 09:12:00,172,172,172,172,0
2022-01-26 09:13:00,172,172,172,172,0
2022-01-26 09:14:00,172,172,172,172,0
2022-01-26 09:15:00,173,173,173,173,50900
2022-01-26 09:16:00,173,173,173,173,0
2022-01-26 09:17:00,173,173,173,173,0
2022-01-26 09:18:00,173,173,173,173,0
2022-01-26 09:19:00,173,173,173,173,0
2022-01-26 09:20:00,173,173,173,173,59400
2022-01-26 09:21:00,173,173,173,173,195900
2022-01-26 09:22:00,173,173,173,173,0
2022-01-26 09:23:00,173,173,173,173,0
2022-01-26 09:24:00,173,173,173,173,301500
2022-01-26 09:25:00,172,172,172,172,28400
2022-01-26 09:26:00,172,172,172,172,0
2022-01-26 09:27:00,172,172,172,172,0
2022-01-26 09:28:00,172,172,172,172,0
2022-01-26 09:29:00,172,172,172,172,0
2022-01-26 09:30:00,172,172,172,172,20100
2022-01-26 09:31:00,172,172,172,172,0
2022-01-26 09:32:00,172,172,172,172,0
2022-01-26 09:33:00,172,172,172,172,186300
2022-01-26 09:34:00,172,172,172,172,0
2022-01-26 09:35:00,172,172,172,172,0
2022-01-26 09:36:00,172,172,172,172,0
2022-01-26 09:37:00,172,172,172,172,0
2022-01-26 09:38:00,172,172,172,172,0
2022-01-26 09:39:00,172,172,172,172,0
2022-01-26 09:40:00,172,172,172,172,0
2022-01-26 09:41:00,172,172,172,172,0
2022-01-26 09:42:00,172,172,172,172,0
2022-01-26 09:43:00,172,172,172,172,0
2022-01-26 09:44:00,172,172,172,172,0
2022-01-26 09:45:00,172,172,172,172,0
2022-01-26 09:46:00,172,172,172,172,0
2022-01-26 09:47:00,172,172,172,172,0
2022-01-26 09:48:00,172,172,172,172,559500
2022-01-26 09:49:00,172,172,172,172,0
2022-01-26 09:50:00,172,172,172,172,0
2022-01-26 09:51:00,172,172,172,172,0
2022-01-26 09:52:00,173,173,173,173,0
2022-01-26 09:53:00,173,173,173,173,0
2022-01-26 09:54:00,173,173,173,173,0
2022-01-26 09:55:00,173,173,173,173,0
2022-01-26 09:56:00,173,173,173,173,0
2022-01-26 09:57:00,173,173,173,173,0
2022-01-26 09:58:00,173,173,173,173,596000
2022-01-26 09:59:00,173,173,173,173,0
2022-01-26 10:00:00,173,173,173,173,0
2022-01-26 10:01:00,172,172,172,172,0
2022-01-26 10:02:00,172,172,172,172,0
2022-01-26 10:03:00,172,172,172,172,0
2022-01-26 10:04:00,172,172,172,172,0
2022-01-26 10:05:00,172,172,172,172,0
2022-01-26 10:06:00,173,173,173,173,604400
2022-01-26 10:07:00,172,172,172,172,0
2022-01-26 10:08:00,172,172,172,172,0
2022-01-26 10:09:00,172,172,172,172,0
2022-01-26 10:10:00,172,172,172,172,990000
2022-01-26 10:11:00,172,171,172,172,25300
2022-01-26 10:12:00,171,171,172,171,1017200
2022-01-26 10:13:00,171,171,172,171,0
2022-01-26 10:14:00,171,171,172,171,0
2022-01-26 10:15:00,171,171,172,171,0
2022-01-26 10:16:00,171,171,172,171,0
2022-01-26 10:17:00,171,171,172,171,0
2022-01-26 10:18:00,171,171,172,171,0
2022-01-26 10:19:00,171,171,171,171,177500
2022-01-26 10:20:00,171,171,171,171,0
2022-01-26 10:21:00,171,171,171,171,0
2022-01-26 10:22:00,171,171,171,171,0
2022-01-26 10:23:00,172,172,172,172,2300
2022-01-26 10:24:00,171,171,171,171,533000
2022-01-26 10:25:00,171,171,171,171,0
2022-01-26 10:26:00,170,170,170,170,0
2022-01-26 10:27:00,170,170,170,170,0
2022-01-26 10:28:00,170,170,170,170,0
2022-01-26 10:29:00,171,171,171,171,2602700
2022-01-26 10:30:00,171,171,171,171,0
2022-01-26 10:31:00,171,171,171,171,0
2022-01-26 10:32:00,171,171,171,171,0
2022-01-26 10:33:00,171,171,171,171,0
2022-01-26 10:34:00,171,171,171,171,0
2022-01-26 10:35:00,171,171,171,171,0
2022-01-26 10:36:00,171,171,171,171,0
2022-01-26 10:37:00,170,170,171,171,2624000
2022-01-26 10:38:00,170,170,170,170,10000
2022-01-26 10:39:00,170,170,170,170,0
2022-01-26 10:40:00,170,170,170,170,0
2022-01-26 10:41:00,170,170,170,170,0
2022-01-26 10:42:00,170,170,170,170,0
2022-01-26 10:43:00,170,170,170,170,0
2022-01-26 10:44:00,170,170,170,170,0
2022-01-26 10:45:00,170,170,170,170,0
2022-01-26 10:46:00,170,170,170,170,2647600
2022-01-26 10:47:00,170,170,170,170,0
2022-01-26 10:48:00,170,170,170,170,0
2022-01-26 10:49:00,170,170,170,170,0
2022-01-26 10:50:00,170,170,170,170,0
2022-01-26 10:51:00,170,170,170,170,0
2022-01-26 10:52:00,170,170,170,170,0
2022-01-26 10:53:00,170,170,170,170,0
2022-01-26 10:54:00,170,170,170,170,0
2022-01-26 10:55:00,170,170,170,170,0
2022-01-26 10:56:00,170,170,170,170,0
2022-01-26 10:57:00,170,170,170,170,0
2022-01-26 10:58:00,170,170,170,170,0
2022-01-26 10:59:00,170,170,170,170,0
2022-01-26 11:00:00,170,170,170,170,0
2022-01-26 11:01:00,170,170,170,170,0
2022-01-26 11:02:00,170,170,170,170,0
2022-01-26 11:03:00,170,170,170,170,0
2022-01-26 11:04:00,170,170,170,170,0
2022-01-26 11:05:00,171,171,171,171,0
2022-01-26 11:06:00,171,171,171,171,0
2022-01-26 11:07:00,171,171,171,171,0
2022-01-26 11:08:00,171,171,171,171,0
2022-01-26 11:09:00,170,170,170,170,2808700
2022-01-26 11:10:00,167,167,168,168,402700
2022-01-26 11:11:00,168,167,168,168,7100
2022-01-26 11:12:00,168,168,168,168,16300
2022-01-26 11:13:00,168,168,168,168,42100
2022-01-26 11:14:00,168,168,169,169,13700
2022-01-26 11:15:00,170,170,170,170,0
2022-01-26 11:16:00,170,170,171,171,3302900
2022-01-26 11:17:00,170,170,171,171,0
2022-01-26 11:18:00,170,170,171,171,0
2022-01-26 11:19:00,170,170,171,171,0
2022-01-26 11:20:00,170,170,171,171,0
2022-01-26 11:21:00,170,170,171,171,0
2022-01-26 11:22:00,170,170,170,170,0
2022-01-26 11:23:00,170,170,170,170,0
2022-01-26 11:24:00,170,170,170,170,0
2022-01-26 11:25:00,169,169,169,169,0
2022-01-26 11:26:00,169,169,169,169,0
2022-01-26 11:27:00,169,169,169,169,0
2022-01-26 11:28:00,169,169,169,169,0
2022-01-26 11:29:00,169,169,169,169,0
2022-01-26 11:30:00,169,169,169,169,0
2022-01-26 11:31:00,169,169,169,169,0
2022-01-26 11:32:00,169,169,169,169,0
2022-01-26 11:33:00,169,169,169,169,0
2022-01-26 11:34:00,169,169,169,169,0
2022-01-26 11:35:00,169,169,169,169,0
2022-01-26 11:36:00,169,169,169,169,0
2022-01-26 11:37:00,169,169,169,169,0
2022-01-26 11:38:00,169,169,169,169,0
2022-01-26 11:39:00,169,169,169,169,0
2022-01-26 11:40:00,169,169,169,169,0
2022-01-26 11:41:00,169,169,169,169,0
2022-01-26 11:42:00,169,169,169,169,0
2022-01-26 11:43:00,169,169,169,169,0
2022-01-26 11:44:00,169,169,169,169,0
2022-01-26 11:45:00,169,169,169,169,0
2022-01-26 11:46:00,169,169,169,169,0
2022-01-26 11:47:00,169,169,169,169,0
2022-01-26 11:48:00,169,169,169,169,0
2022-01-26 11:49:00,169,169,169,169,0
2022-01-26 11:50:00,169,169,169,169,0
2022-01-26 11:51:00,169,169,169,169,0
2022-01-26 11:52:00,169,169,169,169,0
2022-01-26 11:53:00,169,169,169,169,0
2022-01-26 11:54:00,169,169,169,169,0
2022-01-26 11:55:00,169,169,169,169,0
2022-01-26 11:56:00,169,169,169,169,0
2022-01-26 11:57:00,169,169,169,169,0
2022-01-26 11:58:00,169,169,169,169,0
2022-01-26 11:59:00,169,169,169,169,0
2022-01-26 12:00:00,169,169,169,169,0
2022-01-26 12:01:00,169,169,169,169,0
2022-01-26 12:02:00,169,169,169,169,0
2022-01-26 12:03:00,169,169,169,169,0
2022-01-26 12:04:00,169,169,169,169,0
2022-01-26 12:05:00,169,169,169,169,0
2022-01-26 12:06:00,169,169,169,169,0
2022-01-26 12:07:00,169,169,169,169,0
2022-01-26 12:08:00,169,169,169,169,0
2022-01-26 12:09:00,169,169,169,169,0
2022-01-26 12:10:00,169,169,169,169,0
2022-01-26 12:11:00,169,169,169,169,0
2022-01-26 12:12:00,169,169,169,169,0
2022-01-26 12:13:00,169,169,169,169,0
2022-01-26 12:14:00,169,169,169,169,0
2022-01-26 12:15:00,169,169,169,169,0
2022-01-26 12:16:00,169,169,169,169,0
2022-01-26 12:17:00,169,169,169,169,0
2022-01-26 12:18:00,169,169,169,169,0
2022-01-26 12:19:00,169,169,169,169,0
2022-01-26 12:20:00,169,169,169,169,0
2022-01-26 12:21:00,169,169,169,169,0
2022-01-26 12:22:00,169,169,169,169,0
2022-01-26 12:23:00,169,169,169,169,0
2022-01-26 12:24:00,169,169,169,169,0
2022-01-26 12:25:00,169,169,169,169,0
2022-01-26 12:26:00,169,169,169,169,0
2022-01-26 12:27:00,169,169,169,169,0
2022-01-26 12:28:00,169,169,169,169,0
2022-01-26 12:29:00,169,169,169,169,0
2022-01-26 12:30:00,169,169,169,169,0
2022-01-26 12:31:00,169,169,169,169,0
2022-01-26 12:32:00,169,169,169,169,0
2022-01-26 12:33:00,169,169,169,169,0
2022-01-26 12:34:00,169,169,169,169,0
2022-01-26 12:35:00,169,169,169,169,0
2022-01-26 12:36:00,169,169,169,169,0
2022-01-26 12:37:00,169,169,169,169,0
2022-01-26 12:38:00,169,169,169,169,0
2022-01-26 12:39:00,169,169,169,169,0
2022-01-26 12:40:00,169,169,169,169,0
2022-01-26 12:41:00,169,169,169,169,0
2022-01-26 12:42:00,169,169,169,169,0
2022-01-26 12:43:00,169,169,169,169,0
2022-01-26 12:44:00,169,169,169,169,0
2022-01-26 12:45:00,169,169,169,169,0
2022-01-26 12:46:00,169,169,169,169,0
2022-01-26 12:47:00,169,169,169,169,0
2022-01-26 12:48:00,169,169,169,169,0
2022-01-26 12:49:00,169,169,169,169,0
2022-01-26 12:50:00,169,169,169,169,0
2022-01-26 12:51:00,169,169,169,169,0
2022-01-26 12:52:00,169,169,169,169,0
2022-01-26 12:53:00,169,169,169,169,0
2022-01-26 12:54:00,169,169,169,169,0
2022-01-26 12:55:00,169,169,169,169,0
2022-01-26 12:56:00,169,169,169,169,0
2022-01-26 12:57:00,169,169,169,169,0
2022-01-26 12:58:00,169,169,169,169,0
2022-01-26 12:59:00,169,169,169,169,0
2022-01-26 13:00:00,169,169,169,169,0
2022-01-26 13:01:00,169,169,169,169,0
2022-01-26 13:02:00,169,169,169,169,0
2022-01-26 13:03:00,169,169,169,169,0
2022-01-26 13:04:00,169,169,169,169,0
2022-01-26 13:05:00,169,169,169,169,0
2022-01-26 13:06:00,169,169,169,169,0
2022-01-26 13:07:00,169,169,169,169,0
2022-01-26 13:08:00,169,169,169,169,0
2022-01-26 13:09:00,169,169,169,169,0
2022-01-26 13:10:00,169,169,169,169,0
2022-01-26 13:11:00,169,169,169,169,0
2022-01-26 13:12:00,169,169,169,169,0
2022-01-26 13:13:00,169,169,169,169,0
2022-01-26 13:14:00,169,169,169,169,0
2022-01-26 13:15:00,169,169,169,169,0
2022-01-26 13:16:00,169,169,169,169,0
2022-01-26 13:17:00,169,169,169,169,0
2022-01-26 13:18:00,169,169,169,169,0
2022-01-26 13:19:00,169,169,169,169,0
2022-01-26 13:20:00,169,169,169,169,0
2022-01-26 13:21:00,169,169,169,169,0
2022-01-26 13:22:00,169,169,169,169,0
2022-01-26 13:23:00,169,169,169,169,0
2022-01-26 13:24:00,169,169,169,169,0
2022-01-26 13:25:00,169,169,169,169,0
2022-01-26 13:26:00,169,169,169,169,0
2022-01-26 13:27:00,169,169,169,169,0
2022-01-26 13:28:00,169,169,169,169,0
2022-01-26 13:29:00,169,169,169,169,0
2022-01-26 13:30:00,170,169,170,170,3387900
2022-01-26 13:31:00,169,169,169,169,0
2022-01-26 13:32:00,169,169,169,169,0
2022-01-26 13:33:00,169,169,169,169,0
2022-01-26 13:34:00,169,169,169,169,3398200
2022-01-26 13:35:00,169,169,169,169,0
2022-01-26 13:36:00,169,169,169,169,0
2022-01-26 13:37:00,169,169,169,169,0
2022-01-26 13:38:00,169,169,169,169,0
2022-01-26 13:39:00,169,169,169,169,0
2022-01-26 13:40:00,169,169,169,169,0
2022-01-26 13:41:00,169,169,169,169,0
2022-01-26 13:42:00,169,169,169,169,0
2022-01-26 13:43:00,169,169,169,169,0
2022-01-26 13:44:00,169,169,169,169,0
2022-01-26 13:45:00,169,169,169,169,0
2022-01-26 13:46:00,169,169,169,169,0
2022-01-26 13:47:00,169,169,169,169,0
2022-01-26 13:48:00,169,169,169,169,0
2022-01-26 13:49:00,169,169,169,169,0
2022-01-26 13:50:00,169,169,169,169,0
2022-01-26 13:51:00,169,169,169,169,0
2022-01-26 13:52:00,169,169,169,169,0
2022-01-26 13:53:00,169,169,169,169,0
2022-01-26 13:54:00,169,169,169,169,0
2022-01-26 13:55:00,169,169,169,169,0
2022-01-26 13:56:00,170,170,170,170,0
2022-01-26 13:57:00,170,170,170,170,3454700
2022-01-26 13:58:00,170,170,170,170,0
2022-01-26 13:59:00,170,170,170,170,0
2022-01-26 14:00:00,170,170,170,170,0
2022-01-26 14:01:00,170,170,170,170,0
2022-01-26 14:02:00,170,170,170,170,0
2022-01-26 14:03:00,170,170,170,170,0
2022-01-26 14:04:00,170,170,170,170,0
2022-01-26 14:05:00,169,169,169,169,0
2022-01-26 14:06:00,169,169,169,169,0
2022-01-26 14:07:00,169,169,169,169,3750200
2022-01-26 14:08:00,169,168,169,169,25800
2022-01-26 14:09:00,169,169,169,169,22100
2022-01-26 14:10:00,169,169,169,169,0
2022-01-26 14:11:00,169,169,169,169,23100
2022-01-26 14:12:00,169,169,169,169,0
2022-01-26 14:13:00,169,169,169,169,0
2022-01-26 14:14:00,169,169,169,169,0
2022-01-26 14:15:00,169,169,169,169,213000
2022-01-26 14:16:00,169,169,169,169,0
2022-01-26 14:17:00,169,169,169,169,0
2022-01-26 14:18:00,169,169,169,169,0
2022-01-26 14:19:00,170,169,170,169,4138400
2022-01-26 14:20:00,169,169,169,169,100
2022-01-26 14:21:00,169,169,169,169,0
2022-01-26 14:22:00,169,169,169,169,0
2022-01-26 14:23:00,169,169,169,169,0
2022-01-26 14:24:00,169,169,169,169,0
2022-01-26 14:25:00,170,170,170,170,0
2022-01-26 14:26:00,170,170,170,170,0
2022-01-26 14:27:00,170,170,170,170,0
2022-01-26 14:28:00,170,170,170,170,0
2022-01-26 14:29:00,170,170,170,170,0
2022-01-26 14:30:00,170,170,170,170,0
2022-01-26 14:31:00,169,169,169,169,4144400
2022-01-26 14:32:00,169,169,169,169,0
2022-01-26 14:33:00,169,169,169,169,0
2022-01-26 14:34:00,169,169,169,169,0
2022-01-26 14:35:00,169,169,169,169,0
2022-01-26 14:36:00,169,169,169,169,4245900
2022-01-26 14:37:00,169,169,169,169,1600
2022-01-26 14:38:00,169,169,169,169,0
2022-01-26 14:39:00,169,169,169,169,0
2022-01-26 14:40:00,169,169,169,169,0
2022-01-26 14:41:00,169,169,169,169,0
2022-01-26 14:42:00,169,169,169,169,0
2022-01-26 14:43:00,169,169,169,169,0
2022-01-26 14:44:00,169,169,169,169,0
2022-01-26 14:45:00,169,169,169,169,0
2022-01-26 14:46:00,169,169,169,169,0
2022-01-26 14:47:00,169,169,169,169,0
2022-01-26 14:48:00,169,169,169,169,4462800
2022-01-26 14:49:00,169,169,169,169,0
2022-01-26 14:50:00,169,169,169,169,0
2022-01-26 14:51:00,169,169,169,169,0
2022-01-26 14:52:00,169,169,169,169,0
2022-01-26 14:53:00,169,169,169,169,0
2022-01-26 14:54:00,169,169,169,169,0
2022-01-26 14:55:00,169,169,169,169,0
2022-01-26 14:56:00,169,169,169,169,0
2022-01-26 14:57:00,169,169,169,169,0
2022-01-26 14:58:00,169,169,169,169,0
2022-01-26 14:59:00,169,169,169,169,0
2022-01-26 15:00:00,169,169,169,169,0
2022-01-26 15:01:00,169,169,169,169,0
2022-01-26 15:02:00,169,169,169,169,0
2022-01-26 15:03:00,169,169,169,169,0
2022-01-26 15:04:00,169,169,169,169,0
2022-01-26 15:05:00,169,169,169,169,0
2022-01-26 15:06:00,169,169,169,169,0
2022-01-26 15:07:00,169,169,169,169,0
2022-01-26 15:08:00,169,169,169,169,0
2022-01-26 15:09:00,169,169,169,169,0
2022-01-26 15:10:00,169,169,169,169,0
2022-01-26 15:11:00,169,169,169,169,0
2022-01-26 15:12:00,169,169,169,169,0
2022-01-26 15:13:00,169,169,169,169,0
2022-01-26 15:14:00,169,169,169,169,0
2022-01-26 15:15:00,169,169,169,169,0
2022-01-26 15:16:00,169,169,169,169,0
2022-01-26 15:17:00,169,169,169,169,0
2022-01-26 15:18:00,169,169,169,169,0
2022-01-26 15:19:00,169,169,169,169,0
2022-01-26 15:20:00,169,169,169,169,0
2022-01-26 15:21:00,169,169,169,169,0
2022-01-26 15:22:00,169,169,169,169,0
2022-01-26 15:23:00,169,169,169,169,0
2022-01-26 15:24:00,169,169,169,169,0
2022-01-26 15:25:00,169,169,169,169,0
2022-01-26 15:26:00,169,169,169,169,0
2022-01-26 15:27:00,169,169,169,169,0
2022-01-26 15:28:00,169,169,169,169,0
2022-01-26 15:29:00,169,169,169,169,0
2022-01-26 15:30:00,169,169,169,169,0
2022-01-26 15:31:00,169,169,169,169,0
2022-01-26 15:32:00,169,169,169,169,0
2022-01-26 15:33:00,169,169,169,169,0
2022-01-26 15:34:00,169,169,169,169,0
2022-01-26 15:35:00,169,169,169,169,0
2022-01-26 15:36:00,169,169,169,169,0
2022-01-26 15:37:00,169,169,169,169,0
2022-01-26 15:38:00,169,169,169,169,0
2022-01-26 15:39:00,169,169,169,169,0
2022-01-26 15:40:00,169,169,169,169,0
2022-01-26 15:41:00,169,169,169,169,0
2022-01-26 15:42:00,169,169,169,169,0
2022-01-26 15:43:00,169,169,169,169,0
2022-01-26 15:44:00,169,169,169,169,0
2022-01-26 15:45:00,169,169,169,169,0
2022-01-26 15:46:00,169,169,169,169,0
2022-01-26 15:47:00,169,169,169,169,0
2022-01-26 15:48:00,169,169,169,169,0
2022-01-26 15:49:00,169,169,169,169,0
2022-01-26 15:50:00,169,169,169,169,0
2022-01-26 15:51:00,169,169,169,169,0
2022-01-26 15:52:00,169,169,169,169,0
2022-01-26 15:53:00,169,169,169,169,0
2022-01-26 15:54:00,169,169,169,169,0
2022-01-26 15:55:00,169,169,169,169,0
2022-01-26 15:56:00,169,169,169,169,0
2022-01-26 15:57:00,169,169,169,169,0
2022-01-26 15:58:00,169,169,169,169,0
2022-01-26 15:59:00,169,169,169,169,0
2022-01-27 09:00:00,169,168,169,169,11200
2022-01-27 09:01:00,169,169,169,169,100
2022-01-27 09:02:00,169,169,169,169,10400
2022-01-27 09:03:00,169,169,169,169,1300
2022-01-27 09:04:00,169,169,169,169,0
2022-01-27 09:05:00,168,168,168,168,1600
2022-01-27 09:06:00,168,168,168,168,5000
2022-01-27 09:07:00,168,168,168,168,0
2022-01-27 09:08:00,168,168,168,168,0
2022-01-27 09:09:00,169,169,169,169,5000
2022-01-27 09:10:00,168,168,168,168,113000
2022-01-27 09:11:00,168,168,168,168,0
2022-01-27 09:12:00,168,168,168,168,50000
2022-01-27 09:13:00,168,168,168,168,53300
2022-01-27 09:14:00,168,168,168,168,30000
2022-01-27 09:15:00,169,168,169,168,10200
2022-01-27 09:16:00,169,168,169,168,0
2022-01-27 09:17:00,168,168,168,168,153000
2022-01-27 09:18:00,168,168,168,168,0
2022-01-27 09:19:00,168,168,168,168,0
2022-01-27 09:20:00,168,168,168,168,100
2022-01-27 09:21:00,168,168,169,169,5300
2022-01-27 09:22:00,168,168,168,168,1600
2022-01-27 09:23:00,168,168,168,168,7500
2022-01-27 09:24:00,168,168,169,168,10600
2022-01-27 09:25:00,168,168,168,168,10500
2022-01-27 09:26:00,168,168,168,168,3000
2022-01-27 09:27:00,168,168,168,168,0
2022-01-27 09:28:00,168,168,168,168,2500
2022-01-27 09:29:00,168,168,168,168,14500
2022-01-27 09:30:00,168,168,168,168,2700
2022-01-27 09:31:00,168,168,168,168,0
2022-01-27 09:32:00,168,167,168,167,15000
2022-01-27 09:33:00,167,167,167,167,426200
2022-01-27 09:34:00,167,166,167,167,28000
2022-01-27 09:35:00,166,166,167,167,19200
2022-01-27 09:36:00,166,166,167,167,0
2022-01-27 09:37:00,167,167,167,167,15000
2022-01-27 09:38:00,167,167,167,167,0
2022-01-27 09:39:00,166,166,166,166,200
2022-01-27 09:40:00,166,166,166,166,0
2022-01-27 09:41:00,166,166,166,166,0
2022-01-27 09:42:00,166,166,166,166,14500
2022-01-27 09:43:00,166,166,166,166,14500
2022-01-27 09:44:00,166,166,166,166,483000
2022-01-27 09:45:00,166,166,166,166,50300
2022-01-27 09:46:00,166,166,166,166,0
2022-01-27 09:47:00,166,166,166,166,5100
2022-01-27 09:48:00,166,166,166,166,547400
2022-01-27 09:49:00,166,166,166,166,0
2022-01-27 09:50:00,166,166,166,166,0
2022-01-27 09:51:00,166,166,166,166,0
2022-01-27 09:52:00,166,166,166,166,0
2022-01-27 09:53:00,166,166,166,166,0
2022-01-27 09:54:00,166,166,166,166,0
2022-01-27 09:55:00,166,166,166,166,0
2022-01-27 09:56:00,166,166,167,167,45800
2022-01-27 09:57:00,166,166,167,167,0
2022-01-27 09:58:00,166,166,166,166,500
2022-01-27 09:59:00,166,166,166,166,0
2022-01-27 10:00:00,166,166,166,166,500
2022-01-27 10:01:00,166,166,166,166,0
2022-01-27 10:02:00,166,166,166,166,0
2022-01-27 10:03:00,166,166,166,166,0
2022-01-27 10:04:00,166,166,166,166,0
2022-01-27 10:05:00,166,166,167,167,1000
2022-01-27 10:06:00,167,166,167,166,11000
2022-01-27 10:07:00,167,167,167,167,500
2022-01-27 10:08:00,167,167,167,167,0
2022-01-27 10:09:00,166,166,166,166,20000
2022-01-27 10:10:00,166,166,166,166,0
2022-01-27 10:11:00,166,166,166,166,0
2022-01-27 10:12:00,166,166,166,166,0
2022-01-27 10:13:00,167,167,167,167,10700
2022-01-27 10:14:00,167,167,167,167,10000
2022-01-27 10:15:00,167,167,167,167,400
2022-01-27 10:16:00,167,167,167,167,0
2022-01-27 10:17:00,167,167,167,167,0
2022-01-27 10:18:00,167,167,167,167,0
2022-01-27 10:19:00,167,167,167,167,0
2022-01-27 10:20:00,166,166,166,166,31100
2022-01-27 10:21:00,166,163,166,163,1472600
2022-01-27 10:22:00,165,165,166,166,200
2022-01-27 10:23:00,166,166,166,166,300
2022-01-27 10:24:00,166,166,166,166,1600
2022-01-27 10:25:00,167,167,167,167,1000
2022-01-27 10:26:00,167,167,167,167,0
2022-01-27 10:27:00,167,167,167,167,0
2022-01-27 10:28:00,167,167,167,167,0
2022-01-27 10:29:00,167,167,167,167,0
2022-01-27 10:30:00,167,167,167,167,30000
2022-01-27 10:31:00,167,167,167,167,0
2022-01-27 10:32:00,166,166,166,166,14200
2022-01-27 10:33:00,166,166,166,166,0
2022-01-27 10:34:00,166,166,166,166,3800
2022-01-27 10:35:00,166,166,166,166,0
2022-01-27 10:36:00,166,166,166,166,0
2022-01-27 10:37:00,166,166,166,166,0
2022-01-27 10:38:00,165,165,165,165,2000
2022-01-27 10:39:00,165,165,165,165,0
2022-01-27 10:40:00,166,165,166,165,27500
2022-01-27 10:41:00,166,165,166,165,0
2022-01-27 10:42:00,166,165,166,165,0
2022-01-27 10:43:00,166,165,166,165,12000
2022-01-27 10:44:00,166,165,166,165,0
2022-01-27 10:45:00,165,165,165,165,10000
2022-01-27 10:46:00,165,165,165,165,0
2022-01-27 10:47:00,165,165,165,165,5400
2022-01-27 10:48:00,165,165,165,165,1900
2022-01-27 10:49:00,164,164,164,164,100000
2022-01-27 10:50:00,164,164,164,164,5000
2022-01-27 10:51:00,164,164,164,164,0
2022-01-27 10:52:00,165,165,165,165,13900
2022-01-27 10:53:00,165,165,165,165,400
2022-01-27 10:54:00,165,165,165,165,0
2022-01-27 10:55:00,165,165,165,165,10000
2022-01-27 10:56:00,165,165,165,165,0
2022-01-27 10:57:00,165,165,165,165,35000
2022-01-27 10:58:00,165,165,165,165,0
2022-01-27 10:59:00,165,165,165,165,0
2022-01-27 11:00:00,165,165,165,165,0
2022-01-27 11:01:00,165,165,165,165,0
2022-01-27 11:02:00,165,165,165,165,51500
2022-01-27 11:03:00,164,164,165,164,1200
2022-01-27 11:04:00,165,165,165,165,200
2022-01-27 11:05:00,165,165,165,165,5500
2022-01-27 11:06:00,165,165,165,165,46200
2022-01-27 11:07:00,165,165,165,165,1400
2022-01-27 11:08:00,165,165,165,165,7000
2022-01-27 11:09:00,165,165,165,165,400
2022-01-27 11:10:00,165,165,165,165,0
2022-01-27 11:11:00,165,165,165,165,0
2022-01-27 11:12:00,165,165,165,165,200
2022-01-27 11:13:00,165,165,165,165,0
2022-01-27 11:14:00,165,165,165,165,0
2022-01-27 11:15:00,165,165,165,165,0
2022-01-27 11:16:00,165,165,165,165,0
2022-01-27 11:17:00,165,165,165,165,0
2022-01-27 11:18:00,165,165,165,165,1400
2022-01-27 11:19:00,165,165,165,165,10000
2022-01-27 11:20:00,165,165,165,165,0
2022-01-27 11:21:00,164,164,164,164,490000
2022-01-27 11:22:00,164,164,164,164,0
2022-01-27 11:23:00,165,165,165,165,1000
2022-01-27 11:24:00,165,165,165,165,0
2022-01-27 11:25:00,165,165,165,165,100
2022-01-27 11:26:00,165,165,165,165,0
2022-01-27 11:27:00,165,165,165,165,0
2022-01-27 11:28:00,165,165,165,165,0
2022-01-27 11:29:00,165,165,165,165,0
2022-01-27 11:30:00,165,165,165,165,0
2022-01-27 11:31:00,165,165,165,165,0
2022-01-27 11:32:00,165,165,165,165,0
2022-01-27 11:33:00,165,165,165,165,0
2022-01-27 11:34:00,165,165,165,165,0
2022-01-27 11:35:00,165,165,165,165,0
2022-01-27 11:36:00,165,165,165,165,0
2022-01-27 11:37:00,165,165,165,165,0
2022-01-27 11:38:00,165,165,165,165,0
2022-01-27 11:39:00,165,165,165,165,0
2022-01-27 11:40:00,165,165,165,165,0
2022-01-27 11:41:00,165,165,165,165,0
2022-01-27 11:42:00,165,165,165,165,0
2022-01-27 11:43:00,165,165,165,165,0
2022-01-27 11:44:00,165,165,165,165,0
2022-01-27 11:45:00,165,165,165,165,0
2022-01-27 11:46:00,165,165,165,165,0
2022-01-27 11:47:00,165,165,165,165,0
2022-01-27 11:48:00,165,165,165,165,0
2022-01-27 11:49:00,165,165,165,165,0
2022-01-27 11:50:00,165,165,165,165,0
2022-01-27 11:51:00,165,165,165,165,0
2022-01-27 11:52:00,165,165,165,165,0
2022-01-27 11:53:00,165,165,165,165,0
2022-01-27 11:54:00,165,165,165,165,0
2022-01-27 11:55:00,165,165,165,165,0
2022-01-27 11:56:00,165,165,165,165,0
2022-01-27 11:57:00,165,165,165,165,0
2022-01-27 11:58:00,165,165,165,165,0
2022-01-27 11:59:00,165,165,165,165,0
2022-01-27 12:00:00,165,165,165,165,0
2022-01-27 12:01:00,165,165,165,165,0
2022-01-27 12:02:00,165,165,165,165,0
2022-01-27 12:03:00,165,165,165,165,0
2022-01-27 12:04:00,165,165,165,165,0
2022-01-27 12:05:00,165,165,165,165,0
2022-01-27 12:06:00,165,165,165,165,0
2022-01-27 12:07:00,165,165,165,165,0
2022-01-27 12:08:00,165,165,165,165,0
2022-01-27 12:09:00,165,165,165,165,0
2022-01-27 12:10:00,165,165,165,165,0
2022-01-27 12:11:00,165,165,165,165,0
2022-01-27 12:12:00,165,165,165,165,0
2022-01-27 12:13:00,165,165,165,165,0
2022-01-27 12:14:00,165,165,165,165,0
2022-01-27 12:15:00,165,165,165,165,0
2022-01-27 12:16:00,165,165,165,165,0
2022-01-27 12:17:00,165,165,165,165,0
2022-01-27 12:18:00,165,165,165,165,0
2022-01-27 12:19:00,165,165,165,165,0
2022-01-27 12:20:00,165,165,165,165,0
2022-01-27 12:21:00,165,165,165,165,0
2022-01-27 12:22:00,165,165,165,165,0
2022-01-27 12:23:00,165,165,165,165,0
2022-01-27 12:24:00,165,165,165,165,0
2022-01-27 12:25:00,165,165,165,165,0
2022-01-27 12:26:00,165,165,165,165,0
2022-01-27 12:27:00,165,165,165,165,0
2022-01-27 12:28:00,165,165,165,165,0
2022-01-27 12:29:00,165,165,165,165,0
2022-01-27 12:30:00,165,165,165,165,0
2022-01-27 12:31:00,165,165,165,165,0
2022-01-27 12:32:00,165,165,165,165,0
2022-01-27 12:33:00,165,165,165,165,0
2022-01-27 12:34:00,165,165,165,165,0
2022-01-27 12:35:00,165,165,165,165,0
2022-01-27 12:36:00,165,165,165,165,0
2022-01-27 12:37:00,165,165,165,165,0
2022-01-27 12:38:00,165,165,165,165,0
2022-01-27 12:39:00,165,165,165,165,0
2022-01-27 12:40:00,165,165,165,165,0
2022-01-27 12:41:00,165,165,165,165,0
2022-01-27 12:42:00,165,165,165,165,0
2022-01-27 12:43:00,165,165,165,165,0
2022-01-27 12:44:00,165,165,165,165,0
2022-01-27 12:45:00,165,165,165,165,0
2022-01-27 12:46:00,165,165,165,165,0
2022-01-27 12:47:00,165,165,165,165,0
2022-01-27 12:48:00,165,165,165,165,0
2022-01-27 12:49:00,165,165,165,165,0
2022-01-27 12:50:00,165,165,165,165,0
2022-01-27 12:51:00,165,165,165,165,0
2022-01-27 12:52:00,165,165,165,165,0
2022-01-27 12:53:00,165,165,165,165,0
2022-01-27 12:54:00,165,165,165,165,0
2022-01-27 12:55:00,165,165,165,165,0
2022-01-27 12:56:00,165,165,165,165,0
2022-01-27 12:57:00,165,165,165,165,0
2022-01-27 12:58:00,165,165,165,165,0
2022-01-27 12:59:00,165,165,165,165,0
2022-01-27 13:00:00,165,165,165,165,0
2022-01-27 13:01:00,165,165,165,165,0
2022-01-27 13:02:00,165,165,165,165,0
2022-01-27 13:03:00,165,165,165,165,0
2022-01-27 13:04:00,165,165,165,165,0
2022-01-27 13:05:00,165,165,165,165,0
2022-01-27 13:06:00,165,165,165,165,0
2022-01-27 13:07:00,165,165,165,165,0
2022-01-27 13:08:00,165,165,165,165,0
2022-01-27 13:09:00,165,165,165,165,0
2022-01-27 13:10:00,165,165,165,165,0
2022-01-27 13:11:00,165,165,165,165,0
2022-01-27 13:12:00,165,165,165,165,0
2022-01-27 13:13:00,165,165,165,165,0
2022-01-27 13:14:00,165,165,165,165,0
2022-01-27 13:15:00,165,165,165,165,0
2022-01-27 13:16:00,165,165,165,165,0
2022-01-27 13:17:00,165,165,165,165,0
2022-01-27 13:18:00,165,165,165,165,0
2022-01-27 13:19:00,165,165,165,165,0
2022-01-27 13:20:00,165,165,165,165,0
2022-01-27 13:21:00,165,165,165,165,0
2022-01-27 13:22:00,165,165,165,165,0
2022-01-27 13:23:00,165,165,165,165,0
2022-01-27 13:24:00,165,165,165,165,0
2022-01-27 13:25:00,165,165,165,165,0
2022-01-27 13:26:00,165,165,165,165,0
2022-01-27 13:27:00,165,165,165,165,0
2022-01-27 13:28:00,165,165,165,165,0
2022-01-27 13:29:00,165,165,165,165,0
2022-01-27 13:30:00,165,164,165,164,58200
2022-01-27 13:31:00,163,163,163,163,10700
2022-01-27 13:32:00,163,163,163,163,0
2022-01-27 13:33:00,163,163,163,163,0
2022-01-27 13:34:00,163,163,163,163,0
2022-01-27 13:35:00,163,163,163,163,0
2022-01-27 13:36:00,163,163,163,163,0
2022-01-27 13:37:00,163,163,164,164,42600
2022-01-27 13:38:00,164,164,164,164,3100
2022-01-27 13:39:00,164,164,164,164,0
2022-01-27 13:40:00,163,163,163,163,600
2022-01-27 13:41:00,163,163,163,163,10000
2022-01-27 13:42:00,164,163,164,163,95000
2022-01-27 13:43:00,163,163,163,163,200
2022-01-27 13:44:00,163,163,163,163,0
2022-01-27 13:45:00,163,163,163,163,0
2022-01-27 13:46:00,164,163,164,163,19100
2022-01-27 13:47:00,164,164,164,164,1800
2022-01-27 13:48:00,163,163,164,164,9600
2022-01-27 13:49:00,164,164,164,164,1000
2022-01-27 13:50:00,164,164,164,164,0
2022-01-27 13:51:00,164,164,164,164,0
2022-01-27 13:52:00,164,164,164,164,0
2022-01-27 13:53:00,164,164,164,164,91700
2022-01-27 13:54:00,164,164,164,164,10000
2022-01-27 13:55:00,164,164,164,164,0
2022-01-27 13:56:00,164,164,164,164,200
2022-01-27 13:57:00,164,164,164,164,0
2022-01-27 13:58:00,164,164,164,164,3800
2022-01-27 13:59:00,164,164,164,164,3800
2022-01-27 14:00:00,164,164,164,164,0
2022-01-27 14:01:00,164,164,164,164,0
2022-01-27 14:02:00,164,164,164,164,0
2022-01-27 14:03:00,164,164,164,164,0
2022-01-27 14:04:00,164,164,164,164,0
2022-01-27 14:05:00,163,163,163,163,100
2022-01-27 14:06:00,163,163,163,163,0
2022-01-27 14:07:00,163,163,163,163,0
2022-01-27 14:08:00,163,163,163,163,0
2022-01-27 14:09:00,163,163,163,163,0
2022-01-27 14:10:00,163,163,163,163,0
2022-01-27 14:11:00,163,163,163,163,0
2022-01-27 14:12:00,163,163,163,163,5000
2022-01-27 14:13:00,163,163,163,163,0
2022-01-27 14:14:00,163,163,163,163,201800
2022-01-27 14:15:00,163,163,163,163,0
2022-01-27 14:16:00,163,163,163,163,33000
2022-01-27 14:17:00,163,163,163,163,0
2022-01-27 14:18:00,162,162,163,163,100200
2022-01-27 14:19:00,163,163,163,163,19500
2022-01-27 14:20:00,163,163,163,163,1000
2022-01-27 14:21:00,163,162,163,162,593500
2022-01-27 14:22:00,162,162,162,162,21500
2022-01-27 14:23:00,161,161,162,162,65000
2022-01-27 14:24:00,162,161,162,162,29500
2022-01-27 14:25:00,161,161,161,161,20000
2022-01-27 14:26:00,161,161,162,162,200
2022-01-27 14:27:00,161,161,161,161,100000
2022-01-27 14:28:00,161,161,161,161,5800
2022-01-27 14:29:00,161,161,161,161,7900
2022-01-27 14:30:00,161,161,161,161,4700
2022-01-27 14:31:00,162,162,162,162,50200
2022-01-27 14:32:00,163,163,163,163,75500
2022-01-27 14:33:00,163,161,163,161,78000
2022-01-27 14:34:00,163,163,163,163,20000
2022-01-27 14:35:00,162,162,162,162,4700
2022-01-27 14:36:00,162,162,162,162,300
2022-01-27 14:37:00,162,162,162,162,800
2022-01-27 14:38:00,163,163,163,163,45600
2022-01-27 14:39:00,164,164,164,164,27000
2022-01-27 14:40:00,164,164,164,164,100
2022-01-27 14:41:00,164,164,164,164,0
2022-01-27 14:42:00,164,164,164,164,700
2022-01-27 14:43:00,164,164,164,164,20600
2022-01-27 14:44:00,164,164,164,164,0
2022-01-27 14:45:00,163,163,163,163,149800
2022-01-27 14:46:00,164,164,164,164,100
2022-01-27 14:47:00,164,164,164,164,300
2022-01-27 14:48:00,164,164,164,164,200
2022-01-27 14:49:00,164,164,164,164,5800
2022-01-27 14:50:00,164,164,164,164,0
2022-01-27 14:51:00,164,164,164,164,0
2022-01-27 14:52:00,164,164,164,164,0
2022-01-27 14:53:00,164,164,164,164,0
2022-01-27 14:54:00,164,164,164,164,0
2022-01-27 14:55:00,164,164,164,164,0
2022-01-27 14:56:00,164,164,164,164,0
2022-01-27 14:57:00,164,164,164,164,0
2022-01-27 14:58:00,164,164,164,164,0
2022-01-27 14:59:00,164,164,164,164,0
2022-01-27 15:00:00,164,164,164,164,25200
2022-01-27 15:01:00,164,164,164,164,1000
2022-01-27 15:02:00,164,164,164,164,11200
2022-01-27 15:03:00,164,164,164,164,5500
2022-01-27 15:04:00,164,164,164,164,0
2022-01-27 15:05:00,164,164,164,164,5100
2022-01-27 15:06:00,164,164,164,164,10000
2022-01-27 15:07:00,164,164,164,164,0
2022-01-27 15:08:00,164,164,164,164,0
2022-01-27 15:09:00,164,164,164,164,10000
2022-01-27 15:10:00,164,164,164,164,100
2022-01-27 15:11:00,164,164,164,164,0
2022-01-27 15:12:00,164,164,164,164,0
2022-01-27 15:13:00,164,164,164,164,0
2022-01-27 15:14:00,164,164,164,164,500000
2022-01-27 15:15:00,164,164,164,164,0
2022-01-27 15:16:00,164,164,164,164,0
2022-01-27 15:17:00,164,164,164,164,0
2022-01-27 15:18:00,164,164,164,164,0
2022-01-27 15:19:00,164,164,164,164,0
2022-01-27 15:20:00,164,164,164,164,0
2022-01-27 15:21:00,164,164,164,164,0
2022-01-27 15:22:00,164,164,164,164,0
2022-01-27 15:23:00,164,164,164,164,0
2022-01-27 15:24:00,164,164,164,164,0
2022-01-27 15:25:00,164,164,164,164,0
2022-01-27 15:26:00,164,164,164,164,0
2022-01-27 15:27:00,164,164,164,164,0
2022-01-27 15:28:00,164,164,164,164,0
2022-01-27 15:29:00,164,164,164,164,0
2022-01-27 15:30:00,164,164,164,164,0
2022-01-27 15:31:00,164,164,164,164,0
2022-01-27 15:32:00,164,164,164,164,0
2022-01-27 15:33:00,164,164,164,164,0
2022-01-27 15:34:00,164,164,164,164,0
2022-01-27 15:35:00,164,164,164,164,0
2022-01-27 15:36:00,164,164,164,164,0
2022-01-27 15:37:00,164,164,164,164,0
2022-01-27 15:38:00,164,164,164,164,0
2022-01-27 15:39:00,164,164,164,164,0
2022-01-27 15:40:00,164,164,164,164,0
2022-01-27 15:41:00,164,164,164,164,0
2022-01-27 15:42:00,164,164,164,164,0
2022-01-27 15:43:00,164,164,164,164,0
2022-01-27 15:44:00,164,164,164,164,0
2022-01-27 15:45:00,164,164,164,164,0
2022-01-27 15:46:00,164,164,164,164,0
2022-01-27 15:47:00,164,164,164,164,0
2022-01-27 15:48:00,164,164,164,164,0
2022-01-27 15:49:00,164,164,164,164,0
2022-01-27 15:50:00,164,164,164,164,0
2022-01-27 15:51:00,164,164,164,164,0
2022-01-27 15:52:00,164,164,164,164,0
2022-01-27 15:53:00,164,164,164,164,0
2022-01-27 15:54:00,164,164,164,164,0
2022-01-27 15:55:00,164,164,164,164,0
2022-01-27 15:56:00,164,164,164,164,0
2022-01-27 15:57:00,164,164,164,164,0
2022-01-27 15:58:00,164,164,164,164,0
2022-01-27 15:59:00,164,164,164,164,0
2022-01-28 09:00:00,166,164,166,165,0
2022-01-28 09:01:00,165,165,165,165,900
2022-01-28 09:02:00,165,165,165,165,100
2022-01-28 09:03:00,165,165,165,165,0
2022-01-28 09:04:00,165,165,165,165,25000
2022-01-28 09:05:00,165,165,165,165,3600
2022-01-28 09:06:00,165,165,165,165,6900
2022-01-28 09:07:00,165,165,165,165,0
2022-01-28 09:08:00,165,165,166,166,10100
2022-01-28 09:09:00,166,166,166,166,700
2022-01-28 09:10:00,166,166,166,166,0
2022-01-28 09:11:00,166,166,166,166,0
2022-01-28 09:12:00,166,166,166,166,30100
2022-01-28 09:13:00,164,164,164,164,55100
2022-01-28 09:14:00,164,164,164,164,0
2022-01-28 09:15:00,164,164,164,164,0
2022-01-28 09:16:00,164,164,164,164,1000
2022-01-28 09:17:00,164,164,164,164,0
2022-01-28 09:18:00,164,164,164,164,1700
2022-01-28 09:19:00,164,164,164,164,0
2022-01-28 09:20:00,164,164,164,164,0
2022-01-28 09:21:00,164,164,164,164,0
2022-01-28 09:22:00,164,164,164,164,0
2022-01-28 09:23:00,164,164,164,164,2500
2022-01-28 09:24:00,164,164,164,164,12800
2022-01-28 09:25:00,164,164,164,164,50800
2022-01-28 09:26:00,164,164,164,164,0
2022-01-28 09:27:00,164,164,164,164,0
2022-01-28 09:28:00,164,164,164,164,0
2022-01-28 09:29:00,164,164,164,164,0
2022-01-28 09:30:00,164,164,164,164,0
2022-01-28 09:31:00,164,163,164,164,40500
2022-01-28 09:32:00,164,163,164,164,0
2022-01-28 09:33:00,164,164,164,164,200000
2022-01-28 09:34:00,164,164,164,164,389800
2022-01-28 09:35:00,164,164,164,164,0
2022-01-28 09:36:00,164,164,164,164,0
2022-01-28 09:37:00,164,164,164,164,11000
2022-01-28 09:38:00,165,165,166,166,30200
2022-01-28 09:39:00,165,165,166,166,0
2022-01-28 09:40:00,165,165,166,166,0
2022-01-28 09:41:00,165,165,166,166,0
2022-01-28 09:42:00,165,165,166,166,0
2022-01-28 09:43:00,166,166,166,166,500
2022-01-28 09:44:00,166,165,166,165,240000
2022-01-28 09:45:00,165,165,165,165,5500
2022-01-28 09:46:00,165,165,166,166,1100
2022-01-28 09:47:00,165,165,166,166,15700
2022-01-28 09:48:00,165,165,166,166,0
2022-01-28 09:49:00,165,165,166,166,0
2022-01-28 09:50:00,165,165,166,166,0
2022-01-28 09:51:00,165,165,166,166,0
2022-01-28 09:52:00,165,165,166,166,0
2022-01-28 09:53:00,165,165,166,166,0
2022-01-28 09:54:00,165,165,166,166,0
2022-01-28 09:55:00,165,165,165,165,100
2022-01-28 09:56:00,165,165,165,165,0
2022-01-28 09:57:00,165,165,165,165,100500
2022-01-28 09:58:00,165,165,165,165,0
2022-01-28 09:59:00,166,165,166,165,1000
2022-01-28 10:00:00,166,165,166,165,0
2022-01-28 10:01:00,166,165,166,165,0
2022-01-28 10:02:00,165,165,166,166,3800
2022-01-28 10:03:00,165,165,166,166,0
2022-01-28 10:04:00,165,165,166,166,0
2022-01-28 10:05:00,165,165,166,166,0
2022-01-28 10:06:00,165,165,166,166,0
2022-01-28 10:07:00,165,165,166,166,0
2022-01-28 10:08:00,165,165,166,166,0
2022-01-28 10:09:00,165,165,165,165,10000
2022-01-28 10:10:00,165,165,165,165,0
2022-01-28 10:11:00,165,165,165,165,0
2022-01-28 10:12:00,165,165,165,165,0
2022-01-28 10:13:00,166,166,166,166,220000
2022-01-28 10:14:00,166,166,166,166,54100
2022-01-28 10:15:00,165,165,165,165,5000
2022-01-28 10:16:00,165,165,165,165,0
2022-01-28 10:17:00,165,165,166,166,231500
2022-01-28 10:18:00,165,165,166,166,0
2022-01-28 10:19:00,165,165,166,166,0
2022-01-28 10:20:00,165,165,166,166,0
2022-01-28 10:21:00,165,165,165,165,25000
2022-01-28 10:22:00,165,165,165,165,0
2022-01-28 10:23:00,165,165,165,165,0
2022-01-28 10:24:00,165,165,165,165,0
2022-01-28 10:25:00,165,165,165,165,0
2022-01-28 10:26:00,166,166,166,166,2400
2022-01-28 10:27:00,166,166,166,166,10000
2022-01-28 10:28:00,166,166,166,166,0
2022-01-28 10:29:00,166,166,166,166,0
2022-01-28 10:30:00,165,165,165,165,13000
2022-01-28 10:31:00,165,165,165,165,0
2022-01-28 10:32:00,165,165,165,165,0
2022-01-28 10:33:00,166,166,166,166,100
2022-01-28 10:34:00,166,166,166,166,51000
2022-01-28 10:35:00,166,166,166,166,0
2022-01-28 10:36:00,166,166,166,166,0
2022-01-28 10:37:00,166,166,166,166,0
2022-01-28 10:38:00,166,166,166,166,1500
2022-01-28 10:39:00,166,166,166,166,1000
2022-01-28 10:40:00,166,166,166,166,0
2022-01-28 10:41:00,166,166,166,166,0
2022-01-28 10:42:00,166,166,166,166,0
2022-01-28 10:43:00,166,166,166,166,0
2022-01-28 10:44:00,166,166,166,166,252900
2022-01-28 10:45:00,166,166,166,166,0
2022-01-28 10:46:00,166,166,166,166,0
2022-01-28 10:47:00,166,166,166,166,0
2022-01-28 10:48:00,166,166,166,166,0
2022-01-28 10:49:00,166,166,166,166,0
2022-01-28 10:50:00,166,166,167,167,50000
2022-01-28 10:51:00,166,166,167,167,0
2022-01-28 10:52:00,166,166,167,167,0
2022-01-28 10:53:00,166,166,167,167,0
2022-01-28 10:54:00,166,166,167,167,0
2022-01-28 10:55:00,166,166,166,166,9300
2022-01-28 10:56:00,166,166,166,166,0
2022-01-28 10:57:00,166,166,166,166,0
2022-01-28 10:58:00,166,166,166,166,0
2022-01-28 10:59:00,166,166,166,166,0
2022-01-28 11:00:00,166,166,166,166,0
2022-01-28 11:01:00,166,166,166,166,0
2022-01-28 11:02:00,166,166,166,166,29100
2022-01-28 11:03:00,166,166,166,166,0
2022-01-28 11:04:00,166,166,166,166,0
2022-01-28 11:05:00,166,166,166,166,1000
2022-01-28 11:06:00,166,166,166,166,0
2022-01-28 11:07:00,166,166,166,166,0
2022-01-28 11:08:00,166,166,166,166,50000
2022-01-28 11:09:00,166,166,166,166,0
2022-01-28 11:10:00,166,166,166,166,0
2022-01-28 11:11:00,166,166,166,166,0
2022-01-28 11:12:00,166,166,166,166,0
2022-01-28 11:13:00,166,166,166,166,0
2022-01-28 11:14:00,166,166,166,166,0
2022-01-28 11:15:00,166,166,166,166,300
2022-01-28 11:16:00,166,166,166,166,4000
2022-01-28 11:17:00,166,166,166,166,0
2022-01-28 11:18:00,166,166,166,166,0
2022-01-28 11:19:00,166,166,166,166,0
2022-01-28 11:20:00,166,166,166,166,0
2022-01-28 11:21:00,166,166,166,166,0
2022-01-28 11:22:00,166,166,166,166,0
2022-01-28 11:23:00,166,166,166,166,2400
2022-01-28 11:24:00,166,166,166,166,0
2022-01-28 11:25:00,166,166,166,166,0
2022-01-28 11:26:00,166,166,166,166,0
2022-01-28 11:27:00,166,166,166,166,0
2022-01-28 11:28:00,166,166,166,166,0
2022-01-28 11:29:00,166,166,166,166,0
2022-01-28 11:30:00,166,166,166,166,0
2022-01-28 11:31:00,166,166,166,166,0
2022-01-28 11:32:00,166,166,166,166,0
2022-01-28 11:33:00,166,166,166,166,0
2022-01-28 11:34:00,166,166,166,166,0
2022-01-28 11:35:00,166,166,166,166,0
2022-01-28 11:36:00,166,166,166,166,0
2022-01-28 11:37:00,166,166,166,166,0
2022-01-28 11:38:00,166,166,166,166,0
2022-01-28 11:39:00,166,166,166,166,0
2022-01-28 11:40:00,166,166,166,166,0
2022-01-28 11:41:00,166,166,166,166,0
2022-01-28 11:42:00,166,166,166,166,0
2022-01-28 11:43:00,166,166,166,166,0
2022-01-28 11:44:00,166,166,166,166,0
2022-01-28 11:45:00,166,166,166,166,0
2022-01-28 11:46:00,166,166,166,166,0
2022-01-28 11:47:00,166,166,166,166,0
2022-01-28 11:48:00,166,166,166,166,0
2022-01-28 11:49:00,166,166,166,166,0
2022-01-28 11:50:00,166,166,166,166,0
2022-01-28 11:51:00,166,166,166,166,0
2022-01-28 11:52:00,166,166,166,166,0
2022-01-28 11:53:00,166,166,166,166,0
2022-01-28 11:54:00,166,166,166,166,0
2022-01-28 11:55:00,166,166,166,166,0
2022-01-28 11:56:00,166,166,166,166,0
2022-01-28 11:57:00,166,166,166,166,0
2022-01-28 11:58:00,166,166,166,166,0
2022-01-28 11:59:00,166,166,166,166,0
2022-01-28 12:00:00,166,166,166,166,0
2022-01-28 12:01:00,166,166,166,166,0
2022-01-28 12:02:00,166,166,166,166,0
2022-01-28 12:03:00,166,166,166,166,0
2022-01-28 12:04:00,166,166,166,166,0
2022-01-28 12:05:00,166,166,166,166,0
2022-01-28 12:06:00,166,166,166,166,0
2022-01-28 12:07:00,166,166,166,166,0
2022-01-28 12:08:00,166,166,166,166,0
2022-01-28 12:09:00,166,166,166,166,0
2022-01-28 12:10:00,166,166,166,166,0
2022-01-28 12:11:00,166,166,166,166,0
2022-01-28 12:12:00,166,166,166,166,0
2022-01-28 12:13:00,166,166,166,166,0
2022-01-28 12:14:00,166,166,166,166,0
2022-01-28 12:15:00,166,166,166,166,0
2022-01-28 12:16:00,166,166,166,166,0
2022-01-28 12:17:00,166,166,166,166,0
2022-01-28 12:18:00,166,166,166,166,0
2022-01-28 12:19:00,166,166,166,166,0
2022-01-28 12:20:00,166,166,166,166,0
2022-01-28 12:21:00,166,166,166,166,0
2022-01-28 12:22:00,166,166,166,166,0
2022-01-28 12:23:00,166,166,166,166,0
2022-01-28 12:24:00,166,166,166,166,0
2022-01-28 12:25:00,166,166,166,166,0
2022-01-28 12:26:00,166,166,166,166,0
2022-01-28 12:27:00,166,166,166,166,0
2022-01-28 12:28:00,166,166,166,166,0
2022-01-28 12:29:00,166,166,166,166,0
2022-01-28 12:30:00,166,166,166,166,0
2022-01-28 12:31:00,166,166,166,166,0
2022-01-28 12:32:00,166,166,166,166,0
2022-01-28 12:33:00,166,166,166,166,0
2022-01-28 12:34:00,166,166,166,166,0
2022-01-28 12:35:00,166,166,166,166,0
2022-01-28 12:36:00,166,166,166,166,0
2022-01-28 12:37:00,166,166,166,166,0
2022-01-28 12:38:00,166,166,166,166,0
2022-01-28 12:39:00,166,166,166,166,0
2022-01-28 12:40:00,166,166,166,166,0
2022-01-28 12:41:00,166,166,166,166,0
2022-01-28 12:42:00,166,166,166,166,0
2022-01-28 12:43:00,166,166,166,166,0
2022-01-28 12:44:00,166,166,166,166,0
2022-01-28 12:45:00,166,166,166,166,0
2022-01-28 12:46:00,166,166,166,166,0
2022-01-28 12:47:00,166,166,166,166,0
2022-01-28 12:48:00,166,166,166,166,0
2022-01-28 12:49:00,166,166,166,166,0
2022-01-28 12:50:00,166,166,166,166,0
2022-01-28 12:51:00,166,166,166,166,0
2022-01-28 12:52:00,166,166,166,166,0
2022-01-28 12:53:00,166,166,166,166,0
2022-01-28 12:54:00,166,166,166,166,0
2022-01-28 12:55:00,166,166,166,166,0
2022-01-28 12:56:00,166,166,166,166,0
2022-01-28 12:57:00,166,166,166,166,0
2022-01-28 12:58:00,166,166,166,166,0
2022-01-28 12:59:00,166,166,166,166,0
2022-01-28 13:00:00,166,166,166,166,0
2022-01-28 13:01:00,166,166,166,166,0
2022-01-28 13:02:00,166,166,166,166,0
2022-01-28 13:03:00,166,166,166,166,0
2022-01-28 13:04:00,166,166,166,166,0
2022-01-28 13:05:00,166,166,166,166,0
2022-01-28 13:06:00,166,166,166,166,0
2022-01-28 13:07:00,166,166,166,166,0
2022-01-28 13:08:00,166,166,166,166,0
2022-01-28 13:09:00,166,166,166,166,0
2022-01-28 13:10:00,166,166,166,166,0
2022-01-28 13:11:00,166,166,166,166,0
2022-01-28 13:12:00,166,166,166,166,0
2022-01-28 13:13:00,166,166,166,166,0
2022-01-28 13:14:00,166,166,166,166,0
2022-01-28 13:15:00,166,166,166,166,0
2022-01-28 13:16:00,166,166,166,166,0
2022-01-28 13:17:00,166,166,166,166,0
2022-01-28 13:18:00,166,166,166,166,0
2022-01-28 13:19:00,166,166,166,166,0
2022-01-28 13:20:00,166,166,166,166,0
2022-01-28 13:21:00,166,166,166,166,0
2022-01-28 13:22:00,166,166,166,166,0
2022-01-28 13:23:00,166,166,166,166,0
2022-01-28 13:24:00,166,166,166,166,0
2022-01-28 13:25:00,166,166,166,166,0
2022-01-28 13:26:00,166,166,166,166,0
2022-01-28 13:27:00,166,166,166,166,0
2022-01-28 13:28:00,166,166,166,166,0
2022-01-28 13:29:00,166,166,166,166,0
2022-01-28 13:30:00,166,165,166,166,64800
2022-01-28 13:31:00,166,166,166,166,400
2022-01-28 13:32:00,166,166,166,166,0
2022-01-28 13:33:00,166,166,166,166,10000
2022-01-28 13:34:00,166,166,166,166,0
2022-01-28 13:35:00,165,165,166,166,17600
2022-01-28 13:36:00,165,165,166,166,0
2022-01-28 13:37:00,165,165,166,166,0
2022-01-28 13:38:00,165,165,166,166,0
2022-01-28 13:39:00,165,165,166,166,0
2022-01-28 13:40:00,165,165,166,166,0
2022-01-28 13:41:00,166,166,166,166,1000
2022-01-28 13:42:00,166,166,166,166,0
2022-01-28 13:43:00,166,166,166,166,0
2022-01-28 13:44:00,166,166,166,166,0
2022-01-28 13:45:00,166,166,166,166,0
2022-01-28 13:46:00,166,166,166,166,1700
2022-01-28 13:47:00,165,165,165,165,400
2022-01-28 13:48:00,166,166,166,166,1500
2022-01-28 13:49:00,166,165,166,165,9400
2022-01-28 13:50:00,166,165,166,165,0
2022-01-28 13:51:00,166,165,166,165,0
2022-01-28 13:52:00,166,165,166,165,0
2022-01-28 13:53:00,166,166,166,166,100
2022-01-28 13:54:00,165,165,165,165,698400
2022-01-28 13:55:00,165,165,165,165,1600
2022-01-28 13:56:00,165,165,165,165,0
2022-01-28 13:57:00,165,165,165,165,0
2022-01-28 13:58:00,165,165,165,165,0
2022-01-28 13:59:00,165,165,165,165,0
2022-01-28 14:00:00,165,165,165,165,0
2022-01-28 14:01:00,164,164,164,164,100
2022-01-28 14:02:00,164,164,164,164,1000
2022-01-28 14:03:00,164,164,164,164,0
2022-01-28 14:04:00,164,164,164,164,0
2022-01-28 14:05:00,164,164,164,164,0
2022-01-28 14:06:00,165,165,165,165,100
2022-01-28 14:07:00,165,165,165,165,6100
2022-01-28 14:08:00,166,166,166,166,5000
2022-01-28 14:09:00,166,166,166,166,106200
2022-01-28 14:10:00,166,166,166,166,86200
2022-01-28 14:11:00,166,166,166,166,3000
2022-01-28 14:12:00,166,166,166,166,8300
2022-01-28 14:13:00,167,167,167,167,3000
2022-01-28 14:14:00,167,166,167,166,11500
2022-01-28 14:15:00,167,167,167,167,100
2022-01-28 14:16:00,167,167,167,167,151500
2022-01-28 14:17:00,166,166,166,166,1800
2022-01-28 14:18:00,167,167,167,167,5000
2022-01-28 14:19:00,167,167,167,167,5200
2022-01-28 14:20:00,167,167,167,167,9000
2022-01-28 14:21:00,167,167,167,167,6200
2022-01-28 14:22:00,167,167,167,167,9100
2022-01-28 14:23:00,167,167,168,168,430300
2022-01-28 14:24:00,168,168,168,168,63800
2022-01-28 14:25:00,168,168,168,168,5000
2022-01-28 14:26:00,168,168,168,168,0
2022-01-28 14:27:00,168,168,168,168,0
2022-01-28 14:28:00,168,168,168,168,0
2022-01-28 14:29:00,168,168,168,168,0
2022-01-28 14:30:00,168,168,168,168,7000
2022-01-28 14:31:00,168,168,168,168,100
2022-01-28 14:32:00,168,168,168,168,15300
2022-01-28 14:33:00,168,168,168,168,0
2022-01-28 14:34:00,168,168,168,168,0
2022-01-28 14:35:00,168,168,168,168,59200
2022-01-28 14:36:00,168,168,168,168,0
2022-01-28 14:37:00,168,168,168,168,6000
2022-01-28 14:38:00,168,168,168,168,5000
2022-01-28 14:39:00,168,167,168,167,29900
2022-01-28 14:40:00,167,167,167,167,10000
2022-01-28 14:41:00,167,167,167,167,15200
2022-01-28 14:42:00,167,167,167,167,0
2022-01-28 14:43:00,168,168,168,168,300
2022-01-28 14:44:00,168,168,168,168,20000
2022-01-28 14:45:00,168,168,168,168,0
2022-01-28 14:46:00,167,167,167,167,5500
2022-01-28 14:47:00,167,167,167,167,26300
2022-01-28 14:48:00,167,167,167,167,4700
2022-01-28 14:49:00,167,167,167,167,0
2022-01-28 14:50:00,167,167,167,167,0
2022-01-28 14:51:00,167,167,167,167,0
2022-01-28 14:52:00,167,167,167,167,0
2022-01-28 14:53:00,167,167,167,167,0
2022-01-28 14:54:00,167,167,167,167,0
2022-01-28 14:55:00,167,167,167,167,0
2022-01-28 14:56:00,167,167,167,167,0
2022-01-28 14:57:00,167,167,167,167,0
2022-01-28 14:58:00,167,167,167,167,0
2022-01-28 14:59:00,167,167,167,167,0
2022-01-28 15:00:00,167,167,167,167,7700
2022-01-28 15:01:00,167,167,167,167,14800
2022-01-28 15:02:00,167,167,167,167,0
2022-01-28 15:03:00,167,167,167,167,0
2022-01-28 15:04:00,167,167,167,167,13500
2022-01-28 15:05:00,167,167,167,167,1500
2022-01-28 15:06:00,167,167,167,167,50000
2022-01-28 15:07:00,167,167,167,167,300000
2022-01-28 15:08:00,167,167,167,167,0
2022-01-28 15:09:00,167,167,167,167,0
2022-01-28 15:10:00,167,167,167,167,100
2022-01-28 15:11:00,167,167,167,167,0
2022-01-28 15:12:00,167,167,167,167,267200
2022-01-28 15:13:00,167,167,167,167,110100
2022-01-28 15:14:00,167,167,167,167,900
2022-01-28 15:15:00,167,167,167,167,0
2022-01-28 15:16:00,167,167,167,167,0
2022-01-28 15:17:00,167,167,167,167,0
2022-01-28 15:18:00,167,167,167,167,0
2022-01-28 15:19:00,167,167,167,167,0
2022-01-28 15:20:00,167,167,167,167,0
2022-01-28 15:21:00,167,167,167,167,0
2022-01-28 15:22:00,167,167,167,167,0
2022-01-28 15:23:00,167,167,167,167,0
2022-01-28 15:24:00,167,167,167,167,0
2022-01-28 15:25:00,167,167,167,167,0
2022-01-28 15:26:00,167,167,167,167,0
2022-01-28 15:27:00,167,167,167,167,0
2022-01-28 15:28:00,167,167,167,167,0
2022-01-28 15:29:00,167,167,167,167,0
2022-01-28 15:30:00,167,167,167,167,0
2022-01-28 15:31:00,167,167,167,167,0
2022-01-28 15:32:00,167,167,167,167,0
2022-01-28 15:33:00,167,167,167,167,0
2022-01-28 15:34:00,167,167,167,167,0
2022-01-28 15:35:00,167,167,167,167,0
2022-01-28 15:36:00,167,167,167,167,0
2022-01-28 15:37:00,167,167,167,167,0
2022-01-28 15:38:00,167,167,167,167,0
2022-01-28 15:39:00,167,167,167,167,0
2022-01-28 15:40:00,167,167,167,167,0
2022-01-28 15:41:00,167,167,167,167,0
2022-01-28 15:42:00,167,167,167,167,0
2022-01-28 15:43:00,167,167,167,167,0
2022-01-28 15:44:00,167,167,167,167,0
2022-01-28 15:45:00,167,167,167,167,0
2022-01-28 15:46:00,167,167,167,167,0
2022-01-28 15:47:00,167,167,167,167,0
2022-01-28 15:48:00,167,167,167,167,0
2022-01-28 15:49:00,167,167,167,167,0
2022-01-28 15:50:00,167,167,167,167,0
2022-01-28 15:51:00,167,167,167,167,0
2022-01-28 15:52:00,167,167,167,167,0
2022-01-28 15:53:00,167,167,167,167,0
2022-01-28 15:54:00,167,167,167,167,0
2022-01-28 15:55:00,167,167,167,167,0
2022-01-28 15:56:00,167,167,167,167,0
2022-01-28 15:57:00,167,167,167,167,0
2022-01-28 15:58:00,167,167,167,167,0
2022-01-28 15:59:00,167,167,167,167,0
2022-01-31 09:00:00,169,168,170,170,0
2022-01-31 09:01:00,170,170,171,171,66100
2022-01-31 09:02:00,171,171,172,172,173000
2022-01-31 09:03:00,172,172,172,172,11400
2022-01-31 09:04:00,172,172,172,172,30100
2022-01-31 09:05:00,172,172,175,175,193100
2022-01-31 09:06:00,174,174,178,178,224000
2022-01-31 09:07:00,177,177,180,178,751800
2022-01-31 09:08:00,178,178,180,179,1108100
2022-01-31 09:09:00,180,178,180,179,365700
2022-01-31 09:10:00,179,178,179,179,666000
2022-01-31 09:11:00,178,178,179,178,697400
2022-01-31 09:12:00,178,177,178,178,130500
2022-01-31 09:13:00,178,177,178,178,342100
2022-01-31 09:14:00,177,177,178,178,225700
2022-01-31 09:15:00,178,178,178,178,1000
2022-01-31 09:16:00,178,178,179,179,97900
2022-01-31 09:17:00,179,179,179,179,236900
2022-01-31 09:18:00,179,179,179,179,280900
2022-01-31 09:19:00,179,179,179,179,56200
2022-01-31 09:20:00,179,178,179,178,135300
2022-01-31 09:21:00,178,178,179,179,300300
2022-01-31 09:22:00,179,179,180,179,141700
2022-01-31 09:23:00,179,179,180,180,105100
2022-01-31 09:24:00,180,179,180,179,97500
2022-01-31 09:25:00,179,179,179,179,700
2022-01-31 09:26:00,179,178,179,179,60500
2022-01-31 09:27:00,178,178,178,178,153700
2022-01-31 09:28:00,178,178,178,178,32500
2022-01-31 09:29:00,177,177,178,178,142300
2022-01-31 09:30:00,178,178,178,178,37500
2022-01-31 09:31:00,178,178,179,178,174500
2022-01-31 09:32:00,177,177,178,178,1600
2022-01-31 09:33:00,177,177,178,178,354000
2022-01-31 09:34:00,178,178,178,178,9700
2022-01-31 09:35:00,178,177,178,177,1100
2022-01-31 09:36:00,177,177,178,178,28400
2022-01-31 09:37:00,178,177,178,178,55900
2022-01-31 09:38:00,178,174,178,174,750100
2022-01-31 09:39:00,174,174,175,175,21100
2022-01-31 09:40:00,176,175,178,175,2100
2022-01-31 09:41:00,177,177,177,177,16000
2022-01-31 09:42:00,176,175,176,175,23600
2022-01-31 09:43:00,174,174,175,175,12000
2022-01-31 09:44:00,174,174,175,174,9400
2022-01-31 09:45:00,174,174,175,175,101100
2022-01-31 09:46:00,175,174,175,175,200300
2022-01-31 09:47:00,174,174,174,174,82400
2022-01-31 09:48:00,174,174,174,174,0
2022-01-31 09:49:00,175,175,175,175,100
2022-01-31 09:50:00,176,176,177,177,6000
2022-01-31 09:51:00,175,175,175,175,100
2022-01-31 09:52:00,175,175,175,175,21100
2022-01-31 09:53:00,177,177,177,177,400
2022-01-31 09:54:00,177,177,177,177,0
2022-01-31 09:55:00,175,175,177,177,3400
2022-01-31 09:56:00,175,175,177,177,0
2022-01-31 09:57:00,177,175,177,175,155400
2022-01-31 09:58:00,175,175,175,175,100200
2022-01-31 09:59:00,175,175,175,175,5000
2022-01-31 10:00:00,175,175,175,175,500
2022-01-31 10:01:00,175,175,175,175,0
2022-01-31 10:02:00,175,175,175,175,100
2022-01-31 10:03:00,175,175,175,175,15200
2022-01-31 10:04:00,175,175,175,175,6000
2022-01-31 10:05:00,175,175,175,175,0
2022-01-31 10:06:00,175,174,175,175,5300
2022-01-31 10:07:00,174,174,175,175,700
2022-01-31 10:08:00,175,174,175,174,1300
2022-01-31 10:09:00,174,174,174,174,100
2022-01-31 10:10:00,174,174,174,174,0
2022-01-31 10:11:00,174,174,174,174,100000
2022-01-31 10:12:00,175,175,175,175,51200
2022-01-31 10:13:00,175,175,175,175,19200
2022-01-31 10:14:00,175,175,175,175,0
2022-01-31 10:15:00,175,175,175,175,62000
2022-01-31 10:16:00,175,175,175,175,100
2022-01-31 10:17:00,176,176,176,176,100000
2022-01-31 10:18:00,175,175,176,176,82800
2022-01-31 10:19:00,176,176,177,177,400
2022-01-31 10:20:00,176,176,176,176,100
2022-01-31 10:21:00,176,176,176,176,1300
2022-01-31 10:22:00,176,176,176,176,0
2022-01-31 10:23:00,176,176,176,176,0
2022-01-31 10:24:00,176,176,176,176,30000
2022-01-31 10:25:00,177,177,177,177,1000
2022-01-31 10:26:00,177,177,177,177,130000
2022-01-31 10:27:00,177,176,177,176,10000
2022-01-31 10:28:00,177,176,177,176,0
2022-01-31 10:29:00,177,177,177,177,0
2022-01-31 10:30:00,177,177,177,177,10012800
2022-01-31 10:31:00,176,176,176,176,5000
2022-01-31 10:32:00,176,176,176,176,100
2022-01-31 10:33:00,177,177,177,177,2000
2022-01-31 10:34:00,177,177,177,177,100
2022-01-31 10:35:00,177,177,177,177,0
2022-01-31 10:36:00,177,177,177,177,400
2022-01-31 10:37:00,176,176,176,176,100
2022-01-31 10:38:00,176,176,176,176,0
2022-01-31 10:39:00,176,176,176,176,50000
2022-01-31 10:40:00,176,176,176,176,0
2022-01-31 10:41:00,176,176,176,176,20900
2022-01-31 10:42:00,176,176,176,176,0
2022-01-31 10:43:00,176,176,176,176,0
2022-01-31 10:44:00,176,176,176,176,5000
2022-01-31 10:45:00,176,176,176,176,0
2022-01-31 10:46:00,176,176,176,176,5000
2022-01-31 10:47:00,176,176,176,176,33700
2022-01-31 10:48:00,176,176,176,176,11900
2022-01-31 10:49:00,176,176,176,176,0
2022-01-31 10:50:00,176,176,176,176,15500
2022-01-31 10:51:00,176,176,176,176,5900
2022-01-31 10:52:00,176,176,176,176,100
2022-01-31 10:53:00,175,175,175,175,25000
2022-01-31 10:54:00,176,176,176,176,900
2022-01-31 10:55:00,176,176,176,176,5000
2022-01-31 10:56:00,176,176,176,176,0
2022-01-31 10:57:00,176,176,176,176,5000
2022-01-31 10:58:00,176,176,176,176,0
2022-01-31 10:59:00,176,176,176,176,2500
2022-01-31 11:00:00,176,176,176,176,14100
2022-01-31 11:01:00,176,176,176,176,0
2022-01-31 11:02:00,176,176,176,176,500
2022-01-31 11:03:00,176,176,176,176,0
2022-01-31 11:04:00,176,176,176,176,0
2022-01-31 11:05:00,176,176,176,176,0
2022-01-31 11:06:00,176,176,176,176,3000
2022-01-31 11:07:00,177,176,177,176,105200
2022-01-31 11:08:00,176,176,176,176,800
2022-01-31 11:09:00,176,176,176,176,0
2022-01-31 11:10:00,177,177,177,177,1000
2022-01-31 11:11:00,177,177,177,177,1500
2022-01-31 11:12:00,177,177,177,177,0
2022-01-31 11:13:00,177,177,177,177,50000
2022-01-31 11:14:00,177,177,177,177,0
2022-01-31 11:15:00,177,177,177,177,0
2022-01-31 11:16:00,177,177,177,177,0
2022-01-31 11:17:00,177,177,177,177,0
2022-01-31 11:18:00,177,177,177,177,0
2022-01-31 11:19:00,177,177,177,177,0
2022-01-31 11:20:00,176,176,177,177,14000
2022-01-31 11:21:00,177,177,177,177,2500
2022-01-31 11:22:00,177,177,177,177,0
2022-01-31 11:23:00,177,177,177,177,0
2022-01-31 11:24:00,177,177,177,177,2500
2022-01-31 11:25:00,177,177,177,177,0
2022-01-31 11:26:00,177,177,177,177,0
2022-01-31 11:27:00,177,176,177,176,900
2022-01-31 11:28:00,177,176,177,176,0
2022-01-31 11:29:00,177,177,177,177,700
2022-01-31 11:30:00,177,177,177,177,0
2022-01-31 11:31:00,177,177,177,177,0
2022-01-31 11:32:00,177,177,177,177,0
2022-01-31 11:33:00,177,177,177,177,0
2022-01-31 11:34:00,177,177,177,177,0
2022-01-31 11:35:00,177,177,177,177,0
2022-01-31 11:36:00,177,177,177,177,0
2022-01-31 11:37:00,177,177,177,177,0
2022-01-31 11:38:00,177,177,177,177,0
2022-01-31 11:39:00,177,177,177,177,0
2022-01-31 11:40:00,177,177,177,177,0
2022-01-31 11:41:00,177,177,177,177,0
2022-01-31 11:42:00,177,177,177,177,0
2022-01-31 11:43:00,177,177,177,177,0
2022-01-31 11:44:00,177,177,177,177,0
2022-01-31 11:45:00,177,177,177,177,0
2022-01-31 11:46:00,177,177,177,177,0
2022-01-31 11:47:00,177,177,177,177,0
2022-01-31 11:48:00,177,177,177,177,0
2022-01-31 11:49:00,177,177,177,177,0
2022-01-31 11:50:00,177,177,177,177,0
2022-01-31 11:51:00,177,177,177,177,0
2022-01-31 11:52:00,177,177,177,177,0
2022-01-31 11:53:00,177,177,177,177,0
2022-01-31 11:54:00,177,177,177,177,0
2022-01-31 11:55:00,177,177,177,177,0
2022-01-31 11:56:00,177,177,177,177,0
2022-01-31 11:57:00,177,177,177,177,0
2022-01-31 11:58:00,177,177,177,177,0
2022-01-31 11:59:00,177,177,177,177,0
2022-01-31 12:00:00,177,177,177,177,0
2022-01-31 12:01:00,177,177,177,177,0
2022-01-31 12:02:00,177,177,177,177,0
2022-01-31 12:03:00,177,177,177,177,0
2022-01-31 12:04:00,177,177,177,177,0
2022-01-31 12:05:00,177,177,177,177,0
2022-01-31 12:06:00,177,177,177,177,0
2022-01-31 12:07:00,177,177,177,177,0
2022-01-31 12:08:00,177,177,177,177,0
2022-01-31 12:09:00,177,177,177,177,0
2022-01-31 12:10:00,177,177,177,177,0
2022-01-31 12:11:00,177,177,177,177,0
2022-01-31 12:12:00,177,177,177,177,0
2022-01-31 12:13:00,177,177,177,177,0
2022-01-31 12:14:00,177,177,177,177,0
2022-01-31 12:15:00,177,177,177,177,0
2022-01-31 12:16:00,177,177,177,177,0
2022-01-31 12:17:00,177,177,177,177,0
2022-01-31 12:18:00,177,177,177,177,0
2022-01-31 12:19:00,177,177,177,177,0
2022-01-31 12:20:00,177,177,177,177,0
2022-01-31 12:21:00,177,177,177,177,0
2022-01-31 12:22:00,177,177,177,177,0
2022-01-31 12:23:00,177,177,177,177,0
2022-01-31 12:24:00,177,177,177,177,0
2022-01-31 12:25:00,177,177,177,177,0
2022-01-31 12:26:00,177,177,177,177,0
2022-01-31 12:27:00,177,177,177,177,0
2022-01-31 12:28:00,177,177,177,177,0
2022-01-31 12:29:00,177,177,177,177,0
2022-01-31 12:30:00,177,177,177,177,0
2022-01-31 12:31:00,177,177,177,177,0
2022-01-31 12:32:00,177,177,177,177,0
2022-01-31 12:33:00,177,177,177,177,0
2022-01-31 12:34:00,177,177,177,177,0
2022-01-31 12:35:00,177,177,177,177,0
2022-01-31 12:36:00,177,177,177,177,0
2022-01-31 12:37:00,177,177,177,177,0
2022-01-31 12:38:00,177,177,177,177,0
2022-01-31 12:39:00,177,177,177,177,0
2022-01-31 12:40:00,177,177,177,177,0
2022-01-31 12:41:00,177,177,177,177,0
2022-01-31 12:42:00,177,177,177,177,0
2022-01-31 12:43:00,177,177,177,177,0
2022-01-31 12:44:00,177,177,177,177,0
2022-01-31 12:45:00,177,177,177,177,0
2022-01-31 12:46:00,177,177,177,177,0
2022-01-31 12:47:00,177,177,177,177,0
2022-01-31 12:48:00,177,177,177,177,0
2022-01-31 12:49:00,177,177,177,177,0
2022-01-31 12:50:00,177,177,177,177,0
2022-01-31 12:51:00,177,177,177,177,0
2022-01-31 12:52:00,177,177,177,177,0
2022-01-31 12:53:00,177,177,177,177,0
2022-01-31 12:54:00,177,177,177,177,0
2022-01-31 12:55:00,177,177,177,177,0
2022-01-31 12:56:00,177,177,177,177,0
2022-01-31 12:57:00,177,177,177,177,0
2022-01-31 12:58:00,177,177,177,177,0
2022-01-31 12:59:00,177,177,177,177,0
2022-01-31 13:00:00,177,177,177,177,0
2022-01-31 13:01:00,177,177,177,177,0
2022-01-31 13:02:00,177,177,177,177,0
2022-01-31 13:03:00,177,177,177,177,0
2022-01-31 13:04:00,177,177,177,177,0
2022-01-31 13:05:00,177,177,177,177,0
2022-01-31 13:06:00,177,177,177,177,0
2022-01-31 13:07:00,177,177,177,177,0
2022-01-31 13:08:00,177,177,177,177,0
2022-01-31 13:09:00,177,177,177,177,0
2022-01-31 13:10:00,177,177,177,177,0
2022-01-31 13:11:00,177,177,177,177,0
2022-01-31 13:12:00,177,177,177,177,0
2022-01-31 13:13:00,177,177,177,177,0
2022-01-31 13:14:00,177,177,177,177,0
2022-01-31 13:15:00,177,177,177,177,0
2022-01-31 13:16:00,177,177,177,177,0
2022-01-31 13:17:00,177,177,177,177,0
2022-01-31 13:18:00,177,177,177,177,0
2022-01-31 13:19:00,177,177,177,177,0
2022-01-31 13:20:00,177,177,177,177,0
2022-01-31 13:21:00,177,177,177,177,0
2022-01-31 13:22:00,177,177,177,177,0
2022-01-31 13:23:00,177,177,177,177,0
2022-01-31 13:24:00,177,177,177,177,0
2022-01-31 13:25:00,177,177,177,177,0
2022-01-31 13:26:00,177,177,177,177,0
2022-01-31 13:27:00,177,177,177,177,0
2022-01-31 13:28:00,177,177,177,177,0
2022-01-31 13:29:00,177,177,177,177,0
2022-01-31 13:30:00,177,176,177,177,103100
2022-01-31 13:31:00,177,176,177,176,99000
2022-01-31 13:32:00,175,175,175,175,16900
2022-01-31 13:33:00,175,175,175,175,0
2022-01-31 13:34:00,175,175,175,175,400
2022-01-31 13:35:00,177,177,177,177,13400
2022-01-31 13:36:00,177,177,177,177,0
2022-01-31 13:37:00,177,177,177,177,0
2022-01-31 13:38:00,177,177,177,177,0
2022-01-31 13:39:00,177,177,177,177,2500
2022-01-31 13:40:00,177,177,177,177,0
2022-01-31 13:41:00,177,177,177,177,900
2022-01-31 13:42:00,177,177,177,177,200
2022-01-31 13:43:00,177,177,177,177,300
2022-01-31 13:44:00,177,177,177,177,700
2022-01-31 13:45:00,176,176,176,176,13400
2022-01-31 13:46:00,176,176,177,177,200
2022-01-31 13:47:00,176,176,177,177,30200
2022-01-31 13:48:00,176,176,176,176,12000
2022-01-31 13:49:00,176,176,176,176,100
2022-01-31 13:50:00,176,176,176,176,0
2022-01-31 13:51:00,177,177,177,177,1500
2022-01-31 13:52:00,177,177,177,177,3000
2022-01-31 13:53:00,177,176,177,177,31600
2022-01-31 13:54:00,177,176,177,177,0
2022-01-31 13:55:00,177,176,177,177,0
2022-01-31 13:56:00,177,176,177,177,0
2022-01-31 13:57:00,177,176,177,177,0
2022-01-31 13:58:00,177,176,177,177,0
2022-01-31 13:59:00,176,176,176,176,15200
2022-01-31 14:00:00,176,176,176,176,0
2022-01-31 14:01:00,176,176,176,176,0
2022-01-31 14:02:00,176,176,176,176,0
2022-01-31 14:03:00,177,177,177,177,10000
2022-01-31 14:04:00,177,176,177,176,3800
2022-01-31 14:05:00,176,176,176,176,22500
2022-01-31 14:06:00,176,176,176,176,10300
2022-01-31 14:07:00,176,176,176,176,0
2022-01-31 14:08:00,176,176,176,176,0
2022-01-31 14:09:00,176,176,176,176,100100
2022-01-31 14:10:00,176,176,176,176,279600
2022-01-31 14:11:00,176,176,176,176,0
2022-01-31 14:12:00,176,176,176,176,0
2022-01-31 14:13:00,176,176,176,176,8800
2022-01-31 14:14:00,176,176,176,176,16900
2022-01-31 14:15:00,176,176,176,176,0
2022-01-31 14:16:00,176,176,176,176,9900
2022-01-31 14:17:00,176,176,176,176,0
2022-01-31 14:18:00,176,176,176,176,0
2022-01-31 14:19:00,176,176,176,176,1200
2022-01-31 14:20:00,176,176,176,176,0
2022-01-31 14:21:00,175,175,175,175,5400
2022-01-31 14:22:00,175,175,175,175,34500
2022-01-31 14:23:00,175,175,175,175,0
2022-01-31 14:24:00,175,175,175,175,0
2022-01-31 14:25:00,175,175,175,175,0
2022-01-31 14:26:00,175,175,175,175,0
2022-01-31 14:27:00,175,175,175,175,800
2022-01-31 14:28:00,175,175,175,175,10000
2022-01-31 14:29:00,175,175,175,175,0
2022-01-31 14:30:00,175,175,175,175,60000
2022-01-31 14:31:00,175,175,175,175,0
2022-01-31 14:32:00,175,175,175,175,0
2022-01-31 14:33:00,175,175,175,175,0
2022-01-31 14:34:00,176,176,176,176,1000
2022-01-31 14:35:00,176,176,176,176,0
2022-01-31 14:36:00,175,175,175,175,300
2022-01-31 14:37:00,175,175,175,175,0
2022-01-31 14:38:00,176,176,176,176,1000
2022-01-31 14:39:00,176,176,176,176,0
2022-01-31 14:40:00,175,175,175,175,2500
2022-01-31 14:41:00,175,175,176,176,7800
2022-01-31 14:42:00,175,175,176,176,0
2022-01-31 14:43:00,176,176,176,176,500
2022-01-31 14:44:00,176,176,176,176,6000
2022-01-31 14:45:00,176,176,176,176,0
2022-01-31 14:46:00,176,176,176,176,500
2022-01-31 14:47:00,176,176,176,176,0
2022-01-31 14:48:00,176,175,176,176,148700
2022-01-31 14:49:00,175,175,176,176,16400
2022-01-31 14:50:00,175,175,176,176,0
2022-01-31 14:51:00,175,175,176,176,0
2022-01-31 14:52:00,175,175,176,176,0
2022-01-31 14:53:00,175,175,176,176,0
2022-01-31 14:54:00,175,175,176,176,0
2022-01-31 14:55:00,175,175,176,176,0
2022-01-31 14:56:00,175,175,176,176,0
2022-01-31 14:57:00,175,175,176,176,0
2022-01-31 14:58:00,175,175,176,176,0
2022-01-31 14:59:00,175,175,176,176,0
2022-01-31 15:00:00,175,175,175,175,335700
2022-01-31 15:01:00,175,175,175,175,68000
2022-01-31 15:02:00,175,175,175,175,8000
2022-01-31 15:03:00,175,175,175,175,4900
2022-01-31 15:04:00,175,175,175,175,17700
2022-01-31 15:05:00,175,175,175,175,200
2022-01-31 15:06:00,175,175,175,175,4600
2022-01-31 15:07:00,175,175,175,175,0
2022-01-31 15:08:00,175,175,175,175,0
2022-01-31 15:09:00,175,175,175,175,900
2022-01-31 15:10:00,175,175,175,175,0
2022-01-31 15:11:00,175,175,175,175,0
2022-01-31 15:12:00,175,175,175,175,0
2022-01-31 15:13:00,175,175,175,175,7000
2022-01-31 15:14:00,175,175,175,175,11954700
2022-01-31 15:15:00,175,175,175,175,0
2022-01-31 15:16:00,175,175,175,175,0
2022-01-31 15:17:00,175,175,175,175,0
2022-01-31 15:18:00,175,175,175,175,0
2022-01-31 15:19:00,175,175,175,175,0
2022-01-31 15:20:00,175,175,175,175,0
2022-01-31 15:21:00,175,175,175,175,0
2022-01-31 15:22:00,175,175,175,175,0
2022-01-31 15:23:00,175,175,175,175,0
2022-01-31 15:24:00,175,175,175,175,0
2022-01-31 15:25:00,175,175,175,175,0
2022-01-31 15:26:00,175,175,175,175,0
2022-01-31 15:27:00,175,175,175,175,0
2022-01-31 15:28:00,175,175,175,175,0
2022-01-31 15:29:00,175,175,175,175,0
2022-01-31 15:30:00,175,175,175,175,0
2022-01-31 15:31:00,175,175,175,175,0
2022-01-31 15:32:00,175,175,175,175,0
2022-01-31 15:33:00,175,175,175,175,0
2022-01-31 15:34:00,175,175,175,175,0
2022-01-31 15:35:00,175,175,175,175,0
2022-01-31 15:36:00,175,175,175,175,0
2022-01-31 15:37:00,175,175,175,175,0
2022-01-31 15:38:00,175,175,175,175,0
2022-01-31 15:39:00,175,175,175,175,0
2022-01-31 15:40:00,175,175,175,175,0
2022-01-31 15:41:00,175,175,175,175,0
2022-01-31 15:42:00,175,175,175,175,0
2022-01-31 15:43:00,175,175,175,175,0
2022-01-31 15:44:00,175,175,175,175,0
2022-01-31 15:45:00,175,175,175,175,0
2022-01-31 15:46:00,175,175,175,175,0
2022-01-31 15:47:00,175,175,175,175,0
2022-01-31 15:48:00,175,175,175,175,0
2022-01-31 15:49:00,175,175,175,175,0
2022-01-31 15:50:00,175,175,175,175,0
2022-01-31 15:51:00,175,175,175,175,0
2022-01-31 15:52:00,175,175,175,175,0
2022-01-31 15:53:00,175,175,175,175,0
2022-01-31 15:54:00,175,175,175,175,0
2022-01-31 15:55:00,175,175,175,175,0
2022-01-31 15:56:00,175,175,175,175,0
2022-01-31 15:57:00,175,175,175,175,0
2022-01-31 15:58:00,175,175,175,175,0
2022-01-31 15:59:00,175,175,175,175,0
2022-02-01 09:00:00,175,175,175,175,0
2022-02-01 09:01:00,175,175,175,175,0
2022-02-01 09:02:00,175,175,175,175,0
2022-02-01 09:03:00,175,175,175,175,0
2022-02-01 09:04:00,175,175,175,175,0
2022-02-01 09:05:00,175,175,175,175,0
2022-02-01 09:06:00,175,175,175,175,0
2022-02-01 09:07:00,175,175,175,175,0
2022-02-01 09:08:00,175,175,175,175,0
2022-02-01 09:09:00,175,175,175,175,0
2022-02-01 09:10:00,175,175,175,175,0
2022-02-01 09:11:00,175,175,175,175,0
2022-02-01 09:12:00,175,175,175,175,0
2022-02-01 09:13:00,175,175,175,175,0
2022-02-01 09:14:00,175,175,175,175,0
2022-02-01 09:15:00,175,175,175,175,0
2022-02-01 09:16:00,175,175,175,175,0
2022-02-01 09:17:00,175,175,175,175,0
2022-02-01 09:18:00,175,175,175,175,0
2022-02-01 09:19:00,175,175,175,175,0
2022-02-01 09:20:00,175,175,175,175,0
2022-02-01 09:21:00,175,175,175,175,0
2022-02-01 09:22:00,175,175,175,175,0
2022-02-01 09:23:00,175,175,175,175,0
2022-02-01 09:24:00,175,175,175,175,0
2022-02-01 09:25:00,175,175,175,175,0
2022-02-01 09:26:00,175,175,175,175,0
2022-02-01 09:27:00,175,175,175,175,0
2022-02-01 09:28:00,175,175,175,175,0
2022-02-01 09:29:00,175,175,175,175,0
2022-02-01 09:30:00,175,175,175,175,0
2022-02-01 09:31:00,175,175,175,175,0
2022-02-01 09:32:00,175,175,175,175,0
2022-02-01 09:33:00,175,175,175,175,0
2022-02-01 09:34:00,175,175,175,175,0
2022-02-01 09:35:00,175,175,175,175,0
2022-02-01 09:36:00,175,175,175,175,0
2022-02-01 09:37:00,175,175,175,175,0
2022-02-01 09:38:00,175,175,175,175,0
2022-02-01 09:39:00,175,175,175,175,0
2022-02-01 09:40:00,175,175,175,175,0
2022-02-01 09:41:00,175,175,175,175,0
2022-02-01 09:42:00,175,175,175,175,0
2022-02-01 09:43:00,175,175,175,175,0
2022-02-01 09:44:00,175,175,175,175,0
2022-02-01 09:45:00,175,175,175,175,0
2022-02-01 09:46:00,175,175,175,175,0
2022-02-01 09:47:00,175,175,175,175,0
2022-02-01 09:48:00,175,175,175,175,0
2022-02-01 09:49:00,175,175,175,175,0
2022-02-01 09:50:00,175,175,175,175,0
2022-02-01 09:51:00,175,175,175,175,0
2022-02-01 09:52:00,175,175,175,175,0
2022-02-01 09:53:00,175,175,175,175,0
2022-02-01 09:54:00,175,175,175,175,0
2022-02-01 09:55:00,175,175,175,175,0
2022-02-01 09:56:00,175,175,175,175,0
2022-02-01 09:57:00,175,175,175,175,0
2022-02-01 09:58:00,175,175,175,175,0
2022-02-01 09:59:00,175,175,175,175,0
2022-02-01 10:00:00,175,175,175,175,0
2022-02-01 10:01:00,175,175,175,175,0
2022-02-01 10:02:00,175,175,175,175,0
2022-02-01 10:03:00,175,175,175,175,0
2022-02-01 10:04:00,175,175,175,175,0
2022-02-01 10:05:00,175,175,175,175,0
2022-02-01 10:06:00,175,175,175,175,0
2022-02-01 10:07:00,175,175,175,175,0
2022-02-01 10:08:00,175,175,175,175,0
2022-02-01 10:09:00,175,175,175,175,0
2022-02-01 10:10:00,175,175,175,175,0
2022-02-01 10:11:00,175,175,175,175,0
2022-02-01 10:12:00,175,175,175,175,0
2022-02-01 10:13:00,175,175,175,175,0
2022-02-01 10:14:00,175,175,175,175,0
2022-02-01 10:15:00,175,175,175,175,0
2022-02-01 10:16:00,175,175,175,175,0
2022-02-01 10:17:00,175,175,175,175,0
2022-02-01 10:18:00,175,175,175,175,0
2022-02-01 10:19:00,175,175,175,175,0
2022-02-01 10:20:00,175,175,175,175,0
2022-02-01 10:21:00,175,175,175,175,0
2022-02-01 10:22:00,175,175,175,175,0
2022-02-01 10:23:00,175,175,175,175,0
2022-02-01 10:24:00,175,175,175,175,0
2022-02-01 10:25:00,175,175,175,175,0
2022-02-01 10:26:00,175,175,175,175,0
2022-02-01 10:27:00,175,175,175,175,0
2022-02-01 10:28:00,175,175,175,175,0
2022-02-01 10:29:00,175,175,175,175,0
2022-02-01 10:30:00,175,175,175,175,0
2022-02-01 10:31:00,175,175,175,175,0
2022-02-01 10:32:00,175,175,175,175,0
2022-02-01 10:33:00,175,175,175,175,0
2022-02-01 10:34:00,175,175,175,175,0
2022-02-01 10:35:00,175,175,175,175,0
2022-02-01 10:36:00,175,175,175,175,0
2022-02-01 10:37:00,175,175,175,175,0
2022-02-01 10:38:00,175,175,175,175,0
2022-02-01 10:39:00,175,175,175,175,0
2022-02-01 10:40:00,175,175,175,175,0
2022-02-01 10:41:00,175,175,175,175,0
2022-02-01 10:42:00,175,175,175,175,0
2022-02-01 10:43:00,175,175,175,175,0
2022-02-01 10:44:00,175,175,175,175,0
2022-02-01 10:45:00,175,175,175,175,0
2022-02-01 10:46:00,175,175,175,175,0
2022-02-01 10:47:00,175,175,175,175,0
2022-02-01 10:48:00,175,175,175,175,0
2022-02-01 10:49:00,175,175,175,175,0
2022-02-01 10:50:00,175,175,175,175,0
2022-02-01 10:51:00,175,175,175,175,0
2022-02-01 10:52:00,175,175,175,175,0
2022-02-01 10:53:00,175,175,175,175,0
2022-02-01 10:54:00,175,175,175,175,0
2022-02-01 10:55:00,175,175,175,175,0
2022-02-01 10:56:00,175,175,175,175,0
2022-02-01 10:57:00,175,175,175,175,0
2022-02-01 10:58:00,175,175,175,175,0
2022-02-01 10:59:00,175,175,175,175,0
2022-02-01 11:00:00,175,175,175,175,0
2022-02-01 11:01:00,175,175,175,175,0
2022-02-01 11:02:00,175,175,175,175,0
2022-02-01 11:03:00,175,175,175,175,0
2022-02-01 11:04:00,175,175,175,175,0
2022-02-01 11:05:00,175,175,175,175,0
2022-02-01 11:06:00,175,175,175,175,0
2022-02-01 11:07:00,175,175,175,175,0
2022-02-01 11:08:00,175,175,175,175,0
2022-02-01 11:09:00,175,175,175,175,0
2022-02-01 11:10:00,175,175,175,175,0
2022-02-01 11:11:00,175,175,175,175,0
2022-02-01 11:12:00,175,175,175,175,0
2022-02-01 11:13:00,175,175,175,175,0
2022-02-01 11:14:00,175,175,175,175,0
2022-02-01 11:15:00,175,175,175,175,0
2022-02-01 11:16:00,175,175,175,175,0
2022-02-01 11:17:00,175,175,175,175,0
2022-02-01 11:18:00,175,175,175,175,0
2022-02-01 11:19:00,175,175,175,175,0
2022-02-01 11:20:00,175,175,175,175,0
2022-02-01 11:21:00,175,175,175,175,0
2022-02-01 11:22:00,175,175,175,175,0
2022-02-01 11:23:00,175,175,175,175,0
2022-02-01 11:24:00,175,175,175,175,0
2022-02-01 11:25:00,175,175,175,175,0
2022-02-01 11:26:00,175,175,175,175,0
2022-02-01 11:27:00,175,175,175,175,0
2022-02-01 11:28:00,175,175,175,175,0
2022-02-01 11:29:00,175,175,175,175,0
2022-02-01 11:30:00,175,175,175,175,0
2022-02-01 11:31:00,175,175,175,175,0
2022-02-01 11:32:00,175,175,175,175,0
2022-02-01 11:33:00,175,175,175,175,0
2022-02-01 11:34:00,175,175,175,175,0
2022-02-01 11:35:00,175,175,175,175,0
2022-02-01 11:36:00,175,175,175,175,0
2022-02-01 11:37:00,175,175,175,175,0
2022-02-01 11:38:00,175,175,175,175,0
2022-02-01 11:39:00,175,175,175,175,0
2022-02-01 11:40:00,175,175,175,175,0
2022-02-01 11:41:00,175,175,175,175,0
2022-02-01 11:42:00,175,175,175,175,0
2022-02-01 11:43:00,175,175,175,175,0
2022-02-01 11:44:00,175,175,175,175,0
2022-02-01 11:45:00,175,175,175,175,0
2022-02-01 11:46:00,175,175,175,175,0
2022-02-01 11:47:00,175,175,175,175,0
2022-02-01 11:48:00,175,175,175,175,0
2022-02-01 11:49:00,175,175,175,175,0
2022-02-01 11:50:00,175,175,175,175,0
2022-02-01 11:51:00,175,175,175,175,0
2022-02-01 11:52:00,175,175,175,175,0
2022-02-01 11:53:00,175,175,175,175,0
2022-02-01 11:54:00,175,175,175,175,0
2022-02-01 11:55:00,175,175,175,175,0
2022-02-01 11:56:00,175,175,175,175,0
2022-02-01 11:57:00,175,175,175,175,0
2022-02-01 11:58:00,175,175,175,175,0
2022-02-01 11:59:00,175,175,175,175,0
2022-02-01 12:00:00,175,175,175,175,0
2022-02-01 12:01:00,175,175,175,175,0
2022-02-01 12:02:00,175,175,175,175,0
2022-02-01 12:03:00,175,175,175,175,0
2022-02-01 12:04:00,175,175,175,175,0
2022-02-01 12:05:00,175,175,175,175,0
2022-02-01 12:06:00,175,175,175,175,0
2022-02-01 12:07:00,175,175,175,175,0
2022-02-01 12:08:00,175,175,175,175,0
2022-02-01 12:09:00,175,175,175,175,0
2022-02-01 12:10:00,175,175,175,175,0
2022-02-01 12:11:00,175,175,175,175,0
2022-02-01 12:12:00,175,175,175,175,0
2022-02-01 12:13:00,175,175,175,175,0
2022-02-01 12:14:00,175,175,175,175,0
2022-02-01 12:15:00,175,175,175,175,0
2022-02-01 12:16:00,175,175,175,175,0
2022-02-01 12:17:00,175,175,175,175,0
2022-02-01 12:18:00,175,175,175,175,0
2022-02-01 12:19:00,175,175,175,175,0
2022-02-01 12:20:00,175,175,175,175,0
2022-02-01 12:21:00,175,175,175,175,0
2022-02-01 12:22:00,175,175,175,175,0
2022-02-01 12:23:00,175,175,175,175,0
2022-02-01 12:24:00,175,175,175,175,0
2022-02-01 12:25:00,175,175,175,175,0
2022-02-01 12:26:00,175,175,175,175,0
2022-02-01 12:27:00,175,175,175,175,0
2022-02-01 12:28:00,175,175,175,175,0
2022-02-01 12:29:00,175,175,175,175,0
2022-02-01 12:30:00,175,175,175,175,0
2022-02-01 12:31:00,175,175,175,175,0
2022-02-01 12:32:00,175,175,175,175,0
2022-02-01 12:33:00,175,175,175,175,0
2022-02-01 12:34:00,175,175,175,175,0
2022-02-01 12:35:00,175,175,175,175,0
2022-02-01 12:36:00,175,175,175,175,0
2022-02-01 12:37:00,175,175,175,175,0
2022-02-01 12:38:00,175,175,175,175,0
2022-02-01 12:39:00,175,175,175,175,0
2022-02-01 12:40:00,175,175,175,175,0
2022-02-01 12:41:00,175,175,175,175,0
2022-02-01 12:42:00,175,175,175,175,0
2022-02-01 12:43:00,175,175,175,175,0
2022-02-01 12:44:00,175,175,175,175,0
2022-02-01 12:45:00,175,175,175,175,0
2022-02-01 12:46:00,175,175,175,175,0
2022-02-01 12:47:00,175,175,175,175,0
2022-02-01 12:48:00,175,175,175,175,0
2022-02-01 12:49:00,175,175,175,175,0
2022-02-01 12:50:00,175,175,175,175,0
2022-02-01 12:51:00,175,175,175,175,0
2022-02-01 12:52:00,175,175,175,175,0
2022-02-01 12:53:00,175,175,175,175,0
2022-02-01 12:54:00,175,175,175,175,0
2022-02-01 12:55:00,175,175,175,175,0
2022-02-01 12:56:00,175,175,175,175,0
2022-02-01 12:57:00,175,175,175,175,0
2022-02-01 12:58:00,175,175,175,175,0
2022-02-01 12:59:00,175,175,175,175,0
2022-02-01 13:00:00,175,175,175,175,0
2022-02-01 13:01:00,175,175,175,175,0
2022-02-01 13:02:00,175,175,175,175,0
2022-02-01 13:03:00,175,175,175,175,0
2022-02-01 13:04:00,175,175,175,175,0
2022-02-01 13:05:00,175,175,175,175,0
2022-02-01 13:06:00,175,175,175,175,0
2022-02-01 13:07:00,175,175,175,175,0
2022-02-01 13:08:00,175,175,175,175,0
2022-02-01 13:09:00,175,175,175,175,0
2022-02-01 13:10:00,175,175,175,175,0
2022-02-01 13:11:00,175,175,175,175,0
2022-02-01 13:12:00,175,175,175,175,0
2022-02-01 13:13:00,175,175,175,175,0
2022-02-01 13:14:00,175,175,175,175,0
2022-02-01 13:15:00,175,175,175,175,0
2022-02-01 13:16:00,175,175,175,175,0
2022-02-01 13:17:00,175,175,175,175,0
2022-02-01 13:18:00,175,175,175,175,0
2022-02-01 13:19:00,175,175,175,175,0
2022-02-01 13:20:00,175,175,175,175,0
2022-02-01 13:21:00,175,175,175,175,0
2022-02-01 13:22:00,175,175,175,175,0
2022-02-01 13:23:00,175,175,175,175,0
2022-02-01 13:24:00,175,175,175,175,0
2022-02-01 13:25:00,175,175,175,175,0
2022-02-01 13:26:00,175,175,175,175,0
2022-02-01 13:27:00,175,175,175,175,0
2022-02-01 13:28:00,175,175,175,175,0
2022-02-01 13:29:00,175,175,175,175,0
2022-02-01 13:30:00,175,175,175,175,0
2022-02-01 13:31:00,175,175,175,175,0
2022-02-01 13:32:00,175,175,175,175,0
2022-02-01 13:33:00,175,175,175,175,0
2022-02-01 13:34:00,175,175,175,175,0
2022-02-01 13:35:00,175,175,175,175,0
2022-02-01 13:36:00,175,175,175,175,0
2022-02-01 13:37:00,175,175,175,175,0
2022-02-01 13:38:00,175,175,175,175,0
2022-02-01 13:39:00,175,175,175,175,0
2022-02-01 13:40:00,175,175,175,175,0
2022-02-01 13:41:00,175,175,175,175,0
2022-02-01 13:42:00,175,175,175,175,0
2022-02-01 13:43:00,175,175,175,175,0
2022-02-01 13:44:00,175,175,175,175,0
2022-02-01 13:45:00,175,175,175,175,0
2022-02-01 13:46:00,175,175,175,175,0
2022-02-01 13:47:00,175,175,175,175,0
2022-02-01 13:48:00,175,175,175,175,0
2022-02-01 13:49:00,175,175,175,175,0
2022-02-01 13:50:00,175,175,175,175,0
2022-02-01 13:51:00,175,175,175,175,0
2022-02-01 13:52:00,175,175,175,175,0
2022-02-01 13:53:00,175,175,175,175,0
2022-02-01 13:54:00,175,175,175,175,0
2022-02-01 13:55:00,175,175,175,175,0
2022-02-01 13:56:00,175,175,175,175,0
2022-02-01 13:57:00,175,175,175,175,0
2022-02-01 13:58:00,175,175,175,175,0
2022-02-01 13:59:00,175,175,175,175,0
2022-02-01 14:00:00,175,175,175,175,0
2022-02-01 14:01:00,175,175,175,175,0
2022-02-01 14:02:00,175,175,175,175,0
2022-02-01 14:03:00,175,175,175,175,0
2022-02-01 14:04:00,175,175,175,175,0
2022-02-01 14:05:00,175,175,175,175,0
2022-02-01 14:06:00,175,175,175,175,0
2022-02-01 14:07:00,175,175,175,175,0
2022-02-01 14:08:00,175,175,175,175,0
2022-02-01 14:09:00,175,175,175,175,0
2022-02-01 14:10:00,175,175,175,175,0
2022-02-01 14:11:00,175,175,175,175,0
2022-02-01 14:12:00,175,175,175,175,0
2022-02-01 14:13:00,175,175,175,175,0
2022-02-01 14:14:00,175,175,175,175,0
2022-02-01 14:15:00,175,175,175,175,0
2022-02-01 14:16:00,175,175,175,175,0
2022-02-01 14:17:00,175,175,175,175,0
2022-02-01 14:18:00,175,175,175,175,0
2022-02-01 14:19:00,175,175,175,175,0
2022-02-01 14:20:00,175,175,175,175,0
2022-02-01 14:21:00,175,175,175,175,0
2022-02-01 14:22:00,175,175,175,175,0
2022-02-01 14:23:00,175,175,175,175,0
2022-02-01 14:24:00,175,175,175,175,0
2022-02-01 14:25:00,175,175,175,175,0
2022-02-01 14:26:00,175,175,175,175,0
2022-02-01 14:27:00,175,175,175,175,0
2022-02-01 14:28:00,175,175,175,175,0
2022-02-01 14:29:00,175,175,175,175,0
2022-02-01 14:30:00,175,175,175,175,0
2022-02-01 14:31:00,175,175,175,175,0
2022-02-01 14:32:00,175,175,175,175,0
2022-02-01 14:33:00,175,175,175,175,0
2022-02-01 14:34:00,175,175,175,175,0
2022-02-01 14:35:00,175,175,175,175,0
2022-02-01 14:36:00,175,175,175,175,0
2022-02-01 14:37:00,175,175,175,175,0
2022-02-01 14:38:00,175,175,175,175,0
2022-02-01 14:39:00,175,175,175,175,0
2022-02-01 14:40:00,175,175,175,175,0
2022-02-01 14:41:00,175,175,175,175,0
2022-02-01 14:42:00,175,175,175,175,0
2022-02-01 14:43:00,175,175,175,175,0
2022-02-01 14:44:00,175,175,175,175,0
2022-02-01 14:45:00,175,175,175,175,0
2022-02-01 14:46:00,175,175,175,175,0
2022-02-01 14:47:00,175,175,175,175,0
2022-02-01 14:48:00,175,175,175,175,0
2022-02-01 14:49:00,175,175,175,175,0
2022-02-01 14:50:00,175,175,175,175,0
2022-02-01 14:51:00,175,175,175,175,0
2022-02-01 14:52:00,175,175,175,175,0
2022-02-01 14:53:00,175,175,175,175,0
2022-02-01 14:54:00,175,175,175,175,0
2022-02-01 14:55:00,175,175,175,175,0
2022-02-01 14:56:00,175,175,175,175,0
2022-02-01 14:57:00,175,175,175,175,0
2022-02-01 14:58:00,175,175,175,175,0
2022-02-01 14:59:00,175,175,175,175,0
2022-02-01 15:00:00,175,175,175,175,0
2022-02-01 15:01:00,175,175,175,175,0
2022-02-01 15:02:00,175,175,175,175,0
2022-02-01 15:03:00,175,175,175,175,0
2022-02-01 15:04:00,175,175,175,175,0
2022-02-01 15:05:00,175,175,175,175,0
2022-02-01 15:06:00,175,175,175,175,0
2022-02-01 15:07:00,175,175,175,175,0
2022-02-01 15:08:00,175,175,175,175,0
2022-02-01 15:09:00,175,175,175,175,0
2022-02-01 15:10:00,175,175,175,175,0
2022-02-01 15:11:00,175,175,175,175,0
2022-02-01 15:12:00,175,175,175,175,0
2022-02-01 15:13:00,175,175,175,175,0
2022-02-01 15:14:00,175,175,175,175,0
2022-02-01 15:15:00,175,175,175,175,0
2022-02-01 15:16:00,175,175,175,175,0
2022-02-01 15:17:00,175,175,175,175,0
2022-02-01 15:18:00,175,175,175,175,0
2022-02-01 15:19:00,175,175,175,175,0
2022-02-01 15:20:00,175,175,175,175,0
2022-02-01 15:21:00,175,175,175,175,0
2022-02-01 15:22:00,175,175,175,175,0
2022-02-01 15:23:00,175,175,175,175,0
2022-02-01 15:24:00,175,175,175,175,0
2022-02-01 15:25:00,175,175,175,175,0
2022-02-01 15:26:00,175,175,175,175,0
2022-02-01 15:27:00,175,175,175,175,0
2022-02-01 15:28:00,175,175,175,175,0
2022-02-01 15:29:00,175,175,175,175,0
2022-02-01 15:30:00,175,175,175,175,0
2022-02-01 15:31:00,175,175,175,175,0
2022-02-01 15:32:00,175,175,175,175,0
2022-02-01 15:33:00,175,175,175,175,0
2022-02-01 15:34:00,175,175,175,175,0
2022-02-01 15:35:00,175,175,175,175,0
2022-02-01 15:36:00,175,175,175,175,0
2022-02-01 15:37:00,175,175,175,175,0
2022-02-01 15:38:00,175,175,175,175,0
2022-02-01 15:39:00,175,175,175,175,0
2022-02-01 15:40:00,175,175,175,175,0
2022-02-01 15:41:00,175,175,175,175,0
2022-02-01 15:42:00,175,175,175,175,0
2022-02-01 15:43:00,175,175,175,175,0
2022-02-01 15:44:00,175,175,175,175,0
2022-02-01 15:45:00,175,175,175,175,0
2022-02-01 15:46:00,175,175,175,175,0
2022-02-01 15:47:00,175,175,175,175,0
2022-02-01 15:48:00,175,175,175,175,0
2022-02-01 15:49:00,175,175,175,175,0
2022-02-01 15:50:00,175,175,175,175,0
2022-02-01 15:51:00,175,175,175,175,0
2022-02-01 15:52:00,175,175,175,175,0
2022-02-01 15:53:00,175,175,175,175,0
2022-02-01 15:54:00,175,175,175,175,0
2022-02-01 15:55:00,175,175,175,175,0
2022-02-01 15:56:00,175,175,175,175,0
2022-02-01 15:57:00,175,175,175,175,0
2022-02-01 15:58:00,175,175,175,175,0
2022-02-01 15:59:00,175,175,175,175,0
2022-02-02 09:00:00,177,177,177,177,0
2022-02-02 09:01:00,177,177,177,177,5600
2022-02-02 09:02:00,176,176,176,176,65400
2022-02-02 09:03:00,176,176,176,176,37900
2022-02-02 09:04:00,176,176,176,176,18000
2022-02-02 09:05:00,176,176,176,176,20000
2022-02-02 09:06:00,176,176,176,176,324100
2022-02-02 09:07:00,176,176,177,177,26700
2022-02-02 09:08:00,176,176,177,176,196000
2022-02-02 09:09:00,176,176,176,176,5100
2022-02-02 09:10:00,175,175,175,175,39400
2022-02-02 09:11:00,175,175,175,175,3100
2022-02-02 09:12:00,175,175,175,175,0
2022-02-02 09:13:00,176,176,176,176,200
2022-02-02 09:14:00,176,176,176,176,1200
2022-02-02 09:15:00,175,175,175,175,10000
2022-02-02 09:16:00,175,175,176,176,14500
2022-02-02 09:17:00,175,175,176,176,0
2022-02-02 09:18:00,175,175,175,175,42600
2022-02-02 09:19:00,175,175,175,175,0
2022-02-02 09:20:00,175,175,175,175,74300
2022-02-02 09:21:00,175,175,175,175,0
2022-02-02 09:22:00,175,170,175,171,1319000
2022-02-02 09:23:00,171,171,172,172,122100
2022-02-02 09:24:00,171,171,172,172,0
2022-02-02 09:25:00,173,172,173,173,210800
2022-02-02 09:26:00,173,173,173,173,31900
2022-02-02 09:27:00,173,173,173,173,112000
2022-02-02 09:28:00,173,173,174,174,4400
2022-02-02 09:29:00,173,173,174,174,0
2022-02-02 09:30:00,174,174,174,174,1400
2022-02-02 09:31:00,174,174,174,174,31600
2022-02-02 09:32:00,173,173,173,173,300
2022-02-02 09:33:00,173,173,174,173,17000
2022-02-02 09:34:00,173,173,173,173,900
2022-02-02 09:35:00,173,173,173,173,8500
2022-02-02 09:36:00,173,173,173,173,0
2022-02-02 09:37:00,173,173,173,173,2500
2022-02-02 09:38:00,173,173,173,173,5000
2022-02-02 09:39:00,173,173,173,173,22500
2022-02-02 09:40:00,173,173,173,173,125100
2022-02-02 09:41:00,173,173,173,173,0
2022-02-02 09:42:00,173,173,173,173,0
2022-02-02 09:43:00,174,174,174,174,500
2022-02-02 09:44:00,173,173,173,173,7000
2022-02-02 09:45:00,173,173,173,173,0
2022-02-02 09:46:00,173,173,173,173,0
2022-02-02 09:47:00,173,173,173,173,100
2022-02-02 09:48:00,173,173,173,173,0
2022-02-02 09:49:00,174,173,174,173,3100
2022-02-02 09:50:00,173,173,173,173,9000
2022-02-02 09:51:00,173,173,173,173,0
2022-02-02 09:52:00,173,173,173,173,0
2022-02-02 09:53:00,173,173,173,173,0
2022-02-02 09:54:00,173,173,173,173,0
2022-02-02 09:55:00,174,174,174,174,100
2022-02-02 09:56:00,174,174,174,174,0
2022-02-02 09:57:00,173,173,174,173,600
2022-02-02 09:58:00,174,174,174,174,1700
2022-02-02 09:59:00,174,174,174,174,0
2022-02-02 10:00:00,174,174,174,174,70000
2022-02-02 10:01:00,174,173,174,173,58200
2022-02-02 10:02:00,174,174,174,174,1000
2022-02-02 10:03:00,174,174,174,174,0
2022-02-02 10:04:00,174,174,174,174,0
2022-02-02 10:05:00,174,174,174,174,0
2022-02-02 10:06:00,174,174,174,174,0
2022-02-02 10:07:00,174,174,174,174,11700
2022-02-02 10:08:00,174,174,174,174,0
2022-02-02 10:09:00,174,174,174,174,5000
2022-02-02 10:10:00,174,174,174,174,100
2022-02-02 10:11:00,174,174,174,174,0
2022-02-02 10:12:00,174,174,174,174,0
2022-02-02 10:13:00,174,174,174,174,5100
2022-02-02 10:14:00,174,174,174,174,0
2022-02-02 10:15:00,174,174,174,174,15700
2022-02-02 10:16:00,174,174,174,174,0
2022-02-02 10:17:00,174,174,174,174,0
2022-02-02 10:18:00,174,174,174,174,5000
2022-02-02 10:19:00,174,174,174,174,0
2022-02-02 10:20:00,174,174,175,175,32700
2022-02-02 10:21:00,174,174,175,175,0
2022-02-02 10:22:00,175,175,175,175,15000
2022-02-02 10:23:00,175,175,175,175,0
2022-02-02 10:24:00,175,175,175,175,0
2022-02-02 10:25:00,175,175,175,175,0
2022-02-02 10:26:00,175,175,175,175,0
2022-02-02 10:27:00,175,175,175,175,0
2022-02-02 10:28:00,174,174,175,175,30200
2022-02-02 10:29:00,174,174,175,175,0
2022-02-02 10:30:00,174,174,175,175,0
2022-02-02 10:31:00,174,174,175,175,0
2022-02-02 10:32:00,174,174,175,175,0
2022-02-02 10:33:00,175,175,175,175,5000
2022-02-02 10:34:00,175,175,175,175,0
2022-02-02 10:35:00,175,175,175,175,6000
2022-02-02 10:36:00,175,175,175,175,0
2022-02-02 10:37:00,175,175,175,175,2300
2022-02-02 10:38:00,174,174,174,174,13200
2022-02-02 10:39:00,175,175,175,175,2900
2022-02-02 10:40:00,175,175,175,175,0
2022-02-02 10:41:00,174,174,174,174,100
2022-02-02 10:42:00,174,174,174,174,8000
2022-02-02 10:43:00,174,174,174,174,1000
2022-02-02 10:44:00,174,173,174,173,300000
2022-02-02 10:45:00,174,173,174,173,0
2022-02-02 10:46:00,174,173,174,173,0
2022-02-02 10:47:00,174,174,174,174,300
2022-02-02 10:48:00,174,174,174,174,0
2022-02-02 10:49:00,174,174,174,174,0
2022-02-02 10:50:00,174,174,174,174,0
2022-02-02 10:51:00,174,174,174,174,0
2022-02-02 10:52:00,174,174,174,174,0
2022-02-02 10:53:00,174,174,174,174,0
2022-02-02 10:54:00,174,174,174,174,0
2022-02-02 10:55:00,174,174,174,174,0
2022-02-02 10:56:00,174,174,174,174,0
2022-02-02 10:57:00,174,174,174,174,0
2022-02-02 10:58:00,174,174,174,174,0
2022-02-02 10:59:00,174,174,174,174,0
2022-02-02 11:00:00,174,174,174,174,0
2022-02-02 11:01:00,174,174,174,174,0
2022-02-02 11:02:00,174,174,174,174,0
2022-02-02 11:03:00,174,174,174,174,0
2022-02-02 11:04:00,173,173,173,173,100
2022-02-02 11:05:00,173,173,173,173,43400
2022-02-02 11:06:00,173,173,173,173,9100
2022-02-02 11:07:00,173,173,173,173,400
2022-02-02 11:08:00,173,173,173,173,1000
2022-02-02 11:09:00,173,173,173,173,2400
2022-02-02 11:10:00,173,173,173,173,4000
2022-02-02 11:11:00,173,173,173,173,0
2022-02-02 11:12:00,173,173,173,173,0
2022-02-02 11:13:00,173,173,173,173,500
2022-02-02 11:14:00,173,173,173,173,0
2022-02-02 11:15:00,172,172,172,172,2000
2022-02-02 11:16:00,172,172,172,172,800
2022-02-02 11:17:00,172,172,173,173,35700
2022-02-02 11:18:00,173,173,173,173,1000
2022-02-02 11:19:00,173,173,173,173,1000
2022-02-02 11:20:00,173,173,173,173,0
2022-02-02 11:21:00,173,173,173,173,4100
2022-02-02 11:22:00,173,173,173,173,7900
2022-02-02 11:23:00,173,173,173,173,12000
2022-02-02 11:24:00,173,173,173,173,0
2022-02-02 11:25:00,173,173,173,173,0
2022-02-02 11:26:00,173,173,173,173,0
2022-02-02 11:27:00,173,173,173,173,0
2022-02-02 11:28:00,173,173,173,173,0
2022-02-02 11:29:00,172,172,172,172,7400
2022-02-02 11:30:00,172,172,172,172,0
2022-02-02 11:31:00,172,172,172,172,0
2022-02-02 11:32:00,172,172,172,172,0
2022-02-02 11:33:00,172,172,172,172,0
2022-02-02 11:34:00,172,172,172,172,0
2022-02-02 11:35:00,172,172,172,172,0
2022-02-02 11:36:00,172,172,172,172,0
2022-02-02 11:37:00,172,172,172,172,0
2022-02-02 11:38:00,172,172,172,172,0
2022-02-02 11:39:00,172,172,172,172,0
2022-02-02 11:40:00,172,172,172,172,0
2022-02-02 11:41:00,172,172,172,172,0
2022-02-02 11:42:00,172,172,172,172,0
2022-02-02 11:43:00,172,172,172,172,0
2022-02-02 11:44:00,172,172,172,172,0
2022-02-02 11:45:00,172,172,172,172,0
2022-02-02 11:46:00,172,172,172,172,0
2022-02-02 11:47:00,172,172,172,172,0
2022-02-02 11:48:00,172,172,172,172,0
2022-02-02 11:49:00,172,172,172,172,0
2022-02-02 11:50:00,172,172,172,172,0
2022-02-02 11:51:00,172,172,172,172,0
2022-02-02 11:52:00,172,172,172,172,0
2022-02-02 11:53:00,172,172,172,172,0
2022-02-02 11:54:00,172,172,172,172,0
2022-02-02 11:55:00,172,172,172,172,0
2022-02-02 11:56:00,172,172,172,172,0
2022-02-02 11:57:00,172,172,172,172,0
2022-02-02 11:58:00,172,172,172,172,0
2022-02-02 11:59:00,172,172,172,172,0
2022-02-02 12:00:00,172,172,172,172,0
2022-02-02 12:01:00,172,172,172,172,0
2022-02-02 12:02:00,172,172,172,172,0
2022-02-02 12:03:00,172,172,172,172,0
2022-02-02 12:04:00,172,172,172,172,0
2022-02-02 12:05:00,172,172,172,172,0
2022-02-02 12:06:00,172,172,172,172,0
2022-02-02 12:07:00,172,172,172,172,0
2022-02-02 12:08:00,172,172,172,172,0
2022-02-02 12:09:00,172,172,172,172,0
2022-02-02 12:10:00,172,172,172,172,0
2022-02-02 12:11:00,172,172,172,172,0
2022-02-02 12:12:00,172,172,172,172,0
2022-02-02 12:13:00,172,172,172,172,0
2022-02-02 12:14:00,172,172,172,172,0
2022-02-02 12:15:00,172,172,172,172,0
2022-02-02 12:16:00,172,172,172,172,0
2022-02-02 12:17:00,172,172,172,172,0
2022-02-02 12:18:00,172,172,172,172,0
2022-02-02 12:19:00,172,172,172,172,0
2022-02-02 12:20:00,172,172,172,172,0
2022-02-02 12:21:00,172,172,172,172,0
2022-02-02 12:22:00,172,172,172,172,0
2022-02-02 12:23:00,172,172,172,172,0
2022-02-02 12:24:00,172,172,172,172,0
2022-02-02 12:25:00,172,172,172,172,0
2022-02-02 12:26:00,172,172,172,172,0
2022-02-02 12:27:00,172,172,172,172,0
2022-02-02 12:28:00,172,172,172,172,0
2022-02-02 12:29:00,172,172,172,172,0
2022-02-02 12:30:00,172,172,172,172,0
2022-02-02 12:31:00,172,172,172,172,0
2022-02-02 12:32:00,172,172,172,172,0
2022-02-02 12:33:00,172,172,172,172,0
2022-02-02 12:34:00,172,172,172,172,0
2022-02-02 12:35:00,172,172,172,172,0
2022-02-02 12:36:00,172,172,172,172,0
2022-02-02 12:37:00,172,172,172,172,0
2022-02-02 12:38:00,172,172,172,172,0
2022-02-02 12:39:00,172,172,172,172,0
2022-02-02 12:40:00,172,172,172,172,0
2022-02-02 12:41:00,172,172,172,172,0
2022-02-02 12:42:00,172,172,172,172,0
2022-02-02 12:43:00,172,172,172,172,0
2022-02-02 12:44:00,172,172,172,172,0
2022-02-02 12:45:00,172,172,172,172,0
2022-02-02 12:46:00,172,172,172,172,0
2022-02-02 12:47:00,172,172,172,172,0
2022-02-02 12:48:00,172,172,172,172,0
2022-02-02 12:49:00,172,172,172,172,0
2022-02-02 12:50:00,172,172,172,172,0
2022-02-02 12:51:00,172,172,172,172,0
2022-02-02 12:52:00,172,172,172,172,0
2022-02-02 12:53:00,172,172,172,172,0
2022-02-02 12:54:00,172,172,172,172,0
2022-02-02 12:55:00,172,172,172,172,0
2022-02-02 12:56:00,172,172,172,172,0
2022-02-02 12:57:00,172,172,172,172,0
2022-02-02 12:58:00,172,172,172,172,0
2022-02-02 12:59:00,172,172,172,172,0
2022-02-02 13:00:00,172,172,172,172,0
2022-02-02 13:01:00,172,172,172,172,0
2022-02-02 13:02:00,172,172,172,172,0
2022-02-02 13:03:00,172,172,172,172,0
2022-02-02 13:04:00,172,172,172,172,0
2022-02-02 13:05:00,172,172,172,172,0
2022-02-02 13:06:00,172,172,172,172,0
2022-02-02 13:07:00,172,172,172,172,0
2022-02-02 13:08:00,172,172,172,172,0
2022-02-02 13:09:00,172,172,172,172,0
2022-02-02 13:10:00,172,172,172,172,0
2022-02-02 13:11:00,172,172,172,172,0
2022-02-02 13:12:00,172,172,172,172,0
2022-02-02 13:13:00,172,172,172,172,0
2022-02-02 13:14:00,172,172,172,172,0
2022-02-02 13:15:00,172,172,172,172,0
2022-02-02 13:16:00,172,172,172,172,0
2022-02-02 13:17:00,172,172,172,172,0
2022-02-02 13:18:00,172,172,172,172,0
2022-02-02 13:19:00,172,172,172,172,0
2022-02-02 13:20:00,172,172,172,172,0
2022-02-02 13:21:00,172,172,172,172,0
2022-02-02 13:22:00,172,172,172,172,0
2022-02-02 13:23:00,172,172,172,172,0
2022-02-02 13:24:00,172,172,172,172,0
2022-02-02 13:25:00,172,172,172,172,0
2022-02-02 13:26:00,172,172,172,172,0
2022-02-02 13:27:00,172,172,172,172,0
2022-02-02 13:28:00,172,172,172,172,0
2022-02-02 13:29:00,172,172,172,172,0
2022-02-02 13:30:00,173,172,173,172,90400
2022-02-02 13:31:00,173,173,173,173,15600
2022-02-02 13:32:00,173,173,173,173,0
2022-02-02 13:33:00,173,172,173,173,42900
2022-02-02 13:34:00,173,173,173,173,297200
2022-02-02 13:35:00,172,172,173,173,17100
2022-02-02 13:36:00,172,172,173,173,0
2022-02-02 13:37:00,172,172,173,173,0
2022-02-02 13:38:00,173,173,173,173,10000
2022-02-02 13:39:00,173,173,173,173,0
2022-02-02 13:40:00,173,173,173,173,0
2022-02-02 13:41:00,173,173,173,173,10000
2022-02-02 13:42:00,173,173,173,173,900
2022-02-02 13:43:00,173,173,173,173,0
2022-02-02 13:44:00,174,174,174,174,1200
2022-02-02 13:45:00,174,174,174,174,11400
2022-02-02 13:46:00,174,174,174,174,0
2022-02-02 13:47:00,174,174,174,174,0
2022-02-02 13:48:00,174,173,174,173,16500
2022-02-02 13:49:00,174,173,174,173,0
2022-02-02 13:50:00,174,174,174,174,100
2022-02-02 13:51:00,174,174,174,174,500
2022-02-02 13:52:00,174,174,174,174,0
2022-02-02 13:53:00,173,173,173,173,20000
2022-02-02 13:54:00,173,173,173,173,0
2022-02-02 13:55:00,173,173,173,173,0
2022-02-02 13:56:00,173,173,173,173,0
2022-02-02 13:57:00,173,173,173,173,0
2022-02-02 13:58:00,173,173,173,173,0
2022-02-02 13:59:00,173,173,173,173,500
2022-02-02 14:00:00,173,173,173,173,1500
2022-02-02 14:01:00,173,173,173,173,150000
2022-02-02 14:02:00,173,173,173,173,11000
2022-02-02 14:03:00,173,173,173,173,3000
2022-02-02 14:04:00,173,173,174,174,11500
2022-02-02 14:05:00,173,173,174,174,0
2022-02-02 14:06:00,173,173,174,174,0
2022-02-02 14:07:00,173,173,174,174,0
2022-02-02 14:08:00,173,173,174,174,0
2022-02-02 14:09:00,173,173,174,174,0
2022-02-02 14:10:00,173,173,174,174,0
2022-02-02 14:11:00,173,173,174,174,0
2022-02-02 14:12:00,174,174,174,174,46300
2022-02-02 14:13:00,174,174,174,174,0
2022-02-02 14:14:00,174,174,174,174,0
2022-02-02 14:15:00,174,174,174,174,0
2022-02-02 14:16:00,174,174,174,174,0
2022-02-02 14:17:00,174,174,174,174,0
2022-02-02 14:18:00,174,174,174,174,0
2022-02-02 14:19:00,175,175,175,175,50600
2022-02-02 14:20:00,175,175,175,175,300
2022-02-02 14:21:00,175,175,175,175,0
2022-02-02 14:22:00,175,175,175,175,0
2022-02-02 14:23:00,175,175,175,175,0
2022-02-02 14:24:00,175,175,175,175,26800
2022-02-02 14:25:00,175,175,175,175,0
2022-02-02 14:26:00,175,175,175,175,100
2022-02-02 14:27:00,175,175,175,175,15000
2022-02-02 14:28:00,175,175,175,175,0
2022-02-02 14:29:00,175,175,175,175,0
2022-02-02 14:30:00,175,175,175,175,5000
2022-02-02 14:31:00,175,175,175,175,5000
2022-02-02 14:32:00,175,175,175,175,5000
2022-02-02 14:33:00,175,175,175,175,48300
2022-02-02 14:34:00,175,175,175,175,12300
2022-02-02 14:35:00,175,175,175,175,5000
2022-02-02 14:36:00,175,175,175,175,39800
2022-02-02 14:37:00,175,175,175,175,0
2022-02-02 14:38:00,175,175,175,175,0
2022-02-02 14:39:00,175,175,175,175,0
2022-02-02 14:40:00,175,175,175,175,100
2022-02-02 14:41:00,175,175,175,175,0
2022-02-02 14:42:00,175,175,175,175,0
2022-02-02 14:43:00,175,175,175,175,5000
2022-02-02 14:44:00,175,174,175,174,6200
2022-02-02 14:45:00,174,174,174,174,33900
2022-02-02 14:46:00,174,174,174,174,1500
2022-02-02 14:47:00,174,174,174,174,0
2022-02-02 14:48:00,175,175,175,175,2100
2022-02-02 14:49:00,174,174,174,174,85000
2022-02-02 14:50:00,174,174,174,174,0
2022-02-02 14:51:00,174,174,174,174,0
2022-02-02 14:52:00,174,174,174,174,0
2022-02-02 14:53:00,174,174,174,174,0
2022-02-02 14:54:00,174,174,174,174,0
2022-02-02 14:55:00,174,174,174,174,0
2022-02-02 14:56:00,174,174,174,174,0
2022-02-02 14:57:00,174,174,174,174,0
2022-02-02 14:58:00,174,174,174,174,0
2022-02-02 14:59:00,174,174,174,174,0
2022-02-02 15:00:00,176,176,176,176,6000
2022-02-02 15:01:00,176,176,176,176,2100
2022-02-02 15:02:00,176,176,176,176,2900
2022-02-02 15:03:00,176,176,176,176,1200
2022-02-02 15:04:00,176,176,176,176,0
2022-02-02 15:05:00,176,176,176,176,0
2022-02-02 15:06:00,176,176,176,176,5000
2022-02-02 15:07:00,176,176,176,176,0
2022-02-02 15:08:00,176,176,176,176,0
2022-02-02 15:09:00,176,176,176,176,0
2022-02-02 15:10:00,176,176,176,176,0
2022-02-02 15:11:00,176,176,176,176,0
2022-02-02 15:12:00,176,176,176,176,0
2022-02-02 15:13:00,176,176,176,176,0
2022-02-02 15:14:00,176,176,176,176,0
2022-02-02 15:15:00,176,176,176,176,0
2022-02-02 15:16:00,176,176,176,176,0
2022-02-02 15:17:00,176,176,176,176,0
2022-02-02 15:18:00,176,176,176,176,0
2022-02-02 15:19:00,176,176,176,176,0
2022-02-02 15:20:00,176,176,176,176,0
2022-02-02 15:21:00,176,176,176,176,0
2022-02-02 15:22:00,176,176,176,176,0
2022-02-02 15:23:00,176,176,176,176,0
2022-02-02 15:24:00,176,176,176,176,0
2022-02-02 15:25:00,176,176,176,176,0
2022-02-02 15:26:00,176,176,176,176,0
2022-02-02 15:27:00,176,176,176,176,0
2022-02-02 15:28:00,176,176,176,176,0
2022-02-02 15:29:00,176,176,176,176,0
2022-02-02 15:30:00,176,176,176,176,0
2022-02-02 15:31:00,176,176,176,176,0
2022-02-02 15:32:00,176,176,176,176,0
2022-02-02 15:33:00,176,176,176,176,0
2022-02-02 15:34:00,176,176,176,176,0
2022-02-02 15:35:00,176,176,176,176,0
2022-02-02 15:36:00,176,176,176,176,0
2022-02-02 15:37:00,176,176,176,176,0
2022-02-02 15:38:00,176,176,176,176,0
2022-02-02 15:39:00,176,176,176,176,0
2022-02-02 15:40:00,176,176,176,176,0
2022-02-02 15:41:00,176,176,176,176,0
2022-02-02 15:42:00,176,176,176,176,0
2022-02-02 15:43:00,176,176,176,176,0
2022-02-02 15:44:00,176,176,176,176,0
2022-02-02 15:45:00,176,176,176,176,0
2022-02-02 15:46:00,176,176,176,176,0
2022-02-02 15:47:00,176,176,176,176,0
2022-02-02 15:48:00,176,176,176,176,0
2022-02-02 15:49:00,176,176,176,176,0
2022-02-02 15:50:00,176,176,176,176,0
2022-02-02 15:51:00,176,176,176,176,0
2022-02-02 15:52:00,176,176,176,176,0
2022-02-02 15:53:00,176,176,176,176,0
2022-02-02 15:54:00,176,176,176,176,0
2022-02-02 15:55:00,176,176,176,176,0
2022-02-02 15:56:00,176,176,176,176,0
2022-02-02 15:57:00,176,176,176,176,0
2022-02-02 15:58:00,176,176,176,176,0
2022-02-02 15:59:00,176,176,176,176,0
2022-02-03 09:00:00,176,176,178,178,0
2022-02-03 09:01:00,177,176,178,176,256000
2022-02-03 09:02:00,176,176,176,176,31900
2022-02-03 09:03:00,176,176,177,177,6000
2022-02-03 09:04:00,176,176,176,176,3000
2022-02-03 09:05:00,176,176,176,176,500
2022-02-03 09:06:00,176,176,176,176,0
2022-02-03 09:07:00,175,175,175,175,16000
2022-02-03 09:08:00,175,175,175,175,20300
2022-02-03 09:09:00,175,175,175,175,2000
2022-02-03 09:10:00,175,175,175,175,0
2022-02-03 09:11:00,175,175,175,175,200100
2022-02-03 09:12:00,175,175,175,175,0
2022-02-03 09:13:00,175,175,175,175,0
2022-02-03 09:14:00,175,175,175,175,2200
2022-02-03 09:15:00,175,175,175,175,2800
2022-02-03 09:16:00,175,175,175,175,200
2022-02-03 09:17:00,175,175,175,175,3200
2022-02-03 09:18:00,175,175,175,175,800
2022-02-03 09:19:00,175,175,175,175,0
2022-02-03 09:20:00,175,175,175,175,0
2022-02-03 09:21:00,175,175,175,175,0
2022-02-03 09:22:00,175,175,175,175,200
2022-02-03 09:23:00,175,175,175,175,0
2022-02-03 09:24:00,175,175,175,175,0
2022-02-03 09:25:00,175,175,175,175,0
2022-02-03 09:26:00,175,175,175,175,8300
2022-02-03 09:27:00,175,175,175,175,5000
2022-02-03 09:28:00,175,175,175,175,5000
2022-02-03 09:29:00,175,175,175,175,0
2022-02-03 09:30:00,175,175,175,175,5000
2022-02-03 09:31:00,175,175,175,175,2000
2022-02-03 09:32:00,175,175,175,175,0
2022-02-03 09:33:00,175,175,175,175,0
2022-02-03 09:34:00,174,174,174,174,59500
2022-02-03 09:35:00,174,174,174,174,0
2022-02-03 09:36:00,174,174,174,174,3200
2022-02-03 09:37:00,174,174,174,174,3500
2022-02-03 09:38:00,173,173,174,174,11400
2022-02-03 09:39:00,174,174,174,174,100
2022-02-03 09:40:00,174,174,174,174,0
2022-02-03 09:41:00,174,174,174,174,22000
2022-02-03 09:42:00,174,174,174,174,300
2022-02-03 09:43:00,174,174,174,174,0
2022-02-03 09:44:00,174,174,174,174,0
2022-02-03 09:45:00,174,174,174,174,0
2022-02-03 09:46:00,174,174,174,174,1200
2022-02-03 09:47:00,174,174,174,174,49100
2022-02-03 09:48:00,174,173,175,175,10100
2022-02-03 09:49:00,174,173,175,175,0
2022-02-03 09:50:00,174,173,175,175,0
2022-02-03 09:51:00,174,173,175,175,0
2022-02-03 09:52:00,174,173,175,175,0
2022-02-03 09:53:00,174,173,174,173,1200
2022-02-03 09:54:00,173,173,173,173,15000
2022-02-03 09:55:00,173,173,173,173,0
2022-02-03 09:56:00,173,173,173,173,0
2022-02-03 09:57:00,173,173,173,173,1000
2022-02-03 09:58:00,174,174,174,174,1500
2022-02-03 09:59:00,174,173,174,173,10800
2022-02-03 10:00:00,174,173,174,173,0
2022-02-03 10:01:00,174,173,174,173,0
2022-02-03 10:02:00,174,173,174,173,0
2022-02-03 10:03:00,174,173,174,173,0
2022-02-03 10:04:00,174,173,174,173,0
2022-02-03 10:05:00,174,174,174,174,50000
2022-02-03 10:06:00,174,174,174,174,0
2022-02-03 10:07:00,174,174,174,174,0
2022-02-03 10:08:00,174,174,174,174,0
2022-02-03 10:09:00,174,174,174,174,0
2022-02-03 10:10:00,174,174,174,174,0
2022-02-03 10:11:00,174,174,174,174,0
2022-02-03 10:12:00,174,174,174,174,0
2022-02-03 10:13:00,174,174,174,174,0
2022-02-03 10:14:00,173,173,173,173,3000
2022-02-03 10:15:00,173,173,173,173,0
2022-02-03 10:16:00,173,173,173,173,0
2022-02-03 10:17:00,173,173,173,173,0
2022-02-03 10:18:00,173,172,174,172,738900
2022-02-03 10:19:00,173,172,174,172,0
2022-02-03 10:20:00,173,172,174,172,0
2022-02-03 10:21:00,173,173,173,173,200
2022-02-03 10:22:00,173,173,173,173,0
2022-02-03 10:23:00,173,173,173,173,52600
2022-02-03 10:24:00,173,173,173,173,0
2022-02-03 10:25:00,173,173,173,173,4400
2022-02-03 10:26:00,173,173,173,173,36100
2022-02-03 10:27:00,173,173,173,173,5000
2022-02-03 10:28:00,173,173,173,173,5000
2022-02-03 10:29:00,173,173,173,173,0
2022-02-03 10:30:00,173,173,173,173,0
2022-02-03 10:31:00,173,173,173,173,30000
2022-02-03 10:32:00,173,173,173,173,400
2022-02-03 10:33:00,173,173,173,173,11700
2022-02-03 10:34:00,173,173,173,173,0
2022-02-03 10:35:00,173,173,173,173,88300
2022-02-03 10:36:00,173,173,173,173,0
2022-02-03 10:37:00,173,173,173,173,500
2022-02-03 10:38:00,172,172,172,172,400
2022-02-03 10:39:00,173,173,173,173,11200
2022-02-03 10:40:00,173,173,173,173,3000
2022-02-03 10:41:00,173,173,173,173,96400
2022-02-03 10:42:00,172,172,172,172,400
2022-02-03 10:43:00,172,172,172,172,7000
2022-02-03 10:44:00,173,173,173,173,5100
2022-02-03 10:45:00,173,173,173,173,0
2022-02-03 10:46:00,173,173,173,173,0
2022-02-03 10:47:00,173,173,173,173,0
2022-02-03 10:48:00,173,173,173,173,2500
2022-02-03 10:49:00,173,173,173,173,3000
2022-02-03 10:50:00,173,173,173,173,300
2022-02-03 10:51:00,173,173,173,173,0
2022-02-03 10:52:00,173,173,173,173,56000
2022-02-03 10:53:00,173,173,173,173,1900
2022-02-03 10:54:00,173,173,173,173,14100
2022-02-03 10:55:00,173,173,173,173,0
2022-02-03 10:56:00,173,173,173,173,0
2022-02-03 10:57:00,173,173,173,173,0
2022-02-03 10:58:00,173,173,173,173,0
2022-02-03 10:59:00,173,173,173,173,0
2022-02-03 11:00:00,173,173,173,173,2000
2022-02-03 11:01:00,173,173,173,173,0
2022-02-03 11:02:00,173,173,173,173,0
2022-02-03 11:03:00,173,173,173,173,0
2022-02-03 11:04:00,173,173,173,173,0
2022-02-03 11:05:00,173,173,173,173,0
2022-02-03 11:06:00,173,173,173,173,0
2022-02-03 11:07:00,173,173,173,173,0
2022-02-03 11:08:00,173,173,173,173,0
2022-02-03 11:09:00,173,173,173,173,0
2022-02-03 11:10:00,173,173,173,173,2500
2022-02-03 11:11:00,173,173,173,173,1500
2022-02-03 11:12:00,173,173,173,173,0
2022-02-03 11:13:00,173,173,173,173,0
2022-02-03 11:14:00,174,174,174,174,600
2022-02-03 11:15:00,174,174,174,174,100
2022-02-03 11:16:00,174,174,174,174,0
2022-02-03 11:17:00,174,174,174,174,0
2022-02-03 11:18:00,173,173,173,173,16000
2022-02-03 11:19:00,173,173,173,173,0
2022-02-03 11:20:00,173,173,173,173,0
2022-02-03 11:21:00,173,173,173,173,0
2022-02-03 11:22:00,173,173,173,173,10000
2022-02-03 11:23:00,173,173,173,173,8200
2022-02-03 11:24:00,173,173,173,173,0
2022-02-03 11:25:00,173,173,173,173,0
2022-02-03 11:26:00,173,173,173,173,0
2022-02-03 11:27:00,173,173,173,173,0
2022-02-03 11:28:00,173,173,173,173,0
2022-02-03 11:29:00,173,173,173,173,0
2022-02-03 11:30:00,173,173,173,173,0
2022-02-03 11:31:00,173,173,173,173,0
2022-02-03 11:32:00,173,173,173,173,0
2022-02-03 11:33:00,173,173,173,173,0
2022-02-03 11:34:00,173,173,173,173,0
2022-02-03 11:35:00,173,173,173,173,0
2022-02-03 11:36:00,173,173,173,173,0
2022-02-03 11:37:00,173,173,173,173,0
2022-02-03 11:38:00,173,173,173,173,0
2022-02-03 11:39:00,173,173,173,173,0
2022-02-03 11:40:00,173,173,173,173,0
2022-02-03 11:41:00,173,173,173,173,0
2022-02-03 11:42:00,173,173,173,173,0
2022-02-03 11:43:00,173,173,173,173,0
2022-02-03 11:44:00,173,173,173,173,0
2022-02-03 11:45:00,173,173,173,173,0
2022-02-03 11:46:00,173,173,173,173,0
2022-02-03 11:47:00,173,173,173,173,0
2022-02-03 11:48:00,173,173,173,173,0
2022-02-03 11:49:00,173,173,173,173,0
2022-02-03 11:50:00,173,173,173,173,0
2022-02-03 11:51:00,173,173,173,173,0
2022-02-03 11:52:00,173,173,173,173,0
2022-02-03 11:53:00,173,173,173,173,0
2022-02-03 11:54:00,173,173,173,173,0
2022-02-03 11:55:00,173,173,173,173,0
2022-02-03 11:56:00,173,173,173,173,0
2022-02-03 11:57:00,173,173,173,173,0
2022-02-03 11:58:00,173,173,173,173,0
2022-02-03 11:59:00,173,173,173,173,0
2022-02-03 12:00:00,173,173,173,173,0
2022-02-03 12:01:00,173,173,173,173,0
2022-02-03 12:02:00,173,173,173,173,0
2022-02-03 12:03:00,173,173,173,173,0
2022-02-03 12:04:00,173,173,173,173,0
2022-02-03 12:05:00,173,173,173,173,0
2022-02-03 12:06:00,173,173,173,173,0
2022-02-03 12:07:00,173,173,173,173,0
2022-02-03 12:08:00,173,173,173,173,0
2022-02-03 12:09:00,173,173,173,173,0
2022-02-03 12:10:00,173,173,173,173,0
2022-02-03 12:11:00,173,173,173,173,0
2022-02-03 12:12:00,173,173,173,173,0
2022-02-03 12:13:00,173,173,173,173,0
2022-02-03 12:14:00,173,173,173,173,0
2022-02-03 12:15:00,173,173,173,173,0
2022-02-03 12:16:00,173,173,173,173,0
2022-02-03 12:17:00,173,173,173,173,0
2022-02-03 12:18:00,173,173,173,173,0
2022-02-03 12:19:00,173,173,173,173,0
2022-02-03 12:20:00,173,173,173,173,0
2022-02-03 12:21:00,173,173,173,173,0
2022-02-03 12:22:00,173,173,173,173,0
2022-02-03 12:23:00,173,173,173,173,0
2022-02-03 12:24:00,173,173,173,173,0
2022-02-03 12:25:00,173,173,173,173,0
2022-02-03 12:26:00,173,173,173,173,0
2022-02-03 12:27:00,173,173,173,173,0
2022-02-03 12:28:00,173,173,173,173,0
2022-02-03 12:29:00,173,173,173,173,0
2022-02-03 12:30:00,173,173,173,173,0
2022-02-03 12:31:00,173,173,173,173,0
2022-02-03 12:32:00,173,173,173,173,0
2022-02-03 12:33:00,173,173,173,173,0
2022-02-03 12:34:00,173,173,173,173,0
2022-02-03 12:35:00,173,173,173,173,0
2022-02-03 12:36:00,173,173,173,173,0
2022-02-03 12:37:00,173,173,173,173,0
2022-02-03 12:38:00,173,173,173,173,0
2022-02-03 12:39:00,173,173,173,173,0
2022-02-03 12:40:00,173,173,173,173,0
2022-02-03 12:41:00,173,173,173,173,0
2022-02-03 12:42:00,173,173,173,173,0
2022-02-03 12:43:00,173,173,173,173,0
2022-02-03 12:44:00,173,173,173,173,0
2022-02-03 12:45:00,173,173,173,173,0
2022-02-03 12:46:00,173,173,173,173,0
2022-02-03 12:47:00,173,173,173,173,0
2022-02-03 12:48:00,173,173,173,173,0
2022-02-03 12:49:00,173,173,173,173,0
2022-02-03 12:50:00,173,173,173,173,0
2022-02-03 12:51:00,173,173,173,173,0
2022-02-03 12:52:00,173,173,173,173,0
2022-02-03 12:53:00,173,173,173,173,0
2022-02-03 12:54:00,173,173,173,173,0
2022-02-03 12:55:00,173,173,173,173,0
2022-02-03 12:56:00,173,173,173,173,0
2022-02-03 12:57:00,173,173,173,173,0
2022-02-03 12:58:00,173,173,173,173,0
2022-02-03 12:59:00,173,173,173,173,0
2022-02-03 13:00:00,173,173,173,173,0
2022-02-03 13:01:00,173,173,173,173,0
2022-02-03 13:02:00,173,173,173,173,0
2022-02-03 13:03:00,173,173,173,173,0
2022-02-03 13:04:00,173,173,173,173,0
2022-02-03 13:05:00,173,173,173,173,0
2022-02-03 13:06:00,173,173,173,173,0
2022-02-03 13:07:00,173,173,173,173,0
2022-02-03 13:08:00,173,173,173,173,0
2022-02-03 13:09:00,173,173,173,173,0
2022-02-03 13:10:00,173,173,173,173,0
2022-02-03 13:11:00,173,173,173,173,0
2022-02-03 13:12:00,173,173,173,173,0
2022-02-03 13:13:00,173,173,173,173,0
2022-02-03 13:14:00,173,173,173,173,0
2022-02-03 13:15:00,173,173,173,173,0
2022-02-03 13:16:00,173,173,173,173,0
2022-02-03 13:17:00,173,173,173,173,0
2022-02-03 13:18:00,173,173,173,173,0
2022-02-03 13:19:00,173,173,173,173,0
2022-02-03 13:20:00,173,173,173,173,0
2022-02-03 13:21:00,173,173,173,173,0
2022-02-03 13:22:00,173,173,173,173,0
2022-02-03 13:23:00,173,173,173,173,0
2022-02-03 13:24:00,173,173,173,173,0
2022-02-03 13:25:00,173,173,173,173,0
2022-02-03 13:26:00,173,173,173,173,0
2022-02-03 13:27:00,173,173,173,173,0
2022-02-03 13:28:00,173,173,173,173,0
2022-02-03 13:29:00,173,173,173,173,0
2022-02-03 13:30:00,173,173,173,173,5300
2022-02-03 13:31:00,173,173,173,173,0
2022-02-03 13:32:00,173,173,173,173,0
2022-02-03 13:33:00,173,173,173,173,0
2022-02-03 13:34:00,173,173,173,173,0
2022-02-03 13:35:00,173,173,173,173,0
2022-02-03 13:36:00,173,173,173,173,9500
2022-02-03 13:37:00,173,173,173,173,1500
2022-02-03 13:38:00,173,173,173,173,5000
2022-02-03 13:39:00,173,173,173,173,0
2022-02-03 13:40:00,173,173,173,173,15000
2022-02-03 13:41:00,173,173,173,173,0
2022-02-03 13:42:00,173,173,173,173,5000
2022-02-03 13:43:00,174,174,174,174,20100
2022-02-03 13:44:00,174,174,174,174,0
2022-02-03 13:45:00,174,174,174,174,0
2022-02-03 13:46:00,174,174,174,174,0
2022-02-03 13:47:00,173,173,173,173,65000
2022-02-03 13:48:00,173,173,173,173,120000
2022-02-03 13:49:00,173,173,173,173,0
2022-02-03 13:50:00,173,173,173,173,0
2022-02-03 13:51:00,173,173,173,173,0
2022-02-03 13:52:00,173,173,173,173,0
2022-02-03 13:53:00,173,173,173,173,5000
2022-02-03 13:54:00,173,173,173,173,0
2022-02-03 13:55:00,173,173,173,173,0
2022-02-03 13:56:00,173,173,173,173,0
2022-02-03 13:57:00,173,173,173,173,0
2022-02-03 13:58:00,173,173,173,173,41400
2022-02-03 13:59:00,174,174,174,174,2200
2022-02-03 14:00:00,174,174,174,174,2500
2022-02-03 14:01:00,174,174,174,174,500
2022-02-03 14:02:00,174,174,174,174,0
2022-02-03 14:03:00,174,174,174,174,0
2022-02-03 14:04:00,174,174,174,174,0
2022-02-03 14:05:00,174,174,174,174,100100
2022-02-03 14:06:00,174,173,174,173,5100
2022-02-03 14:07:00,174,173,174,173,0
2022-02-03 14:08:00,174,173,174,173,0
2022-02-03 14:09:00,173,173,174,174,101000
2022-02-03 14:10:00,174,174,174,174,59500
2022-02-03 14:11:00,174,174,174,174,1700
2022-02-03 14:12:00,174,174,174,174,0
2022-02-03 14:13:00,174,174,174,174,100
2022-02-03 14:14:00,174,174,174,174,0
2022-02-03 14:15:00,174,174,174,174,0
2022-02-03 14:16:00,174,174,174,174,30500
2022-02-03 14:17:00,174,174,174,174,0
2022-02-03 14:18:00,174,174,174,174,9300
2022-02-03 14:19:00,174,174,174,174,10000
2022-02-03 14:20:00,174,174,174,174,0
2022-02-03 14:21:00,174,174,174,174,395200
2022-02-03 14:22:00,174,174,174,174,3600
2022-02-03 14:23:00,174,174,174,174,0
2022-02-03 14:24:00,174,174,174,174,500
2022-02-03 14:25:00,174,174,174,174,0
2022-02-03 14:26:00,174,174,174,174,0
2022-02-03 14:27:00,174,174,174,174,600
2022-02-03 14:28:00,174,174,174,174,0
2022-02-03 14:29:00,174,174,174,174,0
2022-02-03 14:30:00,174,174,174,174,0
2022-02-03 14:31:00,175,175,175,175,1000
2022-02-03 14:32:00,175,175,175,175,10000
2022-02-03 14:33:00,175,175,175,175,0
2022-02-03 14:34:00,175,175,175,175,0
2022-02-03 14:35:00,175,175,175,175,0
2022-02-03 14:36:00,175,175,175,175,100
2022-02-03 14:37:00,175,175,175,175,0
2022-02-03 14:38:00,174,174,174,174,60300
2022-02-03 14:39:00,175,175,175,175,100000
2022-02-03 14:40:00,175,175,175,175,49200
2022-02-03 14:41:00,175,175,175,175,0
2022-02-03 14:42:00,175,175,175,175,0
2022-02-03 14:43:00,175,175,175,175,0
2022-02-03 14:44:00,175,175,175,175,0
2022-02-03 14:45:00,175,175,175,175,0
2022-02-03 14:46:00,175,175,175,175,17900
2022-02-03 14:47:00,175,175,175,175,1000
2022-02-03 14:48:00,175,175,175,175,0
2022-02-03 14:49:00,175,175,175,175,50000
2022-02-03 14:50:00,175,175,175,175,0
2022-02-03 14:51:00,175,175,175,175,0
2022-02-03 14:52:00,175,175,175,175,0
2022-02-03 14:53:00,175,175,175,175,0
2022-02-03 14:54:00,175,175,175,175,0
2022-02-03 14:55:00,175,175,175,175,0
2022-02-03 14:56:00,175,175,175,175,0
2022-02-03 14:57:00,175,175,175,175,0
2022-02-03 14:58:00,175,175,175,175,0
2022-02-03 14:59:00,175,175,175,175,0
2022-02-03 15:00:00,174,174,174,174,233000
2022-02-03 15:01:00,174,174,174,174,0
2022-02-03 15:02:00,174,174,174,174,16000
2022-02-03 15:03:00,174,174,174,174,200000
2022-02-03 15:04:00,174,174,174,174,100000
2022-02-03 15:05:00,174,174,174,174,100000
2022-02-03 15:06:00,174,174,174,174,65100
2022-02-03 15:07:00,174,174,174,174,0
2022-02-03 15:08:00,174,174,174,174,12000
2022-02-03 15:09:00,174,174,174,174,0
2022-02-03 15:10:00,174,174,174,174,0
2022-02-03 15:11:00,174,174,174,174,0
2022-02-03 15:12:00,174,174,174,174,4076500
2022-02-03 15:13:00,174,174,174,174,0
2022-02-03 15:14:00,174,174,174,174,0
2022-02-03 15:15:00,174,174,174,174,0
2022-02-03 15:16:00,174,174,174,174,0
2022-02-03 15:17:00,174,174,174,174,0
2022-02-03 15:18:00,174,174,174,174,0
2022-02-03 15:19:00,174,174,174,174,0
2022-02-03 15:20:00,174,174,174,174,0
2022-02-03 15:21:00,174,174,174,174,0
2022-02-03 15:22:00,174,174,174,174,0
2022-02-03 15:23:00,174,174,174,174,0
2022-02-03 15:24:00,174,174,174,174,0
2022-02-03 15:25:00,174,174,174,174,0
2022-02-03 15:26:00,174,174,174,174,0
2022-02-03 15:27:00,174,174,174,174,0
2022-02-03 15:28:00,174,174,174,174,0
2022-02-03 15:29:00,174,174,174,174,0
2022-02-03 15:30:00,174,174,174,174,0
2022-02-03 15:31:00,174,174,174,174,0
2022-02-03 15:32:00,174,174,174,174,0
2022-02-03 15:33:00,174,174,174,174,0
2022-02-03 15:34:00,174,174,174,174,0
2022-02-03 15:35:00,174,174,174,174,0
2022-02-03 15:36:00,174,174,174,174,0
2022-02-03 15:37:00,174,174,174,174,0
2022-02-03 15:38:00,174,174,174,174,0
2022-02-03 15:39:00,174,174,174,174,0
2022-02-03 15:40:00,174,174,174,174,0
2022-02-03 15:41:00,174,174,174,174,0
2022-02-03 15:42:00,174,174,174,174,0
2022-02-03 15:43:00,174,174,174,174,0
2022-02-03 15:44:00,174,174,174,174,0
2022-02-03 15:45:00,174,174,174,174,0
2022-02-03 15:46:00,174,174,174,174,0
2022-02-03 15:47:00,174,174,174,174,0
2022-02-03 15:48:00,174,174,174,174,0
2022-02-03 15:49:00,174,174,174,174,0
2022-02-03 15:50:00,174,174,174,174,0
2022-02-03 15:51:00,174,174,174,174,0
2022-02-03 15:52:00,174,174,174,174,0
2022-02-03 15:53:00,174,174,174,174,0
2022-02-03 15:54:00,174,174,174,174,0
2022-02-03 15:55:00,174,174,174,174,0
2022-02-03 15:56:00,174,174,174,174,0
2022-02-03 15:57:00,174,174,174,174,0
2022-02-03 15:58:00,174,174,174,174,0
2022-02-03 15:59:00,174,174,174,174,0
2022-02-04 09:00:00,175,173,176,176,0
2022-02-04 09:01:00,177,176,177,176,191000
2022-02-04 09:02:00,177,177,182,181,983000
2022-02-04 09:03:00,181,180,182,180,447400
2022-02-04 09:04:00,180,179,180,179,191900
2022-02-04 09:05:00,179,178,179,178,208800
2022-02-04 09:06:00,178,178,179,179,156400
2022-02-04 09:07:00,179,179,179,179,19900
2022-02-04 09:08:00,179,179,179,179,16500
2022-02-04 09:09:00,179,179,179,179,182600
2022-02-04 09:10:00,179,179,179,179,48700
2022-02-04 09:11:00,179,179,179,179,26500
2022-02-04 09:12:00,179,179,179,179,82200
2022-02-04 09:13:00,179,179,179,179,20300
2022-02-04 09:14:00,179,179,179,179,500
2022-02-04 09:15:00,179,179,179,179,21100
2022-02-04 09:16:00,179,178,179,179,265600
2022-02-04 09:17:00,178,178,179,179,34700
2022-02-04 09:18:00,178,178,179,179,25800
2022-02-04 09:19:00,178,178,178,178,42900
2022-02-04 09:20:00,178,178,178,178,31700
2022-02-04 09:21:00,179,179,179,179,10000
2022-02-04 09:22:00,178,178,178,178,100000
2022-02-04 09:23:00,178,178,178,178,20000
2022-02-04 09:24:00,178,178,178,178,3000
2022-02-04 09:25:00,178,178,178,178,0
2022-02-04 09:26:00,178,178,179,179,2100
2022-02-04 09:27:00,179,179,179,179,2200
2022-02-04 09:28:00,178,178,178,178,16900
2022-02-04 09:29:00,178,178,178,178,125500
2022-02-04 09:30:00,178,178,178,178,162800
2022-02-04 09:31:00,177,177,177,177,21300
2022-02-04 09:32:00,177,177,179,179,63500
2022-02-04 09:33:00,177,177,178,178,3700
2022-02-04 09:34:00,178,178,178,178,500
2022-02-04 09:35:00,178,178,178,178,102000
2022-02-04 09:36:00,178,177,178,177,53900
2022-02-04 09:37:00,178,178,178,178,32000
2022-02-04 09:38:00,178,178,178,178,17500
2022-02-04 09:39:00,178,178,178,178,62900
2022-02-04 09:40:00,178,178,178,178,53000
2022-02-04 09:41:00,178,178,178,178,30000
2022-02-04 09:42:00,178,178,178,178,11400
2022-02-04 09:43:00,178,178,178,178,40000
2022-02-04 09:44:00,178,178,178,178,4000
2022-02-04 09:45:00,178,178,178,178,1000
2022-02-04 09:46:00,178,178,178,178,0
2022-02-04 09:47:00,178,178,178,178,0
2022-02-04 09:48:00,178,178,178,178,30000
2022-02-04 09:49:00,178,178,178,178,31000
2022-02-04 09:50:00,178,178,178,178,8200
2022-02-04 09:51:00,178,178,178,178,100000
2022-02-04 09:52:00,179,179,179,179,1000
2022-02-04 09:53:00,179,179,179,179,0
2022-02-04 09:54:00,179,179,179,179,0
2022-02-04 09:55:00,178,178,178,178,100
2022-02-04 09:56:00,178,178,178,178,0
2022-02-04 09:57:00,179,178,179,178,900
2022-02-04 09:58:00,178,178,178,178,100
2022-02-04 09:59:00,178,178,178,178,51100
2022-02-04 10:00:00,178,178,178,178,46100
2022-02-04 10:01:00,178,178,178,178,0
2022-02-04 10:02:00,178,178,178,178,1000
2022-02-04 10:03:00,178,178,178,178,0
2022-02-04 10:04:00,178,178,178,178,0
2022-02-04 10:05:00,178,178,178,178,10000
2022-02-04 10:06:00,178,178,178,178,10000
2022-02-04 10:07:00,178,178,178,178,22400
2022-02-04 10:08:00,178,178,178,178,10000
2022-02-04 10:09:00,178,177,178,177,11900
2022-02-04 10:10:00,178,177,178,177,0
2022-02-04 10:11:00,178,177,178,177,0
2022-02-04 10:12:00,178,177,178,177,0
2022-02-04 10:13:00,178,178,178,178,100
2022-02-04 10:14:00,178,177,178,178,6300
2022-02-04 10:15:00,178,177,178,178,0
2022-02-04 10:16:00,178,178,178,178,268800
2022-02-04 10:17:00,178,178,178,178,0
2022-02-04 10:18:00,178,178,178,178,0
2022-02-04 10:19:00,178,178,178,178,0
2022-02-04 10:20:00,178,178,178,178,0
2022-02-04 10:21:00,178,178,178,178,32200
2022-02-04 10:22:00,178,178,178,178,5600
2022-02-04 10:23:00,178,177,178,177,1200
2022-02-04 10:24:00,178,178,178,178,1500
2022-02-04 10:25:00,178,178,178,178,10000
2022-02-04 10:26:00,178,178,178,178,6700
2022-02-04 10:27:00,178,178,178,178,1000
2022-02-04 10:28:00,178,178,178,178,0
2022-02-04 10:29:00,178,178,178,178,0
2022-02-04 10:30:00,178,178,178,178,18000
2022-02-04 10:31:00,178,178,178,178,300
2022-02-04 10:32:00,178,178,178,178,1700
2022-02-04 10:33:00,178,178,178,178,15300
2022-02-04 10:34:00,178,178,178,178,0
2022-02-04 10:35:00,178,178,178,178,0
2022-02-04 10:36:00,179,179,179,179,100000
2022-02-04 10:37:00,179,179,179,179,22000
2022-02-04 10:38:00,179,179,179,179,12000
2022-02-04 10:39:00,179,179,179,179,0
2022-02-04 10:40:00,179,179,179,179,0
2022-02-04 10:41:00,179,179,179,179,0
2022-02-04 10:42:00,178,178,178,178,150900
2022-02-04 10:43:00,178,178,178,178,0
2022-02-04 10:44:00,178,178,178,178,0
2022-02-04 10:45:00,178,178,178,178,0
2022-02-04 10:46:00,178,178,178,178,100
2022-02-04 10:47:00,178,178,178,178,0
2022-02-04 10:48:00,178,178,178,178,0
2022-02-04 10:49:00,178,178,178,178,0
2022-02-04 10:50:00,178,178,178,178,16100
2022-02-04 10:51:00,178,178,178,178,0
2022-02-04 10:52:00,178,178,178,178,1300
2022-02-04 10:53:00,177,177,177,177,2500
2022-02-04 10:54:00,177,177,177,177,0
2022-02-04 10:55:00,178,178,178,178,900
2022-02-04 10:56:00,177,177,177,177,100
2022-02-04 10:57:00,178,178,178,178,5000
2022-02-04 10:58:00,178,178,178,178,500
2022-02-04 10:59:00,178,178,178,178,0
2022-02-04 11:00:00,178,178,178,178,0
2022-02-04 11:01:00,178,178,178,178,0
2022-02-04 11:02:00,178,178,178,178,10000
2022-02-04 11:03:00,178,178,178,178,0
2022-02-04 11:04:00,177,177,178,178,600
2022-02-04 11:05:00,177,177,178,178,0
2022-02-04 11:06:00,178,178,178,178,2700
2022-02-04 11:07:00,178,178,178,178,4100
2022-02-04 11:08:00,178,178,178,178,9500
2022-02-04 11:09:00,178,178,178,178,0
2022-02-04 11:10:00,178,178,178,178,0
2022-02-04 11:11:00,178,178,178,178,0
2022-02-04 11:12:00,178,178,178,178,700
2022-02-04 11:13:00,178,178,178,178,0
2022-02-04 11:14:00,177,177,177,177,20000
2022-02-04 11:15:00,178,178,178,178,4400
2022-02-04 11:16:00,178,178,178,178,0
2022-02-04 11:17:00,177,177,177,177,5800
2022-02-04 11:18:00,177,177,177,177,0
2022-02-04 11:19:00,177,177,177,177,0
2022-02-04 11:20:00,177,177,177,177,0
2022-02-04 11:21:00,177,177,177,177,0
2022-02-04 11:22:00,177,177,177,177,1800
2022-02-04 11:23:00,177,177,177,177,0
2022-02-04 11:24:00,177,177,177,177,0
2022-02-04 11:25:00,177,177,177,177,0
2022-02-04 11:26:00,177,177,177,177,0
2022-02-04 11:27:00,177,177,177,177,0
2022-02-04 11:28:00,177,177,177,177,0
2022-02-04 11:29:00,177,177,177,177,0
2022-02-04 11:30:00,177,177,177,177,0
2022-02-04 11:31:00,177,177,177,177,0
2022-02-04 11:32:00,177,177,177,177,0
2022-02-04 11:33:00,177,177,177,177,0
2022-02-04 11:34:00,177,177,177,177,0
2022-02-04 11:35:00,177,177,177,177,0
2022-02-04 11:36:00,177,177,177,177,0
2022-02-04 11:37:00,177,177,177,177,0
2022-02-04 11:38:00,177,177,177,177,0
2022-02-04 11:39:00,177,177,177,177,0
2022-02-04 11:40:00,177,177,177,177,0
2022-02-04 11:41:00,177,177,177,177,0
2022-02-04 11:42:00,177,177,177,177,0
2022-02-04 11:43:00,177,177,177,177,0
2022-02-04 11:44:00,177,177,177,177,0
2022-02-04 11:45:00,177,177,177,177,0
2022-02-04 11:46:00,177,177,177,177,0
2022-02-04 11:47:00,177,177,177,177,0
2022-02-04 11:48:00,177,177,177,177,0
2022-02-04 11:49:00,177,177,177,177,0
2022-02-04 11:50:00,177,177,177,177,0
2022-02-04 11:51:00,177,177,177,177,0
2022-02-04 11:52:00,177,177,177,177,0
2022-02-04 11:53:00,177,177,177,177,0
2022-02-04 11:54:00,177,177,177,177,0
2022-02-04 11:55:00,177,177,177,177,0
2022-02-04 11:56:00,177,177,177,177,0
2022-02-04 11:57:00,177,177,177,177,0
2022-02-04 11:58:00,177,177,177,177,0
2022-02-04 11:59:00,177,177,177,177,0
2022-02-04 12:00:00,177,177,177,177,0
2022-02-04 12:01:00,177,177,177,177,0
2022-02-04 12:02:00,177,177,177,177,0
2022-02-04 12:03:00,177,177,177,177,0
2022-02-04 12:04:00,177,177,177,177,0
2022-02-04 12:05:00,177,177,177,177,0
2022-02-04 12:06:00,177,177,177,177,0
2022-02-04 12:07:00,177,177,177,177,0
2022-02-04 12:08:00,177,177,177,177,0
2022-02-04 12:09:00,177,177,177,177,0
2022-02-04 12:10:00,177,177,177,177,0
2022-02-04 12:11:00,177,177,177,177,0
2022-02-04 12:12:00,177,177,177,177,0
2022-02-04 12:13:00,177,177,177,177,0
2022-02-04 12:14:00,177,177,177,177,0
2022-02-04 12:15:00,177,177,177,177,0
2022-02-04 12:16:00,177,177,177,177,0
2022-02-04 12:17:00,177,177,177,177,0
2022-02-04 12:18:00,177,177,177,177,0
2022-02-04 12:19:00,177,177,177,177,0
2022-02-04 12:20:00,177,177,177,177,0
2022-02-04 12:21:00,177,177,177,177,0
2022-02-04 12:22:00,177,177,177,177,0
2022-02-04 12:23:00,177,177,177,177,0
2022-02-04 12:24:00,177,177,177,177,0
2022-02-04 12:25:00,177,177,177,177,0
2022-02-04 12:26:00,177,177,177,177,0
2022-02-04 12:27:00,177,177,177,177,0
2022-02-04 12:28:00,177,177,177,177,0
2022-02-04 12:29:00,177,177,177,177,0
2022-02-04 12:30:00,177,177,177,177,0
2022-02-04 12:31:00,177,177,177,177,0
2022-02-04 12:32:00,177,177,177,177,0
2022-02-04 12:33:00,177,177,177,177,0
2022-02-04 12:34:00,177,177,177,177,0
2022-02-04 12:35:00,177,177,177,177,0
2022-02-04 12:36:00,177,177,177,177,0
2022-02-04 12:37:00,177,177,177,177,0
2022-02-04 12:38:00,177,177,177,177,0
2022-02-04 12:39:00,177,177,177,177,0
2022-02-04 12:40:00,177,177,177,177,0
2022-02-04 12:41:00,177,177,177,177,0
2022-02-04 12:42:00,177,177,177,177,0
2022-02-04 12:43:00,177,177,177,177,0
2022-02-04 12:44:00,177,177,177,177,0
2022-02-04 12:45:00,177,177,177,177,0
2022-02-04 12:46:00,177,177,177,177,0
2022-02-04 12:47:00,177,177,177,177,0
2022-02-04 12:48:00,177,177,177,177,0
2022-02-04 12:49:00,177,177,177,177,0
2022-02-04 12:50:00,177,177,177,177,0
2022-02-04 12:51:00,177,177,177,177,0
2022-02-04 12:52:00,177,177,177,177,0
2022-02-04 12:53:00,177,177,177,177,0
2022-02-04 12:54:00,177,177,177,177,0
2022-02-04 12:55:00,177,177,177,177,0
2022-02-04 12:56:00,177,177,177,177,0
2022-02-04 12:57:00,177,177,177,177,0
2022-02-04 12:58:00,177,177,177,177,0
2022-02-04 12:59:00,177,177,177,177,0
2022-02-04 13:00:00,177,177,177,177,0
2022-02-04 13:01:00,177,177,177,177,0
2022-02-04 13:02:00,177,177,177,177,0
2022-02-04 13:03:00,177,177,177,177,0
2022-02-04 13:04:00,177,177,177,177,0
2022-02-04 13:05:00,177,177,177,177,0
2022-02-04 13:06:00,177,177,177,177,0
2022-02-04 13:07:00,177,177,177,177,0
2022-02-04 13:08:00,177,177,177,177,0
2022-02-04 13:09:00,177,177,177,177,0
2022-02-04 13:10:00,177,177,177,177,0
2022-02-04 13:11:00,177,177,177,177,0
2022-02-04 13:12:00,177,177,177,177,0
2022-02-04 13:13:00,177,177,177,177,0
2022-02-04 13:14:00,177,177,177,177,0
2022-02-04 13:15:00,177,177,177,177,0
2022-02-04 13:16:00,177,177,177,177,0
2022-02-04 13:17:00,177,177,177,177,0
2022-02-04 13:18:00,177,177,177,177,0
2022-02-04 13:19:00,177,177,177,177,0
2022-02-04 13:20:00,177,177,177,177,0
2022-02-04 13:21:00,177,177,177,177,0
2022-02-04 13:22:00,177,177,177,177,0
2022-02-04 13:23:00,177,177,177,177,0
2022-02-04 13:24:00,177,177,177,177,0
2022-02-04 13:25:00,177,177,177,177,0
2022-02-04 13:26:00,177,177,177,177,0
2022-02-04 13:27:00,177,177,177,177,0
2022-02-04 13:28:00,177,177,177,177,0
2022-02-04 13:29:00,177,177,177,177,0
2022-02-04 13:30:00,178,177,178,177,400
2022-02-04 13:31:00,178,177,178,177,0
2022-02-04 13:32:00,178,177,178,177,0
2022-02-04 13:33:00,178,177,178,177,0
2022-02-04 13:34:00,178,177,178,177,0
2022-02-04 13:35:00,177,177,177,177,200
2022-02-04 13:36:00,177,177,177,177,1900
2022-02-04 13:37:00,178,178,178,178,2200
2022-02-04 13:38:00,177,177,177,177,500
2022-02-04 13:39:00,177,177,177,177,0
2022-02-04 13:40:00,177,177,177,177,0
2022-02-04 13:41:00,177,177,177,177,0
2022-02-04 13:42:00,177,177,177,177,1000
2022-02-04 13:43:00,177,177,177,177,0
2022-02-04 13:44:00,177,177,177,177,1100
2022-02-04 13:45:00,177,177,177,177,0
2022-02-04 13:46:00,178,177,178,177,10100
2022-02-04 13:47:00,178,178,178,178,600
2022-02-04 13:48:00,177,177,178,177,32900
2022-02-04 13:49:00,177,177,178,177,0
2022-02-04 13:50:00,177,177,178,177,0
2022-02-04 13:51:00,177,177,178,177,0
2022-02-04 13:52:00,178,178,178,178,900
2022-02-04 13:53:00,178,178,178,178,0
2022-02-04 13:54:00,178,178,178,178,0
2022-02-04 13:55:00,178,178,178,178,4000
2022-02-04 13:56:00,177,177,177,177,1000
2022-02-04 13:57:00,177,177,177,177,900
2022-02-04 13:58:00,177,177,177,177,20100
2022-02-04 13:59:00,177,177,177,177,10100
2022-02-04 14:00:00,177,177,178,178,4600
2022-02-04 14:01:00,178,178,178,178,100
2022-02-04 14:02:00,178,178,178,178,0
2022-02-04 14:03:00,178,178,178,178,0
2022-02-04 14:04:00,178,178,178,178,0
2022-02-04 14:05:00,178,178,178,178,0
2022-02-04 14:06:00,178,178,178,178,0
2022-02-04 14:07:00,178,178,178,178,2500
2022-02-04 14:08:00,178,178,178,178,0
2022-02-04 14:09:00,178,178,178,178,432600
2022-02-04 14:10:00,178,178,178,178,0
2022-02-04 14:11:00,178,178,178,178,0
2022-02-04 14:12:00,178,178,178,178,15600
2022-02-04 14:13:00,178,178,178,178,3000
2022-02-04 14:14:00,178,178,178,178,0
2022-02-04 14:15:00,178,178,178,178,0
2022-02-04 14:16:00,178,178,178,178,1000
2022-02-04 14:17:00,178,178,178,178,1500
2022-02-04 14:18:00,178,178,178,178,0
2022-02-04 14:19:00,178,178,178,178,0
2022-02-04 14:20:00,178,178,178,178,25000
2022-02-04 14:21:00,178,178,178,178,1600
2022-02-04 14:22:00,178,178,178,178,2800
2022-02-04 14:23:00,178,178,178,178,0
2022-02-04 14:24:00,178,178,178,178,600
2022-02-04 14:25:00,177,177,177,177,20000
2022-02-04 14:26:00,178,178,178,178,17800
2022-02-04 14:27:00,178,178,178,178,0
2022-02-04 14:28:00,178,178,178,178,0
2022-02-04 14:29:00,178,178,178,178,0
2022-02-04 14:30:00,178,178,178,178,0
2022-02-04 14:31:00,178,178,178,178,0
2022-02-04 14:32:00,178,178,178,178,30000
2022-02-04 14:33:00,179,179,179,179,1000
2022-02-04 14:34:00,179,178,179,178,51000
2022-02-04 14:35:00,179,178,179,178,0
2022-02-04 14:36:00,179,178,179,178,0
2022-02-04 14:37:00,179,178,179,178,0
2022-02-04 14:38:00,178,178,178,178,100
2022-02-04 14:39:00,178,178,178,178,0
2022-02-04 14:40:00,178,178,178,178,0
2022-02-04 14:41:00,179,179,179,179,100000
2022-02-04 14:42:00,179,179,179,179,2200
2022-02-04 14:43:00,179,179,180,180,2600
2022-02-04 14:44:00,179,179,180,180,5400
2022-02-04 14:45:00,180,180,180,180,2000
2022-02-04 14:46:00,179,179,179,179,1200
2022-02-04 14:47:00,179,179,179,179,0
2022-02-04 14:48:00,179,179,179,179,2000
2022-02-04 14:49:00,179,179,179,179,100000
2022-02-04 14:50:00,179,179,179,179,0
2022-02-04 14:51:00,179,179,179,179,0
2022-02-04 14:52:00,179,179,179,179,0
2022-02-04 14:53:00,179,179,179,179,0
2022-02-04 14:54:00,179,179,179,179,0
2022-02-04 14:55:00,179,179,179,179,0
2022-02-04 14:56:00,179,179,179,179,0
2022-02-04 14:57:00,179,179,179,179,0
2022-02-04 14:58:00,179,179,179,179,0
2022-02-04 14:59:00,179,179,179,179,0
2022-02-04 15:00:00,180,180,180,180,444700
2022-02-04 15:01:00,180,180,180,180,10000
2022-02-04 15:02:00,180,180,180,180,3900
2022-02-04 15:03:00,180,180,180,180,0
2022-02-04 15:04:00,180,180,180,180,0
2022-02-04 15:05:00,180,180,180,180,0
2022-02-04 15:06:00,180,180,180,180,60000
2022-02-04 15:07:00,180,180,180,180,1000
2022-02-04 15:08:00,180,180,180,180,0
2022-02-04 15:09:00,180,180,180,180,0
2022-02-04 15:10:00,180,180,180,180,0
2022-02-04 15:11:00,180,180,180,180,2000
2022-02-04 15:12:00,180,180,180,180,0
2022-02-04 15:13:00,180,180,180,180,106300
2022-02-04 15:14:00,180,180,180,180,68700
2022-02-04 15:15:00,180,180,180,180,0
2022-02-04 15:16:00,180,180,180,180,0
2022-02-04 15:17:00,180,180,180,180,0
2022-02-04 15:18:00,180,180,180,180,0
2022-02-04 15:19:00,180,180,180,180,0
2022-02-04 15:20:00,180,180,180,180,0
2022-02-04 15:21:00,180,180,180,180,0
2022-02-04 15:22:00,180,180,180,180,0
2022-02-04 15:23:00,180,180,180,180,0
2022-02-04 15:24:00,180,180,180,180,0
2022-02-04 15:25:00,180,180,180,180,0
2022-02-04 15:26:00,180,180,180,180,0
2022-02-04 15:27:00,180,180,180,180,0
2022-02-04 15:28:00,180,180,180,180,0
2022-02-04 15:29:00,180,180,180,180,0
2022-02-04 15:30:00,180,180,180,180,0
2022-02-04 15:31:00,180,180,180,180,0
2022-02-04 15:32:00,180,180,180,180,0
2022-02-04 15:33:00,180,180,180,180,0
2022-02-04 15:34:00,180,180,180,180,0
2022-02-04 15:35:00,180,180,180,180,0
2022-02-04 15:36:00,180,180,180,180,0
2022-02-04 15:37:00,180,180,180,180,0
2022-02-04 15:38:00,180,180,180,180,0
2022-02-04 15:39:00,180,180,180,180,0
2022-02-04 15:40:00,180,180,180,180,0
2022-02-04 15:41:00,180,180,180,180,0
2022-02-04 15:42:00,180,180,180,180,0
2022-02-04 15:43:00,180,180,180,180,0
2022-02-04 15:44:00,180,180,180,180,0
2022-02-04 15:45:00,180,180,180,180,0
2022-02-04 15:46:00,180,180,180,180,0
2022-02-04 15:47:00,180,180,180,180,0
2022-02-04 15:48:00,180,180,180,180,0
2022-02-04 15:49:00,180,180,180,180,0
2022-02-04 15:50:00,180,180,180,180,0
2022-02-04 15:51:00,180,180,180,180,0
2022-02-04 15:52:00,180,180,180,180,0
2022-02-04 15:53:00,180,180,180,180,0
2022-02-04 15:54:00,180,180,180,180,0
2022-02-04 15:55:00,180,180,180,180,0
2022-02-04 15:56:00,180,180,180,180,0
2022-02-04 15:57:00,180,180,180,180,0
2022-02-04 15:58:00,180,180,180,180,0
2022-02-04 15:59:00,180,180,180,180,0
2022-02-07 09:00:00,182,181,182,182,0
2022-02-07 09:01:00,182,181,182,182,2075800
2022-02-07 09:02:00,182,181,182,182,264300
2022-02-07 09:03:00,182,182,183,183,333400
2022-02-07 09:04:00,183,183,184,184,367400
2022-02-07 09:05:00,184,183,185,184,405600
2022-02-07 09:06:00,184,184,185,185,654200
2022-02-07 09:07:00,185,185,186,185,348100
2022-02-07 09:08:00,186,184,186,185,339900
2022-02-07 09:09:00,185,185,185,185,120300
2022-02-07 09:10:00,185,185,185,185,43000
2022-02-07 09:11:00,185,185,186,186,78300
2022-02-07 09:12:00,185,185,186,186,31100
2022-02-07 09:13:00,186,185,186,186,313500
2022-02-07 09:14:00,186,186,186,186,9300
2022-02-07 09:15:00,186,185,186,185,5500
2022-02-07 09:16:00,185,185,186,186,121100
2022-02-07 09:17:00,186,186,187,186,223300
2022-02-07 09:18:00,187,186,187,186,144000
2022-02-07 09:19:00,186,186,186,186,2000
2022-02-07 09:20:00,187,186,187,187,435500
2022-02-07 09:21:00,187,187,187,187,70700
2022-02-07 09:22:00,188,187,188,188,32600
2022-02-07 09:23:00,188,187,188,187,114500
2022-02-07 09:24:00,187,187,187,187,240000
2022-02-07 09:25:00,187,187,187,187,3200
2022-02-07 09:26:00,187,187,188,187,205800
2022-02-07 09:27:00,187,187,187,187,127500
2022-02-07 09:28:00,187,187,188,187,30800
2022-02-07 09:29:00,187,187,187,187,223600
2022-02-07 09:30:00,187,187,188,187,31500
2022-02-07 09:31:00,187,187,187,187,105000
2022-02-07 09:32:00,187,187,188,187,106600
2022-02-07 09:33:00,187,187,187,187,220900
2022-02-07 09:34:00,187,187,187,187,109000
2022-02-07 09:35:00,186,186,186,186,14900
2022-02-07 09:36:00,186,186,186,186,63700
2022-02-07 09:37:00,187,186,187,187,147100
2022-02-07 09:38:00,187,187,187,187,6500
2022-02-07 09:39:00,187,187,187,187,0
2022-02-07 09:40:00,186,186,186,186,213400
2022-02-07 09:41:00,187,186,187,186,9500
2022-02-07 09:42:00,186,186,186,186,18100
2022-02-07 09:43:00,186,186,186,186,0
2022-02-07 09:44:00,186,186,186,186,42600
2022-02-07 09:45:00,186,186,186,186,29700
2022-02-07 09:46:00,186,186,186,186,10000
2022-02-07 09:47:00,186,186,186,186,17000
2022-02-07 09:48:00,186,186,187,187,1900
2022-02-07 09:49:00,186,186,186,186,8300
2022-02-07 09:50:00,186,186,186,186,10000
2022-02-07 09:51:00,185,185,185,185,219800
2022-02-07 09:52:00,185,185,185,185,0
2022-02-07 09:53:00,185,185,185,185,0
2022-02-07 09:54:00,185,185,185,185,0
2022-02-07 09:55:00,185,185,185,185,1186300
2022-02-07 09:56:00,185,185,186,186,32600
2022-02-07 09:57:00,185,185,186,186,0
2022-02-07 09:58:00,186,186,186,186,157000
2022-02-07 09:59:00,186,186,187,186,17000
2022-02-07 10:00:00,186,186,186,186,91000
2022-02-07 10:01:00,185,185,186,186,20000
2022-02-07 10:02:00,186,186,186,186,3500
2022-02-07 10:03:00,186,185,186,185,10500
2022-02-07 10:04:00,186,186,186,186,700
2022-02-07 10:05:00,186,186,186,186,0
2022-02-07 10:06:00,186,186,186,186,15100
2022-02-07 10:07:00,185,185,185,185,900
2022-02-07 10:08:00,186,186,186,186,42600
2022-02-07 10:09:00,186,186,186,186,6000
2022-02-07 10:10:00,186,186,186,186,27500
2022-02-07 10:11:00,185,185,185,185,150000
2022-02-07 10:12:00,185,185,185,185,0
2022-02-07 10:13:00,185,185,185,185,1000
2022-02-07 10:14:00,185,185,185,185,0
2022-02-07 10:15:00,185,185,185,185,0
2022-02-07 10:16:00,185,185,185,185,300
2022-02-07 10:17:00,185,185,185,185,268300
2022-02-07 10:18:00,185,185,185,185,99900
2022-02-07 10:19:00,185,185,185,185,49000
2022-02-07 10:20:00,185,185,185,185,110500
2022-02-07 10:21:00,186,185,186,185,118100
2022-02-07 10:22:00,185,185,185,185,20000
2022-02-07 10:23:00,186,186,186,186,900
2022-02-07 10:24:00,185,185,185,185,13900
2022-02-07 10:25:00,185,185,185,185,0
2022-02-07 10:26:00,185,185,185,185,155400
2022-02-07 10:27:00,185,185,185,185,2000
2022-02-07 10:28:00,185,185,185,185,63800
2022-02-07 10:29:00,186,186,186,186,500
2022-02-07 10:30:00,186,186,186,186,0
2022-02-07 10:31:00,185,185,185,185,6000
2022-02-07 10:32:00,185,185,185,185,0
2022-02-07 10:33:00,185,185,185,185,0
2022-02-07 10:34:00,185,185,185,185,0
2022-02-07 10:35:00,185,185,185,185,0
2022-02-07 10:36:00,186,186,186,186,600
2022-02-07 10:37:00,186,186,186,186,200
2022-02-07 10:38:00,186,185,186,185,17000
2022-02-07 10:39:00,185,185,185,185,2500
2022-02-07 10:40:00,185,185,185,185,10000
2022-02-07 10:41:00,185,185,185,185,0
2022-02-07 10:42:00,185,185,185,185,200
2022-02-07 10:43:00,185,185,185,185,100
2022-02-07 10:44:00,185,185,185,185,200
2022-02-07 10:45:00,185,185,185,185,0
2022-02-07 10:46:00,185,185,185,185,33300
2022-02-07 10:47:00,186,185,186,185,60500
2022-02-07 10:48:00,185,185,185,185,13100
2022-02-07 10:49:00,185,185,185,185,0
2022-02-07 10:50:00,185,185,185,185,0
2022-02-07 10:51:00,185,185,185,185,0
2022-02-07 10:52:00,185,185,185,185,1000
2022-02-07 10:53:00,185,185,185,185,0
2022-02-07 10:54:00,185,185,185,185,5000
2022-02-07 10:55:00,185,185,185,185,0
2022-02-07 10:56:00,185,185,185,185,201600
2022-02-07 10:57:00,185,185,185,185,58300
2022-02-07 10:58:00,185,185,185,185,5200
2022-02-07 10:59:00,185,185,185,185,400
2022-02-07 11:00:00,185,185,185,185,200
2022-02-07 11:01:00,185,185,185,185,28200
2022-02-07 11:02:00,184,184,185,185,23500
2022-02-07 11:03:00,185,185,185,185,10000
2022-02-07 11:04:00,185,185,185,185,0
2022-02-07 11:05:00,185,185,185,185,3700
2022-02-07 11:06:00,185,185,185,185,4900
2022-02-07 11:07:00,185,185,185,185,0
2022-02-07 11:08:00,186,186,186,186,16100
2022-02-07 11:09:00,186,186,186,186,3500
2022-02-07 11:10:00,186,186,186,186,0
2022-02-07 11:11:00,186,186,186,186,0
2022-02-07 11:12:00,186,186,186,186,0
2022-02-07 11:13:00,185,185,185,185,3200
2022-02-07 11:14:00,185,185,185,185,10000
2022-02-07 11:15:00,186,186,186,186,5000
2022-02-07 11:16:00,186,186,186,186,0
2022-02-07 11:17:00,186,186,186,186,0
2022-02-07 11:18:00,186,186,186,186,1000
2022-02-07 11:19:00,186,186,186,186,0
2022-02-07 11:20:00,185,185,185,185,3900
2022-02-07 11:21:00,185,185,185,185,0
2022-02-07 11:22:00,185,185,185,185,700
2022-02-07 11:23:00,185,185,185,185,0
2022-02-07 11:24:00,185,185,185,185,5000
2022-02-07 11:25:00,186,186,186,186,1100
2022-02-07 11:26:00,186,186,186,186,0
2022-02-07 11:27:00,186,186,186,186,0
2022-02-07 11:28:00,186,185,186,185,600
2022-02-07 11:29:00,185,185,185,185,100
2022-02-07 11:30:00,185,185,185,185,0
2022-02-07 11:31:00,185,185,185,185,0
2022-02-07 11:32:00,185,185,185,185,0
2022-02-07 11:33:00,185,185,185,185,0
2022-02-07 11:34:00,185,185,185,185,0
2022-02-07 11:35:00,185,185,185,185,0
2022-02-07 11:36:00,185,185,185,185,0
2022-02-07 11:37:00,185,185,185,185,0
2022-02-07 11:38:00,185,185,185,185,0
2022-02-07 11:39:00,185,185,185,185,0
2022-02-07 11:40:00,185,185,185,185,0
2022-02-07 11:41:00,185,185,185,185,0
2022-02-07 11:42:00,185,185,185,185,0
2022-02-07 11:43:00,185,185,185,185,0
2022-02-07 11:44:00,185,185,185,185,0
2022-02-07 11:45:00,185,185,185,185,0
2022-02-07 11:46:00,185,185,185,185,0
2022-02-07 11:47:00,185,185,185,185,0
2022-02-07 11:48:00,185,185,185,185,0
2022-02-07 11:49:00,185,185,185,185,0
2022-02-07 11:50:00,185,185,185,185,0
2022-02-07 11:51:00,185,185,185,185,0
2022-02-07 11:52:00,185,185,185,185,0
2022-02-07 11:53:00,185,185,185,185,0
2022-02-07 11:54:00,185,185,185,185,0
2022-02-07 11:55:00,185,185,185,185,0
2022-02-07 11:56:00,185,185,185,185,0
2022-02-07 11:57:00,185,185,185,185,0
2022-02-07 11:58:00,185,185,185,185,0
2022-02-07 11:59:00,185,185,185,185,0
2022-02-07 12:00:00,185,185,185,185,0
2022-02-07 12:01:00,185,185,185,185,0
2022-02-07 12:02:00,185,185,185,185,0
2022-02-07 12:03:00,185,185,185,185,0
2022-02-07 12:04:00,185,185,185,185,0
2022-02-07 12:05:00,185,185,185,185,0
2022-02-07 12:06:00,185,185,185,185,0
2022-02-07 12:07:00,185,185,185,185,0
2022-02-07 12:08:00,185,185,185,185,0
2022-02-07 12:09:00,185,185,185,185,0
2022-02-07 12:10:00,185,185,185,185,0
2022-02-07 12:11:00,185,185,185,185,0
2022-02-07 12:12:00,185,185,185,185,0
2022-02-07 12:13:00,185,185,185,185,0
2022-02-07 12:14:00,185,185,185,185,0
2022-02-07 12:15:00,185,185,185,185,0
2022-02-07 12:16:00,185,185,185,185,0
2022-02-07 12:17:00,185,185,185,185,0
2022-02-07 12:18:00,185,185,185,185,0
2022-02-07 12:19:00,185,185,185,185,0
2022-02-07 12:20:00,185,185,185,185,0
2022-02-07 12:21:00,185,185,185,185,0
2022-02-07 12:22:00,185,185,185,185,0
2022-02-07 12:23:00,185,185,185,185,0
2022-02-07 12:24:00,185,185,185,185,0
2022-02-07 12:25:00,185,185,185,185,0
2022-02-07 12:26:00,185,185,185,185,0
2022-02-07 12:27:00,185,185,185,185,0
2022-02-07 12:28:00,185,185,185,185,0
2022-02-07 12:29:00,185,185,185,185,0
2022-02-07 12:30:00,185,185,185,185,0
2022-02-07 12:31:00,185,185,185,185,0
2022-02-07 12:32:00,185,185,185,185,0
2022-02-07 12:33:00,185,185,185,185,0
2022-02-07 12:34:00,185,185,185,185,0
2022-02-07 12:35:00,185,185,185,185,0
2022-02-07 12:36:00,185,185,185,185,0
2022-02-07 12:37:00,185,185,185,185,0
2022-02-07 12:38:00,185,185,185,185,0
2022-02-07 12:39:00,185,185,185,185,0
2022-02-07 12:40:00,185,185,185,185,0
2022-02-07 12:41:00,185,185,185,185,0
2022-02-07 12:42:00,185,185,185,185,0
2022-02-07 12:43:00,185,185,185,185,0
2022-02-07 12:44:00,185,185,185,185,0
2022-02-07 12:45:00,185,185,185,185,0
2022-02-07 12:46:00,185,185,185,185,0
2022-02-07 12:47:00,185,185,185,185,0
2022-02-07 12:48:00,185,185,185,185,0
2022-02-07 12:49:00,185,185,185,185,0
2022-02-07 12:50:00,185,185,185,185,0
2022-02-07 12:51:00,185,185,185,185,0
2022-02-07 12:52:00,185,185,185,185,0
2022-02-07 12:53:00,185,185,185,185,0
2022-02-07 12:54:00,185,185,185,185,0
2022-02-07 12:55:00,185,185,185,185,0
2022-02-07 12:56:00,185,185,185,185,0
2022-02-07 12:57:00,185,185,185,185,0
2022-02-07 12:58:00,185,185,185,185,0
2022-02-07 12:59:00,185,185,185,185,0
2022-02-07 13:00:00,185,185,185,185,0
2022-02-07 13:01:00,185,185,185,185,0
2022-02-07 13:02:00,185,185,185,185,0
2022-02-07 13:03:00,185,185,185,185,0
2022-02-07 13:04:00,185,185,185,185,0
2022-02-07 13:05:00,185,185,185,185,0
2022-02-07 13:06:00,185,185,185,185,0
2022-02-07 13:07:00,185,185,185,185,0
2022-02-07 13:08:00,185,185,185,185,0
2022-02-07 13:09:00,185,185,185,185,0
2022-02-07 13:10:00,185,185,185,185,0
2022-02-07 13:11:00,185,185,185,185,0
2022-02-07 13:12:00,185,185,185,185,0
2022-02-07 13:13:00,185,185,185,185,0
2022-02-07 13:14:00,185,185,185,185,0
2022-02-07 13:15:00,185,185,185,185,0
2022-02-07 13:16:00,185,185,185,185,0
2022-02-07 13:17:00,185,185,185,185,0
2022-02-07 13:18:00,185,185,185,185,0
2022-02-07 13:19:00,185,185,185,185,0
2022-02-07 13:20:00,185,185,185,185,0
2022-02-07 13:21:00,185,185,185,185,0
2022-02-07 13:22:00,185,185,185,185,0
2022-02-07 13:23:00,185,185,185,185,0
2022-02-07 13:24:00,185,185,185,185,0
2022-02-07 13:25:00,185,185,185,185,0
2022-02-07 13:26:00,185,185,185,185,0
2022-02-07 13:27:00,185,185,185,185,0
2022-02-07 13:28:00,185,185,185,185,0
2022-02-07 13:29:00,185,185,185,185,0
2022-02-07 13:30:00,186,185,186,185,10300
2022-02-07 13:31:00,185,185,185,185,194900
2022-02-07 13:32:00,185,185,185,185,10000
2022-02-07 13:33:00,185,185,185,185,0
2022-02-07 13:34:00,186,186,186,186,253400
2022-02-07 13:35:00,186,186,186,186,0
2022-02-07 13:36:00,187,187,187,187,151800
2022-02-07 13:37:00,187,187,187,187,15400
2022-02-07 13:38:00,188,188,188,188,51500
2022-02-07 13:39:00,187,187,187,187,32100
2022-02-07 13:40:00,187,186,187,186,13000
2022-02-07 13:41:00,187,186,187,186,0
2022-02-07 13:42:00,186,186,186,186,7500
2022-02-07 13:43:00,186,186,186,186,51100
2022-02-07 13:44:00,186,186,187,187,16600
2022-02-07 13:45:00,186,186,187,187,0
2022-02-07 13:46:00,186,186,187,187,0
2022-02-07 13:47:00,186,186,187,187,1500
2022-02-07 13:48:00,187,186,187,187,15100
2022-02-07 13:49:00,186,186,186,186,5000
2022-02-07 13:50:00,186,186,186,186,0
2022-02-07 13:51:00,186,186,186,186,30000
2022-02-07 13:52:00,186,186,186,186,21500
2022-02-07 13:53:00,186,186,186,186,0
2022-02-07 13:54:00,186,186,186,186,0
2022-02-07 13:55:00,187,187,187,187,52000
2022-02-07 13:56:00,187,187,187,187,0
2022-02-07 13:57:00,187,186,187,186,2100
2022-02-07 13:58:00,187,186,187,186,0
2022-02-07 13:59:00,186,186,186,186,50200
2022-02-07 14:00:00,186,186,186,186,0
2022-02-07 14:01:00,186,186,186,186,162000
2022-02-07 14:02:00,186,186,187,187,110000
2022-02-07 14:03:00,186,186,187,187,0
2022-02-07 14:04:00,187,186,187,186,2300
2022-02-07 14:05:00,186,186,186,186,7800
2022-02-07 14:06:00,186,186,186,186,0
2022-02-07 14:07:00,186,186,186,186,10000
2022-02-07 14:08:00,186,186,186,186,0
2022-02-07 14:09:00,186,186,186,186,50000
2022-02-07 14:10:00,186,186,186,186,14000
2022-02-07 14:11:00,186,186,186,186,500
2022-02-07 14:12:00,186,186,186,186,500
2022-02-07 14:13:00,186,186,186,186,66000
2022-02-07 14:14:00,186,185,186,185,394300
2022-02-07 14:15:00,186,185,186,185,0
2022-02-07 14:16:00,185,185,185,185,500
2022-02-07 14:17:00,186,186,186,186,4600
2022-02-07 14:18:00,186,186,186,186,0
2022-02-07 14:19:00,186,186,186,186,20000
2022-02-07 14:20:00,186,186,186,186,0
2022-02-07 14:21:00,186,186,186,186,46700
2022-02-07 14:22:00,186,186,186,186,200
2022-02-07 14:23:00,186,186,186,186,0
2022-02-07 14:24:00,186,186,186,186,20000
2022-02-07 14:25:00,186,186,186,186,600
2022-02-07 14:26:00,186,186,186,186,100
2022-02-07 14:27:00,186,186,186,186,3400
2022-02-07 14:28:00,185,185,185,185,162300
2022-02-07 14:29:00,185,185,185,185,105000
2022-02-07 14:30:00,185,185,185,185,88700
2022-02-07 14:31:00,185,185,185,185,11500
2022-02-07 14:32:00,185,185,185,185,53700
2022-02-07 14:33:00,185,185,185,185,10000
2022-02-07 14:34:00,185,185,185,185,190000
2022-02-07 14:35:00,186,186,186,186,16000
2022-02-07 14:36:00,186,186,186,186,73600
2022-02-07 14:37:00,186,186,186,186,0
2022-02-07 14:38:00,185,185,185,185,10000
2022-02-07 14:39:00,185,185,185,185,34600
2022-02-07 14:40:00,185,185,185,185,0
2022-02-07 14:41:00,185,185,185,185,15700
2022-02-07 14:42:00,185,185,185,185,0
2022-02-07 14:43:00,185,185,185,185,0
2022-02-07 14:44:00,185,185,185,185,20600
2022-02-07 14:45:00,185,185,185,185,0
2022-02-07 14:46:00,185,185,185,185,100
2022-02-07 14:47:00,185,185,185,185,2000
2022-02-07 14:48:00,186,186,186,186,130000
2022-02-07 14:49:00,185,185,185,185,32900
2022-02-07 14:50:00,185,185,185,185,0
2022-02-07 14:51:00,185,185,185,185,0
2022-02-07 14:52:00,185,185,185,185,0
2022-02-07 14:53:00,185,185,185,185,0
2022-02-07 14:54:00,185,185,185,185,0
2022-02-07 14:55:00,185,185,185,185,0
2022-02-07 14:56:00,185,185,185,185,0
2022-02-07 14:57:00,185,185,185,185,0
2022-02-07 14:58:00,185,185,185,185,0
2022-02-07 14:59:00,185,185,185,185,0
2022-02-07 15:00:00,186,186,186,186,162300
2022-02-07 15:01:00,186,186,186,186,13200
2022-02-07 15:02:00,186,186,186,186,0
2022-02-07 15:03:00,186,186,186,186,0
2022-02-07 15:04:00,186,186,186,186,0
2022-02-07 15:05:00,186,186,186,186,106500
2022-02-07 15:06:00,186,186,186,186,100
2022-02-07 15:07:00,186,186,186,186,20000
2022-02-07 15:08:00,186,186,186,186,0
2022-02-07 15:09:00,186,186,186,186,24000
2022-02-07 15:10:00,186,186,186,186,0
2022-02-07 15:11:00,186,186,186,186,570900
2022-02-07 15:12:00,186,186,186,186,5000
2022-02-07 15:13:00,186,186,186,186,0
2022-02-07 15:14:00,186,186,186,186,100000
2022-02-07 15:15:00,186,186,186,186,0
2022-02-07 15:16:00,186,186,186,186,0
2022-02-07 15:17:00,186,186,186,186,0
2022-02-07 15:18:00,186,186,186,186,0
2022-02-07 15:19:00,186,186,186,186,0
2022-02-07 15:20:00,186,186,186,186,0
2022-02-07 15:21:00,186,186,186,186,0
2022-02-07 15:22:00,186,186,186,186,0
2022-02-07 15:23:00,186,186,186,186,0
2022-02-07 15:24:00,186,186,186,186,0
2022-02-07 15:25:00,186,186,186,186,0
2022-02-07 15:26:00,186,186,186,186,0
2022-02-07 15:27:00,186,186,186,186,0
2022-02-07 15:28:00,186,186,186,186,0
2022-02-07 15:29:00,186,186,186,186,0
2022-02-07 15:30:00,186,186,186,186,0
2022-02-07 15:31:00,186,186,186,186,0
2022-02-07 15:32:00,186,186,186,186,0
2022-02-07 15:33:00,186,186,186,186,0
2022-02-07 15:34:00,186,186,186,186,0
2022-02-07 15:35:00,186,186,186,186,0
2022-02-07 15:36:00,186,186,186,186,0
2022-02-07 15:37:00,186,186,186,186,0
2022-02-07 15:38:00,186,186,186,186,0
2022-02-07 15:39:00,186,186,186,186,0
2022-02-07 15:40:00,186,186,186,186,0
2022-02-07 15:41:00,186,186,186,186,0
2022-02-07 15:42:00,186,186,186,186,0
2022-02-07 15:43:00,186,186,186,186,0
2022-02-07 15:44:00,186,186,186,186,0
2022-02-07 15:45:00,186,186,186,186,0
2022-02-07 15:46:00,186,186,186,186,0
2022-02-07 15:47:00,186,186,186,186,0
2022-02-07 15:48:00,186,186,186,186,0
2022-02-07 15:49:00,186,186,186,186,0
2022-02-07 15:50:00,186,186,186,186,0
2022-02-07 15:51:00,186,186,186,186,0
2022-02-07 15:52:00,186,186,186,186,0
2022-02-07 15:53:00,186,186,186,186,0
2022-02-07 15:54:00,186,186,186,186,0
2022-02-07 15:55:00,186,186,186,186,0
2022-02-07 15:56:00,186,186,186,186,0
2022-02-07 15:57:00,186,186,186,186,0
2022-02-07 15:58:00,186,186,186,186,0
2022-02-07 15:59:00,186,186,186,186,0
2022-02-08 09:00:00,187,187,188,187,0
2022-02-08 09:01:00,187,187,188,188,45100
2022-02-08 09:02:00,187,187,187,187,9600
2022-02-08 09:03:00,187,187,187,187,84400
2022-02-08 09:04:00,187,187,187,187,24500
2022-02-08 09:05:00,187,187,187,187,17500
2022-02-08 09:06:00,187,187,188,188,20000
2022-02-08 09:07:00,187,187,187,187,30500
2022-02-08 09:08:00,187,187,187,187,37500
2022-02-08 09:09:00,188,187,188,187,13800
2022-02-08 09:10:00,187,187,187,187,18200
2022-02-08 09:11:00,187,187,187,187,0
2022-02-08 09:12:00,187,187,187,187,3300
2022-02-08 09:13:00,187,187,187,187,0
2022-02-08 09:14:00,187,187,187,187,100
2022-02-08 09:15:00,187,187,187,187,4400
2022-02-08 09:16:00,186,186,186,186,1000
2022-02-08 09:17:00,187,187,187,187,100
2022-02-08 09:18:00,187,187,187,187,42300
2022-02-08 09:19:00,188,188,188,188,20000
2022-02-08 09:20:00,187,187,187,187,100
2022-02-08 09:21:00,188,188,188,188,50000
2022-02-08 09:22:00,188,188,188,188,0
2022-02-08 09:23:00,188,188,188,188,1100
2022-02-08 09:24:00,188,188,188,188,38300
2022-02-08 09:25:00,188,187,188,187,26600
2022-02-08 09:26:00,187,187,187,187,5000
2022-02-08 09:27:00,187,187,187,187,1800
2022-02-08 09:28:00,187,187,187,187,300000
2022-02-08 09:29:00,187,187,187,187,468200
2022-02-08 09:30:00,187,187,187,187,18100
2022-02-08 09:31:00,187,187,187,187,52400
2022-02-08 09:32:00,187,187,187,187,0
2022-02-08 09:33:00,186,186,186,186,11000
2022-02-08 09:34:00,186,186,186,186,10000
2022-02-08 09:35:00,186,186,187,187,9300
2022-02-08 09:36:00,186,186,187,187,352100
2022-02-08 09:37:00,187,187,187,187,44500
2022-02-08 09:38:00,187,186,187,186,86500
2022-02-08 09:39:00,186,186,186,186,10400
2022-02-08 09:40:00,186,186,186,186,13800
2022-02-08 09:41:00,186,186,186,186,5500
2022-02-08 09:42:00,186,186,187,187,5100
2022-02-08 09:43:00,187,187,187,187,1000
2022-02-08 09:44:00,187,187,187,187,0
2022-02-08 09:45:00,186,186,186,186,65300
2022-02-08 09:46:00,186,186,186,186,30000
2022-02-08 09:47:00,186,186,186,186,0
2022-02-08 09:48:00,186,184,186,184,144900
2022-02-08 09:49:00,185,185,185,185,30000
2022-02-08 09:50:00,185,185,185,185,100000
2022-02-08 09:51:00,186,186,186,186,3500
2022-02-08 09:52:00,186,186,186,186,200
2022-02-08 09:53:00,186,186,186,186,0
2022-02-08 09:54:00,186,186,186,186,1500
2022-02-08 09:55:00,185,185,185,185,100
2022-02-08 09:56:00,185,185,185,185,6000
2022-02-08 09:57:00,186,186,186,186,400
2022-02-08 09:58:00,186,186,186,186,2600
2022-02-08 09:59:00,186,185,186,185,200
2022-02-08 10:00:00,185,185,185,185,45400
2022-02-08 10:01:00,185,185,185,185,15000
2022-02-08 10:02:00,185,185,185,185,9400
2022-02-08 10:03:00,185,185,185,185,600
2022-02-08 10:04:00,185,185,185,185,900
2022-02-08 10:05:00,185,185,185,185,0
2022-02-08 10:06:00,185,185,185,185,400
2022-02-08 10:07:00,185,185,185,185,0
2022-02-08 10:08:00,185,185,185,185,7000
2022-02-08 10:09:00,185,185,185,185,0
2022-02-08 10:10:00,185,185,185,185,1500
2022-02-08 10:11:00,185,185,185,185,300
2022-02-08 10:12:00,185,185,185,185,5000
2022-02-08 10:13:00,186,185,186,185,600
2022-02-08 10:14:00,186,185,186,185,0
2022-02-08 10:15:00,185,185,185,185,5000
2022-02-08 10:16:00,185,184,185,184,403100
2022-02-08 10:17:00,184,184,185,185,14100
2022-02-08 10:18:00,185,185,185,185,2300
2022-02-08 10:19:00,185,185,185,185,0
2022-02-08 10:20:00,184,184,184,184,100
2022-02-08 10:21:00,184,184,184,184,35000
2022-02-08 10:22:00,184,184,184,184,0
2022-02-08 10:23:00,184,184,184,184,400
2022-02-08 10:24:00,184,184,184,184,0
2022-02-08 10:25:00,184,184,184,184,1900
2022-02-08 10:26:00,185,185,185,185,500
2022-02-08 10:27:00,185,185,185,185,0
2022-02-08 10:28:00,184,184,184,184,22500
2022-02-08 10:29:00,185,185,185,185,500
2022-02-08 10:30:00,185,185,185,185,0
2022-02-08 10:31:00,185,185,185,185,0
2022-02-08 10:32:00,184,184,184,184,3000
2022-02-08 10:33:00,184,184,184,184,69200
2022-02-08 10:34:00,184,184,184,184,0
2022-02-08 10:35:00,184,184,184,184,0
2022-02-08 10:36:00,184,184,184,184,15000
2022-02-08 10:37:00,184,184,184,184,70000
2022-02-08 10:38:00,184,184,184,184,6500
2022-02-08 10:39:00,184,184,184,184,51900
2022-02-08 10:40:00,184,184,184,184,6000
2022-02-08 10:41:00,184,184,184,184,0
2022-02-08 10:42:00,184,184,184,184,5500
2022-02-08 10:43:00,184,184,184,184,7000
2022-02-08 10:44:00,184,184,184,184,0
2022-02-08 10:45:00,184,184,184,184,0
2022-02-08 10:46:00,184,183,184,183,166000
2022-02-08 10:47:00,185,184,185,184,200
2022-02-08 10:48:00,184,184,184,184,36200
2022-02-08 10:49:00,184,184,184,184,118800
2022-02-08 10:50:00,184,184,184,184,1000
2022-02-08 10:51:00,184,184,184,184,0
2022-02-08 10:52:00,184,184,184,184,0
2022-02-08 10:53:00,184,184,184,184,0
2022-02-08 10:54:00,184,184,184,184,4300
2022-02-08 10:55:00,184,184,184,184,60600
2022-02-08 10:56:00,184,184,184,184,6500
2022-02-08 10:57:00,184,184,184,184,4300
2022-02-08 10:58:00,184,184,184,184,1500
2022-02-08 10:59:00,183,183,183,183,3000
2022-02-08 11:00:00,183,183,183,183,509800
2022-02-08 11:01:00,184,184,184,184,2000
2022-02-08 11:02:00,184,184,184,184,400
2022-02-08 11:03:00,184,184,184,184,50200
2022-02-08 11:04:00,184,184,184,184,300
2022-02-08 11:05:00,184,184,184,184,700
2022-02-08 11:06:00,184,184,184,184,8800
2022-02-08 11:07:00,184,184,184,184,500
2022-02-08 11:08:00,184,184,184,184,1000
2022-02-08 11:09:00,184,184,184,184,35800
2022-02-08 11:10:00,184,184,184,184,0
2022-02-08 11:11:00,184,184,184,184,23200
2022-02-08 11:12:00,184,184,184,184,199000
2022-02-08 11:13:00,184,184,184,184,0
2022-02-08 11:14:00,184,184,185,185,12600
2022-02-08 11:15:00,184,184,185,185,0
2022-02-08 11:16:00,185,185,185,185,10000
2022-02-08 11:17:00,185,185,185,185,0
2022-02-08 11:18:00,185,185,185,185,0
2022-02-08 11:19:00,185,184,185,185,5700
2022-02-08 11:20:00,185,184,185,185,0
2022-02-08 11:21:00,185,185,185,185,300
2022-02-08 11:22:00,184,184,185,185,6500
2022-02-08 11:23:00,185,185,185,185,700
2022-02-08 11:24:00,185,184,185,185,5500
2022-02-08 11:25:00,185,185,185,185,300
2022-02-08 11:26:00,185,184,185,184,244600
2022-02-08 11:27:00,185,184,185,184,0
2022-02-08 11:28:00,185,184,185,184,0
2022-02-08 11:29:00,184,184,184,184,16000
2022-02-08 11:30:00,184,184,184,184,0
2022-02-08 11:31:00,184,184,184,184,0
2022-02-08 11:32:00,184,184,184,184,0
2022-02-08 11:33:00,184,184,184,184,0
2022-02-08 11:34:00,184,184,184,184,0
2022-02-08 11:35:00,184,184,184,184,0
2022-02-08 11:36:00,184,184,184,184,0
2022-02-08 11:37:00,184,184,184,184,0
2022-02-08 11:38:00,184,184,184,184,0
2022-02-08 11:39:00,184,184,184,184,0
2022-02-08 11:40:00,184,184,184,184,0
2022-02-08 11:41:00,184,184,184,184,0
2022-02-08 11:42:00,184,184,184,184,0
2022-02-08 11:43:00,184,184,184,184,0
2022-02-08 11:44:00,184,184,184,184,0
2022-02-08 11:45:00,184,184,184,184,0
2022-02-08 11:46:00,184,184,184,184,0
2022-02-08 11:47:00,184,184,184,184,0
2022-02-08 11:48:00,184,184,184,184,0
2022-02-08 11:49:00,184,184,184,184,0
2022-02-08 11:50:00,184,184,184,184,0
2022-02-08 11:51:00,184,184,184,184,0
2022-02-08 11:52:00,184,184,184,184,0
2022-02-08 11:53:00,184,184,184,184,0
2022-02-08 11:54:00,184,184,184,184,0
2022-02-08 11:55:00,184,184,184,184,0
2022-02-08 11:56:00,184,184,184,184,0
2022-02-08 11:57:00,184,184,184,184,0
2022-02-08 11:58:00,184,184,184,184,0
2022-02-08 11:59:00,184,184,184,184,0
2022-02-08 12:00:00,184,184,184,184,0
2022-02-08 12:01:00,184,184,184,184,0
2022-02-08 12:02:00,184,184,184,184,0
2022-02-08 12:03:00,184,184,184,184,0
2022-02-08 12:04:00,184,184,184,184,0
2022-02-08 12:05:00,184,184,184,184,0
2022-02-08 12:06:00,184,184,184,184,0
2022-02-08 12:07:00,184,184,184,184,0
2022-02-08 12:08:00,184,184,184,184,0
2022-02-08 12:09:00,184,184,184,184,0
2022-02-08 12:10:00,184,184,184,184,0
2022-02-08 12:11:00,184,184,184,184,0
2022-02-08 12:12:00,184,184,184,184,0
2022-02-08 12:13:00,184,184,184,184,0
2022-02-08 12:14:00,184,184,184,184,0
2022-02-08 12:15:00,184,184,184,184,0
2022-02-08 12:16:00,184,184,184,184,0
2022-02-08 12:17:00,184,184,184,184,0
2022-02-08 12:18:00,184,184,184,184,0
2022-02-08 12:19:00,184,184,184,184,0
2022-02-08 12:20:00,184,184,184,184,0
2022-02-08 12:21:00,184,184,184,184,0
2022-02-08 12:22:00,184,184,184,184,0
2022-02-08 12:23:00,184,184,184,184,0
2022-02-08 12:24:00,184,184,184,184,0
2022-02-08 12:25:00,184,184,184,184,0
2022-02-08 12:26:00,184,184,184,184,0
2022-02-08 12:27:00,184,184,184,184,0
2022-02-08 12:28:00,184,184,184,184,0
2022-02-08 12:29:00,184,184,184,184,0
2022-02-08 12:30:00,184,184,184,184,0
2022-02-08 12:31:00,184,184,184,184,0
2022-02-08 12:32:00,184,184,184,184,0
2022-02-08 12:33:00,184,184,184,184,0
2022-02-08 12:34:00,184,184,184,184,0
2022-02-08 12:35:00,184,184,184,184,0
2022-02-08 12:36:00,184,184,184,184,0
2022-02-08 12:37:00,184,184,184,184,0
2022-02-08 12:38:00,184,184,184,184,0
2022-02-08 12:39:00,184,184,184,184,0
2022-02-08 12:40:00,184,184,184,184,0
2022-02-08 12:41:00,184,184,184,184,0
2022-02-08 12:42:00,184,184,184,184,0
2022-02-08 12:43:00,184,184,184,184,0
2022-02-08 12:44:00,184,184,184,184,0
2022-02-08 12:45:00,184,184,184,184,0
2022-02-08 12:46:00,184,184,184,184,0
2022-02-08 12:47:00,184,184,184,184,0
2022-02-08 12:48:00,184,184,184,184,0
2022-02-08 12:49:00,184,184,184,184,0
2022-02-08 12:50:00,184,184,184,184,0
2022-02-08 12:51:00,184,184,184,184,0
2022-02-08 12:52:00,184,184,184,184,0
2022-02-08 12:53:00,184,184,184,184,0
2022-02-08 12:54:00,184,184,184,184,0
2022-02-08 12:55:00,184,184,184,184,0
2022-02-08 12:56:00,184,184,184,184,0
2022-02-08 12:57:00,184,184,184,184,0
2022-02-08 12:58:00,184,184,184,184,0
2022-02-08 12:59:00,184,184,184,184,0
2022-02-08 13:00:00,184,184,184,184,0
2022-02-08 13:01:00,184,184,184,184,0
2022-02-08 13:02:00,184,184,184,184,0
2022-02-08 13:03:00,184,184,184,184,0
2022-02-08 13:04:00,184,184,184,184,0
2022-02-08 13:05:00,184,184,184,184,0
2022-02-08 13:06:00,184,184,184,184,0
2022-02-08 13:07:00,184,184,184,184,0
2022-02-08 13:08:00,184,184,184,184,0
2022-02-08 13:09:00,184,184,184,184,0
2022-02-08 13:10:00,184,184,184,184,0
2022-02-08 13:11:00,184,184,184,184,0
2022-02-08 13:12:00,184,184,184,184,0
2022-02-08 13:13:00,184,184,184,184,0
2022-02-08 13:14:00,184,184,184,184,0
2022-02-08 13:15:00,184,184,184,184,0
2022-02-08 13:16:00,184,184,184,184,0
2022-02-08 13:17:00,184,184,184,184,0
2022-02-08 13:18:00,184,184,184,184,0
2022-02-08 13:19:00,184,184,184,184,0
2022-02-08 13:20:00,184,184,184,184,0
2022-02-08 13:21:00,184,184,184,184,0
2022-02-08 13:22:00,184,184,184,184,0
2022-02-08 13:23:00,184,184,184,184,0
2022-02-08 13:24:00,184,184,184,184,0
2022-02-08 13:25:00,184,184,184,184,0
2022-02-08 13:26:00,184,184,184,184,0
2022-02-08 13:27:00,184,184,184,184,0
2022-02-08 13:28:00,184,184,184,184,0
2022-02-08 13:29:00,184,184,184,184,0
2022-02-08 13:30:00,184,184,185,185,45700
2022-02-08 13:31:00,184,184,184,184,36000
2022-02-08 13:32:00,184,184,184,184,0
2022-02-08 13:33:00,184,184,184,184,55000
2022-02-08 13:34:00,184,184,184,184,0
2022-02-08 13:35:00,184,184,184,184,0
2022-02-08 13:36:00,185,185,185,185,10000
2022-02-08 13:37:00,185,185,185,185,0
2022-02-08 13:38:00,185,185,185,185,0
2022-02-08 13:39:00,185,185,185,185,0
2022-02-08 13:40:00,185,185,185,185,0
2022-02-08 13:41:00,184,184,184,184,21700
2022-02-08 13:42:00,184,184,184,184,15000
2022-02-08 13:43:00,184,184,184,184,1000
2022-02-08 13:44:00,184,184,184,184,5100
2022-02-08 13:45:00,184,184,184,184,0
2022-02-08 13:46:00,184,184,184,184,0
2022-02-08 13:47:00,184,184,184,184,0
2022-02-08 13:48:00,184,184,184,184,0
2022-02-08 13:49:00,184,184,184,184,40000
2022-02-08 13:50:00,184,184,184,184,20000
2022-02-08 13:51:00,184,184,184,184,17000
2022-02-08 13:52:00,184,184,184,184,100
2022-02-08 13:53:00,184,184,184,184,0
2022-02-08 13:54:00,184,184,184,184,0
2022-02-08 13:55:00,184,184,184,184,58300
2022-02-08 13:56:00,184,184,184,184,300
2022-02-08 13:57:00,184,184,184,184,0
2022-02-08 13:58:00,184,184,184,184,0
2022-02-08 13:59:00,184,184,184,184,61300
2022-02-08 14:00:00,184,184,184,184,0
2022-02-08 14:01:00,184,183,184,184,6000
2022-02-08 14:02:00,184,183,184,184,0
2022-02-08 14:03:00,184,183,184,184,0
2022-02-08 14:04:00,183,183,183,183,100
2022-02-08 14:05:00,183,183,183,183,0
2022-02-08 14:06:00,183,183,183,183,250000
2022-02-08 14:07:00,183,183,184,184,60400
2022-02-08 14:08:00,183,183,183,183,100
2022-02-08 14:09:00,183,183,183,183,50000
2022-02-08 14:10:00,184,184,184,184,600
2022-02-08 14:11:00,184,183,184,183,20600
2022-02-08 14:12:00,184,183,184,183,0
2022-02-08 14:13:00,184,183,184,183,0
2022-02-08 14:14:00,184,184,184,184,600
2022-02-08 14:15:00,184,184,184,184,1100
2022-02-08 14:16:00,184,184,184,184,100
2022-02-08 14:17:00,184,184,184,184,0
2022-02-08 14:18:00,183,183,183,183,100
2022-02-08 14:19:00,184,184,184,184,300
2022-02-08 14:20:00,184,184,184,184,20000
2022-02-08 14:21:00,184,184,184,184,0
2022-02-08 14:22:00,183,183,184,184,145100
2022-02-08 14:23:00,184,183,184,183,5100
2022-02-08 14:24:00,184,184,184,184,5000
2022-02-08 14:25:00,184,184,184,184,11500
2022-02-08 14:26:00,183,183,183,183,5500
2022-02-08 14:27:00,183,183,183,183,56400
2022-02-08 14:28:00,183,183,183,183,221300
2022-02-08 14:29:00,183,182,183,182,541300
2022-02-08 14:30:00,182,182,182,182,2900
2022-02-08 14:31:00,182,182,183,183,7200
2022-02-08 14:32:00,183,183,183,183,20600
2022-02-08 14:33:00,183,183,183,183,5500
2022-02-08 14:34:00,183,183,183,183,1100
2022-02-08 14:35:00,183,183,183,183,2900
2022-02-08 14:36:00,183,183,183,183,1200
2022-02-08 14:37:00,183,182,183,182,9400
2022-02-08 14:38:00,182,182,182,182,138000
2022-02-08 14:39:00,182,182,182,182,0
2022-02-08 14:40:00,182,182,182,182,0
2022-02-08 14:41:00,183,183,183,183,6300
2022-02-08 14:42:00,183,183,183,183,0
2022-02-08 14:43:00,183,183,183,183,0
2022-02-08 14:44:00,183,183,183,183,0
2022-02-08 14:45:00,183,183,183,183,0
2022-02-08 14:46:00,183,183,183,183,4200
2022-02-08 14:47:00,183,183,183,183,2000
2022-02-08 14:48:00,182,182,182,182,30100
2022-02-08 14:49:00,182,182,182,182,30200
2022-02-08 14:50:00,182,182,182,182,0
2022-02-08 14:51:00,182,182,182,182,0
2022-02-08 14:52:00,182,182,182,182,0
2022-02-08 14:53:00,182,182,182,182,0
2022-02-08 14:54:00,182,182,182,182,0
2022-02-08 14:55:00,182,182,182,182,0
2022-02-08 14:56:00,182,182,182,182,0
2022-02-08 14:57:00,182,182,182,182,0
2022-02-08 14:58:00,182,182,182,182,0
2022-02-08 14:59:00,182,182,182,182,0
2022-02-08 15:00:00,181,181,181,181,206600
2022-02-08 15:01:00,181,181,181,181,645300
2022-02-08 15:02:00,181,181,181,181,44300
2022-02-08 15:03:00,181,181,181,181,118400
2022-02-08 15:04:00,181,181,181,181,100
2022-02-08 15:05:00,181,181,181,181,0
2022-02-08 15:06:00,181,181,181,181,32500
2022-02-08 15:07:00,181,181,181,181,8500
2022-02-08 15:08:00,181,181,181,181,2500
2022-02-08 15:09:00,181,181,181,181,0
2022-02-08 15:10:00,181,181,181,181,0
2022-02-08 15:11:00,181,181,181,181,27500
2022-02-08 15:12:00,181,181,181,181,0
2022-02-08 15:13:00,181,181,181,181,0
2022-02-08 15:14:00,181,181,181,181,0
2022-02-08 15:15:00,181,181,181,181,0
2022-02-08 15:16:00,181,181,181,181,0
2022-02-08 15:17:00,181,181,181,181,0
2022-02-08 15:18:00,181,181,181,181,0
2022-02-08 15:19:00,181,181,181,181,0
2022-02-08 15:20:00,181,181,181,181,0
2022-02-08 15:21:00,181,181,181,181,0
2022-02-08 15:22:00,181,181,181,181,0
2022-02-08 15:23:00,181,181,181,181,0
2022-02-08 15:24:00,181,181,181,181,0
2022-02-08 15:25:00,181,181,181,181,0
2022-02-08 15:26:00,181,181,181,181,0
2022-02-08 15:27:00,181,181,181,181,0
2022-02-08 15:28:00,181,181,181,181,0
2022-02-08 15:29:00,181,181,181,181,0
2022-02-08 15:30:00,181,181,181,181,0
2022-02-08 15:31:00,181,181,181,181,0
2022-02-08 15:32:00,181,181,181,181,0
2022-02-08 15:33:00,181,181,181,181,0
2022-02-08 15:34:00,181,181,181,181,0
2022-02-08 15:35:00,181,181,181,181,0
2022-02-08 15:36:00,181,181,181,181,0
2022-02-08 15:37:00,181,181,181,181,0
2022-02-08 15:38:00,181,181,181,181,0
2022-02-08 15:39:00,181,181,181,181,0
2022-02-08 15:40:00,181,181,181,181,0
2022-02-08 15:41:00,181,181,181,181,0
2022-02-08 15:42:00,181,181,181,181,0
2022-02-08 15:43:00,181,181,181,181,0
2022-02-08 15:44:00,181,181,181,181,0
2022-02-08 15:45:00,181,181,181,181,0
2022-02-08 15:46:00,181,181,181,181,0
2022-02-08 15:47:00,181,181,181,181,0
2022-02-08 15:48:00,181,181,181,181,0
2022-02-08 15:49:00,181,181,181,181,0
2022-02-08 15:50:00,181,181,181,181,0
2022-02-08 15:51:00,181,181,181,181,0
2022-02-08 15:52:00,181,181,181,181,0
2022-02-08 15:53:00,181,181,181,181,0
2022-02-08 15:54:00,181,181,181,181,0
2022-02-08 15:55:00,181,181,181,181,0
2022-02-08 15:56:00,181,181,181,181,0
2022-02-08 15:57:00,181,181,181,181,0
2022-02-08 15:58:00,181,181,181,181,0
2022-02-08 15:59:00,181,181,181,181,0
2022-02-09 09:00:00,182,181,182,182,0
2022-02-09 09:01:00,182,181,182,182,0
2022-02-09 09:02:00,183,183,184,183,8500
2022-02-09 09:03:00,183,183,183,183,20100
2022-02-09 09:04:00,184,184,184,184,300
2022-02-09 09:05:00,184,184,184,184,0
2022-02-09 09:06:00,184,184,184,184,10000
2022-02-09 09:07:00,184,184,184,184,0
2022-02-09 09:08:00,183,183,183,183,143200
2022-02-09 09:09:00,182,182,183,182,93700
2022-02-09 09:10:00,182,182,182,182,6000
2022-02-09 09:11:00,182,182,182,182,0
2022-02-09 09:12:00,182,182,182,182,0
2022-02-09 09:13:00,182,182,182,182,0
2022-02-09 09:14:00,182,182,182,182,0
2022-02-09 09:15:00,183,183,183,183,3600
2022-02-09 09:16:00,183,183,183,183,0
2022-02-09 09:17:00,183,183,183,183,11000
2022-02-09 09:18:00,183,183,183,183,221500
2022-02-09 09:19:00,183,183,183,183,45400
2022-02-09 09:20:00,182,182,183,183,25700
2022-02-09 09:21:00,182,182,183,183,0
2022-02-09 09:22:00,182,182,182,182,1000
2022-02-09 09:23:00,183,183,183,183,1500
2022-02-09 09:24:00,183,183,183,183,0
2022-02-09 09:25:00,183,183,183,183,1000
2022-02-09 09:26:00,183,183,183,183,0
2022-02-09 09:27:00,183,183,183,183,0
2022-02-09 09:28:00,183,183,183,183,0
2022-02-09 09:29:00,183,183,183,183,600
2022-02-09 09:30:00,182,182,182,182,100
2022-02-09 09:31:00,182,182,182,182,200
2022-02-09 09:32:00,183,183,183,183,1900
2022-02-09 09:33:00,182,182,182,182,2600
2022-02-09 09:34:00,182,182,182,182,2100
2022-02-09 09:35:00,182,182,182,182,0
2022-02-09 09:36:00,182,182,182,182,101000
2022-02-09 09:37:00,182,182,182,182,5000
2022-02-09 09:38:00,182,182,182,182,0
2022-02-09 09:39:00,182,182,182,182,0
2022-02-09 09:40:00,182,182,182,182,0
2022-02-09 09:41:00,182,182,182,182,40200
2022-02-09 09:42:00,182,182,183,183,800
2022-02-09 09:43:00,182,182,183,183,0
2022-02-09 09:44:00,182,182,183,183,0
2022-02-09 09:45:00,182,182,183,183,0
2022-02-09 09:46:00,182,182,183,183,0
2022-02-09 09:47:00,182,182,183,183,0
2022-02-09 09:48:00,182,182,183,183,0
2022-02-09 09:49:00,182,182,183,183,0
2022-02-09 09:50:00,182,182,182,182,6900
2022-02-09 09:51:00,182,182,182,182,6300
2022-02-09 09:52:00,182,182,182,182,0
2022-02-09 09:53:00,182,182,182,182,0
2022-02-09 09:54:00,182,182,182,182,16500
2022-02-09 09:55:00,182,182,182,182,0
2022-02-09 09:56:00,182,182,182,182,0
2022-02-09 09:57:00,182,182,182,182,0
2022-02-09 09:58:00,182,182,182,182,60000
2022-02-09 09:59:00,182,182,183,182,36500
2022-02-09 10:00:00,183,183,183,183,5000
2022-02-09 10:01:00,182,182,182,182,25000
2022-02-09 10:02:00,182,182,182,182,0
2022-02-09 10:03:00,182,182,182,182,0
2022-02-09 10:04:00,182,182,182,182,0
2022-02-09 10:05:00,182,182,182,182,27500
2022-02-09 10:06:00,182,182,182,182,5000
2022-02-09 10:07:00,182,182,182,182,0
2022-02-09 10:08:00,182,182,182,182,0
2022-02-09 10:09:00,182,182,182,182,0
2022-02-09 10:10:00,182,182,182,182,0
2022-02-09 10:11:00,182,182,182,182,20000
2022-02-09 10:12:00,182,182,182,182,0
2022-02-09 10:13:00,182,182,182,182,10400
2022-02-09 10:14:00,182,182,182,182,0
2022-02-09 10:15:00,182,182,182,182,0
2022-02-09 10:16:00,182,182,182,182,0
2022-02-09 10:17:00,182,182,182,182,0
2022-02-09 10:18:00,182,182,182,182,5000
2022-02-09 10:19:00,182,182,182,182,0
2022-02-09 10:20:00,182,182,182,182,0
2022-02-09 10:21:00,182,182,182,182,0
2022-02-09 10:22:00,182,182,182,182,0
2022-02-09 10:23:00,183,182,183,182,20200
2022-02-09 10:24:00,183,182,183,182,0
2022-02-09 10:25:00,183,182,183,182,0
2022-02-09 10:26:00,183,182,183,182,0
2022-02-09 10:27:00,182,182,182,182,10000
2022-02-09 10:28:00,182,182,182,182,0
2022-02-09 10:29:00,182,182,182,182,45000
2022-02-09 10:30:00,183,183,183,183,300
2022-02-09 10:31:00,183,183,183,183,0
2022-02-09 10:32:00,182,182,182,182,15400
2022-02-09 10:33:00,182,182,182,182,0
2022-02-09 10:34:00,182,182,182,182,0
2022-02-09 10:35:00,182,182,182,182,0
2022-02-09 10:36:00,182,182,182,182,0
2022-02-09 10:37:00,183,183,183,183,5000
2022-02-09 10:38:00,183,183,183,183,0
2022-02-09 10:39:00,183,183,183,183,27300
2022-02-09 10:40:00,183,183,183,183,0
2022-02-09 10:41:00,183,183,183,183,0
2022-02-09 10:42:00,183,183,183,183,0
2022-02-09 10:43:00,183,183,183,183,0
2022-02-09 10:44:00,183,183,183,183,0
2022-02-09 10:45:00,183,183,183,183,0
2022-02-09 10:46:00,183,183,183,183,0
2022-02-09 10:47:00,183,183,183,183,0
2022-02-09 10:48:00,183,183,183,183,0
2022-02-09 10:49:00,183,183,183,183,0
2022-02-09 10:50:00,183,183,183,183,0
2022-02-09 10:51:00,183,183,183,183,0
2022-02-09 10:52:00,183,183,183,183,0
2022-02-09 10:53:00,183,183,183,183,0
2022-02-09 10:54:00,183,183,183,183,500
2022-02-09 10:55:00,183,183,183,183,0
2022-02-09 10:56:00,183,183,183,183,0
2022-02-09 10:57:00,183,183,183,183,0
2022-02-09 10:58:00,183,183,183,183,0
2022-02-09 10:59:00,183,183,183,183,0
2022-02-09 11:00:00,183,183,183,183,0
2022-02-09 11:01:00,183,183,183,183,0
2022-02-09 11:02:00,183,183,183,183,0
2022-02-09 11:03:00,183,183,183,183,0
2022-02-09 11:04:00,182,182,182,182,25000
2022-02-09 11:05:00,182,182,182,182,0
2022-02-09 11:06:00,182,182,182,182,0
2022-02-09 11:07:00,182,182,182,182,2000
2022-02-09 11:08:00,182,182,182,182,0
2022-02-09 11:09:00,182,182,182,182,2500
2022-02-09 11:10:00,182,182,182,182,0
2022-02-09 11:11:00,182,182,182,182,0
2022-02-09 11:12:00,182,182,182,182,0
2022-02-09 11:13:00,182,182,182,182,50000
2022-02-09 11:14:00,182,182,182,182,2700
2022-02-09 11:15:00,182,182,182,182,600
2022-02-09 11:16:00,182,182,182,182,0
2022-02-09 11:17:00,182,182,182,182,0
2022-02-09 11:18:00,182,182,182,182,0
2022-02-09 11:19:00,183,183,183,183,100
2022-02-09 11:20:00,183,183,183,183,0
2022-02-09 11:21:00,183,183,183,183,0
2022-02-09 11:22:00,183,183,183,183,0
2022-02-09 11:23:00,183,183,183,183,0
2022-02-09 11:24:00,183,183,183,183,0
2022-02-09 11:25:00,183,183,183,183,0
2022-02-09 11:26:00,183,183,183,183,0
2022-02-09 11:27:00,183,183,183,183,0
2022-02-09 11:28:00,183,183,183,183,0
2022-02-09 11:29:00,183,183,183,183,0
2022-02-09 11:30:00,183,183,183,183,0
2022-02-09 11:31:00,183,183,183,183,0
2022-02-09 11:32:00,183,183,183,183,0
2022-02-09 11:33:00,183,183,183,183,0
2022-02-09 11:34:00,183,183,183,183,0
2022-02-09 11:35:00,183,183,183,183,0
2022-02-09 11:36:00,183,183,183,183,0
2022-02-09 11:37:00,183,183,183,183,0
2022-02-09 11:38:00,183,183,183,183,0
2022-02-09 11:39:00,183,183,183,183,0
2022-02-09 11:40:00,183,183,183,183,0
2022-02-09 11:41:00,183,183,183,183,0
2022-02-09 11:42:00,183,183,183,183,0
2022-02-09 11:43:00,183,183,183,183,0
2022-02-09 11:44:00,183,183,183,183,0
2022-02-09 11:45:00,183,183,183,183,0
2022-02-09 11:46:00,183,183,183,183,0
2022-02-09 11:47:00,183,183,183,183,0
2022-02-09 11:48:00,183,183,183,183,0
2022-02-09 11:49:00,183,183,183,183,0
2022-02-09 11:50:00,183,183,183,183,0
2022-02-09 11:51:00,183,183,183,183,0
2022-02-09 11:52:00,183,183,183,183,0
2022-02-09 11:53:00,183,183,183,183,0
2022-02-09 11:54:00,183,183,183,183,0
2022-02-09 11:55:00,183,183,183,183,0
2022-02-09 11:56:00,183,183,183,183,0
2022-02-09 11:57:00,183,183,183,183,0
2022-02-09 11:58:00,183,183,183,183,0
2022-02-09 11:59:00,183,183,183,183,0
2022-02-09 12:00:00,183,183,183,183,0
2022-02-09 12:01:00,183,183,183,183,0
2022-02-09 12:02:00,183,183,183,183,0
2022-02-09 12:03:00,183,183,183,183,0
2022-02-09 12:04:00,183,183,183,183,0
2022-02-09 12:05:00,183,183,183,183,0
2022-02-09 12:06:00,183,183,183,183,0
2022-02-09 12:07:00,183,183,183,183,0
2022-02-09 12:08:00,183,183,183,183,0
2022-02-09 12:09:00,183,183,183,183,0
2022-02-09 12:10:00,183,183,183,183,0
2022-02-09 12:11:00,183,183,183,183,0
2022-02-09 12:12:00,183,183,183,183,0
2022-02-09 12:13:00,183,183,183,183,0
2022-02-09 12:14:00,183,183,183,183,0
2022-02-09 12:15:00,183,183,183,183,0
2022-02-09 12:16:00,183,183,183,183,0
2022-02-09 12:17:00,183,183,183,183,0
2022-02-09 12:18:00,183,183,183,183,0
2022-02-09 12:19:00,183,183,183,183,0
2022-02-09 12:20:00,183,183,183,183,0
2022-02-09 12:21:00,183,183,183,183,0
2022-02-09 12:22:00,183,183,183,183,0
2022-02-09 12:23:00,183,183,183,183,0
2022-02-09 12:24:00,183,183,183,183,0
2022-02-09 12:25:00,183,183,183,183,0
2022-02-09 12:26:00,183,183,183,183,0
2022-02-09 12:27:00,183,183,183,183,0
2022-02-09 12:28:00,183,183,183,183,0
2022-02-09 12:29:00,183,183,183,183,0
2022-02-09 12:30:00,183,183,183,183,0
2022-02-09 12:31:00,183,183,183,183,0
2022-02-09 12:32:00,183,183,183,183,0
2022-02-09 12:33:00,183,183,183,183,0
2022-02-09 12:34:00,183,183,183,183,0
2022-02-09 12:35:00,183,183,183,183,0
2022-02-09 12:36:00,183,183,183,183,0
2022-02-09 12:37:00,183,183,183,183,0
2022-02-09 12:38:00,183,183,183,183,0
2022-02-09 12:39:00,183,183,183,183,0
2022-02-09 12:40:00,183,183,183,183,0
2022-02-09 12:41:00,183,183,183,183,0
2022-02-09 12:42:00,183,183,183,183,0
2022-02-09 12:43:00,183,183,183,183,0
2022-02-09 12:44:00,183,183,183,183,0
2022-02-09 12:45:00,183,183,183,183,0
2022-02-09 12:46:00,183,183,183,183,0
2022-02-09 12:47:00,183,183,183,183,0
2022-02-09 12:48:00,183,183,183,183,0
2022-02-09 12:49:00,183,183,183,183,0
2022-02-09 12:50:00,183,183,183,183,0
2022-02-09 12:51:00,183,183,183,183,0
2022-02-09 12:52:00,183,183,183,183,0
2022-02-09 12:53:00,183,183,183,183,0
2022-02-09 12:54:00,183,183,183,183,0
2022-02-09 12:55:00,183,183,183,183,0
2022-02-09 12:56:00,183,183,183,183,0
2022-02-09 12:57:00,183,183,183,183,0
2022-02-09 12:58:00,183,183,183,183,0
2022-02-09 12:59:00,183,183,183,183,0
2022-02-09 13:00:00,183,183,183,183,0
2022-02-09 13:01:00,183,183,183,183,0
2022-02-09 13:02:00,183,183,183,183,0
2022-02-09 13:03:00,183,183,183,183,0
2022-02-09 13:04:00,183,183,183,183,0
2022-02-09 13:05:00,183,183,183,183,0
2022-02-09 13:06:00,183,183,183,183,0
2022-02-09 13:07:00,183,183,183,183,0
2022-02-09 13:08:00,183,183,183,183,0
2022-02-09 13:09:00,183,183,183,183,0
2022-02-09 13:10:00,183,183,183,183,0
2022-02-09 13:11:00,183,183,183,183,0
2022-02-09 13:12:00,183,183,183,183,0
2022-02-09 13:13:00,183,183,183,183,0
2022-02-09 13:14:00,183,183,183,183,0
2022-02-09 13:15:00,183,183,183,183,0
2022-02-09 13:16:00,183,183,183,183,0
2022-02-09 13:17:00,183,183,183,183,0
2022-02-09 13:18:00,183,183,183,183,0
2022-02-09 13:19:00,183,183,183,183,0
2022-02-09 13:20:00,183,183,183,183,0
2022-02-09 13:21:00,183,183,183,183,0
2022-02-09 13:22:00,183,183,183,183,0
2022-02-09 13:23:00,183,183,183,183,0
2022-02-09 13:24:00,183,183,183,183,0
2022-02-09 13:25:00,183,183,183,183,0
2022-02-09 13:26:00,183,183,183,183,0
2022-02-09 13:27:00,183,183,183,183,0
2022-02-09 13:28:00,183,183,183,183,0
2022-02-09 13:29:00,183,183,183,183,0
2022-02-09 13:30:00,183,182,183,183,19500
2022-02-09 13:31:00,182,182,182,182,5000
2022-02-09 13:32:00,182,182,182,182,15000
2022-02-09 13:33:00,182,182,182,182,0
2022-02-09 13:34:00,183,183,183,183,21800
2022-02-09 13:35:00,183,183,183,183,0
2022-02-09 13:36:00,183,183,183,183,0
2022-02-09 13:37:00,183,182,183,182,2000
2022-02-09 13:38:00,183,182,183,182,0
2022-02-09 13:39:00,183,182,183,182,0
2022-02-09 13:40:00,183,182,183,182,0
2022-02-09 13:41:00,183,182,183,182,0
2022-02-09 13:42:00,183,182,183,182,0
2022-02-09 13:43:00,183,183,183,183,200
2022-02-09 13:44:00,182,182,182,182,24700
2022-02-09 13:45:00,182,182,182,182,240000
2022-02-09 13:46:00,183,183,183,183,50000
2022-02-09 13:47:00,183,183,183,183,0
2022-02-09 13:48:00,182,182,182,182,182700
2022-02-09 13:49:00,182,182,182,182,1000
2022-02-09 13:50:00,182,182,182,182,11000
2022-02-09 13:51:00,182,182,182,182,0
2022-02-09 13:52:00,182,182,182,182,0
2022-02-09 13:53:00,181,181,182,182,30600
2022-02-09 13:54:00,181,181,181,181,5200
2022-02-09 13:55:00,181,181,181,181,0
2022-02-09 13:56:00,181,181,181,181,0
2022-02-09 13:57:00,181,181,181,181,5500
2022-02-09 13:58:00,182,182,182,182,5200
2022-02-09 13:59:00,181,181,182,181,18600
2022-02-09 14:00:00,181,181,182,181,0
2022-02-09 14:01:00,181,181,182,181,0
2022-02-09 14:02:00,181,181,181,181,390500
2022-02-09 14:03:00,181,181,181,181,1000
2022-02-09 14:04:00,180,180,180,180,3000
2022-02-09 14:05:00,181,181,181,181,20000
2022-02-09 14:06:00,181,180,181,180,3800
2022-02-09 14:07:00,181,181,181,181,6900
2022-02-09 14:08:00,181,181,181,181,7000
2022-02-09 14:09:00,181,181,181,181,3300
2022-02-09 14:10:00,181,181,181,181,0
2022-02-09 14:11:00,181,181,181,181,1000
2022-02-09 14:12:00,181,181,181,181,100
2022-02-09 14:13:00,181,181,181,181,0
2022-02-09 14:14:00,181,181,181,181,0
2022-02-09 14:15:00,180,180,180,180,100
2022-02-09 14:16:00,181,181,181,181,500
2022-02-09 14:17:00,181,181,181,181,4700
2022-02-09 14:18:00,181,181,181,181,0
2022-02-09 14:19:00,181,181,181,181,0
2022-02-09 14:20:00,181,181,181,181,10000
2022-02-09 14:21:00,181,181,181,181,27500
2022-02-09 14:22:00,181,181,181,181,14800
2022-02-09 14:23:00,182,182,182,182,10000
2022-02-09 14:24:00,181,181,181,181,25300
2022-02-09 14:25:00,181,181,181,181,5500
2022-02-09 14:26:00,181,181,181,181,0
2022-02-09 14:27:00,181,181,181,181,299200
2022-02-09 14:28:00,181,181,181,181,0
2022-02-09 14:29:00,181,181,181,181,0
2022-02-09 14:30:00,181,181,181,181,4600
2022-02-09 14:31:00,181,181,181,181,100000
2022-02-09 14:32:00,181,181,181,181,1000
2022-02-09 14:33:00,181,181,181,181,10000
2022-02-09 14:34:00,181,181,181,181,0
2022-02-09 14:35:00,181,181,181,181,0
2022-02-09 14:36:00,181,181,181,181,2000
2022-02-09 14:37:00,181,181,181,181,0
2022-02-09 14:38:00,182,182,182,182,2800
2022-02-09 14:39:00,182,182,182,182,0
2022-02-09 14:40:00,181,181,181,181,4800
2022-02-09 14:41:00,181,181,181,181,2000
2022-02-09 14:42:00,181,181,181,181,4300
2022-02-09 14:43:00,181,181,181,181,2500
2022-02-09 14:44:00,181,181,182,182,12600
2022-02-09 14:45:00,181,181,181,181,900
2022-02-09 14:46:00,181,181,181,181,132100
2022-02-09 14:47:00,181,181,181,181,0
2022-02-09 14:48:00,181,181,181,181,0
2022-02-09 14:49:00,181,181,181,181,3000
2022-02-09 14:50:00,181,181,181,181,0
2022-02-09 14:51:00,181,181,181,181,0
2022-02-09 14:52:00,181,181,181,181,0
2022-02-09 14:53:00,181,181,181,181,0
2022-02-09 14:54:00,181,181,181,181,0
2022-02-09 14:55:00,181,181,181,181,0
2022-02-09 14:56:00,181,181,181,181,0
2022-02-09 14:57:00,181,181,181,181,0
2022-02-09 14:58:00,181,181,181,181,0
2022-02-09 14:59:00,181,181,181,181,0
2022-02-09 15:00:00,182,182,182,182,35000
2022-02-09 15:01:00,182,182,182,182,0
2022-02-09 15:02:00,182,182,182,182,0
2022-02-09 15:03:00,182,182,182,182,0
2022-02-09 15:04:00,182,182,182,182,0
2022-02-09 15:05:00,182,182,182,182,0
2022-02-09 15:06:00,182,182,182,182,0
2022-02-09 15:07:00,182,182,182,182,0
2022-02-09 15:08:00,182,182,182,182,18500
2022-02-09 15:09:00,182,182,182,182,0
2022-02-09 15:10:00,182,182,182,182,0
2022-02-09 15:11:00,182,182,182,182,0
2022-02-09 15:12:00,182,182,182,182,100
2022-02-09 15:13:00,182,182,182,182,0
2022-02-09 15:14:00,182,182,182,182,0
2022-02-09 15:15:00,182,182,182,182,0
2022-02-09 15:16:00,182,182,182,182,0
2022-02-09 15:17:00,182,182,182,182,0
2022-02-09 15:18:00,182,182,182,182,0
2022-02-09 15:19:00,182,182,182,182,0
2022-02-09 15:20:00,182,182,182,182,0
2022-02-09 15:21:00,182,182,182,182,0
2022-02-09 15:22:00,182,182,182,182,0
2022-02-09 15:23:00,182,182,182,182,0
2022-02-09 15:24:00,182,182,182,182,0
2022-02-09 15:25:00,182,182,182,182,0
2022-02-09 15:26:00,182,182,182,182,0
2022-02-09 15:27:00,182,182,182,182,0
2022-02-09 15:28:00,182,182,182,182,0
2022-02-09 15:29:00,182,182,182,182,0
2022-02-09 15:30:00,182,182,182,182,0
2022-02-09 15:31:00,182,182,182,182,0
2022-02-09 15:32:00,182,182,182,182,0
2022-02-09 15:33:00,182,182,182,182,0
2022-02-09 15:34:00,182,182,182,182,0
2022-02-09 15:35:00,182,182,182,182,0
2022-02-09 15:36:00,182,182,182,182,0
2022-02-09 15:37:00,182,182,182,182,0
2022-02-09 15:38:00,182,182,182,182,0
2022-02-09 15:39:00,182,182,182,182,0
2022-02-09 15:40:00,182,182,182,182,0
2022-02-09 15:41:00,182,182,182,182,0
2022-02-09 15:42:00,182,182,182,182,0
2022-02-09 15:43:00,182,182,182,182,0
2022-02-09 15:44:00,182,182,182,182,0
2022-02-09 15:45:00,182,182,182,182,0
2022-02-09 15:46:00,182,182,182,182,0
2022-02-09 15:47:00,182,182,182,182,0
2022-02-09 15:48:00,182,182,182,182,0
2022-02-09 15:49:00,182,182,182,182,0
2022-02-09 15:50:00,182,182,182,182,0
2022-02-09 15:51:00,182,182,182,182,0
2022-02-09 15:52:00,182,182,182,182,0
2022-02-09 15:53:00,182,182,182,182,0
2022-02-09 15:54:00,182,182,182,182,0
2022-02-09 15:55:00,182,182,182,182,0
2022-02-09 15:56:00,182,182,182,182,0
2022-02-09 15:57:00,182,182,182,182,0
2022-02-09 15:58:00,182,182,182,182,0
2022-02-09 15:59:00,182,182,182,182,0
2022-02-10 09:00:00,182,181,182,181,0
2022-02-10 09:01:00,183,183,183,183,500
2022-02-10 09:02:00,183,183,183,183,6100
2022-02-10 09:03:00,183,183,183,183,3900
2022-02-10 09:04:00,182,182,185,185,155800
2022-02-10 09:05:00,182,182,185,185,0
2022-02-10 09:06:00,182,182,185,185,0
2022-02-10 09:07:00,182,182,182,182,100
2022-02-10 09:08:00,183,183,183,183,100
2022-02-10 09:09:00,183,183,183,183,900
2022-02-10 09:10:00,183,183,183,183,1100
2022-02-10 09:11:00,182,182,182,182,5100
2022-02-10 09:12:00,183,183,183,183,270100
2022-02-10 09:13:00,182,182,182,182,10000
2022-02-10 09:14:00,182,182,182,182,0
2022-02-10 09:15:00,183,182,183,182,9300
2022-02-10 09:16:00,183,182,183,182,0
2022-02-10 09:17:00,182,182,182,182,300000
2022-02-10 09:18:00,182,182,182,182,2000
2022-02-10 09:19:00,182,182,182,182,600
2022-02-10 09:20:00,182,182,182,182,0
2022-02-10 09:21:00,182,182,182,182,0
2022-02-10 09:22:00,183,183,183,183,300
2022-02-10 09:23:00,183,183,183,183,0
2022-02-10 09:24:00,183,182,183,182,900
2022-02-10 09:25:00,183,182,183,182,0
2022-02-10 09:26:00,182,182,182,182,300
2022-02-10 09:27:00,182,182,182,182,3800
2022-02-10 09:28:00,182,182,183,183,160000
2022-02-10 09:29:00,182,182,183,183,0
2022-02-10 09:30:00,182,182,183,183,0
2022-02-10 09:31:00,182,182,183,183,0
2022-02-10 09:32:00,183,183,183,183,4000
2022-02-10 09:33:00,183,183,183,183,0
2022-02-10 09:34:00,183,183,183,183,0
2022-02-10 09:35:00,183,183,183,183,0
2022-02-10 09:36:00,183,183,183,183,0
2022-02-10 09:37:00,183,183,183,183,200
2022-02-10 09:38:00,183,183,183,183,100
2022-02-10 09:39:00,183,183,183,183,200
2022-02-10 09:40:00,183,183,183,183,0
2022-02-10 09:41:00,182,182,183,182,6900
2022-02-10 09:42:00,182,182,183,182,0
2022-02-10 09:43:00,182,182,183,183,5400
2022-02-10 09:44:00,182,182,182,182,1800
2022-02-10 09:45:00,182,182,183,183,11000
2022-02-10 09:46:00,182,182,183,183,700
2022-02-10 09:47:00,182,182,183,183,0
2022-02-10 09:48:00,182,182,183,183,0
2022-02-10 09:49:00,182,182,182,182,100
2022-02-10 09:50:00,183,183,183,183,500
2022-02-10 09:51:00,183,183,183,183,37500
2022-02-10 09:52:00,183,183,183,183,25300
2022-02-10 09:53:00,182,182,182,182,278100
2022-02-10 09:54:00,182,182,182,182,7400
2022-02-10 09:55:00,182,182,182,182,0
2022-02-10 09:56:00,182,182,182,182,36600
2022-02-10 09:57:00,182,182,182,182,2800
2022-02-10 09:58:00,182,182,182,182,100
2022-02-10 09:59:00,182,182,182,182,0
2022-02-10 10:00:00,182,182,182,182,5000
2022-02-10 10:01:00,181,181,182,182,10000
2022-02-10 10:02:00,181,181,182,182,0
2022-02-10 10:03:00,182,182,182,182,2500
2022-02-10 10:04:00,182,182,182,182,600
2022-02-10 10:05:00,182,182,182,182,2500
2022-02-10 10:06:00,182,182,182,182,500
2022-02-10 10:07:00,182,182,182,182,2700
2022-02-10 10:08:00,182,182,182,182,23800
2022-02-10 10:09:00,183,183,183,183,100
2022-02-10 10:10:00,183,183,183,183,0
2022-02-10 10:11:00,183,183,183,183,0
2022-02-10 10:12:00,183,183,183,183,0
2022-02-10 10:13:00,183,183,183,183,0
2022-02-10 10:14:00,183,183,183,183,0
2022-02-10 10:15:00,183,183,183,183,1000
2022-02-10 10:16:00,183,183,183,183,0
2022-02-10 10:17:00,183,183,183,183,0
2022-02-10 10:18:00,183,183,183,183,0
2022-02-10 10:19:00,183,183,183,183,0
2022-02-10 10:20:00,182,182,182,182,100
2022-02-10 10:21:00,182,182,182,182,81000
2022-02-10 10:22:00,183,183,183,183,600
2022-02-10 10:23:00,183,183,183,183,1000
2022-02-10 10:24:00,183,183,183,183,0
2022-02-10 10:25:00,182,182,182,182,13400
2022-02-10 10:26:00,182,182,182,182,25000
2022-02-10 10:27:00,182,182,182,182,100
2022-02-10 10:28:00,182,182,182,182,0
2022-02-10 10:29:00,182,182,182,182,0
2022-02-10 10:30:00,183,183,183,183,1000
2022-02-10 10:31:00,183,183,183,183,0
2022-02-10 10:32:00,183,183,183,183,0
2022-02-10 10:33:00,182,182,182,182,100000
2022-02-10 10:34:00,182,182,182,182,50000
2022-02-10 10:35:00,182,182,182,182,0
2022-02-10 10:36:00,182,182,182,182,11100
2022-02-10 10:37:00,182,182,182,182,17200
2022-02-10 10:38:00,181,181,181,181,100
2022-02-10 10:39:00,181,181,181,181,0
2022-02-10 10:40:00,181,181,181,181,0
2022-02-10 10:41:00,182,182,182,182,500
2022-02-10 10:42:00,181,181,181,181,20000
2022-02-10 10:43:00,181,181,181,181,0
2022-02-10 10:44:00,181,181,181,181,0
2022-02-10 10:45:00,181,181,181,181,0
2022-02-10 10:46:00,182,182,182,182,500
2022-02-10 10:47:00,182,182,182,182,0
2022-02-10 10:48:00,182,182,182,182,0
2022-02-10 10:49:00,182,182,182,182,0
2022-02-10 10:50:00,182,182,182,182,0
2022-02-10 10:51:00,182,182,182,182,0
2022-02-10 10:52:00,182,182,182,182,0
2022-02-10 10:53:00,182,182,182,182,5100
2022-02-10 10:54:00,182,182,182,182,0
2022-02-10 10:55:00,182,182,182,182,0
2022-02-10 10:56:00,182,182,182,182,300
2022-02-10 10:57:00,182,182,182,182,500
2022-02-10 10:58:00,182,182,182,182,500
2022-02-10 10:59:00,182,182,182,182,7000
2022-02-10 11:00:00,182,182,182,182,20100
2022-02-10 11:01:00,182,181,182,181,701500
2022-02-10 11:02:00,181,181,181,181,6100
2022-02-10 11:03:00,181,181,181,181,10300
2022-02-10 11:04:00,181,181,181,181,0
2022-02-10 11:05:00,181,181,181,181,41800
2022-02-10 11:06:00,181,181,181,181,0
2022-02-10 11:07:00,181,181,181,181,9600
2022-02-10 11:08:00,181,181,181,181,0
2022-02-10 11:09:00,182,181,182,181,5100
2022-02-10 11:10:00,181,181,181,181,2000
2022-02-10 11:11:00,181,181,181,181,0
2022-02-10 11:12:00,181,181,181,181,0
2022-02-10 11:13:00,181,181,181,181,0
2022-02-10 11:14:00,181,181,181,181,0
2022-02-10 11:15:00,181,181,181,181,0
2022-02-10 11:16:00,181,181,181,181,0
2022-02-10 11:17:00,181,181,182,181,10400
2022-02-10 11:18:00,181,181,181,181,200
2022-02-10 11:19:00,181,181,181,181,0
2022-02-10 11:20:00,181,181,181,181,0
2022-02-10 11:21:00,181,181,181,181,0
2022-02-10 11:22:00,181,181,181,181,0
2022-02-10 11:23:00,182,182,182,182,5000
2022-02-10 11:24:00,182,182,182,182,0
2022-02-10 11:25:00,182,182,182,182,0
2022-02-10 11:26:00,182,182,182,182,0
2022-02-10 11:27:00,182,182,182,182,0
2022-02-10 11:28:00,182,182,182,182,0
2022-02-10 11:29:00,182,182,182,182,0
2022-02-10 11:30:00,182,182,182,182,0
2022-02-10 11:31:00,182,182,182,182,0
2022-02-10 11:32:00,182,182,182,182,0
2022-02-10 11:33:00,182,182,182,182,0
2022-02-10 11:34:00,182,182,182,182,0
2022-02-10 11:35:00,182,182,182,182,0
2022-02-10 11:36:00,182,182,182,182,0
2022-02-10 11:37:00,182,182,182,182,0
2022-02-10 11:38:00,182,182,182,182,0
2022-02-10 11:39:00,182,182,182,182,0
2022-02-10 11:40:00,182,182,182,182,0
2022-02-10 11:41:00,182,182,182,182,0
2022-02-10 11:42:00,182,182,182,182,0
2022-02-10 11:43:00,182,182,182,182,0
2022-02-10 11:44:00,182,182,182,182,0
2022-02-10 11:45:00,182,182,182,182,0
2022-02-10 11:46:00,182,182,182,182,0
2022-02-10 11:47:00,182,182,182,182,0
2022-02-10 11:48:00,182,182,182,182,0
2022-02-10 11:49:00,182,182,182,182,0
2022-02-10 11:50:00,182,182,182,182,0
2022-02-10 11:51:00,182,182,182,182,0
2022-02-10 11:52:00,182,182,182,182,0
2022-02-10 11:53:00,182,182,182,182,0
2022-02-10 11:54:00,182,182,182,182,0
2022-02-10 11:55:00,182,182,182,182,0
2022-02-10 11:56:00,182,182,182,182,0
2022-02-10 11:57:00,182,182,182,182,0
2022-02-10 11:58:00,182,182,182,182,0
2022-02-10 11:59:00,182,182,182,182,0
2022-02-10 12:00:00,182,182,182,182,0
2022-02-10 12:01:00,182,182,182,182,0
2022-02-10 12:02:00,182,182,182,182,0
2022-02-10 12:03:00,182,182,182,182,0
2022-02-10 12:04:00,182,182,182,182,0
2022-02-10 12:05:00,182,182,182,182,0
2022-02-10 12:06:00,182,182,182,182,0
2022-02-10 12:07:00,182,182,182,182,0
2022-02-10 12:08:00,182,182,182,182,0
2022-02-10 12:09:00,182,182,182,182,0
2022-02-10 12:10:00,182,182,182,182,0
2022-02-10 12:11:00,182,182,182,182,0
2022-02-10 12:12:00,182,182,182,182,0
2022-02-10 12:13:00,182,182,182,182,0
2022-02-10 12:14:00,182,182,182,182,0
2022-02-10 12:15:00,182,182,182,182,0
2022-02-10 12:16:00,182,182,182,182,0
2022-02-10 12:17:00,182,182,182,182,0
2022-02-10 12:18:00,182,182,182,182,0
2022-02-10 12:19:00,182,182,182,182,0
2022-02-10 12:20:00,182,182,182,182,0
2022-02-10 12:21:00,182,182,182,182,0
2022-02-10 12:22:00,182,182,182,182,0
2022-02-10 12:23:00,182,182,182,182,0
2022-02-10 12:24:00,182,182,182,182,0
2022-02-10 12:25:00,182,182,182,182,0
2022-02-10 12:26:00,182,182,182,182,0
2022-02-10 12:27:00,182,182,182,182,0
2022-02-10 12:28:00,182,182,182,182,0
2022-02-10 12:29:00,182,182,182,182,0
2022-02-10 12:30:00,182,182,182,182,0
2022-02-10 12:31:00,182,182,182,182,0
2022-02-10 12:32:00,182,182,182,182,0
2022-02-10 12:33:00,182,182,182,182,0
2022-02-10 12:34:00,182,182,182,182,0
2022-02-10 12:35:00,182,182,182,182,0
2022-02-10 12:36:00,182,182,182,182,0
2022-02-10 12:37:00,182,182,182,182,0
2022-02-10 12:38:00,182,182,182,182,0
2022-02-10 12:39:00,182,182,182,182,0
2022-02-10 12:40:00,182,182,182,182,0
2022-02-10 12:41:00,182,182,182,182,0
2022-02-10 12:42:00,182,182,182,182,0
2022-02-10 12:43:00,182,182,182,182,0
2022-02-10 12:44:00,182,182,182,182,0
2022-02-10 12:45:00,182,182,182,182,0
2022-02-10 12:46:00,182,182,182,182,0
2022-02-10 12:47:00,182,182,182,182,0
2022-02-10 12:48:00,182,182,182,182,0
2022-02-10 12:49:00,182,182,182,182,0
2022-02-10 12:50:00,182,182,182,182,0
2022-02-10 12:51:00,182,182,182,182,0
2022-02-10 12:52:00,182,182,182,182,0
2022-02-10 12:53:00,182,182,182,182,0
2022-02-10 12:54:00,182,182,182,182,0
2022-02-10 12:55:00,182,182,182,182,0
2022-02-10 12:56:00,182,182,182,182,0
2022-02-10 12:57:00,182,182,182,182,0
2022-02-10 12:58:00,182,182,182,182,0
2022-02-10 12:59:00,182,182,182,182,0
2022-02-10 13:00:00,182,182,182,182,0
2022-02-10 13:01:00,182,182,182,182,0
2022-02-10 13:02:00,182,182,182,182,0
2022-02-10 13:03:00,182,182,182,182,0
2022-02-10 13:04:00,182,182,182,182,0
2022-02-10 13:05:00,182,182,182,182,0
2022-02-10 13:06:00,182,182,182,182,0
2022-02-10 13:07:00,182,182,182,182,0
2022-02-10 13:08:00,182,182,182,182,0
2022-02-10 13:09:00,182,182,182,182,0
2022-02-10 13:10:00,182,182,182,182,0
2022-02-10 13:11:00,182,182,182,182,0
2022-02-10 13:12:00,182,182,182,182,0
2022-02-10 13:13:00,182,182,182,182,0
2022-02-10 13:14:00,182,182,182,182,0
2022-02-10 13:15:00,182,182,182,182,0
2022-02-10 13:16:00,182,182,182,182,0
2022-02-10 13:17:00,182,182,182,182,0
2022-02-10 13:18:00,182,182,182,182,0
2022-02-10 13:19:00,182,182,182,182,0
2022-02-10 13:20:00,182,182,182,182,0
2022-02-10 13:21:00,182,182,182,182,0
2022-02-10 13:22:00,182,182,182,182,0
2022-02-10 13:23:00,182,182,182,182,0
2022-02-10 13:24:00,182,182,182,182,0
2022-02-10 13:25:00,182,182,182,182,0
2022-02-10 13:26:00,182,182,182,182,0
2022-02-10 13:27:00,182,182,182,182,0
2022-02-10 13:28:00,182,182,182,182,0
2022-02-10 13:29:00,182,182,182,182,0
2022-02-10 13:30:00,182,182,182,182,500
2022-02-10 13:31:00,182,182,182,182,0
2022-02-10 13:32:00,182,182,182,182,0
2022-02-10 13:33:00,182,182,182,182,0
2022-02-10 13:34:00,182,182,182,182,0
2022-02-10 13:35:00,182,182,182,182,0
2022-02-10 13:36:00,182,182,182,182,300
2022-02-10 13:37:00,181,181,181,181,182000
2022-02-10 13:38:00,181,181,181,181,15500
2022-02-10 13:39:00,181,181,181,181,18500
2022-02-10 13:40:00,181,181,181,181,20000
2022-02-10 13:41:00,181,181,181,181,0
2022-02-10 13:42:00,180,180,181,181,15400
2022-02-10 13:43:00,181,181,181,181,5000
2022-02-10 13:44:00,181,181,181,181,11000
2022-02-10 13:45:00,181,181,181,181,18100
2022-02-10 13:46:00,180,180,180,180,21800
2022-02-10 13:47:00,180,180,181,181,162300
2022-02-10 13:48:00,180,180,181,181,0
2022-02-10 13:49:00,180,180,181,181,0
2022-02-10 13:50:00,181,181,181,181,137300
2022-02-10 13:51:00,181,181,181,181,3500
2022-02-10 13:52:00,181,181,181,181,0
2022-02-10 13:53:00,181,181,181,181,20000
2022-02-10 13:54:00,181,181,181,181,500
2022-02-10 13:55:00,181,181,181,181,1400
2022-02-10 13:56:00,181,181,181,181,10500
2022-02-10 13:57:00,181,181,181,181,34800
2022-02-10 13:58:00,181,181,181,181,0
2022-02-10 13:59:00,181,181,181,181,0
2022-02-10 14:00:00,182,182,182,182,200
2022-02-10 14:01:00,182,182,182,182,0
2022-02-10 14:02:00,181,181,181,181,10500
2022-02-10 14:03:00,181,181,181,181,0
2022-02-10 14:04:00,181,181,181,181,0
2022-02-10 14:05:00,181,181,181,181,0
2022-02-10 14:06:00,181,181,181,181,0
2022-02-10 14:07:00,181,181,181,181,8000
2022-02-10 14:08:00,181,181,181,181,0
2022-02-10 14:09:00,181,181,181,181,14600
2022-02-10 14:10:00,181,181,181,181,4900
2022-02-10 14:11:00,181,181,181,181,800
2022-02-10 14:12:00,181,181,181,181,0
2022-02-10 14:13:00,180,180,180,180,10000
2022-02-10 14:14:00,180,180,180,180,5000
2022-02-10 14:15:00,181,181,181,181,700
2022-02-10 14:16:00,181,181,181,181,0
2022-02-10 14:17:00,181,181,181,181,28500
2022-02-10 14:18:00,181,181,181,181,0
2022-02-10 14:19:00,181,181,181,181,10100
2022-02-10 14:20:00,181,181,181,181,1100
2022-02-10 14:21:00,181,181,181,181,0
2022-02-10 14:22:00,181,181,181,181,0
2022-02-10 14:23:00,181,181,181,181,0
2022-02-10 14:24:00,180,180,180,180,5000
2022-02-10 14:25:00,180,180,180,180,95700
2022-02-10 14:26:00,180,180,180,180,0
2022-02-10 14:27:00,180,180,180,180,26800
2022-02-10 14:28:00,180,180,180,180,781900
2022-02-10 14:29:00,180,180,180,180,47000
2022-02-10 14:30:00,180,180,181,181,41900
2022-02-10 14:31:00,180,180,181,181,0
2022-02-10 14:32:00,181,181,181,181,10500
2022-02-10 14:33:00,180,179,180,179,188500
2022-02-10 14:34:00,179,179,179,179,123300
2022-02-10 14:35:00,179,179,179,179,16000
2022-02-10 14:36:00,180,179,180,179,10100
2022-02-10 14:37:00,179,179,179,179,11000
2022-02-10 14:38:00,179,179,179,179,2000
2022-02-10 14:39:00,179,179,180,180,65000
2022-02-10 14:40:00,180,179,180,179,13500
2022-02-10 14:41:00,179,179,179,179,18900
2022-02-10 14:42:00,179,179,180,180,13600
2022-02-10 14:43:00,179,179,180,179,529700
2022-02-10 14:44:00,179,177,179,177,569100
2022-02-10 14:45:00,177,177,177,177,109900
2022-02-10 14:46:00,178,178,178,178,82600
2022-02-10 14:47:00,178,176,178,176,393100
2022-02-10 14:48:00,177,174,177,174,399300
2022-02-10 14:49:00,175,174,176,176,91200
2022-02-10 14:50:00,175,174,176,176,0
2022-02-10 14:51:00,175,174,176,176,0
2022-02-10 14:52:00,175,174,176,176,0
2022-02-10 14:53:00,175,174,176,176,0
2022-02-10 14:54:00,175,174,176,176,0
2022-02-10 14:55:00,175,174,176,176,0
2022-02-10 14:56:00,175,174,176,176,0
2022-02-10 14:57:00,175,174,176,176,0
2022-02-10 14:58:00,175,174,176,176,0
2022-02-10 14:59:00,175,174,176,176,0
2022-02-10 15:00:00,175,175,175,175,355500
2022-02-10 15:01:00,175,175,175,175,0
2022-02-10 15:02:00,175,175,175,175,38600
2022-02-10 15:03:00,175,175,175,175,147700
2022-02-10 15:04:00,175,175,175,175,382700
2022-02-10 15:05:00,175,175,175,175,2500
2022-02-10 15:06:00,175,175,175,175,39000
2022-02-10 15:07:00,175,175,175,175,106600
2022-02-10 15:08:00,175,175,175,175,4900
2022-02-10 15:09:00,175,175,175,175,4000
2022-02-10 15:10:00,175,175,175,175,4000
2022-02-10 15:11:00,175,175,175,175,0
2022-02-10 15:12:00,175,175,175,175,0
2022-02-10 15:13:00,175,175,175,175,3000
2022-02-10 15:14:00,175,175,175,175,0
2022-02-10 15:15:00,175,175,175,175,0
2022-02-10 15:16:00,175,175,175,175,0
2022-02-10 15:17:00,175,175,175,175,0
2022-02-10 15:18:00,175,175,175,175,0
2022-02-10 15:19:00,175,175,175,175,0
2022-02-10 15:20:00,175,175,175,175,0
2022-02-10 15:21:00,175,175,175,175,0
2022-02-10 15:22:00,175,175,175,175,0
2022-02-10 15:23:00,175,175,175,175,0
2022-02-10 15:24:00,175,175,175,175,0
2022-02-10 15:25:00,175,175,175,175,0
2022-02-10 15:26:00,175,175,175,175,0
2022-02-10 15:27:00,175,175,175,175,0
2022-02-10 15:28:00,175,175,175,175,0
2022-02-10 15:29:00,175,175,175,175,0
2022-02-10 15:30:00,175,175,175,175,0
2022-02-10 15:31:00,175,175,175,175,0
2022-02-10 15:32:00,175,175,175,175,0
2022-02-10 15:33:00,175,175,175,175,0
2022-02-10 15:34:00,175,175,175,175,0
2022-02-10 15:35:00,175,175,175,175,0
2022-02-10 15:36:00,175,175,175,175,0
2022-02-10 15:37:00,175,175,175,175,0
2022-02-10 15:38:00,175,175,175,175,0
2022-02-10 15:39:00,175,175,175,175,0
2022-02-10 15:40:00,175,175,175,175,0
2022-02-10 15:41:00,175,175,175,175,0
2022-02-10 15:42:00,175,175,175,175,0
2022-02-10 15:43:00,175,175,175,175,0
2022-02-10 15:44:00,175,175,175,175,0
2022-02-10 15:45:00,175,175,175,175,0
2022-02-10 15:46:00,175,175,175,175,0
2022-02-10 15:47:00,175,175,175,175,0
2022-02-10 15:48:00,175,175,175,175,0
2022-02-10 15:49:00,175,175,175,175,0
2022-02-10 15:50:00,175,175,175,175,0
2022-02-10 15:51:00,175,175,175,175,0
2022-02-10 15:52:00,175,175,175,175,0
2022-02-10 15:53:00,175,175,175,175,0
2022-02-10 15:54:00,175,175,175,175,0
2022-02-10 15:55:00,175,175,175,175,0
2022-02-10 15:56:00,175,175,175,175,0
2022-02-10 15:57:00,175,175,175,175,0
2022-02-10 15:58:00,175,175,175,175,0
2022-02-10 15:59:00,175,175,175,175,0
2022-02-11 09:00:00,178,175,178,176,0
2022-02-11 09:01:00,178,175,178,176,0
2022-02-11 09:02:00,177,177,177,177,8000
2022-02-11 09:03:00,178,177,178,178,57700
2022-02-11 09:04:00,178,178,178,178,109500
2022-02-11 09:05:00,178,178,178,178,500
2022-02-11 09:06:00,179,178,179,179,15600
2022-02-11 09:07:00,178,178,179,179,18600
2022-02-11 09:08:00,178,178,178,178,43900
2022-02-11 09:09:00,178,178,178,178,2500
2022-02-11 09:10:00,178,178,178,178,400
2022-02-11 09:11:00,178,178,178,178,0
2022-02-11 09:12:00,177,177,177,177,7400
2022-02-11 09:13:00,178,178,178,178,200
2022-02-11 09:14:00,177,177,177,177,5000
2022-02-11 09:15:00,177,177,177,177,0
2022-02-11 09:16:00,177,177,177,177,39500
2022-02-11 09:17:00,177,177,177,177,0
2022-02-11 09:18:00,177,177,177,177,0
2022-02-11 09:19:00,178,178,178,178,100
2022-02-11 09:20:00,177,177,177,177,49000
2022-02-11 09:21:00,177,177,177,177,0
2022-02-11 09:22:00,178,177,178,177,33700
2022-02-11 09:23:00,178,178,178,178,237700
2022-02-11 09:24:00,178,178,178,178,900
2022-02-11 09:25:00,178,178,178,178,58300
2022-02-11 09:26:00,178,178,178,178,1000
2022-02-11 09:27:00,178,178,178,178,32300
2022-02-11 09:28:00,178,178,178,178,1500
2022-02-11 09:29:00,178,178,178,178,200
2022-02-11 09:30:00,178,178,178,178,600
2022-02-11 09:31:00,178,178,178,178,22200
2022-02-11 09:32:00,178,178,178,178,200
2022-02-11 09:33:00,178,178,178,178,0
2022-02-11 09:34:00,178,178,178,178,0
2022-02-11 09:35:00,178,177,178,177,139700
2022-02-11 09:36:00,178,177,178,177,0
2022-02-11 09:37:00,178,177,178,177,0
2022-02-11 09:38:00,177,177,177,177,500
2022-02-11 09:39:00,177,177,177,177,0
2022-02-11 09:40:00,178,177,178,177,8100
2022-02-11 09:41:00,178,177,178,177,0
2022-02-11 09:42:00,178,178,178,178,100300
2022-02-11 09:43:00,179,179,179,179,10000
2022-02-11 09:44:00,179,179,179,179,1300
2022-02-11 09:45:00,178,178,179,179,4500
2022-02-11 09:46:00,178,178,179,179,0
2022-02-11 09:47:00,178,178,179,178,9100
2022-02-11 09:48:00,179,179,179,179,26500
2022-02-11 09:49:00,179,179,179,179,0
2022-02-11 09:50:00,178,178,178,178,100
2022-02-11 09:51:00,179,179,180,179,44200
2022-02-11 09:52:00,179,179,179,179,26000
2022-02-11 09:53:00,179,179,179,179,7300
2022-02-11 09:54:00,178,178,178,178,1100
2022-02-11 09:55:00,178,178,178,178,0
2022-02-11 09:56:00,178,178,178,178,0
2022-02-11 09:57:00,179,178,179,178,10400
2022-02-11 09:58:00,179,178,179,178,0
2022-02-11 09:59:00,179,178,179,178,0
2022-02-11 10:00:00,179,178,179,178,0
2022-02-11 10:01:00,178,178,178,178,25000
2022-02-11 10:02:00,178,178,178,178,10000
2022-02-11 10:03:00,179,179,179,179,500
2022-02-11 10:04:00,178,178,178,178,17100
2022-02-11 10:05:00,178,178,178,178,0
2022-02-11 10:06:00,178,178,178,178,35000
2022-02-11 10:07:00,178,178,178,178,0
2022-02-11 10:08:00,178,178,178,178,31400
2022-02-11 10:09:00,178,178,178,178,0
2022-02-11 10:10:00,178,178,178,178,5600
2022-02-11 10:11:00,178,178,178,178,109500
2022-02-11 10:12:00,178,178,178,178,0
2022-02-11 10:13:00,178,178,178,178,0
2022-02-11 10:14:00,178,178,178,178,0
2022-02-11 10:15:00,178,178,178,178,2500
2022-02-11 10:16:00,178,178,178,178,0
2022-02-11 10:17:00,178,178,178,178,0
2022-02-11 10:18:00,178,178,178,178,94400
2022-02-11 10:19:00,178,177,178,177,200
2022-02-11 10:20:00,178,177,178,177,300
2022-02-11 10:21:00,177,177,178,178,6300
2022-02-11 10:22:00,178,178,178,178,10200
2022-02-11 10:23:00,178,178,178,178,0
2022-02-11 10:24:00,177,177,177,177,100
2022-02-11 10:25:00,177,177,177,177,0
2022-02-11 10:26:00,177,177,177,177,0
2022-02-11 10:27:00,177,177,177,177,0
2022-02-11 10:28:00,177,177,177,177,5000
2022-02-11 10:29:00,177,177,177,177,0
2022-02-11 10:30:00,177,177,177,177,173100
2022-02-11 10:31:00,177,177,177,177,500
2022-02-11 10:32:00,177,177,177,177,30700
2022-02-11 10:33:00,177,177,177,177,0
2022-02-11 10:34:00,177,177,177,177,0
2022-02-11 10:35:00,177,177,177,177,0
2022-02-11 10:36:00,177,177,177,177,6000
2022-02-11 10:37:00,177,177,177,177,2000
2022-02-11 10:38:00,177,177,177,177,2500
2022-02-11 10:39:00,177,177,177,177,100
2022-02-11 10:40:00,177,177,177,177,6000
2022-02-11 10:41:00,177,177,177,177,2000
2022-02-11 10:42:00,177,177,177,177,0
2022-02-11 10:43:00,177,177,177,177,2500
2022-02-11 10:44:00,177,177,177,177,0
2022-02-11 10:45:00,177,177,177,177,20000
2022-02-11 10:46:00,177,177,177,177,500
2022-02-11 10:47:00,177,177,177,177,0
2022-02-11 10:48:00,177,177,177,177,5000
2022-02-11 10:49:00,177,177,177,177,0
2022-02-11 10:50:00,177,177,177,177,55000
2022-02-11 10:51:00,177,177,177,177,0
2022-02-11 10:52:00,177,177,177,177,77000
2022-02-11 10:53:00,177,177,177,177,0
2022-02-11 10:54:00,177,177,178,178,150000
2022-02-11 10:55:00,177,177,177,177,600
2022-02-11 10:56:00,177,177,177,177,0
2022-02-11 10:57:00,177,177,177,177,0
2022-02-11 10:58:00,177,177,177,177,0
2022-02-11 10:59:00,177,177,177,177,3500
2022-02-11 11:00:00,177,177,177,177,0
2022-02-11 11:01:00,177,177,177,177,0
2022-02-11 11:02:00,177,177,177,177,0
2022-02-11 11:03:00,177,177,177,177,6500
2022-02-11 11:04:00,178,178,178,178,800
2022-02-11 11:05:00,177,177,177,177,5000
2022-02-11 11:06:00,177,177,177,177,20000
2022-02-11 11:07:00,177,176,177,176,5000
2022-02-11 11:08:00,177,176,177,176,0
2022-02-11 11:09:00,177,176,177,176,0
2022-02-11 11:10:00,177,176,177,176,0
2022-02-11 11:11:00,177,176,177,176,0
2022-02-11 11:12:00,177,177,177,177,2200
2022-02-11 11:13:00,177,177,177,177,0
2022-02-11 11:14:00,177,177,177,177,0
2022-02-11 11:15:00,177,177,177,177,0
2022-02-11 11:16:00,177,177,177,177,0
2022-02-11 11:17:00,177,177,177,177,0
2022-02-11 11:18:00,177,177,177,177,0
2022-02-11 11:19:00,177,177,177,177,9000
2022-02-11 11:20:00,177,177,177,177,0
2022-02-11 11:21:00,177,177,177,177,20000
2022-02-11 11:22:00,177,177,177,177,0
2022-02-11 11:23:00,177,177,177,177,0
2022-02-11 11:24:00,176,176,176,176,58000
2022-02-11 11:25:00,177,176,177,176,412500
2022-02-11 11:26:00,176,176,176,176,50000
2022-02-11 11:27:00,176,176,177,177,27700
2022-02-11 11:28:00,177,177,177,177,3300
2022-02-11 11:29:00,177,177,177,177,1200
2022-02-11 11:30:00,177,177,177,177,0
2022-02-11 11:31:00,177,177,177,177,0
2022-02-11 11:32:00,177,177,177,177,0
2022-02-11 11:33:00,177,177,177,177,0
2022-02-11 11:34:00,177,177,177,177,0
2022-02-11 11:35:00,177,177,177,177,0
2022-02-11 11:36:00,177,177,177,177,0
2022-02-11 11:37:00,177,177,177,177,0
2022-02-11 11:38:00,177,177,177,177,0
2022-02-11 11:39:00,177,177,177,177,0
2022-02-11 11:40:00,177,177,177,177,0
2022-02-11 11:41:00,177,177,177,177,0
2022-02-11 11:42:00,177,177,177,177,0
2022-02-11 11:43:00,177,177,177,177,0
2022-02-11 11:44:00,177,177,177,177,0
2022-02-11 11:45:00,177,177,177,177,0
2022-02-11 11:46:00,177,177,177,177,0
2022-02-11 11:47:00,177,177,177,177,0
2022-02-11 11:48:00,177,177,177,177,0
2022-02-11 11:49:00,177,177,177,177,0
2022-02-11 11:50:00,177,177,177,177,0
2022-02-11 11:51:00,177,177,177,177,0
2022-02-11 11:52:00,177,177,177,177,0
2022-02-11 11:53:00,177,177,177,177,0
2022-02-11 11:54:00,177,177,177,177,0
2022-02-11 11:55:00,177,177,177,177,0
2022-02-11 11:56:00,177,177,177,177,0
2022-02-11 11:57:00,177,177,177,177,0
2022-02-11 11:58:00,177,177,177,177,0
2022-02-11 11:59:00,177,177,177,177,0
2022-02-11 12:00:00,177,177,177,177,0
2022-02-11 12:01:00,177,177,177,177,0
2022-02-11 12:02:00,177,177,177,177,0
2022-02-11 12:03:00,177,177,177,177,0
2022-02-11 12:04:00,177,177,177,177,0
2022-02-11 12:05:00,177,177,177,177,0
2022-02-11 12:06:00,177,177,177,177,0
2022-02-11 12:07:00,177,177,177,177,0
2022-02-11 12:08:00,177,177,177,177,0
2022-02-11 12:09:00,177,177,177,177,0
2022-02-11 12:10:00,177,177,177,177,0
2022-02-11 12:11:00,177,177,177,177,0
2022-02-11 12:12:00,177,177,177,177,0
2022-02-11 12:13:00,177,177,177,177,0
2022-02-11 12:14:00,177,177,177,177,0
2022-02-11 12:15:00,177,177,177,177,0
2022-02-11 12:16:00,177,177,177,177,0
2022-02-11 12:17:00,177,177,177,177,0
2022-02-11 12:18:00,177,177,177,177,0
2022-02-11 12:19:00,177,177,177,177,0
2022-02-11 12:20:00,177,177,177,177,0
2022-02-11 12:21:00,177,177,177,177,0
2022-02-11 12:22:00,177,177,177,177,0
2022-02-11 12:23:00,177,177,177,177,0
2022-02-11 12:24:00,177,177,177,177,0
2022-02-11 12:25:00,177,177,177,177,0
2022-02-11 12:26:00,177,177,177,177,0
2022-02-11 12:27:00,177,177,177,177,0
2022-02-11 12:28:00,177,177,177,177,0
2022-02-11 12:29:00,177,177,177,177,0
2022-02-11 12:30:00,177,177,177,177,0
2022-02-11 12:31:00,177,177,177,177,0
2022-02-11 12:32:00,177,177,177,177,0
2022-02-11 12:33:00,177,177,177,177,0
2022-02-11 12:34:00,177,177,177,177,0
2022-02-11 12:35:00,177,177,177,177,0
2022-02-11 12:36:00,177,177,177,177,0
2022-02-11 12:37:00,177,177,177,177,0
2022-02-11 12:38:00,177,177,177,177,0
2022-02-11 12:39:00,177,177,177,177,0
2022-02-11 12:40:00,177,177,177,177,0
2022-02-11 12:41:00,177,177,177,177,0
2022-02-11 12:42:00,177,177,177,177,0
2022-02-11 12:43:00,177,177,177,177,0
2022-02-11 12:44:00,177,177,177,177,0
2022-02-11 12:45:00,177,177,177,177,0
2022-02-11 12:46:00,177,177,177,177,0
2022-02-11 12:47:00,177,177,177,177,0
2022-02-11 12:48:00,177,177,177,177,0
2022-02-11 12:49:00,177,177,177,177,0
2022-02-11 12:50:00,177,177,177,177,0
2022-02-11 12:51:00,177,177,177,177,0
2022-02-11 12:52:00,177,177,177,177,0
2022-02-11 12:53:00,177,177,177,177,0
2022-02-11 12:54:00,177,177,177,177,0
2022-02-11 12:55:00,177,177,177,177,0
2022-02-11 12:56:00,177,177,177,177,0
2022-02-11 12:57:00,177,177,177,177,0
2022-02-11 12:58:00,177,177,177,177,0
2022-02-11 12:59:00,177,177,177,177,0
2022-02-11 13:00:00,177,177,177,177,0
2022-02-11 13:01:00,177,177,177,177,0
2022-02-11 13:02:00,177,177,177,177,0
2022-02-11 13:03:00,177,177,177,177,0
2022-02-11 13:04:00,177,177,177,177,0
2022-02-11 13:05:00,177,177,177,177,0
2022-02-11 13:06:00,177,177,177,177,0
2022-02-11 13:07:00,177,177,177,177,0
2022-02-11 13:08:00,177,177,177,177,0
2022-02-11 13:09:00,177,177,177,177,0
2022-02-11 13:10:00,177,177,177,177,0
2022-02-11 13:11:00,177,177,177,177,0
2022-02-11 13:12:00,177,177,177,177,0
2022-02-11 13:13:00,177,177,177,177,0
2022-02-11 13:14:00,177,177,177,177,0
2022-02-11 13:15:00,177,177,177,177,0
2022-02-11 13:16:00,177,177,177,177,0
2022-02-11 13:17:00,177,177,177,177,0
2022-02-11 13:18:00,177,177,177,177,0
2022-02-11 13:19:00,177,177,177,177,0
2022-02-11 13:20:00,177,177,177,177,0
2022-02-11 13:21:00,177,177,177,177,0
2022-02-11 13:22:00,177,177,177,177,0
2022-02-11 13:23:00,177,177,177,177,0
2022-02-11 13:24:00,177,177,177,177,0
2022-02-11 13:25:00,177,177,177,177,0
2022-02-11 13:26:00,177,177,177,177,0
2022-02-11 13:27:00,177,177,177,177,0
2022-02-11 13:28:00,177,177,177,177,0
2022-02-11 13:29:00,177,177,177,177,0
2022-02-11 13:30:00,177,177,177,177,10600
2022-02-11 13:31:00,177,177,177,177,0
2022-02-11 13:32:00,177,177,177,177,100
2022-02-11 13:33:00,177,177,177,177,0
2022-02-11 13:34:00,176,176,176,176,13000
2022-02-11 13:35:00,176,176,176,176,20000
2022-02-11 13:36:00,176,176,176,176,0
2022-02-11 13:37:00,176,176,176,176,0
2022-02-11 13:38:00,176,176,176,176,0
2022-02-11 13:39:00,176,176,176,176,0
2022-02-11 13:40:00,176,176,176,176,0
2022-02-11 13:41:00,177,177,177,177,23000
2022-02-11 13:42:00,177,177,177,177,0
2022-02-11 13:43:00,177,177,177,177,0
2022-02-11 13:44:00,177,177,177,177,144600
2022-02-11 13:45:00,177,177,177,177,0
2022-02-11 13:46:00,177,177,177,177,0
2022-02-11 13:47:00,177,177,177,177,0
2022-02-11 13:48:00,177,177,177,177,12600
2022-02-11 13:49:00,177,177,177,177,0
2022-02-11 13:50:00,178,177,178,178,17100
2022-02-11 13:51:00,177,177,177,177,52800
2022-02-11 13:52:00,177,177,177,177,3000
2022-02-11 13:53:00,177,177,177,177,0
2022-02-11 13:54:00,178,178,178,178,1900
2022-02-11 13:55:00,178,178,178,178,0
2022-02-11 13:56:00,178,178,178,178,0
2022-02-11 13:57:00,178,178,178,178,3000
2022-02-11 13:58:00,178,178,178,178,0
2022-02-11 13:59:00,178,178,178,178,0
2022-02-11 14:00:00,178,178,178,178,0
2022-02-11 14:01:00,178,178,178,178,30000
2022-02-11 14:02:00,178,178,178,178,0
2022-02-11 14:03:00,178,178,178,178,0
2022-02-11 14:04:00,178,178,178,178,100
2022-02-11 14:05:00,178,178,178,178,0
2022-02-11 14:06:00,177,177,177,177,100
2022-02-11 14:07:00,177,177,177,177,0
2022-02-11 14:08:00,177,177,177,177,0
2022-02-11 14:09:00,177,177,177,177,900
2022-02-11 14:10:00,177,177,178,178,39700
2022-02-11 14:11:00,177,177,178,178,0
2022-02-11 14:12:00,178,178,178,178,1000
2022-02-11 14:13:00,178,178,178,178,0
2022-02-11 14:14:00,178,178,178,178,80000
2022-02-11 14:15:00,178,178,178,178,0
2022-02-11 14:16:00,178,178,178,178,0
2022-02-11 14:17:00,178,178,178,178,400
2022-02-11 14:18:00,178,178,178,178,200
2022-02-11 14:19:00,178,178,178,178,0
2022-02-11 14:20:00,178,178,178,178,100
2022-02-11 14:21:00,178,178,178,178,5000
2022-02-11 14:22:00,178,178,178,178,2300
2022-02-11 14:23:00,178,178,178,178,0
2022-02-11 14:24:00,178,178,178,178,5000
2022-02-11 14:25:00,178,178,178,178,0
2022-02-11 14:26:00,178,178,178,178,0
2022-02-11 14:27:00,178,178,178,178,0
2022-02-11 14:28:00,178,178,178,178,243600
2022-02-11 14:29:00,178,178,178,178,0
2022-02-11 14:30:00,178,178,178,178,0
2022-02-11 14:31:00,178,178,178,178,0
2022-02-11 14:32:00,178,178,178,178,0
2022-02-11 14:33:00,179,179,179,179,200000
2022-02-11 14:34:00,179,179,179,179,0
2022-02-11 14:35:00,179,179,179,179,8800
2022-02-11 14:36:00,179,179,179,179,0
2022-02-11 14:37:00,179,179,179,179,20000
2022-02-11 14:38:00,178,178,178,178,1900
2022-02-11 14:39:00,178,178,178,178,2200
2022-02-11 14:40:00,178,178,178,178,0
2022-02-11 14:41:00,178,178,179,179,100
2022-02-11 14:42:00,178,178,179,179,0
2022-02-11 14:43:00,179,179,179,179,500
2022-02-11 14:44:00,179,179,179,179,0
2022-02-11 14:45:00,179,178,179,179,900
2022-02-11 14:46:00,179,179,179,179,15800
2022-02-11 14:47:00,178,178,178,178,15000
2022-02-11 14:48:00,178,178,179,179,1000
2022-02-11 14:49:00,179,179,179,179,726000
2022-02-11 14:50:00,179,179,179,179,0
2022-02-11 14:51:00,179,179,179,179,0
2022-02-11 14:52:00,179,179,179,179,0
2022-02-11 14:53:00,179,179,179,179,0
2022-02-11 14:54:00,179,179,179,179,0
2022-02-11 14:55:00,179,179,179,179,0
2022-02-11 14:56:00,179,179,179,179,0
2022-02-11 14:57:00,179,179,179,179,0
2022-02-11 14:58:00,179,179,179,179,0
2022-02-11 14:59:00,179,179,179,179,0
2022-02-11 15:00:00,179,179,179,179,345000
2022-02-11 15:01:00,179,179,179,179,0
2022-02-11 15:02:00,179,179,179,179,64700
2022-02-11 15:03:00,179,179,179,179,500
2022-02-11 15:04:00,179,179,179,179,0
2022-02-11 15:05:00,179,179,179,179,0
2022-02-11 15:06:00,179,179,179,179,7200
2022-02-11 15:07:00,179,179,179,179,0
2022-02-11 15:08:00,179,179,179,179,0
2022-02-11 15:09:00,179,179,179,179,0
2022-02-11 15:10:00,179,179,179,179,0
2022-02-11 15:11:00,179,179,179,179,0
2022-02-11 15:12:00,179,179,179,179,0
2022-02-11 15:13:00,179,179,179,179,0
2022-02-11 15:14:00,179,179,179,179,0
2022-02-11 15:15:00,179,179,179,179,0
2022-02-11 15:16:00,179,179,179,179,0
2022-02-11 15:17:00,179,179,179,179,0
2022-02-11 15:18:00,179,179,179,179,0
2022-02-11 15:19:00,179,179,179,179,0
2022-02-11 15:20:00,179,179,179,179,0
2022-02-11 15:21:00,179,179,179,179,0
2022-02-11 15:22:00,179,179,179,179,0
2022-02-11 15:23:00,179,179,179,179,0
2022-02-11 15:24:00,179,179,179,179,0
2022-02-11 15:25:00,179,179,179,179,0
2022-02-11 15:26:00,179,179,179,179,0
2022-02-11 15:27:00,179,179,179,179,0
2022-02-11 15:28:00,179,179,179,179,0
2022-02-11 15:29:00,179,179,179,179,0
2022-02-11 15:30:00,179,179,179,179,0
2022-02-11 15:31:00,179,179,179,179,0
2022-02-11 15:32:00,179,179,179,179,0
2022-02-11 15:33:00,179,179,179,179,0
2022-02-11 15:34:00,179,179,179,179,0
2022-02-11 15:35:00,179,179,179,179,0
2022-02-11 15:36:00,179,179,179,179,0
2022-02-11 15:37:00,179,179,179,179,0
2022-02-11 15:38:00,179,179,179,179,0
2022-02-11 15:39:00,179,179,179,179,0
2022-02-11 15:40:00,179,179,179,179,0
2022-02-11 15:41:00,179,179,179,179,0
2022-02-11 15:42:00,179,179,179,179,0
2022-02-11 15:43:00,179,179,179,179,0
2022-02-11 15:44:00,179,179,179,179,0
2022-02-11 15:45:00,179,179,179,179,0
2022-02-11 15:46:00,179,179,179,179,0
2022-02-11 15:47:00,179,179,179,179,0
2022-02-11 15:48:00,179,179,179,179,0
2022-02-11 15:49:00,179,179,179,179,0
2022-02-11 15:50:00,179,179,179,179,0
2022-02-11 15:51:00,179,179,179,179,0
2022-02-11 15:52:00,179,179,179,179,0
2022-02-11 15:53:00,179,179,179,179,0
2022-02-11 15:54:00,179,179,179,179,0
2022-02-11 15:55:00,179,179,179,179,0
2022-02-11 15:56:00,179,179,179,179,0
2022-02-11 15:57:00,179,179,179,179,0
2022-02-11 15:58:00,179,179,179,179,0
2022-02-11 15:59:00,179,179,179,179,0
2022-02-14 09:00:00,182,180,185,182,0
2022-02-14 09:01:00,181,181,182,182,140500
2022-02-14 09:02:00,182,182,184,184,153100
2022-02-14 09:03:00,183,183,184,183,23200
2022-02-14 09:04:00,183,183,184,183,462300
2022-02-14 09:05:00,183,183,183,183,29000
2022-02-14 09:06:00,183,183,184,183,45000
2022-02-14 09:07:00,183,182,183,182,70600
2022-02-14 09:08:00,183,182,183,182,16600
2022-02-14 09:09:00,182,181,182,181,180000
2022-02-14 09:10:00,182,182,182,182,2300
2022-02-14 09:11:00,182,182,182,182,0
2022-02-14 09:12:00,182,182,182,182,114200
2022-02-14 09:13:00,182,181,182,181,19100
2022-02-14 09:14:00,181,181,182,181,115400
2022-02-14 09:15:00,181,180,181,180,77300
2022-02-14 09:16:00,181,181,181,181,88300
2022-02-14 09:17:00,181,181,181,181,605600
2022-02-14 09:18:00,181,181,181,181,86100
2022-02-14 09:19:00,181,181,181,181,18500
2022-02-14 09:20:00,182,182,182,182,10000
2022-02-14 09:21:00,182,182,182,182,1400
2022-02-14 09:22:00,182,182,182,182,500
2022-02-14 09:23:00,181,181,181,181,10000
2022-02-14 09:24:00,181,181,181,181,2600
2022-02-14 09:25:00,181,181,181,181,5500
2022-02-14 09:26:00,181,181,182,182,5100
2022-02-14 09:27:00,181,181,182,182,0
2022-02-14 09:28:00,181,181,182,182,0
2022-02-14 09:29:00,182,182,182,182,675700
2022-02-14 09:30:00,182,181,182,182,106800
2022-02-14 09:31:00,183,183,183,183,132600
2022-02-14 09:32:00,183,183,183,183,97200
2022-02-14 09:33:00,183,183,183,183,103800
2022-02-14 09:34:00,183,183,183,183,1000
2022-02-14 09:35:00,183,183,184,184,505200
2022-02-14 09:36:00,184,184,187,186,1463800
2022-02-14 09:37:00,187,186,187,186,348500
2022-02-14 09:38:00,186,184,186,185,636000
2022-02-14 09:39:00,185,185,185,185,289000
2022-02-14 09:40:00,185,185,186,185,130800
2022-02-14 09:41:00,185,185,185,185,41500
2022-02-14 09:42:00,185,185,186,186,42400
2022-02-14 09:43:00,185,185,186,186,134200
2022-02-14 09:44:00,186,186,186,186,25100
2022-02-14 09:45:00,185,185,186,186,60500
2022-02-14 09:46:00,186,186,186,186,332800
2022-02-14 09:47:00,186,186,187,186,155400
2022-02-14 09:48:00,185,185,185,185,28000
2022-02-14 09:49:00,185,185,185,185,666900
2022-02-14 09:50:00,185,185,185,185,500
2022-02-14 09:51:00,184,184,185,184,215800
2022-02-14 09:52:00,184,184,184,184,100300
2022-02-14 09:53:00,184,184,185,185,23800
2022-02-14 09:54:00,185,185,185,185,100
2022-02-14 09:55:00,185,185,185,185,227000
2022-02-14 09:56:00,185,185,185,185,42000
2022-02-14 09:57:00,185,185,186,186,1600
2022-02-14 09:58:00,186,185,187,187,1330300
2022-02-14 09:59:00,187,187,191,189,4509200
2022-02-14 10:00:00,189,189,192,192,2579800
2022-02-14 10:01:00,191,190,192,190,2414000
2022-02-14 10:02:00,190,190,192,191,1395500
2022-02-14 10:03:00,190,189,191,190,1174500
2022-02-14 10:04:00,190,189,190,190,738800
2022-02-14 10:05:00,190,190,191,190,291300
2022-02-14 10:06:00,190,189,191,190,146800
2022-02-14 10:07:00,190,189,190,189,603900
2022-02-14 10:08:00,189,188,189,188,671900
2022-02-14 10:09:00,188,188,188,188,252600
2022-02-14 10:10:00,188,188,189,189,95900
2022-02-14 10:11:00,189,189,190,189,718700
2022-02-14 10:12:00,189,189,190,190,157100
2022-02-14 10:13:00,189,189,190,190,78100
2022-02-14 10:14:00,189,189,190,190,131500
2022-02-14 10:15:00,190,189,191,191,1442700
2022-02-14 10:16:00,191,191,193,193,1447800
2022-02-14 10:17:00,193,193,194,194,1987400
2022-02-14 10:18:00,194,193,195,193,1262100
2022-02-14 10:19:00,193,192,194,193,625300
2022-02-14 10:20:00,194,193,194,194,175900
2022-02-14 10:21:00,194,194,196,196,2408100
2022-02-14 10:22:00,196,193,196,194,2679900
2022-02-14 10:23:00,194,193,194,194,846100
2022-02-14 10:24:00,194,194,196,195,1236000
2022-02-14 10:25:00,195,194,195,194,1029100
2022-02-14 10:26:00,193,192,194,192,1352200
2022-02-14 10:27:00,192,192,193,192,222300
2022-02-14 10:28:00,193,192,193,192,109100
2022-02-14 10:29:00,192,192,193,193,80000
2022-02-14 10:30:00,192,192,193,193,118600
2022-02-14 10:31:00,193,192,193,193,470300
2022-02-14 10:32:00,193,193,194,193,212800
2022-02-14 10:33:00,193,193,194,193,234000
2022-02-14 10:34:00,194,193,194,193,316300
2022-02-14 10:35:00,193,193,193,193,431400
2022-02-14 10:36:00,194,193,194,193,404400
2022-02-14 10:37:00,193,193,196,196,4650200
2022-02-14 10:38:00,196,195,197,196,2394900
2022-02-14 10:39:00,196,195,196,195,120100
2022-02-14 10:40:00,196,195,196,195,182200
2022-02-14 10:41:00,195,194,195,195,1358800
2022-02-14 10:42:00,195,194,195,194,225500
2022-02-14 10:43:00,194,192,194,193,1302100
2022-02-14 10:44:00,193,192,194,194,459500
2022-02-14 10:45:00,194,193,194,194,465500
2022-02-14 10:46:00,194,194,194,194,124500
2022-02-14 10:47:00,193,193,194,193,731500
2022-02-14 10:48:00,194,193,194,193,8200
2022-02-14 10:49:00,194,194,194,194,4000
2022-02-14 10:50:00,194,193,194,193,59900
2022-02-14 10:51:00,193,193,193,193,126600
2022-02-14 10:52:00,194,193,194,194,137700
2022-02-14 10:53:00,193,193,194,194,343600
2022-02-14 10:54:00,193,193,193,193,361600
2022-02-14 10:55:00,193,193,194,194,345800
2022-02-14 10:56:00,194,194,195,194,153700
2022-02-14 10:57:00,194,194,195,195,44100
2022-02-14 10:58:00,195,195,195,195,799400
2022-02-14 10:59:00,195,195,196,195,438800
2022-02-14 11:00:00,195,195,197,196,1804800
2022-02-14 11:01:00,197,196,197,197,3222900
2022-02-14 11:02:00,197,196,197,197,1375100
2022-02-14 11:03:00,197,197,198,198,810700
2022-02-14 11:04:00,197,196,198,196,1259200
2022-02-14 11:05:00,196,195,196,195,518200
2022-02-14 11:06:00,195,194,195,195,1151200
2022-02-14 11:07:00,195,195,196,196,357200
2022-02-14 11:08:00,195,195,196,196,397300
2022-02-14 11:09:00,196,195,196,196,328100
2022-02-14 11:10:00,196,196,197,197,158200
2022-02-14 11:11:00,197,196,197,197,210500
2022-02-14 11:12:00,197,196,197,196,153400
2022-02-14 11:13:00,197,197,198,197,1214700
2022-02-14 11:14:00,197,196,197,197,121100
2022-02-14 11:15:00,197,196,197,197,166300
2022-02-14 11:16:00,196,196,197,196,792800
2022-02-14 11:17:00,196,195,196,195,446900
2022-02-14 11:18:00,195,194,195,194,155600
2022-02-14 11:19:00,194,194,195,195,17600
2022-02-14 11:20:00,195,194,195,194,7600
2022-02-14 11:21:00,194,194,194,194,756300
2022-02-14 11:22:00,194,194,195,194,154400
2022-02-14 11:23:00,194,194,194,194,800
2022-02-14 11:24:00,195,195,195,195,79500
2022-02-14 11:25:00,195,195,195,195,79100
2022-02-14 11:26:00,195,195,195,195,95800
2022-02-14 11:27:00,195,195,196,196,42500
2022-02-14 11:28:00,196,195,196,196,64600
2022-02-14 11:29:00,195,195,196,196,124700
2022-02-14 11:30:00,196,196,196,196,100
2022-02-14 11:31:00,196,196,196,196,0
2022-02-14 11:32:00,196,196,196,196,0
2022-02-14 11:33:00,196,196,196,196,0
2022-02-14 11:34:00,196,196,196,196,0
2022-02-14 11:35:00,196,196,196,196,0
2022-02-14 11:36:00,196,196,196,196,0
2022-02-14 11:37:00,196,196,196,196,0
2022-02-14 11:38:00,196,196,196,196,0
2022-02-14 11:39:00,196,196,196,196,0
2022-02-14 11:40:00,196,196,196,196,0
2022-02-14 11:41:00,196,196,196,196,0
2022-02-14 11:42:00,196,196,196,196,0
2022-02-14 11:43:00,196,196,196,196,0
2022-02-14 11:44:00,196,196,196,196,0
2022-02-14 11:45:00,196,196,196,196,0
2022-02-14 11:46:00,196,196,196,196,0
2022-02-14 11:47:00,196,196,196,196,0
2022-02-14 11:48:00,196,196,196,196,0
2022-02-14 11:49:00,196,196,196,196,0
2022-02-14 11:50:00,196,196,196,196,0
2022-02-14 11:51:00,196,196,196,196,0
2022-02-14 11:52:00,196,196,196,196,0
2022-02-14 11:53:00,196,196,196,196,0
2022-02-14 11:54:00,196,196,196,196,0
2022-02-14 11:55:00,196,196,196,196,0
2022-02-14 11:56:00,196,196,196,196,0
2022-02-14 11:57:00,196,196,196,196,0
2022-02-14 11:58:00,196,196,196,196,0
2022-02-14 11:59:00,196,196,196,196,0
2022-02-14 12:00:00,196,196,196,196,0
2022-02-14 12:01:00,196,196,196,196,0
2022-02-14 12:02:00,196,196,196,196,0
2022-02-14 12:03:00,196,196,196,196,0
2022-02-14 12:04:00,196,196,196,196,0
2022-02-14 12:05:00,196,196,196,196,0
2022-02-14 12:06:00,196,196,196,196,0
2022-02-14 12:07:00,196,196,196,196,0
2022-02-14 12:08:00,196,196,196,196,0
2022-02-14 12:09:00,196,196,196,196,0
2022-02-14 12:10:00,196,196,196,196,0
2022-02-14 12:11:00,196,196,196,196,0
2022-02-14 12:12:00,196,196,196,196,0
2022-02-14 12:13:00,196,196,196,196,0
2022-02-14 12:14:00,196,196,196,196,0
2022-02-14 12:15:00,196,196,196,196,0
2022-02-14 12:16:00,196,196,196,196,0
2022-02-14 12:17:00,196,196,196,196,0
2022-02-14 12:18:00,196,196,196,196,0
2022-02-14 12:19:00,196,196,196,196,0
2022-02-14 12:20:00,196,196,196,196,0
2022-02-14 12:21:00,196,196,196,196,0
2022-02-14 12:22:00,196,196,196,196,0
2022-02-14 12:23:00,196,196,196,196,0
2022-02-14 12:24:00,196,196,196,196,0
2022-02-14 12:25:00,196,196,196,196,0
2022-02-14 12:26:00,196,196,196,196,0
2022-02-14 12:27:00,196,196,196,196,0
2022-02-14 12:28:00,196,196,196,196,0
2022-02-14 12:29:00,196,196,196,196,0
2022-02-14 12:30:00,196,196,196,196,0
2022-02-14 12:31:00,196,196,196,196,0
2022-02-14 12:32:00,196,196,196,196,0
2022-02-14 12:33:00,196,196,196,196,0
2022-02-14 12:34:00,196,196,196,196,0
2022-02-14 12:35:00,196,196,196,196,0
2022-02-14 12:36:00,196,196,196,196,0
2022-02-14 12:37:00,196,196,196,196,0
2022-02-14 12:38:00,196,196,196,196,0
2022-02-14 12:39:00,196,196,196,196,0
2022-02-14 12:40:00,196,196,196,196,0
2022-02-14 12:41:00,196,196,196,196,0
2022-02-14 12:42:00,196,196,196,196,0
2022-02-14 12:43:00,196,196,196,196,0
2022-02-14 12:44:00,196,196,196,196,0
2022-02-14 12:45:00,196,196,196,196,0
2022-02-14 12:46:00,196,196,196,196,0
2022-02-14 12:47:00,196,196,196,196,0
2022-02-14 12:48:00,196,196,196,196,0
2022-02-14 12:49:00,196,196,196,196,0
2022-02-14 12:50:00,196,196,196,196,0
2022-02-14 12:51:00,196,196,196,196,0
2022-02-14 12:52:00,196,196,196,196,0
2022-02-14 12:53:00,196,196,196,196,0
2022-02-14 12:54:00,196,196,196,196,0
2022-02-14 12:55:00,196,196,196,196,0
2022-02-14 12:56:00,196,196,196,196,0
2022-02-14 12:57:00,196,196,196,196,0
2022-02-14 12:58:00,196,196,196,196,0
2022-02-14 12:59:00,196,196,196,196,0
2022-02-14 13:00:00,196,196,196,196,0
2022-02-14 13:01:00,196,196,196,196,0
2022-02-14 13:02:00,196,196,196,196,0
2022-02-14 13:03:00,196,196,196,196,0
2022-02-14 13:04:00,196,196,196,196,0
2022-02-14 13:05:00,196,196,196,196,0
2022-02-14 13:06:00,196,196,196,196,0
2022-02-14 13:07:00,196,196,196,196,0
2022-02-14 13:08:00,196,196,196,196,0
2022-02-14 13:09:00,196,196,196,196,0
2022-02-14 13:10:00,196,196,196,196,0
2022-02-14 13:11:00,196,196,196,196,0
2022-02-14 13:12:00,196,196,196,196,0
2022-02-14 13:13:00,196,196,196,196,0
2022-02-14 13:14:00,196,196,196,196,0
2022-02-14 13:15:00,196,196,196,196,0
2022-02-14 13:16:00,196,196,196,196,0
2022-02-14 13:17:00,196,196,196,196,0
2022-02-14 13:18:00,196,196,196,196,0
2022-02-14 13:19:00,196,196,196,196,0
2022-02-14 13:20:00,196,196,196,196,0
2022-02-14 13:21:00,196,196,196,196,0
2022-02-14 13:22:00,196,196,196,196,0
2022-02-14 13:23:00,196,196,196,196,0
2022-02-14 13:24:00,196,196,196,196,0
2022-02-14 13:25:00,196,196,196,196,0
2022-02-14 13:26:00,196,196,196,196,0
2022-02-14 13:27:00,196,196,196,196,0
2022-02-14 13:28:00,196,196,196,196,0
2022-02-14 13:29:00,196,196,196,196,0
2022-02-14 13:30:00,196,195,196,196,1022300
2022-02-14 13:31:00,196,196,196,196,424300
2022-02-14 13:32:00,196,195,196,195,143600
2022-02-14 13:33:00,195,195,195,195,217000
2022-02-14 13:34:00,195,195,195,195,76500
2022-02-14 13:35:00,195,194,195,194,121800
2022-02-14 13:36:00,195,195,196,195,125200
2022-02-14 13:37:00,195,195,195,195,22700
2022-02-14 13:38:00,195,195,196,196,87900
2022-02-14 13:39:00,195,195,196,195,68700
2022-02-14 13:40:00,195,195,196,195,53400
2022-02-14 13:41:00,195,195,195,195,234600
2022-02-14 13:42:00,195,194,195,195,88100
2022-02-14 13:43:00,195,194,195,195,109700
2022-02-14 13:44:00,195,195,195,195,239700
2022-02-14 13:45:00,195,194,195,194,65200
2022-02-14 13:46:00,194,193,194,194,623100
2022-02-14 13:47:00,193,193,193,193,427800
2022-02-14 13:48:00,193,192,194,193,796900
2022-02-14 13:49:00,193,192,193,193,398700
2022-02-14 13:50:00,193,192,193,193,113400
2022-02-14 13:51:00,192,192,193,192,174100
2022-02-14 13:52:00,193,192,193,193,584700
2022-02-14 13:53:00,192,192,193,192,459900
2022-02-14 13:54:00,192,191,192,191,383100
2022-02-14 13:55:00,191,191,192,192,285000
2022-02-14 13:56:00,192,191,192,191,167300
2022-02-14 13:57:00,192,191,192,192,75900
2022-02-14 13:58:00,192,191,192,192,562100
2022-02-14 13:59:00,192,192,192,192,114800
2022-02-14 14:00:00,192,192,192,192,203700
2022-02-14 14:01:00,193,192,193,193,129900
2022-02-14 14:02:00,193,193,193,193,151000
2022-02-14 14:03:00,194,194,194,194,18800
2022-02-14 14:04:00,194,193,194,193,36900
2022-02-14 14:05:00,194,193,194,194,51100
2022-02-14 14:06:00,194,193,194,194,147000
2022-02-14 14:07:00,193,193,194,193,581200
2022-02-14 14:08:00,193,192,193,192,65500
2022-02-14 14:09:00,193,192,193,193,178700
2022-02-14 14:10:00,193,192,193,192,105300
2022-02-14 14:11:00,192,192,193,193,1300
2022-02-14 14:12:00,193,192,193,192,88400
2022-02-14 14:13:00,192,192,193,192,728200
2022-02-14 14:14:00,192,192,193,192,47200
2022-02-14 14:15:00,192,192,192,192,129600
2022-02-14 14:16:00,192,192,193,193,49100
2022-02-14 14:17:00,192,192,193,192,76900
2022-02-14 14:18:00,192,192,192,192,127000
2022-02-14 14:19:00,191,191,191,191,140100
2022-02-14 14:20:00,192,191,192,192,397100
2022-02-14 14:21:00,192,191,192,192,254800
2022-02-14 14:22:00,192,192,193,193,15900
2022-02-14 14:23:00,192,192,192,192,15100
2022-02-14 14:24:00,193,192,193,192,2700
2022-02-14 14:25:00,192,192,193,192,61000
2022-02-14 14:26:00,192,192,193,193,8800
2022-02-14 14:27:00,192,192,193,192,33100
2022-02-14 14:28:00,192,192,192,192,108400
2022-02-14 14:29:00,192,192,192,192,21600
2022-02-14 14:30:00,192,192,192,192,11700
2022-02-14 14:31:00,192,192,193,192,26300
2022-02-14 14:32:00,193,192,193,192,72000
2022-02-14 14:33:00,192,192,192,192,53900
2022-02-14 14:34:00,192,192,192,192,21900
2022-02-14 14:35:00,193,192,193,192,300
2022-02-14 14:36:00,192,192,192,192,365000
2022-02-14 14:37:00,193,192,193,193,28800
2022-02-14 14:38:00,192,192,193,193,14300
2022-02-14 14:39:00,193,192,193,192,34000
2022-02-14 14:40:00,192,192,193,193,89500
2022-02-14 14:41:00,193,193,193,193,400
2022-02-14 14:42:00,193,192,193,192,39700
2022-02-14 14:43:00,192,192,192,192,450000
2022-02-14 14:44:00,192,192,192,192,129400
2022-02-14 14:45:00,193,193,193,193,922900
2022-02-14 14:46:00,193,193,194,194,45700
2022-02-14 14:47:00,194,193,194,194,693500
2022-02-14 14:48:00,194,194,195,195,193600
2022-02-14 14:49:00,195,194,195,195,567500
2022-02-14 14:50:00,195,195,195,195,100
2022-02-14 14:51:00,195,195,195,195,0
2022-02-14 14:52:00,195,195,195,195,0
2022-02-14 14:53:00,195,195,195,195,0
2022-02-14 14:54:00,195,195,195,195,0
2022-02-14 14:55:00,195,195,195,195,0
2022-02-14 14:56:00,195,195,195,195,0
2022-02-14 14:57:00,195,195,195,195,0
2022-02-14 14:58:00,195,195,195,195,0
2022-02-14 14:59:00,195,195,195,195,0
2022-02-14 15:00:00,195,195,195,195,3603700
2022-02-14 15:01:00,195,195,195,195,346100
2022-02-14 15:02:00,195,195,195,195,314000
2022-02-14 15:03:00,195,195,195,195,826200
2022-02-14 15:04:00,195,195,195,195,237600
2022-02-14 15:05:00,195,195,195,195,30400
2022-02-14 15:06:00,195,195,195,195,249700
2022-02-14 15:07:00,195,195,195,195,500
2022-02-14 15:08:00,195,195,195,195,23300
2022-02-14 15:09:00,195,195,195,195,230000
2022-02-14 15:10:00,195,195,195,195,13000
2022-02-14 15:11:00,195,195,195,195,15100
2022-02-14 15:12:00,195,195,195,195,9100
2022-02-14 15:13:00,195,195,195,195,121300
2022-02-14 15:14:00,195,195,195,195,33700
2022-02-14 15:15:00,195,195,195,195,0
2022-02-14 15:16:00,195,195,195,195,0
2022-02-14 15:17:00,195,195,195,195,0
2022-02-14 15:18:00,195,195,195,195,0
2022-02-14 15:19:00,195,195,195,195,0
2022-02-14 15:20:00,195,195,195,195,0
2022-02-14 15:21:00,195,195,195,195,0
2022-02-14 15:22:00,195,195,195,195,0
2022-02-14 15:23:00,195,195,195,195,0
2022-02-14 15:24:00,195,195,195,195,0
2022-02-14 15:25:00,195,195,195,195,0
2022-02-14 15:26:00,195,195,195,195,0
2022-02-14 15:27:00,195,195,195,195,0
2022-02-14 15:28:00,195,195,195,195,0
2022-02-14 15:29:00,195,195,195,195,0
2022-02-14 15:30:00,195,195,195,195,0
2022-02-14 15:31:00,195,195,195,195,0
2022-02-14 15:32:00,195,195,195,195,0
2022-02-14 15:33:00,195,195,195,195,0
2022-02-14 15:34:00,195,195,195,195,0
2022-02-14 15:35:00,195,195,195,195,0
2022-02-14 15:36:00,195,195,195,195,0
2022-02-14 15:37:00,195,195,195,195,0
2022-02-14 15:38:00,195,195,195,195,0
2022-02-14 15:39:00,195,195,195,195,0
2022-02-14 15:40:00,195,195,195,195,0
2022-02-14 15:41:00,195,195,195,195,0
2022-02-14 15:42:00,195,195,195,195,0
2022-02-14 15:43:00,195,195,195,195,0
2022-02-14 15:44:00,195,195,195,195,0
2022-02-14 15:45:00,195,195,195,195,0
2022-02-14 15:46:00,195,195,195,195,0
2022-02-14 15:47:00,195,195,195,195,0
2022-02-14 15:48:00,195,195,195,195,0
2022-02-14 15:49:00,195,195,195,195,0
2022-02-14 15:50:00,195,195,195,195,0
2022-02-14 15:51:00,195,195,195,195,0
2022-02-14 15:52:00,195,195,195,195,0
2022-02-14 15:53:00,195,195,195,195,0
2022-02-14 15:54:00,195,195,195,195,0
2022-02-14 15:55:00,195,195,195,195,0
2022-02-14 15:56:00,195,195,195,195,0
2022-02-14 15:57:00,195,195,195,195,0
2022-02-14 15:58:00,195,195,195,195,0
2022-02-14 15:59:00,195,195,195,195,0
2022-02-15 09:00:00,195,195,198,197,0
2022-02-15 09:01:00,197,196,198,197,1995200
2022-02-15 09:02:00,198,196,198,197,2588300
2022-02-15 09:03:00,197,196,197,197,618000
2022-02-15 09:04:00,197,197,199,199,1226400
2022-02-15 09:05:00,199,197,199,197,2344500
2022-02-15 09:06:00,197,197,199,198,409900
2022-02-15 09:07:00,198,197,199,199,199300
2022-02-15 09:08:00,198,198,199,198,692300
2022-02-15 09:09:00,198,197,198,197,208600
2022-02-15 09:10:00,197,196,198,196,1093100
2022-02-15 09:11:00,196,196,197,196,253500
2022-02-15 09:12:00,196,196,197,197,315700
2022-02-15 09:13:00,197,196,197,197,416700
2022-02-15 09:14:00,197,196,197,196,561900
2022-02-15 09:15:00,197,196,197,196,360000
2022-02-15 09:16:00,196,195,196,195,1329100
2022-02-15 09:17:00,195,193,195,194,604700
2022-02-15 09:18:00,194,193,194,193,471500
2022-02-15 09:19:00,193,193,194,193,542300
2022-02-15 09:20:00,194,193,194,193,145500
2022-02-15 09:21:00,194,193,194,193,546400
2022-02-15 09:22:00,194,193,194,194,213100
2022-02-15 09:23:00,194,194,195,195,55100
2022-02-15 09:24:00,194,193,194,193,102400
2022-02-15 09:25:00,194,194,195,194,334800
2022-02-15 09:26:00,195,194,195,195,256100
2022-02-15 09:27:00,195,195,196,196,435200
2022-02-15 09:28:00,196,195,196,196,165700
2022-02-15 09:29:00,197,196,197,196,420400
2022-02-15 09:30:00,196,196,197,196,322600
2022-02-15 09:31:00,196,195,196,195,254500
2022-02-15 09:32:00,196,195,196,195,58000
2022-02-15 09:33:00,195,195,195,195,159500
2022-02-15 09:34:00,195,195,195,195,800
2022-02-15 09:35:00,195,194,195,194,20400
2022-02-15 09:36:00,194,194,195,194,30000
2022-02-15 09:37:00,195,194,195,195,68300
2022-02-15 09:38:00,194,194,194,194,121900
2022-02-15 09:39:00,194,194,194,194,287800
2022-02-15 09:40:00,194,194,194,194,11700
2022-02-15 09:41:00,193,193,194,193,52900
2022-02-15 09:42:00,193,193,194,193,41200
2022-02-15 09:43:00,194,193,194,194,105900
2022-02-15 09:44:00,194,194,194,194,46200
2022-02-15 09:45:00,194,194,195,194,22800
2022-02-15 09:46:00,194,194,194,194,35900
2022-02-15 09:47:00,194,193,194,194,51800
2022-02-15 09:48:00,193,193,193,193,39000
2022-02-15 09:49:00,194,194,194,194,40000
2022-02-15 09:50:00,194,193,194,193,15000
2022-02-15 09:51:00,194,194,194,194,4000
2022-02-15 09:52:00,194,193,194,194,42100
2022-02-15 09:53:00,194,193,194,194,25000
2022-02-15 09:54:00,193,193,194,193,82000
2022-02-15 09:55:00,194,194,194,194,2100
2022-02-15 09:56:00,194,194,194,194,4700
2022-02-15 09:57:00,193,193,193,193,2900
2022-02-15 09:58:00,194,194,194,194,272000
2022-02-15 09:59:00,195,194,195,194,8100
2022-02-15 10:00:00,194,194,194,194,21200
2022-02-15 10:01:00,194,194,194,194,2500
2022-02-15 10:02:00,194,194,194,194,13300
2022-02-15 10:03:00,193,193,193,193,17200
2022-02-15 10:04:00,193,193,193,193,371300
2022-02-15 10:05:00,194,194,194,194,200
2022-02-15 10:06:00,193,193,193,193,120600
2022-02-15 10:07:00,193,193,193,193,61200
2022-02-15 10:08:00,193,193,194,194,11700
2022-02-15 10:09:00,194,193,194,193,31400
2022-02-15 10:10:00,193,193,193,193,93500
2022-02-15 10:11:00,193,193,193,193,130700
2022-02-15 10:12:00,193,193,193,193,214000
2022-02-15 10:13:00,193,192,193,193,176000
2022-02-15 10:14:00,192,192,193,193,3500
2022-02-15 10:15:00,193,192,193,193,9100
2022-02-15 10:16:00,193,192,193,192,24500
2022-02-15 10:17:00,192,192,193,193,7400
2022-02-15 10:18:00,193,193,193,193,5000
2022-02-15 10:19:00,193,192,193,192,51500
2022-02-15 10:20:00,193,192,193,193,11600
2022-02-15 10:21:00,193,192,193,193,6400
2022-02-15 10:22:00,193,192,193,193,16100
2022-02-15 10:23:00,192,192,193,193,50400
2022-02-15 10:24:00,192,192,192,192,87500
2022-02-15 10:25:00,192,192,192,192,150000
2022-02-15 10:26:00,192,192,193,192,103400
2022-02-15 10:27:00,192,192,192,192,17800
2022-02-15 10:28:00,192,192,192,192,9400
2022-02-15 10:29:00,192,192,192,192,18600
2022-02-15 10:30:00,193,192,193,192,3700
2022-02-15 10:31:00,192,192,192,192,110500
2022-02-15 10:32:00,192,192,193,193,7100
2022-02-15 10:33:00,192,192,193,193,0
2022-02-15 10:34:00,192,192,193,193,0
2022-02-15 10:35:00,192,191,192,192,1349700
2022-02-15 10:36:00,191,191,191,191,5100
2022-02-15 10:37:00,191,191,191,191,110100
2022-02-15 10:38:00,191,191,192,192,26000
2022-02-15 10:39:00,192,192,192,192,1500
2022-02-15 10:40:00,192,192,192,192,0
2022-02-15 10:41:00,192,192,192,192,2700
2022-02-15 10:42:00,192,191,192,191,4000
2022-02-15 10:43:00,191,191,192,191,216900
2022-02-15 10:44:00,192,191,192,191,77400
2022-02-15 10:45:00,191,191,192,191,4500
2022-02-15 10:46:00,192,192,192,192,67500
2022-02-15 10:47:00,192,192,192,192,14700
2022-02-15 10:48:00,192,192,192,192,3900
2022-02-15 10:49:00,192,192,192,192,2100
2022-02-15 10:50:00,192,192,192,192,100
2022-02-15 10:51:00,192,192,192,192,300
2022-02-15 10:52:00,192,192,192,192,0
2022-02-15 10:53:00,192,192,193,193,2100
2022-02-15 10:54:00,192,192,192,192,67500
2022-02-15 10:55:00,192,191,192,191,181300
2022-02-15 10:56:00,191,191,192,192,113800
2022-02-15 10:57:00,192,191,192,192,43000
2022-02-15 10:58:00,192,192,192,192,7900
2022-02-15 10:59:00,192,191,192,192,117400
2022-02-15 11:00:00,192,192,192,192,7600
2022-02-15 11:01:00,192,191,192,192,54900
2022-02-15 11:02:00,192,191,192,191,40200
2022-02-15 11:03:00,192,191,192,191,0
2022-02-15 11:04:00,191,191,192,192,45000
2022-02-15 11:05:00,192,192,192,192,9600
2022-02-15 11:06:00,192,192,192,192,2100
2022-02-15 11:07:00,192,191,192,191,70800
2022-02-15 11:08:00,191,191,191,191,50000
2022-02-15 11:09:00,191,191,191,191,0
2022-02-15 11:10:00,191,191,191,191,100
2022-02-15 11:11:00,191,191,192,192,22000
2022-02-15 11:12:00,191,191,192,192,20100
2022-02-15 11:13:00,192,192,192,192,100
2022-02-15 11:14:00,192,192,192,192,15100
2022-02-15 11:15:00,192,192,192,192,0
2022-02-15 11:16:00,192,192,192,192,25900
2022-02-15 11:17:00,192,192,193,192,6900
2022-02-15 11:18:00,193,192,193,192,5200
2022-02-15 11:19:00,192,192,192,192,600
2022-02-15 11:20:00,192,192,192,192,0
2022-02-15 11:21:00,192,192,192,192,3200
2022-02-15 11:22:00,192,192,192,192,6000
2022-02-15 11:23:00,192,192,192,192,31900
2022-02-15 11:24:00,192,192,192,192,12000
2022-02-15 11:25:00,192,192,192,192,124400
2022-02-15 11:26:00,191,191,192,192,3100
2022-02-15 11:27:00,191,191,192,191,59600
2022-02-15 11:28:00,191,191,192,192,24800
2022-02-15 11:29:00,192,192,192,192,1000
2022-02-15 11:30:00,192,192,192,192,0
2022-02-15 11:31:00,192,192,192,192,0
2022-02-15 11:32:00,192,192,192,192,0
2022-02-15 11:33:00,192,192,192,192,0
2022-02-15 11:34:00,192,192,192,192,0
2022-02-15 11:35:00,192,192,192,192,0
2022-02-15 11:36:00,192,192,192,192,0
2022-02-15 11:37:00,192,192,192,192,0
2022-02-15 11:38:00,192,192,192,192,0
2022-02-15 11:39:00,192,192,192,192,0
2022-02-15 11:40:00,192,192,192,192,0
2022-02-15 11:41:00,192,192,192,192,0
2022-02-15 11:42:00,192,192,192,192,0
2022-02-15 11:43:00,192,192,192,192,0
2022-02-15 11:44:00,192,192,192,192,0
2022-02-15 11:45:00,192,192,192,192,0
2022-02-15 11:46:00,192,192,192,192,0
2022-02-15 11:47:00,192,192,192,192,0
2022-02-15 11:48:00,192,192,192,192,0
2022-02-15 11:49:00,192,192,192,192,0
2022-02-15 11:50:00,192,192,192,192,0
2022-02-15 11:51:00,192,192,192,192,0
2022-02-15 11:52:00,192,192,192,192,0
2022-02-15 11:53:00,192,192,192,192,0
2022-02-15 11:54:00,192,192,192,192,0
2022-02-15 11:55:00,192,192,192,192,0
2022-02-15 11:56:00,192,192,192,192,0
2022-02-15 11:57:00,192,192,192,192,0
2022-02-15 11:58:00,192,192,192,192,0
2022-02-15 11:59:00,192,192,192,192,0
2022-02-15 12:00:00,192,192,192,192,0
2022-02-15 12:01:00,192,192,192,192,0
2022-02-15 12:02:00,192,192,192,192,0
2022-02-15 12:03:00,192,192,192,192,0
2022-02-15 12:04:00,192,192,192,192,0
2022-02-15 12:05:00,192,192,192,192,0
2022-02-15 12:06:00,192,192,192,192,0
2022-02-15 12:07:00,192,192,192,192,0
2022-02-15 12:08:00,192,192,192,192,0
2022-02-15 12:09:00,192,192,192,192,0
2022-02-15 12:10:00,192,192,192,192,0
2022-02-15 12:11:00,192,192,192,192,0
2022-02-15 12:12:00,192,192,192,192,0
2022-02-15 12:13:00,192,192,192,192,0
2022-02-15 12:14:00,192,192,192,192,0
2022-02-15 12:15:00,192,192,192,192,0
2022-02-15 12:16:00,192,192,192,192,0
2022-02-15 12:17:00,192,192,192,192,0
2022-02-15 12:18:00,192,192,192,192,0
2022-02-15 12:19:00,192,192,192,192,0
2022-02-15 12:20:00,192,192,192,192,0
2022-02-15 12:21:00,192,192,192,192,0
2022-02-15 12:22:00,192,192,192,192,0
2022-02-15 12:23:00,192,192,192,192,0
2022-02-15 12:24:00,192,192,192,192,0
2022-02-15 12:25:00,192,192,192,192,0
2022-02-15 12:26:00,192,192,192,192,0
2022-02-15 12:27:00,192,192,192,192,0
2022-02-15 12:28:00,192,192,192,192,0
2022-02-15 12:29:00,192,192,192,192,0
2022-02-15 12:30:00,192,192,192,192,0
2022-02-15 12:31:00,192,192,192,192,0
2022-02-15 12:32:00,192,192,192,192,0
2022-02-15 12:33:00,192,192,192,192,0
2022-02-15 12:34:00,192,192,192,192,0
2022-02-15 12:35:00,192,192,192,192,0
2022-02-15 12:36:00,192,192,192,192,0
2022-02-15 12:37:00,192,192,192,192,0
2022-02-15 12:38:00,192,192,192,192,0
2022-02-15 12:39:00,192,192,192,192,0
2022-02-15 12:40:00,192,192,192,192,0
2022-02-15 12:41:00,192,192,192,192,0
2022-02-15 12:42:00,192,192,192,192,0
2022-02-15 12:43:00,192,192,192,192,0
2022-02-15 12:44:00,192,192,192,192,0
2022-02-15 12:45:00,192,192,192,192,0
2022-02-15 12:46:00,192,192,192,192,0
2022-02-15 12:47:00,192,192,192,192,0
2022-02-15 12:48:00,192,192,192,192,0
2022-02-15 12:49:00,192,192,192,192,0
2022-02-15 12:50:00,192,192,192,192,0
2022-02-15 12:51:00,192,192,192,192,0
2022-02-15 12:52:00,192,192,192,192,0
2022-02-15 12:53:00,192,192,192,192,0
2022-02-15 12:54:00,192,192,192,192,0
2022-02-15 12:55:00,192,192,192,192,0
2022-02-15 12:56:00,192,192,192,192,0
2022-02-15 12:57:00,192,192,192,192,0
2022-02-15 12:58:00,192,192,192,192,0
2022-02-15 12:59:00,192,192,192,192,0
2022-02-15 13:00:00,192,192,192,192,0
2022-02-15 13:01:00,192,192,192,192,0
2022-02-15 13:02:00,192,192,192,192,0
2022-02-15 13:03:00,192,192,192,192,0
2022-02-15 13:04:00,192,192,192,192,0
2022-02-15 13:05:00,192,192,192,192,0
2022-02-15 13:06:00,192,192,192,192,0
2022-02-15 13:07:00,192,192,192,192,0
2022-02-15 13:08:00,192,192,192,192,0
2022-02-15 13:09:00,192,192,192,192,0
2022-02-15 13:10:00,192,192,192,192,0
2022-02-15 13:11:00,192,192,192,192,0
2022-02-15 13:12:00,192,192,192,192,0
2022-02-15 13:13:00,192,192,192,192,0
2022-02-15 13:14:00,192,192,192,192,0
2022-02-15 13:15:00,192,192,192,192,0
2022-02-15 13:16:00,192,192,192,192,0
2022-02-15 13:17:00,192,192,192,192,0
2022-02-15 13:18:00,192,192,192,192,0
2022-02-15 13:19:00,192,192,192,192,0
2022-02-15 13:20:00,192,192,192,192,0
2022-02-15 13:21:00,192,192,192,192,0
2022-02-15 13:22:00,192,192,192,192,0
2022-02-15 13:23:00,192,192,192,192,0
2022-02-15 13:24:00,192,192,192,192,0
2022-02-15 13:25:00,192,192,192,192,0
2022-02-15 13:26:00,192,192,192,192,0
2022-02-15 13:27:00,192,192,192,192,0
2022-02-15 13:28:00,192,192,192,192,0
2022-02-15 13:29:00,192,192,192,192,0
2022-02-15 13:30:00,191,191,193,192,325700
2022-02-15 13:31:00,192,190,192,191,3180200
2022-02-15 13:32:00,191,191,191,191,1000
2022-02-15 13:33:00,191,191,191,191,13700
2022-02-15 13:34:00,191,191,191,191,4100
2022-02-15 13:35:00,190,190,191,191,82400
2022-02-15 13:36:00,191,190,191,190,43400
2022-02-15 13:37:00,190,190,190,190,195900
2022-02-15 13:38:00,190,190,190,190,16000
2022-02-15 13:39:00,190,189,191,190,308000
2022-02-15 13:40:00,191,190,191,190,17300
2022-02-15 13:41:00,190,190,191,191,5900
2022-02-15 13:42:00,191,190,191,191,153000
2022-02-15 13:43:00,190,190,191,190,138700
2022-02-15 13:44:00,190,190,191,191,226300
2022-02-15 13:45:00,191,191,192,191,182200
2022-02-15 13:46:00,192,192,192,192,500
2022-02-15 13:47:00,192,191,192,192,114900
2022-02-15 13:48:00,192,192,192,192,3500
2022-02-15 13:49:00,192,192,192,192,90500
2022-02-15 13:50:00,192,192,192,192,21100
2022-02-15 13:51:00,192,192,192,192,2000
2022-02-15 13:52:00,192,192,192,192,200
2022-02-15 13:53:00,192,192,193,193,28700
2022-02-15 13:54:00,192,192,193,193,300
2022-02-15 13:55:00,193,191,193,191,228100
2022-02-15 13:56:00,193,191,193,191,0
2022-02-15 13:57:00,191,191,191,191,47500
2022-02-15 13:58:00,191,191,192,192,7000
2022-02-15 13:59:00,192,192,192,192,5500
2022-02-15 14:00:00,192,191,192,191,5400
2022-02-15 14:01:00,191,191,191,191,1300
2022-02-15 14:02:00,191,191,191,191,49500
2022-02-15 14:03:00,191,191,192,191,6500
2022-02-15 14:04:00,191,191,191,191,15000
2022-02-15 14:05:00,191,191,191,191,100
2022-02-15 14:06:00,191,190,191,190,724700
2022-02-15 14:07:00,191,191,191,191,11000
2022-02-15 14:08:00,191,191,191,191,93000
2022-02-15 14:09:00,191,191,191,191,168400
2022-02-15 14:10:00,191,191,191,191,2700
2022-02-15 14:11:00,191,191,192,191,49400
2022-02-15 14:12:00,191,190,191,191,96900
2022-02-15 14:13:00,191,191,191,191,41300
2022-02-15 14:14:00,191,191,191,191,200
2022-02-15 14:15:00,191,191,191,191,0
2022-02-15 14:16:00,191,191,191,191,0
2022-02-15 14:17:00,191,191,191,191,0
2022-02-15 14:18:00,192,192,192,192,100
2022-02-15 14:19:00,191,191,191,191,105100
2022-02-15 14:20:00,191,191,191,191,228000
2022-02-15 14:21:00,191,190,191,191,11000
2022-02-15 14:22:00,190,190,191,191,73400
2022-02-15 14:23:00,191,191,191,191,25400
2022-02-15 14:24:00,191,191,191,191,130000
2022-02-15 14:25:00,191,190,191,191,34700
2022-02-15 14:26:00,191,191,192,192,5100
2022-02-15 14:27:00,192,192,192,192,500
2022-02-15 14:28:00,192,191,192,192,275200
2022-02-15 14:29:00,193,193,194,194,689100
2022-02-15 14:30:00,194,194,196,195,958100
2022-02-15 14:31:00,195,193,195,194,392100
2022-02-15 14:32:00,193,193,194,193,30600
2022-02-15 14:33:00,193,193,194,194,461200
2022-02-15 14:34:00,194,193,194,193,47200
2022-02-15 14:35:00,194,193,194,193,26200
2022-02-15 14:36:00,194,193,194,193,160300
2022-02-15 14:37:00,193,193,193,193,70000
2022-02-15 14:38:00,194,194,194,194,2500
2022-02-15 14:39:00,194,193,194,193,88300
2022-02-15 14:40:00,194,193,194,193,0
2022-02-15 14:41:00,193,193,194,194,29400
2022-02-15 14:42:00,194,193,194,193,141600
2022-02-15 14:43:00,193,193,194,193,698100
2022-02-15 14:44:00,193,193,193,193,96000
2022-02-15 14:45:00,193,192,194,194,23900
2022-02-15 14:46:00,193,192,194,194,0
2022-02-15 14:47:00,194,194,194,194,7000
2022-02-15 14:48:00,194,193,194,193,12900
2022-02-15 14:49:00,194,193,194,194,62300
2022-02-15 14:50:00,194,193,194,194,0
2022-02-15 14:51:00,194,193,194,194,0
2022-02-15 14:52:00,194,193,194,194,0
2022-02-15 14:53:00,194,193,194,194,0
2022-02-15 14:54:00,194,193,194,194,0
2022-02-15 14:55:00,194,193,194,194,0
2022-02-15 14:56:00,194,193,194,194,0
2022-02-15 14:57:00,194,193,194,194,0
2022-02-15 14:58:00,194,193,194,194,0
2022-02-15 14:59:00,194,193,194,194,0
2022-02-15 15:00:00,193,193,193,193,876700
2022-02-15 15:01:00,193,193,193,193,140800
2022-02-15 15:02:00,193,193,193,193,209400
2022-02-15 15:03:00,193,193,193,193,111500
2022-02-15 15:04:00,193,193,193,193,14700
2022-02-15 15:05:00,193,193,193,193,8800
2022-02-15 15:06:00,193,193,193,193,100500
2022-02-15 15:07:00,193,193,193,193,29200
2022-02-15 15:08:00,193,193,193,193,10200
2022-02-15 15:09:00,193,193,193,193,12300
2022-02-15 15:10:00,193,193,193,193,10800
2022-02-15 15:11:00,193,193,193,193,19500
2022-02-15 15:12:00,193,193,193,193,0
2022-02-15 15:13:00,193,193,193,193,0
2022-02-15 15:14:00,193,193,193,193,400
2022-02-15 15:15:00,193,193,193,193,0
2022-02-15 15:16:00,193,193,193,193,0
2022-02-15 15:17:00,193,193,193,193,0
2022-02-15 15:18:00,193,193,193,193,0
2022-02-15 15:19:00,193,193,193,193,0
2022-02-15 15:20:00,193,193,193,193,0
2022-02-15 15:21:00,193,193,193,193,0
2022-02-15 15:22:00,193,193,193,193,0
2022-02-15 15:23:00,193,193,193,193,0
2022-02-15 15:24:00,193,193,193,193,0
2022-02-15 15:25:00,193,193,193,193,0
2022-02-15 15:26:00,193,193,193,193,0
2022-02-15 15:27:00,193,193,193,193,0
2022-02-15 15:28:00,193,193,193,193,0
2022-02-15 15:29:00,193,193,193,193,0
2022-02-15 15:30:00,193,193,193,193,0
2022-02-15 15:31:00,193,193,193,193,0
2022-02-15 15:32:00,193,193,193,193,0
2022-02-15 15:33:00,193,193,193,193,0
2022-02-15 15:34:00,193,193,193,193,0
2022-02-15 15:35:00,193,193,193,193,0
2022-02-15 15:36:00,193,193,193,193,0
2022-02-15 15:37:00,193,193,193,193,0
2022-02-15 15:38:00,193,193,193,193,0
2022-02-15 15:39:00,193,193,193,193,0
2022-02-15 15:40:00,193,193,193,193,0
2022-02-15 15:41:00,193,193,193,193,0
2022-02-15 15:42:00,193,193,193,193,0
2022-02-15 15:43:00,193,193,193,193,0
2022-02-15 15:44:00,193,193,193,193,0
2022-02-15 15:45:00,193,193,193,193,0
2022-02-15 15:46:00,193,193,193,193,0
2022-02-15 15:47:00,193,193,193,193,0
2022-02-15 15:48:00,193,193,193,193,0
2022-02-15 15:49:00,193,193,193,193,0
2022-02-15 15:50:00,193,193,193,193,0
2022-02-15 15:51:00,193,193,193,193,0
2022-02-15 15:52:00,193,193,193,193,0
2022-02-15 15:53:00,193,193,193,193,0
2022-02-15 15:54:00,193,193,193,193,0
2022-02-15 15:55:00,193,193,193,193,0
2022-02-15 15:56:00,193,193,193,193,0
2022-02-15 15:57:00,193,193,193,193,0
2022-02-15 15:58:00,193,193,193,193,0
2022-02-15 15:59:00,193,193,193,193,0
2022-02-16 09:00:00,194,191,194,192,0
2022-02-16 09:01:00,192,190,193,190,1032600
2022-02-16 09:02:00,190,190,191,190,153400
2022-02-16 09:03:00,190,190,190,190,54600
2022-02-16 09:04:00,191,188,191,189,1823800
2022-02-16 09:05:00,188,188,190,189,390000
2022-02-16 09:06:00,189,189,189,189,33400
2022-02-16 09:07:00,189,188,190,189,130300
2022-02-16 09:08:00,189,188,189,189,109400
2022-02-16 09:09:00,188,188,189,189,93300
2022-02-16 09:10:00,189,188,189,189,140000
2022-02-16 09:11:00,189,189,189,189,136100
2022-02-16 09:12:00,189,189,189,189,78000
2022-02-16 09:13:00,189,189,189,189,101400
2022-02-16 09:14:00,189,189,190,189,58800
2022-02-16 09:15:00,189,189,190,190,87100
2022-02-16 09:16:00,190,190,190,190,132200
2022-02-16 09:17:00,190,190,190,190,78400
2022-02-16 09:18:00,189,189,191,191,96300
2022-02-16 09:19:00,191,191,191,191,58400
2022-02-16 09:20:00,191,190,191,190,17000
2022-02-16 09:21:00,191,191,191,191,62700
2022-02-16 09:22:00,190,190,191,190,368900
2022-02-16 09:23:00,190,190,190,190,14500
2022-02-16 09:24:00,190,190,190,190,22000
2022-02-16 09:25:00,190,190,190,190,246100
2022-02-16 09:26:00,190,190,190,190,27700
2022-02-16 09:27:00,190,190,191,190,172100
2022-02-16 09:28:00,189,189,190,189,121100
2022-02-16 09:29:00,190,189,190,190,115500
2022-02-16 09:30:00,189,189,189,189,1000
2022-02-16 09:31:00,190,190,190,190,13100
2022-02-16 09:32:00,189,189,190,190,2600
2022-02-16 09:33:00,190,190,191,191,256100
2022-02-16 09:34:00,192,192,193,193,571600
2022-02-16 09:35:00,193,193,193,193,667500
2022-02-16 09:36:00,193,193,194,194,315100
2022-02-16 09:37:00,194,193,195,194,714300
2022-02-16 09:38:00,194,193,194,193,1851800
2022-02-16 09:39:00,193,191,193,191,190700
2022-02-16 09:40:00,192,191,192,192,203400
2022-02-16 09:41:00,192,192,192,192,6900
2022-02-16 09:42:00,193,192,193,192,283300
2022-02-16 09:43:00,192,192,192,192,40900
2022-02-16 09:44:00,192,192,192,192,11500
2022-02-16 09:45:00,192,192,193,193,44400
2022-02-16 09:46:00,193,192,193,192,2800
2022-02-16 09:47:00,192,192,192,192,166900
2022-02-16 09:48:00,192,192,192,192,20400
2022-02-16 09:49:00,192,192,192,192,2100
2022-02-16 09:50:00,192,192,192,192,29500
2022-02-16 09:51:00,192,192,192,192,58700
2022-02-16 09:52:00,192,192,192,192,5900
2022-02-16 09:53:00,191,191,191,191,12200
2022-02-16 09:54:00,191,191,191,191,0
2022-02-16 09:55:00,192,192,192,192,1000
2022-02-16 09:56:00,191,191,191,191,15800
2022-02-16 09:57:00,191,191,192,192,1700
2022-02-16 09:58:00,192,191,192,191,15200
2022-02-16 09:59:00,191,191,191,191,105200
2022-02-16 10:00:00,191,191,191,191,239700
2022-02-16 10:01:00,191,191,191,191,15000
2022-02-16 10:02:00,191,191,191,191,28300
2022-02-16 10:03:00,192,191,192,191,113200
2022-02-16 10:04:00,191,191,191,191,64000
2022-02-16 10:05:00,191,191,191,191,0
2022-02-16 10:06:00,191,191,192,191,9000
2022-02-16 10:07:00,192,192,192,192,10300
2022-02-16 10:08:00,192,192,192,192,220300
2022-02-16 10:09:00,192,192,192,192,0
2022-02-16 10:10:00,192,192,192,192,0
2022-02-16 10:11:00,192,192,192,192,0
2022-02-16 10:12:00,192,192,192,192,0
2022-02-16 10:13:00,192,192,192,192,77800
2022-02-16 10:14:00,192,192,192,192,0
2022-02-16 10:15:00,192,192,192,192,10000
2022-02-16 10:16:00,192,192,192,192,7900
2022-02-16 10:17:00,192,192,192,192,12500
2022-02-16 10:18:00,192,192,192,192,0
2022-02-16 10:19:00,193,192,193,192,200500
2022-02-16 10:20:00,193,193,193,193,125000
2022-02-16 10:21:00,193,192,193,192,70200
2022-02-16 10:22:00,193,193,193,193,500
2022-02-16 10:23:00,192,192,192,192,60000
2022-02-16 10:24:00,193,193,194,194,39600
2022-02-16 10:25:00,193,193,193,193,66300
2022-02-16 10:26:00,193,193,193,193,12000
2022-02-16 10:27:00,193,192,193,192,393000
2022-02-16 10:28:00,192,192,192,192,1100
2022-02-16 10:29:00,192,192,192,192,200
2022-02-16 10:30:00,192,192,192,192,21600
2022-02-16 10:31:00,192,192,192,192,1600
2022-02-16 10:32:00,192,192,192,192,100
2022-02-16 10:33:00,192,192,192,192,0
2022-02-16 10:34:00,192,191,192,192,80300
2022-02-16 10:35:00,192,191,192,192,0
2022-02-16 10:36:00,192,192,192,192,1400
2022-02-16 10:37:00,192,192,192,192,1800
2022-02-16 10:38:00,193,193,193,193,500
2022-02-16 10:39:00,192,192,192,192,89400
2022-02-16 10:40:00,192,192,192,192,50000
2022-02-16 10:41:00,192,191,192,192,142900
2022-02-16 10:42:00,192,192,192,192,30000
2022-02-16 10:43:00,192,192,192,192,2500
2022-02-16 10:44:00,192,192,192,192,11900
2022-02-16 10:45:00,192,192,192,192,0
2022-02-16 10:46:00,192,192,192,192,500
2022-02-16 10:47:00,192,192,192,192,49100
2022-02-16 10:48:00,192,192,192,192,6400
2022-02-16 10:49:00,192,192,192,192,20200
2022-02-16 10:50:00,192,192,192,192,100
2022-02-16 10:51:00,192,192,192,192,100
2022-02-16 10:52:00,192,192,192,192,0
2022-02-16 10:53:00,192,192,192,192,0
2022-02-16 10:54:00,192,192,192,192,20000
2022-02-16 10:55:00,192,192,192,192,20000
2022-02-16 10:56:00,192,192,192,192,4000
2022-02-16 10:57:00,192,192,192,192,2300
2022-02-16 10:58:00,192,192,192,192,1000
2022-02-16 10:59:00,192,191,192,191,8000
2022-02-16 11:00:00,191,191,191,191,163600
2022-02-16 11:01:00,191,191,191,191,7100
2022-02-16 11:02:00,191,191,191,191,5900
2022-02-16 11:03:00,191,191,191,191,0
2022-02-16 11:04:00,191,191,191,191,1100
2022-02-16 11:05:00,191,191,192,192,65700
2022-02-16 11:06:00,192,192,192,192,90000
2022-02-16 11:07:00,192,192,192,192,2800
2022-02-16 11:08:00,192,191,192,192,126100
2022-02-16 11:09:00,191,191,191,191,39200
2022-02-16 11:10:00,191,191,191,191,40800
2022-02-16 11:11:00,191,191,191,191,23200
2022-02-16 11:12:00,191,191,191,191,800
2022-02-16 11:13:00,191,191,191,191,5000
2022-02-16 11:14:00,191,191,191,191,0
2022-02-16 11:15:00,191,191,191,191,40000
2022-02-16 11:16:00,191,191,191,191,45200
2022-02-16 11:17:00,191,191,191,191,5000
2022-02-16 11:18:00,191,191,191,191,200
2022-02-16 11:19:00,191,191,191,191,0
2022-02-16 11:20:00,191,191,191,191,500
2022-02-16 11:21:00,192,192,192,192,110500
2022-02-16 11:22:00,192,192,192,192,10000
2022-02-16 11:23:00,192,191,192,191,20000
2022-02-16 11:24:00,191,191,191,191,8000
2022-02-16 11:25:00,191,191,191,191,31000
2022-02-16 11:26:00,191,191,191,191,0
2022-02-16 11:27:00,191,191,191,191,0
2022-02-16 11:28:00,191,191,191,191,10300
2022-02-16 11:29:00,191,191,191,191,200
2022-02-16 11:30:00,191,191,191,191,0
2022-02-16 11:31:00,191,191,191,191,0
2022-02-16 11:32:00,191,191,191,191,0
2022-02-16 11:33:00,191,191,191,191,0
2022-02-16 11:34:00,191,191,191,191,0
2022-02-16 11:35:00,191,191,191,191,0
2022-02-16 11:36:00,191,191,191,191,0
2022-02-16 11:37:00,191,191,191,191,0
2022-02-16 11:38:00,191,191,191,191,0
2022-02-16 11:39:00,191,191,191,191,0
2022-02-16 11:40:00,191,191,191,191,0
2022-02-16 11:41:00,191,191,191,191,0
2022-02-16 11:42:00,191,191,191,191,0
2022-02-16 11:43:00,191,191,191,191,0
2022-02-16 11:44:00,191,191,191,191,0
2022-02-16 11:45:00,191,191,191,191,0
2022-02-16 11:46:00,191,191,191,191,0
2022-02-16 11:47:00,191,191,191,191,0
2022-02-16 11:48:00,191,191,191,191,0
2022-02-16 11:49:00,191,191,191,191,0
2022-02-16 11:50:00,191,191,191,191,0
2022-02-16 11:51:00,191,191,191,191,0
2022-02-16 11:52:00,191,191,191,191,0
2022-02-16 11:53:00,191,191,191,191,0
2022-02-16 11:54:00,191,191,191,191,0
2022-02-16 11:55:00,191,191,191,191,0
2022-02-16 11:56:00,191,191,191,191,0
2022-02-16 11:57:00,191,191,191,191,0
2022-02-16 11:58:00,191,191,191,191,0
2022-02-16 11:59:00,191,191,191,191,0
2022-02-16 12:00:00,191,191,191,191,0
2022-02-16 12:01:00,191,191,191,191,0
2022-02-16 12:02:00,191,191,191,191,0
2022-02-16 12:03:00,191,191,191,191,0
2022-02-16 12:04:00,191,191,191,191,0
2022-02-16 12:05:00,191,191,191,191,0
2022-02-16 12:06:00,191,191,191,191,0
2022-02-16 12:07:00,191,191,191,191,0
2022-02-16 12:08:00,191,191,191,191,0
2022-02-16 12:09:00,191,191,191,191,0
2022-02-16 12:10:00,191,191,191,191,0
2022-02-16 12:11:00,191,191,191,191,0
2022-02-16 12:12:00,191,191,191,191,0
2022-02-16 12:13:00,191,191,191,191,0
2022-02-16 12:14:00,191,191,191,191,0
2022-02-16 12:15:00,191,191,191,191,0
2022-02-16 12:16:00,191,191,191,191,0
2022-02-16 12:17:00,191,191,191,191,0
2022-02-16 12:18:00,191,191,191,191,0
2022-02-16 12:19:00,191,191,191,191,0
2022-02-16 12:20:00,191,191,191,191,0
2022-02-16 12:21:00,191,191,191,191,0
2022-02-16 12:22:00,191,191,191,191,0
2022-02-16 12:23:00,191,191,191,191,0
2022-02-16 12:24:00,191,191,191,191,0
2022-02-16 12:25:00,191,191,191,191,0
2022-02-16 12:26:00,191,191,191,191,0
2022-02-16 12:27:00,191,191,191,191,0
2022-02-16 12:28:00,191,191,191,191,0
2022-02-16 12:29:00,191,191,191,191,0
2022-02-16 12:30:00,191,191,191,191,0
2022-02-16 12:31:00,191,191,191,191,0
2022-02-16 12:32:00,191,191,191,191,0
2022-02-16 12:33:00,191,191,191,191,0
2022-02-16 12:34:00,191,191,191,191,0
2022-02-16 12:35:00,191,191,191,191,0
2022-02-16 12:36:00,191,191,191,191,0
2022-02-16 12:37:00,191,191,191,191,0
2022-02-16 12:38:00,191,191,191,191,0
2022-02-16 12:39:00,191,191,191,191,0
2022-02-16 12:40:00,191,191,191,191,0
2022-02-16 12:41:00,191,191,191,191,0
2022-02-16 12:42:00,191,191,191,191,0
2022-02-16 12:43:00,191,191,191,191,0
2022-02-16 12:44:00,191,191,191,191,0
2022-02-16 12:45:00,191,191,191,191,0
2022-02-16 12:46:00,191,191,191,191,0
2022-02-16 12:47:00,191,191,191,191,0
2022-02-16 12:48:00,191,191,191,191,0
2022-02-16 12:49:00,191,191,191,191,0
2022-02-16 12:50:00,191,191,191,191,0
2022-02-16 12:51:00,191,191,191,191,0
2022-02-16 12:52:00,191,191,191,191,0
2022-02-16 12:53:00,191,191,191,191,0
2022-02-16 12:54:00,191,191,191,191,0
2022-02-16 12:55:00,191,191,191,191,0
2022-02-16 12:56:00,191,191,191,191,0
2022-02-16 12:57:00,191,191,191,191,0
2022-02-16 12:58:00,191,191,191,191,0
2022-02-16 12:59:00,191,191,191,191,0
2022-02-16 13:00:00,191,191,191,191,0
2022-02-16 13:01:00,191,191,191,191,0
2022-02-16 13:02:00,191,191,191,191,0
2022-02-16 13:03:00,191,191,191,191,0
2022-02-16 13:04:00,191,191,191,191,0
2022-02-16 13:05:00,191,191,191,191,0
2022-02-16 13:06:00,191,191,191,191,0
2022-02-16 13:07:00,191,191,191,191,0
2022-02-16 13:08:00,191,191,191,191,0
2022-02-16 13:09:00,191,191,191,191,0
2022-02-16 13:10:00,191,191,191,191,0
2022-02-16 13:11:00,191,191,191,191,0
2022-02-16 13:12:00,191,191,191,191,0
2022-02-16 13:13:00,191,191,191,191,0
2022-02-16 13:14:00,191,191,191,191,0
2022-02-16 13:15:00,191,191,191,191,0
2022-02-16 13:16:00,191,191,191,191,0
2022-02-16 13:17:00,191,191,191,191,0
2022-02-16 13:18:00,191,191,191,191,0
2022-02-16 13:19:00,191,191,191,191,0
2022-02-16 13:20:00,191,191,191,191,0
2022-02-16 13:21:00,191,191,191,191,0
2022-02-16 13:22:00,191,191,191,191,0
2022-02-16 13:23:00,191,191,191,191,0
2022-02-16 13:24:00,191,191,191,191,0
2022-02-16 13:25:00,191,191,191,191,0
2022-02-16 13:26:00,191,191,191,191,0
2022-02-16 13:27:00,191,191,191,191,0
2022-02-16 13:28:00,191,191,191,191,0
2022-02-16 13:29:00,191,191,191,191,0
2022-02-16 13:30:00,191,191,192,191,14800
2022-02-16 13:31:00,192,192,192,192,100
2022-02-16 13:32:00,192,192,192,192,7500
2022-02-16 13:33:00,192,192,192,192,0
2022-02-16 13:34:00,192,192,192,192,200
2022-02-16 13:35:00,192,192,192,192,0
2022-02-16 13:36:00,192,192,192,192,5100
2022-02-16 13:37:00,192,192,192,192,0
2022-02-16 13:38:00,192,192,192,192,0
2022-02-16 13:39:00,192,192,192,192,0
2022-02-16 13:40:00,191,191,191,191,25500
2022-02-16 13:41:00,192,192,192,192,100
2022-02-16 13:42:00,192,192,192,192,0
2022-02-16 13:43:00,192,192,192,192,0
2022-02-16 13:44:00,192,192,192,192,0
2022-02-16 13:45:00,192,191,192,191,1000
2022-02-16 13:46:00,191,191,191,191,100000
2022-02-16 13:47:00,191,191,191,191,0
2022-02-16 13:48:00,191,191,191,191,5900
2022-02-16 13:49:00,191,191,191,191,0
2022-02-16 13:50:00,191,191,191,191,0
2022-02-16 13:51:00,192,192,192,192,300
2022-02-16 13:52:00,192,192,192,192,0
2022-02-16 13:53:00,191,191,192,192,11900
2022-02-16 13:54:00,192,192,192,192,10000
2022-02-16 13:55:00,192,192,192,192,103000
2022-02-16 13:56:00,192,192,192,192,15100
2022-02-16 13:57:00,191,191,191,191,112500
2022-02-16 13:58:00,192,192,192,192,14200
2022-02-16 13:59:00,191,191,191,191,400200
2022-02-16 14:00:00,191,190,191,190,156800
2022-02-16 14:01:00,190,190,190,190,6100
2022-02-16 14:02:00,190,190,190,190,113000
2022-02-16 14:03:00,190,190,190,190,5100
2022-02-16 14:04:00,190,190,191,191,98800
2022-02-16 14:05:00,190,190,191,191,1800
2022-02-16 14:06:00,191,191,191,191,700
2022-02-16 14:07:00,191,191,191,191,100
2022-02-16 14:08:00,191,191,191,191,0
2022-02-16 14:09:00,191,191,191,191,1500
2022-02-16 14:10:00,191,191,191,191,110600
2022-02-16 14:11:00,191,191,191,191,0
2022-02-16 14:12:00,191,191,191,191,0
2022-02-16 14:13:00,190,190,190,190,700
2022-02-16 14:14:00,190,190,191,191,5200
2022-02-16 14:15:00,190,190,191,191,0
2022-02-16 14:16:00,190,190,191,191,14000
2022-02-16 14:17:00,191,191,191,191,131000
2022-02-16 14:18:00,191,191,191,191,2000
2022-02-16 14:19:00,191,190,191,190,52000
2022-02-16 14:20:00,190,190,191,191,84500
2022-02-16 14:21:00,191,191,191,191,10000
2022-02-16 14:22:00,191,190,191,190,192400
2022-02-16 14:23:00,191,190,191,190,0
2022-02-16 14:24:00,190,190,190,190,6000
2022-02-16 14:25:00,191,190,191,190,12600
2022-02-16 14:26:00,191,190,191,190,0
2022-02-16 14:27:00,190,190,190,190,2900
2022-02-16 14:28:00,190,190,190,190,300200
2022-02-16 14:29:00,190,190,190,190,16300
2022-02-16 14:30:00,190,190,191,190,34000
2022-02-16 14:31:00,190,190,191,190,0
2022-02-16 14:32:00,190,190,191,191,19400
2022-02-16 14:33:00,190,190,190,190,2000
2022-02-16 14:34:00,190,190,190,190,0
2022-02-16 14:35:00,191,191,191,191,7500
2022-02-16 14:36:00,190,190,190,190,13600
2022-02-16 14:37:00,190,190,190,190,23200
2022-02-16 14:38:00,191,190,191,190,79000
2022-02-16 14:39:00,191,190,191,191,112500
2022-02-16 14:40:00,191,191,191,191,10000
2022-02-16 14:41:00,191,191,191,191,10000
2022-02-16 14:42:00,191,190,191,190,108200
2022-02-16 14:43:00,190,190,190,190,4000
2022-02-16 14:44:00,190,190,191,191,1000
2022-02-16 14:45:00,190,190,190,190,10000
2022-02-16 14:46:00,191,190,191,191,32500
2022-02-16 14:47:00,191,190,191,190,17600
2022-02-16 14:48:00,191,191,191,191,102000
2022-02-16 14:49:00,190,190,191,191,224400
2022-02-16 14:50:00,190,190,191,191,0
2022-02-16 14:51:00,190,190,191,191,0
2022-02-16 14:52:00,190,190,191,191,0
2022-02-16 14:53:00,190,190,191,191,0
2022-02-16 14:54:00,190,190,191,191,0
2022-02-16 14:55:00,190,190,191,191,0
2022-02-16 14:56:00,190,190,191,191,0
2022-02-16 14:57:00,190,190,191,191,0
2022-02-16 14:58:00,190,190,191,191,0
2022-02-16 14:59:00,190,190,191,191,0
2022-02-16 15:00:00,191,191,191,191,607200
2022-02-16 15:01:00,191,191,191,191,500
2022-02-16 15:02:00,191,191,191,191,0
2022-02-16 15:03:00,191,191,191,191,2000
2022-02-16 15:04:00,191,191,191,191,0
2022-02-16 15:05:00,191,191,191,191,7500
2022-02-16 15:06:00,191,191,191,191,0
2022-02-16 15:07:00,191,191,191,191,0
2022-02-16 15:08:00,191,191,191,191,32000
2022-02-16 15:09:00,191,191,191,191,200
2022-02-16 15:10:00,191,191,191,191,3500
2022-02-16 15:11:00,191,191,191,191,87800
2022-02-16 15:12:00,191,191,191,191,0
2022-02-16 15:13:00,191,191,191,191,0
2022-02-16 15:14:00,191,191,191,191,49400
2022-02-16 15:15:00,191,191,191,191,0
2022-02-16 15:16:00,191,191,191,191,0
2022-02-16 15:17:00,191,191,191,191,0
2022-02-16 15:18:00,191,191,191,191,0
2022-02-16 15:19:00,191,191,191,191,0
2022-02-16 15:20:00,191,191,191,191,0
2022-02-16 15:21:00,191,191,191,191,0
2022-02-16 15:22:00,191,191,191,191,0
2022-02-16 15:23:00,191,191,191,191,0
2022-02-16 15:24:00,191,191,191,191,0
2022-02-16 15:25:00,191,191,191,191,0
2022-02-16 15:26:00,191,191,191,191,0
2022-02-16 15:27:00,191,191,191,191,0
2022-02-16 15:28:00,191,191,191,191,0
2022-02-16 15:29:00,191,191,191,191,0
2022-02-16 15:30:00,191,191,191,191,0
2022-02-16 15:31:00,191,191,191,191,0
2022-02-16 15:32:00,191,191,191,191,0
2022-02-16 15:33:00,191,191,191,191,0
2022-02-16 15:34:00,191,191,191,191,0
2022-02-16 15:35:00,191,191,191,191,0
2022-02-16 15:36:00,191,191,191,191,0
2022-02-16 15:37:00,191,191,191,191,0
2022-02-16 15:38:00,191,191,191,191,0
2022-02-16 15:39:00,191,191,191,191,0
2022-02-16 15:40:00,191,191,191,191,0
2022-02-16 15:41:00,191,191,191,191,0
2022-02-16 15:42:00,191,191,191,191,0
2022-02-16 15:43:00,191,191,191,191,0
2022-02-16 15:44:00,191,191,191,191,0
2022-02-16 15:45:00,191,191,191,191,0
2022-02-16 15:46:00,191,191,191,191,0
2022-02-16 15:47:00,191,191,191,191,0
2022-02-16 15:48:00,191,191,191,191,0
2022-02-16 15:49:00,191,191,191,191,0
2022-02-16 15:50:00,191,191,191,191,0
2022-02-16 15:51:00,191,191,191,191,0
2022-02-16 15:52:00,191,191,191,191,0
2022-02-16 15:53:00,191,191,191,191,0
2022-02-16 15:54:00,191,191,191,191,0
2022-02-16 15:55:00,191,191,191,191,0
2022-02-16 15:56:00,191,191,191,191,0
2022-02-16 15:57:00,191,191,191,191,0
2022-02-16 15:58:00,191,191,191,191,0
2022-02-16 15:59:00,191,191,191,191,0
2022-02-17 09:00:00,191,191,192,192,0
2022-02-17 09:01:00,192,191,192,192,312800
2022-02-17 09:02:00,193,193,193,193,86300
2022-02-17 09:03:00,193,193,194,193,41700
2022-02-17 09:04:00,194,194,194,194,223100
2022-02-17 09:05:00,194,194,195,195,73900
2022-02-17 09:06:00,194,194,195,195,394900
2022-02-17 09:07:00,194,193,195,193,325900
2022-02-17 09:08:00,193,193,193,193,46000
2022-02-17 09:09:00,194,193,194,193,12800
2022-02-17 09:10:00,194,193,194,193,0
2022-02-17 09:11:00,193,193,193,193,26100
2022-02-17 09:12:00,193,193,194,194,202400
2022-02-17 09:13:00,194,193,194,194,546900
2022-02-17 09:14:00,194,194,194,194,334200
2022-02-17 09:15:00,194,194,194,194,128400
2022-02-17 09:16:00,194,194,198,197,4238900
2022-02-17 09:17:00,197,196,198,196,2341000
2022-02-17 09:18:00,195,195,197,197,885000
2022-02-17 09:19:00,196,196,197,197,768500
2022-02-17 09:20:00,196,196,198,198,3461100
2022-02-17 09:21:00,198,198,199,199,1797800
2022-02-17 09:22:00,199,199,202,200,4523200
2022-02-17 09:23:00,202,200,202,202,2728000
2022-02-17 09:24:00,202,200,202,200,1955200
2022-02-17 09:25:00,202,200,202,202,729300
2022-02-17 09:26:00,202,200,202,202,2648300
2022-02-17 09:27:00,202,202,204,204,1002400
2022-02-17 09:28:00,202,202,204,204,896400
2022-02-17 09:29:00,204,200,204,202,2346100
2022-02-17 09:30:00,202,198,202,198,4465800
2022-02-17 09:31:00,199,198,200,200,1676200
2022-02-17 09:32:00,199,199,202,202,2274900
2022-02-17 09:33:00,202,200,204,200,812900
2022-02-17 09:34:00,200,200,202,202,1142800
2022-02-17 09:35:00,200,200,202,200,473100
2022-02-17 09:36:00,200,199,200,200,280800
2022-02-17 09:37:00,199,199,200,200,446000
2022-02-17 09:38:00,200,200,200,200,333600
2022-02-17 09:39:00,200,199,200,199,412800
2022-02-17 09:40:00,200,199,200,200,48200
2022-02-17 09:41:00,200,199,200,199,321100
2022-02-17 09:42:00,199,199,200,199,14400
2022-02-17 09:43:00,199,199,200,200,389400
2022-02-17 09:44:00,200,199,200,200,513700
2022-02-17 09:45:00,200,199,200,199,28100
2022-02-17 09:46:00,199,199,199,199,8000
2022-02-17 09:47:00,199,199,200,199,122800
2022-02-17 09:48:00,200,199,200,200,258700
2022-02-17 09:49:00,200,199,200,200,30100
2022-02-17 09:50:00,200,200,200,200,70000
2022-02-17 09:51:00,200,199,200,199,65500
2022-02-17 09:52:00,200,199,200,199,31700
2022-02-17 09:53:00,199,199,199,199,148000
2022-02-17 09:54:00,199,199,199,199,270400
2022-02-17 09:55:00,199,199,199,199,541400
2022-02-17 09:56:00,199,198,199,198,643500
2022-02-17 09:57:00,198,198,199,199,227700
2022-02-17 09:58:00,199,199,199,199,86800
2022-02-17 09:59:00,198,198,199,198,1188700
2022-02-17 10:00:00,198,198,199,198,1224300
2022-02-17 10:01:00,198,198,198,198,305300
2022-02-17 10:02:00,198,198,199,198,75900
2022-02-17 10:03:00,198,198,198,198,188100
2022-02-17 10:04:00,199,199,199,199,5000
2022-02-17 10:05:00,198,198,199,199,113800
2022-02-17 10:06:00,199,198,199,198,85200
2022-02-17 10:07:00,198,197,198,197,646500
2022-02-17 10:08:00,197,197,198,197,1791200
2022-02-17 10:09:00,197,197,198,197,233600
2022-02-17 10:10:00,197,197,198,197,112800
2022-02-17 10:11:00,197,197,197,197,297600
2022-02-17 10:12:00,197,197,197,197,1507600
2022-02-17 10:13:00,196,196,197,196,272000
2022-02-17 10:14:00,197,196,197,196,601900
2022-02-17 10:15:00,196,196,197,197,58700
2022-02-17 10:16:00,196,196,196,196,443300
2022-02-17 10:17:00,196,196,196,196,82600
2022-02-17 10:18:00,196,196,197,196,54500
2022-02-17 10:19:00,196,196,197,196,278000
2022-02-17 10:20:00,197,196,197,197,73000
2022-02-17 10:21:00,196,196,196,196,4000
2022-02-17 10:22:00,197,197,197,197,5000
2022-02-17 10:23:00,196,196,197,197,35500
2022-02-17 10:24:00,196,196,197,197,256900
2022-02-17 10:25:00,197,196,197,196,23200
2022-02-17 10:26:00,197,196,197,197,244100
2022-02-17 10:27:00,197,197,197,197,343000
2022-02-17 10:28:00,197,197,197,197,22300
2022-02-17 10:29:00,196,196,197,196,65300
2022-02-17 10:30:00,197,196,197,196,9000
2022-02-17 10:31:00,196,196,197,197,208800
2022-02-17 10:32:00,197,197,197,197,3400
2022-02-17 10:33:00,197,197,197,197,21800
2022-02-17 10:34:00,197,196,197,197,64200
2022-02-17 10:35:00,196,196,197,197,386900
2022-02-17 10:36:00,197,197,197,197,12000
2022-02-17 10:37:00,197,196,197,196,30500
2022-02-17 10:38:00,196,196,197,197,99200
2022-02-17 10:39:00,198,198,198,198,232100
2022-02-17 10:40:00,198,198,198,198,81200
2022-02-17 10:41:00,197,197,198,198,230700
2022-02-17 10:42:00,198,198,198,198,35000
2022-02-17 10:43:00,198,198,198,198,44000
2022-02-17 10:44:00,198,198,198,198,14900
2022-02-17 10:45:00,197,197,198,198,109900
2022-02-17 10:46:00,198,198,198,198,2400
2022-02-17 10:47:00,198,197,198,197,2200
2022-02-17 10:48:00,197,197,198,197,23300
2022-02-17 10:49:00,197,197,197,197,250500
2022-02-17 10:50:00,197,197,197,197,305400
2022-02-17 10:51:00,197,197,197,197,514700
2022-02-17 10:52:00,197,197,197,197,75200
2022-02-17 10:53:00,197,197,197,197,50900
2022-02-17 10:54:00,197,197,197,197,15000
2022-02-17 10:55:00,197,197,197,197,0
2022-02-17 10:56:00,197,197,197,197,22900
2022-02-17 10:57:00,197,197,197,197,13900
2022-02-17 10:58:00,197,197,197,197,30500
2022-02-17 10:59:00,197,197,197,197,140600
2022-02-17 11:00:00,197,197,197,197,41500
2022-02-17 11:01:00,197,197,198,198,17700
2022-02-17 11:02:00,197,197,198,198,0
2022-02-17 11:03:00,197,197,198,198,0
2022-02-17 11:04:00,198,197,198,197,11900
2022-02-17 11:05:00,197,197,197,197,17500
2022-02-17 11:06:00,197,196,197,196,50000
2022-02-17 11:07:00,196,196,197,197,400
2022-02-17 11:08:00,197,197,197,197,100
2022-02-17 11:09:00,197,197,197,197,10600
2022-02-17 11:10:00,197,197,197,197,4000
2022-02-17 11:11:00,197,197,197,197,0
2022-02-17 11:12:00,197,197,197,197,34800
2022-02-17 11:13:00,197,197,197,197,110300
2022-02-17 11:14:00,197,197,197,197,8000
2022-02-17 11:15:00,197,197,197,197,3200
2022-02-17 11:16:00,197,197,197,197,6200
2022-02-17 11:17:00,196,196,196,196,100
2022-02-17 11:18:00,196,196,197,197,14200
2022-02-17 11:19:00,197,197,197,197,3000
2022-02-17 11:20:00,197,197,197,197,100
2022-02-17 11:21:00,197,197,197,197,5000
2022-02-17 11:22:00,197,197,197,197,300
2022-02-17 11:23:00,196,196,197,197,124600
2022-02-17 11:24:00,197,196,197,196,75900
2022-02-17 11:25:00,197,196,197,196,3700
2022-02-17 11:26:00,197,197,197,197,18900
2022-02-17 11:27:00,196,196,196,196,52500
2022-02-17 11:28:00,196,196,196,196,22800
2022-02-17 11:29:00,196,196,196,196,20600
2022-02-17 11:30:00,196,196,196,196,0
2022-02-17 11:31:00,196,196,196,196,0
2022-02-17 11:32:00,196,196,196,196,0
2022-02-17 11:33:00,196,196,196,196,0
2022-02-17 11:34:00,196,196,196,196,0
2022-02-17 11:35:00,196,196,196,196,0
2022-02-17 11:36:00,196,196,196,196,0
2022-02-17 11:37:00,196,196,196,196,0
2022-02-17 11:38:00,196,196,196,196,0
2022-02-17 11:39:00,196,196,196,196,0
2022-02-17 11:40:00,196,196,196,196,0
2022-02-17 11:41:00,196,196,196,196,0
2022-02-17 11:42:00,196,196,196,196,0
2022-02-17 11:43:00,196,196,196,196,0
2022-02-17 11:44:00,196,196,196,196,0
2022-02-17 11:45:00,196,196,196,196,0
2022-02-17 11:46:00,196,196,196,196,0
2022-02-17 11:47:00,196,196,196,196,0
2022-02-17 11:48:00,196,196,196,196,0
2022-02-17 11:49:00,196,196,196,196,0
2022-02-17 11:50:00,196,196,196,196,0
2022-02-17 11:51:00,196,196,196,196,0
2022-02-17 11:52:00,196,196,196,196,0
2022-02-17 11:53:00,196,196,196,196,0
2022-02-17 11:54:00,196,196,196,196,0
2022-02-17 11:55:00,196,196,196,196,0
2022-02-17 11:56:00,196,196,196,196,0
2022-02-17 11:57:00,196,196,196,196,0
2022-02-17 11:58:00,196,196,196,196,0
2022-02-17 11:59:00,196,196,196,196,0
2022-02-17 12:00:00,196,196,196,196,0
2022-02-17 12:01:00,196,196,196,196,0
2022-02-17 12:02:00,196,196,196,196,0
2022-02-17 12:03:00,196,196,196,196,0
2022-02-17 12:04:00,196,196,196,196,0
2022-02-17 12:05:00,196,196,196,196,0
2022-02-17 12:06:00,196,196,196,196,0
2022-02-17 12:07:00,196,196,196,196,0
2022-02-17 12:08:00,196,196,196,196,0
2022-02-17 12:09:00,196,196,196,196,0
2022-02-17 12:10:00,196,196,196,196,0
2022-02-17 12:11:00,196,196,196,196,0
2022-02-17 12:12:00,196,196,196,196,0
2022-02-17 12:13:00,196,196,196,196,0
2022-02-17 12:14:00,196,196,196,196,0
2022-02-17 12:15:00,196,196,196,196,0
2022-02-17 12:16:00,196,196,196,196,0
2022-02-17 12:17:00,196,196,196,196,0
2022-02-17 12:18:00,196,196,196,196,0
2022-02-17 12:19:00,196,196,196,196,0
2022-02-17 12:20:00,196,196,196,196,0
2022-02-17 12:21:00,196,196,196,196,0
2022-02-17 12:22:00,196,196,196,196,0
2022-02-17 12:23:00,196,196,196,196,0
2022-02-17 12:24:00,196,196,196,196,0
2022-02-17 12:25:00,196,196,196,196,0
2022-02-17 12:26:00,196,196,196,196,0
2022-02-17 12:27:00,196,196,196,196,0
2022-02-17 12:28:00,196,196,196,196,0
2022-02-17 12:29:00,196,196,196,196,0
2022-02-17 12:30:00,196,196,196,196,0
2022-02-17 12:31:00,196,196,196,196,0
2022-02-17 12:32:00,196,196,196,196,0
2022-02-17 12:33:00,196,196,196,196,0
2022-02-17 12:34:00,196,196,196,196,0
2022-02-17 12:35:00,196,196,196,196,0
2022-02-17 12:36:00,196,196,196,196,0
2022-02-17 12:37:00,196,196,196,196,0
2022-02-17 12:38:00,196,196,196,196,0
2022-02-17 12:39:00,196,196,196,196,0
2022-02-17 12:40:00,196,196,196,196,0
2022-02-17 12:41:00,196,196,196,196,0
2022-02-17 12:42:00,196,196,196,196,0
2022-02-17 12:43:00,196,196,196,196,0
2022-02-17 12:44:00,196,196,196,196,0
2022-02-17 12:45:00,196,196,196,196,0
2022-02-17 12:46:00,196,196,196,196,0
2022-02-17 12:47:00,196,196,196,196,0
2022-02-17 12:48:00,196,196,196,196,0
2022-02-17 12:49:00,196,196,196,196,0
2022-02-17 12:50:00,196,196,196,196,0
2022-02-17 12:51:00,196,196,196,196,0
2022-02-17 12:52:00,196,196,196,196,0
2022-02-17 12:53:00,196,196,196,196,0
2022-02-17 12:54:00,196,196,196,196,0
2022-02-17 12:55:00,196,196,196,196,0
2022-02-17 12:56:00,196,196,196,196,0
2022-02-17 12:57:00,196,196,196,196,0
2022-02-17 12:58:00,196,196,196,196,0
2022-02-17 12:59:00,196,196,196,196,0
2022-02-17 13:00:00,196,196,196,196,0
2022-02-17 13:01:00,196,196,196,196,0
2022-02-17 13:02:00,196,196,196,196,0
2022-02-17 13:03:00,196,196,196,196,0
2022-02-17 13:04:00,196,196,196,196,0
2022-02-17 13:05:00,196,196,196,196,0
2022-02-17 13:06:00,196,196,196,196,0
2022-02-17 13:07:00,196,196,196,196,0
2022-02-17 13:08:00,196,196,196,196,0
2022-02-17 13:09:00,196,196,196,196,0
2022-02-17 13:10:00,196,196,196,196,0
2022-02-17 13:11:00,196,196,196,196,0
2022-02-17 13:12:00,196,196,196,196,0
2022-02-17 13:13:00,196,196,196,196,0
2022-02-17 13:14:00,196,196,196,196,0
2022-02-17 13:15:00,196,196,196,196,0
2022-02-17 13:16:00,196,196,196,196,0
2022-02-17 13:17:00,196,196,196,196,0
2022-02-17 13:18:00,196,196,196,196,0
2022-02-17 13:19:00,196,196,196,196,0
2022-02-17 13:20:00,196,196,196,196,0
2022-02-17 13:21:00,196,196,196,196,0
2022-02-17 13:22:00,196,196,196,196,0
2022-02-17 13:23:00,196,196,196,196,0
2022-02-17 13:24:00,196,196,196,196,0
2022-02-17 13:25:00,196,196,196,196,0
2022-02-17 13:26:00,196,196,196,196,0
2022-02-17 13:27:00,196,196,196,196,0
2022-02-17 13:28:00,196,196,196,196,0
2022-02-17 13:29:00,196,196,196,196,0
2022-02-17 13:30:00,196,196,197,197,221600
2022-02-17 13:31:00,197,196,197,196,346500
2022-02-17 13:32:00,196,196,196,196,1079900
2022-02-17 13:33:00,196,195,196,196,327400
2022-02-17 13:34:00,196,196,196,196,36000
2022-02-17 13:35:00,196,196,196,196,127600
2022-02-17 13:36:00,196,196,196,196,34700
2022-02-17 13:37:00,196,196,196,196,45500
2022-02-17 13:38:00,196,196,196,196,0
2022-02-17 13:39:00,196,196,196,196,0
2022-02-17 13:40:00,195,195,195,195,1300
2022-02-17 13:41:00,196,195,196,196,111100
2022-02-17 13:42:00,196,195,196,196,504300
2022-02-17 13:43:00,196,196,196,196,47900
2022-02-17 13:44:00,196,196,196,196,27800
2022-02-17 13:45:00,196,196,196,196,11000
2022-02-17 13:46:00,196,196,196,196,600
2022-02-17 13:47:00,196,196,196,196,50000
2022-02-17 13:48:00,196,196,196,196,63600
2022-02-17 13:49:00,196,196,196,196,129800
2022-02-17 13:50:00,196,196,196,196,27400
2022-02-17 13:51:00,196,196,196,196,53100
2022-02-17 13:52:00,195,195,195,195,10500
2022-02-17 13:53:00,195,195,195,195,20000
2022-02-17 13:54:00,195,195,195,195,14400
2022-02-17 13:55:00,195,195,196,196,223900
2022-02-17 13:56:00,196,196,196,196,9300
2022-02-17 13:57:00,195,195,196,196,16700
2022-02-17 13:58:00,196,195,196,196,42800
2022-02-17 13:59:00,196,195,196,195,25600
2022-02-17 14:00:00,195,195,196,195,482400
2022-02-17 14:01:00,195,195,196,196,140000
2022-02-17 14:02:00,196,196,196,196,400
2022-02-17 14:03:00,196,196,197,197,30600
2022-02-17 14:04:00,197,197,197,197,49500
2022-02-17 14:05:00,197,197,197,197,88400
2022-02-17 14:06:00,197,197,197,197,8800
2022-02-17 14:07:00,198,198,198,198,200
2022-02-17 14:08:00,197,197,197,197,100
2022-02-17 14:09:00,197,197,198,198,53300
2022-02-17 14:10:00,198,198,198,198,164200
2022-02-17 14:11:00,198,198,198,198,1100
2022-02-17 14:12:00,198,198,198,198,3000
2022-02-17 14:13:00,198,196,198,196,317300
2022-02-17 14:14:00,196,196,196,196,1000
2022-02-17 14:15:00,197,196,197,197,105400
2022-02-17 14:16:00,197,195,197,195,672600
2022-02-17 14:17:00,196,196,196,196,5000
2022-02-17 14:18:00,196,196,196,196,2200
2022-02-17 14:19:00,195,195,196,196,34700
2022-02-17 14:20:00,196,196,196,196,11900
2022-02-17 14:21:00,196,196,196,196,3000
2022-02-17 14:22:00,196,196,196,196,0
2022-02-17 14:23:00,196,196,197,196,21900
2022-02-17 14:24:00,196,196,196,196,3000
2022-02-17 14:25:00,196,196,197,197,11200
2022-02-17 14:26:00,197,197,197,197,5100
2022-02-17 14:27:00,196,196,196,196,500
2022-02-17 14:28:00,196,196,196,196,1300
2022-02-17 14:29:00,197,196,197,196,61000
2022-02-17 14:30:00,196,196,196,196,385500
2022-02-17 14:31:00,196,195,196,196,133000
2022-02-17 14:32:00,196,196,196,196,18700
2022-02-17 14:33:00,195,195,195,195,500
2022-02-17 14:34:00,196,195,196,196,13400
2022-02-17 14:35:00,196,195,196,195,122900
2022-02-17 14:36:00,195,195,196,196,120500
2022-02-17 14:37:00,196,195,196,195,20100
2022-02-17 14:38:00,195,195,195,195,194800
2022-02-17 14:39:00,196,195,196,195,773600
2022-02-17 14:40:00,195,195,195,195,47800
2022-02-17 14:41:00,195,195,195,195,0
2022-02-17 14:42:00,196,196,196,196,2000
2022-02-17 14:43:00,196,195,196,195,394800
2022-02-17 14:44:00,195,194,196,194,517000
2022-02-17 14:45:00,194,194,195,195,166900
2022-02-17 14:46:00,194,194,195,195,100400
2022-02-17 14:47:00,194,194,195,194,229400
2022-02-17 14:48:00,195,194,195,194,189000
2022-02-17 14:49:00,194,194,195,195,456000
2022-02-17 14:50:00,194,194,195,195,0
2022-02-17 14:51:00,194,194,195,195,0
2022-02-17 14:52:00,194,194,195,195,0
2022-02-17 14:53:00,194,194,195,195,0
2022-02-17 14:54:00,194,194,195,195,0
2022-02-17 14:55:00,194,194,195,195,0
2022-02-17 14:56:00,194,194,195,195,0
2022-02-17 14:57:00,194,194,195,195,0
2022-02-17 14:58:00,194,194,195,195,0
2022-02-17 14:59:00,194,194,195,195,0
2022-02-17 15:00:00,196,196,196,196,1600500
2022-02-17 15:01:00,196,196,196,196,79200
2022-02-17 15:02:00,196,196,196,196,16000
2022-02-17 15:03:00,196,196,196,196,111000
2022-02-17 15:04:00,196,196,196,196,200
2022-02-17 15:05:00,196,196,196,196,99800
2022-02-17 15:06:00,196,196,196,196,1200
2022-02-17 15:07:00,196,196,196,196,1500
2022-02-17 15:08:00,196,196,196,196,65500
2022-02-17 15:09:00,196,196,196,196,0
2022-02-17 15:10:00,196,196,196,196,11300
2022-02-17 15:11:00,196,196,196,196,0
2022-02-17 15:12:00,196,196,196,196,0
2022-02-17 15:13:00,196,196,196,196,0
2022-02-17 15:14:00,196,196,196,196,0
2022-02-17 15:15:00,196,196,196,196,0
2022-02-17 15:16:00,196,196,196,196,0
2022-02-17 15:17:00,196,196,196,196,0
2022-02-17 15:18:00,196,196,196,196,0
2022-02-17 15:19:00,196,196,196,196,0
2022-02-17 15:20:00,196,196,196,196,0
2022-02-17 15:21:00,196,196,196,196,0
2022-02-17 15:22:00,196,196,196,196,0
2022-02-17 15:23:00,196,196,196,196,0
2022-02-17 15:24:00,196,196,196,196,0
2022-02-17 15:25:00,196,196,196,196,0
2022-02-17 15:26:00,196,196,196,196,0
2022-02-17 15:27:00,196,196,196,196,0
2022-02-17 15:28:00,196,196,196,196,0
2022-02-17 15:29:00,196,196,196,196,0
2022-02-17 15:30:00,196,196,196,196,0
2022-02-17 15:31:00,196,196,196,196,0
2022-02-17 15:32:00,196,196,196,196,0
2022-02-17 15:33:00,196,196,196,196,0
2022-02-17 15:34:00,196,196,196,196,0
2022-02-17 15:35:00,196,196,196,196,0
2022-02-17 15:36:00,196,196,196,196,0
2022-02-17 15:37:00,196,196,196,196,0
2022-02-17 15:38:00,196,196,196,196,0
2022-02-17 15:39:00,196,196,196,196,0
2022-02-17 15:40:00,196,196,196,196,0
2022-02-17 15:41:00,196,196,196,196,0
2022-02-17 15:42:00,196,196,196,196,0
2022-02-17 15:43:00,196,196,196,196,0
2022-02-17 15:44:00,196,196,196,196,0
2022-02-17 15:45:00,196,196,196,196,0
2022-02-17 15:46:00,196,196,196,196,0
2022-02-17 15:47:00,196,196,196,196,0
2022-02-17 15:48:00,196,196,196,196,0
2022-02-17 15:49:00,196,196,196,196,0
2022-02-17 15:50:00,196,196,196,196,0
2022-02-17 15:51:00,196,196,196,196,0
2022-02-17 15:52:00,196,196,196,196,0
2022-02-17 15:53:00,196,196,196,196,0
2022-02-17 15:54:00,196,196,196,196,0
2022-02-17 15:55:00,196,196,196,196,0
2022-02-17 15:56:00,196,196,196,196,0
2022-02-17 15:57:00,196,196,196,196,0
2022-02-17 15:58:00,196,196,196,196,0
2022-02-17 15:59:00,196,196,196,196,0
2022-02-18 09:00:00,196,193,198,197,0
2022-02-18 09:01:00,197,196,199,196,1122700
2022-02-18 09:02:00,196,196,196,196,255700
2022-02-18 09:03:00,196,195,196,196,60600
2022-02-18 09:04:00,196,195,196,195,222000
2022-02-18 09:05:00,195,195,196,196,8500
2022-02-18 09:06:00,196,196,196,196,235800
2022-02-18 09:07:00,196,196,196,196,7000
2022-02-18 09:08:00,196,196,196,196,28300
2022-02-18 09:09:00,196,196,196,196,0
2022-02-18 09:10:00,196,196,197,197,31600
2022-02-18 09:11:00,196,196,196,196,40800
2022-02-18 09:12:00,196,196,197,196,558400
2022-02-18 09:13:00,196,196,196,196,20000
2022-02-18 09:14:00,195,194,195,194,505700
2022-02-18 09:15:00,195,195,196,195,63900
2022-02-18 09:16:00,194,194,195,195,41000
2022-02-18 09:17:00,195,194,195,195,52500
2022-02-18 09:18:00,194,194,195,195,51000
2022-02-18 09:19:00,194,194,194,194,113900
2022-02-18 09:20:00,194,194,194,194,24600
2022-02-18 09:21:00,195,195,195,195,91000
2022-02-18 09:22:00,195,195,195,195,20600
2022-02-18 09:23:00,195,195,196,196,6400
2022-02-18 09:24:00,196,196,196,196,25000
2022-02-18 09:25:00,196,195,196,195,25000
2022-02-18 09:26:00,195,195,195,195,3100
2022-02-18 09:27:00,195,195,195,195,0
2022-02-18 09:28:00,196,195,196,195,16500
2022-02-18 09:29:00,195,195,195,195,55200
2022-02-18 09:30:00,195,195,195,195,8100
2022-02-18 09:31:00,196,195,196,196,26300
2022-02-18 09:32:00,195,195,195,195,41800
2022-02-18 09:33:00,195,195,195,195,419800
2022-02-18 09:34:00,195,195,195,195,40000
2022-02-18 09:35:00,194,194,194,194,2000
2022-02-18 09:36:00,194,194,195,194,301300
2022-02-18 09:37:00,194,194,194,194,5000
2022-02-18 09:38:00,194,194,194,194,0
2022-02-18 09:39:00,194,194,194,194,27200
2022-02-18 09:40:00,194,194,194,194,3300
2022-02-18 09:41:00,194,194,195,195,60100
2022-02-18 09:42:00,195,194,195,194,51900
2022-02-18 09:43:00,194,194,194,194,3000
2022-02-18 09:44:00,194,194,194,194,32800
2022-02-18 09:45:00,195,195,195,195,12500
2022-02-18 09:46:00,195,195,195,195,13200
2022-02-18 09:47:00,195,195,196,196,20200
2022-02-18 09:48:00,195,195,195,195,44400
2022-02-18 09:49:00,195,195,195,195,0
2022-02-18 09:50:00,195,194,195,194,20200
2022-02-18 09:51:00,195,194,195,194,12100
2022-02-18 09:52:00,195,195,195,195,25000
2022-02-18 09:53:00,195,195,195,195,200
2022-02-18 09:54:00,195,195,195,195,10000
2022-02-18 09:55:00,194,194,195,194,5400
2022-02-18 09:56:00,194,194,195,194,0
2022-02-18 09:57:00,195,195,195,195,7700
2022-02-18 09:58:00,195,195,195,195,100
2022-02-18 09:59:00,195,195,195,195,0
2022-02-18 10:00:00,194,194,194,194,51000
2022-02-18 10:01:00,194,194,194,194,0
2022-02-18 10:02:00,194,194,194,194,260400
2022-02-18 10:03:00,194,194,194,194,17400
2022-02-18 10:04:00,194,194,195,195,5400
2022-02-18 10:05:00,195,195,195,195,13000
2022-02-18 10:06:00,195,195,195,195,2200
2022-02-18 10:07:00,194,194,194,194,1900
2022-02-18 10:08:00,194,194,194,194,155400
2022-02-18 10:09:00,195,195,195,195,1000
2022-02-18 10:10:00,195,195,195,195,0
2022-02-18 10:11:00,195,195,195,195,500
2022-02-18 10:12:00,194,194,194,194,10100
2022-02-18 10:13:00,194,194,194,194,500
2022-02-18 10:14:00,194,194,194,194,2100
2022-02-18 10:15:00,194,194,194,194,25800
2022-02-18 10:16:00,194,194,194,194,10000
2022-02-18 10:17:00,194,194,194,194,16000
2022-02-18 10:18:00,194,194,194,194,0
2022-02-18 10:19:00,194,194,194,194,89000
2022-02-18 10:20:00,194,194,194,194,101500
2022-02-18 10:21:00,194,194,194,194,0
2022-02-18 10:22:00,194,194,194,194,3200
2022-02-18 10:23:00,194,194,194,194,4300
2022-02-18 10:24:00,194,194,194,194,35000
2022-02-18 10:25:00,194,194,195,194,215100
2022-02-18 10:26:00,194,194,195,195,276600
2022-02-18 10:27:00,195,195,195,195,62400
2022-02-18 10:28:00,195,195,195,195,2000
2022-02-18 10:29:00,195,195,195,195,0
2022-02-18 10:30:00,195,195,195,195,101500
2022-02-18 10:31:00,195,195,195,195,400
2022-02-18 10:32:00,196,196,196,196,55000
2022-02-18 10:33:00,196,196,196,196,2500
2022-02-18 10:34:00,196,196,196,196,25000
2022-02-18 10:35:00,195,195,195,195,5000
2022-02-18 10:36:00,195,195,195,195,10500
2022-02-18 10:37:00,195,195,195,195,0
2022-02-18 10:38:00,195,195,195,195,496300
2022-02-18 10:39:00,195,195,195,195,57700
2022-02-18 10:40:00,195,195,195,195,5000
2022-02-18 10:41:00,195,195,195,195,46600
2022-02-18 10:42:00,196,195,196,195,46000
2022-02-18 10:43:00,195,195,195,195,20700
2022-02-18 10:44:00,195,195,195,195,150000
2022-02-18 10:45:00,195,195,195,195,56700
2022-02-18 10:46:00,195,195,195,195,35100
2022-02-18 10:47:00,195,195,195,195,10600
2022-02-18 10:48:00,194,194,194,194,50000
2022-02-18 10:49:00,195,194,195,194,5500
2022-02-18 10:50:00,194,194,194,194,35400
2022-02-18 10:51:00,194,194,194,194,20000
2022-02-18 10:52:00,194,194,194,194,51300
2022-02-18 10:53:00,194,194,195,195,3500
2022-02-18 10:54:00,195,194,195,194,6000
2022-02-18 10:55:00,194,194,194,194,600
2022-02-18 10:56:00,194,194,194,194,0
2022-02-18 10:57:00,194,194,194,194,101000
2022-02-18 10:58:00,194,194,194,194,56700
2022-02-18 10:59:00,194,194,194,194,2100
2022-02-18 11:00:00,195,195,195,195,8800
2022-02-18 11:01:00,194,194,194,194,53100
2022-02-18 11:02:00,195,194,195,194,75100
2022-02-18 11:03:00,195,194,195,194,0
2022-02-18 11:04:00,195,194,195,194,0
2022-02-18 11:05:00,194,194,194,194,500
2022-02-18 11:06:00,194,194,194,194,1000
2022-02-18 11:07:00,194,194,194,194,70000
2022-02-18 11:08:00,194,194,194,194,0
2022-02-18 11:09:00,194,194,194,194,50000
2022-02-18 11:10:00,194,194,194,194,0
2022-02-18 11:11:00,194,194,194,194,0
2022-02-18 11:12:00,195,195,195,195,112400
2022-02-18 11:13:00,195,195,195,195,800
2022-02-18 11:14:00,195,195,195,195,2500
2022-02-18 11:15:00,195,195,195,195,0
2022-02-18 11:16:00,195,195,195,195,0
2022-02-18 11:17:00,195,194,195,194,160600
2022-02-18 11:18:00,194,194,194,194,4000
2022-02-18 11:19:00,194,194,194,194,0
2022-02-18 11:20:00,194,194,194,194,0
2022-02-18 11:21:00,195,194,195,194,21000
2022-02-18 11:22:00,194,194,194,194,10000
2022-02-18 11:23:00,194,194,194,194,0
2022-02-18 11:24:00,194,194,194,194,0
2022-02-18 11:25:00,194,194,194,194,31300
2022-02-18 11:26:00,194,194,194,194,4700
2022-02-18 11:27:00,195,194,195,194,44900
2022-02-18 11:28:00,195,194,195,194,0
2022-02-18 11:29:00,195,194,195,194,0
2022-02-18 11:30:00,195,194,195,194,0
2022-02-18 11:31:00,195,194,195,194,0
2022-02-18 11:32:00,195,194,195,194,0
2022-02-18 11:33:00,195,194,195,194,0
2022-02-18 11:34:00,195,194,195,194,0
2022-02-18 11:35:00,195,194,195,194,0
2022-02-18 11:36:00,195,194,195,194,0
2022-02-18 11:37:00,195,194,195,194,0
2022-02-18 11:38:00,195,194,195,194,0
2022-02-18 11:39:00,195,194,195,194,0
2022-02-18 11:40:00,195,194,195,194,0
2022-02-18 11:41:00,195,194,195,194,0
2022-02-18 11:42:00,195,194,195,194,0
2022-02-18 11:43:00,195,194,195,194,0
2022-02-18 11:44:00,195,194,195,194,0
2022-02-18 11:45:00,195,194,195,194,0
2022-02-18 11:46:00,195,194,195,194,0
2022-02-18 11:47:00,195,194,195,194,0
2022-02-18 11:48:00,195,194,195,194,0
2022-02-18 11:49:00,195,194,195,194,0
2022-02-18 11:50:00,195,194,195,194,0
2022-02-18 11:51:00,195,194,195,194,0
2022-02-18 11:52:00,195,194,195,194,0
2022-02-18 11:53:00,195,194,195,194,0
2022-02-18 11:54:00,195,194,195,194,0
2022-02-18 11:55:00,195,194,195,194,0
2022-02-18 11:56:00,195,194,195,194,0
2022-02-18 11:57:00,195,194,195,194,0
2022-02-18 11:58:00,195,194,195,194,0
2022-02-18 11:59:00,195,194,195,194,0
2022-02-18 12:00:00,195,194,195,194,0
2022-02-18 12:01:00,195,194,195,194,0
2022-02-18 12:02:00,195,194,195,194,0
2022-02-18 12:03:00,195,194,195,194,0
2022-02-18 12:04:00,195,194,195,194,0
2022-02-18 12:05:00,195,194,195,194,0
2022-02-18 12:06:00,195,194,195,194,0
2022-02-18 12:07:00,195,194,195,194,0
2022-02-18 12:08:00,195,194,195,194,0
2022-02-18 12:09:00,195,194,195,194,0
2022-02-18 12:10:00,195,194,195,194,0
2022-02-18 12:11:00,195,194,195,194,0
2022-02-18 12:12:00,195,194,195,194,0
2022-02-18 12:13:00,195,194,195,194,0
2022-02-18 12:14:00,195,194,195,194,0
2022-02-18 12:15:00,195,194,195,194,0
2022-02-18 12:16:00,195,194,195,194,0
2022-02-18 12:17:00,195,194,195,194,0
2022-02-18 12:18:00,195,194,195,194,0
2022-02-18 12:19:00,195,194,195,194,0
2022-02-18 12:20:00,195,194,195,194,0
2022-02-18 12:21:00,195,194,195,194,0
2022-02-18 12:22:00,195,194,195,194,0
2022-02-18 12:23:00,195,194,195,194,0
2022-02-18 12:24:00,195,194,195,194,0
2022-02-18 12:25:00,195,194,195,194,0
2022-02-18 12:26:00,195,194,195,194,0
2022-02-18 12:27:00,195,194,195,194,0
2022-02-18 12:28:00,195,194,195,194,0
2022-02-18 12:29:00,195,194,195,194,0
2022-02-18 12:30:00,195,194,195,194,0
2022-02-18 12:31:00,195,194,195,194,0
2022-02-18 12:32:00,195,194,195,194,0
2022-02-18 12:33:00,195,194,195,194,0
2022-02-18 12:34:00,195,194,195,194,0
2022-02-18 12:35:00,195,194,195,194,0
2022-02-18 12:36:00,195,194,195,194,0
2022-02-18 12:37:00,195,194,195,194,0
2022-02-18 12:38:00,195,194,195,194,0
2022-02-18 12:39:00,195,194,195,194,0
2022-02-18 12:40:00,195,194,195,194,0
2022-02-18 12:41:00,195,194,195,194,0
2022-02-18 12:42:00,195,194,195,194,0
2022-02-18 12:43:00,195,194,195,194,0
2022-02-18 12:44:00,195,194,195,194,0
2022-02-18 12:45:00,195,194,195,194,0
2022-02-18 12:46:00,195,194,195,194,0
2022-02-18 12:47:00,195,194,195,194,0
2022-02-18 12:48:00,195,194,195,194,0
2022-02-18 12:49:00,195,194,195,194,0
2022-02-18 12:50:00,195,194,195,194,0
2022-02-18 12:51:00,195,194,195,194,0
2022-02-18 12:52:00,195,194,195,194,0
2022-02-18 12:53:00,195,194,195,194,0
2022-02-18 12:54:00,195,194,195,194,0
2022-02-18 12:55:00,195,194,195,194,0
2022-02-18 12:56:00,195,194,195,194,0
2022-02-18 12:57:00,195,194,195,194,0
2022-02-18 12:58:00,195,194,195,194,0
2022-02-18 12:59:00,195,194,195,194,0
2022-02-18 13:00:00,195,194,195,194,0
2022-02-18 13:01:00,195,194,195,194,0
2022-02-18 13:02:00,195,194,195,194,0
2022-02-18 13:03:00,195,194,195,194,0
2022-02-18 13:04:00,195,194,195,194,0
2022-02-18 13:05:00,195,194,195,194,0
2022-02-18 13:06:00,195,194,195,194,0
2022-02-18 13:07:00,195,194,195,194,0
2022-02-18 13:08:00,195,194,195,194,0
2022-02-18 13:09:00,195,194,195,194,0
2022-02-18 13:10:00,195,194,195,194,0
2022-02-18 13:11:00,195,194,195,194,0
2022-02-18 13:12:00,195,194,195,194,0
2022-02-18 13:13:00,195,194,195,194,0
2022-02-18 13:14:00,195,194,195,194,0
2022-02-18 13:15:00,195,194,195,194,0
2022-02-18 13:16:00,195,194,195,194,0
2022-02-18 13:17:00,195,194,195,194,0
2022-02-18 13:18:00,195,194,195,194,0
2022-02-18 13:19:00,195,194,195,194,0
2022-02-18 13:20:00,195,194,195,194,0
2022-02-18 13:21:00,195,194,195,194,0
2022-02-18 13:22:00,195,194,195,194,0
2022-02-18 13:23:00,195,194,195,194,0
2022-02-18 13:24:00,195,194,195,194,0
2022-02-18 13:25:00,195,194,195,194,0
2022-02-18 13:26:00,195,194,195,194,0
2022-02-18 13:27:00,195,194,195,194,0
2022-02-18 13:28:00,195,194,195,194,0
2022-02-18 13:29:00,195,194,195,194,0
2022-02-18 13:30:00,195,194,195,194,343300
2022-02-18 13:31:00,195,194,195,194,0
2022-02-18 13:32:00,194,194,195,195,38800
2022-02-18 13:33:00,195,195,195,195,900
2022-02-18 13:34:00,195,195,195,195,51500
2022-02-18 13:35:00,195,195,195,195,0
2022-02-18 13:36:00,195,195,195,195,60000
2022-02-18 13:37:00,195,195,195,195,100
2022-02-18 13:38:00,195,195,195,195,0
2022-02-18 13:39:00,195,195,195,195,0
2022-02-18 13:40:00,195,195,195,195,0
2022-02-18 13:41:00,195,195,195,195,0
2022-02-18 13:42:00,195,195,195,195,0
2022-02-18 13:43:00,195,195,195,195,0
2022-02-18 13:44:00,195,195,195,195,2500
2022-02-18 13:45:00,195,195,195,195,0
2022-02-18 13:46:00,194,194,194,194,11000
2022-02-18 13:47:00,194,194,194,194,12400
2022-02-18 13:48:00,194,194,194,194,0
2022-02-18 13:49:00,194,194,194,194,45900
2022-02-18 13:50:00,194,194,194,194,5100
2022-02-18 13:51:00,194,194,194,194,300
2022-02-18 13:52:00,195,195,195,195,6000
2022-02-18 13:53:00,195,194,195,194,34000
2022-02-18 13:54:00,195,194,195,194,0
2022-02-18 13:55:00,194,194,194,194,29000
2022-02-18 13:56:00,194,194,194,194,0
2022-02-18 13:57:00,194,194,194,194,0
2022-02-18 13:58:00,194,194,194,194,257800
2022-02-18 13:59:00,194,194,194,194,6000
2022-02-18 14:00:00,194,194,194,194,1000
2022-02-18 14:01:00,194,194,194,194,0
2022-02-18 14:02:00,195,195,195,195,500
2022-02-18 14:03:00,195,195,195,195,1200
2022-02-18 14:04:00,194,194,194,194,105900
2022-02-18 14:05:00,195,195,195,195,1000
2022-02-18 14:06:00,194,194,194,194,34400
2022-02-18 14:07:00,195,195,195,195,600
2022-02-18 14:08:00,194,194,195,194,137200
2022-02-18 14:09:00,194,194,194,194,15500
2022-02-18 14:10:00,194,194,194,194,110900
2022-02-18 14:11:00,194,194,194,194,85800
2022-02-18 14:12:00,195,194,195,194,9100
2022-02-18 14:13:00,195,194,195,194,15000
2022-02-18 14:14:00,194,194,194,194,5000
2022-02-18 14:15:00,194,194,194,194,500
2022-02-18 14:16:00,194,194,194,194,40600
2022-02-18 14:17:00,194,194,195,195,22600
2022-02-18 14:18:00,194,194,195,195,30000
2022-02-18 14:19:00,194,194,194,194,3100
2022-02-18 14:20:00,194,194,194,194,126100
2022-02-18 14:21:00,193,193,193,193,510000
2022-02-18 14:22:00,193,193,193,193,300900
2022-02-18 14:23:00,193,193,194,193,115400
2022-02-18 14:24:00,193,193,193,193,35200
2022-02-18 14:25:00,193,193,193,193,300
2022-02-18 14:26:00,193,193,194,194,191000
2022-02-18 14:27:00,194,194,194,194,3100
2022-02-18 14:28:00,194,193,194,193,6600
2022-02-18 14:29:00,194,193,194,193,2400
2022-02-18 14:30:00,194,194,194,194,20200
2022-02-18 14:31:00,194,193,194,193,8000
2022-02-18 14:32:00,193,193,193,193,900
2022-02-18 14:33:00,193,193,193,193,33900
2022-02-18 14:34:00,193,193,193,193,329000
2022-02-18 14:35:00,193,193,193,193,51200
2022-02-18 14:36:00,193,193,193,193,10200
2022-02-18 14:37:00,192,192,193,192,8600
2022-02-18 14:38:00,193,192,193,193,107800
2022-02-18 14:39:00,193,193,193,193,25000
2022-02-18 14:40:00,192,192,193,193,300200
2022-02-18 14:41:00,192,192,192,192,29500
2022-02-18 14:42:00,193,193,193,193,46500
2022-02-18 14:43:00,193,192,193,193,33900
2022-02-18 14:44:00,193,193,193,193,15200
2022-02-18 14:45:00,193,193,193,193,25500
2022-02-18 14:46:00,193,193,193,193,17200
2022-02-18 14:47:00,194,193,194,193,56200
2022-02-18 14:48:00,193,193,193,193,59000
2022-02-18 14:49:00,193,193,193,193,84300
2022-02-18 14:50:00,193,193,193,193,0
2022-02-18 14:51:00,193,193,193,193,0
2022-02-18 14:52:00,193,193,193,193,0
2022-02-18 14:53:00,193,193,193,193,0
2022-02-18 14:54:00,193,193,193,193,0
2022-02-18 14:55:00,193,193,193,193,0
2022-02-18 14:56:00,193,193,193,193,0
2022-02-18 14:57:00,193,193,193,193,0
2022-02-18 14:58:00,193,193,193,193,0
2022-02-18 14:59:00,193,193,193,193,0
2022-02-18 15:00:00,193,193,193,193,1340900
2022-02-18 15:01:00,193,193,193,193,14600
2022-02-18 15:02:00,193,193,193,193,0
2022-02-18 15:03:00,193,193,193,193,11700
2022-02-18 15:04:00,193,193,193,193,475000
2022-02-18 15:05:00,193,193,193,193,12500
2022-02-18 15:06:00,193,193,193,193,57800
2022-02-18 15:07:00,193,193,193,193,4900
2022-02-18 15:08:00,193,193,193,193,20400
2022-02-18 15:09:00,193,193,193,193,40500
2022-02-18 15:10:00,193,193,193,193,0
2022-02-18 15:11:00,193,193,193,193,30000
2022-02-18 15:12:00,193,193,193,193,35500
2022-02-18 15:13:00,193,193,193,193,100000
2022-02-18 15:14:00,193,193,193,193,300
2022-02-18 15:15:00,193,193,193,193,0
2022-02-18 15:16:00,193,193,193,193,0
2022-02-18 15:17:00,193,193,193,193,0
2022-02-18 15:18:00,193,193,193,193,0
2022-02-18 15:19:00,193,193,193,193,0
2022-02-18 15:20:00,193,193,193,193,0
2022-02-18 15:21:00,193,193,193,193,0
2022-02-18 15:22:00,193,193,193,193,0
2022-02-18 15:23:00,193,193,193,193,0
2022-02-18 15:24:00,193,193,193,193,0
2022-02-18 15:25:00,193,193,193,193,0
2022-02-18 15:26:00,193,193,193,193,0
2022-02-18 15:27:00,193,193,193,193,0
2022-02-18 15:28:00,193,193,193,193,0
2022-02-18 15:29:00,193,193,193,193,0
2022-02-18 15:30:00,193,193,193,193,0
2022-02-18 15:31:00,193,193,193,193,0
2022-02-18 15:32:00,193,193,193,193,0
2022-02-18 15:33:00,193,193,193,193,0
2022-02-18 15:34:00,193,193,193,193,0
2022-02-18 15:35:00,193,193,193,193,0
2022-02-18 15:36:00,193,193,193,193,0
2022-02-18 15:37:00,193,193,193,193,0
2022-02-18 15:38:00,193,193,193,193,0
2022-02-18 15:39:00,193,193,193,193,0
2022-02-18 15:40:00,193,193,193,193,0
2022-02-18 15:41:00,193,193,193,193,0
2022-02-18 15:42:00,193,193,193,193,0
2022-02-18 15:43:00,193,193,193,193,0
2022-02-18 15:44:00,193,193,193,193,0
2022-02-18 15:45:00,193,193,193,193,0
2022-02-18 15:46:00,193,193,193,193,0
2022-02-18 15:47:00,193,193,193,193,0
2022-02-18 15:48:00,193,193,193,193,0
2022-02-18 15:49:00,193,193,193,193,0
2022-02-18 15:50:00,193,193,193,193,0
2022-02-18 15:51:00,193,193,193,193,0
2022-02-18 15:52:00,193,193,193,193,0
2022-02-18 15:53:00,193,193,193,193,0
2022-02-18 15:54:00,193,193,193,193,0
2022-02-18 15:55:00,193,193,193,193,0
2022-02-18 15:56:00,193,193,193,193,0
2022-02-18 15:57:00,193,193,193,193,0
2022-02-18 15:58:00,193,193,193,193,0
2022-02-18 15:59:00,193,193,193,193,0
2022-02-21 09:00:00,193,192,194,193,0
2022-02-21 09:01:00,192,192,192,192,8000
2022-02-21 09:02:00,192,192,193,192,62500
2022-02-21 09:03:00,192,192,193,192,158800
2022-02-21 09:04:00,193,192,193,193,168300
2022-02-21 09:05:00,193,193,193,193,3000
2022-02-21 09:06:00,193,193,193,193,40000
2022-02-21 09:07:00,193,193,193,193,10200
2022-02-21 09:08:00,193,191,193,191,314700
2022-02-21 09:09:00,191,191,192,192,109500
2022-02-21 09:10:00,191,191,191,191,66300
2022-02-21 09:11:00,191,191,192,192,82200
2022-02-21 09:12:00,191,191,192,192,39500
2022-02-21 09:13:00,191,191,192,192,62100
2022-02-21 09:14:00,192,192,192,192,1000
2022-02-21 09:15:00,191,191,191,191,4100
2022-02-21 09:16:00,191,191,192,191,35600
2022-02-21 09:17:00,191,191,192,192,18500
2022-02-21 09:18:00,192,191,192,192,34500
2022-02-21 09:19:00,192,192,192,192,25000
2022-02-21 09:20:00,192,192,192,192,1500
2022-02-21 09:21:00,192,191,192,191,38000
2022-02-21 09:22:00,192,192,192,192,57600
2022-02-21 09:23:00,192,192,192,192,16800
2022-02-21 09:24:00,192,192,192,192,5000
2022-02-21 09:25:00,192,192,192,192,78800
2022-02-21 09:26:00,192,191,192,192,165000
2022-02-21 09:27:00,192,192,192,192,65100
2022-02-21 09:28:00,191,191,192,192,144600
2022-02-21 09:29:00,191,191,191,191,100000
2022-02-21 09:30:00,191,191,191,191,24000
2022-02-21 09:31:00,191,191,191,191,3800
2022-02-21 09:32:00,191,191,191,191,15000
2022-02-21 09:33:00,191,191,192,191,9900
2022-02-21 09:34:00,191,191,192,191,0
2022-02-21 09:35:00,191,191,192,191,0
2022-02-21 09:36:00,191,191,191,191,17700
2022-02-21 09:37:00,191,191,192,192,17600
2022-02-21 09:38:00,191,191,191,191,3000
2022-02-21 09:39:00,191,191,191,191,689300
2022-02-21 09:40:00,191,191,191,191,23600
2022-02-21 09:41:00,191,191,191,191,58200
2022-02-21 09:42:00,191,191,191,191,1300
2022-02-21 09:43:00,191,191,191,191,11500
2022-02-21 09:44:00,191,191,191,191,70500
2022-02-21 09:45:00,190,190,191,191,268200
2022-02-21 09:46:00,191,191,191,191,184000
2022-02-21 09:47:00,191,190,191,191,15600
2022-02-21 09:48:00,191,190,191,190,128900
2022-02-21 09:49:00,191,191,191,191,1000
2022-02-21 09:50:00,191,190,191,191,114500
2022-02-21 09:51:00,191,191,191,191,40000
2022-02-21 09:52:00,191,190,191,190,86500
2022-02-21 09:53:00,191,190,191,191,10000
2022-02-21 09:54:00,191,191,191,191,1000
2022-02-21 09:55:00,191,191,191,191,0
2022-02-21 09:56:00,191,191,191,191,0
2022-02-21 09:57:00,191,191,192,191,15400
2022-02-21 09:58:00,191,191,191,191,50000
2022-02-21 09:59:00,191,191,191,191,25300
2022-02-21 10:00:00,191,191,191,191,5200
2022-02-21 10:01:00,191,191,191,191,5500
2022-02-21 10:02:00,191,191,191,191,3500
2022-02-21 10:03:00,191,191,191,191,100
2022-02-21 10:04:00,191,191,191,191,5000
2022-02-21 10:05:00,191,191,192,192,5600
2022-02-21 10:06:00,191,191,192,192,1500
2022-02-21 10:07:00,191,191,192,192,0
2022-02-21 10:08:00,191,191,192,192,0
2022-02-21 10:09:00,191,191,192,192,0
2022-02-21 10:10:00,192,191,192,191,1500
2022-02-21 10:11:00,191,191,191,191,1000
2022-02-21 10:12:00,191,191,191,191,11700
2022-02-21 10:13:00,191,191,191,191,5000
2022-02-21 10:14:00,192,192,192,192,125000
2022-02-21 10:15:00,192,191,192,191,1500
2022-02-21 10:16:00,192,192,192,192,12000
2022-02-21 10:17:00,192,192,192,192,0
2022-02-21 10:18:00,192,192,192,192,30000
2022-02-21 10:19:00,192,191,192,192,31700
2022-02-21 10:20:00,191,191,191,191,2500
2022-02-21 10:21:00,191,191,191,191,0
2022-02-21 10:22:00,192,192,192,192,1600
2022-02-21 10:23:00,192,192,192,192,0
2022-02-21 10:24:00,191,191,191,191,20000
2022-02-21 10:25:00,191,191,191,191,800
2022-02-21 10:26:00,192,192,192,192,15000
2022-02-21 10:27:00,192,192,192,192,2800
2022-02-21 10:28:00,192,192,192,192,2200
2022-02-21 10:29:00,192,192,192,192,0
2022-02-21 10:30:00,192,192,192,192,600
2022-02-21 10:31:00,192,192,192,192,500
2022-02-21 10:32:00,191,191,192,192,107000
2022-02-21 10:33:00,192,191,192,192,31700
2022-02-21 10:34:00,192,192,192,192,82100
2022-02-21 10:35:00,192,192,192,192,6200
2022-02-21 10:36:00,192,192,192,192,400
2022-02-21 10:37:00,192,192,192,192,0
2022-02-21 10:38:00,192,192,192,192,37200
2022-02-21 10:39:00,192,192,192,192,0
2022-02-21 10:40:00,192,192,192,192,25000
2022-02-21 10:41:00,192,192,192,192,0
2022-02-21 10:42:00,192,192,192,192,10500
2022-02-21 10:43:00,192,192,192,192,0
2022-02-21 10:44:00,193,192,193,192,7700
2022-02-21 10:45:00,192,192,192,192,57000
2022-02-21 10:46:00,192,192,192,192,5100
2022-02-21 10:47:00,192,192,192,192,0
2022-02-21 10:48:00,192,192,192,192,100
2022-02-21 10:49:00,192,192,192,192,0
2022-02-21 10:50:00,192,192,192,192,0
2022-02-21 10:51:00,192,192,192,192,0
2022-02-21 10:52:00,192,192,192,192,0
2022-02-21 10:53:00,192,192,192,192,76900
2022-02-21 10:54:00,192,192,192,192,3000
2022-02-21 10:55:00,193,193,193,193,100
2022-02-21 10:56:00,193,193,193,193,0
2022-02-21 10:57:00,193,193,193,193,0
2022-02-21 10:58:00,192,192,192,192,21400
2022-02-21 10:59:00,192,192,192,192,0
2022-02-21 11:00:00,192,192,192,192,0
2022-02-21 11:01:00,192,192,192,192,0
2022-02-21 11:02:00,192,192,192,192,0
2022-02-21 11:03:00,192,192,192,192,0
2022-02-21 11:04:00,192,192,192,192,0
2022-02-21 11:05:00,192,192,192,192,10000
2022-02-21 11:06:00,192,192,192,192,5000
2022-02-21 11:07:00,192,192,192,192,100
2022-02-21 11:08:00,192,192,192,192,0
2022-02-21 11:09:00,192,192,192,192,0
2022-02-21 11:10:00,192,192,192,192,3000
2022-02-21 11:11:00,192,191,192,191,95000
2022-02-21 11:12:00,192,192,192,192,6500
2022-02-21 11:13:00,192,192,192,192,0
2022-02-21 11:14:00,192,192,192,192,18500
2022-02-21 11:15:00,193,193,193,193,600
2022-02-21 11:16:00,192,192,192,192,10000
2022-02-21 11:17:00,192,192,192,192,0
2022-02-21 11:18:00,192,192,192,192,10000
2022-02-21 11:19:00,192,192,192,192,19200
2022-02-21 11:20:00,193,193,193,193,400
2022-02-21 11:21:00,192,192,192,192,30000
2022-02-21 11:22:00,192,192,192,192,20000
2022-02-21 11:23:00,192,192,192,192,3600
2022-02-21 11:24:00,192,192,192,192,500
2022-02-21 11:25:00,192,192,192,192,0
2022-02-21 11:26:00,192,192,192,192,0
2022-02-21 11:27:00,192,192,192,192,0
2022-02-21 11:28:00,192,192,192,192,0
2022-02-21 11:29:00,192,192,192,192,0
2022-02-21 11:30:00,192,192,192,192,0
2022-02-21 11:31:00,192,192,192,192,0
2022-02-21 11:32:00,192,192,192,192,0
2022-02-21 11:33:00,192,192,192,192,0
2022-02-21 11:34:00,192,192,192,192,0
2022-02-21 11:35:00,192,192,192,192,0
2022-02-21 11:36:00,192,192,192,192,0
2022-02-21 11:37:00,192,192,192,192,0
2022-02-21 11:38:00,192,192,192,192,0
2022-02-21 11:39:00,192,192,192,192,0
2022-02-21 11:40:00,192,192,192,192,0
2022-02-21 11:41:00,192,192,192,192,0
2022-02-21 11:42:00,192,192,192,192,0
2022-02-21 11:43:00,192,192,192,192,0
2022-02-21 11:44:00,192,192,192,192,0
2022-02-21 11:45:00,192,192,192,192,0
2022-02-21 11:46:00,192,192,192,192,0
2022-02-21 11:47:00,192,192,192,192,0
2022-02-21 11:48:00,192,192,192,192,0
2022-02-21 11:49:00,192,192,192,192,0
2022-02-21 11:50:00,192,192,192,192,0
2022-02-21 11:51:00,192,192,192,192,0
2022-02-21 11:52:00,192,192,192,192,0
2022-02-21 11:53:00,192,192,192,192,0
2022-02-21 11:54:00,192,192,192,192,0
2022-02-21 11:55:00,192,192,192,192,0
2022-02-21 11:56:00,192,192,192,192,0
2022-02-21 11:57:00,192,192,192,192,0
2022-02-21 11:58:00,192,192,192,192,0
2022-02-21 11:59:00,192,192,192,192,0
2022-02-21 12:00:00,192,192,192,192,0
2022-02-21 12:01:00,192,192,192,192,0
2022-02-21 12:02:00,192,192,192,192,0
2022-02-21 12:03:00,192,192,192,192,0
2022-02-21 12:04:00,192,192,192,192,0
2022-02-21 12:05:00,192,192,192,192,0
2022-02-21 12:06:00,192,192,192,192,0
2022-02-21 12:07:00,192,192,192,192,0
2022-02-21 12:08:00,192,192,192,192,0
2022-02-21 12:09:00,192,192,192,192,0
2022-02-21 12:10:00,192,192,192,192,0
2022-02-21 12:11:00,192,192,192,192,0
2022-02-21 12:12:00,192,192,192,192,0
2022-02-21 12:13:00,192,192,192,192,0
2022-02-21 12:14:00,192,192,192,192,0
2022-02-21 12:15:00,192,192,192,192,0
2022-02-21 12:16:00,192,192,192,192,0
2022-02-21 12:17:00,192,192,192,192,0
2022-02-21 12:18:00,192,192,192,192,0
2022-02-21 12:19:00,192,192,192,192,0
2022-02-21 12:20:00,192,192,192,192,0
2022-02-21 12:21:00,192,192,192,192,0
2022-02-21 12:22:00,192,192,192,192,0
2022-02-21 12:23:00,192,192,192,192,0
2022-02-21 12:24:00,192,192,192,192,0
2022-02-21 12:25:00,192,192,192,192,0
2022-02-21 12:26:00,192,192,192,192,0
2022-02-21 12:27:00,192,192,192,192,0
2022-02-21 12:28:00,192,192,192,192,0
2022-02-21 12:29:00,192,192,192,192,0
2022-02-21 12:30:00,192,192,192,192,0
2022-02-21 12:31:00,192,192,192,192,0
2022-02-21 12:32:00,192,192,192,192,0
2022-02-21 12:33:00,192,192,192,192,0
2022-02-21 12:34:00,192,192,192,192,0
2022-02-21 12:35:00,192,192,192,192,0
2022-02-21 12:36:00,192,192,192,192,0
2022-02-21 12:37:00,192,192,192,192,0
2022-02-21 12:38:00,192,192,192,192,0
2022-02-21 12:39:00,192,192,192,192,0
2022-02-21 12:40:00,192,192,192,192,0
2022-02-21 12:41:00,192,192,192,192,0
2022-02-21 12:42:00,192,192,192,192,0
2022-02-21 12:43:00,192,192,192,192,0
2022-02-21 12:44:00,192,192,192,192,0
2022-02-21 12:45:00,192,192,192,192,0
2022-02-21 12:46:00,192,192,192,192,0
2022-02-21 12:47:00,192,192,192,192,0
2022-02-21 12:48:00,192,192,192,192,0
2022-02-21 12:49:00,192,192,192,192,0
2022-02-21 12:50:00,192,192,192,192,0
2022-02-21 12:51:00,192,192,192,192,0
2022-02-21 12:52:00,192,192,192,192,0
2022-02-21 12:53:00,192,192,192,192,0
2022-02-21 12:54:00,192,192,192,192,0
2022-02-21 12:55:00,192,192,192,192,0
2022-02-21 12:56:00,192,192,192,192,0
2022-02-21 12:57:00,192,192,192,192,0
2022-02-21 12:58:00,192,192,192,192,0
2022-02-21 12:59:00,192,192,192,192,0
2022-02-21 13:00:00,192,192,192,192,0
2022-02-21 13:01:00,192,192,192,192,0
2022-02-21 13:02:00,192,192,192,192,0
2022-02-21 13:03:00,192,192,192,192,0
2022-02-21 13:04:00,192,192,192,192,0
2022-02-21 13:05:00,192,192,192,192,0
2022-02-21 13:06:00,192,192,192,192,0
2022-02-21 13:07:00,192,192,192,192,0
2022-02-21 13:08:00,192,192,192,192,0
2022-02-21 13:09:00,192,192,192,192,0
2022-02-21 13:10:00,192,192,192,192,0
2022-02-21 13:11:00,192,192,192,192,0
2022-02-21 13:12:00,192,192,192,192,0
2022-02-21 13:13:00,192,192,192,192,0
2022-02-21 13:14:00,192,192,192,192,0
2022-02-21 13:15:00,192,192,192,192,0
2022-02-21 13:16:00,192,192,192,192,0
2022-02-21 13:17:00,192,192,192,192,0
2022-02-21 13:18:00,192,192,192,192,0
2022-02-21 13:19:00,192,192,192,192,0
2022-02-21 13:20:00,192,192,192,192,0
2022-02-21 13:21:00,192,192,192,192,0
2022-02-21 13:22:00,192,192,192,192,0
2022-02-21 13:23:00,192,192,192,192,0
2022-02-21 13:24:00,192,192,192,192,0
2022-02-21 13:25:00,192,192,192,192,0
2022-02-21 13:26:00,192,192,192,192,0
2022-02-21 13:27:00,192,192,192,192,0
2022-02-21 13:28:00,192,192,192,192,0
2022-02-21 13:29:00,192,192,192,192,0
2022-02-21 13:30:00,192,191,192,192,22400
2022-02-21 13:31:00,192,192,192,192,17200
2022-02-21 13:32:00,192,192,192,192,100000
2022-02-21 13:33:00,192,192,192,192,60000
2022-02-21 13:34:00,192,192,192,192,0
2022-02-21 13:35:00,192,192,192,192,0
2022-02-21 13:36:00,192,192,192,192,90300
2022-02-21 13:37:00,192,192,192,192,10300
2022-02-21 13:38:00,192,192,192,192,21400
2022-02-21 13:39:00,192,192,192,192,1500
2022-02-21 13:40:00,192,192,192,192,17900
2022-02-21 13:41:00,192,192,192,192,3400
2022-02-21 13:42:00,192,192,192,192,6600
2022-02-21 13:43:00,192,192,192,192,0
2022-02-21 13:44:00,192,192,192,192,13600
2022-02-21 13:45:00,192,192,192,192,0
2022-02-21 13:46:00,192,192,192,192,23100
2022-02-21 13:47:00,192,192,192,192,0
2022-02-21 13:48:00,192,192,192,192,3500
2022-02-21 13:49:00,192,192,192,192,2500
2022-02-21 13:50:00,192,192,192,192,2000
2022-02-21 13:51:00,192,192,192,192,5100
2022-02-21 13:52:00,192,192,192,192,100
2022-02-21 13:53:00,192,192,192,192,500
2022-02-21 13:54:00,192,192,192,192,1500
2022-02-21 13:55:00,192,192,192,192,1000
2022-02-21 13:56:00,191,191,192,192,4800
2022-02-21 13:57:00,192,192,192,192,1100
2022-02-21 13:58:00,191,191,191,191,18000
2022-02-21 13:59:00,191,191,192,192,4100
2022-02-21 14:00:00,191,191,192,192,0
2022-02-21 14:01:00,191,191,191,191,20500
2022-02-21 14:02:00,191,191,191,191,5000
2022-02-21 14:03:00,191,191,192,192,5300
2022-02-21 14:04:00,192,192,192,192,200
2022-02-21 14:05:00,191,191,192,192,278300
2022-02-21 14:06:00,191,191,191,191,2500
2022-02-21 14:07:00,191,191,191,191,0
2022-02-21 14:08:00,191,191,191,191,0
2022-02-21 14:09:00,191,191,191,191,7000
2022-02-21 14:10:00,191,191,191,191,23600
2022-02-21 14:11:00,191,191,191,191,0
2022-02-21 14:12:00,191,191,191,191,352000
2022-02-21 14:13:00,191,191,192,192,134400
2022-02-21 14:14:00,191,191,192,192,0
2022-02-21 14:15:00,192,192,192,192,5000
2022-02-21 14:16:00,192,192,192,192,0
2022-02-21 14:17:00,192,192,192,192,0
2022-02-21 14:18:00,192,192,192,192,139200
2022-02-21 14:19:00,192,192,192,192,2500
2022-02-21 14:20:00,192,192,192,192,0
2022-02-21 14:21:00,193,192,193,192,530100
2022-02-21 14:22:00,192,192,192,192,3400
2022-02-21 14:23:00,192,192,192,192,0
2022-02-21 14:24:00,192,192,192,192,500
2022-02-21 14:25:00,192,192,192,192,0
2022-02-21 14:26:00,192,192,192,192,0
2022-02-21 14:27:00,192,192,192,192,3000
2022-02-21 14:28:00,192,192,192,192,10000
2022-02-21 14:29:00,192,192,192,192,21000
2022-02-21 14:30:00,192,192,192,192,6500
2022-02-21 14:31:00,192,192,192,192,0
2022-02-21 14:32:00,192,192,192,192,22200
2022-02-21 14:33:00,192,192,192,192,1000
2022-02-21 14:34:00,192,192,192,192,0
2022-02-21 14:35:00,192,192,192,192,15000
2022-02-21 14:36:00,192,192,192,192,2000
2022-02-21 14:37:00,192,192,192,192,400
2022-02-21 14:38:00,192,192,192,192,255900
2022-02-21 14:39:00,192,192,192,192,1000
2022-02-21 14:40:00,192,191,192,191,5000
2022-02-21 14:41:00,191,191,191,191,30600
2022-02-21 14:42:00,192,192,192,192,3000
2022-02-21 14:43:00,192,192,192,192,500
2022-02-21 14:44:00,192,192,192,192,500
2022-02-21 14:45:00,191,191,192,192,97800
2022-02-21 14:46:00,192,192,192,192,20500
2022-02-21 14:47:00,192,191,192,191,3700
2022-02-21 14:48:00,192,192,192,192,5100
2022-02-21 14:49:00,191,191,192,192,240500
2022-02-21 14:50:00,191,191,192,192,0
2022-02-21 14:51:00,191,191,192,192,0
2022-02-21 14:52:00,191,191,192,192,0
2022-02-21 14:53:00,191,191,192,192,0
2022-02-21 14:54:00,191,191,192,192,0
2022-02-21 14:55:00,191,191,192,192,0
2022-02-21 14:56:00,191,191,192,192,0
2022-02-21 14:57:00,191,191,192,192,0
2022-02-21 14:58:00,191,191,192,192,0
2022-02-21 14:59:00,191,191,192,192,0
2022-02-21 15:00:00,191,191,191,191,822000
2022-02-21 15:01:00,191,191,191,191,36500
2022-02-21 15:02:00,191,191,191,191,15100
2022-02-21 15:03:00,191,191,191,191,10300
2022-02-21 15:04:00,191,191,191,191,36300
2022-02-21 15:05:00,191,191,191,191,14800
2022-02-21 15:06:00,191,191,191,191,2400
2022-02-21 15:07:00,191,191,191,191,7700
2022-02-21 15:08:00,191,191,191,191,26400
2022-02-21 15:09:00,191,191,191,191,2000
2022-02-21 15:10:00,191,191,191,191,1600
2022-02-21 15:11:00,191,191,191,191,4200
2022-02-21 15:12:00,191,191,191,191,15200
2022-02-21 15:13:00,191,191,191,191,600
2022-02-21 15:14:00,191,191,191,191,0
2022-02-21 15:15:00,191,191,191,191,0
2022-02-21 15:16:00,191,191,191,191,0
2022-02-21 15:17:00,191,191,191,191,0
2022-02-21 15:18:00,191,191,191,191,0
2022-02-21 15:19:00,191,191,191,191,0
2022-02-21 15:20:00,191,191,191,191,0
2022-02-21 15:21:00,191,191,191,191,0
2022-02-21 15:22:00,191,191,191,191,0
2022-02-21 15:23:00,191,191,191,191,0
2022-02-21 15:24:00,191,191,191,191,0
2022-02-21 15:25:00,191,191,191,191,0
2022-02-21 15:26:00,191,191,191,191,0
2022-02-21 15:27:00,191,191,191,191,0
2022-02-21 15:28:00,191,191,191,191,0
2022-02-21 15:29:00,191,191,191,191,0
2022-02-21 15:30:00,191,191,191,191,0
2022-02-21 15:31:00,191,191,191,191,0
2022-02-21 15:32:00,191,191,191,191,0
2022-02-21 15:33:00,191,191,191,191,0
2022-02-21 15:34:00,191,191,191,191,0
2022-02-21 15:35:00,191,191,191,191,0
2022-02-21 15:36:00,191,191,191,191,0
2022-02-21 15:37:00,191,191,191,191,0
2022-02-21 15:38:00,191,191,191,191,0
2022-02-21 15:39:00,191,191,191,191,0
2022-02-21 15:40:00,191,191,191,191,0
2022-02-21 15:41:00,191,191,191,191,0
2022-02-21 15:42:00,191,191,191,191,0
2022-02-21 15:43:00,191,191,191,191,0
2022-02-21 15:44:00,191,191,191,191,0
2022-02-21 15:45:00,191,191,191,191,0
2022-02-21 15:46:00,191,191,191,191,0
2022-02-21 15:47:00,191,191,191,191,0
2022-02-21 15:48:00,191,191,191,191,0
2022-02-21 15:49:00,191,191,191,191,0
2022-02-21 15:50:00,191,191,191,191,0
2022-02-21 15:51:00,191,191,191,191,0
2022-02-21 15:52:00,191,191,191,191,0
2022-02-21 15:53:00,191,191,191,191,0
2022-02-21 15:54:00,191,191,191,191,0
2022-02-21 15:55:00,191,191,191,191,0
2022-02-21 15:56:00,191,191,191,191,0
2022-02-21 15:57:00,191,191,191,191,0
2022-02-21 15:58:00,191,191,191,191,0
2022-02-21 15:59:00,191,191,191,191,0
2022-02-22 09:00:00,190,189,193,193,0
2022-02-22 09:01:00,193,193,194,193,234700
2022-02-22 09:02:00,193,193,194,194,237500
2022-02-22 09:03:00,194,194,194,194,40800
2022-02-22 09:04:00,194,193,194,193,327300
2022-02-22 09:05:00,193,193,193,193,84100
2022-02-22 09:06:00,193,193,193,193,12300
2022-02-22 09:07:00,193,193,193,193,0
2022-02-22 09:08:00,192,192,193,192,133000
2022-02-22 09:09:00,192,192,192,192,23100
2022-02-22 09:10:00,192,192,193,192,20100
2022-02-22 09:11:00,192,192,193,192,0
2022-02-22 09:12:00,192,192,192,192,5000
2022-02-22 09:13:00,193,192,193,192,51200
2022-02-22 09:14:00,192,192,192,192,100
2022-02-22 09:15:00,193,193,193,193,6000
2022-02-22 09:16:00,192,192,192,192,2500
2022-02-22 09:17:00,192,192,192,192,0
2022-02-22 09:18:00,193,193,193,193,5100
2022-02-22 09:19:00,192,192,192,192,100
2022-02-22 09:20:00,192,192,192,192,0
2022-02-22 09:21:00,192,192,193,193,82400
2022-02-22 09:22:00,193,193,193,193,300
2022-02-22 09:23:00,193,193,193,193,22500
2022-02-22 09:24:00,193,193,193,193,0
2022-02-22 09:25:00,193,192,193,193,6100
2022-02-22 09:26:00,193,193,193,193,47000
2022-02-22 09:27:00,193,192,193,193,122000
2022-02-22 09:28:00,193,192,193,193,0
2022-02-22 09:29:00,193,192,193,192,140900
2022-02-22 09:30:00,193,192,193,192,0
2022-02-22 09:31:00,193,192,193,192,0
2022-02-22 09:32:00,192,192,192,192,200
2022-02-22 09:33:00,192,192,192,192,600
2022-02-22 09:34:00,192,192,192,192,400
2022-02-22 09:35:00,192,192,192,192,20000
2022-02-22 09:36:00,192,192,192,192,235000
2022-02-22 09:37:00,192,192,192,192,6000
2022-02-22 09:38:00,193,192,193,192,150000
2022-02-22 09:39:00,192,192,192,192,10000
2022-02-22 09:40:00,192,192,192,192,0
2022-02-22 09:41:00,192,192,192,192,0
2022-02-22 09:42:00,192,192,192,192,20200
2022-02-22 09:43:00,192,192,192,192,100
2022-02-22 09:44:00,192,192,192,192,0
2022-02-22 09:45:00,192,192,192,192,0
2022-02-22 09:46:00,192,192,192,192,0
2022-02-22 09:47:00,192,192,192,192,0
2022-02-22 09:48:00,192,192,192,192,0
2022-02-22 09:49:00,192,191,192,191,42400
2022-02-22 09:50:00,192,191,192,191,0
2022-02-22 09:51:00,192,191,192,191,0
2022-02-22 09:52:00,191,191,192,192,70600
2022-02-22 09:53:00,192,192,192,192,10000
2022-02-22 09:54:00,191,191,191,191,67600
2022-02-22 09:55:00,191,191,191,191,0
2022-02-22 09:56:00,191,191,191,191,0
2022-02-22 09:57:00,192,191,192,191,52000
2022-02-22 09:58:00,191,191,191,191,17700
2022-02-22 09:59:00,191,191,191,191,5000
2022-02-22 10:00:00,191,191,191,191,3300
2022-02-22 10:01:00,191,191,191,191,45000
2022-02-22 10:02:00,191,191,191,191,27000
2022-02-22 10:03:00,191,191,192,192,130100
2022-02-22 10:04:00,192,192,192,192,21000
2022-02-22 10:05:00,192,191,192,191,34300
2022-02-22 10:06:00,192,191,192,191,0
2022-02-22 10:07:00,191,191,191,191,20000
2022-02-22 10:08:00,191,191,191,191,5000
2022-02-22 10:09:00,191,191,191,191,22500
2022-02-22 10:10:00,191,191,191,191,0
2022-02-22 10:11:00,191,191,191,191,4000
2022-02-22 10:12:00,191,191,191,191,2500
2022-02-22 10:13:00,191,191,191,191,100200
2022-02-22 10:14:00,191,191,191,191,0
2022-02-22 10:15:00,191,191,191,191,52100
2022-02-22 10:16:00,191,190,191,190,1018900
2022-02-22 10:17:00,190,190,190,190,5000
2022-02-22 10:18:00,190,189,190,190,636200
2022-02-22 10:19:00,190,190,190,190,55000
2022-02-22 10:20:00,190,190,190,190,17900
2022-02-22 10:21:00,190,190,190,190,17100
2022-02-22 10:22:00,190,190,190,190,41200
2022-02-22 10:23:00,190,190,190,190,10000
2022-02-22 10:24:00,190,190,190,190,10000
2022-02-22 10:25:00,191,190,191,190,10000
2022-02-22 10:26:00,190,190,190,190,600
2022-02-22 10:27:00,190,190,190,190,70000
2022-02-22 10:28:00,190,190,190,190,10000
2022-02-22 10:29:00,190,190,190,190,0
2022-02-22 10:30:00,190,190,190,190,10000
2022-02-22 10:31:00,190,190,190,190,11500
2022-02-22 10:32:00,190,190,190,190,0
2022-02-22 10:33:00,190,190,190,190,29400
2022-02-22 10:34:00,190,190,190,190,3000
2022-02-22 10:35:00,191,191,191,191,15000
2022-02-22 10:36:00,190,190,190,190,20000
2022-02-22 10:37:00,190,190,190,190,5000
2022-02-22 10:38:00,190,190,190,190,4000
2022-02-22 10:39:00,190,190,190,190,150000
2022-02-22 10:40:00,190,190,190,190,3800
2022-02-22 10:41:00,189,189,189,189,170000
2022-02-22 10:42:00,189,189,190,189,52200
2022-02-22 10:43:00,189,189,189,189,3500
2022-02-22 10:44:00,189,189,189,189,60000
2022-02-22 10:45:00,189,189,189,189,302000
2022-02-22 10:46:00,189,189,189,189,100
2022-02-22 10:47:00,189,189,189,189,0
2022-02-22 10:48:00,189,189,189,189,5000
2022-02-22 10:49:00,190,189,190,189,5500
2022-02-22 10:50:00,189,189,189,189,20000
2022-02-22 10:51:00,190,190,190,190,94300
2022-02-22 10:52:00,190,190,190,190,500
2022-02-22 10:53:00,190,190,190,190,0
2022-02-22 10:54:00,190,190,190,190,6100
2022-02-22 10:55:00,189,189,189,189,11700
2022-02-22 10:56:00,189,189,189,189,70000
2022-02-22 10:57:00,189,189,189,189,36000
2022-02-22 10:58:00,189,189,189,189,10000
2022-02-22 10:59:00,190,189,190,189,26400
2022-02-22 11:00:00,189,189,189,189,50000
2022-02-22 11:01:00,189,189,189,189,109600
2022-02-22 11:02:00,189,189,189,189,0
2022-02-22 11:03:00,189,189,189,189,700
2022-02-22 11:04:00,189,189,189,189,2500
2022-02-22 11:05:00,189,189,189,189,2700
2022-02-22 11:06:00,189,189,189,189,0
2022-02-22 11:07:00,189,189,189,189,0
2022-02-22 11:08:00,190,190,190,190,2500
2022-02-22 11:09:00,190,190,190,190,0
2022-02-22 11:10:00,190,190,190,190,1000
2022-02-22 11:11:00,190,190,190,190,0
2022-02-22 11:12:00,190,190,190,190,0
2022-02-22 11:13:00,190,190,190,190,500
2022-02-22 11:14:00,190,190,190,190,0
2022-02-22 11:15:00,190,190,190,190,0
2022-02-22 11:16:00,190,190,190,190,0
2022-02-22 11:17:00,190,190,190,190,0
2022-02-22 11:18:00,190,190,190,190,0
2022-02-22 11:19:00,190,190,190,190,0
2022-02-22 11:20:00,190,190,190,190,0
2022-02-22 11:21:00,190,190,190,190,0
2022-02-22 11:22:00,190,190,190,190,1000
2022-02-22 11:23:00,190,190,190,190,0
2022-02-22 11:24:00,190,190,190,190,0
2022-02-22 11:25:00,189,189,189,189,7500
2022-02-22 11:26:00,189,189,189,189,250000
2022-02-22 11:27:00,189,189,189,189,0
2022-02-22 11:28:00,189,189,190,190,4000
2022-02-22 11:29:00,189,189,190,190,0
2022-02-22 11:30:00,189,189,190,190,0
2022-02-22 11:31:00,189,189,190,190,0
2022-02-22 11:32:00,189,189,190,190,0
2022-02-22 11:33:00,189,189,190,190,0
2022-02-22 11:34:00,189,189,190,190,0
2022-02-22 11:35:00,189,189,190,190,0
2022-02-22 11:36:00,189,189,190,190,0
2022-02-22 11:37:00,189,189,190,190,0
2022-02-22 11:38:00,189,189,190,190,0
2022-02-22 11:39:00,189,189,190,190,0
2022-02-22 11:40:00,189,189,190,190,0
2022-02-22 11:41:00,189,189,190,190,0
2022-02-22 11:42:00,189,189,190,190,0
2022-02-22 11:43:00,189,189,190,190,0
2022-02-22 11:44:00,189,189,190,190,0
2022-02-22 11:45:00,189,189,190,190,0
2022-02-22 11:46:00,189,189,190,190,0
2022-02-22 11:47:00,189,189,190,190,0
2022-02-22 11:48:00,189,189,190,190,0
2022-02-22 11:49:00,189,189,190,190,0
2022-02-22 11:50:00,189,189,190,190,0
2022-02-22 11:51:00,189,189,190,190,0
2022-02-22 11:52:00,189,189,190,190,0
2022-02-22 11:53:00,189,189,190,190,0
2022-02-22 11:54:00,189,189,190,190,0
2022-02-22 11:55:00,189,189,190,190,0
2022-02-22 11:56:00,189,189,190,190,0
2022-02-22 11:57:00,189,189,190,190,0
2022-02-22 11:58:00,189,189,190,190,0
2022-02-22 11:59:00,189,189,190,190,0
2022-02-22 12:00:00,189,189,190,190,0
2022-02-22 12:01:00,189,189,190,190,0
2022-02-22 12:02:00,189,189,190,190,0
2022-02-22 12:03:00,189,189,190,190,0
2022-02-22 12:04:00,189,189,190,190,0
2022-02-22 12:05:00,189,189,190,190,0
2022-02-22 12:06:00,189,189,190,190,0
2022-02-22 12:07:00,189,189,190,190,0
2022-02-22 12:08:00,189,189,190,190,0
2022-02-22 12:09:00,189,189,190,190,0
2022-02-22 12:10:00,189,189,190,190,0
2022-02-22 12:11:00,189,189,190,190,0
2022-02-22 12:12:00,189,189,190,190,0
2022-02-22 12:13:00,189,189,190,190,0
2022-02-22 12:14:00,189,189,190,190,0
2022-02-22 12:15:00,189,189,190,190,0
2022-02-22 12:16:00,189,189,190,190,0
2022-02-22 12:17:00,189,189,190,190,0
2022-02-22 12:18:00,189,189,190,190,0
2022-02-22 12:19:00,189,189,190,190,0
2022-02-22 12:20:00,189,189,190,190,0
2022-02-22 12:21:00,189,189,190,190,0
2022-02-22 12:22:00,189,189,190,190,0
2022-02-22 12:23:00,189,189,190,190,0
2022-02-22 12:24:00,189,189,190,190,0
2022-02-22 12:25:00,189,189,190,190,0
2022-02-22 12:26:00,189,189,190,190,0
2022-02-22 12:27:00,189,189,190,190,0
2022-02-22 12:28:00,189,189,190,190,0
2022-02-22 12:29:00,189,189,190,190,0
2022-02-22 12:30:00,189,189,190,190,0
2022-02-22 12:31:00,189,189,190,190,0
2022-02-22 12:32:00,189,189,190,190,0
2022-02-22 12:33:00,189,189,190,190,0
2022-02-22 12:34:00,189,189,190,190,0
2022-02-22 12:35:00,189,189,190,190,0
2022-02-22 12:36:00,189,189,190,190,0
2022-02-22 12:37:00,189,189,190,190,0
2022-02-22 12:38:00,189,189,190,190,0
2022-02-22 12:39:00,189,189,190,190,0
2022-02-22 12:40:00,189,189,190,190,0
2022-02-22 12:41:00,189,189,190,190,0
2022-02-22 12:42:00,189,189,190,190,0
2022-02-22 12:43:00,189,189,190,190,0
2022-02-22 12:44:00,189,189,190,190,0
2022-02-22 12:45:00,189,189,190,190,0
2022-02-22 12:46:00,189,189,190,190,0
2022-02-22 12:47:00,189,189,190,190,0
2022-02-22 12:48:00,189,189,190,190,0
2022-02-22 12:49:00,189,189,190,190,0
2022-02-22 12:50:00,189,189,190,190,0
2022-02-22 12:51:00,189,189,190,190,0
2022-02-22 12:52:00,189,189,190,190,0
2022-02-22 12:53:00,189,189,190,190,0
2022-02-22 12:54:00,189,189,190,190,0
2022-02-22 12:55:00,189,189,190,190,0
2022-02-22 12:56:00,189,189,190,190,0
2022-02-22 12:57:00,189,189,190,190,0
2022-02-22 12:58:00,189,189,190,190,0
2022-02-22 12:59:00,189,189,190,190,0
2022-02-22 13:00:00,189,189,190,190,0
2022-02-22 13:01:00,189,189,190,190,0
2022-02-22 13:02:00,189,189,190,190,0
2022-02-22 13:03:00,189,189,190,190,0
2022-02-22 13:04:00,189,189,190,190,0
2022-02-22 13:05:00,189,189,190,190,0
2022-02-22 13:06:00,189,189,190,190,0
2022-02-22 13:07:00,189,189,190,190,0
2022-02-22 13:08:00,189,189,190,190,0
2022-02-22 13:09:00,189,189,190,190,0
2022-02-22 13:10:00,189,189,190,190,0
2022-02-22 13:11:00,189,189,190,190,0
2022-02-22 13:12:00,189,189,190,190,0
2022-02-22 13:13:00,189,189,190,190,0
2022-02-22 13:14:00,189,189,190,190,0
2022-02-22 13:15:00,189,189,190,190,0
2022-02-22 13:16:00,189,189,190,190,0
2022-02-22 13:17:00,189,189,190,190,0
2022-02-22 13:18:00,189,189,190,190,0
2022-02-22 13:19:00,189,189,190,190,0
2022-02-22 13:20:00,189,189,190,190,0
2022-02-22 13:21:00,189,189,190,190,0
2022-02-22 13:22:00,189,189,190,190,0
2022-02-22 13:23:00,189,189,190,190,0
2022-02-22 13:24:00,189,189,190,190,0
2022-02-22 13:25:00,189,189,190,190,0
2022-02-22 13:26:00,189,189,190,190,0
2022-02-22 13:27:00,189,189,190,190,0
2022-02-22 13:28:00,189,189,190,190,0
2022-02-22 13:29:00,189,189,190,190,0
2022-02-22 13:30:00,189,189,190,190,87700
2022-02-22 13:31:00,189,189,190,190,0
2022-02-22 13:32:00,189,189,190,190,0
2022-02-22 13:33:00,190,190,190,190,5000
2022-02-22 13:34:00,190,190,190,190,5000
2022-02-22 13:35:00,190,190,190,190,16400
2022-02-22 13:36:00,190,190,190,190,5600
2022-02-22 13:37:00,189,189,189,189,500
2022-02-22 13:38:00,189,189,190,190,15000
2022-02-22 13:39:00,190,190,190,190,200
2022-02-22 13:40:00,190,189,190,189,42800
2022-02-22 13:41:00,190,190,190,190,100
2022-02-22 13:42:00,190,190,190,190,0
2022-02-22 13:43:00,190,190,190,190,0
2022-02-22 13:44:00,190,190,190,190,100
2022-02-22 13:45:00,190,190,190,190,0
2022-02-22 13:46:00,190,190,190,190,0
2022-02-22 13:47:00,190,190,190,190,0
2022-02-22 13:48:00,190,190,190,190,1100
2022-02-22 13:49:00,190,190,190,190,1000
2022-02-22 13:50:00,190,190,190,190,0
2022-02-22 13:51:00,189,189,189,189,173800
2022-02-22 13:52:00,189,189,189,189,0
2022-02-22 13:53:00,189,189,189,189,0
2022-02-22 13:54:00,190,190,190,190,100
2022-02-22 13:55:00,189,189,189,189,3000
2022-02-22 13:56:00,189,189,189,189,0
2022-02-22 13:57:00,189,189,189,189,1200
2022-02-22 13:58:00,189,189,189,189,0
2022-02-22 13:59:00,189,189,189,189,20500
2022-02-22 14:00:00,189,189,189,189,0
2022-02-22 14:01:00,189,189,189,189,60000
2022-02-22 14:02:00,190,190,190,190,100
2022-02-22 14:03:00,190,190,190,190,100
2022-02-22 14:04:00,190,190,190,190,4000
2022-02-22 14:05:00,190,189,190,189,14100
2022-02-22 14:06:00,189,189,189,189,300
2022-02-22 14:07:00,189,189,190,190,19900
2022-02-22 14:08:00,189,189,190,190,11000
2022-02-22 14:09:00,190,190,190,190,6200
2022-02-22 14:10:00,190,190,190,190,291600
2022-02-22 14:11:00,190,190,190,190,100
2022-02-22 14:12:00,190,190,190,190,100
2022-02-22 14:13:00,190,190,190,190,3600
2022-02-22 14:14:00,190,190,190,190,0
2022-02-22 14:15:00,190,190,190,190,0
2022-02-22 14:16:00,190,190,190,190,0
2022-02-22 14:17:00,190,190,190,190,0
2022-02-22 14:18:00,191,191,191,191,54000
2022-02-22 14:19:00,191,191,191,191,10000
2022-02-22 14:20:00,191,191,191,191,18500
2022-02-22 14:21:00,191,191,191,191,3000
2022-02-22 14:22:00,191,191,191,191,123500
2022-02-22 14:23:00,191,191,191,191,23000
2022-02-22 14:24:00,191,191,191,191,33100
2022-02-22 14:25:00,191,191,191,191,40200
2022-02-22 14:26:00,191,191,191,191,15000
2022-02-22 14:27:00,191,191,191,191,0
2022-02-22 14:28:00,192,192,192,192,30100
2022-02-22 14:29:00,192,192,192,192,25000
2022-02-22 14:30:00,192,192,192,192,8000
2022-02-22 14:31:00,192,192,192,192,123000
2022-02-22 14:32:00,192,192,192,192,84500
2022-02-22 14:33:00,192,192,192,192,20000
2022-02-22 14:34:00,192,192,192,192,0
2022-02-22 14:35:00,192,192,192,192,1000
2022-02-22 14:36:00,192,192,194,194,1369600
2022-02-22 14:37:00,194,193,194,194,1855100
2022-02-22 14:38:00,194,194,196,195,6468800
2022-02-22 14:39:00,195,194,195,195,2042900
2022-02-22 14:40:00,195,195,195,195,321900
2022-02-22 14:41:00,195,195,196,196,920300
2022-02-22 14:42:00,195,195,198,198,4606900
2022-02-22 14:43:00,198,197,198,197,2768100
2022-02-22 14:44:00,197,196,197,196,276800
2022-02-22 14:45:00,196,196,197,196,254200
2022-02-22 14:46:00,196,195,196,195,785100
2022-02-22 14:47:00,195,195,196,195,226400
2022-02-22 14:48:00,195,195,196,196,325300
2022-02-22 14:49:00,196,195,197,197,332300
2022-02-22 14:50:00,196,195,197,197,0
2022-02-22 14:51:00,196,195,197,197,0
2022-02-22 14:52:00,196,195,197,197,0
2022-02-22 14:53:00,196,195,197,197,0
2022-02-22 14:54:00,196,195,197,197,0
2022-02-22 14:55:00,196,195,197,197,0
2022-02-22 14:56:00,196,195,197,197,0
2022-02-22 14:57:00,196,195,197,197,0
2022-02-22 14:58:00,196,195,197,197,0
2022-02-22 14:59:00,196,195,197,197,0
2022-02-22 15:00:00,198,198,198,198,4071900
2022-02-22 15:01:00,198,198,198,198,1442900
2022-02-22 15:02:00,198,198,198,198,80400
2022-02-22 15:03:00,198,198,198,198,50200
2022-02-22 15:04:00,198,198,198,198,20100
2022-02-22 15:05:00,198,198,198,198,261300
2022-02-22 15:06:00,198,198,198,198,0
2022-02-22 15:07:00,198,198,198,198,58000
2022-02-22 15:08:00,198,198,198,198,62000
2022-02-22 15:09:00,198,198,198,198,0
2022-02-22 15:10:00,198,198,198,198,2100
2022-02-22 15:11:00,198,198,198,198,1100
2022-02-22 15:12:00,198,198,198,198,1200
2022-02-22 15:13:00,198,198,198,198,0
2022-02-22 15:14:00,198,198,198,198,0
2022-02-22 15:15:00,198,198,198,198,0
2022-02-22 15:16:00,198,198,198,198,0
2022-02-22 15:17:00,198,198,198,198,0
2022-02-22 15:18:00,198,198,198,198,0
2022-02-22 15:19:00,198,198,198,198,0
2022-02-22 15:20:00,198,198,198,198,0
2022-02-22 15:21:00,198,198,198,198,0
2022-02-22 15:22:00,198,198,198,198,0
2022-02-22 15:23:00,198,198,198,198,0
2022-02-22 15:24:00,198,198,198,198,0
2022-02-22 15:25:00,198,198,198,198,0
2022-02-22 15:26:00,198,198,198,198,0
2022-02-22 15:27:00,198,198,198,198,0
2022-02-22 15:28:00,198,198,198,198,0
2022-02-22 15:29:00,198,198,198,198,0
2022-02-22 15:30:00,198,198,198,198,0
2022-02-22 15:31:00,198,198,198,198,0
2022-02-22 15:32:00,198,198,198,198,0
2022-02-22 15:33:00,198,198,198,198,0
2022-02-22 15:34:00,198,198,198,198,0
2022-02-22 15:35:00,198,198,198,198,0
2022-02-22 15:36:00,198,198,198,198,0
2022-02-22 15:37:00,198,198,198,198,0
2022-02-22 15:38:00,198,198,198,198,0
2022-02-22 15:39:00,198,198,198,198,0
2022-02-22 15:40:00,198,198,198,198,0
2022-02-22 15:41:00,198,198,198,198,0
2022-02-22 15:42:00,198,198,198,198,0
2022-02-22 15:43:00,198,198,198,198,0
2022-02-22 15:44:00,198,198,198,198,0
2022-02-22 15:45:00,198,198,198,198,0
2022-02-22 15:46:00,198,198,198,198,0
2022-02-22 15:47:00,198,198,198,198,0
2022-02-22 15:48:00,198,198,198,198,0
2022-02-22 15:49:00,198,198,198,198,0
2022-02-22 15:50:00,198,198,198,198,0
2022-02-22 15:51:00,198,198,198,198,0
2022-02-22 15:52:00,198,198,198,198,0
2022-02-22 15:53:00,198,198,198,198,0
2022-02-22 15:54:00,198,198,198,198,0
2022-02-22 15:55:00,198,198,198,198,0
2022-02-22 15:56:00,198,198,198,198,0
2022-02-22 15:57:00,198,198,198,198,0
2022-02-22 15:58:00,198,198,198,198,0
2022-02-22 15:59:00,198,198,198,198,0
2022-02-23 09:00:00,204,199,204,200,0
2022-02-23 09:01:00,200,200,202,200,1553300
2022-02-23 09:02:00,200,199,202,200,2212100
2022-02-23 09:03:00,199,198,200,198,1432800
2022-02-23 09:04:00,198,198,198,198,381200
2022-02-23 09:05:00,198,198,199,199,245000
2022-02-23 09:06:00,199,198,200,200,222300
2022-02-23 09:07:00,199,198,200,198,287600
2022-02-23 09:08:00,198,198,199,198,17300
2022-02-23 09:09:00,199,198,199,198,525900
2022-02-23 09:10:00,198,198,200,199,534000
2022-02-23 09:11:00,199,199,200,199,220200
2022-02-23 09:12:00,199,198,199,198,531500
2022-02-23 09:13:00,198,198,199,199,443300
2022-02-23 09:14:00,198,198,198,198,366500
2022-02-23 09:15:00,198,197,198,197,721100
2022-02-23 09:16:00,197,196,197,197,312000
2022-02-23 09:17:00,197,196,197,196,726600
2022-02-23 09:18:00,196,196,197,197,458900
2022-02-23 09:19:00,197,197,198,198,147900
2022-02-23 09:20:00,197,196,197,196,53700
2022-02-23 09:21:00,197,196,197,196,115400
2022-02-23 09:22:00,196,196,196,196,96700
2022-02-23 09:23:00,196,196,197,197,36500
2022-02-23 09:24:00,197,196,197,196,641900
2022-02-23 09:25:00,196,195,196,195,225700
2022-02-23 09:26:00,195,195,196,195,73500
2022-02-23 09:27:00,195,195,196,196,108900
2022-02-23 09:28:00,196,195,196,195,9600
2022-02-23 09:29:00,195,195,196,195,162900
2022-02-23 09:30:00,195,195,196,196,181400
2022-02-23 09:31:00,196,196,197,197,240200
2022-02-23 09:32:00,197,196,197,196,64300
2022-02-23 09:33:00,197,196,197,197,19500
2022-02-23 09:34:00,197,197,197,197,251700
2022-02-23 09:35:00,197,196,197,196,23900
2022-02-23 09:36:00,196,196,197,197,10400
2022-02-23 09:37:00,196,196,196,196,300
2022-02-23 09:38:00,196,196,196,196,0
2022-02-23 09:39:00,196,196,196,196,4500
2022-02-23 09:40:00,197,197,197,197,53100
2022-02-23 09:41:00,197,197,197,197,5400
2022-02-23 09:42:00,197,197,197,197,78500
2022-02-23 09:43:00,197,197,197,197,29700
2022-02-23 09:44:00,197,197,197,197,10000
2022-02-23 09:45:00,197,197,197,197,250000
2022-02-23 09:46:00,197,197,197,197,1000
2022-02-23 09:47:00,197,197,197,197,55700
2022-02-23 09:48:00,197,197,197,197,28900
2022-02-23 09:49:00,197,197,197,197,200
2022-02-23 09:50:00,197,197,197,197,153500
2022-02-23 09:51:00,197,197,197,197,27400
2022-02-23 09:52:00,197,197,197,197,193000
2022-02-23 09:53:00,197,196,197,196,131900
2022-02-23 09:54:00,196,196,197,197,105700
2022-02-23 09:55:00,197,197,197,197,100
2022-02-23 09:56:00,197,197,197,197,36400
2022-02-23 09:57:00,197,197,198,198,213000
2022-02-23 09:58:00,198,197,198,197,178700
2022-02-23 09:59:00,197,197,197,197,2300
2022-02-23 10:00:00,197,197,197,197,30000
2022-02-23 10:01:00,197,197,197,197,10100
2022-02-23 10:02:00,197,197,197,197,122100
2022-02-23 10:03:00,197,197,197,197,400
2022-02-23 10:04:00,197,197,198,198,63600
2022-02-23 10:05:00,198,198,198,198,10100
2022-02-23 10:06:00,198,198,198,198,20000
2022-02-23 10:07:00,198,198,198,198,5000
2022-02-23 10:08:00,198,198,198,198,0
2022-02-23 10:09:00,197,197,197,197,2000
2022-02-23 10:10:00,197,197,197,197,0
2022-02-23 10:11:00,198,197,198,197,30100
2022-02-23 10:12:00,197,197,197,197,1000
2022-02-23 10:13:00,197,197,197,197,11100
2022-02-23 10:14:00,197,197,197,197,356900
2022-02-23 10:15:00,197,197,197,197,28100
2022-02-23 10:16:00,197,196,197,196,4600
2022-02-23 10:17:00,197,195,197,195,805100
2022-02-23 10:18:00,195,195,196,196,18500
2022-02-23 10:19:00,195,195,196,196,115400
2022-02-23 10:20:00,196,196,196,196,7700
2022-02-23 10:21:00,196,196,196,196,12000
2022-02-23 10:22:00,196,196,196,196,80000
2022-02-23 10:23:00,196,196,196,196,4600
2022-02-23 10:24:00,196,196,196,196,617200
2022-02-23 10:25:00,196,196,196,196,36300
2022-02-23 10:26:00,196,196,196,196,50000
2022-02-23 10:27:00,196,196,196,196,92200
2022-02-23 10:28:00,196,196,196,196,10000
2022-02-23 10:29:00,196,196,196,196,26000
2022-02-23 10:30:00,196,196,196,196,10400
2022-02-23 10:31:00,196,196,196,196,0
2022-02-23 10:32:00,196,196,196,196,0
2022-02-23 10:33:00,196,196,196,196,35000
2022-02-23 10:34:00,196,196,196,196,191500
2022-02-23 10:35:00,196,196,196,196,15000
2022-02-23 10:36:00,196,196,196,196,26600
2022-02-23 10:37:00,196,196,196,196,11000
2022-02-23 10:38:00,196,195,196,195,284000
2022-02-23 10:39:00,195,195,195,195,33500
2022-02-23 10:40:00,195,195,195,195,96900
2022-02-23 10:41:00,195,195,195,195,245000
2022-02-23 10:42:00,195,195,195,195,173700
2022-02-23 10:43:00,195,195,195,195,17200
2022-02-23 10:44:00,195,195,195,195,152800
2022-02-23 10:45:00,195,195,196,195,42800
2022-02-23 10:46:00,195,195,196,195,0
2022-02-23 10:47:00,196,196,196,196,1100
2022-02-23 10:48:00,196,196,196,196,0
2022-02-23 10:49:00,195,195,195,195,153400
2022-02-23 10:50:00,195,195,195,195,0
2022-02-23 10:51:00,195,195,195,195,0
2022-02-23 10:52:00,195,195,195,195,0
2022-02-23 10:53:00,195,195,195,195,50000
2022-02-23 10:54:00,195,195,195,195,110400
2022-02-23 10:55:00,195,195,195,195,0
2022-02-23 10:56:00,195,195,195,195,0
2022-02-23 10:57:00,195,195,195,195,300
2022-02-23 10:58:00,195,195,195,195,0
2022-02-23 10:59:00,195,195,195,195,0
2022-02-23 11:00:00,195,195,195,195,0
2022-02-23 11:01:00,195,195,195,195,10000
2022-02-23 11:02:00,196,196,196,196,1500
2022-02-23 11:03:00,196,196,196,196,0
2022-02-23 11:04:00,195,195,195,195,2000
2022-02-23 11:05:00,196,196,196,196,5300
2022-02-23 11:06:00,196,196,196,196,0
2022-02-23 11:07:00,196,195,196,195,500
2022-02-23 11:08:00,196,195,196,195,0
2022-02-23 11:09:00,195,195,195,195,2000
2022-02-23 11:10:00,195,195,195,195,400
2022-02-23 11:11:00,195,195,195,195,0
2022-02-23 11:12:00,195,195,196,195,68100
2022-02-23 11:13:00,195,195,195,195,26700
2022-02-23 11:14:00,195,195,195,195,0
2022-02-23 11:15:00,195,195,195,195,0
2022-02-23 11:16:00,195,195,195,195,2000
2022-02-23 11:17:00,195,195,195,195,22000
2022-02-23 11:18:00,196,196,196,196,100
2022-02-23 11:19:00,196,196,196,196,0
2022-02-23 11:20:00,196,196,196,196,0
2022-02-23 11:21:00,196,196,196,196,0
2022-02-23 11:22:00,196,196,196,196,5100
2022-02-23 11:23:00,196,196,196,196,7500
2022-02-23 11:24:00,196,196,196,196,0
2022-02-23 11:25:00,196,196,196,196,2100
2022-02-23 11:26:00,196,196,196,196,0
2022-02-23 11:27:00,196,196,196,196,0
2022-02-23 11:28:00,196,196,196,196,0
2022-02-23 11:29:00,196,196,196,196,0
2022-02-23 11:30:00,196,196,196,196,0
2022-02-23 11:31:00,196,196,196,196,0
2022-02-23 11:32:00,196,196,196,196,0
2022-02-23 11:33:00,196,196,196,196,0
2022-02-23 11:34:00,196,196,196,196,0
2022-02-23 11:35:00,196,196,196,196,0
2022-02-23 11:36:00,196,196,196,196,0
2022-02-23 11:37:00,196,196,196,196,0
2022-02-23 11:38:00,196,196,196,196,0
2022-02-23 11:39:00,196,196,196,196,0
2022-02-23 11:40:00,196,196,196,196,0
2022-02-23 11:41:00,196,196,196,196,0
2022-02-23 11:42:00,196,196,196,196,0
2022-02-23 11:43:00,196,196,196,196,0
2022-02-23 11:44:00,196,196,196,196,0
2022-02-23 11:45:00,196,196,196,196,0
2022-02-23 11:46:00,196,196,196,196,0
2022-02-23 11:47:00,196,196,196,196,0
2022-02-23 11:48:00,196,196,196,196,0
2022-02-23 11:49:00,196,196,196,196,0
2022-02-23 11:50:00,196,196,196,196,0
2022-02-23 11:51:00,196,196,196,196,0
2022-02-23 11:52:00,196,196,196,196,0
2022-02-23 11:53:00,196,196,196,196,0
2022-02-23 11:54:00,196,196,196,196,0
2022-02-23 11:55:00,196,196,196,196,0
2022-02-23 11:56:00,196,196,196,196,0
2022-02-23 11:57:00,196,196,196,196,0
2022-02-23 11:58:00,196,196,196,196,0
2022-02-23 11:59:00,196,196,196,196,0
2022-02-23 12:00:00,196,196,196,196,0
2022-02-23 12:01:00,196,196,196,196,0
2022-02-23 12:02:00,196,196,196,196,0
2022-02-23 12:03:00,196,196,196,196,0
2022-02-23 12:04:00,196,196,196,196,0
2022-02-23 12:05:00,196,196,196,196,0
2022-02-23 12:06:00,196,196,196,196,0
2022-02-23 12:07:00,196,196,196,196,0
2022-02-23 12:08:00,196,196,196,196,0
2022-02-23 12:09:00,196,196,196,196,0
2022-02-23 12:10:00,196,196,196,196,0
2022-02-23 12:11:00,196,196,196,196,0
2022-02-23 12:12:00,196,196,196,196,0
2022-02-23 12:13:00,196,196,196,196,0
2022-02-23 12:14:00,196,196,196,196,0
2022-02-23 12:15:00,196,196,196,196,0
2022-02-23 12:16:00,196,196,196,196,0
2022-02-23 12:17:00,196,196,196,196,0
2022-02-23 12:18:00,196,196,196,196,0
2022-02-23 12:19:00,196,196,196,196,0
2022-02-23 12:20:00,196,196,196,196,0
2022-02-23 12:21:00,196,196,196,196,0
2022-02-23 12:22:00,196,196,196,196,0
2022-02-23 12:23:00,196,196,196,196,0
2022-02-23 12:24:00,196,196,196,196,0
2022-02-23 12:25:00,196,196,196,196,0
2022-02-23 12:26:00,196,196,196,196,0
2022-02-23 12:27:00,196,196,196,196,0
2022-02-23 12:28:00,196,196,196,196,0
2022-02-23 12:29:00,196,196,196,196,0
2022-02-23 12:30:00,196,196,196,196,0
2022-02-23 12:31:00,196,196,196,196,0
2022-02-23 12:32:00,196,196,196,196,0
2022-02-23 12:33:00,196,196,196,196,0
2022-02-23 12:34:00,196,196,196,196,0
2022-02-23 12:35:00,196,196,196,196,0
2022-02-23 12:36:00,196,196,196,196,0
2022-02-23 12:37:00,196,196,196,196,0
2022-02-23 12:38:00,196,196,196,196,0
2022-02-23 12:39:00,196,196,196,196,0
2022-02-23 12:40:00,196,196,196,196,0
2022-02-23 12:41:00,196,196,196,196,0
2022-02-23 12:42:00,196,196,196,196,0
2022-02-23 12:43:00,196,196,196,196,0
2022-02-23 12:44:00,196,196,196,196,0
2022-02-23 12:45:00,196,196,196,196,0
2022-02-23 12:46:00,196,196,196,196,0
2022-02-23 12:47:00,196,196,196,196,0
2022-02-23 12:48:00,196,196,196,196,0
2022-02-23 12:49:00,196,196,196,196,0
2022-02-23 12:50:00,196,196,196,196,0
2022-02-23 12:51:00,196,196,196,196,0
2022-02-23 12:52:00,196,196,196,196,0
2022-02-23 12:53:00,196,196,196,196,0
2022-02-23 12:54:00,196,196,196,196,0
2022-02-23 12:55:00,196,196,196,196,0
2022-02-23 12:56:00,196,196,196,196,0
2022-02-23 12:57:00,196,196,196,196,0
2022-02-23 12:58:00,196,196,196,196,0
2022-02-23 12:59:00,196,196,196,196,0
2022-02-23 13:00:00,196,196,196,196,0
2022-02-23 13:01:00,196,196,196,196,0
2022-02-23 13:02:00,196,196,196,196,0
2022-02-23 13:03:00,196,196,196,196,0
2022-02-23 13:04:00,196,196,196,196,0
2022-02-23 13:05:00,196,196,196,196,0
2022-02-23 13:06:00,196,196,196,196,0
2022-02-23 13:07:00,196,196,196,196,0
2022-02-23 13:08:00,196,196,196,196,0
2022-02-23 13:09:00,196,196,196,196,0
2022-02-23 13:10:00,196,196,196,196,0
2022-02-23 13:11:00,196,196,196,196,0
2022-02-23 13:12:00,196,196,196,196,0
2022-02-23 13:13:00,196,196,196,196,0
2022-02-23 13:14:00,196,196,196,196,0
2022-02-23 13:15:00,196,196,196,196,0
2022-02-23 13:16:00,196,196,196,196,0
2022-02-23 13:17:00,196,196,196,196,0
2022-02-23 13:18:00,196,196,196,196,0
2022-02-23 13:19:00,196,196,196,196,0
2022-02-23 13:20:00,196,196,196,196,0
2022-02-23 13:21:00,196,196,196,196,0
2022-02-23 13:22:00,196,196,196,196,0
2022-02-23 13:23:00,196,196,196,196,0
2022-02-23 13:24:00,196,196,196,196,0
2022-02-23 13:25:00,196,196,196,196,0
2022-02-23 13:26:00,196,196,196,196,0
2022-02-23 13:27:00,196,196,196,196,0
2022-02-23 13:28:00,196,196,196,196,0
2022-02-23 13:29:00,196,196,196,196,0
2022-02-23 13:30:00,196,195,196,195,36400
2022-02-23 13:31:00,196,196,196,196,25300
2022-02-23 13:32:00,195,195,195,195,10000
2022-02-23 13:33:00,196,196,196,196,100
2022-02-23 13:34:00,195,195,196,196,2100
2022-02-23 13:35:00,195,195,195,195,2000
2022-02-23 13:36:00,196,195,196,195,3700
2022-02-23 13:37:00,195,195,195,195,30000
2022-02-23 13:38:00,195,195,195,195,16600
2022-02-23 13:39:00,195,195,195,195,153000
2022-02-23 13:40:00,195,195,195,195,579500
2022-02-23 13:41:00,195,194,195,195,167700
2022-02-23 13:42:00,195,194,195,194,43500
2022-02-23 13:43:00,195,195,195,195,5500
2022-02-23 13:44:00,195,195,195,195,300
2022-02-23 13:45:00,195,195,195,195,1000
2022-02-23 13:46:00,195,195,195,195,14400
2022-02-23 13:47:00,195,195,195,195,0
2022-02-23 13:48:00,195,195,195,195,2600
2022-02-23 13:49:00,194,194,195,194,49000
2022-02-23 13:50:00,194,194,195,194,0
2022-02-23 13:51:00,194,194,195,194,0
2022-02-23 13:52:00,194,194,194,194,306400
2022-02-23 13:53:00,194,194,194,194,60100
2022-02-23 13:54:00,194,194,194,194,5000
2022-02-23 13:55:00,194,194,194,194,41300
2022-02-23 13:56:00,194,194,194,194,35000
2022-02-23 13:57:00,194,194,194,194,16900
2022-02-23 13:58:00,194,194,194,194,1000
2022-02-23 13:59:00,195,194,195,194,62600
2022-02-23 14:00:00,195,194,195,195,222200
2022-02-23 14:01:00,195,195,195,195,300
2022-02-23 14:02:00,195,195,195,195,500
2022-02-23 14:03:00,194,194,194,194,103500
2022-02-23 14:04:00,194,194,195,195,250500
2022-02-23 14:05:00,194,194,195,195,0
2022-02-23 14:06:00,194,194,195,195,0
2022-02-23 14:07:00,195,195,195,195,20000
2022-02-23 14:08:00,195,194,195,194,5100
2022-02-23 14:09:00,195,195,195,195,1000
2022-02-23 14:10:00,195,195,195,195,0
2022-02-23 14:11:00,195,194,195,194,52500
2022-02-23 14:12:00,194,194,195,194,11200
2022-02-23 14:13:00,195,195,195,195,6000
2022-02-23 14:14:00,195,195,195,195,20100
2022-02-23 14:15:00,195,195,195,195,400
2022-02-23 14:16:00,195,195,195,195,400
2022-02-23 14:17:00,195,195,195,195,20000
2022-02-23 14:18:00,195,195,195,195,0
2022-02-23 14:19:00,195,195,195,195,2400
2022-02-23 14:20:00,195,195,195,195,15000
2022-02-23 14:21:00,195,195,195,195,0
2022-02-23 14:22:00,194,194,195,195,3100
2022-02-23 14:23:00,195,195,195,195,30000
2022-02-23 14:24:00,195,195,196,196,118300
2022-02-23 14:25:00,196,196,196,196,16100
2022-02-23 14:26:00,196,195,196,196,23700
2022-02-23 14:27:00,196,196,196,196,66000
2022-02-23 14:28:00,196,195,196,196,11500
2022-02-23 14:29:00,195,195,196,195,60900
2022-02-23 14:30:00,195,195,196,195,0
2022-02-23 14:31:00,196,196,196,196,25000
2022-02-23 14:32:00,195,195,195,195,633800
2022-02-23 14:33:00,195,195,195,195,52900
2022-02-23 14:34:00,195,195,195,195,1000
2022-02-23 14:35:00,195,194,195,195,53600
2022-02-23 14:36:00,195,195,195,195,47000
2022-02-23 14:37:00,194,194,194,194,648500
2022-02-23 14:38:00,194,194,194,194,223100
2022-02-23 14:39:00,194,194,194,194,179500
2022-02-23 14:40:00,194,194,194,194,0
2022-02-23 14:41:00,194,193,194,194,41700
2022-02-23 14:42:00,194,194,194,194,26900
2022-02-23 14:43:00,193,193,193,193,79000
2022-02-23 14:44:00,194,193,194,193,16300
2022-02-23 14:45:00,193,193,194,193,175300
2022-02-23 14:46:00,194,193,194,193,151500
2022-02-23 14:47:00,194,193,194,193,6700
2022-02-23 14:48:00,193,193,193,193,174000
2022-02-23 14:49:00,193,193,193,193,32500
2022-02-23 14:50:00,193,193,193,193,0
2022-02-23 14:51:00,193,193,193,193,0
2022-02-23 14:52:00,193,193,193,193,0
2022-02-23 14:53:00,193,193,193,193,0
2022-02-23 14:54:00,193,193,193,193,0
2022-02-23 14:55:00,193,193,193,193,0
2022-02-23 14:56:00,193,193,193,193,0
2022-02-23 14:57:00,193,193,193,193,0
2022-02-23 14:58:00,193,193,193,193,0
2022-02-23 14:59:00,193,193,193,193,0
2022-02-23 15:00:00,193,193,193,193,899200
2022-02-23 15:01:00,193,193,193,193,171500
2022-02-23 15:02:00,193,193,193,193,100000
2022-02-23 15:03:00,193,193,193,193,7000
2022-02-23 15:04:00,193,193,193,193,90300
2022-02-23 15:05:00,193,193,193,193,44500
2022-02-23 15:06:00,193,193,193,193,50000
2022-02-23 15:07:00,193,193,193,193,5100
2022-02-23 15:08:00,193,193,193,193,58100
2022-02-23 15:09:00,193,193,193,193,5000
2022-02-23 15:10:00,193,193,193,193,120000
2022-02-23 15:11:00,193,193,193,193,10500
2022-02-23 15:12:00,193,193,193,193,65400
2022-02-23 15:13:00,193,193,193,193,0
2022-02-23 15:14:00,193,193,193,193,0
2022-02-23 15:15:00,193,193,193,193,0
2022-02-23 15:16:00,193,193,193,193,0
2022-02-23 15:17:00,193,193,193,193,0
2022-02-23 15:18:00,193,193,193,193,0
2022-02-23 15:19:00,193,193,193,193,0
2022-02-23 15:20:00,193,193,193,193,0
2022-02-23 15:21:00,193,193,193,193,0
2022-02-23 15:22:00,193,193,193,193,0
2022-02-23 15:23:00,193,193,193,193,0
2022-02-23 15:24:00,193,193,193,193,0
2022-02-23 15:25:00,193,193,193,193,0
2022-02-23 15:26:00,193,193,193,193,0
2022-02-23 15:27:00,193,193,193,193,0
2022-02-23 15:28:00,193,193,193,193,0
2022-02-23 15:29:00,193,193,193,193,0
2022-02-23 15:30:00,193,193,193,193,0
2022-02-23 15:31:00,193,193,193,193,0
2022-02-23 15:32:00,193,193,193,193,0
2022-02-23 15:33:00,193,193,193,193,0
2022-02-23 15:34:00,193,193,193,193,0
2022-02-23 15:35:00,193,193,193,193,0
2022-02-23 15:36:00,193,193,193,193,0
2022-02-23 15:37:00,193,193,193,193,0
2022-02-23 15:38:00,193,193,193,193,0
2022-02-23 15:39:00,193,193,193,193,0
2022-02-23 15:40:00,193,193,193,193,0
2022-02-23 15:41:00,193,193,193,193,0
2022-02-23 15:42:00,193,193,193,193,0
2022-02-23 15:43:00,193,193,193,193,0
2022-02-23 15:44:00,193,193,193,193,0
2022-02-23 15:45:00,193,193,193,193,0
2022-02-23 15:46:00,193,193,193,193,0
2022-02-23 15:47:00,193,193,193,193,0
2022-02-23 15:48:00,193,193,193,193,0
2022-02-23 15:49:00,193,193,193,193,0
2022-02-23 15:50:00,193,193,193,193,0
2022-02-23 15:51:00,193,193,193,193,0
2022-02-23 15:52:00,193,193,193,193,0
2022-02-23 15:53:00,193,193,193,193,0
2022-02-23 15:54:00,193,193,193,193,0
2022-02-23 15:55:00,193,193,193,193,0
2022-02-23 15:56:00,193,193,193,193,0
2022-02-23 15:57:00,193,193,193,193,0
2022-02-23 15:58:00,193,193,193,193,0
2022-02-23 15:59:00,193,193,193,193,0
2022-02-24 09:00:00,193,193,194,194,0
2022-02-24 09:01:00,194,194,194,194,16100
2022-02-24 09:02:00,193,193,193,193,287700
2022-02-24 09:03:00,192,191,192,192,53200
2022-02-24 09:04:00,192,192,192,192,88000
2022-02-24 09:05:00,192,192,193,193,487200
2022-02-24 09:06:00,192,192,192,192,20000
2022-02-24 09:07:00,192,192,192,192,106400
2022-02-24 09:08:00,192,192,192,192,11100
2022-02-24 09:09:00,192,192,192,192,24100
2022-02-24 09:10:00,192,191,192,192,50100
2022-02-24 09:11:00,191,191,191,191,15900
2022-02-24 09:12:00,191,191,192,192,14500
2022-02-24 09:13:00,192,192,192,192,5100
2022-02-24 09:14:00,192,192,192,192,7000
2022-02-24 09:15:00,192,192,192,192,12200
2022-02-24 09:16:00,192,192,192,192,12900
2022-02-24 09:17:00,192,192,192,192,8600
2022-02-24 09:18:00,192,190,192,190,1011700
2022-02-24 09:19:00,192,190,192,192,555600
2022-02-24 09:20:00,190,190,190,190,230000
2022-02-24 09:21:00,191,191,191,191,21000
2022-02-24 09:22:00,191,191,192,191,30100
2022-02-24 09:23:00,191,191,192,192,10100
2022-02-24 09:24:00,192,191,192,191,1100
2022-02-24 09:25:00,192,191,192,191,0
2022-02-24 09:26:00,192,192,192,192,60100
2022-02-24 09:27:00,192,192,192,192,150000
2022-02-24 09:28:00,192,192,192,192,15300
2022-02-24 09:29:00,192,192,192,192,10000
2022-02-24 09:30:00,192,192,192,192,3000
2022-02-24 09:31:00,192,192,192,192,46400
2022-02-24 09:32:00,192,192,192,192,142600
2022-02-24 09:33:00,192,192,192,192,0
2022-02-24 09:34:00,192,192,192,192,12000
2022-02-24 09:35:00,192,192,192,192,8100
2022-02-24 09:36:00,192,192,192,192,0
2022-02-24 09:37:00,192,192,192,192,0
2022-02-24 09:38:00,192,192,192,192,0
2022-02-24 09:39:00,192,192,192,192,6200
2022-02-24 09:40:00,193,193,193,193,235000
2022-02-24 09:41:00,193,193,193,193,31700
2022-02-24 09:42:00,193,193,193,193,41500
2022-02-24 09:43:00,193,193,193,193,9200
2022-02-24 09:44:00,192,192,192,192,20000
2022-02-24 09:45:00,193,192,193,192,23900
2022-02-24 09:46:00,192,192,192,192,17000
2022-02-24 09:47:00,193,193,193,193,112700
2022-02-24 09:48:00,193,193,193,193,11700
2022-02-24 09:49:00,193,193,193,193,155100
2022-02-24 09:50:00,193,193,193,193,3200
2022-02-24 09:51:00,193,193,193,193,0
2022-02-24 09:52:00,193,193,193,193,95100
2022-02-24 09:53:00,193,192,193,192,152100
2022-02-24 09:54:00,193,193,193,193,98500
2022-02-24 09:55:00,193,193,193,193,1500
2022-02-24 09:56:00,193,193,193,193,0
2022-02-24 09:57:00,193,193,193,193,0
2022-02-24 09:58:00,193,193,193,193,8500
2022-02-24 09:59:00,193,193,193,193,315500
2022-02-24 10:00:00,193,193,193,193,24700
2022-02-24 10:01:00,193,193,193,193,70200
2022-02-24 10:02:00,193,193,193,193,0
2022-02-24 10:03:00,193,193,193,193,0
2022-02-24 10:04:00,193,193,193,193,100
2022-02-24 10:05:00,193,193,193,193,0
2022-02-24 10:06:00,193,193,193,193,105200
2022-02-24 10:07:00,193,193,193,193,0
2022-02-24 10:08:00,193,193,193,193,0
2022-02-24 10:09:00,193,193,193,193,102000
2022-02-24 10:10:00,193,193,193,193,2000
2022-02-24 10:11:00,193,193,193,193,21100
2022-02-24 10:12:00,194,194,194,194,429700
2022-02-24 10:13:00,194,194,195,195,101300
2022-02-24 10:14:00,194,194,195,195,41100
2022-02-24 10:15:00,195,195,195,195,1032900
2022-02-24 10:16:00,196,195,196,195,694400
2022-02-24 10:17:00,195,195,196,195,185800
2022-02-24 10:18:00,195,194,195,194,94700
2022-02-24 10:19:00,195,195,195,195,112700
2022-02-24 10:20:00,195,195,195,195,64500
2022-02-24 10:21:00,195,195,195,195,6000
2022-02-24 10:22:00,195,195,196,196,13600
2022-02-24 10:23:00,196,195,196,195,145600
2022-02-24 10:24:00,196,196,197,196,392000
2022-02-24 10:25:00,196,196,197,197,768300
2022-02-24 10:26:00,197,197,199,198,874700
2022-02-24 10:27:00,198,198,199,198,1137200
2022-02-24 10:28:00,198,198,199,199,744000
2022-02-24 10:29:00,199,198,199,198,129900
2022-02-24 10:30:00,198,198,198,198,29100
2022-02-24 10:31:00,198,198,199,198,174800
2022-02-24 10:32:00,198,198,199,199,517700
2022-02-24 10:33:00,199,199,200,199,362700
2022-02-24 10:34:00,199,198,199,198,524800
2022-02-24 10:35:00,198,197,199,197,357600
2022-02-24 10:36:00,197,197,197,197,134800
2022-02-24 10:37:00,197,195,197,195,795600
2022-02-24 10:38:00,195,194,195,194,80100
2022-02-24 10:39:00,194,194,195,195,308200
2022-02-24 10:40:00,195,194,195,195,199900
2022-02-24 10:41:00,195,195,195,195,229100
2022-02-24 10:42:00,194,192,195,192,1109800
2022-02-24 10:43:00,192,192,192,192,211800
2022-02-24 10:44:00,192,192,192,192,30000
2022-02-24 10:45:00,192,192,192,192,140700
2022-02-24 10:46:00,192,191,192,191,1042000
2022-02-24 10:47:00,191,191,192,191,229000
2022-02-24 10:48:00,191,191,191,191,149900
2022-02-24 10:49:00,191,191,191,191,268700
2022-02-24 10:50:00,191,191,192,192,91300
2022-02-24 10:51:00,192,192,192,192,46000
2022-02-24 10:52:00,192,192,192,192,162300
2022-02-24 10:53:00,192,191,192,191,307600
2022-02-24 10:54:00,191,191,192,191,221500
2022-02-24 10:55:00,191,191,192,192,25900
2022-02-24 10:56:00,192,191,192,192,122600
2022-02-24 10:57:00,192,192,192,192,101300
2022-02-24 10:58:00,192,192,192,192,81600
2022-02-24 10:59:00,191,191,192,191,236700
2022-02-24 11:00:00,191,191,191,191,255700
2022-02-24 11:01:00,191,191,192,192,32100
2022-02-24 11:02:00,191,191,192,192,38300
2022-02-24 11:03:00,191,191,192,191,230200
2022-02-24 11:04:00,191,185,191,186,4229600
2022-02-24 11:05:00,185,180,185,180,3104500
2022-02-24 11:06:00,180,180,180,180,2570600
2022-02-24 11:07:00,180,180,184,183,1169700
2022-02-24 11:08:00,183,182,183,183,316700
2022-02-24 11:09:00,184,183,186,186,934900
2022-02-24 11:10:00,186,185,186,186,368400
2022-02-24 11:11:00,185,184,186,186,952900
2022-02-24 11:12:00,186,186,187,187,947800
2022-02-24 11:13:00,187,187,190,190,2375800
2022-02-24 11:14:00,190,189,191,190,1321400
2022-02-24 11:15:00,190,189,195,191,1553300
2022-02-24 11:16:00,192,190,195,193,2388500
2022-02-24 11:17:00,193,192,193,193,753900
2022-02-24 11:18:00,193,192,194,193,704300
2022-02-24 11:19:00,193,192,194,194,923900
2022-02-24 11:20:00,195,194,196,194,885600
2022-02-24 11:21:00,194,193,194,193,313900
2022-02-24 11:22:00,193,193,193,193,439300
2022-02-24 11:23:00,193,192,193,192,142600
2022-02-24 11:24:00,192,192,193,192,218700
2022-02-24 11:25:00,192,191,192,191,898900
2022-02-24 11:26:00,191,191,192,191,145600
2022-02-24 11:27:00,191,191,192,191,205900
2022-02-24 11:28:00,191,191,192,191,197300
2022-02-24 11:29:00,191,191,192,192,262000
2022-02-24 11:30:00,191,191,192,192,0
2022-02-24 11:31:00,191,191,192,192,0
2022-02-24 11:32:00,191,191,192,192,0
2022-02-24 11:33:00,191,191,192,192,0
2022-02-24 11:34:00,191,191,192,192,0
2022-02-24 11:35:00,191,191,192,192,0
2022-02-24 11:36:00,191,191,192,192,0
2022-02-24 11:37:00,191,191,192,192,0
2022-02-24 11:38:00,191,191,192,192,0
2022-02-24 11:39:00,191,191,192,192,0
2022-02-24 11:40:00,191,191,192,192,0
2022-02-24 11:41:00,191,191,192,192,0
2022-02-24 11:42:00,191,191,192,192,0
2022-02-24 11:43:00,191,191,192,192,0
2022-02-24 11:44:00,191,191,192,192,0
2022-02-24 11:45:00,191,191,192,192,0
2022-02-24 11:46:00,191,191,192,192,0
2022-02-24 11:47:00,191,191,192,192,0
2022-02-24 11:48:00,191,191,192,192,0
2022-02-24 11:49:00,191,191,192,192,0
2022-02-24 11:50:00,191,191,192,192,0
2022-02-24 11:51:00,191,191,192,192,0
2022-02-24 11:52:00,191,191,192,192,0
2022-02-24 11:53:00,191,191,192,192,0
2022-02-24 11:54:00,191,191,192,192,0
2022-02-24 11:55:00,191,191,192,192,0
2022-02-24 11:56:00,191,191,192,192,0
2022-02-24 11:57:00,191,191,192,192,0
2022-02-24 11:58:00,191,191,192,192,0
2022-02-24 11:59:00,191,191,192,192,0
2022-02-24 12:00:00,191,191,192,192,0
2022-02-24 12:01:00,191,191,192,192,0
2022-02-24 12:02:00,191,191,192,192,0
2022-02-24 12:03:00,191,191,192,192,0
2022-02-24 12:04:00,191,191,192,192,0
2022-02-24 12:05:00,191,191,192,192,0
2022-02-24 12:06:00,191,191,192,192,0
2022-02-24 12:07:00,191,191,192,192,0
2022-02-24 12:08:00,191,191,192,192,0
2022-02-24 12:09:00,191,191,192,192,0
2022-02-24 12:10:00,191,191,192,192,0
2022-02-24 12:11:00,191,191,192,192,0
2022-02-24 12:12:00,191,191,192,192,0
2022-02-24 12:13:00,191,191,192,192,0
2022-02-24 12:14:00,191,191,192,192,0
2022-02-24 12:15:00,191,191,192,192,0
2022-02-24 12:16:00,191,191,192,192,0
2022-02-24 12:17:00,191,191,192,192,0
2022-02-24 12:18:00,191,191,192,192,0
2022-02-24 12:19:00,191,191,192,192,0
2022-02-24 12:20:00,191,191,192,192,0
2022-02-24 12:21:00,191,191,192,192,0
2022-02-24 12:22:00,191,191,192,192,0
2022-02-24 12:23:00,191,191,192,192,0
2022-02-24 12:24:00,191,191,192,192,0
2022-02-24 12:25:00,191,191,192,192,0
2022-02-24 12:26:00,191,191,192,192,0
2022-02-24 12:27:00,191,191,192,192,0
2022-02-24 12:28:00,191,191,192,192,0
2022-02-24 12:29:00,191,191,192,192,0
2022-02-24 12:30:00,191,191,192,192,0
2022-02-24 12:31:00,191,191,192,192,0
2022-02-24 12:32:00,191,191,192,192,0
2022-02-24 12:33:00,191,191,192,192,0
2022-02-24 12:34:00,191,191,192,192,0
2022-02-24 12:35:00,191,191,192,192,0
2022-02-24 12:36:00,191,191,192,192,0
2022-02-24 12:37:00,191,191,192,192,0
2022-02-24 12:38:00,191,191,192,192,0
2022-02-24 12:39:00,191,191,192,192,0
2022-02-24 12:40:00,191,191,192,192,0
2022-02-24 12:41:00,191,191,192,192,0
2022-02-24 12:42:00,191,191,192,192,0
2022-02-24 12:43:00,191,191,192,192,0
2022-02-24 12:44:00,191,191,192,192,0
2022-02-24 12:45:00,191,191,192,192,0
2022-02-24 12:46:00,191,191,192,192,0
2022-02-24 12:47:00,191,191,192,192,0
2022-02-24 12:48:00,191,191,192,192,0
2022-02-24 12:49:00,191,191,192,192,0
2022-02-24 12:50:00,191,191,192,192,0
2022-02-24 12:51:00,191,191,192,192,0
2022-02-24 12:52:00,191,191,192,192,0
2022-02-24 12:53:00,191,191,192,192,0
2022-02-24 12:54:00,191,191,192,192,0
2022-02-24 12:55:00,191,191,192,192,0
2022-02-24 12:56:00,191,191,192,192,0
2022-02-24 12:57:00,191,191,192,192,0
2022-02-24 12:58:00,191,191,192,192,0
2022-02-24 12:59:00,191,191,192,192,0
2022-02-24 13:00:00,191,191,192,192,0
2022-02-24 13:01:00,191,191,192,192,0
2022-02-24 13:02:00,191,191,192,192,0
2022-02-24 13:03:00,191,191,192,192,0
2022-02-24 13:04:00,191,191,192,192,0
2022-02-24 13:05:00,191,191,192,192,0
2022-02-24 13:06:00,191,191,192,192,0
2022-02-24 13:07:00,191,191,192,192,0
2022-02-24 13:08:00,191,191,192,192,0
2022-02-24 13:09:00,191,191,192,192,0
2022-02-24 13:10:00,191,191,192,192,0
2022-02-24 13:11:00,191,191,192,192,0
2022-02-24 13:12:00,191,191,192,192,0
2022-02-24 13:13:00,191,191,192,192,0
2022-02-24 13:14:00,191,191,192,192,0
2022-02-24 13:15:00,191,191,192,192,0
2022-02-24 13:16:00,191,191,192,192,0
2022-02-24 13:17:00,191,191,192,192,0
2022-02-24 13:18:00,191,191,192,192,0
2022-02-24 13:19:00,191,191,192,192,0
2022-02-24 13:20:00,191,191,192,192,0
2022-02-24 13:21:00,191,191,192,192,0
2022-02-24 13:22:00,191,191,192,192,0
2022-02-24 13:23:00,191,191,192,192,0
2022-02-24 13:24:00,191,191,192,192,0
2022-02-24 13:25:00,191,191,192,192,0
2022-02-24 13:26:00,191,191,192,192,0
2022-02-24 13:27:00,191,191,192,192,0
2022-02-24 13:28:00,191,191,192,192,0
2022-02-24 13:29:00,191,191,192,192,0
2022-02-24 13:30:00,192,191,195,195,1118000
2022-02-24 13:31:00,195,195,196,196,1278900
2022-02-24 13:32:00,196,196,197,197,1429600
2022-02-24 13:33:00,197,197,198,197,1185000
2022-02-24 13:34:00,197,197,199,198,2363200
2022-02-24 13:35:00,199,198,202,202,9310200
2022-02-24 13:36:00,202,200,204,202,3340100
2022-02-24 13:37:00,202,200,204,204,4357500
2022-02-24 13:38:00,204,204,214,212,12281000
2022-02-24 13:39:00,212,208,214,208,9579200
2022-02-24 13:40:00,206,206,212,210,4763300
2022-02-24 13:41:00,210,208,212,210,1691100
2022-02-24 13:42:00,208,206,210,208,2158500
2022-02-24 13:43:00,208,204,210,206,2394100
2022-02-24 13:44:00,206,204,206,206,3168800
2022-02-24 13:45:00,206,202,206,202,3135600
2022-02-24 13:46:00,202,200,204,202,4008600
2022-02-24 13:47:00,202,202,206,206,2804200
2022-02-24 13:48:00,206,204,210,208,4643200
2022-02-24 13:49:00,208,206,208,206,3205000
2022-02-24 13:50:00,206,204,206,204,992100
2022-02-24 13:51:00,204,204,206,204,2268100
2022-02-24 13:52:00,202,202,206,204,794400
2022-02-24 13:53:00,204,202,206,204,635000
2022-02-24 13:54:00,204,202,204,204,369800
2022-02-24 13:55:00,204,202,204,202,520900
2022-02-24 13:56:00,202,202,204,204,162600
2022-02-24 13:57:00,202,202,204,202,809000
2022-02-24 13:58:00,204,202,204,204,415900
2022-02-24 13:59:00,204,202,204,202,106200
2022-02-24 14:00:00,204,202,204,204,1060300
2022-02-24 14:01:00,204,204,204,204,360500
2022-02-24 14:02:00,204,202,204,204,271100
2022-02-24 14:03:00,204,202,204,204,635200
2022-02-24 14:04:00,204,202,204,204,170100
2022-02-24 14:05:00,204,202,204,204,188200
2022-02-24 14:06:00,204,202,206,206,876300
2022-02-24 14:07:00,204,204,206,206,337600
2022-02-24 14:08:00,206,206,206,206,432100
2022-02-24 14:09:00,206,204,208,206,452900
2022-02-24 14:10:00,206,204,206,206,862500
2022-02-24 14:11:00,208,206,208,208,170300
2022-02-24 14:12:00,208,206,208,206,1122100
2022-02-24 14:13:00,206,206,206,206,6300
2022-02-24 14:14:00,204,204,206,204,79100
2022-02-24 14:15:00,204,202,204,202,1523700
2022-02-24 14:16:00,202,202,204,202,90900
2022-02-24 14:17:00,202,200,204,200,2469900
2022-02-24 14:18:00,200,198,202,199,3990400
2022-02-24 14:19:00,199,199,200,200,1584900
2022-02-24 14:20:00,200,200,202,200,928400
2022-02-24 14:21:00,200,200,202,202,139000
2022-02-24 14:22:00,202,200,202,202,626700
2022-02-24 14:23:00,202,200,202,202,608300
2022-02-24 14:24:00,202,202,202,202,180300
2022-02-24 14:25:00,202,200,202,202,761100
2022-02-24 14:26:00,200,200,202,202,75900
2022-02-24 14:27:00,202,200,202,200,271300
2022-02-24 14:28:00,200,200,202,202,28900
2022-02-24 14:29:00,202,200,202,202,715200
2022-02-24 14:30:00,202,202,204,202,73300
2022-02-24 14:31:00,204,202,204,202,1159500
2022-02-24 14:32:00,204,202,204,204,342400
2022-02-24 14:33:00,204,204,204,204,70200
2022-02-24 14:34:00,204,202,204,204,480400
2022-02-24 14:35:00,204,202,204,204,681900
2022-02-24 14:36:00,204,202,204,204,295100
2022-02-24 14:37:00,204,204,206,204,279800
2022-02-24 14:38:00,204,204,204,204,465800
2022-02-24 14:39:00,202,202,204,204,109200
2022-02-24 14:40:00,204,204,204,204,94100
2022-02-24 14:41:00,202,202,204,202,353200
2022-02-24 14:42:00,202,202,204,202,104000
2022-02-24 14:43:00,204,202,204,202,162700
2022-02-24 14:44:00,202,202,204,204,62800
2022-02-24 14:45:00,204,202,204,202,38700
2022-02-24 14:46:00,202,202,204,202,623300
2022-02-24 14:47:00,204,202,204,202,134100
2022-02-24 14:48:00,202,202,204,204,944400
2022-02-24 14:49:00,204,202,204,202,626000
2022-02-24 14:50:00,204,202,204,202,0
2022-02-24 14:51:00,204,202,204,202,0
2022-02-24 14:52:00,204,202,204,202,0
2022-02-24 14:53:00,204,202,204,202,0
2022-02-24 14:54:00,204,202,204,202,0
2022-02-24 14:55:00,204,202,204,202,0
2022-02-24 14:56:00,204,202,204,202,0
2022-02-24 14:57:00,204,202,204,202,0
2022-02-24 14:58:00,204,202,204,202,0
2022-02-24 14:59:00,204,202,204,202,0
2022-02-24 15:00:00,204,204,204,204,3242200
2022-02-24 15:01:00,204,204,204,204,579300
2022-02-24 15:02:00,204,204,204,204,181400
2022-02-24 15:03:00,204,204,204,204,162600
2022-02-24 15:04:00,204,204,204,204,510700
2022-02-24 15:05:00,204,204,204,204,2100
2022-02-24 15:06:00,204,204,204,204,109000
2022-02-24 15:07:00,204,204,204,204,317500
2022-02-24 15:08:00,204,204,204,204,61500
2022-02-24 15:09:00,204,204,204,204,465400
2022-02-24 15:10:00,204,204,204,204,120700
2022-02-24 15:11:00,204,204,204,204,279000
2022-02-24 15:12:00,204,204,204,204,32200
2022-02-24 15:13:00,204,204,204,204,101400
2022-02-24 15:14:00,204,204,204,204,100
2022-02-24 15:15:00,204,204,204,204,0
2022-02-24 15:16:00,204,204,204,204,0
2022-02-24 15:17:00,204,204,204,204,0
2022-02-24 15:18:00,204,204,204,204,0
2022-02-24 15:19:00,204,204,204,204,0
2022-02-24 15:20:00,204,204,204,204,0
2022-02-24 15:21:00,204,204,204,204,0
2022-02-24 15:22:00,204,204,204,204,0
2022-02-24 15:23:00,204,204,204,204,0
2022-02-24 15:24:00,204,204,204,204,0
2022-02-24 15:25:00,204,204,204,204,0
2022-02-24 15:26:00,204,204,204,204,0
2022-02-24 15:27:00,204,204,204,204,0
2022-02-24 15:28:00,204,204,204,204,0
2022-02-24 15:29:00,204,204,204,204,0
2022-02-24 15:30:00,204,204,204,204,0
2022-02-24 15:31:00,204,204,204,204,0
2022-02-24 15:32:00,204,204,204,204,0
2022-02-24 15:33:00,204,204,204,204,0
2022-02-24 15:34:00,204,204,204,204,0
2022-02-24 15:35:00,204,204,204,204,0
2022-02-24 15:36:00,204,204,204,204,0
2022-02-24 15:37:00,204,204,204,204,0
2022-02-24 15:38:00,204,204,204,204,0
2022-02-24 15:39:00,204,204,204,204,0
2022-02-24 15:40:00,204,204,204,204,0
2022-02-24 15:41:00,204,204,204,204,0
2022-02-24 15:42:00,204,204,204,204,0
2022-02-24 15:43:00,204,204,204,204,0
2022-02-24 15:44:00,204,204,204,204,0
2022-02-24 15:45:00,204,204,204,204,0
2022-02-24 15:46:00,204,204,204,204,0
2022-02-24 15:47:00,204,204,204,204,0
2022-02-24 15:48:00,204,204,204,204,0
2022-02-24 15:49:00,204,204,204,204,0
2022-02-24 15:50:00,204,204,204,204,0
2022-02-24 15:51:00,204,204,204,204,0
2022-02-24 15:52:00,204,204,204,204,0
2022-02-24 15:53:00,204,204,204,204,0
2022-02-24 15:54:00,204,204,204,204,0
2022-02-24 15:55:00,204,204,204,204,0
2022-02-24 15:56:00,204,204,204,204,0
2022-02-24 15:57:00,204,204,204,204,0
2022-02-24 15:58:00,204,204,204,204,0
2022-02-24 15:59:00,204,204,204,204,0
2022-02-25 09:00:00,206,204,206,206,0
2022-02-25 09:01:00,206,204,208,208,1533400
2022-02-25 09:02:00,208,206,208,208,172300
2022-02-25 09:03:00,208,202,208,202,4578300
2022-02-25 09:04:00,202,197,202,197,2223000
2022-02-25 09:05:00,197,196,198,198,1755900
2022-02-25 09:06:00,198,197,200,199,420100
2022-02-25 09:07:00,200,199,200,199,1122400
2022-02-25 09:08:00,199,198,200,199,522100
2022-02-25 09:09:00,199,198,199,198,584800
2022-02-25 09:10:00,199,198,199,199,120200
2022-02-25 09:11:00,198,198,199,199,199800
2022-02-25 09:12:00,199,198,199,199,388300
2022-02-25 09:13:00,199,199,200,199,109000
2022-02-25 09:14:00,199,199,200,200,59500
2022-02-25 09:15:00,200,199,200,199,422400
2022-02-25 09:16:00,199,199,200,199,44100
2022-02-25 09:17:00,200,198,200,198,507100
2022-02-25 09:18:00,199,198,199,199,194000
2022-02-25 09:19:00,198,198,199,199,317000
2022-02-25 09:20:00,199,199,199,199,274800
2022-02-25 09:21:00,199,199,199,199,61800
2022-02-25 09:22:00,200,199,200,199,60700
2022-02-25 09:23:00,200,199,200,200,432800
2022-02-25 09:24:00,200,200,202,202,300300
2022-02-25 09:25:00,202,200,202,200,148900
2022-02-25 09:26:00,202,200,202,202,297800
2022-02-25 09:27:00,202,202,202,202,40100
2022-02-25 09:28:00,202,200,202,202,168500
2022-02-25 09:29:00,202,200,202,202,47600
2022-02-25 09:30:00,202,202,202,202,107300
2022-02-25 09:31:00,202,200,202,202,213600
2022-02-25 09:32:00,202,200,202,200,165500
2022-02-25 09:33:00,200,200,202,200,18800
2022-02-25 09:34:00,202,202,202,202,19800
2022-02-25 09:35:00,202,200,202,202,107100
2022-02-25 09:36:00,202,200,202,200,53600
2022-02-25 09:37:00,200,200,200,200,100
2022-02-25 09:38:00,200,200,200,200,116200
2022-02-25 09:39:00,200,200,200,200,163700
2022-02-25 09:40:00,200,200,200,200,780900
2022-02-25 09:41:00,200,199,200,199,32000
2022-02-25 09:42:00,199,199,200,199,156200
2022-02-25 09:43:00,199,199,200,199,245200
2022-02-25 09:44:00,199,198,199,199,102100
2022-02-25 09:45:00,198,198,199,198,440300
2022-02-25 09:46:00,198,198,199,199,318200
2022-02-25 09:47:00,199,199,200,200,77300
2022-02-25 09:48:00,200,200,200,200,31600
2022-02-25 09:49:00,200,200,200,200,310000
2022-02-25 09:50:00,200,200,200,200,197100
2022-02-25 09:51:00,200,200,200,200,14800
2022-02-25 09:52:00,200,200,200,200,26000
2022-02-25 09:53:00,200,200,200,200,141800
2022-02-25 09:54:00,200,199,200,200,114000
2022-02-25 09:55:00,200,199,200,200,1600
2022-02-25 09:56:00,199,199,200,200,67000
2022-02-25 09:57:00,200,199,200,199,12500
2022-02-25 09:58:00,199,199,199,199,7000
2022-02-25 09:59:00,200,199,200,200,66600
2022-02-25 10:00:00,200,200,200,200,10800
2022-02-25 10:01:00,199,199,199,199,14000
2022-02-25 10:02:00,199,199,200,200,165000
2022-02-25 10:03:00,200,199,200,200,60100
2022-02-25 10:04:00,199,199,200,200,10000
2022-02-25 10:05:00,200,199,200,200,169500
2022-02-25 10:06:00,200,199,200,199,1900
2022-02-25 10:07:00,199,199,199,199,418200
2022-02-25 10:08:00,199,199,200,200,48900
2022-02-25 10:09:00,200,200,200,200,700
2022-02-25 10:10:00,200,200,200,200,0
2022-02-25 10:11:00,199,199,200,199,28800
2022-02-25 10:12:00,199,199,199,199,117600
2022-02-25 10:13:00,200,200,200,200,2700
2022-02-25 10:14:00,199,199,199,199,31100
2022-02-25 10:15:00,199,199,200,199,173400
2022-02-25 10:16:00,200,199,200,199,24400
2022-02-25 10:17:00,199,199,200,200,321800
2022-02-25 10:18:00,200,199,200,199,183600
2022-02-25 10:19:00,199,199,200,199,55100
2022-02-25 10:20:00,199,199,199,199,123400
2022-02-25 10:21:00,199,198,199,199,389100
2022-02-25 10:22:00,199,199,199,199,5000
2022-02-25 10:23:00,198,198,198,198,67000
2022-02-25 10:24:00,199,199,199,199,16000
2022-02-25 10:25:00,199,199,199,199,2700
2022-02-25 10:26:00,198,198,199,199,40400
2022-02-25 10:27:00,198,198,199,199,62000
2022-02-25 10:28:00,199,199,199,199,21000
2022-02-25 10:29:00,199,199,199,199,0
2022-02-25 10:30:00,198,198,199,198,224200
2022-02-25 10:31:00,199,199,199,199,4100
2022-02-25 10:32:00,199,199,199,199,5000
2022-02-25 10:33:00,198,198,198,198,5500
2022-02-25 10:34:00,198,198,198,198,134100
2022-02-25 10:35:00,198,198,198,198,390000
2022-02-25 10:36:00,199,199,199,199,191400
2022-02-25 10:37:00,199,199,199,199,5000
2022-02-25 10:38:00,198,198,198,198,25000
2022-02-25 10:39:00,198,198,198,198,21100
2022-02-25 10:40:00,198,198,198,198,5000
2022-02-25 10:41:00,198,198,198,198,50200
2022-02-25 10:42:00,198,198,199,199,39400
2022-02-25 10:43:00,198,198,199,199,6700
2022-02-25 10:44:00,199,198,199,198,122500
2022-02-25 10:45:00,198,198,199,199,42700
2022-02-25 10:46:00,199,199,199,199,12600
2022-02-25 10:47:00,199,199,199,199,62500
2022-02-25 10:48:00,199,199,199,199,55800
2022-02-25 10:49:00,198,198,199,199,518500
2022-02-25 10:50:00,199,199,199,199,16700
2022-02-25 10:51:00,199,199,199,199,0
2022-02-25 10:52:00,199,199,199,199,6900
2022-02-25 10:53:00,199,199,199,199,0
2022-02-25 10:54:00,199,199,199,199,5000
2022-02-25 10:55:00,199,199,199,199,0
2022-02-25 10:56:00,199,199,199,199,0
2022-02-25 10:57:00,199,199,199,199,0
2022-02-25 10:58:00,200,200,200,200,50000
2022-02-25 10:59:00,200,200,200,200,44900
2022-02-25 11:00:00,200,200,200,200,600
2022-02-25 11:01:00,199,199,200,200,33900
2022-02-25 11:02:00,200,200,200,200,2000
2022-02-25 11:03:00,200,200,200,200,15000
2022-02-25 11:04:00,199,199,199,199,74900
2022-02-25 11:05:00,199,199,199,199,0
2022-02-25 11:06:00,200,199,200,199,1200
2022-02-25 11:07:00,200,200,200,200,9700
2022-02-25 11:08:00,200,200,200,200,38400
2022-02-25 11:09:00,200,199,200,199,600
2022-02-25 11:10:00,200,199,200,199,0
2022-02-25 11:11:00,200,200,200,200,30000
2022-02-25 11:12:00,200,200,200,200,100
2022-02-25 11:13:00,199,199,199,199,6000
2022-02-25 11:14:00,200,200,200,200,100
2022-02-25 11:15:00,200,200,200,200,51800
2022-02-25 11:16:00,200,199,200,200,27800
2022-02-25 11:17:00,200,200,200,200,47500
2022-02-25 11:18:00,200,199,200,199,18900
2022-02-25 11:19:00,200,199,200,199,0
2022-02-25 11:20:00,200,200,200,200,479200
2022-02-25 11:21:00,200,200,200,200,226500
2022-02-25 11:22:00,200,200,200,200,0
2022-02-25 11:23:00,200,200,200,200,5200
2022-02-25 11:24:00,200,200,200,200,250000
2022-02-25 11:25:00,200,200,200,200,60300
2022-02-25 11:26:00,200,200,200,200,50800
2022-02-25 11:27:00,200,200,200,200,449200
2022-02-25 11:28:00,200,200,200,200,0
2022-02-25 11:29:00,199,199,200,200,3000
2022-02-25 11:30:00,199,199,200,200,0
2022-02-25 11:31:00,199,199,200,200,0
2022-02-25 11:32:00,199,199,200,200,0
2022-02-25 11:33:00,199,199,200,200,0
2022-02-25 11:34:00,199,199,200,200,0
2022-02-25 11:35:00,199,199,200,200,0
2022-02-25 11:36:00,199,199,200,200,0
2022-02-25 11:37:00,199,199,200,200,0
2022-02-25 11:38:00,199,199,200,200,0
2022-02-25 11:39:00,199,199,200,200,0
2022-02-25 11:40:00,199,199,200,200,0
2022-02-25 11:41:00,199,199,200,200,0
2022-02-25 11:42:00,199,199,200,200,0
2022-02-25 11:43:00,199,199,200,200,0
2022-02-25 11:44:00,199,199,200,200,0
2022-02-25 11:45:00,199,199,200,200,0
2022-02-25 11:46:00,199,199,200,200,0
2022-02-25 11:47:00,199,199,200,200,0
2022-02-25 11:48:00,199,199,200,200,0
2022-02-25 11:49:00,199,199,200,200,0
2022-02-25 11:50:00,199,199,200,200,0
2022-02-25 11:51:00,199,199,200,200,0
2022-02-25 11:52:00,199,199,200,200,0
2022-02-25 11:53:00,199,199,200,200,0
2022-02-25 11:54:00,199,199,200,200,0
2022-02-25 11:55:00,199,199,200,200,0
2022-02-25 11:56:00,199,199,200,200,0
2022-02-25 11:57:00,199,199,200,200,0
2022-02-25 11:58:00,199,199,200,200,0
2022-02-25 11:59:00,199,199,200,200,0
2022-02-25 12:00:00,199,199,200,200,0
2022-02-25 12:01:00,199,199,200,200,0
2022-02-25 12:02:00,199,199,200,200,0
2022-02-25 12:03:00,199,199,200,200,0
2022-02-25 12:04:00,199,199,200,200,0
2022-02-25 12:05:00,199,199,200,200,0
2022-02-25 12:06:00,199,199,200,200,0
2022-02-25 12:07:00,199,199,200,200,0
2022-02-25 12:08:00,199,199,200,200,0
2022-02-25 12:09:00,199,199,200,200,0
2022-02-25 12:10:00,199,199,200,200,0
2022-02-25 12:11:00,199,199,200,200,0
2022-02-25 12:12:00,199,199,200,200,0
2022-02-25 12:13:00,199,199,200,200,0
2022-02-25 12:14:00,199,199,200,200,0
2022-02-25 12:15:00,199,199,200,200,0
2022-02-25 12:16:00,199,199,200,200,0
2022-02-25 12:17:00,199,199,200,200,0
2022-02-25 12:18:00,199,199,200,200,0
2022-02-25 12:19:00,199,199,200,200,0
2022-02-25 12:20:00,199,199,200,200,0
2022-02-25 12:21:00,199,199,200,200,0
2022-02-25 12:22:00,199,199,200,200,0
2022-02-25 12:23:00,199,199,200,200,0
2022-02-25 12:24:00,199,199,200,200,0
2022-02-25 12:25:00,199,199,200,200,0
2022-02-25 12:26:00,199,199,200,200,0
2022-02-25 12:27:00,199,199,200,200,0
2022-02-25 12:28:00,199,199,200,200,0
2022-02-25 12:29:00,199,199,200,200,0
2022-02-25 12:30:00,199,199,200,200,0
2022-02-25 12:31:00,199,199,200,200,0
2022-02-25 12:32:00,199,199,200,200,0
2022-02-25 12:33:00,199,199,200,200,0
2022-02-25 12:34:00,199,199,200,200,0
2022-02-25 12:35:00,199,199,200,200,0
2022-02-25 12:36:00,199,199,200,200,0
2022-02-25 12:37:00,199,199,200,200,0
2022-02-25 12:38:00,199,199,200,200,0
2022-02-25 12:39:00,199,199,200,200,0
2022-02-25 12:40:00,199,199,200,200,0
2022-02-25 12:41:00,199,199,200,200,0
2022-02-25 12:42:00,199,199,200,200,0
2022-02-25 12:43:00,199,199,200,200,0
2022-02-25 12:44:00,199,199,200,200,0
2022-02-25 12:45:00,199,199,200,200,0
2022-02-25 12:46:00,199,199,200,200,0
2022-02-25 12:47:00,199,199,200,200,0
2022-02-25 12:48:00,199,199,200,200,0
2022-02-25 12:49:00,199,199,200,200,0
2022-02-25 12:50:00,199,199,200,200,0
2022-02-25 12:51:00,199,199,200,200,0
2022-02-25 12:52:00,199,199,200,200,0
2022-02-25 12:53:00,199,199,200,200,0
2022-02-25 12:54:00,199,199,200,200,0
2022-02-25 12:55:00,199,199,200,200,0
2022-02-25 12:56:00,199,199,200,200,0
2022-02-25 12:57:00,199,199,200,200,0
2022-02-25 12:58:00,199,199,200,200,0
2022-02-25 12:59:00,199,199,200,200,0
2022-02-25 13:00:00,199,199,200,200,0
2022-02-25 13:01:00,199,199,200,200,0
2022-02-25 13:02:00,199,199,200,200,0
2022-02-25 13:03:00,199,199,200,200,0
2022-02-25 13:04:00,199,199,200,200,0
2022-02-25 13:05:00,199,199,200,200,0
2022-02-25 13:06:00,199,199,200,200,0
2022-02-25 13:07:00,199,199,200,200,0
2022-02-25 13:08:00,199,199,200,200,0
2022-02-25 13:09:00,199,199,200,200,0
2022-02-25 13:10:00,199,199,200,200,0
2022-02-25 13:11:00,199,199,200,200,0
2022-02-25 13:12:00,199,199,200,200,0
2022-02-25 13:13:00,199,199,200,200,0
2022-02-25 13:14:00,199,199,200,200,0
2022-02-25 13:15:00,199,199,200,200,0
2022-02-25 13:16:00,199,199,200,200,0
2022-02-25 13:17:00,199,199,200,200,0
2022-02-25 13:18:00,199,199,200,200,0
2022-02-25 13:19:00,199,199,200,200,0
2022-02-25 13:20:00,199,199,200,200,0
2022-02-25 13:21:00,199,199,200,200,0
2022-02-25 13:22:00,199,199,200,200,0
2022-02-25 13:23:00,199,199,200,200,0
2022-02-25 13:24:00,199,199,200,200,0
2022-02-25 13:25:00,199,199,200,200,0
2022-02-25 13:26:00,199,199,200,200,0
2022-02-25 13:27:00,199,199,200,200,0
2022-02-25 13:28:00,199,199,200,200,0
2022-02-25 13:29:00,199,199,200,200,0
2022-02-25 13:30:00,199,199,200,200,480300
2022-02-25 13:31:00,200,199,200,199,30900
2022-02-25 13:32:00,200,200,200,200,108700
2022-02-25 13:33:00,200,200,200,200,153700
2022-02-25 13:34:00,200,200,200,200,4300
2022-02-25 13:35:00,200,200,200,200,106400
2022-02-25 13:36:00,200,200,200,200,0
2022-02-25 13:37:00,199,199,199,199,200300
2022-02-25 13:38:00,199,199,199,199,15000
2022-02-25 13:39:00,199,199,200,200,21200
2022-02-25 13:40:00,200,200,200,200,66100
2022-02-25 13:41:00,199,199,199,199,29300
2022-02-25 13:42:00,200,200,200,200,5000
2022-02-25 13:43:00,200,200,200,200,96800
2022-02-25 13:44:00,200,200,200,200,0
2022-02-25 13:45:00,200,200,200,200,0
2022-02-25 13:46:00,200,200,200,200,260400
2022-02-25 13:47:00,200,200,200,200,147500
2022-02-25 13:48:00,200,200,200,200,0
2022-02-25 13:49:00,199,199,199,199,300
2022-02-25 13:50:00,199,199,199,199,500000
2022-02-25 13:51:00,199,199,199,199,1090800
2022-02-25 13:52:00,199,199,199,199,9600
2022-02-25 13:53:00,199,199,199,199,0
2022-02-25 13:54:00,199,198,199,199,16800
2022-02-25 13:55:00,199,198,199,199,0
2022-02-25 13:56:00,199,198,199,198,22800
2022-02-25 13:57:00,199,198,199,199,172800
2022-02-25 13:58:00,199,199,199,199,319300
2022-02-25 13:59:00,199,199,199,199,15300
2022-02-25 14:00:00,199,199,199,199,78100
2022-02-25 14:01:00,199,199,199,199,82600
2022-02-25 14:02:00,199,199,199,199,0
2022-02-25 14:03:00,198,198,198,198,20000
2022-02-25 14:04:00,198,198,199,199,9700
2022-02-25 14:05:00,198,198,199,199,124000
2022-02-25 14:06:00,198,198,198,198,35000
2022-02-25 14:07:00,199,198,199,198,22600
2022-02-25 14:08:00,199,198,199,198,0
2022-02-25 14:09:00,198,198,198,198,40000
2022-02-25 14:10:00,198,198,198,198,1900
2022-02-25 14:11:00,198,198,198,198,252100
2022-02-25 14:12:00,198,198,199,198,214200
2022-02-25 14:13:00,198,198,198,198,425000
2022-02-25 14:14:00,197,197,198,198,74000
2022-02-25 14:15:00,197,197,197,197,89000
2022-02-25 14:16:00,198,197,198,198,32300
2022-02-25 14:17:00,198,197,198,197,59800
2022-02-25 14:18:00,197,197,198,197,163100
2022-02-25 14:19:00,197,197,198,197,27600
2022-02-25 14:20:00,198,198,198,198,86700
2022-02-25 14:21:00,198,197,198,198,3600
2022-02-25 14:22:00,198,198,198,198,1000
2022-02-25 14:23:00,198,197,198,198,45500
2022-02-25 14:24:00,198,197,198,198,18500
2022-02-25 14:25:00,198,197,198,198,615400
2022-02-25 14:26:00,198,197,198,197,1030500
2022-02-25 14:27:00,197,196,197,196,918700
2022-02-25 14:28:00,196,196,197,197,258600
2022-02-25 14:29:00,196,196,197,196,74000
2022-02-25 14:30:00,197,196,197,197,29100
2022-02-25 14:31:00,196,196,197,197,47000
2022-02-25 14:32:00,197,196,197,197,13700
2022-02-25 14:33:00,196,196,197,196,23800
2022-02-25 14:34:00,196,196,197,197,307500
2022-02-25 14:35:00,196,196,197,196,76300
2022-02-25 14:36:00,196,196,197,196,94600
2022-02-25 14:37:00,196,196,197,196,0
2022-02-25 14:38:00,196,195,197,196,817100
2022-02-25 14:39:00,196,195,196,196,112900
2022-02-25 14:40:00,196,195,196,196,250600
2022-02-25 14:41:00,196,195,196,196,160100
2022-02-25 14:42:00,196,196,196,196,82300
2022-02-25 14:43:00,196,196,197,196,290900
2022-02-25 14:44:00,196,196,197,196,39000
2022-02-25 14:45:00,196,196,196,196,439100
2022-02-25 14:46:00,196,195,197,195,439000
2022-02-25 14:47:00,196,195,196,196,151300
2022-02-25 14:48:00,196,195,196,196,295000
2022-02-25 14:49:00,196,195,196,196,132700
2022-02-25 14:50:00,196,195,196,196,0
2022-02-25 14:51:00,196,195,196,196,0
2022-02-25 14:52:00,196,195,196,196,0
2022-02-25 14:53:00,196,195,196,196,0
2022-02-25 14:54:00,196,195,196,196,0
2022-02-25 14:55:00,196,195,196,196,0
2022-02-25 14:56:00,196,195,196,196,0
2022-02-25 14:57:00,196,195,196,196,0
2022-02-25 14:58:00,196,195,196,196,0
2022-02-25 14:59:00,196,195,196,196,0
2022-02-25 15:00:00,195,195,195,195,860000
2022-02-25 15:01:00,195,195,195,195,209400
2022-02-25 15:02:00,195,195,195,195,147600
2022-02-25 15:03:00,195,195,195,195,621100
2022-02-25 15:04:00,195,195,195,195,1000
2022-02-25 15:05:00,195,195,195,195,10000
2022-02-25 15:06:00,195,195,195,195,221300
2022-02-25 15:07:00,195,195,195,195,0
2022-02-25 15:08:00,195,195,195,195,0
2022-02-25 15:09:00,195,195,195,195,700
2022-02-25 15:10:00,195,195,195,195,100
2022-02-25 15:11:00,195,195,195,195,100
2022-02-25 15:12:00,195,195,195,195,3100
2022-02-25 15:13:00,195,195,195,195,3000
2022-02-25 15:14:00,195,195,195,195,37700
2022-02-25 15:15:00,195,195,195,195,0
2022-02-25 15:16:00,195,195,195,195,0
2022-02-25 15:17:00,195,195,195,195,0
2022-02-25 15:18:00,195,195,195,195,0
2022-02-25 15:19:00,195,195,195,195,0
2022-02-25 15:20:00,195,195,195,195,0
2022-02-25 15:21:00,195,195,195,195,0
2022-02-25 15:22:00,195,195,195,195,0
2022-02-25 15:23:00,195,195,195,195,0
2022-02-25 15:24:00,195,195,195,195,0
2022-02-25 15:25:00,195,195,195,195,0
2022-02-25 15:26:00,195,195,195,195,0
2022-02-25 15:27:00,195,195,195,195,0
2022-02-25 15:28:00,195,195,195,195,0
2022-02-25 15:29:00,195,195,195,195,0
2022-02-25 15:30:00,195,195,195,195,0
2022-02-25 15:31:00,195,195,195,195,0
2022-02-25 15:32:00,195,195,195,195,0
2022-02-25 15:33:00,195,195,195,195,0
2022-02-25 15:34:00,195,195,195,195,0
2022-02-25 15:35:00,195,195,195,195,0
2022-02-25 15:36:00,195,195,195,195,0
2022-02-25 15:37:00,195,195,195,195,0
2022-02-25 15:38:00,195,195,195,195,0
2022-02-25 15:39:00,195,195,195,195,0
2022-02-25 15:40:00,195,195,195,195,0
2022-02-25 15:41:00,195,195,195,195,0
2022-02-25 15:42:00,195,195,195,195,0
2022-02-25 15:43:00,195,195,195,195,0
2022-02-25 15:44:00,195,195,195,195,0
2022-02-25 15:45:00,195,195,195,195,0
2022-02-25 15:46:00,195,195,195,195,0
2022-02-25 15:47:00,195,195,195,195,0
2022-02-25 15:48:00,195,195,195,195,0
2022-02-25 15:49:00,195,195,195,195,0
2022-02-25 15:50:00,195,195,195,195,0
2022-02-25 15:51:00,195,195,195,195,0
2022-02-25 15:52:00,195,195,195,195,0
2022-02-25 15:53:00,195,195,195,195,0
2022-02-25 15:54:00,195,195,195,195,0
2022-02-25 15:55:00,195,195,195,195,0
2022-02-25 15:56:00,195,195,195,195,0
2022-02-25 15:57:00,195,195,195,195,0
2022-02-25 15:58:00,195,195,195,195,0
2022-02-25 15:59:00,195,195,195,195,0
2022-02-28 09:00:00,195,195,195,195,0
2022-02-28 09:01:00,195,195,195,195,0
2022-02-28 09:02:00,195,195,195,195,0
2022-02-28 09:03:00,195,195,195,195,0
2022-02-28 09:04:00,195,195,195,195,0
2022-02-28 09:05:00,195,195,195,195,0
2022-02-28 09:06:00,195,195,195,195,0
2022-02-28 09:07:00,195,195,195,195,0
2022-02-28 09:08:00,195,195,195,195,0
2022-02-28 09:09:00,195,195,195,195,0
2022-02-28 09:10:00,195,195,195,195,0
2022-02-28 09:11:00,195,195,195,195,0
2022-02-28 09:12:00,195,195,195,195,0
2022-02-28 09:13:00,195,195,195,195,0
2022-02-28 09:14:00,195,195,195,195,0
2022-02-28 09:15:00,195,195,195,195,0
2022-02-28 09:16:00,195,195,195,195,0
2022-02-28 09:17:00,195,195,195,195,0
2022-02-28 09:18:00,195,195,195,195,0
2022-02-28 09:19:00,195,195,195,195,0
2022-02-28 09:20:00,195,195,195,195,0
2022-02-28 09:21:00,195,195,195,195,0
2022-02-28 09:22:00,195,195,195,195,0
2022-02-28 09:23:00,195,195,195,195,0
2022-02-28 09:24:00,195,195,195,195,0
2022-02-28 09:25:00,195,195,195,195,0
2022-02-28 09:26:00,195,195,195,195,0
2022-02-28 09:27:00,195,195,195,195,0
2022-02-28 09:28:00,195,195,195,195,0
2022-02-28 09:29:00,195,195,195,195,0
2022-02-28 09:30:00,195,195,195,195,0
2022-02-28 09:31:00,195,195,195,195,0
2022-02-28 09:32:00,195,195,195,195,0
2022-02-28 09:33:00,195,195,195,195,0
2022-02-28 09:34:00,195,195,195,195,0
2022-02-28 09:35:00,195,195,195,195,0
2022-02-28 09:36:00,195,195,195,195,0
2022-02-28 09:37:00,195,195,195,195,0
2022-02-28 09:38:00,195,195,195,195,0
2022-02-28 09:39:00,195,195,195,195,0
2022-02-28 09:40:00,195,195,195,195,0
2022-02-28 09:41:00,195,195,195,195,0
2022-02-28 09:42:00,195,195,195,195,0
2022-02-28 09:43:00,195,195,195,195,0
2022-02-28 09:44:00,195,195,195,195,0
2022-02-28 09:45:00,195,195,195,195,0
2022-02-28 09:46:00,195,195,195,195,0
2022-02-28 09:47:00,195,195,195,195,0
2022-02-28 09:48:00,195,195,195,195,0
2022-02-28 09:49:00,195,195,195,195,0
2022-02-28 09:50:00,195,195,195,195,0
2022-02-28 09:51:00,195,195,195,195,0
2022-02-28 09:52:00,195,195,195,195,0
2022-02-28 09:53:00,195,195,195,195,0
2022-02-28 09:54:00,195,195,195,195,0
2022-02-28 09:55:00,195,195,195,195,0
2022-02-28 09:56:00,195,195,195,195,0
2022-02-28 09:57:00,195,195,195,195,0
2022-02-28 09:58:00,195,195,195,195,0
2022-02-28 09:59:00,195,195,195,195,0
2022-02-28 10:00:00,195,195,195,195,0
2022-02-28 10:01:00,195,195,195,195,0
2022-02-28 10:02:00,195,195,195,195,0
2022-02-28 10:03:00,195,195,195,195,0
2022-02-28 10:04:00,195,195,195,195,0
2022-02-28 10:05:00,195,195,195,195,0
2022-02-28 10:06:00,195,195,195,195,0
2022-02-28 10:07:00,195,195,195,195,0
2022-02-28 10:08:00,195,195,195,195,0
2022-02-28 10:09:00,195,195,195,195,0
2022-02-28 10:10:00,195,195,195,195,0
2022-02-28 10:11:00,195,195,195,195,0
2022-02-28 10:12:00,195,195,195,195,0
2022-02-28 10:13:00,195,195,195,195,0
2022-02-28 10:14:00,195,195,195,195,0
2022-02-28 10:15:00,195,195,195,195,0
2022-02-28 10:16:00,195,195,195,195,0
2022-02-28 10:17:00,195,195,195,195,0
2022-02-28 10:18:00,195,195,195,195,0
2022-02-28 10:19:00,195,195,195,195,0
2022-02-28 10:20:00,195,195,195,195,0
2022-02-28 10:21:00,195,195,195,195,0
2022-02-28 10:22:00,195,195,195,195,0
2022-02-28 10:23:00,195,195,195,195,0
2022-02-28 10:24:00,195,195,195,195,0
2022-02-28 10:25:00,195,195,195,195,0
2022-02-28 10:26:00,195,195,195,195,0
2022-02-28 10:27:00,195,195,195,195,0
2022-02-28 10:28:00,195,195,195,195,0
2022-02-28 10:29:00,195,195,195,195,0
2022-02-28 10:30:00,195,195,195,195,0
2022-02-28 10:31:00,195,195,195,195,0
2022-02-28 10:32:00,195,195,195,195,0
2022-02-28 10:33:00,195,195,195,195,0
2022-02-28 10:34:00,195,195,195,195,0
2022-02-28 10:35:00,195,195,195,195,0
2022-02-28 10:36:00,195,195,195,195,0
2022-02-28 10:37:00,195,195,195,195,0
2022-02-28 10:38:00,195,195,195,195,0
2022-02-28 10:39:00,195,195,195,195,0
2022-02-28 10:40:00,195,195,195,195,0
2022-02-28 10:41:00,195,195,195,195,0
2022-02-28 10:42:00,195,195,195,195,0
2022-02-28 10:43:00,195,195,195,195,0
2022-02-28 10:44:00,195,195,195,195,0
2022-02-28 10:45:00,195,195,195,195,0
2022-02-28 10:46:00,195,195,195,195,0
2022-02-28 10:47:00,195,195,195,195,0
2022-02-28 10:48:00,195,195,195,195,0
2022-02-28 10:49:00,195,195,195,195,0
2022-02-28 10:50:00,195,195,195,195,0
2022-02-28 10:51:00,195,195,195,195,0
2022-02-28 10:52:00,195,195,195,195,0
2022-02-28 10:53:00,195,195,195,195,0
2022-02-28 10:54:00,195,195,195,195,0
2022-02-28 10:55:00,195,195,195,195,0
2022-02-28 10:56:00,195,195,195,195,0
2022-02-28 10:57:00,195,195,195,195,0
2022-02-28 10:58:00,195,195,195,195,0
2022-02-28 10:59:00,195,195,195,195,0
2022-02-28 11:00:00,195,195,195,195,0
2022-02-28 11:01:00,195,195,195,195,0
2022-02-28 11:02:00,195,195,195,195,0
2022-02-28 11:03:00,195,195,195,195,0
2022-02-28 11:04:00,195,195,195,195,0
2022-02-28 11:05:00,195,195,195,195,0
2022-02-28 11:06:00,195,195,195,195,0
2022-02-28 11:07:00,195,195,195,195,0
2022-02-28 11:08:00,195,195,195,195,0
2022-02-28 11:09:00,195,195,195,195,0
2022-02-28 11:10:00,195,195,195,195,0
2022-02-28 11:11:00,195,195,195,195,0
2022-02-28 11:12:00,195,195,195,195,0
2022-02-28 11:13:00,195,195,195,195,0
2022-02-28 11:14:00,195,195,195,195,0
2022-02-28 11:15:00,195,195,195,195,0
2022-02-28 11:16:00,195,195,195,195,0
2022-02-28 11:17:00,195,195,195,195,0
2022-02-28 11:18:00,195,195,195,195,0
2022-02-28 11:19:00,195,195,195,195,0
2022-02-28 11:20:00,195,195,195,195,0
2022-02-28 11:21:00,195,195,195,195,0
2022-02-28 11:22:00,195,195,195,195,0
2022-02-28 11:23:00,195,195,195,195,0
2022-02-28 11:24:00,195,195,195,195,0
2022-02-28 11:25:00,195,195,195,195,0
2022-02-28 11:26:00,195,195,195,195,0
2022-02-28 11:27:00,195,195,195,195,0
2022-02-28 11:28:00,195,195,195,195,0
2022-02-28 11:29:00,195,195,195,195,0
2022-02-28 11:30:00,195,195,195,195,0
2022-02-28 11:31:00,195,195,195,195,0
2022-02-28 11:32:00,195,195,195,195,0
2022-02-28 11:33:00,195,195,195,195,0
2022-02-28 11:34:00,195,195,195,195,0
2022-02-28 11:35:00,195,195,195,195,0
2022-02-28 11:36:00,195,195,195,195,0
2022-02-28 11:37:00,195,195,195,195,0
2022-02-28 11:38:00,195,195,195,195,0
2022-02-28 11:39:00,195,195,195,195,0
2022-02-28 11:40:00,195,195,195,195,0
2022-02-28 11:41:00,195,195,195,195,0
2022-02-28 11:42:00,195,195,195,195,0
2022-02-28 11:43:00,195,195,195,195,0
2022-02-28 11:44:00,195,195,195,195,0
2022-02-28 11:45:00,195,195,195,195,0
2022-02-28 11:46:00,195,195,195,195,0
2022-02-28 11:47:00,195,195,195,195,0
2022-02-28 11:48:00,195,195,195,195,0
2022-02-28 11:49:00,195,195,195,195,0
2022-02-28 11:50:00,195,195,195,195,0
2022-02-28 11:51:00,195,195,195,195,0
2022-02-28 11:52:00,195,195,195,195,0
2022-02-28 11:53:00,195,195,195,195,0
2022-02-28 11:54:00,195,195,195,195,0
2022-02-28 11:55:00,195,195,195,195,0
2022-02-28 11:56:00,195,195,195,195,0
2022-02-28 11:57:00,195,195,195,195,0
2022-02-28 11:58:00,195,195,195,195,0
2022-02-28 11:59:00,195,195,195,195,0
2022-02-28 12:00:00,195,195,195,195,0
2022-02-28 12:01:00,195,195,195,195,0
2022-02-28 12:02:00,195,195,195,195,0
2022-02-28 12:03:00,195,195,195,195,0
2022-02-28 12:04:00,195,195,195,195,0
2022-02-28 12:05:00,195,195,195,195,0
2022-02-28 12:06:00,195,195,195,195,0
2022-02-28 12:07:00,195,195,195,195,0
2022-02-28 12:08:00,195,195,195,195,0
2022-02-28 12:09:00,195,195,195,195,0
2022-02-28 12:10:00,195,195,195,195,0
2022-02-28 12:11:00,195,195,195,195,0
2022-02-28 12:12:00,195,195,195,195,0
2022-02-28 12:13:00,195,195,195,195,0
2022-02-28 12:14:00,195,195,195,195,0
2022-02-28 12:15:00,195,195,195,195,0
2022-02-28 12:16:00,195,195,195,195,0
2022-02-28 12:17:00,195,195,195,195,0
2022-02-28 12:18:00,195,195,195,195,0
2022-02-28 12:19:00,195,195,195,195,0
2022-02-28 12:20:00,195,195,195,195,0
2022-02-28 12:21:00,195,195,195,195,0
2022-02-28 12:22:00,195,195,195,195,0
2022-02-28 12:23:00,195,195,195,195,0
2022-02-28 12:24:00,195,195,195,195,0
2022-02-28 12:25:00,195,195,195,195,0
2022-02-28 12:26:00,195,195,195,195,0
2022-02-28 12:27:00,195,195,195,195,0
2022-02-28 12:28:00,195,195,195,195,0
2022-02-28 12:29:00,195,195,195,195,0
2022-02-28 12:30:00,195,195,195,195,0
2022-02-28 12:31:00,195,195,195,195,0
2022-02-28 12:32:00,195,195,195,195,0
2022-02-28 12:33:00,195,195,195,195,0
2022-02-28 12:34:00,195,195,195,195,0
2022-02-28 12:35:00,195,195,195,195,0
2022-02-28 12:36:00,195,195,195,195,0
2022-02-28 12:37:00,195,195,195,195,0
2022-02-28 12:38:00,195,195,195,195,0
2022-02-28 12:39:00,195,195,195,195,0
2022-02-28 12:40:00,195,195,195,195,0
2022-02-28 12:41:00,195,195,195,195,0
2022-02-28 12:42:00,195,195,195,195,0
2022-02-28 12:43:00,195,195,195,195,0
2022-02-28 12:44:00,195,195,195,195,0
2022-02-28 12:45:00,195,195,195,195,0
2022-02-28 12:46:00,195,195,195,195,0
2022-02-28 12:47:00,195,195,195,195,0
2022-02-28 12:48:00,195,195,195,195,0
2022-02-28 12:49:00,195,195,195,195,0
2022-02-28 12:50:00,195,195,195,195,0
2022-02-28 12:51:00,195,195,195,195,0
2022-02-28 12:52:00,195,195,195,195,0
2022-02-28 12:53:00,195,195,195,195,0
2022-02-28 12:54:00,195,195,195,195,0
2022-02-28 12:55:00,195,195,195,195,0
2022-02-28 12:56:00,195,195,195,195,0
2022-02-28 12:57:00,195,195,195,195,0
2022-02-28 12:58:00,195,195,195,195,0
2022-02-28 12:59:00,195,195,195,195,0
2022-02-28 13:00:00,195,195,195,195,0
2022-02-28 13:01:00,195,195,195,195,0
2022-02-28 13:02:00,195,195,195,195,0
2022-02-28 13:03:00,195,195,195,195,0
2022-02-28 13:04:00,195,195,195,195,0
2022-02-28 13:05:00,195,195,195,195,0
2022-02-28 13:06:00,195,195,195,195,0
2022-02-28 13:07:00,195,195,195,195,0
2022-02-28 13:08:00,195,195,195,195,0
2022-02-28 13:09:00,195,195,195,195,0
2022-02-28 13:10:00,195,195,195,195,0
2022-02-28 13:11:00,195,195,195,195,0
2022-02-28 13:12:00,195,195,195,195,0
2022-02-28 13:13:00,195,195,195,195,0
2022-02-28 13:14:00,195,195,195,195,0
2022-02-28 13:15:00,195,195,195,195,0
2022-02-28 13:16:00,195,195,195,195,0
2022-02-28 13:17:00,195,195,195,195,0
2022-02-28 13:18:00,195,195,195,195,0
2022-02-28 13:19:00,195,195,195,195,0
2022-02-28 13:20:00,195,195,195,195,0
2022-02-28 13:21:00,195,195,195,195,0
2022-02-28 13:22:00,195,195,195,195,0
2022-02-28 13:23:00,195,195,195,195,0
2022-02-28 13:24:00,195,195,195,195,0
2022-02-28 13:25:00,195,195,195,195,0
2022-02-28 13:26:00,195,195,195,195,0
2022-02-28 13:27:00,195,195,195,195,0
2022-02-28 13:28:00,195,195,195,195,0
2022-02-28 13:29:00,195,195,195,195,0
2022-02-28 13:30:00,195,195,195,195,0
2022-02-28 13:31:00,195,195,195,195,0
2022-02-28 13:32:00,195,195,195,195,0
2022-02-28 13:33:00,195,195,195,195,0
2022-02-28 13:34:00,195,195,195,195,0
2022-02-28 13:35:00,195,195,195,195,0
2022-02-28 13:36:00,195,195,195,195,0
2022-02-28 13:37:00,195,195,195,195,0
2022-02-28 13:38:00,195,195,195,195,0
2022-02-28 13:39:00,195,195,195,195,0
2022-02-28 13:40:00,195,195,195,195,0
2022-02-28 13:41:00,195,195,195,195,0
2022-02-28 13:42:00,195,195,195,195,0
2022-02-28 13:43:00,195,195,195,195,0
2022-02-28 13:44:00,195,195,195,195,0
2022-02-28 13:45:00,195,195,195,195,0
2022-02-28 13:46:00,195,195,195,195,0
2022-02-28 13:47:00,195,195,195,195,0
2022-02-28 13:48:00,195,195,195,195,0
2022-02-28 13:49:00,195,195,195,195,0
2022-02-28 13:50:00,195,195,195,195,0
2022-02-28 13:51:00,195,195,195,195,0
2022-02-28 13:52:00,195,195,195,195,0
2022-02-28 13:53:00,195,195,195,195,0
2022-02-28 13:54:00,195,195,195,195,0
2022-02-28 13:55:00,195,195,195,195,0
2022-02-28 13:56:00,195,195,195,195,0
2022-02-28 13:57:00,195,195,195,195,0
2022-02-28 13:58:00,195,195,195,195,0
2022-02-28 13:59:00,195,195,195,195,0
2022-02-28 14:00:00,195,195,195,195,0
2022-02-28 14:01:00,195,195,195,195,0
2022-02-28 14:02:00,195,195,195,195,0
2022-02-28 14:03:00,195,195,195,195,0
2022-02-28 14:04:00,195,195,195,195,0
2022-02-28 14:05:00,195,195,195,195,0
2022-02-28 14:06:00,195,195,195,195,0
2022-02-28 14:07:00,195,195,195,195,0
2022-02-28 14:08:00,195,195,195,195,0
2022-02-28 14:09:00,195,195,195,195,0
2022-02-28 14:10:00,195,195,195,195,0
2022-02-28 14:11:00,195,195,195,195,0
2022-02-28 14:12:00,195,195,195,195,0
2022-02-28 14:13:00,195,195,195,195,0
2022-02-28 14:14:00,195,195,195,195,0
2022-02-28 14:15:00,195,195,195,195,0
2022-02-28 14:16:00,195,195,195,195,0
2022-02-28 14:17:00,195,195,195,195,0
2022-02-28 14:18:00,195,195,195,195,0
2022-02-28 14:19:00,195,195,195,195,0
2022-02-28 14:20:00,195,195,195,195,0
2022-02-28 14:21:00,195,195,195,195,0
2022-02-28 14:22:00,195,195,195,195,0
2022-02-28 14:23:00,195,195,195,195,0
2022-02-28 14:24:00,195,195,195,195,0
2022-02-28 14:25:00,195,195,195,195,0
2022-02-28 14:26:00,195,195,195,195,0
2022-02-28 14:27:00,195,195,195,195,0
2022-02-28 14:28:00,195,195,195,195,0
2022-02-28 14:29:00,195,195,195,195,0
2022-02-28 14:30:00,195,195,195,195,0
2022-02-28 14:31:00,195,195,195,195,0
2022-02-28 14:32:00,195,195,195,195,0
2022-02-28 14:33:00,195,195,195,195,0
2022-02-28 14:34:00,195,195,195,195,0
2022-02-28 14:35:00,195,195,195,195,0
2022-02-28 14:36:00,195,195,195,195,0
2022-02-28 14:37:00,195,195,195,195,0
2022-02-28 14:38:00,195,195,195,195,0
2022-02-28 14:39:00,195,195,195,195,0
2022-02-28 14:40:00,195,195,195,195,0
2022-02-28 14:41:00,195,195,195,195,0
2022-02-28 14:42:00,195,195,195,195,0
2022-02-28 14:43:00,195,195,195,195,0
2022-02-28 14:44:00,195,195,195,195,0
2022-02-28 14:45:00,195,195,195,195,0
2022-02-28 14:46:00,195,195,195,195,0
2022-02-28 14:47:00,195,195,195,195,0
2022-02-28 14:48:00,195,195,195,195,0
2022-02-28 14:49:00,195,195,195,195,0
2022-02-28 14:50:00,195,195,195,195,0
2022-02-28 14:51:00,195,195,195,195,0
2022-02-28 14:52:00,195,195,195,195,0
2022-02-28 14:53:00,195,195,195,195,0
2022-02-28 14:54:00,195,195,195,195,0
2022-02-28 14:55:00,195,195,195,195,0
2022-02-28 14:56:00,195,195,195,195,0
2022-02-28 14:57:00,195,195,195,195,0
2022-02-28 14:58:00,195,195,195,195,0
2022-02-28 14:59:00,195,195,195,195,0
2022-02-28 15:00:00,195,195,195,195,0
2022-02-28 15:01:00,195,195,195,195,0
2022-02-28 15:02:00,195,195,195,195,0
2022-02-28 15:03:00,195,195,195,195,0
2022-02-28 15:04:00,195,195,195,195,0
2022-02-28 15:05:00,195,195,195,195,0
2022-02-28 15:06:00,195,195,195,195,0
2022-02-28 15:07:00,195,195,195,195,0
2022-02-28 15:08:00,195,195,195,195,0
2022-02-28 15:09:00,195,195,195,195,0
2022-02-28 15:10:00,195,195,195,195,0
2022-02-28 15:11:00,195,195,195,195,0
2022-02-28 15:12:00,195,195,195,195,0
2022-02-28 15:13:00,195,195,195,195,0
2022-02-28 15:14:00,195,195,195,195,0
2022-02-28 15:15:00,195,195,195,195,0
2022-02-28 15:16:00,195,195,195,195,0
2022-02-28 15:17:00,195,195,195,195,0
2022-02-28 15:18:00,195,195,195,195,0
2022-02-28 15:19:00,195,195,195,195,0
2022-02-28 15:20:00,195,195,195,195,0
2022-02-28 15:21:00,195,195,195,195,0
2022-02-28 15:22:00,195,195,195,195,0
2022-02-28 15:23:00,195,195,195,195,0
2022-02-28 15:24:00,195,195,195,195,0
2022-02-28 15:25:00,195,195,195,195,0
2022-02-28 15:26:00,195,195,195,195,0
2022-02-28 15:27:00,195,195,195,195,0
2022-02-28 15:28:00,195,195,195,195,0
2022-02-28 15:29:00,195,195,195,195,0
2022-02-28 15:30:00,195,195,195,195,0
2022-02-28 15:31:00,195,195,195,195,0
2022-02-28 15:32:00,195,195,195,195,0
2022-02-28 15:33:00,195,195,195,195,0
2022-02-28 15:34:00,195,195,195,195,0
2022-02-28 15:35:00,195,195,195,195,0
2022-02-28 15:36:00,195,195,195,195,0
2022-02-28 15:37:00,195,195,195,195,0
2022-02-28 15:38:00,195,195,195,195,0
2022-02-28 15:39:00,195,195,195,195,0
2022-02-28 15:40:00,195,195,195,195,0
2022-02-28 15:41:00,195,195,195,195,0
2022-02-28 15:42:00,195,195,195,195,0
2022-02-28 15:43:00,195,195,195,195,0
2022-02-28 15:44:00,195,195,195,195,0
2022-02-28 15:45:00,195,195,195,195,0
2022-02-28 15:46:00,195,195,195,195,0
2022-02-28 15:47:00,195,195,195,195,0
2022-02-28 15:48:00,195,195,195,195,0
2022-02-28 15:49:00,195,195,195,195,0
2022-02-28 15:50:00,195,195,195,195,0
2022-02-28 15:51:00,195,195,195,195,0
2022-02-28 15:52:00,195,195,195,195,0
2022-02-28 15:53:00,195,195,195,195,0
2022-02-28 15:54:00,195,195,195,195,0
2022-02-28 15:55:00,195,195,195,195,0
2022-02-28 15:56:00,195,195,195,195,0
2022-02-28 15:57:00,195,195,195,195,0
2022-02-28 15:58:00,195,195,195,195,0
2022-02-28 15:59:00,195,195,195,195,0
2022-03-01 09:00:00,196,195,199,199,0
2022-03-01 09:01:00,199,198,199,199,188800
2022-03-01 09:02:00,199,199,200,199,215300
2022-03-01 09:03:00,200,199,200,200,114600
2022-03-01 09:04:00,199,199,200,199,1424500
2022-03-01 09:05:00,199,199,200,200,1034600
2022-03-01 09:06:00,200,200,202,202,452900
2022-03-01 09:07:00,200,200,200,200,113600
2022-03-01 09:08:00,200,200,202,200,96400
2022-03-01 09:09:00,200,200,200,200,9100
2022-03-01 09:10:00,200,200,200,200,64300
2022-03-01 09:11:00,200,200,202,202,586600
2022-03-01 09:12:00,202,200,202,202,54000
2022-03-01 09:13:00,202,200,202,200,304000
2022-03-01 09:14:00,202,200,202,202,58100
2022-03-01 09:15:00,200,200,200,200,62800
2022-03-01 09:16:00,202,200,202,200,41400
2022-03-01 09:17:00,200,200,200,200,128300
2022-03-01 09:18:00,200,200,202,200,23600
2022-03-01 09:19:00,200,200,202,200,187700
2022-03-01 09:20:00,200,200,202,200,34500
2022-03-01 09:21:00,200,200,200,200,34100
2022-03-01 09:22:00,200,200,200,200,207900
2022-03-01 09:23:00,200,200,200,200,409200
2022-03-01 09:24:00,199,199,200,200,313400
2022-03-01 09:25:00,199,199,200,200,394100
2022-03-01 09:26:00,200,200,200,200,76600
2022-03-01 09:27:00,199,199,200,199,92100
2022-03-01 09:28:00,199,199,199,199,111300
2022-03-01 09:29:00,199,199,199,199,13600
2022-03-01 09:30:00,199,199,199,199,2000
2022-03-01 09:31:00,199,199,199,199,34600
2022-03-01 09:32:00,199,199,199,199,47500
2022-03-01 09:33:00,199,199,199,199,45300
2022-03-01 09:34:00,199,199,199,199,31700
2022-03-01 09:35:00,199,199,199,199,77500
2022-03-01 09:36:00,199,199,199,199,57600
2022-03-01 09:37:00,199,199,199,199,3000
2022-03-01 09:38:00,198,198,198,198,343300
2022-03-01 09:39:00,198,197,198,197,19400
2022-03-01 09:40:00,198,197,198,198,95700
2022-03-01 09:41:00,198,198,200,200,342600
2022-03-01 09:42:00,200,200,200,200,387800
2022-03-01 09:43:00,200,200,200,200,5700
2022-03-01 09:44:00,200,200,202,202,1800
2022-03-01 09:45:00,200,200,202,200,19200
2022-03-01 09:46:00,200,200,200,200,5500
2022-03-01 09:47:00,200,200,202,202,27200
2022-03-01 09:48:00,202,200,202,202,43700
2022-03-01 09:49:00,202,202,202,202,2500
2022-03-01 09:50:00,202,202,202,202,1210600
2022-03-01 09:51:00,202,200,202,202,341000
2022-03-01 09:52:00,202,202,202,202,5500
2022-03-01 09:53:00,202,202,202,202,8200
2022-03-01 09:54:00,202,200,202,202,11200
2022-03-01 09:55:00,202,202,202,202,27900
2022-03-01 09:56:00,202,200,202,200,132800
2022-03-01 09:57:00,200,200,202,202,130400
2022-03-01 09:58:00,202,202,202,202,169500
2022-03-01 09:59:00,202,202,202,202,100
2022-03-01 10:00:00,202,202,202,202,31800
2022-03-01 10:01:00,202,202,202,202,0
2022-03-01 10:02:00,202,202,202,202,112100
2022-03-01 10:03:00,200,200,200,200,1613500
2022-03-01 10:04:00,200,200,200,200,63000
2022-03-01 10:05:00,199,199,199,199,10400
2022-03-01 10:06:00,199,199,200,200,330400
2022-03-01 10:07:00,200,200,200,200,1000
2022-03-01 10:08:00,199,198,199,198,304200
2022-03-01 10:09:00,199,198,199,198,580000
2022-03-01 10:10:00,198,198,198,198,34000
2022-03-01 10:11:00,198,198,199,199,211700
2022-03-01 10:12:00,199,199,199,199,1900
2022-03-01 10:13:00,200,199,200,200,20000
2022-03-01 10:14:00,199,199,200,199,120600
2022-03-01 10:15:00,199,199,199,199,55500
2022-03-01 10:16:00,200,200,200,200,120000
2022-03-01 10:17:00,199,199,199,199,47500
2022-03-01 10:18:00,200,199,200,199,6800
2022-03-01 10:19:00,199,199,199,199,1500
2022-03-01 10:20:00,200,200,200,200,100
2022-03-01 10:21:00,200,199,200,199,181300
2022-03-01 10:22:00,199,199,199,199,72900
2022-03-01 10:23:00,199,199,199,199,0
2022-03-01 10:24:00,199,199,199,199,101900
2022-03-01 10:25:00,198,198,199,198,6600
2022-03-01 10:26:00,199,199,199,199,600
2022-03-01 10:27:00,199,198,199,198,2100
2022-03-01 10:28:00,199,199,199,199,115400
2022-03-01 10:29:00,199,199,199,199,100
2022-03-01 10:30:00,199,199,199,199,600
2022-03-01 10:31:00,199,199,199,199,0
2022-03-01 10:32:00,199,199,199,199,0
2022-03-01 10:33:00,199,199,199,199,1000
2022-03-01 10:34:00,199,199,199,199,100
2022-03-01 10:35:00,199,199,199,199,0
2022-03-01 10:36:00,199,199,199,199,0
2022-03-01 10:37:00,199,199,199,199,0
2022-03-01 10:38:00,200,200,200,200,100
2022-03-01 10:39:00,200,200,200,200,0
2022-03-01 10:40:00,200,200,200,200,0
2022-03-01 10:41:00,200,200,200,200,0
2022-03-01 10:42:00,199,199,200,200,2700
2022-03-01 10:43:00,200,200,200,200,1300
2022-03-01 10:44:00,200,200,200,200,0
2022-03-01 10:45:00,199,199,199,199,10000
2022-03-01 10:46:00,199,199,199,199,1000
2022-03-01 10:47:00,199,199,199,199,10000
2022-03-01 10:48:00,200,199,200,200,14200
2022-03-01 10:49:00,199,199,199,199,10000
2022-03-01 10:50:00,199,199,199,199,10700
2022-03-01 10:51:00,199,199,199,199,43000
2022-03-01 10:52:00,199,199,199,199,0
2022-03-01 10:53:00,199,199,199,199,471700
2022-03-01 10:54:00,198,198,198,198,25000
2022-03-01 10:55:00,198,198,198,198,0
2022-03-01 10:56:00,198,198,198,198,10000
2022-03-01 10:57:00,198,198,199,199,34400
2022-03-01 10:58:00,199,199,199,199,10000
2022-03-01 10:59:00,198,198,199,199,20100
2022-03-01 11:00:00,198,198,199,199,0
2022-03-01 11:01:00,199,199,199,199,5500
2022-03-01 11:02:00,199,199,199,199,167000
2022-03-01 11:03:00,199,199,199,199,50000
2022-03-01 11:04:00,199,199,199,199,15000
2022-03-01 11:05:00,199,199,199,199,35100
2022-03-01 11:06:00,199,199,199,199,5000
2022-03-01 11:07:00,199,199,200,200,17000
2022-03-01 11:08:00,200,200,200,200,2500
2022-03-01 11:09:00,199,199,199,199,10500
2022-03-01 11:10:00,199,199,199,199,60000
2022-03-01 11:11:00,200,199,200,199,10500
2022-03-01 11:12:00,200,199,200,199,0
2022-03-01 11:13:00,199,199,199,199,2500
2022-03-01 11:14:00,199,199,199,199,2000
2022-03-01 11:15:00,199,199,199,199,20000
2022-03-01 11:16:00,199,199,199,199,0
2022-03-01 11:17:00,199,199,199,199,102600
2022-03-01 11:18:00,199,199,199,199,800
2022-03-01 11:19:00,199,199,199,199,0
2022-03-01 11:20:00,199,199,199,199,0
2022-03-01 11:21:00,199,199,199,199,0
2022-03-01 11:22:00,199,199,199,199,0
2022-03-01 11:23:00,199,199,199,199,0
2022-03-01 11:24:00,199,199,199,199,17000
2022-03-01 11:25:00,199,199,199,199,60000
2022-03-01 11:26:00,199,199,199,199,20000
2022-03-01 11:27:00,199,199,199,199,0
2022-03-01 11:28:00,199,199,199,199,63100
2022-03-01 11:29:00,199,199,199,199,83800
2022-03-01 11:30:00,199,199,199,199,0
2022-03-01 11:31:00,199,199,199,199,0
2022-03-01 11:32:00,199,199,199,199,0
2022-03-01 11:33:00,199,199,199,199,0
2022-03-01 11:34:00,199,199,199,199,0
2022-03-01 11:35:00,199,199,199,199,0
2022-03-01 11:36:00,199,199,199,199,0
2022-03-01 11:37:00,199,199,199,199,0
2022-03-01 11:38:00,199,199,199,199,0
2022-03-01 11:39:00,199,199,199,199,0
2022-03-01 11:40:00,199,199,199,199,0
2022-03-01 11:41:00,199,199,199,199,0
2022-03-01 11:42:00,199,199,199,199,0
2022-03-01 11:43:00,199,199,199,199,0
2022-03-01 11:44:00,199,199,199,199,0
2022-03-01 11:45:00,199,199,199,199,0
2022-03-01 11:46:00,199,199,199,199,0
2022-03-01 11:47:00,199,199,199,199,0
2022-03-01 11:48:00,199,199,199,199,0
2022-03-01 11:49:00,199,199,199,199,0
2022-03-01 11:50:00,199,199,199,199,0
2022-03-01 11:51:00,199,199,199,199,0
2022-03-01 11:52:00,199,199,199,199,0
2022-03-01 11:53:00,199,199,199,199,0
2022-03-01 11:54:00,199,199,199,199,0
2022-03-01 11:55:00,199,199,199,199,0
2022-03-01 11:56:00,199,199,199,199,0
2022-03-01 11:57:00,199,199,199,199,0
2022-03-01 11:58:00,199,199,199,199,0
2022-03-01 11:59:00,199,199,199,199,0
2022-03-01 12:00:00,199,199,199,199,0
2022-03-01 12:01:00,199,199,199,199,0
2022-03-01 12:02:00,199,199,199,199,0
2022-03-01 12:03:00,199,199,199,199,0
2022-03-01 12:04:00,199,199,199,199,0
2022-03-01 12:05:00,199,199,199,199,0
2022-03-01 12:06:00,199,199,199,199,0
2022-03-01 12:07:00,199,199,199,199,0
2022-03-01 12:08:00,199,199,199,199,0
2022-03-01 12:09:00,199,199,199,199,0
2022-03-01 12:10:00,199,199,199,199,0
2022-03-01 12:11:00,199,199,199,199,0
2022-03-01 12:12:00,199,199,199,199,0
2022-03-01 12:13:00,199,199,199,199,0
2022-03-01 12:14:00,199,199,199,199,0
2022-03-01 12:15:00,199,199,199,199,0
2022-03-01 12:16:00,199,199,199,199,0
2022-03-01 12:17:00,199,199,199,199,0
2022-03-01 12:18:00,199,199,199,199,0
2022-03-01 12:19:00,199,199,199,199,0
2022-03-01 12:20:00,199,199,199,199,0
2022-03-01 12:21:00,199,199,199,199,0
2022-03-01 12:22:00,199,199,199,199,0
2022-03-01 12:23:00,199,199,199,199,0
2022-03-01 12:24:00,199,199,199,199,0
2022-03-01 12:25:00,199,199,199,199,0
2022-03-01 12:26:00,199,199,199,199,0
2022-03-01 12:27:00,199,199,199,199,0
2022-03-01 12:28:00,199,199,199,199,0
2022-03-01 12:29:00,199,199,199,199,0
2022-03-01 12:30:00,199,199,199,199,0
2022-03-01 12:31:00,199,199,199,199,0
2022-03-01 12:32:00,199,199,199,199,0
2022-03-01 12:33:00,199,199,199,199,0
2022-03-01 12:34:00,199,199,199,199,0
2022-03-01 12:35:00,199,199,199,199,0
2022-03-01 12:36:00,199,199,199,199,0
2022-03-01 12:37:00,199,199,199,199,0
2022-03-01 12:38:00,199,199,199,199,0
2022-03-01 12:39:00,199,199,199,199,0
2022-03-01 12:40:00,199,199,199,199,0
2022-03-01 12:41:00,199,199,199,199,0
2022-03-01 12:42:00,199,199,199,199,0
2022-03-01 12:43:00,199,199,199,199,0
2022-03-01 12:44:00,199,199,199,199,0
2022-03-01 12:45:00,199,199,199,199,0
2022-03-01 12:46:00,199,199,199,199,0
2022-03-01 12:47:00,199,199,199,199,0
2022-03-01 12:48:00,199,199,199,199,0
2022-03-01 12:49:00,199,199,199,199,0
2022-03-01 12:50:00,199,199,199,199,0
2022-03-01 12:51:00,199,199,199,199,0
2022-03-01 12:52:00,199,199,199,199,0
2022-03-01 12:53:00,199,199,199,199,0
2022-03-01 12:54:00,199,199,199,199,0
2022-03-01 12:55:00,199,199,199,199,0
2022-03-01 12:56:00,199,199,199,199,0
2022-03-01 12:57:00,199,199,199,199,0
2022-03-01 12:58:00,199,199,199,199,0
2022-03-01 12:59:00,199,199,199,199,0
2022-03-01 13:00:00,199,199,199,199,0
2022-03-01 13:01:00,199,199,199,199,0
2022-03-01 13:02:00,199,199,199,199,0
2022-03-01 13:03:00,199,199,199,199,0
2022-03-01 13:04:00,199,199,199,199,0
2022-03-01 13:05:00,199,199,199,199,0
2022-03-01 13:06:00,199,199,199,199,0
2022-03-01 13:07:00,199,199,199,199,0
2022-03-01 13:08:00,199,199,199,199,0
2022-03-01 13:09:00,199,199,199,199,0
2022-03-01 13:10:00,199,199,199,199,0
2022-03-01 13:11:00,199,199,199,199,0
2022-03-01 13:12:00,199,199,199,199,0
2022-03-01 13:13:00,199,199,199,199,0
2022-03-01 13:14:00,199,199,199,199,0
2022-03-01 13:15:00,199,199,199,199,0
2022-03-01 13:16:00,199,199,199,199,0
2022-03-01 13:17:00,199,199,199,199,0
2022-03-01 13:18:00,199,199,199,199,0
2022-03-01 13:19:00,199,199,199,199,0
2022-03-01 13:20:00,199,199,199,199,0
2022-03-01 13:21:00,199,199,199,199,0
2022-03-01 13:22:00,199,199,199,199,0
2022-03-01 13:23:00,199,199,199,199,0
2022-03-01 13:24:00,199,199,199,199,0
2022-03-01 13:25:00,199,199,199,199,0
2022-03-01 13:26:00,199,199,199,199,0
2022-03-01 13:27:00,199,199,199,199,0
2022-03-01 13:28:00,199,199,199,199,0
2022-03-01 13:29:00,199,199,199,199,0
2022-03-01 13:30:00,199,199,199,199,66900
2022-03-01 13:31:00,199,199,199,199,21000
2022-03-01 13:32:00,200,199,200,200,5600
2022-03-01 13:33:00,199,199,199,199,200
2022-03-01 13:34:00,199,199,199,199,35100
2022-03-01 13:35:00,199,199,199,199,8700
2022-03-01 13:36:00,199,199,199,199,10000
2022-03-01 13:37:00,199,199,199,199,0
2022-03-01 13:38:00,199,199,199,199,10000
2022-03-01 13:39:00,199,199,199,199,280000
2022-03-01 13:40:00,199,199,199,199,45500
2022-03-01 13:41:00,199,199,199,199,6000
2022-03-01 13:42:00,199,199,199,199,8300
2022-03-01 13:43:00,199,199,199,199,44700
2022-03-01 13:44:00,199,199,199,199,1000
2022-03-01 13:45:00,199,199,199,199,8000
2022-03-01 13:46:00,199,199,199,199,29400
2022-03-01 13:47:00,198,198,198,198,1900
2022-03-01 13:48:00,198,198,199,199,452400
2022-03-01 13:49:00,198,198,198,198,55000
2022-03-01 13:50:00,198,198,198,198,6600
2022-03-01 13:51:00,198,198,198,198,1500
2022-03-01 13:52:00,198,198,198,198,100000
2022-03-01 13:53:00,198,198,198,198,0
2022-03-01 13:54:00,198,198,198,198,0
2022-03-01 13:55:00,198,198,198,198,0
2022-03-01 13:56:00,199,199,199,199,20000
2022-03-01 13:57:00,199,199,199,199,2000
2022-03-01 13:58:00,199,198,199,198,10000
2022-03-01 13:59:00,198,198,199,199,6200
2022-03-01 14:00:00,198,198,198,198,50100
2022-03-01 14:01:00,198,198,198,198,0
2022-03-01 14:02:00,198,198,198,198,20000
2022-03-01 14:03:00,198,198,198,198,1700
2022-03-01 14:04:00,198,198,198,198,0
2022-03-01 14:05:00,198,198,199,199,6100
2022-03-01 14:06:00,199,199,199,199,128000
2022-03-01 14:07:00,199,199,199,199,0
2022-03-01 14:08:00,199,199,199,199,0
2022-03-01 14:09:00,199,198,199,198,2600
2022-03-01 14:10:00,198,198,198,198,1000
2022-03-01 14:11:00,199,198,199,198,600100
2022-03-01 14:12:00,198,198,198,198,11700
2022-03-01 14:13:00,198,198,198,198,300
2022-03-01 14:14:00,198,198,198,198,900
2022-03-01 14:15:00,198,197,198,197,85100
2022-03-01 14:16:00,198,198,198,198,74900
2022-03-01 14:17:00,198,198,198,198,172800
2022-03-01 14:18:00,198,198,198,198,30000
2022-03-01 14:19:00,198,198,198,198,0
2022-03-01 14:20:00,198,198,198,198,6400
2022-03-01 14:21:00,198,198,198,198,3600
2022-03-01 14:22:00,198,198,198,198,6800
2022-03-01 14:23:00,198,198,198,198,1500
2022-03-01 14:24:00,198,198,198,198,4200
2022-03-01 14:25:00,198,197,198,197,59600
2022-03-01 14:26:00,198,198,198,198,1500
2022-03-01 14:27:00,197,197,198,198,16600
2022-03-01 14:28:00,197,197,198,198,0
2022-03-01 14:29:00,197,197,198,198,0
2022-03-01 14:30:00,198,197,198,197,22000
2022-03-01 14:31:00,198,197,198,197,9300
2022-03-01 14:32:00,198,198,198,198,200
2022-03-01 14:33:00,198,198,198,198,1500
2022-03-01 14:34:00,198,198,198,198,1500
2022-03-01 14:35:00,198,198,198,198,10000
2022-03-01 14:36:00,197,197,197,197,10000
2022-03-01 14:37:00,197,197,198,198,35100
2022-03-01 14:38:00,197,197,198,198,166300
2022-03-01 14:39:00,199,199,199,199,1000
2022-03-01 14:40:00,199,199,199,199,0
2022-03-01 14:41:00,198,198,198,198,77000
2022-03-01 14:42:00,198,198,199,198,150100
2022-03-01 14:43:00,198,198,198,198,38200
2022-03-01 14:44:00,198,198,198,198,20000
2022-03-01 14:45:00,198,198,198,198,0
2022-03-01 14:46:00,199,198,199,198,389500
2022-03-01 14:47:00,198,198,198,198,154100
2022-03-01 14:48:00,198,198,198,198,318400
2022-03-01 14:49:00,199,198,199,198,39200
2022-03-01 14:50:00,199,198,199,198,0
2022-03-01 14:51:00,199,198,199,198,0
2022-03-01 14:52:00,199,198,199,198,0
2022-03-01 14:53:00,199,198,199,198,0
2022-03-01 14:54:00,199,198,199,198,0
2022-03-01 14:55:00,199,198,199,198,0
2022-03-01 14:56:00,199,198,199,198,0
2022-03-01 14:57:00,199,198,199,198,0
2022-03-01 14:58:00,199,198,199,198,0
2022-03-01 14:59:00,199,198,199,198,0
2022-03-01 15:00:00,198,198,198,198,512400
2022-03-01 15:01:00,198,198,198,198,11900
2022-03-01 15:02:00,198,198,198,198,120700
2022-03-01 15:03:00,198,198,198,198,15200
2022-03-01 15:04:00,198,198,198,198,118700
2022-03-01 15:05:00,198,198,198,198,20000
2022-03-01 15:06:00,198,198,198,198,0
2022-03-01 15:07:00,198,198,198,198,279600
2022-03-01 15:08:00,198,198,198,198,50200
2022-03-01 15:09:00,198,198,198,198,3000
2022-03-01 15:10:00,198,198,198,198,0
2022-03-01 15:11:00,198,198,198,198,0
2022-03-01 15:12:00,198,198,198,198,5000
2022-03-01 15:13:00,198,198,198,198,0
2022-03-01 15:14:00,198,198,198,198,0
2022-03-01 15:15:00,198,198,198,198,0
2022-03-01 15:16:00,198,198,198,198,0
2022-03-01 15:17:00,198,198,198,198,0
2022-03-01 15:18:00,198,198,198,198,0
2022-03-01 15:19:00,198,198,198,198,0
2022-03-01 15:20:00,198,198,198,198,0
2022-03-01 15:21:00,198,198,198,198,0
2022-03-01 15:22:00,198,198,198,198,0
2022-03-01 15:23:00,198,198,198,198,0
2022-03-01 15:24:00,198,198,198,198,0
2022-03-01 15:25:00,198,198,198,198,0
2022-03-01 15:26:00,198,198,198,198,0
2022-03-01 15:27:00,198,198,198,198,0
2022-03-01 15:28:00,198,198,198,198,0
2022-03-01 15:29:00,198,198,198,198,0
2022-03-01 15:30:00,198,198,198,198,0
2022-03-01 15:31:00,198,198,198,198,0
2022-03-01 15:32:00,198,198,198,198,0
2022-03-01 15:33:00,198,198,198,198,0
2022-03-01 15:34:00,198,198,198,198,0
2022-03-01 15:35:00,198,198,198,198,0
2022-03-01 15:36:00,198,198,198,198,0
2022-03-01 15:37:00,198,198,198,198,0
2022-03-01 15:38:00,198,198,198,198,0
2022-03-01 15:39:00,198,198,198,198,0
2022-03-01 15:40:00,198,198,198,198,0
2022-03-01 15:41:00,198,198,198,198,0
2022-03-01 15:42:00,198,198,198,198,0
2022-03-01 15:43:00,198,198,198,198,0
2022-03-01 15:44:00,198,198,198,198,0
2022-03-01 15:45:00,198,198,198,198,0
2022-03-01 15:46:00,198,198,198,198,0
2022-03-01 15:47:00,198,198,198,198,0
2022-03-01 15:48:00,198,198,198,198,0
2022-03-01 15:49:00,198,198,198,198,0
2022-03-01 15:50:00,198,198,198,198,0
2022-03-01 15:51:00,198,198,198,198,0
2022-03-01 15:52:00,198,198,198,198,0
2022-03-01 15:53:00,198,198,198,198,0
2022-03-01 15:54:00,198,198,198,198,0
2022-03-01 15:55:00,198,198,198,198,0
2022-03-01 15:56:00,198,198,198,198,0
2022-03-01 15:57:00,198,198,198,198,0
2022-03-01 15:58:00,198,198,198,198,0
2022-03-01 15:59:00,198,198,198,198,0
2022-03-02 09:00:00,202,202,206,206,0
2022-03-02 09:01:00,206,204,210,210,4034700
2022-03-02 09:02:00,210,208,212,210,3659300
2022-03-02 09:03:00,210,208,210,210,1759000
2022-03-02 09:04:00,208,206,210,208,1048700
2022-03-02 09:05:00,206,206,208,208,1032000
2022-03-02 09:06:00,206,206,208,208,285600
2022-03-02 09:07:00,208,206,208,206,685000
2022-03-02 09:08:00,206,204,206,206,774000
2022-03-02 09:09:00,206,206,206,206,350000
2022-03-02 09:10:00,206,204,206,206,337700
2022-03-02 09:11:00,206,204,206,206,239600
2022-03-02 09:12:00,204,204,206,206,299100
2022-03-02 09:13:00,204,202,206,202,1762700
2022-03-02 09:14:00,204,202,204,204,514000
2022-03-02 09:15:00,204,204,204,204,270500
2022-03-02 09:16:00,202,202,204,202,98900
2022-03-02 09:17:00,204,202,204,202,35400
2022-03-02 09:18:00,202,202,204,204,772000
2022-03-02 09:19:00,204,202,204,204,56100
2022-03-02 09:20:00,204,202,204,202,96600
2022-03-02 09:21:00,202,202,202,202,102300
2022-03-02 09:22:00,202,202,202,202,449400
2022-03-02 09:23:00,202,202,202,202,28900
2022-03-02 09:24:00,202,202,202,202,13900
2022-03-02 09:25:00,202,202,204,202,535700
2022-03-02 09:26:00,204,204,206,204,796300
2022-03-02 09:27:00,206,204,206,204,4300
2022-03-02 09:28:00,206,204,206,204,107900
2022-03-02 09:29:00,204,204,204,204,37100
2022-03-02 09:30:00,204,204,206,206,18600
2022-03-02 09:31:00,206,204,206,206,876400
2022-03-02 09:32:00,204,204,206,204,61500
2022-03-02 09:33:00,204,204,206,204,173800
2022-03-02 09:34:00,206,204,206,204,61500
2022-03-02 09:35:00,204,204,204,204,359700
2022-03-02 09:36:00,204,204,206,206,311300
2022-03-02 09:37:00,206,206,206,206,3400
2022-03-02 09:38:00,206,204,206,204,24400
2022-03-02 09:39:00,204,204,204,204,53100
2022-03-02 09:40:00,204,204,206,204,97100
2022-03-02 09:41:00,204,204,206,204,26300
2022-03-02 09:42:00,204,204,204,204,12000
2022-03-02 09:43:00,204,204,204,204,4000
2022-03-02 09:44:00,204,204,204,204,208800
2022-03-02 09:45:00,204,204,204,204,138200
2022-03-02 09:46:00,204,204,204,204,709500
2022-03-02 09:47:00,204,204,204,204,262700
2022-03-02 09:48:00,204,204,206,204,274900
2022-03-02 09:49:00,204,202,204,202,324500
2022-03-02 09:50:00,202,202,204,202,8500
2022-03-02 09:51:00,204,202,204,202,60100
2022-03-02 09:52:00,202,202,204,202,13600
2022-03-02 09:53:00,202,202,204,204,20800
2022-03-02 09:54:00,204,204,204,204,10800
2022-03-02 09:55:00,204,204,204,204,1000
2022-03-02 09:56:00,204,204,204,204,4300
2022-03-02 09:57:00,202,202,204,204,16500
2022-03-02 09:58:00,204,202,204,202,36700
2022-03-02 09:59:00,204,202,204,202,0
2022-03-02 10:00:00,202,202,202,202,20700
2022-03-02 10:01:00,202,202,202,202,55300
2022-03-02 10:02:00,202,202,204,204,4500
2022-03-02 10:03:00,204,202,204,204,16600
2022-03-02 10:04:00,202,202,204,204,29500
2022-03-02 10:05:00,202,202,204,204,34000
2022-03-02 10:06:00,204,202,204,202,468500
2022-03-02 10:07:00,202,202,204,202,425600
2022-03-02 10:08:00,202,202,202,202,304600
2022-03-02 10:09:00,202,202,202,202,39000
2022-03-02 10:10:00,202,202,202,202,315500
2022-03-02 10:11:00,202,202,202,202,58000
2022-03-02 10:12:00,202,202,202,202,0
2022-03-02 10:13:00,202,202,202,202,38200
2022-03-02 10:14:00,202,200,202,202,1594900
2022-03-02 10:15:00,200,200,200,200,4300
2022-03-02 10:16:00,202,200,202,202,56600
2022-03-02 10:17:00,202,202,202,202,13000
2022-03-02 10:18:00,202,202,202,202,30000
2022-03-02 10:19:00,200,200,200,200,85900
2022-03-02 10:20:00,202,202,202,202,156600
2022-03-02 10:21:00,202,202,202,202,19500
2022-03-02 10:22:00,202,202,202,202,608600
2022-03-02 10:23:00,202,202,202,202,17900
2022-03-02 10:24:00,200,200,202,202,13000
2022-03-02 10:25:00,202,202,202,202,184000
2022-03-02 10:26:00,202,202,202,202,0
2022-03-02 10:27:00,202,202,202,202,12100
2022-03-02 10:28:00,202,202,202,202,0
2022-03-02 10:29:00,202,202,202,202,7000
2022-03-02 10:30:00,202,200,202,202,114100
2022-03-02 10:31:00,202,202,202,202,4000
2022-03-02 10:32:00,202,200,202,200,8000
2022-03-02 10:33:00,202,200,202,200,0
2022-03-02 10:34:00,200,200,200,200,2000
2022-03-02 10:35:00,200,200,202,200,42200
2022-03-02 10:36:00,200,200,200,200,3000
2022-03-02 10:37:00,202,202,202,202,25000
2022-03-02 10:38:00,202,202,202,202,6000
2022-03-02 10:39:00,202,202,202,202,1000
2022-03-02 10:40:00,200,200,202,200,30600
2022-03-02 10:41:00,200,200,202,202,353700
2022-03-02 10:42:00,202,200,202,200,42500
2022-03-02 10:43:00,202,202,202,202,49800
2022-03-02 10:44:00,202,202,202,202,9000
2022-03-02 10:45:00,202,202,202,202,1100
2022-03-02 10:46:00,202,202,202,202,0
2022-03-02 10:47:00,202,202,202,202,120000
2022-03-02 10:48:00,202,202,202,202,2800
2022-03-02 10:49:00,202,202,202,202,31200
2022-03-02 10:50:00,202,202,202,202,2900
2022-03-02 10:51:00,202,202,202,202,0
2022-03-02 10:52:00,202,202,202,202,42000
2022-03-02 10:53:00,202,202,202,202,19200
2022-03-02 10:54:00,202,202,202,202,138900
2022-03-02 10:55:00,202,202,202,202,11000
2022-03-02 10:56:00,202,202,202,202,7500
2022-03-02 10:57:00,202,202,202,202,58000
2022-03-02 10:58:00,202,202,202,202,0
2022-03-02 10:59:00,202,200,202,202,65700
2022-03-02 11:00:00,202,202,202,202,61900
2022-03-02 11:01:00,202,202,202,202,5600
2022-03-02 11:02:00,200,200,200,200,2600
2022-03-02 11:03:00,202,202,202,202,500
2022-03-02 11:04:00,202,202,202,202,200
2022-03-02 11:05:00,200,200,200,200,700
2022-03-02 11:06:00,202,202,202,202,700
2022-03-02 11:07:00,202,202,202,202,0
2022-03-02 11:08:00,200,200,200,200,100600
2022-03-02 11:09:00,200,200,200,200,1800
2022-03-02 11:10:00,200,200,200,200,200
2022-03-02 11:11:00,200,200,200,200,165100
2022-03-02 11:12:00,200,200,200,200,600
2022-03-02 11:13:00,200,200,200,200,155000
2022-03-02 11:14:00,200,200,200,200,16500
2022-03-02 11:15:00,200,200,200,200,10000
2022-03-02 11:16:00,200,200,200,200,4800
2022-03-02 11:17:00,200,200,200,200,1039600
2022-03-02 11:18:00,200,200,200,200,47600
2022-03-02 11:19:00,200,200,200,200,119400
2022-03-02 11:20:00,200,200,202,200,171000
2022-03-02 11:21:00,200,200,200,200,230000
2022-03-02 11:22:00,200,199,200,199,826400
2022-03-02 11:23:00,199,199,200,200,63600
2022-03-02 11:24:00,200,200,200,200,1000
2022-03-02 11:25:00,199,199,200,199,177500
2022-03-02 11:26:00,199,199,199,199,52000
2022-03-02 11:27:00,199,199,199,199,148300
2022-03-02 11:28:00,199,199,199,199,17200
2022-03-02 11:29:00,200,200,200,200,1000
2022-03-02 11:30:00,200,200,200,200,0
2022-03-02 11:31:00,200,200,200,200,0
2022-03-02 11:32:00,200,200,200,200,0
2022-03-02 11:33:00,200,200,200,200,0
2022-03-02 11:34:00,200,200,200,200,0
2022-03-02 11:35:00,200,200,200,200,0
2022-03-02 11:36:00,200,200,200,200,0
2022-03-02 11:37:00,200,200,200,200,0
2022-03-02 11:38:00,200,200,200,200,0
2022-03-02 11:39:00,200,200,200,200,0
2022-03-02 11:40:00,200,200,200,200,0
2022-03-02 11:41:00,200,200,200,200,0
2022-03-02 11:42:00,200,200,200,200,0
2022-03-02 11:43:00,200,200,200,200,0
2022-03-02 11:44:00,200,200,200,200,0
2022-03-02 11:45:00,200,200,200,200,0
2022-03-02 11:46:00,200,200,200,200,0
2022-03-02 11:47:00,200,200,200,200,0
2022-03-02 11:48:00,200,200,200,200,0
2022-03-02 11:49:00,200,200,200,200,0
2022-03-02 11:50:00,200,200,200,200,0
2022-03-02 11:51:00,200,200,200,200,0
2022-03-02 11:52:00,200,200,200,200,0
2022-03-02 11:53:00,200,200,200,200,0
2022-03-02 11:54:00,200,200,200,200,0
2022-03-02 11:55:00,200,200,200,200,0
2022-03-02 11:56:00,200,200,200,200,0
2022-03-02 11:57:00,200,200,200,200,0
2022-03-02 11:58:00,200,200,200,200,0
2022-03-02 11:59:00,200,200,200,200,0
2022-03-02 12:00:00,200,200,200,200,0
2022-03-02 12:01:00,200,200,200,200,0
2022-03-02 12:02:00,200,200,200,200,0
2022-03-02 12:03:00,200,200,200,200,0
2022-03-02 12:04:00,200,200,200,200,0
2022-03-02 12:05:00,200,200,200,200,0
2022-03-02 12:06:00,200,200,200,200,0
2022-03-02 12:07:00,200,200,200,200,0
2022-03-02 12:08:00,200,200,200,200,0
2022-03-02 12:09:00,200,200,200,200,0
2022-03-02 12:10:00,200,200,200,200,0
2022-03-02 12:11:00,200,200,200,200,0
2022-03-02 12:12:00,200,200,200,200,0
2022-03-02 12:13:00,200,200,200,200,0
2022-03-02 12:14:00,200,200,200,200,0
2022-03-02 12:15:00,200,200,200,200,0
2022-03-02 12:16:00,200,200,200,200,0
2022-03-02 12:17:00,200,200,200,200,0
2022-03-02 12:18:00,200,200,200,200,0
2022-03-02 12:19:00,200,200,200,200,0
2022-03-02 12:20:00,200,200,200,200,0
2022-03-02 12:21:00,200,200,200,200,0
2022-03-02 12:22:00,200,200,200,200,0
2022-03-02 12:23:00,200,200,200,200,0
2022-03-02 12:24:00,200,200,200,200,0
2022-03-02 12:25:00,200,200,200,200,0
2022-03-02 12:26:00,200,200,200,200,0
2022-03-02 12:27:00,200,200,200,200,0
2022-03-02 12:28:00,200,200,200,200,0
2022-03-02 12:29:00,200,200,200,200,0
2022-03-02 12:30:00,200,200,200,200,0
2022-03-02 12:31:00,200,200,200,200,0
2022-03-02 12:32:00,200,200,200,200,0
2022-03-02 12:33:00,200,200,200,200,0
2022-03-02 12:34:00,200,200,200,200,0
2022-03-02 12:35:00,200,200,200,200,0
2022-03-02 12:36:00,200,200,200,200,0
2022-03-02 12:37:00,200,200,200,200,0
2022-03-02 12:38:00,200,200,200,200,0
2022-03-02 12:39:00,200,200,200,200,0
2022-03-02 12:40:00,200,200,200,200,0
2022-03-02 12:41:00,200,200,200,200,0
2022-03-02 12:42:00,200,200,200,200,0
2022-03-02 12:43:00,200,200,200,200,0
2022-03-02 12:44:00,200,200,200,200,0
2022-03-02 12:45:00,200,200,200,200,0
2022-03-02 12:46:00,200,200,200,200,0
2022-03-02 12:47:00,200,200,200,200,0
2022-03-02 12:48:00,200,200,200,200,0
2022-03-02 12:49:00,200,200,200,200,0
2022-03-02 12:50:00,200,200,200,200,0
2022-03-02 12:51:00,200,200,200,200,0
2022-03-02 12:52:00,200,200,200,200,0
2022-03-02 12:53:00,200,200,200,200,0
2022-03-02 12:54:00,200,200,200,200,0
2022-03-02 12:55:00,200,200,200,200,0
2022-03-02 12:56:00,200,200,200,200,0
2022-03-02 12:57:00,200,200,200,200,0
2022-03-02 12:58:00,200,200,200,200,0
2022-03-02 12:59:00,200,200,200,200,0
2022-03-02 13:00:00,200,200,200,200,0
2022-03-02 13:01:00,200,200,200,200,0
2022-03-02 13:02:00,200,200,200,200,0
2022-03-02 13:03:00,200,200,200,200,0
2022-03-02 13:04:00,200,200,200,200,0
2022-03-02 13:05:00,200,200,200,200,0
2022-03-02 13:06:00,200,200,200,200,0
2022-03-02 13:07:00,200,200,200,200,0
2022-03-02 13:08:00,200,200,200,200,0
2022-03-02 13:09:00,200,200,200,200,0
2022-03-02 13:10:00,200,200,200,200,0
2022-03-02 13:11:00,200,200,200,200,0
2022-03-02 13:12:00,200,200,200,200,0
2022-03-02 13:13:00,200,200,200,200,0
2022-03-02 13:14:00,200,200,200,200,0
2022-03-02 13:15:00,200,200,200,200,0
2022-03-02 13:16:00,200,200,200,200,0
2022-03-02 13:17:00,200,200,200,200,0
2022-03-02 13:18:00,200,200,200,200,0
2022-03-02 13:19:00,200,200,200,200,0
2022-03-02 13:20:00,200,200,200,200,0
2022-03-02 13:21:00,200,200,200,200,0
2022-03-02 13:22:00,200,200,200,200,0
2022-03-02 13:23:00,200,200,200,200,0
2022-03-02 13:24:00,200,200,200,200,0
2022-03-02 13:25:00,200,200,200,200,0
2022-03-02 13:26:00,200,200,200,200,0
2022-03-02 13:27:00,200,200,200,200,0
2022-03-02 13:28:00,200,200,200,200,0
2022-03-02 13:29:00,200,200,200,200,0
2022-03-02 13:30:00,200,199,200,200,230500
2022-03-02 13:31:00,200,200,200,200,106600
2022-03-02 13:32:00,200,200,200,200,2000
2022-03-02 13:33:00,200,200,200,200,50000
2022-03-02 13:34:00,200,199,200,199,71300
2022-03-02 13:35:00,200,199,200,199,464800
2022-03-02 13:36:00,199,199,199,199,168300
2022-03-02 13:37:00,199,199,200,200,6200
2022-03-02 13:38:00,200,200,200,200,4300
2022-03-02 13:39:00,200,200,200,200,15000
2022-03-02 13:40:00,200,200,200,200,7300
2022-03-02 13:41:00,200,200,200,200,5300
2022-03-02 13:42:00,200,200,200,200,209000
2022-03-02 13:43:00,200,200,202,202,515600
2022-03-02 13:44:00,202,202,202,202,44400
2022-03-02 13:45:00,200,200,202,200,55000
2022-03-02 13:46:00,200,200,200,200,23000
2022-03-02 13:47:00,200,200,200,200,6500
2022-03-02 13:48:00,200,200,200,200,4300
2022-03-02 13:49:00,202,202,202,202,26300
2022-03-02 13:50:00,200,200,200,200,900
2022-03-02 13:51:00,200,200,200,200,200
2022-03-02 13:52:00,202,200,202,200,11000
2022-03-02 13:53:00,200,200,200,200,20100
2022-03-02 13:54:00,202,202,202,202,7600
2022-03-02 13:55:00,202,202,202,202,0
2022-03-02 13:56:00,202,202,202,202,1896400
2022-03-02 13:57:00,204,202,204,204,78600
2022-03-02 13:58:00,204,204,204,204,21600
2022-03-02 13:59:00,204,204,204,204,252100
2022-03-02 14:00:00,204,202,204,202,125000
2022-03-02 14:01:00,202,202,202,202,10200
2022-03-02 14:02:00,202,202,204,204,4200
2022-03-02 14:03:00,204,204,206,206,1795600
2022-03-02 14:04:00,206,204,206,206,337700
2022-03-02 14:05:00,206,204,206,204,923800
2022-03-02 14:06:00,204,204,204,204,409500
2022-03-02 14:07:00,204,204,204,204,104800
2022-03-02 14:08:00,204,204,204,204,162600
2022-03-02 14:09:00,204,202,204,204,317100
2022-03-02 14:10:00,204,202,204,202,55500
2022-03-02 14:11:00,204,204,204,204,58200
2022-03-02 14:12:00,204,204,204,204,114600
2022-03-02 14:13:00,204,204,204,204,85200
2022-03-02 14:14:00,204,204,204,204,4000
2022-03-02 14:15:00,204,202,204,202,3500
2022-03-02 14:16:00,202,202,204,204,124500
2022-03-02 14:17:00,204,204,204,204,35000
2022-03-02 14:18:00,202,202,204,204,2100
2022-03-02 14:19:00,204,204,204,204,3800
2022-03-02 14:20:00,204,204,204,204,0
2022-03-02 14:21:00,202,202,202,202,22500
2022-03-02 14:22:00,202,202,202,202,49200
2022-03-02 14:23:00,202,202,202,202,3100
2022-03-02 14:24:00,204,202,204,204,18000
2022-03-02 14:25:00,202,202,202,202,20000
2022-03-02 14:26:00,202,202,202,202,98800
2022-03-02 14:27:00,202,202,202,202,10000
2022-03-02 14:28:00,204,204,204,204,68600
2022-03-02 14:29:00,204,202,204,204,210900
2022-03-02 14:30:00,204,204,206,206,880600
2022-03-02 14:31:00,206,204,206,206,165600
2022-03-02 14:32:00,206,206,206,206,257200
2022-03-02 14:33:00,206,206,208,208,3354000
2022-03-02 14:34:00,208,206,208,208,162800
2022-03-02 14:35:00,208,204,208,206,1337100
2022-03-02 14:36:00,206,204,206,206,111000
2022-03-02 14:37:00,206,206,206,206,38600
2022-03-02 14:38:00,206,204,206,204,108500
2022-03-02 14:39:00,206,202,206,204,1258000
2022-03-02 14:40:00,204,202,206,204,325900
2022-03-02 14:41:00,204,202,204,204,91200
2022-03-02 14:42:00,204,204,204,204,302300
2022-03-02 14:43:00,204,202,206,206,64000
2022-03-02 14:44:00,204,204,204,204,137100
2022-03-02 14:45:00,202,202,202,202,229200
2022-03-02 14:46:00,202,202,204,202,138300
2022-03-02 14:47:00,202,202,202,202,119200
2022-03-02 14:48:00,202,202,204,204,267800
2022-03-02 14:49:00,204,204,206,206,342300
2022-03-02 14:50:00,204,204,206,206,0
2022-03-02 14:51:00,204,204,206,206,0
2022-03-02 14:52:00,204,204,206,206,0
2022-03-02 14:53:00,204,204,206,206,0
2022-03-02 14:54:00,204,204,206,206,0
2022-03-02 14:55:00,204,204,206,206,0
2022-03-02 14:56:00,204,204,206,206,0
2022-03-02 14:57:00,204,204,206,206,0
2022-03-02 14:58:00,204,204,206,206,0
2022-03-02 14:59:00,204,204,206,206,0
2022-03-02 15:00:00,204,204,204,204,953100
2022-03-02 15:01:00,204,204,204,204,16000
2022-03-02 15:02:00,204,204,204,204,13000
2022-03-02 15:03:00,204,204,204,204,12700
2022-03-02 15:04:00,204,204,204,204,5700
2022-03-02 15:05:00,204,204,204,204,31900
2022-03-02 15:06:00,204,204,204,204,4600
2022-03-02 15:07:00,204,204,204,204,3900
2022-03-02 15:08:00,204,204,204,204,1100
2022-03-02 15:09:00,204,204,204,204,12300
2022-03-02 15:10:00,204,204,204,204,5500
2022-03-02 15:11:00,204,204,204,204,3000
2022-03-02 15:12:00,204,204,204,204,4000
2022-03-02 15:13:00,204,204,204,204,5700
2022-03-02 15:14:00,204,204,204,204,1000
2022-03-02 15:15:00,204,204,204,204,0
2022-03-02 15:16:00,204,204,204,204,0
2022-03-02 15:17:00,204,204,204,204,0
2022-03-02 15:18:00,204,204,204,204,0
2022-03-02 15:19:00,204,204,204,204,0
2022-03-02 15:20:00,204,204,204,204,0
2022-03-02 15:21:00,204,204,204,204,0
2022-03-02 15:22:00,204,204,204,204,0
2022-03-02 15:23:00,204,204,204,204,0
2022-03-02 15:24:00,204,204,204,204,0
2022-03-02 15:25:00,204,204,204,204,0
2022-03-02 15:26:00,204,204,204,204,0
2022-03-02 15:27:00,204,204,204,204,0
2022-03-02 15:28:00,204,204,204,204,0
2022-03-02 15:29:00,204,204,204,204,0
2022-03-02 15:30:00,204,204,204,204,0
2022-03-02 15:31:00,204,204,204,204,0
2022-03-02 15:32:00,204,204,204,204,0
2022-03-02 15:33:00,204,204,204,204,0
2022-03-02 15:34:00,204,204,204,204,0
2022-03-02 15:35:00,204,204,204,204,0
2022-03-02 15:36:00,204,204,204,204,0
2022-03-02 15:37:00,204,204,204,204,0
2022-03-02 15:38:00,204,204,204,204,0
2022-03-02 15:39:00,204,204,204,204,0
2022-03-02 15:40:00,204,204,204,204,0
2022-03-02 15:41:00,204,204,204,204,0
2022-03-02 15:42:00,204,204,204,204,0
2022-03-02 15:43:00,204,204,204,204,0
2022-03-02 15:44:00,204,204,204,204,0
2022-03-02 15:45:00,204,204,204,204,0
2022-03-02 15:46:00,204,204,204,204,0
2022-03-02 15:47:00,204,204,204,204,0
2022-03-02 15:48:00,204,204,204,204,0
2022-03-02 15:49:00,204,204,204,204,0
2022-03-02 15:50:00,204,204,204,204,0
2022-03-02 15:51:00,204,204,204,204,0
2022-03-02 15:52:00,204,204,204,204,0
2022-03-02 15:53:00,204,204,204,204,0
2022-03-02 15:54:00,204,204,204,204,0
2022-03-02 15:55:00,204,204,204,204,0
2022-03-02 15:56:00,204,204,204,204,0
2022-03-02 15:57:00,204,204,204,204,0
2022-03-02 15:58:00,204,204,204,204,0
2022-03-02 15:59:00,204,204,204,204,0
2022-03-03 09:00:00,204,204,204,204,0
2022-03-03 09:01:00,204,204,204,204,0
2022-03-03 09:02:00,204,204,204,204,0
2022-03-03 09:03:00,204,204,204,204,0
2022-03-03 09:04:00,204,204,204,204,0
2022-03-03 09:05:00,204,204,204,204,0
2022-03-03 09:06:00,204,204,204,204,0
2022-03-03 09:07:00,204,204,204,204,0
2022-03-03 09:08:00,204,204,204,204,0
2022-03-03 09:09:00,204,204,204,204,0
2022-03-03 09:10:00,204,204,204,204,0
2022-03-03 09:11:00,204,204,204,204,0
2022-03-03 09:12:00,204,204,204,204,0
2022-03-03 09:13:00,204,204,204,204,0
2022-03-03 09:14:00,204,204,204,204,0
2022-03-03 09:15:00,204,204,204,204,0
2022-03-03 09:16:00,204,204,204,204,0
2022-03-03 09:17:00,204,204,204,204,0
2022-03-03 09:18:00,204,204,204,204,0
2022-03-03 09:19:00,204,204,204,204,0
2022-03-03 09:20:00,204,204,204,204,0
2022-03-03 09:21:00,204,204,204,204,0
2022-03-03 09:22:00,204,204,204,204,0
2022-03-03 09:23:00,204,204,204,204,0
2022-03-03 09:24:00,204,204,204,204,0
2022-03-03 09:25:00,204,204,204,204,0
2022-03-03 09:26:00,204,204,204,204,0
2022-03-03 09:27:00,204,204,204,204,0
2022-03-03 09:28:00,204,204,204,204,0
2022-03-03 09:29:00,204,204,204,204,0
2022-03-03 09:30:00,204,204,204,204,0
2022-03-03 09:31:00,204,204,204,204,0
2022-03-03 09:32:00,204,204,204,204,0
2022-03-03 09:33:00,204,204,204,204,0
2022-03-03 09:34:00,204,204,204,204,0
2022-03-03 09:35:00,204,204,204,204,0
2022-03-03 09:36:00,204,204,204,204,0
2022-03-03 09:37:00,204,204,204,204,0
2022-03-03 09:38:00,204,204,204,204,0
2022-03-03 09:39:00,204,204,204,204,0
2022-03-03 09:40:00,204,204,204,204,0
2022-03-03 09:41:00,204,204,204,204,0
2022-03-03 09:42:00,204,204,204,204,0
2022-03-03 09:43:00,204,204,204,204,0
2022-03-03 09:44:00,204,204,204,204,0
2022-03-03 09:45:00,204,204,204,204,0
2022-03-03 09:46:00,204,204,204,204,0
2022-03-03 09:47:00,204,204,204,204,0
2022-03-03 09:48:00,204,204,204,204,0
2022-03-03 09:49:00,204,204,204,204,0
2022-03-03 09:50:00,204,204,204,204,0
2022-03-03 09:51:00,204,204,204,204,0
2022-03-03 09:52:00,204,204,204,204,0
2022-03-03 09:53:00,204,204,204,204,0
2022-03-03 09:54:00,204,204,204,204,0
2022-03-03 09:55:00,204,204,204,204,0
2022-03-03 09:56:00,204,204,204,204,0
2022-03-03 09:57:00,204,204,204,204,0
2022-03-03 09:58:00,204,204,204,204,0
2022-03-03 09:59:00,204,204,204,204,0
2022-03-03 10:00:00,204,204,204,204,0
2022-03-03 10:01:00,204,204,204,204,0
2022-03-03 10:02:00,204,204,204,204,0
2022-03-03 10:03:00,204,204,204,204,0
2022-03-03 10:04:00,204,204,204,204,0
2022-03-03 10:05:00,204,204,204,204,0
2022-03-03 10:06:00,204,204,204,204,0
2022-03-03 10:07:00,204,204,204,204,0
2022-03-03 10:08:00,204,204,204,204,0
2022-03-03 10:09:00,204,204,204,204,0
2022-03-03 10:10:00,204,204,204,204,0
2022-03-03 10:11:00,204,204,204,204,0
2022-03-03 10:12:00,204,204,204,204,0
2022-03-03 10:13:00,204,204,204,204,0
2022-03-03 10:14:00,204,204,204,204,0
2022-03-03 10:15:00,204,204,204,204,0
2022-03-03 10:16:00,204,204,204,204,0
2022-03-03 10:17:00,204,204,204,204,0
2022-03-03 10:18:00,204,204,204,204,0
2022-03-03 10:19:00,204,204,204,204,0
2022-03-03 10:20:00,204,204,204,204,0
2022-03-03 10:21:00,204,204,204,204,0
2022-03-03 10:22:00,204,204,204,204,0
2022-03-03 10:23:00,204,204,204,204,0
2022-03-03 10:24:00,204,204,204,204,0
2022-03-03 10:25:00,204,204,204,204,0
2022-03-03 10:26:00,204,204,204,204,0
2022-03-03 10:27:00,204,204,204,204,0
2022-03-03 10:28:00,204,204,204,204,0
2022-03-03 10:29:00,204,204,204,204,0
2022-03-03 10:30:00,204,204,204,204,0
2022-03-03 10:31:00,204,204,204,204,0
2022-03-03 10:32:00,204,204,204,204,0
2022-03-03 10:33:00,204,204,204,204,0
2022-03-03 10:34:00,204,204,204,204,0
2022-03-03 10:35:00,204,204,204,204,0
2022-03-03 10:36:00,204,204,204,204,0
2022-03-03 10:37:00,204,204,204,204,0
2022-03-03 10:38:00,204,204,204,204,0
2022-03-03 10:39:00,204,204,204,204,0
2022-03-03 10:40:00,204,204,204,204,0
2022-03-03 10:41:00,204,204,204,204,0
2022-03-03 10:42:00,204,204,204,204,0
2022-03-03 10:43:00,204,204,204,204,0
2022-03-03 10:44:00,204,204,204,204,0
2022-03-03 10:45:00,204,204,204,204,0
2022-03-03 10:46:00,204,204,204,204,0
2022-03-03 10:47:00,204,204,204,204,0
2022-03-03 10:48:00,204,204,204,204,0
2022-03-03 10:49:00,204,204,204,204,0
2022-03-03 10:50:00,204,204,204,204,0
2022-03-03 10:51:00,204,204,204,204,0
2022-03-03 10:52:00,204,204,204,204,0
2022-03-03 10:53:00,204,204,204,204,0
2022-03-03 10:54:00,204,204,204,204,0
2022-03-03 10:55:00,204,204,204,204,0
2022-03-03 10:56:00,204,204,204,204,0
2022-03-03 10:57:00,204,204,204,204,0
2022-03-03 10:58:00,204,204,204,204,0
2022-03-03 10:59:00,204,204,204,204,0
2022-03-03 11:00:00,204,204,204,204,0
2022-03-03 11:01:00,204,204,204,204,0
2022-03-03 11:02:00,204,204,204,204,0
2022-03-03 11:03:00,204,204,204,204,0
2022-03-03 11:04:00,204,204,204,204,0
2022-03-03 11:05:00,204,204,204,204,0
2022-03-03 11:06:00,204,204,204,204,0
2022-03-03 11:07:00,204,204,204,204,0
2022-03-03 11:08:00,204,204,204,204,0
2022-03-03 11:09:00,204,204,204,204,0
2022-03-03 11:10:00,204,204,204,204,0
2022-03-03 11:11:00,204,204,204,204,0
2022-03-03 11:12:00,204,204,204,204,0
2022-03-03 11:13:00,204,204,204,204,0
2022-03-03 11:14:00,204,204,204,204,0
2022-03-03 11:15:00,204,204,204,204,0
2022-03-03 11:16:00,204,204,204,204,0
2022-03-03 11:17:00,204,204,204,204,0
2022-03-03 11:18:00,204,204,204,204,0
2022-03-03 11:19:00,204,204,204,204,0
2022-03-03 11:20:00,204,204,204,204,0
2022-03-03 11:21:00,204,204,204,204,0
2022-03-03 11:22:00,204,204,204,204,0
2022-03-03 11:23:00,204,204,204,204,0
2022-03-03 11:24:00,204,204,204,204,0
2022-03-03 11:25:00,204,204,204,204,0
2022-03-03 11:26:00,204,204,204,204,0
2022-03-03 11:27:00,204,204,204,204,0
2022-03-03 11:28:00,204,204,204,204,0
2022-03-03 11:29:00,204,204,204,204,0
2022-03-03 11:30:00,204,204,204,204,0
2022-03-03 11:31:00,204,204,204,204,0
2022-03-03 11:32:00,204,204,204,204,0
2022-03-03 11:33:00,204,204,204,204,0
2022-03-03 11:34:00,204,204,204,204,0
2022-03-03 11:35:00,204,204,204,204,0
2022-03-03 11:36:00,204,204,204,204,0
2022-03-03 11:37:00,204,204,204,204,0
2022-03-03 11:38:00,204,204,204,204,0
2022-03-03 11:39:00,204,204,204,204,0
2022-03-03 11:40:00,204,204,204,204,0
2022-03-03 11:41:00,204,204,204,204,0
2022-03-03 11:42:00,204,204,204,204,0
2022-03-03 11:43:00,204,204,204,204,0
2022-03-03 11:44:00,204,204,204,204,0
2022-03-03 11:45:00,204,204,204,204,0
2022-03-03 11:46:00,204,204,204,204,0
2022-03-03 11:47:00,204,204,204,204,0
2022-03-03 11:48:00,204,204,204,204,0
2022-03-03 11:49:00,204,204,204,204,0
2022-03-03 11:50:00,204,204,204,204,0
2022-03-03 11:51:00,204,204,204,204,0
2022-03-03 11:52:00,204,204,204,204,0
2022-03-03 11:53:00,204,204,204,204,0
2022-03-03 11:54:00,204,204,204,204,0
2022-03-03 11:55:00,204,204,204,204,0
2022-03-03 11:56:00,204,204,204,204,0
2022-03-03 11:57:00,204,204,204,204,0
2022-03-03 11:58:00,204,204,204,204,0
2022-03-03 11:59:00,204,204,204,204,0
2022-03-03 12:00:00,204,204,204,204,0
2022-03-03 12:01:00,204,204,204,204,0
2022-03-03 12:02:00,204,204,204,204,0
2022-03-03 12:03:00,204,204,204,204,0
2022-03-03 12:04:00,204,204,204,204,0
2022-03-03 12:05:00,204,204,204,204,0
2022-03-03 12:06:00,204,204,204,204,0
2022-03-03 12:07:00,204,204,204,204,0
2022-03-03 12:08:00,204,204,204,204,0
2022-03-03 12:09:00,204,204,204,204,0
2022-03-03 12:10:00,204,204,204,204,0
2022-03-03 12:11:00,204,204,204,204,0
2022-03-03 12:12:00,204,204,204,204,0
2022-03-03 12:13:00,204,204,204,204,0
2022-03-03 12:14:00,204,204,204,204,0
2022-03-03 12:15:00,204,204,204,204,0
2022-03-03 12:16:00,204,204,204,204,0
2022-03-03 12:17:00,204,204,204,204,0
2022-03-03 12:18:00,204,204,204,204,0
2022-03-03 12:19:00,204,204,204,204,0
2022-03-03 12:20:00,204,204,204,204,0
2022-03-03 12:21:00,204,204,204,204,0
2022-03-03 12:22:00,204,204,204,204,0
2022-03-03 12:23:00,204,204,204,204,0
2022-03-03 12:24:00,204,204,204,204,0
2022-03-03 12:25:00,204,204,204,204,0
2022-03-03 12:26:00,204,204,204,204,0
2022-03-03 12:27:00,204,204,204,204,0
2022-03-03 12:28:00,204,204,204,204,0
2022-03-03 12:29:00,204,204,204,204,0
2022-03-03 12:30:00,204,204,204,204,0
2022-03-03 12:31:00,204,204,204,204,0
2022-03-03 12:32:00,204,204,204,204,0
2022-03-03 12:33:00,204,204,204,204,0
2022-03-03 12:34:00,204,204,204,204,0
2022-03-03 12:35:00,204,204,204,204,0
2022-03-03 12:36:00,204,204,204,204,0
2022-03-03 12:37:00,204,204,204,204,0
2022-03-03 12:38:00,204,204,204,204,0
2022-03-03 12:39:00,204,204,204,204,0
2022-03-03 12:40:00,204,204,204,204,0
2022-03-03 12:41:00,204,204,204,204,0
2022-03-03 12:42:00,204,204,204,204,0
2022-03-03 12:43:00,204,204,204,204,0
2022-03-03 12:44:00,204,204,204,204,0
2022-03-03 12:45:00,204,204,204,204,0
2022-03-03 12:46:00,204,204,204,204,0
2022-03-03 12:47:00,204,204,204,204,0
2022-03-03 12:48:00,204,204,204,204,0
2022-03-03 12:49:00,204,204,204,204,0
2022-03-03 12:50:00,204,204,204,204,0
2022-03-03 12:51:00,204,204,204,204,0
2022-03-03 12:52:00,204,204,204,204,0
2022-03-03 12:53:00,204,204,204,204,0
2022-03-03 12:54:00,204,204,204,204,0
2022-03-03 12:55:00,204,204,204,204,0
2022-03-03 12:56:00,204,204,204,204,0
2022-03-03 12:57:00,204,204,204,204,0
2022-03-03 12:58:00,204,204,204,204,0
2022-03-03 12:59:00,204,204,204,204,0
2022-03-03 13:00:00,204,204,204,204,0
2022-03-03 13:01:00,204,204,204,204,0
2022-03-03 13:02:00,204,204,204,204,0
2022-03-03 13:03:00,204,204,204,204,0
2022-03-03 13:04:00,204,204,204,204,0
2022-03-03 13:05:00,204,204,204,204,0
2022-03-03 13:06:00,204,204,204,204,0
2022-03-03 13:07:00,204,204,204,204,0
2022-03-03 13:08:00,204,204,204,204,0
2022-03-03 13:09:00,204,204,204,204,0
2022-03-03 13:10:00,204,204,204,204,0
2022-03-03 13:11:00,204,204,204,204,0
2022-03-03 13:12:00,204,204,204,204,0
2022-03-03 13:13:00,204,204,204,204,0
2022-03-03 13:14:00,204,204,204,204,0
2022-03-03 13:15:00,204,204,204,204,0
2022-03-03 13:16:00,204,204,204,204,0
2022-03-03 13:17:00,204,204,204,204,0
2022-03-03 13:18:00,204,204,204,204,0
2022-03-03 13:19:00,204,204,204,204,0
2022-03-03 13:20:00,204,204,204,204,0
2022-03-03 13:21:00,204,204,204,204,0
2022-03-03 13:22:00,204,204,204,204,0
2022-03-03 13:23:00,204,204,204,204,0
2022-03-03 13:24:00,204,204,204,204,0
2022-03-03 13:25:00,204,204,204,204,0
2022-03-03 13:26:00,204,204,204,204,0
2022-03-03 13:27:00,204,204,204,204,0
2022-03-03 13:28:00,204,204,204,204,0
2022-03-03 13:29:00,204,204,204,204,0
2022-03-03 13:30:00,204,204,204,204,0
2022-03-03 13:31:00,204,204,204,204,0
2022-03-03 13:32:00,204,204,204,204,0
2022-03-03 13:33:00,204,204,204,204,0
2022-03-03 13:34:00,204,204,204,204,0
2022-03-03 13:35:00,204,204,204,204,0
2022-03-03 13:36:00,204,204,204,204,0
2022-03-03 13:37:00,204,204,204,204,0
2022-03-03 13:38:00,204,204,204,204,0
2022-03-03 13:39:00,204,204,204,204,0
2022-03-03 13:40:00,204,204,204,204,0
2022-03-03 13:41:00,204,204,204,204,0
2022-03-03 13:42:00,204,204,204,204,0
2022-03-03 13:43:00,204,204,204,204,0
2022-03-03 13:44:00,204,204,204,204,0
2022-03-03 13:45:00,204,204,204,204,0
2022-03-03 13:46:00,204,204,204,204,0
2022-03-03 13:47:00,204,204,204,204,0
2022-03-03 13:48:00,204,204,204,204,0
2022-03-03 13:49:00,204,204,204,204,0
2022-03-03 13:50:00,204,204,204,204,0
2022-03-03 13:51:00,204,204,204,204,0
2022-03-03 13:52:00,204,204,204,204,0
2022-03-03 13:53:00,204,204,204,204,0
2022-03-03 13:54:00,204,204,204,204,0
2022-03-03 13:55:00,204,204,204,204,0
2022-03-03 13:56:00,204,204,204,204,0
2022-03-03 13:57:00,204,204,204,204,0
2022-03-03 13:58:00,204,204,204,204,0
2022-03-03 13:59:00,204,204,204,204,0
2022-03-03 14:00:00,204,204,204,204,0
2022-03-03 14:01:00,204,204,204,204,0
2022-03-03 14:02:00,204,204,204,204,0
2022-03-03 14:03:00,204,204,204,204,0
2022-03-03 14:04:00,204,204,204,204,0
2022-03-03 14:05:00,204,204,204,204,0
2022-03-03 14:06:00,204,204,204,204,0
2022-03-03 14:07:00,204,204,204,204,0
2022-03-03 14:08:00,204,204,204,204,0
2022-03-03 14:09:00,204,204,204,204,0
2022-03-03 14:10:00,204,204,204,204,0
2022-03-03 14:11:00,204,204,204,204,0
2022-03-03 14:12:00,204,204,204,204,0
2022-03-03 14:13:00,204,204,204,204,0
2022-03-03 14:14:00,204,204,204,204,0
2022-03-03 14:15:00,204,204,204,204,0
2022-03-03 14:16:00,204,204,204,204,0
2022-03-03 14:17:00,204,204,204,204,0
2022-03-03 14:18:00,204,204,204,204,0
2022-03-03 14:19:00,204,204,204,204,0
2022-03-03 14:20:00,204,204,204,204,0
2022-03-03 14:21:00,204,204,204,204,0
2022-03-03 14:22:00,204,204,204,204,0
2022-03-03 14:23:00,204,204,204,204,0
2022-03-03 14:24:00,204,204,204,204,0
2022-03-03 14:25:00,204,204,204,204,0
2022-03-03 14:26:00,204,204,204,204,0
2022-03-03 14:27:00,204,204,204,204,0
2022-03-03 14:28:00,204,204,204,204,0
2022-03-03 14:29:00,204,204,204,204,0
2022-03-03 14:30:00,204,204,204,204,0
2022-03-03 14:31:00,204,204,204,204,0
2022-03-03 14:32:00,204,204,204,204,0
2022-03-03 14:33:00,204,204,204,204,0
2022-03-03 14:34:00,204,204,204,204,0
2022-03-03 14:35:00,204,204,204,204,0
2022-03-03 14:36:00,204,204,204,204,0
2022-03-03 14:37:00,204,204,204,204,0
2022-03-03 14:38:00,204,204,204,204,0
2022-03-03 14:39:00,204,204,204,204,0
2022-03-03 14:40:00,204,204,204,204,0
2022-03-03 14:41:00,204,204,204,204,0
2022-03-03 14:42:00,204,204,204,204,0
2022-03-03 14:43:00,204,204,204,204,0
2022-03-03 14:44:00,204,204,204,204,0
2022-03-03 14:45:00,204,204,204,204,0
2022-03-03 14:46:00,204,204,204,204,0
2022-03-03 14:47:00,204,204,204,204,0
2022-03-03 14:48:00,204,204,204,204,0
2022-03-03 14:49:00,204,204,204,204,0
2022-03-03 14:50:00,204,204,204,204,0
2022-03-03 14:51:00,204,204,204,204,0
2022-03-03 14:52:00,204,204,204,204,0
2022-03-03 14:53:00,204,204,204,204,0
2022-03-03 14:54:00,204,204,204,204,0
2022-03-03 14:55:00,204,204,204,204,0
2022-03-03 14:56:00,204,204,204,204,0
2022-03-03 14:57:00,204,204,204,204,0
2022-03-03 14:58:00,204,204,204,204,0
2022-03-03 14:59:00,204,204,204,204,0
2022-03-03 15:00:00,204,204,204,204,0
2022-03-03 15:01:00,204,204,204,204,0
2022-03-03 15:02:00,204,204,204,204,0
2022-03-03 15:03:00,204,204,204,204,0
2022-03-03 15:04:00,204,204,204,204,0
2022-03-03 15:05:00,204,204,204,204,0
2022-03-03 15:06:00,204,204,204,204,0
2022-03-03 15:07:00,204,204,204,204,0
2022-03-03 15:08:00,204,204,204,204,0
2022-03-03 15:09:00,204,204,204,204,0
2022-03-03 15:10:00,204,204,204,204,0
2022-03-03 15:11:00,204,204,204,204,0
2022-03-03 15:12:00,204,204,204,204,0
2022-03-03 15:13:00,204,204,204,204,0
2022-03-03 15:14:00,204,204,204,204,0
2022-03-03 15:15:00,204,204,204,204,0
2022-03-03 15:16:00,204,204,204,204,0
2022-03-03 15:17:00,204,204,204,204,0
2022-03-03 15:18:00,204,204,204,204,0
2022-03-03 15:19:00,204,204,204,204,0
2022-03-03 15:20:00,204,204,204,204,0
2022-03-03 15:21:00,204,204,204,204,0
2022-03-03 15:22:00,204,204,204,204,0
2022-03-03 15:23:00,204,204,204,204,0
2022-03-03 15:24:00,204,204,204,204,0
2022-03-03 15:25:00,204,204,204,204,0
2022-03-03 15:26:00,204,204,204,204,0
2022-03-03 15:27:00,204,204,204,204,0
2022-03-03 15:28:00,204,204,204,204,0
2022-03-03 15:29:00,204,204,204,204,0
2022-03-03 15:30:00,204,204,204,204,0
2022-03-03 15:31:00,204,204,204,204,0
2022-03-03 15:32:00,204,204,204,204,0
2022-03-03 15:33:00,204,204,204,204,0
2022-03-03 15:34:00,204,204,204,204,0
2022-03-03 15:35:00,204,204,204,204,0
2022-03-03 15:36:00,204,204,204,204,0
2022-03-03 15:37:00,204,204,204,204,0
2022-03-03 15:38:00,204,204,204,204,0
2022-03-03 15:39:00,204,204,204,204,0
2022-03-03 15:40:00,204,204,204,204,0
2022-03-03 15:41:00,204,204,204,204,0
2022-03-03 15:42:00,204,204,204,204,0
2022-03-03 15:43:00,204,204,204,204,0
2022-03-03 15:44:00,204,204,204,204,0
2022-03-03 15:45:00,204,204,204,204,0
2022-03-03 15:46:00,204,204,204,204,0
2022-03-03 15:47:00,204,204,204,204,0
2022-03-03 15:48:00,204,204,204,204,0
2022-03-03 15:49:00,204,204,204,204,0
2022-03-03 15:50:00,204,204,204,204,0
2022-03-03 15:51:00,204,204,204,204,0
2022-03-03 15:52:00,204,204,204,204,0
2022-03-03 15:53:00,204,204,204,204,0
2022-03-03 15:54:00,204,204,204,204,0
2022-03-03 15:55:00,204,204,204,204,0
2022-03-03 15:56:00,204,204,204,204,0
2022-03-03 15:57:00,204,204,204,204,0
2022-03-03 15:58:00,204,204,204,204,0
2022-03-03 15:59:00,204,204,204,204,0
2022-03-04 09:00:00,204,204,208,206,0
2022-03-04 09:01:00,206,200,206,202,1028700
2022-03-04 09:02:00,202,202,206,204,236000
2022-03-04 09:03:00,204,204,204,204,85500
2022-03-04 09:04:00,202,202,206,204,69200
2022-03-04 09:05:00,202,202,204,204,103100
2022-03-04 09:06:00,204,202,204,202,79000
2022-03-04 09:07:00,202,202,204,204,177000
2022-03-04 09:08:00,204,202,204,204,119400
2022-03-04 09:09:00,204,202,204,202,87300
2022-03-04 09:10:00,202,202,204,204,88500
2022-03-04 09:11:00,204,204,204,204,222000
2022-03-04 09:12:00,204,204,206,206,255600
2022-03-04 09:13:00,206,204,206,206,389900
2022-03-04 09:14:00,206,204,208,208,883000
2022-03-04 09:15:00,208,204,208,204,839000
2022-03-04 09:16:00,204,204,204,204,82200
2022-03-04 09:17:00,204,204,206,206,123800
2022-03-04 09:18:00,204,204,204,204,3500
2022-03-04 09:19:00,204,204,204,204,46600
2022-03-04 09:20:00,204,204,204,204,339600
2022-03-04 09:21:00,204,202,204,202,308600
2022-03-04 09:22:00,202,202,204,204,20500
2022-03-04 09:23:00,202,202,204,204,367700
2022-03-04 09:24:00,204,204,204,204,10700
2022-03-04 09:25:00,204,202,204,204,18000
2022-03-04 09:26:00,204,204,204,204,51600
2022-03-04 09:27:00,204,204,204,204,25000
2022-03-04 09:28:00,204,204,204,204,252100
2022-03-04 09:29:00,204,204,204,204,2324900
2022-03-04 09:30:00,204,204,204,204,344100
2022-03-04 09:31:00,204,204,206,206,568700
2022-03-04 09:32:00,206,206,206,206,492900
2022-03-04 09:33:00,206,206,208,206,234400
2022-03-04 09:34:00,206,206,206,206,121900
2022-03-04 09:35:00,206,206,208,206,912100
2022-03-04 09:36:00,206,206,208,208,314900
2022-03-04 09:37:00,208,206,208,208,1501900
2022-03-04 09:38:00,208,208,210,210,1767300
2022-03-04 09:39:00,210,208,210,210,2347600
2022-03-04 09:40:00,210,208,210,208,2058500
2022-03-04 09:41:00,208,208,208,208,382600
2022-03-04 09:42:00,208,208,208,208,38300
2022-03-04 09:43:00,208,206,208,208,226800
2022-03-04 09:44:00,208,206,208,208,165600
2022-03-04 09:45:00,208,208,208,208,239400
2022-03-04 09:46:00,206,206,208,208,76900
2022-03-04 09:47:00,206,206,206,206,92700
2022-03-04 09:48:00,206,206,208,206,246500
2022-03-04 09:49:00,206,206,208,206,17300
2022-03-04 09:50:00,206,206,206,206,18200
2022-03-04 09:51:00,206,206,208,206,71300
2022-03-04 09:52:00,206,206,208,206,163000
2022-03-04 09:53:00,206,206,206,206,8000
2022-03-04 09:54:00,208,208,208,208,400
2022-03-04 09:55:00,208,206,208,206,405800
2022-03-04 09:56:00,206,206,206,206,25500
2022-03-04 09:57:00,208,206,208,206,255100
2022-03-04 09:58:00,206,206,208,208,157000
2022-03-04 09:59:00,208,206,208,206,62000
2022-03-04 10:00:00,206,204,206,206,314400
2022-03-04 10:01:00,206,204,208,208,1103900
2022-03-04 10:02:00,208,208,210,210,351300
2022-03-04 10:03:00,210,208,210,210,1552300
2022-03-04 10:04:00,210,208,210,208,1019600
2022-03-04 10:05:00,210,208,210,210,80300
2022-03-04 10:06:00,210,208,210,208,92400
2022-03-04 10:07:00,208,208,208,208,267200
2022-03-04 10:08:00,208,208,208,208,515300
2022-03-04 10:09:00,208,208,210,210,634900
2022-03-04 10:10:00,210,208,210,210,1050700
2022-03-04 10:11:00,210,210,216,212,5818500
2022-03-04 10:12:00,214,212,214,212,2523400
2022-03-04 10:13:00,214,212,216,214,2757400
2022-03-04 10:14:00,214,212,214,212,3427400
2022-03-04 10:15:00,212,212,214,212,610700
2022-03-04 10:16:00,212,212,214,214,1866000
2022-03-04 10:17:00,214,212,214,212,323100
2022-03-04 10:18:00,212,212,214,214,788800
2022-03-04 10:19:00,212,212,214,214,623400
2022-03-04 10:20:00,212,212,214,212,1100500
2022-03-04 10:21:00,212,212,214,212,2001300
2022-03-04 10:22:00,212,210,212,212,407600
2022-03-04 10:23:00,212,212,212,212,185600
2022-03-04 10:24:00,210,210,212,210,155400
2022-03-04 10:25:00,210,210,212,210,901100
2022-03-04 10:26:00,210,210,212,212,340100
2022-03-04 10:27:00,210,210,212,210,364500
2022-03-04 10:28:00,210,210,210,210,61500
2022-03-04 10:29:00,210,210,212,210,37800
2022-03-04 10:30:00,210,210,210,210,171900
2022-03-04 10:31:00,210,210,212,210,1228200
2022-03-04 10:32:00,208,208,210,210,569400
2022-03-04 10:33:00,210,208,212,208,679900
2022-03-04 10:34:00,210,210,210,210,292700
2022-03-04 10:35:00,208,208,210,210,295100
2022-03-04 10:36:00,210,210,212,212,268400
2022-03-04 10:37:00,212,210,212,210,37100
2022-03-04 10:38:00,210,210,210,210,86700
2022-03-04 10:39:00,210,208,210,208,373400
2022-03-04 10:40:00,210,210,210,210,5000
2022-03-04 10:41:00,208,208,210,208,2931800
2022-03-04 10:42:00,208,208,208,208,307500
2022-03-04 10:43:00,208,206,208,208,56400
2022-03-04 10:44:00,206,204,208,206,3775900
2022-03-04 10:45:00,204,204,206,206,102100
2022-03-04 10:46:00,206,206,208,208,854900
2022-03-04 10:47:00,206,206,208,208,265700
2022-03-04 10:48:00,208,206,208,206,371000
2022-03-04 10:49:00,206,206,206,206,50600
2022-03-04 10:50:00,208,206,208,206,104800
2022-03-04 10:51:00,206,206,208,206,169100
2022-03-04 10:52:00,208,206,208,206,116200
2022-03-04 10:53:00,208,206,208,206,2600
2022-03-04 10:54:00,206,206,206,206,516500
2022-03-04 10:55:00,206,206,208,206,107800
2022-03-04 10:56:00,206,206,206,206,265100
2022-03-04 10:57:00,206,206,206,206,32000
2022-03-04 10:58:00,206,206,206,206,46800
2022-03-04 10:59:00,206,206,206,206,282700
2022-03-04 11:00:00,206,206,206,206,13900
2022-03-04 11:01:00,206,206,208,206,1069800
2022-03-04 11:02:00,208,208,208,208,3000
2022-03-04 11:03:00,208,208,208,208,500
2022-03-04 11:04:00,206,206,208,208,16200
2022-03-04 11:05:00,206,206,208,208,10400
2022-03-04 11:06:00,206,206,206,206,878200
2022-03-04 11:07:00,206,206,206,206,120300
2022-03-04 11:08:00,206,206,206,206,3500
2022-03-04 11:09:00,204,204,206,206,69600
2022-03-04 11:10:00,206,206,206,206,99200
2022-03-04 11:11:00,206,206,206,206,0
2022-03-04 11:12:00,206,206,208,208,20500
2022-03-04 11:13:00,208,208,208,208,112800
2022-03-04 11:14:00,208,206,208,206,20400
2022-03-04 11:15:00,206,206,206,206,40000
2022-03-04 11:16:00,206,206,206,206,5300
2022-03-04 11:17:00,206,206,206,206,0
2022-03-04 11:18:00,206,206,206,206,3000
2022-03-04 11:19:00,206,206,206,206,59200
2022-03-04 11:20:00,206,206,206,206,42600
2022-03-04 11:21:00,206,206,206,206,0
2022-03-04 11:22:00,206,206,206,206,40000
2022-03-04 11:23:00,208,206,208,206,1100
2022-03-04 11:24:00,206,206,208,206,28600
2022-03-04 11:25:00,206,206,208,208,815600
2022-03-04 11:26:00,208,208,210,208,56800
2022-03-04 11:27:00,208,208,210,210,40000
2022-03-04 11:28:00,208,208,208,208,310100
2022-03-04 11:29:00,208,208,208,208,32800
2022-03-04 11:30:00,208,208,208,208,0
2022-03-04 11:31:00,208,208,208,208,0
2022-03-04 11:32:00,208,208,208,208,0
2022-03-04 11:33:00,208,208,208,208,0
2022-03-04 11:34:00,208,208,208,208,0
2022-03-04 11:35:00,208,208,208,208,0
2022-03-04 11:36:00,208,208,208,208,0
2022-03-04 11:37:00,208,208,208,208,0
2022-03-04 11:38:00,208,208,208,208,0
2022-03-04 11:39:00,208,208,208,208,0
2022-03-04 11:40:00,208,208,208,208,0
2022-03-04 11:41:00,208,208,208,208,0
2022-03-04 11:42:00,208,208,208,208,0
2022-03-04 11:43:00,208,208,208,208,0
2022-03-04 11:44:00,208,208,208,208,0
2022-03-04 11:45:00,208,208,208,208,0
2022-03-04 11:46:00,208,208,208,208,0
2022-03-04 11:47:00,208,208,208,208,0
2022-03-04 11:48:00,208,208,208,208,0
2022-03-04 11:49:00,208,208,208,208,0
2022-03-04 11:50:00,208,208,208,208,0
2022-03-04 11:51:00,208,208,208,208,0
2022-03-04 11:52:00,208,208,208,208,0
2022-03-04 11:53:00,208,208,208,208,0
2022-03-04 11:54:00,208,208,208,208,0
2022-03-04 11:55:00,208,208,208,208,0
2022-03-04 11:56:00,208,208,208,208,0
2022-03-04 11:57:00,208,208,208,208,0
2022-03-04 11:58:00,208,208,208,208,0
2022-03-04 11:59:00,208,208,208,208,0
2022-03-04 12:00:00,208,208,208,208,0
2022-03-04 12:01:00,208,208,208,208,0
2022-03-04 12:02:00,208,208,208,208,0
2022-03-04 12:03:00,208,208,208,208,0
2022-03-04 12:04:00,208,208,208,208,0
2022-03-04 12:05:00,208,208,208,208,0
2022-03-04 12:06:00,208,208,208,208,0
2022-03-04 12:07:00,208,208,208,208,0
2022-03-04 12:08:00,208,208,208,208,0
2022-03-04 12:09:00,208,208,208,208,0
2022-03-04 12:10:00,208,208,208,208,0
2022-03-04 12:11:00,208,208,208,208,0
2022-03-04 12:12:00,208,208,208,208,0
2022-03-04 12:13:00,208,208,208,208,0
2022-03-04 12:14:00,208,208,208,208,0
2022-03-04 12:15:00,208,208,208,208,0
2022-03-04 12:16:00,208,208,208,208,0
2022-03-04 12:17:00,208,208,208,208,0
2022-03-04 12:18:00,208,208,208,208,0
2022-03-04 12:19:00,208,208,208,208,0
2022-03-04 12:20:00,208,208,208,208,0
2022-03-04 12:21:00,208,208,208,208,0
2022-03-04 12:22:00,208,208,208,208,0
2022-03-04 12:23:00,208,208,208,208,0
2022-03-04 12:24:00,208,208,208,208,0
2022-03-04 12:25:00,208,208,208,208,0
2022-03-04 12:26:00,208,208,208,208,0
2022-03-04 12:27:00,208,208,208,208,0
2022-03-04 12:28:00,208,208,208,208,0
2022-03-04 12:29:00,208,208,208,208,0
2022-03-04 12:30:00,208,208,208,208,0
2022-03-04 12:31:00,208,208,208,208,0
2022-03-04 12:32:00,208,208,208,208,0
2022-03-04 12:33:00,208,208,208,208,0
2022-03-04 12:34:00,208,208,208,208,0
2022-03-04 12:35:00,208,208,208,208,0
2022-03-04 12:36:00,208,208,208,208,0
2022-03-04 12:37:00,208,208,208,208,0
2022-03-04 12:38:00,208,208,208,208,0
2022-03-04 12:39:00,208,208,208,208,0
2022-03-04 12:40:00,208,208,208,208,0
2022-03-04 12:41:00,208,208,208,208,0
2022-03-04 12:42:00,208,208,208,208,0
2022-03-04 12:43:00,208,208,208,208,0
2022-03-04 12:44:00,208,208,208,208,0
2022-03-04 12:45:00,208,208,208,208,0
2022-03-04 12:46:00,208,208,208,208,0
2022-03-04 12:47:00,208,208,208,208,0
2022-03-04 12:48:00,208,208,208,208,0
2022-03-04 12:49:00,208,208,208,208,0
2022-03-04 12:50:00,208,208,208,208,0
2022-03-04 12:51:00,208,208,208,208,0
2022-03-04 12:52:00,208,208,208,208,0
2022-03-04 12:53:00,208,208,208,208,0
2022-03-04 12:54:00,208,208,208,208,0
2022-03-04 12:55:00,208,208,208,208,0
2022-03-04 12:56:00,208,208,208,208,0
2022-03-04 12:57:00,208,208,208,208,0
2022-03-04 12:58:00,208,208,208,208,0
2022-03-04 12:59:00,208,208,208,208,0
2022-03-04 13:00:00,208,208,208,208,0
2022-03-04 13:01:00,208,208,208,208,0
2022-03-04 13:02:00,208,208,208,208,0
2022-03-04 13:03:00,208,208,208,208,0
2022-03-04 13:04:00,208,208,208,208,0
2022-03-04 13:05:00,208,208,208,208,0
2022-03-04 13:06:00,208,208,208,208,0
2022-03-04 13:07:00,208,208,208,208,0
2022-03-04 13:08:00,208,208,208,208,0
2022-03-04 13:09:00,208,208,208,208,0
2022-03-04 13:10:00,208,208,208,208,0
2022-03-04 13:11:00,208,208,208,208,0
2022-03-04 13:12:00,208,208,208,208,0
2022-03-04 13:13:00,208,208,208,208,0
2022-03-04 13:14:00,208,208,208,208,0
2022-03-04 13:15:00,208,208,208,208,0
2022-03-04 13:16:00,208,208,208,208,0
2022-03-04 13:17:00,208,208,208,208,0
2022-03-04 13:18:00,208,208,208,208,0
2022-03-04 13:19:00,208,208,208,208,0
2022-03-04 13:20:00,208,208,208,208,0
2022-03-04 13:21:00,208,208,208,208,0
2022-03-04 13:22:00,208,208,208,208,0
2022-03-04 13:23:00,208,208,208,208,0
2022-03-04 13:24:00,208,208,208,208,0
2022-03-04 13:25:00,208,208,208,208,0
2022-03-04 13:26:00,208,208,208,208,0
2022-03-04 13:27:00,208,208,208,208,0
2022-03-04 13:28:00,208,208,208,208,0
2022-03-04 13:29:00,208,208,208,208,0
2022-03-04 13:30:00,208,208,210,210,94800
2022-03-04 13:31:00,210,210,210,210,2300
2022-03-04 13:32:00,210,210,210,210,100
2022-03-04 13:33:00,210,208,210,210,29200
2022-03-04 13:34:00,208,208,210,210,16300
2022-03-04 13:35:00,208,208,208,208,15300
2022-03-04 13:36:00,208,208,208,208,7000
2022-03-04 13:37:00,208,208,210,208,18700
2022-03-04 13:38:00,210,210,210,210,12500
2022-03-04 13:39:00,210,208,210,208,12300
2022-03-04 13:40:00,208,208,210,210,7000
2022-03-04 13:41:00,208,208,210,210,27400
2022-03-04 13:42:00,210,208,210,210,2100
2022-03-04 13:43:00,210,210,210,210,43500
2022-03-04 13:44:00,210,210,210,210,0
2022-03-04 13:45:00,210,208,210,208,141900
2022-03-04 13:46:00,208,208,208,208,2400
2022-03-04 13:47:00,208,208,208,208,103500
2022-03-04 13:48:00,208,208,208,208,33500
2022-03-04 13:49:00,208,208,208,208,683900
2022-03-04 13:50:00,208,206,208,206,106500
2022-03-04 13:51:00,206,206,208,208,111800
2022-03-04 13:52:00,208,206,208,208,85500
2022-03-04 13:53:00,208,206,208,208,41600
2022-03-04 13:54:00,208,208,208,208,30100
2022-03-04 13:55:00,208,208,208,208,155000
2022-03-04 13:56:00,208,208,208,208,184900
2022-03-04 13:57:00,208,206,208,206,97400
2022-03-04 13:58:00,206,206,206,206,30300
2022-03-04 13:59:00,206,206,206,206,4000
2022-03-04 14:00:00,206,206,208,208,550100
2022-03-04 14:01:00,208,208,208,208,18000
2022-03-04 14:02:00,208,208,208,208,100
2022-03-04 14:03:00,208,208,210,210,382900
2022-03-04 14:04:00,210,208,210,208,238500
2022-03-04 14:05:00,208,208,208,208,32500
2022-03-04 14:06:00,208,208,208,208,30700
2022-03-04 14:07:00,208,208,208,208,35400
2022-03-04 14:08:00,208,208,208,208,88300
2022-03-04 14:09:00,208,208,208,208,53700
2022-03-04 14:10:00,208,208,208,208,100
2022-03-04 14:11:00,208,208,208,208,40000
2022-03-04 14:12:00,208,208,208,208,10000
2022-03-04 14:13:00,210,208,210,208,37100
2022-03-04 14:14:00,208,208,208,208,20000
2022-03-04 14:15:00,208,208,210,210,33100
2022-03-04 14:16:00,210,208,212,212,1239600
2022-03-04 14:17:00,212,210,212,210,218100
2022-03-04 14:18:00,210,210,210,210,54000
2022-03-04 14:19:00,210,210,210,210,743800
2022-03-04 14:20:00,210,210,210,210,63700
2022-03-04 14:21:00,210,210,210,210,33600
2022-03-04 14:22:00,210,208,210,208,75000
2022-03-04 14:23:00,208,208,210,210,653200
2022-03-04 14:24:00,210,210,210,210,164100
2022-03-04 14:25:00,208,208,210,210,79000
2022-03-04 14:26:00,210,210,210,210,10800
2022-03-04 14:27:00,210,210,210,210,129400
2022-03-04 14:28:00,208,208,210,210,25000
2022-03-04 14:29:00,210,208,210,208,1225500
2022-03-04 14:30:00,208,206,208,208,130000
2022-03-04 14:31:00,208,206,208,208,98600
2022-03-04 14:32:00,206,206,206,206,5000
2022-03-04 14:33:00,206,206,206,206,548000
2022-03-04 14:34:00,206,206,208,206,96300
2022-03-04 14:35:00,208,206,208,208,129500
2022-03-04 14:36:00,206,206,208,206,535000
2022-03-04 14:37:00,208,206,208,208,256900
2022-03-04 14:38:00,208,208,208,208,4000
2022-03-04 14:39:00,208,208,208,208,175200
2022-03-04 14:40:00,206,206,206,206,15600
2022-03-04 14:41:00,208,206,208,208,6300
2022-03-04 14:42:00,208,208,208,208,150600
2022-03-04 14:43:00,208,206,208,206,40500
2022-03-04 14:44:00,206,206,208,208,94100
2022-03-04 14:45:00,208,208,208,208,281900
2022-03-04 14:46:00,208,206,208,206,620900
2022-03-04 14:47:00,208,206,208,208,114000
2022-03-04 14:48:00,208,206,208,208,386400
2022-03-04 14:49:00,208,206,208,208,431700
2022-03-04 14:50:00,206,206,206,206,5800
2022-03-04 14:51:00,206,206,206,206,0
2022-03-04 14:52:00,206,206,206,206,0
2022-03-04 14:53:00,206,206,206,206,0
2022-03-04 14:54:00,206,206,206,206,0
2022-03-04 14:55:00,206,206,206,206,0
2022-03-04 14:56:00,206,206,206,206,0
2022-03-04 14:57:00,206,206,206,206,0
2022-03-04 14:58:00,206,206,206,206,0
2022-03-04 14:59:00,206,206,206,206,0
2022-03-04 15:00:00,210,210,210,210,2534200
2022-03-04 15:01:00,210,210,210,210,160000
2022-03-04 15:02:00,210,210,210,210,71300
2022-03-04 15:03:00,210,210,210,210,288500
2022-03-04 15:04:00,210,210,210,210,12000
2022-03-04 15:05:00,210,210,210,210,87000
2022-03-04 15:06:00,210,210,210,210,268500
2022-03-04 15:07:00,210,210,210,210,10000
2022-03-04 15:08:00,210,210,210,210,128900
2022-03-04 15:09:00,210,210,210,210,50600
2022-03-04 15:10:00,210,210,210,210,49200
2022-03-04 15:11:00,210,210,210,210,5400
2022-03-04 15:12:00,210,210,210,210,67600
2022-03-04 15:13:00,210,210,210,210,35500
2022-03-04 15:14:00,210,210,210,210,261300
2022-03-04 15:15:00,210,210,210,210,0
2022-03-04 15:16:00,210,210,210,210,0
2022-03-04 15:17:00,210,210,210,210,0
2022-03-04 15:18:00,210,210,210,210,0
2022-03-04 15:19:00,210,210,210,210,0
2022-03-04 15:20:00,210,210,210,210,0
2022-03-04 15:21:00,210,210,210,210,0
2022-03-04 15:22:00,210,210,210,210,0
2022-03-04 15:23:00,210,210,210,210,0
2022-03-04 15:24:00,210,210,210,210,0
2022-03-04 15:25:00,210,210,210,210,0
2022-03-04 15:26:00,210,210,210,210,0
2022-03-04 15:27:00,210,210,210,210,0
2022-03-04 15:28:00,210,210,210,210,0
2022-03-04 15:29:00,210,210,210,210,0
2022-03-04 15:30:00,210,210,210,210,0
2022-03-04 15:31:00,210,210,210,210,0
2022-03-04 15:32:00,210,210,210,210,0
2022-03-04 15:33:00,210,210,210,210,0
2022-03-04 15:34:00,210,210,210,210,0
2022-03-04 15:35:00,210,210,210,210,0
2022-03-04 15:36:00,210,210,210,210,0
2022-03-04 15:37:00,210,210,210,210,0
2022-03-04 15:38:00,210,210,210,210,0
2022-03-04 15:39:00,210,210,210,210,0
2022-03-04 15:40:00,210,210,210,210,0
2022-03-04 15:41:00,210,210,210,210,0
2022-03-04 15:42:00,210,210,210,210,0
2022-03-04 15:43:00,210,210,210,210,0
2022-03-04 15:44:00,210,210,210,210,0
2022-03-04 15:45:00,210,210,210,210,0
2022-03-04 15:46:00,210,210,210,210,0
2022-03-04 15:47:00,210,210,210,210,0
2022-03-04 15:48:00,210,210,210,210,0
2022-03-04 15:49:00,210,210,210,210,0
2022-03-04 15:50:00,210,210,210,210,0
2022-03-04 15:51:00,210,210,210,210,0
2022-03-04 15:52:00,210,210,210,210,0
2022-03-04 15:53:00,210,210,210,210,0
2022-03-04 15:54:00,210,210,210,210,0
2022-03-04 15:55:00,210,210,210,210,0
2022-03-04 15:56:00,210,210,210,210,0
2022-03-04 15:57:00,210,210,210,210,0
2022-03-04 15:58:00,210,210,210,210,0
2022-03-04 15:59:00,210,210,210,210,0
2022-03-07 09:00:00,224,212,224,218,0
2022-03-07 09:01:00,216,216,218,218,1709700
2022-03-07 09:02:00,216,214,218,214,1330900
2022-03-07 09:03:00,214,212,216,216,1788900
2022-03-07 09:04:00,214,212,216,214,1210000
2022-03-07 09:05:00,214,212,214,214,1073900
2022-03-07 09:06:00,214,212,214,214,1025200
2022-03-07 09:07:00,216,214,216,214,691900
2022-03-07 09:08:00,214,212,214,212,435900
2022-03-07 09:09:00,212,212,214,214,684300
2022-03-07 09:10:00,214,212,214,212,125200
2022-03-07 09:11:00,212,212,214,212,221600
2022-03-07 09:12:00,212,212,214,212,41400
2022-03-07 09:13:00,212,212,212,212,395000
2022-03-07 09:14:00,212,212,214,214,628700
2022-03-07 09:15:00,212,212,212,212,470200
2022-03-07 09:16:00,212,212,214,212,767700
2022-03-07 09:17:00,212,212,214,212,111400
2022-03-07 09:18:00,212,212,212,212,300000
2022-03-07 09:19:00,212,210,212,210,1760000
2022-03-07 09:20:00,212,212,214,212,621000
2022-03-07 09:21:00,214,212,214,214,2483700
2022-03-07 09:22:00,214,214,216,214,307600
2022-03-07 09:23:00,216,214,216,216,124800
2022-03-07 09:24:00,216,214,216,216,308200
2022-03-07 09:25:00,216,214,218,216,2834300
2022-03-07 09:26:00,216,216,216,216,190200
2022-03-07 09:27:00,216,216,218,218,527200
2022-03-07 09:28:00,216,216,218,218,170500
2022-03-07 09:29:00,216,214,216,214,1127900
2022-03-07 09:30:00,216,214,216,216,270200
2022-03-07 09:31:00,216,216,216,216,819400
2022-03-07 09:32:00,216,216,216,216,413700
2022-03-07 09:33:00,216,214,216,214,41000
2022-03-07 09:34:00,214,214,216,216,150200
2022-03-07 09:35:00,216,216,216,216,76900
2022-03-07 09:36:00,216,214,216,214,997700
2022-03-07 09:37:00,214,212,214,212,918700
2022-03-07 09:38:00,212,212,214,212,352700
2022-03-07 09:39:00,212,212,214,214,25600
2022-03-07 09:40:00,214,212,214,212,120000
2022-03-07 09:41:00,214,212,214,214,139700
2022-03-07 09:42:00,212,212,212,212,10100
2022-03-07 09:43:00,212,212,214,212,285700
2022-03-07 09:44:00,214,212,214,212,673200
2022-03-07 09:45:00,214,210,214,210,482900
2022-03-07 09:46:00,210,208,212,210,2162900
2022-03-07 09:47:00,210,210,212,210,229000
2022-03-07 09:48:00,210,210,210,210,13300
2022-03-07 09:49:00,210,210,210,210,267900
2022-03-07 09:50:00,210,208,210,210,685700
2022-03-07 09:51:00,210,208,210,210,196000
2022-03-07 09:52:00,210,208,210,210,150400
2022-03-07 09:53:00,210,208,210,208,1357100
2022-03-07 09:54:00,208,206,210,208,539700
2022-03-07 09:55:00,208,208,210,210,63000
2022-03-07 09:56:00,210,210,210,210,156100
2022-03-07 09:57:00,210,210,212,210,286300
2022-03-07 09:58:00,212,212,212,212,102000
2022-03-07 09:59:00,210,210,212,212,103000
2022-03-07 10:00:00,210,210,212,212,230900
2022-03-07 10:01:00,212,210,212,212,108700
2022-03-07 10:02:00,212,212,212,212,215000
2022-03-07 10:03:00,212,212,214,212,74000
2022-03-07 10:04:00,212,212,214,212,314000
2022-03-07 10:05:00,212,210,212,212,13700
2022-03-07 10:06:00,212,210,212,212,26300
2022-03-07 10:07:00,212,212,212,212,10000
2022-03-07 10:08:00,212,212,212,212,6100
2022-03-07 10:09:00,212,212,212,212,0
2022-03-07 10:10:00,212,212,212,212,585400
2022-03-07 10:11:00,212,212,212,212,65000
2022-03-07 10:12:00,212,212,212,212,11100
2022-03-07 10:13:00,210,210,212,212,280100
2022-03-07 10:14:00,212,210,212,210,17300
2022-03-07 10:15:00,210,210,210,210,180000
2022-03-07 10:16:00,212,210,212,212,1000
2022-03-07 10:17:00,212,210,212,212,0
2022-03-07 10:18:00,212,212,212,212,1400
2022-03-07 10:19:00,212,210,212,212,56700
2022-03-07 10:20:00,212,212,212,212,42300
2022-03-07 10:21:00,210,210,210,210,1400
2022-03-07 10:22:00,210,210,210,210,248000
2022-03-07 10:23:00,210,210,210,210,447400
2022-03-07 10:24:00,208,208,208,208,1180500
2022-03-07 10:25:00,208,208,208,208,49900
2022-03-07 10:26:00,208,206,208,206,1029900
2022-03-07 10:27:00,206,206,208,208,138700
2022-03-07 10:28:00,208,208,210,210,139000
2022-03-07 10:29:00,210,210,210,210,41700
2022-03-07 10:30:00,210,208,210,210,82600
2022-03-07 10:31:00,210,210,210,210,10000
2022-03-07 10:32:00,208,208,208,208,200000
2022-03-07 10:33:00,208,208,210,210,86000
2022-03-07 10:34:00,210,208,210,208,396900
2022-03-07 10:35:00,208,208,208,208,28700
2022-03-07 10:36:00,208,208,210,208,150400
2022-03-07 10:37:00,208,208,208,208,3000
2022-03-07 10:38:00,210,210,210,210,118100
2022-03-07 10:39:00,210,210,210,210,33200
2022-03-07 10:40:00,210,210,210,210,53500
2022-03-07 10:41:00,210,210,210,210,44700
2022-03-07 10:42:00,210,210,210,210,0
2022-03-07 10:43:00,212,212,212,212,12500
2022-03-07 10:44:00,212,212,212,212,0
2022-03-07 10:45:00,212,212,212,212,0
2022-03-07 10:46:00,212,212,212,212,38000
2022-03-07 10:47:00,212,212,212,212,13100
2022-03-07 10:48:00,212,212,212,212,2000
2022-03-07 10:49:00,212,212,212,212,0
2022-03-07 10:50:00,212,212,212,212,41000
2022-03-07 10:51:00,210,210,210,210,110100
2022-03-07 10:52:00,212,210,212,210,300
2022-03-07 10:53:00,210,210,210,210,24300
2022-03-07 10:54:00,210,210,210,210,29500
2022-03-07 10:55:00,210,210,210,210,1900
2022-03-07 10:56:00,212,210,212,212,36600
2022-03-07 10:57:00,212,210,212,212,0
2022-03-07 10:58:00,210,210,210,210,24500
2022-03-07 10:59:00,210,210,210,210,483900
2022-03-07 11:00:00,208,208,210,210,4900
2022-03-07 11:01:00,210,208,210,208,4900
2022-03-07 11:02:00,210,210,210,210,40800
2022-03-07 11:03:00,210,210,210,210,53200
2022-03-07 11:04:00,210,210,210,210,0
2022-03-07 11:05:00,210,210,212,212,37400
2022-03-07 11:06:00,212,212,212,212,60200
2022-03-07 11:07:00,212,210,212,210,600
2022-03-07 11:08:00,210,210,210,210,37400
2022-03-07 11:09:00,210,210,210,210,90300
2022-03-07 11:10:00,210,210,210,210,1000
2022-03-07 11:11:00,210,210,210,210,100
2022-03-07 11:12:00,210,210,210,210,305000
2022-03-07 11:13:00,210,210,212,212,90000
2022-03-07 11:14:00,212,212,212,212,5000
2022-03-07 11:15:00,210,210,210,210,420000
2022-03-07 11:16:00,210,210,210,210,0
2022-03-07 11:17:00,210,210,210,210,30000
2022-03-07 11:18:00,210,210,210,210,16400
2022-03-07 11:19:00,210,210,210,210,20400
2022-03-07 11:20:00,210,210,210,210,75000
2022-03-07 11:21:00,210,210,210,210,90500
2022-03-07 11:22:00,210,210,210,210,24900
2022-03-07 11:23:00,210,210,210,210,191200
2022-03-07 11:24:00,210,208,210,208,77300
2022-03-07 11:25:00,210,210,210,210,10000
2022-03-07 11:26:00,210,210,210,210,208800
2022-03-07 11:27:00,210,210,210,210,7400
2022-03-07 11:28:00,210,210,210,210,35100
2022-03-07 11:29:00,210,210,210,210,4500
2022-03-07 11:30:00,210,210,210,210,0
2022-03-07 11:31:00,210,210,210,210,0
2022-03-07 11:32:00,210,210,210,210,0
2022-03-07 11:33:00,210,210,210,210,0
2022-03-07 11:34:00,210,210,210,210,0
2022-03-07 11:35:00,210,210,210,210,0
2022-03-07 11:36:00,210,210,210,210,0
2022-03-07 11:37:00,210,210,210,210,0
2022-03-07 11:38:00,210,210,210,210,0
2022-03-07 11:39:00,210,210,210,210,0
2022-03-07 11:40:00,210,210,210,210,0
2022-03-07 11:41:00,210,210,210,210,0
2022-03-07 11:42:00,210,210,210,210,0
2022-03-07 11:43:00,210,210,210,210,0
2022-03-07 11:44:00,210,210,210,210,0
2022-03-07 11:45:00,210,210,210,210,0
2022-03-07 11:46:00,210,210,210,210,0
2022-03-07 11:47:00,210,210,210,210,0
2022-03-07 11:48:00,210,210,210,210,0
2022-03-07 11:49:00,210,210,210,210,0
2022-03-07 11:50:00,210,210,210,210,0
2022-03-07 11:51:00,210,210,210,210,0
2022-03-07 11:52:00,210,210,210,210,0
2022-03-07 11:53:00,210,210,210,210,0
2022-03-07 11:54:00,210,210,210,210,0
2022-03-07 11:55:00,210,210,210,210,0
2022-03-07 11:56:00,210,210,210,210,0
2022-03-07 11:57:00,210,210,210,210,0
2022-03-07 11:58:00,210,210,210,210,0
2022-03-07 11:59:00,210,210,210,210,0
2022-03-07 12:00:00,210,210,210,210,0
2022-03-07 12:01:00,210,210,210,210,0
2022-03-07 12:02:00,210,210,210,210,0
2022-03-07 12:03:00,210,210,210,210,0
2022-03-07 12:04:00,210,210,210,210,0
2022-03-07 12:05:00,210,210,210,210,0
2022-03-07 12:06:00,210,210,210,210,0
2022-03-07 12:07:00,210,210,210,210,0
2022-03-07 12:08:00,210,210,210,210,0
2022-03-07 12:09:00,210,210,210,210,0
2022-03-07 12:10:00,210,210,210,210,0
2022-03-07 12:11:00,210,210,210,210,0
2022-03-07 12:12:00,210,210,210,210,0
2022-03-07 12:13:00,210,210,210,210,0
2022-03-07 12:14:00,210,210,210,210,0
2022-03-07 12:15:00,210,210,210,210,0
2022-03-07 12:16:00,210,210,210,210,0
2022-03-07 12:17:00,210,210,210,210,0
2022-03-07 12:18:00,210,210,210,210,0
2022-03-07 12:19:00,210,210,210,210,0
2022-03-07 12:20:00,210,210,210,210,0
2022-03-07 12:21:00,210,210,210,210,0
2022-03-07 12:22:00,210,210,210,210,0
2022-03-07 12:23:00,210,210,210,210,0
2022-03-07 12:24:00,210,210,210,210,0
2022-03-07 12:25:00,210,210,210,210,0
2022-03-07 12:26:00,210,210,210,210,0
2022-03-07 12:27:00,210,210,210,210,0
2022-03-07 12:28:00,210,210,210,210,0
2022-03-07 12:29:00,210,210,210,210,0
2022-03-07 12:30:00,210,210,210,210,0
2022-03-07 12:31:00,210,210,210,210,0
2022-03-07 12:32:00,210,210,210,210,0
2022-03-07 12:33:00,210,210,210,210,0
2022-03-07 12:34:00,210,210,210,210,0
2022-03-07 12:35:00,210,210,210,210,0
2022-03-07 12:36:00,210,210,210,210,0
2022-03-07 12:37:00,210,210,210,210,0
2022-03-07 12:38:00,210,210,210,210,0
2022-03-07 12:39:00,210,210,210,210,0
2022-03-07 12:40:00,210,210,210,210,0
2022-03-07 12:41:00,210,210,210,210,0
2022-03-07 12:42:00,210,210,210,210,0
2022-03-07 12:43:00,210,210,210,210,0
2022-03-07 12:44:00,210,210,210,210,0
2022-03-07 12:45:00,210,210,210,210,0
2022-03-07 12:46:00,210,210,210,210,0
2022-03-07 12:47:00,210,210,210,210,0
2022-03-07 12:48:00,210,210,210,210,0
2022-03-07 12:49:00,210,210,210,210,0
2022-03-07 12:50:00,210,210,210,210,0
2022-03-07 12:51:00,210,210,210,210,0
2022-03-07 12:52:00,210,210,210,210,0
2022-03-07 12:53:00,210,210,210,210,0
2022-03-07 12:54:00,210,210,210,210,0
2022-03-07 12:55:00,210,210,210,210,0
2022-03-07 12:56:00,210,210,210,210,0
2022-03-07 12:57:00,210,210,210,210,0
2022-03-07 12:58:00,210,210,210,210,0
2022-03-07 12:59:00,210,210,210,210,0
2022-03-07 13:00:00,210,210,210,210,0
2022-03-07 13:01:00,210,210,210,210,0
2022-03-07 13:02:00,210,210,210,210,0
2022-03-07 13:03:00,210,210,210,210,0
2022-03-07 13:04:00,210,210,210,210,0
2022-03-07 13:05:00,210,210,210,210,0
2022-03-07 13:06:00,210,210,210,210,0
2022-03-07 13:07:00,210,210,210,210,0
2022-03-07 13:08:00,210,210,210,210,0
2022-03-07 13:09:00,210,210,210,210,0
2022-03-07 13:10:00,210,210,210,210,0
2022-03-07 13:11:00,210,210,210,210,0
2022-03-07 13:12:00,210,210,210,210,0
2022-03-07 13:13:00,210,210,210,210,0
2022-03-07 13:14:00,210,210,210,210,0
2022-03-07 13:15:00,210,210,210,210,0
2022-03-07 13:16:00,210,210,210,210,0
2022-03-07 13:17:00,210,210,210,210,0
2022-03-07 13:18:00,210,210,210,210,0
2022-03-07 13:19:00,210,210,210,210,0
2022-03-07 13:20:00,210,210,210,210,0
2022-03-07 13:21:00,210,210,210,210,0
2022-03-07 13:22:00,210,210,210,210,0
2022-03-07 13:23:00,210,210,210,210,0
2022-03-07 13:24:00,210,210,210,210,0
2022-03-07 13:25:00,210,210,210,210,0
2022-03-07 13:26:00,210,210,210,210,0
2022-03-07 13:27:00,210,210,210,210,0
2022-03-07 13:28:00,210,210,210,210,0
2022-03-07 13:29:00,210,210,210,210,0
2022-03-07 13:30:00,210,210,212,212,429600
2022-03-07 13:31:00,212,212,212,212,291900
2022-03-07 13:32:00,212,212,212,212,347100
2022-03-07 13:33:00,212,210,212,212,316900
2022-03-07 13:34:00,212,212,212,212,54300
2022-03-07 13:35:00,212,212,212,212,10100
2022-03-07 13:36:00,212,212,212,212,59800
2022-03-07 13:37:00,212,210,212,210,98000
2022-03-07 13:38:00,212,210,212,212,76900
2022-03-07 13:39:00,212,210,212,210,64000
2022-03-07 13:40:00,212,210,212,212,6100
2022-03-07 13:41:00,212,210,212,210,74400
2022-03-07 13:42:00,212,210,212,212,107600
2022-03-07 13:43:00,212,210,212,212,0
2022-03-07 13:44:00,212,210,212,212,0
2022-03-07 13:45:00,212,212,212,212,11200
2022-03-07 13:46:00,212,210,212,210,400
2022-03-07 13:47:00,210,210,212,212,35000
2022-03-07 13:48:00,212,212,212,212,15000
2022-03-07 13:49:00,210,210,210,210,71400
2022-03-07 13:50:00,210,210,210,210,0
2022-03-07 13:51:00,210,210,210,210,95600
2022-03-07 13:52:00,212,210,212,210,28300
2022-03-07 13:53:00,212,212,212,212,1200
2022-03-07 13:54:00,212,212,212,212,0
2022-03-07 13:55:00,210,210,210,210,50100
2022-03-07 13:56:00,210,210,210,210,13500
2022-03-07 13:57:00,212,212,212,212,52800
2022-03-07 13:58:00,212,212,212,212,10100
2022-03-07 13:59:00,210,210,212,212,5100
2022-03-07 14:00:00,212,210,212,212,226200
2022-03-07 14:01:00,212,212,212,212,122000
2022-03-07 14:02:00,212,212,212,212,0
2022-03-07 14:03:00,212,210,212,212,6000
2022-03-07 14:04:00,210,210,210,210,71300
2022-03-07 14:05:00,210,210,210,210,10000
2022-03-07 14:06:00,210,210,210,210,550400
2022-03-07 14:07:00,210,210,210,210,10000
2022-03-07 14:08:00,210,210,210,210,28100
2022-03-07 14:09:00,212,212,212,212,100
2022-03-07 14:10:00,212,212,212,212,0
2022-03-07 14:11:00,212,212,212,212,24900
2022-03-07 14:12:00,212,210,212,210,9500
2022-03-07 14:13:00,212,210,212,210,0
2022-03-07 14:14:00,210,210,210,210,500
2022-03-07 14:15:00,212,210,212,210,1500
2022-03-07 14:16:00,210,210,210,210,216400
2022-03-07 14:17:00,210,210,210,210,409900
2022-03-07 14:18:00,210,210,210,210,32900
2022-03-07 14:19:00,212,210,212,210,51700
2022-03-07 14:20:00,212,212,212,212,1001700
2022-03-07 14:21:00,212,212,212,212,200000
2022-03-07 14:22:00,212,212,212,212,120000
2022-03-07 14:23:00,212,212,212,212,159000
2022-03-07 14:24:00,212,212,212,212,14400
2022-03-07 14:25:00,212,212,212,212,280500
2022-03-07 14:26:00,210,210,210,210,3500
2022-03-07 14:27:00,212,210,212,210,91200
2022-03-07 14:28:00,212,210,212,210,463300
2022-03-07 14:29:00,210,210,210,210,118200
2022-03-07 14:30:00,210,210,210,210,1500
2022-03-07 14:31:00,210,210,210,210,44900
2022-03-07 14:32:00,210,210,210,210,10000
2022-03-07 14:33:00,210,210,210,210,111500
2022-03-07 14:34:00,210,210,210,210,5000
2022-03-07 14:35:00,210,210,210,210,69400
2022-03-07 14:36:00,210,210,210,210,208000
2022-03-07 14:37:00,210,210,210,210,137200
2022-03-07 14:38:00,210,210,212,210,153000
2022-03-07 14:39:00,210,210,210,210,101200
2022-03-07 14:40:00,210,208,210,210,279100
2022-03-07 14:41:00,210,210,210,210,26100
2022-03-07 14:42:00,210,208,210,210,190300
2022-03-07 14:43:00,210,210,210,210,3600
2022-03-07 14:44:00,208,208,210,210,29700
2022-03-07 14:45:00,210,208,210,210,157400
2022-03-07 14:46:00,210,210,210,210,60400
2022-03-07 14:47:00,210,210,210,210,110400
2022-03-07 14:48:00,210,210,210,210,195200
2022-03-07 14:49:00,210,210,212,212,161200
2022-03-07 14:50:00,210,210,212,212,0
2022-03-07 14:51:00,210,210,212,212,0
2022-03-07 14:52:00,210,210,212,212,0
2022-03-07 14:53:00,210,210,212,212,0
2022-03-07 14:54:00,210,210,212,212,0
2022-03-07 14:55:00,210,210,212,212,0
2022-03-07 14:56:00,210,210,212,212,0
2022-03-07 14:57:00,210,210,212,212,0
2022-03-07 14:58:00,210,210,212,212,0
2022-03-07 14:59:00,210,210,212,212,0
2022-03-07 15:00:00,210,210,210,210,572700
2022-03-07 15:01:00,210,210,210,210,261400
2022-03-07 15:02:00,210,210,210,210,111800
2022-03-07 15:03:00,210,210,210,210,11100
2022-03-07 15:04:00,210,210,210,210,103400
2022-03-07 15:05:00,210,210,210,210,16700
2022-03-07 15:06:00,210,210,210,210,290000
2022-03-07 15:07:00,210,210,210,210,3500
2022-03-07 15:08:00,210,210,210,210,500
2022-03-07 15:09:00,210,210,210,210,0
2022-03-07 15:10:00,210,210,210,210,30000
2022-03-07 15:11:00,210,210,210,210,45000
2022-03-07 15:12:00,210,210,210,210,8000
2022-03-07 15:13:00,210,210,210,210,215000
2022-03-07 15:14:00,210,210,210,210,0
2022-03-07 15:15:00,210,210,210,210,0
2022-03-07 15:16:00,210,210,210,210,0
2022-03-07 15:17:00,210,210,210,210,0
2022-03-07 15:18:00,210,210,210,210,0
2022-03-07 15:19:00,210,210,210,210,0
2022-03-07 15:20:00,210,210,210,210,0
2022-03-07 15:21:00,210,210,210,210,0
2022-03-07 15:22:00,210,210,210,210,0
2022-03-07 15:23:00,210,210,210,210,0
2022-03-07 15:24:00,210,210,210,210,0
2022-03-07 15:25:00,210,210,210,210,0
2022-03-07 15:26:00,210,210,210,210,0
2022-03-07 15:27:00,210,210,210,210,0
2022-03-07 15:28:00,210,210,210,210,0
2022-03-07 15:29:00,210,210,210,210,0
2022-03-07 15:30:00,210,210,210,210,0
2022-03-07 15:31:00,210,210,210,210,0
2022-03-07 15:32:00,210,210,210,210,0
2022-03-07 15:33:00,210,210,210,210,0
2022-03-07 15:34:00,210,210,210,210,0
2022-03-07 15:35:00,210,210,210,210,0
2022-03-07 15:36:00,210,210,210,210,0
2022-03-07 15:37:00,210,210,210,210,0
2022-03-07 15:38:00,210,210,210,210,0
2022-03-07 15:39:00,210,210,210,210,0
2022-03-07 15:40:00,210,210,210,210,0
2022-03-07 15:41:00,210,210,210,210,0
2022-03-07 15:42:00,210,210,210,210,0
2022-03-07 15:43:00,210,210,210,210,0
2022-03-07 15:44:00,210,210,210,210,0
2022-03-07 15:45:00,210,210,210,210,0
2022-03-07 15:46:00,210,210,210,210,0
2022-03-07 15:47:00,210,210,210,210,0
2022-03-07 15:48:00,210,210,210,210,0
2022-03-07 15:49:00,210,210,210,210,0
2022-03-07 15:50:00,210,210,210,210,0
2022-03-07 15:51:00,210,210,210,210,0
2022-03-07 15:52:00,210,210,210,210,0
2022-03-07 15:53:00,210,210,210,210,0
2022-03-07 15:54:00,210,210,210,210,0
2022-03-07 15:55:00,210,210,210,210,0
2022-03-07 15:56:00,210,210,210,210,0
2022-03-07 15:57:00,210,210,210,210,0
2022-03-07 15:58:00,210,210,210,210,0
2022-03-07 15:59:00,210,210,210,210,0
2022-03-08 09:00:00,212,210,214,212,0
2022-03-08 09:01:00,212,210,212,210,411900
2022-03-08 09:02:00,210,208,210,208,880000
2022-03-08 09:03:00,208,208,210,208,501100
2022-03-08 09:04:00,208,208,210,208,225100
2022-03-08 09:05:00,208,206,210,208,398000
2022-03-08 09:06:00,208,206,208,206,35700
2022-03-08 09:07:00,208,206,208,208,81700
2022-03-08 09:08:00,208,208,208,208,51300
2022-03-08 09:09:00,206,206,208,206,239300
2022-03-08 09:10:00,208,206,208,208,234800
2022-03-08 09:11:00,206,206,208,208,264400
2022-03-08 09:12:00,208,206,208,206,503700
2022-03-08 09:13:00,206,206,208,208,61700
2022-03-08 09:14:00,208,206,208,206,163600
2022-03-08 09:15:00,206,206,208,206,205200
2022-03-08 09:16:00,206,206,206,206,119800
2022-03-08 09:17:00,206,206,208,206,331300
2022-03-08 09:18:00,206,206,206,206,196800
2022-03-08 09:19:00,206,204,208,208,227400
2022-03-08 09:20:00,208,204,208,204,137700
2022-03-08 09:21:00,204,204,206,206,609900
2022-03-08 09:22:00,206,206,206,206,35500
2022-03-08 09:23:00,206,204,206,204,160800
2022-03-08 09:24:00,204,204,204,204,295300
2022-03-08 09:25:00,204,204,206,206,43200
2022-03-08 09:26:00,204,204,206,204,172200
2022-03-08 09:27:00,204,204,204,204,35700
2022-03-08 09:28:00,206,204,206,204,242700
2022-03-08 09:29:00,204,204,204,204,235200
2022-03-08 09:30:00,204,204,206,204,88800
2022-03-08 09:31:00,204,204,206,204,83400
2022-03-08 09:32:00,204,204,204,204,57500
2022-03-08 09:33:00,204,204,206,204,91300
2022-03-08 09:34:00,204,204,204,204,31500
2022-03-08 09:35:00,206,204,206,204,146000
2022-03-08 09:36:00,204,204,206,204,541600
2022-03-08 09:37:00,204,204,204,204,162700
2022-03-08 09:38:00,204,204,204,204,395100
2022-03-08 09:39:00,204,202,204,202,701800
2022-03-08 09:40:00,202,202,204,202,772500
2022-03-08 09:41:00,202,202,204,204,238700
2022-03-08 09:42:00,204,202,204,202,101200
2022-03-08 09:43:00,202,202,204,202,127100
2022-03-08 09:44:00,202,202,202,202,222200
2022-03-08 09:45:00,202,202,202,202,68200
2022-03-08 09:46:00,202,202,204,204,200300
2022-03-08 09:47:00,204,204,204,204,10200
2022-03-08 09:48:00,202,202,202,202,75100
2022-03-08 09:49:00,204,202,204,202,321600
2022-03-08 09:50:00,204,202,204,202,35200
2022-03-08 09:51:00,202,202,204,204,48700
2022-03-08 09:52:00,202,202,202,202,308300
2022-03-08 09:53:00,202,202,202,202,10700
2022-03-08 09:54:00,202,202,202,202,449400
2022-03-08 09:55:00,202,200,202,202,1214000
2022-03-08 09:56:00,200,200,202,202,363600
2022-03-08 09:57:00,204,202,204,202,27400
2022-03-08 09:58:00,202,202,202,202,51600
2022-03-08 09:59:00,202,202,204,202,106600
2022-03-08 10:00:00,202,202,204,204,35400
2022-03-08 10:01:00,202,202,202,202,537100
2022-03-08 10:02:00,202,202,202,202,78100
2022-03-08 10:03:00,202,202,202,202,91600
2022-03-08 10:04:00,202,202,202,202,41600
2022-03-08 10:05:00,202,202,202,202,253000
2022-03-08 10:06:00,202,202,202,202,16100
2022-03-08 10:07:00,202,200,202,200,101900
2022-03-08 10:08:00,200,200,202,200,70300
2022-03-08 10:09:00,200,200,202,200,20500
2022-03-08 10:10:00,200,200,202,200,110500
2022-03-08 10:11:00,202,200,202,202,181900
2022-03-08 10:12:00,202,202,202,202,15000
2022-03-08 10:13:00,202,202,202,202,487000
2022-03-08 10:14:00,202,202,204,202,194800
2022-03-08 10:15:00,202,202,202,202,2500
2022-03-08 10:16:00,204,204,204,204,5000
2022-03-08 10:17:00,204,204,204,204,2000
2022-03-08 10:18:00,204,202,204,204,51100
2022-03-08 10:19:00,202,202,202,202,24900
2022-03-08 10:20:00,202,202,202,202,70200
2022-03-08 10:21:00,202,202,202,202,3500
2022-03-08 10:22:00,202,202,202,202,0
2022-03-08 10:23:00,202,202,204,204,10300
2022-03-08 10:24:00,204,202,204,202,700500
2022-03-08 10:25:00,202,200,202,200,435200
2022-03-08 10:26:00,200,200,200,200,65500
2022-03-08 10:27:00,200,200,202,202,17000
2022-03-08 10:28:00,200,200,202,202,257200
2022-03-08 10:29:00,202,202,202,202,15100
2022-03-08 10:30:00,202,202,202,202,0
2022-03-08 10:31:00,202,202,202,202,3600
2022-03-08 10:32:00,202,202,202,202,1000
2022-03-08 10:33:00,202,202,202,202,100
2022-03-08 10:34:00,202,202,202,202,0
2022-03-08 10:35:00,202,202,202,202,1000
2022-03-08 10:36:00,200,200,202,202,108800
2022-03-08 10:37:00,200,200,202,202,0
2022-03-08 10:38:00,202,202,202,202,100000
2022-03-08 10:39:00,202,200,202,200,51000
2022-03-08 10:40:00,202,202,202,202,100
2022-03-08 10:41:00,202,200,202,202,248200
2022-03-08 10:42:00,200,200,202,202,12600
2022-03-08 10:43:00,202,202,202,202,24500
2022-03-08 10:44:00,202,202,202,202,3500
2022-03-08 10:45:00,202,202,202,202,27200
2022-03-08 10:46:00,200,200,200,200,8200
2022-03-08 10:47:00,202,202,202,202,42500
2022-03-08 10:48:00,202,202,202,202,19100
2022-03-08 10:49:00,202,200,202,200,10400
2022-03-08 10:50:00,200,200,202,202,10100
2022-03-08 10:51:00,202,202,202,202,6600
2022-03-08 10:52:00,202,202,202,202,34500
2022-03-08 10:53:00,202,202,202,202,20000
2022-03-08 10:54:00,200,200,202,202,800
2022-03-08 10:55:00,202,202,202,202,1400
2022-03-08 10:56:00,202,202,202,202,0
2022-03-08 10:57:00,202,202,202,202,43900
2022-03-08 10:58:00,202,202,202,202,2200
2022-03-08 10:59:00,200,200,202,202,11700
2022-03-08 11:00:00,202,202,202,202,100
2022-03-08 11:01:00,200,200,200,200,102200
2022-03-08 11:02:00,200,200,200,200,4000
2022-03-08 11:03:00,200,200,200,200,0
2022-03-08 11:04:00,200,200,200,200,10000
2022-03-08 11:05:00,200,200,200,200,1225000
2022-03-08 11:06:00,200,200,200,200,1000
2022-03-08 11:07:00,200,200,200,200,1100
2022-03-08 11:08:00,200,200,200,200,25000
2022-03-08 11:09:00,200,200,200,200,1200
2022-03-08 11:10:00,202,200,202,202,170800
2022-03-08 11:11:00,200,200,200,200,5000
2022-03-08 11:12:00,202,202,202,202,400
2022-03-08 11:13:00,200,200,200,200,25000
2022-03-08 11:14:00,202,202,202,202,100
2022-03-08 11:15:00,200,200,200,200,27300
2022-03-08 11:16:00,202,200,202,200,35900
2022-03-08 11:17:00,202,200,202,200,30300
2022-03-08 11:18:00,200,200,200,200,9500
2022-03-08 11:19:00,200,200,200,200,4000
2022-03-08 11:20:00,202,200,202,200,600
2022-03-08 11:21:00,200,200,202,200,233500
2022-03-08 11:22:00,200,200,202,200,0
2022-03-08 11:23:00,200,200,200,200,130200
2022-03-08 11:24:00,200,200,200,200,543800
2022-03-08 11:25:00,200,200,200,200,5000
2022-03-08 11:26:00,200,199,200,199,1272200
2022-03-08 11:27:00,199,199,202,200,448000
2022-03-08 11:28:00,200,200,200,200,109500
2022-03-08 11:29:00,200,200,200,200,300
2022-03-08 11:30:00,200,200,200,200,0
2022-03-08 11:31:00,200,200,200,200,0
2022-03-08 11:32:00,200,200,200,200,0
2022-03-08 11:33:00,200,200,200,200,0
2022-03-08 11:34:00,200,200,200,200,0
2022-03-08 11:35:00,200,200,200,200,0
2022-03-08 11:36:00,200,200,200,200,0
2022-03-08 11:37:00,200,200,200,200,0
2022-03-08 11:38:00,200,200,200,200,0
2022-03-08 11:39:00,200,200,200,200,0
2022-03-08 11:40:00,200,200,200,200,0
2022-03-08 11:41:00,200,200,200,200,0
2022-03-08 11:42:00,200,200,200,200,0
2022-03-08 11:43:00,200,200,200,200,0
2022-03-08 11:44:00,200,200,200,200,0
2022-03-08 11:45:00,200,200,200,200,0
2022-03-08 11:46:00,200,200,200,200,0
2022-03-08 11:47:00,200,200,200,200,0
2022-03-08 11:48:00,200,200,200,200,0
2022-03-08 11:49:00,200,200,200,200,0
2022-03-08 11:50:00,200,200,200,200,0
2022-03-08 11:51:00,200,200,200,200,0
2022-03-08 11:52:00,200,200,200,200,0
2022-03-08 11:53:00,200,200,200,200,0
2022-03-08 11:54:00,200,200,200,200,0
2022-03-08 11:55:00,200,200,200,200,0
2022-03-08 11:56:00,200,200,200,200,0
2022-03-08 11:57:00,200,200,200,200,0
2022-03-08 11:58:00,200,200,200,200,0
2022-03-08 11:59:00,200,200,200,200,0
2022-03-08 12:00:00,200,200,200,200,0
2022-03-08 12:01:00,200,200,200,200,0
2022-03-08 12:02:00,200,200,200,200,0
2022-03-08 12:03:00,200,200,200,200,0
2022-03-08 12:04:00,200,200,200,200,0
2022-03-08 12:05:00,200,200,200,200,0
2022-03-08 12:06:00,200,200,200,200,0
2022-03-08 12:07:00,200,200,200,200,0
2022-03-08 12:08:00,200,200,200,200,0
2022-03-08 12:09:00,200,200,200,200,0
2022-03-08 12:10:00,200,200,200,200,0
2022-03-08 12:11:00,200,200,200,200,0
2022-03-08 12:12:00,200,200,200,200,0
2022-03-08 12:13:00,200,200,200,200,0
2022-03-08 12:14:00,200,200,200,200,0
2022-03-08 12:15:00,200,200,200,200,0
2022-03-08 12:16:00,200,200,200,200,0
2022-03-08 12:17:00,200,200,200,200,0
2022-03-08 12:18:00,200,200,200,200,0
2022-03-08 12:19:00,200,200,200,200,0
2022-03-08 12:20:00,200,200,200,200,0
2022-03-08 12:21:00,200,200,200,200,0
2022-03-08 12:22:00,200,200,200,200,0
2022-03-08 12:23:00,200,200,200,200,0
2022-03-08 12:24:00,200,200,200,200,0
2022-03-08 12:25:00,200,200,200,200,0
2022-03-08 12:26:00,200,200,200,200,0
2022-03-08 12:27:00,200,200,200,200,0
2022-03-08 12:28:00,200,200,200,200,0
2022-03-08 12:29:00,200,200,200,200,0
2022-03-08 12:30:00,200,200,200,200,0
2022-03-08 12:31:00,200,200,200,200,0
2022-03-08 12:32:00,200,200,200,200,0
2022-03-08 12:33:00,200,200,200,200,0
2022-03-08 12:34:00,200,200,200,200,0
2022-03-08 12:35:00,200,200,200,200,0
2022-03-08 12:36:00,200,200,200,200,0
2022-03-08 12:37:00,200,200,200,200,0
2022-03-08 12:38:00,200,200,200,200,0
2022-03-08 12:39:00,200,200,200,200,0
2022-03-08 12:40:00,200,200,200,200,0
2022-03-08 12:41:00,200,200,200,200,0
2022-03-08 12:42:00,200,200,200,200,0
2022-03-08 12:43:00,200,200,200,200,0
2022-03-08 12:44:00,200,200,200,200,0
2022-03-08 12:45:00,200,200,200,200,0
2022-03-08 12:46:00,200,200,200,200,0
2022-03-08 12:47:00,200,200,200,200,0
2022-03-08 12:48:00,200,200,200,200,0
2022-03-08 12:49:00,200,200,200,200,0
2022-03-08 12:50:00,200,200,200,200,0
2022-03-08 12:51:00,200,200,200,200,0
2022-03-08 12:52:00,200,200,200,200,0
2022-03-08 12:53:00,200,200,200,200,0
2022-03-08 12:54:00,200,200,200,200,0
2022-03-08 12:55:00,200,200,200,200,0
2022-03-08 12:56:00,200,200,200,200,0
2022-03-08 12:57:00,200,200,200,200,0
2022-03-08 12:58:00,200,200,200,200,0
2022-03-08 12:59:00,200,200,200,200,0
2022-03-08 13:00:00,200,200,200,200,0
2022-03-08 13:01:00,200,200,200,200,0
2022-03-08 13:02:00,200,200,200,200,0
2022-03-08 13:03:00,200,200,200,200,0
2022-03-08 13:04:00,200,200,200,200,0
2022-03-08 13:05:00,200,200,200,200,0
2022-03-08 13:06:00,200,200,200,200,0
2022-03-08 13:07:00,200,200,200,200,0
2022-03-08 13:08:00,200,200,200,200,0
2022-03-08 13:09:00,200,200,200,200,0
2022-03-08 13:10:00,200,200,200,200,0
2022-03-08 13:11:00,200,200,200,200,0
2022-03-08 13:12:00,200,200,200,200,0
2022-03-08 13:13:00,200,200,200,200,0
2022-03-08 13:14:00,200,200,200,200,0
2022-03-08 13:15:00,200,200,200,200,0
2022-03-08 13:16:00,200,200,200,200,0
2022-03-08 13:17:00,200,200,200,200,0
2022-03-08 13:18:00,200,200,200,200,0
2022-03-08 13:19:00,200,200,200,200,0
2022-03-08 13:20:00,200,200,200,200,0
2022-03-08 13:21:00,200,200,200,200,0
2022-03-08 13:22:00,200,200,200,200,0
2022-03-08 13:23:00,200,200,200,200,0
2022-03-08 13:24:00,200,200,200,200,0
2022-03-08 13:25:00,200,200,200,200,0
2022-03-08 13:26:00,200,200,200,200,0
2022-03-08 13:27:00,200,200,200,200,0
2022-03-08 13:28:00,200,200,200,200,0
2022-03-08 13:29:00,200,200,200,200,0
2022-03-08 13:30:00,200,198,200,199,1359900
2022-03-08 13:31:00,199,198,199,198,268700
2022-03-08 13:32:00,198,198,199,199,242300
2022-03-08 13:33:00,199,199,200,200,521100
2022-03-08 13:34:00,200,200,202,202,173400
2022-03-08 13:35:00,200,200,202,202,35200
2022-03-08 13:36:00,202,200,202,200,25000
2022-03-08 13:37:00,200,200,200,200,347500
2022-03-08 13:38:00,200,199,200,200,486800
2022-03-08 13:39:00,199,199,200,200,468500
2022-03-08 13:40:00,200,199,200,200,21600
2022-03-08 13:41:00,200,200,200,200,200
2022-03-08 13:42:00,200,199,200,200,176400
2022-03-08 13:43:00,202,202,202,202,100
2022-03-08 13:44:00,200,200,202,202,18100
2022-03-08 13:45:00,202,202,202,202,7300
2022-03-08 13:46:00,200,200,202,202,15100
2022-03-08 13:47:00,202,202,202,202,10000
2022-03-08 13:48:00,202,200,202,200,10200
2022-03-08 13:49:00,200,200,200,200,22000
2022-03-08 13:50:00,200,200,200,200,0
2022-03-08 13:51:00,200,200,202,202,2000
2022-03-08 13:52:00,202,200,202,200,64100
2022-03-08 13:53:00,202,200,202,200,47400
2022-03-08 13:54:00,202,200,202,200,0
2022-03-08 13:55:00,200,200,200,200,10000
2022-03-08 13:56:00,200,200,200,200,106600
2022-03-08 13:57:00,200,200,200,200,52900
2022-03-08 13:58:00,200,200,200,200,100700
2022-03-08 13:59:00,202,200,202,200,16300
2022-03-08 14:00:00,200,200,202,202,210200
2022-03-08 14:01:00,200,200,200,200,9700
2022-03-08 14:02:00,200,200,200,200,98900
2022-03-08 14:03:00,200,200,200,200,91200
2022-03-08 14:04:00,200,200,202,202,39000
2022-03-08 14:05:00,200,200,202,202,0
2022-03-08 14:06:00,200,200,200,200,92100
2022-03-08 14:07:00,200,200,200,200,45600
2022-03-08 14:08:00,200,200,200,200,10000
2022-03-08 14:09:00,200,200,200,200,3100
2022-03-08 14:10:00,200,200,200,200,21900
2022-03-08 14:11:00,200,200,200,200,10000
2022-03-08 14:12:00,200,200,202,200,56200
2022-03-08 14:13:00,200,200,200,200,9200
2022-03-08 14:14:00,200,200,200,200,10400
2022-03-08 14:15:00,200,200,200,200,317900
2022-03-08 14:16:00,200,200,200,200,282500
2022-03-08 14:17:00,200,199,200,199,22400
2022-03-08 14:18:00,199,199,200,200,27000
2022-03-08 14:19:00,199,199,200,200,21900
2022-03-08 14:20:00,200,200,200,200,88200
2022-03-08 14:21:00,200,200,200,200,50000
2022-03-08 14:22:00,200,200,200,200,210000
2022-03-08 14:23:00,200,199,200,199,43600
2022-03-08 14:24:00,199,199,200,200,22500
2022-03-08 14:25:00,200,200,200,200,50000
2022-03-08 14:26:00,200,200,200,200,170300
2022-03-08 14:27:00,200,200,200,200,58100
2022-03-08 14:28:00,200,200,200,200,3300
2022-03-08 14:29:00,199,199,199,199,5100
2022-03-08 14:30:00,199,199,199,199,566400
2022-03-08 14:31:00,200,199,200,200,10600
2022-03-08 14:32:00,200,200,200,200,20000
2022-03-08 14:33:00,199,199,200,200,14200
2022-03-08 14:34:00,199,199,200,200,8600
2022-03-08 14:35:00,200,199,200,199,13300
2022-03-08 14:36:00,199,199,199,199,5000
2022-03-08 14:37:00,199,199,199,199,43100
2022-03-08 14:38:00,199,199,200,200,150000
2022-03-08 14:39:00,200,200,200,200,2500
2022-03-08 14:40:00,199,199,200,200,72400
2022-03-08 14:41:00,199,199,199,199,29500
2022-03-08 14:42:00,199,199,199,199,458400
2022-03-08 14:43:00,199,199,200,200,10200
2022-03-08 14:44:00,199,198,199,199,600900
2022-03-08 14:45:00,199,198,199,198,290000
2022-03-08 14:46:00,198,198,200,199,70400
2022-03-08 14:47:00,199,199,200,199,92100
2022-03-08 14:48:00,199,198,200,198,14800
2022-03-08 14:49:00,198,198,198,198,202900
2022-03-08 14:50:00,198,198,198,198,19100
2022-03-08 14:51:00,198,198,198,198,0
2022-03-08 14:52:00,198,198,198,198,0
2022-03-08 14:53:00,198,198,198,198,0
2022-03-08 14:54:00,198,198,198,198,0
2022-03-08 14:55:00,198,198,198,198,0
2022-03-08 14:56:00,198,198,198,198,0
2022-03-08 14:57:00,198,198,198,198,0
2022-03-08 14:58:00,198,198,198,198,0
2022-03-08 14:59:00,198,198,198,198,0
2022-03-08 15:00:00,198,198,198,198,2506900
2022-03-08 15:01:00,198,198,198,198,20100
2022-03-08 15:02:00,198,198,198,198,289500
2022-03-08 15:03:00,198,198,198,198,27600
2022-03-08 15:04:00,198,198,198,198,0
2022-03-08 15:05:00,198,198,198,198,346800
2022-03-08 15:06:00,198,198,198,198,8300
2022-03-08 15:07:00,198,198,198,198,3100
2022-03-08 15:08:00,198,198,198,198,0
2022-03-08 15:09:00,198,198,198,198,0
2022-03-08 15:10:00,198,198,198,198,36317400
2022-03-08 15:11:00,198,198,198,198,5100
2022-03-08 15:12:00,198,198,198,198,48900
2022-03-08 15:13:00,198,198,198,198,2500
2022-03-08 15:14:00,198,198,198,198,51600
2022-03-08 15:15:00,198,198,198,198,0
2022-03-08 15:16:00,198,198,198,198,0
2022-03-08 15:17:00,198,198,198,198,0
2022-03-08 15:18:00,198,198,198,198,0
2022-03-08 15:19:00,198,198,198,198,0
2022-03-08 15:20:00,198,198,198,198,0
2022-03-08 15:21:00,198,198,198,198,0
2022-03-08 15:22:00,198,198,198,198,0
2022-03-08 15:23:00,198,198,198,198,0
2022-03-08 15:24:00,198,198,198,198,0
2022-03-08 15:25:00,198,198,198,198,0
2022-03-08 15:26:00,198,198,198,198,0
2022-03-08 15:27:00,198,198,198,198,0
2022-03-08 15:28:00,198,198,198,198,0
2022-03-08 15:29:00,198,198,198,198,0
2022-03-08 15:30:00,198,198,198,198,0
2022-03-08 15:31:00,198,198,198,198,0
2022-03-08 15:32:00,198,198,198,198,0
2022-03-08 15:33:00,198,198,198,198,0
2022-03-08 15:34:00,198,198,198,198,0
2022-03-08 15:35:00,198,198,198,198,0
2022-03-08 15:36:00,198,198,198,198,0
2022-03-08 15:37:00,198,198,198,198,0
2022-03-08 15:38:00,198,198,198,198,0
2022-03-08 15:39:00,198,198,198,198,0
2022-03-08 15:40:00,198,198,198,198,0
2022-03-08 15:41:00,198,198,198,198,0
2022-03-08 15:42:00,198,198,198,198,0
2022-03-08 15:43:00,198,198,198,198,0
2022-03-08 15:44:00,198,198,198,198,0
2022-03-08 15:45:00,198,198,198,198,0
2022-03-08 15:46:00,198,198,198,198,0
2022-03-08 15:47:00,198,198,198,198,0
2022-03-08 15:48:00,198,198,198,198,0
2022-03-08 15:49:00,198,198,198,198,0
2022-03-08 15:50:00,198,198,198,198,0
2022-03-08 15:51:00,198,198,198,198,0
2022-03-08 15:52:00,198,198,198,198,0
2022-03-08 15:53:00,198,198,198,198,0
2022-03-08 15:54:00,198,198,198,198,0
2022-03-08 15:55:00,198,198,198,198,0
2022-03-08 15:56:00,198,198,198,198,0
2022-03-08 15:57:00,198,198,198,198,0
2022-03-08 15:58:00,198,198,198,198,0
2022-03-08 15:59:00,198,198,198,198,0
2022-03-09 09:00:00,198,198,202,202,0
2022-03-09 09:01:00,200,200,202,200,250000
2022-03-09 09:02:00,200,200,200,200,68900
2022-03-09 09:03:00,200,196,200,196,1428400
2022-03-09 09:04:00,197,197,200,199,294600
2022-03-09 09:05:00,198,196,199,198,174200
2022-03-09 09:06:00,198,198,198,198,1600
2022-03-09 09:07:00,197,197,198,197,56100
2022-03-09 09:08:00,196,196,197,197,331400
2022-03-09 09:09:00,197,197,198,197,28000
2022-03-09 09:10:00,198,197,198,197,200
2022-03-09 09:11:00,197,197,198,197,15100
2022-03-09 09:12:00,197,197,197,197,11700
2022-03-09 09:13:00,197,197,197,197,2000
2022-03-09 09:14:00,198,197,198,198,170300
2022-03-09 09:15:00,198,198,198,198,50000
2022-03-09 09:16:00,197,197,198,198,161700
2022-03-09 09:17:00,197,197,197,197,76700
2022-03-09 09:18:00,197,196,197,196,307100
2022-03-09 09:19:00,196,196,196,196,63100
2022-03-09 09:20:00,196,196,197,196,142000
2022-03-09 09:21:00,196,196,196,196,9500
2022-03-09 09:22:00,196,196,197,197,106100
2022-03-09 09:23:00,197,197,197,197,9100
2022-03-09 09:24:00,197,197,198,198,71700
2022-03-09 09:25:00,198,198,198,198,188100
2022-03-09 09:26:00,197,197,198,198,31900
2022-03-09 09:27:00,199,198,199,198,35300
2022-03-09 09:28:00,198,198,199,199,122100
2022-03-09 09:29:00,199,198,199,198,102600
2022-03-09 09:30:00,198,198,198,198,11300
2022-03-09 09:31:00,198,198,198,198,5000
2022-03-09 09:32:00,198,198,199,199,11800
2022-03-09 09:33:00,199,199,199,199,5200
2022-03-09 09:34:00,198,198,198,198,67300
2022-03-09 09:35:00,198,198,198,198,6600
2022-03-09 09:36:00,198,198,199,199,12400
2022-03-09 09:37:00,199,199,199,199,127200
2022-03-09 09:38:00,199,199,199,199,7000
2022-03-09 09:39:00,198,198,198,198,10000
2022-03-09 09:40:00,198,198,199,199,16000
2022-03-09 09:41:00,199,199,199,199,3400
2022-03-09 09:42:00,199,199,199,199,28600
2022-03-09 09:43:00,199,198,199,199,161400
2022-03-09 09:44:00,199,198,199,199,0
2022-03-09 09:45:00,199,199,200,200,23100
2022-03-09 09:46:00,200,200,200,200,4500
2022-03-09 09:47:00,200,199,200,200,52700
2022-03-09 09:48:00,200,200,200,200,20000
2022-03-09 09:49:00,199,199,199,199,200
2022-03-09 09:50:00,199,199,199,199,12400
2022-03-09 09:51:00,199,199,199,199,17800
2022-03-09 09:52:00,200,199,200,200,52700
2022-03-09 09:53:00,200,200,200,200,100
2022-03-09 09:54:00,200,200,200,200,0
2022-03-09 09:55:00,200,199,200,200,20200
2022-03-09 09:56:00,199,199,200,200,45100
2022-03-09 09:57:00,200,200,200,200,30500
2022-03-09 09:58:00,199,199,199,199,521300
2022-03-09 09:59:00,198,198,198,198,349000
2022-03-09 10:00:00,198,198,199,198,285400
2022-03-09 10:01:00,198,198,198,198,450000
2022-03-09 10:02:00,199,198,199,198,29200
2022-03-09 10:03:00,198,198,198,198,190700
2022-03-09 10:04:00,197,197,197,197,100
2022-03-09 10:05:00,197,197,198,198,18600
2022-03-09 10:06:00,198,198,198,198,100
2022-03-09 10:07:00,197,197,197,197,300
2022-03-09 10:08:00,198,198,198,198,5000
2022-03-09 10:09:00,197,197,197,197,8000
2022-03-09 10:10:00,197,197,197,197,44800
2022-03-09 10:11:00,198,197,198,197,20600
2022-03-09 10:12:00,197,197,197,197,43200
2022-03-09 10:13:00,198,197,198,197,123600
2022-03-09 10:14:00,197,197,198,197,219100
2022-03-09 10:15:00,197,197,198,197,0
2022-03-09 10:16:00,197,197,197,197,513000
2022-03-09 10:17:00,197,197,197,197,32600
2022-03-09 10:18:00,197,197,197,197,16700
2022-03-09 10:19:00,197,197,197,197,100
2022-03-09 10:20:00,197,197,197,197,44300
2022-03-09 10:21:00,196,196,196,196,266700
2022-03-09 10:22:00,196,196,197,196,565100
2022-03-09 10:23:00,196,196,196,196,54600
2022-03-09 10:24:00,196,196,197,197,75800
2022-03-09 10:25:00,196,196,196,196,33600
2022-03-09 10:26:00,197,196,197,197,105000
2022-03-09 10:27:00,196,196,196,196,125000
2022-03-09 10:28:00,196,196,196,196,290200
2022-03-09 10:29:00,196,196,197,197,200
2022-03-09 10:30:00,196,196,196,196,35100
2022-03-09 10:31:00,196,196,196,196,13400
2022-03-09 10:32:00,196,196,197,197,300
2022-03-09 10:33:00,196,196,197,197,400
2022-03-09 10:34:00,196,196,197,196,65500
2022-03-09 10:35:00,196,196,197,197,71200
2022-03-09 10:36:00,196,196,196,196,18500
2022-03-09 10:37:00,196,196,196,196,14300
2022-03-09 10:38:00,196,196,196,196,25000
2022-03-09 10:39:00,196,196,196,196,25700
2022-03-09 10:40:00,196,196,196,196,100000
2022-03-09 10:41:00,197,196,197,196,47300
2022-03-09 10:42:00,196,195,196,196,268500
2022-03-09 10:43:00,196,196,196,196,105400
2022-03-09 10:44:00,195,195,196,196,72600
2022-03-09 10:45:00,196,196,196,196,10000
2022-03-09 10:46:00,196,196,196,196,0
2022-03-09 10:47:00,195,195,195,195,38000
2022-03-09 10:48:00,196,196,196,196,5500
2022-03-09 10:49:00,196,196,196,196,13200
2022-03-09 10:50:00,196,196,196,196,0
2022-03-09 10:51:00,196,196,197,197,219500
2022-03-09 10:52:00,196,196,196,196,200
2022-03-09 10:53:00,196,196,197,197,563100
2022-03-09 10:54:00,197,196,197,197,74000
2022-03-09 10:55:00,197,196,197,197,176000
2022-03-09 10:56:00,197,196,197,197,0
2022-03-09 10:57:00,198,197,198,197,103100
2022-03-09 10:58:00,197,197,198,198,19900
2022-03-09 10:59:00,198,198,199,198,59900
2022-03-09 11:00:00,198,198,199,198,0
2022-03-09 11:01:00,198,198,198,198,16000
2022-03-09 11:02:00,198,198,198,198,112300
2022-03-09 11:03:00,198,198,199,199,11900
2022-03-09 11:04:00,199,199,199,199,500
2022-03-09 11:05:00,199,199,199,199,106000
2022-03-09 11:06:00,199,199,199,199,45700
2022-03-09 11:07:00,199,199,199,199,39300
2022-03-09 11:08:00,199,199,199,199,105200
2022-03-09 11:09:00,199,199,199,199,30200
2022-03-09 11:10:00,199,199,199,199,32400
2022-03-09 11:11:00,199,199,199,199,3700
2022-03-09 11:12:00,200,200,200,200,100
2022-03-09 11:13:00,200,199,200,199,13400
2022-03-09 11:14:00,199,199,199,199,78900
2022-03-09 11:15:00,199,199,199,199,29600
2022-03-09 11:16:00,199,199,200,200,423900
2022-03-09 11:17:00,200,200,202,200,133700
2022-03-09 11:18:00,200,200,200,200,240300
2022-03-09 11:19:00,200,200,200,200,49200
2022-03-09 11:20:00,200,200,200,200,1700
2022-03-09 11:21:00,202,202,202,202,5000
2022-03-09 11:22:00,202,202,202,202,6200
2022-03-09 11:23:00,202,200,202,200,21400
2022-03-09 11:24:00,202,200,202,200,0
2022-03-09 11:25:00,202,202,202,202,1000
2022-03-09 11:26:00,202,200,202,200,5100
2022-03-09 11:27:00,200,200,200,200,200
2022-03-09 11:28:00,200,200,200,200,101800
2022-03-09 11:29:00,200,200,200,200,471200
2022-03-09 11:30:00,200,200,200,200,0
2022-03-09 11:31:00,200,200,200,200,0
2022-03-09 11:32:00,200,200,200,200,0
2022-03-09 11:33:00,200,200,200,200,0
2022-03-09 11:34:00,200,200,200,200,0
2022-03-09 11:35:00,200,200,200,200,0
2022-03-09 11:36:00,200,200,200,200,0
2022-03-09 11:37:00,200,200,200,200,0
2022-03-09 11:38:00,200,200,200,200,0
2022-03-09 11:39:00,200,200,200,200,0
2022-03-09 11:40:00,200,200,200,200,0
2022-03-09 11:41:00,200,200,200,200,0
2022-03-09 11:42:00,200,200,200,200,0
2022-03-09 11:43:00,200,200,200,200,0
2022-03-09 11:44:00,200,200,200,200,0
2022-03-09 11:45:00,200,200,200,200,0
2022-03-09 11:46:00,200,200,200,200,0
2022-03-09 11:47:00,200,200,200,200,0
2022-03-09 11:48:00,200,200,200,200,0
2022-03-09 11:49:00,200,200,200,200,0
2022-03-09 11:50:00,200,200,200,200,0
2022-03-09 11:51:00,200,200,200,200,0
2022-03-09 11:52:00,200,200,200,200,0
2022-03-09 11:53:00,200,200,200,200,0
2022-03-09 11:54:00,200,200,200,200,0
2022-03-09 11:55:00,200,200,200,200,0
2022-03-09 11:56:00,200,200,200,200,0
2022-03-09 11:57:00,200,200,200,200,0
2022-03-09 11:58:00,200,200,200,200,0
2022-03-09 11:59:00,200,200,200,200,0
2022-03-09 12:00:00,200,200,200,200,0
2022-03-09 12:01:00,200,200,200,200,0
2022-03-09 12:02:00,200,200,200,200,0
2022-03-09 12:03:00,200,200,200,200,0
2022-03-09 12:04:00,200,200,200,200,0
2022-03-09 12:05:00,200,200,200,200,0
2022-03-09 12:06:00,200,200,200,200,0
2022-03-09 12:07:00,200,200,200,200,0
2022-03-09 12:08:00,200,200,200,200,0
2022-03-09 12:09:00,200,200,200,200,0
2022-03-09 12:10:00,200,200,200,200,0
2022-03-09 12:11:00,200,200,200,200,0
2022-03-09 12:12:00,200,200,200,200,0
2022-03-09 12:13:00,200,200,200,200,0
2022-03-09 12:14:00,200,200,200,200,0
2022-03-09 12:15:00,200,200,200,200,0
2022-03-09 12:16:00,200,200,200,200,0
2022-03-09 12:17:00,200,200,200,200,0
2022-03-09 12:18:00,200,200,200,200,0
2022-03-09 12:19:00,200,200,200,200,0
2022-03-09 12:20:00,200,200,200,200,0
2022-03-09 12:21:00,200,200,200,200,0
2022-03-09 12:22:00,200,200,200,200,0
2022-03-09 12:23:00,200,200,200,200,0
2022-03-09 12:24:00,200,200,200,200,0
2022-03-09 12:25:00,200,200,200,200,0
2022-03-09 12:26:00,200,200,200,200,0
2022-03-09 12:27:00,200,200,200,200,0
2022-03-09 12:28:00,200,200,200,200,0
2022-03-09 12:29:00,200,200,200,200,0
2022-03-09 12:30:00,200,200,200,200,0
2022-03-09 12:31:00,200,200,200,200,0
2022-03-09 12:32:00,200,200,200,200,0
2022-03-09 12:33:00,200,200,200,200,0
2022-03-09 12:34:00,200,200,200,200,0
2022-03-09 12:35:00,200,200,200,200,0
2022-03-09 12:36:00,200,200,200,200,0
2022-03-09 12:37:00,200,200,200,200,0
2022-03-09 12:38:00,200,200,200,200,0
2022-03-09 12:39:00,200,200,200,200,0
2022-03-09 12:40:00,200,200,200,200,0
2022-03-09 12:41:00,200,200,200,200,0
2022-03-09 12:42:00,200,200,200,200,0
2022-03-09 12:43:00,200,200,200,200,0
2022-03-09 12:44:00,200,200,200,200,0
2022-03-09 12:45:00,200,200,200,200,0
2022-03-09 12:46:00,200,200,200,200,0
2022-03-09 12:47:00,200,200,200,200,0
2022-03-09 12:48:00,200,200,200,200,0
2022-03-09 12:49:00,200,200,200,200,0
2022-03-09 12:50:00,200,200,200,200,0
2022-03-09 12:51:00,200,200,200,200,0
2022-03-09 12:52:00,200,200,200,200,0
2022-03-09 12:53:00,200,200,200,200,0
2022-03-09 12:54:00,200,200,200,200,0
2022-03-09 12:55:00,200,200,200,200,0
2022-03-09 12:56:00,200,200,200,200,0
2022-03-09 12:57:00,200,200,200,200,0
2022-03-09 12:58:00,200,200,200,200,0
2022-03-09 12:59:00,200,200,200,200,0
2022-03-09 13:00:00,200,200,200,200,0
2022-03-09 13:01:00,200,200,200,200,0
2022-03-09 13:02:00,200,200,200,200,0
2022-03-09 13:03:00,200,200,200,200,0
2022-03-09 13:04:00,200,200,200,200,0
2022-03-09 13:05:00,200,200,200,200,0
2022-03-09 13:06:00,200,200,200,200,0
2022-03-09 13:07:00,200,200,200,200,0
2022-03-09 13:08:00,200,200,200,200,0
2022-03-09 13:09:00,200,200,200,200,0
2022-03-09 13:10:00,200,200,200,200,0
2022-03-09 13:11:00,200,200,200,200,0
2022-03-09 13:12:00,200,200,200,200,0
2022-03-09 13:13:00,200,200,200,200,0
2022-03-09 13:14:00,200,200,200,200,0
2022-03-09 13:15:00,200,200,200,200,0
2022-03-09 13:16:00,200,200,200,200,0
2022-03-09 13:17:00,200,200,200,200,0
2022-03-09 13:18:00,200,200,200,200,0
2022-03-09 13:19:00,200,200,200,200,0
2022-03-09 13:20:00,200,200,200,200,0
2022-03-09 13:21:00,200,200,200,200,0
2022-03-09 13:22:00,200,200,200,200,0
2022-03-09 13:23:00,200,200,200,200,0
2022-03-09 13:24:00,200,200,200,200,0
2022-03-09 13:25:00,200,200,200,200,0
2022-03-09 13:26:00,200,200,200,200,0
2022-03-09 13:27:00,200,200,200,200,0
2022-03-09 13:28:00,200,200,200,200,0
2022-03-09 13:29:00,200,200,200,200,0
2022-03-09 13:30:00,199,199,200,200,696800
2022-03-09 13:31:00,200,200,200,200,100000
2022-03-09 13:32:00,200,200,200,200,15000
2022-03-09 13:33:00,200,198,200,198,124200
2022-03-09 13:34:00,199,199,199,199,2500
2022-03-09 13:35:00,199,199,199,199,18700
2022-03-09 13:36:00,200,200,200,200,97700
2022-03-09 13:37:00,200,200,200,200,145500
2022-03-09 13:38:00,200,200,202,202,200
2022-03-09 13:39:00,200,199,200,199,228100
2022-03-09 13:40:00,199,199,199,199,320300
2022-03-09 13:41:00,199,198,199,199,5500
2022-03-09 13:42:00,198,198,199,199,14300
2022-03-09 13:43:00,199,199,199,199,25300
2022-03-09 13:44:00,199,198,199,199,159900
2022-03-09 13:45:00,198,198,199,199,35200
2022-03-09 13:46:00,199,198,199,199,17200
2022-03-09 13:47:00,198,198,198,198,2500
2022-03-09 13:48:00,198,198,198,198,2000
2022-03-09 13:49:00,198,198,198,198,100
2022-03-09 13:50:00,198,198,198,198,2100
2022-03-09 13:51:00,199,199,199,199,26100
2022-03-09 13:52:00,199,199,199,199,1600
2022-03-09 13:53:00,199,199,199,199,4500
2022-03-09 13:54:00,199,199,199,199,18100
2022-03-09 13:55:00,199,199,199,199,130600
2022-03-09 13:56:00,199,199,199,199,41500
2022-03-09 13:57:00,199,199,199,199,46600
2022-03-09 13:58:00,199,199,199,199,6400
2022-03-09 13:59:00,199,199,199,199,74700
2022-03-09 14:00:00,199,199,199,199,300
2022-03-09 14:01:00,199,199,199,199,1000
2022-03-09 14:02:00,199,199,199,199,11600
2022-03-09 14:03:00,199,199,200,200,10500
2022-03-09 14:04:00,199,199,200,200,0
2022-03-09 14:05:00,200,199,200,199,16200
2022-03-09 14:06:00,200,200,200,200,600
2022-03-09 14:07:00,199,199,199,199,37600
2022-03-09 14:08:00,199,199,199,199,11500
2022-03-09 14:09:00,199,198,199,198,12800
2022-03-09 14:10:00,199,198,199,198,0
2022-03-09 14:11:00,199,199,199,199,51800
2022-03-09 14:12:00,198,198,198,198,300000
2022-03-09 14:13:00,198,198,198,198,0
2022-03-09 14:14:00,199,199,199,199,16700
2022-03-09 14:15:00,199,199,199,199,10400
2022-03-09 14:16:00,199,199,199,199,42600
2022-03-09 14:17:00,199,199,199,199,0
2022-03-09 14:18:00,199,199,199,199,4200
2022-03-09 14:19:00,199,199,199,199,0
2022-03-09 14:20:00,199,199,199,199,0
2022-03-09 14:21:00,198,198,198,198,200000
2022-03-09 14:22:00,198,198,198,198,3000
2022-03-09 14:23:00,198,198,198,198,0
2022-03-09 14:24:00,198,198,198,198,155000
2022-03-09 14:25:00,198,198,198,198,12200
2022-03-09 14:26:00,198,198,198,198,23300
2022-03-09 14:27:00,199,199,199,199,5500
2022-03-09 14:28:00,199,199,199,199,23000
2022-03-09 14:29:00,199,199,199,199,3500
2022-03-09 14:30:00,199,199,199,199,0
2022-03-09 14:31:00,199,199,199,199,0
2022-03-09 14:32:00,199,199,199,199,700
2022-03-09 14:33:00,199,199,199,199,6600
2022-03-09 14:34:00,199,199,199,199,3000
2022-03-09 14:35:00,199,199,199,199,0
2022-03-09 14:36:00,199,199,199,199,20200
2022-03-09 14:37:00,198,198,198,198,10800
2022-03-09 14:38:00,198,198,198,198,50200
2022-03-09 14:39:00,198,198,198,198,130500
2022-03-09 14:40:00,198,198,198,198,50000
2022-03-09 14:41:00,198,198,198,198,6400
2022-03-09 14:42:00,198,198,198,198,400
2022-03-09 14:43:00,198,198,198,198,1600
2022-03-09 14:44:00,198,197,198,198,142100
2022-03-09 14:45:00,197,196,197,196,281800
2022-03-09 14:46:00,196,196,196,196,273400
2022-03-09 14:47:00,196,196,196,196,98000
2022-03-09 14:48:00,196,196,196,196,100000
2022-03-09 14:49:00,196,196,197,197,313400
2022-03-09 14:50:00,196,196,197,197,0
2022-03-09 14:51:00,196,196,197,197,0
2022-03-09 14:52:00,196,196,197,197,0
2022-03-09 14:53:00,196,196,197,197,0
2022-03-09 14:54:00,196,196,197,197,0
2022-03-09 14:55:00,196,196,197,197,0
2022-03-09 14:56:00,196,196,197,197,0
2022-03-09 14:57:00,196,196,197,197,0
2022-03-09 14:58:00,196,196,197,197,0
2022-03-09 14:59:00,196,196,197,197,0
2022-03-09 15:00:00,196,196,196,196,341400
2022-03-09 15:01:00,196,196,196,196,164500
2022-03-09 15:02:00,196,196,196,196,149800
2022-03-09 15:03:00,196,196,196,196,2100
2022-03-09 15:04:00,196,196,196,196,100300
2022-03-09 15:05:00,196,196,196,196,0
2022-03-09 15:06:00,196,196,196,196,50000
2022-03-09 15:07:00,196,196,196,196,94400
2022-03-09 15:08:00,196,196,196,196,0
2022-03-09 15:09:00,196,196,196,196,900
2022-03-09 15:10:00,196,196,196,196,25000
2022-03-09 15:11:00,196,196,196,196,0
2022-03-09 15:12:00,196,196,196,196,10000
2022-03-09 15:13:00,196,196,196,196,0
2022-03-09 15:14:00,196,196,196,196,0
2022-03-09 15:15:00,196,196,196,196,0
2022-03-09 15:16:00,196,196,196,196,0
2022-03-09 15:17:00,196,196,196,196,0
2022-03-09 15:18:00,196,196,196,196,0
2022-03-09 15:19:00,196,196,196,196,0
2022-03-09 15:20:00,196,196,196,196,0
2022-03-09 15:21:00,196,196,196,196,0
2022-03-09 15:22:00,196,196,196,196,0
2022-03-09 15:23:00,196,196,196,196,0
2022-03-09 15:24:00,196,196,196,196,0
2022-03-09 15:25:00,196,196,196,196,0
2022-03-09 15:26:00,196,196,196,196,0
2022-03-09 15:27:00,196,196,196,196,0
2022-03-09 15:28:00,196,196,196,196,0
2022-03-09 15:29:00,196,196,196,196,0
2022-03-09 15:30:00,196,196,196,196,0
2022-03-09 15:31:00,196,196,196,196,0
2022-03-09 15:32:00,196,196,196,196,0
2022-03-09 15:33:00,196,196,196,196,0
2022-03-09 15:34:00,196,196,196,196,0
2022-03-09 15:35:00,196,196,196,196,0
2022-03-09 15:36:00,196,196,196,196,0
2022-03-09 15:37:00,196,196,196,196,0
2022-03-09 15:38:00,196,196,196,196,0
2022-03-09 15:39:00,196,196,196,196,0
2022-03-09 15:40:00,196,196,196,196,0
2022-03-09 15:41:00,196,196,196,196,0
2022-03-09 15:42:00,196,196,196,196,0
2022-03-09 15:43:00,196,196,196,196,0
2022-03-09 15:44:00,196,196,196,196,0
2022-03-09 15:45:00,196,196,196,196,0
2022-03-09 15:46:00,196,196,196,196,0
2022-03-09 15:47:00,196,196,196,196,0
2022-03-09 15:48:00,196,196,196,196,0
2022-03-09 15:49:00,196,196,196,196,0
2022-03-09 15:50:00,196,196,196,196,0
2022-03-09 15:51:00,196,196,196,196,0
2022-03-09 15:52:00,196,196,196,196,0
2022-03-09 15:53:00,196,196,196,196,0
2022-03-09 15:54:00,196,196,196,196,0
2022-03-09 15:55:00,196,196,196,196,0
2022-03-09 15:56:00,196,196,196,196,0
2022-03-09 15:57:00,196,196,196,196,0
2022-03-09 15:58:00,196,196,196,196,0
2022-03-09 15:59:00,196,196,196,196,0
2022-03-10 09:00:00,192,191,196,192,0
2022-03-10 09:01:00,192,190,192,190,669300
2022-03-10 09:02:00,189,188,190,188,361400
2022-03-10 09:03:00,189,188,189,188,281800
2022-03-10 09:04:00,189,186,189,187,864600
2022-03-10 09:05:00,187,186,187,187,450800
2022-03-10 09:06:00,187,186,187,187,422300
2022-03-10 09:07:00,187,185,187,185,541300
2022-03-10 09:08:00,185,184,185,185,911000
2022-03-10 09:09:00,185,185,186,185,485600
2022-03-10 09:10:00,185,185,186,186,377400
2022-03-10 09:11:00,186,185,186,186,349600
2022-03-10 09:12:00,186,184,186,184,726400
2022-03-10 09:13:00,185,184,185,185,153900
2022-03-10 09:14:00,184,184,185,185,653000
2022-03-10 09:15:00,184,184,185,184,163100
2022-03-10 09:16:00,184,184,185,185,771800
2022-03-10 09:17:00,184,184,185,185,354100
2022-03-10 09:18:00,185,185,185,185,614000
2022-03-10 09:19:00,186,185,186,186,206300
2022-03-10 09:20:00,186,186,187,187,60100
2022-03-10 09:21:00,186,185,186,186,293000
2022-03-10 09:22:00,186,186,186,186,134200
2022-03-10 09:23:00,186,185,186,186,76700
2022-03-10 09:24:00,186,185,186,185,142000
2022-03-10 09:25:00,185,185,186,186,207000
2022-03-10 09:26:00,186,185,186,186,127900
2022-03-10 09:27:00,185,185,185,185,541700
2022-03-10 09:28:00,185,185,186,186,128000
2022-03-10 09:29:00,185,185,186,185,155700
2022-03-10 09:30:00,185,185,186,185,239600
2022-03-10 09:31:00,185,184,185,184,134600
2022-03-10 09:32:00,185,184,185,184,2234000
2022-03-10 09:33:00,185,184,185,184,70500
2022-03-10 09:34:00,184,184,185,184,183900
2022-03-10 09:35:00,184,184,184,184,287000
2022-03-10 09:36:00,184,184,185,184,176500
2022-03-10 09:37:00,184,184,185,185,78800
2022-03-10 09:38:00,185,184,185,184,105000
2022-03-10 09:39:00,185,184,185,185,170700
2022-03-10 09:40:00,185,184,185,185,17000
2022-03-10 09:41:00,185,185,185,185,80300
2022-03-10 09:42:00,185,184,185,185,430300
2022-03-10 09:43:00,185,185,185,185,128500
2022-03-10 09:44:00,185,185,185,185,40000
2022-03-10 09:45:00,185,185,185,185,397400
2022-03-10 09:46:00,185,185,185,185,2500
2022-03-10 09:47:00,185,185,185,185,30600
2022-03-10 09:48:00,186,186,186,186,10000
2022-03-10 09:49:00,186,186,186,186,100
2022-03-10 09:50:00,186,186,186,186,52500
2022-03-10 09:51:00,185,185,185,185,31600
2022-03-10 09:52:00,185,185,186,186,188500
2022-03-10 09:53:00,186,185,186,185,300300
2022-03-10 09:54:00,186,186,186,186,51000
2022-03-10 09:55:00,186,186,186,186,3000
2022-03-10 09:56:00,185,185,185,185,93200
2022-03-10 09:57:00,185,185,185,185,80500
2022-03-10 09:58:00,185,185,185,185,0
2022-03-10 09:59:00,185,185,185,185,90200
2022-03-10 10:00:00,185,185,185,185,46600
2022-03-10 10:01:00,185,185,186,185,30300
2022-03-10 10:02:00,185,185,185,185,10100
2022-03-10 10:03:00,185,185,185,185,15600
2022-03-10 10:04:00,186,186,186,186,156700
2022-03-10 10:05:00,186,186,186,186,13300
2022-03-10 10:06:00,186,185,186,186,87300
2022-03-10 10:07:00,186,186,186,186,200
2022-03-10 10:08:00,186,186,187,187,150100
2022-03-10 10:09:00,187,187,187,187,100200
2022-03-10 10:10:00,187,186,187,186,142600
2022-03-10 10:11:00,187,186,187,186,0
2022-03-10 10:12:00,187,187,187,187,10000
2022-03-10 10:13:00,186,186,186,186,200
2022-03-10 10:14:00,186,186,186,186,0
2022-03-10 10:15:00,186,186,186,186,400
2022-03-10 10:16:00,187,187,187,187,9400
2022-03-10 10:17:00,187,187,187,187,0
2022-03-10 10:18:00,187,186,187,187,1200
2022-03-10 10:19:00,187,187,187,187,300
2022-03-10 10:20:00,186,186,187,187,10600
2022-03-10 10:21:00,187,187,187,187,150500
2022-03-10 10:22:00,187,186,187,187,11400
2022-03-10 10:23:00,187,187,187,187,55200
2022-03-10 10:24:00,186,186,186,186,8800
2022-03-10 10:25:00,186,186,186,186,5000
2022-03-10 10:26:00,186,186,186,186,6400
2022-03-10 10:27:00,186,186,186,186,36000
2022-03-10 10:28:00,186,186,186,186,40000
2022-03-10 10:29:00,186,186,186,186,265000
2022-03-10 10:30:00,186,185,186,185,263400
2022-03-10 10:31:00,186,185,186,185,0
2022-03-10 10:32:00,185,185,186,186,170700
2022-03-10 10:33:00,186,186,186,186,2500
2022-03-10 10:34:00,186,186,186,186,9000
2022-03-10 10:35:00,186,186,186,186,10000
2022-03-10 10:36:00,186,186,186,186,0
2022-03-10 10:37:00,186,186,186,186,82900
2022-03-10 10:38:00,186,186,186,186,20100
2022-03-10 10:39:00,185,185,185,185,6900
2022-03-10 10:40:00,185,185,186,186,51800
2022-03-10 10:41:00,186,185,186,186,119600
2022-03-10 10:42:00,186,186,186,186,700
2022-03-10 10:43:00,186,186,186,186,0
2022-03-10 10:44:00,186,186,187,186,32500
2022-03-10 10:45:00,186,186,186,186,1100
2022-03-10 10:46:00,186,186,186,186,600
2022-03-10 10:47:00,186,186,186,186,0
2022-03-10 10:48:00,186,186,186,186,200
2022-03-10 10:49:00,186,186,186,186,0
2022-03-10 10:50:00,186,186,186,186,200
2022-03-10 10:51:00,186,186,186,186,0
2022-03-10 10:52:00,187,187,187,187,100
2022-03-10 10:53:00,187,187,187,187,0
2022-03-10 10:54:00,187,186,187,186,124200
2022-03-10 10:55:00,187,186,187,186,0
2022-03-10 10:56:00,187,186,187,186,0
2022-03-10 10:57:00,187,186,187,186,0
2022-03-10 10:58:00,186,186,186,186,1000
2022-03-10 10:59:00,186,186,186,186,100500
2022-03-10 11:00:00,186,186,186,186,5000
2022-03-10 11:01:00,187,185,187,185,302900
2022-03-10 11:02:00,186,185,186,185,1600
2022-03-10 11:03:00,185,185,185,185,135600
2022-03-10 11:04:00,185,185,185,185,0
2022-03-10 11:05:00,185,185,186,186,5100
2022-03-10 11:06:00,186,185,186,185,8400
2022-03-10 11:07:00,186,186,186,186,50000
2022-03-10 11:08:00,186,186,186,186,0
2022-03-10 11:09:00,185,185,185,185,2500
2022-03-10 11:10:00,186,186,186,186,30300
2022-03-10 11:11:00,186,186,186,186,60000
2022-03-10 11:12:00,186,186,186,186,28300
2022-03-10 11:13:00,186,186,186,186,0
2022-03-10 11:14:00,185,185,185,185,48600
2022-03-10 11:15:00,185,185,185,185,100
2022-03-10 11:16:00,186,186,186,186,100000
2022-03-10 11:17:00,185,185,185,185,900
2022-03-10 11:18:00,186,186,186,186,4600
2022-03-10 11:19:00,186,186,186,186,31600
2022-03-10 11:20:00,186,185,186,185,1600
2022-03-10 11:21:00,186,186,186,186,2500
2022-03-10 11:22:00,186,186,186,186,500
2022-03-10 11:23:00,186,186,186,186,10700
2022-03-10 11:24:00,186,186,186,186,5500
2022-03-10 11:25:00,186,186,186,186,0
2022-03-10 11:26:00,186,186,186,186,0
2022-03-10 11:27:00,185,185,185,185,100000
2022-03-10 11:28:00,185,185,185,185,7500
2022-03-10 11:29:00,185,185,185,185,0
2022-03-10 11:30:00,185,185,185,185,0
2022-03-10 11:31:00,185,185,185,185,0
2022-03-10 11:32:00,185,185,185,185,0
2022-03-10 11:33:00,185,185,185,185,0
2022-03-10 11:34:00,185,185,185,185,0
2022-03-10 11:35:00,185,185,185,185,0
2022-03-10 11:36:00,185,185,185,185,0
2022-03-10 11:37:00,185,185,185,185,0
2022-03-10 11:38:00,185,185,185,185,0
2022-03-10 11:39:00,185,185,185,185,0
2022-03-10 11:40:00,185,185,185,185,0
2022-03-10 11:41:00,185,185,185,185,0
2022-03-10 11:42:00,185,185,185,185,0
2022-03-10 11:43:00,185,185,185,185,0
2022-03-10 11:44:00,185,185,185,185,0
2022-03-10 11:45:00,185,185,185,185,0
2022-03-10 11:46:00,185,185,185,185,0
2022-03-10 11:47:00,185,185,185,185,0
2022-03-10 11:48:00,185,185,185,185,0
2022-03-10 11:49:00,185,185,185,185,0
2022-03-10 11:50:00,185,185,185,185,0
2022-03-10 11:51:00,185,185,185,185,0
2022-03-10 11:52:00,185,185,185,185,0
2022-03-10 11:53:00,185,185,185,185,0
2022-03-10 11:54:00,185,185,185,185,0
2022-03-10 11:55:00,185,185,185,185,0
2022-03-10 11:56:00,185,185,185,185,0
2022-03-10 11:57:00,185,185,185,185,0
2022-03-10 11:58:00,185,185,185,185,0
2022-03-10 11:59:00,185,185,185,185,0
2022-03-10 12:00:00,185,185,185,185,0
2022-03-10 12:01:00,185,185,185,185,0
2022-03-10 12:02:00,185,185,185,185,0
2022-03-10 12:03:00,185,185,185,185,0
2022-03-10 12:04:00,185,185,185,185,0
2022-03-10 12:05:00,185,185,185,185,0
2022-03-10 12:06:00,185,185,185,185,0
2022-03-10 12:07:00,185,185,185,185,0
2022-03-10 12:08:00,185,185,185,185,0
2022-03-10 12:09:00,185,185,185,185,0
2022-03-10 12:10:00,185,185,185,185,0
2022-03-10 12:11:00,185,185,185,185,0
2022-03-10 12:12:00,185,185,185,185,0
2022-03-10 12:13:00,185,185,185,185,0
2022-03-10 12:14:00,185,185,185,185,0
2022-03-10 12:15:00,185,185,185,185,0
2022-03-10 12:16:00,185,185,185,185,0
2022-03-10 12:17:00,185,185,185,185,0
2022-03-10 12:18:00,185,185,185,185,0
2022-03-10 12:19:00,185,185,185,185,0
2022-03-10 12:20:00,185,185,185,185,0
2022-03-10 12:21:00,185,185,185,185,0
2022-03-10 12:22:00,185,185,185,185,0
2022-03-10 12:23:00,185,185,185,185,0
2022-03-10 12:24:00,185,185,185,185,0
2022-03-10 12:25:00,185,185,185,185,0
2022-03-10 12:26:00,185,185,185,185,0
2022-03-10 12:27:00,185,185,185,185,0
2022-03-10 12:28:00,185,185,185,185,0
2022-03-10 12:29:00,185,185,185,185,0
2022-03-10 12:30:00,185,185,185,185,0
2022-03-10 12:31:00,185,185,185,185,0
2022-03-10 12:32:00,185,185,185,185,0
2022-03-10 12:33:00,185,185,185,185,0
2022-03-10 12:34:00,185,185,185,185,0
2022-03-10 12:35:00,185,185,185,185,0
2022-03-10 12:36:00,185,185,185,185,0
2022-03-10 12:37:00,185,185,185,185,0
2022-03-10 12:38:00,185,185,185,185,0
2022-03-10 12:39:00,185,185,185,185,0
2022-03-10 12:40:00,185,185,185,185,0
2022-03-10 12:41:00,185,185,185,185,0
2022-03-10 12:42:00,185,185,185,185,0
2022-03-10 12:43:00,185,185,185,185,0
2022-03-10 12:44:00,185,185,185,185,0
2022-03-10 12:45:00,185,185,185,185,0
2022-03-10 12:46:00,185,185,185,185,0
2022-03-10 12:47:00,185,185,185,185,0
2022-03-10 12:48:00,185,185,185,185,0
2022-03-10 12:49:00,185,185,185,185,0
2022-03-10 12:50:00,185,185,185,185,0
2022-03-10 12:51:00,185,185,185,185,0
2022-03-10 12:52:00,185,185,185,185,0
2022-03-10 12:53:00,185,185,185,185,0
2022-03-10 12:54:00,185,185,185,185,0
2022-03-10 12:55:00,185,185,185,185,0
2022-03-10 12:56:00,185,185,185,185,0
2022-03-10 12:57:00,185,185,185,185,0
2022-03-10 12:58:00,185,185,185,185,0
2022-03-10 12:59:00,185,185,185,185,0
2022-03-10 13:00:00,185,185,185,185,0
2022-03-10 13:01:00,185,185,185,185,0
2022-03-10 13:02:00,185,185,185,185,0
2022-03-10 13:03:00,185,185,185,185,0
2022-03-10 13:04:00,185,185,185,185,0
2022-03-10 13:05:00,185,185,185,185,0
2022-03-10 13:06:00,185,185,185,185,0
2022-03-10 13:07:00,185,185,185,185,0
2022-03-10 13:08:00,185,185,185,185,0
2022-03-10 13:09:00,185,185,185,185,0
2022-03-10 13:10:00,185,185,185,185,0
2022-03-10 13:11:00,185,185,185,185,0
2022-03-10 13:12:00,185,185,185,185,0
2022-03-10 13:13:00,185,185,185,185,0
2022-03-10 13:14:00,185,185,185,185,0
2022-03-10 13:15:00,185,185,185,185,0
2022-03-10 13:16:00,185,185,185,185,0
2022-03-10 13:17:00,185,185,185,185,0
2022-03-10 13:18:00,185,185,185,185,0
2022-03-10 13:19:00,185,185,185,185,0
2022-03-10 13:20:00,185,185,185,185,0
2022-03-10 13:21:00,185,185,185,185,0
2022-03-10 13:22:00,185,185,185,185,0
2022-03-10 13:23:00,185,185,185,185,0
2022-03-10 13:24:00,185,185,185,185,0
2022-03-10 13:25:00,185,185,185,185,0
2022-03-10 13:26:00,185,185,185,185,0
2022-03-10 13:27:00,185,185,185,185,0
2022-03-10 13:28:00,185,185,185,185,0
2022-03-10 13:29:00,185,185,185,185,0
2022-03-10 13:30:00,185,185,186,185,335900
2022-03-10 13:31:00,185,185,186,185,0
2022-03-10 13:32:00,185,185,185,185,100000
2022-03-10 13:33:00,185,185,185,185,0
2022-03-10 13:34:00,186,185,186,186,51100
2022-03-10 13:35:00,186,186,186,186,10100
2022-03-10 13:36:00,186,186,186,186,0
2022-03-10 13:37:00,186,186,186,186,11700
2022-03-10 13:38:00,186,186,186,186,1300
2022-03-10 13:39:00,186,186,186,186,5000
2022-03-10 13:40:00,186,186,186,186,500
2022-03-10 13:41:00,186,186,186,186,25100
2022-03-10 13:42:00,186,186,186,186,50000
2022-03-10 13:43:00,185,185,185,185,25000
2022-03-10 13:44:00,185,185,185,185,9500
2022-03-10 13:45:00,186,186,186,186,1000
2022-03-10 13:46:00,186,185,186,185,65700
2022-03-10 13:47:00,185,185,185,185,230000
2022-03-10 13:48:00,185,185,185,185,0
2022-03-10 13:49:00,185,185,186,186,35000
2022-03-10 13:50:00,186,186,186,186,255400
2022-03-10 13:51:00,186,186,186,186,100000
2022-03-10 13:52:00,186,186,187,187,400
2022-03-10 13:53:00,187,186,187,187,4800
2022-03-10 13:54:00,187,187,187,187,122900
2022-03-10 13:55:00,187,187,187,187,350600
2022-03-10 13:56:00,187,187,188,187,11500
2022-03-10 13:57:00,187,187,187,187,55100
2022-03-10 13:58:00,187,187,188,187,119200
2022-03-10 13:59:00,187,187,187,187,2000
2022-03-10 14:00:00,186,186,186,186,500
2022-03-10 14:01:00,187,187,187,187,10100
2022-03-10 14:02:00,187,187,187,187,0
2022-03-10 14:03:00,187,187,187,187,0
2022-03-10 14:04:00,186,186,187,187,517400
2022-03-10 14:05:00,186,186,187,187,0
2022-03-10 14:06:00,187,187,187,187,700
2022-03-10 14:07:00,187,187,187,187,0
2022-03-10 14:08:00,187,187,187,187,50100
2022-03-10 14:09:00,186,186,186,186,1100
2022-03-10 14:10:00,186,186,186,186,500
2022-03-10 14:11:00,186,186,186,186,5000
2022-03-10 14:12:00,187,187,187,187,7000
2022-03-10 14:13:00,187,186,187,186,46700
2022-03-10 14:14:00,187,186,187,186,70500
2022-03-10 14:15:00,187,186,187,186,5100
2022-03-10 14:16:00,187,186,187,186,0
2022-03-10 14:17:00,186,186,187,187,64700
2022-03-10 14:18:00,187,186,187,186,220200
2022-03-10 14:19:00,186,186,186,186,17500
2022-03-10 14:20:00,186,186,186,186,3900
2022-03-10 14:21:00,186,186,186,186,500
2022-03-10 14:22:00,186,186,186,186,5600
2022-03-10 14:23:00,185,185,187,187,483200
2022-03-10 14:24:00,187,186,187,186,1200
2022-03-10 14:25:00,186,186,186,186,200000
2022-03-10 14:26:00,187,187,187,187,40500
2022-03-10 14:27:00,187,187,187,187,0
2022-03-10 14:28:00,187,187,187,187,0
2022-03-10 14:29:00,187,187,187,187,111900
2022-03-10 14:30:00,187,187,187,187,95300
2022-03-10 14:31:00,187,187,187,187,500
2022-03-10 14:32:00,188,188,188,188,5000
2022-03-10 14:33:00,188,188,188,188,300
2022-03-10 14:34:00,188,187,188,187,139500
2022-03-10 14:35:00,187,187,188,188,86000
2022-03-10 14:36:00,188,188,188,188,5000
2022-03-10 14:37:00,187,187,187,187,11000
2022-03-10 14:38:00,188,188,188,188,500
2022-03-10 14:39:00,188,188,188,188,2000
2022-03-10 14:40:00,187,187,187,187,900
2022-03-10 14:41:00,187,187,187,187,0
2022-03-10 14:42:00,188,188,188,188,100000
2022-03-10 14:43:00,188,187,188,187,130000
2022-03-10 14:44:00,187,187,188,188,58600
2022-03-10 14:45:00,188,188,188,188,8800
2022-03-10 14:46:00,188,188,189,189,89000
2022-03-10 14:47:00,189,189,189,189,12000
2022-03-10 14:48:00,188,188,188,188,215000
2022-03-10 14:49:00,188,187,188,188,219100
2022-03-10 14:50:00,188,187,188,188,0
2022-03-10 14:51:00,188,187,188,188,0
2022-03-10 14:52:00,188,187,188,188,0
2022-03-10 14:53:00,188,187,188,188,0
2022-03-10 14:54:00,188,187,188,188,0
2022-03-10 14:55:00,188,187,188,188,0
2022-03-10 14:56:00,188,187,188,188,0
2022-03-10 14:57:00,188,187,188,188,0
2022-03-10 14:58:00,188,187,188,188,0
2022-03-10 14:59:00,188,187,188,188,0
2022-03-10 15:00:00,188,188,188,188,552800
2022-03-10 15:01:00,188,188,188,188,200000
2022-03-10 15:02:00,188,188,188,188,137600
2022-03-10 15:03:00,188,188,188,188,100
2022-03-10 15:04:00,188,188,188,188,10400
2022-03-10 15:05:00,188,188,188,188,38600
2022-03-10 15:06:00,188,188,188,188,359800
2022-03-10 15:07:00,188,188,188,188,0
2022-03-10 15:08:00,188,188,188,188,42500
2022-03-10 15:09:00,188,188,188,188,13000
2022-03-10 15:10:00,188,188,188,188,0
2022-03-10 15:11:00,188,188,188,188,0
2022-03-10 15:12:00,188,188,188,188,28000
2022-03-10 15:13:00,188,188,188,188,18500
2022-03-10 15:14:00,188,188,188,188,10000
2022-03-10 15:15:00,188,188,188,188,0
2022-03-10 15:16:00,188,188,188,188,0
2022-03-10 15:17:00,188,188,188,188,0
2022-03-10 15:18:00,188,188,188,188,0
2022-03-10 15:19:00,188,188,188,188,0
2022-03-10 15:20:00,188,188,188,188,0
2022-03-10 15:21:00,188,188,188,188,0
2022-03-10 15:22:00,188,188,188,188,0
2022-03-10 15:23:00,188,188,188,188,0
2022-03-10 15:24:00,188,188,188,188,0
2022-03-10 15:25:00,188,188,188,188,0
2022-03-10 15:26:00,188,188,188,188,0
2022-03-10 15:27:00,188,188,188,188,0
2022-03-10 15:28:00,188,188,188,188,0
2022-03-10 15:29:00,188,188,188,188,0
2022-03-10 15:30:00,188,188,188,188,0
2022-03-10 15:31:00,188,188,188,188,0
2022-03-10 15:32:00,188,188,188,188,0
2022-03-10 15:33:00,188,188,188,188,0
2022-03-10 15:34:00,188,188,188,188,0
2022-03-10 15:35:00,188,188,188,188,0
2022-03-10 15:36:00,188,188,188,188,0
2022-03-10 15:37:00,188,188,188,188,0
2022-03-10 15:38:00,188,188,188,188,0
2022-03-10 15:39:00,188,188,188,188,0
2022-03-10 15:40:00,188,188,188,188,0
2022-03-10 15:41:00,188,188,188,188,0
2022-03-10 15:42:00,188,188,188,188,0
2022-03-10 15:43:00,188,188,188,188,0
2022-03-10 15:44:00,188,188,188,188,0
2022-03-10 15:45:00,188,188,188,188,0
2022-03-10 15:46:00,188,188,188,188,0
2022-03-10 15:47:00,188,188,188,188,0
2022-03-10 15:48:00,188,188,188,188,0
2022-03-10 15:49:00,188,188,188,188,0
2022-03-10 15:50:00,188,188,188,188,0
2022-03-10 15:51:00,188,188,188,188,0
2022-03-10 15:52:00,188,188,188,188,0
2022-03-10 15:53:00,188,188,188,188,0
2022-03-10 15:54:00,188,188,188,188,0
2022-03-10 15:55:00,188,188,188,188,0
2022-03-10 15:56:00,188,188,188,188,0
2022-03-10 15:57:00,188,188,188,188,0
2022-03-10 15:58:00,188,188,188,188,0
2022-03-10 15:59:00,188,188,188,188,0
2022-03-11 09:00:00,188,186,188,186,0
2022-03-11 09:01:00,186,186,186,186,6700
2022-03-11 09:02:00,187,187,187,187,60000
2022-03-11 09:03:00,186,186,187,186,94500
2022-03-11 09:04:00,187,187,187,187,2600
2022-03-11 09:05:00,187,187,187,187,21800
2022-03-11 09:06:00,187,187,187,187,5600
2022-03-11 09:07:00,187,186,188,188,173900
2022-03-11 09:08:00,188,188,188,188,22300
2022-03-11 09:09:00,188,188,188,188,20500
2022-03-11 09:10:00,188,188,188,188,9800
2022-03-11 09:11:00,188,188,188,188,136300
2022-03-11 09:12:00,188,188,188,188,1200
2022-03-11 09:13:00,188,188,188,188,0
2022-03-11 09:14:00,189,188,189,188,26000
2022-03-11 09:15:00,188,188,189,189,11100
2022-03-11 09:16:00,189,189,189,189,222900
2022-03-11 09:17:00,190,190,190,190,327500
2022-03-11 09:18:00,189,189,190,190,10300
2022-03-11 09:19:00,190,190,190,190,299100
2022-03-11 09:20:00,190,190,190,190,74700
2022-03-11 09:21:00,190,190,190,190,200
2022-03-11 09:22:00,189,189,190,189,9100
2022-03-11 09:23:00,190,189,190,189,42200
2022-03-11 09:24:00,189,189,189,189,25000
2022-03-11 09:25:00,189,189,189,189,300
2022-03-11 09:26:00,189,189,190,190,60100
2022-03-11 09:27:00,190,190,190,190,7600
2022-03-11 09:28:00,190,190,190,190,6900
2022-03-11 09:29:00,190,190,190,190,44400
2022-03-11 09:30:00,190,190,190,190,16000
2022-03-11 09:31:00,189,189,189,189,236100
2022-03-11 09:32:00,189,189,189,189,25900
2022-03-11 09:33:00,189,189,189,189,6600
2022-03-11 09:34:00,189,189,189,189,4600
2022-03-11 09:35:00,189,189,189,189,66300
2022-03-11 09:36:00,189,188,189,188,10000
2022-03-11 09:37:00,188,188,188,188,5100
2022-03-11 09:38:00,189,189,190,190,44100
2022-03-11 09:39:00,189,189,190,189,179800
2022-03-11 09:40:00,189,189,189,189,10000
2022-03-11 09:41:00,189,188,189,189,207300
2022-03-11 09:42:00,189,189,189,189,20000
2022-03-11 09:43:00,189,189,189,189,37100
2022-03-11 09:44:00,189,189,189,189,6000
2022-03-11 09:45:00,189,189,189,189,55600
2022-03-11 09:46:00,189,189,189,189,0
2022-03-11 09:47:00,190,190,190,190,25000
2022-03-11 09:48:00,190,190,190,190,134800
2022-03-11 09:49:00,190,190,191,191,262300
2022-03-11 09:50:00,191,191,191,191,1000
2022-03-11 09:51:00,191,190,191,190,73400
2022-03-11 09:52:00,190,190,191,190,131000
2022-03-11 09:53:00,191,191,191,191,2800
2022-03-11 09:54:00,191,191,191,191,33000
2022-03-11 09:55:00,191,191,191,191,25000
2022-03-11 09:56:00,191,191,191,191,0
2022-03-11 09:57:00,190,190,190,190,25000
2022-03-11 09:58:00,190,189,190,189,197800
2022-03-11 09:59:00,190,190,190,190,55000
2022-03-11 10:00:00,190,190,190,190,100
2022-03-11 10:01:00,190,190,190,190,10100
2022-03-11 10:02:00,190,190,190,190,5000
2022-03-11 10:03:00,190,190,190,190,5000
2022-03-11 10:04:00,190,190,190,190,5000
2022-03-11 10:05:00,190,190,190,190,10000
2022-03-11 10:06:00,190,190,190,190,0
2022-03-11 10:07:00,190,190,190,190,1100
2022-03-11 10:08:00,190,190,190,190,0
2022-03-11 10:09:00,190,190,190,190,200
2022-03-11 10:10:00,190,190,190,190,20000
2022-03-11 10:11:00,190,190,190,190,0
2022-03-11 10:12:00,190,190,190,190,50100
2022-03-11 10:13:00,190,190,190,190,0
2022-03-11 10:14:00,189,189,189,189,1000
2022-03-11 10:15:00,189,189,189,189,6900
2022-03-11 10:16:00,189,189,189,189,5000
2022-03-11 10:17:00,189,189,189,189,0
2022-03-11 10:18:00,189,189,189,189,23800
2022-03-11 10:19:00,189,189,189,189,0
2022-03-11 10:20:00,189,189,189,189,0
2022-03-11 10:21:00,189,189,189,189,500
2022-03-11 10:22:00,189,189,189,189,0
2022-03-11 10:23:00,189,189,189,189,0
2022-03-11 10:24:00,190,190,190,190,1900
2022-03-11 10:25:00,190,190,190,190,2600
2022-03-11 10:26:00,190,190,190,190,100000
2022-03-11 10:27:00,190,190,190,190,4057900
2022-03-11 10:28:00,190,190,190,190,45200
2022-03-11 10:29:00,190,190,190,190,500
2022-03-11 10:30:00,190,190,190,190,8700
2022-03-11 10:31:00,190,190,191,190,82500
2022-03-11 10:32:00,190,189,190,190,3700
2022-03-11 10:33:00,190,189,190,190,0
2022-03-11 10:34:00,190,190,190,190,110200
2022-03-11 10:35:00,190,190,190,190,54100
2022-03-11 10:36:00,190,190,190,190,200
2022-03-11 10:37:00,190,190,190,190,0
2022-03-11 10:38:00,190,190,190,190,5000
2022-03-11 10:39:00,190,190,190,190,64000
2022-03-11 10:40:00,190,190,190,190,0
2022-03-11 10:41:00,190,190,190,190,5000
2022-03-11 10:42:00,190,190,190,190,77500
2022-03-11 10:43:00,190,190,190,190,0
2022-03-11 10:44:00,190,190,190,190,0
2022-03-11 10:45:00,190,190,190,190,0
2022-03-11 10:46:00,190,190,190,190,1000
2022-03-11 10:47:00,190,190,190,190,0
2022-03-11 10:48:00,190,190,190,190,1200
2022-03-11 10:49:00,189,189,189,189,433300
2022-03-11 10:50:00,189,189,189,189,0
2022-03-11 10:51:00,189,189,189,189,0
2022-03-11 10:52:00,189,189,189,189,0
2022-03-11 10:53:00,189,189,189,189,153000
2022-03-11 10:54:00,189,189,189,189,113800
2022-03-11 10:55:00,189,189,189,189,4900
2022-03-11 10:56:00,189,189,189,189,300
2022-03-11 10:57:00,189,189,189,189,0
2022-03-11 10:58:00,189,189,189,189,0
2022-03-11 10:59:00,189,189,189,189,0
2022-03-11 11:00:00,189,189,189,189,0
2022-03-11 11:01:00,189,189,189,189,0
2022-03-11 11:02:00,189,189,189,189,0
2022-03-11 11:03:00,189,189,189,189,2100
2022-03-11 11:04:00,189,189,189,189,0
2022-03-11 11:05:00,189,189,189,189,0
2022-03-11 11:06:00,189,189,189,189,0
2022-03-11 11:07:00,188,188,188,188,250000
2022-03-11 11:08:00,188,188,188,188,400300
2022-03-11 11:09:00,189,189,189,189,80000
2022-03-11 11:10:00,189,189,189,189,4200
2022-03-11 11:11:00,189,189,189,189,0
2022-03-11 11:12:00,189,189,189,189,1200
2022-03-11 11:13:00,190,190,190,190,100
2022-03-11 11:14:00,190,190,190,190,0
2022-03-11 11:15:00,190,190,190,190,0
2022-03-11 11:16:00,190,190,190,190,0
2022-03-11 11:17:00,189,189,189,189,80000
2022-03-11 11:18:00,189,189,189,189,8000
2022-03-11 11:19:00,189,189,189,189,0
2022-03-11 11:20:00,189,189,189,189,0
2022-03-11 11:21:00,188,188,188,188,8200
2022-03-11 11:22:00,188,188,188,188,0
2022-03-11 11:23:00,188,188,188,188,24000
2022-03-11 11:24:00,188,188,188,188,0
2022-03-11 11:25:00,188,188,188,188,0
2022-03-11 11:26:00,188,188,188,188,0
2022-03-11 11:27:00,188,188,188,188,2000
2022-03-11 11:28:00,188,188,188,188,5000
2022-03-11 11:29:00,188,188,188,188,400
2022-03-11 11:30:00,188,188,188,188,0
2022-03-11 11:31:00,188,188,188,188,0
2022-03-11 11:32:00,188,188,188,188,0
2022-03-11 11:33:00,188,188,188,188,0
2022-03-11 11:34:00,188,188,188,188,0
2022-03-11 11:35:00,188,188,188,188,0
2022-03-11 11:36:00,188,188,188,188,0
2022-03-11 11:37:00,188,188,188,188,0
2022-03-11 11:38:00,188,188,188,188,0
2022-03-11 11:39:00,188,188,188,188,0
2022-03-11 11:40:00,188,188,188,188,0
2022-03-11 11:41:00,188,188,188,188,0
2022-03-11 11:42:00,188,188,188,188,0
2022-03-11 11:43:00,188,188,188,188,0
2022-03-11 11:44:00,188,188,188,188,0
2022-03-11 11:45:00,188,188,188,188,0
2022-03-11 11:46:00,188,188,188,188,0
2022-03-11 11:47:00,188,188,188,188,0
2022-03-11 11:48:00,188,188,188,188,0
2022-03-11 11:49:00,188,188,188,188,0
2022-03-11 11:50:00,188,188,188,188,0
2022-03-11 11:51:00,188,188,188,188,0
2022-03-11 11:52:00,188,188,188,188,0
2022-03-11 11:53:00,188,188,188,188,0
2022-03-11 11:54:00,188,188,188,188,0
2022-03-11 11:55:00,188,188,188,188,0
2022-03-11 11:56:00,188,188,188,188,0
2022-03-11 11:57:00,188,188,188,188,0
2022-03-11 11:58:00,188,188,188,188,0
2022-03-11 11:59:00,188,188,188,188,0
2022-03-11 12:00:00,188,188,188,188,0
2022-03-11 12:01:00,188,188,188,188,0
2022-03-11 12:02:00,188,188,188,188,0
2022-03-11 12:03:00,188,188,188,188,0
2022-03-11 12:04:00,188,188,188,188,0
2022-03-11 12:05:00,188,188,188,188,0
2022-03-11 12:06:00,188,188,188,188,0
2022-03-11 12:07:00,188,188,188,188,0
2022-03-11 12:08:00,188,188,188,188,0
2022-03-11 12:09:00,188,188,188,188,0
2022-03-11 12:10:00,188,188,188,188,0
2022-03-11 12:11:00,188,188,188,188,0
2022-03-11 12:12:00,188,188,188,188,0
2022-03-11 12:13:00,188,188,188,188,0
2022-03-11 12:14:00,188,188,188,188,0
2022-03-11 12:15:00,188,188,188,188,0
2022-03-11 12:16:00,188,188,188,188,0
2022-03-11 12:17:00,188,188,188,188,0
2022-03-11 12:18:00,188,188,188,188,0
2022-03-11 12:19:00,188,188,188,188,0
2022-03-11 12:20:00,188,188,188,188,0
2022-03-11 12:21:00,188,188,188,188,0
2022-03-11 12:22:00,188,188,188,188,0
2022-03-11 12:23:00,188,188,188,188,0
2022-03-11 12:24:00,188,188,188,188,0
2022-03-11 12:25:00,188,188,188,188,0
2022-03-11 12:26:00,188,188,188,188,0
2022-03-11 12:27:00,188,188,188,188,0
2022-03-11 12:28:00,188,188,188,188,0
2022-03-11 12:29:00,188,188,188,188,0
2022-03-11 12:30:00,188,188,188,188,0
2022-03-11 12:31:00,188,188,188,188,0
2022-03-11 12:32:00,188,188,188,188,0
2022-03-11 12:33:00,188,188,188,188,0
2022-03-11 12:34:00,188,188,188,188,0
2022-03-11 12:35:00,188,188,188,188,0
2022-03-11 12:36:00,188,188,188,188,0
2022-03-11 12:37:00,188,188,188,188,0
2022-03-11 12:38:00,188,188,188,188,0
2022-03-11 12:39:00,188,188,188,188,0
2022-03-11 12:40:00,188,188,188,188,0
2022-03-11 12:41:00,188,188,188,188,0
2022-03-11 12:42:00,188,188,188,188,0
2022-03-11 12:43:00,188,188,188,188,0
2022-03-11 12:44:00,188,188,188,188,0
2022-03-11 12:45:00,188,188,188,188,0
2022-03-11 12:46:00,188,188,188,188,0
2022-03-11 12:47:00,188,188,188,188,0
2022-03-11 12:48:00,188,188,188,188,0
2022-03-11 12:49:00,188,188,188,188,0
2022-03-11 12:50:00,188,188,188,188,0
2022-03-11 12:51:00,188,188,188,188,0
2022-03-11 12:52:00,188,188,188,188,0
2022-03-11 12:53:00,188,188,188,188,0
2022-03-11 12:54:00,188,188,188,188,0
2022-03-11 12:55:00,188,188,188,188,0
2022-03-11 12:56:00,188,188,188,188,0
2022-03-11 12:57:00,188,188,188,188,0
2022-03-11 12:58:00,188,188,188,188,0
2022-03-11 12:59:00,188,188,188,188,0
2022-03-11 13:00:00,188,188,188,188,0
2022-03-11 13:01:00,188,188,188,188,0
2022-03-11 13:02:00,188,188,188,188,0
2022-03-11 13:03:00,188,188,188,188,0
2022-03-11 13:04:00,188,188,188,188,0
2022-03-11 13:05:00,188,188,188,188,0
2022-03-11 13:06:00,188,188,188,188,0
2022-03-11 13:07:00,188,188,188,188,0
2022-03-11 13:08:00,188,188,188,188,0
2022-03-11 13:09:00,188,188,188,188,0
2022-03-11 13:10:00,188,188,188,188,0
2022-03-11 13:11:00,188,188,188,188,0
2022-03-11 13:12:00,188,188,188,188,0
2022-03-11 13:13:00,188,188,188,188,0
2022-03-11 13:14:00,188,188,188,188,0
2022-03-11 13:15:00,188,188,188,188,0
2022-03-11 13:16:00,188,188,188,188,0
2022-03-11 13:17:00,188,188,188,188,0
2022-03-11 13:18:00,188,188,188,188,0
2022-03-11 13:19:00,188,188,188,188,0
2022-03-11 13:20:00,188,188,188,188,0
2022-03-11 13:21:00,188,188,188,188,0
2022-03-11 13:22:00,188,188,188,188,0
2022-03-11 13:23:00,188,188,188,188,0
2022-03-11 13:24:00,188,188,188,188,0
2022-03-11 13:25:00,188,188,188,188,0
2022-03-11 13:26:00,188,188,188,188,0
2022-03-11 13:27:00,188,188,188,188,0
2022-03-11 13:28:00,188,188,188,188,0
2022-03-11 13:29:00,188,188,188,188,0
2022-03-11 13:30:00,188,188,188,188,11100
2022-03-11 13:31:00,188,188,188,188,1000
2022-03-11 13:32:00,188,188,188,188,3000
2022-03-11 13:33:00,188,188,188,188,0
2022-03-11 13:34:00,189,189,189,189,6700
2022-03-11 13:35:00,188,188,188,188,100000
2022-03-11 13:36:00,188,188,188,188,10000
2022-03-11 13:37:00,188,188,188,188,37700
2022-03-11 13:38:00,188,188,188,188,0
2022-03-11 13:39:00,188,187,188,187,216600
2022-03-11 13:40:00,188,188,188,188,5500
2022-03-11 13:41:00,188,188,188,188,1000
2022-03-11 13:42:00,188,188,188,188,0
2022-03-11 13:43:00,188,188,188,188,105500
2022-03-11 13:44:00,188,188,188,188,100700
2022-03-11 13:45:00,188,188,188,188,33500
2022-03-11 13:46:00,187,187,187,187,100
2022-03-11 13:47:00,187,187,187,187,36300
2022-03-11 13:48:00,187,187,188,187,27800
2022-03-11 13:49:00,188,187,188,187,60000
2022-03-11 13:50:00,188,187,188,187,0
2022-03-11 13:51:00,188,187,188,187,0
2022-03-11 13:52:00,188,187,188,187,0
2022-03-11 13:53:00,188,187,188,187,0
2022-03-11 13:54:00,188,187,188,187,0
2022-03-11 13:55:00,187,187,187,187,36000
2022-03-11 13:56:00,187,187,187,187,0
2022-03-11 13:57:00,187,187,187,187,4700
2022-03-11 13:58:00,187,187,187,187,1100
2022-03-11 13:59:00,187,187,187,187,0
2022-03-11 14:00:00,187,187,187,187,0
2022-03-11 14:01:00,188,188,188,188,10100
2022-03-11 14:02:00,188,187,188,188,27900
2022-03-11 14:03:00,188,187,188,188,0
2022-03-11 14:04:00,188,187,188,188,0
2022-03-11 14:05:00,188,188,188,188,50100
2022-03-11 14:06:00,187,187,188,188,11000
2022-03-11 14:07:00,187,187,188,188,82800
2022-03-11 14:08:00,188,188,188,188,27900
2022-03-11 14:09:00,188,188,188,188,40700
2022-03-11 14:10:00,188,187,188,187,10800
2022-03-11 14:11:00,187,187,187,187,1600
2022-03-11 14:12:00,187,187,187,187,0
2022-03-11 14:13:00,188,188,188,188,2000
2022-03-11 14:14:00,188,188,188,188,27100
2022-03-11 14:15:00,188,188,188,188,25100
2022-03-11 14:16:00,188,188,188,188,0
2022-03-11 14:17:00,188,188,188,188,500
2022-03-11 14:18:00,187,187,188,188,10100
2022-03-11 14:19:00,188,188,188,188,8100
2022-03-11 14:20:00,188,188,188,188,1000
2022-03-11 14:21:00,187,187,187,187,4500
2022-03-11 14:22:00,187,187,188,188,6600
2022-03-11 14:23:00,188,188,188,188,600
2022-03-11 14:24:00,188,188,188,188,4100
2022-03-11 14:25:00,188,188,188,188,0
2022-03-11 14:26:00,188,188,188,188,13300
2022-03-11 14:27:00,188,188,188,188,100
2022-03-11 14:28:00,188,188,188,188,21700
2022-03-11 14:29:00,188,188,188,188,0
2022-03-11 14:30:00,188,188,188,188,17100
2022-03-11 14:31:00,188,188,188,188,0
2022-03-11 14:32:00,188,188,188,188,14100
2022-03-11 14:33:00,188,188,188,188,0
2022-03-11 14:34:00,188,188,188,188,3500
2022-03-11 14:35:00,188,188,188,188,2600
2022-03-11 14:36:00,188,187,188,187,700
2022-03-11 14:37:00,188,187,188,187,0
2022-03-11 14:38:00,188,187,188,187,0
2022-03-11 14:39:00,188,187,188,187,0
2022-03-11 14:40:00,187,187,187,187,2200
2022-03-11 14:41:00,187,187,187,187,862300
2022-03-11 14:42:00,187,187,187,187,0
2022-03-11 14:43:00,187,186,187,187,85400
2022-03-11 14:44:00,186,186,187,187,220200
2022-03-11 14:45:00,187,186,187,186,9500
2022-03-11 14:46:00,186,186,187,187,169700
2022-03-11 14:47:00,187,187,187,187,60000
2022-03-11 14:48:00,187,187,187,187,57000
2022-03-11 14:49:00,187,187,187,187,12500
2022-03-11 14:50:00,187,187,187,187,0
2022-03-11 14:51:00,187,187,187,187,0
2022-03-11 14:52:00,187,187,187,187,0
2022-03-11 14:53:00,187,187,187,187,0
2022-03-11 14:54:00,187,187,187,187,0
2022-03-11 14:55:00,187,187,187,187,0
2022-03-11 14:56:00,187,187,187,187,0
2022-03-11 14:57:00,187,187,187,187,0
2022-03-11 14:58:00,187,187,187,187,0
2022-03-11 14:59:00,187,187,187,187,0
2022-03-11 15:00:00,187,187,187,187,486300
2022-03-11 15:01:00,187,187,187,187,20100
2022-03-11 15:02:00,187,187,187,187,5000
2022-03-11 15:03:00,187,187,187,187,700
2022-03-11 15:04:00,187,187,187,187,5000
2022-03-11 15:05:00,187,187,187,187,1700
2022-03-11 15:06:00,187,187,187,187,10200
2022-03-11 15:07:00,187,187,187,187,0
2022-03-11 15:08:00,187,187,187,187,121300
2022-03-11 15:09:00,187,187,187,187,200
2022-03-11 15:10:00,187,187,187,187,9500
2022-03-11 15:11:00,187,187,187,187,0
2022-03-11 15:12:00,187,187,187,187,22100
2022-03-11 15:13:00,187,187,187,187,0
2022-03-11 15:14:00,187,187,187,187,20000
2022-03-11 15:15:00,187,187,187,187,0
2022-03-11 15:16:00,187,187,187,187,0
2022-03-11 15:17:00,187,187,187,187,0
2022-03-11 15:18:00,187,187,187,187,0
2022-03-11 15:19:00,187,187,187,187,0
2022-03-11 15:20:00,187,187,187,187,0
2022-03-11 15:21:00,187,187,187,187,0
2022-03-11 15:22:00,187,187,187,187,0
2022-03-11 15:23:00,187,187,187,187,0
2022-03-11 15:24:00,187,187,187,187,0
2022-03-11 15:25:00,187,187,187,187,0
2022-03-11 15:26:00,187,187,187,187,0
2022-03-11 15:27:00,187,187,187,187,0
2022-03-11 15:28:00,187,187,187,187,0
2022-03-11 15:29:00,187,187,187,187,0
2022-03-11 15:30:00,187,187,187,187,0
2022-03-11 15:31:00,187,187,187,187,0
2022-03-11 15:32:00,187,187,187,187,0
2022-03-11 15:33:00,187,187,187,187,0
2022-03-11 15:34:00,187,187,187,187,0
2022-03-11 15:35:00,187,187,187,187,0
2022-03-11 15:36:00,187,187,187,187,0
2022-03-11 15:37:00,187,187,187,187,0
2022-03-11 15:38:00,187,187,187,187,0
2022-03-11 15:39:00,187,187,187,187,0
2022-03-11 15:40:00,187,187,187,187,0
2022-03-11 15:41:00,187,187,187,187,0
2022-03-11 15:42:00,187,187,187,187,0
2022-03-11 15:43:00,187,187,187,187,0
2022-03-11 15:44:00,187,187,187,187,0
2022-03-11 15:45:00,187,187,187,187,0
2022-03-11 15:46:00,187,187,187,187,0
2022-03-11 15:47:00,187,187,187,187,0
2022-03-11 15:48:00,187,187,187,187,0
2022-03-11 15:49:00,187,187,187,187,0
2022-03-11 15:50:00,187,187,187,187,0
2022-03-11 15:51:00,187,187,187,187,0
2022-03-11 15:52:00,187,187,187,187,0
2022-03-11 15:53:00,187,187,187,187,0
2022-03-11 15:54:00,187,187,187,187,0
2022-03-11 15:55:00,187,187,187,187,0
2022-03-11 15:56:00,187,187,187,187,0
2022-03-11 15:57:00,187,187,187,187,0
2022-03-11 15:58:00,187,187,187,187,0
2022-03-11 15:59:00,187,187,187,187,0
2022-03-14 09:00:00,188,187,188,187,0
2022-03-14 09:01:00,188,187,188,187,0
2022-03-14 09:02:00,188,187,188,187,0
2022-03-14 09:03:00,187,187,187,187,7500
2022-03-14 09:04:00,187,187,187,187,0
2022-03-14 09:05:00,188,188,188,188,10000
2022-03-14 09:06:00,187,187,187,187,181200
2022-03-14 09:07:00,187,187,187,187,400
2022-03-14 09:08:00,187,187,189,189,215700
2022-03-14 09:09:00,189,189,189,189,25000
2022-03-14 09:10:00,189,188,189,188,8600
2022-03-14 09:11:00,188,188,189,189,139600
2022-03-14 09:12:00,189,189,189,189,144300
2022-03-14 09:13:00,188,188,188,188,500
2022-03-14 09:14:00,188,188,188,188,1000
2022-03-14 09:15:00,188,188,188,188,600
2022-03-14 09:16:00,189,189,189,189,10500
2022-03-14 09:17:00,188,188,188,188,19000
2022-03-14 09:18:00,189,189,189,189,122000
2022-03-14 09:19:00,189,189,189,189,30000
2022-03-14 09:20:00,188,188,189,189,155000
2022-03-14 09:21:00,189,189,189,189,1000
2022-03-14 09:22:00,189,189,189,189,600
2022-03-14 09:23:00,189,189,189,189,0
2022-03-14 09:24:00,189,189,189,189,2000
2022-03-14 09:25:00,189,189,189,189,180000
2022-03-14 09:26:00,188,188,189,189,142200
2022-03-14 09:27:00,189,189,189,189,64200
2022-03-14 09:28:00,189,189,189,189,19500
2022-03-14 09:29:00,189,189,189,189,0
2022-03-14 09:30:00,189,189,189,189,12600
2022-03-14 09:31:00,189,189,189,189,0
2022-03-14 09:32:00,189,189,189,189,141100
2022-03-14 09:33:00,188,188,188,188,23300
2022-03-14 09:34:00,188,188,188,188,0
2022-03-14 09:35:00,189,189,189,189,3000
2022-03-14 09:36:00,189,189,189,189,1000
2022-03-14 09:37:00,189,189,189,189,31000
2022-03-14 09:38:00,189,189,189,189,8600
2022-03-14 09:39:00,188,188,188,188,60000
2022-03-14 09:40:00,188,188,188,188,0
2022-03-14 09:41:00,188,188,188,188,7500
2022-03-14 09:42:00,188,188,188,188,100000
2022-03-14 09:43:00,188,188,189,189,14400
2022-03-14 09:44:00,188,188,189,189,26700
2022-03-14 09:45:00,189,189,189,189,33300
2022-03-14 09:46:00,189,189,189,189,2000
2022-03-14 09:47:00,189,189,189,189,0
2022-03-14 09:48:00,189,189,189,189,0
2022-03-14 09:49:00,189,189,189,189,10900
2022-03-14 09:50:00,189,189,189,189,2200
2022-03-14 09:51:00,189,189,189,189,2500
2022-03-14 09:52:00,189,188,189,188,68400
2022-03-14 09:53:00,189,188,189,188,0
2022-03-14 09:54:00,189,188,189,188,0
2022-03-14 09:55:00,188,188,189,189,60000
2022-03-14 09:56:00,189,189,189,189,38300
2022-03-14 09:57:00,189,188,189,188,363000
2022-03-14 09:58:00,189,189,189,189,100000
2022-03-14 09:59:00,189,189,189,189,30000
2022-03-14 10:00:00,189,189,189,189,30000
2022-03-14 10:01:00,189,189,189,189,0
2022-03-14 10:02:00,189,189,189,189,3000
2022-03-14 10:03:00,189,189,189,189,0
2022-03-14 10:04:00,189,189,189,189,0
2022-03-14 10:05:00,189,189,189,189,0
2022-03-14 10:06:00,189,189,189,189,2500
2022-03-14 10:07:00,189,189,189,189,400
2022-03-14 10:08:00,188,188,188,188,4500
2022-03-14 10:09:00,188,188,188,188,100
2022-03-14 10:10:00,188,188,188,188,0
2022-03-14 10:11:00,188,188,188,188,2500
2022-03-14 10:12:00,188,188,188,188,0
2022-03-14 10:13:00,188,188,188,188,0
2022-03-14 10:14:00,188,188,188,188,15000
2022-03-14 10:15:00,188,188,188,188,17200
2022-03-14 10:16:00,188,188,188,188,300
2022-03-14 10:17:00,188,188,188,188,1600
2022-03-14 10:18:00,188,188,188,188,0
2022-03-14 10:19:00,188,188,188,188,0
2022-03-14 10:20:00,189,189,189,189,55000
2022-03-14 10:21:00,189,189,189,189,0
2022-03-14 10:22:00,189,189,189,189,0
2022-03-14 10:23:00,188,188,188,188,22500
2022-03-14 10:24:00,189,189,189,189,3000
2022-03-14 10:25:00,189,189,189,189,0
2022-03-14 10:26:00,189,189,189,189,0
2022-03-14 10:27:00,189,189,189,189,400
2022-03-14 10:28:00,189,189,189,189,0
2022-03-14 10:29:00,189,189,189,189,0
2022-03-14 10:30:00,189,189,189,189,0
2022-03-14 10:31:00,189,189,189,189,0
2022-03-14 10:32:00,189,189,189,189,0
2022-03-14 10:33:00,189,189,189,189,0
2022-03-14 10:34:00,189,189,189,189,0
2022-03-14 10:35:00,189,189,189,189,2000
2022-03-14 10:36:00,189,189,189,189,0
2022-03-14 10:37:00,188,188,188,188,100
2022-03-14 10:38:00,188,188,188,188,0
2022-03-14 10:39:00,189,189,189,189,100
2022-03-14 10:40:00,189,189,189,189,0
2022-03-14 10:41:00,188,188,188,188,75000
2022-03-14 10:42:00,188,188,188,188,0
2022-03-14 10:43:00,188,188,188,188,10100
2022-03-14 10:44:00,189,189,189,189,100
2022-03-14 10:45:00,189,189,189,189,0
2022-03-14 10:46:00,188,188,188,188,600
2022-03-14 10:47:00,188,188,188,188,1100
2022-03-14 10:48:00,188,188,188,188,100
2022-03-14 10:49:00,188,188,188,188,0
2022-03-14 10:50:00,188,188,188,188,0
2022-03-14 10:51:00,188,188,188,188,0
2022-03-14 10:52:00,188,188,188,188,5100
2022-03-14 10:53:00,188,188,188,188,0
2022-03-14 10:54:00,188,188,188,188,100
2022-03-14 10:55:00,188,188,188,188,100
2022-03-14 10:56:00,188,188,188,188,50400
2022-03-14 10:57:00,188,188,188,188,0
2022-03-14 10:58:00,188,188,188,188,0
2022-03-14 10:59:00,188,188,188,188,5000
2022-03-14 11:00:00,188,188,188,188,0
2022-03-14 11:01:00,188,188,188,188,0
2022-03-14 11:02:00,188,188,188,188,105900
2022-03-14 11:03:00,188,188,188,188,13700
2022-03-14 11:04:00,188,188,188,188,40000
2022-03-14 11:05:00,188,188,188,188,2100
2022-03-14 11:06:00,188,188,188,188,0
2022-03-14 11:07:00,188,188,188,188,0
2022-03-14 11:08:00,188,188,188,188,35000
2022-03-14 11:09:00,188,188,188,188,40000
2022-03-14 11:10:00,188,188,188,188,0
2022-03-14 11:11:00,188,188,188,188,0
2022-03-14 11:12:00,188,188,188,188,0
2022-03-14 11:13:00,188,188,188,188,500
2022-03-14 11:14:00,188,188,188,188,0
2022-03-14 11:15:00,188,188,188,188,0
2022-03-14 11:16:00,188,188,188,188,0
2022-03-14 11:17:00,188,187,188,187,282700
2022-03-14 11:18:00,187,187,188,188,3700
2022-03-14 11:19:00,189,189,189,189,2500
2022-03-14 11:20:00,189,189,189,189,200
2022-03-14 11:21:00,188,187,188,187,20000
2022-03-14 11:22:00,187,187,187,187,3500
2022-03-14 11:23:00,188,188,188,188,1000
2022-03-14 11:24:00,188,188,188,188,0
2022-03-14 11:25:00,188,188,188,188,0
2022-03-14 11:26:00,188,188,188,188,0
2022-03-14 11:27:00,188,188,188,188,0
2022-03-14 11:28:00,188,188,188,188,0
2022-03-14 11:29:00,188,188,188,188,0
2022-03-14 11:30:00,188,188,188,188,0
2022-03-14 11:31:00,188,188,188,188,0
2022-03-14 11:32:00,188,188,188,188,0
2022-03-14 11:33:00,188,188,188,188,0
2022-03-14 11:34:00,188,188,188,188,0
2022-03-14 11:35:00,188,188,188,188,0
2022-03-14 11:36:00,188,188,188,188,0
2022-03-14 11:37:00,188,188,188,188,0
2022-03-14 11:38:00,188,188,188,188,0
2022-03-14 11:39:00,188,188,188,188,0
2022-03-14 11:40:00,188,188,188,188,0
2022-03-14 11:41:00,188,188,188,188,0
2022-03-14 11:42:00,188,188,188,188,0
2022-03-14 11:43:00,188,188,188,188,0
2022-03-14 11:44:00,188,188,188,188,0
2022-03-14 11:45:00,188,188,188,188,0
2022-03-14 11:46:00,188,188,188,188,0
2022-03-14 11:47:00,188,188,188,188,0
2022-03-14 11:48:00,188,188,188,188,0
2022-03-14 11:49:00,188,188,188,188,0
2022-03-14 11:50:00,188,188,188,188,0
2022-03-14 11:51:00,188,188,188,188,0
2022-03-14 11:52:00,188,188,188,188,0
2022-03-14 11:53:00,188,188,188,188,0
2022-03-14 11:54:00,188,188,188,188,0
2022-03-14 11:55:00,188,188,188,188,0
2022-03-14 11:56:00,188,188,188,188,0
2022-03-14 11:57:00,188,188,188,188,0
2022-03-14 11:58:00,188,188,188,188,0
2022-03-14 11:59:00,188,188,188,188,0
2022-03-14 12:00:00,188,188,188,188,0
2022-03-14 12:01:00,188,188,188,188,0
2022-03-14 12:02:00,188,188,188,188,0
2022-03-14 12:03:00,188,188,188,188,0
2022-03-14 12:04:00,188,188,188,188,0
2022-03-14 12:05:00,188,188,188,188,0
2022-03-14 12:06:00,188,188,188,188,0
2022-03-14 12:07:00,188,188,188,188,0
2022-03-14 12:08:00,188,188,188,188,0
2022-03-14 12:09:00,188,188,188,188,0
2022-03-14 12:10:00,188,188,188,188,0
2022-03-14 12:11:00,188,188,188,188,0
2022-03-14 12:12:00,188,188,188,188,0
2022-03-14 12:13:00,188,188,188,188,0
2022-03-14 12:14:00,188,188,188,188,0
2022-03-14 12:15:00,188,188,188,188,0
2022-03-14 12:16:00,188,188,188,188,0
2022-03-14 12:17:00,188,188,188,188,0
2022-03-14 12:18:00,188,188,188,188,0
2022-03-14 12:19:00,188,188,188,188,0
2022-03-14 12:20:00,188,188,188,188,0
2022-03-14 12:21:00,188,188,188,188,0
2022-03-14 12:22:00,188,188,188,188,0
2022-03-14 12:23:00,188,188,188,188,0
2022-03-14 12:24:00,188,188,188,188,0
2022-03-14 12:25:00,188,188,188,188,0
2022-03-14 12:26:00,188,188,188,188,0
2022-03-14 12:27:00,188,188,188,188,0
2022-03-14 12:28:00,188,188,188,188,0
2022-03-14 12:29:00,188,188,188,188,0
2022-03-14 12:30:00,188,188,188,188,0
2022-03-14 12:31:00,188,188,188,188,0
2022-03-14 12:32:00,188,188,188,188,0
2022-03-14 12:33:00,188,188,188,188,0
2022-03-14 12:34:00,188,188,188,188,0
2022-03-14 12:35:00,188,188,188,188,0
2022-03-14 12:36:00,188,188,188,188,0
2022-03-14 12:37:00,188,188,188,188,0
2022-03-14 12:38:00,188,188,188,188,0
2022-03-14 12:39:00,188,188,188,188,0
2022-03-14 12:40:00,188,188,188,188,0
2022-03-14 12:41:00,188,188,188,188,0
2022-03-14 12:42:00,188,188,188,188,0
2022-03-14 12:43:00,188,188,188,188,0
2022-03-14 12:44:00,188,188,188,188,0
2022-03-14 12:45:00,188,188,188,188,0
2022-03-14 12:46:00,188,188,188,188,0
2022-03-14 12:47:00,188,188,188,188,0
2022-03-14 12:48:00,188,188,188,188,0
2022-03-14 12:49:00,188,188,188,188,0
2022-03-14 12:50:00,188,188,188,188,0
2022-03-14 12:51:00,188,188,188,188,0
2022-03-14 12:52:00,188,188,188,188,0
2022-03-14 12:53:00,188,188,188,188,0
2022-03-14 12:54:00,188,188,188,188,0
2022-03-14 12:55:00,188,188,188,188,0
2022-03-14 12:56:00,188,188,188,188,0
2022-03-14 12:57:00,188,188,188,188,0
2022-03-14 12:58:00,188,188,188,188,0
2022-03-14 12:59:00,188,188,188,188,0
2022-03-14 13:00:00,188,188,188,188,0
2022-03-14 13:01:00,188,188,188,188,0
2022-03-14 13:02:00,188,188,188,188,0
2022-03-14 13:03:00,188,188,188,188,0
2022-03-14 13:04:00,188,188,188,188,0
2022-03-14 13:05:00,188,188,188,188,0
2022-03-14 13:06:00,188,188,188,188,0
2022-03-14 13:07:00,188,188,188,188,0
2022-03-14 13:08:00,188,188,188,188,0
2022-03-14 13:09:00,188,188,188,188,0
2022-03-14 13:10:00,188,188,188,188,0
2022-03-14 13:11:00,188,188,188,188,0
2022-03-14 13:12:00,188,188,188,188,0
2022-03-14 13:13:00,188,188,188,188,0
2022-03-14 13:14:00,188,188,188,188,0
2022-03-14 13:15:00,188,188,188,188,0
2022-03-14 13:16:00,188,188,188,188,0
2022-03-14 13:17:00,188,188,188,188,0
2022-03-14 13:18:00,188,188,188,188,0
2022-03-14 13:19:00,188,188,188,188,0
2022-03-14 13:20:00,188,188,188,188,0
2022-03-14 13:21:00,188,188,188,188,0
2022-03-14 13:22:00,188,188,188,188,0
2022-03-14 13:23:00,188,188,188,188,0
2022-03-14 13:24:00,188,188,188,188,0
2022-03-14 13:25:00,188,188,188,188,0
2022-03-14 13:26:00,188,188,188,188,0
2022-03-14 13:27:00,188,188,188,188,0
2022-03-14 13:28:00,188,188,188,188,0
2022-03-14 13:29:00,188,188,188,188,0
2022-03-14 13:30:00,189,188,189,188,7600
2022-03-14 13:31:00,189,188,189,188,0
2022-03-14 13:32:00,189,188,189,188,0
2022-03-14 13:33:00,188,188,188,188,8000
2022-03-14 13:34:00,188,188,188,188,0
2022-03-14 13:35:00,188,188,188,188,26000
2022-03-14 13:36:00,188,188,188,188,65800
2022-03-14 13:37:00,188,188,188,188,100
2022-03-14 13:38:00,188,188,188,188,0
2022-03-14 13:39:00,188,188,188,188,10000
2022-03-14 13:40:00,187,187,187,187,1000
2022-03-14 13:41:00,187,187,187,187,80000
2022-03-14 13:42:00,187,187,187,187,0
2022-03-14 13:43:00,187,187,187,187,2000
2022-03-14 13:44:00,187,187,187,187,31500
2022-03-14 13:45:00,187,187,187,187,7000
2022-03-14 13:46:00,187,187,187,187,0
2022-03-14 13:47:00,187,187,187,187,0
2022-03-14 13:48:00,187,187,188,187,200100
2022-03-14 13:49:00,187,187,188,188,700
2022-03-14 13:50:00,187,187,188,188,0
2022-03-14 13:51:00,187,187,188,188,0
2022-03-14 13:52:00,187,187,188,188,0
2022-03-14 13:53:00,187,187,188,188,0
2022-03-14 13:54:00,188,187,188,187,2100
2022-03-14 13:55:00,187,187,187,187,60000
2022-03-14 13:56:00,187,187,187,187,0
2022-03-14 13:57:00,187,187,187,187,30700
2022-03-14 13:58:00,187,187,187,187,46200
2022-03-14 13:59:00,187,187,187,187,11500
2022-03-14 14:00:00,187,187,187,187,2000
2022-03-14 14:01:00,187,187,187,187,6100
2022-03-14 14:02:00,187,187,187,187,10900
2022-03-14 14:03:00,187,187,187,187,69000
2022-03-14 14:04:00,187,187,187,187,0
2022-03-14 14:05:00,187,187,187,187,0
2022-03-14 14:06:00,187,187,187,187,200
2022-03-14 14:07:00,186,186,186,186,35000
2022-03-14 14:08:00,186,186,186,186,3000
2022-03-14 14:09:00,186,186,187,186,128800
2022-03-14 14:10:00,186,186,187,186,0
2022-03-14 14:11:00,186,186,186,186,190600
2022-03-14 14:12:00,186,186,186,186,15100
2022-03-14 14:13:00,186,186,186,186,0
2022-03-14 14:14:00,186,186,186,186,60500
2022-03-14 14:15:00,186,186,186,186,15500
2022-03-14 14:16:00,186,186,186,186,0
2022-03-14 14:17:00,186,186,186,186,60200
2022-03-14 14:18:00,186,186,186,186,100
2022-03-14 14:19:00,186,186,186,186,145000
2022-03-14 14:20:00,186,186,186,186,30700
2022-03-14 14:21:00,187,187,187,187,500
2022-03-14 14:22:00,187,187,187,187,5000
2022-03-14 14:23:00,187,187,187,187,1000
2022-03-14 14:24:00,186,186,186,186,53900
2022-03-14 14:25:00,186,186,186,186,10500
2022-03-14 14:26:00,186,186,186,186,25000
2022-03-14 14:27:00,186,186,186,186,13000
2022-03-14 14:28:00,187,187,187,187,500
2022-03-14 14:29:00,186,186,186,186,10000
2022-03-14 14:30:00,186,186,186,186,0
2022-03-14 14:31:00,186,186,186,186,8200
2022-03-14 14:32:00,186,186,186,186,0
2022-03-14 14:33:00,186,186,187,187,32600
2022-03-14 14:34:00,187,187,187,187,100
2022-03-14 14:35:00,186,186,186,186,5300
2022-03-14 14:36:00,186,186,186,186,116900
2022-03-14 14:37:00,186,186,186,186,8000
2022-03-14 14:38:00,186,186,186,186,0
2022-03-14 14:39:00,186,186,186,186,0
2022-03-14 14:40:00,187,187,187,187,600
2022-03-14 14:41:00,187,187,187,187,0
2022-03-14 14:42:00,187,187,187,187,100
2022-03-14 14:43:00,187,187,187,187,0
2022-03-14 14:44:00,187,187,187,187,100100
2022-03-14 14:45:00,187,187,187,187,100
2022-03-14 14:46:00,187,187,187,187,100600
2022-03-14 14:47:00,187,186,187,186,1700
2022-03-14 14:48:00,187,186,187,187,75100
2022-03-14 14:49:00,187,187,187,187,5900
2022-03-14 14:50:00,187,187,187,187,3500
2022-03-14 14:51:00,187,187,187,187,0
2022-03-14 14:52:00,187,187,187,187,0
2022-03-14 14:53:00,187,187,187,187,0
2022-03-14 14:54:00,187,187,187,187,0
2022-03-14 14:55:00,187,187,187,187,0
2022-03-14 14:56:00,187,187,187,187,0
2022-03-14 14:57:00,187,187,187,187,0
2022-03-14 14:58:00,187,187,187,187,0
2022-03-14 14:59:00,187,187,187,187,0
2022-03-14 15:00:00,187,187,187,187,47200
2022-03-14 15:01:00,187,187,187,187,10500
2022-03-14 15:02:00,187,187,187,187,0
2022-03-14 15:03:00,187,187,187,187,0
2022-03-14 15:04:00,187,187,187,187,2000
2022-03-14 15:05:00,187,187,187,187,20000
2022-03-14 15:06:00,187,187,187,187,30000
2022-03-14 15:07:00,187,187,187,187,0
2022-03-14 15:08:00,187,187,187,187,0
2022-03-14 15:09:00,187,187,187,187,0
2022-03-14 15:10:00,187,187,187,187,0
2022-03-14 15:11:00,187,187,187,187,0
2022-03-14 15:12:00,187,187,187,187,0
2022-03-14 15:13:00,187,187,187,187,0
2022-03-14 15:14:00,187,187,187,187,800
2022-03-14 15:15:00,187,187,187,187,0
2022-03-14 15:16:00,187,187,187,187,0
2022-03-14 15:17:00,187,187,187,187,0
2022-03-14 15:18:00,187,187,187,187,0
2022-03-14 15:19:00,187,187,187,187,0
2022-03-14 15:20:00,187,187,187,187,0
2022-03-14 15:21:00,187,187,187,187,0
2022-03-14 15:22:00,187,187,187,187,0
2022-03-14 15:23:00,187,187,187,187,0
2022-03-14 15:24:00,187,187,187,187,0
2022-03-14 15:25:00,187,187,187,187,0
2022-03-14 15:26:00,187,187,187,187,0
2022-03-14 15:27:00,187,187,187,187,0
2022-03-14 15:28:00,187,187,187,187,0
2022-03-14 15:29:00,187,187,187,187,0
2022-03-14 15:30:00,187,187,187,187,0
2022-03-14 15:31:00,187,187,187,187,0
2022-03-14 15:32:00,187,187,187,187,0
2022-03-14 15:33:00,187,187,187,187,0
2022-03-14 15:34:00,187,187,187,187,0
2022-03-14 15:35:00,187,187,187,187,0
2022-03-14 15:36:00,187,187,187,187,0
2022-03-14 15:37:00,187,187,187,187,0
2022-03-14 15:38:00,187,187,187,187,0
2022-03-14 15:39:00,187,187,187,187,0
2022-03-14 15:40:00,187,187,187,187,0
2022-03-14 15:41:00,187,187,187,187,0
2022-03-14 15:42:00,187,187,187,187,0
2022-03-14 15:43:00,187,187,187,187,0
2022-03-14 15:44:00,187,187,187,187,0
2022-03-14 15:45:00,187,187,187,187,0
2022-03-14 15:46:00,187,187,187,187,0
2022-03-14 15:47:00,187,187,187,187,0
2022-03-14 15:48:00,187,187,187,187,0
2022-03-14 15:49:00,187,187,187,187,0
2022-03-14 15:50:00,187,187,187,187,0
2022-03-14 15:51:00,187,187,187,187,0
2022-03-14 15:52:00,187,187,187,187,0
2022-03-14 15:53:00,187,187,187,187,0
2022-03-14 15:54:00,187,187,187,187,0
2022-03-14 15:55:00,187,187,187,187,0
2022-03-14 15:56:00,187,187,187,187,0
2022-03-14 15:57:00,187,187,187,187,0
2022-03-14 15:58:00,187,187,187,187,0
2022-03-14 15:59:00,187,187,187,187,0
2022-03-15 09:00:00,187,184,187,184,0
2022-03-15 09:01:00,185,184,185,184,193900
2022-03-15 09:02:00,184,183,184,183,419500
2022-03-15 09:03:00,183,181,183,181,907000
2022-03-15 09:04:00,181,177,181,179,1033000
2022-03-15 09:05:00,179,178,179,179,269000
2022-03-15 09:06:00,179,178,179,179,379500
2022-03-15 09:07:00,179,178,180,180,544200
2022-03-15 09:08:00,180,179,180,180,104800
2022-03-15 09:09:00,180,179,180,180,58700
2022-03-15 09:10:00,180,179,180,179,692000
2022-03-15 09:11:00,179,178,179,179,230900
2022-03-15 09:12:00,179,179,179,179,4000
2022-03-15 09:13:00,179,179,179,179,0
2022-03-15 09:14:00,179,179,179,179,3800
2022-03-15 09:15:00,179,179,180,180,274600
2022-03-15 09:16:00,180,179,180,180,554300
2022-03-15 09:17:00,180,179,180,180,182000
2022-03-15 09:18:00,180,179,180,180,213000
2022-03-15 09:19:00,180,180,180,180,5800
2022-03-15 09:20:00,180,180,181,181,20500
2022-03-15 09:21:00,180,180,181,180,353300
2022-03-15 09:22:00,180,180,180,180,79700
2022-03-15 09:23:00,181,180,181,181,532300
2022-03-15 09:24:00,181,181,181,181,122600
2022-03-15 09:25:00,181,181,181,181,73200
2022-03-15 09:26:00,181,181,181,181,50000
2022-03-15 09:27:00,181,181,181,181,138400
2022-03-15 09:28:00,181,181,181,181,260400
2022-03-15 09:29:00,180,180,181,181,174000
2022-03-15 09:30:00,180,180,181,181,0
2022-03-15 09:31:00,181,181,182,182,201000
2022-03-15 09:32:00,182,182,182,182,80200
2022-03-15 09:33:00,182,182,182,182,115100
2022-03-15 09:34:00,182,182,182,182,40000
2022-03-15 09:35:00,182,182,182,182,5900
2022-03-15 09:36:00,182,182,182,182,22400
2022-03-15 09:37:00,182,182,182,182,800
2022-03-15 09:38:00,182,182,182,182,500
2022-03-15 09:39:00,181,181,181,181,5000
2022-03-15 09:40:00,181,181,181,181,0
2022-03-15 09:41:00,181,181,181,181,8500
2022-03-15 09:42:00,181,181,181,181,0
2022-03-15 09:43:00,181,181,181,181,29500
2022-03-15 09:44:00,181,181,181,181,13800
2022-03-15 09:45:00,181,181,181,181,0
2022-03-15 09:46:00,181,181,181,181,43700
2022-03-15 09:47:00,181,181,181,181,31500
2022-03-15 09:48:00,181,181,181,181,41300
2022-03-15 09:49:00,181,181,181,181,10000
2022-03-15 09:50:00,181,181,181,181,10000
2022-03-15 09:51:00,181,181,181,181,0
2022-03-15 09:52:00,181,181,181,181,139400
2022-03-15 09:53:00,181,181,181,181,30300
2022-03-15 09:54:00,181,181,181,181,0
2022-03-15 09:55:00,181,181,181,181,10000
2022-03-15 09:56:00,181,181,181,181,15000
2022-03-15 09:57:00,181,181,181,181,10000
2022-03-15 09:58:00,181,181,181,181,0
2022-03-15 09:59:00,181,181,181,181,0
2022-03-15 10:00:00,181,181,181,181,2000
2022-03-15 10:01:00,182,182,182,182,1000
2022-03-15 10:02:00,181,181,181,181,9600
2022-03-15 10:03:00,181,181,181,181,0
2022-03-15 10:04:00,181,181,181,181,400
2022-03-15 10:05:00,181,181,181,181,7000
2022-03-15 10:06:00,181,181,181,181,12000
2022-03-15 10:07:00,181,181,181,181,60200
2022-03-15 10:08:00,181,181,181,181,33900
2022-03-15 10:09:00,181,181,181,181,41300
2022-03-15 10:10:00,181,181,181,181,17800
2022-03-15 10:11:00,181,181,181,181,38900
2022-03-15 10:12:00,181,181,181,181,0
2022-03-15 10:13:00,181,181,181,181,100
2022-03-15 10:14:00,181,181,181,181,0
2022-03-15 10:15:00,180,180,180,180,100
2022-03-15 10:16:00,180,180,180,180,0
2022-03-15 10:17:00,180,180,180,180,81000
2022-03-15 10:18:00,180,180,180,180,7000
2022-03-15 10:19:00,180,180,180,180,2000
2022-03-15 10:20:00,180,180,180,180,28500
2022-03-15 10:21:00,180,180,181,181,11600
2022-03-15 10:22:00,181,181,181,181,100
2022-03-15 10:23:00,181,180,181,180,112100
2022-03-15 10:24:00,181,181,181,181,200000
2022-03-15 10:25:00,181,181,181,181,5600
2022-03-15 10:26:00,181,181,181,181,8900
2022-03-15 10:27:00,181,180,181,180,20500
2022-03-15 10:28:00,181,180,181,180,0
2022-03-15 10:29:00,180,180,180,180,22600
2022-03-15 10:30:00,180,180,180,180,0
2022-03-15 10:31:00,181,181,181,181,20000
2022-03-15 10:32:00,181,181,181,181,1200
2022-03-15 10:33:00,181,181,181,181,10000
2022-03-15 10:34:00,181,181,181,181,0
2022-03-15 10:35:00,181,181,181,181,0
2022-03-15 10:36:00,181,181,181,181,10500
2022-03-15 10:37:00,181,181,181,181,0
2022-03-15 10:38:00,181,181,181,181,5000
2022-03-15 10:39:00,181,181,181,181,2000
2022-03-15 10:40:00,181,181,181,181,2400
2022-03-15 10:41:00,180,180,180,180,162200
2022-03-15 10:42:00,181,181,181,181,500
2022-03-15 10:43:00,181,181,181,181,10000
2022-03-15 10:44:00,180,180,180,180,10000
2022-03-15 10:45:00,180,180,180,180,1600
2022-03-15 10:46:00,180,180,180,180,12200
2022-03-15 10:47:00,180,180,180,180,500
2022-03-15 10:48:00,180,180,180,180,0
2022-03-15 10:49:00,180,180,180,180,152000
2022-03-15 10:50:00,180,180,180,180,0
2022-03-15 10:51:00,180,180,180,180,26000
2022-03-15 10:52:00,180,180,180,180,645800
2022-03-15 10:53:00,180,179,180,180,182700
2022-03-15 10:54:00,180,180,180,180,150900
2022-03-15 10:55:00,180,180,180,180,80100
2022-03-15 10:56:00,180,180,180,180,500
2022-03-15 10:57:00,180,180,180,180,6200
2022-03-15 10:58:00,180,180,180,180,0
2022-03-15 10:59:00,181,181,181,181,10000
2022-03-15 11:00:00,181,181,181,181,0
2022-03-15 11:01:00,181,181,181,181,0
2022-03-15 11:02:00,181,181,181,181,0
2022-03-15 11:03:00,181,181,181,181,100
2022-03-15 11:04:00,181,181,181,181,0
2022-03-15 11:05:00,181,181,181,181,0
2022-03-15 11:06:00,180,180,180,180,18500
2022-03-15 11:07:00,181,181,181,181,300
2022-03-15 11:08:00,181,181,181,181,2000
2022-03-15 11:09:00,181,181,181,181,0
2022-03-15 11:10:00,181,180,181,180,1500
2022-03-15 11:11:00,180,180,180,180,10200
2022-03-15 11:12:00,181,181,181,181,2100
2022-03-15 11:13:00,180,180,180,180,100
2022-03-15 11:14:00,180,180,180,180,0
2022-03-15 11:15:00,180,180,180,180,100
2022-03-15 11:16:00,181,180,181,180,41200
2022-03-15 11:17:00,181,180,181,180,0
2022-03-15 11:18:00,180,180,180,180,60000
2022-03-15 11:19:00,180,180,180,180,3000
2022-03-15 11:20:00,180,180,180,180,0
2022-03-15 11:21:00,180,180,180,180,0
2022-03-15 11:22:00,180,180,180,180,0
2022-03-15 11:23:00,180,180,180,180,6000
2022-03-15 11:24:00,180,180,180,180,0
2022-03-15 11:25:00,180,180,180,180,5000
2022-03-15 11:26:00,180,180,180,180,0
2022-03-15 11:27:00,181,181,181,181,50000
2022-03-15 11:28:00,181,181,181,181,100
2022-03-15 11:29:00,180,180,180,180,202000
2022-03-15 11:30:00,180,180,180,180,0
2022-03-15 11:31:00,180,180,180,180,0
2022-03-15 11:32:00,180,180,180,180,0
2022-03-15 11:33:00,180,180,180,180,0
2022-03-15 11:34:00,180,180,180,180,0
2022-03-15 11:35:00,180,180,180,180,0
2022-03-15 11:36:00,180,180,180,180,0
2022-03-15 11:37:00,180,180,180,180,0
2022-03-15 11:38:00,180,180,180,180,0
2022-03-15 11:39:00,180,180,180,180,0
2022-03-15 11:40:00,180,180,180,180,0
2022-03-15 11:41:00,180,180,180,180,0
2022-03-15 11:42:00,180,180,180,180,0
2022-03-15 11:43:00,180,180,180,180,0
2022-03-15 11:44:00,180,180,180,180,0
2022-03-15 11:45:00,180,180,180,180,0
2022-03-15 11:46:00,180,180,180,180,0
2022-03-15 11:47:00,180,180,180,180,0
2022-03-15 11:48:00,180,180,180,180,0
2022-03-15 11:49:00,180,180,180,180,0
2022-03-15 11:50:00,180,180,180,180,0
2022-03-15 11:51:00,180,180,180,180,0
2022-03-15 11:52:00,180,180,180,180,0
2022-03-15 11:53:00,180,180,180,180,0
2022-03-15 11:54:00,180,180,180,180,0
2022-03-15 11:55:00,180,180,180,180,0
2022-03-15 11:56:00,180,180,180,180,0
2022-03-15 11:57:00,180,180,180,180,0
2022-03-15 11:58:00,180,180,180,180,0
2022-03-15 11:59:00,180,180,180,180,0
2022-03-15 12:00:00,180,180,180,180,0
2022-03-15 12:01:00,180,180,180,180,0
2022-03-15 12:02:00,180,180,180,180,0
2022-03-15 12:03:00,180,180,180,180,0
2022-03-15 12:04:00,180,180,180,180,0
2022-03-15 12:05:00,180,180,180,180,0
2022-03-15 12:06:00,180,180,180,180,0
2022-03-15 12:07:00,180,180,180,180,0
2022-03-15 12:08:00,180,180,180,180,0
2022-03-15 12:09:00,180,180,180,180,0
2022-03-15 12:10:00,180,180,180,180,0
2022-03-15 12:11:00,180,180,180,180,0
2022-03-15 12:12:00,180,180,180,180,0
2022-03-15 12:13:00,180,180,180,180,0
2022-03-15 12:14:00,180,180,180,180,0
2022-03-15 12:15:00,180,180,180,180,0
2022-03-15 12:16:00,180,180,180,180,0
2022-03-15 12:17:00,180,180,180,180,0
2022-03-15 12:18:00,180,180,180,180,0
2022-03-15 12:19:00,180,180,180,180,0
2022-03-15 12:20:00,180,180,180,180,0
2022-03-15 12:21:00,180,180,180,180,0
2022-03-15 12:22:00,180,180,180,180,0
2022-03-15 12:23:00,180,180,180,180,0
2022-03-15 12:24:00,180,180,180,180,0
2022-03-15 12:25:00,180,180,180,180,0
2022-03-15 12:26:00,180,180,180,180,0
2022-03-15 12:27:00,180,180,180,180,0
2022-03-15 12:28:00,180,180,180,180,0
2022-03-15 12:29:00,180,180,180,180,0
2022-03-15 12:30:00,180,180,180,180,0
2022-03-15 12:31:00,180,180,180,180,0
2022-03-15 12:32:00,180,180,180,180,0
2022-03-15 12:33:00,180,180,180,180,0
2022-03-15 12:34:00,180,180,180,180,0
2022-03-15 12:35:00,180,180,180,180,0
2022-03-15 12:36:00,180,180,180,180,0
2022-03-15 12:37:00,180,180,180,180,0
2022-03-15 12:38:00,180,180,180,180,0
2022-03-15 12:39:00,180,180,180,180,0
2022-03-15 12:40:00,180,180,180,180,0
2022-03-15 12:41:00,180,180,180,180,0
2022-03-15 12:42:00,180,180,180,180,0
2022-03-15 12:43:00,180,180,180,180,0
2022-03-15 12:44:00,180,180,180,180,0
2022-03-15 12:45:00,180,180,180,180,0
2022-03-15 12:46:00,180,180,180,180,0
2022-03-15 12:47:00,180,180,180,180,0
2022-03-15 12:48:00,180,180,180,180,0
2022-03-15 12:49:00,180,180,180,180,0
2022-03-15 12:50:00,180,180,180,180,0
2022-03-15 12:51:00,180,180,180,180,0
2022-03-15 12:52:00,180,180,180,180,0
2022-03-15 12:53:00,180,180,180,180,0
2022-03-15 12:54:00,180,180,180,180,0
2022-03-15 12:55:00,180,180,180,180,0
2022-03-15 12:56:00,180,180,180,180,0
2022-03-15 12:57:00,180,180,180,180,0
2022-03-15 12:58:00,180,180,180,180,0
2022-03-15 12:59:00,180,180,180,180,0
2022-03-15 13:00:00,180,180,180,180,0
2022-03-15 13:01:00,180,180,180,180,0
2022-03-15 13:02:00,180,180,180,180,0
2022-03-15 13:03:00,180,180,180,180,0
2022-03-15 13:04:00,180,180,180,180,0
2022-03-15 13:05:00,180,180,180,180,0
2022-03-15 13:06:00,180,180,180,180,0
2022-03-15 13:07:00,180,180,180,180,0
2022-03-15 13:08:00,180,180,180,180,0
2022-03-15 13:09:00,180,180,180,180,0
2022-03-15 13:10:00,180,180,180,180,0
2022-03-15 13:11:00,180,180,180,180,0
2022-03-15 13:12:00,180,180,180,180,0
2022-03-15 13:13:00,180,180,180,180,0
2022-03-15 13:14:00,180,180,180,180,0
2022-03-15 13:15:00,180,180,180,180,0
2022-03-15 13:16:00,180,180,180,180,0
2022-03-15 13:17:00,180,180,180,180,0
2022-03-15 13:18:00,180,180,180,180,0
2022-03-15 13:19:00,180,180,180,180,0
2022-03-15 13:20:00,180,180,180,180,0
2022-03-15 13:21:00,180,180,180,180,0
2022-03-15 13:22:00,180,180,180,180,0
2022-03-15 13:23:00,180,180,180,180,0
2022-03-15 13:24:00,180,180,180,180,0
2022-03-15 13:25:00,180,180,180,180,0
2022-03-15 13:26:00,180,180,180,180,0
2022-03-15 13:27:00,180,180,180,180,0
2022-03-15 13:28:00,180,180,180,180,0
2022-03-15 13:29:00,180,180,180,180,0
2022-03-15 13:30:00,181,180,181,180,229700
2022-03-15 13:31:00,181,180,181,180,0
2022-03-15 13:32:00,180,180,180,180,115100
2022-03-15 13:33:00,180,180,180,180,0
2022-03-15 13:34:00,180,180,180,180,13400
2022-03-15 13:35:00,180,180,180,180,0
2022-03-15 13:36:00,180,180,180,180,46100
2022-03-15 13:37:00,179,179,180,180,16500
2022-03-15 13:38:00,179,179,180,180,0
2022-03-15 13:39:00,179,179,180,179,103700
2022-03-15 13:40:00,179,179,179,179,319400
2022-03-15 13:41:00,179,179,179,179,0
2022-03-15 13:42:00,179,179,179,179,0
2022-03-15 13:43:00,179,179,179,179,100
2022-03-15 13:44:00,179,179,179,179,25300
2022-03-15 13:45:00,179,179,179,179,178300
2022-03-15 13:46:00,179,179,179,179,0
2022-03-15 13:47:00,179,179,179,179,0
2022-03-15 13:48:00,179,179,179,179,0
2022-03-15 13:49:00,179,179,179,179,0
2022-03-15 13:50:00,179,179,179,179,89000
2022-03-15 13:51:00,179,179,179,179,14700
2022-03-15 13:52:00,179,179,179,179,1200
2022-03-15 13:53:00,179,179,179,179,13000
2022-03-15 13:54:00,179,179,179,179,10000
2022-03-15 13:55:00,179,179,179,179,223900
2022-03-15 13:56:00,179,178,179,179,69100
2022-03-15 13:57:00,178,178,179,179,8700
2022-03-15 13:58:00,179,179,179,179,50000
2022-03-15 13:59:00,178,178,178,178,4100
2022-03-15 14:00:00,178,178,179,179,10400
2022-03-15 14:01:00,179,179,179,179,2000
2022-03-15 14:02:00,179,178,179,178,300
2022-03-15 14:03:00,179,179,179,179,2000
2022-03-15 14:04:00,178,178,179,179,51200
2022-03-15 14:05:00,179,178,179,178,10200
2022-03-15 14:06:00,179,178,179,178,11000
2022-03-15 14:07:00,178,178,179,179,197200
2022-03-15 14:08:00,178,178,179,179,32900
2022-03-15 14:09:00,178,178,178,178,322500
2022-03-15 14:10:00,178,178,178,178,0
2022-03-15 14:11:00,178,178,179,179,75500
2022-03-15 14:12:00,179,179,179,179,11000
2022-03-15 14:13:00,179,179,179,179,200
2022-03-15 14:14:00,178,177,178,177,795000
2022-03-15 14:15:00,177,177,177,177,50100
2022-03-15 14:16:00,177,177,177,177,4500
2022-03-15 14:17:00,177,177,177,177,50000
2022-03-15 14:18:00,177,177,177,177,415100
2022-03-15 14:19:00,177,176,177,177,53500
2022-03-15 14:20:00,177,176,177,177,1700
2022-03-15 14:21:00,177,176,177,176,244500
2022-03-15 14:22:00,176,176,176,176,313900
2022-03-15 14:23:00,176,176,177,177,205500
2022-03-15 14:24:00,177,177,177,177,3400
2022-03-15 14:25:00,176,175,178,175,412100
2022-03-15 14:26:00,178,178,178,178,100
2022-03-15 14:27:00,178,178,178,178,0
2022-03-15 14:28:00,178,178,178,178,0
2022-03-15 14:29:00,178,178,178,178,8100
2022-03-15 14:30:00,178,177,178,177,30100
2022-03-15 14:31:00,178,178,178,178,5000
2022-03-15 14:32:00,178,178,178,178,5600
2022-03-15 14:33:00,177,177,177,177,64400
2022-03-15 14:34:00,177,177,177,177,12800
2022-03-15 14:35:00,177,177,177,177,7300
2022-03-15 14:36:00,178,178,178,178,100
2022-03-15 14:37:00,177,176,177,176,200000
2022-03-15 14:38:00,176,176,176,176,10000
2022-03-15 14:39:00,176,176,176,176,59500
2022-03-15 14:40:00,176,176,177,176,22800
2022-03-15 14:41:00,176,176,176,176,15300
2022-03-15 14:42:00,177,175,177,175,760100
2022-03-15 14:43:00,176,176,176,176,2800
2022-03-15 14:44:00,175,175,177,177,117100
2022-03-15 14:45:00,176,176,177,177,1100
2022-03-15 14:46:00,176,176,177,177,0
2022-03-15 14:47:00,177,177,177,177,800
2022-03-15 14:48:00,177,176,177,176,5500
2022-03-15 14:49:00,177,176,177,176,222000
2022-03-15 14:50:00,177,176,177,176,0
2022-03-15 14:51:00,177,176,177,176,0
2022-03-15 14:52:00,177,176,177,176,0
2022-03-15 14:53:00,177,176,177,176,0
2022-03-15 14:54:00,177,176,177,176,0
2022-03-15 14:55:00,177,176,177,176,0
2022-03-15 14:56:00,177,176,177,176,0
2022-03-15 14:57:00,177,176,177,176,0
2022-03-15 14:58:00,177,176,177,176,0
2022-03-15 14:59:00,177,176,177,176,0
2022-03-15 15:00:00,176,176,176,176,260200
2022-03-15 15:01:00,176,176,176,176,60600
2022-03-15 15:02:00,176,176,176,176,368800
2022-03-15 15:03:00,176,176,176,176,12200
2022-03-15 15:04:00,176,176,176,176,35000
2022-03-15 15:05:00,176,176,176,176,0
2022-03-15 15:06:00,176,176,176,176,0
2022-03-15 15:07:00,176,176,176,176,0
2022-03-15 15:08:00,176,176,176,176,20000
2022-03-15 15:09:00,176,176,176,176,0
2022-03-15 15:10:00,176,176,176,176,0
2022-03-15 15:11:00,176,176,176,176,0
2022-03-15 15:12:00,176,176,176,176,0
2022-03-15 15:13:00,176,176,176,176,200
2022-03-15 15:14:00,176,176,176,176,10000
2022-03-15 15:15:00,176,176,176,176,0
2022-03-15 15:16:00,176,176,176,176,0
2022-03-15 15:17:00,176,176,176,176,0
2022-03-15 15:18:00,176,176,176,176,0
2022-03-15 15:19:00,176,176,176,176,0
2022-03-15 15:20:00,176,176,176,176,0
2022-03-15 15:21:00,176,176,176,176,0
2022-03-15 15:22:00,176,176,176,176,0
2022-03-15 15:23:00,176,176,176,176,0
2022-03-15 15:24:00,176,176,176,176,0
2022-03-15 15:25:00,176,176,176,176,0
2022-03-15 15:26:00,176,176,176,176,0
2022-03-15 15:27:00,176,176,176,176,0
2022-03-15 15:28:00,176,176,176,176,0
2022-03-15 15:29:00,176,176,176,176,0
2022-03-15 15:30:00,176,176,176,176,0
2022-03-15 15:31:00,176,176,176,176,0
2022-03-15 15:32:00,176,176,176,176,0
2022-03-15 15:33:00,176,176,176,176,0
2022-03-15 15:34:00,176,176,176,176,0
2022-03-15 15:35:00,176,176,176,176,0
2022-03-15 15:36:00,176,176,176,176,0
2022-03-15 15:37:00,176,176,176,176,0
2022-03-15 15:38:00,176,176,176,176,0
2022-03-15 15:39:00,176,176,176,176,0
2022-03-15 15:40:00,176,176,176,176,0
2022-03-15 15:41:00,176,176,176,176,0
2022-03-15 15:42:00,176,176,176,176,0
2022-03-15 15:43:00,176,176,176,176,0
2022-03-15 15:44:00,176,176,176,176,0
2022-03-15 15:45:00,176,176,176,176,0
2022-03-15 15:46:00,176,176,176,176,0
2022-03-15 15:47:00,176,176,176,176,0
2022-03-15 15:48:00,176,176,176,176,0
2022-03-15 15:49:00,176,176,176,176,0
2022-03-15 15:50:00,176,176,176,176,0
2022-03-15 15:51:00,176,176,176,176,0
2022-03-15 15:52:00,176,176,176,176,0
2022-03-15 15:53:00,176,176,176,176,0
2022-03-15 15:54:00,176,176,176,176,0
2022-03-15 15:55:00,176,176,176,176,0
2022-03-15 15:56:00,176,176,176,176,0
2022-03-15 15:57:00,176,176,176,176,0
2022-03-15 15:58:00,176,176,176,176,0
2022-03-15 15:59:00,176,176,176,176,0
2022-03-16 09:00:00,176,175,177,176,0
2022-03-16 09:01:00,176,175,176,175,54300
2022-03-16 09:02:00,176,176,177,177,121800
2022-03-16 09:03:00,178,178,178,178,70400
2022-03-16 09:04:00,178,178,178,178,53300
2022-03-16 09:05:00,178,177,178,177,222900
2022-03-16 09:06:00,177,177,177,177,30800
2022-03-16 09:07:00,178,177,178,177,31100
2022-03-16 09:08:00,178,177,178,178,68700
2022-03-16 09:09:00,177,177,178,177,120200
2022-03-16 09:10:00,177,177,178,177,0
2022-03-16 09:11:00,178,177,179,179,456400
2022-03-16 09:12:00,179,179,179,179,42600
2022-03-16 09:13:00,179,179,179,179,100
2022-03-16 09:14:00,178,178,179,179,1200
2022-03-16 09:15:00,179,178,179,178,95100
2022-03-16 09:16:00,178,178,178,178,9400
2022-03-16 09:17:00,178,178,178,178,5100
2022-03-16 09:18:00,178,178,178,178,0
2022-03-16 09:19:00,179,178,179,178,110700
2022-03-16 09:20:00,179,178,179,178,35500
2022-03-16 09:21:00,178,178,179,179,2100
2022-03-16 09:22:00,179,178,179,179,15000
2022-03-16 09:23:00,179,178,179,179,460500
2022-03-16 09:24:00,178,177,178,178,142700
2022-03-16 09:25:00,178,178,178,178,80700
2022-03-16 09:26:00,177,177,177,177,635300
2022-03-16 09:27:00,177,177,177,177,166600
2022-03-16 09:28:00,177,177,177,177,108600
2022-03-16 09:29:00,177,177,177,177,1500
2022-03-16 09:30:00,177,177,177,177,0
2022-03-16 09:31:00,178,178,178,178,12700
2022-03-16 09:32:00,178,178,178,178,800
2022-03-16 09:33:00,178,177,178,177,50500
2022-03-16 09:34:00,178,177,178,177,0
2022-03-16 09:35:00,178,177,178,177,0
2022-03-16 09:36:00,178,178,178,178,5800
2022-03-16 09:37:00,178,178,178,178,700
2022-03-16 09:38:00,178,178,178,178,0
2022-03-16 09:39:00,177,177,177,177,5000
2022-03-16 09:40:00,177,177,177,177,7200
2022-03-16 09:41:00,177,177,178,178,2500
2022-03-16 09:42:00,178,178,178,178,1000
2022-03-16 09:43:00,178,178,178,178,1400
2022-03-16 09:44:00,178,178,178,178,100
2022-03-16 09:45:00,178,178,178,178,900
2022-03-16 09:46:00,178,178,178,178,100
2022-03-16 09:47:00,178,178,178,178,0
2022-03-16 09:48:00,178,178,178,178,0
2022-03-16 09:49:00,178,178,178,178,200
2022-03-16 09:50:00,178,178,178,178,0
2022-03-16 09:51:00,178,178,178,178,0
2022-03-16 09:52:00,178,178,178,178,0
2022-03-16 09:53:00,178,178,178,178,0
2022-03-16 09:54:00,177,177,177,177,400
2022-03-16 09:55:00,177,177,177,177,0
2022-03-16 09:56:00,177,177,177,177,400
2022-03-16 09:57:00,177,177,177,177,900
2022-03-16 09:58:00,177,177,177,177,0
2022-03-16 09:59:00,177,177,177,177,0
2022-03-16 10:00:00,177,177,177,177,0
2022-03-16 10:01:00,177,177,177,177,0
2022-03-16 10:02:00,177,177,177,177,3000
2022-03-16 10:03:00,177,177,177,177,45200
2022-03-16 10:04:00,177,177,177,177,1200
2022-03-16 10:05:00,177,177,177,177,0
2022-03-16 10:06:00,177,177,177,177,1500
2022-03-16 10:07:00,177,177,177,177,52000
2022-03-16 10:08:00,177,177,177,177,30000
2022-03-16 10:09:00,178,178,178,178,10000
2022-03-16 10:10:00,177,177,177,177,120800
2022-03-16 10:11:00,177,177,177,177,30000
2022-03-16 10:12:00,177,177,177,177,27000
2022-03-16 10:13:00,177,177,177,177,0
2022-03-16 10:14:00,177,177,177,177,0
2022-03-16 10:15:00,178,177,178,177,3000
2022-03-16 10:16:00,178,178,178,178,200
2022-03-16 10:17:00,178,177,178,177,15100
2022-03-16 10:18:00,178,177,178,177,0
2022-03-16 10:19:00,178,177,178,177,0
2022-03-16 10:20:00,178,178,178,178,100
2022-03-16 10:21:00,177,177,177,177,127500
2022-03-16 10:22:00,177,177,177,177,0
2022-03-16 10:23:00,177,177,177,177,0
2022-03-16 10:24:00,178,178,178,178,5800
2022-03-16 10:25:00,178,178,178,178,0
2022-03-16 10:26:00,178,178,178,178,0
2022-03-16 10:27:00,177,177,177,177,100000
2022-03-16 10:28:00,177,177,177,177,166300
2022-03-16 10:29:00,177,177,177,177,200
2022-03-16 10:30:00,177,177,177,177,0
2022-03-16 10:31:00,178,178,178,178,5000
2022-03-16 10:32:00,178,178,178,178,0
2022-03-16 10:33:00,177,177,177,177,7600
2022-03-16 10:34:00,177,177,177,177,0
2022-03-16 10:35:00,178,178,178,178,2400
2022-03-16 10:36:00,177,177,178,178,300
2022-03-16 10:37:00,177,177,178,178,6000
2022-03-16 10:38:00,177,177,178,178,0
2022-03-16 10:39:00,178,178,178,178,2100
2022-03-16 10:40:00,178,178,178,178,1100
2022-03-16 10:41:00,178,178,178,178,100
2022-03-16 10:42:00,178,178,178,178,200
2022-03-16 10:43:00,178,178,178,178,75000
2022-03-16 10:44:00,178,178,178,178,0
2022-03-16 10:45:00,177,177,177,177,80000
2022-03-16 10:46:00,178,178,178,178,3000
2022-03-16 10:47:00,178,178,178,178,120000
2022-03-16 10:48:00,178,178,178,178,0
2022-03-16 10:49:00,178,178,178,178,3900
2022-03-16 10:50:00,178,178,178,178,0
2022-03-16 10:51:00,178,178,178,178,7000
2022-03-16 10:52:00,178,178,178,178,0
2022-03-16 10:53:00,178,178,178,178,1000
2022-03-16 10:54:00,178,178,178,178,0
2022-03-16 10:55:00,178,178,178,178,0
2022-03-16 10:56:00,177,177,177,177,800
2022-03-16 10:57:00,178,178,178,178,1000
2022-03-16 10:58:00,178,178,178,178,0
2022-03-16 10:59:00,178,178,178,178,34400
2022-03-16 11:00:00,178,178,178,178,96900
2022-03-16 11:01:00,178,178,178,178,0
2022-03-16 11:02:00,178,178,178,178,0
2022-03-16 11:03:00,178,178,178,178,0
2022-03-16 11:04:00,178,178,178,178,1000
2022-03-16 11:05:00,177,177,177,177,4900
2022-03-16 11:06:00,178,178,178,178,33000
2022-03-16 11:07:00,178,178,178,178,100
2022-03-16 11:08:00,178,178,178,178,0
2022-03-16 11:09:00,178,178,178,178,2300
2022-03-16 11:10:00,178,178,178,178,0
2022-03-16 11:11:00,178,178,178,178,0
2022-03-16 11:12:00,178,178,178,178,1000
2022-03-16 11:13:00,178,178,178,178,0
2022-03-16 11:14:00,178,178,178,178,0
2022-03-16 11:15:00,178,178,178,178,6700
2022-03-16 11:16:00,178,178,178,178,10100
2022-03-16 11:17:00,178,178,178,178,5400
2022-03-16 11:18:00,178,178,178,178,0
2022-03-16 11:19:00,177,177,177,177,24500
2022-03-16 11:20:00,178,178,178,178,8000
2022-03-16 11:21:00,178,178,178,178,0
2022-03-16 11:22:00,178,177,178,178,79000
2022-03-16 11:23:00,178,178,178,178,18000
2022-03-16 11:24:00,178,178,178,178,6000
2022-03-16 11:25:00,178,178,179,179,7500
2022-03-16 11:26:00,178,178,179,179,0
2022-03-16 11:27:00,178,178,178,178,100
2022-03-16 11:28:00,179,179,179,179,100
2022-03-16 11:29:00,179,179,179,179,10000
2022-03-16 11:30:00,179,179,179,179,0
2022-03-16 11:31:00,179,179,179,179,0
2022-03-16 11:32:00,179,179,179,179,0
2022-03-16 11:33:00,179,179,179,179,0
2022-03-16 11:34:00,179,179,179,179,0
2022-03-16 11:35:00,179,179,179,179,0
2022-03-16 11:36:00,179,179,179,179,0
2022-03-16 11:37:00,179,179,179,179,0
2022-03-16 11:38:00,179,179,179,179,0
2022-03-16 11:39:00,179,179,179,179,0
2022-03-16 11:40:00,179,179,179,179,0
2022-03-16 11:41:00,179,179,179,179,0
2022-03-16 11:42:00,179,179,179,179,0
2022-03-16 11:43:00,179,179,179,179,0
2022-03-16 11:44:00,179,179,179,179,0
2022-03-16 11:45:00,179,179,179,179,0
2022-03-16 11:46:00,179,179,179,179,0
2022-03-16 11:47:00,179,179,179,179,0
2022-03-16 11:48:00,179,179,179,179,0
2022-03-16 11:49:00,179,179,179,179,0
2022-03-16 11:50:00,179,179,179,179,0
2022-03-16 11:51:00,179,179,179,179,0
2022-03-16 11:52:00,179,179,179,179,0
2022-03-16 11:53:00,179,179,179,179,0
2022-03-16 11:54:00,179,179,179,179,0
2022-03-16 11:55:00,179,179,179,179,0
2022-03-16 11:56:00,179,179,179,179,0
2022-03-16 11:57:00,179,179,179,179,0
2022-03-16 11:58:00,179,179,179,179,0
2022-03-16 11:59:00,179,179,179,179,0
2022-03-16 12:00:00,179,179,179,179,0
2022-03-16 12:01:00,179,179,179,179,0
2022-03-16 12:02:00,179,179,179,179,0
2022-03-16 12:03:00,179,179,179,179,0
2022-03-16 12:04:00,179,179,179,179,0
2022-03-16 12:05:00,179,179,179,179,0
2022-03-16 12:06:00,179,179,179,179,0
2022-03-16 12:07:00,179,179,179,179,0
2022-03-16 12:08:00,179,179,179,179,0
2022-03-16 12:09:00,179,179,179,179,0
2022-03-16 12:10:00,179,179,179,179,0
2022-03-16 12:11:00,179,179,179,179,0
2022-03-16 12:12:00,179,179,179,179,0
2022-03-16 12:13:00,179,179,179,179,0
2022-03-16 12:14:00,179,179,179,179,0
2022-03-16 12:15:00,179,179,179,179,0
2022-03-16 12:16:00,179,179,179,179,0
2022-03-16 12:17:00,179,179,179,179,0
2022-03-16 12:18:00,179,179,179,179,0
2022-03-16 12:19:00,179,179,179,179,0
2022-03-16 12:20:00,179,179,179,179,0
2022-03-16 12:21:00,179,179,179,179,0
2022-03-16 12:22:00,179,179,179,179,0
2022-03-16 12:23:00,179,179,179,179,0
2022-03-16 12:24:00,179,179,179,179,0
2022-03-16 12:25:00,179,179,179,179,0
2022-03-16 12:26:00,179,179,179,179,0
2022-03-16 12:27:00,179,179,179,179,0
2022-03-16 12:28:00,179,179,179,179,0
2022-03-16 12:29:00,179,179,179,179,0
2022-03-16 12:30:00,179,179,179,179,0
2022-03-16 12:31:00,179,179,179,179,0
2022-03-16 12:32:00,179,179,179,179,0
2022-03-16 12:33:00,179,179,179,179,0
2022-03-16 12:34:00,179,179,179,179,0
2022-03-16 12:35:00,179,179,179,179,0
2022-03-16 12:36:00,179,179,179,179,0
2022-03-16 12:37:00,179,179,179,179,0
2022-03-16 12:38:00,179,179,179,179,0
2022-03-16 12:39:00,179,179,179,179,0
2022-03-16 12:40:00,179,179,179,179,0
2022-03-16 12:41:00,179,179,179,179,0
2022-03-16 12:42:00,179,179,179,179,0
2022-03-16 12:43:00,179,179,179,179,0
2022-03-16 12:44:00,179,179,179,179,0
2022-03-16 12:45:00,179,179,179,179,0
2022-03-16 12:46:00,179,179,179,179,0
2022-03-16 12:47:00,179,179,179,179,0
2022-03-16 12:48:00,179,179,179,179,0
2022-03-16 12:49:00,179,179,179,179,0
2022-03-16 12:50:00,179,179,179,179,0
2022-03-16 12:51:00,179,179,179,179,0
2022-03-16 12:52:00,179,179,179,179,0
2022-03-16 12:53:00,179,179,179,179,0
2022-03-16 12:54:00,179,179,179,179,0
2022-03-16 12:55:00,179,179,179,179,0
2022-03-16 12:56:00,179,179,179,179,0
2022-03-16 12:57:00,179,179,179,179,0
2022-03-16 12:58:00,179,179,179,179,0
2022-03-16 12:59:00,179,179,179,179,0
2022-03-16 13:00:00,179,179,179,179,0
2022-03-16 13:01:00,179,179,179,179,0
2022-03-16 13:02:00,179,179,179,179,0
2022-03-16 13:03:00,179,179,179,179,0
2022-03-16 13:04:00,179,179,179,179,0
2022-03-16 13:05:00,179,179,179,179,0
2022-03-16 13:06:00,179,179,179,179,0
2022-03-16 13:07:00,179,179,179,179,0
2022-03-16 13:08:00,179,179,179,179,0
2022-03-16 13:09:00,179,179,179,179,0
2022-03-16 13:10:00,179,179,179,179,0
2022-03-16 13:11:00,179,179,179,179,0
2022-03-16 13:12:00,179,179,179,179,0
2022-03-16 13:13:00,179,179,179,179,0
2022-03-16 13:14:00,179,179,179,179,0
2022-03-16 13:15:00,179,179,179,179,0
2022-03-16 13:16:00,179,179,179,179,0
2022-03-16 13:17:00,179,179,179,179,0
2022-03-16 13:18:00,179,179,179,179,0
2022-03-16 13:19:00,179,179,179,179,0
2022-03-16 13:20:00,179,179,179,179,0
2022-03-16 13:21:00,179,179,179,179,0
2022-03-16 13:22:00,179,179,179,179,0
2022-03-16 13:23:00,179,179,179,179,0
2022-03-16 13:24:00,179,179,179,179,0
2022-03-16 13:25:00,179,179,179,179,0
2022-03-16 13:26:00,179,179,179,179,0
2022-03-16 13:27:00,179,179,179,179,0
2022-03-16 13:28:00,179,179,179,179,0
2022-03-16 13:29:00,179,179,179,179,0
2022-03-16 13:30:00,179,178,179,179,68600
2022-03-16 13:31:00,178,178,178,178,48200
2022-03-16 13:32:00,178,178,178,178,30000
2022-03-16 13:33:00,179,179,179,179,87500
2022-03-16 13:34:00,179,179,179,179,51600
2022-03-16 13:35:00,179,178,179,179,127700
2022-03-16 13:36:00,179,179,179,179,160400
2022-03-16 13:37:00,179,179,179,179,200
2022-03-16 13:38:00,180,180,180,180,300
2022-03-16 13:39:00,180,180,181,181,470200
2022-03-16 13:40:00,180,180,180,180,25600
2022-03-16 13:41:00,180,180,181,180,21000
2022-03-16 13:42:00,180,180,180,180,28500
2022-03-16 13:43:00,180,180,180,180,32400
2022-03-16 13:44:00,180,180,181,180,51200
2022-03-16 13:45:00,180,180,180,180,500
2022-03-16 13:46:00,180,180,180,180,27000
2022-03-16 13:47:00,180,180,180,180,400
2022-03-16 13:48:00,180,180,180,180,74500
2022-03-16 13:49:00,180,180,180,180,15700
2022-03-16 13:50:00,180,180,180,180,0
2022-03-16 13:51:00,180,180,180,180,200
2022-03-16 13:52:00,181,181,181,181,100
2022-03-16 13:53:00,181,181,182,182,450000
2022-03-16 13:54:00,181,181,182,182,32100
2022-03-16 13:55:00,182,181,182,182,121000
2022-03-16 13:56:00,181,181,182,181,38100
2022-03-16 13:57:00,181,180,181,180,101600
2022-03-16 13:58:00,181,181,181,181,100
2022-03-16 13:59:00,181,181,181,181,200
2022-03-16 14:00:00,181,181,181,181,0
2022-03-16 14:01:00,181,181,181,181,0
2022-03-16 14:02:00,181,181,181,181,500
2022-03-16 14:03:00,180,180,181,181,22000
2022-03-16 14:04:00,181,181,181,181,100
2022-03-16 14:05:00,181,181,181,181,0
2022-03-16 14:06:00,180,180,180,180,25000
2022-03-16 14:07:00,180,180,180,180,10000
2022-03-16 14:08:00,180,180,181,181,20200
2022-03-16 14:09:00,181,181,181,181,800
2022-03-16 14:10:00,181,181,182,182,951400
2022-03-16 14:11:00,182,182,183,183,246800
2022-03-16 14:12:00,182,182,182,182,44300
2022-03-16 14:13:00,182,182,182,182,3900
2022-03-16 14:14:00,182,180,182,180,328900
2022-03-16 14:15:00,181,181,181,181,200
2022-03-16 14:16:00,181,181,181,181,5000
2022-03-16 14:17:00,181,179,181,179,355700
2022-03-16 14:18:00,181,181,181,181,100100
2022-03-16 14:19:00,181,181,181,181,30200
2022-03-16 14:20:00,180,179,180,179,76900
2022-03-16 14:21:00,180,180,180,180,1000
2022-03-16 14:22:00,180,179,181,181,61600
2022-03-16 14:23:00,181,181,181,181,20400
2022-03-16 14:24:00,181,181,181,181,5900
2022-03-16 14:25:00,181,181,181,181,0
2022-03-16 14:26:00,181,181,181,181,500
2022-03-16 14:27:00,180,179,180,180,74600
2022-03-16 14:28:00,179,179,179,179,25100
2022-03-16 14:29:00,180,180,180,180,2000
2022-03-16 14:30:00,179,179,179,179,123800
2022-03-16 14:31:00,179,179,179,179,0
2022-03-16 14:32:00,179,179,179,179,0
2022-03-16 14:33:00,180,180,180,180,2100
2022-03-16 14:34:00,180,180,180,180,10000
2022-03-16 14:35:00,180,180,180,180,100800
2022-03-16 14:36:00,180,180,181,181,21600
2022-03-16 14:37:00,181,180,181,180,110000
2022-03-16 14:38:00,180,180,180,180,3200
2022-03-16 14:39:00,180,180,180,180,58100
2022-03-16 14:40:00,180,180,180,180,12000
2022-03-16 14:41:00,180,180,180,180,21000
2022-03-16 14:42:00,180,180,180,180,1000
2022-03-16 14:43:00,180,180,180,180,1400
2022-03-16 14:44:00,180,180,180,180,7600
2022-03-16 14:45:00,180,180,180,180,100
2022-03-16 14:46:00,180,180,181,181,348600
2022-03-16 14:47:00,181,181,182,181,364400
2022-03-16 14:48:00,181,181,181,181,3800
2022-03-16 14:49:00,180,180,180,180,2300
2022-03-16 14:50:00,180,180,180,180,0
2022-03-16 14:51:00,180,180,180,180,0
2022-03-16 14:52:00,180,180,180,180,0
2022-03-16 14:53:00,180,180,180,180,0
2022-03-16 14:54:00,180,180,180,180,0
2022-03-16 14:55:00,180,180,180,180,0
2022-03-16 14:56:00,180,180,180,180,0
2022-03-16 14:57:00,180,180,180,180,0
2022-03-16 14:58:00,180,180,180,180,0
2022-03-16 14:59:00,180,180,180,180,0
2022-03-16 15:00:00,181,181,181,181,187500
2022-03-16 15:01:00,181,181,181,181,183600
2022-03-16 15:02:00,181,181,181,181,70200
2022-03-16 15:03:00,181,181,181,181,1000
2022-03-16 15:04:00,181,181,181,181,10000
2022-03-16 15:05:00,181,181,181,181,0
2022-03-16 15:06:00,181,181,181,181,1000
2022-03-16 15:07:00,181,181,181,181,5000
2022-03-16 15:08:00,181,181,181,181,0
2022-03-16 15:09:00,181,181,181,181,0
2022-03-16 15:10:00,181,181,181,181,0
2022-03-16 15:11:00,181,181,181,181,0
2022-03-16 15:12:00,181,181,181,181,0
2022-03-16 15:13:00,181,181,181,181,7000
2022-03-16 15:14:00,181,181,181,181,0
2022-03-16 15:15:00,181,181,181,181,0
2022-03-16 15:16:00,181,181,181,181,0
2022-03-16 15:17:00,181,181,181,181,0
2022-03-16 15:18:00,181,181,181,181,0
2022-03-16 15:19:00,181,181,181,181,0
2022-03-16 15:20:00,181,181,181,181,0
2022-03-16 15:21:00,181,181,181,181,0
2022-03-16 15:22:00,181,181,181,181,0
2022-03-16 15:23:00,181,181,181,181,0
2022-03-16 15:24:00,181,181,181,181,0
2022-03-16 15:25:00,181,181,181,181,0
2022-03-16 15:26:00,181,181,181,181,0
2022-03-16 15:27:00,181,181,181,181,0
2022-03-16 15:28:00,181,181,181,181,0
2022-03-16 15:29:00,181,181,181,181,0
2022-03-16 15:30:00,181,181,181,181,0
2022-03-16 15:31:00,181,181,181,181,0
2022-03-16 15:32:00,181,181,181,181,0
2022-03-16 15:33:00,181,181,181,181,0
2022-03-16 15:34:00,181,181,181,181,0
2022-03-16 15:35:00,181,181,181,181,0
2022-03-16 15:36:00,181,181,181,181,0
2022-03-16 15:37:00,181,181,181,181,0
2022-03-16 15:38:00,181,181,181,181,0
2022-03-16 15:39:00,181,181,181,181,0
2022-03-16 15:40:00,181,181,181,181,0
2022-03-16 15:41:00,181,181,181,181,0
2022-03-16 15:42:00,181,181,181,181,0
2022-03-16 15:43:00,181,181,181,181,0
2022-03-16 15:44:00,181,181,181,181,0
2022-03-16 15:45:00,181,181,181,181,0
2022-03-16 15:46:00,181,181,181,181,0
2022-03-16 15:47:00,181,181,181,181,0
2022-03-16 15:48:00,181,181,181,181,0
2022-03-16 15:49:00,181,181,181,181,0
2022-03-16 15:50:00,181,181,181,181,0
2022-03-16 15:51:00,181,181,181,181,0
2022-03-16 15:52:00,181,181,181,181,0
2022-03-16 15:53:00,181,181,181,181,0
2022-03-16 15:54:00,181,181,181,181,0
2022-03-16 15:55:00,181,181,181,181,0
2022-03-16 15:56:00,181,181,181,181,0
2022-03-16 15:57:00,181,181,181,181,0
2022-03-16 15:58:00,181,181,181,181,0
2022-03-16 15:59:00,181,181,181,181,0
2022-03-17 09:00:00,182,181,182,182,0
2022-03-17 09:01:00,181,181,181,181,500
2022-03-17 09:02:00,180,180,181,181,600
2022-03-17 09:03:00,180,180,180,180,900
2022-03-17 09:04:00,180,180,180,180,27400
2022-03-17 09:05:00,180,180,180,180,0
2022-03-17 09:06:00,180,180,180,180,4100
2022-03-17 09:07:00,180,180,180,180,26800
2022-03-17 09:08:00,179,179,180,179,2100
2022-03-17 09:09:00,179,179,179,179,100
2022-03-17 09:10:00,179,179,179,179,127900
2022-03-17 09:11:00,179,179,179,179,22200
2022-03-17 09:12:00,178,178,179,178,35600
2022-03-17 09:13:00,180,180,180,180,100
2022-03-17 09:14:00,180,180,180,180,0
2022-03-17 09:15:00,180,180,181,181,44400
2022-03-17 09:16:00,180,180,181,181,0
2022-03-17 09:17:00,180,180,180,180,500
2022-03-17 09:18:00,181,181,181,181,2000
2022-03-17 09:19:00,181,180,181,180,81500
2022-03-17 09:20:00,180,180,180,180,500
2022-03-17 09:21:00,180,180,180,180,0
2022-03-17 09:22:00,179,179,179,179,100000
2022-03-17 09:23:00,179,179,179,179,0
2022-03-17 09:24:00,179,179,179,179,0
2022-03-17 09:25:00,179,179,179,179,0
2022-03-17 09:26:00,179,179,180,180,15100
2022-03-17 09:27:00,180,180,180,180,6900
2022-03-17 09:28:00,180,180,180,180,8900
2022-03-17 09:29:00,180,180,180,180,4000
2022-03-17 09:30:00,180,180,180,180,1000
2022-03-17 09:31:00,180,180,180,180,100
2022-03-17 09:32:00,180,180,180,180,24700
2022-03-17 09:33:00,180,180,180,180,0
2022-03-17 09:34:00,180,180,180,180,1300
2022-03-17 09:35:00,179,179,179,179,3500
2022-03-17 09:36:00,179,179,179,179,0
2022-03-17 09:37:00,180,180,180,180,5000
2022-03-17 09:38:00,180,180,180,180,5000
2022-03-17 09:39:00,180,180,180,180,4200
2022-03-17 09:40:00,180,180,180,180,0
2022-03-17 09:41:00,180,180,180,180,0
2022-03-17 09:42:00,180,180,180,180,10000
2022-03-17 09:43:00,180,180,180,180,300
2022-03-17 09:44:00,180,180,180,180,0
2022-03-17 09:45:00,180,180,180,180,0
2022-03-17 09:46:00,180,180,180,180,0
2022-03-17 09:47:00,180,180,180,180,0
2022-03-17 09:48:00,180,180,180,180,0
2022-03-17 09:49:00,180,180,180,180,0
2022-03-17 09:50:00,180,180,180,180,4200
2022-03-17 09:51:00,180,180,180,180,100
2022-03-17 09:52:00,180,180,180,180,0
2022-03-17 09:53:00,180,180,180,180,0
2022-03-17 09:54:00,180,180,180,180,100
2022-03-17 09:55:00,180,180,180,180,5000
2022-03-17 09:56:00,180,180,180,180,0
2022-03-17 09:57:00,180,180,180,180,5100
2022-03-17 09:58:00,180,180,180,180,0
2022-03-17 09:59:00,180,180,180,180,100
2022-03-17 10:00:00,180,180,180,180,2500
2022-03-17 10:01:00,179,179,179,179,24000
2022-03-17 10:02:00,179,179,179,179,0
2022-03-17 10:03:00,179,179,179,179,0
2022-03-17 10:04:00,179,179,179,179,100
2022-03-17 10:05:00,179,179,180,180,219800
2022-03-17 10:06:00,180,180,180,180,9100
2022-03-17 10:07:00,180,180,180,180,2500
2022-03-17 10:08:00,180,180,180,180,300
2022-03-17 10:09:00,180,180,180,180,0
2022-03-17 10:10:00,180,180,180,180,4300
2022-03-17 10:11:00,180,180,180,180,500
2022-03-17 10:12:00,180,180,180,180,3000
2022-03-17 10:13:00,180,180,180,180,10500
2022-03-17 10:14:00,180,180,180,180,7500
2022-03-17 10:15:00,180,180,180,180,1000
2022-03-17 10:16:00,180,180,180,180,0
2022-03-17 10:17:00,180,180,180,180,0
2022-03-17 10:18:00,180,180,180,180,0
2022-03-17 10:19:00,180,180,180,180,0
2022-03-17 10:20:00,180,180,180,180,0
2022-03-17 10:21:00,180,180,180,180,0
2022-03-17 10:22:00,180,180,180,180,0
2022-03-17 10:23:00,180,180,180,180,0
2022-03-17 10:24:00,179,179,179,179,288100
2022-03-17 10:25:00,179,179,179,179,0
2022-03-17 10:26:00,179,179,179,179,3000
2022-03-17 10:27:00,179,179,179,179,0
2022-03-17 10:28:00,179,179,179,179,0
2022-03-17 10:29:00,179,179,179,179,0
2022-03-17 10:30:00,179,179,179,179,0
2022-03-17 10:31:00,179,179,179,179,0
2022-03-17 10:32:00,180,180,180,180,1700
2022-03-17 10:33:00,180,180,180,180,0
2022-03-17 10:34:00,180,180,180,180,5300
2022-03-17 10:35:00,180,180,180,180,0
2022-03-17 10:36:00,180,180,180,180,0
2022-03-17 10:37:00,179,179,179,179,200000
2022-03-17 10:38:00,180,180,180,180,25900
2022-03-17 10:39:00,180,180,180,180,0
2022-03-17 10:40:00,180,180,180,180,0
2022-03-17 10:41:00,180,180,180,180,0
2022-03-17 10:42:00,180,180,180,180,0
2022-03-17 10:43:00,180,180,180,180,0
2022-03-17 10:44:00,180,180,180,180,0
2022-03-17 10:45:00,180,180,180,180,0
2022-03-17 10:46:00,180,180,180,180,0
2022-03-17 10:47:00,179,179,179,179,7000
2022-03-17 10:48:00,179,179,179,179,0
2022-03-17 10:49:00,179,179,179,179,15000
2022-03-17 10:50:00,179,179,179,179,0
2022-03-17 10:51:00,179,179,179,179,0
2022-03-17 10:52:00,180,180,180,180,500
2022-03-17 10:53:00,180,180,180,180,0
2022-03-17 10:54:00,180,180,180,180,0
2022-03-17 10:55:00,180,180,180,180,100
2022-03-17 10:56:00,180,180,180,180,0
2022-03-17 10:57:00,179,179,179,179,62900
2022-03-17 10:58:00,179,179,179,179,0
2022-03-17 10:59:00,179,179,179,179,5200
2022-03-17 11:00:00,179,179,179,179,100
2022-03-17 11:01:00,180,180,180,180,90000
2022-03-17 11:02:00,180,180,180,180,0
2022-03-17 11:03:00,179,179,179,179,200
2022-03-17 11:04:00,179,179,179,179,0
2022-03-17 11:05:00,179,179,179,179,0
2022-03-17 11:06:00,179,179,179,179,700
2022-03-17 11:07:00,179,179,179,179,0
2022-03-17 11:08:00,179,179,179,179,1800
2022-03-17 11:09:00,179,179,179,179,0
2022-03-17 11:10:00,179,179,179,179,0
2022-03-17 11:11:00,179,179,179,179,0
2022-03-17 11:12:00,179,179,179,179,0
2022-03-17 11:13:00,179,179,179,179,0
2022-03-17 11:14:00,179,179,179,179,0
2022-03-17 11:15:00,179,179,179,179,0
2022-03-17 11:16:00,179,179,179,179,0
2022-03-17 11:17:00,179,179,179,179,400
2022-03-17 11:18:00,179,179,179,179,0
2022-03-17 11:19:00,180,180,180,180,100
2022-03-17 11:20:00,180,180,180,180,0
2022-03-17 11:21:00,180,180,180,180,0
2022-03-17 11:22:00,180,180,180,180,0
2022-03-17 11:23:00,179,179,179,179,100
2022-03-17 11:24:00,179,179,179,179,0
2022-03-17 11:25:00,179,179,179,179,0
2022-03-17 11:26:00,179,179,179,179,0
2022-03-17 11:27:00,180,180,180,180,180000
2022-03-17 11:28:00,180,180,180,180,100
2022-03-17 11:29:00,180,180,180,180,0
2022-03-17 11:30:00,180,180,180,180,0
2022-03-17 11:31:00,180,180,180,180,0
2022-03-17 11:32:00,180,180,180,180,0
2022-03-17 11:33:00,180,180,180,180,0
2022-03-17 11:34:00,180,180,180,180,0
2022-03-17 11:35:00,180,180,180,180,0
2022-03-17 11:36:00,180,180,180,180,0
2022-03-17 11:37:00,180,180,180,180,0
2022-03-17 11:38:00,180,180,180,180,0
2022-03-17 11:39:00,180,180,180,180,0
2022-03-17 11:40:00,180,180,180,180,0
2022-03-17 11:41:00,180,180,180,180,0
2022-03-17 11:42:00,180,180,180,180,0
2022-03-17 11:43:00,180,180,180,180,0
2022-03-17 11:44:00,180,180,180,180,0
2022-03-17 11:45:00,180,180,180,180,0
2022-03-17 11:46:00,180,180,180,180,0
2022-03-17 11:47:00,180,180,180,180,0
2022-03-17 11:48:00,180,180,180,180,0
2022-03-17 11:49:00,180,180,180,180,0
2022-03-17 11:50:00,180,180,180,180,0
2022-03-17 11:51:00,180,180,180,180,0
2022-03-17 11:52:00,180,180,180,180,0
2022-03-17 11:53:00,180,180,180,180,0
2022-03-17 11:54:00,180,180,180,180,0
2022-03-17 11:55:00,180,180,180,180,0
2022-03-17 11:56:00,180,180,180,180,0
2022-03-17 11:57:00,180,180,180,180,0
2022-03-17 11:58:00,180,180,180,180,0
2022-03-17 11:59:00,180,180,180,180,0
2022-03-17 12:00:00,180,180,180,180,0
2022-03-17 12:01:00,180,180,180,180,0
2022-03-17 12:02:00,180,180,180,180,0
2022-03-17 12:03:00,180,180,180,180,0
2022-03-17 12:04:00,180,180,180,180,0
2022-03-17 12:05:00,180,180,180,180,0
2022-03-17 12:06:00,180,180,180,180,0
2022-03-17 12:07:00,180,180,180,180,0
2022-03-17 12:08:00,180,180,180,180,0
2022-03-17 12:09:00,180,180,180,180,0
2022-03-17 12:10:00,180,180,180,180,0
2022-03-17 12:11:00,180,180,180,180,0
2022-03-17 12:12:00,180,180,180,180,0
2022-03-17 12:13:00,180,180,180,180,0
2022-03-17 12:14:00,180,180,180,180,0
2022-03-17 12:15:00,180,180,180,180,0
2022-03-17 12:16:00,180,180,180,180,0
2022-03-17 12:17:00,180,180,180,180,0
2022-03-17 12:18:00,180,180,180,180,0
2022-03-17 12:19:00,180,180,180,180,0
2022-03-17 12:20:00,180,180,180,180,0
2022-03-17 12:21:00,180,180,180,180,0
2022-03-17 12:22:00,180,180,180,180,0
2022-03-17 12:23:00,180,180,180,180,0
2022-03-17 12:24:00,180,180,180,180,0
2022-03-17 12:25:00,180,180,180,180,0
2022-03-17 12:26:00,180,180,180,180,0
2022-03-17 12:27:00,180,180,180,180,0
2022-03-17 12:28:00,180,180,180,180,0
2022-03-17 12:29:00,180,180,180,180,0
2022-03-17 12:30:00,180,180,180,180,0
2022-03-17 12:31:00,180,180,180,180,0
2022-03-17 12:32:00,180,180,180,180,0
2022-03-17 12:33:00,180,180,180,180,0
2022-03-17 12:34:00,180,180,180,180,0
2022-03-17 12:35:00,180,180,180,180,0
2022-03-17 12:36:00,180,180,180,180,0
2022-03-17 12:37:00,180,180,180,180,0
2022-03-17 12:38:00,180,180,180,180,0
2022-03-17 12:39:00,180,180,180,180,0
2022-03-17 12:40:00,180,180,180,180,0
2022-03-17 12:41:00,180,180,180,180,0
2022-03-17 12:42:00,180,180,180,180,0
2022-03-17 12:43:00,180,180,180,180,0
2022-03-17 12:44:00,180,180,180,180,0
2022-03-17 12:45:00,180,180,180,180,0
2022-03-17 12:46:00,180,180,180,180,0
2022-03-17 12:47:00,180,180,180,180,0
2022-03-17 12:48:00,180,180,180,180,0
2022-03-17 12:49:00,180,180,180,180,0
2022-03-17 12:50:00,180,180,180,180,0
2022-03-17 12:51:00,180,180,180,180,0
2022-03-17 12:52:00,180,180,180,180,0
2022-03-17 12:53:00,180,180,180,180,0
2022-03-17 12:54:00,180,180,180,180,0
2022-03-17 12:55:00,180,180,180,180,0
2022-03-17 12:56:00,180,180,180,180,0
2022-03-17 12:57:00,180,180,180,180,0
2022-03-17 12:58:00,180,180,180,180,0
2022-03-17 12:59:00,180,180,180,180,0
2022-03-17 13:00:00,180,180,180,180,0
2022-03-17 13:01:00,180,180,180,180,0
2022-03-17 13:02:00,180,180,180,180,0
2022-03-17 13:03:00,180,180,180,180,0
2022-03-17 13:04:00,180,180,180,180,0
2022-03-17 13:05:00,180,180,180,180,0
2022-03-17 13:06:00,180,180,180,180,0
2022-03-17 13:07:00,180,180,180,180,0
2022-03-17 13:08:00,180,180,180,180,0
2022-03-17 13:09:00,180,180,180,180,0
2022-03-17 13:10:00,180,180,180,180,0
2022-03-17 13:11:00,180,180,180,180,0
2022-03-17 13:12:00,180,180,180,180,0
2022-03-17 13:13:00,180,180,180,180,0
2022-03-17 13:14:00,180,180,180,180,0
2022-03-17 13:15:00,180,180,180,180,0
2022-03-17 13:16:00,180,180,180,180,0
2022-03-17 13:17:00,180,180,180,180,0
2022-03-17 13:18:00,180,180,180,180,0
2022-03-17 13:19:00,180,180,180,180,0
2022-03-17 13:20:00,180,180,180,180,0
2022-03-17 13:21:00,180,180,180,180,0
2022-03-17 13:22:00,180,180,180,180,0
2022-03-17 13:23:00,180,180,180,180,0
2022-03-17 13:24:00,180,180,180,180,0
2022-03-17 13:25:00,180,180,180,180,0
2022-03-17 13:26:00,180,180,180,180,0
2022-03-17 13:27:00,180,180,180,180,0
2022-03-17 13:28:00,180,180,180,180,0
2022-03-17 13:29:00,180,180,180,180,0
2022-03-17 13:30:00,180,180,180,180,35300
2022-03-17 13:31:00,180,180,180,180,0
2022-03-17 13:32:00,180,180,180,180,200
2022-03-17 13:33:00,180,180,180,180,0
2022-03-17 13:34:00,180,180,180,180,100
2022-03-17 13:35:00,180,180,180,180,0
2022-03-17 13:36:00,180,180,180,180,0
2022-03-17 13:37:00,180,180,180,180,500
2022-03-17 13:38:00,180,180,180,180,0
2022-03-17 13:39:00,181,181,181,181,100
2022-03-17 13:40:00,181,181,181,181,600200
2022-03-17 13:41:00,181,181,181,181,3900
2022-03-17 13:42:00,181,181,181,181,15000
2022-03-17 13:43:00,181,181,181,181,0
2022-03-17 13:44:00,182,181,182,181,2600
2022-03-17 13:45:00,182,181,182,181,1200
2022-03-17 13:46:00,182,181,182,181,0
2022-03-17 13:47:00,181,181,181,181,300
2022-03-17 13:48:00,181,181,181,181,0
2022-03-17 13:49:00,181,181,181,181,0
2022-03-17 13:50:00,182,181,182,181,1400
2022-03-17 13:51:00,181,181,181,181,21000
2022-03-17 13:52:00,181,181,181,181,0
2022-03-17 13:53:00,181,181,181,181,0
2022-03-17 13:54:00,181,181,181,181,1000
2022-03-17 13:55:00,181,181,181,181,0
2022-03-17 13:56:00,180,180,180,180,121400
2022-03-17 13:57:00,180,180,180,180,0
2022-03-17 13:58:00,180,180,180,180,0
2022-03-17 13:59:00,180,180,180,180,0
2022-03-17 14:00:00,181,181,181,181,10000
2022-03-17 14:01:00,180,180,181,181,10900
2022-03-17 14:02:00,180,180,180,180,100
2022-03-17 14:03:00,180,180,180,180,0
2022-03-17 14:04:00,180,180,180,180,0
2022-03-17 14:05:00,180,180,180,180,0
2022-03-17 14:06:00,181,181,181,181,3000
2022-03-17 14:07:00,181,181,181,181,0
2022-03-17 14:08:00,181,181,181,181,0
2022-03-17 14:09:00,181,181,181,181,0
2022-03-17 14:10:00,181,181,181,181,0
2022-03-17 14:11:00,181,181,181,181,0
2022-03-17 14:12:00,181,181,181,181,5000
2022-03-17 14:13:00,181,181,181,181,700
2022-03-17 14:14:00,181,181,181,181,0
2022-03-17 14:15:00,181,180,181,180,80600
2022-03-17 14:16:00,181,180,181,180,0
2022-03-17 14:17:00,180,180,180,180,5000
2022-03-17 14:18:00,180,180,181,181,600
2022-03-17 14:19:00,180,180,181,181,0
2022-03-17 14:20:00,181,181,181,181,2000
2022-03-17 14:21:00,181,181,181,181,3500
2022-03-17 14:22:00,181,181,181,181,0
2022-03-17 14:23:00,181,181,181,181,0
2022-03-17 14:24:00,181,181,181,181,0
2022-03-17 14:25:00,181,181,181,181,0
2022-03-17 14:26:00,181,181,181,181,0
2022-03-17 14:27:00,181,181,181,181,0
2022-03-17 14:28:00,181,181,181,181,0
2022-03-17 14:29:00,181,181,181,181,205600
2022-03-17 14:30:00,181,181,182,182,2100
2022-03-17 14:31:00,182,182,182,182,10000
2022-03-17 14:32:00,182,182,182,182,0
2022-03-17 14:33:00,182,182,182,182,0
2022-03-17 14:34:00,182,182,182,182,5400
2022-03-17 14:35:00,182,182,182,182,5200
2022-03-17 14:36:00,182,182,182,182,0
2022-03-17 14:37:00,181,181,181,181,100
2022-03-17 14:38:00,181,181,181,181,2400
2022-03-17 14:39:00,182,181,182,182,180700
2022-03-17 14:40:00,182,182,182,182,170500
2022-03-17 14:41:00,182,182,183,182,47400
2022-03-17 14:42:00,183,182,183,183,29000
2022-03-17 14:43:00,183,183,183,183,127500
2022-03-17 14:44:00,183,183,183,183,28900
2022-03-17 14:45:00,183,182,183,183,67800
2022-03-17 14:46:00,183,183,183,183,42400
2022-03-17 14:47:00,182,182,183,183,13900
2022-03-17 14:48:00,183,182,183,183,269400
2022-03-17 14:49:00,183,183,184,184,174800
2022-03-17 14:50:00,184,184,184,184,40000
2022-03-17 14:51:00,184,184,184,184,0
2022-03-17 14:52:00,184,184,184,184,0
2022-03-17 14:53:00,184,184,184,184,0
2022-03-17 14:54:00,184,184,184,184,0
2022-03-17 14:55:00,184,184,184,184,0
2022-03-17 14:56:00,184,184,184,184,0
2022-03-17 14:57:00,184,184,184,184,0
2022-03-17 14:58:00,184,184,184,184,0
2022-03-17 14:59:00,184,184,184,184,0
2022-03-17 15:00:00,185,185,185,185,480400
2022-03-17 15:01:00,185,185,185,185,825200
2022-03-17 15:02:00,185,185,185,185,6000
2022-03-17 15:03:00,185,185,185,185,90300
2022-03-17 15:04:00,185,185,185,185,0
2022-03-17 15:05:00,185,185,185,185,64700
2022-03-17 15:06:00,185,185,185,185,50000
2022-03-17 15:07:00,185,185,185,185,10000
2022-03-17 15:08:00,185,185,185,185,0
2022-03-17 15:09:00,185,185,185,185,2600
2022-03-17 15:10:00,185,185,185,185,6500
2022-03-17 15:11:00,185,185,185,185,800
2022-03-17 15:12:00,185,185,185,185,100
2022-03-17 15:13:00,185,185,185,185,1500
2022-03-17 15:14:00,185,185,185,185,0
2022-03-17 15:15:00,185,185,185,185,0
2022-03-17 15:16:00,185,185,185,185,0
2022-03-17 15:17:00,185,185,185,185,0
2022-03-17 15:18:00,185,185,185,185,0
2022-03-17 15:19:00,185,185,185,185,0
2022-03-17 15:20:00,185,185,185,185,0
2022-03-17 15:21:00,185,185,185,185,0
2022-03-17 15:22:00,185,185,185,185,0
2022-03-17 15:23:00,185,185,185,185,0
2022-03-17 15:24:00,185,185,185,185,0
2022-03-17 15:25:00,185,185,185,185,0
2022-03-17 15:26:00,185,185,185,185,0
2022-03-17 15:27:00,185,185,185,185,0
2022-03-17 15:28:00,185,185,185,185,0
2022-03-17 15:29:00,185,185,185,185,0
2022-03-17 15:30:00,185,185,185,185,0
2022-03-17 15:31:00,185,185,185,185,0
2022-03-17 15:32:00,185,185,185,185,0
2022-03-17 15:33:00,185,185,185,185,0
2022-03-17 15:34:00,185,185,185,185,0
2022-03-17 15:35:00,185,185,185,185,0
2022-03-17 15:36:00,185,185,185,185,0
2022-03-17 15:37:00,185,185,185,185,0
2022-03-17 15:38:00,185,185,185,185,0
2022-03-17 15:39:00,185,185,185,185,0
2022-03-17 15:40:00,185,185,185,185,0
2022-03-17 15:41:00,185,185,185,185,0
2022-03-17 15:42:00,185,185,185,185,0
2022-03-17 15:43:00,185,185,185,185,0
2022-03-17 15:44:00,185,185,185,185,0
2022-03-17 15:45:00,185,185,185,185,0
2022-03-17 15:46:00,185,185,185,185,0
2022-03-17 15:47:00,185,185,185,185,0
2022-03-17 15:48:00,185,185,185,185,0
2022-03-17 15:49:00,185,185,185,185,0
2022-03-17 15:50:00,185,185,185,185,0
2022-03-17 15:51:00,185,185,185,185,0
2022-03-17 15:52:00,185,185,185,185,0
2022-03-17 15:53:00,185,185,185,185,0
2022-03-17 15:54:00,185,185,185,185,0
2022-03-17 15:55:00,185,185,185,185,0
2022-03-17 15:56:00,185,185,185,185,0
2022-03-17 15:57:00,185,185,185,185,0
2022-03-17 15:58:00,185,185,185,185,0
2022-03-17 15:59:00,185,185,185,185,0
2022-03-18 09:00:00,186,186,188,188,0
2022-03-18 09:01:00,188,187,189,189,675900
2022-03-18 09:02:00,189,188,190,189,484500
2022-03-18 09:03:00,189,187,189,188,738400
2022-03-18 09:04:00,188,188,190,189,377300
2022-03-18 09:05:00,190,189,190,189,455300
2022-03-18 09:06:00,189,189,190,189,135300
2022-03-18 09:07:00,189,189,189,189,846400
2022-03-18 09:08:00,189,189,190,189,221600
2022-03-18 09:09:00,189,189,189,189,2000
2022-03-18 09:10:00,188,188,189,188,219600
2022-03-18 09:11:00,188,188,188,188,112400
2022-03-18 09:12:00,188,188,189,188,501200
2022-03-18 09:13:00,188,187,188,188,552800
2022-03-18 09:14:00,187,187,188,188,1500
2022-03-18 09:15:00,187,187,187,187,8700
2022-03-18 09:16:00,188,187,188,187,2100
2022-03-18 09:17:00,188,187,188,187,35900
2022-03-18 09:18:00,187,187,188,188,40000
2022-03-18 09:19:00,187,187,188,188,0
2022-03-18 09:20:00,188,188,188,188,64000
2022-03-18 09:21:00,188,187,188,187,14000
2022-03-18 09:22:00,188,187,188,187,0
2022-03-18 09:23:00,187,187,188,188,34800
2022-03-18 09:24:00,188,187,188,188,34600
2022-03-18 09:25:00,188,187,188,187,13000
2022-03-18 09:26:00,187,187,187,187,4500
2022-03-18 09:27:00,187,187,187,187,20000
2022-03-18 09:28:00,187,187,187,187,1500
2022-03-18 09:29:00,187,187,188,188,20000
2022-03-18 09:30:00,188,188,188,188,800
2022-03-18 09:31:00,188,188,188,188,0
2022-03-18 09:32:00,187,187,187,187,854800
2022-03-18 09:33:00,187,187,187,187,105100
2022-03-18 09:34:00,186,186,186,186,100
2022-03-18 09:35:00,186,186,187,186,204200
2022-03-18 09:36:00,186,186,186,186,12900
2022-03-18 09:37:00,186,186,186,186,3600
2022-03-18 09:38:00,186,186,187,187,1200
2022-03-18 09:39:00,187,187,187,187,15000
2022-03-18 09:40:00,186,186,187,187,193500
2022-03-18 09:41:00,188,187,188,187,161100
2022-03-18 09:42:00,187,187,187,187,1300
2022-03-18 09:43:00,186,186,186,186,64600
2022-03-18 09:44:00,186,186,186,186,3100
2022-03-18 09:45:00,186,186,186,186,70000
2022-03-18 09:46:00,186,186,186,186,349100
2022-03-18 09:47:00,186,185,186,186,45300
2022-03-18 09:48:00,186,185,186,186,0
2022-03-18 09:49:00,186,186,186,186,36500
2022-03-18 09:50:00,186,186,186,186,10000
2022-03-18 09:51:00,186,186,187,187,10100
2022-03-18 09:52:00,186,186,186,186,45800
2022-03-18 09:53:00,186,186,186,186,0
2022-03-18 09:54:00,185,185,186,186,298700
2022-03-18 09:55:00,185,185,185,185,10000
2022-03-18 09:56:00,185,185,186,186,25100
2022-03-18 09:57:00,186,186,186,186,200
2022-03-18 09:58:00,186,186,186,186,100
2022-03-18 09:59:00,185,185,186,186,28500
2022-03-18 10:00:00,186,186,186,186,2700
2022-03-18 10:01:00,186,186,186,186,0
2022-03-18 10:02:00,186,186,186,186,0
2022-03-18 10:03:00,186,186,186,186,97800
2022-03-18 10:04:00,186,186,186,186,0
2022-03-18 10:05:00,186,186,186,186,0
2022-03-18 10:06:00,186,186,186,186,0
2022-03-18 10:07:00,186,186,186,186,0
2022-03-18 10:08:00,187,187,187,187,5000
2022-03-18 10:09:00,187,187,187,187,181200
2022-03-18 10:10:00,187,187,187,187,30000
2022-03-18 10:11:00,187,187,187,187,0
2022-03-18 10:12:00,187,187,187,187,100
2022-03-18 10:13:00,188,187,188,187,10100
2022-03-18 10:14:00,188,187,188,187,0
2022-03-18 10:15:00,188,187,188,187,0
2022-03-18 10:16:00,187,187,187,187,8000
2022-03-18 10:17:00,187,187,187,187,100
2022-03-18 10:18:00,187,187,187,187,45000
2022-03-18 10:19:00,187,187,187,187,14600
2022-03-18 10:20:00,187,187,187,187,0
2022-03-18 10:21:00,187,187,187,187,1100
2022-03-18 10:22:00,187,187,187,187,0
2022-03-18 10:23:00,187,187,187,187,7100
2022-03-18 10:24:00,187,186,187,186,300
2022-03-18 10:25:00,187,186,187,186,0
2022-03-18 10:26:00,186,186,186,186,20100
2022-03-18 10:27:00,187,187,187,187,100
2022-03-18 10:28:00,186,186,186,186,49900
2022-03-18 10:29:00,186,186,186,186,0
2022-03-18 10:30:00,186,186,187,187,7800
2022-03-18 10:31:00,186,186,187,187,0
2022-03-18 10:32:00,186,186,186,186,50600
2022-03-18 10:33:00,186,186,186,186,5000
2022-03-18 10:34:00,186,186,186,186,1100
2022-03-18 10:35:00,187,187,187,187,200
2022-03-18 10:36:00,187,187,187,187,0
2022-03-18 10:37:00,187,187,187,187,0
2022-03-18 10:38:00,186,186,186,186,1800
2022-03-18 10:39:00,186,186,186,186,0
2022-03-18 10:40:00,186,186,186,186,0
2022-03-18 10:41:00,186,186,186,186,0
2022-03-18 10:42:00,186,186,186,186,1200
2022-03-18 10:43:00,186,186,186,186,500
2022-03-18 10:44:00,186,186,186,186,0
2022-03-18 10:45:00,186,186,186,186,0
2022-03-18 10:46:00,186,186,186,186,1400
2022-03-18 10:47:00,186,186,186,186,0
2022-03-18 10:48:00,187,187,187,187,300
2022-03-18 10:49:00,187,187,187,187,0
2022-03-18 10:50:00,187,187,187,187,0
2022-03-18 10:51:00,187,187,188,188,137600
2022-03-18 10:52:00,187,187,187,187,500
2022-03-18 10:53:00,187,187,187,187,2000
2022-03-18 10:54:00,187,187,187,187,0
2022-03-18 10:55:00,187,187,187,187,0
2022-03-18 10:56:00,187,187,187,187,0
2022-03-18 10:57:00,187,187,187,187,6000
2022-03-18 10:58:00,187,187,187,187,0
2022-03-18 10:59:00,187,187,187,187,0
2022-03-18 11:00:00,187,187,187,187,12500
2022-03-18 11:01:00,187,187,188,188,8800
2022-03-18 11:02:00,187,187,188,188,0
2022-03-18 11:03:00,187,187,188,188,2200
2022-03-18 11:04:00,188,188,188,188,10000
2022-03-18 11:05:00,188,188,188,188,0
2022-03-18 11:06:00,188,188,188,188,0
2022-03-18 11:07:00,188,188,188,188,0
2022-03-18 11:08:00,188,188,188,188,0
2022-03-18 11:09:00,187,187,187,187,1100
2022-03-18 11:10:00,187,187,187,187,0
2022-03-18 11:11:00,187,187,187,187,0
2022-03-18 11:12:00,187,187,187,187,0
2022-03-18 11:13:00,187,187,187,187,100
2022-03-18 11:14:00,187,187,187,187,5000
2022-03-18 11:15:00,187,187,187,187,0
2022-03-18 11:16:00,187,187,187,187,0
2022-03-18 11:17:00,187,187,187,187,67000
2022-03-18 11:18:00,187,187,187,187,200
2022-03-18 11:19:00,187,187,187,187,239300
2022-03-18 11:20:00,187,187,187,187,339200
2022-03-18 11:21:00,186,186,186,186,5000
2022-03-18 11:22:00,187,187,187,187,11700
2022-03-18 11:23:00,187,187,187,187,100
2022-03-18 11:24:00,187,187,187,187,0
2022-03-18 11:25:00,187,187,187,187,0
2022-03-18 11:26:00,187,187,187,187,0
2022-03-18 11:27:00,187,187,187,187,0
2022-03-18 11:28:00,187,187,187,187,0
2022-03-18 11:29:00,187,187,187,187,0
2022-03-18 11:30:00,187,187,187,187,0
2022-03-18 11:31:00,187,187,187,187,0
2022-03-18 11:32:00,187,187,187,187,0
2022-03-18 11:33:00,187,187,187,187,0
2022-03-18 11:34:00,187,187,187,187,0
2022-03-18 11:35:00,187,187,187,187,0
2022-03-18 11:36:00,187,187,187,187,0
2022-03-18 11:37:00,187,187,187,187,0
2022-03-18 11:38:00,187,187,187,187,0
2022-03-18 11:39:00,187,187,187,187,0
2022-03-18 11:40:00,187,187,187,187,0
2022-03-18 11:41:00,187,187,187,187,0
2022-03-18 11:42:00,187,187,187,187,0
2022-03-18 11:43:00,187,187,187,187,0
2022-03-18 11:44:00,187,187,187,187,0
2022-03-18 11:45:00,187,187,187,187,0
2022-03-18 11:46:00,187,187,187,187,0
2022-03-18 11:47:00,187,187,187,187,0
2022-03-18 11:48:00,187,187,187,187,0
2022-03-18 11:49:00,187,187,187,187,0
2022-03-18 11:50:00,187,187,187,187,0
2022-03-18 11:51:00,187,187,187,187,0
2022-03-18 11:52:00,187,187,187,187,0
2022-03-18 11:53:00,187,187,187,187,0
2022-03-18 11:54:00,187,187,187,187,0
2022-03-18 11:55:00,187,187,187,187,0
2022-03-18 11:56:00,187,187,187,187,0
2022-03-18 11:57:00,187,187,187,187,0
2022-03-18 11:58:00,187,187,187,187,0
2022-03-18 11:59:00,187,187,187,187,0
2022-03-18 12:00:00,187,187,187,187,0
2022-03-18 12:01:00,187,187,187,187,0
2022-03-18 12:02:00,187,187,187,187,0
2022-03-18 12:03:00,187,187,187,187,0
2022-03-18 12:04:00,187,187,187,187,0
2022-03-18 12:05:00,187,187,187,187,0
2022-03-18 12:06:00,187,187,187,187,0
2022-03-18 12:07:00,187,187,187,187,0
2022-03-18 12:08:00,187,187,187,187,0
2022-03-18 12:09:00,187,187,187,187,0
2022-03-18 12:10:00,187,187,187,187,0
2022-03-18 12:11:00,187,187,187,187,0
2022-03-18 12:12:00,187,187,187,187,0
2022-03-18 12:13:00,187,187,187,187,0
2022-03-18 12:14:00,187,187,187,187,0
2022-03-18 12:15:00,187,187,187,187,0
2022-03-18 12:16:00,187,187,187,187,0
2022-03-18 12:17:00,187,187,187,187,0
2022-03-18 12:18:00,187,187,187,187,0
2022-03-18 12:19:00,187,187,187,187,0
2022-03-18 12:20:00,187,187,187,187,0
2022-03-18 12:21:00,187,187,187,187,0
2022-03-18 12:22:00,187,187,187,187,0
2022-03-18 12:23:00,187,187,187,187,0
2022-03-18 12:24:00,187,187,187,187,0
2022-03-18 12:25:00,187,187,187,187,0
2022-03-18 12:26:00,187,187,187,187,0
2022-03-18 12:27:00,187,187,187,187,0
2022-03-18 12:28:00,187,187,187,187,0
2022-03-18 12:29:00,187,187,187,187,0
2022-03-18 12:30:00,187,187,187,187,0
2022-03-18 12:31:00,187,187,187,187,0
2022-03-18 12:32:00,187,187,187,187,0
2022-03-18 12:33:00,187,187,187,187,0
2022-03-18 12:34:00,187,187,187,187,0
2022-03-18 12:35:00,187,187,187,187,0
2022-03-18 12:36:00,187,187,187,187,0
2022-03-18 12:37:00,187,187,187,187,0
2022-03-18 12:38:00,187,187,187,187,0
2022-03-18 12:39:00,187,187,187,187,0
2022-03-18 12:40:00,187,187,187,187,0
2022-03-18 12:41:00,187,187,187,187,0
2022-03-18 12:42:00,187,187,187,187,0
2022-03-18 12:43:00,187,187,187,187,0
2022-03-18 12:44:00,187,187,187,187,0
2022-03-18 12:45:00,187,187,187,187,0
2022-03-18 12:46:00,187,187,187,187,0
2022-03-18 12:47:00,187,187,187,187,0
2022-03-18 12:48:00,187,187,187,187,0
2022-03-18 12:49:00,187,187,187,187,0
2022-03-18 12:50:00,187,187,187,187,0
2022-03-18 12:51:00,187,187,187,187,0
2022-03-18 12:52:00,187,187,187,187,0
2022-03-18 12:53:00,187,187,187,187,0
2022-03-18 12:54:00,187,187,187,187,0
2022-03-18 12:55:00,187,187,187,187,0
2022-03-18 12:56:00,187,187,187,187,0
2022-03-18 12:57:00,187,187,187,187,0
2022-03-18 12:58:00,187,187,187,187,0
2022-03-18 12:59:00,187,187,187,187,0
2022-03-18 13:00:00,187,187,187,187,0
2022-03-18 13:01:00,187,187,187,187,0
2022-03-18 13:02:00,187,187,187,187,0
2022-03-18 13:03:00,187,187,187,187,0
2022-03-18 13:04:00,187,187,187,187,0
2022-03-18 13:05:00,187,187,187,187,0
2022-03-18 13:06:00,187,187,187,187,0
2022-03-18 13:07:00,187,187,187,187,0
2022-03-18 13:08:00,187,187,187,187,0
2022-03-18 13:09:00,187,187,187,187,0
2022-03-18 13:10:00,187,187,187,187,0
2022-03-18 13:11:00,187,187,187,187,0
2022-03-18 13:12:00,187,187,187,187,0
2022-03-18 13:13:00,187,187,187,187,0
2022-03-18 13:14:00,187,187,187,187,0
2022-03-18 13:15:00,187,187,187,187,0
2022-03-18 13:16:00,187,187,187,187,0
2022-03-18 13:17:00,187,187,187,187,0
2022-03-18 13:18:00,187,187,187,187,0
2022-03-18 13:19:00,187,187,187,187,0
2022-03-18 13:20:00,187,187,187,187,0
2022-03-18 13:21:00,187,187,187,187,0
2022-03-18 13:22:00,187,187,187,187,0
2022-03-18 13:23:00,187,187,187,187,0
2022-03-18 13:24:00,187,187,187,187,0
2022-03-18 13:25:00,187,187,187,187,0
2022-03-18 13:26:00,187,187,187,187,0
2022-03-18 13:27:00,187,187,187,187,0
2022-03-18 13:28:00,187,187,187,187,0
2022-03-18 13:29:00,187,187,187,187,0
2022-03-18 13:30:00,187,186,187,187,37500
2022-03-18 13:31:00,187,186,187,187,0
2022-03-18 13:32:00,187,186,187,187,0
2022-03-18 13:33:00,187,186,187,187,0
2022-03-18 13:34:00,187,186,187,187,0
2022-03-18 13:35:00,187,186,187,187,0
2022-03-18 13:36:00,187,186,187,187,0
2022-03-18 13:37:00,187,186,187,186,10600
2022-03-18 13:38:00,186,186,186,186,400
2022-03-18 13:39:00,186,186,186,186,100
2022-03-18 13:40:00,186,186,186,186,11700
2022-03-18 13:41:00,187,187,187,187,1100
2022-03-18 13:42:00,186,186,186,186,5400
2022-03-18 13:43:00,186,186,186,186,0
2022-03-18 13:44:00,186,186,186,186,443200
2022-03-18 13:45:00,186,186,186,186,0
2022-03-18 13:46:00,186,186,186,186,100
2022-03-18 13:47:00,186,186,186,186,10000
2022-03-18 13:48:00,186,185,186,185,47800
2022-03-18 13:49:00,185,185,185,185,2000
2022-03-18 13:50:00,186,186,186,186,100
2022-03-18 13:51:00,186,186,186,186,0
2022-03-18 13:52:00,186,185,186,185,73000
2022-03-18 13:53:00,186,185,186,185,0
2022-03-18 13:54:00,186,185,186,185,0
2022-03-18 13:55:00,185,185,185,185,1000
2022-03-18 13:56:00,185,185,185,185,1000
2022-03-18 13:57:00,185,185,185,185,5300
2022-03-18 13:58:00,185,185,185,185,0
2022-03-18 13:59:00,185,185,185,185,0
2022-03-18 14:00:00,185,185,185,185,6400
2022-03-18 14:01:00,185,185,185,185,10000
2022-03-18 14:02:00,185,185,185,185,0
2022-03-18 14:03:00,185,185,185,185,0
2022-03-18 14:04:00,185,185,185,185,0
2022-03-18 14:05:00,185,185,185,185,0
2022-03-18 14:06:00,185,185,185,185,0
2022-03-18 14:07:00,185,185,185,185,0
2022-03-18 14:08:00,186,186,186,186,1000
2022-03-18 14:09:00,186,186,186,186,100
2022-03-18 14:10:00,186,186,186,186,100
2022-03-18 14:11:00,186,186,186,186,800
2022-03-18 14:12:00,186,186,186,186,100
2022-03-18 14:13:00,186,186,186,186,50000
2022-03-18 14:14:00,186,186,186,186,1200
2022-03-18 14:15:00,185,185,185,185,52300
2022-03-18 14:16:00,185,185,185,185,200000
2022-03-18 14:17:00,185,185,185,185,4000
2022-03-18 14:18:00,185,185,185,185,0
2022-03-18 14:19:00,185,185,185,185,0
2022-03-18 14:20:00,185,185,185,185,50000
2022-03-18 14:21:00,185,185,185,185,0
2022-03-18 14:22:00,185,185,185,185,15000
2022-03-18 14:23:00,185,185,185,185,0
2022-03-18 14:24:00,185,185,185,185,0
2022-03-18 14:25:00,185,185,185,185,14200
2022-03-18 14:26:00,185,185,185,185,0
2022-03-18 14:27:00,185,185,186,186,12600
2022-03-18 14:28:00,185,185,186,186,0
2022-03-18 14:29:00,186,186,186,186,46000
2022-03-18 14:30:00,185,185,185,185,20100
2022-03-18 14:31:00,185,185,185,185,100
2022-03-18 14:32:00,185,185,185,185,0
2022-03-18 14:33:00,185,185,185,185,0
2022-03-18 14:34:00,185,185,185,185,0
2022-03-18 14:35:00,185,185,185,185,0
2022-03-18 14:36:00,185,185,185,185,0
2022-03-18 14:37:00,186,186,186,186,200
2022-03-18 14:38:00,186,186,186,186,0
2022-03-18 14:39:00,186,186,186,186,0
2022-03-18 14:40:00,186,186,186,186,0
2022-03-18 14:41:00,186,186,186,186,600
2022-03-18 14:42:00,185,185,185,185,100
2022-03-18 14:43:00,185,185,185,185,1000
2022-03-18 14:44:00,185,185,185,185,30000
2022-03-18 14:45:00,185,185,185,185,500
2022-03-18 14:46:00,185,185,185,185,60000
2022-03-18 14:47:00,185,185,185,185,9500
2022-03-18 14:48:00,185,185,186,186,18900
2022-03-18 14:49:00,185,185,185,185,306200
2022-03-18 14:50:00,185,185,185,185,0
2022-03-18 14:51:00,185,185,185,185,0
2022-03-18 14:52:00,185,185,185,185,0
2022-03-18 14:53:00,185,185,185,185,0
2022-03-18 14:54:00,185,185,185,185,0
2022-03-18 14:55:00,185,185,185,185,0
2022-03-18 14:56:00,185,185,185,185,0
2022-03-18 14:57:00,185,185,185,185,0
2022-03-18 14:58:00,185,185,185,185,0
2022-03-18 14:59:00,185,185,185,185,0
2022-03-18 15:00:00,185,185,185,185,467100
2022-03-18 15:01:00,185,185,185,185,0
2022-03-18 15:02:00,185,185,185,185,6000
2022-03-18 15:03:00,185,185,185,185,0
2022-03-18 15:04:00,185,185,185,185,0
2022-03-18 15:05:00,185,185,185,185,17800
2022-03-18 15:06:00,185,185,185,185,0
2022-03-18 15:07:00,185,185,185,185,19500
2022-03-18 15:08:00,185,185,185,185,500
2022-03-18 15:09:00,185,185,185,185,0
2022-03-18 15:10:00,185,185,185,185,0
2022-03-18 15:11:00,185,185,185,185,500
2022-03-18 15:12:00,185,185,185,185,0
2022-03-18 15:13:00,185,185,185,185,0
2022-03-18 15:14:00,185,185,185,185,0
2022-03-18 15:15:00,185,185,185,185,0
2022-03-18 15:16:00,185,185,185,185,0
2022-03-18 15:17:00,185,185,185,185,0
2022-03-18 15:18:00,185,185,185,185,0
2022-03-18 15:19:00,185,185,185,185,0
2022-03-18 15:20:00,185,185,185,185,0
2022-03-18 15:21:00,185,185,185,185,0
2022-03-18 15:22:00,185,185,185,185,0
2022-03-18 15:23:00,185,185,185,185,0
2022-03-18 15:24:00,185,185,185,185,0
2022-03-18 15:25:00,185,185,185,185,0
2022-03-18 15:26:00,185,185,185,185,0
2022-03-18 15:27:00,185,185,185,185,0
2022-03-18 15:28:00,185,185,185,185,0
2022-03-18 15:29:00,185,185,185,185,0
2022-03-18 15:30:00,185,185,185,185,0
2022-03-18 15:31:00,185,185,185,185,0
2022-03-18 15:32:00,185,185,185,185,0
2022-03-18 15:33:00,185,185,185,185,0
2022-03-18 15:34:00,185,185,185,185,0
2022-03-18 15:35:00,185,185,185,185,0
2022-03-18 15:36:00,185,185,185,185,0
2022-03-18 15:37:00,185,185,185,185,0
2022-03-18 15:38:00,185,185,185,185,0
2022-03-18 15:39:00,185,185,185,185,0
2022-03-18 15:40:00,185,185,185,185,0
2022-03-18 15:41:00,185,185,185,185,0
2022-03-18 15:42:00,185,185,185,185,0
2022-03-18 15:43:00,185,185,185,185,0
2022-03-18 15:44:00,185,185,185,185,0
2022-03-18 15:45:00,185,185,185,185,0
2022-03-18 15:46:00,185,185,185,185,0
2022-03-18 15:47:00,185,185,185,185,0
2022-03-18 15:48:00,185,185,185,185,0
2022-03-18 15:49:00,185,185,185,185,0
2022-03-18 15:50:00,185,185,185,185,0
2022-03-18 15:51:00,185,185,185,185,0
2022-03-18 15:52:00,185,185,185,185,0
2022-03-18 15:53:00,185,185,185,185,0
2022-03-18 15:54:00,185,185,185,185,0
2022-03-18 15:55:00,185,185,185,185,0
2022-03-18 15:56:00,185,185,185,185,0
2022-03-18 15:57:00,185,185,185,185,0
2022-03-18 15:58:00,185,185,185,185,0
2022-03-18 15:59:00,185,185,185,185,0
2022-03-21 09:00:00,186,184,186,184,0
2022-03-21 09:01:00,184,183,184,183,26200
2022-03-21 09:02:00,183,183,184,183,63600
2022-03-21 09:03:00,183,183,183,183,5100
2022-03-21 09:04:00,183,183,183,183,36000
2022-03-21 09:05:00,183,182,184,184,95900
2022-03-21 09:06:00,183,182,184,184,0
2022-03-21 09:07:00,184,184,184,184,1000
2022-03-21 09:08:00,184,184,184,184,0
2022-03-21 09:09:00,184,184,184,184,20000
2022-03-21 09:10:00,184,184,184,184,0
2022-03-21 09:11:00,184,184,184,184,5000
2022-03-21 09:12:00,184,183,184,183,38000
2022-03-21 09:13:00,183,183,184,184,6100
2022-03-21 09:14:00,183,183,184,184,104600
2022-03-21 09:15:00,184,183,184,183,12800
2022-03-21 09:16:00,184,184,184,184,6000
2022-03-21 09:17:00,184,184,184,184,2000
2022-03-21 09:18:00,184,184,184,184,0
2022-03-21 09:19:00,184,184,184,184,41200
2022-03-21 09:20:00,184,184,184,184,50500
2022-03-21 09:21:00,183,183,185,185,334500
2022-03-21 09:22:00,184,184,185,185,5100
2022-03-21 09:23:00,184,184,185,185,0
2022-03-21 09:24:00,184,184,185,185,52000
2022-03-21 09:25:00,184,184,184,184,10000
2022-03-21 09:26:00,184,184,184,184,0
2022-03-21 09:27:00,184,184,184,184,0
2022-03-21 09:28:00,184,184,184,184,0
2022-03-21 09:29:00,184,184,184,184,500
2022-03-21 09:30:00,184,184,184,184,5600
2022-03-21 09:31:00,184,184,184,184,84100
2022-03-21 09:32:00,184,184,184,184,1100
2022-03-21 09:33:00,184,184,185,185,50300
2022-03-21 09:34:00,184,184,185,185,0
2022-03-21 09:35:00,185,185,185,185,1000
2022-03-21 09:36:00,185,185,185,185,136800
2022-03-21 09:37:00,185,185,185,185,2500
2022-03-21 09:38:00,185,184,185,184,2100
2022-03-21 09:39:00,185,184,185,184,0
2022-03-21 09:40:00,185,184,185,184,0
2022-03-21 09:41:00,185,184,185,184,0
2022-03-21 09:42:00,184,184,184,184,200
2022-03-21 09:43:00,184,184,184,184,3100
2022-03-21 09:44:00,184,184,184,184,0
2022-03-21 09:45:00,184,184,184,184,119000
2022-03-21 09:46:00,185,185,185,185,11000
2022-03-21 09:47:00,184,184,184,184,448300
2022-03-21 09:48:00,184,184,184,184,0
2022-03-21 09:49:00,184,184,184,184,0
2022-03-21 09:50:00,184,184,184,184,0
2022-03-21 09:51:00,183,183,184,184,26500
2022-03-21 09:52:00,183,183,184,184,0
2022-03-21 09:53:00,184,184,184,184,500
2022-03-21 09:54:00,184,184,184,184,220000
2022-03-21 09:55:00,184,183,184,183,5900
2022-03-21 09:56:00,184,184,184,184,11000
2022-03-21 09:57:00,184,184,184,184,0
2022-03-21 09:58:00,183,183,184,184,1700
2022-03-21 09:59:00,183,183,184,184,0
2022-03-21 10:00:00,184,184,184,184,5000
2022-03-21 10:01:00,184,184,184,184,0
2022-03-21 10:02:00,184,184,184,184,0
2022-03-21 10:03:00,184,184,184,184,0
2022-03-21 10:04:00,183,183,183,183,100
2022-03-21 10:05:00,183,183,183,183,0
2022-03-21 10:06:00,183,183,183,183,0
2022-03-21 10:07:00,183,183,183,183,0
2022-03-21 10:08:00,183,183,184,184,600
2022-03-21 10:09:00,184,184,184,184,3000
2022-03-21 10:10:00,184,184,184,184,0
2022-03-21 10:11:00,184,184,184,184,0
2022-03-21 10:12:00,184,184,184,184,0
2022-03-21 10:13:00,184,183,184,183,7500
2022-03-21 10:14:00,183,183,184,184,900
2022-03-21 10:15:00,183,183,184,184,0
2022-03-21 10:16:00,183,183,184,184,0
2022-03-21 10:17:00,183,183,184,184,0
2022-03-21 10:18:00,183,183,184,184,0
2022-03-21 10:19:00,184,184,184,184,10200
2022-03-21 10:20:00,184,184,184,184,100
2022-03-21 10:21:00,183,183,183,183,1000
2022-03-21 10:22:00,184,184,184,184,3300
2022-03-21 10:23:00,184,184,184,184,1500
2022-03-21 10:24:00,184,184,184,184,100
2022-03-21 10:25:00,184,184,184,184,0
2022-03-21 10:26:00,184,184,184,184,0
2022-03-21 10:27:00,184,184,184,184,0
2022-03-21 10:28:00,184,184,184,184,0
2022-03-21 10:29:00,184,184,184,184,0
2022-03-21 10:30:00,184,184,184,184,0
2022-03-21 10:31:00,183,183,183,183,400
2022-03-21 10:32:00,183,183,183,183,0
2022-03-21 10:33:00,183,183,183,183,0
2022-03-21 10:34:00,183,183,183,183,0
2022-03-21 10:35:00,183,183,183,183,2000
2022-03-21 10:36:00,183,183,183,183,0
2022-03-21 10:37:00,184,184,184,184,54300
2022-03-21 10:38:00,184,184,184,184,0
2022-03-21 10:39:00,184,184,184,184,1000
2022-03-21 10:40:00,184,184,184,184,30000
2022-03-21 10:41:00,184,184,184,184,10000
2022-03-21 10:42:00,184,184,184,184,0
2022-03-21 10:43:00,184,184,184,184,0
2022-03-21 10:44:00,184,184,184,184,0
2022-03-21 10:45:00,184,184,184,184,0
2022-03-21 10:46:00,184,184,184,184,0
2022-03-21 10:47:00,184,184,184,184,0
2022-03-21 10:48:00,184,184,184,184,0
2022-03-21 10:49:00,184,184,184,184,0
2022-03-21 10:50:00,183,183,184,184,4200
2022-03-21 10:51:00,183,183,184,184,0
2022-03-21 10:52:00,183,183,184,184,0
2022-03-21 10:53:00,184,184,184,184,1200
2022-03-21 10:54:00,184,184,184,184,10000
2022-03-21 10:55:00,184,184,184,184,0
2022-03-21 10:56:00,184,184,184,184,0
2022-03-21 10:57:00,184,184,184,184,0
2022-03-21 10:58:00,184,184,184,184,0
2022-03-21 10:59:00,184,184,184,184,0
2022-03-21 11:00:00,184,184,184,184,0
2022-03-21 11:01:00,184,184,184,184,3300
2022-03-21 11:02:00,184,184,184,184,0
2022-03-21 11:03:00,184,184,184,184,0
2022-03-21 11:04:00,183,183,183,183,31700
2022-03-21 11:05:00,183,183,183,183,0
2022-03-21 11:06:00,184,184,184,184,100
2022-03-21 11:07:00,184,184,184,184,0
2022-03-21 11:08:00,184,184,185,185,5200
2022-03-21 11:09:00,184,184,185,185,0
2022-03-21 11:10:00,184,184,184,184,600
2022-03-21 11:11:00,184,184,184,184,0
2022-03-21 11:12:00,184,184,184,184,0
2022-03-21 11:13:00,184,184,184,184,5000
2022-03-21 11:14:00,184,184,184,184,0
2022-03-21 11:15:00,184,184,184,184,5200
2022-03-21 11:16:00,184,184,184,184,42200
2022-03-21 11:17:00,184,184,184,184,0
2022-03-21 11:18:00,184,184,184,184,0
2022-03-21 11:19:00,183,183,183,183,5000
2022-03-21 11:20:00,184,184,184,184,100
2022-03-21 11:21:00,183,183,183,183,2500
2022-03-21 11:22:00,183,183,183,183,3000
2022-03-21 11:23:00,183,183,183,183,10000
2022-03-21 11:24:00,183,183,183,183,0
2022-03-21 11:25:00,183,183,183,183,0
2022-03-21 11:26:00,183,183,183,183,28000
2022-03-21 11:27:00,183,183,183,183,0
2022-03-21 11:28:00,183,183,183,183,0
2022-03-21 11:29:00,183,183,183,183,0
2022-03-21 11:30:00,183,183,183,183,0
2022-03-21 11:31:00,183,183,183,183,0
2022-03-21 11:32:00,183,183,183,183,0
2022-03-21 11:33:00,183,183,183,183,0
2022-03-21 11:34:00,183,183,183,183,0
2022-03-21 11:35:00,183,183,183,183,0
2022-03-21 11:36:00,183,183,183,183,0
2022-03-21 11:37:00,183,183,183,183,0
2022-03-21 11:38:00,183,183,183,183,0
2022-03-21 11:39:00,183,183,183,183,0
2022-03-21 11:40:00,183,183,183,183,0
2022-03-21 11:41:00,183,183,183,183,0
2022-03-21 11:42:00,183,183,183,183,0
2022-03-21 11:43:00,183,183,183,183,0
2022-03-21 11:44:00,183,183,183,183,0
2022-03-21 11:45:00,183,183,183,183,0
2022-03-21 11:46:00,183,183,183,183,0
2022-03-21 11:47:00,183,183,183,183,0
2022-03-21 11:48:00,183,183,183,183,0
2022-03-21 11:49:00,183,183,183,183,0
2022-03-21 11:50:00,183,183,183,183,0
2022-03-21 11:51:00,183,183,183,183,0
2022-03-21 11:52:00,183,183,183,183,0
2022-03-21 11:53:00,183,183,183,183,0
2022-03-21 11:54:00,183,183,183,183,0
2022-03-21 11:55:00,183,183,183,183,0
2022-03-21 11:56:00,183,183,183,183,0
2022-03-21 11:57:00,183,183,183,183,0
2022-03-21 11:58:00,183,183,183,183,0
2022-03-21 11:59:00,183,183,183,183,0
2022-03-21 12:00:00,183,183,183,183,0
2022-03-21 12:01:00,183,183,183,183,0
2022-03-21 12:02:00,183,183,183,183,0
2022-03-21 12:03:00,183,183,183,183,0
2022-03-21 12:04:00,183,183,183,183,0
2022-03-21 12:05:00,183,183,183,183,0
2022-03-21 12:06:00,183,183,183,183,0
2022-03-21 12:07:00,183,183,183,183,0
2022-03-21 12:08:00,183,183,183,183,0
2022-03-21 12:09:00,183,183,183,183,0
2022-03-21 12:10:00,183,183,183,183,0
2022-03-21 12:11:00,183,183,183,183,0
2022-03-21 12:12:00,183,183,183,183,0
2022-03-21 12:13:00,183,183,183,183,0
2022-03-21 12:14:00,183,183,183,183,0
2022-03-21 12:15:00,183,183,183,183,0
2022-03-21 12:16:00,183,183,183,183,0
2022-03-21 12:17:00,183,183,183,183,0
2022-03-21 12:18:00,183,183,183,183,0
2022-03-21 12:19:00,183,183,183,183,0
2022-03-21 12:20:00,183,183,183,183,0
2022-03-21 12:21:00,183,183,183,183,0
2022-03-21 12:22:00,183,183,183,183,0
2022-03-21 12:23:00,183,183,183,183,0
2022-03-21 12:24:00,183,183,183,183,0
2022-03-21 12:25:00,183,183,183,183,0
2022-03-21 12:26:00,183,183,183,183,0
2022-03-21 12:27:00,183,183,183,183,0
2022-03-21 12:28:00,183,183,183,183,0
2022-03-21 12:29:00,183,183,183,183,0
2022-03-21 12:30:00,183,183,183,183,0
2022-03-21 12:31:00,183,183,183,183,0
2022-03-21 12:32:00,183,183,183,183,0
2022-03-21 12:33:00,183,183,183,183,0
2022-03-21 12:34:00,183,183,183,183,0
2022-03-21 12:35:00,183,183,183,183,0
2022-03-21 12:36:00,183,183,183,183,0
2022-03-21 12:37:00,183,183,183,183,0
2022-03-21 12:38:00,183,183,183,183,0
2022-03-21 12:39:00,183,183,183,183,0
2022-03-21 12:40:00,183,183,183,183,0
2022-03-21 12:41:00,183,183,183,183,0
2022-03-21 12:42:00,183,183,183,183,0
2022-03-21 12:43:00,183,183,183,183,0
2022-03-21 12:44:00,183,183,183,183,0
2022-03-21 12:45:00,183,183,183,183,0
2022-03-21 12:46:00,183,183,183,183,0
2022-03-21 12:47:00,183,183,183,183,0
2022-03-21 12:48:00,183,183,183,183,0
2022-03-21 12:49:00,183,183,183,183,0
2022-03-21 12:50:00,183,183,183,183,0
2022-03-21 12:51:00,183,183,183,183,0
2022-03-21 12:52:00,183,183,183,183,0
2022-03-21 12:53:00,183,183,183,183,0
2022-03-21 12:54:00,183,183,183,183,0
2022-03-21 12:55:00,183,183,183,183,0
2022-03-21 12:56:00,183,183,183,183,0
2022-03-21 12:57:00,183,183,183,183,0
2022-03-21 12:58:00,183,183,183,183,0
2022-03-21 12:59:00,183,183,183,183,0
2022-03-21 13:00:00,183,183,183,183,0
2022-03-21 13:01:00,183,183,183,183,0
2022-03-21 13:02:00,183,183,183,183,0
2022-03-21 13:03:00,183,183,183,183,0
2022-03-21 13:04:00,183,183,183,183,0
2022-03-21 13:05:00,183,183,183,183,0
2022-03-21 13:06:00,183,183,183,183,0
2022-03-21 13:07:00,183,183,183,183,0
2022-03-21 13:08:00,183,183,183,183,0
2022-03-21 13:09:00,183,183,183,183,0
2022-03-21 13:10:00,183,183,183,183,0
2022-03-21 13:11:00,183,183,183,183,0
2022-03-21 13:12:00,183,183,183,183,0
2022-03-21 13:13:00,183,183,183,183,0
2022-03-21 13:14:00,183,183,183,183,0
2022-03-21 13:15:00,183,183,183,183,0
2022-03-21 13:16:00,183,183,183,183,0
2022-03-21 13:17:00,183,183,183,183,0
2022-03-21 13:18:00,183,183,183,183,0
2022-03-21 13:19:00,183,183,183,183,0
2022-03-21 13:20:00,183,183,183,183,0
2022-03-21 13:21:00,183,183,183,183,0
2022-03-21 13:22:00,183,183,183,183,0
2022-03-21 13:23:00,183,183,183,183,0
2022-03-21 13:24:00,183,183,183,183,0
2022-03-21 13:25:00,183,183,183,183,0
2022-03-21 13:26:00,183,183,183,183,0
2022-03-21 13:27:00,183,183,183,183,0
2022-03-21 13:28:00,183,183,183,183,0
2022-03-21 13:29:00,183,183,183,183,0
2022-03-21 13:30:00,184,183,184,183,20400
2022-03-21 13:31:00,184,183,184,183,0
2022-03-21 13:32:00,183,183,183,183,20000
2022-03-21 13:33:00,183,183,183,183,10000
2022-03-21 13:34:00,183,183,183,183,0
2022-03-21 13:35:00,183,183,183,183,0
2022-03-21 13:36:00,183,183,183,183,1000
2022-03-21 13:37:00,183,183,183,183,0
2022-03-21 13:38:00,183,183,183,183,0
2022-03-21 13:39:00,184,184,184,184,100
2022-03-21 13:40:00,184,184,184,184,0
2022-03-21 13:41:00,184,184,184,184,0
2022-03-21 13:42:00,184,184,184,184,54200
2022-03-21 13:43:00,184,184,184,184,3000
2022-03-21 13:44:00,184,184,184,184,6100
2022-03-21 13:45:00,184,184,184,184,100
2022-03-21 13:46:00,184,184,184,184,0
2022-03-21 13:47:00,183,183,183,183,200
2022-03-21 13:48:00,184,184,184,184,4000
2022-03-21 13:49:00,184,184,184,184,100
2022-03-21 13:50:00,183,183,183,183,1500
2022-03-21 13:51:00,183,183,183,183,171400
2022-03-21 13:52:00,183,183,183,183,0
2022-03-21 13:53:00,183,183,183,183,0
2022-03-21 13:54:00,183,183,183,183,25000
2022-03-21 13:55:00,183,183,183,183,0
2022-03-21 13:56:00,183,183,183,183,6000
2022-03-21 13:57:00,184,184,184,184,5500
2022-03-21 13:58:00,184,184,184,184,0
2022-03-21 13:59:00,184,184,184,184,100
2022-03-21 14:00:00,184,184,184,184,8800
2022-03-21 14:01:00,184,184,184,184,3000
2022-03-21 14:02:00,184,184,184,184,0
2022-03-21 14:03:00,183,183,183,183,20000
2022-03-21 14:04:00,183,183,183,183,0
2022-03-21 14:05:00,183,183,183,183,21100
2022-03-21 14:06:00,184,184,184,184,1000
2022-03-21 14:07:00,184,184,184,184,0
2022-03-21 14:08:00,184,184,184,184,0
2022-03-21 14:09:00,184,184,184,184,0
2022-03-21 14:10:00,184,184,184,184,0
2022-03-21 14:11:00,184,184,184,184,0
2022-03-21 14:12:00,184,184,184,184,3500
2022-03-21 14:13:00,184,184,184,184,0
2022-03-21 14:14:00,184,184,184,184,0
2022-03-21 14:15:00,184,184,184,184,0
2022-03-21 14:16:00,183,183,183,183,65000
2022-03-21 14:17:00,183,183,183,183,81000
2022-03-21 14:18:00,184,183,184,183,21100
2022-03-21 14:19:00,184,183,184,183,0
2022-03-21 14:20:00,183,183,183,183,400
2022-03-21 14:21:00,183,183,183,183,0
2022-03-21 14:22:00,183,183,183,183,96000
2022-03-21 14:23:00,183,183,183,183,0
2022-03-21 14:24:00,183,183,183,183,100
2022-03-21 14:25:00,183,183,183,183,0
2022-03-21 14:26:00,183,183,183,183,0
2022-03-21 14:27:00,183,183,183,183,0
2022-03-21 14:28:00,183,183,183,183,10000
2022-03-21 14:29:00,184,184,184,184,100
2022-03-21 14:30:00,184,184,184,184,0
2022-03-21 14:31:00,184,184,184,184,0
2022-03-21 14:32:00,184,184,184,184,0
2022-03-21 14:33:00,184,183,184,183,49600
2022-03-21 14:34:00,184,184,184,184,1500
2022-03-21 14:35:00,184,184,184,184,68100
2022-03-21 14:36:00,184,184,184,184,12300
2022-03-21 14:37:00,184,184,184,184,2600
2022-03-21 14:38:00,184,184,184,184,6400
2022-03-21 14:39:00,184,184,184,184,0
2022-03-21 14:40:00,184,184,184,184,0
2022-03-21 14:41:00,184,184,184,184,25100
2022-03-21 14:42:00,184,184,184,184,0
2022-03-21 14:43:00,184,184,184,184,5100
2022-03-21 14:44:00,184,184,184,184,0
2022-03-21 14:45:00,185,184,185,184,3000
2022-03-21 14:46:00,184,184,184,184,200
2022-03-21 14:47:00,184,184,184,184,0
2022-03-21 14:48:00,184,184,184,184,70200
2022-03-21 14:49:00,185,185,185,185,200
2022-03-21 14:50:00,185,185,185,185,0
2022-03-21 14:51:00,185,185,185,185,0
2022-03-21 14:52:00,185,185,185,185,0
2022-03-21 14:53:00,185,185,185,185,0
2022-03-21 14:54:00,185,185,185,185,0
2022-03-21 14:55:00,185,185,185,185,0
2022-03-21 14:56:00,185,185,185,185,0
2022-03-21 14:57:00,185,185,185,185,0
2022-03-21 14:58:00,185,185,185,185,0
2022-03-21 14:59:00,185,185,185,185,0
2022-03-21 15:00:00,185,185,185,185,235400
2022-03-21 15:01:00,185,185,185,185,40000
2022-03-21 15:02:00,185,185,185,185,0
2022-03-21 15:03:00,185,185,185,185,184000
2022-03-21 15:04:00,185,185,185,185,50000
2022-03-21 15:05:00,185,185,185,185,0
2022-03-21 15:06:00,185,185,185,185,0
2022-03-21 15:07:00,185,185,185,185,25000
2022-03-21 15:08:00,185,185,185,185,0
2022-03-21 15:09:00,185,185,185,185,0
2022-03-21 15:10:00,185,185,185,185,10000
2022-03-21 15:11:00,185,185,185,185,0
2022-03-21 15:12:00,185,185,185,185,0
2022-03-21 15:13:00,185,185,185,185,0
2022-03-21 15:14:00,185,185,185,185,20000
2022-03-21 15:15:00,185,185,185,185,0
2022-03-21 15:16:00,185,185,185,185,0
2022-03-21 15:17:00,185,185,185,185,0
2022-03-21 15:18:00,185,185,185,185,0
2022-03-21 15:19:00,185,185,185,185,0
2022-03-21 15:20:00,185,185,185,185,0
2022-03-21 15:21:00,185,185,185,185,0
2022-03-21 15:22:00,185,185,185,185,0
2022-03-21 15:23:00,185,185,185,185,0
2022-03-21 15:24:00,185,185,185,185,0
2022-03-21 15:25:00,185,185,185,185,0
2022-03-21 15:26:00,185,185,185,185,0
2022-03-21 15:27:00,185,185,185,185,0
2022-03-21 15:28:00,185,185,185,185,0
2022-03-21 15:29:00,185,185,185,185,0
2022-03-21 15:30:00,185,185,185,185,0
2022-03-21 15:31:00,185,185,185,185,0
2022-03-21 15:32:00,185,185,185,185,0
2022-03-21 15:33:00,185,185,185,185,0
2022-03-21 15:34:00,185,185,185,185,0
2022-03-21 15:35:00,185,185,185,185,0
2022-03-21 15:36:00,185,185,185,185,0
2022-03-21 15:37:00,185,185,185,185,0
2022-03-21 15:38:00,185,185,185,185,0
2022-03-21 15:39:00,185,185,185,185,0
2022-03-21 15:40:00,185,185,185,185,0
2022-03-21 15:41:00,185,185,185,185,0
2022-03-21 15:42:00,185,185,185,185,0
2022-03-21 15:43:00,185,185,185,185,0
2022-03-21 15:44:00,185,185,185,185,0
2022-03-21 15:45:00,185,185,185,185,0
2022-03-21 15:46:00,185,185,185,185,0
2022-03-21 15:47:00,185,185,185,185,0
2022-03-21 15:48:00,185,185,185,185,0
2022-03-21 15:49:00,185,185,185,185,0
2022-03-21 15:50:00,185,185,185,185,0
2022-03-21 15:51:00,185,185,185,185,0
2022-03-21 15:52:00,185,185,185,185,0
2022-03-21 15:53:00,185,185,185,185,0
2022-03-21 15:54:00,185,185,185,185,0
2022-03-21 15:55:00,185,185,185,185,0
2022-03-21 15:56:00,185,185,185,185,0
2022-03-21 15:57:00,185,185,185,185,0
2022-03-21 15:58:00,185,185,185,185,0
2022-03-21 15:59:00,185,185,185,185,0
2022-03-22 09:00:00,186,185,187,185,0
2022-03-22 09:01:00,187,187,188,188,77500
2022-03-22 09:02:00,188,187,188,187,42300
2022-03-22 09:03:00,187,187,187,187,1000
2022-03-22 09:04:00,187,187,187,187,0
2022-03-22 09:05:00,187,187,187,187,72300
2022-03-22 09:06:00,187,187,187,187,0
2022-03-22 09:07:00,188,187,188,187,244500
2022-03-22 09:08:00,188,188,188,188,27500
2022-03-22 09:09:00,188,188,188,188,50000
2022-03-22 09:10:00,187,187,188,188,26000
2022-03-22 09:11:00,188,188,188,188,30300
2022-03-22 09:12:00,188,188,188,188,10000
2022-03-22 09:13:00,188,188,188,188,0
2022-03-22 09:14:00,188,187,188,187,14400
2022-03-22 09:15:00,187,187,187,187,20000
2022-03-22 09:16:00,187,187,187,187,254500
2022-03-22 09:17:00,187,186,187,186,97000
2022-03-22 09:18:00,187,187,187,187,115200
2022-03-22 09:19:00,187,187,188,187,26000
2022-03-22 09:20:00,187,187,187,187,1500
2022-03-22 09:21:00,187,187,187,187,17700
2022-03-22 09:22:00,187,187,187,187,26900
2022-03-22 09:23:00,188,188,188,188,207400
2022-03-22 09:24:00,188,188,188,188,56200
2022-03-22 09:25:00,188,188,188,188,0
2022-03-22 09:26:00,188,188,188,188,0
2022-03-22 09:27:00,188,188,188,188,100
2022-03-22 09:28:00,188,188,188,188,0
2022-03-22 09:29:00,187,187,187,187,131500
2022-03-22 09:30:00,187,187,187,187,238100
2022-03-22 09:31:00,187,187,187,187,0
2022-03-22 09:32:00,187,187,187,187,1000
2022-03-22 09:33:00,187,187,187,187,500
2022-03-22 09:34:00,187,187,187,187,30000
2022-03-22 09:35:00,187,187,187,187,0
2022-03-22 09:36:00,187,187,187,187,0
2022-03-22 09:37:00,186,186,186,186,2400
2022-03-22 09:38:00,187,187,187,187,100
2022-03-22 09:39:00,186,186,187,187,21000
2022-03-22 09:40:00,186,186,187,187,0
2022-03-22 09:41:00,186,186,187,187,0
2022-03-22 09:42:00,186,186,187,187,0
2022-03-22 09:43:00,187,187,187,187,35700
2022-03-22 09:44:00,187,187,187,187,20000
2022-03-22 09:45:00,187,187,187,187,0
2022-03-22 09:46:00,187,187,187,187,0
2022-03-22 09:47:00,186,186,186,186,1100
2022-03-22 09:48:00,187,187,187,187,100
2022-03-22 09:49:00,186,186,187,187,21500
2022-03-22 09:50:00,187,187,187,187,10000
2022-03-22 09:51:00,186,186,187,187,3600
2022-03-22 09:52:00,187,186,187,186,3700
2022-03-22 09:53:00,186,186,186,186,1500
2022-03-22 09:54:00,186,186,186,186,0
2022-03-22 09:55:00,186,186,186,186,34000
2022-03-22 09:56:00,187,187,187,187,20000
2022-03-22 09:57:00,187,187,187,187,0
2022-03-22 09:58:00,187,187,187,187,0
2022-03-22 09:59:00,187,187,187,187,0
2022-03-22 10:00:00,186,186,186,186,256600
2022-03-22 10:01:00,186,186,186,186,0
2022-03-22 10:02:00,186,186,186,186,25000
2022-03-22 10:03:00,186,186,186,186,0
2022-03-22 10:04:00,187,187,187,187,100
2022-03-22 10:05:00,187,187,187,187,0
2022-03-22 10:06:00,187,187,187,187,0
2022-03-22 10:07:00,187,187,187,187,0
2022-03-22 10:08:00,187,187,187,187,0
2022-03-22 10:09:00,187,187,187,187,0
2022-03-22 10:10:00,187,187,187,187,8400
2022-03-22 10:11:00,187,187,187,187,500
2022-03-22 10:12:00,186,186,187,186,219900
2022-03-22 10:13:00,186,186,186,186,100000
2022-03-22 10:14:00,186,186,186,186,15100
2022-03-22 10:15:00,186,186,186,186,200
2022-03-22 10:16:00,186,186,186,186,180000
2022-03-22 10:17:00,186,186,186,186,35000
2022-03-22 10:18:00,186,186,188,188,1642500
2022-03-22 10:19:00,188,188,192,191,4101700
2022-03-22 10:20:00,191,191,192,192,1096000
2022-03-22 10:21:00,192,190,192,190,758800
2022-03-22 10:22:00,190,190,191,191,39900
2022-03-22 10:23:00,191,190,191,190,1095500
2022-03-22 10:24:00,190,189,190,189,140400
2022-03-22 10:25:00,189,189,190,189,26400
2022-03-22 10:26:00,189,189,189,189,24300
2022-03-22 10:27:00,189,189,189,189,49500
2022-03-22 10:28:00,189,189,190,189,551300
2022-03-22 10:29:00,190,189,190,190,16500
2022-03-22 10:30:00,189,189,190,189,11700
2022-03-22 10:31:00,190,189,190,190,116000
2022-03-22 10:32:00,189,189,190,190,8200
2022-03-22 10:33:00,190,190,190,190,2500
2022-03-22 10:34:00,189,189,189,189,6100
2022-03-22 10:35:00,189,189,189,189,100
2022-03-22 10:36:00,189,189,189,189,4300
2022-03-22 10:37:00,189,189,189,189,428600
2022-03-22 10:38:00,189,189,189,189,16100
2022-03-22 10:39:00,189,189,189,189,10700
2022-03-22 10:40:00,189,189,189,189,11900
2022-03-22 10:41:00,189,189,189,189,19000
2022-03-22 10:42:00,189,189,189,189,5000
2022-03-22 10:43:00,189,189,189,189,1600
2022-03-22 10:44:00,189,189,189,189,10500
2022-03-22 10:45:00,188,188,189,189,26100
2022-03-22 10:46:00,188,188,188,188,3100
2022-03-22 10:47:00,188,188,188,188,19300
2022-03-22 10:48:00,188,188,188,188,31000
2022-03-22 10:49:00,188,188,189,188,4400
2022-03-22 10:50:00,188,188,189,188,0
2022-03-22 10:51:00,188,188,189,188,0
2022-03-22 10:52:00,188,188,188,188,125300
2022-03-22 10:53:00,188,188,188,188,150100
2022-03-22 10:54:00,188,188,189,189,19700
2022-03-22 10:55:00,188,188,189,189,0
2022-03-22 10:56:00,188,188,188,188,270100
2022-03-22 10:57:00,188,188,188,188,1100
2022-03-22 10:58:00,188,188,188,188,11100
2022-03-22 10:59:00,188,188,188,188,100
2022-03-22 11:00:00,188,188,188,188,2000
2022-03-22 11:01:00,188,188,188,188,6000
2022-03-22 11:02:00,188,188,188,188,0
2022-03-22 11:03:00,188,188,188,188,0
2022-03-22 11:04:00,188,188,188,188,0
2022-03-22 11:05:00,189,189,189,189,100
2022-03-22 11:06:00,188,188,188,188,100
2022-03-22 11:07:00,189,189,189,189,47000
2022-03-22 11:08:00,189,189,189,189,0
2022-03-22 11:09:00,189,189,189,189,1000
2022-03-22 11:10:00,189,189,189,189,212100
2022-03-22 11:11:00,189,189,190,189,171500
2022-03-22 11:12:00,189,189,190,190,10600
2022-03-22 11:13:00,190,190,190,190,600
2022-03-22 11:14:00,190,190,190,190,1000
2022-03-22 11:15:00,190,190,190,190,500
2022-03-22 11:16:00,189,189,189,189,40200
2022-03-22 11:17:00,189,189,189,189,0
2022-03-22 11:18:00,189,189,189,189,0
2022-03-22 11:19:00,189,189,189,189,100
2022-03-22 11:20:00,189,189,189,189,161200
2022-03-22 11:21:00,189,189,189,189,1100
2022-03-22 11:22:00,189,189,189,189,200
2022-03-22 11:23:00,189,189,189,189,1100
2022-03-22 11:24:00,189,189,189,189,900
2022-03-22 11:25:00,189,189,189,189,300
2022-03-22 11:26:00,189,189,189,189,0
2022-03-22 11:27:00,189,189,189,189,15000
2022-03-22 11:28:00,189,189,189,189,1000
2022-03-22 11:29:00,189,189,189,189,30400
2022-03-22 11:30:00,189,189,189,189,0
2022-03-22 11:31:00,189,189,189,189,0
2022-03-22 11:32:00,189,189,189,189,0
2022-03-22 11:33:00,189,189,189,189,0
2022-03-22 11:34:00,189,189,189,189,0
2022-03-22 11:35:00,189,189,189,189,0
2022-03-22 11:36:00,189,189,189,189,0
2022-03-22 11:37:00,189,189,189,189,0
2022-03-22 11:38:00,189,189,189,189,0
2022-03-22 11:39:00,189,189,189,189,0
2022-03-22 11:40:00,189,189,189,189,0
2022-03-22 11:41:00,189,189,189,189,0
2022-03-22 11:42:00,189,189,189,189,0
2022-03-22 11:43:00,189,189,189,189,0
2022-03-22 11:44:00,189,189,189,189,0
2022-03-22 11:45:00,189,189,189,189,0
2022-03-22 11:46:00,189,189,189,189,0
2022-03-22 11:47:00,189,189,189,189,0
2022-03-22 11:48:00,189,189,189,189,0
2022-03-22 11:49:00,189,189,189,189,0
2022-03-22 11:50:00,189,189,189,189,0
2022-03-22 11:51:00,189,189,189,189,0
2022-03-22 11:52:00,189,189,189,189,0
2022-03-22 11:53:00,189,189,189,189,0
2022-03-22 11:54:00,189,189,189,189,0
2022-03-22 11:55:00,189,189,189,189,0
2022-03-22 11:56:00,189,189,189,189,0
2022-03-22 11:57:00,189,189,189,189,0
2022-03-22 11:58:00,189,189,189,189,0
2022-03-22 11:59:00,189,189,189,189,0
2022-03-22 12:00:00,189,189,189,189,0
2022-03-22 12:01:00,189,189,189,189,0
2022-03-22 12:02:00,189,189,189,189,0
2022-03-22 12:03:00,189,189,189,189,0
2022-03-22 12:04:00,189,189,189,189,0
2022-03-22 12:05:00,189,189,189,189,0
2022-03-22 12:06:00,189,189,189,189,0
2022-03-22 12:07:00,189,189,189,189,0
2022-03-22 12:08:00,189,189,189,189,0
2022-03-22 12:09:00,189,189,189,189,0
2022-03-22 12:10:00,189,189,189,189,0
2022-03-22 12:11:00,189,189,189,189,0
2022-03-22 12:12:00,189,189,189,189,0
2022-03-22 12:13:00,189,189,189,189,0
2022-03-22 12:14:00,189,189,189,189,0
2022-03-22 12:15:00,189,189,189,189,0
2022-03-22 12:16:00,189,189,189,189,0
2022-03-22 12:17:00,189,189,189,189,0
2022-03-22 12:18:00,189,189,189,189,0
2022-03-22 12:19:00,189,189,189,189,0
2022-03-22 12:20:00,189,189,189,189,0
2022-03-22 12:21:00,189,189,189,189,0
2022-03-22 12:22:00,189,189,189,189,0
2022-03-22 12:23:00,189,189,189,189,0
2022-03-22 12:24:00,189,189,189,189,0
2022-03-22 12:25:00,189,189,189,189,0
2022-03-22 12:26:00,189,189,189,189,0
2022-03-22 12:27:00,189,189,189,189,0
2022-03-22 12:28:00,189,189,189,189,0
2022-03-22 12:29:00,189,189,189,189,0
2022-03-22 12:30:00,189,189,189,189,0
2022-03-22 12:31:00,189,189,189,189,0
2022-03-22 12:32:00,189,189,189,189,0
2022-03-22 12:33:00,189,189,189,189,0
2022-03-22 12:34:00,189,189,189,189,0
2022-03-22 12:35:00,189,189,189,189,0
2022-03-22 12:36:00,189,189,189,189,0
2022-03-22 12:37:00,189,189,189,189,0
2022-03-22 12:38:00,189,189,189,189,0
2022-03-22 12:39:00,189,189,189,189,0
2022-03-22 12:40:00,189,189,189,189,0
2022-03-22 12:41:00,189,189,189,189,0
2022-03-22 12:42:00,189,189,189,189,0
2022-03-22 12:43:00,189,189,189,189,0
2022-03-22 12:44:00,189,189,189,189,0
2022-03-22 12:45:00,189,189,189,189,0
2022-03-22 12:46:00,189,189,189,189,0
2022-03-22 12:47:00,189,189,189,189,0
2022-03-22 12:48:00,189,189,189,189,0
2022-03-22 12:49:00,189,189,189,189,0
2022-03-22 12:50:00,189,189,189,189,0
2022-03-22 12:51:00,189,189,189,189,0
2022-03-22 12:52:00,189,189,189,189,0
2022-03-22 12:53:00,189,189,189,189,0
2022-03-22 12:54:00,189,189,189,189,0
2022-03-22 12:55:00,189,189,189,189,0
2022-03-22 12:56:00,189,189,189,189,0
2022-03-22 12:57:00,189,189,189,189,0
2022-03-22 12:58:00,189,189,189,189,0
2022-03-22 12:59:00,189,189,189,189,0
2022-03-22 13:00:00,189,189,189,189,0
2022-03-22 13:01:00,189,189,189,189,0
2022-03-22 13:02:00,189,189,189,189,0
2022-03-22 13:03:00,189,189,189,189,0
2022-03-22 13:04:00,189,189,189,189,0
2022-03-22 13:05:00,189,189,189,189,0
2022-03-22 13:06:00,189,189,189,189,0
2022-03-22 13:07:00,189,189,189,189,0
2022-03-22 13:08:00,189,189,189,189,0
2022-03-22 13:09:00,189,189,189,189,0
2022-03-22 13:10:00,189,189,189,189,0
2022-03-22 13:11:00,189,189,189,189,0
2022-03-22 13:12:00,189,189,189,189,0
2022-03-22 13:13:00,189,189,189,189,0
2022-03-22 13:14:00,189,189,189,189,0
2022-03-22 13:15:00,189,189,189,189,0
2022-03-22 13:16:00,189,189,189,189,0
2022-03-22 13:17:00,189,189,189,189,0
2022-03-22 13:18:00,189,189,189,189,0
2022-03-22 13:19:00,189,189,189,189,0
2022-03-22 13:20:00,189,189,189,189,0
2022-03-22 13:21:00,189,189,189,189,0
2022-03-22 13:22:00,189,189,189,189,0
2022-03-22 13:23:00,189,189,189,189,0
2022-03-22 13:24:00,189,189,189,189,0
2022-03-22 13:25:00,189,189,189,189,0
2022-03-22 13:26:00,189,189,189,189,0
2022-03-22 13:27:00,189,189,189,189,0
2022-03-22 13:28:00,189,189,189,189,0
2022-03-22 13:29:00,189,189,189,189,0
2022-03-22 13:30:00,189,189,190,189,106600
2022-03-22 13:31:00,189,189,189,189,500
2022-03-22 13:32:00,190,189,190,189,450000
2022-03-22 13:33:00,190,189,190,189,0
2022-03-22 13:34:00,189,189,189,189,500
2022-03-22 13:35:00,189,189,189,189,500
2022-03-22 13:36:00,189,189,189,189,20000
2022-03-22 13:37:00,189,189,189,189,0
2022-03-22 13:38:00,189,189,189,189,500
2022-03-22 13:39:00,190,190,190,190,100
2022-03-22 13:40:00,190,190,190,190,100
2022-03-22 13:41:00,190,190,190,190,0
2022-03-22 13:42:00,189,189,189,189,200
2022-03-22 13:43:00,189,189,189,189,30000
2022-03-22 13:44:00,189,189,189,189,3600
2022-03-22 13:45:00,189,189,189,189,3700
2022-03-22 13:46:00,189,189,189,189,0
2022-03-22 13:47:00,189,189,189,189,0
2022-03-22 13:48:00,189,189,189,189,0
2022-03-22 13:49:00,189,189,189,189,100
2022-03-22 13:50:00,189,189,189,189,100
2022-03-22 13:51:00,189,189,189,189,0
2022-03-22 13:52:00,189,189,189,189,17000
2022-03-22 13:53:00,189,189,189,189,100
2022-03-22 13:54:00,189,189,189,189,300
2022-03-22 13:55:00,189,189,189,189,0
2022-03-22 13:56:00,189,189,189,189,29900
2022-03-22 13:57:00,189,189,189,189,0
2022-03-22 13:58:00,189,189,189,189,10000
2022-03-22 13:59:00,190,190,190,190,139300
2022-03-22 14:00:00,190,190,190,190,0
2022-03-22 14:01:00,190,190,190,190,100
2022-03-22 14:02:00,189,189,189,189,4500
2022-03-22 14:03:00,189,189,189,189,0
2022-03-22 14:04:00,190,189,190,189,2800
2022-03-22 14:05:00,190,190,190,190,200
2022-03-22 14:06:00,190,190,190,190,0
2022-03-22 14:07:00,190,189,190,189,2100
2022-03-22 14:08:00,190,189,190,189,0
2022-03-22 14:09:00,190,189,190,189,0
2022-03-22 14:10:00,190,189,190,189,0
2022-03-22 14:11:00,190,189,190,189,0
2022-03-22 14:12:00,190,189,190,189,0
2022-03-22 14:13:00,190,190,190,190,50100
2022-03-22 14:14:00,189,189,189,189,2500
2022-03-22 14:15:00,189,189,189,189,100
2022-03-22 14:16:00,189,189,189,189,0
2022-03-22 14:17:00,189,189,189,189,0
2022-03-22 14:18:00,189,189,189,189,408100
2022-03-22 14:19:00,189,189,189,189,0
2022-03-22 14:20:00,188,188,189,189,9500
2022-03-22 14:21:00,188,188,188,188,715300
2022-03-22 14:22:00,188,188,188,188,240700
2022-03-22 14:23:00,188,187,188,187,1200
2022-03-22 14:24:00,188,187,188,187,11500
2022-03-22 14:25:00,188,188,188,188,100
2022-03-22 14:26:00,188,188,188,188,0
2022-03-22 14:27:00,188,188,188,188,15000
2022-03-22 14:28:00,188,188,188,188,0
2022-03-22 14:29:00,188,188,188,188,0
2022-03-22 14:30:00,188,188,188,188,0
2022-03-22 14:31:00,188,188,188,188,0
2022-03-22 14:32:00,188,188,188,188,0
2022-03-22 14:33:00,188,188,188,188,21000
2022-03-22 14:34:00,188,188,188,188,0
2022-03-22 14:35:00,188,188,188,188,0
2022-03-22 14:36:00,188,188,188,188,0
2022-03-22 14:37:00,188,188,188,188,0
2022-03-22 14:38:00,188,187,188,187,69700
2022-03-22 14:39:00,187,187,187,187,19100
2022-03-22 14:40:00,187,187,188,188,11400
2022-03-22 14:41:00,188,188,188,188,46300
2022-03-22 14:42:00,188,188,188,188,0
2022-03-22 14:43:00,188,187,188,187,167000
2022-03-22 14:44:00,187,187,188,188,70200
2022-03-22 14:45:00,187,187,188,188,0
2022-03-22 14:46:00,188,188,188,188,300
2022-03-22 14:47:00,188,188,188,188,500
2022-03-22 14:48:00,188,188,188,188,50500
2022-03-22 14:49:00,188,188,188,188,100
2022-03-22 14:50:00,188,188,188,188,0
2022-03-22 14:51:00,188,188,188,188,0
2022-03-22 14:52:00,188,188,188,188,0
2022-03-22 14:53:00,188,188,188,188,0
2022-03-22 14:54:00,188,188,188,188,0
2022-03-22 14:55:00,188,188,188,188,0
2022-03-22 14:56:00,188,188,188,188,0
2022-03-22 14:57:00,188,188,188,188,0
2022-03-22 14:58:00,188,188,188,188,0
2022-03-22 14:59:00,188,188,188,188,0
2022-03-22 15:00:00,188,188,188,188,471000
2022-03-22 15:01:00,188,188,188,188,1000
2022-03-22 15:02:00,188,188,188,188,0
2022-03-22 15:03:00,188,188,188,188,5000
2022-03-22 15:04:00,188,188,188,188,5000
2022-03-22 15:05:00,188,188,188,188,1200
2022-03-22 15:06:00,188,188,188,188,21800
2022-03-22 15:07:00,188,188,188,188,0
2022-03-22 15:08:00,188,188,188,188,0
2022-03-22 15:09:00,188,188,188,188,0
2022-03-22 15:10:00,188,188,188,188,0
2022-03-22 15:11:00,188,188,188,188,0
2022-03-22 15:12:00,188,188,188,188,0
2022-03-22 15:13:00,188,188,188,188,2000
2022-03-22 15:14:00,188,188,188,188,25000
2022-03-22 15:15:00,188,188,188,188,0
2022-03-22 15:16:00,188,188,188,188,0
2022-03-22 15:17:00,188,188,188,188,0
2022-03-22 15:18:00,188,188,188,188,0
2022-03-22 15:19:00,188,188,188,188,0
2022-03-22 15:20:00,188,188,188,188,0
2022-03-22 15:21:00,188,188,188,188,0
2022-03-22 15:22:00,188,188,188,188,0
2022-03-22 15:23:00,188,188,188,188,0
2022-03-22 15:24:00,188,188,188,188,0
2022-03-22 15:25:00,188,188,188,188,0
2022-03-22 15:26:00,188,188,188,188,0
2022-03-22 15:27:00,188,188,188,188,0
2022-03-22 15:28:00,188,188,188,188,0
2022-03-22 15:29:00,188,188,188,188,0
2022-03-22 15:30:00,188,188,188,188,0
2022-03-22 15:31:00,188,188,188,188,0
2022-03-22 15:32:00,188,188,188,188,0
2022-03-22 15:33:00,188,188,188,188,0
2022-03-22 15:34:00,188,188,188,188,0
2022-03-22 15:35:00,188,188,188,188,0
2022-03-22 15:36:00,188,188,188,188,0
2022-03-22 15:37:00,188,188,188,188,0
2022-03-22 15:38:00,188,188,188,188,0
2022-03-22 15:39:00,188,188,188,188,0
2022-03-22 15:40:00,188,188,188,188,0
2022-03-22 15:41:00,188,188,188,188,0
2022-03-22 15:42:00,188,188,188,188,0
2022-03-22 15:43:00,188,188,188,188,0
2022-03-22 15:44:00,188,188,188,188,0
2022-03-22 15:45:00,188,188,188,188,0
2022-03-22 15:46:00,188,188,188,188,0
2022-03-22 15:47:00,188,188,188,188,0
2022-03-22 15:48:00,188,188,188,188,0
2022-03-22 15:49:00,188,188,188,188,0
2022-03-22 15:50:00,188,188,188,188,0
2022-03-22 15:51:00,188,188,188,188,0
2022-03-22 15:52:00,188,188,188,188,0
2022-03-22 15:53:00,188,188,188,188,0
2022-03-22 15:54:00,188,188,188,188,0
2022-03-22 15:55:00,188,188,188,188,0
2022-03-22 15:56:00,188,188,188,188,0
2022-03-22 15:57:00,188,188,188,188,0
2022-03-22 15:58:00,188,188,188,188,0
2022-03-22 15:59:00,188,188,188,188,0
2022-03-23 09:00:00,190,189,190,189,0
2022-03-23 09:01:00,190,189,191,191,85900
2022-03-23 09:02:00,190,190,190,190,27500
2022-03-23 09:03:00,189,189,189,189,2100
2022-03-23 09:04:00,189,189,189,189,12100
2022-03-23 09:05:00,189,189,189,189,1000
2022-03-23 09:06:00,190,189,190,189,30200
2022-03-23 09:07:00,189,189,189,189,4100
2022-03-23 09:08:00,189,189,189,189,0
2022-03-23 09:09:00,188,188,188,188,12000
2022-03-23 09:10:00,189,188,189,188,900
2022-03-23 09:11:00,188,188,188,188,5000
2022-03-23 09:12:00,188,188,188,188,10800
2022-03-23 09:13:00,189,189,189,189,30000
2022-03-23 09:14:00,188,188,188,188,100
2022-03-23 09:15:00,188,188,189,189,2400
2022-03-23 09:16:00,189,189,190,189,99500
2022-03-23 09:17:00,189,189,189,189,25800
2022-03-23 09:18:00,188,188,188,188,10000
2022-03-23 09:19:00,189,189,189,189,36500
2022-03-23 09:20:00,189,189,189,189,20100
2022-03-23 09:21:00,188,188,189,188,45500
2022-03-23 09:22:00,188,188,189,188,0
2022-03-23 09:23:00,189,189,189,189,1800
2022-03-23 09:24:00,189,189,189,189,0
2022-03-23 09:25:00,188,188,188,188,1000
2022-03-23 09:26:00,188,188,189,189,10200
2022-03-23 09:27:00,188,188,189,189,0
2022-03-23 09:28:00,189,188,189,188,36000
2022-03-23 09:29:00,189,188,189,188,0
2022-03-23 09:30:00,189,188,189,188,0
2022-03-23 09:31:00,188,188,188,188,10000
2022-03-23 09:32:00,188,188,188,188,0
2022-03-23 09:33:00,188,188,188,188,2000
2022-03-23 09:34:00,188,188,188,188,100
2022-03-23 09:35:00,188,188,189,189,90300
2022-03-23 09:36:00,188,188,189,189,0
2022-03-23 09:37:00,189,189,189,189,3700
2022-03-23 09:38:00,189,189,189,189,1300
2022-03-23 09:39:00,189,189,189,189,2000
2022-03-23 09:40:00,189,189,189,189,0
2022-03-23 09:41:00,188,188,188,188,36900
2022-03-23 09:42:00,188,188,188,188,182500
2022-03-23 09:43:00,188,188,188,188,110300
2022-03-23 09:44:00,188,188,188,188,100
2022-03-23 09:45:00,188,188,188,188,11300
2022-03-23 09:46:00,188,188,188,188,5500
2022-03-23 09:47:00,188,188,188,188,0
2022-03-23 09:48:00,188,187,188,187,481800
2022-03-23 09:49:00,188,187,188,187,0
2022-03-23 09:50:00,188,187,188,187,0
2022-03-23 09:51:00,188,187,188,187,0
2022-03-23 09:52:00,187,187,187,187,5200
2022-03-23 09:53:00,187,187,187,187,10000
2022-03-23 09:54:00,187,187,188,188,12500
2022-03-23 09:55:00,188,188,188,188,5000
2022-03-23 09:56:00,188,188,188,188,362300
2022-03-23 09:57:00,189,189,190,190,948300
2022-03-23 09:58:00,190,190,190,190,73100
2022-03-23 09:59:00,190,190,190,190,28400
2022-03-23 10:00:00,190,190,190,190,155300
2022-03-23 10:01:00,190,189,190,189,294500
2022-03-23 10:02:00,189,189,189,189,90600
2022-03-23 10:03:00,189,189,189,189,0
2022-03-23 10:04:00,189,189,189,189,0
2022-03-23 10:05:00,189,189,189,189,100
2022-03-23 10:06:00,188,188,188,188,26100
2022-03-23 10:07:00,188,188,188,188,400
2022-03-23 10:08:00,188,188,188,188,0
2022-03-23 10:09:00,188,188,188,188,0
2022-03-23 10:10:00,188,188,188,188,0
2022-03-23 10:11:00,188,188,188,188,0
2022-03-23 10:12:00,188,188,188,188,200
2022-03-23 10:13:00,188,188,188,188,0
2022-03-23 10:14:00,188,188,188,188,0
2022-03-23 10:15:00,188,188,188,188,20000
2022-03-23 10:16:00,188,188,188,188,0
2022-03-23 10:17:00,188,188,188,188,24700
2022-03-23 10:18:00,188,188,188,188,0
2022-03-23 10:19:00,188,188,188,188,0
2022-03-23 10:20:00,188,188,188,188,0
2022-03-23 10:21:00,188,188,188,188,0
2022-03-23 10:22:00,189,189,189,189,1200
2022-03-23 10:23:00,189,189,189,189,500
2022-03-23 10:24:00,189,189,189,189,0
2022-03-23 10:25:00,189,189,189,189,0
2022-03-23 10:26:00,189,189,189,189,100000
2022-03-23 10:27:00,189,189,189,189,3900
2022-03-23 10:28:00,189,189,190,190,1100
2022-03-23 10:29:00,190,190,190,190,4100
2022-03-23 10:30:00,190,190,190,190,0
2022-03-23 10:31:00,190,190,190,190,0
2022-03-23 10:32:00,189,189,189,189,99300
2022-03-23 10:33:00,189,189,189,189,10000
2022-03-23 10:34:00,189,189,189,189,100
2022-03-23 10:35:00,189,189,189,189,2500
2022-03-23 10:36:00,189,189,189,189,23100
2022-03-23 10:37:00,189,189,189,189,0
2022-03-23 10:38:00,189,189,189,189,0
2022-03-23 10:39:00,189,189,189,189,91900
2022-03-23 10:40:00,189,189,189,189,500
2022-03-23 10:41:00,189,189,189,189,0
2022-03-23 10:42:00,189,189,189,189,0
2022-03-23 10:43:00,189,189,189,189,5000
2022-03-23 10:44:00,189,189,189,189,0
2022-03-23 10:45:00,190,190,190,190,300
2022-03-23 10:46:00,190,190,190,190,0
2022-03-23 10:47:00,189,189,189,189,100
2022-03-23 10:48:00,189,189,189,189,200
2022-03-23 10:49:00,189,189,189,189,0
2022-03-23 10:50:00,189,189,189,189,90200
2022-03-23 10:51:00,189,189,189,189,1900
2022-03-23 10:52:00,189,189,189,189,2000
2022-03-23 10:53:00,189,189,189,189,0
2022-03-23 10:54:00,189,189,190,190,33100
2022-03-23 10:55:00,189,189,190,190,0
2022-03-23 10:56:00,189,189,189,189,1800
2022-03-23 10:57:00,189,189,189,189,0
2022-03-23 10:58:00,189,189,189,189,0
2022-03-23 10:59:00,189,189,189,189,0
2022-03-23 11:00:00,189,189,189,189,0
2022-03-23 11:01:00,189,189,189,189,1200
2022-03-23 11:02:00,189,189,189,189,0
2022-03-23 11:03:00,189,189,189,189,0
2022-03-23 11:04:00,189,189,189,189,1100
2022-03-23 11:05:00,189,189,189,189,10000
2022-03-23 11:06:00,189,189,189,189,21000
2022-03-23 11:07:00,189,189,189,189,0
2022-03-23 11:08:00,189,189,189,189,0
2022-03-23 11:09:00,189,189,189,189,0
2022-03-23 11:10:00,190,190,190,190,800
2022-03-23 11:11:00,190,190,190,190,0
2022-03-23 11:12:00,190,190,190,190,6000
2022-03-23 11:13:00,190,190,190,190,0
2022-03-23 11:14:00,190,190,190,190,100
2022-03-23 11:15:00,189,189,189,189,5000
2022-03-23 11:16:00,189,189,189,189,5000
2022-03-23 11:17:00,189,189,189,189,69100
2022-03-23 11:18:00,188,188,188,188,100
2022-03-23 11:19:00,188,188,188,188,0
2022-03-23 11:20:00,188,188,188,188,0
2022-03-23 11:21:00,188,188,188,188,30000
2022-03-23 11:22:00,188,188,188,188,0
2022-03-23 11:23:00,189,189,189,189,500
2022-03-23 11:24:00,189,189,189,189,0
2022-03-23 11:25:00,189,189,189,189,0
2022-03-23 11:26:00,189,189,189,189,1000
2022-03-23 11:27:00,189,189,189,189,0
2022-03-23 11:28:00,188,188,188,188,6000
2022-03-23 11:29:00,188,188,188,188,0
2022-03-23 11:30:00,188,188,188,188,0
2022-03-23 11:31:00,188,188,188,188,0
2022-03-23 11:32:00,188,188,188,188,0
2022-03-23 11:33:00,188,188,188,188,0
2022-03-23 11:34:00,188,188,188,188,0
2022-03-23 11:35:00,188,188,188,188,0
2022-03-23 11:36:00,188,188,188,188,0
2022-03-23 11:37:00,188,188,188,188,0
2022-03-23 11:38:00,188,188,188,188,0
2022-03-23 11:39:00,188,188,188,188,0
2022-03-23 11:40:00,188,188,188,188,0
2022-03-23 11:41:00,188,188,188,188,0
2022-03-23 11:42:00,188,188,188,188,0
2022-03-23 11:43:00,188,188,188,188,0
2022-03-23 11:44:00,188,188,188,188,0
2022-03-23 11:45:00,188,188,188,188,0
2022-03-23 11:46:00,188,188,188,188,0
2022-03-23 11:47:00,188,188,188,188,0
2022-03-23 11:48:00,188,188,188,188,0
2022-03-23 11:49:00,188,188,188,188,0
2022-03-23 11:50:00,188,188,188,188,0
2022-03-23 11:51:00,188,188,188,188,0
2022-03-23 11:52:00,188,188,188,188,0
2022-03-23 11:53:00,188,188,188,188,0
2022-03-23 11:54:00,188,188,188,188,0
2022-03-23 11:55:00,188,188,188,188,0
2022-03-23 11:56:00,188,188,188,188,0
2022-03-23 11:57:00,188,188,188,188,0
2022-03-23 11:58:00,188,188,188,188,0
2022-03-23 11:59:00,188,188,188,188,0
2022-03-23 12:00:00,188,188,188,188,0
2022-03-23 12:01:00,188,188,188,188,0
2022-03-23 12:02:00,188,188,188,188,0
2022-03-23 12:03:00,188,188,188,188,0
2022-03-23 12:04:00,188,188,188,188,0
2022-03-23 12:05:00,188,188,188,188,0
2022-03-23 12:06:00,188,188,188,188,0
2022-03-23 12:07:00,188,188,188,188,0
2022-03-23 12:08:00,188,188,188,188,0
2022-03-23 12:09:00,188,188,188,188,0
2022-03-23 12:10:00,188,188,188,188,0
2022-03-23 12:11:00,188,188,188,188,0
2022-03-23 12:12:00,188,188,188,188,0
2022-03-23 12:13:00,188,188,188,188,0
2022-03-23 12:14:00,188,188,188,188,0
2022-03-23 12:15:00,188,188,188,188,0
2022-03-23 12:16:00,188,188,188,188,0
2022-03-23 12:17:00,188,188,188,188,0
2022-03-23 12:18:00,188,188,188,188,0
2022-03-23 12:19:00,188,188,188,188,0
2022-03-23 12:20:00,188,188,188,188,0
2022-03-23 12:21:00,188,188,188,188,0
2022-03-23 12:22:00,188,188,188,188,0
2022-03-23 12:23:00,188,188,188,188,0
2022-03-23 12:24:00,188,188,188,188,0
2022-03-23 12:25:00,188,188,188,188,0
2022-03-23 12:26:00,188,188,188,188,0
2022-03-23 12:27:00,188,188,188,188,0
2022-03-23 12:28:00,188,188,188,188,0
2022-03-23 12:29:00,188,188,188,188,0
2022-03-23 12:30:00,188,188,188,188,0
2022-03-23 12:31:00,188,188,188,188,0
2022-03-23 12:32:00,188,188,188,188,0
2022-03-23 12:33:00,188,188,188,188,0
2022-03-23 12:34:00,188,188,188,188,0
2022-03-23 12:35:00,188,188,188,188,0
2022-03-23 12:36:00,188,188,188,188,0
2022-03-23 12:37:00,188,188,188,188,0
2022-03-23 12:38:00,188,188,188,188,0
2022-03-23 12:39:00,188,188,188,188,0
2022-03-23 12:40:00,188,188,188,188,0
2022-03-23 12:41:00,188,188,188,188,0
2022-03-23 12:42:00,188,188,188,188,0
2022-03-23 12:43:00,188,188,188,188,0
2022-03-23 12:44:00,188,188,188,188,0
2022-03-23 12:45:00,188,188,188,188,0
2022-03-23 12:46:00,188,188,188,188,0
2022-03-23 12:47:00,188,188,188,188,0
2022-03-23 12:48:00,188,188,188,188,0
2022-03-23 12:49:00,188,188,188,188,0
2022-03-23 12:50:00,188,188,188,188,0
2022-03-23 12:51:00,188,188,188,188,0
2022-03-23 12:52:00,188,188,188,188,0
2022-03-23 12:53:00,188,188,188,188,0
2022-03-23 12:54:00,188,188,188,188,0
2022-03-23 12:55:00,188,188,188,188,0
2022-03-23 12:56:00,188,188,188,188,0
2022-03-23 12:57:00,188,188,188,188,0
2022-03-23 12:58:00,188,188,188,188,0
2022-03-23 12:59:00,188,188,188,188,0
2022-03-23 13:00:00,188,188,188,188,0
2022-03-23 13:01:00,188,188,188,188,0
2022-03-23 13:02:00,188,188,188,188,0
2022-03-23 13:03:00,188,188,188,188,0
2022-03-23 13:04:00,188,188,188,188,0
2022-03-23 13:05:00,188,188,188,188,0
2022-03-23 13:06:00,188,188,188,188,0
2022-03-23 13:07:00,188,188,188,188,0
2022-03-23 13:08:00,188,188,188,188,0
2022-03-23 13:09:00,188,188,188,188,0
2022-03-23 13:10:00,188,188,188,188,0
2022-03-23 13:11:00,188,188,188,188,0
2022-03-23 13:12:00,188,188,188,188,0
2022-03-23 13:13:00,188,188,188,188,0
2022-03-23 13:14:00,188,188,188,188,0
2022-03-23 13:15:00,188,188,188,188,0
2022-03-23 13:16:00,188,188,188,188,0
2022-03-23 13:17:00,188,188,188,188,0
2022-03-23 13:18:00,188,188,188,188,0
2022-03-23 13:19:00,188,188,188,188,0
2022-03-23 13:20:00,188,188,188,188,0
2022-03-23 13:21:00,188,188,188,188,0
2022-03-23 13:22:00,188,188,188,188,0
2022-03-23 13:23:00,188,188,188,188,0
2022-03-23 13:24:00,188,188,188,188,0
2022-03-23 13:25:00,188,188,188,188,0
2022-03-23 13:26:00,188,188,188,188,0
2022-03-23 13:27:00,188,188,188,188,0
2022-03-23 13:28:00,188,188,188,188,0
2022-03-23 13:29:00,188,188,188,188,0
2022-03-23 13:30:00,189,188,189,188,5100
2022-03-23 13:31:00,189,189,189,189,228700
2022-03-23 13:32:00,189,189,189,189,5700
2022-03-23 13:33:00,189,189,189,189,0
2022-03-23 13:34:00,189,189,189,189,0
2022-03-23 13:35:00,189,189,189,189,100
2022-03-23 13:36:00,190,190,190,190,1200
2022-03-23 13:37:00,190,190,190,190,0
2022-03-23 13:38:00,190,190,190,190,0
2022-03-23 13:39:00,190,190,190,190,0
2022-03-23 13:40:00,190,190,190,190,0
2022-03-23 13:41:00,190,190,190,190,0
2022-03-23 13:42:00,190,190,190,190,0
2022-03-23 13:43:00,190,190,190,190,0
2022-03-23 13:44:00,190,190,190,190,0
2022-03-23 13:45:00,190,190,190,190,0
2022-03-23 13:46:00,190,190,190,190,0
2022-03-23 13:47:00,190,190,190,190,100
2022-03-23 13:48:00,190,190,190,190,0
2022-03-23 13:49:00,190,190,190,190,0
2022-03-23 13:50:00,190,190,190,190,0
2022-03-23 13:51:00,190,190,190,190,0
2022-03-23 13:52:00,190,190,190,190,5100
2022-03-23 13:53:00,189,189,190,190,20000
2022-03-23 13:54:00,189,189,189,189,80100
2022-03-23 13:55:00,189,189,189,189,37000
2022-03-23 13:56:00,189,189,189,189,4100
2022-03-23 13:57:00,189,189,189,189,200
2022-03-23 13:58:00,189,189,189,189,100
2022-03-23 13:59:00,189,189,189,189,0
2022-03-23 14:00:00,188,188,188,188,600
2022-03-23 14:01:00,188,188,188,188,0
2022-03-23 14:02:00,188,188,190,190,895500
2022-03-23 14:03:00,190,190,192,192,742600
2022-03-23 14:04:00,192,191,193,192,1594400
2022-03-23 14:05:00,193,192,193,192,489100
2022-03-23 14:06:00,192,192,193,193,637100
2022-03-23 14:07:00,193,192,193,193,1764900
2022-03-23 14:08:00,193,193,193,193,270500
2022-03-23 14:09:00,193,192,193,192,2700
2022-03-23 14:10:00,193,192,193,192,125600
2022-03-23 14:11:00,192,191,192,192,502700
2022-03-23 14:12:00,192,190,192,190,420400
2022-03-23 14:13:00,190,190,191,190,397600
2022-03-23 14:14:00,190,190,191,190,311500
2022-03-23 14:15:00,191,190,191,191,91200
2022-03-23 14:16:00,191,190,191,190,2600
2022-03-23 14:17:00,191,191,191,191,6700
2022-03-23 14:18:00,190,190,191,191,400
2022-03-23 14:19:00,191,190,191,191,20400
2022-03-23 14:20:00,190,190,191,190,25900
2022-03-23 14:21:00,191,190,191,190,26500
2022-03-23 14:22:00,190,190,191,190,100200
2022-03-23 14:23:00,190,190,191,190,16300
2022-03-23 14:24:00,190,190,191,191,120200
2022-03-23 14:25:00,190,190,190,190,111300
2022-03-23 14:26:00,191,190,191,190,11300
2022-03-23 14:27:00,190,190,190,190,700
2022-03-23 14:28:00,190,190,190,190,20000
2022-03-23 14:29:00,190,190,190,190,25000
2022-03-23 14:30:00,189,188,189,188,446100
2022-03-23 14:31:00,189,189,189,189,18200
2022-03-23 14:32:00,189,188,189,188,15100
2022-03-23 14:33:00,189,188,189,188,561500
2022-03-23 14:34:00,189,188,189,189,22500
2022-03-23 14:35:00,189,188,189,188,117400
2022-03-23 14:36:00,189,189,189,189,115700
2022-03-23 14:37:00,189,189,189,189,5000
2022-03-23 14:38:00,189,189,189,189,700
2022-03-23 14:39:00,189,189,189,189,5200
2022-03-23 14:40:00,189,189,189,189,72600
2022-03-23 14:41:00,189,189,189,189,100
2022-03-23 14:42:00,188,188,188,188,210000
2022-03-23 14:43:00,188,188,189,189,28400
2022-03-23 14:44:00,188,188,189,189,27000
2022-03-23 14:45:00,188,188,189,188,43700
2022-03-23 14:46:00,189,189,189,189,3100
2022-03-23 14:47:00,189,188,189,189,212100
2022-03-23 14:48:00,188,188,188,188,24300
2022-03-23 14:49:00,188,188,189,188,20400
2022-03-23 14:50:00,188,188,189,188,0
2022-03-23 14:51:00,188,188,189,188,0
2022-03-23 14:52:00,188,188,189,188,0
2022-03-23 14:53:00,188,188,189,188,0
2022-03-23 14:54:00,188,188,189,188,0
2022-03-23 14:55:00,188,188,189,188,0
2022-03-23 14:56:00,188,188,189,188,0
2022-03-23 14:57:00,188,188,189,188,0
2022-03-23 14:58:00,188,188,189,188,0
2022-03-23 14:59:00,188,188,189,188,0
2022-03-23 15:00:00,188,188,188,188,487000
2022-03-23 15:01:00,188,188,188,188,30000
2022-03-23 15:02:00,188,188,188,188,49500
2022-03-23 15:03:00,188,188,188,188,0
2022-03-23 15:04:00,188,188,188,188,0
2022-03-23 15:05:00,188,188,188,188,20000
2022-03-23 15:06:00,188,188,188,188,30000
2022-03-23 15:07:00,188,188,188,188,5100
2022-03-23 15:08:00,188,188,188,188,0
2022-03-23 15:09:00,188,188,188,188,0
2022-03-23 15:10:00,188,188,188,188,200
2022-03-23 15:11:00,188,188,188,188,35000
2022-03-23 15:12:00,188,188,188,188,0
2022-03-23 15:13:00,188,188,188,188,0
2022-03-23 15:14:00,188,188,188,188,100
2022-03-23 15:15:00,188,188,188,188,0
2022-03-23 15:16:00,188,188,188,188,0
2022-03-23 15:17:00,188,188,188,188,0
2022-03-23 15:18:00,188,188,188,188,0
2022-03-23 15:19:00,188,188,188,188,0
2022-03-23 15:20:00,188,188,188,188,0
2022-03-23 15:21:00,188,188,188,188,0
2022-03-23 15:22:00,188,188,188,188,0
2022-03-23 15:23:00,188,188,188,188,0
2022-03-23 15:24:00,188,188,188,188,0
2022-03-23 15:25:00,188,188,188,188,0
2022-03-23 15:26:00,188,188,188,188,0
2022-03-23 15:27:00,188,188,188,188,0
2022-03-23 15:28:00,188,188,188,188,0
2022-03-23 15:29:00,188,188,188,188,0
2022-03-23 15:30:00,188,188,188,188,0
2022-03-23 15:31:00,188,188,188,188,0
2022-03-23 15:32:00,188,188,188,188,0
2022-03-23 15:33:00,188,188,188,188,0
2022-03-23 15:34:00,188,188,188,188,0
2022-03-23 15:35:00,188,188,188,188,0
2022-03-23 15:36:00,188,188,188,188,0
2022-03-23 15:37:00,188,188,188,188,0
2022-03-23 15:38:00,188,188,188,188,0
2022-03-23 15:39:00,188,188,188,188,0
2022-03-23 15:40:00,188,188,188,188,0
2022-03-23 15:41:00,188,188,188,188,0
2022-03-23 15:42:00,188,188,188,188,0
2022-03-23 15:43:00,188,188,188,188,0
2022-03-23 15:44:00,188,188,188,188,0
2022-03-23 15:45:00,188,188,188,188,0
2022-03-23 15:46:00,188,188,188,188,0
2022-03-23 15:47:00,188,188,188,188,0
2022-03-23 15:48:00,188,188,188,188,0
2022-03-23 15:49:00,188,188,188,188,0
2022-03-23 15:50:00,188,188,188,188,0
2022-03-23 15:51:00,188,188,188,188,0
2022-03-23 15:52:00,188,188,188,188,0
2022-03-23 15:53:00,188,188,188,188,0
2022-03-23 15:54:00,188,188,188,188,0
2022-03-23 15:55:00,188,188,188,188,0
2022-03-23 15:56:00,188,188,188,188,0
2022-03-23 15:57:00,188,188,188,188,0
2022-03-23 15:58:00,188,188,188,188,0
2022-03-23 15:59:00,188,188,188,188,0
2022-03-24 09:00:00,190,190,191,190,0
2022-03-24 09:01:00,190,190,191,191,3100
2022-03-24 09:02:00,191,190,191,190,187900
2022-03-24 09:03:00,190,190,190,190,178300
2022-03-24 09:04:00,191,190,191,190,41300
2022-03-24 09:05:00,190,189,191,189,16300
2022-03-24 09:06:00,189,189,190,190,61200
2022-03-24 09:07:00,190,190,190,190,50500
2022-03-24 09:08:00,190,189,190,190,140600
2022-03-24 09:09:00,190,190,191,190,15300
2022-03-24 09:10:00,190,190,190,190,80800
2022-03-24 09:11:00,190,190,190,190,0
2022-03-24 09:12:00,190,190,190,190,100
2022-03-24 09:13:00,190,189,190,189,7400
2022-03-24 09:14:00,189,189,189,189,20000
2022-03-24 09:15:00,189,189,189,189,0
2022-03-24 09:16:00,189,189,189,189,46200
2022-03-24 09:17:00,190,190,190,190,109400
2022-03-24 09:18:00,190,190,190,190,0
2022-03-24 09:19:00,190,190,190,190,10400
2022-03-24 09:20:00,190,190,190,190,43800
2022-03-24 09:21:00,190,189,190,189,52500
2022-03-24 09:22:00,190,190,190,190,30000
2022-03-24 09:23:00,190,190,190,190,0
2022-03-24 09:24:00,190,190,190,190,0
2022-03-24 09:25:00,190,190,190,190,1000
2022-03-24 09:26:00,190,190,190,190,10000
2022-03-24 09:27:00,190,190,190,190,10000
2022-03-24 09:28:00,189,189,189,189,119000
2022-03-24 09:29:00,189,189,189,189,11400
2022-03-24 09:30:00,189,189,189,189,0
2022-03-24 09:31:00,189,189,189,189,0
2022-03-24 09:32:00,189,189,189,189,100
2022-03-24 09:33:00,189,189,189,189,5000
2022-03-24 09:34:00,189,189,189,189,200000
2022-03-24 09:35:00,189,189,189,189,100000
2022-03-24 09:36:00,189,189,189,189,215800
2022-03-24 09:37:00,189,189,189,189,0
2022-03-24 09:38:00,189,188,189,188,800
2022-03-24 09:39:00,189,188,189,188,0
2022-03-24 09:40:00,189,188,189,188,0
2022-03-24 09:41:00,188,188,188,188,3000
2022-03-24 09:42:00,189,189,189,189,38900
2022-03-24 09:43:00,189,189,189,189,0
2022-03-24 09:44:00,189,189,189,189,76100
2022-03-24 09:45:00,189,189,189,189,0
2022-03-24 09:46:00,189,189,189,189,5100
2022-03-24 09:47:00,188,188,188,188,100
2022-03-24 09:48:00,188,188,189,189,800
2022-03-24 09:49:00,189,189,189,189,112500
2022-03-24 09:50:00,189,189,189,189,0
2022-03-24 09:51:00,189,189,189,189,0
2022-03-24 09:52:00,190,189,190,189,11300
2022-03-24 09:53:00,189,189,189,189,204700
2022-03-24 09:54:00,189,189,189,189,0
2022-03-24 09:55:00,189,189,189,189,5500
2022-03-24 09:56:00,189,189,189,189,0
2022-03-24 09:57:00,189,189,189,189,6600
2022-03-24 09:58:00,189,189,189,189,32500
2022-03-24 09:59:00,189,189,189,189,0
2022-03-24 10:00:00,189,188,189,188,14600
2022-03-24 10:01:00,189,189,189,189,1000
2022-03-24 10:02:00,188,188,188,188,5100
2022-03-24 10:03:00,189,189,189,189,1400
2022-03-24 10:04:00,189,189,189,189,0
2022-03-24 10:05:00,189,189,189,189,100
2022-03-24 10:06:00,189,189,189,189,2000
2022-03-24 10:07:00,189,189,189,189,5000
2022-03-24 10:08:00,189,189,189,189,0
2022-03-24 10:09:00,189,189,189,189,5000
2022-03-24 10:10:00,189,189,189,189,200
2022-03-24 10:11:00,189,189,190,190,68700
2022-03-24 10:12:00,190,189,190,189,5200
2022-03-24 10:13:00,190,189,190,189,0
2022-03-24 10:14:00,189,189,189,189,10000
2022-03-24 10:15:00,189,189,189,189,5800
2022-03-24 10:16:00,189,188,189,188,1003400
2022-03-24 10:17:00,189,188,189,188,0
2022-03-24 10:18:00,188,188,188,188,50000
2022-03-24 10:19:00,188,188,188,188,0
2022-03-24 10:20:00,188,188,188,188,0
2022-03-24 10:21:00,188,188,188,188,0
2022-03-24 10:22:00,189,189,189,189,1000
2022-03-24 10:23:00,189,189,189,189,0
2022-03-24 10:24:00,189,189,189,189,0
2022-03-24 10:25:00,189,189,189,189,0
2022-03-24 10:26:00,189,189,189,189,0
2022-03-24 10:27:00,189,189,189,189,0
2022-03-24 10:28:00,189,189,189,189,0
2022-03-24 10:29:00,189,189,189,189,0
2022-03-24 10:30:00,189,189,189,189,0
2022-03-24 10:31:00,189,189,189,189,0
2022-03-24 10:32:00,189,188,189,188,100100
2022-03-24 10:33:00,189,188,189,188,0
2022-03-24 10:34:00,188,188,188,188,300
2022-03-24 10:35:00,188,188,188,188,900
2022-03-24 10:36:00,188,188,188,188,0
2022-03-24 10:37:00,188,188,188,188,201100
2022-03-24 10:38:00,188,188,188,188,0
2022-03-24 10:39:00,188,188,188,188,100
2022-03-24 10:40:00,188,188,188,188,5200
2022-03-24 10:41:00,188,188,188,188,4300
2022-03-24 10:42:00,189,189,189,189,5000
2022-03-24 10:43:00,189,189,189,189,0
2022-03-24 10:44:00,189,189,189,189,0
2022-03-24 10:45:00,189,189,189,189,0
2022-03-24 10:46:00,188,188,188,188,55000
2022-03-24 10:47:00,188,188,188,188,14000
2022-03-24 10:48:00,188,188,188,188,100
2022-03-24 10:49:00,188,188,188,188,0
2022-03-24 10:50:00,188,188,188,188,50000
2022-03-24 10:51:00,188,188,188,188,33200
2022-03-24 10:52:00,189,189,189,189,700
2022-03-24 10:53:00,189,189,189,189,3000
2022-03-24 10:54:00,188,188,188,188,100
2022-03-24 10:55:00,189,189,189,189,27100
2022-03-24 10:56:00,189,189,189,189,5100
2022-03-24 10:57:00,189,189,189,189,10000
2022-03-24 10:58:00,189,189,189,189,600
2022-03-24 10:59:00,189,189,189,189,0
2022-03-24 11:00:00,189,189,189,189,0
2022-03-24 11:01:00,189,189,189,189,41700
2022-03-24 11:02:00,189,189,189,189,0
2022-03-24 11:03:00,189,189,189,189,200
2022-03-24 11:04:00,189,189,189,189,100
2022-03-24 11:05:00,189,189,189,189,25000
2022-03-24 11:06:00,189,189,189,189,0
2022-03-24 11:07:00,189,189,189,189,0
2022-03-24 11:08:00,189,189,189,189,100
2022-03-24 11:09:00,189,189,189,189,0
2022-03-24 11:10:00,188,188,188,188,15000
2022-03-24 11:11:00,188,188,189,189,22600
2022-03-24 11:12:00,189,189,189,189,20000
2022-03-24 11:13:00,189,189,189,189,0
2022-03-24 11:14:00,189,189,189,189,10100
2022-03-24 11:15:00,189,189,189,189,2300
2022-03-24 11:16:00,189,189,189,189,0
2022-03-24 11:17:00,189,189,189,189,0
2022-03-24 11:18:00,189,189,189,189,0
2022-03-24 11:19:00,189,189,189,189,0
2022-03-24 11:20:00,189,189,189,189,1400
2022-03-24 11:21:00,189,189,189,189,0
2022-03-24 11:22:00,189,189,189,189,0
2022-03-24 11:23:00,189,189,189,189,0
2022-03-24 11:24:00,189,189,189,189,0
2022-03-24 11:25:00,189,189,189,189,0
2022-03-24 11:26:00,189,189,189,189,0
2022-03-24 11:27:00,189,189,189,189,160000
2022-03-24 11:28:00,189,189,189,189,800
2022-03-24 11:29:00,189,189,189,189,0
2022-03-24 11:30:00,189,189,189,189,0
2022-03-24 11:31:00,189,189,189,189,0
2022-03-24 11:32:00,189,189,189,189,0
2022-03-24 11:33:00,189,189,189,189,0
2022-03-24 11:34:00,189,189,189,189,0
2022-03-24 11:35:00,189,189,189,189,0
2022-03-24 11:36:00,189,189,189,189,0
2022-03-24 11:37:00,189,189,189,189,0
2022-03-24 11:38:00,189,189,189,189,0
2022-03-24 11:39:00,189,189,189,189,0
2022-03-24 11:40:00,189,189,189,189,0
2022-03-24 11:41:00,189,189,189,189,0
2022-03-24 11:42:00,189,189,189,189,0
2022-03-24 11:43:00,189,189,189,189,0
2022-03-24 11:44:00,189,189,189,189,0
2022-03-24 11:45:00,189,189,189,189,0
2022-03-24 11:46:00,189,189,189,189,0
2022-03-24 11:47:00,189,189,189,189,0
2022-03-24 11:48:00,189,189,189,189,0
2022-03-24 11:49:00,189,189,189,189,0
2022-03-24 11:50:00,189,189,189,189,0
2022-03-24 11:51:00,189,189,189,189,0
2022-03-24 11:52:00,189,189,189,189,0
2022-03-24 11:53:00,189,189,189,189,0
2022-03-24 11:54:00,189,189,189,189,0
2022-03-24 11:55:00,189,189,189,189,0
2022-03-24 11:56:00,189,189,189,189,0
2022-03-24 11:57:00,189,189,189,189,0
2022-03-24 11:58:00,189,189,189,189,0
2022-03-24 11:59:00,189,189,189,189,0
2022-03-24 12:00:00,189,189,189,189,0
2022-03-24 12:01:00,189,189,189,189,0
2022-03-24 12:02:00,189,189,189,189,0
2022-03-24 12:03:00,189,189,189,189,0
2022-03-24 12:04:00,189,189,189,189,0
2022-03-24 12:05:00,189,189,189,189,0
2022-03-24 12:06:00,189,189,189,189,0
2022-03-24 12:07:00,189,189,189,189,0
2022-03-24 12:08:00,189,189,189,189,0
2022-03-24 12:09:00,189,189,189,189,0
2022-03-24 12:10:00,189,189,189,189,0
2022-03-24 12:11:00,189,189,189,189,0
2022-03-24 12:12:00,189,189,189,189,0
2022-03-24 12:13:00,189,189,189,189,0
2022-03-24 12:14:00,189,189,189,189,0
2022-03-24 12:15:00,189,189,189,189,0
2022-03-24 12:16:00,189,189,189,189,0
2022-03-24 12:17:00,189,189,189,189,0
2022-03-24 12:18:00,189,189,189,189,0
2022-03-24 12:19:00,189,189,189,189,0
2022-03-24 12:20:00,189,189,189,189,0
2022-03-24 12:21:00,189,189,189,189,0
2022-03-24 12:22:00,189,189,189,189,0
2022-03-24 12:23:00,189,189,189,189,0
2022-03-24 12:24:00,189,189,189,189,0
2022-03-24 12:25:00,189,189,189,189,0
2022-03-24 12:26:00,189,189,189,189,0
2022-03-24 12:27:00,189,189,189,189,0
2022-03-24 12:28:00,189,189,189,189,0
2022-03-24 12:29:00,189,189,189,189,0
2022-03-24 12:30:00,189,189,189,189,0
2022-03-24 12:31:00,189,189,189,189,0
2022-03-24 12:32:00,189,189,189,189,0
2022-03-24 12:33:00,189,189,189,189,0
2022-03-24 12:34:00,189,189,189,189,0
2022-03-24 12:35:00,189,189,189,189,0
2022-03-24 12:36:00,189,189,189,189,0
2022-03-24 12:37:00,189,189,189,189,0
2022-03-24 12:38:00,189,189,189,189,0
2022-03-24 12:39:00,189,189,189,189,0
2022-03-24 12:40:00,189,189,189,189,0
2022-03-24 12:41:00,189,189,189,189,0
2022-03-24 12:42:00,189,189,189,189,0
2022-03-24 12:43:00,189,189,189,189,0
2022-03-24 12:44:00,189,189,189,189,0
2022-03-24 12:45:00,189,189,189,189,0
2022-03-24 12:46:00,189,189,189,189,0
2022-03-24 12:47:00,189,189,189,189,0
2022-03-24 12:48:00,189,189,189,189,0
2022-03-24 12:49:00,189,189,189,189,0
2022-03-24 12:50:00,189,189,189,189,0
2022-03-24 12:51:00,189,189,189,189,0
2022-03-24 12:52:00,189,189,189,189,0
2022-03-24 12:53:00,189,189,189,189,0
2022-03-24 12:54:00,189,189,189,189,0
2022-03-24 12:55:00,189,189,189,189,0
2022-03-24 12:56:00,189,189,189,189,0
2022-03-24 12:57:00,189,189,189,189,0
2022-03-24 12:58:00,189,189,189,189,0
2022-03-24 12:59:00,189,189,189,189,0
2022-03-24 13:00:00,189,189,189,189,0
2022-03-24 13:01:00,189,189,189,189,0
2022-03-24 13:02:00,189,189,189,189,0
2022-03-24 13:03:00,189,189,189,189,0
2022-03-24 13:04:00,189,189,189,189,0
2022-03-24 13:05:00,189,189,189,189,0
2022-03-24 13:06:00,189,189,189,189,0
2022-03-24 13:07:00,189,189,189,189,0
2022-03-24 13:08:00,189,189,189,189,0
2022-03-24 13:09:00,189,189,189,189,0
2022-03-24 13:10:00,189,189,189,189,0
2022-03-24 13:11:00,189,189,189,189,0
2022-03-24 13:12:00,189,189,189,189,0
2022-03-24 13:13:00,189,189,189,189,0
2022-03-24 13:14:00,189,189,189,189,0
2022-03-24 13:15:00,189,189,189,189,0
2022-03-24 13:16:00,189,189,189,189,0
2022-03-24 13:17:00,189,189,189,189,0
2022-03-24 13:18:00,189,189,189,189,0
2022-03-24 13:19:00,189,189,189,189,0
2022-03-24 13:20:00,189,189,189,189,0
2022-03-24 13:21:00,189,189,189,189,0
2022-03-24 13:22:00,189,189,189,189,0
2022-03-24 13:23:00,189,189,189,189,0
2022-03-24 13:24:00,189,189,189,189,0
2022-03-24 13:25:00,189,189,189,189,0
2022-03-24 13:26:00,189,189,189,189,0
2022-03-24 13:27:00,189,189,189,189,0
2022-03-24 13:28:00,189,189,189,189,0
2022-03-24 13:29:00,189,189,189,189,0
2022-03-24 13:30:00,189,188,189,189,142200
2022-03-24 13:31:00,189,188,189,189,0
2022-03-24 13:32:00,189,188,189,189,0
2022-03-24 13:33:00,189,189,189,189,5000
2022-03-24 13:34:00,189,189,189,189,0
2022-03-24 13:35:00,189,189,189,189,1500
2022-03-24 13:36:00,189,189,189,189,500
2022-03-24 13:37:00,189,189,189,189,0
2022-03-24 13:38:00,189,189,189,189,0
2022-03-24 13:39:00,188,188,188,188,2500
2022-03-24 13:40:00,188,188,188,188,0
2022-03-24 13:41:00,188,188,188,188,102900
2022-03-24 13:42:00,188,188,188,188,36300
2022-03-24 13:43:00,188,188,188,188,1000
2022-03-24 13:44:00,188,188,188,188,0
2022-03-24 13:45:00,188,188,188,188,1100
2022-03-24 13:46:00,189,189,189,189,1700
2022-03-24 13:47:00,188,188,188,188,300
2022-03-24 13:48:00,188,188,188,188,0
2022-03-24 13:49:00,188,188,188,188,0
2022-03-24 13:50:00,188,188,188,188,0
2022-03-24 13:51:00,188,188,188,188,0
2022-03-24 13:52:00,188,188,188,188,0
2022-03-24 13:53:00,188,188,188,188,0
2022-03-24 13:54:00,188,188,188,188,0
2022-03-24 13:55:00,188,188,188,188,0
2022-03-24 13:56:00,188,188,188,188,9400
2022-03-24 13:57:00,189,189,189,189,38500
2022-03-24 13:58:00,189,189,189,189,0
2022-03-24 13:59:00,189,189,189,189,0
2022-03-24 14:00:00,189,189,189,189,36400
2022-03-24 14:01:00,189,189,189,189,32500
2022-03-24 14:02:00,188,188,188,188,901800
2022-03-24 14:03:00,188,188,188,188,194100
2022-03-24 14:04:00,187,187,187,187,17500
2022-03-24 14:05:00,188,188,188,188,600
2022-03-24 14:06:00,188,188,188,188,0
2022-03-24 14:07:00,188,188,188,188,0
2022-03-24 14:08:00,188,188,188,188,12000
2022-03-24 14:09:00,188,188,188,188,2100
2022-03-24 14:10:00,187,187,187,187,1400
2022-03-24 14:11:00,187,187,187,187,2000
2022-03-24 14:12:00,187,187,187,187,10000
2022-03-24 14:13:00,187,187,187,187,7000
2022-03-24 14:14:00,187,187,188,188,1600
2022-03-24 14:15:00,188,188,188,188,5000
2022-03-24 14:16:00,188,188,188,188,20700
2022-03-24 14:17:00,188,188,188,188,500
2022-03-24 14:18:00,188,188,188,188,1000
2022-03-24 14:19:00,188,188,188,188,35000
2022-03-24 14:20:00,188,188,188,188,0
2022-03-24 14:21:00,187,187,188,188,1200
2022-03-24 14:22:00,187,187,188,188,0
2022-03-24 14:23:00,188,188,188,188,11400
2022-03-24 14:24:00,188,188,188,188,0
2022-03-24 14:25:00,187,187,187,187,20000
2022-03-24 14:26:00,187,187,187,187,94700
2022-03-24 14:27:00,188,188,188,188,200
2022-03-24 14:28:00,188,187,188,187,10700
2022-03-24 14:29:00,187,187,188,188,25500
2022-03-24 14:30:00,188,188,188,188,22600
2022-03-24 14:31:00,189,188,189,189,700
2022-03-24 14:32:00,188,188,188,188,26800
2022-03-24 14:33:00,188,188,188,188,0
2022-03-24 14:34:00,188,188,188,188,19800
2022-03-24 14:35:00,188,188,188,188,0
2022-03-24 14:36:00,188,188,188,188,38400
2022-03-24 14:37:00,188,188,188,188,0
2022-03-24 14:38:00,188,188,188,188,0
2022-03-24 14:39:00,188,188,188,188,4800
2022-03-24 14:40:00,188,188,188,188,0
2022-03-24 14:41:00,188,188,188,188,145900
2022-03-24 14:42:00,188,188,188,188,0
2022-03-24 14:43:00,188,188,188,188,1000
2022-03-24 14:44:00,188,188,188,188,0
2022-03-24 14:45:00,188,188,188,188,20000
2022-03-24 14:46:00,188,188,188,188,0
2022-03-24 14:47:00,188,188,188,188,0
2022-03-24 14:48:00,188,188,188,188,0
2022-03-24 14:49:00,188,188,188,188,0
2022-03-24 14:50:00,188,188,188,188,0
2022-03-24 14:51:00,188,188,188,188,0
2022-03-24 14:52:00,188,188,188,188,0
2022-03-24 14:53:00,188,188,188,188,0
2022-03-24 14:54:00,188,188,188,188,0
2022-03-24 14:55:00,188,188,188,188,0
2022-03-24 14:56:00,188,188,188,188,0
2022-03-24 14:57:00,188,188,188,188,0
2022-03-24 14:58:00,188,188,188,188,0
2022-03-24 14:59:00,188,188,188,188,0
2022-03-24 15:00:00,188,188,188,188,490800
2022-03-24 15:01:00,188,188,188,188,8800
2022-03-24 15:02:00,188,188,188,188,0
2022-03-24 15:03:00,188,188,188,188,0
2022-03-24 15:04:00,188,188,188,188,7800
2022-03-24 15:05:00,188,188,188,188,1100
2022-03-24 15:06:00,188,188,188,188,3500
2022-03-24 15:07:00,188,188,188,188,50000
2022-03-24 15:08:00,188,188,188,188,3100
2022-03-24 15:09:00,188,188,188,188,500
2022-03-24 15:10:00,188,188,188,188,0
2022-03-24 15:11:00,188,188,188,188,61000
2022-03-24 15:12:00,188,188,188,188,0
2022-03-24 15:13:00,188,188,188,188,0
2022-03-24 15:14:00,188,188,188,188,0
2022-03-24 15:15:00,188,188,188,188,0
2022-03-24 15:16:00,188,188,188,188,0
2022-03-24 15:17:00,188,188,188,188,0
2022-03-24 15:18:00,188,188,188,188,0
2022-03-24 15:19:00,188,188,188,188,0
2022-03-24 15:20:00,188,188,188,188,0
2022-03-24 15:21:00,188,188,188,188,0
2022-03-24 15:22:00,188,188,188,188,0
2022-03-24 15:23:00,188,188,188,188,0
2022-03-24 15:24:00,188,188,188,188,0
2022-03-24 15:25:00,188,188,188,188,0
2022-03-24 15:26:00,188,188,188,188,0
2022-03-24 15:27:00,188,188,188,188,0
2022-03-24 15:28:00,188,188,188,188,0
2022-03-24 15:29:00,188,188,188,188,0
2022-03-24 15:30:00,188,188,188,188,0
2022-03-24 15:31:00,188,188,188,188,0
2022-03-24 15:32:00,188,188,188,188,0
2022-03-24 15:33:00,188,188,188,188,0
2022-03-24 15:34:00,188,188,188,188,0
2022-03-24 15:35:00,188,188,188,188,0
2022-03-24 15:36:00,188,188,188,188,0
2022-03-24 15:37:00,188,188,188,188,0
2022-03-24 15:38:00,188,188,188,188,0
2022-03-24 15:39:00,188,188,188,188,0
2022-03-24 15:40:00,188,188,188,188,0
2022-03-24 15:41:00,188,188,188,188,0
2022-03-24 15:42:00,188,188,188,188,0
2022-03-24 15:43:00,188,188,188,188,0
2022-03-24 15:44:00,188,188,188,188,0
2022-03-24 15:45:00,188,188,188,188,0
2022-03-24 15:46:00,188,188,188,188,0
2022-03-24 15:47:00,188,188,188,188,0
2022-03-24 15:48:00,188,188,188,188,0
2022-03-24 15:49:00,188,188,188,188,0
2022-03-24 15:50:00,188,188,188,188,0
2022-03-24 15:51:00,188,188,188,188,0
2022-03-24 15:52:00,188,188,188,188,0
2022-03-24 15:53:00,188,188,188,188,0
2022-03-24 15:54:00,188,188,188,188,0
2022-03-24 15:55:00,188,188,188,188,0
2022-03-24 15:56:00,188,188,188,188,0
2022-03-24 15:57:00,188,188,188,188,0
2022-03-24 15:58:00,188,188,188,188,0
2022-03-24 15:59:00,188,188,188,188,0
2022-03-25 09:00:00,188,188,188,188,0
2022-03-25 09:01:00,188,188,188,188,12600
2022-03-25 09:02:00,187,185,187,186,198200
2022-03-25 09:03:00,185,185,186,186,122500
2022-03-25 09:04:00,185,185,185,185,43400
2022-03-25 09:05:00,185,185,185,185,0
2022-03-25 09:06:00,186,185,186,186,38500
2022-03-25 09:07:00,186,185,186,186,249200
2022-03-25 09:08:00,186,186,186,186,1200
2022-03-25 09:09:00,187,187,187,187,900
2022-03-25 09:10:00,187,187,188,188,50000
2022-03-25 09:11:00,188,188,188,188,1100
2022-03-25 09:12:00,186,186,186,186,10000
2022-03-25 09:13:00,186,186,186,186,0
2022-03-25 09:14:00,187,187,187,187,1200
2022-03-25 09:15:00,186,186,187,186,219700
2022-03-25 09:16:00,186,186,186,186,1000
2022-03-25 09:17:00,186,186,186,186,40000
2022-03-25 09:18:00,186,186,186,186,41600
2022-03-25 09:19:00,186,186,186,186,20800
2022-03-25 09:20:00,186,186,186,186,0
2022-03-25 09:21:00,186,186,186,186,0
2022-03-25 09:22:00,186,186,186,186,0
2022-03-25 09:23:00,186,186,186,186,0
2022-03-25 09:24:00,187,187,187,187,31000
2022-03-25 09:25:00,187,187,187,187,100
2022-03-25 09:26:00,187,187,187,187,89100
2022-03-25 09:27:00,187,187,187,187,0
2022-03-25 09:28:00,187,187,187,187,5000
2022-03-25 09:29:00,187,187,187,187,5700
2022-03-25 09:30:00,187,187,187,187,0
2022-03-25 09:31:00,187,187,187,187,15000
2022-03-25 09:32:00,187,187,187,187,2500
2022-03-25 09:33:00,187,187,188,188,50100
2022-03-25 09:34:00,187,187,188,188,0
2022-03-25 09:35:00,187,187,188,188,0
2022-03-25 09:36:00,188,187,188,187,2000
2022-03-25 09:37:00,188,187,188,187,0
2022-03-25 09:38:00,188,188,188,188,1000
2022-03-25 09:39:00,188,188,188,188,0
2022-03-25 09:40:00,188,188,188,188,0
2022-03-25 09:41:00,188,188,188,188,0
2022-03-25 09:42:00,188,188,188,188,15000
2022-03-25 09:43:00,188,188,188,188,0
2022-03-25 09:44:00,188,188,188,188,0
2022-03-25 09:45:00,187,187,187,187,30400
2022-03-25 09:46:00,187,187,187,187,0
2022-03-25 09:47:00,187,187,187,187,0
2022-03-25 09:48:00,187,187,187,187,5300
2022-03-25 09:49:00,187,187,187,187,2500
2022-03-25 09:50:00,187,187,187,187,0
2022-03-25 09:51:00,188,187,188,187,41000
2022-03-25 09:52:00,188,187,188,187,0
2022-03-25 09:53:00,188,187,188,187,0
2022-03-25 09:54:00,188,187,188,187,0
2022-03-25 09:55:00,188,187,188,187,0
2022-03-25 09:56:00,187,187,187,187,2000
2022-03-25 09:57:00,187,187,187,187,0
2022-03-25 09:58:00,187,187,187,187,216300
2022-03-25 09:59:00,187,187,187,187,10000
2022-03-25 10:00:00,187,187,187,187,5000
2022-03-25 10:01:00,187,187,187,187,0
2022-03-25 10:02:00,187,187,187,187,115100
2022-03-25 10:03:00,187,186,187,186,265200
2022-03-25 10:04:00,186,186,186,186,5000
2022-03-25 10:05:00,186,186,186,186,0
2022-03-25 10:06:00,187,187,187,187,10000
2022-03-25 10:07:00,187,187,187,187,0
2022-03-25 10:08:00,186,186,186,186,1000
2022-03-25 10:09:00,186,186,186,186,500
2022-03-25 10:10:00,186,186,186,186,0
2022-03-25 10:11:00,186,186,186,186,0
2022-03-25 10:12:00,186,186,187,187,2000
2022-03-25 10:13:00,187,187,187,187,300
2022-03-25 10:14:00,187,187,187,187,25100
2022-03-25 10:15:00,187,187,187,187,10000
2022-03-25 10:16:00,187,186,187,186,4000
2022-03-25 10:17:00,186,186,186,186,499600
2022-03-25 10:18:00,186,186,186,186,0
2022-03-25 10:19:00,186,185,186,185,280000
2022-03-25 10:20:00,186,186,186,186,300
2022-03-25 10:21:00,186,186,186,186,100
2022-03-25 10:22:00,186,186,186,186,10000
2022-03-25 10:23:00,186,186,186,186,74000
2022-03-25 10:24:00,186,186,186,186,0
2022-03-25 10:25:00,186,186,186,186,0
2022-03-25 10:26:00,186,186,186,186,0
2022-03-25 10:27:00,186,186,186,186,0
2022-03-25 10:28:00,186,186,186,186,0
2022-03-25 10:29:00,186,186,186,186,0
2022-03-25 10:30:00,186,186,186,186,0
2022-03-25 10:31:00,186,186,186,186,0
2022-03-25 10:32:00,186,186,186,186,0
2022-03-25 10:33:00,186,186,186,186,0
2022-03-25 10:34:00,186,186,186,186,20700
2022-03-25 10:35:00,186,186,186,186,0
2022-03-25 10:36:00,186,186,186,186,10400
2022-03-25 10:37:00,186,186,186,186,14000
2022-03-25 10:38:00,186,186,186,186,0
2022-03-25 10:39:00,186,186,186,186,2100
2022-03-25 10:40:00,186,186,186,186,0
2022-03-25 10:41:00,186,186,186,186,0
2022-03-25 10:42:00,186,186,186,186,0
2022-03-25 10:43:00,186,186,186,186,5000
2022-03-25 10:44:00,186,186,186,186,5000
2022-03-25 10:45:00,186,186,186,186,0
2022-03-25 10:46:00,186,186,186,186,0
2022-03-25 10:47:00,186,186,186,186,0
2022-03-25 10:48:00,186,186,186,186,0
2022-03-25 10:49:00,186,186,186,186,0
2022-03-25 10:50:00,186,186,186,186,0
2022-03-25 10:51:00,186,186,186,186,100
2022-03-25 10:52:00,186,186,186,186,0
2022-03-25 10:53:00,186,186,186,186,0
2022-03-25 10:54:00,186,186,186,186,0
2022-03-25 10:55:00,186,186,186,186,200
2022-03-25 10:56:00,186,186,186,186,0
2022-03-25 10:57:00,186,186,186,186,500
2022-03-25 10:58:00,186,186,186,186,0
2022-03-25 10:59:00,186,186,186,186,0
2022-03-25 11:00:00,186,186,186,186,0
2022-03-25 11:01:00,186,186,186,186,0
2022-03-25 11:02:00,186,186,186,186,0
2022-03-25 11:03:00,186,186,186,186,0
2022-03-25 11:04:00,186,186,186,186,0
2022-03-25 11:05:00,186,186,186,186,0
2022-03-25 11:06:00,187,187,188,188,470900
2022-03-25 11:07:00,188,188,188,188,29100
2022-03-25 11:08:00,188,188,188,188,0
2022-03-25 11:09:00,188,188,188,188,0
2022-03-25 11:10:00,188,188,188,188,0
2022-03-25 11:11:00,188,188,188,188,0
2022-03-25 11:12:00,188,188,188,188,0
2022-03-25 11:13:00,188,188,188,188,10000
2022-03-25 11:14:00,188,188,188,188,4200
2022-03-25 11:15:00,188,188,188,188,0
2022-03-25 11:16:00,188,188,188,188,0
2022-03-25 11:17:00,188,188,188,188,0
2022-03-25 11:18:00,188,188,188,188,0
2022-03-25 11:19:00,188,188,188,188,0
2022-03-25 11:20:00,188,188,188,188,100
2022-03-25 11:21:00,188,188,188,188,0
2022-03-25 11:22:00,188,187,188,187,2600
2022-03-25 11:23:00,187,187,187,187,23500
2022-03-25 11:24:00,187,187,187,187,0
2022-03-25 11:25:00,187,187,187,187,0
2022-03-25 11:26:00,187,187,187,187,0
2022-03-25 11:27:00,187,187,187,187,0
2022-03-25 11:28:00,187,187,187,187,0
2022-03-25 11:29:00,187,187,187,187,0
2022-03-25 11:30:00,187,187,187,187,0
2022-03-25 11:31:00,187,187,187,187,0
2022-03-25 11:32:00,187,187,187,187,0
2022-03-25 11:33:00,187,187,187,187,0
2022-03-25 11:34:00,187,187,187,187,0
2022-03-25 11:35:00,187,187,187,187,0
2022-03-25 11:36:00,187,187,187,187,0
2022-03-25 11:37:00,187,187,187,187,0
2022-03-25 11:38:00,187,187,187,187,0
2022-03-25 11:39:00,187,187,187,187,0
2022-03-25 11:40:00,187,187,187,187,0
2022-03-25 11:41:00,187,187,187,187,0
2022-03-25 11:42:00,187,187,187,187,0
2022-03-25 11:43:00,187,187,187,187,0
2022-03-25 11:44:00,187,187,187,187,0
2022-03-25 11:45:00,187,187,187,187,0
2022-03-25 11:46:00,187,187,187,187,0
2022-03-25 11:47:00,187,187,187,187,0
2022-03-25 11:48:00,187,187,187,187,0
2022-03-25 11:49:00,187,187,187,187,0
2022-03-25 11:50:00,187,187,187,187,0
2022-03-25 11:51:00,187,187,187,187,0
2022-03-25 11:52:00,187,187,187,187,0
2022-03-25 11:53:00,187,187,187,187,0
2022-03-25 11:54:00,187,187,187,187,0
2022-03-25 11:55:00,187,187,187,187,0
2022-03-25 11:56:00,187,187,187,187,0
2022-03-25 11:57:00,187,187,187,187,0
2022-03-25 11:58:00,187,187,187,187,0
2022-03-25 11:59:00,187,187,187,187,0
2022-03-25 12:00:00,187,187,187,187,0
2022-03-25 12:01:00,187,187,187,187,0
2022-03-25 12:02:00,187,187,187,187,0
2022-03-25 12:03:00,187,187,187,187,0
2022-03-25 12:04:00,187,187,187,187,0
2022-03-25 12:05:00,187,187,187,187,0
2022-03-25 12:06:00,187,187,187,187,0
2022-03-25 12:07:00,187,187,187,187,0
2022-03-25 12:08:00,187,187,187,187,0
2022-03-25 12:09:00,187,187,187,187,0
2022-03-25 12:10:00,187,187,187,187,0
2022-03-25 12:11:00,187,187,187,187,0
2022-03-25 12:12:00,187,187,187,187,0
2022-03-25 12:13:00,187,187,187,187,0
2022-03-25 12:14:00,187,187,187,187,0
2022-03-25 12:15:00,187,187,187,187,0
2022-03-25 12:16:00,187,187,187,187,0
2022-03-25 12:17:00,187,187,187,187,0
2022-03-25 12:18:00,187,187,187,187,0
2022-03-25 12:19:00,187,187,187,187,0
2022-03-25 12:20:00,187,187,187,187,0
2022-03-25 12:21:00,187,187,187,187,0
2022-03-25 12:22:00,187,187,187,187,0
2022-03-25 12:23:00,187,187,187,187,0
2022-03-25 12:24:00,187,187,187,187,0
2022-03-25 12:25:00,187,187,187,187,0
2022-03-25 12:26:00,187,187,187,187,0
2022-03-25 12:27:00,187,187,187,187,0
2022-03-25 12:28:00,187,187,187,187,0
2022-03-25 12:29:00,187,187,187,187,0
2022-03-25 12:30:00,187,187,187,187,0
2022-03-25 12:31:00,187,187,187,187,0
2022-03-25 12:32:00,187,187,187,187,0
2022-03-25 12:33:00,187,187,187,187,0
2022-03-25 12:34:00,187,187,187,187,0
2022-03-25 12:35:00,187,187,187,187,0
2022-03-25 12:36:00,187,187,187,187,0
2022-03-25 12:37:00,187,187,187,187,0
2022-03-25 12:38:00,187,187,187,187,0
2022-03-25 12:39:00,187,187,187,187,0
2022-03-25 12:40:00,187,187,187,187,0
2022-03-25 12:41:00,187,187,187,187,0
2022-03-25 12:42:00,187,187,187,187,0
2022-03-25 12:43:00,187,187,187,187,0
2022-03-25 12:44:00,187,187,187,187,0
2022-03-25 12:45:00,187,187,187,187,0
2022-03-25 12:46:00,187,187,187,187,0
2022-03-25 12:47:00,187,187,187,187,0
2022-03-25 12:48:00,187,187,187,187,0
2022-03-25 12:49:00,187,187,187,187,0
2022-03-25 12:50:00,187,187,187,187,0
2022-03-25 12:51:00,187,187,187,187,0
2022-03-25 12:52:00,187,187,187,187,0
2022-03-25 12:53:00,187,187,187,187,0
2022-03-25 12:54:00,187,187,187,187,0
2022-03-25 12:55:00,187,187,187,187,0
2022-03-25 12:56:00,187,187,187,187,0
2022-03-25 12:57:00,187,187,187,187,0
2022-03-25 12:58:00,187,187,187,187,0
2022-03-25 12:59:00,187,187,187,187,0
2022-03-25 13:00:00,187,187,187,187,0
2022-03-25 13:01:00,187,187,187,187,0
2022-03-25 13:02:00,187,187,187,187,0
2022-03-25 13:03:00,187,187,187,187,0
2022-03-25 13:04:00,187,187,187,187,0
2022-03-25 13:05:00,187,187,187,187,0
2022-03-25 13:06:00,187,187,187,187,0
2022-03-25 13:07:00,187,187,187,187,0
2022-03-25 13:08:00,187,187,187,187,0
2022-03-25 13:09:00,187,187,187,187,0
2022-03-25 13:10:00,187,187,187,187,0
2022-03-25 13:11:00,187,187,187,187,0
2022-03-25 13:12:00,187,187,187,187,0
2022-03-25 13:13:00,187,187,187,187,0
2022-03-25 13:14:00,187,187,187,187,0
2022-03-25 13:15:00,187,187,187,187,0
2022-03-25 13:16:00,187,187,187,187,0
2022-03-25 13:17:00,187,187,187,187,0
2022-03-25 13:18:00,187,187,187,187,0
2022-03-25 13:19:00,187,187,187,187,0
2022-03-25 13:20:00,187,187,187,187,0
2022-03-25 13:21:00,187,187,187,187,0
2022-03-25 13:22:00,187,187,187,187,0
2022-03-25 13:23:00,187,187,187,187,0
2022-03-25 13:24:00,187,187,187,187,0
2022-03-25 13:25:00,187,187,187,187,0
2022-03-25 13:26:00,187,187,187,187,0
2022-03-25 13:27:00,187,187,187,187,0
2022-03-25 13:28:00,187,187,187,187,0
2022-03-25 13:29:00,187,187,187,187,0
2022-03-25 13:30:00,187,187,187,187,20900
2022-03-25 13:31:00,187,187,187,187,2600
2022-03-25 13:32:00,187,187,187,187,60000
2022-03-25 13:33:00,187,187,187,187,0
2022-03-25 13:34:00,187,187,187,187,0
2022-03-25 13:35:00,187,187,187,187,0
2022-03-25 13:36:00,187,187,187,187,0
2022-03-25 13:37:00,187,187,187,187,0
2022-03-25 13:38:00,187,187,187,187,0
2022-03-25 13:39:00,187,186,187,186,467800
2022-03-25 13:40:00,186,186,186,186,25000
2022-03-25 13:41:00,186,186,186,186,0
2022-03-25 13:42:00,186,186,186,186,27200
2022-03-25 13:43:00,186,186,186,186,12200
2022-03-25 13:44:00,186,186,186,186,0
2022-03-25 13:45:00,186,186,186,186,0
2022-03-25 13:46:00,186,186,186,186,5500
2022-03-25 13:47:00,186,186,186,186,0
2022-03-25 13:48:00,186,186,186,186,74800
2022-03-25 13:49:00,186,186,186,186,0
2022-03-25 13:50:00,186,186,186,186,0
2022-03-25 13:51:00,186,186,186,186,0
2022-03-25 13:52:00,186,186,186,186,0
2022-03-25 13:53:00,186,186,186,186,5200
2022-03-25 13:54:00,186,186,186,186,0
2022-03-25 13:55:00,187,187,187,187,100
2022-03-25 13:56:00,186,186,186,186,37000
2022-03-25 13:57:00,186,186,186,186,20000
2022-03-25 13:58:00,186,186,186,186,0
2022-03-25 13:59:00,186,186,186,186,0
2022-03-25 14:00:00,186,186,186,186,100
2022-03-25 14:01:00,186,186,186,186,68800
2022-03-25 14:02:00,186,186,186,186,24200
2022-03-25 14:03:00,186,186,186,186,0
2022-03-25 14:04:00,186,186,186,186,0
2022-03-25 14:05:00,186,186,186,186,0
2022-03-25 14:06:00,186,186,186,186,0
2022-03-25 14:07:00,186,186,186,186,0
2022-03-25 14:08:00,186,186,186,186,0
2022-03-25 14:09:00,186,186,186,186,20200
2022-03-25 14:10:00,186,186,186,186,20300
2022-03-25 14:11:00,186,186,186,186,0
2022-03-25 14:12:00,186,186,186,186,0
2022-03-25 14:13:00,186,186,186,186,0
2022-03-25 14:14:00,186,186,186,186,0
2022-03-25 14:15:00,186,186,186,186,0
2022-03-25 14:16:00,186,186,186,186,0
2022-03-25 14:17:00,186,186,186,186,0
2022-03-25 14:18:00,186,186,186,186,8400
2022-03-25 14:19:00,186,186,186,186,0
2022-03-25 14:20:00,186,186,186,186,500
2022-03-25 14:21:00,186,186,186,186,0
2022-03-25 14:22:00,186,186,186,186,0
2022-03-25 14:23:00,186,186,186,186,13400
2022-03-25 14:24:00,186,186,186,186,0
2022-03-25 14:25:00,186,186,186,186,0
2022-03-25 14:26:00,186,186,186,186,0
2022-03-25 14:27:00,186,186,186,186,0
2022-03-25 14:28:00,186,186,186,186,0
2022-03-25 14:29:00,186,186,187,187,17200
2022-03-25 14:30:00,186,186,187,187,100100
2022-03-25 14:31:00,186,186,187,187,0
2022-03-25 14:32:00,186,186,186,186,15000
2022-03-25 14:33:00,187,187,187,187,100
2022-03-25 14:34:00,187,187,187,187,0
2022-03-25 14:35:00,187,187,187,187,0
2022-03-25 14:36:00,187,187,187,187,0
2022-03-25 14:37:00,187,187,187,187,5000
2022-03-25 14:38:00,186,186,186,186,2500
2022-03-25 14:39:00,186,186,186,186,0
2022-03-25 14:40:00,186,186,186,186,0
2022-03-25 14:41:00,187,187,187,187,100
2022-03-25 14:42:00,186,186,186,186,500
2022-03-25 14:43:00,186,186,186,186,96000
2022-03-25 14:44:00,186,186,186,186,0
2022-03-25 14:45:00,186,186,186,186,5200
2022-03-25 14:46:00,187,187,187,187,100
2022-03-25 14:47:00,186,186,186,186,402200
2022-03-25 14:48:00,186,186,187,187,101000
2022-03-25 14:49:00,186,186,186,186,2500
2022-03-25 14:50:00,186,186,186,186,0
2022-03-25 14:51:00,186,186,186,186,0
2022-03-25 14:52:00,186,186,186,186,0
2022-03-25 14:53:00,186,186,186,186,0
2022-03-25 14:54:00,186,186,186,186,0
2022-03-25 14:55:00,186,186,186,186,0
2022-03-25 14:56:00,186,186,186,186,0
2022-03-25 14:57:00,186,186,186,186,0
2022-03-25 14:58:00,186,186,186,186,0
2022-03-25 14:59:00,186,186,186,186,0
2022-03-25 15:00:00,185,185,185,185,886500
2022-03-25 15:01:00,185,185,185,185,643300
2022-03-25 15:02:00,185,185,185,185,0
2022-03-25 15:03:00,185,185,185,185,1700
2022-03-25 15:04:00,185,185,185,185,0
2022-03-25 15:05:00,185,185,185,185,50000
2022-03-25 15:06:00,185,185,185,185,0
2022-03-25 15:07:00,185,185,185,185,112600
2022-03-25 15:08:00,185,185,185,185,129400
2022-03-25 15:09:00,185,185,185,185,0
2022-03-25 15:10:00,185,185,185,185,0
2022-03-25 15:11:00,185,185,185,185,5000
2022-03-25 15:12:00,185,185,185,185,26400
2022-03-25 15:13:00,185,185,185,185,42000
2022-03-25 15:14:00,185,185,185,185,18000
2022-03-25 15:15:00,185,185,185,185,0
2022-03-25 15:16:00,185,185,185,185,0
2022-03-25 15:17:00,185,185,185,185,0
2022-03-25 15:18:00,185,185,185,185,0
2022-03-25 15:19:00,185,185,185,185,0
2022-03-25 15:20:00,185,185,185,185,0
2022-03-25 15:21:00,185,185,185,185,0
2022-03-25 15:22:00,185,185,185,185,0
2022-03-25 15:23:00,185,185,185,185,0
2022-03-25 15:24:00,185,185,185,185,0
2022-03-25 15:25:00,185,185,185,185,0
2022-03-25 15:26:00,185,185,185,185,0
2022-03-25 15:27:00,185,185,185,185,0
2022-03-25 15:28:00,185,185,185,185,0
2022-03-25 15:29:00,185,185,185,185,0
2022-03-25 15:30:00,185,185,185,185,0
2022-03-25 15:31:00,185,185,185,185,0
2022-03-25 15:32:00,185,185,185,185,0
2022-03-25 15:33:00,185,185,185,185,0
2022-03-25 15:34:00,185,185,185,185,0
2022-03-25 15:35:00,185,185,185,185,0
2022-03-25 15:36:00,185,185,185,185,0
2022-03-25 15:37:00,185,185,185,185,0
2022-03-25 15:38:00,185,185,185,185,0
2022-03-25 15:39:00,185,185,185,185,0
2022-03-25 15:40:00,185,185,185,185,0
2022-03-25 15:41:00,185,185,185,185,0
2022-03-25 15:42:00,185,185,185,185,0
2022-03-25 15:43:00,185,185,185,185,0
2022-03-25 15:44:00,185,185,185,185,0
2022-03-25 15:45:00,185,185,185,185,0
2022-03-25 15:46:00,185,185,185,185,0
2022-03-25 15:47:00,185,185,185,185,0
2022-03-25 15:48:00,185,185,185,185,0
2022-03-25 15:49:00,185,185,185,185,0
2022-03-25 15:50:00,185,185,185,185,0
2022-03-25 15:51:00,185,185,185,185,0
2022-03-25 15:52:00,185,185,185,185,0
2022-03-25 15:53:00,185,185,185,185,0
2022-03-25 15:54:00,185,185,185,185,0
2022-03-25 15:55:00,185,185,185,185,0
2022-03-25 15:56:00,185,185,185,185,0
2022-03-25 15:57:00,185,185,185,185,0
2022-03-25 15:58:00,185,185,185,185,0
2022-03-25 15:59:00,185,185,185,185,0
2022-03-28 09:00:00,183,183,183,183,0
2022-03-28 09:01:00,183,183,183,183,0
2022-03-28 09:02:00,183,183,183,183,0
2022-03-28 09:03:00,183,183,183,183,0
2022-03-28 09:04:00,183,183,183,183,0
2022-03-28 09:05:00,183,183,183,183,0
2022-03-28 09:06:00,183,183,183,183,0
2022-03-28 09:07:00,183,183,183,183,0
2022-03-28 09:08:00,183,183,183,183,0
2022-03-28 09:09:00,183,183,183,183,0
2022-03-28 09:10:00,183,183,183,183,0
2022-03-28 09:11:00,183,183,183,183,0
2022-03-28 09:12:00,183,183,183,183,0
2022-03-28 09:13:00,183,183,183,183,0
2022-03-28 09:14:00,183,183,183,183,0
2022-03-28 09:15:00,183,183,183,183,0
2022-03-28 09:16:00,183,183,183,183,0
2022-03-28 09:17:00,183,183,183,183,0
2022-03-28 09:18:00,183,183,183,183,0
2022-03-28 09:19:00,183,183,183,183,0
2022-03-28 09:20:00,183,183,183,183,0
2022-03-28 09:21:00,183,183,183,183,0
2022-03-28 09:22:00,183,183,183,183,0
2022-03-28 09:23:00,183,183,183,183,0
2022-03-28 09:24:00,183,183,183,183,0
2022-03-28 09:25:00,183,183,183,183,0
2022-03-28 09:26:00,183,183,183,183,0
2022-03-28 09:27:00,183,183,183,183,0
2022-03-28 09:28:00,183,183,183,183,0
2022-03-28 09:29:00,183,183,183,183,0
2022-03-28 09:30:00,183,183,183,183,0
2022-03-28 09:31:00,183,183,183,183,0
2022-03-28 09:32:00,183,183,183,183,0
2022-03-28 09:33:00,183,183,183,183,0
2022-03-28 09:34:00,183,183,183,183,0
2022-03-28 09:35:00,183,183,183,183,0
2022-03-28 09:36:00,183,183,183,183,0
2022-03-28 09:37:00,183,183,183,183,0
2022-03-28 09:38:00,183,183,183,183,0
2022-03-28 09:39:00,183,183,183,183,0
2022-03-28 09:40:00,183,183,183,183,0
2022-03-28 09:41:00,183,183,183,183,0
2022-03-28 09:42:00,183,183,183,183,0
2022-03-28 09:43:00,183,183,183,183,0
2022-03-28 09:44:00,183,183,183,183,0
2022-03-28 09:45:00,183,183,183,183,0
2022-03-28 09:46:00,183,183,183,183,0
2022-03-28 09:47:00,183,183,183,183,0
2022-03-28 09:48:00,183,183,183,183,0
2022-03-28 09:49:00,183,183,183,183,0
2022-03-28 09:50:00,183,183,183,183,0
2022-03-28 09:51:00,183,183,183,183,0
2022-03-28 09:52:00,183,183,183,183,0
2022-03-28 09:53:00,183,183,183,183,0
2022-03-28 09:54:00,183,183,183,183,0
2022-03-28 09:55:00,183,183,183,183,0
2022-03-28 09:56:00,183,183,183,183,0
2022-03-28 09:57:00,183,183,183,183,0
2022-03-28 09:58:00,183,183,183,183,0
2022-03-28 09:59:00,183,183,183,183,0
2022-03-28 10:00:00,183,183,183,183,0
2022-03-28 10:01:00,183,183,183,183,0
2022-03-28 10:02:00,183,183,183,183,0
2022-03-28 10:03:00,183,183,183,183,0
2022-03-28 10:04:00,183,183,183,183,0
2022-03-28 10:05:00,183,183,183,183,0
2022-03-28 10:06:00,183,183,183,183,0
2022-03-28 10:07:00,183,183,183,183,0
2022-03-28 10:08:00,183,183,183,183,0
2022-03-28 10:09:00,183,183,183,183,0
2022-03-28 10:10:00,183,183,183,183,0
2022-03-28 10:11:00,183,183,183,183,0
2022-03-28 10:12:00,183,183,183,183,0
2022-03-28 10:13:00,183,183,183,183,0
2022-03-28 10:14:00,183,183,183,183,0
2022-03-28 10:15:00,183,183,183,183,0
2022-03-28 10:16:00,183,183,183,183,0
2022-03-28 10:17:00,183,183,183,183,0
2022-03-28 10:18:00,183,183,183,183,0
2022-03-28 10:19:00,183,183,183,183,0
2022-03-28 10:20:00,183,183,183,183,0
2022-03-28 10:21:00,183,183,183,183,0
2022-03-28 10:22:00,183,183,183,183,0
2022-03-28 10:23:00,183,183,183,183,0
2022-03-28 10:24:00,183,183,183,183,0
2022-03-28 10:25:00,183,183,183,183,0
2022-03-28 10:26:00,183,183,183,183,0
2022-03-28 10:27:00,183,183,183,183,0
2022-03-28 10:28:00,183,183,183,183,0
2022-03-28 10:29:00,183,183,183,183,0
2022-03-28 10:30:00,183,183,183,183,0
2022-03-28 10:31:00,183,183,183,183,0
2022-03-28 10:32:00,183,183,183,183,0
2022-03-28 10:33:00,183,183,183,183,0
2022-03-28 10:34:00,183,183,183,183,0
2022-03-28 10:35:00,183,183,183,183,0
2022-03-28 10:36:00,183,183,183,183,0
2022-03-28 10:37:00,183,183,183,183,0
2022-03-28 10:38:00,183,183,183,183,0
2022-03-28 10:39:00,183,183,183,183,0
2022-03-28 10:40:00,183,183,183,183,0
2022-03-28 10:41:00,183,183,183,183,0
2022-03-28 10:42:00,183,183,183,183,0
2022-03-28 10:43:00,183,183,183,183,0
2022-03-28 10:44:00,183,183,183,183,0
2022-03-28 10:45:00,183,183,183,183,0
2022-03-28 10:46:00,183,183,183,183,0
2022-03-28 10:47:00,183,183,183,183,0
2022-03-28 10:48:00,183,183,183,183,0
2022-03-28 10:49:00,183,183,183,183,0
2022-03-28 10:50:00,183,183,183,183,0
2022-03-28 10:51:00,183,183,183,183,0
2022-03-28 10:52:00,183,183,183,183,0
2022-03-28 10:53:00,183,183,183,183,0
2022-03-28 10:54:00,183,183,183,183,0
2022-03-28 10:55:00,183,183,183,183,0
2022-03-28 10:56:00,183,183,183,183,0
2022-03-28 10:57:00,183,183,183,183,0
2022-03-28 10:58:00,183,183,183,183,0
2022-03-28 10:59:00,183,183,183,183,0
2022-03-28 11:00:00,183,183,183,183,0
2022-03-28 11:01:00,183,183,183,183,0
2022-03-28 11:02:00,183,183,183,183,0
2022-03-28 11:03:00,183,183,183,183,0
2022-03-28 11:04:00,183,183,183,183,0
2022-03-28 11:05:00,183,183,183,183,0
2022-03-28 11:06:00,183,183,183,183,0
2022-03-28 11:07:00,183,183,183,183,0
2022-03-28 11:08:00,183,183,183,183,0
2022-03-28 11:09:00,183,183,183,183,0
2022-03-28 11:10:00,183,183,183,183,0
2022-03-28 11:11:00,183,183,183,183,0
2022-03-28 11:12:00,183,183,183,183,0
2022-03-28 11:13:00,183,183,183,183,0
2022-03-28 11:14:00,183,183,183,183,0
2022-03-28 11:15:00,183,183,183,183,0
2022-03-28 11:16:00,183,183,183,183,0
2022-03-28 11:17:00,183,183,183,183,0
2022-03-28 11:18:00,183,183,183,183,0
2022-03-28 11:19:00,183,183,183,183,0
2022-03-28 11:20:00,183,183,183,183,0
2022-03-28 11:21:00,183,183,183,183,0
2022-03-28 11:22:00,183,183,183,183,0
2022-03-28 11:23:00,183,183,183,183,0
2022-03-28 11:24:00,183,183,183,183,0
2022-03-28 11:25:00,183,183,183,183,0
2022-03-28 11:26:00,183,183,183,183,0
2022-03-28 11:27:00,183,183,183,183,0
2022-03-28 11:28:00,183,183,183,183,0
2022-03-28 11:29:00,183,183,183,183,0
2022-03-28 11:30:00,183,183,183,183,0
2022-03-28 11:31:00,183,183,183,183,0
2022-03-28 11:32:00,183,183,183,183,0
2022-03-28 11:33:00,183,183,183,183,0
2022-03-28 11:34:00,183,183,183,183,0
2022-03-28 11:35:00,183,183,183,183,0
2022-03-28 11:36:00,183,183,183,183,0
2022-03-28 11:37:00,183,183,183,183,0
2022-03-28 11:38:00,183,183,183,183,0
2022-03-28 11:39:00,183,183,183,183,0
2022-03-28 11:40:00,183,183,183,183,0
2022-03-28 11:41:00,183,183,183,183,0
2022-03-28 11:42:00,183,183,183,183,0
2022-03-28 11:43:00,183,183,183,183,0
2022-03-28 11:44:00,183,183,183,183,0
2022-03-28 11:45:00,183,183,183,183,0
2022-03-28 11:46:00,183,183,183,183,0
2022-03-28 11:47:00,183,183,183,183,0
2022-03-28 11:48:00,183,183,183,183,0
2022-03-28 11:49:00,183,183,183,183,0
2022-03-28 11:50:00,183,183,183,183,0
2022-03-28 11:51:00,183,183,183,183,0
2022-03-28 11:52:00,183,183,183,183,0
2022-03-28 11:53:00,183,183,183,183,0
2022-03-28 11:54:00,183,183,183,183,0
2022-03-28 11:55:00,183,183,183,183,0
2022-03-28 11:56:00,183,183,183,183,0
2022-03-28 11:57:00,183,183,183,183,0
2022-03-28 11:58:00,183,183,183,183,0
2022-03-28 11:59:00,183,183,183,183,0
2022-03-28 12:00:00,183,183,183,183,0
2022-03-28 12:01:00,183,183,183,183,0
2022-03-28 12:02:00,183,183,183,183,0
2022-03-28 12:03:00,183,183,183,183,0
2022-03-28 12:04:00,183,183,183,183,0
2022-03-28 12:05:00,183,183,183,183,0
2022-03-28 12:06:00,183,183,183,183,0
2022-03-28 12:07:00,183,183,183,183,0
2022-03-28 12:08:00,183,183,183,183,0
2022-03-28 12:09:00,183,183,183,183,0
2022-03-28 12:10:00,183,183,183,183,0
2022-03-28 12:11:00,183,183,183,183,0
2022-03-28 12:12:00,183,183,183,183,0
2022-03-28 12:13:00,183,183,183,183,0
2022-03-28 12:14:00,183,183,183,183,0
2022-03-28 12:15:00,183,183,183,183,0
2022-03-28 12:16:00,183,183,183,183,0
2022-03-28 12:17:00,183,183,183,183,0
2022-03-28 12:18:00,183,183,183,183,0
2022-03-28 12:19:00,183,183,183,183,0
2022-03-28 12:20:00,183,183,183,183,0
2022-03-28 12:21:00,183,183,183,183,0
2022-03-28 12:22:00,183,183,183,183,0
2022-03-28 12:23:00,183,183,183,183,0
2022-03-28 12:24:00,183,183,183,183,0
2022-03-28 12:25:00,183,183,183,183,0
2022-03-28 12:26:00,183,183,183,183,0
2022-03-28 12:27:00,183,183,183,183,0
2022-03-28 12:28:00,183,183,183,183,0
2022-03-28 12:29:00,183,183,183,183,0
2022-03-28 12:30:00,183,183,183,183,0
2022-03-28 12:31:00,183,183,183,183,0
2022-03-28 12:32:00,183,183,183,183,0
2022-03-28 12:33:00,183,183,183,183,0
2022-03-28 12:34:00,183,183,183,183,0
2022-03-28 12:35:00,183,183,183,183,0
2022-03-28 12:36:00,183,183,183,183,0
2022-03-28 12:37:00,183,183,183,183,0
2022-03-28 12:38:00,183,183,183,183,0
2022-03-28 12:39:00,183,183,183,183,0
2022-03-28 12:40:00,183,183,183,183,0
2022-03-28 12:41:00,183,183,183,183,0
2022-03-28 12:42:00,183,183,183,183,0
2022-03-28 12:43:00,183,183,183,183,0
2022-03-28 12:44:00,183,183,183,183,0
2022-03-28 12:45:00,183,183,183,183,0
2022-03-28 12:46:00,183,183,183,183,0
2022-03-28 12:47:00,183,183,183,183,0
2022-03-28 12:48:00,183,183,183,183,0
2022-03-28 12:49:00,183,183,183,183,0
2022-03-28 12:50:00,183,183,183,183,0
2022-03-28 12:51:00,183,183,183,183,0
2022-03-28 12:52:00,183,183,183,183,0
2022-03-28 12:53:00,183,183,183,183,0
2022-03-28 12:54:00,183,183,183,183,0
2022-03-28 12:55:00,183,183,183,183,0
2022-03-28 12:56:00,183,183,183,183,0
2022-03-28 12:57:00,183,183,183,183,0
2022-03-28 12:58:00,183,183,183,183,0
2022-03-28 12:59:00,183,183,183,183,0
2022-03-28 13:00:00,183,183,183,183,0
2022-03-28 13:01:00,183,183,183,183,0
2022-03-28 13:02:00,183,183,183,183,0
2022-03-28 13:03:00,183,183,183,183,0
2022-03-28 13:04:00,183,183,183,183,0
2022-03-28 13:05:00,183,183,183,183,0
2022-03-28 13:06:00,183,183,183,183,0
2022-03-28 13:07:00,183,183,183,183,0
2022-03-28 13:08:00,183,183,183,183,0
2022-03-28 13:09:00,183,183,183,183,0
2022-03-28 13:10:00,183,183,183,183,0
2022-03-28 13:11:00,183,183,183,183,0
2022-03-28 13:12:00,183,183,183,183,0
2022-03-28 13:13:00,183,183,183,183,0
2022-03-28 13:14:00,183,183,183,183,0
2022-03-28 13:15:00,183,183,183,183,0
2022-03-28 13:16:00,183,183,183,183,0
2022-03-28 13:17:00,183,183,183,183,0
2022-03-28 13:18:00,183,183,183,183,0
2022-03-28 13:19:00,183,183,183,183,0
2022-03-28 13:20:00,183,183,183,183,0
2022-03-28 13:21:00,183,183,183,183,0
2022-03-28 13:22:00,183,183,183,183,0
2022-03-28 13:23:00,183,183,183,183,0
2022-03-28 13:24:00,183,183,183,183,0
2022-03-28 13:25:00,183,183,183,183,0
2022-03-28 13:26:00,183,183,183,183,0
2022-03-28 13:27:00,183,183,183,183,0
2022-03-28 13:28:00,183,183,183,183,0
2022-03-28 13:29:00,183,183,183,183,0
2022-03-28 13:30:00,183,183,183,183,0
2022-03-28 13:31:00,183,183,183,183,0
2022-03-28 13:32:00,183,183,183,183,0
2022-03-28 13:33:00,183,183,183,183,0
2022-03-28 13:34:00,183,183,183,183,0
2022-03-28 13:35:00,183,183,183,183,0
2022-03-28 13:36:00,183,183,183,183,0
2022-03-28 13:37:00,183,183,183,183,0
2022-03-28 13:38:00,183,183,183,183,0
2022-03-28 13:39:00,183,183,183,183,0
2022-03-28 13:40:00,183,183,183,183,0
2022-03-28 13:41:00,183,183,183,183,0
2022-03-28 13:42:00,183,183,183,183,0
2022-03-28 13:43:00,183,183,183,183,0
2022-03-28 13:44:00,183,183,183,183,0
2022-03-28 13:45:00,183,183,183,183,0
2022-03-28 13:46:00,183,183,183,183,0
2022-03-28 13:47:00,183,183,183,183,0
2022-03-28 13:48:00,183,183,183,183,0
2022-03-28 13:49:00,183,183,183,183,0
2022-03-28 13:50:00,183,183,183,183,0
2022-03-28 13:51:00,183,183,183,183,0
2022-03-28 13:52:00,183,183,183,183,0
2022-03-28 13:53:00,183,183,183,183,0
2022-03-28 13:54:00,183,183,183,183,0
2022-03-28 13:55:00,183,183,183,183,0
2022-03-28 13:56:00,183,183,183,183,0
2022-03-28 13:57:00,183,183,183,183,0
2022-03-28 13:58:00,183,183,183,183,0
2022-03-28 13:59:00,183,183,183,183,0
2022-03-28 14:00:00,183,183,183,183,0
2022-03-28 14:01:00,183,183,183,183,0
2022-03-28 14:02:00,183,183,183,183,0
2022-03-28 14:03:00,183,183,183,183,0
2022-03-28 14:04:00,183,183,183,183,0
2022-03-28 14:05:00,183,183,183,183,0
2022-03-28 14:06:00,183,183,183,183,0
2022-03-28 14:07:00,183,183,183,183,0
2022-03-28 14:08:00,183,183,183,183,0
2022-03-28 14:09:00,183,183,183,183,0
2022-03-28 14:10:00,183,183,183,183,0
2022-03-28 14:11:00,183,183,183,183,0
2022-03-28 14:12:00,183,183,183,183,0
2022-03-28 14:13:00,183,183,183,183,0
2022-03-28 14:14:00,183,183,183,183,0
2022-03-28 14:15:00,183,183,183,183,0
2022-03-28 14:16:00,183,183,183,183,0
2022-03-28 14:17:00,183,183,183,183,0
2022-03-28 14:18:00,183,183,183,183,0
2022-03-28 14:19:00,183,183,183,183,0
2022-03-28 14:20:00,183,183,183,183,0
2022-03-28 14:21:00,183,183,183,183,0
2022-03-28 14:22:00,183,183,183,183,0
2022-03-28 14:23:00,183,183,183,183,0
2022-03-28 14:24:00,183,183,183,183,0
2022-03-28 14:25:00,183,183,183,183,0
2022-03-28 14:26:00,183,183,183,183,0
2022-03-28 14:27:00,183,183,183,183,0
2022-03-28 14:28:00,183,183,183,183,0
2022-03-28 14:29:00,183,183,183,183,0
2022-03-28 14:30:00,183,183,183,183,0
2022-03-28 14:31:00,183,183,183,183,0
2022-03-28 14:32:00,183,183,183,183,0
2022-03-28 14:33:00,183,183,183,183,0
2022-03-28 14:34:00,183,183,183,183,0
2022-03-28 14:35:00,183,183,183,183,0
2022-03-28 14:36:00,183,183,183,183,0
2022-03-28 14:37:00,183,183,183,183,0
2022-03-28 14:38:00,183,183,183,183,0
2022-03-28 14:39:00,183,183,183,183,0
2022-03-28 14:40:00,183,183,183,183,0
2022-03-28 14:41:00,183,183,183,183,0
2022-03-28 14:42:00,183,183,183,183,0
2022-03-28 14:43:00,183,183,183,183,0
2022-03-28 14:44:00,183,183,183,183,0
2022-03-28 14:45:00,183,183,183,183,0
2022-03-28 14:46:00,183,183,183,183,0
2022-03-28 14:47:00,183,183,183,183,0
2022-03-28 14:48:00,183,183,183,183,0
2022-03-28 14:49:00,183,183,183,183,0
2022-03-28 14:50:00,183,183,183,183,0
2022-03-28 14:51:00,183,183,183,183,0
2022-03-28 14:52:00,183,183,183,183,0
2022-03-28 14:53:00,183,183,183,183,0
2022-03-28 14:54:00,183,183,183,183,0
2022-03-28 14:55:00,183,183,183,183,0
2022-03-28 14:56:00,183,183,183,183,0
2022-03-28 14:57:00,183,183,183,183,0
2022-03-28 14:58:00,183,183,183,183,0
2022-03-28 14:59:00,183,183,183,183,0
2022-03-28 15:00:00,183,183,183,183,0
2022-03-28 15:01:00,183,183,183,183,0
2022-03-28 15:02:00,183,183,183,183,0
2022-03-28 15:03:00,183,183,183,183,0
2022-03-28 15:04:00,183,183,183,183,0
2022-03-28 15:05:00,183,183,183,183,0
2022-03-28 15:06:00,183,183,183,183,0
2022-03-28 15:07:00,183,183,183,183,0
2022-03-28 15:08:00,183,183,183,183,0
2022-03-28 15:09:00,183,183,183,183,0
2022-03-28 15:10:00,183,183,183,183,0
2022-03-28 15:11:00,183,183,183,183,0
2022-03-28 15:12:00,183,183,183,183,0
2022-03-28 15:13:00,183,183,183,183,0
2022-03-28 15:14:00,183,183,183,183,0
2022-03-28 15:15:00,183,183,183,183,0
2022-03-28 15:16:00,183,183,183,183,0
2022-03-28 15:17:00,183,183,183,183,0
2022-03-28 15:18:00,183,183,183,183,0
2022-03-28 15:19:00,183,183,183,183,0
2022-03-28 15:20:00,183,183,183,183,0
2022-03-28 15:21:00,183,183,183,183,0
2022-03-28 15:22:00,183,183,183,183,0
2022-03-28 15:23:00,183,183,183,183,0
2022-03-28 15:24:00,183,183,183,183,0
2022-03-28 15:25:00,183,183,183,183,0
2022-03-28 15:26:00,183,183,183,183,0
2022-03-28 15:27:00,183,183,183,183,0
2022-03-28 15:28:00,183,183,183,183,0
2022-03-28 15:29:00,183,183,183,183,0
2022-03-28 15:30:00,183,183,183,183,0
2022-03-28 15:31:00,183,183,183,183,0
2022-03-28 15:32:00,183,183,183,183,0
2022-03-28 15:33:00,183,183,183,183,0
2022-03-28 15:34:00,183,183,183,183,0
2022-03-28 15:35:00,183,183,183,183,0
2022-03-28 15:36:00,183,183,183,183,0
2022-03-28 15:37:00,183,183,183,183,0
2022-03-28 15:38:00,183,183,183,183,0
2022-03-28 15:39:00,183,183,183,183,0
2022-03-28 15:40:00,183,183,183,183,0
2022-03-28 15:41:00,183,183,183,183,0
2022-03-28 15:42:00,183,183,183,183,0
2022-03-28 15:43:00,183,183,183,183,0
2022-03-28 15:44:00,183,183,183,183,0
2022-03-28 15:45:00,183,183,183,183,0
2022-03-28 15:46:00,183,183,183,183,0
2022-03-28 15:47:00,183,183,183,183,0
2022-03-28 15:48:00,183,183,183,183,0
2022-03-28 15:49:00,183,183,183,183,0
2022-03-28 15:50:00,183,183,183,183,0
2022-03-28 15:51:00,183,183,183,183,0
2022-03-28 15:52:00,183,183,183,183,0
2022-03-28 15:53:00,183,183,183,183,0
2022-03-28 15:54:00,183,183,183,183,0
2022-03-28 15:55:00,183,183,183,183,0
2022-03-28 15:56:00,183,183,183,183,0
2022-03-28 15:57:00,183,183,183,183,0
2022-03-28 15:58:00,183,183,183,183,0
2022-03-28 15:59:00,183,183,183,183,0
2022-03-29 09:00:00,183,183,183,183,0
2022-03-29 09:01:00,183,183,183,183,0
2022-03-29 09:02:00,183,183,183,183,0
2022-03-29 09:03:00,183,183,183,183,0
2022-03-29 09:04:00,183,183,183,183,0
2022-03-29 09:05:00,183,183,183,183,0
2022-03-29 09:06:00,183,183,183,183,0
2022-03-29 09:07:00,183,183,183,183,0
2022-03-29 09:08:00,183,183,183,183,0
2022-03-29 09:09:00,183,183,183,183,0
2022-03-29 09:10:00,183,183,183,183,0
2022-03-29 09:11:00,183,183,183,183,0
2022-03-29 09:12:00,183,183,183,183,0
2022-03-29 09:13:00,183,183,183,183,0
2022-03-29 09:14:00,183,183,183,183,0
2022-03-29 09:15:00,183,183,183,183,0
2022-03-29 09:16:00,183,183,183,183,0
2022-03-29 09:17:00,183,183,183,183,0
2022-03-29 09:18:00,183,183,183,183,0
2022-03-29 09:19:00,183,183,183,183,0
2022-03-29 09:20:00,183,183,183,183,0
2022-03-29 09:21:00,183,183,183,183,0
2022-03-29 09:22:00,183,183,183,183,0
2022-03-29 09:23:00,183,183,183,183,0
2022-03-29 09:24:00,183,183,183,183,0
2022-03-29 09:25:00,183,183,183,183,0
2022-03-29 09:26:00,183,183,183,183,0
2022-03-29 09:27:00,183,183,183,183,0
2022-03-29 09:28:00,183,183,183,183,0
2022-03-29 09:29:00,183,183,183,183,0
2022-03-29 09:30:00,183,183,183,183,0
2022-03-29 09:31:00,183,183,183,183,0
2022-03-29 09:32:00,183,183,183,183,0
2022-03-29 09:33:00,183,183,183,183,0
2022-03-29 09:34:00,183,183,183,183,0
2022-03-29 09:35:00,183,183,183,183,0
2022-03-29 09:36:00,183,183,183,183,0
2022-03-29 09:37:00,183,183,183,183,0
2022-03-29 09:38:00,183,183,183,183,0
2022-03-29 09:39:00,183,183,183,183,0
2022-03-29 09:40:00,183,183,183,183,0
2022-03-29 09:41:00,183,183,183,183,0
2022-03-29 09:42:00,183,183,183,183,0
2022-03-29 09:43:00,183,183,183,183,0
2022-03-29 09:44:00,183,183,183,183,0
2022-03-29 09:45:00,183,183,183,183,0
2022-03-29 09:46:00,183,183,183,183,0
2022-03-29 09:47:00,183,183,183,183,0
2022-03-29 09:48:00,183,183,183,183,0
2022-03-29 09:49:00,183,183,183,183,0
2022-03-29 09:50:00,183,183,183,183,0
2022-03-29 09:51:00,183,183,183,183,0
2022-03-29 09:52:00,183,183,183,183,0
2022-03-29 09:53:00,183,183,183,183,0
2022-03-29 09:54:00,183,183,183,183,0
2022-03-29 09:55:00,183,183,183,183,0
2022-03-29 09:56:00,183,183,183,183,0
2022-03-29 09:57:00,183,183,183,183,0
2022-03-29 09:58:00,183,183,183,183,0
2022-03-29 09:59:00,183,183,183,183,0
2022-03-29 10:00:00,183,183,183,183,0
2022-03-29 10:01:00,183,183,183,183,0
2022-03-29 10:02:00,183,183,183,183,0
2022-03-29 10:03:00,183,183,183,183,0
2022-03-29 10:04:00,183,183,183,183,0
2022-03-29 10:05:00,183,183,183,183,0
2022-03-29 10:06:00,183,183,183,183,0
2022-03-29 10:07:00,183,183,183,183,0
2022-03-29 10:08:00,183,183,183,183,0
2022-03-29 10:09:00,183,183,183,183,0
2022-03-29 10:10:00,183,183,183,183,0
2022-03-29 10:11:00,183,183,183,183,0
2022-03-29 10:12:00,183,183,183,183,0
2022-03-29 10:13:00,183,183,183,183,0
2022-03-29 10:14:00,183,183,183,183,0
2022-03-29 10:15:00,183,183,183,183,0
2022-03-29 10:16:00,183,183,183,183,0
2022-03-29 10:17:00,183,183,183,183,0
2022-03-29 10:18:00,183,183,183,183,0
2022-03-29 10:19:00,183,183,183,183,0
2022-03-29 10:20:00,183,183,183,183,0
2022-03-29 10:21:00,183,183,183,183,0
2022-03-29 10:22:00,183,183,183,183,0
2022-03-29 10:23:00,183,183,183,183,0
2022-03-29 10:24:00,183,183,183,183,0
2022-03-29 10:25:00,183,183,183,183,0
2022-03-29 10:26:00,183,183,183,183,0
2022-03-29 10:27:00,183,183,183,183,0
2022-03-29 10:28:00,183,183,183,183,0
2022-03-29 10:29:00,183,183,183,183,0
2022-03-29 10:30:00,183,183,183,183,0
2022-03-29 10:31:00,183,183,183,183,0
2022-03-29 10:32:00,183,183,183,183,0
2022-03-29 10:33:00,183,183,183,183,0
2022-03-29 10:34:00,183,183,183,183,0
2022-03-29 10:35:00,183,183,183,183,0
2022-03-29 10:36:00,183,183,183,183,0
2022-03-29 10:37:00,183,183,183,183,0
2022-03-29 10:38:00,183,183,183,183,0
2022-03-29 10:39:00,183,183,183,183,0
2022-03-29 10:40:00,183,183,183,183,0
2022-03-29 10:41:00,183,183,183,183,0
2022-03-29 10:42:00,183,183,183,183,0
2022-03-29 10:43:00,183,183,183,183,0
2022-03-29 10:44:00,183,183,183,183,0
2022-03-29 10:45:00,183,183,183,183,0
2022-03-29 10:46:00,183,183,183,183,0
2022-03-29 10:47:00,183,183,183,183,0
2022-03-29 10:48:00,183,183,183,183,0
2022-03-29 10:49:00,183,183,183,183,0
2022-03-29 10:50:00,183,183,183,183,0
2022-03-29 10:51:00,183,183,183,183,0
2022-03-29 10:52:00,183,183,183,183,0
2022-03-29 10:53:00,183,183,183,183,0
2022-03-29 10:54:00,183,183,183,183,0
2022-03-29 10:55:00,183,183,183,183,0
2022-03-29 10:56:00,183,183,183,183,0
2022-03-29 10:57:00,183,183,183,183,0
2022-03-29 10:58:00,183,183,183,183,0
2022-03-29 10:59:00,183,183,183,183,0
2022-03-29 11:00:00,183,183,183,183,0
2022-03-29 11:01:00,183,183,183,183,0
2022-03-29 11:02:00,183,183,183,183,0
2022-03-29 11:03:00,183,183,183,183,0
2022-03-29 11:04:00,183,183,183,183,0
2022-03-29 11:05:00,183,183,183,183,0
2022-03-29 11:06:00,183,183,183,183,0
2022-03-29 11:07:00,183,183,183,183,0
2022-03-29 11:08:00,183,183,183,183,0
2022-03-29 11:09:00,183,183,183,183,0
2022-03-29 11:10:00,183,183,183,183,0
2022-03-29 11:11:00,183,183,183,183,0
2022-03-29 11:12:00,183,183,183,183,0
2022-03-29 11:13:00,183,183,183,183,0
2022-03-29 11:14:00,183,183,183,183,0
2022-03-29 11:15:00,183,183,183,183,0
2022-03-29 11:16:00,183,183,183,183,0
2022-03-29 11:17:00,183,183,183,183,0
2022-03-29 11:18:00,183,183,183,183,0
2022-03-29 11:19:00,183,183,183,183,0
2022-03-29 11:20:00,183,183,183,183,0
2022-03-29 11:21:00,183,183,183,183,0
2022-03-29 11:22:00,183,183,183,183,0
2022-03-29 11:23:00,183,183,183,183,0
2022-03-29 11:24:00,183,183,183,183,0
2022-03-29 11:25:00,183,183,183,183,0
2022-03-29 11:26:00,183,183,183,183,0
2022-03-29 11:27:00,183,183,183,183,0
2022-03-29 11:28:00,183,183,183,183,0
2022-03-29 11:29:00,183,183,183,183,0
2022-03-29 11:30:00,183,183,183,183,0
2022-03-29 11:31:00,183,183,183,183,0
2022-03-29 11:32:00,183,183,183,183,0
2022-03-29 11:33:00,183,183,183,183,0
2022-03-29 11:34:00,183,183,183,183,0
2022-03-29 11:35:00,183,183,183,183,0
2022-03-29 11:36:00,183,183,183,183,0
2022-03-29 11:37:00,183,183,183,183,0
2022-03-29 11:38:00,183,183,183,183,0
2022-03-29 11:39:00,183,183,183,183,0
2022-03-29 11:40:00,183,183,183,183,0
2022-03-29 11:41:00,183,183,183,183,0
2022-03-29 11:42:00,183,183,183,183,0
2022-03-29 11:43:00,183,183,183,183,0
2022-03-29 11:44:00,183,183,183,183,0
2022-03-29 11:45:00,183,183,183,183,0
2022-03-29 11:46:00,183,183,183,183,0
2022-03-29 11:47:00,183,183,183,183,0
2022-03-29 11:48:00,183,183,183,183,0
2022-03-29 11:49:00,183,183,183,183,0
2022-03-29 11:50:00,183,183,183,183,0
2022-03-29 11:51:00,183,183,183,183,0
2022-03-29 11:52:00,183,183,183,183,0
2022-03-29 11:53:00,183,183,183,183,0
2022-03-29 11:54:00,183,183,183,183,0
2022-03-29 11:55:00,183,183,183,183,0
2022-03-29 11:56:00,183,183,183,183,0
2022-03-29 11:57:00,183,183,183,183,0
2022-03-29 11:58:00,183,183,183,183,0
2022-03-29 11:59:00,183,183,183,183,0
2022-03-29 12:00:00,183,183,183,183,0
2022-03-29 12:01:00,183,183,183,183,0
2022-03-29 12:02:00,183,183,183,183,0
2022-03-29 12:03:00,183,183,183,183,0
2022-03-29 12:04:00,183,183,183,183,0
2022-03-29 12:05:00,183,183,183,183,0
2022-03-29 12:06:00,183,183,183,183,0
2022-03-29 12:07:00,183,183,183,183,0
2022-03-29 12:08:00,183,183,183,183,0
2022-03-29 12:09:00,183,183,183,183,0
2022-03-29 12:10:00,183,183,183,183,0
2022-03-29 12:11:00,183,183,183,183,0
2022-03-29 12:12:00,183,183,183,183,0
2022-03-29 12:13:00,183,183,183,183,0
2022-03-29 12:14:00,183,183,183,183,0
2022-03-29 12:15:00,183,183,183,183,0
2022-03-29 12:16:00,183,183,183,183,0
2022-03-29 12:17:00,183,183,183,183,0
2022-03-29 12:18:00,183,183,183,183,0
2022-03-29 12:19:00,183,183,183,183,0
2022-03-29 12:20:00,183,183,183,183,0
2022-03-29 12:21:00,183,183,183,183,0
2022-03-29 12:22:00,183,183,183,183,0
2022-03-29 12:23:00,183,183,183,183,0
2022-03-29 12:24:00,183,183,183,183,0
2022-03-29 12:25:00,183,183,183,183,0
2022-03-29 12:26:00,183,183,183,183,0
2022-03-29 12:27:00,183,183,183,183,0
2022-03-29 12:28:00,183,183,183,183,0
2022-03-29 12:29:00,183,183,183,183,0
2022-03-29 12:30:00,183,183,183,183,0
2022-03-29 12:31:00,183,183,183,183,0
2022-03-29 12:32:00,183,183,183,183,0
2022-03-29 12:33:00,183,183,183,183,0
2022-03-29 12:34:00,183,183,183,183,0
2022-03-29 12:35:00,183,183,183,183,0
2022-03-29 12:36:00,183,183,183,183,0
2022-03-29 12:37:00,183,183,183,183,0
2022-03-29 12:38:00,183,183,183,183,0
2022-03-29 12:39:00,183,183,183,183,0
2022-03-29 12:40:00,183,183,183,183,0
2022-03-29 12:41:00,183,183,183,183,0
2022-03-29 12:42:00,183,183,183,183,0
2022-03-29 12:43:00,183,183,183,183,0
2022-03-29 12:44:00,183,183,183,183,0
2022-03-29 12:45:00,183,183,183,183,0
2022-03-29 12:46:00,183,183,183,183,0
2022-03-29 12:47:00,183,183,183,183,0
2022-03-29 12:48:00,183,183,183,183,0
2022-03-29 12:49:00,183,183,183,183,0
2022-03-29 12:50:00,183,183,183,183,0
2022-03-29 12:51:00,183,183,183,183,0
2022-03-29 12:52:00,183,183,183,183,0
2022-03-29 12:53:00,183,183,183,183,0
2022-03-29 12:54:00,183,183,183,183,0
2022-03-29 12:55:00,183,183,183,183,0
2022-03-29 12:56:00,183,183,183,183,0
2022-03-29 12:57:00,183,183,183,183,0
2022-03-29 12:58:00,183,183,183,183,0
2022-03-29 12:59:00,183,183,183,183,0
2022-03-29 13:00:00,183,183,183,183,0
2022-03-29 13:01:00,183,183,183,183,0
2022-03-29 13:02:00,183,183,183,183,0
2022-03-29 13:03:00,183,183,183,183,0
2022-03-29 13:04:00,183,183,183,183,0
2022-03-29 13:05:00,183,183,183,183,0
2022-03-29 13:06:00,183,183,183,183,0
2022-03-29 13:07:00,183,183,183,183,0
2022-03-29 13:08:00,183,183,183,183,0
2022-03-29 13:09:00,183,183,183,183,0
2022-03-29 13:10:00,183,183,183,183,0
2022-03-29 13:11:00,183,183,183,183,0
2022-03-29 13:12:00,183,183,183,183,0
2022-03-29 13:13:00,183,183,183,183,0
2022-03-29 13:14:00,183,183,183,183,0
2022-03-29 13:15:00,183,183,183,183,0
2022-03-29 13:16:00,183,183,183,183,0
2022-03-29 13:17:00,183,183,183,183,0
2022-03-29 13:18:00,183,183,183,183,0
2022-03-29 13:19:00,183,183,183,183,0
2022-03-29 13:20:00,183,183,183,183,0
2022-03-29 13:21:00,183,183,183,183,0
2022-03-29 13:22:00,183,183,183,183,0
2022-03-29 13:23:00,183,183,183,183,0
2022-03-29 13:24:00,183,183,183,183,0
2022-03-29 13:25:00,183,183,183,183,0
2022-03-29 13:26:00,183,183,183,183,0
2022-03-29 13:27:00,183,183,183,183,0
2022-03-29 13:28:00,183,183,183,183,0
2022-03-29 13:29:00,183,183,183,183,0
2022-03-29 13:30:00,183,183,183,183,0
2022-03-29 13:31:00,183,183,183,183,0
2022-03-29 13:32:00,183,183,183,183,0
2022-03-29 13:33:00,183,183,183,183,0
2022-03-29 13:34:00,183,183,183,183,0
2022-03-29 13:35:00,183,183,183,183,0
2022-03-29 13:36:00,183,183,183,183,0
2022-03-29 13:37:00,183,183,183,183,0
2022-03-29 13:38:00,183,183,183,183,0
2022-03-29 13:39:00,183,183,183,183,0
2022-03-29 13:40:00,183,183,183,183,0
2022-03-29 13:41:00,183,183,183,183,0
2022-03-29 13:42:00,183,183,183,183,0
2022-03-29 13:43:00,183,183,183,183,0
2022-03-29 13:44:00,183,183,183,183,0
2022-03-29 13:45:00,183,183,183,183,0
2022-03-29 13:46:00,183,183,183,183,0
2022-03-29 13:47:00,183,183,183,183,0
2022-03-29 13:48:00,183,183,183,183,0
2022-03-29 13:49:00,183,183,183,183,0
2022-03-29 13:50:00,183,183,183,183,0
2022-03-29 13:51:00,183,183,183,183,0
2022-03-29 13:52:00,183,183,183,183,0
2022-03-29 13:53:00,183,183,183,183,0
2022-03-29 13:54:00,183,183,183,183,0
2022-03-29 13:55:00,183,183,183,183,0
2022-03-29 13:56:00,183,183,183,183,0
2022-03-29 13:57:00,183,183,183,183,0
2022-03-29 13:58:00,183,183,183,183,0
2022-03-29 13:59:00,183,183,183,183,0
2022-03-29 14:00:00,183,183,183,183,0
2022-03-29 14:01:00,183,183,183,183,0
2022-03-29 14:02:00,183,183,183,183,0
2022-03-29 14:03:00,183,183,183,183,0
2022-03-29 14:04:00,183,183,183,183,0
2022-03-29 14:05:00,183,183,183,183,0
2022-03-29 14:06:00,183,183,183,183,0
2022-03-29 14:07:00,183,183,183,183,0
2022-03-29 14:08:00,183,183,183,183,0
2022-03-29 14:09:00,183,183,183,183,0
2022-03-29 14:10:00,183,183,183,183,0
2022-03-29 14:11:00,183,183,183,183,0
2022-03-29 14:12:00,183,183,183,183,0
2022-03-29 14:13:00,183,183,183,183,0
2022-03-29 14:14:00,183,183,183,183,0
2022-03-29 14:15:00,183,183,183,183,0
2022-03-29 14:16:00,183,183,183,183,0
2022-03-29 14:17:00,183,183,183,183,0
2022-03-29 14:18:00,183,183,183,183,0
2022-03-29 14:19:00,183,183,183,183,0
2022-03-29 14:20:00,183,183,183,183,0
2022-03-29 14:21:00,183,183,183,183,0
2022-03-29 14:22:00,183,183,183,183,0
2022-03-29 14:23:00,183,183,183,183,0
2022-03-29 14:24:00,183,183,183,183,0
2022-03-29 14:25:00,183,183,183,183,0
2022-03-29 14:26:00,183,183,183,183,0
2022-03-29 14:27:00,183,183,183,183,0
2022-03-29 14:28:00,183,183,183,183,0
2022-03-29 14:29:00,183,183,183,183,0
2022-03-29 14:30:00,183,183,183,183,0
2022-03-29 14:31:00,183,183,183,183,0
2022-03-29 14:32:00,183,183,183,183,0
2022-03-29 14:33:00,183,183,183,183,0
2022-03-29 14:34:00,183,183,183,183,0
2022-03-29 14:35:00,183,183,183,183,0
2022-03-29 14:36:00,183,183,183,183,0
2022-03-29 14:37:00,183,183,183,183,0
2022-03-29 14:38:00,183,183,183,183,0
2022-03-29 14:39:00,183,183,183,183,0
2022-03-29 14:40:00,183,183,183,183,0
2022-03-29 14:41:00,183,183,183,183,0
2022-03-29 14:42:00,183,183,183,183,0
2022-03-29 14:43:00,183,183,183,183,0
2022-03-29 14:44:00,183,183,183,183,0
2022-03-29 14:45:00,183,183,183,183,0
2022-03-29 14:46:00,183,183,183,183,0
2022-03-29 14:47:00,183,183,183,183,0
2022-03-29 14:48:00,183,183,183,183,0
2022-03-29 14:49:00,183,183,183,183,0
2022-03-29 14:50:00,183,183,183,183,0
2022-03-29 14:51:00,183,183,183,183,0
2022-03-29 14:52:00,183,183,183,183,0
2022-03-29 14:53:00,183,183,183,183,0
2022-03-29 14:54:00,183,183,183,183,0
2022-03-29 14:55:00,183,183,183,183,0
2022-03-29 14:56:00,183,183,183,183,0
2022-03-29 14:57:00,183,183,183,183,0
2022-03-29 14:58:00,183,183,183,183,0
2022-03-29 14:59:00,183,183,183,183,0
2022-03-29 15:00:00,183,183,183,183,0
2022-03-29 15:01:00,183,183,183,183,0
2022-03-29 15:02:00,183,183,183,183,0
2022-03-29 15:03:00,183,183,183,183,0
2022-03-29 15:04:00,183,183,183,183,0
2022-03-29 15:05:00,183,183,183,183,0
2022-03-29 15:06:00,183,183,183,183,0
2022-03-29 15:07:00,183,183,183,183,0
2022-03-29 15:08:00,183,183,183,183,0
2022-03-29 15:09:00,183,183,183,183,0
2022-03-29 15:10:00,183,183,183,183,0
2022-03-29 15:11:00,183,183,183,183,0
2022-03-29 15:12:00,183,183,183,183,0
2022-03-29 15:13:00,183,183,183,183,0
2022-03-29 15:14:00,183,183,183,183,0
2022-03-29 15:15:00,183,183,183,183,0
2022-03-29 15:16:00,183,183,183,183,0
2022-03-29 15:17:00,183,183,183,183,0
2022-03-29 15:18:00,183,183,183,183,0
2022-03-29 15:19:00,183,183,183,183,0
2022-03-29 15:20:00,183,183,183,183,0
2022-03-29 15:21:00,183,183,183,183,0
2022-03-29 15:22:00,183,183,183,183,0
2022-03-29 15:23:00,183,183,183,183,0
2022-03-29 15:24:00,183,183,183,183,0
2022-03-29 15:25:00,183,183,183,183,0
2022-03-29 15:26:00,183,183,183,183,0
2022-03-29 15:27:00,183,183,183,183,0
2022-03-29 15:28:00,183,183,183,183,0
2022-03-29 15:29:00,183,183,183,183,0
2022-03-29 15:30:00,183,183,183,183,0
2022-03-29 15:31:00,183,183,183,183,0
2022-03-29 15:32:00,183,183,183,183,0
2022-03-29 15:33:00,183,183,183,183,0
2022-03-29 15:34:00,183,183,183,183,0
2022-03-29 15:35:00,183,183,183,183,0
2022-03-29 15:36:00,183,183,183,183,0
2022-03-29 15:37:00,183,183,183,183,0
2022-03-29 15:38:00,183,183,183,183,0
2022-03-29 15:39:00,183,183,183,183,0
2022-03-29 15:40:00,183,183,183,183,0
2022-03-29 15:41:00,183,183,183,183,0
2022-03-29 15:42:00,183,183,183,183,0
2022-03-29 15:43:00,183,183,183,183,0
2022-03-29 15:44:00,183,183,183,183,0
2022-03-29 15:45:00,183,183,183,183,0
2022-03-29 15:46:00,183,183,183,183,0
2022-03-29 15:47:00,183,183,183,183,0
2022-03-29 15:48:00,183,183,183,183,0
2022-03-29 15:49:00,183,183,183,183,0
2022-03-29 15:50:00,183,183,183,183,0
2022-03-29 15:51:00,183,183,183,183,0
2022-03-29 15:52:00,183,183,183,183,0
2022-03-29 15:53:00,183,183,183,183,0
2022-03-29 15:54:00,183,183,183,183,0
2022-03-29 15:55:00,183,183,183,183,0
2022-03-29 15:56:00,183,183,183,183,0
2022-03-29 15:57:00,183,183,183,183,0
2022-03-29 15:58:00,183,183,183,183,0
2022-03-29 15:59:00,183,183,183,183,0
2022-03-30 09:00:00,183,183,184,183,0
2022-03-30 09:01:00,184,184,184,184,500
2022-03-30 09:02:00,184,184,184,184,100
2022-03-30 09:03:00,184,184,184,184,0
2022-03-30 09:04:00,184,184,184,184,400
2022-03-30 09:05:00,183,183,183,183,35000
2022-03-30 09:06:00,183,183,183,183,0
2022-03-30 09:07:00,183,183,183,183,10000
2022-03-30 09:08:00,183,183,183,183,0
2022-03-30 09:09:00,183,183,183,183,3000
2022-03-30 09:10:00,183,183,183,183,0
2022-03-30 09:11:00,183,183,183,183,39700
2022-03-30 09:12:00,184,183,184,183,4900
2022-03-30 09:13:00,183,183,183,183,400
2022-03-30 09:14:00,183,183,183,183,200
2022-03-30 09:15:00,184,184,184,184,100
2022-03-30 09:16:00,184,184,184,184,0
2022-03-30 09:17:00,184,184,184,184,0
2022-03-30 09:18:00,184,184,184,184,0
2022-03-30 09:19:00,184,183,184,183,60400
2022-03-30 09:20:00,183,183,183,183,12800
2022-03-30 09:21:00,183,183,183,183,0
2022-03-30 09:22:00,183,183,183,183,0
2022-03-30 09:23:00,183,183,183,183,26200
2022-03-30 09:24:00,183,183,183,183,0
2022-03-30 09:25:00,184,183,184,183,11800
2022-03-30 09:26:00,184,183,184,183,0
2022-03-30 09:27:00,184,183,184,183,0
2022-03-30 09:28:00,184,183,184,183,0
2022-03-30 09:29:00,183,183,183,183,2000
2022-03-30 09:30:00,183,183,183,183,0
2022-03-30 09:31:00,183,183,183,183,0
2022-03-30 09:32:00,183,183,183,183,0
2022-03-30 09:33:00,183,183,183,183,0
2022-03-30 09:34:00,183,183,183,183,0
2022-03-30 09:35:00,183,183,183,183,0
2022-03-30 09:36:00,183,183,183,183,0
2022-03-30 09:37:00,183,183,183,183,0
2022-03-30 09:38:00,183,183,183,183,0
2022-03-30 09:39:00,183,183,183,183,195900
2022-03-30 09:40:00,184,184,184,184,20000
2022-03-30 09:41:00,184,184,184,184,10000
2022-03-30 09:42:00,184,184,184,184,0
2022-03-30 09:43:00,184,184,184,184,0
2022-03-30 09:44:00,184,184,184,184,0
2022-03-30 09:45:00,183,183,183,183,108500
2022-03-30 09:46:00,183,183,183,183,0
2022-03-30 09:47:00,183,183,183,183,0
2022-03-30 09:48:00,183,183,183,183,0
2022-03-30 09:49:00,183,183,183,183,1000
2022-03-30 09:50:00,184,184,184,184,10500
2022-03-30 09:51:00,184,184,184,184,0
2022-03-30 09:52:00,184,184,184,184,0
2022-03-30 09:53:00,184,184,184,184,0
2022-03-30 09:54:00,184,184,184,184,8000
2022-03-30 09:55:00,184,184,184,184,0
2022-03-30 09:56:00,184,183,184,184,82700
2022-03-30 09:57:00,184,183,184,183,2000
2022-03-30 09:58:00,184,184,184,184,5000
2022-03-30 09:59:00,184,184,184,184,30300
2022-03-30 10:00:00,184,184,184,184,0
2022-03-30 10:01:00,183,183,183,183,11500
2022-03-30 10:02:00,183,183,183,183,0
2022-03-30 10:03:00,184,184,184,184,10000
2022-03-30 10:04:00,185,185,185,185,100
2022-03-30 10:05:00,185,185,185,185,0
2022-03-30 10:06:00,185,185,185,185,15000
2022-03-30 10:07:00,185,185,185,185,0
2022-03-30 10:08:00,185,185,185,185,0
2022-03-30 10:09:00,185,185,185,185,0
2022-03-30 10:10:00,185,185,185,185,0
2022-03-30 10:11:00,185,185,185,185,2500
2022-03-30 10:12:00,185,185,185,185,0
2022-03-30 10:13:00,184,184,184,184,28800
2022-03-30 10:14:00,184,184,184,184,1500
2022-03-30 10:15:00,184,184,184,184,0
2022-03-30 10:16:00,184,184,184,184,0
2022-03-30 10:17:00,184,184,184,184,0
2022-03-30 10:18:00,184,184,184,184,0
2022-03-30 10:19:00,184,184,184,184,0
2022-03-30 10:20:00,184,184,184,184,0
2022-03-30 10:21:00,184,184,184,184,0
2022-03-30 10:22:00,184,184,184,184,1000
2022-03-30 10:23:00,184,184,184,184,0
2022-03-30 10:24:00,184,184,184,184,0
2022-03-30 10:25:00,184,184,184,184,0
2022-03-30 10:26:00,184,184,184,184,0
2022-03-30 10:27:00,184,184,184,184,0
2022-03-30 10:28:00,184,184,184,184,90800
2022-03-30 10:29:00,184,184,184,184,0
2022-03-30 10:30:00,184,184,184,184,0
2022-03-30 10:31:00,184,184,184,184,111900
2022-03-30 10:32:00,184,184,184,184,0
2022-03-30 10:33:00,184,184,184,184,7000
2022-03-30 10:34:00,184,184,184,184,3500
2022-03-30 10:35:00,184,184,184,184,0
2022-03-30 10:36:00,184,184,184,184,0
2022-03-30 10:37:00,184,184,184,184,90500
2022-03-30 10:38:00,184,184,184,184,27900
2022-03-30 10:39:00,184,184,184,184,0
2022-03-30 10:40:00,184,184,184,184,0
2022-03-30 10:41:00,184,184,184,184,0
2022-03-30 10:42:00,184,184,184,184,7000
2022-03-30 10:43:00,184,184,184,184,3500
2022-03-30 10:44:00,185,184,185,184,71900
2022-03-30 10:45:00,184,183,184,183,65800
2022-03-30 10:46:00,184,184,184,184,100
2022-03-30 10:47:00,184,184,184,184,0
2022-03-30 10:48:00,184,184,184,184,0
2022-03-30 10:49:00,184,184,184,184,1000
2022-03-30 10:50:00,184,184,184,184,0
2022-03-30 10:51:00,184,184,184,184,0
2022-03-30 10:52:00,184,184,184,184,1200
2022-03-30 10:53:00,184,184,184,184,0
2022-03-30 10:54:00,184,184,184,184,0
2022-03-30 10:55:00,184,184,184,184,0
2022-03-30 10:56:00,184,184,184,184,0
2022-03-30 10:57:00,184,183,184,183,30000
2022-03-30 10:58:00,184,183,184,183,0
2022-03-30 10:59:00,184,183,184,183,0
2022-03-30 11:00:00,184,183,184,183,0
2022-03-30 11:01:00,184,183,184,183,0
2022-03-30 11:02:00,184,183,184,183,0
2022-03-30 11:03:00,184,183,184,183,0
2022-03-30 11:04:00,185,185,185,185,33800
2022-03-30 11:05:00,185,185,185,185,41500
2022-03-30 11:06:00,185,185,185,185,0
2022-03-30 11:07:00,185,185,185,185,0
2022-03-30 11:08:00,185,185,185,185,0
2022-03-30 11:09:00,185,185,185,185,0
2022-03-30 11:10:00,185,185,185,185,0
2022-03-30 11:11:00,185,185,185,185,0
2022-03-30 11:12:00,184,184,184,184,21200
2022-03-30 11:13:00,184,184,184,184,0
2022-03-30 11:14:00,184,184,184,184,0
2022-03-30 11:15:00,184,184,184,184,0
2022-03-30 11:16:00,184,184,184,184,0
2022-03-30 11:17:00,184,184,184,184,47100
2022-03-30 11:18:00,184,184,184,184,0
2022-03-30 11:19:00,184,183,184,183,125500
2022-03-30 11:20:00,183,183,183,183,300
2022-03-30 11:21:00,183,183,183,183,0
2022-03-30 11:22:00,183,183,183,183,0
2022-03-30 11:23:00,183,183,183,183,0
2022-03-30 11:24:00,183,183,183,183,0
2022-03-30 11:25:00,183,183,183,183,0
2022-03-30 11:26:00,183,182,183,182,573200
2022-03-30 11:27:00,182,182,182,182,10000
2022-03-30 11:28:00,182,182,182,182,0
2022-03-30 11:29:00,182,182,182,182,0
2022-03-30 11:30:00,182,182,182,182,0
2022-03-30 11:31:00,182,182,182,182,0
2022-03-30 11:32:00,182,182,182,182,0
2022-03-30 11:33:00,182,182,182,182,0
2022-03-30 11:34:00,182,182,182,182,0
2022-03-30 11:35:00,182,182,182,182,0
2022-03-30 11:36:00,182,182,182,182,0
2022-03-30 11:37:00,182,182,182,182,0
2022-03-30 11:38:00,182,182,182,182,0
2022-03-30 11:39:00,182,182,182,182,0
2022-03-30 11:40:00,182,182,182,182,0
2022-03-30 11:41:00,182,182,182,182,0
2022-03-30 11:42:00,182,182,182,182,0
2022-03-30 11:43:00,182,182,182,182,0
2022-03-30 11:44:00,182,182,182,182,0
2022-03-30 11:45:00,182,182,182,182,0
2022-03-30 11:46:00,182,182,182,182,0
2022-03-30 11:47:00,182,182,182,182,0
2022-03-30 11:48:00,182,182,182,182,0
2022-03-30 11:49:00,182,182,182,182,0
2022-03-30 11:50:00,182,182,182,182,0
2022-03-30 11:51:00,182,182,182,182,0
2022-03-30 11:52:00,182,182,182,182,0
2022-03-30 11:53:00,182,182,182,182,0
2022-03-30 11:54:00,182,182,182,182,0
2022-03-30 11:55:00,182,182,182,182,0
2022-03-30 11:56:00,182,182,182,182,0
2022-03-30 11:57:00,182,182,182,182,0
2022-03-30 11:58:00,182,182,182,182,0
2022-03-30 11:59:00,182,182,182,182,0
2022-03-30 12:00:00,182,182,182,182,0
2022-03-30 12:01:00,182,182,182,182,0
2022-03-30 12:02:00,182,182,182,182,0
2022-03-30 12:03:00,182,182,182,182,0
2022-03-30 12:04:00,182,182,182,182,0
2022-03-30 12:05:00,182,182,182,182,0
2022-03-30 12:06:00,182,182,182,182,0
2022-03-30 12:07:00,182,182,182,182,0
2022-03-30 12:08:00,182,182,182,182,0
2022-03-30 12:09:00,182,182,182,182,0
2022-03-30 12:10:00,182,182,182,182,0
2022-03-30 12:11:00,182,182,182,182,0
2022-03-30 12:12:00,182,182,182,182,0
2022-03-30 12:13:00,182,182,182,182,0
2022-03-30 12:14:00,182,182,182,182,0
2022-03-30 12:15:00,182,182,182,182,0
2022-03-30 12:16:00,182,182,182,182,0
2022-03-30 12:17:00,182,182,182,182,0
2022-03-30 12:18:00,182,182,182,182,0
2022-03-30 12:19:00,182,182,182,182,0
2022-03-30 12:20:00,182,182,182,182,0
2022-03-30 12:21:00,182,182,182,182,0
2022-03-30 12:22:00,182,182,182,182,0
2022-03-30 12:23:00,182,182,182,182,0
2022-03-30 12:24:00,182,182,182,182,0
2022-03-30 12:25:00,182,182,182,182,0
2022-03-30 12:26:00,182,182,182,182,0
2022-03-30 12:27:00,182,182,182,182,0
2022-03-30 12:28:00,182,182,182,182,0
2022-03-30 12:29:00,182,182,182,182,0
2022-03-30 12:30:00,182,182,182,182,0
2022-03-30 12:31:00,182,182,182,182,0
2022-03-30 12:32:00,182,182,182,182,0
2022-03-30 12:33:00,182,182,182,182,0
2022-03-30 12:34:00,182,182,182,182,0
2022-03-30 12:35:00,182,182,182,182,0
2022-03-30 12:36:00,182,182,182,182,0
2022-03-30 12:37:00,182,182,182,182,0
2022-03-30 12:38:00,182,182,182,182,0
2022-03-30 12:39:00,182,182,182,182,0
2022-03-30 12:40:00,182,182,182,182,0
2022-03-30 12:41:00,182,182,182,182,0
2022-03-30 12:42:00,182,182,182,182,0
2022-03-30 12:43:00,182,182,182,182,0
2022-03-30 12:44:00,182,182,182,182,0
2022-03-30 12:45:00,182,182,182,182,0
2022-03-30 12:46:00,182,182,182,182,0
2022-03-30 12:47:00,182,182,182,182,0
2022-03-30 12:48:00,182,182,182,182,0
2022-03-30 12:49:00,182,182,182,182,0
2022-03-30 12:50:00,182,182,182,182,0
2022-03-30 12:51:00,182,182,182,182,0
2022-03-30 12:52:00,182,182,182,182,0
2022-03-30 12:53:00,182,182,182,182,0
2022-03-30 12:54:00,182,182,182,182,0
2022-03-30 12:55:00,182,182,182,182,0
2022-03-30 12:56:00,182,182,182,182,0
2022-03-30 12:57:00,182,182,182,182,0
2022-03-30 12:58:00,182,182,182,182,0
2022-03-30 12:59:00,182,182,182,182,0
2022-03-30 13:00:00,182,182,182,182,0
2022-03-30 13:01:00,182,182,182,182,0
2022-03-30 13:02:00,182,182,182,182,0
2022-03-30 13:03:00,182,182,182,182,0
2022-03-30 13:04:00,182,182,182,182,0
2022-03-30 13:05:00,182,182,182,182,0
2022-03-30 13:06:00,182,182,182,182,0
2022-03-30 13:07:00,182,182,182,182,0
2022-03-30 13:08:00,182,182,182,182,0
2022-03-30 13:09:00,182,182,182,182,0
2022-03-30 13:10:00,182,182,182,182,0
2022-03-30 13:11:00,182,182,182,182,0
2022-03-30 13:12:00,182,182,182,182,0
2022-03-30 13:13:00,182,182,182,182,0
2022-03-30 13:14:00,182,182,182,182,0
2022-03-30 13:15:00,182,182,182,182,0
2022-03-30 13:16:00,182,182,182,182,0
2022-03-30 13:17:00,182,182,182,182,0
2022-03-30 13:18:00,182,182,182,182,0
2022-03-30 13:19:00,182,182,182,182,0
2022-03-30 13:20:00,182,182,182,182,0
2022-03-30 13:21:00,182,182,182,182,0
2022-03-30 13:22:00,182,182,182,182,0
2022-03-30 13:23:00,182,182,182,182,0
2022-03-30 13:24:00,182,182,182,182,0
2022-03-30 13:25:00,182,182,182,182,0
2022-03-30 13:26:00,182,182,182,182,0
2022-03-30 13:27:00,182,182,182,182,0
2022-03-30 13:28:00,182,182,182,182,0
2022-03-30 13:29:00,182,182,182,182,0
2022-03-30 13:30:00,183,183,183,183,500
2022-03-30 13:31:00,183,183,183,183,5400
2022-03-30 13:32:00,183,183,183,183,0
2022-03-30 13:33:00,183,183,183,183,0
2022-03-30 13:34:00,183,183,183,183,1500
2022-03-30 13:35:00,183,183,183,183,0
2022-03-30 13:36:00,183,183,184,184,3300
2022-03-30 13:37:00,184,184,184,184,1000
2022-03-30 13:38:00,184,184,184,184,0
2022-03-30 13:39:00,184,184,184,184,10200
2022-03-30 13:40:00,184,184,184,184,0
2022-03-30 13:41:00,184,184,184,184,0
2022-03-30 13:42:00,184,184,184,184,0
2022-03-30 13:43:00,184,184,184,184,0
2022-03-30 13:44:00,184,184,184,184,0
2022-03-30 13:45:00,183,182,183,182,14400
2022-03-30 13:46:00,183,182,183,182,0
2022-03-30 13:47:00,183,182,183,182,0
2022-03-30 13:48:00,183,182,183,182,0
2022-03-30 13:49:00,183,182,183,182,0
2022-03-30 13:50:00,183,182,183,182,0
2022-03-30 13:51:00,183,182,183,182,0
2022-03-30 13:52:00,183,182,183,182,0
2022-03-30 13:53:00,183,182,183,182,126000
2022-03-30 13:54:00,183,182,183,182,700
2022-03-30 13:55:00,183,182,183,182,0
2022-03-30 13:56:00,183,183,183,183,25400
2022-03-30 13:57:00,183,183,183,183,0
2022-03-30 13:58:00,183,183,183,183,0
2022-03-30 13:59:00,184,184,184,184,100
2022-03-30 14:00:00,183,183,183,183,59400
2022-03-30 14:01:00,183,183,183,183,0
2022-03-30 14:02:00,183,183,183,183,29100
2022-03-30 14:03:00,183,183,183,183,0
2022-03-30 14:04:00,182,182,182,182,400
2022-03-30 14:05:00,182,182,182,182,0
2022-03-30 14:06:00,183,182,183,182,3000
2022-03-30 14:07:00,183,182,183,182,0
2022-03-30 14:08:00,182,182,182,182,21700
2022-03-30 14:09:00,182,182,182,182,1100
2022-03-30 14:10:00,182,182,182,182,349100
2022-03-30 14:11:00,182,182,182,182,4000
2022-03-30 14:12:00,182,182,182,182,0
2022-03-30 14:13:00,182,182,182,182,0
2022-03-30 14:14:00,182,182,182,182,0
2022-03-30 14:15:00,182,182,182,182,167400
2022-03-30 14:16:00,182,182,182,182,15700
2022-03-30 14:17:00,182,182,182,182,34300
2022-03-30 14:18:00,182,182,182,182,200
2022-03-30 14:19:00,182,182,182,182,0
2022-03-30 14:20:00,182,182,182,182,0
2022-03-30 14:21:00,182,182,182,182,0
2022-03-30 14:22:00,182,182,182,182,50000
2022-03-30 14:23:00,182,182,182,182,0
2022-03-30 14:24:00,182,182,182,182,0
2022-03-30 14:25:00,182,182,182,182,0
2022-03-30 14:26:00,183,183,183,183,126000
2022-03-30 14:27:00,183,183,183,183,0
2022-03-30 14:28:00,183,183,183,183,0
2022-03-30 14:29:00,184,183,184,183,500
2022-03-30 14:30:00,183,183,183,183,50000
2022-03-30 14:31:00,183,183,183,183,0
2022-03-30 14:32:00,183,183,183,183,0
2022-03-30 14:33:00,183,183,183,183,0
2022-03-30 14:34:00,183,183,183,183,20100
2022-03-30 14:35:00,184,184,184,184,100
2022-03-30 14:36:00,183,183,184,184,134700
2022-03-30 14:37:00,183,183,184,184,0
2022-03-30 14:38:00,184,184,184,184,200
2022-03-30 14:39:00,184,184,184,184,0
2022-03-30 14:40:00,184,184,184,184,0
2022-03-30 14:41:00,184,184,184,184,400
2022-03-30 14:42:00,184,184,184,184,4400
2022-03-30 14:43:00,184,184,184,184,0
2022-03-30 14:44:00,184,183,184,183,3300
2022-03-30 14:45:00,184,183,184,183,0
2022-03-30 14:46:00,184,183,184,183,0
2022-03-30 14:47:00,184,183,184,183,0
2022-03-30 14:48:00,184,183,184,183,45400
2022-03-30 14:49:00,183,183,183,183,100000
2022-03-30 14:50:00,183,183,183,183,0
2022-03-30 14:51:00,183,183,183,183,0
2022-03-30 14:52:00,183,183,183,183,0
2022-03-30 14:53:00,183,183,183,183,0
2022-03-30 14:54:00,183,183,183,183,0
2022-03-30 14:55:00,183,183,183,183,0
2022-03-30 14:56:00,183,183,183,183,0
2022-03-30 14:57:00,183,183,183,183,0
2022-03-30 14:58:00,183,183,183,183,0
2022-03-30 14:59:00,183,183,183,183,0
2022-03-30 15:00:00,184,184,184,184,342800
2022-03-30 15:01:00,184,184,184,184,1000
2022-03-30 15:02:00,184,184,184,184,0
2022-03-30 15:03:00,184,184,184,184,0
2022-03-30 15:04:00,184,184,184,184,0
2022-03-30 15:05:00,184,184,184,184,0
2022-03-30 15:06:00,184,184,184,184,0
2022-03-30 15:07:00,184,184,184,184,0
2022-03-30 15:08:00,184,184,184,184,100
2022-03-30 15:09:00,184,184,184,184,0
2022-03-30 15:10:00,184,184,184,184,0
2022-03-30 15:11:00,184,184,184,184,0
2022-03-30 15:12:00,184,184,184,184,0
2022-03-30 15:13:00,184,184,184,184,87200
2022-03-30 15:14:00,184,184,184,184,300
2022-03-30 15:15:00,184,184,184,184,0
2022-03-30 15:16:00,184,184,184,184,0
2022-03-30 15:17:00,184,184,184,184,0
2022-03-30 15:18:00,184,184,184,184,0
2022-03-30 15:19:00,184,184,184,184,0
2022-03-30 15:20:00,184,184,184,184,0
2022-03-30 15:21:00,184,184,184,184,0
2022-03-30 15:22:00,184,184,184,184,0
2022-03-30 15:23:00,184,184,184,184,0
2022-03-30 15:24:00,184,184,184,184,0
2022-03-30 15:25:00,184,184,184,184,0
2022-03-30 15:26:00,184,184,184,184,0
2022-03-30 15:27:00,184,184,184,184,0
2022-03-30 15:28:00,184,184,184,184,0
2022-03-30 15:29:00,184,184,184,184,0
2022-03-30 15:30:00,184,184,184,184,0
2022-03-30 15:31:00,184,184,184,184,0
2022-03-30 15:32:00,184,184,184,184,0
2022-03-30 15:33:00,184,184,184,184,0
2022-03-30 15:34:00,184,184,184,184,0
2022-03-30 15:35:00,184,184,184,184,0
2022-03-30 15:36:00,184,184,184,184,0
2022-03-30 15:37:00,184,184,184,184,0
2022-03-30 15:38:00,184,184,184,184,0
2022-03-30 15:39:00,184,184,184,184,0
2022-03-30 15:40:00,184,184,184,184,0
2022-03-30 15:41:00,184,184,184,184,0
2022-03-30 15:42:00,184,184,184,184,0
2022-03-30 15:43:00,184,184,184,184,0
2022-03-30 15:44:00,184,184,184,184,0
2022-03-30 15:45:00,184,184,184,184,0
2022-03-30 15:46:00,184,184,184,184,0
2022-03-30 15:47:00,184,184,184,184,0
2022-03-30 15:48:00,184,184,184,184,0
2022-03-30 15:49:00,184,184,184,184,0
2022-03-30 15:50:00,184,184,184,184,0
2022-03-30 15:51:00,184,184,184,184,0
2022-03-30 15:52:00,184,184,184,184,0
2022-03-30 15:53:00,184,184,184,184,0
2022-03-30 15:54:00,184,184,184,184,0
2022-03-30 15:55:00,184,184,184,184,0
2022-03-30 15:56:00,184,184,184,184,0
2022-03-30 15:57:00,184,184,184,184,0
2022-03-30 15:58:00,184,184,184,184,0
2022-03-30 15:59:00,184,184,184,184,0
2022-03-31 09:00:00,184,184,186,185,0
2022-03-31 09:01:00,185,185,185,185,9700
2022-03-31 09:02:00,185,185,185,185,0
2022-03-31 09:03:00,185,185,185,185,30400
2022-03-31 09:04:00,185,185,185,185,0
2022-03-31 09:05:00,185,185,185,185,84100
2022-03-31 09:06:00,185,185,185,185,0
2022-03-31 09:07:00,185,185,185,185,21400
2022-03-31 09:08:00,185,185,185,185,0
2022-03-31 09:09:00,185,185,185,185,5000
2022-03-31 09:10:00,185,185,185,185,0
2022-03-31 09:11:00,185,185,185,185,0
2022-03-31 09:12:00,185,185,185,185,10000
2022-03-31 09:13:00,185,185,185,185,92600
2022-03-31 09:14:00,185,185,185,185,0
2022-03-31 09:15:00,184,184,184,184,100
2022-03-31 09:16:00,184,184,184,184,0
2022-03-31 09:17:00,184,184,184,184,0
2022-03-31 09:18:00,185,185,185,185,1700
2022-03-31 09:19:00,184,184,184,184,340000
2022-03-31 09:20:00,185,185,185,185,100
2022-03-31 09:21:00,185,185,185,185,900
2022-03-31 09:22:00,185,185,185,185,0
2022-03-31 09:23:00,185,185,185,185,3300
2022-03-31 09:24:00,185,185,185,185,6000
2022-03-31 09:25:00,185,185,185,185,0
2022-03-31 09:26:00,185,185,185,185,0
2022-03-31 09:27:00,184,184,184,184,63000
2022-03-31 09:28:00,184,184,184,184,5000
2022-03-31 09:29:00,184,184,184,184,15700
2022-03-31 09:30:00,184,184,184,184,55900
2022-03-31 09:31:00,184,184,184,184,20000
2022-03-31 09:32:00,184,184,184,184,5800
2022-03-31 09:33:00,184,184,184,184,2000
2022-03-31 09:34:00,184,184,184,184,0
2022-03-31 09:35:00,184,184,184,184,0
2022-03-31 09:36:00,184,184,184,184,52200
2022-03-31 09:37:00,184,184,184,184,11100
2022-03-31 09:38:00,183,183,183,183,84600
2022-03-31 09:39:00,183,183,183,183,100
2022-03-31 09:40:00,184,184,184,184,10000
2022-03-31 09:41:00,184,184,184,184,0
2022-03-31 09:42:00,184,184,184,184,0
2022-03-31 09:43:00,184,184,184,184,0
2022-03-31 09:44:00,184,184,184,184,0
2022-03-31 09:45:00,184,184,184,184,0
2022-03-31 09:46:00,184,184,184,184,0
2022-03-31 09:47:00,184,184,184,184,10000
2022-03-31 09:48:00,184,184,184,184,2500
2022-03-31 09:49:00,184,184,184,184,1000
2022-03-31 09:50:00,184,184,184,184,0
2022-03-31 09:51:00,184,184,184,184,0
2022-03-31 09:52:00,184,184,184,184,2100
2022-03-31 09:53:00,184,184,184,184,0
2022-03-31 09:54:00,184,184,184,184,3000
2022-03-31 09:55:00,184,184,184,184,1000
2022-03-31 09:56:00,184,184,184,184,0
2022-03-31 09:57:00,184,184,184,184,0
2022-03-31 09:58:00,184,184,184,184,2500
2022-03-31 09:59:00,184,184,184,184,0
2022-03-31 10:00:00,184,184,184,184,14000
2022-03-31 10:01:00,184,184,184,184,0
2022-03-31 10:02:00,184,184,184,184,1000
2022-03-31 10:03:00,184,184,184,184,4900
2022-03-31 10:04:00,184,184,184,184,0
2022-03-31 10:05:00,184,184,184,184,0
2022-03-31 10:06:00,184,184,184,184,0
2022-03-31 10:07:00,184,184,184,184,0
2022-03-31 10:08:00,184,184,184,184,6800
2022-03-31 10:09:00,185,185,185,185,3000
2022-03-31 10:10:00,184,184,184,184,6000
2022-03-31 10:11:00,184,184,184,184,0
2022-03-31 10:12:00,184,184,184,184,0
2022-03-31 10:13:00,184,184,184,184,19700
2022-03-31 10:14:00,184,184,184,184,0
2022-03-31 10:15:00,183,183,185,185,600
2022-03-31 10:16:00,183,183,185,185,0
2022-03-31 10:17:00,183,183,185,185,0
2022-03-31 10:18:00,183,183,185,185,0
2022-03-31 10:19:00,183,183,185,185,0
2022-03-31 10:20:00,185,185,185,185,120500
2022-03-31 10:21:00,185,185,185,185,20800
2022-03-31 10:22:00,185,185,185,185,5100
2022-03-31 10:23:00,185,185,185,185,0
2022-03-31 10:24:00,185,185,185,185,0
2022-03-31 10:25:00,185,185,185,185,1000
2022-03-31 10:26:00,185,185,185,185,0
2022-03-31 10:27:00,185,185,185,185,0
2022-03-31 10:28:00,185,185,185,185,100000
2022-03-31 10:29:00,185,185,185,185,0
2022-03-31 10:30:00,185,185,185,185,0
2022-03-31 10:31:00,185,185,185,185,0
2022-03-31 10:32:00,185,185,185,185,5000
2022-03-31 10:33:00,185,185,185,185,49200
2022-03-31 10:34:00,184,184,184,184,18000
2022-03-31 10:35:00,184,184,184,184,26800
2022-03-31 10:36:00,184,184,184,184,0
2022-03-31 10:37:00,184,184,184,184,32800
2022-03-31 10:38:00,184,184,184,184,0
2022-03-31 10:39:00,184,184,184,184,0
2022-03-31 10:40:00,184,184,184,184,0
2022-03-31 10:41:00,184,184,184,184,0
2022-03-31 10:42:00,184,184,184,184,5000
2022-03-31 10:43:00,184,184,184,184,0
2022-03-31 10:44:00,184,184,184,184,0
2022-03-31 10:45:00,184,184,184,184,0
2022-03-31 10:46:00,184,184,184,184,4500
2022-03-31 10:47:00,184,184,184,184,0
2022-03-31 10:48:00,184,184,184,184,5000
2022-03-31 10:49:00,184,184,185,185,1000
2022-03-31 10:50:00,184,184,185,185,0
2022-03-31 10:51:00,184,184,185,185,0
2022-03-31 10:52:00,184,184,185,185,0
2022-03-31 10:53:00,184,184,185,185,0
2022-03-31 10:54:00,184,184,185,185,0
2022-03-31 10:55:00,184,184,185,185,0
2022-03-31 10:56:00,184,184,185,185,0
2022-03-31 10:57:00,184,184,185,185,0
2022-03-31 10:58:00,184,184,185,185,0
2022-03-31 10:59:00,184,184,185,185,0
2022-03-31 11:00:00,184,184,185,185,0
2022-03-31 11:01:00,184,184,184,184,30700
2022-03-31 11:02:00,184,184,184,184,5200
2022-03-31 11:03:00,184,184,184,184,0
2022-03-31 11:04:00,184,184,184,184,0
2022-03-31 11:05:00,184,184,184,184,0
2022-03-31 11:06:00,184,184,184,184,0
2022-03-31 11:07:00,184,184,184,184,0
2022-03-31 11:08:00,184,184,184,184,0
2022-03-31 11:09:00,184,184,184,184,0
2022-03-31 11:10:00,184,184,184,184,0
2022-03-31 11:11:00,184,184,184,184,0
2022-03-31 11:12:00,184,184,184,184,0
2022-03-31 11:13:00,184,184,184,184,0
2022-03-31 11:14:00,184,184,184,184,0
2022-03-31 11:15:00,184,184,184,184,0
2022-03-31 11:16:00,184,184,184,184,10000
2022-03-31 11:17:00,184,184,184,184,0
2022-03-31 11:18:00,184,184,184,184,0
2022-03-31 11:19:00,185,185,185,185,100
2022-03-31 11:20:00,185,185,185,185,0
2022-03-31 11:21:00,185,185,185,185,0
2022-03-31 11:22:00,184,184,184,184,10000
2022-03-31 11:23:00,184,184,184,184,1500
2022-03-31 11:24:00,184,184,184,184,0
2022-03-31 11:25:00,184,184,184,184,0
2022-03-31 11:26:00,184,184,184,184,800
2022-03-31 11:27:00,184,184,184,184,0
2022-03-31 11:28:00,184,184,184,184,0
2022-03-31 11:29:00,184,184,184,184,0
2022-03-31 11:30:00,184,184,184,184,0
2022-03-31 11:31:00,184,184,184,184,0
2022-03-31 11:32:00,184,184,184,184,0
2022-03-31 11:33:00,184,184,184,184,0
2022-03-31 11:34:00,184,184,184,184,0
2022-03-31 11:35:00,184,184,184,184,0
2022-03-31 11:36:00,184,184,184,184,0
2022-03-31 11:37:00,184,184,184,184,0
2022-03-31 11:38:00,184,184,184,184,0
2022-03-31 11:39:00,184,184,184,184,0
2022-03-31 11:40:00,184,184,184,184,0
2022-03-31 11:41:00,184,184,184,184,0
2022-03-31 11:42:00,184,184,184,184,0
2022-03-31 11:43:00,184,184,184,184,0
2022-03-31 11:44:00,184,184,184,184,0
2022-03-31 11:45:00,184,184,184,184,0
2022-03-31 11:46:00,184,184,184,184,0
2022-03-31 11:47:00,184,184,184,184,0
2022-03-31 11:48:00,184,184,184,184,0
2022-03-31 11:49:00,184,184,184,184,0
2022-03-31 11:50:00,184,184,184,184,0
2022-03-31 11:51:00,184,184,184,184,0
2022-03-31 11:52:00,184,184,184,184,0
2022-03-31 11:53:00,184,184,184,184,0
2022-03-31 11:54:00,184,184,184,184,0
2022-03-31 11:55:00,184,184,184,184,0
2022-03-31 11:56:00,184,184,184,184,0
2022-03-31 11:57:00,184,184,184,184,0
2022-03-31 11:58:00,184,184,184,184,0
2022-03-31 11:59:00,184,184,184,184,0
2022-03-31 12:00:00,184,184,184,184,0
2022-03-31 12:01:00,184,184,184,184,0
2022-03-31 12:02:00,184,184,184,184,0
2022-03-31 12:03:00,184,184,184,184,0
2022-03-31 12:04:00,184,184,184,184,0
2022-03-31 12:05:00,184,184,184,184,0
2022-03-31 12:06:00,184,184,184,184,0
2022-03-31 12:07:00,184,184,184,184,0
2022-03-31 12:08:00,184,184,184,184,0
2022-03-31 12:09:00,184,184,184,184,0
2022-03-31 12:10:00,184,184,184,184,0
2022-03-31 12:11:00,184,184,184,184,0
2022-03-31 12:12:00,184,184,184,184,0
2022-03-31 12:13:00,184,184,184,184,0
2022-03-31 12:14:00,184,184,184,184,0
2022-03-31 12:15:00,184,184,184,184,0
2022-03-31 12:16:00,184,184,184,184,0
2022-03-31 12:17:00,184,184,184,184,0
2022-03-31 12:18:00,184,184,184,184,0
2022-03-31 12:19:00,184,184,184,184,0
2022-03-31 12:20:00,184,184,184,184,0
2022-03-31 12:21:00,184,184,184,184,0
2022-03-31 12:22:00,184,184,184,184,0
2022-03-31 12:23:00,184,184,184,184,0
2022-03-31 12:24:00,184,184,184,184,0
2022-03-31 12:25:00,184,184,184,184,0
2022-03-31 12:26:00,184,184,184,184,0
2022-03-31 12:27:00,184,184,184,184,0
2022-03-31 12:28:00,184,184,184,184,0
2022-03-31 12:29:00,184,184,184,184,0
2022-03-31 12:30:00,184,184,184,184,0
2022-03-31 12:31:00,184,184,184,184,0
2022-03-31 12:32:00,184,184,184,184,0
2022-03-31 12:33:00,184,184,184,184,0
2022-03-31 12:34:00,184,184,184,184,0
2022-03-31 12:35:00,184,184,184,184,0
2022-03-31 12:36:00,184,184,184,184,0
2022-03-31 12:37:00,184,184,184,184,0
2022-03-31 12:38:00,184,184,184,184,0
2022-03-31 12:39:00,184,184,184,184,0
2022-03-31 12:40:00,184,184,184,184,0
2022-03-31 12:41:00,184,184,184,184,0
2022-03-31 12:42:00,184,184,184,184,0
2022-03-31 12:43:00,184,184,184,184,0
2022-03-31 12:44:00,184,184,184,184,0
2022-03-31 12:45:00,184,184,184,184,0
2022-03-31 12:46:00,184,184,184,184,0
2022-03-31 12:47:00,184,184,184,184,0
2022-03-31 12:48:00,184,184,184,184,0
2022-03-31 12:49:00,184,184,184,184,0
2022-03-31 12:50:00,184,184,184,184,0
2022-03-31 12:51:00,184,184,184,184,0
2022-03-31 12:52:00,184,184,184,184,0
2022-03-31 12:53:00,184,184,184,184,0
2022-03-31 12:54:00,184,184,184,184,0
2022-03-31 12:55:00,184,184,184,184,0
2022-03-31 12:56:00,184,184,184,184,0
2022-03-31 12:57:00,184,184,184,184,0
2022-03-31 12:58:00,184,184,184,184,0
2022-03-31 12:59:00,184,184,184,184,0
2022-03-31 13:00:00,184,184,184,184,0
2022-03-31 13:01:00,184,184,184,184,0
2022-03-31 13:02:00,184,184,184,184,0
2022-03-31 13:03:00,184,184,184,184,0
2022-03-31 13:04:00,184,184,184,184,0
2022-03-31 13:05:00,184,184,184,184,0
2022-03-31 13:06:00,184,184,184,184,0
2022-03-31 13:07:00,184,184,184,184,0
2022-03-31 13:08:00,184,184,184,184,0
2022-03-31 13:09:00,184,184,184,184,0
2022-03-31 13:10:00,184,184,184,184,0
2022-03-31 13:11:00,184,184,184,184,0
2022-03-31 13:12:00,184,184,184,184,0
2022-03-31 13:13:00,184,184,184,184,0
2022-03-31 13:14:00,184,184,184,184,0
2022-03-31 13:15:00,184,184,184,184,0
2022-03-31 13:16:00,184,184,184,184,0
2022-03-31 13:17:00,184,184,184,184,0
2022-03-31 13:18:00,184,184,184,184,0
2022-03-31 13:19:00,184,184,184,184,0
2022-03-31 13:20:00,184,184,184,184,0
2022-03-31 13:21:00,184,184,184,184,0
2022-03-31 13:22:00,184,184,184,184,0
2022-03-31 13:23:00,184,184,184,184,0
2022-03-31 13:24:00,184,184,184,184,0
2022-03-31 13:25:00,184,184,184,184,0
2022-03-31 13:26:00,184,184,184,184,0
2022-03-31 13:27:00,184,184,184,184,0
2022-03-31 13:28:00,184,184,184,184,0
2022-03-31 13:29:00,184,184,184,184,0
2022-03-31 13:30:00,184,184,184,184,54500
2022-03-31 13:31:00,184,184,184,184,0
2022-03-31 13:32:00,184,184,184,184,23300
2022-03-31 13:33:00,184,184,184,184,0
2022-03-31 13:34:00,184,184,184,184,0
2022-03-31 13:35:00,184,184,184,184,0
2022-03-31 13:36:00,184,184,184,184,0
2022-03-31 13:37:00,184,184,184,184,0
2022-03-31 13:38:00,184,184,184,184,0
2022-03-31 13:39:00,184,184,184,184,0
2022-03-31 13:40:00,184,184,184,184,0
2022-03-31 13:41:00,184,184,184,184,100
2022-03-31 13:42:00,184,184,184,184,400
2022-03-31 13:43:00,184,184,184,184,0
2022-03-31 13:44:00,184,184,184,184,0
2022-03-31 13:45:00,184,184,184,184,0
2022-03-31 13:46:00,184,184,184,184,0
2022-03-31 13:47:00,184,183,184,183,900
2022-03-31 13:48:00,184,183,184,183,0
2022-03-31 13:49:00,183,183,183,183,500
2022-03-31 13:50:00,183,183,183,183,0
2022-03-31 13:51:00,183,183,183,183,0
2022-03-31 13:52:00,183,183,183,183,0
2022-03-31 13:53:00,183,183,184,184,366400
2022-03-31 13:54:00,183,183,184,184,0
2022-03-31 13:55:00,185,185,185,185,277500
2022-03-31 13:56:00,185,185,185,185,0
2022-03-31 13:57:00,186,186,187,187,481000
2022-03-31 13:58:00,187,187,188,188,810400
2022-03-31 13:59:00,188,188,190,190,3138400
2022-03-31 14:00:00,190,187,190,188,1505700
2022-03-31 14:01:00,187,187,188,188,388700
2022-03-31 14:02:00,187,186,188,187,231600
2022-03-31 14:03:00,187,186,187,186,45500
2022-03-31 14:04:00,186,186,187,186,249400
2022-03-31 14:05:00,186,186,187,186,15800
2022-03-31 14:06:00,187,186,187,186,37700
2022-03-31 14:07:00,186,186,186,186,22000
2022-03-31 14:08:00,185,185,186,186,52400
2022-03-31 14:09:00,186,186,186,186,50000
2022-03-31 14:10:00,186,186,186,186,85500
2022-03-31 14:11:00,186,185,186,185,54200
2022-03-31 14:12:00,185,185,186,185,119000
2022-03-31 14:13:00,185,185,186,185,0
2022-03-31 14:14:00,185,185,186,186,399500
2022-03-31 14:15:00,185,185,185,185,27300
2022-03-31 14:16:00,185,185,186,185,233000
2022-03-31 14:17:00,184,184,185,185,129000
2022-03-31 14:18:00,185,184,185,184,57700
2022-03-31 14:19:00,185,185,185,185,6500
2022-03-31 14:20:00,184,184,184,184,14900
2022-03-31 14:21:00,184,184,185,185,55400
2022-03-31 14:22:00,184,184,185,185,4400
2022-03-31 14:23:00,184,184,184,184,100
2022-03-31 14:24:00,184,184,184,184,0
2022-03-31 14:25:00,184,184,184,184,100500
2022-03-31 14:26:00,184,184,184,184,10300
2022-03-31 14:27:00,184,184,185,185,10600
2022-03-31 14:28:00,184,184,185,185,0
2022-03-31 14:29:00,184,184,185,185,205500
2022-03-31 14:30:00,184,184,185,185,0
2022-03-31 14:31:00,184,184,184,184,305000
2022-03-31 14:32:00,184,184,184,184,315000
2022-03-31 14:33:00,184,184,184,184,100000
2022-03-31 14:34:00,184,184,184,184,6300
2022-03-31 14:35:00,185,185,185,185,5000
2022-03-31 14:36:00,185,185,185,185,0
2022-03-31 14:37:00,184,184,184,184,200
2022-03-31 14:38:00,184,184,184,184,20000
2022-03-31 14:39:00,185,185,185,185,10000
2022-03-31 14:40:00,184,184,184,184,20000
2022-03-31 14:41:00,184,184,184,184,500
2022-03-31 14:42:00,184,184,184,184,0
2022-03-31 14:43:00,184,184,184,184,0
2022-03-31 14:44:00,185,184,185,184,30800
2022-03-31 14:45:00,185,184,185,184,0
2022-03-31 14:46:00,184,184,184,184,5600
2022-03-31 14:47:00,184,183,184,183,500000
2022-03-31 14:48:00,183,183,184,184,7900
2022-03-31 14:49:00,184,184,184,184,12500
2022-03-31 14:50:00,184,184,184,184,0
2022-03-31 14:51:00,184,184,184,184,0
2022-03-31 14:52:00,184,184,184,184,0
2022-03-31 14:53:00,184,184,184,184,0
2022-03-31 14:54:00,184,184,184,184,0
2022-03-31 14:55:00,184,184,184,184,0
2022-03-31 14:56:00,184,184,184,184,0
2022-03-31 14:57:00,184,184,184,184,0
2022-03-31 14:58:00,184,184,184,184,0
2022-03-31 14:59:00,184,184,184,184,0
2022-03-31 15:00:00,185,185,185,185,32300
2022-03-31 15:01:00,185,185,185,185,50900
2022-03-31 15:02:00,185,185,185,185,100000
2022-03-31 15:03:00,185,185,185,185,21900
2022-03-31 15:04:00,185,185,185,185,300
2022-03-31 15:05:00,185,185,185,185,1300
2022-03-31 15:06:00,185,185,185,185,0
2022-03-31 15:07:00,185,185,185,185,0
2022-03-31 15:08:00,185,185,185,185,0
2022-03-31 15:09:00,185,185,185,185,7000
2022-03-31 15:10:00,185,185,185,185,6400
2022-03-31 15:11:00,185,185,185,185,1500
2022-03-31 15:12:00,185,185,185,185,0
2022-03-31 15:13:00,185,185,185,185,0
2022-03-31 15:14:00,185,185,185,185,50000
2022-03-31 15:15:00,185,185,185,185,0
2022-03-31 15:16:00,185,185,185,185,0
2022-03-31 15:17:00,185,185,185,185,0
2022-03-31 15:18:00,185,185,185,185,0
2022-03-31 15:19:00,185,185,185,185,0
2022-03-31 15:20:00,185,185,185,185,0
2022-03-31 15:21:00,185,185,185,185,0
2022-03-31 15:22:00,185,185,185,185,0
2022-03-31 15:23:00,185,185,185,185,0
2022-03-31 15:24:00,185,185,185,185,0
2022-03-31 15:25:00,185,185,185,185,0
2022-03-31 15:26:00,185,185,185,185,0
2022-03-31 15:27:00,185,185,185,185,0
2022-03-31 15:28:00,185,185,185,185,0
2022-03-31 15:29:00,185,185,185,185,0
2022-03-31 15:30:00,185,185,185,185,0
2022-03-31 15:31:00,185,185,185,185,0
2022-03-31 15:32:00,185,185,185,185,0
2022-03-31 15:33:00,185,185,185,185,0
2022-03-31 15:34:00,185,185,185,185,0
2022-03-31 15:35:00,185,185,185,185,0
2022-03-31 15:36:00,185,185,185,185,0
2022-03-31 15:37:00,185,185,185,185,0
2022-03-31 15:38:00,185,185,185,185,0
2022-03-31 15:39:00,185,185,185,185,0
2022-03-31 15:40:00,185,185,185,185,0
2022-03-31 15:41:00,185,185,185,185,0
2022-03-31 15:42:00,185,185,185,185,0
2022-03-31 15:43:00,185,185,185,185,0
2022-03-31 15:44:00,185,185,185,185,0
2022-03-31 15:45:00,185,185,185,185,0
2022-03-31 15:46:00,185,185,185,185,0
2022-03-31 15:47:00,185,185,185,185,0
2022-03-31 15:48:00,185,185,185,185,0
2022-03-31 15:49:00,185,185,185,185,0
2022-03-31 15:50:00,185,185,185,185,0
2022-03-31 15:51:00,185,185,185,185,0
2022-03-31 15:52:00,185,185,185,185,0
2022-03-31 15:53:00,185,185,185,185,0
2022-03-31 15:54:00,185,185,185,185,0
2022-03-31 15:55:00,185,185,185,185,0
2022-03-31 15:56:00,185,185,185,185,0
2022-03-31 15:57:00,185,185,185,185,0
2022-03-31 15:58:00,185,185,185,185,0
2022-03-31 15:59:00,185,185,185,185,0
2022-04-01 09:00:00,185,184,185,185,0
2022-04-01 09:01:00,185,184,185,185,0
2022-04-01 09:02:00,185,184,185,185,0
2022-04-01 09:03:00,184,184,184,184,1300
2022-04-01 09:04:00,184,184,184,184,0
2022-04-01 09:05:00,185,185,185,185,2000
2022-04-01 09:06:00,184,184,184,184,500
2022-04-01 09:07:00,184,184,184,184,0
2022-04-01 09:08:00,184,184,184,184,1000
2022-04-01 09:09:00,185,185,185,185,400
2022-04-01 09:10:00,185,185,185,185,6800
2022-04-01 09:11:00,185,185,185,185,0
2022-04-01 09:12:00,184,184,184,184,200
2022-04-01 09:13:00,184,184,184,184,100
2022-04-01 09:14:00,184,184,184,184,0
2022-04-01 09:15:00,184,184,184,184,0
2022-04-01 09:16:00,184,184,184,184,0
2022-04-01 09:17:00,184,184,184,184,0
2022-04-01 09:18:00,184,184,184,184,100
2022-04-01 09:19:00,184,184,184,184,0
2022-04-01 09:20:00,185,185,185,185,200
2022-04-01 09:21:00,185,185,185,185,0
2022-04-01 09:22:00,185,184,185,184,2400
2022-04-01 09:23:00,184,184,185,185,71800
2022-04-01 09:24:00,185,185,185,185,1000
2022-04-01 09:25:00,185,185,185,185,2000
2022-04-01 09:26:00,185,185,185,185,0
2022-04-01 09:27:00,184,184,184,184,30500
2022-04-01 09:28:00,184,184,184,184,1000
2022-04-01 09:29:00,184,184,184,184,10600
2022-04-01 09:30:00,184,184,184,184,500
2022-04-01 09:31:00,184,184,184,184,0
2022-04-01 09:32:00,184,184,184,184,22400
2022-04-01 09:33:00,184,184,184,184,0
2022-04-01 09:34:00,184,184,184,184,0
2022-04-01 09:35:00,184,184,184,184,0
2022-04-01 09:36:00,184,184,184,184,0
2022-04-01 09:37:00,184,184,184,184,98900
2022-04-01 09:38:00,184,184,184,184,12900
2022-04-01 09:39:00,184,184,184,184,2000
2022-04-01 09:40:00,184,184,184,184,0
2022-04-01 09:41:00,184,184,184,184,11000
2022-04-01 09:42:00,184,184,184,184,2000
2022-04-01 09:43:00,184,184,184,184,1700
2022-04-01 09:44:00,184,184,184,184,0
2022-04-01 09:45:00,184,184,184,184,0
2022-04-01 09:46:00,184,184,184,184,0
2022-04-01 09:47:00,184,184,184,184,460200
2022-04-01 09:48:00,183,183,183,183,85600
2022-04-01 09:49:00,183,183,183,183,0
2022-04-01 09:50:00,183,183,183,183,0
2022-04-01 09:51:00,183,183,183,183,0
2022-04-01 09:52:00,183,183,183,183,0
2022-04-01 09:53:00,183,183,183,183,2500
2022-04-01 09:54:00,183,183,183,183,0
2022-04-01 09:55:00,183,183,184,184,653300
2022-04-01 09:56:00,183,183,184,184,0
2022-04-01 09:57:00,184,184,184,184,12300
2022-04-01 09:58:00,183,183,183,183,400
2022-04-01 09:59:00,183,183,183,183,0
2022-04-01 10:00:00,183,183,183,183,0
2022-04-01 10:01:00,184,184,184,184,500
2022-04-01 10:02:00,184,184,184,184,0
2022-04-01 10:03:00,184,184,184,184,15000
2022-04-01 10:04:00,184,184,184,184,1000
2022-04-01 10:05:00,184,184,184,184,7300
2022-04-01 10:06:00,184,184,184,184,0
2022-04-01 10:07:00,184,184,184,184,3500
2022-04-01 10:08:00,184,184,184,184,4000
2022-04-01 10:09:00,184,184,184,184,200
2022-04-01 10:10:00,184,184,184,184,0
2022-04-01 10:11:00,184,184,184,184,0
2022-04-01 10:12:00,184,184,184,184,500
2022-04-01 10:13:00,184,184,184,184,0
2022-04-01 10:14:00,184,184,184,184,0
2022-04-01 10:15:00,184,184,184,184,0
2022-04-01 10:16:00,184,184,184,184,0
2022-04-01 10:17:00,184,184,184,184,0
2022-04-01 10:18:00,184,184,184,184,16300
2022-04-01 10:19:00,184,184,184,184,0
2022-04-01 10:20:00,184,184,185,185,9500
2022-04-01 10:21:00,184,184,185,185,0
2022-04-01 10:22:00,185,185,185,185,5000
2022-04-01 10:23:00,184,184,184,184,200000
2022-04-01 10:24:00,184,184,184,184,0
2022-04-01 10:25:00,184,184,184,184,0
2022-04-01 10:26:00,184,184,184,184,0
2022-04-01 10:27:00,184,184,184,184,0
2022-04-01 10:28:00,185,184,185,184,77100
2022-04-01 10:29:00,184,184,184,184,26600
2022-04-01 10:30:00,184,184,184,184,0
2022-04-01 10:31:00,184,184,184,184,0
2022-04-01 10:32:00,184,184,184,184,0
2022-04-01 10:33:00,184,184,184,184,0
2022-04-01 10:34:00,184,184,184,184,0
2022-04-01 10:35:00,184,184,184,184,0
2022-04-01 10:36:00,184,184,184,184,0
2022-04-01 10:37:00,184,184,184,184,0
2022-04-01 10:38:00,184,184,184,184,0
2022-04-01 10:39:00,184,184,184,184,0
2022-04-01 10:40:00,184,184,184,184,0
2022-04-01 10:41:00,184,184,184,184,0
2022-04-01 10:42:00,184,184,184,184,60400
2022-04-01 10:43:00,184,184,184,184,0
2022-04-01 10:44:00,184,184,184,184,0
2022-04-01 10:45:00,184,184,184,184,0
2022-04-01 10:46:00,184,184,184,184,0
2022-04-01 10:47:00,184,184,184,184,0
2022-04-01 10:48:00,184,184,184,184,0
2022-04-01 10:49:00,184,184,184,184,500
2022-04-01 10:50:00,184,184,184,184,0
2022-04-01 10:51:00,184,184,184,184,0
2022-04-01 10:52:00,184,184,184,184,0
2022-04-01 10:53:00,184,184,184,184,10000
2022-04-01 10:54:00,184,184,184,184,0
2022-04-01 10:55:00,184,184,184,184,0
2022-04-01 10:56:00,184,184,184,184,5000
2022-04-01 10:57:00,184,184,184,184,0
2022-04-01 10:58:00,184,184,184,184,10000
2022-04-01 10:59:00,184,184,184,184,0
2022-04-01 11:00:00,184,184,184,184,0
2022-04-01 11:01:00,184,184,184,184,0
2022-04-01 11:02:00,184,184,184,184,5000
2022-04-01 11:03:00,184,184,184,184,0
2022-04-01 11:04:00,184,184,184,184,0
2022-04-01 11:05:00,184,184,184,184,105000
2022-04-01 11:06:00,184,184,184,184,0
2022-04-01 11:07:00,184,184,184,184,0
2022-04-01 11:08:00,184,184,184,184,400
2022-04-01 11:09:00,184,184,184,184,0
2022-04-01 11:10:00,184,184,184,184,0
2022-04-01 11:11:00,184,184,184,184,500
2022-04-01 11:12:00,185,184,185,184,8400
2022-04-01 11:13:00,185,185,185,185,184200
2022-04-01 11:14:00,185,185,185,185,0
2022-04-01 11:15:00,185,185,185,185,100
2022-04-01 11:16:00,186,186,186,186,1200
2022-04-01 11:17:00,186,186,186,186,2600
2022-04-01 11:18:00,186,186,186,186,2700
2022-04-01 11:19:00,186,186,186,186,300
2022-04-01 11:20:00,186,186,186,186,300
2022-04-01 11:21:00,186,186,186,186,0
2022-04-01 11:22:00,186,186,186,186,22700
2022-04-01 11:23:00,185,185,185,185,1000
2022-04-01 11:24:00,185,185,185,185,0
2022-04-01 11:25:00,185,185,185,185,0
2022-04-01 11:26:00,185,185,185,185,40000
2022-04-01 11:27:00,185,185,185,185,0
2022-04-01 11:28:00,185,185,185,185,0
2022-04-01 11:29:00,185,185,185,185,300
2022-04-01 11:30:00,185,185,185,185,0
2022-04-01 11:31:00,185,185,185,185,0
2022-04-01 11:32:00,185,185,185,185,0
2022-04-01 11:33:00,185,185,185,185,0
2022-04-01 11:34:00,185,185,185,185,0
2022-04-01 11:35:00,185,185,185,185,0
2022-04-01 11:36:00,185,185,185,185,0
2022-04-01 11:37:00,185,185,185,185,0
2022-04-01 11:38:00,185,185,185,185,0
2022-04-01 11:39:00,185,185,185,185,0
2022-04-01 11:40:00,185,185,185,185,0
2022-04-01 11:41:00,185,185,185,185,0
2022-04-01 11:42:00,185,185,185,185,0
2022-04-01 11:43:00,185,185,185,185,0
2022-04-01 11:44:00,185,185,185,185,0
2022-04-01 11:45:00,185,185,185,185,0
2022-04-01 11:46:00,185,185,185,185,0
2022-04-01 11:47:00,185,185,185,185,0
2022-04-01 11:48:00,185,185,185,185,0
2022-04-01 11:49:00,185,185,185,185,0
2022-04-01 11:50:00,185,185,185,185,0
2022-04-01 11:51:00,185,185,185,185,0
2022-04-01 11:52:00,185,185,185,185,0
2022-04-01 11:53:00,185,185,185,185,0
2022-04-01 11:54:00,185,185,185,185,0
2022-04-01 11:55:00,185,185,185,185,0
2022-04-01 11:56:00,185,185,185,185,0
2022-04-01 11:57:00,185,185,185,185,0
2022-04-01 11:58:00,185,185,185,185,0
2022-04-01 11:59:00,185,185,185,185,0
2022-04-01 12:00:00,185,185,185,185,0
2022-04-01 12:01:00,185,185,185,185,0
2022-04-01 12:02:00,185,185,185,185,0
2022-04-01 12:03:00,185,185,185,185,0
2022-04-01 12:04:00,185,185,185,185,0
2022-04-01 12:05:00,185,185,185,185,0
2022-04-01 12:06:00,185,185,185,185,0
2022-04-01 12:07:00,185,185,185,185,0
2022-04-01 12:08:00,185,185,185,185,0
2022-04-01 12:09:00,185,185,185,185,0
2022-04-01 12:10:00,185,185,185,185,0
2022-04-01 12:11:00,185,185,185,185,0
2022-04-01 12:12:00,185,185,185,185,0
2022-04-01 12:13:00,185,185,185,185,0
2022-04-01 12:14:00,185,185,185,185,0
2022-04-01 12:15:00,185,185,185,185,0
2022-04-01 12:16:00,185,185,185,185,0
2022-04-01 12:17:00,185,185,185,185,0
2022-04-01 12:18:00,185,185,185,185,0
2022-04-01 12:19:00,185,185,185,185,0
2022-04-01 12:20:00,185,185,185,185,0
2022-04-01 12:21:00,185,185,185,185,0
2022-04-01 12:22:00,185,185,185,185,0
2022-04-01 12:23:00,185,185,185,185,0
2022-04-01 12:24:00,185,185,185,185,0
2022-04-01 12:25:00,185,185,185,185,0
2022-04-01 12:26:00,185,185,185,185,0
2022-04-01 12:27:00,185,185,185,185,0
2022-04-01 12:28:00,185,185,185,185,0
2022-04-01 12:29:00,185,185,185,185,0
2022-04-01 12:30:00,185,185,185,185,0
2022-04-01 12:31:00,185,185,185,185,0
2022-04-01 12:32:00,185,185,185,185,0
2022-04-01 12:33:00,185,185,185,185,0
2022-04-01 12:34:00,185,185,185,185,0
2022-04-01 12:35:00,185,185,185,185,0
2022-04-01 12:36:00,185,185,185,185,0
2022-04-01 12:37:00,185,185,185,185,0
2022-04-01 12:38:00,185,185,185,185,0
2022-04-01 12:39:00,185,185,185,185,0
2022-04-01 12:40:00,185,185,185,185,0
2022-04-01 12:41:00,185,185,185,185,0
2022-04-01 12:42:00,185,185,185,185,0
2022-04-01 12:43:00,185,185,185,185,0
2022-04-01 12:44:00,185,185,185,185,0
2022-04-01 12:45:00,185,185,185,185,0
2022-04-01 12:46:00,185,185,185,185,0
2022-04-01 12:47:00,185,185,185,185,0
2022-04-01 12:48:00,185,185,185,185,0
2022-04-01 12:49:00,185,185,185,185,0
2022-04-01 12:50:00,185,185,185,185,0
2022-04-01 12:51:00,185,185,185,185,0
2022-04-01 12:52:00,185,185,185,185,0
2022-04-01 12:53:00,185,185,185,185,0
2022-04-01 12:54:00,185,185,185,185,0
2022-04-01 12:55:00,185,185,185,185,0
2022-04-01 12:56:00,185,185,185,185,0
2022-04-01 12:57:00,185,185,185,185,0
2022-04-01 12:58:00,185,185,185,185,0
2022-04-01 12:59:00,185,185,185,185,0
2022-04-01 13:00:00,185,185,185,185,0
2022-04-01 13:01:00,185,185,185,185,0
2022-04-01 13:02:00,185,185,185,185,0
2022-04-01 13:03:00,185,185,185,185,0
2022-04-01 13:04:00,185,185,185,185,0
2022-04-01 13:05:00,185,185,185,185,0
2022-04-01 13:06:00,185,185,185,185,0
2022-04-01 13:07:00,185,185,185,185,0
2022-04-01 13:08:00,185,185,185,185,0
2022-04-01 13:09:00,185,185,185,185,0
2022-04-01 13:10:00,185,185,185,185,0
2022-04-01 13:11:00,185,185,185,185,0
2022-04-01 13:12:00,185,185,185,185,0
2022-04-01 13:13:00,185,185,185,185,0
2022-04-01 13:14:00,185,185,185,185,0
2022-04-01 13:15:00,185,185,185,185,0
2022-04-01 13:16:00,185,185,185,185,0
2022-04-01 13:17:00,185,185,185,185,0
2022-04-01 13:18:00,185,185,185,185,0
2022-04-01 13:19:00,185,185,185,185,0
2022-04-01 13:20:00,185,185,185,185,0
2022-04-01 13:21:00,185,185,185,185,0
2022-04-01 13:22:00,185,185,185,185,0
2022-04-01 13:23:00,185,185,185,185,0
2022-04-01 13:24:00,185,185,185,185,0
2022-04-01 13:25:00,185,185,185,185,0
2022-04-01 13:26:00,185,185,185,185,0
2022-04-01 13:27:00,185,185,185,185,0
2022-04-01 13:28:00,185,185,185,185,0
2022-04-01 13:29:00,185,185,185,185,0
2022-04-01 13:30:00,185,185,185,185,1000
2022-04-01 13:31:00,185,185,185,185,5600
2022-04-01 13:32:00,185,185,185,185,0
2022-04-01 13:33:00,185,185,185,185,0
2022-04-01 13:34:00,185,185,185,185,0
2022-04-01 13:35:00,185,185,185,185,0
2022-04-01 13:36:00,185,185,185,185,15000
2022-04-01 13:37:00,185,185,185,185,0
2022-04-01 13:38:00,185,185,185,185,0
2022-04-01 13:39:00,185,185,185,185,0
2022-04-01 13:40:00,186,186,186,186,100
2022-04-01 13:41:00,186,186,186,186,0
2022-04-01 13:42:00,186,186,186,186,0
2022-04-01 13:43:00,186,186,186,186,2000
2022-04-01 13:44:00,186,186,186,186,0
2022-04-01 13:45:00,186,186,186,186,0
2022-04-01 13:46:00,186,186,186,186,16100
2022-04-01 13:47:00,186,186,186,186,0
2022-04-01 13:48:00,186,186,186,186,294100
2022-04-01 13:49:00,186,186,186,186,57200
2022-04-01 13:50:00,186,186,186,186,0
2022-04-01 13:51:00,186,186,186,186,0
2022-04-01 13:52:00,186,186,186,186,0
2022-04-01 13:53:00,186,186,186,186,100
2022-04-01 13:54:00,186,186,186,186,3800
2022-04-01 13:55:00,186,186,186,186,0
2022-04-01 13:56:00,186,186,186,186,0
2022-04-01 13:57:00,186,186,186,186,0
2022-04-01 13:58:00,186,186,186,186,0
2022-04-01 13:59:00,186,186,186,186,0
2022-04-01 14:00:00,185,185,185,185,400
2022-04-01 14:01:00,185,185,185,185,0
2022-04-01 14:02:00,185,185,185,185,0
2022-04-01 14:03:00,185,185,185,185,0
2022-04-01 14:04:00,185,185,185,185,0
2022-04-01 14:05:00,185,185,185,185,17700
2022-04-01 14:06:00,185,185,185,185,0
2022-04-01 14:07:00,185,185,185,185,5500
2022-04-01 14:08:00,185,185,185,185,9800
2022-04-01 14:09:00,185,185,185,185,0
2022-04-01 14:10:00,185,185,185,185,0
2022-04-01 14:11:00,185,185,185,185,0
2022-04-01 14:12:00,186,186,186,186,200
2022-04-01 14:13:00,186,186,186,186,0
2022-04-01 14:14:00,185,185,186,186,151600
2022-04-01 14:15:00,185,185,186,186,0
2022-04-01 14:16:00,186,186,186,186,3000
2022-04-01 14:17:00,186,186,186,186,0
2022-04-01 14:18:00,186,186,186,186,0
2022-04-01 14:19:00,186,186,186,186,0
2022-04-01 14:20:00,186,186,186,186,0
2022-04-01 14:21:00,186,186,186,186,0
2022-04-01 14:22:00,185,185,185,185,100
2022-04-01 14:23:00,185,185,185,185,0
2022-04-01 14:24:00,185,185,185,185,0
2022-04-01 14:25:00,186,185,186,185,32400
2022-04-01 14:26:00,185,185,185,185,170000
2022-04-01 14:27:00,185,185,185,185,0
2022-04-01 14:28:00,185,185,185,185,400
2022-04-01 14:29:00,185,185,185,185,100
2022-04-01 14:30:00,185,185,185,185,0
2022-04-01 14:31:00,185,185,185,185,0
2022-04-01 14:32:00,185,185,185,185,0
2022-04-01 14:33:00,185,185,185,185,0
2022-04-01 14:34:00,185,185,185,185,200
2022-04-01 14:35:00,185,185,185,185,0
2022-04-01 14:36:00,185,185,185,185,0
2022-04-01 14:37:00,185,185,185,185,0
2022-04-01 14:38:00,186,185,186,185,7000
2022-04-01 14:39:00,186,185,186,185,0
2022-04-01 14:40:00,186,186,186,186,50500
2022-04-01 14:41:00,186,186,186,186,100000
2022-04-01 14:42:00,186,186,186,186,0
2022-04-01 14:43:00,186,186,186,186,0
2022-04-01 14:44:00,185,185,185,185,13000
2022-04-01 14:45:00,185,185,185,185,25000
2022-04-01 14:46:00,185,185,185,185,25000
2022-04-01 14:47:00,185,185,185,185,285000
2022-04-01 14:48:00,184,184,184,184,1000
2022-04-01 14:49:00,184,184,184,184,0
2022-04-01 14:50:00,184,184,184,184,0
2022-04-01 14:51:00,184,184,184,184,0
2022-04-01 14:52:00,184,184,184,184,0
2022-04-01 14:53:00,184,184,184,184,0
2022-04-01 14:54:00,184,184,184,184,0
2022-04-01 14:55:00,184,184,184,184,0
2022-04-01 14:56:00,184,184,184,184,0
2022-04-01 14:57:00,184,184,184,184,0
2022-04-01 14:58:00,184,184,184,184,0
2022-04-01 14:59:00,184,184,184,184,0
2022-04-01 15:00:00,185,185,185,185,106100
2022-04-01 15:01:00,185,185,185,185,0
2022-04-01 15:02:00,185,185,185,185,0
2022-04-01 15:03:00,185,185,185,185,0
2022-04-01 15:04:00,185,185,185,185,0
2022-04-01 15:05:00,185,185,185,185,0
2022-04-01 15:06:00,185,185,185,185,0
2022-04-01 15:07:00,185,185,185,185,5000
2022-04-01 15:08:00,185,185,185,185,0
2022-04-01 15:09:00,185,185,185,185,2000
2022-04-01 15:10:00,185,185,185,185,0
2022-04-01 15:11:00,185,185,185,185,0
2022-04-01 15:12:00,185,185,185,185,0
2022-04-01 15:13:00,185,185,185,185,10500
2022-04-01 15:14:00,185,185,185,185,0
2022-04-01 15:15:00,185,185,185,185,0
2022-04-01 15:16:00,185,185,185,185,0
2022-04-01 15:17:00,185,185,185,185,0
2022-04-01 15:18:00,185,185,185,185,0
2022-04-01 15:19:00,185,185,185,185,0
2022-04-01 15:20:00,185,185,185,185,0
2022-04-01 15:21:00,185,185,185,185,0
2022-04-01 15:22:00,185,185,185,185,0
2022-04-01 15:23:00,185,185,185,185,0
2022-04-01 15:24:00,185,185,185,185,0
2022-04-01 15:25:00,185,185,185,185,0
2022-04-01 15:26:00,185,185,185,185,0
2022-04-01 15:27:00,185,185,185,185,0
2022-04-01 15:28:00,185,185,185,185,0
2022-04-01 15:29:00,185,185,185,185,0
2022-04-01 15:30:00,185,185,185,185,0
2022-04-01 15:31:00,185,185,185,185,0
2022-04-01 15:32:00,185,185,185,185,0
2022-04-01 15:33:00,185,185,185,185,0
2022-04-01 15:34:00,185,185,185,185,0
2022-04-01 15:35:00,185,185,185,185,0
2022-04-01 15:36:00,185,185,185,185,0
2022-04-01 15:37:00,185,185,185,185,0
2022-04-01 15:38:00,185,185,185,185,0
2022-04-01 15:39:00,185,185,185,185,0
2022-04-01 15:40:00,185,185,185,185,0
2022-04-01 15:41:00,185,185,185,185,0
2022-04-01 15:42:00,185,185,185,185,0
2022-04-01 15:43:00,185,185,185,185,0
2022-04-01 15:44:00,185,185,185,185,0
2022-04-01 15:45:00,185,185,185,185,0
2022-04-01 15:46:00,185,185,185,185,0
2022-04-01 15:47:00,185,185,185,185,0
2022-04-01 15:48:00,185,185,185,185,0
2022-04-01 15:49:00,185,185,185,185,0
2022-04-01 15:50:00,185,185,185,185,0
2022-04-01 15:51:00,185,185,185,185,0
2022-04-01 15:52:00,185,185,185,185,0
2022-04-01 15:53:00,185,185,185,185,0
2022-04-01 15:54:00,185,185,185,185,0
2022-04-01 15:55:00,185,185,185,185,0
2022-04-01 15:56:00,185,185,185,185,0
2022-04-01 15:57:00,185,185,185,185,0
2022-04-01 15:58:00,185,185,185,185,0
2022-04-01 15:59:00,185,185,185,185,0
2022-04-04 09:00:00,185,185,186,185,0
2022-04-04 09:01:00,185,185,185,185,1100
2022-04-04 09:02:00,185,185,185,185,22800
2022-04-04 09:03:00,185,185,185,185,0
2022-04-04 09:04:00,185,185,185,185,37000
2022-04-04 09:05:00,185,185,185,185,100
2022-04-04 09:06:00,185,185,185,185,25000
2022-04-04 09:07:00,185,185,186,186,13000
2022-04-04 09:08:00,185,185,185,185,5000
2022-04-04 09:09:00,185,185,185,185,0
2022-04-04 09:10:00,185,185,185,185,0
2022-04-04 09:11:00,186,186,189,189,1257600
2022-04-04 09:12:00,189,188,190,189,86500
2022-04-04 09:13:00,189,189,189,189,184200
2022-04-04 09:14:00,189,188,189,189,618500
2022-04-04 09:15:00,189,188,190,190,325500
2022-04-04 09:16:00,190,189,191,191,2059300
2022-04-04 09:17:00,191,190,192,191,798500
2022-04-04 09:18:00,191,191,192,192,258500
2022-04-04 09:19:00,192,192,193,193,4166900
2022-04-04 09:20:00,193,192,193,192,407600
2022-04-04 09:21:00,192,191,192,192,310400
2022-04-04 09:22:00,192,191,192,192,121300
2022-04-04 09:23:00,192,191,192,192,530100
2022-04-04 09:24:00,191,191,192,191,830100
2022-04-04 09:25:00,191,191,191,191,57000
2022-04-04 09:26:00,191,191,192,191,11600
2022-04-04 09:27:00,191,191,191,191,70300
2022-04-04 09:28:00,191,190,192,191,288200
2022-04-04 09:29:00,191,191,191,191,38500
2022-04-04 09:30:00,191,191,191,191,158600
2022-04-04 09:31:00,191,191,191,191,52800
2022-04-04 09:32:00,191,190,191,190,7500
2022-04-04 09:33:00,190,190,191,191,3900
2022-04-04 09:34:00,190,190,191,191,255600
2022-04-04 09:35:00,191,190,191,190,315500
2022-04-04 09:36:00,190,189,190,189,271500
2022-04-04 09:37:00,189,188,189,189,100700
2022-04-04 09:38:00,189,189,189,189,54700
2022-04-04 09:39:00,188,188,189,189,29100
2022-04-04 09:40:00,189,189,189,189,500
2022-04-04 09:41:00,189,189,189,189,12500
2022-04-04 09:42:00,189,189,189,189,10000
2022-04-04 09:43:00,189,189,189,189,4600
2022-04-04 09:44:00,190,190,190,190,6000
2022-04-04 09:45:00,190,190,190,190,0
2022-04-04 09:46:00,190,189,190,189,185300
2022-04-04 09:47:00,190,189,190,189,0
2022-04-04 09:48:00,190,190,190,190,9300
2022-04-04 09:49:00,190,189,190,190,16100
2022-04-04 09:50:00,190,190,190,190,300
2022-04-04 09:51:00,189,189,189,189,300
2022-04-04 09:52:00,189,189,190,190,38700
2022-04-04 09:53:00,189,189,190,190,0
2022-04-04 09:54:00,189,189,189,189,250100
2022-04-04 09:55:00,189,189,189,189,5700
2022-04-04 09:56:00,189,189,189,189,75000
2022-04-04 09:57:00,189,189,189,189,0
2022-04-04 09:58:00,189,189,189,189,500
2022-04-04 09:59:00,189,189,189,189,40000
2022-04-04 10:00:00,189,188,189,188,6300
2022-04-04 10:01:00,188,188,188,188,499500
2022-04-04 10:02:00,188,188,188,188,12000
2022-04-04 10:03:00,187,185,187,185,2125700
2022-04-04 10:04:00,185,185,186,185,59100
2022-04-04 10:05:00,186,185,186,185,153100
2022-04-04 10:06:00,186,185,186,186,19100
2022-04-04 10:07:00,186,185,186,185,57200
2022-04-04 10:08:00,186,185,186,185,0
2022-04-04 10:09:00,185,185,186,186,25900
2022-04-04 10:10:00,186,186,186,186,12500
2022-04-04 10:11:00,186,186,186,186,227100
2022-04-04 10:12:00,186,186,186,186,219800
2022-04-04 10:13:00,186,186,186,186,167700
2022-04-04 10:14:00,186,185,186,185,851800
2022-04-04 10:15:00,186,186,186,186,2400
2022-04-04 10:16:00,186,186,186,186,326000
2022-04-04 10:17:00,186,186,186,186,0
2022-04-04 10:18:00,186,186,186,186,15000
2022-04-04 10:19:00,187,186,187,186,2800
2022-04-04 10:20:00,187,186,187,186,0
2022-04-04 10:21:00,187,187,187,187,1100
2022-04-04 10:22:00,187,187,187,187,38000
2022-04-04 10:23:00,187,187,187,187,1000
2022-04-04 10:24:00,187,187,187,187,4200
2022-04-04 10:25:00,187,187,187,187,7700
2022-04-04 10:26:00,187,187,187,187,0
2022-04-04 10:27:00,187,187,187,187,6200
2022-04-04 10:28:00,187,187,187,187,0
2022-04-04 10:29:00,187,187,187,187,69800
2022-04-04 10:30:00,187,186,187,186,14000
2022-04-04 10:31:00,187,186,187,186,0
2022-04-04 10:32:00,186,186,186,186,100
2022-04-04 10:33:00,186,186,186,186,11000
2022-04-04 10:34:00,186,186,186,186,0
2022-04-04 10:35:00,186,186,186,186,0
2022-04-04 10:36:00,187,187,187,187,13200
2022-04-04 10:37:00,187,187,187,187,6000
2022-04-04 10:38:00,187,187,187,187,8000
2022-04-04 10:39:00,187,187,187,187,1100
2022-04-04 10:40:00,187,187,187,187,0
2022-04-04 10:41:00,187,186,187,186,296100
2022-04-04 10:42:00,186,185,186,185,33100
2022-04-04 10:43:00,186,185,186,185,80100
2022-04-04 10:44:00,185,185,186,186,10100
2022-04-04 10:45:00,186,186,186,186,10000
2022-04-04 10:46:00,186,186,186,186,2700
2022-04-04 10:47:00,186,186,186,186,500
2022-04-04 10:48:00,186,186,186,186,100
2022-04-04 10:49:00,186,186,186,186,100
2022-04-04 10:50:00,186,186,186,186,5000
2022-04-04 10:51:00,186,186,186,186,24500
2022-04-04 10:52:00,187,187,187,187,200
2022-04-04 10:53:00,187,187,187,187,6000
2022-04-04 10:54:00,187,187,187,187,4000
2022-04-04 10:55:00,187,186,187,186,11200
2022-04-04 10:56:00,187,186,187,186,0
2022-04-04 10:57:00,187,187,187,187,200
2022-04-04 10:58:00,187,187,187,187,0
2022-04-04 10:59:00,187,187,187,187,4600
2022-04-04 11:00:00,186,186,186,186,1700
2022-04-04 11:01:00,186,186,186,186,0
2022-04-04 11:02:00,186,186,186,186,0
2022-04-04 11:03:00,186,186,186,186,0
2022-04-04 11:04:00,186,186,186,186,0
2022-04-04 11:05:00,186,186,186,186,0
2022-04-04 11:06:00,186,186,186,186,0
2022-04-04 11:07:00,186,186,186,186,0
2022-04-04 11:08:00,186,186,186,186,0
2022-04-04 11:09:00,186,186,186,186,1100
2022-04-04 11:10:00,186,186,186,186,0
2022-04-04 11:11:00,186,186,186,186,0
2022-04-04 11:12:00,186,186,186,186,0
2022-04-04 11:13:00,187,187,187,187,9000
2022-04-04 11:14:00,187,187,187,187,0
2022-04-04 11:15:00,187,187,187,187,15000
2022-04-04 11:16:00,187,187,187,187,2500
2022-04-04 11:17:00,187,187,187,187,0
2022-04-04 11:18:00,187,187,187,187,0
2022-04-04 11:19:00,186,186,186,186,200
2022-04-04 11:20:00,187,187,187,187,23500
2022-04-04 11:21:00,187,187,187,187,0
2022-04-04 11:22:00,186,186,186,186,500
2022-04-04 11:23:00,187,187,188,188,191800
2022-04-04 11:24:00,187,187,188,188,0
2022-04-04 11:25:00,187,187,188,188,0
2022-04-04 11:26:00,188,188,188,188,100
2022-04-04 11:27:00,188,188,188,188,0
2022-04-04 11:28:00,188,188,188,188,1400
2022-04-04 11:29:00,188,188,188,188,3800
2022-04-04 11:30:00,188,188,188,188,0
2022-04-04 11:31:00,188,188,188,188,0
2022-04-04 11:32:00,188,188,188,188,0
2022-04-04 11:33:00,188,188,188,188,0
2022-04-04 11:34:00,188,188,188,188,0
2022-04-04 11:35:00,188,188,188,188,0
2022-04-04 11:36:00,188,188,188,188,0
2022-04-04 11:37:00,188,188,188,188,0
2022-04-04 11:38:00,188,188,188,188,0
2022-04-04 11:39:00,188,188,188,188,0
2022-04-04 11:40:00,188,188,188,188,0
2022-04-04 11:41:00,188,188,188,188,0
2022-04-04 11:42:00,188,188,188,188,0
2022-04-04 11:43:00,188,188,188,188,0
2022-04-04 11:44:00,188,188,188,188,0
2022-04-04 11:45:00,188,188,188,188,0
2022-04-04 11:46:00,188,188,188,188,0
2022-04-04 11:47:00,188,188,188,188,0
2022-04-04 11:48:00,188,188,188,188,0
2022-04-04 11:49:00,188,188,188,188,0
2022-04-04 11:50:00,188,188,188,188,0
2022-04-04 11:51:00,188,188,188,188,0
2022-04-04 11:52:00,188,188,188,188,0
2022-04-04 11:53:00,188,188,188,188,0
2022-04-04 11:54:00,188,188,188,188,0
2022-04-04 11:55:00,188,188,188,188,0
2022-04-04 11:56:00,188,188,188,188,0
2022-04-04 11:57:00,188,188,188,188,0
2022-04-04 11:58:00,188,188,188,188,0
2022-04-04 11:59:00,188,188,188,188,0
2022-04-04 12:00:00,188,188,188,188,0
2022-04-04 12:01:00,188,188,188,188,0
2022-04-04 12:02:00,188,188,188,188,0
2022-04-04 12:03:00,188,188,188,188,0
2022-04-04 12:04:00,188,188,188,188,0
2022-04-04 12:05:00,188,188,188,188,0
2022-04-04 12:06:00,188,188,188,188,0
2022-04-04 12:07:00,188,188,188,188,0
2022-04-04 12:08:00,188,188,188,188,0
2022-04-04 12:09:00,188,188,188,188,0
2022-04-04 12:10:00,188,188,188,188,0
2022-04-04 12:11:00,188,188,188,188,0
2022-04-04 12:12:00,188,188,188,188,0
2022-04-04 12:13:00,188,188,188,188,0
2022-04-04 12:14:00,188,188,188,188,0
2022-04-04 12:15:00,188,188,188,188,0
2022-04-04 12:16:00,188,188,188,188,0
2022-04-04 12:17:00,188,188,188,188,0
2022-04-04 12:18:00,188,188,188,188,0
2022-04-04 12:19:00,188,188,188,188,0
2022-04-04 12:20:00,188,188,188,188,0
2022-04-04 12:21:00,188,188,188,188,0
2022-04-04 12:22:00,188,188,188,188,0
2022-04-04 12:23:00,188,188,188,188,0
2022-04-04 12:24:00,188,188,188,188,0
2022-04-04 12:25:00,188,188,188,188,0
2022-04-04 12:26:00,188,188,188,188,0
2022-04-04 12:27:00,188,188,188,188,0
2022-04-04 12:28:00,188,188,188,188,0
2022-04-04 12:29:00,188,188,188,188,0
2022-04-04 12:30:00,188,188,188,188,0
2022-04-04 12:31:00,188,188,188,188,0
2022-04-04 12:32:00,188,188,188,188,0
2022-04-04 12:33:00,188,188,188,188,0
2022-04-04 12:34:00,188,188,188,188,0
2022-04-04 12:35:00,188,188,188,188,0
2022-04-04 12:36:00,188,188,188,188,0
2022-04-04 12:37:00,188,188,188,188,0
2022-04-04 12:38:00,188,188,188,188,0
2022-04-04 12:39:00,188,188,188,188,0
2022-04-04 12:40:00,188,188,188,188,0
2022-04-04 12:41:00,188,188,188,188,0
2022-04-04 12:42:00,188,188,188,188,0
2022-04-04 12:43:00,188,188,188,188,0
2022-04-04 12:44:00,188,188,188,188,0
2022-04-04 12:45:00,188,188,188,188,0
2022-04-04 12:46:00,188,188,188,188,0
2022-04-04 12:47:00,188,188,188,188,0
2022-04-04 12:48:00,188,188,188,188,0
2022-04-04 12:49:00,188,188,188,188,0
2022-04-04 12:50:00,188,188,188,188,0
2022-04-04 12:51:00,188,188,188,188,0
2022-04-04 12:52:00,188,188,188,188,0
2022-04-04 12:53:00,188,188,188,188,0
2022-04-04 12:54:00,188,188,188,188,0
2022-04-04 12:55:00,188,188,188,188,0
2022-04-04 12:56:00,188,188,188,188,0
2022-04-04 12:57:00,188,188,188,188,0
2022-04-04 12:58:00,188,188,188,188,0
2022-04-04 12:59:00,188,188,188,188,0
2022-04-04 13:00:00,188,188,188,188,0
2022-04-04 13:01:00,188,188,188,188,0
2022-04-04 13:02:00,188,188,188,188,0
2022-04-04 13:03:00,188,188,188,188,0
2022-04-04 13:04:00,188,188,188,188,0
2022-04-04 13:05:00,188,188,188,188,0
2022-04-04 13:06:00,188,188,188,188,0
2022-04-04 13:07:00,188,188,188,188,0
2022-04-04 13:08:00,188,188,188,188,0
2022-04-04 13:09:00,188,188,188,188,0
2022-04-04 13:10:00,188,188,188,188,0
2022-04-04 13:11:00,188,188,188,188,0
2022-04-04 13:12:00,188,188,188,188,0
2022-04-04 13:13:00,188,188,188,188,0
2022-04-04 13:14:00,188,188,188,188,0
2022-04-04 13:15:00,188,188,188,188,0
2022-04-04 13:16:00,188,188,188,188,0
2022-04-04 13:17:00,188,188,188,188,0
2022-04-04 13:18:00,188,188,188,188,0
2022-04-04 13:19:00,188,188,188,188,0
2022-04-04 13:20:00,188,188,188,188,0
2022-04-04 13:21:00,188,188,188,188,0
2022-04-04 13:22:00,188,188,188,188,0
2022-04-04 13:23:00,188,188,188,188,0
2022-04-04 13:24:00,188,188,188,188,0
2022-04-04 13:25:00,188,188,188,188,0
2022-04-04 13:26:00,188,188,188,188,0
2022-04-04 13:27:00,188,188,188,188,0
2022-04-04 13:28:00,188,188,188,188,0
2022-04-04 13:29:00,188,188,188,188,0
2022-04-04 13:30:00,188,187,188,188,47600
2022-04-04 13:31:00,188,187,188,187,11900
2022-04-04 13:32:00,187,187,187,187,15000
2022-04-04 13:33:00,187,187,187,187,0
2022-04-04 13:34:00,187,187,187,187,0
2022-04-04 13:35:00,187,187,187,187,2000
2022-04-04 13:36:00,187,187,187,187,0
2022-04-04 13:37:00,187,187,187,187,0
2022-04-04 13:38:00,187,187,187,187,100
2022-04-04 13:39:00,187,187,187,187,0
2022-04-04 13:40:00,187,187,187,187,0
2022-04-04 13:41:00,187,187,188,188,65200
2022-04-04 13:42:00,189,189,189,189,3800
2022-04-04 13:43:00,188,188,188,188,3000
2022-04-04 13:44:00,188,188,188,188,1000
2022-04-04 13:45:00,188,188,188,188,15800
2022-04-04 13:46:00,188,188,189,188,34300
2022-04-04 13:47:00,189,188,189,188,3300
2022-04-04 13:48:00,188,187,188,187,459000
2022-04-04 13:49:00,188,187,188,187,0
2022-04-04 13:50:00,187,187,187,187,5000
2022-04-04 13:51:00,187,187,187,187,1000
2022-04-04 13:52:00,186,186,186,186,4000
2022-04-04 13:53:00,186,186,186,186,0
2022-04-04 13:54:00,186,186,186,186,100
2022-04-04 13:55:00,186,186,186,186,0
2022-04-04 13:56:00,186,186,186,186,0
2022-04-04 13:57:00,186,186,186,186,0
2022-04-04 13:58:00,187,186,187,186,100300
2022-04-04 13:59:00,187,186,187,186,0
2022-04-04 14:00:00,186,186,186,186,3000
2022-04-04 14:01:00,186,186,186,186,0
2022-04-04 14:02:00,186,186,186,186,0
2022-04-04 14:03:00,186,186,186,186,0
2022-04-04 14:04:00,186,186,186,186,304900
2022-04-04 14:05:00,186,186,186,186,0
2022-04-04 14:06:00,186,186,186,186,0
2022-04-04 14:07:00,186,186,186,186,1600
2022-04-04 14:08:00,186,186,186,186,0
2022-04-04 14:09:00,186,186,186,186,1500
2022-04-04 14:10:00,186,186,186,186,0
2022-04-04 14:11:00,187,186,187,186,5500
2022-04-04 14:12:00,187,186,187,186,0
2022-04-04 14:13:00,187,186,187,186,0
2022-04-04 14:14:00,186,186,186,186,500400
2022-04-04 14:15:00,186,186,186,186,0
2022-04-04 14:16:00,186,186,186,186,181800
2022-04-04 14:17:00,186,186,186,186,0
2022-04-04 14:18:00,186,186,186,186,165200
2022-04-04 14:19:00,186,186,186,186,11100
2022-04-04 14:20:00,186,186,186,186,4400
2022-04-04 14:21:00,186,186,186,186,45000
2022-04-04 14:22:00,186,186,186,186,62300
2022-04-04 14:23:00,186,186,186,186,150000
2022-04-04 14:24:00,186,186,186,186,24100
2022-04-04 14:25:00,186,185,186,185,27100
2022-04-04 14:26:00,185,185,185,185,150000
2022-04-04 14:27:00,185,185,185,185,0
2022-04-04 14:28:00,185,185,185,185,0
2022-04-04 14:29:00,186,186,186,186,51400
2022-04-04 14:30:00,186,186,186,186,81500
2022-04-04 14:31:00,186,186,186,186,0
2022-04-04 14:32:00,186,186,186,186,0
2022-04-04 14:33:00,186,186,186,186,0
2022-04-04 14:34:00,186,186,186,186,0
2022-04-04 14:35:00,186,186,186,186,20000
2022-04-04 14:36:00,186,186,186,186,12300
2022-04-04 14:37:00,187,187,187,187,200
2022-04-04 14:38:00,186,186,186,186,7000
2022-04-04 14:39:00,186,186,186,186,27000
2022-04-04 14:40:00,186,186,186,186,0
2022-04-04 14:41:00,186,186,186,186,0
2022-04-04 14:42:00,186,186,186,186,0
2022-04-04 14:43:00,186,186,186,186,1600
2022-04-04 14:44:00,187,187,187,187,4700
2022-04-04 14:45:00,187,187,187,187,50000
2022-04-04 14:46:00,187,187,187,187,0
2022-04-04 14:47:00,187,187,187,187,0
2022-04-04 14:48:00,187,187,187,187,104000
2022-04-04 14:49:00,187,187,187,187,52400
2022-04-04 14:50:00,187,187,187,187,0
2022-04-04 14:51:00,187,187,187,187,0
2022-04-04 14:52:00,187,187,187,187,0
2022-04-04 14:53:00,187,187,187,187,0
2022-04-04 14:54:00,187,187,187,187,0
2022-04-04 14:55:00,187,187,187,187,0
2022-04-04 14:56:00,187,187,187,187,0
2022-04-04 14:57:00,187,187,187,187,0
2022-04-04 14:58:00,187,187,187,187,0
2022-04-04 14:59:00,187,187,187,187,0
2022-04-04 15:00:00,187,187,187,187,504600
2022-04-04 15:01:00,187,187,187,187,42700
2022-04-04 15:02:00,187,187,187,187,5600
2022-04-04 15:03:00,187,187,187,187,10400
2022-04-04 15:04:00,187,187,187,187,600
2022-04-04 15:05:00,187,187,187,187,100
2022-04-04 15:06:00,187,187,187,187,3300
2022-04-04 15:07:00,187,187,187,187,0
2022-04-04 15:08:00,187,187,187,187,22000
2022-04-04 15:09:00,187,187,187,187,600
2022-04-04 15:10:00,187,187,187,187,58400
2022-04-04 15:11:00,187,187,187,187,0
2022-04-04 15:12:00,187,187,187,187,0
2022-04-04 15:13:00,187,187,187,187,0
2022-04-04 15:14:00,187,187,187,187,0
2022-04-04 15:15:00,187,187,187,187,0
2022-04-04 15:16:00,187,187,187,187,0
2022-04-04 15:17:00,187,187,187,187,0
2022-04-04 15:18:00,187,187,187,187,0
2022-04-04 15:19:00,187,187,187,187,0
2022-04-04 15:20:00,187,187,187,187,0
2022-04-04 15:21:00,187,187,187,187,0
2022-04-04 15:22:00,187,187,187,187,0
2022-04-04 15:23:00,187,187,187,187,0
2022-04-04 15:24:00,187,187,187,187,0
2022-04-04 15:25:00,187,187,187,187,0
2022-04-04 15:26:00,187,187,187,187,0
2022-04-04 15:27:00,187,187,187,187,0
2022-04-04 15:28:00,187,187,187,187,0
2022-04-04 15:29:00,187,187,187,187,0
2022-04-04 15:30:00,187,187,187,187,0
2022-04-04 15:31:00,187,187,187,187,0
2022-04-04 15:32:00,187,187,187,187,0
2022-04-04 15:33:00,187,187,187,187,0
2022-04-04 15:34:00,187,187,187,187,0
2022-04-04 15:35:00,187,187,187,187,0
2022-04-04 15:36:00,187,187,187,187,0
2022-04-04 15:37:00,187,187,187,187,0
2022-04-04 15:38:00,187,187,187,187,0
2022-04-04 15:39:00,187,187,187,187,0
2022-04-04 15:40:00,187,187,187,187,0
2022-04-04 15:41:00,187,187,187,187,0
2022-04-04 15:42:00,187,187,187,187,0
2022-04-04 15:43:00,187,187,187,187,0
2022-04-04 15:44:00,187,187,187,187,0
2022-04-04 15:45:00,187,187,187,187,0
2022-04-04 15:46:00,187,187,187,187,0
2022-04-04 15:47:00,187,187,187,187,0
2022-04-04 15:48:00,187,187,187,187,0
2022-04-04 15:49:00,187,187,187,187,0
2022-04-04 15:50:00,187,187,187,187,0
2022-04-04 15:51:00,187,187,187,187,0
2022-04-04 15:52:00,187,187,187,187,0
2022-04-04 15:53:00,187,187,187,187,0
2022-04-04 15:54:00,187,187,187,187,0
2022-04-04 15:55:00,187,187,187,187,0
2022-04-04 15:56:00,187,187,187,187,0
2022-04-04 15:57:00,187,187,187,187,0
2022-04-04 15:58:00,187,187,187,187,0
2022-04-04 15:59:00,187,187,187,187,0
2022-04-05 09:00:00,188,187,188,187,0
2022-04-05 09:01:00,188,187,188,187,0
2022-04-05 09:02:00,187,187,187,187,15000
2022-04-05 09:03:00,188,187,188,187,4000
2022-04-05 09:04:00,187,187,187,187,100
2022-04-05 09:05:00,187,187,187,187,0
2022-04-05 09:06:00,187,187,187,187,1000
2022-04-05 09:07:00,187,187,187,187,26600
2022-04-05 09:08:00,187,187,187,187,0
2022-04-05 09:09:00,187,187,187,187,0
2022-04-05 09:10:00,187,187,187,187,0
2022-04-05 09:11:00,187,187,188,188,14500
2022-04-05 09:12:00,188,188,188,188,200
2022-04-05 09:13:00,187,187,187,187,9700
2022-04-05 09:14:00,187,187,188,187,270500
2022-04-05 09:15:00,187,187,187,187,15000
2022-04-05 09:16:00,187,187,187,187,0
2022-04-05 09:17:00,187,187,187,187,3900
2022-04-05 09:18:00,187,187,187,187,43200
2022-04-05 09:19:00,187,187,187,187,0
2022-04-05 09:20:00,187,187,187,187,100100
2022-04-05 09:21:00,187,187,187,187,20000
2022-04-05 09:22:00,187,187,187,187,0
2022-04-05 09:23:00,188,188,188,188,100000
2022-04-05 09:24:00,188,188,188,188,0
2022-04-05 09:25:00,188,188,188,188,1000
2022-04-05 09:26:00,187,187,188,188,10700
2022-04-05 09:27:00,187,187,188,188,0
2022-04-05 09:28:00,188,188,188,188,35000
2022-04-05 09:29:00,188,187,188,188,102700
2022-04-05 09:30:00,188,187,188,187,26000
2022-04-05 09:31:00,188,187,188,187,0
2022-04-05 09:32:00,187,187,187,187,2500
2022-04-05 09:33:00,187,187,187,187,11200
2022-04-05 09:34:00,187,187,187,187,7200
2022-04-05 09:35:00,188,188,188,188,3500
2022-04-05 09:36:00,188,187,188,188,240600
2022-04-05 09:37:00,188,188,188,188,24900
2022-04-05 09:38:00,188,188,189,189,220100
2022-04-05 09:39:00,188,188,188,188,3500
2022-04-05 09:40:00,189,189,189,189,99900
2022-04-05 09:41:00,189,189,189,189,25400
2022-04-05 09:42:00,189,189,189,189,0
2022-04-05 09:43:00,189,189,189,189,0
2022-04-05 09:44:00,189,189,189,189,0
2022-04-05 09:45:00,188,188,188,188,200
2022-04-05 09:46:00,188,188,188,188,3500
2022-04-05 09:47:00,188,188,188,188,200
2022-04-05 09:48:00,188,188,188,188,15000
2022-04-05 09:49:00,188,188,188,188,1000
2022-04-05 09:50:00,188,188,188,188,214200
2022-04-05 09:51:00,188,188,188,188,9700
2022-04-05 09:52:00,188,188,188,188,1900
2022-04-05 09:53:00,188,188,188,188,0
2022-04-05 09:54:00,189,189,189,189,57400
2022-04-05 09:55:00,189,189,189,189,137500
2022-04-05 09:56:00,189,189,189,189,32000
2022-04-05 09:57:00,189,189,189,189,25400
2022-04-05 09:58:00,189,189,189,189,3600
2022-04-05 09:59:00,188,188,188,188,600
2022-04-05 10:00:00,189,189,189,189,2500
2022-04-05 10:01:00,189,189,189,189,0
2022-04-05 10:02:00,189,189,189,189,25000
2022-04-05 10:03:00,189,189,189,189,0
2022-04-05 10:04:00,189,189,189,189,100
2022-04-05 10:05:00,189,189,189,189,2500
2022-04-05 10:06:00,189,188,189,188,5100
2022-04-05 10:07:00,189,188,189,188,0
2022-04-05 10:08:00,189,189,189,189,1100
2022-04-05 10:09:00,189,189,189,189,0
2022-04-05 10:10:00,189,189,189,189,10200
2022-04-05 10:11:00,189,189,189,189,0
2022-04-05 10:12:00,189,189,189,189,0
2022-04-05 10:13:00,189,189,189,189,0
2022-04-05 10:14:00,189,189,189,189,0
2022-04-05 10:15:00,189,189,189,189,0
2022-04-05 10:16:00,188,188,188,188,400
2022-04-05 10:17:00,188,188,188,188,25000
2022-04-05 10:18:00,188,188,188,188,16100
2022-04-05 10:19:00,188,188,188,188,8500
2022-04-05 10:20:00,188,188,188,188,0
2022-04-05 10:21:00,188,188,188,188,0
2022-04-05 10:22:00,188,188,188,188,224200
2022-04-05 10:23:00,188,188,188,188,12600
2022-04-05 10:24:00,188,188,188,188,0
2022-04-05 10:25:00,188,188,188,188,0
2022-04-05 10:26:00,187,187,187,187,26000
2022-04-05 10:27:00,187,187,187,187,0
2022-04-05 10:28:00,187,187,187,187,0
2022-04-05 10:29:00,187,187,187,187,0
2022-04-05 10:30:00,187,187,187,187,0
2022-04-05 10:31:00,187,187,187,187,300
2022-04-05 10:32:00,187,187,187,187,0
2022-04-05 10:33:00,187,187,187,187,200
2022-04-05 10:34:00,187,187,187,187,0
2022-04-05 10:35:00,187,187,187,187,0
2022-04-05 10:36:00,187,187,187,187,0
2022-04-05 10:37:00,187,187,187,187,0
2022-04-05 10:38:00,187,187,187,187,0
2022-04-05 10:39:00,187,187,187,187,0
2022-04-05 10:40:00,187,187,187,187,50200
2022-04-05 10:41:00,187,187,187,187,500
2022-04-05 10:42:00,187,187,187,187,5000
2022-04-05 10:43:00,187,187,187,187,0
2022-04-05 10:44:00,187,187,187,187,0
2022-04-05 10:45:00,187,187,187,187,0
2022-04-05 10:46:00,187,187,187,187,1800
2022-04-05 10:47:00,188,188,188,188,500
2022-04-05 10:48:00,188,188,188,188,0
2022-04-05 10:49:00,188,188,188,188,0
2022-04-05 10:50:00,188,188,188,188,1000
2022-04-05 10:51:00,188,188,188,188,0
2022-04-05 10:52:00,188,188,188,188,0
2022-04-05 10:53:00,188,188,188,188,0
2022-04-05 10:54:00,187,187,187,187,400
2022-04-05 10:55:00,187,187,187,187,1000
2022-04-05 10:56:00,187,187,187,187,16000
2022-04-05 10:57:00,187,187,187,187,10000
2022-04-05 10:58:00,187,187,187,187,0
2022-04-05 10:59:00,187,187,187,187,0
2022-04-05 11:00:00,187,187,188,188,10100
2022-04-05 11:01:00,187,187,188,188,0
2022-04-05 11:02:00,188,188,188,188,400
2022-04-05 11:03:00,188,188,188,188,0
2022-04-05 11:04:00,188,188,188,188,0
2022-04-05 11:05:00,188,188,188,188,0
2022-04-05 11:06:00,188,188,188,188,0
2022-04-05 11:07:00,188,188,188,188,0
2022-04-05 11:08:00,188,188,188,188,0
2022-04-05 11:09:00,188,188,188,188,0
2022-04-05 11:10:00,188,188,188,188,0
2022-04-05 11:11:00,188,188,188,188,10600
2022-04-05 11:12:00,188,188,188,188,0
2022-04-05 11:13:00,188,188,188,188,0
2022-04-05 11:14:00,188,188,188,188,0
2022-04-05 11:15:00,188,188,188,188,0
2022-04-05 11:16:00,188,188,188,188,0
2022-04-05 11:17:00,188,188,188,188,0
2022-04-05 11:18:00,188,188,188,188,72600
2022-04-05 11:19:00,188,188,188,188,69500
2022-04-05 11:20:00,187,187,187,187,5000
2022-04-05 11:21:00,187,187,187,187,0
2022-04-05 11:22:00,187,187,187,187,4000
2022-04-05 11:23:00,187,187,187,187,0
2022-04-05 11:24:00,187,187,187,187,0
2022-04-05 11:25:00,188,187,188,187,50000
2022-04-05 11:26:00,188,188,188,188,700
2022-04-05 11:27:00,188,188,188,188,0
2022-04-05 11:28:00,188,188,188,188,0
2022-04-05 11:29:00,188,188,188,188,43600
2022-04-05 11:30:00,188,188,188,188,0
2022-04-05 11:31:00,188,188,188,188,0
2022-04-05 11:32:00,188,188,188,188,0
2022-04-05 11:33:00,188,188,188,188,0
2022-04-05 11:34:00,188,188,188,188,0
2022-04-05 11:35:00,188,188,188,188,0
2022-04-05 11:36:00,188,188,188,188,0
2022-04-05 11:37:00,188,188,188,188,0
2022-04-05 11:38:00,188,188,188,188,0
2022-04-05 11:39:00,188,188,188,188,0
2022-04-05 11:40:00,188,188,188,188,0
2022-04-05 11:41:00,188,188,188,188,0
2022-04-05 11:42:00,188,188,188,188,0
2022-04-05 11:43:00,188,188,188,188,0
2022-04-05 11:44:00,188,188,188,188,0
2022-04-05 11:45:00,188,188,188,188,0
2022-04-05 11:46:00,188,188,188,188,0
2022-04-05 11:47:00,188,188,188,188,0
2022-04-05 11:48:00,188,188,188,188,0
2022-04-05 11:49:00,188,188,188,188,0
2022-04-05 11:50:00,188,188,188,188,0
2022-04-05 11:51:00,188,188,188,188,0
2022-04-05 11:52:00,188,188,188,188,0
2022-04-05 11:53:00,188,188,188,188,0
2022-04-05 11:54:00,188,188,188,188,0
2022-04-05 11:55:00,188,188,188,188,0
2022-04-05 11:56:00,188,188,188,188,0
2022-04-05 11:57:00,188,188,188,188,0
2022-04-05 11:58:00,188,188,188,188,0
2022-04-05 11:59:00,188,188,188,188,0
2022-04-05 12:00:00,188,188,188,188,0
2022-04-05 12:01:00,188,188,188,188,0
2022-04-05 12:02:00,188,188,188,188,0
2022-04-05 12:03:00,188,188,188,188,0
2022-04-05 12:04:00,188,188,188,188,0
2022-04-05 12:05:00,188,188,188,188,0
2022-04-05 12:06:00,188,188,188,188,0
2022-04-05 12:07:00,188,188,188,188,0
2022-04-05 12:08:00,188,188,188,188,0
2022-04-05 12:09:00,188,188,188,188,0
2022-04-05 12:10:00,188,188,188,188,0
2022-04-05 12:11:00,188,188,188,188,0
2022-04-05 12:12:00,188,188,188,188,0
2022-04-05 12:13:00,188,188,188,188,0
2022-04-05 12:14:00,188,188,188,188,0
2022-04-05 12:15:00,188,188,188,188,0
2022-04-05 12:16:00,188,188,188,188,0
2022-04-05 12:17:00,188,188,188,188,0
2022-04-05 12:18:00,188,188,188,188,0
2022-04-05 12:19:00,188,188,188,188,0
2022-04-05 12:20:00,188,188,188,188,0
2022-04-05 12:21:00,188,188,188,188,0
2022-04-05 12:22:00,188,188,188,188,0
2022-04-05 12:23:00,188,188,188,188,0
2022-04-05 12:24:00,188,188,188,188,0
2022-04-05 12:25:00,188,188,188,188,0
2022-04-05 12:26:00,188,188,188,188,0
2022-04-05 12:27:00,188,188,188,188,0
2022-04-05 12:28:00,188,188,188,188,0
2022-04-05 12:29:00,188,188,188,188,0
2022-04-05 12:30:00,188,188,188,188,0
2022-04-05 12:31:00,188,188,188,188,0
2022-04-05 12:32:00,188,188,188,188,0
2022-04-05 12:33:00,188,188,188,188,0
2022-04-05 12:34:00,188,188,188,188,0
2022-04-05 12:35:00,188,188,188,188,0
2022-04-05 12:36:00,188,188,188,188,0
2022-04-05 12:37:00,188,188,188,188,0
2022-04-05 12:38:00,188,188,188,188,0
2022-04-05 12:39:00,188,188,188,188,0
2022-04-05 12:40:00,188,188,188,188,0
2022-04-05 12:41:00,188,188,188,188,0
2022-04-05 12:42:00,188,188,188,188,0
2022-04-05 12:43:00,188,188,188,188,0
2022-04-05 12:44:00,188,188,188,188,0
2022-04-05 12:45:00,188,188,188,188,0
2022-04-05 12:46:00,188,188,188,188,0
2022-04-05 12:47:00,188,188,188,188,0
2022-04-05 12:48:00,188,188,188,188,0
2022-04-05 12:49:00,188,188,188,188,0
2022-04-05 12:50:00,188,188,188,188,0
2022-04-05 12:51:00,188,188,188,188,0
2022-04-05 12:52:00,188,188,188,188,0
2022-04-05 12:53:00,188,188,188,188,0
2022-04-05 12:54:00,188,188,188,188,0
2022-04-05 12:55:00,188,188,188,188,0
2022-04-05 12:56:00,188,188,188,188,0
2022-04-05 12:57:00,188,188,188,188,0
2022-04-05 12:58:00,188,188,188,188,0
2022-04-05 12:59:00,188,188,188,188,0
2022-04-05 13:00:00,188,188,188,188,0
2022-04-05 13:01:00,188,188,188,188,0
2022-04-05 13:02:00,188,188,188,188,0
2022-04-05 13:03:00,188,188,188,188,0
2022-04-05 13:04:00,188,188,188,188,0
2022-04-05 13:05:00,188,188,188,188,0
2022-04-05 13:06:00,188,188,188,188,0
2022-04-05 13:07:00,188,188,188,188,0
2022-04-05 13:08:00,188,188,188,188,0
2022-04-05 13:09:00,188,188,188,188,0
2022-04-05 13:10:00,188,188,188,188,0
2022-04-05 13:11:00,188,188,188,188,0
2022-04-05 13:12:00,188,188,188,188,0
2022-04-05 13:13:00,188,188,188,188,0
2022-04-05 13:14:00,188,188,188,188,0
2022-04-05 13:15:00,188,188,188,188,0
2022-04-05 13:16:00,188,188,188,188,0
2022-04-05 13:17:00,188,188,188,188,0
2022-04-05 13:18:00,188,188,188,188,0
2022-04-05 13:19:00,188,188,188,188,0
2022-04-05 13:20:00,188,188,188,188,0
2022-04-05 13:21:00,188,188,188,188,0
2022-04-05 13:22:00,188,188,188,188,0
2022-04-05 13:23:00,188,188,188,188,0
2022-04-05 13:24:00,188,188,188,188,0
2022-04-05 13:25:00,188,188,188,188,0
2022-04-05 13:26:00,188,188,188,188,0
2022-04-05 13:27:00,188,188,188,188,0
2022-04-05 13:28:00,188,188,188,188,0
2022-04-05 13:29:00,188,188,188,188,0
2022-04-05 13:30:00,188,187,188,187,54800
2022-04-05 13:31:00,188,187,188,187,0
2022-04-05 13:32:00,187,187,187,187,5100
2022-04-05 13:33:00,187,187,187,187,0
2022-04-05 13:34:00,187,187,187,187,300
2022-04-05 13:35:00,188,188,188,188,5200
2022-04-05 13:36:00,188,188,188,188,65700
2022-04-05 13:37:00,188,188,188,188,78600
2022-04-05 13:38:00,188,188,188,188,4400
2022-04-05 13:39:00,188,188,188,188,25100
2022-04-05 13:40:00,188,188,188,188,124700
2022-04-05 13:41:00,188,188,188,188,50000
2022-04-05 13:42:00,188,188,188,188,6600
2022-04-05 13:43:00,188,188,188,188,35000
2022-04-05 13:44:00,188,188,188,188,5100
2022-04-05 13:45:00,188,188,188,188,0
2022-04-05 13:46:00,188,188,188,188,400
2022-04-05 13:47:00,188,188,188,188,16900
2022-04-05 13:48:00,188,188,188,188,0
2022-04-05 13:49:00,188,188,188,188,19800
2022-04-05 13:50:00,188,188,188,188,0
2022-04-05 13:51:00,188,188,188,188,0
2022-04-05 13:52:00,188,188,188,188,53900
2022-04-05 13:53:00,189,189,189,189,9000
2022-04-05 13:54:00,189,189,189,189,2800
2022-04-05 13:55:00,189,189,189,189,0
2022-04-05 13:56:00,189,189,189,189,0
2022-04-05 13:57:00,189,189,189,189,0
2022-04-05 13:58:00,189,189,189,189,5000
2022-04-05 13:59:00,189,189,189,189,500000
2022-04-05 14:00:00,188,188,188,188,5000
2022-04-05 14:01:00,188,188,188,188,34500
2022-04-05 14:02:00,189,189,189,189,15800
2022-04-05 14:03:00,189,189,189,189,0
2022-04-05 14:04:00,189,189,189,189,0
2022-04-05 14:05:00,188,188,188,188,25000
2022-04-05 14:06:00,188,188,188,188,100
2022-04-05 14:07:00,188,188,188,188,10100
2022-04-05 14:08:00,188,188,188,188,0
2022-04-05 14:09:00,188,188,188,188,5000
2022-04-05 14:10:00,188,188,188,188,14000
2022-04-05 14:11:00,188,188,188,188,140100
2022-04-05 14:12:00,188,188,188,188,0
2022-04-05 14:13:00,188,188,188,188,0
2022-04-05 14:14:00,188,188,189,188,13600
2022-04-05 14:15:00,188,188,188,188,127700
2022-04-05 14:16:00,188,188,188,188,2500
2022-04-05 14:17:00,188,188,188,188,10000
2022-04-05 14:18:00,188,188,188,188,40000
2022-04-05 14:19:00,188,188,188,188,0
2022-04-05 14:20:00,188,188,188,188,10000
2022-04-05 14:21:00,188,188,188,188,0
2022-04-05 14:22:00,189,189,189,189,30000
2022-04-05 14:23:00,189,189,189,189,0
2022-04-05 14:24:00,188,188,188,188,15100
2022-04-05 14:25:00,188,188,188,188,100
2022-04-05 14:26:00,188,188,188,188,3000
2022-04-05 14:27:00,188,188,188,188,0
2022-04-05 14:28:00,189,188,189,188,262100
2022-04-05 14:29:00,188,188,188,188,11600
2022-04-05 14:30:00,188,188,188,188,192600
2022-04-05 14:31:00,188,188,188,188,0
2022-04-05 14:32:00,188,188,188,188,0
2022-04-05 14:33:00,188,188,188,188,107200
2022-04-05 14:34:00,188,187,188,187,2900
2022-04-05 14:35:00,188,188,188,188,4600
2022-04-05 14:36:00,188,188,188,188,15800
2022-04-05 14:37:00,188,188,188,188,500
2022-04-05 14:38:00,188,188,188,188,60900
2022-04-05 14:39:00,188,188,188,188,3000
2022-04-05 14:40:00,188,188,188,188,57300
2022-04-05 14:41:00,188,188,188,188,5500
2022-04-05 14:42:00,188,188,188,188,0
2022-04-05 14:43:00,188,188,188,188,0
2022-04-05 14:44:00,188,188,188,188,1100
2022-04-05 14:45:00,188,188,188,188,0
2022-04-05 14:46:00,188,188,188,188,0
2022-04-05 14:47:00,188,188,188,188,29400
2022-04-05 14:48:00,188,188,188,188,104300
2022-04-05 14:49:00,188,188,188,188,0
2022-04-05 14:50:00,188,188,188,188,0
2022-04-05 14:51:00,188,188,188,188,0
2022-04-05 14:52:00,188,188,188,188,0
2022-04-05 14:53:00,188,188,188,188,0
2022-04-05 14:54:00,188,188,188,188,0
2022-04-05 14:55:00,188,188,188,188,0
2022-04-05 14:56:00,188,188,188,188,0
2022-04-05 14:57:00,188,188,188,188,0
2022-04-05 14:58:00,188,188,188,188,0
2022-04-05 14:59:00,188,188,188,188,0
2022-04-05 15:00:00,187,187,187,187,547400
2022-04-05 15:01:00,187,187,187,187,5000
2022-04-05 15:02:00,187,187,187,187,1100
2022-04-05 15:03:00,187,187,187,187,1000
2022-04-05 15:04:00,187,187,187,187,52600
2022-04-05 15:05:00,187,187,187,187,100
2022-04-05 15:06:00,187,187,187,187,0
2022-04-05 15:07:00,187,187,187,187,0
2022-04-05 15:08:00,187,187,187,187,0
2022-04-05 15:09:00,187,187,187,187,0
2022-04-05 15:10:00,187,187,187,187,0
2022-04-05 15:11:00,187,187,187,187,0
2022-04-05 15:12:00,187,187,187,187,0
2022-04-05 15:13:00,187,187,187,187,1000
2022-04-05 15:14:00,187,187,187,187,0
2022-04-05 15:15:00,187,187,187,187,0
2022-04-05 15:16:00,187,187,187,187,0
2022-04-05 15:17:00,187,187,187,187,0
2022-04-05 15:18:00,187,187,187,187,0
2022-04-05 15:19:00,187,187,187,187,0
2022-04-05 15:20:00,187,187,187,187,0
2022-04-05 15:21:00,187,187,187,187,0
2022-04-05 15:22:00,187,187,187,187,0
2022-04-05 15:23:00,187,187,187,187,0
2022-04-05 15:24:00,187,187,187,187,0
2022-04-05 15:25:00,187,187,187,187,0
2022-04-05 15:26:00,187,187,187,187,0
2022-04-05 15:27:00,187,187,187,187,0
2022-04-05 15:28:00,187,187,187,187,0
2022-04-05 15:29:00,187,187,187,187,0
2022-04-05 15:30:00,187,187,187,187,0
2022-04-05 15:31:00,187,187,187,187,0
2022-04-05 15:32:00,187,187,187,187,0
2022-04-05 15:33:00,187,187,187,187,0
2022-04-05 15:34:00,187,187,187,187,0
2022-04-05 15:35:00,187,187,187,187,0
2022-04-05 15:36:00,187,187,187,187,0
2022-04-05 15:37:00,187,187,187,187,0
2022-04-05 15:38:00,187,187,187,187,0
2022-04-05 15:39:00,187,187,187,187,0
2022-04-05 15:40:00,187,187,187,187,0
2022-04-05 15:41:00,187,187,187,187,0
2022-04-05 15:42:00,187,187,187,187,0
2022-04-05 15:43:00,187,187,187,187,0
2022-04-05 15:44:00,187,187,187,187,0
2022-04-05 15:45:00,187,187,187,187,0
2022-04-05 15:46:00,187,187,187,187,0
2022-04-05 15:47:00,187,187,187,187,0
2022-04-05 15:48:00,187,187,187,187,0
2022-04-05 15:49:00,187,187,187,187,0
2022-04-05 15:50:00,187,187,187,187,0
2022-04-05 15:51:00,187,187,187,187,0
2022-04-05 15:52:00,187,187,187,187,0
2022-04-05 15:53:00,187,187,187,187,0
2022-04-05 15:54:00,187,187,187,187,0
2022-04-05 15:55:00,187,187,187,187,0
2022-04-05 15:56:00,187,187,187,187,0
2022-04-05 15:57:00,187,187,187,187,0
2022-04-05 15:58:00,187,187,187,187,0
2022-04-05 15:59:00,187,187,187,187,0
2022-04-06 09:00:00,187,187,188,188,0
2022-04-06 09:01:00,187,187,187,187,10500
2022-04-06 09:02:00,187,187,187,187,7800
2022-04-06 09:03:00,188,187,188,187,108100
2022-04-06 09:04:00,188,188,188,188,600
2022-04-06 09:05:00,188,188,188,188,14500
2022-04-06 09:06:00,188,188,188,188,4500
2022-04-06 09:07:00,187,187,187,187,140000
2022-04-06 09:08:00,187,187,187,187,0
2022-04-06 09:09:00,187,187,187,187,10000
2022-04-06 09:10:00,187,187,188,187,62900
2022-04-06 09:11:00,187,187,187,187,1000
2022-04-06 09:12:00,187,187,187,187,0
2022-04-06 09:13:00,188,188,188,188,1000
2022-04-06 09:14:00,187,187,187,187,500
2022-04-06 09:15:00,187,187,187,187,1000
2022-04-06 09:16:00,187,187,187,187,0
2022-04-06 09:17:00,188,188,188,188,6000
2022-04-06 09:18:00,188,188,188,188,0
2022-04-06 09:19:00,188,188,188,188,0
2022-04-06 09:20:00,188,188,188,188,101600
2022-04-06 09:21:00,188,188,188,188,0
2022-04-06 09:22:00,188,188,188,188,100
2022-04-06 09:23:00,188,188,188,188,10000
2022-04-06 09:24:00,188,188,188,188,20000
2022-04-06 09:25:00,188,188,188,188,32400
2022-04-06 09:26:00,187,187,188,188,402700
2022-04-06 09:27:00,187,187,188,188,0
2022-04-06 09:28:00,188,188,188,188,100
2022-04-06 09:29:00,187,187,188,188,7600
2022-04-06 09:30:00,187,187,187,187,100000
2022-04-06 09:31:00,187,187,187,187,2500
2022-04-06 09:32:00,187,187,187,187,39900
2022-04-06 09:33:00,187,187,187,187,100
2022-04-06 09:34:00,187,187,187,187,8900
2022-04-06 09:35:00,187,187,187,187,41300
2022-04-06 09:36:00,187,187,187,187,1500
2022-04-06 09:37:00,187,187,187,187,0
2022-04-06 09:38:00,187,187,187,187,0
2022-04-06 09:39:00,187,187,187,187,2200
2022-04-06 09:40:00,187,187,187,187,0
2022-04-06 09:41:00,187,187,187,187,0
2022-04-06 09:42:00,187,187,187,187,0
2022-04-06 09:43:00,187,187,187,187,0
2022-04-06 09:44:00,187,187,187,187,0
2022-04-06 09:45:00,187,187,187,187,30000
2022-04-06 09:46:00,187,187,187,187,0
2022-04-06 09:47:00,187,187,187,187,0
2022-04-06 09:48:00,187,187,187,187,0
2022-04-06 09:49:00,187,187,187,187,0
2022-04-06 09:50:00,187,186,187,186,177900
2022-04-06 09:51:00,187,186,187,186,0
2022-04-06 09:52:00,186,186,186,186,100
2022-04-06 09:53:00,186,186,186,186,18200
2022-04-06 09:54:00,186,186,186,186,24100
2022-04-06 09:55:00,185,185,186,185,3300
2022-04-06 09:56:00,186,186,186,186,1500
2022-04-06 09:57:00,186,185,186,185,37600
2022-04-06 09:58:00,185,185,186,186,295400
2022-04-06 09:59:00,186,186,186,186,11200
2022-04-06 10:00:00,185,185,185,185,2400
2022-04-06 10:01:00,185,185,186,186,6500
2022-04-06 10:02:00,185,185,185,185,2000
2022-04-06 10:03:00,185,185,185,185,4000
2022-04-06 10:04:00,185,185,185,185,22700
2022-04-06 10:05:00,185,185,185,185,0
2022-04-06 10:06:00,185,185,185,185,20000
2022-04-06 10:07:00,185,185,185,185,16500
2022-04-06 10:08:00,185,185,185,185,199000
2022-04-06 10:09:00,185,184,185,184,114400
2022-04-06 10:10:00,185,185,185,185,301000
2022-04-06 10:11:00,185,185,185,185,0
2022-04-06 10:12:00,185,184,185,184,45100
2022-04-06 10:13:00,184,184,184,184,5200
2022-04-06 10:14:00,184,184,185,185,96900
2022-04-06 10:15:00,185,185,185,185,3400
2022-04-06 10:16:00,185,185,185,185,53500
2022-04-06 10:17:00,185,185,185,185,6100
2022-04-06 10:18:00,185,185,185,185,0
2022-04-06 10:19:00,185,185,185,185,100
2022-04-06 10:20:00,185,185,185,185,1400
2022-04-06 10:21:00,185,185,185,185,0
2022-04-06 10:22:00,184,184,184,184,700
2022-04-06 10:23:00,185,185,185,185,260000
2022-04-06 10:24:00,185,185,185,185,100
2022-04-06 10:25:00,185,185,185,185,20100
2022-04-06 10:26:00,185,185,185,185,50100
2022-04-06 10:27:00,185,185,185,185,13900
2022-04-06 10:28:00,186,186,186,186,392600
2022-04-06 10:29:00,186,186,186,186,23000
2022-04-06 10:30:00,186,186,186,186,16500
2022-04-06 10:31:00,186,186,186,186,10000
2022-04-06 10:32:00,186,186,186,186,0
2022-04-06 10:33:00,186,186,186,186,2300
2022-04-06 10:34:00,186,185,186,185,2400
2022-04-06 10:35:00,186,186,186,186,100
2022-04-06 10:36:00,185,185,185,185,100000
2022-04-06 10:37:00,185,185,185,185,0
2022-04-06 10:38:00,185,185,185,185,0
2022-04-06 10:39:00,185,185,185,185,0
2022-04-06 10:40:00,185,185,185,185,0
2022-04-06 10:41:00,185,185,185,185,0
2022-04-06 10:42:00,185,185,185,185,0
2022-04-06 10:43:00,186,186,186,186,5200
2022-04-06 10:44:00,186,186,186,186,0
2022-04-06 10:45:00,186,186,186,186,13500
2022-04-06 10:46:00,186,186,186,186,2500
2022-04-06 10:47:00,186,186,186,186,2500
2022-04-06 10:48:00,186,186,186,186,0
2022-04-06 10:49:00,186,186,186,186,500
2022-04-06 10:50:00,186,186,186,186,0
2022-04-06 10:51:00,185,185,185,185,2000
2022-04-06 10:52:00,185,185,185,185,0
2022-04-06 10:53:00,185,185,185,185,35400
2022-04-06 10:54:00,185,185,185,185,0
2022-04-06 10:55:00,185,185,185,185,0
2022-04-06 10:56:00,185,185,185,185,0
2022-04-06 10:57:00,185,185,185,185,0
2022-04-06 10:58:00,185,185,185,185,0
2022-04-06 10:59:00,185,185,185,185,159000
2022-04-06 11:00:00,185,185,185,185,500
2022-04-06 11:01:00,185,185,185,185,0
2022-04-06 11:02:00,185,185,185,185,2500
2022-04-06 11:03:00,184,184,184,184,100000
2022-04-06 11:04:00,184,184,184,184,0
2022-04-06 11:05:00,184,184,184,184,0
2022-04-06 11:06:00,184,184,184,184,43600
2022-04-06 11:07:00,184,184,184,184,0
2022-04-06 11:08:00,184,184,184,184,0
2022-04-06 11:09:00,184,184,184,184,0
2022-04-06 11:10:00,184,184,185,184,500
2022-04-06 11:11:00,184,184,185,184,0
2022-04-06 11:12:00,184,184,185,184,0
2022-04-06 11:13:00,184,184,185,184,0
2022-04-06 11:14:00,184,184,185,184,0
2022-04-06 11:15:00,184,184,185,184,0
2022-04-06 11:16:00,184,184,185,184,0
2022-04-06 11:17:00,184,184,185,184,0
2022-04-06 11:18:00,184,184,185,185,138700
2022-04-06 11:19:00,184,184,185,185,0
2022-04-06 11:20:00,184,184,185,185,0
2022-04-06 11:21:00,184,184,185,185,0
2022-04-06 11:22:00,184,184,185,185,0
2022-04-06 11:23:00,185,185,185,185,10000
2022-04-06 11:24:00,185,185,185,185,1000
2022-04-06 11:25:00,185,185,185,185,0
2022-04-06 11:26:00,185,185,185,185,0
2022-04-06 11:27:00,185,185,185,185,500
2022-04-06 11:28:00,185,185,185,185,0
2022-04-06 11:29:00,185,185,185,185,0
2022-04-06 11:30:00,185,185,185,185,0
2022-04-06 11:31:00,185,185,185,185,0
2022-04-06 11:32:00,185,185,185,185,0
2022-04-06 11:33:00,185,185,185,185,0
2022-04-06 11:34:00,185,185,185,185,0
2022-04-06 11:35:00,185,185,185,185,0
2022-04-06 11:36:00,185,185,185,185,0
2022-04-06 11:37:00,185,185,185,185,0
2022-04-06 11:38:00,185,185,185,185,0
2022-04-06 11:39:00,185,185,185,185,0
2022-04-06 11:40:00,185,185,185,185,0
2022-04-06 11:41:00,185,185,185,185,0
2022-04-06 11:42:00,185,185,185,185,0
2022-04-06 11:43:00,185,185,185,185,0
2022-04-06 11:44:00,185,185,185,185,0
2022-04-06 11:45:00,185,185,185,185,0
2022-04-06 11:46:00,185,185,185,185,0
2022-04-06 11:47:00,185,185,185,185,0
2022-04-06 11:48:00,185,185,185,185,0
2022-04-06 11:49:00,185,185,185,185,0
2022-04-06 11:50:00,185,185,185,185,0
2022-04-06 11:51:00,185,185,185,185,0
2022-04-06 11:52:00,185,185,185,185,0
2022-04-06 11:53:00,185,185,185,185,0
2022-04-06 11:54:00,185,185,185,185,0
2022-04-06 11:55:00,185,185,185,185,0
2022-04-06 11:56:00,185,185,185,185,0
2022-04-06 11:57:00,185,185,185,185,0
2022-04-06 11:58:00,185,185,185,185,0
2022-04-06 11:59:00,185,185,185,185,0
2022-04-06 12:00:00,185,185,185,185,0
2022-04-06 12:01:00,185,185,185,185,0
2022-04-06 12:02:00,185,185,185,185,0
2022-04-06 12:03:00,185,185,185,185,0
2022-04-06 12:04:00,185,185,185,185,0
2022-04-06 12:05:00,185,185,185,185,0
2022-04-06 12:06:00,185,185,185,185,0
2022-04-06 12:07:00,185,185,185,185,0
2022-04-06 12:08:00,185,185,185,185,0
2022-04-06 12:09:00,185,185,185,185,0
2022-04-06 12:10:00,185,185,185,185,0
2022-04-06 12:11:00,185,185,185,185,0
2022-04-06 12:12:00,185,185,185,185,0
2022-04-06 12:13:00,185,185,185,185,0
2022-04-06 12:14:00,185,185,185,185,0
2022-04-06 12:15:00,185,185,185,185,0
2022-04-06 12:16:00,185,185,185,185,0
2022-04-06 12:17:00,185,185,185,185,0
2022-04-06 12:18:00,185,185,185,185,0
2022-04-06 12:19:00,185,185,185,185,0
2022-04-06 12:20:00,185,185,185,185,0
2022-04-06 12:21:00,185,185,185,185,0
2022-04-06 12:22:00,185,185,185,185,0
2022-04-06 12:23:00,185,185,185,185,0
2022-04-06 12:24:00,185,185,185,185,0
2022-04-06 12:25:00,185,185,185,185,0
2022-04-06 12:26:00,185,185,185,185,0
2022-04-06 12:27:00,185,185,185,185,0
2022-04-06 12:28:00,185,185,185,185,0
2022-04-06 12:29:00,185,185,185,185,0
2022-04-06 12:30:00,185,185,185,185,0
2022-04-06 12:31:00,185,185,185,185,0
2022-04-06 12:32:00,185,185,185,185,0
2022-04-06 12:33:00,185,185,185,185,0
2022-04-06 12:34:00,185,185,185,185,0
2022-04-06 12:35:00,185,185,185,185,0
2022-04-06 12:36:00,185,185,185,185,0
2022-04-06 12:37:00,185,185,185,185,0
2022-04-06 12:38:00,185,185,185,185,0
2022-04-06 12:39:00,185,185,185,185,0
2022-04-06 12:40:00,185,185,185,185,0
2022-04-06 12:41:00,185,185,185,185,0
2022-04-06 12:42:00,185,185,185,185,0
2022-04-06 12:43:00,185,185,185,185,0
2022-04-06 12:44:00,185,185,185,185,0
2022-04-06 12:45:00,185,185,185,185,0
2022-04-06 12:46:00,185,185,185,185,0
2022-04-06 12:47:00,185,185,185,185,0
2022-04-06 12:48:00,185,185,185,185,0
2022-04-06 12:49:00,185,185,185,185,0
2022-04-06 12:50:00,185,185,185,185,0
2022-04-06 12:51:00,185,185,185,185,0
2022-04-06 12:52:00,185,185,185,185,0
2022-04-06 12:53:00,185,185,185,185,0
2022-04-06 12:54:00,185,185,185,185,0
2022-04-06 12:55:00,185,185,185,185,0
2022-04-06 12:56:00,185,185,185,185,0
2022-04-06 12:57:00,185,185,185,185,0
2022-04-06 12:58:00,185,185,185,185,0
2022-04-06 12:59:00,185,185,185,185,0
2022-04-06 13:00:00,185,185,185,185,0
2022-04-06 13:01:00,185,185,185,185,0
2022-04-06 13:02:00,185,185,185,185,0
2022-04-06 13:03:00,185,185,185,185,0
2022-04-06 13:04:00,185,185,185,185,0
2022-04-06 13:05:00,185,185,185,185,0
2022-04-06 13:06:00,185,185,185,185,0
2022-04-06 13:07:00,185,185,185,185,0
2022-04-06 13:08:00,185,185,185,185,0
2022-04-06 13:09:00,185,185,185,185,0
2022-04-06 13:10:00,185,185,185,185,0
2022-04-06 13:11:00,185,185,185,185,0
2022-04-06 13:12:00,185,185,185,185,0
2022-04-06 13:13:00,185,185,185,185,0
2022-04-06 13:14:00,185,185,185,185,0
2022-04-06 13:15:00,185,185,185,185,0
2022-04-06 13:16:00,185,185,185,185,0
2022-04-06 13:17:00,185,185,185,185,0
2022-04-06 13:18:00,185,185,185,185,0
2022-04-06 13:19:00,185,185,185,185,0
2022-04-06 13:20:00,185,185,185,185,0
2022-04-06 13:21:00,185,185,185,185,0
2022-04-06 13:22:00,185,185,185,185,0
2022-04-06 13:23:00,185,185,185,185,0
2022-04-06 13:24:00,185,185,185,185,0
2022-04-06 13:25:00,185,185,185,185,0
2022-04-06 13:26:00,185,185,185,185,0
2022-04-06 13:27:00,185,185,185,185,0
2022-04-06 13:28:00,185,185,185,185,0
2022-04-06 13:29:00,185,185,185,185,0
2022-04-06 13:30:00,186,185,186,185,3000
2022-04-06 13:31:00,186,185,186,185,0
2022-04-06 13:32:00,186,186,186,186,4800
2022-04-06 13:33:00,186,186,186,186,0
2022-04-06 13:34:00,186,186,186,186,0
2022-04-06 13:35:00,186,186,186,186,0
2022-04-06 13:36:00,185,185,185,185,26100
2022-04-06 13:37:00,185,185,185,185,0
2022-04-06 13:38:00,185,185,185,185,0
2022-04-06 13:39:00,185,185,185,185,0
2022-04-06 13:40:00,185,185,185,185,0
2022-04-06 13:41:00,185,185,185,185,0
2022-04-06 13:42:00,185,185,185,185,0
2022-04-06 13:43:00,185,185,186,186,120900
2022-04-06 13:44:00,185,185,186,186,0
2022-04-06 13:45:00,186,186,186,186,50000
2022-04-06 13:46:00,186,186,186,186,0
2022-04-06 13:47:00,186,186,186,186,0
2022-04-06 13:48:00,186,186,186,186,0
2022-04-06 13:49:00,186,186,186,186,0
2022-04-06 13:50:00,186,186,186,186,600
2022-04-06 13:51:00,186,186,186,186,0
2022-04-06 13:52:00,186,186,186,186,0
2022-04-06 13:53:00,186,186,186,186,0
2022-04-06 13:54:00,186,186,186,186,0
2022-04-06 13:55:00,186,186,186,186,1000
2022-04-06 13:56:00,186,186,186,186,0
2022-04-06 13:57:00,187,187,187,187,232800
2022-04-06 13:58:00,187,187,187,187,0
2022-04-06 13:59:00,187,187,187,187,10000
2022-04-06 14:00:00,187,187,187,187,38800
2022-04-06 14:01:00,187,187,187,187,10800
2022-04-06 14:02:00,187,187,187,187,150700
2022-04-06 14:03:00,187,187,187,187,7200
2022-04-06 14:04:00,187,187,187,187,0
2022-04-06 14:05:00,187,187,187,187,5000
2022-04-06 14:06:00,187,187,187,187,48000
2022-04-06 14:07:00,188,188,188,188,1000
2022-04-06 14:08:00,188,188,188,188,0
2022-04-06 14:09:00,188,188,188,188,0
2022-04-06 14:10:00,187,187,187,187,2200
2022-04-06 14:11:00,187,187,187,187,7800
2022-04-06 14:12:00,187,187,187,187,0
2022-04-06 14:13:00,187,187,188,188,30200
2022-04-06 14:14:00,187,187,187,187,1000
2022-04-06 14:15:00,187,187,187,187,7900
2022-04-06 14:16:00,187,187,187,187,71000
2022-04-06 14:17:00,187,187,187,187,0
2022-04-06 14:18:00,187,187,187,187,0
2022-04-06 14:19:00,187,187,187,187,1300
2022-04-06 14:20:00,187,187,187,187,0
2022-04-06 14:21:00,187,187,187,187,5000
2022-04-06 14:22:00,187,186,187,186,6500
2022-04-06 14:23:00,185,185,186,186,59700
2022-04-06 14:24:00,187,187,187,187,8100
2022-04-06 14:25:00,187,187,187,187,0
2022-04-06 14:26:00,187,187,187,187,300
2022-04-06 14:27:00,187,187,187,187,0
2022-04-06 14:28:00,186,186,186,186,500
2022-04-06 14:29:00,186,186,186,186,0
2022-04-06 14:30:00,186,186,186,186,0
2022-04-06 14:31:00,186,186,186,186,8500
2022-04-06 14:32:00,186,186,186,186,0
2022-04-06 14:33:00,186,186,186,186,20000
2022-04-06 14:34:00,186,186,186,186,6100
2022-04-06 14:35:00,186,186,186,186,12100
2022-04-06 14:36:00,186,186,186,186,32500
2022-04-06 14:37:00,186,186,186,186,0
2022-04-06 14:38:00,186,186,186,186,0
2022-04-06 14:39:00,186,186,186,186,0
2022-04-06 14:40:00,186,186,186,186,0
2022-04-06 14:41:00,186,186,186,186,0
2022-04-06 14:42:00,186,186,186,186,0
2022-04-06 14:43:00,186,186,186,186,0
2022-04-06 14:44:00,186,186,186,186,0
2022-04-06 14:45:00,187,186,187,186,75500
2022-04-06 14:46:00,187,186,187,186,0
2022-04-06 14:47:00,186,186,186,186,85600
2022-04-06 14:48:00,186,186,186,186,0
2022-04-06 14:49:00,186,186,186,186,0
2022-04-06 14:50:00,186,186,186,186,0
2022-04-06 14:51:00,186,186,186,186,0
2022-04-06 14:52:00,186,186,186,186,0
2022-04-06 14:53:00,186,186,186,186,0
2022-04-06 14:54:00,186,186,186,186,0
2022-04-06 14:55:00,186,186,186,186,0
2022-04-06 14:56:00,186,186,186,186,0
2022-04-06 14:57:00,186,186,186,186,0
2022-04-06 14:58:00,186,186,186,186,0
2022-04-06 14:59:00,186,186,186,186,0
2022-04-06 15:00:00,185,185,185,185,661600
2022-04-06 15:01:00,185,185,185,185,27000
2022-04-06 15:02:00,185,185,185,185,19900
2022-04-06 15:03:00,185,185,185,185,5400
2022-04-06 15:04:00,185,185,185,185,113800
2022-04-06 15:05:00,185,185,185,185,0
2022-04-06 15:06:00,185,185,185,185,0
2022-04-06 15:07:00,185,185,185,185,7500
2022-04-06 15:08:00,185,185,185,185,0
2022-04-06 15:09:00,185,185,185,185,0
2022-04-06 15:10:00,185,185,185,185,0
2022-04-06 15:11:00,185,185,185,185,0
2022-04-06 15:12:00,185,185,185,185,0
2022-04-06 15:13:00,185,185,185,185,0
2022-04-06 15:14:00,185,185,185,185,30000
2022-04-06 15:15:00,185,185,185,185,0
2022-04-06 15:16:00,185,185,185,185,0
2022-04-06 15:17:00,185,185,185,185,0
2022-04-06 15:18:00,185,185,185,185,0
2022-04-06 15:19:00,185,185,185,185,0
2022-04-06 15:20:00,185,185,185,185,0
2022-04-06 15:21:00,185,185,185,185,0
2022-04-06 15:22:00,185,185,185,185,0
2022-04-06 15:23:00,185,185,185,185,0
2022-04-06 15:24:00,185,185,185,185,0
2022-04-06 15:25:00,185,185,185,185,0
2022-04-06 15:26:00,185,185,185,185,0
2022-04-06 15:27:00,185,185,185,185,0
2022-04-06 15:28:00,185,185,185,185,0
2022-04-06 15:29:00,185,185,185,185,0
2022-04-06 15:30:00,185,185,185,185,0
2022-04-06 15:31:00,185,185,185,185,0
2022-04-06 15:32:00,185,185,185,185,0
2022-04-06 15:33:00,185,185,185,185,0
2022-04-06 15:34:00,185,185,185,185,0
2022-04-06 15:35:00,185,185,185,185,0
2022-04-06 15:36:00,185,185,185,185,0
2022-04-06 15:37:00,185,185,185,185,0
2022-04-06 15:38:00,185,185,185,185,0
2022-04-06 15:39:00,185,185,185,185,0
2022-04-06 15:40:00,185,185,185,185,0
2022-04-06 15:41:00,185,185,185,185,0
2022-04-06 15:42:00,185,185,185,185,0
2022-04-06 15:43:00,185,185,185,185,0
2022-04-06 15:44:00,185,185,185,185,0
2022-04-06 15:45:00,185,185,185,185,0
2022-04-06 15:46:00,185,185,185,185,0
2022-04-06 15:47:00,185,185,185,185,0
2022-04-06 15:48:00,185,185,185,185,0
2022-04-06 15:49:00,185,185,185,185,0
2022-04-06 15:50:00,185,185,185,185,0
2022-04-06 15:51:00,185,185,185,185,0
2022-04-06 15:52:00,185,185,185,185,0
2022-04-06 15:53:00,185,185,185,185,0
2022-04-06 15:54:00,185,185,185,185,0
2022-04-06 15:55:00,185,185,185,185,0
2022-04-06 15:56:00,185,185,185,185,0
2022-04-06 15:57:00,185,185,185,185,0
2022-04-06 15:58:00,185,185,185,185,0
2022-04-06 15:59:00,185,185,185,185,0
2022-04-07 09:00:00,185,185,186,186,0
2022-04-07 09:01:00,186,186,186,186,28200
2022-04-07 09:02:00,186,186,186,186,0
2022-04-07 09:03:00,186,186,186,186,0
2022-04-07 09:04:00,185,185,185,185,10800
2022-04-07 09:05:00,185,185,185,185,2500
2022-04-07 09:06:00,185,185,185,185,0
2022-04-07 09:07:00,185,185,185,185,0
2022-04-07 09:08:00,185,185,185,185,0
2022-04-07 09:09:00,185,185,185,185,0
2022-04-07 09:10:00,185,185,185,185,300
2022-04-07 09:11:00,186,186,186,186,3800
2022-04-07 09:12:00,186,186,186,186,5000
2022-04-07 09:13:00,186,186,186,186,0
2022-04-07 09:14:00,186,186,186,186,500
2022-04-07 09:15:00,186,185,186,185,600
2022-04-07 09:16:00,186,185,186,185,0
2022-04-07 09:17:00,186,186,186,186,200
2022-04-07 09:18:00,186,186,186,186,0
2022-04-07 09:19:00,186,186,186,186,10000
2022-04-07 09:20:00,186,186,186,186,0
2022-04-07 09:21:00,186,186,186,186,70000
2022-04-07 09:22:00,186,186,186,186,0
2022-04-07 09:23:00,186,186,186,186,500
2022-04-07 09:24:00,186,186,186,186,0
2022-04-07 09:25:00,186,186,186,186,600
2022-04-07 09:26:00,186,185,186,185,1000
2022-04-07 09:27:00,186,185,186,185,0
2022-04-07 09:28:00,185,185,185,185,5000
2022-04-07 09:29:00,185,185,185,185,0
2022-04-07 09:30:00,185,185,185,185,0
2022-04-07 09:31:00,185,185,185,185,1000
2022-04-07 09:32:00,185,185,185,185,5300
2022-04-07 09:33:00,185,185,185,185,0
2022-04-07 09:34:00,185,185,185,185,0
2022-04-07 09:35:00,185,185,185,185,0
2022-04-07 09:36:00,185,185,185,185,0
2022-04-07 09:37:00,185,185,185,185,3200
2022-04-07 09:38:00,186,186,186,186,172200
2022-04-07 09:39:00,186,186,186,186,0
2022-04-07 09:40:00,186,186,186,186,20000
2022-04-07 09:41:00,186,186,186,186,0
2022-04-07 09:42:00,186,186,186,186,0
2022-04-07 09:43:00,186,186,186,186,100
2022-04-07 09:44:00,186,186,186,186,0
2022-04-07 09:45:00,186,186,186,186,43900
2022-04-07 09:46:00,185,185,185,185,8700
2022-04-07 09:47:00,186,185,186,185,25000
2022-04-07 09:48:00,186,185,186,185,0
2022-04-07 09:49:00,185,185,186,186,27500
2022-04-07 09:50:00,185,185,185,185,2000
2022-04-07 09:51:00,185,185,185,185,0
2022-04-07 09:52:00,185,185,185,185,15000
2022-04-07 09:53:00,185,185,185,185,2400
2022-04-07 09:54:00,185,185,185,185,0
2022-04-07 09:55:00,185,185,185,185,10000
2022-04-07 09:56:00,185,185,185,185,13000
2022-04-07 09:57:00,185,185,185,185,100
2022-04-07 09:58:00,185,185,185,185,0
2022-04-07 09:59:00,185,185,185,185,0
2022-04-07 10:00:00,185,185,185,185,0
2022-04-07 10:01:00,185,185,185,185,30000
2022-04-07 10:02:00,185,185,185,185,0
2022-04-07 10:03:00,186,186,186,186,53000
2022-04-07 10:04:00,186,186,186,186,0
2022-04-07 10:05:00,186,186,186,186,0
2022-04-07 10:06:00,186,186,186,186,13000
2022-04-07 10:07:00,186,186,186,186,0
2022-04-07 10:08:00,186,186,186,186,0
2022-04-07 10:09:00,186,186,186,186,0
2022-04-07 10:10:00,186,186,186,186,0
2022-04-07 10:11:00,186,186,186,186,86300
2022-04-07 10:12:00,186,186,186,186,30000
2022-04-07 10:13:00,186,186,186,186,0
2022-04-07 10:14:00,186,186,186,186,30000
2022-04-07 10:15:00,186,186,186,186,0
2022-04-07 10:16:00,186,186,186,186,0
2022-04-07 10:17:00,186,186,186,186,3000
2022-04-07 10:18:00,186,186,186,186,0
2022-04-07 10:19:00,186,186,186,186,0
2022-04-07 10:20:00,186,186,186,186,7400
2022-04-07 10:21:00,186,186,186,186,12700
2022-04-07 10:22:00,187,187,187,187,154000
2022-04-07 10:23:00,187,187,187,187,10000
2022-04-07 10:24:00,188,187,188,187,200100
2022-04-07 10:25:00,187,187,187,187,56200
2022-04-07 10:26:00,187,187,187,187,0
2022-04-07 10:27:00,188,188,188,188,500000
2022-04-07 10:28:00,188,188,190,189,1707400
2022-04-07 10:29:00,190,189,190,189,202000
2022-04-07 10:30:00,190,189,190,189,113000
2022-04-07 10:31:00,190,189,190,189,31000
2022-04-07 10:32:00,190,189,190,189,16600
2022-04-07 10:33:00,189,189,189,189,327700
2022-04-07 10:34:00,189,189,189,189,61800
2022-04-07 10:35:00,189,189,190,189,60700
2022-04-07 10:36:00,189,189,189,189,166700
2022-04-07 10:37:00,189,189,189,189,33800
2022-04-07 10:38:00,189,189,190,190,3500
2022-04-07 10:39:00,190,190,190,190,50000
2022-04-07 10:40:00,190,190,190,190,2000
2022-04-07 10:41:00,189,189,189,189,10000
2022-04-07 10:42:00,189,189,189,189,56100
2022-04-07 10:43:00,189,189,189,189,79100
2022-04-07 10:44:00,189,189,189,189,0
2022-04-07 10:45:00,189,189,189,189,100
2022-04-07 10:46:00,188,188,188,188,2800
2022-04-07 10:47:00,188,188,188,188,0
2022-04-07 10:48:00,189,189,189,189,9400
2022-04-07 10:49:00,189,189,189,189,37600
2022-04-07 10:50:00,189,189,189,189,2000
2022-04-07 10:51:00,189,189,189,189,2100
2022-04-07 10:52:00,189,189,189,189,5000
2022-04-07 10:53:00,189,189,189,189,100
2022-04-07 10:54:00,189,189,190,189,72700
2022-04-07 10:55:00,189,189,189,189,500
2022-04-07 10:56:00,189,189,189,189,5000
2022-04-07 10:57:00,189,189,189,189,10200
2022-04-07 10:58:00,189,189,189,189,100
2022-04-07 10:59:00,189,189,189,189,12500
2022-04-07 11:00:00,189,189,189,189,0
2022-04-07 11:01:00,189,189,189,189,0
2022-04-07 11:02:00,189,189,189,189,43000
2022-04-07 11:03:00,189,189,189,189,26500
2022-04-07 11:04:00,189,189,189,189,40500
2022-04-07 11:05:00,189,189,189,189,10000
2022-04-07 11:06:00,189,189,189,189,0
2022-04-07 11:07:00,189,189,189,189,0
2022-04-07 11:08:00,189,189,189,189,0
2022-04-07 11:09:00,189,189,189,189,0
2022-04-07 11:10:00,188,188,188,188,100
2022-04-07 11:11:00,188,188,188,188,0
2022-04-07 11:12:00,188,188,188,188,200
2022-04-07 11:13:00,188,188,188,188,3100
2022-04-07 11:14:00,188,188,188,188,20000
2022-04-07 11:15:00,188,188,188,188,0
2022-04-07 11:16:00,188,188,188,188,0
2022-04-07 11:17:00,188,188,188,188,400
2022-04-07 11:18:00,189,189,189,189,100
2022-04-07 11:19:00,189,189,189,189,0
2022-04-07 11:20:00,189,189,189,189,0
2022-04-07 11:21:00,188,188,188,188,1200
2022-04-07 11:22:00,188,188,188,188,0
2022-04-07 11:23:00,188,188,188,188,100
2022-04-07 11:24:00,189,189,189,189,1200
2022-04-07 11:25:00,189,189,189,189,50000
2022-04-07 11:26:00,189,189,189,189,4900
2022-04-07 11:27:00,189,189,189,189,0
2022-04-07 11:28:00,188,188,188,188,13000
2022-04-07 11:29:00,188,188,188,188,2000
2022-04-07 11:30:00,188,188,188,188,0
2022-04-07 11:31:00,188,188,188,188,0
2022-04-07 11:32:00,188,188,188,188,0
2022-04-07 11:33:00,188,188,188,188,0
2022-04-07 11:34:00,188,188,188,188,0
2022-04-07 11:35:00,188,188,188,188,0
2022-04-07 11:36:00,188,188,188,188,0
2022-04-07 11:37:00,188,188,188,188,0
2022-04-07 11:38:00,188,188,188,188,0
2022-04-07 11:39:00,188,188,188,188,0
2022-04-07 11:40:00,188,188,188,188,0
2022-04-07 11:41:00,188,188,188,188,0
2022-04-07 11:42:00,188,188,188,188,0
2022-04-07 11:43:00,188,188,188,188,0
2022-04-07 11:44:00,188,188,188,188,0
2022-04-07 11:45:00,188,188,188,188,0
2022-04-07 11:46:00,188,188,188,188,0
2022-04-07 11:47:00,188,188,188,188,0
2022-04-07 11:48:00,188,188,188,188,0
2022-04-07 11:49:00,188,188,188,188,0
2022-04-07 11:50:00,188,188,188,188,0
2022-04-07 11:51:00,188,188,188,188,0
2022-04-07 11:52:00,188,188,188,188,0
2022-04-07 11:53:00,188,188,188,188,0
2022-04-07 11:54:00,188,188,188,188,0
2022-04-07 11:55:00,188,188,188,188,0
2022-04-07 11:56:00,188,188,188,188,0
2022-04-07 11:57:00,188,188,188,188,0
2022-04-07 11:58:00,188,188,188,188,0
2022-04-07 11:59:00,188,188,188,188,0
2022-04-07 12:00:00,188,188,188,188,0
2022-04-07 12:01:00,188,188,188,188,0
2022-04-07 12:02:00,188,188,188,188,0
2022-04-07 12:03:00,188,188,188,188,0
2022-04-07 12:04:00,188,188,188,188,0
2022-04-07 12:05:00,188,188,188,188,0
2022-04-07 12:06:00,188,188,188,188,0
2022-04-07 12:07:00,188,188,188,188,0
2022-04-07 12:08:00,188,188,188,188,0
2022-04-07 12:09:00,188,188,188,188,0
2022-04-07 12:10:00,188,188,188,188,0
2022-04-07 12:11:00,188,188,188,188,0
2022-04-07 12:12:00,188,188,188,188,0
2022-04-07 12:13:00,188,188,188,188,0
2022-04-07 12:14:00,188,188,188,188,0
2022-04-07 12:15:00,188,188,188,188,0
2022-04-07 12:16:00,188,188,188,188,0
2022-04-07 12:17:00,188,188,188,188,0
2022-04-07 12:18:00,188,188,188,188,0
2022-04-07 12:19:00,188,188,188,188,0
2022-04-07 12:20:00,188,188,188,188,0
2022-04-07 12:21:00,188,188,188,188,0
2022-04-07 12:22:00,188,188,188,188,0
2022-04-07 12:23:00,188,188,188,188,0
2022-04-07 12:24:00,188,188,188,188,0
2022-04-07 12:25:00,188,188,188,188,0
2022-04-07 12:26:00,188,188,188,188,0
2022-04-07 12:27:00,188,188,188,188,0
2022-04-07 12:28:00,188,188,188,188,0
2022-04-07 12:29:00,188,188,188,188,0
2022-04-07 12:30:00,188,188,188,188,0
2022-04-07 12:31:00,188,188,188,188,0
2022-04-07 12:32:00,188,188,188,188,0
2022-04-07 12:33:00,188,188,188,188,0
2022-04-07 12:34:00,188,188,188,188,0
2022-04-07 12:35:00,188,188,188,188,0
2022-04-07 12:36:00,188,188,188,188,0
2022-04-07 12:37:00,188,188,188,188,0
2022-04-07 12:38:00,188,188,188,188,0
2022-04-07 12:39:00,188,188,188,188,0
2022-04-07 12:40:00,188,188,188,188,0
2022-04-07 12:41:00,188,188,188,188,0
2022-04-07 12:42:00,188,188,188,188,0
2022-04-07 12:43:00,188,188,188,188,0
2022-04-07 12:44:00,188,188,188,188,0
2022-04-07 12:45:00,188,188,188,188,0
2022-04-07 12:46:00,188,188,188,188,0
2022-04-07 12:47:00,188,188,188,188,0
2022-04-07 12:48:00,188,188,188,188,0
2022-04-07 12:49:00,188,188,188,188,0
2022-04-07 12:50:00,188,188,188,188,0
2022-04-07 12:51:00,188,188,188,188,0
2022-04-07 12:52:00,188,188,188,188,0
2022-04-07 12:53:00,188,188,188,188,0
2022-04-07 12:54:00,188,188,188,188,0
2022-04-07 12:55:00,188,188,188,188,0
2022-04-07 12:56:00,188,188,188,188,0
2022-04-07 12:57:00,188,188,188,188,0
2022-04-07 12:58:00,188,188,188,188,0
2022-04-07 12:59:00,188,188,188,188,0
2022-04-07 13:00:00,188,188,188,188,0
2022-04-07 13:01:00,188,188,188,188,0
2022-04-07 13:02:00,188,188,188,188,0
2022-04-07 13:03:00,188,188,188,188,0
2022-04-07 13:04:00,188,188,188,188,0
2022-04-07 13:05:00,188,188,188,188,0
2022-04-07 13:06:00,188,188,188,188,0
2022-04-07 13:07:00,188,188,188,188,0
2022-04-07 13:08:00,188,188,188,188,0
2022-04-07 13:09:00,188,188,188,188,0
2022-04-07 13:10:00,188,188,188,188,0
2022-04-07 13:11:00,188,188,188,188,0
2022-04-07 13:12:00,188,188,188,188,0
2022-04-07 13:13:00,188,188,188,188,0
2022-04-07 13:14:00,188,188,188,188,0
2022-04-07 13:15:00,188,188,188,188,0
2022-04-07 13:16:00,188,188,188,188,0
2022-04-07 13:17:00,188,188,188,188,0
2022-04-07 13:18:00,188,188,188,188,0
2022-04-07 13:19:00,188,188,188,188,0
2022-04-07 13:20:00,188,188,188,188,0
2022-04-07 13:21:00,188,188,188,188,0
2022-04-07 13:22:00,188,188,188,188,0
2022-04-07 13:23:00,188,188,188,188,0
2022-04-07 13:24:00,188,188,188,188,0
2022-04-07 13:25:00,188,188,188,188,0
2022-04-07 13:26:00,188,188,188,188,0
2022-04-07 13:27:00,188,188,188,188,0
2022-04-07 13:28:00,188,188,188,188,0
2022-04-07 13:29:00,188,188,188,188,0
2022-04-07 13:30:00,188,188,189,189,62300
2022-04-07 13:31:00,189,189,189,189,4700
2022-04-07 13:32:00,190,190,190,190,2000
2022-04-07 13:33:00,190,190,190,190,0
2022-04-07 13:34:00,190,190,190,190,10000
2022-04-07 13:35:00,190,190,190,190,0
2022-04-07 13:36:00,189,189,189,189,100400
2022-04-07 13:37:00,189,189,189,189,500
2022-04-07 13:38:00,188,188,188,188,15000
2022-04-07 13:39:00,188,188,188,188,0
2022-04-07 13:40:00,188,188,188,188,20000
2022-04-07 13:41:00,188,188,188,188,0
2022-04-07 13:42:00,188,188,188,188,0
2022-04-07 13:43:00,188,188,189,189,39000
2022-04-07 13:44:00,188,188,189,189,0
2022-04-07 13:45:00,188,188,189,189,0
2022-04-07 13:46:00,189,189,189,189,100
2022-04-07 13:47:00,189,189,189,189,3400
2022-04-07 13:48:00,189,189,189,189,150000
2022-04-07 13:49:00,189,189,189,189,0
2022-04-07 13:50:00,189,189,189,189,23200
2022-04-07 13:51:00,189,189,189,189,0
2022-04-07 13:52:00,189,189,189,189,0
2022-04-07 13:53:00,190,190,190,190,1000
2022-04-07 13:54:00,190,190,190,190,0
2022-04-07 13:55:00,190,190,190,190,5000
2022-04-07 13:56:00,190,190,190,190,500
2022-04-07 13:57:00,189,189,189,189,150000
2022-04-07 13:58:00,189,189,189,189,0
2022-04-07 13:59:00,189,189,189,189,1000
2022-04-07 14:00:00,189,189,189,189,0
2022-04-07 14:01:00,189,189,189,189,2500
2022-04-07 14:02:00,189,189,189,189,410400
2022-04-07 14:03:00,189,189,189,189,0
2022-04-07 14:04:00,189,189,189,189,0
2022-04-07 14:05:00,189,189,189,189,0
2022-04-07 14:06:00,189,188,189,188,56200
2022-04-07 14:07:00,189,188,189,188,0
2022-04-07 14:08:00,189,189,189,189,200
2022-04-07 14:09:00,188,188,188,188,50000
2022-04-07 14:10:00,188,188,188,188,0
2022-04-07 14:11:00,188,188,188,188,0
2022-04-07 14:12:00,189,189,189,189,50000
2022-04-07 14:13:00,189,189,189,189,22200
2022-04-07 14:14:00,189,189,189,189,400
2022-04-07 14:15:00,189,189,189,189,8500
2022-04-07 14:16:00,189,189,189,189,800
2022-04-07 14:17:00,189,189,189,189,100
2022-04-07 14:18:00,189,189,189,189,0
2022-04-07 14:19:00,189,189,189,189,0
2022-04-07 14:20:00,189,189,189,189,15800
2022-04-07 14:21:00,189,189,189,189,79000
2022-04-07 14:22:00,189,189,189,189,0
2022-04-07 14:23:00,189,189,189,189,2000
2022-04-07 14:24:00,189,189,189,189,48000
2022-04-07 14:25:00,189,189,189,189,0
2022-04-07 14:26:00,189,189,189,189,0
2022-04-07 14:27:00,189,189,189,189,80500
2022-04-07 14:28:00,189,189,189,189,0
2022-04-07 14:29:00,189,189,189,189,10000
2022-04-07 14:30:00,189,189,189,189,0
2022-04-07 14:31:00,189,189,189,189,150000
2022-04-07 14:32:00,189,189,189,189,500
2022-04-07 14:33:00,189,189,189,189,200000
2022-04-07 14:34:00,189,189,189,189,10000
2022-04-07 14:35:00,189,189,189,189,0
2022-04-07 14:36:00,189,189,189,189,100
2022-04-07 14:37:00,190,189,190,189,63800
2022-04-07 14:38:00,189,189,189,189,100
2022-04-07 14:39:00,190,189,190,189,300
2022-04-07 14:40:00,190,189,190,189,0
2022-04-07 14:41:00,189,189,189,189,26000
2022-04-07 14:42:00,189,189,189,189,0
2022-04-07 14:43:00,189,189,189,189,200
2022-04-07 14:44:00,189,189,190,189,9900
2022-04-07 14:45:00,189,189,189,189,44200
2022-04-07 14:46:00,189,189,189,189,5800
2022-04-07 14:47:00,190,189,190,189,8400
2022-04-07 14:48:00,190,189,190,189,0
2022-04-07 14:49:00,190,189,190,189,97100
2022-04-07 14:50:00,190,189,190,189,0
2022-04-07 14:51:00,190,189,190,189,0
2022-04-07 14:52:00,190,189,190,189,0
2022-04-07 14:53:00,190,189,190,189,0
2022-04-07 14:54:00,190,189,190,189,0
2022-04-07 14:55:00,190,189,190,189,0
2022-04-07 14:56:00,190,189,190,189,0
2022-04-07 14:57:00,190,189,190,189,0
2022-04-07 14:58:00,190,189,190,189,0
2022-04-07 14:59:00,190,189,190,189,0
2022-04-07 15:00:00,190,190,190,190,862800
2022-04-07 15:01:00,190,190,190,190,0
2022-04-07 15:02:00,190,190,190,190,3000
2022-04-07 15:03:00,190,190,190,190,489400
2022-04-07 15:04:00,190,190,190,190,19100
2022-04-07 15:05:00,190,190,190,190,25100
2022-04-07 15:06:00,190,190,190,190,600
2022-04-07 15:07:00,190,190,190,190,7800
2022-04-07 15:08:00,190,190,190,190,50300
2022-04-07 15:09:00,190,190,190,190,600
2022-04-07 15:10:00,190,190,190,190,500
2022-04-07 15:11:00,190,190,190,190,64500
2022-04-07 15:12:00,190,190,190,190,209100
2022-04-07 15:13:00,190,190,190,190,0
2022-04-07 15:14:00,190,190,190,190,13000
2022-04-07 15:15:00,190,190,190,190,0
2022-04-07 15:16:00,190,190,190,190,0
2022-04-07 15:17:00,190,190,190,190,0
2022-04-07 15:18:00,190,190,190,190,0
2022-04-07 15:19:00,190,190,190,190,0
2022-04-07 15:20:00,190,190,190,190,0
2022-04-07 15:21:00,190,190,190,190,0
2022-04-07 15:22:00,190,190,190,190,0
2022-04-07 15:23:00,190,190,190,190,0
2022-04-07 15:24:00,190,190,190,190,0
2022-04-07 15:25:00,190,190,190,190,0
2022-04-07 15:26:00,190,190,190,190,0
2022-04-07 15:27:00,190,190,190,190,0
2022-04-07 15:28:00,190,190,190,190,0
2022-04-07 15:29:00,190,190,190,190,0
2022-04-07 15:30:00,190,190,190,190,0
2022-04-07 15:31:00,190,190,190,190,0
2022-04-07 15:32:00,190,190,190,190,0
2022-04-07 15:33:00,190,190,190,190,0
2022-04-07 15:34:00,190,190,190,190,0
2022-04-07 15:35:00,190,190,190,190,0
2022-04-07 15:36:00,190,190,190,190,0
2022-04-07 15:37:00,190,190,190,190,0
2022-04-07 15:38:00,190,190,190,190,0
2022-04-07 15:39:00,190,190,190,190,0
2022-04-07 15:40:00,190,190,190,190,0
2022-04-07 15:41:00,190,190,190,190,0
2022-04-07 15:42:00,190,190,190,190,0
2022-04-07 15:43:00,190,190,190,190,0
2022-04-07 15:44:00,190,190,190,190,0
2022-04-07 15:45:00,190,190,190,190,0
2022-04-07 15:46:00,190,190,190,190,0
2022-04-07 15:47:00,190,190,190,190,0
2022-04-07 15:48:00,190,190,190,190,0
2022-04-07 15:49:00,190,190,190,190,0
2022-04-07 15:50:00,190,190,190,190,0
2022-04-07 15:51:00,190,190,190,190,0
2022-04-07 15:52:00,190,190,190,190,0
2022-04-07 15:53:00,190,190,190,190,0
2022-04-07 15:54:00,190,190,190,190,0
2022-04-07 15:55:00,190,190,190,190,0
2022-04-07 15:56:00,190,190,190,190,0
2022-04-07 15:57:00,190,190,190,190,0
2022-04-07 15:58:00,190,190,190,190,0
2022-04-07 15:59:00,190,190,190,190,0
2022-04-08 09:00:00,191,190,191,191,0
2022-04-08 09:01:00,191,191,191,191,67200
2022-04-08 09:02:00,190,190,190,190,10300
2022-04-08 09:03:00,191,191,192,192,138200
2022-04-08 09:04:00,191,191,191,191,8700
2022-04-08 09:05:00,191,191,192,191,15400
2022-04-08 09:06:00,192,191,192,191,10100
2022-04-08 09:07:00,191,191,192,191,114000
2022-04-08 09:08:00,192,190,192,190,714300
2022-04-08 09:09:00,192,190,192,190,0
2022-04-08 09:10:00,189,189,189,189,75100
2022-04-08 09:11:00,189,189,189,189,0
2022-04-08 09:12:00,189,189,189,189,0
2022-04-08 09:13:00,189,189,189,189,0
2022-04-08 09:14:00,189,189,189,189,0
2022-04-08 09:15:00,189,189,190,190,5200
2022-04-08 09:16:00,190,190,190,190,10000
2022-04-08 09:17:00,190,190,190,190,0
2022-04-08 09:18:00,189,189,189,189,32200
2022-04-08 09:19:00,189,189,189,189,15800
2022-04-08 09:20:00,189,189,189,189,100
2022-04-08 09:21:00,189,189,189,189,30600
2022-04-08 09:22:00,189,189,190,190,31100
2022-04-08 09:23:00,190,190,190,190,19700
2022-04-08 09:24:00,190,190,190,190,50000
2022-04-08 09:25:00,190,190,190,190,5000
2022-04-08 09:26:00,190,190,190,190,0
2022-04-08 09:27:00,190,190,190,190,1000
2022-04-08 09:28:00,190,190,190,190,4200
2022-04-08 09:29:00,190,190,190,190,400
2022-04-08 09:30:00,190,190,190,190,55100
2022-04-08 09:31:00,190,190,190,190,0
2022-04-08 09:32:00,190,190,190,190,0
2022-04-08 09:33:00,189,189,189,189,500
2022-04-08 09:34:00,189,189,189,189,93700
2022-04-08 09:35:00,189,189,189,189,4300
2022-04-08 09:36:00,188,188,190,188,33200
2022-04-08 09:37:00,188,188,188,188,25000
2022-04-08 09:38:00,188,188,188,188,21900
2022-04-08 09:39:00,188,188,188,188,0
2022-04-08 09:40:00,188,188,189,189,15700
2022-04-08 09:41:00,189,189,189,189,10000
2022-04-08 09:42:00,189,189,189,189,0
2022-04-08 09:43:00,189,189,189,189,0
2022-04-08 09:44:00,189,189,189,189,50000
2022-04-08 09:45:00,189,189,189,189,6700
2022-04-08 09:46:00,189,189,189,189,88800
2022-04-08 09:47:00,189,189,189,189,14300
2022-04-08 09:48:00,189,189,189,189,0
2022-04-08 09:49:00,189,189,189,189,900
2022-04-08 09:50:00,189,189,189,189,0
2022-04-08 09:51:00,189,189,189,189,0
2022-04-08 09:52:00,189,189,189,189,34900
2022-04-08 09:53:00,189,189,190,190,38300
2022-04-08 09:54:00,190,190,190,190,5300
2022-04-08 09:55:00,190,190,190,190,700
2022-04-08 09:56:00,189,189,189,189,100
2022-04-08 09:57:00,189,189,189,189,10000
2022-04-08 09:58:00,189,189,189,189,26600
2022-04-08 09:59:00,189,189,189,189,0
2022-04-08 10:00:00,189,189,189,189,0
2022-04-08 10:01:00,189,189,189,189,0
2022-04-08 10:02:00,189,189,189,189,0
2022-04-08 10:03:00,189,189,189,189,0
2022-04-08 10:04:00,189,189,189,189,0
2022-04-08 10:05:00,189,188,189,188,600
2022-04-08 10:06:00,189,189,189,189,18500
2022-04-08 10:07:00,188,188,189,189,100100
2022-04-08 10:08:00,188,188,189,189,0
2022-04-08 10:09:00,189,189,189,189,14500
2022-04-08 10:10:00,189,189,189,189,0
2022-04-08 10:11:00,189,189,189,189,1100
2022-04-08 10:12:00,189,189,189,189,100
2022-04-08 10:13:00,189,189,189,189,2000
2022-04-08 10:14:00,189,189,189,189,1100
2022-04-08 10:15:00,189,189,189,189,0
2022-04-08 10:16:00,189,189,189,189,0
2022-04-08 10:17:00,189,189,189,189,0
2022-04-08 10:18:00,189,189,189,189,0
2022-04-08 10:19:00,188,188,188,188,11600
2022-04-08 10:20:00,189,189,189,189,15000
2022-04-08 10:21:00,189,189,189,189,0
2022-04-08 10:22:00,189,189,189,189,0
2022-04-08 10:23:00,189,189,189,189,37000
2022-04-08 10:24:00,189,189,189,189,0
2022-04-08 10:25:00,189,189,189,189,700
2022-04-08 10:26:00,189,189,189,189,0
2022-04-08 10:27:00,189,189,189,189,3300
2022-04-08 10:28:00,188,188,188,188,500
2022-04-08 10:29:00,188,188,188,188,0
2022-04-08 10:30:00,188,188,188,188,0
2022-04-08 10:31:00,189,188,189,188,33900
2022-04-08 10:32:00,189,189,189,189,2500
2022-04-08 10:33:00,189,189,189,189,0
2022-04-08 10:34:00,189,189,189,189,0
2022-04-08 10:35:00,189,189,189,189,100
2022-04-08 10:36:00,189,189,189,189,0
2022-04-08 10:37:00,189,189,189,189,33400
2022-04-08 10:38:00,189,189,189,189,200
2022-04-08 10:39:00,189,189,189,189,0
2022-04-08 10:40:00,189,189,189,189,0
2022-04-08 10:41:00,189,189,189,189,0
2022-04-08 10:42:00,189,189,189,189,32100
2022-04-08 10:43:00,189,189,189,189,0
2022-04-08 10:44:00,189,189,189,189,0
2022-04-08 10:45:00,189,189,189,189,68900
2022-04-08 10:46:00,189,189,189,189,0
2022-04-08 10:47:00,189,189,189,189,2000
2022-04-08 10:48:00,189,189,189,189,0
2022-04-08 10:49:00,189,189,189,189,0
2022-04-08 10:50:00,189,189,189,189,5000
2022-04-08 10:51:00,189,189,189,189,0
2022-04-08 10:52:00,189,189,189,189,0
2022-04-08 10:53:00,189,189,189,189,0
2022-04-08 10:54:00,190,190,191,191,1168900
2022-04-08 10:55:00,191,191,193,193,1574700
2022-04-08 10:56:00,193,193,195,194,2357100
2022-04-08 10:57:00,194,193,195,194,2105800
2022-04-08 10:58:00,194,194,195,194,129700
2022-04-08 10:59:00,195,192,195,193,1325500
2022-04-08 11:00:00,193,193,194,193,195800
2022-04-08 11:01:00,192,192,194,193,475900
2022-04-08 11:02:00,193,193,194,194,230500
2022-04-08 11:03:00,194,193,194,193,875500
2022-04-08 11:04:00,193,193,194,193,132700
2022-04-08 11:05:00,193,191,194,191,826300
2022-04-08 11:06:00,192,191,192,192,88700
2022-04-08 11:07:00,192,192,192,192,167100
2022-04-08 11:08:00,191,191,192,192,21200
2022-04-08 11:09:00,192,191,193,193,164800
2022-04-08 11:10:00,192,192,193,193,6600
2022-04-08 11:11:00,192,192,192,192,45100
2022-04-08 11:12:00,193,193,193,193,81000
2022-04-08 11:13:00,192,192,193,193,50300
2022-04-08 11:14:00,193,192,193,192,88000
2022-04-08 11:15:00,193,193,193,193,85000
2022-04-08 11:16:00,193,192,193,192,10500
2022-04-08 11:17:00,193,192,193,193,264000
2022-04-08 11:18:00,193,193,193,193,127600
2022-04-08 11:19:00,193,193,194,194,41800
2022-04-08 11:20:00,193,193,193,193,110800
2022-04-08 11:21:00,193,193,193,193,33500
2022-04-08 11:22:00,192,192,193,193,11300
2022-04-08 11:23:00,192,192,193,193,4700
2022-04-08 11:24:00,192,192,192,192,7400
2022-04-08 11:25:00,192,192,192,192,85400
2022-04-08 11:26:00,192,192,193,193,24300
2022-04-08 11:27:00,192,192,192,192,228800
2022-04-08 11:28:00,192,192,192,192,11200
2022-04-08 11:29:00,192,191,192,192,63000
2022-04-08 11:30:00,192,191,192,192,0
2022-04-08 11:31:00,192,191,192,192,0
2022-04-08 11:32:00,192,191,192,192,0
2022-04-08 11:33:00,192,191,192,192,0
2022-04-08 11:34:00,192,191,192,192,0
2022-04-08 11:35:00,192,191,192,192,0
2022-04-08 11:36:00,192,191,192,192,0
2022-04-08 11:37:00,192,191,192,192,0
2022-04-08 11:38:00,192,191,192,192,0
2022-04-08 11:39:00,192,191,192,192,0
2022-04-08 11:40:00,192,191,192,192,0
2022-04-08 11:41:00,192,191,192,192,0
2022-04-08 11:42:00,192,191,192,192,0
2022-04-08 11:43:00,192,191,192,192,0
2022-04-08 11:44:00,192,191,192,192,0
2022-04-08 11:45:00,192,191,192,192,0
2022-04-08 11:46:00,192,191,192,192,0
2022-04-08 11:47:00,192,191,192,192,0
2022-04-08 11:48:00,192,191,192,192,0
2022-04-08 11:49:00,192,191,192,192,0
2022-04-08 11:50:00,192,191,192,192,0
2022-04-08 11:51:00,192,191,192,192,0
2022-04-08 11:52:00,192,191,192,192,0
2022-04-08 11:53:00,192,191,192,192,0
2022-04-08 11:54:00,192,191,192,192,0
2022-04-08 11:55:00,192,191,192,192,0
2022-04-08 11:56:00,192,191,192,192,0
2022-04-08 11:57:00,192,191,192,192,0
2022-04-08 11:58:00,192,191,192,192,0
2022-04-08 11:59:00,192,191,192,192,0
2022-04-08 12:00:00,192,191,192,192,0
2022-04-08 12:01:00,192,191,192,192,0
2022-04-08 12:02:00,192,191,192,192,0
2022-04-08 12:03:00,192,191,192,192,0
2022-04-08 12:04:00,192,191,192,192,0
2022-04-08 12:05:00,192,191,192,192,0
2022-04-08 12:06:00,192,191,192,192,0
2022-04-08 12:07:00,192,191,192,192,0
2022-04-08 12:08:00,192,191,192,192,0
2022-04-08 12:09:00,192,191,192,192,0
2022-04-08 12:10:00,192,191,192,192,0
2022-04-08 12:11:00,192,191,192,192,0
2022-04-08 12:12:00,192,191,192,192,0
2022-04-08 12:13:00,192,191,192,192,0
2022-04-08 12:14:00,192,191,192,192,0
2022-04-08 12:15:00,192,191,192,192,0
2022-04-08 12:16:00,192,191,192,192,0
2022-04-08 12:17:00,192,191,192,192,0
2022-04-08 12:18:00,192,191,192,192,0
2022-04-08 12:19:00,192,191,192,192,0
2022-04-08 12:20:00,192,191,192,192,0
2022-04-08 12:21:00,192,191,192,192,0
2022-04-08 12:22:00,192,191,192,192,0
2022-04-08 12:23:00,192,191,192,192,0
2022-04-08 12:24:00,192,191,192,192,0
2022-04-08 12:25:00,192,191,192,192,0
2022-04-08 12:26:00,192,191,192,192,0
2022-04-08 12:27:00,192,191,192,192,0
2022-04-08 12:28:00,192,191,192,192,0
2022-04-08 12:29:00,192,191,192,192,0
2022-04-08 12:30:00,192,191,192,192,0
2022-04-08 12:31:00,192,191,192,192,0
2022-04-08 12:32:00,192,191,192,192,0
2022-04-08 12:33:00,192,191,192,192,0
2022-04-08 12:34:00,192,191,192,192,0
2022-04-08 12:35:00,192,191,192,192,0
2022-04-08 12:36:00,192,191,192,192,0
2022-04-08 12:37:00,192,191,192,192,0
2022-04-08 12:38:00,192,191,192,192,0
2022-04-08 12:39:00,192,191,192,192,0
2022-04-08 12:40:00,192,191,192,192,0
2022-04-08 12:41:00,192,191,192,192,0
2022-04-08 12:42:00,192,191,192,192,0
2022-04-08 12:43:00,192,191,192,192,0
2022-04-08 12:44:00,192,191,192,192,0
2022-04-08 12:45:00,192,191,192,192,0
2022-04-08 12:46:00,192,191,192,192,0
2022-04-08 12:47:00,192,191,192,192,0
2022-04-08 12:48:00,192,191,192,192,0
2022-04-08 12:49:00,192,191,192,192,0
2022-04-08 12:50:00,192,191,192,192,0
2022-04-08 12:51:00,192,191,192,192,0
2022-04-08 12:52:00,192,191,192,192,0
2022-04-08 12:53:00,192,191,192,192,0
2022-04-08 12:54:00,192,191,192,192,0
2022-04-08 12:55:00,192,191,192,192,0
2022-04-08 12:56:00,192,191,192,192,0
2022-04-08 12:57:00,192,191,192,192,0
2022-04-08 12:58:00,192,191,192,192,0
2022-04-08 12:59:00,192,191,192,192,0
2022-04-08 13:00:00,192,191,192,192,0
2022-04-08 13:01:00,192,191,192,192,0
2022-04-08 13:02:00,192,191,192,192,0
2022-04-08 13:03:00,192,191,192,192,0
2022-04-08 13:04:00,192,191,192,192,0
2022-04-08 13:05:00,192,191,192,192,0
2022-04-08 13:06:00,192,191,192,192,0
2022-04-08 13:07:00,192,191,192,192,0
2022-04-08 13:08:00,192,191,192,192,0
2022-04-08 13:09:00,192,191,192,192,0
2022-04-08 13:10:00,192,191,192,192,0
2022-04-08 13:11:00,192,191,192,192,0
2022-04-08 13:12:00,192,191,192,192,0
2022-04-08 13:13:00,192,191,192,192,0
2022-04-08 13:14:00,192,191,192,192,0
2022-04-08 13:15:00,192,191,192,192,0
2022-04-08 13:16:00,192,191,192,192,0
2022-04-08 13:17:00,192,191,192,192,0
2022-04-08 13:18:00,192,191,192,192,0
2022-04-08 13:19:00,192,191,192,192,0
2022-04-08 13:20:00,192,191,192,192,0
2022-04-08 13:21:00,192,191,192,192,0
2022-04-08 13:22:00,192,191,192,192,0
2022-04-08 13:23:00,192,191,192,192,0
2022-04-08 13:24:00,192,191,192,192,0
2022-04-08 13:25:00,192,191,192,192,0
2022-04-08 13:26:00,192,191,192,192,0
2022-04-08 13:27:00,192,191,192,192,0
2022-04-08 13:28:00,192,191,192,192,0
2022-04-08 13:29:00,192,191,192,192,0
2022-04-08 13:30:00,192,191,192,191,70800
2022-04-08 13:31:00,191,191,191,191,5000
2022-04-08 13:32:00,191,191,191,191,3800
2022-04-08 13:33:00,191,191,191,191,63600
2022-04-08 13:34:00,191,191,191,191,107900
2022-04-08 13:35:00,191,191,192,192,104000
2022-04-08 13:36:00,192,192,192,192,25100
2022-04-08 13:37:00,192,192,192,192,4000
2022-04-08 13:38:00,191,191,191,191,4500
2022-04-08 13:39:00,192,192,192,192,3000
2022-04-08 13:40:00,191,191,191,191,150000
2022-04-08 13:41:00,191,190,191,191,479200
2022-04-08 13:42:00,191,191,191,191,1000
2022-04-08 13:43:00,190,190,191,190,267000
2022-04-08 13:44:00,190,190,190,190,23600
2022-04-08 13:45:00,191,190,191,190,1900
2022-04-08 13:46:00,190,190,191,191,61900
2022-04-08 13:47:00,190,190,191,191,0
2022-04-08 13:48:00,190,190,191,191,0
2022-04-08 13:49:00,191,191,191,191,300
2022-04-08 13:50:00,191,191,191,191,0
2022-04-08 13:51:00,190,190,190,190,200
2022-04-08 13:52:00,190,190,190,190,335800
2022-04-08 13:53:00,190,190,190,190,61400
2022-04-08 13:54:00,190,190,191,191,3200
2022-04-08 13:55:00,190,190,191,191,252300
2022-04-08 13:56:00,191,191,191,191,13300
2022-04-08 13:57:00,191,191,191,191,0
2022-04-08 13:58:00,190,190,190,190,3700
2022-04-08 13:59:00,191,191,191,191,51000
2022-04-08 14:00:00,191,191,191,191,900
2022-04-08 14:01:00,191,191,191,191,500
2022-04-08 14:02:00,190,190,190,190,14100
2022-04-08 14:03:00,190,190,190,190,25500
2022-04-08 14:04:00,191,190,191,190,9500
2022-04-08 14:05:00,190,190,190,190,3500
2022-04-08 14:06:00,190,190,190,190,0
2022-04-08 14:07:00,190,190,190,190,26600
2022-04-08 14:08:00,190,190,190,190,0
2022-04-08 14:09:00,190,190,190,190,56900
2022-04-08 14:10:00,190,190,190,190,100000
2022-04-08 14:11:00,190,190,190,190,2000
2022-04-08 14:12:00,190,190,190,190,50000
2022-04-08 14:13:00,190,190,190,190,50000
2022-04-08 14:14:00,190,190,190,190,1600
2022-04-08 14:15:00,190,190,190,190,10000
2022-04-08 14:16:00,190,190,190,190,0
2022-04-08 14:17:00,190,190,190,190,1000
2022-04-08 14:18:00,191,191,191,191,10600
2022-04-08 14:19:00,190,190,190,190,13500
2022-04-08 14:20:00,190,190,190,190,0
2022-04-08 14:21:00,190,190,190,190,300
2022-04-08 14:22:00,190,190,190,190,5000
2022-04-08 14:23:00,190,190,190,190,3600
2022-04-08 14:24:00,190,190,190,190,10000
2022-04-08 14:25:00,190,190,190,190,200
2022-04-08 14:26:00,190,190,190,190,37000
2022-04-08 14:27:00,191,191,191,191,102900
2022-04-08 14:28:00,191,191,191,191,0
2022-04-08 14:29:00,190,190,190,190,50000
2022-04-08 14:30:00,190,190,190,190,100
2022-04-08 14:31:00,190,190,190,190,0
2022-04-08 14:32:00,190,190,190,190,0
2022-04-08 14:33:00,190,190,190,190,0
2022-04-08 14:34:00,190,190,190,190,0
2022-04-08 14:35:00,190,190,190,190,0
2022-04-08 14:36:00,190,190,190,190,4600
2022-04-08 14:37:00,190,190,190,190,500
2022-04-08 14:38:00,190,190,190,190,5500
2022-04-08 14:39:00,190,190,190,190,5000
2022-04-08 14:40:00,190,190,191,190,23000
2022-04-08 14:41:00,190,190,191,191,329000
2022-04-08 14:42:00,190,190,190,190,80000
2022-04-08 14:43:00,190,190,190,190,23300
2022-04-08 14:44:00,190,190,190,190,31500
2022-04-08 14:45:00,190,190,190,190,7600
2022-04-08 14:46:00,190,190,190,190,16900
2022-04-08 14:47:00,190,190,190,190,0
2022-04-08 14:48:00,190,190,190,190,5800
2022-04-08 14:49:00,190,190,190,190,4000
2022-04-08 14:50:00,190,190,190,190,0
2022-04-08 14:51:00,190,190,190,190,0
2022-04-08 14:52:00,190,190,190,190,0
2022-04-08 14:53:00,190,190,190,190,0
2022-04-08 14:54:00,190,190,190,190,0
2022-04-08 14:55:00,190,190,190,190,0
2022-04-08 14:56:00,190,190,190,190,0
2022-04-08 14:57:00,190,190,190,190,0
2022-04-08 14:58:00,190,190,190,190,0
2022-04-08 14:59:00,190,190,190,190,0
2022-04-08 15:00:00,189,189,189,189,571100
2022-04-08 15:01:00,189,189,189,189,283300
2022-04-08 15:02:00,189,189,189,189,91800
2022-04-08 15:03:00,189,189,189,189,6800
2022-04-08 15:04:00,189,189,189,189,4100
2022-04-08 15:05:00,189,189,189,189,15000
2022-04-08 15:06:00,189,189,189,189,22000
2022-04-08 15:07:00,189,189,189,189,1000
2022-04-08 15:08:00,189,189,189,189,500
2022-04-08 15:09:00,189,189,189,189,0
2022-04-08 15:10:00,189,189,189,189,50000
2022-04-08 15:11:00,189,189,189,189,0
2022-04-08 15:12:00,189,189,189,189,0
2022-04-08 15:13:00,189,189,189,189,0
2022-04-08 15:14:00,189,189,189,189,287500
2022-04-08 15:15:00,189,189,189,189,0
2022-04-08 15:16:00,189,189,189,189,0
2022-04-08 15:17:00,189,189,189,189,0
2022-04-08 15:18:00,189,189,189,189,0
2022-04-08 15:19:00,189,189,189,189,0
2022-04-08 15:20:00,189,189,189,189,0
2022-04-08 15:21:00,189,189,189,189,0
2022-04-08 15:22:00,189,189,189,189,0
2022-04-08 15:23:00,189,189,189,189,0
2022-04-08 15:24:00,189,189,189,189,0
2022-04-08 15:25:00,189,189,189,189,0
2022-04-08 15:26:00,189,189,189,189,0
2022-04-08 15:27:00,189,189,189,189,0
2022-04-08 15:28:00,189,189,189,189,0
2022-04-08 15:29:00,189,189,189,189,0
2022-04-08 15:30:00,189,189,189,189,0
2022-04-08 15:31:00,189,189,189,189,0
2022-04-08 15:32:00,189,189,189,189,0
2022-04-08 15:33:00,189,189,189,189,0
2022-04-08 15:34:00,189,189,189,189,0
2022-04-08 15:35:00,189,189,189,189,0
2022-04-08 15:36:00,189,189,189,189,0
2022-04-08 15:37:00,189,189,189,189,0
2022-04-08 15:38:00,189,189,189,189,0
2022-04-08 15:39:00,189,189,189,189,0
2022-04-08 15:40:00,189,189,189,189,0
2022-04-08 15:41:00,189,189,189,189,0
2022-04-08 15:42:00,189,189,189,189,0
2022-04-08 15:43:00,189,189,189,189,0
2022-04-08 15:44:00,189,189,189,189,0
2022-04-08 15:45:00,189,189,189,189,0
2022-04-08 15:46:00,189,189,189,189,0
2022-04-08 15:47:00,189,189,189,189,0
2022-04-08 15:48:00,189,189,189,189,0
2022-04-08 15:49:00,189,189,189,189,0
2022-04-08 15:50:00,189,189,189,189,0
2022-04-08 15:51:00,189,189,189,189,0
2022-04-08 15:52:00,189,189,189,189,0
2022-04-08 15:53:00,189,189,189,189,0
2022-04-08 15:54:00,189,189,189,189,0
2022-04-08 15:55:00,189,189,189,189,0
2022-04-08 15:56:00,189,189,189,189,0
2022-04-08 15:57:00,189,189,189,189,0
2022-04-08 15:58:00,189,189,189,189,0
2022-04-08 15:59:00,189,189,189,189,0
2022-04-11 09:00:00,189,189,191,191,0
2022-04-11 09:01:00,190,190,191,191,95100
2022-04-11 09:02:00,190,190,191,191,0
2022-04-11 09:03:00,191,191,191,191,36100
2022-04-11 09:04:00,191,191,191,191,0
2022-04-11 09:05:00,191,191,191,191,25000
2022-04-11 09:06:00,191,191,191,191,10200
2022-04-11 09:07:00,191,190,191,191,50300
2022-04-11 09:08:00,191,191,192,192,8600
2022-04-11 09:09:00,192,192,192,192,25900
2022-04-11 09:10:00,192,192,192,192,1000
2022-04-11 09:11:00,191,191,191,191,6000
2022-04-11 09:12:00,191,191,192,191,205500
2022-04-11 09:13:00,191,191,192,191,0
2022-04-11 09:14:00,191,191,191,191,1000
2022-04-11 09:15:00,191,191,191,191,256600
2022-04-11 09:16:00,191,191,191,191,0
2022-04-11 09:17:00,190,190,190,190,7600
2022-04-11 09:18:00,190,190,190,190,1000
2022-04-11 09:19:00,190,190,190,190,52100
2022-04-11 09:20:00,190,190,190,190,232900
2022-04-11 09:21:00,190,189,190,189,47500
2022-04-11 09:22:00,190,189,190,189,0
2022-04-11 09:23:00,190,189,190,189,0
2022-04-11 09:24:00,190,189,190,189,0
2022-04-11 09:25:00,190,189,190,189,0
2022-04-11 09:26:00,190,189,190,189,0
2022-04-11 09:27:00,189,189,189,189,15500
2022-04-11 09:28:00,189,189,190,190,60500
2022-04-11 09:29:00,190,190,190,190,1000
2022-04-11 09:30:00,189,189,189,189,10000
2022-04-11 09:31:00,189,189,189,189,0
2022-04-11 09:32:00,189,189,189,189,0
2022-04-11 09:33:00,189,189,189,189,0
2022-04-11 09:34:00,189,189,189,189,190000
2022-04-11 09:35:00,189,189,189,189,30700
2022-04-11 09:36:00,189,189,189,189,5000
2022-04-11 09:37:00,189,187,189,188,552300
2022-04-11 09:38:00,188,188,188,188,85000
2022-04-11 09:39:00,188,187,188,188,5700
2022-04-11 09:40:00,188,188,188,188,18400
2022-04-11 09:41:00,189,189,189,189,20000
2022-04-11 09:42:00,188,188,188,188,5400
2022-04-11 09:43:00,188,188,188,188,50000
2022-04-11 09:44:00,188,188,188,188,3100
2022-04-11 09:45:00,188,188,188,188,9100
2022-04-11 09:46:00,188,188,188,188,5700
2022-04-11 09:47:00,188,188,189,189,8500
2022-04-11 09:48:00,188,188,189,189,0
2022-04-11 09:49:00,188,188,189,189,0
2022-04-11 09:50:00,189,188,189,188,1600
2022-04-11 09:51:00,188,188,188,188,9100
2022-04-11 09:52:00,188,188,188,188,128600
2022-04-11 09:53:00,188,188,188,188,0
2022-04-11 09:54:00,188,187,188,187,25800
2022-04-11 09:55:00,188,187,188,187,0
2022-04-11 09:56:00,187,187,188,188,106100
2022-04-11 09:57:00,187,187,188,188,0
2022-04-11 09:58:00,188,188,188,188,30100
2022-04-11 09:59:00,188,188,188,188,140000
2022-04-11 10:00:00,188,188,188,188,100
2022-04-11 10:01:00,188,188,188,188,0
2022-04-11 10:02:00,188,188,188,188,12500
2022-04-11 10:03:00,188,188,188,188,1000
2022-04-11 10:04:00,188,188,188,188,0
2022-04-11 10:05:00,188,188,188,188,22400
2022-04-11 10:06:00,189,189,189,189,120400
2022-04-11 10:07:00,189,189,189,189,12700
2022-04-11 10:08:00,189,189,189,189,0
2022-04-11 10:09:00,189,189,189,189,3600
2022-04-11 10:10:00,189,189,189,189,5000
2022-04-11 10:11:00,189,189,189,189,1300
2022-04-11 10:12:00,190,190,190,190,5000
2022-04-11 10:13:00,190,190,190,190,1000
2022-04-11 10:14:00,190,190,190,190,101000
2022-04-11 10:15:00,190,190,190,190,0
2022-04-11 10:16:00,190,190,190,190,200
2022-04-11 10:17:00,190,190,190,190,0
2022-04-11 10:18:00,190,189,190,189,30000
2022-04-11 10:19:00,190,189,190,189,0
2022-04-11 10:20:00,190,190,190,190,100
2022-04-11 10:21:00,189,189,189,189,1000
2022-04-11 10:22:00,189,189,189,189,0
2022-04-11 10:23:00,189,189,189,189,11300
2022-04-11 10:24:00,189,189,189,189,100
2022-04-11 10:25:00,189,189,189,189,0
2022-04-11 10:26:00,189,189,189,189,0
2022-04-11 10:27:00,189,189,189,189,200
2022-04-11 10:28:00,189,189,190,190,50300
2022-04-11 10:29:00,189,189,190,190,0
2022-04-11 10:30:00,189,189,189,189,101600
2022-04-11 10:31:00,189,189,189,189,0
2022-04-11 10:32:00,189,189,190,190,429400
2022-04-11 10:33:00,190,190,190,190,10300
2022-04-11 10:34:00,190,190,190,190,0
2022-04-11 10:35:00,191,190,191,190,5100
2022-04-11 10:36:00,190,190,190,190,3000
2022-04-11 10:37:00,190,190,190,190,0
2022-04-11 10:38:00,190,190,190,190,100
2022-04-11 10:39:00,190,190,190,190,0
2022-04-11 10:40:00,190,190,190,190,0
2022-04-11 10:41:00,190,190,191,191,130200
2022-04-11 10:42:00,191,191,191,191,23000
2022-04-11 10:43:00,191,191,191,191,500
2022-04-11 10:44:00,191,191,192,192,14200
2022-04-11 10:45:00,191,190,191,190,63500
2022-04-11 10:46:00,191,190,191,190,0
2022-04-11 10:47:00,190,190,190,190,25000
2022-04-11 10:48:00,190,190,190,190,0
2022-04-11 10:49:00,190,190,190,190,3300
2022-04-11 10:50:00,190,190,190,190,0
2022-04-11 10:51:00,190,190,190,190,0
2022-04-11 10:52:00,190,190,190,190,0
2022-04-11 10:53:00,190,190,190,190,0
2022-04-11 10:54:00,190,190,190,190,0
2022-04-11 10:55:00,189,189,190,190,34600
2022-04-11 10:56:00,189,189,189,189,400000
2022-04-11 10:57:00,189,189,190,190,6600
2022-04-11 10:58:00,190,189,190,189,130500
2022-04-11 10:59:00,190,189,190,189,0
2022-04-11 11:00:00,190,189,190,189,0
2022-04-11 11:01:00,190,189,190,189,0
2022-04-11 11:02:00,190,189,190,189,0
2022-04-11 11:03:00,189,189,189,189,6500
2022-04-11 11:04:00,189,189,189,189,13500
2022-04-11 11:05:00,189,189,189,189,30000
2022-04-11 11:06:00,189,189,189,189,58200
2022-04-11 11:07:00,189,189,189,189,0
2022-04-11 11:08:00,189,189,189,189,0
2022-04-11 11:09:00,189,189,189,189,0
2022-04-11 11:10:00,189,189,189,189,0
2022-04-11 11:11:00,189,189,189,189,0
2022-04-11 11:12:00,189,189,189,189,0
2022-04-11 11:13:00,189,189,189,189,5000
2022-04-11 11:14:00,189,189,189,189,28000
2022-04-11 11:15:00,189,189,189,189,57900
2022-04-11 11:16:00,188,188,188,188,215700
2022-04-11 11:17:00,188,188,188,188,31700
2022-04-11 11:18:00,188,188,188,188,5300
2022-04-11 11:19:00,188,188,188,188,0
2022-04-11 11:20:00,188,188,188,188,0
2022-04-11 11:21:00,188,188,188,188,0
2022-04-11 11:22:00,188,188,188,188,0
2022-04-11 11:23:00,188,188,188,188,0
2022-04-11 11:24:00,188,188,188,188,100
2022-04-11 11:25:00,187,187,187,187,50000
2022-04-11 11:26:00,187,187,188,188,500600
2022-04-11 11:27:00,187,187,187,187,270000
2022-04-11 11:28:00,187,187,188,188,103300
2022-04-11 11:29:00,188,188,188,188,500
2022-04-11 11:30:00,188,188,188,188,0
2022-04-11 11:31:00,188,188,188,188,0
2022-04-11 11:32:00,188,188,188,188,0
2022-04-11 11:33:00,188,188,188,188,0
2022-04-11 11:34:00,188,188,188,188,0
2022-04-11 11:35:00,188,188,188,188,0
2022-04-11 11:36:00,188,188,188,188,0
2022-04-11 11:37:00,188,188,188,188,0
2022-04-11 11:38:00,188,188,188,188,0
2022-04-11 11:39:00,188,188,188,188,0
2022-04-11 11:40:00,188,188,188,188,0
2022-04-11 11:41:00,188,188,188,188,0
2022-04-11 11:42:00,188,188,188,188,0
2022-04-11 11:43:00,188,188,188,188,0
2022-04-11 11:44:00,188,188,188,188,0
2022-04-11 11:45:00,188,188,188,188,0
2022-04-11 11:46:00,188,188,188,188,0
2022-04-11 11:47:00,188,188,188,188,0
2022-04-11 11:48:00,188,188,188,188,0
2022-04-11 11:49:00,188,188,188,188,0
2022-04-11 11:50:00,188,188,188,188,0
2022-04-11 11:51:00,188,188,188,188,0
2022-04-11 11:52:00,188,188,188,188,0
2022-04-11 11:53:00,188,188,188,188,0
2022-04-11 11:54:00,188,188,188,188,0
2022-04-11 11:55:00,188,188,188,188,0
2022-04-11 11:56:00,188,188,188,188,0
2022-04-11 11:57:00,188,188,188,188,0
2022-04-11 11:58:00,188,188,188,188,0
2022-04-11 11:59:00,188,188,188,188,0
2022-04-11 12:00:00,188,188,188,188,0
2022-04-11 12:01:00,188,188,188,188,0
2022-04-11 12:02:00,188,188,188,188,0
2022-04-11 12:03:00,188,188,188,188,0
2022-04-11 12:04:00,188,188,188,188,0
2022-04-11 12:05:00,188,188,188,188,0
2022-04-11 12:06:00,188,188,188,188,0
2022-04-11 12:07:00,188,188,188,188,0
2022-04-11 12:08:00,188,188,188,188,0
2022-04-11 12:09:00,188,188,188,188,0
2022-04-11 12:10:00,188,188,188,188,0
2022-04-11 12:11:00,188,188,188,188,0
2022-04-11 12:12:00,188,188,188,188,0
2022-04-11 12:13:00,188,188,188,188,0
2022-04-11 12:14:00,188,188,188,188,0
2022-04-11 12:15:00,188,188,188,188,0
2022-04-11 12:16:00,188,188,188,188,0
2022-04-11 12:17:00,188,188,188,188,0
2022-04-11 12:18:00,188,188,188,188,0
2022-04-11 12:19:00,188,188,188,188,0
2022-04-11 12:20:00,188,188,188,188,0
2022-04-11 12:21:00,188,188,188,188,0
2022-04-11 12:22:00,188,188,188,188,0
2022-04-11 12:23:00,188,188,188,188,0
2022-04-11 12:24:00,188,188,188,188,0
2022-04-11 12:25:00,188,188,188,188,0
2022-04-11 12:26:00,188,188,188,188,0
2022-04-11 12:27:00,188,188,188,188,0
2022-04-11 12:28:00,188,188,188,188,0
2022-04-11 12:29:00,188,188,188,188,0
2022-04-11 12:30:00,188,188,188,188,0
2022-04-11 12:31:00,188,188,188,188,0
2022-04-11 12:32:00,188,188,188,188,0
2022-04-11 12:33:00,188,188,188,188,0
2022-04-11 12:34:00,188,188,188,188,0
2022-04-11 12:35:00,188,188,188,188,0
2022-04-11 12:36:00,188,188,188,188,0
2022-04-11 12:37:00,188,188,188,188,0
2022-04-11 12:38:00,188,188,188,188,0
2022-04-11 12:39:00,188,188,188,188,0
2022-04-11 12:40:00,188,188,188,188,0
2022-04-11 12:41:00,188,188,188,188,0
2022-04-11 12:42:00,188,188,188,188,0
2022-04-11 12:43:00,188,188,188,188,0
2022-04-11 12:44:00,188,188,188,188,0
2022-04-11 12:45:00,188,188,188,188,0
2022-04-11 12:46:00,188,188,188,188,0
2022-04-11 12:47:00,188,188,188,188,0
2022-04-11 12:48:00,188,188,188,188,0
2022-04-11 12:49:00,188,188,188,188,0
2022-04-11 12:50:00,188,188,188,188,0
2022-04-11 12:51:00,188,188,188,188,0
2022-04-11 12:52:00,188,188,188,188,0
2022-04-11 12:53:00,188,188,188,188,0
2022-04-11 12:54:00,188,188,188,188,0
2022-04-11 12:55:00,188,188,188,188,0
2022-04-11 12:56:00,188,188,188,188,0
2022-04-11 12:57:00,188,188,188,188,0
2022-04-11 12:58:00,188,188,188,188,0
2022-04-11 12:59:00,188,188,188,188,0
2022-04-11 13:00:00,188,188,188,188,0
2022-04-11 13:01:00,188,188,188,188,0
2022-04-11 13:02:00,188,188,188,188,0
2022-04-11 13:03:00,188,188,188,188,0
2022-04-11 13:04:00,188,188,188,188,0
2022-04-11 13:05:00,188,188,188,188,0
2022-04-11 13:06:00,188,188,188,188,0
2022-04-11 13:07:00,188,188,188,188,0
2022-04-11 13:08:00,188,188,188,188,0
2022-04-11 13:09:00,188,188,188,188,0
2022-04-11 13:10:00,188,188,188,188,0
2022-04-11 13:11:00,188,188,188,188,0
2022-04-11 13:12:00,188,188,188,188,0
2022-04-11 13:13:00,188,188,188,188,0
2022-04-11 13:14:00,188,188,188,188,0
2022-04-11 13:15:00,188,188,188,188,0
2022-04-11 13:16:00,188,188,188,188,0
2022-04-11 13:17:00,188,188,188,188,0
2022-04-11 13:18:00,188,188,188,188,0
2022-04-11 13:19:00,188,188,188,188,0
2022-04-11 13:20:00,188,188,188,188,0
2022-04-11 13:21:00,188,188,188,188,0
2022-04-11 13:22:00,188,188,188,188,0
2022-04-11 13:23:00,188,188,188,188,0
2022-04-11 13:24:00,188,188,188,188,0
2022-04-11 13:25:00,188,188,188,188,0
2022-04-11 13:26:00,188,188,188,188,0
2022-04-11 13:27:00,188,188,188,188,0
2022-04-11 13:28:00,188,188,188,188,0
2022-04-11 13:29:00,188,188,188,188,0
2022-04-11 13:30:00,188,188,188,188,10600
2022-04-11 13:31:00,188,187,188,187,161300
2022-04-11 13:32:00,187,187,187,187,12900
2022-04-11 13:33:00,187,187,187,187,21100
2022-04-11 13:34:00,187,187,187,187,3500
2022-04-11 13:35:00,187,187,187,187,0
2022-04-11 13:36:00,187,187,187,187,0
2022-04-11 13:37:00,187,187,187,187,0
2022-04-11 13:38:00,188,188,188,188,28300
2022-04-11 13:39:00,189,189,189,189,45000
2022-04-11 13:40:00,189,189,189,189,2500
2022-04-11 13:41:00,189,189,189,189,0
2022-04-11 13:42:00,189,189,189,189,0
2022-04-11 13:43:00,189,189,189,189,0
2022-04-11 13:44:00,189,189,189,189,0
2022-04-11 13:45:00,189,189,189,189,0
2022-04-11 13:46:00,188,188,188,188,5000
2022-04-11 13:47:00,188,188,188,188,0
2022-04-11 13:48:00,188,188,188,188,0
2022-04-11 13:49:00,188,188,188,188,0
2022-04-11 13:50:00,188,188,188,188,0
2022-04-11 13:51:00,188,188,188,188,1100
2022-04-11 13:52:00,189,189,189,189,95900
2022-04-11 13:53:00,189,189,189,189,4100
2022-04-11 13:54:00,189,189,189,189,0
2022-04-11 13:55:00,189,189,189,189,0
2022-04-11 13:56:00,189,189,189,189,0
2022-04-11 13:57:00,189,189,189,189,0
2022-04-11 13:58:00,189,189,189,189,0
2022-04-11 13:59:00,188,187,188,187,550000
2022-04-11 14:00:00,187,187,189,189,2200
2022-04-11 14:01:00,187,187,189,189,0
2022-04-11 14:02:00,187,187,189,189,0
2022-04-11 14:03:00,187,187,189,189,0
2022-04-11 14:04:00,188,188,188,188,17400
2022-04-11 14:05:00,189,189,189,189,100
2022-04-11 14:06:00,188,188,188,188,3500
2022-04-11 14:07:00,189,189,189,189,300
2022-04-11 14:08:00,188,188,188,188,3700
2022-04-11 14:09:00,189,189,190,189,135800
2022-04-11 14:10:00,189,189,190,190,7600
2022-04-11 14:11:00,189,189,190,190,0
2022-04-11 14:12:00,189,189,189,189,33000
2022-04-11 14:13:00,189,189,189,189,27000
2022-04-11 14:14:00,189,189,189,189,31100
2022-04-11 14:15:00,188,188,188,188,1000
2022-04-11 14:16:00,188,188,188,188,3300
2022-04-11 14:17:00,189,189,189,189,100
2022-04-11 14:18:00,189,189,189,189,0
2022-04-11 14:19:00,189,189,189,189,0
2022-04-11 14:20:00,188,188,189,189,52000
2022-04-11 14:21:00,188,188,188,188,26100
2022-04-11 14:22:00,187,187,188,188,122400
2022-04-11 14:23:00,187,187,187,187,3500
2022-04-11 14:24:00,187,187,187,187,15000
2022-04-11 14:25:00,187,187,187,187,0
2022-04-11 14:26:00,187,187,187,187,0
2022-04-11 14:27:00,187,187,187,187,2000
2022-04-11 14:28:00,187,187,188,188,65000
2022-04-11 14:29:00,187,187,187,187,35100
2022-04-11 14:30:00,187,187,187,187,350000
2022-04-11 14:31:00,187,187,187,187,29300
2022-04-11 14:32:00,187,187,187,187,1400
2022-04-11 14:33:00,187,187,187,187,21500
2022-04-11 14:34:00,187,187,187,187,0
2022-04-11 14:35:00,187,187,187,187,20000
2022-04-11 14:36:00,187,187,187,187,8000
2022-04-11 14:37:00,187,187,187,187,0
2022-04-11 14:38:00,187,187,187,187,24700
2022-04-11 14:39:00,187,187,187,187,0
2022-04-11 14:40:00,187,187,187,187,0
2022-04-11 14:41:00,188,188,188,188,600
2022-04-11 14:42:00,188,187,188,187,164100
2022-04-11 14:43:00,188,187,188,187,0
2022-04-11 14:44:00,188,187,188,187,0
2022-04-11 14:45:00,187,186,187,186,70800
2022-04-11 14:46:00,186,186,186,186,240400
2022-04-11 14:47:00,186,186,186,186,0
2022-04-11 14:48:00,187,187,187,187,200
2022-04-11 14:49:00,187,187,187,187,300
2022-04-11 14:50:00,187,187,187,187,0
2022-04-11 14:51:00,187,187,187,187,0
2022-04-11 14:52:00,187,187,187,187,0
2022-04-11 14:53:00,187,187,187,187,0
2022-04-11 14:54:00,187,187,187,187,0
2022-04-11 14:55:00,187,187,187,187,0
2022-04-11 14:56:00,187,187,187,187,0
2022-04-11 14:57:00,187,187,187,187,0
2022-04-11 14:58:00,187,187,187,187,0
2022-04-11 14:59:00,187,187,187,187,0
2022-04-11 15:00:00,186,186,186,186,145300
2022-04-11 15:01:00,186,186,186,186,600
2022-04-11 15:02:00,186,186,186,186,0
2022-04-11 15:03:00,186,186,186,186,2500
2022-04-11 15:04:00,186,186,186,186,0
2022-04-11 15:05:00,186,186,186,186,12300
2022-04-11 15:06:00,186,186,186,186,1500
2022-04-11 15:07:00,186,186,186,186,4800
2022-04-11 15:08:00,186,186,186,186,23000
2022-04-11 15:09:00,186,186,186,186,6400
2022-04-11 15:10:00,186,186,186,186,10000
2022-04-11 15:11:00,186,186,186,186,30000
2022-04-11 15:12:00,186,186,186,186,0
2022-04-11 15:13:00,186,186,186,186,0
2022-04-11 15:14:00,186,186,186,186,0
2022-04-11 15:15:00,186,186,186,186,0
2022-04-11 15:16:00,186,186,186,186,0
2022-04-11 15:17:00,186,186,186,186,0
2022-04-11 15:18:00,186,186,186,186,0
2022-04-11 15:19:00,186,186,186,186,0
2022-04-11 15:20:00,186,186,186,186,0
2022-04-11 15:21:00,186,186,186,186,0
2022-04-11 15:22:00,186,186,186,186,0
2022-04-11 15:23:00,186,186,186,186,0
2022-04-11 15:24:00,186,186,186,186,0
2022-04-11 15:25:00,186,186,186,186,0
2022-04-11 15:26:00,186,186,186,186,0
2022-04-11 15:27:00,186,186,186,186,0
2022-04-11 15:28:00,186,186,186,186,0
2022-04-11 15:29:00,186,186,186,186,0
2022-04-11 15:30:00,186,186,186,186,0
2022-04-11 15:31:00,186,186,186,186,0
2022-04-11 15:32:00,186,186,186,186,0
2022-04-11 15:33:00,186,186,186,186,0
2022-04-11 15:34:00,186,186,186,186,0
2022-04-11 15:35:00,186,186,186,186,0
2022-04-11 15:36:00,186,186,186,186,0
2022-04-11 15:37:00,186,186,186,186,0
2022-04-11 15:38:00,186,186,186,186,0
2022-04-11 15:39:00,186,186,186,186,0
2022-04-11 15:40:00,186,186,186,186,0
2022-04-11 15:41:00,186,186,186,186,0
2022-04-11 15:42:00,186,186,186,186,0
2022-04-11 15:43:00,186,186,186,186,0
2022-04-11 15:44:00,186,186,186,186,0
2022-04-11 15:45:00,186,186,186,186,0
2022-04-11 15:46:00,186,186,186,186,0
2022-04-11 15:47:00,186,186,186,186,0
2022-04-11 15:48:00,186,186,186,186,0
2022-04-11 15:49:00,186,186,186,186,0
2022-04-11 15:50:00,186,186,186,186,0
2022-04-11 15:51:00,186,186,186,186,0
2022-04-11 15:52:00,186,186,186,186,0
2022-04-11 15:53:00,186,186,186,186,0
2022-04-11 15:54:00,186,186,186,186,0
2022-04-11 15:55:00,186,186,186,186,0
2022-04-11 15:56:00,186,186,186,186,0
2022-04-11 15:57:00,186,186,186,186,0
2022-04-11 15:58:00,186,186,186,186,0
2022-04-11 15:59:00,186,186,186,186,0
2022-04-12 09:00:00,186,186,186,186,0
2022-04-12 09:01:00,186,184,186,184,92300
2022-04-12 09:02:00,186,184,186,184,0
2022-04-12 09:03:00,185,185,185,185,24700
2022-04-12 09:04:00,186,186,186,186,4000
2022-04-12 09:05:00,186,185,186,185,95500
2022-04-12 09:06:00,186,186,186,186,25000
2022-04-12 09:07:00,186,186,186,186,0
2022-04-12 09:08:00,186,186,186,186,10000
2022-04-12 09:09:00,185,185,185,185,50000
2022-04-12 09:10:00,185,185,185,185,0
2022-04-12 09:11:00,185,185,185,185,35500
2022-04-12 09:12:00,185,185,185,185,14000
2022-04-12 09:13:00,185,185,185,185,600
2022-04-12 09:14:00,185,185,185,185,1500
2022-04-12 09:15:00,185,185,185,185,3800
2022-04-12 09:16:00,185,185,185,185,200
2022-04-12 09:17:00,185,185,185,185,9000
2022-04-12 09:18:00,185,185,185,185,20000
2022-04-12 09:19:00,185,185,185,185,20000
2022-04-12 09:20:00,186,186,186,186,100
2022-04-12 09:21:00,185,185,185,185,85000
2022-04-12 09:22:00,185,185,185,185,81400
2022-04-12 09:23:00,184,184,185,184,4100
2022-04-12 09:24:00,184,184,184,184,13000
2022-04-12 09:25:00,185,185,185,185,24500
2022-04-12 09:26:00,186,185,186,185,100200
2022-04-12 09:27:00,185,185,185,185,45900
2022-04-12 09:28:00,184,184,184,184,100
2022-04-12 09:29:00,184,184,184,184,51500
2022-04-12 09:30:00,185,185,185,185,100
2022-04-12 09:31:00,185,185,185,185,19600
2022-04-12 09:32:00,185,185,185,185,1000
2022-04-12 09:33:00,185,185,185,185,0
2022-04-12 09:34:00,185,185,185,185,300
2022-04-12 09:35:00,185,185,185,185,100
2022-04-12 09:36:00,185,185,185,185,300
2022-04-12 09:37:00,185,185,185,185,50000
2022-04-12 09:38:00,186,186,186,186,700
2022-04-12 09:39:00,186,186,186,186,0
2022-04-12 09:40:00,185,185,185,185,13000
2022-04-12 09:41:00,185,185,185,185,10000
2022-04-12 09:42:00,184,184,184,184,17000
2022-04-12 09:43:00,184,184,185,185,61500
2022-04-12 09:44:00,185,185,185,185,3800
2022-04-12 09:45:00,184,184,185,184,50700
2022-04-12 09:46:00,184,184,184,184,66500
2022-04-12 09:47:00,184,181,184,181,647500
2022-04-12 09:48:00,181,181,181,181,73600
2022-04-12 09:49:00,181,181,182,182,72500
2022-04-12 09:50:00,181,181,182,182,49000
2022-04-12 09:51:00,182,181,182,182,207600
2022-04-12 09:52:00,182,182,182,182,5000
2022-04-12 09:53:00,182,182,182,182,101100
2022-04-12 09:54:00,182,182,182,182,13900
2022-04-12 09:55:00,182,182,182,182,8000
2022-04-12 09:56:00,182,182,184,184,248100
2022-04-12 09:57:00,184,184,184,184,5900
2022-04-12 09:58:00,184,184,184,184,0
2022-04-12 09:59:00,183,183,183,183,30000
2022-04-12 10:00:00,183,183,183,183,0
2022-04-12 10:01:00,182,182,182,182,17500
2022-04-12 10:02:00,182,182,182,182,100000
2022-04-12 10:03:00,182,182,183,183,130800
2022-04-12 10:04:00,183,183,183,183,100
2022-04-12 10:05:00,183,183,183,183,5000
2022-04-12 10:06:00,183,183,183,183,14300
2022-04-12 10:07:00,183,183,183,183,0
2022-04-12 10:08:00,184,184,184,184,5100
2022-04-12 10:09:00,184,184,184,184,0
2022-04-12 10:10:00,184,184,184,184,2500
2022-04-12 10:11:00,184,184,184,184,500
2022-04-12 10:12:00,183,183,183,183,100
2022-04-12 10:13:00,183,183,183,183,56100
2022-04-12 10:14:00,183,182,183,182,343900
2022-04-12 10:15:00,183,182,183,182,0
2022-04-12 10:16:00,183,182,183,182,0
2022-04-12 10:17:00,183,182,183,182,0
2022-04-12 10:18:00,183,183,184,183,21000
2022-04-12 10:19:00,183,183,183,183,14900
2022-04-12 10:20:00,183,183,183,183,0
2022-04-12 10:21:00,184,184,184,184,5600
2022-04-12 10:22:00,184,184,184,184,0
2022-04-12 10:23:00,184,184,184,184,0
2022-04-12 10:24:00,184,184,184,184,0
2022-04-12 10:25:00,183,183,183,183,6000
2022-04-12 10:26:00,183,183,183,183,0
2022-04-12 10:27:00,183,183,183,183,0
2022-04-12 10:28:00,183,183,183,183,100
2022-04-12 10:29:00,183,183,183,183,22500
2022-04-12 10:30:00,183,183,183,183,0
2022-04-12 10:31:00,183,183,183,183,0
2022-04-12 10:32:00,182,182,182,182,300
2022-04-12 10:33:00,182,182,182,182,10100
2022-04-12 10:34:00,183,183,183,183,7500
2022-04-12 10:35:00,183,183,183,183,0
2022-04-12 10:36:00,183,183,183,183,16600
2022-04-12 10:37:00,183,183,183,183,0
2022-04-12 10:38:00,183,183,183,183,0
2022-04-12 10:39:00,183,183,183,183,0
2022-04-12 10:40:00,183,183,183,183,20000
2022-04-12 10:41:00,183,183,183,183,0
2022-04-12 10:42:00,183,183,183,183,0
2022-04-12 10:43:00,183,183,183,183,0
2022-04-12 10:44:00,184,183,184,183,10100
2022-04-12 10:45:00,184,183,184,183,0
2022-04-12 10:46:00,183,183,183,183,3700
2022-04-12 10:47:00,184,184,184,184,5000
2022-04-12 10:48:00,184,184,184,184,300
2022-04-12 10:49:00,184,184,184,184,0
2022-04-12 10:50:00,184,184,184,184,0
2022-04-12 10:51:00,184,184,184,184,800
2022-04-12 10:52:00,183,183,184,184,15000
2022-04-12 10:53:00,183,183,184,184,0
2022-04-12 10:54:00,183,183,184,184,0
2022-04-12 10:55:00,183,183,184,184,0
2022-04-12 10:56:00,183,183,184,184,0
2022-04-12 10:57:00,183,183,184,184,0
2022-04-12 10:58:00,183,183,184,184,0
2022-04-12 10:59:00,184,184,184,184,2000
2022-04-12 11:00:00,183,183,183,183,20000
2022-04-12 11:01:00,183,183,183,183,23300
2022-04-12 11:02:00,182,182,182,182,95900
2022-04-12 11:03:00,182,182,182,182,70700
2022-04-12 11:04:00,182,182,182,182,4300
2022-04-12 11:05:00,182,182,182,182,0
2022-04-12 11:06:00,182,182,183,182,2700
2022-04-12 11:07:00,183,183,183,183,102800
2022-04-12 11:08:00,183,183,183,183,100
2022-04-12 11:09:00,183,183,183,183,100
2022-04-12 11:10:00,182,182,182,182,19100
2022-04-12 11:11:00,182,182,183,183,181200
2022-04-12 11:12:00,183,183,183,183,40000
2022-04-12 11:13:00,183,183,183,183,0
2022-04-12 11:14:00,183,183,183,183,5900
2022-04-12 11:15:00,183,183,183,183,0
2022-04-12 11:16:00,183,183,183,183,300
2022-04-12 11:17:00,183,183,183,183,0
2022-04-12 11:18:00,183,183,183,183,100
2022-04-12 11:19:00,182,182,182,182,4500
2022-04-12 11:20:00,182,182,182,182,101400
2022-04-12 11:21:00,181,181,181,181,500
2022-04-12 11:22:00,181,181,181,181,7200
2022-04-12 11:23:00,181,181,181,181,0
2022-04-12 11:24:00,182,182,182,182,1000
2022-04-12 11:25:00,182,182,182,182,0
2022-04-12 11:26:00,182,182,182,182,250000
2022-04-12 11:27:00,182,182,182,182,0
2022-04-12 11:28:00,182,182,182,182,0
2022-04-12 11:29:00,182,182,182,182,1000
2022-04-12 11:30:00,182,182,182,182,0
2022-04-12 11:31:00,182,182,182,182,0
2022-04-12 11:32:00,182,182,182,182,0
2022-04-12 11:33:00,182,182,182,182,0
2022-04-12 11:34:00,182,182,182,182,0
2022-04-12 11:35:00,182,182,182,182,0
2022-04-12 11:36:00,182,182,182,182,0
2022-04-12 11:37:00,182,182,182,182,0
2022-04-12 11:38:00,182,182,182,182,0
2022-04-12 11:39:00,182,182,182,182,0
2022-04-12 11:40:00,182,182,182,182,0
2022-04-12 11:41:00,182,182,182,182,0
2022-04-12 11:42:00,182,182,182,182,0
2022-04-12 11:43:00,182,182,182,182,0
2022-04-12 11:44:00,182,182,182,182,0
2022-04-12 11:45:00,182,182,182,182,0
2022-04-12 11:46:00,182,182,182,182,0
2022-04-12 11:47:00,182,182,182,182,0
2022-04-12 11:48:00,182,182,182,182,0
2022-04-12 11:49:00,182,182,182,182,0
2022-04-12 11:50:00,182,182,182,182,0
2022-04-12 11:51:00,182,182,182,182,0
2022-04-12 11:52:00,182,182,182,182,0
2022-04-12 11:53:00,182,182,182,182,0
2022-04-12 11:54:00,182,182,182,182,0
2022-04-12 11:55:00,182,182,182,182,0
2022-04-12 11:56:00,182,182,182,182,0
2022-04-12 11:57:00,182,182,182,182,0
2022-04-12 11:58:00,182,182,182,182,0
2022-04-12 11:59:00,182,182,182,182,0
2022-04-12 12:00:00,182,182,182,182,0
2022-04-12 12:01:00,182,182,182,182,0
2022-04-12 12:02:00,182,182,182,182,0
2022-04-12 12:03:00,182,182,182,182,0
2022-04-12 12:04:00,182,182,182,182,0
2022-04-12 12:05:00,182,182,182,182,0
2022-04-12 12:06:00,182,182,182,182,0
2022-04-12 12:07:00,182,182,182,182,0
2022-04-12 12:08:00,182,182,182,182,0
2022-04-12 12:09:00,182,182,182,182,0
2022-04-12 12:10:00,182,182,182,182,0
2022-04-12 12:11:00,182,182,182,182,0
2022-04-12 12:12:00,182,182,182,182,0
2022-04-12 12:13:00,182,182,182,182,0
2022-04-12 12:14:00,182,182,182,182,0
2022-04-12 12:15:00,182,182,182,182,0
2022-04-12 12:16:00,182,182,182,182,0
2022-04-12 12:17:00,182,182,182,182,0
2022-04-12 12:18:00,182,182,182,182,0
2022-04-12 12:19:00,182,182,182,182,0
2022-04-12 12:20:00,182,182,182,182,0
2022-04-12 12:21:00,182,182,182,182,0
2022-04-12 12:22:00,182,182,182,182,0
2022-04-12 12:23:00,182,182,182,182,0
2022-04-12 12:24:00,182,182,182,182,0
2022-04-12 12:25:00,182,182,182,182,0
2022-04-12 12:26:00,182,182,182,182,0
2022-04-12 12:27:00,182,182,182,182,0
2022-04-12 12:28:00,182,182,182,182,0
2022-04-12 12:29:00,182,182,182,182,0
2022-04-12 12:30:00,182,182,182,182,0
2022-04-12 12:31:00,182,182,182,182,0
2022-04-12 12:32:00,182,182,182,182,0
2022-04-12 12:33:00,182,182,182,182,0
2022-04-12 12:34:00,182,182,182,182,0
2022-04-12 12:35:00,182,182,182,182,0
2022-04-12 12:36:00,182,182,182,182,0
2022-04-12 12:37:00,182,182,182,182,0
2022-04-12 12:38:00,182,182,182,182,0
2022-04-12 12:39:00,182,182,182,182,0
2022-04-12 12:40:00,182,182,182,182,0
2022-04-12 12:41:00,182,182,182,182,0
2022-04-12 12:42:00,182,182,182,182,0
2022-04-12 12:43:00,182,182,182,182,0
2022-04-12 12:44:00,182,182,182,182,0
2022-04-12 12:45:00,182,182,182,182,0
2022-04-12 12:46:00,182,182,182,182,0
2022-04-12 12:47:00,182,182,182,182,0
2022-04-12 12:48:00,182,182,182,182,0
2022-04-12 12:49:00,182,182,182,182,0
2022-04-12 12:50:00,182,182,182,182,0
2022-04-12 12:51:00,182,182,182,182,0
2022-04-12 12:52:00,182,182,182,182,0
2022-04-12 12:53:00,182,182,182,182,0
2022-04-12 12:54:00,182,182,182,182,0
2022-04-12 12:55:00,182,182,182,182,0
2022-04-12 12:56:00,182,182,182,182,0
2022-04-12 12:57:00,182,182,182,182,0
2022-04-12 12:58:00,182,182,182,182,0
2022-04-12 12:59:00,182,182,182,182,0
2022-04-12 13:00:00,182,182,182,182,0
2022-04-12 13:01:00,182,182,182,182,0
2022-04-12 13:02:00,182,182,182,182,0
2022-04-12 13:03:00,182,182,182,182,0
2022-04-12 13:04:00,182,182,182,182,0
2022-04-12 13:05:00,182,182,182,182,0
2022-04-12 13:06:00,182,182,182,182,0
2022-04-12 13:07:00,182,182,182,182,0
2022-04-12 13:08:00,182,182,182,182,0
2022-04-12 13:09:00,182,182,182,182,0
2022-04-12 13:10:00,182,182,182,182,0
2022-04-12 13:11:00,182,182,182,182,0
2022-04-12 13:12:00,182,182,182,182,0
2022-04-12 13:13:00,182,182,182,182,0
2022-04-12 13:14:00,182,182,182,182,0
2022-04-12 13:15:00,182,182,182,182,0
2022-04-12 13:16:00,182,182,182,182,0
2022-04-12 13:17:00,182,182,182,182,0
2022-04-12 13:18:00,182,182,182,182,0
2022-04-12 13:19:00,182,182,182,182,0
2022-04-12 13:20:00,182,182,182,182,0
2022-04-12 13:21:00,182,182,182,182,0
2022-04-12 13:22:00,182,182,182,182,0
2022-04-12 13:23:00,182,182,182,182,0
2022-04-12 13:24:00,182,182,182,182,0
2022-04-12 13:25:00,182,182,182,182,0
2022-04-12 13:26:00,182,182,182,182,0
2022-04-12 13:27:00,182,182,182,182,0
2022-04-12 13:28:00,182,182,182,182,0
2022-04-12 13:29:00,182,182,182,182,0
2022-04-12 13:30:00,182,181,182,181,31800
2022-04-12 13:31:00,182,181,182,181,0
2022-04-12 13:32:00,181,181,181,181,4000
2022-04-12 13:33:00,181,181,181,181,6000
2022-04-12 13:34:00,181,181,181,181,20000
2022-04-12 13:35:00,182,182,182,182,60000
2022-04-12 13:36:00,182,182,182,182,71900
2022-04-12 13:37:00,182,182,182,182,0
2022-04-12 13:38:00,182,182,182,182,0
2022-04-12 13:39:00,183,183,183,183,8000
2022-04-12 13:40:00,183,183,183,183,0
2022-04-12 13:41:00,183,183,183,183,0
2022-04-12 13:42:00,183,183,183,183,0
2022-04-12 13:43:00,183,183,183,183,0
2022-04-12 13:44:00,183,183,183,183,0
2022-04-12 13:45:00,183,183,183,183,2000
2022-04-12 13:46:00,183,183,183,183,500
2022-04-12 13:47:00,183,183,183,183,0
2022-04-12 13:48:00,183,183,183,183,2300
2022-04-12 13:49:00,183,183,183,183,0
2022-04-12 13:50:00,183,183,183,183,0
2022-04-12 13:51:00,183,183,183,183,0
2022-04-12 13:52:00,183,183,183,183,0
2022-04-12 13:53:00,183,183,183,183,100
2022-04-12 13:54:00,183,182,183,182,157900
2022-04-12 13:55:00,182,182,182,182,100
2022-04-12 13:56:00,182,182,182,182,25000
2022-04-12 13:57:00,182,182,182,182,112100
2022-04-12 13:58:00,182,182,184,184,3900
2022-04-12 13:59:00,183,183,184,183,12100
2022-04-12 14:00:00,183,183,183,183,700
2022-04-12 14:01:00,183,183,183,183,0
2022-04-12 14:02:00,183,182,183,182,80600
2022-04-12 14:03:00,182,182,182,182,31600
2022-04-12 14:04:00,183,183,185,185,40900
2022-04-12 14:05:00,183,183,185,185,0
2022-04-12 14:06:00,184,184,184,184,22700
2022-04-12 14:07:00,184,184,184,184,3300
2022-04-12 14:08:00,184,184,184,184,200
2022-04-12 14:09:00,184,184,184,184,0
2022-04-12 14:10:00,184,184,184,184,4700
2022-04-12 14:11:00,184,184,184,184,50000
2022-04-12 14:12:00,184,184,184,184,3600
2022-04-12 14:13:00,185,183,185,183,143400
2022-04-12 14:14:00,183,183,183,183,5000
2022-04-12 14:15:00,183,183,183,183,7400
2022-04-12 14:16:00,183,182,183,183,59700
2022-04-12 14:17:00,183,182,183,183,0
2022-04-12 14:18:00,183,182,183,183,0
2022-04-12 14:19:00,183,182,183,183,0
2022-04-12 14:20:00,183,183,183,183,15700
2022-04-12 14:21:00,183,183,183,183,50000
2022-04-12 14:22:00,183,183,183,183,12800
2022-04-12 14:23:00,183,183,183,183,0
2022-04-12 14:24:00,184,184,184,184,300
2022-04-12 14:25:00,183,183,183,183,10000
2022-04-12 14:26:00,183,183,183,183,0
2022-04-12 14:27:00,184,184,184,184,100
2022-04-12 14:28:00,184,184,184,184,20000
2022-04-12 14:29:00,184,184,184,184,0
2022-04-12 14:30:00,184,184,184,184,0
2022-04-12 14:31:00,184,184,184,184,0
2022-04-12 14:32:00,184,184,184,184,0
2022-04-12 14:33:00,184,184,184,184,0
2022-04-12 14:34:00,184,184,184,184,0
2022-04-12 14:35:00,184,184,184,184,1000
2022-04-12 14:36:00,184,184,184,184,0
2022-04-12 14:37:00,184,184,184,184,0
2022-04-12 14:38:00,184,184,184,184,0
2022-04-12 14:39:00,184,184,184,184,1000
2022-04-12 14:40:00,184,184,184,184,0
2022-04-12 14:41:00,184,184,184,184,0
2022-04-12 14:42:00,183,183,183,183,10400
2022-04-12 14:43:00,183,183,183,183,161000
2022-04-12 14:44:00,183,183,183,183,5200
2022-04-12 14:45:00,182,182,182,182,31900
2022-04-12 14:46:00,182,182,182,182,0
2022-04-12 14:47:00,182,182,182,182,0
2022-04-12 14:48:00,182,182,183,182,85400
2022-04-12 14:49:00,182,182,183,183,28800
2022-04-12 14:50:00,182,182,183,183,0
2022-04-12 14:51:00,182,182,183,183,0
2022-04-12 14:52:00,182,182,183,183,0
2022-04-12 14:53:00,182,182,183,183,0
2022-04-12 14:54:00,182,182,183,183,0
2022-04-12 14:55:00,182,182,183,183,0
2022-04-12 14:56:00,182,182,183,183,0
2022-04-12 14:57:00,182,182,183,183,0
2022-04-12 14:58:00,182,182,183,183,0
2022-04-12 14:59:00,182,182,183,183,0
2022-04-12 15:00:00,182,182,182,182,206000
2022-04-12 15:01:00,182,182,182,182,19800
2022-04-12 15:02:00,182,182,182,182,0
2022-04-12 15:03:00,182,182,182,182,0
2022-04-12 15:04:00,182,182,182,182,6000
2022-04-12 15:05:00,182,182,182,182,0
2022-04-12 15:06:00,182,182,182,182,0
2022-04-12 15:07:00,182,182,182,182,0
2022-04-12 15:08:00,182,182,182,182,0
2022-04-12 15:09:00,182,182,182,182,0
2022-04-12 15:10:00,182,182,182,182,4000
2022-04-12 15:11:00,182,182,182,182,0
2022-04-12 15:12:00,182,182,182,182,0
2022-04-12 15:13:00,182,182,182,182,6139000
2022-04-12 15:14:00,182,182,182,182,0
2022-04-12 15:15:00,182,182,182,182,0
2022-04-12 15:16:00,182,182,182,182,0
2022-04-12 15:17:00,182,182,182,182,0
2022-04-12 15:18:00,182,182,182,182,0
2022-04-12 15:19:00,182,182,182,182,0
2022-04-12 15:20:00,182,182,182,182,0
2022-04-12 15:21:00,182,182,182,182,0
2022-04-12 15:22:00,182,182,182,182,0
2022-04-12 15:23:00,182,182,182,182,0
2022-04-12 15:24:00,182,182,182,182,0
2022-04-12 15:25:00,182,182,182,182,0
2022-04-12 15:26:00,182,182,182,182,0
2022-04-12 15:27:00,182,182,182,182,0
2022-04-12 15:28:00,182,182,182,182,0
2022-04-12 15:29:00,182,182,182,182,0
2022-04-12 15:30:00,182,182,182,182,0
2022-04-12 15:31:00,182,182,182,182,0
2022-04-12 15:32:00,182,182,182,182,0
2022-04-12 15:33:00,182,182,182,182,0
2022-04-12 15:34:00,182,182,182,182,0
2022-04-12 15:35:00,182,182,182,182,0
2022-04-12 15:36:00,182,182,182,182,0
2022-04-12 15:37:00,182,182,182,182,0
2022-04-12 15:38:00,182,182,182,182,0
2022-04-12 15:39:00,182,182,182,182,0
2022-04-12 15:40:00,182,182,182,182,0
2022-04-12 15:41:00,182,182,182,182,0
2022-04-12 15:42:00,182,182,182,182,0
2022-04-12 15:43:00,182,182,182,182,0
2022-04-12 15:44:00,182,182,182,182,0
2022-04-12 15:45:00,182,182,182,182,0
2022-04-12 15:46:00,182,182,182,182,0
2022-04-12 15:47:00,182,182,182,182,0
2022-04-12 15:48:00,182,182,182,182,0
2022-04-12 15:49:00,182,182,182,182,0
2022-04-12 15:50:00,182,182,182,182,0
2022-04-12 15:51:00,182,182,182,182,0
2022-04-12 15:52:00,182,182,182,182,0
2022-04-12 15:53:00,182,182,182,182,0
2022-04-12 15:54:00,182,182,182,182,0
2022-04-12 15:55:00,182,182,182,182,0
2022-04-12 15:56:00,182,182,182,182,0
2022-04-12 15:57:00,182,182,182,182,0
2022-04-12 15:58:00,182,182,182,182,0
2022-04-12 15:59:00,182,182,182,182,0
2022-04-13 09:00:00,182,182,184,184,0
2022-04-13 09:01:00,184,184,184,184,100
2022-04-13 09:02:00,184,184,184,184,33000
2022-04-13 09:03:00,185,185,185,185,16200
2022-04-13 09:04:00,185,185,185,185,12700
2022-04-13 09:05:00,185,185,185,185,0
2022-04-13 09:06:00,184,184,184,184,2100
2022-04-13 09:07:00,184,184,184,184,100000
2022-04-13 09:08:00,184,184,184,184,10000
2022-04-13 09:09:00,184,184,184,184,1000
2022-04-13 09:10:00,184,184,184,184,0
2022-04-13 09:11:00,184,184,184,184,76300
2022-04-13 09:12:00,184,184,184,184,11400
2022-04-13 09:13:00,184,184,184,184,8600
2022-04-13 09:14:00,184,184,184,184,0
2022-04-13 09:15:00,184,184,184,184,0
2022-04-13 09:16:00,184,184,184,184,0
2022-04-13 09:17:00,184,184,184,184,0
2022-04-13 09:18:00,185,184,185,184,174200
2022-04-13 09:19:00,185,184,185,184,0
2022-04-13 09:20:00,184,184,184,184,52900
2022-04-13 09:21:00,184,184,184,184,0
2022-04-13 09:22:00,184,184,184,184,34000
2022-04-13 09:23:00,184,184,184,184,30200
2022-04-13 09:24:00,184,184,184,184,300
2022-04-13 09:25:00,184,184,184,184,300
2022-04-13 09:26:00,184,184,185,185,20000
2022-04-13 09:27:00,184,184,184,184,3000
2022-04-13 09:28:00,184,184,184,184,7300
2022-04-13 09:29:00,184,184,184,184,500
2022-04-13 09:30:00,184,184,184,184,0
2022-04-13 09:31:00,184,184,184,184,0
2022-04-13 09:32:00,184,184,184,184,0
2022-04-13 09:33:00,184,184,184,184,100
2022-04-13 09:34:00,184,184,185,185,2200
2022-04-13 09:35:00,185,185,185,185,2500
2022-04-13 09:36:00,185,185,185,185,0
2022-04-13 09:37:00,184,184,184,184,30000
2022-04-13 09:38:00,185,185,186,186,39900
2022-04-13 09:39:00,186,185,186,185,1100
2022-04-13 09:40:00,185,185,185,185,3200
2022-04-13 09:41:00,185,185,185,185,0
2022-04-13 09:42:00,185,185,185,185,0
2022-04-13 09:43:00,185,185,185,185,0
2022-04-13 09:44:00,185,185,185,185,0
2022-04-13 09:45:00,185,185,185,185,12700
2022-04-13 09:46:00,185,185,185,185,0
2022-04-13 09:47:00,185,185,185,185,0
2022-04-13 09:48:00,185,185,185,185,36000
2022-04-13 09:49:00,185,185,185,185,2000
2022-04-13 09:50:00,185,185,185,185,0
2022-04-13 09:51:00,185,185,185,185,100
2022-04-13 09:52:00,185,185,185,185,35000
2022-04-13 09:53:00,185,185,185,185,0
2022-04-13 09:54:00,185,185,185,185,15000
2022-04-13 09:55:00,185,185,185,185,1800
2022-04-13 09:56:00,186,186,186,186,100
2022-04-13 09:57:00,186,186,186,186,100
2022-04-13 09:58:00,186,186,186,186,0
2022-04-13 09:59:00,186,186,186,186,0
2022-04-13 10:00:00,186,186,186,186,0
2022-04-13 10:01:00,185,185,185,185,25100
2022-04-13 10:02:00,186,186,186,186,100
2022-04-13 10:03:00,185,185,186,186,6200
2022-04-13 10:04:00,185,185,186,186,0
2022-04-13 10:05:00,185,185,186,186,0
2022-04-13 10:06:00,185,185,185,185,1600
2022-04-13 10:07:00,185,185,185,185,0
2022-04-13 10:08:00,185,185,185,185,0
2022-04-13 10:09:00,185,185,185,185,28900
2022-04-13 10:10:00,185,185,185,185,0
2022-04-13 10:11:00,185,185,185,185,30000
2022-04-13 10:12:00,185,185,185,185,100
2022-04-13 10:13:00,185,183,186,186,329300
2022-04-13 10:14:00,184,184,184,184,11500
2022-04-13 10:15:00,184,184,185,185,16400
2022-04-13 10:16:00,184,184,184,184,2500
2022-04-13 10:17:00,185,185,185,185,100
2022-04-13 10:18:00,185,185,185,185,0
2022-04-13 10:19:00,185,185,185,185,0
2022-04-13 10:20:00,185,185,185,185,0
2022-04-13 10:21:00,185,185,185,185,0
2022-04-13 10:22:00,185,185,185,185,0
2022-04-13 10:23:00,184,184,184,184,50000
2022-04-13 10:24:00,184,184,184,184,0
2022-04-13 10:25:00,184,184,184,184,200
2022-04-13 10:26:00,184,184,184,184,32800
2022-04-13 10:27:00,184,184,184,184,0
2022-04-13 10:28:00,183,183,183,183,12700
2022-04-13 10:29:00,185,185,185,185,100
2022-04-13 10:30:00,184,184,184,184,1600
2022-04-13 10:31:00,184,184,184,184,0
2022-04-13 10:32:00,184,184,184,184,0
2022-04-13 10:33:00,184,183,184,183,30400
2022-04-13 10:34:00,184,183,184,183,0
2022-04-13 10:35:00,184,183,184,183,0
2022-04-13 10:36:00,184,184,184,184,100
2022-04-13 10:37:00,184,184,184,184,0
2022-04-13 10:38:00,184,184,184,184,0
2022-04-13 10:39:00,184,184,184,184,0
2022-04-13 10:40:00,184,184,184,184,0
2022-04-13 10:41:00,184,184,184,184,0
2022-04-13 10:42:00,184,184,184,184,2400
2022-04-13 10:43:00,184,183,185,185,324300
2022-04-13 10:44:00,186,186,189,188,1058700
2022-04-13 10:45:00,188,187,188,188,118300
2022-04-13 10:46:00,188,187,188,187,566300
2022-04-13 10:47:00,187,187,187,187,102300
2022-04-13 10:48:00,187,187,187,187,59900
2022-04-13 10:49:00,187,187,191,187,639700
2022-04-13 10:50:00,187,187,189,189,112200
2022-04-13 10:51:00,189,188,189,188,8700
2022-04-13 10:52:00,187,186,188,188,51600
2022-04-13 10:53:00,187,186,187,186,20200
2022-04-13 10:54:00,187,187,187,187,700
2022-04-13 10:55:00,187,187,187,187,3000
2022-04-13 10:56:00,187,187,187,187,3700
2022-04-13 10:57:00,187,187,187,187,3600
2022-04-13 10:58:00,187,187,187,187,13600
2022-04-13 10:59:00,187,187,187,187,900
2022-04-13 11:00:00,187,187,187,187,0
2022-04-13 11:01:00,187,187,187,187,5500
2022-04-13 11:02:00,186,186,186,186,182700
2022-04-13 11:03:00,185,185,186,186,10400
2022-04-13 11:04:00,185,185,186,186,364500
2022-04-13 11:05:00,185,185,186,186,60100
2022-04-13 11:06:00,185,185,186,186,0
2022-04-13 11:07:00,186,186,186,186,3000
2022-04-13 11:08:00,186,186,186,186,0
2022-04-13 11:09:00,186,186,186,186,0
2022-04-13 11:10:00,186,184,186,184,66400
2022-04-13 11:11:00,187,186,187,186,23500
2022-04-13 11:12:00,185,185,185,185,500
2022-04-13 11:13:00,185,185,185,185,600
2022-04-13 11:14:00,185,185,185,185,500
2022-04-13 11:15:00,185,185,185,185,0
2022-04-13 11:16:00,185,185,185,185,0
2022-04-13 11:17:00,186,186,186,186,100
2022-04-13 11:18:00,186,186,186,186,0
2022-04-13 11:19:00,185,185,186,186,2700
2022-04-13 11:20:00,185,185,186,186,0
2022-04-13 11:21:00,186,186,186,186,600
2022-04-13 11:22:00,186,186,186,186,0
2022-04-13 11:23:00,186,186,186,186,40000
2022-04-13 11:24:00,186,186,186,186,20000
2022-04-13 11:25:00,186,186,186,186,0
2022-04-13 11:26:00,186,186,186,186,22500
2022-04-13 11:27:00,186,186,186,186,0
2022-04-13 11:28:00,186,186,186,186,0
2022-04-13 11:29:00,186,186,186,186,0
2022-04-13 11:30:00,186,186,186,186,0
2022-04-13 11:31:00,186,186,186,186,0
2022-04-13 11:32:00,186,186,186,186,0
2022-04-13 11:33:00,186,186,186,186,0
2022-04-13 11:34:00,186,186,186,186,0
2022-04-13 11:35:00,186,186,186,186,0
2022-04-13 11:36:00,186,186,186,186,0
2022-04-13 11:37:00,186,186,186,186,0
2022-04-13 11:38:00,186,186,186,186,0
2022-04-13 11:39:00,186,186,186,186,0
2022-04-13 11:40:00,186,186,186,186,0
2022-04-13 11:41:00,186,186,186,186,0
2022-04-13 11:42:00,186,186,186,186,0
2022-04-13 11:43:00,186,186,186,186,0
2022-04-13 11:44:00,186,186,186,186,0
2022-04-13 11:45:00,186,186,186,186,0
2022-04-13 11:46:00,186,186,186,186,0
2022-04-13 11:47:00,186,186,186,186,0
2022-04-13 11:48:00,186,186,186,186,0
2022-04-13 11:49:00,186,186,186,186,0
2022-04-13 11:50:00,186,186,186,186,0
2022-04-13 11:51:00,186,186,186,186,0
2022-04-13 11:52:00,186,186,186,186,0
2022-04-13 11:53:00,186,186,186,186,0
2022-04-13 11:54:00,186,186,186,186,0
2022-04-13 11:55:00,186,186,186,186,0
2022-04-13 11:56:00,186,186,186,186,0
2022-04-13 11:57:00,186,186,186,186,0
2022-04-13 11:58:00,186,186,186,186,0
2022-04-13 11:59:00,186,186,186,186,0
2022-04-13 12:00:00,186,186,186,186,0
2022-04-13 12:01:00,186,186,186,186,0
2022-04-13 12:02:00,186,186,186,186,0
2022-04-13 12:03:00,186,186,186,186,0
2022-04-13 12:04:00,186,186,186,186,0
2022-04-13 12:05:00,186,186,186,186,0
2022-04-13 12:06:00,186,186,186,186,0
2022-04-13 12:07:00,186,186,186,186,0
2022-04-13 12:08:00,186,186,186,186,0
2022-04-13 12:09:00,186,186,186,186,0
2022-04-13 12:10:00,186,186,186,186,0
2022-04-13 12:11:00,186,186,186,186,0
2022-04-13 12:12:00,186,186,186,186,0
2022-04-13 12:13:00,186,186,186,186,0
2022-04-13 12:14:00,186,186,186,186,0
2022-04-13 12:15:00,186,186,186,186,0
2022-04-13 12:16:00,186,186,186,186,0
2022-04-13 12:17:00,186,186,186,186,0
2022-04-13 12:18:00,186,186,186,186,0
2022-04-13 12:19:00,186,186,186,186,0
2022-04-13 12:20:00,186,186,186,186,0
2022-04-13 12:21:00,186,186,186,186,0
2022-04-13 12:22:00,186,186,186,186,0
2022-04-13 12:23:00,186,186,186,186,0
2022-04-13 12:24:00,186,186,186,186,0
2022-04-13 12:25:00,186,186,186,186,0
2022-04-13 12:26:00,186,186,186,186,0
2022-04-13 12:27:00,186,186,186,186,0
2022-04-13 12:28:00,186,186,186,186,0
2022-04-13 12:29:00,186,186,186,186,0
2022-04-13 12:30:00,186,186,186,186,0
2022-04-13 12:31:00,186,186,186,186,0
2022-04-13 12:32:00,186,186,186,186,0
2022-04-13 12:33:00,186,186,186,186,0
2022-04-13 12:34:00,186,186,186,186,0
2022-04-13 12:35:00,186,186,186,186,0
2022-04-13 12:36:00,186,186,186,186,0
2022-04-13 12:37:00,186,186,186,186,0
2022-04-13 12:38:00,186,186,186,186,0
2022-04-13 12:39:00,186,186,186,186,0
2022-04-13 12:40:00,186,186,186,186,0
2022-04-13 12:41:00,186,186,186,186,0
2022-04-13 12:42:00,186,186,186,186,0
2022-04-13 12:43:00,186,186,186,186,0
2022-04-13 12:44:00,186,186,186,186,0
2022-04-13 12:45:00,186,186,186,186,0
2022-04-13 12:46:00,186,186,186,186,0
2022-04-13 12:47:00,186,186,186,186,0
2022-04-13 12:48:00,186,186,186,186,0
2022-04-13 12:49:00,186,186,186,186,0
2022-04-13 12:50:00,186,186,186,186,0
2022-04-13 12:51:00,186,186,186,186,0
2022-04-13 12:52:00,186,186,186,186,0
2022-04-13 12:53:00,186,186,186,186,0
2022-04-13 12:54:00,186,186,186,186,0
2022-04-13 12:55:00,186,186,186,186,0
2022-04-13 12:56:00,186,186,186,186,0
2022-04-13 12:57:00,186,186,186,186,0
2022-04-13 12:58:00,186,186,186,186,0
2022-04-13 12:59:00,186,186,186,186,0
2022-04-13 13:00:00,186,186,186,186,0
2022-04-13 13:01:00,186,186,186,186,0
2022-04-13 13:02:00,186,186,186,186,0
2022-04-13 13:03:00,186,186,186,186,0
2022-04-13 13:04:00,186,186,186,186,0
2022-04-13 13:05:00,186,186,186,186,0
2022-04-13 13:06:00,186,186,186,186,0
2022-04-13 13:07:00,186,186,186,186,0
2022-04-13 13:08:00,186,186,186,186,0
2022-04-13 13:09:00,186,186,186,186,0
2022-04-13 13:10:00,186,186,186,186,0
2022-04-13 13:11:00,186,186,186,186,0
2022-04-13 13:12:00,186,186,186,186,0
2022-04-13 13:13:00,186,186,186,186,0
2022-04-13 13:14:00,186,186,186,186,0
2022-04-13 13:15:00,186,186,186,186,0
2022-04-13 13:16:00,186,186,186,186,0
2022-04-13 13:17:00,186,186,186,186,0
2022-04-13 13:18:00,186,186,186,186,0
2022-04-13 13:19:00,186,186,186,186,0
2022-04-13 13:20:00,186,186,186,186,0
2022-04-13 13:21:00,186,186,186,186,0
2022-04-13 13:22:00,186,186,186,186,0
2022-04-13 13:23:00,186,186,186,186,0
2022-04-13 13:24:00,186,186,186,186,0
2022-04-13 13:25:00,186,186,186,186,0
2022-04-13 13:26:00,186,186,186,186,0
2022-04-13 13:27:00,186,186,186,186,0
2022-04-13 13:28:00,186,186,186,186,0
2022-04-13 13:29:00,186,186,186,186,0
2022-04-13 13:30:00,186,185,186,186,2400
2022-04-13 13:31:00,186,185,186,186,0
2022-04-13 13:32:00,185,185,185,185,7200
2022-04-13 13:33:00,185,185,185,185,200
2022-04-13 13:34:00,185,185,185,185,0
2022-04-13 13:35:00,185,185,185,185,0
2022-04-13 13:36:00,185,185,185,185,300
2022-04-13 13:37:00,185,185,185,185,0
2022-04-13 13:38:00,185,185,185,185,0
2022-04-13 13:39:00,186,186,186,186,100000
2022-04-13 13:40:00,186,186,186,186,55000
2022-04-13 13:41:00,186,186,186,186,100
2022-04-13 13:42:00,186,186,186,186,500
2022-04-13 13:43:00,186,186,186,186,0
2022-04-13 13:44:00,186,186,186,186,17200
2022-04-13 13:45:00,187,187,188,187,40300
2022-04-13 13:46:00,188,187,188,188,15200
2022-04-13 13:47:00,188,187,188,188,0
2022-04-13 13:48:00,187,187,187,187,12000
2022-04-13 13:49:00,187,187,187,187,0
2022-04-13 13:50:00,187,187,187,187,0
2022-04-13 13:51:00,186,186,186,186,12800
2022-04-13 13:52:00,186,186,186,186,4400
2022-04-13 13:53:00,186,186,186,186,0
2022-04-13 13:54:00,187,187,187,187,30000
2022-04-13 13:55:00,186,186,186,186,1600
2022-04-13 13:56:00,186,186,186,186,0
2022-04-13 13:57:00,186,186,186,186,0
2022-04-13 13:58:00,186,186,187,187,2200
2022-04-13 13:59:00,186,186,187,187,0
2022-04-13 14:00:00,186,186,187,187,0
2022-04-13 14:01:00,186,186,187,187,0
2022-04-13 14:02:00,186,186,187,187,0
2022-04-13 14:03:00,186,186,186,186,700
2022-04-13 14:04:00,186,186,186,186,0
2022-04-13 14:05:00,186,186,186,186,35000
2022-04-13 14:06:00,186,186,186,186,0
2022-04-13 14:07:00,186,186,186,186,15000
2022-04-13 14:08:00,186,186,186,186,0
2022-04-13 14:09:00,186,186,186,186,0
2022-04-13 14:10:00,186,186,186,186,13500
2022-04-13 14:11:00,186,186,186,186,40300
2022-04-13 14:12:00,186,186,186,186,5000
2022-04-13 14:13:00,186,186,186,186,0
2022-04-13 14:14:00,186,186,186,186,2600
2022-04-13 14:15:00,186,186,186,186,500
2022-04-13 14:16:00,186,186,186,186,300
2022-04-13 14:17:00,186,186,186,186,0
2022-04-13 14:18:00,186,186,186,186,0
2022-04-13 14:19:00,186,186,186,186,0
2022-04-13 14:20:00,186,186,186,186,0
2022-04-13 14:21:00,186,186,186,186,0
2022-04-13 14:22:00,186,186,186,186,0
2022-04-13 14:23:00,186,186,186,186,0
2022-04-13 14:24:00,186,186,186,186,0
2022-04-13 14:25:00,186,186,186,186,0
2022-04-13 14:26:00,186,186,186,186,0
2022-04-13 14:27:00,186,186,186,186,10800
2022-04-13 14:28:00,186,186,186,186,0
2022-04-13 14:29:00,186,186,186,186,500
2022-04-13 14:30:00,186,186,186,186,0
2022-04-13 14:31:00,185,185,185,185,5000
2022-04-13 14:32:00,185,185,185,185,0
2022-04-13 14:33:00,185,185,185,185,0
2022-04-13 14:34:00,185,185,185,185,0
2022-04-13 14:35:00,185,185,186,185,9900
2022-04-13 14:36:00,185,185,185,185,10000
2022-04-13 14:37:00,185,185,185,185,300
2022-04-13 14:38:00,185,185,186,186,410000
2022-04-13 14:39:00,186,186,186,186,15200
2022-04-13 14:40:00,186,186,186,186,27500
2022-04-13 14:41:00,186,186,186,186,0
2022-04-13 14:42:00,186,186,186,186,24500
2022-04-13 14:43:00,186,186,187,187,34200
2022-04-13 14:44:00,186,186,187,187,0
2022-04-13 14:45:00,186,186,186,186,1800
2022-04-13 14:46:00,187,186,187,186,81300
2022-04-13 14:47:00,186,186,186,186,500
2022-04-13 14:48:00,186,186,186,186,0
2022-04-13 14:49:00,185,185,186,186,32500
2022-04-13 14:50:00,185,185,186,186,0
2022-04-13 14:51:00,185,185,186,186,0
2022-04-13 14:52:00,185,185,186,186,0
2022-04-13 14:53:00,185,185,186,186,0
2022-04-13 14:54:00,185,185,186,186,0
2022-04-13 14:55:00,185,185,186,186,0
2022-04-13 14:56:00,185,185,186,186,0
2022-04-13 14:57:00,185,185,186,186,0
2022-04-13 14:58:00,185,185,186,186,0
2022-04-13 14:59:00,185,185,186,186,0
2022-04-13 15:00:00,188,188,188,188,338500
2022-04-13 15:01:00,188,188,188,188,0
2022-04-13 15:02:00,188,188,188,188,0
2022-04-13 15:03:00,188,188,188,188,300
2022-04-13 15:04:00,188,188,188,188,700
2022-04-13 15:05:00,188,188,188,188,94300
2022-04-13 15:06:00,188,188,188,188,5300
2022-04-13 15:07:00,188,188,188,188,0
2022-04-13 15:08:00,188,188,188,188,0
2022-04-13 15:09:00,188,188,188,188,1500
2022-04-13 15:10:00,188,188,188,188,0
2022-04-13 15:11:00,188,188,188,188,0
2022-04-13 15:12:00,188,188,188,188,0
2022-04-13 15:13:00,188,188,188,188,0
2022-04-13 15:14:00,188,188,188,188,10000
2022-04-13 15:15:00,188,188,188,188,0
2022-04-13 15:16:00,188,188,188,188,0
2022-04-13 15:17:00,188,188,188,188,0
2022-04-13 15:18:00,188,188,188,188,0
2022-04-13 15:19:00,188,188,188,188,0
2022-04-13 15:20:00,188,188,188,188,0
2022-04-13 15:21:00,188,188,188,188,0
2022-04-13 15:22:00,188,188,188,188,0
2022-04-13 15:23:00,188,188,188,188,0
2022-04-13 15:24:00,188,188,188,188,0
2022-04-13 15:25:00,188,188,188,188,0
2022-04-13 15:26:00,188,188,188,188,0
2022-04-13 15:27:00,188,188,188,188,0
2022-04-13 15:28:00,188,188,188,188,0
2022-04-13 15:29:00,188,188,188,188,0
2022-04-13 15:30:00,188,188,188,188,0
2022-04-13 15:31:00,188,188,188,188,0
2022-04-13 15:32:00,188,188,188,188,0
2022-04-13 15:33:00,188,188,188,188,0
2022-04-13 15:34:00,188,188,188,188,0
2022-04-13 15:35:00,188,188,188,188,0
2022-04-13 15:36:00,188,188,188,188,0
2022-04-13 15:37:00,188,188,188,188,0
2022-04-13 15:38:00,188,188,188,188,0
2022-04-13 15:39:00,188,188,188,188,0
2022-04-13 15:40:00,188,188,188,188,0
2022-04-13 15:41:00,188,188,188,188,0
2022-04-13 15:42:00,188,188,188,188,0
2022-04-13 15:43:00,188,188,188,188,0
2022-04-13 15:44:00,188,188,188,188,0
2022-04-13 15:45:00,188,188,188,188,0
2022-04-13 15:46:00,188,188,188,188,0
2022-04-13 15:47:00,188,188,188,188,0
2022-04-13 15:48:00,188,188,188,188,0
2022-04-13 15:49:00,188,188,188,188,0
2022-04-13 15:50:00,188,188,188,188,0
2022-04-13 15:51:00,188,188,188,188,0
2022-04-13 15:52:00,188,188,188,188,0
2022-04-13 15:53:00,188,188,188,188,0
2022-04-13 15:54:00,188,188,188,188,0
2022-04-13 15:55:00,188,188,188,188,0
2022-04-13 15:56:00,188,188,188,188,0
2022-04-13 15:57:00,188,188,188,188,0
2022-04-13 15:58:00,188,188,188,188,0
2022-04-13 15:59:00,188,188,188,188,0
2022-04-14 09:00:00,188,188,189,188,0
2022-04-14 09:01:00,188,188,189,189,3800
2022-04-14 09:02:00,189,189,189,189,81100
2022-04-14 09:03:00,189,189,189,189,11300
2022-04-14 09:04:00,189,189,189,189,0
2022-04-14 09:05:00,188,188,188,188,193000
2022-04-14 09:06:00,188,187,188,188,86700
2022-04-14 09:07:00,188,188,188,188,20000
2022-04-14 09:08:00,188,188,188,188,0
2022-04-14 09:09:00,188,188,188,188,53100
2022-04-14 09:10:00,187,187,187,187,25000
2022-04-14 09:11:00,187,187,187,187,0
2022-04-14 09:12:00,187,187,187,187,0
2022-04-14 09:13:00,187,187,187,187,100200
2022-04-14 09:14:00,187,187,187,187,0
2022-04-14 09:15:00,187,187,187,187,9500
2022-04-14 09:16:00,189,189,189,189,100
2022-04-14 09:17:00,188,188,188,188,54000
2022-04-14 09:18:00,188,187,188,187,62500
2022-04-14 09:19:00,188,188,188,188,28100
2022-04-14 09:20:00,188,188,188,188,0
2022-04-14 09:21:00,188,188,188,188,0
2022-04-14 09:22:00,188,188,188,188,43100
2022-04-14 09:23:00,188,188,188,188,0
2022-04-14 09:24:00,188,188,188,188,5500
2022-04-14 09:25:00,188,188,188,188,100
2022-04-14 09:26:00,188,188,188,188,0
2022-04-14 09:27:00,188,188,188,188,0
2022-04-14 09:28:00,188,188,188,188,0
2022-04-14 09:29:00,188,188,188,188,0
2022-04-14 09:30:00,188,188,188,188,500
2022-04-14 09:31:00,188,188,188,188,0
2022-04-14 09:32:00,188,188,188,188,100
2022-04-14 09:33:00,188,188,188,188,0
2022-04-14 09:34:00,188,188,188,188,0
2022-04-14 09:35:00,188,188,188,188,0
2022-04-14 09:36:00,188,188,188,188,0
2022-04-14 09:37:00,188,188,188,188,0
2022-04-14 09:38:00,188,188,188,188,3500
2022-04-14 09:39:00,188,188,188,188,25500
2022-04-14 09:40:00,188,188,188,188,0
2022-04-14 09:41:00,188,188,188,188,110100
2022-04-14 09:42:00,188,188,188,188,0
2022-04-14 09:43:00,188,188,188,188,0
2022-04-14 09:44:00,188,188,188,188,0
2022-04-14 09:45:00,188,188,188,188,0
2022-04-14 09:46:00,188,188,188,188,0
2022-04-14 09:47:00,188,188,188,188,10000
2022-04-14 09:48:00,188,188,188,188,51000
2022-04-14 09:49:00,188,188,188,188,0
2022-04-14 09:50:00,188,188,188,188,0
2022-04-14 09:51:00,188,188,188,188,0
2022-04-14 09:52:00,188,188,188,188,0
2022-04-14 09:53:00,188,188,188,188,0
2022-04-14 09:54:00,188,188,188,188,200
2022-04-14 09:55:00,188,188,188,188,0
2022-04-14 09:56:00,188,188,189,189,10000
2022-04-14 09:57:00,189,189,189,189,5000
2022-04-14 09:58:00,189,189,189,189,0
2022-04-14 09:59:00,189,189,189,189,0
2022-04-14 10:00:00,189,189,189,189,100000
2022-04-14 10:01:00,189,189,189,189,0
2022-04-14 10:02:00,188,188,188,188,4000
2022-04-14 10:03:00,189,189,189,189,500
2022-04-14 10:04:00,189,189,189,189,2300
2022-04-14 10:05:00,189,189,189,189,100
2022-04-14 10:06:00,189,189,189,189,0
2022-04-14 10:07:00,189,189,189,189,0
2022-04-14 10:08:00,188,188,188,188,200
2022-04-14 10:09:00,188,188,188,188,0
2022-04-14 10:10:00,188,188,188,188,100000
2022-04-14 10:11:00,188,188,188,188,0
2022-04-14 10:12:00,188,188,188,188,500
2022-04-14 10:13:00,188,188,188,188,26700
2022-04-14 10:14:00,188,188,188,188,8800
2022-04-14 10:15:00,188,188,188,188,46700
2022-04-14 10:16:00,188,188,188,188,2000
2022-04-14 10:17:00,188,187,188,188,332500
2022-04-14 10:18:00,188,187,188,188,0
2022-04-14 10:19:00,188,187,188,188,0
2022-04-14 10:20:00,188,187,188,188,0
2022-04-14 10:21:00,188,187,188,188,0
2022-04-14 10:22:00,187,187,187,187,500
2022-04-14 10:23:00,187,187,187,187,0
2022-04-14 10:24:00,187,187,187,187,0
2022-04-14 10:25:00,187,187,187,187,31300
2022-04-14 10:26:00,187,187,187,187,100
2022-04-14 10:27:00,187,187,187,187,100
2022-04-14 10:28:00,187,187,187,187,600
2022-04-14 10:29:00,187,187,187,187,176600
2022-04-14 10:30:00,187,187,187,187,23400
2022-04-14 10:31:00,187,187,187,187,0
2022-04-14 10:32:00,187,187,187,187,0
2022-04-14 10:33:00,187,187,187,187,0
2022-04-14 10:34:00,187,187,187,187,0
2022-04-14 10:35:00,187,187,187,187,0
2022-04-14 10:36:00,188,188,188,188,26000
2022-04-14 10:37:00,187,187,189,189,250700
2022-04-14 10:38:00,189,189,190,190,59300
2022-04-14 10:39:00,189,189,190,190,14400
2022-04-14 10:40:00,190,189,190,189,13200
2022-04-14 10:41:00,189,189,190,189,67800
2022-04-14 10:42:00,189,189,189,189,50000
2022-04-14 10:43:00,189,189,190,190,8800
2022-04-14 10:44:00,189,189,189,189,17100
2022-04-14 10:45:00,189,189,189,189,100
2022-04-14 10:46:00,189,189,189,189,0
2022-04-14 10:47:00,189,189,189,189,0
2022-04-14 10:48:00,188,188,188,188,200
2022-04-14 10:49:00,188,188,188,188,0
2022-04-14 10:50:00,188,188,188,188,0
2022-04-14 10:51:00,188,188,188,188,0
2022-04-14 10:52:00,189,189,189,189,200000
2022-04-14 10:53:00,189,189,189,189,0
2022-04-14 10:54:00,189,189,189,189,5000
2022-04-14 10:55:00,188,188,188,188,200000
2022-04-14 10:56:00,188,188,188,188,0
2022-04-14 10:57:00,188,188,188,188,0
2022-04-14 10:58:00,188,188,189,189,700
2022-04-14 10:59:00,188,188,189,189,0
2022-04-14 11:00:00,189,189,189,189,100
2022-04-14 11:01:00,189,189,189,189,0
2022-04-14 11:02:00,188,188,189,189,20500
2022-04-14 11:03:00,188,188,189,189,0
2022-04-14 11:04:00,188,188,189,189,0
2022-04-14 11:05:00,188,188,188,188,155000
2022-04-14 11:06:00,188,188,188,188,200000
2022-04-14 11:07:00,188,188,188,188,30800
2022-04-14 11:08:00,188,188,188,188,0
2022-04-14 11:09:00,188,188,188,188,0
2022-04-14 11:10:00,188,188,188,188,0
2022-04-14 11:11:00,188,188,188,188,58300
2022-04-14 11:12:00,188,188,188,188,0
2022-04-14 11:13:00,188,188,188,188,5500
2022-04-14 11:14:00,188,188,188,188,0
2022-04-14 11:15:00,188,188,188,188,6100
2022-04-14 11:16:00,188,188,188,188,0
2022-04-14 11:17:00,188,188,188,188,100400
2022-04-14 11:18:00,188,188,188,188,0
2022-04-14 11:19:00,188,188,188,188,0
2022-04-14 11:20:00,188,188,188,188,0
2022-04-14 11:21:00,188,188,188,188,100000
2022-04-14 11:22:00,188,188,188,188,0
2022-04-14 11:23:00,188,188,188,188,0
2022-04-14 11:24:00,188,188,188,188,50000
2022-04-14 11:25:00,188,187,188,187,7500
2022-04-14 11:26:00,188,187,188,187,0
2022-04-14 11:27:00,188,188,189,189,80800
2022-04-14 11:28:00,189,188,189,188,105400
2022-04-14 11:29:00,189,189,189,189,100
2022-04-14 11:30:00,189,189,189,189,0
2022-04-14 11:31:00,189,189,189,189,0
2022-04-14 11:32:00,189,189,189,189,0
2022-04-14 11:33:00,189,189,189,189,0
2022-04-14 11:34:00,189,189,189,189,0
2022-04-14 11:35:00,189,189,189,189,0
2022-04-14 11:36:00,189,189,189,189,0
2022-04-14 11:37:00,189,189,189,189,0
2022-04-14 11:38:00,189,189,189,189,0
2022-04-14 11:39:00,189,189,189,189,0
2022-04-14 11:40:00,189,189,189,189,0
2022-04-14 11:41:00,189,189,189,189,0
2022-04-14 11:42:00,189,189,189,189,0
2022-04-14 11:43:00,189,189,189,189,0
2022-04-14 11:44:00,189,189,189,189,0
2022-04-14 11:45:00,189,189,189,189,0
2022-04-14 11:46:00,189,189,189,189,0
2022-04-14 11:47:00,189,189,189,189,0
2022-04-14 11:48:00,189,189,189,189,0
2022-04-14 11:49:00,189,189,189,189,0
2022-04-14 11:50:00,189,189,189,189,0
2022-04-14 11:51:00,189,189,189,189,0
2022-04-14 11:52:00,189,189,189,189,0
2022-04-14 11:53:00,189,189,189,189,0
2022-04-14 11:54:00,189,189,189,189,0
2022-04-14 11:55:00,189,189,189,189,0
2022-04-14 11:56:00,189,189,189,189,0
2022-04-14 11:57:00,189,189,189,189,0
2022-04-14 11:58:00,189,189,189,189,0
2022-04-14 11:59:00,189,189,189,189,0
2022-04-14 12:00:00,189,189,189,189,0
2022-04-14 12:01:00,189,189,189,189,0
2022-04-14 12:02:00,189,189,189,189,0
2022-04-14 12:03:00,189,189,189,189,0
2022-04-14 12:04:00,189,189,189,189,0
2022-04-14 12:05:00,189,189,189,189,0
2022-04-14 12:06:00,189,189,189,189,0
2022-04-14 12:07:00,189,189,189,189,0
2022-04-14 12:08:00,189,189,189,189,0
2022-04-14 12:09:00,189,189,189,189,0
2022-04-14 12:10:00,189,189,189,189,0
2022-04-14 12:11:00,189,189,189,189,0
2022-04-14 12:12:00,189,189,189,189,0
2022-04-14 12:13:00,189,189,189,189,0
2022-04-14 12:14:00,189,189,189,189,0
2022-04-14 12:15:00,189,189,189,189,0
2022-04-14 12:16:00,189,189,189,189,0
2022-04-14 12:17:00,189,189,189,189,0
2022-04-14 12:18:00,189,189,189,189,0
2022-04-14 12:19:00,189,189,189,189,0
2022-04-14 12:20:00,189,189,189,189,0
2022-04-14 12:21:00,189,189,189,189,0
2022-04-14 12:22:00,189,189,189,189,0
2022-04-14 12:23:00,189,189,189,189,0
2022-04-14 12:24:00,189,189,189,189,0
2022-04-14 12:25:00,189,189,189,189,0
2022-04-14 12:26:00,189,189,189,189,0
2022-04-14 12:27:00,189,189,189,189,0
2022-04-14 12:28:00,189,189,189,189,0
2022-04-14 12:29:00,189,189,189,189,0
2022-04-14 12:30:00,189,189,189,189,0
2022-04-14 12:31:00,189,189,189,189,0
2022-04-14 12:32:00,189,189,189,189,0
2022-04-14 12:33:00,189,189,189,189,0
2022-04-14 12:34:00,189,189,189,189,0
2022-04-14 12:35:00,189,189,189,189,0
2022-04-14 12:36:00,189,189,189,189,0
2022-04-14 12:37:00,189,189,189,189,0
2022-04-14 12:38:00,189,189,189,189,0
2022-04-14 12:39:00,189,189,189,189,0
2022-04-14 12:40:00,189,189,189,189,0
2022-04-14 12:41:00,189,189,189,189,0
2022-04-14 12:42:00,189,189,189,189,0
2022-04-14 12:43:00,189,189,189,189,0
2022-04-14 12:44:00,189,189,189,189,0
2022-04-14 12:45:00,189,189,189,189,0
2022-04-14 12:46:00,189,189,189,189,0
2022-04-14 12:47:00,189,189,189,189,0
2022-04-14 12:48:00,189,189,189,189,0
2022-04-14 12:49:00,189,189,189,189,0
2022-04-14 12:50:00,189,189,189,189,0
2022-04-14 12:51:00,189,189,189,189,0
2022-04-14 12:52:00,189,189,189,189,0
2022-04-14 12:53:00,189,189,189,189,0
2022-04-14 12:54:00,189,189,189,189,0
2022-04-14 12:55:00,189,189,189,189,0
2022-04-14 12:56:00,189,189,189,189,0
2022-04-14 12:57:00,189,189,189,189,0
2022-04-14 12:58:00,189,189,189,189,0
2022-04-14 12:59:00,189,189,189,189,0
2022-04-14 13:00:00,189,189,189,189,0
2022-04-14 13:01:00,189,189,189,189,0
2022-04-14 13:02:00,189,189,189,189,0
2022-04-14 13:03:00,189,189,189,189,0
2022-04-14 13:04:00,189,189,189,189,0
2022-04-14 13:05:00,189,189,189,189,0
2022-04-14 13:06:00,189,189,189,189,0
2022-04-14 13:07:00,189,189,189,189,0
2022-04-14 13:08:00,189,189,189,189,0
2022-04-14 13:09:00,189,189,189,189,0
2022-04-14 13:10:00,189,189,189,189,0
2022-04-14 13:11:00,189,189,189,189,0
2022-04-14 13:12:00,189,189,189,189,0
2022-04-14 13:13:00,189,189,189,189,0
2022-04-14 13:14:00,189,189,189,189,0
2022-04-14 13:15:00,189,189,189,189,0
2022-04-14 13:16:00,189,189,189,189,0
2022-04-14 13:17:00,189,189,189,189,0
2022-04-14 13:18:00,189,189,189,189,0
2022-04-14 13:19:00,189,189,189,189,0
2022-04-14 13:20:00,189,189,189,189,0
2022-04-14 13:21:00,189,189,189,189,0
2022-04-14 13:22:00,189,189,189,189,0
2022-04-14 13:23:00,189,189,189,189,0
2022-04-14 13:24:00,189,189,189,189,0
2022-04-14 13:25:00,189,189,189,189,0
2022-04-14 13:26:00,189,189,189,189,0
2022-04-14 13:27:00,189,189,189,189,0
2022-04-14 13:28:00,189,189,189,189,0
2022-04-14 13:29:00,189,189,189,189,0
2022-04-14 13:30:00,189,189,189,189,15200
2022-04-14 13:31:00,189,189,189,189,0
2022-04-14 13:32:00,189,189,189,189,0
2022-04-14 13:33:00,189,189,189,189,0
2022-04-14 13:34:00,188,188,188,188,400
2022-04-14 13:35:00,188,188,188,188,0
2022-04-14 13:36:00,189,189,189,189,700
2022-04-14 13:37:00,189,189,189,189,0
2022-04-14 13:38:00,189,189,189,189,0
2022-04-14 13:39:00,188,188,188,188,5000
2022-04-14 13:40:00,188,188,188,188,0
2022-04-14 13:41:00,188,188,188,188,0
2022-04-14 13:42:00,188,188,188,188,500
2022-04-14 13:43:00,188,188,188,188,0
2022-04-14 13:44:00,188,188,189,189,63900
2022-04-14 13:45:00,188,188,188,188,25500
2022-04-14 13:46:00,188,188,188,188,0
2022-04-14 13:47:00,188,188,189,188,161600
2022-04-14 13:48:00,188,188,189,188,0
2022-04-14 13:49:00,188,188,189,188,0
2022-04-14 13:50:00,188,188,189,188,0
2022-04-14 13:51:00,188,188,189,188,0
2022-04-14 13:52:00,189,189,189,189,100
2022-04-14 13:53:00,188,188,188,188,130000
2022-04-14 13:54:00,188,188,188,188,0
2022-04-14 13:55:00,188,188,189,189,1800
2022-04-14 13:56:00,188,188,189,189,10100
2022-04-14 13:57:00,188,188,188,188,82500
2022-04-14 13:58:00,189,188,189,188,43600
2022-04-14 13:59:00,189,188,189,188,122600
2022-04-14 14:00:00,189,188,189,188,5100
2022-04-14 14:01:00,187,187,187,187,538100
2022-04-14 14:02:00,188,187,188,187,20100
2022-04-14 14:03:00,187,187,188,188,27500
2022-04-14 14:04:00,187,187,187,187,100
2022-04-14 14:05:00,187,187,187,187,100
2022-04-14 14:06:00,187,187,187,187,4000
2022-04-14 14:07:00,187,185,187,185,2710800
2022-04-14 14:08:00,188,187,188,187,200
2022-04-14 14:09:00,186,185,186,185,111300
2022-04-14 14:10:00,186,185,187,185,33200
2022-04-14 14:11:00,186,185,186,185,13600
2022-04-14 14:12:00,185,185,187,186,304300
2022-04-14 14:13:00,186,185,186,185,195400
2022-04-14 14:14:00,185,185,185,185,24300
2022-04-14 14:15:00,186,186,186,186,4700
2022-04-14 14:16:00,186,186,186,186,14700
2022-04-14 14:17:00,186,186,186,186,16800
2022-04-14 14:18:00,184,184,187,187,481300
2022-04-14 14:19:00,184,183,184,184,503700
2022-04-14 14:20:00,184,183,184,183,226900
2022-04-14 14:21:00,183,183,183,183,367000
2022-04-14 14:22:00,183,182,184,184,1713300
2022-04-14 14:23:00,183,183,185,184,101500
2022-04-14 14:24:00,184,184,185,184,143500
2022-04-14 14:25:00,185,183,185,183,37600
2022-04-14 14:26:00,185,183,185,183,280000
2022-04-14 14:27:00,184,184,184,184,75900
2022-04-14 14:28:00,185,185,185,185,49300
2022-04-14 14:29:00,184,183,184,183,281000
2022-04-14 14:30:00,182,182,182,182,529500
2022-04-14 14:31:00,182,182,183,183,494700
2022-04-14 14:32:00,182,182,182,182,536000
2022-04-14 14:33:00,182,182,182,182,0
2022-04-14 14:34:00,182,182,182,182,14394100
2022-04-14 14:35:00,183,182,183,182,392100
2022-04-14 14:36:00,183,182,183,183,84000
2022-04-14 14:37:00,182,182,182,182,88300
2022-04-14 14:38:00,182,182,182,182,0
2022-04-14 14:39:00,182,182,182,182,15020300
2022-04-14 14:40:00,182,182,182,182,0
2022-04-14 14:41:00,182,182,183,183,15342700
2022-04-14 14:42:00,182,182,183,183,84000
2022-04-14 14:43:00,182,182,183,183,271800
2022-04-14 14:44:00,183,183,183,183,500
2022-04-14 14:45:00,184,184,184,184,100
2022-04-14 14:46:00,183,183,184,184,2700
2022-04-14 14:47:00,184,183,184,183,300
2022-04-14 14:48:00,184,183,184,183,0
2022-04-14 14:49:00,184,184,184,184,4000
2022-04-14 14:50:00,184,184,184,184,0
2022-04-14 14:51:00,184,184,184,184,0
2022-04-14 14:52:00,184,184,184,184,0
2022-04-14 14:53:00,184,184,184,184,0
2022-04-14 14:54:00,184,184,184,184,0
2022-04-14 14:55:00,184,184,184,184,0
2022-04-14 14:56:00,184,184,184,184,0
2022-04-14 14:57:00,184,184,184,184,0
2022-04-14 14:58:00,184,184,184,184,0
2022-04-14 14:59:00,184,184,184,184,0
2022-04-14 15:00:00,184,184,184,184,96400
2022-04-14 15:01:00,184,184,184,184,700
2022-04-14 15:02:00,184,184,184,184,96100
2022-04-14 15:03:00,184,184,184,184,71500
2022-04-14 15:04:00,184,184,184,184,0
2022-04-14 15:05:00,184,184,184,184,0
2022-04-14 15:06:00,184,184,184,184,7000
2022-04-14 15:07:00,184,184,184,184,0
2022-04-14 15:08:00,184,184,184,184,0
2022-04-14 15:09:00,184,184,184,184,500
2022-04-14 15:10:00,184,184,184,184,0
2022-04-14 15:11:00,184,184,184,184,16000
2022-04-14 15:12:00,184,184,184,184,0
2022-04-14 15:13:00,184,184,184,184,1000
2022-04-14 15:14:00,184,184,184,184,500
2022-04-14 15:15:00,184,184,184,184,0
2022-04-14 15:16:00,184,184,184,184,0
2022-04-14 15:17:00,184,184,184,184,0
2022-04-14 15:18:00,184,184,184,184,0
2022-04-14 15:19:00,184,184,184,184,0
2022-04-14 15:20:00,184,184,184,184,0
2022-04-14 15:21:00,184,184,184,184,0
2022-04-14 15:22:00,184,184,184,184,0
2022-04-14 15:23:00,184,184,184,184,0
2022-04-14 15:24:00,184,184,184,184,0
2022-04-14 15:25:00,184,184,184,184,0
2022-04-14 15:26:00,184,184,184,184,0
2022-04-14 15:27:00,184,184,184,184,0
2022-04-14 15:28:00,184,184,184,184,0
2022-04-14 15:29:00,184,184,184,184,0
2022-04-14 15:30:00,184,184,184,184,0
2022-04-14 15:31:00,184,184,184,184,0
2022-04-14 15:32:00,184,184,184,184,0
2022-04-14 15:33:00,184,184,184,184,0
2022-04-14 15:34:00,184,184,184,184,0
2022-04-14 15:35:00,184,184,184,184,0
2022-04-14 15:36:00,184,184,184,184,0
2022-04-14 15:37:00,184,184,184,184,0
2022-04-14 15:38:00,184,184,184,184,0
2022-04-14 15:39:00,184,184,184,184,0
2022-04-14 15:40:00,184,184,184,184,0
2022-04-14 15:41:00,184,184,184,184,0
2022-04-14 15:42:00,184,184,184,184,0
2022-04-14 15:43:00,184,184,184,184,0
2022-04-14 15:44:00,184,184,184,184,0
2022-04-14 15:45:00,184,184,184,184,0
2022-04-14 15:46:00,184,184,184,184,0
2022-04-14 15:47:00,184,184,184,184,0
2022-04-14 15:48:00,184,184,184,184,0
2022-04-14 15:49:00,184,184,184,184,0
2022-04-14 15:50:00,184,184,184,184,0
2022-04-14 15:51:00,184,184,184,184,0
2022-04-14 15:52:00,184,184,184,184,0
2022-04-14 15:53:00,184,184,184,184,0
2022-04-14 15:54:00,184,184,184,184,0
2022-04-14 15:55:00,184,184,184,184,0
2022-04-14 15:56:00,184,184,184,184,0
2022-04-14 15:57:00,184,184,184,184,0
2022-04-14 15:58:00,184,184,184,184,0
2022-04-14 15:59:00,184,184,184,184,0
2022-04-15 09:00:00,184,184,184,184,0
2022-04-15 09:01:00,184,184,184,184,0
2022-04-15 09:02:00,184,184,184,184,0
2022-04-15 09:03:00,184,184,184,184,0
2022-04-15 09:04:00,184,184,184,184,0
2022-04-15 09:05:00,184,184,184,184,0
2022-04-15 09:06:00,184,184,184,184,0
2022-04-15 09:07:00,184,184,184,184,0
2022-04-15 09:08:00,184,184,184,184,0
2022-04-15 09:09:00,184,184,184,184,0
2022-04-15 09:10:00,184,184,184,184,0
2022-04-15 09:11:00,184,184,184,184,0
2022-04-15 09:12:00,184,184,184,184,0
2022-04-15 09:13:00,184,184,184,184,0
2022-04-15 09:14:00,184,184,184,184,0
2022-04-15 09:15:00,184,184,184,184,0
2022-04-15 09:16:00,184,184,184,184,0
2022-04-15 09:17:00,184,184,184,184,0
2022-04-15 09:18:00,184,184,184,184,0
2022-04-15 09:19:00,184,184,184,184,0
2022-04-15 09:20:00,184,184,184,184,0
2022-04-15 09:21:00,184,184,184,184,0
2022-04-15 09:22:00,184,184,184,184,0
2022-04-15 09:23:00,184,184,184,184,0
2022-04-15 09:24:00,184,184,184,184,0
2022-04-15 09:25:00,184,184,184,184,0
2022-04-15 09:26:00,184,184,184,184,0
2022-04-15 09:27:00,184,184,184,184,0
2022-04-15 09:28:00,184,184,184,184,0
2022-04-15 09:29:00,184,184,184,184,0
2022-04-15 09:30:00,184,184,184,184,0
2022-04-15 09:31:00,184,184,184,184,0
2022-04-15 09:32:00,184,184,184,184,0
2022-04-15 09:33:00,184,184,184,184,0
2022-04-15 09:34:00,184,184,184,184,0
2022-04-15 09:35:00,184,184,184,184,0
2022-04-15 09:36:00,184,184,184,184,0
2022-04-15 09:37:00,184,184,184,184,0
2022-04-15 09:38:00,184,184,184,184,0
2022-04-15 09:39:00,184,184,184,184,0
2022-04-15 09:40:00,184,184,184,184,0
2022-04-15 09:41:00,184,184,184,184,0
2022-04-15 09:42:00,184,184,184,184,0
2022-04-15 09:43:00,184,184,184,184,0
2022-04-15 09:44:00,184,184,184,184,0
2022-04-15 09:45:00,184,184,184,184,0
2022-04-15 09:46:00,184,184,184,184,0
2022-04-15 09:47:00,184,184,184,184,0
2022-04-15 09:48:00,184,184,184,184,0
2022-04-15 09:49:00,184,184,184,184,0
2022-04-15 09:50:00,184,184,184,184,0
2022-04-15 09:51:00,184,184,184,184,0
2022-04-15 09:52:00,184,184,184,184,0
2022-04-15 09:53:00,184,184,184,184,0
2022-04-15 09:54:00,184,184,184,184,0
2022-04-15 09:55:00,184,184,184,184,0
2022-04-15 09:56:00,184,184,184,184,0
2022-04-15 09:57:00,184,184,184,184,0
2022-04-15 09:58:00,184,184,184,184,0
2022-04-15 09:59:00,184,184,184,184,0
2022-04-15 10:00:00,184,184,184,184,0
2022-04-15 10:01:00,184,184,184,184,0
2022-04-15 10:02:00,184,184,184,184,0
2022-04-15 10:03:00,184,184,184,184,0
2022-04-15 10:04:00,184,184,184,184,0
2022-04-15 10:05:00,184,184,184,184,0
2022-04-15 10:06:00,184,184,184,184,0
2022-04-15 10:07:00,184,184,184,184,0
2022-04-15 10:08:00,184,184,184,184,0
2022-04-15 10:09:00,184,184,184,184,0
2022-04-15 10:10:00,184,184,184,184,0
2022-04-15 10:11:00,184,184,184,184,0
2022-04-15 10:12:00,184,184,184,184,0
2022-04-15 10:13:00,184,184,184,184,0
2022-04-15 10:14:00,184,184,184,184,0
2022-04-15 10:15:00,184,184,184,184,0
2022-04-15 10:16:00,184,184,184,184,0
2022-04-15 10:17:00,184,184,184,184,0
2022-04-15 10:18:00,184,184,184,184,0
2022-04-15 10:19:00,184,184,184,184,0
2022-04-15 10:20:00,184,184,184,184,0
2022-04-15 10:21:00,184,184,184,184,0
2022-04-15 10:22:00,184,184,184,184,0
2022-04-15 10:23:00,184,184,184,184,0
2022-04-15 10:24:00,184,184,184,184,0
2022-04-15 10:25:00,184,184,184,184,0
2022-04-15 10:26:00,184,184,184,184,0
2022-04-15 10:27:00,184,184,184,184,0
2022-04-15 10:28:00,184,184,184,184,0
2022-04-15 10:29:00,184,184,184,184,0
2022-04-15 10:30:00,184,184,184,184,0
2022-04-15 10:31:00,184,184,184,184,0
2022-04-15 10:32:00,184,184,184,184,0
2022-04-15 10:33:00,184,184,184,184,0
2022-04-15 10:34:00,184,184,184,184,0
2022-04-15 10:35:00,184,184,184,184,0
2022-04-15 10:36:00,184,184,184,184,0
2022-04-15 10:37:00,184,184,184,184,0
2022-04-15 10:38:00,184,184,184,184,0
2022-04-15 10:39:00,184,184,184,184,0
2022-04-15 10:40:00,184,184,184,184,0
2022-04-15 10:41:00,184,184,184,184,0
2022-04-15 10:42:00,184,184,184,184,0
2022-04-15 10:43:00,184,184,184,184,0
2022-04-15 10:44:00,184,184,184,184,0
2022-04-15 10:45:00,184,184,184,184,0
2022-04-15 10:46:00,184,184,184,184,0
2022-04-15 10:47:00,184,184,184,184,0
2022-04-15 10:48:00,184,184,184,184,0
2022-04-15 10:49:00,184,184,184,184,0
2022-04-15 10:50:00,184,184,184,184,0
2022-04-15 10:51:00,184,184,184,184,0
2022-04-15 10:52:00,184,184,184,184,0
2022-04-15 10:53:00,184,184,184,184,0
2022-04-15 10:54:00,184,184,184,184,0
2022-04-15 10:55:00,184,184,184,184,0
2022-04-15 10:56:00,184,184,184,184,0
2022-04-15 10:57:00,184,184,184,184,0
2022-04-15 10:58:00,184,184,184,184,0
2022-04-15 10:59:00,184,184,184,184,0
2022-04-15 11:00:00,184,184,184,184,0
2022-04-15 11:01:00,184,184,184,184,0
2022-04-15 11:02:00,184,184,184,184,0
2022-04-15 11:03:00,184,184,184,184,0
2022-04-15 11:04:00,184,184,184,184,0
2022-04-15 11:05:00,184,184,184,184,0
2022-04-15 11:06:00,184,184,184,184,0
2022-04-15 11:07:00,184,184,184,184,0
2022-04-15 11:08:00,184,184,184,184,0
2022-04-15 11:09:00,184,184,184,184,0
2022-04-15 11:10:00,184,184,184,184,0
2022-04-15 11:11:00,184,184,184,184,0
2022-04-15 11:12:00,184,184,184,184,0
2022-04-15 11:13:00,184,184,184,184,0
2022-04-15 11:14:00,184,184,184,184,0
2022-04-15 11:15:00,184,184,184,184,0
2022-04-15 11:16:00,184,184,184,184,0
2022-04-15 11:17:00,184,184,184,184,0
2022-04-15 11:18:00,184,184,184,184,0
2022-04-15 11:19:00,184,184,184,184,0
2022-04-15 11:20:00,184,184,184,184,0
2022-04-15 11:21:00,184,184,184,184,0
2022-04-15 11:22:00,184,184,184,184,0
2022-04-15 11:23:00,184,184,184,184,0
2022-04-15 11:24:00,184,184,184,184,0
2022-04-15 11:25:00,184,184,184,184,0
2022-04-15 11:26:00,184,184,184,184,0
2022-04-15 11:27:00,184,184,184,184,0
2022-04-15 11:28:00,184,184,184,184,0
2022-04-15 11:29:00,184,184,184,184,0
2022-04-15 11:30:00,184,184,184,184,0
2022-04-15 11:31:00,184,184,184,184,0
2022-04-15 11:32:00,184,184,184,184,0
2022-04-15 11:33:00,184,184,184,184,0
2022-04-15 11:34:00,184,184,184,184,0
2022-04-15 11:35:00,184,184,184,184,0
2022-04-15 11:36:00,184,184,184,184,0
2022-04-15 11:37:00,184,184,184,184,0
2022-04-15 11:38:00,184,184,184,184,0
2022-04-15 11:39:00,184,184,184,184,0
2022-04-15 11:40:00,184,184,184,184,0
2022-04-15 11:41:00,184,184,184,184,0
2022-04-15 11:42:00,184,184,184,184,0
2022-04-15 11:43:00,184,184,184,184,0
2022-04-15 11:44:00,184,184,184,184,0
2022-04-15 11:45:00,184,184,184,184,0
2022-04-15 11:46:00,184,184,184,184,0
2022-04-15 11:47:00,184,184,184,184,0
2022-04-15 11:48:00,184,184,184,184,0
2022-04-15 11:49:00,184,184,184,184,0
2022-04-15 11:50:00,184,184,184,184,0
2022-04-15 11:51:00,184,184,184,184,0
2022-04-15 11:52:00,184,184,184,184,0
2022-04-15 11:53:00,184,184,184,184,0
2022-04-15 11:54:00,184,184,184,184,0
2022-04-15 11:55:00,184,184,184,184,0
2022-04-15 11:56:00,184,184,184,184,0
2022-04-15 11:57:00,184,184,184,184,0
2022-04-15 11:58:00,184,184,184,184,0
2022-04-15 11:59:00,184,184,184,184,0
2022-04-15 12:00:00,184,184,184,184,0
2022-04-15 12:01:00,184,184,184,184,0
2022-04-15 12:02:00,184,184,184,184,0
2022-04-15 12:03:00,184,184,184,184,0
2022-04-15 12:04:00,184,184,184,184,0
2022-04-15 12:05:00,184,184,184,184,0
2022-04-15 12:06:00,184,184,184,184,0
2022-04-15 12:07:00,184,184,184,184,0
2022-04-15 12:08:00,184,184,184,184,0
2022-04-15 12:09:00,184,184,184,184,0
2022-04-15 12:10:00,184,184,184,184,0
2022-04-15 12:11:00,184,184,184,184,0
2022-04-15 12:12:00,184,184,184,184,0
2022-04-15 12:13:00,184,184,184,184,0
2022-04-15 12:14:00,184,184,184,184,0
2022-04-15 12:15:00,184,184,184,184,0
2022-04-15 12:16:00,184,184,184,184,0
2022-04-15 12:17:00,184,184,184,184,0
2022-04-15 12:18:00,184,184,184,184,0
2022-04-15 12:19:00,184,184,184,184,0
2022-04-15 12:20:00,184,184,184,184,0
2022-04-15 12:21:00,184,184,184,184,0
2022-04-15 12:22:00,184,184,184,184,0
2022-04-15 12:23:00,184,184,184,184,0
2022-04-15 12:24:00,184,184,184,184,0
2022-04-15 12:25:00,184,184,184,184,0
2022-04-15 12:26:00,184,184,184,184,0
2022-04-15 12:27:00,184,184,184,184,0
2022-04-15 12:28:00,184,184,184,184,0
2022-04-15 12:29:00,184,184,184,184,0
2022-04-15 12:30:00,184,184,184,184,0
2022-04-15 12:31:00,184,184,184,184,0
2022-04-15 12:32:00,184,184,184,184,0
2022-04-15 12:33:00,184,184,184,184,0
2022-04-15 12:34:00,184,184,184,184,0
2022-04-15 12:35:00,184,184,184,184,0
2022-04-15 12:36:00,184,184,184,184,0
2022-04-15 12:37:00,184,184,184,184,0
2022-04-15 12:38:00,184,184,184,184,0
2022-04-15 12:39:00,184,184,184,184,0
2022-04-15 12:40:00,184,184,184,184,0
2022-04-15 12:41:00,184,184,184,184,0
2022-04-15 12:42:00,184,184,184,184,0
2022-04-15 12:43:00,184,184,184,184,0
2022-04-15 12:44:00,184,184,184,184,0
2022-04-15 12:45:00,184,184,184,184,0
2022-04-15 12:46:00,184,184,184,184,0
2022-04-15 12:47:00,184,184,184,184,0
2022-04-15 12:48:00,184,184,184,184,0
2022-04-15 12:49:00,184,184,184,184,0
2022-04-15 12:50:00,184,184,184,184,0
2022-04-15 12:51:00,184,184,184,184,0
2022-04-15 12:52:00,184,184,184,184,0
2022-04-15 12:53:00,184,184,184,184,0
2022-04-15 12:54:00,184,184,184,184,0
2022-04-15 12:55:00,184,184,184,184,0
2022-04-15 12:56:00,184,184,184,184,0
2022-04-15 12:57:00,184,184,184,184,0
2022-04-15 12:58:00,184,184,184,184,0
2022-04-15 12:59:00,184,184,184,184,0
2022-04-15 13:00:00,184,184,184,184,0
2022-04-15 13:01:00,184,184,184,184,0
2022-04-15 13:02:00,184,184,184,184,0
2022-04-15 13:03:00,184,184,184,184,0
2022-04-15 13:04:00,184,184,184,184,0
2022-04-15 13:05:00,184,184,184,184,0
2022-04-15 13:06:00,184,184,184,184,0
2022-04-15 13:07:00,184,184,184,184,0
2022-04-15 13:08:00,184,184,184,184,0
2022-04-15 13:09:00,184,184,184,184,0
2022-04-15 13:10:00,184,184,184,184,0
2022-04-15 13:11:00,184,184,184,184,0
2022-04-15 13:12:00,184,184,184,184,0
2022-04-15 13:13:00,184,184,184,184,0
2022-04-15 13:14:00,184,184,184,184,0
2022-04-15 13:15:00,184,184,184,184,0
2022-04-15 13:16:00,184,184,184,184,0
2022-04-15 13:17:00,184,184,184,184,0
2022-04-15 13:18:00,184,184,184,184,0
2022-04-15 13:19:00,184,184,184,184,0
2022-04-15 13:20:00,184,184,184,184,0
2022-04-15 13:21:00,184,184,184,184,0
2022-04-15 13:22:00,184,184,184,184,0
2022-04-15 13:23:00,184,184,184,184,0
2022-04-15 13:24:00,184,184,184,184,0
2022-04-15 13:25:00,184,184,184,184,0
2022-04-15 13:26:00,184,184,184,184,0
2022-04-15 13:27:00,184,184,184,184,0
2022-04-15 13:28:00,184,184,184,184,0
2022-04-15 13:29:00,184,184,184,184,0
2022-04-15 13:30:00,184,184,184,184,0
2022-04-15 13:31:00,184,184,184,184,0
2022-04-15 13:32:00,184,184,184,184,0
2022-04-15 13:33:00,184,184,184,184,0
2022-04-15 13:34:00,184,184,184,184,0
2022-04-15 13:35:00,184,184,184,184,0
2022-04-15 13:36:00,184,184,184,184,0
2022-04-15 13:37:00,184,184,184,184,0
2022-04-15 13:38:00,184,184,184,184,0
2022-04-15 13:39:00,184,184,184,184,0
2022-04-15 13:40:00,184,184,184,184,0
2022-04-15 13:41:00,184,184,184,184,0
2022-04-15 13:42:00,184,184,184,184,0
2022-04-15 13:43:00,184,184,184,184,0
2022-04-15 13:44:00,184,184,184,184,0
2022-04-15 13:45:00,184,184,184,184,0
2022-04-15 13:46:00,184,184,184,184,0
2022-04-15 13:47:00,184,184,184,184,0
2022-04-15 13:48:00,184,184,184,184,0
2022-04-15 13:49:00,184,184,184,184,0
2022-04-15 13:50:00,184,184,184,184,0
2022-04-15 13:51:00,184,184,184,184,0
2022-04-15 13:52:00,184,184,184,184,0
2022-04-15 13:53:00,184,184,184,184,0
2022-04-15 13:54:00,184,184,184,184,0
2022-04-15 13:55:00,184,184,184,184,0
2022-04-15 13:56:00,184,184,184,184,0
2022-04-15 13:57:00,184,184,184,184,0
2022-04-15 13:58:00,184,184,184,184,0
2022-04-15 13:59:00,184,184,184,184,0
2022-04-15 14:00:00,184,184,184,184,0
2022-04-15 14:01:00,184,184,184,184,0
2022-04-15 14:02:00,184,184,184,184,0
2022-04-15 14:03:00,184,184,184,184,0
2022-04-15 14:04:00,184,184,184,184,0
2022-04-15 14:05:00,184,184,184,184,0
2022-04-15 14:06:00,184,184,184,184,0
2022-04-15 14:07:00,184,184,184,184,0
2022-04-15 14:08:00,184,184,184,184,0
2022-04-15 14:09:00,184,184,184,184,0
2022-04-15 14:10:00,184,184,184,184,0
2022-04-15 14:11:00,184,184,184,184,0
2022-04-15 14:12:00,184,184,184,184,0
2022-04-15 14:13:00,184,184,184,184,0
2022-04-15 14:14:00,184,184,184,184,0
2022-04-15 14:15:00,184,184,184,184,0
2022-04-15 14:16:00,184,184,184,184,0
2022-04-15 14:17:00,184,184,184,184,0
2022-04-15 14:18:00,184,184,184,184,0
2022-04-15 14:19:00,184,184,184,184,0
2022-04-15 14:20:00,184,184,184,184,0
2022-04-15 14:21:00,184,184,184,184,0
2022-04-15 14:22:00,184,184,184,184,0
2022-04-15 14:23:00,184,184,184,184,0
2022-04-15 14:24:00,184,184,184,184,0
2022-04-15 14:25:00,184,184,184,184,0
2022-04-15 14:26:00,184,184,184,184,0
2022-04-15 14:27:00,184,184,184,184,0
2022-04-15 14:28:00,184,184,184,184,0
2022-04-15 14:29:00,184,184,184,184,0
2022-04-15 14:30:00,184,184,184,184,0
2022-04-15 14:31:00,184,184,184,184,0
2022-04-15 14:32:00,184,184,184,184,0
2022-04-15 14:33:00,184,184,184,184,0
2022-04-15 14:34:00,184,184,184,184,0
2022-04-15 14:35:00,184,184,184,184,0
2022-04-15 14:36:00,184,184,184,184,0
2022-04-15 14:37:00,184,184,184,184,0
2022-04-15 14:38:00,184,184,184,184,0
2022-04-15 14:39:00,184,184,184,184,0
2022-04-15 14:40:00,184,184,184,184,0
2022-04-15 14:41:00,184,184,184,184,0
2022-04-15 14:42:00,184,184,184,184,0
2022-04-15 14:43:00,184,184,184,184,0
2022-04-15 14:44:00,184,184,184,184,0
2022-04-15 14:45:00,184,184,184,184,0
2022-04-15 14:46:00,184,184,184,184,0
2022-04-15 14:47:00,184,184,184,184,0
2022-04-15 14:48:00,184,184,184,184,0
2022-04-15 14:49:00,184,184,184,184,0
2022-04-15 14:50:00,184,184,184,184,0
2022-04-15 14:51:00,184,184,184,184,0
2022-04-15 14:52:00,184,184,184,184,0
2022-04-15 14:53:00,184,184,184,184,0
2022-04-15 14:54:00,184,184,184,184,0
2022-04-15 14:55:00,184,184,184,184,0
2022-04-15 14:56:00,184,184,184,184,0
2022-04-15 14:57:00,184,184,184,184,0
2022-04-15 14:58:00,184,184,184,184,0
2022-04-15 14:59:00,184,184,184,184,0
2022-04-15 15:00:00,184,184,184,184,0
2022-04-15 15:01:00,184,184,184,184,0
2022-04-15 15:02:00,184,184,184,184,0
2022-04-15 15:03:00,184,184,184,184,0
2022-04-15 15:04:00,184,184,184,184,0
2022-04-15 15:05:00,184,184,184,184,0
2022-04-15 15:06:00,184,184,184,184,0
2022-04-15 15:07:00,184,184,184,184,0
2022-04-15 15:08:00,184,184,184,184,0
2022-04-15 15:09:00,184,184,184,184,0
2022-04-15 15:10:00,184,184,184,184,0
2022-04-15 15:11:00,184,184,184,184,0
2022-04-15 15:12:00,184,184,184,184,0
2022-04-15 15:13:00,184,184,184,184,0
2022-04-15 15:14:00,184,184,184,184,0
2022-04-15 15:15:00,184,184,184,184,0
2022-04-15 15:16:00,184,184,184,184,0
2022-04-15 15:17:00,184,184,184,184,0
2022-04-15 15:18:00,184,184,184,184,0
2022-04-15 15:19:00,184,184,184,184,0
2022-04-15 15:20:00,184,184,184,184,0
2022-04-15 15:21:00,184,184,184,184,0
2022-04-15 15:22:00,184,184,184,184,0
2022-04-15 15:23:00,184,184,184,184,0
2022-04-15 15:24:00,184,184,184,184,0
2022-04-15 15:25:00,184,184,184,184,0
2022-04-15 15:26:00,184,184,184,184,0
2022-04-15 15:27:00,184,184,184,184,0
2022-04-15 15:28:00,184,184,184,184,0
2022-04-15 15:29:00,184,184,184,184,0
2022-04-15 15:30:00,184,184,184,184,0
2022-04-15 15:31:00,184,184,184,184,0
2022-04-15 15:32:00,184,184,184,184,0
2022-04-15 15:33:00,184,184,184,184,0
2022-04-15 15:34:00,184,184,184,184,0
2022-04-15 15:35:00,184,184,184,184,0
2022-04-15 15:36:00,184,184,184,184,0
2022-04-15 15:37:00,184,184,184,184,0
2022-04-15 15:38:00,184,184,184,184,0
2022-04-15 15:39:00,184,184,184,184,0
2022-04-15 15:40:00,184,184,184,184,0
2022-04-15 15:41:00,184,184,184,184,0
2022-04-15 15:42:00,184,184,184,184,0
2022-04-15 15:43:00,184,184,184,184,0
2022-04-15 15:44:00,184,184,184,184,0
2022-04-15 15:45:00,184,184,184,184,0
2022-04-15 15:46:00,184,184,184,184,0
2022-04-15 15:47:00,184,184,184,184,0
2022-04-15 15:48:00,184,184,184,184,0
2022-04-15 15:49:00,184,184,184,184,0
2022-04-15 15:50:00,184,184,184,184,0
2022-04-15 15:51:00,184,184,184,184,0
2022-04-15 15:52:00,184,184,184,184,0
2022-04-15 15:53:00,184,184,184,184,0
2022-04-15 15:54:00,184,184,184,184,0
2022-04-15 15:55:00,184,184,184,184,0
2022-04-15 15:56:00,184,184,184,184,0
2022-04-15 15:57:00,184,184,184,184,0
2022-04-15 15:58:00,184,184,184,184,0
2022-04-15 15:59:00,184,184,184,184,0
2022-04-18 09:00:00,184,184,185,184,0
2022-04-18 09:01:00,184,184,185,184,11400
2022-04-18 09:02:00,184,184,185,184,0
2022-04-18 09:03:00,184,184,184,184,1100
2022-04-18 09:04:00,183,183,183,183,1000
2022-04-18 09:05:00,184,184,184,184,500
2022-04-18 09:06:00,183,183,183,183,1000
2022-04-18 09:07:00,183,183,183,183,0
2022-04-18 09:08:00,183,183,183,183,0
2022-04-18 09:09:00,183,183,183,183,2800
2022-04-18 09:10:00,184,184,184,184,5000
2022-04-18 09:11:00,184,184,184,184,7000
2022-04-18 09:12:00,184,184,184,184,52300
2022-04-18 09:13:00,185,185,185,185,16800
2022-04-18 09:14:00,185,185,185,185,0
2022-04-18 09:15:00,185,185,185,185,18000
2022-04-18 09:16:00,185,185,185,185,0
2022-04-18 09:17:00,185,185,185,185,0
2022-04-18 09:18:00,184,184,185,184,43000
2022-04-18 09:19:00,185,185,185,185,100
2022-04-18 09:20:00,185,185,185,185,0
2022-04-18 09:21:00,184,184,184,184,50000
2022-04-18 09:22:00,184,184,184,184,500
2022-04-18 09:23:00,184,184,184,184,0
2022-04-18 09:24:00,184,184,184,184,10000
2022-04-18 09:25:00,184,184,184,184,0
2022-04-18 09:26:00,184,184,184,184,0
2022-04-18 09:27:00,184,184,184,184,700
2022-04-18 09:28:00,184,184,184,184,5000
2022-04-18 09:29:00,184,184,184,184,0
2022-04-18 09:30:00,184,184,184,184,92500
2022-04-18 09:31:00,185,185,185,185,8000
2022-04-18 09:32:00,185,185,185,185,14700
2022-04-18 09:33:00,185,185,185,185,0
2022-04-18 09:34:00,185,185,185,185,1000
2022-04-18 09:35:00,185,185,185,185,0
2022-04-18 09:36:00,185,185,185,185,0
2022-04-18 09:37:00,185,185,185,185,1000
2022-04-18 09:38:00,185,185,185,185,0
2022-04-18 09:39:00,185,185,185,185,0
2022-04-18 09:40:00,185,185,185,185,0
2022-04-18 09:41:00,185,185,185,185,0
2022-04-18 09:42:00,185,185,185,185,0
2022-04-18 09:43:00,185,185,185,185,0
2022-04-18 09:44:00,185,185,185,185,0
2022-04-18 09:45:00,185,185,185,185,0
2022-04-18 09:46:00,185,185,185,185,500
2022-04-18 09:47:00,185,185,185,185,100
2022-04-18 09:48:00,185,185,185,185,5300
2022-04-18 09:49:00,185,185,186,185,48500
2022-04-18 09:50:00,185,185,186,185,0
2022-04-18 09:51:00,186,186,186,186,5400
2022-04-18 09:52:00,185,185,186,186,10700
2022-04-18 09:53:00,185,185,186,186,0
2022-04-18 09:54:00,185,185,185,185,2500
2022-04-18 09:55:00,185,185,185,185,0
2022-04-18 09:56:00,185,185,185,185,0
2022-04-18 09:57:00,185,185,185,185,0
2022-04-18 09:58:00,185,185,185,185,0
2022-04-18 09:59:00,185,185,185,185,0
2022-04-18 10:00:00,185,185,186,186,6900
2022-04-18 10:01:00,185,185,186,186,0
2022-04-18 10:02:00,185,185,186,186,0
2022-04-18 10:03:00,185,185,186,185,140300
2022-04-18 10:04:00,185,185,185,185,22500
2022-04-18 10:05:00,185,185,185,185,500
2022-04-18 10:06:00,185,185,185,185,3300
2022-04-18 10:07:00,185,185,185,185,10000
2022-04-18 10:08:00,186,185,186,185,30700
2022-04-18 10:09:00,186,185,186,185,0
2022-04-18 10:10:00,185,185,185,185,85700
2022-04-18 10:11:00,185,185,185,185,85700
2022-04-18 10:12:00,185,185,185,185,2000
2022-04-18 10:13:00,185,185,185,185,500
2022-04-18 10:14:00,185,185,185,185,0
2022-04-18 10:15:00,185,185,185,185,2500
2022-04-18 10:16:00,185,185,185,185,0
2022-04-18 10:17:00,185,185,185,185,0
2022-04-18 10:18:00,185,185,185,185,0
2022-04-18 10:19:00,185,185,185,185,0
2022-04-18 10:20:00,185,185,185,185,0
2022-04-18 10:21:00,185,185,185,185,0
2022-04-18 10:22:00,185,185,185,185,0
2022-04-18 10:23:00,185,185,185,185,5000
2022-04-18 10:24:00,185,185,185,185,0
2022-04-18 10:25:00,185,185,185,185,0
2022-04-18 10:26:00,185,185,185,185,0
2022-04-18 10:27:00,185,185,185,185,0
2022-04-18 10:28:00,185,185,185,185,30000
2022-04-18 10:29:00,185,185,185,185,0
2022-04-18 10:30:00,185,185,185,185,0
2022-04-18 10:31:00,185,185,185,185,500
2022-04-18 10:32:00,185,185,185,185,0
2022-04-18 10:33:00,185,185,185,185,0
2022-04-18 10:34:00,185,185,185,185,0
2022-04-18 10:35:00,185,185,185,185,0
2022-04-18 10:36:00,184,184,184,184,1800
2022-04-18 10:37:00,184,184,184,184,100000
2022-04-18 10:38:00,184,184,184,184,0
2022-04-18 10:39:00,184,184,184,184,0
2022-04-18 10:40:00,184,184,184,184,0
2022-04-18 10:41:00,184,184,184,184,373500
2022-04-18 10:42:00,184,184,184,184,9400
2022-04-18 10:43:00,183,183,184,184,137100
2022-04-18 10:44:00,183,183,184,184,0
2022-04-18 10:45:00,185,185,185,185,100000
2022-04-18 10:46:00,185,185,185,185,0
2022-04-18 10:47:00,185,185,185,185,0
2022-04-18 10:48:00,185,185,185,185,0
2022-04-18 10:49:00,185,185,185,185,0
2022-04-18 10:50:00,185,185,185,185,53600
2022-04-18 10:51:00,185,185,185,185,0
2022-04-18 10:52:00,185,185,185,185,0
2022-04-18 10:53:00,185,185,185,185,0
2022-04-18 10:54:00,185,185,185,185,0
2022-04-18 10:55:00,185,185,185,185,0
2022-04-18 10:56:00,185,185,185,185,29100
2022-04-18 10:57:00,185,185,185,185,0
2022-04-18 10:58:00,185,185,185,185,0
2022-04-18 10:59:00,185,185,186,186,10900
2022-04-18 11:00:00,185,185,186,186,0
2022-04-18 11:01:00,185,185,186,186,0
2022-04-18 11:02:00,185,185,186,186,42900
2022-04-18 11:03:00,186,186,186,186,2000
2022-04-18 11:04:00,186,186,186,186,0
2022-04-18 11:05:00,185,185,185,185,600
2022-04-18 11:06:00,185,185,185,185,60000
2022-04-18 11:07:00,185,185,185,185,10000
2022-04-18 11:08:00,185,185,185,185,0
2022-04-18 11:09:00,185,185,185,185,0
2022-04-18 11:10:00,186,186,187,187,448400
2022-04-18 11:11:00,187,187,187,187,268100
2022-04-18 11:12:00,186,186,186,186,500
2022-04-18 11:13:00,186,186,186,186,0
2022-04-18 11:14:00,186,186,186,186,0
2022-04-18 11:15:00,186,186,186,186,0
2022-04-18 11:16:00,186,186,187,187,300
2022-04-18 11:17:00,186,186,187,187,0
2022-04-18 11:18:00,187,187,187,187,10000
2022-04-18 11:19:00,187,187,187,187,1000
2022-04-18 11:20:00,186,186,187,186,107900
2022-04-18 11:21:00,186,186,186,186,15300
2022-04-18 11:22:00,187,187,187,187,100
2022-04-18 11:23:00,187,187,187,187,0
2022-04-18 11:24:00,186,186,186,186,64500
2022-04-18 11:25:00,186,186,186,186,10000
2022-04-18 11:26:00,187,187,187,187,800
2022-04-18 11:27:00,187,187,187,187,918100
2022-04-18 11:28:00,187,187,187,187,0
2022-04-18 11:29:00,186,186,186,186,6000
2022-04-18 11:30:00,186,186,186,186,0
2022-04-18 11:31:00,186,186,186,186,0
2022-04-18 11:32:00,186,186,186,186,0
2022-04-18 11:33:00,186,186,186,186,0
2022-04-18 11:34:00,186,186,186,186,0
2022-04-18 11:35:00,186,186,186,186,0
2022-04-18 11:36:00,186,186,186,186,0
2022-04-18 11:37:00,186,186,186,186,0
2022-04-18 11:38:00,186,186,186,186,0
2022-04-18 11:39:00,186,186,186,186,0
2022-04-18 11:40:00,186,186,186,186,0
2022-04-18 11:41:00,186,186,186,186,0
2022-04-18 11:42:00,186,186,186,186,0
2022-04-18 11:43:00,186,186,186,186,0
2022-04-18 11:44:00,186,186,186,186,0
2022-04-18 11:45:00,186,186,186,186,0
2022-04-18 11:46:00,186,186,186,186,0
2022-04-18 11:47:00,186,186,186,186,0
2022-04-18 11:48:00,186,186,186,186,0
2022-04-18 11:49:00,186,186,186,186,0
2022-04-18 11:50:00,186,186,186,186,0
2022-04-18 11:51:00,186,186,186,186,0
2022-04-18 11:52:00,186,186,186,186,0
2022-04-18 11:53:00,186,186,186,186,0
2022-04-18 11:54:00,186,186,186,186,0
2022-04-18 11:55:00,186,186,186,186,0
2022-04-18 11:56:00,186,186,186,186,0
2022-04-18 11:57:00,186,186,186,186,0
2022-04-18 11:58:00,186,186,186,186,0
2022-04-18 11:59:00,186,186,186,186,0
2022-04-18 12:00:00,186,186,186,186,0
2022-04-18 12:01:00,186,186,186,186,0
2022-04-18 12:02:00,186,186,186,186,0
2022-04-18 12:03:00,186,186,186,186,0
2022-04-18 12:04:00,186,186,186,186,0
2022-04-18 12:05:00,186,186,186,186,0
2022-04-18 12:06:00,186,186,186,186,0
2022-04-18 12:07:00,186,186,186,186,0
2022-04-18 12:08:00,186,186,186,186,0
2022-04-18 12:09:00,186,186,186,186,0
2022-04-18 12:10:00,186,186,186,186,0
2022-04-18 12:11:00,186,186,186,186,0
2022-04-18 12:12:00,186,186,186,186,0
2022-04-18 12:13:00,186,186,186,186,0
2022-04-18 12:14:00,186,186,186,186,0
2022-04-18 12:15:00,186,186,186,186,0
2022-04-18 12:16:00,186,186,186,186,0
2022-04-18 12:17:00,186,186,186,186,0
2022-04-18 12:18:00,186,186,186,186,0
2022-04-18 12:19:00,186,186,186,186,0
2022-04-18 12:20:00,186,186,186,186,0
2022-04-18 12:21:00,186,186,186,186,0
2022-04-18 12:22:00,186,186,186,186,0
2022-04-18 12:23:00,186,186,186,186,0
2022-04-18 12:24:00,186,186,186,186,0
2022-04-18 12:25:00,186,186,186,186,0
2022-04-18 12:26:00,186,186,186,186,0
2022-04-18 12:27:00,186,186,186,186,0
2022-04-18 12:28:00,186,186,186,186,0
2022-04-18 12:29:00,186,186,186,186,0
2022-04-18 12:30:00,186,186,186,186,0
2022-04-18 12:31:00,186,186,186,186,0
2022-04-18 12:32:00,186,186,186,186,0
2022-04-18 12:33:00,186,186,186,186,0
2022-04-18 12:34:00,186,186,186,186,0
2022-04-18 12:35:00,186,186,186,186,0
2022-04-18 12:36:00,186,186,186,186,0
2022-04-18 12:37:00,186,186,186,186,0
2022-04-18 12:38:00,186,186,186,186,0
2022-04-18 12:39:00,186,186,186,186,0
2022-04-18 12:40:00,186,186,186,186,0
2022-04-18 12:41:00,186,186,186,186,0
2022-04-18 12:42:00,186,186,186,186,0
2022-04-18 12:43:00,186,186,186,186,0
2022-04-18 12:44:00,186,186,186,186,0
2022-04-18 12:45:00,186,186,186,186,0
2022-04-18 12:46:00,186,186,186,186,0
2022-04-18 12:47:00,186,186,186,186,0
2022-04-18 12:48:00,186,186,186,186,0
2022-04-18 12:49:00,186,186,186,186,0
2022-04-18 12:50:00,186,186,186,186,0
2022-04-18 12:51:00,186,186,186,186,0
2022-04-18 12:52:00,186,186,186,186,0
2022-04-18 12:53:00,186,186,186,186,0
2022-04-18 12:54:00,186,186,186,186,0
2022-04-18 12:55:00,186,186,186,186,0
2022-04-18 12:56:00,186,186,186,186,0
2022-04-18 12:57:00,186,186,186,186,0
2022-04-18 12:58:00,186,186,186,186,0
2022-04-18 12:59:00,186,186,186,186,0
2022-04-18 13:00:00,186,186,186,186,0
2022-04-18 13:01:00,186,186,186,186,0
2022-04-18 13:02:00,186,186,186,186,0
2022-04-18 13:03:00,186,186,186,186,0
2022-04-18 13:04:00,186,186,186,186,0
2022-04-18 13:05:00,186,186,186,186,0
2022-04-18 13:06:00,186,186,186,186,0
2022-04-18 13:07:00,186,186,186,186,0
2022-04-18 13:08:00,186,186,186,186,0
2022-04-18 13:09:00,186,186,186,186,0
2022-04-18 13:10:00,186,186,186,186,0
2022-04-18 13:11:00,186,186,186,186,0
2022-04-18 13:12:00,186,186,186,186,0
2022-04-18 13:13:00,186,186,186,186,0
2022-04-18 13:14:00,186,186,186,186,0
2022-04-18 13:15:00,186,186,186,186,0
2022-04-18 13:16:00,186,186,186,186,0
2022-04-18 13:17:00,186,186,186,186,0
2022-04-18 13:18:00,186,186,186,186,0
2022-04-18 13:19:00,186,186,186,186,0
2022-04-18 13:20:00,186,186,186,186,0
2022-04-18 13:21:00,186,186,186,186,0
2022-04-18 13:22:00,186,186,186,186,0
2022-04-18 13:23:00,186,186,186,186,0
2022-04-18 13:24:00,186,186,186,186,0
2022-04-18 13:25:00,186,186,186,186,0
2022-04-18 13:26:00,186,186,186,186,0
2022-04-18 13:27:00,186,186,186,186,0
2022-04-18 13:28:00,186,186,186,186,0
2022-04-18 13:29:00,186,186,186,186,0
2022-04-18 13:30:00,186,185,186,186,263600
2022-04-18 13:31:00,186,186,186,186,500
2022-04-18 13:32:00,186,186,186,186,0
2022-04-18 13:33:00,186,186,186,186,0
2022-04-18 13:34:00,186,186,186,186,0
2022-04-18 13:35:00,186,186,186,186,100
2022-04-18 13:36:00,186,186,186,186,10000
2022-04-18 13:37:00,185,185,186,186,1200
2022-04-18 13:38:00,185,185,186,186,0
2022-04-18 13:39:00,186,185,186,185,1200
2022-04-18 13:40:00,185,185,185,185,10000
2022-04-18 13:41:00,185,185,185,185,0
2022-04-18 13:42:00,186,186,186,186,96700
2022-04-18 13:43:00,186,186,186,186,0
2022-04-18 13:44:00,186,186,186,186,0
2022-04-18 13:45:00,186,186,186,186,0
2022-04-18 13:46:00,186,186,186,186,0
2022-04-18 13:47:00,186,186,186,186,0
2022-04-18 13:48:00,186,186,186,186,17500
2022-04-18 13:49:00,186,186,186,186,0
2022-04-18 13:50:00,186,186,186,186,0
2022-04-18 13:51:00,186,186,186,186,0
2022-04-18 13:52:00,186,186,186,186,12700
2022-04-18 13:53:00,186,185,186,185,160000
2022-04-18 13:54:00,186,185,186,185,0
2022-04-18 13:55:00,186,185,186,185,0
2022-04-18 13:56:00,186,185,186,185,0
2022-04-18 13:57:00,186,185,186,185,0
2022-04-18 13:58:00,186,186,186,186,5000
2022-04-18 13:59:00,186,186,186,186,33600
2022-04-18 14:00:00,186,186,186,186,500
2022-04-18 14:01:00,186,186,186,186,30000
2022-04-18 14:02:00,186,186,186,186,0
2022-04-18 14:03:00,186,186,186,186,0
2022-04-18 14:04:00,186,186,186,186,0
2022-04-18 14:05:00,186,186,186,186,40000
2022-04-18 14:06:00,186,186,186,186,50000
2022-04-18 14:07:00,186,186,186,186,3000
2022-04-18 14:08:00,186,186,186,186,50000
2022-04-18 14:09:00,186,186,187,187,494800
2022-04-18 14:10:00,187,187,188,188,82000
2022-04-18 14:11:00,187,187,187,187,2700
2022-04-18 14:12:00,187,187,187,187,0
2022-04-18 14:13:00,187,187,187,187,6400
2022-04-18 14:14:00,187,187,187,187,4400
2022-04-18 14:15:00,187,187,187,187,112900
2022-04-18 14:16:00,187,187,187,187,39400
2022-04-18 14:17:00,187,187,187,187,10000
2022-04-18 14:18:00,187,187,187,187,3100
2022-04-18 14:19:00,187,187,187,187,0
2022-04-18 14:20:00,187,187,187,187,0
2022-04-18 14:21:00,187,187,187,187,18200
2022-04-18 14:22:00,187,187,187,187,0
2022-04-18 14:23:00,188,187,188,187,10100
2022-04-18 14:24:00,188,188,188,188,1200
2022-04-18 14:25:00,188,188,188,188,0
2022-04-18 14:26:00,188,188,188,188,15000
2022-04-18 14:27:00,188,188,188,188,0
2022-04-18 14:28:00,187,187,187,187,6300
2022-04-18 14:29:00,187,187,187,187,0
2022-04-18 14:30:00,187,187,187,187,20000
2022-04-18 14:31:00,187,187,187,187,138600
2022-04-18 14:32:00,187,187,187,187,9000
2022-04-18 14:33:00,187,187,187,187,1000
2022-04-18 14:34:00,186,186,186,186,2200
2022-04-18 14:35:00,186,186,186,186,500
2022-04-18 14:36:00,186,186,186,186,1900
2022-04-18 14:37:00,186,186,186,186,0
2022-04-18 14:38:00,186,186,186,186,100
2022-04-18 14:39:00,186,186,186,186,0
2022-04-18 14:40:00,187,187,187,187,100
2022-04-18 14:41:00,187,187,187,187,0
2022-04-18 14:42:00,187,187,187,187,40000
2022-04-18 14:43:00,186,186,186,186,10000
2022-04-18 14:44:00,186,186,186,186,0
2022-04-18 14:45:00,186,186,186,186,10000
2022-04-18 14:46:00,186,186,186,186,0
2022-04-18 14:47:00,187,187,187,187,52800
2022-04-18 14:48:00,188,188,188,188,100
2022-04-18 14:49:00,188,188,188,188,0
2022-04-18 14:50:00,188,188,188,188,0
2022-04-18 14:51:00,188,188,188,188,0
2022-04-18 14:52:00,188,188,188,188,0
2022-04-18 14:53:00,188,188,188,188,0
2022-04-18 14:54:00,188,188,188,188,0
2022-04-18 14:55:00,188,188,188,188,0
2022-04-18 14:56:00,188,188,188,188,0
2022-04-18 14:57:00,188,188,188,188,0
2022-04-18 14:58:00,188,188,188,188,0
2022-04-18 14:59:00,188,188,188,188,0
2022-04-18 15:00:00,188,188,188,188,58800
2022-04-18 15:01:00,188,188,188,188,0
2022-04-18 15:02:00,188,188,188,188,0
2022-04-18 15:03:00,188,188,188,188,0
2022-04-18 15:04:00,188,188,188,188,0
2022-04-18 15:05:00,188,188,188,188,0
2022-04-18 15:06:00,188,188,188,188,0
2022-04-18 15:07:00,188,188,188,188,0
2022-04-18 15:08:00,188,188,188,188,5000
2022-04-18 15:09:00,188,188,188,188,30000
2022-04-18 15:10:00,188,188,188,188,0
2022-04-18 15:11:00,188,188,188,188,0
2022-04-18 15:12:00,188,188,188,188,0
2022-04-18 15:13:00,188,188,188,188,900
2022-04-18 15:14:00,188,188,188,188,0
2022-04-18 15:15:00,188,188,188,188,0
2022-04-18 15:16:00,188,188,188,188,0
2022-04-18 15:17:00,188,188,188,188,0
2022-04-18 15:18:00,188,188,188,188,0
2022-04-18 15:19:00,188,188,188,188,0
2022-04-18 15:20:00,188,188,188,188,0
2022-04-18 15:21:00,188,188,188,188,0
2022-04-18 15:22:00,188,188,188,188,0
2022-04-18 15:23:00,188,188,188,188,0
2022-04-18 15:24:00,188,188,188,188,0
2022-04-18 15:25:00,188,188,188,188,0
2022-04-18 15:26:00,188,188,188,188,0
2022-04-18 15:27:00,188,188,188,188,0
2022-04-18 15:28:00,188,188,188,188,0
2022-04-18 15:29:00,188,188,188,188,0
2022-04-18 15:30:00,188,188,188,188,0
2022-04-18 15:31:00,188,188,188,188,0
2022-04-18 15:32:00,188,188,188,188,0
2022-04-18 15:33:00,188,188,188,188,0
2022-04-18 15:34:00,188,188,188,188,0
2022-04-18 15:35:00,188,188,188,188,0
2022-04-18 15:36:00,188,188,188,188,0
2022-04-18 15:37:00,188,188,188,188,0
2022-04-18 15:38:00,188,188,188,188,0
2022-04-18 15:39:00,188,188,188,188,0
2022-04-18 15:40:00,188,188,188,188,0
2022-04-18 15:41:00,188,188,188,188,0
2022-04-18 15:42:00,188,188,188,188,0
2022-04-18 15:43:00,188,188,188,188,0
2022-04-18 15:44:00,188,188,188,188,0
2022-04-18 15:45:00,188,188,188,188,0
2022-04-18 15:46:00,188,188,188,188,0
2022-04-18 15:47:00,188,188,188,188,0
2022-04-18 15:48:00,188,188,188,188,0
2022-04-18 15:49:00,188,188,188,188,0
2022-04-18 15:50:00,188,188,188,188,0
2022-04-18 15:51:00,188,188,188,188,0
2022-04-18 15:52:00,188,188,188,188,0
2022-04-18 15:53:00,188,188,188,188,0
2022-04-18 15:54:00,188,188,188,188,0
2022-04-18 15:55:00,188,188,188,188,0
2022-04-18 15:56:00,188,188,188,188,0
2022-04-18 15:57:00,188,188,188,188,0
2022-04-18 15:58:00,188,188,188,188,0
2022-04-18 15:59:00,188,188,188,188,0
2022-04-19 09:00:00,188,188,190,190,0
2022-04-19 09:01:00,189,189,189,189,123700
2022-04-19 09:02:00,189,189,189,189,63000
2022-04-19 09:03:00,189,189,189,189,130100
2022-04-19 09:04:00,189,189,189,189,79800
2022-04-19 09:05:00,189,189,190,189,160000
2022-04-19 09:06:00,189,188,189,188,842200
2022-04-19 09:07:00,188,188,188,188,157800
2022-04-19 09:08:00,188,188,188,188,100000
2022-04-19 09:09:00,189,189,189,189,352300
2022-04-19 09:10:00,189,189,189,189,28000
2022-04-19 09:11:00,189,188,189,188,318700
2022-04-19 09:12:00,189,189,189,189,5000
2022-04-19 09:13:00,189,189,189,189,127800
2022-04-19 09:14:00,189,189,189,189,1000
2022-04-19 09:15:00,189,189,189,189,174400
2022-04-19 09:16:00,189,189,189,189,22700
2022-04-19 09:17:00,189,189,189,189,13000
2022-04-19 09:18:00,189,189,189,189,83800
2022-04-19 09:19:00,189,189,190,190,100900
2022-04-19 09:20:00,190,190,191,191,855100
2022-04-19 09:21:00,192,191,192,191,765000
2022-04-19 09:22:00,192,192,192,192,56400
2022-04-19 09:23:00,192,191,192,191,129200
2022-04-19 09:24:00,191,191,192,191,570300
2022-04-19 09:25:00,191,191,191,191,232500
2022-04-19 09:26:00,191,190,191,191,104300
2022-04-19 09:27:00,191,191,191,191,51400
2022-04-19 09:28:00,191,191,191,191,353700
2022-04-19 09:29:00,191,190,191,190,1700
2022-04-19 09:30:00,191,191,191,191,153600
2022-04-19 09:31:00,190,190,191,191,24000
2022-04-19 09:32:00,190,190,191,191,520100
2022-04-19 09:33:00,191,191,192,192,7700
2022-04-19 09:34:00,191,191,191,191,4900
2022-04-19 09:35:00,191,190,191,190,134200
2022-04-19 09:36:00,190,190,191,191,153300
2022-04-19 09:37:00,191,191,192,192,375900
2022-04-19 09:38:00,191,191,192,191,202200
2022-04-19 09:39:00,191,191,192,191,63900
2022-04-19 09:40:00,191,191,191,191,700
2022-04-19 09:41:00,191,191,192,191,28800
2022-04-19 09:42:00,192,192,192,192,142600
2022-04-19 09:43:00,192,192,193,193,1224200
2022-04-19 09:44:00,193,191,193,193,734500
2022-04-19 09:45:00,193,192,196,196,3266700
2022-04-19 09:46:00,196,193,196,195,2859400
2022-04-19 09:47:00,195,192,196,194,2131500
2022-04-19 09:48:00,194,193,194,194,371200
2022-04-19 09:49:00,194,193,194,193,91400
2022-04-19 09:50:00,193,193,194,193,124600
2022-04-19 09:51:00,194,193,194,194,727500
2022-04-19 09:52:00,193,193,198,197,3025800
2022-04-19 09:53:00,197,196,198,197,2082700
2022-04-19 09:54:00,196,196,198,197,1080400
2022-04-19 09:55:00,198,197,198,197,846600
2022-04-19 09:56:00,197,196,198,197,1109900
2022-04-19 09:57:00,197,196,197,197,326900
2022-04-19 09:58:00,197,196,197,196,174500
2022-04-19 09:59:00,196,196,197,196,385400
2022-04-19 10:00:00,197,196,198,197,603500
2022-04-19 10:01:00,198,197,198,197,515700
2022-04-19 10:02:00,198,197,198,197,67000
2022-04-19 10:03:00,197,197,198,198,145800
2022-04-19 10:04:00,197,197,198,198,1250100
2022-04-19 10:05:00,198,197,199,198,1007500
2022-04-19 10:06:00,198,196,198,196,1346800
2022-04-19 10:07:00,196,196,197,196,240700
2022-04-19 10:08:00,196,196,197,196,90500
2022-04-19 10:09:00,196,196,197,196,134000
2022-04-19 10:10:00,196,196,196,196,67600
2022-04-19 10:11:00,196,195,197,195,448200
2022-04-19 10:12:00,195,195,197,196,515000
2022-04-19 10:13:00,196,196,197,196,65700
2022-04-19 10:14:00,197,196,197,196,19600
2022-04-19 10:15:00,196,195,196,196,68400
2022-04-19 10:16:00,195,195,195,195,10100
2022-04-19 10:17:00,195,195,197,197,197800
2022-04-19 10:18:00,197,196,197,196,203000
2022-04-19 10:19:00,197,196,197,196,298500
2022-04-19 10:20:00,196,196,197,196,344400
2022-04-19 10:21:00,196,196,196,196,14300
2022-04-19 10:22:00,197,196,197,197,254600
2022-04-19 10:23:00,197,196,198,198,507500
2022-04-19 10:24:00,198,197,198,198,671400
2022-04-19 10:25:00,198,198,198,198,307200
2022-04-19 10:26:00,198,198,199,198,1578500
2022-04-19 10:27:00,198,198,198,198,82500
2022-04-19 10:28:00,198,197,198,197,39800
2022-04-19 10:29:00,198,197,198,197,79600
2022-04-19 10:30:00,198,197,198,198,86400
2022-04-19 10:31:00,198,197,198,197,448200
2022-04-19 10:32:00,197,197,198,197,198900
2022-04-19 10:33:00,197,197,198,197,451800
2022-04-19 10:34:00,198,198,198,198,563100
2022-04-19 10:35:00,198,198,198,198,348000
2022-04-19 10:36:00,198,198,198,198,38200
2022-04-19 10:37:00,198,198,199,198,541000
2022-04-19 10:38:00,198,198,198,198,8500
2022-04-19 10:39:00,198,198,200,199,2676100
2022-04-19 10:40:00,199,199,200,200,331500
2022-04-19 10:41:00,200,199,202,202,2337800
2022-04-19 10:42:00,200,200,202,200,1616900
2022-04-19 10:43:00,200,200,202,202,593300
2022-04-19 10:44:00,202,200,202,200,60200
2022-04-19 10:45:00,200,200,202,200,95600
2022-04-19 10:46:00,200,200,202,200,199500
2022-04-19 10:47:00,202,199,202,199,2138700
2022-04-19 10:48:00,199,198,199,199,307000
2022-04-19 10:49:00,198,198,198,198,1100
2022-04-19 10:50:00,198,198,198,198,110500
2022-04-19 10:51:00,198,198,199,199,143300
2022-04-19 10:52:00,199,198,199,199,299400
2022-04-19 10:53:00,199,198,199,199,732900
2022-04-19 10:54:00,199,199,199,199,1500
2022-04-19 10:55:00,199,199,199,199,14500
2022-04-19 10:56:00,199,199,199,199,35800
2022-04-19 10:57:00,199,199,199,199,500
2022-04-19 10:58:00,199,199,199,199,57500
2022-04-19 10:59:00,199,199,199,199,17700
2022-04-19 11:00:00,199,199,199,199,448500
2022-04-19 11:01:00,200,199,200,199,88300
2022-04-19 11:02:00,199,199,199,199,13700
2022-04-19 11:03:00,199,199,199,199,200
2022-04-19 11:04:00,199,199,199,199,30500
2022-04-19 11:05:00,200,199,200,200,9200
2022-04-19 11:06:00,199,199,200,199,90200
2022-04-19 11:07:00,199,199,199,199,372000
2022-04-19 11:08:00,199,199,199,199,10500
2022-04-19 11:09:00,199,199,199,199,2500
2022-04-19 11:10:00,199,199,199,199,300100
2022-04-19 11:11:00,199,199,199,199,105800
2022-04-19 11:12:00,199,199,199,199,200000
2022-04-19 11:13:00,199,199,199,199,52200
2022-04-19 11:14:00,199,199,199,199,41500
2022-04-19 11:15:00,199,199,199,199,95100
2022-04-19 11:16:00,199,199,199,199,196500
2022-04-19 11:17:00,198,198,198,198,10000
2022-04-19 11:18:00,198,198,198,198,4200
2022-04-19 11:19:00,198,198,198,198,26600
2022-04-19 11:20:00,198,198,199,198,50000
2022-04-19 11:21:00,198,198,198,198,242600
2022-04-19 11:22:00,198,197,198,198,945600
2022-04-19 11:23:00,197,197,197,197,493100
2022-04-19 11:24:00,197,197,197,197,186500
2022-04-19 11:25:00,196,196,197,196,932200
2022-04-19 11:26:00,196,196,197,197,933100
2022-04-19 11:27:00,197,197,197,197,30200
2022-04-19 11:28:00,197,197,197,197,45400
2022-04-19 11:29:00,197,196,197,197,12800
2022-04-19 11:30:00,197,196,197,197,0
2022-04-19 11:31:00,197,196,197,197,0
2022-04-19 11:32:00,197,196,197,197,0
2022-04-19 11:33:00,197,196,197,197,0
2022-04-19 11:34:00,197,196,197,197,0
2022-04-19 11:35:00,197,196,197,197,0
2022-04-19 11:36:00,197,196,197,197,0
2022-04-19 11:37:00,197,196,197,197,0
2022-04-19 11:38:00,197,196,197,197,0
2022-04-19 11:39:00,197,196,197,197,0
2022-04-19 11:40:00,197,196,197,197,0
2022-04-19 11:41:00,197,196,197,197,0
2022-04-19 11:42:00,197,196,197,197,0
2022-04-19 11:43:00,197,196,197,197,0
2022-04-19 11:44:00,197,196,197,197,0
2022-04-19 11:45:00,197,196,197,197,0
2022-04-19 11:46:00,197,196,197,197,0
2022-04-19 11:47:00,197,196,197,197,0
2022-04-19 11:48:00,197,196,197,197,0
2022-04-19 11:49:00,197,196,197,197,0
2022-04-19 11:50:00,197,196,197,197,0
2022-04-19 11:51:00,197,196,197,197,0
2022-04-19 11:52:00,197,196,197,197,0
2022-04-19 11:53:00,197,196,197,197,0
2022-04-19 11:54:00,197,196,197,197,0
2022-04-19 11:55:00,197,196,197,197,0
2022-04-19 11:56:00,197,196,197,197,0
2022-04-19 11:57:00,197,196,197,197,0
2022-04-19 11:58:00,197,196,197,197,0
2022-04-19 11:59:00,197,196,197,197,0
2022-04-19 12:00:00,197,196,197,197,0
2022-04-19 12:01:00,197,196,197,197,0
2022-04-19 12:02:00,197,196,197,197,0
2022-04-19 12:03:00,197,196,197,197,0
2022-04-19 12:04:00,197,196,197,197,0
2022-04-19 12:05:00,197,196,197,197,0
2022-04-19 12:06:00,197,196,197,197,0
2022-04-19 12:07:00,197,196,197,197,0
2022-04-19 12:08:00,197,196,197,197,0
2022-04-19 12:09:00,197,196,197,197,0
2022-04-19 12:10:00,197,196,197,197,0
2022-04-19 12:11:00,197,196,197,197,0
2022-04-19 12:12:00,197,196,197,197,0
2022-04-19 12:13:00,197,196,197,197,0
2022-04-19 12:14:00,197,196,197,197,0
2022-04-19 12:15:00,197,196,197,197,0
2022-04-19 12:16:00,197,196,197,197,0
2022-04-19 12:17:00,197,196,197,197,0
2022-04-19 12:18:00,197,196,197,197,0
2022-04-19 12:19:00,197,196,197,197,0
2022-04-19 12:20:00,197,196,197,197,0
2022-04-19 12:21:00,197,196,197,197,0
2022-04-19 12:22:00,197,196,197,197,0
2022-04-19 12:23:00,197,196,197,197,0
2022-04-19 12:24:00,197,196,197,197,0
2022-04-19 12:25:00,197,196,197,197,0
2022-04-19 12:26:00,197,196,197,197,0
2022-04-19 12:27:00,197,196,197,197,0
2022-04-19 12:28:00,197,196,197,197,0
2022-04-19 12:29:00,197,196,197,197,0
2022-04-19 12:30:00,197,196,197,197,0
2022-04-19 12:31:00,197,196,197,197,0
2022-04-19 12:32:00,197,196,197,197,0
2022-04-19 12:33:00,197,196,197,197,0
2022-04-19 12:34:00,197,196,197,197,0
2022-04-19 12:35:00,197,196,197,197,0
2022-04-19 12:36:00,197,196,197,197,0
2022-04-19 12:37:00,197,196,197,197,0
2022-04-19 12:38:00,197,196,197,197,0
2022-04-19 12:39:00,197,196,197,197,0
2022-04-19 12:40:00,197,196,197,197,0
2022-04-19 12:41:00,197,196,197,197,0
2022-04-19 12:42:00,197,196,197,197,0
2022-04-19 12:43:00,197,196,197,197,0
2022-04-19 12:44:00,197,196,197,197,0
2022-04-19 12:45:00,197,196,197,197,0
2022-04-19 12:46:00,197,196,197,197,0
2022-04-19 12:47:00,197,196,197,197,0
2022-04-19 12:48:00,197,196,197,197,0
2022-04-19 12:49:00,197,196,197,197,0
2022-04-19 12:50:00,197,196,197,197,0
2022-04-19 12:51:00,197,196,197,197,0
2022-04-19 12:52:00,197,196,197,197,0
2022-04-19 12:53:00,197,196,197,197,0
2022-04-19 12:54:00,197,196,197,197,0
2022-04-19 12:55:00,197,196,197,197,0
2022-04-19 12:56:00,197,196,197,197,0
2022-04-19 12:57:00,197,196,197,197,0
2022-04-19 12:58:00,197,196,197,197,0
2022-04-19 12:59:00,197,196,197,197,0
2022-04-19 13:00:00,197,196,197,197,0
2022-04-19 13:01:00,197,196,197,197,0
2022-04-19 13:02:00,197,196,197,197,0
2022-04-19 13:03:00,197,196,197,197,0
2022-04-19 13:04:00,197,196,197,197,0
2022-04-19 13:05:00,197,196,197,197,0
2022-04-19 13:06:00,197,196,197,197,0
2022-04-19 13:07:00,197,196,197,197,0
2022-04-19 13:08:00,197,196,197,197,0
2022-04-19 13:09:00,197,196,197,197,0
2022-04-19 13:10:00,197,196,197,197,0
2022-04-19 13:11:00,197,196,197,197,0
2022-04-19 13:12:00,197,196,197,197,0
2022-04-19 13:13:00,197,196,197,197,0
2022-04-19 13:14:00,197,196,197,197,0
2022-04-19 13:15:00,197,196,197,197,0
2022-04-19 13:16:00,197,196,197,197,0
2022-04-19 13:17:00,197,196,197,197,0
2022-04-19 13:18:00,197,196,197,197,0
2022-04-19 13:19:00,197,196,197,197,0
2022-04-19 13:20:00,197,196,197,197,0
2022-04-19 13:21:00,197,196,197,197,0
2022-04-19 13:22:00,197,196,197,197,0
2022-04-19 13:23:00,197,196,197,197,0
2022-04-19 13:24:00,197,196,197,197,0
2022-04-19 13:25:00,197,196,197,197,0
2022-04-19 13:26:00,197,196,197,197,0
2022-04-19 13:27:00,197,196,197,197,0
2022-04-19 13:28:00,197,196,197,197,0
2022-04-19 13:29:00,197,196,197,197,0
2022-04-19 13:30:00,197,196,197,197,204300
2022-04-19 13:31:00,197,197,197,197,64600
2022-04-19 13:32:00,197,197,197,197,71100
2022-04-19 13:33:00,197,197,197,197,41300
2022-04-19 13:34:00,197,197,197,197,9000
2022-04-19 13:35:00,198,198,198,198,896800
2022-04-19 13:36:00,198,198,198,198,35400
2022-04-19 13:37:00,198,198,199,198,10900
2022-04-19 13:38:00,199,199,199,199,443000
2022-04-19 13:39:00,199,199,199,199,78600
2022-04-19 13:40:00,199,199,200,199,230400
2022-04-19 13:41:00,199,198,200,199,172400
2022-04-19 13:42:00,199,198,199,198,41200
2022-04-19 13:43:00,199,198,199,199,104500
2022-04-19 13:44:00,198,198,199,199,165900
2022-04-19 13:45:00,199,198,199,198,9500
2022-04-19 13:46:00,198,198,199,198,32600
2022-04-19 13:47:00,199,199,199,199,42500
2022-04-19 13:48:00,199,198,199,198,130000
2022-04-19 13:49:00,199,199,199,199,10000
2022-04-19 13:50:00,199,199,199,199,0
2022-04-19 13:51:00,199,199,199,199,436300
2022-04-19 13:52:00,199,199,199,199,96400
2022-04-19 13:53:00,199,199,200,200,1100
2022-04-19 13:54:00,200,200,200,200,1110400
2022-04-19 13:55:00,200,200,200,200,443800
2022-04-19 13:56:00,200,200,200,200,8900
2022-04-19 13:57:00,202,200,202,200,2047200
2022-04-19 13:58:00,200,200,200,200,100600
2022-04-19 13:59:00,200,200,200,200,519600
2022-04-19 14:00:00,200,200,202,200,78000
2022-04-19 14:01:00,200,200,200,200,18300
2022-04-19 14:02:00,200,200,200,200,660000
2022-04-19 14:03:00,200,200,200,200,25200
2022-04-19 14:04:00,200,200,200,200,301700
2022-04-19 14:05:00,200,200,200,200,58700
2022-04-19 14:06:00,200,200,202,200,272100
2022-04-19 14:07:00,202,200,202,202,108200
2022-04-19 14:08:00,200,200,202,202,26200
2022-04-19 14:09:00,202,200,202,200,20400
2022-04-19 14:10:00,202,200,202,202,49800
2022-04-19 14:11:00,200,200,202,202,263700
2022-04-19 14:12:00,200,200,200,200,541800
2022-04-19 14:13:00,200,200,200,200,3500
2022-04-19 14:14:00,200,200,202,202,118600
2022-04-19 14:15:00,200,200,202,200,73800
2022-04-19 14:16:00,200,200,200,200,122300
2022-04-19 14:17:00,200,200,202,200,29900
2022-04-19 14:18:00,200,200,202,202,11600
2022-04-19 14:19:00,202,200,202,200,85500
2022-04-19 14:20:00,200,200,202,200,110400
2022-04-19 14:21:00,200,200,202,200,261500
2022-04-19 14:22:00,199,199,200,200,141400
2022-04-19 14:23:00,200,200,200,200,246600
2022-04-19 14:24:00,200,200,200,200,100800
2022-04-19 14:25:00,200,200,200,200,156600
2022-04-19 14:26:00,200,199,200,200,83700
2022-04-19 14:27:00,199,199,200,200,81800
2022-04-19 14:28:00,200,199,200,199,69100
2022-04-19 14:29:00,200,199,200,199,22700
2022-04-19 14:30:00,200,200,200,200,3500
2022-04-19 14:31:00,200,200,200,200,152900
2022-04-19 14:32:00,200,200,202,202,16200
2022-04-19 14:33:00,202,200,202,202,160400
2022-04-19 14:34:00,202,200,202,202,194300
2022-04-19 14:35:00,200,200,202,202,6400
2022-04-19 14:36:00,202,200,202,200,176000
2022-04-19 14:37:00,200,200,202,202,25200
2022-04-19 14:38:00,202,200,202,202,91000
2022-04-19 14:39:00,202,200,202,200,97600
2022-04-19 14:40:00,200,200,202,202,75300
2022-04-19 14:41:00,202,200,202,202,113400
2022-04-19 14:42:00,200,200,200,200,26200
2022-04-19 14:43:00,202,200,202,202,66600
2022-04-19 14:44:00,202,200,202,200,1004400
2022-04-19 14:45:00,200,199,202,199,2265800
2022-04-19 14:46:00,199,199,200,199,254800
2022-04-19 14:47:00,200,199,200,199,271000
2022-04-19 14:48:00,199,199,200,200,76400
2022-04-19 14:49:00,199,199,200,200,184500
2022-04-19 14:50:00,199,199,200,200,0
2022-04-19 14:51:00,199,199,200,200,0
2022-04-19 14:52:00,199,199,200,200,0
2022-04-19 14:53:00,199,199,200,200,0
2022-04-19 14:54:00,199,199,200,200,0
2022-04-19 14:55:00,199,199,200,200,0
2022-04-19 14:56:00,199,199,200,200,0
2022-04-19 14:57:00,199,199,200,200,0
2022-04-19 14:58:00,199,199,200,200,0
2022-04-19 14:59:00,199,199,200,200,0
2022-04-19 15:00:00,200,200,200,200,3989900
2022-04-19 15:01:00,200,200,200,200,58900
2022-04-19 15:02:00,200,200,200,200,4700
2022-04-19 15:03:00,200,200,200,200,130100
2022-04-19 15:04:00,200,200,200,200,51000
2022-04-19 15:05:00,200,200,200,200,128200
2022-04-19 15:06:00,200,200,200,200,75600
2022-04-19 15:07:00,200,200,200,200,500
2022-04-19 15:08:00,200,200,200,200,72000
2022-04-19 15:09:00,200,200,200,200,17800
2022-04-19 15:10:00,200,200,200,200,17500
2022-04-19 15:11:00,200,200,200,200,6100
2022-04-19 15:12:00,200,200,200,200,17600
2022-04-19 15:13:00,200,200,200,200,23900
2022-04-19 15:14:00,200,200,200,200,111000
2022-04-19 15:15:00,200,200,200,200,0
2022-04-19 15:16:00,200,200,200,200,0
2022-04-19 15:17:00,200,200,200,200,0
2022-04-19 15:18:00,200,200,200,200,0
2022-04-19 15:19:00,200,200,200,200,0
2022-04-19 15:20:00,200,200,200,200,0
2022-04-19 15:21:00,200,200,200,200,0
2022-04-19 15:22:00,200,200,200,200,0
2022-04-19 15:23:00,200,200,200,200,0
2022-04-19 15:24:00,200,200,200,200,0
2022-04-19 15:25:00,200,200,200,200,0
2022-04-19 15:26:00,200,200,200,200,0
2022-04-19 15:27:00,200,200,200,200,0
2022-04-19 15:28:00,200,200,200,200,0
2022-04-19 15:29:00,200,200,200,200,0
2022-04-19 15:30:00,200,200,200,200,0
2022-04-19 15:31:00,200,200,200,200,0
2022-04-19 15:32:00,200,200,200,200,0
2022-04-19 15:33:00,200,200,200,200,0
2022-04-19 15:34:00,200,200,200,200,0
2022-04-19 15:35:00,200,200,200,200,0
2022-04-19 15:36:00,200,200,200,200,0
2022-04-19 15:37:00,200,200,200,200,0
2022-04-19 15:38:00,200,200,200,200,0
2022-04-19 15:39:00,200,200,200,200,0
2022-04-19 15:40:00,200,200,200,200,0
2022-04-19 15:41:00,200,200,200,200,0
2022-04-19 15:42:00,200,200,200,200,0
2022-04-19 15:43:00,200,200,200,200,0
2022-04-19 15:44:00,200,200,200,200,0
2022-04-19 15:45:00,200,200,200,200,0
2022-04-19 15:46:00,200,200,200,200,0
2022-04-19 15:47:00,200,200,200,200,0
2022-04-19 15:48:00,200,200,200,200,0
2022-04-19 15:49:00,200,200,200,200,0
2022-04-19 15:50:00,200,200,200,200,0
2022-04-19 15:51:00,200,200,200,200,0
2022-04-19 15:52:00,200,200,200,200,0
2022-04-19 15:53:00,200,200,200,200,0
2022-04-19 15:54:00,200,200,200,200,0
2022-04-19 15:55:00,200,200,200,200,0
2022-04-19 15:56:00,200,200,200,200,0
2022-04-19 15:57:00,200,200,200,200,0
2022-04-19 15:58:00,200,200,200,200,0
2022-04-19 15:59:00,200,200,200,200,0
2022-04-20 09:00:00,200,200,202,200,0
2022-04-20 09:01:00,200,199,202,200,620100
2022-04-20 09:02:00,200,200,202,200,309100
2022-04-20 09:03:00,200,199,202,200,181400
2022-04-20 09:04:00,200,199,202,200,0
2022-04-20 09:05:00,200,199,200,200,342800
2022-04-20 09:06:00,200,199,200,199,170700
2022-04-20 09:07:00,199,198,200,198,78600
2022-04-20 09:08:00,199,198,199,198,167500
2022-04-20 09:09:00,198,198,199,199,147800
2022-04-20 09:10:00,199,197,199,198,441900
2022-04-20 09:11:00,197,197,198,198,501100
2022-04-20 09:12:00,198,197,198,197,128500
2022-04-20 09:13:00,197,196,197,196,795000
2022-04-20 09:14:00,196,196,198,198,756500
2022-04-20 09:15:00,197,197,198,197,120100
2022-04-20 09:16:00,197,197,198,197,10700
2022-04-20 09:17:00,198,197,198,197,10900
2022-04-20 09:18:00,197,197,197,197,21300
2022-04-20 09:19:00,198,197,198,198,73100
2022-04-20 09:20:00,198,197,198,198,16700
2022-04-20 09:21:00,197,197,198,197,9900
2022-04-20 09:22:00,197,197,197,197,97800
2022-04-20 09:23:00,197,197,197,197,1200
2022-04-20 09:24:00,197,197,197,197,25100
2022-04-20 09:25:00,197,197,198,197,44600
2022-04-20 09:26:00,197,197,198,197,23000
2022-04-20 09:27:00,197,197,197,197,70000
2022-04-20 09:28:00,197,197,198,198,51200
2022-04-20 09:29:00,198,197,198,197,22400
2022-04-20 09:30:00,198,198,198,198,138800
2022-04-20 09:31:00,198,197,198,197,97900
2022-04-20 09:32:00,197,197,197,197,60000
2022-04-20 09:33:00,197,197,198,198,29900
2022-04-20 09:34:00,198,197,198,197,23400
2022-04-20 09:35:00,197,197,198,198,7800
2022-04-20 09:36:00,198,198,198,198,13300
2022-04-20 09:37:00,198,198,198,198,3600
2022-04-20 09:38:00,198,198,198,198,0
2022-04-20 09:39:00,198,197,198,197,19300
2022-04-20 09:40:00,197,197,197,197,1165000
2022-04-20 09:41:00,197,197,197,197,60900
2022-04-20 09:42:00,196,196,196,196,39600
2022-04-20 09:43:00,196,196,197,196,56000
2022-04-20 09:44:00,196,196,197,197,95100
2022-04-20 09:45:00,196,196,197,197,0
2022-04-20 09:46:00,197,197,197,197,3900
2022-04-20 09:47:00,197,196,197,197,27400
2022-04-20 09:48:00,197,197,197,197,30000
2022-04-20 09:49:00,197,197,197,197,4500
2022-04-20 09:50:00,196,196,198,198,471600
2022-04-20 09:51:00,197,197,198,197,719400
2022-04-20 09:52:00,197,197,198,197,0
2022-04-20 09:53:00,197,197,197,197,1100
2022-04-20 09:54:00,197,197,197,197,800
2022-04-20 09:55:00,197,196,197,196,15200
2022-04-20 09:56:00,197,197,197,197,500
2022-04-20 09:57:00,196,196,196,196,7700
2022-04-20 09:58:00,197,196,197,196,10600
2022-04-20 09:59:00,196,196,196,196,35800
2022-04-20 10:00:00,196,196,196,196,100300
2022-04-20 10:01:00,196,196,197,196,337900
2022-04-20 10:02:00,196,196,197,196,797400
2022-04-20 10:03:00,196,196,197,196,173500
2022-04-20 10:04:00,196,196,196,196,11300
2022-04-20 10:05:00,196,195,196,196,358100
2022-04-20 10:06:00,196,195,197,196,69400
2022-04-20 10:07:00,196,196,198,198,1071700
2022-04-20 10:08:00,198,196,199,199,343500
2022-04-20 10:09:00,198,198,199,198,21900
2022-04-20 10:10:00,198,197,198,198,59300
2022-04-20 10:11:00,198,198,198,198,100
2022-04-20 10:12:00,198,198,198,198,50300
2022-04-20 10:13:00,198,198,198,198,0
2022-04-20 10:14:00,198,198,198,198,61100
2022-04-20 10:15:00,198,198,198,198,0
2022-04-20 10:16:00,198,198,199,199,583800
2022-04-20 10:17:00,199,199,199,199,520800
2022-04-20 10:18:00,198,198,199,198,12500
2022-04-20 10:19:00,198,198,200,200,1045000
2022-04-20 10:20:00,200,200,202,202,6400
2022-04-20 10:21:00,200,200,202,200,285700
2022-04-20 10:22:00,200,200,200,200,68900
2022-04-20 10:23:00,202,200,202,200,21800
2022-04-20 10:24:00,200,200,200,200,2500
2022-04-20 10:25:00,200,200,200,200,2000
2022-04-20 10:26:00,202,202,202,202,10100
2022-04-20 10:27:00,200,200,200,200,140400
2022-04-20 10:28:00,200,200,200,200,9200
2022-04-20 10:29:00,200,199,200,199,272900
2022-04-20 10:30:00,199,199,199,199,4500
2022-04-20 10:31:00,199,199,199,199,0
2022-04-20 10:32:00,199,199,199,199,85400
2022-04-20 10:33:00,199,199,199,199,0
2022-04-20 10:34:00,199,199,199,199,20800
2022-04-20 10:35:00,199,199,199,199,0
2022-04-20 10:36:00,199,199,199,199,5200
2022-04-20 10:37:00,199,199,199,199,0
2022-04-20 10:38:00,198,198,198,198,228000
2022-04-20 10:39:00,198,198,198,198,76500
2022-04-20 10:40:00,198,198,198,198,10700
2022-04-20 10:41:00,199,199,199,199,500
2022-04-20 10:42:00,199,198,199,198,3200
2022-04-20 10:43:00,198,198,199,198,15400
2022-04-20 10:44:00,197,197,197,197,100
2022-04-20 10:45:00,198,198,198,198,500
2022-04-20 10:46:00,198,198,198,198,8700
2022-04-20 10:47:00,198,198,198,198,0
2022-04-20 10:48:00,197,197,197,197,21500
2022-04-20 10:49:00,197,197,197,197,0
2022-04-20 10:50:00,197,197,197,197,0
2022-04-20 10:51:00,197,197,197,197,0
2022-04-20 10:52:00,197,197,197,197,0
2022-04-20 10:53:00,197,197,197,197,2200
2022-04-20 10:54:00,197,197,198,198,7000
2022-04-20 10:55:00,198,198,198,198,6500
2022-04-20 10:56:00,198,198,198,198,12500
2022-04-20 10:57:00,197,197,197,197,27700
2022-04-20 10:58:00,197,197,197,197,2000
2022-04-20 10:59:00,197,197,197,197,15200
2022-04-20 11:00:00,197,197,197,197,200
2022-04-20 11:01:00,197,197,197,197,1000
2022-04-20 11:02:00,197,197,197,197,5000
2022-04-20 11:03:00,197,197,197,197,2000
2022-04-20 11:04:00,198,198,198,198,2500
2022-04-20 11:05:00,197,197,197,197,1700
2022-04-20 11:06:00,197,197,198,197,225200
2022-04-20 11:07:00,197,197,197,197,5000
2022-04-20 11:08:00,197,197,197,197,0
2022-04-20 11:09:00,197,197,197,197,0
2022-04-20 11:10:00,197,197,197,197,186900
2022-04-20 11:11:00,197,197,197,197,3000
2022-04-20 11:12:00,197,197,197,197,500
2022-04-20 11:13:00,198,198,198,198,146900
2022-04-20 11:14:00,198,198,198,198,18800
2022-04-20 11:15:00,198,198,198,198,16000
2022-04-20 11:16:00,197,197,197,197,3000
2022-04-20 11:17:00,198,198,198,198,200
2022-04-20 11:18:00,198,197,198,197,400
2022-04-20 11:19:00,197,197,198,198,105800
2022-04-20 11:20:00,198,198,198,198,5100
2022-04-20 11:21:00,198,198,198,198,65900
2022-04-20 11:22:00,198,198,198,198,100
2022-04-20 11:23:00,198,197,198,198,69900
2022-04-20 11:24:00,197,197,198,198,247800
2022-04-20 11:25:00,197,197,197,197,18800
2022-04-20 11:26:00,197,197,197,197,176500
2022-04-20 11:27:00,197,197,198,197,17900
2022-04-20 11:28:00,197,197,197,197,23300
2022-04-20 11:29:00,197,197,197,197,18100
2022-04-20 11:30:00,197,197,197,197,0
2022-04-20 11:31:00,197,197,197,197,0
2022-04-20 11:32:00,197,197,197,197,0
2022-04-20 11:33:00,197,197,197,197,0
2022-04-20 11:34:00,197,197,197,197,0
2022-04-20 11:35:00,197,197,197,197,0
2022-04-20 11:36:00,197,197,197,197,0
2022-04-20 11:37:00,197,197,197,197,0
2022-04-20 11:38:00,197,197,197,197,0
2022-04-20 11:39:00,197,197,197,197,0
2022-04-20 11:40:00,197,197,197,197,0
2022-04-20 11:41:00,197,197,197,197,0
2022-04-20 11:42:00,197,197,197,197,0
2022-04-20 11:43:00,197,197,197,197,0
2022-04-20 11:44:00,197,197,197,197,0
2022-04-20 11:45:00,197,197,197,197,0
2022-04-20 11:46:00,197,197,197,197,0
2022-04-20 11:47:00,197,197,197,197,0
2022-04-20 11:48:00,197,197,197,197,0
2022-04-20 11:49:00,197,197,197,197,0
2022-04-20 11:50:00,197,197,197,197,0
2022-04-20 11:51:00,197,197,197,197,0
2022-04-20 11:52:00,197,197,197,197,0
2022-04-20 11:53:00,197,197,197,197,0
2022-04-20 11:54:00,197,197,197,197,0
2022-04-20 11:55:00,197,197,197,197,0
2022-04-20 11:56:00,197,197,197,197,0
2022-04-20 11:57:00,197,197,197,197,0
2022-04-20 11:58:00,197,197,197,197,0
2022-04-20 11:59:00,197,197,197,197,0
2022-04-20 12:00:00,197,197,197,197,0
2022-04-20 12:01:00,197,197,197,197,0
2022-04-20 12:02:00,197,197,197,197,0
2022-04-20 12:03:00,197,197,197,197,0
2022-04-20 12:04:00,197,197,197,197,0
2022-04-20 12:05:00,197,197,197,197,0
2022-04-20 12:06:00,197,197,197,197,0
2022-04-20 12:07:00,197,197,197,197,0
2022-04-20 12:08:00,197,197,197,197,0
2022-04-20 12:09:00,197,197,197,197,0
2022-04-20 12:10:00,197,197,197,197,0
2022-04-20 12:11:00,197,197,197,197,0
2022-04-20 12:12:00,197,197,197,197,0
2022-04-20 12:13:00,197,197,197,197,0
2022-04-20 12:14:00,197,197,197,197,0
2022-04-20 12:15:00,197,197,197,197,0
2022-04-20 12:16:00,197,197,197,197,0
2022-04-20 12:17:00,197,197,197,197,0
2022-04-20 12:18:00,197,197,197,197,0
2022-04-20 12:19:00,197,197,197,197,0
2022-04-20 12:20:00,197,197,197,197,0
2022-04-20 12:21:00,197,197,197,197,0
2022-04-20 12:22:00,197,197,197,197,0
2022-04-20 12:23:00,197,197,197,197,0
2022-04-20 12:24:00,197,197,197,197,0
2022-04-20 12:25:00,197,197,197,197,0
2022-04-20 12:26:00,197,197,197,197,0
2022-04-20 12:27:00,197,197,197,197,0
2022-04-20 12:28:00,197,197,197,197,0
2022-04-20 12:29:00,197,197,197,197,0
2022-04-20 12:30:00,197,197,197,197,0
2022-04-20 12:31:00,197,197,197,197,0
2022-04-20 12:32:00,197,197,197,197,0
2022-04-20 12:33:00,197,197,197,197,0
2022-04-20 12:34:00,197,197,197,197,0
2022-04-20 12:35:00,197,197,197,197,0
2022-04-20 12:36:00,197,197,197,197,0
2022-04-20 12:37:00,197,197,197,197,0
2022-04-20 12:38:00,197,197,197,197,0
2022-04-20 12:39:00,197,197,197,197,0
2022-04-20 12:40:00,197,197,197,197,0
2022-04-20 12:41:00,197,197,197,197,0
2022-04-20 12:42:00,197,197,197,197,0
2022-04-20 12:43:00,197,197,197,197,0
2022-04-20 12:44:00,197,197,197,197,0
2022-04-20 12:45:00,197,197,197,197,0
2022-04-20 12:46:00,197,197,197,197,0
2022-04-20 12:47:00,197,197,197,197,0
2022-04-20 12:48:00,197,197,197,197,0
2022-04-20 12:49:00,197,197,197,197,0
2022-04-20 12:50:00,197,197,197,197,0
2022-04-20 12:51:00,197,197,197,197,0
2022-04-20 12:52:00,197,197,197,197,0
2022-04-20 12:53:00,197,197,197,197,0
2022-04-20 12:54:00,197,197,197,197,0
2022-04-20 12:55:00,197,197,197,197,0
2022-04-20 12:56:00,197,197,197,197,0
2022-04-20 12:57:00,197,197,197,197,0
2022-04-20 12:58:00,197,197,197,197,0
2022-04-20 12:59:00,197,197,197,197,0
2022-04-20 13:00:00,197,197,197,197,0
2022-04-20 13:01:00,197,197,197,197,0
2022-04-20 13:02:00,197,197,197,197,0
2022-04-20 13:03:00,197,197,197,197,0
2022-04-20 13:04:00,197,197,197,197,0
2022-04-20 13:05:00,197,197,197,197,0
2022-04-20 13:06:00,197,197,197,197,0
2022-04-20 13:07:00,197,197,197,197,0
2022-04-20 13:08:00,197,197,197,197,0
2022-04-20 13:09:00,197,197,197,197,0
2022-04-20 13:10:00,197,197,197,197,0
2022-04-20 13:11:00,197,197,197,197,0
2022-04-20 13:12:00,197,197,197,197,0
2022-04-20 13:13:00,197,197,197,197,0
2022-04-20 13:14:00,197,197,197,197,0
2022-04-20 13:15:00,197,197,197,197,0
2022-04-20 13:16:00,197,197,197,197,0
2022-04-20 13:17:00,197,197,197,197,0
2022-04-20 13:18:00,197,197,197,197,0
2022-04-20 13:19:00,197,197,197,197,0
2022-04-20 13:20:00,197,197,197,197,0
2022-04-20 13:21:00,197,197,197,197,0
2022-04-20 13:22:00,197,197,197,197,0
2022-04-20 13:23:00,197,197,197,197,0
2022-04-20 13:24:00,197,197,197,197,0
2022-04-20 13:25:00,197,197,197,197,0
2022-04-20 13:26:00,197,197,197,197,0
2022-04-20 13:27:00,197,197,197,197,0
2022-04-20 13:28:00,197,197,197,197,0
2022-04-20 13:29:00,197,197,197,197,0
2022-04-20 13:30:00,197,196,197,197,912300
2022-04-20 13:31:00,197,197,198,198,48900
2022-04-20 13:32:00,198,198,198,198,4400
2022-04-20 13:33:00,198,198,198,198,0
2022-04-20 13:34:00,198,198,198,198,0
2022-04-20 13:35:00,197,197,197,197,163700
2022-04-20 13:36:00,197,197,197,197,10500
2022-04-20 13:37:00,198,197,198,197,56500
2022-04-20 13:38:00,198,198,198,198,88100
2022-04-20 13:39:00,197,197,197,197,1400
2022-04-20 13:40:00,197,197,197,197,3000
2022-04-20 13:41:00,197,197,197,197,6000
2022-04-20 13:42:00,197,197,197,197,18300
2022-04-20 13:43:00,197,197,197,197,12000
2022-04-20 13:44:00,197,197,197,197,28500
2022-04-20 13:45:00,197,197,197,197,0
2022-04-20 13:46:00,197,197,197,197,4800
2022-04-20 13:47:00,197,197,197,197,0
2022-04-20 13:48:00,197,197,197,197,100
2022-04-20 13:49:00,196,196,196,196,2600
2022-04-20 13:50:00,196,196,196,196,1000
2022-04-20 13:51:00,196,196,196,196,0
2022-04-20 13:52:00,197,197,197,197,54500
2022-04-20 13:53:00,197,196,197,197,12800
2022-04-20 13:54:00,197,197,197,197,11000
2022-04-20 13:55:00,196,196,197,197,89000
2022-04-20 13:56:00,196,196,197,197,0
2022-04-20 13:57:00,196,196,196,196,100
2022-04-20 13:58:00,196,196,196,196,100
2022-04-20 13:59:00,196,196,196,196,27300
2022-04-20 14:00:00,196,196,196,196,1000
2022-04-20 14:01:00,196,196,196,196,0
2022-04-20 14:02:00,196,196,197,197,2800
2022-04-20 14:03:00,196,196,197,197,0
2022-04-20 14:04:00,196,196,197,197,0
2022-04-20 14:05:00,196,196,197,197,0
2022-04-20 14:06:00,196,196,197,197,0
2022-04-20 14:07:00,197,197,197,197,200
2022-04-20 14:08:00,197,197,197,197,0
2022-04-20 14:09:00,197,197,197,197,5200
2022-04-20 14:10:00,197,197,197,197,0
2022-04-20 14:11:00,196,196,196,196,6700
2022-04-20 14:12:00,196,196,196,196,4500
2022-04-20 14:13:00,196,196,196,196,0
2022-04-20 14:14:00,196,196,197,196,92400
2022-04-20 14:15:00,196,196,197,197,27600
2022-04-20 14:16:00,197,197,197,197,2100
2022-04-20 14:17:00,196,196,196,196,2000
2022-04-20 14:18:00,196,196,196,196,6700
2022-04-20 14:19:00,196,196,196,196,0
2022-04-20 14:20:00,196,196,196,196,0
2022-04-20 14:21:00,196,196,196,196,0
2022-04-20 14:22:00,196,196,196,196,0
2022-04-20 14:23:00,196,196,196,196,500
2022-04-20 14:24:00,196,196,196,196,152700
2022-04-20 14:25:00,196,196,196,196,103500
2022-04-20 14:26:00,196,196,196,196,200
2022-04-20 14:27:00,196,196,196,196,100
2022-04-20 14:28:00,196,196,197,197,320900
2022-04-20 14:29:00,197,197,197,197,2500
2022-04-20 14:30:00,197,197,197,197,8000
2022-04-20 14:31:00,197,197,197,197,51000
2022-04-20 14:32:00,197,197,197,197,100
2022-04-20 14:33:00,197,197,197,197,114600
2022-04-20 14:34:00,197,197,197,197,5800
2022-04-20 14:35:00,197,196,197,196,9000
2022-04-20 14:36:00,197,196,197,196,0
2022-04-20 14:37:00,197,196,197,196,0
2022-04-20 14:38:00,197,197,197,197,100
2022-04-20 14:39:00,197,197,197,197,1000
2022-04-20 14:40:00,197,197,197,197,245100
2022-04-20 14:41:00,197,196,197,196,60500
2022-04-20 14:42:00,196,196,197,197,29000
2022-04-20 14:43:00,196,196,197,197,25600
2022-04-20 14:44:00,196,196,197,197,27400
2022-04-20 14:45:00,197,196,197,196,20500
2022-04-20 14:46:00,196,196,197,196,576200
2022-04-20 14:47:00,196,196,197,197,42100
2022-04-20 14:48:00,197,196,197,196,33000
2022-04-20 14:49:00,196,196,197,197,91700
2022-04-20 14:50:00,196,196,197,197,0
2022-04-20 14:51:00,196,196,197,197,0
2022-04-20 14:52:00,196,196,197,197,0
2022-04-20 14:53:00,196,196,197,197,0
2022-04-20 14:54:00,196,196,197,197,0
2022-04-20 14:55:00,196,196,197,197,0
2022-04-20 14:56:00,196,196,197,197,0
2022-04-20 14:57:00,196,196,197,197,0
2022-04-20 14:58:00,196,196,197,197,0
2022-04-20 14:59:00,196,196,197,197,0
2022-04-20 15:00:00,197,197,197,197,1509000
2022-04-20 15:01:00,197,197,197,197,157000
2022-04-20 15:02:00,197,197,197,197,16000
2022-04-20 15:03:00,197,197,197,197,3000
2022-04-20 15:04:00,197,197,197,197,862900
2022-04-20 15:05:00,197,197,197,197,190000
2022-04-20 15:06:00,197,197,197,197,0
2022-04-20 15:07:00,197,197,197,197,300000
2022-04-20 15:08:00,197,197,197,197,0
2022-04-20 15:09:00,197,197,197,197,100000
2022-04-20 15:10:00,197,197,197,197,0
2022-04-20 15:11:00,197,197,197,197,0
2022-04-20 15:12:00,197,197,197,197,15000
2022-04-20 15:13:00,197,197,197,197,7800
2022-04-20 15:14:00,197,197,197,197,0
2022-04-20 15:15:00,197,197,197,197,0
2022-04-20 15:16:00,197,197,197,197,0
2022-04-20 15:17:00,197,197,197,197,0
2022-04-20 15:18:00,197,197,197,197,0
2022-04-20 15:19:00,197,197,197,197,0
2022-04-20 15:20:00,197,197,197,197,0
2022-04-20 15:21:00,197,197,197,197,0
2022-04-20 15:22:00,197,197,197,197,0
2022-04-20 15:23:00,197,197,197,197,0
2022-04-20 15:24:00,197,197,197,197,0
2022-04-20 15:25:00,197,197,197,197,0
2022-04-20 15:26:00,197,197,197,197,0
2022-04-20 15:27:00,197,197,197,197,0
2022-04-20 15:28:00,197,197,197,197,0
2022-04-20 15:29:00,197,197,197,197,0
2022-04-20 15:30:00,197,197,197,197,0
2022-04-20 15:31:00,197,197,197,197,0
2022-04-20 15:32:00,197,197,197,197,0
2022-04-20 15:33:00,197,197,197,197,0
2022-04-20 15:34:00,197,197,197,197,0
2022-04-20 15:35:00,197,197,197,197,0
2022-04-20 15:36:00,197,197,197,197,0
2022-04-20 15:37:00,197,197,197,197,0
2022-04-20 15:38:00,197,197,197,197,0
2022-04-20 15:39:00,197,197,197,197,0
2022-04-20 15:40:00,197,197,197,197,0
2022-04-20 15:41:00,197,197,197,197,0
2022-04-20 15:42:00,197,197,197,197,0
2022-04-20 15:43:00,197,197,197,197,0
2022-04-20 15:44:00,197,197,197,197,0
2022-04-20 15:45:00,197,197,197,197,0
2022-04-20 15:46:00,197,197,197,197,0
2022-04-20 15:47:00,197,197,197,197,0
2022-04-20 15:48:00,197,197,197,197,0
2022-04-20 15:49:00,197,197,197,197,0
2022-04-20 15:50:00,197,197,197,197,0
2022-04-20 15:51:00,197,197,197,197,0
2022-04-20 15:52:00,197,197,197,197,0
2022-04-20 15:53:00,197,197,197,197,0
2022-04-20 15:54:00,197,197,197,197,0
2022-04-20 15:55:00,197,197,197,197,0
2022-04-20 15:56:00,197,197,197,197,0
2022-04-20 15:57:00,197,197,197,197,0
2022-04-20 15:58:00,197,197,197,197,0
2022-04-20 15:59:00,197,197,197,197,0
2022-04-21 09:00:00,197,197,197,197,0
2022-04-21 09:01:00,197,197,197,197,0
2022-04-21 09:02:00,197,197,197,197,0
2022-04-21 09:03:00,197,197,197,197,0
2022-04-21 09:04:00,197,197,197,197,0
2022-04-21 09:05:00,197,197,197,197,0
2022-04-21 09:06:00,197,197,197,197,0
2022-04-21 09:07:00,197,197,197,197,0
2022-04-21 09:08:00,197,197,197,197,0
2022-04-21 09:09:00,197,197,197,197,0
2022-04-21 09:10:00,197,197,197,197,0
2022-04-21 09:11:00,197,197,197,197,0
2022-04-21 09:12:00,197,197,197,197,0
2022-04-21 09:13:00,197,197,197,197,0
2022-04-21 09:14:00,197,197,197,197,0
2022-04-21 09:15:00,197,197,197,197,0
2022-04-21 09:16:00,197,197,197,197,0
2022-04-21 09:17:00,197,197,197,197,0
2022-04-21 09:18:00,197,197,197,197,0
2022-04-21 09:19:00,197,197,197,197,0
2022-04-21 09:20:00,197,197,197,197,0
2022-04-21 09:21:00,197,197,197,197,0
2022-04-21 09:22:00,197,197,197,197,0
2022-04-21 09:23:00,197,197,197,197,0
2022-04-21 09:24:00,197,197,197,197,0
2022-04-21 09:25:00,197,197,197,197,0
2022-04-21 09:26:00,197,197,197,197,0
2022-04-21 09:27:00,197,197,197,197,0
2022-04-21 09:28:00,197,197,197,197,0
2022-04-21 09:29:00,197,197,197,197,0
2022-04-21 09:30:00,197,197,197,197,0
2022-04-21 09:31:00,197,197,197,197,0
2022-04-21 09:32:00,197,197,197,197,0
2022-04-21 09:33:00,197,197,197,197,0
2022-04-21 09:34:00,197,197,197,197,0
2022-04-21 09:35:00,197,197,197,197,0
2022-04-21 09:36:00,197,197,197,197,0
2022-04-21 09:37:00,197,197,197,197,0
2022-04-21 09:38:00,197,197,197,197,0
2022-04-21 09:39:00,197,197,197,197,0
2022-04-21 09:40:00,197,197,197,197,0
2022-04-21 09:41:00,197,197,197,197,0
2022-04-21 09:42:00,197,197,197,197,0
2022-04-21 09:43:00,197,197,197,197,0
2022-04-21 09:44:00,197,197,197,197,0
2022-04-21 09:45:00,197,197,197,197,0
2022-04-21 09:46:00,197,197,197,197,0
2022-04-21 09:47:00,197,197,197,197,0
2022-04-21 09:48:00,197,197,197,197,0
2022-04-21 09:49:00,197,197,197,197,0
2022-04-21 09:50:00,197,197,197,197,0
2022-04-21 09:51:00,197,197,197,197,0
2022-04-21 09:52:00,197,197,197,197,0
2022-04-21 09:53:00,197,197,197,197,0
2022-04-21 09:54:00,197,197,197,197,0
2022-04-21 09:55:00,197,197,197,197,0
2022-04-21 09:56:00,197,197,197,197,0
2022-04-21 09:57:00,197,197,197,197,0
2022-04-21 09:58:00,197,197,197,197,0
2022-04-21 09:59:00,197,197,197,197,0
2022-04-21 10:00:00,197,197,197,197,0
2022-04-21 10:01:00,197,197,197,197,0
2022-04-21 10:02:00,197,197,197,197,0
2022-04-21 10:03:00,197,197,197,197,0
2022-04-21 10:04:00,197,197,197,197,0
2022-04-21 10:05:00,197,197,197,197,0
2022-04-21 10:06:00,197,197,197,197,0
2022-04-21 10:07:00,197,197,197,197,0
2022-04-21 10:08:00,197,197,197,197,0
2022-04-21 10:09:00,197,197,197,197,0
2022-04-21 10:10:00,197,197,197,197,0
2022-04-21 10:11:00,197,197,197,197,0
2022-04-21 10:12:00,197,197,197,197,0
2022-04-21 10:13:00,200,200,200,200,3836100
2022-04-21 10:14:00,202,200,202,200,17900
2022-04-21 10:15:00,202,202,202,202,600
2022-04-21 10:16:00,202,202,202,202,0
2022-04-21 10:17:00,202,202,202,202,0
2022-04-21 10:18:00,200,200,200,200,125100
2022-04-21 10:19:00,200,199,200,199,1600100
2022-04-21 10:20:00,200,199,200,199,58300
2022-04-21 10:21:00,199,199,200,200,172000
2022-04-21 10:22:00,200,200,200,200,83300
2022-04-21 10:23:00,200,200,200,200,92500
2022-04-21 10:24:00,200,200,200,200,10000
2022-04-21 10:25:00,200,199,200,200,58600
2022-04-21 10:26:00,199,199,200,199,77000
2022-04-21 10:27:00,199,199,200,200,35300
2022-04-21 10:28:00,200,199,200,199,34900
2022-04-21 10:29:00,199,199,199,199,365000
2022-04-21 10:30:00,199,199,199,199,11800
2022-04-21 10:31:00,199,199,199,199,12700
2022-04-21 10:32:00,199,199,199,199,26700
2022-04-21 10:33:00,199,199,199,199,18200
2022-04-21 10:34:00,200,200,200,200,200
2022-04-21 10:35:00,200,200,200,200,8000
2022-04-21 10:36:00,200,199,200,199,17500
2022-04-21 10:37:00,199,199,199,199,162500
2022-04-21 10:38:00,199,199,200,200,68600
2022-04-21 10:39:00,200,200,200,200,4100
2022-04-21 10:40:00,199,199,199,199,100000
2022-04-21 10:41:00,199,199,200,200,43100
2022-04-21 10:42:00,200,200,200,200,2500
2022-04-21 10:43:00,200,200,200,200,500
2022-04-21 10:44:00,199,199,199,199,5000
2022-04-21 10:45:00,199,199,199,199,10000
2022-04-21 10:46:00,199,199,199,199,5000
2022-04-21 10:47:00,199,199,199,199,0
2022-04-21 10:48:00,199,199,199,199,10000
2022-04-21 10:49:00,199,199,199,199,800
2022-04-21 10:50:00,199,199,199,199,143500
2022-04-21 10:51:00,200,200,200,200,156500
2022-04-21 10:52:00,200,200,200,200,15000
2022-04-21 10:53:00,200,200,200,200,0
2022-04-21 10:54:00,199,199,199,199,102000
2022-04-21 10:55:00,199,199,199,199,0
2022-04-21 10:56:00,199,199,199,199,107600
2022-04-21 10:57:00,199,199,199,199,0
2022-04-21 10:58:00,199,199,199,199,0
2022-04-21 10:59:00,199,199,199,199,35000
2022-04-21 11:00:00,199,199,199,199,107400
2022-04-21 11:01:00,199,199,199,199,200
2022-04-21 11:02:00,199,199,199,199,3500
2022-04-21 11:03:00,199,198,199,198,74100
2022-04-21 11:04:00,198,198,198,198,100
2022-04-21 11:05:00,198,198,198,198,567300
2022-04-21 11:06:00,198,198,200,200,330700
2022-04-21 11:07:00,200,200,200,200,600
2022-04-21 11:08:00,199,199,199,199,50000
2022-04-21 11:09:00,199,199,199,199,24500
2022-04-21 11:10:00,199,199,199,199,50000
2022-04-21 11:11:00,199,199,199,199,0
2022-04-21 11:12:00,199,199,199,199,101000
2022-04-21 11:13:00,199,199,199,199,81000
2022-04-21 11:14:00,199,199,199,199,11000
2022-04-21 11:15:00,199,199,199,199,401000
2022-04-21 11:16:00,199,199,199,199,7000
2022-04-21 11:17:00,199,199,199,199,0
2022-04-21 11:18:00,199,199,199,199,0
2022-04-21 11:19:00,199,199,199,199,45000
2022-04-21 11:20:00,199,199,199,199,600
2022-04-21 11:21:00,199,199,199,199,10000
2022-04-21 11:22:00,199,199,199,199,800
2022-04-21 11:23:00,199,199,199,199,3000
2022-04-21 11:24:00,199,199,199,199,0
2022-04-21 11:25:00,199,199,199,199,119700
2022-04-21 11:26:00,199,199,199,199,63400
2022-04-21 11:27:00,199,198,199,198,3600
2022-04-21 11:28:00,198,198,198,198,20000
2022-04-21 11:29:00,199,199,199,199,90400
2022-04-21 11:30:00,199,199,199,199,0
2022-04-21 11:31:00,199,199,199,199,0
2022-04-21 11:32:00,199,199,199,199,0
2022-04-21 11:33:00,199,199,199,199,0
2022-04-21 11:34:00,199,199,199,199,0
2022-04-21 11:35:00,199,199,199,199,0
2022-04-21 11:36:00,199,199,199,199,0
2022-04-21 11:37:00,199,199,199,199,0
2022-04-21 11:38:00,199,199,199,199,0
2022-04-21 11:39:00,199,199,199,199,0
2022-04-21 11:40:00,199,199,199,199,0
2022-04-21 11:41:00,199,199,199,199,0
2022-04-21 11:42:00,199,199,199,199,0
2022-04-21 11:43:00,199,199,199,199,0
2022-04-21 11:44:00,199,199,199,199,0
2022-04-21 11:45:00,199,199,199,199,0
2022-04-21 11:46:00,199,199,199,199,0
2022-04-21 11:47:00,199,199,199,199,0
2022-04-21 11:48:00,199,199,199,199,0
2022-04-21 11:49:00,199,199,199,199,0
2022-04-21 11:50:00,199,199,199,199,0
2022-04-21 11:51:00,199,199,199,199,0
2022-04-21 11:52:00,199,199,199,199,0
2022-04-21 11:53:00,199,199,199,199,0
2022-04-21 11:54:00,199,199,199,199,0
2022-04-21 11:55:00,199,199,199,199,0
2022-04-21 11:56:00,199,199,199,199,0
2022-04-21 11:57:00,199,199,199,199,0
2022-04-21 11:58:00,199,199,199,199,0
2022-04-21 11:59:00,199,199,199,199,0
2022-04-21 12:00:00,199,199,199,199,0
2022-04-21 12:01:00,199,199,199,199,0
2022-04-21 12:02:00,199,199,199,199,0
2022-04-21 12:03:00,199,199,199,199,0
2022-04-21 12:04:00,199,199,199,199,0
2022-04-21 12:05:00,199,199,199,199,0
2022-04-21 12:06:00,199,199,199,199,0
2022-04-21 12:07:00,199,199,199,199,0
2022-04-21 12:08:00,199,199,199,199,0
2022-04-21 12:09:00,199,199,199,199,0
2022-04-21 12:10:00,199,199,199,199,0
2022-04-21 12:11:00,199,199,199,199,0
2022-04-21 12:12:00,199,199,199,199,0
2022-04-21 12:13:00,199,199,199,199,0
2022-04-21 12:14:00,199,199,199,199,0
2022-04-21 12:15:00,199,199,199,199,0
2022-04-21 12:16:00,199,199,199,199,0
2022-04-21 12:17:00,199,199,199,199,0
2022-04-21 12:18:00,199,199,199,199,0
2022-04-21 12:19:00,199,199,199,199,0
2022-04-21 12:20:00,199,199,199,199,0
2022-04-21 12:21:00,199,199,199,199,0
2022-04-21 12:22:00,199,199,199,199,0
2022-04-21 12:23:00,199,199,199,199,0
2022-04-21 12:24:00,199,199,199,199,0
2022-04-21 12:25:00,199,199,199,199,0
2022-04-21 12:26:00,199,199,199,199,0
2022-04-21 12:27:00,199,199,199,199,0
2022-04-21 12:28:00,199,199,199,199,0
2022-04-21 12:29:00,199,199,199,199,0
2022-04-21 12:30:00,199,199,199,199,0
2022-04-21 12:31:00,199,199,199,199,0
2022-04-21 12:32:00,199,199,199,199,0
2022-04-21 12:33:00,199,199,199,199,0
2022-04-21 12:34:00,199,199,199,199,0
2022-04-21 12:35:00,199,199,199,199,0
2022-04-21 12:36:00,199,199,199,199,0
2022-04-21 12:37:00,199,199,199,199,0
2022-04-21 12:38:00,199,199,199,199,0
2022-04-21 12:39:00,199,199,199,199,0
2022-04-21 12:40:00,199,199,199,199,0
2022-04-21 12:41:00,199,199,199,199,0
2022-04-21 12:42:00,199,199,199,199,0
2022-04-21 12:43:00,199,199,199,199,0
2022-04-21 12:44:00,199,199,199,199,0
2022-04-21 12:45:00,199,199,199,199,0
2022-04-21 12:46:00,199,199,199,199,0
2022-04-21 12:47:00,199,199,199,199,0
2022-04-21 12:48:00,199,199,199,199,0
2022-04-21 12:49:00,199,199,199,199,0
2022-04-21 12:50:00,199,199,199,199,0
2022-04-21 12:51:00,199,199,199,199,0
2022-04-21 12:52:00,199,199,199,199,0
2022-04-21 12:53:00,199,199,199,199,0
2022-04-21 12:54:00,199,199,199,199,0
2022-04-21 12:55:00,199,199,199,199,0
2022-04-21 12:56:00,199,199,199,199,0
2022-04-21 12:57:00,199,199,199,199,0
2022-04-21 12:58:00,199,199,199,199,0
2022-04-21 12:59:00,199,199,199,199,0
2022-04-21 13:00:00,199,199,199,199,0
2022-04-21 13:01:00,199,199,199,199,0
2022-04-21 13:02:00,199,199,199,199,0
2022-04-21 13:03:00,199,199,199,199,0
2022-04-21 13:04:00,199,199,199,199,0
2022-04-21 13:05:00,199,199,199,199,0
2022-04-21 13:06:00,199,199,199,199,0
2022-04-21 13:07:00,199,199,199,199,0
2022-04-21 13:08:00,199,199,199,199,0
2022-04-21 13:09:00,199,199,199,199,0
2022-04-21 13:10:00,199,199,199,199,0
2022-04-21 13:11:00,199,199,199,199,0
2022-04-21 13:12:00,199,199,199,199,0
2022-04-21 13:13:00,199,199,199,199,0
2022-04-21 13:14:00,199,199,199,199,0
2022-04-21 13:15:00,199,199,199,199,0
2022-04-21 13:16:00,199,199,199,199,0
2022-04-21 13:17:00,199,199,199,199,0
2022-04-21 13:18:00,199,199,199,199,0
2022-04-21 13:19:00,199,199,199,199,0
2022-04-21 13:20:00,199,199,199,199,0
2022-04-21 13:21:00,199,199,199,199,0
2022-04-21 13:22:00,199,199,199,199,0
2022-04-21 13:23:00,199,199,199,199,0
2022-04-21 13:24:00,199,199,199,199,0
2022-04-21 13:25:00,199,199,199,199,0
2022-04-21 13:26:00,199,199,199,199,0
2022-04-21 13:27:00,199,199,199,199,0
2022-04-21 13:28:00,199,199,199,199,0
2022-04-21 13:29:00,199,199,199,199,0
2022-04-21 13:30:00,200,199,200,199,72700
2022-04-21 13:31:00,199,199,199,199,17300
2022-04-21 13:32:00,199,199,199,199,25000
2022-04-21 13:33:00,199,199,199,199,0
2022-04-21 13:34:00,199,199,199,199,0
2022-04-21 13:35:00,199,199,199,199,100
2022-04-21 13:36:00,199,199,199,199,0
2022-04-21 13:37:00,199,199,199,199,113400
2022-04-21 13:38:00,199,199,199,199,600
2022-04-21 13:39:00,199,199,199,199,0
2022-04-21 13:40:00,200,200,200,200,10000
2022-04-21 13:41:00,200,200,200,200,0
2022-04-21 13:42:00,199,199,199,199,200
2022-04-21 13:43:00,200,199,200,199,10500
2022-04-21 13:44:00,200,199,200,199,0
2022-04-21 13:45:00,200,199,200,199,0
2022-04-21 13:46:00,199,199,199,199,5000
2022-04-21 13:47:00,199,199,199,199,0
2022-04-21 13:48:00,199,199,199,199,3700
2022-04-21 13:49:00,199,199,199,199,0
2022-04-21 13:50:00,199,199,199,199,5000
2022-04-21 13:51:00,199,199,199,199,0
2022-04-21 13:52:00,199,199,199,199,2500
2022-04-21 13:53:00,199,199,199,199,3500
2022-04-21 13:54:00,199,199,199,199,17000
2022-04-21 13:55:00,199,199,199,199,3700
2022-04-21 13:56:00,199,199,199,199,23600
2022-04-21 13:57:00,199,199,199,199,0
2022-04-21 13:58:00,199,199,199,199,200
2022-04-21 13:59:00,199,199,199,199,0
2022-04-21 14:00:00,199,199,199,199,4800
2022-04-21 14:01:00,199,199,199,199,0
2022-04-21 14:02:00,199,199,199,199,174100
2022-04-21 14:03:00,199,199,199,199,3000
2022-04-21 14:04:00,200,200,200,200,100
2022-04-21 14:05:00,200,200,200,200,0
2022-04-21 14:06:00,200,200,200,200,0
2022-04-21 14:07:00,200,200,200,200,0
2022-04-21 14:08:00,199,199,199,199,50000
2022-04-21 14:09:00,199,199,199,199,150000
2022-04-21 14:10:00,199,199,199,199,1000
2022-04-21 14:11:00,199,199,199,199,40500
2022-04-21 14:12:00,200,200,200,200,4000
2022-04-21 14:13:00,199,199,199,199,14000
2022-04-21 14:14:00,199,199,199,199,28000
2022-04-21 14:15:00,199,199,199,199,0
2022-04-21 14:16:00,199,198,199,199,31900
2022-04-21 14:17:00,199,198,199,199,0
2022-04-21 14:18:00,199,199,199,199,5000
2022-04-21 14:19:00,199,199,199,199,17500
2022-04-21 14:20:00,199,199,199,199,0
2022-04-21 14:21:00,199,199,199,199,100100
2022-04-21 14:22:00,199,199,199,199,18500
2022-04-21 14:23:00,199,199,199,199,10000
2022-04-21 14:24:00,198,198,198,198,1500
2022-04-21 14:25:00,198,198,199,199,3000
2022-04-21 14:26:00,198,198,198,198,6000
2022-04-21 14:27:00,199,199,199,199,2000
2022-04-21 14:28:00,199,198,199,198,23500
2022-04-21 14:29:00,199,199,199,199,1000
2022-04-21 14:30:00,199,198,199,198,151200
2022-04-21 14:31:00,198,198,198,198,25000
2022-04-21 14:32:00,198,198,199,199,2300
2022-04-21 14:33:00,198,198,199,199,0
2022-04-21 14:34:00,198,198,199,199,0
2022-04-21 14:35:00,198,198,199,199,515700
2022-04-21 14:36:00,198,198,199,199,0
2022-04-21 14:37:00,198,198,199,199,0
2022-04-21 14:38:00,198,198,199,199,0
2022-04-21 14:39:00,198,198,199,199,0
2022-04-21 14:40:00,198,198,199,199,0
2022-04-21 14:41:00,198,198,199,199,0
2022-04-21 14:42:00,198,197,198,198,110100
2022-04-21 14:43:00,198,198,198,198,20000
2022-04-21 14:44:00,197,197,197,197,600
2022-04-21 14:45:00,197,197,199,198,122600
2022-04-21 14:46:00,198,198,198,198,34800
2022-04-21 14:47:00,198,198,198,198,7500
2022-04-21 14:48:00,198,198,198,198,30700
2022-04-21 14:49:00,198,197,198,197,10600
2022-04-21 14:50:00,198,197,198,197,0
2022-04-21 14:51:00,198,197,198,197,0
2022-04-21 14:52:00,198,197,198,197,0
2022-04-21 14:53:00,198,197,198,197,0
2022-04-21 14:54:00,198,197,198,197,0
2022-04-21 14:55:00,198,197,198,197,0
2022-04-21 14:56:00,198,197,198,197,0
2022-04-21 14:57:00,198,197,198,197,0
2022-04-21 14:58:00,198,197,198,197,0
2022-04-21 14:59:00,198,197,198,197,0
2022-04-21 15:00:00,197,197,197,197,1471700
2022-04-21 15:01:00,197,197,197,197,255800
2022-04-21 15:02:00,197,197,197,197,53000
2022-04-21 15:03:00,197,197,197,197,0
2022-04-21 15:04:00,197,197,197,197,15200
2022-04-21 15:05:00,197,197,197,197,0
2022-04-21 15:06:00,197,197,197,197,0
2022-04-21 15:07:00,197,197,197,197,2000
2022-04-21 15:08:00,197,197,197,197,0
2022-04-21 15:09:00,197,197,197,197,17000
2022-04-21 15:10:00,197,197,197,197,3600
2022-04-21 15:11:00,197,197,197,197,1000
2022-04-21 15:12:00,197,197,197,197,0
2022-04-21 15:13:00,197,197,197,197,400000
2022-04-21 15:14:00,197,197,197,197,0
2022-04-21 15:15:00,197,197,197,197,0
2022-04-21 15:16:00,197,197,197,197,0
2022-04-21 15:17:00,197,197,197,197,0
2022-04-21 15:18:00,197,197,197,197,0
2022-04-21 15:19:00,197,197,197,197,0
2022-04-21 15:20:00,197,197,197,197,0
2022-04-21 15:21:00,197,197,197,197,0
2022-04-21 15:22:00,197,197,197,197,0
2022-04-21 15:23:00,197,197,197,197,0
2022-04-21 15:24:00,197,197,197,197,0
2022-04-21 15:25:00,197,197,197,197,0
2022-04-21 15:26:00,197,197,197,197,0
2022-04-21 15:27:00,197,197,197,197,0
2022-04-21 15:28:00,197,197,197,197,0
2022-04-21 15:29:00,197,197,197,197,0
2022-04-21 15:30:00,197,197,197,197,0
2022-04-21 15:31:00,197,197,197,197,0
2022-04-21 15:32:00,197,197,197,197,0
2022-04-21 15:33:00,197,197,197,197,0
2022-04-21 15:34:00,197,197,197,197,0
2022-04-21 15:35:00,197,197,197,197,0
2022-04-21 15:36:00,197,197,197,197,0
2022-04-21 15:37:00,197,197,197,197,0
2022-04-21 15:38:00,197,197,197,197,0
2022-04-21 15:39:00,197,197,197,197,0
2022-04-21 15:40:00,197,197,197,197,0
2022-04-21 15:41:00,197,197,197,197,0
2022-04-21 15:42:00,197,197,197,197,0
2022-04-21 15:43:00,197,197,197,197,0
2022-04-21 15:44:00,197,197,197,197,0
2022-04-21 15:45:00,197,197,197,197,0
2022-04-21 15:46:00,197,197,197,197,0
2022-04-21 15:47:00,197,197,197,197,0
2022-04-21 15:48:00,197,197,197,197,0
2022-04-21 15:49:00,197,197,197,197,0
2022-04-21 15:50:00,197,197,197,197,0
2022-04-21 15:51:00,197,197,197,197,0
2022-04-21 15:52:00,197,197,197,197,0
2022-04-21 15:53:00,197,197,197,197,0
2022-04-21 15:54:00,197,197,197,197,0
2022-04-21 15:55:00,197,197,197,197,0
2022-04-21 15:56:00,197,197,197,197,0
2022-04-21 15:57:00,197,197,197,197,0
2022-04-21 15:58:00,197,197,197,197,0
2022-04-21 15:59:00,197,197,197,197,0
2022-04-22 09:00:00,199,196,199,196,0
2022-04-22 09:01:00,197,196,197,196,134000
2022-04-22 09:02:00,196,196,196,196,1500
2022-04-22 09:03:00,195,195,196,196,143800
2022-04-22 09:04:00,196,196,197,197,162300
2022-04-22 09:05:00,197,197,197,197,15100
2022-04-22 09:06:00,197,196,197,196,84700
2022-04-22 09:07:00,197,196,197,197,17300
2022-04-22 09:08:00,196,195,197,197,105000
2022-04-22 09:09:00,196,195,197,197,0
2022-04-22 09:10:00,197,197,197,197,3700
2022-04-22 09:11:00,197,197,197,197,0
2022-04-22 09:12:00,196,196,196,196,25200
2022-04-22 09:13:00,196,193,196,194,858400
2022-04-22 09:14:00,194,194,194,194,80200
2022-04-22 09:15:00,194,194,196,196,20800
2022-04-22 09:16:00,195,194,195,195,130300
2022-04-22 09:17:00,195,195,195,195,65800
2022-04-22 09:18:00,195,195,196,196,167700
2022-04-22 09:19:00,195,195,197,196,200800
2022-04-22 09:20:00,196,196,196,196,15200
2022-04-22 09:21:00,196,196,196,196,56000
2022-04-22 09:22:00,196,196,196,196,85100
2022-04-22 09:23:00,195,195,196,196,40500
2022-04-22 09:24:00,195,195,196,196,0
2022-04-22 09:25:00,196,196,196,196,2500
2022-04-22 09:26:00,195,195,195,195,15000
2022-04-22 09:27:00,195,195,195,195,604800
2022-04-22 09:28:00,195,195,196,195,222300
2022-04-22 09:29:00,195,195,195,195,86100
2022-04-22 09:30:00,194,194,195,195,900
2022-04-22 09:31:00,195,195,195,195,102800
2022-04-22 09:32:00,195,195,195,195,33200
2022-04-22 09:33:00,195,194,195,194,18700
2022-04-22 09:34:00,195,194,195,194,14100
2022-04-22 09:35:00,194,194,194,194,5100
2022-04-22 09:36:00,195,195,195,195,1800
2022-04-22 09:37:00,195,194,195,195,58300
2022-04-22 09:38:00,195,195,195,195,3000
2022-04-22 09:39:00,195,195,195,195,500
2022-04-22 09:40:00,195,195,195,195,70000
2022-04-22 09:41:00,195,194,195,194,10500
2022-04-22 09:42:00,195,194,195,195,36300
2022-04-22 09:43:00,195,195,196,196,31000
2022-04-22 09:44:00,195,195,196,196,0
2022-04-22 09:45:00,195,195,195,195,5000
2022-04-22 09:46:00,195,195,195,195,0
2022-04-22 09:47:00,195,195,195,195,2500
2022-04-22 09:48:00,195,195,196,196,200
2022-04-22 09:49:00,195,195,196,196,0
2022-04-22 09:50:00,195,195,196,196,0
2022-04-22 09:51:00,195,195,196,196,0
2022-04-22 09:52:00,196,196,196,196,60200
2022-04-22 09:53:00,196,196,196,196,25000
2022-04-22 09:54:00,196,196,196,196,0
2022-04-22 09:55:00,195,195,195,195,5300
2022-04-22 09:56:00,195,195,195,195,5000
2022-04-22 09:57:00,195,195,195,195,103300
2022-04-22 09:58:00,195,195,195,195,17500
2022-04-22 09:59:00,195,195,195,195,10100
2022-04-22 10:00:00,195,195,195,195,0
2022-04-22 10:01:00,195,195,195,195,0
2022-04-22 10:02:00,195,195,195,195,0
2022-04-22 10:03:00,196,196,196,196,10000
2022-04-22 10:04:00,196,196,196,196,0
2022-04-22 10:05:00,196,195,196,195,2300
2022-04-22 10:06:00,195,193,195,193,878200
2022-04-22 10:07:00,196,193,196,193,61000
2022-04-22 10:08:00,194,194,194,194,2500
2022-04-22 10:09:00,194,194,194,194,0
2022-04-22 10:10:00,194,194,194,194,0
2022-04-22 10:11:00,194,194,194,194,100
2022-04-22 10:12:00,194,194,194,194,115100
2022-04-22 10:13:00,193,193,193,193,82500
2022-04-22 10:14:00,194,194,194,194,600
2022-04-22 10:15:00,194,194,194,194,0
2022-04-22 10:16:00,194,193,194,193,4200
2022-04-22 10:17:00,193,193,193,193,27500
2022-04-22 10:18:00,193,193,193,193,0
2022-04-22 10:19:00,193,193,193,193,3000
2022-04-22 10:20:00,193,193,193,193,0
2022-04-22 10:21:00,193,193,193,193,0
2022-04-22 10:22:00,194,193,194,193,164800
2022-04-22 10:23:00,194,193,194,193,29100
2022-04-22 10:24:00,193,193,193,193,15600
2022-04-22 10:25:00,194,194,194,194,200
2022-04-22 10:26:00,194,193,194,193,22100
2022-04-22 10:27:00,194,193,194,193,0
2022-04-22 10:28:00,193,193,193,193,32400
2022-04-22 10:29:00,193,193,193,193,4700
2022-04-22 10:30:00,193,193,193,193,215000
2022-04-22 10:31:00,193,193,193,193,4100
2022-04-22 10:32:00,193,193,193,193,3900
2022-04-22 10:33:00,193,193,194,193,129100
2022-04-22 10:34:00,192,192,193,193,411600
2022-04-22 10:35:00,193,192,193,192,360000
2022-04-22 10:36:00,193,193,193,193,1200
2022-04-22 10:37:00,193,193,193,193,1300
2022-04-22 10:38:00,192,192,192,192,300
2022-04-22 10:39:00,192,192,192,192,10000
2022-04-22 10:40:00,193,193,193,193,5000
2022-04-22 10:41:00,193,193,193,193,0
2022-04-22 10:42:00,192,192,192,192,7900
2022-04-22 10:43:00,192,192,192,192,2600
2022-04-22 10:44:00,192,192,193,193,149600
2022-04-22 10:45:00,192,192,193,193,0
2022-04-22 10:46:00,192,192,193,193,0
2022-04-22 10:47:00,192,192,192,192,116700
2022-04-22 10:48:00,192,192,193,193,134200
2022-04-22 10:49:00,192,192,193,193,0
2022-04-22 10:50:00,192,192,193,193,0
2022-04-22 10:51:00,192,192,193,193,0
2022-04-22 10:52:00,193,193,193,193,141000
2022-04-22 10:53:00,193,193,193,193,0
2022-04-22 10:54:00,193,193,193,193,0
2022-04-22 10:55:00,193,193,193,193,800
2022-04-22 10:56:00,193,193,193,193,2000
2022-04-22 10:57:00,193,193,193,193,1000
2022-04-22 10:58:00,193,193,193,193,0
2022-04-22 10:59:00,193,193,193,193,11400
2022-04-22 11:00:00,192,192,193,193,20200
2022-04-22 11:01:00,193,193,193,193,10200
2022-04-22 11:02:00,193,193,193,193,5000
2022-04-22 11:03:00,193,193,193,193,2600
2022-04-22 11:04:00,193,193,193,193,2600
2022-04-22 11:05:00,193,193,193,193,0
2022-04-22 11:06:00,192,192,192,192,41900
2022-04-22 11:07:00,192,192,192,192,0
2022-04-22 11:08:00,192,192,192,192,0
2022-04-22 11:09:00,192,192,192,192,5100
2022-04-22 11:10:00,192,192,192,192,0
2022-04-22 11:11:00,193,192,193,192,34000
2022-04-22 11:12:00,193,193,193,193,2000
2022-04-22 11:13:00,192,192,192,192,424500
2022-04-22 11:14:00,192,192,192,192,0
2022-04-22 11:15:00,191,191,191,191,87800
2022-04-22 11:16:00,191,191,191,191,90500
2022-04-22 11:17:00,191,191,191,191,827100
2022-04-22 11:18:00,190,190,191,191,107600
2022-04-22 11:19:00,191,191,191,191,29000
2022-04-22 11:20:00,191,191,191,191,10100
2022-04-22 11:21:00,191,191,191,191,170000
2022-04-22 11:22:00,191,191,191,191,0
2022-04-22 11:23:00,192,192,193,193,177900
2022-04-22 11:24:00,192,192,193,193,0
2022-04-22 11:25:00,193,193,193,193,400
2022-04-22 11:26:00,193,193,193,193,3000
2022-04-22 11:27:00,193,193,193,193,0
2022-04-22 11:28:00,193,193,193,193,0
2022-04-22 11:29:00,193,193,193,193,0
2022-04-22 11:30:00,193,193,193,193,0
2022-04-22 11:31:00,193,193,193,193,0
2022-04-22 11:32:00,193,193,193,193,0
2022-04-22 11:33:00,193,193,193,193,0
2022-04-22 11:34:00,193,193,193,193,0
2022-04-22 11:35:00,193,193,193,193,0
2022-04-22 11:36:00,193,193,193,193,0
2022-04-22 11:37:00,193,193,193,193,0
2022-04-22 11:38:00,193,193,193,193,0
2022-04-22 11:39:00,193,193,193,193,0
2022-04-22 11:40:00,193,193,193,193,0
2022-04-22 11:41:00,193,193,193,193,0
2022-04-22 11:42:00,193,193,193,193,0
2022-04-22 11:43:00,193,193,193,193,0
2022-04-22 11:44:00,193,193,193,193,0
2022-04-22 11:45:00,193,193,193,193,0
2022-04-22 11:46:00,193,193,193,193,0
2022-04-22 11:47:00,193,193,193,193,0
2022-04-22 11:48:00,193,193,193,193,0
2022-04-22 11:49:00,193,193,193,193,0
2022-04-22 11:50:00,193,193,193,193,0
2022-04-22 11:51:00,193,193,193,193,0
2022-04-22 11:52:00,193,193,193,193,0
2022-04-22 11:53:00,193,193,193,193,0
2022-04-22 11:54:00,193,193,193,193,0
2022-04-22 11:55:00,193,193,193,193,0
2022-04-22 11:56:00,193,193,193,193,0
2022-04-22 11:57:00,193,193,193,193,0
2022-04-22 11:58:00,193,193,193,193,0
2022-04-22 11:59:00,193,193,193,193,0
2022-04-22 12:00:00,193,193,193,193,0
2022-04-22 12:01:00,193,193,193,193,0
2022-04-22 12:02:00,193,193,193,193,0
2022-04-22 12:03:00,193,193,193,193,0
2022-04-22 12:04:00,193,193,193,193,0
2022-04-22 12:05:00,193,193,193,193,0
2022-04-22 12:06:00,193,193,193,193,0
2022-04-22 12:07:00,193,193,193,193,0
2022-04-22 12:08:00,193,193,193,193,0
2022-04-22 12:09:00,193,193,193,193,0
2022-04-22 12:10:00,193,193,193,193,0
2022-04-22 12:11:00,193,193,193,193,0
2022-04-22 12:12:00,193,193,193,193,0
2022-04-22 12:13:00,193,193,193,193,0
2022-04-22 12:14:00,193,193,193,193,0
2022-04-22 12:15:00,193,193,193,193,0
2022-04-22 12:16:00,193,193,193,193,0
2022-04-22 12:17:00,193,193,193,193,0
2022-04-22 12:18:00,193,193,193,193,0
2022-04-22 12:19:00,193,193,193,193,0
2022-04-22 12:20:00,193,193,193,193,0
2022-04-22 12:21:00,193,193,193,193,0
2022-04-22 12:22:00,193,193,193,193,0
2022-04-22 12:23:00,193,193,193,193,0
2022-04-22 12:24:00,193,193,193,193,0
2022-04-22 12:25:00,193,193,193,193,0
2022-04-22 12:26:00,193,193,193,193,0
2022-04-22 12:27:00,193,193,193,193,0
2022-04-22 12:28:00,193,193,193,193,0
2022-04-22 12:29:00,193,193,193,193,0
2022-04-22 12:30:00,193,193,193,193,0
2022-04-22 12:31:00,193,193,193,193,0
2022-04-22 12:32:00,193,193,193,193,0
2022-04-22 12:33:00,193,193,193,193,0
2022-04-22 12:34:00,193,193,193,193,0
2022-04-22 12:35:00,193,193,193,193,0
2022-04-22 12:36:00,193,193,193,193,0
2022-04-22 12:37:00,193,193,193,193,0
2022-04-22 12:38:00,193,193,193,193,0
2022-04-22 12:39:00,193,193,193,193,0
2022-04-22 12:40:00,193,193,193,193,0
2022-04-22 12:41:00,193,193,193,193,0
2022-04-22 12:42:00,193,193,193,193,0
2022-04-22 12:43:00,193,193,193,193,0
2022-04-22 12:44:00,193,193,193,193,0
2022-04-22 12:45:00,193,193,193,193,0
2022-04-22 12:46:00,193,193,193,193,0
2022-04-22 12:47:00,193,193,193,193,0
2022-04-22 12:48:00,193,193,193,193,0
2022-04-22 12:49:00,193,193,193,193,0
2022-04-22 12:50:00,193,193,193,193,0
2022-04-22 12:51:00,193,193,193,193,0
2022-04-22 12:52:00,193,193,193,193,0
2022-04-22 12:53:00,193,193,193,193,0
2022-04-22 12:54:00,193,193,193,193,0
2022-04-22 12:55:00,193,193,193,193,0
2022-04-22 12:56:00,193,193,193,193,0
2022-04-22 12:57:00,193,193,193,193,0
2022-04-22 12:58:00,193,193,193,193,0
2022-04-22 12:59:00,193,193,193,193,0
2022-04-22 13:00:00,193,193,193,193,0
2022-04-22 13:01:00,193,193,193,193,0
2022-04-22 13:02:00,193,193,193,193,0
2022-04-22 13:03:00,193,193,193,193,0
2022-04-22 13:04:00,193,193,193,193,0
2022-04-22 13:05:00,193,193,193,193,0
2022-04-22 13:06:00,193,193,193,193,0
2022-04-22 13:07:00,193,193,193,193,0
2022-04-22 13:08:00,193,193,193,193,0
2022-04-22 13:09:00,193,193,193,193,0
2022-04-22 13:10:00,193,193,193,193,0
2022-04-22 13:11:00,193,193,193,193,0
2022-04-22 13:12:00,193,193,193,193,0
2022-04-22 13:13:00,193,193,193,193,0
2022-04-22 13:14:00,193,193,193,193,0
2022-04-22 13:15:00,193,193,193,193,0
2022-04-22 13:16:00,193,193,193,193,0
2022-04-22 13:17:00,193,193,193,193,0
2022-04-22 13:18:00,193,193,193,193,0
2022-04-22 13:19:00,193,193,193,193,0
2022-04-22 13:20:00,193,193,193,193,0
2022-04-22 13:21:00,193,193,193,193,0
2022-04-22 13:22:00,193,193,193,193,0
2022-04-22 13:23:00,193,193,193,193,0
2022-04-22 13:24:00,193,193,193,193,0
2022-04-22 13:25:00,193,193,193,193,0
2022-04-22 13:26:00,193,193,193,193,0
2022-04-22 13:27:00,193,193,193,193,0
2022-04-22 13:28:00,193,193,193,193,0
2022-04-22 13:29:00,193,193,193,193,0
2022-04-22 13:30:00,193,193,193,193,0
2022-04-22 13:31:00,193,193,193,193,0
2022-04-22 13:32:00,193,193,193,193,0
2022-04-22 13:33:00,193,193,193,193,0
2022-04-22 13:34:00,193,193,193,193,0
2022-04-22 13:35:00,193,193,193,193,0
2022-04-22 13:36:00,193,193,193,193,0
2022-04-22 13:37:00,193,193,193,193,0
2022-04-22 13:38:00,193,193,193,193,0
2022-04-22 13:39:00,193,193,193,193,0
2022-04-22 13:40:00,193,193,193,193,0
2022-04-22 13:41:00,193,193,193,193,0
2022-04-22 13:42:00,193,193,193,193,0
2022-04-22 13:43:00,193,193,193,193,0
2022-04-22 13:44:00,193,193,193,193,0
2022-04-22 13:45:00,193,193,193,193,0
2022-04-22 13:46:00,193,193,193,193,0
2022-04-22 13:47:00,193,193,193,193,0
2022-04-22 13:48:00,193,193,193,193,0
2022-04-22 13:49:00,193,193,193,193,0
2022-04-22 13:50:00,193,193,193,193,0
2022-04-22 13:51:00,193,193,193,193,0
2022-04-22 13:52:00,193,193,193,193,0
2022-04-22 13:53:00,193,193,193,193,0
2022-04-22 13:54:00,193,193,193,193,0
2022-04-22 13:55:00,193,193,193,193,0
2022-04-22 13:56:00,193,193,193,193,0
2022-04-22 13:57:00,193,193,193,193,0
2022-04-22 13:58:00,193,193,193,193,0
2022-04-22 13:59:00,193,193,193,193,0
2022-04-22 14:00:00,193,193,193,193,0
2022-04-22 14:01:00,193,193,193,193,0
2022-04-22 14:02:00,193,193,193,193,0
2022-04-22 14:03:00,193,193,193,193,0
2022-04-22 14:04:00,193,193,193,193,0
2022-04-22 14:05:00,193,193,193,193,0
2022-04-22 14:06:00,193,193,193,193,0
2022-04-22 14:07:00,193,193,193,193,0
2022-04-22 14:08:00,193,193,193,193,0
2022-04-22 14:09:00,193,193,193,193,0
2022-04-22 14:10:00,193,193,193,193,0
2022-04-22 14:11:00,193,193,193,193,0
2022-04-22 14:12:00,193,193,193,193,0
2022-04-22 14:13:00,193,193,193,193,0
2022-04-22 14:14:00,193,193,193,193,0
2022-04-22 14:15:00,193,193,193,193,0
2022-04-22 14:16:00,193,193,193,193,0
2022-04-22 14:17:00,193,193,193,193,0
2022-04-22 14:18:00,193,193,193,193,0
2022-04-22 14:19:00,193,193,193,193,0
2022-04-22 14:20:00,193,193,193,193,0
2022-04-22 14:21:00,193,193,193,193,0
2022-04-22 14:22:00,193,193,193,193,0
2022-04-22 14:23:00,193,193,193,193,0
2022-04-22 14:24:00,193,193,193,193,0
2022-04-22 14:25:00,193,193,193,193,0
2022-04-22 14:26:00,193,193,193,193,0
2022-04-22 14:27:00,193,193,193,193,0
2022-04-22 14:28:00,193,193,193,193,0
2022-04-22 14:29:00,193,193,193,193,0
2022-04-22 14:30:00,193,193,193,193,0
2022-04-22 14:31:00,193,193,193,193,0
2022-04-22 14:32:00,193,193,193,193,0
2022-04-22 14:33:00,193,193,193,193,0
2022-04-22 14:34:00,193,193,193,193,0
2022-04-22 14:35:00,193,193,193,193,0
2022-04-22 14:36:00,193,193,193,193,0
2022-04-22 14:37:00,193,193,193,193,0
2022-04-22 14:38:00,193,193,193,193,0
2022-04-22 14:39:00,193,193,193,193,0
2022-04-22 14:40:00,193,193,193,193,0
2022-04-22 14:41:00,193,193,193,193,0
2022-04-22 14:42:00,193,193,193,193,0
2022-04-22 14:43:00,193,193,193,193,0
2022-04-22 14:44:00,193,193,193,193,0
2022-04-22 14:45:00,193,193,193,193,0
2022-04-22 14:46:00,193,193,193,193,0
2022-04-22 14:47:00,193,193,193,193,0
2022-04-22 14:48:00,193,193,193,193,0
2022-04-22 14:49:00,193,193,193,193,0
2022-04-22 14:50:00,193,193,193,193,0
2022-04-22 14:51:00,193,193,193,193,0
2022-04-22 14:52:00,193,193,193,193,0
2022-04-22 14:53:00,193,193,193,193,0
2022-04-22 14:54:00,193,193,193,193,0
2022-04-22 14:55:00,193,193,193,193,0
2022-04-22 14:56:00,193,193,193,193,0
2022-04-22 14:57:00,193,193,193,193,0
2022-04-22 14:58:00,193,193,193,193,0
2022-04-22 14:59:00,193,193,193,193,0
2022-04-22 15:00:00,193,193,193,193,0
2022-04-22 15:01:00,193,193,193,193,0
2022-04-22 15:02:00,193,193,193,193,0
2022-04-22 15:03:00,193,193,193,193,0
2022-04-22 15:04:00,193,193,193,193,0
2022-04-22 15:05:00,193,193,193,193,0
2022-04-22 15:06:00,193,193,193,193,0
2022-04-22 15:07:00,193,193,193,193,0
2022-04-22 15:08:00,193,193,193,193,0
2022-04-22 15:09:00,193,193,193,193,0
2022-04-22 15:10:00,193,193,193,193,0
2022-04-22 15:11:00,191,191,191,191,0
2022-04-22 15:12:00,191,191,191,191,0
2022-04-22 15:13:00,191,191,191,191,0
2022-04-22 15:14:00,191,191,191,191,0
2022-04-22 15:15:00,191,191,191,191,0
2022-04-22 15:16:00,191,191,191,191,0
2022-04-22 15:17:00,191,191,191,191,0
2022-04-22 15:18:00,191,191,191,191,0
2022-04-22 15:19:00,191,191,191,191,0
2022-04-22 15:20:00,191,191,191,191,0
2022-04-22 15:21:00,191,191,191,191,0
2022-04-22 15:22:00,191,191,191,191,0
2022-04-22 15:23:00,191,191,191,191,0
2022-04-22 15:24:00,191,191,191,191,0
2022-04-22 15:25:00,191,191,191,191,0
2022-04-22 15:26:00,191,191,191,191,0
2022-04-22 15:27:00,191,191,191,191,0
2022-04-22 15:28:00,191,191,191,191,0
2022-04-22 15:29:00,191,191,191,191,0
2022-04-22 15:30:00,191,191,191,191,0
2022-04-22 15:31:00,191,191,191,191,0
2022-04-22 15:32:00,191,191,191,191,0
2022-04-22 15:33:00,191,191,191,191,0
2022-04-22 15:34:00,191,191,191,191,0
2022-04-22 15:35:00,191,191,191,191,0
2022-04-22 15:36:00,191,191,191,191,0
2022-04-22 15:37:00,191,191,191,191,0
2022-04-22 15:38:00,191,191,191,191,0
2022-04-22 15:39:00,191,191,191,191,0
2022-04-22 15:40:00,191,191,191,191,0
2022-04-22 15:41:00,191,191,191,191,0
2022-04-22 15:42:00,191,191,191,191,0
2022-04-22 15:43:00,191,191,191,191,0
2022-04-22 15:44:00,191,191,191,191,0
2022-04-22 15:45:00,191,191,191,191,0
2022-04-22 15:46:00,191,191,191,191,0
2022-04-22 15:47:00,191,191,191,191,0
2022-04-22 15:48:00,191,191,191,191,0
2022-04-22 15:49:00,191,191,191,191,0
2022-04-22 15:50:00,191,191,191,191,0
2022-04-22 15:51:00,191,191,191,191,0
2022-04-22 15:52:00,191,191,191,191,0
2022-04-22 15:53:00,191,191,191,191,0
2022-04-22 15:54:00,191,191,191,191,0
2022-04-22 15:55:00,191,191,191,191,0
2022-04-22 15:56:00,191,191,191,191,0
2022-04-22 15:57:00,191,191,191,191,0
2022-04-22 15:58:00,191,191,191,191,0
2022-04-22 15:59:00,191,191,191,191,0
2022-04-25 09:00:00,191,189,191,189,0
2022-04-25 09:01:00,190,189,190,189,69000
2022-04-25 09:02:00,188,188,189,189,599500
2022-04-25 09:03:00,189,187,189,187,393600
2022-04-25 09:04:00,188,187,188,187,124100
2022-04-25 09:05:00,187,187,187,187,38700
2022-04-25 09:06:00,187,187,187,187,11200
2022-04-25 09:07:00,187,187,187,187,30000
2022-04-25 09:08:00,187,186,187,186,191500
2022-04-25 09:09:00,186,186,187,187,157300
2022-04-25 09:10:00,186,186,187,186,59000
2022-04-25 09:11:00,187,186,187,186,2900
2022-04-25 09:12:00,186,186,187,187,10600
2022-04-25 09:13:00,187,187,188,187,6500
2022-04-25 09:14:00,188,188,188,188,28500
2022-04-25 09:15:00,188,188,188,188,7200
2022-04-25 09:16:00,188,187,188,187,52100
2022-04-25 09:17:00,187,187,187,187,73600
2022-04-25 09:18:00,188,188,189,188,3100
2022-04-25 09:19:00,188,188,188,188,11100
2022-04-25 09:20:00,188,187,188,188,22500
2022-04-25 09:21:00,188,187,188,188,0
2022-04-25 09:22:00,188,187,188,187,3000
2022-04-25 09:23:00,188,187,188,187,1200
2022-04-25 09:24:00,187,187,187,187,250500
2022-04-25 09:25:00,187,187,187,187,13000
2022-04-25 09:26:00,187,187,187,187,5000
2022-04-25 09:27:00,187,187,187,187,3600
2022-04-25 09:28:00,187,187,187,187,0
2022-04-25 09:29:00,188,187,188,187,30300
2022-04-25 09:30:00,188,187,188,187,0
2022-04-25 09:31:00,187,187,188,188,7500
2022-04-25 09:32:00,187,187,188,188,0
2022-04-25 09:33:00,187,187,188,188,0
2022-04-25 09:34:00,187,187,187,187,12100
2022-04-25 09:35:00,188,187,188,187,600
2022-04-25 09:36:00,187,187,187,187,54600
2022-04-25 09:37:00,188,188,188,188,10900
2022-04-25 09:38:00,187,187,187,187,103500
2022-04-25 09:39:00,187,187,187,187,700
2022-04-25 09:40:00,187,187,187,187,5600
2022-04-25 09:41:00,188,188,188,188,6900
2022-04-25 09:42:00,187,187,187,187,200
2022-04-25 09:43:00,187,187,187,187,0
2022-04-25 09:44:00,187,187,188,188,2100
2022-04-25 09:45:00,187,187,187,187,3600
2022-04-25 09:46:00,187,187,187,187,9400
2022-04-25 09:47:00,187,187,188,188,35500
2022-04-25 09:48:00,187,187,187,187,100
2022-04-25 09:49:00,187,187,187,187,0
2022-04-25 09:50:00,187,187,187,187,0
2022-04-25 09:51:00,187,187,187,187,0
2022-04-25 09:52:00,187,187,187,187,0
2022-04-25 09:53:00,187,187,187,187,75300
2022-04-25 09:54:00,187,187,187,187,0
2022-04-25 09:55:00,187,187,187,187,1100
2022-04-25 09:56:00,187,187,187,187,100
2022-04-25 09:57:00,187,187,187,187,12500
2022-04-25 09:58:00,187,187,187,187,0
2022-04-25 09:59:00,187,187,187,187,0
2022-04-25 10:00:00,187,187,188,187,5300
2022-04-25 10:01:00,188,188,188,188,100
2022-04-25 10:02:00,188,188,188,188,0
2022-04-25 10:03:00,188,188,188,188,500
2022-04-25 10:04:00,188,188,188,188,5000
2022-04-25 10:05:00,188,188,188,188,0
2022-04-25 10:06:00,188,188,188,188,0
2022-04-25 10:07:00,188,188,188,188,300
2022-04-25 10:08:00,188,188,188,188,25000
2022-04-25 10:09:00,188,188,188,188,40100
2022-04-25 10:10:00,188,188,188,188,0
2022-04-25 10:11:00,188,188,188,188,0
2022-04-25 10:12:00,188,188,188,188,900
2022-04-25 10:13:00,188,188,188,188,0
2022-04-25 10:14:00,187,187,187,187,70000
2022-04-25 10:15:00,187,187,187,187,0
2022-04-25 10:16:00,187,187,187,187,0
2022-04-25 10:17:00,188,188,188,188,500
2022-04-25 10:18:00,187,187,187,187,500
2022-04-25 10:19:00,187,187,187,187,20500
2022-04-25 10:20:00,187,187,187,187,0
2022-04-25 10:21:00,187,187,187,187,3700
2022-04-25 10:22:00,188,188,188,188,100100
2022-04-25 10:23:00,187,187,188,188,11000
2022-04-25 10:24:00,187,187,188,188,0
2022-04-25 10:25:00,188,188,188,188,2000
2022-04-25 10:26:00,188,188,191,191,1000000
2022-04-25 10:27:00,188,188,191,191,0
2022-04-25 10:28:00,188,188,191,191,0
2022-04-25 10:29:00,188,188,191,191,0
2022-04-25 10:30:00,188,188,188,188,100
2022-04-25 10:31:00,188,188,188,188,0
2022-04-25 10:32:00,188,188,188,188,8000
2022-04-25 10:33:00,188,188,188,188,0
2022-04-25 10:34:00,188,188,188,188,25000
2022-04-25 10:35:00,189,189,189,189,7000
2022-04-25 10:36:00,191,191,191,191,100
2022-04-25 10:37:00,190,190,191,191,212600
2022-04-25 10:38:00,192,191,192,192,134300
2022-04-25 10:39:00,191,191,192,192,90900
2022-04-25 10:40:00,192,192,193,193,368500
2022-04-25 10:41:00,193,193,194,194,205300
2022-04-25 10:42:00,194,193,194,193,4000
2022-04-25 10:43:00,193,193,194,193,154700
2022-04-25 10:44:00,193,193,193,193,48500
2022-04-25 10:45:00,193,193,194,193,129400
2022-04-25 10:46:00,193,193,194,193,0
2022-04-25 10:47:00,193,193,193,193,232800
2022-04-25 10:48:00,193,193,193,193,100
2022-04-25 10:49:00,193,193,193,193,0
2022-04-25 10:50:00,193,193,193,193,0
2022-04-25 10:51:00,193,193,193,193,1000
2022-04-25 10:52:00,193,193,193,193,0
2022-04-25 10:53:00,193,193,193,193,0
2022-04-25 10:54:00,192,192,192,192,45000
2022-04-25 10:55:00,192,192,192,192,5100
2022-04-25 10:56:00,192,192,192,192,14900
2022-04-25 10:57:00,192,192,192,192,118000
2022-04-25 10:58:00,192,192,193,193,1100
2022-04-25 10:59:00,192,192,193,193,0
2022-04-25 11:00:00,192,192,192,192,400
2022-04-25 11:01:00,193,193,193,193,100
2022-04-25 11:02:00,192,192,193,193,2000
2022-04-25 11:03:00,193,192,193,192,2900
2022-04-25 11:04:00,192,192,192,192,27600
2022-04-25 11:05:00,192,192,193,192,46200
2022-04-25 11:06:00,192,192,193,192,45800
2022-04-25 11:07:00,193,193,193,193,100
2022-04-25 11:08:00,193,193,193,193,0
2022-04-25 11:09:00,193,193,193,193,0
2022-04-25 11:10:00,192,192,192,192,4300
2022-04-25 11:11:00,193,192,193,192,40100
2022-04-25 11:12:00,193,193,193,193,100
2022-04-25 11:13:00,193,193,193,193,0
2022-04-25 11:14:00,192,192,192,192,200800
2022-04-25 11:15:00,192,192,192,192,7600
2022-04-25 11:16:00,192,192,192,192,25500
2022-04-25 11:17:00,192,192,192,192,0
2022-04-25 11:18:00,192,192,192,192,0
2022-04-25 11:19:00,192,192,192,192,0
2022-04-25 11:20:00,192,192,192,192,0
2022-04-25 11:21:00,192,192,192,192,0
2022-04-25 11:22:00,192,192,192,192,0
2022-04-25 11:23:00,192,192,192,192,0
2022-04-25 11:24:00,192,192,192,192,0
2022-04-25 11:25:00,192,192,192,192,0
2022-04-25 11:26:00,192,192,192,192,0
2022-04-25 11:27:00,191,191,191,191,11500
2022-04-25 11:28:00,192,192,192,192,100
2022-04-25 11:29:00,192,192,192,192,0
2022-04-25 11:30:00,192,192,192,192,0
2022-04-25 11:31:00,192,192,192,192,0
2022-04-25 11:32:00,192,192,192,192,0
2022-04-25 11:33:00,192,192,192,192,0
2022-04-25 11:34:00,192,192,192,192,0
2022-04-25 11:35:00,192,192,192,192,0
2022-04-25 11:36:00,192,192,192,192,0
2022-04-25 11:37:00,192,192,192,192,0
2022-04-25 11:38:00,192,192,192,192,0
2022-04-25 11:39:00,192,192,192,192,0
2022-04-25 11:40:00,192,192,192,192,0
2022-04-25 11:41:00,192,192,192,192,0
2022-04-25 11:42:00,192,192,192,192,0
2022-04-25 11:43:00,192,192,192,192,0
2022-04-25 11:44:00,192,192,192,192,0
2022-04-25 11:45:00,192,192,192,192,0
2022-04-25 11:46:00,192,192,192,192,0
2022-04-25 11:47:00,192,192,192,192,0
2022-04-25 11:48:00,192,192,192,192,0
2022-04-25 11:49:00,192,192,192,192,0
2022-04-25 11:50:00,192,192,192,192,0
2022-04-25 11:51:00,192,192,192,192,0
2022-04-25 11:52:00,192,192,192,192,0
2022-04-25 11:53:00,192,192,192,192,0
2022-04-25 11:54:00,192,192,192,192,0
2022-04-25 11:55:00,192,192,192,192,0
2022-04-25 11:56:00,192,192,192,192,0
2022-04-25 11:57:00,192,192,192,192,0
2022-04-25 11:58:00,192,192,192,192,0
2022-04-25 11:59:00,192,192,192,192,0
2022-04-25 12:00:00,192,192,192,192,0
2022-04-25 12:01:00,192,192,192,192,0
2022-04-25 12:02:00,192,192,192,192,0
2022-04-25 12:03:00,192,192,192,192,0
2022-04-25 12:04:00,192,192,192,192,0
2022-04-25 12:05:00,192,192,192,192,0
2022-04-25 12:06:00,192,192,192,192,0
2022-04-25 12:07:00,192,192,192,192,0
2022-04-25 12:08:00,192,192,192,192,0
2022-04-25 12:09:00,192,192,192,192,0
2022-04-25 12:10:00,192,192,192,192,0
2022-04-25 12:11:00,192,192,192,192,0
2022-04-25 12:12:00,192,192,192,192,0
2022-04-25 12:13:00,192,192,192,192,0
2022-04-25 12:14:00,192,192,192,192,0
2022-04-25 12:15:00,192,192,192,192,0
2022-04-25 12:16:00,192,192,192,192,0
2022-04-25 12:17:00,192,192,192,192,0
2022-04-25 12:18:00,192,192,192,192,0
2022-04-25 12:19:00,192,192,192,192,0
2022-04-25 12:20:00,192,192,192,192,0
2022-04-25 12:21:00,192,192,192,192,0
2022-04-25 12:22:00,192,192,192,192,0
2022-04-25 12:23:00,192,192,192,192,0
2022-04-25 12:24:00,192,192,192,192,0
2022-04-25 12:25:00,192,192,192,192,0
2022-04-25 12:26:00,192,192,192,192,0
2022-04-25 12:27:00,192,192,192,192,0
2022-04-25 12:28:00,192,192,192,192,0
2022-04-25 12:29:00,192,192,192,192,0
2022-04-25 12:30:00,192,192,192,192,0
2022-04-25 12:31:00,192,192,192,192,0
2022-04-25 12:32:00,192,192,192,192,0
2022-04-25 12:33:00,192,192,192,192,0
2022-04-25 12:34:00,192,192,192,192,0
2022-04-25 12:35:00,192,192,192,192,0
2022-04-25 12:36:00,192,192,192,192,0
2022-04-25 12:37:00,192,192,192,192,0
2022-04-25 12:38:00,192,192,192,192,0
2022-04-25 12:39:00,192,192,192,192,0
2022-04-25 12:40:00,192,192,192,192,0
2022-04-25 12:41:00,192,192,192,192,0
2022-04-25 12:42:00,192,192,192,192,0
2022-04-25 12:43:00,192,192,192,192,0
2022-04-25 12:44:00,192,192,192,192,0
2022-04-25 12:45:00,192,192,192,192,0
2022-04-25 12:46:00,192,192,192,192,0
2022-04-25 12:47:00,192,192,192,192,0
2022-04-25 12:48:00,192,192,192,192,0
2022-04-25 12:49:00,192,192,192,192,0
2022-04-25 12:50:00,192,192,192,192,0
2022-04-25 12:51:00,192,192,192,192,0
2022-04-25 12:52:00,192,192,192,192,0
2022-04-25 12:53:00,192,192,192,192,0
2022-04-25 12:54:00,192,192,192,192,0
2022-04-25 12:55:00,192,192,192,192,0
2022-04-25 12:56:00,192,192,192,192,0
2022-04-25 12:57:00,192,192,192,192,0
2022-04-25 12:58:00,192,192,192,192,0
2022-04-25 12:59:00,192,192,192,192,0
2022-04-25 13:00:00,192,192,192,192,0
2022-04-25 13:01:00,192,192,192,192,0
2022-04-25 13:02:00,192,192,192,192,0
2022-04-25 13:03:00,192,192,192,192,0
2022-04-25 13:04:00,192,192,192,192,0
2022-04-25 13:05:00,192,192,192,192,0
2022-04-25 13:06:00,192,192,192,192,0
2022-04-25 13:07:00,192,192,192,192,0
2022-04-25 13:08:00,192,192,192,192,0
2022-04-25 13:09:00,192,192,192,192,0
2022-04-25 13:10:00,192,192,192,192,0
2022-04-25 13:11:00,192,192,192,192,0
2022-04-25 13:12:00,192,192,192,192,0
2022-04-25 13:13:00,192,192,192,192,0
2022-04-25 13:14:00,192,192,192,192,0
2022-04-25 13:15:00,192,192,192,192,0
2022-04-25 13:16:00,192,192,192,192,0
2022-04-25 13:17:00,192,192,192,192,0
2022-04-25 13:18:00,192,192,192,192,0
2022-04-25 13:19:00,192,192,192,192,0
2022-04-25 13:20:00,192,192,192,192,0
2022-04-25 13:21:00,192,192,192,192,0
2022-04-25 13:22:00,192,192,192,192,0
2022-04-25 13:23:00,192,192,192,192,0
2022-04-25 13:24:00,192,192,192,192,0
2022-04-25 13:25:00,192,192,192,192,0
2022-04-25 13:26:00,192,192,192,192,0
2022-04-25 13:27:00,192,192,192,192,0
2022-04-25 13:28:00,192,192,192,192,0
2022-04-25 13:29:00,192,192,192,192,0
2022-04-25 13:30:00,191,191,192,191,58100
2022-04-25 13:31:00,191,191,192,191,0
2022-04-25 13:32:00,191,191,192,191,0
2022-04-25 13:33:00,191,191,192,191,0
2022-04-25 13:34:00,191,191,192,191,0
2022-04-25 13:35:00,191,191,192,191,0
2022-04-25 13:36:00,191,191,192,192,17800
2022-04-25 13:37:00,191,191,191,191,900
2022-04-25 13:38:00,191,191,191,191,2200
2022-04-25 13:39:00,190,190,190,190,10000
2022-04-25 13:40:00,190,190,190,190,11800
2022-04-25 13:41:00,190,190,190,190,0
2022-04-25 13:42:00,190,190,190,190,2600
2022-04-25 13:43:00,190,189,190,189,116000
2022-04-25 13:44:00,189,189,189,189,1400
2022-04-25 13:45:00,189,189,189,189,5700
2022-04-25 13:46:00,189,189,189,189,2000
2022-04-25 13:47:00,189,189,189,189,0
2022-04-25 13:48:00,189,189,189,189,0
2022-04-25 13:49:00,190,190,190,190,100
2022-04-25 13:50:00,190,190,190,190,0
2022-04-25 13:51:00,190,190,190,190,0
2022-04-25 13:52:00,190,190,190,190,0
2022-04-25 13:53:00,189,189,189,189,500
2022-04-25 13:54:00,189,189,189,189,900
2022-04-25 13:55:00,189,189,189,189,35000
2022-04-25 13:56:00,189,189,189,189,0
2022-04-25 13:57:00,189,188,189,188,102300
2022-04-25 13:58:00,188,188,188,188,218800
2022-04-25 13:59:00,189,189,189,189,5500
2022-04-25 14:00:00,189,189,189,189,500
2022-04-25 14:01:00,189,189,189,189,0
2022-04-25 14:02:00,189,189,189,189,0
2022-04-25 14:03:00,189,189,189,189,0
2022-04-25 14:04:00,188,188,189,189,600
2022-04-25 14:05:00,189,188,189,188,9300
2022-04-25 14:06:00,188,188,190,190,14800
2022-04-25 14:07:00,188,188,190,190,0
2022-04-25 14:08:00,188,188,190,190,0
2022-04-25 14:09:00,188,188,190,190,0
2022-04-25 14:10:00,190,190,190,190,500
2022-04-25 14:11:00,190,190,190,190,0
2022-04-25 14:12:00,190,188,190,188,27100
2022-04-25 14:13:00,188,188,188,188,2000
2022-04-25 14:14:00,188,188,188,188,0
2022-04-25 14:15:00,188,188,190,190,800
2022-04-25 14:16:00,188,188,190,190,0
2022-04-25 14:17:00,188,188,188,188,8000
2022-04-25 14:18:00,188,188,188,188,243900
2022-04-25 14:19:00,188,188,188,188,0
2022-04-25 14:20:00,188,188,188,188,18800
2022-04-25 14:21:00,188,188,188,188,15000
2022-04-25 14:22:00,188,188,188,188,0
2022-04-25 14:23:00,188,188,188,188,0
2022-04-25 14:24:00,188,188,188,188,0
2022-04-25 14:25:00,188,188,188,188,0
2022-04-25 14:26:00,188,188,188,188,16900
2022-04-25 14:27:00,188,188,188,188,0
2022-04-25 14:28:00,188,188,188,188,0
2022-04-25 14:29:00,188,188,189,188,25000
2022-04-25 14:30:00,189,189,189,189,100
2022-04-25 14:31:00,189,188,189,188,28300
2022-04-25 14:32:00,188,188,188,188,100000
2022-04-25 14:33:00,188,188,188,188,8500
2022-04-25 14:34:00,188,188,188,188,0
2022-04-25 14:35:00,188,188,188,188,0
2022-04-25 14:36:00,188,188,188,188,48700
2022-04-25 14:37:00,189,189,189,189,300
2022-04-25 14:38:00,189,189,189,189,0
2022-04-25 14:39:00,188,188,188,188,1900
2022-04-25 14:40:00,188,188,188,188,0
2022-04-25 14:41:00,188,188,188,188,0
2022-04-25 14:42:00,188,188,188,188,5400
2022-04-25 14:43:00,188,188,188,188,0
2022-04-25 14:44:00,188,188,188,188,201100
2022-04-25 14:45:00,188,188,188,188,1600
2022-04-25 14:46:00,189,187,189,187,144900
2022-04-25 14:47:00,188,187,188,188,20500
2022-04-25 14:48:00,188,187,188,187,2500
2022-04-25 14:49:00,188,187,188,187,0
2022-04-25 14:50:00,188,187,188,187,0
2022-04-25 14:51:00,188,187,188,187,0
2022-04-25 14:52:00,188,187,188,187,0
2022-04-25 14:53:00,188,187,188,187,0
2022-04-25 14:54:00,188,187,188,187,0
2022-04-25 14:55:00,188,187,188,187,0
2022-04-25 14:56:00,188,187,188,187,0
2022-04-25 14:57:00,188,187,188,187,0
2022-04-25 14:58:00,188,187,188,187,0
2022-04-25 14:59:00,188,187,188,187,0
2022-04-25 15:00:00,187,187,187,187,880300
2022-04-25 15:01:00,187,187,187,187,2200
2022-04-25 15:02:00,187,187,187,187,18200
2022-04-25 15:03:00,187,187,187,187,2800
2022-04-25 15:04:00,187,187,187,187,149600
2022-04-25 15:05:00,187,187,187,187,0
2022-04-25 15:06:00,187,187,187,187,0
2022-04-25 15:07:00,187,187,187,187,0
2022-04-25 15:08:00,187,187,187,187,0
2022-04-25 15:09:00,187,187,187,187,0
2022-04-25 15:10:00,187,187,187,187,36600
2022-04-25 15:11:00,187,187,187,187,0
2022-04-25 15:12:00,187,187,187,187,0
2022-04-25 15:13:00,187,187,187,187,0
2022-04-25 15:14:00,187,187,187,187,0
2022-04-25 15:15:00,187,187,187,187,0
2022-04-25 15:16:00,187,187,187,187,0
2022-04-25 15:17:00,187,187,187,187,0
2022-04-25 15:18:00,187,187,187,187,0
2022-04-25 15:19:00,187,187,187,187,0
2022-04-25 15:20:00,187,187,187,187,0
2022-04-25 15:21:00,187,187,187,187,0
2022-04-25 15:22:00,187,187,187,187,0
2022-04-25 15:23:00,187,187,187,187,0
2022-04-25 15:24:00,187,187,187,187,0
2022-04-25 15:25:00,187,187,187,187,0
2022-04-25 15:26:00,187,187,187,187,0
2022-04-25 15:27:00,187,187,187,187,0
2022-04-25 15:28:00,187,187,187,187,0
2022-04-25 15:29:00,187,187,187,187,0
2022-04-25 15:30:00,187,187,187,187,0
2022-04-25 15:31:00,187,187,187,187,0
2022-04-25 15:32:00,187,187,187,187,0
2022-04-25 15:33:00,187,187,187,187,0
2022-04-25 15:34:00,187,187,187,187,0
2022-04-25 15:35:00,187,187,187,187,0
2022-04-25 15:36:00,187,187,187,187,0
2022-04-25 15:37:00,187,187,187,187,0
2022-04-25 15:38:00,187,187,187,187,0
2022-04-25 15:39:00,187,187,187,187,0
2022-04-25 15:40:00,187,187,187,187,0
2022-04-25 15:41:00,187,187,187,187,0
2022-04-25 15:42:00,187,187,187,187,0
2022-04-25 15:43:00,187,187,187,187,0
2022-04-25 15:44:00,187,187,187,187,0
2022-04-25 15:45:00,187,187,187,187,0
2022-04-25 15:46:00,187,187,187,187,0
2022-04-25 15:47:00,187,187,187,187,0
2022-04-25 15:48:00,187,187,187,187,0
2022-04-25 15:49:00,187,187,187,187,0
2022-04-25 15:50:00,187,187,187,187,0
2022-04-25 15:51:00,187,187,187,187,0
2022-04-25 15:52:00,187,187,187,187,0
2022-04-25 15:53:00,187,187,187,187,0
2022-04-25 15:54:00,187,187,187,187,0
2022-04-25 15:55:00,187,187,187,187,0
2022-04-25 15:56:00,187,187,187,187,0
2022-04-25 15:57:00,187,187,187,187,0
2022-04-25 15:58:00,187,187,187,187,0
2022-04-25 15:59:00,187,187,187,187,0
2022-04-26 09:00:00,188,186,188,186,0
2022-04-26 09:01:00,188,186,188,186,0
2022-04-26 09:02:00,187,187,187,187,22900
2022-04-26 09:03:00,187,187,187,187,3400
2022-04-26 09:04:00,187,186,187,186,10000
2022-04-26 09:05:00,187,186,187,186,1400
2022-04-26 09:06:00,188,187,188,187,200
2022-04-26 09:07:00,187,187,187,187,2000
2022-04-26 09:08:00,187,187,188,188,10800
2022-04-26 09:09:00,188,187,188,187,11000
2022-04-26 09:10:00,188,187,188,187,0
2022-04-26 09:11:00,188,188,189,189,11600
2022-04-26 09:12:00,190,190,192,191,175100
2022-04-26 09:13:00,191,191,191,191,13600
2022-04-26 09:14:00,191,190,191,190,96600
2022-04-26 09:15:00,190,190,190,190,27800
2022-04-26 09:16:00,190,190,190,190,0
2022-04-26 09:17:00,190,190,190,190,0
2022-04-26 09:18:00,190,190,190,190,16500
2022-04-26 09:19:00,190,190,190,190,0
2022-04-26 09:20:00,189,189,189,189,10000
2022-04-26 09:21:00,189,189,189,189,2700
2022-04-26 09:22:00,188,188,188,188,50100
2022-04-26 09:23:00,188,188,188,188,40000
2022-04-26 09:24:00,188,188,188,188,500
2022-04-26 09:25:00,189,189,189,189,100000
2022-04-26 09:26:00,188,188,190,189,25200
2022-04-26 09:27:00,189,189,189,189,100
2022-04-26 09:28:00,189,187,189,187,516200
2022-04-26 09:29:00,189,187,189,187,0
2022-04-26 09:30:00,187,187,187,187,5200
2022-04-26 09:31:00,187,186,187,186,478600
2022-04-26 09:32:00,186,186,186,186,3400
2022-04-26 09:33:00,187,187,187,187,500
2022-04-26 09:34:00,187,187,187,187,3100
2022-04-26 09:35:00,187,187,187,187,29100
2022-04-26 09:36:00,187,187,187,187,45900
2022-04-26 09:37:00,187,186,187,186,198800
2022-04-26 09:38:00,186,186,187,187,193000
2022-04-26 09:39:00,186,186,187,187,0
2022-04-26 09:40:00,186,186,187,187,0
2022-04-26 09:41:00,186,186,187,187,0
2022-04-26 09:42:00,187,187,187,187,200
2022-04-26 09:43:00,187,187,187,187,0
2022-04-26 09:44:00,187,187,187,187,0
2022-04-26 09:45:00,187,186,187,186,10300
2022-04-26 09:46:00,186,186,187,187,6400
2022-04-26 09:47:00,186,186,186,186,30000
2022-04-26 09:48:00,186,186,186,186,0
2022-04-26 09:49:00,186,186,186,186,0
2022-04-26 09:50:00,186,186,187,187,253900
2022-04-26 09:51:00,186,186,187,187,0
2022-04-26 09:52:00,186,186,187,187,17700
2022-04-26 09:53:00,186,186,187,187,0
2022-04-26 09:54:00,186,186,187,187,0
2022-04-26 09:55:00,187,186,187,186,10200
2022-04-26 09:56:00,186,186,186,186,10000
2022-04-26 09:57:00,187,187,187,187,1000
2022-04-26 09:58:00,187,187,187,187,1000
2022-04-26 09:59:00,187,187,187,187,0
2022-04-26 10:00:00,187,187,187,187,300
2022-04-26 10:01:00,187,187,187,187,0
2022-04-26 10:02:00,187,187,187,187,900
2022-04-26 10:03:00,186,186,186,186,1100
2022-04-26 10:04:00,186,186,186,186,800
2022-04-26 10:05:00,186,186,186,186,0
2022-04-26 10:06:00,187,186,187,186,2500
2022-04-26 10:07:00,187,186,187,186,0
2022-04-26 10:08:00,187,186,187,186,0
2022-04-26 10:09:00,187,186,187,186,0
2022-04-26 10:10:00,187,186,187,186,0
2022-04-26 10:11:00,187,186,187,186,0
2022-04-26 10:12:00,186,186,186,186,16800
2022-04-26 10:13:00,186,186,186,186,30500
2022-04-26 10:14:00,186,186,186,186,1000
2022-04-26 10:15:00,186,186,186,186,25000
2022-04-26 10:16:00,186,186,186,186,75000
2022-04-26 10:17:00,187,187,187,187,100
2022-04-26 10:18:00,187,187,187,187,2500
2022-04-26 10:19:00,187,187,187,187,0
2022-04-26 10:20:00,187,187,187,187,0
2022-04-26 10:21:00,187,187,187,187,500
2022-04-26 10:22:00,187,187,187,187,0
2022-04-26 10:23:00,187,187,187,187,137200
2022-04-26 10:24:00,187,187,187,187,2000
2022-04-26 10:25:00,188,188,188,188,2751100
2022-04-26 10:26:00,188,188,188,188,0
2022-04-26 10:27:00,188,187,188,188,7700
2022-04-26 10:28:00,188,187,188,187,10900
2022-04-26 10:29:00,187,187,187,187,100
2022-04-26 10:30:00,187,187,187,187,0
2022-04-26 10:31:00,187,187,187,187,0
2022-04-26 10:32:00,187,187,188,188,51200
2022-04-26 10:33:00,187,187,188,188,17600
2022-04-26 10:34:00,187,187,188,188,0
2022-04-26 10:35:00,187,187,188,188,0
2022-04-26 10:36:00,187,187,188,188,0
2022-04-26 10:37:00,187,187,188,188,0
2022-04-26 10:38:00,188,187,188,187,8000
2022-04-26 10:39:00,187,187,187,187,500
2022-04-26 10:40:00,187,187,187,187,3300
2022-04-26 10:41:00,187,187,187,187,0
2022-04-26 10:42:00,187,187,187,187,28000
2022-04-26 10:43:00,188,188,188,188,1500
2022-04-26 10:44:00,188,188,188,188,0
2022-04-26 10:45:00,188,188,188,188,1000
2022-04-26 10:46:00,188,188,188,188,0
2022-04-26 10:47:00,188,188,188,188,18600
2022-04-26 10:48:00,188,188,188,188,0
2022-04-26 10:49:00,188,188,189,189,2700
2022-04-26 10:50:00,189,189,189,189,7500
2022-04-26 10:51:00,188,188,188,188,6400
2022-04-26 10:52:00,188,188,188,188,0
2022-04-26 10:53:00,188,188,188,188,1100
2022-04-26 10:54:00,188,188,188,188,0
2022-04-26 10:55:00,188,188,188,188,9400
2022-04-26 10:56:00,188,188,188,188,0
2022-04-26 10:57:00,188,188,188,188,17100
2022-04-26 10:58:00,189,189,189,189,100
2022-04-26 10:59:00,189,189,189,189,0
2022-04-26 11:00:00,189,188,189,188,2200
2022-04-26 11:01:00,189,189,189,189,100
2022-04-26 11:02:00,189,189,189,189,0
2022-04-26 11:03:00,189,189,189,189,0
2022-04-26 11:04:00,189,188,189,188,2700
2022-04-26 11:05:00,189,189,189,189,7900
2022-04-26 11:06:00,189,189,189,189,0
2022-04-26 11:07:00,189,189,189,189,0
2022-04-26 11:08:00,188,188,188,188,10000
2022-04-26 11:09:00,188,188,188,188,0
2022-04-26 11:10:00,188,188,188,188,2200
2022-04-26 11:11:00,189,188,189,188,125300
2022-04-26 11:12:00,189,188,189,188,0
2022-04-26 11:13:00,189,188,189,188,0
2022-04-26 11:14:00,188,188,188,188,50000
2022-04-26 11:15:00,188,188,189,188,14400
2022-04-26 11:16:00,188,188,188,188,200
2022-04-26 11:17:00,188,188,188,188,0
2022-04-26 11:18:00,188,188,188,188,0
2022-04-26 11:19:00,188,188,188,188,0
2022-04-26 11:20:00,188,188,188,188,0
2022-04-26 11:21:00,188,188,188,188,13000
2022-04-26 11:22:00,188,187,188,187,93800
2022-04-26 11:23:00,188,187,188,187,0
2022-04-26 11:24:00,188,187,188,187,0
2022-04-26 11:25:00,187,187,187,187,12600
2022-04-26 11:26:00,187,187,187,187,0
2022-04-26 11:27:00,187,187,187,187,0
2022-04-26 11:28:00,187,187,187,187,207400
2022-04-26 11:29:00,187,187,187,187,23500
2022-04-26 11:30:00,187,187,187,187,0
2022-04-26 11:31:00,187,187,187,187,0
2022-04-26 11:32:00,187,187,187,187,0
2022-04-26 11:33:00,187,187,187,187,0
2022-04-26 11:34:00,187,187,187,187,0
2022-04-26 11:35:00,187,187,187,187,0
2022-04-26 11:36:00,187,187,187,187,0
2022-04-26 11:37:00,187,187,187,187,0
2022-04-26 11:38:00,187,187,187,187,0
2022-04-26 11:39:00,187,187,187,187,0
2022-04-26 11:40:00,187,187,187,187,0
2022-04-26 11:41:00,187,187,187,187,0
2022-04-26 11:42:00,187,187,187,187,0
2022-04-26 11:43:00,187,187,187,187,0
2022-04-26 11:44:00,187,187,187,187,0
2022-04-26 11:45:00,187,187,187,187,0
2022-04-26 11:46:00,187,187,187,187,0
2022-04-26 11:47:00,187,187,187,187,0
2022-04-26 11:48:00,187,187,187,187,0
2022-04-26 11:49:00,187,187,187,187,0
2022-04-26 11:50:00,187,187,187,187,0
2022-04-26 11:51:00,187,187,187,187,0
2022-04-26 11:52:00,187,187,187,187,0
2022-04-26 11:53:00,187,187,187,187,0
2022-04-26 11:54:00,187,187,187,187,0
2022-04-26 11:55:00,187,187,187,187,0
2022-04-26 11:56:00,187,187,187,187,0
2022-04-26 11:57:00,187,187,187,187,0
2022-04-26 11:58:00,187,187,187,187,0
2022-04-26 11:59:00,187,187,187,187,0
2022-04-26 12:00:00,187,187,187,187,0
2022-04-26 12:01:00,187,187,187,187,0
2022-04-26 12:02:00,187,187,187,187,0
2022-04-26 12:03:00,187,187,187,187,0
2022-04-26 12:04:00,187,187,187,187,0
2022-04-26 12:05:00,187,187,187,187,0
2022-04-26 12:06:00,187,187,187,187,0
2022-04-26 12:07:00,187,187,187,187,0
2022-04-26 12:08:00,187,187,187,187,0
2022-04-26 12:09:00,187,187,187,187,0
2022-04-26 12:10:00,187,187,187,187,0
2022-04-26 12:11:00,187,187,187,187,0
2022-04-26 12:12:00,187,187,187,187,0
2022-04-26 12:13:00,187,187,187,187,0
2022-04-26 12:14:00,187,187,187,187,0
2022-04-26 12:15:00,187,187,187,187,0
2022-04-26 12:16:00,187,187,187,187,0
2022-04-26 12:17:00,187,187,187,187,0
2022-04-26 12:18:00,187,187,187,187,0
2022-04-26 12:19:00,187,187,187,187,0
2022-04-26 12:20:00,187,187,187,187,0
2022-04-26 12:21:00,187,187,187,187,0
2022-04-26 12:22:00,187,187,187,187,0
2022-04-26 12:23:00,187,187,187,187,0
2022-04-26 12:24:00,187,187,187,187,0
2022-04-26 12:25:00,187,187,187,187,0
2022-04-26 12:26:00,187,187,187,187,0
2022-04-26 12:27:00,187,187,187,187,0
2022-04-26 12:28:00,187,187,187,187,0
2022-04-26 12:29:00,187,187,187,187,0
2022-04-26 12:30:00,187,187,187,187,0
2022-04-26 12:31:00,187,187,187,187,0
2022-04-26 12:32:00,187,187,187,187,0
2022-04-26 12:33:00,187,187,187,187,0
2022-04-26 12:34:00,187,187,187,187,0
2022-04-26 12:35:00,187,187,187,187,0
2022-04-26 12:36:00,187,187,187,187,0
2022-04-26 12:37:00,187,187,187,187,0
2022-04-26 12:38:00,187,187,187,187,0
2022-04-26 12:39:00,187,187,187,187,0
2022-04-26 12:40:00,187,187,187,187,0
2022-04-26 12:41:00,187,187,187,187,0
2022-04-26 12:42:00,187,187,187,187,0
2022-04-26 12:43:00,187,187,187,187,0
2022-04-26 12:44:00,187,187,187,187,0
2022-04-26 12:45:00,187,187,187,187,0
2022-04-26 12:46:00,187,187,187,187,0
2022-04-26 12:47:00,187,187,187,187,0
2022-04-26 12:48:00,187,187,187,187,0
2022-04-26 12:49:00,187,187,187,187,0
2022-04-26 12:50:00,187,187,187,187,0
2022-04-26 12:51:00,187,187,187,187,0
2022-04-26 12:52:00,187,187,187,187,0
2022-04-26 12:53:00,187,187,187,187,0
2022-04-26 12:54:00,187,187,187,187,0
2022-04-26 12:55:00,187,187,187,187,0
2022-04-26 12:56:00,187,187,187,187,0
2022-04-26 12:57:00,187,187,187,187,0
2022-04-26 12:58:00,187,187,187,187,0
2022-04-26 12:59:00,187,187,187,187,0
2022-04-26 13:00:00,187,187,187,187,0
2022-04-26 13:01:00,187,187,187,187,0
2022-04-26 13:02:00,187,187,187,187,0
2022-04-26 13:03:00,187,187,187,187,0
2022-04-26 13:04:00,187,187,187,187,0
2022-04-26 13:05:00,187,187,187,187,0
2022-04-26 13:06:00,187,187,187,187,0
2022-04-26 13:07:00,187,187,187,187,0
2022-04-26 13:08:00,187,187,187,187,0
2022-04-26 13:09:00,187,187,187,187,0
2022-04-26 13:10:00,187,187,187,187,0
2022-04-26 13:11:00,187,187,187,187,0
2022-04-26 13:12:00,187,187,187,187,0
2022-04-26 13:13:00,187,187,187,187,0
2022-04-26 13:14:00,187,187,187,187,0
2022-04-26 13:15:00,187,187,187,187,0
2022-04-26 13:16:00,187,187,187,187,0
2022-04-26 13:17:00,187,187,187,187,0
2022-04-26 13:18:00,187,187,187,187,0
2022-04-26 13:19:00,187,187,187,187,0
2022-04-26 13:20:00,187,187,187,187,0
2022-04-26 13:21:00,187,187,187,187,0
2022-04-26 13:22:00,187,187,187,187,0
2022-04-26 13:23:00,187,187,187,187,0
2022-04-26 13:24:00,187,187,187,187,0
2022-04-26 13:25:00,187,187,187,187,0
2022-04-26 13:26:00,187,187,187,187,0
2022-04-26 13:27:00,187,187,187,187,0
2022-04-26 13:28:00,187,187,187,187,0
2022-04-26 13:29:00,187,187,187,187,0
2022-04-26 13:30:00,188,188,188,188,34000
2022-04-26 13:31:00,188,188,188,188,0
2022-04-26 13:32:00,188,187,188,187,2132300
2022-04-26 13:33:00,187,186,187,186,50800
2022-04-26 13:34:00,186,186,186,186,2500
2022-04-26 13:35:00,186,186,186,186,0
2022-04-26 13:36:00,186,186,186,186,0
2022-04-26 13:37:00,186,186,186,186,0
2022-04-26 13:38:00,186,186,186,186,0
2022-04-26 13:39:00,186,186,186,186,0
2022-04-26 13:40:00,186,186,186,186,0
2022-04-26 13:41:00,186,186,187,187,143200
2022-04-26 13:42:00,187,187,187,187,560000
2022-04-26 13:43:00,187,187,187,187,50000
2022-04-26 13:44:00,187,187,187,187,40300
2022-04-26 13:45:00,187,187,187,187,0
2022-04-26 13:46:00,187,187,187,187,47500
2022-04-26 13:47:00,187,187,187,187,2500
2022-04-26 13:48:00,187,187,187,187,56900
2022-04-26 13:49:00,187,187,187,187,100
2022-04-26 13:50:00,186,186,187,187,7300
2022-04-26 13:51:00,186,186,187,187,10600
2022-04-26 13:52:00,186,186,186,186,1405800
2022-04-26 13:53:00,186,186,186,186,0
2022-04-26 13:54:00,186,186,186,186,107400
2022-04-26 13:55:00,186,186,186,186,56800
2022-04-26 13:56:00,186,186,186,186,39800
2022-04-26 13:57:00,186,186,187,187,68300
2022-04-26 13:58:00,186,185,186,185,1481300
2022-04-26 13:59:00,185,185,185,185,121600
2022-04-26 14:00:00,185,185,185,185,2000
2022-04-26 14:01:00,185,185,185,185,0
2022-04-26 14:02:00,185,185,185,185,86900
2022-04-26 14:03:00,185,185,185,185,100
2022-04-26 14:04:00,186,186,186,186,1200
2022-04-26 14:05:00,186,186,186,186,6000
2022-04-26 14:06:00,186,186,186,186,0
2022-04-26 14:07:00,186,186,186,186,1000
2022-04-26 14:08:00,186,186,187,187,91800
2022-04-26 14:09:00,186,186,187,187,0
2022-04-26 14:10:00,186,186,187,187,0
2022-04-26 14:11:00,186,186,187,187,0
2022-04-26 14:12:00,186,186,187,187,0
2022-04-26 14:13:00,186,186,187,187,0
2022-04-26 14:14:00,186,186,187,187,0
2022-04-26 14:15:00,186,186,187,187,0
2022-04-26 14:16:00,187,187,187,187,600
2022-04-26 14:17:00,187,187,187,187,100
2022-04-26 14:18:00,187,187,187,187,0
2022-04-26 14:19:00,186,186,186,186,85000
2022-04-26 14:20:00,186,186,186,186,1500
2022-04-26 14:21:00,185,185,185,185,15000
2022-04-26 14:22:00,185,185,185,185,0
2022-04-26 14:23:00,185,185,185,185,32000
2022-04-26 14:24:00,185,185,185,185,248000
2022-04-26 14:25:00,185,185,185,185,0
2022-04-26 14:26:00,185,185,185,185,0
2022-04-26 14:27:00,185,185,185,185,500000
2022-04-26 14:28:00,185,185,185,185,30000
2022-04-26 14:29:00,185,185,186,185,2600
2022-04-26 14:30:00,185,185,186,185,0
2022-04-26 14:31:00,185,184,185,185,251000
2022-04-26 14:32:00,186,186,186,186,3300
2022-04-26 14:33:00,186,186,186,186,0
2022-04-26 14:34:00,186,185,186,185,3000
2022-04-26 14:35:00,186,185,186,185,74000
2022-04-26 14:36:00,186,186,186,186,200
2022-04-26 14:37:00,186,186,186,186,3500
2022-04-26 14:38:00,185,185,185,185,16000
2022-04-26 14:39:00,186,186,186,186,103900
2022-04-26 14:40:00,186,186,186,186,0
2022-04-26 14:41:00,186,186,186,186,500
2022-04-26 14:42:00,186,186,186,186,88000
2022-04-26 14:43:00,186,186,186,186,0
2022-04-26 14:44:00,186,186,186,186,0
2022-04-26 14:45:00,187,187,187,187,18000
2022-04-26 14:46:00,187,187,187,187,0
2022-04-26 14:47:00,187,187,187,187,0
2022-04-26 14:48:00,187,187,187,187,0
2022-04-26 14:49:00,186,186,186,186,23900
2022-04-26 14:50:00,186,186,186,186,0
2022-04-26 14:51:00,186,186,186,186,0
2022-04-26 14:52:00,186,186,186,186,0
2022-04-26 14:53:00,186,186,186,186,0
2022-04-26 14:54:00,186,186,186,186,0
2022-04-26 14:55:00,186,186,186,186,0
2022-04-26 14:56:00,186,186,186,186,0
2022-04-26 14:57:00,186,186,186,186,0
2022-04-26 14:58:00,186,186,186,186,0
2022-04-26 14:59:00,186,186,186,186,0
2022-04-26 15:00:00,185,185,185,185,805000
2022-04-26 15:01:00,185,185,185,185,23000
2022-04-26 15:02:00,185,185,185,185,5000
2022-04-26 15:03:00,185,185,185,185,7200
2022-04-26 15:04:00,185,185,185,185,16000
2022-04-26 15:05:00,185,185,185,185,0
2022-04-26 15:06:00,185,185,185,185,2600
2022-04-26 15:07:00,185,185,185,185,0
2022-04-26 15:08:00,185,185,185,185,200000
2022-04-26 15:09:00,185,185,185,185,0
2022-04-26 15:10:00,185,185,185,185,0
2022-04-26 15:11:00,185,185,185,185,0
2022-04-26 15:12:00,185,185,185,185,50000
2022-04-26 15:13:00,185,185,185,185,0
2022-04-26 15:14:00,185,185,185,185,0
2022-04-26 15:15:00,185,185,185,185,0
2022-04-26 15:16:00,185,185,185,185,0
2022-04-26 15:17:00,185,185,185,185,0
2022-04-26 15:18:00,185,185,185,185,0
2022-04-26 15:19:00,185,185,185,185,0
2022-04-26 15:20:00,185,185,185,185,0
2022-04-26 15:21:00,185,185,185,185,0
2022-04-26 15:22:00,185,185,185,185,0
2022-04-26 15:23:00,185,185,185,185,0
2022-04-26 15:24:00,185,185,185,185,0
2022-04-26 15:25:00,185,185,185,185,0
2022-04-26 15:26:00,185,185,185,185,0
2022-04-26 15:27:00,185,185,185,185,0
2022-04-26 15:28:00,185,185,185,185,0
2022-04-26 15:29:00,185,185,185,185,0
2022-04-26 15:30:00,185,185,185,185,0
2022-04-26 15:31:00,185,185,185,185,0
2022-04-26 15:32:00,185,185,185,185,0
2022-04-26 15:33:00,185,185,185,185,0
2022-04-26 15:34:00,185,185,185,185,0
2022-04-26 15:35:00,185,185,185,185,0
2022-04-26 15:36:00,185,185,185,185,0
2022-04-26 15:37:00,185,185,185,185,0
2022-04-26 15:38:00,185,185,185,185,0
2022-04-26 15:39:00,185,185,185,185,0
2022-04-26 15:40:00,185,185,185,185,0
2022-04-26 15:41:00,185,185,185,185,0
2022-04-26 15:42:00,185,185,185,185,0
2022-04-26 15:43:00,185,185,185,185,0
2022-04-26 15:44:00,185,185,185,185,0
2022-04-26 15:45:00,185,185,185,185,0
2022-04-26 15:46:00,185,185,185,185,0
2022-04-26 15:47:00,185,185,185,185,0
2022-04-26 15:48:00,185,185,185,185,0
2022-04-26 15:49:00,185,185,185,185,0
2022-04-26 15:50:00,185,185,185,185,0
2022-04-26 15:51:00,185,185,185,185,0
2022-04-26 15:52:00,185,185,185,185,0
2022-04-26 15:53:00,185,185,185,185,0
2022-04-26 15:54:00,185,185,185,185,0
2022-04-26 15:55:00,185,185,185,185,0
2022-04-26 15:56:00,185,185,185,185,0
2022-04-26 15:57:00,185,185,185,185,0
2022-04-26 15:58:00,185,185,185,185,0
2022-04-26 15:59:00,185,185,185,185,0
2022-04-27 09:00:00,188,185,188,186,0
2022-04-27 09:01:00,185,185,186,186,55100
2022-04-27 09:02:00,185,185,186,186,22400
2022-04-27 09:03:00,185,185,185,185,60000
2022-04-27 09:04:00,185,185,185,185,0
2022-04-27 09:05:00,186,186,186,186,41900
2022-04-27 09:06:00,186,186,186,186,0
2022-04-27 09:07:00,186,186,187,187,22500
2022-04-27 09:08:00,186,186,186,186,1000
2022-04-27 09:09:00,186,186,186,186,500
2022-04-27 09:10:00,187,187,187,187,2600
2022-04-27 09:11:00,186,186,186,186,1500
2022-04-27 09:12:00,186,186,186,186,2500
2022-04-27 09:13:00,186,186,186,186,0
2022-04-27 09:14:00,186,186,186,186,2700
2022-04-27 09:15:00,186,186,186,186,0
2022-04-27 09:16:00,186,186,186,186,0
2022-04-27 09:17:00,186,186,186,186,9000
2022-04-27 09:18:00,186,186,186,186,10000
2022-04-27 09:19:00,187,187,188,188,28700
2022-04-27 09:20:00,187,187,188,188,0
2022-04-27 09:21:00,188,187,188,187,1100
2022-04-27 09:22:00,187,187,187,187,700
2022-04-27 09:23:00,188,188,188,188,6000
2022-04-27 09:24:00,188,188,188,188,15000
2022-04-27 09:25:00,188,188,188,188,25000
2022-04-27 09:26:00,188,188,189,188,10700
2022-04-27 09:27:00,188,188,188,188,30000
2022-04-27 09:28:00,188,188,188,188,16300
2022-04-27 09:29:00,188,188,188,188,50000
2022-04-27 09:30:00,188,188,188,188,0
2022-04-27 09:31:00,188,188,188,188,0
2022-04-27 09:32:00,188,188,188,188,300
2022-04-27 09:33:00,188,188,188,188,100
2022-04-27 09:34:00,187,187,187,187,17600
2022-04-27 09:35:00,188,188,188,188,100
2022-04-27 09:36:00,187,187,187,187,3000
2022-04-27 09:37:00,188,188,188,188,20000
2022-04-27 09:38:00,188,188,190,190,606400
2022-04-27 09:39:00,190,188,190,188,485200
2022-04-27 09:40:00,190,189,190,189,584600
2022-04-27 09:41:00,190,190,191,190,364100
2022-04-27 09:42:00,191,189,191,190,260900
2022-04-27 09:43:00,190,190,190,190,9800
2022-04-27 09:44:00,190,190,190,190,3200
2022-04-27 09:45:00,190,190,190,190,2000
2022-04-27 09:46:00,189,189,189,189,5000
2022-04-27 09:47:00,190,189,190,190,600
2022-04-27 09:48:00,189,189,190,190,28500
2022-04-27 09:49:00,189,189,190,190,0
2022-04-27 09:50:00,190,190,190,190,80000
2022-04-27 09:51:00,190,190,190,190,25500
2022-04-27 09:52:00,190,190,190,190,44900
2022-04-27 09:53:00,190,190,190,190,84600
2022-04-27 09:54:00,190,190,190,190,9500
2022-04-27 09:55:00,190,190,190,190,0
2022-04-27 09:56:00,190,190,190,190,24200
2022-04-27 09:57:00,190,190,190,190,0
2022-04-27 09:58:00,190,190,190,190,1100
2022-04-27 09:59:00,189,189,189,189,100
2022-04-27 10:00:00,189,189,189,189,0
2022-04-27 10:01:00,189,189,189,189,8000
2022-04-27 10:02:00,189,189,189,189,4500
2022-04-27 10:03:00,189,189,189,189,0
2022-04-27 10:04:00,189,189,189,189,200
2022-04-27 10:05:00,189,189,189,189,35000
2022-04-27 10:06:00,189,189,189,189,100
2022-04-27 10:07:00,189,189,189,189,58200
2022-04-27 10:08:00,189,189,189,189,6400
2022-04-27 10:09:00,189,189,189,189,600
2022-04-27 10:10:00,189,189,189,189,1400
2022-04-27 10:11:00,189,189,189,189,5900
2022-04-27 10:12:00,189,189,189,189,0
2022-04-27 10:13:00,189,189,189,189,5000
2022-04-27 10:14:00,189,189,189,189,1000
2022-04-27 10:15:00,188,188,188,188,3100
2022-04-27 10:16:00,188,188,188,188,0
2022-04-27 10:17:00,188,188,188,188,10000
2022-04-27 10:18:00,188,188,188,188,0
2022-04-27 10:19:00,188,188,188,188,2000
2022-04-27 10:20:00,188,188,188,188,0
2022-04-27 10:21:00,188,188,188,188,33500
2022-04-27 10:22:00,188,188,188,188,0
2022-04-27 10:23:00,189,189,189,189,41000
2022-04-27 10:24:00,189,188,189,188,201800
2022-04-27 10:25:00,188,188,188,188,2000
2022-04-27 10:26:00,187,187,187,187,4000
2022-04-27 10:27:00,187,187,187,187,0
2022-04-27 10:28:00,187,187,187,187,0
2022-04-27 10:29:00,187,187,188,188,203700
2022-04-27 10:30:00,188,188,188,188,6200
2022-04-27 10:31:00,188,188,188,188,0
2022-04-27 10:32:00,188,187,188,187,1300
2022-04-27 10:33:00,188,187,188,187,0
2022-04-27 10:34:00,188,187,188,187,0
2022-04-27 10:35:00,188,187,188,187,0
2022-04-27 10:36:00,188,187,188,187,0
2022-04-27 10:37:00,187,187,187,187,100
2022-04-27 10:38:00,187,187,187,187,0
2022-04-27 10:39:00,187,187,187,187,30100
2022-04-27 10:40:00,188,188,188,188,20400
2022-04-27 10:41:00,188,188,188,188,0
2022-04-27 10:42:00,188,188,188,188,26200
2022-04-27 10:43:00,188,188,188,188,12700
2022-04-27 10:44:00,188,188,188,188,0
2022-04-27 10:45:00,188,188,188,188,0
2022-04-27 10:46:00,188,188,188,188,27600
2022-04-27 10:47:00,188,188,188,188,0
2022-04-27 10:48:00,188,188,188,188,0
2022-04-27 10:49:00,188,188,188,188,0
2022-04-27 10:50:00,188,188,188,188,0
2022-04-27 10:51:00,188,187,188,187,10300
2022-04-27 10:52:00,188,188,188,188,500
2022-04-27 10:53:00,187,187,187,187,10000
2022-04-27 10:54:00,188,188,188,188,11000
2022-04-27 10:55:00,189,189,189,189,100
2022-04-27 10:56:00,189,189,189,189,0
2022-04-27 10:57:00,189,189,189,189,0
2022-04-27 10:58:00,189,189,189,189,0
2022-04-27 10:59:00,189,189,189,189,0
2022-04-27 11:00:00,188,188,188,188,300
2022-04-27 11:01:00,188,188,188,188,0
2022-04-27 11:02:00,188,188,188,188,0
2022-04-27 11:03:00,188,188,188,188,0
2022-04-27 11:04:00,188,188,188,188,0
2022-04-27 11:05:00,188,188,188,188,0
2022-04-27 11:06:00,188,188,188,188,31200
2022-04-27 11:07:00,189,189,189,189,40000
2022-04-27 11:08:00,189,189,189,189,0
2022-04-27 11:09:00,189,189,189,189,0
2022-04-27 11:10:00,189,189,189,189,0
2022-04-27 11:11:00,189,189,189,189,0
2022-04-27 11:12:00,189,189,189,189,39900
2022-04-27 11:13:00,189,189,189,189,0
2022-04-27 11:14:00,189,189,189,189,0
2022-04-27 11:15:00,189,189,189,189,300
2022-04-27 11:16:00,189,189,189,189,0
2022-04-27 11:17:00,189,189,189,189,10800
2022-04-27 11:18:00,189,189,189,189,0
2022-04-27 11:19:00,189,189,189,189,0
2022-04-27 11:20:00,189,189,189,189,0
2022-04-27 11:21:00,189,189,189,189,0
2022-04-27 11:22:00,189,188,189,188,51500
2022-04-27 11:23:00,188,188,188,188,10000
2022-04-27 11:24:00,188,188,188,188,0
2022-04-27 11:25:00,188,188,188,188,0
2022-04-27 11:26:00,188,188,188,188,0
2022-04-27 11:27:00,188,188,188,188,0
2022-04-27 11:28:00,189,189,190,190,640000
2022-04-27 11:29:00,189,189,190,190,0
2022-04-27 11:30:00,189,189,190,190,0
2022-04-27 11:31:00,189,189,190,190,0
2022-04-27 11:32:00,189,189,190,190,0
2022-04-27 11:33:00,189,189,190,190,0
2022-04-27 11:34:00,189,189,190,190,0
2022-04-27 11:35:00,189,189,190,190,0
2022-04-27 11:36:00,189,189,190,190,0
2022-04-27 11:37:00,189,189,190,190,0
2022-04-27 11:38:00,189,189,190,190,0
2022-04-27 11:39:00,189,189,190,190,0
2022-04-27 11:40:00,189,189,190,190,0
2022-04-27 11:41:00,189,189,190,190,0
2022-04-27 11:42:00,189,189,190,190,0
2022-04-27 11:43:00,189,189,190,190,0
2022-04-27 11:44:00,189,189,190,190,0
2022-04-27 11:45:00,189,189,190,190,0
2022-04-27 11:46:00,189,189,190,190,0
2022-04-27 11:47:00,189,189,190,190,0
2022-04-27 11:48:00,189,189,190,190,0
2022-04-27 11:49:00,189,189,190,190,0
2022-04-27 11:50:00,189,189,190,190,0
2022-04-27 11:51:00,189,189,190,190,0
2022-04-27 11:52:00,189,189,190,190,0
2022-04-27 11:53:00,189,189,190,190,0
2022-04-27 11:54:00,189,189,190,190,0
2022-04-27 11:55:00,189,189,190,190,0
2022-04-27 11:56:00,189,189,190,190,0
2022-04-27 11:57:00,189,189,190,190,0
2022-04-27 11:58:00,189,189,190,190,0
2022-04-27 11:59:00,189,189,190,190,0
2022-04-27 12:00:00,189,189,190,190,0
2022-04-27 12:01:00,189,189,190,190,0
2022-04-27 12:02:00,189,189,190,190,0
2022-04-27 12:03:00,189,189,190,190,0
2022-04-27 12:04:00,189,189,190,190,0
2022-04-27 12:05:00,189,189,190,190,0
2022-04-27 12:06:00,189,189,190,190,0
2022-04-27 12:07:00,189,189,190,190,0
2022-04-27 12:08:00,189,189,190,190,0
2022-04-27 12:09:00,189,189,190,190,0
2022-04-27 12:10:00,189,189,190,190,0
2022-04-27 12:11:00,189,189,190,190,0
2022-04-27 12:12:00,189,189,190,190,0
2022-04-27 12:13:00,189,189,190,190,0
2022-04-27 12:14:00,189,189,190,190,0
2022-04-27 12:15:00,189,189,190,190,0
2022-04-27 12:16:00,189,189,190,190,0
2022-04-27 12:17:00,189,189,190,190,0
2022-04-27 12:18:00,189,189,190,190,0
2022-04-27 12:19:00,189,189,190,190,0
2022-04-27 12:20:00,189,189,190,190,0
2022-04-27 12:21:00,189,189,190,190,0
2022-04-27 12:22:00,189,189,190,190,0
2022-04-27 12:23:00,189,189,190,190,0
2022-04-27 12:24:00,189,189,190,190,0
2022-04-27 12:25:00,189,189,190,190,0
2022-04-27 12:26:00,189,189,190,190,0
2022-04-27 12:27:00,189,189,190,190,0
2022-04-27 12:28:00,189,189,190,190,0
2022-04-27 12:29:00,189,189,190,190,0
2022-04-27 12:30:00,189,189,190,190,0
2022-04-27 12:31:00,189,189,190,190,0
2022-04-27 12:32:00,189,189,190,190,0
2022-04-27 12:33:00,189,189,190,190,0
2022-04-27 12:34:00,189,189,190,190,0
2022-04-27 12:35:00,189,189,190,190,0
2022-04-27 12:36:00,189,189,190,190,0
2022-04-27 12:37:00,189,189,190,190,0
2022-04-27 12:38:00,189,189,190,190,0
2022-04-27 12:39:00,189,189,190,190,0
2022-04-27 12:40:00,189,189,190,190,0
2022-04-27 12:41:00,189,189,190,190,0
2022-04-27 12:42:00,189,189,190,190,0
2022-04-27 12:43:00,189,189,190,190,0
2022-04-27 12:44:00,189,189,190,190,0
2022-04-27 12:45:00,189,189,190,190,0
2022-04-27 12:46:00,189,189,190,190,0
2022-04-27 12:47:00,189,189,190,190,0
2022-04-27 12:48:00,189,189,190,190,0
2022-04-27 12:49:00,189,189,190,190,0
2022-04-27 12:50:00,189,189,190,190,0
2022-04-27 12:51:00,189,189,190,190,0
2022-04-27 12:52:00,189,189,190,190,0
2022-04-27 12:53:00,189,189,190,190,0
2022-04-27 12:54:00,189,189,190,190,0
2022-04-27 12:55:00,189,189,190,190,0
2022-04-27 12:56:00,189,189,190,190,0
2022-04-27 12:57:00,189,189,190,190,0
2022-04-27 12:58:00,189,189,190,190,0
2022-04-27 12:59:00,189,189,190,190,0
2022-04-27 13:00:00,189,189,190,190,0
2022-04-27 13:01:00,189,189,190,190,0
2022-04-27 13:02:00,189,189,190,190,0
2022-04-27 13:03:00,189,189,190,190,0
2022-04-27 13:04:00,189,189,190,190,0
2022-04-27 13:05:00,189,189,190,190,0
2022-04-27 13:06:00,189,189,190,190,0
2022-04-27 13:07:00,189,189,190,190,0
2022-04-27 13:08:00,189,189,190,190,0
2022-04-27 13:09:00,189,189,190,190,0
2022-04-27 13:10:00,189,189,190,190,0
2022-04-27 13:11:00,189,189,190,190,0
2022-04-27 13:12:00,189,189,190,190,0
2022-04-27 13:13:00,189,189,190,190,0
2022-04-27 13:14:00,189,189,190,190,0
2022-04-27 13:15:00,189,189,190,190,0
2022-04-27 13:16:00,189,189,190,190,0
2022-04-27 13:17:00,189,189,190,190,0
2022-04-27 13:18:00,189,189,190,190,0
2022-04-27 13:19:00,189,189,190,190,0
2022-04-27 13:20:00,189,189,190,190,0
2022-04-27 13:21:00,189,189,190,190,0
2022-04-27 13:22:00,189,189,190,190,0
2022-04-27 13:23:00,189,189,190,190,0
2022-04-27 13:24:00,189,189,190,190,0
2022-04-27 13:25:00,189,189,190,190,0
2022-04-27 13:26:00,189,189,190,190,0
2022-04-27 13:27:00,189,189,190,190,0
2022-04-27 13:28:00,189,189,190,190,0
2022-04-27 13:29:00,189,189,190,190,0
2022-04-27 13:30:00,190,190,191,191,305000
2022-04-27 13:31:00,190,190,191,191,0
2022-04-27 13:32:00,191,191,191,191,5000
2022-04-27 13:33:00,190,190,190,190,107800
2022-04-27 13:34:00,190,190,190,190,2500
2022-04-27 13:35:00,190,190,190,190,0
2022-04-27 13:36:00,190,190,190,190,0
2022-04-27 13:37:00,190,190,190,190,9500
2022-04-27 13:38:00,190,189,190,189,120200
2022-04-27 13:39:00,190,189,190,189,0
2022-04-27 13:40:00,189,189,189,189,1000
2022-04-27 13:41:00,189,189,189,189,0
2022-04-27 13:42:00,189,189,189,189,1000
2022-04-27 13:43:00,189,189,189,189,0
2022-04-27 13:44:00,189,189,189,189,0
2022-04-27 13:45:00,189,189,189,189,0
2022-04-27 13:46:00,189,189,189,189,0
2022-04-27 13:47:00,189,189,189,189,0
2022-04-27 13:48:00,189,189,189,189,0
2022-04-27 13:49:00,189,189,189,189,0
2022-04-27 13:50:00,189,189,189,189,8000
2022-04-27 13:51:00,189,189,189,189,0
2022-04-27 13:52:00,189,189,189,189,0
2022-04-27 13:53:00,189,189,189,189,5000
2022-04-27 13:54:00,188,188,188,188,39900
2022-04-27 13:55:00,189,189,189,189,61700
2022-04-27 13:56:00,189,189,189,189,0
2022-04-27 13:57:00,189,189,189,189,30000
2022-04-27 13:58:00,189,189,189,189,0
2022-04-27 13:59:00,189,189,191,191,260300
2022-04-27 14:00:00,190,190,190,190,5900
2022-04-27 14:01:00,190,190,190,190,0
2022-04-27 14:02:00,190,190,190,190,0
2022-04-27 14:03:00,190,190,190,190,0
2022-04-27 14:04:00,190,190,190,190,0
2022-04-27 14:05:00,190,190,190,190,26200
2022-04-27 14:06:00,190,190,190,190,0
2022-04-27 14:07:00,190,190,190,190,0
2022-04-27 14:08:00,190,190,190,190,0
2022-04-27 14:09:00,189,189,189,189,200
2022-04-27 14:10:00,189,189,189,189,0
2022-04-27 14:11:00,190,190,190,190,10000
2022-04-27 14:12:00,189,189,189,189,20600
2022-04-27 14:13:00,189,189,189,189,0
2022-04-27 14:14:00,189,189,189,189,30000
2022-04-27 14:15:00,189,189,189,189,0
2022-04-27 14:16:00,189,189,189,189,0
2022-04-27 14:17:00,189,189,189,189,0
2022-04-27 14:18:00,189,189,189,189,0
2022-04-27 14:19:00,189,189,189,189,35000
2022-04-27 14:20:00,189,189,189,189,0
2022-04-27 14:21:00,189,189,189,189,600
2022-04-27 14:22:00,189,189,189,189,1000
2022-04-27 14:23:00,189,189,189,189,0
2022-04-27 14:24:00,189,189,189,189,0
2022-04-27 14:25:00,189,189,189,189,25000
2022-04-27 14:26:00,189,189,189,189,0
2022-04-27 14:27:00,189,189,189,189,200
2022-04-27 14:28:00,190,190,190,190,10000
2022-04-27 14:29:00,190,190,190,190,0
2022-04-27 14:30:00,190,190,190,190,60000
2022-04-27 14:31:00,190,190,190,190,18600
2022-04-27 14:32:00,190,190,190,190,26400
2022-04-27 14:33:00,189,189,189,189,20000
2022-04-27 14:34:00,189,189,189,189,0
2022-04-27 14:35:00,189,189,189,189,0
2022-04-27 14:36:00,189,189,189,189,0
2022-04-27 14:37:00,189,189,189,189,0
2022-04-27 14:38:00,189,189,189,189,16000
2022-04-27 14:39:00,189,189,189,189,0
2022-04-27 14:40:00,189,189,189,189,0
2022-04-27 14:41:00,189,189,189,189,30000
2022-04-27 14:42:00,189,189,189,189,0
2022-04-27 14:43:00,190,190,190,190,1000
2022-04-27 14:44:00,190,190,190,190,0
2022-04-27 14:45:00,190,190,190,190,2100
2022-04-27 14:46:00,190,190,190,190,0
2022-04-27 14:47:00,190,190,190,190,0
2022-04-27 14:48:00,190,190,190,190,1300
2022-04-27 14:49:00,189,189,190,190,44400
2022-04-27 14:50:00,189,189,190,190,0
2022-04-27 14:51:00,189,189,190,190,0
2022-04-27 14:52:00,189,189,190,190,0
2022-04-27 14:53:00,189,189,190,190,0
2022-04-27 14:54:00,189,189,190,190,0
2022-04-27 14:55:00,189,189,190,190,0
2022-04-27 14:56:00,189,189,190,190,0
2022-04-27 14:57:00,189,189,190,190,0
2022-04-27 14:58:00,189,189,190,190,0
2022-04-27 14:59:00,189,189,190,190,0
2022-04-27 15:00:00,189,189,189,189,602500
2022-04-27 15:01:00,189,189,189,189,53900
2022-04-27 15:02:00,189,189,189,189,0
2022-04-27 15:03:00,189,189,189,189,0
2022-04-27 15:04:00,189,189,189,189,0
2022-04-27 15:05:00,189,189,189,189,7000
2022-04-27 15:06:00,189,189,189,189,0
2022-04-27 15:07:00,189,189,189,189,0
2022-04-27 15:08:00,189,189,189,189,0
2022-04-27 15:09:00,189,189,189,189,15000
2022-04-27 15:10:00,189,189,189,189,0
2022-04-27 15:11:00,189,189,189,189,30000
2022-04-27 15:12:00,189,189,189,189,0
2022-04-27 15:13:00,189,189,189,189,0
2022-04-27 15:14:00,189,189,189,189,0
2022-04-27 15:15:00,189,189,189,189,0
2022-04-27 15:16:00,189,189,189,189,0
2022-04-27 15:17:00,189,189,189,189,0
2022-04-27 15:18:00,189,189,189,189,0
2022-04-27 15:19:00,189,189,189,189,0
2022-04-27 15:20:00,189,189,189,189,0
2022-04-27 15:21:00,189,189,189,189,0
2022-04-27 15:22:00,189,189,189,189,0
2022-04-27 15:23:00,189,189,189,189,0
2022-04-27 15:24:00,189,189,189,189,0
2022-04-27 15:25:00,189,189,189,189,0
2022-04-27 15:26:00,189,189,189,189,0
2022-04-27 15:27:00,189,189,189,189,0
2022-04-27 15:28:00,189,189,189,189,0
2022-04-27 15:29:00,189,189,189,189,0
2022-04-27 15:30:00,189,189,189,189,0
2022-04-27 15:31:00,189,189,189,189,0
2022-04-27 15:32:00,189,189,189,189,0
2022-04-27 15:33:00,189,189,189,189,0
2022-04-27 15:34:00,189,189,189,189,0
2022-04-27 15:35:00,189,189,189,189,0
2022-04-27 15:36:00,189,189,189,189,0
2022-04-27 15:37:00,189,189,189,189,0
2022-04-27 15:38:00,189,189,189,189,0
2022-04-27 15:39:00,189,189,189,189,0
2022-04-27 15:40:00,189,189,189,189,0
2022-04-27 15:41:00,189,189,189,189,0
2022-04-27 15:42:00,189,189,189,189,0
2022-04-27 15:43:00,189,189,189,189,0
2022-04-27 15:44:00,189,189,189,189,0
2022-04-27 15:45:00,189,189,189,189,0
2022-04-27 15:46:00,189,189,189,189,0
2022-04-27 15:47:00,189,189,189,189,0
2022-04-27 15:48:00,189,189,189,189,0
2022-04-27 15:49:00,189,189,189,189,0
2022-04-27 15:50:00,189,189,189,189,0
2022-04-27 15:51:00,189,189,189,189,0
2022-04-27 15:52:00,189,189,189,189,0
2022-04-27 15:53:00,189,189,189,189,0
2022-04-27 15:54:00,189,189,189,189,0
2022-04-27 15:55:00,189,189,189,189,0
2022-04-27 15:56:00,189,189,189,189,0
2022-04-27 15:57:00,189,189,189,189,0
2022-04-27 15:58:00,189,189,189,189,0
2022-04-27 15:59:00,189,189,189,189,0
2022-04-28 09:00:00,190,189,190,189,0
2022-04-28 09:01:00,190,189,190,189,0
2022-04-28 09:02:00,190,190,190,190,5000
2022-04-28 09:03:00,190,190,190,190,0
2022-04-28 09:04:00,190,190,190,190,0
2022-04-28 09:05:00,190,190,190,190,75800
2022-04-28 09:06:00,191,191,191,191,49000
2022-04-28 09:07:00,191,191,191,191,0
2022-04-28 09:08:00,192,191,192,191,14200
2022-04-28 09:09:00,192,192,192,192,136900
2022-04-28 09:10:00,192,192,192,192,12000
2022-04-28 09:11:00,193,192,194,194,4673900
2022-04-28 09:12:00,194,194,196,195,575300
2022-04-28 09:13:00,195,195,197,196,367100
2022-04-28 09:14:00,196,196,197,196,135000
2022-04-28 09:15:00,197,197,197,197,73600
2022-04-28 09:16:00,196,196,196,196,13700
2022-04-28 09:17:00,197,196,198,198,331000
2022-04-28 09:18:00,198,197,199,199,433200
2022-04-28 09:19:00,198,198,199,198,294400
2022-04-28 09:20:00,198,197,198,198,126800
2022-04-28 09:21:00,198,198,198,198,16100
2022-04-28 09:22:00,198,197,198,197,604300
2022-04-28 09:23:00,196,196,199,199,656300
2022-04-28 09:24:00,199,199,200,200,566100
2022-04-28 09:25:00,200,200,202,200,102100
2022-04-28 09:26:00,202,202,202,202,745800
2022-04-28 09:27:00,202,200,204,200,457800
2022-04-28 09:28:00,200,198,200,199,132300
2022-04-28 09:29:00,198,198,199,199,230500
2022-04-28 09:30:00,199,199,199,199,166700
2022-04-28 09:31:00,199,198,199,198,28100
2022-04-28 09:32:00,198,198,199,198,28900
2022-04-28 09:33:00,198,198,198,198,83500
2022-04-28 09:34:00,198,198,198,198,182000
2022-04-28 09:35:00,198,197,198,198,221000
2022-04-28 09:36:00,198,198,198,198,95500
2022-04-28 09:37:00,198,198,198,198,2000
2022-04-28 09:38:00,197,197,198,197,60100
2022-04-28 09:39:00,197,197,197,197,148600
2022-04-28 09:40:00,197,197,197,197,104100
2022-04-28 09:41:00,197,197,197,197,40500
2022-04-28 09:42:00,197,197,197,197,0
2022-04-28 09:43:00,197,196,197,196,202800
2022-04-28 09:44:00,196,196,197,197,56600
2022-04-28 09:45:00,197,197,198,198,313700
2022-04-28 09:46:00,198,198,198,198,4600
2022-04-28 09:47:00,198,198,198,198,43400
2022-04-28 09:48:00,198,198,199,199,53400
2022-04-28 09:49:00,198,198,198,198,500
2022-04-28 09:50:00,199,199,200,200,260400
2022-04-28 09:51:00,199,199,199,199,60400
2022-04-28 09:52:00,198,198,198,198,200
2022-04-28 09:53:00,199,198,199,198,1200
2022-04-28 09:54:00,199,198,199,198,0
2022-04-28 09:55:00,198,198,198,198,36200
2022-04-28 09:56:00,198,198,198,198,93100
2022-04-28 09:57:00,198,198,198,198,76900
2022-04-28 09:58:00,198,198,198,198,30000
2022-04-28 09:59:00,198,198,198,198,0
2022-04-28 10:00:00,198,198,198,198,0
2022-04-28 10:01:00,198,197,198,198,5900
2022-04-28 10:02:00,199,198,199,199,110200
2022-04-28 10:03:00,199,198,199,198,2100
2022-04-28 10:04:00,199,198,199,198,0
2022-04-28 10:05:00,199,198,199,198,0
2022-04-28 10:06:00,198,198,199,199,5500
2022-04-28 10:07:00,198,198,199,199,0
2022-04-28 10:08:00,198,198,198,198,24700
2022-04-28 10:09:00,199,199,199,199,200
2022-04-28 10:10:00,198,198,199,199,155700
2022-04-28 10:11:00,199,198,200,200,263000
2022-04-28 10:12:00,200,200,200,200,2000
2022-04-28 10:13:00,200,199,200,199,10100
2022-04-28 10:14:00,200,199,200,199,0
2022-04-28 10:15:00,200,199,200,199,0
2022-04-28 10:16:00,199,199,200,200,5600
2022-04-28 10:17:00,199,199,199,199,200
2022-04-28 10:18:00,199,199,199,199,1500
2022-04-28 10:19:00,199,199,199,199,11500
2022-04-28 10:20:00,199,199,200,200,9800
2022-04-28 10:21:00,200,200,200,200,30800
2022-04-28 10:22:00,199,199,200,200,367100
2022-04-28 10:23:00,200,200,200,200,124000
2022-04-28 10:24:00,200,199,200,200,27000
2022-04-28 10:25:00,199,199,200,199,297900
2022-04-28 10:26:00,199,199,200,199,0
2022-04-28 10:27:00,200,200,200,200,5000
2022-04-28 10:28:00,200,200,200,200,0
2022-04-28 10:29:00,200,200,200,200,0
2022-04-28 10:30:00,199,199,199,199,50000
2022-04-28 10:31:00,199,199,200,199,45600
2022-04-28 10:32:00,200,199,200,200,53200
2022-04-28 10:33:00,200,199,200,200,0
2022-04-28 10:34:00,199,199,199,199,3100
2022-04-28 10:35:00,199,199,200,200,1300
2022-04-28 10:36:00,199,199,200,200,0
2022-04-28 10:37:00,199,199,199,199,100
2022-04-28 10:38:00,199,199,200,200,5100
2022-04-28 10:39:00,199,199,199,199,13300
2022-04-28 10:40:00,199,199,200,200,12000
2022-04-28 10:41:00,199,199,200,200,0
2022-04-28 10:42:00,200,200,200,200,275600
2022-04-28 10:43:00,200,200,200,200,0
2022-04-28 10:44:00,200,200,200,200,0
2022-04-28 10:45:00,200,200,200,200,17100
2022-04-28 10:46:00,200,200,200,200,0
2022-04-28 10:47:00,200,200,200,200,0
2022-04-28 10:48:00,200,200,200,200,0
2022-04-28 10:49:00,200,200,200,200,0
2022-04-28 10:50:00,199,199,199,199,2200
2022-04-28 10:51:00,199,199,200,199,90700
2022-04-28 10:52:00,199,199,199,199,2000
2022-04-28 10:53:00,199,198,199,198,118600
2022-04-28 10:54:00,199,199,199,199,5100
2022-04-28 10:55:00,199,199,199,199,1900
2022-04-28 10:56:00,199,199,199,199,12700
2022-04-28 10:57:00,200,200,200,200,100
2022-04-28 10:58:00,200,199,200,200,3600
2022-04-28 10:59:00,200,197,200,198,816400
2022-04-28 11:00:00,198,198,200,200,28400
2022-04-28 11:01:00,199,199,200,199,99100
2022-04-28 11:02:00,199,199,199,199,500
2022-04-28 11:03:00,199,199,199,199,1000
2022-04-28 11:04:00,199,199,199,199,300
2022-04-28 11:05:00,199,199,200,200,50000
2022-04-28 11:06:00,199,199,200,200,0
2022-04-28 11:07:00,198,198,198,198,100
2022-04-28 11:08:00,199,199,199,199,100
2022-04-28 11:09:00,199,199,199,199,10500
2022-04-28 11:10:00,199,199,199,199,40200
2022-04-28 11:11:00,199,198,199,198,10200
2022-04-28 11:12:00,198,198,200,200,1039200
2022-04-28 11:13:00,202,200,202,200,197300
2022-04-28 11:14:00,202,202,202,202,5100
2022-04-28 11:15:00,200,200,202,202,1200
2022-04-28 11:16:00,200,200,202,202,21000
2022-04-28 11:17:00,200,200,202,202,0
2022-04-28 11:18:00,200,200,202,202,0
2022-04-28 11:19:00,200,200,200,200,3400
2022-04-28 11:20:00,200,200,200,200,118800
2022-04-28 11:21:00,200,200,200,200,300
2022-04-28 11:22:00,200,200,200,200,0
2022-04-28 11:23:00,200,200,200,200,1000
2022-04-28 11:24:00,200,200,200,200,56400
2022-04-28 11:25:00,200,200,200,200,50200
2022-04-28 11:26:00,200,200,200,200,24500
2022-04-28 11:27:00,200,200,200,200,10300
2022-04-28 11:28:00,200,200,200,200,34100
2022-04-28 11:29:00,200,200,200,200,25300
2022-04-28 11:30:00,200,200,200,200,0
2022-04-28 11:31:00,200,200,200,200,0
2022-04-28 11:32:00,200,200,200,200,0
2022-04-28 11:33:00,200,200,200,200,0
2022-04-28 11:34:00,200,200,200,200,0
2022-04-28 11:35:00,200,200,200,200,0
2022-04-28 11:36:00,200,200,200,200,0
2022-04-28 11:37:00,200,200,200,200,0
2022-04-28 11:38:00,200,200,200,200,0
2022-04-28 11:39:00,200,200,200,200,0
2022-04-28 11:40:00,200,200,200,200,0
2022-04-28 11:41:00,200,200,200,200,0
2022-04-28 11:42:00,200,200,200,200,0
2022-04-28 11:43:00,200,200,200,200,0
2022-04-28 11:44:00,200,200,200,200,0
2022-04-28 11:45:00,200,200,200,200,0
2022-04-28 11:46:00,200,200,200,200,0
2022-04-28 11:47:00,200,200,200,200,0
2022-04-28 11:48:00,200,200,200,200,0
2022-04-28 11:49:00,200,200,200,200,0
2022-04-28 11:50:00,200,200,200,200,0
2022-04-28 11:51:00,200,200,200,200,0
2022-04-28 11:52:00,200,200,200,200,0
2022-04-28 11:53:00,200,200,200,200,0
2022-04-28 11:54:00,200,200,200,200,0
2022-04-28 11:55:00,200,200,200,200,0
2022-04-28 11:56:00,200,200,200,200,0
2022-04-28 11:57:00,200,200,200,200,0
2022-04-28 11:58:00,200,200,200,200,0
2022-04-28 11:59:00,200,200,200,200,0
2022-04-28 12:00:00,200,200,200,200,0
2022-04-28 12:01:00,200,200,200,200,0
2022-04-28 12:02:00,200,200,200,200,0
2022-04-28 12:03:00,200,200,200,200,0
2022-04-28 12:04:00,200,200,200,200,0
2022-04-28 12:05:00,200,200,200,200,0
2022-04-28 12:06:00,200,200,200,200,0
2022-04-28 12:07:00,200,200,200,200,0
2022-04-28 12:08:00,200,200,200,200,0
2022-04-28 12:09:00,200,200,200,200,0
2022-04-28 12:10:00,200,200,200,200,0
2022-04-28 12:11:00,200,200,200,200,0
2022-04-28 12:12:00,200,200,200,200,0
2022-04-28 12:13:00,200,200,200,200,0
2022-04-28 12:14:00,200,200,200,200,0
2022-04-28 12:15:00,200,200,200,200,0
2022-04-28 12:16:00,200,200,200,200,0
2022-04-28 12:17:00,200,200,200,200,0
2022-04-28 12:18:00,200,200,200,200,0
2022-04-28 12:19:00,200,200,200,200,0
2022-04-28 12:20:00,200,200,200,200,0
2022-04-28 12:21:00,200,200,200,200,0
2022-04-28 12:22:00,200,200,200,200,0
2022-04-28 12:23:00,200,200,200,200,0
2022-04-28 12:24:00,200,200,200,200,0
2022-04-28 12:25:00,200,200,200,200,0
2022-04-28 12:26:00,200,200,200,200,0
2022-04-28 12:27:00,200,200,200,200,0
2022-04-28 12:28:00,200,200,200,200,0
2022-04-28 12:29:00,200,200,200,200,0
2022-04-28 12:30:00,200,200,200,200,0
2022-04-28 12:31:00,200,200,200,200,0
2022-04-28 12:32:00,200,200,200,200,0
2022-04-28 12:33:00,200,200,200,200,0
2022-04-28 12:34:00,200,200,200,200,0
2022-04-28 12:35:00,200,200,200,200,0
2022-04-28 12:36:00,200,200,200,200,0
2022-04-28 12:37:00,200,200,200,200,0
2022-04-28 12:38:00,200,200,200,200,0
2022-04-28 12:39:00,200,200,200,200,0
2022-04-28 12:40:00,200,200,200,200,0
2022-04-28 12:41:00,200,200,200,200,0
2022-04-28 12:42:00,200,200,200,200,0
2022-04-28 12:43:00,200,200,200,200,0
2022-04-28 12:44:00,200,200,200,200,0
2022-04-28 12:45:00,200,200,200,200,0
2022-04-28 12:46:00,200,200,200,200,0
2022-04-28 12:47:00,200,200,200,200,0
2022-04-28 12:48:00,200,200,200,200,0
2022-04-28 12:49:00,200,200,200,200,0
2022-04-28 12:50:00,200,200,200,200,0
2022-04-28 12:51:00,200,200,200,200,0
2022-04-28 12:52:00,200,200,200,200,0
2022-04-28 12:53:00,200,200,200,200,0
2022-04-28 12:54:00,200,200,200,200,0
2022-04-28 12:55:00,200,200,200,200,0
2022-04-28 12:56:00,200,200,200,200,0
2022-04-28 12:57:00,200,200,200,200,0
2022-04-28 12:58:00,200,200,200,200,0
2022-04-28 12:59:00,200,200,200,200,0
2022-04-28 13:00:00,200,200,200,200,0
2022-04-28 13:01:00,200,200,200,200,0
2022-04-28 13:02:00,200,200,200,200,0
2022-04-28 13:03:00,200,200,200,200,0
2022-04-28 13:04:00,200,200,200,200,0
2022-04-28 13:05:00,200,200,200,200,0
2022-04-28 13:06:00,200,200,200,200,0
2022-04-28 13:07:00,200,200,200,200,0
2022-04-28 13:08:00,200,200,200,200,0
2022-04-28 13:09:00,200,200,200,200,0
2022-04-28 13:10:00,200,200,200,200,0
2022-04-28 13:11:00,200,200,200,200,0
2022-04-28 13:12:00,200,200,200,200,0
2022-04-28 13:13:00,200,200,200,200,0
2022-04-28 13:14:00,200,200,200,200,0
2022-04-28 13:15:00,200,200,200,200,0
2022-04-28 13:16:00,200,200,200,200,0
2022-04-28 13:17:00,200,200,200,200,0
2022-04-28 13:18:00,200,200,200,200,0
2022-04-28 13:19:00,200,200,200,200,0
2022-04-28 13:20:00,200,200,200,200,0
2022-04-28 13:21:00,200,200,200,200,0
2022-04-28 13:22:00,200,200,200,200,0
2022-04-28 13:23:00,200,200,200,200,0
2022-04-28 13:24:00,200,200,200,200,0
2022-04-28 13:25:00,200,200,200,200,0
2022-04-28 13:26:00,200,200,200,200,0
2022-04-28 13:27:00,200,200,200,200,0
2022-04-28 13:28:00,200,200,200,200,0
2022-04-28 13:29:00,200,200,200,200,0
2022-04-28 13:30:00,202,202,208,208,7729800
2022-04-28 13:31:00,210,208,210,208,2650600
2022-04-28 13:32:00,210,208,212,210,1130400
2022-04-28 13:33:00,210,210,212,210,864200
2022-04-28 13:34:00,210,208,210,208,551500
2022-04-28 13:35:00,208,208,208,208,1189200
2022-04-28 13:36:00,208,208,210,208,674300
2022-04-28 13:37:00,208,208,210,210,574900
2022-04-28 13:38:00,210,208,210,210,717700
2022-04-28 13:39:00,208,208,210,210,130600
2022-04-28 13:40:00,208,208,214,214,4035600
2022-04-28 13:41:00,214,212,216,214,3895800
2022-04-28 13:42:00,216,210,216,214,2504700
2022-04-28 13:43:00,212,212,214,214,791300
2022-04-28 13:44:00,214,212,214,214,1092100
2022-04-28 13:45:00,214,214,216,214,493100
2022-04-28 13:46:00,214,212,214,214,233100
2022-04-28 13:47:00,214,210,214,210,919000
2022-04-28 13:48:00,210,208,214,214,1953900
2022-04-28 13:49:00,214,212,214,214,888400
2022-04-28 13:50:00,214,212,214,214,1058300
2022-04-28 13:51:00,214,214,216,216,784700
2022-04-28 13:52:00,216,214,216,216,808500
2022-04-28 13:53:00,216,216,218,216,4233400
2022-04-28 13:54:00,216,214,222,218,6066300
2022-04-28 13:55:00,218,216,218,218,1185100
2022-04-28 13:56:00,218,216,218,218,128800
2022-04-28 13:57:00,218,214,218,214,879300
2022-04-28 13:58:00,214,212,216,214,1282700
2022-04-28 13:59:00,214,212,216,212,1371500
2022-04-28 14:00:00,212,210,214,214,786800
2022-04-28 14:01:00,212,212,214,212,357800
2022-04-28 14:02:00,212,212,214,212,154000
2022-04-28 14:03:00,212,212,214,214,332300
2022-04-28 14:04:00,212,212,216,216,1744700
2022-04-28 14:05:00,214,214,216,214,269800
2022-04-28 14:06:00,214,214,216,214,229100
2022-04-28 14:07:00,214,214,216,216,148200
2022-04-28 14:08:00,214,214,216,216,136800
2022-04-28 14:09:00,216,214,216,214,240000
2022-04-28 14:10:00,214,214,216,214,998000
2022-04-28 14:11:00,214,212,216,214,631600
2022-04-28 14:12:00,214,212,214,214,187200
2022-04-28 14:13:00,214,214,216,214,54900
2022-04-28 14:14:00,214,212,214,214,163400
2022-04-28 14:15:00,212,212,214,212,229100
2022-04-28 14:16:00,212,212,214,214,71300
2022-04-28 14:17:00,214,214,216,216,280000
2022-04-28 14:18:00,216,214,216,214,381000
2022-04-28 14:19:00,216,214,216,214,336800
2022-04-28 14:20:00,214,214,216,216,175200
2022-04-28 14:21:00,214,214,216,216,237500
2022-04-28 14:22:00,214,214,216,216,250700
2022-04-28 14:23:00,214,214,216,216,113200
2022-04-28 14:24:00,216,214,216,214,334500
2022-04-28 14:25:00,212,212,214,214,118600
2022-04-28 14:26:00,212,212,214,214,121200
2022-04-28 14:27:00,212,212,214,212,74300
2022-04-28 14:28:00,212,212,214,214,211900
2022-04-28 14:29:00,212,212,214,214,105600
2022-04-28 14:30:00,212,210,214,212,1780100
2022-04-28 14:31:00,210,208,212,208,4927800
2022-04-28 14:32:00,208,208,210,210,421100
2022-04-28 14:33:00,208,208,210,210,160600
2022-04-28 14:34:00,210,208,210,208,94900
2022-04-28 14:35:00,210,208,210,210,168200
2022-04-28 14:36:00,210,208,210,208,396900
2022-04-28 14:37:00,208,208,210,208,290300
2022-04-28 14:38:00,208,208,210,208,2360400
2022-04-28 14:39:00,210,208,210,210,273400
2022-04-28 14:40:00,208,208,210,208,2777600
2022-04-28 14:41:00,210,210,212,210,1534400
2022-04-28 14:42:00,212,210,212,212,176400
2022-04-28 14:43:00,212,210,214,212,801100
2022-04-28 14:44:00,212,212,214,212,290900
2022-04-28 14:45:00,214,212,214,212,421900
2022-04-28 14:46:00,214,212,214,214,625100
2022-04-28 14:47:00,214,214,216,214,589000
2022-04-28 14:48:00,214,212,216,214,416200
2022-04-28 14:49:00,214,214,216,214,1483000
2022-04-28 14:50:00,214,214,214,214,1600
2022-04-28 14:51:00,214,214,214,214,0
2022-04-28 14:52:00,214,214,214,214,0
2022-04-28 14:53:00,214,214,214,214,0
2022-04-28 14:54:00,214,214,214,214,0
2022-04-28 14:55:00,214,214,214,214,0
2022-04-28 14:56:00,214,214,214,214,0
2022-04-28 14:57:00,214,214,214,214,0
2022-04-28 14:58:00,214,214,214,214,0
2022-04-28 14:59:00,214,214,214,214,0
2022-04-28 15:00:00,214,214,214,214,4291500
2022-04-28 15:01:00,214,214,214,214,1093300
2022-04-28 15:02:00,214,214,214,214,62800
2022-04-28 15:03:00,214,214,214,214,51300
2022-04-28 15:04:00,214,214,214,214,54100
2022-04-28 15:05:00,214,214,214,214,323800
2022-04-28 15:06:00,214,214,214,214,436500
2022-04-28 15:07:00,214,214,214,214,230400
2022-04-28 15:08:00,214,214,214,214,5700
2022-04-28 15:09:00,214,214,214,214,2100
2022-04-28 15:10:00,214,214,214,214,3500
2022-04-28 15:11:00,214,214,214,214,0
2022-04-28 15:12:00,214,214,214,214,100
2022-04-28 15:13:00,214,214,214,214,600
2022-04-28 15:14:00,214,214,214,214,24200
2022-04-28 15:15:00,214,214,214,214,0
2022-04-28 15:16:00,214,214,214,214,0
2022-04-28 15:17:00,214,214,214,214,0
2022-04-28 15:18:00,214,214,214,214,0
2022-04-28 15:19:00,214,214,214,214,0
2022-04-28 15:20:00,214,214,214,214,0
2022-04-28 15:21:00,214,214,214,214,0
2022-04-28 15:22:00,214,214,214,214,0
2022-04-28 15:23:00,214,214,214,214,0
2022-04-28 15:24:00,214,214,214,214,0
2022-04-28 15:25:00,214,214,214,214,0
2022-04-28 15:26:00,214,214,214,214,0
2022-04-28 15:27:00,214,214,214,214,0
2022-04-28 15:28:00,214,214,214,214,0
2022-04-28 15:29:00,214,214,214,214,0
2022-04-28 15:30:00,214,214,214,214,0
2022-04-28 15:31:00,214,214,214,214,0
2022-04-28 15:32:00,214,214,214,214,0
2022-04-28 15:33:00,214,214,214,214,0
2022-04-28 15:34:00,214,214,214,214,0
2022-04-28 15:35:00,214,214,214,214,0
2022-04-28 15:36:00,214,214,214,214,0
2022-04-28 15:37:00,214,214,214,214,0
2022-04-28 15:38:00,214,214,214,214,0
2022-04-28 15:39:00,214,214,214,214,0
2022-04-28 15:40:00,214,214,214,214,0
2022-04-28 15:41:00,214,214,214,214,0
2022-04-28 15:42:00,214,214,214,214,0
2022-04-28 15:43:00,214,214,214,214,0
2022-04-28 15:44:00,214,214,214,214,0
2022-04-28 15:45:00,214,214,214,214,0
2022-04-28 15:46:00,214,214,214,214,0
2022-04-28 15:47:00,214,214,214,214,0
2022-04-28 15:48:00,214,214,214,214,0
2022-04-28 15:49:00,214,214,214,214,0
2022-04-28 15:50:00,214,214,214,214,0
2022-04-28 15:51:00,214,214,214,214,0
2022-04-28 15:52:00,214,214,214,214,0
2022-04-28 15:53:00,214,214,214,214,0
2022-04-28 15:54:00,214,214,214,214,0
2022-04-28 15:55:00,214,214,214,214,0
2022-04-28 15:56:00,214,214,214,214,0
2022-04-28 15:57:00,214,214,214,214,0
2022-04-28 15:58:00,214,214,214,214,0
2022-04-28 15:59:00,214,214,214,214,0
2022-04-29 09:00:00,214,214,214,214,0
2022-04-29 09:01:00,214,214,214,214,0
2022-04-29 09:02:00,214,214,214,214,0
2022-04-29 09:03:00,214,214,214,214,0
2022-04-29 09:04:00,214,214,214,214,0
2022-04-29 09:05:00,214,214,214,214,0
2022-04-29 09:06:00,214,214,214,214,0
2022-04-29 09:07:00,214,214,214,214,0
2022-04-29 09:08:00,214,214,214,214,0
2022-04-29 09:09:00,214,214,214,214,0
2022-04-29 09:10:00,214,214,214,214,0
2022-04-29 09:11:00,214,214,214,214,0
2022-04-29 09:12:00,214,214,214,214,0
2022-04-29 09:13:00,214,214,214,214,0
2022-04-29 09:14:00,214,214,214,214,0
2022-04-29 09:15:00,214,214,214,214,0
2022-04-29 09:16:00,214,214,214,214,0
2022-04-29 09:17:00,214,214,214,214,0
2022-04-29 09:18:00,214,214,214,214,0
2022-04-29 09:19:00,214,214,214,214,0
2022-04-29 09:20:00,214,214,214,214,0
2022-04-29 09:21:00,214,214,214,214,0
2022-04-29 09:22:00,214,214,214,214,0
2022-04-29 09:23:00,214,214,214,214,0
2022-04-29 09:24:00,214,214,214,214,0
2022-04-29 09:25:00,214,214,214,214,0
2022-04-29 09:26:00,214,214,214,214,0
2022-04-29 09:27:00,214,214,214,214,0
2022-04-29 09:28:00,214,214,214,214,0
2022-04-29 09:29:00,214,214,214,214,0
2022-04-29 09:30:00,214,214,214,214,0
2022-04-29 09:31:00,214,214,214,214,0
2022-04-29 09:32:00,214,214,214,214,0
2022-04-29 09:33:00,214,214,214,214,0
2022-04-29 09:34:00,214,214,214,214,0
2022-04-29 09:35:00,214,214,214,214,0
2022-04-29 09:36:00,214,214,214,214,0
2022-04-29 09:37:00,214,214,214,214,0
2022-04-29 09:38:00,214,214,214,214,0
2022-04-29 09:39:00,214,214,214,214,0
2022-04-29 09:40:00,214,214,214,214,0
2022-04-29 09:41:00,214,214,214,214,0
2022-04-29 09:42:00,214,214,214,214,0
2022-04-29 09:43:00,214,214,214,214,0
2022-04-29 09:44:00,214,214,214,214,0
2022-04-29 09:45:00,214,214,214,214,0
2022-04-29 09:46:00,214,214,214,214,0
2022-04-29 09:47:00,214,214,214,214,0
2022-04-29 09:48:00,214,214,214,214,0
2022-04-29 09:49:00,214,214,214,214,0
2022-04-29 09:50:00,214,214,214,214,0
2022-04-29 09:51:00,214,214,214,214,0
2022-04-29 09:52:00,214,214,214,214,0
2022-04-29 09:53:00,214,214,214,214,0
2022-04-29 09:54:00,214,214,214,214,0
2022-04-29 09:55:00,214,214,214,214,0
2022-04-29 09:56:00,214,214,214,214,0
2022-04-29 09:57:00,214,214,214,214,0
2022-04-29 09:58:00,214,214,214,214,0
2022-04-29 09:59:00,214,214,214,214,0
2022-04-29 10:00:00,214,214,214,214,0
2022-04-29 10:01:00,214,214,214,214,0
2022-04-29 10:02:00,214,214,214,214,0
2022-04-29 10:03:00,214,214,214,214,0
2022-04-29 10:04:00,214,214,214,214,0
2022-04-29 10:05:00,214,214,214,214,0
2022-04-29 10:06:00,214,214,214,214,0
2022-04-29 10:07:00,214,214,214,214,0
2022-04-29 10:08:00,214,214,214,214,0
2022-04-29 10:09:00,214,214,214,214,0
2022-04-29 10:10:00,214,214,214,214,0
2022-04-29 10:11:00,214,214,214,214,0
2022-04-29 10:12:00,214,214,214,214,0
2022-04-29 10:13:00,214,214,214,214,0
2022-04-29 10:14:00,214,214,214,214,0
2022-04-29 10:15:00,214,214,214,214,0
2022-04-29 10:16:00,214,214,214,214,0
2022-04-29 10:17:00,214,214,214,214,0
2022-04-29 10:18:00,214,214,214,214,0
2022-04-29 10:19:00,214,214,214,214,0
2022-04-29 10:20:00,214,214,214,214,0
2022-04-29 10:21:00,214,214,214,214,0
2022-04-29 10:22:00,214,214,214,214,0
2022-04-29 10:23:00,214,214,214,214,0
2022-04-29 10:24:00,214,214,214,214,0
2022-04-29 10:25:00,214,214,214,214,0
2022-04-29 10:26:00,214,214,214,214,0
2022-04-29 10:27:00,214,214,214,214,0
2022-04-29 10:28:00,214,214,214,214,0
2022-04-29 10:29:00,214,214,214,214,0
2022-04-29 10:30:00,214,214,214,214,0
2022-04-29 10:31:00,214,214,214,214,0
2022-04-29 10:32:00,214,214,214,214,0
2022-04-29 10:33:00,214,214,214,214,0
2022-04-29 10:34:00,214,214,214,214,0
2022-04-29 10:35:00,214,214,214,214,0
2022-04-29 10:36:00,214,214,214,214,0
2022-04-29 10:37:00,214,214,214,214,0
2022-04-29 10:38:00,214,214,214,214,0
2022-04-29 10:39:00,214,214,214,214,0
2022-04-29 10:40:00,214,214,214,214,0
2022-04-29 10:41:00,214,214,214,214,0
2022-04-29 10:42:00,214,214,214,214,0
2022-04-29 10:43:00,214,214,214,214,0
2022-04-29 10:44:00,214,214,214,214,0
2022-04-29 10:45:00,214,214,214,214,0
2022-04-29 10:46:00,214,214,214,214,0
2022-04-29 10:47:00,214,214,214,214,0
2022-04-29 10:48:00,214,214,214,214,0
2022-04-29 10:49:00,214,214,214,214,0
2022-04-29 10:50:00,214,214,214,214,0
2022-04-29 10:51:00,214,214,214,214,0
2022-04-29 10:52:00,214,214,214,214,0
2022-04-29 10:53:00,214,214,214,214,0
2022-04-29 10:54:00,214,214,214,214,0
2022-04-29 10:55:00,214,214,214,214,0
2022-04-29 10:56:00,214,214,214,214,0
2022-04-29 10:57:00,214,214,214,214,0
2022-04-29 10:58:00,214,214,214,214,0
2022-04-29 10:59:00,214,214,214,214,0
2022-04-29 11:00:00,214,214,214,214,0
2022-04-29 11:01:00,214,214,214,214,0
2022-04-29 11:02:00,214,214,214,214,0
2022-04-29 11:03:00,214,214,214,214,0
2022-04-29 11:04:00,214,214,214,214,0
2022-04-29 11:05:00,214,214,214,214,0
2022-04-29 11:06:00,214,214,214,214,0
2022-04-29 11:07:00,214,214,214,214,0
2022-04-29 11:08:00,214,214,214,214,0
2022-04-29 11:09:00,214,214,214,214,0
2022-04-29 11:10:00,214,214,214,214,0
2022-04-29 11:11:00,214,214,214,214,0
2022-04-29 11:12:00,214,214,214,214,0
2022-04-29 11:13:00,214,214,214,214,0
2022-04-29 11:14:00,214,214,214,214,0
2022-04-29 11:15:00,214,214,214,214,0
2022-04-29 11:16:00,214,214,214,214,0
2022-04-29 11:17:00,214,214,214,214,0
2022-04-29 11:18:00,214,214,214,214,0
2022-04-29 11:19:00,214,214,214,214,0
2022-04-29 11:20:00,214,214,214,214,0
2022-04-29 11:21:00,214,214,214,214,0
2022-04-29 11:22:00,214,214,214,214,0
2022-04-29 11:23:00,214,214,214,214,0
2022-04-29 11:24:00,214,214,214,214,0
2022-04-29 11:25:00,214,214,214,214,0
2022-04-29 11:26:00,214,214,214,214,0
2022-04-29 11:27:00,214,214,214,214,0
2022-04-29 11:28:00,214,214,214,214,0
2022-04-29 11:29:00,214,214,214,214,0
2022-04-29 11:30:00,214,214,214,214,0
2022-04-29 11:31:00,214,214,214,214,0
2022-04-29 11:32:00,214,214,214,214,0
2022-04-29 11:33:00,214,214,214,214,0
2022-04-29 11:34:00,214,214,214,214,0
2022-04-29 11:35:00,214,214,214,214,0
2022-04-29 11:36:00,214,214,214,214,0
2022-04-29 11:37:00,214,214,214,214,0
2022-04-29 11:38:00,214,214,214,214,0
2022-04-29 11:39:00,214,214,214,214,0
2022-04-29 11:40:00,214,214,214,214,0
2022-04-29 11:41:00,214,214,214,214,0
2022-04-29 11:42:00,214,214,214,214,0
2022-04-29 11:43:00,214,214,214,214,0
2022-04-29 11:44:00,214,214,214,214,0
2022-04-29 11:45:00,214,214,214,214,0
2022-04-29 11:46:00,214,214,214,214,0
2022-04-29 11:47:00,214,214,214,214,0
2022-04-29 11:48:00,214,214,214,214,0
2022-04-29 11:49:00,214,214,214,214,0
2022-04-29 11:50:00,214,214,214,214,0
2022-04-29 11:51:00,214,214,214,214,0
2022-04-29 11:52:00,214,214,214,214,0
2022-04-29 11:53:00,214,214,214,214,0
2022-04-29 11:54:00,214,214,214,214,0
2022-04-29 11:55:00,214,214,214,214,0
2022-04-29 11:56:00,214,214,214,214,0
2022-04-29 11:57:00,214,214,214,214,0
2022-04-29 11:58:00,214,214,214,214,0
2022-04-29 11:59:00,214,214,214,214,0
2022-04-29 12:00:00,214,214,214,214,0
2022-04-29 12:01:00,214,214,214,214,0
2022-04-29 12:02:00,214,214,214,214,0
2022-04-29 12:03:00,214,214,214,214,0
2022-04-29 12:04:00,214,214,214,214,0
2022-04-29 12:05:00,214,214,214,214,0
2022-04-29 12:06:00,214,214,214,214,0
2022-04-29 12:07:00,214,214,214,214,0
2022-04-29 12:08:00,214,214,214,214,0
2022-04-29 12:09:00,214,214,214,214,0
2022-04-29 12:10:00,214,214,214,214,0
2022-04-29 12:11:00,214,214,214,214,0
2022-04-29 12:12:00,214,214,214,214,0
2022-04-29 12:13:00,214,214,214,214,0
2022-04-29 12:14:00,214,214,214,214,0
2022-04-29 12:15:00,214,214,214,214,0
2022-04-29 12:16:00,214,214,214,214,0
2022-04-29 12:17:00,214,214,214,214,0
2022-04-29 12:18:00,214,214,214,214,0
2022-04-29 12:19:00,214,214,214,214,0
2022-04-29 12:20:00,214,214,214,214,0
2022-04-29 12:21:00,214,214,214,214,0
2022-04-29 12:22:00,214,214,214,214,0
2022-04-29 12:23:00,214,214,214,214,0
2022-04-29 12:24:00,214,214,214,214,0
2022-04-29 12:25:00,214,214,214,214,0
2022-04-29 12:26:00,214,214,214,214,0
2022-04-29 12:27:00,214,214,214,214,0
2022-04-29 12:28:00,214,214,214,214,0
2022-04-29 12:29:00,214,214,214,214,0
2022-04-29 12:30:00,214,214,214,214,0
2022-04-29 12:31:00,214,214,214,214,0
2022-04-29 12:32:00,214,214,214,214,0
2022-04-29 12:33:00,214,214,214,214,0
2022-04-29 12:34:00,214,214,214,214,0
2022-04-29 12:35:00,214,214,214,214,0
2022-04-29 12:36:00,214,214,214,214,0
2022-04-29 12:37:00,214,214,214,214,0
2022-04-29 12:38:00,214,214,214,214,0
2022-04-29 12:39:00,214,214,214,214,0
2022-04-29 12:40:00,214,214,214,214,0
2022-04-29 12:41:00,214,214,214,214,0
2022-04-29 12:42:00,214,214,214,214,0
2022-04-29 12:43:00,214,214,214,214,0
2022-04-29 12:44:00,214,214,214,214,0
2022-04-29 12:45:00,214,214,214,214,0
2022-04-29 12:46:00,214,214,214,214,0
2022-04-29 12:47:00,214,214,214,214,0
2022-04-29 12:48:00,214,214,214,214,0
2022-04-29 12:49:00,214,214,214,214,0
2022-04-29 12:50:00,214,214,214,214,0
2022-04-29 12:51:00,214,214,214,214,0
2022-04-29 12:52:00,214,214,214,214,0
2022-04-29 12:53:00,214,214,214,214,0
2022-04-29 12:54:00,214,214,214,214,0
2022-04-29 12:55:00,214,214,214,214,0
2022-04-29 12:56:00,214,214,214,214,0
2022-04-29 12:57:00,214,214,214,214,0
2022-04-29 12:58:00,214,214,214,214,0
2022-04-29 12:59:00,214,214,214,214,0
2022-04-29 13:00:00,214,214,214,214,0
2022-04-29 13:01:00,214,214,214,214,0
2022-04-29 13:02:00,214,214,214,214,0
2022-04-29 13:03:00,214,214,214,214,0
2022-04-29 13:04:00,214,214,214,214,0
2022-04-29 13:05:00,214,214,214,214,0
2022-04-29 13:06:00,214,214,214,214,0
2022-04-29 13:07:00,214,214,214,214,0
2022-04-29 13:08:00,214,214,214,214,0
2022-04-29 13:09:00,214,214,214,214,0
2022-04-29 13:10:00,214,214,214,214,0
2022-04-29 13:11:00,214,214,214,214,0
2022-04-29 13:12:00,214,214,214,214,0
2022-04-29 13:13:00,214,214,214,214,0
2022-04-29 13:14:00,214,214,214,214,0
2022-04-29 13:15:00,214,214,214,214,0
2022-04-29 13:16:00,214,214,214,214,0
2022-04-29 13:17:00,214,214,214,214,0
2022-04-29 13:18:00,214,214,214,214,0
2022-04-29 13:19:00,214,214,214,214,0
2022-04-29 13:20:00,214,214,214,214,0
2022-04-29 13:21:00,214,214,214,214,0
2022-04-29 13:22:00,214,214,214,214,0
2022-04-29 13:23:00,214,214,214,214,0
2022-04-29 13:24:00,214,214,214,214,0
2022-04-29 13:25:00,214,214,214,214,0
2022-04-29 13:26:00,214,214,214,214,0
2022-04-29 13:27:00,214,214,214,214,0
2022-04-29 13:28:00,214,214,214,214,0
2022-04-29 13:29:00,214,214,214,214,0
2022-04-29 13:30:00,214,214,214,214,0
2022-04-29 13:31:00,214,214,214,214,0
2022-04-29 13:32:00,214,214,214,214,0
2022-04-29 13:33:00,214,214,214,214,0
2022-04-29 13:34:00,214,214,214,214,0
2022-04-29 13:35:00,214,214,214,214,0
2022-04-29 13:36:00,214,214,214,214,0
2022-04-29 13:37:00,214,214,214,214,0
2022-04-29 13:38:00,214,214,214,214,0
2022-04-29 13:39:00,214,214,214,214,0
2022-04-29 13:40:00,214,214,214,214,0
2022-04-29 13:41:00,214,214,214,214,0
2022-04-29 13:42:00,214,214,214,214,0
2022-04-29 13:43:00,214,214,214,214,0
2022-04-29 13:44:00,214,214,214,214,0
2022-04-29 13:45:00,214,214,214,214,0
2022-04-29 13:46:00,214,214,214,214,0
2022-04-29 13:47:00,214,214,214,214,0
2022-04-29 13:48:00,214,214,214,214,0
2022-04-29 13:49:00,214,214,214,214,0
2022-04-29 13:50:00,214,214,214,214,0
2022-04-29 13:51:00,214,214,214,214,0
2022-04-29 13:52:00,214,214,214,214,0
2022-04-29 13:53:00,214,214,214,214,0
2022-04-29 13:54:00,214,214,214,214,0
2022-04-29 13:55:00,214,214,214,214,0
2022-04-29 13:56:00,214,214,214,214,0
2022-04-29 13:57:00,214,214,214,214,0
2022-04-29 13:58:00,214,214,214,214,0
2022-04-29 13:59:00,214,214,214,214,0
2022-04-29 14:00:00,214,214,214,214,0
2022-04-29 14:01:00,214,214,214,214,0
2022-04-29 14:02:00,214,214,214,214,0
2022-04-29 14:03:00,214,214,214,214,0
2022-04-29 14:04:00,214,214,214,214,0
2022-04-29 14:05:00,214,214,214,214,0
2022-04-29 14:06:00,214,214,214,214,0
2022-04-29 14:07:00,214,214,214,214,0
2022-04-29 14:08:00,214,214,214,214,0
2022-04-29 14:09:00,214,214,214,214,0
2022-04-29 14:10:00,214,214,214,214,0
2022-04-29 14:11:00,214,214,214,214,0
2022-04-29 14:12:00,214,214,214,214,0
2022-04-29 14:13:00,214,214,214,214,0
2022-04-29 14:14:00,214,214,214,214,0
2022-04-29 14:15:00,214,214,214,214,0
2022-04-29 14:16:00,214,214,214,214,0
2022-04-29 14:17:00,214,214,214,214,0
2022-04-29 14:18:00,214,214,214,214,0
2022-04-29 14:19:00,214,214,214,214,0
2022-04-29 14:20:00,214,214,214,214,0
2022-04-29 14:21:00,214,214,214,214,0
2022-04-29 14:22:00,214,214,214,214,0
2022-04-29 14:23:00,214,214,214,214,0
2022-04-29 14:24:00,214,214,214,214,0
2022-04-29 14:25:00,214,214,214,214,0
2022-04-29 14:26:00,214,214,214,214,0
2022-04-29 14:27:00,214,214,214,214,0
2022-04-29 14:28:00,214,214,214,214,0
2022-04-29 14:29:00,214,214,214,214,0
2022-04-29 14:30:00,214,214,214,214,0
2022-04-29 14:31:00,214,214,214,214,0
2022-04-29 14:32:00,214,214,214,214,0
2022-04-29 14:33:00,214,214,214,214,0
2022-04-29 14:34:00,214,214,214,214,0
2022-04-29 14:35:00,214,214,214,214,0
2022-04-29 14:36:00,214,214,214,214,0
2022-04-29 14:37:00,214,214,214,214,0
2022-04-29 14:38:00,214,214,214,214,0
2022-04-29 14:39:00,214,214,214,214,0
2022-04-29 14:40:00,214,214,214,214,0
2022-04-29 14:41:00,214,214,214,214,0
2022-04-29 14:42:00,214,214,214,214,0
2022-04-29 14:43:00,214,214,214,214,0
2022-04-29 14:44:00,214,214,214,214,0
2022-04-29 14:45:00,214,214,214,214,0
2022-04-29 14:46:00,214,214,214,214,0
2022-04-29 14:47:00,214,214,214,214,0
2022-04-29 14:48:00,214,214,214,214,0
2022-04-29 14:49:00,214,214,214,214,0
2022-04-29 14:50:00,214,214,214,214,0
2022-04-29 14:51:00,214,214,214,214,0
2022-04-29 14:52:00,214,214,214,214,0
2022-04-29 14:53:00,214,214,214,214,0
2022-04-29 14:54:00,214,214,214,214,0
2022-04-29 14:55:00,214,214,214,214,0
2022-04-29 14:56:00,214,214,214,214,0
2022-04-29 14:57:00,214,214,214,214,0
2022-04-29 14:58:00,214,214,214,214,0
2022-04-29 14:59:00,214,214,214,214,0
2022-04-29 15:00:00,214,214,214,214,0
2022-04-29 15:01:00,214,214,214,214,0
2022-04-29 15:02:00,214,214,214,214,0
2022-04-29 15:03:00,214,214,214,214,0
2022-04-29 15:04:00,214,214,214,214,0
2022-04-29 15:05:00,214,214,214,214,0
2022-04-29 15:06:00,214,214,214,214,0
2022-04-29 15:07:00,214,214,214,214,0
2022-04-29 15:08:00,214,214,214,214,0
2022-04-29 15:09:00,214,214,214,214,0
2022-04-29 15:10:00,214,214,214,214,0
2022-04-29 15:11:00,214,214,214,214,0
2022-04-29 15:12:00,214,214,214,214,0
2022-04-29 15:13:00,214,214,214,214,0
2022-04-29 15:14:00,214,214,214,214,0
2022-04-29 15:15:00,214,214,214,214,0
2022-04-29 15:16:00,214,214,214,214,0
2022-04-29 15:17:00,214,214,214,214,0
2022-04-29 15:18:00,214,214,214,214,0
2022-04-29 15:19:00,214,214,214,214,0
2022-04-29 15:20:00,214,214,214,214,0
2022-04-29 15:21:00,214,214,214,214,0
2022-04-29 15:22:00,214,214,214,214,0
2022-04-29 15:23:00,214,214,214,214,0
2022-04-29 15:24:00,214,214,214,214,0
2022-04-29 15:25:00,214,214,214,214,0
2022-04-29 15:26:00,214,214,214,214,0
2022-04-29 15:27:00,214,214,214,214,0
2022-04-29 15:28:00,214,214,214,214,0
2022-04-29 15:29:00,214,214,214,214,0
2022-04-29 15:30:00,214,214,214,214,0
2022-04-29 15:31:00,214,214,214,214,0
2022-04-29 15:32:00,214,214,214,214,0
2022-04-29 15:33:00,214,214,214,214,0
2022-04-29 15:34:00,214,214,214,214,0
2022-04-29 15:35:00,214,214,214,214,0
2022-04-29 15:36:00,214,214,214,214,0
2022-04-29 15:37:00,214,214,214,214,0
2022-04-29 15:38:00,214,214,214,214,0
2022-04-29 15:39:00,214,214,214,214,0
2022-04-29 15:40:00,214,214,214,214,0
2022-04-29 15:41:00,214,214,214,214,0
2022-04-29 15:42:00,214,214,214,214,0
2022-04-29 15:43:00,214,214,214,214,0
2022-04-29 15:44:00,214,214,214,214,0
2022-04-29 15:45:00,214,214,214,214,0
2022-04-29 15:46:00,214,214,214,214,0
2022-04-29 15:47:00,214,214,214,214,0
2022-04-29 15:48:00,214,214,214,214,0
2022-04-29 15:49:00,214,214,214,214,0
2022-04-29 15:50:00,214,214,214,214,0
2022-04-29 15:51:00,214,214,214,214,0
2022-04-29 15:52:00,214,214,214,214,0
2022-04-29 15:53:00,214,214,214,214,0
2022-04-29 15:54:00,214,214,214,214,0
2022-04-29 15:55:00,214,214,214,214,0
2022-04-29 15:56:00,214,214,214,214,0
2022-04-29 15:57:00,214,214,214,214,0
2022-04-29 15:58:00,214,214,214,214,0
2022-04-29 15:59:00,214,214,214,214,0
2022-05-02 09:00:00,214,214,214,214,0
2022-05-02 09:01:00,214,214,214,214,0
2022-05-02 09:02:00,214,214,214,214,0
2022-05-02 09:03:00,214,214,214,214,0
2022-05-02 09:04:00,214,214,214,214,0
2022-05-02 09:05:00,214,214,214,214,0
2022-05-02 09:06:00,214,214,214,214,0
2022-05-02 09:07:00,214,214,214,214,0
2022-05-02 09:08:00,214,214,214,214,0
2022-05-02 09:09:00,214,214,214,214,0
2022-05-02 09:10:00,214,214,214,214,0
2022-05-02 09:11:00,214,214,214,214,0
2022-05-02 09:12:00,214,214,214,214,0
2022-05-02 09:13:00,214,214,214,214,0
2022-05-02 09:14:00,214,214,214,214,0
2022-05-02 09:15:00,214,214,214,214,0
2022-05-02 09:16:00,214,214,214,214,0
2022-05-02 09:17:00,214,214,214,214,0
2022-05-02 09:18:00,214,214,214,214,0
2022-05-02 09:19:00,214,214,214,214,0
2022-05-02 09:20:00,214,214,214,214,0
2022-05-02 09:21:00,214,214,214,214,0
2022-05-02 09:22:00,214,214,214,214,0
2022-05-02 09:23:00,214,214,214,214,0
2022-05-02 09:24:00,214,214,214,214,0
2022-05-02 09:25:00,214,214,214,214,0
2022-05-02 09:26:00,214,214,214,214,0
2022-05-02 09:27:00,214,214,214,214,0
2022-05-02 09:28:00,214,214,214,214,0
2022-05-02 09:29:00,214,214,214,214,0
2022-05-02 09:30:00,214,214,214,214,0
2022-05-02 09:31:00,214,214,214,214,0
2022-05-02 09:32:00,214,214,214,214,0
2022-05-02 09:33:00,214,214,214,214,0
2022-05-02 09:34:00,214,214,214,214,0
2022-05-02 09:35:00,214,214,214,214,0
2022-05-02 09:36:00,214,214,214,214,0
2022-05-02 09:37:00,214,214,214,214,0
2022-05-02 09:38:00,214,214,214,214,0
2022-05-02 09:39:00,214,214,214,214,0
2022-05-02 09:40:00,214,214,214,214,0
2022-05-02 09:41:00,214,214,214,214,0
2022-05-02 09:42:00,214,214,214,214,0
2022-05-02 09:43:00,214,214,214,214,0
2022-05-02 09:44:00,214,214,214,214,0
2022-05-02 09:45:00,214,214,214,214,0
2022-05-02 09:46:00,214,214,214,214,0
2022-05-02 09:47:00,214,214,214,214,0
2022-05-02 09:48:00,214,214,214,214,0
2022-05-02 09:49:00,214,214,214,214,0
2022-05-02 09:50:00,214,214,214,214,0
2022-05-02 09:51:00,214,214,214,214,0
2022-05-02 09:52:00,214,214,214,214,0
2022-05-02 09:53:00,214,214,214,214,0
2022-05-02 09:54:00,214,214,214,214,0
2022-05-02 09:55:00,214,214,214,214,0
2022-05-02 09:56:00,214,214,214,214,0
2022-05-02 09:57:00,214,214,214,214,0
2022-05-02 09:58:00,214,214,214,214,0
2022-05-02 09:59:00,214,214,214,214,0
2022-05-02 10:00:00,214,214,214,214,0
2022-05-02 10:01:00,214,214,214,214,0
2022-05-02 10:02:00,214,214,214,214,0
2022-05-02 10:03:00,214,214,214,214,0
2022-05-02 10:04:00,214,214,214,214,0
2022-05-02 10:05:00,214,214,214,214,0
2022-05-02 10:06:00,214,214,214,214,0
2022-05-02 10:07:00,214,214,214,214,0
2022-05-02 10:08:00,214,214,214,214,0
2022-05-02 10:09:00,214,214,214,214,0
2022-05-02 10:10:00,214,214,214,214,0
2022-05-02 10:11:00,214,214,214,214,0
2022-05-02 10:12:00,214,214,214,214,0
2022-05-02 10:13:00,214,214,214,214,0
2022-05-02 10:14:00,214,214,214,214,0
2022-05-02 10:15:00,214,214,214,214,0
2022-05-02 10:16:00,214,214,214,214,0
2022-05-02 10:17:00,214,214,214,214,0
2022-05-02 10:18:00,214,214,214,214,0
2022-05-02 10:19:00,214,214,214,214,0
2022-05-02 10:20:00,214,214,214,214,0
2022-05-02 10:21:00,214,214,214,214,0
2022-05-02 10:22:00,214,214,214,214,0
2022-05-02 10:23:00,214,214,214,214,0
2022-05-02 10:24:00,214,214,214,214,0
2022-05-02 10:25:00,214,214,214,214,0
2022-05-02 10:26:00,214,214,214,214,0
2022-05-02 10:27:00,214,214,214,214,0
2022-05-02 10:28:00,214,214,214,214,0
2022-05-02 10:29:00,214,214,214,214,0
2022-05-02 10:30:00,214,214,214,214,0
2022-05-02 10:31:00,214,214,214,214,0
2022-05-02 10:32:00,214,214,214,214,0
2022-05-02 10:33:00,214,214,214,214,0
2022-05-02 10:34:00,214,214,214,214,0
2022-05-02 10:35:00,214,214,214,214,0
2022-05-02 10:36:00,214,214,214,214,0
2022-05-02 10:37:00,214,214,214,214,0
2022-05-02 10:38:00,214,214,214,214,0
2022-05-02 10:39:00,214,214,214,214,0
2022-05-02 10:40:00,214,214,214,214,0
2022-05-02 10:41:00,214,214,214,214,0
2022-05-02 10:42:00,214,214,214,214,0
2022-05-02 10:43:00,214,214,214,214,0
2022-05-02 10:44:00,214,214,214,214,0
2022-05-02 10:45:00,214,214,214,214,0
2022-05-02 10:46:00,214,214,214,214,0
2022-05-02 10:47:00,214,214,214,214,0
2022-05-02 10:48:00,214,214,214,214,0
2022-05-02 10:49:00,214,214,214,214,0
2022-05-02 10:50:00,214,214,214,214,0
2022-05-02 10:51:00,214,214,214,214,0
2022-05-02 10:52:00,214,214,214,214,0
2022-05-02 10:53:00,214,214,214,214,0
2022-05-02 10:54:00,214,214,214,214,0
2022-05-02 10:55:00,214,214,214,214,0
2022-05-02 10:56:00,214,214,214,214,0
2022-05-02 10:57:00,214,214,214,214,0
2022-05-02 10:58:00,214,214,214,214,0
2022-05-02 10:59:00,214,214,214,214,0
2022-05-02 11:00:00,214,214,214,214,0
2022-05-02 11:01:00,214,214,214,214,0
2022-05-02 11:02:00,214,214,214,214,0
2022-05-02 11:03:00,214,214,214,214,0
2022-05-02 11:04:00,214,214,214,214,0
2022-05-02 11:05:00,214,214,214,214,0
2022-05-02 11:06:00,214,214,214,214,0
2022-05-02 11:07:00,214,214,214,214,0
2022-05-02 11:08:00,214,214,214,214,0
2022-05-02 11:09:00,214,214,214,214,0
2022-05-02 11:10:00,214,214,214,214,0
2022-05-02 11:11:00,214,214,214,214,0
2022-05-02 11:12:00,214,214,214,214,0
2022-05-02 11:13:00,214,214,214,214,0
2022-05-02 11:14:00,214,214,214,214,0
2022-05-02 11:15:00,214,214,214,214,0
2022-05-02 11:16:00,214,214,214,214,0
2022-05-02 11:17:00,214,214,214,214,0
2022-05-02 11:18:00,214,214,214,214,0
2022-05-02 11:19:00,214,214,214,214,0
2022-05-02 11:20:00,214,214,214,214,0
2022-05-02 11:21:00,214,214,214,214,0
2022-05-02 11:22:00,214,214,214,214,0
2022-05-02 11:23:00,214,214,214,214,0
2022-05-02 11:24:00,214,214,214,214,0
2022-05-02 11:25:00,214,214,214,214,0
2022-05-02 11:26:00,214,214,214,214,0
2022-05-02 11:27:00,214,214,214,214,0
2022-05-02 11:28:00,214,214,214,214,0
2022-05-02 11:29:00,214,214,214,214,0
2022-05-02 11:30:00,214,214,214,214,0
2022-05-02 11:31:00,214,214,214,214,0
2022-05-02 11:32:00,214,214,214,214,0
2022-05-02 11:33:00,214,214,214,214,0
2022-05-02 11:34:00,214,214,214,214,0
2022-05-02 11:35:00,214,214,214,214,0
2022-05-02 11:36:00,214,214,214,214,0
2022-05-02 11:37:00,214,214,214,214,0
2022-05-02 11:38:00,214,214,214,214,0
2022-05-02 11:39:00,214,214,214,214,0
2022-05-02 11:40:00,214,214,214,214,0
2022-05-02 11:41:00,214,214,214,214,0
2022-05-02 11:42:00,214,214,214,214,0
2022-05-02 11:43:00,214,214,214,214,0
2022-05-02 11:44:00,214,214,214,214,0
2022-05-02 11:45:00,214,214,214,214,0
2022-05-02 11:46:00,214,214,214,214,0
2022-05-02 11:47:00,214,214,214,214,0
2022-05-02 11:48:00,214,214,214,214,0
2022-05-02 11:49:00,214,214,214,214,0
2022-05-02 11:50:00,214,214,214,214,0
2022-05-02 11:51:00,214,214,214,214,0
2022-05-02 11:52:00,214,214,214,214,0
2022-05-02 11:53:00,214,214,214,214,0
2022-05-02 11:54:00,214,214,214,214,0
2022-05-02 11:55:00,214,214,214,214,0
2022-05-02 11:56:00,214,214,214,214,0
2022-05-02 11:57:00,214,214,214,214,0
2022-05-02 11:58:00,214,214,214,214,0
2022-05-02 11:59:00,214,214,214,214,0
2022-05-02 12:00:00,214,214,214,214,0
2022-05-02 12:01:00,214,214,214,214,0
2022-05-02 12:02:00,214,214,214,214,0
2022-05-02 12:03:00,214,214,214,214,0
2022-05-02 12:04:00,214,214,214,214,0
2022-05-02 12:05:00,214,214,214,214,0
2022-05-02 12:06:00,214,214,214,214,0
2022-05-02 12:07:00,214,214,214,214,0
2022-05-02 12:08:00,214,214,214,214,0
2022-05-02 12:09:00,214,214,214,214,0
2022-05-02 12:10:00,214,214,214,214,0
2022-05-02 12:11:00,214,214,214,214,0
2022-05-02 12:12:00,214,214,214,214,0
2022-05-02 12:13:00,214,214,214,214,0
2022-05-02 12:14:00,214,214,214,214,0
2022-05-02 12:15:00,214,214,214,214,0
2022-05-02 12:16:00,214,214,214,214,0
2022-05-02 12:17:00,214,214,214,214,0
2022-05-02 12:18:00,214,214,214,214,0
2022-05-02 12:19:00,214,214,214,214,0
2022-05-02 12:20:00,214,214,214,214,0
2022-05-02 12:21:00,214,214,214,214,0
2022-05-02 12:22:00,214,214,214,214,0
2022-05-02 12:23:00,214,214,214,214,0
2022-05-02 12:24:00,214,214,214,214,0
2022-05-02 12:25:00,214,214,214,214,0
2022-05-02 12:26:00,214,214,214,214,0
2022-05-02 12:27:00,214,214,214,214,0
2022-05-02 12:28:00,214,214,214,214,0
2022-05-02 12:29:00,214,214,214,214,0
2022-05-02 12:30:00,214,214,214,214,0
2022-05-02 12:31:00,214,214,214,214,0
2022-05-02 12:32:00,214,214,214,214,0
2022-05-02 12:33:00,214,214,214,214,0
2022-05-02 12:34:00,214,214,214,214,0
2022-05-02 12:35:00,214,214,214,214,0
2022-05-02 12:36:00,214,214,214,214,0
2022-05-02 12:37:00,214,214,214,214,0
2022-05-02 12:38:00,214,214,214,214,0
2022-05-02 12:39:00,214,214,214,214,0
2022-05-02 12:40:00,214,214,214,214,0
2022-05-02 12:41:00,214,214,214,214,0
2022-05-02 12:42:00,214,214,214,214,0
2022-05-02 12:43:00,214,214,214,214,0
2022-05-02 12:44:00,214,214,214,214,0
2022-05-02 12:45:00,214,214,214,214,0
2022-05-02 12:46:00,214,214,214,214,0
2022-05-02 12:47:00,214,214,214,214,0
2022-05-02 12:48:00,214,214,214,214,0
2022-05-02 12:49:00,214,214,214,214,0
2022-05-02 12:50:00,214,214,214,214,0
2022-05-02 12:51:00,214,214,214,214,0
2022-05-02 12:52:00,214,214,214,214,0
2022-05-02 12:53:00,214,214,214,214,0
2022-05-02 12:54:00,214,214,214,214,0
2022-05-02 12:55:00,214,214,214,214,0
2022-05-02 12:56:00,214,214,214,214,0
2022-05-02 12:57:00,214,214,214,214,0
2022-05-02 12:58:00,214,214,214,214,0
2022-05-02 12:59:00,214,214,214,214,0
2022-05-02 13:00:00,214,214,214,214,0
2022-05-02 13:01:00,214,214,214,214,0
2022-05-02 13:02:00,214,214,214,214,0
2022-05-02 13:03:00,214,214,214,214,0
2022-05-02 13:04:00,214,214,214,214,0
2022-05-02 13:05:00,214,214,214,214,0
2022-05-02 13:06:00,214,214,214,214,0
2022-05-02 13:07:00,214,214,214,214,0
2022-05-02 13:08:00,214,214,214,214,0
2022-05-02 13:09:00,214,214,214,214,0
2022-05-02 13:10:00,214,214,214,214,0
2022-05-02 13:11:00,214,214,214,214,0
2022-05-02 13:12:00,214,214,214,214,0
2022-05-02 13:13:00,214,214,214,214,0
2022-05-02 13:14:00,214,214,214,214,0
2022-05-02 13:15:00,214,214,214,214,0
2022-05-02 13:16:00,214,214,214,214,0
2022-05-02 13:17:00,214,214,214,214,0
2022-05-02 13:18:00,214,214,214,214,0
2022-05-02 13:19:00,214,214,214,214,0
2022-05-02 13:20:00,214,214,214,214,0
2022-05-02 13:21:00,214,214,214,214,0
2022-05-02 13:22:00,214,214,214,214,0
2022-05-02 13:23:00,214,214,214,214,0
2022-05-02 13:24:00,214,214,214,214,0
2022-05-02 13:25:00,214,214,214,214,0
2022-05-02 13:26:00,214,214,214,214,0
2022-05-02 13:27:00,214,214,214,214,0
2022-05-02 13:28:00,214,214,214,214,0
2022-05-02 13:29:00,214,214,214,214,0
2022-05-02 13:30:00,214,214,214,214,0
2022-05-02 13:31:00,214,214,214,214,0
2022-05-02 13:32:00,214,214,214,214,0
2022-05-02 13:33:00,214,214,214,214,0
2022-05-02 13:34:00,214,214,214,214,0
2022-05-02 13:35:00,214,214,214,214,0
2022-05-02 13:36:00,214,214,214,214,0
2022-05-02 13:37:00,214,214,214,214,0
2022-05-02 13:38:00,214,214,214,214,0
2022-05-02 13:39:00,214,214,214,214,0
2022-05-02 13:40:00,214,214,214,214,0
2022-05-02 13:41:00,214,214,214,214,0
2022-05-02 13:42:00,214,214,214,214,0
2022-05-02 13:43:00,214,214,214,214,0
2022-05-02 13:44:00,214,214,214,214,0
2022-05-02 13:45:00,214,214,214,214,0
2022-05-02 13:46:00,214,214,214,214,0
2022-05-02 13:47:00,214,214,214,214,0
2022-05-02 13:48:00,214,214,214,214,0
2022-05-02 13:49:00,214,214,214,214,0
2022-05-02 13:50:00,214,214,214,214,0
2022-05-02 13:51:00,214,214,214,214,0
2022-05-02 13:52:00,214,214,214,214,0
2022-05-02 13:53:00,214,214,214,214,0
2022-05-02 13:54:00,214,214,214,214,0
2022-05-02 13:55:00,214,214,214,214,0
2022-05-02 13:56:00,214,214,214,214,0
2022-05-02 13:57:00,214,214,214,214,0
2022-05-02 13:58:00,214,214,214,214,0
2022-05-02 13:59:00,214,214,214,214,0
2022-05-02 14:00:00,214,214,214,214,0
2022-05-02 14:01:00,214,214,214,214,0
2022-05-02 14:02:00,214,214,214,214,0
2022-05-02 14:03:00,214,214,214,214,0
2022-05-02 14:04:00,214,214,214,214,0
2022-05-02 14:05:00,214,214,214,214,0
2022-05-02 14:06:00,214,214,214,214,0
2022-05-02 14:07:00,214,214,214,214,0
2022-05-02 14:08:00,214,214,214,214,0
2022-05-02 14:09:00,214,214,214,214,0
2022-05-02 14:10:00,214,214,214,214,0
2022-05-02 14:11:00,214,214,214,214,0
2022-05-02 14:12:00,214,214,214,214,0
2022-05-02 14:13:00,214,214,214,214,0
2022-05-02 14:14:00,214,214,214,214,0
2022-05-02 14:15:00,214,214,214,214,0
2022-05-02 14:16:00,214,214,214,214,0
2022-05-02 14:17:00,214,214,214,214,0
2022-05-02 14:18:00,214,214,214,214,0
2022-05-02 14:19:00,214,214,214,214,0
2022-05-02 14:20:00,214,214,214,214,0
2022-05-02 14:21:00,214,214,214,214,0
2022-05-02 14:22:00,214,214,214,214,0
2022-05-02 14:23:00,214,214,214,214,0
2022-05-02 14:24:00,214,214,214,214,0
2022-05-02 14:25:00,214,214,214,214,0
2022-05-02 14:26:00,214,214,214,214,0
2022-05-02 14:27:00,214,214,214,214,0
2022-05-02 14:28:00,214,214,214,214,0
2022-05-02 14:29:00,214,214,214,214,0
2022-05-02 14:30:00,214,214,214,214,0
2022-05-02 14:31:00,214,214,214,214,0
2022-05-02 14:32:00,214,214,214,214,0
2022-05-02 14:33:00,214,214,214,214,0
2022-05-02 14:34:00,214,214,214,214,0
2022-05-02 14:35:00,214,214,214,214,0
2022-05-02 14:36:00,214,214,214,214,0
2022-05-02 14:37:00,214,214,214,214,0
2022-05-02 14:38:00,214,214,214,214,0
2022-05-02 14:39:00,214,214,214,214,0
2022-05-02 14:40:00,214,214,214,214,0
2022-05-02 14:41:00,214,214,214,214,0
2022-05-02 14:42:00,214,214,214,214,0
2022-05-02 14:43:00,214,214,214,214,0
2022-05-02 14:44:00,214,214,214,214,0
2022-05-02 14:45:00,214,214,214,214,0
2022-05-02 14:46:00,214,214,214,214,0
2022-05-02 14:47:00,214,214,214,214,0
2022-05-02 14:48:00,214,214,214,214,0
2022-05-02 14:49:00,214,214,214,214,0
2022-05-02 14:50:00,214,214,214,214,0
2022-05-02 14:51:00,214,214,214,214,0
2022-05-02 14:52:00,214,214,214,214,0
2022-05-02 14:53:00,214,214,214,214,0
2022-05-02 14:54:00,214,214,214,214,0
2022-05-02 14:55:00,214,214,214,214,0
2022-05-02 14:56:00,214,214,214,214,0
2022-05-02 14:57:00,214,214,214,214,0
2022-05-02 14:58:00,214,214,214,214,0
2022-05-02 14:59:00,214,214,214,214,0
2022-05-02 15:00:00,214,214,214,214,0
2022-05-02 15:01:00,214,214,214,214,0
2022-05-02 15:02:00,214,214,214,214,0
2022-05-02 15:03:00,214,214,214,214,0
2022-05-02 15:04:00,214,214,214,214,0
2022-05-02 15:05:00,214,214,214,214,0
2022-05-02 15:06:00,214,214,214,214,0
2022-05-02 15:07:00,214,214,214,214,0
2022-05-02 15:08:00,214,214,214,214,0
2022-05-02 15:09:00,214,214,214,214,0
2022-05-02 15:10:00,214,214,214,214,0
2022-05-02 15:11:00,214,214,214,214,0
2022-05-02 15:12:00,214,214,214,214,0
2022-05-02 15:13:00,214,214,214,214,0
2022-05-02 15:14:00,214,214,214,214,0
2022-05-02 15:15:00,214,214,214,214,0
2022-05-02 15:16:00,214,214,214,214,0
2022-05-02 15:17:00,214,214,214,214,0
2022-05-02 15:18:00,214,214,214,214,0
2022-05-02 15:19:00,214,214,214,214,0
2022-05-02 15:20:00,214,214,214,214,0
2022-05-02 15:21:00,214,214,214,214,0
2022-05-02 15:22:00,214,214,214,214,0
2022-05-02 15:23:00,214,214,214,214,0
2022-05-02 15:24:00,214,214,214,214,0
2022-05-02 15:25:00,214,214,214,214,0
2022-05-02 15:26:00,214,214,214,214,0
2022-05-02 15:27:00,214,214,214,214,0
2022-05-02 15:28:00,214,214,214,214,0
2022-05-02 15:29:00,214,214,214,214,0
2022-05-02 15:30:00,214,214,214,214,0
2022-05-02 15:31:00,214,214,214,214,0
2022-05-02 15:32:00,214,214,214,214,0
2022-05-02 15:33:00,214,214,214,214,0
2022-05-02 15:34:00,214,214,214,214,0
2022-05-02 15:35:00,214,214,214,214,0
2022-05-02 15:36:00,214,214,214,214,0
2022-05-02 15:37:00,214,214,214,214,0
2022-05-02 15:38:00,214,214,214,214,0
2022-05-02 15:39:00,214,214,214,214,0
2022-05-02 15:40:00,214,214,214,214,0
2022-05-02 15:41:00,214,214,214,214,0
2022-05-02 15:42:00,214,214,214,214,0
2022-05-02 15:43:00,214,214,214,214,0
2022-05-02 15:44:00,214,214,214,214,0
2022-05-02 15:45:00,214,214,214,214,0
2022-05-02 15:46:00,214,214,214,214,0
2022-05-02 15:47:00,214,214,214,214,0
2022-05-02 15:48:00,214,214,214,214,0
2022-05-02 15:49:00,214,214,214,214,0
2022-05-02 15:50:00,214,214,214,214,0
2022-05-02 15:51:00,214,214,214,214,0
2022-05-02 15:52:00,214,214,214,214,0
2022-05-02 15:53:00,214,214,214,214,0
2022-05-02 15:54:00,214,214,214,214,0
2022-05-02 15:55:00,214,214,214,214,0
2022-05-02 15:56:00,214,214,214,214,0
2022-05-02 15:57:00,214,214,214,214,0
2022-05-02 15:58:00,214,214,214,214,0
2022-05-02 15:59:00,214,214,214,214,0
2022-05-03 09:00:00,214,214,214,214,0
2022-05-03 09:01:00,214,214,214,214,0
2022-05-03 09:02:00,214,214,214,214,0
2022-05-03 09:03:00,214,214,214,214,0
2022-05-03 09:04:00,214,214,214,214,0
2022-05-03 09:05:00,214,214,214,214,0
2022-05-03 09:06:00,214,214,214,214,0
2022-05-03 09:07:00,214,214,214,214,0
2022-05-03 09:08:00,214,214,214,214,0
2022-05-03 09:09:00,214,214,214,214,0
2022-05-03 09:10:00,214,214,214,214,0
2022-05-03 09:11:00,214,214,214,214,0
2022-05-03 09:12:00,214,214,214,214,0
2022-05-03 09:13:00,214,214,214,214,0
2022-05-03 09:14:00,214,214,214,214,0
2022-05-03 09:15:00,214,214,214,214,0
2022-05-03 09:16:00,214,214,214,214,0
2022-05-03 09:17:00,214,214,214,214,0
2022-05-03 09:18:00,214,214,214,214,0
2022-05-03 09:19:00,214,214,214,214,0
2022-05-03 09:20:00,214,214,214,214,0
2022-05-03 09:21:00,214,214,214,214,0
2022-05-03 09:22:00,214,214,214,214,0
2022-05-03 09:23:00,214,214,214,214,0
2022-05-03 09:24:00,214,214,214,214,0
2022-05-03 09:25:00,214,214,214,214,0
2022-05-03 09:26:00,214,214,214,214,0
2022-05-03 09:27:00,214,214,214,214,0
2022-05-03 09:28:00,214,214,214,214,0
2022-05-03 09:29:00,214,214,214,214,0
2022-05-03 09:30:00,214,214,214,214,0
2022-05-03 09:31:00,214,214,214,214,0
2022-05-03 09:32:00,214,214,214,214,0
2022-05-03 09:33:00,214,214,214,214,0
2022-05-03 09:34:00,214,214,214,214,0
2022-05-03 09:35:00,214,214,214,214,0
2022-05-03 09:36:00,214,214,214,214,0
2022-05-03 09:37:00,214,214,214,214,0
2022-05-03 09:38:00,214,214,214,214,0
2022-05-03 09:39:00,214,214,214,214,0
2022-05-03 09:40:00,214,214,214,214,0
2022-05-03 09:41:00,214,214,214,214,0
2022-05-03 09:42:00,214,214,214,214,0
2022-05-03 09:43:00,214,214,214,214,0
2022-05-03 09:44:00,214,214,214,214,0
2022-05-03 09:45:00,214,214,214,214,0
2022-05-03 09:46:00,214,214,214,214,0
2022-05-03 09:47:00,214,214,214,214,0
2022-05-03 09:48:00,214,214,214,214,0
2022-05-03 09:49:00,214,214,214,214,0
2022-05-03 09:50:00,214,214,214,214,0
2022-05-03 09:51:00,214,214,214,214,0
2022-05-03 09:52:00,214,214,214,214,0
2022-05-03 09:53:00,214,214,214,214,0
2022-05-03 09:54:00,214,214,214,214,0
2022-05-03 09:55:00,214,214,214,214,0
2022-05-03 09:56:00,214,214,214,214,0
2022-05-03 09:57:00,214,214,214,214,0
2022-05-03 09:58:00,214,214,214,214,0
2022-05-03 09:59:00,214,214,214,214,0
2022-05-03 10:00:00,214,214,214,214,0
2022-05-03 10:01:00,214,214,214,214,0
2022-05-03 10:02:00,214,214,214,214,0
2022-05-03 10:03:00,214,214,214,214,0
2022-05-03 10:04:00,214,214,214,214,0
2022-05-03 10:05:00,214,214,214,214,0
2022-05-03 10:06:00,214,214,214,214,0
2022-05-03 10:07:00,214,214,214,214,0
2022-05-03 10:08:00,214,214,214,214,0
2022-05-03 10:09:00,214,214,214,214,0
2022-05-03 10:10:00,214,214,214,214,0
2022-05-03 10:11:00,214,214,214,214,0
2022-05-03 10:12:00,214,214,214,214,0
2022-05-03 10:13:00,214,214,214,214,0
2022-05-03 10:14:00,214,214,214,214,0
2022-05-03 10:15:00,214,214,214,214,0
2022-05-03 10:16:00,214,214,214,214,0
2022-05-03 10:17:00,214,214,214,214,0
2022-05-03 10:18:00,214,214,214,214,0
2022-05-03 10:19:00,214,214,214,214,0
2022-05-03 10:20:00,214,214,214,214,0
2022-05-03 10:21:00,214,214,214,214,0
2022-05-03 10:22:00,214,214,214,214,0
2022-05-03 10:23:00,214,214,214,214,0
2022-05-03 10:24:00,214,214,214,214,0
2022-05-03 10:25:00,214,214,214,214,0
2022-05-03 10:26:00,214,214,214,214,0
2022-05-03 10:27:00,214,214,214,214,0
2022-05-03 10:28:00,214,214,214,214,0
2022-05-03 10:29:00,214,214,214,214,0
2022-05-03 10:30:00,214,214,214,214,0
2022-05-03 10:31:00,214,214,214,214,0
2022-05-03 10:32:00,214,214,214,214,0
2022-05-03 10:33:00,214,214,214,214,0
2022-05-03 10:34:00,214,214,214,214,0
2022-05-03 10:35:00,214,214,214,214,0
2022-05-03 10:36:00,214,214,214,214,0
2022-05-03 10:37:00,214,214,214,214,0
2022-05-03 10:38:00,214,214,214,214,0
2022-05-03 10:39:00,214,214,214,214,0
2022-05-03 10:40:00,214,214,214,214,0
2022-05-03 10:41:00,214,214,214,214,0
2022-05-03 10:42:00,214,214,214,214,0
2022-05-03 10:43:00,214,214,214,214,0
2022-05-03 10:44:00,214,214,214,214,0
2022-05-03 10:45:00,214,214,214,214,0
2022-05-03 10:46:00,214,214,214,214,0
2022-05-03 10:47:00,214,214,214,214,0
2022-05-03 10:48:00,214,214,214,214,0
2022-05-03 10:49:00,214,214,214,214,0
2022-05-03 10:50:00,214,214,214,214,0
2022-05-03 10:51:00,214,214,214,214,0
2022-05-03 10:52:00,214,214,214,214,0
2022-05-03 10:53:00,214,214,214,214,0
2022-05-03 10:54:00,214,214,214,214,0
2022-05-03 10:55:00,214,214,214,214,0
2022-05-03 10:56:00,214,214,214,214,0
2022-05-03 10:57:00,214,214,214,214,0
2022-05-03 10:58:00,214,214,214,214,0
2022-05-03 10:59:00,214,214,214,214,0
2022-05-03 11:00:00,214,214,214,214,0
2022-05-03 11:01:00,214,214,214,214,0
2022-05-03 11:02:00,214,214,214,214,0
2022-05-03 11:03:00,214,214,214,214,0
2022-05-03 11:04:00,214,214,214,214,0
2022-05-03 11:05:00,214,214,214,214,0
2022-05-03 11:06:00,214,214,214,214,0
2022-05-03 11:07:00,214,214,214,214,0
2022-05-03 11:08:00,214,214,214,214,0
2022-05-03 11:09:00,214,214,214,214,0
2022-05-03 11:10:00,214,214,214,214,0
2022-05-03 11:11:00,214,214,214,214,0
2022-05-03 11:12:00,214,214,214,214,0
2022-05-03 11:13:00,214,214,214,214,0
2022-05-03 11:14:00,214,214,214,214,0
2022-05-03 11:15:00,214,214,214,214,0
2022-05-03 11:16:00,214,214,214,214,0
2022-05-03 11:17:00,214,214,214,214,0
2022-05-03 11:18:00,214,214,214,214,0
2022-05-03 11:19:00,214,214,214,214,0
2022-05-03 11:20:00,214,214,214,214,0
2022-05-03 11:21:00,214,214,214,214,0
2022-05-03 11:22:00,214,214,214,214,0
2022-05-03 11:23:00,214,214,214,214,0
2022-05-03 11:24:00,214,214,214,214,0
2022-05-03 11:25:00,214,214,214,214,0
2022-05-03 11:26:00,214,214,214,214,0
2022-05-03 11:27:00,214,214,214,214,0
2022-05-03 11:28:00,214,214,214,214,0
2022-05-03 11:29:00,214,214,214,214,0
2022-05-03 11:30:00,214,214,214,214,0
2022-05-03 11:31:00,214,214,214,214,0
2022-05-03 11:32:00,214,214,214,214,0
2022-05-03 11:33:00,214,214,214,214,0
2022-05-03 11:34:00,214,214,214,214,0
2022-05-03 11:35:00,214,214,214,214,0
2022-05-03 11:36:00,214,214,214,214,0
2022-05-03 11:37:00,214,214,214,214,0
2022-05-03 11:38:00,214,214,214,214,0
2022-05-03 11:39:00,214,214,214,214,0
2022-05-03 11:40:00,214,214,214,214,0
2022-05-03 11:41:00,214,214,214,214,0
2022-05-03 11:42:00,214,214,214,214,0
2022-05-03 11:43:00,214,214,214,214,0
2022-05-03 11:44:00,214,214,214,214,0
2022-05-03 11:45:00,214,214,214,214,0
2022-05-03 11:46:00,214,214,214,214,0
2022-05-03 11:47:00,214,214,214,214,0
2022-05-03 11:48:00,214,214,214,214,0
2022-05-03 11:49:00,214,214,214,214,0
2022-05-03 11:50:00,214,214,214,214,0
2022-05-03 11:51:00,214,214,214,214,0
2022-05-03 11:52:00,214,214,214,214,0
2022-05-03 11:53:00,214,214,214,214,0
2022-05-03 11:54:00,214,214,214,214,0
2022-05-03 11:55:00,214,214,214,214,0
2022-05-03 11:56:00,214,214,214,214,0
2022-05-03 11:57:00,214,214,214,214,0
2022-05-03 11:58:00,214,214,214,214,0
2022-05-03 11:59:00,214,214,214,214,0
2022-05-03 12:00:00,214,214,214,214,0
2022-05-03 12:01:00,214,214,214,214,0
2022-05-03 12:02:00,214,214,214,214,0
2022-05-03 12:03:00,214,214,214,214,0
2022-05-03 12:04:00,214,214,214,214,0
2022-05-03 12:05:00,214,214,214,214,0
2022-05-03 12:06:00,214,214,214,214,0
2022-05-03 12:07:00,214,214,214,214,0
2022-05-03 12:08:00,214,214,214,214,0
2022-05-03 12:09:00,214,214,214,214,0
2022-05-03 12:10:00,214,214,214,214,0
2022-05-03 12:11:00,214,214,214,214,0
2022-05-03 12:12:00,214,214,214,214,0
2022-05-03 12:13:00,214,214,214,214,0
2022-05-03 12:14:00,214,214,214,214,0
2022-05-03 12:15:00,214,214,214,214,0
2022-05-03 12:16:00,214,214,214,214,0
2022-05-03 12:17:00,214,214,214,214,0
2022-05-03 12:18:00,214,214,214,214,0
2022-05-03 12:19:00,214,214,214,214,0
2022-05-03 12:20:00,214,214,214,214,0
2022-05-03 12:21:00,214,214,214,214,0
2022-05-03 12:22:00,214,214,214,214,0
2022-05-03 12:23:00,214,214,214,214,0
2022-05-03 12:24:00,214,214,214,214,0
2022-05-03 12:25:00,214,214,214,214,0
2022-05-03 12:26:00,214,214,214,214,0
2022-05-03 12:27:00,214,214,214,214,0
2022-05-03 12:28:00,214,214,214,214,0
2022-05-03 12:29:00,214,214,214,214,0
2022-05-03 12:30:00,214,214,214,214,0
2022-05-03 12:31:00,214,214,214,214,0
2022-05-03 12:32:00,214,214,214,214,0
2022-05-03 12:33:00,214,214,214,214,0
2022-05-03 12:34:00,214,214,214,214,0
2022-05-03 12:35:00,214,214,214,214,0
2022-05-03 12:36:00,214,214,214,214,0
2022-05-03 12:37:00,214,214,214,214,0
2022-05-03 12:38:00,214,214,214,214,0
2022-05-03 12:39:00,214,214,214,214,0
2022-05-03 12:40:00,214,214,214,214,0
2022-05-03 12:41:00,214,214,214,214,0
2022-05-03 12:42:00,214,214,214,214,0
2022-05-03 12:43:00,214,214,214,214,0
2022-05-03 12:44:00,214,214,214,214,0
2022-05-03 12:45:00,214,214,214,214,0
2022-05-03 12:46:00,214,214,214,214,0
2022-05-03 12:47:00,214,214,214,214,0
2022-05-03 12:48:00,214,214,214,214,0
2022-05-03 12:49:00,214,214,214,214,0
2022-05-03 12:50:00,214,214,214,214,0
2022-05-03 12:51:00,214,214,214,214,0
2022-05-03 12:52:00,214,214,214,214,0
2022-05-03 12:53:00,214,214,214,214,0
2022-05-03 12:54:00,214,214,214,214,0
2022-05-03 12:55:00,214,214,214,214,0
2022-05-03 12:56:00,214,214,214,214,0
2022-05-03 12:57:00,214,214,214,214,0
2022-05-03 12:58:00,214,214,214,214,0
2022-05-03 12:59:00,214,214,214,214,0
2022-05-03 13:00:00,214,214,214,214,0
2022-05-03 13:01:00,214,214,214,214,0
2022-05-03 13:02:00,214,214,214,214,0
2022-05-03 13:03:00,214,214,214,214,0
2022-05-03 13:04:00,214,214,214,214,0
2022-05-03 13:05:00,214,214,214,214,0
2022-05-03 13:06:00,214,214,214,214,0
2022-05-03 13:07:00,214,214,214,214,0
2022-05-03 13:08:00,214,214,214,214,0
2022-05-03 13:09:00,214,214,214,214,0
2022-05-03 13:10:00,214,214,214,214,0
2022-05-03 13:11:00,214,214,214,214,0
2022-05-03 13:12:00,214,214,214,214,0
2022-05-03 13:13:00,214,214,214,214,0
2022-05-03 13:14:00,214,214,214,214,0
2022-05-03 13:15:00,214,214,214,214,0
2022-05-03 13:16:00,214,214,214,214,0
2022-05-03 13:17:00,214,214,214,214,0
2022-05-03 13:18:00,214,214,214,214,0
2022-05-03 13:19:00,214,214,214,214,0
2022-05-03 13:20:00,214,214,214,214,0
2022-05-03 13:21:00,214,214,214,214,0
2022-05-03 13:22:00,214,214,214,214,0
2022-05-03 13:23:00,214,214,214,214,0
2022-05-03 13:24:00,214,214,214,214,0
2022-05-03 13:25:00,214,214,214,214,0
2022-05-03 13:26:00,214,214,214,214,0
2022-05-03 13:27:00,214,214,214,214,0
2022-05-03 13:28:00,214,214,214,214,0
2022-05-03 13:29:00,214,214,214,214,0
2022-05-03 13:30:00,214,214,214,214,0
2022-05-03 13:31:00,214,214,214,214,0
2022-05-03 13:32:00,214,214,214,214,0
2022-05-03 13:33:00,214,214,214,214,0
2022-05-03 13:34:00,214,214,214,214,0
2022-05-03 13:35:00,214,214,214,214,0
2022-05-03 13:36:00,214,214,214,214,0
2022-05-03 13:37:00,214,214,214,214,0
2022-05-03 13:38:00,214,214,214,214,0
2022-05-03 13:39:00,214,214,214,214,0
2022-05-03 13:40:00,214,214,214,214,0
2022-05-03 13:41:00,214,214,214,214,0
2022-05-03 13:42:00,214,214,214,214,0
2022-05-03 13:43:00,214,214,214,214,0
2022-05-03 13:44:00,214,214,214,214,0
2022-05-03 13:45:00,214,214,214,214,0
2022-05-03 13:46:00,214,214,214,214,0
2022-05-03 13:47:00,214,214,214,214,0
2022-05-03 13:48:00,214,214,214,214,0
2022-05-03 13:49:00,214,214,214,214,0
2022-05-03 13:50:00,214,214,214,214,0
2022-05-03 13:51:00,214,214,214,214,0
2022-05-03 13:52:00,214,214,214,214,0
2022-05-03 13:53:00,214,214,214,214,0
2022-05-03 13:54:00,214,214,214,214,0
2022-05-03 13:55:00,214,214,214,214,0
2022-05-03 13:56:00,214,214,214,214,0
2022-05-03 13:57:00,214,214,214,214,0
2022-05-03 13:58:00,214,214,214,214,0
2022-05-03 13:59:00,214,214,214,214,0
2022-05-03 14:00:00,214,214,214,214,0
2022-05-03 14:01:00,214,214,214,214,0
2022-05-03 14:02:00,214,214,214,214,0
2022-05-03 14:03:00,214,214,214,214,0
2022-05-03 14:04:00,214,214,214,214,0
2022-05-03 14:05:00,214,214,214,214,0
2022-05-03 14:06:00,214,214,214,214,0
2022-05-03 14:07:00,214,214,214,214,0
2022-05-03 14:08:00,214,214,214,214,0
2022-05-03 14:09:00,214,214,214,214,0
2022-05-03 14:10:00,214,214,214,214,0
2022-05-03 14:11:00,214,214,214,214,0
2022-05-03 14:12:00,214,214,214,214,0
2022-05-03 14:13:00,214,214,214,214,0
2022-05-03 14:14:00,214,214,214,214,0
2022-05-03 14:15:00,214,214,214,214,0
2022-05-03 14:16:00,214,214,214,214,0
2022-05-03 14:17:00,214,214,214,214,0
2022-05-03 14:18:00,214,214,214,214,0
2022-05-03 14:19:00,214,214,214,214,0
2022-05-03 14:20:00,214,214,214,214,0
2022-05-03 14:21:00,214,214,214,214,0
2022-05-03 14:22:00,214,214,214,214,0
2022-05-03 14:23:00,214,214,214,214,0
2022-05-03 14:24:00,214,214,214,214,0
2022-05-03 14:25:00,214,214,214,214,0
2022-05-03 14:26:00,214,214,214,214,0
2022-05-03 14:27:00,214,214,214,214,0
2022-05-03 14:28:00,214,214,214,214,0
2022-05-03 14:29:00,214,214,214,214,0
2022-05-03 14:30:00,214,214,214,214,0
2022-05-03 14:31:00,214,214,214,214,0
2022-05-03 14:32:00,214,214,214,214,0
2022-05-03 14:33:00,214,214,214,214,0
2022-05-03 14:34:00,214,214,214,214,0
2022-05-03 14:35:00,214,214,214,214,0
2022-05-03 14:36:00,214,214,214,214,0
2022-05-03 14:37:00,214,214,214,214,0
2022-05-03 14:38:00,214,214,214,214,0
2022-05-03 14:39:00,214,214,214,214,0
2022-05-03 14:40:00,214,214,214,214,0
2022-05-03 14:41:00,214,214,214,214,0
2022-05-03 14:42:00,214,214,214,214,0
2022-05-03 14:43:00,214,214,214,214,0
2022-05-03 14:44:00,214,214,214,214,0
2022-05-03 14:45:00,214,214,214,214,0
2022-05-03 14:46:00,214,214,214,214,0
2022-05-03 14:47:00,214,214,214,214,0
2022-05-03 14:48:00,214,214,214,214,0
2022-05-03 14:49:00,214,214,214,214,0
2022-05-03 14:50:00,214,214,214,214,0
2022-05-03 14:51:00,214,214,214,214,0
2022-05-03 14:52:00,214,214,214,214,0
2022-05-03 14:53:00,214,214,214,214,0
2022-05-03 14:54:00,214,214,214,214,0
2022-05-03 14:55:00,214,214,214,214,0
2022-05-03 14:56:00,214,214,214,214,0
2022-05-03 14:57:00,214,214,214,214,0
2022-05-03 14:58:00,214,214,214,214,0
2022-05-03 14:59:00,214,214,214,214,0
2022-05-03 15:00:00,214,214,214,214,0
2022-05-03 15:01:00,214,214,214,214,0
2022-05-03 15:02:00,214,214,214,214,0
2022-05-03 15:03:00,214,214,214,214,0
2022-05-03 15:04:00,214,214,214,214,0
2022-05-03 15:05:00,214,214,214,214,0
2022-05-03 15:06:00,214,214,214,214,0
2022-05-03 15:07:00,214,214,214,214,0
2022-05-03 15:08:00,214,214,214,214,0
2022-05-03 15:09:00,214,214,214,214,0
2022-05-03 15:10:00,214,214,214,214,0
2022-05-03 15:11:00,214,214,214,214,0
2022-05-03 15:12:00,214,214,214,214,0
2022-05-03 15:13:00,214,214,214,214,0
2022-05-03 15:14:00,214,214,214,214,0
2022-05-03 15:15:00,214,214,214,214,0
2022-05-03 15:16:00,214,214,214,214,0
2022-05-03 15:17:00,214,214,214,214,0
2022-05-03 15:18:00,214,214,214,214,0
2022-05-03 15:19:00,214,214,214,214,0
2022-05-03 15:20:00,214,214,214,214,0
2022-05-03 15:21:00,214,214,214,214,0
2022-05-03 15:22:00,214,214,214,214,0
2022-05-03 15:23:00,214,214,214,214,0
2022-05-03 15:24:00,214,214,214,214,0
2022-05-03 15:25:00,214,214,214,214,0
2022-05-03 15:26:00,214,214,214,214,0
2022-05-03 15:27:00,214,214,214,214,0
2022-05-03 15:28:00,214,214,214,214,0
2022-05-03 15:29:00,214,214,214,214,0
2022-05-03 15:30:00,214,214,214,214,0
2022-05-03 15:31:00,214,214,214,214,0
2022-05-03 15:32:00,214,214,214,214,0
2022-05-03 15:33:00,214,214,214,214,0
2022-05-03 15:34:00,214,214,214,214,0
2022-05-03 15:35:00,214,214,214,214,0
2022-05-03 15:36:00,214,214,214,214,0
2022-05-03 15:37:00,214,214,214,214,0
2022-05-03 15:38:00,214,214,214,214,0
2022-05-03 15:39:00,214,214,214,214,0
2022-05-03 15:40:00,214,214,214,214,0
2022-05-03 15:41:00,214,214,214,214,0
2022-05-03 15:42:00,214,214,214,214,0
2022-05-03 15:43:00,214,214,214,214,0
2022-05-03 15:44:00,214,214,214,214,0
2022-05-03 15:45:00,214,214,214,214,0
2022-05-03 15:46:00,214,214,214,214,0
2022-05-03 15:47:00,214,214,214,214,0
2022-05-03 15:48:00,214,214,214,214,0
2022-05-03 15:49:00,214,214,214,214,0
2022-05-03 15:50:00,214,214,214,214,0
2022-05-03 15:51:00,214,214,214,214,0
2022-05-03 15:52:00,214,214,214,214,0
2022-05-03 15:53:00,214,214,214,214,0
2022-05-03 15:54:00,214,214,214,214,0
2022-05-03 15:55:00,214,214,214,214,0
2022-05-03 15:56:00,214,214,214,214,0
2022-05-03 15:57:00,214,214,214,214,0
2022-05-03 15:58:00,214,214,214,214,0
2022-05-03 15:59:00,214,214,214,214,0
2022-05-04 09:00:00,214,214,214,214,0
2022-05-04 09:01:00,214,214,214,214,0
2022-05-04 09:02:00,214,214,214,214,0
2022-05-04 09:03:00,214,214,214,214,0
2022-05-04 09:04:00,214,214,214,214,0
2022-05-04 09:05:00,214,214,214,214,0
2022-05-04 09:06:00,214,214,214,214,0
2022-05-04 09:07:00,214,214,214,214,0
2022-05-04 09:08:00,214,214,214,214,0
2022-05-04 09:09:00,214,214,214,214,0
2022-05-04 09:10:00,214,214,214,214,0
2022-05-04 09:11:00,214,214,214,214,0
2022-05-04 09:12:00,214,214,214,214,0
2022-05-04 09:13:00,214,214,214,214,0
2022-05-04 09:14:00,214,214,214,214,0
2022-05-04 09:15:00,214,214,214,214,0
2022-05-04 09:16:00,214,214,214,214,0
2022-05-04 09:17:00,214,214,214,214,0
2022-05-04 09:18:00,214,214,214,214,0
2022-05-04 09:19:00,214,214,214,214,0
2022-05-04 09:20:00,214,214,214,214,0
2022-05-04 09:21:00,214,214,214,214,0
2022-05-04 09:22:00,214,214,214,214,0
2022-05-04 09:23:00,214,214,214,214,0
2022-05-04 09:24:00,214,214,214,214,0
2022-05-04 09:25:00,214,214,214,214,0
2022-05-04 09:26:00,214,214,214,214,0
2022-05-04 09:27:00,214,214,214,214,0
2022-05-04 09:28:00,214,214,214,214,0
2022-05-04 09:29:00,214,214,214,214,0
2022-05-04 09:30:00,214,214,214,214,0
2022-05-04 09:31:00,214,214,214,214,0
2022-05-04 09:32:00,214,214,214,214,0
2022-05-04 09:33:00,214,214,214,214,0
2022-05-04 09:34:00,214,214,214,214,0
2022-05-04 09:35:00,214,214,214,214,0
2022-05-04 09:36:00,214,214,214,214,0
2022-05-04 09:37:00,214,214,214,214,0
2022-05-04 09:38:00,214,214,214,214,0
2022-05-04 09:39:00,214,214,214,214,0
2022-05-04 09:40:00,214,214,214,214,0
2022-05-04 09:41:00,214,214,214,214,0
2022-05-04 09:42:00,214,214,214,214,0
2022-05-04 09:43:00,214,214,214,214,0
2022-05-04 09:44:00,214,214,214,214,0
2022-05-04 09:45:00,214,214,214,214,0
2022-05-04 09:46:00,214,214,214,214,0
2022-05-04 09:47:00,214,214,214,214,0
2022-05-04 09:48:00,214,214,214,214,0
2022-05-04 09:49:00,214,214,214,214,0
2022-05-04 09:50:00,214,214,214,214,0
2022-05-04 09:51:00,214,214,214,214,0
2022-05-04 09:52:00,214,214,214,214,0
2022-05-04 09:53:00,214,214,214,214,0
2022-05-04 09:54:00,214,214,214,214,0
2022-05-04 09:55:00,214,214,214,214,0
2022-05-04 09:56:00,214,214,214,214,0
2022-05-04 09:57:00,214,214,214,214,0
2022-05-04 09:58:00,214,214,214,214,0
2022-05-04 09:59:00,214,214,214,214,0
2022-05-04 10:00:00,214,214,214,214,0
2022-05-04 10:01:00,214,214,214,214,0
2022-05-04 10:02:00,214,214,214,214,0
2022-05-04 10:03:00,214,214,214,214,0
2022-05-04 10:04:00,214,214,214,214,0
2022-05-04 10:05:00,214,214,214,214,0
2022-05-04 10:06:00,214,214,214,214,0
2022-05-04 10:07:00,214,214,214,214,0
2022-05-04 10:08:00,214,214,214,214,0
2022-05-04 10:09:00,214,214,214,214,0
2022-05-04 10:10:00,214,214,214,214,0
2022-05-04 10:11:00,214,214,214,214,0
2022-05-04 10:12:00,214,214,214,214,0
2022-05-04 10:13:00,214,214,214,214,0
2022-05-04 10:14:00,214,214,214,214,0
2022-05-04 10:15:00,214,214,214,214,0
2022-05-04 10:16:00,214,214,214,214,0
2022-05-04 10:17:00,214,214,214,214,0
2022-05-04 10:18:00,214,214,214,214,0
2022-05-04 10:19:00,214,214,214,214,0
2022-05-04 10:20:00,214,214,214,214,0
2022-05-04 10:21:00,214,214,214,214,0
2022-05-04 10:22:00,214,214,214,214,0
2022-05-04 10:23:00,214,214,214,214,0
2022-05-04 10:24:00,214,214,214,214,0
2022-05-04 10:25:00,214,214,214,214,0
2022-05-04 10:26:00,214,214,214,214,0
2022-05-04 10:27:00,214,214,214,214,0
2022-05-04 10:28:00,214,214,214,214,0
2022-05-04 10:29:00,214,214,214,214,0
2022-05-04 10:30:00,214,214,214,214,0
2022-05-04 10:31:00,214,214,214,214,0
2022-05-04 10:32:00,214,214,214,214,0
2022-05-04 10:33:00,214,214,214,214,0
2022-05-04 10:34:00,214,214,214,214,0
2022-05-04 10:35:00,214,214,214,214,0
2022-05-04 10:36:00,214,214,214,214,0
2022-05-04 10:37:00,214,214,214,214,0
2022-05-04 10:38:00,214,214,214,214,0
2022-05-04 10:39:00,214,214,214,214,0
2022-05-04 10:40:00,214,214,214,214,0
2022-05-04 10:41:00,214,214,214,214,0
2022-05-04 10:42:00,214,214,214,214,0
2022-05-04 10:43:00,214,214,214,214,0
2022-05-04 10:44:00,214,214,214,214,0
2022-05-04 10:45:00,214,214,214,214,0
2022-05-04 10:46:00,214,214,214,214,0
2022-05-04 10:47:00,214,214,214,214,0
2022-05-04 10:48:00,214,214,214,214,0
2022-05-04 10:49:00,214,214,214,214,0
2022-05-04 10:50:00,214,214,214,214,0
2022-05-04 10:51:00,214,214,214,214,0
2022-05-04 10:52:00,214,214,214,214,0
2022-05-04 10:53:00,214,214,214,214,0
2022-05-04 10:54:00,214,214,214,214,0
2022-05-04 10:55:00,214,214,214,214,0
2022-05-04 10:56:00,214,214,214,214,0
2022-05-04 10:57:00,214,214,214,214,0
2022-05-04 10:58:00,214,214,214,214,0
2022-05-04 10:59:00,214,214,214,214,0
2022-05-04 11:00:00,214,214,214,214,0
2022-05-04 11:01:00,214,214,214,214,0
2022-05-04 11:02:00,214,214,214,214,0
2022-05-04 11:03:00,214,214,214,214,0
2022-05-04 11:04:00,214,214,214,214,0
2022-05-04 11:05:00,214,214,214,214,0
2022-05-04 11:06:00,214,214,214,214,0
2022-05-04 11:07:00,214,214,214,214,0
2022-05-04 11:08:00,214,214,214,214,0
2022-05-04 11:09:00,214,214,214,214,0
2022-05-04 11:10:00,214,214,214,214,0
2022-05-04 11:11:00,214,214,214,214,0
2022-05-04 11:12:00,214,214,214,214,0
2022-05-04 11:13:00,214,214,214,214,0
2022-05-04 11:14:00,214,214,214,214,0
2022-05-04 11:15:00,214,214,214,214,0
2022-05-04 11:16:00,214,214,214,214,0
2022-05-04 11:17:00,214,214,214,214,0
2022-05-04 11:18:00,214,214,214,214,0
2022-05-04 11:19:00,214,214,214,214,0
2022-05-04 11:20:00,214,214,214,214,0
2022-05-04 11:21:00,214,214,214,214,0
2022-05-04 11:22:00,214,214,214,214,0
2022-05-04 11:23:00,214,214,214,214,0
2022-05-04 11:24:00,214,214,214,214,0
2022-05-04 11:25:00,214,214,214,214,0
2022-05-04 11:26:00,214,214,214,214,0
2022-05-04 11:27:00,214,214,214,214,0
2022-05-04 11:28:00,214,214,214,214,0
2022-05-04 11:29:00,214,214,214,214,0
2022-05-04 11:30:00,214,214,214,214,0
2022-05-04 11:31:00,214,214,214,214,0
2022-05-04 11:32:00,214,214,214,214,0
2022-05-04 11:33:00,214,214,214,214,0
2022-05-04 11:34:00,214,214,214,214,0
2022-05-04 11:35:00,214,214,214,214,0
2022-05-04 11:36:00,214,214,214,214,0
2022-05-04 11:37:00,214,214,214,214,0
2022-05-04 11:38:00,214,214,214,214,0
2022-05-04 11:39:00,214,214,214,214,0
2022-05-04 11:40:00,214,214,214,214,0
2022-05-04 11:41:00,214,214,214,214,0
2022-05-04 11:42:00,214,214,214,214,0
2022-05-04 11:43:00,214,214,214,214,0
2022-05-04 11:44:00,214,214,214,214,0
2022-05-04 11:45:00,214,214,214,214,0
2022-05-04 11:46:00,214,214,214,214,0
2022-05-04 11:47:00,214,214,214,214,0
2022-05-04 11:48:00,214,214,214,214,0
2022-05-04 11:49:00,214,214,214,214,0
2022-05-04 11:50:00,214,214,214,214,0
2022-05-04 11:51:00,214,214,214,214,0
2022-05-04 11:52:00,214,214,214,214,0
2022-05-04 11:53:00,214,214,214,214,0
2022-05-04 11:54:00,214,214,214,214,0
2022-05-04 11:55:00,214,214,214,214,0
2022-05-04 11:56:00,214,214,214,214,0
2022-05-04 11:57:00,214,214,214,214,0
2022-05-04 11:58:00,214,214,214,214,0
2022-05-04 11:59:00,214,214,214,214,0
2022-05-04 12:00:00,214,214,214,214,0
2022-05-04 12:01:00,214,214,214,214,0
2022-05-04 12:02:00,214,214,214,214,0
2022-05-04 12:03:00,214,214,214,214,0
2022-05-04 12:04:00,214,214,214,214,0
2022-05-04 12:05:00,214,214,214,214,0
2022-05-04 12:06:00,214,214,214,214,0
2022-05-04 12:07:00,214,214,214,214,0
2022-05-04 12:08:00,214,214,214,214,0
2022-05-04 12:09:00,214,214,214,214,0
2022-05-04 12:10:00,214,214,214,214,0
2022-05-04 12:11:00,214,214,214,214,0
2022-05-04 12:12:00,214,214,214,214,0
2022-05-04 12:13:00,214,214,214,214,0
2022-05-04 12:14:00,214,214,214,214,0
2022-05-04 12:15:00,214,214,214,214,0
2022-05-04 12:16:00,214,214,214,214,0
2022-05-04 12:17:00,214,214,214,214,0
2022-05-04 12:18:00,214,214,214,214,0
2022-05-04 12:19:00,214,214,214,214,0
2022-05-04 12:20:00,214,214,214,214,0
2022-05-04 12:21:00,214,214,214,214,0
2022-05-04 12:22:00,214,214,214,214,0
2022-05-04 12:23:00,214,214,214,214,0
2022-05-04 12:24:00,214,214,214,214,0
2022-05-04 12:25:00,214,214,214,214,0
2022-05-04 12:26:00,214,214,214,214,0
2022-05-04 12:27:00,214,214,214,214,0
2022-05-04 12:28:00,214,214,214,214,0
2022-05-04 12:29:00,214,214,214,214,0
2022-05-04 12:30:00,214,214,214,214,0
2022-05-04 12:31:00,214,214,214,214,0
2022-05-04 12:32:00,214,214,214,214,0
2022-05-04 12:33:00,214,214,214,214,0
2022-05-04 12:34:00,214,214,214,214,0
2022-05-04 12:35:00,214,214,214,214,0
2022-05-04 12:36:00,214,214,214,214,0
2022-05-04 12:37:00,214,214,214,214,0
2022-05-04 12:38:00,214,214,214,214,0
2022-05-04 12:39:00,214,214,214,214,0
2022-05-04 12:40:00,214,214,214,214,0
2022-05-04 12:41:00,214,214,214,214,0
2022-05-04 12:42:00,214,214,214,214,0
2022-05-04 12:43:00,214,214,214,214,0
2022-05-04 12:44:00,214,214,214,214,0
2022-05-04 12:45:00,214,214,214,214,0
2022-05-04 12:46:00,214,214,214,214,0
2022-05-04 12:47:00,214,214,214,214,0
2022-05-04 12:48:00,214,214,214,214,0
2022-05-04 12:49:00,214,214,214,214,0
2022-05-04 12:50:00,214,214,214,214,0
2022-05-04 12:51:00,214,214,214,214,0
2022-05-04 12:52:00,214,214,214,214,0
2022-05-04 12:53:00,214,214,214,214,0
2022-05-04 12:54:00,214,214,214,214,0
2022-05-04 12:55:00,214,214,214,214,0
2022-05-04 12:56:00,214,214,214,214,0
2022-05-04 12:57:00,214,214,214,214,0
2022-05-04 12:58:00,214,214,214,214,0
2022-05-04 12:59:00,214,214,214,214,0
2022-05-04 13:00:00,214,214,214,214,0
2022-05-04 13:01:00,214,214,214,214,0
2022-05-04 13:02:00,214,214,214,214,0
2022-05-04 13:03:00,214,214,214,214,0
2022-05-04 13:04:00,214,214,214,214,0
2022-05-04 13:05:00,214,214,214,214,0
2022-05-04 13:06:00,214,214,214,214,0
2022-05-04 13:07:00,214,214,214,214,0
2022-05-04 13:08:00,214,214,214,214,0
2022-05-04 13:09:00,214,214,214,214,0
2022-05-04 13:10:00,214,214,214,214,0
2022-05-04 13:11:00,214,214,214,214,0
2022-05-04 13:12:00,214,214,214,214,0
2022-05-04 13:13:00,214,214,214,214,0
2022-05-04 13:14:00,214,214,214,214,0
2022-05-04 13:15:00,214,214,214,214,0
2022-05-04 13:16:00,214,214,214,214,0
2022-05-04 13:17:00,214,214,214,214,0
2022-05-04 13:18:00,214,214,214,214,0
2022-05-04 13:19:00,214,214,214,214,0
2022-05-04 13:20:00,214,214,214,214,0
2022-05-04 13:21:00,214,214,214,214,0
2022-05-04 13:22:00,214,214,214,214,0
2022-05-04 13:23:00,214,214,214,214,0
2022-05-04 13:24:00,214,214,214,214,0
2022-05-04 13:25:00,214,214,214,214,0
2022-05-04 13:26:00,214,214,214,214,0
2022-05-04 13:27:00,214,214,214,214,0
2022-05-04 13:28:00,214,214,214,214,0
2022-05-04 13:29:00,214,214,214,214,0
2022-05-04 13:30:00,214,214,214,214,0
2022-05-04 13:31:00,214,214,214,214,0
2022-05-04 13:32:00,214,214,214,214,0
2022-05-04 13:33:00,214,214,214,214,0
2022-05-04 13:34:00,214,214,214,214,0
2022-05-04 13:35:00,214,214,214,214,0
2022-05-04 13:36:00,214,214,214,214,0
2022-05-04 13:37:00,214,214,214,214,0
2022-05-04 13:38:00,214,214,214,214,0
2022-05-04 13:39:00,214,214,214,214,0
2022-05-04 13:40:00,214,214,214,214,0
2022-05-04 13:41:00,214,214,214,214,0
2022-05-04 13:42:00,214,214,214,214,0
2022-05-04 13:43:00,214,214,214,214,0
2022-05-04 13:44:00,214,214,214,214,0
2022-05-04 13:45:00,214,214,214,214,0
2022-05-04 13:46:00,214,214,214,214,0
2022-05-04 13:47:00,214,214,214,214,0
2022-05-04 13:48:00,214,214,214,214,0
2022-05-04 13:49:00,214,214,214,214,0
2022-05-04 13:50:00,214,214,214,214,0
2022-05-04 13:51:00,214,214,214,214,0
2022-05-04 13:52:00,214,214,214,214,0
2022-05-04 13:53:00,214,214,214,214,0
2022-05-04 13:54:00,214,214,214,214,0
2022-05-04 13:55:00,214,214,214,214,0
2022-05-04 13:56:00,214,214,214,214,0
2022-05-04 13:57:00,214,214,214,214,0
2022-05-04 13:58:00,214,214,214,214,0
2022-05-04 13:59:00,214,214,214,214,0
2022-05-04 14:00:00,214,214,214,214,0
2022-05-04 14:01:00,214,214,214,214,0
2022-05-04 14:02:00,214,214,214,214,0
2022-05-04 14:03:00,214,214,214,214,0
2022-05-04 14:04:00,214,214,214,214,0
2022-05-04 14:05:00,214,214,214,214,0
2022-05-04 14:06:00,214,214,214,214,0
2022-05-04 14:07:00,214,214,214,214,0
2022-05-04 14:08:00,214,214,214,214,0
2022-05-04 14:09:00,214,214,214,214,0
2022-05-04 14:10:00,214,214,214,214,0
2022-05-04 14:11:00,214,214,214,214,0
2022-05-04 14:12:00,214,214,214,214,0
2022-05-04 14:13:00,214,214,214,214,0
2022-05-04 14:14:00,214,214,214,214,0
2022-05-04 14:15:00,214,214,214,214,0
2022-05-04 14:16:00,214,214,214,214,0
2022-05-04 14:17:00,214,214,214,214,0
2022-05-04 14:18:00,214,214,214,214,0
2022-05-04 14:19:00,214,214,214,214,0
2022-05-04 14:20:00,214,214,214,214,0
2022-05-04 14:21:00,214,214,214,214,0
2022-05-04 14:22:00,214,214,214,214,0
2022-05-04 14:23:00,214,214,214,214,0
2022-05-04 14:24:00,214,214,214,214,0
2022-05-04 14:25:00,214,214,214,214,0
2022-05-04 14:26:00,214,214,214,214,0
2022-05-04 14:27:00,214,214,214,214,0
2022-05-04 14:28:00,214,214,214,214,0
2022-05-04 14:29:00,214,214,214,214,0
2022-05-04 14:30:00,214,214,214,214,0
2022-05-04 14:31:00,214,214,214,214,0
2022-05-04 14:32:00,214,214,214,214,0
2022-05-04 14:33:00,214,214,214,214,0
2022-05-04 14:34:00,214,214,214,214,0
2022-05-04 14:35:00,214,214,214,214,0
2022-05-04 14:36:00,214,214,214,214,0
2022-05-04 14:37:00,214,214,214,214,0
2022-05-04 14:38:00,214,214,214,214,0
2022-05-04 14:39:00,214,214,214,214,0
2022-05-04 14:40:00,214,214,214,214,0
2022-05-04 14:41:00,214,214,214,214,0
2022-05-04 14:42:00,214,214,214,214,0
2022-05-04 14:43:00,214,214,214,214,0
2022-05-04 14:44:00,214,214,214,214,0
2022-05-04 14:45:00,214,214,214,214,0
2022-05-04 14:46:00,214,214,214,214,0
2022-05-04 14:47:00,214,214,214,214,0
2022-05-04 14:48:00,214,214,214,214,0
2022-05-04 14:49:00,214,214,214,214,0
2022-05-04 14:50:00,214,214,214,214,0
2022-05-04 14:51:00,214,214,214,214,0
2022-05-04 14:52:00,214,214,214,214,0
2022-05-04 14:53:00,214,214,214,214,0
2022-05-04 14:54:00,214,214,214,214,0
2022-05-04 14:55:00,214,214,214,214,0
2022-05-04 14:56:00,214,214,214,214,0
2022-05-04 14:57:00,214,214,214,214,0
2022-05-04 14:58:00,214,214,214,214,0
2022-05-04 14:59:00,214,214,214,214,0
2022-05-04 15:00:00,214,214,214,214,0
2022-05-04 15:01:00,214,214,214,214,0
2022-05-04 15:02:00,214,214,214,214,0
2022-05-04 15:03:00,214,214,214,214,0
2022-05-04 15:04:00,214,214,214,214,0
2022-05-04 15:05:00,214,214,214,214,0
2022-05-04 15:06:00,214,214,214,214,0
2022-05-04 15:07:00,214,214,214,214,0
2022-05-04 15:08:00,214,214,214,214,0
2022-05-04 15:09:00,214,214,214,214,0
2022-05-04 15:10:00,214,214,214,214,0
2022-05-04 15:11:00,214,214,214,214,0
2022-05-04 15:12:00,214,214,214,214,0
2022-05-04 15:13:00,214,214,214,214,0
2022-05-04 15:14:00,214,214,214,214,0
2022-05-04 15:15:00,214,214,214,214,0
2022-05-04 15:16:00,214,214,214,214,0
2022-05-04 15:17:00,214,214,214,214,0
2022-05-04 15:18:00,214,214,214,214,0
2022-05-04 15:19:00,214,214,214,214,0
2022-05-04 15:20:00,214,214,214,214,0
2022-05-04 15:21:00,214,214,214,214,0
2022-05-04 15:22:00,214,214,214,214,0
2022-05-04 15:23:00,214,214,214,214,0
2022-05-04 15:24:00,214,214,214,214,0
2022-05-04 15:25:00,214,214,214,214,0
2022-05-04 15:26:00,214,214,214,214,0
2022-05-04 15:27:00,214,214,214,214,0
2022-05-04 15:28:00,214,214,214,214,0
2022-05-04 15:29:00,214,214,214,214,0
2022-05-04 15:30:00,214,214,214,214,0
2022-05-04 15:31:00,214,214,214,214,0
2022-05-04 15:32:00,214,214,214,214,0
2022-05-04 15:33:00,214,214,214,214,0
2022-05-04 15:34:00,214,214,214,214,0
2022-05-04 15:35:00,214,214,214,214,0
2022-05-04 15:36:00,214,214,214,214,0
2022-05-04 15:37:00,214,214,214,214,0
2022-05-04 15:38:00,214,214,214,214,0
2022-05-04 15:39:00,214,214,214,214,0
2022-05-04 15:40:00,214,214,214,214,0
2022-05-04 15:41:00,214,214,214,214,0
2022-05-04 15:42:00,214,214,214,214,0
2022-05-04 15:43:00,214,214,214,214,0
2022-05-04 15:44:00,214,214,214,214,0
2022-05-04 15:45:00,214,214,214,214,0
2022-05-04 15:46:00,214,214,214,214,0
2022-05-04 15:47:00,214,214,214,214,0
2022-05-04 15:48:00,214,214,214,214,0
2022-05-04 15:49:00,214,214,214,214,0
2022-05-04 15:50:00,214,214,214,214,0
2022-05-04 15:51:00,214,214,214,214,0
2022-05-04 15:52:00,214,214,214,214,0
2022-05-04 15:53:00,214,214,214,214,0
2022-05-04 15:54:00,214,214,214,214,0
2022-05-04 15:55:00,214,214,214,214,0
2022-05-04 15:56:00,214,214,214,214,0
2022-05-04 15:57:00,214,214,214,214,0
2022-05-04 15:58:00,214,214,214,214,0
2022-05-04 15:59:00,214,214,214,214,0
2022-05-05 09:00:00,214,214,214,214,0
2022-05-05 09:01:00,214,214,214,214,0
2022-05-05 09:02:00,214,214,214,214,0
2022-05-05 09:03:00,214,214,214,214,0
2022-05-05 09:04:00,214,214,214,214,0
2022-05-05 09:05:00,214,214,214,214,0
2022-05-05 09:06:00,214,214,214,214,0
2022-05-05 09:07:00,214,214,214,214,0
2022-05-05 09:08:00,214,214,214,214,0
2022-05-05 09:09:00,214,214,214,214,0
2022-05-05 09:10:00,214,214,214,214,0
2022-05-05 09:11:00,214,214,214,214,0
2022-05-05 09:12:00,214,214,214,214,0
2022-05-05 09:13:00,214,214,214,214,0
2022-05-05 09:14:00,214,214,214,214,0
2022-05-05 09:15:00,214,214,214,214,0
2022-05-05 09:16:00,214,214,214,214,0
2022-05-05 09:17:00,214,214,214,214,0
2022-05-05 09:18:00,214,214,214,214,0
2022-05-05 09:19:00,214,214,214,214,0
2022-05-05 09:20:00,214,214,214,214,0
2022-05-05 09:21:00,214,214,214,214,0
2022-05-05 09:22:00,214,214,214,214,0
2022-05-05 09:23:00,214,214,214,214,0
2022-05-05 09:24:00,214,214,214,214,0
2022-05-05 09:25:00,214,214,214,214,0
2022-05-05 09:26:00,214,214,214,214,0
2022-05-05 09:27:00,214,214,214,214,0
2022-05-05 09:28:00,214,214,214,214,0
2022-05-05 09:29:00,214,214,214,214,0
2022-05-05 09:30:00,214,214,214,214,0
2022-05-05 09:31:00,214,214,214,214,0
2022-05-05 09:32:00,214,214,214,214,0
2022-05-05 09:33:00,214,214,214,214,0
2022-05-05 09:34:00,214,214,214,214,0
2022-05-05 09:35:00,214,214,214,214,0
2022-05-05 09:36:00,214,214,214,214,0
2022-05-05 09:37:00,214,214,214,214,0
2022-05-05 09:38:00,214,214,214,214,0
2022-05-05 09:39:00,214,214,214,214,0
2022-05-05 09:40:00,214,214,214,214,0
2022-05-05 09:41:00,214,214,214,214,0
2022-05-05 09:42:00,214,214,214,214,0
2022-05-05 09:43:00,214,214,214,214,0
2022-05-05 09:44:00,214,214,214,214,0
2022-05-05 09:45:00,214,214,214,214,0
2022-05-05 09:46:00,214,214,214,214,0
2022-05-05 09:47:00,214,214,214,214,0
2022-05-05 09:48:00,214,214,214,214,0
2022-05-05 09:49:00,214,214,214,214,0
2022-05-05 09:50:00,214,214,214,214,0
2022-05-05 09:51:00,214,214,214,214,0
2022-05-05 09:52:00,214,214,214,214,0
2022-05-05 09:53:00,214,214,214,214,0
2022-05-05 09:54:00,214,214,214,214,0
2022-05-05 09:55:00,214,214,214,214,0
2022-05-05 09:56:00,214,214,214,214,0
2022-05-05 09:57:00,214,214,214,214,0
2022-05-05 09:58:00,214,214,214,214,0
2022-05-05 09:59:00,214,214,214,214,0
2022-05-05 10:00:00,214,214,214,214,0
2022-05-05 10:01:00,214,214,214,214,0
2022-05-05 10:02:00,214,214,214,214,0
2022-05-05 10:03:00,214,214,214,214,0
2022-05-05 10:04:00,214,214,214,214,0
2022-05-05 10:05:00,214,214,214,214,0
2022-05-05 10:06:00,214,214,214,214,0
2022-05-05 10:07:00,214,214,214,214,0
2022-05-05 10:08:00,214,214,214,214,0
2022-05-05 10:09:00,214,214,214,214,0
2022-05-05 10:10:00,214,214,214,214,0
2022-05-05 10:11:00,214,214,214,214,0
2022-05-05 10:12:00,214,214,214,214,0
2022-05-05 10:13:00,214,214,214,214,0
2022-05-05 10:14:00,214,214,214,214,0
2022-05-05 10:15:00,214,214,214,214,0
2022-05-05 10:16:00,214,214,214,214,0
2022-05-05 10:17:00,214,214,214,214,0
2022-05-05 10:18:00,214,214,214,214,0
2022-05-05 10:19:00,214,214,214,214,0
2022-05-05 10:20:00,214,214,214,214,0
2022-05-05 10:21:00,214,214,214,214,0
2022-05-05 10:22:00,214,214,214,214,0
2022-05-05 10:23:00,214,214,214,214,0
2022-05-05 10:24:00,214,214,214,214,0
2022-05-05 10:25:00,214,214,214,214,0
2022-05-05 10:26:00,214,214,214,214,0
2022-05-05 10:27:00,214,214,214,214,0
2022-05-05 10:28:00,214,214,214,214,0
2022-05-05 10:29:00,214,214,214,214,0
2022-05-05 10:30:00,214,214,214,214,0
2022-05-05 10:31:00,214,214,214,214,0
2022-05-05 10:32:00,214,214,214,214,0
2022-05-05 10:33:00,214,214,214,214,0
2022-05-05 10:34:00,214,214,214,214,0
2022-05-05 10:35:00,214,214,214,214,0
2022-05-05 10:36:00,214,214,214,214,0
2022-05-05 10:37:00,214,214,214,214,0
2022-05-05 10:38:00,214,214,214,214,0
2022-05-05 10:39:00,214,214,214,214,0
2022-05-05 10:40:00,214,214,214,214,0
2022-05-05 10:41:00,214,214,214,214,0
2022-05-05 10:42:00,214,214,214,214,0
2022-05-05 10:43:00,214,214,214,214,0
2022-05-05 10:44:00,214,214,214,214,0
2022-05-05 10:45:00,214,214,214,214,0
2022-05-05 10:46:00,214,214,214,214,0
2022-05-05 10:47:00,214,214,214,214,0
2022-05-05 10:48:00,214,214,214,214,0
2022-05-05 10:49:00,214,214,214,214,0
2022-05-05 10:50:00,214,214,214,214,0
2022-05-05 10:51:00,214,214,214,214,0
2022-05-05 10:52:00,214,214,214,214,0
2022-05-05 10:53:00,214,214,214,214,0
2022-05-05 10:54:00,214,214,214,214,0
2022-05-05 10:55:00,214,214,214,214,0
2022-05-05 10:56:00,214,214,214,214,0
2022-05-05 10:57:00,214,214,214,214,0
2022-05-05 10:58:00,214,214,214,214,0
2022-05-05 10:59:00,214,214,214,214,0
2022-05-05 11:00:00,214,214,214,214,0
2022-05-05 11:01:00,214,214,214,214,0
2022-05-05 11:02:00,214,214,214,214,0
2022-05-05 11:03:00,214,214,214,214,0
2022-05-05 11:04:00,214,214,214,214,0
2022-05-05 11:05:00,214,214,214,214,0
2022-05-05 11:06:00,214,214,214,214,0
2022-05-05 11:07:00,214,214,214,214,0
2022-05-05 11:08:00,214,214,214,214,0
2022-05-05 11:09:00,214,214,214,214,0
2022-05-05 11:10:00,214,214,214,214,0
2022-05-05 11:11:00,214,214,214,214,0
2022-05-05 11:12:00,214,214,214,214,0
2022-05-05 11:13:00,214,214,214,214,0
2022-05-05 11:14:00,214,214,214,214,0
2022-05-05 11:15:00,214,214,214,214,0
2022-05-05 11:16:00,214,214,214,214,0
2022-05-05 11:17:00,214,214,214,214,0
2022-05-05 11:18:00,214,214,214,214,0
2022-05-05 11:19:00,214,214,214,214,0
2022-05-05 11:20:00,214,214,214,214,0
2022-05-05 11:21:00,214,214,214,214,0
2022-05-05 11:22:00,214,214,214,214,0
2022-05-05 11:23:00,214,214,214,214,0
2022-05-05 11:24:00,214,214,214,214,0
2022-05-05 11:25:00,214,214,214,214,0
2022-05-05 11:26:00,214,214,214,214,0
2022-05-05 11:27:00,214,214,214,214,0
2022-05-05 11:28:00,214,214,214,214,0
2022-05-05 11:29:00,214,214,214,214,0
2022-05-05 11:30:00,214,214,214,214,0
2022-05-05 11:31:00,214,214,214,214,0
2022-05-05 11:32:00,214,214,214,214,0
2022-05-05 11:33:00,214,214,214,214,0
2022-05-05 11:34:00,214,214,214,214,0
2022-05-05 11:35:00,214,214,214,214,0
2022-05-05 11:36:00,214,214,214,214,0
2022-05-05 11:37:00,214,214,214,214,0
2022-05-05 11:38:00,214,214,214,214,0
2022-05-05 11:39:00,214,214,214,214,0
2022-05-05 11:40:00,214,214,214,214,0
2022-05-05 11:41:00,214,214,214,214,0
2022-05-05 11:42:00,214,214,214,214,0
2022-05-05 11:43:00,214,214,214,214,0
2022-05-05 11:44:00,214,214,214,214,0
2022-05-05 11:45:00,214,214,214,214,0
2022-05-05 11:46:00,214,214,214,214,0
2022-05-05 11:47:00,214,214,214,214,0
2022-05-05 11:48:00,214,214,214,214,0
2022-05-05 11:49:00,214,214,214,214,0
2022-05-05 11:50:00,214,214,214,214,0
2022-05-05 11:51:00,214,214,214,214,0
2022-05-05 11:52:00,214,214,214,214,0
2022-05-05 11:53:00,214,214,214,214,0
2022-05-05 11:54:00,214,214,214,214,0
2022-05-05 11:55:00,214,214,214,214,0
2022-05-05 11:56:00,214,214,214,214,0
2022-05-05 11:57:00,214,214,214,214,0
2022-05-05 11:58:00,214,214,214,214,0
2022-05-05 11:59:00,214,214,214,214,0
2022-05-05 12:00:00,214,214,214,214,0
2022-05-05 12:01:00,214,214,214,214,0
2022-05-05 12:02:00,214,214,214,214,0
2022-05-05 12:03:00,214,214,214,214,0
2022-05-05 12:04:00,214,214,214,214,0
2022-05-05 12:05:00,214,214,214,214,0
2022-05-05 12:06:00,214,214,214,214,0
2022-05-05 12:07:00,214,214,214,214,0
2022-05-05 12:08:00,214,214,214,214,0
2022-05-05 12:09:00,214,214,214,214,0
2022-05-05 12:10:00,214,214,214,214,0
2022-05-05 12:11:00,214,214,214,214,0
2022-05-05 12:12:00,214,214,214,214,0
2022-05-05 12:13:00,214,214,214,214,0
2022-05-05 12:14:00,214,214,214,214,0
2022-05-05 12:15:00,214,214,214,214,0
2022-05-05 12:16:00,214,214,214,214,0
2022-05-05 12:17:00,214,214,214,214,0
2022-05-05 12:18:00,214,214,214,214,0
2022-05-05 12:19:00,214,214,214,214,0
2022-05-05 12:20:00,214,214,214,214,0
2022-05-05 12:21:00,214,214,214,214,0
2022-05-05 12:22:00,214,214,214,214,0
2022-05-05 12:23:00,214,214,214,214,0
2022-05-05 12:24:00,214,214,214,214,0
2022-05-05 12:25:00,214,214,214,214,0
2022-05-05 12:26:00,214,214,214,214,0
2022-05-05 12:27:00,214,214,214,214,0
2022-05-05 12:28:00,214,214,214,214,0
2022-05-05 12:29:00,214,214,214,214,0
2022-05-05 12:30:00,214,214,214,214,0
2022-05-05 12:31:00,214,214,214,214,0
2022-05-05 12:32:00,214,214,214,214,0
2022-05-05 12:33:00,214,214,214,214,0
2022-05-05 12:34:00,214,214,214,214,0
2022-05-05 12:35:00,214,214,214,214,0
2022-05-05 12:36:00,214,214,214,214,0
2022-05-05 12:37:00,214,214,214,214,0
2022-05-05 12:38:00,214,214,214,214,0
2022-05-05 12:39:00,214,214,214,214,0
2022-05-05 12:40:00,214,214,214,214,0
2022-05-05 12:41:00,214,214,214,214,0
2022-05-05 12:42:00,214,214,214,214,0
2022-05-05 12:43:00,214,214,214,214,0
2022-05-05 12:44:00,214,214,214,214,0
2022-05-05 12:45:00,214,214,214,214,0
2022-05-05 12:46:00,214,214,214,214,0
2022-05-05 12:47:00,214,214,214,214,0
2022-05-05 12:48:00,214,214,214,214,0
2022-05-05 12:49:00,214,214,214,214,0
2022-05-05 12:50:00,214,214,214,214,0
2022-05-05 12:51:00,214,214,214,214,0
2022-05-05 12:52:00,214,214,214,214,0
2022-05-05 12:53:00,214,214,214,214,0
2022-05-05 12:54:00,214,214,214,214,0
2022-05-05 12:55:00,214,214,214,214,0
2022-05-05 12:56:00,214,214,214,214,0
2022-05-05 12:57:00,214,214,214,214,0
2022-05-05 12:58:00,214,214,214,214,0
2022-05-05 12:59:00,214,214,214,214,0
2022-05-05 13:00:00,214,214,214,214,0
2022-05-05 13:01:00,214,214,214,214,0
2022-05-05 13:02:00,214,214,214,214,0
2022-05-05 13:03:00,214,214,214,214,0
2022-05-05 13:04:00,214,214,214,214,0
2022-05-05 13:05:00,214,214,214,214,0
2022-05-05 13:06:00,214,214,214,214,0
2022-05-05 13:07:00,214,214,214,214,0
2022-05-05 13:08:00,214,214,214,214,0
2022-05-05 13:09:00,214,214,214,214,0
2022-05-05 13:10:00,214,214,214,214,0
2022-05-05 13:11:00,214,214,214,214,0
2022-05-05 13:12:00,214,214,214,214,0
2022-05-05 13:13:00,214,214,214,214,0
2022-05-05 13:14:00,214,214,214,214,0
2022-05-05 13:15:00,214,214,214,214,0
2022-05-05 13:16:00,214,214,214,214,0
2022-05-05 13:17:00,214,214,214,214,0
2022-05-05 13:18:00,214,214,214,214,0
2022-05-05 13:19:00,214,214,214,214,0
2022-05-05 13:20:00,214,214,214,214,0
2022-05-05 13:21:00,214,214,214,214,0
2022-05-05 13:22:00,214,214,214,214,0
2022-05-05 13:23:00,214,214,214,214,0
2022-05-05 13:24:00,214,214,214,214,0
2022-05-05 13:25:00,214,214,214,214,0
2022-05-05 13:26:00,214,214,214,214,0
2022-05-05 13:27:00,214,214,214,214,0
2022-05-05 13:28:00,214,214,214,214,0
2022-05-05 13:29:00,214,214,214,214,0
2022-05-05 13:30:00,214,214,214,214,0
2022-05-05 13:31:00,214,214,214,214,0
2022-05-05 13:32:00,214,214,214,214,0
2022-05-05 13:33:00,214,214,214,214,0
2022-05-05 13:34:00,214,214,214,214,0
2022-05-05 13:35:00,214,214,214,214,0
2022-05-05 13:36:00,214,214,214,214,0
2022-05-05 13:37:00,214,214,214,214,0
2022-05-05 13:38:00,214,214,214,214,0
2022-05-05 13:39:00,214,214,214,214,0
2022-05-05 13:40:00,214,214,214,214,0
2022-05-05 13:41:00,214,214,214,214,0
2022-05-05 13:42:00,214,214,214,214,0
2022-05-05 13:43:00,214,214,214,214,0
2022-05-05 13:44:00,214,214,214,214,0
2022-05-05 13:45:00,214,214,214,214,0
2022-05-05 13:46:00,214,214,214,214,0
2022-05-05 13:47:00,214,214,214,214,0
2022-05-05 13:48:00,214,214,214,214,0
2022-05-05 13:49:00,214,214,214,214,0
2022-05-05 13:50:00,214,214,214,214,0
2022-05-05 13:51:00,214,214,214,214,0
2022-05-05 13:52:00,214,214,214,214,0
2022-05-05 13:53:00,214,214,214,214,0
2022-05-05 13:54:00,214,214,214,214,0
2022-05-05 13:55:00,214,214,214,214,0
2022-05-05 13:56:00,214,214,214,214,0
2022-05-05 13:57:00,214,214,214,214,0
2022-05-05 13:58:00,214,214,214,214,0
2022-05-05 13:59:00,214,214,214,214,0
2022-05-05 14:00:00,214,214,214,214,0
2022-05-05 14:01:00,214,214,214,214,0
2022-05-05 14:02:00,214,214,214,214,0
2022-05-05 14:03:00,214,214,214,214,0
2022-05-05 14:04:00,214,214,214,214,0
2022-05-05 14:05:00,214,214,214,214,0
2022-05-05 14:06:00,214,214,214,214,0
2022-05-05 14:07:00,214,214,214,214,0
2022-05-05 14:08:00,214,214,214,214,0
2022-05-05 14:09:00,214,214,214,214,0
2022-05-05 14:10:00,214,214,214,214,0
2022-05-05 14:11:00,214,214,214,214,0
2022-05-05 14:12:00,214,214,214,214,0
2022-05-05 14:13:00,214,214,214,214,0
2022-05-05 14:14:00,214,214,214,214,0
2022-05-05 14:15:00,214,214,214,214,0
2022-05-05 14:16:00,214,214,214,214,0
2022-05-05 14:17:00,214,214,214,214,0
2022-05-05 14:18:00,214,214,214,214,0
2022-05-05 14:19:00,214,214,214,214,0
2022-05-05 14:20:00,214,214,214,214,0
2022-05-05 14:21:00,214,214,214,214,0
2022-05-05 14:22:00,214,214,214,214,0
2022-05-05 14:23:00,214,214,214,214,0
2022-05-05 14:24:00,214,214,214,214,0
2022-05-05 14:25:00,214,214,214,214,0
2022-05-05 14:26:00,214,214,214,214,0
2022-05-05 14:27:00,214,214,214,214,0
2022-05-05 14:28:00,214,214,214,214,0
2022-05-05 14:29:00,214,214,214,214,0
2022-05-05 14:30:00,214,214,214,214,0
2022-05-05 14:31:00,214,214,214,214,0
2022-05-05 14:32:00,214,214,214,214,0
2022-05-05 14:33:00,214,214,214,214,0
2022-05-05 14:34:00,214,214,214,214,0
2022-05-05 14:35:00,214,214,214,214,0
2022-05-05 14:36:00,214,214,214,214,0
2022-05-05 14:37:00,214,214,214,214,0
2022-05-05 14:38:00,214,214,214,214,0
2022-05-05 14:39:00,214,214,214,214,0
2022-05-05 14:40:00,214,214,214,214,0
2022-05-05 14:41:00,214,214,214,214,0
2022-05-05 14:42:00,214,214,214,214,0
2022-05-05 14:43:00,214,214,214,214,0
2022-05-05 14:44:00,214,214,214,214,0
2022-05-05 14:45:00,214,214,214,214,0
2022-05-05 14:46:00,214,214,214,214,0
2022-05-05 14:47:00,214,214,214,214,0
2022-05-05 14:48:00,214,214,214,214,0
2022-05-05 14:49:00,214,214,214,214,0
2022-05-05 14:50:00,214,214,214,214,0
2022-05-05 14:51:00,214,214,214,214,0
2022-05-05 14:52:00,214,214,214,214,0
2022-05-05 14:53:00,214,214,214,214,0
2022-05-05 14:54:00,214,214,214,214,0
2022-05-05 14:55:00,214,214,214,214,0
2022-05-05 14:56:00,214,214,214,214,0
2022-05-05 14:57:00,214,214,214,214,0
2022-05-05 14:58:00,214,214,214,214,0
2022-05-05 14:59:00,214,214,214,214,0
2022-05-05 15:00:00,214,214,214,214,0
2022-05-05 15:01:00,214,214,214,214,0
2022-05-05 15:02:00,214,214,214,214,0
2022-05-05 15:03:00,214,214,214,214,0
2022-05-05 15:04:00,214,214,214,214,0
2022-05-05 15:05:00,214,214,214,214,0
2022-05-05 15:06:00,214,214,214,214,0
2022-05-05 15:07:00,214,214,214,214,0
2022-05-05 15:08:00,214,214,214,214,0
2022-05-05 15:09:00,214,214,214,214,0
2022-05-05 15:10:00,214,214,214,214,0
2022-05-05 15:11:00,214,214,214,214,0
2022-05-05 15:12:00,214,214,214,214,0
2022-05-05 15:13:00,214,214,214,214,0
2022-05-05 15:14:00,214,214,214,214,0
2022-05-05 15:15:00,214,214,214,214,0
2022-05-05 15:16:00,214,214,214,214,0
2022-05-05 15:17:00,214,214,214,214,0
2022-05-05 15:18:00,214,214,214,214,0
2022-05-05 15:19:00,214,214,214,214,0
2022-05-05 15:20:00,214,214,214,214,0
2022-05-05 15:21:00,214,214,214,214,0
2022-05-05 15:22:00,214,214,214,214,0
2022-05-05 15:23:00,214,214,214,214,0
2022-05-05 15:24:00,214,214,214,214,0
2022-05-05 15:25:00,214,214,214,214,0
2022-05-05 15:26:00,214,214,214,214,0
2022-05-05 15:27:00,214,214,214,214,0
2022-05-05 15:28:00,214,214,214,214,0
2022-05-05 15:29:00,214,214,214,214,0
2022-05-05 15:30:00,214,214,214,214,0
2022-05-05 15:31:00,214,214,214,214,0
2022-05-05 15:32:00,214,214,214,214,0
2022-05-05 15:33:00,214,214,214,214,0
2022-05-05 15:34:00,214,214,214,214,0
2022-05-05 15:35:00,214,214,214,214,0
2022-05-05 15:36:00,214,214,214,214,0
2022-05-05 15:37:00,214,214,214,214,0
2022-05-05 15:38:00,214,214,214,214,0
2022-05-05 15:39:00,214,214,214,214,0
2022-05-05 15:40:00,214,214,214,214,0
2022-05-05 15:41:00,214,214,214,214,0
2022-05-05 15:42:00,214,214,214,214,0
2022-05-05 15:43:00,214,214,214,214,0
2022-05-05 15:44:00,214,214,214,214,0
2022-05-05 15:45:00,214,214,214,214,0
2022-05-05 15:46:00,214,214,214,214,0
2022-05-05 15:47:00,214,214,214,214,0
2022-05-05 15:48:00,214,214,214,214,0
2022-05-05 15:49:00,214,214,214,214,0
2022-05-05 15:50:00,214,214,214,214,0
2022-05-05 15:51:00,214,214,214,214,0
2022-05-05 15:52:00,214,214,214,214,0
2022-05-05 15:53:00,214,214,214,214,0
2022-05-05 15:54:00,214,214,214,214,0
2022-05-05 15:55:00,214,214,214,214,0
2022-05-05 15:56:00,214,214,214,214,0
2022-05-05 15:57:00,214,214,214,214,0
2022-05-05 15:58:00,214,214,214,214,0
2022-05-05 15:59:00,214,214,214,214,0
2022-05-06 09:00:00,214,214,214,214,0
2022-05-06 09:01:00,214,214,214,214,0
2022-05-06 09:02:00,214,214,214,214,0
2022-05-06 09:03:00,214,214,214,214,0
2022-05-06 09:04:00,214,214,214,214,0
2022-05-06 09:05:00,214,214,214,214,0
2022-05-06 09:06:00,214,214,214,214,0
2022-05-06 09:07:00,214,214,214,214,0
2022-05-06 09:08:00,214,214,214,214,0
2022-05-06 09:09:00,214,214,214,214,0
2022-05-06 09:10:00,214,214,214,214,0
2022-05-06 09:11:00,214,214,214,214,0
2022-05-06 09:12:00,214,214,214,214,0
2022-05-06 09:13:00,214,214,214,214,0
2022-05-06 09:14:00,214,214,214,214,0
2022-05-06 09:15:00,214,214,214,214,0
2022-05-06 09:16:00,214,214,214,214,0
2022-05-06 09:17:00,214,214,214,214,0
2022-05-06 09:18:00,214,214,214,214,0
2022-05-06 09:19:00,214,214,214,214,0
2022-05-06 09:20:00,214,214,214,214,0
2022-05-06 09:21:00,214,214,214,214,0
2022-05-06 09:22:00,214,214,214,214,0
2022-05-06 09:23:00,214,214,214,214,0
2022-05-06 09:24:00,214,214,214,214,0
2022-05-06 09:25:00,214,214,214,214,0
2022-05-06 09:26:00,214,214,214,214,0
2022-05-06 09:27:00,214,214,214,214,0
2022-05-06 09:28:00,214,214,214,214,0
2022-05-06 09:29:00,214,214,214,214,0
2022-05-06 09:30:00,214,214,214,214,0
2022-05-06 09:31:00,214,214,214,214,0
2022-05-06 09:32:00,214,214,214,214,0
2022-05-06 09:33:00,214,214,214,214,0
2022-05-06 09:34:00,214,214,214,214,0
2022-05-06 09:35:00,214,214,214,214,0
2022-05-06 09:36:00,214,214,214,214,0
2022-05-06 09:37:00,214,214,214,214,0
2022-05-06 09:38:00,214,214,214,214,0
2022-05-06 09:39:00,214,214,214,214,0
2022-05-06 09:40:00,214,214,214,214,0
2022-05-06 09:41:00,214,214,214,214,0
2022-05-06 09:42:00,214,214,214,214,0
2022-05-06 09:43:00,214,214,214,214,0
2022-05-06 09:44:00,214,214,214,214,0
2022-05-06 09:45:00,214,214,214,214,0
2022-05-06 09:46:00,214,214,214,214,0
2022-05-06 09:47:00,214,214,214,214,0
2022-05-06 09:48:00,214,214,214,214,0
2022-05-06 09:49:00,214,214,214,214,0
2022-05-06 09:50:00,214,214,214,214,0
2022-05-06 09:51:00,214,214,214,214,0
2022-05-06 09:52:00,214,214,214,214,0
2022-05-06 09:53:00,214,214,214,214,0
2022-05-06 09:54:00,214,214,214,214,0
2022-05-06 09:55:00,214,214,214,214,0
2022-05-06 09:56:00,214,214,214,214,0
2022-05-06 09:57:00,214,214,214,214,0
2022-05-06 09:58:00,214,214,214,214,0
2022-05-06 09:59:00,214,214,214,214,0
2022-05-06 10:00:00,214,214,214,214,0
2022-05-06 10:01:00,214,214,214,214,0
2022-05-06 10:02:00,214,214,214,214,0
2022-05-06 10:03:00,214,214,214,214,0
2022-05-06 10:04:00,214,214,214,214,0
2022-05-06 10:05:00,214,214,214,214,0
2022-05-06 10:06:00,214,214,214,214,0
2022-05-06 10:07:00,214,214,214,214,0
2022-05-06 10:08:00,214,214,214,214,0
2022-05-06 10:09:00,214,214,214,214,0
2022-05-06 10:10:00,214,214,214,214,0
2022-05-06 10:11:00,214,214,214,214,0
2022-05-06 10:12:00,214,214,214,214,0
2022-05-06 10:13:00,214,214,214,214,0
2022-05-06 10:14:00,214,214,214,214,0
2022-05-06 10:15:00,214,214,214,214,0
2022-05-06 10:16:00,214,214,214,214,0
2022-05-06 10:17:00,214,214,214,214,0
2022-05-06 10:18:00,214,214,214,214,0
2022-05-06 10:19:00,214,214,214,214,0
2022-05-06 10:20:00,214,214,214,214,0
2022-05-06 10:21:00,214,214,214,214,0
2022-05-06 10:22:00,214,214,214,214,0
2022-05-06 10:23:00,214,214,214,214,0
2022-05-06 10:24:00,214,214,214,214,0
2022-05-06 10:25:00,214,214,214,214,0
2022-05-06 10:26:00,214,214,214,214,0
2022-05-06 10:27:00,214,214,214,214,0
2022-05-06 10:28:00,214,214,214,214,0
2022-05-06 10:29:00,214,214,214,214,0
2022-05-06 10:30:00,214,214,214,214,0
2022-05-06 10:31:00,214,214,214,214,0
2022-05-06 10:32:00,214,214,214,214,0
2022-05-06 10:33:00,214,214,214,214,0
2022-05-06 10:34:00,214,214,214,214,0
2022-05-06 10:35:00,214,214,214,214,0
2022-05-06 10:36:00,214,214,214,214,0
2022-05-06 10:37:00,214,214,214,214,0
2022-05-06 10:38:00,214,214,214,214,0
2022-05-06 10:39:00,214,214,214,214,0
2022-05-06 10:40:00,214,214,214,214,0
2022-05-06 10:41:00,214,214,214,214,0
2022-05-06 10:42:00,214,214,214,214,0
2022-05-06 10:43:00,214,214,214,214,0
2022-05-06 10:44:00,214,214,214,214,0
2022-05-06 10:45:00,214,214,214,214,0
2022-05-06 10:46:00,214,214,214,214,0
2022-05-06 10:47:00,214,214,214,214,0
2022-05-06 10:48:00,214,214,214,214,0
2022-05-06 10:49:00,214,214,214,214,0
2022-05-06 10:50:00,214,214,214,214,0
2022-05-06 10:51:00,214,214,214,214,0
2022-05-06 10:52:00,214,214,214,214,0
2022-05-06 10:53:00,214,214,214,214,0
2022-05-06 10:54:00,214,214,214,214,0
2022-05-06 10:55:00,214,214,214,214,0
2022-05-06 10:56:00,214,214,214,214,0
2022-05-06 10:57:00,214,214,214,214,0
2022-05-06 10:58:00,214,214,214,214,0
2022-05-06 10:59:00,214,214,214,214,0
2022-05-06 11:00:00,214,214,214,214,0
2022-05-06 11:01:00,214,214,214,214,0
2022-05-06 11:02:00,214,214,214,214,0
2022-05-06 11:03:00,214,214,214,214,0
2022-05-06 11:04:00,214,214,214,214,0
2022-05-06 11:05:00,214,214,214,214,0
2022-05-06 11:06:00,214,214,214,214,0
2022-05-06 11:07:00,214,214,214,214,0
2022-05-06 11:08:00,214,214,214,214,0
2022-05-06 11:09:00,214,214,214,214,0
2022-05-06 11:10:00,214,214,214,214,0
2022-05-06 11:11:00,214,214,214,214,0
2022-05-06 11:12:00,214,214,214,214,0
2022-05-06 11:13:00,214,214,214,214,0
2022-05-06 11:14:00,214,214,214,214,0
2022-05-06 11:15:00,214,214,214,214,0
2022-05-06 11:16:00,214,214,214,214,0
2022-05-06 11:17:00,214,214,214,214,0
2022-05-06 11:18:00,214,214,214,214,0
2022-05-06 11:19:00,214,214,214,214,0
2022-05-06 11:20:00,214,214,214,214,0
2022-05-06 11:21:00,214,214,214,214,0
2022-05-06 11:22:00,214,214,214,214,0
2022-05-06 11:23:00,214,214,214,214,0
2022-05-06 11:24:00,214,214,214,214,0
2022-05-06 11:25:00,214,214,214,214,0
2022-05-06 11:26:00,214,214,214,214,0
2022-05-06 11:27:00,214,214,214,214,0
2022-05-06 11:28:00,214,214,214,214,0
2022-05-06 11:29:00,214,214,214,214,0
2022-05-06 11:30:00,214,214,214,214,0
2022-05-06 11:31:00,214,214,214,214,0
2022-05-06 11:32:00,214,214,214,214,0
2022-05-06 11:33:00,214,214,214,214,0
2022-05-06 11:34:00,214,214,214,214,0
2022-05-06 11:35:00,214,214,214,214,0
2022-05-06 11:36:00,214,214,214,214,0
2022-05-06 11:37:00,214,214,214,214,0
2022-05-06 11:38:00,214,214,214,214,0
2022-05-06 11:39:00,214,214,214,214,0
2022-05-06 11:40:00,214,214,214,214,0
2022-05-06 11:41:00,214,214,214,214,0
2022-05-06 11:42:00,214,214,214,214,0
2022-05-06 11:43:00,214,214,214,214,0
2022-05-06 11:44:00,214,214,214,214,0
2022-05-06 11:45:00,214,214,214,214,0
2022-05-06 11:46:00,214,214,214,214,0
2022-05-06 11:47:00,214,214,214,214,0
2022-05-06 11:48:00,214,214,214,214,0
2022-05-06 11:49:00,214,214,214,214,0
2022-05-06 11:50:00,214,214,214,214,0
2022-05-06 11:51:00,214,214,214,214,0
2022-05-06 11:52:00,214,214,214,214,0
2022-05-06 11:53:00,214,214,214,214,0
2022-05-06 11:54:00,214,214,214,214,0
2022-05-06 11:55:00,214,214,214,214,0
2022-05-06 11:56:00,214,214,214,214,0
2022-05-06 11:57:00,214,214,214,214,0
2022-05-06 11:58:00,214,214,214,214,0
2022-05-06 11:59:00,214,214,214,214,0
2022-05-06 12:00:00,214,214,214,214,0
2022-05-06 12:01:00,214,214,214,214,0
2022-05-06 12:02:00,214,214,214,214,0
2022-05-06 12:03:00,214,214,214,214,0
2022-05-06 12:04:00,214,214,214,214,0
2022-05-06 12:05:00,214,214,214,214,0
2022-05-06 12:06:00,214,214,214,214,0
2022-05-06 12:07:00,214,214,214,214,0
2022-05-06 12:08:00,214,214,214,214,0
2022-05-06 12:09:00,214,214,214,214,0
2022-05-06 12:10:00,214,214,214,214,0
2022-05-06 12:11:00,214,214,214,214,0
2022-05-06 12:12:00,214,214,214,214,0
2022-05-06 12:13:00,214,214,214,214,0
2022-05-06 12:14:00,214,214,214,214,0
2022-05-06 12:15:00,214,214,214,214,0
2022-05-06 12:16:00,214,214,214,214,0
2022-05-06 12:17:00,214,214,214,214,0
2022-05-06 12:18:00,214,214,214,214,0
2022-05-06 12:19:00,214,214,214,214,0
2022-05-06 12:20:00,214,214,214,214,0
2022-05-06 12:21:00,214,214,214,214,0
2022-05-06 12:22:00,214,214,214,214,0
2022-05-06 12:23:00,214,214,214,214,0
2022-05-06 12:24:00,214,214,214,214,0
2022-05-06 12:25:00,214,214,214,214,0
2022-05-06 12:26:00,214,214,214,214,0
2022-05-06 12:27:00,214,214,214,214,0
2022-05-06 12:28:00,214,214,214,214,0
2022-05-06 12:29:00,214,214,214,214,0
2022-05-06 12:30:00,214,214,214,214,0
2022-05-06 12:31:00,214,214,214,214,0
2022-05-06 12:32:00,214,214,214,214,0
2022-05-06 12:33:00,214,214,214,214,0
2022-05-06 12:34:00,214,214,214,214,0
2022-05-06 12:35:00,214,214,214,214,0
2022-05-06 12:36:00,214,214,214,214,0
2022-05-06 12:37:00,214,214,214,214,0
2022-05-06 12:38:00,214,214,214,214,0
2022-05-06 12:39:00,214,214,214,214,0
2022-05-06 12:40:00,214,214,214,214,0
2022-05-06 12:41:00,214,214,214,214,0
2022-05-06 12:42:00,214,214,214,214,0
2022-05-06 12:43:00,214,214,214,214,0
2022-05-06 12:44:00,214,214,214,214,0
2022-05-06 12:45:00,214,214,214,214,0
2022-05-06 12:46:00,214,214,214,214,0
2022-05-06 12:47:00,214,214,214,214,0
2022-05-06 12:48:00,214,214,214,214,0
2022-05-06 12:49:00,214,214,214,214,0
2022-05-06 12:50:00,214,214,214,214,0
2022-05-06 12:51:00,214,214,214,214,0
2022-05-06 12:52:00,214,214,214,214,0
2022-05-06 12:53:00,214,214,214,214,0
2022-05-06 12:54:00,214,214,214,214,0
2022-05-06 12:55:00,214,214,214,214,0
2022-05-06 12:56:00,214,214,214,214,0
2022-05-06 12:57:00,214,214,214,214,0
2022-05-06 12:58:00,214,214,214,214,0
2022-05-06 12:59:00,214,214,214,214,0
2022-05-06 13:00:00,214,214,214,214,0
2022-05-06 13:01:00,214,214,214,214,0
2022-05-06 13:02:00,214,214,214,214,0
2022-05-06 13:03:00,214,214,214,214,0
2022-05-06 13:04:00,214,214,214,214,0
2022-05-06 13:05:00,214,214,214,214,0
2022-05-06 13:06:00,214,214,214,214,0
2022-05-06 13:07:00,214,214,214,214,0
2022-05-06 13:08:00,214,214,214,214,0
2022-05-06 13:09:00,214,214,214,214,0
2022-05-06 13:10:00,214,214,214,214,0
2022-05-06 13:11:00,214,214,214,214,0
2022-05-06 13:12:00,214,214,214,214,0
2022-05-06 13:13:00,214,214,214,214,0
2022-05-06 13:14:00,214,214,214,214,0
2022-05-06 13:15:00,214,214,214,214,0
2022-05-06 13:16:00,214,214,214,214,0
2022-05-06 13:17:00,214,214,214,214,0
2022-05-06 13:18:00,214,214,214,214,0
2022-05-06 13:19:00,214,214,214,214,0
2022-05-06 13:20:00,214,214,214,214,0
2022-05-06 13:21:00,214,214,214,214,0
2022-05-06 13:22:00,214,214,214,214,0
2022-05-06 13:23:00,214,214,214,214,0
2022-05-06 13:24:00,214,214,214,214,0
2022-05-06 13:25:00,214,214,214,214,0
2022-05-06 13:26:00,214,214,214,214,0
2022-05-06 13:27:00,214,214,214,214,0
2022-05-06 13:28:00,214,214,214,214,0
2022-05-06 13:29:00,214,214,214,214,0
2022-05-06 13:30:00,214,214,214,214,0
2022-05-06 13:31:00,214,214,214,214,0
2022-05-06 13:32:00,214,214,214,214,0
2022-05-06 13:33:00,214,214,214,214,0
2022-05-06 13:34:00,214,214,214,214,0
2022-05-06 13:35:00,214,214,214,214,0
2022-05-06 13:36:00,214,214,214,214,0
2022-05-06 13:37:00,214,214,214,214,0
2022-05-06 13:38:00,214,214,214,214,0
2022-05-06 13:39:00,214,214,214,214,0
2022-05-06 13:40:00,214,214,214,214,0
2022-05-06 13:41:00,214,214,214,214,0
2022-05-06 13:42:00,214,214,214,214,0
2022-05-06 13:43:00,214,214,214,214,0
2022-05-06 13:44:00,214,214,214,214,0
2022-05-06 13:45:00,214,214,214,214,0
2022-05-06 13:46:00,214,214,214,214,0
2022-05-06 13:47:00,214,214,214,214,0
2022-05-06 13:48:00,214,214,214,214,0
2022-05-06 13:49:00,214,214,214,214,0
2022-05-06 13:50:00,214,214,214,214,0
2022-05-06 13:51:00,214,214,214,214,0
2022-05-06 13:52:00,214,214,214,214,0
2022-05-06 13:53:00,214,214,214,214,0
2022-05-06 13:54:00,214,214,214,214,0
2022-05-06 13:55:00,214,214,214,214,0
2022-05-06 13:56:00,214,214,214,214,0
2022-05-06 13:57:00,214,214,214,214,0
2022-05-06 13:58:00,214,214,214,214,0
2022-05-06 13:59:00,214,214,214,214,0
2022-05-06 14:00:00,214,214,214,214,0
2022-05-06 14:01:00,214,214,214,214,0
2022-05-06 14:02:00,214,214,214,214,0
2022-05-06 14:03:00,214,214,214,214,0
2022-05-06 14:04:00,214,214,214,214,0
2022-05-06 14:05:00,214,214,214,214,0
2022-05-06 14:06:00,214,214,214,214,0
2022-05-06 14:07:00,214,214,214,214,0
2022-05-06 14:08:00,214,214,214,214,0
2022-05-06 14:09:00,214,214,214,214,0
2022-05-06 14:10:00,214,214,214,214,0
2022-05-06 14:11:00,214,214,214,214,0
2022-05-06 14:12:00,214,214,214,214,0
2022-05-06 14:13:00,214,214,214,214,0
2022-05-06 14:14:00,214,214,214,214,0
2022-05-06 14:15:00,214,214,214,214,0
2022-05-06 14:16:00,214,214,214,214,0
2022-05-06 14:17:00,214,214,214,214,0
2022-05-06 14:18:00,214,214,214,214,0
2022-05-06 14:19:00,214,214,214,214,0
2022-05-06 14:20:00,214,214,214,214,0
2022-05-06 14:21:00,214,214,214,214,0
2022-05-06 14:22:00,214,214,214,214,0
2022-05-06 14:23:00,214,214,214,214,0
2022-05-06 14:24:00,214,214,214,214,0
2022-05-06 14:25:00,214,214,214,214,0
2022-05-06 14:26:00,214,214,214,214,0
2022-05-06 14:27:00,214,214,214,214,0
2022-05-06 14:28:00,214,214,214,214,0
2022-05-06 14:29:00,214,214,214,214,0
2022-05-06 14:30:00,214,214,214,214,0
2022-05-06 14:31:00,214,214,214,214,0
2022-05-06 14:32:00,214,214,214,214,0
2022-05-06 14:33:00,214,214,214,214,0
2022-05-06 14:34:00,214,214,214,214,0
2022-05-06 14:35:00,214,214,214,214,0
2022-05-06 14:36:00,214,214,214,214,0
2022-05-06 14:37:00,214,214,214,214,0
2022-05-06 14:38:00,214,214,214,214,0
2022-05-06 14:39:00,214,214,214,214,0
2022-05-06 14:40:00,214,214,214,214,0
2022-05-06 14:41:00,214,214,214,214,0
2022-05-06 14:42:00,214,214,214,214,0
2022-05-06 14:43:00,214,214,214,214,0
2022-05-06 14:44:00,214,214,214,214,0
2022-05-06 14:45:00,214,214,214,214,0
2022-05-06 14:46:00,214,214,214,214,0
2022-05-06 14:47:00,214,214,214,214,0
2022-05-06 14:48:00,214,214,214,214,0
2022-05-06 14:49:00,214,214,214,214,0
2022-05-06 14:50:00,214,214,214,214,0
2022-05-06 14:51:00,214,214,214,214,0
2022-05-06 14:52:00,214,214,214,214,0
2022-05-06 14:53:00,214,214,214,214,0
2022-05-06 14:54:00,214,214,214,214,0
2022-05-06 14:55:00,214,214,214,214,0
2022-05-06 14:56:00,214,214,214,214,0
2022-05-06 14:57:00,214,214,214,214,0
2022-05-06 14:58:00,214,214,214,214,0
2022-05-06 14:59:00,214,214,214,214,0
2022-05-06 15:00:00,214,214,214,214,0
2022-05-06 15:01:00,214,214,214,214,0
2022-05-06 15:02:00,214,214,214,214,0
2022-05-06 15:03:00,214,214,214,214,0
2022-05-06 15:04:00,214,214,214,214,0
2022-05-06 15:05:00,214,214,214,214,0
2022-05-06 15:06:00,214,214,214,214,0
2022-05-06 15:07:00,214,214,214,214,0
2022-05-06 15:08:00,214,214,214,214,0
2022-05-06 15:09:00,214,214,214,214,0
2022-05-06 15:10:00,214,214,214,214,0
2022-05-06 15:11:00,214,214,214,214,0
2022-05-06 15:12:00,214,214,214,214,0
2022-05-06 15:13:00,214,214,214,214,0
2022-05-06 15:14:00,214,214,214,214,0
2022-05-06 15:15:00,214,214,214,214,0
2022-05-06 15:16:00,214,214,214,214,0
2022-05-06 15:17:00,214,214,214,214,0
2022-05-06 15:18:00,214,214,214,214,0
2022-05-06 15:19:00,214,214,214,214,0
2022-05-06 15:20:00,214,214,214,214,0
2022-05-06 15:21:00,214,214,214,214,0
2022-05-06 15:22:00,214,214,214,214,0
2022-05-06 15:23:00,214,214,214,214,0
2022-05-06 15:24:00,214,214,214,214,0
2022-05-06 15:25:00,214,214,214,214,0
2022-05-06 15:26:00,214,214,214,214,0
2022-05-06 15:27:00,214,214,214,214,0
2022-05-06 15:28:00,214,214,214,214,0
2022-05-06 15:29:00,214,214,214,214,0
2022-05-06 15:30:00,214,214,214,214,0
2022-05-06 15:31:00,214,214,214,214,0
2022-05-06 15:32:00,214,214,214,214,0
2022-05-06 15:33:00,214,214,214,214,0
2022-05-06 15:34:00,214,214,214,214,0
2022-05-06 15:35:00,214,214,214,214,0
2022-05-06 15:36:00,214,214,214,214,0
2022-05-06 15:37:00,214,214,214,214,0
2022-05-06 15:38:00,214,214,214,214,0
2022-05-06 15:39:00,214,214,214,214,0
2022-05-06 15:40:00,214,214,214,214,0
2022-05-06 15:41:00,214,214,214,214,0
2022-05-06 15:42:00,214,214,214,214,0
2022-05-06 15:43:00,214,214,214,214,0
2022-05-06 15:44:00,214,214,214,214,0
2022-05-06 15:45:00,214,214,214,214,0
2022-05-06 15:46:00,214,214,214,214,0
2022-05-06 15:47:00,214,214,214,214,0
2022-05-06 15:48:00,214,214,214,214,0
2022-05-06 15:49:00,214,214,214,214,0
2022-05-06 15:50:00,214,214,214,214,0
2022-05-06 15:51:00,214,214,214,214,0
2022-05-06 15:52:00,214,214,214,214,0
2022-05-06 15:53:00,214,214,214,214,0
2022-05-06 15:54:00,214,214,214,214,0
2022-05-06 15:55:00,214,214,214,214,0
2022-05-06 15:56:00,214,214,214,214,0
2022-05-06 15:57:00,214,214,214,214,0
2022-05-06 15:58:00,214,214,214,214,0
2022-05-06 15:59:00,214,214,214,214,0
2022-05-09 09:00:00,218,216,220,218,0
2022-05-09 09:01:00,218,218,230,224,3682400
2022-05-09 09:02:00,224,222,226,226,3246200
2022-05-09 09:03:00,226,220,226,220,1862400
2022-05-09 09:04:00,220,218,222,220,945800
2022-05-09 09:05:00,220,218,220,220,510100
2022-05-09 09:06:00,220,218,220,220,1387500
2022-05-09 09:07:00,220,220,222,222,844500
2022-05-09 09:08:00,222,220,224,224,472700
2022-05-09 09:09:00,222,222,226,224,3276900
2022-05-09 09:10:00,224,224,228,228,851600
2022-05-09 09:11:00,226,226,234,232,7108900
2022-05-09 09:12:00,232,232,236,236,1956300
2022-05-09 09:13:00,236,232,236,232,2963900
2022-05-09 09:14:00,232,230,234,230,1355000
2022-05-09 09:15:00,230,226,232,228,3593400
2022-05-09 09:16:00,228,228,230,230,553800
2022-05-09 09:17:00,228,228,234,232,1405900
2022-05-09 09:18:00,232,232,234,232,324800
2022-05-09 09:19:00,232,232,234,232,987200
2022-05-09 09:20:00,232,230,232,232,382700
2022-05-09 09:21:00,232,230,232,232,947000
2022-05-09 09:22:00,232,232,234,232,971600
2022-05-09 09:23:00,230,230,232,232,848600
2022-05-09 09:24:00,230,230,232,230,771800
2022-05-09 09:25:00,230,230,232,232,1609000
2022-05-09 09:26:00,230,230,232,232,169000
2022-05-09 09:27:00,232,230,232,232,2020300
2022-05-09 09:28:00,232,230,232,232,189400
2022-05-09 09:29:00,230,230,232,232,113400
2022-05-09 09:30:00,230,230,232,232,1311300
2022-05-09 09:31:00,232,230,232,230,1443100
2022-05-09 09:32:00,230,230,232,230,1719800
2022-05-09 09:33:00,230,228,230,230,253500
2022-05-09 09:34:00,230,230,234,234,2797900
2022-05-09 09:35:00,234,234,240,240,6242400
2022-05-09 09:36:00,238,234,240,234,9501400
2022-05-09 09:37:00,232,232,236,232,1442200
2022-05-09 09:38:00,234,230,234,232,1476500
2022-05-09 09:39:00,232,232,234,234,269000
2022-05-09 09:40:00,232,232,234,232,3298500
2022-05-09 09:41:00,232,232,234,234,335300
2022-05-09 09:42:00,232,232,234,234,176600
2022-05-09 09:43:00,234,232,234,234,88800
2022-05-09 09:44:00,232,232,234,234,460800
2022-05-09 09:45:00,234,232,234,232,167600
2022-05-09 09:46:00,232,230,234,232,974300
2022-05-09 09:47:00,232,230,232,232,137800
2022-05-09 09:48:00,232,230,232,230,2205700
2022-05-09 09:49:00,230,230,232,232,356600
2022-05-09 09:50:00,230,230,234,232,1159700
2022-05-09 09:51:00,230,230,230,230,593900
2022-05-09 09:52:00,230,230,232,230,584600
2022-05-09 09:53:00,232,228,232,230,1470500
2022-05-09 09:54:00,230,228,230,230,255700
2022-05-09 09:55:00,230,228,230,230,540500
2022-05-09 09:56:00,230,228,230,230,848700
2022-05-09 09:57:00,228,228,230,230,95100
2022-05-09 09:58:00,230,226,230,226,1921300
2022-05-09 09:59:00,226,226,228,226,2822200
2022-05-09 10:00:00,226,226,228,226,1398500
2022-05-09 10:01:00,226,226,228,226,1013000
2022-05-09 10:02:00,226,224,228,224,3701700
2022-05-09 10:03:00,224,224,226,224,115700
2022-05-09 10:04:00,224,224,224,224,55200
2022-05-09 10:05:00,226,224,226,226,564500
2022-05-09 10:06:00,228,226,230,228,1085600
2022-05-09 10:07:00,228,228,230,228,148600
2022-05-09 10:08:00,228,228,230,228,457800
2022-05-09 10:09:00,228,228,228,228,65700
2022-05-09 10:10:00,228,228,228,228,326100
2022-05-09 10:11:00,228,228,230,230,63000
2022-05-09 10:12:00,230,230,230,230,44200
2022-05-09 10:13:00,228,226,230,226,1007900
2022-05-09 10:14:00,226,226,228,226,163800
2022-05-09 10:15:00,228,226,228,226,42000
2022-05-09 10:16:00,226,224,226,226,993500
2022-05-09 10:17:00,226,226,228,226,142600
2022-05-09 10:18:00,226,224,226,224,261900
2022-05-09 10:19:00,224,224,224,224,346900
2022-05-09 10:20:00,224,222,224,224,696800
2022-05-09 10:21:00,224,220,226,222,2602700
2022-05-09 10:22:00,220,220,222,220,715300
2022-05-09 10:23:00,220,218,220,218,7190300
2022-05-09 10:24:00,218,212,218,212,5600500
2022-05-09 10:25:00,212,206,214,210,7105900
2022-05-09 10:26:00,208,208,214,214,967700
2022-05-09 10:27:00,212,212,216,216,2672400
2022-05-09 10:28:00,216,216,220,220,3224500
2022-05-09 10:29:00,220,218,220,218,1785200
2022-05-09 10:30:00,218,214,218,214,650000
2022-05-09 10:31:00,214,214,216,216,113600
2022-05-09 10:32:00,216,216,218,218,249900
2022-05-09 10:33:00,220,220,222,220,601800
2022-05-09 10:34:00,220,218,220,218,201800
2022-05-09 10:35:00,218,218,220,218,131300
2022-05-09 10:36:00,220,220,222,220,166700
2022-05-09 10:37:00,220,220,220,220,19500
2022-05-09 10:38:00,220,220,222,222,400
2022-05-09 10:39:00,222,220,222,222,576200
2022-05-09 10:40:00,222,222,222,222,28300
2022-05-09 10:41:00,222,222,222,222,1100
2022-05-09 10:42:00,224,224,224,224,3000
2022-05-09 10:43:00,224,222,224,222,234700
2022-05-09 10:44:00,224,220,224,222,758900
2022-05-09 10:45:00,222,220,222,220,217100
2022-05-09 10:46:00,220,220,222,220,211400
2022-05-09 10:47:00,220,220,222,220,0
2022-05-09 10:48:00,220,220,222,220,1849800
2022-05-09 10:49:00,220,218,220,218,120700
2022-05-09 10:50:00,218,218,218,218,100000
2022-05-09 10:51:00,216,216,218,218,499400
2022-05-09 10:52:00,218,218,218,218,2200
2022-05-09 10:53:00,216,216,216,216,3500
2022-05-09 10:54:00,218,218,218,218,337300
2022-05-09 10:55:00,218,218,218,218,300
2022-05-09 10:56:00,218,218,220,220,600
2022-05-09 10:57:00,220,218,220,218,45000
2022-05-09 10:58:00,218,218,218,218,7400
2022-05-09 10:59:00,218,218,220,220,8100
2022-05-09 11:00:00,220,218,220,218,15500
2022-05-09 11:01:00,220,218,220,218,3100
2022-05-09 11:02:00,220,218,220,218,250200
2022-05-09 11:03:00,220,220,220,220,143000
2022-05-09 11:04:00,222,222,222,222,62500
2022-05-09 11:05:00,222,220,222,222,139700
2022-05-09 11:06:00,222,222,222,222,79100
2022-05-09 11:07:00,222,222,222,222,30500
2022-05-09 11:08:00,220,220,220,220,159800
2022-05-09 11:09:00,218,218,220,218,35900
2022-05-09 11:10:00,220,218,220,218,50200
2022-05-09 11:11:00,218,218,218,218,38300
2022-05-09 11:12:00,218,218,218,218,2000
2022-05-09 11:13:00,218,218,220,220,32800
2022-05-09 11:14:00,220,218,220,218,9200
2022-05-09 11:15:00,218,218,222,222,551100
2022-05-09 11:16:00,222,222,222,222,124400
2022-05-09 11:17:00,222,222,222,222,11300
2022-05-09 11:18:00,222,220,222,222,51100
2022-05-09 11:19:00,222,222,222,222,5000
2022-05-09 11:20:00,222,222,222,222,122500
2022-05-09 11:21:00,222,222,222,222,79400
2022-05-09 11:22:00,222,222,224,222,376400
2022-05-09 11:23:00,222,222,224,224,291100
2022-05-09 11:24:00,224,224,224,224,108400
2022-05-09 11:25:00,224,222,224,222,103500
2022-05-09 11:26:00,222,222,224,224,57500
2022-05-09 11:27:00,222,222,224,224,0
2022-05-09 11:28:00,224,222,224,222,401400
2022-05-09 11:29:00,222,222,222,222,133000
2022-05-09 11:30:00,222,222,222,222,0
2022-05-09 11:31:00,222,222,222,222,0
2022-05-09 11:32:00,222,222,222,222,0
2022-05-09 11:33:00,222,222,222,222,0
2022-05-09 11:34:00,222,222,222,222,0
2022-05-09 11:35:00,222,222,222,222,0
2022-05-09 11:36:00,222,222,222,222,0
2022-05-09 11:37:00,222,222,222,222,0
2022-05-09 11:38:00,222,222,222,222,0
2022-05-09 11:39:00,222,222,222,222,0
2022-05-09 11:40:00,222,222,222,222,0
2022-05-09 11:41:00,222,222,222,222,0
2022-05-09 11:42:00,222,222,222,222,0
2022-05-09 11:43:00,222,222,222,222,0
2022-05-09 11:44:00,222,222,222,222,0
2022-05-09 11:45:00,222,222,222,222,0
2022-05-09 11:46:00,222,222,222,222,0
2022-05-09 11:47:00,222,222,222,222,0
2022-05-09 11:48:00,222,222,222,222,0
2022-05-09 11:49:00,222,222,222,222,0
2022-05-09 11:50:00,222,222,222,222,0
2022-05-09 11:51:00,222,222,222,222,0
2022-05-09 11:52:00,222,222,222,222,0
2022-05-09 11:53:00,222,222,222,222,0
2022-05-09 11:54:00,222,222,222,222,0
2022-05-09 11:55:00,222,222,222,222,0
2022-05-09 11:56:00,222,222,222,222,0
2022-05-09 11:57:00,222,222,222,222,0
2022-05-09 11:58:00,222,222,222,222,0
2022-05-09 11:59:00,222,222,222,222,0
2022-05-09 12:00:00,222,222,222,222,0
2022-05-09 12:01:00,222,222,222,222,0
2022-05-09 12:02:00,222,222,222,222,0
2022-05-09 12:03:00,222,222,222,222,0
2022-05-09 12:04:00,222,222,222,222,0
2022-05-09 12:05:00,222,222,222,222,0
2022-05-09 12:06:00,222,222,222,222,0
2022-05-09 12:07:00,222,222,222,222,0
2022-05-09 12:08:00,222,222,222,222,0
2022-05-09 12:09:00,222,222,222,222,0
2022-05-09 12:10:00,222,222,222,222,0
2022-05-09 12:11:00,222,222,222,222,0
2022-05-09 12:12:00,222,222,222,222,0
2022-05-09 12:13:00,222,222,222,222,0
2022-05-09 12:14:00,222,222,222,222,0
2022-05-09 12:15:00,222,222,222,222,0
2022-05-09 12:16:00,222,222,222,222,0
2022-05-09 12:17:00,222,222,222,222,0
2022-05-09 12:18:00,222,222,222,222,0
2022-05-09 12:19:00,222,222,222,222,0
2022-05-09 12:20:00,222,222,222,222,0
2022-05-09 12:21:00,222,222,222,222,0
2022-05-09 12:22:00,222,222,222,222,0
2022-05-09 12:23:00,222,222,222,222,0
2022-05-09 12:24:00,222,222,222,222,0
2022-05-09 12:25:00,222,222,222,222,0
2022-05-09 12:26:00,222,222,222,222,0
2022-05-09 12:27:00,222,222,222,222,0
2022-05-09 12:28:00,222,222,222,222,0
2022-05-09 12:29:00,222,222,222,222,0
2022-05-09 12:30:00,222,222,222,222,0
2022-05-09 12:31:00,222,222,222,222,0
2022-05-09 12:32:00,222,222,222,222,0
2022-05-09 12:33:00,222,222,222,222,0
2022-05-09 12:34:00,222,222,222,222,0
2022-05-09 12:35:00,222,222,222,222,0
2022-05-09 12:36:00,222,222,222,222,0
2022-05-09 12:37:00,222,222,222,222,0
2022-05-09 12:38:00,222,222,222,222,0
2022-05-09 12:39:00,222,222,222,222,0
2022-05-09 12:40:00,222,222,222,222,0
2022-05-09 12:41:00,222,222,222,222,0
2022-05-09 12:42:00,222,222,222,222,0
2022-05-09 12:43:00,222,222,222,222,0
2022-05-09 12:44:00,222,222,222,222,0
2022-05-09 12:45:00,222,222,222,222,0
2022-05-09 12:46:00,222,222,222,222,0
2022-05-09 12:47:00,222,222,222,222,0
2022-05-09 12:48:00,222,222,222,222,0
2022-05-09 12:49:00,222,222,222,222,0
2022-05-09 12:50:00,222,222,222,222,0
2022-05-09 12:51:00,222,222,222,222,0
2022-05-09 12:52:00,222,222,222,222,0
2022-05-09 12:53:00,222,222,222,222,0
2022-05-09 12:54:00,222,222,222,222,0
2022-05-09 12:55:00,222,222,222,222,0
2022-05-09 12:56:00,222,222,222,222,0
2022-05-09 12:57:00,222,222,222,222,0
2022-05-09 12:58:00,222,222,222,222,0
2022-05-09 12:59:00,222,222,222,222,0
2022-05-09 13:00:00,222,222,222,222,0
2022-05-09 13:01:00,222,222,222,222,0
2022-05-09 13:02:00,222,222,222,222,0
2022-05-09 13:03:00,222,222,222,222,0
2022-05-09 13:04:00,222,222,222,222,0
2022-05-09 13:05:00,222,222,222,222,0
2022-05-09 13:06:00,222,222,222,222,0
2022-05-09 13:07:00,222,222,222,222,0
2022-05-09 13:08:00,222,222,222,222,0
2022-05-09 13:09:00,222,222,222,222,0
2022-05-09 13:10:00,222,222,222,222,0
2022-05-09 13:11:00,222,222,222,222,0
2022-05-09 13:12:00,222,222,222,222,0
2022-05-09 13:13:00,222,222,222,222,0
2022-05-09 13:14:00,222,222,222,222,0
2022-05-09 13:15:00,222,222,222,222,0
2022-05-09 13:16:00,222,222,222,222,0
2022-05-09 13:17:00,222,222,222,222,0
2022-05-09 13:18:00,222,222,222,222,0
2022-05-09 13:19:00,222,222,222,222,0
2022-05-09 13:20:00,222,222,222,222,0
2022-05-09 13:21:00,222,222,222,222,0
2022-05-09 13:22:00,222,222,222,222,0
2022-05-09 13:23:00,222,222,222,222,0
2022-05-09 13:24:00,222,222,222,222,0
2022-05-09 13:25:00,222,222,222,222,0
2022-05-09 13:26:00,222,222,222,222,0
2022-05-09 13:27:00,222,222,222,222,0
2022-05-09 13:28:00,222,222,222,222,0
2022-05-09 13:29:00,222,222,222,222,0
2022-05-09 13:30:00,222,222,224,224,986000
2022-05-09 13:31:00,224,224,224,224,22300
2022-05-09 13:32:00,224,224,224,224,5600
2022-05-09 13:33:00,224,224,224,224,12500
2022-05-09 13:34:00,224,224,224,224,221900
2022-05-09 13:35:00,224,224,224,224,15600
2022-05-09 13:36:00,222,222,224,224,71100
2022-05-09 13:37:00,224,222,224,222,154900
2022-05-09 13:38:00,222,222,224,222,59100
2022-05-09 13:39:00,222,222,224,222,44300
2022-05-09 13:40:00,222,222,222,222,7200
2022-05-09 13:41:00,222,222,224,224,8400
2022-05-09 13:42:00,224,222,224,224,126900
2022-05-09 13:43:00,224,222,224,222,23500
2022-05-09 13:44:00,222,220,222,220,1293800
2022-05-09 13:45:00,220,220,222,220,58100
2022-05-09 13:46:00,220,218,220,218,430100
2022-05-09 13:47:00,220,220,220,220,84000
2022-05-09 13:48:00,220,220,220,220,52400
2022-05-09 13:49:00,220,220,220,220,1000
2022-05-09 13:50:00,220,220,222,220,130000
2022-05-09 13:51:00,220,220,222,220,0
2022-05-09 13:52:00,220,220,222,220,0
2022-05-09 13:53:00,220,220,222,222,99500
2022-05-09 13:54:00,220,220,222,222,47600
2022-05-09 13:55:00,220,220,222,222,0
2022-05-09 13:56:00,220,220,220,220,12500
2022-05-09 13:57:00,220,220,220,220,2500
2022-05-09 13:58:00,220,220,220,220,0
2022-05-09 13:59:00,220,220,222,222,25500
2022-05-09 14:00:00,222,222,222,222,2800
2022-05-09 14:01:00,222,222,222,222,4700
2022-05-09 14:02:00,222,222,222,222,40700
2022-05-09 14:03:00,222,222,222,222,16900
2022-05-09 14:04:00,222,222,222,222,1000
2022-05-09 14:05:00,222,222,222,222,16400
2022-05-09 14:06:00,222,222,222,222,500
2022-05-09 14:07:00,222,222,222,222,23200
2022-05-09 14:08:00,222,220,222,220,38500
2022-05-09 14:09:00,220,220,220,220,605500
2022-05-09 14:10:00,218,218,220,220,72600
2022-05-09 14:11:00,220,218,220,220,21200
2022-05-09 14:12:00,220,218,220,218,43400
2022-05-09 14:13:00,218,218,218,218,1100
2022-05-09 14:14:00,218,218,218,218,11500
2022-05-09 14:15:00,220,220,220,220,500
2022-05-09 14:16:00,218,218,218,218,600
2022-05-09 14:17:00,218,218,220,220,27300
2022-05-09 14:18:00,218,218,220,220,0
2022-05-09 14:19:00,220,220,220,220,300
2022-05-09 14:20:00,220,220,220,220,20600
2022-05-09 14:21:00,220,218,220,218,20100
2022-05-09 14:22:00,220,220,220,220,323300
2022-05-09 14:23:00,220,218,220,218,14800
2022-05-09 14:24:00,218,218,218,218,10000
2022-05-09 14:25:00,220,220,220,220,24600
2022-05-09 14:26:00,220,220,220,220,0
2022-05-09 14:27:00,218,218,218,218,40000
2022-05-09 14:28:00,218,218,220,220,96800
2022-05-09 14:29:00,220,220,220,220,43500
2022-05-09 14:30:00,220,220,220,220,89500
2022-05-09 14:31:00,220,220,220,220,20000
2022-05-09 14:32:00,220,220,220,220,26900
2022-05-09 14:33:00,220,218,220,218,5000
2022-05-09 14:34:00,218,218,218,218,7200
2022-05-09 14:35:00,218,218,220,220,10100
2022-05-09 14:36:00,220,220,220,220,1800
2022-05-09 14:37:00,218,218,220,220,9200
2022-05-09 14:38:00,218,218,220,218,111100
2022-05-09 14:39:00,218,218,220,218,0
2022-05-09 14:40:00,220,218,220,218,62900
2022-05-09 14:41:00,218,218,220,220,41800
2022-05-09 14:42:00,220,220,222,222,262900
2022-05-09 14:43:00,222,220,222,222,25700
2022-05-09 14:44:00,222,222,222,222,50200
2022-05-09 14:45:00,222,220,222,220,56100
2022-05-09 14:46:00,220,220,222,220,686200
2022-05-09 14:47:00,220,220,224,224,589900
2022-05-09 14:48:00,224,222,224,224,1640100
2022-05-09 14:49:00,224,224,226,226,1128800
2022-05-09 14:50:00,224,224,226,226,0
2022-05-09 14:51:00,224,224,226,226,0
2022-05-09 14:52:00,224,224,226,226,0
2022-05-09 14:53:00,224,224,226,226,0
2022-05-09 14:54:00,224,224,226,226,0
2022-05-09 14:55:00,224,224,226,226,0
2022-05-09 14:56:00,224,224,226,226,0
2022-05-09 14:57:00,224,224,226,226,0
2022-05-09 14:58:00,224,224,226,226,0
2022-05-09 14:59:00,224,224,226,226,0
2022-05-09 15:00:00,226,226,226,226,2938200
2022-05-09 15:01:00,226,226,226,226,383900
2022-05-09 15:02:00,226,226,226,226,139200
2022-05-09 15:03:00,226,226,226,226,46500
2022-05-09 15:04:00,226,226,226,226,224600
2022-05-09 15:05:00,226,226,226,226,112000
2022-05-09 15:06:00,226,226,226,226,32900
2022-05-09 15:07:00,226,226,226,226,21900
2022-05-09 15:08:00,226,226,226,226,9700
2022-05-09 15:09:00,226,226,226,226,69900
2022-05-09 15:10:00,226,226,226,226,20000
2022-05-09 15:11:00,226,226,226,226,1000
2022-05-09 15:12:00,226,226,226,226,0
2022-05-09 15:13:00,226,226,226,226,64600
2022-05-09 15:14:00,226,226,226,226,30600
2022-05-09 15:15:00,226,226,226,226,100
2022-05-09 15:16:00,226,226,226,226,0
2022-05-09 15:17:00,226,226,226,226,0
2022-05-09 15:18:00,226,226,226,226,0
2022-05-09 15:19:00,226,226,226,226,0
2022-05-09 15:20:00,226,226,226,226,0
2022-05-09 15:21:00,226,226,226,226,0
2022-05-09 15:22:00,226,226,226,226,0
2022-05-09 15:23:00,226,226,226,226,0
2022-05-09 15:24:00,226,226,226,226,0
2022-05-09 15:25:00,226,226,226,226,0
2022-05-09 15:26:00,226,226,226,226,0
2022-05-09 15:27:00,226,226,226,226,0
2022-05-09 15:28:00,226,226,226,226,0
2022-05-09 15:29:00,226,226,226,226,0
2022-05-09 15:30:00,226,226,226,226,0
2022-05-09 15:31:00,226,226,226,226,0
2022-05-09 15:32:00,226,226,226,226,0
2022-05-09 15:33:00,226,226,226,226,0
2022-05-09 15:34:00,226,226,226,226,0
2022-05-09 15:35:00,226,226,226,226,0
2022-05-09 15:36:00,226,226,226,226,0
2022-05-09 15:37:00,226,226,226,226,0
2022-05-09 15:38:00,226,226,226,226,0
2022-05-09 15:39:00,226,226,226,226,0
2022-05-09 15:40:00,226,226,226,226,0
2022-05-09 15:41:00,226,226,226,226,0
2022-05-09 15:42:00,226,226,226,226,0
2022-05-09 15:43:00,226,226,226,226,0
2022-05-09 15:44:00,226,226,226,226,0
2022-05-09 15:45:00,226,226,226,226,0
2022-05-09 15:46:00,226,226,226,226,0
2022-05-09 15:47:00,226,226,226,226,0
2022-05-09 15:48:00,226,226,226,226,0
2022-05-09 15:49:00,226,226,226,226,0
2022-05-09 15:50:00,226,226,226,226,0
2022-05-09 15:51:00,226,226,226,226,0
2022-05-09 15:52:00,226,226,226,226,0
2022-05-09 15:53:00,226,226,226,226,0
2022-05-09 15:54:00,226,226,226,226,0
2022-05-09 15:55:00,226,226,226,226,0
2022-05-09 15:56:00,226,226,226,226,0
2022-05-09 15:57:00,226,226,226,226,0
2022-05-09 15:58:00,226,226,226,226,0
2022-05-09 15:59:00,226,226,226,226,0
2022-05-10 09:00:00,226,226,226,226,0
2022-05-10 09:01:00,226,226,226,226,0
2022-05-10 09:02:00,226,226,226,226,0
2022-05-10 09:03:00,226,226,226,226,0
2022-05-10 09:04:00,226,226,226,226,0
2022-05-10 09:05:00,226,226,226,226,0
2022-05-10 09:06:00,226,226,226,226,0
2022-05-10 09:07:00,226,226,226,226,0
2022-05-10 09:08:00,226,226,226,226,0
2022-05-10 09:09:00,226,226,226,226,0
2022-05-10 09:10:00,226,226,226,226,0
2022-05-10 09:11:00,226,226,226,226,0
2022-05-10 09:12:00,226,226,226,226,0
2022-05-10 09:13:00,226,226,226,226,0
2022-05-10 09:14:00,226,226,226,226,0
2022-05-10 09:15:00,226,226,226,226,0
2022-05-10 09:16:00,226,226,226,226,0
2022-05-10 09:17:00,226,226,226,226,0
2022-05-10 09:18:00,226,226,226,226,0
2022-05-10 09:19:00,226,226,226,226,0
2022-05-10 09:20:00,226,226,226,226,0
2022-05-10 09:21:00,226,226,226,226,0
2022-05-10 09:22:00,226,226,226,226,0
2022-05-10 09:23:00,226,226,226,226,0
2022-05-10 09:24:00,226,226,226,226,0
2022-05-10 09:25:00,226,226,226,226,0
2022-05-10 09:26:00,226,226,226,226,0
2022-05-10 09:27:00,226,226,226,226,0
2022-05-10 09:28:00,226,226,226,226,0
2022-05-10 09:29:00,226,226,226,226,0
2022-05-10 09:30:00,226,226,226,226,0
2022-05-10 09:31:00,226,226,226,226,0
2022-05-10 09:32:00,226,226,226,226,0
2022-05-10 09:33:00,226,226,226,226,0
2022-05-10 09:34:00,226,226,226,226,0
2022-05-10 09:35:00,226,226,226,226,0
2022-05-10 09:36:00,226,226,226,226,0
2022-05-10 09:37:00,226,226,226,226,0
2022-05-10 09:38:00,226,226,226,226,0
2022-05-10 09:39:00,226,226,226,226,0
2022-05-10 09:40:00,226,226,226,226,0
2022-05-10 09:41:00,226,226,226,226,0
2022-05-10 09:42:00,226,226,226,226,0
2022-05-10 09:43:00,226,226,226,226,0
2022-05-10 09:44:00,226,226,226,226,0
2022-05-10 09:45:00,226,226,226,226,0
2022-05-10 09:46:00,226,226,226,226,0
2022-05-10 09:47:00,226,226,226,226,0
2022-05-10 09:48:00,226,226,226,226,0
2022-05-10 09:49:00,226,226,226,226,0
2022-05-10 09:50:00,226,226,226,226,0
2022-05-10 09:51:00,226,226,226,226,0
2022-05-10 09:52:00,226,226,226,226,0
2022-05-10 09:53:00,226,226,226,226,0
2022-05-10 09:54:00,226,226,226,226,0
2022-05-10 09:55:00,226,226,226,226,0
2022-05-10 09:56:00,226,226,226,226,0
2022-05-10 09:57:00,226,226,226,226,0
2022-05-10 09:58:00,226,226,226,226,0
2022-05-10 09:59:00,226,226,226,226,0
2022-05-10 10:00:00,226,226,226,226,0
2022-05-10 10:01:00,226,226,226,226,0
2022-05-10 10:02:00,226,226,226,226,0
2022-05-10 10:03:00,226,226,226,226,0
2022-05-10 10:04:00,226,226,226,226,0
2022-05-10 10:05:00,226,226,226,226,0
2022-05-10 10:06:00,226,226,226,226,0
2022-05-10 10:07:00,226,226,226,226,0
2022-05-10 10:08:00,226,226,226,226,0
2022-05-10 10:09:00,226,226,226,226,0
2022-05-10 10:10:00,226,226,226,226,0
2022-05-10 10:11:00,226,226,226,226,0
2022-05-10 10:12:00,226,226,226,226,0
2022-05-10 10:13:00,226,226,226,226,0
2022-05-10 10:14:00,226,226,226,226,0
2022-05-10 10:15:00,226,226,226,226,0
2022-05-10 10:16:00,226,226,226,226,0
2022-05-10 10:17:00,226,226,226,226,0
2022-05-10 10:18:00,226,226,226,226,0
2022-05-10 10:19:00,226,226,226,226,0
2022-05-10 10:20:00,226,226,226,226,0
2022-05-10 10:21:00,226,226,226,226,0
2022-05-10 10:22:00,226,226,226,226,0
2022-05-10 10:23:00,226,226,226,226,0
2022-05-10 10:24:00,226,226,226,226,0
2022-05-10 10:25:00,226,226,226,226,0
2022-05-10 10:26:00,226,226,226,226,0
2022-05-10 10:27:00,226,226,226,226,0
2022-05-10 10:28:00,226,226,226,226,0
2022-05-10 10:29:00,226,226,226,226,0
2022-05-10 10:30:00,226,226,226,226,0
2022-05-10 10:31:00,226,226,226,226,0
2022-05-10 10:32:00,226,226,226,226,0
2022-05-10 10:33:00,226,226,226,226,0
2022-05-10 10:34:00,226,226,226,226,0
2022-05-10 10:35:00,226,226,226,226,0
2022-05-10 10:36:00,226,226,226,226,0
2022-05-10 10:37:00,226,226,226,226,0
2022-05-10 10:38:00,226,226,226,226,0
2022-05-10 10:39:00,226,226,226,226,0
2022-05-10 10:40:00,226,226,226,226,0
2022-05-10 10:41:00,226,226,226,226,0
2022-05-10 10:42:00,226,226,226,226,0
2022-05-10 10:43:00,226,226,226,226,0
2022-05-10 10:44:00,226,226,226,226,0
2022-05-10 10:45:00,226,226,226,226,0
2022-05-10 10:46:00,226,226,226,226,0
2022-05-10 10:47:00,226,226,226,226,0
2022-05-10 10:48:00,226,226,226,226,0
2022-05-10 10:49:00,226,226,226,226,0
2022-05-10 10:50:00,226,226,226,226,0
2022-05-10 10:51:00,226,226,226,226,0
2022-05-10 10:52:00,226,226,226,226,0
2022-05-10 10:53:00,226,226,226,226,0
2022-05-10 10:54:00,226,226,226,226,0
2022-05-10 10:55:00,226,226,226,226,0
2022-05-10 10:56:00,226,226,226,226,0
2022-05-10 10:57:00,226,226,226,226,0
2022-05-10 10:58:00,226,226,226,226,0
2022-05-10 10:59:00,226,226,226,226,0
2022-05-10 11:00:00,226,226,226,226,0
2022-05-10 11:01:00,226,226,226,226,0
2022-05-10 11:02:00,226,226,226,226,0
2022-05-10 11:03:00,226,226,226,226,0
2022-05-10 11:04:00,226,226,226,226,0
2022-05-10 11:05:00,226,226,226,226,0
2022-05-10 11:06:00,226,226,226,226,0
2022-05-10 11:07:00,226,226,226,226,0
2022-05-10 11:08:00,226,226,226,226,0
2022-05-10 11:09:00,226,226,226,226,0
2022-05-10 11:10:00,226,226,226,226,0
2022-05-10 11:11:00,226,226,226,226,0
2022-05-10 11:12:00,226,226,226,226,0
2022-05-10 11:13:00,226,226,226,226,0
2022-05-10 11:14:00,226,226,226,226,0
2022-05-10 11:15:00,226,226,226,226,0
2022-05-10 11:16:00,226,226,226,226,0
2022-05-10 11:17:00,226,226,226,226,0
2022-05-10 11:18:00,226,226,226,226,0
2022-05-10 11:19:00,226,226,226,226,0
2022-05-10 11:20:00,226,226,226,226,0
2022-05-10 11:21:00,226,226,226,226,0
2022-05-10 11:22:00,226,226,226,226,0
2022-05-10 11:23:00,226,226,226,226,0
2022-05-10 11:24:00,226,226,226,226,0
2022-05-10 11:25:00,226,226,226,226,0
2022-05-10 11:26:00,226,226,226,226,0
2022-05-10 11:27:00,226,226,226,226,0
2022-05-10 11:28:00,226,226,226,226,0
2022-05-10 11:29:00,226,226,226,226,0
2022-05-10 11:30:00,226,226,226,226,0
2022-05-10 11:31:00,226,226,226,226,0
2022-05-10 11:32:00,226,226,226,226,0
2022-05-10 11:33:00,226,226,226,226,0
2022-05-10 11:34:00,226,226,226,226,0
2022-05-10 11:35:00,226,226,226,226,0
2022-05-10 11:36:00,226,226,226,226,0
2022-05-10 11:37:00,226,226,226,226,0
2022-05-10 11:38:00,226,226,226,226,0
2022-05-10 11:39:00,226,226,226,226,0
2022-05-10 11:40:00,226,226,226,226,0
2022-05-10 11:41:00,226,226,226,226,0
2022-05-10 11:42:00,226,226,226,226,0
2022-05-10 11:43:00,226,226,226,226,0
2022-05-10 11:44:00,226,226,226,226,0
2022-05-10 11:45:00,226,226,226,226,0
2022-05-10 11:46:00,226,226,226,226,0
2022-05-10 11:47:00,226,226,226,226,0
2022-05-10 11:48:00,226,226,226,226,0
2022-05-10 11:49:00,226,226,226,226,0
2022-05-10 11:50:00,226,226,226,226,0
2022-05-10 11:51:00,226,226,226,226,0
2022-05-10 11:52:00,226,226,226,226,0
2022-05-10 11:53:00,226,226,226,226,0
2022-05-10 11:54:00,226,226,226,226,0
2022-05-10 11:55:00,226,226,226,226,0
2022-05-10 11:56:00,226,226,226,226,0
2022-05-10 11:57:00,226,226,226,226,0
2022-05-10 11:58:00,226,226,226,226,0
2022-05-10 11:59:00,226,226,226,226,0
2022-05-10 12:00:00,226,226,226,226,0
2022-05-10 12:01:00,226,226,226,226,0
2022-05-10 12:02:00,226,226,226,226,0
2022-05-10 12:03:00,226,226,226,226,0
2022-05-10 12:04:00,226,226,226,226,0
2022-05-10 12:05:00,226,226,226,226,0
2022-05-10 12:06:00,226,226,226,226,0
2022-05-10 12:07:00,226,226,226,226,0
2022-05-10 12:08:00,226,226,226,226,0
2022-05-10 12:09:00,226,226,226,226,0
2022-05-10 12:10:00,226,226,226,226,0
2022-05-10 12:11:00,226,226,226,226,0
2022-05-10 12:12:00,226,226,226,226,0
2022-05-10 12:13:00,226,226,226,226,0
2022-05-10 12:14:00,226,226,226,226,0
2022-05-10 12:15:00,226,226,226,226,0
2022-05-10 12:16:00,226,226,226,226,0
2022-05-10 12:17:00,226,226,226,226,0
2022-05-10 12:18:00,226,226,226,226,0
2022-05-10 12:19:00,226,226,226,226,0
2022-05-10 12:20:00,226,226,226,226,0
2022-05-10 12:21:00,226,226,226,226,0
2022-05-10 12:22:00,226,226,226,226,0
2022-05-10 12:23:00,226,226,226,226,0
2022-05-10 12:24:00,226,226,226,226,0
2022-05-10 12:25:00,226,226,226,226,0
2022-05-10 12:26:00,226,226,226,226,0
2022-05-10 12:27:00,226,226,226,226,0
2022-05-10 12:28:00,226,226,226,226,0
2022-05-10 12:29:00,226,226,226,226,0
2022-05-10 12:30:00,226,226,226,226,0
2022-05-10 12:31:00,226,226,226,226,0
2022-05-10 12:32:00,226,226,226,226,0
2022-05-10 12:33:00,226,226,226,226,0
2022-05-10 12:34:00,226,226,226,226,0
2022-05-10 12:35:00,226,226,226,226,0
2022-05-10 12:36:00,226,226,226,226,0
2022-05-10 12:37:00,226,226,226,226,0
2022-05-10 12:38:00,226,226,226,226,0
2022-05-10 12:39:00,226,226,226,226,0
2022-05-10 12:40:00,226,226,226,226,0
2022-05-10 12:41:00,226,226,226,226,0
2022-05-10 12:42:00,226,226,226,226,0
2022-05-10 12:43:00,226,226,226,226,0
2022-05-10 12:44:00,226,226,226,226,0
2022-05-10 12:45:00,226,226,226,226,0
2022-05-10 12:46:00,226,226,226,226,0
2022-05-10 12:47:00,226,226,226,226,0
2022-05-10 12:48:00,226,226,226,226,0
2022-05-10 12:49:00,226,226,226,226,0
2022-05-10 12:50:00,226,226,226,226,0
2022-05-10 12:51:00,226,226,226,226,0
2022-05-10 12:52:00,226,226,226,226,0
2022-05-10 12:53:00,226,226,226,226,0
2022-05-10 12:54:00,226,226,226,226,0
2022-05-10 12:55:00,226,226,226,226,0
2022-05-10 12:56:00,226,226,226,226,0
2022-05-10 12:57:00,226,226,226,226,0
2022-05-10 12:58:00,226,226,226,226,0
2022-05-10 12:59:00,226,226,226,226,0
2022-05-10 13:00:00,226,226,226,226,0
2022-05-10 13:01:00,226,226,226,226,0
2022-05-10 13:02:00,226,226,226,226,0
2022-05-10 13:03:00,226,226,226,226,0
2022-05-10 13:04:00,226,226,226,226,0
2022-05-10 13:05:00,226,226,226,226,0
2022-05-10 13:06:00,226,226,226,226,0
2022-05-10 13:07:00,226,226,226,226,0
2022-05-10 13:08:00,226,226,226,226,0
2022-05-10 13:09:00,226,226,226,226,0
2022-05-10 13:10:00,226,226,226,226,0
2022-05-10 13:11:00,226,226,226,226,0
2022-05-10 13:12:00,226,226,226,226,0
2022-05-10 13:13:00,226,226,226,226,0
2022-05-10 13:14:00,226,226,226,226,0
2022-05-10 13:15:00,226,226,226,226,0
2022-05-10 13:16:00,226,226,226,226,0
2022-05-10 13:17:00,226,226,226,226,0
2022-05-10 13:18:00,226,226,226,226,0
2022-05-10 13:19:00,226,226,226,226,0
2022-05-10 13:20:00,226,226,226,226,0
2022-05-10 13:21:00,226,226,226,226,0
2022-05-10 13:22:00,226,226,226,226,0
2022-05-10 13:23:00,226,226,226,226,0
2022-05-10 13:24:00,226,226,226,226,0
2022-05-10 13:25:00,226,226,226,226,0
2022-05-10 13:26:00,226,226,226,226,0
2022-05-10 13:27:00,226,226,226,226,0
2022-05-10 13:28:00,226,226,226,226,0
2022-05-10 13:29:00,226,226,226,226,0
2022-05-10 13:30:00,226,226,226,226,0
2022-05-10 13:31:00,226,226,226,226,0
2022-05-10 13:32:00,226,226,226,226,0
2022-05-10 13:33:00,226,226,226,226,0
2022-05-10 13:34:00,226,226,226,226,0
2022-05-10 13:35:00,226,226,226,226,0
2022-05-10 13:36:00,226,226,226,226,0
2022-05-10 13:37:00,226,226,226,226,0
2022-05-10 13:38:00,226,226,226,226,0
2022-05-10 13:39:00,226,226,226,226,0
2022-05-10 13:40:00,226,226,226,226,0
2022-05-10 13:41:00,226,226,226,226,0
2022-05-10 13:42:00,226,226,226,226,0
2022-05-10 13:43:00,226,226,226,226,0
2022-05-10 13:44:00,226,226,226,226,0
2022-05-10 13:45:00,226,226,226,226,0
2022-05-10 13:46:00,226,226,226,226,0
2022-05-10 13:47:00,226,226,226,226,0
2022-05-10 13:48:00,226,226,226,226,0
2022-05-10 13:49:00,226,226,226,226,0
2022-05-10 13:50:00,226,226,226,226,0
2022-05-10 13:51:00,226,226,226,226,0
2022-05-10 13:52:00,226,226,226,226,0
2022-05-10 13:53:00,226,226,226,226,0
2022-05-10 13:54:00,226,226,226,226,0
2022-05-10 13:55:00,226,226,226,226,0
2022-05-10 13:56:00,226,226,226,226,0
2022-05-10 13:57:00,226,226,226,226,0
2022-05-10 13:58:00,226,226,226,226,0
2022-05-10 13:59:00,226,226,226,226,0
2022-05-10 14:00:00,226,226,226,226,0
2022-05-10 14:01:00,226,226,226,226,0
2022-05-10 14:02:00,226,226,226,226,0
2022-05-10 14:03:00,226,226,226,226,0
2022-05-10 14:04:00,226,226,226,226,0
2022-05-10 14:05:00,226,226,226,226,0
2022-05-10 14:06:00,226,226,226,226,0
2022-05-10 14:07:00,226,226,226,226,0
2022-05-10 14:08:00,226,226,226,226,0
2022-05-10 14:09:00,226,226,226,226,0
2022-05-10 14:10:00,226,226,226,226,0
2022-05-10 14:11:00,226,226,226,226,0
2022-05-10 14:12:00,226,226,226,226,0
2022-05-10 14:13:00,226,226,226,226,0
2022-05-10 14:14:00,226,226,226,226,0
2022-05-10 14:15:00,226,226,226,226,0
2022-05-10 14:16:00,226,226,226,226,0
2022-05-10 14:17:00,226,226,226,226,0
2022-05-10 14:18:00,226,226,226,226,0
2022-05-10 14:19:00,226,226,226,226,0
2022-05-10 14:20:00,226,226,226,226,0
2022-05-10 14:21:00,226,226,226,226,0
2022-05-10 14:22:00,226,226,226,226,0
2022-05-10 14:23:00,226,226,226,226,0
2022-05-10 14:24:00,226,226,226,226,0
2022-05-10 14:25:00,226,226,226,226,0
2022-05-10 14:26:00,226,226,226,226,0
2022-05-10 14:27:00,226,226,226,226,0
2022-05-10 14:28:00,226,226,226,226,0
2022-05-10 14:29:00,226,226,226,226,0
2022-05-10 14:30:00,226,226,226,226,0
2022-05-10 14:31:00,226,226,226,226,0
2022-05-10 14:32:00,226,226,226,226,0
2022-05-10 14:33:00,226,226,226,226,0
2022-05-10 14:34:00,226,226,226,226,0
2022-05-10 14:35:00,226,226,226,226,0
2022-05-10 14:36:00,226,226,226,226,0
2022-05-10 14:37:00,226,226,226,226,0
2022-05-10 14:38:00,226,226,226,226,0
2022-05-10 14:39:00,226,226,226,226,0
2022-05-10 14:40:00,226,226,226,226,0
2022-05-10 14:41:00,226,226,226,226,0
2022-05-10 14:42:00,226,226,226,226,0
2022-05-10 14:43:00,226,226,226,226,0
2022-05-10 14:44:00,226,226,226,226,0
2022-05-10 14:45:00,226,226,226,226,0
2022-05-10 14:46:00,226,226,226,226,0
2022-05-10 14:47:00,226,226,226,226,0
2022-05-10 14:48:00,226,226,226,226,0
2022-05-10 14:49:00,226,226,226,226,0
2022-05-10 14:50:00,226,226,226,226,0
2022-05-10 14:51:00,226,226,226,226,0
2022-05-10 14:52:00,226,226,226,226,0
2022-05-10 14:53:00,226,226,226,226,0
2022-05-10 14:54:00,226,226,226,226,0
2022-05-10 14:55:00,226,226,226,226,0
2022-05-10 14:56:00,226,226,226,226,0
2022-05-10 14:57:00,226,226,226,226,0
2022-05-10 14:58:00,226,226,226,226,0
2022-05-10 14:59:00,226,226,226,226,0
2022-05-10 15:00:00,226,226,226,226,0
2022-05-10 15:01:00,226,226,226,226,0
2022-05-10 15:02:00,226,226,226,226,0
2022-05-10 15:03:00,226,226,226,226,0
2022-05-10 15:04:00,226,226,226,226,0
2022-05-10 15:05:00,226,226,226,226,0
2022-05-10 15:06:00,226,226,226,226,0
2022-05-10 15:07:00,226,226,226,226,0
2022-05-10 15:08:00,226,226,226,226,0
2022-05-10 15:09:00,226,226,226,226,0
2022-05-10 15:10:00,226,226,226,226,0
2022-05-10 15:11:00,226,226,226,226,0
2022-05-10 15:12:00,226,226,226,226,0
2022-05-10 15:13:00,226,226,226,226,0
2022-05-10 15:14:00,244,244,244,244,0
2022-05-10 15:15:00,244,244,244,244,0
2022-05-10 15:16:00,244,244,244,244,0
2022-05-10 15:17:00,244,244,244,244,0
2022-05-10 15:18:00,244,244,244,244,0
2022-05-10 15:19:00,244,244,244,244,0
2022-05-10 15:20:00,244,244,244,244,0
2022-05-10 15:21:00,244,244,244,244,0
2022-05-10 15:22:00,244,244,244,244,0
2022-05-10 15:23:00,244,244,244,244,0
2022-05-10 15:24:00,244,244,244,244,0
2022-05-10 15:25:00,244,244,244,244,0
2022-05-10 15:26:00,244,244,244,244,0
2022-05-10 15:27:00,244,244,244,244,0
2022-05-10 15:28:00,244,244,244,244,0
2022-05-10 15:29:00,244,244,244,244,0
2022-05-10 15:30:00,244,244,244,244,0
2022-05-10 15:31:00,244,244,244,244,0
2022-05-10 15:32:00,244,244,244,244,0
2022-05-10 15:33:00,244,244,244,244,0
2022-05-10 15:34:00,244,244,244,244,0
2022-05-10 15:35:00,244,244,244,244,0
2022-05-10 15:36:00,244,244,244,244,0
2022-05-10 15:37:00,244,244,244,244,0
2022-05-10 15:38:00,244,244,244,244,0
2022-05-10 15:39:00,244,244,244,244,0
2022-05-10 15:40:00,244,244,244,244,0
2022-05-10 15:41:00,244,244,244,244,0
2022-05-10 15:42:00,244,244,244,244,0
2022-05-10 15:43:00,244,244,244,244,0
2022-05-10 15:44:00,244,244,244,244,0
2022-05-10 15:45:00,244,244,244,244,0
2022-05-10 15:46:00,244,244,244,244,0
2022-05-10 15:47:00,244,244,244,244,0
2022-05-10 15:48:00,244,244,244,244,0
2022-05-10 15:49:00,244,244,244,244,0
2022-05-10 15:50:00,244,244,244,244,0
2022-05-10 15:51:00,244,244,244,244,0
2022-05-10 15:52:00,244,244,244,244,0
2022-05-10 15:53:00,244,244,244,244,0
2022-05-10 15:54:00,244,244,244,244,0
2022-05-10 15:55:00,244,244,244,244,0
2022-05-10 15:56:00,244,244,244,244,0
2022-05-10 15:57:00,244,244,244,244,0
2022-05-10 15:58:00,244,244,244,244,0
2022-05-10 15:59:00,244,244,244,244,0
2022-05-11 09:00:00,248,242,252,244,2112100
2022-05-11 09:01:00,246,236,246,238,1775400
2022-05-11 09:02:00,240,236,242,238,1475500
2022-05-11 09:03:00,238,236,240,236,795800
2022-05-11 09:04:00,236,234,238,236,7051300
2022-05-11 09:05:00,236,234,238,236,1394800
2022-05-11 09:06:00,238,238,240,240,296000
2022-05-11 09:07:00,238,238,240,240,289700
2022-05-11 09:08:00,240,240,242,242,315300
2022-05-11 09:09:00,242,242,246,246,573500
2022-05-11 09:10:00,246,244,246,246,595900
2022-05-11 09:11:00,246,246,246,246,595500
2022-05-11 09:12:00,248,246,248,248,280400
2022-05-11 09:13:00,248,246,248,246,559900
2022-05-11 09:14:00,246,246,248,248,628100
2022-05-11 09:15:00,248,248,248,248,580300
2022-05-11 09:16:00,248,248,248,248,362100
2022-05-11 09:17:00,248,248,252,250,5142100
2022-05-11 09:18:00,250,250,254,254,2129300
2022-05-11 09:19:00,252,252,256,256,3851300
2022-05-11 09:20:00,256,256,258,258,5387000
2022-05-11 09:21:00,258,254,260,254,6255800
2022-05-11 09:22:00,254,250,256,256,2266400
2022-05-11 09:23:00,256,254,256,256,39910400
2022-05-11 09:24:00,256,254,258,258,717600
2022-05-11 09:25:00,256,256,260,258,1677900
2022-05-11 09:26:00,258,258,260,258,2637700
2022-05-11 09:27:00,258,258,262,260,1913600
2022-05-11 09:28:00,260,258,262,258,816900
2022-05-11 09:29:00,258,258,262,260,1286600
2022-05-11 09:30:00,260,258,260,260,613000
2022-05-11 09:31:00,260,260,260,260,50011300
2022-05-11 09:32:00,258,256,258,256,1597800
2022-05-11 09:33:00,256,254,258,256,394600
2022-05-11 09:34:00,256,254,256,256,243200
2022-05-11 09:35:00,256,254,256,256,319500
2022-05-11 09:36:00,256,254,256,256,50900
2022-05-11 09:37:00,256,256,258,256,89700
2022-05-11 09:38:00,256,256,256,256,49600
2022-05-11 09:39:00,256,256,256,256,50200
2022-05-11 09:40:00,256,254,258,254,270200
2022-05-11 09:41:00,256,254,256,254,336400
2022-05-11 09:42:00,256,254,256,254,18800
2022-05-11 09:43:00,256,254,256,254,368200
2022-05-11 09:44:00,254,254,254,254,333000
2022-05-11 09:45:00,254,254,254,254,123500
2022-05-11 09:46:00,254,252,254,252,127300
2022-05-11 09:47:00,252,252,254,254,665800
2022-05-11 09:48:00,254,252,254,254,123900
2022-05-11 09:49:00,254,252,254,254,114700
2022-05-11 09:50:00,252,252,254,254,6700
2022-05-11 09:51:00,254,252,254,252,66200
2022-05-11 09:52:00,252,252,254,254,155400
2022-05-11 09:53:00,252,252,254,254,154500
2022-05-11 09:54:00,254,252,254,252,168000
2022-05-11 09:55:00,252,252,254,252,128800
2022-05-11 09:56:00,252,252,254,254,217000
2022-05-11 09:57:00,252,252,252,252,84000
2022-05-11 09:58:00,252,252,254,254,428000
2022-05-11 09:59:00,254,254,254,254,224300
2022-05-11 10:00:00,254,252,254,254,425900
2022-05-11 10:01:00,254,252,254,252,39400
2022-05-11 10:02:00,254,252,254,254,197100
2022-05-11 10:03:00,254,252,254,252,38500
2022-05-11 10:04:00,252,252,252,252,89000
2022-05-11 10:05:00,252,252,254,252,86500
2022-05-11 10:06:00,252,252,254,254,42200
2022-05-11 10:07:00,254,254,254,254,9500
2022-05-11 10:08:00,254,254,254,254,84200
2022-05-11 10:09:00,254,254,254,254,10900
2022-05-11 10:10:00,254,252,254,254,215800
2022-05-11 10:11:00,254,254,254,254,21100
2022-05-11 10:12:00,254,254,254,254,10200
2022-05-11 10:13:00,252,252,254,252,31500
2022-05-11 10:14:00,252,252,252,252,10000
2022-05-11 10:15:00,252,252,254,252,305900
2022-05-11 10:16:00,252,252,254,254,10300
2022-05-11 10:17:00,252,252,252,252,3800
2022-05-11 10:18:00,252,252,252,252,1200
2022-05-11 10:19:00,254,252,254,254,279200
2022-05-11 10:20:00,254,252,254,254,69800
2022-05-11 10:21:00,252,252,254,254,37900
2022-05-11 10:22:00,254,254,254,254,9300
2022-05-11 10:23:00,254,254,254,254,18600
2022-05-11 10:24:00,254,252,254,252,427700
2022-05-11 10:25:00,252,252,252,252,22100
2022-05-11 10:26:00,254,252,254,254,3199600
2022-05-11 10:27:00,252,250,254,250,587600
2022-05-11 10:28:00,248,248,252,248,3811400
2022-05-11 10:29:00,248,244,250,246,1874000
2022-05-11 10:30:00,246,244,248,246,1059800
2022-05-11 10:31:00,246,244,246,246,473500
2022-05-11 10:32:00,248,248,248,248,133600
2022-05-11 10:33:00,248,246,248,248,64800
2022-05-11 10:34:00,248,246,248,246,635900
2022-05-11 10:35:00,246,246,246,246,149800
2022-05-11 10:36:00,246,244,246,246,126000
2022-05-11 10:37:00,244,244,246,246,14400
2022-05-11 10:38:00,246,244,246,246,10500
2022-05-11 10:39:00,246,244,246,244,158900
2022-05-11 10:40:00,244,244,244,244,2680100
2022-05-11 10:41:00,244,242,244,244,252600
2022-05-11 10:42:00,242,242,244,242,113900
2022-05-11 10:43:00,244,244,244,244,157300
2022-05-11 10:44:00,244,244,244,244,179600
2022-05-11 10:45:00,244,244,244,244,101900
2022-05-11 10:46:00,244,242,244,244,97800
2022-05-11 10:47:00,244,244,244,244,30300
2022-05-11 10:48:00,244,244,244,244,52200
2022-05-11 10:49:00,244,242,244,242,269100
2022-05-11 10:50:00,244,242,244,242,0
2022-05-11 10:51:00,240,240,242,242,1630100
2022-05-11 10:52:00,242,242,242,242,346900
2022-05-11 10:53:00,242,242,242,242,96000
2022-05-11 10:54:00,244,242,244,242,60800
2022-05-11 10:55:00,242,240,242,242,459000
2022-05-11 10:56:00,242,240,242,240,1333100
2022-05-11 10:57:00,240,240,240,240,263900
2022-05-11 10:58:00,240,238,242,240,1231500
2022-05-11 10:59:00,238,238,240,240,460000
2022-05-11 11:00:00,240,240,242,240,569600
2022-05-11 11:01:00,240,238,240,240,199100
2022-05-11 11:02:00,240,240,242,242,281100
2022-05-11 11:03:00,240,240,242,240,600
2022-05-11 11:04:00,240,240,240,240,426200
2022-05-11 11:05:00,240,240,242,242,32900
2022-05-11 11:06:00,240,240,240,240,80000
2022-05-11 11:07:00,240,240,242,240,83144300
2022-05-11 11:08:00,242,242,242,242,1811500
2022-05-11 11:09:00,242,242,244,242,14200
2022-05-11 11:10:00,244,242,244,244,51000
2022-05-11 11:11:00,244,242,244,244,10900
2022-05-11 11:12:00,242,242,244,244,160700
2022-05-11 11:13:00,244,244,244,244,144200
2022-05-11 11:14:00,244,244,246,246,677500
2022-05-11 11:15:00,246,246,246,246,315100
2022-05-11 11:16:00,246,244,246,246,342800
2022-05-11 11:17:00,246,244,246,246,2620800
2022-05-11 11:18:00,246,246,246,246,15200
2022-05-11 11:19:00,246,246,248,246,107400
2022-05-11 11:20:00,248,246,248,246,70200
2022-05-11 11:21:00,248,248,248,248,1184900
2022-05-11 11:22:00,248,248,250,248,2354600
2022-05-11 11:23:00,248,248,248,248,18200
2022-05-11 11:24:00,248,248,248,248,55800
2022-05-11 11:25:00,248,248,250,248,24900
2022-05-11 11:26:00,250,248,250,248,321100
2022-05-11 11:27:00,248,246,248,246,903000
2022-05-11 11:28:00,246,246,246,246,100000
2022-05-11 11:29:00,248,246,248,246,20500
2022-05-11 11:30:00,248,246,248,246,0
2022-05-11 11:31:00,248,246,248,246,0
2022-05-11 11:32:00,248,246,248,246,0
2022-05-11 11:33:00,248,246,248,246,0
2022-05-11 11:34:00,248,246,248,246,0
2022-05-11 11:35:00,248,246,248,246,0
2022-05-11 11:36:00,248,246,248,246,0
2022-05-11 11:37:00,248,246,248,246,0
2022-05-11 11:38:00,248,246,248,246,0
2022-05-11 11:39:00,248,246,248,246,0
2022-05-11 11:40:00,248,246,248,246,0
2022-05-11 11:41:00,248,246,248,246,0
2022-05-11 11:42:00,248,246,248,246,0
2022-05-11 11:43:00,248,246,248,246,0
2022-05-11 11:44:00,248,246,248,246,0
2022-05-11 11:45:00,248,246,248,246,0
2022-05-11 11:46:00,248,246,248,246,0
2022-05-11 11:47:00,248,246,248,246,0
2022-05-11 11:48:00,248,246,248,246,0
2022-05-11 11:49:00,248,246,248,246,0
2022-05-11 11:50:00,248,246,248,246,0
2022-05-11 11:51:00,248,246,248,246,0
2022-05-11 11:52:00,248,246,248,246,0
2022-05-11 11:53:00,248,246,248,246,0
2022-05-11 11:54:00,248,246,248,246,0
2022-05-11 11:55:00,248,246,248,246,0
2022-05-11 11:56:00,248,246,248,246,0
2022-05-11 11:57:00,248,246,248,246,0
2022-05-11 11:58:00,248,246,248,246,0
2022-05-11 11:59:00,248,246,248,246,0
2022-05-11 12:00:00,248,246,248,246,0
2022-05-11 12:01:00,248,246,248,246,0
2022-05-11 12:02:00,248,246,248,246,0
2022-05-11 12:03:00,248,246,248,246,0
2022-05-11 12:04:00,248,246,248,246,0
2022-05-11 12:05:00,248,246,248,246,0
2022-05-11 12:06:00,248,246,248,246,0
2022-05-11 12:07:00,248,246,248,246,0
2022-05-11 12:08:00,248,246,248,246,0
2022-05-11 12:09:00,248,246,248,246,0
2022-05-11 12:10:00,248,246,248,246,0
2022-05-11 12:11:00,248,246,248,246,0
2022-05-11 12:12:00,248,246,248,246,0
2022-05-11 12:13:00,248,246,248,246,0
2022-05-11 12:14:00,248,246,248,246,0
2022-05-11 12:15:00,248,246,248,246,0
2022-05-11 12:16:00,248,246,248,246,0
2022-05-11 12:17:00,248,246,248,246,0
2022-05-11 12:18:00,248,246,248,246,0
2022-05-11 12:19:00,248,246,248,246,0
2022-05-11 12:20:00,248,246,248,246,0
2022-05-11 12:21:00,248,246,248,246,0
2022-05-11 12:22:00,248,246,248,246,0
2022-05-11 12:23:00,248,246,248,246,0
2022-05-11 12:24:00,248,246,248,246,0
2022-05-11 12:25:00,248,246,248,246,0
2022-05-11 12:26:00,248,246,248,246,0
2022-05-11 12:27:00,248,246,248,246,0
2022-05-11 12:28:00,248,246,248,246,0
2022-05-11 12:29:00,248,246,248,246,0
2022-05-11 12:30:00,248,246,248,246,0
2022-05-11 12:31:00,248,246,248,246,0
2022-05-11 12:32:00,248,246,248,246,0
2022-05-11 12:33:00,248,246,248,246,0
2022-05-11 12:34:00,248,246,248,246,0
2022-05-11 12:35:00,248,246,248,246,0
2022-05-11 12:36:00,248,246,248,246,0
2022-05-11 12:37:00,248,246,248,246,0
2022-05-11 12:38:00,248,246,248,246,0
2022-05-11 12:39:00,248,246,248,246,0
2022-05-11 12:40:00,248,246,248,246,0
2022-05-11 12:41:00,248,246,248,246,0
2022-05-11 12:42:00,248,246,248,246,0
2022-05-11 12:43:00,248,246,248,246,0
2022-05-11 12:44:00,248,246,248,246,0
2022-05-11 12:45:00,248,246,248,246,0
2022-05-11 12:46:00,248,246,248,246,0
2022-05-11 12:47:00,248,246,248,246,0
2022-05-11 12:48:00,248,246,248,246,0
2022-05-11 12:49:00,248,246,248,246,0
2022-05-11 12:50:00,248,246,248,246,0
2022-05-11 12:51:00,248,246,248,246,0
2022-05-11 12:52:00,248,246,248,246,0
2022-05-11 12:53:00,248,246,248,246,0
2022-05-11 12:54:00,248,246,248,246,0
2022-05-11 12:55:00,248,246,248,246,0
2022-05-11 12:56:00,248,246,248,246,0
2022-05-11 12:57:00,248,246,248,246,0
2022-05-11 12:58:00,248,246,248,246,0
2022-05-11 12:59:00,248,246,248,246,0
2022-05-11 13:00:00,248,246,248,246,0
2022-05-11 13:01:00,248,246,248,246,0
2022-05-11 13:02:00,248,246,248,246,0
2022-05-11 13:03:00,248,246,248,246,0
2022-05-11 13:04:00,248,246,248,246,0
2022-05-11 13:05:00,248,246,248,246,0
2022-05-11 13:06:00,248,246,248,246,0
2022-05-11 13:07:00,248,246,248,246,0
2022-05-11 13:08:00,248,246,248,246,0
2022-05-11 13:09:00,248,246,248,246,0
2022-05-11 13:10:00,248,246,248,246,0
2022-05-11 13:11:00,248,246,248,246,0
2022-05-11 13:12:00,248,246,248,246,0
2022-05-11 13:13:00,248,246,248,246,0
2022-05-11 13:14:00,248,246,248,246,0
2022-05-11 13:15:00,248,246,248,246,0
2022-05-11 13:16:00,248,246,248,246,0
2022-05-11 13:17:00,248,246,248,246,0
2022-05-11 13:18:00,248,246,248,246,0
2022-05-11 13:19:00,248,246,248,246,0
2022-05-11 13:20:00,248,246,248,246,0
2022-05-11 13:21:00,248,246,248,246,0
2022-05-11 13:22:00,248,246,248,246,0
2022-05-11 13:23:00,248,246,248,246,0
2022-05-11 13:24:00,248,246,248,246,0
2022-05-11 13:25:00,248,246,248,246,0
2022-05-11 13:26:00,248,246,248,246,0
2022-05-11 13:27:00,248,246,248,246,0
2022-05-11 13:28:00,248,246,248,246,0
2022-05-11 13:29:00,248,246,248,246,0
2022-05-11 13:30:00,246,246,248,246,1761400
2022-05-11 13:31:00,244,244,246,244,1211000
2022-05-11 13:32:00,244,242,244,242,645600
2022-05-11 13:33:00,242,242,242,242,98096800
2022-05-11 13:34:00,244,244,244,244,756600
2022-05-11 13:35:00,244,244,244,244,9900
2022-05-11 13:36:00,244,244,244,244,0
2022-05-11 13:37:00,246,246,246,246,692000
2022-05-11 13:38:00,246,246,246,246,0
2022-05-11 13:39:00,246,244,246,244,430000
2022-05-11 13:40:00,246,244,246,246,18400
2022-05-11 13:41:00,244,244,244,244,15000
2022-05-11 13:42:00,246,246,246,246,600
2022-05-11 13:43:00,246,246,246,246,0
2022-05-11 13:44:00,244,244,244,244,10500
2022-05-11 13:45:00,246,244,246,244,145700
2022-05-11 13:46:00,244,244,246,246,4500
2022-05-11 13:47:00,244,244,244,244,30300
2022-05-11 13:48:00,244,244,246,244,52300
2022-05-11 13:49:00,244,244,246,246,41900
2022-05-11 13:50:00,246,244,246,246,564100
2022-05-11 13:51:00,246,244,246,246,0
2022-05-11 13:52:00,246,246,246,246,187200
2022-05-11 13:53:00,248,248,248,248,570500
2022-05-11 13:54:00,248,246,248,248,162700
2022-05-11 13:55:00,248,248,248,248,113500
2022-05-11 13:56:00,248,246,248,246,178300
2022-05-11 13:57:00,246,246,246,246,10000
2022-05-11 13:58:00,244,244,244,244,500000
2022-05-11 13:59:00,244,244,246,246,26000
2022-05-11 14:00:00,244,244,246,246,16000
2022-05-11 14:01:00,246,244,246,244,1319000
2022-05-11 14:02:00,242,242,244,244,2200
2022-05-11 14:03:00,242,242,244,244,206000
2022-05-11 14:04:00,244,244,244,244,62000
2022-05-11 14:05:00,244,244,244,244,106274500
2022-05-11 14:06:00,244,244,244,244,622900
2022-05-11 14:07:00,244,242,244,242,286800
2022-05-11 14:08:00,242,242,242,242,17700
2022-05-11 14:09:00,244,242,246,242,1185300
2022-05-11 14:10:00,244,242,246,242,0
2022-05-11 14:11:00,242,242,242,242,5000
2022-05-11 14:12:00,242,242,244,244,159200
2022-05-11 14:13:00,244,242,244,244,1006000
2022-05-11 14:14:00,244,242,244,242,55000
2022-05-11 14:15:00,242,242,242,242,200
2022-05-11 14:16:00,242,242,242,242,5200
2022-05-11 14:17:00,242,242,242,242,99100
2022-05-11 14:18:00,242,242,242,242,100
2022-05-11 14:19:00,242,242,242,242,900
2022-05-11 14:20:00,242,242,242,242,11500
2022-05-11 14:21:00,242,242,242,242,174700
2022-05-11 14:22:00,242,242,244,242,94000
2022-05-11 14:23:00,242,242,242,242,15000
2022-05-11 14:24:00,242,242,242,242,20100
2022-05-11 14:25:00,244,244,244,244,110042900
2022-05-11 14:26:00,242,240,242,242,595800
2022-05-11 14:27:00,242,242,242,242,1000
2022-05-11 14:28:00,240,240,242,242,447000
2022-05-11 14:29:00,242,242,244,242,80100
2022-05-11 14:30:00,242,242,242,242,11000
2022-05-11 14:31:00,242,242,244,244,1800
2022-05-11 14:32:00,244,238,244,240,2779700
2022-05-11 14:33:00,240,238,240,240,410800
2022-05-11 14:34:00,238,238,238,238,429500
2022-05-11 14:35:00,240,238,240,240,249800
2022-05-11 14:36:00,240,238,240,240,67600
2022-05-11 14:37:00,238,238,240,240,130200
2022-05-11 14:38:00,238,238,238,238,1500
2022-05-11 14:39:00,238,238,240,240,266200
2022-05-11 14:40:00,240,240,242,242,2400
2022-05-11 14:41:00,242,242,242,242,65000
2022-05-11 14:42:00,242,240,244,244,1185300
2022-05-11 14:43:00,242,240,242,240,117034800
2022-05-11 14:44:00,240,240,242,242,1000
2022-05-11 14:45:00,242,240,242,240,98700
2022-05-11 14:46:00,240,238,240,238,311400
2022-05-11 14:47:00,240,240,240,240,383000
2022-05-11 14:48:00,240,240,242,240,699000
2022-05-11 14:49:00,242,242,242,242,215000
2022-05-11 14:50:00,242,242,242,242,0
2022-05-11 14:51:00,242,242,242,242,0
2022-05-11 14:52:00,242,242,242,242,0
2022-05-11 14:53:00,242,242,242,242,0
2022-05-11 14:54:00,242,242,242,242,0
2022-05-11 14:55:00,242,242,242,242,0
2022-05-11 14:56:00,242,242,242,242,0
2022-05-11 14:57:00,242,242,242,242,0
2022-05-11 14:58:00,242,242,242,242,0
2022-05-11 14:59:00,242,242,242,242,0
2022-05-11 15:00:00,240,240,240,240,2157200
2022-05-11 15:01:00,240,240,240,240,600
2022-05-11 15:02:00,240,240,240,240,11000
2022-05-11 15:03:00,240,240,240,240,6500
2022-05-11 15:04:00,240,240,240,240,62400
2022-05-11 15:05:00,240,240,240,240,100
2022-05-11 15:06:00,240,240,240,240,0
2022-05-11 15:07:00,240,240,240,240,5000
2022-05-11 15:08:00,240,240,240,240,0
2022-05-11 15:09:00,240,240,240,240,15100
2022-05-11 15:10:00,240,240,240,240,31300
2022-05-11 15:11:00,240,240,240,240,0
2022-05-11 15:12:00,240,240,240,240,0
2022-05-11 15:13:00,240,240,240,240,3900
2022-05-11 15:14:00,240,240,240,240,2500
2022-05-11 15:15:00,240,240,240,240,0
2022-05-11 15:16:00,240,240,240,240,0
2022-05-11 15:17:00,240,240,240,240,0
2022-05-11 15:18:00,240,240,240,240,0
2022-05-11 15:19:00,240,240,240,240,0
2022-05-11 15:20:00,240,240,240,240,0
2022-05-11 15:21:00,240,240,240,240,0
2022-05-11 15:22:00,240,240,240,240,0
2022-05-11 15:23:00,240,240,240,240,0
2022-05-11 15:24:00,240,240,240,240,0
2022-05-11 15:25:00,240,240,240,240,0
2022-05-11 15:26:00,240,240,240,240,0
2022-05-11 15:27:00,240,240,240,240,0
2022-05-11 15:28:00,240,240,240,240,0
2022-05-11 15:29:00,240,240,240,240,0
2022-05-11 15:30:00,240,240,240,240,0
2022-05-11 15:31:00,240,240,240,240,0
2022-05-11 15:32:00,240,240,240,240,0
2022-05-11 15:33:00,240,240,240,240,0
2022-05-11 15:34:00,240,240,240,240,0
2022-05-11 15:35:00,240,240,240,240,0
2022-05-11 15:36:00,240,240,240,240,0
2022-05-11 15:37:00,240,240,240,240,0
2022-05-11 15:38:00,240,240,240,240,0
2022-05-11 15:39:00,240,240,240,240,0
2022-05-11 15:40:00,240,240,240,240,0
2022-05-11 15:41:00,240,240,240,240,0
2022-05-11 15:42:00,240,240,240,240,0
2022-05-11 15:43:00,240,240,240,240,0
2022-05-11 15:44:00,240,240,240,240,0
2022-05-11 15:45:00,240,240,240,240,0
2022-05-11 15:46:00,240,240,240,240,0
2022-05-11 15:47:00,240,240,240,240,0
2022-05-11 15:48:00,240,240,240,240,0
2022-05-11 15:49:00,240,240,240,240,0
2022-05-11 15:50:00,240,240,240,240,0
2022-05-11 15:51:00,240,240,240,240,0
2022-05-11 15:52:00,240,240,240,240,0
2022-05-11 15:53:00,240,240,240,240,0
2022-05-11 15:54:00,240,240,240,240,0
2022-05-11 15:55:00,240,240,240,240,0
2022-05-11 15:56:00,240,240,240,240,0
2022-05-11 15:57:00,240,240,240,240,0
2022-05-11 15:58:00,240,240,240,240,0
2022-05-11 15:59:00,240,240,240,240,0
2022-05-12 09:00:00,242,238,242,242,0
2022-05-12 09:01:00,242,242,242,242,54100
2022-05-12 09:02:00,242,242,250,246,652900
2022-05-12 09:03:00,246,246,250,250,698200
2022-05-12 09:04:00,250,246,252,248,1198800
2022-05-12 09:05:00,246,244,248,246,234200
2022-05-12 09:06:00,244,240,246,246,1136500
2022-05-12 09:07:00,246,246,248,246,226900
2022-05-12 09:08:00,246,242,248,242,1134400
2022-05-12 09:09:00,242,242,248,246,474600
2022-05-12 09:10:00,246,246,246,246,216600
2022-05-12 09:11:00,246,244,246,244,70700
2022-05-12 09:12:00,244,244,246,246,67300
2022-05-12 09:13:00,246,244,246,246,123300
2022-05-12 09:14:00,244,244,246,246,707800
2022-05-12 09:15:00,246,244,246,246,24500
2022-05-12 09:16:00,244,244,244,244,15600
2022-05-12 09:17:00,244,244,244,244,370100
2022-05-12 09:18:00,242,242,242,242,350400
2022-05-12 09:19:00,242,238,242,240,1148700
2022-05-12 09:20:00,240,238,240,240,439700
2022-05-12 09:21:00,238,238,240,240,485700
2022-05-12 09:22:00,240,238,240,238,10600
2022-05-12 09:23:00,238,238,240,240,30200
2022-05-12 09:24:00,240,240,240,240,9000
2022-05-12 09:25:00,240,238,240,238,2000
2022-05-12 09:26:00,238,238,238,238,15800
2022-05-12 09:27:00,240,238,240,240,39900
2022-05-12 09:28:00,238,238,238,238,13200
2022-05-12 09:29:00,238,238,238,238,2100
2022-05-12 09:30:00,238,238,238,238,800
2022-05-12 09:31:00,238,238,240,238,35800
2022-05-12 09:32:00,240,238,240,238,203700
2022-05-12 09:33:00,240,240,242,242,176200
2022-05-12 09:34:00,242,240,242,240,1027400
2022-05-12 09:35:00,240,238,240,238,1043300
2022-05-12 09:36:00,240,240,240,240,2100
2022-05-12 09:37:00,240,240,240,240,25000
2022-05-12 09:38:00,240,240,240,240,1900
2022-05-12 09:39:00,240,240,240,240,100
2022-05-12 09:40:00,238,238,240,238,310300
2022-05-12 09:41:00,238,238,238,238,1000
2022-05-12 09:42:00,238,238,238,238,12300
2022-05-12 09:43:00,238,238,238,238,500
2022-05-12 09:44:00,238,236,240,236,1136200
2022-05-12 09:45:00,236,232,238,234,1720400
2022-05-12 09:46:00,234,232,238,238,464200
2022-05-12 09:47:00,238,236,238,238,45200
2022-05-12 09:48:00,238,238,238,238,10100
2022-05-12 09:49:00,238,236,238,236,237200
2022-05-12 09:50:00,236,234,236,236,25600
2022-05-12 09:51:00,236,234,236,236,0
2022-05-12 09:52:00,236,236,238,238,258200
2022-05-12 09:53:00,240,240,240,240,100
2022-05-12 09:54:00,238,238,238,238,130200
2022-05-12 09:55:00,240,240,240,240,500
2022-05-12 09:56:00,238,236,238,236,100800
2022-05-12 09:57:00,236,236,236,236,220000
2022-05-12 09:58:00,236,236,236,236,1000
2022-05-12 09:59:00,236,236,236,236,17737000
2022-05-12 10:00:00,238,238,238,238,78300
2022-05-12 10:01:00,238,238,238,238,0
2022-05-12 10:02:00,238,238,238,238,5000
2022-05-12 10:03:00,236,236,236,236,1800
2022-05-12 10:04:00,236,236,236,236,1700
2022-05-12 10:05:00,236,236,236,236,1500
2022-05-12 10:06:00,236,236,236,236,6600
2022-05-12 10:07:00,236,236,236,236,500
2022-05-12 10:08:00,238,238,240,240,189600
2022-05-12 10:09:00,240,238,240,240,179300
2022-05-12 10:10:00,240,240,240,240,1300
2022-05-12 10:11:00,240,240,240,240,0
2022-05-12 10:12:00,238,238,240,238,18538300
2022-05-12 10:13:00,238,238,238,238,145000
2022-05-12 10:14:00,240,238,240,240,400
2022-05-12 10:15:00,240,238,240,240,0
2022-05-12 10:16:00,240,240,240,240,100
2022-05-12 10:17:00,240,240,240,240,0
2022-05-12 10:18:00,240,240,240,240,0
2022-05-12 10:19:00,240,238,240,238,663200
2022-05-12 10:20:00,236,236,236,236,158800
2022-05-12 10:21:00,238,238,238,238,100
2022-05-12 10:22:00,238,238,238,238,500
2022-05-12 10:23:00,238,238,238,238,29500
2022-05-12 10:24:00,238,238,238,238,0
2022-05-12 10:25:00,238,238,238,238,0
2022-05-12 10:26:00,238,236,238,236,4500
2022-05-12 10:27:00,236,236,238,238,615600
2022-05-12 10:28:00,238,238,240,240,20180200
2022-05-12 10:29:00,238,238,240,240,0
2022-05-12 10:30:00,238,238,240,240,0
2022-05-12 10:31:00,238,238,240,240,0
2022-05-12 10:32:00,238,238,240,240,0
2022-05-12 10:33:00,238,238,240,240,10300
2022-05-12 10:34:00,238,238,240,240,0
2022-05-12 10:35:00,238,236,240,236,180000
2022-05-12 10:36:00,238,238,238,238,100
2022-05-12 10:37:00,238,238,238,238,0
2022-05-12 10:38:00,236,236,238,238,700
2022-05-12 10:39:00,236,236,238,238,0
2022-05-12 10:40:00,236,236,238,238,0
2022-05-12 10:41:00,236,236,238,238,0
2022-05-12 10:42:00,238,238,238,238,3000
2022-05-12 10:43:00,236,236,238,238,105800
2022-05-12 10:44:00,238,236,238,236,55600
2022-05-12 10:45:00,238,238,240,240,112700
2022-05-12 10:46:00,240,238,240,238,2100
2022-05-12 10:47:00,240,240,240,240,100
2022-05-12 10:48:00,240,240,240,240,0
2022-05-12 10:49:00,240,240,240,240,2100
2022-05-12 10:50:00,240,240,240,240,0
2022-05-12 10:51:00,240,240,240,240,0
2022-05-12 10:52:00,240,240,240,240,0
2022-05-12 10:53:00,240,240,240,240,0
2022-05-12 10:54:00,240,238,240,238,141900
2022-05-12 10:55:00,240,240,240,240,14900
2022-05-12 10:56:00,240,240,240,240,49500
2022-05-12 10:57:00,240,240,240,240,252100
2022-05-12 10:58:00,240,240,240,240,0
2022-05-12 10:59:00,240,240,240,240,0
2022-05-12 11:00:00,240,240,240,240,500
2022-05-12 11:01:00,238,238,238,238,2000
2022-05-12 11:02:00,240,240,240,240,21154400
2022-05-12 11:03:00,240,240,240,240,0
2022-05-12 11:04:00,240,240,242,240,21224400
2022-05-12 11:05:00,242,242,242,242,210500
2022-05-12 11:06:00,244,242,244,242,7500
2022-05-12 11:07:00,242,242,250,250,2275700
2022-05-12 11:08:00,250,248,250,248,315300
2022-05-12 11:09:00,248,246,250,246,864200
2022-05-12 11:10:00,248,248,252,252,372500
2022-05-12 11:11:00,250,250,254,254,2150100
2022-05-12 11:12:00,254,252,254,254,474600
2022-05-12 11:13:00,254,252,254,254,367700
2022-05-12 11:14:00,252,250,254,252,28545200
2022-05-12 11:15:00,250,250,252,250,437000
2022-05-12 11:16:00,248,246,248,246,208300
2022-05-12 11:17:00,246,246,248,246,409500
2022-05-12 11:18:00,246,246,248,246,29612600
2022-05-12 11:19:00,248,248,248,248,259500
2022-05-12 11:20:00,250,250,252,252,386400
2022-05-12 11:21:00,252,250,254,252,694100
2022-05-12 11:22:00,252,252,254,254,43100
2022-05-12 11:23:00,254,252,254,254,772700
2022-05-12 11:24:00,254,254,256,254,492500
2022-05-12 11:25:00,254,254,256,254,364800
2022-05-12 11:26:00,254,252,256,252,186600
2022-05-12 11:27:00,254,252,254,254,307700
2022-05-12 11:28:00,254,252,254,254,10900
2022-05-12 11:29:00,254,252,254,252,12800
2022-05-12 11:30:00,252,252,252,252,2500
2022-05-12 11:31:00,252,252,252,252,0
2022-05-12 11:32:00,252,252,252,252,0
2022-05-12 11:33:00,252,252,252,252,0
2022-05-12 11:34:00,252,252,252,252,0
2022-05-12 11:35:00,252,252,252,252,0
2022-05-12 11:36:00,252,252,252,252,0
2022-05-12 11:37:00,252,252,252,252,0
2022-05-12 11:38:00,252,252,252,252,0
2022-05-12 11:39:00,252,252,252,252,0
2022-05-12 11:40:00,252,252,252,252,0
2022-05-12 11:41:00,252,252,252,252,0
2022-05-12 11:42:00,252,252,252,252,0
2022-05-12 11:43:00,252,252,252,252,0
2022-05-12 11:44:00,252,252,252,252,0
2022-05-12 11:45:00,252,252,252,252,0
2022-05-12 11:46:00,252,252,252,252,0
2022-05-12 11:47:00,252,252,252,252,0
2022-05-12 11:48:00,252,252,252,252,0
2022-05-12 11:49:00,252,252,252,252,0
2022-05-12 11:50:00,252,252,252,252,0
2022-05-12 11:51:00,252,252,252,252,0
2022-05-12 11:52:00,252,252,252,252,0
2022-05-12 11:53:00,252,252,252,252,0
2022-05-12 11:54:00,252,252,252,252,0
2022-05-12 11:55:00,252,252,252,252,0
2022-05-12 11:56:00,252,252,252,252,0
2022-05-12 11:57:00,252,252,252,252,0
2022-05-12 11:58:00,252,252,252,252,0
2022-05-12 11:59:00,252,252,252,252,0
2022-05-12 12:00:00,252,252,252,252,0
2022-05-12 12:01:00,252,252,252,252,0
2022-05-12 12:02:00,252,252,252,252,0
2022-05-12 12:03:00,252,252,252,252,0
2022-05-12 12:04:00,252,252,252,252,0
2022-05-12 12:05:00,252,252,252,252,0
2022-05-12 12:06:00,252,252,252,252,0
2022-05-12 12:07:00,252,252,252,252,0
2022-05-12 12:08:00,252,252,252,252,0
2022-05-12 12:09:00,252,252,252,252,0
2022-05-12 12:10:00,252,252,252,252,0
2022-05-12 12:11:00,252,252,252,252,0
2022-05-12 12:12:00,252,252,252,252,0
2022-05-12 12:13:00,252,252,252,252,0
2022-05-12 12:14:00,252,252,252,252,0
2022-05-12 12:15:00,252,252,252,252,0
2022-05-12 12:16:00,252,252,252,252,0
2022-05-12 12:17:00,252,252,252,252,0
2022-05-12 12:18:00,252,252,252,252,0
2022-05-12 12:19:00,252,252,252,252,0
2022-05-12 12:20:00,252,252,252,252,0
2022-05-12 12:21:00,252,252,252,252,0
2022-05-12 12:22:00,252,252,252,252,0
2022-05-12 12:23:00,252,252,252,252,0
2022-05-12 12:24:00,252,252,252,252,0
2022-05-12 12:25:00,252,252,252,252,0
2022-05-12 12:26:00,252,252,252,252,0
2022-05-12 12:27:00,252,252,252,252,0
2022-05-12 12:28:00,252,252,252,252,0
2022-05-12 12:29:00,252,252,252,252,0
2022-05-12 12:30:00,252,252,252,252,0
2022-05-12 12:31:00,252,252,252,252,0
2022-05-12 12:32:00,252,252,252,252,0
2022-05-12 12:33:00,252,252,252,252,0
2022-05-12 12:34:00,252,252,252,252,0
2022-05-12 12:35:00,252,252,252,252,0
2022-05-12 12:36:00,252,252,252,252,0
2022-05-12 12:37:00,252,252,252,252,0
2022-05-12 12:38:00,252,252,252,252,0
2022-05-12 12:39:00,252,252,252,252,0
2022-05-12 12:40:00,252,252,252,252,0
2022-05-12 12:41:00,252,252,252,252,0
2022-05-12 12:42:00,252,252,252,252,0
2022-05-12 12:43:00,252,252,252,252,0
2022-05-12 12:44:00,252,252,252,252,0
2022-05-12 12:45:00,252,252,252,252,0
2022-05-12 12:46:00,252,252,252,252,0
2022-05-12 12:47:00,252,252,252,252,0
2022-05-12 12:48:00,252,252,252,252,0
2022-05-12 12:49:00,252,252,252,252,0
2022-05-12 12:50:00,252,252,252,252,0
2022-05-12 12:51:00,252,252,252,252,0
2022-05-12 12:52:00,252,252,252,252,0
2022-05-12 12:53:00,252,252,252,252,0
2022-05-12 12:54:00,252,252,252,252,0
2022-05-12 12:55:00,252,252,252,252,0
2022-05-12 12:56:00,252,252,252,252,0
2022-05-12 12:57:00,252,252,252,252,0
2022-05-12 12:58:00,252,252,252,252,0
2022-05-12 12:59:00,252,252,252,252,0
2022-05-12 13:00:00,252,252,252,252,0
2022-05-12 13:01:00,252,252,252,252,0
2022-05-12 13:02:00,252,252,252,252,0
2022-05-12 13:03:00,252,252,252,252,0
2022-05-12 13:04:00,252,252,252,252,0
2022-05-12 13:05:00,252,252,252,252,0
2022-05-12 13:06:00,252,252,252,252,0
2022-05-12 13:07:00,252,252,252,252,0
2022-05-12 13:08:00,252,252,252,252,0
2022-05-12 13:09:00,252,252,252,252,0
2022-05-12 13:10:00,252,252,252,252,0
2022-05-12 13:11:00,252,252,252,252,0
2022-05-12 13:12:00,252,252,252,252,0
2022-05-12 13:13:00,252,252,252,252,0
2022-05-12 13:14:00,252,252,252,252,0
2022-05-12 13:15:00,252,252,252,252,0
2022-05-12 13:16:00,252,252,252,252,0
2022-05-12 13:17:00,252,252,252,252,0
2022-05-12 13:18:00,252,252,252,252,0
2022-05-12 13:19:00,252,252,252,252,0
2022-05-12 13:20:00,252,252,252,252,0
2022-05-12 13:21:00,252,252,252,252,0
2022-05-12 13:22:00,252,252,252,252,0
2022-05-12 13:23:00,252,252,252,252,0
2022-05-12 13:24:00,252,252,252,252,0
2022-05-12 13:25:00,252,252,252,252,0
2022-05-12 13:26:00,252,252,252,252,0
2022-05-12 13:27:00,252,252,252,252,0
2022-05-12 13:28:00,252,252,252,252,0
2022-05-12 13:29:00,252,252,252,252,0
2022-05-12 13:30:00,250,248,254,250,35021700
2022-05-12 13:31:00,250,250,250,250,61200
2022-05-12 13:32:00,248,242,248,248,2108700
2022-05-12 13:33:00,246,246,248,246,20700
2022-05-12 13:34:00,246,244,246,244,441500
2022-05-12 13:35:00,244,244,246,244,38352500
2022-05-12 13:36:00,244,242,244,242,55800
2022-05-12 13:37:00,244,244,246,246,442200
2022-05-12 13:38:00,246,244,246,246,455300
2022-05-12 13:39:00,248,248,252,252,809200
2022-05-12 13:40:00,252,250,252,250,985000
2022-05-12 13:41:00,250,248,250,248,21100
2022-05-12 13:42:00,248,248,250,248,70000
2022-05-12 13:43:00,248,248,252,252,1321400
2022-05-12 13:44:00,248,248,252,250,147200
2022-05-12 13:45:00,250,250,256,256,4452600
2022-05-12 13:46:00,256,250,258,254,1401900
2022-05-12 13:47:00,256,254,256,254,228800
2022-05-12 13:48:00,256,254,258,258,1019600
2022-05-12 13:49:00,258,256,260,260,1917800
2022-05-12 13:50:00,258,258,264,262,5758600
2022-05-12 13:51:00,260,260,262,262,1679700
2022-05-12 13:52:00,262,260,264,262,1483900
2022-05-12 13:53:00,262,262,264,262,911000
2022-05-12 13:54:00,262,262,266,264,3030600
2022-05-12 13:55:00,266,264,272,270,7943400
2022-05-12 13:56:00,270,266,272,266,76356500
2022-05-12 13:57:00,266,266,270,266,1072800
2022-05-12 13:58:00,268,262,268,262,4779800
2022-05-12 13:59:00,262,262,264,264,905700
2022-05-12 14:00:00,264,262,264,264,779800
2022-05-12 14:01:00,264,260,264,260,1853300
2022-05-12 14:02:00,258,258,260,258,1837900
2022-05-12 14:03:00,258,256,262,262,1512400
2022-05-12 14:04:00,262,260,262,260,551200
2022-05-12 14:05:00,260,260,262,260,60000
2022-05-12 14:06:00,260,260,262,262,861900
2022-05-12 14:07:00,262,262,262,262,302700
2022-05-12 14:08:00,262,260,262,260,127500
2022-05-12 14:09:00,262,260,262,260,41900
2022-05-12 14:10:00,260,258,260,258,810600
2022-05-12 14:11:00,258,258,260,258,275000
2022-05-12 14:12:00,258,258,260,260,354400
2022-05-12 14:13:00,258,256,260,256,1033600
2022-05-12 14:14:00,256,256,258,256,321800
2022-05-12 14:15:00,256,256,258,258,73300
2022-05-12 14:16:00,258,256,258,256,96500
2022-05-12 14:17:00,256,256,260,258,1261700
2022-05-12 14:18:00,258,258,260,260,30100
2022-05-12 14:19:00,260,258,260,260,346300
2022-05-12 14:20:00,258,258,262,262,614800
2022-05-12 14:21:00,260,260,264,264,1069700
2022-05-12 14:22:00,262,262,266,264,956100
2022-05-12 14:23:00,264,262,264,262,174900
2022-05-12 14:24:00,262,262,264,262,107600
2022-05-12 14:25:00,262,260,262,260,318100
2022-05-12 14:26:00,262,260,262,262,45300
2022-05-12 14:27:00,260,260,264,264,560500
2022-05-12 14:28:00,264,262,264,262,154500
2022-05-12 14:29:00,262,262,264,264,150400
2022-05-12 14:30:00,264,262,264,264,703900
2022-05-12 14:31:00,264,264,266,264,713200
2022-05-12 14:32:00,264,264,264,264,203600
2022-05-12 14:33:00,264,262,264,262,220500
2022-05-12 14:34:00,262,262,264,264,537800
2022-05-12 14:35:00,262,262,264,262,114500
2022-05-12 14:36:00,262,262,266,264,446300
2022-05-12 14:37:00,264,264,266,264,383000
2022-05-12 14:38:00,264,262,264,264,45200
2022-05-12 14:39:00,262,262,264,264,676200
2022-05-12 14:40:00,262,262,264,264,104613800
2022-05-12 14:41:00,262,262,264,262,568600
2022-05-12 14:42:00,264,262,264,264,1578800
2022-05-12 14:43:00,262,260,264,262,109867000
2022-05-12 14:44:00,262,258,262,262,676400
2022-05-12 14:45:00,262,260,264,262,508200
2022-05-12 14:46:00,262,262,264,262,165900
2022-05-12 14:47:00,264,262,264,264,265100
2022-05-12 14:48:00,264,262,264,264,120300
2022-05-12 14:49:00,264,262,264,262,263700
2022-05-12 14:50:00,264,262,264,262,0
2022-05-12 14:51:00,264,262,264,262,0
2022-05-12 14:52:00,264,262,264,262,0
2022-05-12 14:53:00,264,262,264,262,0
2022-05-12 14:54:00,264,262,264,262,0
2022-05-12 14:55:00,264,262,264,262,0
2022-05-12 14:56:00,264,262,264,262,0
2022-05-12 14:57:00,264,262,264,262,0
2022-05-12 14:58:00,264,262,264,262,0
2022-05-12 14:59:00,264,262,264,262,0
2022-05-12 15:00:00,262,262,262,262,4227700
2022-05-12 15:01:00,262,262,262,262,309900
2022-05-12 15:02:00,262,262,262,262,27600
2022-05-12 15:03:00,262,262,262,262,81200
2022-05-12 15:04:00,262,262,262,262,46400
2022-05-12 15:05:00,262,262,262,262,58800
2022-05-12 15:06:00,262,262,262,262,4200
2022-05-12 15:07:00,262,262,262,262,293400
2022-05-12 15:08:00,262,262,262,262,21700
2022-05-12 15:09:00,262,262,262,262,43800
2022-05-12 15:10:00,262,262,262,262,35800
2022-05-12 15:11:00,262,262,262,262,48700
2022-05-12 15:12:00,262,262,262,262,48200
2022-05-12 15:13:00,262,262,262,262,377500
2022-05-12 15:14:00,262,262,262,262,117400
2022-05-12 15:15:00,262,262,262,262,0
2022-05-12 15:16:00,262,262,262,262,0
2022-05-12 15:17:00,262,262,262,262,0
2022-05-12 15:18:00,262,262,262,262,0
2022-05-12 15:19:00,262,262,262,262,0
2022-05-12 15:20:00,262,262,262,262,0
2022-05-12 15:21:00,262,262,262,262,0
2022-05-12 15:22:00,262,262,262,262,0
2022-05-12 15:23:00,262,262,262,262,0
2022-05-12 15:24:00,262,262,262,262,0
2022-05-12 15:25:00,262,262,262,262,0
2022-05-12 15:26:00,262,262,262,262,0
2022-05-12 15:27:00,262,262,262,262,0
2022-05-12 15:28:00,262,262,262,262,0
2022-05-12 15:29:00,262,262,262,262,0
2022-05-12 15:30:00,262,262,262,262,0
2022-05-12 15:31:00,262,262,262,262,0
2022-05-12 15:32:00,262,262,262,262,0
2022-05-12 15:33:00,262,262,262,262,0
2022-05-12 15:34:00,262,262,262,262,0
2022-05-12 15:35:00,262,262,262,262,0
2022-05-12 15:36:00,262,262,262,262,0
2022-05-12 15:37:00,262,262,262,262,0
2022-05-12 15:38:00,262,262,262,262,0
2022-05-12 15:39:00,262,262,262,262,0
2022-05-12 15:40:00,262,262,262,262,0
2022-05-12 15:41:00,262,262,262,262,0
2022-05-12 15:42:00,262,262,262,262,0
2022-05-12 15:43:00,262,262,262,262,0
2022-05-12 15:44:00,262,262,262,262,0
2022-05-12 15:45:00,262,262,262,262,0
2022-05-12 15:46:00,262,262,262,262,0
2022-05-12 15:47:00,262,262,262,262,0
2022-05-12 15:48:00,262,262,262,262,0
2022-05-12 15:49:00,262,262,262,262,0
2022-05-12 15:50:00,262,262,262,262,0
2022-05-12 15:51:00,262,262,262,262,0
2022-05-12 15:52:00,262,262,262,262,0
2022-05-12 15:53:00,262,262,262,262,0
2022-05-12 15:54:00,262,262,262,262,0
2022-05-12 15:55:00,262,262,262,262,0
2022-05-12 15:56:00,262,262,262,262,0
2022-05-12 15:57:00,262,262,262,262,0
2022-05-12 15:58:00,262,262,262,262,0
2022-05-12 15:59:00,262,262,262,262,0
2022-05-13 09:00:00,264,262,264,262,0
2022-05-13 09:01:00,262,260,266,264,1891800
2022-05-13 09:02:00,264,264,266,266,261100
2022-05-13 09:03:00,264,260,266,260,1678200
2022-05-13 09:04:00,260,258,262,258,629100
2022-05-13 09:05:00,260,258,260,260,290200
2022-05-13 09:06:00,260,256,260,258,974700
2022-05-13 09:07:00,258,256,262,262,818600
2022-05-13 09:08:00,260,260,264,262,45700
2022-05-13 09:09:00,262,262,264,264,485400
2022-05-13 09:10:00,264,262,264,262,232300
2022-05-13 09:11:00,262,260,262,260,220700
2022-05-13 09:12:00,260,258,262,262,891200
2022-05-13 09:13:00,262,260,262,260,158900
2022-05-13 09:14:00,260,260,260,260,143400
2022-05-13 09:15:00,260,260,262,262,47700
2022-05-13 09:16:00,262,260,262,260,216700
2022-05-13 09:17:00,260,258,260,258,240900
2022-05-13 09:18:00,258,258,262,262,229200
2022-05-13 09:19:00,262,262,264,262,309400
2022-05-13 09:20:00,262,262,264,264,272900
2022-05-13 09:21:00,264,264,264,264,241600
2022-05-13 09:22:00,264,262,270,270,3210600
2022-05-13 09:23:00,268,268,270,270,1514900
2022-05-13 09:24:00,270,268,272,270,2153500
2022-05-13 09:25:00,268,268,272,270,1322700
2022-05-13 09:26:00,270,270,272,270,901100
2022-05-13 09:27:00,272,268,272,270,1030000
2022-05-13 09:28:00,270,270,272,272,318800
2022-05-13 09:29:00,270,270,274,274,4355800
2022-05-13 09:30:00,276,272,276,274,1474600
2022-05-13 09:31:00,274,272,276,272,808200
2022-05-13 09:32:00,274,272,276,274,1233600
2022-05-13 09:33:00,276,274,276,276,612000
2022-05-13 09:34:00,274,274,276,274,1214200
2022-05-13 09:35:00,274,272,276,274,997300
2022-05-13 09:36:00,272,272,274,274,395600
2022-05-13 09:37:00,272,272,274,274,121300
2022-05-13 09:38:00,272,272,274,272,161700
2022-05-13 09:39:00,272,270,274,270,2186500
2022-05-13 09:40:00,270,268,270,268,217700
2022-05-13 09:41:00,268,268,268,268,563700
2022-05-13 09:42:00,266,266,268,268,286100
2022-05-13 09:43:00,268,268,268,268,182300
2022-05-13 09:44:00,268,268,270,270,264800
2022-05-13 09:45:00,270,268,270,270,133500
2022-05-13 09:46:00,268,268,268,268,601100
2022-05-13 09:47:00,268,268,268,268,161900
2022-05-13 09:48:00,266,262,268,266,1497200
2022-05-13 09:49:00,266,264,268,266,404800
2022-05-13 09:50:00,266,266,268,266,16000
2022-05-13 09:51:00,266,266,268,266,79000
2022-05-13 09:52:00,266,266,266,266,337000
2022-05-13 09:53:00,264,264,266,266,15000
2022-05-13 09:54:00,264,264,266,266,153500
2022-05-13 09:55:00,266,264,266,266,237100
2022-05-13 09:56:00,266,266,266,266,76200
2022-05-13 09:57:00,266,266,268,268,33800
2022-05-13 09:58:00,268,268,270,270,214600
2022-05-13 09:59:00,270,268,270,270,12000
2022-05-13 10:00:00,270,268,270,270,10700
2022-05-13 10:01:00,268,268,270,270,408700
2022-05-13 10:02:00,268,268,268,268,34400
2022-05-13 10:03:00,270,268,270,270,589700
2022-05-13 10:04:00,270,270,272,270,132500
2022-05-13 10:05:00,272,270,272,272,469500
2022-05-13 10:06:00,272,272,272,272,683600
2022-05-13 10:07:00,272,272,272,272,182100
2022-05-13 10:08:00,272,272,274,272,70100
2022-05-13 10:09:00,274,272,274,274,194400
2022-05-13 10:10:00,272,272,274,272,271900
2022-05-13 10:11:00,272,272,276,276,1575300
2022-05-13 10:12:00,274,274,276,276,28100
2022-05-13 10:13:00,274,274,276,276,105300
2022-05-13 10:14:00,274,274,276,276,459700
2022-05-13 10:15:00,276,274,276,274,821700
2022-05-13 10:16:00,274,274,274,274,310200
2022-05-13 10:17:00,276,274,276,276,2494900
2022-05-13 10:18:00,276,276,276,276,82000
2022-05-13 10:19:00,274,274,276,274,194100
2022-05-13 10:20:00,274,272,274,274,961700
2022-05-13 10:21:00,272,272,276,274,387400
2022-05-13 10:22:00,274,274,276,274,102900
2022-05-13 10:23:00,274,274,274,274,35900
2022-05-13 10:24:00,274,274,274,274,85100
2022-05-13 10:25:00,274,274,276,274,224000
2022-05-13 10:26:00,274,274,276,274,194900
2022-05-13 10:27:00,274,274,276,274,137700
2022-05-13 10:28:00,274,274,276,274,68100
2022-05-13 10:29:00,274,274,276,274,0
2022-05-13 10:30:00,274,274,274,274,62500
2022-05-13 10:31:00,276,276,276,276,32900
2022-05-13 10:32:00,276,274,276,274,51700
2022-05-13 10:33:00,274,274,276,274,4500
2022-05-13 10:34:00,274,274,274,274,90600
2022-05-13 10:35:00,274,274,276,274,163800
2022-05-13 10:36:00,274,274,274,274,392400
2022-05-13 10:37:00,274,274,274,274,132300
2022-05-13 10:38:00,274,274,274,274,10200
2022-05-13 10:39:00,272,272,274,272,53300
2022-05-13 10:40:00,272,272,274,274,141400
2022-05-13 10:41:00,272,272,274,274,15800
2022-05-13 10:42:00,274,274,274,274,234100
2022-05-13 10:43:00,272,272,274,274,300
2022-05-13 10:44:00,274,272,276,276,292700
2022-05-13 10:45:00,276,274,276,276,1597200
2022-05-13 10:46:00,276,276,278,276,231800
2022-05-13 10:47:00,276,276,278,278,531900
2022-05-13 10:48:00,278,276,278,278,66600
2022-05-13 10:49:00,278,276,278,278,917600
2022-05-13 10:50:00,278,276,278,276,27500
2022-05-13 10:51:00,276,276,278,276,201000
2022-05-13 10:52:00,278,276,278,276,48800
2022-05-13 10:53:00,276,276,278,276,208000
2022-05-13 10:54:00,278,278,278,278,95400
2022-05-13 10:55:00,276,276,278,278,3600
2022-05-13 10:56:00,276,276,278,278,68300
2022-05-13 10:57:00,278,276,278,278,18500
2022-05-13 10:58:00,278,276,278,276,41100
2022-05-13 10:59:00,276,276,278,276,17000
2022-05-13 11:00:00,276,276,276,276,146600
2022-05-13 11:01:00,276,276,276,276,31400
2022-05-13 11:02:00,278,276,278,278,3500
2022-05-13 11:03:00,278,278,278,278,21100
2022-05-13 11:04:00,278,276,278,278,1275400
2022-05-13 11:05:00,278,278,280,280,995200
2022-05-13 11:06:00,280,278,280,280,211400
2022-05-13 11:07:00,280,278,280,278,148600
2022-05-13 11:08:00,280,278,280,280,141800
2022-05-13 11:09:00,280,278,280,280,232700
2022-05-13 11:10:00,280,278,280,278,11700
2022-05-13 11:11:00,278,278,280,280,603700
2022-05-13 11:12:00,280,280,282,282,2736100
2022-05-13 11:13:00,282,280,284,284,2189700
2022-05-13 11:14:00,284,282,284,282,336500
2022-05-13 11:15:00,284,282,286,286,2263100
2022-05-13 11:16:00,286,284,286,286,2615300
2022-05-13 11:17:00,286,282,286,282,2209000
2022-05-13 11:18:00,282,280,284,282,1698800
2022-05-13 11:19:00,282,280,284,284,522200
2022-05-13 11:20:00,284,282,284,282,319700
2022-05-13 11:21:00,284,282,286,286,1203900
2022-05-13 11:22:00,286,284,288,286,981900
2022-05-13 11:23:00,284,282,284,284,1153600
2022-05-13 11:24:00,282,280,282,282,2236000
2022-05-13 11:25:00,282,278,282,280,321800
2022-05-13 11:26:00,278,278,280,278,237900
2022-05-13 11:27:00,278,278,282,282,442900
2022-05-13 11:28:00,282,280,282,280,92300
2022-05-13 11:29:00,280,280,282,282,143500
2022-05-13 11:30:00,280,280,282,282,0
2022-05-13 11:31:00,280,280,282,282,0
2022-05-13 11:32:00,280,280,282,282,0
2022-05-13 11:33:00,280,280,282,282,0
2022-05-13 11:34:00,280,280,282,282,0
2022-05-13 11:35:00,280,280,282,282,0
2022-05-13 11:36:00,280,280,282,282,0
2022-05-13 11:37:00,280,280,282,282,0
2022-05-13 11:38:00,280,280,282,282,0
2022-05-13 11:39:00,280,280,282,282,0
2022-05-13 11:40:00,280,280,282,282,0
2022-05-13 11:41:00,280,280,282,282,0
2022-05-13 11:42:00,280,280,282,282,0
2022-05-13 11:43:00,280,280,282,282,0
2022-05-13 11:44:00,280,280,282,282,0
2022-05-13 11:45:00,280,280,282,282,0
2022-05-13 11:46:00,280,280,282,282,0
2022-05-13 11:47:00,280,280,282,282,0
2022-05-13 11:48:00,280,280,282,282,0
2022-05-13 11:49:00,280,280,282,282,0
2022-05-13 11:50:00,280,280,282,282,0
2022-05-13 11:51:00,280,280,282,282,0
2022-05-13 11:52:00,280,280,282,282,0
2022-05-13 11:53:00,280,280,282,282,0
2022-05-13 11:54:00,280,280,282,282,0
2022-05-13 11:55:00,280,280,282,282,0
2022-05-13 11:56:00,280,280,282,282,0
2022-05-13 11:57:00,280,280,282,282,0
2022-05-13 11:58:00,280,280,282,282,0
2022-05-13 11:59:00,280,280,282,282,0
2022-05-13 12:00:00,280,280,282,282,0
2022-05-13 12:01:00,280,280,282,282,0
2022-05-13 12:02:00,280,280,282,282,0
2022-05-13 12:03:00,280,280,282,282,0
2022-05-13 12:04:00,280,280,282,282,0
2022-05-13 12:05:00,280,280,282,282,0
2022-05-13 12:06:00,280,280,282,282,0
2022-05-13 12:07:00,280,280,282,282,0
2022-05-13 12:08:00,280,280,282,282,0
2022-05-13 12:09:00,280,280,282,282,0
2022-05-13 12:10:00,280,280,282,282,0
2022-05-13 12:11:00,280,280,282,282,0
2022-05-13 12:12:00,280,280,282,282,0
2022-05-13 12:13:00,280,280,282,282,0
2022-05-13 12:14:00,280,280,282,282,0
2022-05-13 12:15:00,280,280,282,282,0
2022-05-13 12:16:00,280,280,282,282,0
2022-05-13 12:17:00,280,280,282,282,0
2022-05-13 12:18:00,280,280,282,282,0
2022-05-13 12:19:00,280,280,282,282,0
2022-05-13 12:20:00,280,280,282,282,0
2022-05-13 12:21:00,280,280,282,282,0
2022-05-13 12:22:00,280,280,282,282,0
2022-05-13 12:23:00,280,280,282,282,0
2022-05-13 12:24:00,280,280,282,282,0
2022-05-13 12:25:00,280,280,282,282,0
2022-05-13 12:26:00,280,280,282,282,0
2022-05-13 12:27:00,280,280,282,282,0
2022-05-13 12:28:00,280,280,282,282,0
2022-05-13 12:29:00,280,280,282,282,0
2022-05-13 12:30:00,280,280,282,282,0
2022-05-13 12:31:00,280,280,282,282,0
2022-05-13 12:32:00,280,280,282,282,0
2022-05-13 12:33:00,280,280,282,282,0
2022-05-13 12:34:00,280,280,282,282,0
2022-05-13 12:35:00,280,280,282,282,0
2022-05-13 12:36:00,280,280,282,282,0
2022-05-13 12:37:00,280,280,282,282,0
2022-05-13 12:38:00,280,280,282,282,0
2022-05-13 12:39:00,280,280,282,282,0
2022-05-13 12:40:00,280,280,282,282,0
2022-05-13 12:41:00,280,280,282,282,0
2022-05-13 12:42:00,280,280,282,282,0
2022-05-13 12:43:00,280,280,282,282,0
2022-05-13 12:44:00,280,280,282,282,0
2022-05-13 12:45:00,280,280,282,282,0
2022-05-13 12:46:00,280,280,282,282,0
2022-05-13 12:47:00,280,280,282,282,0
2022-05-13 12:48:00,280,280,282,282,0
2022-05-13 12:49:00,280,280,282,282,0
2022-05-13 12:50:00,280,280,282,282,0
2022-05-13 12:51:00,280,280,282,282,0
2022-05-13 12:52:00,280,280,282,282,0
2022-05-13 12:53:00,280,280,282,282,0
2022-05-13 12:54:00,280,280,282,282,0
2022-05-13 12:55:00,280,280,282,282,0
2022-05-13 12:56:00,280,280,282,282,0
2022-05-13 12:57:00,280,280,282,282,0
2022-05-13 12:58:00,280,280,282,282,0
2022-05-13 12:59:00,280,280,282,282,0
2022-05-13 13:00:00,280,280,282,282,0
2022-05-13 13:01:00,280,280,282,282,0
2022-05-13 13:02:00,280,280,282,282,0
2022-05-13 13:03:00,280,280,282,282,0
2022-05-13 13:04:00,280,280,282,282,0
2022-05-13 13:05:00,280,280,282,282,0
2022-05-13 13:06:00,280,280,282,282,0
2022-05-13 13:07:00,280,280,282,282,0
2022-05-13 13:08:00,280,280,282,282,0
2022-05-13 13:09:00,280,280,282,282,0
2022-05-13 13:10:00,280,280,282,282,0
2022-05-13 13:11:00,280,280,282,282,0
2022-05-13 13:12:00,280,280,282,282,0
2022-05-13 13:13:00,280,280,282,282,0
2022-05-13 13:14:00,280,280,282,282,0
2022-05-13 13:15:00,280,280,282,282,0
2022-05-13 13:16:00,280,280,282,282,0
2022-05-13 13:17:00,280,280,282,282,0
2022-05-13 13:18:00,280,280,282,282,0
2022-05-13 13:19:00,280,280,282,282,0
2022-05-13 13:20:00,280,280,282,282,0
2022-05-13 13:21:00,280,280,282,282,0
2022-05-13 13:22:00,280,280,282,282,0
2022-05-13 13:23:00,280,280,282,282,0
2022-05-13 13:24:00,280,280,282,282,0
2022-05-13 13:25:00,280,280,282,282,0
2022-05-13 13:26:00,280,280,282,282,0
2022-05-13 13:27:00,280,280,282,282,0
2022-05-13 13:28:00,280,280,282,282,0
2022-05-13 13:29:00,280,280,282,282,0
2022-05-13 13:30:00,280,280,284,284,1882300
2022-05-13 13:31:00,284,284,284,284,15900
2022-05-13 13:32:00,284,282,284,282,231400
2022-05-13 13:33:00,280,280,282,282,104200
2022-05-13 13:34:00,282,280,282,282,149500
2022-05-13 13:35:00,282,280,282,282,29700
2022-05-13 13:36:00,282,280,282,282,104700
2022-05-13 13:37:00,280,280,282,280,594000
2022-05-13 13:38:00,280,280,282,282,102500
2022-05-13 13:39:00,280,280,282,282,76100
2022-05-13 13:40:00,282,282,282,282,10000
2022-05-13 13:41:00,282,278,282,278,875200
2022-05-13 13:42:00,278,278,278,278,336900
2022-05-13 13:43:00,278,278,280,278,1478600
2022-05-13 13:44:00,278,276,278,276,225000
2022-05-13 13:45:00,276,276,278,276,194300
2022-05-13 13:46:00,276,276,278,278,15400
2022-05-13 13:47:00,278,274,278,274,2020400
2022-05-13 13:48:00,274,270,274,274,2647900
2022-05-13 13:49:00,272,272,274,272,965600
2022-05-13 13:50:00,274,268,274,268,4276100
2022-05-13 13:51:00,274,268,274,268,0
2022-05-13 13:52:00,268,268,270,268,1534000
2022-05-13 13:53:00,268,268,270,270,74300
2022-05-13 13:54:00,270,268,270,270,173600
2022-05-13 13:55:00,268,268,272,270,404800
2022-05-13 13:56:00,272,270,274,274,185200
2022-05-13 13:57:00,272,272,276,276,378800
2022-05-13 13:58:00,276,274,276,276,126300
2022-05-13 13:59:00,276,276,276,276,267600
2022-05-13 14:00:00,276,276,276,276,16800
2022-05-13 14:01:00,274,274,276,276,56300
2022-05-13 14:02:00,276,274,278,278,343100
2022-05-13 14:03:00,278,278,280,278,2417500
2022-05-13 14:04:00,276,276,276,276,126400
2022-05-13 14:05:00,274,274,276,274,66100
2022-05-13 14:06:00,274,274,278,278,193900
2022-05-13 14:07:00,278,276,278,278,172100
2022-05-13 14:08:00,278,278,280,278,632500
2022-05-13 14:09:00,280,278,280,278,1800
2022-05-13 14:10:00,278,278,280,278,311800
2022-05-13 14:11:00,276,276,280,280,63300
2022-05-13 14:12:00,278,278,278,278,134700
2022-05-13 14:13:00,278,278,280,280,108200
2022-05-13 14:14:00,278,278,278,278,345000
2022-05-13 14:15:00,278,278,280,278,316000
2022-05-13 14:16:00,278,278,280,278,16800
2022-05-13 14:17:00,278,278,278,278,101500
2022-05-13 14:18:00,276,276,278,278,70100
2022-05-13 14:19:00,276,276,278,278,1500
2022-05-13 14:20:00,278,276,278,278,273100
2022-05-13 14:21:00,278,278,278,278,33300
2022-05-13 14:22:00,278,278,278,278,29400
2022-05-13 14:23:00,276,276,278,276,1223700
2022-05-13 14:24:00,276,276,278,276,11700
2022-05-13 14:25:00,278,278,278,278,7000
2022-05-13 14:26:00,278,278,278,278,3700
2022-05-13 14:27:00,276,276,278,276,127500
2022-05-13 14:28:00,278,276,278,276,775600
2022-05-13 14:29:00,276,276,278,278,160300
2022-05-13 14:30:00,278,276,278,276,10400
2022-05-13 14:31:00,276,276,276,276,274500
2022-05-13 14:32:00,276,276,278,278,12200
2022-05-13 14:33:00,278,278,278,278,257600
2022-05-13 14:34:00,278,278,278,278,40400
2022-05-13 14:35:00,278,278,278,278,800
2022-05-13 14:36:00,278,278,278,278,13300
2022-05-13 14:37:00,278,278,278,278,52000
2022-05-13 14:38:00,278,278,280,280,48500
2022-05-13 14:39:00,278,278,280,280,18600
2022-05-13 14:40:00,280,278,280,278,84000
2022-05-13 14:41:00,278,276,278,278,39300
2022-05-13 14:42:00,278,276,278,276,44300
2022-05-13 14:43:00,276,276,278,278,30600
2022-05-13 14:44:00,278,276,278,278,87600
2022-05-13 14:45:00,278,278,280,278,85000
2022-05-13 14:46:00,278,278,278,278,449800
2022-05-13 14:47:00,278,276,278,278,227100
2022-05-13 14:48:00,278,276,278,276,57800
2022-05-13 14:49:00,276,276,278,278,572800
2022-05-13 14:50:00,276,276,278,278,0
2022-05-13 14:51:00,276,276,278,278,0
2022-05-13 14:52:00,276,276,278,278,0
2022-05-13 14:53:00,276,276,278,278,0
2022-05-13 14:54:00,276,276,278,278,0
2022-05-13 14:55:00,276,276,278,278,0
2022-05-13 14:56:00,276,276,278,278,0
2022-05-13 14:57:00,276,276,278,278,0
2022-05-13 14:58:00,276,276,278,278,0
2022-05-13 14:59:00,276,276,278,278,0
2022-05-13 15:00:00,278,278,278,278,3653300
2022-05-13 15:01:00,278,278,278,278,703100
2022-05-13 15:02:00,278,278,278,278,7100
2022-05-13 15:03:00,278,278,278,278,8700
2022-05-13 15:04:00,278,278,278,278,11000
2022-05-13 15:05:00,278,278,278,278,48300
2022-05-13 15:06:00,278,278,278,278,69100
2022-05-13 15:07:00,278,278,278,278,13100
2022-05-13 15:08:00,278,278,278,278,400
2022-05-13 15:09:00,278,278,278,278,31400
2022-05-13 15:10:00,278,278,278,278,1500
2022-05-13 15:11:00,278,278,278,278,275700
2022-05-13 15:12:00,278,278,278,278,43500
2022-05-13 15:13:00,278,278,278,278,0
2022-05-13 15:14:00,278,278,278,278,25800
2022-05-13 15:15:00,278,278,278,278,0
2022-05-13 15:16:00,278,278,278,278,0
2022-05-13 15:17:00,278,278,278,278,0
2022-05-13 15:18:00,278,278,278,278,0
2022-05-13 15:19:00,278,278,278,278,0
2022-05-13 15:20:00,278,278,278,278,0
2022-05-13 15:21:00,278,278,278,278,0
2022-05-13 15:22:00,278,278,278,278,0
2022-05-13 15:23:00,278,278,278,278,0
2022-05-13 15:24:00,278,278,278,278,0
2022-05-13 15:25:00,278,278,278,278,0
2022-05-13 15:26:00,278,278,278,278,0
2022-05-13 15:27:00,278,278,278,278,0
2022-05-13 15:28:00,278,278,278,278,0
2022-05-13 15:29:00,278,278,278,278,0
2022-05-13 15:30:00,278,278,278,278,0
2022-05-13 15:31:00,278,278,278,278,0
2022-05-13 15:32:00,278,278,278,278,0
2022-05-13 15:33:00,278,278,278,278,0
2022-05-13 15:34:00,278,278,278,278,0
2022-05-13 15:35:00,278,278,278,278,0
2022-05-13 15:36:00,278,278,278,278,0
2022-05-13 15:37:00,278,278,278,278,0
2022-05-13 15:38:00,278,278,278,278,0
2022-05-13 15:39:00,278,278,278,278,0
2022-05-13 15:40:00,278,278,278,278,0
2022-05-13 15:41:00,278,278,278,278,0
2022-05-13 15:42:00,278,278,278,278,0
2022-05-13 15:43:00,278,278,278,278,0
2022-05-13 15:44:00,278,278,278,278,0
2022-05-13 15:45:00,278,278,278,278,0
2022-05-13 15:46:00,278,278,278,278,0
2022-05-13 15:47:00,278,278,278,278,0
2022-05-13 15:48:00,278,278,278,278,0
2022-05-13 15:49:00,278,278,278,278,0
2022-05-13 15:50:00,278,278,278,278,0
2022-05-13 15:51:00,278,278,278,278,0
2022-05-13 15:52:00,278,278,278,278,0
2022-05-13 15:53:00,278,278,278,278,0
2022-05-13 15:54:00,278,278,278,278,0
2022-05-13 15:55:00,278,278,278,278,0
2022-05-13 15:56:00,278,278,278,278,0
2022-05-13 15:57:00,278,278,278,278,0
2022-05-13 15:58:00,278,278,278,278,0
2022-05-13 15:59:00,278,278,278,278,0
2022-05-16 09:00:00,278,278,278,278,0
2022-05-16 09:01:00,278,278,278,278,0
2022-05-16 09:02:00,278,278,278,278,0
2022-05-16 09:03:00,278,278,278,278,0
2022-05-16 09:04:00,278,278,278,278,0
2022-05-16 09:05:00,278,278,278,278,0
2022-05-16 09:06:00,278,278,278,278,0
2022-05-16 09:07:00,278,278,278,278,0
2022-05-16 09:08:00,278,278,278,278,0
2022-05-16 09:09:00,278,278,278,278,0
2022-05-16 09:10:00,278,278,278,278,0
2022-05-16 09:11:00,278,278,278,278,0
2022-05-16 09:12:00,278,278,278,278,0
2022-05-16 09:13:00,278,278,278,278,0
2022-05-16 09:14:00,278,278,278,278,0
2022-05-16 09:15:00,278,278,278,278,0
2022-05-16 09:16:00,278,278,278,278,0
2022-05-16 09:17:00,278,278,278,278,0
2022-05-16 09:18:00,278,278,278,278,0
2022-05-16 09:19:00,278,278,278,278,0
2022-05-16 09:20:00,278,278,278,278,0
2022-05-16 09:21:00,278,278,278,278,0
2022-05-16 09:22:00,278,278,278,278,0
2022-05-16 09:23:00,278,278,278,278,0
2022-05-16 09:24:00,278,278,278,278,0
2022-05-16 09:25:00,278,278,278,278,0
2022-05-16 09:26:00,278,278,278,278,0
2022-05-16 09:27:00,278,278,278,278,0
2022-05-16 09:28:00,278,278,278,278,0
2022-05-16 09:29:00,278,278,278,278,0
2022-05-16 09:30:00,278,278,278,278,0
2022-05-16 09:31:00,278,278,278,278,0
2022-05-16 09:32:00,278,278,278,278,0
2022-05-16 09:33:00,278,278,278,278,0
2022-05-16 09:34:00,278,278,278,278,0
2022-05-16 09:35:00,278,278,278,278,0
2022-05-16 09:36:00,278,278,278,278,0
2022-05-16 09:37:00,278,278,278,278,0
2022-05-16 09:38:00,278,278,278,278,0
2022-05-16 09:39:00,278,278,278,278,0
2022-05-16 09:40:00,278,278,278,278,0
2022-05-16 09:41:00,278,278,278,278,0
2022-05-16 09:42:00,278,278,278,278,0
2022-05-16 09:43:00,278,278,278,278,0
2022-05-16 09:44:00,278,278,278,278,0
2022-05-16 09:45:00,278,278,278,278,0
2022-05-16 09:46:00,278,278,278,278,0
2022-05-16 09:47:00,278,278,278,278,0
2022-05-16 09:48:00,278,278,278,278,0
2022-05-16 09:49:00,278,278,278,278,0
2022-05-16 09:50:00,278,278,278,278,0
2022-05-16 09:51:00,278,278,278,278,0
2022-05-16 09:52:00,278,278,278,278,0
2022-05-16 09:53:00,278,278,278,278,0
2022-05-16 09:54:00,278,278,278,278,0
2022-05-16 09:55:00,278,278,278,278,0
2022-05-16 09:56:00,278,278,278,278,0
2022-05-16 09:57:00,278,278,278,278,0
2022-05-16 09:58:00,278,278,278,278,0
2022-05-16 09:59:00,278,278,278,278,0
2022-05-16 10:00:00,278,278,278,278,0
2022-05-16 10:01:00,278,278,278,278,0
2022-05-16 10:02:00,278,278,278,278,0
2022-05-16 10:03:00,278,278,278,278,0
2022-05-16 10:04:00,278,278,278,278,0
2022-05-16 10:05:00,278,278,278,278,0
2022-05-16 10:06:00,278,278,278,278,0
2022-05-16 10:07:00,278,278,278,278,0
2022-05-16 10:08:00,278,278,278,278,0
2022-05-16 10:09:00,278,278,278,278,0
2022-05-16 10:10:00,278,278,278,278,0
2022-05-16 10:11:00,278,278,278,278,0
2022-05-16 10:12:00,278,278,278,278,0
2022-05-16 10:13:00,278,278,278,278,0
2022-05-16 10:14:00,278,278,278,278,0
2022-05-16 10:15:00,278,278,278,278,0
2022-05-16 10:16:00,278,278,278,278,0
2022-05-16 10:17:00,278,278,278,278,0
2022-05-16 10:18:00,278,278,278,278,0
2022-05-16 10:19:00,278,278,278,278,0
2022-05-16 10:20:00,278,278,278,278,0
2022-05-16 10:21:00,278,278,278,278,0
2022-05-16 10:22:00,278,278,278,278,0
2022-05-16 10:23:00,278,278,278,278,0
2022-05-16 10:24:00,278,278,278,278,0
2022-05-16 10:25:00,278,278,278,278,0
2022-05-16 10:26:00,278,278,278,278,0
2022-05-16 10:27:00,278,278,278,278,0
2022-05-16 10:28:00,278,278,278,278,0
2022-05-16 10:29:00,278,278,278,278,0
2022-05-16 10:30:00,278,278,278,278,0
2022-05-16 10:31:00,278,278,278,278,0
2022-05-16 10:32:00,278,278,278,278,0
2022-05-16 10:33:00,278,278,278,278,0
2022-05-16 10:34:00,278,278,278,278,0
2022-05-16 10:35:00,278,278,278,278,0
2022-05-16 10:36:00,278,278,278,278,0
2022-05-16 10:37:00,278,278,278,278,0
2022-05-16 10:38:00,278,278,278,278,0
2022-05-16 10:39:00,278,278,278,278,0
2022-05-16 10:40:00,278,278,278,278,0
2022-05-16 10:41:00,278,278,278,278,0
2022-05-16 10:42:00,278,278,278,278,0
2022-05-16 10:43:00,278,278,278,278,0
2022-05-16 10:44:00,278,278,278,278,0
2022-05-16 10:45:00,278,278,278,278,0
2022-05-16 10:46:00,278,278,278,278,0
2022-05-16 10:47:00,278,278,278,278,0
2022-05-16 10:48:00,278,278,278,278,0
2022-05-16 10:49:00,278,278,278,278,0
2022-05-16 10:50:00,278,278,278,278,0
2022-05-16 10:51:00,278,278,278,278,0
2022-05-16 10:52:00,278,278,278,278,0
2022-05-16 10:53:00,278,278,278,278,0
2022-05-16 10:54:00,278,278,278,278,0
2022-05-16 10:55:00,278,278,278,278,0
2022-05-16 10:56:00,278,278,278,278,0
2022-05-16 10:57:00,278,278,278,278,0
2022-05-16 10:58:00,278,278,278,278,0
2022-05-16 10:59:00,278,278,278,278,0
2022-05-16 11:00:00,278,278,278,278,0
2022-05-16 11:01:00,278,278,278,278,0
2022-05-16 11:02:00,278,278,278,278,0
2022-05-16 11:03:00,278,278,278,278,0
2022-05-16 11:04:00,278,278,278,278,0
2022-05-16 11:05:00,278,278,278,278,0
2022-05-16 11:06:00,278,278,278,278,0
2022-05-16 11:07:00,278,278,278,278,0
2022-05-16 11:08:00,278,278,278,278,0
2022-05-16 11:09:00,278,278,278,278,0
2022-05-16 11:10:00,278,278,278,278,0
2022-05-16 11:11:00,278,278,278,278,0
2022-05-16 11:12:00,278,278,278,278,0
2022-05-16 11:13:00,278,278,278,278,0
2022-05-16 11:14:00,278,278,278,278,0
2022-05-16 11:15:00,278,278,278,278,0
2022-05-16 11:16:00,278,278,278,278,0
2022-05-16 11:17:00,278,278,278,278,0
2022-05-16 11:18:00,278,278,278,278,0
2022-05-16 11:19:00,278,278,278,278,0
2022-05-16 11:20:00,278,278,278,278,0
2022-05-16 11:21:00,278,278,278,278,0
2022-05-16 11:22:00,278,278,278,278,0
2022-05-16 11:23:00,278,278,278,278,0
2022-05-16 11:24:00,278,278,278,278,0
2022-05-16 11:25:00,278,278,278,278,0
2022-05-16 11:26:00,278,278,278,278,0
2022-05-16 11:27:00,278,278,278,278,0
2022-05-16 11:28:00,278,278,278,278,0
2022-05-16 11:29:00,278,278,278,278,0
2022-05-16 11:30:00,278,278,278,278,0
2022-05-16 11:31:00,278,278,278,278,0
2022-05-16 11:32:00,278,278,278,278,0
2022-05-16 11:33:00,278,278,278,278,0
2022-05-16 11:34:00,278,278,278,278,0
2022-05-16 11:35:00,278,278,278,278,0
2022-05-16 11:36:00,278,278,278,278,0
2022-05-16 11:37:00,278,278,278,278,0
2022-05-16 11:38:00,278,278,278,278,0
2022-05-16 11:39:00,278,278,278,278,0
2022-05-16 11:40:00,278,278,278,278,0
2022-05-16 11:41:00,278,278,278,278,0
2022-05-16 11:42:00,278,278,278,278,0
2022-05-16 11:43:00,278,278,278,278,0
2022-05-16 11:44:00,278,278,278,278,0
2022-05-16 11:45:00,278,278,278,278,0
2022-05-16 11:46:00,278,278,278,278,0
2022-05-16 11:47:00,278,278,278,278,0
2022-05-16 11:48:00,278,278,278,278,0
2022-05-16 11:49:00,278,278,278,278,0
2022-05-16 11:50:00,278,278,278,278,0
2022-05-16 11:51:00,278,278,278,278,0
2022-05-16 11:52:00,278,278,278,278,0
2022-05-16 11:53:00,278,278,278,278,0
2022-05-16 11:54:00,278,278,278,278,0
2022-05-16 11:55:00,278,278,278,278,0
2022-05-16 11:56:00,278,278,278,278,0
2022-05-16 11:57:00,278,278,278,278,0
2022-05-16 11:58:00,278,278,278,278,0
2022-05-16 11:59:00,278,278,278,278,0
2022-05-16 12:00:00,278,278,278,278,0
2022-05-16 12:01:00,278,278,278,278,0
2022-05-16 12:02:00,278,278,278,278,0
2022-05-16 12:03:00,278,278,278,278,0
2022-05-16 12:04:00,278,278,278,278,0
2022-05-16 12:05:00,278,278,278,278,0
2022-05-16 12:06:00,278,278,278,278,0
2022-05-16 12:07:00,278,278,278,278,0
2022-05-16 12:08:00,278,278,278,278,0
2022-05-16 12:09:00,278,278,278,278,0
2022-05-16 12:10:00,278,278,278,278,0
2022-05-16 12:11:00,278,278,278,278,0
2022-05-16 12:12:00,278,278,278,278,0
2022-05-16 12:13:00,278,278,278,278,0
2022-05-16 12:14:00,278,278,278,278,0
2022-05-16 12:15:00,278,278,278,278,0
2022-05-16 12:16:00,278,278,278,278,0
2022-05-16 12:17:00,278,278,278,278,0
2022-05-16 12:18:00,278,278,278,278,0
2022-05-16 12:19:00,278,278,278,278,0
2022-05-16 12:20:00,278,278,278,278,0
2022-05-16 12:21:00,278,278,278,278,0
2022-05-16 12:22:00,278,278,278,278,0
2022-05-16 12:23:00,278,278,278,278,0
2022-05-16 12:24:00,278,278,278,278,0
2022-05-16 12:25:00,278,278,278,278,0
2022-05-16 12:26:00,278,278,278,278,0
2022-05-16 12:27:00,278,278,278,278,0
2022-05-16 12:28:00,278,278,278,278,0
2022-05-16 12:29:00,278,278,278,278,0
2022-05-16 12:30:00,278,278,278,278,0
2022-05-16 12:31:00,278,278,278,278,0
2022-05-16 12:32:00,278,278,278,278,0
2022-05-16 12:33:00,278,278,278,278,0
2022-05-16 12:34:00,278,278,278,278,0
2022-05-16 12:35:00,278,278,278,278,0
2022-05-16 12:36:00,278,278,278,278,0
2022-05-16 12:37:00,278,278,278,278,0
2022-05-16 12:38:00,278,278,278,278,0
2022-05-16 12:39:00,278,278,278,278,0
2022-05-16 12:40:00,278,278,278,278,0
2022-05-16 12:41:00,278,278,278,278,0
2022-05-16 12:42:00,278,278,278,278,0
2022-05-16 12:43:00,278,278,278,278,0
2022-05-16 12:44:00,278,278,278,278,0
2022-05-16 12:45:00,278,278,278,278,0
2022-05-16 12:46:00,278,278,278,278,0
2022-05-16 12:47:00,278,278,278,278,0
2022-05-16 12:48:00,278,278,278,278,0
2022-05-16 12:49:00,278,278,278,278,0
2022-05-16 12:50:00,278,278,278,278,0
2022-05-16 12:51:00,278,278,278,278,0
2022-05-16 12:52:00,278,278,278,278,0
2022-05-16 12:53:00,278,278,278,278,0
2022-05-16 12:54:00,278,278,278,278,0
2022-05-16 12:55:00,278,278,278,278,0
2022-05-16 12:56:00,278,278,278,278,0
2022-05-16 12:57:00,278,278,278,278,0
2022-05-16 12:58:00,278,278,278,278,0
2022-05-16 12:59:00,278,278,278,278,0
2022-05-16 13:00:00,278,278,278,278,0
2022-05-16 13:01:00,278,278,278,278,0
2022-05-16 13:02:00,278,278,278,278,0
2022-05-16 13:03:00,278,278,278,278,0
2022-05-16 13:04:00,278,278,278,278,0
2022-05-16 13:05:00,278,278,278,278,0
2022-05-16 13:06:00,278,278,278,278,0
2022-05-16 13:07:00,278,278,278,278,0
2022-05-16 13:08:00,278,278,278,278,0
2022-05-16 13:09:00,278,278,278,278,0
2022-05-16 13:10:00,278,278,278,278,0
2022-05-16 13:11:00,278,278,278,278,0
2022-05-16 13:12:00,278,278,278,278,0
2022-05-16 13:13:00,278,278,278,278,0
2022-05-16 13:14:00,278,278,278,278,0
2022-05-16 13:15:00,278,278,278,278,0
2022-05-16 13:16:00,278,278,278,278,0
2022-05-16 13:17:00,278,278,278,278,0
2022-05-16 13:18:00,278,278,278,278,0
2022-05-16 13:19:00,278,278,278,278,0
2022-05-16 13:20:00,278,278,278,278,0
2022-05-16 13:21:00,278,278,278,278,0
2022-05-16 13:22:00,278,278,278,278,0
2022-05-16 13:23:00,278,278,278,278,0
2022-05-16 13:24:00,278,278,278,278,0
2022-05-16 13:25:00,278,278,278,278,0
2022-05-16 13:26:00,278,278,278,278,0
2022-05-16 13:27:00,278,278,278,278,0
2022-05-16 13:28:00,278,278,278,278,0
2022-05-16 13:29:00,278,278,278,278,0
2022-05-16 13:30:00,278,278,278,278,0
2022-05-16 13:31:00,278,278,278,278,0
2022-05-16 13:32:00,278,278,278,278,0
2022-05-16 13:33:00,278,278,278,278,0
2022-05-16 13:34:00,278,278,278,278,0
2022-05-16 13:35:00,278,278,278,278,0
2022-05-16 13:36:00,278,278,278,278,0
2022-05-16 13:37:00,278,278,278,278,0
2022-05-16 13:38:00,278,278,278,278,0
2022-05-16 13:39:00,278,278,278,278,0
2022-05-16 13:40:00,278,278,278,278,0
2022-05-16 13:41:00,278,278,278,278,0
2022-05-16 13:42:00,278,278,278,278,0
2022-05-16 13:43:00,278,278,278,278,0
2022-05-16 13:44:00,278,278,278,278,0
2022-05-16 13:45:00,278,278,278,278,0
2022-05-16 13:46:00,278,278,278,278,0
2022-05-16 13:47:00,278,278,278,278,0
2022-05-16 13:48:00,278,278,278,278,0
2022-05-16 13:49:00,278,278,278,278,0
2022-05-16 13:50:00,278,278,278,278,0
2022-05-16 13:51:00,278,278,278,278,0
2022-05-16 13:52:00,278,278,278,278,0
2022-05-16 13:53:00,278,278,278,278,0
2022-05-16 13:54:00,278,278,278,278,0
2022-05-16 13:55:00,278,278,278,278,0
2022-05-16 13:56:00,278,278,278,278,0
2022-05-16 13:57:00,278,278,278,278,0
2022-05-16 13:58:00,278,278,278,278,0
2022-05-16 13:59:00,278,278,278,278,0
2022-05-16 14:00:00,278,278,278,278,0
2022-05-16 14:01:00,278,278,278,278,0
2022-05-16 14:02:00,278,278,278,278,0
2022-05-16 14:03:00,278,278,278,278,0
2022-05-16 14:04:00,278,278,278,278,0
2022-05-16 14:05:00,278,278,278,278,0
2022-05-16 14:06:00,278,278,278,278,0
2022-05-16 14:07:00,278,278,278,278,0
2022-05-16 14:08:00,278,278,278,278,0
2022-05-16 14:09:00,278,278,278,278,0
2022-05-16 14:10:00,278,278,278,278,0
2022-05-16 14:11:00,278,278,278,278,0
2022-05-16 14:12:00,278,278,278,278,0
2022-05-16 14:13:00,278,278,278,278,0
2022-05-16 14:14:00,278,278,278,278,0
2022-05-16 14:15:00,278,278,278,278,0
2022-05-16 14:16:00,278,278,278,278,0
2022-05-16 14:17:00,278,278,278,278,0
2022-05-16 14:18:00,278,278,278,278,0
2022-05-16 14:19:00,278,278,278,278,0
2022-05-16 14:20:00,278,278,278,278,0
2022-05-16 14:21:00,278,278,278,278,0
2022-05-16 14:22:00,278,278,278,278,0
2022-05-16 14:23:00,278,278,278,278,0
2022-05-16 14:24:00,278,278,278,278,0
2022-05-16 14:25:00,278,278,278,278,0
2022-05-16 14:26:00,278,278,278,278,0
2022-05-16 14:27:00,278,278,278,278,0
2022-05-16 14:28:00,278,278,278,278,0
2022-05-16 14:29:00,278,278,278,278,0
2022-05-16 14:30:00,278,278,278,278,0
2022-05-16 14:31:00,278,278,278,278,0
2022-05-16 14:32:00,278,278,278,278,0
2022-05-16 14:33:00,278,278,278,278,0
2022-05-16 14:34:00,278,278,278,278,0
2022-05-16 14:35:00,278,278,278,278,0
2022-05-16 14:36:00,278,278,278,278,0
2022-05-16 14:37:00,278,278,278,278,0
2022-05-16 14:38:00,278,278,278,278,0
2022-05-16 14:39:00,278,278,278,278,0
2022-05-16 14:40:00,278,278,278,278,0
2022-05-16 14:41:00,278,278,278,278,0
2022-05-16 14:42:00,278,278,278,278,0
2022-05-16 14:43:00,278,278,278,278,0
2022-05-16 14:44:00,278,278,278,278,0
2022-05-16 14:45:00,278,278,278,278,0
2022-05-16 14:46:00,278,278,278,278,0
2022-05-16 14:47:00,278,278,278,278,0
2022-05-16 14:48:00,278,278,278,278,0
2022-05-16 14:49:00,278,278,278,278,0
2022-05-16 14:50:00,278,278,278,278,0
2022-05-16 14:51:00,278,278,278,278,0
2022-05-16 14:52:00,278,278,278,278,0
2022-05-16 14:53:00,278,278,278,278,0
2022-05-16 14:54:00,278,278,278,278,0
2022-05-16 14:55:00,278,278,278,278,0
2022-05-16 14:56:00,278,278,278,278,0
2022-05-16 14:57:00,278,278,278,278,0
2022-05-16 14:58:00,278,278,278,278,0
2022-05-16 14:59:00,278,278,278,278,0
2022-05-16 15:00:00,278,278,278,278,0
2022-05-16 15:01:00,278,278,278,278,0
2022-05-16 15:02:00,278,278,278,278,0
2022-05-16 15:03:00,278,278,278,278,0
2022-05-16 15:04:00,278,278,278,278,0
2022-05-16 15:05:00,278,278,278,278,0
2022-05-16 15:06:00,278,278,278,278,0
2022-05-16 15:07:00,278,278,278,278,0
2022-05-16 15:08:00,278,278,278,278,0
2022-05-16 15:09:00,278,278,278,278,0
2022-05-16 15:10:00,278,278,278,278,0
2022-05-16 15:11:00,278,278,278,278,0
2022-05-16 15:12:00,278,278,278,278,0
2022-05-16 15:13:00,278,278,278,278,0
2022-05-16 15:14:00,278,278,278,278,0
2022-05-16 15:15:00,278,278,278,278,0
2022-05-16 15:16:00,278,278,278,278,0
2022-05-16 15:17:00,278,278,278,278,0
2022-05-16 15:18:00,278,278,278,278,0
2022-05-16 15:19:00,278,278,278,278,0
2022-05-16 15:20:00,278,278,278,278,0
2022-05-16 15:21:00,278,278,278,278,0
2022-05-16 15:22:00,278,278,278,278,0
2022-05-16 15:23:00,278,278,278,278,0
2022-05-16 15:24:00,278,278,278,278,0
2022-05-16 15:25:00,278,278,278,278,0
2022-05-16 15:26:00,278,278,278,278,0
2022-05-16 15:27:00,278,278,278,278,0
2022-05-16 15:28:00,278,278,278,278,0
2022-05-16 15:29:00,278,278,278,278,0
2022-05-16 15:30:00,278,278,278,278,0
2022-05-16 15:31:00,278,278,278,278,0
2022-05-16 15:32:00,278,278,278,278,0
2022-05-16 15:33:00,278,278,278,278,0
2022-05-16 15:34:00,278,278,278,278,0
2022-05-16 15:35:00,278,278,278,278,0
2022-05-16 15:36:00,278,278,278,278,0
2022-05-16 15:37:00,278,278,278,278,0
2022-05-16 15:38:00,278,278,278,278,0
2022-05-16 15:39:00,278,278,278,278,0
2022-05-16 15:40:00,278,278,278,278,0
2022-05-16 15:41:00,278,278,278,278,0
2022-05-16 15:42:00,278,278,278,278,0
2022-05-16 15:43:00,278,278,278,278,0
2022-05-16 15:44:00,278,278,278,278,0
2022-05-16 15:45:00,278,278,278,278,0
2022-05-16 15:46:00,278,278,278,278,0
2022-05-16 15:47:00,278,278,278,278,0
2022-05-16 15:48:00,278,278,278,278,0
2022-05-16 15:49:00,278,278,278,278,0
2022-05-16 15:50:00,278,278,278,278,0
2022-05-16 15:51:00,278,278,278,278,0
2022-05-16 15:52:00,278,278,278,278,0
2022-05-16 15:53:00,278,278,278,278,0
2022-05-16 15:54:00,278,278,278,278,0
2022-05-16 15:55:00,278,278,278,278,0
2022-05-16 15:56:00,278,278,278,278,0
2022-05-16 15:57:00,278,278,278,278,0
2022-05-16 15:58:00,278,278,278,278,0
2022-05-16 15:59:00,278,278,278,278,0
2022-05-17 09:00:00,278,270,278,278,0
2022-05-17 09:01:00,278,276,278,276,1967300
2022-05-17 09:02:00,276,274,276,276,358400
2022-05-17 09:03:00,276,276,278,276,226900
2022-05-17 09:04:00,276,276,278,278,111900
2022-05-17 09:05:00,276,276,278,276,360900
2022-05-17 09:06:00,276,276,278,276,314900
2022-05-17 09:07:00,276,276,278,276,22800
2022-05-17 09:08:00,276,276,278,276,1201800
2022-05-17 09:09:00,278,276,278,276,338000
2022-05-17 09:10:00,276,276,280,278,1303400
2022-05-17 09:11:00,276,276,280,280,369900
2022-05-17 09:12:00,280,280,282,280,319300
2022-05-17 09:13:00,282,280,286,284,3634800
2022-05-17 09:14:00,284,280,286,284,2343100
2022-05-17 09:15:00,284,278,284,280,1975800
2022-05-17 09:16:00,280,280,282,282,484000
2022-05-17 09:17:00,284,280,284,280,1194600
2022-05-17 09:18:00,280,278,282,278,757000
2022-05-17 09:19:00,280,278,280,280,122200
2022-05-17 09:20:00,280,278,280,278,290900
2022-05-17 09:21:00,278,276,278,276,1174900
2022-05-17 09:22:00,276,274,276,276,548000
2022-05-17 09:23:00,274,272,274,274,1326300
2022-05-17 09:24:00,274,272,276,276,512600
2022-05-17 09:25:00,274,274,276,276,14100
2022-05-17 09:26:00,274,274,276,276,371000
2022-05-17 09:27:00,274,274,276,274,244800
2022-05-17 09:28:00,272,272,274,274,249600
2022-05-17 09:29:00,274,274,276,276,192100
2022-05-17 09:30:00,276,274,276,274,459600
2022-05-17 09:31:00,274,274,276,276,55500
2022-05-17 09:32:00,274,274,276,276,52000
2022-05-17 09:33:00,276,274,276,274,1457700
2022-05-17 09:34:00,274,272,274,274,393100
2022-05-17 09:35:00,272,270,272,270,3207600
2022-05-17 09:36:00,272,272,274,272,1006100
2022-05-17 09:37:00,272,270,272,272,78700
2022-05-17 09:38:00,270,270,272,272,234100
2022-05-17 09:39:00,272,272,274,274,66100
2022-05-17 09:40:00,274,272,276,276,713600
2022-05-17 09:41:00,274,272,274,274,456900
2022-05-17 09:42:00,274,272,274,272,746200
2022-05-17 09:43:00,272,270,274,272,620300
2022-05-17 09:44:00,270,270,272,272,88300
2022-05-17 09:45:00,272,270,274,274,724900
2022-05-17 09:46:00,272,272,272,272,1007000
2022-05-17 09:47:00,272,272,272,272,86300
2022-05-17 09:48:00,272,272,272,272,9200
2022-05-17 09:49:00,272,272,274,274,171300
2022-05-17 09:50:00,272,272,274,274,0
2022-05-17 09:51:00,274,274,274,274,5900
2022-05-17 09:52:00,274,272,274,272,13800
2022-05-17 09:53:00,272,272,274,274,32400
2022-05-17 09:54:00,274,270,274,270,484000
2022-05-17 09:55:00,270,270,272,272,1607600
2022-05-17 09:56:00,270,270,272,272,26000
2022-05-17 09:57:00,270,270,272,272,78500
2022-05-17 09:58:00,272,272,272,272,11000
2022-05-17 09:59:00,272,272,272,272,34400
2022-05-17 10:00:00,272,270,272,272,161400
2022-05-17 10:01:00,272,270,272,272,234200
2022-05-17 10:02:00,272,272,272,272,77200
2022-05-17 10:03:00,270,270,272,272,10800
2022-05-17 10:04:00,272,272,272,272,3500
2022-05-17 10:05:00,270,270,272,270,785200
2022-05-17 10:06:00,270,270,270,270,31000
2022-05-17 10:07:00,270,266,270,266,4424000
2022-05-17 10:08:00,266,264,268,268,1636500
2022-05-17 10:09:00,268,266,268,268,582100
2022-05-17 10:10:00,268,266,268,266,106600
2022-05-17 10:11:00,266,264,268,266,445700
2022-05-17 10:12:00,266,264,266,266,209800
2022-05-17 10:13:00,266,264,266,266,222100
2022-05-17 10:14:00,266,264,266,266,1208400
2022-05-17 10:15:00,266,262,266,264,3106200
2022-05-17 10:16:00,264,260,264,260,3379100
2022-05-17 10:17:00,260,260,264,262,2687200
2022-05-17 10:18:00,262,262,266,266,829100
2022-05-17 10:19:00,264,264,266,266,574400
2022-05-17 10:20:00,264,264,266,264,1251700
2022-05-17 10:21:00,264,262,264,264,309600
2022-05-17 10:22:00,266,264,266,266,1003900
2022-05-17 10:23:00,266,264,266,264,365200
2022-05-17 10:24:00,264,262,264,264,1684000
2022-05-17 10:25:00,262,262,264,264,128900
2022-05-17 10:26:00,262,262,264,264,115400
2022-05-17 10:27:00,262,262,262,262,3377300
2022-05-17 10:28:00,262,260,262,260,5801900
2022-05-17 10:29:00,260,260,260,260,3210500
2022-05-17 10:30:00,260,260,260,260,647300
2022-05-17 10:31:00,260,260,264,264,3707000
2022-05-17 10:32:00,262,260,262,260,4568700
2022-05-17 10:33:00,260,260,264,262,7570700
2022-05-17 10:34:00,262,262,262,262,742400
2022-05-17 10:35:00,262,262,262,262,227900
2022-05-17 10:36:00,262,260,262,260,4527800
2022-05-17 10:37:00,260,260,260,260,106700
2022-05-17 10:38:00,260,260,260,260,39400
2022-05-17 10:39:00,260,260,260,260,46800
2022-05-17 10:40:00,260,260,260,260,80000
2022-05-17 10:41:00,260,260,260,260,225000
2022-05-17 10:42:00,260,260,260,260,316500
2022-05-17 10:43:00,260,260,260,260,157700
2022-05-17 10:44:00,260,260,260,260,0
2022-05-17 10:45:00,260,260,260,260,603000
2022-05-17 10:46:00,260,260,260,260,17600
2022-05-17 10:47:00,260,260,260,260,18800
2022-05-17 10:48:00,260,260,260,260,90900
2022-05-17 10:49:00,260,260,260,260,103400
2022-05-17 10:50:00,260,260,260,260,9000
2022-05-17 10:51:00,260,260,260,260,0
2022-05-17 10:52:00,260,260,260,260,123500
2022-05-17 10:53:00,260,260,260,260,47000
2022-05-17 10:54:00,260,260,260,260,51000
2022-05-17 10:55:00,260,260,260,260,39800
2022-05-17 10:56:00,260,260,260,260,9900
2022-05-17 10:57:00,260,260,260,260,10000
2022-05-17 10:58:00,260,260,260,260,22500
2022-05-17 10:59:00,260,260,260,260,2000
2022-05-17 11:00:00,260,260,260,260,1200
2022-05-17 11:01:00,260,260,260,260,7500
2022-05-17 11:02:00,260,260,260,260,17900
2022-05-17 11:03:00,260,260,260,260,67000
2022-05-17 11:04:00,260,260,260,260,5100
2022-05-17 11:05:00,260,260,260,260,10700
2022-05-17 11:06:00,260,260,260,260,5500
2022-05-17 11:07:00,260,260,260,260,0
2022-05-17 11:08:00,260,260,260,260,0
2022-05-17 11:09:00,260,260,260,260,500
2022-05-17 11:10:00,260,260,260,260,500100
2022-05-17 11:11:00,260,260,260,260,0
2022-05-17 11:12:00,260,260,260,260,0
2022-05-17 11:13:00,260,260,260,260,1400
2022-05-17 11:14:00,260,260,260,260,2000
2022-05-17 11:15:00,260,260,260,260,0
2022-05-17 11:16:00,260,260,260,260,47300
2022-05-17 11:17:00,260,260,260,260,1500
2022-05-17 11:18:00,260,260,260,260,2500
2022-05-17 11:19:00,260,260,260,260,1000
2022-05-17 11:20:00,260,260,260,260,23800
2022-05-17 11:21:00,260,260,260,260,400
2022-05-17 11:22:00,260,260,260,260,23600
2022-05-17 11:23:00,260,260,260,260,100
2022-05-17 11:24:00,260,260,260,260,0
2022-05-17 11:25:00,260,260,260,260,1500
2022-05-17 11:26:00,260,260,260,260,0
2022-05-17 11:27:00,260,260,260,260,0
2022-05-17 11:28:00,260,260,260,260,49800
2022-05-17 11:29:00,260,260,260,260,25100
2022-05-17 11:30:00,260,260,260,260,0
2022-05-17 11:31:00,260,260,260,260,0
2022-05-17 11:32:00,260,260,260,260,0
2022-05-17 11:33:00,260,260,260,260,0
2022-05-17 11:34:00,260,260,260,260,0
2022-05-17 11:35:00,260,260,260,260,0
2022-05-17 11:36:00,260,260,260,260,0
2022-05-17 11:37:00,260,260,260,260,0
2022-05-17 11:38:00,260,260,260,260,0
2022-05-17 11:39:00,260,260,260,260,0
2022-05-17 11:40:00,260,260,260,260,0
2022-05-17 11:41:00,260,260,260,260,0
2022-05-17 11:42:00,260,260,260,260,0
2022-05-17 11:43:00,260,260,260,260,0
2022-05-17 11:44:00,260,260,260,260,0
2022-05-17 11:45:00,260,260,260,260,0
2022-05-17 11:46:00,260,260,260,260,0
2022-05-17 11:47:00,260,260,260,260,0
2022-05-17 11:48:00,260,260,260,260,0
2022-05-17 11:49:00,260,260,260,260,0
2022-05-17 11:50:00,260,260,260,260,0
2022-05-17 11:51:00,260,260,260,260,0
2022-05-17 11:52:00,260,260,260,260,0
2022-05-17 11:53:00,260,260,260,260,0
2022-05-17 11:54:00,260,260,260,260,0
2022-05-17 11:55:00,260,260,260,260,0
2022-05-17 11:56:00,260,260,260,260,0
2022-05-17 11:57:00,260,260,260,260,0
2022-05-17 11:58:00,260,260,260,260,0
2022-05-17 11:59:00,260,260,260,260,0
2022-05-17 12:00:00,260,260,260,260,0
2022-05-17 12:01:00,260,260,260,260,0
2022-05-17 12:02:00,260,260,260,260,0
2022-05-17 12:03:00,260,260,260,260,0
2022-05-17 12:04:00,260,260,260,260,0
2022-05-17 12:05:00,260,260,260,260,0
2022-05-17 12:06:00,260,260,260,260,0
2022-05-17 12:07:00,260,260,260,260,0
2022-05-17 12:08:00,260,260,260,260,0
2022-05-17 12:09:00,260,260,260,260,0
2022-05-17 12:10:00,260,260,260,260,0
2022-05-17 12:11:00,260,260,260,260,0
2022-05-17 12:12:00,260,260,260,260,0
2022-05-17 12:13:00,260,260,260,260,0
2022-05-17 12:14:00,260,260,260,260,0
2022-05-17 12:15:00,260,260,260,260,0
2022-05-17 12:16:00,260,260,260,260,0
2022-05-17 12:17:00,260,260,260,260,0
2022-05-17 12:18:00,260,260,260,260,0
2022-05-17 12:19:00,260,260,260,260,0
2022-05-17 12:20:00,260,260,260,260,0
2022-05-17 12:21:00,260,260,260,260,0
2022-05-17 12:22:00,260,260,260,260,0
2022-05-17 12:23:00,260,260,260,260,0
2022-05-17 12:24:00,260,260,260,260,0
2022-05-17 12:25:00,260,260,260,260,0
2022-05-17 12:26:00,260,260,260,260,0
2022-05-17 12:27:00,260,260,260,260,0
2022-05-17 12:28:00,260,260,260,260,0
2022-05-17 12:29:00,260,260,260,260,0
2022-05-17 12:30:00,260,260,260,260,0
2022-05-17 12:31:00,260,260,260,260,0
2022-05-17 12:32:00,260,260,260,260,0
2022-05-17 12:33:00,260,260,260,260,0
2022-05-17 12:34:00,260,260,260,260,0
2022-05-17 12:35:00,260,260,260,260,0
2022-05-17 12:36:00,260,260,260,260,0
2022-05-17 12:37:00,260,260,260,260,0
2022-05-17 12:38:00,260,260,260,260,0
2022-05-17 12:39:00,260,260,260,260,0
2022-05-17 12:40:00,260,260,260,260,0
2022-05-17 12:41:00,260,260,260,260,0
2022-05-17 12:42:00,260,260,260,260,0
2022-05-17 12:43:00,260,260,260,260,0
2022-05-17 12:44:00,260,260,260,260,0
2022-05-17 12:45:00,260,260,260,260,0
2022-05-17 12:46:00,260,260,260,260,0
2022-05-17 12:47:00,260,260,260,260,0
2022-05-17 12:48:00,260,260,260,260,0
2022-05-17 12:49:00,260,260,260,260,0
2022-05-17 12:50:00,260,260,260,260,0
2022-05-17 12:51:00,260,260,260,260,0
2022-05-17 12:52:00,260,260,260,260,0
2022-05-17 12:53:00,260,260,260,260,0
2022-05-17 12:54:00,260,260,260,260,0
2022-05-17 12:55:00,260,260,260,260,0
2022-05-17 12:56:00,260,260,260,260,0
2022-05-17 12:57:00,260,260,260,260,0
2022-05-17 12:58:00,260,260,260,260,0
2022-05-17 12:59:00,260,260,260,260,0
2022-05-17 13:00:00,260,260,260,260,0
2022-05-17 13:01:00,260,260,260,260,0
2022-05-17 13:02:00,260,260,260,260,0
2022-05-17 13:03:00,260,260,260,260,0
2022-05-17 13:04:00,260,260,260,260,0
2022-05-17 13:05:00,260,260,260,260,0
2022-05-17 13:06:00,260,260,260,260,0
2022-05-17 13:07:00,260,260,260,260,0
2022-05-17 13:08:00,260,260,260,260,0
2022-05-17 13:09:00,260,260,260,260,0
2022-05-17 13:10:00,260,260,260,260,0
2022-05-17 13:11:00,260,260,260,260,0
2022-05-17 13:12:00,260,260,260,260,0
2022-05-17 13:13:00,260,260,260,260,0
2022-05-17 13:14:00,260,260,260,260,0
2022-05-17 13:15:00,260,260,260,260,0
2022-05-17 13:16:00,260,260,260,260,0
2022-05-17 13:17:00,260,260,260,260,0
2022-05-17 13:18:00,260,260,260,260,0
2022-05-17 13:19:00,260,260,260,260,0
2022-05-17 13:20:00,260,260,260,260,0
2022-05-17 13:21:00,260,260,260,260,0
2022-05-17 13:22:00,260,260,260,260,0
2022-05-17 13:23:00,260,260,260,260,0
2022-05-17 13:24:00,260,260,260,260,0
2022-05-17 13:25:00,260,260,260,260,0
2022-05-17 13:26:00,260,260,260,260,0
2022-05-17 13:27:00,260,260,260,260,0
2022-05-17 13:28:00,260,260,260,260,0
2022-05-17 13:29:00,260,260,260,260,0
2022-05-17 13:30:00,260,260,260,260,154400
2022-05-17 13:31:00,260,260,260,260,100000
2022-05-17 13:32:00,260,260,260,260,30200
2022-05-17 13:33:00,260,260,260,260,1400
2022-05-17 13:34:00,260,260,260,260,800
2022-05-17 13:35:00,260,260,260,260,0
2022-05-17 13:36:00,260,260,260,260,0
2022-05-17 13:37:00,260,260,260,260,400000
2022-05-17 13:38:00,260,260,260,260,6100
2022-05-17 13:39:00,260,260,260,260,7000
2022-05-17 13:40:00,260,260,260,260,581900
2022-05-17 13:41:00,260,260,260,260,0
2022-05-17 13:42:00,260,260,260,260,0
2022-05-17 13:43:00,260,260,260,260,25000
2022-05-17 13:44:00,260,260,260,260,9600
2022-05-17 13:45:00,260,260,260,260,0
2022-05-17 13:46:00,260,260,260,260,200
2022-05-17 13:47:00,260,260,260,260,0
2022-05-17 13:48:00,260,260,260,260,0
2022-05-17 13:49:00,260,260,260,260,600
2022-05-17 13:50:00,260,260,260,260,0
2022-05-17 13:51:00,260,260,260,260,0
2022-05-17 13:52:00,260,260,260,260,1155200
2022-05-17 13:53:00,260,260,260,260,22500
2022-05-17 13:54:00,260,260,260,260,40400
2022-05-17 13:55:00,260,260,260,260,5000
2022-05-17 13:56:00,260,260,260,260,100
2022-05-17 13:57:00,260,260,260,260,0
2022-05-17 13:58:00,260,260,260,260,10000
2022-05-17 13:59:00,260,260,260,260,0
2022-05-17 14:00:00,260,260,260,260,10000
2022-05-17 14:01:00,260,260,260,260,300
2022-05-17 14:02:00,260,260,260,260,0
2022-05-17 14:03:00,260,260,260,260,1300
2022-05-17 14:04:00,260,260,260,260,2500
2022-05-17 14:05:00,260,260,260,260,0
2022-05-17 14:06:00,260,260,260,260,100
2022-05-17 14:07:00,260,260,260,260,0
2022-05-17 14:08:00,260,260,260,260,0
2022-05-17 14:09:00,260,260,260,260,10000
2022-05-17 14:10:00,260,260,260,260,0
2022-05-17 14:11:00,260,260,260,260,2300
2022-05-17 14:12:00,260,260,260,260,36800
2022-05-17 14:13:00,260,260,260,260,100
2022-05-17 14:14:00,260,260,260,260,1000
2022-05-17 14:15:00,260,260,260,260,11200
2022-05-17 14:16:00,260,260,260,260,0
2022-05-17 14:17:00,260,260,260,260,6400
2022-05-17 14:18:00,260,260,260,260,30000
2022-05-17 14:19:00,260,260,260,260,0
2022-05-17 14:20:00,260,260,260,260,1000
2022-05-17 14:21:00,260,260,260,260,1100
2022-05-17 14:22:00,260,260,260,260,100
2022-05-17 14:23:00,260,260,260,260,0
2022-05-17 14:24:00,260,260,260,260,4000
2022-05-17 14:25:00,260,260,260,260,1000
2022-05-17 14:26:00,260,260,260,260,0
2022-05-17 14:27:00,260,260,260,260,100000
2022-05-17 14:28:00,260,260,260,260,0
2022-05-17 14:29:00,260,260,260,260,0
2022-05-17 14:30:00,260,260,260,260,1000
2022-05-17 14:31:00,260,260,260,260,0
2022-05-17 14:32:00,260,260,260,260,4100
2022-05-17 14:33:00,260,260,260,260,2000
2022-05-17 14:34:00,260,260,260,260,1500
2022-05-17 14:35:00,260,260,260,260,0
2022-05-17 14:36:00,260,260,260,260,400
2022-05-17 14:37:00,260,260,260,260,500
2022-05-17 14:38:00,260,260,260,260,0
2022-05-17 14:39:00,260,260,260,260,300
2022-05-17 14:40:00,260,260,260,260,0
2022-05-17 14:41:00,260,260,260,260,1000
2022-05-17 14:42:00,260,260,260,260,0
2022-05-17 14:43:00,260,260,260,260,5000
2022-05-17 14:44:00,260,260,260,260,1000
2022-05-17 14:45:00,260,260,260,260,13800
2022-05-17 14:46:00,260,260,260,260,1500
2022-05-17 14:47:00,260,260,260,260,0
2022-05-17 14:48:00,260,260,260,260,500
2022-05-17 14:49:00,260,260,260,260,3100
2022-05-17 14:50:00,260,260,260,260,0
2022-05-17 14:51:00,260,260,260,260,0
2022-05-17 14:52:00,260,260,260,260,0
2022-05-17 14:53:00,260,260,260,260,0
2022-05-17 14:54:00,260,260,260,260,0
2022-05-17 14:55:00,260,260,260,260,0
2022-05-17 14:56:00,260,260,260,260,0
2022-05-17 14:57:00,260,260,260,260,0
2022-05-17 14:58:00,260,260,260,260,0
2022-05-17 14:59:00,260,260,260,260,0
2022-05-17 15:00:00,260,260,260,260,40800
2022-05-17 15:01:00,260,260,260,260,1400
2022-05-17 15:02:00,260,260,260,260,1100
2022-05-17 15:03:00,260,260,260,260,2000
2022-05-17 15:04:00,260,260,260,260,0
2022-05-17 15:05:00,260,260,260,260,3500
2022-05-17 15:06:00,260,260,260,260,0
2022-05-17 15:07:00,260,260,260,260,200000
2022-05-17 15:08:00,260,260,260,260,0
2022-05-17 15:09:00,260,260,260,260,3000
2022-05-17 15:10:00,260,260,260,260,0
2022-05-17 15:11:00,260,260,260,260,0
2022-05-17 15:12:00,260,260,260,260,0
2022-05-17 15:13:00,260,260,260,260,0
2022-05-17 15:14:00,260,260,260,260,20000
2022-05-17 15:15:00,260,260,260,260,0
2022-05-17 15:16:00,260,260,260,260,0
2022-05-17 15:17:00,260,260,260,260,0
2022-05-17 15:18:00,260,260,260,260,0
2022-05-17 15:19:00,260,260,260,260,0
2022-05-17 15:20:00,260,260,260,260,0
2022-05-17 15:21:00,260,260,260,260,0
2022-05-17 15:22:00,260,260,260,260,0
2022-05-17 15:23:00,260,260,260,260,0
2022-05-17 15:24:00,260,260,260,260,0
2022-05-17 15:25:00,260,260,260,260,0
2022-05-17 15:26:00,260,260,260,260,0
2022-05-17 15:27:00,260,260,260,260,0
2022-05-17 15:28:00,260,260,260,260,0
2022-05-17 15:29:00,260,260,260,260,0
2022-05-17 15:30:00,260,260,260,260,0
2022-05-17 15:31:00,260,260,260,260,0
2022-05-17 15:32:00,260,260,260,260,0
2022-05-17 15:33:00,260,260,260,260,0
2022-05-17 15:34:00,260,260,260,260,0
2022-05-17 15:35:00,260,260,260,260,0
2022-05-17 15:36:00,260,260,260,260,0
2022-05-17 15:37:00,260,260,260,260,0
2022-05-17 15:38:00,260,260,260,260,0
2022-05-17 15:39:00,260,260,260,260,0
2022-05-17 15:40:00,260,260,260,260,0
2022-05-17 15:41:00,260,260,260,260,0
2022-05-17 15:42:00,260,260,260,260,0
2022-05-17 15:43:00,260,260,260,260,0
2022-05-17 15:44:00,260,260,260,260,0
2022-05-17 15:45:00,260,260,260,260,0
2022-05-17 15:46:00,260,260,260,260,0
2022-05-17 15:47:00,260,260,260,260,0
2022-05-17 15:48:00,260,260,260,260,0
2022-05-17 15:49:00,260,260,260,260,0
2022-05-17 15:50:00,260,260,260,260,0
2022-05-17 15:51:00,260,260,260,260,0
2022-05-17 15:52:00,260,260,260,260,0
2022-05-17 15:53:00,260,260,260,260,0
2022-05-17 15:54:00,260,260,260,260,0
2022-05-17 15:55:00,260,260,260,260,0
2022-05-17 15:56:00,260,260,260,260,0
2022-05-17 15:57:00,260,260,260,260,0
2022-05-17 15:58:00,260,260,260,260,0
2022-05-17 15:59:00,260,260,260,260,0
2022-05-18 09:00:00,242,242,242,242,0
2022-05-18 09:01:00,242,242,242,242,306500
2022-05-18 09:02:00,242,242,242,242,199400
2022-05-18 09:03:00,242,242,242,242,48900
2022-05-18 09:04:00,242,242,242,242,856000
2022-05-18 09:05:00,242,242,242,242,401300
2022-05-18 09:06:00,242,242,242,242,36200
2022-05-18 09:07:00,242,242,242,242,105100
2022-05-18 09:08:00,242,242,242,242,31500
2022-05-18 09:09:00,242,242,242,242,23000
2022-05-18 09:10:00,242,242,242,242,333700
2022-05-18 09:11:00,242,242,242,242,564900
2022-05-18 09:12:00,242,242,242,242,11100
2022-05-18 09:13:00,242,242,242,242,89300
2022-05-18 09:14:00,242,242,242,242,108400
2022-05-18 09:15:00,242,242,242,242,101000
2022-05-18 09:16:00,242,242,242,242,1043600
2022-05-18 09:17:00,242,242,242,242,16800
2022-05-18 09:18:00,242,242,242,242,23200
2022-05-18 09:19:00,242,242,242,242,6000
2022-05-18 09:20:00,242,242,242,242,9500
2022-05-18 09:21:00,242,242,242,242,7000
2022-05-18 09:22:00,242,242,242,242,55600
2022-05-18 09:23:00,242,242,242,242,1100
2022-05-18 09:24:00,242,242,242,242,2900
2022-05-18 09:25:00,242,242,242,242,155500
2022-05-18 09:26:00,242,242,242,242,7500
2022-05-18 09:27:00,242,242,242,242,20800
2022-05-18 09:28:00,242,242,242,242,2500
2022-05-18 09:29:00,242,242,242,242,16000
2022-05-18 09:30:00,242,242,242,242,53000
2022-05-18 09:31:00,242,242,242,242,1800
2022-05-18 09:32:00,242,242,242,242,60000
2022-05-18 09:33:00,242,242,242,242,100
2022-05-18 09:34:00,242,242,242,242,622700
2022-05-18 09:35:00,242,242,242,242,2700
2022-05-18 09:36:00,242,242,242,242,6900
2022-05-18 09:37:00,242,242,242,242,500
2022-05-18 09:38:00,242,242,242,242,0
2022-05-18 09:39:00,242,242,242,242,44300
2022-05-18 09:40:00,242,242,242,242,1000
2022-05-18 09:41:00,242,242,242,242,27500
2022-05-18 09:42:00,242,242,242,242,1300
2022-05-18 09:43:00,242,242,242,242,279900
2022-05-18 09:44:00,242,242,242,242,68800
2022-05-18 09:45:00,242,242,242,242,171900
2022-05-18 09:46:00,242,242,242,242,12700
2022-05-18 09:47:00,242,242,242,242,25300
2022-05-18 09:48:00,242,242,242,242,6300
2022-05-18 09:49:00,242,242,242,242,104200
2022-05-18 09:50:00,242,242,242,242,1000
2022-05-18 09:51:00,242,242,242,242,1300
2022-05-18 09:52:00,242,242,242,242,2700
2022-05-18 09:53:00,242,242,242,242,25000
2022-05-18 09:54:00,242,242,242,242,1000
2022-05-18 09:55:00,242,242,242,242,21000
2022-05-18 09:56:00,242,242,242,242,10000
2022-05-18 09:57:00,242,242,242,242,500
2022-05-18 09:58:00,242,242,242,242,100
2022-05-18 09:59:00,242,242,242,242,0
2022-05-18 10:00:00,242,242,242,242,10000
2022-05-18 10:01:00,242,242,242,242,100
2022-05-18 10:02:00,242,242,242,242,10400
2022-05-18 10:03:00,242,242,242,242,1000
2022-05-18 10:04:00,242,242,242,242,25000
2022-05-18 10:05:00,242,242,242,242,1309700
2022-05-18 10:06:00,242,242,242,242,507100
2022-05-18 10:07:00,242,242,242,242,130200
2022-05-18 10:08:00,242,242,242,242,61300
2022-05-18 10:09:00,242,242,242,242,200
2022-05-18 10:10:00,242,242,242,242,11100
2022-05-18 10:11:00,242,242,242,242,66100
2022-05-18 10:12:00,242,242,242,242,2800
2022-05-18 10:13:00,242,242,242,242,165200
2022-05-18 10:14:00,242,242,242,242,8000
2022-05-18 10:15:00,242,242,242,242,500
2022-05-18 10:16:00,242,242,242,242,0
2022-05-18 10:17:00,242,242,242,242,300
2022-05-18 10:18:00,242,242,242,242,3000
2022-05-18 10:19:00,242,242,242,242,9100
2022-05-18 10:20:00,242,242,242,242,2100
2022-05-18 10:21:00,242,242,242,242,7500
2022-05-18 10:22:00,242,242,242,242,16000
2022-05-18 10:23:00,242,242,242,242,9000
2022-05-18 10:24:00,242,242,242,242,200100
2022-05-18 10:25:00,242,242,242,242,1300
2022-05-18 10:26:00,242,242,242,242,400
2022-05-18 10:27:00,242,242,242,242,0
2022-05-18 10:28:00,242,242,242,242,0
2022-05-18 10:29:00,242,242,242,242,1900
2022-05-18 10:30:00,242,242,242,242,0
2022-05-18 10:31:00,242,242,242,242,100
2022-05-18 10:32:00,242,242,242,242,0
2022-05-18 10:33:00,242,242,242,242,200
2022-05-18 10:34:00,242,242,242,242,85100
2022-05-18 10:35:00,242,242,242,242,6800
2022-05-18 10:36:00,242,242,242,242,0
2022-05-18 10:37:00,242,242,242,242,1300
2022-05-18 10:38:00,242,242,242,242,100
2022-05-18 10:39:00,242,242,242,242,0
2022-05-18 10:40:00,242,242,242,242,0
2022-05-18 10:41:00,242,242,242,242,0
2022-05-18 10:42:00,242,242,242,242,0
2022-05-18 10:43:00,242,242,242,242,15100
2022-05-18 10:44:00,242,242,242,242,0
2022-05-18 10:45:00,242,242,242,242,600
2022-05-18 10:46:00,242,242,242,242,400
2022-05-18 10:47:00,242,242,242,242,0
2022-05-18 10:48:00,242,242,242,242,1000
2022-05-18 10:49:00,242,242,242,242,0
2022-05-18 10:50:00,242,242,242,242,0
2022-05-18 10:51:00,242,242,242,242,0
2022-05-18 10:52:00,242,242,242,242,3700
2022-05-18 10:53:00,242,242,242,242,0
2022-05-18 10:54:00,242,242,242,242,500
2022-05-18 10:55:00,242,242,242,242,0
2022-05-18 10:56:00,242,242,242,242,0
2022-05-18 10:57:00,242,242,242,242,0
2022-05-18 10:58:00,242,242,242,242,0
2022-05-18 10:59:00,242,242,242,242,0
2022-05-18 11:00:00,242,242,242,242,0
2022-05-18 11:01:00,242,242,242,242,17800
2022-05-18 11:02:00,242,242,242,242,0
2022-05-18 11:03:00,242,242,242,242,0
2022-05-18 11:04:00,242,242,242,242,0
2022-05-18 11:05:00,242,242,242,242,0
2022-05-18 11:06:00,242,242,242,242,0
2022-05-18 11:07:00,242,242,242,242,0
2022-05-18 11:08:00,242,242,242,242,1500
2022-05-18 11:09:00,242,242,242,242,0
2022-05-18 11:10:00,242,242,242,242,0
2022-05-18 11:11:00,242,242,242,242,29100
2022-05-18 11:12:00,242,242,242,242,100
2022-05-18 11:13:00,242,242,242,242,200
2022-05-18 11:14:00,242,242,242,242,100
2022-05-18 11:15:00,242,242,242,242,0
2022-05-18 11:16:00,242,242,242,242,0
2022-05-18 11:17:00,242,242,242,242,0
2022-05-18 11:18:00,242,242,242,242,7700
2022-05-18 11:19:00,242,242,242,242,100
2022-05-18 11:20:00,242,242,242,242,2100
2022-05-18 11:21:00,242,242,242,242,50000
2022-05-18 11:22:00,242,242,242,242,0
2022-05-18 11:23:00,242,242,242,242,100
2022-05-18 11:24:00,242,242,242,242,0
2022-05-18 11:25:00,242,242,242,242,1200
2022-05-18 11:26:00,242,242,242,242,2900
2022-05-18 11:27:00,242,242,242,242,1024800
2022-05-18 11:28:00,242,242,242,242,0
2022-05-18 11:29:00,242,242,242,242,1000
2022-05-18 11:30:00,242,242,242,242,0
2022-05-18 11:31:00,242,242,242,242,0
2022-05-18 11:32:00,242,242,242,242,0
2022-05-18 11:33:00,242,242,242,242,0
2022-05-18 11:34:00,242,242,242,242,0
2022-05-18 11:35:00,242,242,242,242,0
2022-05-18 11:36:00,242,242,242,242,0
2022-05-18 11:37:00,242,242,242,242,0
2022-05-18 11:38:00,242,242,242,242,0
2022-05-18 11:39:00,242,242,242,242,0
2022-05-18 11:40:00,242,242,242,242,0
2022-05-18 11:41:00,242,242,242,242,0
2022-05-18 11:42:00,242,242,242,242,0
2022-05-18 11:43:00,242,242,242,242,0
2022-05-18 11:44:00,242,242,242,242,0
2022-05-18 11:45:00,242,242,242,242,0
2022-05-18 11:46:00,242,242,242,242,0
2022-05-18 11:47:00,242,242,242,242,0
2022-05-18 11:48:00,242,242,242,242,0
2022-05-18 11:49:00,242,242,242,242,0
2022-05-18 11:50:00,242,242,242,242,0
2022-05-18 11:51:00,242,242,242,242,0
2022-05-18 11:52:00,242,242,242,242,0
2022-05-18 11:53:00,242,242,242,242,0
2022-05-18 11:54:00,242,242,242,242,0
2022-05-18 11:55:00,242,242,242,242,0
2022-05-18 11:56:00,242,242,242,242,0
2022-05-18 11:57:00,242,242,242,242,0
2022-05-18 11:58:00,242,242,242,242,0
2022-05-18 11:59:00,242,242,242,242,0
2022-05-18 12:00:00,242,242,242,242,0
2022-05-18 12:01:00,242,242,242,242,0
2022-05-18 12:02:00,242,242,242,242,0
2022-05-18 12:03:00,242,242,242,242,0
2022-05-18 12:04:00,242,242,242,242,0
2022-05-18 12:05:00,242,242,242,242,0
2022-05-18 12:06:00,242,242,242,242,0
2022-05-18 12:07:00,242,242,242,242,0
2022-05-18 12:08:00,242,242,242,242,0
2022-05-18 12:09:00,242,242,242,242,0
2022-05-18 12:10:00,242,242,242,242,0
2022-05-18 12:11:00,242,242,242,242,0
2022-05-18 12:12:00,242,242,242,242,0
2022-05-18 12:13:00,242,242,242,242,0
2022-05-18 12:14:00,242,242,242,242,0
2022-05-18 12:15:00,242,242,242,242,0
2022-05-18 12:16:00,242,242,242,242,0
2022-05-18 12:17:00,242,242,242,242,0
2022-05-18 12:18:00,242,242,242,242,0
2022-05-18 12:19:00,242,242,242,242,0
2022-05-18 12:20:00,242,242,242,242,0
2022-05-18 12:21:00,242,242,242,242,0
2022-05-18 12:22:00,242,242,242,242,0
2022-05-18 12:23:00,242,242,242,242,0
2022-05-18 12:24:00,242,242,242,242,0
2022-05-18 12:25:00,242,242,242,242,0
2022-05-18 12:26:00,242,242,242,242,0
2022-05-18 12:27:00,242,242,242,242,0
2022-05-18 12:28:00,242,242,242,242,0
2022-05-18 12:29:00,242,242,242,242,0
2022-05-18 12:30:00,242,242,242,242,0
2022-05-18 12:31:00,242,242,242,242,0
2022-05-18 12:32:00,242,242,242,242,0
2022-05-18 12:33:00,242,242,242,242,0
2022-05-18 12:34:00,242,242,242,242,0
2022-05-18 12:35:00,242,242,242,242,0
2022-05-18 12:36:00,242,242,242,242,0
2022-05-18 12:37:00,242,242,242,242,0
2022-05-18 12:38:00,242,242,242,242,0
2022-05-18 12:39:00,242,242,242,242,0
2022-05-18 12:40:00,242,242,242,242,0
2022-05-18 12:41:00,242,242,242,242,0
2022-05-18 12:42:00,242,242,242,242,0
2022-05-18 12:43:00,242,242,242,242,0
2022-05-18 12:44:00,242,242,242,242,0
2022-05-18 12:45:00,242,242,242,242,0
2022-05-18 12:46:00,242,242,242,242,0
2022-05-18 12:47:00,242,242,242,242,0
2022-05-18 12:48:00,242,242,242,242,0
2022-05-18 12:49:00,242,242,242,242,0
2022-05-18 12:50:00,242,242,242,242,0
2022-05-18 12:51:00,242,242,242,242,0
2022-05-18 12:52:00,242,242,242,242,0
2022-05-18 12:53:00,242,242,242,242,0
2022-05-18 12:54:00,242,242,242,242,0
2022-05-18 12:55:00,242,242,242,242,0
2022-05-18 12:56:00,242,242,242,242,0
2022-05-18 12:57:00,242,242,242,242,0
2022-05-18 12:58:00,242,242,242,242,0
2022-05-18 12:59:00,242,242,242,242,0
2022-05-18 13:00:00,242,242,242,242,0
2022-05-18 13:01:00,242,242,242,242,0
2022-05-18 13:02:00,242,242,242,242,0
2022-05-18 13:03:00,242,242,242,242,0
2022-05-18 13:04:00,242,242,242,242,0
2022-05-18 13:05:00,242,242,242,242,0
2022-05-18 13:06:00,242,242,242,242,0
2022-05-18 13:07:00,242,242,242,242,0
2022-05-18 13:08:00,242,242,242,242,0
2022-05-18 13:09:00,242,242,242,242,0
2022-05-18 13:10:00,242,242,242,242,0
2022-05-18 13:11:00,242,242,242,242,0
2022-05-18 13:12:00,242,242,242,242,0
2022-05-18 13:13:00,242,242,242,242,0
2022-05-18 13:14:00,242,242,242,242,0
2022-05-18 13:15:00,242,242,242,242,0
2022-05-18 13:16:00,242,242,242,242,0
2022-05-18 13:17:00,242,242,242,242,0
2022-05-18 13:18:00,242,242,242,242,0
2022-05-18 13:19:00,242,242,242,242,0
2022-05-18 13:20:00,242,242,242,242,0
2022-05-18 13:21:00,242,242,242,242,0
2022-05-18 13:22:00,242,242,242,242,0
2022-05-18 13:23:00,242,242,242,242,0
2022-05-18 13:24:00,242,242,242,242,0
2022-05-18 13:25:00,242,242,242,242,0
2022-05-18 13:26:00,242,242,242,242,0
2022-05-18 13:27:00,242,242,242,242,0
2022-05-18 13:28:00,242,242,242,242,0
2022-05-18 13:29:00,242,242,242,242,0
2022-05-18 13:30:00,242,242,242,242,135300
2022-05-18 13:31:00,242,242,242,242,50000
2022-05-18 13:32:00,242,242,242,242,0
2022-05-18 13:33:00,242,242,242,242,0
2022-05-18 13:34:00,242,242,242,242,1500
2022-05-18 13:35:00,242,242,242,242,0
2022-05-18 13:36:00,242,242,242,242,0
2022-05-18 13:37:00,242,242,242,242,0
2022-05-18 13:38:00,242,242,242,242,0
2022-05-18 13:39:00,242,242,242,242,9000
2022-05-18 13:40:00,242,242,242,242,100
2022-05-18 13:41:00,242,242,242,242,10000
2022-05-18 13:42:00,242,242,242,242,10500
2022-05-18 13:43:00,242,242,242,242,0
2022-05-18 13:44:00,242,242,242,242,0
2022-05-18 13:45:00,242,242,242,242,0
2022-05-18 13:46:00,242,242,242,242,15000
2022-05-18 13:47:00,242,242,242,242,5000
2022-05-18 13:48:00,242,242,242,242,1400
2022-05-18 13:49:00,242,242,242,242,0
2022-05-18 13:50:00,242,242,242,242,6100
2022-05-18 13:51:00,242,242,242,242,0
2022-05-18 13:52:00,242,242,242,242,0
2022-05-18 13:53:00,242,242,242,242,0
2022-05-18 13:54:00,242,242,242,242,0
2022-05-18 13:55:00,242,242,242,242,0
2022-05-18 13:56:00,242,242,242,242,0
2022-05-18 13:57:00,242,242,242,242,413000
2022-05-18 13:58:00,242,242,242,242,0
2022-05-18 13:59:00,242,242,242,242,0
2022-05-18 14:00:00,242,242,242,242,0
2022-05-18 14:01:00,242,242,242,242,0
2022-05-18 14:02:00,242,242,242,242,100
2022-05-18 14:03:00,242,242,242,242,10000
2022-05-18 14:04:00,242,242,242,242,0
2022-05-18 14:05:00,242,242,242,242,200
2022-05-18 14:06:00,242,242,242,242,0
2022-05-18 14:07:00,242,242,242,242,0
2022-05-18 14:08:00,242,242,242,242,1000000
2022-05-18 14:09:00,242,242,242,242,3000
2022-05-18 14:10:00,242,242,242,242,7100
2022-05-18 14:11:00,242,242,242,242,0
2022-05-18 14:12:00,242,242,242,242,0
2022-05-18 14:13:00,242,242,242,242,18000
2022-05-18 14:14:00,242,242,242,242,0
2022-05-18 14:15:00,242,242,242,242,0
2022-05-18 14:16:00,242,242,242,242,0
2022-05-18 14:17:00,242,242,242,242,0
2022-05-18 14:18:00,242,242,242,242,0
2022-05-18 14:19:00,242,242,242,242,1000
2022-05-18 14:20:00,242,242,242,242,0
2022-05-18 14:21:00,242,242,242,242,0
2022-05-18 14:22:00,242,242,242,242,0
2022-05-18 14:23:00,242,242,242,242,2500
2022-05-18 14:24:00,242,242,242,242,3500
2022-05-18 14:25:00,242,242,242,242,0
2022-05-18 14:26:00,242,242,242,242,1500
2022-05-18 14:27:00,242,242,242,242,100
2022-05-18 14:28:00,242,242,242,242,0
2022-05-18 14:29:00,242,242,242,242,1000
2022-05-18 14:30:00,242,242,242,242,20100
2022-05-18 14:31:00,242,242,242,242,0
2022-05-18 14:32:00,242,242,242,242,0
2022-05-18 14:33:00,242,242,242,242,1200
2022-05-18 14:34:00,242,242,242,242,0
2022-05-18 14:35:00,242,242,242,242,100000
2022-05-18 14:36:00,242,242,242,242,6200
2022-05-18 14:37:00,242,242,242,242,0
2022-05-18 14:38:00,242,242,242,242,1000
2022-05-18 14:39:00,242,242,242,242,10000
2022-05-18 14:40:00,242,242,242,242,0
2022-05-18 14:41:00,242,242,242,242,200
2022-05-18 14:42:00,242,242,242,242,0
2022-05-18 14:43:00,242,242,242,242,0
2022-05-18 14:44:00,242,242,242,242,2500
2022-05-18 14:45:00,242,242,242,242,10000
2022-05-18 14:46:00,242,242,242,242,0
2022-05-18 14:47:00,242,242,242,242,100000
2022-05-18 14:48:00,242,242,242,242,600
2022-05-18 14:49:00,242,242,242,242,900
2022-05-18 14:50:00,242,242,242,242,0
2022-05-18 14:51:00,242,242,242,242,0
2022-05-18 14:52:00,242,242,242,242,0
2022-05-18 14:53:00,242,242,242,242,0
2022-05-18 14:54:00,242,242,242,242,0
2022-05-18 14:55:00,242,242,242,242,0
2022-05-18 14:56:00,242,242,242,242,0
2022-05-18 14:57:00,242,242,242,242,0
2022-05-18 14:58:00,242,242,242,242,0
2022-05-18 14:59:00,242,242,242,242,0
2022-05-18 15:00:00,242,242,242,242,7000
2022-05-18 15:01:00,242,242,242,242,2000
2022-05-18 15:02:00,242,242,242,242,700
2022-05-18 15:03:00,242,242,242,242,5000
2022-05-18 15:04:00,242,242,242,242,100
2022-05-18 15:05:00,242,242,242,242,15400
2022-05-18 15:06:00,242,242,242,242,0
2022-05-18 15:07:00,242,242,242,242,1000
2022-05-18 15:08:00,242,242,242,242,0
2022-05-18 15:09:00,242,242,242,242,0
2022-05-18 15:10:00,242,242,242,242,10900
2022-05-18 15:11:00,242,242,242,242,0
2022-05-18 15:12:00,242,242,242,242,0
2022-05-18 15:13:00,242,242,242,242,0
2022-05-18 15:14:00,242,242,242,242,19900
2022-05-18 15:15:00,242,242,242,242,0
2022-05-18 15:16:00,242,242,242,242,0
2022-05-18 15:17:00,242,242,242,242,0
2022-05-18 15:18:00,242,242,242,242,0
2022-05-18 15:19:00,242,242,242,242,0
2022-05-18 15:20:00,242,242,242,242,0
2022-05-18 15:21:00,242,242,242,242,0
2022-05-18 15:22:00,242,242,242,242,0
2022-05-18 15:23:00,242,242,242,242,0
2022-05-18 15:24:00,242,242,242,242,0
2022-05-18 15:25:00,242,242,242,242,0
2022-05-18 15:26:00,242,242,242,242,0
2022-05-18 15:27:00,242,242,242,242,0
2022-05-18 15:28:00,242,242,242,242,0
2022-05-18 15:29:00,242,242,242,242,0
2022-05-18 15:30:00,242,242,242,242,0
2022-05-18 15:31:00,242,242,242,242,0
2022-05-18 15:32:00,242,242,242,242,0
2022-05-18 15:33:00,242,242,242,242,0
2022-05-18 15:34:00,242,242,242,242,0
2022-05-18 15:35:00,242,242,242,242,0
2022-05-18 15:36:00,242,242,242,242,0
2022-05-18 15:37:00,242,242,242,242,0
2022-05-18 15:38:00,242,242,242,242,0
2022-05-18 15:39:00,242,242,242,242,0
2022-05-18 15:40:00,242,242,242,242,0
2022-05-18 15:41:00,242,242,242,242,0
2022-05-18 15:42:00,242,242,242,242,0
2022-05-18 15:43:00,242,242,242,242,0
2022-05-18 15:44:00,242,242,242,242,0
2022-05-18 15:45:00,242,242,242,242,0
2022-05-18 15:46:00,242,242,242,242,0
2022-05-18 15:47:00,242,242,242,242,0
2022-05-18 15:48:00,242,242,242,242,0
2022-05-18 15:49:00,242,242,242,242,0
2022-05-18 15:50:00,242,242,242,242,0
2022-05-18 15:51:00,242,242,242,242,0
2022-05-18 15:52:00,242,242,242,242,0
2022-05-18 15:53:00,242,242,242,242,0
2022-05-18 15:54:00,242,242,242,242,0
2022-05-18 15:55:00,242,242,242,242,0
2022-05-18 15:56:00,242,242,242,242,0
2022-05-18 15:57:00,242,242,242,242,0
2022-05-18 15:58:00,242,242,242,242,0
2022-05-18 15:59:00,242,242,242,242,0
2022-05-19 09:00:00,230,226,232,228,0
2022-05-19 09:01:00,228,228,238,238,2641600
2022-05-19 09:02:00,238,236,252,250,6735500
2022-05-19 09:03:00,252,244,254,250,5628400
2022-05-19 09:04:00,250,248,252,250,4680300
2022-05-19 09:05:00,250,250,260,258,3774100
2022-05-19 09:06:00,258,254,264,256,4708300
2022-05-19 09:07:00,254,248,258,256,4561100
2022-05-19 09:08:00,250,248,256,254,719700
2022-05-19 09:09:00,256,252,256,252,1349900
2022-05-19 09:10:00,254,252,256,254,948100
2022-05-19 09:11:00,254,252,254,252,741000
2022-05-19 09:12:00,252,250,252,250,1274300
2022-05-19 09:13:00,250,248,250,248,834800
2022-05-19 09:14:00,248,236,250,238,7270400
2022-05-19 09:15:00,240,236,242,240,1409200
2022-05-19 09:16:00,240,240,242,242,827200
2022-05-19 09:17:00,242,242,246,244,682700
2022-05-19 09:18:00,244,242,246,246,573800
2022-05-19 09:19:00,246,244,246,244,435900
2022-05-19 09:20:00,246,244,246,244,752700
2022-05-19 09:21:00,244,244,246,246,317500
2022-05-19 09:22:00,246,244,246,244,163000
2022-05-19 09:23:00,246,244,246,246,188200
2022-05-19 09:24:00,246,242,246,242,1564000
2022-05-19 09:25:00,242,242,246,244,132000
2022-05-19 09:26:00,244,244,246,246,47700
2022-05-19 09:27:00,244,244,246,246,123600
2022-05-19 09:28:00,244,244,246,244,411300
2022-05-19 09:29:00,244,242,244,244,561700
2022-05-19 09:30:00,244,244,244,244,61900
2022-05-19 09:31:00,244,244,246,244,176300
2022-05-19 09:32:00,244,244,246,246,9300
2022-05-19 09:33:00,246,244,246,244,5200
2022-05-19 09:34:00,244,244,244,244,35400
2022-05-19 09:35:00,244,244,246,246,291000
2022-05-19 09:36:00,246,246,250,250,2062400
2022-05-19 09:37:00,250,248,252,252,939600
2022-05-19 09:38:00,252,252,254,252,596500
2022-05-19 09:39:00,254,252,254,252,174800
2022-05-19 09:40:00,252,252,254,254,1293400
2022-05-19 09:41:00,254,254,256,254,619800
2022-05-19 09:42:00,254,254,258,258,2391000
2022-05-19 09:43:00,258,258,268,264,5999600
2022-05-19 09:44:00,266,260,266,264,1260700
2022-05-19 09:45:00,264,264,266,266,1770000
2022-05-19 09:46:00,264,264,268,266,2271500
2022-05-19 09:47:00,266,266,272,270,5803600
2022-05-19 09:48:00,270,270,272,272,412200
2022-05-19 09:49:00,270,268,270,268,1570500
2022-05-19 09:50:00,268,268,268,268,652300
2022-05-19 09:51:00,266,262,266,262,2295500
2022-05-19 09:52:00,262,260,266,264,717500
2022-05-19 09:53:00,264,264,266,266,964500
2022-05-19 09:54:00,266,264,268,268,446200
2022-05-19 09:55:00,268,268,270,268,743100
2022-05-19 09:56:00,270,268,278,276,6150300
2022-05-19 09:57:00,278,274,278,274,1394300
2022-05-19 09:58:00,274,274,276,276,70300
2022-05-19 09:59:00,274,274,276,274,154200
2022-05-19 10:00:00,274,270,276,270,1876400
2022-05-19 10:01:00,270,268,274,270,1012300
2022-05-19 10:02:00,268,260,270,266,3451400
2022-05-19 10:03:00,266,264,266,264,1199400
2022-05-19 10:04:00,264,264,266,264,763900
2022-05-19 10:05:00,264,264,266,264,35000
2022-05-19 10:06:00,264,262,266,264,843700
2022-05-19 10:07:00,264,262,264,264,687300
2022-05-19 10:08:00,266,266,268,268,205300
2022-05-19 10:09:00,268,264,268,264,913100
2022-05-19 10:10:00,264,264,266,264,163700
2022-05-19 10:11:00,264,264,266,266,294700
2022-05-19 10:12:00,266,266,268,268,362700
2022-05-19 10:13:00,268,264,270,266,1898700
2022-05-19 10:14:00,268,266,268,266,647700
2022-05-19 10:15:00,266,264,268,268,309700
2022-05-19 10:16:00,268,268,270,270,264900
2022-05-19 10:17:00,270,268,270,270,1082600
2022-05-19 10:18:00,270,270,272,272,698700
2022-05-19 10:19:00,272,272,274,272,182200
2022-05-19 10:20:00,272,270,272,270,1478400
2022-05-19 10:21:00,268,266,268,266,943500
2022-05-19 10:22:00,266,264,266,266,1002600
2022-05-19 10:23:00,266,266,268,266,1147400
2022-05-19 10:24:00,268,268,270,270,926800
2022-05-19 10:25:00,268,268,270,270,318200
2022-05-19 10:26:00,270,268,270,270,551700
2022-05-19 10:27:00,270,268,270,270,389700
2022-05-19 10:28:00,270,268,270,270,1450600
2022-05-19 10:29:00,268,266,268,268,398000
2022-05-19 10:30:00,268,266,268,266,6100
2022-05-19 10:31:00,266,266,268,266,136900
2022-05-19 10:32:00,268,264,268,264,1460400
2022-05-19 10:33:00,264,262,266,266,480200
2022-05-19 10:34:00,266,266,268,266,30500
2022-05-19 10:35:00,268,266,268,266,4100
2022-05-19 10:36:00,266,266,268,266,140900
2022-05-19 10:37:00,266,266,266,266,200
2022-05-19 10:38:00,264,264,266,266,91000
2022-05-19 10:39:00,266,264,266,266,314900
2022-05-19 10:40:00,266,266,266,266,35200
2022-05-19 10:41:00,266,266,266,266,13800
2022-05-19 10:42:00,266,266,268,268,212000
2022-05-19 10:43:00,268,266,268,266,1012700
2022-05-19 10:44:00,264,264,268,266,66500
2022-05-19 10:45:00,266,266,268,268,124600
2022-05-19 10:46:00,266,266,268,266,98800
2022-05-19 10:47:00,266,266,266,266,282200
2022-05-19 10:48:00,266,264,266,264,202700
2022-05-19 10:49:00,264,264,264,264,478600
2022-05-19 10:50:00,264,262,264,262,25000
2022-05-19 10:51:00,262,262,262,262,1163200
2022-05-19 10:52:00,264,262,264,262,190100
2022-05-19 10:53:00,262,262,264,262,1107000
2022-05-19 10:54:00,262,260,262,260,237900
2022-05-19 10:55:00,260,258,262,258,1438100
2022-05-19 10:56:00,260,256,260,256,1132600
2022-05-19 10:57:00,256,254,258,258,798300
2022-05-19 10:58:00,258,256,260,258,807000
2022-05-19 10:59:00,258,256,258,258,55200
2022-05-19 11:00:00,256,256,258,256,689200
2022-05-19 11:01:00,256,252,256,252,850800
2022-05-19 11:02:00,254,252,254,254,1085000
2022-05-19 11:03:00,254,252,256,256,542400
2022-05-19 11:04:00,256,254,256,254,29000
2022-05-19 11:05:00,254,252,254,254,790300
2022-05-19 11:06:00,254,252,254,252,97000
2022-05-19 11:07:00,252,252,254,254,355700
2022-05-19 11:08:00,254,254,254,254,24300
2022-05-19 11:09:00,256,254,256,256,52900
2022-05-19 11:10:00,256,254,256,256,277900
2022-05-19 11:11:00,256,256,258,258,36200
2022-05-19 11:12:00,258,258,258,258,2500
2022-05-19 11:13:00,258,256,262,260,1305500
2022-05-19 11:14:00,262,260,262,260,315300
2022-05-19 11:15:00,262,260,264,262,519400
2022-05-19 11:16:00,262,260,262,262,45300
2022-05-19 11:17:00,262,262,262,262,32900
2022-05-19 11:18:00,264,264,264,264,407900
2022-05-19 11:19:00,262,262,266,264,177900
2022-05-19 11:20:00,264,264,266,266,132100
2022-05-19 11:21:00,264,262,264,262,659100
2022-05-19 11:22:00,260,254,262,258,1009500
2022-05-19 11:23:00,258,258,260,258,83800
2022-05-19 11:24:00,260,260,260,260,55400
2022-05-19 11:25:00,260,260,260,260,88200
2022-05-19 11:26:00,260,260,260,260,81000
2022-05-19 11:27:00,260,260,260,260,36800
2022-05-19 11:28:00,258,258,260,258,18500
2022-05-19 11:29:00,258,258,260,258,1103800
2022-05-19 11:30:00,258,258,260,258,0
2022-05-19 11:31:00,258,258,260,258,0
2022-05-19 11:32:00,258,258,260,258,0
2022-05-19 11:33:00,258,258,260,258,0
2022-05-19 11:34:00,258,258,260,258,0
2022-05-19 11:35:00,258,258,260,258,0
2022-05-19 11:36:00,258,258,260,258,0
2022-05-19 11:37:00,258,258,260,258,0
2022-05-19 11:38:00,258,258,260,258,0
2022-05-19 11:39:00,258,258,260,258,0
2022-05-19 11:40:00,258,258,260,258,0
2022-05-19 11:41:00,258,258,260,258,0
2022-05-19 11:42:00,258,258,260,258,0
2022-05-19 11:43:00,258,258,260,258,0
2022-05-19 11:44:00,258,258,260,258,0
2022-05-19 11:45:00,258,258,260,258,0
2022-05-19 11:46:00,258,258,260,258,0
2022-05-19 11:47:00,258,258,260,258,0
2022-05-19 11:48:00,258,258,260,258,0
2022-05-19 11:49:00,258,258,260,258,0
2022-05-19 11:50:00,258,258,260,258,0
2022-05-19 11:51:00,258,258,260,258,0
2022-05-19 11:52:00,258,258,260,258,0
2022-05-19 11:53:00,258,258,260,258,0
2022-05-19 11:54:00,258,258,260,258,0
2022-05-19 11:55:00,258,258,260,258,0
2022-05-19 11:56:00,258,258,260,258,0
2022-05-19 11:57:00,258,258,260,258,0
2022-05-19 11:58:00,258,258,260,258,0
2022-05-19 11:59:00,258,258,260,258,0
2022-05-19 12:00:00,258,258,260,258,0
2022-05-19 12:01:00,258,258,260,258,0
2022-05-19 12:02:00,258,258,260,258,0
2022-05-19 12:03:00,258,258,260,258,0
2022-05-19 12:04:00,258,258,260,258,0
2022-05-19 12:05:00,258,258,260,258,0
2022-05-19 12:06:00,258,258,260,258,0
2022-05-19 12:07:00,258,258,260,258,0
2022-05-19 12:08:00,258,258,260,258,0
2022-05-19 12:09:00,258,258,260,258,0
2022-05-19 12:10:00,258,258,260,258,0
2022-05-19 12:11:00,258,258,260,258,0
2022-05-19 12:12:00,258,258,260,258,0
2022-05-19 12:13:00,258,258,260,258,0
2022-05-19 12:14:00,258,258,260,258,0
2022-05-19 12:15:00,258,258,260,258,0
2022-05-19 12:16:00,258,258,260,258,0
2022-05-19 12:17:00,258,258,260,258,0
2022-05-19 12:18:00,258,258,260,258,0
2022-05-19 12:19:00,258,258,260,258,0
2022-05-19 12:20:00,258,258,260,258,0
2022-05-19 12:21:00,258,258,260,258,0
2022-05-19 12:22:00,258,258,260,258,0
2022-05-19 12:23:00,258,258,260,258,0
2022-05-19 12:24:00,258,258,260,258,0
2022-05-19 12:25:00,258,258,260,258,0
2022-05-19 12:26:00,258,258,260,258,0
2022-05-19 12:27:00,258,258,260,258,0
2022-05-19 12:28:00,258,258,260,258,0
2022-05-19 12:29:00,258,258,260,258,0
2022-05-19 12:30:00,258,258,260,258,0
2022-05-19 12:31:00,258,258,260,258,0
2022-05-19 12:32:00,258,258,260,258,0
2022-05-19 12:33:00,258,258,260,258,0
2022-05-19 12:34:00,258,258,260,258,0
2022-05-19 12:35:00,258,258,260,258,0
2022-05-19 12:36:00,258,258,260,258,0
2022-05-19 12:37:00,258,258,260,258,0
2022-05-19 12:38:00,258,258,260,258,0
2022-05-19 12:39:00,258,258,260,258,0
2022-05-19 12:40:00,258,258,260,258,0
2022-05-19 12:41:00,258,258,260,258,0
2022-05-19 12:42:00,258,258,260,258,0
2022-05-19 12:43:00,258,258,260,258,0
2022-05-19 12:44:00,258,258,260,258,0
2022-05-19 12:45:00,258,258,260,258,0
2022-05-19 12:46:00,258,258,260,258,0
2022-05-19 12:47:00,258,258,260,258,0
2022-05-19 12:48:00,258,258,260,258,0
2022-05-19 12:49:00,258,258,260,258,0
2022-05-19 12:50:00,258,258,260,258,0
2022-05-19 12:51:00,258,258,260,258,0
2022-05-19 12:52:00,258,258,260,258,0
2022-05-19 12:53:00,258,258,260,258,0
2022-05-19 12:54:00,258,258,260,258,0
2022-05-19 12:55:00,258,258,260,258,0
2022-05-19 12:56:00,258,258,260,258,0
2022-05-19 12:57:00,258,258,260,258,0
2022-05-19 12:58:00,258,258,260,258,0
2022-05-19 12:59:00,258,258,260,258,0
2022-05-19 13:00:00,258,258,260,258,0
2022-05-19 13:01:00,258,258,260,258,0
2022-05-19 13:02:00,258,258,260,258,0
2022-05-19 13:03:00,258,258,260,258,0
2022-05-19 13:04:00,258,258,260,258,0
2022-05-19 13:05:00,258,258,260,258,0
2022-05-19 13:06:00,258,258,260,258,0
2022-05-19 13:07:00,258,258,260,258,0
2022-05-19 13:08:00,258,258,260,258,0
2022-05-19 13:09:00,258,258,260,258,0
2022-05-19 13:10:00,258,258,260,258,0
2022-05-19 13:11:00,258,258,260,258,0
2022-05-19 13:12:00,258,258,260,258,0
2022-05-19 13:13:00,258,258,260,258,0
2022-05-19 13:14:00,258,258,260,258,0
2022-05-19 13:15:00,258,258,260,258,0
2022-05-19 13:16:00,258,258,260,258,0
2022-05-19 13:17:00,258,258,260,258,0
2022-05-19 13:18:00,258,258,260,258,0
2022-05-19 13:19:00,258,258,260,258,0
2022-05-19 13:20:00,258,258,260,258,0
2022-05-19 13:21:00,258,258,260,258,0
2022-05-19 13:22:00,258,258,260,258,0
2022-05-19 13:23:00,258,258,260,258,0
2022-05-19 13:24:00,258,258,260,258,0
2022-05-19 13:25:00,258,258,260,258,0
2022-05-19 13:26:00,258,258,260,258,0
2022-05-19 13:27:00,258,258,260,258,0
2022-05-19 13:28:00,258,258,260,258,0
2022-05-19 13:29:00,258,258,260,258,0
2022-05-19 13:30:00,258,256,260,256,783000
2022-05-19 13:31:00,256,256,258,256,34400
2022-05-19 13:32:00,256,256,256,256,46000
2022-05-19 13:33:00,254,254,256,256,20400
2022-05-19 13:34:00,254,254,256,256,19200
2022-05-19 13:35:00,258,256,258,256,10200
2022-05-19 13:36:00,256,256,258,258,138300
2022-05-19 13:37:00,258,254,258,256,633100
2022-05-19 13:38:00,256,256,256,256,73100
2022-05-19 13:39:00,256,254,256,256,13700
2022-05-19 13:40:00,256,254,256,254,774200
2022-05-19 13:41:00,254,254,254,254,36200
2022-05-19 13:42:00,254,254,254,254,20800
2022-05-19 13:43:00,254,254,256,256,167000
2022-05-19 13:44:00,256,256,256,256,50200
2022-05-19 13:45:00,254,254,256,256,131200
2022-05-19 13:46:00,256,256,256,256,2000
2022-05-19 13:47:00,256,256,258,258,177800
2022-05-19 13:48:00,256,256,258,258,11100
2022-05-19 13:49:00,258,256,258,256,8300
2022-05-19 13:50:00,256,256,256,256,1000
2022-05-19 13:51:00,256,256,256,256,0
2022-05-19 13:52:00,256,256,258,258,540300
2022-05-19 13:53:00,258,258,260,260,195200
2022-05-19 13:54:00,260,258,260,260,10800
2022-05-19 13:55:00,258,258,260,260,1350300
2022-05-19 13:56:00,262,260,262,260,9200
2022-05-19 13:57:00,260,260,262,262,127100
2022-05-19 13:58:00,260,260,260,260,31000
2022-05-19 13:59:00,262,260,262,260,135100
2022-05-19 14:00:00,260,260,260,260,302700
2022-05-19 14:01:00,260,260,262,260,117200
2022-05-19 14:02:00,260,260,262,262,21900
2022-05-19 14:03:00,260,260,262,262,0
2022-05-19 14:04:00,262,262,262,262,243100
2022-05-19 14:05:00,260,260,260,260,44300
2022-05-19 14:06:00,262,262,262,262,731000
2022-05-19 14:07:00,262,262,266,266,1329500
2022-05-19 14:08:00,266,262,266,264,724100
2022-05-19 14:09:00,264,262,264,262,227000
2022-05-19 14:10:00,262,260,262,260,1009600
2022-05-19 14:11:00,260,260,260,260,8300
2022-05-19 14:12:00,260,260,260,260,1800
2022-05-19 14:13:00,260,260,262,260,102100
2022-05-19 14:14:00,260,258,262,260,568400
2022-05-19 14:15:00,260,258,260,258,121000
2022-05-19 14:16:00,258,258,260,260,46000
2022-05-19 14:17:00,258,258,258,258,3100
2022-05-19 14:18:00,258,254,258,254,1081400
2022-05-19 14:19:00,254,254,256,254,1186300
2022-05-19 14:20:00,254,250,254,250,2109600
2022-05-19 14:21:00,252,250,254,254,368000
2022-05-19 14:22:00,252,252,254,254,60300
2022-05-19 14:23:00,254,252,254,254,60500
2022-05-19 14:24:00,254,252,254,252,60500
2022-05-19 14:25:00,252,252,254,254,128400
2022-05-19 14:26:00,254,254,256,256,32400
2022-05-19 14:27:00,256,256,256,256,10500
2022-05-19 14:28:00,256,256,256,256,100
2022-05-19 14:29:00,254,254,256,254,142800
2022-05-19 14:30:00,256,254,256,256,92200
2022-05-19 14:31:00,256,254,256,254,99700
2022-05-19 14:32:00,254,252,254,252,64000
2022-05-19 14:33:00,254,252,254,254,177500
2022-05-19 14:34:00,254,254,254,254,86400
2022-05-19 14:35:00,254,254,256,256,38100
2022-05-19 14:36:00,254,254,254,254,111800
2022-05-19 14:37:00,254,252,254,254,87200
2022-05-19 14:38:00,254,254,254,254,109500
2022-05-19 14:39:00,254,252,254,254,309600
2022-05-19 14:40:00,254,252,254,252,38400
2022-05-19 14:41:00,252,246,254,250,8966800
2022-05-19 14:42:00,250,246,250,248,560000
2022-05-19 14:43:00,250,244,250,246,1147400
2022-05-19 14:44:00,246,242,246,244,2176100
2022-05-19 14:45:00,244,244,246,246,381500
2022-05-19 14:46:00,244,244,246,244,2375900
2022-05-19 14:47:00,244,244,246,246,815800
2022-05-19 14:48:00,246,246,246,246,903500
2022-05-19 14:49:00,246,240,246,246,6502700
2022-05-19 14:50:00,246,240,246,246,0
2022-05-19 14:51:00,246,240,246,246,0
2022-05-19 14:52:00,246,240,246,246,0
2022-05-19 14:53:00,246,240,246,246,0
2022-05-19 14:54:00,246,240,246,246,0
2022-05-19 14:55:00,246,240,246,246,0
2022-05-19 14:56:00,246,240,246,246,0
2022-05-19 14:57:00,246,240,246,246,0
2022-05-19 14:58:00,246,240,246,246,0
2022-05-19 14:59:00,246,240,246,246,0
2022-05-19 15:00:00,242,242,242,242,5773100
2022-05-19 15:01:00,242,242,242,242,27200
2022-05-19 15:02:00,242,242,242,242,696100
2022-05-19 15:03:00,242,242,242,242,20200
2022-05-19 15:04:00,242,242,242,242,9000
2022-05-19 15:05:00,242,242,242,242,1151400
2022-05-19 15:06:00,242,242,242,242,0
2022-05-19 15:07:00,242,242,242,242,14200
2022-05-19 15:08:00,242,242,242,242,6500
2022-05-19 15:09:00,242,242,242,242,119000
2022-05-19 15:10:00,242,242,242,242,50000
2022-05-19 15:11:00,242,242,242,242,0
2022-05-19 15:12:00,242,242,242,242,0
2022-05-19 15:13:00,242,242,242,242,0
2022-05-19 15:14:00,242,242,242,242,0
2022-05-19 15:15:00,242,242,242,242,0
2022-05-19 15:16:00,242,242,242,242,0
2022-05-19 15:17:00,242,242,242,242,0
2022-05-19 15:18:00,242,242,242,242,0
2022-05-19 15:19:00,242,242,242,242,0
2022-05-19 15:20:00,242,242,242,242,0
2022-05-19 15:21:00,242,242,242,242,0
2022-05-19 15:22:00,242,242,242,242,0
2022-05-19 15:23:00,242,242,242,242,0
2022-05-19 15:24:00,242,242,242,242,0
2022-05-19 15:25:00,242,242,242,242,0
2022-05-19 15:26:00,242,242,242,242,0
2022-05-19 15:27:00,242,242,242,242,0
2022-05-19 15:28:00,242,242,242,242,0
2022-05-19 15:29:00,242,242,242,242,0
2022-05-19 15:30:00,242,242,242,242,0
2022-05-19 15:31:00,242,242,242,242,0
2022-05-19 15:32:00,242,242,242,242,0
2022-05-19 15:33:00,242,242,242,242,0
2022-05-19 15:34:00,242,242,242,242,0
2022-05-19 15:35:00,242,242,242,242,0
2022-05-19 15:36:00,242,242,242,242,0
2022-05-19 15:37:00,242,242,242,242,0
2022-05-19 15:38:00,242,242,242,242,0
2022-05-19 15:39:00,242,242,242,242,0
2022-05-19 15:40:00,242,242,242,242,0
2022-05-19 15:41:00,242,242,242,242,0
2022-05-19 15:42:00,242,242,242,242,0
2022-05-19 15:43:00,242,242,242,242,0
2022-05-19 15:44:00,242,242,242,242,0
2022-05-19 15:45:00,242,242,242,242,0
2022-05-19 15:46:00,242,242,242,242,0
2022-05-19 15:47:00,242,242,242,242,0
2022-05-19 15:48:00,242,242,242,242,0
2022-05-19 15:49:00,242,242,242,242,0
2022-05-19 15:50:00,242,242,242,242,0
2022-05-19 15:51:00,242,242,242,242,0
2022-05-19 15:52:00,242,242,242,242,0
2022-05-19 15:53:00,242,242,242,242,0
2022-05-19 15:54:00,242,242,242,242,0
2022-05-19 15:55:00,242,242,242,242,0
2022-05-19 15:56:00,242,242,242,242,0
2022-05-19 15:57:00,242,242,242,242,0
2022-05-19 15:58:00,242,242,242,242,0
2022-05-19 15:59:00,242,242,242,242,0
2022-05-20 09:00:00,244,242,246,246,0
2022-05-20 09:01:00,246,244,246,244,4300300
2022-05-20 09:02:00,246,246,248,248,1919200
2022-05-20 09:03:00,248,248,250,250,3161500
2022-05-20 09:04:00,250,250,254,252,2853600
2022-05-20 09:05:00,252,250,252,252,1219400
2022-05-20 09:06:00,252,250,252,250,613600
2022-05-20 09:07:00,250,248,252,252,923500
2022-05-20 09:08:00,250,250,254,252,281100
2022-05-20 09:09:00,252,252,254,252,230100
2022-05-20 09:10:00,252,250,254,254,186800
2022-05-20 09:11:00,252,252,254,254,1172000
2022-05-20 09:12:00,254,254,256,254,162700
2022-05-20 09:13:00,256,254,256,254,592400
2022-05-20 09:14:00,254,254,256,254,60900
2022-05-20 09:15:00,256,254,256,254,973200
2022-05-20 09:16:00,254,254,256,254,602900
2022-05-20 09:17:00,254,254,256,254,451100
2022-05-20 09:18:00,254,252,254,252,41900
2022-05-20 09:19:00,252,252,254,252,35100
2022-05-20 09:20:00,252,252,254,252,237700
2022-05-20 09:21:00,254,250,254,250,1055900
2022-05-20 09:22:00,252,250,252,252,97300
2022-05-20 09:23:00,250,250,252,250,94700
2022-05-20 09:24:00,250,250,252,250,260000
2022-05-20 09:25:00,250,250,250,250,7600
2022-05-20 09:26:00,252,250,252,250,8800
2022-05-20 09:27:00,250,250,250,250,305900
2022-05-20 09:28:00,252,250,252,250,22100
2022-05-20 09:29:00,250,250,250,250,1500
2022-05-20 09:30:00,250,250,252,252,14500
2022-05-20 09:31:00,252,250,252,250,18900
2022-05-20 09:32:00,252,250,252,250,530200
2022-05-20 09:33:00,250,248,250,248,160500
2022-05-20 09:34:00,250,248,250,250,524500
2022-05-20 09:35:00,250,250,250,250,14600
2022-05-20 09:36:00,250,250,250,250,55500
2022-05-20 09:37:00,250,248,250,248,89100
2022-05-20 09:38:00,248,248,250,250,124200
2022-05-20 09:39:00,250,250,252,250,37700
2022-05-20 09:40:00,250,250,250,250,1000
2022-05-20 09:41:00,252,250,252,250,40900
2022-05-20 09:42:00,250,250,250,250,7600
2022-05-20 09:43:00,252,250,252,250,11400
2022-05-20 09:44:00,250,250,250,250,155300
2022-05-20 09:45:00,250,250,250,250,1300
2022-05-20 09:46:00,250,250,250,250,800
2022-05-20 09:47:00,250,250,250,250,530700
2022-05-20 09:48:00,250,250,250,250,70200
2022-05-20 09:49:00,250,248,250,250,374000
2022-05-20 09:50:00,250,250,250,250,31000
2022-05-20 09:51:00,250,250,250,250,0
2022-05-20 09:52:00,248,248,248,248,616100
2022-05-20 09:53:00,248,248,250,250,87200
2022-05-20 09:54:00,248,248,250,248,18300
2022-05-20 09:55:00,248,248,250,248,17900
2022-05-20 09:56:00,248,248,248,248,27400
2022-05-20 09:57:00,250,250,250,250,1000
2022-05-20 09:58:00,248,248,250,250,528500
2022-05-20 09:59:00,250,250,250,250,27000
2022-05-20 10:00:00,250,250,250,250,272900
2022-05-20 10:01:00,250,250,252,252,17600
2022-05-20 10:02:00,250,250,252,252,36800
2022-05-20 10:03:00,250,250,250,250,10700
2022-05-20 10:04:00,250,250,250,250,0
2022-05-20 10:05:00,250,250,250,250,21400
2022-05-20 10:06:00,250,250,250,250,14000
2022-05-20 10:07:00,250,250,252,250,102700
2022-05-20 10:08:00,252,250,252,250,5500
2022-05-20 10:09:00,250,250,252,252,16000
2022-05-20 10:10:00,252,250,252,250,35500
2022-05-20 10:11:00,250,250,252,250,316400
2022-05-20 10:12:00,250,250,250,250,2000
2022-05-20 10:13:00,250,250,250,250,0
2022-05-20 10:14:00,250,250,252,252,19000
2022-05-20 10:15:00,250,250,250,250,29700
2022-05-20 10:16:00,250,250,250,250,0
2022-05-20 10:17:00,250,250,250,250,100100
2022-05-20 10:18:00,250,250,250,250,31300
2022-05-20 10:19:00,250,250,252,252,153600
2022-05-20 10:20:00,250,250,252,250,268900
2022-05-20 10:21:00,250,248,250,248,384700
2022-05-20 10:22:00,250,248,250,248,641900
2022-05-20 10:23:00,248,248,250,248,308900
2022-05-20 10:24:00,248,246,248,248,56700
2022-05-20 10:25:00,248,246,248,248,134800
2022-05-20 10:26:00,248,248,248,248,140100
2022-05-20 10:27:00,250,250,252,252,2770300
2022-05-20 10:28:00,252,250,252,252,1147600
2022-05-20 10:29:00,252,252,252,252,2338500
2022-05-20 10:30:00,252,250,254,254,341600
2022-05-20 10:31:00,254,252,254,252,611800
2022-05-20 10:32:00,252,248,252,248,303500
2022-05-20 10:33:00,248,248,248,248,664900
2022-05-20 10:34:00,250,248,250,248,52600
2022-05-20 10:35:00,250,246,250,248,940100
2022-05-20 10:36:00,246,246,246,246,16100
2022-05-20 10:37:00,246,246,248,248,45000
2022-05-20 10:38:00,246,246,248,248,571300
2022-05-20 10:39:00,248,248,250,248,616900
2022-05-20 10:40:00,248,246,248,246,71100
2022-05-20 10:41:00,248,246,248,248,91000
2022-05-20 10:42:00,248,244,248,244,1345500
2022-05-20 10:43:00,244,244,244,244,328900
2022-05-20 10:44:00,246,246,246,246,11400
2022-05-20 10:45:00,244,244,246,246,13100
2022-05-20 10:46:00,246,244,246,244,48300
2022-05-20 10:47:00,244,244,246,244,1072600
2022-05-20 10:48:00,244,242,246,242,283800
2022-05-20 10:49:00,242,242,244,242,311900
2022-05-20 10:50:00,242,242,244,244,695300
2022-05-20 10:51:00,244,244,244,244,948800
2022-05-20 10:52:00,244,244,246,246,54600
2022-05-20 10:53:00,246,244,246,244,7600
2022-05-20 10:54:00,244,244,246,244,211100
2022-05-20 10:55:00,246,244,246,244,28700
2022-05-20 10:56:00,244,244,244,244,250000
2022-05-20 10:57:00,244,244,246,244,201500
2022-05-20 10:58:00,246,246,246,246,52800
2022-05-20 10:59:00,246,244,246,244,207500
2022-05-20 11:00:00,246,246,246,246,300
2022-05-20 11:01:00,246,246,246,246,30000
2022-05-20 11:02:00,246,246,246,246,67500
2022-05-20 11:03:00,246,246,246,246,14700
2022-05-20 11:04:00,246,246,248,248,900
2022-05-20 11:05:00,246,246,246,246,124400
2022-05-20 11:06:00,246,246,246,246,2700
2022-05-20 11:07:00,246,246,246,246,600
2022-05-20 11:08:00,244,244,244,244,21000
2022-05-20 11:09:00,244,244,246,244,9500
2022-05-20 11:10:00,244,244,246,244,0
2022-05-20 11:11:00,246,244,246,244,400
2022-05-20 11:12:00,246,244,246,244,0
2022-05-20 11:13:00,244,244,244,244,19300
2022-05-20 11:14:00,244,244,244,244,0
2022-05-20 11:15:00,244,244,244,244,200
2022-05-20 11:16:00,246,244,246,244,122400
2022-05-20 11:17:00,246,246,246,246,300
2022-05-20 11:18:00,246,244,246,244,5700
2022-05-20 11:19:00,244,244,246,244,51400
2022-05-20 11:20:00,244,244,246,244,0
2022-05-20 11:21:00,244,244,244,244,53300
2022-05-20 11:22:00,244,244,246,244,3300
2022-05-20 11:23:00,244,244,244,244,4900
2022-05-20 11:24:00,246,244,246,246,170800
2022-05-20 11:25:00,246,246,248,248,17000
2022-05-20 11:26:00,246,246,248,248,39100
2022-05-20 11:27:00,248,246,248,246,6000
2022-05-20 11:28:00,248,248,248,248,300
2022-05-20 11:29:00,248,248,248,248,0
2022-05-20 11:30:00,248,248,248,248,0
2022-05-20 11:31:00,248,248,248,248,0
2022-05-20 11:32:00,248,248,248,248,0
2022-05-20 11:33:00,248,248,248,248,0
2022-05-20 11:34:00,248,248,248,248,0
2022-05-20 11:35:00,248,248,248,248,0
2022-05-20 11:36:00,248,248,248,248,0
2022-05-20 11:37:00,248,248,248,248,0
2022-05-20 11:38:00,248,248,248,248,0
2022-05-20 11:39:00,248,248,248,248,0
2022-05-20 11:40:00,248,248,248,248,0
2022-05-20 11:41:00,248,248,248,248,0
2022-05-20 11:42:00,248,248,248,248,0
2022-05-20 11:43:00,248,248,248,248,0
2022-05-20 11:44:00,248,248,248,248,0
2022-05-20 11:45:00,248,248,248,248,0
2022-05-20 11:46:00,248,248,248,248,0
2022-05-20 11:47:00,248,248,248,248,0
2022-05-20 11:48:00,248,248,248,248,0
2022-05-20 11:49:00,248,248,248,248,0
2022-05-20 11:50:00,248,248,248,248,0
2022-05-20 11:51:00,248,248,248,248,0
2022-05-20 11:52:00,248,248,248,248,0
2022-05-20 11:53:00,248,248,248,248,0
2022-05-20 11:54:00,248,248,248,248,0
2022-05-20 11:55:00,248,248,248,248,0
2022-05-20 11:56:00,248,248,248,248,0
2022-05-20 11:57:00,248,248,248,248,0
2022-05-20 11:58:00,248,248,248,248,0
2022-05-20 11:59:00,248,248,248,248,0
2022-05-20 12:00:00,248,248,248,248,0
2022-05-20 12:01:00,248,248,248,248,0
2022-05-20 12:02:00,248,248,248,248,0
2022-05-20 12:03:00,248,248,248,248,0
2022-05-20 12:04:00,248,248,248,248,0
2022-05-20 12:05:00,248,248,248,248,0
2022-05-20 12:06:00,248,248,248,248,0
2022-05-20 12:07:00,248,248,248,248,0
2022-05-20 12:08:00,248,248,248,248,0
2022-05-20 12:09:00,248,248,248,248,0
2022-05-20 12:10:00,248,248,248,248,0
2022-05-20 12:11:00,248,248,248,248,0
2022-05-20 12:12:00,248,248,248,248,0
2022-05-20 12:13:00,248,248,248,248,0
2022-05-20 12:14:00,248,248,248,248,0
2022-05-20 12:15:00,248,248,248,248,0
2022-05-20 12:16:00,248,248,248,248,0
2022-05-20 12:17:00,248,248,248,248,0
2022-05-20 12:18:00,248,248,248,248,0
2022-05-20 12:19:00,248,248,248,248,0
2022-05-20 12:20:00,248,248,248,248,0
2022-05-20 12:21:00,248,248,248,248,0
2022-05-20 12:22:00,248,248,248,248,0
2022-05-20 12:23:00,248,248,248,248,0
2022-05-20 12:24:00,248,248,248,248,0
2022-05-20 12:25:00,248,248,248,248,0
2022-05-20 12:26:00,248,248,248,248,0
2022-05-20 12:27:00,248,248,248,248,0
2022-05-20 12:28:00,248,248,248,248,0
2022-05-20 12:29:00,248,248,248,248,0
2022-05-20 12:30:00,248,248,248,248,0
2022-05-20 12:31:00,248,248,248,248,0
2022-05-20 12:32:00,248,248,248,248,0
2022-05-20 12:33:00,248,248,248,248,0
2022-05-20 12:34:00,248,248,248,248,0
2022-05-20 12:35:00,248,248,248,248,0
2022-05-20 12:36:00,248,248,248,248,0
2022-05-20 12:37:00,248,248,248,248,0
2022-05-20 12:38:00,248,248,248,248,0
2022-05-20 12:39:00,248,248,248,248,0
2022-05-20 12:40:00,248,248,248,248,0
2022-05-20 12:41:00,248,248,248,248,0
2022-05-20 12:42:00,248,248,248,248,0
2022-05-20 12:43:00,248,248,248,248,0
2022-05-20 12:44:00,248,248,248,248,0
2022-05-20 12:45:00,248,248,248,248,0
2022-05-20 12:46:00,248,248,248,248,0
2022-05-20 12:47:00,248,248,248,248,0
2022-05-20 12:48:00,248,248,248,248,0
2022-05-20 12:49:00,248,248,248,248,0
2022-05-20 12:50:00,248,248,248,248,0
2022-05-20 12:51:00,248,248,248,248,0
2022-05-20 12:52:00,248,248,248,248,0
2022-05-20 12:53:00,248,248,248,248,0
2022-05-20 12:54:00,248,248,248,248,0
2022-05-20 12:55:00,248,248,248,248,0
2022-05-20 12:56:00,248,248,248,248,0
2022-05-20 12:57:00,248,248,248,248,0
2022-05-20 12:58:00,248,248,248,248,0
2022-05-20 12:59:00,248,248,248,248,0
2022-05-20 13:00:00,248,248,248,248,0
2022-05-20 13:01:00,248,248,248,248,0
2022-05-20 13:02:00,248,248,248,248,0
2022-05-20 13:03:00,248,248,248,248,0
2022-05-20 13:04:00,248,248,248,248,0
2022-05-20 13:05:00,248,248,248,248,0
2022-05-20 13:06:00,248,248,248,248,0
2022-05-20 13:07:00,248,248,248,248,0
2022-05-20 13:08:00,248,248,248,248,0
2022-05-20 13:09:00,248,248,248,248,0
2022-05-20 13:10:00,248,248,248,248,0
2022-05-20 13:11:00,248,248,248,248,0
2022-05-20 13:12:00,248,248,248,248,0
2022-05-20 13:13:00,248,248,248,248,0
2022-05-20 13:14:00,248,248,248,248,0
2022-05-20 13:15:00,248,248,248,248,0
2022-05-20 13:16:00,248,248,248,248,0
2022-05-20 13:17:00,248,248,248,248,0
2022-05-20 13:18:00,248,248,248,248,0
2022-05-20 13:19:00,248,248,248,248,0
2022-05-20 13:20:00,248,248,248,248,0
2022-05-20 13:21:00,248,248,248,248,0
2022-05-20 13:22:00,248,248,248,248,0
2022-05-20 13:23:00,248,248,248,248,0
2022-05-20 13:24:00,248,248,248,248,0
2022-05-20 13:25:00,248,248,248,248,0
2022-05-20 13:26:00,248,248,248,248,0
2022-05-20 13:27:00,248,248,248,248,0
2022-05-20 13:28:00,248,248,248,248,0
2022-05-20 13:29:00,248,248,248,248,0
2022-05-20 13:30:00,246,244,246,244,440400
2022-05-20 13:31:00,244,244,244,244,5900
2022-05-20 13:32:00,244,244,244,244,5000
2022-05-20 13:33:00,244,244,246,246,4000
2022-05-20 13:34:00,246,244,246,246,65400
2022-05-20 13:35:00,246,244,246,246,11000
2022-05-20 13:36:00,244,244,244,244,22000
2022-05-20 13:37:00,244,244,244,244,130300
2022-05-20 13:38:00,244,244,246,244,6400
2022-05-20 13:39:00,244,244,244,244,4000
2022-05-20 13:40:00,244,244,244,244,7300
2022-05-20 13:41:00,244,244,244,244,5000
2022-05-20 13:42:00,244,244,246,244,621900
2022-05-20 13:43:00,246,246,248,248,210100
2022-05-20 13:44:00,246,246,246,246,44600
2022-05-20 13:45:00,246,246,246,246,1000
2022-05-20 13:46:00,246,246,246,246,1500
2022-05-20 13:47:00,246,246,246,246,5900
2022-05-20 13:48:00,246,246,246,246,57600
2022-05-20 13:49:00,246,246,246,246,800
2022-05-20 13:50:00,246,246,246,246,7300
2022-05-20 13:51:00,246,246,246,246,0
2022-05-20 13:52:00,246,246,246,246,667600
2022-05-20 13:53:00,244,244,246,246,49200
2022-05-20 13:54:00,246,246,248,246,61700
2022-05-20 13:55:00,246,246,246,246,15700
2022-05-20 13:56:00,246,246,250,250,4113600
2022-05-20 13:57:00,250,250,250,250,608000
2022-05-20 13:58:00,250,250,250,250,38800
2022-05-20 13:59:00,252,250,252,250,361900
2022-05-20 14:00:00,250,248,250,248,67600
2022-05-20 14:01:00,250,248,250,250,7100
2022-05-20 14:02:00,250,250,250,250,5900
2022-05-20 14:03:00,250,248,250,248,32300
2022-05-20 14:04:00,248,248,250,250,49700
2022-05-20 14:05:00,250,248,250,248,50800
2022-05-20 14:06:00,248,248,248,248,40200
2022-05-20 14:07:00,250,248,250,250,526400
2022-05-20 14:08:00,250,250,252,252,159000
2022-05-20 14:09:00,252,252,252,252,40000
2022-05-20 14:10:00,252,250,252,250,6900
2022-05-20 14:11:00,250,250,250,250,20500
2022-05-20 14:12:00,250,250,250,250,34500
2022-05-20 14:13:00,250,250,250,250,108800
2022-05-20 14:14:00,250,250,252,250,42100
2022-05-20 14:15:00,250,250,252,250,29100
2022-05-20 14:16:00,250,250,250,250,40500
2022-05-20 14:17:00,250,250,250,250,33500
2022-05-20 14:18:00,250,250,250,250,254200
2022-05-20 14:19:00,250,250,250,250,28000
2022-05-20 14:20:00,250,250,250,250,584300
2022-05-20 14:21:00,250,250,250,250,118200
2022-05-20 14:22:00,250,250,250,250,6100
2022-05-20 14:23:00,250,250,250,250,23300
2022-05-20 14:24:00,248,248,248,248,45900
2022-05-20 14:25:00,250,250,250,250,5000
2022-05-20 14:26:00,250,250,250,250,50200
2022-05-20 14:27:00,250,250,250,250,0
2022-05-20 14:28:00,250,250,250,250,900
2022-05-20 14:29:00,248,248,250,248,12300
2022-05-20 14:30:00,248,246,248,246,773900
2022-05-20 14:31:00,246,246,248,246,131400
2022-05-20 14:32:00,246,246,248,246,154100
2022-05-20 14:33:00,248,246,248,246,54300
2022-05-20 14:34:00,246,246,248,248,81700
2022-05-20 14:35:00,248,248,248,248,116900
2022-05-20 14:36:00,246,246,248,248,11400
2022-05-20 14:37:00,246,246,248,246,254400
2022-05-20 14:38:00,246,246,248,248,505000
2022-05-20 14:39:00,248,248,248,248,16500
2022-05-20 14:40:00,246,246,248,248,14100
2022-05-20 14:41:00,248,248,248,248,4200
2022-05-20 14:42:00,246,246,246,246,113500
2022-05-20 14:43:00,246,244,246,246,2732800
2022-05-20 14:44:00,246,246,248,248,46800
2022-05-20 14:45:00,246,240,248,244,2871900
2022-05-20 14:46:00,244,242,244,242,38100
2022-05-20 14:47:00,242,242,244,242,676000
2022-05-20 14:48:00,244,242,244,242,179300
2022-05-20 14:49:00,242,240,244,240,2341000
2022-05-20 14:50:00,242,240,244,240,0
2022-05-20 14:51:00,242,240,244,240,0
2022-05-20 14:52:00,242,240,244,240,0
2022-05-20 14:53:00,242,240,244,240,0
2022-05-20 14:54:00,242,240,244,240,0
2022-05-20 14:55:00,242,240,244,240,0
2022-05-20 14:56:00,242,240,244,240,0
2022-05-20 14:57:00,242,240,244,240,0
2022-05-20 14:58:00,242,240,244,240,0
2022-05-20 14:59:00,242,240,244,240,0
2022-05-20 15:00:00,236,236,236,236,6253000
2022-05-20 15:01:00,236,236,236,236,309300
2022-05-20 15:02:00,236,236,236,236,64900
2022-05-20 15:03:00,236,236,236,236,115400
2022-05-20 15:04:00,236,236,236,236,43200
2022-05-20 15:05:00,236,236,236,236,222500
2022-05-20 15:06:00,236,236,236,236,36000
2022-05-20 15:07:00,236,236,236,236,101000
2022-05-20 15:08:00,236,236,236,236,131300
2022-05-20 15:09:00,236,236,236,236,6100
2022-05-20 15:10:00,236,236,236,236,2300
2022-05-20 15:11:00,236,236,236,236,15200
2022-05-20 15:12:00,236,236,236,236,3800
2022-05-20 15:13:00,236,236,236,236,0
2022-05-20 15:14:00,236,236,236,236,985400
2022-05-20 15:15:00,236,236,236,236,0
2022-05-20 15:16:00,236,236,236,236,0
2022-05-20 15:17:00,236,236,236,236,0
2022-05-20 15:18:00,236,236,236,236,0
2022-05-20 15:19:00,236,236,236,236,0
2022-05-20 15:20:00,236,236,236,236,0
2022-05-20 15:21:00,236,236,236,236,0
2022-05-20 15:22:00,236,236,236,236,0
2022-05-20 15:23:00,236,236,236,236,0
2022-05-20 15:24:00,236,236,236,236,0
2022-05-20 15:25:00,236,236,236,236,0
2022-05-20 15:26:00,236,236,236,236,0
2022-05-20 15:27:00,236,236,236,236,0
2022-05-20 15:28:00,236,236,236,236,0
2022-05-20 15:29:00,236,236,236,236,0
2022-05-20 15:30:00,236,236,236,236,0
2022-05-20 15:31:00,236,236,236,236,0
2022-05-20 15:32:00,236,236,236,236,0
2022-05-20 15:33:00,236,236,236,236,0
2022-05-20 15:34:00,236,236,236,236,0
2022-05-20 15:35:00,236,236,236,236,0
2022-05-20 15:36:00,236,236,236,236,0
2022-05-20 15:37:00,236,236,236,236,0
2022-05-20 15:38:00,236,236,236,236,0
2022-05-20 15:39:00,236,236,236,236,0
2022-05-20 15:40:00,236,236,236,236,0
2022-05-20 15:41:00,236,236,236,236,0
2022-05-20 15:42:00,236,236,236,236,0
2022-05-20 15:43:00,236,236,236,236,0
2022-05-20 15:44:00,236,236,236,236,0
2022-05-20 15:45:00,236,236,236,236,0
2022-05-20 15:46:00,236,236,236,236,0
2022-05-20 15:47:00,236,236,236,236,0
2022-05-20 15:48:00,236,236,236,236,0
2022-05-20 15:49:00,236,236,236,236,0
2022-05-20 15:50:00,236,236,236,236,0
2022-05-20 15:51:00,236,236,236,236,0
2022-05-20 15:52:00,236,236,236,236,0
2022-05-20 15:53:00,236,236,236,236,0
2022-05-20 15:54:00,236,236,236,236,0
2022-05-20 15:55:00,236,236,236,236,0
2022-05-20 15:56:00,236,236,236,236,0
2022-05-20 15:57:00,236,236,236,236,0
2022-05-20 15:58:00,236,236,236,236,0
2022-05-20 15:59:00,236,236,236,236,0
2022-05-23 09:00:00,236,236,236,236,0
2022-05-23 09:01:00,236,236,236,236,0
2022-05-23 09:02:00,236,236,236,236,0
2022-05-23 09:03:00,236,236,236,236,0
2022-05-23 09:04:00,236,236,236,236,0
2022-05-23 09:05:00,236,236,236,236,0
2022-05-23 09:06:00,236,236,236,236,0
2022-05-23 09:07:00,236,236,236,236,0
2022-05-23 09:08:00,236,236,236,236,0
2022-05-23 09:09:00,236,236,236,236,0
2022-05-23 09:10:00,236,236,236,236,0
2022-05-23 09:11:00,236,236,236,236,0
2022-05-23 09:12:00,236,236,236,236,0
2022-05-23 09:13:00,236,236,236,236,0
2022-05-23 09:14:00,236,236,236,236,0
2022-05-23 09:15:00,236,236,236,236,0
2022-05-23 09:16:00,236,236,236,236,0
2022-05-23 09:17:00,236,236,236,236,0
2022-05-23 09:18:00,236,236,236,236,0
2022-05-23 09:19:00,236,236,236,236,0
2022-05-23 09:20:00,236,236,236,236,0
2022-05-23 09:21:00,236,236,236,236,0
2022-05-23 09:22:00,236,236,236,236,0
2022-05-23 09:23:00,236,236,236,236,0
2022-05-23 09:24:00,236,236,236,236,0
2022-05-23 09:25:00,236,236,236,236,0
2022-05-23 09:26:00,236,236,236,236,0
2022-05-23 09:27:00,236,236,236,236,0
2022-05-23 09:28:00,236,236,236,236,0
2022-05-23 09:29:00,236,236,236,236,0
2022-05-23 09:30:00,236,236,236,236,0
2022-05-23 09:31:00,236,236,236,236,0
2022-05-23 09:32:00,236,236,236,236,0
2022-05-23 09:33:00,236,236,236,236,0
2022-05-23 09:34:00,236,236,236,236,0
2022-05-23 09:35:00,236,236,236,236,0
2022-05-23 09:36:00,236,236,236,236,0
2022-05-23 09:37:00,236,236,236,236,0
2022-05-23 09:38:00,236,236,236,236,0
2022-05-23 09:39:00,236,236,236,236,0
2022-05-23 09:40:00,236,236,236,236,0
2022-05-23 09:41:00,236,236,236,236,0
2022-05-23 09:42:00,236,236,236,236,0
2022-05-23 09:43:00,236,236,236,236,0
2022-05-23 09:44:00,236,236,236,236,0
2022-05-23 09:45:00,236,236,236,236,0
2022-05-23 09:46:00,236,236,236,236,0
2022-05-23 09:47:00,236,236,236,236,0
2022-05-23 09:48:00,236,236,236,236,0
2022-05-23 09:49:00,236,236,236,236,0
2022-05-23 09:50:00,236,236,236,236,0
2022-05-23 09:51:00,236,236,236,236,0
2022-05-23 09:52:00,236,236,236,236,0
2022-05-23 09:53:00,236,236,236,236,0
2022-05-23 09:54:00,236,236,236,236,0
2022-05-23 09:55:00,236,236,236,236,0
2022-05-23 09:56:00,236,236,236,236,0
2022-05-23 09:57:00,236,236,236,236,0
2022-05-23 09:58:00,236,236,236,236,0
2022-05-23 09:59:00,236,236,236,236,0
2022-05-23 10:00:00,236,236,236,236,0
2022-05-23 10:01:00,236,236,236,236,0
2022-05-23 10:02:00,236,236,236,236,0
2022-05-23 10:03:00,236,236,236,236,0
2022-05-23 10:04:00,236,236,236,236,0
2022-05-23 10:05:00,236,236,236,236,0
2022-05-23 10:06:00,236,236,236,236,0
2022-05-23 10:07:00,236,236,236,236,0
2022-05-23 10:08:00,236,236,236,236,0
2022-05-23 10:09:00,236,236,236,236,0
2022-05-23 10:10:00,236,236,236,236,0
2022-05-23 10:11:00,236,236,236,236,0
2022-05-23 10:12:00,236,236,236,236,0
2022-05-23 10:13:00,236,236,236,236,0
2022-05-23 10:14:00,236,236,236,236,0
2022-05-23 10:15:00,236,236,236,236,0
2022-05-23 10:16:00,236,236,236,236,0
2022-05-23 10:17:00,236,236,236,236,0
2022-05-23 10:18:00,236,236,236,236,0
2022-05-23 10:19:00,236,236,236,236,0
2022-05-23 10:20:00,236,236,236,236,0
2022-05-23 10:21:00,236,236,236,236,0
2022-05-23 10:22:00,236,236,236,236,0
2022-05-23 10:23:00,236,236,236,236,0
2022-05-23 10:24:00,236,236,236,236,0
2022-05-23 10:25:00,236,236,236,236,0
2022-05-23 10:26:00,236,236,236,236,0
2022-05-23 10:27:00,236,236,236,236,0
2022-05-23 10:28:00,236,236,236,236,0
2022-05-23 10:29:00,236,236,236,236,0
2022-05-23 10:30:00,236,236,236,236,0
2022-05-23 10:31:00,236,236,236,236,0
2022-05-23 10:32:00,236,236,236,236,0
2022-05-23 10:33:00,236,236,236,236,0
2022-05-23 10:34:00,236,236,236,236,0
2022-05-23 10:35:00,236,236,236,236,0
2022-05-23 10:36:00,236,236,236,236,0
2022-05-23 10:37:00,236,236,236,236,0
2022-05-23 10:38:00,236,236,236,236,0
2022-05-23 10:39:00,236,236,236,236,0
2022-05-23 10:40:00,236,236,236,236,0
2022-05-23 10:41:00,236,236,236,236,0
2022-05-23 10:42:00,236,236,236,236,0
2022-05-23 10:43:00,236,236,236,236,0
2022-05-23 10:44:00,236,236,236,236,0
2022-05-23 10:45:00,236,236,236,236,0
2022-05-23 10:46:00,236,236,236,236,0
2022-05-23 10:47:00,236,236,236,236,0
2022-05-23 10:48:00,236,236,236,236,0
2022-05-23 10:49:00,236,236,236,236,0
2022-05-23 10:50:00,236,236,236,236,0
2022-05-23 10:51:00,236,236,236,236,0
2022-05-23 10:52:00,236,236,236,236,0
2022-05-23 10:53:00,236,236,236,236,0
2022-05-23 10:54:00,236,236,236,236,0
2022-05-23 10:55:00,236,236,236,236,0
2022-05-23 10:56:00,236,236,236,236,0
2022-05-23 10:57:00,236,236,236,236,0
2022-05-23 10:58:00,236,236,236,236,0
2022-05-23 10:59:00,236,236,236,236,0
2022-05-23 11:00:00,236,236,236,236,0
2022-05-23 11:01:00,236,236,236,236,0
2022-05-23 11:02:00,236,236,236,236,0
2022-05-23 11:03:00,236,236,236,236,0
2022-05-23 11:04:00,236,236,236,236,0
2022-05-23 11:05:00,236,236,236,236,0
2022-05-23 11:06:00,236,236,236,236,0
2022-05-23 11:07:00,236,236,236,236,0
2022-05-23 11:08:00,236,236,236,236,0
2022-05-23 11:09:00,236,236,236,236,0
2022-05-23 11:10:00,236,236,236,236,0
2022-05-23 11:11:00,236,236,236,236,0
2022-05-23 11:12:00,236,236,236,236,0
2022-05-23 11:13:00,236,236,236,236,0
2022-05-23 11:14:00,236,236,236,236,0
2022-05-23 11:15:00,236,236,236,236,0
2022-05-23 11:16:00,236,236,236,236,0
2022-05-23 11:17:00,236,236,236,236,0
2022-05-23 11:18:00,236,236,236,236,0
2022-05-23 11:19:00,236,236,236,236,0
2022-05-23 11:20:00,236,236,236,236,0
2022-05-23 11:21:00,236,236,236,236,0
2022-05-23 11:22:00,236,236,236,236,0
2022-05-23 11:23:00,236,236,236,236,0
2022-05-23 11:24:00,236,236,236,236,0
2022-05-23 11:25:00,236,236,236,236,0
2022-05-23 11:26:00,236,236,236,236,0
2022-05-23 11:27:00,236,236,236,236,0
2022-05-23 11:28:00,236,236,236,236,0
2022-05-23 11:29:00,236,236,236,236,0
2022-05-23 11:30:00,236,236,236,236,0
2022-05-23 11:31:00,236,236,236,236,0
2022-05-23 11:32:00,236,236,236,236,0
2022-05-23 11:33:00,236,236,236,236,0
2022-05-23 11:34:00,236,236,236,236,0
2022-05-23 11:35:00,236,236,236,236,0
2022-05-23 11:36:00,236,236,236,236,0
2022-05-23 11:37:00,236,236,236,236,0
2022-05-23 11:38:00,236,236,236,236,0
2022-05-23 11:39:00,236,236,236,236,0
2022-05-23 11:40:00,236,236,236,236,0
2022-05-23 11:41:00,236,236,236,236,0
2022-05-23 11:42:00,236,236,236,236,0
2022-05-23 11:43:00,236,236,236,236,0
2022-05-23 11:44:00,236,236,236,236,0
2022-05-23 11:45:00,236,236,236,236,0
2022-05-23 11:46:00,236,236,236,236,0
2022-05-23 11:47:00,236,236,236,236,0
2022-05-23 11:48:00,236,236,236,236,0
2022-05-23 11:49:00,236,236,236,236,0
2022-05-23 11:50:00,236,236,236,236,0
2022-05-23 11:51:00,236,236,236,236,0
2022-05-23 11:52:00,236,236,236,236,0
2022-05-23 11:53:00,236,236,236,236,0
2022-05-23 11:54:00,236,236,236,236,0
2022-05-23 11:55:00,236,236,236,236,0
2022-05-23 11:56:00,236,236,236,236,0
2022-05-23 11:57:00,236,236,236,236,0
2022-05-23 11:58:00,236,236,236,236,0
2022-05-23 11:59:00,236,236,236,236,0
2022-05-23 12:00:00,236,236,236,236,0
2022-05-23 12:01:00,236,236,236,236,0
2022-05-23 12:02:00,236,236,236,236,0
2022-05-23 12:03:00,236,236,236,236,0
2022-05-23 12:04:00,236,236,236,236,0
2022-05-23 12:05:00,236,236,236,236,0
2022-05-23 12:06:00,236,236,236,236,0
2022-05-23 12:07:00,236,236,236,236,0
2022-05-23 12:08:00,236,236,236,236,0
2022-05-23 12:09:00,236,236,236,236,0
2022-05-23 12:10:00,236,236,236,236,0
2022-05-23 12:11:00,236,236,236,236,0
2022-05-23 12:12:00,236,236,236,236,0
2022-05-23 12:13:00,236,236,236,236,0
2022-05-23 12:14:00,236,236,236,236,0
2022-05-23 12:15:00,236,236,236,236,0
2022-05-23 12:16:00,236,236,236,236,0
2022-05-23 12:17:00,236,236,236,236,0
2022-05-23 12:18:00,236,236,236,236,0
2022-05-23 12:19:00,236,236,236,236,0
2022-05-23 12:20:00,236,236,236,236,0
2022-05-23 12:21:00,236,236,236,236,0
2022-05-23 12:22:00,236,236,236,236,0
2022-05-23 12:23:00,236,236,236,236,0
2022-05-23 12:24:00,236,236,236,236,0
2022-05-23 12:25:00,236,236,236,236,0
2022-05-23 12:26:00,236,236,236,236,0
2022-05-23 12:27:00,236,236,236,236,0
2022-05-23 12:28:00,236,236,236,236,0
2022-05-23 12:29:00,236,236,236,236,0
2022-05-23 12:30:00,236,236,236,236,0
2022-05-23 12:31:00,236,236,236,236,0
2022-05-23 12:32:00,236,236,236,236,0
2022-05-23 12:33:00,236,236,236,236,0
2022-05-23 12:34:00,236,236,236,236,0
2022-05-23 12:35:00,236,236,236,236,0
2022-05-23 12:36:00,236,236,236,236,0
2022-05-23 12:37:00,236,236,236,236,0
2022-05-23 12:38:00,236,236,236,236,0
2022-05-23 12:39:00,236,236,236,236,0
2022-05-23 12:40:00,236,236,236,236,0
2022-05-23 12:41:00,236,236,236,236,0
2022-05-23 12:42:00,236,236,236,236,0
2022-05-23 12:43:00,236,236,236,236,0
2022-05-23 12:44:00,236,236,236,236,0
2022-05-23 12:45:00,236,236,236,236,0
2022-05-23 12:46:00,236,236,236,236,0
2022-05-23 12:47:00,236,236,236,236,0
2022-05-23 12:48:00,236,236,236,236,0
2022-05-23 12:49:00,236,236,236,236,0
2022-05-23 12:50:00,236,236,236,236,0
2022-05-23 12:51:00,236,236,236,236,0
2022-05-23 12:52:00,236,236,236,236,0
2022-05-23 12:53:00,236,236,236,236,0
2022-05-23 12:54:00,236,236,236,236,0
2022-05-23 12:55:00,236,236,236,236,0
2022-05-23 12:56:00,236,236,236,236,0
2022-05-23 12:57:00,236,236,236,236,0
2022-05-23 12:58:00,236,236,236,236,0
2022-05-23 12:59:00,236,236,236,236,0
2022-05-23 13:00:00,236,236,236,236,0
2022-05-23 13:01:00,236,236,236,236,0
2022-05-23 13:02:00,236,236,236,236,0
2022-05-23 13:03:00,236,236,236,236,0
2022-05-23 13:04:00,236,236,236,236,0
2022-05-23 13:05:00,236,236,236,236,0
2022-05-23 13:06:00,236,236,236,236,0
2022-05-23 13:07:00,236,236,236,236,0
2022-05-23 13:08:00,236,236,236,236,0
2022-05-23 13:09:00,236,236,236,236,0
2022-05-23 13:10:00,236,236,236,236,0
2022-05-23 13:11:00,236,236,236,236,0
2022-05-23 13:12:00,236,236,236,236,0
2022-05-23 13:13:00,236,236,236,236,0
2022-05-23 13:14:00,236,236,236,236,0
2022-05-23 13:15:00,236,236,236,236,0
2022-05-23 13:16:00,236,236,236,236,0
2022-05-23 13:17:00,236,236,236,236,0
2022-05-23 13:18:00,236,236,236,236,0
2022-05-23 13:19:00,236,236,236,236,0
2022-05-23 13:20:00,236,236,236,236,0
2022-05-23 13:21:00,236,236,236,236,0
2022-05-23 13:22:00,236,236,236,236,0
2022-05-23 13:23:00,236,236,236,236,0
2022-05-23 13:24:00,236,236,236,236,0
2022-05-23 13:25:00,236,236,236,236,0
2022-05-23 13:26:00,236,236,236,236,0
2022-05-23 13:27:00,236,236,236,236,0
2022-05-23 13:28:00,236,236,236,236,0
2022-05-23 13:29:00,236,236,236,236,0
2022-05-23 13:30:00,236,236,236,236,0
2022-05-23 13:31:00,236,236,236,236,0
2022-05-23 13:32:00,236,236,236,236,0
2022-05-23 13:33:00,236,236,236,236,0
2022-05-23 13:34:00,236,236,236,236,0
2022-05-23 13:35:00,236,236,236,236,0
2022-05-23 13:36:00,236,236,236,236,0
2022-05-23 13:37:00,236,236,236,236,0
2022-05-23 13:38:00,236,236,236,236,0
2022-05-23 13:39:00,236,236,236,236,0
2022-05-23 13:40:00,236,236,236,236,0
2022-05-23 13:41:00,236,236,236,236,0
2022-05-23 13:42:00,236,236,236,236,0
2022-05-23 13:43:00,236,236,236,236,0
2022-05-23 13:44:00,236,236,236,236,0
2022-05-23 13:45:00,236,236,236,236,0
2022-05-23 13:46:00,236,236,236,236,0
2022-05-23 13:47:00,236,236,236,236,0
2022-05-23 13:48:00,236,236,236,236,0
2022-05-23 13:49:00,236,236,236,236,0
2022-05-23 13:50:00,236,236,236,236,0
2022-05-23 13:51:00,236,236,236,236,0
2022-05-23 13:52:00,236,236,236,236,0
2022-05-23 13:53:00,236,236,236,236,0
2022-05-23 13:54:00,236,236,236,236,0
2022-05-23 13:55:00,236,236,236,236,0
2022-05-23 13:56:00,236,236,236,236,0
2022-05-23 13:57:00,236,236,236,236,0
2022-05-23 13:58:00,236,236,236,236,0
2022-05-23 13:59:00,236,236,236,236,0
2022-05-23 14:00:00,236,236,236,236,0
2022-05-23 14:01:00,236,236,236,236,0
2022-05-23 14:02:00,236,236,236,236,0
2022-05-23 14:03:00,236,236,236,236,0
2022-05-23 14:04:00,236,236,236,236,0
2022-05-23 14:05:00,236,236,236,236,0
2022-05-23 14:06:00,236,236,236,236,0
2022-05-23 14:07:00,236,236,236,236,0
2022-05-23 14:08:00,236,236,236,236,0
2022-05-23 14:09:00,236,236,236,236,0
2022-05-23 14:10:00,236,236,236,236,0
2022-05-23 14:11:00,236,236,236,236,0
2022-05-23 14:12:00,236,236,236,236,0
2022-05-23 14:13:00,236,236,236,236,0
2022-05-23 14:14:00,236,236,236,236,0
2022-05-23 14:15:00,236,236,236,236,0
2022-05-23 14:16:00,236,236,236,236,0
2022-05-23 14:17:00,236,236,236,236,0
2022-05-23 14:18:00,236,236,236,236,0
2022-05-23 14:19:00,236,236,236,236,0
2022-05-23 14:20:00,236,236,236,236,0
2022-05-23 14:21:00,236,236,236,236,0
2022-05-23 14:22:00,236,236,236,236,0
2022-05-23 14:23:00,236,236,236,236,0
2022-05-23 14:24:00,236,236,236,236,0
2022-05-23 14:25:00,236,236,236,236,0
2022-05-23 14:26:00,236,236,236,236,0
2022-05-23 14:27:00,236,236,236,236,0
2022-05-23 14:28:00,236,236,236,236,0
2022-05-23 14:29:00,236,236,236,236,0
2022-05-23 14:30:00,236,236,236,236,0
2022-05-23 14:31:00,236,236,236,236,0
2022-05-23 14:32:00,236,236,236,236,0
2022-05-23 14:33:00,236,236,236,236,0
2022-05-23 14:34:00,236,236,236,236,0
2022-05-23 14:35:00,236,236,236,236,0
2022-05-23 14:36:00,236,236,236,236,0
2022-05-23 14:37:00,236,236,236,236,0
2022-05-23 14:38:00,236,236,236,236,0
2022-05-23 14:39:00,236,236,236,236,0
2022-05-23 14:40:00,236,236,236,236,0
2022-05-23 14:41:00,236,236,236,236,0
2022-05-23 14:42:00,236,236,236,236,0
2022-05-23 14:43:00,236,236,236,236,0
2022-05-23 14:44:00,236,236,236,236,0
2022-05-23 14:45:00,236,236,236,236,0
2022-05-23 14:46:00,236,236,236,236,0
2022-05-23 14:47:00,236,236,236,236,0
2022-05-23 14:48:00,236,236,236,236,0
2022-05-23 14:49:00,236,236,236,236,0
2022-05-23 14:50:00,236,236,236,236,0
2022-05-23 14:51:00,236,236,236,236,0
2022-05-23 14:52:00,236,236,236,236,0
2022-05-23 14:53:00,236,236,236,236,0
2022-05-23 14:54:00,236,236,236,236,0
2022-05-23 14:55:00,236,236,236,236,0
2022-05-23 14:56:00,236,236,236,236,0
2022-05-23 14:57:00,236,236,236,236,0
2022-05-23 14:58:00,236,236,236,236,0
2022-05-23 14:59:00,236,236,236,236,0
2022-05-23 15:00:00,236,236,236,236,0
2022-05-23 15:01:00,236,236,236,236,0
2022-05-23 15:02:00,236,236,236,236,0
2022-05-23 15:03:00,236,236,236,236,0
2022-05-23 15:04:00,236,236,236,236,0
2022-05-23 15:05:00,236,236,236,236,0
2022-05-23 15:06:00,236,236,236,236,0
2022-05-23 15:07:00,236,236,236,236,0
2022-05-23 15:08:00,236,236,236,236,0
2022-05-23 15:09:00,236,236,236,236,0
2022-05-23 15:10:00,236,236,236,236,0
2022-05-23 15:11:00,236,236,236,236,0
2022-05-23 15:12:00,236,236,236,236,0
2022-05-23 15:13:00,236,236,236,236,0
2022-05-23 15:14:00,236,236,236,236,0
2022-05-23 15:15:00,236,236,236,236,0
2022-05-23 15:16:00,236,236,236,236,0
2022-05-23 15:17:00,236,236,236,236,0
2022-05-23 15:18:00,236,236,236,236,0
2022-05-23 15:19:00,236,236,236,236,0
2022-05-23 15:20:00,236,236,236,236,0
2022-05-23 15:21:00,236,236,236,236,0
2022-05-23 15:22:00,236,236,236,236,0
2022-05-23 15:23:00,236,236,236,236,0
2022-05-23 15:24:00,236,236,236,236,0
2022-05-23 15:25:00,236,236,236,236,0
2022-05-23 15:26:00,236,236,236,236,0
2022-05-23 15:27:00,236,236,236,236,0
2022-05-23 15:28:00,236,236,236,236,0
2022-05-23 15:29:00,236,236,236,236,0
2022-05-23 15:30:00,236,236,236,236,0
2022-05-23 15:31:00,236,236,236,236,0
2022-05-23 15:32:00,236,236,236,236,0
2022-05-23 15:33:00,236,236,236,236,0
2022-05-23 15:34:00,236,236,236,236,0
2022-05-23 15:35:00,236,236,236,236,0
2022-05-23 15:36:00,236,236,236,236,0
2022-05-23 15:37:00,236,236,236,236,0
2022-05-23 15:38:00,236,236,236,236,0
2022-05-23 15:39:00,236,236,236,236,0
2022-05-23 15:40:00,236,236,236,236,0
2022-05-23 15:41:00,236,236,236,236,0
2022-05-23 15:42:00,236,236,236,236,0
2022-05-23 15:43:00,236,236,236,236,0
2022-05-23 15:44:00,236,236,236,236,0
2022-05-23 15:45:00,236,236,236,236,0
2022-05-23 15:46:00,236,236,236,236,0
2022-05-23 15:47:00,236,236,236,236,0
2022-05-23 15:48:00,236,236,236,236,0
2022-05-23 15:49:00,236,236,236,236,0
2022-05-23 15:50:00,236,236,236,236,0
2022-05-23 15:51:00,236,236,236,236,0
2022-05-23 15:52:00,236,236,236,236,0
2022-05-23 15:53:00,236,236,236,236,0
2022-05-23 15:54:00,236,236,236,236,0
2022-05-23 15:55:00,236,236,236,236,0
2022-05-23 15:56:00,236,236,236,236,0
2022-05-23 15:57:00,236,236,236,236,0
2022-05-23 15:58:00,236,236,236,236,0
2022-05-23 15:59:00,236,236,236,236,0
2022-05-24 09:00:00,236,236,236,236,0
2022-05-24 09:01:00,236,236,236,236,0
2022-05-24 09:02:00,236,236,236,236,0
2022-05-24 09:03:00,236,236,236,236,0
2022-05-24 09:04:00,236,236,236,236,0
2022-05-24 09:05:00,236,236,236,236,0
2022-05-24 09:06:00,236,236,236,236,0
2022-05-24 09:07:00,236,236,236,236,0
2022-05-24 09:08:00,236,236,236,236,0
2022-05-24 09:09:00,236,236,236,236,0
2022-05-24 09:10:00,236,236,236,236,0
2022-05-24 09:11:00,236,236,236,236,0
2022-05-24 09:12:00,236,236,236,236,0
2022-05-24 09:13:00,236,236,236,236,0
2022-05-24 09:14:00,236,236,236,236,0
2022-05-24 09:15:00,236,236,236,236,0
2022-05-24 09:16:00,236,236,236,236,0
2022-05-24 09:17:00,236,236,236,236,0
2022-05-24 09:18:00,236,236,236,236,0
2022-05-24 09:19:00,236,236,236,236,0
2022-05-24 09:20:00,236,236,236,236,0
2022-05-24 09:21:00,236,236,236,236,0
2022-05-24 09:22:00,236,236,236,236,0
2022-05-24 09:23:00,236,236,236,236,0
2022-05-24 09:24:00,236,236,236,236,0
2022-05-24 09:25:00,236,236,236,236,0
2022-05-24 09:26:00,236,236,236,236,0
2022-05-24 09:27:00,236,236,236,236,0
2022-05-24 09:28:00,236,236,236,236,0
2022-05-24 09:29:00,236,236,236,236,0
2022-05-24 09:30:00,236,236,236,236,0
2022-05-24 09:31:00,236,236,236,236,0
2022-05-24 09:32:00,236,236,236,236,0
2022-05-24 09:33:00,236,236,236,236,0
2022-05-24 09:34:00,236,236,236,236,0
2022-05-24 09:35:00,236,236,236,236,0
2022-05-24 09:36:00,236,236,236,236,0
2022-05-24 09:37:00,236,236,236,236,0
2022-05-24 09:38:00,236,236,236,236,0
2022-05-24 09:39:00,236,236,236,236,0
2022-05-24 09:40:00,236,236,236,236,0
2022-05-24 09:41:00,236,236,236,236,0
2022-05-24 09:42:00,236,236,236,236,0
2022-05-24 09:43:00,236,236,236,236,0
2022-05-24 09:44:00,236,236,236,236,0
2022-05-24 09:45:00,236,236,236,236,0
2022-05-24 09:46:00,236,236,236,236,0
2022-05-24 09:47:00,236,236,236,236,0
2022-05-24 09:48:00,236,236,236,236,0
2022-05-24 09:49:00,236,236,236,236,0
2022-05-24 09:50:00,236,236,236,236,0
2022-05-24 09:51:00,236,236,236,236,0
2022-05-24 09:52:00,236,236,236,236,0
2022-05-24 09:53:00,236,236,236,236,0
2022-05-24 09:54:00,236,236,236,236,0
2022-05-24 09:55:00,236,236,236,236,0
2022-05-24 09:56:00,236,236,236,236,0
2022-05-24 09:57:00,236,236,236,236,0
2022-05-24 09:58:00,236,236,236,236,0
2022-05-24 09:59:00,236,236,236,236,0
2022-05-24 10:00:00,236,236,236,236,0
2022-05-24 10:01:00,236,236,236,236,0
2022-05-24 10:02:00,236,236,236,236,0
2022-05-24 10:03:00,236,236,236,236,0
2022-05-24 10:04:00,236,236,236,236,0
2022-05-24 10:05:00,236,236,236,236,0
2022-05-24 10:06:00,236,236,236,236,0
2022-05-24 10:07:00,236,236,236,236,0
2022-05-24 10:08:00,236,236,236,236,0
2022-05-24 10:09:00,236,236,236,236,0
2022-05-24 10:10:00,236,236,236,236,0
2022-05-24 10:11:00,236,236,236,236,0
2022-05-24 10:12:00,236,236,236,236,0
2022-05-24 10:13:00,236,236,236,236,0
2022-05-24 10:14:00,236,236,236,236,0
2022-05-24 10:15:00,236,236,236,236,0
2022-05-24 10:16:00,236,236,236,236,0
2022-05-24 10:17:00,236,236,236,236,0
2022-05-24 10:18:00,236,236,236,236,0
2022-05-24 10:19:00,236,236,236,236,0
2022-05-24 10:20:00,236,236,236,236,0
2022-05-24 10:21:00,236,236,236,236,0
2022-05-24 10:22:00,236,236,236,236,0
2022-05-24 10:23:00,236,236,236,236,0
2022-05-24 10:24:00,236,236,236,236,0
2022-05-24 10:25:00,236,236,236,236,0
2022-05-24 10:26:00,236,236,236,236,0
2022-05-24 10:27:00,236,236,236,236,0
2022-05-24 10:28:00,236,236,236,236,0
2022-05-24 10:29:00,236,236,236,236,0
2022-05-24 10:30:00,236,236,236,236,0
2022-05-24 10:31:00,236,236,236,236,0
2022-05-24 10:32:00,236,236,236,236,0
2022-05-24 10:33:00,236,236,236,236,0
2022-05-24 10:34:00,236,236,236,236,0
2022-05-24 10:35:00,236,236,236,236,0
2022-05-24 10:36:00,236,236,236,236,0
2022-05-24 10:37:00,236,236,236,236,0
2022-05-24 10:38:00,236,236,236,236,0
2022-05-24 10:39:00,236,236,236,236,0
2022-05-24 10:40:00,236,236,236,236,0
2022-05-24 10:41:00,236,236,236,236,0
2022-05-24 10:42:00,236,236,236,236,0
2022-05-24 10:43:00,236,236,236,236,0
2022-05-24 10:44:00,236,236,236,236,0
2022-05-24 10:45:00,236,236,236,236,0
2022-05-24 10:46:00,236,236,236,236,0
2022-05-24 10:47:00,236,236,236,236,0
2022-05-24 10:48:00,236,236,236,236,0
2022-05-24 10:49:00,236,236,236,236,0
2022-05-24 10:50:00,236,236,236,236,0
2022-05-24 10:51:00,236,236,236,236,0
2022-05-24 10:52:00,236,236,236,236,0
2022-05-24 10:53:00,236,236,236,236,0
2022-05-24 10:54:00,236,236,236,236,0
2022-05-24 10:55:00,236,236,236,236,0
2022-05-24 10:56:00,236,236,236,236,0
2022-05-24 10:57:00,236,236,236,236,0
2022-05-24 10:58:00,236,236,236,236,0
2022-05-24 10:59:00,236,236,236,236,0
2022-05-24 11:00:00,236,236,236,236,0
2022-05-24 11:01:00,236,236,236,236,0
2022-05-24 11:02:00,236,236,236,236,0
2022-05-24 11:03:00,236,236,236,236,0
2022-05-24 11:04:00,236,236,236,236,0
2022-05-24 11:05:00,236,236,236,236,0
2022-05-24 11:06:00,236,236,236,236,0
2022-05-24 11:07:00,236,236,236,236,0
2022-05-24 11:08:00,236,236,236,236,0
2022-05-24 11:09:00,236,236,236,236,0
2022-05-24 11:10:00,236,236,236,236,0
2022-05-24 11:11:00,236,236,236,236,0
2022-05-24 11:12:00,236,236,236,236,0
2022-05-24 11:13:00,236,236,236,236,0
2022-05-24 11:14:00,236,236,236,236,0
2022-05-24 11:15:00,236,236,236,236,0
2022-05-24 11:16:00,236,236,236,236,0
2022-05-24 11:17:00,236,236,236,236,0
2022-05-24 11:18:00,236,236,236,236,0
2022-05-24 11:19:00,236,236,236,236,0
2022-05-24 11:20:00,236,236,236,236,0
2022-05-24 11:21:00,236,236,236,236,0
2022-05-24 11:22:00,236,236,236,236,0
2022-05-24 11:23:00,236,236,236,236,0
2022-05-24 11:24:00,236,236,236,236,0
2022-05-24 11:25:00,236,236,236,236,0
2022-05-24 11:26:00,236,236,236,236,0
2022-05-24 11:27:00,236,236,236,236,0
2022-05-24 11:28:00,236,236,236,236,0
2022-05-24 11:29:00,236,236,236,236,0
2022-05-24 11:30:00,236,236,236,236,0
2022-05-24 11:31:00,236,236,236,236,0
2022-05-24 11:32:00,236,236,236,236,0
2022-05-24 11:33:00,236,236,236,236,0
2022-05-24 11:34:00,236,236,236,236,0
2022-05-24 11:35:00,236,236,236,236,0
2022-05-24 11:36:00,236,236,236,236,0
2022-05-24 11:37:00,236,236,236,236,0
2022-05-24 11:38:00,236,236,236,236,0
2022-05-24 11:39:00,236,236,236,236,0
2022-05-24 11:40:00,236,236,236,236,0
2022-05-24 11:41:00,236,236,236,236,0
2022-05-24 11:42:00,236,236,236,236,0
2022-05-24 11:43:00,236,236,236,236,0
2022-05-24 11:44:00,236,236,236,236,0
2022-05-24 11:45:00,236,236,236,236,0
2022-05-24 11:46:00,236,236,236,236,0
2022-05-24 11:47:00,236,236,236,236,0
2022-05-24 11:48:00,236,236,236,236,0
2022-05-24 11:49:00,236,236,236,236,0
2022-05-24 11:50:00,236,236,236,236,0
2022-05-24 11:51:00,236,236,236,236,0
2022-05-24 11:52:00,236,236,236,236,0
2022-05-24 11:53:00,236,236,236,236,0
2022-05-24 11:54:00,236,236,236,236,0
2022-05-24 11:55:00,236,236,236,236,0
2022-05-24 11:56:00,236,236,236,236,0
2022-05-24 11:57:00,236,236,236,236,0
2022-05-24 11:58:00,236,236,236,236,0
2022-05-24 11:59:00,236,236,236,236,0
2022-05-24 12:00:00,236,236,236,236,0
2022-05-24 12:01:00,236,236,236,236,0
2022-05-24 12:02:00,236,236,236,236,0
2022-05-24 12:03:00,236,236,236,236,0
2022-05-24 12:04:00,236,236,236,236,0
2022-05-24 12:05:00,236,236,236,236,0
2022-05-24 12:06:00,236,236,236,236,0
2022-05-24 12:07:00,236,236,236,236,0
2022-05-24 12:08:00,236,236,236,236,0
2022-05-24 12:09:00,236,236,236,236,0
2022-05-24 12:10:00,236,236,236,236,0
2022-05-24 12:11:00,236,236,236,236,0
2022-05-24 12:12:00,236,236,236,236,0
2022-05-24 12:13:00,236,236,236,236,0
2022-05-24 12:14:00,236,236,236,236,0
2022-05-24 12:15:00,236,236,236,236,0
2022-05-24 12:16:00,236,236,236,236,0
2022-05-24 12:17:00,236,236,236,236,0
2022-05-24 12:18:00,236,236,236,236,0
2022-05-24 12:19:00,236,236,236,236,0
2022-05-24 12:20:00,236,236,236,236,0
2022-05-24 12:21:00,236,236,236,236,0
2022-05-24 12:22:00,236,236,236,236,0
2022-05-24 12:23:00,236,236,236,236,0
2022-05-24 12:24:00,236,236,236,236,0
2022-05-24 12:25:00,236,236,236,236,0
2022-05-24 12:26:00,236,236,236,236,0
2022-05-24 12:27:00,236,236,236,236,0
2022-05-24 12:28:00,236,236,236,236,0
2022-05-24 12:29:00,236,236,236,236,0
2022-05-24 12:30:00,236,236,236,236,0
2022-05-24 12:31:00,236,236,236,236,0
2022-05-24 12:32:00,236,236,236,236,0
2022-05-24 12:33:00,236,236,236,236,0
2022-05-24 12:34:00,236,236,236,236,0
2022-05-24 12:35:00,236,236,236,236,0
2022-05-24 12:36:00,236,236,236,236,0
2022-05-24 12:37:00,236,236,236,236,0
2022-05-24 12:38:00,236,236,236,236,0
2022-05-24 12:39:00,236,236,236,236,0
2022-05-24 12:40:00,236,236,236,236,0
2022-05-24 12:41:00,236,236,236,236,0
2022-05-24 12:42:00,236,236,236,236,0
2022-05-24 12:43:00,236,236,236,236,0
2022-05-24 12:44:00,236,236,236,236,0
2022-05-24 12:45:00,236,236,236,236,0
2022-05-24 12:46:00,236,236,236,236,0
2022-05-24 12:47:00,236,236,236,236,0
2022-05-24 12:48:00,236,236,236,236,0
2022-05-24 12:49:00,236,236,236,236,0
2022-05-24 12:50:00,236,236,236,236,0
2022-05-24 12:51:00,236,236,236,236,0
2022-05-24 12:52:00,236,236,236,236,0
2022-05-24 12:53:00,236,236,236,236,0
2022-05-24 12:54:00,236,236,236,236,0
2022-05-24 12:55:00,236,236,236,236,0
2022-05-24 12:56:00,236,236,236,236,0
2022-05-24 12:57:00,236,236,236,236,0
2022-05-24 12:58:00,236,236,236,236,0
2022-05-24 12:59:00,236,236,236,236,0
2022-05-24 13:00:00,236,236,236,236,0
2022-05-24 13:01:00,236,236,236,236,0
2022-05-24 13:02:00,236,236,236,236,0
2022-05-24 13:03:00,236,236,236,236,0
2022-05-24 13:04:00,236,236,236,236,0
2022-05-24 13:05:00,236,236,236,236,0
2022-05-24 13:06:00,236,236,236,236,0
2022-05-24 13:07:00,236,236,236,236,0
2022-05-24 13:08:00,236,236,236,236,0
2022-05-24 13:09:00,236,236,236,236,0
2022-05-24 13:10:00,236,236,236,236,0
2022-05-24 13:11:00,236,236,236,236,0
2022-05-24 13:12:00,236,236,236,236,0
2022-05-24 13:13:00,236,236,236,236,0
2022-05-24 13:14:00,236,236,236,236,0
2022-05-24 13:15:00,236,236,236,236,0
2022-05-24 13:16:00,236,236,236,236,0
2022-05-24 13:17:00,236,236,236,236,0
2022-05-24 13:18:00,236,236,236,236,0
2022-05-24 13:19:00,236,236,236,236,0
2022-05-24 13:20:00,236,236,236,236,0
2022-05-24 13:21:00,236,236,236,236,0
2022-05-24 13:22:00,236,236,236,236,0
2022-05-24 13:23:00,236,236,236,236,0
2022-05-24 13:24:00,236,236,236,236,0
2022-05-24 13:25:00,236,236,236,236,0
2022-05-24 13:26:00,236,236,236,236,0
2022-05-24 13:27:00,236,236,236,236,0
2022-05-24 13:28:00,236,236,236,236,0
2022-05-24 13:29:00,236,236,236,236,0
2022-05-24 13:30:00,236,236,236,236,0
2022-05-24 13:31:00,236,236,236,236,0
2022-05-24 13:32:00,236,236,236,236,0
2022-05-24 13:33:00,236,236,236,236,0
2022-05-24 13:34:00,236,236,236,236,0
2022-05-24 13:35:00,236,236,236,236,0
2022-05-24 13:36:00,236,236,236,236,0
2022-05-24 13:37:00,236,236,236,236,0
2022-05-24 13:38:00,236,236,236,236,0
2022-05-24 13:39:00,236,236,236,236,0
2022-05-24 13:40:00,236,236,236,236,0
2022-05-24 13:41:00,236,236,236,236,0
2022-05-24 13:42:00,236,236,236,236,0
2022-05-24 13:43:00,236,236,236,236,0
2022-05-24 13:44:00,236,236,236,236,0
2022-05-24 13:45:00,236,236,236,236,0
2022-05-24 13:46:00,236,236,236,236,0
2022-05-24 13:47:00,236,236,236,236,0
2022-05-24 13:48:00,236,236,236,236,0
2022-05-24 13:49:00,236,236,236,236,0
2022-05-24 13:50:00,236,236,236,236,0
2022-05-24 13:51:00,236,236,236,236,0
2022-05-24 13:52:00,236,236,236,236,0
2022-05-24 13:53:00,236,236,236,236,0
2022-05-24 13:54:00,236,236,236,236,0
2022-05-24 13:55:00,236,236,236,236,0
2022-05-24 13:56:00,236,236,236,236,0
2022-05-24 13:57:00,236,236,236,236,0
2022-05-24 13:58:00,236,236,236,236,0
2022-05-24 13:59:00,236,236,236,236,0
2022-05-24 14:00:00,236,236,236,236,0
2022-05-24 14:01:00,236,236,236,236,0
2022-05-24 14:02:00,236,236,236,236,0
2022-05-24 14:03:00,236,236,236,236,0
2022-05-24 14:04:00,236,236,236,236,0
2022-05-24 14:05:00,236,236,236,236,0
2022-05-24 14:06:00,236,236,236,236,0
2022-05-24 14:07:00,236,236,236,236,0
2022-05-24 14:08:00,236,236,236,236,0
2022-05-24 14:09:00,236,236,236,236,0
2022-05-24 14:10:00,236,236,236,236,0
2022-05-24 14:11:00,236,236,236,236,0
2022-05-24 14:12:00,236,236,236,236,0
2022-05-24 14:13:00,236,236,236,236,0
2022-05-24 14:14:00,236,236,236,236,0
2022-05-24 14:15:00,236,236,236,236,0
2022-05-24 14:16:00,236,236,236,236,0
2022-05-24 14:17:00,236,236,236,236,0
2022-05-24 14:18:00,236,236,236,236,0
2022-05-24 14:19:00,236,236,236,236,0
2022-05-24 14:20:00,236,236,236,236,0
2022-05-24 14:21:00,236,236,236,236,0
2022-05-24 14:22:00,236,236,236,236,0
2022-05-24 14:23:00,236,236,236,236,0
2022-05-24 14:24:00,236,236,236,236,0
2022-05-24 14:25:00,236,236,236,236,0
2022-05-24 14:26:00,236,236,236,236,0
2022-05-24 14:27:00,236,236,236,236,0
2022-05-24 14:28:00,236,236,236,236,0
2022-05-24 14:29:00,236,236,236,236,0
2022-05-24 14:30:00,236,236,236,236,0
2022-05-24 14:31:00,236,236,236,236,0
2022-05-24 14:32:00,236,236,236,236,0
2022-05-24 14:33:00,236,236,236,236,0
2022-05-24 14:34:00,236,236,236,236,0
2022-05-24 14:35:00,236,236,236,236,0
2022-05-24 14:36:00,236,236,236,236,0
2022-05-24 14:37:00,236,236,236,236,0
2022-05-24 14:38:00,236,236,236,236,0
2022-05-24 14:39:00,236,236,236,236,0
2022-05-24 14:40:00,236,236,236,236,0
2022-05-24 14:41:00,236,236,236,236,0
2022-05-24 14:42:00,236,236,236,236,0
2022-05-24 14:43:00,236,236,236,236,0
2022-05-24 14:44:00,236,236,236,236,0
2022-05-24 14:45:00,236,236,236,236,0
2022-05-24 14:46:00,236,236,236,236,0
2022-05-24 14:47:00,236,236,236,236,0
2022-05-24 14:48:00,236,236,236,236,0
2022-05-24 14:49:00,236,236,236,236,0
2022-05-24 14:50:00,236,236,236,236,0
2022-05-24 14:51:00,236,236,236,236,0
2022-05-24 14:52:00,236,236,236,236,0
2022-05-24 14:53:00,236,236,236,236,0
2022-05-24 14:54:00,236,236,236,236,0
2022-05-24 14:55:00,236,236,236,236,0
2022-05-24 14:56:00,236,236,236,236,0
2022-05-24 14:57:00,236,236,236,236,0
2022-05-24 14:58:00,236,236,236,236,0
2022-05-24 14:59:00,236,236,236,236,0
2022-05-24 15:00:00,236,236,236,236,0
2022-05-24 15:01:00,236,236,236,236,0
2022-05-24 15:02:00,236,236,236,236,0
2022-05-24 15:03:00,236,236,236,236,0
2022-05-24 15:04:00,236,236,236,236,0
2022-05-24 15:05:00,236,236,236,236,0
2022-05-24 15:06:00,236,236,236,236,0
2022-05-24 15:07:00,236,236,236,236,0
2022-05-24 15:08:00,236,236,236,236,0
2022-05-24 15:09:00,236,236,236,236,0
2022-05-24 15:10:00,236,236,236,236,0
2022-05-24 15:11:00,236,236,236,236,0
2022-05-24 15:12:00,236,236,236,236,0
2022-05-24 15:13:00,236,236,236,236,0
2022-05-24 15:14:00,236,236,236,236,0
2022-05-24 15:15:00,236,236,236,236,0
2022-05-24 15:16:00,236,236,236,236,0
2022-05-24 15:17:00,236,236,236,236,0
2022-05-24 15:18:00,236,236,236,236,0
2022-05-24 15:19:00,236,236,236,236,0
2022-05-24 15:20:00,236,236,236,236,0
2022-05-24 15:21:00,236,236,236,236,0
2022-05-24 15:22:00,236,236,236,236,0
2022-05-24 15:23:00,236,236,236,236,0
2022-05-24 15:24:00,236,236,236,236,0
2022-05-24 15:25:00,236,236,236,236,0
2022-05-24 15:26:00,236,236,236,236,0
2022-05-24 15:27:00,236,236,236,236,0
2022-05-24 15:28:00,236,236,236,236,0
2022-05-24 15:29:00,236,236,236,236,0
2022-05-24 15:30:00,236,236,236,236,0
2022-05-24 15:31:00,236,236,236,236,0
2022-05-24 15:32:00,236,236,236,236,0
2022-05-24 15:33:00,236,236,236,236,0
2022-05-24 15:34:00,236,236,236,236,0
2022-05-24 15:35:00,236,236,236,236,0
2022-05-24 15:36:00,236,236,236,236,0
2022-05-24 15:37:00,236,236,236,236,0
2022-05-24 15:38:00,236,236,236,236,0
2022-05-24 15:39:00,236,236,236,236,0
2022-05-24 15:40:00,236,236,236,236,0
2022-05-24 15:41:00,236,236,236,236,0
2022-05-24 15:42:00,236,236,236,236,0
2022-05-24 15:43:00,236,236,236,236,0
2022-05-24 15:44:00,236,236,236,236,0
2022-05-24 15:45:00,236,236,236,236,0
2022-05-24 15:46:00,236,236,236,236,0
2022-05-24 15:47:00,236,236,236,236,0
2022-05-24 15:48:00,236,236,236,236,0
2022-05-24 15:49:00,236,236,236,236,0
2022-05-24 15:50:00,236,236,236,236,0
2022-05-24 15:51:00,236,236,236,236,0
2022-05-24 15:52:00,236,236,236,236,0
2022-05-24 15:53:00,236,236,236,236,0
2022-05-24 15:54:00,236,236,236,236,0
2022-05-24 15:55:00,236,236,236,236,0
2022-05-24 15:56:00,236,236,236,236,0
2022-05-24 15:57:00,236,236,236,236,0
2022-05-24 15:58:00,236,236,236,236,0
2022-05-24 15:59:00,236,236,236,236,0
2022-05-25 09:00:00,236,236,236,236,0
2022-05-25 09:01:00,236,236,236,236,0
2022-05-25 09:02:00,236,236,236,236,0
2022-05-25 09:03:00,236,236,236,236,0
2022-05-25 09:04:00,236,236,236,236,0
2022-05-25 09:05:00,236,236,236,236,0
2022-05-25 09:06:00,236,236,236,236,0
2022-05-25 09:07:00,236,236,236,236,0
2022-05-25 09:08:00,236,236,236,236,0
2022-05-25 09:09:00,236,236,236,236,0
2022-05-25 09:10:00,236,236,236,236,0
2022-05-25 09:11:00,236,236,236,236,0
2022-05-25 09:12:00,236,236,236,236,0
2022-05-25 09:13:00,236,236,236,236,0
2022-05-25 09:14:00,236,236,236,236,0
2022-05-25 09:15:00,236,236,236,236,0
2022-05-25 09:16:00,236,236,236,236,0
2022-05-25 09:17:00,236,236,236,236,0
2022-05-25 09:18:00,236,236,236,236,0
2022-05-25 09:19:00,236,236,236,236,0
2022-05-25 09:20:00,236,236,236,236,0
2022-05-25 09:21:00,236,236,236,236,0
2022-05-25 09:22:00,236,236,236,236,0
2022-05-25 09:23:00,236,236,236,236,0
2022-05-25 09:24:00,236,236,236,236,0
2022-05-25 09:25:00,236,236,236,236,0
2022-05-25 09:26:00,236,236,236,236,0
2022-05-25 09:27:00,236,236,236,236,0
2022-05-25 09:28:00,236,236,236,236,0
2022-05-25 09:29:00,236,236,236,236,0
2022-05-25 09:30:00,236,236,236,236,0
2022-05-25 09:31:00,236,236,236,236,0
2022-05-25 09:32:00,236,236,236,236,0
2022-05-25 09:33:00,236,236,236,236,0
2022-05-25 09:34:00,236,236,236,236,0
2022-05-25 09:35:00,236,236,236,236,0
2022-05-25 09:36:00,236,236,236,236,0
2022-05-25 09:37:00,236,236,236,236,0
2022-05-25 09:38:00,236,236,236,236,0
2022-05-25 09:39:00,236,236,236,236,0
2022-05-25 09:40:00,236,236,236,236,0
2022-05-25 09:41:00,236,236,236,236,0
2022-05-25 09:42:00,236,236,236,236,0
2022-05-25 09:43:00,236,236,236,236,0
2022-05-25 09:44:00,236,236,236,236,0
2022-05-25 09:45:00,236,236,236,236,0
2022-05-25 09:46:00,236,236,236,236,0
2022-05-25 09:47:00,236,236,236,236,0
2022-05-25 09:48:00,236,236,236,236,0
2022-05-25 09:49:00,236,236,236,236,0
2022-05-25 09:50:00,236,236,236,236,0
2022-05-25 09:51:00,236,236,236,236,0
2022-05-25 09:52:00,236,236,236,236,0
2022-05-25 09:53:00,236,236,236,236,0
2022-05-25 09:54:00,236,236,236,236,0
2022-05-25 09:55:00,236,236,236,236,0
2022-05-25 09:56:00,236,236,236,236,0
2022-05-25 09:57:00,236,236,236,236,0
2022-05-25 09:58:00,236,236,236,236,0
2022-05-25 09:59:00,236,236,236,236,0
2022-05-25 10:00:00,236,236,236,236,0
2022-05-25 10:01:00,236,236,236,236,0
2022-05-25 10:02:00,236,236,236,236,0
2022-05-25 10:03:00,236,236,236,236,0
2022-05-25 10:04:00,236,236,236,236,0
2022-05-25 10:05:00,236,236,236,236,0
2022-05-25 10:06:00,236,236,236,236,0
2022-05-25 10:07:00,236,236,236,236,0
2022-05-25 10:08:00,236,236,236,236,0
2022-05-25 10:09:00,236,236,236,236,0
2022-05-25 10:10:00,236,236,236,236,0
2022-05-25 10:11:00,236,236,236,236,0
2022-05-25 10:12:00,236,236,236,236,0
2022-05-25 10:13:00,236,236,236,236,0
2022-05-25 10:14:00,236,236,236,236,0
2022-05-25 10:15:00,236,236,236,236,0
2022-05-25 10:16:00,236,236,236,236,0
2022-05-25 10:17:00,236,236,236,236,0
2022-05-25 10:18:00,236,236,236,236,0
2022-05-25 10:19:00,236,236,236,236,0
2022-05-25 10:20:00,236,236,236,236,0
2022-05-25 10:21:00,236,236,236,236,0
2022-05-25 10:22:00,236,236,236,236,0
2022-05-25 10:23:00,236,236,236,236,0
2022-05-25 10:24:00,236,236,236,236,0
2022-05-25 10:25:00,236,236,236,236,0
2022-05-25 10:26:00,236,236,236,236,0
2022-05-25 10:27:00,236,236,236,236,0
2022-05-25 10:28:00,236,236,236,236,0
2022-05-25 10:29:00,236,236,236,236,0
2022-05-25 10:30:00,236,236,236,236,0
2022-05-25 10:31:00,236,236,236,236,0
2022-05-25 10:32:00,236,236,236,236,0
2022-05-25 10:33:00,236,236,236,236,0
2022-05-25 10:34:00,236,236,236,236,0
2022-05-25 10:35:00,236,236,236,236,0
2022-05-25 10:36:00,236,236,236,236,0
2022-05-25 10:37:00,236,236,236,236,0
2022-05-25 10:38:00,236,236,236,236,0
2022-05-25 10:39:00,236,236,236,236,0
2022-05-25 10:40:00,236,236,236,236,0
2022-05-25 10:41:00,236,236,236,236,0
2022-05-25 10:42:00,236,236,236,236,0
2022-05-25 10:43:00,236,236,236,236,0
2022-05-25 10:44:00,236,236,236,236,0
2022-05-25 10:45:00,236,236,236,236,0
2022-05-25 10:46:00,236,236,236,236,0
2022-05-25 10:47:00,236,236,236,236,0
2022-05-25 10:48:00,236,236,236,236,0
2022-05-25 10:49:00,236,236,236,236,0
2022-05-25 10:50:00,236,236,236,236,0
2022-05-25 10:51:00,236,236,236,236,0
2022-05-25 10:52:00,236,236,236,236,0
2022-05-25 10:53:00,236,236,236,236,0
2022-05-25 10:54:00,236,236,236,236,0
2022-05-25 10:55:00,236,236,236,236,0
2022-05-25 10:56:00,236,236,236,236,0
2022-05-25 10:57:00,236,236,236,236,0
2022-05-25 10:58:00,236,236,236,236,0
2022-05-25 10:59:00,236,236,236,236,0
2022-05-25 11:00:00,236,236,236,236,0
2022-05-25 11:01:00,236,236,236,236,0
2022-05-25 11:02:00,236,236,236,236,0
2022-05-25 11:03:00,236,236,236,236,0
2022-05-25 11:04:00,236,236,236,236,0
2022-05-25 11:05:00,236,236,236,236,0
2022-05-25 11:06:00,236,236,236,236,0
2022-05-25 11:07:00,236,236,236,236,0
2022-05-25 11:08:00,236,236,236,236,0
2022-05-25 11:09:00,236,236,236,236,0
2022-05-25 11:10:00,236,236,236,236,0
2022-05-25 11:11:00,236,236,236,236,0
2022-05-25 11:12:00,236,236,236,236,0
2022-05-25 11:13:00,236,236,236,236,0
2022-05-25 11:14:00,236,236,236,236,0
2022-05-25 11:15:00,236,236,236,236,0
2022-05-25 11:16:00,236,236,236,236,0
2022-05-25 11:17:00,236,236,236,236,0
2022-05-25 11:18:00,236,236,236,236,0
2022-05-25 11:19:00,236,236,236,236,0
2022-05-25 11:20:00,236,236,236,236,0
2022-05-25 11:21:00,236,236,236,236,0
2022-05-25 11:22:00,236,236,236,236,0
2022-05-25 11:23:00,236,236,236,236,0
2022-05-25 11:24:00,236,236,236,236,0
2022-05-25 11:25:00,236,236,236,236,0
2022-05-25 11:26:00,236,236,236,236,0
2022-05-25 11:27:00,236,236,236,236,0
2022-05-25 11:28:00,236,236,236,236,0
2022-05-25 11:29:00,236,236,236,236,0
2022-05-25 11:30:00,236,236,236,236,0
2022-05-25 11:31:00,236,236,236,236,0
2022-05-25 11:32:00,236,236,236,236,0
2022-05-25 11:33:00,236,236,236,236,0
2022-05-25 11:34:00,236,236,236,236,0
2022-05-25 11:35:00,236,236,236,236,0
2022-05-25 11:36:00,236,236,236,236,0
2022-05-25 11:37:00,236,236,236,236,0
2022-05-25 11:38:00,236,236,236,236,0
2022-05-25 11:39:00,236,236,236,236,0
2022-05-25 11:40:00,236,236,236,236,0
2022-05-25 11:41:00,236,236,236,236,0
2022-05-25 11:42:00,236,236,236,236,0
2022-05-25 11:43:00,236,236,236,236,0
2022-05-25 11:44:00,236,236,236,236,0
2022-05-25 11:45:00,236,236,236,236,0
2022-05-25 11:46:00,236,236,236,236,0
2022-05-25 11:47:00,236,236,236,236,0
2022-05-25 11:48:00,236,236,236,236,0
2022-05-25 11:49:00,236,236,236,236,0
2022-05-25 11:50:00,236,236,236,236,0
2022-05-25 11:51:00,236,236,236,236,0
2022-05-25 11:52:00,236,236,236,236,0
2022-05-25 11:53:00,236,236,236,236,0
2022-05-25 11:54:00,236,236,236,236,0
2022-05-25 11:55:00,236,236,236,236,0
2022-05-25 11:56:00,236,236,236,236,0
2022-05-25 11:57:00,236,236,236,236,0
2022-05-25 11:58:00,236,236,236,236,0
2022-05-25 11:59:00,236,236,236,236,0
2022-05-25 12:00:00,236,236,236,236,0
2022-05-25 12:01:00,236,236,236,236,0
2022-05-25 12:02:00,236,236,236,236,0
2022-05-25 12:03:00,236,236,236,236,0
2022-05-25 12:04:00,236,236,236,236,0
2022-05-25 12:05:00,236,236,236,236,0
2022-05-25 12:06:00,236,236,236,236,0
2022-05-25 12:07:00,236,236,236,236,0
2022-05-25 12:08:00,236,236,236,236,0
2022-05-25 12:09:00,236,236,236,236,0
2022-05-25 12:10:00,236,236,236,236,0
2022-05-25 12:11:00,236,236,236,236,0
2022-05-25 12:12:00,236,236,236,236,0
2022-05-25 12:13:00,236,236,236,236,0
2022-05-25 12:14:00,236,236,236,236,0
2022-05-25 12:15:00,236,236,236,236,0
2022-05-25 12:16:00,236,236,236,236,0
2022-05-25 12:17:00,236,236,236,236,0
2022-05-25 12:18:00,236,236,236,236,0
2022-05-25 12:19:00,236,236,236,236,0
2022-05-25 12:20:00,236,236,236,236,0
2022-05-25 12:21:00,236,236,236,236,0
2022-05-25 12:22:00,236,236,236,236,0
2022-05-25 12:23:00,236,236,236,236,0
2022-05-25 12:24:00,236,236,236,236,0
2022-05-25 12:25:00,236,236,236,236,0
2022-05-25 12:26:00,236,236,236,236,0
2022-05-25 12:27:00,236,236,236,236,0
2022-05-25 12:28:00,236,236,236,236,0
2022-05-25 12:29:00,236,236,236,236,0
2022-05-25 12:30:00,236,236,236,236,0
2022-05-25 12:31:00,236,236,236,236,0
2022-05-25 12:32:00,236,236,236,236,0
2022-05-25 12:33:00,236,236,236,236,0
2022-05-25 12:34:00,236,236,236,236,0
2022-05-25 12:35:00,236,236,236,236,0
2022-05-25 12:36:00,236,236,236,236,0
2022-05-25 12:37:00,236,236,236,236,0
2022-05-25 12:38:00,236,236,236,236,0
2022-05-25 12:39:00,236,236,236,236,0
2022-05-25 12:40:00,236,236,236,236,0
2022-05-25 12:41:00,236,236,236,236,0
2022-05-25 12:42:00,236,236,236,236,0
2022-05-25 12:43:00,236,236,236,236,0
2022-05-25 12:44:00,236,236,236,236,0
2022-05-25 12:45:00,236,236,236,236,0
2022-05-25 12:46:00,236,236,236,236,0
2022-05-25 12:47:00,236,236,236,236,0
2022-05-25 12:48:00,236,236,236,236,0
2022-05-25 12:49:00,236,236,236,236,0
2022-05-25 12:50:00,236,236,236,236,0
2022-05-25 12:51:00,236,236,236,236,0
2022-05-25 12:52:00,236,236,236,236,0
2022-05-25 12:53:00,236,236,236,236,0
2022-05-25 12:54:00,236,236,236,236,0
2022-05-25 12:55:00,236,236,236,236,0
2022-05-25 12:56:00,236,236,236,236,0
2022-05-25 12:57:00,236,236,236,236,0
2022-05-25 12:58:00,236,236,236,236,0
2022-05-25 12:59:00,236,236,236,236,0
2022-05-25 13:00:00,236,236,236,236,0
2022-05-25 13:01:00,236,236,236,236,0
2022-05-25 13:02:00,236,236,236,236,0
2022-05-25 13:03:00,236,236,236,236,0
2022-05-25 13:04:00,236,236,236,236,0
2022-05-25 13:05:00,236,236,236,236,0
2022-05-25 13:06:00,236,236,236,236,0
2022-05-25 13:07:00,236,236,236,236,0
2022-05-25 13:08:00,236,236,236,236,0
2022-05-25 13:09:00,236,236,236,236,0
2022-05-25 13:10:00,236,236,236,236,0
2022-05-25 13:11:00,236,236,236,236,0
2022-05-25 13:12:00,236,236,236,236,0
2022-05-25 13:13:00,236,236,236,236,0
2022-05-25 13:14:00,236,236,236,236,0
2022-05-25 13:15:00,236,236,236,236,0
2022-05-25 13:16:00,236,236,236,236,0
2022-05-25 13:17:00,236,236,236,236,0
2022-05-25 13:18:00,236,236,236,236,0
2022-05-25 13:19:00,236,236,236,236,0
2022-05-25 13:20:00,236,236,236,236,0
2022-05-25 13:21:00,236,236,236,236,0
2022-05-25 13:22:00,236,236,236,236,0
2022-05-25 13:23:00,236,236,236,236,0
2022-05-25 13:24:00,236,236,236,236,0
2022-05-25 13:25:00,236,236,236,236,0
2022-05-25 13:26:00,236,236,236,236,0
2022-05-25 13:27:00,236,236,236,236,0
2022-05-25 13:28:00,236,236,236,236,0
2022-05-25 13:29:00,236,236,236,236,0
2022-05-25 13:30:00,236,236,236,236,0
2022-05-25 13:31:00,236,236,236,236,0
2022-05-25 13:32:00,236,236,236,236,0
2022-05-25 13:33:00,236,236,236,236,0
2022-05-25 13:34:00,236,236,236,236,0
2022-05-25 13:35:00,236,236,236,236,0
2022-05-25 13:36:00,236,236,236,236,0
2022-05-25 13:37:00,236,236,236,236,0
2022-05-25 13:38:00,236,236,236,236,0
2022-05-25 13:39:00,236,236,236,236,0
2022-05-25 13:40:00,236,236,236,236,0
2022-05-25 13:41:00,236,236,236,236,0
2022-05-25 13:42:00,236,236,236,236,0
2022-05-25 13:43:00,236,236,236,236,0
2022-05-25 13:44:00,236,236,236,236,0
2022-05-25 13:45:00,236,236,236,236,0
2022-05-25 13:46:00,236,236,236,236,0
2022-05-25 13:47:00,236,236,236,236,0
2022-05-25 13:48:00,236,236,236,236,0
2022-05-25 13:49:00,236,236,236,236,0
2022-05-25 13:50:00,236,236,236,236,0
2022-05-25 13:51:00,236,236,236,236,0
2022-05-25 13:52:00,236,236,236,236,0
2022-05-25 13:53:00,236,236,236,236,0
2022-05-25 13:54:00,236,236,236,236,0
2022-05-25 13:55:00,236,236,236,236,0
2022-05-25 13:56:00,236,236,236,236,0
2022-05-25 13:57:00,236,236,236,236,0
2022-05-25 13:58:00,236,236,236,236,0
2022-05-25 13:59:00,236,236,236,236,0
2022-05-25 14:00:00,236,236,236,236,0
2022-05-25 14:01:00,236,236,236,236,0
2022-05-25 14:02:00,236,236,236,236,0
2022-05-25 14:03:00,236,236,236,236,0
2022-05-25 14:04:00,236,236,236,236,0
2022-05-25 14:05:00,236,236,236,236,0
2022-05-25 14:06:00,236,236,236,236,0
2022-05-25 14:07:00,236,236,236,236,0
2022-05-25 14:08:00,236,236,236,236,0
2022-05-25 14:09:00,236,236,236,236,0
2022-05-25 14:10:00,236,236,236,236,0
2022-05-25 14:11:00,236,236,236,236,0
2022-05-25 14:12:00,236,236,236,236,0
2022-05-25 14:13:00,236,236,236,236,0
2022-05-25 14:14:00,236,236,236,236,0
2022-05-25 14:15:00,236,236,236,236,0
2022-05-25 14:16:00,236,236,236,236,0
2022-05-25 14:17:00,236,236,236,236,0
2022-05-25 14:18:00,236,236,236,236,0
2022-05-25 14:19:00,236,236,236,236,0
2022-05-25 14:20:00,236,236,236,236,0
2022-05-25 14:21:00,236,236,236,236,0
2022-05-25 14:22:00,236,236,236,236,0
2022-05-25 14:23:00,236,236,236,236,0
2022-05-25 14:24:00,236,236,236,236,0
2022-05-25 14:25:00,236,236,236,236,0
2022-05-25 14:26:00,236,236,236,236,0
2022-05-25 14:27:00,236,236,236,236,0
2022-05-25 14:28:00,236,236,236,236,0
2022-05-25 14:29:00,236,236,236,236,0
2022-05-25 14:30:00,236,236,236,236,0
2022-05-25 14:31:00,236,236,236,236,0
2022-05-25 14:32:00,236,236,236,236,0
2022-05-25 14:33:00,236,236,236,236,0
2022-05-25 14:34:00,236,236,236,236,0
2022-05-25 14:35:00,236,236,236,236,0
2022-05-25 14:36:00,236,236,236,236,0
2022-05-25 14:37:00,236,236,236,236,0
2022-05-25 14:38:00,236,236,236,236,0
2022-05-25 14:39:00,236,236,236,236,0
2022-05-25 14:40:00,236,236,236,236,0
2022-05-25 14:41:00,236,236,236,236,0
2022-05-25 14:42:00,236,236,236,236,0
2022-05-25 14:43:00,236,236,236,236,0
2022-05-25 14:44:00,236,236,236,236,0
2022-05-25 14:45:00,236,236,236,236,0
2022-05-25 14:46:00,236,236,236,236,0
2022-05-25 14:47:00,236,236,236,236,0
2022-05-25 14:48:00,236,236,236,236,0
2022-05-25 14:49:00,236,236,236,236,0
2022-05-25 14:50:00,236,236,236,236,0
2022-05-25 14:51:00,236,236,236,236,0
2022-05-25 14:52:00,236,236,236,236,0
2022-05-25 14:53:00,236,236,236,236,0
2022-05-25 14:54:00,236,236,236,236,0
2022-05-25 14:55:00,236,236,236,236,0
2022-05-25 14:56:00,236,236,236,236,0
2022-05-25 14:57:00,236,236,236,236,0
2022-05-25 14:58:00,236,236,236,236,0
2022-05-25 14:59:00,236,236,236,236,0
2022-05-25 15:00:00,236,236,236,236,0
2022-05-25 15:01:00,236,236,236,236,0
2022-05-25 15:02:00,236,236,236,236,0
2022-05-25 15:03:00,236,236,236,236,0
2022-05-25 15:04:00,236,236,236,236,0
2022-05-25 15:05:00,236,236,236,236,0
2022-05-25 15:06:00,236,236,236,236,0
2022-05-25 15:07:00,236,236,236,236,0
2022-05-25 15:08:00,236,236,236,236,0
2022-05-25 15:09:00,236,236,236,236,0
2022-05-25 15:10:00,236,236,236,236,0
2022-05-25 15:11:00,236,236,236,236,0
2022-05-25 15:12:00,236,236,236,236,0
2022-05-25 15:13:00,236,236,236,236,0
2022-05-25 15:14:00,236,236,236,236,0
2022-05-25 15:15:00,236,236,236,236,0
2022-05-25 15:16:00,236,236,236,236,0
2022-05-25 15:17:00,236,236,236,236,0
2022-05-25 15:18:00,236,236,236,236,0
2022-05-25 15:19:00,236,236,236,236,0
2022-05-25 15:20:00,236,236,236,236,0
2022-05-25 15:21:00,236,236,236,236,0
2022-05-25 15:22:00,236,236,236,236,0
2022-05-25 15:23:00,236,236,236,236,0
2022-05-25 15:24:00,236,236,236,236,0
2022-05-25 15:25:00,236,236,236,236,0
2022-05-25 15:26:00,236,236,236,236,0
2022-05-25 15:27:00,236,236,236,236,0
2022-05-25 15:28:00,236,236,236,236,0
2022-05-25 15:29:00,236,236,236,236,0
2022-05-25 15:30:00,236,236,236,236,0
2022-05-25 15:31:00,236,236,236,236,0
2022-05-25 15:32:00,236,236,236,236,0
2022-05-25 15:33:00,236,236,236,236,0
2022-05-25 15:34:00,236,236,236,236,0
2022-05-25 15:35:00,236,236,236,236,0
2022-05-25 15:36:00,236,236,236,236,0
2022-05-25 15:37:00,236,236,236,236,0
2022-05-25 15:38:00,236,236,236,236,0
2022-05-25 15:39:00,236,236,236,236,0
2022-05-25 15:40:00,236,236,236,236,0
2022-05-25 15:41:00,236,236,236,236,0
2022-05-25 15:42:00,236,236,236,236,0
2022-05-25 15:43:00,236,236,236,236,0
2022-05-25 15:44:00,236,236,236,236,0
2022-05-25 15:45:00,236,236,236,236,0
2022-05-25 15:46:00,236,236,236,236,0
2022-05-25 15:47:00,236,236,236,236,0
2022-05-25 15:48:00,236,236,236,236,0
2022-05-25 15:49:00,236,236,236,236,0
2022-05-25 15:50:00,236,236,236,236,0
2022-05-25 15:51:00,236,236,236,236,0
2022-05-25 15:52:00,236,236,236,236,0
2022-05-25 15:53:00,236,236,236,236,0
2022-05-25 15:54:00,236,236,236,236,0
2022-05-25 15:55:00,236,236,236,236,0
2022-05-25 15:56:00,236,236,236,236,0
2022-05-25 15:57:00,236,236,236,236,0
2022-05-25 15:58:00,236,236,236,236,0
2022-05-25 15:59:00,236,236,236,236,0
2022-05-26 09:00:00,236,236,236,236,0
2022-05-26 09:01:00,236,236,236,236,0
2022-05-26 09:02:00,236,236,236,236,0
2022-05-26 09:03:00,236,236,236,236,0
2022-05-26 09:04:00,236,236,236,236,0
2022-05-26 09:05:00,236,236,236,236,0
2022-05-26 09:06:00,236,236,236,236,0
2022-05-26 09:07:00,236,236,236,236,0
2022-05-26 09:08:00,236,236,236,236,0
2022-05-26 09:09:00,236,236,236,236,0
2022-05-26 09:10:00,236,236,236,236,0
2022-05-26 09:11:00,236,236,236,236,0
2022-05-26 09:12:00,236,236,236,236,0
2022-05-26 09:13:00,236,236,236,236,0
2022-05-26 09:14:00,236,236,236,236,0
2022-05-26 09:15:00,236,236,236,236,0
2022-05-26 09:16:00,236,236,236,236,0
2022-05-26 09:17:00,236,236,236,236,0
2022-05-26 09:18:00,236,236,236,236,0
2022-05-26 09:19:00,236,236,236,236,0
2022-05-26 09:20:00,236,236,236,236,0
2022-05-26 09:21:00,236,236,236,236,0
2022-05-26 09:22:00,236,236,236,236,0
2022-05-26 09:23:00,236,236,236,236,0
2022-05-26 09:24:00,236,236,236,236,0
2022-05-26 09:25:00,236,236,236,236,0
2022-05-26 09:26:00,236,236,236,236,0
2022-05-26 09:27:00,236,236,236,236,0
2022-05-26 09:28:00,236,236,236,236,0
2022-05-26 09:29:00,236,236,236,236,0
2022-05-26 09:30:00,236,236,236,236,0
2022-05-26 09:31:00,236,236,236,236,0
2022-05-26 09:32:00,236,236,236,236,0
2022-05-26 09:33:00,236,236,236,236,0
2022-05-26 09:34:00,236,236,236,236,0
2022-05-26 09:35:00,236,236,236,236,0
2022-05-26 09:36:00,236,236,236,236,0
2022-05-26 09:37:00,236,236,236,236,0
2022-05-26 09:38:00,236,236,236,236,0
2022-05-26 09:39:00,236,236,236,236,0
2022-05-26 09:40:00,236,236,236,236,0
2022-05-26 09:41:00,236,236,236,236,0
2022-05-26 09:42:00,236,236,236,236,0
2022-05-26 09:43:00,236,236,236,236,0
2022-05-26 09:44:00,236,236,236,236,0
2022-05-26 09:45:00,236,236,236,236,0
2022-05-26 09:46:00,236,236,236,236,0
2022-05-26 09:47:00,236,236,236,236,0
2022-05-26 09:48:00,236,236,236,236,0
2022-05-26 09:49:00,236,236,236,236,0
2022-05-26 09:50:00,236,236,236,236,0
2022-05-26 09:51:00,236,236,236,236,0
2022-05-26 09:52:00,236,236,236,236,0
2022-05-26 09:53:00,236,236,236,236,0
2022-05-26 09:54:00,236,236,236,236,0
2022-05-26 09:55:00,236,236,236,236,0
2022-05-26 09:56:00,236,236,236,236,0
2022-05-26 09:57:00,236,236,236,236,0
2022-05-26 09:58:00,236,236,236,236,0
2022-05-26 09:59:00,236,236,236,236,0
2022-05-26 10:00:00,236,236,236,236,0
2022-05-26 10:01:00,236,236,236,236,0
2022-05-26 10:02:00,236,236,236,236,0
2022-05-26 10:03:00,236,236,236,236,0
2022-05-26 10:04:00,236,236,236,236,0
2022-05-26 10:05:00,236,236,236,236,0
2022-05-26 10:06:00,236,236,236,236,0
2022-05-26 10:07:00,236,236,236,236,0
2022-05-26 10:08:00,236,236,236,236,0
2022-05-26 10:09:00,236,236,236,236,0
2022-05-26 10:10:00,236,236,236,236,0
2022-05-26 10:11:00,236,236,236,236,0
2022-05-26 10:12:00,236,236,236,236,0
2022-05-26 10:13:00,236,236,236,236,0
2022-05-26 10:14:00,236,236,236,236,0
2022-05-26 10:15:00,236,236,236,236,0
2022-05-26 10:16:00,236,236,236,236,0
2022-05-26 10:17:00,236,236,236,236,0
2022-05-26 10:18:00,236,236,236,236,0
2022-05-26 10:19:00,236,236,236,236,0
2022-05-26 10:20:00,236,236,236,236,0
2022-05-26 10:21:00,236,236,236,236,0
2022-05-26 10:22:00,236,236,236,236,0
2022-05-26 10:23:00,236,236,236,236,0
2022-05-26 10:24:00,236,236,236,236,0
2022-05-26 10:25:00,236,236,236,236,0
2022-05-26 10:26:00,236,236,236,236,0
2022-05-26 10:27:00,236,236,236,236,0
2022-05-26 10:28:00,236,236,236,236,0
2022-05-26 10:29:00,236,236,236,236,0
2022-05-26 10:30:00,236,236,236,236,0
2022-05-26 10:31:00,236,236,236,236,0
2022-05-26 10:32:00,236,236,236,236,0
2022-05-26 10:33:00,236,236,236,236,0
2022-05-26 10:34:00,236,236,236,236,0
2022-05-26 10:35:00,236,236,236,236,0
2022-05-26 10:36:00,236,236,236,236,0
2022-05-26 10:37:00,236,236,236,236,0
2022-05-26 10:38:00,236,236,236,236,0
2022-05-26 10:39:00,236,236,236,236,0
2022-05-26 10:40:00,236,236,236,236,0
2022-05-26 10:41:00,236,236,236,236,0
2022-05-26 10:42:00,236,236,236,236,0
2022-05-26 10:43:00,236,236,236,236,0
2022-05-26 10:44:00,236,236,236,236,0
2022-05-26 10:45:00,236,236,236,236,0
2022-05-26 10:46:00,236,236,236,236,0
2022-05-26 10:47:00,236,236,236,236,0
2022-05-26 10:48:00,236,236,236,236,0
2022-05-26 10:49:00,236,236,236,236,0
2022-05-26 10:50:00,236,236,236,236,0
2022-05-26 10:51:00,236,236,236,236,0
2022-05-26 10:52:00,236,236,236,236,0
2022-05-26 10:53:00,236,236,236,236,0
2022-05-26 10:54:00,236,236,236,236,0
2022-05-26 10:55:00,236,236,236,236,0
2022-05-26 10:56:00,236,236,236,236,0
2022-05-26 10:57:00,236,236,236,236,0
2022-05-26 10:58:00,236,236,236,236,0
2022-05-26 10:59:00,236,236,236,236,0
2022-05-26 11:00:00,236,236,236,236,0
2022-05-26 11:01:00,236,236,236,236,0
2022-05-26 11:02:00,236,236,236,236,0
2022-05-26 11:03:00,236,236,236,236,0
2022-05-26 11:04:00,236,236,236,236,0
2022-05-26 11:05:00,236,236,236,236,0
2022-05-26 11:06:00,236,236,236,236,0
2022-05-26 11:07:00,236,236,236,236,0
2022-05-26 11:08:00,236,236,236,236,0
2022-05-26 11:09:00,236,236,236,236,0
2022-05-26 11:10:00,236,236,236,236,0
2022-05-26 11:11:00,236,236,236,236,0
2022-05-26 11:12:00,236,236,236,236,0
2022-05-26 11:13:00,236,236,236,236,0
2022-05-26 11:14:00,236,236,236,236,0
2022-05-26 11:15:00,236,236,236,236,0
2022-05-26 11:16:00,236,236,236,236,0
2022-05-26 11:17:00,236,236,236,236,0
2022-05-26 11:18:00,236,236,236,236,0
2022-05-26 11:19:00,236,236,236,236,0
2022-05-26 11:20:00,236,236,236,236,0
2022-05-26 11:21:00,236,236,236,236,0
2022-05-26 11:22:00,236,236,236,236,0
2022-05-26 11:23:00,236,236,236,236,0
2022-05-26 11:24:00,236,236,236,236,0
2022-05-26 11:25:00,236,236,236,236,0
2022-05-26 11:26:00,236,236,236,236,0
2022-05-26 11:27:00,236,236,236,236,0
2022-05-26 11:28:00,236,236,236,236,0
2022-05-26 11:29:00,236,236,236,236,0
2022-05-26 11:30:00,236,236,236,236,0
2022-05-26 11:31:00,236,236,236,236,0
2022-05-26 11:32:00,236,236,236,236,0
2022-05-26 11:33:00,236,236,236,236,0
2022-05-26 11:34:00,236,236,236,236,0
2022-05-26 11:35:00,236,236,236,236,0
2022-05-26 11:36:00,236,236,236,236,0
2022-05-26 11:37:00,236,236,236,236,0
2022-05-26 11:38:00,236,236,236,236,0
2022-05-26 11:39:00,236,236,236,236,0
2022-05-26 11:40:00,236,236,236,236,0
2022-05-26 11:41:00,236,236,236,236,0
2022-05-26 11:42:00,236,236,236,236,0
2022-05-26 11:43:00,236,236,236,236,0
2022-05-26 11:44:00,236,236,236,236,0
2022-05-26 11:45:00,236,236,236,236,0
2022-05-26 11:46:00,236,236,236,236,0
2022-05-26 11:47:00,236,236,236,236,0
2022-05-26 11:48:00,236,236,236,236,0
2022-05-26 11:49:00,236,236,236,236,0
2022-05-26 11:50:00,236,236,236,236,0
2022-05-26 11:51:00,236,236,236,236,0
2022-05-26 11:52:00,236,236,236,236,0
2022-05-26 11:53:00,236,236,236,236,0
2022-05-26 11:54:00,236,236,236,236,0
2022-05-26 11:55:00,236,236,236,236,0
2022-05-26 11:56:00,236,236,236,236,0
2022-05-26 11:57:00,236,236,236,236,0
2022-05-26 11:58:00,236,236,236,236,0
2022-05-26 11:59:00,236,236,236,236,0
2022-05-26 12:00:00,236,236,236,236,0
2022-05-26 12:01:00,236,236,236,236,0
2022-05-26 12:02:00,236,236,236,236,0
2022-05-26 12:03:00,236,236,236,236,0
2022-05-26 12:04:00,236,236,236,236,0
2022-05-26 12:05:00,236,236,236,236,0
2022-05-26 12:06:00,236,236,236,236,0
2022-05-26 12:07:00,236,236,236,236,0
2022-05-26 12:08:00,236,236,236,236,0
2022-05-26 12:09:00,236,236,236,236,0
2022-05-26 12:10:00,236,236,236,236,0
2022-05-26 12:11:00,236,236,236,236,0
2022-05-26 12:12:00,236,236,236,236,0
2022-05-26 12:13:00,236,236,236,236,0
2022-05-26 12:14:00,236,236,236,236,0
2022-05-26 12:15:00,236,236,236,236,0
2022-05-26 12:16:00,236,236,236,236,0
2022-05-26 12:17:00,236,236,236,236,0
2022-05-26 12:18:00,236,236,236,236,0
2022-05-26 12:19:00,236,236,236,236,0
2022-05-26 12:20:00,236,236,236,236,0
2022-05-26 12:21:00,236,236,236,236,0
2022-05-26 12:22:00,236,236,236,236,0
2022-05-26 12:23:00,236,236,236,236,0
2022-05-26 12:24:00,236,236,236,236,0
2022-05-26 12:25:00,236,236,236,236,0
2022-05-26 12:26:00,236,236,236,236,0
2022-05-26 12:27:00,236,236,236,236,0
2022-05-26 12:28:00,236,236,236,236,0
2022-05-26 12:29:00,236,236,236,236,0
2022-05-26 12:30:00,236,236,236,236,0
2022-05-26 12:31:00,236,236,236,236,0
2022-05-26 12:32:00,236,236,236,236,0
2022-05-26 12:33:00,236,236,236,236,0
2022-05-26 12:34:00,236,236,236,236,0
2022-05-26 12:35:00,236,236,236,236,0
2022-05-26 12:36:00,236,236,236,236,0
2022-05-26 12:37:00,236,236,236,236,0
2022-05-26 12:38:00,236,236,236,236,0
2022-05-26 12:39:00,236,236,236,236,0
2022-05-26 12:40:00,236,236,236,236,0
2022-05-26 12:41:00,236,236,236,236,0
2022-05-26 12:42:00,236,236,236,236,0
2022-05-26 12:43:00,236,236,236,236,0
2022-05-26 12:44:00,236,236,236,236,0
2022-05-26 12:45:00,236,236,236,236,0
2022-05-26 12:46:00,236,236,236,236,0
2022-05-26 12:47:00,236,236,236,236,0
2022-05-26 12:48:00,236,236,236,236,0
2022-05-26 12:49:00,236,236,236,236,0
2022-05-26 12:50:00,236,236,236,236,0
2022-05-26 12:51:00,236,236,236,236,0
2022-05-26 12:52:00,236,236,236,236,0
2022-05-26 12:53:00,236,236,236,236,0
2022-05-26 12:54:00,236,236,236,236,0
2022-05-26 12:55:00,236,236,236,236,0
2022-05-26 12:56:00,236,236,236,236,0
2022-05-26 12:57:00,236,236,236,236,0
2022-05-26 12:58:00,236,236,236,236,0
2022-05-26 12:59:00,236,236,236,236,0
2022-05-26 13:00:00,236,236,236,236,0
2022-05-26 13:01:00,236,236,236,236,0
2022-05-26 13:02:00,236,236,236,236,0
2022-05-26 13:03:00,236,236,236,236,0
2022-05-26 13:04:00,236,236,236,236,0
2022-05-26 13:05:00,236,236,236,236,0
2022-05-26 13:06:00,236,236,236,236,0
2022-05-26 13:07:00,236,236,236,236,0
2022-05-26 13:08:00,236,236,236,236,0
2022-05-26 13:09:00,236,236,236,236,0
2022-05-26 13:10:00,236,236,236,236,0
2022-05-26 13:11:00,236,236,236,236,0
2022-05-26 13:12:00,236,236,236,236,0
2022-05-26 13:13:00,236,236,236,236,0
2022-05-26 13:14:00,236,236,236,236,0
2022-05-26 13:15:00,236,236,236,236,0
2022-05-26 13:16:00,236,236,236,236,0
2022-05-26 13:17:00,236,236,236,236,0
2022-05-26 13:18:00,236,236,236,236,0
2022-05-26 13:19:00,236,236,236,236,0
2022-05-26 13:20:00,236,236,236,236,0
2022-05-26 13:21:00,236,236,236,236,0
2022-05-26 13:22:00,236,236,236,236,0
2022-05-26 13:23:00,236,236,236,236,0
2022-05-26 13:24:00,236,236,236,236,0
2022-05-26 13:25:00,236,236,236,236,0
2022-05-26 13:26:00,236,236,236,236,0
2022-05-26 13:27:00,236,236,236,236,0
2022-05-26 13:28:00,236,236,236,236,0
2022-05-26 13:29:00,236,236,236,236,0
2022-05-26 13:30:00,236,236,236,236,0
2022-05-26 13:31:00,236,236,236,236,0
2022-05-26 13:32:00,236,236,236,236,0
2022-05-26 13:33:00,236,236,236,236,0
2022-05-26 13:34:00,236,236,236,236,0
2022-05-26 13:35:00,236,236,236,236,0
2022-05-26 13:36:00,236,236,236,236,0
2022-05-26 13:37:00,236,236,236,236,0
2022-05-26 13:38:00,236,236,236,236,0
2022-05-26 13:39:00,236,236,236,236,0
2022-05-26 13:40:00,236,236,236,236,0
2022-05-26 13:41:00,236,236,236,236,0
2022-05-26 13:42:00,236,236,236,236,0
2022-05-26 13:43:00,236,236,236,236,0
2022-05-26 13:44:00,236,236,236,236,0
2022-05-26 13:45:00,236,236,236,236,0
2022-05-26 13:46:00,236,236,236,236,0
2022-05-26 13:47:00,236,236,236,236,0
2022-05-26 13:48:00,236,236,236,236,0
2022-05-26 13:49:00,236,236,236,236,0
2022-05-26 13:50:00,236,236,236,236,0
2022-05-26 13:51:00,236,236,236,236,0
2022-05-26 13:52:00,236,236,236,236,0
2022-05-26 13:53:00,236,236,236,236,0
2022-05-26 13:54:00,236,236,236,236,0
2022-05-26 13:55:00,236,236,236,236,0
2022-05-26 13:56:00,236,236,236,236,0
2022-05-26 13:57:00,236,236,236,236,0
2022-05-26 13:58:00,236,236,236,236,0
2022-05-26 13:59:00,236,236,236,236,0
2022-05-26 14:00:00,236,236,236,236,0
2022-05-26 14:01:00,236,236,236,236,0
2022-05-26 14:02:00,236,236,236,236,0
2022-05-26 14:03:00,236,236,236,236,0
2022-05-26 14:04:00,236,236,236,236,0
2022-05-26 14:05:00,236,236,236,236,0
2022-05-26 14:06:00,236,236,236,236,0
2022-05-26 14:07:00,236,236,236,236,0
2022-05-26 14:08:00,236,236,236,236,0
2022-05-26 14:09:00,236,236,236,236,0
2022-05-26 14:10:00,236,236,236,236,0
2022-05-26 14:11:00,236,236,236,236,0
2022-05-26 14:12:00,236,236,236,236,0
2022-05-26 14:13:00,236,236,236,236,0
2022-05-26 14:14:00,236,236,236,236,0
2022-05-26 14:15:00,236,236,236,236,0
2022-05-26 14:16:00,236,236,236,236,0
2022-05-26 14:17:00,236,236,236,236,0
2022-05-26 14:18:00,236,236,236,236,0
2022-05-26 14:19:00,236,236,236,236,0
2022-05-26 14:20:00,236,236,236,236,0
2022-05-26 14:21:00,236,236,236,236,0
2022-05-26 14:22:00,236,236,236,236,0
2022-05-26 14:23:00,236,236,236,236,0
2022-05-26 14:24:00,236,236,236,236,0
2022-05-26 14:25:00,236,236,236,236,0
2022-05-26 14:26:00,236,236,236,236,0
2022-05-26 14:27:00,236,236,236,236,0
2022-05-26 14:28:00,236,236,236,236,0
2022-05-26 14:29:00,236,236,236,236,0
2022-05-26 14:30:00,236,236,236,236,0
2022-05-26 14:31:00,236,236,236,236,0
2022-05-26 14:32:00,236,236,236,236,0
2022-05-26 14:33:00,236,236,236,236,0
2022-05-26 14:34:00,236,236,236,236,0
2022-05-26 14:35:00,236,236,236,236,0
2022-05-26 14:36:00,236,236,236,236,0
2022-05-26 14:37:00,236,236,236,236,0
2022-05-26 14:38:00,236,236,236,236,0
2022-05-26 14:39:00,236,236,236,236,0
2022-05-26 14:40:00,236,236,236,236,0
2022-05-26 14:41:00,236,236,236,236,0
2022-05-26 14:42:00,236,236,236,236,0
2022-05-26 14:43:00,236,236,236,236,0
2022-05-26 14:44:00,236,236,236,236,0
2022-05-26 14:45:00,236,236,236,236,0
2022-05-26 14:46:00,236,236,236,236,0
2022-05-26 14:47:00,236,236,236,236,0
2022-05-26 14:48:00,236,236,236,236,0
2022-05-26 14:49:00,236,236,236,236,0
2022-05-26 14:50:00,236,236,236,236,0
2022-05-26 14:51:00,236,236,236,236,0
2022-05-26 14:52:00,236,236,236,236,0
2022-05-26 14:53:00,236,236,236,236,0
2022-05-26 14:54:00,236,236,236,236,0
2022-05-26 14:55:00,236,236,236,236,0
2022-05-26 14:56:00,236,236,236,236,0
2022-05-26 14:57:00,236,236,236,236,0
2022-05-26 14:58:00,236,236,236,236,0
2022-05-26 14:59:00,236,236,236,236,0
2022-05-26 15:00:00,236,236,236,236,0
2022-05-26 15:01:00,236,236,236,236,0
2022-05-26 15:02:00,236,236,236,236,0
2022-05-26 15:03:00,236,236,236,236,0
2022-05-26 15:04:00,236,236,236,236,0
2022-05-26 15:05:00,236,236,236,236,0
2022-05-26 15:06:00,236,236,236,236,0
2022-05-26 15:07:00,236,236,236,236,0
2022-05-26 15:08:00,236,236,236,236,0
2022-05-26 15:09:00,236,236,236,236,0
2022-05-26 15:10:00,236,236,236,236,0
2022-05-26 15:11:00,236,236,236,236,0
2022-05-26 15:12:00,236,236,236,236,0
2022-05-26 15:13:00,236,236,236,236,0
2022-05-26 15:14:00,236,236,236,236,0
2022-05-26 15:15:00,236,236,236,236,0
2022-05-26 15:16:00,236,236,236,236,0
2022-05-26 15:17:00,236,236,236,236,0
2022-05-26 15:18:00,236,236,236,236,0
2022-05-26 15:19:00,236,236,236,236,0
2022-05-26 15:20:00,236,236,236,236,0
2022-05-26 15:21:00,236,236,236,236,0
2022-05-26 15:22:00,236,236,236,236,0
2022-05-26 15:23:00,236,236,236,236,0
2022-05-26 15:24:00,236,236,236,236,0
2022-05-26 15:25:00,236,236,236,236,0
2022-05-26 15:26:00,236,236,236,236,0
2022-05-26 15:27:00,236,236,236,236,0
2022-05-26 15:28:00,236,236,236,236,0
2022-05-26 15:29:00,236,236,236,236,0
2022-05-26 15:30:00,236,236,236,236,0
2022-05-26 15:31:00,236,236,236,236,0
2022-05-26 15:32:00,236,236,236,236,0
2022-05-26 15:33:00,236,236,236,236,0
2022-05-26 15:34:00,236,236,236,236,0
2022-05-26 15:35:00,236,236,236,236,0
2022-05-26 15:36:00,236,236,236,236,0
2022-05-26 15:37:00,236,236,236,236,0
2022-05-26 15:38:00,236,236,236,236,0
2022-05-26 15:39:00,236,236,236,236,0
2022-05-26 15:40:00,236,236,236,236,0
2022-05-26 15:41:00,236,236,236,236,0
2022-05-26 15:42:00,236,236,236,236,0
2022-05-26 15:43:00,236,236,236,236,0
2022-05-26 15:44:00,236,236,236,236,0
2022-05-26 15:45:00,236,236,236,236,0
2022-05-26 15:46:00,236,236,236,236,0
2022-05-26 15:47:00,236,236,236,236,0
2022-05-26 15:48:00,236,236,236,236,0
2022-05-26 15:49:00,236,236,236,236,0
2022-05-26 15:50:00,236,236,236,236,0
2022-05-26 15:51:00,236,236,236,236,0
2022-05-26 15:52:00,236,236,236,236,0
2022-05-26 15:53:00,236,236,236,236,0
2022-05-26 15:54:00,236,236,236,236,0
2022-05-26 15:55:00,236,236,236,236,0
2022-05-26 15:56:00,236,236,236,236,0
2022-05-26 15:57:00,236,236,236,236,0
2022-05-26 15:58:00,236,236,236,236,0
2022-05-26 15:59:00,236,236,236,236,0
2022-05-27 09:00:00,236,236,236,236,0
2022-05-27 09:01:00,236,236,236,236,0
2022-05-27 09:02:00,236,236,236,236,0
2022-05-27 09:03:00,236,236,236,236,0
2022-05-27 09:04:00,236,236,236,236,0
2022-05-27 09:05:00,236,236,236,236,0
2022-05-27 09:06:00,236,236,236,236,0
2022-05-27 09:07:00,236,236,236,236,0
2022-05-27 09:08:00,236,236,236,236,0
2022-05-27 09:09:00,236,236,236,236,0
2022-05-27 09:10:00,236,236,236,236,0
2022-05-27 09:11:00,236,236,236,236,0
2022-05-27 09:12:00,236,236,236,236,0
2022-05-27 09:13:00,236,236,236,236,0
2022-05-27 09:14:00,236,236,236,236,0
2022-05-27 09:15:00,236,236,236,236,0
2022-05-27 09:16:00,236,236,236,236,0
2022-05-27 09:17:00,236,236,236,236,0
2022-05-27 09:18:00,236,236,236,236,0
2022-05-27 09:19:00,236,236,236,236,0
2022-05-27 09:20:00,236,236,236,236,0
2022-05-27 09:21:00,236,236,236,236,0
2022-05-27 09:22:00,236,236,236,236,0
2022-05-27 09:23:00,236,236,236,236,0
2022-05-27 09:24:00,236,236,236,236,0
2022-05-27 09:25:00,236,236,236,236,0
2022-05-27 09:26:00,236,236,236,236,0
2022-05-27 09:27:00,236,236,236,236,0
2022-05-27 09:28:00,236,236,236,236,0
2022-05-27 09:29:00,236,236,236,236,0
2022-05-27 09:30:00,236,236,236,236,0
2022-05-27 09:31:00,236,236,236,236,0
2022-05-27 09:32:00,236,236,236,236,0
2022-05-27 09:33:00,236,236,236,236,0
2022-05-27 09:34:00,236,236,236,236,0
2022-05-27 09:35:00,236,236,236,236,0
2022-05-27 09:36:00,236,236,236,236,0
2022-05-27 09:37:00,236,236,236,236,0
2022-05-27 09:38:00,236,236,236,236,0
2022-05-27 09:39:00,236,236,236,236,0
2022-05-27 09:40:00,236,236,236,236,0
2022-05-27 09:41:00,236,236,236,236,0
2022-05-27 09:42:00,236,236,236,236,0
2022-05-27 09:43:00,236,236,236,236,0
2022-05-27 09:44:00,236,236,236,236,0
2022-05-27 09:45:00,236,236,236,236,0
2022-05-27 09:46:00,236,236,236,236,0
2022-05-27 09:47:00,236,236,236,236,0
2022-05-27 09:48:00,236,236,236,236,0
2022-05-27 09:49:00,236,236,236,236,0
2022-05-27 09:50:00,236,236,236,236,0
2022-05-27 09:51:00,236,236,236,236,0
2022-05-27 09:52:00,236,236,236,236,0
2022-05-27 09:53:00,236,236,236,236,0
2022-05-27 09:54:00,236,236,236,236,0
2022-05-27 09:55:00,236,236,236,236,0
2022-05-27 09:56:00,236,236,236,236,0
2022-05-27 09:57:00,236,236,236,236,0
2022-05-27 09:58:00,236,236,236,236,0
2022-05-27 09:59:00,236,236,236,236,0
2022-05-27 10:00:00,236,236,236,236,0
2022-05-27 10:01:00,236,236,236,236,0
2022-05-27 10:02:00,236,236,236,236,0
2022-05-27 10:03:00,236,236,236,236,0
2022-05-27 10:04:00,236,236,236,236,0
2022-05-27 10:05:00,236,236,236,236,0
2022-05-27 10:06:00,236,236,236,236,0
2022-05-27 10:07:00,236,236,236,236,0
2022-05-27 10:08:00,236,236,236,236,0
2022-05-27 10:09:00,236,236,236,236,0
2022-05-27 10:10:00,236,236,236,236,0
2022-05-27 10:11:00,236,236,236,236,0
2022-05-27 10:12:00,236,236,236,236,0
2022-05-27 10:13:00,236,236,236,236,0
2022-05-27 10:14:00,236,236,236,236,0
2022-05-27 10:15:00,236,236,236,236,0
2022-05-27 10:16:00,236,236,236,236,0
2022-05-27 10:17:00,236,236,236,236,0
2022-05-27 10:18:00,236,236,236,236,0
2022-05-27 10:19:00,236,236,236,236,0
2022-05-27 10:20:00,236,236,236,236,0
2022-05-27 10:21:00,236,236,236,236,0
2022-05-27 10:22:00,236,236,236,236,0
2022-05-27 10:23:00,236,236,236,236,0
2022-05-27 10:24:00,236,236,236,236,0
2022-05-27 10:25:00,236,236,236,236,0
2022-05-27 10:26:00,236,236,236,236,0
2022-05-27 10:27:00,236,236,236,236,0
2022-05-27 10:28:00,236,236,236,236,0
2022-05-27 10:29:00,236,236,236,236,0
2022-05-27 10:30:00,236,236,236,236,0
2022-05-27 10:31:00,236,236,236,236,0
2022-05-27 10:32:00,236,236,236,236,0
2022-05-27 10:33:00,236,236,236,236,0
2022-05-27 10:34:00,236,236,236,236,0
2022-05-27 10:35:00,236,236,236,236,0
2022-05-27 10:36:00,236,236,236,236,0
2022-05-27 10:37:00,236,236,236,236,0
2022-05-27 10:38:00,236,236,236,236,0
2022-05-27 10:39:00,236,236,236,236,0
2022-05-27 10:40:00,236,236,236,236,0
2022-05-27 10:41:00,236,236,236,236,0
2022-05-27 10:42:00,236,236,236,236,0
2022-05-27 10:43:00,236,236,236,236,0
2022-05-27 10:44:00,236,236,236,236,0
2022-05-27 10:45:00,236,236,236,236,0
2022-05-27 10:46:00,236,236,236,236,0
2022-05-27 10:47:00,236,236,236,236,0
2022-05-27 10:48:00,236,236,236,236,0
2022-05-27 10:49:00,236,236,236,236,0
2022-05-27 10:50:00,236,236,236,236,0
2022-05-27 10:51:00,236,236,236,236,0
2022-05-27 10:52:00,236,236,236,236,0
2022-05-27 10:53:00,236,236,236,236,0
2022-05-27 10:54:00,236,236,236,236,0
2022-05-27 10:55:00,236,236,236,236,0
2022-05-27 10:56:00,236,236,236,236,0
2022-05-27 10:57:00,236,236,236,236,0
2022-05-27 10:58:00,236,236,236,236,0
2022-05-27 10:59:00,236,236,236,236,0
2022-05-27 11:00:00,236,236,236,236,0
2022-05-27 11:01:00,236,236,236,236,0
2022-05-27 11:02:00,236,236,236,236,0
2022-05-27 11:03:00,236,236,236,236,0
2022-05-27 11:04:00,236,236,236,236,0
2022-05-27 11:05:00,236,236,236,236,0
2022-05-27 11:06:00,236,236,236,236,0
2022-05-27 11:07:00,236,236,236,236,0
2022-05-27 11:08:00,236,236,236,236,0
2022-05-27 11:09:00,236,236,236,236,0
2022-05-27 11:10:00,236,236,236,236,0
2022-05-27 11:11:00,236,236,236,236,0
2022-05-27 11:12:00,236,236,236,236,0
2022-05-27 11:13:00,236,236,236,236,0
2022-05-27 11:14:00,236,236,236,236,0
2022-05-27 11:15:00,236,236,236,236,0
2022-05-27 11:16:00,236,236,236,236,0
2022-05-27 11:17:00,236,236,236,236,0
2022-05-27 11:18:00,236,236,236,236,0
2022-05-27 11:19:00,236,236,236,236,0
2022-05-27 11:20:00,236,236,236,236,0
2022-05-27 11:21:00,236,236,236,236,0
2022-05-27 11:22:00,236,236,236,236,0
2022-05-27 11:23:00,236,236,236,236,0
2022-05-27 11:24:00,236,236,236,236,0
2022-05-27 11:25:00,236,236,236,236,0
2022-05-27 11:26:00,236,236,236,236,0
2022-05-27 11:27:00,236,236,236,236,0
2022-05-27 11:28:00,236,236,236,236,0
2022-05-27 11:29:00,236,236,236,236,0
2022-05-27 11:30:00,236,236,236,236,0
2022-05-27 11:31:00,236,236,236,236,0
2022-05-27 11:32:00,236,236,236,236,0
2022-05-27 11:33:00,236,236,236,236,0
2022-05-27 11:34:00,236,236,236,236,0
2022-05-27 11:35:00,236,236,236,236,0
2022-05-27 11:36:00,236,236,236,236,0
2022-05-27 11:37:00,236,236,236,236,0
2022-05-27 11:38:00,236,236,236,236,0
2022-05-27 11:39:00,236,236,236,236,0
2022-05-27 11:40:00,236,236,236,236,0
2022-05-27 11:41:00,236,236,236,236,0
2022-05-27 11:42:00,236,236,236,236,0
2022-05-27 11:43:00,236,236,236,236,0
2022-05-27 11:44:00,236,236,236,236,0
2022-05-27 11:45:00,236,236,236,236,0
2022-05-27 11:46:00,236,236,236,236,0
2022-05-27 11:47:00,236,236,236,236,0
2022-05-27 11:48:00,236,236,236,236,0
2022-05-27 11:49:00,236,236,236,236,0
2022-05-27 11:50:00,236,236,236,236,0
2022-05-27 11:51:00,236,236,236,236,0
2022-05-27 11:52:00,236,236,236,236,0
2022-05-27 11:53:00,236,236,236,236,0
2022-05-27 11:54:00,236,236,236,236,0
2022-05-27 11:55:00,236,236,236,236,0
2022-05-27 11:56:00,236,236,236,236,0
2022-05-27 11:57:00,236,236,236,236,0
2022-05-27 11:58:00,236,236,236,236,0
2022-05-27 11:59:00,236,236,236,236,0
2022-05-27 12:00:00,236,236,236,236,0
2022-05-27 12:01:00,236,236,236,236,0
2022-05-27 12:02:00,236,236,236,236,0
2022-05-27 12:03:00,236,236,236,236,0
2022-05-27 12:04:00,236,236,236,236,0
2022-05-27 12:05:00,236,236,236,236,0
2022-05-27 12:06:00,236,236,236,236,0
2022-05-27 12:07:00,236,236,236,236,0
2022-05-27 12:08:00,236,236,236,236,0
2022-05-27 12:09:00,236,236,236,236,0
2022-05-27 12:10:00,236,236,236,236,0
2022-05-27 12:11:00,236,236,236,236,0
2022-05-27 12:12:00,236,236,236,236,0
2022-05-27 12:13:00,236,236,236,236,0
2022-05-27 12:14:00,236,236,236,236,0
2022-05-27 12:15:00,236,236,236,236,0
2022-05-27 12:16:00,236,236,236,236,0
2022-05-27 12:17:00,236,236,236,236,0
2022-05-27 12:18:00,236,236,236,236,0
2022-05-27 12:19:00,236,236,236,236,0
2022-05-27 12:20:00,236,236,236,236,0
2022-05-27 12:21:00,236,236,236,236,0
2022-05-27 12:22:00,236,236,236,236,0
2022-05-27 12:23:00,236,236,236,236,0
2022-05-27 12:24:00,236,236,236,236,0
2022-05-27 12:25:00,236,236,236,236,0
2022-05-27 12:26:00,236,236,236,236,0
2022-05-27 12:27:00,236,236,236,236,0
2022-05-27 12:28:00,236,236,236,236,0
2022-05-27 12:29:00,236,236,236,236,0
2022-05-27 12:30:00,236,236,236,236,0
2022-05-27 12:31:00,236,236,236,236,0
2022-05-27 12:32:00,236,236,236,236,0
2022-05-27 12:33:00,236,236,236,236,0
2022-05-27 12:34:00,236,236,236,236,0
2022-05-27 12:35:00,236,236,236,236,0
2022-05-27 12:36:00,236,236,236,236,0
2022-05-27 12:37:00,236,236,236,236,0
2022-05-27 12:38:00,236,236,236,236,0
2022-05-27 12:39:00,236,236,236,236,0
2022-05-27 12:40:00,236,236,236,236,0
2022-05-27 12:41:00,236,236,236,236,0
2022-05-27 12:42:00,236,236,236,236,0
2022-05-27 12:43:00,236,236,236,236,0
2022-05-27 12:44:00,236,236,236,236,0
2022-05-27 12:45:00,236,236,236,236,0
2022-05-27 12:46:00,236,236,236,236,0
2022-05-27 12:47:00,236,236,236,236,0
2022-05-27 12:48:00,236,236,236,236,0
2022-05-27 12:49:00,236,236,236,236,0
2022-05-27 12:50:00,236,236,236,236,0
2022-05-27 12:51:00,236,236,236,236,0
2022-05-27 12:52:00,236,236,236,236,0
2022-05-27 12:53:00,236,236,236,236,0
2022-05-27 12:54:00,236,236,236,236,0
2022-05-27 12:55:00,236,236,236,236,0
2022-05-27 12:56:00,236,236,236,236,0
2022-05-27 12:57:00,236,236,236,236,0
2022-05-27 12:58:00,236,236,236,236,0
2022-05-27 12:59:00,236,236,236,236,0
2022-05-27 13:00:00,236,236,236,236,0
2022-05-27 13:01:00,236,236,236,236,0
2022-05-27 13:02:00,236,236,236,236,0
2022-05-27 13:03:00,236,236,236,236,0
2022-05-27 13:04:00,236,236,236,236,0
2022-05-27 13:05:00,236,236,236,236,0
2022-05-27 13:06:00,236,236,236,236,0
2022-05-27 13:07:00,236,236,236,236,0
2022-05-27 13:08:00,236,236,236,236,0
2022-05-27 13:09:00,236,236,236,236,0
2022-05-27 13:10:00,236,236,236,236,0
2022-05-27 13:11:00,236,236,236,236,0
2022-05-27 13:12:00,236,236,236,236,0
2022-05-27 13:13:00,236,236,236,236,0
2022-05-27 13:14:00,236,236,236,236,0
2022-05-27 13:15:00,236,236,236,236,0
2022-05-27 13:16:00,236,236,236,236,0
2022-05-27 13:17:00,236,236,236,236,0
2022-05-27 13:18:00,236,236,236,236,0
2022-05-27 13:19:00,236,236,236,236,0
2022-05-27 13:20:00,236,236,236,236,0
2022-05-27 13:21:00,236,236,236,236,0
2022-05-27 13:22:00,236,236,236,236,0
2022-05-27 13:23:00,236,236,236,236,0
2022-05-27 13:24:00,236,236,236,236,0
2022-05-27 13:25:00,236,236,236,236,0
2022-05-27 13:26:00,236,236,236,236,0
2022-05-27 13:27:00,236,236,236,236,0
2022-05-27 13:28:00,236,236,236,236,0
2022-05-27 13:29:00,236,236,236,236,0
2022-05-27 13:30:00,236,236,236,236,0
2022-05-27 13:31:00,236,236,236,236,0
2022-05-27 13:32:00,236,236,236,236,0
2022-05-27 13:33:00,236,236,236,236,0
2022-05-27 13:34:00,236,236,236,236,0
2022-05-27 13:35:00,236,236,236,236,0
2022-05-27 13:36:00,236,236,236,236,0
2022-05-27 13:37:00,236,236,236,236,0
2022-05-27 13:38:00,236,236,236,236,0
2022-05-27 13:39:00,236,236,236,236,0
2022-05-27 13:40:00,236,236,236,236,0
2022-05-27 13:41:00,236,236,236,236,0
2022-05-27 13:42:00,236,236,236,236,0
2022-05-27 13:43:00,236,236,236,236,0
2022-05-27 13:44:00,236,236,236,236,0
2022-05-27 13:45:00,236,236,236,236,0
2022-05-27 13:46:00,236,236,236,236,0
2022-05-27 13:47:00,236,236,236,236,0
2022-05-27 13:48:00,236,236,236,236,0
2022-05-27 13:49:00,236,236,236,236,0
2022-05-27 13:50:00,236,236,236,236,0
2022-05-27 13:51:00,236,236,236,236,0
2022-05-27 13:52:00,236,236,236,236,0
2022-05-27 13:53:00,236,236,236,236,0
2022-05-27 13:54:00,236,236,236,236,0
2022-05-27 13:55:00,236,236,236,236,0
2022-05-27 13:56:00,236,236,236,236,0
2022-05-27 13:57:00,236,236,236,236,0
2022-05-27 13:58:00,236,236,236,236,0
2022-05-27 13:59:00,236,236,236,236,0
2022-05-27 14:00:00,236,236,236,236,0
2022-05-27 14:01:00,236,236,236,236,0
2022-05-27 14:02:00,236,236,236,236,0
2022-05-27 14:03:00,236,236,236,236,0
2022-05-27 14:04:00,236,236,236,236,0
2022-05-27 14:05:00,236,236,236,236,0
2022-05-27 14:06:00,236,236,236,236,0
2022-05-27 14:07:00,236,236,236,236,0
2022-05-27 14:08:00,236,236,236,236,0
2022-05-27 14:09:00,236,236,236,236,0
2022-05-27 14:10:00,236,236,236,236,0
2022-05-27 14:11:00,236,236,236,236,0
2022-05-27 14:12:00,236,236,236,236,0
2022-05-27 14:13:00,236,236,236,236,0
2022-05-27 14:14:00,236,236,236,236,0
2022-05-27 14:15:00,236,236,236,236,0
2022-05-27 14:16:00,236,236,236,236,0
2022-05-27 14:17:00,236,236,236,236,0
2022-05-27 14:18:00,236,236,236,236,0
2022-05-27 14:19:00,236,236,236,236,0
2022-05-27 14:20:00,236,236,236,236,0
2022-05-27 14:21:00,236,236,236,236,0
2022-05-27 14:22:00,236,236,236,236,0
2022-05-27 14:23:00,236,236,236,236,0
2022-05-27 14:24:00,236,236,236,236,0
2022-05-27 14:25:00,236,236,236,236,0
2022-05-27 14:26:00,236,236,236,236,0
2022-05-27 14:27:00,236,236,236,236,0
2022-05-27 14:28:00,236,236,236,236,0
2022-05-27 14:29:00,236,236,236,236,0
2022-05-27 14:30:00,236,236,236,236,0
2022-05-27 14:31:00,236,236,236,236,0
2022-05-27 14:32:00,236,236,236,236,0
2022-05-27 14:33:00,236,236,236,236,0
2022-05-27 14:34:00,236,236,236,236,0
2022-05-27 14:35:00,236,236,236,236,0
2022-05-27 14:36:00,236,236,236,236,0
2022-05-27 14:37:00,236,236,236,236,0
2022-05-27 14:38:00,236,236,236,236,0
2022-05-27 14:39:00,236,236,236,236,0
2022-05-27 14:40:00,236,236,236,236,0
2022-05-27 14:41:00,236,236,236,236,0
2022-05-27 14:42:00,236,236,236,236,0
2022-05-27 14:43:00,236,236,236,236,0
2022-05-27 14:44:00,236,236,236,236,0
2022-05-27 14:45:00,236,236,236,236,0
2022-05-27 14:46:00,236,236,236,236,0
2022-05-27 14:47:00,236,236,236,236,0
2022-05-27 14:48:00,236,236,236,236,0
2022-05-27 14:49:00,236,236,236,236,0
2022-05-27 14:50:00,236,236,236,236,0
2022-05-27 14:51:00,236,236,236,236,0
2022-05-27 14:52:00,236,236,236,236,0
2022-05-27 14:53:00,236,236,236,236,0
2022-05-27 14:54:00,236,236,236,236,0
2022-05-27 14:55:00,236,236,236,236,0
2022-05-27 14:56:00,236,236,236,236,0
2022-05-27 14:57:00,236,236,236,236,0
2022-05-27 14:58:00,236,236,236,236,0
2022-05-27 14:59:00,236,236,236,236,0
2022-05-27 15:00:00,236,236,236,236,0
2022-05-27 15:01:00,236,236,236,236,0
2022-05-27 15:02:00,236,236,236,236,0
2022-05-27 15:03:00,236,236,236,236,0
2022-05-27 15:04:00,236,236,236,236,0
2022-05-27 15:05:00,236,236,236,236,0
2022-05-27 15:06:00,236,236,236,236,0
2022-05-27 15:07:00,236,236,236,236,0
2022-05-27 15:08:00,236,236,236,236,0
2022-05-27 15:09:00,236,236,236,236,0
2022-05-27 15:10:00,236,236,236,236,0
2022-05-27 15:11:00,236,236,236,236,0
2022-05-27 15:12:00,236,236,236,236,0
2022-05-27 15:13:00,236,236,236,236,0
2022-05-27 15:14:00,236,236,236,236,0
2022-05-27 15:15:00,236,236,236,236,0
2022-05-27 15:16:00,236,236,236,236,0
2022-05-27 15:17:00,236,236,236,236,0
2022-05-27 15:18:00,236,236,236,236,0
2022-05-27 15:19:00,236,236,236,236,0
2022-05-27 15:20:00,236,236,236,236,0
2022-05-27 15:21:00,236,236,236,236,0
2022-05-27 15:22:00,236,236,236,236,0
2022-05-27 15:23:00,236,236,236,236,0
2022-05-27 15:24:00,236,236,236,236,0
2022-05-27 15:25:00,236,236,236,236,0
2022-05-27 15:26:00,236,236,236,236,0
2022-05-27 15:27:00,236,236,236,236,0
2022-05-27 15:28:00,236,236,236,236,0
2022-05-27 15:29:00,236,236,236,236,0
2022-05-27 15:30:00,236,236,236,236,0
2022-05-27 15:31:00,236,236,236,236,0
2022-05-27 15:32:00,236,236,236,236,0
2022-05-27 15:33:00,236,236,236,236,0
2022-05-27 15:34:00,236,236,236,236,0
2022-05-27 15:35:00,236,236,236,236,0
2022-05-27 15:36:00,236,236,236,236,0
2022-05-27 15:37:00,236,236,236,236,0
2022-05-27 15:38:00,236,236,236,236,0
2022-05-27 15:39:00,236,236,236,236,0
2022-05-27 15:40:00,236,236,236,236,0
2022-05-27 15:41:00,236,236,236,236,0
2022-05-27 15:42:00,236,236,236,236,0
2022-05-27 15:43:00,236,236,236,236,0
2022-05-27 15:44:00,236,236,236,236,0
2022-05-27 15:45:00,236,236,236,236,0
2022-05-27 15:46:00,236,236,236,236,0
2022-05-27 15:47:00,236,236,236,236,0
2022-05-27 15:48:00,236,236,236,236,0
2022-05-27 15:49:00,236,236,236,236,0
2022-05-27 15:50:00,236,236,236,236,0
2022-05-27 15:51:00,236,236,236,236,0
2022-05-27 15:52:00,236,236,236,236,0
2022-05-27 15:53:00,236,236,236,236,0
2022-05-27 15:54:00,236,236,236,236,0
2022-05-27 15:55:00,236,236,236,236,0
2022-05-27 15:56:00,236,236,236,236,0
2022-05-27 15:57:00,236,236,236,236,0
2022-05-27 15:58:00,236,236,236,236,0
2022-05-27 15:59:00,236,236,236,236,0
2022-05-30 09:00:00,338,338,342,340,0
2022-05-30 09:01:00,340,338,342,342,1741700
2022-05-30 09:02:00,342,340,344,344,1393600
2022-05-30 09:03:00,344,340,344,342,666800
2022-05-30 09:04:00,342,340,342,340,1040200
2022-05-30 09:05:00,340,334,340,334,1880100
2022-05-30 09:06:00,334,330,336,336,3120100
2022-05-30 09:07:00,334,330,334,332,1842200
2022-05-30 09:08:00,332,330,334,334,425600
2022-05-30 09:09:00,332,328,334,330,3565400
2022-05-30 09:10:00,330,326,330,326,3058300
2022-05-30 09:11:00,326,324,328,328,2179100
2022-05-30 09:12:00,328,328,330,328,959200
2022-05-30 09:13:00,328,326,330,330,1084400
2022-05-30 09:14:00,330,328,330,328,482700
2022-05-30 09:15:00,328,328,330,330,203500
2022-05-30 09:16:00,330,328,330,330,234900
2022-05-30 09:17:00,328,328,334,332,1189400
2022-05-30 09:18:00,332,332,334,334,62500
2022-05-30 09:19:00,334,332,336,334,477800
2022-05-30 09:20:00,336,332,336,334,380600
2022-05-30 09:21:00,332,332,334,334,406300
2022-05-30 09:22:00,334,332,334,332,590500
2022-05-30 09:23:00,330,330,332,330,1423800
2022-05-30 09:24:00,330,330,334,334,28900
2022-05-30 09:25:00,332,332,334,334,568700
2022-05-30 09:26:00,336,332,336,332,184900
2022-05-30 09:27:00,332,332,336,336,353900
2022-05-30 09:28:00,334,334,338,338,630300
2022-05-30 09:29:00,336,336,338,338,460900
2022-05-30 09:30:00,336,336,338,336,721400
2022-05-30 09:31:00,338,336,338,338,300000
2022-05-30 09:32:00,338,334,338,336,761900
2022-05-30 09:33:00,336,334,336,336,304900
2022-05-30 09:34:00,336,334,336,334,399200
2022-05-30 09:35:00,334,332,336,334,373200
2022-05-30 09:36:00,336,334,336,336,420500
2022-05-30 09:37:00,334,332,334,332,1239700
2022-05-30 09:38:00,334,330,334,330,3699400
2022-05-30 09:39:00,330,330,332,330,173400
2022-05-30 09:40:00,330,330,330,330,499800
2022-05-30 09:41:00,330,328,330,328,1873300
2022-05-30 09:42:00,328,328,330,330,101200
2022-05-30 09:43:00,330,328,330,330,66400
2022-05-30 09:44:00,330,328,330,328,32800
2022-05-30 09:45:00,328,328,330,330,796300
2022-05-30 09:46:00,330,330,332,332,136300
2022-05-30 09:47:00,332,330,332,330,271900
2022-05-30 09:48:00,330,328,330,330,23800
2022-05-30 09:49:00,330,328,330,328,27000
2022-05-30 09:50:00,330,328,330,330,60200
2022-05-30 09:51:00,328,328,330,330,108200
2022-05-30 09:52:00,328,328,330,330,100500
2022-05-30 09:53:00,330,330,332,332,121600
2022-05-30 09:54:00,332,332,332,332,66600
2022-05-30 09:55:00,332,330,332,330,222600
2022-05-30 09:56:00,330,330,332,330,50900
2022-05-30 09:57:00,332,330,332,332,105400
2022-05-30 09:58:00,334,332,334,332,31600
2022-05-30 09:59:00,332,332,332,332,31600
2022-05-30 10:00:00,332,330,332,330,15900
2022-05-30 10:01:00,330,330,330,330,68000
2022-05-30 10:02:00,330,330,332,330,119200
2022-05-30 10:03:00,330,328,330,330,412700
2022-05-30 10:04:00,330,330,332,330,393700
2022-05-30 10:05:00,328,328,330,330,60100
2022-05-30 10:06:00,328,328,330,330,103900
2022-05-30 10:07:00,328,326,330,328,1527200
2022-05-30 10:08:00,328,326,328,326,1255100
2022-05-30 10:09:00,326,324,328,324,1347800
2022-05-30 10:10:00,326,324,326,324,1293300
2022-05-30 10:11:00,324,324,328,326,2425900
2022-05-30 10:12:00,326,326,328,328,80600
2022-05-30 10:13:00,326,326,328,326,84200
2022-05-30 10:14:00,326,326,326,326,89400
2022-05-30 10:15:00,326,326,328,326,74800
2022-05-30 10:16:00,326,326,328,328,25800
2022-05-30 10:17:00,326,326,326,326,204000
2022-05-30 10:18:00,326,326,328,328,21400
2022-05-30 10:19:00,328,326,328,328,28600
2022-05-30 10:20:00,328,326,328,326,482100
2022-05-30 10:21:00,326,326,326,326,371200
2022-05-30 10:22:00,326,326,326,326,366600
2022-05-30 10:23:00,326,324,326,326,50400
2022-05-30 10:24:00,326,324,326,324,116600
2022-05-30 10:25:00,324,324,326,324,53500
2022-05-30 10:26:00,324,324,326,326,30800
2022-05-30 10:27:00,324,324,326,326,71700
2022-05-30 10:28:00,326,324,326,326,47900
2022-05-30 10:29:00,326,324,326,326,134900
2022-05-30 10:30:00,326,322,326,322,2450800
2022-05-30 10:31:00,322,322,324,322,672400
2022-05-30 10:32:00,322,322,324,322,354900
2022-05-30 10:33:00,324,322,324,324,39600
2022-05-30 10:34:00,322,322,324,322,438700
2022-05-30 10:35:00,322,322,322,322,66800
2022-05-30 10:36:00,322,322,324,322,49800
2022-05-30 10:37:00,322,322,324,324,93200
2022-05-30 10:38:00,322,322,324,324,159100
2022-05-30 10:39:00,322,322,324,324,326600
2022-05-30 10:40:00,324,324,324,324,1000
2022-05-30 10:41:00,324,322,324,322,103600
2022-05-30 10:42:00,322,322,324,324,32400
2022-05-30 10:43:00,324,322,324,324,167900
2022-05-30 10:44:00,324,324,324,324,95200
2022-05-30 10:45:00,324,322,324,324,15100
2022-05-30 10:46:00,324,322,324,324,185600
2022-05-30 10:47:00,324,322,326,324,257500
2022-05-30 10:48:00,324,322,324,322,61500
2022-05-30 10:49:00,324,322,324,322,103000
2022-05-30 10:50:00,322,322,324,322,60700
2022-05-30 10:51:00,322,322,324,324,19500
2022-05-30 10:52:00,324,322,324,322,18000
2022-05-30 10:53:00,322,322,324,322,305600
2022-05-30 10:54:00,322,322,322,322,1135000
2022-05-30 10:55:00,320,320,322,320,405500
2022-05-30 10:56:00,320,320,322,320,46100
2022-05-30 10:57:00,320,320,322,320,107100
2022-05-30 10:58:00,322,320,322,322,272600
2022-05-30 10:59:00,322,320,322,322,15900
2022-05-30 11:00:00,322,322,322,322,10900
2022-05-30 11:01:00,322,320,322,322,23900
2022-05-30 11:02:00,320,320,322,320,53400
2022-05-30 11:03:00,322,320,322,322,39500
2022-05-30 11:04:00,322,320,322,320,224100
2022-05-30 11:05:00,322,320,322,320,655700
2022-05-30 11:06:00,322,320,322,320,1873000
2022-05-30 11:07:00,320,320,322,320,323600
2022-05-30 11:08:00,322,320,322,320,331500
2022-05-30 11:09:00,320,318,320,320,3304200
2022-05-30 11:10:00,318,318,320,318,1108900
2022-05-30 11:11:00,316,316,318,318,705100
2022-05-30 11:12:00,318,316,318,318,45300
2022-05-30 11:13:00,316,316,318,318,825400
2022-05-30 11:14:00,318,318,320,320,254400
2022-05-30 11:15:00,320,320,322,322,584000
2022-05-30 11:16:00,322,320,322,320,521000
2022-05-30 11:17:00,322,320,322,322,23700
2022-05-30 11:18:00,320,320,322,322,62600
2022-05-30 11:19:00,322,322,322,322,20200
2022-05-30 11:20:00,322,320,322,320,327700
2022-05-30 11:21:00,320,318,320,318,27700
2022-05-30 11:22:00,318,318,320,318,173800
2022-05-30 11:23:00,318,318,320,320,201900
2022-05-30 11:24:00,320,320,322,322,4100
2022-05-30 11:25:00,322,320,322,322,48300
2022-05-30 11:26:00,322,320,322,320,7200
2022-05-30 11:27:00,322,320,322,320,290100
2022-05-30 11:28:00,318,318,320,320,6000
2022-05-30 11:29:00,320,318,320,318,144900
2022-05-30 11:30:00,318,318,318,318,800
2022-05-30 11:31:00,318,318,318,318,0
2022-05-30 11:32:00,318,318,318,318,0
2022-05-30 11:33:00,318,318,318,318,0
2022-05-30 11:34:00,318,318,318,318,0
2022-05-30 11:35:00,318,318,318,318,0
2022-05-30 11:36:00,318,318,318,318,0
2022-05-30 11:37:00,318,318,318,318,0
2022-05-30 11:38:00,318,318,318,318,0
2022-05-30 11:39:00,318,318,318,318,0
2022-05-30 11:40:00,318,318,318,318,0
2022-05-30 11:41:00,318,318,318,318,0
2022-05-30 11:42:00,318,318,318,318,0
2022-05-30 11:43:00,318,318,318,318,0
2022-05-30 11:44:00,318,318,318,318,0
2022-05-30 11:45:00,318,318,318,318,0
2022-05-30 11:46:00,318,318,318,318,0
2022-05-30 11:47:00,318,318,318,318,0
2022-05-30 11:48:00,318,318,318,318,0
2022-05-30 11:49:00,318,318,318,318,0
2022-05-30 11:50:00,318,318,318,318,0
2022-05-30 11:51:00,318,318,318,318,0
2022-05-30 11:52:00,318,318,318,318,0
2022-05-30 11:53:00,318,318,318,318,0
2022-05-30 11:54:00,318,318,318,318,0
2022-05-30 11:55:00,318,318,318,318,0
2022-05-30 11:56:00,318,318,318,318,0
2022-05-30 11:57:00,318,318,318,318,0
2022-05-30 11:58:00,318,318,318,318,0
2022-05-30 11:59:00,318,318,318,318,0
2022-05-30 12:00:00,318,318,318,318,0
2022-05-30 12:01:00,318,318,318,318,0
2022-05-30 12:02:00,318,318,318,318,0
2022-05-30 12:03:00,318,318,318,318,0
2022-05-30 12:04:00,318,318,318,318,0
2022-05-30 12:05:00,318,318,318,318,0
2022-05-30 12:06:00,318,318,318,318,0
2022-05-30 12:07:00,318,318,318,318,0
2022-05-30 12:08:00,318,318,318,318,0
2022-05-30 12:09:00,318,318,318,318,0
2022-05-30 12:10:00,318,318,318,318,0
2022-05-30 12:11:00,318,318,318,318,0
2022-05-30 12:12:00,318,318,318,318,0
2022-05-30 12:13:00,318,318,318,318,0
2022-05-30 12:14:00,318,318,318,318,0
2022-05-30 12:15:00,318,318,318,318,0
2022-05-30 12:16:00,318,318,318,318,0
2022-05-30 12:17:00,318,318,318,318,0
2022-05-30 12:18:00,318,318,318,318,0
2022-05-30 12:19:00,318,318,318,318,0
2022-05-30 12:20:00,318,318,318,318,0
2022-05-30 12:21:00,318,318,318,318,0
2022-05-30 12:22:00,318,318,318,318,0
2022-05-30 12:23:00,318,318,318,318,0
2022-05-30 12:24:00,318,318,318,318,0
2022-05-30 12:25:00,318,318,318,318,0
2022-05-30 12:26:00,318,318,318,318,0
2022-05-30 12:27:00,318,318,318,318,0
2022-05-30 12:28:00,318,318,318,318,0
2022-05-30 12:29:00,318,318,318,318,0
2022-05-30 12:30:00,318,318,318,318,0
2022-05-30 12:31:00,318,318,318,318,0
2022-05-30 12:32:00,318,318,318,318,0
2022-05-30 12:33:00,318,318,318,318,0
2022-05-30 12:34:00,318,318,318,318,0
2022-05-30 12:35:00,318,318,318,318,0
2022-05-30 12:36:00,318,318,318,318,0
2022-05-30 12:37:00,318,318,318,318,0
2022-05-30 12:38:00,318,318,318,318,0
2022-05-30 12:39:00,318,318,318,318,0
2022-05-30 12:40:00,318,318,318,318,0
2022-05-30 12:41:00,318,318,318,318,0
2022-05-30 12:42:00,318,318,318,318,0
2022-05-30 12:43:00,318,318,318,318,0
2022-05-30 12:44:00,318,318,318,318,0
2022-05-30 12:45:00,318,318,318,318,0
2022-05-30 12:46:00,318,318,318,318,0
2022-05-30 12:47:00,318,318,318,318,0
2022-05-30 12:48:00,318,318,318,318,0
2022-05-30 12:49:00,318,318,318,318,0
2022-05-30 12:50:00,318,318,318,318,0
2022-05-30 12:51:00,318,318,318,318,0
2022-05-30 12:52:00,318,318,318,318,0
2022-05-30 12:53:00,318,318,318,318,0
2022-05-30 12:54:00,318,318,318,318,0
2022-05-30 12:55:00,318,318,318,318,0
2022-05-30 12:56:00,318,318,318,318,0
2022-05-30 12:57:00,318,318,318,318,0
2022-05-30 12:58:00,318,318,318,318,0
2022-05-30 12:59:00,318,318,318,318,0
2022-05-30 13:00:00,318,318,318,318,0
2022-05-30 13:01:00,318,318,318,318,0
2022-05-30 13:02:00,318,318,318,318,0
2022-05-30 13:03:00,318,318,318,318,0
2022-05-30 13:04:00,318,318,318,318,0
2022-05-30 13:05:00,318,318,318,318,0
2022-05-30 13:06:00,318,318,318,318,0
2022-05-30 13:07:00,318,318,318,318,0
2022-05-30 13:08:00,318,318,318,318,0
2022-05-30 13:09:00,318,318,318,318,0
2022-05-30 13:10:00,318,318,318,318,0
2022-05-30 13:11:00,318,318,318,318,0
2022-05-30 13:12:00,318,318,318,318,0
2022-05-30 13:13:00,318,318,318,318,0
2022-05-30 13:14:00,318,318,318,318,0
2022-05-30 13:15:00,318,318,318,318,0
2022-05-30 13:16:00,318,318,318,318,0
2022-05-30 13:17:00,318,318,318,318,0
2022-05-30 13:18:00,318,318,318,318,0
2022-05-30 13:19:00,318,318,318,318,0
2022-05-30 13:20:00,318,318,318,318,0
2022-05-30 13:21:00,318,318,318,318,0
2022-05-30 13:22:00,318,318,318,318,0
2022-05-30 13:23:00,318,318,318,318,0
2022-05-30 13:24:00,318,318,318,318,0
2022-05-30 13:25:00,318,318,318,318,0
2022-05-30 13:26:00,318,318,318,318,0
2022-05-30 13:27:00,318,318,318,318,0
2022-05-30 13:28:00,318,318,318,318,0
2022-05-30 13:29:00,318,318,318,318,0
2022-05-30 13:30:00,318,316,318,318,2174100
2022-05-30 13:31:00,318,316,318,316,296600
2022-05-30 13:32:00,316,316,318,316,357700
2022-05-30 13:33:00,316,316,318,318,65300
2022-05-30 13:34:00,316,316,318,316,67800
2022-05-30 13:35:00,316,316,318,318,96700
2022-05-30 13:36:00,316,316,316,316,6700
2022-05-30 13:37:00,316,316,318,318,113600
2022-05-30 13:38:00,316,316,320,320,1249700
2022-05-30 13:39:00,318,316,318,318,266800
2022-05-30 13:40:00,318,316,318,318,28600
2022-05-30 13:41:00,316,316,318,316,105700
2022-05-30 13:42:00,318,318,318,318,1112100
2022-05-30 13:43:00,318,318,320,318,26700
2022-05-30 13:44:00,318,318,320,318,22600
2022-05-30 13:45:00,318,318,318,318,14500
2022-05-30 13:46:00,318,318,318,318,270700
2022-05-30 13:47:00,318,316,318,316,367600
2022-05-30 13:48:00,318,318,320,320,358900
2022-05-30 13:49:00,320,318,320,318,5000
2022-05-30 13:50:00,318,318,320,320,16200
2022-05-30 13:51:00,320,318,320,318,7500
2022-05-30 13:52:00,318,318,318,318,37000
2022-05-30 13:53:00,320,318,320,318,126800
2022-05-30 13:54:00,320,318,320,318,88900
2022-05-30 13:55:00,318,318,318,318,2300
2022-05-30 13:56:00,320,318,328,328,3887200
2022-05-30 13:57:00,328,328,332,328,3000200
2022-05-30 13:58:00,328,328,330,328,320100
2022-05-30 13:59:00,328,328,330,328,1180900
2022-05-30 14:00:00,328,326,330,328,124500
2022-05-30 14:01:00,326,326,328,328,21800
2022-05-30 14:02:00,326,326,328,328,41100
2022-05-30 14:03:00,326,326,328,326,81500
2022-05-30 14:04:00,326,324,326,326,123200
2022-05-30 14:05:00,326,324,328,328,9500
2022-05-30 14:06:00,328,324,328,326,111400
2022-05-30 14:07:00,326,326,328,328,285400
2022-05-30 14:08:00,330,328,330,328,21400
2022-05-30 14:09:00,328,328,328,328,149000
2022-05-30 14:10:00,326,326,328,328,301400
2022-05-30 14:11:00,328,326,328,326,675000
2022-05-30 14:12:00,326,326,330,330,183900
2022-05-30 14:13:00,328,328,328,328,411600
2022-05-30 14:14:00,328,326,328,326,45800
2022-05-30 14:15:00,328,328,328,328,100
2022-05-30 14:16:00,328,328,328,328,4100
2022-05-30 14:17:00,326,326,328,328,36100
2022-05-30 14:18:00,326,326,328,328,112600
2022-05-30 14:19:00,326,326,328,326,859900
2022-05-30 14:20:00,326,324,326,324,20100
2022-05-30 14:21:00,324,320,326,320,1627300
2022-05-30 14:22:00,320,320,324,324,1866200
2022-05-30 14:23:00,324,324,324,324,158500
2022-05-30 14:24:00,324,322,324,322,95900
2022-05-30 14:25:00,322,322,324,324,53200
2022-05-30 14:26:00,324,324,324,324,500
2022-05-30 14:27:00,322,322,324,322,35600
2022-05-30 14:28:00,322,322,324,322,86500
2022-05-30 14:29:00,322,322,324,324,67500
2022-05-30 14:30:00,324,324,324,324,38600
2022-05-30 14:31:00,322,322,324,324,25000
2022-05-30 14:32:00,324,324,326,326,7700
2022-05-30 14:33:00,326,326,326,326,40000
2022-05-30 14:34:00,326,324,326,324,49700
2022-05-30 14:35:00,326,324,326,324,0
2022-05-30 14:36:00,324,322,324,322,716400
2022-05-30 14:37:00,322,320,322,322,366200
2022-05-30 14:38:00,324,322,324,322,179600
2022-05-30 14:39:00,322,322,324,324,61000
2022-05-30 14:40:00,322,322,322,322,111300
2022-05-30 14:41:00,322,322,324,322,175900
2022-05-30 14:42:00,322,320,322,320,19000
2022-05-30 14:43:00,322,320,322,322,180100
2022-05-30 14:44:00,322,322,324,322,132600
2022-05-30 14:45:00,322,318,322,320,2121900
2022-05-30 14:46:00,320,318,320,320,80300
2022-05-30 14:47:00,320,320,320,320,89000
2022-05-30 14:48:00,320,318,320,320,65700
2022-05-30 14:49:00,320,318,324,320,662100
2022-05-30 14:50:00,320,318,324,320,0
2022-05-30 14:51:00,320,318,324,320,0
2022-05-30 14:52:00,320,318,324,320,0
2022-05-30 14:53:00,320,318,324,320,0
2022-05-30 14:54:00,320,318,324,320,0
2022-05-30 14:55:00,320,318,324,320,0
2022-05-30 14:56:00,320,318,324,320,0
2022-05-30 14:57:00,320,318,324,320,0
2022-05-30 14:58:00,320,318,324,320,0
2022-05-30 14:59:00,320,318,324,320,0
2022-05-30 15:00:00,318,318,318,318,4915800
2022-05-30 15:01:00,318,318,318,318,42000
2022-05-30 15:02:00,318,318,318,318,65900
2022-05-30 15:03:00,318,318,318,318,92800
2022-05-30 15:04:00,318,318,318,318,6000
2022-05-30 15:05:00,318,318,318,318,52100
2022-05-30 15:06:00,318,318,318,318,16800
2022-05-30 15:07:00,318,318,318,318,15700
2022-05-30 15:08:00,318,318,318,318,0
2022-05-30 15:09:00,318,318,318,318,9700
2022-05-30 15:10:00,318,318,318,318,9000
2022-05-30 15:11:00,318,318,318,318,10000
2022-05-30 15:12:00,318,318,318,318,0
2022-05-30 15:13:00,318,318,318,318,2000
2022-05-30 15:14:00,318,318,318,318,13000
2022-05-30 15:15:00,318,318,318,318,0
2022-05-30 15:16:00,318,318,318,318,0
2022-05-30 15:17:00,318,318,318,318,0
2022-05-30 15:18:00,318,318,318,318,0
2022-05-30 15:19:00,318,318,318,318,0
2022-05-30 15:20:00,318,318,318,318,0
2022-05-30 15:21:00,318,318,318,318,0
2022-05-30 15:22:00,318,318,318,318,0
2022-05-30 15:23:00,318,318,318,318,0
2022-05-30 15:24:00,318,318,318,318,0
2022-05-30 15:25:00,318,318,318,318,0
2022-05-30 15:26:00,318,318,318,318,0
2022-05-30 15:27:00,318,318,318,318,0
2022-05-30 15:28:00,318,318,318,318,0
2022-05-30 15:29:00,318,318,318,318,0
2022-05-30 15:30:00,318,318,318,318,0
2022-05-30 15:31:00,318,318,318,318,0
2022-05-30 15:32:00,318,318,318,318,0
2022-05-30 15:33:00,318,318,318,318,0
2022-05-30 15:34:00,318,318,318,318,0
2022-05-30 15:35:00,318,318,318,318,0
2022-05-30 15:36:00,318,318,318,318,0
2022-05-30 15:37:00,318,318,318,318,0
2022-05-30 15:38:00,318,318,318,318,0
2022-05-30 15:39:00,318,318,318,318,0
2022-05-30 15:40:00,318,318,318,318,0
2022-05-30 15:41:00,318,318,318,318,0
2022-05-30 15:42:00,318,318,318,318,0
2022-05-30 15:43:00,318,318,318,318,0
2022-05-30 15:44:00,318,318,318,318,0
2022-05-30 15:45:00,318,318,318,318,0
2022-05-30 15:46:00,318,318,318,318,0
2022-05-30 15:47:00,318,318,318,318,0
2022-05-30 15:48:00,318,318,318,318,0
2022-05-30 15:49:00,318,318,318,318,0
2022-05-30 15:50:00,318,318,318,318,0
2022-05-30 15:51:00,318,318,318,318,0
2022-05-30 15:52:00,318,318,318,318,0
2022-05-30 15:53:00,318,318,318,318,0
2022-05-30 15:54:00,318,318,318,318,0
2022-05-30 15:55:00,318,318,318,318,0
2022-05-30 15:56:00,318,318,318,318,0
2022-05-30 15:57:00,318,318,318,318,0
2022-05-30 15:58:00,318,318,318,318,0
2022-05-30 15:59:00,318,318,318,318,0
2022-05-31 09:00:00,318,318,326,322,0
2022-05-31 09:01:00,322,320,324,324,110400
2022-05-31 09:02:00,324,322,326,326,83800
2022-05-31 09:03:00,326,326,328,328,430200
2022-05-31 09:04:00,328,318,328,326,1896400
2022-05-31 09:05:00,326,324,326,326,109300
2022-05-31 09:06:00,326,324,326,324,16500
2022-05-31 09:07:00,326,324,326,324,516900
2022-05-31 09:08:00,324,324,326,324,62600
2022-05-31 09:09:00,326,326,328,328,126400
2022-05-31 09:10:00,326,326,328,326,456500
2022-05-31 09:11:00,328,324,328,324,694700
2022-05-31 09:12:00,324,324,326,326,46000
2022-05-31 09:13:00,324,324,326,324,19400
2022-05-31 09:14:00,324,324,326,326,44100
2022-05-31 09:15:00,326,324,326,326,230800
2022-05-31 09:16:00,324,324,326,326,163000
2022-05-31 09:17:00,326,326,328,328,326700
2022-05-31 09:18:00,328,326,330,328,338000
2022-05-31 09:19:00,330,328,330,330,117400
2022-05-31 09:20:00,328,328,330,328,145000
2022-05-31 09:21:00,328,326,330,326,1048000
2022-05-31 09:22:00,328,326,328,328,48000
2022-05-31 09:23:00,328,326,328,328,65000
2022-05-31 09:24:00,326,324,328,324,961500
2022-05-31 09:25:00,324,324,326,326,198700
2022-05-31 09:26:00,326,324,326,326,147000
2022-05-31 09:27:00,326,324,328,328,804500
2022-05-31 09:28:00,328,326,328,326,1183800
2022-05-31 09:29:00,326,324,326,324,232300
2022-05-31 09:30:00,324,324,326,326,485700
2022-05-31 09:31:00,328,328,328,328,103200
2022-05-31 09:32:00,328,326,328,326,184900
2022-05-31 09:33:00,326,324,326,326,36900
2022-05-31 09:34:00,326,326,326,326,94400
2022-05-31 09:35:00,326,326,326,326,75100
2022-05-31 09:36:00,328,326,328,326,302600
2022-05-31 09:37:00,328,326,328,326,0
2022-05-31 09:38:00,326,326,328,328,650200
2022-05-31 09:39:00,328,328,328,328,105600
2022-05-31 09:40:00,328,328,328,328,14700
2022-05-31 09:41:00,330,328,332,332,3947000
2022-05-31 09:42:00,334,332,340,338,4300200
2022-05-31 09:43:00,338,336,342,342,3229700
2022-05-31 09:44:00,342,338,344,340,3756000
2022-05-31 09:45:00,340,340,344,342,1164000
2022-05-31 09:46:00,344,342,346,342,3233800
2022-05-31 09:47:00,340,338,340,338,2141500
2022-05-31 09:48:00,340,338,346,346,4538100
2022-05-31 09:49:00,346,344,348,344,2432500
2022-05-31 09:50:00,344,340,346,342,1134700
2022-05-31 09:51:00,342,342,346,344,1089700
2022-05-31 09:52:00,346,346,350,350,3595800
2022-05-31 09:53:00,350,346,350,348,2623700
2022-05-31 09:54:00,348,344,350,346,3515200
2022-05-31 09:55:00,346,344,346,344,650300
2022-05-31 09:56:00,344,344,346,344,714000
2022-05-31 09:57:00,344,344,346,344,133200
2022-05-31 09:58:00,344,344,346,344,106200
2022-05-31 09:59:00,344,344,346,344,809100
2022-05-31 10:00:00,344,344,346,346,966900
2022-05-31 10:01:00,346,344,346,346,503400
2022-05-31 10:02:00,346,344,346,346,847700
2022-05-31 10:03:00,346,346,348,346,102700
2022-05-31 10:04:00,348,346,348,346,103700
2022-05-31 10:05:00,346,346,350,350,1665000
2022-05-31 10:06:00,350,348,352,352,2636500
2022-05-31 10:07:00,352,350,352,352,2881100
2022-05-31 10:08:00,352,350,354,354,4163800
2022-05-31 10:09:00,354,350,356,352,1751600
2022-05-31 10:10:00,352,352,354,352,866200
2022-05-31 10:11:00,352,352,354,354,324700
2022-05-31 10:12:00,352,352,354,354,473500
2022-05-31 10:13:00,354,354,356,354,1302400
2022-05-31 10:14:00,356,354,356,356,282300
2022-05-31 10:15:00,354,352,356,354,2185400
2022-05-31 10:16:00,354,352,354,352,1079700
2022-05-31 10:17:00,354,348,354,348,3130900
2022-05-31 10:18:00,348,348,352,350,1434500
2022-05-31 10:19:00,350,350,352,350,563000
2022-05-31 10:20:00,350,350,352,350,307200
2022-05-31 10:21:00,350,350,352,350,175300
2022-05-31 10:22:00,350,350,352,350,133600
2022-05-31 10:23:00,350,348,352,350,875800
2022-05-31 10:24:00,348,348,350,350,181100
2022-05-31 10:25:00,348,348,350,350,328800
2022-05-31 10:26:00,348,348,350,350,172500
2022-05-31 10:27:00,348,348,350,350,65700
2022-05-31 10:28:00,348,348,350,348,65500
2022-05-31 10:29:00,350,348,350,350,14800
2022-05-31 10:30:00,350,348,350,348,103100
2022-05-31 10:31:00,350,348,350,350,230600
2022-05-31 10:32:00,348,348,350,348,126300
2022-05-31 10:33:00,348,348,350,348,276400
2022-05-31 10:34:00,348,348,352,352,461100
2022-05-31 10:35:00,352,350,352,352,137600
2022-05-31 10:36:00,352,350,354,354,954900
2022-05-31 10:37:00,354,352,356,354,1034000
2022-05-31 10:38:00,354,354,356,354,289600
2022-05-31 10:39:00,354,354,356,354,225500
2022-05-31 10:40:00,354,354,354,354,536800
2022-05-31 10:41:00,356,354,356,354,249300
2022-05-31 10:42:00,354,354,354,354,23700
2022-05-31 10:43:00,352,352,354,352,68400
2022-05-31 10:44:00,352,352,354,354,183600
2022-05-31 10:45:00,354,352,354,352,125700
2022-05-31 10:46:00,352,352,354,352,197200
2022-05-31 10:47:00,354,352,354,354,157600
2022-05-31 10:48:00,354,354,354,354,118600
2022-05-31 10:49:00,354,352,354,354,78600
2022-05-31 10:50:00,354,352,354,354,558700
2022-05-31 10:51:00,354,352,354,354,180600
2022-05-31 10:52:00,354,352,354,354,789100
2022-05-31 10:53:00,352,350,354,350,497700
2022-05-31 10:54:00,350,350,352,350,30300
2022-05-31 10:55:00,352,350,352,352,57900
2022-05-31 10:56:00,352,350,352,352,323900
2022-05-31 10:57:00,352,352,354,354,17200
2022-05-31 10:58:00,352,352,354,354,18000
2022-05-31 10:59:00,352,352,354,354,128600
2022-05-31 11:00:00,354,352,354,352,13500
2022-05-31 11:01:00,352,350,352,352,423700
2022-05-31 11:02:00,352,350,354,354,179600
2022-05-31 11:03:00,354,354,354,354,225500
2022-05-31 11:04:00,352,352,352,352,72100
2022-05-31 11:05:00,352,352,354,354,354900
2022-05-31 11:06:00,354,354,356,356,311600
2022-05-31 11:07:00,356,356,358,356,1229600
2022-05-31 11:08:00,356,356,360,360,1801200
2022-05-31 11:09:00,360,358,360,358,922400
2022-05-31 11:10:00,360,358,360,358,295000
2022-05-31 11:11:00,358,356,358,356,1343800
2022-05-31 11:12:00,356,356,358,356,164800
2022-05-31 11:13:00,356,356,358,358,52300
2022-05-31 11:14:00,358,358,360,360,2924200
2022-05-31 11:15:00,360,360,362,362,477400
2022-05-31 11:16:00,362,360,362,362,479100
2022-05-31 11:17:00,362,360,362,360,1261900
2022-05-31 11:18:00,360,360,362,360,335400
2022-05-31 11:19:00,360,358,360,360,277300
2022-05-31 11:20:00,360,356,360,358,623800
2022-05-31 11:21:00,358,356,358,358,476700
2022-05-31 11:22:00,358,356,358,356,161100
2022-05-31 11:23:00,356,356,358,358,92300
2022-05-31 11:24:00,356,356,360,358,391000
2022-05-31 11:25:00,358,358,360,360,716300
2022-05-31 11:26:00,360,360,360,360,191300
2022-05-31 11:27:00,360,358,360,358,129000
2022-05-31 11:28:00,358,358,360,360,71400
2022-05-31 11:29:00,360,356,360,358,432800
2022-05-31 11:30:00,360,356,360,358,0
2022-05-31 11:31:00,360,356,360,358,0
2022-05-31 11:32:00,360,356,360,358,0
2022-05-31 11:33:00,360,356,360,358,0
2022-05-31 11:34:00,360,356,360,358,0
2022-05-31 11:35:00,360,356,360,358,0
2022-05-31 11:36:00,360,356,360,358,0
2022-05-31 11:37:00,360,356,360,358,0
2022-05-31 11:38:00,360,356,360,358,0
2022-05-31 11:39:00,360,356,360,358,0
2022-05-31 11:40:00,360,356,360,358,0
2022-05-31 11:41:00,360,356,360,358,0
2022-05-31 11:42:00,360,356,360,358,0
2022-05-31 11:43:00,360,356,360,358,0
2022-05-31 11:44:00,360,356,360,358,0
2022-05-31 11:45:00,360,356,360,358,0
2022-05-31 11:46:00,360,356,360,358,0
2022-05-31 11:47:00,360,356,360,358,0
2022-05-31 11:48:00,360,356,360,358,0
2022-05-31 11:49:00,360,356,360,358,0
2022-05-31 11:50:00,360,356,360,358,0
2022-05-31 11:51:00,360,356,360,358,0
2022-05-31 11:52:00,360,356,360,358,0
2022-05-31 11:53:00,360,356,360,358,0
2022-05-31 11:54:00,360,356,360,358,0
2022-05-31 11:55:00,360,356,360,358,0
2022-05-31 11:56:00,360,356,360,358,0
2022-05-31 11:57:00,360,356,360,358,0
2022-05-31 11:58:00,360,356,360,358,0
2022-05-31 11:59:00,360,356,360,358,0
2022-05-31 12:00:00,360,356,360,358,0
2022-05-31 12:01:00,360,356,360,358,0
2022-05-31 12:02:00,360,356,360,358,0
2022-05-31 12:03:00,360,356,360,358,0
2022-05-31 12:04:00,360,356,360,358,0
2022-05-31 12:05:00,360,356,360,358,0
2022-05-31 12:06:00,360,356,360,358,0
2022-05-31 12:07:00,360,356,360,358,0
2022-05-31 12:08:00,360,356,360,358,0
2022-05-31 12:09:00,360,356,360,358,0
2022-05-31 12:10:00,360,356,360,358,0
2022-05-31 12:11:00,360,356,360,358,0
2022-05-31 12:12:00,360,356,360,358,0
2022-05-31 12:13:00,360,356,360,358,0
2022-05-31 12:14:00,360,356,360,358,0
2022-05-31 12:15:00,360,356,360,358,0
2022-05-31 12:16:00,360,356,360,358,0
2022-05-31 12:17:00,360,356,360,358,0
2022-05-31 12:18:00,360,356,360,358,0
2022-05-31 12:19:00,360,356,360,358,0
2022-05-31 12:20:00,360,356,360,358,0
2022-05-31 12:21:00,360,356,360,358,0
2022-05-31 12:22:00,360,356,360,358,0
2022-05-31 12:23:00,360,356,360,358,0
2022-05-31 12:24:00,360,356,360,358,0
2022-05-31 12:25:00,360,356,360,358,0
2022-05-31 12:26:00,360,356,360,358,0
2022-05-31 12:27:00,360,356,360,358,0
2022-05-31 12:28:00,360,356,360,358,0
2022-05-31 12:29:00,360,356,360,358,0
2022-05-31 12:30:00,360,356,360,358,0
2022-05-31 12:31:00,360,356,360,358,0
2022-05-31 12:32:00,360,356,360,358,0
2022-05-31 12:33:00,360,356,360,358,0
2022-05-31 12:34:00,360,356,360,358,0
2022-05-31 12:35:00,360,356,360,358,0
2022-05-31 12:36:00,360,356,360,358,0
2022-05-31 12:37:00,360,356,360,358,0
2022-05-31 12:38:00,360,356,360,358,0
2022-05-31 12:39:00,360,356,360,358,0
2022-05-31 12:40:00,360,356,360,358,0
2022-05-31 12:41:00,360,356,360,358,0
2022-05-31 12:42:00,360,356,360,358,0
2022-05-31 12:43:00,360,356,360,358,0
2022-05-31 12:44:00,360,356,360,358,0
2022-05-31 12:45:00,360,356,360,358,0
2022-05-31 12:46:00,360,356,360,358,0
2022-05-31 12:47:00,360,356,360,358,0
2022-05-31 12:48:00,360,356,360,358,0
2022-05-31 12:49:00,360,356,360,358,0
2022-05-31 12:50:00,360,356,360,358,0
2022-05-31 12:51:00,360,356,360,358,0
2022-05-31 12:52:00,360,356,360,358,0
2022-05-31 12:53:00,360,356,360,358,0
2022-05-31 12:54:00,360,356,360,358,0
2022-05-31 12:55:00,360,356,360,358,0
2022-05-31 12:56:00,360,356,360,358,0
2022-05-31 12:57:00,360,356,360,358,0
2022-05-31 12:58:00,360,356,360,358,0
2022-05-31 12:59:00,360,356,360,358,0
2022-05-31 13:00:00,360,356,360,358,0
2022-05-31 13:01:00,360,356,360,358,0
2022-05-31 13:02:00,360,356,360,358,0
2022-05-31 13:03:00,360,356,360,358,0
2022-05-31 13:04:00,360,356,360,358,0
2022-05-31 13:05:00,360,356,360,358,0
2022-05-31 13:06:00,360,356,360,358,0
2022-05-31 13:07:00,360,356,360,358,0
2022-05-31 13:08:00,360,356,360,358,0
2022-05-31 13:09:00,360,356,360,358,0
2022-05-31 13:10:00,360,356,360,358,0
2022-05-31 13:11:00,360,356,360,358,0
2022-05-31 13:12:00,360,356,360,358,0
2022-05-31 13:13:00,360,356,360,358,0
2022-05-31 13:14:00,360,356,360,358,0
2022-05-31 13:15:00,360,356,360,358,0
2022-05-31 13:16:00,360,356,360,358,0
2022-05-31 13:17:00,360,356,360,358,0
2022-05-31 13:18:00,360,356,360,358,0
2022-05-31 13:19:00,360,356,360,358,0
2022-05-31 13:20:00,360,356,360,358,0
2022-05-31 13:21:00,360,356,360,358,0
2022-05-31 13:22:00,360,356,360,358,0
2022-05-31 13:23:00,360,356,360,358,0
2022-05-31 13:24:00,360,356,360,358,0
2022-05-31 13:25:00,360,356,360,358,0
2022-05-31 13:26:00,360,356,360,358,0
2022-05-31 13:27:00,360,356,360,358,0
2022-05-31 13:28:00,360,356,360,358,0
2022-05-31 13:29:00,360,356,360,358,0
2022-05-31 13:30:00,358,356,360,358,557100
2022-05-31 13:31:00,360,358,360,358,318100
2022-05-31 13:32:00,360,356,360,356,371900
2022-05-31 13:33:00,358,356,358,358,319500
2022-05-31 13:34:00,358,358,362,360,777800
2022-05-31 13:35:00,360,360,362,360,74500
2022-05-31 13:36:00,362,360,362,362,814200
2022-05-31 13:37:00,360,360,362,362,587500
2022-05-31 13:38:00,360,360,362,362,16600
2022-05-31 13:39:00,362,360,362,360,185900
2022-05-31 13:40:00,360,358,360,360,739700
2022-05-31 13:41:00,360,358,360,358,365800
2022-05-31 13:42:00,358,356,360,360,99800
2022-05-31 13:43:00,360,358,360,358,37200
2022-05-31 13:44:00,358,356,358,358,336900
2022-05-31 13:45:00,358,356,358,356,156100
2022-05-31 13:46:00,356,354,356,354,787500
2022-05-31 13:47:00,356,352,356,354,3026600
2022-05-31 13:48:00,354,352,356,356,330800
2022-05-31 13:49:00,356,354,356,356,26600
2022-05-31 13:50:00,356,354,356,356,648900
2022-05-31 13:51:00,354,354,356,356,95400
2022-05-31 13:52:00,356,354,356,354,188900
2022-05-31 13:53:00,356,354,356,356,57700
2022-05-31 13:54:00,354,352,356,354,406500
2022-05-31 13:55:00,352,350,354,352,1022100
2022-05-31 13:56:00,352,350,352,352,164500
2022-05-31 13:57:00,352,350,352,350,2264100
2022-05-31 13:58:00,350,346,350,348,2366400
2022-05-31 13:59:00,348,346,350,348,290300
2022-05-31 14:00:00,348,346,348,348,836600
2022-05-31 14:01:00,346,342,348,344,1787900
2022-05-31 14:02:00,342,342,346,344,611800
2022-05-31 14:03:00,344,344,346,344,195300
2022-05-31 14:04:00,344,342,346,346,278900
2022-05-31 14:05:00,346,344,348,346,237500
2022-05-31 14:06:00,346,346,350,350,254900
2022-05-31 14:07:00,348,348,352,352,600900
2022-05-31 14:08:00,352,350,352,352,1075200
2022-05-31 14:09:00,350,350,352,350,569100
2022-05-31 14:10:00,350,350,354,352,777200
2022-05-31 14:11:00,352,348,352,352,289500
2022-05-31 14:12:00,354,354,354,354,169500
2022-05-31 14:13:00,354,352,354,354,6200
2022-05-31 14:14:00,354,352,354,352,457600
2022-05-31 14:15:00,352,350,352,352,151900
2022-05-31 14:16:00,352,350,352,350,471800
2022-05-31 14:17:00,350,348,350,348,148000
2022-05-31 14:18:00,350,348,350,348,105900
2022-05-31 14:19:00,348,346,348,346,259700
2022-05-31 14:20:00,346,346,348,348,1025100
2022-05-31 14:21:00,348,348,350,348,6800
2022-05-31 14:22:00,348,346,348,348,86000
2022-05-31 14:23:00,350,348,350,348,132000
2022-05-31 14:24:00,348,346,348,348,318600
2022-05-31 14:25:00,348,346,348,348,288200
2022-05-31 14:26:00,348,348,350,350,54800
2022-05-31 14:27:00,350,348,350,348,3300
2022-05-31 14:28:00,348,348,350,350,79000
2022-05-31 14:29:00,350,348,350,350,6200
2022-05-31 14:30:00,350,348,350,350,53200
2022-05-31 14:31:00,350,348,350,350,15900
2022-05-31 14:32:00,348,348,350,350,227200
2022-05-31 14:33:00,350,348,350,350,63200
2022-05-31 14:34:00,348,348,350,348,103300
2022-05-31 14:35:00,348,348,348,348,8500
2022-05-31 14:36:00,348,348,350,348,136400
2022-05-31 14:37:00,348,348,348,348,230700
2022-05-31 14:38:00,348,344,350,348,1077100
2022-05-31 14:39:00,348,346,350,348,47200
2022-05-31 14:40:00,348,348,350,348,158600
2022-05-31 14:41:00,346,340,348,344,7336600
2022-05-31 14:42:00,344,344,346,344,209800
2022-05-31 14:43:00,346,336,346,344,5599700
2022-05-31 14:44:00,346,338,346,340,452000
2022-05-31 14:45:00,340,338,340,338,655800
2022-05-31 14:46:00,340,330,340,332,8561100
2022-05-31 14:47:00,332,330,340,338,4983500
2022-05-31 14:48:00,338,334,338,336,693400
2022-05-31 14:49:00,334,332,336,336,964900
2022-05-31 14:50:00,334,334,334,334,27300
2022-05-31 14:51:00,334,334,334,334,0
2022-05-31 14:52:00,334,334,334,334,0
2022-05-31 14:53:00,334,334,334,334,0
2022-05-31 14:54:00,334,334,334,334,0
2022-05-31 14:55:00,334,334,334,334,0
2022-05-31 14:56:00,334,334,334,334,0
2022-05-31 14:57:00,334,334,334,334,0
2022-05-31 14:58:00,334,334,334,334,0
2022-05-31 14:59:00,334,334,334,334,0
2022-05-31 15:00:00,338,338,338,338,3222100
2022-05-31 15:01:00,338,338,338,338,276300
2022-05-31 15:02:00,338,338,338,338,405700
2022-05-31 15:03:00,338,338,338,338,53200
2022-05-31 15:04:00,338,338,338,338,111600
2022-05-31 15:05:00,338,338,338,338,1900
2022-05-31 15:06:00,338,338,338,338,25300
2022-05-31 15:07:00,338,338,338,338,69400
2022-05-31 15:08:00,338,338,338,338,114000
2022-05-31 15:09:00,338,338,338,338,1000
2022-05-31 15:10:00,338,338,338,338,540100
2022-05-31 15:11:00,338,338,338,338,300
2022-05-31 15:12:00,338,338,338,338,38900
2022-05-31 15:13:00,338,338,338,338,0
2022-05-31 15:14:00,338,338,338,338,31600
2022-05-31 15:15:00,338,338,338,338,0
2022-05-31 15:16:00,338,338,338,338,0
2022-05-31 15:17:00,338,338,338,338,0
2022-05-31 15:18:00,338,338,338,338,0
2022-05-31 15:19:00,338,338,338,338,0
2022-05-31 15:20:00,338,338,338,338,0
2022-05-31 15:21:00,338,338,338,338,0
2022-05-31 15:22:00,338,338,338,338,0
2022-05-31 15:23:00,338,338,338,338,0
2022-05-31 15:24:00,338,338,338,338,0
2022-05-31 15:25:00,338,338,338,338,0
2022-05-31 15:26:00,338,338,338,338,0
2022-05-31 15:27:00,338,338,338,338,0
2022-05-31 15:28:00,338,338,338,338,0
2022-05-31 15:29:00,338,338,338,338,0
2022-05-31 15:30:00,338,338,338,338,0
2022-05-31 15:31:00,338,338,338,338,0
2022-05-31 15:32:00,338,338,338,338,0
2022-05-31 15:33:00,338,338,338,338,0
2022-05-31 15:34:00,338,338,338,338,0
2022-05-31 15:35:00,338,338,338,338,0
2022-05-31 15:36:00,338,338,338,338,0
2022-05-31 15:37:00,338,338,338,338,0
2022-05-31 15:38:00,338,338,338,338,0
2022-05-31 15:39:00,338,338,338,338,0
2022-05-31 15:40:00,338,338,338,338,0
2022-05-31 15:41:00,338,338,338,338,0
2022-05-31 15:42:00,338,338,338,338,0
2022-05-31 15:43:00,338,338,338,338,0
2022-05-31 15:44:00,338,338,338,338,0
2022-05-31 15:45:00,338,338,338,338,0
2022-05-31 15:46:00,338,338,338,338,0
2022-05-31 15:47:00,338,338,338,338,0
2022-05-31 15:48:00,338,338,338,338,0
2022-05-31 15:49:00,338,338,338,338,0
2022-05-31 15:50:00,338,338,338,338,0
2022-05-31 15:51:00,338,338,338,338,0
2022-05-31 15:52:00,338,338,338,338,0
2022-05-31 15:53:00,338,338,338,338,0
2022-05-31 15:54:00,338,338,338,338,0
2022-05-31 15:55:00,338,338,338,338,0
2022-05-31 15:56:00,338,338,338,338,0
2022-05-31 15:57:00,338,338,338,338,0
2022-05-31 15:58:00,338,338,338,338,0
2022-05-31 15:59:00,338,338,338,338,0
2022-06-01 09:00:00,338,338,338,338,0
2022-06-01 09:01:00,338,338,338,338,0
2022-06-01 09:02:00,338,338,338,338,0
2022-06-01 09:03:00,338,338,338,338,0
2022-06-01 09:04:00,338,338,338,338,0
2022-06-01 09:05:00,338,338,338,338,0
2022-06-01 09:06:00,338,338,338,338,0
2022-06-01 09:07:00,338,338,338,338,0
2022-06-01 09:08:00,338,338,338,338,0
2022-06-01 09:09:00,338,338,338,338,0
2022-06-01 09:10:00,338,338,338,338,0
2022-06-01 09:11:00,338,338,338,338,0
2022-06-01 09:12:00,338,338,338,338,0
2022-06-01 09:13:00,338,338,338,338,0
2022-06-01 09:14:00,338,338,338,338,0
2022-06-01 09:15:00,338,338,338,338,0
2022-06-01 09:16:00,338,338,338,338,0
2022-06-01 09:17:00,338,338,338,338,0
2022-06-01 09:18:00,338,338,338,338,0
2022-06-01 09:19:00,338,338,338,338,0
2022-06-01 09:20:00,338,338,338,338,0
2022-06-01 09:21:00,338,338,338,338,0
2022-06-01 09:22:00,338,338,338,338,0
2022-06-01 09:23:00,338,338,338,338,0
2022-06-01 09:24:00,338,338,338,338,0
2022-06-01 09:25:00,338,338,338,338,0
2022-06-01 09:26:00,338,338,338,338,0
2022-06-01 09:27:00,338,338,338,338,0
2022-06-01 09:28:00,338,338,338,338,0
2022-06-01 09:29:00,338,338,338,338,0
2022-06-01 09:30:00,338,338,338,338,0
2022-06-01 09:31:00,338,338,338,338,0
2022-06-01 09:32:00,338,338,338,338,0
2022-06-01 09:33:00,338,338,338,338,0
2022-06-01 09:34:00,338,338,338,338,0
2022-06-01 09:35:00,338,338,338,338,0
2022-06-01 09:36:00,338,338,338,338,0
2022-06-01 09:37:00,338,338,338,338,0
2022-06-01 09:38:00,338,338,338,338,0
2022-06-01 09:39:00,338,338,338,338,0
2022-06-01 09:40:00,338,338,338,338,0
2022-06-01 09:41:00,338,338,338,338,0
2022-06-01 09:42:00,338,338,338,338,0
2022-06-01 09:43:00,338,338,338,338,0
2022-06-01 09:44:00,338,338,338,338,0
2022-06-01 09:45:00,338,338,338,338,0
2022-06-01 09:46:00,338,338,338,338,0
2022-06-01 09:47:00,338,338,338,338,0
2022-06-01 09:48:00,338,338,338,338,0
2022-06-01 09:49:00,338,338,338,338,0
2022-06-01 09:50:00,338,338,338,338,0
2022-06-01 09:51:00,338,338,338,338,0
2022-06-01 09:52:00,338,338,338,338,0
2022-06-01 09:53:00,338,338,338,338,0
2022-06-01 09:54:00,338,338,338,338,0
2022-06-01 09:55:00,338,338,338,338,0
2022-06-01 09:56:00,338,338,338,338,0
2022-06-01 09:57:00,338,338,338,338,0
2022-06-01 09:58:00,338,338,338,338,0
2022-06-01 09:59:00,338,338,338,338,0
2022-06-01 10:00:00,338,338,338,338,0
2022-06-01 10:01:00,338,338,338,338,0
2022-06-01 10:02:00,338,338,338,338,0
2022-06-01 10:03:00,338,338,338,338,0
2022-06-01 10:04:00,338,338,338,338,0
2022-06-01 10:05:00,338,338,338,338,0
2022-06-01 10:06:00,338,338,338,338,0
2022-06-01 10:07:00,338,338,338,338,0
2022-06-01 10:08:00,338,338,338,338,0
2022-06-01 10:09:00,338,338,338,338,0
2022-06-01 10:10:00,338,338,338,338,0
2022-06-01 10:11:00,338,338,338,338,0
2022-06-01 10:12:00,338,338,338,338,0
2022-06-01 10:13:00,338,338,338,338,0
2022-06-01 10:14:00,338,338,338,338,0
2022-06-01 10:15:00,338,338,338,338,0
2022-06-01 10:16:00,338,338,338,338,0
2022-06-01 10:17:00,338,338,338,338,0
2022-06-01 10:18:00,338,338,338,338,0
2022-06-01 10:19:00,338,338,338,338,0
2022-06-01 10:20:00,338,338,338,338,0
2022-06-01 10:21:00,338,338,338,338,0
2022-06-01 10:22:00,338,338,338,338,0
2022-06-01 10:23:00,338,338,338,338,0
2022-06-01 10:24:00,338,338,338,338,0
2022-06-01 10:25:00,338,338,338,338,0
2022-06-01 10:26:00,338,338,338,338,0
2022-06-01 10:27:00,338,338,338,338,0
2022-06-01 10:28:00,338,338,338,338,0
2022-06-01 10:29:00,338,338,338,338,0
2022-06-01 10:30:00,338,338,338,338,0
2022-06-01 10:31:00,338,338,338,338,0
2022-06-01 10:32:00,338,338,338,338,0
2022-06-01 10:33:00,338,338,338,338,0
2022-06-01 10:34:00,338,338,338,338,0
2022-06-01 10:35:00,338,338,338,338,0
2022-06-01 10:36:00,338,338,338,338,0
2022-06-01 10:37:00,338,338,338,338,0
2022-06-01 10:38:00,338,338,338,338,0
2022-06-01 10:39:00,338,338,338,338,0
2022-06-01 10:40:00,338,338,338,338,0
2022-06-01 10:41:00,338,338,338,338,0
2022-06-01 10:42:00,338,338,338,338,0
2022-06-01 10:43:00,338,338,338,338,0
2022-06-01 10:44:00,338,338,338,338,0
2022-06-01 10:45:00,338,338,338,338,0
2022-06-01 10:46:00,338,338,338,338,0
2022-06-01 10:47:00,338,338,338,338,0
2022-06-01 10:48:00,338,338,338,338,0
2022-06-01 10:49:00,338,338,338,338,0
2022-06-01 10:50:00,338,338,338,338,0
2022-06-01 10:51:00,338,338,338,338,0
2022-06-01 10:52:00,338,338,338,338,0
2022-06-01 10:53:00,338,338,338,338,0
2022-06-01 10:54:00,338,338,338,338,0
2022-06-01 10:55:00,338,338,338,338,0
2022-06-01 10:56:00,338,338,338,338,0
2022-06-01 10:57:00,338,338,338,338,0
2022-06-01 10:58:00,338,338,338,338,0
2022-06-01 10:59:00,338,338,338,338,0
2022-06-01 11:00:00,338,338,338,338,0
2022-06-01 11:01:00,338,338,338,338,0
2022-06-01 11:02:00,338,338,338,338,0
2022-06-01 11:03:00,338,338,338,338,0
2022-06-01 11:04:00,338,338,338,338,0
2022-06-01 11:05:00,338,338,338,338,0
2022-06-01 11:06:00,338,338,338,338,0
2022-06-01 11:07:00,338,338,338,338,0
2022-06-01 11:08:00,338,338,338,338,0
2022-06-01 11:09:00,338,338,338,338,0
2022-06-01 11:10:00,338,338,338,338,0
2022-06-01 11:11:00,338,338,338,338,0
2022-06-01 11:12:00,338,338,338,338,0
2022-06-01 11:13:00,338,338,338,338,0
2022-06-01 11:14:00,338,338,338,338,0
2022-06-01 11:15:00,338,338,338,338,0
2022-06-01 11:16:00,338,338,338,338,0
2022-06-01 11:17:00,338,338,338,338,0
2022-06-01 11:18:00,338,338,338,338,0
2022-06-01 11:19:00,338,338,338,338,0
2022-06-01 11:20:00,338,338,338,338,0
2022-06-01 11:21:00,338,338,338,338,0
2022-06-01 11:22:00,338,338,338,338,0
2022-06-01 11:23:00,338,338,338,338,0
2022-06-01 11:24:00,338,338,338,338,0
2022-06-01 11:25:00,338,338,338,338,0
2022-06-01 11:26:00,338,338,338,338,0
2022-06-01 11:27:00,338,338,338,338,0
2022-06-01 11:28:00,338,338,338,338,0
2022-06-01 11:29:00,338,338,338,338,0
2022-06-01 11:30:00,338,338,338,338,0
2022-06-01 11:31:00,338,338,338,338,0
2022-06-01 11:32:00,338,338,338,338,0
2022-06-01 11:33:00,338,338,338,338,0
2022-06-01 11:34:00,338,338,338,338,0
2022-06-01 11:35:00,338,338,338,338,0
2022-06-01 11:36:00,338,338,338,338,0
2022-06-01 11:37:00,338,338,338,338,0
2022-06-01 11:38:00,338,338,338,338,0
2022-06-01 11:39:00,338,338,338,338,0
2022-06-01 11:40:00,338,338,338,338,0
2022-06-01 11:41:00,338,338,338,338,0
2022-06-01 11:42:00,338,338,338,338,0
2022-06-01 11:43:00,338,338,338,338,0
2022-06-01 11:44:00,338,338,338,338,0
2022-06-01 11:45:00,338,338,338,338,0
2022-06-01 11:46:00,338,338,338,338,0
2022-06-01 11:47:00,338,338,338,338,0
2022-06-01 11:48:00,338,338,338,338,0
2022-06-01 11:49:00,338,338,338,338,0
2022-06-01 11:50:00,338,338,338,338,0
2022-06-01 11:51:00,338,338,338,338,0
2022-06-01 11:52:00,338,338,338,338,0
2022-06-01 11:53:00,338,338,338,338,0
2022-06-01 11:54:00,338,338,338,338,0
2022-06-01 11:55:00,338,338,338,338,0
2022-06-01 11:56:00,338,338,338,338,0
2022-06-01 11:57:00,338,338,338,338,0
2022-06-01 11:58:00,338,338,338,338,0
2022-06-01 11:59:00,338,338,338,338,0
2022-06-01 12:00:00,338,338,338,338,0
2022-06-01 12:01:00,338,338,338,338,0
2022-06-01 12:02:00,338,338,338,338,0
2022-06-01 12:03:00,338,338,338,338,0
2022-06-01 12:04:00,338,338,338,338,0
2022-06-01 12:05:00,338,338,338,338,0
2022-06-01 12:06:00,338,338,338,338,0
2022-06-01 12:07:00,338,338,338,338,0
2022-06-01 12:08:00,338,338,338,338,0
2022-06-01 12:09:00,338,338,338,338,0
2022-06-01 12:10:00,338,338,338,338,0
2022-06-01 12:11:00,338,338,338,338,0
2022-06-01 12:12:00,338,338,338,338,0
2022-06-01 12:13:00,338,338,338,338,0
2022-06-01 12:14:00,338,338,338,338,0
2022-06-01 12:15:00,338,338,338,338,0
2022-06-01 12:16:00,338,338,338,338,0
2022-06-01 12:17:00,338,338,338,338,0
2022-06-01 12:18:00,338,338,338,338,0
2022-06-01 12:19:00,338,338,338,338,0
2022-06-01 12:20:00,338,338,338,338,0
2022-06-01 12:21:00,338,338,338,338,0
2022-06-01 12:22:00,338,338,338,338,0
2022-06-01 12:23:00,338,338,338,338,0
2022-06-01 12:24:00,338,338,338,338,0
2022-06-01 12:25:00,338,338,338,338,0
2022-06-01 12:26:00,338,338,338,338,0
2022-06-01 12:27:00,338,338,338,338,0
2022-06-01 12:28:00,338,338,338,338,0
2022-06-01 12:29:00,338,338,338,338,0
2022-06-01 12:30:00,338,338,338,338,0
2022-06-01 12:31:00,338,338,338,338,0
2022-06-01 12:32:00,338,338,338,338,0
2022-06-01 12:33:00,338,338,338,338,0
2022-06-01 12:34:00,338,338,338,338,0
2022-06-01 12:35:00,338,338,338,338,0
2022-06-01 12:36:00,338,338,338,338,0
2022-06-01 12:37:00,338,338,338,338,0
2022-06-01 12:38:00,338,338,338,338,0
2022-06-01 12:39:00,338,338,338,338,0
2022-06-01 12:40:00,338,338,338,338,0
2022-06-01 12:41:00,338,338,338,338,0
2022-06-01 12:42:00,338,338,338,338,0
2022-06-01 12:43:00,338,338,338,338,0
2022-06-01 12:44:00,338,338,338,338,0
2022-06-01 12:45:00,338,338,338,338,0
2022-06-01 12:46:00,338,338,338,338,0
2022-06-01 12:47:00,338,338,338,338,0
2022-06-01 12:48:00,338,338,338,338,0
2022-06-01 12:49:00,338,338,338,338,0
2022-06-01 12:50:00,338,338,338,338,0
2022-06-01 12:51:00,338,338,338,338,0
2022-06-01 12:52:00,338,338,338,338,0
2022-06-01 12:53:00,338,338,338,338,0
2022-06-01 12:54:00,338,338,338,338,0
2022-06-01 12:55:00,338,338,338,338,0
2022-06-01 12:56:00,338,338,338,338,0
2022-06-01 12:57:00,338,338,338,338,0
2022-06-01 12:58:00,338,338,338,338,0
2022-06-01 12:59:00,338,338,338,338,0
2022-06-01 13:00:00,338,338,338,338,0
2022-06-01 13:01:00,338,338,338,338,0
2022-06-01 13:02:00,338,338,338,338,0
2022-06-01 13:03:00,338,338,338,338,0
2022-06-01 13:04:00,338,338,338,338,0
2022-06-01 13:05:00,338,338,338,338,0
2022-06-01 13:06:00,338,338,338,338,0
2022-06-01 13:07:00,338,338,338,338,0
2022-06-01 13:08:00,338,338,338,338,0
2022-06-01 13:09:00,338,338,338,338,0
2022-06-01 13:10:00,338,338,338,338,0
2022-06-01 13:11:00,338,338,338,338,0
2022-06-01 13:12:00,338,338,338,338,0
2022-06-01 13:13:00,338,338,338,338,0
2022-06-01 13:14:00,338,338,338,338,0
2022-06-01 13:15:00,338,338,338,338,0
2022-06-01 13:16:00,338,338,338,338,0
2022-06-01 13:17:00,338,338,338,338,0
2022-06-01 13:18:00,338,338,338,338,0
2022-06-01 13:19:00,338,338,338,338,0
2022-06-01 13:20:00,338,338,338,338,0
2022-06-01 13:21:00,338,338,338,338,0
2022-06-01 13:22:00,338,338,338,338,0
2022-06-01 13:23:00,338,338,338,338,0
2022-06-01 13:24:00,338,338,338,338,0
2022-06-01 13:25:00,338,338,338,338,0
2022-06-01 13:26:00,338,338,338,338,0
2022-06-01 13:27:00,338,338,338,338,0
2022-06-01 13:28:00,338,338,338,338,0
2022-06-01 13:29:00,338,338,338,338,0
2022-06-01 13:30:00,338,338,338,338,0
2022-06-01 13:31:00,338,338,338,338,0
2022-06-01 13:32:00,338,338,338,338,0
2022-06-01 13:33:00,338,338,338,338,0
2022-06-01 13:34:00,338,338,338,338,0
2022-06-01 13:35:00,338,338,338,338,0
2022-06-01 13:36:00,338,338,338,338,0
2022-06-01 13:37:00,338,338,338,338,0
2022-06-01 13:38:00,338,338,338,338,0
2022-06-01 13:39:00,338,338,338,338,0
2022-06-01 13:40:00,338,338,338,338,0
2022-06-01 13:41:00,338,338,338,338,0
2022-06-01 13:42:00,338,338,338,338,0
2022-06-01 13:43:00,338,338,338,338,0
2022-06-01 13:44:00,338,338,338,338,0
2022-06-01 13:45:00,338,338,338,338,0
2022-06-01 13:46:00,338,338,338,338,0
2022-06-01 13:47:00,338,338,338,338,0
2022-06-01 13:48:00,338,338,338,338,0
2022-06-01 13:49:00,338,338,338,338,0
2022-06-01 13:50:00,338,338,338,338,0
2022-06-01 13:51:00,338,338,338,338,0
2022-06-01 13:52:00,338,338,338,338,0
2022-06-01 13:53:00,338,338,338,338,0
2022-06-01 13:54:00,338,338,338,338,0
2022-06-01 13:55:00,338,338,338,338,0
2022-06-01 13:56:00,338,338,338,338,0
2022-06-01 13:57:00,338,338,338,338,0
2022-06-01 13:58:00,338,338,338,338,0
2022-06-01 13:59:00,338,338,338,338,0
2022-06-01 14:00:00,338,338,338,338,0
2022-06-01 14:01:00,338,338,338,338,0
2022-06-01 14:02:00,338,338,338,338,0
2022-06-01 14:03:00,338,338,338,338,0
2022-06-01 14:04:00,338,338,338,338,0
2022-06-01 14:05:00,338,338,338,338,0
2022-06-01 14:06:00,338,338,338,338,0
2022-06-01 14:07:00,338,338,338,338,0
2022-06-01 14:08:00,338,338,338,338,0
2022-06-01 14:09:00,338,338,338,338,0
2022-06-01 14:10:00,338,338,338,338,0
2022-06-01 14:11:00,338,338,338,338,0
2022-06-01 14:12:00,338,338,338,338,0
2022-06-01 14:13:00,338,338,338,338,0
2022-06-01 14:14:00,338,338,338,338,0
2022-06-01 14:15:00,338,338,338,338,0
2022-06-01 14:16:00,338,338,338,338,0
2022-06-01 14:17:00,338,338,338,338,0
2022-06-01 14:18:00,338,338,338,338,0
2022-06-01 14:19:00,338,338,338,338,0
2022-06-01 14:20:00,338,338,338,338,0
2022-06-01 14:21:00,338,338,338,338,0
2022-06-01 14:22:00,338,338,338,338,0
2022-06-01 14:23:00,338,338,338,338,0
2022-06-01 14:24:00,338,338,338,338,0
2022-06-01 14:25:00,338,338,338,338,0
2022-06-01 14:26:00,338,338,338,338,0
2022-06-01 14:27:00,338,338,338,338,0
2022-06-01 14:28:00,338,338,338,338,0
2022-06-01 14:29:00,338,338,338,338,0
2022-06-01 14:30:00,338,338,338,338,0
2022-06-01 14:31:00,338,338,338,338,0
2022-06-01 14:32:00,338,338,338,338,0
2022-06-01 14:33:00,338,338,338,338,0
2022-06-01 14:34:00,338,338,338,338,0
2022-06-01 14:35:00,338,338,338,338,0
2022-06-01 14:36:00,338,338,338,338,0
2022-06-01 14:37:00,338,338,338,338,0
2022-06-01 14:38:00,338,338,338,338,0
2022-06-01 14:39:00,338,338,338,338,0
2022-06-01 14:40:00,338,338,338,338,0
2022-06-01 14:41:00,338,338,338,338,0
2022-06-01 14:42:00,338,338,338,338,0
2022-06-01 14:43:00,338,338,338,338,0
2022-06-01 14:44:00,338,338,338,338,0
2022-06-01 14:45:00,338,338,338,338,0
2022-06-01 14:46:00,338,338,338,338,0
2022-06-01 14:47:00,338,338,338,338,0
2022-06-01 14:48:00,338,338,338,338,0
2022-06-01 14:49:00,338,338,338,338,0
2022-06-01 14:50:00,338,338,338,338,0
2022-06-01 14:51:00,338,338,338,338,0
2022-06-01 14:52:00,338,338,338,338,0
2022-06-01 14:53:00,338,338,338,338,0
2022-06-01 14:54:00,338,338,338,338,0
2022-06-01 14:55:00,338,338,338,338,0
2022-06-01 14:56:00,338,338,338,338,0
2022-06-01 14:57:00,338,338,338,338,0
2022-06-01 14:58:00,338,338,338,338,0
2022-06-01 14:59:00,338,338,338,338,0
2022-06-01 15:00:00,338,338,338,338,0
2022-06-01 15:01:00,338,338,338,338,0
2022-06-01 15:02:00,338,338,338,338,0
2022-06-01 15:03:00,338,338,338,338,0
2022-06-01 15:04:00,338,338,338,338,0
2022-06-01 15:05:00,338,338,338,338,0
2022-06-01 15:06:00,338,338,338,338,0
2022-06-01 15:07:00,338,338,338,338,0
2022-06-01 15:08:00,338,338,338,338,0
2022-06-01 15:09:00,338,338,338,338,0
2022-06-01 15:10:00,338,338,338,338,0
2022-06-01 15:11:00,338,338,338,338,0
2022-06-01 15:12:00,338,338,338,338,0
2022-06-01 15:13:00,338,338,338,338,0
2022-06-01 15:14:00,338,338,338,338,0
2022-06-01 15:15:00,338,338,338,338,0
2022-06-01 15:16:00,338,338,338,338,0
2022-06-01 15:17:00,338,338,338,338,0
2022-06-01 15:18:00,338,338,338,338,0
2022-06-01 15:19:00,338,338,338,338,0
2022-06-01 15:20:00,338,338,338,338,0
2022-06-01 15:21:00,338,338,338,338,0
2022-06-01 15:22:00,338,338,338,338,0
2022-06-01 15:23:00,338,338,338,338,0
2022-06-01 15:24:00,338,338,338,338,0
2022-06-01 15:25:00,338,338,338,338,0
2022-06-01 15:26:00,338,338,338,338,0
2022-06-01 15:27:00,338,338,338,338,0
2022-06-01 15:28:00,338,338,338,338,0
2022-06-01 15:29:00,338,338,338,338,0
2022-06-01 15:30:00,338,338,338,338,0
2022-06-01 15:31:00,338,338,338,338,0
2022-06-01 15:32:00,338,338,338,338,0
2022-06-01 15:33:00,338,338,338,338,0
2022-06-01 15:34:00,338,338,338,338,0
2022-06-01 15:35:00,338,338,338,338,0
2022-06-01 15:36:00,338,338,338,338,0
2022-06-01 15:37:00,338,338,338,338,0
2022-06-01 15:38:00,338,338,338,338,0
2022-06-01 15:39:00,338,338,338,338,0
2022-06-01 15:40:00,338,338,338,338,0
2022-06-01 15:41:00,338,338,338,338,0
2022-06-01 15:42:00,338,338,338,338,0
2022-06-01 15:43:00,338,338,338,338,0
2022-06-01 15:44:00,338,338,338,338,0
2022-06-01 15:45:00,338,338,338,338,0
2022-06-01 15:46:00,338,338,338,338,0
2022-06-01 15:47:00,338,338,338,338,0
2022-06-01 15:48:00,338,338,338,338,0
2022-06-01 15:49:00,338,338,338,338,0
2022-06-01 15:50:00,338,338,338,338,0
2022-06-01 15:51:00,338,338,338,338,0
2022-06-01 15:52:00,338,338,338,338,0
2022-06-01 15:53:00,338,338,338,338,0
2022-06-01 15:54:00,338,338,338,338,0
2022-06-01 15:55:00,338,338,338,338,0
2022-06-01 15:56:00,338,338,338,338,0
2022-06-01 15:57:00,338,338,338,338,0
2022-06-01 15:58:00,338,338,338,338,0
2022-06-01 15:59:00,338,338,338,338,0
2022-06-02 09:00:00,340,340,344,342,0
2022-06-02 09:01:00,342,338,344,338,1136300
2022-06-02 09:02:00,338,338,342,342,251600
2022-06-02 09:03:00,342,338,342,340,274600
2022-06-02 09:04:00,340,338,342,340,464900
2022-06-02 09:05:00,340,338,340,340,524700
2022-06-02 09:06:00,340,338,340,338,391000
2022-06-02 09:07:00,340,338,342,342,373600
2022-06-02 09:08:00,342,340,346,346,1426400
2022-06-02 09:09:00,346,346,352,350,1485500
2022-06-02 09:10:00,352,350,352,352,1568800
2022-06-02 09:11:00,352,346,352,348,2987500
2022-06-02 09:12:00,348,348,356,356,3593000
2022-06-02 09:13:00,356,354,356,354,937800
2022-06-02 09:14:00,354,350,354,350,964300
2022-06-02 09:15:00,352,350,354,354,831000
2022-06-02 09:16:00,354,354,354,354,1416900
2022-06-02 09:17:00,354,352,356,354,814500
2022-06-02 09:18:00,354,354,356,356,127300
2022-06-02 09:19:00,356,354,358,356,1396000
2022-06-02 09:20:00,356,354,358,358,378400
2022-06-02 09:21:00,358,356,358,358,186500
2022-06-02 09:22:00,356,354,356,356,825300
2022-06-02 09:23:00,356,354,356,356,348100
2022-06-02 09:24:00,354,354,356,354,216500
2022-06-02 09:25:00,354,350,356,350,1627800
2022-06-02 09:26:00,350,350,354,354,477000
2022-06-02 09:27:00,352,352,356,354,737900
2022-06-02 09:28:00,354,354,358,358,2418100
2022-06-02 09:29:00,356,356,358,358,509400
2022-06-02 09:30:00,360,356,360,358,573600
2022-06-02 09:31:00,358,354,358,354,572400
2022-06-02 09:32:00,354,354,356,354,180400
2022-06-02 09:33:00,354,354,356,354,14600
2022-06-02 09:34:00,356,354,356,356,149900
2022-06-02 09:35:00,356,354,356,356,45200
2022-06-02 09:36:00,356,354,356,354,343200
2022-06-02 09:37:00,356,354,360,358,2240800
2022-06-02 09:38:00,358,358,360,360,963200
2022-06-02 09:39:00,360,358,360,358,409900
2022-06-02 09:40:00,358,358,360,360,99500
2022-06-02 09:41:00,360,358,360,358,79000
2022-06-02 09:42:00,360,358,360,360,344000
2022-06-02 09:43:00,360,358,362,360,233700
2022-06-02 09:44:00,360,360,360,360,314000
2022-06-02 09:45:00,360,360,360,360,140100
2022-06-02 09:46:00,360,360,362,362,391500
2022-06-02 09:47:00,362,360,364,364,1113300
2022-06-02 09:48:00,364,364,374,372,6115100
2022-06-02 09:49:00,372,364,372,366,2548700
2022-06-02 09:50:00,366,366,368,368,921300
2022-06-02 09:51:00,366,366,368,368,618400
2022-06-02 09:52:00,368,368,370,368,561400
2022-06-02 09:53:00,368,368,368,368,585500
2022-06-02 09:54:00,366,366,368,368,154100
2022-06-02 09:55:00,368,366,368,366,685400
2022-06-02 09:56:00,368,366,368,368,577700
2022-06-02 09:57:00,368,366,370,368,310700
2022-06-02 09:58:00,370,368,370,370,46600
2022-06-02 09:59:00,370,366,370,368,864000
2022-06-02 10:00:00,368,366,368,368,157600
2022-06-02 10:01:00,368,366,368,368,222900
2022-06-02 10:02:00,366,366,368,366,720900
2022-06-02 10:03:00,366,364,368,364,715600
2022-06-02 10:04:00,364,364,368,366,448200
2022-06-02 10:05:00,366,366,366,366,195400
2022-06-02 10:06:00,366,364,368,366,167600
2022-06-02 10:07:00,366,364,366,366,184200
2022-06-02 10:08:00,366,366,366,366,94500
2022-06-02 10:09:00,366,366,366,366,53300
2022-06-02 10:10:00,366,366,370,370,1359700
2022-06-02 10:11:00,368,368,370,370,35800
2022-06-02 10:12:00,370,368,372,372,3178800
2022-06-02 10:13:00,372,368,372,368,1127800
2022-06-02 10:14:00,370,368,370,370,128300
2022-06-02 10:15:00,368,368,370,368,111100
2022-06-02 10:16:00,368,364,368,368,1286500
2022-06-02 10:17:00,368,368,368,368,105900
2022-06-02 10:18:00,368,366,368,368,81000
2022-06-02 10:19:00,368,366,368,366,97400
2022-06-02 10:20:00,366,366,368,368,14700
2022-06-02 10:21:00,366,362,368,362,1698400
2022-06-02 10:22:00,362,362,364,362,210700
2022-06-02 10:23:00,362,362,364,364,162500
2022-06-02 10:24:00,362,362,364,362,130200
2022-06-02 10:25:00,364,362,364,364,12800
2022-06-02 10:26:00,364,356,364,356,2921100
2022-06-02 10:27:00,356,356,360,358,840100
2022-06-02 10:28:00,358,358,360,358,405600
2022-06-02 10:29:00,358,358,360,358,236600
2022-06-02 10:30:00,360,360,362,362,753300
2022-06-02 10:31:00,362,362,364,362,110700
2022-06-02 10:32:00,362,362,366,364,219000
2022-06-02 10:33:00,364,362,364,364,94600
2022-06-02 10:34:00,364,362,364,364,72100
2022-06-02 10:35:00,364,362,364,364,283700
2022-06-02 10:36:00,364,362,364,362,75000
2022-06-02 10:37:00,362,362,362,362,330800
2022-06-02 10:38:00,362,358,362,360,190300
2022-06-02 10:39:00,360,360,362,360,54200
2022-06-02 10:40:00,362,358,362,358,432500
2022-06-02 10:41:00,358,358,360,358,83400
2022-06-02 10:42:00,358,358,360,360,249300
2022-06-02 10:43:00,360,358,360,358,66100
2022-06-02 10:44:00,358,356,358,356,552300
2022-06-02 10:45:00,358,354,358,356,530000
2022-06-02 10:46:00,356,356,356,356,139300
2022-06-02 10:47:00,356,356,358,356,208300
2022-06-02 10:48:00,358,356,358,356,42400
2022-06-02 10:49:00,356,356,356,356,264700
2022-06-02 10:50:00,356,356,358,356,101400
2022-06-02 10:51:00,356,354,356,356,138100
2022-06-02 10:52:00,356,356,358,356,214400
2022-06-02 10:53:00,354,354,358,358,207700
2022-06-02 10:54:00,358,356,358,358,17600
2022-06-02 10:55:00,356,356,356,356,101600
2022-06-02 10:56:00,356,356,358,356,611800
2022-06-02 10:57:00,356,356,358,358,216000
2022-06-02 10:58:00,356,354,356,354,525600
2022-06-02 10:59:00,354,354,356,354,296500
2022-06-02 11:00:00,354,352,354,352,462700
2022-06-02 11:01:00,352,346,354,346,4179500
2022-06-02 11:02:00,348,340,348,346,6928700
2022-06-02 11:03:00,346,344,346,346,1176200
2022-06-02 11:04:00,346,344,346,346,617900
2022-06-02 11:05:00,346,344,346,346,232300
2022-06-02 11:06:00,346,346,348,346,531700
2022-06-02 11:07:00,346,346,348,348,765100
2022-06-02 11:08:00,348,348,348,348,310700
2022-06-02 11:09:00,346,346,348,348,300100
2022-06-02 11:10:00,348,346,348,346,74900
2022-06-02 11:11:00,346,346,348,348,237800
2022-06-02 11:12:00,348,348,350,350,104000
2022-06-02 11:13:00,350,348,350,350,1558100
2022-06-02 11:14:00,350,348,352,352,148300
2022-06-02 11:15:00,352,350,352,352,1057100
2022-06-02 11:16:00,352,352,354,352,689500
2022-06-02 11:17:00,352,350,352,352,188300
2022-06-02 11:18:00,354,352,354,354,341600
2022-06-02 11:19:00,352,352,352,352,47900
2022-06-02 11:20:00,352,352,352,352,62600
2022-06-02 11:21:00,354,352,354,352,7100
2022-06-02 11:22:00,352,352,354,352,176000
2022-06-02 11:23:00,350,348,350,350,926200
2022-06-02 11:24:00,348,348,350,350,140500
2022-06-02 11:25:00,350,350,352,352,10400
2022-06-02 11:26:00,352,352,352,352,36000
2022-06-02 11:27:00,352,350,352,350,294400
2022-06-02 11:28:00,350,350,352,350,196700
2022-06-02 11:29:00,350,348,352,348,439400
2022-06-02 11:30:00,350,348,352,348,0
2022-06-02 11:31:00,350,348,352,348,0
2022-06-02 11:32:00,350,348,352,348,0
2022-06-02 11:33:00,350,348,352,348,0
2022-06-02 11:34:00,350,348,352,348,0
2022-06-02 11:35:00,350,348,352,348,0
2022-06-02 11:36:00,350,348,352,348,0
2022-06-02 11:37:00,350,348,352,348,0
2022-06-02 11:38:00,350,348,352,348,0
2022-06-02 11:39:00,350,348,352,348,0
2022-06-02 11:40:00,350,348,352,348,0
2022-06-02 11:41:00,350,348,352,348,0
2022-06-02 11:42:00,350,348,352,348,0
2022-06-02 11:43:00,350,348,352,348,0
2022-06-02 11:44:00,350,348,352,348,0
2022-06-02 11:45:00,350,348,352,348,0
2022-06-02 11:46:00,350,348,352,348,0
2022-06-02 11:47:00,350,348,352,348,0
2022-06-02 11:48:00,350,348,352,348,0
2022-06-02 11:49:00,350,348,352,348,0
2022-06-02 11:50:00,350,348,352,348,0
2022-06-02 11:51:00,350,348,352,348,0
2022-06-02 11:52:00,350,348,352,348,0
2022-06-02 11:53:00,350,348,352,348,0
2022-06-02 11:54:00,350,348,352,348,0
2022-06-02 11:55:00,350,348,352,348,0
2022-06-02 11:56:00,350,348,352,348,0
2022-06-02 11:57:00,350,348,352,348,0
2022-06-02 11:58:00,350,348,352,348,0
2022-06-02 11:59:00,350,348,352,348,0
2022-06-02 12:00:00,350,348,352,348,0
2022-06-02 12:01:00,350,348,352,348,0
2022-06-02 12:02:00,350,348,352,348,0
2022-06-02 12:03:00,350,348,352,348,0
2022-06-02 12:04:00,350,348,352,348,0
2022-06-02 12:05:00,350,348,352,348,0
2022-06-02 12:06:00,350,348,352,348,0
2022-06-02 12:07:00,350,348,352,348,0
2022-06-02 12:08:00,350,348,352,348,0
2022-06-02 12:09:00,350,348,352,348,0
2022-06-02 12:10:00,350,348,352,348,0
2022-06-02 12:11:00,350,348,352,348,0
2022-06-02 12:12:00,350,348,352,348,0
2022-06-02 12:13:00,350,348,352,348,0
2022-06-02 12:14:00,350,348,352,348,0
2022-06-02 12:15:00,350,348,352,348,0
2022-06-02 12:16:00,350,348,352,348,0
2022-06-02 12:17:00,350,348,352,348,0
2022-06-02 12:18:00,350,348,352,348,0
2022-06-02 12:19:00,350,348,352,348,0
2022-06-02 12:20:00,350,348,352,348,0
2022-06-02 12:21:00,350,348,352,348,0
2022-06-02 12:22:00,350,348,352,348,0
2022-06-02 12:23:00,350,348,352,348,0
2022-06-02 12:24:00,350,348,352,348,0
2022-06-02 12:25:00,350,348,352,348,0
2022-06-02 12:26:00,350,348,352,348,0
2022-06-02 12:27:00,350,348,352,348,0
2022-06-02 12:28:00,350,348,352,348,0
2022-06-02 12:29:00,350,348,352,348,0
2022-06-02 12:30:00,350,348,352,348,0
2022-06-02 12:31:00,350,348,352,348,0
2022-06-02 12:32:00,350,348,352,348,0
2022-06-02 12:33:00,350,348,352,348,0
2022-06-02 12:34:00,350,348,352,348,0
2022-06-02 12:35:00,350,348,352,348,0
2022-06-02 12:36:00,350,348,352,348,0
2022-06-02 12:37:00,350,348,352,348,0
2022-06-02 12:38:00,350,348,352,348,0
2022-06-02 12:39:00,350,348,352,348,0
2022-06-02 12:40:00,350,348,352,348,0
2022-06-02 12:41:00,350,348,352,348,0
2022-06-02 12:42:00,350,348,352,348,0
2022-06-02 12:43:00,350,348,352,348,0
2022-06-02 12:44:00,350,348,352,348,0
2022-06-02 12:45:00,350,348,352,348,0
2022-06-02 12:46:00,350,348,352,348,0
2022-06-02 12:47:00,350,348,352,348,0
2022-06-02 12:48:00,350,348,352,348,0
2022-06-02 12:49:00,350,348,352,348,0
2022-06-02 12:50:00,350,348,352,348,0
2022-06-02 12:51:00,350,348,352,348,0
2022-06-02 12:52:00,350,348,352,348,0
2022-06-02 12:53:00,350,348,352,348,0
2022-06-02 12:54:00,350,348,352,348,0
2022-06-02 12:55:00,350,348,352,348,0
2022-06-02 12:56:00,350,348,352,348,0
2022-06-02 12:57:00,350,348,352,348,0
2022-06-02 12:58:00,350,348,352,348,0
2022-06-02 12:59:00,350,348,352,348,0
2022-06-02 13:00:00,350,348,352,348,0
2022-06-02 13:01:00,350,348,352,348,0
2022-06-02 13:02:00,350,348,352,348,0
2022-06-02 13:03:00,350,348,352,348,0
2022-06-02 13:04:00,350,348,352,348,0
2022-06-02 13:05:00,350,348,352,348,0
2022-06-02 13:06:00,350,348,352,348,0
2022-06-02 13:07:00,350,348,352,348,0
2022-06-02 13:08:00,350,348,352,348,0
2022-06-02 13:09:00,350,348,352,348,0
2022-06-02 13:10:00,350,348,352,348,0
2022-06-02 13:11:00,350,348,352,348,0
2022-06-02 13:12:00,350,348,352,348,0
2022-06-02 13:13:00,350,348,352,348,0
2022-06-02 13:14:00,350,348,352,348,0
2022-06-02 13:15:00,350,348,352,348,0
2022-06-02 13:16:00,350,348,352,348,0
2022-06-02 13:17:00,350,348,352,348,0
2022-06-02 13:18:00,350,348,352,348,0
2022-06-02 13:19:00,350,348,352,348,0
2022-06-02 13:20:00,350,348,352,348,0
2022-06-02 13:21:00,350,348,352,348,0
2022-06-02 13:22:00,350,348,352,348,0
2022-06-02 13:23:00,350,348,352,348,0
2022-06-02 13:24:00,350,348,352,348,0
2022-06-02 13:25:00,350,348,352,348,0
2022-06-02 13:26:00,350,348,352,348,0
2022-06-02 13:27:00,350,348,352,348,0
2022-06-02 13:28:00,350,348,352,348,0
2022-06-02 13:29:00,350,348,352,348,0
2022-06-02 13:30:00,350,346,350,348,617400
2022-06-02 13:31:00,348,346,348,348,167600
2022-06-02 13:32:00,348,348,348,348,122100
2022-06-02 13:33:00,348,344,348,344,463800
2022-06-02 13:34:00,346,344,350,350,257400
2022-06-02 13:35:00,346,344,350,350,268700
2022-06-02 13:36:00,348,344,348,346,253100
2022-06-02 13:37:00,346,344,346,344,23800
2022-06-02 13:38:00,346,344,346,346,335700
2022-06-02 13:39:00,348,346,348,348,23100
2022-06-02 13:40:00,348,346,348,348,231000
2022-06-02 13:41:00,346,346,348,348,170600
2022-06-02 13:42:00,348,348,350,348,68900
2022-06-02 13:43:00,350,350,356,356,1378000
2022-06-02 13:44:00,356,356,358,356,274000
2022-06-02 13:45:00,356,352,358,354,768500
2022-06-02 13:46:00,356,352,356,352,150300
2022-06-02 13:47:00,354,352,356,354,28600
2022-06-02 13:48:00,356,354,356,354,74400
2022-06-02 13:49:00,356,352,356,354,73700
2022-06-02 13:50:00,354,352,354,352,10600
2022-06-02 13:51:00,354,352,354,352,27000
2022-06-02 13:52:00,352,352,352,352,156800
2022-06-02 13:53:00,352,350,352,352,266500
2022-06-02 13:54:00,354,352,354,352,36600
2022-06-02 13:55:00,352,350,352,352,14300
2022-06-02 13:56:00,352,350,352,350,360100
2022-06-02 13:57:00,350,350,350,350,80000
2022-06-02 13:58:00,350,350,352,352,3800
2022-06-02 13:59:00,352,350,352,350,7200
2022-06-02 14:00:00,350,348,352,348,124800
2022-06-02 14:01:00,352,352,354,354,224600
2022-06-02 14:02:00,354,352,356,354,358000
2022-06-02 14:03:00,352,350,352,350,224700
2022-06-02 14:04:00,350,348,350,348,30700
2022-06-02 14:05:00,350,348,350,350,21900
2022-06-02 14:06:00,348,348,350,350,352100
2022-06-02 14:07:00,350,350,352,352,538800
2022-06-02 14:08:00,352,352,354,352,60300
2022-06-02 14:09:00,352,352,352,352,12800
2022-06-02 14:10:00,352,352,352,352,28800
2022-06-02 14:11:00,352,350,352,352,174700
2022-06-02 14:12:00,352,352,356,354,510700
2022-06-02 14:13:00,354,352,354,352,41600
2022-06-02 14:14:00,352,352,354,354,28800
2022-06-02 14:15:00,352,350,354,350,50500
2022-06-02 14:16:00,352,350,352,350,45600
2022-06-02 14:17:00,350,348,352,350,247900
2022-06-02 14:18:00,350,350,350,350,112500
2022-06-02 14:19:00,350,350,352,350,45800
2022-06-02 14:20:00,350,350,354,352,66200
2022-06-02 14:21:00,352,352,352,352,0
2022-06-02 14:22:00,350,350,350,350,108879100
2022-06-02 14:23:00,350,348,350,350,40500
2022-06-02 14:24:00,350,350,350,350,24000
2022-06-02 14:25:00,350,350,352,352,176800
2022-06-02 14:26:00,352,350,352,350,38900
2022-06-02 14:27:00,350,350,350,350,70800
2022-06-02 14:28:00,352,350,352,352,266000
2022-06-02 14:29:00,352,350,352,350,36600
2022-06-02 14:30:00,350,346,350,346,771400
2022-06-02 14:31:00,348,348,350,350,72300
2022-06-02 14:32:00,350,348,350,348,471900
2022-06-02 14:33:00,352,348,352,350,77200
2022-06-02 14:34:00,350,348,350,348,474400
2022-06-02 14:35:00,348,346,350,346,659100
2022-06-02 14:36:00,346,346,352,352,957700
2022-06-02 14:37:00,350,350,352,350,316000
2022-06-02 14:38:00,350,348,350,350,34600
2022-06-02 14:39:00,348,348,350,350,393500
2022-06-02 14:40:00,350,350,350,350,245600
2022-06-02 14:41:00,350,350,350,350,177200
2022-06-02 14:42:00,352,352,352,352,871600
2022-06-02 14:43:00,352,352,354,354,398900
2022-06-02 14:44:00,354,352,354,354,1458200
2022-06-02 14:45:00,354,354,356,356,438200
2022-06-02 14:46:00,356,354,358,356,1055600
2022-06-02 14:47:00,356,356,358,356,1557500
2022-06-02 14:48:00,356,356,358,358,80300
2022-06-02 14:49:00,358,356,360,360,2418900
2022-06-02 14:50:00,358,356,360,360,0
2022-06-02 14:51:00,358,356,360,360,0
2022-06-02 14:52:00,358,356,360,360,0
2022-06-02 14:53:00,358,356,360,360,0
2022-06-02 14:54:00,358,356,360,360,0
2022-06-02 14:55:00,358,356,360,360,0
2022-06-02 14:56:00,358,356,360,360,0
2022-06-02 14:57:00,358,356,360,360,0
2022-06-02 14:58:00,358,356,360,360,0
2022-06-02 14:59:00,358,356,360,360,0
2022-06-02 15:00:00,364,364,364,364,3381300
2022-06-02 15:01:00,364,364,364,364,1459300
2022-06-02 15:02:00,364,364,364,364,1112700
2022-06-02 15:03:00,364,364,364,364,356300
2022-06-02 15:04:00,364,364,364,364,200100
2022-06-02 15:05:00,364,364,364,364,34600
2022-06-02 15:06:00,364,364,364,364,499800
2022-06-02 15:07:00,364,364,364,364,605700
2022-06-02 15:08:00,364,364,364,364,83300
2022-06-02 15:09:00,364,364,364,364,23200
2022-06-02 15:10:00,364,364,364,364,719600
2022-06-02 15:11:00,364,364,364,364,300000
2022-06-02 15:12:00,364,364,364,364,11500
2022-06-02 15:13:00,364,364,364,364,100
2022-06-02 15:14:00,364,364,364,364,1000
2022-06-02 15:15:00,364,364,364,364,10000
2022-06-02 15:16:00,364,364,364,364,0
2022-06-02 15:17:00,364,364,364,364,0
2022-06-02 15:18:00,364,364,364,364,0
2022-06-02 15:19:00,364,364,364,364,0
2022-06-02 15:20:00,364,364,364,364,0
2022-06-02 15:21:00,364,364,364,364,0
2022-06-02 15:22:00,364,364,364,364,0
2022-06-02 15:23:00,364,364,364,364,0
2022-06-02 15:24:00,364,364,364,364,0
2022-06-02 15:25:00,364,364,364,364,0
2022-06-02 15:26:00,364,364,364,364,0
2022-06-02 15:27:00,364,364,364,364,0
2022-06-02 15:28:00,364,364,364,364,0
2022-06-02 15:29:00,364,364,364,364,0
2022-06-02 15:30:00,364,364,364,364,0
2022-06-02 15:31:00,364,364,364,364,0
2022-06-02 15:32:00,364,364,364,364,0
2022-06-02 15:33:00,364,364,364,364,0
2022-06-02 15:34:00,364,364,364,364,0
2022-06-02 15:35:00,364,364,364,364,0
2022-06-02 15:36:00,364,364,364,364,0
2022-06-02 15:37:00,364,364,364,364,0
2022-06-02 15:38:00,364,364,364,364,0
2022-06-02 15:39:00,364,364,364,364,0
2022-06-02 15:40:00,364,364,364,364,0
2022-06-02 15:41:00,364,364,364,364,0
2022-06-02 15:42:00,364,364,364,364,0
2022-06-02 15:43:00,364,364,364,364,0
2022-06-02 15:44:00,364,364,364,364,0
2022-06-02 15:45:00,364,364,364,364,0
2022-06-02 15:46:00,364,364,364,364,0
2022-06-02 15:47:00,364,364,364,364,0
2022-06-02 15:48:00,364,364,364,364,0
2022-06-02 15:49:00,364,364,364,364,0
2022-06-02 15:50:00,364,364,364,364,0
2022-06-02 15:51:00,364,364,364,364,0
2022-06-02 15:52:00,364,364,364,364,0
2022-06-02 15:53:00,364,364,364,364,0
2022-06-02 15:54:00,364,364,364,364,0
2022-06-02 15:55:00,364,364,364,364,0
2022-06-02 15:56:00,364,364,364,364,0
2022-06-02 15:57:00,364,364,364,364,0
2022-06-02 15:58:00,364,364,364,364,0
2022-06-02 15:59:00,364,364,364,364,0
2022-06-03 09:00:00,366,366,370,368,0
2022-06-03 09:01:00,370,368,376,374,2824800
2022-06-03 09:02:00,374,374,384,384,3618000
2022-06-03 09:03:00,382,380,384,382,2912500
2022-06-03 09:04:00,382,374,382,378,2133400
2022-06-03 09:05:00,376,376,378,376,826900
2022-06-03 09:06:00,376,374,378,376,1338000
2022-06-03 09:07:00,376,376,378,378,554800
2022-06-03 09:08:00,378,376,378,378,314400
2022-06-03 09:09:00,378,376,378,378,95000
2022-06-03 09:10:00,376,376,380,380,1064500
2022-06-03 09:11:00,382,380,382,382,834400
2022-06-03 09:12:00,382,376,382,376,1977900
2022-06-03 09:13:00,378,374,378,378,1079300
2022-06-03 09:14:00,378,378,378,378,176100
2022-06-03 09:15:00,378,378,380,378,717300
2022-06-03 09:16:00,380,378,380,380,200400
2022-06-03 09:17:00,378,378,380,378,913300
2022-06-03 09:18:00,378,378,380,378,449500
2022-06-03 09:19:00,378,374,378,376,313100
2022-06-03 09:20:00,374,374,376,376,115700
2022-06-03 09:21:00,376,374,376,376,461000
2022-06-03 09:22:00,374,372,374,374,79800
2022-06-03 09:23:00,372,372,374,372,123600
2022-06-03 09:24:00,372,372,374,372,883400
2022-06-03 09:25:00,372,368,372,368,1104800
2022-06-03 09:26:00,368,368,370,370,581900
2022-06-03 09:27:00,368,368,370,368,224100
2022-06-03 09:28:00,368,368,372,368,1113000
2022-06-03 09:29:00,368,360,368,360,2912700
2022-06-03 09:30:00,360,358,368,366,1223200
2022-06-03 09:31:00,366,366,368,368,562200
2022-06-03 09:32:00,366,366,368,368,281300
2022-06-03 09:33:00,368,366,368,368,214700
2022-06-03 09:34:00,368,366,368,368,577000
2022-06-03 09:35:00,368,368,370,370,435500
2022-06-03 09:36:00,370,368,370,368,60400
2022-06-03 09:37:00,368,368,370,368,729000
2022-06-03 09:38:00,368,366,368,366,152300
2022-06-03 09:39:00,366,366,368,366,122000
2022-06-03 09:40:00,368,368,368,368,444100
2022-06-03 09:41:00,370,368,370,368,55100
2022-06-03 09:42:00,368,366,368,368,328400
2022-06-03 09:43:00,368,366,368,368,40400
2022-06-03 09:44:00,368,368,368,368,31600
2022-06-03 09:45:00,368,366,368,366,41600
2022-06-03 09:46:00,366,366,366,366,498100
2022-06-03 09:47:00,366,364,368,364,135400
2022-06-03 09:48:00,364,364,366,364,36200
2022-06-03 09:49:00,364,362,364,364,536700
2022-06-03 09:50:00,362,356,364,360,6185200
2022-06-03 09:51:00,358,352,362,352,2678700
2022-06-03 09:52:00,352,352,356,356,850100
2022-06-03 09:53:00,356,354,360,360,714300
2022-06-03 09:54:00,360,358,360,358,241600
2022-06-03 09:55:00,358,358,362,360,211400
2022-06-03 09:56:00,360,360,362,362,29700
2022-06-03 09:57:00,362,360,362,362,383500
2022-06-03 09:58:00,362,362,364,364,11400
2022-06-03 09:59:00,364,362,364,362,85200
2022-06-03 10:00:00,364,360,364,360,539700
2022-06-03 10:01:00,358,358,360,358,410800
2022-06-03 10:02:00,358,352,360,358,1264100
2022-06-03 10:03:00,358,354,358,356,158200
2022-06-03 10:04:00,356,354,358,358,161700
2022-06-03 10:05:00,358,356,358,356,163000
2022-06-03 10:06:00,356,356,358,358,129500
2022-06-03 10:07:00,358,356,358,356,22400
2022-06-03 10:08:00,356,356,358,358,5300
2022-06-03 10:09:00,358,356,358,358,122500
2022-06-03 10:10:00,358,358,358,358,42800
2022-06-03 10:11:00,358,358,358,358,6400
2022-06-03 10:12:00,358,356,360,360,436100
2022-06-03 10:13:00,360,360,360,360,26600
2022-06-03 10:14:00,360,360,360,360,54100
2022-06-03 10:15:00,360,360,360,360,35800
2022-06-03 10:16:00,360,360,360,360,63800
2022-06-03 10:17:00,360,360,360,360,139100
2022-06-03 10:18:00,360,360,362,362,807900
2022-06-03 10:19:00,362,362,366,366,299100
2022-06-03 10:20:00,366,364,366,366,525100
2022-06-03 10:21:00,364,360,364,362,488900
2022-06-03 10:22:00,364,362,364,364,110200
2022-06-03 10:23:00,366,364,366,364,123700
2022-06-03 10:24:00,364,364,364,364,34300
2022-06-03 10:25:00,364,364,364,364,76000
2022-06-03 10:26:00,364,364,364,364,19000
2022-06-03 10:27:00,364,364,364,364,94900
2022-06-03 10:28:00,364,364,370,366,2009600
2022-06-03 10:29:00,368,368,370,368,211200
2022-06-03 10:30:00,368,368,372,372,840600
2022-06-03 10:31:00,374,372,374,374,1359500
2022-06-03 10:32:00,374,372,374,374,205900
2022-06-03 10:33:00,374,372,374,374,196800
2022-06-03 10:34:00,374,372,374,372,446000
2022-06-03 10:35:00,372,370,372,370,614800
2022-06-03 10:36:00,370,370,370,370,149600
2022-06-03 10:37:00,370,368,370,370,107000
2022-06-03 10:38:00,370,368,370,370,209300
2022-06-03 10:39:00,370,370,370,370,74700
2022-06-03 10:40:00,370,370,370,370,247200
2022-06-03 10:41:00,368,368,370,368,69900
2022-06-03 10:42:00,368,368,370,368,407500
2022-06-03 10:43:00,370,368,370,370,52100
2022-06-03 10:44:00,368,368,370,370,168900
2022-06-03 10:45:00,370,370,370,370,141100
2022-06-03 10:46:00,370,370,370,370,83900
2022-06-03 10:47:00,370,370,370,370,52700
2022-06-03 10:48:00,370,370,372,370,50800
2022-06-03 10:49:00,370,370,372,372,73200
2022-06-03 10:50:00,372,370,372,370,546500
2022-06-03 10:51:00,370,370,372,370,106000
2022-06-03 10:52:00,370,370,370,370,31000
2022-06-03 10:53:00,370,370,370,370,125600
2022-06-03 10:54:00,370,370,370,370,300
2022-06-03 10:55:00,370,370,372,372,361700
2022-06-03 10:56:00,372,372,372,372,6000
2022-06-03 10:57:00,372,370,372,372,25200
2022-06-03 10:58:00,370,370,372,372,64300
2022-06-03 10:59:00,370,370,372,372,10100
2022-06-03 11:00:00,372,370,372,370,323700
2022-06-03 11:01:00,370,370,370,370,500
2022-06-03 11:02:00,370,370,370,370,130800
2022-06-03 11:03:00,370,370,370,370,13900
2022-06-03 11:04:00,370,368,370,368,5900
2022-06-03 11:05:00,370,368,370,368,158100
2022-06-03 11:06:00,368,368,370,368,53600
2022-06-03 11:07:00,368,368,368,368,432000
2022-06-03 11:08:00,368,368,368,368,69400
2022-06-03 11:09:00,368,368,370,370,127200
2022-06-03 11:10:00,370,368,370,368,202500
2022-06-03 11:11:00,368,368,368,368,24500
2022-06-03 11:12:00,368,368,368,368,13000
2022-06-03 11:13:00,368,368,368,368,364700
2022-06-03 11:14:00,368,366,368,368,190400
2022-06-03 11:15:00,368,366,368,368,14300
2022-06-03 11:16:00,368,366,368,368,36000
2022-06-03 11:17:00,368,368,368,368,11600
2022-06-03 11:18:00,368,368,368,368,24100
2022-06-03 11:19:00,368,368,368,368,1200
2022-06-03 11:20:00,368,368,368,368,800
2022-06-03 11:21:00,368,368,368,368,54800
2022-06-03 11:22:00,368,368,368,368,1200
2022-06-03 11:23:00,368,368,370,370,7000
2022-06-03 11:24:00,368,368,368,368,100
2022-06-03 11:25:00,368,368,370,370,24200
2022-06-03 11:26:00,368,368,368,368,700
2022-06-03 11:27:00,368,368,370,370,1100
2022-06-03 11:28:00,368,368,368,368,3200
2022-06-03 11:29:00,368,368,368,368,15100
2022-06-03 11:30:00,368,368,368,368,0
2022-06-03 11:31:00,368,368,368,368,0
2022-06-03 11:32:00,368,368,368,368,0
2022-06-03 11:33:00,368,368,368,368,0
2022-06-03 11:34:00,368,368,368,368,0
2022-06-03 11:35:00,368,368,368,368,0
2022-06-03 11:36:00,368,368,368,368,0
2022-06-03 11:37:00,368,368,368,368,0
2022-06-03 11:38:00,368,368,368,368,0
2022-06-03 11:39:00,368,368,368,368,0
2022-06-03 11:40:00,368,368,368,368,0
2022-06-03 11:41:00,368,368,368,368,0
2022-06-03 11:42:00,368,368,368,368,0
2022-06-03 11:43:00,368,368,368,368,0
2022-06-03 11:44:00,368,368,368,368,0
2022-06-03 11:45:00,368,368,368,368,0
2022-06-03 11:46:00,368,368,368,368,0
2022-06-03 11:47:00,368,368,368,368,0
2022-06-03 11:48:00,368,368,368,368,0
2022-06-03 11:49:00,368,368,368,368,0
2022-06-03 11:50:00,368,368,368,368,0
2022-06-03 11:51:00,368,368,368,368,0
2022-06-03 11:52:00,368,368,368,368,0
2022-06-03 11:53:00,368,368,368,368,0
2022-06-03 11:54:00,368,368,368,368,0
2022-06-03 11:55:00,368,368,368,368,0
2022-06-03 11:56:00,368,368,368,368,0
2022-06-03 11:57:00,368,368,368,368,0
2022-06-03 11:58:00,368,368,368,368,0
2022-06-03 11:59:00,368,368,368,368,0
2022-06-03 12:00:00,368,368,368,368,0
2022-06-03 12:01:00,368,368,368,368,0
2022-06-03 12:02:00,368,368,368,368,0
2022-06-03 12:03:00,368,368,368,368,0
2022-06-03 12:04:00,368,368,368,368,0
2022-06-03 12:05:00,368,368,368,368,0
2022-06-03 12:06:00,368,368,368,368,0
2022-06-03 12:07:00,368,368,368,368,0
2022-06-03 12:08:00,368,368,368,368,0
2022-06-03 12:09:00,368,368,368,368,0
2022-06-03 12:10:00,368,368,368,368,0
2022-06-03 12:11:00,368,368,368,368,0
2022-06-03 12:12:00,368,368,368,368,0
2022-06-03 12:13:00,368,368,368,368,0
2022-06-03 12:14:00,368,368,368,368,0
2022-06-03 12:15:00,368,368,368,368,0
2022-06-03 12:16:00,368,368,368,368,0
2022-06-03 12:17:00,368,368,368,368,0
2022-06-03 12:18:00,368,368,368,368,0
2022-06-03 12:19:00,368,368,368,368,0
2022-06-03 12:20:00,368,368,368,368,0
2022-06-03 12:21:00,368,368,368,368,0
2022-06-03 12:22:00,368,368,368,368,0
2022-06-03 12:23:00,368,368,368,368,0
2022-06-03 12:24:00,368,368,368,368,0
2022-06-03 12:25:00,368,368,368,368,0
2022-06-03 12:26:00,368,368,368,368,0
2022-06-03 12:27:00,368,368,368,368,0
2022-06-03 12:28:00,368,368,368,368,0
2022-06-03 12:29:00,368,368,368,368,0
2022-06-03 12:30:00,368,368,368,368,0
2022-06-03 12:31:00,368,368,368,368,0
2022-06-03 12:32:00,368,368,368,368,0
2022-06-03 12:33:00,368,368,368,368,0
2022-06-03 12:34:00,368,368,368,368,0
2022-06-03 12:35:00,368,368,368,368,0
2022-06-03 12:36:00,368,368,368,368,0
2022-06-03 12:37:00,368,368,368,368,0
2022-06-03 12:38:00,368,368,368,368,0
2022-06-03 12:39:00,368,368,368,368,0
2022-06-03 12:40:00,368,368,368,368,0
2022-06-03 12:41:00,368,368,368,368,0
2022-06-03 12:42:00,368,368,368,368,0
2022-06-03 12:43:00,368,368,368,368,0
2022-06-03 12:44:00,368,368,368,368,0
2022-06-03 12:45:00,368,368,368,368,0
2022-06-03 12:46:00,368,368,368,368,0
2022-06-03 12:47:00,368,368,368,368,0
2022-06-03 12:48:00,368,368,368,368,0
2022-06-03 12:49:00,368,368,368,368,0
2022-06-03 12:50:00,368,368,368,368,0
2022-06-03 12:51:00,368,368,368,368,0
2022-06-03 12:52:00,368,368,368,368,0
2022-06-03 12:53:00,368,368,368,368,0
2022-06-03 12:54:00,368,368,368,368,0
2022-06-03 12:55:00,368,368,368,368,0
2022-06-03 12:56:00,368,368,368,368,0
2022-06-03 12:57:00,368,368,368,368,0
2022-06-03 12:58:00,368,368,368,368,0
2022-06-03 12:59:00,368,368,368,368,0
2022-06-03 13:00:00,368,368,368,368,0
2022-06-03 13:01:00,368,368,368,368,0
2022-06-03 13:02:00,368,368,368,368,0
2022-06-03 13:03:00,368,368,368,368,0
2022-06-03 13:04:00,368,368,368,368,0
2022-06-03 13:05:00,368,368,368,368,0
2022-06-03 13:06:00,368,368,368,368,0
2022-06-03 13:07:00,368,368,368,368,0
2022-06-03 13:08:00,368,368,368,368,0
2022-06-03 13:09:00,368,368,368,368,0
2022-06-03 13:10:00,368,368,368,368,0
2022-06-03 13:11:00,368,368,368,368,0
2022-06-03 13:12:00,368,368,368,368,0
2022-06-03 13:13:00,368,368,368,368,0
2022-06-03 13:14:00,368,368,368,368,0
2022-06-03 13:15:00,368,368,368,368,0
2022-06-03 13:16:00,368,368,368,368,0
2022-06-03 13:17:00,368,368,368,368,0
2022-06-03 13:18:00,368,368,368,368,0
2022-06-03 13:19:00,368,368,368,368,0
2022-06-03 13:20:00,368,368,368,368,0
2022-06-03 13:21:00,368,368,368,368,0
2022-06-03 13:22:00,368,368,368,368,0
2022-06-03 13:23:00,368,368,368,368,0
2022-06-03 13:24:00,368,368,368,368,0
2022-06-03 13:25:00,368,368,368,368,0
2022-06-03 13:26:00,368,368,368,368,0
2022-06-03 13:27:00,368,368,368,368,0
2022-06-03 13:28:00,368,368,368,368,0
2022-06-03 13:29:00,368,368,368,368,0
2022-06-03 13:30:00,368,368,370,368,413200
2022-06-03 13:31:00,368,368,368,368,26400
2022-06-03 13:32:00,368,368,368,368,122000
2022-06-03 13:33:00,368,366,368,368,62400
2022-06-03 13:34:00,368,368,370,370,348400
2022-06-03 13:35:00,370,370,372,372,295700
2022-06-03 13:36:00,372,372,372,372,1100
2022-06-03 13:37:00,372,372,372,372,18800
2022-06-03 13:38:00,372,372,378,378,3287600
2022-06-03 13:39:00,378,374,378,376,808600
2022-06-03 13:40:00,376,374,376,374,819000
2022-06-03 13:41:00,372,372,372,372,170000
2022-06-03 13:42:00,372,372,372,372,157100
2022-06-03 13:43:00,372,370,374,372,271500
2022-06-03 13:44:00,372,370,372,372,57300
2022-06-03 13:45:00,370,370,372,372,16300
2022-06-03 13:46:00,372,372,372,372,164500
2022-06-03 13:47:00,372,370,374,374,254800
2022-06-03 13:48:00,374,372,374,372,391600
2022-06-03 13:49:00,372,372,372,372,29300
2022-06-03 13:50:00,372,372,374,374,22700
2022-06-03 13:51:00,374,372,374,372,159400
2022-06-03 13:52:00,374,374,376,374,1448900
2022-06-03 13:53:00,374,374,374,374,503900
2022-06-03 13:54:00,374,372,376,376,773800
2022-06-03 13:55:00,374,372,376,372,546800
2022-06-03 13:56:00,374,374,374,374,573100
2022-06-03 13:57:00,374,374,376,374,65500
2022-06-03 13:58:00,374,374,374,374,33700
2022-06-03 13:59:00,374,374,374,374,20900
2022-06-03 14:00:00,372,372,376,376,250800
2022-06-03 14:01:00,374,374,376,376,110800
2022-06-03 14:02:00,374,374,376,376,33100
2022-06-03 14:03:00,374,374,376,374,898500
2022-06-03 14:04:00,374,372,374,374,221200
2022-06-03 14:05:00,372,372,376,376,215700
2022-06-03 14:06:00,374,374,376,376,3400
2022-06-03 14:07:00,376,374,376,374,75800
2022-06-03 14:08:00,376,376,378,376,2331900
2022-06-03 14:09:00,376,374,378,378,342300
2022-06-03 14:10:00,378,376,378,376,622000
2022-06-03 14:11:00,376,376,376,376,19300
2022-06-03 14:12:00,376,374,376,376,56200
2022-06-03 14:13:00,376,374,376,376,341700
2022-06-03 14:14:00,376,376,378,376,130500
2022-06-03 14:15:00,376,374,376,374,519200
2022-06-03 14:16:00,376,374,376,376,54200
2022-06-03 14:17:00,376,376,378,378,507800
2022-06-03 14:18:00,378,376,378,378,147800
2022-06-03 14:19:00,378,376,380,380,1273400
2022-06-03 14:20:00,378,378,384,382,4179800
2022-06-03 14:21:00,382,380,382,382,1415400
2022-06-03 14:22:00,382,378,382,380,1489500
2022-06-03 14:23:00,380,378,380,378,102400
2022-06-03 14:24:00,378,378,380,380,43500
2022-06-03 14:25:00,380,380,380,380,392400
2022-06-03 14:26:00,380,378,380,380,381100
2022-06-03 14:27:00,380,380,380,380,273400
2022-06-03 14:28:00,382,380,382,382,237600
2022-06-03 14:29:00,380,380,382,380,33400
2022-06-03 14:30:00,382,380,382,382,1218700
2022-06-03 14:31:00,382,380,382,382,176300
2022-06-03 14:32:00,382,380,382,382,503700
2022-06-03 14:33:00,380,380,382,382,114400
2022-06-03 14:34:00,380,380,382,382,487800
2022-06-03 14:35:00,382,382,384,382,875600
2022-06-03 14:36:00,382,382,382,382,430700
2022-06-03 14:37:00,382,380,382,380,53000
2022-06-03 14:38:00,380,380,382,380,39500
2022-06-03 14:39:00,380,380,380,380,230900
2022-06-03 14:40:00,380,380,382,380,105000
2022-06-03 14:41:00,382,380,384,384,1879500
2022-06-03 14:42:00,384,382,386,384,1247400
2022-06-03 14:43:00,384,384,384,384,720900
2022-06-03 14:44:00,384,384,386,384,888000
2022-06-03 14:45:00,384,382,384,382,230400
2022-06-03 14:46:00,382,382,384,384,604700
2022-06-03 14:47:00,384,384,386,384,643300
2022-06-03 14:48:00,384,382,384,382,676900
2022-06-03 14:49:00,382,382,384,382,258600
2022-06-03 14:50:00,382,382,384,382,0
2022-06-03 14:51:00,382,382,384,382,0
2022-06-03 14:52:00,382,382,384,382,0
2022-06-03 14:53:00,382,382,384,382,0
2022-06-03 14:54:00,382,382,384,382,0
2022-06-03 14:55:00,382,382,384,382,0
2022-06-03 14:56:00,382,382,384,382,0
2022-06-03 14:57:00,382,382,384,382,0
2022-06-03 14:58:00,382,382,384,382,0
2022-06-03 14:59:00,382,382,384,382,0
2022-06-03 15:00:00,388,388,388,388,6941200
2022-06-03 15:01:00,388,388,388,388,302700
2022-06-03 15:02:00,388,388,388,388,2083100
2022-06-03 15:03:00,388,388,388,388,2208100
2022-06-03 15:04:00,388,388,388,388,264900
2022-06-03 15:05:00,388,388,388,388,88400
2022-06-03 15:06:00,388,388,388,388,13700
2022-06-03 15:07:00,388,388,388,388,81900
2022-06-03 15:08:00,388,388,388,388,16000
2022-06-03 15:09:00,388,388,388,388,28000
2022-06-03 15:10:00,388,388,388,388,130000
2022-06-03 15:11:00,388,388,388,388,21700
2022-06-03 15:12:00,388,388,388,388,2500
2022-06-03 15:13:00,388,388,388,388,5200
2022-06-03 15:14:00,388,388,388,388,0
2022-06-03 15:15:00,388,388,388,388,0
2022-06-03 15:16:00,388,388,388,388,0
2022-06-03 15:17:00,388,388,388,388,0
2022-06-03 15:18:00,388,388,388,388,0
2022-06-03 15:19:00,388,388,388,388,0
2022-06-03 15:20:00,388,388,388,388,0
2022-06-03 15:21:00,388,388,388,388,0
2022-06-03 15:22:00,388,388,388,388,0
2022-06-03 15:23:00,388,388,388,388,0
2022-06-03 15:24:00,388,388,388,388,0
2022-06-03 15:25:00,388,388,388,388,0
2022-06-03 15:26:00,388,388,388,388,0
2022-06-03 15:27:00,388,388,388,388,0
2022-06-03 15:28:00,388,388,388,388,0
2022-06-03 15:29:00,388,388,388,388,0
2022-06-03 15:30:00,388,388,388,388,0
2022-06-03 15:31:00,388,388,388,388,0
2022-06-03 15:32:00,388,388,388,388,0
2022-06-03 15:33:00,388,388,388,388,0
2022-06-03 15:34:00,388,388,388,388,0
2022-06-03 15:35:00,388,388,388,388,0
2022-06-03 15:36:00,388,388,388,388,0
2022-06-03 15:37:00,388,388,388,388,0
2022-06-03 15:38:00,388,388,388,388,0
2022-06-03 15:39:00,388,388,388,388,0
2022-06-03 15:40:00,388,388,388,388,0
2022-06-03 15:41:00,388,388,388,388,0
2022-06-03 15:42:00,388,388,388,388,0
2022-06-03 15:43:00,388,388,388,388,0
2022-06-03 15:44:00,388,388,388,388,0
2022-06-03 15:45:00,388,388,388,388,0
2022-06-03 15:46:00,388,388,388,388,0
2022-06-03 15:47:00,388,388,388,388,0
2022-06-03 15:48:00,388,388,388,388,0
2022-06-03 15:49:00,388,388,388,388,0
2022-06-03 15:50:00,388,388,388,388,0
2022-06-03 15:51:00,388,388,388,388,0
2022-06-03 15:52:00,388,388,388,388,0
2022-06-03 15:53:00,388,388,388,388,0
2022-06-03 15:54:00,388,388,388,388,0
2022-06-03 15:55:00,388,388,388,388,0
2022-06-03 15:56:00,388,388,388,388,0
2022-06-03 15:57:00,388,388,388,388,0
2022-06-03 15:58:00,388,388,388,388,0
2022-06-03 15:59:00,388,388,388,388,0
2022-06-06 09:00:00,396,388,400,398,0
2022-06-06 09:01:00,398,390,402,396,4762800
2022-06-06 09:02:00,396,394,398,396,2343500
2022-06-06 09:03:00,396,392,396,394,1463900
2022-06-06 09:04:00,396,394,396,396,752500
2022-06-06 09:05:00,396,396,402,402,2082300
2022-06-06 09:06:00,402,402,408,406,2697500
2022-06-06 09:07:00,406,406,412,406,7516100
2022-06-06 09:08:00,406,404,408,404,2254000
2022-06-06 09:09:00,406,396,408,398,5346200
2022-06-06 09:10:00,398,398,406,404,1340300
2022-06-06 09:11:00,404,396,406,398,2796500
2022-06-06 09:12:00,398,396,398,398,936200
2022-06-06 09:13:00,398,396,400,398,696300
2022-06-06 09:14:00,396,394,398,396,977700
2022-06-06 09:15:00,396,396,398,396,456300
2022-06-06 09:16:00,396,392,398,396,1947700
2022-06-06 09:17:00,394,392,398,398,1033700
2022-06-06 09:18:00,394,394,396,396,177200
2022-06-06 09:19:00,396,394,400,400,695700
2022-06-06 09:20:00,400,398,402,402,1405400
2022-06-06 09:21:00,400,398,402,398,1365800
2022-06-06 09:22:00,398,398,400,400,502400
2022-06-06 09:23:00,400,400,404,402,1030700
2022-06-06 09:24:00,402,398,402,400,1359500
2022-06-06 09:25:00,400,398,400,398,196800
2022-06-06 09:26:00,398,398,404,404,941100
2022-06-06 09:27:00,402,402,402,402,222100
2022-06-06 09:28:00,402,402,404,404,427600
2022-06-06 09:29:00,404,396,404,398,1550000
2022-06-06 09:30:00,398,396,398,398,288900
2022-06-06 09:31:00,398,396,398,396,1524300
2022-06-06 09:32:00,394,392,396,394,1780900
2022-06-06 09:33:00,394,392,394,392,851200
2022-06-06 09:34:00,392,392,394,394,330400
2022-06-06 09:35:00,394,392,396,394,372700
2022-06-06 09:36:00,394,394,396,394,32500
2022-06-06 09:37:00,396,394,396,394,44500
2022-06-06 09:38:00,394,394,396,394,140700
2022-06-06 09:39:00,394,394,396,394,24400
2022-06-06 09:40:00,394,394,396,394,595200
2022-06-06 09:41:00,396,394,396,394,112400
2022-06-06 09:42:00,394,394,396,394,1087400
2022-06-06 09:43:00,394,392,394,394,50400
2022-06-06 09:44:00,392,392,394,394,52400
2022-06-06 09:45:00,394,394,394,394,41700
2022-06-06 09:46:00,394,394,394,394,444700
2022-06-06 09:47:00,394,392,394,394,234400
2022-06-06 09:48:00,394,392,394,392,69400
2022-06-06 09:49:00,392,386,392,386,4779700
2022-06-06 09:50:00,388,386,390,390,1280900
2022-06-06 09:51:00,390,390,390,390,323100
2022-06-06 09:52:00,390,388,390,388,446000
2022-06-06 09:53:00,388,386,388,388,303900
2022-06-06 09:54:00,388,386,388,388,1568000
2022-06-06 09:55:00,388,388,390,390,104600
2022-06-06 09:56:00,390,390,392,390,90100
2022-06-06 09:57:00,390,388,392,390,333100
2022-06-06 09:58:00,390,388,390,390,118900
2022-06-06 09:59:00,390,388,390,390,13100
2022-06-06 10:00:00,390,388,390,390,89600
2022-06-06 10:01:00,388,388,390,390,272900
2022-06-06 10:02:00,390,390,390,390,175200
2022-06-06 10:03:00,392,390,392,390,18100
2022-06-06 10:04:00,390,388,390,390,352400
2022-06-06 10:05:00,390,388,390,388,147500
2022-06-06 10:06:00,388,386,388,386,802400
2022-06-06 10:07:00,386,384,386,384,823200
2022-06-06 10:08:00,384,382,384,382,994800
2022-06-06 10:09:00,382,380,386,386,1351700
2022-06-06 10:10:00,386,386,386,386,313700
2022-06-06 10:11:00,388,386,388,386,474800
2022-06-06 10:12:00,384,384,386,384,162500
2022-06-06 10:13:00,384,382,384,384,76600
2022-06-06 10:14:00,382,380,382,382,505700
2022-06-06 10:15:00,384,382,384,382,668500
2022-06-06 10:16:00,382,380,382,380,2135700
2022-06-06 10:17:00,380,378,380,380,1301600
2022-06-06 10:18:00,378,374,380,378,2568500
2022-06-06 10:19:00,376,376,378,376,1091600
2022-06-06 10:20:00,376,372,376,374,568300
2022-06-06 10:21:00,374,374,376,374,206200
2022-06-06 10:22:00,376,376,380,378,1005800
2022-06-06 10:23:00,378,378,380,380,74100
2022-06-06 10:24:00,380,378,380,380,500000
2022-06-06 10:25:00,380,380,380,380,102600
2022-06-06 10:26:00,382,380,382,382,22500
2022-06-06 10:27:00,382,380,382,380,71600
2022-06-06 10:28:00,382,382,382,382,398500
2022-06-06 10:29:00,382,382,384,384,30000
2022-06-06 10:30:00,384,382,384,384,247200
2022-06-06 10:31:00,384,382,384,384,119200
2022-06-06 10:32:00,384,382,384,384,653000
2022-06-06 10:33:00,384,384,384,384,129800
2022-06-06 10:34:00,384,382,384,384,62300
2022-06-06 10:35:00,382,378,384,380,841200
2022-06-06 10:36:00,378,378,380,380,155200
2022-06-06 10:37:00,380,380,382,380,198800
2022-06-06 10:38:00,380,380,382,380,178100
2022-06-06 10:39:00,378,378,380,380,106800
2022-06-06 10:40:00,380,380,380,380,16000
2022-06-06 10:41:00,382,382,382,382,2000
2022-06-06 10:42:00,380,380,382,382,10400
2022-06-06 10:43:00,382,380,382,380,180900
2022-06-06 10:44:00,380,380,380,380,48500
2022-06-06 10:45:00,382,382,382,382,25800
2022-06-06 10:46:00,382,380,382,380,20600
2022-06-06 10:47:00,382,380,382,380,34100
2022-06-06 10:48:00,382,382,382,382,172800
2022-06-06 10:49:00,382,380,382,380,1800
2022-06-06 10:50:00,380,380,380,380,94600
2022-06-06 10:51:00,382,382,382,382,19800
2022-06-06 10:52:00,382,382,382,382,33900
2022-06-06 10:53:00,382,382,382,382,47500
2022-06-06 10:54:00,382,380,382,382,105300
2022-06-06 10:55:00,382,382,382,382,25500
2022-06-06 10:56:00,382,382,382,382,45300
2022-06-06 10:57:00,382,382,382,382,40000
2022-06-06 10:58:00,382,380,382,382,443700
2022-06-06 10:59:00,382,382,382,382,162700
2022-06-06 11:00:00,382,382,384,384,166200
2022-06-06 11:01:00,384,384,384,384,50500
2022-06-06 11:02:00,384,384,384,384,103500
2022-06-06 11:03:00,382,382,384,382,233400
2022-06-06 11:04:00,382,382,382,382,81500
2022-06-06 11:05:00,382,382,382,382,3300
2022-06-06 11:06:00,380,380,382,382,21500
2022-06-06 11:07:00,382,380,382,380,16800
2022-06-06 11:08:00,380,380,380,380,102300
2022-06-06 11:09:00,380,380,380,380,18500
2022-06-06 11:10:00,380,380,380,380,6400
2022-06-06 11:11:00,382,382,382,382,1200
2022-06-06 11:12:00,382,380,382,382,37100
2022-06-06 11:13:00,380,380,382,380,7800
2022-06-06 11:14:00,380,378,380,378,593500
2022-06-06 11:15:00,380,380,380,380,109400
2022-06-06 11:16:00,380,380,382,380,250400
2022-06-06 11:17:00,382,382,382,382,60500
2022-06-06 11:18:00,382,382,382,382,9200
2022-06-06 11:19:00,382,382,382,382,27700
2022-06-06 11:20:00,382,380,382,380,86200
2022-06-06 11:21:00,380,380,380,380,800
2022-06-06 11:22:00,380,380,380,380,100
2022-06-06 11:23:00,380,380,380,380,0
2022-06-06 11:24:00,380,380,380,380,8700
2022-06-06 11:25:00,382,380,382,380,122000
2022-06-06 11:26:00,380,378,380,380,578300
2022-06-06 11:27:00,378,378,378,378,14400
2022-06-06 11:28:00,378,378,380,378,64100
2022-06-06 11:29:00,378,378,378,378,4100
2022-06-06 11:30:00,378,378,378,378,0
2022-06-06 11:31:00,378,378,378,378,0
2022-06-06 11:32:00,378,378,378,378,0
2022-06-06 11:33:00,378,378,378,378,0
2022-06-06 11:34:00,378,378,378,378,0
2022-06-06 11:35:00,378,378,378,378,0
2022-06-06 11:36:00,378,378,378,378,0
2022-06-06 11:37:00,378,378,378,378,0
2022-06-06 11:38:00,378,378,378,378,0
2022-06-06 11:39:00,378,378,378,378,0
2022-06-06 11:40:00,378,378,378,378,0
2022-06-06 11:41:00,378,378,378,378,0
2022-06-06 11:42:00,378,378,378,378,0
2022-06-06 11:43:00,378,378,378,378,0
2022-06-06 11:44:00,378,378,378,378,0
2022-06-06 11:45:00,378,378,378,378,0
2022-06-06 11:46:00,378,378,378,378,0
2022-06-06 11:47:00,378,378,378,378,0
2022-06-06 11:48:00,378,378,378,378,0
2022-06-06 11:49:00,378,378,378,378,0
2022-06-06 11:50:00,378,378,378,378,0
2022-06-06 11:51:00,378,378,378,378,0
2022-06-06 11:52:00,378,378,378,378,0
2022-06-06 11:53:00,378,378,378,378,0
2022-06-06 11:54:00,378,378,378,378,0
2022-06-06 11:55:00,378,378,378,378,0
2022-06-06 11:56:00,378,378,378,378,0
2022-06-06 11:57:00,378,378,378,378,0
2022-06-06 11:58:00,378,378,378,378,0
2022-06-06 11:59:00,378,378,378,378,0
2022-06-06 12:00:00,378,378,378,378,0
2022-06-06 12:01:00,378,378,378,378,0
2022-06-06 12:02:00,378,378,378,378,0
2022-06-06 12:03:00,378,378,378,378,0
2022-06-06 12:04:00,378,378,378,378,0
2022-06-06 12:05:00,378,378,378,378,0
2022-06-06 12:06:00,378,378,378,378,0
2022-06-06 12:07:00,378,378,378,378,0
2022-06-06 12:08:00,378,378,378,378,0
2022-06-06 12:09:00,378,378,378,378,0
2022-06-06 12:10:00,378,378,378,378,0
2022-06-06 12:11:00,378,378,378,378,0
2022-06-06 12:12:00,378,378,378,378,0
2022-06-06 12:13:00,378,378,378,378,0
2022-06-06 12:14:00,378,378,378,378,0
2022-06-06 12:15:00,378,378,378,378,0
2022-06-06 12:16:00,378,378,378,378,0
2022-06-06 12:17:00,378,378,378,378,0
2022-06-06 12:18:00,378,378,378,378,0
2022-06-06 12:19:00,378,378,378,378,0
2022-06-06 12:20:00,378,378,378,378,0
2022-06-06 12:21:00,378,378,378,378,0
2022-06-06 12:22:00,378,378,378,378,0
2022-06-06 12:23:00,378,378,378,378,0
2022-06-06 12:24:00,378,378,378,378,0
2022-06-06 12:25:00,378,378,378,378,0
2022-06-06 12:26:00,378,378,378,378,0
2022-06-06 12:27:00,378,378,378,378,0
2022-06-06 12:28:00,378,378,378,378,0
2022-06-06 12:29:00,378,378,378,378,0
2022-06-06 12:30:00,378,378,378,378,0
2022-06-06 12:31:00,378,378,378,378,0
2022-06-06 12:32:00,378,378,378,378,0
2022-06-06 12:33:00,378,378,378,378,0
2022-06-06 12:34:00,378,378,378,378,0
2022-06-06 12:35:00,378,378,378,378,0
2022-06-06 12:36:00,378,378,378,378,0
2022-06-06 12:37:00,378,378,378,378,0
2022-06-06 12:38:00,378,378,378,378,0
2022-06-06 12:39:00,378,378,378,378,0
2022-06-06 12:40:00,378,378,378,378,0
2022-06-06 12:41:00,378,378,378,378,0
2022-06-06 12:42:00,378,378,378,378,0
2022-06-06 12:43:00,378,378,378,378,0
2022-06-06 12:44:00,378,378,378,378,0
2022-06-06 12:45:00,378,378,378,378,0
2022-06-06 12:46:00,378,378,378,378,0
2022-06-06 12:47:00,378,378,378,378,0
2022-06-06 12:48:00,378,378,378,378,0
2022-06-06 12:49:00,378,378,378,378,0
2022-06-06 12:50:00,378,378,378,378,0
2022-06-06 12:51:00,378,378,378,378,0
2022-06-06 12:52:00,378,378,378,378,0
2022-06-06 12:53:00,378,378,378,378,0
2022-06-06 12:54:00,378,378,378,378,0
2022-06-06 12:55:00,378,378,378,378,0
2022-06-06 12:56:00,378,378,378,378,0
2022-06-06 12:57:00,378,378,378,378,0
2022-06-06 12:58:00,378,378,378,378,0
2022-06-06 12:59:00,378,378,378,378,0
2022-06-06 13:00:00,378,378,378,378,0
2022-06-06 13:01:00,378,378,378,378,0
2022-06-06 13:02:00,378,378,378,378,0
2022-06-06 13:03:00,378,378,378,378,0
2022-06-06 13:04:00,378,378,378,378,0
2022-06-06 13:05:00,378,378,378,378,0
2022-06-06 13:06:00,378,378,378,378,0
2022-06-06 13:07:00,378,378,378,378,0
2022-06-06 13:08:00,378,378,378,378,0
2022-06-06 13:09:00,378,378,378,378,0
2022-06-06 13:10:00,378,378,378,378,0
2022-06-06 13:11:00,378,378,378,378,0
2022-06-06 13:12:00,378,378,378,378,0
2022-06-06 13:13:00,378,378,378,378,0
2022-06-06 13:14:00,378,378,378,378,0
2022-06-06 13:15:00,378,378,378,378,0
2022-06-06 13:16:00,378,378,378,378,0
2022-06-06 13:17:00,378,378,378,378,0
2022-06-06 13:18:00,378,378,378,378,0
2022-06-06 13:19:00,378,378,378,378,0
2022-06-06 13:20:00,378,378,378,378,0
2022-06-06 13:21:00,378,378,378,378,0
2022-06-06 13:22:00,378,378,378,378,0
2022-06-06 13:23:00,378,378,378,378,0
2022-06-06 13:24:00,378,378,378,378,0
2022-06-06 13:25:00,378,378,378,378,0
2022-06-06 13:26:00,378,378,378,378,0
2022-06-06 13:27:00,378,378,378,378,0
2022-06-06 13:28:00,378,378,378,378,0
2022-06-06 13:29:00,378,378,378,378,0
2022-06-06 13:30:00,380,378,382,378,563400
2022-06-06 13:31:00,378,376,378,376,247500
2022-06-06 13:32:00,376,372,376,374,1773900
2022-06-06 13:33:00,374,372,374,374,186200
2022-06-06 13:34:00,372,372,374,372,844400
2022-06-06 13:35:00,370,370,372,370,328900
2022-06-06 13:36:00,370,370,372,370,66100
2022-06-06 13:37:00,372,372,374,372,476800
2022-06-06 13:38:00,374,370,374,370,1542000
2022-06-06 13:39:00,372,366,372,368,4389900
2022-06-06 13:40:00,368,368,370,368,1167500
2022-06-06 13:41:00,370,370,370,370,74400
2022-06-06 13:42:00,370,368,370,368,660400
2022-06-06 13:43:00,368,366,370,368,427400
2022-06-06 13:44:00,368,368,370,368,46200
2022-06-06 13:45:00,368,368,370,368,204800
2022-06-06 13:46:00,368,366,368,366,188000
2022-06-06 13:47:00,366,364,368,368,1642900
2022-06-06 13:48:00,366,366,370,366,54700
2022-06-06 13:49:00,368,368,370,368,186300
2022-06-06 13:50:00,368,368,370,370,139100
2022-06-06 13:51:00,368,368,370,370,0
2022-06-06 13:52:00,370,368,370,368,311800
2022-06-06 13:53:00,368,368,368,368,68300
2022-06-06 13:54:00,368,368,370,368,12900
2022-06-06 13:55:00,368,368,370,368,137200
2022-06-06 13:56:00,370,368,370,370,74600
2022-06-06 13:57:00,370,368,370,368,10100
2022-06-06 13:58:00,368,368,370,370,300100
2022-06-06 13:59:00,370,368,370,368,3800
2022-06-06 14:00:00,368,368,370,368,193400
2022-06-06 14:01:00,368,368,370,368,41500
2022-06-06 14:02:00,368,368,370,368,20600
2022-06-06 14:03:00,368,368,370,370,955200
2022-06-06 14:04:00,370,370,372,370,21100
2022-06-06 14:05:00,372,372,376,376,1551900
2022-06-06 14:06:00,376,374,376,376,97400
2022-06-06 14:07:00,374,374,376,376,77200
2022-06-06 14:08:00,374,372,374,374,228200
2022-06-06 14:09:00,374,374,376,376,117100
2022-06-06 14:10:00,376,376,376,376,55600
2022-06-06 14:11:00,376,374,376,376,16700
2022-06-06 14:12:00,376,376,376,376,46000
2022-06-06 14:13:00,376,374,376,374,693200
2022-06-06 14:14:00,376,374,376,376,114800
2022-06-06 14:15:00,376,376,376,376,160300
2022-06-06 14:16:00,376,376,376,376,35800
2022-06-06 14:17:00,376,374,376,374,23200
2022-06-06 14:18:00,374,372,376,372,532800
2022-06-06 14:19:00,372,368,372,370,1850500
2022-06-06 14:20:00,370,366,372,368,1374300
2022-06-06 14:21:00,368,366,368,366,166100
2022-06-06 14:22:00,368,366,368,366,1961800
2022-06-06 14:23:00,366,366,370,368,307700
2022-06-06 14:24:00,368,366,368,368,400500
2022-06-06 14:25:00,368,366,368,366,68400
2022-06-06 14:26:00,366,366,368,366,8800
2022-06-06 14:27:00,366,366,368,366,133200
2022-06-06 14:28:00,366,366,368,368,251700
2022-06-06 14:29:00,368,368,370,370,530600
2022-06-06 14:30:00,370,368,370,370,23600
2022-06-06 14:31:00,370,368,370,368,15300
2022-06-06 14:32:00,370,368,370,370,11600
2022-06-06 14:33:00,370,370,370,370,5100
2022-06-06 14:34:00,370,368,370,370,24800
2022-06-06 14:35:00,368,368,370,368,41100
2022-06-06 14:36:00,370,370,370,370,22000
2022-06-06 14:37:00,368,368,370,368,19600
2022-06-06 14:38:00,370,368,370,368,15600
2022-06-06 14:39:00,370,368,370,370,91400
2022-06-06 14:40:00,370,370,372,372,143000
2022-06-06 14:41:00,372,370,372,372,89300
2022-06-06 14:42:00,372,368,372,372,865000
2022-06-06 14:43:00,372,370,372,372,9900
2022-06-06 14:44:00,372,370,372,372,61200
2022-06-06 14:45:00,372,370,372,370,22900
2022-06-06 14:46:00,370,370,372,370,231500
2022-06-06 14:47:00,370,370,372,372,55000
2022-06-06 14:48:00,370,370,372,372,220800
2022-06-06 14:49:00,372,370,372,370,392700
2022-06-06 14:50:00,372,370,372,370,0
2022-06-06 14:51:00,372,370,372,370,0
2022-06-06 14:52:00,372,370,372,370,0
2022-06-06 14:53:00,372,370,372,370,0
2022-06-06 14:54:00,372,370,372,370,0
2022-06-06 14:55:00,372,370,372,370,0
2022-06-06 14:56:00,372,370,372,370,0
2022-06-06 14:57:00,372,370,372,370,0
2022-06-06 14:58:00,372,370,372,370,0
2022-06-06 14:59:00,372,370,372,370,0
2022-06-06 15:00:00,366,366,366,366,4307400
2022-06-06 15:01:00,366,366,366,366,408800
2022-06-06 15:02:00,366,366,366,366,317000
2022-06-06 15:03:00,366,366,366,366,13000
2022-06-06 15:04:00,366,366,366,366,517500
2022-06-06 15:05:00,366,366,366,366,339100
2022-06-06 15:06:00,366,366,366,366,6900
2022-06-06 15:07:00,366,366,366,366,171000
2022-06-06 15:08:00,366,366,366,366,111500
2022-06-06 15:09:00,366,366,366,366,32000
2022-06-06 15:10:00,366,366,366,366,610000
2022-06-06 15:11:00,366,366,366,366,21200
2022-06-06 15:12:00,366,366,366,366,0
2022-06-06 15:13:00,366,366,366,366,3500
2022-06-06 15:14:00,366,366,366,366,0
2022-06-06 15:15:00,366,366,366,366,0
2022-06-06 15:16:00,366,366,366,366,0
2022-06-06 15:17:00,366,366,366,366,0
2022-06-06 15:18:00,366,366,366,366,0
2022-06-06 15:19:00,366,366,366,366,0
2022-06-06 15:20:00,366,366,366,366,0
2022-06-06 15:21:00,366,366,366,366,0
2022-06-06 15:22:00,366,366,366,366,0
2022-06-06 15:23:00,366,366,366,366,0
2022-06-06 15:24:00,366,366,366,366,0
2022-06-06 15:25:00,366,366,366,366,0
2022-06-06 15:26:00,366,366,366,366,0
2022-06-06 15:27:00,366,366,366,366,0
2022-06-06 15:28:00,366,366,366,366,0
2022-06-06 15:29:00,366,366,366,366,0
2022-06-06 15:30:00,366,366,366,366,0
2022-06-06 15:31:00,366,366,366,366,0
2022-06-06 15:32:00,366,366,366,366,0
2022-06-06 15:33:00,366,366,366,366,0
2022-06-06 15:34:00,366,366,366,366,0
2022-06-06 15:35:00,366,366,366,366,0
2022-06-06 15:36:00,366,366,366,366,0
2022-06-06 15:37:00,366,366,366,366,0
2022-06-06 15:38:00,366,366,366,366,0
2022-06-06 15:39:00,366,366,366,366,0
2022-06-06 15:40:00,366,366,366,366,0
2022-06-06 15:41:00,366,366,366,366,0
2022-06-06 15:42:00,366,366,366,366,0
2022-06-06 15:43:00,366,366,366,366,0
2022-06-06 15:44:00,366,366,366,366,0
2022-06-06 15:45:00,366,366,366,366,0
2022-06-06 15:46:00,366,366,366,366,0
2022-06-06 15:47:00,366,366,366,366,0
2022-06-06 15:48:00,366,366,366,366,0
2022-06-06 15:49:00,366,366,366,366,0
2022-06-06 15:50:00,366,366,366,366,0
2022-06-06 15:51:00,366,366,366,366,0
2022-06-06 15:52:00,366,366,366,366,0
2022-06-06 15:53:00,366,366,366,366,0
2022-06-06 15:54:00,366,366,366,366,0
2022-06-06 15:55:00,366,366,366,366,0
2022-06-06 15:56:00,366,366,366,366,0
2022-06-06 15:57:00,366,366,366,366,0
2022-06-06 15:58:00,366,366,366,366,0
2022-06-06 15:59:00,366,366,366,366,0
2022-06-07 09:00:00,370,368,370,370,0
2022-06-07 09:01:00,368,368,370,368,120000
2022-06-07 09:02:00,370,368,372,372,521000
2022-06-07 09:03:00,370,370,374,374,272400
2022-06-07 09:04:00,374,374,380,380,1634700
2022-06-07 09:05:00,380,366,382,368,3358100
2022-06-07 09:06:00,366,366,374,374,583000
2022-06-07 09:07:00,374,372,374,374,261600
2022-06-07 09:08:00,372,370,374,370,1675900
2022-06-07 09:09:00,370,370,372,370,484600
2022-06-07 09:10:00,370,370,372,370,265100
2022-06-07 09:11:00,372,370,372,370,21100
2022-06-07 09:12:00,370,370,372,372,169400
2022-06-07 09:13:00,372,372,374,372,1013900
2022-06-07 09:14:00,372,372,376,374,1173600
2022-06-07 09:15:00,372,372,374,372,338300
2022-06-07 09:16:00,372,372,374,372,118900
2022-06-07 09:17:00,372,372,374,374,189400
2022-06-07 09:18:00,372,372,374,374,457200
2022-06-07 09:19:00,374,372,374,372,80500
2022-06-07 09:20:00,372,372,374,372,143400
2022-06-07 09:21:00,372,372,376,374,218300
2022-06-07 09:22:00,374,372,374,374,24600
2022-06-07 09:23:00,374,372,374,374,132800
2022-06-07 09:24:00,374,372,374,374,19200
2022-06-07 09:25:00,374,374,374,374,14200
2022-06-07 09:26:00,372,372,374,374,37500
2022-06-07 09:27:00,374,374,374,374,35900
2022-06-07 09:28:00,374,374,374,374,53000
2022-06-07 09:29:00,372,372,374,372,35600
2022-06-07 09:30:00,372,372,376,376,329800
2022-06-07 09:31:00,376,374,376,374,13900
2022-06-07 09:32:00,376,374,376,374,644600
2022-06-07 09:33:00,374,374,376,376,184200
2022-06-07 09:34:00,376,376,376,376,20900
2022-06-07 09:35:00,376,374,378,376,501200
2022-06-07 09:36:00,376,376,378,378,1600
2022-06-07 09:37:00,378,378,380,378,360600
2022-06-07 09:38:00,378,378,378,378,334000
2022-06-07 09:39:00,378,378,380,380,445800
2022-06-07 09:40:00,380,380,390,390,2758800
2022-06-07 09:41:00,388,386,392,388,3748800
2022-06-07 09:42:00,388,384,390,386,885700
2022-06-07 09:43:00,386,386,388,386,84600
2022-06-07 09:44:00,386,384,386,386,596900
2022-06-07 09:45:00,384,382,386,382,441600
2022-06-07 09:46:00,382,382,388,384,1236300
2022-06-07 09:47:00,386,384,386,384,329500
2022-06-07 09:48:00,382,380,384,382,763300
2022-06-07 09:49:00,382,380,384,384,406200
2022-06-07 09:50:00,384,382,386,386,75800
2022-06-07 09:51:00,386,386,388,386,2625000
2022-06-07 09:52:00,386,384,386,384,218700
2022-06-07 09:53:00,386,384,386,386,29400
2022-06-07 09:54:00,386,384,386,384,22500
2022-06-07 09:55:00,384,382,384,382,289200
2022-06-07 09:56:00,382,380,384,380,266200
2022-06-07 09:57:00,382,380,382,382,210200
2022-06-07 09:58:00,382,382,384,382,567400
2022-06-07 09:59:00,384,382,384,384,541200
2022-06-07 10:00:00,384,382,384,384,144100
2022-06-07 10:01:00,384,382,384,382,138200
2022-06-07 10:02:00,384,382,386,386,180000
2022-06-07 10:03:00,384,384,386,384,45000
2022-06-07 10:04:00,386,384,386,386,9700
2022-06-07 10:05:00,386,384,386,384,231700
2022-06-07 10:06:00,384,384,384,384,17700
2022-06-07 10:07:00,384,384,386,384,47400
2022-06-07 10:08:00,386,384,386,384,10300
2022-06-07 10:09:00,384,384,386,384,158000
2022-06-07 10:10:00,384,384,386,386,356500
2022-06-07 10:11:00,386,386,386,386,120800
2022-06-07 10:12:00,384,384,388,388,1103200
2022-06-07 10:13:00,388,386,394,392,5261000
2022-06-07 10:14:00,392,392,396,394,4347700
2022-06-07 10:15:00,394,392,398,398,3706100
2022-06-07 10:16:00,398,398,402,402,6528500
2022-06-07 10:17:00,402,396,402,400,7157300
2022-06-07 10:18:00,400,396,400,396,1823300
2022-06-07 10:19:00,396,392,398,396,4493100
2022-06-07 10:20:00,396,396,398,398,842500
2022-06-07 10:21:00,398,396,398,398,237900
2022-06-07 10:22:00,396,396,398,398,576300
2022-06-07 10:23:00,398,398,400,398,323300
2022-06-07 10:24:00,398,396,400,398,694300
2022-06-07 10:25:00,396,394,396,394,997300
2022-06-07 10:26:00,394,392,394,392,856000
2022-06-07 10:27:00,392,392,394,394,1018600
2022-06-07 10:28:00,396,396,398,396,294900
2022-06-07 10:29:00,396,394,396,396,60000
2022-06-07 10:30:00,396,394,396,396,629600
2022-06-07 10:31:00,394,394,396,396,345300
2022-06-07 10:32:00,396,396,398,396,125200
2022-06-07 10:33:00,396,396,398,396,385400
2022-06-07 10:34:00,396,396,398,396,790900
2022-06-07 10:35:00,396,396,396,396,126600
2022-06-07 10:36:00,396,394,396,394,128300
2022-06-07 10:37:00,394,394,396,396,341100
2022-06-07 10:38:00,396,396,400,400,3562100
2022-06-07 10:39:00,400,400,404,404,3296000
2022-06-07 10:40:00,404,404,408,404,4092500
2022-06-07 10:41:00,404,402,404,404,1246000
2022-06-07 10:42:00,402,402,404,404,272900
2022-06-07 10:43:00,404,402,404,404,722200
2022-06-07 10:44:00,404,402,406,404,142800
2022-06-07 10:45:00,406,400,406,402,918800
2022-06-07 10:46:00,402,402,404,402,278100
2022-06-07 10:47:00,402,402,404,404,262800
2022-06-07 10:48:00,404,404,404,404,864700
2022-06-07 10:49:00,404,402,404,404,188000
2022-06-07 10:50:00,404,402,404,404,32500
2022-06-07 10:51:00,404,402,404,402,153000
2022-06-07 10:52:00,402,402,404,404,56800
2022-06-07 10:53:00,404,402,404,402,168300
2022-06-07 10:54:00,402,402,404,404,168800
2022-06-07 10:55:00,404,402,404,404,251100
2022-06-07 10:56:00,404,400,404,402,2440100
2022-06-07 10:57:00,400,398,400,398,1040900
2022-06-07 10:58:00,400,398,400,400,361800
2022-06-07 10:59:00,400,400,402,400,206700
2022-06-07 11:00:00,400,398,400,400,98600
2022-06-07 11:01:00,398,396,398,398,606400
2022-06-07 11:02:00,398,398,400,400,51000
2022-06-07 11:03:00,400,400,400,400,228300
2022-06-07 11:04:00,402,402,402,402,212700
2022-06-07 11:05:00,402,400,404,400,40600
2022-06-07 11:06:00,402,402,402,402,112300
2022-06-07 11:07:00,402,400,402,400,13500
2022-06-07 11:08:00,400,400,402,400,72600
2022-06-07 11:09:00,400,398,400,400,276200
2022-06-07 11:10:00,400,400,400,400,116300
2022-06-07 11:11:00,400,400,400,400,8800
2022-06-07 11:12:00,398,398,400,398,59600
2022-06-07 11:13:00,398,398,400,398,122200
2022-06-07 11:14:00,398,398,398,398,538000
2022-06-07 11:15:00,398,396,398,398,136000
2022-06-07 11:16:00,398,398,400,400,316600
2022-06-07 11:17:00,400,400,402,402,20200
2022-06-07 11:18:00,400,400,400,400,28000
2022-06-07 11:19:00,400,400,402,400,55200
2022-06-07 11:20:00,400,400,400,400,227500
2022-06-07 11:21:00,400,400,402,400,103400
2022-06-07 11:22:00,400,400,400,400,87700
2022-06-07 11:23:00,400,400,402,402,84500
2022-06-07 11:24:00,400,400,402,400,29800
2022-06-07 11:25:00,400,400,400,400,68200
2022-06-07 11:26:00,398,398,400,400,163600
2022-06-07 11:27:00,398,398,400,398,15600
2022-06-07 11:28:00,400,398,402,402,395000
2022-06-07 11:29:00,400,400,402,400,257500
2022-06-07 11:30:00,400,400,402,400,0
2022-06-07 11:31:00,400,400,402,400,0
2022-06-07 11:32:00,400,400,402,400,0
2022-06-07 11:33:00,400,400,402,400,0
2022-06-07 11:34:00,400,400,402,400,0
2022-06-07 11:35:00,400,400,402,400,0
2022-06-07 11:36:00,400,400,402,400,0
2022-06-07 11:37:00,400,400,402,400,0
2022-06-07 11:38:00,400,400,402,400,0
2022-06-07 11:39:00,400,400,402,400,0
2022-06-07 11:40:00,400,400,402,400,0
2022-06-07 11:41:00,400,400,402,400,0
2022-06-07 11:42:00,400,400,402,400,0
2022-06-07 11:43:00,400,400,402,400,0
2022-06-07 11:44:00,400,400,402,400,0
2022-06-07 11:45:00,400,400,402,400,0
2022-06-07 11:46:00,400,400,402,400,0
2022-06-07 11:47:00,400,400,402,400,0
2022-06-07 11:48:00,400,400,402,400,0
2022-06-07 11:49:00,400,400,402,400,0
2022-06-07 11:50:00,400,400,402,400,0
2022-06-07 11:51:00,400,400,402,400,0
2022-06-07 11:52:00,400,400,402,400,0
2022-06-07 11:53:00,400,400,402,400,0
2022-06-07 11:54:00,400,400,402,400,0
2022-06-07 11:55:00,400,400,402,400,0
2022-06-07 11:56:00,400,400,402,400,0
2022-06-07 11:57:00,400,400,402,400,0
2022-06-07 11:58:00,400,400,402,400,0
2022-06-07 11:59:00,400,400,402,400,0
2022-06-07 12:00:00,400,400,402,400,0
2022-06-07 12:01:00,400,400,402,400,0
2022-06-07 12:02:00,400,400,402,400,0
2022-06-07 12:03:00,400,400,402,400,0
2022-06-07 12:04:00,400,400,402,400,0
2022-06-07 12:05:00,400,400,402,400,0
2022-06-07 12:06:00,400,400,402,400,0
2022-06-07 12:07:00,400,400,402,400,0
2022-06-07 12:08:00,400,400,402,400,0
2022-06-07 12:09:00,400,400,402,400,0
2022-06-07 12:10:00,400,400,402,400,0
2022-06-07 12:11:00,400,400,402,400,0
2022-06-07 12:12:00,400,400,402,400,0
2022-06-07 12:13:00,400,400,402,400,0
2022-06-07 12:14:00,400,400,402,400,0
2022-06-07 12:15:00,400,400,402,400,0
2022-06-07 12:16:00,400,400,402,400,0
2022-06-07 12:17:00,400,400,402,400,0
2022-06-07 12:18:00,400,400,402,400,0
2022-06-07 12:19:00,400,400,402,400,0
2022-06-07 12:20:00,400,400,402,400,0
2022-06-07 12:21:00,400,400,402,400,0
2022-06-07 12:22:00,400,400,402,400,0
2022-06-07 12:23:00,400,400,402,400,0
2022-06-07 12:24:00,400,400,402,400,0
2022-06-07 12:25:00,400,400,402,400,0
2022-06-07 12:26:00,400,400,402,400,0
2022-06-07 12:27:00,400,400,402,400,0
2022-06-07 12:28:00,400,400,402,400,0
2022-06-07 12:29:00,400,400,402,400,0
2022-06-07 12:30:00,400,400,402,400,0
2022-06-07 12:31:00,400,400,402,400,0
2022-06-07 12:32:00,400,400,402,400,0
2022-06-07 12:33:00,400,400,402,400,0
2022-06-07 12:34:00,400,400,402,400,0
2022-06-07 12:35:00,400,400,402,400,0
2022-06-07 12:36:00,400,400,402,400,0
2022-06-07 12:37:00,400,400,402,400,0
2022-06-07 12:38:00,400,400,402,400,0
2022-06-07 12:39:00,400,400,402,400,0
2022-06-07 12:40:00,400,400,402,400,0
2022-06-07 12:41:00,400,400,402,400,0
2022-06-07 12:42:00,400,400,402,400,0
2022-06-07 12:43:00,400,400,402,400,0
2022-06-07 12:44:00,400,400,402,400,0
2022-06-07 12:45:00,400,400,402,400,0
2022-06-07 12:46:00,400,400,402,400,0
2022-06-07 12:47:00,400,400,402,400,0
2022-06-07 12:48:00,400,400,402,400,0
2022-06-07 12:49:00,400,400,402,400,0
2022-06-07 12:50:00,400,400,402,400,0
2022-06-07 12:51:00,400,400,402,400,0
2022-06-07 12:52:00,400,400,402,400,0
2022-06-07 12:53:00,400,400,402,400,0
2022-06-07 12:54:00,400,400,402,400,0
2022-06-07 12:55:00,400,400,402,400,0
2022-06-07 12:56:00,400,400,402,400,0
2022-06-07 12:57:00,400,400,402,400,0
2022-06-07 12:58:00,400,400,402,400,0
2022-06-07 12:59:00,400,400,402,400,0
2022-06-07 13:00:00,400,400,402,400,0
2022-06-07 13:01:00,400,400,402,400,0
2022-06-07 13:02:00,400,400,402,400,0
2022-06-07 13:03:00,400,400,402,400,0
2022-06-07 13:04:00,400,400,402,400,0
2022-06-07 13:05:00,400,400,402,400,0
2022-06-07 13:06:00,400,400,402,400,0
2022-06-07 13:07:00,400,400,402,400,0
2022-06-07 13:08:00,400,400,402,400,0
2022-06-07 13:09:00,400,400,402,400,0
2022-06-07 13:10:00,400,400,402,400,0
2022-06-07 13:11:00,400,400,402,400,0
2022-06-07 13:12:00,400,400,402,400,0
2022-06-07 13:13:00,400,400,402,400,0
2022-06-07 13:14:00,400,400,402,400,0
2022-06-07 13:15:00,400,400,402,400,0
2022-06-07 13:16:00,400,400,402,400,0
2022-06-07 13:17:00,400,400,402,400,0
2022-06-07 13:18:00,400,400,402,400,0
2022-06-07 13:19:00,400,400,402,400,0
2022-06-07 13:20:00,400,400,402,400,0
2022-06-07 13:21:00,400,400,402,400,0
2022-06-07 13:22:00,400,400,402,400,0
2022-06-07 13:23:00,400,400,402,400,0
2022-06-07 13:24:00,400,400,402,400,0
2022-06-07 13:25:00,400,400,402,400,0
2022-06-07 13:26:00,400,400,402,400,0
2022-06-07 13:27:00,400,400,402,400,0
2022-06-07 13:28:00,400,400,402,400,0
2022-06-07 13:29:00,400,400,402,400,0
2022-06-07 13:30:00,400,398,404,404,1973900
2022-06-07 13:31:00,404,402,404,402,230200
2022-06-07 13:32:00,404,404,404,404,953800
2022-06-07 13:33:00,404,404,406,404,785400
2022-06-07 13:34:00,404,402,406,404,590300
2022-06-07 13:35:00,406,404,406,406,87100
2022-06-07 13:36:00,406,404,410,408,2623300
2022-06-07 13:37:00,410,406,410,410,2297500
2022-06-07 13:38:00,410,408,412,412,1942900
2022-06-07 13:39:00,412,410,414,414,3561200
2022-06-07 13:40:00,414,410,414,410,1434300
2022-06-07 13:41:00,410,406,410,408,760300
2022-06-07 13:42:00,408,408,410,410,640900
2022-06-07 13:43:00,410,408,410,410,633300
2022-06-07 13:44:00,410,408,410,408,1098400
2022-06-07 13:45:00,406,406,408,408,165100
2022-06-07 13:46:00,408,406,410,410,451200
2022-06-07 13:47:00,408,408,410,410,746900
2022-06-07 13:48:00,410,410,414,414,1040900
2022-06-07 13:49:00,412,412,414,412,269600
2022-06-07 13:50:00,412,412,414,414,1657400
2022-06-07 13:51:00,414,412,414,414,2824200
2022-06-07 13:52:00,414,410,414,412,1216400
2022-06-07 13:53:00,412,410,412,412,103600
2022-06-07 13:54:00,410,410,412,412,862900
2022-06-07 13:55:00,412,410,412,410,133600
2022-06-07 13:56:00,412,406,412,410,3010200
2022-06-07 13:57:00,410,408,410,408,34100
2022-06-07 13:58:00,408,406,410,408,572000
2022-06-07 13:59:00,408,408,410,410,66400
2022-06-07 14:00:00,410,408,410,408,164000
2022-06-07 14:01:00,410,408,410,410,484200
2022-06-07 14:02:00,410,410,410,410,224100
2022-06-07 14:03:00,410,410,410,410,340600
2022-06-07 14:04:00,410,410,412,410,372400
2022-06-07 14:05:00,410,408,410,408,432900
2022-06-07 14:06:00,408,408,410,410,107300
2022-06-07 14:07:00,410,408,410,408,1091200
2022-06-07 14:08:00,408,408,410,410,894700
2022-06-07 14:09:00,408,408,410,408,190000
2022-06-07 14:10:00,408,408,410,410,83800
2022-06-07 14:11:00,410,408,410,408,95200
2022-06-07 14:12:00,408,408,408,408,415700
2022-06-07 14:13:00,408,408,410,410,16400
2022-06-07 14:14:00,410,408,410,410,1531500
2022-06-07 14:15:00,410,410,412,410,318300
2022-06-07 14:16:00,410,410,410,410,73200
2022-06-07 14:17:00,410,410,412,410,58500
2022-06-07 14:18:00,412,412,414,414,1662800
2022-06-07 14:19:00,412,412,416,416,1075300
2022-06-07 14:20:00,414,414,420,420,4721700
2022-06-07 14:21:00,420,418,430,430,10104800
2022-06-07 14:22:00,430,426,434,428,6713000
2022-06-07 14:23:00,428,424,432,428,2242000
2022-06-07 14:24:00,428,426,430,430,2139300
2022-06-07 14:25:00,430,430,440,438,4325700
2022-06-07 14:26:00,438,434,440,438,5605800
2022-06-07 14:27:00,436,436,440,440,2088900
2022-06-07 14:28:00,440,438,440,440,1254700
2022-06-07 14:29:00,440,438,446,444,8803700
2022-06-07 14:30:00,446,438,448,440,4634000
2022-06-07 14:31:00,440,438,446,444,3184300
2022-06-07 14:32:00,444,436,444,442,2769300
2022-06-07 14:33:00,442,438,442,438,1229600
2022-06-07 14:34:00,438,430,440,436,3628600
2022-06-07 14:35:00,436,436,442,440,1905400
2022-06-07 14:36:00,442,440,442,440,1564900
2022-06-07 14:37:00,440,440,444,442,966000
2022-06-07 14:38:00,442,436,442,438,3260100
2022-06-07 14:39:00,438,434,440,434,1490400
2022-06-07 14:40:00,434,434,438,436,1206700
2022-06-07 14:41:00,436,436,438,438,523300
2022-06-07 14:42:00,438,434,440,434,1795900
2022-06-07 14:43:00,434,424,436,424,5345800
2022-06-07 14:44:00,424,424,432,430,2638700
2022-06-07 14:45:00,430,422,430,426,2753200
2022-06-07 14:46:00,424,418,426,422,2909400
2022-06-07 14:47:00,424,418,424,424,2850800
2022-06-07 14:48:00,424,422,428,428,1903700
2022-06-07 14:49:00,428,428,436,436,3084400
2022-06-07 14:50:00,428,428,436,436,0
2022-06-07 14:51:00,428,428,436,436,0
2022-06-07 14:52:00,428,428,436,436,0
2022-06-07 14:53:00,428,428,436,436,0
2022-06-07 14:54:00,428,428,436,436,0
2022-06-07 14:55:00,428,428,436,436,0
2022-06-07 14:56:00,428,428,436,436,0
2022-06-07 14:57:00,428,428,436,436,0
2022-06-07 14:58:00,428,428,436,436,0
2022-06-07 14:59:00,428,428,436,436,0
2022-06-07 15:00:00,438,438,438,438,9146000
2022-06-07 15:01:00,438,438,438,438,889900
2022-06-07 15:02:00,438,438,438,438,149600
2022-06-07 15:03:00,438,438,438,438,630600
2022-06-07 15:04:00,438,438,438,438,153200
2022-06-07 15:05:00,438,438,438,438,72800
2022-06-07 15:06:00,438,438,438,438,268600
2022-06-07 15:07:00,438,438,438,438,102200
2022-06-07 15:08:00,438,438,438,438,220900
2022-06-07 15:09:00,438,438,438,438,41900
2022-06-07 15:10:00,438,438,438,438,17900
2022-06-07 15:11:00,438,438,438,438,69600
2022-06-07 15:12:00,438,438,438,438,73500
2022-06-07 15:13:00,438,438,438,438,473000
2022-06-07 15:14:00,438,438,438,438,45800
2022-06-07 15:15:00,438,438,438,438,0
2022-06-07 15:16:00,438,438,438,438,0
2022-06-07 15:17:00,438,438,438,438,0
2022-06-07 15:18:00,438,438,438,438,0
2022-06-07 15:19:00,438,438,438,438,0
2022-06-07 15:20:00,438,438,438,438,0
2022-06-07 15:21:00,438,438,438,438,0
2022-06-07 15:22:00,438,438,438,438,0
2022-06-07 15:23:00,438,438,438,438,0
2022-06-07 15:24:00,438,438,438,438,0
2022-06-07 15:25:00,438,438,438,438,0
2022-06-07 15:26:00,438,438,438,438,0
2022-06-07 15:27:00,438,438,438,438,0
2022-06-07 15:28:00,438,438,438,438,0
2022-06-07 15:29:00,438,438,438,438,0
2022-06-07 15:30:00,438,438,438,438,0
2022-06-07 15:31:00,438,438,438,438,0
2022-06-07 15:32:00,438,438,438,438,0
2022-06-07 15:33:00,438,438,438,438,0
2022-06-07 15:34:00,438,438,438,438,0
2022-06-07 15:35:00,438,438,438,438,0
2022-06-07 15:36:00,438,438,438,438,0
2022-06-07 15:37:00,438,438,438,438,0
2022-06-07 15:38:00,438,438,438,438,0
2022-06-07 15:39:00,438,438,438,438,0
2022-06-07 15:40:00,438,438,438,438,0
2022-06-07 15:41:00,438,438,438,438,0
2022-06-07 15:42:00,438,438,438,438,0
2022-06-07 15:43:00,438,438,438,438,0
2022-06-07 15:44:00,438,438,438,438,0
2022-06-07 15:45:00,438,438,438,438,0
2022-06-07 15:46:00,438,438,438,438,0
2022-06-07 15:47:00,438,438,438,438,0
2022-06-07 15:48:00,438,438,438,438,0
2022-06-07 15:49:00,438,438,438,438,0
2022-06-07 15:50:00,438,438,438,438,0
2022-06-07 15:51:00,438,438,438,438,0
2022-06-07 15:52:00,438,438,438,438,0
2022-06-07 15:53:00,438,438,438,438,0
2022-06-07 15:54:00,438,438,438,438,0
2022-06-07 15:55:00,438,438,438,438,0
2022-06-07 15:56:00,438,438,438,438,0
2022-06-07 15:57:00,438,438,438,438,0
2022-06-07 15:58:00,438,438,438,438,0
2022-06-07 15:59:00,438,438,438,438,0
2022-06-08 09:00:00,440,422,444,424,0
2022-06-08 09:01:00,422,408,424,410,9943700
2022-06-08 09:02:00,412,410,422,418,7068100
2022-06-08 09:03:00,418,410,420,416,4620400
2022-06-08 09:04:00,414,414,420,420,2178500
2022-06-08 09:05:00,418,418,426,422,1799000
2022-06-08 09:06:00,424,420,426,422,1988000
2022-06-08 09:07:00,422,418,424,418,3099700
2022-06-08 09:08:00,420,418,420,418,478100
2022-06-08 09:09:00,420,418,420,420,147700
2022-06-08 09:10:00,418,418,420,420,1059500
2022-06-08 09:11:00,420,410,420,412,6199700
2022-06-08 09:12:00,412,408,416,408,7065300
2022-06-08 09:13:00,410,408,412,408,3481100
2022-06-08 09:14:00,410,408,412,410,531300
2022-06-08 09:15:00,412,410,414,414,1001100
2022-06-08 09:16:00,412,412,416,414,574200
2022-06-08 09:17:00,414,412,418,416,910300
2022-06-08 09:18:00,418,412,418,414,830200
2022-06-08 09:19:00,414,412,418,418,400800
2022-06-08 09:20:00,416,416,418,416,256400
2022-06-08 09:21:00,416,414,418,416,301700
2022-06-08 09:22:00,416,414,416,416,153200
2022-06-08 09:23:00,414,414,416,416,101800
2022-06-08 09:24:00,414,414,416,414,72900
2022-06-08 09:25:00,414,414,416,416,612600
2022-06-08 09:26:00,416,414,416,416,574300
2022-06-08 09:27:00,414,414,416,414,482600
2022-06-08 09:28:00,414,414,416,414,434900
2022-06-08 09:29:00,414,414,416,416,233600
2022-06-08 09:30:00,416,416,420,418,1109300
2022-06-08 09:31:00,418,418,424,420,1465100
2022-06-08 09:32:00,420,420,422,422,522900
2022-06-08 09:33:00,422,420,424,424,822500
2022-06-08 09:34:00,424,420,424,424,1005700
2022-06-08 09:35:00,424,420,424,420,585700
2022-06-08 09:36:00,420,420,422,422,413300
2022-06-08 09:37:00,422,422,424,422,232000
2022-06-08 09:38:00,422,422,424,424,284800
2022-06-08 09:39:00,424,424,428,428,1151700
2022-06-08 09:40:00,428,426,430,430,1351900
2022-06-08 09:41:00,430,428,432,432,2171000
2022-06-08 09:42:00,430,428,432,430,1524300
2022-06-08 09:43:00,430,426,430,426,1349100
2022-06-08 09:44:00,426,426,430,430,1123400
2022-06-08 09:45:00,430,428,432,428,2090000
2022-06-08 09:46:00,428,428,430,428,733400
2022-06-08 09:47:00,428,426,430,430,295800
2022-06-08 09:48:00,430,428,432,432,851300
2022-06-08 09:49:00,432,428,432,430,1591800
2022-06-08 09:50:00,430,430,434,434,221500
2022-06-08 09:51:00,434,434,436,436,2443600
2022-06-08 09:52:00,436,434,438,438,3021600
2022-06-08 09:53:00,436,428,438,432,5288500
2022-06-08 09:54:00,432,426,432,428,2419600
2022-06-08 09:55:00,428,426,430,430,595400
2022-06-08 09:56:00,430,430,430,430,306600
2022-06-08 09:57:00,430,430,430,430,320900
2022-06-08 09:58:00,430,426,430,428,648300
2022-06-08 09:59:00,428,426,428,426,379000
2022-06-08 10:00:00,426,426,428,428,414100
2022-06-08 10:01:00,428,426,428,428,79800
2022-06-08 10:02:00,428,426,428,426,732900
2022-06-08 10:03:00,426,426,430,430,571800
2022-06-08 10:04:00,430,430,436,432,905900
2022-06-08 10:05:00,434,432,436,434,882900
2022-06-08 10:06:00,434,434,438,434,1067400
2022-06-08 10:07:00,434,432,436,434,978600
2022-06-08 10:08:00,434,432,434,434,227200
2022-06-08 10:09:00,434,432,434,434,94300
2022-06-08 10:10:00,432,430,432,430,313600
2022-06-08 10:11:00,430,430,432,430,236400
2022-06-08 10:12:00,430,430,432,432,420100
2022-06-08 10:13:00,432,432,434,432,25200
2022-06-08 10:14:00,432,430,432,432,249800
2022-06-08 10:15:00,432,432,432,432,32600
2022-06-08 10:16:00,432,430,432,432,72100
2022-06-08 10:17:00,432,432,434,432,294800
2022-06-08 10:18:00,432,432,432,432,19800
2022-06-08 10:19:00,434,432,434,432,104600
2022-06-08 10:20:00,432,432,434,432,29100
2022-06-08 10:21:00,432,432,432,432,342000
2022-06-08 10:22:00,432,430,432,430,698600
2022-06-08 10:23:00,428,428,430,430,18400
2022-06-08 10:24:00,430,430,432,432,259600
2022-06-08 10:25:00,430,430,430,430,21200
2022-06-08 10:26:00,430,430,434,434,1048500
2022-06-08 10:27:00,434,434,438,436,1701500
2022-06-08 10:28:00,438,436,438,436,240300
2022-06-08 10:29:00,434,434,442,440,2150700
2022-06-08 10:30:00,440,436,442,438,1472000
2022-06-08 10:31:00,438,438,438,438,410300
2022-06-08 10:32:00,438,436,440,438,777100
2022-06-08 10:33:00,438,436,440,440,533600
2022-06-08 10:34:00,438,438,442,442,1920500
2022-06-08 10:35:00,442,440,446,444,3508900
2022-06-08 10:36:00,442,440,444,444,1514600
2022-06-08 10:37:00,444,442,446,444,1079700
2022-06-08 10:38:00,444,440,446,440,2020800
2022-06-08 10:39:00,440,438,442,442,627600
2022-06-08 10:40:00,440,436,442,436,2110600
2022-06-08 10:41:00,438,436,440,440,794200
2022-06-08 10:42:00,440,440,442,440,230300
2022-06-08 10:43:00,442,440,442,442,76900
2022-06-08 10:44:00,442,438,442,438,793000
2022-06-08 10:45:00,438,436,438,438,244400
2022-06-08 10:46:00,438,436,438,438,378500
2022-06-08 10:47:00,438,436,438,438,21800
2022-06-08 10:48:00,438,436,438,438,123200
2022-06-08 10:49:00,436,436,438,436,30000
2022-06-08 10:50:00,436,436,436,436,51900
2022-06-08 10:51:00,438,436,438,438,427000
2022-06-08 10:52:00,436,436,438,438,405000
2022-06-08 10:53:00,438,436,438,438,248300
2022-06-08 10:54:00,438,438,438,438,215000
2022-06-08 10:55:00,438,438,440,438,73400
2022-06-08 10:56:00,438,438,440,440,26000
2022-06-08 10:57:00,440,440,440,440,5000
2022-06-08 10:58:00,440,438,440,438,653700
2022-06-08 10:59:00,438,438,440,438,112700
2022-06-08 11:00:00,438,438,438,438,32500
2022-06-08 11:01:00,438,436,438,436,63000
2022-06-08 11:02:00,436,436,438,438,4600
2022-06-08 11:03:00,436,436,436,436,41500
2022-06-08 11:04:00,436,436,438,438,6900
2022-06-08 11:05:00,438,438,438,438,235300
2022-06-08 11:06:00,438,438,438,438,340200
2022-06-08 11:07:00,436,436,440,440,451200
2022-06-08 11:08:00,438,438,438,438,306500
2022-06-08 11:09:00,438,434,438,434,2113700
2022-06-08 11:10:00,434,432,436,432,242800
2022-06-08 11:11:00,434,430,434,430,1552000
2022-06-08 11:12:00,432,428,432,430,1740600
2022-06-08 11:13:00,428,428,430,428,1030400
2022-06-08 11:14:00,430,428,432,432,327700
2022-06-08 11:15:00,432,430,432,432,95300
2022-06-08 11:16:00,432,428,432,430,470300
2022-06-08 11:17:00,428,420,428,420,4378800
2022-06-08 11:18:00,420,420,426,424,1743800
2022-06-08 11:19:00,424,422,424,424,289800
2022-06-08 11:20:00,424,422,426,424,288500
2022-06-08 11:21:00,424,424,430,428,573300
2022-06-08 11:22:00,428,426,428,426,563800
2022-06-08 11:23:00,424,422,424,424,501400
2022-06-08 11:24:00,424,422,426,424,83100
2022-06-08 11:25:00,424,422,424,424,491700
2022-06-08 11:26:00,422,420,424,420,1597800
2022-06-08 11:27:00,420,420,424,422,64200
2022-06-08 11:28:00,422,418,424,420,905700
2022-06-08 11:29:00,418,418,424,418,590200
2022-06-08 11:30:00,418,418,424,418,0
2022-06-08 11:31:00,418,418,424,418,0
2022-06-08 11:32:00,418,418,424,418,0
2022-06-08 11:33:00,418,418,424,418,0
2022-06-08 11:34:00,418,418,424,418,0
2022-06-08 11:35:00,418,418,424,418,0
2022-06-08 11:36:00,418,418,424,418,0
2022-06-08 11:37:00,418,418,424,418,0
2022-06-08 11:38:00,418,418,424,418,0
2022-06-08 11:39:00,418,418,424,418,0
2022-06-08 11:40:00,418,418,424,418,0
2022-06-08 11:41:00,418,418,424,418,0
2022-06-08 11:42:00,418,418,424,418,0
2022-06-08 11:43:00,418,418,424,418,0
2022-06-08 11:44:00,418,418,424,418,0
2022-06-08 11:45:00,418,418,424,418,0
2022-06-08 11:46:00,418,418,424,418,0
2022-06-08 11:47:00,418,418,424,418,0
2022-06-08 11:48:00,418,418,424,418,0
2022-06-08 11:49:00,418,418,424,418,0
2022-06-08 11:50:00,418,418,424,418,0
2022-06-08 11:51:00,418,418,424,418,0
2022-06-08 11:52:00,418,418,424,418,0
2022-06-08 11:53:00,418,418,424,418,0
2022-06-08 11:54:00,418,418,424,418,0
2022-06-08 11:55:00,418,418,424,418,0
2022-06-08 11:56:00,418,418,424,418,0
2022-06-08 11:57:00,418,418,424,418,0
2022-06-08 11:58:00,418,418,424,418,0
2022-06-08 11:59:00,418,418,424,418,0
2022-06-08 12:00:00,418,418,424,418,0
2022-06-08 12:01:00,418,418,424,418,0
2022-06-08 12:02:00,418,418,424,418,0
2022-06-08 12:03:00,418,418,424,418,0
2022-06-08 12:04:00,418,418,424,418,0
2022-06-08 12:05:00,418,418,424,418,0
2022-06-08 12:06:00,418,418,424,418,0
2022-06-08 12:07:00,418,418,424,418,0
2022-06-08 12:08:00,418,418,424,418,0
2022-06-08 12:09:00,418,418,424,418,0
2022-06-08 12:10:00,418,418,424,418,0
2022-06-08 12:11:00,418,418,424,418,0
2022-06-08 12:12:00,418,418,424,418,0
2022-06-08 12:13:00,418,418,424,418,0
2022-06-08 12:14:00,418,418,424,418,0
2022-06-08 12:15:00,418,418,424,418,0
2022-06-08 12:16:00,418,418,424,418,0
2022-06-08 12:17:00,418,418,424,418,0
2022-06-08 12:18:00,418,418,424,418,0
2022-06-08 12:19:00,418,418,424,418,0
2022-06-08 12:20:00,418,418,424,418,0
2022-06-08 12:21:00,418,418,424,418,0
2022-06-08 12:22:00,418,418,424,418,0
2022-06-08 12:23:00,418,418,424,418,0
2022-06-08 12:24:00,418,418,424,418,0
2022-06-08 12:25:00,418,418,424,418,0
2022-06-08 12:26:00,418,418,424,418,0
2022-06-08 12:27:00,418,418,424,418,0
2022-06-08 12:28:00,418,418,424,418,0
2022-06-08 12:29:00,418,418,424,418,0
2022-06-08 12:30:00,418,418,424,418,0
2022-06-08 12:31:00,418,418,424,418,0
2022-06-08 12:32:00,418,418,424,418,0
2022-06-08 12:33:00,418,418,424,418,0
2022-06-08 12:34:00,418,418,424,418,0
2022-06-08 12:35:00,418,418,424,418,0
2022-06-08 12:36:00,418,418,424,418,0
2022-06-08 12:37:00,418,418,424,418,0
2022-06-08 12:38:00,418,418,424,418,0
2022-06-08 12:39:00,418,418,424,418,0
2022-06-08 12:40:00,418,418,424,418,0
2022-06-08 12:41:00,418,418,424,418,0
2022-06-08 12:42:00,418,418,424,418,0
2022-06-08 12:43:00,418,418,424,418,0
2022-06-08 12:44:00,418,418,424,418,0
2022-06-08 12:45:00,418,418,424,418,0
2022-06-08 12:46:00,418,418,424,418,0
2022-06-08 12:47:00,418,418,424,418,0
2022-06-08 12:48:00,418,418,424,418,0
2022-06-08 12:49:00,418,418,424,418,0
2022-06-08 12:50:00,418,418,424,418,0
2022-06-08 12:51:00,418,418,424,418,0
2022-06-08 12:52:00,418,418,424,418,0
2022-06-08 12:53:00,418,418,424,418,0
2022-06-08 12:54:00,418,418,424,418,0
2022-06-08 12:55:00,418,418,424,418,0
2022-06-08 12:56:00,418,418,424,418,0
2022-06-08 12:57:00,418,418,424,418,0
2022-06-08 12:58:00,418,418,424,418,0
2022-06-08 12:59:00,418,418,424,418,0
2022-06-08 13:00:00,418,418,424,418,0
2022-06-08 13:01:00,418,418,424,418,0
2022-06-08 13:02:00,418,418,424,418,0
2022-06-08 13:03:00,418,418,424,418,0
2022-06-08 13:04:00,418,418,424,418,0
2022-06-08 13:05:00,418,418,424,418,0
2022-06-08 13:06:00,418,418,424,418,0
2022-06-08 13:07:00,418,418,424,418,0
2022-06-08 13:08:00,418,418,424,418,0
2022-06-08 13:09:00,418,418,424,418,0
2022-06-08 13:10:00,418,418,424,418,0
2022-06-08 13:11:00,418,418,424,418,0
2022-06-08 13:12:00,418,418,424,418,0
2022-06-08 13:13:00,418,418,424,418,0
2022-06-08 13:14:00,418,418,424,418,0
2022-06-08 13:15:00,418,418,424,418,0
2022-06-08 13:16:00,418,418,424,418,0
2022-06-08 13:17:00,418,418,424,418,0
2022-06-08 13:18:00,418,418,424,418,0
2022-06-08 13:19:00,418,418,424,418,0
2022-06-08 13:20:00,418,418,424,418,0
2022-06-08 13:21:00,418,418,424,418,0
2022-06-08 13:22:00,418,418,424,418,0
2022-06-08 13:23:00,418,418,424,418,0
2022-06-08 13:24:00,418,418,424,418,0
2022-06-08 13:25:00,418,418,424,418,0
2022-06-08 13:26:00,418,418,424,418,0
2022-06-08 13:27:00,418,418,424,418,0
2022-06-08 13:28:00,418,418,424,418,0
2022-06-08 13:29:00,418,418,424,418,0
2022-06-08 13:30:00,418,408,420,408,16801500
2022-06-08 13:31:00,408,408,408,408,213100
2022-06-08 13:32:00,408,408,408,408,462400
2022-06-08 13:33:00,408,408,408,408,143600
2022-06-08 13:34:00,408,408,408,408,322000
2022-06-08 13:35:00,408,408,408,408,162900
2022-06-08 13:36:00,408,408,408,408,153100
2022-06-08 13:37:00,408,408,408,408,39200
2022-06-08 13:38:00,408,408,408,408,4100
2022-06-08 13:39:00,408,408,408,408,198000
2022-06-08 13:40:00,408,408,408,408,3000
2022-06-08 13:41:00,408,408,408,408,17600
2022-06-08 13:42:00,408,408,408,408,9500
2022-06-08 13:43:00,408,408,408,408,75000
2022-06-08 13:44:00,408,408,408,408,11100
2022-06-08 13:45:00,408,408,408,408,10600
2022-06-08 13:46:00,408,408,408,408,800
2022-06-08 13:47:00,408,408,408,408,13100
2022-06-08 13:48:00,408,408,408,408,27600
2022-06-08 13:49:00,408,408,408,408,13100
2022-06-08 13:50:00,408,408,408,408,600
2022-06-08 13:51:00,408,408,408,408,36500
2022-06-08 13:52:00,408,408,408,408,24700
2022-06-08 13:53:00,408,408,408,408,168800
2022-06-08 13:54:00,408,408,408,408,23100
2022-06-08 13:55:00,408,408,408,408,10400
2022-06-08 13:56:00,408,408,408,408,62300
2022-06-08 13:57:00,408,408,408,408,1700
2022-06-08 13:58:00,408,408,408,408,112100
2022-06-08 13:59:00,408,408,408,408,21200
2022-06-08 14:00:00,408,408,408,408,26600
2022-06-08 14:01:00,408,408,408,408,23600
2022-06-08 14:02:00,408,408,408,408,257500
2022-06-08 14:03:00,408,408,408,408,9100
2022-06-08 14:04:00,408,408,408,408,1500
2022-06-08 14:05:00,408,408,408,408,124900
2022-06-08 14:06:00,408,408,408,408,28100
2022-06-08 14:07:00,408,408,408,408,16700
2022-06-08 14:08:00,408,408,408,408,21000
2022-06-08 14:09:00,408,408,408,408,78100
2022-06-08 14:10:00,408,408,408,408,1500
2022-06-08 14:11:00,408,408,408,408,38700
2022-06-08 14:12:00,408,408,408,408,12900
2022-06-08 14:13:00,408,408,408,408,7100
2022-06-08 14:14:00,408,408,408,408,51400
2022-06-08 14:15:00,408,408,408,408,5600
2022-06-08 14:16:00,408,408,408,408,5500
2022-06-08 14:17:00,408,408,408,408,40200
2022-06-08 14:18:00,408,408,408,408,25500
2022-06-08 14:19:00,408,408,408,408,38900
2022-06-08 14:20:00,408,408,408,408,2200
2022-06-08 14:21:00,408,408,408,408,19900
2022-06-08 14:22:00,408,408,408,408,352600
2022-06-08 14:23:00,408,408,408,408,5100
2022-06-08 14:24:00,408,408,408,408,2300
2022-06-08 14:25:00,408,408,408,408,8800
2022-06-08 14:26:00,408,408,408,408,4400
2022-06-08 14:27:00,408,408,408,408,3200
2022-06-08 14:28:00,408,408,408,408,21800
2022-06-08 14:29:00,408,408,408,408,10000
2022-06-08 14:30:00,408,408,408,408,29100
2022-06-08 14:31:00,408,408,408,408,0
2022-06-08 14:32:00,408,408,408,408,7900
2022-06-08 14:33:00,408,408,408,408,36800
2022-06-08 14:34:00,408,408,408,408,20800
2022-06-08 14:35:00,408,408,408,408,1100
2022-06-08 14:36:00,408,408,408,408,10400
2022-06-08 14:37:00,408,408,408,408,100
2022-06-08 14:38:00,408,408,408,408,34700
2022-06-08 14:39:00,408,408,408,408,1600
2022-06-08 14:40:00,408,408,408,408,2200
2022-06-08 14:41:00,408,408,408,408,13000
2022-06-08 14:42:00,408,408,408,408,1100
2022-06-08 14:43:00,408,408,408,408,10800
2022-06-08 14:44:00,408,408,408,408,5800
2022-06-08 14:45:00,408,408,408,408,1300
2022-06-08 14:46:00,408,408,408,408,21000
2022-06-08 14:47:00,408,408,408,408,71000
2022-06-08 14:48:00,408,408,408,408,5800
2022-06-08 14:49:00,408,408,408,408,7000
2022-06-08 14:50:00,408,408,408,408,0
2022-06-08 14:51:00,408,408,408,408,0
2022-06-08 14:52:00,408,408,408,408,0
2022-06-08 14:53:00,408,408,408,408,0
2022-06-08 14:54:00,408,408,408,408,0
2022-06-08 14:55:00,408,408,408,408,0
2022-06-08 14:56:00,408,408,408,408,0
2022-06-08 14:57:00,408,408,408,408,0
2022-06-08 14:58:00,408,408,408,408,0
2022-06-08 14:59:00,408,408,408,408,0
2022-06-08 15:00:00,408,408,408,408,75200
2022-06-08 15:01:00,408,408,408,408,9400
2022-06-08 15:02:00,408,408,408,408,131900
2022-06-08 15:03:00,408,408,408,408,100
2022-06-08 15:04:00,408,408,408,408,5800
2022-06-08 15:05:00,408,408,408,408,1200
2022-06-08 15:06:00,408,408,408,408,1276700
2022-06-08 15:07:00,408,408,408,408,6400
2022-06-08 15:08:00,408,408,408,408,2300
2022-06-08 15:09:00,408,408,408,408,59400
2022-06-08 15:10:00,408,408,408,408,2700
2022-06-08 15:11:00,408,408,408,408,100
2022-06-08 15:12:00,408,408,408,408,2400
2022-06-08 15:13:00,408,408,408,408,2600
2022-06-08 15:14:00,408,408,408,408,3100
2022-06-08 15:15:00,408,408,408,408,0
2022-06-08 15:16:00,408,408,408,408,0
2022-06-08 15:17:00,408,408,408,408,0
2022-06-08 15:18:00,408,408,408,408,0
2022-06-08 15:19:00,408,408,408,408,0
2022-06-08 15:20:00,408,408,408,408,0
2022-06-08 15:21:00,408,408,408,408,0
2022-06-08 15:22:00,408,408,408,408,0
2022-06-08 15:23:00,408,408,408,408,0
2022-06-08 15:24:00,408,408,408,408,0
2022-06-08 15:25:00,408,408,408,408,0
2022-06-08 15:26:00,408,408,408,408,0
2022-06-08 15:27:00,408,408,408,408,0
2022-06-08 15:28:00,408,408,408,408,0
2022-06-08 15:29:00,408,408,408,408,0
2022-06-08 15:30:00,408,408,408,408,0
2022-06-08 15:31:00,408,408,408,408,0
2022-06-08 15:32:00,408,408,408,408,0
2022-06-08 15:33:00,408,408,408,408,0
2022-06-08 15:34:00,408,408,408,408,0
2022-06-08 15:35:00,408,408,408,408,0
2022-06-08 15:36:00,408,408,408,408,0
2022-06-08 15:37:00,408,408,408,408,0
2022-06-08 15:38:00,408,408,408,408,0
2022-06-08 15:39:00,408,408,408,408,0
2022-06-08 15:40:00,408,408,408,408,0
2022-06-08 15:41:00,408,408,408,408,0
2022-06-08 15:42:00,408,408,408,408,0
2022-06-08 15:43:00,408,408,408,408,0
2022-06-08 15:44:00,408,408,408,408,0
2022-06-08 15:45:00,408,408,408,408,0
2022-06-08 15:46:00,408,408,408,408,0
2022-06-08 15:47:00,408,408,408,408,0
2022-06-08 15:48:00,408,408,408,408,0
2022-06-08 15:49:00,408,408,408,408,0
2022-06-08 15:50:00,408,408,408,408,0
2022-06-08 15:51:00,408,408,408,408,0
2022-06-08 15:52:00,408,408,408,408,0
2022-06-08 15:53:00,408,408,408,408,0
2022-06-08 15:54:00,408,408,408,408,0
2022-06-08 15:55:00,408,408,408,408,0
2022-06-08 15:56:00,408,408,408,408,0
2022-06-08 15:57:00,408,408,408,408,0
2022-06-08 15:58:00,408,408,408,408,0
2022-06-08 15:59:00,408,408,408,408,0
2022-06-09 09:00:00,408,380,410,396,0
2022-06-09 09:01:00,398,394,402,400,693700
2022-06-09 09:02:00,400,400,408,408,1153900
2022-06-09 09:03:00,408,408,414,414,1117300
2022-06-09 09:04:00,412,408,416,408,3004900
2022-06-09 09:05:00,408,402,410,410,1589400
2022-06-09 09:06:00,408,404,412,404,1043900
2022-06-09 09:07:00,404,396,406,396,1173800
2022-06-09 09:08:00,396,390,402,400,4088400
2022-06-09 09:09:00,400,396,402,400,1608200
2022-06-09 09:10:00,400,398,400,398,929200
2022-06-09 09:11:00,398,398,406,402,1528600
2022-06-09 09:12:00,404,404,408,406,520400
2022-06-09 09:13:00,406,404,408,406,776900
2022-06-09 09:14:00,406,406,410,410,874600
2022-06-09 09:15:00,410,408,410,410,430900
2022-06-09 09:16:00,410,408,410,410,566900
2022-06-09 09:17:00,410,404,410,408,1856600
2022-06-09 09:18:00,408,406,408,408,69600
2022-06-09 09:19:00,408,408,410,410,124800
2022-06-09 09:20:00,410,406,410,406,460700
2022-06-09 09:21:00,406,406,408,408,1102900
2022-06-09 09:22:00,408,406,408,406,84400
2022-06-09 09:23:00,406,406,412,410,946500
2022-06-09 09:24:00,410,410,418,418,2760900
2022-06-09 09:25:00,414,412,416,416,1447000
2022-06-09 09:26:00,416,414,418,416,1410900
2022-06-09 09:27:00,416,414,416,416,769900
2022-06-09 09:28:00,416,416,418,416,64300
2022-06-09 09:29:00,418,416,418,418,234900
2022-06-09 09:30:00,418,416,420,418,709900
2022-06-09 09:31:00,420,418,424,424,3909100
2022-06-09 09:32:00,424,418,426,418,4819400
2022-06-09 09:33:00,418,416,422,422,995700
2022-06-09 09:34:00,420,418,422,420,915700
2022-06-09 09:35:00,420,418,420,418,747000
2022-06-09 09:36:00,420,416,420,416,566900
2022-06-09 09:37:00,416,414,418,418,1068000
2022-06-09 09:38:00,416,414,416,416,541200
2022-06-09 09:39:00,418,416,418,418,922600
2022-06-09 09:40:00,418,416,418,416,353300
2022-06-09 09:41:00,416,416,418,416,391900
2022-06-09 09:42:00,416,414,416,414,197800
2022-06-09 09:43:00,414,414,416,414,398200
2022-06-09 09:44:00,416,416,418,416,591900
2022-06-09 09:45:00,416,414,418,414,507200
2022-06-09 09:46:00,416,416,416,416,184400
2022-06-09 09:47:00,416,416,416,416,201900
2022-06-09 09:48:00,414,414,416,416,223400
2022-06-09 09:49:00,416,414,416,414,617500
2022-06-09 09:50:00,414,414,416,414,518900
2022-06-09 09:51:00,414,412,414,414,417300
2022-06-09 09:52:00,414,412,414,414,151400
2022-06-09 09:53:00,414,412,414,414,155500
2022-06-09 09:54:00,414,412,414,414,33800
2022-06-09 09:55:00,414,412,414,414,210700
2022-06-09 09:56:00,414,408,414,408,2701600
2022-06-09 09:57:00,408,400,410,402,2879400
2022-06-09 09:58:00,404,400,408,406,637600
2022-06-09 09:59:00,406,406,406,406,369300
2022-06-09 10:00:00,406,404,406,406,289600
2022-06-09 10:01:00,406,406,408,408,443700
2022-06-09 10:02:00,408,408,410,408,66600
2022-06-09 10:03:00,410,408,410,408,123700
2022-06-09 10:04:00,408,408,412,412,190100
2022-06-09 10:05:00,410,410,412,410,524300
2022-06-09 10:06:00,410,408,410,408,260400
2022-06-09 10:07:00,408,408,410,408,900900
2022-06-09 10:08:00,408,406,410,406,166700
2022-06-09 10:09:00,406,406,408,408,291600
2022-06-09 10:10:00,410,408,410,408,13100
2022-06-09 10:11:00,410,408,410,408,42400
2022-06-09 10:12:00,408,408,408,408,33500
2022-06-09 10:13:00,410,408,410,408,8400
2022-06-09 10:14:00,408,408,408,408,5300
2022-06-09 10:15:00,408,408,410,410,6100
2022-06-09 10:16:00,408,408,410,410,160500
2022-06-09 10:17:00,410,410,412,412,270600
2022-06-09 10:18:00,410,408,410,410,194500
2022-06-09 10:19:00,410,410,410,410,3400
2022-06-09 10:20:00,410,410,410,410,82000
2022-06-09 10:21:00,410,408,410,410,181200
2022-06-09 10:22:00,410,408,410,408,431800
2022-06-09 10:23:00,408,406,408,406,651600
2022-06-09 10:24:00,406,406,408,406,189200
2022-06-09 10:25:00,406,404,406,406,488300
2022-06-09 10:26:00,406,402,406,406,231500
2022-06-09 10:27:00,406,404,406,406,44200
2022-06-09 10:28:00,406,404,406,404,172100
2022-06-09 10:29:00,406,404,406,406,23700
2022-06-09 10:30:00,404,404,406,404,62900
2022-06-09 10:31:00,404,404,406,404,595500
2022-06-09 10:32:00,404,402,406,404,140700
2022-06-09 10:33:00,402,398,402,398,1990700
2022-06-09 10:34:00,400,398,404,402,995500
2022-06-09 10:35:00,402,402,404,404,38100
2022-06-09 10:36:00,404,400,404,400,925700
2022-06-09 10:37:00,402,400,402,402,620700
2022-06-09 10:38:00,402,400,402,402,564700
2022-06-09 10:39:00,402,402,402,402,63200
2022-06-09 10:40:00,402,398,402,400,549600
2022-06-09 10:41:00,400,400,402,400,75300
2022-06-09 10:42:00,400,398,400,398,185500
2022-06-09 10:43:00,398,396,400,396,799800
2022-06-09 10:44:00,398,396,398,396,702100
2022-06-09 10:45:00,396,394,398,396,1975400
2022-06-09 10:46:00,394,394,398,396,956500
2022-06-09 10:47:00,396,384,396,388,7404700
2022-06-09 10:48:00,388,384,390,390,4130900
2022-06-09 10:49:00,390,388,392,392,725000
2022-06-09 10:50:00,392,390,392,390,68700
2022-06-09 10:51:00,390,388,390,390,694700
2022-06-09 10:52:00,388,386,390,386,843500
2022-06-09 10:53:00,386,384,388,386,920100
2022-06-09 10:54:00,386,386,388,386,345500
2022-06-09 10:55:00,386,384,386,384,1074400
2022-06-09 10:56:00,384,382,386,384,1161800
2022-06-09 10:57:00,384,384,386,386,249100
2022-06-09 10:58:00,386,384,386,384,652300
2022-06-09 10:59:00,384,380,384,382,4188700
2022-06-09 11:00:00,382,380,382,380,6259100
2022-06-09 11:01:00,382,380,384,382,1881300
2022-06-09 11:02:00,384,380,388,388,1529700
2022-06-09 11:03:00,388,384,388,386,442200
2022-06-09 11:04:00,384,384,386,386,332900
2022-06-09 11:05:00,386,384,386,386,502100
2022-06-09 11:06:00,386,386,386,386,257000
2022-06-09 11:07:00,388,382,388,384,1522700
2022-06-09 11:08:00,384,382,384,384,480100
2022-06-09 11:09:00,382,382,384,384,72200
2022-06-09 11:10:00,384,382,384,382,1076200
2022-06-09 11:11:00,382,382,382,382,191800
2022-06-09 11:12:00,382,382,384,384,288700
2022-06-09 11:13:00,384,382,384,384,178600
2022-06-09 11:14:00,384,384,384,384,146200
2022-06-09 11:15:00,384,384,384,384,56800
2022-06-09 11:16:00,384,382,384,384,623400
2022-06-09 11:17:00,382,382,384,384,469400
2022-06-09 11:18:00,382,382,384,382,954400
2022-06-09 11:19:00,382,380,382,382,207700
2022-06-09 11:20:00,382,382,382,382,338600
2022-06-09 11:21:00,382,382,384,382,24600
2022-06-09 11:22:00,382,382,384,382,334900
2022-06-09 11:23:00,384,382,386,384,1112000
2022-06-09 11:24:00,384,384,384,384,107900
2022-06-09 11:25:00,386,382,386,382,801100
2022-06-09 11:26:00,384,382,384,382,113200
2022-06-09 11:27:00,382,382,384,382,424800
2022-06-09 11:28:00,382,380,382,380,684300
2022-06-09 11:29:00,382,380,382,380,1223800
2022-06-09 11:30:00,380,380,380,380,100
2022-06-09 11:31:00,380,380,380,380,0
2022-06-09 11:32:00,380,380,380,380,0
2022-06-09 11:33:00,380,380,380,380,0
2022-06-09 11:34:00,380,380,380,380,0
2022-06-09 11:35:00,380,380,380,380,0
2022-06-09 11:36:00,380,380,380,380,0
2022-06-09 11:37:00,380,380,380,380,0
2022-06-09 11:38:00,380,380,380,380,0
2022-06-09 11:39:00,380,380,380,380,0
2022-06-09 11:40:00,380,380,380,380,0
2022-06-09 11:41:00,380,380,380,380,0
2022-06-09 11:42:00,380,380,380,380,0
2022-06-09 11:43:00,380,380,380,380,0
2022-06-09 11:44:00,380,380,380,380,0
2022-06-09 11:45:00,380,380,380,380,0
2022-06-09 11:46:00,380,380,380,380,0
2022-06-09 11:47:00,380,380,380,380,0
2022-06-09 11:48:00,380,380,380,380,0
2022-06-09 11:49:00,380,380,380,380,0
2022-06-09 11:50:00,380,380,380,380,0
2022-06-09 11:51:00,380,380,380,380,0
2022-06-09 11:52:00,380,380,380,380,0
2022-06-09 11:53:00,380,380,380,380,0
2022-06-09 11:54:00,380,380,380,380,0
2022-06-09 11:55:00,380,380,380,380,0
2022-06-09 11:56:00,380,380,380,380,0
2022-06-09 11:57:00,380,380,380,380,0
2022-06-09 11:58:00,380,380,380,380,0
2022-06-09 11:59:00,380,380,380,380,0
2022-06-09 12:00:00,380,380,380,380,0
2022-06-09 12:01:00,380,380,380,380,0
2022-06-09 12:02:00,380,380,380,380,0
2022-06-09 12:03:00,380,380,380,380,0
2022-06-09 12:04:00,380,380,380,380,0
2022-06-09 12:05:00,380,380,380,380,0
2022-06-09 12:06:00,380,380,380,380,0
2022-06-09 12:07:00,380,380,380,380,0
2022-06-09 12:08:00,380,380,380,380,0
2022-06-09 12:09:00,380,380,380,380,0
2022-06-09 12:10:00,380,380,380,380,0
2022-06-09 12:11:00,380,380,380,380,0
2022-06-09 12:12:00,380,380,380,380,0
2022-06-09 12:13:00,380,380,380,380,0
2022-06-09 12:14:00,380,380,380,380,0
2022-06-09 12:15:00,380,380,380,380,0
2022-06-09 12:16:00,380,380,380,380,0
2022-06-09 12:17:00,380,380,380,380,0
2022-06-09 12:18:00,380,380,380,380,0
2022-06-09 12:19:00,380,380,380,380,0
2022-06-09 12:20:00,380,380,380,380,0
2022-06-09 12:21:00,380,380,380,380,0
2022-06-09 12:22:00,380,380,380,380,0
2022-06-09 12:23:00,380,380,380,380,0
2022-06-09 12:24:00,380,380,380,380,0
2022-06-09 12:25:00,380,380,380,380,0
2022-06-09 12:26:00,380,380,380,380,0
2022-06-09 12:27:00,380,380,380,380,0
2022-06-09 12:28:00,380,380,380,380,0
2022-06-09 12:29:00,380,380,380,380,0
2022-06-09 12:30:00,380,380,380,380,0
2022-06-09 12:31:00,380,380,380,380,0
2022-06-09 12:32:00,380,380,380,380,0
2022-06-09 12:33:00,380,380,380,380,0
2022-06-09 12:34:00,380,380,380,380,0
2022-06-09 12:35:00,380,380,380,380,0
2022-06-09 12:36:00,380,380,380,380,0
2022-06-09 12:37:00,380,380,380,380,0
2022-06-09 12:38:00,380,380,380,380,0
2022-06-09 12:39:00,380,380,380,380,0
2022-06-09 12:40:00,380,380,380,380,0
2022-06-09 12:41:00,380,380,380,380,0
2022-06-09 12:42:00,380,380,380,380,0
2022-06-09 12:43:00,380,380,380,380,0
2022-06-09 12:44:00,380,380,380,380,0
2022-06-09 12:45:00,380,380,380,380,0
2022-06-09 12:46:00,380,380,380,380,0
2022-06-09 12:47:00,380,380,380,380,0
2022-06-09 12:48:00,380,380,380,380,0
2022-06-09 12:49:00,380,380,380,380,0
2022-06-09 12:50:00,380,380,380,380,0
2022-06-09 12:51:00,380,380,380,380,0
2022-06-09 12:52:00,380,380,380,380,0
2022-06-09 12:53:00,380,380,380,380,0
2022-06-09 12:54:00,380,380,380,380,0
2022-06-09 12:55:00,380,380,380,380,0
2022-06-09 12:56:00,380,380,380,380,0
2022-06-09 12:57:00,380,380,380,380,0
2022-06-09 12:58:00,380,380,380,380,0
2022-06-09 12:59:00,380,380,380,380,0
2022-06-09 13:00:00,380,380,380,380,0
2022-06-09 13:01:00,380,380,380,380,0
2022-06-09 13:02:00,380,380,380,380,0
2022-06-09 13:03:00,380,380,380,380,0
2022-06-09 13:04:00,380,380,380,380,0
2022-06-09 13:05:00,380,380,380,380,0
2022-06-09 13:06:00,380,380,380,380,0
2022-06-09 13:07:00,380,380,380,380,0
2022-06-09 13:08:00,380,380,380,380,0
2022-06-09 13:09:00,380,380,380,380,0
2022-06-09 13:10:00,380,380,380,380,0
2022-06-09 13:11:00,380,380,380,380,0
2022-06-09 13:12:00,380,380,380,380,0
2022-06-09 13:13:00,380,380,380,380,0
2022-06-09 13:14:00,380,380,380,380,0
2022-06-09 13:15:00,380,380,380,380,0
2022-06-09 13:16:00,380,380,380,380,0
2022-06-09 13:17:00,380,380,380,380,0
2022-06-09 13:18:00,380,380,380,380,0
2022-06-09 13:19:00,380,380,380,380,0
2022-06-09 13:20:00,380,380,380,380,0
2022-06-09 13:21:00,380,380,380,380,0
2022-06-09 13:22:00,380,380,380,380,0
2022-06-09 13:23:00,380,380,380,380,0
2022-06-09 13:24:00,380,380,380,380,0
2022-06-09 13:25:00,380,380,380,380,0
2022-06-09 13:26:00,380,380,380,380,0
2022-06-09 13:27:00,380,380,380,380,0
2022-06-09 13:28:00,380,380,380,380,0
2022-06-09 13:29:00,380,380,380,380,0
2022-06-09 13:30:00,380,380,382,380,2866400
2022-06-09 13:31:00,380,380,382,382,441200
2022-06-09 13:32:00,380,380,382,380,562000
2022-06-09 13:33:00,382,380,382,380,109300
2022-06-09 13:34:00,380,380,382,382,138700
2022-06-09 13:35:00,382,380,382,380,1661700
2022-06-09 13:36:00,380,380,382,380,2934900
2022-06-09 13:37:00,380,380,380,380,304100
2022-06-09 13:38:00,380,380,380,380,33800
2022-06-09 13:39:00,380,380,380,380,18300
2022-06-09 13:40:00,380,380,380,380,391500
2022-06-09 13:41:00,380,380,380,380,87800
2022-06-09 13:42:00,380,380,380,380,158100
2022-06-09 13:43:00,380,380,382,382,548900
2022-06-09 13:44:00,380,380,382,380,430000
2022-06-09 13:45:00,380,380,382,380,181400
2022-06-09 13:46:00,380,380,382,380,132300
2022-06-09 13:47:00,380,380,382,380,16000
2022-06-09 13:48:00,380,380,380,380,72700
2022-06-09 13:49:00,380,380,382,380,469300
2022-06-09 13:50:00,380,380,382,380,809000
2022-06-09 13:51:00,380,380,382,380,0
2022-06-09 13:52:00,380,380,380,380,1121200
2022-06-09 13:53:00,380,380,380,380,124200
2022-06-09 13:54:00,380,380,380,380,37200
2022-06-09 13:55:00,380,380,382,380,109900
2022-06-09 13:56:00,380,380,380,380,27200
2022-06-09 13:57:00,380,380,382,382,573300
2022-06-09 13:58:00,382,382,382,382,279300
2022-06-09 13:59:00,382,380,382,382,580700
2022-06-09 14:00:00,382,380,382,382,104900
2022-06-09 14:01:00,382,380,382,382,600900
2022-06-09 14:02:00,382,380,382,380,92300
2022-06-09 14:03:00,382,380,382,382,183100
2022-06-09 14:04:00,382,382,382,382,11300
2022-06-09 14:05:00,382,382,382,382,21500
2022-06-09 14:06:00,382,382,382,382,92800
2022-06-09 14:07:00,382,380,382,380,60500
2022-06-09 14:08:00,380,380,382,382,48500
2022-06-09 14:09:00,382,380,382,382,90500
2022-06-09 14:10:00,380,380,380,380,90300
2022-06-09 14:11:00,382,380,382,380,1341300
2022-06-09 14:12:00,380,380,380,380,8800
2022-06-09 14:13:00,380,380,380,380,891800
2022-06-09 14:14:00,380,380,380,380,626500
2022-06-09 14:15:00,380,380,380,380,212100
2022-06-09 14:16:00,380,380,380,380,102100
2022-06-09 14:17:00,380,380,382,380,244500
2022-06-09 14:18:00,380,380,380,380,9300
2022-06-09 14:19:00,380,380,380,380,16800
2022-06-09 14:20:00,380,380,380,380,22100
2022-06-09 14:21:00,380,380,380,380,3700
2022-06-09 14:22:00,380,380,380,380,55100
2022-06-09 14:23:00,380,380,380,380,110600
2022-06-09 14:24:00,380,380,380,380,11800
2022-06-09 14:25:00,380,380,380,380,107200
2022-06-09 14:26:00,380,380,380,380,361000
2022-06-09 14:27:00,380,380,380,380,163100
2022-06-09 14:28:00,380,380,380,380,3700
2022-06-09 14:29:00,380,380,380,380,267600
2022-06-09 14:30:00,382,380,382,380,207200
2022-06-09 14:31:00,380,380,380,380,94800
2022-06-09 14:32:00,380,380,380,380,45000
2022-06-09 14:33:00,380,380,380,380,66400
2022-06-09 14:34:00,380,380,382,382,234300
2022-06-09 14:35:00,380,380,380,380,282800
2022-06-09 14:36:00,380,380,380,380,57800
2022-06-09 14:37:00,380,380,380,380,63000
2022-06-09 14:38:00,380,380,380,380,971100
2022-06-09 14:39:00,380,380,380,380,301300
2022-06-09 14:40:00,380,380,380,380,44500
2022-06-09 14:41:00,380,380,380,380,36600
2022-06-09 14:42:00,380,380,380,380,701300
2022-06-09 14:43:00,380,380,380,380,93800
2022-06-09 14:44:00,380,380,380,380,52000
2022-06-09 14:45:00,380,380,380,380,27600
2022-06-09 14:46:00,380,380,380,380,18500
2022-06-09 14:47:00,380,380,380,380,8200
2022-06-09 14:48:00,380,380,380,380,15800
2022-06-09 14:49:00,380,380,380,380,27400
2022-06-09 14:50:00,380,380,380,380,0
2022-06-09 14:51:00,380,380,380,380,0
2022-06-09 14:52:00,380,380,380,380,0
2022-06-09 14:53:00,380,380,380,380,0
2022-06-09 14:54:00,380,380,380,380,0
2022-06-09 14:55:00,380,380,380,380,0
2022-06-09 14:56:00,380,380,380,380,0
2022-06-09 14:57:00,380,380,380,380,0
2022-06-09 14:58:00,380,380,380,380,0
2022-06-09 14:59:00,380,380,380,380,0
2022-06-09 15:00:00,380,380,380,380,149900
2022-06-09 15:01:00,380,380,380,380,76100
2022-06-09 15:02:00,380,380,380,380,19000
2022-06-09 15:03:00,380,380,380,380,0
2022-06-09 15:04:00,380,380,380,380,5400
2022-06-09 15:05:00,380,380,380,380,46000
2022-06-09 15:06:00,380,380,380,380,209300
2022-06-09 15:07:00,380,380,380,380,106600
2022-06-09 15:08:00,380,380,380,380,11100
2022-06-09 15:09:00,380,380,380,380,0
2022-06-09 15:10:00,380,380,380,380,1400
2022-06-09 15:11:00,380,380,380,380,2000
2022-06-09 15:12:00,380,380,380,380,7600
2022-06-09 15:13:00,380,380,380,380,4300
2022-06-09 15:14:00,380,380,380,380,2757300
2022-06-09 15:15:00,380,380,380,380,0
2022-06-09 15:16:00,380,380,380,380,0
2022-06-09 15:17:00,380,380,380,380,0
2022-06-09 15:18:00,380,380,380,380,0
2022-06-09 15:19:00,380,380,380,380,0
2022-06-09 15:20:00,380,380,380,380,0
2022-06-09 15:21:00,380,380,380,380,0
2022-06-09 15:22:00,380,380,380,380,0
2022-06-09 15:23:00,380,380,380,380,0
2022-06-09 15:24:00,380,380,380,380,0
2022-06-09 15:25:00,380,380,380,380,0
2022-06-09 15:26:00,380,380,380,380,0
2022-06-09 15:27:00,380,380,380,380,0
2022-06-09 15:28:00,380,380,380,380,0
2022-06-09 15:29:00,380,380,380,380,0
2022-06-09 15:30:00,380,380,380,380,0
2022-06-09 15:31:00,380,380,380,380,0
2022-06-09 15:32:00,380,380,380,380,0
2022-06-09 15:33:00,380,380,380,380,0
2022-06-09 15:34:00,380,380,380,380,0
2022-06-09 15:35:00,380,380,380,380,0
2022-06-09 15:36:00,380,380,380,380,0
2022-06-09 15:37:00,380,380,380,380,0
2022-06-09 15:38:00,380,380,380,380,0
2022-06-09 15:39:00,380,380,380,380,0
2022-06-09 15:40:00,380,380,380,380,0
2022-06-09 15:41:00,380,380,380,380,0
2022-06-09 15:42:00,380,380,380,380,0
2022-06-09 15:43:00,380,380,380,380,0
2022-06-09 15:44:00,380,380,380,380,0
2022-06-09 15:45:00,380,380,380,380,0
2022-06-09 15:46:00,380,380,380,380,0
2022-06-09 15:47:00,380,380,380,380,0
2022-06-09 15:48:00,380,380,380,380,0
2022-06-09 15:49:00,380,380,380,380,0
2022-06-09 15:50:00,380,380,380,380,0
2022-06-09 15:51:00,380,380,380,380,0
2022-06-09 15:52:00,380,380,380,380,0
2022-06-09 15:53:00,380,380,380,380,0
2022-06-09 15:54:00,380,380,380,380,0
2022-06-09 15:55:00,380,380,380,380,0
2022-06-09 15:56:00,380,380,380,380,0
2022-06-09 15:57:00,380,380,380,380,0
2022-06-09 15:58:00,380,380,380,380,0
2022-06-09 15:59:00,380,380,380,380,0
2022-06-10 09:00:00,380,370,382,376,0
2022-06-10 09:01:00,374,370,374,372,368400
2022-06-10 09:02:00,372,372,384,384,1145000
2022-06-10 09:03:00,384,384,386,384,1211400
2022-06-10 09:04:00,386,374,386,374,1334000
2022-06-10 09:05:00,376,376,386,386,1280900
2022-06-10 09:06:00,384,384,386,386,406600
2022-06-10 09:07:00,386,378,386,378,1110700
2022-06-10 09:08:00,380,380,382,380,234100
2022-06-10 09:09:00,380,378,382,382,239300
2022-06-10 09:10:00,382,380,382,382,194100
2022-06-10 09:11:00,382,380,382,382,135700
2022-06-10 09:12:00,382,378,382,380,713900
2022-06-10 09:13:00,378,378,380,380,271300
2022-06-10 09:14:00,380,380,382,382,242500
2022-06-10 09:15:00,382,382,382,382,55900
2022-06-10 09:16:00,382,380,382,380,158100
2022-06-10 09:17:00,380,380,382,380,280500
2022-06-10 09:18:00,380,380,380,380,171300
2022-06-10 09:19:00,380,378,380,378,501000
2022-06-10 09:20:00,378,378,382,380,555900
2022-06-10 09:21:00,380,380,382,380,192800
2022-06-10 09:22:00,380,378,380,380,479400
2022-06-10 09:23:00,380,380,380,380,170800
2022-06-10 09:24:00,382,382,382,382,391400
2022-06-10 09:25:00,384,382,384,384,160000
2022-06-10 09:26:00,384,382,386,384,526300
2022-06-10 09:27:00,386,384,390,390,2270400
2022-06-10 09:28:00,390,388,394,388,2355000
2022-06-10 09:29:00,388,388,396,394,2736100
2022-06-10 09:30:00,394,394,398,398,4782900
2022-06-10 09:31:00,398,396,404,402,6064000
2022-06-10 09:32:00,402,398,404,398,3435200
2022-06-10 09:33:00,398,396,400,396,1738600
2022-06-10 09:34:00,398,388,398,394,5007700
2022-06-10 09:35:00,394,392,398,396,2894000
2022-06-10 09:36:00,396,396,402,398,4757400
2022-06-10 09:37:00,396,394,398,396,1342500
2022-06-10 09:38:00,396,396,398,398,639500
2022-06-10 09:39:00,398,396,398,396,568400
2022-06-10 09:40:00,396,394,396,394,404700
2022-06-10 09:41:00,396,394,396,396,1225000
2022-06-10 09:42:00,394,394,396,396,603400
2022-06-10 09:43:00,396,394,398,398,150600
2022-06-10 09:44:00,398,396,398,398,522000
2022-06-10 09:45:00,398,396,398,396,257400
2022-06-10 09:46:00,396,396,396,396,562500
2022-06-10 09:47:00,396,396,398,396,110000
2022-06-10 09:48:00,398,398,400,400,1417600
2022-06-10 09:49:00,398,398,400,398,308800
2022-06-10 09:50:00,398,398,400,398,142800
2022-06-10 09:51:00,400,400,400,400,2443800
2022-06-10 09:52:00,400,398,400,400,746800
2022-06-10 09:53:00,400,398,400,400,52400
2022-06-10 09:54:00,400,398,400,398,31000
2022-06-10 09:55:00,400,398,400,400,147700
2022-06-10 09:56:00,398,398,400,400,158800
2022-06-10 09:57:00,398,398,400,400,622700
2022-06-10 09:58:00,400,400,400,400,899600
2022-06-10 09:59:00,400,398,400,400,123800
2022-06-10 10:00:00,400,394,400,394,3078600
2022-06-10 10:01:00,396,392,396,396,1350900
2022-06-10 10:02:00,396,394,396,394,46900
2022-06-10 10:03:00,394,394,396,394,305100
2022-06-10 10:04:00,394,388,394,392,2533700
2022-06-10 10:05:00,392,390,394,394,901600
2022-06-10 10:06:00,394,392,394,394,117400
2022-06-10 10:07:00,392,392,396,394,667800
2022-06-10 10:08:00,394,394,396,396,417700
2022-06-10 10:09:00,396,396,398,398,475800
2022-06-10 10:10:00,398,398,400,398,328000
2022-06-10 10:11:00,398,398,400,400,31000
2022-06-10 10:12:00,400,398,400,400,8500
2022-06-10 10:13:00,398,396,400,398,1149000
2022-06-10 10:14:00,398,398,398,398,175800
2022-06-10 10:15:00,398,398,400,398,579300
2022-06-10 10:16:00,400,400,402,402,1250200
2022-06-10 10:17:00,400,400,402,400,165600
2022-06-10 10:18:00,402,400,402,402,355000
2022-06-10 10:19:00,402,402,406,406,6282400
2022-06-10 10:20:00,406,404,408,408,1474500
2022-06-10 10:21:00,408,404,410,406,2275300
2022-06-10 10:22:00,406,404,408,404,1272700
2022-06-10 10:23:00,406,406,408,408,401600
2022-06-10 10:24:00,408,406,408,408,466900
2022-06-10 10:25:00,406,406,408,408,924600
2022-06-10 10:26:00,406,404,408,404,1658500
2022-06-10 10:27:00,404,404,406,406,147300
2022-06-10 10:28:00,404,404,406,406,148400
2022-06-10 10:29:00,406,404,406,404,77900
2022-06-10 10:30:00,404,402,404,404,643500
2022-06-10 10:31:00,402,402,404,404,65500
2022-06-10 10:32:00,404,402,406,404,576500
2022-06-10 10:33:00,406,404,406,404,577900
2022-06-10 10:34:00,404,402,404,404,99400
2022-06-10 10:35:00,404,398,404,400,2128300
2022-06-10 10:36:00,400,396,402,398,827700
2022-06-10 10:37:00,396,396,398,396,663700
2022-06-10 10:38:00,398,398,400,400,267700
2022-06-10 10:39:00,402,400,402,400,85400
2022-06-10 10:40:00,400,398,400,398,1405500
2022-06-10 10:41:00,396,396,400,400,283000
2022-06-10 10:42:00,400,398,400,398,45200
2022-06-10 10:43:00,398,398,400,398,39000
2022-06-10 10:44:00,400,400,402,402,1571800
2022-06-10 10:45:00,400,400,404,404,865600
2022-06-10 10:46:00,404,404,404,404,73200
2022-06-10 10:47:00,404,402,404,404,573900
2022-06-10 10:48:00,404,402,404,404,46200
2022-06-10 10:49:00,404,398,404,400,157600
2022-06-10 10:50:00,400,400,400,400,54800
2022-06-10 10:51:00,402,400,402,400,619000
2022-06-10 10:52:00,400,400,402,402,106100
2022-06-10 10:53:00,402,400,402,402,31900
2022-06-10 10:54:00,400,396,402,398,5183700
2022-06-10 10:55:00,398,396,398,398,43000
2022-06-10 10:56:00,398,396,398,398,25700
2022-06-10 10:57:00,398,398,398,398,14400
2022-06-10 10:58:00,398,398,400,398,239200
2022-06-10 10:59:00,398,398,398,398,9800
2022-06-10 11:00:00,398,392,398,392,2527300
2022-06-10 11:01:00,394,392,396,394,286700
2022-06-10 11:02:00,396,394,396,394,330500
2022-06-10 11:03:00,394,392,394,392,411600
2022-06-10 11:04:00,394,392,394,392,168000
2022-06-10 11:05:00,392,392,396,396,456000
2022-06-10 11:06:00,396,396,398,398,73400
2022-06-10 11:07:00,398,396,398,398,296800
2022-06-10 11:08:00,398,396,400,396,524200
2022-06-10 11:09:00,396,396,396,396,185900
2022-06-10 11:10:00,396,396,396,396,51700
2022-06-10 11:11:00,396,396,396,396,390200
2022-06-10 11:12:00,396,394,396,394,150800
2022-06-10 11:13:00,394,390,394,392,2116100
2022-06-10 11:14:00,388,388,390,390,329500
2022-06-10 11:15:00,390,388,394,392,145800
2022-06-10 11:16:00,394,392,394,392,571600
2022-06-10 11:17:00,392,390,392,392,255000
2022-06-10 11:18:00,392,390,392,392,60600
2022-06-10 11:19:00,392,390,392,390,354900
2022-06-10 11:20:00,392,388,392,388,234200
2022-06-10 11:21:00,388,382,388,384,2872400
2022-06-10 11:22:00,384,384,386,384,325700
2022-06-10 11:23:00,386,384,386,386,6197700
2022-06-10 11:24:00,386,386,392,392,1212600
2022-06-10 11:25:00,388,388,392,390,197200
2022-06-10 11:26:00,388,386,388,388,446600
2022-06-10 11:27:00,388,386,390,388,329500
2022-06-10 11:28:00,388,388,390,388,108700
2022-06-10 11:29:00,388,388,390,390,1028200
2022-06-10 11:30:00,388,388,390,390,0
2022-06-10 11:31:00,388,388,390,390,0
2022-06-10 11:32:00,388,388,390,390,0
2022-06-10 11:33:00,388,388,390,390,0
2022-06-10 11:34:00,388,388,390,390,0
2022-06-10 11:35:00,388,388,390,390,0
2022-06-10 11:36:00,388,388,390,390,0
2022-06-10 11:37:00,388,388,390,390,0
2022-06-10 11:38:00,388,388,390,390,0
2022-06-10 11:39:00,388,388,390,390,0
2022-06-10 11:40:00,388,388,390,390,0
2022-06-10 11:41:00,388,388,390,390,0
2022-06-10 11:42:00,388,388,390,390,0
2022-06-10 11:43:00,388,388,390,390,0
2022-06-10 11:44:00,388,388,390,390,0
2022-06-10 11:45:00,388,388,390,390,0
2022-06-10 11:46:00,388,388,390,390,0
2022-06-10 11:47:00,388,388,390,390,0
2022-06-10 11:48:00,388,388,390,390,0
2022-06-10 11:49:00,388,388,390,390,0
2022-06-10 11:50:00,388,388,390,390,0
2022-06-10 11:51:00,388,388,390,390,0
2022-06-10 11:52:00,388,388,390,390,0
2022-06-10 11:53:00,388,388,390,390,0
2022-06-10 11:54:00,388,388,390,390,0
2022-06-10 11:55:00,388,388,390,390,0
2022-06-10 11:56:00,388,388,390,390,0
2022-06-10 11:57:00,388,388,390,390,0
2022-06-10 11:58:00,388,388,390,390,0
2022-06-10 11:59:00,388,388,390,390,0
2022-06-10 12:00:00,388,388,390,390,0
2022-06-10 12:01:00,388,388,390,390,0
2022-06-10 12:02:00,388,388,390,390,0
2022-06-10 12:03:00,388,388,390,390,0
2022-06-10 12:04:00,388,388,390,390,0
2022-06-10 12:05:00,388,388,390,390,0
2022-06-10 12:06:00,388,388,390,390,0
2022-06-10 12:07:00,388,388,390,390,0
2022-06-10 12:08:00,388,388,390,390,0
2022-06-10 12:09:00,388,388,390,390,0
2022-06-10 12:10:00,388,388,390,390,0
2022-06-10 12:11:00,388,388,390,390,0
2022-06-10 12:12:00,388,388,390,390,0
2022-06-10 12:13:00,388,388,390,390,0
2022-06-10 12:14:00,388,388,390,390,0
2022-06-10 12:15:00,388,388,390,390,0
2022-06-10 12:16:00,388,388,390,390,0
2022-06-10 12:17:00,388,388,390,390,0
2022-06-10 12:18:00,388,388,390,390,0
2022-06-10 12:19:00,388,388,390,390,0
2022-06-10 12:20:00,388,388,390,390,0
2022-06-10 12:21:00,388,388,390,390,0
2022-06-10 12:22:00,388,388,390,390,0
2022-06-10 12:23:00,388,388,390,390,0
2022-06-10 12:24:00,388,388,390,390,0
2022-06-10 12:25:00,388,388,390,390,0
2022-06-10 12:26:00,388,388,390,390,0
2022-06-10 12:27:00,388,388,390,390,0
2022-06-10 12:28:00,388,388,390,390,0
2022-06-10 12:29:00,388,388,390,390,0
2022-06-10 12:30:00,388,388,390,390,0
2022-06-10 12:31:00,388,388,390,390,0
2022-06-10 12:32:00,388,388,390,390,0
2022-06-10 12:33:00,388,388,390,390,0
2022-06-10 12:34:00,388,388,390,390,0
2022-06-10 12:35:00,388,388,390,390,0
2022-06-10 12:36:00,388,388,390,390,0
2022-06-10 12:37:00,388,388,390,390,0
2022-06-10 12:38:00,388,388,390,390,0
2022-06-10 12:39:00,388,388,390,390,0
2022-06-10 12:40:00,388,388,390,390,0
2022-06-10 12:41:00,388,388,390,390,0
2022-06-10 12:42:00,388,388,390,390,0
2022-06-10 12:43:00,388,388,390,390,0
2022-06-10 12:44:00,388,388,390,390,0
2022-06-10 12:45:00,388,388,390,390,0
2022-06-10 12:46:00,388,388,390,390,0
2022-06-10 12:47:00,388,388,390,390,0
2022-06-10 12:48:00,388,388,390,390,0
2022-06-10 12:49:00,388,388,390,390,0
2022-06-10 12:50:00,388,388,390,390,0
2022-06-10 12:51:00,388,388,390,390,0
2022-06-10 12:52:00,388,388,390,390,0
2022-06-10 12:53:00,388,388,390,390,0
2022-06-10 12:54:00,388,388,390,390,0
2022-06-10 12:55:00,388,388,390,390,0
2022-06-10 12:56:00,388,388,390,390,0
2022-06-10 12:57:00,388,388,390,390,0
2022-06-10 12:58:00,388,388,390,390,0
2022-06-10 12:59:00,388,388,390,390,0
2022-06-10 13:00:00,388,388,390,390,0
2022-06-10 13:01:00,388,388,390,390,0
2022-06-10 13:02:00,388,388,390,390,0
2022-06-10 13:03:00,388,388,390,390,0
2022-06-10 13:04:00,388,388,390,390,0
2022-06-10 13:05:00,388,388,390,390,0
2022-06-10 13:06:00,388,388,390,390,0
2022-06-10 13:07:00,388,388,390,390,0
2022-06-10 13:08:00,388,388,390,390,0
2022-06-10 13:09:00,388,388,390,390,0
2022-06-10 13:10:00,388,388,390,390,0
2022-06-10 13:11:00,388,388,390,390,0
2022-06-10 13:12:00,388,388,390,390,0
2022-06-10 13:13:00,388,388,390,390,0
2022-06-10 13:14:00,388,388,390,390,0
2022-06-10 13:15:00,388,388,390,390,0
2022-06-10 13:16:00,388,388,390,390,0
2022-06-10 13:17:00,388,388,390,390,0
2022-06-10 13:18:00,388,388,390,390,0
2022-06-10 13:19:00,388,388,390,390,0
2022-06-10 13:20:00,388,388,390,390,0
2022-06-10 13:21:00,388,388,390,390,0
2022-06-10 13:22:00,388,388,390,390,0
2022-06-10 13:23:00,388,388,390,390,0
2022-06-10 13:24:00,388,388,390,390,0
2022-06-10 13:25:00,388,388,390,390,0
2022-06-10 13:26:00,388,388,390,390,0
2022-06-10 13:27:00,388,388,390,390,0
2022-06-10 13:28:00,388,388,390,390,0
2022-06-10 13:29:00,388,388,390,390,0
2022-06-10 13:30:00,388,380,390,390,4962500
2022-06-10 13:31:00,390,388,390,390,219500
2022-06-10 13:32:00,390,388,390,388,161400
2022-06-10 13:33:00,388,386,390,386,48000
2022-06-10 13:34:00,386,386,386,386,193200
2022-06-10 13:35:00,386,384,386,384,630200
2022-06-10 13:36:00,384,376,384,376,2971000
2022-06-10 13:37:00,376,376,384,378,1411100
2022-06-10 13:38:00,378,376,380,378,585800
2022-06-10 13:39:00,378,378,382,380,197000
2022-06-10 13:40:00,380,380,384,380,562300
2022-06-10 13:41:00,380,378,380,380,215000
2022-06-10 13:42:00,378,376,378,378,958800
2022-06-10 13:43:00,378,374,378,374,890500
2022-06-10 13:44:00,374,372,376,374,1844400
2022-06-10 13:45:00,374,372,376,376,464800
2022-06-10 13:46:00,376,374,378,374,288400
2022-06-10 13:47:00,374,374,376,374,379100
2022-06-10 13:48:00,374,372,374,372,117000
2022-06-10 13:49:00,372,372,376,376,160400
2022-06-10 13:50:00,376,374,378,374,399900
2022-06-10 13:51:00,374,374,374,374,474700
2022-06-10 13:52:00,374,372,374,374,64800
2022-06-10 13:53:00,372,368,374,368,2399000
2022-06-10 13:54:00,368,368,370,370,1155100
2022-06-10 13:55:00,368,368,372,370,817300
2022-06-10 13:56:00,370,368,372,372,499000
2022-06-10 13:57:00,374,372,374,372,172900
2022-06-10 13:58:00,372,372,374,374,26000
2022-06-10 13:59:00,374,372,376,374,390000
2022-06-10 14:00:00,374,374,374,374,471900
2022-06-10 14:01:00,376,376,376,376,345200
2022-06-10 14:02:00,376,376,378,378,471500
2022-06-10 14:03:00,378,378,382,382,719900
2022-06-10 14:04:00,382,380,384,382,712400
2022-06-10 14:05:00,384,380,384,380,420900
2022-06-10 14:06:00,380,380,380,380,287500
2022-06-10 14:07:00,380,380,380,380,660900
2022-06-10 14:08:00,380,380,382,382,23100
2022-06-10 14:09:00,382,380,382,382,26600
2022-06-10 14:10:00,382,378,382,378,992600
2022-06-10 14:11:00,380,378,380,378,90300
2022-06-10 14:12:00,378,378,378,378,133100
2022-06-10 14:13:00,378,376,378,378,614100
2022-06-10 14:14:00,376,376,380,380,205200
2022-06-10 14:15:00,378,378,380,380,31200
2022-06-10 14:16:00,380,378,380,378,1100
2022-06-10 14:17:00,380,380,380,380,2000
2022-06-10 14:18:00,378,378,378,378,196900
2022-06-10 14:19:00,378,376,378,378,57300
2022-06-10 14:20:00,378,374,378,374,277700
2022-06-10 14:21:00,374,374,376,376,31900
2022-06-10 14:22:00,374,374,376,376,133000
2022-06-10 14:23:00,376,374,376,376,65400
2022-06-10 14:24:00,374,374,376,376,169000
2022-06-10 14:25:00,376,376,376,376,20900
2022-06-10 14:26:00,376,374,376,374,423000
2022-06-10 14:27:00,374,372,374,374,211300
2022-06-10 14:28:00,374,372,374,374,72700
2022-06-10 14:29:00,374,372,374,372,77300
2022-06-10 14:30:00,372,372,374,374,69500
2022-06-10 14:31:00,374,372,374,374,152800
2022-06-10 14:32:00,374,374,374,374,50900
2022-06-10 14:33:00,374,374,374,374,358800
2022-06-10 14:34:00,374,372,374,374,82600
2022-06-10 14:35:00,374,372,374,374,89400
2022-06-10 14:36:00,374,374,374,374,57300
2022-06-10 14:37:00,374,374,374,374,21100
2022-06-10 14:38:00,374,374,374,374,9700
2022-06-10 14:39:00,374,374,376,376,20300
2022-06-10 14:40:00,376,374,376,374,646400
2022-06-10 14:41:00,374,374,376,374,174300
2022-06-10 14:42:00,374,374,376,374,189900
2022-06-10 14:43:00,374,374,374,374,35100
2022-06-10 14:44:00,376,374,376,374,226600
2022-06-10 14:45:00,374,372,374,372,102400
2022-06-10 14:46:00,372,372,374,374,657400
2022-06-10 14:47:00,374,372,376,376,271200
2022-06-10 14:48:00,378,376,378,378,450900
2022-06-10 14:49:00,378,372,380,374,1243200
2022-06-10 14:50:00,378,372,380,374,0
2022-06-10 14:51:00,378,372,380,374,0
2022-06-10 14:52:00,378,372,380,374,0
2022-06-10 14:53:00,378,372,380,374,0
2022-06-10 14:54:00,378,372,380,374,0
2022-06-10 14:55:00,378,372,380,374,0
2022-06-10 14:56:00,378,372,380,374,0
2022-06-10 14:57:00,378,372,380,374,0
2022-06-10 14:58:00,378,372,380,374,0
2022-06-10 14:59:00,378,372,380,374,0
2022-06-10 15:00:00,374,374,374,374,1474700
2022-06-10 15:01:00,374,374,374,374,710300
2022-06-10 15:02:00,374,374,374,374,165900
2022-06-10 15:03:00,374,374,374,374,12700
2022-06-10 15:04:00,374,374,374,374,17900
2022-06-10 15:05:00,374,374,374,374,29300
2022-06-10 15:06:00,374,374,374,374,1000
2022-06-10 15:07:00,374,374,374,374,11000
2022-06-10 15:08:00,374,374,374,374,300500
2022-06-10 15:09:00,374,374,374,374,27400
2022-06-10 15:10:00,374,374,374,374,40000
2022-06-10 15:11:00,374,374,374,374,0
2022-06-10 15:12:00,374,374,374,374,75000
2022-06-10 15:13:00,374,374,374,374,510000
2022-06-10 15:14:00,374,374,374,374,203500
2022-06-10 15:15:00,374,374,374,374,0
2022-06-10 15:16:00,374,374,374,374,0
2022-06-10 15:17:00,374,374,374,374,0
2022-06-10 15:18:00,374,374,374,374,0
2022-06-10 15:19:00,374,374,374,374,0
2022-06-10 15:20:00,374,374,374,374,0
2022-06-10 15:21:00,374,374,374,374,0
2022-06-10 15:22:00,374,374,374,374,0
2022-06-10 15:23:00,374,374,374,374,0
2022-06-10 15:24:00,374,374,374,374,0
2022-06-10 15:25:00,374,374,374,374,0
2022-06-10 15:26:00,374,374,374,374,0
2022-06-10 15:27:00,374,374,374,374,0
2022-06-10 15:28:00,374,374,374,374,0
2022-06-10 15:29:00,374,374,374,374,0
2022-06-10 15:30:00,374,374,374,374,0
2022-06-10 15:31:00,374,374,374,374,0
2022-06-10 15:32:00,374,374,374,374,0
2022-06-10 15:33:00,374,374,374,374,0
2022-06-10 15:34:00,374,374,374,374,0
2022-06-10 15:35:00,374,374,374,374,0
2022-06-10 15:36:00,374,374,374,374,0
2022-06-10 15:37:00,374,374,374,374,0
2022-06-10 15:38:00,374,374,374,374,0
2022-06-10 15:39:00,374,374,374,374,0
2022-06-10 15:40:00,374,374,374,374,0
2022-06-10 15:41:00,374,374,374,374,0
2022-06-10 15:42:00,374,374,374,374,0
2022-06-10 15:43:00,374,374,374,374,0
2022-06-10 15:44:00,374,374,374,374,0
2022-06-10 15:45:00,374,374,374,374,0
2022-06-10 15:46:00,374,374,374,374,0
2022-06-10 15:47:00,374,374,374,374,0
2022-06-10 15:48:00,374,374,374,374,0
2022-06-10 15:49:00,374,374,374,374,0
2022-06-10 15:50:00,374,374,374,374,0
2022-06-10 15:51:00,374,374,374,374,0
2022-06-10 15:52:00,374,374,374,374,0
2022-06-10 15:53:00,374,374,374,374,0
2022-06-10 15:54:00,374,374,374,374,0
2022-06-10 15:55:00,374,374,374,374,0
2022-06-10 15:56:00,374,374,374,374,0
2022-06-10 15:57:00,374,374,374,374,0
2022-06-10 15:58:00,374,374,374,374,0
2022-06-10 15:59:00,374,374,374,374,0
2022-06-13 09:00:00,372,356,372,358,0
2022-06-13 09:01:00,358,354,360,356,1891100
2022-06-13 09:02:00,356,356,360,358,1147000
2022-06-13 09:03:00,360,356,368,368,1132600
2022-06-13 09:04:00,366,366,370,368,1050200
2022-06-13 09:05:00,368,368,372,368,2109100
2022-06-13 09:06:00,368,368,370,370,498500
2022-06-13 09:07:00,370,366,370,366,130000
2022-06-13 09:08:00,366,366,368,366,265300
2022-06-13 09:09:00,366,364,366,364,746900
2022-06-13 09:10:00,364,358,364,358,1530900
2022-06-13 09:11:00,360,358,362,360,535500
2022-06-13 09:12:00,358,358,362,362,461900
2022-06-13 09:13:00,362,360,362,362,417300
2022-06-13 09:14:00,360,360,362,362,205000
2022-06-13 09:15:00,362,360,362,360,668100
2022-06-13 09:16:00,360,360,362,360,96800
2022-06-13 09:17:00,360,360,360,360,385900
2022-06-13 09:18:00,360,360,362,362,29400
2022-06-13 09:19:00,362,360,362,362,211300
2022-06-13 09:20:00,362,362,372,370,1019400
2022-06-13 09:21:00,366,366,372,372,225900
2022-06-13 09:22:00,370,368,370,370,119700
2022-06-13 09:23:00,368,368,368,368,25400
2022-06-13 09:24:00,368,366,368,368,238100
2022-06-13 09:25:00,366,364,368,366,321000
2022-06-13 09:26:00,364,364,366,364,229300
2022-06-13 09:27:00,364,362,364,362,190300
2022-06-13 09:28:00,362,362,364,364,142800
2022-06-13 09:29:00,364,362,366,364,372600
2022-06-13 09:30:00,364,364,366,364,161600
2022-06-13 09:31:00,366,364,366,366,62600
2022-06-13 09:32:00,366,366,368,368,8300
2022-06-13 09:33:00,366,366,366,366,88600
2022-06-13 09:34:00,366,364,366,364,78800
2022-06-13 09:35:00,364,362,364,362,14600
2022-06-13 09:36:00,362,362,362,362,117600
2022-06-13 09:37:00,362,362,362,362,28500
2022-06-13 09:38:00,362,362,364,362,405100
2022-06-13 09:39:00,362,362,362,362,132000
2022-06-13 09:40:00,364,364,364,364,212300
2022-06-13 09:41:00,366,364,366,366,43200
2022-06-13 09:42:00,366,366,366,366,123400
2022-06-13 09:43:00,366,364,366,364,83800
2022-06-13 09:44:00,364,364,366,366,151700
2022-06-13 09:45:00,364,364,364,364,227500
2022-06-13 09:46:00,364,362,364,362,239600
2022-06-13 09:47:00,362,362,364,364,4900
2022-06-13 09:48:00,362,362,364,364,43200
2022-06-13 09:49:00,362,362,362,362,93100
2022-06-13 09:50:00,362,362,362,362,209700
2022-06-13 09:51:00,362,360,362,360,723000
2022-06-13 09:52:00,360,360,360,360,32300
2022-06-13 09:53:00,360,360,362,362,20800
2022-06-13 09:54:00,362,360,364,362,235500
2022-06-13 09:55:00,364,364,364,364,69500
2022-06-13 09:56:00,364,360,364,364,63900
2022-06-13 09:57:00,364,362,364,364,4700
2022-06-13 09:58:00,364,364,364,364,1100
2022-06-13 09:59:00,364,362,364,362,15100
2022-06-13 10:00:00,362,362,364,362,73300
2022-06-13 10:01:00,362,362,364,364,51900
2022-06-13 10:02:00,364,362,364,362,29500
2022-06-13 10:03:00,362,362,362,362,2300
2022-06-13 10:04:00,364,364,364,364,200000
2022-06-13 10:05:00,362,360,362,360,378900
2022-06-13 10:06:00,360,360,362,362,167900
2022-06-13 10:07:00,362,362,362,362,10000
2022-06-13 10:08:00,360,360,360,360,337800
2022-06-13 10:09:00,360,360,362,362,257600
2022-06-13 10:10:00,360,360,360,360,23400
2022-06-13 10:11:00,360,360,360,360,9600
2022-06-13 10:12:00,360,358,362,358,894200
2022-06-13 10:13:00,358,358,358,358,370200
2022-06-13 10:14:00,358,358,360,358,220600
2022-06-13 10:15:00,358,354,358,354,501100
2022-06-13 10:16:00,354,354,360,358,1188900
2022-06-13 10:17:00,360,358,360,358,102400
2022-06-13 10:18:00,356,356,358,358,63200
2022-06-13 10:19:00,356,356,358,356,10400
2022-06-13 10:20:00,356,354,358,354,1779500
2022-06-13 10:21:00,354,352,354,354,663000
2022-06-13 10:22:00,354,348,354,350,7274700
2022-06-13 10:23:00,348,348,354,350,1379600
2022-06-13 10:24:00,350,348,350,350,937400
2022-06-13 10:25:00,352,350,352,350,289300
2022-06-13 10:26:00,350,350,352,352,105400
2022-06-13 10:27:00,352,350,352,352,187000
2022-06-13 10:28:00,350,350,354,354,238500
2022-06-13 10:29:00,354,352,354,354,15800
2022-06-13 10:30:00,354,352,354,354,94800
2022-06-13 10:31:00,354,350,354,352,924300
2022-06-13 10:32:00,352,350,354,352,152000
2022-06-13 10:33:00,350,350,350,350,30800
2022-06-13 10:34:00,350,350,352,350,341500
2022-06-13 10:35:00,350,350,352,350,192000
2022-06-13 10:36:00,350,350,350,350,509100
2022-06-13 10:37:00,350,350,352,350,349600
2022-06-13 10:38:00,350,350,350,350,124500
2022-06-13 10:39:00,350,350,350,350,151000
2022-06-13 10:40:00,350,348,350,348,43700
2022-06-13 10:41:00,348,348,350,350,971100
2022-06-13 10:42:00,348,348,350,348,109400
2022-06-13 10:43:00,350,348,350,350,128400
2022-06-13 10:44:00,348,348,350,348,375800
2022-06-13 10:45:00,348,348,350,348,475400
2022-06-13 10:46:00,348,348,350,348,466400
2022-06-13 10:47:00,348,348,350,348,227700
2022-06-13 10:48:00,348,348,350,348,63200
2022-06-13 10:49:00,348,348,350,348,1639300
2022-06-13 10:50:00,348,348,348,348,10000
2022-06-13 10:51:00,348,348,348,348,0
2022-06-13 10:52:00,348,348,348,348,520200
2022-06-13 10:53:00,348,348,348,348,54500
2022-06-13 10:54:00,348,348,348,348,21800
2022-06-13 10:55:00,348,348,348,348,6100
2022-06-13 10:56:00,348,348,348,348,5300
2022-06-13 10:57:00,348,348,348,348,305800
2022-06-13 10:58:00,348,348,348,348,490600
2022-06-13 10:59:00,348,348,348,348,25500
2022-06-13 11:00:00,348,348,348,348,50000
2022-06-13 11:01:00,348,348,348,348,807200
2022-06-13 11:02:00,348,348,350,348,59800
2022-06-13 11:03:00,348,348,350,350,162800
2022-06-13 11:04:00,348,348,348,348,122100
2022-06-13 11:05:00,348,348,348,348,10500
2022-06-13 11:06:00,348,348,348,348,15600
2022-06-13 11:07:00,348,348,348,348,50800
2022-06-13 11:08:00,348,348,348,348,215700
2022-06-13 11:09:00,348,348,348,348,181300
2022-06-13 11:10:00,350,348,350,348,18100
2022-06-13 11:11:00,348,348,348,348,312000
2022-06-13 11:12:00,348,348,348,348,1000
2022-06-13 11:13:00,350,348,350,350,65600
2022-06-13 11:14:00,348,348,350,350,8300
2022-06-13 11:15:00,348,348,352,350,1417700
2022-06-13 11:16:00,350,350,352,352,78000
2022-06-13 11:17:00,352,348,352,348,1344100
2022-06-13 11:18:00,348,348,348,348,2100
2022-06-13 11:19:00,348,348,348,348,700
2022-06-13 11:20:00,348,348,348,348,46700
2022-06-13 11:21:00,348,348,348,348,3000
2022-06-13 11:22:00,348,348,348,348,200
2022-06-13 11:23:00,348,348,348,348,700
2022-06-13 11:24:00,348,348,348,348,1800
2022-06-13 11:25:00,348,348,348,348,500
2022-06-13 11:26:00,348,348,348,348,1000
2022-06-13 11:27:00,348,348,348,348,25800
2022-06-13 11:28:00,348,348,348,348,100
2022-06-13 11:29:00,348,348,348,348,300
2022-06-13 11:30:00,348,348,348,348,0
2022-06-13 11:31:00,348,348,348,348,0
2022-06-13 11:32:00,348,348,348,348,0
2022-06-13 11:33:00,348,348,348,348,0
2022-06-13 11:34:00,348,348,348,348,0
2022-06-13 11:35:00,348,348,348,348,0
2022-06-13 11:36:00,348,348,348,348,0
2022-06-13 11:37:00,348,348,348,348,0
2022-06-13 11:38:00,348,348,348,348,0
2022-06-13 11:39:00,348,348,348,348,0
2022-06-13 11:40:00,348,348,348,348,0
2022-06-13 11:41:00,348,348,348,348,0
2022-06-13 11:42:00,348,348,348,348,0
2022-06-13 11:43:00,348,348,348,348,0
2022-06-13 11:44:00,348,348,348,348,0
2022-06-13 11:45:00,348,348,348,348,0
2022-06-13 11:46:00,348,348,348,348,0
2022-06-13 11:47:00,348,348,348,348,0
2022-06-13 11:48:00,348,348,348,348,0
2022-06-13 11:49:00,348,348,348,348,0
2022-06-13 11:50:00,348,348,348,348,0
2022-06-13 11:51:00,348,348,348,348,0
2022-06-13 11:52:00,348,348,348,348,0
2022-06-13 11:53:00,348,348,348,348,0
2022-06-13 11:54:00,348,348,348,348,0
2022-06-13 11:55:00,348,348,348,348,0
2022-06-13 11:56:00,348,348,348,348,0
2022-06-13 11:57:00,348,348,348,348,0
2022-06-13 11:58:00,348,348,348,348,0
2022-06-13 11:59:00,348,348,348,348,0
2022-06-13 12:00:00,348,348,348,348,0
2022-06-13 12:01:00,348,348,348,348,0
2022-06-13 12:02:00,348,348,348,348,0
2022-06-13 12:03:00,348,348,348,348,0
2022-06-13 12:04:00,348,348,348,348,0
2022-06-13 12:05:00,348,348,348,348,0
2022-06-13 12:06:00,348,348,348,348,0
2022-06-13 12:07:00,348,348,348,348,0
2022-06-13 12:08:00,348,348,348,348,0
2022-06-13 12:09:00,348,348,348,348,0
2022-06-13 12:10:00,348,348,348,348,0
2022-06-13 12:11:00,348,348,348,348,0
2022-06-13 12:12:00,348,348,348,348,0
2022-06-13 12:13:00,348,348,348,348,0
2022-06-13 12:14:00,348,348,348,348,0
2022-06-13 12:15:00,348,348,348,348,0
2022-06-13 12:16:00,348,348,348,348,0
2022-06-13 12:17:00,348,348,348,348,0
2022-06-13 12:18:00,348,348,348,348,0
2022-06-13 12:19:00,348,348,348,348,0
2022-06-13 12:20:00,348,348,348,348,0
2022-06-13 12:21:00,348,348,348,348,0
2022-06-13 12:22:00,348,348,348,348,0
2022-06-13 12:23:00,348,348,348,348,0
2022-06-13 12:24:00,348,348,348,348,0
2022-06-13 12:25:00,348,348,348,348,0
2022-06-13 12:26:00,348,348,348,348,0
2022-06-13 12:27:00,348,348,348,348,0
2022-06-13 12:28:00,348,348,348,348,0
2022-06-13 12:29:00,348,348,348,348,0
2022-06-13 12:30:00,348,348,348,348,0
2022-06-13 12:31:00,348,348,348,348,0
2022-06-13 12:32:00,348,348,348,348,0
2022-06-13 12:33:00,348,348,348,348,0
2022-06-13 12:34:00,348,348,348,348,0
2022-06-13 12:35:00,348,348,348,348,0
2022-06-13 12:36:00,348,348,348,348,0
2022-06-13 12:37:00,348,348,348,348,0
2022-06-13 12:38:00,348,348,348,348,0
2022-06-13 12:39:00,348,348,348,348,0
2022-06-13 12:40:00,348,348,348,348,0
2022-06-13 12:41:00,348,348,348,348,0
2022-06-13 12:42:00,348,348,348,348,0
2022-06-13 12:43:00,348,348,348,348,0
2022-06-13 12:44:00,348,348,348,348,0
2022-06-13 12:45:00,348,348,348,348,0
2022-06-13 12:46:00,348,348,348,348,0
2022-06-13 12:47:00,348,348,348,348,0
2022-06-13 12:48:00,348,348,348,348,0
2022-06-13 12:49:00,348,348,348,348,0
2022-06-13 12:50:00,348,348,348,348,0
2022-06-13 12:51:00,348,348,348,348,0
2022-06-13 12:52:00,348,348,348,348,0
2022-06-13 12:53:00,348,348,348,348,0
2022-06-13 12:54:00,348,348,348,348,0
2022-06-13 12:55:00,348,348,348,348,0
2022-06-13 12:56:00,348,348,348,348,0
2022-06-13 12:57:00,348,348,348,348,0
2022-06-13 12:58:00,348,348,348,348,0
2022-06-13 12:59:00,348,348,348,348,0
2022-06-13 13:00:00,348,348,348,348,0
2022-06-13 13:01:00,348,348,348,348,0
2022-06-13 13:02:00,348,348,348,348,0
2022-06-13 13:03:00,348,348,348,348,0
2022-06-13 13:04:00,348,348,348,348,0
2022-06-13 13:05:00,348,348,348,348,0
2022-06-13 13:06:00,348,348,348,348,0
2022-06-13 13:07:00,348,348,348,348,0
2022-06-13 13:08:00,348,348,348,348,0
2022-06-13 13:09:00,348,348,348,348,0
2022-06-13 13:10:00,348,348,348,348,0
2022-06-13 13:11:00,348,348,348,348,0
2022-06-13 13:12:00,348,348,348,348,0
2022-06-13 13:13:00,348,348,348,348,0
2022-06-13 13:14:00,348,348,348,348,0
2022-06-13 13:15:00,348,348,348,348,0
2022-06-13 13:16:00,348,348,348,348,0
2022-06-13 13:17:00,348,348,348,348,0
2022-06-13 13:18:00,348,348,348,348,0
2022-06-13 13:19:00,348,348,348,348,0
2022-06-13 13:20:00,348,348,348,348,0
2022-06-13 13:21:00,348,348,348,348,0
2022-06-13 13:22:00,348,348,348,348,0
2022-06-13 13:23:00,348,348,348,348,0
2022-06-13 13:24:00,348,348,348,348,0
2022-06-13 13:25:00,348,348,348,348,0
2022-06-13 13:26:00,348,348,348,348,0
2022-06-13 13:27:00,348,348,348,348,0
2022-06-13 13:28:00,348,348,348,348,0
2022-06-13 13:29:00,348,348,348,348,0
2022-06-13 13:30:00,348,348,348,348,280300
2022-06-13 13:31:00,348,348,348,348,1500
2022-06-13 13:32:00,348,348,348,348,0
2022-06-13 13:33:00,348,348,348,348,3100
2022-06-13 13:34:00,348,348,348,348,5000
2022-06-13 13:35:00,348,348,348,348,1000
2022-06-13 13:36:00,348,348,348,348,100
2022-06-13 13:37:00,348,348,348,348,200
2022-06-13 13:38:00,348,348,348,348,0
2022-06-13 13:39:00,348,348,348,348,100
2022-06-13 13:40:00,348,348,348,348,111000
2022-06-13 13:41:00,348,348,348,348,1000
2022-06-13 13:42:00,348,348,348,348,100
2022-06-13 13:43:00,348,348,348,348,0
2022-06-13 13:44:00,348,348,348,348,1000
2022-06-13 13:45:00,348,348,348,348,1600
2022-06-13 13:46:00,348,348,348,348,2400
2022-06-13 13:47:00,348,348,348,348,100
2022-06-13 13:48:00,348,348,348,348,0
2022-06-13 13:49:00,348,348,348,348,0
2022-06-13 13:50:00,348,348,348,348,0
2022-06-13 13:51:00,348,348,348,348,0
2022-06-13 13:52:00,348,348,348,348,3000
2022-06-13 13:53:00,348,348,348,348,100
2022-06-13 13:54:00,348,348,348,348,14400
2022-06-13 13:55:00,348,348,348,348,1000100
2022-06-13 13:56:00,348,348,348,348,5000
2022-06-13 13:57:00,348,348,348,348,0
2022-06-13 13:58:00,348,348,348,348,1000
2022-06-13 13:59:00,348,348,348,348,500
2022-06-13 14:00:00,348,348,348,348,300
2022-06-13 14:01:00,348,348,348,348,0
2022-06-13 14:02:00,348,348,348,348,4500
2022-06-13 14:03:00,348,348,348,348,94300
2022-06-13 14:04:00,348,348,348,348,0
2022-06-13 14:05:00,348,348,348,348,0
2022-06-13 14:06:00,348,348,348,348,1000
2022-06-13 14:07:00,348,348,348,348,0
2022-06-13 14:08:00,348,348,348,348,0
2022-06-13 14:09:00,348,348,348,348,10000
2022-06-13 14:10:00,348,348,348,348,2000
2022-06-13 14:11:00,348,348,348,348,2500
2022-06-13 14:12:00,348,348,348,348,0
2022-06-13 14:13:00,348,348,348,348,0
2022-06-13 14:14:00,348,348,348,348,23400
2022-06-13 14:15:00,348,348,348,348,0
2022-06-13 14:16:00,348,348,348,348,400
2022-06-13 14:17:00,348,348,348,348,12300
2022-06-13 14:18:00,348,348,348,348,500
2022-06-13 14:19:00,348,348,348,348,0
2022-06-13 14:20:00,348,348,348,348,0
2022-06-13 14:21:00,348,348,348,348,1300
2022-06-13 14:22:00,348,348,348,348,200
2022-06-13 14:23:00,348,348,348,348,300
2022-06-13 14:24:00,348,348,348,348,2900
2022-06-13 14:25:00,348,348,348,348,2200
2022-06-13 14:26:00,348,348,348,348,4400
2022-06-13 14:27:00,348,348,348,348,0
2022-06-13 14:28:00,348,348,348,348,1000
2022-06-13 14:29:00,348,348,348,348,30000
2022-06-13 14:30:00,348,348,348,348,1000
2022-06-13 14:31:00,348,348,348,348,100
2022-06-13 14:32:00,348,348,348,348,0
2022-06-13 14:33:00,348,348,348,348,10000
2022-06-13 14:34:00,348,348,348,348,200
2022-06-13 14:35:00,348,348,348,348,1000
2022-06-13 14:36:00,348,348,348,348,20000
2022-06-13 14:37:00,348,348,348,348,0
2022-06-13 14:38:00,348,348,348,348,20000
2022-06-13 14:39:00,348,348,348,348,15800
2022-06-13 14:40:00,348,348,348,348,50000
2022-06-13 14:41:00,348,348,348,348,53000
2022-06-13 14:42:00,348,348,348,348,500
2022-06-13 14:43:00,348,348,348,348,38000
2022-06-13 14:44:00,348,348,348,348,2900
2022-06-13 14:45:00,348,348,348,348,200500
2022-06-13 14:46:00,348,348,348,348,5500
2022-06-13 14:47:00,348,348,348,348,0
2022-06-13 14:48:00,348,348,348,348,300200
2022-06-13 14:49:00,348,348,348,348,0
2022-06-13 14:50:00,348,348,348,348,0
2022-06-13 14:51:00,348,348,348,348,0
2022-06-13 14:52:00,348,348,348,348,0
2022-06-13 14:53:00,348,348,348,348,0
2022-06-13 14:54:00,348,348,348,348,0
2022-06-13 14:55:00,348,348,348,348,0
2022-06-13 14:56:00,348,348,348,348,0
2022-06-13 14:57:00,348,348,348,348,0
2022-06-13 14:58:00,348,348,348,348,0
2022-06-13 14:59:00,348,348,348,348,0
2022-06-13 15:00:00,348,348,348,348,42900
2022-06-13 15:01:00,348,348,348,348,34300
2022-06-13 15:02:00,348,348,348,348,9600
2022-06-13 15:03:00,348,348,348,348,3200
2022-06-13 15:04:00,348,348,348,348,10000
2022-06-13 15:05:00,348,348,348,348,16000
2022-06-13 15:06:00,348,348,348,348,0
2022-06-13 15:07:00,348,348,348,348,0
2022-06-13 15:08:00,348,348,348,348,17900
2022-06-13 15:09:00,348,348,348,348,7200
2022-06-13 15:10:00,348,348,348,348,18600
2022-06-13 15:11:00,348,348,348,348,61300
2022-06-13 15:12:00,348,348,348,348,1300
2022-06-13 15:13:00,348,348,348,348,0
2022-06-13 15:14:00,348,348,348,348,2900
2022-06-13 15:15:00,348,348,348,348,0
2022-06-13 15:16:00,348,348,348,348,0
2022-06-13 15:17:00,348,348,348,348,0
2022-06-13 15:18:00,348,348,348,348,0
2022-06-13 15:19:00,348,348,348,348,0
2022-06-13 15:20:00,348,348,348,348,0
2022-06-13 15:21:00,348,348,348,348,0
2022-06-13 15:22:00,348,348,348,348,0
2022-06-13 15:23:00,348,348,348,348,0
2022-06-13 15:24:00,348,348,348,348,0
2022-06-13 15:25:00,348,348,348,348,0
2022-06-13 15:26:00,348,348,348,348,0
2022-06-13 15:27:00,348,348,348,348,0
2022-06-13 15:28:00,348,348,348,348,0
2022-06-13 15:29:00,348,348,348,348,0
2022-06-13 15:30:00,348,348,348,348,0
2022-06-13 15:31:00,348,348,348,348,0
2022-06-13 15:32:00,348,348,348,348,0
2022-06-13 15:33:00,348,348,348,348,0
2022-06-13 15:34:00,348,348,348,348,0
2022-06-13 15:35:00,348,348,348,348,0
2022-06-13 15:36:00,348,348,348,348,0
2022-06-13 15:37:00,348,348,348,348,0
2022-06-13 15:38:00,348,348,348,348,0
2022-06-13 15:39:00,348,348,348,348,0
2022-06-13 15:40:00,348,348,348,348,0
2022-06-13 15:41:00,348,348,348,348,0
2022-06-13 15:42:00,348,348,348,348,0
2022-06-13 15:43:00,348,348,348,348,0
2022-06-13 15:44:00,348,348,348,348,0
2022-06-13 15:45:00,348,348,348,348,0
2022-06-13 15:46:00,348,348,348,348,0
2022-06-13 15:47:00,348,348,348,348,0
2022-06-13 15:48:00,348,348,348,348,0
2022-06-13 15:49:00,348,348,348,348,0
2022-06-13 15:50:00,348,348,348,348,0
2022-06-13 15:51:00,348,348,348,348,0
2022-06-13 15:52:00,348,348,348,348,0
2022-06-13 15:53:00,348,348,348,348,0
2022-06-13 15:54:00,348,348,348,348,0
2022-06-13 15:55:00,348,348,348,348,0
2022-06-13 15:56:00,348,348,348,348,0
2022-06-13 15:57:00,348,348,348,348,0
2022-06-13 15:58:00,348,348,348,348,0
2022-06-13 15:59:00,348,348,348,348,0
2022-06-14 09:00:00,340,338,344,338,0
2022-06-14 09:01:00,338,336,342,340,618300
2022-06-14 09:02:00,340,332,342,340,2129300
2022-06-14 09:03:00,342,342,356,354,3378500
2022-06-14 09:04:00,354,348,354,348,789100
2022-06-14 09:05:00,352,352,366,362,5483000
2022-06-14 09:06:00,362,356,364,362,2823300
2022-06-14 09:07:00,362,358,364,360,1983300
2022-06-14 09:08:00,360,356,362,358,1576100
2022-06-14 09:09:00,358,354,358,354,1173500
2022-06-14 09:10:00,356,354,358,358,575500
2022-06-14 09:11:00,358,354,358,356,394400
2022-06-14 09:12:00,356,356,358,356,302000
2022-06-14 09:13:00,356,356,358,356,141400
2022-06-14 09:14:00,358,356,358,358,486300
2022-06-14 09:15:00,360,358,360,360,780900
2022-06-14 09:16:00,362,360,364,362,968800
2022-06-14 09:17:00,360,360,366,364,2056500
2022-06-14 09:18:00,364,360,364,362,1202500
2022-06-14 09:19:00,362,360,362,362,267300
2022-06-14 09:20:00,362,360,362,362,262300
2022-06-14 09:21:00,364,362,364,364,174600
2022-06-14 09:22:00,364,358,364,360,524600
2022-06-14 09:23:00,360,358,360,360,1464900
2022-06-14 09:24:00,358,354,360,356,2562400
2022-06-14 09:25:00,356,352,358,356,839900
2022-06-14 09:26:00,358,352,358,354,799700
2022-06-14 09:27:00,356,356,358,356,79100
2022-06-14 09:28:00,356,356,356,356,9400
2022-06-14 09:29:00,356,354,356,356,198800
2022-06-14 09:30:00,356,354,356,356,60500
2022-06-14 09:31:00,356,356,356,356,56600
2022-06-14 09:32:00,356,356,356,356,51500
2022-06-14 09:33:00,358,356,358,356,45100
2022-06-14 09:34:00,358,356,358,358,56900
2022-06-14 09:35:00,356,356,358,356,204800
2022-06-14 09:36:00,356,356,358,358,540000
2022-06-14 09:37:00,356,356,358,358,17900
2022-06-14 09:38:00,358,358,360,358,575400
2022-06-14 09:39:00,358,358,360,360,116000
2022-06-14 09:40:00,360,360,362,362,473600
2022-06-14 09:41:00,362,358,362,360,391200
2022-06-14 09:42:00,360,356,360,358,333000
2022-06-14 09:43:00,358,356,358,358,75300
2022-06-14 09:44:00,356,354,358,354,607000
2022-06-14 09:45:00,356,356,358,356,135300
2022-06-14 09:46:00,356,356,358,358,23900
2022-06-14 09:47:00,356,356,356,356,32800
2022-06-14 09:48:00,356,356,356,356,40100
2022-06-14 09:49:00,356,354,356,356,79500
2022-06-14 09:50:00,354,354,356,354,23100
2022-06-14 09:51:00,354,354,356,354,0
2022-06-14 09:52:00,356,354,356,356,116800
2022-06-14 09:53:00,356,356,356,356,15800
2022-06-14 09:54:00,356,356,358,358,18000
2022-06-14 09:55:00,356,356,358,358,0
2022-06-14 09:56:00,358,356,358,356,248800
2022-06-14 09:57:00,356,356,358,358,30900
2022-06-14 09:58:00,356,354,356,354,140700
2022-06-14 09:59:00,354,354,356,356,13100
2022-06-14 10:00:00,354,354,354,354,332000
2022-06-14 10:01:00,352,350,352,352,1092400
2022-06-14 10:02:00,352,344,352,346,1526400
2022-06-14 10:03:00,346,346,348,346,576500
2022-06-14 10:04:00,348,340,348,344,962700
2022-06-14 10:05:00,344,344,346,344,514000
2022-06-14 10:06:00,344,344,346,346,682300
2022-06-14 10:07:00,346,342,346,342,1434100
2022-06-14 10:08:00,344,342,344,342,234000
2022-06-14 10:09:00,344,342,346,344,153500
2022-06-14 10:10:00,344,342,344,344,98100
2022-06-14 10:11:00,344,344,346,344,30700
2022-06-14 10:12:00,344,344,346,346,56100
2022-06-14 10:13:00,346,346,346,346,97100
2022-06-14 10:14:00,346,346,346,346,23700
2022-06-14 10:15:00,348,346,348,346,416900
2022-06-14 10:16:00,346,346,346,346,5600
2022-06-14 10:17:00,346,346,348,346,115400
2022-06-14 10:18:00,346,340,346,340,2082700
2022-06-14 10:19:00,340,340,344,342,98100
2022-06-14 10:20:00,342,342,342,342,44900
2022-06-14 10:21:00,342,340,342,342,26900
2022-06-14 10:22:00,342,336,342,336,518900
2022-06-14 10:23:00,338,336,338,338,400200
2022-06-14 10:24:00,338,332,338,334,1645500
2022-06-14 10:25:00,334,334,338,336,1054900
2022-06-14 10:26:00,336,336,338,338,369600
2022-06-14 10:27:00,338,338,340,338,173900
2022-06-14 10:28:00,338,338,342,342,339300
2022-06-14 10:29:00,342,340,342,342,54700
2022-06-14 10:30:00,342,340,342,342,69300
2022-06-14 10:31:00,342,340,344,342,179300
2022-06-14 10:32:00,342,340,342,342,120700
2022-06-14 10:33:00,340,338,342,338,479100
2022-06-14 10:34:00,338,336,340,338,112200
2022-06-14 10:35:00,338,338,338,338,112800
2022-06-14 10:36:00,338,338,338,338,12500
2022-06-14 10:37:00,338,338,338,338,7400
2022-06-14 10:38:00,340,340,340,340,526600
2022-06-14 10:39:00,340,340,340,340,22800
2022-06-14 10:40:00,340,340,340,340,10000
2022-06-14 10:41:00,340,340,340,340,78300
2022-06-14 10:42:00,340,340,340,340,51000
2022-06-14 10:43:00,340,340,340,340,2000
2022-06-14 10:44:00,340,340,340,340,16900
2022-06-14 10:45:00,342,340,342,342,23100
2022-06-14 10:46:00,342,340,342,342,102500
2022-06-14 10:47:00,342,342,342,342,2900
2022-06-14 10:48:00,342,340,342,340,201600
2022-06-14 10:49:00,340,340,340,340,3900
2022-06-14 10:50:00,340,340,340,340,0
2022-06-14 10:51:00,340,340,340,340,255600
2022-06-14 10:52:00,340,338,342,338,479000
2022-06-14 10:53:00,338,338,342,342,2800
2022-06-14 10:54:00,340,340,340,340,97500
2022-06-14 10:55:00,340,338,340,338,110300
2022-06-14 10:56:00,338,338,338,338,3300
2022-06-14 10:57:00,338,338,338,338,100
2022-06-14 10:58:00,338,338,338,338,22300
2022-06-14 10:59:00,338,338,338,338,50800
2022-06-14 11:00:00,338,338,338,338,10300
2022-06-14 11:01:00,338,338,338,338,52800
2022-06-14 11:02:00,340,340,340,340,100000
2022-06-14 11:03:00,340,340,340,340,100
2022-06-14 11:04:00,338,336,338,336,756500
2022-06-14 11:05:00,336,336,338,336,16000
2022-06-14 11:06:00,336,334,338,334,1008100
2022-06-14 11:07:00,334,334,334,334,159900
2022-06-14 11:08:00,334,334,336,334,437100
2022-06-14 11:09:00,334,334,334,334,262200
2022-06-14 11:10:00,334,332,334,334,308200
2022-06-14 11:11:00,334,334,336,336,115000
2022-06-14 11:12:00,334,334,336,336,22500
2022-06-14 11:13:00,334,334,336,336,218800
2022-06-14 11:14:00,336,336,338,338,78400
2022-06-14 11:15:00,338,336,338,336,602000
2022-06-14 11:16:00,336,336,336,336,100
2022-06-14 11:17:00,336,336,336,336,6500
2022-06-14 11:18:00,336,334,336,336,281300
2022-06-14 11:19:00,336,336,336,336,54900
2022-06-14 11:20:00,336,336,336,336,1200
2022-06-14 11:21:00,336,336,336,336,2300
2022-06-14 11:22:00,336,336,336,336,100
2022-06-14 11:23:00,338,338,338,338,100
2022-06-14 11:24:00,338,338,338,338,109100
2022-06-14 11:25:00,338,338,340,340,1000
2022-06-14 11:26:00,338,338,340,340,13600
2022-06-14 11:27:00,340,340,340,340,3000
2022-06-14 11:28:00,340,338,340,340,38500
2022-06-14 11:29:00,340,338,340,338,20400
2022-06-14 11:30:00,340,338,340,338,0
2022-06-14 11:31:00,340,338,340,338,0
2022-06-14 11:32:00,340,338,340,338,0
2022-06-14 11:33:00,340,338,340,338,0
2022-06-14 11:34:00,340,338,340,338,0
2022-06-14 11:35:00,340,338,340,338,0
2022-06-14 11:36:00,340,338,340,338,0
2022-06-14 11:37:00,340,338,340,338,0
2022-06-14 11:38:00,340,338,340,338,0
2022-06-14 11:39:00,340,338,340,338,0
2022-06-14 11:40:00,340,338,340,338,0
2022-06-14 11:41:00,340,338,340,338,0
2022-06-14 11:42:00,340,338,340,338,0
2022-06-14 11:43:00,340,338,340,338,0
2022-06-14 11:44:00,340,338,340,338,0
2022-06-14 11:45:00,340,338,340,338,0
2022-06-14 11:46:00,340,338,340,338,0
2022-06-14 11:47:00,340,338,340,338,0
2022-06-14 11:48:00,340,338,340,338,0
2022-06-14 11:49:00,340,338,340,338,0
2022-06-14 11:50:00,340,338,340,338,0
2022-06-14 11:51:00,340,338,340,338,0
2022-06-14 11:52:00,340,338,340,338,0
2022-06-14 11:53:00,340,338,340,338,0
2022-06-14 11:54:00,340,338,340,338,0
2022-06-14 11:55:00,340,338,340,338,0
2022-06-14 11:56:00,340,338,340,338,0
2022-06-14 11:57:00,340,338,340,338,0
2022-06-14 11:58:00,340,338,340,338,0
2022-06-14 11:59:00,340,338,340,338,0
2022-06-14 12:00:00,340,338,340,338,0
2022-06-14 12:01:00,340,338,340,338,0
2022-06-14 12:02:00,340,338,340,338,0
2022-06-14 12:03:00,340,338,340,338,0
2022-06-14 12:04:00,340,338,340,338,0
2022-06-14 12:05:00,340,338,340,338,0
2022-06-14 12:06:00,340,338,340,338,0
2022-06-14 12:07:00,340,338,340,338,0
2022-06-14 12:08:00,340,338,340,338,0
2022-06-14 12:09:00,340,338,340,338,0
2022-06-14 12:10:00,340,338,340,338,0
2022-06-14 12:11:00,340,338,340,338,0
2022-06-14 12:12:00,340,338,340,338,0
2022-06-14 12:13:00,340,338,340,338,0
2022-06-14 12:14:00,340,338,340,338,0
2022-06-14 12:15:00,340,338,340,338,0
2022-06-14 12:16:00,340,338,340,338,0
2022-06-14 12:17:00,340,338,340,338,0
2022-06-14 12:18:00,340,338,340,338,0
2022-06-14 12:19:00,340,338,340,338,0
2022-06-14 12:20:00,340,338,340,338,0
2022-06-14 12:21:00,340,338,340,338,0
2022-06-14 12:22:00,340,338,340,338,0
2022-06-14 12:23:00,340,338,340,338,0
2022-06-14 12:24:00,340,338,340,338,0
2022-06-14 12:25:00,340,338,340,338,0
2022-06-14 12:26:00,340,338,340,338,0
2022-06-14 12:27:00,340,338,340,338,0
2022-06-14 12:28:00,340,338,340,338,0
2022-06-14 12:29:00,340,338,340,338,0
2022-06-14 12:30:00,340,338,340,338,0
2022-06-14 12:31:00,340,338,340,338,0
2022-06-14 12:32:00,340,338,340,338,0
2022-06-14 12:33:00,340,338,340,338,0
2022-06-14 12:34:00,340,338,340,338,0
2022-06-14 12:35:00,340,338,340,338,0
2022-06-14 12:36:00,340,338,340,338,0
2022-06-14 12:37:00,340,338,340,338,0
2022-06-14 12:38:00,340,338,340,338,0
2022-06-14 12:39:00,340,338,340,338,0
2022-06-14 12:40:00,340,338,340,338,0
2022-06-14 12:41:00,340,338,340,338,0
2022-06-14 12:42:00,340,338,340,338,0
2022-06-14 12:43:00,340,338,340,338,0
2022-06-14 12:44:00,340,338,340,338,0
2022-06-14 12:45:00,340,338,340,338,0
2022-06-14 12:46:00,340,338,340,338,0
2022-06-14 12:47:00,340,338,340,338,0
2022-06-14 12:48:00,340,338,340,338,0
2022-06-14 12:49:00,340,338,340,338,0
2022-06-14 12:50:00,340,338,340,338,0
2022-06-14 12:51:00,340,338,340,338,0
2022-06-14 12:52:00,340,338,340,338,0
2022-06-14 12:53:00,340,338,340,338,0
2022-06-14 12:54:00,340,338,340,338,0
2022-06-14 12:55:00,340,338,340,338,0
2022-06-14 12:56:00,340,338,340,338,0
2022-06-14 12:57:00,340,338,340,338,0
2022-06-14 12:58:00,340,338,340,338,0
2022-06-14 12:59:00,340,338,340,338,0
2022-06-14 13:00:00,340,338,340,338,0
2022-06-14 13:01:00,340,338,340,338,0
2022-06-14 13:02:00,340,338,340,338,0
2022-06-14 13:03:00,340,338,340,338,0
2022-06-14 13:04:00,340,338,340,338,0
2022-06-14 13:05:00,340,338,340,338,0
2022-06-14 13:06:00,340,338,340,338,0
2022-06-14 13:07:00,340,338,340,338,0
2022-06-14 13:08:00,340,338,340,338,0
2022-06-14 13:09:00,340,338,340,338,0
2022-06-14 13:10:00,340,338,340,338,0
2022-06-14 13:11:00,340,338,340,338,0
2022-06-14 13:12:00,340,338,340,338,0
2022-06-14 13:13:00,340,338,340,338,0
2022-06-14 13:14:00,340,338,340,338,0
2022-06-14 13:15:00,340,338,340,338,0
2022-06-14 13:16:00,340,338,340,338,0
2022-06-14 13:17:00,340,338,340,338,0
2022-06-14 13:18:00,340,338,340,338,0
2022-06-14 13:19:00,340,338,340,338,0
2022-06-14 13:20:00,340,338,340,338,0
2022-06-14 13:21:00,340,338,340,338,0
2022-06-14 13:22:00,340,338,340,338,0
2022-06-14 13:23:00,340,338,340,338,0
2022-06-14 13:24:00,340,338,340,338,0
2022-06-14 13:25:00,340,338,340,338,0
2022-06-14 13:26:00,340,338,340,338,0
2022-06-14 13:27:00,340,338,340,338,0
2022-06-14 13:28:00,340,338,340,338,0
2022-06-14 13:29:00,340,338,340,338,0
2022-06-14 13:30:00,338,338,340,340,188100
2022-06-14 13:31:00,342,342,344,344,242600
2022-06-14 13:32:00,344,344,346,344,155300
2022-06-14 13:33:00,344,344,350,350,1590200
2022-06-14 13:34:00,350,348,354,348,2171700
2022-06-14 13:35:00,350,346,350,346,808200
2022-06-14 13:36:00,346,344,346,344,440900
2022-06-14 13:37:00,344,344,348,348,202400
2022-06-14 13:38:00,348,346,348,348,650700
2022-06-14 13:39:00,348,348,350,348,223300
2022-06-14 13:40:00,348,346,348,346,124500
2022-06-14 13:41:00,346,346,348,348,209000
2022-06-14 13:42:00,348,348,350,350,63800
2022-06-14 13:43:00,350,348,350,348,55100
2022-06-14 13:44:00,348,346,348,346,137600
2022-06-14 13:45:00,346,346,346,346,11000
2022-06-14 13:46:00,346,344,346,344,146300
2022-06-14 13:47:00,346,346,346,346,83000
2022-06-14 13:48:00,346,346,346,346,7400
2022-06-14 13:49:00,344,344,346,346,63500
2022-06-14 13:50:00,346,346,346,346,14900
2022-06-14 13:51:00,346,346,346,346,209800
2022-06-14 13:52:00,344,344,346,344,322500
2022-06-14 13:53:00,344,342,344,344,130700
2022-06-14 13:54:00,344,344,346,346,276100
2022-06-14 13:55:00,348,342,348,342,451500
2022-06-14 13:56:00,344,344,344,344,229100
2022-06-14 13:57:00,344,342,344,344,9400
2022-06-14 13:58:00,344,342,344,344,30300
2022-06-14 13:59:00,344,342,344,344,88200
2022-06-14 14:00:00,344,342,344,344,0
2022-06-14 14:01:00,344,344,344,344,183400
2022-06-14 14:02:00,344,342,344,342,279800
2022-06-14 14:03:00,342,340,342,342,119500
2022-06-14 14:04:00,342,342,344,344,75500
2022-06-14 14:05:00,344,344,344,344,18800
2022-06-14 14:06:00,344,342,344,342,137500
2022-06-14 14:07:00,342,342,342,342,9300
2022-06-14 14:08:00,344,344,344,344,2200
2022-06-14 14:09:00,342,342,344,344,60100
2022-06-14 14:10:00,344,344,346,346,146100
2022-06-14 14:11:00,346,344,346,346,9400
2022-06-14 14:12:00,346,344,346,344,96800
2022-06-14 14:13:00,346,344,346,346,11600
2022-06-14 14:14:00,346,346,346,346,23300
2022-06-14 14:15:00,346,344,346,346,82200
2022-06-14 14:16:00,344,344,344,344,15600
2022-06-14 14:17:00,344,344,346,346,41400
2022-06-14 14:18:00,348,348,348,348,467300
2022-06-14 14:19:00,346,346,348,348,80600
2022-06-14 14:20:00,348,348,350,348,298300
2022-06-14 14:21:00,348,346,348,346,226200
2022-06-14 14:22:00,346,346,346,346,226300
2022-06-14 14:23:00,344,344,344,344,6500
2022-06-14 14:24:00,346,346,346,346,6300
2022-06-14 14:25:00,346,344,346,346,7600
2022-06-14 14:26:00,344,338,344,342,1527100
2022-06-14 14:27:00,342,342,342,342,32400
2022-06-14 14:28:00,342,342,344,342,312200
2022-06-14 14:29:00,342,340,342,342,311100
2022-06-14 14:30:00,342,342,344,342,35400
2022-06-14 14:31:00,344,342,344,342,96000
2022-06-14 14:32:00,344,342,344,344,80600
2022-06-14 14:33:00,344,342,344,342,1200
2022-06-14 14:34:00,344,342,348,344,1023100
2022-06-14 14:35:00,344,344,344,344,102500
2022-06-14 14:36:00,346,346,350,348,2387400
2022-06-14 14:37:00,348,346,348,346,120600
2022-06-14 14:38:00,346,346,350,348,1282100
2022-06-14 14:39:00,348,346,348,346,42000
2022-06-14 14:40:00,346,346,346,346,396000
2022-06-14 14:41:00,346,346,348,346,601300
2022-06-14 14:42:00,346,346,346,346,281500
2022-06-14 14:43:00,346,346,346,346,5000
2022-06-14 14:44:00,346,346,346,346,13100
2022-06-14 14:45:00,346,344,346,344,5600
2022-06-14 14:46:00,344,344,346,346,22000
2022-06-14 14:47:00,344,344,346,344,66400
2022-06-14 14:48:00,344,344,346,344,448300
2022-06-14 14:49:00,344,342,344,342,329300
2022-06-14 14:50:00,344,342,344,342,0
2022-06-14 14:51:00,344,342,344,342,0
2022-06-14 14:52:00,344,342,344,342,0
2022-06-14 14:53:00,344,342,344,342,0
2022-06-14 14:54:00,344,342,344,342,0
2022-06-14 14:55:00,344,342,344,342,0
2022-06-14 14:56:00,344,342,344,342,0
2022-06-14 14:57:00,344,342,344,342,0
2022-06-14 14:58:00,344,342,344,342,0
2022-06-14 14:59:00,344,342,344,342,0
2022-06-14 15:00:00,342,342,342,342,1705300
2022-06-14 15:01:00,342,342,342,342,57000
2022-06-14 15:02:00,342,342,342,342,1400
2022-06-14 15:03:00,342,342,342,342,18100
2022-06-14 15:04:00,342,342,342,342,50100
2022-06-14 15:05:00,342,342,342,342,20100
2022-06-14 15:06:00,342,342,342,342,31600
2022-06-14 15:07:00,342,342,342,342,12000
2022-06-14 15:08:00,342,342,342,342,34600
2022-06-14 15:09:00,342,342,342,342,111100
2022-06-14 15:10:00,342,342,342,342,175900
2022-06-14 15:11:00,342,342,342,342,350600
2022-06-14 15:12:00,342,342,342,342,8600
2022-06-14 15:13:00,342,342,342,342,31200
2022-06-14 15:14:00,342,342,342,342,87739700
2022-06-14 15:15:00,342,342,342,342,0
2022-06-14 15:16:00,342,342,342,342,0
2022-06-14 15:17:00,342,342,342,342,0
2022-06-14 15:18:00,342,342,342,342,0
2022-06-14 15:19:00,342,342,342,342,0
2022-06-14 15:20:00,342,342,342,342,0
2022-06-14 15:21:00,342,342,342,342,0
2022-06-14 15:22:00,342,342,342,342,0
2022-06-14 15:23:00,342,342,342,342,0
2022-06-14 15:24:00,342,342,342,342,0
2022-06-14 15:25:00,342,342,342,342,0
2022-06-14 15:26:00,342,342,342,342,0
2022-06-14 15:27:00,342,342,342,342,0
2022-06-14 15:28:00,342,342,342,342,0
2022-06-14 15:29:00,342,342,342,342,0
2022-06-14 15:30:00,342,342,342,342,0
2022-06-14 15:31:00,342,342,342,342,0
2022-06-14 15:32:00,342,342,342,342,0
2022-06-14 15:33:00,342,342,342,342,0
2022-06-14 15:34:00,342,342,342,342,0
2022-06-14 15:35:00,342,342,342,342,0
2022-06-14 15:36:00,342,342,342,342,0
2022-06-14 15:37:00,342,342,342,342,0
2022-06-14 15:38:00,342,342,342,342,0
2022-06-14 15:39:00,342,342,342,342,0
2022-06-14 15:40:00,342,342,342,342,0
2022-06-14 15:41:00,342,342,342,342,0
2022-06-14 15:42:00,342,342,342,342,0
2022-06-14 15:43:00,342,342,342,342,0
2022-06-14 15:44:00,342,342,342,342,0
2022-06-14 15:45:00,342,342,342,342,0
2022-06-14 15:46:00,342,342,342,342,0
2022-06-14 15:47:00,342,342,342,342,0
2022-06-14 15:48:00,342,342,342,342,0
2022-06-14 15:49:00,342,342,342,342,0
2022-06-14 15:50:00,342,342,342,342,0
2022-06-14 15:51:00,342,342,342,342,0
2022-06-14 15:52:00,342,342,342,342,0
2022-06-14 15:53:00,342,342,342,342,0
2022-06-14 15:54:00,342,342,342,342,0
2022-06-14 15:55:00,342,342,342,342,0
2022-06-14 15:56:00,342,342,342,342,0
2022-06-14 15:57:00,342,342,342,342,0
2022-06-14 15:58:00,342,342,342,342,0
2022-06-14 15:59:00,342,342,342,342,0
2022-06-15 09:00:00,340,340,346,344,0
2022-06-15 09:01:00,346,344,346,346,165400
2022-06-15 09:02:00,346,346,348,348,262200
2022-06-15 09:03:00,348,346,348,348,447800
2022-06-15 09:04:00,348,348,350,350,939200
2022-06-15 09:05:00,348,348,350,348,247500
2022-06-15 09:06:00,350,346,350,346,664900
2022-06-15 09:07:00,346,342,346,344,266100
2022-06-15 09:08:00,344,344,348,348,202400
2022-06-15 09:09:00,348,346,348,346,201300
2022-06-15 09:10:00,344,344,346,344,178700
2022-06-15 09:11:00,346,344,346,346,77500
2022-06-15 09:12:00,346,346,346,346,121900
2022-06-15 09:13:00,344,344,348,346,267400
2022-06-15 09:14:00,346,346,348,348,13100
2022-06-15 09:15:00,348,346,348,346,212400
2022-06-15 09:16:00,346,344,346,344,103400
2022-06-15 09:17:00,344,342,344,342,209800
2022-06-15 09:18:00,342,340,342,340,625200
2022-06-15 09:19:00,342,338,342,342,1218900
2022-06-15 09:20:00,342,342,344,342,278600
2022-06-15 09:21:00,342,338,342,338,635800
2022-06-15 09:22:00,340,340,344,344,43200
2022-06-15 09:23:00,344,344,344,344,4900
2022-06-15 09:24:00,344,342,344,342,410500
2022-06-15 09:25:00,342,338,342,340,307700
2022-06-15 09:26:00,340,340,340,340,2300
2022-06-15 09:27:00,340,340,340,340,69100
2022-06-15 09:28:00,340,338,340,340,112200
2022-06-15 09:29:00,340,336,340,340,570300
2022-06-15 09:30:00,338,338,338,338,92500
2022-06-15 09:31:00,338,336,338,338,436300
2022-06-15 09:32:00,338,336,338,338,105900
2022-06-15 09:33:00,338,338,338,338,63600
2022-06-15 09:34:00,340,338,340,338,48800
2022-06-15 09:35:00,338,338,340,338,147000
2022-06-15 09:36:00,338,338,338,338,489800
2022-06-15 09:37:00,336,336,338,338,73600
2022-06-15 09:38:00,338,338,338,338,61500
2022-06-15 09:39:00,338,336,338,336,34300
2022-06-15 09:40:00,336,336,338,338,497800
2022-06-15 09:41:00,336,332,336,332,1584300
2022-06-15 09:42:00,332,332,336,336,365200
2022-06-15 09:43:00,336,336,338,338,43600
2022-06-15 09:44:00,338,334,338,334,479500
2022-06-15 09:45:00,334,332,334,334,592000
2022-06-15 09:46:00,334,334,334,334,108600
2022-06-15 09:47:00,334,334,334,334,81100
2022-06-15 09:48:00,334,332,334,334,59400
2022-06-15 09:49:00,332,332,334,332,236800
2022-06-15 09:50:00,332,332,332,332,216700
2022-06-15 09:51:00,334,334,334,334,206800
2022-06-15 09:52:00,332,332,332,332,873500
2022-06-15 09:53:00,332,330,332,332,1072300
2022-06-15 09:54:00,334,332,334,334,289100
2022-06-15 09:55:00,334,334,336,336,110100
2022-06-15 09:56:00,336,334,336,334,372100
2022-06-15 09:57:00,334,332,334,332,339100
2022-06-15 09:58:00,334,332,334,332,108400
2022-06-15 09:59:00,332,328,332,330,1297000
2022-06-15 10:00:00,330,328,334,332,933800
2022-06-15 10:01:00,332,332,332,332,64700
2022-06-15 10:02:00,330,330,332,332,90400
2022-06-15 10:03:00,332,328,332,330,675100
2022-06-15 10:04:00,328,328,330,328,427200
2022-06-15 10:05:00,330,328,330,328,158800
2022-06-15 10:06:00,328,328,330,328,36500
2022-06-15 10:07:00,328,328,330,330,138400
2022-06-15 10:08:00,330,328,332,328,103000
2022-06-15 10:09:00,328,324,328,324,1578500
2022-06-15 10:10:00,324,324,326,324,1495700
2022-06-15 10:11:00,324,322,324,324,497300
2022-06-15 10:12:00,324,324,326,326,121300
2022-06-15 10:13:00,326,322,328,326,1478500
2022-06-15 10:14:00,324,324,326,326,51000
2022-06-15 10:15:00,326,324,326,324,27100
2022-06-15 10:16:00,326,324,326,326,47200
2022-06-15 10:17:00,326,324,326,324,66400
2022-06-15 10:18:00,324,324,326,326,47300
2022-06-15 10:19:00,324,322,324,324,471400
2022-06-15 10:20:00,322,322,324,322,803900
2022-06-15 10:21:00,322,322,324,324,874000
2022-06-15 10:22:00,324,322,324,322,258900
2022-06-15 10:23:00,322,322,324,322,11500
2022-06-15 10:24:00,324,320,324,320,1734400
2022-06-15 10:25:00,322,320,322,322,180300
2022-06-15 10:26:00,320,320,322,322,479900
2022-06-15 10:27:00,322,322,326,326,990100
2022-06-15 10:28:00,326,324,326,324,284400
2022-06-15 10:29:00,324,324,324,324,60300
2022-06-15 10:30:00,324,322,324,324,78000
2022-06-15 10:31:00,322,322,324,324,213500
2022-06-15 10:32:00,324,324,324,324,17700
2022-06-15 10:33:00,322,322,324,324,5700
2022-06-15 10:34:00,324,322,324,322,7700
2022-06-15 10:35:00,322,320,322,320,921900
2022-06-15 10:36:00,320,320,320,320,646900
2022-06-15 10:37:00,320,320,320,320,948400
2022-06-15 10:38:00,320,320,320,320,251400
2022-06-15 10:39:00,320,320,320,320,119200
2022-06-15 10:40:00,320,320,322,320,1368700
2022-06-15 10:41:00,320,320,322,320,1655100
2022-06-15 10:42:00,320,320,320,320,44900
2022-06-15 10:43:00,320,320,320,320,133400
2022-06-15 10:44:00,320,320,320,320,1010100
2022-06-15 10:45:00,320,320,320,320,160100
2022-06-15 10:46:00,320,320,320,320,26500
2022-06-15 10:47:00,320,320,320,320,144300
2022-06-15 10:48:00,320,320,320,320,212300
2022-06-15 10:49:00,320,320,320,320,13200
2022-06-15 10:50:00,320,320,320,320,10200
2022-06-15 10:51:00,320,320,320,320,7100
2022-06-15 10:52:00,320,320,320,320,78900
2022-06-15 10:53:00,320,320,320,320,34900
2022-06-15 10:54:00,320,320,320,320,321800
2022-06-15 10:55:00,320,320,322,320,173800
2022-06-15 10:56:00,320,320,320,320,23000
2022-06-15 10:57:00,320,320,322,322,9900
2022-06-15 10:58:00,320,320,322,322,66000
2022-06-15 10:59:00,322,320,322,322,3500
2022-06-15 11:00:00,320,320,322,320,331900
2022-06-15 11:01:00,320,320,320,320,33900
2022-06-15 11:02:00,320,320,322,320,44900
2022-06-15 11:03:00,322,320,322,320,77200
2022-06-15 11:04:00,320,320,320,320,124100
2022-06-15 11:05:00,320,320,322,322,10800
2022-06-15 11:06:00,322,320,322,320,20300
2022-06-15 11:07:00,322,320,322,320,94900
2022-06-15 11:08:00,322,320,322,320,563400
2022-06-15 11:09:00,320,320,320,320,7300
2022-06-15 11:10:00,320,320,320,320,800
2022-06-15 11:11:00,320,320,320,320,0
2022-06-15 11:12:00,320,320,320,320,500
2022-06-15 11:13:00,320,320,320,320,10100
2022-06-15 11:14:00,320,320,320,320,1400
2022-06-15 11:15:00,320,320,320,320,50100
2022-06-15 11:16:00,320,320,320,320,1700
2022-06-15 11:17:00,320,320,320,320,300
2022-06-15 11:18:00,320,320,320,320,100200
2022-06-15 11:19:00,320,320,320,320,800
2022-06-15 11:20:00,320,320,320,320,0
2022-06-15 11:21:00,320,320,320,320,4500
2022-06-15 11:22:00,320,320,320,320,1000
2022-06-15 11:23:00,320,320,320,320,5800
2022-06-15 11:24:00,320,320,320,320,15300
2022-06-15 11:25:00,320,320,320,320,500
2022-06-15 11:26:00,320,320,320,320,52000
2022-06-15 11:27:00,320,320,320,320,100
2022-06-15 11:28:00,320,320,320,320,2800
2022-06-15 11:29:00,320,320,320,320,7100
2022-06-15 11:30:00,320,320,320,320,0
2022-06-15 11:31:00,320,320,320,320,0
2022-06-15 11:32:00,320,320,320,320,0
2022-06-15 11:33:00,320,320,320,320,0
2022-06-15 11:34:00,320,320,320,320,0
2022-06-15 11:35:00,320,320,320,320,0
2022-06-15 11:36:00,320,320,320,320,0
2022-06-15 11:37:00,320,320,320,320,0
2022-06-15 11:38:00,320,320,320,320,0
2022-06-15 11:39:00,320,320,320,320,0
2022-06-15 11:40:00,320,320,320,320,0
2022-06-15 11:41:00,320,320,320,320,0
2022-06-15 11:42:00,320,320,320,320,0
2022-06-15 11:43:00,320,320,320,320,0
2022-06-15 11:44:00,320,320,320,320,0
2022-06-15 11:45:00,320,320,320,320,0
2022-06-15 11:46:00,320,320,320,320,0
2022-06-15 11:47:00,320,320,320,320,0
2022-06-15 11:48:00,320,320,320,320,0
2022-06-15 11:49:00,320,320,320,320,0
2022-06-15 11:50:00,320,320,320,320,0
2022-06-15 11:51:00,320,320,320,320,0
2022-06-15 11:52:00,320,320,320,320,0
2022-06-15 11:53:00,320,320,320,320,0
2022-06-15 11:54:00,320,320,320,320,0
2022-06-15 11:55:00,320,320,320,320,0
2022-06-15 11:56:00,320,320,320,320,0
2022-06-15 11:57:00,320,320,320,320,0
2022-06-15 11:58:00,320,320,320,320,0
2022-06-15 11:59:00,320,320,320,320,0
2022-06-15 12:00:00,320,320,320,320,0
2022-06-15 12:01:00,320,320,320,320,0
2022-06-15 12:02:00,320,320,320,320,0
2022-06-15 12:03:00,320,320,320,320,0
2022-06-15 12:04:00,320,320,320,320,0
2022-06-15 12:05:00,320,320,320,320,0
2022-06-15 12:06:00,320,320,320,320,0
2022-06-15 12:07:00,320,320,320,320,0
2022-06-15 12:08:00,320,320,320,320,0
2022-06-15 12:09:00,320,320,320,320,0
2022-06-15 12:10:00,320,320,320,320,0
2022-06-15 12:11:00,320,320,320,320,0
2022-06-15 12:12:00,320,320,320,320,0
2022-06-15 12:13:00,320,320,320,320,0
2022-06-15 12:14:00,320,320,320,320,0
2022-06-15 12:15:00,320,320,320,320,0
2022-06-15 12:16:00,320,320,320,320,0
2022-06-15 12:17:00,320,320,320,320,0
2022-06-15 12:18:00,320,320,320,320,0
2022-06-15 12:19:00,320,320,320,320,0
2022-06-15 12:20:00,320,320,320,320,0
2022-06-15 12:21:00,320,320,320,320,0
2022-06-15 12:22:00,320,320,320,320,0
2022-06-15 12:23:00,320,320,320,320,0
2022-06-15 12:24:00,320,320,320,320,0
2022-06-15 12:25:00,320,320,320,320,0
2022-06-15 12:26:00,320,320,320,320,0
2022-06-15 12:27:00,320,320,320,320,0
2022-06-15 12:28:00,320,320,320,320,0
2022-06-15 12:29:00,320,320,320,320,0
2022-06-15 12:30:00,320,320,320,320,0
2022-06-15 12:31:00,320,320,320,320,0
2022-06-15 12:32:00,320,320,320,320,0
2022-06-15 12:33:00,320,320,320,320,0
2022-06-15 12:34:00,320,320,320,320,0
2022-06-15 12:35:00,320,320,320,320,0
2022-06-15 12:36:00,320,320,320,320,0
2022-06-15 12:37:00,320,320,320,320,0
2022-06-15 12:38:00,320,320,320,320,0
2022-06-15 12:39:00,320,320,320,320,0
2022-06-15 12:40:00,320,320,320,320,0
2022-06-15 12:41:00,320,320,320,320,0
2022-06-15 12:42:00,320,320,320,320,0
2022-06-15 12:43:00,320,320,320,320,0
2022-06-15 12:44:00,320,320,320,320,0
2022-06-15 12:45:00,320,320,320,320,0
2022-06-15 12:46:00,320,320,320,320,0
2022-06-15 12:47:00,320,320,320,320,0
2022-06-15 12:48:00,320,320,320,320,0
2022-06-15 12:49:00,320,320,320,320,0
2022-06-15 12:50:00,320,320,320,320,0
2022-06-15 12:51:00,320,320,320,320,0
2022-06-15 12:52:00,320,320,320,320,0
2022-06-15 12:53:00,320,320,320,320,0
2022-06-15 12:54:00,320,320,320,320,0
2022-06-15 12:55:00,320,320,320,320,0
2022-06-15 12:56:00,320,320,320,320,0
2022-06-15 12:57:00,320,320,320,320,0
2022-06-15 12:58:00,320,320,320,320,0
2022-06-15 12:59:00,320,320,320,320,0
2022-06-15 13:00:00,320,320,320,320,0
2022-06-15 13:01:00,320,320,320,320,0
2022-06-15 13:02:00,320,320,320,320,0
2022-06-15 13:03:00,320,320,320,320,0
2022-06-15 13:04:00,320,320,320,320,0
2022-06-15 13:05:00,320,320,320,320,0
2022-06-15 13:06:00,320,320,320,320,0
2022-06-15 13:07:00,320,320,320,320,0
2022-06-15 13:08:00,320,320,320,320,0
2022-06-15 13:09:00,320,320,320,320,0
2022-06-15 13:10:00,320,320,320,320,0
2022-06-15 13:11:00,320,320,320,320,0
2022-06-15 13:12:00,320,320,320,320,0
2022-06-15 13:13:00,320,320,320,320,0
2022-06-15 13:14:00,320,320,320,320,0
2022-06-15 13:15:00,320,320,320,320,0
2022-06-15 13:16:00,320,320,320,320,0
2022-06-15 13:17:00,320,320,320,320,0
2022-06-15 13:18:00,320,320,320,320,0
2022-06-15 13:19:00,320,320,320,320,0
2022-06-15 13:20:00,320,320,320,320,0
2022-06-15 13:21:00,320,320,320,320,0
2022-06-15 13:22:00,320,320,320,320,0
2022-06-15 13:23:00,320,320,320,320,0
2022-06-15 13:24:00,320,320,320,320,0
2022-06-15 13:25:00,320,320,320,320,0
2022-06-15 13:26:00,320,320,320,320,0
2022-06-15 13:27:00,320,320,320,320,0
2022-06-15 13:28:00,320,320,320,320,0
2022-06-15 13:29:00,320,320,320,320,0
2022-06-15 13:30:00,320,320,320,320,218300
2022-06-15 13:31:00,320,320,320,320,7000
2022-06-15 13:32:00,320,320,320,320,8300
2022-06-15 13:33:00,320,320,320,320,10000
2022-06-15 13:34:00,320,320,320,320,72500
2022-06-15 13:35:00,320,320,320,320,13400
2022-06-15 13:36:00,320,320,320,320,700
2022-06-15 13:37:00,320,320,320,320,22800
2022-06-15 13:38:00,320,320,320,320,28300
2022-06-15 13:39:00,320,320,320,320,3500
2022-06-15 13:40:00,320,320,320,320,12800
2022-06-15 13:41:00,320,320,320,320,10000
2022-06-15 13:42:00,320,320,320,320,2300
2022-06-15 13:43:00,320,320,320,320,1000
2022-06-15 13:44:00,320,320,320,320,500
2022-06-15 13:45:00,320,320,320,320,11200
2022-06-15 13:46:00,320,320,320,320,4900
2022-06-15 13:47:00,320,320,320,320,12100
2022-06-15 13:48:00,320,320,320,320,5200
2022-06-15 13:49:00,320,320,320,320,0
2022-06-15 13:50:00,320,320,320,320,1500
2022-06-15 13:51:00,320,320,320,320,0
2022-06-15 13:52:00,320,320,320,320,12200
2022-06-15 13:53:00,320,320,320,320,2300
2022-06-15 13:54:00,320,320,320,320,13200
2022-06-15 13:55:00,320,320,320,320,0
2022-06-15 13:56:00,320,320,320,320,0
2022-06-15 13:57:00,320,320,320,320,2500
2022-06-15 13:58:00,320,320,320,320,3200
2022-06-15 13:59:00,320,320,320,320,111900
2022-06-15 14:00:00,320,320,320,320,17400
2022-06-15 14:01:00,320,320,320,320,32000
2022-06-15 14:02:00,320,320,320,320,10000
2022-06-15 14:03:00,320,320,320,320,100
2022-06-15 14:04:00,320,320,320,320,0
2022-06-15 14:05:00,320,320,320,320,0
2022-06-15 14:06:00,320,320,320,320,19700
2022-06-15 14:07:00,320,320,320,320,16900
2022-06-15 14:08:00,320,320,320,320,0
2022-06-15 14:09:00,320,320,320,320,4900
2022-06-15 14:10:00,320,320,320,320,519800
2022-06-15 14:11:00,320,320,320,320,107900
2022-06-15 14:12:00,320,320,320,320,26300
2022-06-15 14:13:00,320,320,320,320,22200
2022-06-15 14:14:00,320,320,320,320,500000
2022-06-15 14:15:00,320,320,320,320,33300
2022-06-15 14:16:00,320,320,320,320,411500
2022-06-15 14:17:00,320,320,320,320,24700
2022-06-15 14:18:00,320,320,320,320,14400
2022-06-15 14:19:00,320,320,320,320,12900
2022-06-15 14:20:00,320,320,320,320,0
2022-06-15 14:21:00,320,320,320,320,1000
2022-06-15 14:22:00,320,320,320,320,6600
2022-06-15 14:23:00,320,320,320,320,14100
2022-06-15 14:24:00,320,320,320,320,2300
2022-06-15 14:25:00,320,320,320,320,4500
2022-06-15 14:26:00,320,320,320,320,0
2022-06-15 14:27:00,320,320,320,320,700
2022-06-15 14:28:00,320,320,320,320,33000
2022-06-15 14:29:00,320,320,320,320,9500
2022-06-15 14:30:00,320,320,320,320,400
2022-06-15 14:31:00,320,320,320,320,36000
2022-06-15 14:32:00,320,320,320,320,0
2022-06-15 14:33:00,320,320,320,320,36000
2022-06-15 14:34:00,320,320,320,320,13300
2022-06-15 14:35:00,320,320,320,320,31400
2022-06-15 14:36:00,320,320,320,320,900
2022-06-15 14:37:00,320,320,320,320,2000
2022-06-15 14:38:00,320,320,320,320,1000
2022-06-15 14:39:00,320,320,320,320,21400
2022-06-15 14:40:00,320,320,320,320,5600
2022-06-15 14:41:00,320,320,320,320,3000
2022-06-15 14:42:00,320,320,320,320,0
2022-06-15 14:43:00,320,320,320,320,4200
2022-06-15 14:44:00,320,320,320,320,4600
2022-06-15 14:45:00,320,320,320,320,0
2022-06-15 14:46:00,320,320,320,320,51100
2022-06-15 14:47:00,320,320,320,320,15300
2022-06-15 14:48:00,320,320,320,320,10000
2022-06-15 14:49:00,320,320,320,320,0
2022-06-15 14:50:00,320,320,320,320,0
2022-06-15 14:51:00,320,320,320,320,0
2022-06-15 14:52:00,320,320,320,320,0
2022-06-15 14:53:00,320,320,320,320,0
2022-06-15 14:54:00,320,320,320,320,0
2022-06-15 14:55:00,320,320,320,320,0
2022-06-15 14:56:00,320,320,320,320,0
2022-06-15 14:57:00,320,320,320,320,0
2022-06-15 14:58:00,320,320,320,320,0
2022-06-15 14:59:00,320,320,320,320,0
2022-06-15 15:00:00,320,320,320,320,633500
2022-06-15 15:01:00,320,320,320,320,555700
2022-06-15 15:02:00,320,320,320,320,500
2022-06-15 15:03:00,320,320,320,320,8500
2022-06-15 15:04:00,320,320,320,320,500
2022-06-15 15:05:00,320,320,320,320,300
2022-06-15 15:06:00,320,320,320,320,1080800
2022-06-15 15:07:00,320,320,320,320,300
2022-06-15 15:08:00,320,320,320,320,3000
2022-06-15 15:09:00,320,320,320,320,21000
2022-06-15 15:10:00,320,320,320,320,0
2022-06-15 15:11:00,320,320,320,320,4000
2022-06-15 15:12:00,320,320,320,320,0
2022-06-15 15:13:00,320,320,320,320,0
2022-06-15 15:14:00,320,320,320,320,0
2022-06-15 15:15:00,320,320,320,320,0
2022-06-15 15:16:00,320,320,320,320,0
2022-06-15 15:17:00,320,320,320,320,0
2022-06-15 15:18:00,320,320,320,320,0
2022-06-15 15:19:00,320,320,320,320,0
2022-06-15 15:20:00,320,320,320,320,0
2022-06-15 15:21:00,320,320,320,320,0
2022-06-15 15:22:00,320,320,320,320,0
2022-06-15 15:23:00,320,320,320,320,0
2022-06-15 15:24:00,320,320,320,320,0
2022-06-15 15:25:00,320,320,320,320,0
2022-06-15 15:26:00,320,320,320,320,0
2022-06-15 15:27:00,320,320,320,320,0
2022-06-15 15:28:00,320,320,320,320,0
2022-06-15 15:29:00,320,320,320,320,0
2022-06-15 15:30:00,320,320,320,320,0
2022-06-15 15:31:00,320,320,320,320,0
2022-06-15 15:32:00,320,320,320,320,0
2022-06-15 15:33:00,320,320,320,320,0
2022-06-15 15:34:00,320,320,320,320,0
2022-06-15 15:35:00,320,320,320,320,0
2022-06-15 15:36:00,320,320,320,320,0
2022-06-15 15:37:00,320,320,320,320,0
2022-06-15 15:38:00,320,320,320,320,0
2022-06-15 15:39:00,320,320,320,320,0
2022-06-15 15:40:00,320,320,320,320,0
2022-06-15 15:41:00,320,320,320,320,0
2022-06-15 15:42:00,320,320,320,320,0
2022-06-15 15:43:00,320,320,320,320,0
2022-06-15 15:44:00,320,320,320,320,0
2022-06-15 15:45:00,320,320,320,320,0
2022-06-15 15:46:00,320,320,320,320,0
2022-06-15 15:47:00,320,320,320,320,0
2022-06-15 15:48:00,320,320,320,320,0
2022-06-15 15:49:00,320,320,320,320,0
2022-06-15 15:50:00,320,320,320,320,0
2022-06-15 15:51:00,320,320,320,320,0
2022-06-15 15:52:00,320,320,320,320,0
2022-06-15 15:53:00,320,320,320,320,0
2022-06-15 15:54:00,320,320,320,320,0
2022-06-15 15:55:00,320,320,320,320,0
2022-06-15 15:56:00,320,320,320,320,0
2022-06-15 15:57:00,320,320,320,320,0
2022-06-15 15:58:00,320,320,320,320,0
2022-06-15 15:59:00,320,320,320,320,0
2022-06-16 09:00:00,320,316,324,324,0
2022-06-16 09:01:00,326,326,332,332,819800
2022-06-16 09:02:00,332,328,332,332,1660200
2022-06-16 09:03:00,332,326,334,328,2398600
2022-06-16 09:04:00,328,326,330,330,794100
2022-06-16 09:05:00,330,328,330,328,1453800
2022-06-16 09:06:00,328,326,330,328,661500
2022-06-16 09:07:00,328,328,330,328,694700
2022-06-16 09:08:00,328,328,330,330,1059600
2022-06-16 09:09:00,330,330,332,332,453800
2022-06-16 09:10:00,332,330,332,330,509900
2022-06-16 09:11:00,332,330,338,336,3855300
2022-06-16 09:12:00,338,336,344,338,5559300
2022-06-16 09:13:00,338,336,338,338,1050400
2022-06-16 09:14:00,338,336,340,338,1846600
2022-06-16 09:15:00,338,336,340,338,1177400
2022-06-16 09:16:00,338,334,338,334,1102800
2022-06-16 09:17:00,334,332,336,334,2352300
2022-06-16 09:18:00,334,332,336,334,599400
2022-06-16 09:19:00,334,332,336,336,576500
2022-06-16 09:20:00,336,336,338,338,414900
2022-06-16 09:21:00,338,338,342,340,2527400
2022-06-16 09:22:00,340,340,350,350,5112200
2022-06-16 09:23:00,346,346,350,348,1992100
2022-06-16 09:24:00,348,344,348,344,2718300
2022-06-16 09:25:00,344,344,346,346,1269900
2022-06-16 09:26:00,346,346,350,350,1667800
2022-06-16 09:27:00,350,348,354,350,5150300
2022-06-16 09:28:00,350,348,352,350,3732800
2022-06-16 09:29:00,350,346,352,348,1586500
2022-06-16 09:30:00,348,346,354,354,4307600
2022-06-16 09:31:00,354,352,358,354,4090700
2022-06-16 09:32:00,356,352,356,354,1349400
2022-06-16 09:33:00,354,354,358,358,2518700
2022-06-16 09:34:00,358,356,360,358,3349500
2022-06-16 09:35:00,358,356,360,358,2242000
2022-06-16 09:36:00,358,356,364,360,8264700
2022-06-16 09:37:00,360,358,364,360,4136700
2022-06-16 09:38:00,360,358,362,360,3740000
2022-06-16 09:39:00,360,360,362,362,1421500
2022-06-16 09:40:00,362,362,366,364,4229700
2022-06-16 09:41:00,364,358,364,360,3642500
2022-06-16 09:42:00,362,358,362,358,1973100
2022-06-16 09:43:00,358,358,362,362,966000
2022-06-16 09:44:00,362,358,362,360,1686000
2022-06-16 09:45:00,360,358,360,360,693500
2022-06-16 09:46:00,358,358,360,358,725700
2022-06-16 09:47:00,358,358,360,360,318400
2022-06-16 09:48:00,358,358,360,358,2362600
2022-06-16 09:49:00,358,356,360,358,871700
2022-06-16 09:50:00,358,356,358,358,299900
2022-06-16 09:51:00,354,354,358,356,3116900
2022-06-16 09:52:00,356,354,358,354,2092000
2022-06-16 09:53:00,354,354,356,354,395100
2022-06-16 09:54:00,356,354,358,358,1084400
2022-06-16 09:55:00,358,356,360,358,1783200
2022-06-16 09:56:00,358,358,358,358,283800
2022-06-16 09:57:00,358,356,358,356,459900
2022-06-16 09:58:00,356,356,360,360,495300
2022-06-16 09:59:00,360,358,360,360,2976700
2022-06-16 10:00:00,360,360,362,362,497500
2022-06-16 10:01:00,360,358,362,358,1174500
2022-06-16 10:02:00,360,358,360,360,596200
2022-06-16 10:03:00,360,360,364,362,1977800
2022-06-16 10:04:00,362,362,366,364,1771600
2022-06-16 10:05:00,364,364,368,366,1870600
2022-06-16 10:06:00,366,362,368,362,1166400
2022-06-16 10:07:00,362,360,364,360,1289500
2022-06-16 10:08:00,360,360,362,360,1488000
2022-06-16 10:09:00,360,360,362,360,1276900
2022-06-16 10:10:00,360,358,360,360,252600
2022-06-16 10:11:00,360,360,360,360,253400
2022-06-16 10:12:00,360,358,360,360,1464300
2022-06-16 10:13:00,360,360,362,360,369200
2022-06-16 10:14:00,360,360,362,362,377800
2022-06-16 10:15:00,362,362,364,362,339500
2022-06-16 10:16:00,362,360,362,360,366700
2022-06-16 10:17:00,360,356,362,358,4102500
2022-06-16 10:18:00,358,358,360,360,173200
2022-06-16 10:19:00,360,358,360,360,148900
2022-06-16 10:20:00,360,358,360,358,122700
2022-06-16 10:21:00,360,358,360,360,380600
2022-06-16 10:22:00,360,358,360,358,65500
2022-06-16 10:23:00,358,358,360,358,65700
2022-06-16 10:24:00,360,358,360,360,372500
2022-06-16 10:25:00,360,360,360,360,372100
2022-06-16 10:26:00,360,360,360,360,248400
2022-06-16 10:27:00,358,358,360,360,27100
2022-06-16 10:28:00,360,358,360,358,19500
2022-06-16 10:29:00,360,358,360,360,118400
2022-06-16 10:30:00,360,358,360,360,70200
2022-06-16 10:31:00,360,356,360,356,1921500
2022-06-16 10:32:00,358,356,358,356,348500
2022-06-16 10:33:00,358,358,360,358,204900
2022-06-16 10:34:00,358,356,360,356,232000
2022-06-16 10:35:00,358,356,360,360,305600
2022-06-16 10:36:00,358,356,360,358,520600
2022-06-16 10:37:00,358,358,360,358,428400
2022-06-16 10:38:00,358,358,360,360,73100
2022-06-16 10:39:00,360,358,360,358,380400
2022-06-16 10:40:00,358,356,358,356,237000
2022-06-16 10:41:00,358,356,360,358,220200
2022-06-16 10:42:00,358,358,360,358,140800
2022-06-16 10:43:00,358,358,360,358,1216300
2022-06-16 10:44:00,360,360,360,360,108800
2022-06-16 10:45:00,360,358,360,360,23400
2022-06-16 10:46:00,360,358,360,360,10600
2022-06-16 10:47:00,360,358,360,360,1200
2022-06-16 10:48:00,358,358,360,358,14600
2022-06-16 10:49:00,358,358,360,358,38200
2022-06-16 10:50:00,358,358,360,360,8000
2022-06-16 10:51:00,360,360,360,360,218700
2022-06-16 10:52:00,360,360,362,360,834900
2022-06-16 10:53:00,360,358,360,358,166700
2022-06-16 10:54:00,360,358,360,360,365700
2022-06-16 10:55:00,360,360,362,360,116200
2022-06-16 10:56:00,360,360,360,360,34100
2022-06-16 10:57:00,360,360,360,360,55600
2022-06-16 10:58:00,362,360,362,360,192400
2022-06-16 10:59:00,358,358,360,360,135500
2022-06-16 11:00:00,360,358,360,360,55000
2022-06-16 11:01:00,360,358,360,358,166300
2022-06-16 11:02:00,358,358,358,358,49200
2022-06-16 11:03:00,358,358,360,358,151300
2022-06-16 11:04:00,358,358,360,360,50100
2022-06-16 11:05:00,360,358,360,358,175400
2022-06-16 11:06:00,358,358,358,358,15400
2022-06-16 11:07:00,358,358,360,360,83500
2022-06-16 11:08:00,358,358,360,360,26600
2022-06-16 11:09:00,358,358,358,358,2300
2022-06-16 11:10:00,358,358,360,358,95800
2022-06-16 11:11:00,358,358,360,358,114300
2022-06-16 11:12:00,358,358,358,358,537800
2022-06-16 11:13:00,358,356,358,358,75100
2022-06-16 11:14:00,358,358,358,358,83100
2022-06-16 11:15:00,358,356,358,358,82600
2022-06-16 11:16:00,358,356,358,358,44000
2022-06-16 11:17:00,358,358,358,358,36800
2022-06-16 11:18:00,358,358,358,358,3700
2022-06-16 11:19:00,358,356,358,356,31700
2022-06-16 11:20:00,356,356,358,356,19000
2022-06-16 11:21:00,358,356,358,356,76100
2022-06-16 11:22:00,356,356,358,358,117200
2022-06-16 11:23:00,358,358,358,358,33300
2022-06-16 11:24:00,358,358,358,358,121700
2022-06-16 11:25:00,358,358,358,358,17300
2022-06-16 11:26:00,358,356,358,356,31000
2022-06-16 11:27:00,356,356,358,358,30200
2022-06-16 11:28:00,356,356,358,356,9800
2022-06-16 11:29:00,358,356,358,358,782200
2022-06-16 11:30:00,358,356,358,358,0
2022-06-16 11:31:00,358,356,358,358,0
2022-06-16 11:32:00,358,356,358,358,0
2022-06-16 11:33:00,358,356,358,358,0
2022-06-16 11:34:00,358,356,358,358,0
2022-06-16 11:35:00,358,356,358,358,0
2022-06-16 11:36:00,358,356,358,358,0
2022-06-16 11:37:00,358,356,358,358,0
2022-06-16 11:38:00,358,356,358,358,0
2022-06-16 11:39:00,358,356,358,358,0
2022-06-16 11:40:00,358,356,358,358,0
2022-06-16 11:41:00,358,356,358,358,0
2022-06-16 11:42:00,358,356,358,358,0
2022-06-16 11:43:00,358,356,358,358,0
2022-06-16 11:44:00,358,356,358,358,0
2022-06-16 11:45:00,358,356,358,358,0
2022-06-16 11:46:00,358,356,358,358,0
2022-06-16 11:47:00,358,356,358,358,0
2022-06-16 11:48:00,358,356,358,358,0
2022-06-16 11:49:00,358,356,358,358,0
2022-06-16 11:50:00,358,356,358,358,0
2022-06-16 11:51:00,358,356,358,358,0
2022-06-16 11:52:00,358,356,358,358,0
2022-06-16 11:53:00,358,356,358,358,0
2022-06-16 11:54:00,358,356,358,358,0
2022-06-16 11:55:00,358,356,358,358,0
2022-06-16 11:56:00,358,356,358,358,0
2022-06-16 11:57:00,358,356,358,358,0
2022-06-16 11:58:00,358,356,358,358,0
2022-06-16 11:59:00,358,356,358,358,0
2022-06-16 12:00:00,358,356,358,358,0
2022-06-16 12:01:00,358,356,358,358,0
2022-06-16 12:02:00,358,356,358,358,0
2022-06-16 12:03:00,358,356,358,358,0
2022-06-16 12:04:00,358,356,358,358,0
2022-06-16 12:05:00,358,356,358,358,0
2022-06-16 12:06:00,358,356,358,358,0
2022-06-16 12:07:00,358,356,358,358,0
2022-06-16 12:08:00,358,356,358,358,0
2022-06-16 12:09:00,358,356,358,358,0
2022-06-16 12:10:00,358,356,358,358,0
2022-06-16 12:11:00,358,356,358,358,0
2022-06-16 12:12:00,358,356,358,358,0
2022-06-16 12:13:00,358,356,358,358,0
2022-06-16 12:14:00,358,356,358,358,0
2022-06-16 12:15:00,358,356,358,358,0
2022-06-16 12:16:00,358,356,358,358,0
2022-06-16 12:17:00,358,356,358,358,0
2022-06-16 12:18:00,358,356,358,358,0
2022-06-16 12:19:00,358,356,358,358,0
2022-06-16 12:20:00,358,356,358,358,0
2022-06-16 12:21:00,358,356,358,358,0
2022-06-16 12:22:00,358,356,358,358,0
2022-06-16 12:23:00,358,356,358,358,0
2022-06-16 12:24:00,358,356,358,358,0
2022-06-16 12:25:00,358,356,358,358,0
2022-06-16 12:26:00,358,356,358,358,0
2022-06-16 12:27:00,358,356,358,358,0
2022-06-16 12:28:00,358,356,358,358,0
2022-06-16 12:29:00,358,356,358,358,0
2022-06-16 12:30:00,358,356,358,358,0
2022-06-16 12:31:00,358,356,358,358,0
2022-06-16 12:32:00,358,356,358,358,0
2022-06-16 12:33:00,358,356,358,358,0
2022-06-16 12:34:00,358,356,358,358,0
2022-06-16 12:35:00,358,356,358,358,0
2022-06-16 12:36:00,358,356,358,358,0
2022-06-16 12:37:00,358,356,358,358,0
2022-06-16 12:38:00,358,356,358,358,0
2022-06-16 12:39:00,358,356,358,358,0
2022-06-16 12:40:00,358,356,358,358,0
2022-06-16 12:41:00,358,356,358,358,0
2022-06-16 12:42:00,358,356,358,358,0
2022-06-16 12:43:00,358,356,358,358,0
2022-06-16 12:44:00,358,356,358,358,0
2022-06-16 12:45:00,358,356,358,358,0
2022-06-16 12:46:00,358,356,358,358,0
2022-06-16 12:47:00,358,356,358,358,0
2022-06-16 12:48:00,358,356,358,358,0
2022-06-16 12:49:00,358,356,358,358,0
2022-06-16 12:50:00,358,356,358,358,0
2022-06-16 12:51:00,358,356,358,358,0
2022-06-16 12:52:00,358,356,358,358,0
2022-06-16 12:53:00,358,356,358,358,0
2022-06-16 12:54:00,358,356,358,358,0
2022-06-16 12:55:00,358,356,358,358,0
2022-06-16 12:56:00,358,356,358,358,0
2022-06-16 12:57:00,358,356,358,358,0
2022-06-16 12:58:00,358,356,358,358,0
2022-06-16 12:59:00,358,356,358,358,0
2022-06-16 13:00:00,358,356,358,358,0
2022-06-16 13:01:00,358,356,358,358,0
2022-06-16 13:02:00,358,356,358,358,0
2022-06-16 13:03:00,358,356,358,358,0
2022-06-16 13:04:00,358,356,358,358,0
2022-06-16 13:05:00,358,356,358,358,0
2022-06-16 13:06:00,358,356,358,358,0
2022-06-16 13:07:00,358,356,358,358,0
2022-06-16 13:08:00,358,356,358,358,0
2022-06-16 13:09:00,358,356,358,358,0
2022-06-16 13:10:00,358,356,358,358,0
2022-06-16 13:11:00,358,356,358,358,0
2022-06-16 13:12:00,358,356,358,358,0
2022-06-16 13:13:00,358,356,358,358,0
2022-06-16 13:14:00,358,356,358,358,0
2022-06-16 13:15:00,358,356,358,358,0
2022-06-16 13:16:00,358,356,358,358,0
2022-06-16 13:17:00,358,356,358,358,0
2022-06-16 13:18:00,358,356,358,358,0
2022-06-16 13:19:00,358,356,358,358,0
2022-06-16 13:20:00,358,356,358,358,0
2022-06-16 13:21:00,358,356,358,358,0
2022-06-16 13:22:00,358,356,358,358,0
2022-06-16 13:23:00,358,356,358,358,0
2022-06-16 13:24:00,358,356,358,358,0
2022-06-16 13:25:00,358,356,358,358,0
2022-06-16 13:26:00,358,356,358,358,0
2022-06-16 13:27:00,358,356,358,358,0
2022-06-16 13:28:00,358,356,358,358,0
2022-06-16 13:29:00,358,356,358,358,0
2022-06-16 13:30:00,360,358,360,358,1582900
2022-06-16 13:31:00,358,358,358,358,417300
2022-06-16 13:32:00,358,358,358,358,218000
2022-06-16 13:33:00,358,356,360,358,327100
2022-06-16 13:34:00,358,358,358,358,55900
2022-06-16 13:35:00,358,356,358,356,324000
2022-06-16 13:36:00,356,356,358,358,136800
2022-06-16 13:37:00,358,358,360,358,154700
2022-06-16 13:38:00,358,358,360,360,669000
2022-06-16 13:39:00,358,356,360,356,435100
2022-06-16 13:40:00,358,358,358,358,83800
2022-06-16 13:41:00,358,356,358,356,484900
2022-06-16 13:42:00,356,350,356,354,5856100
2022-06-16 13:43:00,352,350,356,350,2702500
2022-06-16 13:44:00,352,350,356,356,1052600
2022-06-16 13:45:00,354,354,356,354,579400
2022-06-16 13:46:00,354,354,354,354,84700
2022-06-16 13:47:00,354,352,354,354,166300
2022-06-16 13:48:00,354,352,354,354,53400
2022-06-16 13:49:00,352,352,354,352,169600
2022-06-16 13:50:00,354,352,354,352,1025100
2022-06-16 13:51:00,352,350,352,352,489600
2022-06-16 13:52:00,352,352,354,354,350600
2022-06-16 13:53:00,352,350,352,352,547200
2022-06-16 13:54:00,352,350,352,350,370800
2022-06-16 13:55:00,352,348,352,348,1725100
2022-06-16 13:56:00,348,344,350,346,2516700
2022-06-16 13:57:00,348,346,350,350,641100
2022-06-16 13:58:00,348,348,352,350,977200
2022-06-16 13:59:00,350,350,352,350,143300
2022-06-16 14:00:00,350,348,350,350,564200
2022-06-16 14:01:00,350,350,352,350,2515600
2022-06-16 14:02:00,350,348,350,348,132100
2022-06-16 14:03:00,348,346,350,348,1695800
2022-06-16 14:04:00,348,346,348,346,143700
2022-06-16 14:05:00,346,344,348,344,2518100
2022-06-16 14:06:00,344,340,346,340,6814200
2022-06-16 14:07:00,340,338,344,340,3048400
2022-06-16 14:08:00,338,338,342,342,585300
2022-06-16 14:09:00,340,338,342,340,1479200
2022-06-16 14:10:00,342,340,342,340,553800
2022-06-16 14:11:00,340,336,340,336,2543500
2022-06-16 14:12:00,338,336,340,340,2009400
2022-06-16 14:13:00,340,338,342,342,357200
2022-06-16 14:14:00,342,340,342,342,397000
2022-06-16 14:15:00,342,342,344,342,472700
2022-06-16 14:16:00,342,340,344,342,242900
2022-06-16 14:17:00,342,336,342,340,1156600
2022-06-16 14:18:00,342,340,342,342,46300
2022-06-16 14:19:00,342,340,342,342,25700
2022-06-16 14:20:00,340,340,342,342,96400
2022-06-16 14:21:00,342,340,342,340,735800
2022-06-16 14:22:00,340,338,340,340,122300
2022-06-16 14:23:00,340,340,342,342,19700
2022-06-16 14:24:00,340,338,342,340,775100
2022-06-16 14:25:00,338,338,340,340,293100
2022-06-16 14:26:00,340,340,342,340,125500
2022-06-16 14:27:00,340,338,340,338,325600
2022-06-16 14:28:00,338,338,340,340,994800
2022-06-16 14:29:00,340,338,342,338,321200
2022-06-16 14:30:00,340,338,340,338,73800
2022-06-16 14:31:00,340,338,340,338,418500
2022-06-16 14:32:00,338,336,340,336,1221500
2022-06-16 14:33:00,336,336,340,340,386100
2022-06-16 14:34:00,340,338,340,338,1133900
2022-06-16 14:35:00,338,338,340,340,93700
2022-06-16 14:36:00,340,338,340,338,66100
2022-06-16 14:37:00,338,338,340,340,126000
2022-06-16 14:38:00,340,338,340,340,531300
2022-06-16 14:39:00,338,338,340,340,151100
2022-06-16 14:40:00,340,338,340,338,341600
2022-06-16 14:41:00,338,338,340,338,755300
2022-06-16 14:42:00,338,338,340,338,135000
2022-06-16 14:43:00,340,338,340,338,100500
2022-06-16 14:44:00,338,338,340,338,337600
2022-06-16 14:45:00,338,338,340,340,30500
2022-06-16 14:46:00,340,338,340,340,65400
2022-06-16 14:47:00,338,338,340,340,33800
2022-06-16 14:48:00,338,338,344,342,2864700
2022-06-16 14:49:00,342,342,344,344,536400
2022-06-16 14:50:00,344,344,344,344,200
2022-06-16 14:51:00,344,344,344,344,0
2022-06-16 14:52:00,344,344,344,344,0
2022-06-16 14:53:00,344,344,344,344,0
2022-06-16 14:54:00,344,344,344,344,0
2022-06-16 14:55:00,344,344,344,344,0
2022-06-16 14:56:00,344,344,344,344,0
2022-06-16 14:57:00,344,344,344,344,0
2022-06-16 14:58:00,344,344,344,344,0
2022-06-16 14:59:00,344,344,344,344,0
2022-06-16 15:00:00,344,344,344,344,3393500
2022-06-16 15:01:00,344,344,344,344,116600
2022-06-16 15:02:00,344,344,344,344,84800
2022-06-16 15:03:00,344,344,344,344,1000
2022-06-16 15:04:00,344,344,344,344,43600
2022-06-16 15:05:00,344,344,344,344,7000
2022-06-16 15:06:00,344,344,344,344,9200
2022-06-16 15:07:00,344,344,344,344,300300
2022-06-16 15:08:00,344,344,344,344,11000
2022-06-16 15:09:00,344,344,344,344,0
2022-06-16 15:10:00,344,344,344,344,4900
2022-06-16 15:11:00,344,344,344,344,0
2022-06-16 15:12:00,344,344,344,344,38800
2022-06-16 15:13:00,344,344,344,344,0
2022-06-16 15:14:00,344,344,344,344,1700
2022-06-16 15:15:00,344,344,344,344,0
2022-06-16 15:16:00,344,344,344,344,0
2022-06-16 15:17:00,344,344,344,344,0
2022-06-16 15:18:00,344,344,344,344,0
2022-06-16 15:19:00,344,344,344,344,0
2022-06-16 15:20:00,344,344,344,344,0
2022-06-16 15:21:00,344,344,344,344,0
2022-06-16 15:22:00,344,344,344,344,0
2022-06-16 15:23:00,344,344,344,344,0
2022-06-16 15:24:00,344,344,344,344,0
2022-06-16 15:25:00,344,344,344,344,0
2022-06-16 15:26:00,344,344,344,344,0
2022-06-16 15:27:00,344,344,344,344,0
2022-06-16 15:28:00,344,344,344,344,0
2022-06-16 15:29:00,344,344,344,344,0
2022-06-16 15:30:00,344,344,344,344,0
2022-06-16 15:31:00,344,344,344,344,0
2022-06-16 15:32:00,344,344,344,344,0
2022-06-16 15:33:00,344,344,344,344,0
2022-06-16 15:34:00,344,344,344,344,0
2022-06-16 15:35:00,344,344,344,344,0
2022-06-16 15:36:00,344,344,344,344,0
2022-06-16 15:37:00,344,344,344,344,0
2022-06-16 15:38:00,344,344,344,344,0
2022-06-16 15:39:00,344,344,344,344,0
2022-06-16 15:40:00,344,344,344,344,0
2022-06-16 15:41:00,344,344,344,344,0
2022-06-16 15:42:00,344,344,344,344,0
2022-06-16 15:43:00,344,344,344,344,0
2022-06-16 15:44:00,344,344,344,344,0
2022-06-16 15:45:00,344,344,344,344,0
2022-06-16 15:46:00,344,344,344,344,0
2022-06-16 15:47:00,344,344,344,344,0
2022-06-16 15:48:00,344,344,344,344,0
2022-06-16 15:49:00,344,344,344,344,0
2022-06-16 15:50:00,344,344,344,344,0
2022-06-16 15:51:00,344,344,344,344,0
2022-06-16 15:52:00,344,344,344,344,0
2022-06-16 15:53:00,344,344,344,344,0
2022-06-16 15:54:00,344,344,344,344,0
2022-06-16 15:55:00,344,344,344,344,0
2022-06-16 15:56:00,344,344,344,344,0
2022-06-16 15:57:00,344,344,344,344,0
2022-06-16 15:58:00,344,344,344,344,0
2022-06-16 15:59:00,344,344,344,344,0
2022-06-17 09:00:00,344,336,344,336,0
2022-06-17 09:01:00,336,336,342,342,896800
2022-06-17 09:02:00,342,340,346,346,1568900
2022-06-17 09:03:00,346,344,348,348,2209300
2022-06-17 09:04:00,348,346,356,356,5111500
2022-06-17 09:05:00,354,350,360,354,6132900
2022-06-17 09:06:00,352,352,358,358,2933300
2022-06-17 09:07:00,358,356,360,358,4732600
2022-06-17 09:08:00,358,358,364,360,4182500
2022-06-17 09:09:00,360,360,364,364,3353300
2022-06-17 09:10:00,364,360,368,364,8478100
2022-06-17 09:11:00,364,362,370,370,6394400
2022-06-17 09:12:00,370,366,370,368,2888700
2022-06-17 09:13:00,368,364,370,366,2890700
2022-06-17 09:14:00,364,364,370,368,3740500
2022-06-17 09:15:00,368,364,370,364,2454500
2022-06-17 09:16:00,366,366,370,368,1854400
2022-06-17 09:17:00,370,368,374,374,6287900
2022-06-17 09:18:00,374,372,380,380,4116200
2022-06-17 09:19:00,380,376,382,376,5670600
2022-06-17 09:20:00,374,370,378,376,3489600
2022-06-17 09:21:00,376,374,378,378,1543400
2022-06-17 09:22:00,378,376,384,382,4777400
2022-06-17 09:23:00,382,378,382,378,3751200
2022-06-17 09:24:00,378,376,382,378,2183900
2022-06-17 09:25:00,378,376,380,378,2289200
2022-06-17 09:26:00,378,372,378,372,4663300
2022-06-17 09:27:00,372,372,376,376,1557700
2022-06-17 09:28:00,376,370,376,372,2844200
2022-06-17 09:29:00,372,368,374,374,3505700
2022-06-17 09:30:00,372,372,374,374,714100
2022-06-17 09:31:00,372,366,374,366,5024700
2022-06-17 09:32:00,368,368,370,370,1357000
2022-06-17 09:33:00,370,368,372,372,997200
2022-06-17 09:34:00,370,370,372,372,843600
2022-06-17 09:35:00,374,372,374,372,565400
2022-06-17 09:36:00,372,368,372,368,1686800
2022-06-17 09:37:00,370,364,370,366,3534500
2022-06-17 09:38:00,366,364,366,366,682300
2022-06-17 09:39:00,366,364,368,368,1223600
2022-06-17 09:40:00,368,368,370,370,363500
2022-06-17 09:41:00,370,368,370,370,914300
2022-06-17 09:42:00,370,370,372,372,450800
2022-06-17 09:43:00,372,370,372,372,691400
2022-06-17 09:44:00,372,372,374,372,302000
2022-06-17 09:45:00,372,370,372,372,1317400
2022-06-17 09:46:00,372,368,372,370,594500
2022-06-17 09:47:00,370,368,370,370,84200
2022-06-17 09:48:00,370,368,370,368,74000
2022-06-17 09:49:00,370,368,370,370,669900
2022-06-17 09:50:00,370,370,372,370,215000
2022-06-17 09:51:00,370,370,370,370,822200
2022-06-17 09:52:00,370,370,372,372,311400
2022-06-17 09:53:00,370,368,370,368,282500
2022-06-17 09:54:00,370,368,370,370,24100
2022-06-17 09:55:00,370,368,370,370,973800
2022-06-17 09:56:00,370,370,372,372,1433300
2022-06-17 09:57:00,372,372,374,372,556700
2022-06-17 09:58:00,372,370,374,372,854200
2022-06-17 09:59:00,370,370,372,372,26100
2022-06-17 10:00:00,372,370,372,370,979700
2022-06-17 10:01:00,370,370,372,370,171200
2022-06-17 10:02:00,372,370,372,370,319100
2022-06-17 10:03:00,370,368,372,370,527400
2022-06-17 10:04:00,370,368,370,370,53700
2022-06-17 10:05:00,370,368,370,368,57400
2022-06-17 10:06:00,370,368,370,368,1537800
2022-06-17 10:07:00,368,366,370,366,1290800
2022-06-17 10:08:00,366,364,368,364,1547700
2022-06-17 10:09:00,366,360,366,364,4988400
2022-06-17 10:10:00,364,364,366,364,541600
2022-06-17 10:11:00,364,362,364,362,577500
2022-06-17 10:12:00,362,360,364,360,610800
2022-06-17 10:13:00,360,360,362,360,878600
2022-06-17 10:14:00,362,360,362,360,443200
2022-06-17 10:15:00,360,360,362,360,825500
2022-06-17 10:16:00,360,358,364,364,901300
2022-06-17 10:17:00,362,362,366,366,640100
2022-06-17 10:18:00,364,364,366,364,770100
2022-06-17 10:19:00,364,362,364,362,362800
2022-06-17 10:20:00,362,360,362,362,1107300
2022-06-17 10:21:00,360,360,362,362,203200
2022-06-17 10:22:00,362,360,362,362,805300
2022-06-17 10:23:00,362,360,362,362,163700
2022-06-17 10:24:00,362,360,362,362,130000
2022-06-17 10:25:00,362,362,364,364,12000
2022-06-17 10:26:00,364,362,364,364,86800
2022-06-17 10:27:00,362,362,364,364,416600
2022-06-17 10:28:00,364,364,366,364,162800
2022-06-17 10:29:00,364,364,364,364,66400
2022-06-17 10:30:00,364,364,366,366,42300
2022-06-17 10:31:00,364,364,366,366,29800
2022-06-17 10:32:00,366,364,366,366,50600
2022-06-17 10:33:00,366,364,366,364,117500
2022-06-17 10:34:00,364,364,364,364,852400
2022-06-17 10:35:00,364,364,364,364,56800
2022-06-17 10:36:00,364,362,364,364,83500
2022-06-17 10:37:00,364,364,364,364,164600
2022-06-17 10:38:00,364,362,364,364,54500
2022-06-17 10:39:00,364,364,364,364,10900
2022-06-17 10:40:00,364,362,364,364,17900
2022-06-17 10:41:00,362,362,364,362,246500
2022-06-17 10:42:00,362,362,364,364,731600
2022-06-17 10:43:00,366,364,366,366,6400
2022-06-17 10:44:00,366,364,366,366,88400
2022-06-17 10:45:00,364,364,364,364,514100
2022-06-17 10:46:00,366,364,366,364,33700
2022-06-17 10:47:00,366,364,366,364,7200
2022-06-17 10:48:00,366,364,366,364,331400
2022-06-17 10:49:00,364,364,364,364,21700
2022-06-17 10:50:00,362,362,364,364,2200
2022-06-17 10:51:00,364,362,364,362,46500
2022-06-17 10:52:00,362,362,364,364,5400
2022-06-17 10:53:00,362,362,364,362,27800
2022-06-17 10:54:00,362,362,362,362,15700
2022-06-17 10:55:00,364,362,364,364,36100
2022-06-17 10:56:00,362,362,364,362,152300
2022-06-17 10:57:00,362,362,364,362,45500
2022-06-17 10:58:00,362,362,364,362,114400
2022-06-17 10:59:00,364,364,364,364,2000
2022-06-17 11:00:00,364,364,364,364,14900
2022-06-17 11:01:00,364,362,364,364,60500
2022-06-17 11:02:00,364,362,364,362,82400
2022-06-17 11:03:00,364,362,364,362,17800
2022-06-17 11:04:00,362,362,366,364,660900
2022-06-17 11:05:00,364,364,366,366,139700
2022-06-17 11:06:00,366,364,366,364,1900
2022-06-17 11:07:00,364,364,366,366,407400
2022-06-17 11:08:00,364,364,366,366,58200
2022-06-17 11:09:00,366,364,366,364,260500
2022-06-17 11:10:00,366,366,366,366,11800
2022-06-17 11:11:00,364,364,366,364,30100
2022-06-17 11:12:00,364,364,366,366,12100
2022-06-17 11:13:00,364,364,366,366,22500
2022-06-17 11:14:00,366,364,366,364,99200
2022-06-17 11:15:00,366,364,366,366,12100
2022-06-17 11:16:00,364,364,364,364,64500
2022-06-17 11:17:00,364,364,366,366,1170100
2022-06-17 11:18:00,364,364,364,364,61300
2022-06-17 11:19:00,364,364,366,366,23100
2022-06-17 11:20:00,366,364,366,364,31000
2022-06-17 11:21:00,364,364,366,364,40800
2022-06-17 11:22:00,366,364,366,364,17600
2022-06-17 11:23:00,364,364,366,366,20300
2022-06-17 11:24:00,364,364,364,364,5300
2022-06-17 11:25:00,366,364,366,364,12200
2022-06-17 11:26:00,364,364,366,366,91800
2022-06-17 11:27:00,364,364,366,364,107900
2022-06-17 11:28:00,366,364,366,366,328800
2022-06-17 11:29:00,364,364,366,366,40900
2022-06-17 11:30:00,364,364,366,366,0
2022-06-17 11:31:00,364,364,366,366,0
2022-06-17 11:32:00,364,364,366,366,0
2022-06-17 11:33:00,364,364,366,366,0
2022-06-17 11:34:00,364,364,366,366,0
2022-06-17 11:35:00,364,364,366,366,0
2022-06-17 11:36:00,364,364,366,366,0
2022-06-17 11:37:00,364,364,366,366,0
2022-06-17 11:38:00,364,364,366,366,0
2022-06-17 11:39:00,364,364,366,366,0
2022-06-17 11:40:00,364,364,366,366,0
2022-06-17 11:41:00,364,364,366,366,0
2022-06-17 11:42:00,364,364,366,366,0
2022-06-17 11:43:00,364,364,366,366,0
2022-06-17 11:44:00,364,364,366,366,0
2022-06-17 11:45:00,364,364,366,366,0
2022-06-17 11:46:00,364,364,366,366,0
2022-06-17 11:47:00,364,364,366,366,0
2022-06-17 11:48:00,364,364,366,366,0
2022-06-17 11:49:00,364,364,366,366,0
2022-06-17 11:50:00,364,364,366,366,0
2022-06-17 11:51:00,364,364,366,366,0
2022-06-17 11:52:00,364,364,366,366,0
2022-06-17 11:53:00,364,364,366,366,0
2022-06-17 11:54:00,364,364,366,366,0
2022-06-17 11:55:00,364,364,366,366,0
2022-06-17 11:56:00,364,364,366,366,0
2022-06-17 11:57:00,364,364,366,366,0
2022-06-17 11:58:00,364,364,366,366,0
2022-06-17 11:59:00,364,364,366,366,0
2022-06-17 12:00:00,364,364,366,366,0
2022-06-17 12:01:00,364,364,366,366,0
2022-06-17 12:02:00,364,364,366,366,0
2022-06-17 12:03:00,364,364,366,366,0
2022-06-17 12:04:00,364,364,366,366,0
2022-06-17 12:05:00,364,364,366,366,0
2022-06-17 12:06:00,364,364,366,366,0
2022-06-17 12:07:00,364,364,366,366,0
2022-06-17 12:08:00,364,364,366,366,0
2022-06-17 12:09:00,364,364,366,366,0
2022-06-17 12:10:00,364,364,366,366,0
2022-06-17 12:11:00,364,364,366,366,0
2022-06-17 12:12:00,364,364,366,366,0
2022-06-17 12:13:00,364,364,366,366,0
2022-06-17 12:14:00,364,364,366,366,0
2022-06-17 12:15:00,364,364,366,366,0
2022-06-17 12:16:00,364,364,366,366,0
2022-06-17 12:17:00,364,364,366,366,0
2022-06-17 12:18:00,364,364,366,366,0
2022-06-17 12:19:00,364,364,366,366,0
2022-06-17 12:20:00,364,364,366,366,0
2022-06-17 12:21:00,364,364,366,366,0
2022-06-17 12:22:00,364,364,366,366,0
2022-06-17 12:23:00,364,364,366,366,0
2022-06-17 12:24:00,364,364,366,366,0
2022-06-17 12:25:00,364,364,366,366,0
2022-06-17 12:26:00,364,364,366,366,0
2022-06-17 12:27:00,364,364,366,366,0
2022-06-17 12:28:00,364,364,366,366,0
2022-06-17 12:29:00,364,364,366,366,0
2022-06-17 12:30:00,364,364,366,366,0
2022-06-17 12:31:00,364,364,366,366,0
2022-06-17 12:32:00,364,364,366,366,0
2022-06-17 12:33:00,364,364,366,366,0
2022-06-17 12:34:00,364,364,366,366,0
2022-06-17 12:35:00,364,364,366,366,0
2022-06-17 12:36:00,364,364,366,366,0
2022-06-17 12:37:00,364,364,366,366,0
2022-06-17 12:38:00,364,364,366,366,0
2022-06-17 12:39:00,364,364,366,366,0
2022-06-17 12:40:00,364,364,366,366,0
2022-06-17 12:41:00,364,364,366,366,0
2022-06-17 12:42:00,364,364,366,366,0
2022-06-17 12:43:00,364,364,366,366,0
2022-06-17 12:44:00,364,364,366,366,0
2022-06-17 12:45:00,364,364,366,366,0
2022-06-17 12:46:00,364,364,366,366,0
2022-06-17 12:47:00,364,364,366,366,0
2022-06-17 12:48:00,364,364,366,366,0
2022-06-17 12:49:00,364,364,366,366,0
2022-06-17 12:50:00,364,364,366,366,0
2022-06-17 12:51:00,364,364,366,366,0
2022-06-17 12:52:00,364,364,366,366,0
2022-06-17 12:53:00,364,364,366,366,0
2022-06-17 12:54:00,364,364,366,366,0
2022-06-17 12:55:00,364,364,366,366,0
2022-06-17 12:56:00,364,364,366,366,0
2022-06-17 12:57:00,364,364,366,366,0
2022-06-17 12:58:00,364,364,366,366,0
2022-06-17 12:59:00,364,364,366,366,0
2022-06-17 13:00:00,364,364,366,366,0
2022-06-17 13:01:00,364,364,366,366,0
2022-06-17 13:02:00,364,364,366,366,0
2022-06-17 13:03:00,364,364,366,366,0
2022-06-17 13:04:00,364,364,366,366,0
2022-06-17 13:05:00,364,364,366,366,0
2022-06-17 13:06:00,364,364,366,366,0
2022-06-17 13:07:00,364,364,366,366,0
2022-06-17 13:08:00,364,364,366,366,0
2022-06-17 13:09:00,364,364,366,366,0
2022-06-17 13:10:00,364,364,366,366,0
2022-06-17 13:11:00,364,364,366,366,0
2022-06-17 13:12:00,364,364,366,366,0
2022-06-17 13:13:00,364,364,366,366,0
2022-06-17 13:14:00,364,364,366,366,0
2022-06-17 13:15:00,364,364,366,366,0
2022-06-17 13:16:00,364,364,366,366,0
2022-06-17 13:17:00,364,364,366,366,0
2022-06-17 13:18:00,364,364,366,366,0
2022-06-17 13:19:00,364,364,366,366,0
2022-06-17 13:20:00,364,364,366,366,0
2022-06-17 13:21:00,364,364,366,366,0
2022-06-17 13:22:00,364,364,366,366,0
2022-06-17 13:23:00,364,364,366,366,0
2022-06-17 13:24:00,364,364,366,366,0
2022-06-17 13:25:00,364,364,366,366,0
2022-06-17 13:26:00,364,364,366,366,0
2022-06-17 13:27:00,364,364,366,366,0
2022-06-17 13:28:00,364,364,366,366,0
2022-06-17 13:29:00,364,364,366,366,0
2022-06-17 13:30:00,366,364,366,366,1080300
2022-06-17 13:31:00,366,366,366,366,500
2022-06-17 13:32:00,366,364,366,366,6100
2022-06-17 13:33:00,366,366,366,366,600
2022-06-17 13:34:00,364,364,366,366,32300
2022-06-17 13:35:00,366,364,366,366,173800
2022-06-17 13:36:00,366,364,370,370,2617100
2022-06-17 13:37:00,370,368,370,368,198900
2022-06-17 13:38:00,368,368,372,372,1167200
2022-06-17 13:39:00,372,370,372,370,755100
2022-06-17 13:40:00,370,370,370,370,78000
2022-06-17 13:41:00,368,368,374,374,4652200
2022-06-17 13:42:00,374,372,376,376,2103200
2022-06-17 13:43:00,376,374,378,376,3001700
2022-06-17 13:44:00,376,372,376,372,881000
2022-06-17 13:45:00,372,370,374,370,1470500
2022-06-17 13:46:00,370,370,372,372,816900
2022-06-17 13:47:00,372,372,374,374,133600
2022-06-17 13:48:00,374,372,374,374,744000
2022-06-17 13:49:00,372,372,374,374,179800
2022-06-17 13:50:00,374,374,376,374,743600
2022-06-17 13:51:00,374,374,374,374,395500
2022-06-17 13:52:00,374,374,376,376,380200
2022-06-17 13:53:00,376,374,376,376,1688100
2022-06-17 13:54:00,376,374,376,376,133100
2022-06-17 13:55:00,376,374,376,376,29600
2022-06-17 13:56:00,374,372,376,374,706600
2022-06-17 13:57:00,374,374,376,376,198800
2022-06-17 13:58:00,376,374,376,374,199700
2022-06-17 13:59:00,374,372,374,372,325300
2022-06-17 14:00:00,374,372,374,374,36000
2022-06-17 14:01:00,374,372,374,374,184000
2022-06-17 14:02:00,374,372,374,372,396500
2022-06-17 14:03:00,372,370,374,372,1278300
2022-06-17 14:04:00,372,370,372,370,198300
2022-06-17 14:05:00,370,370,372,372,69300
2022-06-17 14:06:00,370,370,372,372,270300
2022-06-17 14:07:00,372,370,372,372,381000
2022-06-17 14:08:00,372,370,372,372,77600
2022-06-17 14:09:00,370,370,372,372,301700
2022-06-17 14:10:00,372,370,372,370,535900
2022-06-17 14:11:00,370,368,372,370,445900
2022-06-17 14:12:00,370,368,370,368,147200
2022-06-17 14:13:00,370,368,370,370,200300
2022-06-17 14:14:00,370,368,370,368,111200
2022-06-17 14:15:00,368,366,368,366,3991300
2022-06-17 14:16:00,366,364,368,366,1180600
2022-06-17 14:17:00,368,366,368,368,503600
2022-06-17 14:18:00,368,368,370,370,194100
2022-06-17 14:19:00,370,368,370,370,41800
2022-06-17 14:20:00,368,368,370,368,195200
2022-06-17 14:21:00,368,366,368,368,793400
2022-06-17 14:22:00,368,366,368,368,547400
2022-06-17 14:23:00,368,368,370,370,425100
2022-06-17 14:24:00,368,368,370,370,138100
2022-06-17 14:25:00,370,368,370,370,2200
2022-06-17 14:26:00,370,366,370,368,2092200
2022-06-17 14:27:00,368,366,370,368,602100
2022-06-17 14:28:00,366,364,368,366,338600
2022-06-17 14:29:00,366,366,368,368,681700
2022-06-17 14:30:00,368,362,368,362,2003400
2022-06-17 14:31:00,364,360,364,362,1240800
2022-06-17 14:32:00,362,362,366,366,247500
2022-06-17 14:33:00,366,364,366,364,47900
2022-06-17 14:34:00,364,364,366,366,630200
2022-06-17 14:35:00,366,366,368,368,363000
2022-06-17 14:36:00,368,368,372,372,1586200
2022-06-17 14:37:00,372,370,372,370,631000
2022-06-17 14:38:00,370,368,372,372,219300
2022-06-17 14:39:00,370,370,372,372,312600
2022-06-17 14:40:00,370,370,370,370,150600
2022-06-17 14:41:00,370,370,372,372,172400
2022-06-17 14:42:00,370,370,372,372,166700
2022-06-17 14:43:00,372,370,372,372,1651400
2022-06-17 14:44:00,372,372,374,374,1143900
2022-06-17 14:45:00,374,372,374,374,448100
2022-06-17 14:46:00,372,372,376,376,2272800
2022-06-17 14:47:00,376,374,376,374,718400
2022-06-17 14:48:00,374,374,376,376,917500
2022-06-17 14:49:00,376,376,380,380,3388100
2022-06-17 14:50:00,380,380,380,380,1000
2022-06-17 14:51:00,380,380,380,380,0
2022-06-17 14:52:00,380,380,380,380,0
2022-06-17 14:53:00,380,380,380,380,0
2022-06-17 14:54:00,380,380,380,380,0
2022-06-17 14:55:00,380,380,380,380,0
2022-06-17 14:56:00,380,380,380,380,0
2022-06-17 14:57:00,380,380,380,380,0
2022-06-17 14:58:00,380,380,380,380,0
2022-06-17 14:59:00,380,380,380,380,0
2022-06-17 15:00:00,382,382,382,382,7216500
2022-06-17 15:01:00,382,382,382,382,610900
2022-06-17 15:02:00,382,382,382,382,243900
2022-06-17 15:03:00,382,382,382,382,59800
2022-06-17 15:04:00,382,382,382,382,1659400
2022-06-17 15:05:00,382,382,382,382,64900
2022-06-17 15:06:00,382,382,382,382,39600
2022-06-17 15:07:00,382,382,382,382,151200
2022-06-17 15:08:00,382,382,382,382,40500
2022-06-17 15:09:00,382,382,382,382,184600
2022-06-17 15:10:00,382,382,382,382,392300
2022-06-17 15:11:00,382,382,382,382,92000
2022-06-17 15:12:00,382,382,382,382,72500
2022-06-17 15:13:00,382,382,382,382,30300
2022-06-17 15:14:00,382,382,382,382,0
2022-06-17 15:15:00,382,382,382,382,0
2022-06-17 15:16:00,382,382,382,382,0
2022-06-17 15:17:00,382,382,382,382,0
2022-06-17 15:18:00,382,382,382,382,0
2022-06-17 15:19:00,382,382,382,382,0
2022-06-17 15:20:00,382,382,382,382,0
2022-06-17 15:21:00,382,382,382,382,0
2022-06-17 15:22:00,382,382,382,382,0
2022-06-17 15:23:00,382,382,382,382,0
2022-06-17 15:24:00,382,382,382,382,0
2022-06-17 15:25:00,382,382,382,382,0
2022-06-17 15:26:00,382,382,382,382,0
2022-06-17 15:27:00,382,382,382,382,0
2022-06-17 15:28:00,382,382,382,382,0
2022-06-17 15:29:00,382,382,382,382,0
2022-06-17 15:30:00,382,382,382,382,0
2022-06-17 15:31:00,382,382,382,382,0
2022-06-17 15:32:00,382,382,382,382,0
2022-06-17 15:33:00,382,382,382,382,0
2022-06-17 15:34:00,382,382,382,382,0
2022-06-17 15:35:00,382,382,382,382,0
2022-06-17 15:36:00,382,382,382,382,0
2022-06-17 15:37:00,382,382,382,382,0
2022-06-17 15:38:00,382,382,382,382,0
2022-06-17 15:39:00,382,382,382,382,0
2022-06-17 15:40:00,382,382,382,382,0
2022-06-17 15:41:00,382,382,382,382,0
2022-06-17 15:42:00,382,382,382,382,0
2022-06-17 15:43:00,382,382,382,382,0
2022-06-17 15:44:00,382,382,382,382,0
2022-06-17 15:45:00,382,382,382,382,0
2022-06-17 15:46:00,382,382,382,382,0
2022-06-17 15:47:00,382,382,382,382,0
2022-06-17 15:48:00,382,382,382,382,0
2022-06-17 15:49:00,382,382,382,382,0
2022-06-17 15:50:00,382,382,382,382,0
2022-06-17 15:51:00,382,382,382,382,0
2022-06-17 15:52:00,382,382,382,382,0
2022-06-17 15:53:00,382,382,382,382,0
2022-06-17 15:54:00,382,382,382,382,0
2022-06-17 15:55:00,382,382,382,382,0
2022-06-17 15:56:00,382,382,382,382,0
2022-06-17 15:57:00,382,382,382,382,0
2022-06-17 15:58:00,382,382,382,382,0
2022-06-17 15:59:00,382,382,382,382,0
2022-06-20 09:00:00,380,380,394,390,0
2022-06-20 09:01:00,388,388,396,396,6098300
2022-06-20 09:02:00,396,394,404,404,7588900
2022-06-20 09:03:00,404,398,406,402,9861400
2022-06-20 09:04:00,402,396,404,398,6781600
2022-06-20 09:05:00,396,392,398,392,4323900
2022-06-20 09:06:00,392,388,394,392,4442400
2022-06-20 09:07:00,390,390,396,396,3396700
2022-06-20 09:08:00,396,394,398,394,2405500
2022-06-20 09:09:00,394,392,394,394,1681600
2022-06-20 09:10:00,394,390,394,392,1046700
2022-06-20 09:11:00,392,388,394,388,2997400
2022-06-20 09:12:00,388,388,390,388,1071400
2022-06-20 09:13:00,388,388,390,388,709600
2022-06-20 09:14:00,388,388,390,388,931500
2022-06-20 09:15:00,388,388,390,388,943700
2022-06-20 09:16:00,388,388,394,392,1559700
2022-06-20 09:17:00,394,392,394,392,688500
2022-06-20 09:18:00,392,390,394,390,527400
2022-06-20 09:19:00,390,390,394,392,960100
2022-06-20 09:20:00,392,390,394,394,1421300
2022-06-20 09:21:00,394,392,396,396,104800
2022-06-20 09:22:00,394,394,398,398,1307600
2022-06-20 09:23:00,396,396,400,400,2490700
2022-06-20 09:24:00,398,396,400,396,2757600
2022-06-20 09:25:00,396,396,396,396,662100
2022-06-20 09:26:00,396,394,396,396,357200
2022-06-20 09:27:00,394,394,396,396,104600
2022-06-20 09:28:00,396,392,396,392,722900
2022-06-20 09:29:00,394,392,394,392,226400
2022-06-20 09:30:00,394,392,394,394,117800
2022-06-20 09:31:00,394,394,396,394,490200
2022-06-20 09:32:00,396,394,396,396,118500
2022-06-20 09:33:00,396,394,396,394,228400
2022-06-20 09:34:00,394,394,396,394,104800
2022-06-20 09:35:00,396,394,396,396,66900
2022-06-20 09:36:00,396,394,396,394,1133600
2022-06-20 09:37:00,394,392,394,392,850500
2022-06-20 09:38:00,392,390,392,392,467700
2022-06-20 09:39:00,392,390,392,392,220600
2022-06-20 09:40:00,392,390,392,392,269500
2022-06-20 09:41:00,392,390,392,390,102200
2022-06-20 09:42:00,392,390,392,392,84300
2022-06-20 09:43:00,390,390,392,392,31300
2022-06-20 09:44:00,390,390,392,392,71100
2022-06-20 09:45:00,392,390,392,392,68600
2022-06-20 09:46:00,390,390,392,392,101800
2022-06-20 09:47:00,390,390,392,392,258200
2022-06-20 09:48:00,392,392,394,394,557200
2022-06-20 09:49:00,394,392,394,392,73100
2022-06-20 09:50:00,392,392,394,394,54000
2022-06-20 09:51:00,394,392,394,392,171800
2022-06-20 09:52:00,394,390,394,392,728700
2022-06-20 09:53:00,390,390,392,392,62700
2022-06-20 09:54:00,392,390,392,390,214200
2022-06-20 09:55:00,390,390,392,390,258300
2022-06-20 09:56:00,392,388,392,388,4840300
2022-06-20 09:57:00,388,382,390,384,4580100
2022-06-20 09:58:00,384,382,386,384,1464300
2022-06-20 09:59:00,384,378,386,378,3272100
2022-06-20 10:00:00,378,372,380,378,7184100
2022-06-20 10:01:00,378,376,378,376,2229400
2022-06-20 10:02:00,376,376,380,380,2245500
2022-06-20 10:03:00,380,378,380,380,866300
2022-06-20 10:04:00,380,378,382,382,1240400
2022-06-20 10:05:00,380,380,382,382,164700
2022-06-20 10:06:00,382,380,382,380,503600
2022-06-20 10:07:00,382,376,382,378,1352400
2022-06-20 10:08:00,378,378,380,378,336000
2022-06-20 10:09:00,378,376,380,378,613500
2022-06-20 10:10:00,378,376,378,378,312200
2022-06-20 10:11:00,378,376,378,376,47700
2022-06-20 10:12:00,378,376,378,378,578800
2022-06-20 10:13:00,378,376,378,378,46700
2022-06-20 10:14:00,378,376,378,378,244800
2022-06-20 10:15:00,378,376,378,376,63900
2022-06-20 10:16:00,376,376,378,376,72600
2022-06-20 10:17:00,376,376,378,378,157900
2022-06-20 10:18:00,378,376,378,378,183300
2022-06-20 10:19:00,380,376,380,378,66600
2022-06-20 10:20:00,378,376,378,376,572900
2022-06-20 10:21:00,374,374,376,374,606900
2022-06-20 10:22:00,374,374,376,374,464900
2022-06-20 10:23:00,374,374,376,374,103900
2022-06-20 10:24:00,374,374,376,374,712200
2022-06-20 10:25:00,374,372,376,372,620500
2022-06-20 10:26:00,372,372,374,374,311300
2022-06-20 10:27:00,372,372,376,376,473800
2022-06-20 10:28:00,376,376,378,378,201800
2022-06-20 10:29:00,378,376,378,376,76800
2022-06-20 10:30:00,376,376,378,376,4700
2022-06-20 10:31:00,378,378,380,378,266700
2022-06-20 10:32:00,378,378,380,378,6900
2022-06-20 10:33:00,378,378,380,378,137600
2022-06-20 10:34:00,378,378,378,378,14000
2022-06-20 10:35:00,378,378,378,378,71200
2022-06-20 10:36:00,378,378,380,378,135600
2022-06-20 10:37:00,380,378,380,378,13100
2022-06-20 10:38:00,380,378,380,380,65000
2022-06-20 10:39:00,380,378,380,380,32600
2022-06-20 10:40:00,380,378,380,378,21600
2022-06-20 10:41:00,380,378,380,380,77900
2022-06-20 10:42:00,380,380,380,380,32000
2022-06-20 10:43:00,380,380,382,380,826600
2022-06-20 10:44:00,382,380,382,382,36500
2022-06-20 10:45:00,382,380,382,382,153400
2022-06-20 10:46:00,382,382,384,382,421100
2022-06-20 10:47:00,384,382,386,386,651000
2022-06-20 10:48:00,384,384,386,384,676900
2022-06-20 10:49:00,384,384,386,384,708100
2022-06-20 10:50:00,384,382,384,384,25800
2022-06-20 10:51:00,382,380,384,384,1552300
2022-06-20 10:52:00,382,382,384,384,93300
2022-06-20 10:53:00,384,382,384,382,276000
2022-06-20 10:54:00,384,382,384,384,177300
2022-06-20 10:55:00,384,382,386,386,162500
2022-06-20 10:56:00,386,384,386,386,479800
2022-06-20 10:57:00,386,386,388,388,687000
2022-06-20 10:58:00,384,384,386,386,202700
2022-06-20 10:59:00,386,386,388,386,152600
2022-06-20 11:00:00,386,386,386,386,301600
2022-06-20 11:01:00,388,386,388,386,447700
2022-06-20 11:02:00,386,384,386,384,19000
2022-06-20 11:03:00,386,386,386,386,8600
2022-06-20 11:04:00,386,384,386,384,50400
2022-06-20 11:05:00,386,384,386,386,156200
2022-06-20 11:06:00,386,384,386,386,35500
2022-06-20 11:07:00,386,384,386,384,4200
2022-06-20 11:08:00,384,384,386,384,43300
2022-06-20 11:09:00,384,384,386,386,10100
2022-06-20 11:10:00,386,384,386,384,10300
2022-06-20 11:11:00,386,384,386,384,114400
2022-06-20 11:12:00,384,382,386,384,483700
2022-06-20 11:13:00,384,382,384,384,132800
2022-06-20 11:14:00,382,382,384,382,142100
2022-06-20 11:15:00,384,382,384,384,109100
2022-06-20 11:16:00,384,384,386,386,173800
2022-06-20 11:17:00,386,386,386,386,63300
2022-06-20 11:18:00,384,384,384,384,6600
2022-06-20 11:19:00,384,384,386,386,64900
2022-06-20 11:20:00,386,384,386,386,41800
2022-06-20 11:21:00,384,384,386,386,5400
2022-06-20 11:22:00,386,384,386,386,30800
2022-06-20 11:23:00,386,384,386,386,27700
2022-06-20 11:24:00,386,384,386,386,28700
2022-06-20 11:25:00,386,384,386,384,141600
2022-06-20 11:26:00,386,384,386,386,8000
2022-06-20 11:27:00,384,384,386,386,102100
2022-06-20 11:28:00,386,384,386,386,40600
2022-06-20 11:29:00,386,384,386,384,77800
2022-06-20 11:30:00,386,384,386,384,0
2022-06-20 11:31:00,386,384,386,384,0
2022-06-20 11:32:00,386,384,386,384,0
2022-06-20 11:33:00,386,384,386,384,0
2022-06-20 11:34:00,386,384,386,384,0
2022-06-20 11:35:00,386,384,386,384,0
2022-06-20 11:36:00,386,384,386,384,0
2022-06-20 11:37:00,386,384,386,384,0
2022-06-20 11:38:00,386,384,386,384,0
2022-06-20 11:39:00,386,384,386,384,0
2022-06-20 11:40:00,386,384,386,384,0
2022-06-20 11:41:00,386,384,386,384,0
2022-06-20 11:42:00,386,384,386,384,0
2022-06-20 11:43:00,386,384,386,384,0
2022-06-20 11:44:00,386,384,386,384,0
2022-06-20 11:45:00,386,384,386,384,0
2022-06-20 11:46:00,386,384,386,384,0
2022-06-20 11:47:00,386,384,386,384,0
2022-06-20 11:48:00,386,384,386,384,0
2022-06-20 11:49:00,386,384,386,384,0
2022-06-20 11:50:00,386,384,386,384,0
2022-06-20 11:51:00,386,384,386,384,0
2022-06-20 11:52:00,386,384,386,384,0
2022-06-20 11:53:00,386,384,386,384,0
2022-06-20 11:54:00,386,384,386,384,0
2022-06-20 11:55:00,386,384,386,384,0
2022-06-20 11:56:00,386,384,386,384,0
2022-06-20 11:57:00,386,384,386,384,0
2022-06-20 11:58:00,386,384,386,384,0
2022-06-20 11:59:00,386,384,386,384,0
2022-06-20 12:00:00,386,384,386,384,0
2022-06-20 12:01:00,386,384,386,384,0
2022-06-20 12:02:00,386,384,386,384,0
2022-06-20 12:03:00,386,384,386,384,0
2022-06-20 12:04:00,386,384,386,384,0
2022-06-20 12:05:00,386,384,386,384,0
2022-06-20 12:06:00,386,384,386,384,0
2022-06-20 12:07:00,386,384,386,384,0
2022-06-20 12:08:00,386,384,386,384,0
2022-06-20 12:09:00,386,384,386,384,0
2022-06-20 12:10:00,386,384,386,384,0
2022-06-20 12:11:00,386,384,386,384,0
2022-06-20 12:12:00,386,384,386,384,0
2022-06-20 12:13:00,386,384,386,384,0
2022-06-20 12:14:00,386,384,386,384,0
2022-06-20 12:15:00,386,384,386,384,0
2022-06-20 12:16:00,386,384,386,384,0
2022-06-20 12:17:00,386,384,386,384,0
2022-06-20 12:18:00,386,384,386,384,0
2022-06-20 12:19:00,386,384,386,384,0
2022-06-20 12:20:00,386,384,386,384,0
2022-06-20 12:21:00,386,384,386,384,0
2022-06-20 12:22:00,386,384,386,384,0
2022-06-20 12:23:00,386,384,386,384,0
2022-06-20 12:24:00,386,384,386,384,0
2022-06-20 12:25:00,386,384,386,384,0
2022-06-20 12:26:00,386,384,386,384,0
2022-06-20 12:27:00,386,384,386,384,0
2022-06-20 12:28:00,386,384,386,384,0
2022-06-20 12:29:00,386,384,386,384,0
2022-06-20 12:30:00,386,384,386,384,0
2022-06-20 12:31:00,386,384,386,384,0
2022-06-20 12:32:00,386,384,386,384,0
2022-06-20 12:33:00,386,384,386,384,0
2022-06-20 12:34:00,386,384,386,384,0
2022-06-20 12:35:00,386,384,386,384,0
2022-06-20 12:36:00,386,384,386,384,0
2022-06-20 12:37:00,386,384,386,384,0
2022-06-20 12:38:00,386,384,386,384,0
2022-06-20 12:39:00,386,384,386,384,0
2022-06-20 12:40:00,386,384,386,384,0
2022-06-20 12:41:00,386,384,386,384,0
2022-06-20 12:42:00,386,384,386,384,0
2022-06-20 12:43:00,386,384,386,384,0
2022-06-20 12:44:00,386,384,386,384,0
2022-06-20 12:45:00,386,384,386,384,0
2022-06-20 12:46:00,386,384,386,384,0
2022-06-20 12:47:00,386,384,386,384,0
2022-06-20 12:48:00,386,384,386,384,0
2022-06-20 12:49:00,386,384,386,384,0
2022-06-20 12:50:00,386,384,386,384,0
2022-06-20 12:51:00,386,384,386,384,0
2022-06-20 12:52:00,386,384,386,384,0
2022-06-20 12:53:00,386,384,386,384,0
2022-06-20 12:54:00,386,384,386,384,0
2022-06-20 12:55:00,386,384,386,384,0
2022-06-20 12:56:00,386,384,386,384,0
2022-06-20 12:57:00,386,384,386,384,0
2022-06-20 12:58:00,386,384,386,384,0
2022-06-20 12:59:00,386,384,386,384,0
2022-06-20 13:00:00,386,384,386,384,0
2022-06-20 13:01:00,386,384,386,384,0
2022-06-20 13:02:00,386,384,386,384,0
2022-06-20 13:03:00,386,384,386,384,0
2022-06-20 13:04:00,386,384,386,384,0
2022-06-20 13:05:00,386,384,386,384,0
2022-06-20 13:06:00,386,384,386,384,0
2022-06-20 13:07:00,386,384,386,384,0
2022-06-20 13:08:00,386,384,386,384,0
2022-06-20 13:09:00,386,384,386,384,0
2022-06-20 13:10:00,386,384,386,384,0
2022-06-20 13:11:00,386,384,386,384,0
2022-06-20 13:12:00,386,384,386,384,0
2022-06-20 13:13:00,386,384,386,384,0
2022-06-20 13:14:00,386,384,386,384,0
2022-06-20 13:15:00,386,384,386,384,0
2022-06-20 13:16:00,386,384,386,384,0
2022-06-20 13:17:00,386,384,386,384,0
2022-06-20 13:18:00,386,384,386,384,0
2022-06-20 13:19:00,386,384,386,384,0
2022-06-20 13:20:00,386,384,386,384,0
2022-06-20 13:21:00,386,384,386,384,0
2022-06-20 13:22:00,386,384,386,384,0
2022-06-20 13:23:00,386,384,386,384,0
2022-06-20 13:24:00,386,384,386,384,0
2022-06-20 13:25:00,386,384,386,384,0
2022-06-20 13:26:00,386,384,386,384,0
2022-06-20 13:27:00,386,384,386,384,0
2022-06-20 13:28:00,386,384,386,384,0
2022-06-20 13:29:00,386,384,386,384,0
2022-06-20 13:30:00,384,384,384,384,495700
2022-06-20 13:31:00,384,382,384,382,17400
2022-06-20 13:32:00,382,382,384,382,34700
2022-06-20 13:33:00,382,380,382,380,780400
2022-06-20 13:34:00,380,380,382,380,57300
2022-06-20 13:35:00,380,380,382,380,895400
2022-06-20 13:36:00,380,378,380,378,1577700
2022-06-20 13:37:00,376,376,378,378,523600
2022-06-20 13:38:00,380,378,380,378,119200
2022-06-20 13:39:00,380,378,380,378,136000
2022-06-20 13:40:00,378,378,380,380,94800
2022-06-20 13:41:00,380,378,380,380,18500
2022-06-20 13:42:00,378,378,380,378,11800
2022-06-20 13:43:00,378,378,380,380,86300
2022-06-20 13:44:00,380,378,380,378,153900
2022-06-20 13:45:00,378,378,380,380,529600
2022-06-20 13:46:00,380,378,382,382,145700
2022-06-20 13:47:00,382,380,382,380,36000
2022-06-20 13:48:00,380,380,382,380,8700
2022-06-20 13:49:00,380,380,382,382,14200
2022-06-20 13:50:00,382,380,382,380,1300
2022-06-20 13:51:00,382,380,382,380,443300
2022-06-20 13:52:00,380,380,380,380,18000
2022-06-20 13:53:00,380,380,380,380,96200
2022-06-20 13:54:00,382,380,382,382,579800
2022-06-20 13:55:00,380,380,382,380,281100
2022-06-20 13:56:00,380,378,380,378,34600
2022-06-20 13:57:00,378,378,380,378,125200
2022-06-20 13:58:00,378,378,380,380,323500
2022-06-20 13:59:00,380,378,380,378,7100
2022-06-20 14:00:00,378,378,380,380,24700
2022-06-20 14:01:00,380,378,380,378,17400
2022-06-20 14:02:00,380,378,380,378,211500
2022-06-20 14:03:00,380,378,380,380,11700
2022-06-20 14:04:00,378,378,380,378,47100
2022-06-20 14:05:00,378,378,382,380,280100
2022-06-20 14:06:00,380,378,380,378,139900
2022-06-20 14:07:00,380,378,380,378,17100
2022-06-20 14:08:00,378,378,380,380,156100
2022-06-20 14:09:00,380,378,380,378,326700
2022-06-20 14:10:00,378,378,382,378,179400
2022-06-20 14:11:00,380,380,380,380,200
2022-06-20 14:12:00,380,378,380,380,14000
2022-06-20 14:13:00,380,380,380,380,3200
2022-06-20 14:14:00,378,378,380,378,12700
2022-06-20 14:15:00,378,378,380,378,100400
2022-06-20 14:16:00,380,378,380,380,12300
2022-06-20 14:17:00,380,378,380,380,86800
2022-06-20 14:18:00,378,378,380,380,29800
2022-06-20 14:19:00,378,378,380,380,129300
2022-06-20 14:20:00,378,378,380,380,33000
2022-06-20 14:21:00,380,378,380,378,47500
2022-06-20 14:22:00,378,378,378,378,134400
2022-06-20 14:23:00,378,378,380,378,124300
2022-06-20 14:24:00,378,378,380,380,503900
2022-06-20 14:25:00,378,376,380,378,310800
2022-06-20 14:26:00,378,376,378,378,151000
2022-06-20 14:27:00,378,378,380,378,69600
2022-06-20 14:28:00,378,378,380,380,238000
2022-06-20 14:29:00,378,378,378,378,81600
2022-06-20 14:30:00,378,378,378,378,40200
2022-06-20 14:31:00,378,376,378,378,17900
2022-06-20 14:32:00,376,376,378,376,84700
2022-06-20 14:33:00,376,376,378,378,82700
2022-06-20 14:34:00,376,376,378,378,188900
2022-06-20 14:35:00,378,376,378,376,159000
2022-06-20 14:36:00,376,376,376,376,90000
2022-06-20 14:37:00,376,376,378,376,294300
2022-06-20 14:38:00,378,376,378,376,15900
2022-06-20 14:39:00,376,376,378,378,56400
2022-06-20 14:40:00,376,376,380,380,592700
2022-06-20 14:41:00,378,378,380,378,132000
2022-06-20 14:42:00,380,380,382,380,1038000
2022-06-20 14:43:00,382,382,386,384,1092800
2022-06-20 14:44:00,384,384,388,386,798600
2022-06-20 14:45:00,386,386,388,388,122000
2022-06-20 14:46:00,386,384,388,386,1192700
2022-06-20 14:47:00,386,386,388,388,895000
2022-06-20 14:48:00,388,388,390,388,851000
2022-06-20 14:49:00,388,388,390,390,836400
2022-06-20 14:50:00,388,388,390,390,0
2022-06-20 14:51:00,388,388,390,390,0
2022-06-20 14:52:00,388,388,390,390,0
2022-06-20 14:53:00,388,388,390,390,0
2022-06-20 14:54:00,388,388,390,390,0
2022-06-20 14:55:00,388,388,390,390,0
2022-06-20 14:56:00,388,388,390,390,0
2022-06-20 14:57:00,388,388,390,390,0
2022-06-20 14:58:00,388,388,390,390,0
2022-06-20 14:59:00,388,388,390,390,0
2022-06-20 15:00:00,388,388,388,388,5426700
2022-06-20 15:01:00,388,388,388,388,105600
2022-06-20 15:02:00,388,388,388,388,63100
2022-06-20 15:03:00,388,388,388,388,64700
2022-06-20 15:04:00,388,388,388,388,6600
2022-06-20 15:05:00,388,388,388,388,13100
2022-06-20 15:06:00,388,388,388,388,183100
2022-06-20 15:07:00,388,388,388,388,19600
2022-06-20 15:08:00,388,388,388,388,18000
2022-06-20 15:09:00,388,388,388,388,16500
2022-06-20 15:10:00,388,388,388,388,8600
2022-06-20 15:11:00,388,388,388,388,16000
2022-06-20 15:12:00,388,388,388,388,6000
2022-06-20 15:13:00,388,388,388,388,1500
2022-06-20 15:14:00,388,388,388,388,70000
2022-06-20 15:15:00,388,388,388,388,0
2022-06-20 15:16:00,388,388,388,388,0
2022-06-20 15:17:00,388,388,388,388,0
2022-06-20 15:18:00,388,388,388,388,0
2022-06-20 15:19:00,388,388,388,388,0
2022-06-20 15:20:00,388,388,388,388,0
2022-06-20 15:21:00,388,388,388,388,0
2022-06-20 15:22:00,388,388,388,388,0
2022-06-20 15:23:00,388,388,388,388,0
2022-06-20 15:24:00,388,388,388,388,0
2022-06-20 15:25:00,388,388,388,388,0
2022-06-20 15:26:00,388,388,388,388,0
2022-06-20 15:27:00,388,388,388,388,0
2022-06-20 15:28:00,388,388,388,388,0
2022-06-20 15:29:00,388,388,388,388,0
2022-06-20 15:30:00,388,388,388,388,0
2022-06-20 15:31:00,388,388,388,388,0
2022-06-20 15:32:00,388,388,388,388,0
2022-06-20 15:33:00,388,388,388,388,0
2022-06-20 15:34:00,388,388,388,388,0
2022-06-20 15:35:00,388,388,388,388,0
2022-06-20 15:36:00,388,388,388,388,0
2022-06-20 15:37:00,388,388,388,388,0
2022-06-20 15:38:00,388,388,388,388,0
2022-06-20 15:39:00,388,388,388,388,0
2022-06-20 15:40:00,388,388,388,388,0
2022-06-20 15:41:00,388,388,388,388,0
2022-06-20 15:42:00,388,388,388,388,0
2022-06-20 15:43:00,388,388,388,388,0
2022-06-20 15:44:00,388,388,388,388,0
2022-06-20 15:45:00,388,388,388,388,0
2022-06-20 15:46:00,388,388,388,388,0
2022-06-20 15:47:00,388,388,388,388,0
2022-06-20 15:48:00,388,388,388,388,0
2022-06-20 15:49:00,388,388,388,388,0
2022-06-20 15:50:00,388,388,388,388,0
2022-06-20 15:51:00,388,388,388,388,0
2022-06-20 15:52:00,388,388,388,388,0
2022-06-20 15:53:00,388,388,388,388,0
2022-06-20 15:54:00,388,388,388,388,0
2022-06-20 15:55:00,388,388,388,388,0
2022-06-20 15:56:00,388,388,388,388,0
2022-06-20 15:57:00,388,388,388,388,0
2022-06-20 15:58:00,388,388,388,388,0
2022-06-20 15:59:00,388,388,388,388,0
2022-06-21 09:00:00,390,388,392,390,0
2022-06-21 09:01:00,388,384,390,384,697800
2022-06-21 09:02:00,384,384,386,386,587400
2022-06-21 09:03:00,384,380,386,382,866200
2022-06-21 09:04:00,382,380,386,384,373500
2022-06-21 09:05:00,384,382,386,384,955600
2022-06-21 09:06:00,384,384,386,384,207200
2022-06-21 09:07:00,384,384,386,386,126200
2022-06-21 09:08:00,386,384,386,386,524200
2022-06-21 09:09:00,384,384,386,386,1071100
2022-06-21 09:10:00,384,380,384,382,732100
2022-06-21 09:11:00,382,378,382,378,1199100
2022-06-21 09:12:00,380,378,382,380,699600
2022-06-21 09:13:00,380,380,382,382,141500
2022-06-21 09:14:00,384,382,386,384,651300
2022-06-21 09:15:00,384,382,384,382,200800
2022-06-21 09:16:00,382,382,384,384,34000
2022-06-21 09:17:00,382,382,382,382,226000
2022-06-21 09:18:00,382,380,382,380,173300
2022-06-21 09:19:00,382,380,382,380,110200
2022-06-21 09:20:00,380,380,382,380,556100
2022-06-21 09:21:00,382,380,382,382,124000
2022-06-21 09:22:00,380,380,380,380,323900
2022-06-21 09:23:00,380,380,382,380,2027700
2022-06-21 09:24:00,380,380,380,380,156200
2022-06-21 09:25:00,380,380,382,380,393800
2022-06-21 09:26:00,378,378,380,380,231400
2022-06-21 09:27:00,378,378,380,378,1127700
2022-06-21 09:28:00,378,376,378,378,597200
2022-06-21 09:29:00,378,376,378,378,274600
2022-06-21 09:30:00,378,376,378,376,926500
2022-06-21 09:31:00,378,378,380,378,143000
2022-06-21 09:32:00,378,378,380,378,75600
2022-06-21 09:33:00,380,378,382,380,289100
2022-06-21 09:34:00,382,380,384,382,558400
2022-06-21 09:35:00,382,382,386,384,283900
2022-06-21 09:36:00,384,382,384,384,90300
2022-06-21 09:37:00,384,382,384,382,89600
2022-06-21 09:38:00,382,380,384,384,105500
2022-06-21 09:39:00,384,380,384,380,165100
2022-06-21 09:40:00,380,380,382,380,183600
2022-06-21 09:41:00,380,380,382,380,2300
2022-06-21 09:42:00,380,380,382,382,72500
2022-06-21 09:43:00,382,382,384,382,185000
2022-06-21 09:44:00,382,382,384,382,205800
2022-06-21 09:45:00,382,382,384,384,120200
2022-06-21 09:46:00,384,382,386,386,847900
2022-06-21 09:47:00,386,386,388,388,118800
2022-06-21 09:48:00,386,386,388,386,78100
2022-06-21 09:49:00,386,386,386,386,305600
2022-06-21 09:50:00,386,382,386,384,120900
2022-06-21 09:51:00,386,382,386,384,0
2022-06-21 09:52:00,384,382,384,384,1081700
2022-06-21 09:53:00,384,382,384,382,58000
2022-06-21 09:54:00,382,382,382,382,505900
2022-06-21 09:55:00,382,380,382,382,101700
2022-06-21 09:56:00,382,382,382,382,13800
2022-06-21 09:57:00,380,378,380,380,1061700
2022-06-21 09:58:00,380,378,380,380,566800
2022-06-21 09:59:00,382,380,382,380,4300
2022-06-21 10:00:00,380,380,382,380,63100
2022-06-21 10:01:00,382,380,382,382,7500
2022-06-21 10:02:00,382,382,382,382,13700
2022-06-21 10:03:00,380,380,382,382,1200
2022-06-21 10:04:00,382,380,382,380,2100
2022-06-21 10:05:00,382,380,382,380,5400
2022-06-21 10:06:00,380,380,382,382,10100
2022-06-21 10:07:00,382,380,382,382,8000
2022-06-21 10:08:00,382,380,382,380,31100
2022-06-21 10:09:00,382,380,382,380,693300
2022-06-21 10:10:00,380,380,382,382,15600
2022-06-21 10:11:00,382,380,382,382,166800
2022-06-21 10:12:00,380,380,382,382,12300
2022-06-21 10:13:00,382,382,384,384,199400
2022-06-21 10:14:00,384,382,384,384,25300
2022-06-21 10:15:00,384,384,384,384,15100
2022-06-21 10:16:00,384,384,384,384,255700
2022-06-21 10:17:00,384,384,386,386,526000
2022-06-21 10:18:00,386,384,386,384,10500
2022-06-21 10:19:00,384,384,386,384,318200
2022-06-21 10:20:00,384,384,384,384,15100
2022-06-21 10:21:00,384,384,384,384,13400
2022-06-21 10:22:00,382,382,382,382,24800
2022-06-21 10:23:00,384,384,384,384,8000
2022-06-21 10:24:00,382,382,382,382,30200
2022-06-21 10:25:00,384,382,384,382,28200
2022-06-21 10:26:00,382,382,384,382,514000
2022-06-21 10:27:00,382,382,384,384,13600
2022-06-21 10:28:00,384,384,384,384,227500
2022-06-21 10:29:00,382,382,384,384,17600
2022-06-21 10:30:00,382,382,384,384,0
2022-06-21 10:31:00,384,382,384,382,29600
2022-06-21 10:32:00,382,382,382,382,2500
2022-06-21 10:33:00,382,382,382,382,5100
2022-06-21 10:34:00,382,382,384,382,3900
2022-06-21 10:35:00,382,382,382,382,100
2022-06-21 10:36:00,382,382,382,382,0
2022-06-21 10:37:00,384,384,384,384,1500
2022-06-21 10:38:00,384,382,384,382,18000
2022-06-21 10:39:00,382,382,382,382,500
2022-06-21 10:40:00,382,382,382,382,52400
2022-06-21 10:41:00,384,384,384,384,700
2022-06-21 10:42:00,384,384,384,384,21000
2022-06-21 10:43:00,382,382,382,382,8100
2022-06-21 10:44:00,382,382,382,382,19800
2022-06-21 10:45:00,382,382,382,382,7500
2022-06-21 10:46:00,382,382,382,382,0
2022-06-21 10:47:00,382,382,382,382,15000
2022-06-21 10:48:00,382,382,382,382,0
2022-06-21 10:49:00,382,382,384,384,77500
2022-06-21 10:50:00,382,382,384,384,0
2022-06-21 10:51:00,384,382,384,382,4200
2022-06-21 10:52:00,384,382,384,382,30600
2022-06-21 10:53:00,382,382,382,382,30000
2022-06-21 10:54:00,382,382,382,382,2700
2022-06-21 10:55:00,382,382,382,382,8000
2022-06-21 10:56:00,382,382,384,382,43500
2022-06-21 10:57:00,382,382,382,382,4500
2022-06-21 10:58:00,382,382,384,384,155000
2022-06-21 10:59:00,384,384,384,384,200
2022-06-21 11:00:00,384,382,384,382,10200
2022-06-21 11:01:00,382,382,382,382,16500
2022-06-21 11:02:00,382,382,384,384,620800
2022-06-21 11:03:00,384,382,384,384,58000
2022-06-21 11:04:00,382,382,384,384,45700
2022-06-21 11:05:00,384,382,384,384,15500
2022-06-21 11:06:00,384,382,384,382,30000
2022-06-21 11:07:00,382,382,384,384,71200
2022-06-21 11:08:00,384,382,384,382,17700
2022-06-21 11:09:00,384,382,384,384,9700
2022-06-21 11:10:00,384,382,384,382,32000
2022-06-21 11:11:00,384,382,384,384,39300
2022-06-21 11:12:00,382,382,384,384,145400
2022-06-21 11:13:00,384,382,384,384,3600
2022-06-21 11:14:00,382,382,384,384,7500
2022-06-21 11:15:00,382,382,384,384,600
2022-06-21 11:16:00,382,382,382,382,500
2022-06-21 11:17:00,382,382,384,384,1400
2022-06-21 11:18:00,382,382,384,384,10100
2022-06-21 11:19:00,384,384,384,384,500300
2022-06-21 11:20:00,384,382,384,384,11800
2022-06-21 11:21:00,382,382,384,384,1600
2022-06-21 11:22:00,382,382,382,382,203300
2022-06-21 11:23:00,382,382,384,384,9600
2022-06-21 11:24:00,384,382,384,382,59400
2022-06-21 11:25:00,384,382,384,384,2500
2022-06-21 11:26:00,382,382,384,384,27600
2022-06-21 11:27:00,384,382,384,382,15100
2022-06-21 11:28:00,382,382,384,382,146100
2022-06-21 11:29:00,382,382,382,382,30600
2022-06-21 11:30:00,382,382,382,382,500
2022-06-21 11:31:00,382,382,382,382,0
2022-06-21 11:32:00,382,382,382,382,0
2022-06-21 11:33:00,382,382,382,382,0
2022-06-21 11:34:00,382,382,382,382,0
2022-06-21 11:35:00,382,382,382,382,0
2022-06-21 11:36:00,382,382,382,382,0
2022-06-21 11:37:00,382,382,382,382,0
2022-06-21 11:38:00,382,382,382,382,0
2022-06-21 11:39:00,382,382,382,382,0
2022-06-21 11:40:00,382,382,382,382,0
2022-06-21 11:41:00,382,382,382,382,0
2022-06-21 11:42:00,382,382,382,382,0
2022-06-21 11:43:00,382,382,382,382,0
2022-06-21 11:44:00,382,382,382,382,0
2022-06-21 11:45:00,382,382,382,382,0
2022-06-21 11:46:00,382,382,382,382,0
2022-06-21 11:47:00,382,382,382,382,0
2022-06-21 11:48:00,382,382,382,382,0
2022-06-21 11:49:00,382,382,382,382,0
2022-06-21 11:50:00,382,382,382,382,0
2022-06-21 11:51:00,382,382,382,382,0
2022-06-21 11:52:00,382,382,382,382,0
2022-06-21 11:53:00,382,382,382,382,0
2022-06-21 11:54:00,382,382,382,382,0
2022-06-21 11:55:00,382,382,382,382,0
2022-06-21 11:56:00,382,382,382,382,0
2022-06-21 11:57:00,382,382,382,382,0
2022-06-21 11:58:00,382,382,382,382,0
2022-06-21 11:59:00,382,382,382,382,0
2022-06-21 12:00:00,382,382,382,382,0
2022-06-21 12:01:00,382,382,382,382,0
2022-06-21 12:02:00,382,382,382,382,0
2022-06-21 12:03:00,382,382,382,382,0
2022-06-21 12:04:00,382,382,382,382,0
2022-06-21 12:05:00,382,382,382,382,0
2022-06-21 12:06:00,382,382,382,382,0
2022-06-21 12:07:00,382,382,382,382,0
2022-06-21 12:08:00,382,382,382,382,0
2022-06-21 12:09:00,382,382,382,382,0
2022-06-21 12:10:00,382,382,382,382,0
2022-06-21 12:11:00,382,382,382,382,0
2022-06-21 12:12:00,382,382,382,382,0
2022-06-21 12:13:00,382,382,382,382,0
2022-06-21 12:14:00,382,382,382,382,0
2022-06-21 12:15:00,382,382,382,382,0
2022-06-21 12:16:00,382,382,382,382,0
2022-06-21 12:17:00,382,382,382,382,0
2022-06-21 12:18:00,382,382,382,382,0
2022-06-21 12:19:00,382,382,382,382,0
2022-06-21 12:20:00,382,382,382,382,0
2022-06-21 12:21:00,382,382,382,382,0
2022-06-21 12:22:00,382,382,382,382,0
2022-06-21 12:23:00,382,382,382,382,0
2022-06-21 12:24:00,382,382,382,382,0
2022-06-21 12:25:00,382,382,382,382,0
2022-06-21 12:26:00,382,382,382,382,0
2022-06-21 12:27:00,382,382,382,382,0
2022-06-21 12:28:00,382,382,382,382,0
2022-06-21 12:29:00,382,382,382,382,0
2022-06-21 12:30:00,382,382,382,382,0
2022-06-21 12:31:00,382,382,382,382,0
2022-06-21 12:32:00,382,382,382,382,0
2022-06-21 12:33:00,382,382,382,382,0
2022-06-21 12:34:00,382,382,382,382,0
2022-06-21 12:35:00,382,382,382,382,0
2022-06-21 12:36:00,382,382,382,382,0
2022-06-21 12:37:00,382,382,382,382,0
2022-06-21 12:38:00,382,382,382,382,0
2022-06-21 12:39:00,382,382,382,382,0
2022-06-21 12:40:00,382,382,382,382,0
2022-06-21 12:41:00,382,382,382,382,0
2022-06-21 12:42:00,382,382,382,382,0
2022-06-21 12:43:00,382,382,382,382,0
2022-06-21 12:44:00,382,382,382,382,0
2022-06-21 12:45:00,382,382,382,382,0
2022-06-21 12:46:00,382,382,382,382,0
2022-06-21 12:47:00,382,382,382,382,0
2022-06-21 12:48:00,382,382,382,382,0
2022-06-21 12:49:00,382,382,382,382,0
2022-06-21 12:50:00,382,382,382,382,0
2022-06-21 12:51:00,382,382,382,382,0
2022-06-21 12:52:00,382,382,382,382,0
2022-06-21 12:53:00,382,382,382,382,0
2022-06-21 12:54:00,382,382,382,382,0
2022-06-21 12:55:00,382,382,382,382,0
2022-06-21 12:56:00,382,382,382,382,0
2022-06-21 12:57:00,382,382,382,382,0
2022-06-21 12:58:00,382,382,382,382,0
2022-06-21 12:59:00,382,382,382,382,0
2022-06-21 13:00:00,382,382,382,382,0
2022-06-21 13:01:00,382,382,382,382,0
2022-06-21 13:02:00,382,382,382,382,0
2022-06-21 13:03:00,382,382,382,382,0
2022-06-21 13:04:00,382,382,382,382,0
2022-06-21 13:05:00,382,382,382,382,0
2022-06-21 13:06:00,382,382,382,382,0
2022-06-21 13:07:00,382,382,382,382,0
2022-06-21 13:08:00,382,382,382,382,0
2022-06-21 13:09:00,382,382,382,382,0
2022-06-21 13:10:00,382,382,382,382,0
2022-06-21 13:11:00,382,382,382,382,0
2022-06-21 13:12:00,382,382,382,382,0
2022-06-21 13:13:00,382,382,382,382,0
2022-06-21 13:14:00,382,382,382,382,0
2022-06-21 13:15:00,382,382,382,382,0
2022-06-21 13:16:00,382,382,382,382,0
2022-06-21 13:17:00,382,382,382,382,0
2022-06-21 13:18:00,382,382,382,382,0
2022-06-21 13:19:00,382,382,382,382,0
2022-06-21 13:20:00,382,382,382,382,0
2022-06-21 13:21:00,382,382,382,382,0
2022-06-21 13:22:00,382,382,382,382,0
2022-06-21 13:23:00,382,382,382,382,0
2022-06-21 13:24:00,382,382,382,382,0
2022-06-21 13:25:00,382,382,382,382,0
2022-06-21 13:26:00,382,382,382,382,0
2022-06-21 13:27:00,382,382,382,382,0
2022-06-21 13:28:00,382,382,382,382,0
2022-06-21 13:29:00,382,382,382,382,0
2022-06-21 13:30:00,382,380,382,380,653800
2022-06-21 13:31:00,382,382,382,382,30000
2022-06-21 13:32:00,382,382,382,382,30700
2022-06-21 13:33:00,382,382,382,382,16300
2022-06-21 13:34:00,384,382,384,382,40600
2022-06-21 13:35:00,382,380,384,384,785100
2022-06-21 13:36:00,382,382,384,382,81800
2022-06-21 13:37:00,382,382,382,382,8500
2022-06-21 13:38:00,380,380,384,384,2100
2022-06-21 13:39:00,384,382,384,382,13600
2022-06-21 13:40:00,382,382,382,382,22100
2022-06-21 13:41:00,382,380,382,382,44300
2022-06-21 13:42:00,382,382,382,382,81500
2022-06-21 13:43:00,382,382,382,382,49600
2022-06-21 13:44:00,382,382,382,382,4600
2022-06-21 13:45:00,380,380,380,380,2100
2022-06-21 13:46:00,380,380,382,380,34100
2022-06-21 13:47:00,380,380,382,382,2600
2022-06-21 13:48:00,382,380,382,380,18300
2022-06-21 13:49:00,382,382,382,382,112000
2022-06-21 13:50:00,382,382,382,382,100
2022-06-21 13:51:00,382,382,382,382,0
2022-06-21 13:52:00,380,380,380,380,93900
2022-06-21 13:53:00,380,380,380,380,5200
2022-06-21 13:54:00,380,380,382,382,354800
2022-06-21 13:55:00,382,382,384,384,51100
2022-06-21 13:56:00,384,382,384,382,21200
2022-06-21 13:57:00,384,382,384,384,14400
2022-06-21 13:58:00,384,384,384,384,39600
2022-06-21 13:59:00,384,384,384,384,36900
2022-06-21 14:00:00,382,382,382,382,1132200
2022-06-21 14:01:00,382,382,382,382,107500
2022-06-21 14:02:00,382,382,384,382,86600
2022-06-21 14:03:00,382,382,382,382,2500
2022-06-21 14:04:00,382,382,384,384,7800
2022-06-21 14:05:00,384,382,384,384,46100
2022-06-21 14:06:00,384,382,384,382,2100
2022-06-21 14:07:00,384,382,384,384,440500
2022-06-21 14:08:00,382,382,382,382,29500
2022-06-21 14:09:00,384,384,386,384,1198300
2022-06-21 14:10:00,384,384,386,386,303700
2022-06-21 14:11:00,386,384,386,386,17900
2022-06-21 14:12:00,384,384,386,386,40600
2022-06-21 14:13:00,386,384,386,384,13100
2022-06-21 14:14:00,386,384,386,384,88300
2022-06-21 14:15:00,384,384,386,384,211700
2022-06-21 14:16:00,384,382,384,384,704300
2022-06-21 14:17:00,384,384,384,384,28400
2022-06-21 14:18:00,384,382,384,382,17600
2022-06-21 14:19:00,384,382,384,382,20800
2022-06-21 14:20:00,384,382,384,384,5400
2022-06-21 14:21:00,382,382,384,384,2500
2022-06-21 14:22:00,384,384,384,384,189100
2022-06-21 14:23:00,382,382,384,384,8100
2022-06-21 14:24:00,384,384,384,384,112400
2022-06-21 14:25:00,384,384,384,384,13100
2022-06-21 14:26:00,382,382,384,384,6300
2022-06-21 14:27:00,384,384,384,384,374800
2022-06-21 14:28:00,384,384,384,384,173200
2022-06-21 14:29:00,384,382,384,382,18800
2022-06-21 14:30:00,382,382,382,382,21600
2022-06-21 14:31:00,382,382,384,382,1885700
2022-06-21 14:32:00,382,382,382,382,193300
2022-06-21 14:33:00,382,380,382,380,142400
2022-06-21 14:34:00,382,380,382,382,121700
2022-06-21 14:35:00,382,382,382,382,105600
2022-06-21 14:36:00,380,378,380,380,2111600
2022-06-21 14:37:00,380,378,380,380,145100
2022-06-21 14:38:00,380,380,382,382,26500
2022-06-21 14:39:00,382,380,382,380,500100
2022-06-21 14:40:00,380,380,382,380,4500
2022-06-21 14:41:00,380,378,380,380,782000
2022-06-21 14:42:00,380,378,380,380,14400
2022-06-21 14:43:00,380,378,380,378,967400
2022-06-21 14:44:00,378,378,380,380,257500
2022-06-21 14:45:00,378,378,380,378,478400
2022-06-21 14:46:00,378,378,378,378,167600
2022-06-21 14:47:00,380,376,380,376,1336800
2022-06-21 14:48:00,376,376,378,378,256900
2022-06-21 14:49:00,378,376,378,378,1690100
2022-06-21 14:50:00,378,376,378,378,0
2022-06-21 14:51:00,378,376,378,378,0
2022-06-21 14:52:00,378,376,378,378,0
2022-06-21 14:53:00,378,376,378,378,0
2022-06-21 14:54:00,378,376,378,378,0
2022-06-21 14:55:00,378,376,378,378,0
2022-06-21 14:56:00,378,376,378,378,0
2022-06-21 14:57:00,378,376,378,378,0
2022-06-21 14:58:00,378,376,378,378,0
2022-06-21 14:59:00,378,376,378,378,0
2022-06-21 15:00:00,380,380,380,380,3619300
2022-06-21 15:01:00,380,380,380,380,44400
2022-06-21 15:02:00,380,380,380,380,425900
2022-06-21 15:03:00,380,380,380,380,8800
2022-06-21 15:04:00,380,380,380,380,29300
2022-06-21 15:05:00,380,380,380,380,29300
2022-06-21 15:06:00,380,380,380,380,2500
2022-06-21 15:07:00,380,380,380,380,23700
2022-06-21 15:08:00,380,380,380,380,7000
2022-06-21 15:09:00,380,380,380,380,14700
2022-06-21 15:10:00,380,380,380,380,4500
2022-06-21 15:11:00,380,380,380,380,3100
2022-06-21 15:12:00,380,380,380,380,32500
2022-06-21 15:13:00,380,380,380,380,38200
2022-06-21 15:14:00,380,380,380,380,20000
2022-06-21 15:15:00,380,380,380,380,0
2022-06-21 15:16:00,380,380,380,380,0
2022-06-21 15:17:00,380,380,380,380,0
2022-06-21 15:18:00,380,380,380,380,0
2022-06-21 15:19:00,380,380,380,380,0
2022-06-21 15:20:00,380,380,380,380,0
2022-06-21 15:21:00,380,380,380,380,0
2022-06-21 15:22:00,380,380,380,380,0
2022-06-21 15:23:00,380,380,380,380,0
2022-06-21 15:24:00,380,380,380,380,0
2022-06-21 15:25:00,380,380,380,380,0
2022-06-21 15:26:00,380,380,380,380,0
2022-06-21 15:27:00,380,380,380,380,0
2022-06-21 15:28:00,380,380,380,380,0
2022-06-21 15:29:00,380,380,380,380,0
2022-06-21 15:30:00,380,380,380,380,0
2022-06-21 15:31:00,380,380,380,380,0
2022-06-21 15:32:00,380,380,380,380,0
2022-06-21 15:33:00,380,380,380,380,0
2022-06-21 15:34:00,380,380,380,380,0
2022-06-21 15:35:00,380,380,380,380,0
2022-06-21 15:36:00,380,380,380,380,0
2022-06-21 15:37:00,380,380,380,380,0
2022-06-21 15:38:00,380,380,380,380,0
2022-06-21 15:39:00,380,380,380,380,0
2022-06-21 15:40:00,380,380,380,380,0
2022-06-21 15:41:00,380,380,380,380,0
2022-06-21 15:42:00,380,380,380,380,0
2022-06-21 15:43:00,380,380,380,380,0
2022-06-21 15:44:00,380,380,380,380,0
2022-06-21 15:45:00,380,380,380,380,0
2022-06-21 15:46:00,380,380,380,380,0
2022-06-21 15:47:00,380,380,380,380,0
2022-06-21 15:48:00,380,380,380,380,0
2022-06-21 15:49:00,380,380,380,380,0
2022-06-21 15:50:00,380,380,380,380,0
2022-06-21 15:51:00,380,380,380,380,0
2022-06-21 15:52:00,380,380,380,380,0
2022-06-21 15:53:00,380,380,380,380,0
2022-06-21 15:54:00,380,380,380,380,0
2022-06-21 15:55:00,380,380,380,380,0
2022-06-21 15:56:00,380,380,380,380,0
2022-06-21 15:57:00,380,380,380,380,0
2022-06-21 15:58:00,380,380,380,380,0
2022-06-21 15:59:00,380,380,380,380,0
2022-06-22 09:00:00,372,370,382,380,0
2022-06-22 09:01:00,380,380,382,382,368600
2022-06-22 09:02:00,382,380,382,382,691800
2022-06-22 09:03:00,382,382,384,382,521900
2022-06-22 09:04:00,382,380,382,382,395600
2022-06-22 09:05:00,380,380,382,380,108700
2022-06-22 09:06:00,380,380,380,380,121500
2022-06-22 09:07:00,380,380,382,382,9500
2022-06-22 09:08:00,380,378,382,380,10679200
2022-06-22 09:09:00,380,376,380,378,556600
2022-06-22 09:10:00,378,378,380,380,105000
2022-06-22 09:11:00,380,378,380,378,82000
2022-06-22 09:12:00,378,378,380,380,57300
2022-06-22 09:13:00,380,378,380,378,63100
2022-06-22 09:14:00,380,378,382,380,479500
2022-06-22 09:15:00,380,380,380,380,215000
2022-06-22 09:16:00,380,380,380,380,52000
2022-06-22 09:17:00,380,380,382,380,1012900
2022-06-22 09:18:00,382,382,388,388,5538500
2022-06-22 09:19:00,388,386,394,392,4285600
2022-06-22 09:20:00,394,386,394,388,2630700
2022-06-22 09:21:00,388,388,394,394,1732200
2022-06-22 09:22:00,394,390,394,390,2265800
2022-06-22 09:23:00,390,388,392,390,1350500
2022-06-22 09:24:00,392,390,394,392,2667100
2022-06-22 09:25:00,392,390,392,392,1341400
2022-06-22 09:26:00,392,392,394,392,1160900
2022-06-22 09:27:00,392,392,394,392,476200
2022-06-22 09:28:00,392,386,392,388,3143300
2022-06-22 09:29:00,388,388,390,390,533300
2022-06-22 09:30:00,390,390,392,390,182200
2022-06-22 09:31:00,390,390,394,392,2245600
2022-06-22 09:32:00,392,392,394,392,366600
2022-06-22 09:33:00,392,390,392,390,740500
2022-06-22 09:34:00,390,388,390,390,299800
2022-06-22 09:35:00,390,388,390,390,644400
2022-06-22 09:36:00,390,390,390,390,165800
2022-06-22 09:37:00,388,388,390,390,416600
2022-06-22 09:38:00,390,390,392,390,154800
2022-06-22 09:39:00,392,390,392,390,49600
2022-06-22 09:40:00,392,390,392,392,50700
2022-06-22 09:41:00,392,390,392,390,52800
2022-06-22 09:42:00,390,390,392,390,679800
2022-06-22 09:43:00,388,388,390,388,210700
2022-06-22 09:44:00,388,386,388,386,1063200
2022-06-22 09:45:00,386,382,388,382,2391200
2022-06-22 09:46:00,384,382,386,386,407300
2022-06-22 09:47:00,386,384,386,386,393400
2022-06-22 09:48:00,386,386,388,386,32400
2022-06-22 09:49:00,388,386,388,386,183100
2022-06-22 09:50:00,386,384,386,384,59600
2022-06-22 09:51:00,384,384,386,384,208700
2022-06-22 09:52:00,384,384,386,386,58900
2022-06-22 09:53:00,384,384,386,384,205400
2022-06-22 09:54:00,384,384,384,384,457800
2022-06-22 09:55:00,384,384,384,384,1023500
2022-06-22 09:56:00,384,384,386,386,21700
2022-06-22 09:57:00,386,384,386,384,11100
2022-06-22 09:58:00,384,382,386,382,436100
2022-06-22 09:59:00,382,382,384,384,595400
2022-06-22 10:00:00,384,384,384,384,482200
2022-06-22 10:01:00,382,382,384,382,161200
2022-06-22 10:02:00,382,382,384,382,38500
2022-06-22 10:03:00,382,382,384,384,111200
2022-06-22 10:04:00,384,384,384,384,166000
2022-06-22 10:05:00,384,384,386,386,10000
2022-06-22 10:06:00,386,386,386,386,13800
2022-06-22 10:07:00,386,384,386,384,8500
2022-06-22 10:08:00,384,384,386,386,306300
2022-06-22 10:09:00,388,386,388,386,36000
2022-06-22 10:10:00,386,386,388,386,153700
2022-06-22 10:11:00,386,386,386,386,900
2022-06-22 10:12:00,388,386,388,388,14000
2022-06-22 10:13:00,388,386,388,388,49400
2022-06-22 10:14:00,388,386,388,386,2600
2022-06-22 10:15:00,386,386,388,386,697800
2022-06-22 10:16:00,386,386,388,386,33100
2022-06-22 10:17:00,386,386,386,386,24400
2022-06-22 10:18:00,386,386,386,386,0
2022-06-22 10:19:00,386,386,386,386,75300
2022-06-22 10:20:00,386,386,386,386,16000
2022-06-22 10:21:00,384,384,386,386,26100
2022-06-22 10:22:00,386,386,386,386,83300
2022-06-22 10:23:00,388,388,388,388,100
2022-06-22 10:24:00,388,386,388,388,29500
2022-06-22 10:25:00,386,386,386,386,2500
2022-06-22 10:26:00,388,388,388,388,100
2022-06-22 10:27:00,388,388,388,388,6000
2022-06-22 10:28:00,388,386,388,386,42200
2022-06-22 10:29:00,386,386,388,388,543900
2022-06-22 10:30:00,388,386,388,388,65800
2022-06-22 10:31:00,388,386,388,388,28100
2022-06-22 10:32:00,388,388,388,388,33700
2022-06-22 10:33:00,388,386,388,388,364400
2022-06-22 10:34:00,388,388,390,390,334600
2022-06-22 10:35:00,388,388,388,388,110500
2022-06-22 10:36:00,388,388,388,388,19700
2022-06-22 10:37:00,388,388,388,388,755900
2022-06-22 10:38:00,388,386,388,388,104000
2022-06-22 10:39:00,388,388,388,388,33300
2022-06-22 10:40:00,388,388,388,388,60300
2022-06-22 10:41:00,388,388,388,388,26600
2022-06-22 10:42:00,388,388,388,388,327700
2022-06-22 10:43:00,388,386,388,386,12700
2022-06-22 10:44:00,386,386,388,388,9600
2022-06-22 10:45:00,388,386,388,388,15500
2022-06-22 10:46:00,388,386,388,388,9000
2022-06-22 10:47:00,388,386,388,386,12400
2022-06-22 10:48:00,386,386,388,388,59300
2022-06-22 10:49:00,386,386,388,388,36300
2022-06-22 10:50:00,386,386,388,388,4100
2022-06-22 10:51:00,388,388,388,388,2500
2022-06-22 10:52:00,388,386,388,386,29800
2022-06-22 10:53:00,386,386,386,386,1800
2022-06-22 10:54:00,386,386,388,386,14000
2022-06-22 10:55:00,388,388,388,388,10100
2022-06-22 10:56:00,388,386,388,386,22600
2022-06-22 10:57:00,386,386,386,386,500
2022-06-22 10:58:00,386,386,388,388,20200
2022-06-22 10:59:00,388,388,388,388,11100
2022-06-22 11:00:00,388,386,388,386,51100
2022-06-22 11:01:00,386,386,388,388,11600
2022-06-22 11:02:00,388,386,388,386,7200
2022-06-22 11:03:00,386,386,388,388,511200
2022-06-22 11:04:00,388,388,390,388,25200
2022-06-22 11:05:00,388,388,394,392,5086300
2022-06-22 11:06:00,394,392,396,394,4261700
2022-06-22 11:07:00,394,392,396,394,1287900
2022-06-22 11:08:00,394,394,396,396,922400
2022-06-22 11:09:00,394,394,396,396,1476400
2022-06-22 11:10:00,396,392,396,392,1223100
2022-06-22 11:11:00,394,392,394,394,529900
2022-06-22 11:12:00,392,392,394,392,835600
2022-06-22 11:13:00,392,390,392,392,459300
2022-06-22 11:14:00,392,390,392,390,25200
2022-06-22 11:15:00,390,390,392,392,48300
2022-06-22 11:16:00,392,390,392,390,64700
2022-06-22 11:17:00,390,386,390,388,2649300
2022-06-22 11:18:00,388,388,388,388,531700
2022-06-22 11:19:00,388,388,390,390,458700
2022-06-22 11:20:00,390,388,390,390,31700
2022-06-22 11:21:00,390,388,390,390,14500
2022-06-22 11:22:00,388,388,390,390,135900
2022-06-22 11:23:00,390,390,390,390,33800
2022-06-22 11:24:00,390,390,390,390,2500
2022-06-22 11:25:00,390,388,390,390,79700
2022-06-22 11:26:00,390,388,390,390,25000
2022-06-22 11:27:00,388,388,390,390,56700
2022-06-22 11:28:00,390,388,390,388,81700
2022-06-22 11:29:00,390,388,390,390,230200
2022-06-22 11:30:00,390,388,390,390,0
2022-06-22 11:31:00,390,388,390,390,0
2022-06-22 11:32:00,390,388,390,390,0
2022-06-22 11:33:00,390,388,390,390,0
2022-06-22 11:34:00,390,388,390,390,0
2022-06-22 11:35:00,390,388,390,390,0
2022-06-22 11:36:00,390,388,390,390,0
2022-06-22 11:37:00,390,388,390,390,0
2022-06-22 11:38:00,390,388,390,390,0
2022-06-22 11:39:00,390,388,390,390,0
2022-06-22 11:40:00,390,388,390,390,0
2022-06-22 11:41:00,390,388,390,390,0
2022-06-22 11:42:00,390,388,390,390,0
2022-06-22 11:43:00,390,388,390,390,0
2022-06-22 11:44:00,390,388,390,390,0
2022-06-22 11:45:00,390,388,390,390,0
2022-06-22 11:46:00,390,388,390,390,0
2022-06-22 11:47:00,390,388,390,390,0
2022-06-22 11:48:00,390,388,390,390,0
2022-06-22 11:49:00,390,388,390,390,0
2022-06-22 11:50:00,390,388,390,390,0
2022-06-22 11:51:00,390,388,390,390,0
2022-06-22 11:52:00,390,388,390,390,0
2022-06-22 11:53:00,390,388,390,390,0
2022-06-22 11:54:00,390,388,390,390,0
2022-06-22 11:55:00,390,388,390,390,0
2022-06-22 11:56:00,390,388,390,390,0
2022-06-22 11:57:00,390,388,390,390,0
2022-06-22 11:58:00,390,388,390,390,0
2022-06-22 11:59:00,390,388,390,390,0
2022-06-22 12:00:00,390,388,390,390,0
2022-06-22 12:01:00,390,388,390,390,0
2022-06-22 12:02:00,390,388,390,390,0
2022-06-22 12:03:00,390,388,390,390,0
2022-06-22 12:04:00,390,388,390,390,0
2022-06-22 12:05:00,390,388,390,390,0
2022-06-22 12:06:00,390,388,390,390,0
2022-06-22 12:07:00,390,388,390,390,0
2022-06-22 12:08:00,390,388,390,390,0
2022-06-22 12:09:00,390,388,390,390,0
2022-06-22 12:10:00,390,388,390,390,0
2022-06-22 12:11:00,390,388,390,390,0
2022-06-22 12:12:00,390,388,390,390,0
2022-06-22 12:13:00,390,388,390,390,0
2022-06-22 12:14:00,390,388,390,390,0
2022-06-22 12:15:00,390,388,390,390,0
2022-06-22 12:16:00,390,388,390,390,0
2022-06-22 12:17:00,390,388,390,390,0
2022-06-22 12:18:00,390,388,390,390,0
2022-06-22 12:19:00,390,388,390,390,0
2022-06-22 12:20:00,390,388,390,390,0
2022-06-22 12:21:00,390,388,390,390,0
2022-06-22 12:22:00,390,388,390,390,0
2022-06-22 12:23:00,390,388,390,390,0
2022-06-22 12:24:00,390,388,390,390,0
2022-06-22 12:25:00,390,388,390,390,0
2022-06-22 12:26:00,390,388,390,390,0
2022-06-22 12:27:00,390,388,390,390,0
2022-06-22 12:28:00,390,388,390,390,0
2022-06-22 12:29:00,390,388,390,390,0
2022-06-22 12:30:00,390,388,390,390,0
2022-06-22 12:31:00,390,388,390,390,0
2022-06-22 12:32:00,390,388,390,390,0
2022-06-22 12:33:00,390,388,390,390,0
2022-06-22 12:34:00,390,388,390,390,0
2022-06-22 12:35:00,390,388,390,390,0
2022-06-22 12:36:00,390,388,390,390,0
2022-06-22 12:37:00,390,388,390,390,0
2022-06-22 12:38:00,390,388,390,390,0
2022-06-22 12:39:00,390,388,390,390,0
2022-06-22 12:40:00,390,388,390,390,0
2022-06-22 12:41:00,390,388,390,390,0
2022-06-22 12:42:00,390,388,390,390,0
2022-06-22 12:43:00,390,388,390,390,0
2022-06-22 12:44:00,390,388,390,390,0
2022-06-22 12:45:00,390,388,390,390,0
2022-06-22 12:46:00,390,388,390,390,0
2022-06-22 12:47:00,390,388,390,390,0
2022-06-22 12:48:00,390,388,390,390,0
2022-06-22 12:49:00,390,388,390,390,0
2022-06-22 12:50:00,390,388,390,390,0
2022-06-22 12:51:00,390,388,390,390,0
2022-06-22 12:52:00,390,388,390,390,0
2022-06-22 12:53:00,390,388,390,390,0
2022-06-22 12:54:00,390,388,390,390,0
2022-06-22 12:55:00,390,388,390,390,0
2022-06-22 12:56:00,390,388,390,390,0
2022-06-22 12:57:00,390,388,390,390,0
2022-06-22 12:58:00,390,388,390,390,0
2022-06-22 12:59:00,390,388,390,390,0
2022-06-22 13:00:00,390,388,390,390,0
2022-06-22 13:01:00,390,388,390,390,0
2022-06-22 13:02:00,390,388,390,390,0
2022-06-22 13:03:00,390,388,390,390,0
2022-06-22 13:04:00,390,388,390,390,0
2022-06-22 13:05:00,390,388,390,390,0
2022-06-22 13:06:00,390,388,390,390,0
2022-06-22 13:07:00,390,388,390,390,0
2022-06-22 13:08:00,390,388,390,390,0
2022-06-22 13:09:00,390,388,390,390,0
2022-06-22 13:10:00,390,388,390,390,0
2022-06-22 13:11:00,390,388,390,390,0
2022-06-22 13:12:00,390,388,390,390,0
2022-06-22 13:13:00,390,388,390,390,0
2022-06-22 13:14:00,390,388,390,390,0
2022-06-22 13:15:00,390,388,390,390,0
2022-06-22 13:16:00,390,388,390,390,0
2022-06-22 13:17:00,390,388,390,390,0
2022-06-22 13:18:00,390,388,390,390,0
2022-06-22 13:19:00,390,388,390,390,0
2022-06-22 13:20:00,390,388,390,390,0
2022-06-22 13:21:00,390,388,390,390,0
2022-06-22 13:22:00,390,388,390,390,0
2022-06-22 13:23:00,390,388,390,390,0
2022-06-22 13:24:00,390,388,390,390,0
2022-06-22 13:25:00,390,388,390,390,0
2022-06-22 13:26:00,390,388,390,390,0
2022-06-22 13:27:00,390,388,390,390,0
2022-06-22 13:28:00,390,388,390,390,0
2022-06-22 13:29:00,390,388,390,390,0
2022-06-22 13:30:00,390,388,392,388,1313000
2022-06-22 13:31:00,388,388,390,390,333500
2022-06-22 13:32:00,390,388,390,388,57000
2022-06-22 13:33:00,388,386,388,388,132500
2022-06-22 13:34:00,386,386,388,388,159000
2022-06-22 13:35:00,388,386,388,388,6400
2022-06-22 13:36:00,388,386,388,388,114700
2022-06-22 13:37:00,388,386,388,388,9200
2022-06-22 13:38:00,388,386,388,388,44800
2022-06-22 13:39:00,390,388,390,390,11400
2022-06-22 13:40:00,388,388,390,388,183300
2022-06-22 13:41:00,386,386,388,386,1472100
2022-06-22 13:42:00,384,384,386,386,1870600
2022-06-22 13:43:00,384,382,386,384,310800
2022-06-22 13:44:00,384,384,386,384,121200
2022-06-22 13:45:00,382,382,384,384,41200
2022-06-22 13:46:00,382,374,384,378,5502200
2022-06-22 13:47:00,378,376,378,378,793800
2022-06-22 13:48:00,376,376,376,376,292900
2022-06-22 13:49:00,378,376,378,378,467000
2022-06-22 13:50:00,378,376,380,380,200600
2022-06-22 13:51:00,380,380,380,380,598500
2022-06-22 13:52:00,380,380,382,382,346800
2022-06-22 13:53:00,380,380,382,380,720600
2022-06-22 13:54:00,380,380,380,380,37400
2022-06-22 13:55:00,380,378,380,378,573100
2022-06-22 13:56:00,378,378,380,378,340400
2022-06-22 13:57:00,378,376,378,376,834300
2022-06-22 13:58:00,376,376,378,376,112200
2022-06-22 13:59:00,378,376,378,376,42700
2022-06-22 14:00:00,376,376,378,378,277800
2022-06-22 14:01:00,380,376,380,376,721700
2022-06-22 14:02:00,376,376,378,378,98800
2022-06-22 14:03:00,378,376,378,376,26100
2022-06-22 14:04:00,376,376,378,376,348300
2022-06-22 14:05:00,378,376,378,376,1300
2022-06-22 14:06:00,378,376,378,376,32600
2022-06-22 14:07:00,376,376,376,376,787900
2022-06-22 14:08:00,376,376,378,378,358700
2022-06-22 14:09:00,376,376,378,378,154000
2022-06-22 14:10:00,378,378,378,378,649300
2022-06-22 14:11:00,378,378,380,378,21500
2022-06-22 14:12:00,380,378,380,380,111900
2022-06-22 14:13:00,380,378,380,380,73900
2022-06-22 14:14:00,380,378,382,380,1017800
2022-06-22 14:15:00,382,380,382,382,4200
2022-06-22 14:16:00,380,380,382,380,48900
2022-06-22 14:17:00,382,380,382,382,1779000
2022-06-22 14:18:00,380,380,382,382,39500
2022-06-22 14:19:00,382,382,382,382,42700
2022-06-22 14:20:00,382,378,382,378,360900
2022-06-22 14:21:00,380,380,380,380,11200
2022-06-22 14:22:00,378,378,380,378,13100
2022-06-22 14:23:00,378,378,378,378,84400
2022-06-22 14:24:00,378,378,380,378,75700
2022-06-22 14:25:00,378,378,380,378,6500
2022-06-22 14:26:00,380,378,380,380,44600
2022-06-22 14:27:00,380,378,380,378,617800
2022-06-22 14:28:00,378,378,378,378,29500
2022-06-22 14:29:00,378,378,380,380,115000
2022-06-22 14:30:00,380,380,380,380,258700
2022-06-22 14:31:00,378,378,380,380,41400
2022-06-22 14:32:00,380,378,380,380,119300
2022-06-22 14:33:00,380,378,380,380,10400
2022-06-22 14:34:00,380,378,380,380,1131400
2022-06-22 14:35:00,382,380,382,382,216000
2022-06-22 14:36:00,382,380,382,380,151500
2022-06-22 14:37:00,380,380,384,384,939000
2022-06-22 14:38:00,384,382,386,384,704800
2022-06-22 14:39:00,386,384,386,384,131300
2022-06-22 14:40:00,384,384,384,384,387200
2022-06-22 14:41:00,382,382,384,384,370900
2022-06-22 14:42:00,384,382,384,384,526000
2022-06-22 14:43:00,382,382,384,382,73700
2022-06-22 14:44:00,384,382,386,384,497900
2022-06-22 14:45:00,384,384,386,384,400400
2022-06-22 14:46:00,386,384,386,386,406300
2022-06-22 14:47:00,386,384,388,388,599700
2022-06-22 14:48:00,388,386,388,388,1320600
2022-06-22 14:49:00,386,384,388,388,1313100
2022-06-22 14:50:00,386,384,388,388,0
2022-06-22 14:51:00,386,384,388,388,0
2022-06-22 14:52:00,386,384,388,388,0
2022-06-22 14:53:00,386,384,388,388,0
2022-06-22 14:54:00,386,384,388,388,0
2022-06-22 14:55:00,386,384,388,388,0
2022-06-22 14:56:00,386,384,388,388,0
2022-06-22 14:57:00,386,384,388,388,0
2022-06-22 14:58:00,386,384,388,388,0
2022-06-22 14:59:00,386,384,388,388,0
2022-06-22 15:00:00,388,388,388,388,4373500
2022-06-22 15:01:00,388,388,388,388,165700
2022-06-22 15:02:00,388,388,388,388,30400
2022-06-22 15:03:00,388,388,388,388,12800
2022-06-22 15:04:00,388,388,388,388,100000
2022-06-22 15:05:00,388,388,388,388,24200
2022-06-22 15:06:00,388,388,388,388,192600
2022-06-22 15:07:00,388,388,388,388,216100
2022-06-22 15:08:00,388,388,388,388,121000
2022-06-22 15:09:00,388,388,388,388,84800
2022-06-22 15:10:00,388,388,388,388,800
2022-06-22 15:11:00,388,388,388,388,12700
2022-06-22 15:12:00,388,388,388,388,6600
2022-06-22 15:13:00,388,388,388,388,11500
2022-06-22 15:14:00,388,388,388,388,11800
2022-06-22 15:15:00,388,388,388,388,500
2022-06-22 15:16:00,388,388,388,388,0
2022-06-22 15:17:00,388,388,388,388,0
2022-06-22 15:18:00,388,388,388,388,0
2022-06-22 15:19:00,388,388,388,388,0
2022-06-22 15:20:00,388,388,388,388,0
2022-06-22 15:21:00,388,388,388,388,0
2022-06-22 15:22:00,388,388,388,388,0
2022-06-22 15:23:00,388,388,388,388,0
2022-06-22 15:24:00,388,388,388,388,0
2022-06-22 15:25:00,388,388,388,388,0
2022-06-22 15:26:00,388,388,388,388,0
2022-06-22 15:27:00,388,388,388,388,0
2022-06-22 15:28:00,388,388,388,388,0
2022-06-22 15:29:00,388,388,388,388,0
2022-06-22 15:30:00,388,388,388,388,0
2022-06-22 15:31:00,388,388,388,388,0
2022-06-22 15:32:00,388,388,388,388,0
2022-06-22 15:33:00,388,388,388,388,0
2022-06-22 15:34:00,388,388,388,388,0
2022-06-22 15:35:00,388,388,388,388,0
2022-06-22 15:36:00,388,388,388,388,0
2022-06-22 15:37:00,388,388,388,388,0
2022-06-22 15:38:00,388,388,388,388,0
2022-06-22 15:39:00,388,388,388,388,0
2022-06-22 15:40:00,388,388,388,388,0
2022-06-22 15:41:00,388,388,388,388,0
2022-06-22 15:42:00,388,388,388,388,0
2022-06-22 15:43:00,388,388,388,388,0
2022-06-22 15:44:00,388,388,388,388,0
2022-06-22 15:45:00,388,388,388,388,0
2022-06-22 15:46:00,388,388,388,388,0
2022-06-22 15:47:00,388,388,388,388,0
2022-06-22 15:48:00,388,388,388,388,0
2022-06-22 15:49:00,388,388,388,388,0
2022-06-22 15:50:00,388,388,388,388,0
2022-06-22 15:51:00,388,388,388,388,0
2022-06-22 15:52:00,388,388,388,388,0
2022-06-22 15:53:00,388,388,388,388,0
2022-06-22 15:54:00,388,388,388,388,0
2022-06-22 15:55:00,388,388,388,388,0
2022-06-22 15:56:00,388,388,388,388,0
2022-06-22 15:57:00,388,388,388,388,0
2022-06-22 15:58:00,388,388,388,388,0
2022-06-22 15:59:00,388,388,388,388,0
2022-06-23 09:00:00,384,380,392,390,0
2022-06-23 09:01:00,392,386,392,388,1020300
2022-06-23 09:02:00,388,384,388,386,352000
2022-06-23 09:03:00,384,380,386,382,960800
2022-06-23 09:04:00,382,382,384,384,409700
2022-06-23 09:05:00,384,384,388,386,583900
2022-06-23 09:06:00,384,384,386,386,43200
2022-06-23 09:07:00,384,384,386,386,140600
2022-06-23 09:08:00,386,386,386,386,3500
2022-06-23 09:09:00,386,384,386,384,133900
2022-06-23 09:10:00,384,384,388,386,1069700
2022-06-23 09:11:00,386,384,386,384,32600
2022-06-23 09:12:00,384,384,386,384,16100
2022-06-23 09:13:00,386,384,386,384,102700
2022-06-23 09:14:00,386,384,386,384,82900
2022-06-23 09:15:00,384,384,386,386,90000
2022-06-23 09:16:00,384,384,386,384,51600
2022-06-23 09:17:00,384,384,386,386,24700
2022-06-23 09:18:00,384,380,386,380,2274100
2022-06-23 09:19:00,380,380,382,382,290000
2022-06-23 09:20:00,382,380,382,382,168700
2022-06-23 09:21:00,382,382,384,382,188300
2022-06-23 09:22:00,384,384,384,384,38800
2022-06-23 09:23:00,384,384,384,384,13800
2022-06-23 09:24:00,384,382,384,382,207700
2022-06-23 09:25:00,382,380,382,380,430200
2022-06-23 09:26:00,380,380,382,382,93600
2022-06-23 09:27:00,380,380,382,382,78000
2022-06-23 09:28:00,380,380,382,382,90800
2022-06-23 09:29:00,380,380,380,380,1085100
2022-06-23 09:30:00,380,380,380,380,320000
2022-06-23 09:31:00,380,378,380,378,1024300
2022-06-23 09:32:00,378,374,378,378,1579400
2022-06-23 09:33:00,378,370,378,374,4615700
2022-06-23 09:34:00,374,368,376,372,1707800
2022-06-23 09:35:00,372,370,374,372,388600
2022-06-23 09:36:00,374,372,376,374,884100
2022-06-23 09:37:00,374,374,376,374,299700
2022-06-23 09:38:00,374,372,374,372,954900
2022-06-23 09:39:00,372,370,374,372,1030200
2022-06-23 09:40:00,372,368,372,370,559900
2022-06-23 09:41:00,370,366,370,368,2139400
2022-06-23 09:42:00,368,366,370,366,564000
2022-06-23 09:43:00,366,366,368,368,664300
2022-06-23 09:44:00,368,366,370,366,1288200
2022-06-23 09:45:00,368,366,368,366,197300
2022-06-23 09:46:00,366,366,368,366,245800
2022-06-23 09:47:00,368,366,368,368,502700
2022-06-23 09:48:00,366,364,366,364,1174200
2022-06-23 09:49:00,364,364,366,364,170600
2022-06-23 09:50:00,364,364,366,364,9800
2022-06-23 09:51:00,368,364,368,364,1238200
2022-06-23 09:52:00,366,366,368,368,150800
2022-06-23 09:53:00,368,366,368,368,151000
2022-06-23 09:54:00,368,366,368,368,107500
2022-06-23 09:55:00,366,366,368,368,39400
2022-06-23 09:56:00,366,366,368,368,130000
2022-06-23 09:57:00,366,366,368,366,107100
2022-06-23 09:58:00,368,366,368,368,301800
2022-06-23 09:59:00,368,366,368,366,244200
2022-06-23 10:00:00,366,366,368,366,1758300
2022-06-23 10:01:00,366,362,366,362,2179900
2022-06-23 10:02:00,364,362,364,364,521700
2022-06-23 10:03:00,364,362,364,362,1553500
2022-06-23 10:04:00,364,362,366,366,629300
2022-06-23 10:05:00,366,364,366,366,53800
2022-06-23 10:06:00,364,364,366,366,177900
2022-06-23 10:07:00,366,364,368,368,271400
2022-06-23 10:08:00,366,366,368,366,139800
2022-06-23 10:09:00,366,364,366,364,119600
2022-06-23 10:10:00,366,364,366,366,251500
2022-06-23 10:11:00,366,364,366,366,143300
2022-06-23 10:12:00,366,364,366,366,40500
2022-06-23 10:13:00,364,364,368,368,339800
2022-06-23 10:14:00,368,366,368,368,72600
2022-06-23 10:15:00,368,366,368,366,327600
2022-06-23 10:16:00,366,364,366,366,6700
2022-06-23 10:17:00,366,364,366,366,139500
2022-06-23 10:18:00,366,364,366,364,390800
2022-06-23 10:19:00,366,364,366,366,272000
2022-06-23 10:20:00,366,366,366,366,123800
2022-06-23 10:21:00,364,364,366,364,15900
2022-06-23 10:22:00,366,364,366,364,154500
2022-06-23 10:23:00,366,366,366,366,1300
2022-06-23 10:24:00,366,364,366,366,40800
2022-06-23 10:25:00,364,364,364,364,3700
2022-06-23 10:26:00,366,364,366,364,28300
2022-06-23 10:27:00,366,364,366,364,9200
2022-06-23 10:28:00,364,364,366,366,55600
2022-06-23 10:29:00,364,362,366,364,537200
2022-06-23 10:30:00,364,362,366,364,0
2022-06-23 10:31:00,362,362,364,362,222400
2022-06-23 10:32:00,362,362,364,362,65100
2022-06-23 10:33:00,362,362,364,362,77700
2022-06-23 10:34:00,364,362,364,362,693900
2022-06-23 10:35:00,362,362,364,364,428600
2022-06-23 10:36:00,364,362,364,364,20000
2022-06-23 10:37:00,362,362,362,362,1533300
2022-06-23 10:38:00,362,362,366,362,2296300
2022-06-23 10:39:00,362,362,362,362,380400
2022-06-23 10:40:00,362,362,362,362,0
2022-06-23 10:41:00,362,362,362,362,108400
2022-06-23 10:42:00,362,362,362,362,4500
2022-06-23 10:43:00,362,362,362,362,13000
2022-06-23 10:44:00,362,362,362,362,1300
2022-06-23 10:45:00,362,362,362,362,1000
2022-06-23 10:46:00,362,362,362,362,2200
2022-06-23 10:47:00,362,362,362,362,1000
2022-06-23 10:48:00,362,362,362,362,500
2022-06-23 10:49:00,362,362,362,362,32500
2022-06-23 10:50:00,362,362,362,362,40000
2022-06-23 10:51:00,362,362,362,362,3300
2022-06-23 10:52:00,362,362,362,362,22000
2022-06-23 10:53:00,362,362,362,362,1600
2022-06-23 10:54:00,362,362,362,362,0
2022-06-23 10:55:00,362,362,362,362,0
2022-06-23 10:56:00,362,362,362,362,16100
2022-06-23 10:57:00,362,362,362,362,50500
2022-06-23 10:58:00,362,362,362,362,101200
2022-06-23 10:59:00,362,362,362,362,35500
2022-06-23 11:00:00,362,362,362,362,100500
2022-06-23 11:01:00,362,362,362,362,9200
2022-06-23 11:02:00,362,362,362,362,100
2022-06-23 11:03:00,362,362,362,362,26200
2022-06-23 11:04:00,362,362,362,362,91200
2022-06-23 11:05:00,362,362,362,362,50300
2022-06-23 11:06:00,362,362,362,362,11600
2022-06-23 11:07:00,362,362,362,362,15000
2022-06-23 11:08:00,362,362,362,362,42800
2022-06-23 11:09:00,362,362,362,362,12400
2022-06-23 11:10:00,362,362,362,362,300
2022-06-23 11:11:00,362,362,362,362,0
2022-06-23 11:12:00,362,362,362,362,50661200
2022-06-23 11:13:00,362,362,362,362,14000
2022-06-23 11:14:00,362,362,362,362,3500
2022-06-23 11:15:00,362,362,362,362,3100
2022-06-23 11:16:00,362,362,362,362,0
2022-06-23 11:17:00,362,362,362,362,21400
2022-06-23 11:18:00,362,362,362,362,3500
2022-06-23 11:19:00,362,362,362,362,1000
2022-06-23 11:20:00,362,362,362,362,5300
2022-06-23 11:21:00,362,362,362,362,8200
2022-06-23 11:22:00,362,362,362,362,35800
2022-06-23 11:23:00,362,362,362,362,4500
2022-06-23 11:24:00,362,362,362,362,6700
2022-06-23 11:25:00,362,362,362,362,11000
2022-06-23 11:26:00,362,362,362,362,1800
2022-06-23 11:27:00,362,362,362,362,5900
2022-06-23 11:28:00,362,362,362,362,0
2022-06-23 11:29:00,362,362,362,362,21900
2022-06-23 11:30:00,362,362,362,362,0
2022-06-23 11:31:00,362,362,362,362,0
2022-06-23 11:32:00,362,362,362,362,0
2022-06-23 11:33:00,362,362,362,362,0
2022-06-23 11:34:00,362,362,362,362,0
2022-06-23 11:35:00,362,362,362,362,0
2022-06-23 11:36:00,362,362,362,362,0
2022-06-23 11:37:00,362,362,362,362,0
2022-06-23 11:38:00,362,362,362,362,0
2022-06-23 11:39:00,362,362,362,362,0
2022-06-23 11:40:00,362,362,362,362,0
2022-06-23 11:41:00,362,362,362,362,0
2022-06-23 11:42:00,362,362,362,362,0
2022-06-23 11:43:00,362,362,362,362,0
2022-06-23 11:44:00,362,362,362,362,0
2022-06-23 11:45:00,362,362,362,362,0
2022-06-23 11:46:00,362,362,362,362,0
2022-06-23 11:47:00,362,362,362,362,0
2022-06-23 11:48:00,362,362,362,362,0
2022-06-23 11:49:00,362,362,362,362,0
2022-06-23 11:50:00,362,362,362,362,0
2022-06-23 11:51:00,362,362,362,362,0
2022-06-23 11:52:00,362,362,362,362,0
2022-06-23 11:53:00,362,362,362,362,0
2022-06-23 11:54:00,362,362,362,362,0
2022-06-23 11:55:00,362,362,362,362,0
2022-06-23 11:56:00,362,362,362,362,0
2022-06-23 11:57:00,362,362,362,362,0
2022-06-23 11:58:00,362,362,362,362,0
2022-06-23 11:59:00,362,362,362,362,0
2022-06-23 12:00:00,362,362,362,362,0
2022-06-23 12:01:00,362,362,362,362,0
2022-06-23 12:02:00,362,362,362,362,0
2022-06-23 12:03:00,362,362,362,362,0
2022-06-23 12:04:00,362,362,362,362,0
2022-06-23 12:05:00,362,362,362,362,0
2022-06-23 12:06:00,362,362,362,362,0
2022-06-23 12:07:00,362,362,362,362,0
2022-06-23 12:08:00,362,362,362,362,0
2022-06-23 12:09:00,362,362,362,362,0
2022-06-23 12:10:00,362,362,362,362,0
2022-06-23 12:11:00,362,362,362,362,0
2022-06-23 12:12:00,362,362,362,362,0
2022-06-23 12:13:00,362,362,362,362,0
2022-06-23 12:14:00,362,362,362,362,0
2022-06-23 12:15:00,362,362,362,362,0
2022-06-23 12:16:00,362,362,362,362,0
2022-06-23 12:17:00,362,362,362,362,0
2022-06-23 12:18:00,362,362,362,362,0
2022-06-23 12:19:00,362,362,362,362,0
2022-06-23 12:20:00,362,362,362,362,0
2022-06-23 12:21:00,362,362,362,362,0
2022-06-23 12:22:00,362,362,362,362,0
2022-06-23 12:23:00,362,362,362,362,0
2022-06-23 12:24:00,362,362,362,362,0
2022-06-23 12:25:00,362,362,362,362,0
2022-06-23 12:26:00,362,362,362,362,0
2022-06-23 12:27:00,362,362,362,362,0
2022-06-23 12:28:00,362,362,362,362,0
2022-06-23 12:29:00,362,362,362,362,0
2022-06-23 12:30:00,362,362,362,362,0
2022-06-23 12:31:00,362,362,362,362,0
2022-06-23 12:32:00,362,362,362,362,0
2022-06-23 12:33:00,362,362,362,362,0
2022-06-23 12:34:00,362,362,362,362,0
2022-06-23 12:35:00,362,362,362,362,0
2022-06-23 12:36:00,362,362,362,362,0
2022-06-23 12:37:00,362,362,362,362,0
2022-06-23 12:38:00,362,362,362,362,0
2022-06-23 12:39:00,362,362,362,362,0
2022-06-23 12:40:00,362,362,362,362,0
2022-06-23 12:41:00,362,362,362,362,0
2022-06-23 12:42:00,362,362,362,362,0
2022-06-23 12:43:00,362,362,362,362,0
2022-06-23 12:44:00,362,362,362,362,0
2022-06-23 12:45:00,362,362,362,362,0
2022-06-23 12:46:00,362,362,362,362,0
2022-06-23 12:47:00,362,362,362,362,0
2022-06-23 12:48:00,362,362,362,362,0
2022-06-23 12:49:00,362,362,362,362,0
2022-06-23 12:50:00,362,362,362,362,0
2022-06-23 12:51:00,362,362,362,362,0
2022-06-23 12:52:00,362,362,362,362,0
2022-06-23 12:53:00,362,362,362,362,0
2022-06-23 12:54:00,362,362,362,362,0
2022-06-23 12:55:00,362,362,362,362,0
2022-06-23 12:56:00,362,362,362,362,0
2022-06-23 12:57:00,362,362,362,362,0
2022-06-23 12:58:00,362,362,362,362,0
2022-06-23 12:59:00,362,362,362,362,0
2022-06-23 13:00:00,362,362,362,362,0
2022-06-23 13:01:00,362,362,362,362,0
2022-06-23 13:02:00,362,362,362,362,0
2022-06-23 13:03:00,362,362,362,362,0
2022-06-23 13:04:00,362,362,362,362,0
2022-06-23 13:05:00,362,362,362,362,0
2022-06-23 13:06:00,362,362,362,362,0
2022-06-23 13:07:00,362,362,362,362,0
2022-06-23 13:08:00,362,362,362,362,0
2022-06-23 13:09:00,362,362,362,362,0
2022-06-23 13:10:00,362,362,362,362,0
2022-06-23 13:11:00,362,362,362,362,0
2022-06-23 13:12:00,362,362,362,362,0
2022-06-23 13:13:00,362,362,362,362,0
2022-06-23 13:14:00,362,362,362,362,0
2022-06-23 13:15:00,362,362,362,362,0
2022-06-23 13:16:00,362,362,362,362,0
2022-06-23 13:17:00,362,362,362,362,0
2022-06-23 13:18:00,362,362,362,362,0
2022-06-23 13:19:00,362,362,362,362,0
2022-06-23 13:20:00,362,362,362,362,0
2022-06-23 13:21:00,362,362,362,362,0
2022-06-23 13:22:00,362,362,362,362,0
2022-06-23 13:23:00,362,362,362,362,0
2022-06-23 13:24:00,362,362,362,362,0
2022-06-23 13:25:00,362,362,362,362,0
2022-06-23 13:26:00,362,362,362,362,0
2022-06-23 13:27:00,362,362,362,362,0
2022-06-23 13:28:00,362,362,362,362,0
2022-06-23 13:29:00,362,362,362,362,0
2022-06-23 13:30:00,362,362,362,362,0
2022-06-23 13:31:00,362,362,362,362,0
2022-06-23 13:32:00,362,362,362,362,0
2022-06-23 13:33:00,362,362,362,362,0
2022-06-23 13:34:00,362,362,362,362,0
2022-06-23 13:35:00,362,362,362,362,0
2022-06-23 13:36:00,362,362,362,362,0
2022-06-23 13:37:00,362,362,362,362,0
2022-06-23 13:38:00,362,362,362,362,0
2022-06-23 13:39:00,362,362,362,362,0
2022-06-23 13:40:00,362,362,362,362,0
2022-06-23 13:41:00,362,362,362,362,0
2022-06-23 13:42:00,362,362,362,362,0
2022-06-23 13:43:00,362,362,362,362,0
2022-06-23 13:44:00,362,362,362,362,0
2022-06-23 13:45:00,362,362,362,362,0
2022-06-23 13:46:00,362,362,362,362,0
2022-06-23 13:47:00,362,362,362,362,0
2022-06-23 13:48:00,362,362,362,362,0
2022-06-23 13:49:00,362,362,362,362,0
2022-06-23 13:50:00,362,362,362,362,0
2022-06-23 13:51:00,362,362,362,362,0
2022-06-23 13:52:00,362,362,362,362,0
2022-06-23 13:53:00,362,362,362,362,0
2022-06-23 13:54:00,362,362,362,362,0
2022-06-23 13:55:00,362,362,362,362,0
2022-06-23 13:56:00,362,362,362,362,0
2022-06-23 13:57:00,362,362,362,362,0
2022-06-23 13:58:00,362,362,362,362,0
2022-06-23 13:59:00,362,362,362,362,0
2022-06-23 14:00:00,362,362,362,362,0
2022-06-23 14:01:00,362,362,362,362,0
2022-06-23 14:02:00,362,362,362,362,0
2022-06-23 14:03:00,362,362,362,362,0
2022-06-23 14:04:00,362,362,362,362,0
2022-06-23 14:05:00,362,362,362,362,0
2022-06-23 14:06:00,362,362,362,362,0
2022-06-23 14:07:00,362,362,362,362,0
2022-06-23 14:08:00,362,362,362,362,0
2022-06-23 14:09:00,362,362,362,362,0
2022-06-23 14:10:00,362,362,362,362,0
2022-06-23 14:11:00,362,362,362,362,0
2022-06-23 14:12:00,362,362,362,362,0
2022-06-23 14:13:00,362,362,362,362,0
2022-06-23 14:14:00,362,362,362,362,0
2022-06-23 14:15:00,362,362,362,362,0
2022-06-23 14:16:00,362,362,362,362,0
2022-06-23 14:17:00,362,362,362,362,0
2022-06-23 14:18:00,362,362,362,362,0
2022-06-23 14:19:00,362,362,362,362,0
2022-06-23 14:20:00,362,362,362,362,0
2022-06-23 14:21:00,362,362,362,362,0
2022-06-23 14:22:00,362,362,362,362,0
2022-06-23 14:23:00,362,362,362,362,0
2022-06-23 14:24:00,362,362,362,362,0
2022-06-23 14:25:00,362,362,362,362,0
2022-06-23 14:26:00,362,362,362,362,0
2022-06-23 14:27:00,362,362,362,362,0
2022-06-23 14:28:00,362,362,362,362,0
2022-06-23 14:29:00,362,362,362,362,0
2022-06-23 14:30:00,362,362,362,362,0
2022-06-23 14:31:00,362,362,362,362,0
2022-06-23 14:32:00,362,362,362,362,0
2022-06-23 14:33:00,362,362,362,362,0
2022-06-23 14:34:00,362,362,362,362,0
2022-06-23 14:35:00,362,362,362,362,0
2022-06-23 14:36:00,362,362,362,362,0
2022-06-23 14:37:00,362,362,362,362,0
2022-06-23 14:38:00,362,362,362,362,0
2022-06-23 14:39:00,362,362,362,362,0
2022-06-23 14:40:00,362,362,362,362,0
2022-06-23 14:41:00,362,362,362,362,0
2022-06-23 14:42:00,362,362,362,362,0
2022-06-23 14:43:00,362,362,362,362,0
2022-06-23 14:44:00,362,362,362,362,0
2022-06-23 14:45:00,362,362,362,362,0
2022-06-23 14:46:00,362,362,362,362,0
2022-06-23 14:47:00,362,362,362,362,0
2022-06-23 14:48:00,362,362,362,362,0
2022-06-23 14:49:00,362,362,362,362,0
2022-06-23 14:50:00,362,362,362,362,0
2022-06-23 14:51:00,362,362,362,362,0
2022-06-23 14:52:00,362,362,362,362,0
2022-06-23 14:53:00,362,362,362,362,0
2022-06-23 14:54:00,362,362,362,362,0
2022-06-23 14:55:00,362,362,362,362,0
2022-06-23 14:56:00,362,362,362,362,0
2022-06-23 14:57:00,362,362,362,362,0
2022-06-23 14:58:00,362,362,362,362,0
2022-06-23 14:59:00,362,362,362,362,0
2022-06-23 15:00:00,362,362,362,362,0
2022-06-23 15:01:00,362,362,362,362,0
2022-06-23 15:02:00,362,362,362,362,0
2022-06-23 15:03:00,362,362,362,362,0
2022-06-23 15:04:00,362,362,362,362,0
2022-06-23 15:05:00,362,362,362,362,0
2022-06-23 15:06:00,362,362,362,362,0
2022-06-23 15:07:00,362,362,362,362,0
2022-06-23 15:08:00,362,362,362,362,0
2022-06-23 15:09:00,362,362,362,362,0
2022-06-23 15:10:00,362,362,362,362,0
2022-06-23 15:11:00,362,362,362,362,0
2022-06-23 15:12:00,362,362,362,362,0
2022-06-23 15:13:00,362,362,362,362,0
2022-06-23 15:14:00,370,370,370,370,68683500
2022-06-23 15:15:00,370,370,370,370,0
2022-06-23 15:16:00,370,370,370,370,0
2022-06-23 15:17:00,370,370,370,370,0
2022-06-23 15:18:00,370,370,370,370,0
2022-06-23 15:19:00,370,370,370,370,0
2022-06-23 15:20:00,370,370,370,370,0
2022-06-23 15:21:00,370,370,370,370,0
2022-06-23 15:22:00,370,370,370,370,0
2022-06-23 15:23:00,370,370,370,370,0
2022-06-23 15:24:00,370,370,370,370,0
2022-06-23 15:25:00,370,370,370,370,0
2022-06-23 15:26:00,370,370,370,370,0
2022-06-23 15:27:00,370,370,370,370,0
2022-06-23 15:28:00,370,370,370,370,0
2022-06-23 15:29:00,370,370,370,370,0
2022-06-23 15:30:00,370,370,370,370,0
2022-06-23 15:31:00,370,370,370,370,0
2022-06-23 15:32:00,370,370,370,370,0
2022-06-23 15:33:00,370,370,370,370,0
2022-06-23 15:34:00,370,370,370,370,0
2022-06-23 15:35:00,370,370,370,370,0
2022-06-23 15:36:00,370,370,370,370,0
2022-06-23 15:37:00,370,370,370,370,0
2022-06-23 15:38:00,370,370,370,370,0
2022-06-23 15:39:00,370,370,370,370,0
2022-06-23 15:40:00,370,370,370,370,0
2022-06-23 15:41:00,370,370,370,370,0
2022-06-23 15:42:00,370,370,370,370,0
2022-06-23 15:43:00,370,370,370,370,0
2022-06-23 15:44:00,370,370,370,370,0
2022-06-23 15:45:00,370,370,370,370,0
2022-06-23 15:46:00,370,370,370,370,0
2022-06-23 15:47:00,370,370,370,370,0
2022-06-23 15:48:00,370,370,370,370,0
2022-06-23 15:49:00,370,370,370,370,0
2022-06-23 15:50:00,370,370,370,370,0
2022-06-23 15:51:00,370,370,370,370,0
2022-06-23 15:52:00,370,370,370,370,0
2022-06-23 15:53:00,370,370,370,370,0
2022-06-23 15:54:00,370,370,370,370,0
2022-06-23 15:55:00,370,370,370,370,0
2022-06-23 15:56:00,370,370,370,370,0
2022-06-23 15:57:00,370,370,370,370,0
2022-06-23 15:58:00,370,370,370,370,0
2022-06-23 15:59:00,370,370,370,370,0
2022-06-24 09:00:00,372,370,374,372,0
2022-06-24 09:01:00,370,366,372,370,877200
2022-06-24 09:02:00,366,366,370,366,50300
2022-06-24 09:03:00,368,366,368,366,91200
2022-06-24 09:04:00,366,364,366,364,150000
2022-06-24 09:05:00,364,364,366,366,17300
2022-06-24 09:06:00,366,364,368,368,196200
2022-06-24 09:07:00,368,368,370,370,100700
2022-06-24 09:08:00,370,368,370,368,32800
2022-06-24 09:09:00,368,368,370,368,10300
2022-06-24 09:10:00,368,368,368,368,6500
2022-06-24 09:11:00,368,368,372,372,491100
2022-06-24 09:12:00,372,372,374,374,696500
2022-06-24 09:13:00,372,372,372,372,335000
2022-06-24 09:14:00,372,372,374,374,909900
2022-06-24 09:15:00,374,374,376,376,172300
2022-06-24 09:16:00,374,372,376,372,791700
2022-06-24 09:17:00,372,370,372,370,284100
2022-06-24 09:18:00,370,370,372,370,262100
2022-06-24 09:19:00,370,368,370,368,117600
2022-06-24 09:20:00,370,368,370,368,276100
2022-06-24 09:21:00,368,364,368,364,530100
2022-06-24 09:22:00,364,364,366,366,89700
2022-06-24 09:23:00,366,364,368,366,68900
2022-06-24 09:24:00,364,364,366,366,410900
2022-06-24 09:25:00,366,366,366,366,32700
2022-06-24 09:26:00,366,366,368,368,11600
2022-06-24 09:27:00,368,368,370,368,119400
2022-06-24 09:28:00,368,366,370,368,65900
2022-06-24 09:29:00,368,366,370,368,0
2022-06-24 09:30:00,368,366,370,366,303800
2022-06-24 09:31:00,366,366,368,368,22500
2022-06-24 09:32:00,368,366,370,366,654000
2022-06-24 09:33:00,366,366,368,366,25900
2022-06-24 09:34:00,366,364,366,364,124100
2022-06-24 09:35:00,366,364,366,364,64000
2022-06-24 09:36:00,366,366,366,366,40000
2022-06-24 09:37:00,366,366,366,366,72000
2022-06-24 09:38:00,366,364,366,364,231100
2022-06-24 09:39:00,364,364,364,364,50200
2022-06-24 09:40:00,366,364,366,364,3600
2022-06-24 09:41:00,364,364,364,364,35400
2022-06-24 09:42:00,364,364,366,366,15400
2022-06-24 09:43:00,366,364,366,364,1300
2022-06-24 09:44:00,366,366,366,366,100
2022-06-24 09:45:00,364,364,366,366,20200
2022-06-24 09:46:00,366,366,366,366,4200
2022-06-24 09:47:00,366,364,366,366,168700
2022-06-24 09:48:00,366,364,366,366,16700
2022-06-24 09:49:00,366,364,368,366,69100
2022-06-24 09:50:00,366,364,366,366,3200
2022-06-24 09:51:00,368,368,368,368,83000
2022-06-24 09:52:00,368,368,368,368,4200
2022-06-24 09:53:00,368,364,368,364,605600
2022-06-24 09:54:00,368,364,368,368,28700
2022-06-24 09:55:00,366,364,366,366,12600
2022-06-24 09:56:00,366,364,366,364,29300
2022-06-24 09:57:00,366,364,366,366,8200
2022-06-24 09:58:00,364,362,364,362,139400
2022-06-24 09:59:00,364,354,364,356,2215800
2022-06-24 10:00:00,356,356,360,360,711300
2022-06-24 10:01:00,358,358,360,358,521700
2022-06-24 10:02:00,356,356,360,358,385700
2022-06-24 10:03:00,360,358,360,358,242400
2022-06-24 10:04:00,358,356,360,358,282700
2022-06-24 10:05:00,358,356,360,360,395800
2022-06-24 10:06:00,358,356,358,356,128400
2022-06-24 10:07:00,356,354,356,356,170900
2022-06-24 10:08:00,356,354,358,358,965200
2022-06-24 10:09:00,356,352,358,354,1058600
2022-06-24 10:10:00,352,352,354,354,711300
2022-06-24 10:11:00,352,350,352,350,556300
2022-06-24 10:12:00,350,348,352,348,1609200
2022-06-24 10:13:00,350,346,350,348,2542900
2022-06-24 10:14:00,350,346,350,348,5049000
2022-06-24 10:15:00,350,348,350,348,189200
2022-06-24 10:16:00,348,348,350,350,632600
2022-06-24 10:17:00,348,348,350,350,95900
2022-06-24 10:18:00,348,348,350,350,178200
2022-06-24 10:19:00,348,348,350,348,26000
2022-06-24 10:20:00,348,346,348,348,282400
2022-06-24 10:21:00,348,346,348,346,251700
2022-06-24 10:22:00,348,346,348,348,930100
2022-06-24 10:23:00,346,346,350,348,434100
2022-06-24 10:24:00,348,348,350,348,122000
2022-06-24 10:25:00,350,348,350,350,125100
2022-06-24 10:26:00,350,348,350,350,225700
2022-06-24 10:27:00,350,348,350,350,49100
2022-06-24 10:28:00,348,348,350,350,182100
2022-06-24 10:29:00,348,348,350,348,196800
2022-06-24 10:30:00,348,346,348,348,255300
2022-06-24 10:31:00,348,348,350,348,409800
2022-06-24 10:32:00,350,348,350,350,59300
2022-06-24 10:33:00,350,348,350,350,293500
2022-06-24 10:34:00,350,348,350,350,61400
2022-06-24 10:35:00,348,348,350,350,38800
2022-06-24 10:36:00,350,348,350,348,14800
2022-06-24 10:37:00,348,348,348,348,52400
2022-06-24 10:38:00,348,348,348,348,6600
2022-06-24 10:39:00,348,348,348,348,166400
2022-06-24 10:40:00,348,348,348,348,54400
2022-06-24 10:41:00,348,348,348,348,103200
2022-06-24 10:42:00,348,348,348,348,51400
2022-06-24 10:43:00,348,348,350,348,53000
2022-06-24 10:44:00,348,348,348,348,16100
2022-06-24 10:45:00,348,348,348,348,900
2022-06-24 10:46:00,348,348,348,348,1500
2022-06-24 10:47:00,348,348,348,348,109600
2022-06-24 10:48:00,348,348,350,350,31400
2022-06-24 10:49:00,348,348,348,348,5000
2022-06-24 10:50:00,348,348,348,348,41500
2022-06-24 10:51:00,348,348,348,348,220000
2022-06-24 10:52:00,348,346,348,346,663500
2022-06-24 10:53:00,348,346,348,346,282900
2022-06-24 10:54:00,348,346,348,346,632000
2022-06-24 10:55:00,346,346,346,346,100400
2022-06-24 10:56:00,346,346,348,348,160900
2022-06-24 10:57:00,348,346,348,346,11900
2022-06-24 10:58:00,346,346,348,348,207700
2022-06-24 10:59:00,348,348,348,348,62300
2022-06-24 11:00:00,348,346,348,346,93700
2022-06-24 11:01:00,346,346,348,348,622000
2022-06-24 11:02:00,348,348,350,350,22400
2022-06-24 11:03:00,350,348,350,350,102600
2022-06-24 11:04:00,350,348,350,350,13800
2022-06-24 11:05:00,348,348,348,348,120700
2022-06-24 11:06:00,348,348,350,348,4800
2022-06-24 11:07:00,348,348,350,350,26100
2022-06-24 11:08:00,350,350,350,350,100
2022-06-24 11:09:00,350,350,350,350,352400
2022-06-24 11:10:00,350,350,350,350,83900
2022-06-24 11:11:00,352,348,352,350,129500
2022-06-24 11:12:00,350,348,350,350,19100
2022-06-24 11:13:00,350,348,350,350,15500
2022-06-24 11:14:00,350,350,350,350,2300
2022-06-24 11:15:00,350,348,350,348,759800
2022-06-24 11:16:00,348,346,348,348,38900
2022-06-24 11:17:00,348,346,348,348,31400
2022-06-24 11:18:00,348,348,348,348,63400
2022-06-24 11:19:00,350,350,350,350,1300
2022-06-24 11:20:00,348,346,350,348,1026000
2022-06-24 11:21:00,348,346,348,348,29800
2022-06-24 11:22:00,348,346,348,348,17500
2022-06-24 11:23:00,346,346,348,348,97800
2022-06-24 11:24:00,348,346,350,350,84300
2022-06-24 11:25:00,350,346,350,346,21300
2022-06-24 11:26:00,348,346,350,348,69200
2022-06-24 11:27:00,348,348,350,350,23500
2022-06-24 11:28:00,350,348,350,350,214700
2022-06-24 11:29:00,348,348,350,348,1900
2022-06-24 11:30:00,348,348,350,348,0
2022-06-24 11:31:00,348,348,350,348,0
2022-06-24 11:32:00,348,348,350,348,0
2022-06-24 11:33:00,348,348,350,348,0
2022-06-24 11:34:00,348,348,350,348,0
2022-06-24 11:35:00,348,348,350,348,0
2022-06-24 11:36:00,348,348,350,348,0
2022-06-24 11:37:00,348,348,350,348,0
2022-06-24 11:38:00,348,348,350,348,0
2022-06-24 11:39:00,348,348,350,348,0
2022-06-24 11:40:00,348,348,350,348,0
2022-06-24 11:41:00,348,348,350,348,0
2022-06-24 11:42:00,348,348,350,348,0
2022-06-24 11:43:00,348,348,350,348,0
2022-06-24 11:44:00,348,348,350,348,0
2022-06-24 11:45:00,348,348,350,348,0
2022-06-24 11:46:00,348,348,350,348,0
2022-06-24 11:47:00,348,348,350,348,0
2022-06-24 11:48:00,348,348,350,348,0
2022-06-24 11:49:00,348,348,350,348,0
2022-06-24 11:50:00,348,348,350,348,0
2022-06-24 11:51:00,348,348,350,348,0
2022-06-24 11:52:00,348,348,350,348,0
2022-06-24 11:53:00,348,348,350,348,0
2022-06-24 11:54:00,348,348,350,348,0
2022-06-24 11:55:00,348,348,350,348,0
2022-06-24 11:56:00,348,348,350,348,0
2022-06-24 11:57:00,348,348,350,348,0
2022-06-24 11:58:00,348,348,350,348,0
2022-06-24 11:59:00,348,348,350,348,0
2022-06-24 12:00:00,348,348,350,348,0
2022-06-24 12:01:00,348,348,350,348,0
2022-06-24 12:02:00,348,348,350,348,0
2022-06-24 12:03:00,348,348,350,348,0
2022-06-24 12:04:00,348,348,350,348,0
2022-06-24 12:05:00,348,348,350,348,0
2022-06-24 12:06:00,348,348,350,348,0
2022-06-24 12:07:00,348,348,350,348,0
2022-06-24 12:08:00,348,348,350,348,0
2022-06-24 12:09:00,348,348,350,348,0
2022-06-24 12:10:00,348,348,350,348,0
2022-06-24 12:11:00,348,348,350,348,0
2022-06-24 12:12:00,348,348,350,348,0
2022-06-24 12:13:00,348,348,350,348,0
2022-06-24 12:14:00,348,348,350,348,0
2022-06-24 12:15:00,348,348,350,348,0
2022-06-24 12:16:00,348,348,350,348,0
2022-06-24 12:17:00,348,348,350,348,0
2022-06-24 12:18:00,348,348,350,348,0
2022-06-24 12:19:00,348,348,350,348,0
2022-06-24 12:20:00,348,348,350,348,0
2022-06-24 12:21:00,348,348,350,348,0
2022-06-24 12:22:00,348,348,350,348,0
2022-06-24 12:23:00,348,348,350,348,0
2022-06-24 12:24:00,348,348,350,348,0
2022-06-24 12:25:00,348,348,350,348,0
2022-06-24 12:26:00,348,348,350,348,0
2022-06-24 12:27:00,348,348,350,348,0
2022-06-24 12:28:00,348,348,350,348,0
2022-06-24 12:29:00,348,348,350,348,0
2022-06-24 12:30:00,348,348,350,348,0
2022-06-24 12:31:00,348,348,350,348,0
2022-06-24 12:32:00,348,348,350,348,0
2022-06-24 12:33:00,348,348,350,348,0
2022-06-24 12:34:00,348,348,350,348,0
2022-06-24 12:35:00,348,348,350,348,0
2022-06-24 12:36:00,348,348,350,348,0
2022-06-24 12:37:00,348,348,350,348,0
2022-06-24 12:38:00,348,348,350,348,0
2022-06-24 12:39:00,348,348,350,348,0
2022-06-24 12:40:00,348,348,350,348,0
2022-06-24 12:41:00,348,348,350,348,0
2022-06-24 12:42:00,348,348,350,348,0
2022-06-24 12:43:00,348,348,350,348,0
2022-06-24 12:44:00,348,348,350,348,0
2022-06-24 12:45:00,348,348,350,348,0
2022-06-24 12:46:00,348,348,350,348,0
2022-06-24 12:47:00,348,348,350,348,0
2022-06-24 12:48:00,348,348,350,348,0
2022-06-24 12:49:00,348,348,350,348,0
2022-06-24 12:50:00,348,348,350,348,0
2022-06-24 12:51:00,348,348,350,348,0
2022-06-24 12:52:00,348,348,350,348,0
2022-06-24 12:53:00,348,348,350,348,0
2022-06-24 12:54:00,348,348,350,348,0
2022-06-24 12:55:00,348,348,350,348,0
2022-06-24 12:56:00,348,348,350,348,0
2022-06-24 12:57:00,348,348,350,348,0
2022-06-24 12:58:00,348,348,350,348,0
2022-06-24 12:59:00,348,348,350,348,0
2022-06-24 13:00:00,348,348,350,348,0
2022-06-24 13:01:00,348,348,350,348,0
2022-06-24 13:02:00,348,348,350,348,0
2022-06-24 13:03:00,348,348,350,348,0
2022-06-24 13:04:00,348,348,350,348,0
2022-06-24 13:05:00,348,348,350,348,0
2022-06-24 13:06:00,348,348,350,348,0
2022-06-24 13:07:00,348,348,350,348,0
2022-06-24 13:08:00,348,348,350,348,0
2022-06-24 13:09:00,348,348,350,348,0
2022-06-24 13:10:00,348,348,350,348,0
2022-06-24 13:11:00,348,348,350,348,0
2022-06-24 13:12:00,348,348,350,348,0
2022-06-24 13:13:00,348,348,350,348,0
2022-06-24 13:14:00,348,348,350,348,0
2022-06-24 13:15:00,348,348,350,348,0
2022-06-24 13:16:00,348,348,350,348,0
2022-06-24 13:17:00,348,348,350,348,0
2022-06-24 13:18:00,348,348,350,348,0
2022-06-24 13:19:00,348,348,350,348,0
2022-06-24 13:20:00,348,348,350,348,0
2022-06-24 13:21:00,348,348,350,348,0
2022-06-24 13:22:00,348,348,350,348,0
2022-06-24 13:23:00,348,348,350,348,0
2022-06-24 13:24:00,348,348,350,348,0
2022-06-24 13:25:00,348,348,350,348,0
2022-06-24 13:26:00,348,348,350,348,0
2022-06-24 13:27:00,348,348,350,348,0
2022-06-24 13:28:00,348,348,350,348,0
2022-06-24 13:29:00,348,348,350,348,0
2022-06-24 13:30:00,348,348,350,348,474800
2022-06-24 13:31:00,350,346,350,346,34800
2022-06-24 13:32:00,346,346,346,346,15300
2022-06-24 13:33:00,348,346,348,348,35700
2022-06-24 13:34:00,346,346,348,348,34100
2022-06-24 13:35:00,348,346,348,346,900
2022-06-24 13:36:00,346,346,348,348,132700
2022-06-24 13:37:00,346,346,346,346,476000
2022-06-24 13:38:00,346,346,348,346,7100
2022-06-24 13:39:00,348,346,348,348,15000
2022-06-24 13:40:00,348,348,348,348,14500
2022-06-24 13:41:00,348,348,348,348,11200
2022-06-24 13:42:00,348,346,348,348,207300
2022-06-24 13:43:00,348,348,348,348,18700
2022-06-24 13:44:00,346,346,348,348,345900
2022-06-24 13:45:00,348,348,350,348,196300
2022-06-24 13:46:00,348,348,350,348,4500
2022-06-24 13:47:00,348,346,348,348,33200
2022-06-24 13:48:00,348,348,350,350,39700
2022-06-24 13:49:00,348,348,350,348,5800
2022-06-24 13:50:00,348,348,350,348,0
2022-06-24 13:51:00,348,348,348,348,188200
2022-06-24 13:52:00,348,348,350,350,13000
2022-06-24 13:53:00,350,348,350,348,53500
2022-06-24 13:54:00,350,350,350,350,2600
2022-06-24 13:55:00,350,348,350,350,121500
2022-06-24 13:56:00,350,348,350,350,25200
2022-06-24 13:57:00,350,348,350,350,9100
2022-06-24 13:58:00,350,350,350,350,33900
2022-06-24 13:59:00,350,350,350,350,69800
2022-06-24 14:00:00,350,350,350,350,60900
2022-06-24 14:01:00,350,350,352,350,44800
2022-06-24 14:02:00,350,350,352,352,250000
2022-06-24 14:03:00,352,352,352,352,197900
2022-06-24 14:04:00,354,352,356,354,1042800
2022-06-24 14:05:00,354,354,356,354,57700
2022-06-24 14:06:00,354,354,356,356,74500
2022-06-24 14:07:00,356,354,356,356,83400
2022-06-24 14:08:00,354,354,356,354,196500
2022-06-24 14:09:00,354,354,356,354,66500
2022-06-24 14:10:00,356,354,356,354,180000
2022-06-24 14:11:00,354,352,354,352,114600
2022-06-24 14:12:00,352,352,354,352,61700
2022-06-24 14:13:00,354,352,354,354,17800
2022-06-24 14:14:00,354,352,354,354,53900
2022-06-24 14:15:00,354,352,354,354,64700
2022-06-24 14:16:00,354,354,354,354,193900
2022-06-24 14:17:00,352,352,354,354,39700
2022-06-24 14:18:00,354,354,354,354,3400
2022-06-24 14:19:00,354,354,354,354,76300
2022-06-24 14:20:00,354,352,354,352,160900
2022-06-24 14:21:00,352,352,354,352,55500
2022-06-24 14:22:00,352,352,352,352,8300
2022-06-24 14:23:00,354,352,354,352,227500
2022-06-24 14:24:00,352,352,356,354,364700
2022-06-24 14:25:00,354,352,354,354,9800
2022-06-24 14:26:00,352,352,354,354,391500
2022-06-24 14:27:00,352,352,352,352,6400
2022-06-24 14:28:00,352,352,352,352,91600
2022-06-24 14:29:00,352,350,352,350,53100
2022-06-24 14:30:00,350,350,352,350,214900
2022-06-24 14:31:00,350,350,352,352,59000
2022-06-24 14:32:00,350,350,352,352,5100
2022-06-24 14:33:00,352,350,352,352,10600
2022-06-24 14:34:00,352,350,352,352,23300
2022-06-24 14:35:00,352,350,352,350,521300
2022-06-24 14:36:00,352,350,352,350,617800
2022-06-24 14:37:00,350,348,350,350,19200
2022-06-24 14:38:00,348,348,350,350,14700
2022-06-24 14:39:00,350,348,350,348,10400
2022-06-24 14:40:00,348,348,350,348,20400
2022-06-24 14:41:00,348,348,350,350,569100
2022-06-24 14:42:00,350,348,350,348,54400
2022-06-24 14:43:00,348,348,350,348,36100
2022-06-24 14:44:00,348,348,350,348,46200
2022-06-24 14:45:00,348,348,350,348,310100
2022-06-24 14:46:00,348,346,348,348,331500
2022-06-24 14:47:00,348,348,348,348,169100
2022-06-24 14:48:00,350,348,350,350,27100
2022-06-24 14:49:00,348,346,348,348,282200
2022-06-24 14:50:00,348,346,348,348,0
2022-06-24 14:51:00,348,346,348,348,0
2022-06-24 14:52:00,348,346,348,348,0
2022-06-24 14:53:00,348,346,348,348,0
2022-06-24 14:54:00,348,346,348,348,0
2022-06-24 14:55:00,348,346,348,348,0
2022-06-24 14:56:00,348,346,348,348,0
2022-06-24 14:57:00,348,346,348,348,0
2022-06-24 14:58:00,348,346,348,348,0
2022-06-24 14:59:00,348,346,348,348,0
2022-06-24 15:00:00,346,346,346,346,2951000
2022-06-24 15:01:00,346,346,346,346,270300
2022-06-24 15:02:00,346,346,346,346,332300
2022-06-24 15:03:00,346,346,346,346,529100
2022-06-24 15:04:00,346,346,346,346,41900
2022-06-24 15:05:00,346,346,346,346,16000
2022-06-24 15:06:00,346,346,346,346,0
2022-06-24 15:07:00,346,346,346,346,2700
2022-06-24 15:08:00,346,346,346,346,62000
2022-06-24 15:09:00,346,346,346,346,15000
2022-06-24 15:10:00,346,346,346,346,1800
2022-06-24 15:11:00,346,346,346,346,0
2022-06-24 15:12:00,346,346,346,346,30100
2022-06-24 15:13:00,346,346,346,346,0
2022-06-24 15:14:00,346,346,346,346,13700
2022-06-24 15:15:00,346,346,346,346,0
2022-06-24 15:16:00,346,346,346,346,0
2022-06-24 15:17:00,346,346,346,346,0
2022-06-24 15:18:00,346,346,346,346,0
2022-06-24 15:19:00,346,346,346,346,0
2022-06-24 15:20:00,346,346,346,346,0
2022-06-24 15:21:00,346,346,346,346,0
2022-06-24 15:22:00,346,346,346,346,0
2022-06-24 15:23:00,346,346,346,346,0
2022-06-24 15:24:00,346,346,346,346,0
2022-06-24 15:25:00,346,346,346,346,0
2022-06-24 15:26:00,346,346,346,346,0
2022-06-24 15:27:00,346,346,346,346,0
2022-06-24 15:28:00,346,346,346,346,0
2022-06-24 15:29:00,346,346,346,346,0
2022-06-24 15:30:00,346,346,346,346,0
2022-06-24 15:31:00,346,346,346,346,0
2022-06-24 15:32:00,346,346,346,346,0
2022-06-24 15:33:00,346,346,346,346,0
2022-06-24 15:34:00,346,346,346,346,0
2022-06-24 15:35:00,346,346,346,346,0
2022-06-24 15:36:00,346,346,346,346,0
2022-06-24 15:37:00,346,346,346,346,0
2022-06-24 15:38:00,346,346,346,346,0
2022-06-24 15:39:00,346,346,346,346,0
2022-06-24 15:40:00,346,346,346,346,0
2022-06-24 15:41:00,346,346,346,346,0
2022-06-24 15:42:00,346,346,346,346,0
2022-06-24 15:43:00,346,346,346,346,0
2022-06-24 15:44:00,346,346,346,346,0
2022-06-24 15:45:00,346,346,346,346,0
2022-06-24 15:46:00,346,346,346,346,0
2022-06-24 15:47:00,346,346,346,346,0
2022-06-24 15:48:00,346,346,346,346,0
2022-06-24 15:49:00,346,346,346,346,0
2022-06-24 15:50:00,346,346,346,346,0
2022-06-24 15:51:00,346,346,346,346,0
2022-06-24 15:52:00,346,346,346,346,0
2022-06-24 15:53:00,346,346,346,346,0
2022-06-24 15:54:00,346,346,346,346,0
2022-06-24 15:55:00,346,346,346,346,0
2022-06-24 15:56:00,346,346,346,346,0
2022-06-24 15:57:00,346,346,346,346,0
2022-06-24 15:58:00,346,346,346,346,0
2022-06-24 15:59:00,346,346,346,346,0
2022-06-27 09:00:00,346,346,352,348,0
2022-06-27 09:01:00,348,348,352,350,148000
2022-06-27 09:02:00,350,350,352,350,146100
2022-06-27 09:03:00,350,346,350,348,190200
2022-06-27 09:04:00,348,348,350,350,69700
2022-06-27 09:05:00,350,350,350,350,170500
2022-06-27 09:06:00,350,350,352,350,119800
2022-06-27 09:07:00,350,350,350,350,11800
2022-06-27 09:08:00,350,350,350,350,58400
2022-06-27 09:09:00,348,348,350,350,28300
2022-06-27 09:10:00,350,350,350,350,80800
2022-06-27 09:11:00,348,348,350,350,47700
2022-06-27 09:12:00,348,348,348,348,119600
2022-06-27 09:13:00,346,346,348,346,160600
2022-06-27 09:14:00,348,346,348,348,16700
2022-06-27 09:15:00,348,342,348,342,283800
2022-06-27 09:16:00,344,338,344,338,617600
2022-06-27 09:17:00,338,334,340,336,1504200
2022-06-27 09:18:00,336,336,338,338,234000
2022-06-27 09:19:00,338,338,344,344,167700
2022-06-27 09:20:00,344,342,344,344,94800
2022-06-27 09:21:00,342,342,344,342,121800
2022-06-27 09:22:00,342,342,344,342,6700
2022-06-27 09:23:00,342,342,344,342,89800
2022-06-27 09:24:00,342,342,348,348,189600
2022-06-27 09:25:00,348,346,350,350,574600
2022-06-27 09:26:00,350,348,350,350,132700
2022-06-27 09:27:00,350,350,352,352,49300
2022-06-27 09:28:00,352,350,354,354,1327800
2022-06-27 09:29:00,354,354,358,358,1031700
2022-06-27 09:30:00,356,354,358,354,1387100
2022-06-27 09:31:00,354,350,356,356,1548300
2022-06-27 09:32:00,356,354,356,356,232600
2022-06-27 09:33:00,354,352,356,352,285900
2022-06-27 09:34:00,354,354,356,354,710400
2022-06-27 09:35:00,354,354,354,354,20100
2022-06-27 09:36:00,352,352,356,354,607600
2022-06-27 09:37:00,354,354,358,356,1184900
2022-06-27 09:38:00,358,356,366,364,3166300
2022-06-27 09:39:00,366,360,366,364,2318500
2022-06-27 09:40:00,364,362,366,364,802600
2022-06-27 09:41:00,364,362,364,364,884200
2022-06-27 09:42:00,364,362,364,362,1033800
2022-06-27 09:43:00,362,362,364,362,554000
2022-06-27 09:44:00,364,362,364,362,154600
2022-06-27 09:45:00,362,360,362,360,908200
2022-06-27 09:46:00,360,356,360,358,429500
2022-06-27 09:47:00,356,356,358,358,254500
2022-06-27 09:48:00,358,358,360,360,76600
2022-06-27 09:49:00,360,358,360,360,19500
2022-06-27 09:50:00,360,358,360,358,24400
2022-06-27 09:51:00,360,360,362,362,315400
2022-06-27 09:52:00,362,360,362,362,18700
2022-06-27 09:53:00,362,360,362,362,157200
2022-06-27 09:54:00,362,360,362,360,172000
2022-06-27 09:55:00,360,360,362,360,142700
2022-06-27 09:56:00,360,358,360,360,88200
2022-06-27 09:57:00,360,358,360,358,8100
2022-06-27 09:58:00,360,358,360,358,455900
2022-06-27 09:59:00,358,356,358,356,90500
2022-06-27 10:00:00,358,356,358,358,5500
2022-06-27 10:01:00,358,356,358,356,6300
2022-06-27 10:02:00,358,356,358,358,186400
2022-06-27 10:03:00,358,356,358,356,36100
2022-06-27 10:04:00,356,356,358,356,226700
2022-06-27 10:05:00,358,356,358,356,44200
2022-06-27 10:06:00,358,358,360,358,337600
2022-06-27 10:07:00,358,358,360,360,0
2022-06-27 10:08:00,358,356,358,356,374100
2022-06-27 10:09:00,356,356,356,356,572700
2022-06-27 10:10:00,356,356,358,356,6500
2022-06-27 10:11:00,356,356,358,358,46000
2022-06-27 10:12:00,358,356,358,358,0
2022-06-27 10:13:00,356,356,356,356,60800
2022-06-27 10:14:00,356,356,356,356,22400
2022-06-27 10:15:00,356,354,358,356,128100
2022-06-27 10:16:00,356,356,358,358,44200
2022-06-27 10:17:00,358,358,358,358,0
2022-06-27 10:18:00,356,356,358,358,15600
2022-06-27 10:19:00,358,358,358,358,300
2022-06-27 10:20:00,356,356,358,356,14200
2022-06-27 10:21:00,358,356,358,356,122000
2022-06-27 10:22:00,356,354,358,356,8200
2022-06-27 10:23:00,356,354,356,354,313100
2022-06-27 10:24:00,354,354,356,354,0
2022-06-27 10:25:00,356,356,356,356,200
2022-06-27 10:26:00,356,356,356,356,100900
2022-06-27 10:27:00,356,356,356,356,0
2022-06-27 10:28:00,356,354,356,354,30200
2022-06-27 10:29:00,354,354,354,354,1400
2022-06-27 10:30:00,354,354,354,354,70800
2022-06-27 10:31:00,354,354,356,356,6400
2022-06-27 10:32:00,356,356,356,356,0
2022-06-27 10:33:00,354,354,356,356,106600
2022-06-27 10:34:00,354,354,356,356,276500
2022-06-27 10:35:00,354,354,356,356,0
2022-06-27 10:36:00,356,356,358,358,505200
2022-06-27 10:37:00,358,356,358,356,85500
2022-06-27 10:38:00,358,356,358,356,0
2022-06-27 10:39:00,356,356,356,356,120400
2022-06-27 10:40:00,354,354,354,354,0
2022-06-27 10:41:00,356,356,356,356,0
2022-06-27 10:42:00,356,356,356,356,0
2022-06-27 10:43:00,358,356,358,356,30745300
2022-06-27 10:44:00,356,356,356,356,478800
2022-06-27 10:45:00,354,354,356,354,1159100
2022-06-27 10:46:00,356,354,356,354,773200
2022-06-27 10:47:00,356,356,356,356,5800
2022-06-27 10:48:00,356,356,356,356,16400
2022-06-27 10:49:00,356,354,356,354,29400
2022-06-27 10:50:00,356,354,356,354,6700
2022-06-27 10:51:00,356,356,358,358,508700
2022-06-27 10:52:00,356,354,358,358,227400
2022-06-27 10:53:00,356,356,356,356,3300
2022-06-27 10:54:00,356,354,356,354,32100
2022-06-27 10:55:00,354,354,356,356,20800
2022-06-27 10:56:00,356,356,356,356,0
2022-06-27 10:57:00,356,356,356,356,18000
2022-06-27 10:58:00,354,354,356,356,0
2022-06-27 10:59:00,354,354,354,354,0
2022-06-27 11:00:00,354,354,354,354,57100
2022-06-27 11:01:00,354,354,354,354,6600
2022-06-27 11:02:00,354,354,354,354,800
2022-06-27 11:03:00,354,354,354,354,7300
2022-06-27 11:04:00,354,354,354,354,4500
2022-06-27 11:05:00,354,354,354,354,100
2022-06-27 11:06:00,356,354,356,354,2100
2022-06-27 11:07:00,354,354,356,356,191700
2022-06-27 11:08:00,356,356,364,362,3855100
2022-06-27 11:09:00,362,360,362,360,237900
2022-06-27 11:10:00,360,360,362,360,43800
2022-06-27 11:11:00,360,360,360,360,0
2022-06-27 11:12:00,360,360,360,360,85500
2022-06-27 11:13:00,360,360,362,362,11600
2022-06-27 11:14:00,362,362,362,362,81100
2022-06-27 11:15:00,362,360,362,362,197800
2022-06-27 11:16:00,362,360,362,360,35900
2022-06-27 11:17:00,360,360,360,360,36200
2022-06-27 11:18:00,360,360,360,360,0
2022-06-27 11:19:00,358,358,358,358,92600
2022-06-27 11:20:00,358,358,358,358,209700
2022-06-27 11:21:00,358,358,358,358,15000
2022-06-27 11:22:00,358,356,358,356,51600
2022-06-27 11:23:00,356,356,356,356,0
2022-06-27 11:24:00,356,356,356,356,39400
2022-06-27 11:25:00,358,356,358,356,49500
2022-06-27 11:26:00,358,356,358,356,0
2022-06-27 11:27:00,358,356,358,356,0
2022-06-27 11:28:00,356,356,358,358,2000
2022-06-27 11:29:00,356,356,358,358,0
2022-06-27 11:30:00,356,356,358,358,0
2022-06-27 11:31:00,356,356,358,358,0
2022-06-27 11:32:00,356,356,358,358,0
2022-06-27 11:33:00,356,356,358,358,0
2022-06-27 11:34:00,356,356,358,358,0
2022-06-27 11:35:00,356,356,358,358,0
2022-06-27 11:36:00,356,356,358,358,0
2022-06-27 11:37:00,356,356,358,358,0
2022-06-27 11:38:00,356,356,358,358,0
2022-06-27 11:39:00,356,356,358,358,0
2022-06-27 11:40:00,356,356,358,358,0
2022-06-27 11:41:00,356,356,358,358,0
2022-06-27 11:42:00,356,356,358,358,0
2022-06-27 11:43:00,356,356,358,358,0
2022-06-27 11:44:00,356,356,358,358,0
2022-06-27 11:45:00,356,356,358,358,0
2022-06-27 11:46:00,356,356,358,358,0
2022-06-27 11:47:00,356,356,358,358,0
2022-06-27 11:48:00,356,356,358,358,0
2022-06-27 11:49:00,356,356,358,358,0
2022-06-27 11:50:00,356,356,358,358,0
2022-06-27 11:51:00,356,356,358,358,0
2022-06-27 11:52:00,356,356,358,358,0
2022-06-27 11:53:00,356,356,358,358,0
2022-06-27 11:54:00,356,356,358,358,0
2022-06-27 11:55:00,356,356,358,358,0
2022-06-27 11:56:00,356,356,358,358,0
2022-06-27 11:57:00,356,356,358,358,0
2022-06-27 11:58:00,356,356,358,358,0
2022-06-27 11:59:00,356,356,358,358,0
2022-06-27 12:00:00,356,356,358,358,0
2022-06-27 12:01:00,356,356,358,358,0
2022-06-27 12:02:00,356,356,358,358,0
2022-06-27 12:03:00,356,356,358,358,0
2022-06-27 12:04:00,356,356,358,358,0
2022-06-27 12:05:00,356,356,358,358,0
2022-06-27 12:06:00,356,356,358,358,0
2022-06-27 12:07:00,356,356,358,358,0
2022-06-27 12:08:00,356,356,358,358,0
2022-06-27 12:09:00,356,356,358,358,0
2022-06-27 12:10:00,356,356,358,358,0
2022-06-27 12:11:00,356,356,358,358,0
2022-06-27 12:12:00,356,356,358,358,0
2022-06-27 12:13:00,356,356,358,358,0
2022-06-27 12:14:00,356,356,358,358,0
2022-06-27 12:15:00,356,356,358,358,0
2022-06-27 12:16:00,356,356,358,358,0
2022-06-27 12:17:00,356,356,358,358,0
2022-06-27 12:18:00,356,356,358,358,0
2022-06-27 12:19:00,356,356,358,358,0
2022-06-27 12:20:00,356,356,358,358,0
2022-06-27 12:21:00,356,356,358,358,0
2022-06-27 12:22:00,356,356,358,358,0
2022-06-27 12:23:00,356,356,358,358,0
2022-06-27 12:24:00,356,356,358,358,0
2022-06-27 12:25:00,356,356,358,358,0
2022-06-27 12:26:00,356,356,358,358,0
2022-06-27 12:27:00,356,356,358,358,0
2022-06-27 12:28:00,356,356,358,358,0
2022-06-27 12:29:00,356,356,358,358,0
2022-06-27 12:30:00,356,356,358,358,0
2022-06-27 12:31:00,356,356,358,358,0
2022-06-27 12:32:00,356,356,358,358,0
2022-06-27 12:33:00,356,356,358,358,0
2022-06-27 12:34:00,356,356,358,358,0
2022-06-27 12:35:00,356,356,358,358,0
2022-06-27 12:36:00,356,356,358,358,0
2022-06-27 12:37:00,356,356,358,358,0
2022-06-27 12:38:00,356,356,358,358,0
2022-06-27 12:39:00,356,356,358,358,0
2022-06-27 12:40:00,356,356,358,358,0
2022-06-27 12:41:00,356,356,358,358,0
2022-06-27 12:42:00,356,356,358,358,0
2022-06-27 12:43:00,356,356,358,358,0
2022-06-27 12:44:00,356,356,358,358,0
2022-06-27 12:45:00,356,356,358,358,0
2022-06-27 12:46:00,356,356,358,358,0
2022-06-27 12:47:00,356,356,358,358,0
2022-06-27 12:48:00,356,356,358,358,0
2022-06-27 12:49:00,356,356,358,358,0
2022-06-27 12:50:00,356,356,358,358,0
2022-06-27 12:51:00,356,356,358,358,0
2022-06-27 12:52:00,356,356,358,358,0
2022-06-27 12:53:00,356,356,358,358,0
2022-06-27 12:54:00,356,356,358,358,0
2022-06-27 12:55:00,356,356,358,358,0
2022-06-27 12:56:00,356,356,358,358,0
2022-06-27 12:57:00,356,356,358,358,0
2022-06-27 12:58:00,356,356,358,358,0
2022-06-27 12:59:00,356,356,358,358,0
2022-06-27 13:00:00,356,356,358,358,0
2022-06-27 13:01:00,356,356,358,358,0
2022-06-27 13:02:00,356,356,358,358,0
2022-06-27 13:03:00,356,356,358,358,0
2022-06-27 13:04:00,356,356,358,358,0
2022-06-27 13:05:00,356,356,358,358,0
2022-06-27 13:06:00,356,356,358,358,0
2022-06-27 13:07:00,356,356,358,358,0
2022-06-27 13:08:00,356,356,358,358,0
2022-06-27 13:09:00,356,356,358,358,0
2022-06-27 13:10:00,356,356,358,358,0
2022-06-27 13:11:00,356,356,358,358,0
2022-06-27 13:12:00,356,356,358,358,0
2022-06-27 13:13:00,356,356,358,358,0
2022-06-27 13:14:00,356,356,358,358,0
2022-06-27 13:15:00,356,356,358,358,0
2022-06-27 13:16:00,356,356,358,358,0
2022-06-27 13:17:00,356,356,358,358,0
2022-06-27 13:18:00,356,356,358,358,0
2022-06-27 13:19:00,356,356,358,358,0
2022-06-27 13:20:00,356,356,358,358,0
2022-06-27 13:21:00,356,356,358,358,0
2022-06-27 13:22:00,356,356,358,358,0
2022-06-27 13:23:00,356,356,358,358,0
2022-06-27 13:24:00,356,356,358,358,0
2022-06-27 13:25:00,356,356,358,358,0
2022-06-27 13:26:00,356,356,358,358,0
2022-06-27 13:27:00,356,356,358,358,0
2022-06-27 13:28:00,356,356,358,358,0
2022-06-27 13:29:00,356,356,358,358,0
2022-06-27 13:30:00,358,356,358,358,143500
2022-06-27 13:31:00,358,358,358,358,204700
2022-06-27 13:32:00,360,360,360,360,0
2022-06-27 13:33:00,360,360,360,360,16900
2022-06-27 13:34:00,360,358,360,358,0
2022-06-27 13:35:00,358,358,360,360,2600
2022-06-27 13:36:00,360,358,360,358,4300
2022-06-27 13:37:00,358,358,360,360,200
2022-06-27 13:38:00,358,358,358,358,283200
2022-06-27 13:39:00,358,358,360,360,12600
2022-06-27 13:40:00,360,360,360,360,61900
2022-06-27 13:41:00,360,358,360,360,25900
2022-06-27 13:42:00,360,360,360,360,300
2022-06-27 13:43:00,358,358,360,358,474800
2022-06-27 13:44:00,358,358,360,358,0
2022-06-27 13:45:00,358,358,358,358,9800
2022-06-27 13:46:00,358,358,358,358,1600
2022-06-27 13:47:00,358,358,358,358,0
2022-06-27 13:48:00,360,358,360,358,49600
2022-06-27 13:49:00,360,358,360,358,82300
2022-06-27 13:50:00,358,358,358,358,2800
2022-06-27 13:51:00,360,360,360,360,277700
2022-06-27 13:52:00,358,358,358,358,0
2022-06-27 13:53:00,360,360,360,360,237200
2022-06-27 13:54:00,360,360,362,362,13100
2022-06-27 13:55:00,362,362,362,362,6200
2022-06-27 13:56:00,362,362,362,362,1700
2022-06-27 13:57:00,362,362,362,362,3600
2022-06-27 13:58:00,360,360,362,362,3700
2022-06-27 13:59:00,362,362,362,362,1600
2022-06-27 14:00:00,360,360,360,360,6100
2022-06-27 14:01:00,362,362,362,362,11900
2022-06-27 14:02:00,362,360,362,360,23000
2022-06-27 14:03:00,362,360,362,362,396800
2022-06-27 14:04:00,360,360,362,360,64100
2022-06-27 14:05:00,362,360,362,360,57900
2022-06-27 14:06:00,360,360,360,360,275700
2022-06-27 14:07:00,362,362,362,362,0
2022-06-27 14:08:00,362,362,362,362,11100
2022-06-27 14:09:00,362,362,362,362,200
2022-06-27 14:10:00,362,362,362,362,500
2022-06-27 14:11:00,360,360,362,362,2700
2022-06-27 14:12:00,360,360,362,362,0
2022-06-27 14:13:00,362,360,362,362,54900
2022-06-27 14:14:00,360,360,360,360,19600
2022-06-27 14:15:00,362,360,362,360,98900
2022-06-27 14:16:00,362,360,362,360,31800
2022-06-27 14:17:00,360,360,362,362,0
2022-06-27 14:18:00,362,362,362,362,4700
2022-06-27 14:19:00,362,360,362,360,3100
2022-06-27 14:20:00,362,360,362,362,1500
2022-06-27 14:21:00,360,360,362,362,237900
2022-06-27 14:22:00,362,360,362,362,1693800
2022-06-27 14:23:00,362,362,364,364,59600
2022-06-27 14:24:00,364,362,364,362,36700
2022-06-27 14:25:00,364,362,364,364,48000
2022-06-27 14:26:00,362,362,364,362,90400
2022-06-27 14:27:00,362,362,364,362,82000
2022-06-27 14:28:00,362,362,362,362,33300
2022-06-27 14:29:00,362,362,364,362,37100
2022-06-27 14:30:00,362,362,364,362,177400
2022-06-27 14:31:00,364,362,364,362,0
2022-06-27 14:32:00,364,364,364,364,9000
2022-06-27 14:33:00,362,362,362,362,237600
2022-06-27 14:34:00,362,362,364,362,0
2022-06-27 14:35:00,362,362,364,364,15300
2022-06-27 14:36:00,362,362,362,362,30000
2022-06-27 14:37:00,362,362,364,362,477900
2022-06-27 14:38:00,364,362,364,362,103500
2022-06-27 14:39:00,362,362,362,362,255000
2022-06-27 14:40:00,362,360,362,362,226400
2022-06-27 14:41:00,362,360,362,360,3700
2022-06-27 14:42:00,362,360,362,360,38000
2022-06-27 14:43:00,362,362,362,362,44000
2022-06-27 14:44:00,362,360,362,362,33800
2022-06-27 14:45:00,362,360,362,362,120400
2022-06-27 14:46:00,360,360,362,360,100000
2022-06-27 14:47:00,362,360,364,362,1121600
2022-06-27 14:48:00,362,362,364,364,81300
2022-06-27 14:49:00,364,364,364,364,515900
2022-06-27 14:50:00,364,364,364,364,0
2022-06-27 14:51:00,364,364,364,364,0
2022-06-27 14:52:00,364,364,364,364,0
2022-06-27 14:53:00,364,364,364,364,0
2022-06-27 14:54:00,364,364,364,364,0
2022-06-27 14:55:00,364,364,364,364,0
2022-06-27 14:56:00,364,364,364,364,0
2022-06-27 14:57:00,364,364,364,364,0
2022-06-27 14:58:00,364,364,364,364,0
2022-06-27 14:59:00,364,364,364,364,0
2022-06-27 15:00:00,366,366,366,366,3539200
2022-06-27 15:01:00,366,366,366,366,291800
2022-06-27 15:02:00,366,366,366,366,227400
2022-06-27 15:03:00,366,366,366,366,1700
2022-06-27 15:04:00,366,366,366,366,42300
2022-06-27 15:05:00,366,366,366,366,258400
2022-06-27 15:06:00,366,366,366,366,81800
2022-06-27 15:07:00,366,366,366,366,77300
2022-06-27 15:08:00,366,366,366,366,774100
2022-06-27 15:09:00,366,366,366,366,0
2022-06-27 15:10:00,366,366,366,366,6100
2022-06-27 15:11:00,366,366,366,366,0
2022-06-27 15:12:00,366,366,366,366,37000
2022-06-27 15:13:00,366,366,366,366,53025500
2022-06-27 15:14:00,366,366,366,366,0
2022-06-27 15:15:00,366,366,366,366,0
2022-06-27 15:16:00,366,366,366,366,0
2022-06-27 15:17:00,366,366,366,366,0
2022-06-27 15:18:00,366,366,366,366,0
2022-06-27 15:19:00,366,366,366,366,0
2022-06-27 15:20:00,366,366,366,366,0
2022-06-27 15:21:00,366,366,366,366,0
2022-06-27 15:22:00,366,366,366,366,0
2022-06-27 15:23:00,366,366,366,366,0
2022-06-27 15:24:00,366,366,366,366,0
2022-06-27 15:25:00,366,366,366,366,0
2022-06-27 15:26:00,366,366,366,366,0
2022-06-27 15:27:00,366,366,366,366,0
2022-06-27 15:28:00,366,366,366,366,0
2022-06-27 15:29:00,366,366,366,366,0
2022-06-27 15:30:00,366,366,366,366,0
2022-06-27 15:31:00,366,366,366,366,0
2022-06-27 15:32:00,366,366,366,366,0
2022-06-27 15:33:00,366,366,366,366,0
2022-06-27 15:34:00,366,366,366,366,0
2022-06-27 15:35:00,366,366,366,366,0
2022-06-27 15:36:00,366,366,366,366,0
2022-06-27 15:37:00,366,366,366,366,0
2022-06-27 15:38:00,366,366,366,366,0
2022-06-27 15:39:00,366,366,366,366,0
2022-06-27 15:40:00,366,366,366,366,0
2022-06-27 15:41:00,366,366,366,366,0
2022-06-27 15:42:00,366,366,366,366,0
2022-06-27 15:43:00,366,366,366,366,0
2022-06-27 15:44:00,366,366,366,366,0
2022-06-27 15:45:00,366,366,366,366,0
2022-06-27 15:46:00,366,366,366,366,0
2022-06-27 15:47:00,366,366,366,366,0
2022-06-27 15:48:00,366,366,366,366,0
2022-06-27 15:49:00,366,366,366,366,0
2022-06-27 15:50:00,366,366,366,366,0
2022-06-27 15:51:00,366,366,366,366,0
2022-06-27 15:52:00,366,366,366,366,0
2022-06-27 15:53:00,366,366,366,366,0
2022-06-27 15:54:00,366,366,366,366,0
2022-06-27 15:55:00,366,366,366,366,0
2022-06-27 15:56:00,366,366,366,366,0
2022-06-27 15:57:00,366,366,366,366,0
2022-06-27 15:58:00,366,366,366,366,0
2022-06-27 15:59:00,366,366,366,366,0
2022-06-28 09:00:00,368,368,370,370,0
2022-06-28 09:01:00,370,368,372,372,423700
2022-06-28 09:02:00,372,370,374,372,1641100
2022-06-28 09:03:00,372,370,372,372,343100
2022-06-28 09:04:00,374,372,376,374,1922000
2022-06-28 09:05:00,374,372,376,374,1484600
2022-06-28 09:06:00,374,372,374,372,736500
2022-06-28 09:07:00,372,370,372,372,326500
2022-06-28 09:08:00,370,368,372,368,1392800
2022-06-28 09:09:00,368,368,372,370,493700
2022-06-28 09:10:00,370,370,372,372,931500
2022-06-28 09:11:00,372,372,374,372,345700
2022-06-28 09:12:00,374,372,376,376,2741200
2022-06-28 09:13:00,378,376,378,378,2291400
2022-06-28 09:14:00,378,374,378,374,1704100
2022-06-28 09:15:00,374,374,376,376,241000
2022-06-28 09:16:00,376,374,376,376,380900
2022-06-28 09:17:00,376,374,376,376,52100
2022-06-28 09:18:00,374,374,376,374,263200
2022-06-28 09:19:00,372,372,374,374,348700
2022-06-28 09:20:00,374,374,376,374,333400
2022-06-28 09:21:00,374,374,376,374,193200
2022-06-28 09:22:00,374,374,376,376,288600
2022-06-28 09:23:00,374,374,376,374,89700
2022-06-28 09:24:00,376,374,376,374,140800
2022-06-28 09:25:00,374,372,376,374,215400
2022-06-28 09:26:00,374,372,374,374,413500
2022-06-28 09:27:00,374,372,374,372,634700
2022-06-28 09:28:00,372,370,372,372,190300
2022-06-28 09:29:00,370,368,370,368,1458100
2022-06-28 09:30:00,368,366,370,368,1119800
2022-06-28 09:31:00,368,368,372,370,289200
2022-06-28 09:32:00,370,370,372,372,29600
2022-06-28 09:33:00,370,370,372,370,184600
2022-06-28 09:34:00,372,370,372,372,28400
2022-06-28 09:35:00,370,370,372,372,38700
2022-06-28 09:36:00,372,370,372,372,134900
2022-06-28 09:37:00,372,370,372,372,217700
2022-06-28 09:38:00,372,370,374,372,140300
2022-06-28 09:39:00,372,370,372,372,318300
2022-06-28 09:40:00,372,372,374,374,159500
2022-06-28 09:41:00,374,372,374,374,448000
2022-06-28 09:42:00,374,374,376,376,289400
2022-06-28 09:43:00,376,374,376,374,463800
2022-06-28 09:44:00,374,372,374,372,221500
2022-06-28 09:45:00,374,372,374,372,151000
2022-06-28 09:46:00,372,372,374,372,72200
2022-06-28 09:47:00,372,372,374,374,410100
2022-06-28 09:48:00,372,372,374,372,128000
2022-06-28 09:49:00,374,374,374,374,37900
2022-06-28 09:50:00,374,372,374,372,288900
2022-06-28 09:51:00,372,372,372,372,7400
2022-06-28 09:52:00,374,374,374,374,56200
2022-06-28 09:53:00,374,372,374,372,35100
2022-06-28 09:54:00,372,372,374,372,45000
2022-06-28 09:55:00,372,372,374,372,444100
2022-06-28 09:56:00,372,372,372,372,45300
2022-06-28 09:57:00,372,372,372,372,62300
2022-06-28 09:58:00,372,372,374,372,7200
2022-06-28 09:59:00,372,372,374,372,60200
2022-06-28 10:00:00,372,372,374,372,35000
2022-06-28 10:01:00,374,374,374,374,713700
2022-06-28 10:02:00,374,374,374,374,321800
2022-06-28 10:03:00,374,374,376,374,109700
2022-06-28 10:04:00,374,374,374,374,240200
2022-06-28 10:05:00,376,374,376,374,525600
2022-06-28 10:06:00,374,374,376,376,57700
2022-06-28 10:07:00,376,376,376,376,100
2022-06-28 10:08:00,374,374,374,374,64600
2022-06-28 10:09:00,376,376,376,376,41000
2022-06-28 10:10:00,374,374,374,374,30900
2022-06-28 10:11:00,374,374,376,374,407800
2022-06-28 10:12:00,374,374,376,374,0
2022-06-28 10:13:00,374,374,374,374,22100
2022-06-28 10:14:00,372,372,372,372,43500
2022-06-28 10:15:00,372,372,374,374,9300
2022-06-28 10:16:00,372,372,374,374,19300
2022-06-28 10:17:00,374,372,374,372,57400
2022-06-28 10:18:00,372,372,374,372,17300
2022-06-28 10:19:00,372,372,374,372,3000
2022-06-28 10:20:00,372,372,374,374,152300
2022-06-28 10:21:00,372,372,374,374,16800
2022-06-28 10:22:00,372,372,372,372,0
2022-06-28 10:23:00,372,372,374,372,244700
2022-06-28 10:24:00,372,372,374,374,52000
2022-06-28 10:25:00,374,372,374,372,3000
2022-06-28 10:26:00,374,372,374,374,8100
2022-06-28 10:27:00,372,372,372,372,9000
2022-06-28 10:28:00,372,372,372,372,4600
2022-06-28 10:29:00,372,372,374,372,519000
2022-06-28 10:30:00,372,372,372,372,39600
2022-06-28 10:31:00,372,372,374,372,5900
2022-06-28 10:32:00,372,372,372,372,5800
2022-06-28 10:33:00,374,372,374,372,0
2022-06-28 10:34:00,372,372,372,372,41600
2022-06-28 10:35:00,372,372,372,372,14900
2022-06-28 10:36:00,372,372,372,372,202600
2022-06-28 10:37:00,372,370,372,372,0
2022-06-28 10:38:00,370,370,372,372,33000
2022-06-28 10:39:00,372,370,372,372,95400
2022-06-28 10:40:00,370,370,372,370,107300
2022-06-28 10:41:00,370,370,370,370,115000
2022-06-28 10:42:00,372,370,372,370,101100
2022-06-28 10:43:00,370,370,370,370,3100
2022-06-28 10:44:00,370,370,370,370,2600
2022-06-28 10:45:00,370,370,372,372,17900
2022-06-28 10:46:00,372,370,372,370,9500
2022-06-28 10:47:00,370,370,372,372,1200
2022-06-28 10:48:00,372,372,372,372,5900
2022-06-28 10:49:00,372,372,372,372,0
2022-06-28 10:50:00,372,372,372,372,4300
2022-06-28 10:51:00,372,372,372,372,34300
2022-06-28 10:52:00,372,370,372,370,453400
2022-06-28 10:53:00,370,370,370,370,1900
2022-06-28 10:54:00,370,370,372,370,19100
2022-06-28 10:55:00,370,370,372,372,4300
2022-06-28 10:56:00,372,370,372,370,10500
2022-06-28 10:57:00,370,370,370,370,54000
2022-06-28 10:58:00,370,370,370,370,47200
2022-06-28 10:59:00,370,370,370,370,25000
2022-06-28 11:00:00,372,370,372,370,566300
2022-06-28 11:01:00,370,370,372,372,232500
2022-06-28 11:02:00,370,368,370,368,27700
2022-06-28 11:03:00,368,368,370,370,44400
2022-06-28 11:04:00,370,368,370,368,7200
2022-06-28 11:05:00,368,368,370,370,37200
2022-06-28 11:06:00,370,370,370,370,900
2022-06-28 11:07:00,370,370,370,370,2100
2022-06-28 11:08:00,370,370,370,370,0
2022-06-28 11:09:00,370,368,370,370,22900
2022-06-28 11:10:00,368,368,370,370,0
2022-06-28 11:11:00,370,370,370,370,20100
2022-06-28 11:12:00,370,368,370,370,44700
2022-06-28 11:13:00,370,370,370,370,0
2022-06-28 11:14:00,370,370,370,370,15900
2022-06-28 11:15:00,370,370,370,370,17400
2022-06-28 11:16:00,368,368,368,368,6800
2022-06-28 11:17:00,368,368,370,370,235500
2022-06-28 11:18:00,370,370,370,370,0
2022-06-28 11:19:00,370,368,370,368,6600
2022-06-28 11:20:00,368,368,370,370,140400
2022-06-28 11:21:00,368,368,368,368,422400
2022-06-28 11:22:00,368,368,368,368,149800
2022-06-28 11:23:00,368,368,370,370,171900
2022-06-28 11:24:00,370,368,370,370,2200
2022-06-28 11:25:00,370,370,370,370,29300
2022-06-28 11:26:00,370,370,370,370,9800
2022-06-28 11:27:00,370,368,370,368,2200
2022-06-28 11:28:00,370,368,372,372,346700
2022-06-28 11:29:00,372,372,372,372,16200
2022-06-28 11:30:00,372,372,372,372,0
2022-06-28 11:31:00,372,372,372,372,0
2022-06-28 11:32:00,372,372,372,372,0
2022-06-28 11:33:00,372,372,372,372,0
2022-06-28 11:34:00,372,372,372,372,0
2022-06-28 11:35:00,372,372,372,372,0
2022-06-28 11:36:00,372,372,372,372,0
2022-06-28 11:37:00,372,372,372,372,0
2022-06-28 11:38:00,372,372,372,372,0
2022-06-28 11:39:00,372,372,372,372,0
2022-06-28 11:40:00,372,372,372,372,0
2022-06-28 11:41:00,372,372,372,372,0
2022-06-28 11:42:00,372,372,372,372,0
2022-06-28 11:43:00,372,372,372,372,0
2022-06-28 11:44:00,372,372,372,372,0
2022-06-28 11:45:00,372,372,372,372,0
2022-06-28 11:46:00,372,372,372,372,0
2022-06-28 11:47:00,372,372,372,372,0
2022-06-28 11:48:00,372,372,372,372,0
2022-06-28 11:49:00,372,372,372,372,0
2022-06-28 11:50:00,372,372,372,372,0
2022-06-28 11:51:00,372,372,372,372,0
2022-06-28 11:52:00,372,372,372,372,0
2022-06-28 11:53:00,372,372,372,372,0
2022-06-28 11:54:00,372,372,372,372,0
2022-06-28 11:55:00,372,372,372,372,0
2022-06-28 11:56:00,372,372,372,372,0
2022-06-28 11:57:00,372,372,372,372,0
2022-06-28 11:58:00,372,372,372,372,0
2022-06-28 11:59:00,372,372,372,372,0
2022-06-28 12:00:00,372,372,372,372,0
2022-06-28 12:01:00,372,372,372,372,0
2022-06-28 12:02:00,372,372,372,372,0
2022-06-28 12:03:00,372,372,372,372,0
2022-06-28 12:04:00,372,372,372,372,0
2022-06-28 12:05:00,372,372,372,372,0
2022-06-28 12:06:00,372,372,372,372,0
2022-06-28 12:07:00,372,372,372,372,0
2022-06-28 12:08:00,372,372,372,372,0
2022-06-28 12:09:00,372,372,372,372,0
2022-06-28 12:10:00,372,372,372,372,0
2022-06-28 12:11:00,372,372,372,372,0
2022-06-28 12:12:00,372,372,372,372,0
2022-06-28 12:13:00,372,372,372,372,0
2022-06-28 12:14:00,372,372,372,372,0
2022-06-28 12:15:00,372,372,372,372,0
2022-06-28 12:16:00,372,372,372,372,0
2022-06-28 12:17:00,372,372,372,372,0
2022-06-28 12:18:00,372,372,372,372,0
2022-06-28 12:19:00,372,372,372,372,0
2022-06-28 12:20:00,372,372,372,372,0
2022-06-28 12:21:00,372,372,372,372,0
2022-06-28 12:22:00,372,372,372,372,0
2022-06-28 12:23:00,372,372,372,372,0
2022-06-28 12:24:00,372,372,372,372,0
2022-06-28 12:25:00,372,372,372,372,0
2022-06-28 12:26:00,372,372,372,372,0
2022-06-28 12:27:00,372,372,372,372,0
2022-06-28 12:28:00,372,372,372,372,0
2022-06-28 12:29:00,372,372,372,372,0
2022-06-28 12:30:00,372,372,372,372,0
2022-06-28 12:31:00,372,372,372,372,0
2022-06-28 12:32:00,372,372,372,372,0
2022-06-28 12:33:00,372,372,372,372,0
2022-06-28 12:34:00,372,372,372,372,0
2022-06-28 12:35:00,372,372,372,372,0
2022-06-28 12:36:00,372,372,372,372,0
2022-06-28 12:37:00,372,372,372,372,0
2022-06-28 12:38:00,372,372,372,372,0
2022-06-28 12:39:00,372,372,372,372,0
2022-06-28 12:40:00,372,372,372,372,0
2022-06-28 12:41:00,372,372,372,372,0
2022-06-28 12:42:00,372,372,372,372,0
2022-06-28 12:43:00,372,372,372,372,0
2022-06-28 12:44:00,372,372,372,372,0
2022-06-28 12:45:00,372,372,372,372,0
2022-06-28 12:46:00,372,372,372,372,0
2022-06-28 12:47:00,372,372,372,372,0
2022-06-28 12:48:00,372,372,372,372,0
2022-06-28 12:49:00,372,372,372,372,0
2022-06-28 12:50:00,372,372,372,372,0
2022-06-28 12:51:00,372,372,372,372,0
2022-06-28 12:52:00,372,372,372,372,0
2022-06-28 12:53:00,372,372,372,372,0
2022-06-28 12:54:00,372,372,372,372,0
2022-06-28 12:55:00,372,372,372,372,0
2022-06-28 12:56:00,372,372,372,372,0
2022-06-28 12:57:00,372,372,372,372,0
2022-06-28 12:58:00,372,372,372,372,0
2022-06-28 12:59:00,372,372,372,372,0
2022-06-28 13:00:00,372,372,372,372,0
2022-06-28 13:01:00,372,372,372,372,0
2022-06-28 13:02:00,372,372,372,372,0
2022-06-28 13:03:00,372,372,372,372,0
2022-06-28 13:04:00,372,372,372,372,0
2022-06-28 13:05:00,372,372,372,372,0
2022-06-28 13:06:00,372,372,372,372,0
2022-06-28 13:07:00,372,372,372,372,0
2022-06-28 13:08:00,372,372,372,372,0
2022-06-28 13:09:00,372,372,372,372,0
2022-06-28 13:10:00,372,372,372,372,0
2022-06-28 13:11:00,372,372,372,372,0
2022-06-28 13:12:00,372,372,372,372,0
2022-06-28 13:13:00,372,372,372,372,0
2022-06-28 13:14:00,372,372,372,372,0
2022-06-28 13:15:00,372,372,372,372,0
2022-06-28 13:16:00,372,372,372,372,0
2022-06-28 13:17:00,372,372,372,372,0
2022-06-28 13:18:00,372,372,372,372,0
2022-06-28 13:19:00,372,372,372,372,0
2022-06-28 13:20:00,372,372,372,372,0
2022-06-28 13:21:00,372,372,372,372,0
2022-06-28 13:22:00,372,372,372,372,0
2022-06-28 13:23:00,372,372,372,372,0
2022-06-28 13:24:00,372,372,372,372,0
2022-06-28 13:25:00,372,372,372,372,0
2022-06-28 13:26:00,372,372,372,372,0
2022-06-28 13:27:00,372,372,372,372,0
2022-06-28 13:28:00,372,372,372,372,0
2022-06-28 13:29:00,372,372,372,372,0
2022-06-28 13:30:00,372,370,372,372,151200
2022-06-28 13:31:00,372,372,372,372,8900
2022-06-28 13:32:00,372,372,372,372,2600
2022-06-28 13:33:00,372,370,372,372,122300
2022-06-28 13:34:00,370,370,372,372,27800
2022-06-28 13:35:00,372,372,372,372,100
2022-06-28 13:36:00,372,370,372,370,44400
2022-06-28 13:37:00,370,370,372,372,16500
2022-06-28 13:38:00,372,372,372,372,0
2022-06-28 13:39:00,372,370,374,370,192100
2022-06-28 13:40:00,372,372,374,372,800
2022-06-28 13:41:00,372,372,374,374,1200
2022-06-28 13:42:00,372,372,374,372,25000
2022-06-28 13:43:00,374,372,374,372,68100
2022-06-28 13:44:00,372,372,372,372,40000
2022-06-28 13:45:00,372,372,372,372,129500
2022-06-28 13:46:00,370,370,370,370,0
2022-06-28 13:47:00,370,370,370,370,119900
2022-06-28 13:48:00,372,372,372,372,5100
2022-06-28 13:49:00,372,370,372,370,15900
2022-06-28 13:50:00,370,370,372,372,3100
2022-06-28 13:51:00,372,370,372,370,11000
2022-06-28 13:52:00,370,370,372,370,36000
2022-06-28 13:53:00,370,370,372,372,34000
2022-06-28 13:54:00,370,370,372,372,53300
2022-06-28 13:55:00,370,370,370,370,105100
2022-06-28 13:56:00,372,370,372,372,3000
2022-06-28 13:57:00,372,372,372,372,3200
2022-06-28 13:58:00,372,370,372,370,100
2022-06-28 13:59:00,370,370,372,372,120100
2022-06-28 14:00:00,370,370,372,370,86000
2022-06-28 14:01:00,370,370,372,370,50700
2022-06-28 14:02:00,370,370,370,370,162100
2022-06-28 14:03:00,370,370,370,370,43900
2022-06-28 14:04:00,370,368,370,368,13600
2022-06-28 14:05:00,368,368,370,370,144200
2022-06-28 14:06:00,368,366,370,368,983400
2022-06-28 14:07:00,368,366,368,366,22800
2022-06-28 14:08:00,366,366,368,368,27700
2022-06-28 14:09:00,368,366,368,368,36600
2022-06-28 14:10:00,368,368,368,368,12600
2022-06-28 14:11:00,368,368,368,368,22900
2022-06-28 14:12:00,366,366,368,368,39100
2022-06-28 14:13:00,368,366,368,368,79500
2022-06-28 14:14:00,368,366,368,368,38100
2022-06-28 14:15:00,368,366,368,366,7100
2022-06-28 14:16:00,368,366,368,368,103100
2022-06-28 14:17:00,366,366,368,368,80400
2022-06-28 14:18:00,368,366,368,368,123400
2022-06-28 14:19:00,368,366,368,368,24900
2022-06-28 14:20:00,368,368,368,368,40300
2022-06-28 14:21:00,366,366,368,368,0
2022-06-28 14:22:00,368,366,368,368,50800
2022-06-28 14:23:00,368,366,368,368,571800
2022-06-28 14:24:00,370,370,370,370,36500
2022-06-28 14:25:00,370,370,370,370,144100
2022-06-28 14:26:00,370,370,372,370,107000
2022-06-28 14:27:00,370,370,370,370,22500
2022-06-28 14:28:00,370,370,370,370,5500
2022-06-28 14:29:00,370,370,370,370,48800
2022-06-28 14:30:00,370,368,370,368,250900
2022-06-28 14:31:00,370,368,370,368,67300
2022-06-28 14:32:00,368,368,370,370,59400
2022-06-28 14:33:00,368,368,368,368,14600
2022-06-28 14:34:00,368,368,368,368,8100
2022-06-28 14:35:00,368,368,370,368,12700
2022-06-28 14:36:00,368,366,368,366,392500
2022-06-28 14:37:00,366,366,368,366,158000
2022-06-28 14:38:00,368,366,368,366,0
2022-06-28 14:39:00,366,366,366,366,1152600
2022-06-28 14:40:00,366,366,366,366,167300
2022-06-28 14:41:00,366,364,366,364,267400
2022-06-28 14:42:00,366,364,366,364,9100
2022-06-28 14:43:00,366,364,366,364,19600
2022-06-28 14:44:00,364,364,364,364,19800
2022-06-28 14:45:00,364,364,364,364,27900
2022-06-28 14:46:00,364,364,366,366,123300
2022-06-28 14:47:00,366,364,366,364,360400
2022-06-28 14:48:00,364,364,366,364,405100
2022-06-28 14:49:00,366,364,366,364,377400
2022-06-28 14:50:00,366,364,366,364,0
2022-06-28 14:51:00,366,364,366,364,0
2022-06-28 14:52:00,366,364,366,364,0
2022-06-28 14:53:00,366,364,366,364,0
2022-06-28 14:54:00,366,364,366,364,0
2022-06-28 14:55:00,366,364,366,364,0
2022-06-28 14:56:00,366,364,366,364,0
2022-06-28 14:57:00,366,364,366,364,0
2022-06-28 14:58:00,366,364,366,364,0
2022-06-28 14:59:00,366,364,366,364,0
2022-06-28 15:00:00,364,364,364,364,3148100
2022-06-28 15:01:00,364,364,364,364,0
2022-06-28 15:02:00,364,364,364,364,46800
2022-06-28 15:03:00,364,364,364,364,0
2022-06-28 15:04:00,364,364,364,364,607300
2022-06-28 15:05:00,364,364,364,364,1016100
2022-06-28 15:06:00,364,364,364,364,0
2022-06-28 15:07:00,364,364,364,364,99900
2022-06-28 15:08:00,364,364,364,364,59900
2022-06-28 15:09:00,364,364,364,364,19900
2022-06-28 15:10:00,364,364,364,364,0
2022-06-28 15:11:00,364,364,364,364,3000
2022-06-28 15:12:00,364,364,364,364,4500
2022-06-28 15:13:00,364,364,364,364,0
2022-06-28 15:14:00,364,364,364,364,49483300
2022-06-28 15:15:00,364,364,364,364,0
2022-06-28 15:16:00,364,364,364,364,0
2022-06-28 15:17:00,364,364,364,364,0
2022-06-28 15:18:00,364,364,364,364,0
2022-06-28 15:19:00,364,364,364,364,0
2022-06-28 15:20:00,364,364,364,364,0
2022-06-28 15:21:00,364,364,364,364,0
2022-06-28 15:22:00,364,364,364,364,0
2022-06-28 15:23:00,364,364,364,364,0
2022-06-28 15:24:00,364,364,364,364,0
2022-06-28 15:25:00,364,364,364,364,0
2022-06-28 15:26:00,364,364,364,364,0
2022-06-28 15:27:00,364,364,364,364,0
2022-06-28 15:28:00,364,364,364,364,0
2022-06-28 15:29:00,364,364,364,364,0
2022-06-28 15:30:00,364,364,364,364,0
2022-06-28 15:31:00,364,364,364,364,0
2022-06-28 15:32:00,364,364,364,364,0
2022-06-28 15:33:00,364,364,364,364,0
2022-06-28 15:34:00,364,364,364,364,0
2022-06-28 15:35:00,364,364,364,364,0
2022-06-28 15:36:00,364,364,364,364,0
2022-06-28 15:37:00,364,364,364,364,0
2022-06-28 15:38:00,364,364,364,364,0
2022-06-28 15:39:00,364,364,364,364,0
2022-06-28 15:40:00,364,364,364,364,0
2022-06-28 15:41:00,364,364,364,364,0
2022-06-28 15:42:00,364,364,364,364,0
2022-06-28 15:43:00,364,364,364,364,0
2022-06-28 15:44:00,364,364,364,364,0
2022-06-28 15:45:00,364,364,364,364,0
2022-06-28 15:46:00,364,364,364,364,0
2022-06-28 15:47:00,364,364,364,364,0
2022-06-28 15:48:00,364,364,364,364,0
2022-06-28 15:49:00,364,364,364,364,0
2022-06-28 15:50:00,364,364,364,364,0
2022-06-28 15:51:00,364,364,364,364,0
2022-06-28 15:52:00,364,364,364,364,0
2022-06-28 15:53:00,364,364,364,364,0
2022-06-28 15:54:00,364,364,364,364,0
2022-06-28 15:55:00,364,364,364,364,0
2022-06-28 15:56:00,364,364,364,364,0
2022-06-28 15:57:00,364,364,364,364,0
2022-06-28 15:58:00,364,364,364,364,0
2022-06-28 15:59:00,364,364,364,364,0
2022-06-29 09:00:00,364,360,366,360,0
2022-06-29 09:01:00,362,360,364,362,154300
2022-06-29 09:02:00,362,362,364,364,139400
2022-06-29 09:03:00,362,362,364,364,80700
2022-06-29 09:04:00,364,362,368,368,661300
2022-06-29 09:05:00,368,366,368,368,152700
2022-06-29 09:06:00,368,366,368,366,256100
2022-06-29 09:07:00,366,364,366,364,149100
2022-06-29 09:08:00,364,362,364,362,155000
2022-06-29 09:09:00,362,360,362,362,196400
2022-06-29 09:10:00,362,360,362,362,118100
2022-06-29 09:11:00,362,360,362,360,105200
2022-06-29 09:12:00,360,360,362,360,42900
2022-06-29 09:13:00,360,360,362,360,204000
2022-06-29 09:14:00,360,360,362,362,0
2022-06-29 09:15:00,362,360,362,362,198900
2022-06-29 09:16:00,362,362,364,364,60300
2022-06-29 09:17:00,364,362,364,364,10800
2022-06-29 09:18:00,364,360,364,362,232900
2022-06-29 09:19:00,362,362,362,362,22400
2022-06-29 09:20:00,360,360,362,362,1204500
2022-06-29 09:21:00,364,362,364,362,2700
2022-06-29 09:22:00,362,362,364,364,301200
2022-06-29 09:23:00,364,360,364,360,41500
2022-06-29 09:24:00,360,360,360,360,2900
2022-06-29 09:25:00,360,360,360,360,118600
2022-06-29 09:26:00,360,360,362,362,19500
2022-06-29 09:27:00,362,362,362,362,33000
2022-06-29 09:28:00,360,360,360,360,53700
2022-06-29 09:29:00,360,360,360,360,7500
2022-06-29 09:30:00,360,360,360,360,1055100
2022-06-29 09:31:00,360,358,360,360,349800
2022-06-29 09:32:00,360,358,360,358,6000
2022-06-29 09:33:00,358,358,358,358,555000
2022-06-29 09:34:00,358,358,358,358,112700
2022-06-29 09:35:00,358,358,360,358,69600
2022-06-29 09:36:00,360,358,360,358,0
2022-06-29 09:37:00,358,358,360,358,58500
2022-06-29 09:38:00,358,358,360,358,103600
2022-06-29 09:39:00,358,358,358,358,403500
2022-06-29 09:40:00,358,358,358,358,159600
2022-06-29 09:41:00,356,356,358,356,904400
2022-06-29 09:42:00,356,356,358,356,149000
2022-06-29 09:43:00,356,354,358,354,296400
2022-06-29 09:44:00,354,354,356,356,60900
2022-06-29 09:45:00,356,356,356,356,119100
2022-06-29 09:46:00,356,356,358,358,0
2022-06-29 09:47:00,358,358,358,358,344700
2022-06-29 09:48:00,358,358,358,358,9000
2022-06-29 09:49:00,358,356,358,356,111500
2022-06-29 09:50:00,356,356,358,358,0
2022-06-29 09:51:00,356,356,356,356,9500
2022-06-29 09:52:00,356,356,356,356,72400
2022-06-29 09:53:00,356,356,356,356,0
2022-06-29 09:54:00,356,356,358,356,5000
2022-06-29 09:55:00,356,356,358,356,226200
2022-06-29 09:56:00,356,356,358,356,0
2022-06-29 09:57:00,356,356,356,356,42700
2022-06-29 09:58:00,356,356,356,356,15100
2022-06-29 09:59:00,356,356,356,356,0
2022-06-29 10:00:00,356,356,358,356,36900
2022-06-29 10:01:00,358,356,358,356,0
2022-06-29 10:02:00,356,356,358,356,9200
2022-06-29 10:03:00,356,356,356,356,1400
2022-06-29 10:04:00,356,356,358,356,5500
2022-06-29 10:05:00,356,356,356,356,2300
2022-06-29 10:06:00,356,356,356,356,53400
2022-06-29 10:07:00,358,356,358,356,4700
2022-06-29 10:08:00,356,356,358,358,6000
2022-06-29 10:09:00,358,358,358,358,166900
2022-06-29 10:10:00,358,358,358,358,13300
2022-06-29 10:11:00,358,358,358,358,12800
2022-06-29 10:12:00,358,358,358,358,0
2022-06-29 10:13:00,356,356,358,356,286300
2022-06-29 10:14:00,356,354,358,356,2041100
2022-06-29 10:15:00,356,356,358,356,423800
2022-06-29 10:16:00,358,358,358,358,523000
2022-06-29 10:17:00,358,358,358,358,0
2022-06-29 10:18:00,358,358,358,358,1100
2022-06-29 10:19:00,358,358,358,358,0
2022-06-29 10:20:00,358,358,358,358,0
2022-06-29 10:21:00,360,360,360,360,148200
2022-06-29 10:22:00,360,360,362,360,24800
2022-06-29 10:23:00,360,360,360,360,20300
2022-06-29 10:24:00,360,360,360,360,0
2022-06-29 10:25:00,360,360,362,362,5800
2022-06-29 10:26:00,362,360,362,360,36700
2022-06-29 10:27:00,360,360,362,362,1500
2022-06-29 10:28:00,362,360,362,360,38900
2022-06-29 10:29:00,362,360,362,360,8900
2022-06-29 10:30:00,360,360,360,360,5700
2022-06-29 10:31:00,360,360,360,360,0
2022-06-29 10:32:00,360,360,360,360,39900
2022-06-29 10:33:00,360,360,362,360,0
2022-06-29 10:34:00,360,360,362,362,0
2022-06-29 10:35:00,360,360,362,362,63200
2022-06-29 10:36:00,360,358,360,358,649800
2022-06-29 10:37:00,358,358,358,358,0
2022-06-29 10:38:00,358,356,358,356,23300
2022-06-29 10:39:00,356,356,358,356,25400
2022-06-29 10:40:00,358,356,358,356,20400
2022-06-29 10:41:00,360,360,360,360,200
2022-06-29 10:42:00,360,360,360,360,1600
2022-06-29 10:43:00,358,358,360,358,48400
2022-06-29 10:44:00,358,358,358,358,0
2022-06-29 10:45:00,358,358,358,358,2000
2022-06-29 10:46:00,358,358,358,358,10200
2022-06-29 10:47:00,358,358,358,358,0
2022-06-29 10:48:00,358,358,358,358,0
2022-06-29 10:49:00,358,358,358,358,0
2022-06-29 10:50:00,358,358,358,358,0
2022-06-29 10:51:00,358,358,358,358,0
2022-06-29 10:52:00,358,358,358,358,0
2022-06-29 10:53:00,358,358,358,358,17800
2022-06-29 10:54:00,356,356,356,356,14200
2022-06-29 10:55:00,356,356,356,356,0
2022-06-29 10:56:00,356,356,358,356,46800
2022-06-29 10:57:00,356,356,358,356,0
2022-06-29 10:58:00,356,356,358,356,0
2022-06-29 10:59:00,356,356,358,356,0
2022-06-29 11:00:00,358,356,358,356,24500
2022-06-29 11:01:00,358,356,358,356,55500
2022-06-29 11:02:00,358,358,358,358,0
2022-06-29 11:03:00,358,358,358,358,0
2022-06-29 11:04:00,358,356,358,356,207400
2022-06-29 11:05:00,358,358,358,358,1000
2022-06-29 11:06:00,356,356,356,356,9000
2022-06-29 11:07:00,358,358,358,358,5300
2022-06-29 11:08:00,358,358,358,358,0
2022-06-29 11:09:00,358,358,358,358,1800
2022-06-29 11:10:00,358,358,358,358,0
2022-06-29 11:11:00,358,356,358,356,10600
2022-06-29 11:12:00,356,356,358,358,7300
2022-06-29 11:13:00,358,358,358,358,2600
2022-06-29 11:14:00,358,358,358,358,5100
2022-06-29 11:15:00,358,358,358,358,24400
2022-06-29 11:16:00,358,356,358,356,35700
2022-06-29 11:17:00,358,356,358,356,14100
2022-06-29 11:18:00,356,356,356,356,182300
2022-06-29 11:19:00,356,356,356,356,0
2022-06-29 11:20:00,356,356,356,356,0
2022-06-29 11:21:00,356,356,356,356,12800
2022-06-29 11:22:00,358,356,358,358,180400
2022-06-29 11:23:00,356,356,358,358,800
2022-06-29 11:24:00,358,356,358,358,67300
2022-06-29 11:25:00,358,358,358,358,38900
2022-06-29 11:26:00,358,358,358,358,2600
2022-06-29 11:27:00,358,356,358,358,17900
2022-06-29 11:28:00,356,356,358,358,575300
2022-06-29 11:29:00,358,358,358,358,800
2022-06-29 11:30:00,358,358,358,358,0
2022-06-29 11:31:00,358,358,358,358,0
2022-06-29 11:32:00,358,358,358,358,0
2022-06-29 11:33:00,358,358,358,358,0
2022-06-29 11:34:00,358,358,358,358,0
2022-06-29 11:35:00,358,358,358,358,0
2022-06-29 11:36:00,358,358,358,358,0
2022-06-29 11:37:00,358,358,358,358,0
2022-06-29 11:38:00,358,358,358,358,0
2022-06-29 11:39:00,358,358,358,358,0
2022-06-29 11:40:00,358,358,358,358,0
2022-06-29 11:41:00,358,358,358,358,0
2022-06-29 11:42:00,358,358,358,358,0
2022-06-29 11:43:00,358,358,358,358,0
2022-06-29 11:44:00,358,358,358,358,0
2022-06-29 11:45:00,358,358,358,358,0
2022-06-29 11:46:00,358,358,358,358,0
2022-06-29 11:47:00,358,358,358,358,0
2022-06-29 11:48:00,358,358,358,358,0
2022-06-29 11:49:00,358,358,358,358,0
2022-06-29 11:50:00,358,358,358,358,0
2022-06-29 11:51:00,358,358,358,358,0
2022-06-29 11:52:00,358,358,358,358,0
2022-06-29 11:53:00,358,358,358,358,0
2022-06-29 11:54:00,358,358,358,358,0
2022-06-29 11:55:00,358,358,358,358,0
2022-06-29 11:56:00,358,358,358,358,0
2022-06-29 11:57:00,358,358,358,358,0
2022-06-29 11:58:00,358,358,358,358,0
2022-06-29 11:59:00,358,358,358,358,0
2022-06-29 12:00:00,358,358,358,358,0
2022-06-29 12:01:00,358,358,358,358,0
2022-06-29 12:02:00,358,358,358,358,0
2022-06-29 12:03:00,358,358,358,358,0
2022-06-29 12:04:00,358,358,358,358,0
2022-06-29 12:05:00,358,358,358,358,0
2022-06-29 12:06:00,358,358,358,358,0
2022-06-29 12:07:00,358,358,358,358,0
2022-06-29 12:08:00,358,358,358,358,0
2022-06-29 12:09:00,358,358,358,358,0
2022-06-29 12:10:00,358,358,358,358,0
2022-06-29 12:11:00,358,358,358,358,0
2022-06-29 12:12:00,358,358,358,358,0
2022-06-29 12:13:00,358,358,358,358,0
2022-06-29 12:14:00,358,358,358,358,0
2022-06-29 12:15:00,358,358,358,358,0
2022-06-29 12:16:00,358,358,358,358,0
2022-06-29 12:17:00,358,358,358,358,0
2022-06-29 12:18:00,358,358,358,358,0
2022-06-29 12:19:00,358,358,358,358,0
2022-06-29 12:20:00,358,358,358,358,0
2022-06-29 12:21:00,358,358,358,358,0
2022-06-29 12:22:00,358,358,358,358,0
2022-06-29 12:23:00,358,358,358,358,0
2022-06-29 12:24:00,358,358,358,358,0
2022-06-29 12:25:00,358,358,358,358,0
2022-06-29 12:26:00,358,358,358,358,0
2022-06-29 12:27:00,358,358,358,358,0
2022-06-29 12:28:00,358,358,358,358,0
2022-06-29 12:29:00,358,358,358,358,0
2022-06-29 12:30:00,358,358,358,358,0
2022-06-29 12:31:00,358,358,358,358,0
2022-06-29 12:32:00,358,358,358,358,0
2022-06-29 12:33:00,358,358,358,358,0
2022-06-29 12:34:00,358,358,358,358,0
2022-06-29 12:35:00,358,358,358,358,0
2022-06-29 12:36:00,358,358,358,358,0
2022-06-29 12:37:00,358,358,358,358,0
2022-06-29 12:38:00,358,358,358,358,0
2022-06-29 12:39:00,358,358,358,358,0
2022-06-29 12:40:00,358,358,358,358,0
2022-06-29 12:41:00,358,358,358,358,0
2022-06-29 12:42:00,358,358,358,358,0
2022-06-29 12:43:00,358,358,358,358,0
2022-06-29 12:44:00,358,358,358,358,0
2022-06-29 12:45:00,358,358,358,358,0
2022-06-29 12:46:00,358,358,358,358,0
2022-06-29 12:47:00,358,358,358,358,0
2022-06-29 12:48:00,358,358,358,358,0
2022-06-29 12:49:00,358,358,358,358,0
2022-06-29 12:50:00,358,358,358,358,0
2022-06-29 12:51:00,358,358,358,358,0
2022-06-29 12:52:00,358,358,358,358,0
2022-06-29 12:53:00,358,358,358,358,0
2022-06-29 12:54:00,358,358,358,358,0
2022-06-29 12:55:00,358,358,358,358,0
2022-06-29 12:56:00,358,358,358,358,0
2022-06-29 12:57:00,358,358,358,358,0
2022-06-29 12:58:00,358,358,358,358,0
2022-06-29 12:59:00,358,358,358,358,0
2022-06-29 13:00:00,358,358,358,358,0
2022-06-29 13:01:00,358,358,358,358,0
2022-06-29 13:02:00,358,358,358,358,0
2022-06-29 13:03:00,358,358,358,358,0
2022-06-29 13:04:00,358,358,358,358,0
2022-06-29 13:05:00,358,358,358,358,0
2022-06-29 13:06:00,358,358,358,358,0
2022-06-29 13:07:00,358,358,358,358,0
2022-06-29 13:08:00,358,358,358,358,0
2022-06-29 13:09:00,358,358,358,358,0
2022-06-29 13:10:00,358,358,358,358,0
2022-06-29 13:11:00,358,358,358,358,0
2022-06-29 13:12:00,358,358,358,358,0
2022-06-29 13:13:00,358,358,358,358,0
2022-06-29 13:14:00,358,358,358,358,0
2022-06-29 13:15:00,358,358,358,358,0
2022-06-29 13:16:00,358,358,358,358,0
2022-06-29 13:17:00,358,358,358,358,0
2022-06-29 13:18:00,358,358,358,358,0
2022-06-29 13:19:00,358,358,358,358,0
2022-06-29 13:20:00,358,358,358,358,0
2022-06-29 13:21:00,358,358,358,358,0
2022-06-29 13:22:00,358,358,358,358,0
2022-06-29 13:23:00,358,358,358,358,0
2022-06-29 13:24:00,358,358,358,358,0
2022-06-29 13:25:00,358,358,358,358,0
2022-06-29 13:26:00,358,358,358,358,0
2022-06-29 13:27:00,358,358,358,358,0
2022-06-29 13:28:00,358,358,358,358,0
2022-06-29 13:29:00,358,358,358,358,0
2022-06-29 13:30:00,358,356,358,358,132900
2022-06-29 13:31:00,358,358,358,358,400
2022-06-29 13:32:00,358,356,358,356,43800
2022-06-29 13:33:00,358,356,358,356,0
2022-06-29 13:34:00,358,356,358,358,0
2022-06-29 13:35:00,356,356,360,360,55700
2022-06-29 13:36:00,360,358,360,360,4000
2022-06-29 13:37:00,360,360,360,360,3900
2022-06-29 13:38:00,360,358,360,360,5800
2022-06-29 13:39:00,358,358,360,358,37700
2022-06-29 13:40:00,358,358,360,358,24600
2022-06-29 13:41:00,360,358,360,360,3800
2022-06-29 13:42:00,360,360,360,360,2100
2022-06-29 13:43:00,358,358,360,360,3600
2022-06-29 13:44:00,360,360,360,360,0
2022-06-29 13:45:00,358,358,360,358,46000
2022-06-29 13:46:00,360,358,360,360,0
2022-06-29 13:47:00,358,358,358,358,7200
2022-06-29 13:48:00,358,356,358,356,12700
2022-06-29 13:49:00,356,356,356,356,50600
2022-06-29 13:50:00,358,358,358,358,8500
2022-06-29 13:51:00,358,358,358,358,0
2022-06-29 13:52:00,358,358,358,358,18200
2022-06-29 13:53:00,360,360,360,360,6500
2022-06-29 13:54:00,356,356,358,358,53900
2022-06-29 13:55:00,358,358,360,360,0
2022-06-29 13:56:00,360,358,360,358,6500
2022-06-29 13:57:00,360,358,360,358,1100
2022-06-29 13:58:00,356,356,356,356,1400
2022-06-29 13:59:00,356,356,358,358,7900
2022-06-29 14:00:00,356,356,358,358,0
2022-06-29 14:01:00,358,358,358,358,34900
2022-06-29 14:02:00,358,358,358,358,12000
2022-06-29 14:03:00,358,356,358,358,2000
2022-06-29 14:04:00,358,358,358,358,27200
2022-06-29 14:05:00,358,356,358,356,4500
2022-06-29 14:06:00,358,356,358,356,0
2022-06-29 14:07:00,358,358,358,358,0
2022-06-29 14:08:00,358,358,358,358,0
2022-06-29 14:09:00,358,358,358,358,100
2022-06-29 14:10:00,356,356,358,358,15600
2022-06-29 14:11:00,358,358,358,358,38300
2022-06-29 14:12:00,358,358,358,358,58500
2022-06-29 14:13:00,358,358,358,358,53400
2022-06-29 14:14:00,358,356,360,358,88300
2022-06-29 14:15:00,360,358,360,360,50700
2022-06-29 14:16:00,360,360,360,360,3700
2022-06-29 14:17:00,360,360,360,360,0
2022-06-29 14:18:00,360,358,360,360,42200
2022-06-29 14:19:00,360,360,360,360,11900
2022-06-29 14:20:00,358,358,360,360,52700
2022-06-29 14:21:00,360,358,360,358,25600
2022-06-29 14:22:00,358,358,360,360,0
2022-06-29 14:23:00,360,358,360,360,11200
2022-06-29 14:24:00,360,360,360,360,14200
2022-06-29 14:25:00,360,360,360,360,0
2022-06-29 14:26:00,360,358,360,360,18700
2022-06-29 14:27:00,360,360,360,360,123400
2022-06-29 14:28:00,360,360,360,360,681500
2022-06-29 14:29:00,360,360,362,360,17200
2022-06-29 14:30:00,362,358,362,358,89800
2022-06-29 14:31:00,358,358,358,358,0
2022-06-29 14:32:00,360,358,360,358,1368700
2022-06-29 14:33:00,358,358,360,360,134500
2022-06-29 14:34:00,360,358,360,358,208300
2022-06-29 14:35:00,358,358,358,358,6800
2022-06-29 14:36:00,358,358,358,358,66000
2022-06-29 14:37:00,358,358,358,358,14700
2022-06-29 14:38:00,358,356,358,358,9800
2022-06-29 14:39:00,358,356,358,358,27500
2022-06-29 14:40:00,358,356,358,356,79800
2022-06-29 14:41:00,358,356,358,358,3900
2022-06-29 14:42:00,358,356,358,356,20900
2022-06-29 14:43:00,358,356,360,358,564100
2022-06-29 14:44:00,356,356,360,358,550400
2022-06-29 14:45:00,358,358,360,360,66400
2022-06-29 14:46:00,358,358,360,358,23200
2022-06-29 14:47:00,360,358,360,360,28300
2022-06-29 14:48:00,358,358,360,360,82200
2022-06-29 14:49:00,358,358,360,360,42300
2022-06-29 14:50:00,358,358,360,360,0
2022-06-29 14:51:00,358,358,360,360,0
2022-06-29 14:52:00,358,358,360,360,0
2022-06-29 14:53:00,358,358,360,360,0
2022-06-29 14:54:00,358,358,360,360,0
2022-06-29 14:55:00,358,358,360,360,0
2022-06-29 14:56:00,358,358,360,360,0
2022-06-29 14:57:00,358,358,360,360,0
2022-06-29 14:58:00,358,358,360,360,0
2022-06-29 14:59:00,358,358,360,360,0
2022-06-29 15:00:00,358,358,358,358,1094700
2022-06-29 15:01:00,358,358,358,358,0
2022-06-29 15:02:00,358,358,358,358,18900
2022-06-29 15:03:00,358,358,358,358,2700
2022-06-29 15:04:00,358,358,358,358,0
2022-06-29 15:05:00,358,358,358,358,19800
2022-06-29 15:06:00,358,358,358,358,1000
2022-06-29 15:07:00,358,358,358,358,121000
2022-06-29 15:08:00,358,358,358,358,0
2022-06-29 15:09:00,358,358,358,358,0
2022-06-29 15:10:00,358,358,358,358,0
2022-06-29 15:11:00,358,358,358,358,0
2022-06-29 15:12:00,358,358,358,358,0
2022-06-29 15:13:00,358,358,358,358,3000
2022-06-29 15:14:00,358,358,358,358,22733400
2022-06-29 15:15:00,358,358,358,358,0
2022-06-29 15:16:00,358,358,358,358,0
2022-06-29 15:17:00,358,358,358,358,0
2022-06-29 15:18:00,358,358,358,358,0
2022-06-29 15:19:00,358,358,358,358,0
2022-06-29 15:20:00,358,358,358,358,0
2022-06-29 15:21:00,358,358,358,358,0
2022-06-29 15:22:00,358,358,358,358,0
2022-06-29 15:23:00,358,358,358,358,0
2022-06-29 15:24:00,358,358,358,358,0
2022-06-29 15:25:00,358,358,358,358,0
2022-06-29 15:26:00,358,358,358,358,0
2022-06-29 15:27:00,358,358,358,358,0
2022-06-29 15:28:00,358,358,358,358,0
2022-06-29 15:29:00,358,358,358,358,0
2022-06-29 15:30:00,358,358,358,358,0
2022-06-29 15:31:00,358,358,358,358,0
2022-06-29 15:32:00,358,358,358,358,0
2022-06-29 15:33:00,358,358,358,358,0
2022-06-29 15:34:00,358,358,358,358,0
2022-06-29 15:35:00,358,358,358,358,0
2022-06-29 15:36:00,358,358,358,358,0
2022-06-29 15:37:00,358,358,358,358,0
2022-06-29 15:38:00,358,358,358,358,0
2022-06-29 15:39:00,358,358,358,358,0
2022-06-29 15:40:00,358,358,358,358,0
2022-06-29 15:41:00,358,358,358,358,0
2022-06-29 15:42:00,358,358,358,358,0
2022-06-29 15:43:00,358,358,358,358,0
2022-06-29 15:44:00,358,358,358,358,0
2022-06-29 15:45:00,358,358,358,358,0
2022-06-29 15:46:00,358,358,358,358,0
2022-06-29 15:47:00,358,358,358,358,0
2022-06-29 15:48:00,358,358,358,358,0
2022-06-29 15:49:00,358,358,358,358,0
2022-06-29 15:50:00,358,358,358,358,0
2022-06-29 15:51:00,358,358,358,358,0
2022-06-29 15:52:00,358,358,358,358,0
2022-06-29 15:53:00,358,358,358,358,0
2022-06-29 15:54:00,358,358,358,358,0
2022-06-29 15:55:00,358,358,358,358,0
2022-06-29 15:56:00,358,358,358,358,0
2022-06-29 15:57:00,358,358,358,358,0
2022-06-29 15:58:00,358,358,358,358,0
2022-06-29 15:59:00,358,358,358,358,0
2022-06-30 09:00:00,356,356,356,356,0
2022-06-30 09:01:00,356,354,356,354,8500
2022-06-30 09:02:00,354,354,356,356,9100
2022-06-30 09:03:00,354,354,356,356,165600
2022-06-30 09:04:00,356,356,358,358,27900
2022-06-30 09:05:00,358,354,358,354,107400
2022-06-30 09:06:00,356,356,356,356,13900
2022-06-30 09:07:00,354,354,356,356,64400
2022-06-30 09:08:00,356,354,356,356,9000
2022-06-30 09:09:00,356,354,356,354,14000
2022-06-30 09:10:00,354,354,354,354,48100
2022-06-30 09:11:00,354,354,354,354,2200
2022-06-30 09:12:00,354,354,356,356,14700
2022-06-30 09:13:00,356,356,358,358,3000
2022-06-30 09:14:00,356,356,356,356,123800
2022-06-30 09:15:00,356,356,356,356,42400
2022-06-30 09:16:00,356,356,356,356,52900
2022-06-30 09:17:00,356,356,356,356,19700
2022-06-30 09:18:00,358,358,360,360,174600
2022-06-30 09:19:00,360,360,364,364,518500
2022-06-30 09:20:00,362,362,362,362,446000
2022-06-30 09:21:00,362,360,362,360,50100
2022-06-30 09:22:00,360,360,362,362,2300
2022-06-30 09:23:00,362,362,362,362,0
2022-06-30 09:24:00,362,360,362,360,463100
2022-06-30 09:25:00,360,360,360,360,36900
2022-06-30 09:26:00,360,358,360,358,935900
2022-06-30 09:27:00,358,356,358,356,8600
2022-06-30 09:28:00,356,356,356,356,70300
2022-06-30 09:29:00,358,358,358,358,111200
2022-06-30 09:30:00,358,358,358,358,15200
2022-06-30 09:31:00,358,356,358,358,80000
2022-06-30 09:32:00,358,358,358,358,0
2022-06-30 09:33:00,358,358,358,358,129800
2022-06-30 09:34:00,358,358,358,358,0
2022-06-30 09:35:00,358,358,358,358,31800
2022-06-30 09:36:00,358,358,358,358,61400
2022-06-30 09:37:00,358,358,358,358,157800
2022-06-30 09:38:00,358,358,358,358,0
2022-06-30 09:39:00,358,356,358,356,189400
2022-06-30 09:40:00,358,356,358,358,39200
2022-06-30 09:41:00,358,358,358,358,112900
2022-06-30 09:42:00,358,358,358,358,0
2022-06-30 09:43:00,358,358,358,358,73400
2022-06-30 09:44:00,358,356,358,358,28100
2022-06-30 09:45:00,358,358,358,358,80600
2022-06-30 09:46:00,358,358,358,358,15200
2022-06-30 09:47:00,358,358,358,358,0
2022-06-30 09:48:00,358,358,358,358,89800
2022-06-30 09:49:00,358,358,358,358,0
2022-06-30 09:50:00,358,358,358,358,46200
2022-06-30 09:51:00,358,358,358,358,11100
2022-06-30 09:52:00,358,356,358,358,1132300
2022-06-30 09:53:00,354,354,356,356,70700
2022-06-30 09:54:00,354,354,356,354,92700
2022-06-30 09:55:00,354,354,356,356,19600
2022-06-30 09:56:00,356,354,356,356,89500
2022-06-30 09:57:00,356,354,356,354,100
2022-06-30 09:58:00,354,354,356,354,124000
2022-06-30 09:59:00,356,356,356,356,135700
2022-06-30 10:00:00,356,356,356,356,12100
2022-06-30 10:01:00,356,356,356,356,0
2022-06-30 10:02:00,356,356,356,356,6300
2022-06-30 10:03:00,356,356,356,356,187400
2022-06-30 10:04:00,356,356,356,356,6600
2022-06-30 10:05:00,356,356,356,356,4000
2022-06-30 10:06:00,356,356,356,356,82400
2022-06-30 10:07:00,356,356,358,358,0
2022-06-30 10:08:00,358,356,358,356,232500
2022-06-30 10:09:00,356,356,356,356,13900
2022-06-30 10:10:00,356,356,356,356,60000
2022-06-30 10:11:00,356,356,356,356,0
2022-06-30 10:12:00,356,356,356,356,10900
2022-06-30 10:13:00,356,356,356,356,1800
2022-06-30 10:14:00,356,356,356,356,22500
2022-06-30 10:15:00,354,354,354,354,57700
2022-06-30 10:16:00,354,354,354,354,0
2022-06-30 10:17:00,354,354,354,354,3500
2022-06-30 10:18:00,356,356,356,356,39000
2022-06-30 10:19:00,354,354,356,356,62700
2022-06-30 10:20:00,356,356,356,356,9400
2022-06-30 10:21:00,356,354,356,354,19900
2022-06-30 10:22:00,354,354,354,354,0
2022-06-30 10:23:00,354,354,356,356,11300
2022-06-30 10:24:00,354,354,356,356,94500
2022-06-30 10:25:00,356,356,356,356,50000
2022-06-30 10:26:00,356,356,356,356,0
2022-06-30 10:27:00,356,356,356,356,7000
2022-06-30 10:28:00,356,356,356,356,0
2022-06-30 10:29:00,356,354,356,354,1400
2022-06-30 10:30:00,354,354,356,356,67500
2022-06-30 10:31:00,356,356,356,356,20000
2022-06-30 10:32:00,356,354,356,354,0
2022-06-30 10:33:00,354,354,356,356,75600
2022-06-30 10:34:00,356,354,356,354,22200
2022-06-30 10:35:00,354,354,354,354,8000
2022-06-30 10:36:00,354,354,354,354,3600
2022-06-30 10:37:00,354,354,354,354,69900
2022-06-30 10:38:00,354,354,356,356,275300
2022-06-30 10:39:00,356,356,356,356,149700
2022-06-30 10:40:00,356,356,356,356,74300
2022-06-30 10:41:00,356,354,356,354,12200
2022-06-30 10:42:00,356,356,356,356,0
2022-06-30 10:43:00,356,356,356,356,0
2022-06-30 10:44:00,356,356,356,356,35300
2022-06-30 10:45:00,356,356,356,356,0
2022-06-30 10:46:00,356,356,356,356,8800
2022-06-30 10:47:00,356,356,356,356,0
2022-06-30 10:48:00,356,356,356,356,0
2022-06-30 10:49:00,356,356,356,356,0
2022-06-30 10:50:00,356,356,356,356,47800
2022-06-30 10:51:00,354,354,354,354,20400
2022-06-30 10:52:00,354,354,354,354,0
2022-06-30 10:53:00,354,354,354,354,0
2022-06-30 10:54:00,354,354,354,354,0
2022-06-30 10:55:00,356,356,356,356,2900
2022-06-30 10:56:00,356,356,356,356,19800
2022-06-30 10:57:00,356,356,356,356,40000
2022-06-30 10:58:00,356,354,356,354,13500
2022-06-30 10:59:00,354,354,354,354,7600
2022-06-30 11:00:00,354,354,354,354,0
2022-06-30 11:01:00,356,356,356,356,0
2022-06-30 11:02:00,356,356,356,356,0
2022-06-30 11:03:00,356,356,356,356,0
2022-06-30 11:04:00,354,354,354,354,1700
2022-06-30 11:05:00,354,354,354,354,0
2022-06-30 11:06:00,354,354,354,354,51200
2022-06-30 11:07:00,354,354,354,354,0
2022-06-30 11:08:00,354,354,354,354,27000
2022-06-30 11:09:00,354,354,354,354,36100
2022-06-30 11:10:00,354,354,354,354,0
2022-06-30 11:11:00,354,354,356,356,12200
2022-06-30 11:12:00,354,354,354,354,6400
2022-06-30 11:13:00,354,354,354,354,12800
2022-06-30 11:14:00,354,354,354,354,0
2022-06-30 11:15:00,354,354,354,354,236400
2022-06-30 11:16:00,356,354,356,354,900
2022-06-30 11:17:00,354,354,356,356,101300
2022-06-30 11:18:00,354,354,356,356,0
2022-06-30 11:19:00,354,354,356,356,0
2022-06-30 11:20:00,354,354,356,356,0
2022-06-30 11:21:00,354,354,356,356,0
2022-06-30 11:22:00,354,354,356,356,0
2022-06-30 11:23:00,356,354,356,356,14600
2022-06-30 11:24:00,356,354,356,356,0
2022-06-30 11:25:00,356,356,356,356,200
2022-06-30 11:26:00,356,356,356,356,0
2022-06-30 11:27:00,356,356,356,356,0
2022-06-30 11:28:00,354,354,354,354,100
2022-06-30 11:29:00,354,354,354,354,0
2022-06-30 11:30:00,354,354,354,354,0
2022-06-30 11:31:00,354,354,354,354,0
2022-06-30 11:32:00,354,354,354,354,0
2022-06-30 11:33:00,354,354,354,354,0
2022-06-30 11:34:00,354,354,354,354,0
2022-06-30 11:35:00,354,354,354,354,0
2022-06-30 11:36:00,354,354,354,354,0
2022-06-30 11:37:00,354,354,354,354,0
2022-06-30 11:38:00,354,354,354,354,0
2022-06-30 11:39:00,354,354,354,354,0
2022-06-30 11:40:00,354,354,354,354,0
2022-06-30 11:41:00,354,354,354,354,0
2022-06-30 11:42:00,354,354,354,354,0
2022-06-30 11:43:00,354,354,354,354,0
2022-06-30 11:44:00,354,354,354,354,0
2022-06-30 11:45:00,354,354,354,354,0
2022-06-30 11:46:00,354,354,354,354,0
2022-06-30 11:47:00,354,354,354,354,0
2022-06-30 11:48:00,354,354,354,354,0
2022-06-30 11:49:00,354,354,354,354,0
2022-06-30 11:50:00,354,354,354,354,0
2022-06-30 11:51:00,354,354,354,354,0
2022-06-30 11:52:00,354,354,354,354,0
2022-06-30 11:53:00,354,354,354,354,0
2022-06-30 11:54:00,354,354,354,354,0
2022-06-30 11:55:00,354,354,354,354,0
2022-06-30 11:56:00,354,354,354,354,0
2022-06-30 11:57:00,354,354,354,354,0
2022-06-30 11:58:00,354,354,354,354,0
2022-06-30 11:59:00,354,354,354,354,0
2022-06-30 12:00:00,354,354,354,354,0
2022-06-30 12:01:00,354,354,354,354,0
2022-06-30 12:02:00,354,354,354,354,0
2022-06-30 12:03:00,354,354,354,354,0
2022-06-30 12:04:00,354,354,354,354,0
2022-06-30 12:05:00,354,354,354,354,0
2022-06-30 12:06:00,354,354,354,354,0
2022-06-30 12:07:00,354,354,354,354,0
2022-06-30 12:08:00,354,354,354,354,0
2022-06-30 12:09:00,354,354,354,354,0
2022-06-30 12:10:00,354,354,354,354,0
2022-06-30 12:11:00,354,354,354,354,0
2022-06-30 12:12:00,354,354,354,354,0
2022-06-30 12:13:00,354,354,354,354,0
2022-06-30 12:14:00,354,354,354,354,0
2022-06-30 12:15:00,354,354,354,354,0
2022-06-30 12:16:00,354,354,354,354,0
2022-06-30 12:17:00,354,354,354,354,0
2022-06-30 12:18:00,354,354,354,354,0
2022-06-30 12:19:00,354,354,354,354,0
2022-06-30 12:20:00,354,354,354,354,0
2022-06-30 12:21:00,354,354,354,354,0
2022-06-30 12:22:00,354,354,354,354,0
2022-06-30 12:23:00,354,354,354,354,0
2022-06-30 12:24:00,354,354,354,354,0
2022-06-30 12:25:00,354,354,354,354,0
2022-06-30 12:26:00,354,354,354,354,0
2022-06-30 12:27:00,354,354,354,354,0
2022-06-30 12:28:00,354,354,354,354,0
2022-06-30 12:29:00,354,354,354,354,0
2022-06-30 12:30:00,354,354,354,354,0
2022-06-30 12:31:00,354,354,354,354,0
2022-06-30 12:32:00,354,354,354,354,0
2022-06-30 12:33:00,354,354,354,354,0
2022-06-30 12:34:00,354,354,354,354,0
2022-06-30 12:35:00,354,354,354,354,0
2022-06-30 12:36:00,354,354,354,354,0
2022-06-30 12:37:00,354,354,354,354,0
2022-06-30 12:38:00,354,354,354,354,0
2022-06-30 12:39:00,354,354,354,354,0
2022-06-30 12:40:00,354,354,354,354,0
2022-06-30 12:41:00,354,354,354,354,0
2022-06-30 12:42:00,354,354,354,354,0
2022-06-30 12:43:00,354,354,354,354,0
2022-06-30 12:44:00,354,354,354,354,0
2022-06-30 12:45:00,354,354,354,354,0
2022-06-30 12:46:00,354,354,354,354,0
2022-06-30 12:47:00,354,354,354,354,0
2022-06-30 12:48:00,354,354,354,354,0
2022-06-30 12:49:00,354,354,354,354,0
2022-06-30 12:50:00,354,354,354,354,0
2022-06-30 12:51:00,354,354,354,354,0
2022-06-30 12:52:00,354,354,354,354,0
2022-06-30 12:53:00,354,354,354,354,0
2022-06-30 12:54:00,354,354,354,354,0
2022-06-30 12:55:00,354,354,354,354,0
2022-06-30 12:56:00,354,354,354,354,0
2022-06-30 12:57:00,354,354,354,354,0
2022-06-30 12:58:00,354,354,354,354,0
2022-06-30 12:59:00,354,354,354,354,0
2022-06-30 13:00:00,354,354,354,354,0
2022-06-30 13:01:00,354,354,354,354,0
2022-06-30 13:02:00,354,354,354,354,0
2022-06-30 13:03:00,354,354,354,354,0
2022-06-30 13:04:00,354,354,354,354,0
2022-06-30 13:05:00,354,354,354,354,0
2022-06-30 13:06:00,354,354,354,354,0
2022-06-30 13:07:00,354,354,354,354,0
2022-06-30 13:08:00,354,354,354,354,0
2022-06-30 13:09:00,354,354,354,354,0
2022-06-30 13:10:00,354,354,354,354,0
2022-06-30 13:11:00,354,354,354,354,0
2022-06-30 13:12:00,354,354,354,354,0
2022-06-30 13:13:00,354,354,354,354,0
2022-06-30 13:14:00,354,354,354,354,0
2022-06-30 13:15:00,354,354,354,354,0
2022-06-30 13:16:00,354,354,354,354,0
2022-06-30 13:17:00,354,354,354,354,0
2022-06-30 13:18:00,354,354,354,354,0
2022-06-30 13:19:00,354,354,354,354,0
2022-06-30 13:20:00,354,354,354,354,0
2022-06-30 13:21:00,354,354,354,354,0
2022-06-30 13:22:00,354,354,354,354,0
2022-06-30 13:23:00,354,354,354,354,0
2022-06-30 13:24:00,354,354,354,354,0
2022-06-30 13:25:00,354,354,354,354,0
2022-06-30 13:26:00,354,354,354,354,0
2022-06-30 13:27:00,354,354,354,354,0
2022-06-30 13:28:00,354,354,354,354,0
2022-06-30 13:29:00,354,354,354,354,0
2022-06-30 13:30:00,354,354,356,354,211900
2022-06-30 13:31:00,354,354,354,354,0
2022-06-30 13:32:00,354,352,354,354,299200
2022-06-30 13:33:00,354,352,354,352,13700
2022-06-30 13:34:00,352,352,352,352,686600
2022-06-30 13:35:00,352,352,354,354,66200
2022-06-30 13:36:00,350,350,350,350,529400
2022-06-30 13:37:00,352,352,352,352,200
2022-06-30 13:38:00,350,350,352,350,113500
2022-06-30 13:39:00,350,350,350,350,32600
2022-06-30 13:40:00,352,348,352,350,513300
2022-06-30 13:41:00,350,346,350,348,1113900
2022-06-30 13:42:00,348,346,348,348,58500
2022-06-30 13:43:00,348,348,348,348,586400
2022-06-30 13:44:00,348,348,350,350,75100
2022-06-30 13:45:00,350,350,350,350,700
2022-06-30 13:46:00,350,350,350,350,200
2022-06-30 13:47:00,350,350,350,350,32800
2022-06-30 13:48:00,350,350,350,350,258700
2022-06-30 13:49:00,348,348,348,348,0
2022-06-30 13:50:00,348,348,350,350,40200
2022-06-30 13:51:00,350,350,350,350,700
2022-06-30 13:52:00,348,348,348,348,42100
2022-06-30 13:53:00,348,348,350,350,4700
2022-06-30 13:54:00,348,348,348,348,9000
2022-06-30 13:55:00,348,348,348,348,68700
2022-06-30 13:56:00,348,348,350,348,58900
2022-06-30 13:57:00,348,348,350,348,89200
2022-06-30 13:58:00,348,348,348,348,10900
2022-06-30 13:59:00,350,348,350,350,600
2022-06-30 14:00:00,348,348,348,348,102300
2022-06-30 14:01:00,348,346,348,348,186900
2022-06-30 14:02:00,348,348,348,348,19600
2022-06-30 14:03:00,348,348,348,348,0
2022-06-30 14:04:00,348,348,348,348,2000
2022-06-30 14:05:00,350,348,350,350,15900
2022-06-30 14:06:00,350,350,350,350,0
2022-06-30 14:07:00,350,350,350,350,108600
2022-06-30 14:08:00,350,350,358,358,803600
2022-06-30 14:09:00,356,352,356,356,0
2022-06-30 14:10:00,356,354,356,354,106400
2022-06-30 14:11:00,354,354,354,354,9100
2022-06-30 14:12:00,352,352,354,352,56300
2022-06-30 14:13:00,352,350,352,352,5500
2022-06-30 14:14:00,352,350,352,352,2400
2022-06-30 14:15:00,352,350,352,352,61500
2022-06-30 14:16:00,352,352,352,352,2100
2022-06-30 14:17:00,352,352,352,352,1000
2022-06-30 14:18:00,352,350,352,352,33200
2022-06-30 14:19:00,352,350,352,350,135000
2022-06-30 14:20:00,350,350,352,352,192800
2022-06-30 14:21:00,350,350,352,352,0
2022-06-30 14:22:00,352,352,354,354,130100
2022-06-30 14:23:00,352,352,352,352,17900
2022-06-30 14:24:00,354,352,354,354,3800
2022-06-30 14:25:00,354,352,354,354,1400
2022-06-30 14:26:00,352,352,354,352,58200
2022-06-30 14:27:00,354,352,354,354,9800
2022-06-30 14:28:00,354,354,358,354,355900
2022-06-30 14:29:00,354,354,356,354,6200
2022-06-30 14:30:00,356,354,358,358,716300
2022-06-30 14:31:00,356,356,360,360,224200
2022-06-30 14:32:00,360,360,362,362,359900
2022-06-30 14:33:00,362,360,362,360,72700
2022-06-30 14:34:00,360,356,360,358,528900
2022-06-30 14:35:00,356,356,358,358,13700
2022-06-30 14:36:00,358,356,358,356,91400
2022-06-30 14:37:00,356,356,360,358,618400
2022-06-30 14:38:00,358,356,358,356,0
2022-06-30 14:39:00,358,356,358,356,9900
2022-06-30 14:40:00,356,356,358,358,113100
2022-06-30 14:41:00,358,356,358,356,167200
2022-06-30 14:42:00,356,354,356,356,346200
2022-06-30 14:43:00,354,354,356,354,529900
2022-06-30 14:44:00,354,354,356,354,275300
2022-06-30 14:45:00,356,354,356,356,160900
2022-06-30 14:46:00,354,354,354,354,212900
2022-06-30 14:47:00,352,352,354,354,400
2022-06-30 14:48:00,354,352,354,354,267800
2022-06-30 14:49:00,354,350,354,350,1006400
2022-06-30 14:50:00,354,350,354,350,0
2022-06-30 14:51:00,354,350,354,350,0
2022-06-30 14:52:00,354,350,354,350,0
2022-06-30 14:53:00,354,350,354,350,0
2022-06-30 14:54:00,354,350,354,350,0
2022-06-30 14:55:00,354,350,354,350,0
2022-06-30 14:56:00,354,350,354,350,0
2022-06-30 14:57:00,354,350,354,350,0
2022-06-30 14:58:00,354,350,354,350,0
2022-06-30 14:59:00,354,350,354,350,0
2022-06-30 15:00:00,350,350,350,350,825900
2022-06-30 15:01:00,350,350,350,350,456900
2022-06-30 15:02:00,350,350,350,350,32400
2022-06-30 15:03:00,350,350,350,350,450800
2022-06-30 15:04:00,350,350,350,350,0
2022-06-30 15:05:00,350,350,350,350,13500
2022-06-30 15:06:00,350,350,350,350,45200
2022-06-30 15:07:00,350,350,350,350,0
2022-06-30 15:08:00,350,350,350,350,5800
2022-06-30 15:09:00,350,350,350,350,160200
2022-06-30 15:10:00,350,350,350,350,0
2022-06-30 15:11:00,350,350,350,350,0
2022-06-30 15:12:00,350,350,350,350,1500
2022-06-30 15:13:00,350,350,350,350,12800
2022-06-30 15:14:00,350,350,350,350,24469200
2022-06-30 15:15:00,350,350,350,350,0
2022-06-30 15:16:00,350,350,350,350,0
2022-06-30 15:17:00,350,350,350,350,0
2022-06-30 15:18:00,350,350,350,350,0
2022-06-30 15:19:00,350,350,350,350,0
2022-06-30 15:20:00,350,350,350,350,0
2022-06-30 15:21:00,350,350,350,350,0
2022-06-30 15:22:00,350,350,350,350,0
2022-06-30 15:23:00,350,350,350,350,0
2022-06-30 15:24:00,350,350,350,350,0
2022-06-30 15:25:00,350,350,350,350,0
2022-06-30 15:26:00,350,350,350,350,0
2022-06-30 15:27:00,350,350,350,350,0
2022-06-30 15:28:00,350,350,350,350,0
2022-06-30 15:29:00,350,350,350,350,0
2022-06-30 15:30:00,350,350,350,350,0
2022-06-30 15:31:00,350,350,350,350,0
2022-06-30 15:32:00,350,350,350,350,0
2022-06-30 15:33:00,350,350,350,350,0
2022-06-30 15:34:00,350,350,350,350,0
2022-06-30 15:35:00,350,350,350,350,0
2022-06-30 15:36:00,350,350,350,350,0
2022-06-30 15:37:00,350,350,350,350,0
2022-06-30 15:38:00,350,350,350,350,0
2022-06-30 15:39:00,350,350,350,350,0
2022-06-30 15:40:00,350,350,350,350,0
2022-06-30 15:41:00,350,350,350,350,0
2022-06-30 15:42:00,350,350,350,350,0
2022-06-30 15:43:00,350,350,350,350,0
2022-06-30 15:44:00,350,350,350,350,0
2022-06-30 15:45:00,350,350,350,350,0
2022-06-30 15:46:00,350,350,350,350,0
2022-06-30 15:47:00,350,350,350,350,0
2022-06-30 15:48:00,350,350,350,350,0
2022-06-30 15:49:00,350,350,350,350,0
2022-06-30 15:50:00,350,350,350,350,0
2022-06-30 15:51:00,350,350,350,350,0
2022-06-30 15:52:00,350,350,350,350,0
2022-06-30 15:53:00,350,350,350,350,0
2022-06-30 15:54:00,350,350,350,350,0
2022-06-30 15:55:00,350,350,350,350,0
2022-06-30 15:56:00,350,350,350,350,0
2022-06-30 15:57:00,350,350,350,350,0
2022-06-30 15:58:00,350,350,350,350,0
2022-06-30 15:59:00,350,350,350,350,0
2022-07-01 09:00:00,348,346,352,348,0
2022-07-01 09:01:00,346,346,348,346,192100
2022-07-01 09:02:00,348,346,348,348,0
2022-07-01 09:03:00,346,346,352,350,228200
2022-07-01 09:04:00,350,350,350,350,23400
2022-07-01 09:05:00,350,348,350,348,46200
2022-07-01 09:06:00,348,348,350,348,83000
2022-07-01 09:07:00,350,350,358,358,1075600
2022-07-01 09:08:00,358,356,362,362,914900
2022-07-01 09:09:00,362,358,362,358,643200
2022-07-01 09:10:00,360,356,360,358,272300
2022-07-01 09:11:00,358,358,360,360,376100
2022-07-01 09:12:00,360,360,362,362,38700
2022-07-01 09:13:00,362,360,362,360,400300
2022-07-01 09:14:00,362,360,362,362,674900
2022-07-01 09:15:00,362,362,366,366,1384900
2022-07-01 09:16:00,366,364,366,364,317200
2022-07-01 09:17:00,366,364,366,364,153100
2022-07-01 09:18:00,364,360,364,362,734300
2022-07-01 09:19:00,362,362,364,362,244500
2022-07-01 09:20:00,362,362,362,362,12400
2022-07-01 09:21:00,362,362,364,362,64900
2022-07-01 09:22:00,362,362,364,362,139800
2022-07-01 09:23:00,362,360,362,360,371200
2022-07-01 09:24:00,360,360,362,362,49100
2022-07-01 09:25:00,362,360,362,360,35300
2022-07-01 09:26:00,362,360,362,360,5500
2022-07-01 09:27:00,360,360,362,362,214100
2022-07-01 09:28:00,362,362,364,364,412000
2022-07-01 09:29:00,364,362,364,362,101600
2022-07-01 09:30:00,362,362,362,362,146800
2022-07-01 09:31:00,362,362,364,362,39600
2022-07-01 09:32:00,362,362,362,362,64700
2022-07-01 09:33:00,362,360,362,360,143200
2022-07-01 09:34:00,360,360,360,360,0
2022-07-01 09:35:00,360,360,360,360,696600
2022-07-01 09:36:00,358,358,360,360,401500
2022-07-01 09:37:00,360,360,360,360,26200
2022-07-01 09:38:00,360,358,360,360,35900
2022-07-01 09:39:00,360,358,360,358,7900
2022-07-01 09:40:00,360,360,360,360,39500
2022-07-01 09:41:00,358,358,360,358,129700
2022-07-01 09:42:00,358,358,358,358,3400
2022-07-01 09:43:00,358,358,358,358,548300
2022-07-01 09:44:00,356,356,356,356,607500
2022-07-01 09:45:00,354,354,358,356,146500
2022-07-01 09:46:00,356,356,358,358,5300
2022-07-01 09:47:00,356,356,358,358,0
2022-07-01 09:48:00,358,358,358,358,147200
2022-07-01 09:49:00,356,356,360,358,189800
2022-07-01 09:50:00,356,356,358,358,56200
2022-07-01 09:51:00,358,358,358,358,500
2022-07-01 09:52:00,356,354,356,354,151400
2022-07-01 09:53:00,354,354,354,354,100500
2022-07-01 09:54:00,354,354,354,354,0
2022-07-01 09:55:00,356,354,356,354,122700
2022-07-01 09:56:00,354,354,356,356,23700
2022-07-01 09:57:00,356,354,356,354,18600
2022-07-01 09:58:00,354,354,354,354,17900
2022-07-01 09:59:00,354,354,354,354,29500
2022-07-01 10:00:00,354,354,354,354,39800
2022-07-01 10:01:00,354,354,354,354,21700
2022-07-01 10:02:00,354,354,354,354,58300
2022-07-01 10:03:00,354,354,354,354,98700
2022-07-01 10:04:00,352,352,354,354,84000
2022-07-01 10:05:00,354,352,354,352,196400
2022-07-01 10:06:00,354,352,354,352,0
2022-07-01 10:07:00,352,352,352,352,5500
2022-07-01 10:08:00,352,352,354,354,291000
2022-07-01 10:09:00,354,354,354,354,3200
2022-07-01 10:10:00,354,354,354,354,112700
2022-07-01 10:11:00,354,354,354,354,3600
2022-07-01 10:12:00,354,352,354,352,200
2022-07-01 10:13:00,354,354,354,354,3700
2022-07-01 10:14:00,354,354,354,354,800
2022-07-01 10:15:00,354,354,354,354,1200
2022-07-01 10:16:00,352,352,352,352,1900
2022-07-01 10:17:00,352,352,354,352,5500
2022-07-01 10:18:00,354,352,354,352,6900
2022-07-01 10:19:00,352,352,354,354,2000
2022-07-01 10:20:00,354,354,354,354,5900
2022-07-01 10:21:00,352,352,352,352,0
2022-07-01 10:22:00,354,352,354,352,19900
2022-07-01 10:23:00,352,352,352,352,0
2022-07-01 10:24:00,354,352,354,352,23600
2022-07-01 10:25:00,354,352,354,352,0
2022-07-01 10:26:00,352,352,352,352,23300
2022-07-01 10:27:00,352,352,352,352,12600
2022-07-01 10:28:00,352,352,354,354,2500
2022-07-01 10:29:00,354,352,354,354,87900
2022-07-01 10:30:00,352,352,354,354,109800
2022-07-01 10:31:00,352,352,352,352,3600
2022-07-01 10:32:00,352,352,352,352,3800
2022-07-01 10:33:00,352,352,352,352,0
2022-07-01 10:34:00,352,352,352,352,1900
2022-07-01 10:35:00,352,352,352,352,0
2022-07-01 10:36:00,352,352,352,352,175200
2022-07-01 10:37:00,352,350,352,350,2100
2022-07-01 10:38:00,352,350,352,350,0
2022-07-01 10:39:00,350,350,352,352,9900
2022-07-01 10:40:00,352,350,352,350,20300
2022-07-01 10:41:00,350,350,352,352,900
2022-07-01 10:42:00,350,346,350,346,2005100
2022-07-01 10:43:00,346,346,348,348,37700
2022-07-01 10:44:00,346,346,346,346,264700
2022-07-01 10:45:00,346,346,348,348,53500
2022-07-01 10:46:00,348,346,350,348,118000
2022-07-01 10:47:00,346,346,348,348,96900
2022-07-01 10:48:00,348,346,348,346,19700
2022-07-01 10:49:00,346,346,348,348,58400
2022-07-01 10:50:00,348,348,348,348,63400
2022-07-01 10:51:00,348,348,348,348,36600
2022-07-01 10:52:00,348,348,348,348,16100
2022-07-01 10:53:00,348,348,348,348,30300
2022-07-01 10:54:00,348,348,348,348,0
2022-07-01 10:55:00,348,348,348,348,13900
2022-07-01 10:56:00,348,348,348,348,20200
2022-07-01 10:57:00,348,348,348,348,2500
2022-07-01 10:58:00,350,350,350,350,0
2022-07-01 10:59:00,350,350,350,350,0
2022-07-01 11:00:00,350,348,350,348,5500
2022-07-01 11:01:00,348,348,348,348,24200
2022-07-01 11:02:00,348,348,348,348,4500
2022-07-01 11:03:00,350,350,350,350,173100
2022-07-01 11:04:00,350,350,350,350,100
2022-07-01 11:05:00,350,350,352,350,29700
2022-07-01 11:06:00,350,350,350,350,3800
2022-07-01 11:07:00,352,352,352,352,3700
2022-07-01 11:08:00,352,350,352,352,18300
2022-07-01 11:09:00,352,352,352,352,54400
2022-07-01 11:10:00,352,352,352,352,6800
2022-07-01 11:11:00,352,352,352,352,1300
2022-07-01 11:12:00,352,352,352,352,0
2022-07-01 11:13:00,352,352,352,352,1300
2022-07-01 11:14:00,352,352,352,352,0
2022-07-01 11:15:00,352,352,352,352,0
2022-07-01 11:16:00,352,352,352,352,10200
2022-07-01 11:17:00,352,352,354,354,0
2022-07-01 11:18:00,352,352,352,352,100
2022-07-01 11:19:00,354,352,354,354,11400
2022-07-01 11:20:00,354,352,354,354,0
2022-07-01 11:21:00,354,352,354,354,0
2022-07-01 11:22:00,352,350,352,350,50600
2022-07-01 11:23:00,350,350,350,350,254200
2022-07-01 11:24:00,350,350,350,350,700
2022-07-01 11:25:00,350,350,350,350,49400
2022-07-01 11:26:00,350,350,350,350,0
2022-07-01 11:27:00,350,350,350,350,0
2022-07-01 11:28:00,350,350,350,350,133800
2022-07-01 11:29:00,350,350,352,350,105100
2022-07-01 11:30:00,350,350,352,350,0
2022-07-01 11:31:00,350,350,352,350,0
2022-07-01 11:32:00,350,350,352,350,0
2022-07-01 11:33:00,350,350,352,350,0
2022-07-01 11:34:00,350,350,352,350,0
2022-07-01 11:35:00,350,350,352,350,0
2022-07-01 11:36:00,350,350,352,350,0
2022-07-01 11:37:00,350,350,352,350,0
2022-07-01 11:38:00,350,350,352,350,0
2022-07-01 11:39:00,350,350,352,350,0
2022-07-01 11:40:00,350,350,352,350,0
2022-07-01 11:41:00,350,350,352,350,0
2022-07-01 11:42:00,350,350,352,350,0
2022-07-01 11:43:00,350,350,352,350,0
2022-07-01 11:44:00,350,350,352,350,0
2022-07-01 11:45:00,350,350,352,350,0
2022-07-01 11:46:00,350,350,352,350,0
2022-07-01 11:47:00,350,350,352,350,0
2022-07-01 11:48:00,350,350,352,350,0
2022-07-01 11:49:00,350,350,352,350,0
2022-07-01 11:50:00,350,350,352,350,0
2022-07-01 11:51:00,350,350,352,350,0
2022-07-01 11:52:00,350,350,352,350,0
2022-07-01 11:53:00,350,350,352,350,0
2022-07-01 11:54:00,350,350,352,350,0
2022-07-01 11:55:00,350,350,352,350,0
2022-07-01 11:56:00,350,350,352,350,0
2022-07-01 11:57:00,350,350,352,350,0
2022-07-01 11:58:00,350,350,352,350,0
2022-07-01 11:59:00,350,350,352,350,0
2022-07-01 12:00:00,350,350,352,350,0
2022-07-01 12:01:00,350,350,352,350,0
2022-07-01 12:02:00,350,350,352,350,0
2022-07-01 12:03:00,350,350,352,350,0
2022-07-01 12:04:00,350,350,352,350,0
2022-07-01 12:05:00,350,350,352,350,0
2022-07-01 12:06:00,350,350,352,350,0
2022-07-01 12:07:00,350,350,352,350,0
2022-07-01 12:08:00,350,350,352,350,0
2022-07-01 12:09:00,350,350,352,350,0
2022-07-01 12:10:00,350,350,352,350,0
2022-07-01 12:11:00,350,350,352,350,0
2022-07-01 12:12:00,350,350,352,350,0
2022-07-01 12:13:00,350,350,352,350,0
2022-07-01 12:14:00,350,350,352,350,0
2022-07-01 12:15:00,350,350,352,350,0
2022-07-01 12:16:00,350,350,352,350,0
2022-07-01 12:17:00,350,350,352,350,0
2022-07-01 12:18:00,350,350,352,350,0
2022-07-01 12:19:00,350,350,352,350,0
2022-07-01 12:20:00,350,350,352,350,0
2022-07-01 12:21:00,350,350,352,350,0
2022-07-01 12:22:00,350,350,352,350,0
2022-07-01 12:23:00,350,350,352,350,0
2022-07-01 12:24:00,350,350,352,350,0
2022-07-01 12:25:00,350,350,352,350,0
2022-07-01 12:26:00,350,350,352,350,0
2022-07-01 12:27:00,350,350,352,350,0
2022-07-01 12:28:00,350,350,352,350,0
2022-07-01 12:29:00,350,350,352,350,0
2022-07-01 12:30:00,350,350,352,350,0
2022-07-01 12:31:00,350,350,352,350,0
2022-07-01 12:32:00,350,350,352,350,0
2022-07-01 12:33:00,350,350,352,350,0
2022-07-01 12:34:00,350,350,352,350,0
2022-07-01 12:35:00,350,350,352,350,0
2022-07-01 12:36:00,350,350,352,350,0
2022-07-01 12:37:00,350,350,352,350,0
2022-07-01 12:38:00,350,350,352,350,0
2022-07-01 12:39:00,350,350,352,350,0
2022-07-01 12:40:00,350,350,352,350,0
2022-07-01 12:41:00,350,350,352,350,0
2022-07-01 12:42:00,350,350,352,350,0
2022-07-01 12:43:00,350,350,352,350,0
2022-07-01 12:44:00,350,350,352,350,0
2022-07-01 12:45:00,350,350,352,350,0
2022-07-01 12:46:00,350,350,352,350,0
2022-07-01 12:47:00,350,350,352,350,0
2022-07-01 12:48:00,350,350,352,350,0
2022-07-01 12:49:00,350,350,352,350,0
2022-07-01 12:50:00,350,350,352,350,0
2022-07-01 12:51:00,350,350,352,350,0
2022-07-01 12:52:00,350,350,352,350,0
2022-07-01 12:53:00,350,350,352,350,0
2022-07-01 12:54:00,350,350,352,350,0
2022-07-01 12:55:00,350,350,352,350,0
2022-07-01 12:56:00,350,350,352,350,0
2022-07-01 12:57:00,350,350,352,350,0
2022-07-01 12:58:00,350,350,352,350,0
2022-07-01 12:59:00,350,350,352,350,0
2022-07-01 13:00:00,350,350,352,350,0
2022-07-01 13:01:00,350,350,352,350,0
2022-07-01 13:02:00,350,350,352,350,0
2022-07-01 13:03:00,350,350,352,350,0
2022-07-01 13:04:00,350,350,352,350,0
2022-07-01 13:05:00,350,350,352,350,0
2022-07-01 13:06:00,350,350,352,350,0
2022-07-01 13:07:00,350,350,352,350,0
2022-07-01 13:08:00,350,350,352,350,0
2022-07-01 13:09:00,350,350,352,350,0
2022-07-01 13:10:00,350,350,352,350,0
2022-07-01 13:11:00,350,350,352,350,0
2022-07-01 13:12:00,350,350,352,350,0
2022-07-01 13:13:00,350,350,352,350,0
2022-07-01 13:14:00,350,350,352,350,0
2022-07-01 13:15:00,350,350,352,350,0
2022-07-01 13:16:00,350,350,352,350,0
2022-07-01 13:17:00,350,350,352,350,0
2022-07-01 13:18:00,350,350,352,350,0
2022-07-01 13:19:00,350,350,352,350,0
2022-07-01 13:20:00,350,350,352,350,0
2022-07-01 13:21:00,350,350,352,350,0
2022-07-01 13:22:00,350,350,352,350,0
2022-07-01 13:23:00,350,350,352,350,0
2022-07-01 13:24:00,350,350,352,350,0
2022-07-01 13:25:00,350,350,352,350,0
2022-07-01 13:26:00,350,350,352,350,0
2022-07-01 13:27:00,350,350,352,350,0
2022-07-01 13:28:00,350,350,352,350,0
2022-07-01 13:29:00,350,350,352,350,0
2022-07-01 13:30:00,350,348,352,350,306600
2022-07-01 13:31:00,350,350,350,350,5300
2022-07-01 13:32:00,350,350,350,350,29600
2022-07-01 13:33:00,350,350,350,350,101300
2022-07-01 13:34:00,350,350,350,350,23700
2022-07-01 13:35:00,350,350,350,350,0
2022-07-01 13:36:00,350,350,350,350,0
2022-07-01 13:37:00,348,348,348,348,48800
2022-07-01 13:38:00,348,348,348,348,0
2022-07-01 13:39:00,348,348,350,350,0
2022-07-01 13:40:00,348,348,348,348,33000
2022-07-01 13:41:00,348,348,348,348,3900
2022-07-01 13:42:00,348,348,348,348,32000
2022-07-01 13:43:00,348,348,348,348,0
2022-07-01 13:44:00,350,348,350,350,49000
2022-07-01 13:45:00,348,348,348,348,199000
2022-07-01 13:46:00,348,348,348,348,0
2022-07-01 13:47:00,348,346,348,346,79800
2022-07-01 13:48:00,348,346,348,346,8100
2022-07-01 13:49:00,346,346,348,346,361300
2022-07-01 13:50:00,346,346,348,346,25400
2022-07-01 13:51:00,346,346,348,348,11400
2022-07-01 13:52:00,348,348,348,348,1400
2022-07-01 13:53:00,346,346,348,346,235200
2022-07-01 13:54:00,346,344,346,344,125400
2022-07-01 13:55:00,344,344,346,346,155100
2022-07-01 13:56:00,346,344,346,346,37100
2022-07-01 13:57:00,344,344,346,346,210600
2022-07-01 13:58:00,344,344,344,344,298100
2022-07-01 13:59:00,346,342,346,342,45200
2022-07-01 14:00:00,342,342,344,344,82200
2022-07-01 14:01:00,344,344,346,346,30300
2022-07-01 14:02:00,344,344,344,344,35700
2022-07-01 14:03:00,344,344,344,344,172400
2022-07-01 14:04:00,344,340,344,344,1095700
2022-07-01 14:05:00,342,342,342,342,5500
2022-07-01 14:06:00,342,342,342,342,10600
2022-07-01 14:07:00,342,342,342,342,0
2022-07-01 14:08:00,340,340,340,340,605200
2022-07-01 14:09:00,340,340,340,340,7000
2022-07-01 14:10:00,340,340,340,340,31900
2022-07-01 14:11:00,340,338,340,338,79200
2022-07-01 14:12:00,338,338,338,338,392300
2022-07-01 14:13:00,338,338,338,338,480200
2022-07-01 14:14:00,338,334,338,334,645500
2022-07-01 14:15:00,334,334,334,334,32100
2022-07-01 14:16:00,332,330,332,330,228500
2022-07-01 14:17:00,332,330,336,332,465200
2022-07-01 14:18:00,334,332,336,336,205100
2022-07-01 14:19:00,336,334,336,336,53500
2022-07-01 14:20:00,336,334,336,336,42700
2022-07-01 14:21:00,334,334,336,336,123500
2022-07-01 14:22:00,338,334,338,336,50600
2022-07-01 14:23:00,336,336,338,338,89600
2022-07-01 14:24:00,338,336,338,336,306700
2022-07-01 14:25:00,336,334,336,334,297800
2022-07-01 14:26:00,336,334,336,334,427800
2022-07-01 14:27:00,334,334,336,334,141700
2022-07-01 14:28:00,334,334,336,336,108700
2022-07-01 14:29:00,334,334,336,334,142800
2022-07-01 14:30:00,334,334,336,336,173800
2022-07-01 14:31:00,334,334,336,336,33000
2022-07-01 14:32:00,336,334,336,334,96100
2022-07-01 14:33:00,334,334,336,334,7900
2022-07-01 14:34:00,336,334,336,334,27900
2022-07-01 14:35:00,336,336,336,336,254700
2022-07-01 14:36:00,336,336,338,338,81000
2022-07-01 14:37:00,336,334,338,334,334300
2022-07-01 14:38:00,336,336,336,336,162000
2022-07-01 14:39:00,336,336,336,336,0
2022-07-01 14:40:00,336,336,338,338,93500
2022-07-01 14:41:00,338,338,338,338,0
2022-07-01 14:42:00,338,338,342,340,515500
2022-07-01 14:43:00,340,336,340,336,539700
2022-07-01 14:44:00,336,336,338,336,0
2022-07-01 14:45:00,338,338,338,338,5000
2022-07-01 14:46:00,336,336,338,336,64700
2022-07-01 14:47:00,338,338,340,338,720600
2022-07-01 14:48:00,338,338,340,340,36400
2022-07-01 14:49:00,342,340,346,346,269100
2022-07-01 14:50:00,342,340,346,346,0
2022-07-01 14:51:00,342,340,346,346,0
2022-07-01 14:52:00,342,340,346,346,0
2022-07-01 14:53:00,342,340,346,346,0
2022-07-01 14:54:00,342,340,346,346,0
2022-07-01 14:55:00,342,340,346,346,0
2022-07-01 14:56:00,342,340,346,346,0
2022-07-01 14:57:00,342,340,346,346,0
2022-07-01 14:58:00,342,340,346,346,0
2022-07-01 14:59:00,342,340,346,346,0
2022-07-01 15:00:00,344,344,344,344,1948200
2022-07-01 15:01:00,344,344,344,344,0
2022-07-01 15:02:00,344,344,344,344,182700
2022-07-01 15:03:00,344,344,344,344,0
2022-07-01 15:04:00,344,344,344,344,3900
2022-07-01 15:05:00,344,344,344,344,0
2022-07-01 15:06:00,344,344,344,344,0
2022-07-01 15:07:00,344,344,344,344,814400
2022-07-01 15:08:00,344,344,344,344,0
2022-07-01 15:09:00,344,344,344,344,0
2022-07-01 15:10:00,344,344,344,344,14900
2022-07-01 15:11:00,344,344,344,344,0
2022-07-01 15:12:00,344,344,344,344,249100
2022-07-01 15:13:00,344,344,344,344,0
2022-07-01 15:14:00,344,344,344,344,0
2022-07-01 15:15:00,344,344,344,344,0
2022-07-01 15:16:00,344,344,344,344,0
2022-07-01 15:17:00,344,344,344,344,0
2022-07-01 15:18:00,344,344,344,344,0
2022-07-01 15:19:00,344,344,344,344,0
2022-07-01 15:20:00,344,344,344,344,0
2022-07-01 15:21:00,344,344,344,344,0
2022-07-01 15:22:00,344,344,344,344,0
2022-07-01 15:23:00,344,344,344,344,0
2022-07-01 15:24:00,344,344,344,344,0
2022-07-01 15:25:00,344,344,344,344,0
2022-07-01 15:26:00,344,344,344,344,0
2022-07-01 15:27:00,344,344,344,344,0
2022-07-01 15:28:00,344,344,344,344,0
2022-07-01 15:29:00,344,344,344,344,0
2022-07-01 15:30:00,344,344,344,344,0
2022-07-01 15:31:00,344,344,344,344,0
2022-07-01 15:32:00,344,344,344,344,0
2022-07-01 15:33:00,344,344,344,344,0
2022-07-01 15:34:00,344,344,344,344,0
2022-07-01 15:35:00,344,344,344,344,0
2022-07-01 15:36:00,344,344,344,344,0
2022-07-01 15:37:00,344,344,344,344,0
2022-07-01 15:38:00,344,344,344,344,0
2022-07-01 15:39:00,344,344,344,344,0
2022-07-01 15:40:00,344,344,344,344,0
2022-07-01 15:41:00,344,344,344,344,0
2022-07-01 15:42:00,344,344,344,344,0
2022-07-01 15:43:00,344,344,344,344,0
2022-07-01 15:44:00,344,344,344,344,0
2022-07-01 15:45:00,344,344,344,344,0
2022-07-01 15:46:00,344,344,344,344,0
2022-07-01 15:47:00,344,344,344,344,0
2022-07-01 15:48:00,344,344,344,344,0
2022-07-01 15:49:00,344,344,344,344,0
2022-07-01 15:50:00,344,344,344,344,0
2022-07-01 15:51:00,344,344,344,344,0
2022-07-01 15:52:00,344,344,344,344,0
2022-07-01 15:53:00,344,344,344,344,0
2022-07-01 15:54:00,344,344,344,344,0
2022-07-01 15:55:00,344,344,344,344,0
2022-07-01 15:56:00,344,344,344,344,0
2022-07-01 15:57:00,344,344,344,344,0
2022-07-01 15:58:00,344,344,344,344,0
2022-07-01 15:59:00,344,344,344,344,0
2022-07-04 09:00:00,342,338,342,340,0
2022-07-04 09:01:00,338,338,340,340,258500
2022-07-04 09:02:00,338,334,338,334,124200
2022-07-04 09:03:00,336,334,336,336,76100
2022-07-04 09:04:00,334,332,336,334,339600
2022-07-04 09:05:00,336,336,338,338,108300
2022-07-04 09:06:00,338,336,342,342,640900
2022-07-04 09:07:00,338,336,340,340,493600
2022-07-04 09:08:00,340,340,342,340,0
2022-07-04 09:09:00,342,340,342,342,34600
2022-07-04 09:10:00,342,340,342,342,92800
2022-07-04 09:11:00,342,340,344,342,29400
2022-07-04 09:12:00,342,340,344,342,250200
2022-07-04 09:13:00,342,342,342,342,80100
2022-07-04 09:14:00,340,340,340,340,0
2022-07-04 09:15:00,340,340,340,340,16900
2022-07-04 09:16:00,340,340,340,340,73100
2022-07-04 09:17:00,338,338,338,338,71200
2022-07-04 09:18:00,338,338,338,338,74700
2022-07-04 09:19:00,338,336,338,336,118400
2022-07-04 09:20:00,336,336,336,336,82700
2022-07-04 09:21:00,336,336,336,336,68600
2022-07-04 09:22:00,336,336,338,336,146300
2022-07-04 09:23:00,336,336,336,336,71900
2022-07-04 09:24:00,334,332,334,332,369800
2022-07-04 09:25:00,332,328,332,328,781700
2022-07-04 09:26:00,328,326,330,330,459700
2022-07-04 09:27:00,330,330,332,330,145000
2022-07-04 09:28:00,330,328,332,328,174400
2022-07-04 09:29:00,328,328,330,328,197200
2022-07-04 09:30:00,328,320,328,328,3218600
2022-07-04 09:31:00,322,322,324,322,249200
2022-07-04 09:32:00,322,322,328,328,358000
2022-07-04 09:33:00,326,322,326,322,162200
2022-07-04 09:34:00,322,320,324,320,1216100
2022-07-04 09:35:00,320,320,326,324,1135900
2022-07-04 09:36:00,324,322,324,324,166400
2022-07-04 09:37:00,326,324,326,324,26700
2022-07-04 09:38:00,326,324,326,326,38900
2022-07-04 09:39:00,324,324,330,330,679400
2022-07-04 09:40:00,328,328,330,328,114000
2022-07-04 09:41:00,328,326,328,326,132700
2022-07-04 09:42:00,326,324,326,324,134100
2022-07-04 09:43:00,324,324,326,324,55200
2022-07-04 09:44:00,324,324,324,324,426400
2022-07-04 09:45:00,322,322,322,322,918700
2022-07-04 09:46:00,322,320,322,322,207300
2022-07-04 09:47:00,322,322,324,324,49700
2022-07-04 09:48:00,322,322,324,324,100800
2022-07-04 09:49:00,324,324,324,324,18500
2022-07-04 09:50:00,322,322,324,322,32600
2022-07-04 09:51:00,322,322,322,322,24800
2022-07-04 09:52:00,324,322,324,324,36500
2022-07-04 09:53:00,324,322,324,322,20500
2022-07-04 09:54:00,322,322,322,322,98700
2022-07-04 09:55:00,324,322,324,322,361600
2022-07-04 09:56:00,322,320,324,324,2970600
2022-07-04 09:57:00,320,320,324,320,1284400
2022-07-04 09:58:00,320,320,320,320,455000
2022-07-04 09:59:00,320,320,320,320,0
2022-07-04 10:00:00,320,320,320,320,564600
2022-07-04 10:01:00,320,320,320,320,2294900
2022-07-04 10:02:00,320,320,320,320,173100
2022-07-04 10:03:00,320,320,320,320,776600
2022-07-04 10:04:00,320,320,322,322,56000
2022-07-04 10:05:00,322,322,322,322,578500
2022-07-04 10:06:00,320,320,324,324,122800
2022-07-04 10:07:00,324,322,324,324,160800
2022-07-04 10:08:00,326,324,326,324,90400
2022-07-04 10:09:00,322,322,322,322,2700
2022-07-04 10:10:00,322,322,322,322,58900
2022-07-04 10:11:00,322,322,324,322,360000
2022-07-04 10:12:00,322,322,324,324,15000
2022-07-04 10:13:00,322,322,324,322,9700
2022-07-04 10:14:00,322,320,324,320,46700
2022-07-04 10:15:00,320,320,324,320,104300
2022-07-04 10:16:00,320,320,322,322,183900
2022-07-04 10:17:00,322,320,322,320,116800
2022-07-04 10:18:00,320,320,320,320,1492200
2022-07-04 10:19:00,320,320,320,320,234200
2022-07-04 10:20:00,320,320,320,320,60500
2022-07-04 10:21:00,320,320,320,320,273500
2022-07-04 10:22:00,320,320,322,322,415300
2022-07-04 10:23:00,320,320,320,320,516800
2022-07-04 10:24:00,320,320,320,320,554700
2022-07-04 10:25:00,320,320,322,320,678900
2022-07-04 10:26:00,320,320,320,320,0
2022-07-04 10:27:00,322,320,322,322,1300
2022-07-04 10:28:00,320,320,322,320,21600
2022-07-04 10:29:00,320,320,320,320,13200
2022-07-04 10:30:00,322,320,322,320,78000
2022-07-04 10:31:00,320,320,320,320,0
2022-07-04 10:32:00,320,320,322,320,8600
2022-07-04 10:33:00,320,320,320,320,52300
2022-07-04 10:34:00,320,320,320,320,31600
2022-07-04 10:35:00,320,320,320,320,306400
2022-07-04 10:36:00,320,320,322,322,79100
2022-07-04 10:37:00,320,320,324,324,620100
2022-07-04 10:38:00,324,324,328,326,737600
2022-07-04 10:39:00,326,326,330,326,1271500
2022-07-04 10:40:00,328,326,330,330,632000
2022-07-04 10:41:00,330,328,332,330,531700
2022-07-04 10:42:00,330,328,330,330,130900
2022-07-04 10:43:00,330,322,330,322,975200
2022-07-04 10:44:00,322,322,328,328,295300
2022-07-04 10:45:00,328,328,328,328,16100
2022-07-04 10:46:00,326,326,326,326,15900
2022-07-04 10:47:00,326,326,328,328,10200
2022-07-04 10:48:00,328,326,328,326,382500
2022-07-04 10:49:00,326,326,328,326,1800
2022-07-04 10:50:00,326,326,328,326,157800
2022-07-04 10:51:00,328,326,328,328,22100
2022-07-04 10:52:00,328,328,330,330,122300
2022-07-04 10:53:00,328,326,332,332,673400
2022-07-04 10:54:00,332,332,332,332,201300
2022-07-04 10:55:00,328,328,332,330,1100
2022-07-04 10:56:00,330,330,330,330,36400
2022-07-04 10:57:00,330,328,330,328,53400
2022-07-04 10:58:00,330,330,330,330,200
2022-07-04 10:59:00,330,330,330,330,6700
2022-07-04 11:00:00,328,328,330,328,200
2022-07-04 11:01:00,328,328,330,330,6800
2022-07-04 11:02:00,328,328,330,328,20800
2022-07-04 11:03:00,328,328,330,328,273300
2022-07-04 11:04:00,328,328,328,328,34700
2022-07-04 11:05:00,326,326,328,328,0
2022-07-04 11:06:00,328,328,328,328,21200
2022-07-04 11:07:00,326,326,326,326,80500
2022-07-04 11:08:00,326,326,328,328,0
2022-07-04 11:09:00,326,326,328,328,500
2022-07-04 11:10:00,326,326,326,326,900
2022-07-04 11:11:00,326,326,326,326,300
2022-07-04 11:12:00,326,326,328,328,375500
2022-07-04 11:13:00,330,328,330,328,69700
2022-07-04 11:14:00,328,328,330,328,35700
2022-07-04 11:15:00,328,328,330,328,0
2022-07-04 11:16:00,328,328,330,328,0
2022-07-04 11:17:00,326,326,328,326,6900
2022-07-04 11:18:00,326,326,328,328,37500
2022-07-04 11:19:00,326,326,328,326,5800
2022-07-04 11:20:00,326,326,330,330,145600
2022-07-04 11:21:00,330,330,330,330,14900
2022-07-04 11:22:00,330,330,330,330,389100
2022-07-04 11:23:00,330,330,332,332,8200
2022-07-04 11:24:00,330,330,330,330,257600
2022-07-04 11:25:00,330,330,332,332,81100
2022-07-04 11:26:00,332,332,334,332,498400
2022-07-04 11:27:00,332,330,332,332,0
2022-07-04 11:28:00,332,332,334,332,154400
2022-07-04 11:29:00,334,332,334,332,44400
2022-07-04 11:30:00,334,332,334,332,0
2022-07-04 11:31:00,334,332,334,332,0
2022-07-04 11:32:00,334,332,334,332,0
2022-07-04 11:33:00,334,332,334,332,0
2022-07-04 11:34:00,334,332,334,332,0
2022-07-04 11:35:00,334,332,334,332,0
2022-07-04 11:36:00,334,332,334,332,0
2022-07-04 11:37:00,334,332,334,332,0
2022-07-04 11:38:00,334,332,334,332,0
2022-07-04 11:39:00,334,332,334,332,0
2022-07-04 11:40:00,334,332,334,332,0
2022-07-04 11:41:00,334,332,334,332,0
2022-07-04 11:42:00,334,332,334,332,0
2022-07-04 11:43:00,334,332,334,332,0
2022-07-04 11:44:00,334,332,334,332,0
2022-07-04 11:45:00,334,332,334,332,0
2022-07-04 11:46:00,334,332,334,332,0
2022-07-04 11:47:00,334,332,334,332,0
2022-07-04 11:48:00,334,332,334,332,0
2022-07-04 11:49:00,334,332,334,332,0
2022-07-04 11:50:00,334,332,334,332,0
2022-07-04 11:51:00,334,332,334,332,0
2022-07-04 11:52:00,334,332,334,332,0
2022-07-04 11:53:00,334,332,334,332,0
2022-07-04 11:54:00,334,332,334,332,0
2022-07-04 11:55:00,334,332,334,332,0
2022-07-04 11:56:00,334,332,334,332,0
2022-07-04 11:57:00,334,332,334,332,0
2022-07-04 11:58:00,334,332,334,332,0
2022-07-04 11:59:00,334,332,334,332,0
2022-07-04 12:00:00,334,332,334,332,0
2022-07-04 12:01:00,334,332,334,332,0
2022-07-04 12:02:00,334,332,334,332,0
2022-07-04 12:03:00,334,332,334,332,0
2022-07-04 12:04:00,334,332,334,332,0
2022-07-04 12:05:00,334,332,334,332,0
2022-07-04 12:06:00,334,332,334,332,0
2022-07-04 12:07:00,334,332,334,332,0
2022-07-04 12:08:00,334,332,334,332,0
2022-07-04 12:09:00,334,332,334,332,0
2022-07-04 12:10:00,334,332,334,332,0
2022-07-04 12:11:00,334,332,334,332,0
2022-07-04 12:12:00,334,332,334,332,0
2022-07-04 12:13:00,334,332,334,332,0
2022-07-04 12:14:00,334,332,334,332,0
2022-07-04 12:15:00,334,332,334,332,0
2022-07-04 12:16:00,334,332,334,332,0
2022-07-04 12:17:00,334,332,334,332,0
2022-07-04 12:18:00,334,332,334,332,0
2022-07-04 12:19:00,334,332,334,332,0
2022-07-04 12:20:00,334,332,334,332,0
2022-07-04 12:21:00,334,332,334,332,0
2022-07-04 12:22:00,334,332,334,332,0
2022-07-04 12:23:00,334,332,334,332,0
2022-07-04 12:24:00,334,332,334,332,0
2022-07-04 12:25:00,334,332,334,332,0
2022-07-04 12:26:00,334,332,334,332,0
2022-07-04 12:27:00,334,332,334,332,0
2022-07-04 12:28:00,334,332,334,332,0
2022-07-04 12:29:00,334,332,334,332,0
2022-07-04 12:30:00,334,332,334,332,0
2022-07-04 12:31:00,334,332,334,332,0
2022-07-04 12:32:00,334,332,334,332,0
2022-07-04 12:33:00,334,332,334,332,0
2022-07-04 12:34:00,334,332,334,332,0
2022-07-04 12:35:00,334,332,334,332,0
2022-07-04 12:36:00,334,332,334,332,0
2022-07-04 12:37:00,334,332,334,332,0
2022-07-04 12:38:00,334,332,334,332,0
2022-07-04 12:39:00,334,332,334,332,0
2022-07-04 12:40:00,334,332,334,332,0
2022-07-04 12:41:00,334,332,334,332,0
2022-07-04 12:42:00,334,332,334,332,0
2022-07-04 12:43:00,334,332,334,332,0
2022-07-04 12:44:00,334,332,334,332,0
2022-07-04 12:45:00,334,332,334,332,0
2022-07-04 12:46:00,334,332,334,332,0
2022-07-04 12:47:00,334,332,334,332,0
2022-07-04 12:48:00,334,332,334,332,0
2022-07-04 12:49:00,334,332,334,332,0
2022-07-04 12:50:00,334,332,334,332,0
2022-07-04 12:51:00,334,332,334,332,0
2022-07-04 12:52:00,334,332,334,332,0
2022-07-04 12:53:00,334,332,334,332,0
2022-07-04 12:54:00,334,332,334,332,0
2022-07-04 12:55:00,334,332,334,332,0
2022-07-04 12:56:00,334,332,334,332,0
2022-07-04 12:57:00,334,332,334,332,0
2022-07-04 12:58:00,334,332,334,332,0
2022-07-04 12:59:00,334,332,334,332,0
2022-07-04 13:00:00,334,332,334,332,0
2022-07-04 13:01:00,334,332,334,332,0
2022-07-04 13:02:00,334,332,334,332,0
2022-07-04 13:03:00,334,332,334,332,0
2022-07-04 13:04:00,334,332,334,332,0
2022-07-04 13:05:00,334,332,334,332,0
2022-07-04 13:06:00,334,332,334,332,0
2022-07-04 13:07:00,334,332,334,332,0
2022-07-04 13:08:00,334,332,334,332,0
2022-07-04 13:09:00,334,332,334,332,0
2022-07-04 13:10:00,334,332,334,332,0
2022-07-04 13:11:00,334,332,334,332,0
2022-07-04 13:12:00,334,332,334,332,0
2022-07-04 13:13:00,334,332,334,332,0
2022-07-04 13:14:00,334,332,334,332,0
2022-07-04 13:15:00,334,332,334,332,0
2022-07-04 13:16:00,334,332,334,332,0
2022-07-04 13:17:00,334,332,334,332,0
2022-07-04 13:18:00,334,332,334,332,0
2022-07-04 13:19:00,334,332,334,332,0
2022-07-04 13:20:00,334,332,334,332,0
2022-07-04 13:21:00,334,332,334,332,0
2022-07-04 13:22:00,334,332,334,332,0
2022-07-04 13:23:00,334,332,334,332,0
2022-07-04 13:24:00,334,332,334,332,0
2022-07-04 13:25:00,334,332,334,332,0
2022-07-04 13:26:00,334,332,334,332,0
2022-07-04 13:27:00,334,332,334,332,0
2022-07-04 13:28:00,334,332,334,332,0
2022-07-04 13:29:00,334,332,334,332,0
2022-07-04 13:30:00,334,330,338,332,770200
2022-07-04 13:31:00,334,332,334,332,16500
2022-07-04 13:32:00,334,334,334,334,0
2022-07-04 13:33:00,334,334,340,336,1223200
2022-07-04 13:34:00,338,336,338,338,49800
2022-07-04 13:35:00,338,336,340,338,653100
2022-07-04 13:36:00,338,334,340,340,185600
2022-07-04 13:37:00,340,338,342,342,169900
2022-07-04 13:38:00,342,340,342,340,348000
2022-07-04 13:39:00,340,340,342,342,61000
2022-07-04 13:40:00,342,340,344,342,29800
2022-07-04 13:41:00,342,342,344,342,154500
2022-07-04 13:42:00,342,340,344,342,248900
2022-07-04 13:43:00,340,340,340,340,156200
2022-07-04 13:44:00,340,338,340,340,400
2022-07-04 13:45:00,340,338,340,340,87600
2022-07-04 13:46:00,340,340,340,340,100
2022-07-04 13:47:00,338,338,340,338,11400
2022-07-04 13:48:00,338,338,340,338,11400
2022-07-04 13:49:00,338,338,338,338,18000
2022-07-04 13:50:00,338,336,338,336,218200
2022-07-04 13:51:00,336,336,336,336,60200
2022-07-04 13:52:00,338,338,342,342,579600
2022-07-04 13:53:00,342,340,342,340,74000
2022-07-04 13:54:00,342,340,342,342,0
2022-07-04 13:55:00,342,340,342,340,118500
2022-07-04 13:56:00,340,340,340,340,0
2022-07-04 13:57:00,338,338,338,338,15400
2022-07-04 13:58:00,338,338,338,338,46300
2022-07-04 13:59:00,338,338,338,338,41200
2022-07-04 14:00:00,338,336,338,336,1857300
2022-07-04 14:01:00,334,334,334,334,146300
2022-07-04 14:02:00,334,334,334,334,2800
2022-07-04 14:03:00,334,334,334,334,8300
2022-07-04 14:04:00,334,334,334,334,17500
2022-07-04 14:05:00,336,336,336,336,181500
2022-07-04 14:06:00,336,336,336,336,0
2022-07-04 14:07:00,336,336,336,336,0
2022-07-04 14:08:00,336,336,336,336,0
2022-07-04 14:09:00,336,336,336,336,42800
2022-07-04 14:10:00,336,336,336,336,43700
2022-07-04 14:11:00,336,336,338,338,46300
2022-07-04 14:12:00,336,336,338,338,0
2022-07-04 14:13:00,338,336,338,338,11300
2022-07-04 14:14:00,336,334,336,336,26900
2022-07-04 14:15:00,336,336,336,336,4800
2022-07-04 14:16:00,336,336,336,336,11900
2022-07-04 14:17:00,334,334,334,334,100
2022-07-04 14:18:00,334,334,334,334,20500
2022-07-04 14:19:00,334,334,334,334,0
2022-07-04 14:20:00,334,334,336,336,3100
2022-07-04 14:21:00,334,334,334,334,418100
2022-07-04 14:22:00,334,334,334,334,0
2022-07-04 14:23:00,336,336,336,336,0
2022-07-04 14:24:00,334,334,336,334,240600
2022-07-04 14:25:00,334,332,334,334,89200
2022-07-04 14:26:00,332,330,334,330,276400
2022-07-04 14:27:00,332,332,334,334,0
2022-07-04 14:28:00,334,334,334,334,100
2022-07-04 14:29:00,334,334,334,334,0
2022-07-04 14:30:00,334,334,334,334,0
2022-07-04 14:31:00,332,332,334,334,3600
2022-07-04 14:32:00,332,330,334,332,111700
2022-07-04 14:33:00,332,332,334,334,8400
2022-07-04 14:34:00,332,332,334,334,0
2022-07-04 14:35:00,334,334,334,334,1900
2022-07-04 14:36:00,332,332,334,334,137300
2022-07-04 14:37:00,336,334,336,334,9600
2022-07-04 14:38:00,336,334,336,334,0
2022-07-04 14:39:00,334,334,334,334,20000
2022-07-04 14:40:00,334,334,336,336,181700
2022-07-04 14:41:00,336,334,336,334,48900
2022-07-04 14:42:00,334,332,334,332,198000
2022-07-04 14:43:00,332,330,332,330,214800
2022-07-04 14:44:00,332,330,334,334,181400
2022-07-04 14:45:00,332,330,334,334,0
2022-07-04 14:46:00,332,330,334,334,0
2022-07-04 14:47:00,332,332,334,334,28000
2022-07-04 14:48:00,334,334,336,336,51600
2022-07-04 14:49:00,336,336,338,338,113500
2022-07-04 14:50:00,336,336,338,338,0
2022-07-04 14:51:00,336,336,338,338,0
2022-07-04 14:52:00,336,336,338,338,0
2022-07-04 14:53:00,336,336,338,338,0
2022-07-04 14:54:00,336,336,338,338,0
2022-07-04 14:55:00,336,336,338,338,0
2022-07-04 14:56:00,336,336,338,338,0
2022-07-04 14:57:00,336,336,338,338,0
2022-07-04 14:58:00,336,336,338,338,0
2022-07-04 14:59:00,336,336,338,338,0
2022-07-04 15:00:00,338,338,338,338,1409000
2022-07-04 15:01:00,338,338,338,338,34100
2022-07-04 15:02:00,338,338,338,338,138900
2022-07-04 15:03:00,338,338,338,338,39700
2022-07-04 15:04:00,338,338,338,338,0
2022-07-04 15:05:00,338,338,338,338,9500
2022-07-04 15:06:00,338,338,338,338,20000
2022-07-04 15:07:00,338,338,338,338,0
2022-07-04 15:08:00,338,338,338,338,10000
2022-07-04 15:09:00,338,338,338,338,30000
2022-07-04 15:10:00,338,338,338,338,0
2022-07-04 15:11:00,338,338,338,338,0
2022-07-04 15:12:00,338,338,338,338,0
2022-07-04 15:13:00,338,338,338,338,0
2022-07-04 15:14:00,338,338,338,338,0
2022-07-04 15:15:00,338,338,338,338,0
2022-07-04 15:16:00,338,338,338,338,0
2022-07-04 15:17:00,338,338,338,338,0
2022-07-04 15:18:00,338,338,338,338,0
2022-07-04 15:19:00,338,338,338,338,0
2022-07-04 15:20:00,338,338,338,338,0
2022-07-04 15:21:00,338,338,338,338,0
2022-07-04 15:22:00,338,338,338,338,0
2022-07-04 15:23:00,338,338,338,338,0
2022-07-04 15:24:00,338,338,338,338,0
2022-07-04 15:25:00,338,338,338,338,0
2022-07-04 15:26:00,338,338,338,338,0
2022-07-04 15:27:00,338,338,338,338,0
2022-07-04 15:28:00,338,338,338,338,0
2022-07-04 15:29:00,338,338,338,338,0
2022-07-04 15:30:00,338,338,338,338,0
2022-07-04 15:31:00,338,338,338,338,0
2022-07-04 15:32:00,338,338,338,338,0
2022-07-04 15:33:00,338,338,338,338,0
2022-07-04 15:34:00,338,338,338,338,0
2022-07-04 15:35:00,338,338,338,338,51860400
2022-07-04 15:36:00,338,338,338,338,0
2022-07-04 15:37:00,338,338,338,338,0
2022-07-04 15:38:00,338,338,338,338,0
2022-07-04 15:39:00,338,338,338,338,0
2022-07-04 15:40:00,338,338,338,338,0
2022-07-04 15:41:00,338,338,338,338,0
2022-07-04 15:42:00,338,338,338,338,0
2022-07-04 15:43:00,338,338,338,338,0
2022-07-04 15:44:00,338,338,338,338,0
2022-07-04 15:45:00,338,338,338,338,0
2022-07-04 15:46:00,338,338,338,338,0
2022-07-04 15:47:00,338,338,338,338,0
2022-07-04 15:48:00,338,338,338,338,0
2022-07-04 15:49:00,338,338,338,338,0
2022-07-04 15:50:00,338,338,338,338,0
2022-07-04 15:51:00,338,338,338,338,0
2022-07-04 15:52:00,338,338,338,338,0
2022-07-04 15:53:00,338,338,338,338,0
2022-07-04 15:54:00,338,338,338,338,0
2022-07-04 15:55:00,338,338,338,338,0
2022-07-04 15:56:00,338,338,338,338,0
2022-07-04 15:57:00,338,338,338,338,0
2022-07-04 15:58:00,338,338,338,338,0
2022-07-04 15:59:00,338,338,338,338,0
2022-07-05 09:00:00,338,338,338,338,0
2022-07-05 09:01:00,340,338,342,342,0
2022-07-05 09:02:00,348,346,348,346,25700
2022-07-05 09:03:00,346,346,346,346,20000
2022-07-05 09:04:00,346,344,346,344,293800
2022-07-05 09:05:00,344,344,348,348,310200
2022-07-05 09:06:00,346,346,348,348,177000
2022-07-05 09:07:00,348,348,350,350,400500
2022-07-05 09:08:00,348,346,348,346,95600
2022-07-05 09:09:00,346,346,348,346,108600
2022-07-05 09:10:00,346,346,346,346,46900
2022-07-05 09:11:00,346,344,346,346,283200
2022-07-05 09:12:00,346,346,346,346,12400
2022-07-05 09:13:00,344,344,346,346,191500
2022-07-05 09:14:00,346,346,346,346,123700
2022-07-05 09:15:00,346,346,348,348,373500
2022-07-05 09:16:00,348,348,352,350,444900
2022-07-05 09:17:00,350,350,354,352,518800
2022-07-05 09:18:00,350,350,350,350,321300
2022-07-05 09:19:00,350,350,350,350,413800
2022-07-05 09:20:00,350,348,350,348,231300
2022-07-05 09:21:00,348,348,348,348,459400
2022-07-05 09:22:00,348,348,350,348,0
2022-07-05 09:23:00,348,348,350,350,316800
2022-07-05 09:24:00,350,350,350,350,326200
2022-07-05 09:25:00,350,350,352,350,83700
2022-07-05 09:26:00,350,348,350,350,231000
2022-07-05 09:27:00,350,350,350,350,5800
2022-07-05 09:28:00,348,348,350,350,429200
2022-07-05 09:29:00,350,348,352,352,366700
2022-07-05 09:30:00,352,352,352,352,96700
2022-07-05 09:31:00,352,352,352,352,109400
2022-07-05 09:32:00,352,352,352,352,1600
2022-07-05 09:33:00,352,350,352,352,36000
2022-07-05 09:34:00,352,352,352,352,100
2022-07-05 09:35:00,352,350,352,352,31500
2022-07-05 09:36:00,352,350,352,352,93800
2022-07-05 09:37:00,352,350,352,352,100
2022-07-05 09:38:00,352,350,352,352,173300
2022-07-05 09:39:00,350,350,352,350,130900
2022-07-05 09:40:00,350,350,352,350,921300
2022-07-05 09:41:00,350,350,352,350,128300
2022-07-05 09:42:00,350,350,350,350,132400
2022-07-05 09:43:00,352,350,352,350,24000
2022-07-05 09:44:00,352,350,352,352,23000
2022-07-05 09:45:00,352,352,352,352,30100
2022-07-05 09:46:00,352,350,352,352,130100
2022-07-05 09:47:00,350,350,352,352,52400
2022-07-05 09:48:00,352,352,352,352,265400
2022-07-05 09:49:00,352,350,352,352,67200
2022-07-05 09:50:00,352,350,352,352,0
2022-07-05 09:51:00,352,352,352,352,3100
2022-07-05 09:52:00,350,350,354,354,1788100
2022-07-05 09:53:00,352,352,354,354,43000
2022-07-05 09:54:00,354,354,354,354,411600
2022-07-05 09:55:00,356,354,356,354,14700
2022-07-05 09:56:00,354,354,356,354,86100
2022-07-05 09:57:00,354,354,356,356,64000
2022-07-05 09:58:00,356,356,366,364,7917500
2022-07-05 09:59:00,364,362,364,364,766000
2022-07-05 10:00:00,364,362,364,362,393400
2022-07-05 10:01:00,362,362,364,362,336200
2022-07-05 10:02:00,364,360,364,360,307500
2022-07-05 10:03:00,360,360,362,362,572300
2022-07-05 10:04:00,362,362,362,362,74000
2022-07-05 10:05:00,362,360,362,362,300900
2022-07-05 10:06:00,362,358,362,360,309400
2022-07-05 10:07:00,360,358,360,358,303000
2022-07-05 10:08:00,358,358,360,358,54300
2022-07-05 10:09:00,358,358,360,360,78900
2022-07-05 10:10:00,358,358,360,360,345100
2022-07-05 10:11:00,360,360,362,362,281300
2022-07-05 10:12:00,362,362,364,364,487200
2022-07-05 10:13:00,364,362,364,362,106000
2022-07-05 10:14:00,364,362,364,364,41700
2022-07-05 10:15:00,364,364,364,364,1114500
2022-07-05 10:16:00,364,364,366,366,82600
2022-07-05 10:17:00,366,364,366,364,237700
2022-07-05 10:18:00,364,364,364,364,349100
2022-07-05 10:19:00,364,364,366,364,1500
2022-07-05 10:20:00,366,364,370,368,869200
2022-07-05 10:21:00,368,368,370,368,142800
2022-07-05 10:22:00,370,368,370,370,141000
2022-07-05 10:23:00,370,366,370,368,936300
2022-07-05 10:24:00,366,366,368,368,649600
2022-07-05 10:25:00,366,366,368,368,71400
2022-07-05 10:26:00,366,366,368,366,43700
2022-07-05 10:27:00,366,366,366,366,136100
2022-07-05 10:28:00,366,366,366,366,29300
2022-07-05 10:29:00,366,366,368,366,4500
2022-07-05 10:30:00,366,366,368,368,412400
2022-07-05 10:31:00,366,366,366,366,22800
2022-07-05 10:32:00,366,366,366,366,89400
2022-07-05 10:33:00,364,364,366,366,33600
2022-07-05 10:34:00,364,364,366,364,748800
2022-07-05 10:35:00,364,364,366,366,175100
2022-07-05 10:36:00,366,364,366,366,167200
2022-07-05 10:37:00,366,364,366,364,92400
2022-07-05 10:38:00,364,364,364,364,5500
2022-07-05 10:39:00,364,364,366,366,45100
2022-07-05 10:40:00,364,364,366,366,0
2022-07-05 10:41:00,366,364,366,364,35500
2022-07-05 10:42:00,364,364,366,366,146700
2022-07-05 10:43:00,366,366,366,366,5900
2022-07-05 10:44:00,364,364,372,372,2074500
2022-07-05 10:45:00,370,370,372,372,50500
2022-07-05 10:46:00,372,370,372,370,42200
2022-07-05 10:47:00,370,370,372,370,232000
2022-07-05 10:48:00,372,372,376,374,1816100
2022-07-05 10:49:00,374,374,376,374,344200
2022-07-05 10:50:00,374,374,376,374,736000
2022-07-05 10:51:00,372,372,380,378,3280600
2022-07-05 10:52:00,378,374,378,376,624400
2022-07-05 10:53:00,376,374,376,374,459100
2022-07-05 10:54:00,372,372,374,374,363200
2022-07-05 10:55:00,374,374,378,376,1043900
2022-07-05 10:56:00,378,376,378,378,269700
2022-07-05 10:57:00,378,374,380,376,1353400
2022-07-05 10:58:00,376,376,376,376,493400
2022-07-05 10:59:00,376,376,376,376,62100
2022-07-05 11:00:00,374,374,376,374,541600
2022-07-05 11:01:00,374,372,374,374,199900
2022-07-05 11:02:00,372,372,374,374,31200
2022-07-05 11:03:00,372,372,374,374,255700
2022-07-05 11:04:00,372,372,374,372,123900
2022-07-05 11:05:00,372,372,374,374,149900
2022-07-05 11:06:00,374,372,374,372,10300
2022-07-05 11:07:00,374,372,374,374,378200
2022-07-05 11:08:00,372,372,372,372,10800
2022-07-05 11:09:00,372,372,374,372,258400
2022-07-05 11:10:00,372,372,372,372,383800
2022-07-05 11:11:00,370,370,372,372,818500
2022-07-05 11:12:00,372,368,372,370,1940000
2022-07-05 11:13:00,370,368,370,368,798700
2022-07-05 11:14:00,368,366,368,368,911200
2022-07-05 11:15:00,368,368,368,368,58100
2022-07-05 11:16:00,368,366,368,368,54000
2022-07-05 11:17:00,366,366,368,368,858200
2022-07-05 11:18:00,368,366,368,368,355600
2022-07-05 11:19:00,368,364,368,364,792200
2022-07-05 11:20:00,364,364,370,368,4959200
2022-07-05 11:21:00,368,368,368,368,28400
2022-07-05 11:22:00,370,368,370,370,443900
2022-07-05 11:23:00,370,370,372,370,840700
2022-07-05 11:24:00,368,368,370,368,21900
2022-07-05 11:25:00,368,368,370,368,331200
2022-07-05 11:26:00,366,366,368,368,11800
2022-07-05 11:27:00,368,368,368,368,20300
2022-07-05 11:28:00,368,366,368,368,211900
2022-07-05 11:29:00,368,368,368,368,46700
2022-07-05 11:30:00,368,368,368,368,0
2022-07-05 11:31:00,368,368,368,368,0
2022-07-05 11:32:00,368,368,368,368,0
2022-07-05 11:33:00,368,368,368,368,0
2022-07-05 11:34:00,368,368,368,368,0
2022-07-05 11:35:00,368,368,368,368,0
2022-07-05 11:36:00,368,368,368,368,0
2022-07-05 11:37:00,368,368,368,368,0
2022-07-05 11:38:00,368,368,368,368,0
2022-07-05 11:39:00,368,368,368,368,0
2022-07-05 11:40:00,368,368,368,368,0
2022-07-05 11:41:00,368,368,368,368,0
2022-07-05 11:42:00,368,368,368,368,0
2022-07-05 11:43:00,368,368,368,368,0
2022-07-05 11:44:00,368,368,368,368,0
2022-07-05 11:45:00,368,368,368,368,0
2022-07-05 11:46:00,368,368,368,368,0
2022-07-05 11:47:00,368,368,368,368,0
2022-07-05 11:48:00,368,368,368,368,0
2022-07-05 11:49:00,368,368,368,368,0
2022-07-05 11:50:00,368,368,368,368,0
2022-07-05 11:51:00,368,368,368,368,0
2022-07-05 11:52:00,368,368,368,368,0
2022-07-05 11:53:00,368,368,368,368,0
2022-07-05 11:54:00,368,368,368,368,0
2022-07-05 11:55:00,368,368,368,368,0
2022-07-05 11:56:00,368,368,368,368,0
2022-07-05 11:57:00,368,368,368,368,0
2022-07-05 11:58:00,368,368,368,368,0
2022-07-05 11:59:00,368,368,368,368,0
2022-07-05 12:00:00,368,368,368,368,0
2022-07-05 12:01:00,368,368,368,368,0
2022-07-05 12:02:00,368,368,368,368,0
2022-07-05 12:03:00,368,368,368,368,0
2022-07-05 12:04:00,368,368,368,368,0
2022-07-05 12:05:00,368,368,368,368,0
2022-07-05 12:06:00,368,368,368,368,0
2022-07-05 12:07:00,368,368,368,368,0
2022-07-05 12:08:00,368,368,368,368,0
2022-07-05 12:09:00,368,368,368,368,0
2022-07-05 12:10:00,368,368,368,368,0
2022-07-05 12:11:00,368,368,368,368,0
2022-07-05 12:12:00,368,368,368,368,0
2022-07-05 12:13:00,368,368,368,368,0
2022-07-05 12:14:00,368,368,368,368,0
2022-07-05 12:15:00,368,368,368,368,0
2022-07-05 12:16:00,368,368,368,368,0
2022-07-05 12:17:00,368,368,368,368,0
2022-07-05 12:18:00,368,368,368,368,0
2022-07-05 12:19:00,368,368,368,368,0
2022-07-05 12:20:00,368,368,368,368,0
2022-07-05 12:21:00,368,368,368,368,0
2022-07-05 12:22:00,368,368,368,368,0
2022-07-05 12:23:00,368,368,368,368,0
2022-07-05 12:24:00,368,368,368,368,0
2022-07-05 12:25:00,368,368,368,368,0
2022-07-05 12:26:00,368,368,368,368,0
2022-07-05 12:27:00,368,368,368,368,0
2022-07-05 12:28:00,368,368,368,368,0
2022-07-05 12:29:00,368,368,368,368,0
2022-07-05 12:30:00,368,368,368,368,0
2022-07-05 12:31:00,368,368,368,368,0
2022-07-05 12:32:00,368,368,368,368,0
2022-07-05 12:33:00,368,368,368,368,0
2022-07-05 12:34:00,368,368,368,368,0
2022-07-05 12:35:00,368,368,368,368,0
2022-07-05 12:36:00,368,368,368,368,0
2022-07-05 12:37:00,368,368,368,368,0
2022-07-05 12:38:00,368,368,368,368,0
2022-07-05 12:39:00,368,368,368,368,0
2022-07-05 12:40:00,368,368,368,368,0
2022-07-05 12:41:00,368,368,368,368,0
2022-07-05 12:42:00,368,368,368,368,0
2022-07-05 12:43:00,368,368,368,368,0
2022-07-05 12:44:00,368,368,368,368,0
2022-07-05 12:45:00,368,368,368,368,0
2022-07-05 12:46:00,368,368,368,368,0
2022-07-05 12:47:00,368,368,368,368,0
2022-07-05 12:48:00,368,368,368,368,0
2022-07-05 12:49:00,368,368,368,368,0
2022-07-05 12:50:00,368,368,368,368,0
2022-07-05 12:51:00,368,368,368,368,0
2022-07-05 12:52:00,368,368,368,368,0
2022-07-05 12:53:00,368,368,368,368,0
2022-07-05 12:54:00,368,368,368,368,0
2022-07-05 12:55:00,368,368,368,368,0
2022-07-05 12:56:00,368,368,368,368,0
2022-07-05 12:57:00,368,368,368,368,0
2022-07-05 12:58:00,368,368,368,368,0
2022-07-05 12:59:00,368,368,368,368,0
2022-07-05 13:00:00,368,368,368,368,0
2022-07-05 13:01:00,368,368,368,368,0
2022-07-05 13:02:00,368,368,368,368,0
2022-07-05 13:03:00,368,368,368,368,0
2022-07-05 13:04:00,368,368,368,368,0
2022-07-05 13:05:00,368,368,368,368,0
2022-07-05 13:06:00,368,368,368,368,0
2022-07-05 13:07:00,368,368,368,368,0
2022-07-05 13:08:00,368,368,368,368,0
2022-07-05 13:09:00,368,368,368,368,0
2022-07-05 13:10:00,368,368,368,368,0
2022-07-05 13:11:00,368,368,368,368,0
2022-07-05 13:12:00,368,368,368,368,0
2022-07-05 13:13:00,368,368,368,368,0
2022-07-05 13:14:00,368,368,368,368,0
2022-07-05 13:15:00,368,368,368,368,0
2022-07-05 13:16:00,368,368,368,368,0
2022-07-05 13:17:00,368,368,368,368,0
2022-07-05 13:18:00,368,368,368,368,0
2022-07-05 13:19:00,368,368,368,368,0
2022-07-05 13:20:00,368,368,368,368,0
2022-07-05 13:21:00,368,368,368,368,0
2022-07-05 13:22:00,368,368,368,368,0
2022-07-05 13:23:00,368,368,368,368,0
2022-07-05 13:24:00,368,368,368,368,0
2022-07-05 13:25:00,368,368,368,368,0
2022-07-05 13:26:00,368,368,368,368,0
2022-07-05 13:27:00,368,368,368,368,0
2022-07-05 13:28:00,368,368,368,368,0
2022-07-05 13:29:00,368,368,368,368,0
2022-07-05 13:30:00,368,368,372,372,890900
2022-07-05 13:31:00,372,372,372,372,478300
2022-07-05 13:32:00,372,372,376,374,1045800
2022-07-05 13:33:00,374,372,374,374,140700
2022-07-05 13:34:00,374,372,374,374,9400
2022-07-05 13:35:00,372,370,372,370,135700
2022-07-05 13:36:00,370,368,370,370,40700
2022-07-05 13:37:00,370,370,372,372,77600
2022-07-05 13:38:00,372,372,372,372,196200
2022-07-05 13:39:00,372,370,372,370,14000
2022-07-05 13:40:00,372,370,372,370,254400
2022-07-05 13:41:00,370,368,370,368,177700
2022-07-05 13:42:00,370,368,370,370,434700
2022-07-05 13:43:00,370,370,372,370,62800
2022-07-05 13:44:00,370,368,370,370,125900
2022-07-05 13:45:00,370,368,370,368,60900
2022-07-05 13:46:00,368,368,368,368,1200
2022-07-05 13:47:00,370,368,370,368,33400
2022-07-05 13:48:00,370,370,372,370,331000
2022-07-05 13:49:00,372,370,372,372,91700
2022-07-05 13:50:00,372,370,374,374,1725400
2022-07-05 13:51:00,374,372,374,372,523200
2022-07-05 13:52:00,372,372,372,372,35200
2022-07-05 13:53:00,374,372,374,372,62300
2022-07-05 13:54:00,372,372,372,372,0
2022-07-05 13:55:00,374,372,374,372,507900
2022-07-05 13:56:00,372,372,372,372,76400
2022-07-05 13:57:00,372,370,372,370,37500
2022-07-05 13:58:00,370,370,372,372,123000
2022-07-05 13:59:00,372,370,372,370,581300
2022-07-05 14:00:00,370,370,370,370,15400
2022-07-05 14:01:00,372,370,372,370,10200
2022-07-05 14:02:00,372,370,372,370,18100
2022-07-05 14:03:00,370,370,370,370,20100
2022-07-05 14:04:00,370,370,372,372,6700
2022-07-05 14:05:00,372,370,372,370,24700
2022-07-05 14:06:00,370,370,372,372,11000
2022-07-05 14:07:00,370,370,370,370,0
2022-07-05 14:08:00,370,370,372,370,69308400
2022-07-05 14:09:00,370,370,370,370,42000
2022-07-05 14:10:00,370,370,372,370,111900
2022-07-05 14:11:00,370,370,372,370,24300
2022-07-05 14:12:00,370,370,372,372,165200
2022-07-05 14:13:00,370,370,372,370,184900
2022-07-05 14:14:00,370,368,370,370,140700
2022-07-05 14:15:00,370,370,370,370,202500
2022-07-05 14:16:00,370,370,370,370,33200
2022-07-05 14:17:00,370,370,374,374,1462200
2022-07-05 14:18:00,374,370,376,374,720100
2022-07-05 14:19:00,374,374,374,374,259700
2022-07-05 14:20:00,374,372,374,374,158900
2022-07-05 14:21:00,374,372,374,374,315500
2022-07-05 14:22:00,372,372,376,374,107600
2022-07-05 14:23:00,374,372,374,374,784100
2022-07-05 14:24:00,374,372,374,372,0
2022-07-05 14:25:00,372,372,374,374,57200
2022-07-05 14:26:00,374,372,374,372,1400
2022-07-05 14:27:00,374,372,374,374,13100
2022-07-05 14:28:00,372,372,374,374,92700
2022-07-05 14:29:00,374,372,374,372,169000
2022-07-05 14:30:00,372,372,374,374,705700
2022-07-05 14:31:00,374,374,380,380,5983700
2022-07-05 14:32:00,378,378,382,382,4100700
2022-07-05 14:33:00,382,376,382,378,1167700
2022-07-05 14:34:00,378,378,380,378,260600
2022-07-05 14:35:00,378,378,380,378,292400
2022-07-05 14:36:00,376,376,380,378,618900
2022-07-05 14:37:00,378,378,380,378,128400
2022-07-05 14:38:00,380,380,380,380,517400
2022-07-05 14:39:00,380,376,380,378,486000
2022-07-05 14:40:00,378,376,378,378,530600
2022-07-05 14:41:00,378,376,378,378,96200
2022-07-05 14:42:00,378,374,378,376,741600
2022-07-05 14:43:00,376,374,376,376,532600
2022-07-05 14:44:00,376,374,376,376,84800
2022-07-05 14:45:00,378,376,378,378,187600
2022-07-05 14:46:00,378,376,378,378,122100
2022-07-05 14:47:00,378,376,378,378,113800
2022-07-05 14:48:00,376,376,378,378,363800
2022-07-05 14:49:00,378,378,380,380,773900
2022-07-05 14:50:00,378,378,380,380,0
2022-07-05 14:51:00,378,378,380,380,0
2022-07-05 14:52:00,378,378,380,380,0
2022-07-05 14:53:00,378,378,380,380,0
2022-07-05 14:54:00,378,378,380,380,0
2022-07-05 14:55:00,378,378,380,380,0
2022-07-05 14:56:00,378,378,380,380,0
2022-07-05 14:57:00,378,378,380,380,0
2022-07-05 14:58:00,378,378,380,380,0
2022-07-05 14:59:00,378,378,380,380,0
2022-07-05 15:00:00,382,382,382,382,3828200
2022-07-05 15:01:00,382,382,382,382,227900
2022-07-05 15:02:00,382,382,382,382,2079800
2022-07-05 15:03:00,382,382,382,382,510900
2022-07-05 15:04:00,382,382,382,382,61000
2022-07-05 15:05:00,382,382,382,382,203900
2022-07-05 15:06:00,382,382,382,382,0
2022-07-05 15:07:00,382,382,382,382,50500
2022-07-05 15:08:00,382,382,382,382,413000
2022-07-05 15:09:00,382,382,382,382,271100
2022-07-05 15:10:00,382,382,382,382,175000
2022-07-05 15:11:00,382,382,382,382,124000
2022-07-05 15:12:00,382,382,382,382,15600
2022-07-05 15:13:00,382,382,382,382,0
2022-07-05 15:14:00,382,382,382,382,100244500
2022-07-05 15:15:00,382,382,382,382,0
2022-07-05 15:16:00,382,382,382,382,0
2022-07-05 15:17:00,382,382,382,382,0
2022-07-05 15:18:00,382,382,382,382,0
2022-07-05 15:19:00,382,382,382,382,0
2022-07-05 15:20:00,382,382,382,382,0
2022-07-05 15:21:00,382,382,382,382,0
2022-07-05 15:22:00,382,382,382,382,0
2022-07-05 15:23:00,382,382,382,382,0
2022-07-05 15:24:00,382,382,382,382,0
2022-07-05 15:25:00,382,382,382,382,0
2022-07-05 15:26:00,382,382,382,382,0
2022-07-05 15:27:00,382,382,382,382,0
2022-07-05 15:28:00,382,382,382,382,0
2022-07-05 15:29:00,382,382,382,382,0
2022-07-05 15:30:00,382,382,382,382,0
2022-07-05 15:31:00,382,382,382,382,0
2022-07-05 15:32:00,382,382,382,382,0
2022-07-05 15:33:00,382,382,382,382,0
2022-07-05 15:34:00,382,382,382,382,0
2022-07-05 15:35:00,382,382,382,382,0
2022-07-05 15:36:00,382,382,382,382,0
2022-07-05 15:37:00,382,382,382,382,0
2022-07-05 15:38:00,382,382,382,382,0
2022-07-05 15:39:00,382,382,382,382,0
2022-07-05 15:40:00,382,382,382,382,0
2022-07-05 15:41:00,382,382,382,382,0
2022-07-05 15:42:00,382,382,382,382,0
2022-07-05 15:43:00,382,382,382,382,0
2022-07-05 15:44:00,382,382,382,382,0
2022-07-05 15:45:00,382,382,382,382,0
2022-07-05 15:46:00,382,382,382,382,0
2022-07-05 15:47:00,382,382,382,382,0
2022-07-05 15:48:00,382,382,382,382,0
2022-07-05 15:49:00,382,382,382,382,0
2022-07-05 15:50:00,382,382,382,382,0
2022-07-05 15:51:00,382,382,382,382,0
2022-07-05 15:52:00,382,382,382,382,0
2022-07-05 15:53:00,382,382,382,382,0
2022-07-05 15:54:00,382,382,382,382,0
2022-07-05 15:55:00,382,382,382,382,0
2022-07-05 15:56:00,382,382,382,382,0
2022-07-05 15:57:00,382,382,382,382,0
2022-07-05 15:58:00,382,382,382,382,0
2022-07-05 15:59:00,382,382,382,382,0
2022-07-06 09:00:00,386,382,386,384,0
2022-07-06 09:01:00,384,382,392,390,4317200
2022-07-06 09:02:00,390,384,396,384,6950300
2022-07-06 09:03:00,386,384,390,390,2383400
2022-07-06 09:04:00,388,374,390,382,8232200
2022-07-06 09:05:00,380,376,384,384,2125800
2022-07-06 09:06:00,384,380,384,380,1421000
2022-07-06 09:07:00,382,380,382,382,311800
2022-07-06 09:08:00,382,382,386,384,795300
2022-07-06 09:09:00,386,384,386,386,1792100
2022-07-06 09:10:00,386,382,386,384,1222700
2022-07-06 09:11:00,384,384,390,384,1834300
2022-07-06 09:12:00,386,384,390,386,1563500
2022-07-06 09:13:00,386,386,388,388,379000
2022-07-06 09:14:00,388,386,390,390,607200
2022-07-06 09:15:00,388,386,390,390,2102000
2022-07-06 09:16:00,388,388,396,396,3712300
2022-07-06 09:17:00,396,394,400,396,12353700
2022-07-06 09:18:00,394,392,398,394,4054500
2022-07-06 09:19:00,394,394,398,396,2574400
2022-07-06 09:20:00,396,394,398,394,2246900
2022-07-06 09:21:00,394,392,396,394,1528500
2022-07-06 09:22:00,394,390,394,390,2566600
2022-07-06 09:23:00,390,390,394,394,888400
2022-07-06 09:24:00,392,392,394,394,293800
2022-07-06 09:25:00,394,392,394,394,39800
2022-07-06 09:26:00,394,390,394,390,1286900
2022-07-06 09:27:00,392,388,392,390,1387400
2022-07-06 09:28:00,390,390,392,390,148400
2022-07-06 09:29:00,390,390,392,392,297800
2022-07-06 09:30:00,392,390,394,392,274600
2022-07-06 09:31:00,392,392,394,392,71200
2022-07-06 09:32:00,394,392,394,394,121300
2022-07-06 09:33:00,394,392,394,394,33800
2022-07-06 09:34:00,394,392,394,394,203000
2022-07-06 09:35:00,394,394,396,394,1008000
2022-07-06 09:36:00,394,394,396,394,327000
2022-07-06 09:37:00,394,392,396,394,869700
2022-07-06 09:38:00,394,392,394,394,13300
2022-07-06 09:39:00,394,392,394,392,364900
2022-07-06 09:40:00,392,392,394,394,804800
2022-07-06 09:41:00,394,392,394,392,136100
2022-07-06 09:42:00,392,390,394,392,1847400
2022-07-06 09:43:00,392,390,394,392,1622600
2022-07-06 09:44:00,392,392,394,392,171300
2022-07-06 09:45:00,392,392,394,392,61900
2022-07-06 09:46:00,394,392,394,392,48800
2022-07-06 09:47:00,392,392,394,394,135700
2022-07-06 09:48:00,392,392,394,394,30800
2022-07-06 09:49:00,394,392,394,394,29900
2022-07-06 09:50:00,392,392,394,392,82700
2022-07-06 09:51:00,392,392,394,394,83200
2022-07-06 09:52:00,392,392,394,394,1298600
2022-07-06 09:53:00,394,392,394,392,170600
2022-07-06 09:54:00,394,392,394,392,92600
2022-07-06 09:55:00,392,392,394,392,472300
2022-07-06 09:56:00,394,390,394,392,335000
2022-07-06 09:57:00,392,392,394,392,932500
2022-07-06 09:58:00,392,390,396,396,10461900
2022-07-06 09:59:00,396,396,398,396,319700
2022-07-06 10:00:00,396,396,400,398,2054700
2022-07-06 10:01:00,398,398,400,398,921200
2022-07-06 10:02:00,398,396,398,398,333900
2022-07-06 10:03:00,396,394,398,394,719400
2022-07-06 10:04:00,394,394,396,394,111800
2022-07-06 10:05:00,394,394,396,394,40900
2022-07-06 10:06:00,394,394,396,394,274900
2022-07-06 10:07:00,394,394,396,394,65300
2022-07-06 10:08:00,394,394,396,394,49000
2022-07-06 10:09:00,394,394,396,394,45000
2022-07-06 10:10:00,394,394,394,394,155600
2022-07-06 10:11:00,396,394,396,396,3300
2022-07-06 10:12:00,396,394,398,396,2135500
2022-07-06 10:13:00,396,396,396,396,124700
2022-07-06 10:14:00,396,396,398,396,55100
2022-07-06 10:15:00,396,396,398,398,17600
2022-07-06 10:16:00,398,398,398,398,16900
2022-07-06 10:17:00,398,396,398,396,4300
2022-07-06 10:18:00,396,396,398,398,89700
2022-07-06 10:19:00,398,398,398,398,0
2022-07-06 10:20:00,398,396,398,396,241700
2022-07-06 10:21:00,398,394,398,396,296900
2022-07-06 10:22:00,396,394,396,396,86500
2022-07-06 10:23:00,396,396,396,396,0
2022-07-06 10:24:00,394,394,396,394,333900
2022-07-06 10:25:00,394,394,396,394,125100
2022-07-06 10:26:00,394,394,394,394,53300
2022-07-06 10:27:00,394,394,394,394,265800
2022-07-06 10:28:00,396,394,396,394,83300
2022-07-06 10:29:00,396,394,396,394,144500
2022-07-06 10:30:00,394,394,396,396,17300
2022-07-06 10:31:00,396,396,396,396,133800
2022-07-06 10:32:00,396,396,396,396,78500
2022-07-06 10:33:00,396,396,398,396,138100
2022-07-06 10:34:00,396,396,406,404,8737500
2022-07-06 10:35:00,404,404,408,408,4187300
2022-07-06 10:36:00,408,406,412,412,4534300
2022-07-06 10:37:00,412,408,412,412,2656100
2022-07-06 10:38:00,410,410,412,412,1606700
2022-07-06 10:39:00,412,406,412,408,2556500
2022-07-06 10:40:00,410,408,410,408,368100
2022-07-06 10:41:00,408,406,408,408,618700
2022-07-06 10:42:00,408,408,410,410,184000
2022-07-06 10:43:00,410,410,412,410,1174500
2022-07-06 10:44:00,410,410,412,412,401300
2022-07-06 10:45:00,410,410,412,412,190800
2022-07-06 10:46:00,412,408,412,408,1160300
2022-07-06 10:47:00,408,406,410,410,733000
2022-07-06 10:48:00,410,408,410,410,541500
2022-07-06 10:49:00,410,410,412,410,133700
2022-07-06 10:50:00,410,410,414,412,1213100
2022-07-06 10:51:00,414,412,416,416,3002200
2022-07-06 10:52:00,416,416,422,420,7651300
2022-07-06 10:53:00,418,416,422,418,2976400
2022-07-06 10:54:00,418,416,420,418,729600
2022-07-06 10:55:00,420,418,420,418,1166500
2022-07-06 10:56:00,418,416,420,418,1031000
2022-07-06 10:57:00,418,416,418,418,145400
2022-07-06 10:58:00,416,414,418,414,2099400
2022-07-06 10:59:00,416,412,416,414,960900
2022-07-06 11:00:00,414,414,418,418,756500
2022-07-06 11:01:00,418,416,418,418,1031500
2022-07-06 11:02:00,418,418,420,420,192900
2022-07-06 11:03:00,418,418,422,422,1738000
2022-07-06 11:04:00,420,410,422,416,7427600
2022-07-06 11:05:00,416,412,416,414,1788300
2022-07-06 11:06:00,414,412,414,414,469100
2022-07-06 11:07:00,414,412,416,416,1506300
2022-07-06 11:08:00,414,414,416,416,671100
2022-07-06 11:09:00,416,414,416,414,616600
2022-07-06 11:10:00,414,412,414,414,205600
2022-07-06 11:11:00,414,412,414,412,100100
2022-07-06 11:12:00,414,412,414,412,1099100
2022-07-06 11:13:00,412,412,414,414,225400
2022-07-06 11:14:00,414,412,414,412,241600
2022-07-06 11:15:00,412,412,414,414,833300
2022-07-06 11:16:00,414,414,414,414,49800
2022-07-06 11:17:00,414,414,416,414,38900
2022-07-06 11:18:00,416,414,416,414,39800
2022-07-06 11:19:00,414,412,416,414,1068800
2022-07-06 11:20:00,414,414,414,414,351100
2022-07-06 11:21:00,414,412,414,414,28600
2022-07-06 11:22:00,414,414,414,414,81500
2022-07-06 11:23:00,412,412,414,412,195800
2022-07-06 11:24:00,412,412,414,414,103000
2022-07-06 11:25:00,414,412,414,414,324400
2022-07-06 11:26:00,414,414,416,416,22500
2022-07-06 11:27:00,416,414,416,414,57700
2022-07-06 11:28:00,414,414,416,414,321200
2022-07-06 11:29:00,414,414,416,416,35900
2022-07-06 11:30:00,414,414,416,416,0
2022-07-06 11:31:00,414,414,416,416,0
2022-07-06 11:32:00,414,414,416,416,0
2022-07-06 11:33:00,414,414,416,416,0
2022-07-06 11:34:00,414,414,416,416,0
2022-07-06 11:35:00,414,414,416,416,0
2022-07-06 11:36:00,414,414,416,416,0
2022-07-06 11:37:00,414,414,416,416,0
2022-07-06 11:38:00,414,414,416,416,0
2022-07-06 11:39:00,414,414,416,416,0
2022-07-06 11:40:00,414,414,416,416,0
2022-07-06 11:41:00,414,414,416,416,0
2022-07-06 11:42:00,414,414,416,416,0
2022-07-06 11:43:00,414,414,416,416,0
2022-07-06 11:44:00,414,414,416,416,0
2022-07-06 11:45:00,414,414,416,416,0
2022-07-06 11:46:00,414,414,416,416,0
2022-07-06 11:47:00,414,414,416,416,0
2022-07-06 11:48:00,414,414,416,416,0
2022-07-06 11:49:00,414,414,416,416,0
2022-07-06 11:50:00,414,414,416,416,0
2022-07-06 11:51:00,414,414,416,416,0
2022-07-06 11:52:00,414,414,416,416,0
2022-07-06 11:53:00,414,414,416,416,0
2022-07-06 11:54:00,414,414,416,416,0
2022-07-06 11:55:00,414,414,416,416,0
2022-07-06 11:56:00,414,414,416,416,0
2022-07-06 11:57:00,414,414,416,416,0
2022-07-06 11:58:00,414,414,416,416,0
2022-07-06 11:59:00,414,414,416,416,0
2022-07-06 12:00:00,414,414,416,416,0
2022-07-06 12:01:00,414,414,416,416,0
2022-07-06 12:02:00,414,414,416,416,0
2022-07-06 12:03:00,414,414,416,416,0
2022-07-06 12:04:00,414,414,416,416,0
2022-07-06 12:05:00,414,414,416,416,0
2022-07-06 12:06:00,414,414,416,416,0
2022-07-06 12:07:00,414,414,416,416,0
2022-07-06 12:08:00,414,414,416,416,0
2022-07-06 12:09:00,414,414,416,416,0
2022-07-06 12:10:00,414,414,416,416,0
2022-07-06 12:11:00,414,414,416,416,0
2022-07-06 12:12:00,414,414,416,416,0
2022-07-06 12:13:00,414,414,416,416,0
2022-07-06 12:14:00,414,414,416,416,0
2022-07-06 12:15:00,414,414,416,416,0
2022-07-06 12:16:00,414,414,416,416,0
2022-07-06 12:17:00,414,414,416,416,0
2022-07-06 12:18:00,414,414,416,416,0
2022-07-06 12:19:00,414,414,416,416,0
2022-07-06 12:20:00,414,414,416,416,0
2022-07-06 12:21:00,414,414,416,416,0
2022-07-06 12:22:00,414,414,416,416,0
2022-07-06 12:23:00,414,414,416,416,0
2022-07-06 12:24:00,414,414,416,416,0
2022-07-06 12:25:00,414,414,416,416,0
2022-07-06 12:26:00,414,414,416,416,0
2022-07-06 12:27:00,414,414,416,416,0
2022-07-06 12:28:00,414,414,416,416,0
2022-07-06 12:29:00,414,414,416,416,0
2022-07-06 12:30:00,414,414,416,416,0
2022-07-06 12:31:00,414,414,416,416,0
2022-07-06 12:32:00,414,414,416,416,0
2022-07-06 12:33:00,414,414,416,416,0
2022-07-06 12:34:00,414,414,416,416,0
2022-07-06 12:35:00,414,414,416,416,0
2022-07-06 12:36:00,414,414,416,416,0
2022-07-06 12:37:00,414,414,416,416,0
2022-07-06 12:38:00,414,414,416,416,0
2022-07-06 12:39:00,414,414,416,416,0
2022-07-06 12:40:00,414,414,416,416,0
2022-07-06 12:41:00,414,414,416,416,0
2022-07-06 12:42:00,414,414,416,416,0
2022-07-06 12:43:00,414,414,416,416,0
2022-07-06 12:44:00,414,414,416,416,0
2022-07-06 12:45:00,414,414,416,416,0
2022-07-06 12:46:00,414,414,416,416,0
2022-07-06 12:47:00,414,414,416,416,0
2022-07-06 12:48:00,414,414,416,416,0
2022-07-06 12:49:00,414,414,416,416,0
2022-07-06 12:50:00,414,414,416,416,0
2022-07-06 12:51:00,414,414,416,416,0
2022-07-06 12:52:00,414,414,416,416,0
2022-07-06 12:53:00,414,414,416,416,0
2022-07-06 12:54:00,414,414,416,416,0
2022-07-06 12:55:00,414,414,416,416,0
2022-07-06 12:56:00,414,414,416,416,0
2022-07-06 12:57:00,414,414,416,416,0
2022-07-06 12:58:00,414,414,416,416,0
2022-07-06 12:59:00,414,414,416,416,0
2022-07-06 13:00:00,414,414,416,416,0
2022-07-06 13:01:00,414,414,416,416,0
2022-07-06 13:02:00,414,414,416,416,0
2022-07-06 13:03:00,414,414,416,416,0
2022-07-06 13:04:00,414,414,416,416,0
2022-07-06 13:05:00,414,414,416,416,0
2022-07-06 13:06:00,414,414,416,416,0
2022-07-06 13:07:00,414,414,416,416,0
2022-07-06 13:08:00,414,414,416,416,0
2022-07-06 13:09:00,414,414,416,416,0
2022-07-06 13:10:00,414,414,416,416,0
2022-07-06 13:11:00,414,414,416,416,0
2022-07-06 13:12:00,414,414,416,416,0
2022-07-06 13:13:00,414,414,416,416,0
2022-07-06 13:14:00,414,414,416,416,0
2022-07-06 13:15:00,414,414,416,416,0
2022-07-06 13:16:00,414,414,416,416,0
2022-07-06 13:17:00,414,414,416,416,0
2022-07-06 13:18:00,414,414,416,416,0
2022-07-06 13:19:00,414,414,416,416,0
2022-07-06 13:20:00,414,414,416,416,0
2022-07-06 13:21:00,414,414,416,416,0
2022-07-06 13:22:00,414,414,416,416,0
2022-07-06 13:23:00,414,414,416,416,0
2022-07-06 13:24:00,414,414,416,416,0
2022-07-06 13:25:00,414,414,416,416,0
2022-07-06 13:26:00,414,414,416,416,0
2022-07-06 13:27:00,414,414,416,416,0
2022-07-06 13:28:00,414,414,416,416,0
2022-07-06 13:29:00,414,414,416,416,0
2022-07-06 13:30:00,416,414,418,418,2509400
2022-07-06 13:31:00,418,418,424,422,5450300
2022-07-06 13:32:00,422,422,426,426,6181400
2022-07-06 13:33:00,426,422,426,424,1555000
2022-07-06 13:34:00,424,424,428,428,2662300
2022-07-06 13:35:00,428,424,428,424,4136900
2022-07-06 13:36:00,424,422,426,424,925800
2022-07-06 13:37:00,424,422,426,424,1322100
2022-07-06 13:38:00,426,422,426,424,1557300
2022-07-06 13:39:00,424,424,426,424,1597700
2022-07-06 13:40:00,424,422,424,424,482700
2022-07-06 13:41:00,424,418,424,418,2625500
2022-07-06 13:42:00,420,418,422,420,778800
2022-07-06 13:43:00,420,420,424,422,692000
2022-07-06 13:44:00,422,420,424,424,445900
2022-07-06 13:45:00,424,422,424,422,284800
2022-07-06 13:46:00,422,422,426,424,1204500
2022-07-06 13:47:00,426,424,426,424,255800
2022-07-06 13:48:00,424,422,424,422,676000
2022-07-06 13:49:00,424,420,424,422,1280800
2022-07-06 13:50:00,422,422,424,424,1439400
2022-07-06 13:51:00,422,422,426,424,2115600
2022-07-06 13:52:00,426,424,426,426,131200
2022-07-06 13:53:00,426,422,426,424,1227200
2022-07-06 13:54:00,424,420,426,422,1510800
2022-07-06 13:55:00,422,420,422,422,219500
2022-07-06 13:56:00,422,420,422,422,441700
2022-07-06 13:57:00,422,420,422,422,629400
2022-07-06 13:58:00,422,420,424,422,377600
2022-07-06 13:59:00,424,422,424,424,89800
2022-07-06 14:00:00,422,422,424,424,63400
2022-07-06 14:01:00,422,422,424,422,786000
2022-07-06 14:02:00,422,422,424,422,253000
2022-07-06 14:03:00,422,422,424,424,34000
2022-07-06 14:04:00,422,422,424,422,208400
2022-07-06 14:05:00,422,422,424,422,83100
2022-07-06 14:06:00,422,422,424,422,210600
2022-07-06 14:07:00,422,422,426,426,3061000
2022-07-06 14:08:00,426,426,428,428,1374100
2022-07-06 14:09:00,428,426,428,428,142300
2022-07-06 14:10:00,426,422,428,422,2814700
2022-07-06 14:11:00,422,422,424,424,121900
2022-07-06 14:12:00,424,422,424,424,140400
2022-07-06 14:13:00,424,422,424,422,36400
2022-07-06 14:14:00,422,418,422,420,6027600
2022-07-06 14:15:00,420,414,420,414,3210500
2022-07-06 14:16:00,414,412,416,414,1922400
2022-07-06 14:17:00,414,414,416,416,1086100
2022-07-06 14:18:00,416,414,416,414,1063700
2022-07-06 14:19:00,416,414,416,416,366000
2022-07-06 14:20:00,416,414,418,418,310000
2022-07-06 14:21:00,416,416,418,418,34600
2022-07-06 14:22:00,418,416,420,418,498500
2022-07-06 14:23:00,418,418,420,420,182500
2022-07-06 14:24:00,420,418,420,420,75000
2022-07-06 14:25:00,420,416,420,416,1075400
2022-07-06 14:26:00,416,416,418,416,868500
2022-07-06 14:27:00,416,416,418,416,275900
2022-07-06 14:28:00,416,416,418,418,78900
2022-07-06 14:29:00,418,416,418,416,170500
2022-07-06 14:30:00,416,416,416,416,207000
2022-07-06 14:31:00,418,416,418,418,228500
2022-07-06 14:32:00,418,416,418,416,18900
2022-07-06 14:33:00,416,416,420,418,1219000
2022-07-06 14:34:00,418,418,420,418,310000
2022-07-06 14:35:00,420,418,420,420,164500
2022-07-06 14:36:00,420,418,422,422,1106800
2022-07-06 14:37:00,420,420,422,422,1122300
2022-07-06 14:38:00,422,422,422,422,267500
2022-07-06 14:39:00,422,422,424,424,67500
2022-07-06 14:40:00,424,422,424,422,258500
2022-07-06 14:41:00,422,420,422,422,263600
2022-07-06 14:42:00,422,420,422,420,411200
2022-07-06 14:43:00,420,420,422,420,204600
2022-07-06 14:44:00,420,418,420,420,300800
2022-07-06 14:45:00,420,420,422,422,411800
2022-07-06 14:46:00,422,420,422,422,1463400
2022-07-06 14:47:00,422,420,422,422,555200
2022-07-06 14:48:00,422,420,422,420,238200
2022-07-06 14:49:00,420,420,422,422,1596300
2022-07-06 14:50:00,420,420,422,422,0
2022-07-06 14:51:00,420,420,422,422,0
2022-07-06 14:52:00,420,420,422,422,0
2022-07-06 14:53:00,420,420,422,422,0
2022-07-06 14:54:00,420,420,422,422,0
2022-07-06 14:55:00,420,420,422,422,0
2022-07-06 14:56:00,420,420,422,422,0
2022-07-06 14:57:00,420,420,422,422,0
2022-07-06 14:58:00,420,420,422,422,0
2022-07-06 14:59:00,420,420,422,422,0
2022-07-06 15:00:00,422,422,422,422,6534000
2022-07-06 15:01:00,422,422,422,422,281000
2022-07-06 15:02:00,422,422,422,422,91500
2022-07-06 15:03:00,422,422,422,422,612800
2022-07-06 15:04:00,422,422,422,422,67400
2022-07-06 15:05:00,422,422,422,422,14900
2022-07-06 15:06:00,422,422,422,422,56100
2022-07-06 15:07:00,422,422,422,422,217000
2022-07-06 15:08:00,422,422,422,422,561500
2022-07-06 15:09:00,422,422,422,422,0
2022-07-06 15:10:00,422,422,422,422,223700
2022-07-06 15:11:00,422,422,422,422,40800
2022-07-06 15:12:00,422,422,422,422,74200
2022-07-06 15:13:00,422,422,422,422,26200
2022-07-06 15:14:00,422,422,422,422,266762800
2022-07-06 15:15:00,422,422,422,422,0
2022-07-06 15:16:00,422,422,422,422,0
2022-07-06 15:17:00,422,422,422,422,0
2022-07-06 15:18:00,422,422,422,422,0
2022-07-06 15:19:00,422,422,422,422,0
2022-07-06 15:20:00,422,422,422,422,0
2022-07-06 15:21:00,422,422,422,422,0
2022-07-06 15:22:00,422,422,422,422,0
2022-07-06 15:23:00,422,422,422,422,0
2022-07-06 15:24:00,422,422,422,422,0
2022-07-06 15:25:00,422,422,422,422,0
2022-07-06 15:26:00,422,422,422,422,0
2022-07-06 15:27:00,422,422,422,422,0
2022-07-06 15:28:00,422,422,422,422,0
2022-07-06 15:29:00,422,422,422,422,0
2022-07-06 15:30:00,422,422,422,422,0
2022-07-06 15:31:00,422,422,422,422,0
2022-07-06 15:32:00,422,422,422,422,0
2022-07-06 15:33:00,422,422,422,422,0
2022-07-06 15:34:00,422,422,422,422,0
2022-07-06 15:35:00,422,422,422,422,0
2022-07-06 15:36:00,422,422,422,422,0
2022-07-06 15:37:00,422,422,422,422,0
2022-07-06 15:38:00,422,422,422,422,0
2022-07-06 15:39:00,422,422,422,422,0
2022-07-06 15:40:00,422,422,422,422,0
2022-07-06 15:41:00,422,422,422,422,0
2022-07-06 15:42:00,422,422,422,422,0
2022-07-06 15:43:00,422,422,422,422,0
2022-07-06 15:44:00,422,422,422,422,0
2022-07-06 15:45:00,422,422,422,422,0
2022-07-06 15:46:00,422,422,422,422,0
2022-07-06 15:47:00,422,422,422,422,0
2022-07-06 15:48:00,422,422,422,422,0
2022-07-06 15:49:00,422,422,422,422,0
2022-07-06 15:50:00,422,422,422,422,0
2022-07-06 15:51:00,422,422,422,422,0
2022-07-06 15:52:00,422,422,422,422,0
2022-07-06 15:53:00,422,422,422,422,0
2022-07-06 15:54:00,422,422,422,422,0
2022-07-06 15:55:00,422,422,422,422,0
2022-07-06 15:56:00,422,422,422,422,0
2022-07-06 15:57:00,422,422,422,422,0
2022-07-06 15:58:00,422,422,422,422,0
2022-07-06 15:59:00,422,422,422,422,0
2022-07-07 09:00:00,422,416,424,418,0
2022-07-07 09:01:00,418,414,420,416,2008800
2022-07-07 09:02:00,414,414,424,422,2012900
2022-07-07 09:03:00,422,422,428,428,1435500
2022-07-07 09:04:00,428,426,430,428,2858100
2022-07-07 09:05:00,430,428,438,430,9644800
2022-07-07 09:06:00,432,430,434,434,2419100
2022-07-07 09:07:00,434,430,434,432,2531400
2022-07-07 09:08:00,434,432,436,434,2020700
2022-07-07 09:09:00,434,432,436,436,2015900
2022-07-07 09:10:00,434,430,436,430,2925100
2022-07-07 09:11:00,432,430,432,432,2083300
2022-07-07 09:12:00,432,430,434,432,447600
2022-07-07 09:13:00,432,432,434,432,274600
2022-07-07 09:14:00,432,430,432,430,468800
2022-07-07 09:15:00,430,426,432,426,3522700
2022-07-07 09:16:00,426,426,430,430,923400
2022-07-07 09:17:00,430,428,430,430,221000
2022-07-07 09:18:00,428,428,430,428,233500
2022-07-07 09:19:00,428,428,430,428,498900
2022-07-07 09:20:00,430,428,430,430,378100
2022-07-07 09:21:00,428,428,432,430,752100
2022-07-07 09:22:00,430,430,432,430,1124600
2022-07-07 09:23:00,430,428,430,430,339600
2022-07-07 09:24:00,430,428,430,430,189000
2022-07-07 09:25:00,430,428,430,428,177500
2022-07-07 09:26:00,428,428,430,430,110600
2022-07-07 09:27:00,430,428,430,428,338400
2022-07-07 09:28:00,428,428,430,430,394000
2022-07-07 09:29:00,430,430,432,430,532400
2022-07-07 09:30:00,430,430,432,432,760700
2022-07-07 09:31:00,432,430,432,432,257000
2022-07-07 09:32:00,432,430,432,430,42900
2022-07-07 09:33:00,430,428,432,430,348300
2022-07-07 09:34:00,430,426,430,426,1114400
2022-07-07 09:35:00,426,426,430,430,214700
2022-07-07 09:36:00,428,428,430,428,370700
2022-07-07 09:37:00,428,426,428,426,782700
2022-07-07 09:38:00,426,426,428,428,766900
2022-07-07 09:39:00,428,428,428,428,439200
2022-07-07 09:40:00,430,428,430,430,41600
2022-07-07 09:41:00,428,428,430,428,31600
2022-07-07 09:42:00,428,428,430,428,122200
2022-07-07 09:43:00,428,428,432,430,457400
2022-07-07 09:44:00,430,430,430,430,373100
2022-07-07 09:45:00,430,430,434,432,1271300
2022-07-07 09:46:00,432,432,436,436,2471700
2022-07-07 09:47:00,436,436,440,438,5536000
2022-07-07 09:48:00,440,438,442,438,6097700
2022-07-07 09:49:00,438,438,442,438,3220300
2022-07-07 09:50:00,438,438,442,440,2130200
2022-07-07 09:51:00,440,438,440,440,669000
2022-07-07 09:52:00,440,436,440,436,2563200
2022-07-07 09:53:00,436,434,438,436,462400
2022-07-07 09:54:00,436,434,438,438,471300
2022-07-07 09:55:00,438,436,438,438,83400
2022-07-07 09:56:00,438,436,438,438,140700
2022-07-07 09:57:00,438,436,440,438,909400
2022-07-07 09:58:00,438,438,440,438,158800
2022-07-07 09:59:00,438,438,442,440,1234100
2022-07-07 10:00:00,440,440,442,442,65600
2022-07-07 10:01:00,442,440,442,440,700200
2022-07-07 10:02:00,440,438,440,440,234200
2022-07-07 10:03:00,438,438,444,444,4057400
2022-07-07 10:04:00,442,442,454,448,15782700
2022-07-07 10:05:00,450,446,452,448,4609700
2022-07-07 10:06:00,448,444,450,450,4244300
2022-07-07 10:07:00,450,450,454,452,2593800
2022-07-07 10:08:00,452,450,454,452,1124800
2022-07-07 10:09:00,452,448,452,452,1566600
2022-07-07 10:10:00,452,450,452,452,527400
2022-07-07 10:11:00,452,446,452,450,1600900
2022-07-07 10:12:00,450,448,450,450,1073900
2022-07-07 10:13:00,448,448,452,452,911000
2022-07-07 10:14:00,452,450,456,454,2471700
2022-07-07 10:15:00,452,452,460,460,2185800
2022-07-07 10:16:00,460,458,460,460,1414100
2022-07-07 10:17:00,460,456,462,458,2509400
2022-07-07 10:18:00,458,454,458,458,1905300
2022-07-07 10:19:00,458,456,460,458,1023500
2022-07-07 10:20:00,458,456,462,460,3009500
2022-07-07 10:21:00,460,456,460,458,952300
2022-07-07 10:22:00,458,456,460,458,1089100
2022-07-07 10:23:00,458,456,460,458,608300
2022-07-07 10:24:00,458,458,460,458,1554800
2022-07-07 10:25:00,460,456,460,458,1738700
2022-07-07 10:26:00,458,458,460,458,521600
2022-07-07 10:27:00,458,456,460,458,1043700
2022-07-07 10:28:00,458,456,458,458,94100
2022-07-07 10:29:00,456,456,458,458,106900
2022-07-07 10:30:00,456,454,458,458,1268200
2022-07-07 10:31:00,456,456,458,456,47900
2022-07-07 10:32:00,458,456,458,456,362700
2022-07-07 10:33:00,456,454,456,454,813700
2022-07-07 10:34:00,454,454,456,456,359600
2022-07-07 10:35:00,454,450,456,450,2459200
2022-07-07 10:36:00,450,450,454,452,1819900
2022-07-07 10:37:00,452,452,456,456,1283100
2022-07-07 10:38:00,456,456,458,458,755300
2022-07-07 10:39:00,458,454,458,456,916500
2022-07-07 10:40:00,456,454,458,454,685700
2022-07-07 10:41:00,454,452,454,454,2310900
2022-07-07 10:42:00,454,452,454,452,1582000
2022-07-07 10:43:00,452,450,454,452,1662100
2022-07-07 10:44:00,452,452,454,452,793300
2022-07-07 10:45:00,454,454,456,454,134600
2022-07-07 10:46:00,454,454,454,454,179500
2022-07-07 10:47:00,454,452,454,454,171900
2022-07-07 10:48:00,454,452,454,452,785400
2022-07-07 10:49:00,452,450,454,452,266400
2022-07-07 10:50:00,452,450,452,450,282200
2022-07-07 10:51:00,450,450,452,450,112600
2022-07-07 10:52:00,450,446,452,446,6523400
2022-07-07 10:53:00,446,446,450,450,536000
2022-07-07 10:54:00,450,448,450,448,77200
2022-07-07 10:55:00,448,448,450,448,408200
2022-07-07 10:56:00,448,448,450,448,274800
2022-07-07 10:57:00,448,446,448,446,463800
2022-07-07 10:58:00,446,444,446,446,977300
2022-07-07 10:59:00,446,444,446,444,1234800
2022-07-07 11:00:00,444,438,446,438,4394300
2022-07-07 11:01:00,438,436,442,442,4398900
2022-07-07 11:02:00,440,440,442,442,1164000
2022-07-07 11:03:00,442,438,442,438,1919900
2022-07-07 11:04:00,438,436,440,438,462200
2022-07-07 11:05:00,436,428,438,432,4750800
2022-07-07 11:06:00,432,432,436,434,2202500
2022-07-07 11:07:00,434,432,436,436,1426000
2022-07-07 11:08:00,436,434,438,438,749400
2022-07-07 11:09:00,438,436,440,438,483200
2022-07-07 11:10:00,438,438,442,440,1162500
2022-07-07 11:11:00,442,438,442,440,1102700
2022-07-07 11:12:00,440,438,442,442,319100
2022-07-07 11:13:00,440,440,442,440,74700
2022-07-07 11:14:00,442,438,442,440,576600
2022-07-07 11:15:00,440,440,442,440,675500
2022-07-07 11:16:00,440,438,440,438,645200
2022-07-07 11:17:00,438,432,438,432,1637100
2022-07-07 11:18:00,432,432,436,436,363600
2022-07-07 11:19:00,436,434,438,438,199500
2022-07-07 11:20:00,438,434,438,436,706800
2022-07-07 11:21:00,436,436,438,436,296900
2022-07-07 11:22:00,436,432,436,434,2243900
2022-07-07 11:23:00,434,434,438,436,122500
2022-07-07 11:24:00,436,436,438,436,165700
2022-07-07 11:25:00,436,434,436,434,422900
2022-07-07 11:26:00,434,432,436,434,642000
2022-07-07 11:27:00,432,430,434,432,1014200
2022-07-07 11:28:00,432,430,432,432,931500
2022-07-07 11:29:00,432,432,434,434,107800
2022-07-07 11:30:00,432,432,434,434,0
2022-07-07 11:31:00,432,432,434,434,0
2022-07-07 11:32:00,432,432,434,434,0
2022-07-07 11:33:00,432,432,434,434,0
2022-07-07 11:34:00,432,432,434,434,0
2022-07-07 11:35:00,432,432,434,434,0
2022-07-07 11:36:00,432,432,434,434,0
2022-07-07 11:37:00,432,432,434,434,0
2022-07-07 11:38:00,432,432,434,434,0
2022-07-07 11:39:00,432,432,434,434,0
2022-07-07 11:40:00,432,432,434,434,0
2022-07-07 11:41:00,432,432,434,434,0
2022-07-07 11:42:00,432,432,434,434,0
2022-07-07 11:43:00,432,432,434,434,0
2022-07-07 11:44:00,432,432,434,434,0
2022-07-07 11:45:00,432,432,434,434,0
2022-07-07 11:46:00,432,432,434,434,0
2022-07-07 11:47:00,432,432,434,434,0
2022-07-07 11:48:00,432,432,434,434,0
2022-07-07 11:49:00,432,432,434,434,0
2022-07-07 11:50:00,432,432,434,434,0
2022-07-07 11:51:00,432,432,434,434,0
2022-07-07 11:52:00,432,432,434,434,0
2022-07-07 11:53:00,432,432,434,434,0
2022-07-07 11:54:00,432,432,434,434,0
2022-07-07 11:55:00,432,432,434,434,0
2022-07-07 11:56:00,432,432,434,434,0
2022-07-07 11:57:00,432,432,434,434,0
2022-07-07 11:58:00,432,432,434,434,0
2022-07-07 11:59:00,432,432,434,434,0
2022-07-07 12:00:00,432,432,434,434,0
2022-07-07 12:01:00,432,432,434,434,0
2022-07-07 12:02:00,432,432,434,434,0
2022-07-07 12:03:00,432,432,434,434,0
2022-07-07 12:04:00,432,432,434,434,0
2022-07-07 12:05:00,432,432,434,434,0
2022-07-07 12:06:00,432,432,434,434,0
2022-07-07 12:07:00,432,432,434,434,0
2022-07-07 12:08:00,432,432,434,434,0
2022-07-07 12:09:00,432,432,434,434,0
2022-07-07 12:10:00,432,432,434,434,0
2022-07-07 12:11:00,432,432,434,434,0
2022-07-07 12:12:00,432,432,434,434,0
2022-07-07 12:13:00,432,432,434,434,0
2022-07-07 12:14:00,432,432,434,434,0
2022-07-07 12:15:00,432,432,434,434,0
2022-07-07 12:16:00,432,432,434,434,0
2022-07-07 12:17:00,432,432,434,434,0
2022-07-07 12:18:00,432,432,434,434,0
2022-07-07 12:19:00,432,432,434,434,0
2022-07-07 12:20:00,432,432,434,434,0
2022-07-07 12:21:00,432,432,434,434,0
2022-07-07 12:22:00,432,432,434,434,0
2022-07-07 12:23:00,432,432,434,434,0
2022-07-07 12:24:00,432,432,434,434,0
2022-07-07 12:25:00,432,432,434,434,0
2022-07-07 12:26:00,432,432,434,434,0
2022-07-07 12:27:00,432,432,434,434,0
2022-07-07 12:28:00,432,432,434,434,0
2022-07-07 12:29:00,432,432,434,434,0
2022-07-07 12:30:00,432,432,434,434,0
2022-07-07 12:31:00,432,432,434,434,0
2022-07-07 12:32:00,432,432,434,434,0
2022-07-07 12:33:00,432,432,434,434,0
2022-07-07 12:34:00,432,432,434,434,0
2022-07-07 12:35:00,432,432,434,434,0
2022-07-07 12:36:00,432,432,434,434,0
2022-07-07 12:37:00,432,432,434,434,0
2022-07-07 12:38:00,432,432,434,434,0
2022-07-07 12:39:00,432,432,434,434,0
2022-07-07 12:40:00,432,432,434,434,0
2022-07-07 12:41:00,432,432,434,434,0
2022-07-07 12:42:00,432,432,434,434,0
2022-07-07 12:43:00,432,432,434,434,0
2022-07-07 12:44:00,432,432,434,434,0
2022-07-07 12:45:00,432,432,434,434,0
2022-07-07 12:46:00,432,432,434,434,0
2022-07-07 12:47:00,432,432,434,434,0
2022-07-07 12:48:00,432,432,434,434,0
2022-07-07 12:49:00,432,432,434,434,0
2022-07-07 12:50:00,432,432,434,434,0
2022-07-07 12:51:00,432,432,434,434,0
2022-07-07 12:52:00,432,432,434,434,0
2022-07-07 12:53:00,432,432,434,434,0
2022-07-07 12:54:00,432,432,434,434,0
2022-07-07 12:55:00,432,432,434,434,0
2022-07-07 12:56:00,432,432,434,434,0
2022-07-07 12:57:00,432,432,434,434,0
2022-07-07 12:58:00,432,432,434,434,0
2022-07-07 12:59:00,432,432,434,434,0
2022-07-07 13:00:00,432,432,434,434,0
2022-07-07 13:01:00,432,432,434,434,0
2022-07-07 13:02:00,432,432,434,434,0
2022-07-07 13:03:00,432,432,434,434,0
2022-07-07 13:04:00,432,432,434,434,0
2022-07-07 13:05:00,432,432,434,434,0
2022-07-07 13:06:00,432,432,434,434,0
2022-07-07 13:07:00,432,432,434,434,0
2022-07-07 13:08:00,432,432,434,434,0
2022-07-07 13:09:00,432,432,434,434,0
2022-07-07 13:10:00,432,432,434,434,0
2022-07-07 13:11:00,432,432,434,434,0
2022-07-07 13:12:00,432,432,434,434,0
2022-07-07 13:13:00,432,432,434,434,0
2022-07-07 13:14:00,432,432,434,434,0
2022-07-07 13:15:00,432,432,434,434,0
2022-07-07 13:16:00,432,432,434,434,0
2022-07-07 13:17:00,432,432,434,434,0
2022-07-07 13:18:00,432,432,434,434,0
2022-07-07 13:19:00,432,432,434,434,0
2022-07-07 13:20:00,432,432,434,434,0
2022-07-07 13:21:00,432,432,434,434,0
2022-07-07 13:22:00,432,432,434,434,0
2022-07-07 13:23:00,432,432,434,434,0
2022-07-07 13:24:00,432,432,434,434,0
2022-07-07 13:25:00,432,432,434,434,0
2022-07-07 13:26:00,432,432,434,434,0
2022-07-07 13:27:00,432,432,434,434,0
2022-07-07 13:28:00,432,432,434,434,0
2022-07-07 13:29:00,432,432,434,434,0
2022-07-07 13:30:00,434,432,434,432,607600
2022-07-07 13:31:00,432,432,436,436,216300
2022-07-07 13:32:00,436,434,436,436,145300
2022-07-07 13:33:00,436,434,436,436,148100
2022-07-07 13:34:00,436,436,442,442,1238200
2022-07-07 13:35:00,442,438,444,440,2360300
2022-07-07 13:36:00,440,438,444,442,770500
2022-07-07 13:37:00,442,442,444,444,265400
2022-07-07 13:38:00,442,442,444,442,737800
2022-07-07 13:39:00,442,442,444,444,612400
2022-07-07 13:40:00,444,442,444,444,49200
2022-07-07 13:41:00,444,442,444,444,302500
2022-07-07 13:42:00,444,442,444,442,1166300
2022-07-07 13:43:00,442,436,442,438,2182000
2022-07-07 13:44:00,438,438,440,440,88800
2022-07-07 13:45:00,440,438,440,440,418400
2022-07-07 13:46:00,440,440,442,442,45200
2022-07-07 13:47:00,442,442,444,444,326700
2022-07-07 13:48:00,442,442,448,448,1681800
2022-07-07 13:49:00,448,448,452,452,2390600
2022-07-07 13:50:00,452,448,452,450,2657000
2022-07-07 13:51:00,450,448,452,450,459900
2022-07-07 13:52:00,448,448,450,448,1205900
2022-07-07 13:53:00,448,448,450,450,111600
2022-07-07 13:54:00,448,446,448,448,373000
2022-07-07 13:55:00,446,446,448,446,706500
2022-07-07 13:56:00,446,444,446,446,307800
2022-07-07 13:57:00,446,444,448,448,755800
2022-07-07 13:58:00,448,448,450,448,334600
2022-07-07 13:59:00,448,448,452,450,1065900
2022-07-07 14:00:00,452,450,456,454,3428000
2022-07-07 14:01:00,454,452,458,458,2863500
2022-07-07 14:02:00,456,456,460,458,4575000
2022-07-07 14:03:00,458,456,460,456,3583400
2022-07-07 14:04:00,456,454,458,456,712100
2022-07-07 14:05:00,456,456,456,456,296800
2022-07-07 14:06:00,456,452,456,452,1231900
2022-07-07 14:07:00,454,452,454,454,309700
2022-07-07 14:08:00,454,454,458,456,437900
2022-07-07 14:09:00,458,452,458,454,1007600
2022-07-07 14:10:00,454,454,456,454,443300
2022-07-07 14:11:00,454,450,454,450,1540700
2022-07-07 14:12:00,452,448,452,450,1340500
2022-07-07 14:13:00,450,448,450,448,447700
2022-07-07 14:14:00,448,446,450,446,1021100
2022-07-07 14:15:00,446,446,452,452,1108000
2022-07-07 14:16:00,450,450,452,452,112000
2022-07-07 14:17:00,452,450,454,452,569500
2022-07-07 14:18:00,452,450,452,450,154500
2022-07-07 14:19:00,450,450,456,456,1167900
2022-07-07 14:20:00,456,450,456,452,601800
2022-07-07 14:21:00,452,452,454,454,94900
2022-07-07 14:22:00,454,452,454,452,31200
2022-07-07 14:23:00,452,452,452,452,310500
2022-07-07 14:24:00,452,450,452,450,54000
2022-07-07 14:25:00,452,450,452,450,54600
2022-07-07 14:26:00,450,450,452,452,528500
2022-07-07 14:27:00,452,448,452,448,1163100
2022-07-07 14:28:00,448,448,454,454,281100
2022-07-07 14:29:00,452,450,452,450,71000
2022-07-07 14:30:00,450,450,452,450,15200
2022-07-07 14:31:00,450,450,452,450,163800
2022-07-07 14:32:00,450,450,450,450,49500
2022-07-07 14:33:00,450,450,454,454,581700
2022-07-07 14:34:00,452,452,454,452,135300
2022-07-07 14:35:00,452,450,452,450,479900
2022-07-07 14:36:00,450,450,452,452,153100
2022-07-07 14:37:00,452,452,454,454,462900
2022-07-07 14:38:00,452,450,454,452,522700
2022-07-07 14:39:00,452,450,452,452,179200
2022-07-07 14:40:00,452,452,454,452,323700
2022-07-07 14:41:00,452,452,456,456,2045400
2022-07-07 14:42:00,454,454,456,454,472900
2022-07-07 14:43:00,454,454,456,456,509300
2022-07-07 14:44:00,456,454,458,456,1486800
2022-07-07 14:45:00,456,454,456,456,618700
2022-07-07 14:46:00,456,450,456,452,2237600
2022-07-07 14:47:00,452,452,456,454,641800
2022-07-07 14:48:00,454,450,456,452,943200
2022-07-07 14:49:00,452,450,454,452,2712500
2022-07-07 14:50:00,452,450,454,452,0
2022-07-07 14:51:00,452,450,454,452,0
2022-07-07 14:52:00,452,450,454,452,0
2022-07-07 14:53:00,452,450,454,452,0
2022-07-07 14:54:00,452,450,454,452,0
2022-07-07 14:55:00,452,450,454,452,0
2022-07-07 14:56:00,452,450,454,452,0
2022-07-07 14:57:00,452,450,454,452,0
2022-07-07 14:58:00,452,450,454,452,0
2022-07-07 14:59:00,452,450,454,452,0
2022-07-07 15:00:00,454,454,454,454,10788400
2022-07-07 15:01:00,454,454,454,454,1071000
2022-07-07 15:02:00,454,454,454,454,155700
2022-07-07 15:03:00,454,454,454,454,381700
2022-07-07 15:04:00,454,454,454,454,1159400
2022-07-07 15:05:00,454,454,454,454,514000
2022-07-07 15:06:00,454,454,454,454,370000
2022-07-07 15:07:00,454,454,454,454,70500
2022-07-07 15:08:00,454,454,454,454,166900
2022-07-07 15:09:00,454,454,454,454,49300
2022-07-07 15:10:00,454,454,454,454,156000
2022-07-07 15:11:00,454,454,454,454,32600
2022-07-07 15:12:00,454,454,454,454,30700
2022-07-07 15:13:00,454,454,454,454,17700
2022-07-07 15:14:00,454,454,454,454,287805800
2022-07-07 15:15:00,454,454,454,454,0
2022-07-07 15:16:00,454,454,454,454,0
2022-07-07 15:17:00,454,454,454,454,0
2022-07-07 15:18:00,454,454,454,454,0
2022-07-07 15:19:00,454,454,454,454,0
2022-07-07 15:20:00,454,454,454,454,0
2022-07-07 15:21:00,454,454,454,454,0
2022-07-07 15:22:00,454,454,454,454,0
2022-07-07 15:23:00,454,454,454,454,0
2022-07-07 15:24:00,454,454,454,454,0
2022-07-07 15:25:00,454,454,454,454,0
2022-07-07 15:26:00,454,454,454,454,0
2022-07-07 15:27:00,454,454,454,454,0
2022-07-07 15:28:00,454,454,454,454,0
2022-07-07 15:29:00,454,454,454,454,0
2022-07-07 15:30:00,454,454,454,454,0
2022-07-07 15:31:00,454,454,454,454,0
2022-07-07 15:32:00,454,454,454,454,0
2022-07-07 15:33:00,454,454,454,454,0
2022-07-07 15:34:00,454,454,454,454,0
2022-07-07 15:35:00,454,454,454,454,0
2022-07-07 15:36:00,454,454,454,454,0
2022-07-07 15:37:00,454,454,454,454,0
2022-07-07 15:38:00,454,454,454,454,0
2022-07-07 15:39:00,454,454,454,454,0
2022-07-07 15:40:00,454,454,454,454,0
2022-07-07 15:41:00,454,454,454,454,0
2022-07-07 15:42:00,454,454,454,454,0
2022-07-07 15:43:00,454,454,454,454,0
2022-07-07 15:44:00,454,454,454,454,0
2022-07-07 15:45:00,454,454,454,454,0
2022-07-07 15:46:00,454,454,454,454,0
2022-07-07 15:47:00,454,454,454,454,0
2022-07-07 15:48:00,454,454,454,454,0
2022-07-07 15:49:00,454,454,454,454,0
2022-07-07 15:50:00,454,454,454,454,0
2022-07-07 15:51:00,454,454,454,454,0
2022-07-07 15:52:00,454,454,454,454,0
2022-07-07 15:53:00,454,454,454,454,0
2022-07-07 15:54:00,454,454,454,454,0
2022-07-07 15:55:00,454,454,454,454,0
2022-07-07 15:56:00,454,454,454,454,0
2022-07-07 15:57:00,454,454,454,454,0
2022-07-07 15:58:00,454,454,454,454,0
2022-07-07 15:59:00,454,454,454,454,0
2022-07-08 09:00:00,460,454,462,462,0
2022-07-08 09:01:00,462,462,468,466,4468100
2022-07-08 09:02:00,468,464,470,468,5649200
2022-07-08 09:03:00,468,468,474,472,7817600
2022-07-08 09:04:00,472,468,472,472,4842000
2022-07-08 09:05:00,470,464,472,464,5731200
2022-07-08 09:06:00,464,458,466,462,4131000
2022-07-08 09:07:00,460,460,462,462,2152700
2022-07-08 09:08:00,462,458,464,460,3174000
2022-07-08 09:09:00,460,450,460,450,4845800
2022-07-08 09:10:00,450,448,460,460,2508900
2022-07-08 09:11:00,460,458,462,458,2069200
2022-07-08 09:12:00,458,452,458,454,1631700
2022-07-08 09:13:00,456,454,456,454,897300
2022-07-08 09:14:00,454,454,456,454,69600
2022-07-08 09:15:00,456,454,456,456,283700
2022-07-08 09:16:00,456,454,458,456,596400
2022-07-08 09:17:00,456,456,458,458,200200
2022-07-08 09:18:00,458,456,458,456,257300
2022-07-08 09:19:00,458,456,458,458,65600
2022-07-08 09:20:00,458,454,458,454,2106100
2022-07-08 09:21:00,454,450,454,452,1598600
2022-07-08 09:22:00,452,452,458,456,1645600
2022-07-08 09:23:00,456,454,456,456,225400
2022-07-08 09:24:00,456,454,456,456,171500
2022-07-08 09:25:00,456,454,456,456,143800
2022-07-08 09:26:00,456,454,456,454,238000
2022-07-08 09:27:00,454,454,456,454,1352900
2022-07-08 09:28:00,454,452,454,452,528100
2022-07-08 09:29:00,452,450,454,452,1887100
2022-07-08 09:30:00,452,452,456,452,195000
2022-07-08 09:31:00,452,452,456,454,1355300
2022-07-08 09:32:00,456,454,456,454,336800
2022-07-08 09:33:00,454,454,456,454,48800
2022-07-08 09:34:00,454,452,454,452,466000
2022-07-08 09:35:00,452,452,454,454,231900
2022-07-08 09:36:00,454,452,456,456,707900
2022-07-08 09:37:00,454,452,454,454,1597700
2022-07-08 09:38:00,452,452,454,454,14900
2022-07-08 09:39:00,452,452,454,454,648000
2022-07-08 09:40:00,454,454,456,454,0
2022-07-08 09:41:00,454,454,456,454,133500
2022-07-08 09:42:00,454,454,454,454,311300
2022-07-08 09:43:00,454,454,456,456,505200
2022-07-08 09:44:00,454,454,456,454,169600
2022-07-08 09:45:00,454,454,456,456,101900
2022-07-08 09:46:00,456,454,458,458,1330900
2022-07-08 09:47:00,458,456,458,458,68100
2022-07-08 09:48:00,456,456,460,460,1106700
2022-07-08 09:49:00,462,460,470,466,10670200
2022-07-08 09:50:00,466,464,478,472,12931500
2022-07-08 09:51:00,470,468,476,474,4471800
2022-07-08 09:52:00,474,474,482,478,7344900
2022-07-08 09:53:00,478,474,478,474,2227200
2022-07-08 09:54:00,474,466,476,472,4150500
2022-07-08 09:55:00,474,466,474,468,2852700
2022-07-08 09:56:00,466,466,470,468,1271300
2022-07-08 09:57:00,470,468,472,468,1488800
2022-07-08 09:58:00,470,464,470,464,1609000
2022-07-08 09:59:00,464,462,466,462,2997000
2022-07-08 10:00:00,460,460,466,464,2018800
2022-07-08 10:01:00,464,464,466,464,557100
2022-07-08 10:02:00,464,464,466,466,473100
2022-07-08 10:03:00,466,464,466,464,677200
2022-07-08 10:04:00,464,462,466,466,558800
2022-07-08 10:05:00,466,462,466,464,1266700
2022-07-08 10:06:00,464,464,466,466,998400
2022-07-08 10:07:00,466,464,466,466,60200
2022-07-08 10:08:00,466,464,468,466,367000
2022-07-08 10:09:00,466,466,470,468,512100
2022-07-08 10:10:00,470,468,472,470,1405300
2022-07-08 10:11:00,472,470,472,470,1153800
2022-07-08 10:12:00,470,470,472,470,194500
2022-07-08 10:13:00,470,470,472,470,706100
2022-07-08 10:14:00,470,468,470,468,395200
2022-07-08 10:15:00,468,468,472,470,743300
2022-07-08 10:16:00,472,470,474,474,405900
2022-07-08 10:17:00,472,470,472,472,375500
2022-07-08 10:18:00,472,472,474,474,204700
2022-07-08 10:19:00,474,472,474,474,196900
2022-07-08 10:20:00,474,472,474,472,93100
2022-07-08 10:21:00,472,472,474,472,27800
2022-07-08 10:22:00,472,470,474,470,1769100
2022-07-08 10:23:00,470,470,472,472,229300
2022-07-08 10:24:00,472,470,472,472,44300
2022-07-08 10:25:00,470,470,472,472,284800
2022-07-08 10:26:00,472,472,474,474,273300
2022-07-08 10:27:00,474,472,474,474,22500
2022-07-08 10:28:00,474,472,474,474,951300
2022-07-08 10:29:00,476,474,476,474,725600
2022-07-08 10:30:00,474,474,476,474,761300
2022-07-08 10:31:00,476,474,476,476,133200
2022-07-08 10:32:00,474,474,476,474,50800
2022-07-08 10:33:00,474,474,478,478,1939200
2022-07-08 10:34:00,478,476,480,480,2350900
2022-07-08 10:35:00,480,478,482,482,3958100
2022-07-08 10:36:00,484,478,484,478,2371600
2022-07-08 10:37:00,480,478,480,480,361400
2022-07-08 10:38:00,478,474,480,474,1618800
2022-07-08 10:39:00,474,474,478,476,1037700
2022-07-08 10:40:00,474,474,478,476,136100
2022-07-08 10:41:00,476,474,478,478,235600
2022-07-08 10:42:00,476,476,478,476,41300
2022-07-08 10:43:00,476,476,476,476,461000
2022-07-08 10:44:00,474,474,476,474,882400
2022-07-08 10:45:00,474,474,476,476,37400
2022-07-08 10:46:00,476,474,476,476,158900
2022-07-08 10:47:00,476,476,480,478,1154600
2022-07-08 10:48:00,478,478,486,484,4585400
2022-07-08 10:49:00,486,484,488,484,3702600
2022-07-08 10:50:00,486,486,490,488,2222600
2022-07-08 10:51:00,488,484,488,486,785200
2022-07-08 10:52:00,486,486,490,488,771800
2022-07-08 10:53:00,490,488,492,490,4732400
2022-07-08 10:54:00,488,488,492,492,818600
2022-07-08 10:55:00,492,486,492,488,1871000
2022-07-08 10:56:00,488,486,488,486,902400
2022-07-08 10:57:00,486,486,490,488,381700
2022-07-08 10:58:00,488,486,490,488,810200
2022-07-08 10:59:00,486,486,490,490,337400
2022-07-08 11:00:00,490,488,492,490,1596900
2022-07-08 11:01:00,490,490,492,492,543600
2022-07-08 11:02:00,492,488,492,488,1642300
2022-07-08 11:03:00,488,488,490,490,650800
2022-07-08 11:04:00,490,488,492,492,599000
2022-07-08 11:05:00,490,490,494,490,2593900
2022-07-08 11:06:00,490,488,490,488,390600
2022-07-08 11:07:00,490,488,490,488,75500
2022-07-08 11:08:00,490,488,490,490,205300
2022-07-08 11:09:00,488,488,490,488,106900
2022-07-08 11:10:00,488,488,490,490,187000
2022-07-08 11:11:00,488,488,492,492,706100
2022-07-08 11:12:00,492,490,492,492,149600
2022-07-08 11:13:00,490,490,492,490,36300
2022-07-08 11:14:00,490,488,490,490,719100
2022-07-08 11:15:00,488,488,490,490,207400
2022-07-08 11:16:00,490,486,490,486,1779500
2022-07-08 11:17:00,486,484,486,484,1300400
2022-07-08 11:18:00,486,484,488,488,1005100
2022-07-08 11:19:00,488,488,490,490,903900
2022-07-08 11:20:00,490,488,490,488,386700
2022-07-08 11:21:00,488,486,488,486,518400
2022-07-08 11:22:00,488,488,490,490,67900
2022-07-08 11:23:00,488,488,488,488,77900
2022-07-08 11:24:00,488,488,488,488,400000
2022-07-08 11:25:00,490,488,490,490,0
2022-07-08 11:26:00,490,488,490,488,359700
2022-07-08 11:27:00,488,486,490,488,358300
2022-07-08 11:28:00,488,488,490,488,272300
2022-07-08 11:29:00,488,488,490,488,175900
2022-07-08 11:30:00,488,488,490,488,0
2022-07-08 11:31:00,488,488,490,488,0
2022-07-08 11:32:00,488,488,490,488,0
2022-07-08 11:33:00,488,488,490,488,0
2022-07-08 11:34:00,488,488,490,488,0
2022-07-08 11:35:00,488,488,490,488,0
2022-07-08 11:36:00,488,488,490,488,0
2022-07-08 11:37:00,488,488,490,488,0
2022-07-08 11:38:00,488,488,490,488,0
2022-07-08 11:39:00,488,488,490,488,0
2022-07-08 11:40:00,488,488,490,488,0
2022-07-08 11:41:00,488,488,490,488,0
2022-07-08 11:42:00,488,488,490,488,0
2022-07-08 11:43:00,488,488,490,488,0
2022-07-08 11:44:00,488,488,490,488,0
2022-07-08 11:45:00,488,488,490,488,0
2022-07-08 11:46:00,488,488,490,488,0
2022-07-08 11:47:00,488,488,490,488,0
2022-07-08 11:48:00,488,488,490,488,0
2022-07-08 11:49:00,488,488,490,488,0
2022-07-08 11:50:00,488,488,490,488,0
2022-07-08 11:51:00,488,488,490,488,0
2022-07-08 11:52:00,488,488,490,488,0
2022-07-08 11:53:00,488,488,490,488,0
2022-07-08 11:54:00,488,488,490,488,0
2022-07-08 11:55:00,488,488,490,488,0
2022-07-08 11:56:00,488,488,490,488,0
2022-07-08 11:57:00,488,488,490,488,0
2022-07-08 11:58:00,488,488,490,488,0
2022-07-08 11:59:00,488,488,490,488,0
2022-07-08 12:00:00,488,488,490,488,0
2022-07-08 12:01:00,488,488,490,488,0
2022-07-08 12:02:00,488,488,490,488,0
2022-07-08 12:03:00,488,488,490,488,0
2022-07-08 12:04:00,488,488,490,488,0
2022-07-08 12:05:00,488,488,490,488,0
2022-07-08 12:06:00,488,488,490,488,0
2022-07-08 12:07:00,488,488,490,488,0
2022-07-08 12:08:00,488,488,490,488,0
2022-07-08 12:09:00,488,488,490,488,0
2022-07-08 12:10:00,488,488,490,488,0
2022-07-08 12:11:00,488,488,490,488,0
2022-07-08 12:12:00,488,488,490,488,0
2022-07-08 12:13:00,488,488,490,488,0
2022-07-08 12:14:00,488,488,490,488,0
2022-07-08 12:15:00,488,488,490,488,0
2022-07-08 12:16:00,488,488,490,488,0
2022-07-08 12:17:00,488,488,490,488,0
2022-07-08 12:18:00,488,488,490,488,0
2022-07-08 12:19:00,488,488,490,488,0
2022-07-08 12:20:00,488,488,490,488,0
2022-07-08 12:21:00,488,488,490,488,0
2022-07-08 12:22:00,488,488,490,488,0
2022-07-08 12:23:00,488,488,490,488,0
2022-07-08 12:24:00,488,488,490,488,0
2022-07-08 12:25:00,488,488,490,488,0
2022-07-08 12:26:00,488,488,490,488,0
2022-07-08 12:27:00,488,488,490,488,0
2022-07-08 12:28:00,488,488,490,488,0
2022-07-08 12:29:00,488,488,490,488,0
2022-07-08 12:30:00,488,488,490,488,0
2022-07-08 12:31:00,488,488,490,488,0
2022-07-08 12:32:00,488,488,490,488,0
2022-07-08 12:33:00,488,488,490,488,0
2022-07-08 12:34:00,488,488,490,488,0
2022-07-08 12:35:00,488,488,490,488,0
2022-07-08 12:36:00,488,488,490,488,0
2022-07-08 12:37:00,488,488,490,488,0
2022-07-08 12:38:00,488,488,490,488,0
2022-07-08 12:39:00,488,488,490,488,0
2022-07-08 12:40:00,488,488,490,488,0
2022-07-08 12:41:00,488,488,490,488,0
2022-07-08 12:42:00,488,488,490,488,0
2022-07-08 12:43:00,488,488,490,488,0
2022-07-08 12:44:00,488,488,490,488,0
2022-07-08 12:45:00,488,488,490,488,0
2022-07-08 12:46:00,488,488,490,488,0
2022-07-08 12:47:00,488,488,490,488,0
2022-07-08 12:48:00,488,488,490,488,0
2022-07-08 12:49:00,488,488,490,488,0
2022-07-08 12:50:00,488,488,490,488,0
2022-07-08 12:51:00,488,488,490,488,0
2022-07-08 12:52:00,488,488,490,488,0
2022-07-08 12:53:00,488,488,490,488,0
2022-07-08 12:54:00,488,488,490,488,0
2022-07-08 12:55:00,488,488,490,488,0
2022-07-08 12:56:00,488,488,490,488,0
2022-07-08 12:57:00,488,488,490,488,0
2022-07-08 12:58:00,488,488,490,488,0
2022-07-08 12:59:00,488,488,490,488,0
2022-07-08 13:00:00,488,488,490,488,0
2022-07-08 13:01:00,488,488,490,488,0
2022-07-08 13:02:00,488,488,490,488,0
2022-07-08 13:03:00,488,488,490,488,0
2022-07-08 13:04:00,488,488,490,488,0
2022-07-08 13:05:00,488,488,490,488,0
2022-07-08 13:06:00,488,488,490,488,0
2022-07-08 13:07:00,488,488,490,488,0
2022-07-08 13:08:00,488,488,490,488,0
2022-07-08 13:09:00,488,488,490,488,0
2022-07-08 13:10:00,488,488,490,488,0
2022-07-08 13:11:00,488,488,490,488,0
2022-07-08 13:12:00,488,488,490,488,0
2022-07-08 13:13:00,488,488,490,488,0
2022-07-08 13:14:00,488,488,490,488,0
2022-07-08 13:15:00,488,488,490,488,0
2022-07-08 13:16:00,488,488,490,488,0
2022-07-08 13:17:00,488,488,490,488,0
2022-07-08 13:18:00,488,488,490,488,0
2022-07-08 13:19:00,488,488,490,488,0
2022-07-08 13:20:00,488,488,490,488,0
2022-07-08 13:21:00,488,488,490,488,0
2022-07-08 13:22:00,488,488,490,488,0
2022-07-08 13:23:00,488,488,490,488,0
2022-07-08 13:24:00,488,488,490,488,0
2022-07-08 13:25:00,488,488,490,488,0
2022-07-08 13:26:00,488,488,490,488,0
2022-07-08 13:27:00,488,488,490,488,0
2022-07-08 13:28:00,488,488,490,488,0
2022-07-08 13:29:00,488,488,490,488,0
2022-07-08 13:30:00,488,486,492,490,2236700
2022-07-08 13:31:00,490,488,490,490,57100
2022-07-08 13:32:00,488,488,490,490,216700
2022-07-08 13:33:00,490,490,498,496,5116000
2022-07-08 13:34:00,498,496,500,498,4013600
2022-07-08 13:35:00,496,496,498,498,192100
2022-07-08 13:36:00,498,496,500,498,1345600
2022-07-08 13:37:00,498,498,500,500,448200
2022-07-08 13:38:00,498,498,505,505,4591400
2022-07-08 13:39:00,505,500,505,505,1833300
2022-07-08 13:40:00,505,500,505,505,1191900
2022-07-08 13:41:00,500,496,505,498,5088500
2022-07-08 13:42:00,496,494,498,496,698100
2022-07-08 13:43:00,494,494,498,496,752900
2022-07-08 13:44:00,498,494,498,496,900800
2022-07-08 13:45:00,496,492,496,492,2360100
2022-07-08 13:46:00,492,488,494,494,2983800
2022-07-08 13:47:00,494,492,494,492,543600
2022-07-08 13:48:00,492,490,494,492,1079200
2022-07-08 13:49:00,492,490,492,490,829200
2022-07-08 13:50:00,492,490,494,492,987300
2022-07-08 13:51:00,494,492,494,492,410700
2022-07-08 13:52:00,492,490,492,492,593700
2022-07-08 13:53:00,492,492,494,494,265700
2022-07-08 13:54:00,492,492,494,492,0
2022-07-08 13:55:00,492,492,494,492,34800
2022-07-08 13:56:00,492,492,494,492,298300
2022-07-08 13:57:00,492,488,492,490,1120300
2022-07-08 13:58:00,490,486,490,488,994200
2022-07-08 13:59:00,486,484,488,484,2086000
2022-07-08 14:00:00,484,484,488,488,1402700
2022-07-08 14:01:00,486,486,488,486,365000
2022-07-08 14:02:00,486,486,488,488,168800
2022-07-08 14:03:00,486,486,488,488,186300
2022-07-08 14:04:00,488,486,488,488,72000
2022-07-08 14:05:00,486,486,488,488,170000
2022-07-08 14:06:00,488,486,490,490,795300
2022-07-08 14:07:00,490,490,492,492,810700
2022-07-08 14:08:00,492,492,494,494,763600
2022-07-08 14:09:00,494,494,496,496,409600
2022-07-08 14:10:00,494,494,496,494,278000
2022-07-08 14:11:00,494,494,496,496,30200
2022-07-08 14:12:00,494,494,496,494,63800
2022-07-08 14:13:00,494,492,494,494,562900
2022-07-08 14:14:00,494,492,494,492,162300
2022-07-08 14:15:00,492,492,494,494,444200
2022-07-08 14:16:00,494,492,494,492,263200
2022-07-08 14:17:00,492,492,494,492,15500
2022-07-08 14:18:00,492,492,494,492,100300
2022-07-08 14:19:00,494,492,494,494,416100
2022-07-08 14:20:00,494,492,494,494,190500
2022-07-08 14:21:00,494,492,494,492,0
2022-07-08 14:22:00,494,492,494,494,569400
2022-07-08 14:23:00,494,494,496,496,14000
2022-07-08 14:24:00,494,494,496,496,78100
2022-07-08 14:25:00,494,494,505,500,6193400
2022-07-08 14:26:00,500,500,505,500,1073600
2022-07-08 14:27:00,500,500,505,500,2704000
2022-07-08 14:28:00,500,498,500,498,1310700
2022-07-08 14:29:00,498,496,500,496,164200
2022-07-08 14:30:00,496,496,498,496,355900
2022-07-08 14:31:00,496,496,498,496,123900
2022-07-08 14:32:00,496,496,498,496,270800
2022-07-08 14:33:00,496,494,496,496,473100
2022-07-08 14:34:00,496,494,496,496,96200
2022-07-08 14:35:00,494,494,496,496,130900
2022-07-08 14:36:00,496,494,496,496,39800
2022-07-08 14:37:00,496,496,500,498,1374500
2022-07-08 14:38:00,500,498,500,500,117200
2022-07-08 14:39:00,500,498,500,500,130200
2022-07-08 14:40:00,500,496,500,498,775500
2022-07-08 14:41:00,498,496,500,500,433800
2022-07-08 14:42:00,498,498,500,498,131800
2022-07-08 14:43:00,500,496,500,496,1796700
2022-07-08 14:44:00,496,496,498,496,512900
2022-07-08 14:45:00,498,496,498,498,47900
2022-07-08 14:46:00,498,496,498,496,392900
2022-07-08 14:47:00,496,494,498,496,461200
2022-07-08 14:48:00,496,496,500,498,1890900
2022-07-08 14:49:00,500,498,505,500,5982700
2022-07-08 14:50:00,500,498,505,500,0
2022-07-08 14:51:00,500,498,505,500,0
2022-07-08 14:52:00,500,498,505,500,0
2022-07-08 14:53:00,500,498,505,500,0
2022-07-08 14:54:00,500,498,505,500,0
2022-07-08 14:55:00,500,498,505,500,0
2022-07-08 14:56:00,500,498,505,500,0
2022-07-08 14:57:00,500,498,505,500,0
2022-07-08 14:58:00,500,498,505,500,0
2022-07-08 14:59:00,500,498,505,500,0
2022-07-08 15:00:00,500,500,500,500,7083300
2022-07-08 15:01:00,500,500,500,500,104100
2022-07-08 15:02:00,500,500,500,500,12400
2022-07-08 15:03:00,500,500,500,500,18500
2022-07-08 15:04:00,500,500,500,500,20600
2022-07-08 15:05:00,500,500,500,500,29600
2022-07-08 15:06:00,500,500,500,500,26100
2022-07-08 15:07:00,500,500,500,500,67600
2022-07-08 15:08:00,500,500,500,500,13600
2022-07-08 15:09:00,500,500,500,500,14200
2022-07-08 15:10:00,500,500,500,500,6000
2022-07-08 15:11:00,500,500,500,500,24900
2022-07-08 15:12:00,500,500,500,500,21600
2022-07-08 15:13:00,500,500,500,500,101000
2022-07-08 15:14:00,500,500,500,500,0
2022-07-08 15:15:00,500,500,500,500,0
2022-07-08 15:16:00,500,500,500,500,0
2022-07-08 15:17:00,500,500,500,500,0
2022-07-08 15:18:00,500,500,500,500,0
2022-07-08 15:19:00,500,500,500,500,0
2022-07-08 15:20:00,500,500,500,500,0
2022-07-08 15:21:00,500,500,500,500,0
2022-07-08 15:22:00,500,500,500,500,0
2022-07-08 15:23:00,500,500,500,500,0
2022-07-08 15:24:00,500,500,500,500,0
2022-07-08 15:25:00,500,500,500,500,0
2022-07-08 15:26:00,500,500,500,500,0
2022-07-08 15:27:00,500,500,500,500,0
2022-07-08 15:28:00,500,500,500,500,0
2022-07-08 15:29:00,500,500,500,500,0
2022-07-08 15:30:00,500,500,500,500,0
2022-07-08 15:31:00,500,500,500,500,0
2022-07-08 15:32:00,500,500,500,500,0
2022-07-08 15:33:00,500,500,500,500,0
2022-07-08 15:34:00,500,500,500,500,0
2022-07-08 15:35:00,500,500,500,500,0
2022-07-08 15:36:00,500,500,500,500,0
2022-07-08 15:37:00,500,500,500,500,0
2022-07-08 15:38:00,500,500,500,500,0
2022-07-08 15:39:00,500,500,500,500,0
2022-07-08 15:40:00,500,500,500,500,0
2022-07-08 15:41:00,500,500,500,500,0
2022-07-08 15:42:00,500,500,500,500,0
2022-07-08 15:43:00,500,500,500,500,0
2022-07-08 15:44:00,500,500,500,500,0
2022-07-08 15:45:00,500,500,500,500,0
2022-07-08 15:46:00,500,500,500,500,0
2022-07-08 15:47:00,500,500,500,500,0
2022-07-08 15:48:00,500,500,500,500,0
2022-07-08 15:49:00,500,500,500,500,0
2022-07-08 15:50:00,500,500,500,500,0
2022-07-08 15:51:00,500,500,500,500,0
2022-07-08 15:52:00,500,500,500,500,0
2022-07-08 15:53:00,500,500,500,500,0
2022-07-08 15:54:00,500,500,500,500,0
2022-07-08 15:55:00,500,500,500,500,0
2022-07-08 15:56:00,500,500,500,500,0
2022-07-08 15:57:00,500,500,500,500,0
2022-07-08 15:58:00,500,500,500,500,0
2022-07-08 15:59:00,500,500,500,500,0
2022-07-11 09:00:00,496,492,510,510,0
2022-07-11 09:01:00,505,486,510,486,5552500
2022-07-11 09:02:00,488,488,505,500,3567000
2022-07-11 09:03:00,500,498,515,510,2838400
2022-07-11 09:04:00,510,505,515,505,3286600
2022-07-11 09:05:00,505,505,510,510,1190100
2022-07-11 09:06:00,510,496,510,498,3734400
2022-07-11 09:07:00,498,496,500,498,615300
2022-07-11 09:08:00,500,498,510,500,3076300
2022-07-11 09:09:00,505,500,510,505,1574900
2022-07-11 09:10:00,505,500,510,510,975500
2022-07-11 09:11:00,510,505,510,510,107800
2022-07-11 09:12:00,510,505,510,505,406500
2022-07-11 09:13:00,510,505,515,515,1389400
2022-07-11 09:14:00,510,510,520,520,2339300
2022-07-11 09:15:00,520,510,520,515,4170100
2022-07-11 09:16:00,515,510,515,515,1780600
2022-07-11 09:17:00,515,510,515,515,227900
2022-07-11 09:18:00,515,510,515,515,208800
2022-07-11 09:19:00,515,505,515,505,2894100
2022-07-11 09:20:00,505,500,505,505,1018300
2022-07-11 09:21:00,505,500,505,500,1098900
2022-07-11 09:22:00,500,498,500,498,1703100
2022-07-11 09:23:00,498,498,505,500,1094300
2022-07-11 09:24:00,505,500,505,505,55900
2022-07-11 09:25:00,500,500,510,505,766700
2022-07-11 09:26:00,505,505,510,505,383700
2022-07-11 09:27:00,510,505,510,510,254700
2022-07-11 09:28:00,510,505,510,505,112800
2022-07-11 09:29:00,510,505,510,505,40700
2022-07-11 09:30:00,510,505,510,505,147000
2022-07-11 09:31:00,505,505,510,505,63700
2022-07-11 09:32:00,505,505,510,510,84300
2022-07-11 09:33:00,510,505,510,505,542800
2022-07-11 09:34:00,510,505,510,505,166000
2022-07-11 09:35:00,505,500,505,500,1149200
2022-07-11 09:36:00,500,500,505,505,440000
2022-07-11 09:37:00,500,498,505,505,723300
2022-07-11 09:38:00,500,500,505,500,40700
2022-07-11 09:39:00,500,500,505,500,22100
2022-07-11 09:40:00,500,500,505,500,248300
2022-07-11 09:41:00,500,500,505,500,752200
2022-07-11 09:42:00,500,500,500,500,84700
2022-07-11 09:43:00,500,500,505,505,24400
2022-07-11 09:44:00,500,500,505,505,24900
2022-07-11 09:45:00,500,500,505,505,15200
2022-07-11 09:46:00,505,500,505,505,22400
2022-07-11 09:47:00,505,500,505,505,9100
2022-07-11 09:48:00,505,500,505,500,115300
2022-07-11 09:49:00,500,500,505,500,30400
2022-07-11 09:50:00,500,500,505,500,804200
2022-07-11 09:51:00,500,500,505,505,1288500
2022-07-11 09:52:00,505,500,510,505,116200
2022-07-11 09:53:00,505,505,510,510,56200
2022-07-11 09:54:00,505,505,510,510,14400
2022-07-11 09:55:00,510,505,510,505,547600
2022-07-11 09:56:00,510,510,515,515,600600
2022-07-11 09:57:00,510,510,520,520,1499800
2022-07-11 09:58:00,515,515,520,515,78800
2022-07-11 09:59:00,515,515,520,515,115800
2022-07-11 10:00:00,515,510,520,515,2051300
2022-07-11 10:01:00,515,510,520,515,347100
2022-07-11 10:02:00,515,515,515,515,223000
2022-07-11 10:03:00,515,510,515,515,175200
2022-07-11 10:04:00,515,510,515,515,100700
2022-07-11 10:05:00,515,515,520,520,593700
2022-07-11 10:06:00,515,515,520,515,87900
2022-07-11 10:07:00,515,515,515,515,180000
2022-07-11 10:08:00,515,515,515,515,10800
2022-07-11 10:09:00,515,515,520,515,62300
2022-07-11 10:10:00,515,515,520,515,33100
2022-07-11 10:11:00,520,515,520,515,446600
2022-07-11 10:12:00,515,515,520,515,222000
2022-07-11 10:13:00,515,515,520,515,84600
2022-07-11 10:14:00,515,515,515,515,54900
2022-07-11 10:15:00,515,515,520,515,61000
2022-07-11 10:16:00,515,515,515,515,354200
2022-07-11 10:17:00,515,515,515,515,218500
2022-07-11 10:18:00,510,510,515,515,3800
2022-07-11 10:19:00,515,510,515,510,5900
2022-07-11 10:20:00,510,510,515,515,22300
2022-07-11 10:21:00,510,510,515,510,69500
2022-07-11 10:22:00,510,510,515,510,19100
2022-07-11 10:23:00,515,510,515,515,41200
2022-07-11 10:24:00,515,510,515,510,60700
2022-07-11 10:25:00,515,510,515,510,166100
2022-07-11 10:26:00,510,510,515,515,163200
2022-07-11 10:27:00,515,510,515,510,0
2022-07-11 10:28:00,510,510,515,510,12400
2022-07-11 10:29:00,510,510,510,510,20300
2022-07-11 10:30:00,510,510,515,515,34900
2022-07-11 10:31:00,515,515,515,515,48800
2022-07-11 10:32:00,515,510,515,515,54500
2022-07-11 10:33:00,510,510,510,510,24200
2022-07-11 10:34:00,515,510,515,510,18300
2022-07-11 10:35:00,510,510,515,515,55800
2022-07-11 10:36:00,515,510,515,515,22100
2022-07-11 10:37:00,510,510,515,515,503800
2022-07-11 10:38:00,515,510,515,515,89100
2022-07-11 10:39:00,510,510,515,515,38000
2022-07-11 10:40:00,510,510,515,510,22900
2022-07-11 10:41:00,510,510,515,515,5900
2022-07-11 10:42:00,515,510,515,510,29600
2022-07-11 10:43:00,515,510,515,515,112600
2022-07-11 10:44:00,510,510,515,515,31500
2022-07-11 10:45:00,515,510,515,515,0
2022-07-11 10:46:00,510,510,515,510,1800
2022-07-11 10:47:00,515,510,515,510,2000
2022-07-11 10:48:00,515,510,515,515,48200
2022-07-11 10:49:00,515,515,515,515,0
2022-07-11 10:50:00,515,515,515,515,2000
2022-07-11 10:51:00,510,510,515,510,34900
2022-07-11 10:52:00,510,510,510,510,0
2022-07-11 10:53:00,510,510,515,515,20800
2022-07-11 10:54:00,515,510,515,510,2800
2022-07-11 10:55:00,510,510,510,510,600
2022-07-11 10:56:00,515,510,515,515,82700
2022-07-11 10:57:00,515,510,515,510,62500
2022-07-11 10:58:00,510,510,510,510,15700
2022-07-11 10:59:00,510,510,515,515,165700
2022-07-11 11:00:00,515,510,515,510,37200
2022-07-11 11:01:00,510,510,515,515,60000
2022-07-11 11:02:00,515,510,515,510,23000
2022-07-11 11:03:00,510,510,515,510,43000
2022-07-11 11:04:00,510,510,515,515,154300
2022-07-11 11:05:00,510,510,515,515,0
2022-07-11 11:06:00,510,510,515,510,10800
2022-07-11 11:07:00,510,510,510,510,15500
2022-07-11 11:08:00,515,510,515,510,4100
2022-07-11 11:09:00,510,510,515,510,1900
2022-07-11 11:10:00,510,510,515,510,60800
2022-07-11 11:11:00,510,510,510,510,800
2022-07-11 11:12:00,510,510,515,510,103500
2022-07-11 11:13:00,515,510,515,510,126500
2022-07-11 11:14:00,510,510,515,515,104500
2022-07-11 11:15:00,515,510,515,515,15500
2022-07-11 11:16:00,515,515,515,515,7200
2022-07-11 11:17:00,510,510,510,510,20000
2022-07-11 11:18:00,510,510,510,510,0
2022-07-11 11:19:00,510,510,510,510,11500
2022-07-11 11:20:00,510,510,510,510,34600
2022-07-11 11:21:00,510,510,515,515,26500
2022-07-11 11:22:00,515,510,515,510,800
2022-07-11 11:23:00,510,510,510,510,93800
2022-07-11 11:24:00,510,510,510,510,58300
2022-07-11 11:25:00,510,510,510,510,1500
2022-07-11 11:26:00,510,510,515,510,24900
2022-07-11 11:27:00,510,510,515,515,19600
2022-07-11 11:28:00,515,510,515,510,4500
2022-07-11 11:29:00,510,510,515,510,719700
2022-07-11 11:30:00,510,510,515,510,0
2022-07-11 11:31:00,510,510,515,510,0
2022-07-11 11:32:00,510,510,515,510,0
2022-07-11 11:33:00,510,510,515,510,0
2022-07-11 11:34:00,510,510,515,510,0
2022-07-11 11:35:00,510,510,515,510,0
2022-07-11 11:36:00,510,510,515,510,0
2022-07-11 11:37:00,510,510,515,510,0
2022-07-11 11:38:00,510,510,515,510,0
2022-07-11 11:39:00,510,510,515,510,0
2022-07-11 11:40:00,510,510,515,510,0
2022-07-11 11:41:00,510,510,515,510,0
2022-07-11 11:42:00,510,510,515,510,0
2022-07-11 11:43:00,510,510,515,510,0
2022-07-11 11:44:00,510,510,515,510,0
2022-07-11 11:45:00,510,510,515,510,0
2022-07-11 11:46:00,510,510,515,510,0
2022-07-11 11:47:00,510,510,515,510,0
2022-07-11 11:48:00,510,510,515,510,0
2022-07-11 11:49:00,510,510,515,510,0
2022-07-11 11:50:00,510,510,515,510,0
2022-07-11 11:51:00,510,510,515,510,0
2022-07-11 11:52:00,510,510,515,510,0
2022-07-11 11:53:00,510,510,515,510,0
2022-07-11 11:54:00,510,510,515,510,0
2022-07-11 11:55:00,510,510,515,510,0
2022-07-11 11:56:00,510,510,515,510,0
2022-07-11 11:57:00,510,510,515,510,0
2022-07-11 11:58:00,510,510,515,510,0
2022-07-11 11:59:00,510,510,515,510,0
2022-07-11 12:00:00,510,510,515,510,0
2022-07-11 12:01:00,510,510,515,510,0
2022-07-11 12:02:00,510,510,515,510,0
2022-07-11 12:03:00,510,510,515,510,0
2022-07-11 12:04:00,510,510,515,510,0
2022-07-11 12:05:00,510,510,515,510,0
2022-07-11 12:06:00,510,510,515,510,0
2022-07-11 12:07:00,510,510,515,510,0
2022-07-11 12:08:00,510,510,515,510,0
2022-07-11 12:09:00,510,510,515,510,0
2022-07-11 12:10:00,510,510,515,510,0
2022-07-11 12:11:00,510,510,515,510,0
2022-07-11 12:12:00,510,510,515,510,0
2022-07-11 12:13:00,510,510,515,510,0
2022-07-11 12:14:00,510,510,515,510,0
2022-07-11 12:15:00,510,510,515,510,0
2022-07-11 12:16:00,510,510,515,510,0
2022-07-11 12:17:00,510,510,515,510,0
2022-07-11 12:18:00,510,510,515,510,0
2022-07-11 12:19:00,510,510,515,510,0
2022-07-11 12:20:00,510,510,515,510,0
2022-07-11 12:21:00,510,510,515,510,0
2022-07-11 12:22:00,510,510,515,510,0
2022-07-11 12:23:00,510,510,515,510,0
2022-07-11 12:24:00,510,510,515,510,0
2022-07-11 12:25:00,510,510,515,510,0
2022-07-11 12:26:00,510,510,515,510,0
2022-07-11 12:27:00,510,510,515,510,0
2022-07-11 12:28:00,510,510,515,510,0
2022-07-11 12:29:00,510,510,515,510,0
2022-07-11 12:30:00,510,510,515,510,0
2022-07-11 12:31:00,510,510,515,510,0
2022-07-11 12:32:00,510,510,515,510,0
2022-07-11 12:33:00,510,510,515,510,0
2022-07-11 12:34:00,510,510,515,510,0
2022-07-11 12:35:00,510,510,515,510,0
2022-07-11 12:36:00,510,510,515,510,0
2022-07-11 12:37:00,510,510,515,510,0
2022-07-11 12:38:00,510,510,515,510,0
2022-07-11 12:39:00,510,510,515,510,0
2022-07-11 12:40:00,510,510,515,510,0
2022-07-11 12:41:00,510,510,515,510,0
2022-07-11 12:42:00,510,510,515,510,0
2022-07-11 12:43:00,510,510,515,510,0
2022-07-11 12:44:00,510,510,515,510,0
2022-07-11 12:45:00,510,510,515,510,0
2022-07-11 12:46:00,510,510,515,510,0
2022-07-11 12:47:00,510,510,515,510,0
2022-07-11 12:48:00,510,510,515,510,0
2022-07-11 12:49:00,510,510,515,510,0
2022-07-11 12:50:00,510,510,515,510,0
2022-07-11 12:51:00,510,510,515,510,0
2022-07-11 12:52:00,510,510,515,510,0
2022-07-11 12:53:00,510,510,515,510,0
2022-07-11 12:54:00,510,510,515,510,0
2022-07-11 12:55:00,510,510,515,510,0
2022-07-11 12:56:00,510,510,515,510,0
2022-07-11 12:57:00,510,510,515,510,0
2022-07-11 12:58:00,510,510,515,510,0
2022-07-11 12:59:00,510,510,515,510,0
2022-07-11 13:00:00,510,510,515,510,0
2022-07-11 13:01:00,510,510,515,510,0
2022-07-11 13:02:00,510,510,515,510,0
2022-07-11 13:03:00,510,510,515,510,0
2022-07-11 13:04:00,510,510,515,510,0
2022-07-11 13:05:00,510,510,515,510,0
2022-07-11 13:06:00,510,510,515,510,0
2022-07-11 13:07:00,510,510,515,510,0
2022-07-11 13:08:00,510,510,515,510,0
2022-07-11 13:09:00,510,510,515,510,0
2022-07-11 13:10:00,510,510,515,510,0
2022-07-11 13:11:00,510,510,515,510,0
2022-07-11 13:12:00,510,510,515,510,0
2022-07-11 13:13:00,510,510,515,510,0
2022-07-11 13:14:00,510,510,515,510,0
2022-07-11 13:15:00,510,510,515,510,0
2022-07-11 13:16:00,510,510,515,510,0
2022-07-11 13:17:00,510,510,515,510,0
2022-07-11 13:18:00,510,510,515,510,0
2022-07-11 13:19:00,510,510,515,510,0
2022-07-11 13:20:00,510,510,515,510,0
2022-07-11 13:21:00,510,510,515,510,0
2022-07-11 13:22:00,510,510,515,510,0
2022-07-11 13:23:00,510,510,515,510,0
2022-07-11 13:24:00,510,510,515,510,0
2022-07-11 13:25:00,510,510,515,510,0
2022-07-11 13:26:00,510,510,515,510,0
2022-07-11 13:27:00,510,510,515,510,0
2022-07-11 13:28:00,510,510,515,510,0
2022-07-11 13:29:00,510,510,515,510,0
2022-07-11 13:30:00,510,510,520,520,2476900
2022-07-11 13:31:00,510,510,520,520,0
2022-07-11 13:32:00,520,515,520,520,13100
2022-07-11 13:33:00,520,520,525,525,11228500
2022-07-11 13:34:00,530,525,540,535,7620700
2022-07-11 13:35:00,535,525,535,530,2470600
2022-07-11 13:36:00,530,525,530,530,1182500
2022-07-11 13:37:00,525,525,535,535,1569600
2022-07-11 13:38:00,535,530,540,535,1278900
2022-07-11 13:39:00,540,535,540,540,1481300
2022-07-11 13:40:00,540,540,555,555,8829300
2022-07-11 13:41:00,555,550,560,560,4086600
2022-07-11 13:42:00,560,555,565,560,4319100
2022-07-11 13:43:00,560,550,560,550,1999300
2022-07-11 13:44:00,550,545,555,545,2393400
2022-07-11 13:45:00,545,545,555,555,2504700
2022-07-11 13:46:00,555,555,560,560,1115900
2022-07-11 13:47:00,560,560,575,575,4180000
2022-07-11 13:48:00,575,575,585,580,4825800
2022-07-11 13:49:00,580,575,585,580,1676300
2022-07-11 13:50:00,580,570,585,580,3228700
2022-07-11 13:51:00,580,570,580,570,1362600
2022-07-11 13:52:00,575,565,575,570,1471500
2022-07-11 13:53:00,570,565,575,575,911700
2022-07-11 13:54:00,575,570,575,575,233400
2022-07-11 13:55:00,575,570,575,575,1496600
2022-07-11 13:56:00,575,575,580,580,528100
2022-07-11 13:57:00,580,570,580,575,1066600
2022-07-11 13:58:00,575,570,575,570,1884600
2022-07-11 13:59:00,570,565,570,570,1180400
2022-07-11 14:00:00,570,565,575,570,533700
2022-07-11 14:01:00,565,565,570,565,230900
2022-07-11 14:02:00,565,565,570,565,1095900
2022-07-11 14:03:00,565,565,570,570,237200
2022-07-11 14:04:00,565,565,575,570,1264200
2022-07-11 14:05:00,570,565,570,570,36800
2022-07-11 14:06:00,570,565,575,575,617900
2022-07-11 14:07:00,570,570,590,585,3830200
2022-07-11 14:08:00,585,585,600,590,7885500
2022-07-11 14:09:00,590,585,595,590,3065000
2022-07-11 14:10:00,595,590,595,595,2209900
2022-07-11 14:11:00,595,590,595,595,560000
2022-07-11 14:12:00,595,590,600,595,1846700
2022-07-11 14:13:00,600,595,600,595,1240300
2022-07-11 14:14:00,600,555,600,575,10773200
2022-07-11 14:15:00,575,560,575,565,3247700
2022-07-11 14:16:00,565,555,570,565,3081500
2022-07-11 14:17:00,560,550,565,550,5659200
2022-07-11 14:18:00,550,550,560,555,2702600
2022-07-11 14:19:00,555,535,560,535,6799700
2022-07-11 14:20:00,535,535,545,540,2552900
2022-07-11 14:21:00,535,535,545,540,1057400
2022-07-11 14:22:00,545,540,550,550,1358600
2022-07-11 14:23:00,550,545,550,550,3088300
2022-07-11 14:24:00,550,550,555,550,581400
2022-07-11 14:25:00,555,545,555,550,3663100
2022-07-11 14:26:00,550,545,550,545,269900
2022-07-11 14:27:00,550,545,550,550,938900
2022-07-11 14:28:00,550,545,550,550,629800
2022-07-11 14:29:00,550,545,555,555,321000
2022-07-11 14:30:00,555,555,560,560,561900
2022-07-11 14:31:00,560,560,565,565,1070500
2022-07-11 14:32:00,565,560,565,565,2926000
2022-07-11 14:33:00,565,555,565,555,1590800
2022-07-11 14:34:00,555,555,560,560,479100
2022-07-11 14:35:00,560,555,560,555,93400
2022-07-11 14:36:00,560,555,560,560,398500
2022-07-11 14:37:00,560,545,560,545,2885800
2022-07-11 14:38:00,545,540,550,545,1082100
2022-07-11 14:39:00,545,540,550,545,2441200
2022-07-11 14:40:00,550,535,550,535,1628300
2022-07-11 14:41:00,540,530,540,530,5691000
2022-07-11 14:42:00,530,530,535,530,2645500
2022-07-11 14:43:00,525,525,535,530,703400
2022-07-11 14:44:00,530,530,535,535,176200
2022-07-11 14:45:00,535,530,540,535,1424900
2022-07-11 14:46:00,535,535,550,540,1378600
2022-07-11 14:47:00,545,540,550,545,894400
2022-07-11 14:48:00,545,545,550,545,1139400
2022-07-11 14:49:00,550,540,550,545,1579300
2022-07-11 14:50:00,550,540,550,545,0
2022-07-11 14:51:00,550,540,550,545,0
2022-07-11 14:52:00,550,540,550,545,0
2022-07-11 14:53:00,550,540,550,545,0
2022-07-11 14:54:00,550,540,550,545,0
2022-07-11 14:55:00,550,540,550,545,0
2022-07-11 14:56:00,550,540,550,545,0
2022-07-11 14:57:00,550,540,550,545,0
2022-07-11 14:58:00,550,540,550,545,0
2022-07-11 14:59:00,550,540,550,545,0
2022-07-11 15:00:00,540,540,540,540,2586600
2022-07-11 15:01:00,540,540,540,540,51100
2022-07-11 15:02:00,540,540,540,540,115500
2022-07-11 15:03:00,540,540,540,540,537400
2022-07-11 15:04:00,540,540,540,540,222100
2022-07-11 15:05:00,540,540,540,540,58800
2022-07-11 15:06:00,540,540,540,540,106200
2022-07-11 15:07:00,540,540,540,540,144000
2022-07-11 15:08:00,540,540,540,540,0
2022-07-11 15:09:00,540,540,540,540,121500
2022-07-11 15:10:00,540,540,540,540,106500
2022-07-11 15:11:00,540,540,540,540,4800
2022-07-11 15:12:00,540,540,540,540,18200
2022-07-11 15:13:00,540,540,540,540,11700
2022-07-11 15:14:00,540,540,540,540,253269900
2022-07-11 15:15:00,540,540,540,540,0
2022-07-11 15:16:00,540,540,540,540,0
2022-07-11 15:17:00,540,540,540,540,0
2022-07-11 15:18:00,540,540,540,540,0
2022-07-11 15:19:00,540,540,540,540,0
2022-07-11 15:20:00,540,540,540,540,0
2022-07-11 15:21:00,540,540,540,540,0
2022-07-11 15:22:00,540,540,540,540,0
2022-07-11 15:23:00,540,540,540,540,0
2022-07-11 15:24:00,540,540,540,540,0
2022-07-11 15:25:00,540,540,540,540,0
2022-07-11 15:26:00,540,540,540,540,0
2022-07-11 15:27:00,540,540,540,540,0
2022-07-11 15:28:00,540,540,540,540,0
2022-07-11 15:29:00,540,540,540,540,0
2022-07-11 15:30:00,540,540,540,540,0
2022-07-11 15:31:00,540,540,540,540,0
2022-07-11 15:32:00,540,540,540,540,0
2022-07-11 15:33:00,540,540,540,540,0
2022-07-11 15:34:00,540,540,540,540,0
2022-07-11 15:35:00,540,540,540,540,0
2022-07-11 15:36:00,540,540,540,540,0
2022-07-11 15:37:00,540,540,540,540,0
2022-07-11 15:38:00,540,540,540,540,0
2022-07-11 15:39:00,540,540,540,540,0
2022-07-11 15:40:00,540,540,540,540,0
2022-07-11 15:41:00,540,540,540,540,0
2022-07-11 15:42:00,540,540,540,540,0
2022-07-11 15:43:00,540,540,540,540,0
2022-07-11 15:44:00,540,540,540,540,0
2022-07-11 15:45:00,540,540,540,540,0
2022-07-11 15:46:00,540,540,540,540,0
2022-07-11 15:47:00,540,540,540,540,0
2022-07-11 15:48:00,540,540,540,540,0
2022-07-11 15:49:00,540,540,540,540,0
2022-07-11 15:50:00,540,540,540,540,0
2022-07-11 15:51:00,540,540,540,540,0
2022-07-11 15:52:00,540,540,540,540,0
2022-07-11 15:53:00,540,540,540,540,0
2022-07-11 15:54:00,540,540,540,540,0
2022-07-11 15:55:00,540,540,540,540,0
2022-07-11 15:56:00,540,540,540,540,0
2022-07-11 15:57:00,540,540,540,540,0
2022-07-11 15:58:00,540,540,540,540,0
2022-07-11 15:59:00,540,540,540,540,0
2022-07-12 09:00:00,540,535,550,540,0
2022-07-12 09:01:00,540,540,555,550,1590400
2022-07-12 09:02:00,550,550,565,560,3852100
2022-07-12 09:03:00,560,555,565,565,2777700
2022-07-12 09:04:00,565,560,565,565,2771000
2022-07-12 09:05:00,565,555,570,560,4816600
2022-07-12 09:06:00,560,550,560,555,2049800
2022-07-12 09:07:00,555,550,555,555,1010100
2022-07-12 09:08:00,560,555,560,560,434100
2022-07-12 09:09:00,560,555,565,565,994400
2022-07-12 09:10:00,565,560,565,565,607800
2022-07-12 09:11:00,565,560,565,565,264800
2022-07-12 09:12:00,565,555,565,560,3523500
2022-07-12 09:13:00,560,555,560,555,1546800
2022-07-12 09:14:00,555,555,560,555,841000
2022-07-12 09:15:00,555,550,560,555,562800
2022-07-12 09:16:00,555,550,560,555,385100
2022-07-12 09:17:00,560,555,560,560,87800
2022-07-12 09:18:00,555,555,560,555,77100
2022-07-12 09:19:00,555,550,560,555,985100
2022-07-12 09:20:00,555,550,555,555,77600
2022-07-12 09:21:00,550,550,555,555,265600
2022-07-12 09:22:00,555,550,555,555,256600
2022-07-12 09:23:00,550,550,555,555,692000
2022-07-12 09:24:00,555,555,560,555,560500
2022-07-12 09:25:00,560,555,560,560,43800
2022-07-12 09:26:00,555,555,560,555,81600
2022-07-12 09:27:00,555,555,560,555,396500
2022-07-12 09:28:00,555,555,560,555,114700
2022-07-12 09:29:00,555,555,560,555,180800
2022-07-12 09:30:00,555,550,555,550,1376400
2022-07-12 09:31:00,550,550,555,555,77500
2022-07-12 09:32:00,555,550,555,555,68000
2022-07-12 09:33:00,555,550,555,550,65200
2022-07-12 09:34:00,550,550,555,555,49100
2022-07-12 09:35:00,555,550,555,555,54300
2022-07-12 09:36:00,555,550,555,555,85300
2022-07-12 09:37:00,550,550,555,550,93200
2022-07-12 09:38:00,550,545,555,545,2766800
2022-07-12 09:39:00,545,545,550,550,334300
2022-07-12 09:40:00,545,545,550,545,401900
2022-07-12 09:41:00,545,540,550,545,2135100
2022-07-12 09:42:00,545,545,550,550,653000
2022-07-12 09:43:00,550,550,555,550,285800
2022-07-12 09:44:00,555,550,555,550,122800
2022-07-12 09:45:00,550,550,555,550,74500
2022-07-12 09:46:00,550,550,555,555,340600
2022-07-12 09:47:00,555,550,555,555,588600
2022-07-12 09:48:00,555,555,560,560,2158300
2022-07-12 09:49:00,560,560,565,565,858900
2022-07-12 09:50:00,565,565,570,570,1637600
2022-07-12 09:51:00,570,565,575,575,1511300
2022-07-12 09:52:00,570,570,575,575,459100
2022-07-12 09:53:00,575,565,575,570,1885400
2022-07-12 09:54:00,570,565,570,565,867700
2022-07-12 09:55:00,570,570,575,570,365200
2022-07-12 09:56:00,575,570,580,575,2161800
2022-07-12 09:57:00,580,575,580,575,477200
2022-07-12 09:58:00,575,570,580,575,1012400
2022-07-12 09:59:00,575,570,575,570,1512700
2022-07-12 10:00:00,565,565,570,570,592500
2022-07-12 10:01:00,575,570,575,570,156400
2022-07-12 10:02:00,570,565,575,570,831500
2022-07-12 10:03:00,570,565,570,570,584000
2022-07-12 10:04:00,570,570,580,580,2598500
2022-07-12 10:05:00,580,575,585,580,3514200
2022-07-12 10:06:00,575,575,580,580,328900
2022-07-12 10:07:00,580,575,580,575,617700
2022-07-12 10:08:00,580,575,580,575,685600
2022-07-12 10:09:00,580,570,580,575,1009300
2022-07-12 10:10:00,570,570,575,575,204400
2022-07-12 10:11:00,575,570,575,575,0
2022-07-12 10:12:00,575,570,575,575,93100
2022-07-12 10:13:00,575,570,575,575,59800
2022-07-12 10:14:00,575,570,575,575,119800
2022-07-12 10:15:00,575,565,575,565,2087700
2022-07-12 10:16:00,565,565,570,565,628200
2022-07-12 10:17:00,570,565,570,570,41100
2022-07-12 10:18:00,570,565,570,570,136900
2022-07-12 10:19:00,570,565,570,565,280600
2022-07-12 10:20:00,570,565,570,570,584500
2022-07-12 10:21:00,570,570,575,570,3700
2022-07-12 10:22:00,570,570,575,570,17400
2022-07-12 10:23:00,575,570,575,570,19100
2022-07-12 10:24:00,575,570,575,570,68400
2022-07-12 10:25:00,570,570,575,575,568600
2022-07-12 10:26:00,575,575,580,575,142400
2022-07-12 10:27:00,580,575,580,580,99400
2022-07-12 10:28:00,575,575,580,580,105100
2022-07-12 10:29:00,580,575,580,580,45100
2022-07-12 10:30:00,580,575,580,575,21600
2022-07-12 10:31:00,575,575,580,575,111500
2022-07-12 10:32:00,575,575,580,580,389500
2022-07-12 10:33:00,575,575,580,575,92200
2022-07-12 10:34:00,575,575,575,575,238700
2022-07-12 10:35:00,575,575,580,575,201400
2022-07-12 10:36:00,575,575,575,575,0
2022-07-12 10:37:00,575,575,580,575,71400
2022-07-12 10:38:00,575,575,575,575,60300
2022-07-12 10:39:00,575,575,580,575,24100
2022-07-12 10:40:00,575,575,575,575,8200
2022-07-12 10:41:00,575,575,575,575,327900
2022-07-12 10:42:00,575,575,580,580,28800
2022-07-12 10:43:00,575,575,580,580,294600
2022-07-12 10:44:00,580,575,580,575,143200
2022-07-12 10:45:00,575,575,585,585,4533700
2022-07-12 10:46:00,590,585,595,590,3999500
2022-07-12 10:47:00,590,585,590,590,890000
2022-07-12 10:48:00,590,585,590,585,1020400
2022-07-12 10:49:00,585,585,590,590,472500
2022-07-12 10:50:00,590,585,590,585,625000
2022-07-12 10:51:00,590,585,590,590,410600
2022-07-12 10:52:00,585,585,590,585,184700
2022-07-12 10:53:00,590,585,590,585,6600
2022-07-12 10:54:00,585,585,595,585,3175800
2022-07-12 10:55:00,590,585,595,590,680100
2022-07-12 10:56:00,595,590,600,600,2556000
2022-07-12 10:57:00,600,590,600,590,3147200
2022-07-12 10:58:00,590,585,595,590,1317100
2022-07-12 10:59:00,590,590,595,595,1854600
2022-07-12 11:00:00,595,595,600,600,956800
2022-07-12 11:01:00,600,595,600,600,449300
2022-07-12 11:02:00,595,590,600,590,2173400
2022-07-12 11:03:00,595,585,595,590,1685900
2022-07-12 11:04:00,590,585,590,590,1275900
2022-07-12 11:05:00,590,585,590,590,1342400
2022-07-12 11:06:00,590,590,595,590,84300
2022-07-12 11:07:00,590,585,590,585,1260100
2022-07-12 11:08:00,590,580,590,585,1694700
2022-07-12 11:09:00,580,580,585,580,1598900
2022-07-12 11:10:00,580,580,585,585,401600
2022-07-12 11:11:00,585,585,585,585,422800
2022-07-12 11:12:00,585,585,590,590,92300
2022-07-12 11:13:00,585,585,590,590,951600
2022-07-12 11:14:00,590,585,590,590,33100
2022-07-12 11:15:00,590,585,590,590,47600
2022-07-12 11:16:00,590,585,590,590,284800
2022-07-12 11:17:00,590,590,590,590,0
2022-07-12 11:18:00,590,590,590,590,716800
2022-07-12 11:19:00,590,585,590,590,330500
2022-07-12 11:20:00,590,580,590,585,735700
2022-07-12 11:21:00,585,580,585,585,479500
2022-07-12 11:22:00,580,580,585,585,284200
2022-07-12 11:23:00,585,585,585,585,233600
2022-07-12 11:24:00,585,580,585,585,46000
2022-07-12 11:25:00,580,575,585,575,1437400
2022-07-12 11:26:00,575,575,580,580,81000
2022-07-12 11:27:00,580,570,580,570,1181000
2022-07-12 11:28:00,575,570,580,575,394500
2022-07-12 11:29:00,575,570,580,575,524100
2022-07-12 11:30:00,575,570,580,575,0
2022-07-12 11:31:00,575,570,580,575,0
2022-07-12 11:32:00,575,570,580,575,0
2022-07-12 11:33:00,575,570,580,575,0
2022-07-12 11:34:00,575,570,580,575,0
2022-07-12 11:35:00,575,570,580,575,0
2022-07-12 11:36:00,575,570,580,575,0
2022-07-12 11:37:00,575,570,580,575,0
2022-07-12 11:38:00,575,570,580,575,0
2022-07-12 11:39:00,575,570,580,575,0
2022-07-12 11:40:00,575,570,580,575,0
2022-07-12 11:41:00,575,570,580,575,0
2022-07-12 11:42:00,575,570,580,575,0
2022-07-12 11:43:00,575,570,580,575,0
2022-07-12 11:44:00,575,570,580,575,0
2022-07-12 11:45:00,575,570,580,575,0
2022-07-12 11:46:00,575,570,580,575,0
2022-07-12 11:47:00,575,570,580,575,0
2022-07-12 11:48:00,575,570,580,575,0
2022-07-12 11:49:00,575,570,580,575,0
2022-07-12 11:50:00,575,570,580,575,0
2022-07-12 11:51:00,575,570,580,575,0
2022-07-12 11:52:00,575,570,580,575,0
2022-07-12 11:53:00,575,570,580,575,0
2022-07-12 11:54:00,575,570,580,575,0
2022-07-12 11:55:00,575,570,580,575,0
2022-07-12 11:56:00,575,570,580,575,0
2022-07-12 11:57:00,575,570,580,575,0
2022-07-12 11:58:00,575,570,580,575,0
2022-07-12 11:59:00,575,570,580,575,0
2022-07-12 12:00:00,575,570,580,575,0
2022-07-12 12:01:00,575,570,580,575,0
2022-07-12 12:02:00,575,570,580,575,0
2022-07-12 12:03:00,575,570,580,575,0
2022-07-12 12:04:00,575,570,580,575,0
2022-07-12 12:05:00,575,570,580,575,0
2022-07-12 12:06:00,575,570,580,575,0
2022-07-12 12:07:00,575,570,580,575,0
2022-07-12 12:08:00,575,570,580,575,0
2022-07-12 12:09:00,575,570,580,575,0
2022-07-12 12:10:00,575,570,580,575,0
2022-07-12 12:11:00,575,570,580,575,0
2022-07-12 12:12:00,575,570,580,575,0
2022-07-12 12:13:00,575,570,580,575,0
2022-07-12 12:14:00,575,570,580,575,0
2022-07-12 12:15:00,575,570,580,575,0
2022-07-12 12:16:00,575,570,580,575,0
2022-07-12 12:17:00,575,570,580,575,0
2022-07-12 12:18:00,575,570,580,575,0
2022-07-12 12:19:00,575,570,580,575,0
2022-07-12 12:20:00,575,570,580,575,0
2022-07-12 12:21:00,575,570,580,575,0
2022-07-12 12:22:00,575,570,580,575,0
2022-07-12 12:23:00,575,570,580,575,0
2022-07-12 12:24:00,575,570,580,575,0
2022-07-12 12:25:00,575,570,580,575,0
2022-07-12 12:26:00,575,570,580,575,0
2022-07-12 12:27:00,575,570,580,575,0
2022-07-12 12:28:00,575,570,580,575,0
2022-07-12 12:29:00,575,570,580,575,0
2022-07-12 12:30:00,575,570,580,575,0
2022-07-12 12:31:00,575,570,580,575,0
2022-07-12 12:32:00,575,570,580,575,0
2022-07-12 12:33:00,575,570,580,575,0
2022-07-12 12:34:00,575,570,580,575,0
2022-07-12 12:35:00,575,570,580,575,0
2022-07-12 12:36:00,575,570,580,575,0
2022-07-12 12:37:00,575,570,580,575,0
2022-07-12 12:38:00,575,570,580,575,0
2022-07-12 12:39:00,575,570,580,575,0
2022-07-12 12:40:00,575,570,580,575,0
2022-07-12 12:41:00,575,570,580,575,0
2022-07-12 12:42:00,575,570,580,575,0
2022-07-12 12:43:00,575,570,580,575,0
2022-07-12 12:44:00,575,570,580,575,0
2022-07-12 12:45:00,575,570,580,575,0
2022-07-12 12:46:00,575,570,580,575,0
2022-07-12 12:47:00,575,570,580,575,0
2022-07-12 12:48:00,575,570,580,575,0
2022-07-12 12:49:00,575,570,580,575,0
2022-07-12 12:50:00,575,570,580,575,0
2022-07-12 12:51:00,575,570,580,575,0
2022-07-12 12:52:00,575,570,580,575,0
2022-07-12 12:53:00,575,570,580,575,0
2022-07-12 12:54:00,575,570,580,575,0
2022-07-12 12:55:00,575,570,580,575,0
2022-07-12 12:56:00,575,570,580,575,0
2022-07-12 12:57:00,575,570,580,575,0
2022-07-12 12:58:00,575,570,580,575,0
2022-07-12 12:59:00,575,570,580,575,0
2022-07-12 13:00:00,575,570,580,575,0
2022-07-12 13:01:00,575,570,580,575,0
2022-07-12 13:02:00,575,570,580,575,0
2022-07-12 13:03:00,575,570,580,575,0
2022-07-12 13:04:00,575,570,580,575,0
2022-07-12 13:05:00,575,570,580,575,0
2022-07-12 13:06:00,575,570,580,575,0
2022-07-12 13:07:00,575,570,580,575,0
2022-07-12 13:08:00,575,570,580,575,0
2022-07-12 13:09:00,575,570,580,575,0
2022-07-12 13:10:00,575,570,580,575,0
2022-07-12 13:11:00,575,570,580,575,0
2022-07-12 13:12:00,575,570,580,575,0
2022-07-12 13:13:00,575,570,580,575,0
2022-07-12 13:14:00,575,570,580,575,0
2022-07-12 13:15:00,575,570,580,575,0
2022-07-12 13:16:00,575,570,580,575,0
2022-07-12 13:17:00,575,570,580,575,0
2022-07-12 13:18:00,575,570,580,575,0
2022-07-12 13:19:00,575,570,580,575,0
2022-07-12 13:20:00,575,570,580,575,0
2022-07-12 13:21:00,575,570,580,575,0
2022-07-12 13:22:00,575,570,580,575,0
2022-07-12 13:23:00,575,570,580,575,0
2022-07-12 13:24:00,575,570,580,575,0
2022-07-12 13:25:00,575,570,580,575,0
2022-07-12 13:26:00,575,570,580,575,0
2022-07-12 13:27:00,575,570,580,575,0
2022-07-12 13:28:00,575,570,580,575,0
2022-07-12 13:29:00,575,570,580,575,0
2022-07-12 13:30:00,580,575,580,580,406800
2022-07-12 13:31:00,580,575,585,585,392100
2022-07-12 13:32:00,585,580,585,585,13700
2022-07-12 13:33:00,585,580,585,585,100100
2022-07-12 13:34:00,585,585,585,585,261800
2022-07-12 13:35:00,580,580,590,585,636200
2022-07-12 13:36:00,585,580,585,585,91600
2022-07-12 13:37:00,585,585,590,585,537800
2022-07-12 13:38:00,585,585,590,585,815200
2022-07-12 13:39:00,585,580,590,585,621000
2022-07-12 13:40:00,585,580,585,580,135500
2022-07-12 13:41:00,580,580,585,585,179200
2022-07-12 13:42:00,580,580,585,580,940700
2022-07-12 13:43:00,580,575,580,580,231000
2022-07-12 13:44:00,580,575,580,580,396200
2022-07-12 13:45:00,580,580,585,580,224900
2022-07-12 13:46:00,580,580,580,580,114400
2022-07-12 13:47:00,580,580,585,580,191900
2022-07-12 13:48:00,580,575,580,580,43400
2022-07-12 13:49:00,580,575,580,580,389400
2022-07-12 13:50:00,580,575,580,580,448500
2022-07-12 13:51:00,575,575,580,575,827000
2022-07-12 13:52:00,575,575,580,575,26500
2022-07-12 13:53:00,575,575,580,580,271900
2022-07-12 13:54:00,580,575,580,575,4600
2022-07-12 13:55:00,580,575,580,575,76300
2022-07-12 13:56:00,575,575,575,575,0
2022-07-12 13:57:00,580,580,580,580,90500
2022-07-12 13:58:00,575,575,585,580,293100
2022-07-12 13:59:00,580,580,580,580,72000
2022-07-12 14:00:00,580,575,580,580,214700
2022-07-12 14:01:00,580,580,585,580,641300
2022-07-12 14:02:00,580,580,585,580,33300
2022-07-12 14:03:00,580,580,585,585,104700
2022-07-12 14:04:00,585,580,585,580,22600
2022-07-12 14:05:00,580,580,585,580,118900
2022-07-12 14:06:00,580,580,580,580,149900
2022-07-12 14:07:00,580,580,580,580,186400
2022-07-12 14:08:00,580,580,585,580,35100
2022-07-12 14:09:00,580,580,585,580,425400
2022-07-12 14:10:00,580,575,585,580,160900
2022-07-12 14:11:00,580,580,585,585,108400
2022-07-12 14:12:00,580,580,580,580,62400
2022-07-12 14:13:00,580,580,580,580,179800
2022-07-12 14:14:00,580,580,580,580,23200
2022-07-12 14:15:00,585,580,585,580,46800
2022-07-12 14:16:00,580,580,580,580,57700
2022-07-12 14:17:00,580,580,580,580,138000
2022-07-12 14:18:00,580,575,580,580,349600
2022-07-12 14:19:00,580,580,585,580,143700
2022-07-12 14:20:00,575,575,575,575,13800
2022-07-12 14:21:00,580,575,580,575,34800
2022-07-12 14:22:00,580,575,580,580,0
2022-07-12 14:23:00,580,575,580,575,1252300
2022-07-12 14:24:00,575,575,575,575,98700
2022-07-12 14:25:00,575,575,575,575,103700
2022-07-12 14:26:00,575,570,575,570,180100
2022-07-12 14:27:00,570,570,575,570,7700
2022-07-12 14:28:00,570,570,575,575,38700
2022-07-12 14:29:00,570,565,575,570,1734200
2022-07-12 14:30:00,570,565,570,565,0
2022-07-12 14:31:00,570,565,570,570,75600
2022-07-12 14:32:00,565,565,570,570,186100
2022-07-12 14:33:00,565,565,570,570,216800
2022-07-12 14:34:00,570,565,580,575,983500
2022-07-12 14:35:00,580,575,580,575,34800
2022-07-12 14:36:00,575,575,580,575,312200
2022-07-12 14:37:00,575,575,575,575,26900
2022-07-12 14:38:00,580,575,580,580,63100
2022-07-12 14:39:00,580,575,580,575,35900
2022-07-12 14:40:00,580,575,580,580,100800
2022-07-12 14:41:00,575,575,580,575,11600
2022-07-12 14:42:00,575,575,585,580,1576300
2022-07-12 14:43:00,585,580,585,580,609300
2022-07-12 14:44:00,580,580,585,580,336200
2022-07-12 14:45:00,580,580,585,585,225500
2022-07-12 14:46:00,580,575,585,575,1152700
2022-07-12 14:47:00,580,575,585,580,1483600
2022-07-12 14:48:00,580,575,580,580,331200
2022-07-12 14:49:00,575,570,580,575,876700
2022-07-12 14:50:00,575,570,580,575,0
2022-07-12 14:51:00,575,570,580,575,0
2022-07-12 14:52:00,575,570,580,575,0
2022-07-12 14:53:00,575,570,580,575,0
2022-07-12 14:54:00,575,570,580,575,0
2022-07-12 14:55:00,575,570,580,575,0
2022-07-12 14:56:00,575,570,580,575,0
2022-07-12 14:57:00,575,570,580,575,0
2022-07-12 14:58:00,575,570,580,575,0
2022-07-12 14:59:00,575,570,580,575,0
2022-07-12 15:00:00,570,570,570,570,2918700
2022-07-12 15:01:00,570,570,570,570,599400
2022-07-12 15:02:00,570,570,570,570,77200
2022-07-12 15:03:00,570,570,570,570,14900
2022-07-12 15:04:00,570,570,570,570,84900
2022-07-12 15:05:00,570,570,570,570,170700
2022-07-12 15:06:00,570,570,570,570,111300
2022-07-12 15:07:00,570,570,570,570,3800
2022-07-12 15:08:00,570,570,570,570,18100
2022-07-12 15:09:00,570,570,570,570,12800
2022-07-12 15:10:00,570,570,570,570,76100
2022-07-12 15:11:00,570,570,570,570,0
2022-07-12 15:12:00,570,570,570,570,4900
2022-07-12 15:13:00,570,570,570,570,10300
2022-07-12 15:14:00,570,570,570,570,151022300
2022-07-12 15:15:00,570,570,570,570,0
2022-07-12 15:16:00,570,570,570,570,0
2022-07-12 15:17:00,570,570,570,570,0
2022-07-12 15:18:00,570,570,570,570,0
2022-07-12 15:19:00,570,570,570,570,0
2022-07-12 15:20:00,570,570,570,570,0
2022-07-12 15:21:00,570,570,570,570,0
2022-07-12 15:22:00,570,570,570,570,0
2022-07-12 15:23:00,570,570,570,570,0
2022-07-12 15:24:00,570,570,570,570,0
2022-07-12 15:25:00,570,570,570,570,0
2022-07-12 15:26:00,570,570,570,570,0
2022-07-12 15:27:00,570,570,570,570,0
2022-07-12 15:28:00,570,570,570,570,0
2022-07-12 15:29:00,570,570,570,570,0
2022-07-12 15:30:00,570,570,570,570,0
2022-07-12 15:31:00,570,570,570,570,0
2022-07-12 15:32:00,570,570,570,570,0
2022-07-12 15:33:00,570,570,570,570,0
2022-07-12 15:34:00,570,570,570,570,0
2022-07-12 15:35:00,570,570,570,570,0
2022-07-12 15:36:00,570,570,570,570,0
2022-07-12 15:37:00,570,570,570,570,0
2022-07-12 15:38:00,570,570,570,570,0
2022-07-12 15:39:00,570,570,570,570,0
2022-07-12 15:40:00,570,570,570,570,0
2022-07-12 15:41:00,570,570,570,570,0
2022-07-12 15:42:00,570,570,570,570,0
2022-07-12 15:43:00,570,570,570,570,0
2022-07-12 15:44:00,570,570,570,570,0
2022-07-12 15:45:00,570,570,570,570,0
2022-07-12 15:46:00,570,570,570,570,0
2022-07-12 15:47:00,570,570,570,570,0
2022-07-12 15:48:00,570,570,570,570,0
2022-07-12 15:49:00,570,570,570,570,0
2022-07-12 15:50:00,570,570,570,570,0
2022-07-12 15:51:00,570,570,570,570,0
2022-07-12 15:52:00,570,570,570,570,0
2022-07-12 15:53:00,570,570,570,570,0
2022-07-12 15:54:00,570,570,570,570,0
2022-07-12 15:55:00,570,570,570,570,0
2022-07-12 15:56:00,570,570,570,570,0
2022-07-12 15:57:00,570,570,570,570,0
2022-07-12 15:58:00,570,570,570,570,0
2022-07-12 15:59:00,570,570,570,570,0
2022-07-13 09:00:00,615,570,615,575,0
2022-07-13 09:01:00,575,570,580,575,580200
2022-07-13 09:02:00,575,570,580,580,158600
2022-07-13 09:03:00,580,575,580,580,577700
2022-07-13 09:04:00,580,580,585,585,206100
2022-07-13 09:05:00,585,580,585,585,157700
2022-07-13 09:06:00,585,570,585,575,2433400
2022-07-13 09:07:00,575,570,580,580,581800
2022-07-13 09:08:00,575,575,580,580,434500
2022-07-13 09:09:00,580,580,585,580,150200
2022-07-13 09:10:00,580,580,585,580,313200
2022-07-13 09:11:00,580,580,585,580,1029500
2022-07-13 09:12:00,580,575,580,580,78300
2022-07-13 09:13:00,580,575,580,580,152500
2022-07-13 09:14:00,575,575,585,585,530000
2022-07-13 09:15:00,585,580,585,580,220500
2022-07-13 09:16:00,580,580,585,580,978700
2022-07-13 09:17:00,580,580,585,580,78100
2022-07-13 09:18:00,580,580,585,580,299000
2022-07-13 09:19:00,585,580,585,580,79500
2022-07-13 09:20:00,580,580,585,580,23200
2022-07-13 09:21:00,580,580,585,585,458300
2022-07-13 09:22:00,580,580,585,580,274700
2022-07-13 09:23:00,580,575,580,580,207600
2022-07-13 09:24:00,580,575,580,580,53300
2022-07-13 09:25:00,580,575,580,575,53900
2022-07-13 09:26:00,575,575,580,575,836700
2022-07-13 09:27:00,575,575,580,575,540700
2022-07-13 09:28:00,575,575,575,575,224300
2022-07-13 09:29:00,575,570,575,570,111900
2022-07-13 09:30:00,570,570,580,580,188400
2022-07-13 09:31:00,575,575,575,575,248500
2022-07-13 09:32:00,575,570,575,575,93000
2022-07-13 09:33:00,575,570,580,580,35100
2022-07-13 09:34:00,575,575,580,580,21500
2022-07-13 09:35:00,575,575,580,580,32200
2022-07-13 09:36:00,575,575,580,580,28600
2022-07-13 09:37:00,575,575,580,575,187200
2022-07-13 09:38:00,575,570,580,575,43600
2022-07-13 09:39:00,580,575,580,575,10100
2022-07-13 09:40:00,575,575,580,575,19000
2022-07-13 09:41:00,575,575,575,575,12500
2022-07-13 09:42:00,575,575,575,575,12900
2022-07-13 09:43:00,575,575,580,575,460200
2022-07-13 09:44:00,580,575,600,600,6333200
2022-07-13 09:45:00,600,590,600,600,3309300
2022-07-13 09:46:00,595,595,610,605,7218500
2022-07-13 09:47:00,605,595,610,600,2753200
2022-07-13 09:48:00,595,595,600,595,851700
2022-07-13 09:49:00,600,595,600,595,604300
2022-07-13 09:50:00,600,590,600,595,1286200
2022-07-13 09:51:00,595,595,600,595,902100
2022-07-13 09:52:00,595,590,595,590,33000
2022-07-13 09:53:00,590,585,595,585,983400
2022-07-13 09:54:00,585,585,590,585,1019600
2022-07-13 09:55:00,590,585,590,585,191400
2022-07-13 09:56:00,585,585,590,590,20400
2022-07-13 09:57:00,590,585,595,590,338900
2022-07-13 09:58:00,595,590,595,595,40200
2022-07-13 09:59:00,595,590,595,595,30100
2022-07-13 10:00:00,590,585,595,590,441300
2022-07-13 10:01:00,590,590,595,595,651500
2022-07-13 10:02:00,590,590,595,595,44700
2022-07-13 10:03:00,590,590,595,595,36900
2022-07-13 10:04:00,595,590,595,595,534400
2022-07-13 10:05:00,595,590,595,595,150800
2022-07-13 10:06:00,590,590,595,595,0
2022-07-13 10:07:00,595,590,595,595,171600
2022-07-13 10:08:00,595,590,595,590,90700
2022-07-13 10:09:00,595,590,595,595,555300
2022-07-13 10:10:00,595,590,595,590,1005500
2022-07-13 10:11:00,590,585,590,590,721500
2022-07-13 10:12:00,590,590,595,595,0
2022-07-13 10:13:00,590,590,595,595,7900
2022-07-13 10:14:00,595,590,595,590,76100
2022-07-13 10:15:00,590,590,595,595,17500
2022-07-13 10:16:00,590,590,595,595,4400
2022-07-13 10:17:00,595,590,595,595,67400
2022-07-13 10:18:00,595,595,600,600,384700
2022-07-13 10:19:00,600,595,600,600,50500
2022-07-13 10:20:00,600,600,610,610,3524100
2022-07-13 10:21:00,605,605,610,605,706300
2022-07-13 10:22:00,605,605,610,605,1324200
2022-07-13 10:23:00,605,600,610,605,459900
2022-07-13 10:24:00,605,600,605,600,26100
2022-07-13 10:25:00,600,600,600,600,956400
2022-07-13 10:26:00,595,595,600,600,205200
2022-07-13 10:27:00,600,600,600,600,62100
2022-07-13 10:28:00,595,595,605,605,658600
2022-07-13 10:29:00,600,600,605,605,74000
2022-07-13 10:30:00,605,600,605,600,913800
2022-07-13 10:31:00,600,595,600,600,0
2022-07-13 10:32:00,600,595,600,600,28000
2022-07-13 10:33:00,600,600,600,600,139100
2022-07-13 10:34:00,600,595,600,595,45800
2022-07-13 10:35:00,600,595,600,600,7800
2022-07-13 10:36:00,600,595,600,600,13000
2022-07-13 10:37:00,600,600,600,600,105000
2022-07-13 10:38:00,600,595,600,600,158700
2022-07-13 10:39:00,600,600,600,600,6400
2022-07-13 10:40:00,600,600,600,600,60000
2022-07-13 10:41:00,600,600,600,600,0
2022-07-13 10:42:00,600,600,605,605,557100
2022-07-13 10:43:00,605,600,605,605,27500
2022-07-13 10:44:00,600,600,605,605,2900
2022-07-13 10:45:00,605,600,605,600,53800
2022-07-13 10:46:00,600,600,600,600,31000
2022-07-13 10:47:00,600,600,605,600,9000
2022-07-13 10:48:00,600,600,605,605,18200
2022-07-13 10:49:00,600,600,605,600,24700
2022-07-13 10:50:00,600,600,605,605,714900
2022-07-13 10:51:00,605,605,610,605,611700
2022-07-13 10:52:00,610,605,610,610,12500
2022-07-13 10:53:00,605,605,610,605,63200
2022-07-13 10:54:00,605,605,610,605,19200
2022-07-13 10:55:00,605,605,610,610,30400
2022-07-13 10:56:00,605,605,605,605,533500
2022-07-13 10:57:00,605,605,605,605,9700
2022-07-13 10:58:00,605,600,605,600,403900
2022-07-13 10:59:00,600,600,605,605,80500
2022-07-13 11:00:00,605,600,605,605,106900
2022-07-13 11:01:00,600,600,600,600,237200
2022-07-13 11:02:00,600,600,605,605,0
2022-07-13 11:03:00,605,600,605,600,57500
2022-07-13 11:04:00,605,600,605,600,15500
2022-07-13 11:05:00,605,600,605,605,1700
2022-07-13 11:06:00,605,600,605,600,194000
2022-07-13 11:07:00,600,600,610,610,1884300
2022-07-13 11:08:00,605,605,610,610,71800
2022-07-13 11:09:00,605,605,610,605,153100
2022-07-13 11:10:00,610,605,610,605,116200
2022-07-13 11:11:00,605,600,610,605,1063800
2022-07-13 11:12:00,605,600,605,600,267400
2022-07-13 11:13:00,605,600,605,605,0
2022-07-13 11:14:00,605,600,605,605,73900
2022-07-13 11:15:00,605,605,605,605,9000
2022-07-13 11:16:00,605,600,605,600,124900
2022-07-13 11:17:00,600,600,605,605,74000
2022-07-13 11:18:00,605,605,605,605,32800
2022-07-13 11:19:00,600,600,600,600,0
2022-07-13 11:20:00,600,600,600,600,0
2022-07-13 11:21:00,600,600,600,600,534100
2022-07-13 11:22:00,600,600,600,600,9900
2022-07-13 11:23:00,600,600,605,605,98000
2022-07-13 11:24:00,605,600,605,600,694400
2022-07-13 11:25:00,605,600,605,600,941600
2022-07-13 11:26:00,600,600,605,600,12800
2022-07-13 11:27:00,600,600,605,600,27100
2022-07-13 11:28:00,605,605,605,605,156500
2022-07-13 11:29:00,605,600,605,605,0
2022-07-13 11:30:00,605,600,605,605,0
2022-07-13 11:31:00,605,600,605,605,0
2022-07-13 11:32:00,605,600,605,605,0
2022-07-13 11:33:00,605,600,605,605,0
2022-07-13 11:34:00,605,600,605,605,0
2022-07-13 11:35:00,605,600,605,605,0
2022-07-13 11:36:00,605,600,605,605,0
2022-07-13 11:37:00,605,600,605,605,0
2022-07-13 11:38:00,605,600,605,605,0
2022-07-13 11:39:00,605,600,605,605,0
2022-07-13 11:40:00,605,600,605,605,0
2022-07-13 11:41:00,605,600,605,605,0
2022-07-13 11:42:00,605,600,605,605,0
2022-07-13 11:43:00,605,600,605,605,0
2022-07-13 11:44:00,605,600,605,605,0
2022-07-13 11:45:00,605,600,605,605,0
2022-07-13 11:46:00,605,600,605,605,0
2022-07-13 11:47:00,605,600,605,605,0
2022-07-13 11:48:00,605,600,605,605,0
2022-07-13 11:49:00,605,600,605,605,0
2022-07-13 11:50:00,605,600,605,605,0
2022-07-13 11:51:00,605,600,605,605,0
2022-07-13 11:52:00,605,600,605,605,0
2022-07-13 11:53:00,605,600,605,605,0
2022-07-13 11:54:00,605,600,605,605,0
2022-07-13 11:55:00,605,600,605,605,0
2022-07-13 11:56:00,605,600,605,605,0
2022-07-13 11:57:00,605,600,605,605,0
2022-07-13 11:58:00,605,600,605,605,0
2022-07-13 11:59:00,605,600,605,605,0
2022-07-13 12:00:00,605,600,605,605,0
2022-07-13 12:01:00,605,600,605,605,0
2022-07-13 12:02:00,605,600,605,605,0
2022-07-13 12:03:00,605,600,605,605,0
2022-07-13 12:04:00,605,600,605,605,0
2022-07-13 12:05:00,605,600,605,605,0
2022-07-13 12:06:00,605,600,605,605,0
2022-07-13 12:07:00,605,600,605,605,0
2022-07-13 12:08:00,605,600,605,605,0
2022-07-13 12:09:00,605,600,605,605,0
2022-07-13 12:10:00,605,600,605,605,0
2022-07-13 12:11:00,605,600,605,605,0
2022-07-13 12:12:00,605,600,605,605,0
2022-07-13 12:13:00,605,600,605,605,0
2022-07-13 12:14:00,605,600,605,605,0
2022-07-13 12:15:00,605,600,605,605,0
2022-07-13 12:16:00,605,600,605,605,0
2022-07-13 12:17:00,605,600,605,605,0
2022-07-13 12:18:00,605,600,605,605,0
2022-07-13 12:19:00,605,600,605,605,0
2022-07-13 12:20:00,605,600,605,605,0
2022-07-13 12:21:00,605,600,605,605,0
2022-07-13 12:22:00,605,600,605,605,0
2022-07-13 12:23:00,605,600,605,605,0
2022-07-13 12:24:00,605,600,605,605,0
2022-07-13 12:25:00,605,600,605,605,0
2022-07-13 12:26:00,605,600,605,605,0
2022-07-13 12:27:00,605,600,605,605,0
2022-07-13 12:28:00,605,600,605,605,0
2022-07-13 12:29:00,605,600,605,605,0
2022-07-13 12:30:00,605,600,605,605,0
2022-07-13 12:31:00,605,600,605,605,0
2022-07-13 12:32:00,605,600,605,605,0
2022-07-13 12:33:00,605,600,605,605,0
2022-07-13 12:34:00,605,600,605,605,0
2022-07-13 12:35:00,605,600,605,605,0
2022-07-13 12:36:00,605,600,605,605,0
2022-07-13 12:37:00,605,600,605,605,0
2022-07-13 12:38:00,605,600,605,605,0
2022-07-13 12:39:00,605,600,605,605,0
2022-07-13 12:40:00,605,600,605,605,0
2022-07-13 12:41:00,605,600,605,605,0
2022-07-13 12:42:00,605,600,605,605,0
2022-07-13 12:43:00,605,600,605,605,0
2022-07-13 12:44:00,605,600,605,605,0
2022-07-13 12:45:00,605,600,605,605,0
2022-07-13 12:46:00,605,600,605,605,0
2022-07-13 12:47:00,605,600,605,605,0
2022-07-13 12:48:00,605,600,605,605,0
2022-07-13 12:49:00,605,600,605,605,0
2022-07-13 12:50:00,605,600,605,605,0
2022-07-13 12:51:00,605,600,605,605,0
2022-07-13 12:52:00,605,600,605,605,0
2022-07-13 12:53:00,605,600,605,605,0
2022-07-13 12:54:00,605,600,605,605,0
2022-07-13 12:55:00,605,600,605,605,0
2022-07-13 12:56:00,605,600,605,605,0
2022-07-13 12:57:00,605,600,605,605,0
2022-07-13 12:58:00,605,600,605,605,0
2022-07-13 12:59:00,605,600,605,605,0
2022-07-13 13:00:00,605,600,605,605,0
2022-07-13 13:01:00,605,600,605,605,0
2022-07-13 13:02:00,605,600,605,605,0
2022-07-13 13:03:00,605,600,605,605,0
2022-07-13 13:04:00,605,600,605,605,0
2022-07-13 13:05:00,605,600,605,605,0
2022-07-13 13:06:00,605,600,605,605,0
2022-07-13 13:07:00,605,600,605,605,0
2022-07-13 13:08:00,605,600,605,605,0
2022-07-13 13:09:00,605,600,605,605,0
2022-07-13 13:10:00,605,600,605,605,0
2022-07-13 13:11:00,605,600,605,605,0
2022-07-13 13:12:00,605,600,605,605,0
2022-07-13 13:13:00,605,600,605,605,0
2022-07-13 13:14:00,605,600,605,605,0
2022-07-13 13:15:00,605,600,605,605,0
2022-07-13 13:16:00,605,600,605,605,0
2022-07-13 13:17:00,605,600,605,605,0
2022-07-13 13:18:00,605,600,605,605,0
2022-07-13 13:19:00,605,600,605,605,0
2022-07-13 13:20:00,605,600,605,605,0
2022-07-13 13:21:00,605,600,605,605,0
2022-07-13 13:22:00,605,600,605,605,0
2022-07-13 13:23:00,605,600,605,605,0
2022-07-13 13:24:00,605,600,605,605,0
2022-07-13 13:25:00,605,600,605,605,0
2022-07-13 13:26:00,605,600,605,605,0
2022-07-13 13:27:00,605,600,605,605,0
2022-07-13 13:28:00,605,600,605,605,0
2022-07-13 13:29:00,605,600,605,605,0
2022-07-13 13:30:00,605,600,605,600,737500
2022-07-13 13:31:00,600,600,605,600,389600
2022-07-13 13:32:00,600,600,605,600,551100
2022-07-13 13:33:00,600,595,605,605,268500
2022-07-13 13:34:00,600,600,605,605,23500
2022-07-13 13:35:00,605,605,605,605,5600
2022-07-13 13:36:00,600,600,605,600,215300
2022-07-13 13:37:00,600,600,605,600,1575200
2022-07-13 13:38:00,600,600,600,600,118100
2022-07-13 13:39:00,595,595,600,600,107100
2022-07-13 13:40:00,605,600,605,600,118800
2022-07-13 13:41:00,600,600,605,600,0
2022-07-13 13:42:00,600,600,605,605,69300
2022-07-13 13:43:00,605,600,605,605,67600
2022-07-13 13:44:00,600,600,605,600,67100
2022-07-13 13:45:00,605,600,605,600,25300
2022-07-13 13:46:00,600,600,605,600,93900
2022-07-13 13:47:00,605,600,605,600,56000
2022-07-13 13:48:00,600,600,605,600,291000
2022-07-13 13:49:00,600,595,600,600,16000
2022-07-13 13:50:00,600,590,600,590,1774600
2022-07-13 13:51:00,590,585,595,590,1224100
2022-07-13 13:52:00,590,585,595,590,356400
2022-07-13 13:53:00,590,585,590,585,680900
2022-07-13 13:54:00,585,575,585,580,1597200
2022-07-13 13:55:00,580,575,585,580,1256000
2022-07-13 13:56:00,575,575,585,580,264200
2022-07-13 13:57:00,580,570,580,575,1307000
2022-07-13 13:58:00,575,555,575,570,4592900
2022-07-13 13:59:00,570,565,575,575,77000
2022-07-13 14:00:00,575,570,580,575,450600
2022-07-13 14:01:00,580,575,585,580,541600
2022-07-13 14:02:00,585,580,585,580,73300
2022-07-13 14:03:00,580,575,580,580,887300
2022-07-13 14:04:00,575,575,585,580,293300
2022-07-13 14:05:00,580,575,580,575,363300
2022-07-13 14:06:00,575,575,580,575,17600
2022-07-13 14:07:00,575,570,575,575,556800
2022-07-13 14:08:00,575,570,575,575,374800
2022-07-13 14:09:00,575,570,580,575,473700
2022-07-13 14:10:00,575,575,575,575,72100
2022-07-13 14:11:00,575,575,575,575,34800
2022-07-13 14:12:00,575,575,580,575,116700
2022-07-13 14:13:00,580,575,585,585,575100
2022-07-13 14:14:00,580,580,585,580,197500
2022-07-13 14:15:00,580,575,585,575,83200
2022-07-13 14:16:00,580,575,580,575,51900
2022-07-13 14:17:00,575,575,580,580,88200
2022-07-13 14:18:00,575,575,580,575,1229500
2022-07-13 14:19:00,575,570,575,575,302900
2022-07-13 14:20:00,570,565,570,565,558800
2022-07-13 14:21:00,565,565,570,570,184800
2022-07-13 14:22:00,570,565,570,570,79900
2022-07-13 14:23:00,565,565,570,565,145200
2022-07-13 14:24:00,570,565,570,565,655300
2022-07-13 14:25:00,565,560,565,560,152500
2022-07-13 14:26:00,560,560,565,565,295100
2022-07-13 14:27:00,565,565,570,565,103400
2022-07-13 14:28:00,565,560,570,565,600200
2022-07-13 14:29:00,560,560,565,565,181300
2022-07-13 14:30:00,560,560,565,560,108300
2022-07-13 14:31:00,560,560,565,560,631300
2022-07-13 14:32:00,560,555,560,555,561500
2022-07-13 14:33:00,560,545,560,545,5794000
2022-07-13 14:34:00,545,535,550,540,4251900
2022-07-13 14:35:00,540,535,545,540,2870800
2022-07-13 14:36:00,540,540,565,565,3567700
2022-07-13 14:37:00,565,560,570,565,1236000
2022-07-13 14:38:00,560,560,570,565,1613300
2022-07-13 14:39:00,565,560,565,560,1270200
2022-07-13 14:40:00,560,555,560,555,875500
2022-07-13 14:41:00,560,555,560,555,255300
2022-07-13 14:42:00,555,550,555,555,728100
2022-07-13 14:43:00,555,555,560,555,105800
2022-07-13 14:44:00,555,550,555,550,509800
2022-07-13 14:45:00,555,550,555,550,1178600
2022-07-13 14:46:00,550,545,555,545,384000
2022-07-13 14:47:00,550,545,550,545,224500
2022-07-13 14:48:00,545,545,555,545,902300
2022-07-13 14:49:00,550,545,570,565,2673000
2022-07-13 14:50:00,550,545,570,565,0
2022-07-13 14:51:00,550,545,570,565,0
2022-07-13 14:52:00,550,545,570,565,0
2022-07-13 14:53:00,550,545,570,565,0
2022-07-13 14:54:00,550,545,570,565,0
2022-07-13 14:55:00,550,545,570,565,0
2022-07-13 14:56:00,550,545,570,565,0
2022-07-13 14:57:00,550,545,570,565,0
2022-07-13 14:58:00,550,545,570,565,0
2022-07-13 14:59:00,550,545,570,565,0
2022-07-13 15:00:00,570,570,570,570,3636500
2022-07-13 15:01:00,570,570,570,570,1305000
2022-07-13 15:02:00,570,570,570,570,122800
2022-07-13 15:03:00,570,570,570,570,65700
2022-07-13 15:04:00,570,570,570,570,11500
2022-07-13 15:05:00,570,570,570,570,54300
2022-07-13 15:06:00,570,570,570,570,77600
2022-07-13 15:07:00,570,570,570,570,143400
2022-07-13 15:08:00,570,570,570,570,505600
2022-07-13 15:09:00,570,570,570,570,34700
2022-07-13 15:10:00,570,570,570,570,21400
2022-07-13 15:11:00,570,570,570,570,200
2022-07-13 15:12:00,570,570,570,570,300
2022-07-13 15:13:00,570,570,570,570,5200
2022-07-13 15:14:00,570,570,570,570,128252400
2022-07-13 15:15:00,570,570,570,570,0
2022-07-13 15:16:00,570,570,570,570,0
2022-07-13 15:17:00,570,570,570,570,0
2022-07-13 15:18:00,570,570,570,570,0
2022-07-13 15:19:00,570,570,570,570,0
2022-07-13 15:20:00,570,570,570,570,0
2022-07-13 15:21:00,570,570,570,570,0
2022-07-13 15:22:00,570,570,570,570,0
2022-07-13 15:23:00,570,570,570,570,0
2022-07-13 15:24:00,570,570,570,570,0
2022-07-13 15:25:00,570,570,570,570,0
2022-07-13 15:26:00,570,570,570,570,0
2022-07-13 15:27:00,570,570,570,570,0
2022-07-13 15:28:00,570,570,570,570,0
2022-07-13 15:29:00,570,570,570,570,0
2022-07-13 15:30:00,570,570,570,570,0
2022-07-13 15:31:00,570,570,570,570,0
2022-07-13 15:32:00,570,570,570,570,0
2022-07-13 15:33:00,570,570,570,570,0
2022-07-13 15:34:00,570,570,570,570,0
2022-07-13 15:35:00,570,570,570,570,0
2022-07-13 15:36:00,570,570,570,570,0
2022-07-13 15:37:00,570,570,570,570,0
2022-07-13 15:38:00,570,570,570,570,0
2022-07-13 15:39:00,570,570,570,570,0
2022-07-13 15:40:00,570,570,570,570,0
2022-07-13 15:41:00,570,570,570,570,0
2022-07-13 15:42:00,570,570,570,570,0
2022-07-13 15:43:00,570,570,570,570,0
2022-07-13 15:44:00,570,570,570,570,0
2022-07-13 15:45:00,570,570,570,570,0
2022-07-13 15:46:00,570,570,570,570,0
2022-07-13 15:47:00,570,570,570,570,0
2022-07-13 15:48:00,570,570,570,570,0
2022-07-13 15:49:00,570,570,570,570,0
2022-07-13 15:50:00,570,570,570,570,0
2022-07-13 15:51:00,570,570,570,570,0
2022-07-13 15:52:00,570,570,570,570,0
2022-07-13 15:53:00,570,570,570,570,0
2022-07-13 15:54:00,570,570,570,570,0
2022-07-13 15:55:00,570,570,570,570,0
2022-07-13 15:56:00,570,570,570,570,0
2022-07-13 15:57:00,570,570,570,570,0
2022-07-13 15:58:00,570,570,570,570,0
2022-07-13 15:59:00,570,570,570,570,0
2022-07-14 09:00:00,560,560,585,585,0
2022-07-14 09:01:00,585,580,595,590,2039900
2022-07-14 09:02:00,590,585,595,590,1493900
2022-07-14 09:03:00,590,590,595,590,1670100
2022-07-14 09:04:00,590,590,595,590,720100
2022-07-14 09:05:00,590,585,590,590,117000
2022-07-14 09:06:00,590,585,590,590,739500
2022-07-14 09:07:00,590,590,600,600,7288400
2022-07-14 09:08:00,600,600,605,600,1145700
2022-07-14 09:09:00,600,600,610,605,2296800
2022-07-14 09:10:00,610,605,615,610,4195200
2022-07-14 09:11:00,610,605,615,610,3654800
2022-07-14 09:12:00,605,600,610,600,858100
2022-07-14 09:13:00,605,595,605,600,1189000
2022-07-14 09:14:00,600,595,600,600,315600
2022-07-14 09:15:00,600,595,600,595,117100
2022-07-14 09:16:00,600,600,605,605,700000
2022-07-14 09:17:00,605,600,605,600,1151700
2022-07-14 09:18:00,600,600,605,600,155300
2022-07-14 09:19:00,600,600,605,605,920500
2022-07-14 09:20:00,610,605,610,610,435600
2022-07-14 09:21:00,605,605,615,615,3529600
2022-07-14 09:22:00,610,610,615,615,940400
2022-07-14 09:23:00,610,605,615,610,1405400
2022-07-14 09:24:00,610,605,610,610,1247200
2022-07-14 09:25:00,610,605,615,610,627800
2022-07-14 09:26:00,615,610,620,615,3573100
2022-07-14 09:27:00,615,615,620,615,476600
2022-07-14 09:28:00,620,615,620,615,1598600
2022-07-14 09:29:00,610,610,615,615,580300
2022-07-14 09:30:00,615,610,615,610,2094800
2022-07-14 09:31:00,615,610,615,615,57000
2022-07-14 09:32:00,610,610,615,610,46100
2022-07-14 09:33:00,615,610,615,615,118200
2022-07-14 09:34:00,615,610,615,610,241500
2022-07-14 09:35:00,610,610,615,615,1717100
2022-07-14 09:36:00,610,610,620,615,148700
2022-07-14 09:37:00,615,615,620,615,181800
2022-07-14 09:38:00,620,620,630,625,5586300
2022-07-14 09:39:00,625,625,630,630,1934100
2022-07-14 09:40:00,630,625,635,630,2173200
2022-07-14 09:41:00,630,625,630,630,1196000
2022-07-14 09:42:00,630,625,630,630,329800
2022-07-14 09:43:00,630,625,635,635,789700
2022-07-14 09:44:00,635,630,635,635,265100
2022-07-14 09:45:00,635,635,640,640,812900
2022-07-14 09:46:00,640,630,640,640,2486900
2022-07-14 09:47:00,640,635,640,635,761300
2022-07-14 09:48:00,635,630,635,635,771400
2022-07-14 09:49:00,635,630,635,635,141800
2022-07-14 09:50:00,630,625,630,630,1130100
2022-07-14 09:51:00,625,620,630,625,1233500
2022-07-14 09:52:00,625,625,630,630,33600
2022-07-14 09:53:00,630,625,635,635,540500
2022-07-14 09:54:00,630,630,635,630,71300
2022-07-14 09:55:00,630,630,635,635,181200
2022-07-14 09:56:00,630,630,635,630,364000
2022-07-14 09:57:00,635,630,635,630,220000
2022-07-14 09:58:00,635,630,635,630,80700
2022-07-14 09:59:00,635,630,635,630,601300
2022-07-14 10:00:00,630,625,630,625,614400
2022-07-14 10:01:00,630,630,630,630,264500
2022-07-14 10:02:00,630,625,630,630,715600
2022-07-14 10:03:00,625,625,630,625,289200
2022-07-14 10:04:00,625,625,630,630,439400
2022-07-14 10:05:00,630,630,630,630,122900
2022-07-14 10:06:00,630,625,630,630,89300
2022-07-14 10:07:00,630,625,630,630,41800
2022-07-14 10:08:00,630,630,630,630,143600
2022-07-14 10:09:00,630,630,630,630,113500
2022-07-14 10:10:00,630,625,630,625,21600
2022-07-14 10:11:00,625,625,630,630,148300
2022-07-14 10:12:00,630,625,630,630,221600
2022-07-14 10:13:00,630,630,630,630,0
2022-07-14 10:14:00,625,625,630,625,446300
2022-07-14 10:15:00,625,625,630,630,0
2022-07-14 10:16:00,630,625,630,630,136500
2022-07-14 10:17:00,625,625,625,625,28000
2022-07-14 10:18:00,625,625,630,625,17200
2022-07-14 10:19:00,625,625,630,630,756600
2022-07-14 10:20:00,630,630,635,635,53700
2022-07-14 10:21:00,635,630,635,635,102800
2022-07-14 10:22:00,635,630,635,630,503100
2022-07-14 10:23:00,630,630,635,635,92300
2022-07-14 10:24:00,635,635,640,640,936100
2022-07-14 10:25:00,640,635,640,635,63600
2022-07-14 10:26:00,640,635,640,635,357900
2022-07-14 10:27:00,635,635,640,635,48900
2022-07-14 10:28:00,640,635,640,640,87900
2022-07-14 10:29:00,640,635,640,640,441100
2022-07-14 10:30:00,635,635,640,640,175100
2022-07-14 10:31:00,640,635,640,635,23500
2022-07-14 10:32:00,635,635,640,640,54700
2022-07-14 10:33:00,640,635,640,640,18200
2022-07-14 10:34:00,635,635,640,640,46800
2022-07-14 10:35:00,640,635,640,640,126700
2022-07-14 10:36:00,635,635,640,635,104900
2022-07-14 10:37:00,640,635,640,640,80100
2022-07-14 10:38:00,640,635,640,635,127600
2022-07-14 10:39:00,635,635,640,635,58100
2022-07-14 10:40:00,635,635,640,640,45200
2022-07-14 10:41:00,640,635,640,640,31200
2022-07-14 10:42:00,640,635,640,640,0
2022-07-14 10:43:00,640,635,640,640,23500
2022-07-14 10:44:00,635,635,650,645,5472700
2022-07-14 10:45:00,645,645,650,645,1370500
2022-07-14 10:46:00,645,645,650,645,211400
2022-07-14 10:47:00,645,645,650,650,232400
2022-07-14 10:48:00,650,645,650,645,1495500
2022-07-14 10:49:00,645,645,650,645,306200
2022-07-14 10:50:00,650,640,650,645,437700
2022-07-14 10:51:00,645,645,650,645,194400
2022-07-14 10:52:00,645,645,650,650,118000
2022-07-14 10:53:00,650,645,650,650,207700
2022-07-14 10:54:00,650,645,650,650,187500
2022-07-14 10:55:00,650,650,650,650,184700
2022-07-14 10:56:00,650,645,650,645,81300
2022-07-14 10:57:00,650,645,650,650,224800
2022-07-14 10:58:00,650,645,650,650,129000
2022-07-14 10:59:00,650,645,650,650,72000
2022-07-14 11:00:00,650,645,650,650,38000
2022-07-14 11:01:00,645,645,650,645,96600
2022-07-14 11:02:00,650,645,650,650,85100
2022-07-14 11:03:00,650,645,650,645,608400
2022-07-14 11:04:00,645,645,650,645,1028700
2022-07-14 11:05:00,645,640,645,645,453300
2022-07-14 11:06:00,645,645,650,650,52300
2022-07-14 11:07:00,650,645,650,645,41700
2022-07-14 11:08:00,645,645,650,645,58500
2022-07-14 11:09:00,645,645,645,645,1515700
2022-07-14 11:10:00,645,640,650,640,224400
2022-07-14 11:11:00,640,640,645,645,155300
2022-07-14 11:12:00,645,640,645,645,163300
2022-07-14 11:13:00,645,645,645,645,900
2022-07-14 11:14:00,640,640,645,640,100100
2022-07-14 11:15:00,640,640,645,645,35200
2022-07-14 11:16:00,645,640,645,640,148300
2022-07-14 11:17:00,645,640,645,640,239100
2022-07-14 11:18:00,640,635,640,635,994900
2022-07-14 11:19:00,635,635,640,640,74700
2022-07-14 11:20:00,635,635,640,635,265500
2022-07-14 11:21:00,635,620,635,625,4539600
2022-07-14 11:22:00,625,620,630,625,471900
2022-07-14 11:23:00,625,625,630,630,165000
2022-07-14 11:24:00,630,630,635,635,62000
2022-07-14 11:25:00,635,635,635,635,414300
2022-07-14 11:26:00,635,635,635,635,44800
2022-07-14 11:27:00,635,630,635,635,54900
2022-07-14 11:28:00,635,630,635,635,62700
2022-07-14 11:29:00,635,630,640,635,816000
2022-07-14 11:30:00,635,630,640,635,0
2022-07-14 11:31:00,635,630,640,635,0
2022-07-14 11:32:00,635,630,640,635,0
2022-07-14 11:33:00,635,630,640,635,0
2022-07-14 11:34:00,635,630,640,635,0
2022-07-14 11:35:00,635,630,640,635,0
2022-07-14 11:36:00,635,630,640,635,0
2022-07-14 11:37:00,635,630,640,635,0
2022-07-14 11:38:00,635,630,640,635,0
2022-07-14 11:39:00,635,630,640,635,0
2022-07-14 11:40:00,635,630,640,635,0
2022-07-14 11:41:00,635,630,640,635,0
2022-07-14 11:42:00,635,630,640,635,0
2022-07-14 11:43:00,635,630,640,635,0
2022-07-14 11:44:00,635,630,640,635,0
2022-07-14 11:45:00,635,630,640,635,0
2022-07-14 11:46:00,635,630,640,635,0
2022-07-14 11:47:00,635,630,640,635,0
2022-07-14 11:48:00,635,630,640,635,0
2022-07-14 11:49:00,635,630,640,635,0
2022-07-14 11:50:00,635,630,640,635,0
2022-07-14 11:51:00,635,630,640,635,0
2022-07-14 11:52:00,635,630,640,635,0
2022-07-14 11:53:00,635,630,640,635,0
2022-07-14 11:54:00,635,630,640,635,0
2022-07-14 11:55:00,635,630,640,635,0
2022-07-14 11:56:00,635,630,640,635,0
2022-07-14 11:57:00,635,630,640,635,0
2022-07-14 11:58:00,635,630,640,635,0
2022-07-14 11:59:00,635,630,640,635,0
2022-07-14 12:00:00,635,630,640,635,0
2022-07-14 12:01:00,635,630,640,635,0
2022-07-14 12:02:00,635,630,640,635,0
2022-07-14 12:03:00,635,630,640,635,0
2022-07-14 12:04:00,635,630,640,635,0
2022-07-14 12:05:00,635,630,640,635,0
2022-07-14 12:06:00,635,630,640,635,0
2022-07-14 12:07:00,635,630,640,635,0
2022-07-14 12:08:00,635,630,640,635,0
2022-07-14 12:09:00,635,630,640,635,0
2022-07-14 12:10:00,635,630,640,635,0
2022-07-14 12:11:00,635,630,640,635,0
2022-07-14 12:12:00,635,630,640,635,0
2022-07-14 12:13:00,635,630,640,635,0
2022-07-14 12:14:00,635,630,640,635,0
2022-07-14 12:15:00,635,630,640,635,0
2022-07-14 12:16:00,635,630,640,635,0
2022-07-14 12:17:00,635,630,640,635,0
2022-07-14 12:18:00,635,630,640,635,0
2022-07-14 12:19:00,635,630,640,635,0
2022-07-14 12:20:00,635,630,640,635,0
2022-07-14 12:21:00,635,630,640,635,0
2022-07-14 12:22:00,635,630,640,635,0
2022-07-14 12:23:00,635,630,640,635,0
2022-07-14 12:24:00,635,630,640,635,0
2022-07-14 12:25:00,635,630,640,635,0
2022-07-14 12:26:00,635,630,640,635,0
2022-07-14 12:27:00,635,630,640,635,0
2022-07-14 12:28:00,635,630,640,635,0
2022-07-14 12:29:00,635,630,640,635,0
2022-07-14 12:30:00,635,630,640,635,0
2022-07-14 12:31:00,635,630,640,635,0
2022-07-14 12:32:00,635,630,640,635,0
2022-07-14 12:33:00,635,630,640,635,0
2022-07-14 12:34:00,635,630,640,635,0
2022-07-14 12:35:00,635,630,640,635,0
2022-07-14 12:36:00,635,630,640,635,0
2022-07-14 12:37:00,635,630,640,635,0
2022-07-14 12:38:00,635,630,640,635,0
2022-07-14 12:39:00,635,630,640,635,0
2022-07-14 12:40:00,635,630,640,635,0
2022-07-14 12:41:00,635,630,640,635,0
2022-07-14 12:42:00,635,630,640,635,0
2022-07-14 12:43:00,635,630,640,635,0
2022-07-14 12:44:00,635,630,640,635,0
2022-07-14 12:45:00,635,630,640,635,0
2022-07-14 12:46:00,635,630,640,635,0
2022-07-14 12:47:00,635,630,640,635,0
2022-07-14 12:48:00,635,630,640,635,0
2022-07-14 12:49:00,635,630,640,635,0
2022-07-14 12:50:00,635,630,640,635,0
2022-07-14 12:51:00,635,630,640,635,0
2022-07-14 12:52:00,635,630,640,635,0
2022-07-14 12:53:00,635,630,640,635,0
2022-07-14 12:54:00,635,630,640,635,0
2022-07-14 12:55:00,635,630,640,635,0
2022-07-14 12:56:00,635,630,640,635,0
2022-07-14 12:57:00,635,630,640,635,0
2022-07-14 12:58:00,635,630,640,635,0
2022-07-14 12:59:00,635,630,640,635,0
2022-07-14 13:00:00,635,630,640,635,0
2022-07-14 13:01:00,635,630,640,635,0
2022-07-14 13:02:00,635,630,640,635,0
2022-07-14 13:03:00,635,630,640,635,0
2022-07-14 13:04:00,635,630,640,635,0
2022-07-14 13:05:00,635,630,640,635,0
2022-07-14 13:06:00,635,630,640,635,0
2022-07-14 13:07:00,635,630,640,635,0
2022-07-14 13:08:00,635,630,640,635,0
2022-07-14 13:09:00,635,630,640,635,0
2022-07-14 13:10:00,635,630,640,635,0
2022-07-14 13:11:00,635,630,640,635,0
2022-07-14 13:12:00,635,630,640,635,0
2022-07-14 13:13:00,635,630,640,635,0
2022-07-14 13:14:00,635,630,640,635,0
2022-07-14 13:15:00,635,630,640,635,0
2022-07-14 13:16:00,635,630,640,635,0
2022-07-14 13:17:00,635,630,640,635,0
2022-07-14 13:18:00,635,630,640,635,0
2022-07-14 13:19:00,635,630,640,635,0
2022-07-14 13:20:00,635,630,640,635,0
2022-07-14 13:21:00,635,630,640,635,0
2022-07-14 13:22:00,635,630,640,635,0
2022-07-14 13:23:00,635,630,640,635,0
2022-07-14 13:24:00,635,630,640,635,0
2022-07-14 13:25:00,635,630,640,635,0
2022-07-14 13:26:00,635,630,640,635,0
2022-07-14 13:27:00,635,630,640,635,0
2022-07-14 13:28:00,635,630,640,635,0
2022-07-14 13:29:00,635,630,640,635,0
2022-07-14 13:30:00,635,630,640,635,172300
2022-07-14 13:31:00,635,635,640,640,641500
2022-07-14 13:32:00,640,635,640,640,4500
2022-07-14 13:33:00,640,640,640,640,122200
2022-07-14 13:34:00,640,640,640,640,13700
2022-07-14 13:35:00,640,635,640,635,87700
2022-07-14 13:36:00,640,635,645,645,519700
2022-07-14 13:37:00,640,640,645,640,195600
2022-07-14 13:38:00,640,640,645,640,231600
2022-07-14 13:39:00,645,640,645,640,389200
2022-07-14 13:40:00,640,635,640,635,65400
2022-07-14 13:41:00,640,635,640,640,45000
2022-07-14 13:42:00,640,635,640,635,63000
2022-07-14 13:43:00,640,635,640,640,82600
2022-07-14 13:44:00,640,635,640,635,579900
2022-07-14 13:45:00,635,630,635,630,135900
2022-07-14 13:46:00,635,630,635,630,132600
2022-07-14 13:47:00,635,630,635,635,175900
2022-07-14 13:48:00,635,635,640,640,23700
2022-07-14 13:49:00,640,635,640,635,18900
2022-07-14 13:50:00,635,635,640,640,20600
2022-07-14 13:51:00,640,635,640,635,9000
2022-07-14 13:52:00,640,635,640,635,22300
2022-07-14 13:53:00,640,635,640,635,476100
2022-07-14 13:54:00,635,635,640,635,217600
2022-07-14 13:55:00,635,635,635,635,188900
2022-07-14 13:56:00,635,630,635,635,17000
2022-07-14 13:57:00,635,635,640,635,42800
2022-07-14 13:58:00,635,630,635,630,55600
2022-07-14 13:59:00,630,630,635,635,74500
2022-07-14 14:00:00,635,630,635,630,114000
2022-07-14 14:01:00,630,630,640,635,171400
2022-07-14 14:02:00,635,630,635,630,0
2022-07-14 14:03:00,630,630,635,630,62600
2022-07-14 14:04:00,630,630,635,635,27400
2022-07-14 14:05:00,635,635,635,635,195800
2022-07-14 14:06:00,635,635,635,635,41900
2022-07-14 14:07:00,635,635,640,640,44200
2022-07-14 14:08:00,635,630,640,640,977500
2022-07-14 14:09:00,640,640,640,640,44900
2022-07-14 14:10:00,645,640,645,640,61500
2022-07-14 14:11:00,640,635,640,640,541100
2022-07-14 14:12:00,640,635,640,635,48900
2022-07-14 14:13:00,640,635,640,640,95000
2022-07-14 14:14:00,640,635,640,635,24200
2022-07-14 14:15:00,635,635,640,635,52900
2022-07-14 14:16:00,635,635,635,635,40400
2022-07-14 14:17:00,640,635,640,635,40000
2022-07-14 14:18:00,635,635,640,635,20000
2022-07-14 14:19:00,640,640,640,640,3500
2022-07-14 14:20:00,640,640,650,650,4145600
2022-07-14 14:21:00,645,645,650,645,419800
2022-07-14 14:22:00,650,645,650,650,32300
2022-07-14 14:23:00,650,640,650,645,1371700
2022-07-14 14:24:00,645,645,645,645,161800
2022-07-14 14:25:00,645,640,650,650,134500
2022-07-14 14:26:00,645,645,650,650,205500
2022-07-14 14:27:00,645,645,650,650,24200
2022-07-14 14:28:00,650,645,650,650,1809100
2022-07-14 14:29:00,650,645,650,650,1264500
2022-07-14 14:30:00,650,645,650,650,747100
2022-07-14 14:31:00,650,645,655,650,606200
2022-07-14 14:32:00,645,645,650,645,30900
2022-07-14 14:33:00,650,640,650,645,551300
2022-07-14 14:34:00,640,640,645,645,127900
2022-07-14 14:35:00,645,640,645,645,585200
2022-07-14 14:36:00,645,645,650,650,166800
2022-07-14 14:37:00,645,645,645,645,500000
2022-07-14 14:38:00,645,645,650,650,98400
2022-07-14 14:39:00,645,645,650,645,387100
2022-07-14 14:40:00,645,645,650,645,529500
2022-07-14 14:41:00,650,645,650,650,599100
2022-07-14 14:42:00,645,645,650,645,333400
2022-07-14 14:43:00,650,645,650,650,0
2022-07-14 14:44:00,650,645,650,650,117400
2022-07-14 14:45:00,645,645,650,645,152700
2022-07-14 14:46:00,645,645,650,645,130800
2022-07-14 14:47:00,645,640,650,645,914300
2022-07-14 14:48:00,645,645,650,650,633200
2022-07-14 14:49:00,645,645,655,650,3489800
2022-07-14 14:50:00,645,645,655,650,0
2022-07-14 14:51:00,645,645,655,650,0
2022-07-14 14:52:00,645,645,655,650,0
2022-07-14 14:53:00,645,645,655,650,0
2022-07-14 14:54:00,645,645,655,650,0
2022-07-14 14:55:00,645,645,655,650,0
2022-07-14 14:56:00,645,645,655,650,0
2022-07-14 14:57:00,645,645,655,650,0
2022-07-14 14:58:00,645,645,655,650,0
2022-07-14 14:59:00,645,645,655,650,0
2022-07-14 15:00:00,655,655,655,655,138346500
2022-07-14 15:01:00,655,655,655,655,0
2022-07-14 15:02:00,655,655,655,655,0
2022-07-14 15:03:00,655,655,655,655,0
2022-07-14 15:04:00,655,655,655,655,0
2022-07-14 15:05:00,655,655,655,655,0
2022-07-14 15:06:00,655,655,655,655,0
2022-07-14 15:07:00,655,655,655,655,0
2022-07-14 15:08:00,655,655,655,655,0
2022-07-14 15:09:00,655,655,655,655,0
2022-07-14 15:10:00,655,655,655,655,0
2022-07-14 15:11:00,655,655,655,655,0
2022-07-14 15:12:00,655,655,655,655,0
2022-07-14 15:13:00,655,655,655,655,0
2022-07-14 15:14:00,655,655,655,655,0
2022-07-14 15:15:00,655,655,655,655,0
2022-07-14 15:16:00,655,655,655,655,0
2022-07-14 15:17:00,655,655,655,655,0
2022-07-14 15:18:00,655,655,655,655,0
2022-07-14 15:19:00,655,655,655,655,0
2022-07-14 15:20:00,655,655,655,655,0
2022-07-14 15:21:00,655,655,655,655,0
2022-07-14 15:22:00,655,655,655,655,0
2022-07-14 15:23:00,655,655,655,655,0
2022-07-14 15:24:00,655,655,655,655,0
2022-07-14 15:25:00,655,655,655,655,0
2022-07-14 15:26:00,655,655,655,655,0
2022-07-14 15:27:00,655,655,655,655,0
2022-07-14 15:28:00,655,655,655,655,0
2022-07-14 15:29:00,655,655,655,655,0
2022-07-14 15:30:00,655,655,655,655,0
2022-07-14 15:31:00,655,655,655,655,0
2022-07-14 15:32:00,655,655,655,655,0
2022-07-14 15:33:00,655,655,655,655,0
2022-07-14 15:34:00,655,655,655,655,0
2022-07-14 15:35:00,655,655,655,655,0
2022-07-14 15:36:00,655,655,655,655,0
2022-07-14 15:37:00,655,655,655,655,0
2022-07-14 15:38:00,655,655,655,655,0
2022-07-14 15:39:00,655,655,655,655,0
2022-07-14 15:40:00,655,655,655,655,0
2022-07-14 15:41:00,655,655,655,655,0
2022-07-14 15:42:00,655,655,655,655,0
2022-07-14 15:43:00,655,655,655,655,0
2022-07-14 15:44:00,655,655,655,655,0
2022-07-14 15:45:00,655,655,655,655,0
2022-07-14 15:46:00,655,655,655,655,0
2022-07-14 15:47:00,655,655,655,655,0
2022-07-14 15:48:00,655,655,655,655,0
2022-07-14 15:49:00,655,655,655,655,0
2022-07-14 15:50:00,655,655,655,655,0
2022-07-14 15:51:00,655,655,655,655,0
2022-07-14 15:52:00,655,655,655,655,0
2022-07-14 15:53:00,655,655,655,655,0
2022-07-14 15:54:00,655,655,655,655,0
2022-07-14 15:55:00,655,655,655,655,0
2022-07-14 15:56:00,655,655,655,655,0
2022-07-14 15:57:00,655,655,655,655,0
2022-07-14 15:58:00,655,655,655,655,0
2022-07-14 15:59:00,655,655,655,655,0
2022-07-15 09:00:00,665,660,680,680,0
2022-07-15 09:01:00,680,680,705,695,11540400
2022-07-15 09:02:00,695,675,695,690,5832900
2022-07-15 09:03:00,690,675,690,675,6423700
2022-07-15 09:04:00,675,675,685,680,819900
2022-07-15 09:05:00,680,680,695,695,2707200
2022-07-15 09:06:00,695,690,705,695,6003600
2022-07-15 09:07:00,700,695,705,700,5043700
2022-07-15 09:08:00,700,695,705,700,3114600
2022-07-15 09:09:00,700,685,700,695,5788600
2022-07-15 09:10:00,695,690,700,695,624900
2022-07-15 09:11:00,700,695,700,700,1441700
2022-07-15 09:12:00,700,695,705,700,3593300
2022-07-15 09:13:00,700,695,700,700,1210700
2022-07-15 09:14:00,700,695,700,700,1812000
2022-07-15 09:15:00,700,695,705,700,501600
2022-07-15 09:16:00,700,695,700,695,142400
2022-07-15 09:17:00,700,695,700,700,1164200
2022-07-15 09:18:00,700,695,700,700,274200
2022-07-15 09:19:00,700,685,700,685,4011100
2022-07-15 09:20:00,685,685,690,685,1648600
2022-07-15 09:21:00,690,685,695,690,732900
2022-07-15 09:22:00,695,690,695,690,61200
2022-07-15 09:23:00,695,690,695,695,353000
2022-07-15 09:24:00,690,690,695,695,138100
2022-07-15 09:25:00,695,690,695,695,186000
2022-07-15 09:26:00,690,690,695,690,354600
2022-07-15 09:27:00,690,690,695,695,155500
2022-07-15 09:28:00,690,690,695,690,26700
2022-07-15 09:29:00,690,690,695,690,75600
2022-07-15 09:30:00,690,690,695,690,101700
2022-07-15 09:31:00,690,690,695,690,44400
2022-07-15 09:32:00,695,690,695,690,402400
2022-07-15 09:33:00,695,690,695,695,57700
2022-07-15 09:34:00,690,690,695,695,129300
2022-07-15 09:35:00,695,690,695,690,47300
2022-07-15 09:36:00,690,690,695,690,410900
2022-07-15 09:37:00,690,690,695,695,1885800
2022-07-15 09:38:00,695,695,700,695,103700
2022-07-15 09:39:00,695,695,700,700,196100
2022-07-15 09:40:00,700,695,700,700,543400
2022-07-15 09:41:00,695,695,700,695,395400
2022-07-15 09:42:00,695,695,700,695,103800
2022-07-15 09:43:00,700,695,700,700,45600
2022-07-15 09:44:00,695,695,700,695,16700
2022-07-15 09:45:00,695,695,700,695,21900
2022-07-15 09:46:00,700,695,700,700,287200
2022-07-15 09:47:00,700,695,700,695,245500
2022-07-15 09:48:00,695,695,700,700,74500
2022-07-15 09:49:00,700,695,700,700,5698400
2022-07-15 09:50:00,700,700,705,705,421500
2022-07-15 09:51:00,700,700,705,705,1511800
2022-07-15 09:52:00,705,705,710,705,3045500
2022-07-15 09:53:00,710,705,710,710,1486600
2022-07-15 09:54:00,710,695,710,700,1456900
2022-07-15 09:55:00,700,695,700,700,634400
2022-07-15 09:56:00,700,700,705,700,193600
2022-07-15 09:57:00,705,700,705,705,163900
2022-07-15 09:58:00,705,700,705,705,150000
2022-07-15 09:59:00,700,695,705,700,2809300
2022-07-15 10:00:00,705,695,705,700,324900
2022-07-15 10:01:00,700,695,700,700,29600
2022-07-15 10:02:00,695,690,700,690,1819600
2022-07-15 10:03:00,690,685,695,690,2856200
2022-07-15 10:04:00,690,680,695,680,5938900
2022-07-15 10:05:00,680,680,690,685,1479800
2022-07-15 10:06:00,690,690,695,695,338400
2022-07-15 10:07:00,695,690,695,690,417400
2022-07-15 10:08:00,690,685,690,690,82500
2022-07-15 10:09:00,685,680,690,685,893600
2022-07-15 10:10:00,685,685,690,690,326200
2022-07-15 10:11:00,685,685,690,690,109600
2022-07-15 10:12:00,685,680,690,680,558800
2022-07-15 10:13:00,685,680,685,685,145300
2022-07-15 10:14:00,685,680,690,685,396400
2022-07-15 10:15:00,690,685,690,685,157300
2022-07-15 10:16:00,685,685,690,685,26600
2022-07-15 10:17:00,690,685,690,685,90800
2022-07-15 10:18:00,690,685,690,690,182200
2022-07-15 10:19:00,685,685,685,685,802400
2022-07-15 10:20:00,690,685,690,685,412200
2022-07-15 10:21:00,685,685,690,685,194600
2022-07-15 10:22:00,685,685,690,685,46300
2022-07-15 10:23:00,690,685,690,685,52400
2022-07-15 10:24:00,690,685,690,690,43000
2022-07-15 10:25:00,685,685,685,685,6500
2022-07-15 10:26:00,685,685,690,685,41200
2022-07-15 10:27:00,685,685,690,690,0
2022-07-15 10:28:00,685,685,690,690,16300
2022-07-15 10:29:00,690,690,690,690,2800
2022-07-15 10:30:00,685,685,690,685,19500
2022-07-15 10:31:00,685,685,690,685,449600
2022-07-15 10:32:00,685,685,690,685,47500
2022-07-15 10:33:00,685,685,685,685,388900
2022-07-15 10:34:00,685,685,685,685,14800
2022-07-15 10:35:00,685,685,690,685,141100
2022-07-15 10:36:00,685,685,690,690,1200
2022-07-15 10:37:00,690,685,695,695,1334100
2022-07-15 10:38:00,690,690,695,690,34700
2022-07-15 10:39:00,690,690,695,695,53300
2022-07-15 10:40:00,695,695,695,695,164300
2022-07-15 10:41:00,695,690,695,695,283500
2022-07-15 10:42:00,690,690,700,700,219000
2022-07-15 10:43:00,695,695,700,700,0
2022-07-15 10:44:00,695,695,700,695,1249700
2022-07-15 10:45:00,695,695,700,695,536200
2022-07-15 10:46:00,695,690,695,690,12500
2022-07-15 10:47:00,690,690,695,690,70400
2022-07-15 10:48:00,690,690,695,690,78900
2022-07-15 10:49:00,690,690,695,695,41300
2022-07-15 10:50:00,690,690,695,695,2400
2022-07-15 10:51:00,695,690,695,690,24600
2022-07-15 10:52:00,690,690,695,690,6000
2022-07-15 10:53:00,695,690,695,695,18800
2022-07-15 10:54:00,695,690,695,690,34900
2022-07-15 10:55:00,690,690,695,695,102100
2022-07-15 10:56:00,695,690,695,690,31800
2022-07-15 10:57:00,695,695,695,695,2316500
2022-07-15 10:58:00,700,695,700,695,89600
2022-07-15 10:59:00,695,695,700,695,344900
2022-07-15 11:00:00,695,695,695,695,105600
2022-07-15 11:01:00,695,690,695,690,32900
2022-07-15 11:02:00,695,695,695,695,39400
2022-07-15 11:03:00,695,695,695,695,35800
2022-07-15 11:04:00,695,695,695,695,196800
2022-07-15 11:05:00,690,690,695,695,0
2022-07-15 11:06:00,695,695,700,700,93800
2022-07-15 11:07:00,700,695,700,695,47600
2022-07-15 11:08:00,700,695,700,700,223400
2022-07-15 11:09:00,700,695,700,695,92100
2022-07-15 11:10:00,695,690,695,695,15900
2022-07-15 11:11:00,695,695,700,695,124500
2022-07-15 11:12:00,695,690,695,695,61200
2022-07-15 11:13:00,695,695,695,695,8300
2022-07-15 11:14:00,695,690,695,695,20600
2022-07-15 11:15:00,695,690,695,695,72400
2022-07-15 11:16:00,695,695,695,695,43400
2022-07-15 11:17:00,695,695,695,695,6500
2022-07-15 11:18:00,695,690,695,695,75600
2022-07-15 11:19:00,695,690,695,690,6800
2022-07-15 11:20:00,690,690,695,690,194500
2022-07-15 11:21:00,690,690,695,695,0
2022-07-15 11:22:00,695,690,695,695,56100
2022-07-15 11:23:00,690,690,695,695,21100
2022-07-15 11:24:00,695,690,695,690,24500
2022-07-15 11:25:00,690,690,695,690,20800
2022-07-15 11:26:00,695,690,695,695,25500
2022-07-15 11:27:00,690,690,695,695,5700
2022-07-15 11:28:00,695,690,695,695,89400
2022-07-15 11:29:00,695,695,695,695,82200
2022-07-15 11:30:00,695,695,695,695,0
2022-07-15 11:31:00,695,695,695,695,0
2022-07-15 11:32:00,695,695,695,695,0
2022-07-15 11:33:00,695,695,695,695,0
2022-07-15 11:34:00,695,695,695,695,0
2022-07-15 11:35:00,695,695,695,695,0
2022-07-15 11:36:00,695,695,695,695,0
2022-07-15 11:37:00,695,695,695,695,0
2022-07-15 11:38:00,695,695,695,695,0
2022-07-15 11:39:00,695,695,695,695,0
2022-07-15 11:40:00,695,695,695,695,0
2022-07-15 11:41:00,695,695,695,695,0
2022-07-15 11:42:00,695,695,695,695,0
2022-07-15 11:43:00,695,695,695,695,0
2022-07-15 11:44:00,695,695,695,695,0
2022-07-15 11:45:00,695,695,695,695,0
2022-07-15 11:46:00,695,695,695,695,0
2022-07-15 11:47:00,695,695,695,695,0
2022-07-15 11:48:00,695,695,695,695,0
2022-07-15 11:49:00,695,695,695,695,0
2022-07-15 11:50:00,695,695,695,695,0
2022-07-15 11:51:00,695,695,695,695,0
2022-07-15 11:52:00,695,695,695,695,0
2022-07-15 11:53:00,695,695,695,695,0
2022-07-15 11:54:00,695,695,695,695,0
2022-07-15 11:55:00,695,695,695,695,0
2022-07-15 11:56:00,695,695,695,695,0
2022-07-15 11:57:00,695,695,695,695,0
2022-07-15 11:58:00,695,695,695,695,0
2022-07-15 11:59:00,695,695,695,695,0
2022-07-15 12:00:00,695,695,695,695,0
2022-07-15 12:01:00,695,695,695,695,0
2022-07-15 12:02:00,695,695,695,695,0
2022-07-15 12:03:00,695,695,695,695,0
2022-07-15 12:04:00,695,695,695,695,0
2022-07-15 12:05:00,695,695,695,695,0
2022-07-15 12:06:00,695,695,695,695,0
2022-07-15 12:07:00,695,695,695,695,0
2022-07-15 12:08:00,695,695,695,695,0
2022-07-15 12:09:00,695,695,695,695,0
2022-07-15 12:10:00,695,695,695,695,0
2022-07-15 12:11:00,695,695,695,695,0
2022-07-15 12:12:00,695,695,695,695,0
2022-07-15 12:13:00,695,695,695,695,0
2022-07-15 12:14:00,695,695,695,695,0
2022-07-15 12:15:00,695,695,695,695,0
2022-07-15 12:16:00,695,695,695,695,0
2022-07-15 12:17:00,695,695,695,695,0
2022-07-15 12:18:00,695,695,695,695,0
2022-07-15 12:19:00,695,695,695,695,0
2022-07-15 12:20:00,695,695,695,695,0
2022-07-15 12:21:00,695,695,695,695,0
2022-07-15 12:22:00,695,695,695,695,0
2022-07-15 12:23:00,695,695,695,695,0
2022-07-15 12:24:00,695,695,695,695,0
2022-07-15 12:25:00,695,695,695,695,0
2022-07-15 12:26:00,695,695,695,695,0
2022-07-15 12:27:00,695,695,695,695,0
2022-07-15 12:28:00,695,695,695,695,0
2022-07-15 12:29:00,695,695,695,695,0
2022-07-15 12:30:00,695,695,695,695,0
2022-07-15 12:31:00,695,695,695,695,0
2022-07-15 12:32:00,695,695,695,695,0
2022-07-15 12:33:00,695,695,695,695,0
2022-07-15 12:34:00,695,695,695,695,0
2022-07-15 12:35:00,695,695,695,695,0
2022-07-15 12:36:00,695,695,695,695,0
2022-07-15 12:37:00,695,695,695,695,0
2022-07-15 12:38:00,695,695,695,695,0
2022-07-15 12:39:00,695,695,695,695,0
2022-07-15 12:40:00,695,695,695,695,0
2022-07-15 12:41:00,695,695,695,695,0
2022-07-15 12:42:00,695,695,695,695,0
2022-07-15 12:43:00,695,695,695,695,0
2022-07-15 12:44:00,695,695,695,695,0
2022-07-15 12:45:00,695,695,695,695,0
2022-07-15 12:46:00,695,695,695,695,0
2022-07-15 12:47:00,695,695,695,695,0
2022-07-15 12:48:00,695,695,695,695,0
2022-07-15 12:49:00,695,695,695,695,0
2022-07-15 12:50:00,695,695,695,695,0
2022-07-15 12:51:00,695,695,695,695,0
2022-07-15 12:52:00,695,695,695,695,0
2022-07-15 12:53:00,695,695,695,695,0
2022-07-15 12:54:00,695,695,695,695,0
2022-07-15 12:55:00,695,695,695,695,0
2022-07-15 12:56:00,695,695,695,695,0
2022-07-15 12:57:00,695,695,695,695,0
2022-07-15 12:58:00,695,695,695,695,0
2022-07-15 12:59:00,695,695,695,695,0
2022-07-15 13:00:00,695,695,695,695,0
2022-07-15 13:01:00,695,695,695,695,0
2022-07-15 13:02:00,695,695,695,695,0
2022-07-15 13:03:00,695,695,695,695,0
2022-07-15 13:04:00,695,695,695,695,0
2022-07-15 13:05:00,695,695,695,695,0
2022-07-15 13:06:00,695,695,695,695,0
2022-07-15 13:07:00,695,695,695,695,0
2022-07-15 13:08:00,695,695,695,695,0
2022-07-15 13:09:00,695,695,695,695,0
2022-07-15 13:10:00,695,695,695,695,0
2022-07-15 13:11:00,695,695,695,695,0
2022-07-15 13:12:00,695,695,695,695,0
2022-07-15 13:13:00,695,695,695,695,0
2022-07-15 13:14:00,695,695,695,695,0
2022-07-15 13:15:00,695,695,695,695,0
2022-07-15 13:16:00,695,695,695,695,0
2022-07-15 13:17:00,695,695,695,695,0
2022-07-15 13:18:00,695,695,695,695,0
2022-07-15 13:19:00,695,695,695,695,0
2022-07-15 13:20:00,695,695,695,695,0
2022-07-15 13:21:00,695,695,695,695,0
2022-07-15 13:22:00,695,695,695,695,0
2022-07-15 13:23:00,695,695,695,695,0
2022-07-15 13:24:00,695,695,695,695,0
2022-07-15 13:25:00,695,695,695,695,0
2022-07-15 13:26:00,695,695,695,695,0
2022-07-15 13:27:00,695,695,695,695,0
2022-07-15 13:28:00,695,695,695,695,0
2022-07-15 13:29:00,695,695,695,695,0
2022-07-15 13:30:00,695,690,700,695,899400
2022-07-15 13:31:00,695,690,700,695,528100
2022-07-15 13:32:00,695,690,695,695,63900
2022-07-15 13:33:00,695,690,695,690,169700
2022-07-15 13:34:00,690,690,695,695,29900
2022-07-15 13:35:00,695,695,700,695,773500
2022-07-15 13:36:00,695,695,695,695,105700
2022-07-15 13:37:00,695,695,695,695,46000
2022-07-15 13:38:00,695,690,695,690,454200
2022-07-15 13:39:00,695,695,700,700,0
2022-07-15 13:40:00,695,695,700,695,267100
2022-07-15 13:41:00,695,690,695,690,670700
2022-07-15 13:42:00,695,690,700,700,158700
2022-07-15 13:43:00,700,700,700,700,20100
2022-07-15 13:44:00,700,695,700,695,32400
2022-07-15 13:45:00,695,695,700,695,330600
2022-07-15 13:46:00,695,695,695,695,183200
2022-07-15 13:47:00,695,695,700,695,763900
2022-07-15 13:48:00,695,690,695,695,576700
2022-07-15 13:49:00,690,685,690,685,1934800
2022-07-15 13:50:00,690,690,695,690,355200
2022-07-15 13:51:00,690,690,690,690,25900
2022-07-15 13:52:00,690,685,690,690,171500
2022-07-15 13:53:00,690,685,690,685,125700
2022-07-15 13:54:00,685,685,690,685,6700
2022-07-15 13:55:00,685,685,690,690,507200
2022-07-15 13:56:00,690,685,695,690,643700
2022-07-15 13:57:00,690,690,700,695,952300
2022-07-15 13:58:00,695,695,695,695,214700
2022-07-15 13:59:00,695,690,700,690,106900
2022-07-15 14:00:00,695,695,695,695,211100
2022-07-15 14:01:00,695,690,695,690,763100
2022-07-15 14:02:00,690,685,690,690,212700
2022-07-15 14:03:00,685,685,690,685,37400
2022-07-15 14:04:00,690,685,690,685,380400
2022-07-15 14:05:00,685,685,690,690,106800
2022-07-15 14:06:00,685,685,690,690,329000
2022-07-15 14:07:00,690,685,690,690,134800
2022-07-15 14:08:00,690,690,690,690,2000
2022-07-15 14:09:00,685,685,690,690,131900
2022-07-15 14:10:00,685,685,685,685,79400
2022-07-15 14:11:00,685,685,690,685,584900
2022-07-15 14:12:00,685,680,685,680,53600
2022-07-15 14:13:00,680,680,685,680,395400
2022-07-15 14:14:00,680,680,685,680,195200
2022-07-15 14:15:00,680,680,685,680,1329300
2022-07-15 14:16:00,680,660,680,665,6006200
2022-07-15 14:17:00,665,660,670,670,1378200
2022-07-15 14:18:00,670,670,680,680,538200
2022-07-15 14:19:00,680,680,685,685,1056100
2022-07-15 14:20:00,685,670,685,675,2119900
2022-07-15 14:21:00,670,670,675,675,320000
2022-07-15 14:22:00,675,670,675,670,963400
2022-07-15 14:23:00,665,660,670,665,1320600
2022-07-15 14:24:00,670,665,675,675,698600
2022-07-15 14:25:00,675,670,680,675,1314400
2022-07-15 14:26:00,675,670,675,670,163400
2022-07-15 14:27:00,670,670,680,680,248000
2022-07-15 14:28:00,675,675,680,675,214300
2022-07-15 14:29:00,675,675,680,675,53900
2022-07-15 14:30:00,675,675,680,675,32700
2022-07-15 14:31:00,675,675,680,675,28700
2022-07-15 14:32:00,680,675,680,680,119800
2022-07-15 14:33:00,680,675,680,680,246400
2022-07-15 14:34:00,680,670,680,670,97800
2022-07-15 14:35:00,670,670,680,680,108400
2022-07-15 14:36:00,675,675,680,675,247200
2022-07-15 14:37:00,680,675,680,680,87900
2022-07-15 14:38:00,675,675,680,675,37700
2022-07-15 14:39:00,675,675,680,675,98400
2022-07-15 14:40:00,675,675,680,680,56200
2022-07-15 14:41:00,675,675,680,675,137300
2022-07-15 14:42:00,680,675,680,675,9000
2022-07-15 14:43:00,680,675,680,675,91400
2022-07-15 14:44:00,675,675,680,675,52500
2022-07-15 14:45:00,675,675,680,675,192000
2022-07-15 14:46:00,675,670,680,675,846700
2022-07-15 14:47:00,675,670,675,675,457700
2022-07-15 14:48:00,670,670,675,670,634700
2022-07-15 14:49:00,670,665,670,665,1533100
2022-07-15 14:50:00,670,665,670,665,0
2022-07-15 14:51:00,670,665,670,665,0
2022-07-15 14:52:00,670,665,670,665,0
2022-07-15 14:53:00,670,665,670,665,0
2022-07-15 14:54:00,670,665,670,665,0
2022-07-15 14:55:00,670,665,670,665,0
2022-07-15 14:56:00,670,665,670,665,0
2022-07-15 14:57:00,670,665,670,665,0
2022-07-15 14:58:00,670,665,670,665,0
2022-07-15 14:59:00,670,665,670,665,0
2022-07-15 15:00:00,665,665,665,665,4395600
2022-07-15 15:01:00,665,665,665,665,5677000
2022-07-15 15:02:00,665,665,665,665,56400
2022-07-15 15:03:00,665,665,665,665,378200
2022-07-15 15:04:00,665,665,665,665,71300
2022-07-15 15:05:00,665,665,665,665,3503200
2022-07-15 15:06:00,665,665,665,665,301600
2022-07-15 15:07:00,665,665,665,665,107000
2022-07-15 15:08:00,665,665,665,665,1099900
2022-07-15 15:09:00,665,665,665,665,2800
2022-07-15 15:10:00,665,665,665,665,9100
2022-07-15 15:11:00,665,665,665,665,90400
2022-07-15 15:12:00,665,665,665,665,0
2022-07-15 15:13:00,665,665,665,665,1436300
2022-07-15 15:14:00,665,665,665,665,0
2022-07-15 15:15:00,665,665,665,665,0
2022-07-15 15:16:00,665,665,665,665,0
2022-07-15 15:17:00,665,665,665,665,0
2022-07-15 15:18:00,665,665,665,665,0
2022-07-15 15:19:00,665,665,665,665,0
2022-07-15 15:20:00,665,665,665,665,0
2022-07-15 15:21:00,665,665,665,665,0
2022-07-15 15:22:00,665,665,665,665,0
2022-07-15 15:23:00,665,665,665,665,0
2022-07-15 15:24:00,665,665,665,665,0
2022-07-15 15:25:00,665,665,665,665,0
2022-07-15 15:26:00,665,665,665,665,0
2022-07-15 15:27:00,665,665,665,665,0
2022-07-15 15:28:00,665,665,665,665,0
2022-07-15 15:29:00,665,665,665,665,0
2022-07-15 15:30:00,665,665,665,665,0
2022-07-15 15:31:00,665,665,665,665,0
2022-07-15 15:32:00,665,665,665,665,0
2022-07-15 15:33:00,665,665,665,665,0
2022-07-15 15:34:00,665,665,665,665,0
2022-07-15 15:35:00,665,665,665,665,0
2022-07-15 15:36:00,665,665,665,665,0
2022-07-15 15:37:00,665,665,665,665,0
2022-07-15 15:38:00,665,665,665,665,0
2022-07-15 15:39:00,665,665,665,665,0
2022-07-15 15:40:00,665,665,665,665,0
2022-07-15 15:41:00,665,665,665,665,0
2022-07-15 15:42:00,665,665,665,665,0
2022-07-15 15:43:00,665,665,665,665,0
2022-07-15 15:44:00,665,665,665,665,0
2022-07-15 15:45:00,665,665,665,665,0
2022-07-15 15:46:00,665,665,665,665,0
2022-07-15 15:47:00,665,665,665,665,0
2022-07-15 15:48:00,665,665,665,665,0
2022-07-15 15:49:00,665,665,665,665,0
2022-07-15 15:50:00,665,665,665,665,0
2022-07-15 15:51:00,665,665,665,665,0
2022-07-15 15:52:00,665,665,665,665,0
2022-07-15 15:53:00,665,665,665,665,0
2022-07-15 15:54:00,665,665,665,665,0
2022-07-15 15:55:00,665,665,665,665,0
2022-07-15 15:56:00,665,665,665,665,0
2022-07-15 15:57:00,665,665,665,665,0
2022-07-15 15:58:00,665,665,665,665,0
2022-07-15 15:59:00,665,665,665,665,0
2022-07-18 09:00:00,650,645,660,645,0
2022-07-18 09:01:00,640,620,650,645,6010100
2022-07-18 09:02:00,645,645,660,655,1543100
2022-07-18 09:03:00,655,640,655,645,1952000
2022-07-18 09:04:00,645,640,650,645,1520300
2022-07-18 09:05:00,645,635,645,635,1672500
2022-07-18 09:06:00,635,630,645,645,1068300
2022-07-18 09:07:00,640,640,655,650,1914200
2022-07-18 09:08:00,655,650,670,670,3097100
2022-07-18 09:09:00,670,670,680,675,2584800
2022-07-18 09:10:00,675,670,680,675,765300
2022-07-18 09:11:00,675,660,680,660,2102800
2022-07-18 09:12:00,660,660,665,660,733400
2022-07-18 09:13:00,660,655,665,655,256000
2022-07-18 09:14:00,660,655,660,655,372200
2022-07-18 09:15:00,660,655,660,655,118800
2022-07-18 09:16:00,660,655,660,655,292300
2022-07-18 09:17:00,655,650,655,650,215600
2022-07-18 09:18:00,650,650,655,655,128400
2022-07-18 09:19:00,650,650,660,660,228600
2022-07-18 09:20:00,655,655,665,660,326000
2022-07-18 09:21:00,665,660,665,660,102400
2022-07-18 09:22:00,660,660,665,665,31800
2022-07-18 09:23:00,665,660,675,665,1006000
2022-07-18 09:24:00,665,665,675,670,195400
2022-07-18 09:25:00,670,670,675,670,163400
2022-07-18 09:26:00,675,670,680,675,529600
2022-07-18 09:27:00,675,665,675,670,1094600
2022-07-18 09:28:00,670,660,670,660,1565900
2022-07-18 09:29:00,660,655,665,665,1273400
2022-07-18 09:30:00,665,660,665,665,112000
2022-07-18 09:31:00,660,660,665,660,336000
2022-07-18 09:32:00,665,660,665,660,151700
2022-07-18 09:33:00,665,660,665,660,125800
2022-07-18 09:34:00,660,655,660,660,29600
2022-07-18 09:35:00,655,655,660,655,43600
2022-07-18 09:36:00,655,655,660,660,271300
2022-07-18 09:37:00,665,660,665,660,371100
2022-07-18 09:38:00,660,660,665,660,23600
2022-07-18 09:39:00,665,660,665,660,164700
2022-07-18 09:40:00,660,655,660,660,217500
2022-07-18 09:41:00,660,655,660,655,12000
2022-07-18 09:42:00,660,655,660,655,79500
2022-07-18 09:43:00,655,655,660,655,924700
2022-07-18 09:44:00,655,655,660,660,1311400
2022-07-18 09:45:00,660,655,660,660,625200
2022-07-18 09:46:00,655,655,665,665,0
2022-07-18 09:47:00,660,655,665,660,47800
2022-07-18 09:48:00,660,655,660,655,21900
2022-07-18 09:49:00,655,655,660,660,300
2022-07-18 09:50:00,660,655,660,655,65200
2022-07-18 09:51:00,660,660,660,660,0
2022-07-18 09:52:00,655,655,660,660,1900
2022-07-18 09:53:00,655,655,660,660,49300
2022-07-18 09:54:00,660,655,660,655,21500
2022-07-18 09:55:00,655,655,660,660,785900
2022-07-18 09:56:00,660,660,660,660,5100
2022-07-18 09:57:00,655,655,660,660,5400
2022-07-18 09:58:00,655,655,660,660,6000
2022-07-18 09:59:00,660,655,660,660,51600
2022-07-18 10:00:00,660,655,660,660,258400
2022-07-18 10:01:00,660,660,665,660,23500
2022-07-18 10:02:00,660,660,670,670,783500
2022-07-18 10:03:00,665,665,675,670,956100
2022-07-18 10:04:00,670,670,675,670,352300
2022-07-18 10:05:00,670,665,670,670,107400
2022-07-18 10:06:00,670,670,670,670,29800
2022-07-18 10:07:00,670,670,670,670,9600
2022-07-18 10:08:00,670,665,670,665,293900
2022-07-18 10:09:00,665,665,670,665,0
2022-07-18 10:10:00,665,665,670,670,13800
2022-07-18 10:11:00,670,665,670,665,458700
2022-07-18 10:12:00,670,665,670,665,105900
2022-07-18 10:13:00,665,665,670,670,68300
2022-07-18 10:14:00,670,665,670,665,17300
2022-07-18 10:15:00,665,665,670,670,12000
2022-07-18 10:16:00,670,665,670,670,3700
2022-07-18 10:17:00,665,665,670,670,7000
2022-07-18 10:18:00,670,665,670,670,10800
2022-07-18 10:19:00,670,670,675,670,1073500
2022-07-18 10:20:00,675,670,675,675,10400
2022-07-18 10:21:00,675,670,675,670,230300
2022-07-18 10:22:00,670,670,675,675,1459500
2022-07-18 10:23:00,680,675,685,685,1756400
2022-07-18 10:24:00,685,680,690,680,2417000
2022-07-18 10:25:00,685,680,685,680,435400
2022-07-18 10:26:00,680,680,685,685,248800
2022-07-18 10:27:00,685,680,685,685,276200
2022-07-18 10:28:00,680,680,685,685,884800
2022-07-18 10:29:00,685,685,685,685,181600
2022-07-18 10:30:00,685,680,685,680,641400
2022-07-18 10:31:00,680,680,680,680,256700
2022-07-18 10:32:00,680,675,680,680,126800
2022-07-18 10:33:00,680,675,685,685,187600
2022-07-18 10:34:00,680,680,685,685,70100
2022-07-18 10:35:00,685,685,685,685,1133900
2022-07-18 10:36:00,685,685,685,685,17200
2022-07-18 10:37:00,680,680,685,685,855800
2022-07-18 10:38:00,680,675,680,680,34800
2022-07-18 10:39:00,680,675,680,675,79700
2022-07-18 10:40:00,675,675,680,680,5000
2022-07-18 10:41:00,680,670,680,670,629600
2022-07-18 10:42:00,675,670,675,670,18700
2022-07-18 10:43:00,670,670,675,675,43800
2022-07-18 10:44:00,675,670,675,670,57200
2022-07-18 10:45:00,675,670,675,670,100300
2022-07-18 10:46:00,670,670,675,675,148100
2022-07-18 10:47:00,675,670,675,675,118900
2022-07-18 10:48:00,675,675,675,675,34000
2022-07-18 10:49:00,670,670,675,675,0
2022-07-18 10:50:00,670,670,675,670,26300
2022-07-18 10:51:00,675,670,675,670,19100
2022-07-18 10:52:00,675,670,675,675,20700
2022-07-18 10:53:00,670,670,675,670,549700
2022-07-18 10:54:00,670,670,670,670,353300
2022-07-18 10:55:00,670,665,670,665,127200
2022-07-18 10:56:00,665,665,665,665,38900
2022-07-18 10:57:00,665,665,665,665,6800
2022-07-18 10:58:00,665,665,670,665,28100
2022-07-18 10:59:00,665,665,670,670,99900
2022-07-18 11:00:00,670,665,670,670,700
2022-07-18 11:01:00,665,665,670,670,14100
2022-07-18 11:02:00,665,665,670,665,66300
2022-07-18 11:03:00,665,665,670,665,29100
2022-07-18 11:04:00,665,665,665,665,828500
2022-07-18 11:05:00,665,665,670,665,225400
2022-07-18 11:06:00,665,665,665,665,91900
2022-07-18 11:07:00,665,660,670,665,632900
2022-07-18 11:08:00,665,660,665,660,0
2022-07-18 11:09:00,665,665,665,665,6900
2022-07-18 11:10:00,660,660,660,660,101700
2022-07-18 11:11:00,660,660,665,660,120300
2022-07-18 11:12:00,665,665,670,670,30300
2022-07-18 11:13:00,665,665,665,665,50200
2022-07-18 11:14:00,665,665,670,670,4900
2022-07-18 11:15:00,665,665,670,665,23100
2022-07-18 11:16:00,670,665,670,665,28900
2022-07-18 11:17:00,670,665,670,665,652300
2022-07-18 11:18:00,670,665,670,665,0
2022-07-18 11:19:00,665,665,665,665,0
2022-07-18 11:20:00,665,665,665,665,2400
2022-07-18 11:21:00,665,665,665,665,39800
2022-07-18 11:22:00,665,665,665,665,1500
2022-07-18 11:23:00,665,665,670,670,1100
2022-07-18 11:24:00,670,665,670,665,167600
2022-07-18 11:25:00,665,665,670,670,23400
2022-07-18 11:26:00,665,665,665,665,0
2022-07-18 11:27:00,665,665,670,670,15500
2022-07-18 11:28:00,665,665,670,670,6100
2022-07-18 11:29:00,665,665,670,665,33600
2022-07-18 11:30:00,665,665,670,665,0
2022-07-18 11:31:00,665,665,670,665,0
2022-07-18 11:32:00,665,665,670,665,0
2022-07-18 11:33:00,665,665,670,665,0
2022-07-18 11:34:00,665,665,670,665,0
2022-07-18 11:35:00,665,665,670,665,0
2022-07-18 11:36:00,665,665,670,665,0
2022-07-18 11:37:00,665,665,670,665,0
2022-07-18 11:38:00,665,665,670,665,0
2022-07-18 11:39:00,665,665,670,665,0
2022-07-18 11:40:00,665,665,670,665,0
2022-07-18 11:41:00,665,665,670,665,0
2022-07-18 11:42:00,665,665,670,665,0
2022-07-18 11:43:00,665,665,670,665,0
2022-07-18 11:44:00,665,665,670,665,0
2022-07-18 11:45:00,665,665,670,665,0
2022-07-18 11:46:00,665,665,670,665,0
2022-07-18 11:47:00,665,665,670,665,0
2022-07-18 11:48:00,665,665,670,665,0
2022-07-18 11:49:00,665,665,670,665,0
2022-07-18 11:50:00,665,665,670,665,0
2022-07-18 11:51:00,665,665,670,665,0
2022-07-18 11:52:00,665,665,670,665,0
2022-07-18 11:53:00,665,665,670,665,0
2022-07-18 11:54:00,665,665,670,665,0
2022-07-18 11:55:00,665,665,670,665,0
2022-07-18 11:56:00,665,665,670,665,0
2022-07-18 11:57:00,665,665,670,665,0
2022-07-18 11:58:00,665,665,670,665,0
2022-07-18 11:59:00,665,665,670,665,0
2022-07-18 12:00:00,665,665,670,665,0
2022-07-18 12:01:00,665,665,670,665,0
2022-07-18 12:02:00,665,665,670,665,0
2022-07-18 12:03:00,665,665,670,665,0
2022-07-18 12:04:00,665,665,670,665,0
2022-07-18 12:05:00,665,665,670,665,0
2022-07-18 12:06:00,665,665,670,665,0
2022-07-18 12:07:00,665,665,670,665,0
2022-07-18 12:08:00,665,665,670,665,0
2022-07-18 12:09:00,665,665,670,665,0
2022-07-18 12:10:00,665,665,670,665,0
2022-07-18 12:11:00,665,665,670,665,0
2022-07-18 12:12:00,665,665,670,665,0
2022-07-18 12:13:00,665,665,670,665,0
2022-07-18 12:14:00,665,665,670,665,0
2022-07-18 12:15:00,665,665,670,665,0
2022-07-18 12:16:00,665,665,670,665,0
2022-07-18 12:17:00,665,665,670,665,0
2022-07-18 12:18:00,665,665,670,665,0
2022-07-18 12:19:00,665,665,670,665,0
2022-07-18 12:20:00,665,665,670,665,0
2022-07-18 12:21:00,665,665,670,665,0
2022-07-18 12:22:00,665,665,670,665,0
2022-07-18 12:23:00,665,665,670,665,0
2022-07-18 12:24:00,665,665,670,665,0
2022-07-18 12:25:00,665,665,670,665,0
2022-07-18 12:26:00,665,665,670,665,0
2022-07-18 12:27:00,665,665,670,665,0
2022-07-18 12:28:00,665,665,670,665,0
2022-07-18 12:29:00,665,665,670,665,0
2022-07-18 12:30:00,665,665,670,665,0
2022-07-18 12:31:00,665,665,670,665,0
2022-07-18 12:32:00,665,665,670,665,0
2022-07-18 12:33:00,665,665,670,665,0
2022-07-18 12:34:00,665,665,670,665,0
2022-07-18 12:35:00,665,665,670,665,0
2022-07-18 12:36:00,665,665,670,665,0
2022-07-18 12:37:00,665,665,670,665,0
2022-07-18 12:38:00,665,665,670,665,0
2022-07-18 12:39:00,665,665,670,665,0
2022-07-18 12:40:00,665,665,670,665,0
2022-07-18 12:41:00,665,665,670,665,0
2022-07-18 12:42:00,665,665,670,665,0
2022-07-18 12:43:00,665,665,670,665,0
2022-07-18 12:44:00,665,665,670,665,0
2022-07-18 12:45:00,665,665,670,665,0
2022-07-18 12:46:00,665,665,670,665,0
2022-07-18 12:47:00,665,665,670,665,0
2022-07-18 12:48:00,665,665,670,665,0
2022-07-18 12:49:00,665,665,670,665,0
2022-07-18 12:50:00,665,665,670,665,0
2022-07-18 12:51:00,665,665,670,665,0
2022-07-18 12:52:00,665,665,670,665,0
2022-07-18 12:53:00,665,665,670,665,0
2022-07-18 12:54:00,665,665,670,665,0
2022-07-18 12:55:00,665,665,670,665,0
2022-07-18 12:56:00,665,665,670,665,0
2022-07-18 12:57:00,665,665,670,665,0
2022-07-18 12:58:00,665,665,670,665,0
2022-07-18 12:59:00,665,665,670,665,0
2022-07-18 13:00:00,665,665,670,665,0
2022-07-18 13:01:00,665,665,670,665,0
2022-07-18 13:02:00,665,665,670,665,0
2022-07-18 13:03:00,665,665,670,665,0
2022-07-18 13:04:00,665,665,670,665,0
2022-07-18 13:05:00,665,665,670,665,0
2022-07-18 13:06:00,665,665,670,665,0
2022-07-18 13:07:00,665,665,670,665,0
2022-07-18 13:08:00,665,665,670,665,0
2022-07-18 13:09:00,665,665,670,665,0
2022-07-18 13:10:00,665,665,670,665,0
2022-07-18 13:11:00,665,665,670,665,0
2022-07-18 13:12:00,665,665,670,665,0
2022-07-18 13:13:00,665,665,670,665,0
2022-07-18 13:14:00,665,665,670,665,0
2022-07-18 13:15:00,665,665,670,665,0
2022-07-18 13:16:00,665,665,670,665,0
2022-07-18 13:17:00,665,665,670,665,0
2022-07-18 13:18:00,665,665,670,665,0
2022-07-18 13:19:00,665,665,670,665,0
2022-07-18 13:20:00,665,665,670,665,0
2022-07-18 13:21:00,665,665,670,665,0
2022-07-18 13:22:00,665,665,670,665,0
2022-07-18 13:23:00,665,665,670,665,0
2022-07-18 13:24:00,665,665,670,665,0
2022-07-18 13:25:00,665,665,670,665,0
2022-07-18 13:26:00,665,665,670,665,0
2022-07-18 13:27:00,665,665,670,665,0
2022-07-18 13:28:00,665,665,670,665,0
2022-07-18 13:29:00,665,665,670,665,0
2022-07-18 13:30:00,665,665,675,670,1776300
2022-07-18 13:31:00,670,670,675,670,135900
2022-07-18 13:32:00,670,665,675,675,313200
2022-07-18 13:33:00,675,670,675,670,228400
2022-07-18 13:34:00,675,675,675,675,83000
2022-07-18 13:35:00,670,670,670,670,9600
2022-07-18 13:36:00,670,670,675,675,14300
2022-07-18 13:37:00,670,670,675,675,55800
2022-07-18 13:38:00,675,670,675,670,6300
2022-07-18 13:39:00,675,675,675,675,52000
2022-07-18 13:40:00,675,670,675,670,236300
2022-07-18 13:41:00,670,670,675,675,139500
2022-07-18 13:42:00,670,670,675,675,12200
2022-07-18 13:43:00,675,670,675,675,6800
2022-07-18 13:44:00,675,670,675,670,10100
2022-07-18 13:45:00,675,670,675,670,34000
2022-07-18 13:46:00,670,670,675,675,3900
2022-07-18 13:47:00,670,670,675,670,9400
2022-07-18 13:48:00,670,670,675,675,9100
2022-07-18 13:49:00,670,670,675,670,55700
2022-07-18 13:50:00,670,670,675,670,248600
2022-07-18 13:51:00,670,670,670,670,11900
2022-07-18 13:52:00,665,665,670,665,8500
2022-07-18 13:53:00,670,665,670,670,15100
2022-07-18 13:54:00,670,670,670,670,93700
2022-07-18 13:55:00,670,670,675,670,16700
2022-07-18 13:56:00,670,670,675,670,41500
2022-07-18 13:57:00,670,670,675,675,62400
2022-07-18 13:58:00,670,670,670,670,20400
2022-07-18 13:59:00,670,670,670,670,54300
2022-07-18 14:00:00,670,665,670,665,4600
2022-07-18 14:01:00,665,665,675,675,193500
2022-07-18 14:02:00,675,675,675,675,12000
2022-07-18 14:03:00,670,670,675,675,26700
2022-07-18 14:04:00,670,670,675,670,19300
2022-07-18 14:05:00,665,665,670,670,59200
2022-07-18 14:06:00,670,665,670,670,5300
2022-07-18 14:07:00,665,665,670,670,53700
2022-07-18 14:08:00,670,665,670,670,6300
2022-07-18 14:09:00,670,670,670,670,33300
2022-07-18 14:10:00,670,670,670,670,7000
2022-07-18 14:11:00,670,670,670,670,7100
2022-07-18 14:12:00,670,665,670,665,19400
2022-07-18 14:13:00,670,665,670,670,5000
2022-07-18 14:14:00,670,665,670,670,0
2022-07-18 14:15:00,665,665,670,670,21500
2022-07-18 14:16:00,665,665,670,670,30400
2022-07-18 14:17:00,670,665,670,670,174100
2022-07-18 14:18:00,670,670,670,670,200
2022-07-18 14:19:00,665,660,670,665,1112600
2022-07-18 14:20:00,665,660,665,665,461400
2022-07-18 14:21:00,665,665,670,670,9000
2022-07-18 14:22:00,665,665,665,665,17200
2022-07-18 14:23:00,665,665,665,665,76600
2022-07-18 14:24:00,665,665,670,670,67800
2022-07-18 14:25:00,670,665,670,665,208900
2022-07-18 14:26:00,665,665,665,665,375200
2022-07-18 14:27:00,665,665,670,670,5900
2022-07-18 14:28:00,665,665,670,670,173300
2022-07-18 14:29:00,665,660,665,665,125200
2022-07-18 14:30:00,665,665,665,665,12400
2022-07-18 14:31:00,665,660,665,660,58200
2022-07-18 14:32:00,665,660,665,665,508600
2022-07-18 14:33:00,660,660,665,665,25900
2022-07-18 14:34:00,660,660,665,665,19000
2022-07-18 14:35:00,665,660,665,665,39200
2022-07-18 14:36:00,665,660,665,660,2866500
2022-07-18 14:37:00,660,655,665,660,604900
2022-07-18 14:38:00,660,660,665,665,170600
2022-07-18 14:39:00,665,660,665,665,71600
2022-07-18 14:40:00,665,660,665,660,135600
2022-07-18 14:41:00,660,660,660,660,4000
2022-07-18 14:42:00,660,660,665,665,71500
2022-07-18 14:43:00,660,660,675,670,2210800
2022-07-18 14:44:00,670,670,670,670,642500
2022-07-18 14:45:00,665,665,670,670,196800
2022-07-18 14:46:00,670,670,680,680,1655300
2022-07-18 14:47:00,675,675,680,680,1036200
2022-07-18 14:48:00,680,675,685,685,1100300
2022-07-18 14:49:00,685,680,690,690,3421800
2022-07-18 14:50:00,685,680,690,690,0
2022-07-18 14:51:00,685,680,690,690,0
2022-07-18 14:52:00,685,680,690,690,0
2022-07-18 14:53:00,685,680,690,690,0
2022-07-18 14:54:00,685,680,690,690,0
2022-07-18 14:55:00,685,680,690,690,0
2022-07-18 14:56:00,685,680,690,690,0
2022-07-18 14:57:00,685,680,690,690,0
2022-07-18 14:58:00,685,680,690,690,0
2022-07-18 14:59:00,685,680,690,690,0
2022-07-18 15:00:00,690,690,690,690,6322500
2022-07-18 15:01:00,690,690,690,690,320000
2022-07-18 15:02:00,690,690,690,690,116500
2022-07-18 15:03:00,690,690,690,690,117700
2022-07-18 15:04:00,690,690,690,690,81900
2022-07-18 15:05:00,690,690,690,690,8200
2022-07-18 15:06:00,690,690,690,690,168300
2022-07-18 15:07:00,690,690,690,690,1137500
2022-07-18 15:08:00,690,690,690,690,17600
2022-07-18 15:09:00,690,690,690,690,59700
2022-07-18 15:10:00,690,690,690,690,44700
2022-07-18 15:11:00,690,690,690,690,24700
2022-07-18 15:12:00,690,690,690,690,0
2022-07-18 15:13:00,690,690,690,690,455100
2022-07-18 15:14:00,690,690,690,690,0
2022-07-18 15:15:00,690,690,690,690,0
2022-07-18 15:16:00,690,690,690,690,0
2022-07-18 15:17:00,690,690,690,690,0
2022-07-18 15:18:00,690,690,690,690,0
2022-07-18 15:19:00,690,690,690,690,0
2022-07-18 15:20:00,690,690,690,690,0
2022-07-18 15:21:00,690,690,690,690,0
2022-07-18 15:22:00,690,690,690,690,0
2022-07-18 15:23:00,690,690,690,690,0
2022-07-18 15:24:00,690,690,690,690,0
2022-07-18 15:25:00,690,690,690,690,0
2022-07-18 15:26:00,690,690,690,690,0
2022-07-18 15:27:00,690,690,690,690,0
2022-07-18 15:28:00,690,690,690,690,0
2022-07-18 15:29:00,690,690,690,690,0
2022-07-18 15:30:00,690,690,690,690,0
2022-07-18 15:31:00,690,690,690,690,0
2022-07-18 15:32:00,690,690,690,690,0
2022-07-18 15:33:00,690,690,690,690,0
2022-07-18 15:34:00,690,690,690,690,0
2022-07-18 15:35:00,690,690,690,690,0
2022-07-18 15:36:00,690,690,690,690,0
2022-07-18 15:37:00,690,690,690,690,0
2022-07-18 15:38:00,690,690,690,690,0
2022-07-18 15:39:00,690,690,690,690,0
2022-07-18 15:40:00,690,690,690,690,0
2022-07-18 15:41:00,690,690,690,690,0
2022-07-18 15:42:00,690,690,690,690,0
2022-07-18 15:43:00,690,690,690,690,0
2022-07-18 15:44:00,690,690,690,690,0
2022-07-18 15:45:00,690,690,690,690,0
2022-07-18 15:46:00,690,690,690,690,0
2022-07-18 15:47:00,690,690,690,690,0
2022-07-18 15:48:00,690,690,690,690,0
2022-07-18 15:49:00,690,690,690,690,0
2022-07-18 15:50:00,690,690,690,690,0
2022-07-18 15:51:00,690,690,690,690,0
2022-07-18 15:52:00,690,690,690,690,0
2022-07-18 15:53:00,690,690,690,690,0
2022-07-18 15:54:00,690,690,690,690,0
2022-07-18 15:55:00,690,690,690,690,0
2022-07-18 15:56:00,690,690,690,690,0
2022-07-18 15:57:00,690,690,690,690,0
2022-07-18 15:58:00,690,690,690,690,0
2022-07-18 15:59:00,690,690,690,690,0
2022-07-19 09:00:00,690,690,705,700,2393600
2022-07-19 09:01:00,700,695,710,710,2855700
2022-07-19 09:02:00,705,705,720,715,3431500
2022-07-19 09:03:00,715,710,725,720,2989700
2022-07-19 09:04:00,725,710,725,720,2425500
2022-07-19 09:05:00,720,700,720,710,3759100
2022-07-19 09:06:00,710,705,715,710,1075200
2022-07-19 09:07:00,715,710,715,710,221400
2022-07-19 09:08:00,715,705,715,710,1213600
2022-07-19 09:09:00,710,705,710,710,398000
2022-07-19 09:10:00,705,705,710,710,436700
2022-07-19 09:11:00,715,705,715,710,519900
2022-07-19 09:12:00,705,705,710,710,236000
2022-07-19 09:13:00,710,705,710,710,416100
2022-07-19 09:14:00,715,710,715,710,206900
2022-07-19 09:15:00,710,710,715,710,721200
2022-07-19 09:16:00,710,710,715,715,178600
2022-07-19 09:17:00,715,710,720,720,1029300
2022-07-19 09:18:00,720,715,725,720,2067800
2022-07-19 09:19:00,720,720,725,720,783200
2022-07-19 09:20:00,720,720,730,725,2583100
2022-07-19 09:21:00,725,720,725,720,521900
2022-07-19 09:22:00,725,715,725,715,1591100
2022-07-19 09:23:00,715,710,715,715,2330800
2022-07-19 09:24:00,715,715,720,715,549300
2022-07-19 09:25:00,715,710,720,720,416100
2022-07-19 09:26:00,715,715,720,720,511900
2022-07-19 09:27:00,720,715,720,720,442400
2022-07-19 09:28:00,720,715,720,720,101400
2022-07-19 09:29:00,720,715,720,720,59500
2022-07-19 09:30:00,715,715,720,720,395100
2022-07-19 09:31:00,715,715,725,720,1351400
2022-07-19 09:32:00,720,720,725,720,505900
2022-07-19 09:33:00,720,715,725,725,644200
2022-07-19 09:34:00,720,720,725,725,273200
2022-07-19 09:35:00,720,720,725,720,342000
2022-07-19 09:36:00,725,720,725,720,319600
2022-07-19 09:37:00,720,720,730,725,1190300
2022-07-19 09:38:00,730,725,730,725,885000
2022-07-19 09:39:00,725,725,730,730,1101800
2022-07-19 09:40:00,725,725,730,725,377700
2022-07-19 09:41:00,730,725,730,725,936300
2022-07-19 09:42:00,725,725,730,725,321400
2022-07-19 09:43:00,725,725,735,735,2646400
2022-07-19 09:44:00,735,730,740,735,2860600
2022-07-19 09:45:00,740,730,740,735,1283700
2022-07-19 09:46:00,735,725,735,730,1145600
2022-07-19 09:47:00,730,725,735,730,1050600
2022-07-19 09:48:00,730,730,735,730,49300
2022-07-19 09:49:00,730,730,735,730,158300
2022-07-19 09:50:00,730,730,735,735,44500
2022-07-19 09:51:00,735,730,735,735,181500
2022-07-19 09:52:00,730,730,735,735,28000
2022-07-19 09:53:00,735,730,745,745,3321800
2022-07-19 09:54:00,740,740,745,740,700900
2022-07-19 09:55:00,740,735,740,740,991300
2022-07-19 09:56:00,740,735,745,740,365500
2022-07-19 09:57:00,740,735,745,740,639700
2022-07-19 09:58:00,740,740,745,745,331500
2022-07-19 09:59:00,745,740,745,740,60400
2022-07-19 10:00:00,740,740,740,740,617400
2022-07-19 10:01:00,740,735,740,740,260900
2022-07-19 10:02:00,740,735,740,735,8800
2022-07-19 10:03:00,740,735,740,735,1196700
2022-07-19 10:04:00,735,730,735,730,357400
2022-07-19 10:05:00,730,730,735,730,72200
2022-07-19 10:06:00,735,730,735,730,26400
2022-07-19 10:07:00,730,730,735,730,20600
2022-07-19 10:08:00,735,730,735,735,358500
2022-07-19 10:09:00,735,730,735,735,154500
2022-07-19 10:10:00,735,735,735,735,175800
2022-07-19 10:11:00,735,735,740,735,9700
2022-07-19 10:12:00,735,735,740,735,471500
2022-07-19 10:13:00,735,730,740,740,721600
2022-07-19 10:14:00,740,735,740,740,557700
2022-07-19 10:15:00,740,735,740,740,38400
2022-07-19 10:16:00,735,735,740,740,871900
2022-07-19 10:17:00,740,735,740,735,18700
2022-07-19 10:18:00,735,735,740,740,0
2022-07-19 10:19:00,735,735,740,740,8400
2022-07-19 10:20:00,735,735,735,735,3200
2022-07-19 10:21:00,740,735,740,735,209800
2022-07-19 10:22:00,735,735,735,735,16000
2022-07-19 10:23:00,740,735,740,740,12400
2022-07-19 10:24:00,740,735,740,735,27500
2022-07-19 10:25:00,740,740,740,740,366900
2022-07-19 10:26:00,740,735,740,740,142400
2022-07-19 10:27:00,740,735,740,740,22600
2022-07-19 10:28:00,740,735,740,740,112200
2022-07-19 10:29:00,740,740,745,745,21100
2022-07-19 10:30:00,740,740,750,750,2009900
2022-07-19 10:31:00,750,745,750,750,798700
2022-07-19 10:32:00,745,745,750,745,250600
2022-07-19 10:33:00,750,745,750,750,47700
2022-07-19 10:34:00,745,745,750,750,55500
2022-07-19 10:35:00,750,745,755,755,5491700
2022-07-19 10:36:00,755,750,755,750,701900
2022-07-19 10:37:00,750,745,750,750,777800
2022-07-19 10:38:00,750,745,750,745,72100
2022-07-19 10:39:00,745,740,745,740,1993200
2022-07-19 10:40:00,740,740,745,740,110900
2022-07-19 10:41:00,745,740,745,740,17600
2022-07-19 10:42:00,745,740,745,745,63500
2022-07-19 10:43:00,745,740,745,745,146000
2022-07-19 10:44:00,745,740,745,745,5400
2022-07-19 10:45:00,745,740,745,740,290200
2022-07-19 10:46:00,740,735,740,735,1029000
2022-07-19 10:47:00,740,735,740,740,68900
2022-07-19 10:48:00,740,735,740,740,11500
2022-07-19 10:49:00,740,740,740,740,231900
2022-07-19 10:50:00,740,740,740,740,25800
2022-07-19 10:51:00,740,740,740,740,12800
2022-07-19 10:52:00,745,740,745,740,10200
2022-07-19 10:53:00,740,740,745,740,23800
2022-07-19 10:54:00,740,740,745,740,10100
2022-07-19 10:55:00,745,740,745,745,28300
2022-07-19 10:56:00,740,740,740,740,9200
2022-07-19 10:57:00,740,740,745,740,416000
2022-07-19 10:58:00,740,740,745,745,0
2022-07-19 10:59:00,745,740,745,740,23900
2022-07-19 11:00:00,740,740,745,740,22900
2022-07-19 11:01:00,745,745,745,745,0
2022-07-19 11:02:00,745,745,745,745,1900
2022-07-19 11:03:00,745,740,745,745,14800
2022-07-19 11:04:00,740,740,745,745,2900
2022-07-19 11:05:00,740,740,745,745,380300
2022-07-19 11:06:00,745,740,745,745,9200
2022-07-19 11:07:00,745,740,745,740,100800
2022-07-19 11:08:00,740,740,745,745,14300
2022-07-19 11:09:00,745,740,745,740,149500
2022-07-19 11:10:00,745,740,745,740,37400
2022-07-19 11:11:00,740,735,740,740,429100
2022-07-19 11:12:00,740,740,740,740,174400
2022-07-19 11:13:00,740,740,740,740,17800
2022-07-19 11:14:00,740,740,745,745,11300
2022-07-19 11:15:00,745,740,745,740,35000
2022-07-19 11:16:00,745,745,745,745,16800
2022-07-19 11:17:00,745,745,750,745,940800
2022-07-19 11:18:00,750,745,750,745,409100
2022-07-19 11:19:00,745,745,745,745,36100
2022-07-19 11:20:00,740,740,750,750,160500
2022-07-19 11:21:00,750,750,750,750,2167200
2022-07-19 11:22:00,750,750,755,750,285400
2022-07-19 11:23:00,750,750,750,750,65500
2022-07-19 11:24:00,750,750,750,750,480800
2022-07-19 11:25:00,750,750,750,750,10100
2022-07-19 11:26:00,750,745,750,750,96900
2022-07-19 11:27:00,750,745,750,750,864900
2022-07-19 11:28:00,750,750,750,750,390000
2022-07-19 11:29:00,750,745,750,745,57000
2022-07-19 11:30:00,750,745,750,745,0
2022-07-19 11:31:00,750,745,750,745,0
2022-07-19 11:32:00,750,745,750,745,0
2022-07-19 11:33:00,750,745,750,745,0
2022-07-19 11:34:00,750,745,750,745,0
2022-07-19 11:35:00,750,745,750,745,0
2022-07-19 11:36:00,750,745,750,745,0
2022-07-19 11:37:00,750,745,750,745,0
2022-07-19 11:38:00,750,745,750,745,0
2022-07-19 11:39:00,750,745,750,745,0
2022-07-19 11:40:00,750,745,750,745,0
2022-07-19 11:41:00,750,745,750,745,0
2022-07-19 11:42:00,750,745,750,745,0
2022-07-19 11:43:00,750,745,750,745,0
2022-07-19 11:44:00,750,745,750,745,0
2022-07-19 11:45:00,750,745,750,745,0
2022-07-19 11:46:00,750,745,750,745,0
2022-07-19 11:47:00,750,745,750,745,0
2022-07-19 11:48:00,750,745,750,745,0
2022-07-19 11:49:00,750,745,750,745,0
2022-07-19 11:50:00,750,745,750,745,0
2022-07-19 11:51:00,750,745,750,745,0
2022-07-19 11:52:00,750,745,750,745,0
2022-07-19 11:53:00,750,745,750,745,0
2022-07-19 11:54:00,750,745,750,745,0
2022-07-19 11:55:00,750,745,750,745,0
2022-07-19 11:56:00,750,745,750,745,0
2022-07-19 11:57:00,750,745,750,745,0
2022-07-19 11:58:00,750,745,750,745,0
2022-07-19 11:59:00,750,745,750,745,0
2022-07-19 12:00:00,750,745,750,745,0
2022-07-19 12:01:00,750,745,750,745,0
2022-07-19 12:02:00,750,745,750,745,0
2022-07-19 12:03:00,750,745,750,745,0
2022-07-19 12:04:00,750,745,750,745,0
2022-07-19 12:05:00,750,745,750,745,0
2022-07-19 12:06:00,750,745,750,745,0
2022-07-19 12:07:00,750,745,750,745,0
2022-07-19 12:08:00,750,745,750,745,0
2022-07-19 12:09:00,750,745,750,745,0
2022-07-19 12:10:00,750,745,750,745,0
2022-07-19 12:11:00,750,745,750,745,0
2022-07-19 12:12:00,750,745,750,745,0
2022-07-19 12:13:00,750,745,750,745,0
2022-07-19 12:14:00,750,745,750,745,0
2022-07-19 12:15:00,750,745,750,745,0
2022-07-19 12:16:00,750,745,750,745,0
2022-07-19 12:17:00,750,745,750,745,0
2022-07-19 12:18:00,750,745,750,745,0
2022-07-19 12:19:00,750,745,750,745,0
2022-07-19 12:20:00,750,745,750,745,0
2022-07-19 12:21:00,750,745,750,745,0
2022-07-19 12:22:00,750,745,750,745,0
2022-07-19 12:23:00,750,745,750,745,0
2022-07-19 12:24:00,750,745,750,745,0
2022-07-19 12:25:00,750,745,750,745,0
2022-07-19 12:26:00,750,745,750,745,0
2022-07-19 12:27:00,750,745,750,745,0
2022-07-19 12:28:00,750,745,750,745,0
2022-07-19 12:29:00,750,745,750,745,0
2022-07-19 12:30:00,750,745,750,745,0
2022-07-19 12:31:00,750,745,750,745,0
2022-07-19 12:32:00,750,745,750,745,0
2022-07-19 12:33:00,750,745,750,745,0
2022-07-19 12:34:00,750,745,750,745,0
2022-07-19 12:35:00,750,745,750,745,0
2022-07-19 12:36:00,750,745,750,745,0
2022-07-19 12:37:00,750,745,750,745,0
2022-07-19 12:38:00,750,745,750,745,0
2022-07-19 12:39:00,750,745,750,745,0
2022-07-19 12:40:00,750,745,750,745,0
2022-07-19 12:41:00,750,745,750,745,0
2022-07-19 12:42:00,750,745,750,745,0
2022-07-19 12:43:00,750,745,750,745,0
2022-07-19 12:44:00,750,745,750,745,0
2022-07-19 12:45:00,750,745,750,745,0
2022-07-19 12:46:00,750,745,750,745,0
2022-07-19 12:47:00,750,745,750,745,0
2022-07-19 12:48:00,750,745,750,745,0
2022-07-19 12:49:00,750,745,750,745,0
2022-07-19 12:50:00,750,745,750,745,0
2022-07-19 12:51:00,750,745,750,745,0
2022-07-19 12:52:00,750,745,750,745,0
2022-07-19 12:53:00,750,745,750,745,0
2022-07-19 12:54:00,750,745,750,745,0
2022-07-19 12:55:00,750,745,750,745,0
2022-07-19 12:56:00,750,745,750,745,0
2022-07-19 12:57:00,750,745,750,745,0
2022-07-19 12:58:00,750,745,750,745,0
2022-07-19 12:59:00,750,745,750,745,0
2022-07-19 13:00:00,750,745,750,745,0
2022-07-19 13:01:00,750,745,750,745,0
2022-07-19 13:02:00,750,745,750,745,0
2022-07-19 13:03:00,750,745,750,745,0
2022-07-19 13:04:00,750,745,750,745,0
2022-07-19 13:05:00,750,745,750,745,0
2022-07-19 13:06:00,750,745,750,745,0
2022-07-19 13:07:00,750,745,750,745,0
2022-07-19 13:08:00,750,745,750,745,0
2022-07-19 13:09:00,750,745,750,745,0
2022-07-19 13:10:00,750,745,750,745,0
2022-07-19 13:11:00,750,745,750,745,0
2022-07-19 13:12:00,750,745,750,745,0
2022-07-19 13:13:00,750,745,750,745,0
2022-07-19 13:14:00,750,745,750,745,0
2022-07-19 13:15:00,750,745,750,745,0
2022-07-19 13:16:00,750,745,750,745,0
2022-07-19 13:17:00,750,745,750,745,0
2022-07-19 13:18:00,750,745,750,745,0
2022-07-19 13:19:00,750,745,750,745,0
2022-07-19 13:20:00,750,745,750,745,0
2022-07-19 13:21:00,750,745,750,745,0
2022-07-19 13:22:00,750,745,750,745,0
2022-07-19 13:23:00,750,745,750,745,0
2022-07-19 13:24:00,750,745,750,745,0
2022-07-19 13:25:00,750,745,750,745,0
2022-07-19 13:26:00,750,745,750,745,0
2022-07-19 13:27:00,750,745,750,745,0
2022-07-19 13:28:00,750,745,750,745,0
2022-07-19 13:29:00,750,745,750,745,0
2022-07-19 13:30:00,750,745,750,745,473300
2022-07-19 13:31:00,750,745,750,750,1035000
2022-07-19 13:32:00,750,750,760,755,1701500
2022-07-19 13:33:00,760,750,760,750,95500
2022-07-19 13:34:00,750,750,755,755,126600
2022-07-19 13:35:00,755,755,755,755,226600
2022-07-19 13:36:00,755,755,755,755,14700
2022-07-19 13:37:00,755,750,755,750,1284600
2022-07-19 13:38:00,750,740,750,740,3234200
2022-07-19 13:39:00,745,740,745,740,149600
2022-07-19 13:40:00,740,740,745,740,13200
2022-07-19 13:41:00,745,740,745,745,393400
2022-07-19 13:42:00,745,740,750,740,1063500
2022-07-19 13:43:00,745,745,750,750,1046000
2022-07-19 13:44:00,750,745,750,750,15300
2022-07-19 13:45:00,750,745,750,745,28700
2022-07-19 13:46:00,745,745,755,750,268700
2022-07-19 13:47:00,750,750,755,750,334600
2022-07-19 13:48:00,750,750,750,750,3500
2022-07-19 13:49:00,750,745,750,745,45500
2022-07-19 13:50:00,745,745,750,750,42500
2022-07-19 13:51:00,745,745,745,745,602400
2022-07-19 13:52:00,745,745,750,745,244200
2022-07-19 13:53:00,745,745,750,750,2900
2022-07-19 13:54:00,750,745,750,750,16300
2022-07-19 13:55:00,750,745,750,745,432300
2022-07-19 13:56:00,745,745,750,750,784800
2022-07-19 13:57:00,750,745,755,750,571200
2022-07-19 13:58:00,750,745,750,750,22000
2022-07-19 13:59:00,750,750,750,750,152600
2022-07-19 14:00:00,750,750,750,750,78300
2022-07-19 14:01:00,750,750,755,755,16600
2022-07-19 14:02:00,755,750,755,755,60700
2022-07-19 14:03:00,750,750,750,750,33700
2022-07-19 14:04:00,750,750,755,755,28800
2022-07-19 14:05:00,755,750,755,755,2677700
2022-07-19 14:06:00,755,755,760,755,408800
2022-07-19 14:07:00,760,755,760,755,318000
2022-07-19 14:08:00,755,755,755,755,0
2022-07-19 14:09:00,755,755,765,765,3407200
2022-07-19 14:10:00,765,760,770,770,1675200
2022-07-19 14:11:00,770,765,770,770,1831200
2022-07-19 14:12:00,775,765,775,765,1147500
2022-07-19 14:13:00,770,765,770,770,281000
2022-07-19 14:14:00,770,765,775,770,584700
2022-07-19 14:15:00,775,770,775,770,1053000
2022-07-19 14:16:00,770,770,775,770,269000
2022-07-19 14:17:00,775,770,775,775,51000
2022-07-19 14:18:00,775,770,775,775,112700
2022-07-19 14:19:00,775,770,775,775,137500
2022-07-19 14:20:00,775,770,775,775,1599300
2022-07-19 14:21:00,775,770,780,775,775800
2022-07-19 14:22:00,775,770,775,775,110500
2022-07-19 14:23:00,775,765,775,765,1246400
2022-07-19 14:24:00,765,765,770,770,355400
2022-07-19 14:25:00,765,765,770,770,59100
2022-07-19 14:26:00,770,765,770,770,30100
2022-07-19 14:27:00,770,765,775,770,446000
2022-07-19 14:28:00,770,770,775,775,0
2022-07-19 14:29:00,775,770,775,770,90000
2022-07-19 14:30:00,770,770,775,770,14100
2022-07-19 14:31:00,770,770,775,775,367400
2022-07-19 14:32:00,775,775,775,775,0
2022-07-19 14:33:00,775,770,775,770,128400
2022-07-19 14:34:00,775,765,775,775,1044200
2022-07-19 14:35:00,770,770,775,770,674200
2022-07-19 14:36:00,770,765,770,770,776400
2022-07-19 14:37:00,765,760,765,765,656200
2022-07-19 14:38:00,760,760,765,765,63300
2022-07-19 14:39:00,760,760,765,765,1087900
2022-07-19 14:40:00,765,760,765,765,826500
2022-07-19 14:41:00,765,760,770,770,369400
2022-07-19 14:42:00,765,765,770,770,168600
2022-07-19 14:43:00,770,770,770,770,5000
2022-07-19 14:44:00,770,765,770,765,68300
2022-07-19 14:45:00,765,765,770,765,61100
2022-07-19 14:46:00,770,765,770,770,118200
2022-07-19 14:47:00,770,765,775,770,1046300
2022-07-19 14:48:00,770,770,775,770,737700
2022-07-19 14:49:00,770,770,775,770,1758100
2022-07-19 14:50:00,770,770,775,770,0
2022-07-19 14:51:00,770,770,775,770,0
2022-07-19 14:52:00,770,770,775,770,0
2022-07-19 14:53:00,770,770,775,770,0
2022-07-19 14:54:00,770,770,775,770,0
2022-07-19 14:55:00,770,770,775,770,0
2022-07-19 14:56:00,770,770,775,770,0
2022-07-19 14:57:00,770,770,775,770,0
2022-07-19 14:58:00,770,770,775,770,0
2022-07-19 14:59:00,770,770,775,770,0
2022-07-19 15:00:00,775,775,775,775,5589800
2022-07-19 15:01:00,775,775,775,775,337400
2022-07-19 15:02:00,775,775,775,775,170500
2022-07-19 15:03:00,775,775,775,775,126300
2022-07-19 15:04:00,775,775,775,775,68700
2022-07-19 15:05:00,775,775,775,775,40100
2022-07-19 15:06:00,775,775,775,775,98100
2022-07-19 15:07:00,775,775,775,775,15800
2022-07-19 15:08:00,775,775,775,775,15100
2022-07-19 15:09:00,775,775,775,775,722200
2022-07-19 15:10:00,775,775,775,775,65500
2022-07-19 15:11:00,775,775,775,775,32300
2022-07-19 15:12:00,775,775,775,775,423600
2022-07-19 15:13:00,775,775,775,775,0
2022-07-19 15:14:00,775,775,775,775,0
2022-07-19 15:15:00,775,775,775,775,0
2022-07-19 15:16:00,775,775,775,775,0
2022-07-19 15:17:00,775,775,775,775,0
2022-07-19 15:18:00,775,775,775,775,0
2022-07-19 15:19:00,775,775,775,775,0
2022-07-19 15:20:00,775,775,775,775,0
2022-07-19 15:21:00,775,775,775,775,0
2022-07-19 15:22:00,775,775,775,775,0
2022-07-19 15:23:00,775,775,775,775,0
2022-07-19 15:24:00,775,775,775,775,0
2022-07-19 15:25:00,775,775,775,775,0
2022-07-19 15:26:00,775,775,775,775,0
2022-07-19 15:27:00,775,775,775,775,0
2022-07-19 15:28:00,775,775,775,775,0
2022-07-19 15:29:00,775,775,775,775,0
2022-07-19 15:30:00,775,775,775,775,0
2022-07-19 15:31:00,775,775,775,775,0
2022-07-19 15:32:00,775,775,775,775,0
2022-07-19 15:33:00,775,775,775,775,0
2022-07-19 15:34:00,775,775,775,775,0
2022-07-19 15:35:00,775,775,775,775,0
2022-07-19 15:36:00,775,775,775,775,0
2022-07-19 15:37:00,775,775,775,775,0
2022-07-19 15:38:00,775,775,775,775,0
2022-07-19 15:39:00,775,775,775,775,0
2022-07-19 15:40:00,775,775,775,775,0
2022-07-19 15:41:00,775,775,775,775,0
2022-07-19 15:42:00,775,775,775,775,0
2022-07-19 15:43:00,775,775,775,775,0
2022-07-19 15:44:00,775,775,775,775,0
2022-07-19 15:45:00,775,775,775,775,0
2022-07-19 15:46:00,775,775,775,775,0
2022-07-19 15:47:00,775,775,775,775,0
2022-07-19 15:48:00,775,775,775,775,0
2022-07-19 15:49:00,775,775,775,775,0
2022-07-19 15:50:00,775,775,775,775,0
2022-07-19 15:51:00,775,775,775,775,0
2022-07-19 15:52:00,775,775,775,775,0
2022-07-19 15:53:00,775,775,775,775,0
2022-07-19 15:54:00,775,775,775,775,0
2022-07-19 15:55:00,775,775,775,775,0
2022-07-19 15:56:00,775,775,775,775,0
2022-07-19 15:57:00,775,775,775,775,0
2022-07-19 15:58:00,775,775,775,775,0
2022-07-19 15:59:00,775,775,775,775,0
2022-07-20 09:00:00,820,775,820,790,3132900
2022-07-20 09:01:00,790,785,800,795,2095000
2022-07-20 09:02:00,800,760,800,785,7138700
2022-07-20 09:03:00,790,770,790,775,2443300
2022-07-20 09:04:00,775,775,780,780,791400
2022-07-20 09:05:00,785,780,790,780,615900
2022-07-20 09:06:00,780,775,785,785,223200
2022-07-20 09:07:00,780,775,785,780,486500
2022-07-20 09:08:00,780,760,785,760,3093100
2022-07-20 09:09:00,760,755,775,775,1210500
2022-07-20 09:10:00,775,770,775,775,235800
2022-07-20 09:11:00,775,770,775,770,413300
2022-07-20 09:12:00,770,765,775,770,747500
2022-07-20 09:13:00,765,755,770,755,4024600
2022-07-20 09:14:00,760,755,765,755,1641000
2022-07-20 09:15:00,755,745,755,755,3724800
2022-07-20 09:16:00,750,750,765,760,1615400
2022-07-20 09:17:00,765,755,775,770,1936200
2022-07-20 09:18:00,770,760,770,765,297200
2022-07-20 09:19:00,765,760,765,765,371100
2022-07-20 09:20:00,765,755,765,755,718400
2022-07-20 09:21:00,755,750,760,755,222300
2022-07-20 09:22:00,755,750,755,755,316000
2022-07-20 09:23:00,755,755,760,760,344100
2022-07-20 09:24:00,755,755,760,755,86800
2022-07-20 09:25:00,760,760,765,760,821800
2022-07-20 09:26:00,760,755,765,760,970200
2022-07-20 09:27:00,760,755,760,755,206700
2022-07-20 09:28:00,755,750,755,755,1523700
2022-07-20 09:29:00,760,755,760,755,159200
2022-07-20 09:30:00,755,755,760,755,45300
2022-07-20 09:31:00,755,755,760,760,33300
2022-07-20 09:32:00,760,755,765,765,741000
2022-07-20 09:33:00,760,760,765,760,80800
2022-07-20 09:34:00,760,755,760,760,707900
2022-07-20 09:35:00,760,760,765,760,304200
2022-07-20 09:36:00,760,760,765,760,240100
2022-07-20 09:37:00,765,760,770,770,265700
2022-07-20 09:38:00,770,765,770,765,134100
2022-07-20 09:39:00,765,760,765,765,397600
2022-07-20 09:40:00,765,765,780,775,1624500
2022-07-20 09:41:00,775,770,785,785,923400
2022-07-20 09:42:00,785,780,785,780,1491000
2022-07-20 09:43:00,780,775,785,780,600600
2022-07-20 09:44:00,780,770,780,775,1818100
2022-07-20 09:45:00,775,775,780,775,105800
2022-07-20 09:46:00,775,775,780,775,11300
2022-07-20 09:47:00,780,775,780,775,503700
2022-07-20 09:48:00,775,770,780,775,75300
2022-07-20 09:49:00,775,775,775,775,138300
2022-07-20 09:50:00,775,770,775,770,538200
2022-07-20 09:51:00,770,765,775,775,1059900
2022-07-20 09:52:00,775,770,775,770,149800
2022-07-20 09:53:00,770,770,775,770,69800
2022-07-20 09:54:00,775,775,775,775,42300
2022-07-20 09:55:00,770,770,775,770,349700
2022-07-20 09:56:00,770,770,780,775,1895600
2022-07-20 09:57:00,775,770,775,775,27100
2022-07-20 09:58:00,775,770,775,770,1142500
2022-07-20 09:59:00,770,765,770,770,58700
2022-07-20 10:00:00,765,765,770,765,11900
2022-07-20 10:01:00,765,765,770,770,65800
2022-07-20 10:02:00,770,765,775,775,479100
2022-07-20 10:03:00,775,770,775,770,783100
2022-07-20 10:04:00,770,765,770,770,114200
2022-07-20 10:05:00,770,770,770,770,187900
2022-07-20 10:06:00,770,765,770,770,64800
2022-07-20 10:07:00,765,765,770,765,57900
2022-07-20 10:08:00,765,765,770,765,255600
2022-07-20 10:09:00,765,765,770,765,0
2022-07-20 10:10:00,770,765,770,765,75000
2022-07-20 10:11:00,765,765,765,765,5700
2022-07-20 10:12:00,765,765,770,770,1204700
2022-07-20 10:13:00,770,770,775,770,127200
2022-07-20 10:14:00,770,770,770,770,13700
2022-07-20 10:15:00,775,770,775,770,253600
2022-07-20 10:16:00,770,765,770,770,127500
2022-07-20 10:17:00,770,770,770,770,28600
2022-07-20 10:18:00,770,770,775,775,22600
2022-07-20 10:19:00,775,770,775,775,0
2022-07-20 10:20:00,775,770,775,775,183200
2022-07-20 10:21:00,770,770,770,770,54100
2022-07-20 10:22:00,770,770,770,770,9100
2022-07-20 10:23:00,770,770,775,775,17000
2022-07-20 10:24:00,775,775,775,775,10800
2022-07-20 10:25:00,775,770,775,770,3500
2022-07-20 10:26:00,770,770,770,770,43900
2022-07-20 10:27:00,770,770,775,770,0
2022-07-20 10:28:00,775,775,775,775,7900
2022-07-20 10:29:00,775,770,775,770,207800
2022-07-20 10:30:00,770,770,770,770,965100
2022-07-20 10:31:00,770,770,775,775,3994100
2022-07-20 10:32:00,770,770,775,775,2749500
2022-07-20 10:33:00,770,770,775,770,1200
2022-07-20 10:34:00,770,770,770,770,14500
2022-07-20 10:35:00,775,770,775,770,15200
2022-07-20 10:36:00,770,770,775,770,337700
2022-07-20 10:37:00,770,770,770,770,171400
2022-07-20 10:38:00,770,765,770,765,194900
2022-07-20 10:39:00,770,765,770,770,5200
2022-07-20 10:40:00,770,765,770,770,26100
2022-07-20 10:41:00,765,765,770,770,9700
2022-07-20 10:42:00,770,770,770,770,1800
2022-07-20 10:43:00,770,765,770,765,20000
2022-07-20 10:44:00,765,765,770,770,11300
2022-07-20 10:45:00,770,765,770,765,41500
2022-07-20 10:46:00,770,765,770,765,90500
2022-07-20 10:47:00,765,765,770,770,70000
2022-07-20 10:48:00,770,765,770,765,2800
2022-07-20 10:49:00,765,765,770,765,21000
2022-07-20 10:50:00,765,765,770,765,421700
2022-07-20 10:51:00,765,765,770,765,119200
2022-07-20 10:52:00,765,765,765,765,14500
2022-07-20 10:53:00,770,765,770,765,207300
2022-07-20 10:54:00,765,765,765,765,0
2022-07-20 10:55:00,765,765,765,765,14200
2022-07-20 10:56:00,765,765,770,770,54600
2022-07-20 10:57:00,770,765,770,765,14700
2022-07-20 10:58:00,765,765,765,765,78500
2022-07-20 10:59:00,765,765,765,765,18800
2022-07-20 11:00:00,765,760,770,760,2073000
2022-07-20 11:01:00,760,760,765,765,89200
2022-07-20 11:02:00,765,760,765,760,13700
2022-07-20 11:03:00,760,760,765,760,52200
2022-07-20 11:04:00,760,760,765,765,35700
2022-07-20 11:05:00,765,760,765,765,207100
2022-07-20 11:06:00,765,760,765,760,10700
2022-07-20 11:07:00,765,765,765,765,6700
2022-07-20 11:08:00,765,760,765,765,2100
2022-07-20 11:09:00,765,760,765,765,77900
2022-07-20 11:10:00,760,760,765,760,3100
2022-07-20 11:11:00,760,760,765,765,54300
2022-07-20 11:12:00,765,765,765,765,317700
2022-07-20 11:13:00,765,765,770,770,27400
2022-07-20 11:14:00,770,770,770,770,14300
2022-07-20 11:15:00,770,765,770,770,2800
2022-07-20 11:16:00,765,765,770,765,63100
2022-07-20 11:17:00,765,765,765,765,13200
2022-07-20 11:18:00,765,765,765,765,800
2022-07-20 11:19:00,765,765,770,765,38200
2022-07-20 11:20:00,770,765,770,765,7300
2022-07-20 11:21:00,765,765,770,765,36200
2022-07-20 11:22:00,765,765,770,765,40600
2022-07-20 11:23:00,765,765,770,770,20300
2022-07-20 11:24:00,770,765,770,765,54000
2022-07-20 11:25:00,765,765,765,765,15000
2022-07-20 11:26:00,765,765,780,780,2704300
2022-07-20 11:27:00,780,775,780,775,60300
2022-07-20 11:28:00,775,775,775,775,33400
2022-07-20 11:29:00,775,775,780,780,107200
2022-07-20 11:30:00,775,775,780,780,0
2022-07-20 11:31:00,775,775,780,780,0
2022-07-20 11:32:00,775,775,780,780,0
2022-07-20 11:33:00,775,775,780,780,0
2022-07-20 11:34:00,775,775,780,780,0
2022-07-20 11:35:00,775,775,780,780,0
2022-07-20 11:36:00,775,775,780,780,0
2022-07-20 11:37:00,775,775,780,780,0
2022-07-20 11:38:00,775,775,780,780,0
2022-07-20 11:39:00,775,775,780,780,0
2022-07-20 11:40:00,775,775,780,780,0
2022-07-20 11:41:00,775,775,780,780,0
2022-07-20 11:42:00,775,775,780,780,0
2022-07-20 11:43:00,775,775,780,780,0
2022-07-20 11:44:00,775,775,780,780,0
2022-07-20 11:45:00,775,775,780,780,0
2022-07-20 11:46:00,775,775,780,780,0
2022-07-20 11:47:00,775,775,780,780,0
2022-07-20 11:48:00,775,775,780,780,0
2022-07-20 11:49:00,775,775,780,780,0
2022-07-20 11:50:00,775,775,780,780,0
2022-07-20 11:51:00,775,775,780,780,0
2022-07-20 11:52:00,775,775,780,780,0
2022-07-20 11:53:00,775,775,780,780,0
2022-07-20 11:54:00,775,775,780,780,0
2022-07-20 11:55:00,775,775,780,780,0
2022-07-20 11:56:00,775,775,780,780,0
2022-07-20 11:57:00,775,775,780,780,0
2022-07-20 11:58:00,775,775,780,780,0
2022-07-20 11:59:00,775,775,780,780,0
2022-07-20 12:00:00,775,775,780,780,0
2022-07-20 12:01:00,775,775,780,780,0
2022-07-20 12:02:00,775,775,780,780,0
2022-07-20 12:03:00,775,775,780,780,0
2022-07-20 12:04:00,775,775,780,780,0
2022-07-20 12:05:00,775,775,780,780,0
2022-07-20 12:06:00,775,775,780,780,0
2022-07-20 12:07:00,775,775,780,780,0
2022-07-20 12:08:00,775,775,780,780,0
2022-07-20 12:09:00,775,775,780,780,0
2022-07-20 12:10:00,775,775,780,780,0
2022-07-20 12:11:00,775,775,780,780,0
2022-07-20 12:12:00,775,775,780,780,0
2022-07-20 12:13:00,775,775,780,780,0
2022-07-20 12:14:00,775,775,780,780,0
2022-07-20 12:15:00,775,775,780,780,0
2022-07-20 12:16:00,775,775,780,780,0
2022-07-20 12:17:00,775,775,780,780,0
2022-07-20 12:18:00,775,775,780,780,0
2022-07-20 12:19:00,775,775,780,780,0
2022-07-20 12:20:00,775,775,780,780,0
2022-07-20 12:21:00,775,775,780,780,0
2022-07-20 12:22:00,775,775,780,780,0
2022-07-20 12:23:00,775,775,780,780,0
2022-07-20 12:24:00,775,775,780,780,0
2022-07-20 12:25:00,775,775,780,780,0
2022-07-20 12:26:00,775,775,780,780,0
2022-07-20 12:27:00,775,775,780,780,0
2022-07-20 12:28:00,775,775,780,780,0
2022-07-20 12:29:00,775,775,780,780,0
2022-07-20 12:30:00,775,775,780,780,0
2022-07-20 12:31:00,775,775,780,780,0
2022-07-20 12:32:00,775,775,780,780,0
2022-07-20 12:33:00,775,775,780,780,0
2022-07-20 12:34:00,775,775,780,780,0
2022-07-20 12:35:00,775,775,780,780,0
2022-07-20 12:36:00,775,775,780,780,0
2022-07-20 12:37:00,775,775,780,780,0
2022-07-20 12:38:00,775,775,780,780,0
2022-07-20 12:39:00,775,775,780,780,0
2022-07-20 12:40:00,775,775,780,780,0
2022-07-20 12:41:00,775,775,780,780,0
2022-07-20 12:42:00,775,775,780,780,0
2022-07-20 12:43:00,775,775,780,780,0
2022-07-20 12:44:00,775,775,780,780,0
2022-07-20 12:45:00,775,775,780,780,0
2022-07-20 12:46:00,775,775,780,780,0
2022-07-20 12:47:00,775,775,780,780,0
2022-07-20 12:48:00,775,775,780,780,0
2022-07-20 12:49:00,775,775,780,780,0
2022-07-20 12:50:00,775,775,780,780,0
2022-07-20 12:51:00,775,775,780,780,0
2022-07-20 12:52:00,775,775,780,780,0
2022-07-20 12:53:00,775,775,780,780,0
2022-07-20 12:54:00,775,775,780,780,0
2022-07-20 12:55:00,775,775,780,780,0
2022-07-20 12:56:00,775,775,780,780,0
2022-07-20 12:57:00,775,775,780,780,0
2022-07-20 12:58:00,775,775,780,780,0
2022-07-20 12:59:00,775,775,780,780,0
2022-07-20 13:00:00,775,775,780,780,0
2022-07-20 13:01:00,775,775,780,780,0
2022-07-20 13:02:00,775,775,780,780,0
2022-07-20 13:03:00,775,775,780,780,0
2022-07-20 13:04:00,775,775,780,780,0
2022-07-20 13:05:00,775,775,780,780,0
2022-07-20 13:06:00,775,775,780,780,0
2022-07-20 13:07:00,775,775,780,780,0
2022-07-20 13:08:00,775,775,780,780,0
2022-07-20 13:09:00,775,775,780,780,0
2022-07-20 13:10:00,775,775,780,780,0
2022-07-20 13:11:00,775,775,780,780,0
2022-07-20 13:12:00,775,775,780,780,0
2022-07-20 13:13:00,775,775,780,780,0
2022-07-20 13:14:00,775,775,780,780,0
2022-07-20 13:15:00,775,775,780,780,0
2022-07-20 13:16:00,775,775,780,780,0
2022-07-20 13:17:00,775,775,780,780,0
2022-07-20 13:18:00,775,775,780,780,0
2022-07-20 13:19:00,775,775,780,780,0
2022-07-20 13:20:00,775,775,780,780,0
2022-07-20 13:21:00,775,775,780,780,0
2022-07-20 13:22:00,775,775,780,780,0
2022-07-20 13:23:00,775,775,780,780,0
2022-07-20 13:24:00,775,775,780,780,0
2022-07-20 13:25:00,775,775,780,780,0
2022-07-20 13:26:00,775,775,780,780,0
2022-07-20 13:27:00,775,775,780,780,0
2022-07-20 13:28:00,775,775,780,780,0
2022-07-20 13:29:00,775,775,780,780,0
2022-07-20 13:30:00,775,775,785,785,4027400
2022-07-20 13:31:00,790,780,790,785,1123000
2022-07-20 13:32:00,785,780,790,785,228700
2022-07-20 13:33:00,790,785,790,785,101000
2022-07-20 13:34:00,785,785,790,785,1014800
2022-07-20 13:35:00,785,785,785,785,607700
2022-07-20 13:36:00,785,785,790,785,468400
2022-07-20 13:37:00,785,785,790,785,227500
2022-07-20 13:38:00,785,785,785,785,760100
2022-07-20 13:39:00,785,780,785,780,1306300
2022-07-20 13:40:00,780,775,785,780,546900
2022-07-20 13:41:00,780,780,785,780,627100
2022-07-20 13:42:00,780,780,785,780,376200
2022-07-20 13:43:00,785,780,785,785,198600
2022-07-20 13:44:00,785,780,785,780,9800
2022-07-20 13:45:00,780,780,785,780,44700
2022-07-20 13:46:00,780,780,785,780,587200
2022-07-20 13:47:00,780,775,780,780,916100
2022-07-20 13:48:00,780,780,785,785,56300
2022-07-20 13:49:00,780,780,780,780,82300
2022-07-20 13:50:00,780,780,780,780,107700
2022-07-20 13:51:00,780,780,785,785,101300
2022-07-20 13:52:00,780,780,785,785,24400
2022-07-20 13:53:00,780,780,785,785,205000
2022-07-20 13:54:00,780,780,785,785,25200
2022-07-20 13:55:00,785,785,790,790,2840800
2022-07-20 13:56:00,785,780,785,785,509800
2022-07-20 13:57:00,785,780,790,785,415800
2022-07-20 13:58:00,785,785,785,785,321200
2022-07-20 13:59:00,785,785,790,790,52800
2022-07-20 14:00:00,790,785,790,790,103600
2022-07-20 14:01:00,790,785,790,785,448900
2022-07-20 14:02:00,785,785,800,795,7505500
2022-07-20 14:03:00,790,790,795,790,2270700
2022-07-20 14:04:00,790,790,795,795,372900
2022-07-20 14:05:00,790,790,795,795,66000
2022-07-20 14:06:00,795,790,800,795,1000600
2022-07-20 14:07:00,795,790,800,795,3128900
2022-07-20 14:08:00,795,790,800,795,3012100
2022-07-20 14:09:00,795,790,800,795,891700
2022-07-20 14:10:00,800,790,800,790,1919100
2022-07-20 14:11:00,790,790,800,795,3363000
2022-07-20 14:12:00,795,795,800,795,1543900
2022-07-20 14:13:00,795,795,800,800,2247800
2022-07-20 14:14:00,800,800,805,800,491500
2022-07-20 14:15:00,805,800,805,800,255800
2022-07-20 14:16:00,805,800,805,805,132800
2022-07-20 14:17:00,800,795,805,800,2527300
2022-07-20 14:18:00,800,795,805,795,971800
2022-07-20 14:19:00,795,795,800,795,35800
2022-07-20 14:20:00,795,795,800,795,81900
2022-07-20 14:21:00,795,790,795,790,926800
2022-07-20 14:22:00,795,790,795,790,24400
2022-07-20 14:23:00,795,790,795,795,1559700
2022-07-20 14:24:00,795,795,800,800,2250000
2022-07-20 14:25:00,795,795,795,795,675600
2022-07-20 14:26:00,795,795,795,795,127100
2022-07-20 14:27:00,795,795,795,795,79300
2022-07-20 14:28:00,800,795,800,795,119300
2022-07-20 14:29:00,795,795,800,795,413300
2022-07-20 14:30:00,795,795,795,795,37000
2022-07-20 14:31:00,795,795,795,795,170400
2022-07-20 14:32:00,795,790,795,795,47300
2022-07-20 14:33:00,795,790,795,790,263500
2022-07-20 14:34:00,795,790,795,795,40600
2022-07-20 14:35:00,795,785,795,790,2664600
2022-07-20 14:36:00,785,785,795,790,5871800
2022-07-20 14:37:00,790,790,795,790,1109800
2022-07-20 14:38:00,790,790,795,790,253100
2022-07-20 14:39:00,790,785,790,785,1140700
2022-07-20 14:40:00,785,780,785,785,299100
2022-07-20 14:41:00,780,780,785,785,265300
2022-07-20 14:42:00,785,780,785,785,330500
2022-07-20 14:43:00,785,785,785,785,1187600
2022-07-20 14:44:00,785,785,790,785,764700
2022-07-20 14:45:00,790,785,795,790,2356800
2022-07-20 14:46:00,790,790,795,790,3600
2022-07-20 14:47:00,795,790,795,790,257100
2022-07-20 14:48:00,790,790,795,790,1095300
2022-07-20 14:49:00,790,790,800,795,3286900
2022-07-20 14:50:00,790,790,800,795,0
2022-07-20 14:51:00,790,790,800,795,0
2022-07-20 14:52:00,790,790,800,795,0
2022-07-20 14:53:00,790,790,800,795,0
2022-07-20 14:54:00,790,790,800,795,0
2022-07-20 14:55:00,790,790,800,795,0
2022-07-20 14:56:00,790,790,800,795,0
2022-07-20 14:57:00,790,790,800,795,0
2022-07-20 14:58:00,790,790,800,795,0
2022-07-20 14:59:00,790,790,800,795,0
2022-07-20 15:00:00,795,795,795,795,3279900
2022-07-20 15:01:00,795,795,795,795,1687600
2022-07-20 15:02:00,795,795,795,795,857900
2022-07-20 15:03:00,795,795,795,795,715600
2022-07-20 15:04:00,795,795,795,795,7800
2022-07-20 15:05:00,795,795,795,795,247900
2022-07-20 15:06:00,795,795,795,795,550000
2022-07-20 15:07:00,795,795,795,795,290000
2022-07-20 15:08:00,795,795,795,795,31100
2022-07-20 15:09:00,795,795,795,795,300
2022-07-20 15:10:00,795,795,795,795,648900
2022-07-20 15:11:00,795,795,795,795,126300
2022-07-20 15:12:00,795,795,795,795,136600
2022-07-20 15:13:00,795,795,795,795,0
2022-07-20 15:14:00,795,795,795,795,0
2022-07-20 15:15:00,795,795,795,795,0
2022-07-20 15:16:00,795,795,795,795,0
2022-07-20 15:17:00,795,795,795,795,0
2022-07-20 15:18:00,795,795,795,795,0
2022-07-20 15:19:00,795,795,795,795,0
2022-07-20 15:20:00,795,795,795,795,0
2022-07-20 15:21:00,795,795,795,795,0
2022-07-20 15:22:00,795,795,795,795,0
2022-07-20 15:23:00,795,795,795,795,0
2022-07-20 15:24:00,795,795,795,795,0
2022-07-20 15:25:00,795,795,795,795,0
2022-07-20 15:26:00,795,795,795,795,0
2022-07-20 15:27:00,795,795,795,795,0
2022-07-20 15:28:00,795,795,795,795,0
2022-07-20 15:29:00,795,795,795,795,0
2022-07-20 15:30:00,795,795,795,795,0
2022-07-20 15:31:00,795,795,795,795,0
2022-07-20 15:32:00,795,795,795,795,0
2022-07-20 15:33:00,795,795,795,795,0
2022-07-20 15:34:00,795,795,795,795,0
2022-07-20 15:35:00,795,795,795,795,0
2022-07-20 15:36:00,795,795,795,795,0
2022-07-20 15:37:00,795,795,795,795,0
2022-07-20 15:38:00,795,795,795,795,0
2022-07-20 15:39:00,795,795,795,795,0
2022-07-20 15:40:00,795,795,795,795,0
2022-07-20 15:41:00,795,795,795,795,0
2022-07-20 15:42:00,795,795,795,795,0
2022-07-20 15:43:00,795,795,795,795,0
2022-07-20 15:44:00,795,795,795,795,0
2022-07-20 15:45:00,795,795,795,795,0
2022-07-20 15:46:00,795,795,795,795,0
2022-07-20 15:47:00,795,795,795,795,0
2022-07-20 15:48:00,795,795,795,795,0
2022-07-20 15:49:00,795,795,795,795,0
2022-07-20 15:50:00,795,795,795,795,0
2022-07-20 15:51:00,795,795,795,795,0
2022-07-20 15:52:00,795,795,795,795,0
2022-07-20 15:53:00,795,795,795,795,0
2022-07-20 15:54:00,795,795,795,795,0
2022-07-20 15:55:00,795,795,795,795,0
2022-07-20 15:56:00,795,795,795,795,0
2022-07-20 15:57:00,795,795,795,795,0
2022-07-20 15:58:00,795,795,795,795,0
2022-07-20 15:59:00,795,795,795,795,0
2022-07-21 09:00:00,800,795,810,810,2685600
2022-07-21 09:01:00,810,805,815,810,2342200
2022-07-21 09:02:00,810,800,810,805,1427100
2022-07-21 09:03:00,805,800,810,810,2482700
2022-07-21 09:04:00,810,805,810,810,792200
2022-07-21 09:05:00,810,810,815,815,1776800
2022-07-21 09:06:00,815,810,820,815,1752800
2022-07-21 09:07:00,815,815,820,820,821600
2022-07-21 09:08:00,820,820,835,835,8483000
2022-07-21 09:09:00,835,830,840,835,3954100
2022-07-21 09:10:00,835,825,835,830,2438300
2022-07-21 09:11:00,830,825,835,830,1033800
2022-07-21 09:12:00,830,825,830,830,294400
2022-07-21 09:13:00,830,820,830,825,1074000
2022-07-21 09:14:00,825,820,825,820,994400
2022-07-21 09:15:00,820,810,820,815,1568600
2022-07-21 09:16:00,820,815,820,820,323600
2022-07-21 09:17:00,820,815,820,815,430400
2022-07-21 09:18:00,815,815,820,815,1259700
2022-07-21 09:19:00,815,810,815,810,776100
2022-07-21 09:20:00,815,810,820,820,820300
2022-07-21 09:21:00,815,815,825,825,1187200
2022-07-21 09:22:00,825,820,830,830,688700
2022-07-21 09:23:00,830,825,830,825,92400
2022-07-21 09:24:00,830,820,830,820,709100
2022-07-21 09:25:00,825,815,825,820,1280700
2022-07-21 09:26:00,815,815,820,815,800500
2022-07-21 09:27:00,815,810,820,815,1521200
2022-07-21 09:28:00,815,810,815,815,1524700
2022-07-21 09:29:00,815,815,815,815,809500
2022-07-21 09:30:00,815,810,820,815,152500
2022-07-21 09:31:00,815,815,820,815,1281900
2022-07-21 09:32:00,815,810,815,815,378800
2022-07-21 09:33:00,815,815,820,815,1034700
2022-07-21 09:34:00,820,815,820,820,47800
2022-07-21 09:35:00,820,815,820,820,236400
2022-07-21 09:36:00,820,815,820,820,150600
2022-07-21 09:37:00,820,820,820,820,90600
2022-07-21 09:38:00,820,815,820,815,141000
2022-07-21 09:39:00,820,815,820,815,0
2022-07-21 09:40:00,820,820,820,820,0
2022-07-21 09:41:00,820,815,820,815,675000
2022-07-21 09:42:00,815,815,820,820,1076400
2022-07-21 09:43:00,820,815,820,820,62300
2022-07-21 09:44:00,820,820,820,820,41100
2022-07-21 09:45:00,820,815,820,820,416500
2022-07-21 09:46:00,820,820,825,825,78400
2022-07-21 09:47:00,820,820,825,820,958600
2022-07-21 09:48:00,820,820,820,820,422800
2022-07-21 09:49:00,815,815,825,820,303900
2022-07-21 09:50:00,825,825,825,825,0
2022-07-21 09:51:00,820,820,825,825,142400
2022-07-21 09:52:00,825,820,825,820,472800
2022-07-21 09:53:00,820,815,820,815,3100
2022-07-21 09:54:00,820,815,820,815,52300
2022-07-21 09:55:00,815,815,820,820,21400
2022-07-21 09:56:00,820,820,820,820,3400
2022-07-21 09:57:00,815,815,820,815,151900
2022-07-21 09:58:00,820,815,820,820,73000
2022-07-21 09:59:00,815,815,815,815,304600
2022-07-21 10:00:00,820,815,820,820,15700
2022-07-21 10:01:00,820,815,820,820,47800
2022-07-21 10:02:00,815,815,820,820,20100
2022-07-21 10:03:00,820,820,820,820,0
2022-07-21 10:04:00,820,820,820,820,7100
2022-07-21 10:05:00,820,820,820,820,883500
2022-07-21 10:06:00,820,820,820,820,10200
2022-07-21 10:07:00,820,815,820,820,197900
2022-07-21 10:08:00,820,815,820,820,162500
2022-07-21 10:09:00,820,815,825,825,174800
2022-07-21 10:10:00,825,820,825,820,858800
2022-07-21 10:11:00,815,815,820,820,113200
2022-07-21 10:12:00,820,820,820,820,1663100
2022-07-21 10:13:00,820,815,820,820,37800
2022-07-21 10:14:00,820,820,820,820,30000
2022-07-21 10:15:00,820,820,820,820,72100
2022-07-21 10:16:00,825,820,825,820,559800
2022-07-21 10:17:00,820,820,820,820,193200
2022-07-21 10:18:00,820,820,820,820,25700
2022-07-21 10:19:00,820,820,820,820,122300
2022-07-21 10:20:00,820,820,825,820,118400
2022-07-21 10:21:00,825,825,825,825,10100
2022-07-21 10:22:00,825,820,830,825,1514600
2022-07-21 10:23:00,830,830,835,830,2952200
2022-07-21 10:24:00,830,825,830,830,261000
2022-07-21 10:25:00,830,825,835,830,630100
2022-07-21 10:26:00,835,830,835,830,238400
2022-07-21 10:27:00,835,830,835,835,98700
2022-07-21 10:28:00,835,830,835,835,93700
2022-07-21 10:29:00,830,830,835,830,261700
2022-07-21 10:30:00,835,830,835,835,54800
2022-07-21 10:31:00,835,830,835,835,44700
2022-07-21 10:32:00,835,835,840,840,1325800
2022-07-21 10:33:00,835,830,840,830,527700
2022-07-21 10:34:00,830,830,835,835,76500
2022-07-21 10:35:00,835,830,835,830,575800
2022-07-21 10:36:00,835,830,835,835,101200
2022-07-21 10:37:00,835,835,835,835,104200
2022-07-21 10:38:00,835,830,835,835,92400
2022-07-21 10:39:00,835,830,835,830,271800
2022-07-21 10:40:00,830,825,830,825,935800
2022-07-21 10:41:00,830,825,830,830,1631500
2022-07-21 10:42:00,830,830,835,830,271800
2022-07-21 10:43:00,835,830,835,830,142300
2022-07-21 10:44:00,835,825,835,825,228100
2022-07-21 10:45:00,830,825,830,830,218400
2022-07-21 10:46:00,830,825,830,825,0
2022-07-21 10:47:00,825,825,830,830,39600
2022-07-21 10:48:00,830,830,830,830,21600
2022-07-21 10:49:00,830,825,830,830,79100
2022-07-21 10:50:00,830,830,830,830,61400
2022-07-21 10:51:00,830,825,830,830,0
2022-07-21 10:52:00,830,825,830,830,400200
2022-07-21 10:53:00,830,830,830,830,19600
2022-07-21 10:54:00,830,825,830,825,381200
2022-07-21 10:55:00,830,830,830,830,1641500
2022-07-21 10:56:00,830,825,830,825,19100
2022-07-21 10:57:00,825,825,830,830,101300
2022-07-21 10:58:00,830,830,830,830,298100
2022-07-21 10:59:00,830,830,835,830,205200
2022-07-21 11:00:00,830,830,830,830,28300
2022-07-21 11:01:00,830,825,830,830,0
2022-07-21 11:02:00,825,825,830,830,27900
2022-07-21 11:03:00,830,825,830,825,2600
2022-07-21 11:04:00,825,825,830,830,43400
2022-07-21 11:05:00,830,830,830,830,26400
2022-07-21 11:06:00,825,825,830,825,40300
2022-07-21 11:07:00,825,825,830,830,65400
2022-07-21 11:08:00,830,825,830,830,709900
2022-07-21 11:09:00,835,835,835,835,70800
2022-07-21 11:10:00,835,830,835,835,0
2022-07-21 11:11:00,835,835,840,840,1391100
2022-07-21 11:12:00,840,835,840,835,21400
2022-07-21 11:13:00,840,835,840,835,73000
2022-07-21 11:14:00,835,835,840,840,29200
2022-07-21 11:15:00,835,835,840,840,551700
2022-07-21 11:16:00,835,835,840,840,1744800
2022-07-21 11:17:00,840,835,840,840,423400
2022-07-21 11:18:00,840,835,840,840,216000
2022-07-21 11:19:00,840,835,845,840,245600
2022-07-21 11:20:00,840,840,845,840,12900
2022-07-21 11:21:00,840,835,840,835,753200
2022-07-21 11:22:00,835,835,835,835,435800
2022-07-21 11:23:00,830,830,840,840,266600
2022-07-21 11:24:00,840,840,840,840,15900
2022-07-21 11:25:00,835,835,840,835,139700
2022-07-21 11:26:00,835,835,840,840,185500
2022-07-21 11:27:00,840,835,840,840,42700
2022-07-21 11:28:00,835,835,840,840,1381600
2022-07-21 11:29:00,840,840,845,845,47700
2022-07-21 11:30:00,840,840,845,845,0
2022-07-21 11:31:00,840,840,845,845,0
2022-07-21 11:32:00,840,840,845,845,0
2022-07-21 11:33:00,840,840,845,845,0
2022-07-21 11:34:00,840,840,845,845,0
2022-07-21 11:35:00,840,840,845,845,0
2022-07-21 11:36:00,840,840,845,845,0
2022-07-21 11:37:00,840,840,845,845,0
2022-07-21 11:38:00,840,840,845,845,0
2022-07-21 11:39:00,840,840,845,845,0
2022-07-21 11:40:00,840,840,845,845,0
2022-07-21 11:41:00,840,840,845,845,0
2022-07-21 11:42:00,840,840,845,845,0
2022-07-21 11:43:00,840,840,845,845,0
2022-07-21 11:44:00,840,840,845,845,0
2022-07-21 11:45:00,840,840,845,845,0
2022-07-21 11:46:00,840,840,845,845,0
2022-07-21 11:47:00,840,840,845,845,0
2022-07-21 11:48:00,840,840,845,845,0
2022-07-21 11:49:00,840,840,845,845,0
2022-07-21 11:50:00,840,840,845,845,0
2022-07-21 11:51:00,840,840,845,845,0
2022-07-21 11:52:00,840,840,845,845,0
2022-07-21 11:53:00,840,840,845,845,0
2022-07-21 11:54:00,840,840,845,845,0
2022-07-21 11:55:00,840,840,845,845,0
2022-07-21 11:56:00,840,840,845,845,0
2022-07-21 11:57:00,840,840,845,845,0
2022-07-21 11:58:00,840,840,845,845,0
2022-07-21 11:59:00,840,840,845,845,0
2022-07-21 12:00:00,840,840,845,845,0
2022-07-21 12:01:00,840,840,845,845,0
2022-07-21 12:02:00,840,840,845,845,0
2022-07-21 12:03:00,840,840,845,845,0
2022-07-21 12:04:00,840,840,845,845,0
2022-07-21 12:05:00,840,840,845,845,0
2022-07-21 12:06:00,840,840,845,845,0
2022-07-21 12:07:00,840,840,845,845,0
2022-07-21 12:08:00,840,840,845,845,0
2022-07-21 12:09:00,840,840,845,845,0
2022-07-21 12:10:00,840,840,845,845,0
2022-07-21 12:11:00,840,840,845,845,0
2022-07-21 12:12:00,840,840,845,845,0
2022-07-21 12:13:00,840,840,845,845,0
2022-07-21 12:14:00,840,840,845,845,0
2022-07-21 12:15:00,840,840,845,845,0
2022-07-21 12:16:00,840,840,845,845,0
2022-07-21 12:17:00,840,840,845,845,0
2022-07-21 12:18:00,840,840,845,845,0
2022-07-21 12:19:00,840,840,845,845,0
2022-07-21 12:20:00,840,840,845,845,0
2022-07-21 12:21:00,840,840,845,845,0
2022-07-21 12:22:00,840,840,845,845,0
2022-07-21 12:23:00,840,840,845,845,0
2022-07-21 12:24:00,840,840,845,845,0
2022-07-21 12:25:00,840,840,845,845,0
2022-07-21 12:26:00,840,840,845,845,0
2022-07-21 12:27:00,840,840,845,845,0
2022-07-21 12:28:00,840,840,845,845,0
2022-07-21 12:29:00,840,840,845,845,0
2022-07-21 12:30:00,840,840,845,845,0
2022-07-21 12:31:00,840,840,845,845,0
2022-07-21 12:32:00,840,840,845,845,0
2022-07-21 12:33:00,840,840,845,845,0
2022-07-21 12:34:00,840,840,845,845,0
2022-07-21 12:35:00,840,840,845,845,0
2022-07-21 12:36:00,840,840,845,845,0
2022-07-21 12:37:00,840,840,845,845,0
2022-07-21 12:38:00,840,840,845,845,0
2022-07-21 12:39:00,840,840,845,845,0
2022-07-21 12:40:00,840,840,845,845,0
2022-07-21 12:41:00,840,840,845,845,0
2022-07-21 12:42:00,840,840,845,845,0
2022-07-21 12:43:00,840,840,845,845,0
2022-07-21 12:44:00,840,840,845,845,0
2022-07-21 12:45:00,840,840,845,845,0
2022-07-21 12:46:00,840,840,845,845,0
2022-07-21 12:47:00,840,840,845,845,0
2022-07-21 12:48:00,840,840,845,845,0
2022-07-21 12:49:00,840,840,845,845,0
2022-07-21 12:50:00,840,840,845,845,0
2022-07-21 12:51:00,840,840,845,845,0
2022-07-21 12:52:00,840,840,845,845,0
2022-07-21 12:53:00,840,840,845,845,0
2022-07-21 12:54:00,840,840,845,845,0
2022-07-21 12:55:00,840,840,845,845,0
2022-07-21 12:56:00,840,840,845,845,0
2022-07-21 12:57:00,840,840,845,845,0
2022-07-21 12:58:00,840,840,845,845,0
2022-07-21 12:59:00,840,840,845,845,0
2022-07-21 13:00:00,840,840,845,845,0
2022-07-21 13:01:00,840,840,845,845,0
2022-07-21 13:02:00,840,840,845,845,0
2022-07-21 13:03:00,840,840,845,845,0
2022-07-21 13:04:00,840,840,845,845,0
2022-07-21 13:05:00,840,840,845,845,0
2022-07-21 13:06:00,840,840,845,845,0
2022-07-21 13:07:00,840,840,845,845,0
2022-07-21 13:08:00,840,840,845,845,0
2022-07-21 13:09:00,840,840,845,845,0
2022-07-21 13:10:00,840,840,845,845,0
2022-07-21 13:11:00,840,840,845,845,0
2022-07-21 13:12:00,840,840,845,845,0
2022-07-21 13:13:00,840,840,845,845,0
2022-07-21 13:14:00,840,840,845,845,0
2022-07-21 13:15:00,840,840,845,845,0
2022-07-21 13:16:00,840,840,845,845,0
2022-07-21 13:17:00,840,840,845,845,0
2022-07-21 13:18:00,840,840,845,845,0
2022-07-21 13:19:00,840,840,845,845,0
2022-07-21 13:20:00,840,840,845,845,0
2022-07-21 13:21:00,840,840,845,845,0
2022-07-21 13:22:00,840,840,845,845,0
2022-07-21 13:23:00,840,840,845,845,0
2022-07-21 13:24:00,840,840,845,845,0
2022-07-21 13:25:00,840,840,845,845,0
2022-07-21 13:26:00,840,840,845,845,0
2022-07-21 13:27:00,840,840,845,845,0
2022-07-21 13:28:00,840,840,845,845,0
2022-07-21 13:29:00,840,840,845,845,0
2022-07-21 13:30:00,845,840,845,845,703900
2022-07-21 13:31:00,845,845,845,845,569800
2022-07-21 13:32:00,845,840,845,845,20200
2022-07-21 13:33:00,840,835,845,840,667200
2022-07-21 13:34:00,840,830,840,835,816200
2022-07-21 13:35:00,835,830,840,835,392800
2022-07-21 13:36:00,840,835,840,835,20300
2022-07-21 13:37:00,835,835,840,835,381600
2022-07-21 13:38:00,840,835,840,835,127200
2022-07-21 13:39:00,835,830,835,835,163300
2022-07-21 13:40:00,835,835,835,835,113200
2022-07-21 13:41:00,830,830,840,840,130600
2022-07-21 13:42:00,835,835,840,840,58000
2022-07-21 13:43:00,835,830,840,835,571800
2022-07-21 13:44:00,835,835,835,835,463700
2022-07-21 13:45:00,835,835,840,840,0
2022-07-21 13:46:00,840,835,840,840,50300
2022-07-21 13:47:00,840,840,845,840,1099100
2022-07-21 13:48:00,840,835,845,835,714900
2022-07-21 13:49:00,840,835,840,840,30600
2022-07-21 13:50:00,840,835,840,840,48400
2022-07-21 13:51:00,840,835,840,840,560500
2022-07-21 13:52:00,840,835,840,835,12700
2022-07-21 13:53:00,840,835,840,840,54500
2022-07-21 13:54:00,840,835,840,840,12200
2022-07-21 13:55:00,840,840,840,840,28200
2022-07-21 13:56:00,840,835,840,840,85000
2022-07-21 13:57:00,840,835,840,835,12200
2022-07-21 13:58:00,840,840,840,840,115700
2022-07-21 13:59:00,840,840,840,840,108100
2022-07-21 14:00:00,840,840,840,840,15400
2022-07-21 14:01:00,840,840,840,840,213800
2022-07-21 14:02:00,840,835,840,840,454800
2022-07-21 14:03:00,835,835,840,835,0
2022-07-21 14:04:00,835,835,840,840,5600
2022-07-21 14:05:00,840,840,840,840,251900
2022-07-21 14:06:00,840,835,840,840,57800
2022-07-21 14:07:00,840,835,840,840,131000
2022-07-21 14:08:00,835,835,835,835,8000
2022-07-21 14:09:00,835,835,840,840,143800
2022-07-21 14:10:00,840,835,840,840,45800
2022-07-21 14:11:00,840,840,840,840,25000
2022-07-21 14:12:00,840,835,840,840,7900
2022-07-21 14:13:00,840,835,840,835,7900
2022-07-21 14:14:00,835,835,840,840,1500
2022-07-21 14:15:00,840,835,840,835,46900
2022-07-21 14:16:00,835,835,840,835,23000
2022-07-21 14:17:00,835,835,840,835,56300
2022-07-21 14:18:00,835,835,840,835,435100
2022-07-21 14:19:00,835,830,840,830,2523700
2022-07-21 14:20:00,825,825,835,825,1284400
2022-07-21 14:21:00,825,825,830,825,802600
2022-07-21 14:22:00,825,820,825,820,1816600
2022-07-21 14:23:00,820,820,825,820,1147900
2022-07-21 14:24:00,820,820,825,820,282400
2022-07-21 14:25:00,825,820,825,825,124900
2022-07-21 14:26:00,825,825,825,825,677300
2022-07-21 14:27:00,825,825,830,825,227700
2022-07-21 14:28:00,825,825,830,825,99400
2022-07-21 14:29:00,830,825,830,830,87600
2022-07-21 14:30:00,830,825,830,830,112500
2022-07-21 14:31:00,825,825,825,825,380900
2022-07-21 14:32:00,825,825,830,825,426700
2022-07-21 14:33:00,830,820,830,825,845600
2022-07-21 14:34:00,825,825,830,825,205000
2022-07-21 14:35:00,830,825,830,830,70500
2022-07-21 14:36:00,830,830,835,835,519800
2022-07-21 14:37:00,835,830,835,830,159200
2022-07-21 14:38:00,830,830,835,830,16000
2022-07-21 14:39:00,830,830,835,830,103600
2022-07-21 14:40:00,830,830,835,835,20000
2022-07-21 14:41:00,830,830,835,835,983500
2022-07-21 14:42:00,835,830,835,835,153600
2022-07-21 14:43:00,835,835,835,835,1300
2022-07-21 14:44:00,835,830,840,840,1581500
2022-07-21 14:45:00,840,840,845,840,61000
2022-07-21 14:46:00,845,840,850,845,2840700
2022-07-21 14:47:00,845,840,845,840,26700
2022-07-21 14:48:00,845,840,845,840,63700
2022-07-21 14:49:00,840,840,845,845,335100
2022-07-21 14:50:00,840,840,845,845,0
2022-07-21 14:51:00,840,840,845,845,0
2022-07-21 14:52:00,840,840,845,845,0
2022-07-21 14:53:00,840,840,845,845,0
2022-07-21 14:54:00,840,840,845,845,0
2022-07-21 14:55:00,840,840,845,845,0
2022-07-21 14:56:00,840,840,845,845,0
2022-07-21 14:57:00,840,840,845,845,0
2022-07-21 14:58:00,840,840,845,845,0
2022-07-21 14:59:00,840,840,845,845,0
2022-07-21 15:00:00,845,845,845,845,2798900
2022-07-21 15:01:00,845,845,845,845,86200
2022-07-21 15:02:00,845,845,845,845,425300
2022-07-21 15:03:00,845,845,845,845,699200
2022-07-21 15:04:00,845,845,845,845,423200
2022-07-21 15:05:00,845,845,845,845,274300
2022-07-21 15:06:00,845,845,845,845,1200
2022-07-21 15:07:00,845,845,845,845,9800
2022-07-21 15:08:00,845,845,845,845,1003800
2022-07-21 15:09:00,845,845,845,845,32700
2022-07-21 15:10:00,845,845,845,845,324700
2022-07-21 15:11:00,845,845,845,845,118300
2022-07-21 15:12:00,845,845,845,845,0
2022-07-21 15:13:00,845,845,845,845,0
2022-07-21 15:14:00,845,845,845,845,0
2022-07-21 15:15:00,845,845,845,845,0
2022-07-21 15:16:00,845,845,845,845,0
2022-07-21 15:17:00,845,845,845,845,0
2022-07-21 15:18:00,845,845,845,845,0
2022-07-21 15:19:00,845,845,845,845,0
2022-07-21 15:20:00,845,845,845,845,0
2022-07-21 15:21:00,845,845,845,845,0
2022-07-21 15:22:00,845,845,845,845,0
2022-07-21 15:23:00,845,845,845,845,0
2022-07-21 15:24:00,845,845,845,845,0
2022-07-21 15:25:00,845,845,845,845,0
2022-07-21 15:26:00,845,845,845,845,0
2022-07-21 15:27:00,845,845,845,845,0
2022-07-21 15:28:00,845,845,845,845,0
2022-07-21 15:29:00,845,845,845,845,0
2022-07-21 15:30:00,845,845,845,845,0
2022-07-21 15:31:00,845,845,845,845,0
2022-07-21 15:32:00,845,845,845,845,0
2022-07-21 15:33:00,845,845,845,845,0
2022-07-21 15:34:00,845,845,845,845,0
2022-07-21 15:35:00,845,845,845,845,0
2022-07-21 15:36:00,845,845,845,845,0
2022-07-21 15:37:00,845,845,845,845,0
2022-07-21 15:38:00,845,845,845,845,0
2022-07-21 15:39:00,845,845,845,845,0
2022-07-21 15:40:00,845,845,845,845,0
2022-07-21 15:41:00,845,845,845,845,0
2022-07-21 15:42:00,845,845,845,845,0
2022-07-21 15:43:00,845,845,845,845,0
2022-07-21 15:44:00,845,845,845,845,0
2022-07-21 15:45:00,845,845,845,845,0
2022-07-21 15:46:00,845,845,845,845,0
2022-07-21 15:47:00,845,845,845,845,0
2022-07-21 15:48:00,845,845,845,845,0
2022-07-21 15:49:00,845,845,845,845,0
2022-07-21 15:50:00,845,845,845,845,0
2022-07-21 15:51:00,845,845,845,845,0
2022-07-21 15:52:00,845,845,845,845,0
2022-07-21 15:53:00,845,845,845,845,0
2022-07-21 15:54:00,845,845,845,845,0
2022-07-21 15:55:00,845,845,845,845,0
2022-07-21 15:56:00,845,845,845,845,0
2022-07-21 15:57:00,845,845,845,845,0
2022-07-21 15:58:00,845,845,845,845,0
2022-07-21 15:59:00,845,845,845,845,0
2022-07-22 09:00:00,845,845,845,845,0
2022-07-22 09:01:00,845,845,845,845,0
2022-07-22 09:02:00,845,845,845,845,0
2022-07-22 09:03:00,845,845,845,845,0
2022-07-22 09:04:00,845,845,845,845,0
2022-07-22 09:05:00,845,845,845,845,0
2022-07-22 09:06:00,845,845,845,845,0
2022-07-22 09:07:00,845,845,845,845,0
2022-07-22 09:08:00,845,845,845,845,0
2022-07-22 09:09:00,845,845,845,845,0
2022-07-22 09:10:00,845,845,845,845,0
2022-07-22 09:11:00,845,845,845,845,0
2022-07-22 09:12:00,845,845,845,845,0
2022-07-22 09:13:00,845,845,845,845,0
2022-07-22 09:14:00,845,845,845,845,0
2022-07-22 09:15:00,845,845,845,845,0
2022-07-22 09:16:00,845,845,845,845,0
2022-07-22 09:17:00,845,845,845,845,0
2022-07-22 09:18:00,845,845,845,845,0
2022-07-22 09:19:00,845,845,845,845,0
2022-07-22 09:20:00,845,845,845,845,0
2022-07-22 09:21:00,845,845,845,845,0
2022-07-22 09:22:00,845,845,845,845,0
2022-07-22 09:23:00,845,845,845,845,0
2022-07-22 09:24:00,845,845,845,845,0
2022-07-22 09:25:00,845,845,845,845,0
2022-07-22 09:26:00,845,845,845,845,0
2022-07-22 09:27:00,845,845,845,845,0
2022-07-22 09:28:00,845,845,845,845,0
2022-07-22 09:29:00,845,845,845,845,0
2022-07-22 09:30:00,845,845,845,845,0
2022-07-22 09:31:00,845,845,845,845,0
2022-07-22 09:32:00,845,845,845,845,0
2022-07-22 09:33:00,845,845,845,845,0
2022-07-22 09:34:00,845,845,845,845,0
2022-07-22 09:35:00,845,845,845,845,0
2022-07-22 09:36:00,845,845,845,845,0
2022-07-22 09:37:00,845,845,845,845,0
2022-07-22 09:38:00,845,845,845,845,0
2022-07-22 09:39:00,845,845,845,845,0
2022-07-22 09:40:00,845,845,845,845,0
2022-07-22 09:41:00,845,845,845,845,0
2022-07-22 09:42:00,845,845,845,845,0
2022-07-22 09:43:00,845,845,845,845,0
2022-07-22 09:44:00,845,845,845,845,0
2022-07-22 09:45:00,845,845,845,845,0
2022-07-22 09:46:00,845,845,845,845,0
2022-07-22 09:47:00,845,845,845,845,0
2022-07-22 09:48:00,845,845,845,845,0
2022-07-22 09:49:00,845,845,845,845,0
2022-07-22 09:50:00,845,845,845,845,0
2022-07-22 09:51:00,845,845,845,845,0
2022-07-22 09:52:00,845,845,845,845,0
2022-07-22 09:53:00,845,845,845,845,0
2022-07-22 09:54:00,845,845,845,845,0
2022-07-22 09:55:00,845,845,845,845,0
2022-07-22 09:56:00,845,845,845,845,0
2022-07-22 09:57:00,845,845,845,845,0
2022-07-22 09:58:00,845,845,845,845,0
2022-07-22 09:59:00,845,845,845,845,0
2022-07-22 10:00:00,845,845,845,845,0
2022-07-22 10:01:00,845,845,845,845,0
2022-07-22 10:02:00,845,845,845,845,0
2022-07-22 10:03:00,845,845,845,845,0
2022-07-22 10:04:00,845,845,845,845,0
2022-07-22 10:05:00,845,845,845,845,0
2022-07-22 10:06:00,845,845,845,845,0
2022-07-22 10:07:00,845,845,845,845,0
2022-07-22 10:08:00,845,845,845,845,0
2022-07-22 10:09:00,845,845,845,845,0
2022-07-22 10:10:00,845,845,845,845,0
2022-07-22 10:11:00,845,845,845,845,0
2022-07-22 10:12:00,845,845,845,845,0
2022-07-22 10:13:00,845,845,845,845,0
2022-07-22 10:14:00,845,845,845,845,0
2022-07-22 10:15:00,845,845,845,845,0
2022-07-22 10:16:00,845,845,845,845,0
2022-07-22 10:17:00,845,845,845,845,0
2022-07-22 10:18:00,845,845,845,845,0
2022-07-22 10:19:00,845,845,845,845,0
2022-07-22 10:20:00,845,845,845,845,0
2022-07-22 10:21:00,845,845,845,845,0
2022-07-22 10:22:00,845,845,845,845,0
2022-07-22 10:23:00,845,845,845,845,0
2022-07-22 10:24:00,845,845,845,845,0
2022-07-22 10:25:00,845,845,845,845,0
2022-07-22 10:26:00,845,845,845,845,0
2022-07-22 10:27:00,845,845,845,845,0
2022-07-22 10:28:00,845,845,845,845,0
2022-07-22 10:29:00,845,845,845,845,0
2022-07-22 10:30:00,845,845,845,845,0
2022-07-22 10:31:00,845,845,845,845,0
2022-07-22 10:32:00,845,845,845,845,0
2022-07-22 10:33:00,845,845,845,845,0
2022-07-22 10:34:00,845,845,845,845,0
2022-07-22 10:35:00,845,845,845,845,0
2022-07-22 10:36:00,845,845,845,845,0
2022-07-22 10:37:00,845,845,845,845,0
2022-07-22 10:38:00,845,845,845,845,0
2022-07-22 10:39:00,845,845,845,845,0
2022-07-22 10:40:00,845,845,845,845,0
2022-07-22 10:41:00,845,845,845,845,0
2022-07-22 10:42:00,845,845,845,845,0
2022-07-22 10:43:00,845,845,845,845,0
2022-07-22 10:44:00,845,845,845,845,0
2022-07-22 10:45:00,845,845,845,845,0
2022-07-22 10:46:00,845,845,845,845,0
2022-07-22 10:47:00,845,845,845,845,0
2022-07-22 10:48:00,845,845,845,845,0
2022-07-22 10:49:00,845,845,845,845,0
2022-07-22 10:50:00,845,845,845,845,0
2022-07-22 10:51:00,845,845,845,845,0
2022-07-22 10:52:00,845,845,845,845,0
2022-07-22 10:53:00,845,845,845,845,0
2022-07-22 10:54:00,845,845,845,845,0
2022-07-22 10:55:00,845,845,845,845,0
2022-07-22 10:56:00,845,845,845,845,0
2022-07-22 10:57:00,845,845,845,845,0
2022-07-22 10:58:00,845,845,845,845,0
2022-07-22 10:59:00,845,845,845,845,0
2022-07-22 11:00:00,845,845,845,845,0
2022-07-22 11:01:00,845,845,845,845,0
2022-07-22 11:02:00,845,845,845,845,0
2022-07-22 11:03:00,845,845,845,845,0
2022-07-22 11:04:00,845,845,845,845,0
2022-07-22 11:05:00,845,845,845,845,0
2022-07-22 11:06:00,845,845,845,845,0
2022-07-22 11:07:00,845,845,845,845,0
2022-07-22 11:08:00,845,845,845,845,0
2022-07-22 11:09:00,845,845,845,845,0
2022-07-22 11:10:00,845,845,845,845,0
2022-07-22 11:11:00,845,845,845,845,0
2022-07-22 11:12:00,845,845,845,845,0
2022-07-22 11:13:00,845,845,845,845,0
2022-07-22 11:14:00,845,845,845,845,0
2022-07-22 11:15:00,845,845,845,845,0
2022-07-22 11:16:00,845,845,845,845,0
2022-07-22 11:17:00,845,845,845,845,0
2022-07-22 11:18:00,845,845,845,845,0
2022-07-22 11:19:00,845,845,845,845,0
2022-07-22 11:20:00,845,845,845,845,0
2022-07-22 11:21:00,845,845,845,845,0
2022-07-22 11:22:00,845,845,845,845,0
2022-07-22 11:23:00,845,845,845,845,0
2022-07-22 11:24:00,845,845,845,845,0
2022-07-22 11:25:00,845,845,845,845,0
2022-07-22 11:26:00,845,845,845,845,0
2022-07-22 11:27:00,845,845,845,845,0
2022-07-22 11:28:00,845,845,845,845,0
2022-07-22 11:29:00,845,845,845,845,0
2022-07-22 11:30:00,845,845,845,845,0
2022-07-22 11:31:00,845,845,845,845,0
2022-07-22 11:32:00,845,845,845,845,0
2022-07-22 11:33:00,845,845,845,845,0
2022-07-22 11:34:00,845,845,845,845,0
2022-07-22 11:35:00,845,845,845,845,0
2022-07-22 11:36:00,845,845,845,845,0
2022-07-22 11:37:00,845,845,845,845,0
2022-07-22 11:38:00,845,845,845,845,0
2022-07-22 11:39:00,845,845,845,845,0
2022-07-22 11:40:00,845,845,845,845,0
2022-07-22 11:41:00,845,845,845,845,0
2022-07-22 11:42:00,845,845,845,845,0
2022-07-22 11:43:00,845,845,845,845,0
2022-07-22 11:44:00,845,845,845,845,0
2022-07-22 11:45:00,845,845,845,845,0
2022-07-22 11:46:00,845,845,845,845,0
2022-07-22 11:47:00,845,845,845,845,0
2022-07-22 11:48:00,845,845,845,845,0
2022-07-22 11:49:00,845,845,845,845,0
2022-07-22 11:50:00,845,845,845,845,0
2022-07-22 11:51:00,845,845,845,845,0
2022-07-22 11:52:00,845,845,845,845,0
2022-07-22 11:53:00,845,845,845,845,0
2022-07-22 11:54:00,845,845,845,845,0
2022-07-22 11:55:00,845,845,845,845,0
2022-07-22 11:56:00,845,845,845,845,0
2022-07-22 11:57:00,845,845,845,845,0
2022-07-22 11:58:00,845,845,845,845,0
2022-07-22 11:59:00,845,845,845,845,0
2022-07-22 12:00:00,845,845,845,845,0
2022-07-22 12:01:00,845,845,845,845,0
2022-07-22 12:02:00,845,845,845,845,0
2022-07-22 12:03:00,845,845,845,845,0
2022-07-22 12:04:00,845,845,845,845,0
2022-07-22 12:05:00,845,845,845,845,0
2022-07-22 12:06:00,845,845,845,845,0
2022-07-22 12:07:00,845,845,845,845,0
2022-07-22 12:08:00,845,845,845,845,0
2022-07-22 12:09:00,845,845,845,845,0
2022-07-22 12:10:00,845,845,845,845,0
2022-07-22 12:11:00,845,845,845,845,0
2022-07-22 12:12:00,845,845,845,845,0
2022-07-22 12:13:00,845,845,845,845,0
2022-07-22 12:14:00,845,845,845,845,0
2022-07-22 12:15:00,845,845,845,845,0
2022-07-22 12:16:00,845,845,845,845,0
2022-07-22 12:17:00,845,845,845,845,0
2022-07-22 12:18:00,845,845,845,845,0
2022-07-22 12:19:00,845,845,845,845,0
2022-07-22 12:20:00,845,845,845,845,0
2022-07-22 12:21:00,845,845,845,845,0
2022-07-22 12:22:00,845,845,845,845,0
2022-07-22 12:23:00,845,845,845,845,0
2022-07-22 12:24:00,845,845,845,845,0
2022-07-22 12:25:00,845,845,845,845,0
2022-07-22 12:26:00,845,845,845,845,0
2022-07-22 12:27:00,845,845,845,845,0
2022-07-22 12:28:00,845,845,845,845,0
2022-07-22 12:29:00,845,845,845,845,0
2022-07-22 12:30:00,845,845,845,845,0
2022-07-22 12:31:00,845,845,845,845,0
2022-07-22 12:32:00,845,845,845,845,0
2022-07-22 12:33:00,845,845,845,845,0
2022-07-22 12:34:00,845,845,845,845,0
2022-07-22 12:35:00,845,845,845,845,0
2022-07-22 12:36:00,845,845,845,845,0
2022-07-22 12:37:00,845,845,845,845,0
2022-07-22 12:38:00,845,845,845,845,0
2022-07-22 12:39:00,845,845,845,845,0
2022-07-22 12:40:00,845,845,845,845,0
2022-07-22 12:41:00,845,845,845,845,0
2022-07-22 12:42:00,845,845,845,845,0
2022-07-22 12:43:00,845,845,845,845,0
2022-07-22 12:44:00,845,845,845,845,0
2022-07-22 12:45:00,845,845,845,845,0
2022-07-22 12:46:00,845,845,845,845,0
2022-07-22 12:47:00,845,845,845,845,0
2022-07-22 12:48:00,845,845,845,845,0
2022-07-22 12:49:00,845,845,845,845,0
2022-07-22 12:50:00,845,845,845,845,0
2022-07-22 12:51:00,845,845,845,845,0
2022-07-22 12:52:00,845,845,845,845,0
2022-07-22 12:53:00,845,845,845,845,0
2022-07-22 12:54:00,845,845,845,845,0
2022-07-22 12:55:00,845,845,845,845,0
2022-07-22 12:56:00,845,845,845,845,0
2022-07-22 12:57:00,845,845,845,845,0
2022-07-22 12:58:00,845,845,845,845,0
2022-07-22 12:59:00,845,845,845,845,0
2022-07-22 13:00:00,845,845,845,845,0
2022-07-22 13:01:00,845,845,845,845,0
2022-07-22 13:02:00,845,845,845,845,0
2022-07-22 13:03:00,845,845,845,845,0
2022-07-22 13:04:00,845,845,845,845,0
2022-07-22 13:05:00,845,845,845,845,0
2022-07-22 13:06:00,845,845,845,845,0
2022-07-22 13:07:00,845,845,845,845,0
2022-07-22 13:08:00,845,845,845,845,0
2022-07-22 13:09:00,845,845,845,845,0
2022-07-22 13:10:00,845,845,845,845,0
2022-07-22 13:11:00,845,845,845,845,0
2022-07-22 13:12:00,845,845,845,845,0
2022-07-22 13:13:00,845,845,845,845,0
2022-07-22 13:14:00,845,845,845,845,0
2022-07-22 13:15:00,845,845,845,845,0
2022-07-22 13:16:00,845,845,845,845,0
2022-07-22 13:17:00,845,845,845,845,0
2022-07-22 13:18:00,845,845,845,845,0
2022-07-22 13:19:00,845,845,845,845,0
2022-07-22 13:20:00,845,845,845,845,0
2022-07-22 13:21:00,845,845,845,845,0
2022-07-22 13:22:00,845,845,845,845,0
2022-07-22 13:23:00,845,845,845,845,0
2022-07-22 13:24:00,845,845,845,845,0
2022-07-22 13:25:00,845,845,845,845,0
2022-07-22 13:26:00,845,845,845,845,0
2022-07-22 13:27:00,845,845,845,845,0
2022-07-22 13:28:00,845,845,845,845,0
2022-07-22 13:29:00,845,845,845,845,0
2022-07-22 13:30:00,845,845,845,845,0
2022-07-22 13:31:00,845,845,845,845,0
2022-07-22 13:32:00,845,845,845,845,0
2022-07-22 13:33:00,845,845,845,845,0
2022-07-22 13:34:00,845,845,845,845,0
2022-07-22 13:35:00,845,845,845,845,0
2022-07-22 13:36:00,845,845,845,845,0
2022-07-22 13:37:00,845,845,845,845,0
2022-07-22 13:38:00,845,845,845,845,0
2022-07-22 13:39:00,845,845,845,845,0
2022-07-22 13:40:00,845,845,845,845,0
2022-07-22 13:41:00,845,845,845,845,0
2022-07-22 13:42:00,845,845,845,845,0
2022-07-22 13:43:00,845,845,845,845,0
2022-07-22 13:44:00,845,845,845,845,0
2022-07-22 13:45:00,845,845,845,845,0
2022-07-22 13:46:00,845,845,845,845,0
2022-07-22 13:47:00,845,845,845,845,0
2022-07-22 13:48:00,845,845,845,845,0
2022-07-22 13:49:00,845,845,845,845,0
2022-07-22 13:50:00,845,845,845,845,0
2022-07-22 13:51:00,845,845,845,845,0
2022-07-22 13:52:00,845,845,845,845,0
2022-07-22 13:53:00,845,845,845,845,0
2022-07-22 13:54:00,845,845,845,845,0
2022-07-22 13:55:00,845,845,845,845,0
2022-07-22 13:56:00,845,845,845,845,0
2022-07-22 13:57:00,845,845,845,845,0
2022-07-22 13:58:00,845,845,845,845,0
2022-07-22 13:59:00,845,845,845,845,0
2022-07-22 14:00:00,845,845,845,845,0
2022-07-22 14:01:00,845,845,845,845,0
2022-07-22 14:02:00,845,845,845,845,0
2022-07-22 14:03:00,845,845,845,845,0
2022-07-22 14:04:00,845,845,845,845,0
2022-07-22 14:05:00,845,845,845,845,0
2022-07-22 14:06:00,845,845,845,845,0
2022-07-22 14:07:00,845,845,845,845,0
2022-07-22 14:08:00,845,845,845,845,0
2022-07-22 14:09:00,845,845,845,845,0
2022-07-22 14:10:00,845,845,845,845,0
2022-07-22 14:11:00,845,845,845,845,0
2022-07-22 14:12:00,845,845,845,845,0
2022-07-22 14:13:00,845,845,845,845,0
2022-07-22 14:14:00,845,845,845,845,0
2022-07-22 14:15:00,845,845,845,845,0
2022-07-22 14:16:00,845,845,845,845,0
2022-07-22 14:17:00,845,845,845,845,0
2022-07-22 14:18:00,845,845,845,845,0
2022-07-22 14:19:00,845,845,845,845,0
2022-07-22 14:20:00,845,845,845,845,0
2022-07-22 14:21:00,845,845,845,845,0
2022-07-22 14:22:00,845,845,845,845,0
2022-07-22 14:23:00,845,845,845,845,0
2022-07-22 14:24:00,845,845,845,845,0
2022-07-22 14:25:00,845,845,845,845,0
2022-07-22 14:26:00,845,845,845,845,0
2022-07-22 14:27:00,845,845,845,845,0
2022-07-22 14:28:00,845,845,845,845,0
2022-07-22 14:29:00,845,845,845,845,0
2022-07-22 14:30:00,845,845,845,845,0
2022-07-22 14:31:00,845,845,845,845,0
2022-07-22 14:32:00,845,845,845,845,0
2022-07-22 14:33:00,845,845,845,845,0
2022-07-22 14:34:00,845,845,845,845,0
2022-07-22 14:35:00,845,845,845,845,0
2022-07-22 14:36:00,845,845,845,845,0
2022-07-22 14:37:00,845,845,845,845,0
2022-07-22 14:38:00,845,845,845,845,0
2022-07-22 14:39:00,845,845,845,845,0
2022-07-22 14:40:00,845,845,845,845,0
2022-07-22 14:41:00,845,845,845,845,0
2022-07-22 14:42:00,845,845,845,845,0
2022-07-22 14:43:00,845,845,845,845,0
2022-07-22 14:44:00,845,845,845,845,0
2022-07-22 14:45:00,845,845,845,845,0
2022-07-22 14:46:00,845,845,845,845,0
2022-07-22 14:47:00,845,845,845,845,0
2022-07-22 14:48:00,845,845,845,845,0
2022-07-22 14:49:00,845,845,845,845,0
2022-07-22 14:50:00,845,845,845,845,0
2022-07-22 14:51:00,845,845,845,845,0
2022-07-22 14:52:00,845,845,845,845,0
2022-07-22 14:53:00,845,845,845,845,0
2022-07-22 14:54:00,845,845,845,845,0
2022-07-22 14:55:00,845,845,845,845,0
2022-07-22 14:56:00,845,845,845,845,0
2022-07-22 14:57:00,845,845,845,845,0
2022-07-22 14:58:00,845,845,845,845,0
2022-07-22 14:59:00,845,845,845,845,0
2022-07-22 15:00:00,845,845,845,845,0
2022-07-22 15:01:00,845,845,845,845,0
2022-07-22 15:02:00,845,845,845,845,0
2022-07-22 15:03:00,845,845,845,845,0
2022-07-22 15:04:00,845,845,845,845,0
2022-07-22 15:05:00,845,845,845,845,0
2022-07-22 15:06:00,845,845,845,845,0
2022-07-22 15:07:00,845,845,845,845,0
2022-07-22 15:08:00,845,845,845,845,0
2022-07-22 15:09:00,845,845,845,845,0
2022-07-22 15:10:00,845,845,845,845,0
2022-07-22 15:11:00,845,845,845,845,0
2022-07-22 15:12:00,845,845,845,845,0
2022-07-22 15:13:00,845,845,845,845,0
2022-07-22 15:14:00,845,845,845,845,0
2022-07-22 15:15:00,845,845,845,845,0
2022-07-22 15:16:00,845,845,845,845,0
2022-07-22 15:17:00,845,845,845,845,0
2022-07-22 15:18:00,845,845,845,845,0
2022-07-22 15:19:00,845,845,845,845,0
2022-07-22 15:20:00,845,845,845,845,0
2022-07-22 15:21:00,845,845,845,845,0
2022-07-22 15:22:00,845,845,845,845,0
2022-07-22 15:23:00,845,845,845,845,0
2022-07-22 15:24:00,845,845,845,845,0
2022-07-22 15:25:00,845,845,845,845,0
2022-07-22 15:26:00,845,845,845,845,0
2022-07-22 15:27:00,845,845,845,845,0
2022-07-22 15:28:00,845,845,845,845,0
2022-07-22 15:29:00,845,845,845,845,0
2022-07-22 15:30:00,845,845,845,845,0
2022-07-22 15:31:00,845,845,845,845,0
2022-07-22 15:32:00,845,845,845,845,0
2022-07-22 15:33:00,845,845,845,845,0
2022-07-22 15:34:00,845,845,845,845,0
2022-07-22 15:35:00,845,845,845,845,0
2022-07-22 15:36:00,845,845,845,845,0
2022-07-22 15:37:00,845,845,845,845,0
2022-07-22 15:38:00,845,845,845,845,0
2022-07-22 15:39:00,845,845,845,845,0
2022-07-22 15:40:00,845,845,845,845,0
2022-07-22 15:41:00,845,845,845,845,0
2022-07-22 15:42:00,845,845,845,845,0
2022-07-22 15:43:00,845,845,845,845,0
2022-07-22 15:44:00,845,845,845,845,0
2022-07-22 15:45:00,845,845,845,845,0
2022-07-22 15:46:00,845,845,845,845,0
2022-07-22 15:47:00,845,845,845,845,0
2022-07-22 15:48:00,845,845,845,845,0
2022-07-22 15:49:00,845,845,845,845,0
2022-07-22 15:50:00,845,845,845,845,0
2022-07-22 15:51:00,845,845,845,845,0
2022-07-22 15:52:00,845,845,845,845,0
2022-07-22 15:53:00,845,845,845,845,0
2022-07-22 15:54:00,845,845,845,845,0
2022-07-22 15:55:00,845,845,845,845,0
2022-07-22 15:56:00,845,845,845,845,0
2022-07-22 15:57:00,845,845,845,845,0
2022-07-22 15:58:00,845,845,845,845,0
2022-07-22 15:59:00,845,845,845,845,0
2022-07-25 09:00:00,840,840,880,850,0
2022-07-25 09:01:00,850,850,870,870,3969400
2022-07-25 09:02:00,870,865,875,865,3541200
2022-07-25 09:03:00,865,855,865,865,2357400
2022-07-25 09:04:00,865,860,870,865,2084800
2022-07-25 09:05:00,865,850,865,860,2497700
2022-07-25 09:06:00,855,845,860,850,3696800
2022-07-25 09:07:00,850,845,855,850,413800
2022-07-25 09:08:00,845,845,850,845,403100
2022-07-25 09:09:00,850,845,850,845,419600
2022-07-25 09:10:00,850,845,855,855,766800
2022-07-25 09:11:00,855,850,855,855,1089300
2022-07-25 09:12:00,855,855,860,860,506000
2022-07-25 09:13:00,855,855,865,860,1160600
2022-07-25 09:14:00,860,855,860,855,535200
2022-07-25 09:15:00,860,855,860,860,389000
2022-07-25 09:16:00,855,855,860,855,454600
2022-07-25 09:17:00,860,855,860,860,119700
2022-07-25 09:18:00,860,855,860,855,187000
2022-07-25 09:19:00,855,850,860,855,1715600
2022-07-25 09:20:00,855,850,855,855,716200
2022-07-25 09:21:00,855,850,860,855,221500
2022-07-25 09:22:00,855,850,855,855,248500
2022-07-25 09:23:00,855,850,855,855,142300
2022-07-25 09:24:00,855,850,855,850,165100
2022-07-25 09:25:00,855,850,855,850,624600
2022-07-25 09:26:00,855,850,855,850,384300
2022-07-25 09:27:00,850,850,855,855,81600
2022-07-25 09:28:00,855,850,855,850,1681700
2022-07-25 09:29:00,850,845,850,845,353800
2022-07-25 09:30:00,845,840,850,845,2755200
2022-07-25 09:31:00,840,840,845,845,2258500
2022-07-25 09:32:00,845,845,850,845,156800
2022-07-25 09:33:00,845,825,845,825,6396200
2022-07-25 09:34:00,820,810,825,820,2662200
2022-07-25 09:35:00,820,810,830,825,1603300
2022-07-25 09:36:00,825,820,840,835,1478400
2022-07-25 09:37:00,835,835,845,840,358200
2022-07-25 09:38:00,845,840,845,845,635900
2022-07-25 09:39:00,845,835,845,840,437400
2022-07-25 09:40:00,840,840,840,840,277700
2022-07-25 09:41:00,840,835,840,835,17900
2022-07-25 09:42:00,840,830,840,835,217400
2022-07-25 09:43:00,830,830,835,830,65300
2022-07-25 09:44:00,830,825,835,825,651400
2022-07-25 09:45:00,825,825,830,830,86400
2022-07-25 09:46:00,825,825,830,825,58400
2022-07-25 09:47:00,825,820,830,820,368700
2022-07-25 09:48:00,820,820,825,820,608700
2022-07-25 09:49:00,820,820,825,820,59300
2022-07-25 09:50:00,820,820,830,825,415000
2022-07-25 09:51:00,830,825,830,830,647500
2022-07-25 09:52:00,830,825,835,830,43000
2022-07-25 09:53:00,835,830,835,835,112400
2022-07-25 09:54:00,835,835,835,835,27100
2022-07-25 09:55:00,840,830,840,840,87000
2022-07-25 09:56:00,835,835,840,835,14600
2022-07-25 09:57:00,835,835,840,835,118300
2022-07-25 09:58:00,835,830,840,835,20200
2022-07-25 09:59:00,835,835,840,835,127400
2022-07-25 10:00:00,835,830,835,835,72100
2022-07-25 10:01:00,830,830,835,830,533700
2022-07-25 10:02:00,830,825,830,830,14900
2022-07-25 10:03:00,830,830,835,835,80400
2022-07-25 10:04:00,830,830,835,830,384500
2022-07-25 10:05:00,830,830,835,835,77900
2022-07-25 10:06:00,835,830,835,830,68600
2022-07-25 10:07:00,835,830,835,835,36900
2022-07-25 10:08:00,830,830,835,835,224500
2022-07-25 10:09:00,840,835,840,835,80900
2022-07-25 10:10:00,835,835,835,835,127800
2022-07-25 10:11:00,835,835,835,835,86600
2022-07-25 10:12:00,835,835,840,835,20700
2022-07-25 10:13:00,835,835,840,835,22300
2022-07-25 10:14:00,835,835,835,835,9900
2022-07-25 10:15:00,835,835,840,840,42500
2022-07-25 10:16:00,840,840,840,840,8100
2022-07-25 10:17:00,835,835,840,835,10000
2022-07-25 10:18:00,835,835,840,835,10600
2022-07-25 10:19:00,835,835,840,840,535300
2022-07-25 10:20:00,840,840,845,840,263200
2022-07-25 10:21:00,840,835,840,840,182200
2022-07-25 10:22:00,840,835,840,840,0
2022-07-25 10:23:00,840,835,840,840,20600
2022-07-25 10:24:00,835,835,845,840,287200
2022-07-25 10:25:00,840,840,845,840,331600
2022-07-25 10:26:00,840,840,845,845,43600
2022-07-25 10:27:00,845,840,845,845,45200
2022-07-25 10:28:00,845,840,845,840,20300
2022-07-25 10:29:00,840,840,840,840,5800
2022-07-25 10:30:00,840,840,855,855,17278200
2022-07-25 10:31:00,855,850,855,850,637900
2022-07-25 10:32:00,855,850,855,855,733800
2022-07-25 10:33:00,855,850,855,855,105900
2022-07-25 10:34:00,855,850,855,850,154600
2022-07-25 10:35:00,850,850,855,855,70500
2022-07-25 10:36:00,855,850,855,855,108900
2022-07-25 10:37:00,855,850,860,860,1015500
2022-07-25 10:38:00,860,855,860,855,108200
2022-07-25 10:39:00,855,855,860,860,932000
2022-07-25 10:40:00,855,850,860,855,581500
2022-07-25 10:41:00,855,845,855,845,3245000
2022-07-25 10:42:00,845,845,855,850,463500
2022-07-25 10:43:00,850,845,850,845,1596500
2022-07-25 10:44:00,845,835,845,835,2811600
2022-07-25 10:45:00,835,830,835,835,337800
2022-07-25 10:46:00,835,835,840,840,339100
2022-07-25 10:47:00,840,835,840,835,267800
2022-07-25 10:48:00,835,830,840,835,785400
2022-07-25 10:49:00,835,835,840,840,388600
2022-07-25 10:50:00,840,835,840,840,133000
2022-07-25 10:51:00,835,835,840,840,173800
2022-07-25 10:52:00,845,845,850,850,23900
2022-07-25 10:53:00,850,845,855,850,515900
2022-07-25 10:54:00,850,845,850,850,577900
2022-07-25 10:55:00,850,850,850,850,236200
2022-07-25 10:56:00,855,850,855,850,83600
2022-07-25 10:57:00,850,850,855,850,0
2022-07-25 10:58:00,855,850,855,850,105400
2022-07-25 10:59:00,855,850,855,850,316800
2022-07-25 11:00:00,850,845,850,845,2600
2022-07-25 11:01:00,850,845,850,845,174000
2022-07-25 11:02:00,845,845,850,845,1209400
2022-07-25 11:03:00,850,845,850,845,0
2022-07-25 11:04:00,845,845,850,845,11100
2022-07-25 11:05:00,850,845,850,845,16300
2022-07-25 11:06:00,845,845,845,845,57900
2022-07-25 11:07:00,845,845,850,850,19600
2022-07-25 11:08:00,845,845,845,845,104200
2022-07-25 11:09:00,845,845,850,850,39600
2022-07-25 11:10:00,845,845,850,850,3800
2022-07-25 11:11:00,850,845,850,845,200
2022-07-25 11:12:00,845,845,850,850,17800
2022-07-25 11:13:00,850,845,850,845,500
2022-07-25 11:14:00,845,845,845,845,10900
2022-07-25 11:15:00,845,845,845,845,12200
2022-07-25 11:16:00,850,850,850,850,0
2022-07-25 11:17:00,850,850,850,850,309900
2022-07-25 11:18:00,850,850,850,850,6300
2022-07-25 11:19:00,845,845,855,855,542200
2022-07-25 11:20:00,850,850,855,850,13100
2022-07-25 11:21:00,850,850,855,850,0
2022-07-25 11:22:00,855,850,855,850,807100
2022-07-25 11:23:00,855,850,855,850,345200
2022-07-25 11:24:00,850,850,850,850,0
2022-07-25 11:25:00,850,850,850,850,4100
2022-07-25 11:26:00,850,845,850,850,32300
2022-07-25 11:27:00,850,850,850,850,6000
2022-07-25 11:28:00,850,850,855,855,681100
2022-07-25 11:29:00,855,850,855,850,1521300
2022-07-25 11:30:00,855,850,855,850,0
2022-07-25 11:31:00,855,850,855,850,0
2022-07-25 11:32:00,855,850,855,850,0
2022-07-25 11:33:00,855,850,855,850,0
2022-07-25 11:34:00,855,850,855,850,0
2022-07-25 11:35:00,855,850,855,850,0
2022-07-25 11:36:00,855,850,855,850,0
2022-07-25 11:37:00,855,850,855,850,0
2022-07-25 11:38:00,855,850,855,850,0
2022-07-25 11:39:00,855,850,855,850,0
2022-07-25 11:40:00,855,850,855,850,0
2022-07-25 11:41:00,855,850,855,850,0
2022-07-25 11:42:00,855,850,855,850,0
2022-07-25 11:43:00,855,850,855,850,0
2022-07-25 11:44:00,855,850,855,850,0
2022-07-25 11:45:00,855,850,855,850,0
2022-07-25 11:46:00,855,850,855,850,0
2022-07-25 11:47:00,855,850,855,850,0
2022-07-25 11:48:00,855,850,855,850,0
2022-07-25 11:49:00,855,850,855,850,0
2022-07-25 11:50:00,855,850,855,850,0
2022-07-25 11:51:00,855,850,855,850,0
2022-07-25 11:52:00,855,850,855,850,0
2022-07-25 11:53:00,855,850,855,850,0
2022-07-25 11:54:00,855,850,855,850,0
2022-07-25 11:55:00,855,850,855,850,0
2022-07-25 11:56:00,855,850,855,850,0
2022-07-25 11:57:00,855,850,855,850,0
2022-07-25 11:58:00,855,850,855,850,0
2022-07-25 11:59:00,855,850,855,850,0
2022-07-25 12:00:00,855,850,855,850,0
2022-07-25 12:01:00,855,850,855,850,0
2022-07-25 12:02:00,855,850,855,850,0
2022-07-25 12:03:00,855,850,855,850,0
2022-07-25 12:04:00,855,850,855,850,0
2022-07-25 12:05:00,855,850,855,850,0
2022-07-25 12:06:00,855,850,855,850,0
2022-07-25 12:07:00,855,850,855,850,0
2022-07-25 12:08:00,855,850,855,850,0
2022-07-25 12:09:00,855,850,855,850,0
2022-07-25 12:10:00,855,850,855,850,0
2022-07-25 12:11:00,855,850,855,850,0
2022-07-25 12:12:00,855,850,855,850,0
2022-07-25 12:13:00,855,850,855,850,0
2022-07-25 12:14:00,855,850,855,850,0
2022-07-25 12:15:00,855,850,855,850,0
2022-07-25 12:16:00,855,850,855,850,0
2022-07-25 12:17:00,855,850,855,850,0
2022-07-25 12:18:00,855,850,855,850,0
2022-07-25 12:19:00,855,850,855,850,0
2022-07-25 12:20:00,855,850,855,850,0
2022-07-25 12:21:00,855,850,855,850,0
2022-07-25 12:22:00,855,850,855,850,0
2022-07-25 12:23:00,855,850,855,850,0
2022-07-25 12:24:00,855,850,855,850,0
2022-07-25 12:25:00,855,850,855,850,0
2022-07-25 12:26:00,855,850,855,850,0
2022-07-25 12:27:00,855,850,855,850,0
2022-07-25 12:28:00,855,850,855,850,0
2022-07-25 12:29:00,855,850,855,850,0
2022-07-25 12:30:00,855,850,855,850,0
2022-07-25 12:31:00,855,850,855,850,0
2022-07-25 12:32:00,855,850,855,850,0
2022-07-25 12:33:00,855,850,855,850,0
2022-07-25 12:34:00,855,850,855,850,0
2022-07-25 12:35:00,855,850,855,850,0
2022-07-25 12:36:00,855,850,855,850,0
2022-07-25 12:37:00,855,850,855,850,0
2022-07-25 12:38:00,855,850,855,850,0
2022-07-25 12:39:00,855,850,855,850,0
2022-07-25 12:40:00,855,850,855,850,0
2022-07-25 12:41:00,855,850,855,850,0
2022-07-25 12:42:00,855,850,855,850,0
2022-07-25 12:43:00,855,850,855,850,0
2022-07-25 12:44:00,855,850,855,850,0
2022-07-25 12:45:00,855,850,855,850,0
2022-07-25 12:46:00,855,850,855,850,0
2022-07-25 12:47:00,855,850,855,850,0
2022-07-25 12:48:00,855,850,855,850,0
2022-07-25 12:49:00,855,850,855,850,0
2022-07-25 12:50:00,855,850,855,850,0
2022-07-25 12:51:00,855,850,855,850,0
2022-07-25 12:52:00,855,850,855,850,0
2022-07-25 12:53:00,855,850,855,850,0
2022-07-25 12:54:00,855,850,855,850,0
2022-07-25 12:55:00,855,850,855,850,0
2022-07-25 12:56:00,855,850,855,850,0
2022-07-25 12:57:00,855,850,855,850,0
2022-07-25 12:58:00,855,850,855,850,0
2022-07-25 12:59:00,855,850,855,850,0
2022-07-25 13:00:00,855,850,855,850,0
2022-07-25 13:01:00,855,850,855,850,0
2022-07-25 13:02:00,855,850,855,850,0
2022-07-25 13:03:00,855,850,855,850,0
2022-07-25 13:04:00,855,850,855,850,0
2022-07-25 13:05:00,855,850,855,850,0
2022-07-25 13:06:00,855,850,855,850,0
2022-07-25 13:07:00,855,850,855,850,0
2022-07-25 13:08:00,855,850,855,850,0
2022-07-25 13:09:00,855,850,855,850,0
2022-07-25 13:10:00,855,850,855,850,0
2022-07-25 13:11:00,855,850,855,850,0
2022-07-25 13:12:00,855,850,855,850,0
2022-07-25 13:13:00,855,850,855,850,0
2022-07-25 13:14:00,855,850,855,850,0
2022-07-25 13:15:00,855,850,855,850,0
2022-07-25 13:16:00,855,850,855,850,0
2022-07-25 13:17:00,855,850,855,850,0
2022-07-25 13:18:00,855,850,855,850,0
2022-07-25 13:19:00,855,850,855,850,0
2022-07-25 13:20:00,855,850,855,850,0
2022-07-25 13:21:00,855,850,855,850,0
2022-07-25 13:22:00,855,850,855,850,0
2022-07-25 13:23:00,855,850,855,850,0
2022-07-25 13:24:00,855,850,855,850,0
2022-07-25 13:25:00,855,850,855,850,0
2022-07-25 13:26:00,855,850,855,850,0
2022-07-25 13:27:00,855,850,855,850,0
2022-07-25 13:28:00,855,850,855,850,0
2022-07-25 13:29:00,855,850,855,850,0
2022-07-25 13:30:00,850,845,855,845,2554600
2022-07-25 13:31:00,850,850,855,855,59000
2022-07-25 13:32:00,850,850,855,850,54700
2022-07-25 13:33:00,850,850,855,850,11700
2022-07-25 13:34:00,855,850,855,855,12700
2022-07-25 13:35:00,850,850,855,850,268400
2022-07-25 13:36:00,855,850,865,865,2765200
2022-07-25 13:37:00,865,860,870,870,2317900
2022-07-25 13:38:00,870,865,870,865,913600
2022-07-25 13:39:00,865,860,865,865,179900
2022-07-25 13:40:00,865,860,865,865,57000
2022-07-25 13:41:00,860,860,865,865,41200
2022-07-25 13:42:00,865,860,865,860,461500
2022-07-25 13:43:00,860,860,870,870,3562100
2022-07-25 13:44:00,870,870,880,875,2203600
2022-07-25 13:45:00,875,875,890,885,4331000
2022-07-25 13:46:00,885,880,890,885,1027100
2022-07-25 13:47:00,885,885,895,895,2251800
2022-07-25 13:48:00,895,890,900,895,2405400
2022-07-25 13:49:00,895,880,895,890,2650800
2022-07-25 13:50:00,885,880,890,885,1275500
2022-07-25 13:51:00,885,885,890,885,653300
2022-07-25 13:52:00,890,885,890,890,242400
2022-07-25 13:53:00,890,885,890,890,193500
2022-07-25 13:54:00,885,885,895,885,1852400
2022-07-25 13:55:00,890,885,890,890,55100
2022-07-25 13:56:00,890,885,890,885,1296100
2022-07-25 13:57:00,880,880,885,880,96500
2022-07-25 13:58:00,880,880,885,885,45100
2022-07-25 13:59:00,880,875,880,875,1105200
2022-07-25 14:00:00,880,880,885,885,721600
2022-07-25 14:01:00,880,875,885,880,406500
2022-07-25 14:02:00,880,875,880,880,130400
2022-07-25 14:03:00,880,875,880,875,139700
2022-07-25 14:04:00,875,875,880,875,191400
2022-07-25 14:05:00,875,875,880,880,262300
2022-07-25 14:06:00,880,875,880,880,195700
2022-07-25 14:07:00,880,875,885,885,433500
2022-07-25 14:08:00,880,880,885,880,1062200
2022-07-25 14:09:00,880,880,885,885,59600
2022-07-25 14:10:00,880,880,890,885,718500
2022-07-25 14:11:00,885,885,890,885,299600
2022-07-25 14:12:00,885,885,890,885,1789600
2022-07-25 14:13:00,890,885,890,890,1555500
2022-07-25 14:14:00,890,890,895,890,504800
2022-07-25 14:15:00,890,885,890,890,189200
2022-07-25 14:16:00,890,885,890,890,182800
2022-07-25 14:17:00,885,880,885,885,1089000
2022-07-25 14:18:00,890,885,890,890,136600
2022-07-25 14:19:00,885,885,890,885,62300
2022-07-25 14:20:00,890,885,890,890,98800
2022-07-25 14:21:00,890,890,890,890,127000
2022-07-25 14:22:00,890,885,890,885,800900
2022-07-25 14:23:00,885,885,890,885,416700
2022-07-25 14:24:00,890,885,890,890,59200
2022-07-25 14:25:00,890,885,890,885,268900
2022-07-25 14:26:00,890,890,895,890,1064100
2022-07-25 14:27:00,895,890,895,890,434900
2022-07-25 14:28:00,890,890,890,890,39400
2022-07-25 14:29:00,890,890,895,895,26800
2022-07-25 14:30:00,895,890,895,890,52300
2022-07-25 14:31:00,890,890,895,890,59500
2022-07-25 14:32:00,890,890,890,890,426400
2022-07-25 14:33:00,890,885,890,885,202600
2022-07-25 14:34:00,890,885,890,885,12400
2022-07-25 14:35:00,885,885,890,890,7200
2022-07-25 14:36:00,885,885,890,885,138200
2022-07-25 14:37:00,885,885,890,885,225500
2022-07-25 14:38:00,885,885,895,890,1358200
2022-07-25 14:39:00,895,890,895,895,80000
2022-07-25 14:40:00,890,890,895,895,100200
2022-07-25 14:41:00,895,890,895,890,1090000
2022-07-25 14:42:00,890,890,895,895,176900
2022-07-25 14:43:00,890,890,895,890,154600
2022-07-25 14:44:00,890,890,895,890,89200
2022-07-25 14:45:00,895,890,895,895,223000
2022-07-25 14:46:00,890,890,900,900,3753600
2022-07-25 14:47:00,895,895,900,895,200500
2022-07-25 14:48:00,900,895,900,895,679100
2022-07-25 14:49:00,900,895,900,895,118700
2022-07-25 14:50:00,900,895,900,895,0
2022-07-25 14:51:00,900,895,900,895,0
2022-07-25 14:52:00,900,895,900,895,0
2022-07-25 14:53:00,900,895,900,895,0
2022-07-25 14:54:00,900,895,900,895,0
2022-07-25 14:55:00,900,895,900,895,0
2022-07-25 14:56:00,900,895,900,895,0
2022-07-25 14:57:00,900,895,900,895,0
2022-07-25 14:58:00,900,895,900,895,0
2022-07-25 14:59:00,900,895,900,895,0
2022-07-25 15:00:00,900,900,900,900,3519500
2022-07-25 15:01:00,900,900,900,900,1267800
2022-07-25 15:02:00,900,900,900,900,344400
2022-07-25 15:03:00,900,900,900,900,206200
2022-07-25 15:04:00,900,900,900,900,17600
2022-07-25 15:05:00,900,900,900,900,35100
2022-07-25 15:06:00,900,900,900,900,44300
2022-07-25 15:07:00,900,900,900,900,76300
2022-07-25 15:08:00,900,900,900,900,18900
2022-07-25 15:09:00,900,900,900,900,37600
2022-07-25 15:10:00,900,900,900,900,31200
2022-07-25 15:11:00,900,900,900,900,24600
2022-07-25 15:12:00,900,900,900,900,29000
2022-07-25 15:13:00,900,900,900,900,4600
2022-07-25 15:14:00,900,900,900,900,0
2022-07-25 15:15:00,900,900,900,900,0
2022-07-25 15:16:00,900,900,900,900,0
2022-07-25 15:17:00,900,900,900,900,0
2022-07-25 15:18:00,900,900,900,900,0
2022-07-25 15:19:00,900,900,900,900,0
2022-07-25 15:20:00,900,900,900,900,0
2022-07-25 15:21:00,900,900,900,900,0
2022-07-25 15:22:00,900,900,900,900,0
2022-07-25 15:23:00,900,900,900,900,0
2022-07-25 15:24:00,900,900,900,900,0
2022-07-25 15:25:00,900,900,900,900,0
2022-07-25 15:26:00,900,900,900,900,0
2022-07-25 15:27:00,900,900,900,900,0
2022-07-25 15:28:00,900,900,900,900,0
2022-07-25 15:29:00,900,900,900,900,0
2022-07-25 15:30:00,900,900,900,900,0
2022-07-25 15:31:00,900,900,900,900,0
2022-07-25 15:32:00,900,900,900,900,0
2022-07-25 15:33:00,900,900,900,900,0
2022-07-25 15:34:00,900,900,900,900,0
2022-07-25 15:35:00,900,900,900,900,0
2022-07-25 15:36:00,900,900,900,900,0
2022-07-25 15:37:00,900,900,900,900,0
2022-07-25 15:38:00,900,900,900,900,0
2022-07-25 15:39:00,900,900,900,900,0
2022-07-25 15:40:00,900,900,900,900,0
2022-07-25 15:41:00,900,900,900,900,0
2022-07-25 15:42:00,900,900,900,900,0
2022-07-25 15:43:00,900,900,900,900,0
2022-07-25 15:44:00,900,900,900,900,0
2022-07-25 15:45:00,900,900,900,900,0
2022-07-25 15:46:00,900,900,900,900,0
2022-07-25 15:47:00,900,900,900,900,0
2022-07-25 15:48:00,900,900,900,900,0
2022-07-25 15:49:00,900,900,900,900,0
2022-07-25 15:50:00,900,900,900,900,0
2022-07-25 15:51:00,900,900,900,900,0
2022-07-25 15:52:00,900,900,900,900,0
2022-07-25 15:53:00,900,900,900,900,0
2022-07-25 15:54:00,900,900,900,900,0
2022-07-25 15:55:00,900,900,900,900,0
2022-07-25 15:56:00,900,900,900,900,0
2022-07-25 15:57:00,900,900,900,900,0
2022-07-25 15:58:00,900,900,900,900,0
2022-07-25 15:59:00,900,900,900,900,0
2022-07-26 09:00:00,915,900,915,910,2316700
2022-07-26 09:01:00,910,910,920,915,1831500
2022-07-26 09:02:00,915,915,935,935,4036700
2022-07-26 09:03:00,935,925,940,930,1467400
2022-07-26 09:04:00,935,915,935,920,3082000
2022-07-26 09:05:00,915,910,925,925,2580400
2022-07-26 09:06:00,925,925,930,925,1297100
2022-07-26 09:07:00,930,920,930,925,1138600
2022-07-26 09:08:00,925,920,930,925,426300
2022-07-26 09:09:00,925,925,930,925,142200
2022-07-26 09:10:00,930,925,930,930,737200
2022-07-26 09:11:00,930,925,940,930,1875200
2022-07-26 09:12:00,935,925,940,930,1304600
2022-07-26 09:13:00,930,925,930,925,183900
2022-07-26 09:14:00,930,925,935,935,306800
2022-07-26 09:15:00,935,930,935,930,427300
2022-07-26 09:16:00,935,930,935,935,587700
2022-07-26 09:17:00,935,930,935,935,292900
2022-07-26 09:18:00,930,930,935,930,982000
2022-07-26 09:19:00,930,925,930,925,598600
2022-07-26 09:20:00,925,915,930,915,1915200
2022-07-26 09:21:00,920,915,925,925,984500
2022-07-26 09:22:00,920,920,925,925,1172900
2022-07-26 09:23:00,925,925,930,930,149400
2022-07-26 09:24:00,930,925,930,925,445800
2022-07-26 09:25:00,925,925,930,925,139200
2022-07-26 09:26:00,925,925,925,925,42900
2022-07-26 09:27:00,925,920,925,925,254000
2022-07-26 09:28:00,925,915,925,920,1955600
2022-07-26 09:29:00,920,915,925,920,956400
2022-07-26 09:30:00,920,915,925,920,1520200
2022-07-26 09:31:00,915,915,920,920,38200
2022-07-26 09:32:00,920,915,920,920,66900
2022-07-26 09:33:00,920,915,920,915,143000
2022-07-26 09:34:00,915,915,920,920,79000
2022-07-26 09:35:00,920,915,920,915,86400
2022-07-26 09:36:00,915,915,920,920,331800
2022-07-26 09:37:00,920,915,920,920,127600
2022-07-26 09:38:00,920,915,920,915,56800
2022-07-26 09:39:00,915,915,920,915,103700
2022-07-26 09:40:00,915,915,920,920,155800
2022-07-26 09:41:00,920,920,920,920,596300
2022-07-26 09:42:00,920,920,925,925,7600
2022-07-26 09:43:00,925,920,925,925,62300
2022-07-26 09:44:00,920,915,925,920,1032500
2022-07-26 09:45:00,920,915,920,920,95700
2022-07-26 09:46:00,915,915,925,925,821100
2022-07-26 09:47:00,920,920,920,920,191000
2022-07-26 09:48:00,925,920,925,925,13600
2022-07-26 09:49:00,925,920,925,925,7200
2022-07-26 09:50:00,920,920,925,920,423800
2022-07-26 09:51:00,925,920,925,925,219100
2022-07-26 09:52:00,920,920,925,925,52700
2022-07-26 09:53:00,925,920,925,925,112800
2022-07-26 09:54:00,925,920,925,925,4300
2022-07-26 09:55:00,925,920,925,920,739400
2022-07-26 09:56:00,915,915,920,920,206100
2022-07-26 09:57:00,920,915,925,925,141700
2022-07-26 09:58:00,925,920,925,925,38900
2022-07-26 09:59:00,920,920,925,925,1068900
2022-07-26 10:00:00,925,925,925,925,44700
2022-07-26 10:01:00,930,925,930,930,29200
2022-07-26 10:02:00,930,925,930,925,280100
2022-07-26 10:03:00,920,920,925,920,927300
2022-07-26 10:04:00,920,920,925,925,3600
2022-07-26 10:05:00,920,920,925,925,6700
2022-07-26 10:06:00,925,925,925,925,3500
2022-07-26 10:07:00,920,920,925,925,58300
2022-07-26 10:08:00,925,920,925,925,2000
2022-07-26 10:09:00,925,920,925,925,76600
2022-07-26 10:10:00,925,920,925,925,130300
2022-07-26 10:11:00,925,920,925,920,1064000
2022-07-26 10:12:00,925,920,925,920,4800
2022-07-26 10:13:00,920,915,920,915,792500
2022-07-26 10:14:00,915,915,920,915,26500
2022-07-26 10:15:00,915,915,920,920,3700
2022-07-26 10:16:00,920,915,920,920,516300
2022-07-26 10:17:00,915,905,920,910,4161300
2022-07-26 10:18:00,910,905,915,910,1110500
2022-07-26 10:19:00,910,905,910,910,86800
2022-07-26 10:20:00,910,905,910,905,699000
2022-07-26 10:21:00,905,895,905,895,7208600
2022-07-26 10:22:00,900,880,900,885,8787500
2022-07-26 10:23:00,885,880,890,885,1819800
2022-07-26 10:24:00,885,870,885,885,2592200
2022-07-26 10:25:00,880,875,900,885,2114500
2022-07-26 10:26:00,885,880,890,890,473700
2022-07-26 10:27:00,890,880,890,885,727400
2022-07-26 10:28:00,885,880,885,880,1154100
2022-07-26 10:29:00,880,870,885,870,1949500
2022-07-26 10:30:00,870,870,880,875,1178100
2022-07-26 10:31:00,875,870,880,870,354600
2022-07-26 10:32:00,875,875,880,880,187200
2022-07-26 10:33:00,880,875,885,885,1643700
2022-07-26 10:34:00,885,875,890,885,590000
2022-07-26 10:35:00,885,885,895,895,198300
2022-07-26 10:36:00,895,890,900,895,1680900
2022-07-26 10:37:00,895,880,895,890,545600
2022-07-26 10:38:00,890,885,890,890,155900
2022-07-26 10:39:00,890,890,890,890,33700
2022-07-26 10:40:00,890,890,890,890,48700
2022-07-26 10:41:00,890,885,890,890,90500
2022-07-26 10:42:00,890,885,890,890,67700
2022-07-26 10:43:00,890,890,895,890,65400
2022-07-26 10:44:00,895,890,895,895,41600
2022-07-26 10:45:00,895,890,895,895,41300
2022-07-26 10:46:00,895,890,900,895,419500
2022-07-26 10:47:00,895,895,900,900,63000
2022-07-26 10:48:00,900,900,900,900,674500
2022-07-26 10:49:00,900,895,900,900,754700
2022-07-26 10:50:00,900,895,900,900,11500
2022-07-26 10:51:00,895,895,900,900,53900
2022-07-26 10:52:00,900,900,900,900,9000
2022-07-26 10:53:00,900,890,900,895,327300
2022-07-26 10:54:00,895,895,900,895,95500
2022-07-26 10:55:00,895,895,900,900,234200
2022-07-26 10:56:00,895,895,905,905,367700
2022-07-26 10:57:00,905,900,905,900,248900
2022-07-26 10:58:00,900,900,900,900,104100
2022-07-26 10:59:00,895,895,900,900,2700
2022-07-26 11:00:00,900,900,900,900,8000
2022-07-26 11:01:00,900,895,900,900,24400
2022-07-26 11:02:00,900,895,900,895,24500
2022-07-26 11:03:00,900,895,900,895,31600
2022-07-26 11:04:00,895,895,895,895,47700
2022-07-26 11:05:00,895,895,900,895,211200
2022-07-26 11:06:00,895,895,895,895,64800
2022-07-26 11:07:00,895,895,900,895,0
2022-07-26 11:08:00,895,895,895,895,320800
2022-07-26 11:09:00,900,895,900,900,81200
2022-07-26 11:10:00,895,895,895,895,29300
2022-07-26 11:11:00,895,895,900,895,71800
2022-07-26 11:12:00,895,895,900,900,22900
2022-07-26 11:13:00,900,895,900,895,13400
2022-07-26 11:14:00,895,895,900,900,24300
2022-07-26 11:15:00,900,900,905,900,488100
2022-07-26 11:16:00,900,900,900,900,6600
2022-07-26 11:17:00,900,900,900,900,23000
2022-07-26 11:18:00,905,900,905,900,16300
2022-07-26 11:19:00,900,900,905,900,23500
2022-07-26 11:20:00,900,900,910,910,1603600
2022-07-26 11:21:00,905,905,910,905,27600
2022-07-26 11:22:00,905,905,910,905,40700
2022-07-26 11:23:00,910,905,910,910,298000
2022-07-26 11:24:00,905,905,910,910,570700
2022-07-26 11:25:00,910,905,910,910,731200
2022-07-26 11:26:00,910,905,910,905,0
2022-07-26 11:27:00,905,900,910,900,483800
2022-07-26 11:28:00,905,905,910,905,162800
2022-07-26 11:29:00,905,905,910,905,128900
2022-07-26 11:30:00,905,905,910,905,0
2022-07-26 11:31:00,905,905,910,905,0
2022-07-26 11:32:00,905,905,910,905,0
2022-07-26 11:33:00,905,905,910,905,0
2022-07-26 11:34:00,905,905,910,905,0
2022-07-26 11:35:00,905,905,910,905,0
2022-07-26 11:36:00,905,905,910,905,0
2022-07-26 11:37:00,905,905,910,905,0
2022-07-26 11:38:00,905,905,910,905,0
2022-07-26 11:39:00,905,905,910,905,0
2022-07-26 11:40:00,905,905,910,905,0
2022-07-26 11:41:00,905,905,910,905,0
2022-07-26 11:42:00,905,905,910,905,0
2022-07-26 11:43:00,905,905,910,905,0
2022-07-26 11:44:00,905,905,910,905,0
2022-07-26 11:45:00,905,905,910,905,0
2022-07-26 11:46:00,905,905,910,905,0
2022-07-26 11:47:00,905,905,910,905,0
2022-07-26 11:48:00,905,905,910,905,0
2022-07-26 11:49:00,905,905,910,905,0
2022-07-26 11:50:00,905,905,910,905,0
2022-07-26 11:51:00,905,905,910,905,0
2022-07-26 11:52:00,905,905,910,905,0
2022-07-26 11:53:00,905,905,910,905,0
2022-07-26 11:54:00,905,905,910,905,0
2022-07-26 11:55:00,905,905,910,905,0
2022-07-26 11:56:00,905,905,910,905,0
2022-07-26 11:57:00,905,905,910,905,0
2022-07-26 11:58:00,905,905,910,905,0
2022-07-26 11:59:00,905,905,910,905,0
2022-07-26 12:00:00,905,905,910,905,0
2022-07-26 12:01:00,905,905,910,905,0
2022-07-26 12:02:00,905,905,910,905,0
2022-07-26 12:03:00,905,905,910,905,0
2022-07-26 12:04:00,905,905,910,905,0
2022-07-26 12:05:00,905,905,910,905,0
2022-07-26 12:06:00,905,905,910,905,0
2022-07-26 12:07:00,905,905,910,905,0
2022-07-26 12:08:00,905,905,910,905,0
2022-07-26 12:09:00,905,905,910,905,0
2022-07-26 12:10:00,905,905,910,905,0
2022-07-26 12:11:00,905,905,910,905,0
2022-07-26 12:12:00,905,905,910,905,0
2022-07-26 12:13:00,905,905,910,905,0
2022-07-26 12:14:00,905,905,910,905,0
2022-07-26 12:15:00,905,905,910,905,0
2022-07-26 12:16:00,905,905,910,905,0
2022-07-26 12:17:00,905,905,910,905,0
2022-07-26 12:18:00,905,905,910,905,0
2022-07-26 12:19:00,905,905,910,905,0
2022-07-26 12:20:00,905,905,910,905,0
2022-07-26 12:21:00,905,905,910,905,0
2022-07-26 12:22:00,905,905,910,905,0
2022-07-26 12:23:00,905,905,910,905,0
2022-07-26 12:24:00,905,905,910,905,0
2022-07-26 12:25:00,905,905,910,905,0
2022-07-26 12:26:00,905,905,910,905,0
2022-07-26 12:27:00,905,905,910,905,0
2022-07-26 12:28:00,905,905,910,905,0
2022-07-26 12:29:00,905,905,910,905,0
2022-07-26 12:30:00,905,905,910,905,0
2022-07-26 12:31:00,905,905,910,905,0
2022-07-26 12:32:00,905,905,910,905,0
2022-07-26 12:33:00,905,905,910,905,0
2022-07-26 12:34:00,905,905,910,905,0
2022-07-26 12:35:00,905,905,910,905,0
2022-07-26 12:36:00,905,905,910,905,0
2022-07-26 12:37:00,905,905,910,905,0
2022-07-26 12:38:00,905,905,910,905,0
2022-07-26 12:39:00,905,905,910,905,0
2022-07-26 12:40:00,905,905,910,905,0
2022-07-26 12:41:00,905,905,910,905,0
2022-07-26 12:42:00,905,905,910,905,0
2022-07-26 12:43:00,905,905,910,905,0
2022-07-26 12:44:00,905,905,910,905,0
2022-07-26 12:45:00,905,905,910,905,0
2022-07-26 12:46:00,905,905,910,905,0
2022-07-26 12:47:00,905,905,910,905,0
2022-07-26 12:48:00,905,905,910,905,0
2022-07-26 12:49:00,905,905,910,905,0
2022-07-26 12:50:00,905,905,910,905,0
2022-07-26 12:51:00,905,905,910,905,0
2022-07-26 12:52:00,905,905,910,905,0
2022-07-26 12:53:00,905,905,910,905,0
2022-07-26 12:54:00,905,905,910,905,0
2022-07-26 12:55:00,905,905,910,905,0
2022-07-26 12:56:00,905,905,910,905,0
2022-07-26 12:57:00,905,905,910,905,0
2022-07-26 12:58:00,905,905,910,905,0
2022-07-26 12:59:00,905,905,910,905,0
2022-07-26 13:00:00,905,905,910,905,0
2022-07-26 13:01:00,905,905,910,905,0
2022-07-26 13:02:00,905,905,910,905,0
2022-07-26 13:03:00,905,905,910,905,0
2022-07-26 13:04:00,905,905,910,905,0
2022-07-26 13:05:00,905,905,910,905,0
2022-07-26 13:06:00,905,905,910,905,0
2022-07-26 13:07:00,905,905,910,905,0
2022-07-26 13:08:00,905,905,910,905,0
2022-07-26 13:09:00,905,905,910,905,0
2022-07-26 13:10:00,905,905,910,905,0
2022-07-26 13:11:00,905,905,910,905,0
2022-07-26 13:12:00,905,905,910,905,0
2022-07-26 13:13:00,905,905,910,905,0
2022-07-26 13:14:00,905,905,910,905,0
2022-07-26 13:15:00,905,905,910,905,0
2022-07-26 13:16:00,905,905,910,905,0
2022-07-26 13:17:00,905,905,910,905,0
2022-07-26 13:18:00,905,905,910,905,0
2022-07-26 13:19:00,905,905,910,905,0
2022-07-26 13:20:00,905,905,910,905,0
2022-07-26 13:21:00,905,905,910,905,0
2022-07-26 13:22:00,905,905,910,905,0
2022-07-26 13:23:00,905,905,910,905,0
2022-07-26 13:24:00,905,905,910,905,0
2022-07-26 13:25:00,905,905,910,905,0
2022-07-26 13:26:00,905,905,910,905,0
2022-07-26 13:27:00,905,905,910,905,0
2022-07-26 13:28:00,905,905,910,905,0
2022-07-26 13:29:00,905,905,910,905,0
2022-07-26 13:30:00,905,900,905,905,1000100
2022-07-26 13:31:00,900,900,905,900,693400
2022-07-26 13:32:00,900,895,900,900,287200
2022-07-26 13:33:00,900,895,900,895,107600
2022-07-26 13:34:00,900,890,900,895,877900
2022-07-26 13:35:00,895,895,900,895,283000
2022-07-26 13:36:00,895,895,900,900,183900
2022-07-26 13:37:00,900,900,905,900,873600
2022-07-26 13:38:00,905,905,905,905,0
2022-07-26 13:39:00,905,890,905,895,1759500
2022-07-26 13:40:00,895,890,895,890,68900
2022-07-26 13:41:00,890,890,895,895,140500
2022-07-26 13:42:00,890,890,895,890,498400
2022-07-26 13:43:00,895,890,895,890,26700
2022-07-26 13:44:00,890,890,895,895,366100
2022-07-26 13:45:00,890,890,895,890,57300
2022-07-26 13:46:00,895,890,895,895,57100
2022-07-26 13:47:00,890,890,895,890,223200
2022-07-26 13:48:00,890,890,895,890,44700
2022-07-26 13:49:00,890,890,890,890,50500
2022-07-26 13:50:00,895,885,895,885,983600
2022-07-26 13:51:00,885,885,890,890,181900
2022-07-26 13:52:00,890,885,890,885,0
2022-07-26 13:53:00,890,885,895,895,640600
2022-07-26 13:54:00,890,885,895,895,6500
2022-07-26 13:55:00,890,890,895,890,71700
2022-07-26 13:56:00,890,890,900,890,851800
2022-07-26 13:57:00,890,890,890,890,152500
2022-07-26 13:58:00,890,890,890,890,7800
2022-07-26 13:59:00,895,895,895,895,34200
2022-07-26 14:00:00,895,890,895,895,9400
2022-07-26 14:01:00,890,890,895,890,21900
2022-07-26 14:02:00,890,890,895,895,439400
2022-07-26 14:03:00,895,895,900,895,73500
2022-07-26 14:04:00,895,895,895,895,71800
2022-07-26 14:05:00,895,895,895,895,18000
2022-07-26 14:06:00,895,895,895,895,7900
2022-07-26 14:07:00,895,895,895,895,8000
2022-07-26 14:08:00,895,890,895,895,18900
2022-07-26 14:09:00,895,890,895,890,1043500
2022-07-26 14:10:00,890,890,890,890,19500
2022-07-26 14:11:00,890,890,895,895,8000
2022-07-26 14:12:00,890,885,890,890,328900
2022-07-26 14:13:00,890,890,890,890,172900
2022-07-26 14:14:00,890,890,890,890,24100
2022-07-26 14:15:00,890,885,890,885,1261100
2022-07-26 14:16:00,890,880,890,890,114800
2022-07-26 14:17:00,890,885,890,890,43000
2022-07-26 14:18:00,885,885,890,885,259900
2022-07-26 14:19:00,885,885,885,885,34300
2022-07-26 14:20:00,885,875,885,880,1829700
2022-07-26 14:21:00,875,875,880,880,303400
2022-07-26 14:22:00,880,880,880,880,83300
2022-07-26 14:23:00,880,875,885,885,875300
2022-07-26 14:24:00,890,885,890,885,24800
2022-07-26 14:25:00,890,885,890,890,25200
2022-07-26 14:26:00,885,885,890,885,4200
2022-07-26 14:27:00,890,885,890,885,35500
2022-07-26 14:28:00,885,885,885,885,0
2022-07-26 14:29:00,885,880,885,880,743100
2022-07-26 14:30:00,880,880,885,880,24100
2022-07-26 14:31:00,880,880,885,885,83400
2022-07-26 14:32:00,885,885,890,885,118600
2022-07-26 14:33:00,880,880,885,880,247500
2022-07-26 14:34:00,880,880,885,880,58200
2022-07-26 14:35:00,880,880,885,880,650400
2022-07-26 14:36:00,880,880,885,880,0
2022-07-26 14:37:00,880,880,885,885,17700
2022-07-26 14:38:00,885,880,885,885,4800
2022-07-26 14:39:00,885,880,885,880,470700
2022-07-26 14:40:00,885,880,885,885,8100
2022-07-26 14:41:00,885,880,885,880,560400
2022-07-26 14:42:00,880,880,885,885,35700
2022-07-26 14:43:00,885,880,885,880,840200
2022-07-26 14:44:00,880,875,880,875,1818400
2022-07-26 14:45:00,875,870,880,875,1153300
2022-07-26 14:46:00,875,875,880,880,1164500
2022-07-26 14:47:00,880,875,885,885,846900
2022-07-26 14:48:00,885,875,885,875,797300
2022-07-26 14:49:00,875,875,885,880,412100
2022-07-26 14:50:00,875,875,885,880,0
2022-07-26 14:51:00,875,875,885,880,0
2022-07-26 14:52:00,875,875,885,880,0
2022-07-26 14:53:00,875,875,885,880,0
2022-07-26 14:54:00,875,875,885,880,0
2022-07-26 14:55:00,875,875,885,880,0
2022-07-26 14:56:00,875,875,885,880,0
2022-07-26 14:57:00,875,875,885,880,0
2022-07-26 14:58:00,875,875,885,880,0
2022-07-26 14:59:00,875,875,885,880,0
2022-07-26 15:00:00,875,875,875,875,1983200
2022-07-26 15:01:00,875,875,875,875,37100
2022-07-26 15:02:00,875,875,875,875,35500
2022-07-26 15:03:00,875,875,875,875,82100
2022-07-26 15:04:00,875,875,875,875,2314600
2022-07-26 15:05:00,875,875,875,875,126700
2022-07-26 15:06:00,875,875,875,875,27400
2022-07-26 15:07:00,875,875,875,875,3600
2022-07-26 15:08:00,875,875,875,875,113400
2022-07-26 15:09:00,875,875,875,875,20800
2022-07-26 15:10:00,875,875,875,875,14800
2022-07-26 15:11:00,875,875,875,875,29000
2022-07-26 15:12:00,875,875,875,875,981600
2022-07-26 15:13:00,875,875,875,875,7000
2022-07-26 15:14:00,875,875,875,875,0
2022-07-26 15:15:00,875,875,875,875,0
2022-07-26 15:16:00,875,875,875,875,0
2022-07-26 15:17:00,875,875,875,875,0
2022-07-26 15:18:00,875,875,875,875,0
2022-07-26 15:19:00,875,875,875,875,0
2022-07-26 15:20:00,875,875,875,875,0
2022-07-26 15:21:00,875,875,875,875,0
2022-07-26 15:22:00,875,875,875,875,0
2022-07-26 15:23:00,875,875,875,875,0
2022-07-26 15:24:00,875,875,875,875,0
2022-07-26 15:25:00,875,875,875,875,0
2022-07-26 15:26:00,875,875,875,875,0
2022-07-26 15:27:00,875,875,875,875,0
2022-07-26 15:28:00,875,875,875,875,0
2022-07-26 15:29:00,875,875,875,875,0
2022-07-26 15:30:00,875,875,875,875,0
2022-07-26 15:31:00,875,875,875,875,0
2022-07-26 15:32:00,875,875,875,875,0
2022-07-26 15:33:00,875,875,875,875,0
2022-07-26 15:34:00,875,875,875,875,0
2022-07-26 15:35:00,875,875,875,875,0
2022-07-26 15:36:00,875,875,875,875,0
2022-07-26 15:37:00,875,875,875,875,0
2022-07-26 15:38:00,875,875,875,875,0
2022-07-26 15:39:00,875,875,875,875,0
2022-07-26 15:40:00,875,875,875,875,0
2022-07-26 15:41:00,875,875,875,875,0
2022-07-26 15:42:00,875,875,875,875,0
2022-07-26 15:43:00,875,875,875,875,0
2022-07-26 15:44:00,875,875,875,875,0
2022-07-26 15:45:00,875,875,875,875,0
2022-07-26 15:46:00,875,875,875,875,0
2022-07-26 15:47:00,875,875,875,875,0
2022-07-26 15:48:00,875,875,875,875,0
2022-07-26 15:49:00,875,875,875,875,0
2022-07-26 15:50:00,875,875,875,875,0
2022-07-26 15:51:00,875,875,875,875,0
2022-07-26 15:52:00,875,875,875,875,0
2022-07-26 15:53:00,875,875,875,875,0
2022-07-26 15:54:00,875,875,875,875,0
2022-07-26 15:55:00,875,875,875,875,0
2022-07-26 15:56:00,875,875,875,875,0
2022-07-26 15:57:00,875,875,875,875,0
2022-07-26 15:58:00,875,875,875,875,0
2022-07-26 15:59:00,875,875,875,875,0
2022-07-27 09:00:00,905,875,905,880,955300
2022-07-27 09:01:00,880,875,885,880,1015600
2022-07-27 09:02:00,880,875,885,885,1193100
2022-07-27 09:03:00,890,890,900,895,1279400
2022-07-27 09:04:00,895,890,895,895,227800
2022-07-27 09:05:00,890,880,895,885,1096400
2022-07-27 09:06:00,885,880,890,880,414000
2022-07-27 09:07:00,880,875,885,880,337300
2022-07-27 09:08:00,885,880,885,885,288600
2022-07-27 09:09:00,880,880,885,885,565500
2022-07-27 09:10:00,885,880,885,880,485200
2022-07-27 09:11:00,875,875,880,875,651200
2022-07-27 09:12:00,875,865,875,865,937400
2022-07-27 09:13:00,865,865,870,865,845800
2022-07-27 09:14:00,865,860,865,860,1393600
2022-07-27 09:15:00,865,850,865,855,4451000
2022-07-27 09:16:00,855,855,870,865,1942300
2022-07-27 09:17:00,870,865,880,875,390600
2022-07-27 09:18:00,875,875,880,875,202000
2022-07-27 09:19:00,875,875,880,875,36200
2022-07-27 09:20:00,875,870,880,870,314600
2022-07-27 09:21:00,875,870,875,875,371200
2022-07-27 09:22:00,870,865,870,870,66900
2022-07-27 09:23:00,865,860,865,860,326900
2022-07-27 09:24:00,860,860,865,865,134800
2022-07-27 09:25:00,865,860,870,870,561000
2022-07-27 09:26:00,865,865,870,870,181900
2022-07-27 09:27:00,870,865,875,875,1216000
2022-07-27 09:28:00,875,875,875,875,80200
2022-07-27 09:29:00,875,870,875,870,75800
2022-07-27 09:30:00,875,870,875,870,106100
2022-07-27 09:31:00,870,865,870,870,82700
2022-07-27 09:32:00,870,865,870,865,14800
2022-07-27 09:33:00,865,865,870,865,306700
2022-07-27 09:34:00,865,865,870,865,167600
2022-07-27 09:35:00,870,870,880,875,1721000
2022-07-27 09:36:00,875,875,875,875,35100
2022-07-27 09:37:00,875,875,880,875,64600
2022-07-27 09:38:00,875,870,875,875,23100
2022-07-27 09:39:00,875,870,885,885,1913200
2022-07-27 09:40:00,885,880,885,880,273700
2022-07-27 09:41:00,885,880,890,885,404200
2022-07-27 09:42:00,885,880,885,885,252700
2022-07-27 09:43:00,885,875,885,880,235300
2022-07-27 09:44:00,880,875,880,875,298900
2022-07-27 09:45:00,875,870,875,870,51200
2022-07-27 09:46:00,870,870,875,870,58000
2022-07-27 09:47:00,870,870,875,870,687700
2022-07-27 09:48:00,870,865,870,865,112000
2022-07-27 09:49:00,870,865,870,870,44800
2022-07-27 09:50:00,870,865,870,865,143700
2022-07-27 09:51:00,870,870,870,870,233500
2022-07-27 09:52:00,870,870,875,875,1119400
2022-07-27 09:53:00,870,870,880,880,89600
2022-07-27 09:54:00,880,875,880,875,27400
2022-07-27 09:55:00,875,875,880,880,62700
2022-07-27 09:56:00,880,875,880,880,80400
2022-07-27 09:57:00,875,875,875,875,28900
2022-07-27 09:58:00,875,875,875,875,75700
2022-07-27 09:59:00,875,870,875,870,15900
2022-07-27 10:00:00,875,870,875,870,103400
2022-07-27 10:01:00,870,870,875,870,14800
2022-07-27 10:02:00,875,870,875,870,142900
2022-07-27 10:03:00,870,870,870,870,0
2022-07-27 10:04:00,870,870,875,875,1800
2022-07-27 10:05:00,875,870,875,870,22500
2022-07-27 10:06:00,870,870,870,870,5700
2022-07-27 10:07:00,870,870,875,870,4800
2022-07-27 10:08:00,870,870,870,870,18300
2022-07-27 10:09:00,870,870,870,870,39200
2022-07-27 10:10:00,870,870,875,875,57200
2022-07-27 10:11:00,875,875,875,875,3700
2022-07-27 10:12:00,875,870,875,870,51400
2022-07-27 10:13:00,870,870,870,870,156200
2022-07-27 10:14:00,870,870,870,870,112900
2022-07-27 10:15:00,865,865,870,870,72400
2022-07-27 10:16:00,870,865,870,865,6500
2022-07-27 10:17:00,865,865,865,865,41100
2022-07-27 10:18:00,865,865,865,865,73400
2022-07-27 10:19:00,865,865,875,870,283400
2022-07-27 10:20:00,870,870,870,870,138900
2022-07-27 10:21:00,870,870,870,870,3900
2022-07-27 10:22:00,870,870,870,870,526400
2022-07-27 10:23:00,870,870,870,870,0
2022-07-27 10:24:00,870,870,870,870,0
2022-07-27 10:25:00,870,870,870,870,28000
2022-07-27 10:26:00,870,870,870,870,40700
2022-07-27 10:27:00,870,870,875,875,4100
2022-07-27 10:28:00,875,875,875,875,56900
2022-07-27 10:29:00,875,870,875,870,64500
2022-07-27 10:30:00,870,870,875,875,1000
2022-07-27 10:31:00,875,875,875,875,16600
2022-07-27 10:32:00,875,870,875,870,69100
2022-07-27 10:33:00,875,875,875,875,192400
2022-07-27 10:34:00,875,875,875,875,6300
2022-07-27 10:35:00,875,875,880,875,63200
2022-07-27 10:36:00,875,875,875,875,0
2022-07-27 10:37:00,875,875,880,880,16800
2022-07-27 10:38:00,880,875,880,875,4200
2022-07-27 10:39:00,875,875,875,875,61200
2022-07-27 10:40:00,875,875,875,875,100800
2022-07-27 10:41:00,875,870,875,875,19500
2022-07-27 10:42:00,875,870,875,870,12500
2022-07-27 10:43:00,870,870,875,875,1100
2022-07-27 10:44:00,875,870,875,870,7400
2022-07-27 10:45:00,870,870,875,870,5300
2022-07-27 10:46:00,870,870,870,870,1900
2022-07-27 10:47:00,870,870,870,870,51200
2022-07-27 10:48:00,870,870,870,870,0
2022-07-27 10:49:00,870,870,870,870,0
2022-07-27 10:50:00,875,870,875,875,18700
2022-07-27 10:51:00,875,875,875,875,42500
2022-07-27 10:52:00,875,870,875,875,11500
2022-07-27 10:53:00,870,870,870,870,25800
2022-07-27 10:54:00,870,870,870,870,50400
2022-07-27 10:55:00,870,870,870,870,21300
2022-07-27 10:56:00,875,870,875,870,7900
2022-07-27 10:57:00,870,870,875,870,39100
2022-07-27 10:58:00,870,870,870,870,19500
2022-07-27 10:59:00,875,870,875,870,8500
2022-07-27 11:00:00,870,870,875,870,2400
2022-07-27 11:01:00,870,870,875,875,9500
2022-07-27 11:02:00,870,870,870,870,7900
2022-07-27 11:03:00,875,870,875,875,7700
2022-07-27 11:04:00,870,870,875,875,19400
2022-07-27 11:05:00,870,870,870,870,20500
2022-07-27 11:06:00,870,870,870,870,10700
2022-07-27 11:07:00,870,870,870,870,349300
2022-07-27 11:08:00,870,870,870,870,19600
2022-07-27 11:09:00,870,870,870,870,6000
2022-07-27 11:10:00,870,870,875,875,14100
2022-07-27 11:11:00,870,870,870,870,5100
2022-07-27 11:12:00,870,870,875,870,25400
2022-07-27 11:13:00,870,870,875,875,14000
2022-07-27 11:14:00,870,870,870,870,20900
2022-07-27 11:15:00,875,870,875,870,12600
2022-07-27 11:16:00,875,870,875,870,6500
2022-07-27 11:17:00,875,870,875,870,28300
2022-07-27 11:18:00,870,870,870,870,14100
2022-07-27 11:19:00,870,870,885,885,1268300
2022-07-27 11:20:00,880,880,900,900,2781400
2022-07-27 11:21:00,900,890,900,895,497600
2022-07-27 11:22:00,890,890,905,905,3102700
2022-07-27 11:23:00,905,905,910,910,1250100
2022-07-27 11:24:00,910,905,915,910,977600
2022-07-27 11:25:00,910,905,915,910,1408300
2022-07-27 11:26:00,905,900,910,905,316300
2022-07-27 11:27:00,905,900,905,905,156500
2022-07-27 11:28:00,900,900,905,905,169300
2022-07-27 11:29:00,900,890,905,890,539700
2022-07-27 11:30:00,900,890,905,890,0
2022-07-27 11:31:00,900,890,905,890,0
2022-07-27 11:32:00,900,890,905,890,0
2022-07-27 11:33:00,900,890,905,890,0
2022-07-27 11:34:00,900,890,905,890,0
2022-07-27 11:35:00,900,890,905,890,0
2022-07-27 11:36:00,900,890,905,890,0
2022-07-27 11:37:00,900,890,905,890,0
2022-07-27 11:38:00,900,890,905,890,0
2022-07-27 11:39:00,900,890,905,890,0
2022-07-27 11:40:00,900,890,905,890,0
2022-07-27 11:41:00,900,890,905,890,0
2022-07-27 11:42:00,900,890,905,890,0
2022-07-27 11:43:00,900,890,905,890,0
2022-07-27 11:44:00,900,890,905,890,0
2022-07-27 11:45:00,900,890,905,890,0
2022-07-27 11:46:00,900,890,905,890,0
2022-07-27 11:47:00,900,890,905,890,0
2022-07-27 11:48:00,900,890,905,890,0
2022-07-27 11:49:00,900,890,905,890,0
2022-07-27 11:50:00,900,890,905,890,0
2022-07-27 11:51:00,900,890,905,890,0
2022-07-27 11:52:00,900,890,905,890,0
2022-07-27 11:53:00,900,890,905,890,0
2022-07-27 11:54:00,900,890,905,890,0
2022-07-27 11:55:00,900,890,905,890,0
2022-07-27 11:56:00,900,890,905,890,0
2022-07-27 11:57:00,900,890,905,890,0
2022-07-27 11:58:00,900,890,905,890,0
2022-07-27 11:59:00,900,890,905,890,0
2022-07-27 12:00:00,900,890,905,890,0
2022-07-27 12:01:00,900,890,905,890,0
2022-07-27 12:02:00,900,890,905,890,0
2022-07-27 12:03:00,900,890,905,890,0
2022-07-27 12:04:00,900,890,905,890,0
2022-07-27 12:05:00,900,890,905,890,0
2022-07-27 12:06:00,900,890,905,890,0
2022-07-27 12:07:00,900,890,905,890,0
2022-07-27 12:08:00,900,890,905,890,0
2022-07-27 12:09:00,900,890,905,890,0
2022-07-27 12:10:00,900,890,905,890,0
2022-07-27 12:11:00,900,890,905,890,0
2022-07-27 12:12:00,900,890,905,890,0
2022-07-27 12:13:00,900,890,905,890,0
2022-07-27 12:14:00,900,890,905,890,0
2022-07-27 12:15:00,900,890,905,890,0
2022-07-27 12:16:00,900,890,905,890,0
2022-07-27 12:17:00,900,890,905,890,0
2022-07-27 12:18:00,900,890,905,890,0
2022-07-27 12:19:00,900,890,905,890,0
2022-07-27 12:20:00,900,890,905,890,0
2022-07-27 12:21:00,900,890,905,890,0
2022-07-27 12:22:00,900,890,905,890,0
2022-07-27 12:23:00,900,890,905,890,0
2022-07-27 12:24:00,900,890,905,890,0
2022-07-27 12:25:00,900,890,905,890,0
2022-07-27 12:26:00,900,890,905,890,0
2022-07-27 12:27:00,900,890,905,890,0
2022-07-27 12:28:00,900,890,905,890,0
2022-07-27 12:29:00,900,890,905,890,0
2022-07-27 12:30:00,900,890,905,890,0
2022-07-27 12:31:00,900,890,905,890,0
2022-07-27 12:32:00,900,890,905,890,0
2022-07-27 12:33:00,900,890,905,890,0
2022-07-27 12:34:00,900,890,905,890,0
2022-07-27 12:35:00,900,890,905,890,0
2022-07-27 12:36:00,900,890,905,890,0
2022-07-27 12:37:00,900,890,905,890,0
2022-07-27 12:38:00,900,890,905,890,0
2022-07-27 12:39:00,900,890,905,890,0
2022-07-27 12:40:00,900,890,905,890,0
2022-07-27 12:41:00,900,890,905,890,0
2022-07-27 12:42:00,900,890,905,890,0
2022-07-27 12:43:00,900,890,905,890,0
2022-07-27 12:44:00,900,890,905,890,0
2022-07-27 12:45:00,900,890,905,890,0
2022-07-27 12:46:00,900,890,905,890,0
2022-07-27 12:47:00,900,890,905,890,0
2022-07-27 12:48:00,900,890,905,890,0
2022-07-27 12:49:00,900,890,905,890,0
2022-07-27 12:50:00,900,890,905,890,0
2022-07-27 12:51:00,900,890,905,890,0
2022-07-27 12:52:00,900,890,905,890,0
2022-07-27 12:53:00,900,890,905,890,0
2022-07-27 12:54:00,900,890,905,890,0
2022-07-27 12:55:00,900,890,905,890,0
2022-07-27 12:56:00,900,890,905,890,0
2022-07-27 12:57:00,900,890,905,890,0
2022-07-27 12:58:00,900,890,905,890,0
2022-07-27 12:59:00,900,890,905,890,0
2022-07-27 13:00:00,900,890,905,890,0
2022-07-27 13:01:00,900,890,905,890,0
2022-07-27 13:02:00,900,890,905,890,0
2022-07-27 13:03:00,900,890,905,890,0
2022-07-27 13:04:00,900,890,905,890,0
2022-07-27 13:05:00,900,890,905,890,0
2022-07-27 13:06:00,900,890,905,890,0
2022-07-27 13:07:00,900,890,905,890,0
2022-07-27 13:08:00,900,890,905,890,0
2022-07-27 13:09:00,900,890,905,890,0
2022-07-27 13:10:00,900,890,905,890,0
2022-07-27 13:11:00,900,890,905,890,0
2022-07-27 13:12:00,900,890,905,890,0
2022-07-27 13:13:00,900,890,905,890,0
2022-07-27 13:14:00,900,890,905,890,0
2022-07-27 13:15:00,900,890,905,890,0
2022-07-27 13:16:00,900,890,905,890,0
2022-07-27 13:17:00,900,890,905,890,0
2022-07-27 13:18:00,900,890,905,890,0
2022-07-27 13:19:00,900,890,905,890,0
2022-07-27 13:20:00,900,890,905,890,0
2022-07-27 13:21:00,900,890,905,890,0
2022-07-27 13:22:00,900,890,905,890,0
2022-07-27 13:23:00,900,890,905,890,0
2022-07-27 13:24:00,900,890,905,890,0
2022-07-27 13:25:00,900,890,905,890,0
2022-07-27 13:26:00,900,890,905,890,0
2022-07-27 13:27:00,900,890,905,890,0
2022-07-27 13:28:00,900,890,905,890,0
2022-07-27 13:29:00,900,890,905,890,0
2022-07-27 13:30:00,895,890,905,895,626500
2022-07-27 13:31:00,900,900,900,900,0
2022-07-27 13:32:00,900,895,900,900,97200
2022-07-27 13:33:00,900,900,905,905,429100
2022-07-27 13:34:00,905,900,905,905,474000
2022-07-27 13:35:00,900,895,905,900,169400
2022-07-27 13:36:00,900,900,905,900,278000
2022-07-27 13:37:00,900,900,905,905,33100
2022-07-27 13:38:00,905,900,905,900,80700
2022-07-27 13:39:00,900,900,905,900,94400
2022-07-27 13:40:00,905,900,905,905,174900
2022-07-27 13:41:00,905,900,905,900,589900
2022-07-27 13:42:00,905,900,905,905,70800
2022-07-27 13:43:00,905,900,905,900,64400
2022-07-27 13:44:00,900,895,905,895,980600
2022-07-27 13:45:00,895,890,900,890,482900
2022-07-27 13:46:00,890,885,890,885,325200
2022-07-27 13:47:00,885,885,890,890,229400
2022-07-27 13:48:00,890,890,895,890,38100
2022-07-27 13:49:00,895,890,895,890,6800
2022-07-27 13:50:00,895,890,895,895,11700
2022-07-27 13:51:00,890,890,895,895,105500
2022-07-27 13:52:00,890,890,895,895,9300
2022-07-27 13:53:00,895,890,895,890,8200
2022-07-27 13:54:00,895,890,895,895,241200
2022-07-27 13:55:00,895,895,900,895,16200
2022-07-27 13:56:00,895,895,900,895,21100
2022-07-27 13:57:00,895,895,900,895,2900
2022-07-27 13:58:00,895,895,900,900,112800
2022-07-27 13:59:00,895,895,900,900,15800
2022-07-27 14:00:00,895,895,900,900,6100
2022-07-27 14:01:00,900,895,900,895,253800
2022-07-27 14:02:00,895,895,895,895,29100
2022-07-27 14:03:00,900,895,900,895,0
2022-07-27 14:04:00,900,895,900,900,6200
2022-07-27 14:05:00,895,895,905,905,2046700
2022-07-27 14:06:00,905,900,905,900,85000
2022-07-27 14:07:00,895,895,905,905,1032300
2022-07-27 14:08:00,900,900,900,900,0
2022-07-27 14:09:00,895,895,895,895,3000
2022-07-27 14:10:00,895,895,900,900,393900
2022-07-27 14:11:00,900,900,905,905,690100
2022-07-27 14:12:00,905,905,910,910,741000
2022-07-27 14:13:00,910,905,910,905,75700
2022-07-27 14:14:00,905,905,910,910,41000
2022-07-27 14:15:00,905,905,910,905,90900
2022-07-27 14:16:00,910,905,910,910,417200
2022-07-27 14:17:00,910,900,910,900,439700
2022-07-27 14:18:00,905,900,905,900,32500
2022-07-27 14:19:00,900,900,900,900,81300
2022-07-27 14:20:00,900,900,905,905,10400
2022-07-27 14:21:00,905,905,905,905,49900
2022-07-27 14:22:00,905,900,905,905,362700
2022-07-27 14:23:00,905,900,905,905,6600
2022-07-27 14:24:00,900,900,905,905,0
2022-07-27 14:25:00,900,900,905,900,12500
2022-07-27 14:26:00,905,900,905,905,608000
2022-07-27 14:27:00,905,905,905,905,173700
2022-07-27 14:28:00,905,900,905,900,14900
2022-07-27 14:29:00,905,900,905,905,280800
2022-07-27 14:30:00,905,900,905,905,67100
2022-07-27 14:31:00,900,900,905,900,42300
2022-07-27 14:32:00,900,900,910,900,637800
2022-07-27 14:33:00,900,900,905,900,28300
2022-07-27 14:34:00,900,900,905,905,326400
2022-07-27 14:35:00,900,900,905,900,4100
2022-07-27 14:36:00,900,900,905,905,616400
2022-07-27 14:37:00,900,895,900,895,1503200
2022-07-27 14:38:00,895,890,900,890,631900
2022-07-27 14:39:00,890,890,895,895,11500
2022-07-27 14:40:00,895,890,900,900,520100
2022-07-27 14:41:00,900,895,900,900,10600
2022-07-27 14:42:00,895,895,905,900,2221000
2022-07-27 14:43:00,905,905,905,905,936000
2022-07-27 14:44:00,905,905,910,910,552100
2022-07-27 14:45:00,910,905,910,910,1382700
2022-07-27 14:46:00,905,905,910,910,13800
2022-07-27 14:47:00,910,905,910,905,2093700
2022-07-27 14:48:00,900,900,910,905,219000
2022-07-27 14:49:00,905,905,915,915,677300
2022-07-27 14:50:00,905,905,915,915,0
2022-07-27 14:51:00,905,905,915,915,0
2022-07-27 14:52:00,905,905,915,915,0
2022-07-27 14:53:00,905,905,915,915,0
2022-07-27 14:54:00,905,905,915,915,0
2022-07-27 14:55:00,905,905,915,915,0
2022-07-27 14:56:00,905,905,915,915,0
2022-07-27 14:57:00,905,905,915,915,0
2022-07-27 14:58:00,905,905,915,915,0
2022-07-27 14:59:00,905,905,915,915,0
2022-07-27 15:00:00,910,910,910,910,2584100
2022-07-27 15:01:00,910,910,910,910,7900
2022-07-27 15:02:00,910,910,910,910,46900
2022-07-27 15:03:00,910,910,910,910,4400
2022-07-27 15:04:00,910,910,910,910,10700
2022-07-27 15:05:00,910,910,910,910,20200
2022-07-27 15:06:00,910,910,910,910,11900
2022-07-27 15:07:00,910,910,910,910,5700
2022-07-27 15:08:00,910,910,910,910,802100
2022-07-27 15:09:00,910,910,910,910,0
2022-07-27 15:10:00,910,910,910,910,50900
2022-07-27 15:11:00,910,910,910,910,10400
2022-07-27 15:12:00,910,910,910,910,1000
2022-07-27 15:13:00,910,910,910,910,24000
2022-07-27 15:14:00,910,910,910,910,0
2022-07-27 15:15:00,910,910,910,910,0
2022-07-27 15:16:00,910,910,910,910,0
2022-07-27 15:17:00,910,910,910,910,0
2022-07-27 15:18:00,910,910,910,910,0
2022-07-27 15:19:00,910,910,910,910,0
2022-07-27 15:20:00,910,910,910,910,0
2022-07-27 15:21:00,910,910,910,910,0
2022-07-27 15:22:00,910,910,910,910,0
2022-07-27 15:23:00,910,910,910,910,0
2022-07-27 15:24:00,910,910,910,910,0
2022-07-27 15:25:00,910,910,910,910,0
2022-07-27 15:26:00,910,910,910,910,0
2022-07-27 15:27:00,910,910,910,910,0
2022-07-27 15:28:00,910,910,910,910,0
2022-07-27 15:29:00,910,910,910,910,0
2022-07-27 15:30:00,910,910,910,910,0
2022-07-27 15:31:00,910,910,910,910,0
2022-07-27 15:32:00,910,910,910,910,0
2022-07-27 15:33:00,910,910,910,910,0
2022-07-27 15:34:00,910,910,910,910,0
2022-07-27 15:35:00,910,910,910,910,0
2022-07-27 15:36:00,910,910,910,910,0
2022-07-27 15:37:00,910,910,910,910,0
2022-07-27 15:38:00,910,910,910,910,0
2022-07-27 15:39:00,910,910,910,910,0
2022-07-27 15:40:00,910,910,910,910,0
2022-07-27 15:41:00,910,910,910,910,0
2022-07-27 15:42:00,910,910,910,910,0
2022-07-27 15:43:00,910,910,910,910,0
2022-07-27 15:44:00,910,910,910,910,0
2022-07-27 15:45:00,910,910,910,910,0
2022-07-27 15:46:00,910,910,910,910,0
2022-07-27 15:47:00,910,910,910,910,0
2022-07-27 15:48:00,910,910,910,910,0
2022-07-27 15:49:00,910,910,910,910,0
2022-07-27 15:50:00,910,910,910,910,0
2022-07-27 15:51:00,910,910,910,910,0
2022-07-27 15:52:00,910,910,910,910,0
2022-07-27 15:53:00,910,910,910,910,0
2022-07-27 15:54:00,910,910,910,910,0
2022-07-27 15:55:00,910,910,910,910,0
2022-07-27 15:56:00,910,910,910,910,0
2022-07-27 15:57:00,910,910,910,910,0
2022-07-27 15:58:00,910,910,910,910,0
2022-07-27 15:59:00,910,910,910,910,0
2022-07-28 09:00:00,915,910,920,920,972100
2022-07-28 09:01:00,920,915,920,915,198300
2022-07-28 09:02:00,920,915,920,920,987200
2022-07-28 09:03:00,920,915,920,915,360100
2022-07-28 09:04:00,920,920,925,920,237800
2022-07-28 09:05:00,925,920,930,930,1245200
2022-07-28 09:06:00,930,925,940,940,2440900
2022-07-28 09:07:00,940,935,940,935,1529700
2022-07-28 09:08:00,935,925,935,930,1516900
2022-07-28 09:09:00,930,925,930,925,250900
2022-07-28 09:10:00,930,925,935,935,278000
2022-07-28 09:11:00,935,930,935,930,704300
2022-07-28 09:12:00,930,925,930,930,274200
2022-07-28 09:13:00,930,925,930,925,275500
2022-07-28 09:14:00,925,925,930,925,147700
2022-07-28 09:15:00,930,925,930,930,536900
2022-07-28 09:16:00,930,925,930,930,481200
2022-07-28 09:17:00,930,930,930,930,107400
2022-07-28 09:18:00,935,930,935,935,85700
2022-07-28 09:19:00,935,930,935,930,921200
2022-07-28 09:20:00,930,925,930,925,223600
2022-07-28 09:21:00,925,920,930,920,733600
2022-07-28 09:22:00,920,920,925,925,53300
2022-07-28 09:23:00,925,920,925,925,298300
2022-07-28 09:24:00,925,920,930,925,32100
2022-07-28 09:25:00,925,925,925,925,291100
2022-07-28 09:26:00,925,925,930,925,94600
2022-07-28 09:27:00,925,925,930,925,274900
2022-07-28 09:28:00,930,930,935,935,1818800
2022-07-28 09:29:00,935,930,935,935,749500
2022-07-28 09:30:00,930,930,930,930,428300
2022-07-28 09:31:00,930,930,930,930,164400
2022-07-28 09:32:00,930,925,930,930,241900
2022-07-28 09:33:00,930,925,930,930,27600
2022-07-28 09:34:00,925,925,930,925,236100
2022-07-28 09:35:00,930,930,930,930,52500
2022-07-28 09:36:00,930,925,930,930,9800
2022-07-28 09:37:00,930,920,930,920,965800
2022-07-28 09:38:00,925,920,925,925,72000
2022-07-28 09:39:00,920,920,925,920,25600
2022-07-28 09:40:00,920,920,925,925,1187200
2022-07-28 09:41:00,920,920,925,920,97200
2022-07-28 09:42:00,925,920,925,920,45700
2022-07-28 09:43:00,915,915,920,915,2217600
2022-07-28 09:44:00,915,910,920,910,187400
2022-07-28 09:45:00,915,910,915,915,76700
2022-07-28 09:46:00,915,910,915,910,724000
2022-07-28 09:47:00,910,910,915,915,93900
2022-07-28 09:48:00,915,910,915,915,337100
2022-07-28 09:49:00,910,910,915,915,114500
2022-07-28 09:50:00,910,905,915,910,109100
2022-07-28 09:51:00,910,900,910,905,775200
2022-07-28 09:52:00,905,900,905,905,113300
2022-07-28 09:53:00,910,900,910,905,181000
2022-07-28 09:54:00,905,900,905,905,145400
2022-07-28 09:55:00,905,895,905,900,2547400
2022-07-28 09:56:00,900,900,900,900,46300
2022-07-28 09:57:00,900,900,905,900,105500
2022-07-28 09:58:00,900,900,905,905,51500
2022-07-28 09:59:00,905,905,910,910,97300
2022-07-28 10:00:00,910,910,915,915,1504300
2022-07-28 10:01:00,915,915,920,915,59100
2022-07-28 10:02:00,915,915,915,915,600800
2022-07-28 10:03:00,915,915,915,915,422100
2022-07-28 10:04:00,915,915,920,915,527700
2022-07-28 10:05:00,915,915,915,915,28900
2022-07-28 10:06:00,920,915,920,920,29300
2022-07-28 10:07:00,920,915,920,915,1059400
2022-07-28 10:08:00,915,915,915,915,495800
2022-07-28 10:09:00,915,910,915,910,2270500
2022-07-28 10:10:00,915,910,920,915,265800
2022-07-28 10:11:00,910,910,915,915,212700
2022-07-28 10:12:00,915,910,915,910,462200
2022-07-28 10:13:00,915,910,915,910,30100
2022-07-28 10:14:00,915,905,915,910,947600
2022-07-28 10:15:00,910,905,910,905,9600
2022-07-28 10:16:00,905,905,910,910,31300
2022-07-28 10:17:00,905,905,910,910,345200
2022-07-28 10:18:00,910,900,910,905,432800
2022-07-28 10:19:00,905,905,905,905,64000
2022-07-28 10:20:00,900,900,905,900,10800
2022-07-28 10:21:00,905,900,905,905,74600
2022-07-28 10:22:00,905,900,905,905,1065500
2022-07-28 10:23:00,910,905,910,910,0
2022-07-28 10:24:00,910,905,910,905,8800
2022-07-28 10:25:00,905,905,910,910,30000
2022-07-28 10:26:00,910,905,910,905,248900
2022-07-28 10:27:00,905,905,910,905,206400
2022-07-28 10:28:00,905,905,910,905,11300
2022-07-28 10:29:00,905,905,905,905,26500
2022-07-28 10:30:00,905,905,905,905,53600
2022-07-28 10:31:00,905,905,910,910,25700
2022-07-28 10:32:00,910,905,910,905,1127500
2022-07-28 10:33:00,905,905,905,905,193400
2022-07-28 10:34:00,905,905,905,905,0
2022-07-28 10:35:00,905,905,905,905,16500
2022-07-28 10:36:00,905,905,905,905,74700
2022-07-28 10:37:00,905,905,905,905,674200
2022-07-28 10:38:00,905,905,905,905,26400
2022-07-28 10:39:00,905,905,905,905,513700
2022-07-28 10:40:00,910,905,910,910,11200
2022-07-28 10:41:00,905,905,910,910,2500
2022-07-28 10:42:00,905,905,905,905,100300
2022-07-28 10:43:00,905,905,905,905,12800
2022-07-28 10:44:00,905,905,910,910,165100
2022-07-28 10:45:00,905,905,905,905,0
2022-07-28 10:46:00,905,905,905,905,0
2022-07-28 10:47:00,905,905,910,910,154300
2022-07-28 10:48:00,905,905,910,905,872900
2022-07-28 10:49:00,905,905,910,905,852500
2022-07-28 10:50:00,905,905,910,910,2782600
2022-07-28 10:51:00,910,910,910,910,800
2022-07-28 10:52:00,910,910,910,910,7800
2022-07-28 10:53:00,910,910,910,910,26700
2022-07-28 10:54:00,910,905,910,905,52700
2022-07-28 10:55:00,905,905,905,905,5000
2022-07-28 10:56:00,910,905,910,910,48000
2022-07-28 10:57:00,905,905,905,905,103200
2022-07-28 10:58:00,905,905,905,905,24000
2022-07-28 10:59:00,905,905,905,905,38200
2022-07-28 11:00:00,905,905,905,905,138300
2022-07-28 11:01:00,905,905,905,905,0
2022-07-28 11:02:00,905,905,910,910,0
2022-07-28 11:03:00,910,910,910,910,208900
2022-07-28 11:04:00,910,905,910,910,75500
2022-07-28 11:05:00,910,910,910,910,6100
2022-07-28 11:06:00,910,910,910,910,462900
2022-07-28 11:07:00,910,910,915,915,781000
2022-07-28 11:08:00,915,915,920,920,72100
2022-07-28 11:09:00,915,915,915,915,232600
2022-07-28 11:10:00,915,915,915,915,88900
2022-07-28 11:11:00,915,910,915,910,0
2022-07-28 11:12:00,915,915,915,915,25500
2022-07-28 11:13:00,915,910,915,915,11100
2022-07-28 11:14:00,915,915,915,915,1100
2022-07-28 11:15:00,915,915,915,915,85200
2022-07-28 11:16:00,915,910,915,915,7700
2022-07-28 11:17:00,915,915,915,915,500
2022-07-28 11:18:00,915,915,915,915,16700
2022-07-28 11:19:00,915,915,915,915,0
2022-07-28 11:20:00,915,915,915,915,38300
2022-07-28 11:21:00,915,915,915,915,250600
2022-07-28 11:22:00,915,915,915,915,296900
2022-07-28 11:23:00,915,915,915,915,0
2022-07-28 11:24:00,915,915,915,915,0
2022-07-28 11:25:00,920,915,920,915,7100
2022-07-28 11:26:00,920,915,920,915,2000
2022-07-28 11:27:00,915,915,920,920,7800
2022-07-28 11:28:00,920,915,920,915,22000
2022-07-28 11:29:00,915,915,920,920,5000
2022-07-28 11:30:00,915,915,920,920,0
2022-07-28 11:31:00,915,915,920,920,0
2022-07-28 11:32:00,915,915,920,920,0
2022-07-28 11:33:00,915,915,920,920,0
2022-07-28 11:34:00,915,915,920,920,0
2022-07-28 11:35:00,915,915,920,920,0
2022-07-28 11:36:00,915,915,920,920,0
2022-07-28 11:37:00,915,915,920,920,0
2022-07-28 11:38:00,915,915,920,920,0
2022-07-28 11:39:00,915,915,920,920,0
2022-07-28 11:40:00,915,915,920,920,0
2022-07-28 11:41:00,915,915,920,920,0
2022-07-28 11:42:00,915,915,920,920,0
2022-07-28 11:43:00,915,915,920,920,0
2022-07-28 11:44:00,915,915,920,920,0
2022-07-28 11:45:00,915,915,920,920,0
2022-07-28 11:46:00,915,915,920,920,0
2022-07-28 11:47:00,915,915,920,920,0
2022-07-28 11:48:00,915,915,920,920,0
2022-07-28 11:49:00,915,915,920,920,0
2022-07-28 11:50:00,915,915,920,920,0
2022-07-28 11:51:00,915,915,920,920,0
2022-07-28 11:52:00,915,915,920,920,0
2022-07-28 11:53:00,915,915,920,920,0
2022-07-28 11:54:00,915,915,920,920,0
2022-07-28 11:55:00,915,915,920,920,0
2022-07-28 11:56:00,915,915,920,920,0
2022-07-28 11:57:00,915,915,920,920,0
2022-07-28 11:58:00,915,915,920,920,0
2022-07-28 11:59:00,915,915,920,920,0
2022-07-28 12:00:00,915,915,920,920,0
2022-07-28 12:01:00,915,915,920,920,0
2022-07-28 12:02:00,915,915,920,920,0
2022-07-28 12:03:00,915,915,920,920,0
2022-07-28 12:04:00,915,915,920,920,0
2022-07-28 12:05:00,915,915,920,920,0
2022-07-28 12:06:00,915,915,920,920,0
2022-07-28 12:07:00,915,915,920,920,0
2022-07-28 12:08:00,915,915,920,920,0
2022-07-28 12:09:00,915,915,920,920,0
2022-07-28 12:10:00,915,915,920,920,0
2022-07-28 12:11:00,915,915,920,920,0
2022-07-28 12:12:00,915,915,920,920,0
2022-07-28 12:13:00,915,915,920,920,0
2022-07-28 12:14:00,915,915,920,920,0
2022-07-28 12:15:00,915,915,920,920,0
2022-07-28 12:16:00,915,915,920,920,0
2022-07-28 12:17:00,915,915,920,920,0
2022-07-28 12:18:00,915,915,920,920,0
2022-07-28 12:19:00,915,915,920,920,0
2022-07-28 12:20:00,915,915,920,920,0
2022-07-28 12:21:00,915,915,920,920,0
2022-07-28 12:22:00,915,915,920,920,0
2022-07-28 12:23:00,915,915,920,920,0
2022-07-28 12:24:00,915,915,920,920,0
2022-07-28 12:25:00,915,915,920,920,0
2022-07-28 12:26:00,915,915,920,920,0
2022-07-28 12:27:00,915,915,920,920,0
2022-07-28 12:28:00,915,915,920,920,0
2022-07-28 12:29:00,915,915,920,920,0
2022-07-28 12:30:00,915,915,920,920,0
2022-07-28 12:31:00,915,915,920,920,0
2022-07-28 12:32:00,915,915,920,920,0
2022-07-28 12:33:00,915,915,920,920,0
2022-07-28 12:34:00,915,915,920,920,0
2022-07-28 12:35:00,915,915,920,920,0
2022-07-28 12:36:00,915,915,920,920,0
2022-07-28 12:37:00,915,915,920,920,0
2022-07-28 12:38:00,915,915,920,920,0
2022-07-28 12:39:00,915,915,920,920,0
2022-07-28 12:40:00,915,915,920,920,0
2022-07-28 12:41:00,915,915,920,920,0
2022-07-28 12:42:00,915,915,920,920,0
2022-07-28 12:43:00,915,915,920,920,0
2022-07-28 12:44:00,915,915,920,920,0
2022-07-28 12:45:00,915,915,920,920,0
2022-07-28 12:46:00,915,915,920,920,0
2022-07-28 12:47:00,915,915,920,920,0
2022-07-28 12:48:00,915,915,920,920,0
2022-07-28 12:49:00,915,915,920,920,0
2022-07-28 12:50:00,915,915,920,920,0
2022-07-28 12:51:00,915,915,920,920,0
2022-07-28 12:52:00,915,915,920,920,0
2022-07-28 12:53:00,915,915,920,920,0
2022-07-28 12:54:00,915,915,920,920,0
2022-07-28 12:55:00,915,915,920,920,0
2022-07-28 12:56:00,915,915,920,920,0
2022-07-28 12:57:00,915,915,920,920,0
2022-07-28 12:58:00,915,915,920,920,0
2022-07-28 12:59:00,915,915,920,920,0
2022-07-28 13:00:00,915,915,920,920,0
2022-07-28 13:01:00,915,915,920,920,0
2022-07-28 13:02:00,915,915,920,920,0
2022-07-28 13:03:00,915,915,920,920,0
2022-07-28 13:04:00,915,915,920,920,0
2022-07-28 13:05:00,915,915,920,920,0
2022-07-28 13:06:00,915,915,920,920,0
2022-07-28 13:07:00,915,915,920,920,0
2022-07-28 13:08:00,915,915,920,920,0
2022-07-28 13:09:00,915,915,920,920,0
2022-07-28 13:10:00,915,915,920,920,0
2022-07-28 13:11:00,915,915,920,920,0
2022-07-28 13:12:00,915,915,920,920,0
2022-07-28 13:13:00,915,915,920,920,0
2022-07-28 13:14:00,915,915,920,920,0
2022-07-28 13:15:00,915,915,920,920,0
2022-07-28 13:16:00,915,915,920,920,0
2022-07-28 13:17:00,915,915,920,920,0
2022-07-28 13:18:00,915,915,920,920,0
2022-07-28 13:19:00,915,915,920,920,0
2022-07-28 13:20:00,915,915,920,920,0
2022-07-28 13:21:00,915,915,920,920,0
2022-07-28 13:22:00,915,915,920,920,0
2022-07-28 13:23:00,915,915,920,920,0
2022-07-28 13:24:00,915,915,920,920,0
2022-07-28 13:25:00,915,915,920,920,0
2022-07-28 13:26:00,915,915,920,920,0
2022-07-28 13:27:00,915,915,920,920,0
2022-07-28 13:28:00,915,915,920,920,0
2022-07-28 13:29:00,915,915,920,920,0
2022-07-28 13:30:00,920,920,920,920,722600
2022-07-28 13:31:00,920,920,925,920,1977200
2022-07-28 13:32:00,920,920,920,920,55900
2022-07-28 13:33:00,920,920,920,920,158200
2022-07-28 13:34:00,920,920,920,920,40800
2022-07-28 13:35:00,915,915,915,915,0
2022-07-28 13:36:00,915,915,915,915,210000
2022-07-28 13:37:00,920,920,920,920,87700
2022-07-28 13:38:00,920,920,920,920,651500
2022-07-28 13:39:00,920,920,920,920,17700
2022-07-28 13:40:00,920,920,920,920,95000
2022-07-28 13:41:00,920,920,920,920,269600
2022-07-28 13:42:00,920,920,925,920,0
2022-07-28 13:43:00,920,920,920,920,10300
2022-07-28 13:44:00,920,920,925,920,403500
2022-07-28 13:45:00,920,920,920,920,4200
2022-07-28 13:46:00,920,920,920,920,68900
2022-07-28 13:47:00,915,915,920,920,300600
2022-07-28 13:48:00,915,915,915,915,33400
2022-07-28 13:49:00,920,920,920,920,3500
2022-07-28 13:50:00,920,915,920,920,69200
2022-07-28 13:51:00,920,920,920,920,172700
2022-07-28 13:52:00,920,920,925,925,0
2022-07-28 13:53:00,920,920,920,920,33000
2022-07-28 13:54:00,920,920,920,920,25700
2022-07-28 13:55:00,920,920,920,920,194000
2022-07-28 13:56:00,920,920,920,920,24600
2022-07-28 13:57:00,920,915,920,915,0
2022-07-28 13:58:00,915,915,920,920,5300
2022-07-28 13:59:00,920,915,920,915,143100
2022-07-28 14:00:00,915,915,915,915,1200
2022-07-28 14:01:00,915,915,915,915,97100
2022-07-28 14:02:00,915,915,920,915,171800
2022-07-28 14:03:00,915,915,915,915,597100
2022-07-28 14:04:00,915,915,920,920,124100
2022-07-28 14:05:00,915,915,915,915,10700
2022-07-28 14:06:00,915,915,915,915,111600
2022-07-28 14:07:00,915,915,920,915,64000
2022-07-28 14:08:00,915,915,915,915,8300
2022-07-28 14:09:00,915,915,920,920,23900
2022-07-28 14:10:00,915,915,915,915,40800
2022-07-28 14:11:00,915,910,915,915,80000
2022-07-28 14:12:00,915,915,915,915,19100
2022-07-28 14:13:00,915,910,915,915,6100
2022-07-28 14:14:00,910,910,915,915,130200
2022-07-28 14:15:00,915,915,920,915,5200
2022-07-28 14:16:00,915,915,915,915,53200
2022-07-28 14:17:00,915,915,915,915,155900
2022-07-28 14:18:00,915,915,915,915,254100
2022-07-28 14:19:00,915,915,920,920,81900
2022-07-28 14:20:00,920,915,920,915,0
2022-07-28 14:21:00,915,915,920,920,20500
2022-07-28 14:22:00,915,915,915,915,26800
2022-07-28 14:23:00,915,915,920,920,25500
2022-07-28 14:24:00,920,915,920,915,21900
2022-07-28 14:25:00,920,915,920,915,486300
2022-07-28 14:26:00,915,915,920,915,10900
2022-07-28 14:27:00,915,915,915,915,31000
2022-07-28 14:28:00,915,915,920,920,9600
2022-07-28 14:29:00,915,915,915,915,644000
2022-07-28 14:30:00,915,915,915,915,482200
2022-07-28 14:31:00,910,910,915,915,285600
2022-07-28 14:32:00,915,915,935,935,4262000
2022-07-28 14:33:00,930,925,935,935,333800
2022-07-28 14:34:00,930,930,935,930,113400
2022-07-28 14:35:00,930,925,930,930,1383100
2022-07-28 14:36:00,930,930,940,935,3326900
2022-07-28 14:37:00,935,935,940,935,233300
2022-07-28 14:38:00,935,935,940,940,1565700
2022-07-28 14:39:00,940,935,940,940,1246500
2022-07-28 14:40:00,940,940,940,940,173700
2022-07-28 14:41:00,940,935,940,935,139900
2022-07-28 14:42:00,935,935,945,945,1312600
2022-07-28 14:43:00,940,940,950,945,1354200
2022-07-28 14:44:00,950,945,950,950,316400
2022-07-28 14:45:00,950,945,955,950,5895700
2022-07-28 14:46:00,950,945,950,945,825700
2022-07-28 14:47:00,950,945,950,945,1196100
2022-07-28 14:48:00,945,940,945,940,2395300
2022-07-28 14:49:00,945,940,950,950,1744700
2022-07-28 14:50:00,945,940,950,950,0
2022-07-28 14:51:00,945,940,950,950,0
2022-07-28 14:52:00,945,940,950,950,0
2022-07-28 14:53:00,945,940,950,950,0
2022-07-28 14:54:00,945,940,950,950,0
2022-07-28 14:55:00,945,940,950,950,0
2022-07-28 14:56:00,945,940,950,950,0
2022-07-28 14:57:00,945,940,950,950,0
2022-07-28 14:58:00,945,940,950,950,0
2022-07-28 14:59:00,945,940,950,950,0
2022-07-28 15:00:00,950,950,950,950,1910200
2022-07-28 15:01:00,950,950,950,950,12200
2022-07-28 15:02:00,950,950,950,950,29100
2022-07-28 15:03:00,950,950,950,950,51600
2022-07-28 15:04:00,950,950,950,950,731000
2022-07-28 15:05:00,950,950,950,950,0
2022-07-28 15:06:00,950,950,950,950,18300
2022-07-28 15:07:00,950,950,950,950,13500
2022-07-28 15:08:00,950,950,950,950,44500
2022-07-28 15:09:00,950,950,950,950,6800
2022-07-28 15:10:00,950,950,950,950,300
2022-07-28 15:11:00,950,950,950,950,17200
2022-07-28 15:12:00,950,950,950,950,0
2022-07-28 15:13:00,950,950,950,950,500
2022-07-28 15:14:00,950,950,950,950,0
2022-07-28 15:15:00,950,950,950,950,0
2022-07-28 15:16:00,950,950,950,950,0
2022-07-28 15:17:00,950,950,950,950,0
2022-07-28 15:18:00,950,950,950,950,0
2022-07-28 15:19:00,950,950,950,950,0
2022-07-28 15:20:00,950,950,950,950,0
2022-07-28 15:21:00,950,950,950,950,0
2022-07-28 15:22:00,950,950,950,950,0
2022-07-28 15:23:00,950,950,950,950,0
2022-07-28 15:24:00,950,950,950,950,0
2022-07-28 15:25:00,950,950,950,950,0
2022-07-28 15:26:00,950,950,950,950,0
2022-07-28 15:27:00,950,950,950,950,0
2022-07-28 15:28:00,950,950,950,950,0
2022-07-28 15:29:00,950,950,950,950,0
2022-07-28 15:30:00,950,950,950,950,0
2022-07-28 15:31:00,950,950,950,950,0
2022-07-28 15:32:00,950,950,950,950,0
2022-07-28 15:33:00,950,950,950,950,0
2022-07-28 15:34:00,950,950,950,950,0
2022-07-28 15:35:00,950,950,950,950,0
2022-07-28 15:36:00,950,950,950,950,0
2022-07-28 15:37:00,950,950,950,950,0
2022-07-28 15:38:00,950,950,950,950,0
2022-07-28 15:39:00,950,950,950,950,0
2022-07-28 15:40:00,950,950,950,950,0
2022-07-28 15:41:00,950,950,950,950,0
2022-07-28 15:42:00,950,950,950,950,0
2022-07-28 15:43:00,950,950,950,950,0
2022-07-28 15:44:00,950,950,950,950,0
2022-07-28 15:45:00,950,950,950,950,0
2022-07-28 15:46:00,950,950,950,950,0
2022-07-28 15:47:00,950,950,950,950,0
2022-07-28 15:48:00,950,950,950,950,0
2022-07-28 15:49:00,950,950,950,950,0
2022-07-28 15:50:00,950,950,950,950,0
2022-07-28 15:51:00,950,950,950,950,0
2022-07-28 15:52:00,950,950,950,950,0
2022-07-28 15:53:00,950,950,950,950,0
2022-07-28 15:54:00,950,950,950,950,0
2022-07-28 15:55:00,950,950,950,950,0
2022-07-28 15:56:00,950,950,950,950,0
2022-07-28 15:57:00,950,950,950,950,0
2022-07-28 15:58:00,950,950,950,950,0
2022-07-28 15:59:00,950,950,950,950,0
2022-07-29 09:00:00,955,950,960,960,1441200
2022-07-29 09:01:00,960,945,960,950,1564200
2022-07-29 09:02:00,950,945,950,945,639100
2022-07-29 09:03:00,945,940,950,950,113000
2022-07-29 09:04:00,945,945,950,945,342900
2022-07-29 09:05:00,950,945,950,950,106100
2022-07-29 09:06:00,950,950,955,950,84800
2022-07-29 09:07:00,950,950,955,950,164100
2022-07-29 09:08:00,950,950,955,950,75800
2022-07-29 09:09:00,950,950,955,955,22900
2022-07-29 09:10:00,950,950,955,950,1118000
2022-07-29 09:11:00,950,945,950,945,31600
2022-07-29 09:12:00,945,945,950,945,600200
2022-07-29 09:13:00,940,940,950,950,260000
2022-07-29 09:14:00,945,945,950,945,10500
2022-07-29 09:15:00,945,945,945,945,50400
2022-07-29 09:16:00,950,945,950,950,0
2022-07-29 09:17:00,945,945,950,950,56900
2022-07-29 09:18:00,950,945,950,950,621000
2022-07-29 09:19:00,950,945,950,950,74800
2022-07-29 09:20:00,950,945,950,950,218200
2022-07-29 09:21:00,945,945,945,945,37400
2022-07-29 09:22:00,945,945,950,945,157100
2022-07-29 09:23:00,945,940,950,940,149900
2022-07-29 09:24:00,940,940,950,945,116000
2022-07-29 09:25:00,945,945,945,945,14300
2022-07-29 09:26:00,945,945,945,945,115300
2022-07-29 09:27:00,945,945,945,945,97800
2022-07-29 09:28:00,945,940,945,940,39200
2022-07-29 09:29:00,945,940,945,945,55600
2022-07-29 09:30:00,945,945,955,950,961900
2022-07-29 09:31:00,955,950,955,950,66100
2022-07-29 09:32:00,955,955,955,955,34300
2022-07-29 09:33:00,955,950,955,955,202500
2022-07-29 09:34:00,955,955,955,955,182900
2022-07-29 09:35:00,955,950,955,950,95900
2022-07-29 09:36:00,950,950,955,955,118200
2022-07-29 09:37:00,955,950,955,955,101000
2022-07-29 09:38:00,955,955,955,955,746200
2022-07-29 09:39:00,955,950,955,955,7800
2022-07-29 09:40:00,955,955,955,955,382000
2022-07-29 09:41:00,960,955,965,965,1070900
2022-07-29 09:42:00,965,960,965,965,162600
2022-07-29 09:43:00,965,960,965,960,557900
2022-07-29 09:44:00,960,955,965,960,417300
2022-07-29 09:45:00,960,960,965,960,108300
2022-07-29 09:46:00,965,960,970,970,1183900
2022-07-29 09:47:00,970,965,970,965,834000
2022-07-29 09:48:00,965,965,970,965,355500
2022-07-29 09:49:00,970,965,975,970,727700
2022-07-29 09:50:00,975,970,975,975,657200
2022-07-29 09:51:00,975,970,975,975,77500
2022-07-29 09:52:00,975,970,975,975,76400
2022-07-29 09:53:00,975,970,975,975,322800
2022-07-29 09:54:00,975,970,975,975,958400
2022-07-29 09:55:00,975,970,975,970,93900
2022-07-29 09:56:00,970,965,975,970,577000
2022-07-29 09:57:00,970,970,975,970,32000
2022-07-29 09:58:00,975,970,975,975,40800
2022-07-29 09:59:00,975,970,975,975,325300
2022-07-29 10:00:00,970,970,975,975,471700
2022-07-29 10:01:00,975,975,975,975,3800
2022-07-29 10:02:00,975,970,975,975,42300
2022-07-29 10:03:00,975,975,975,975,32000
2022-07-29 10:04:00,970,965,970,970,989000
2022-07-29 10:05:00,970,965,970,970,201200
2022-07-29 10:06:00,970,965,970,970,10700
2022-07-29 10:07:00,965,965,970,965,5800
2022-07-29 10:08:00,970,970,970,970,297700
2022-07-29 10:09:00,975,975,975,975,5600
2022-07-29 10:10:00,975,970,975,975,861700
2022-07-29 10:11:00,980,975,985,980,1808600
2022-07-29 10:12:00,985,980,985,980,929300
2022-07-29 10:13:00,985,980,985,980,357300
2022-07-29 10:14:00,980,980,980,980,45300
2022-07-29 10:15:00,980,975,980,980,108200
2022-07-29 10:16:00,975,975,980,975,43800
2022-07-29 10:17:00,980,975,980,975,90300
2022-07-29 10:18:00,975,975,980,980,0
2022-07-29 10:19:00,980,975,980,980,34900
2022-07-29 10:20:00,980,975,980,975,35600
2022-07-29 10:21:00,980,975,980,980,34100
2022-07-29 10:22:00,980,970,980,975,1461800
2022-07-29 10:23:00,975,970,980,980,515100
2022-07-29 10:24:00,970,970,975,975,121000
2022-07-29 10:25:00,975,970,975,970,106500
2022-07-29 10:26:00,970,970,975,975,40000
2022-07-29 10:27:00,970,970,975,970,857300
2022-07-29 10:28:00,970,965,970,965,59900
2022-07-29 10:29:00,970,965,970,970,17400
2022-07-29 10:30:00,970,970,970,970,207900
2022-07-29 10:31:00,970,970,975,970,66700
2022-07-29 10:32:00,970,970,975,975,1200
2022-07-29 10:33:00,975,970,975,975,43400
2022-07-29 10:34:00,975,970,975,970,0
2022-07-29 10:35:00,970,970,970,970,11500
2022-07-29 10:36:00,975,975,975,975,200
2022-07-29 10:37:00,970,970,970,970,7100
2022-07-29 10:38:00,975,970,975,975,2600
2022-07-29 10:39:00,975,975,975,975,16700
2022-07-29 10:40:00,975,975,975,975,20700
2022-07-29 10:41:00,970,970,980,980,31518000
2022-07-29 10:42:00,975,975,980,980,504400
2022-07-29 10:43:00,980,975,980,980,0
2022-07-29 10:44:00,980,980,980,980,0
2022-07-29 10:45:00,980,980,980,980,2600
2022-07-29 10:46:00,980,975,980,980,13100
2022-07-29 10:47:00,975,975,975,975,23400
2022-07-29 10:48:00,975,975,980,980,33000
2022-07-29 10:49:00,980,980,980,980,330100
2022-07-29 10:50:00,980,980,980,980,17500
2022-07-29 10:51:00,980,980,980,980,102700
2022-07-29 10:52:00,980,980,985,980,115900
2022-07-29 10:53:00,980,980,980,980,0
2022-07-29 10:54:00,980,975,980,980,176200
2022-07-29 10:55:00,980,975,980,975,94500
2022-07-29 10:56:00,980,975,980,975,329300
2022-07-29 10:57:00,980,970,980,975,10100
2022-07-29 10:58:00,975,975,975,975,53200
2022-07-29 10:59:00,975,970,975,970,33300
2022-07-29 11:00:00,975,970,975,970,0
2022-07-29 11:01:00,970,970,975,975,12600
2022-07-29 11:02:00,975,970,980,975,127000
2022-07-29 11:03:00,975,975,980,980,45700
2022-07-29 11:04:00,975,975,975,975,3300
2022-07-29 11:05:00,975,975,975,975,28500
2022-07-29 11:06:00,975,975,980,975,0
2022-07-29 11:07:00,975,975,975,975,22000
2022-07-29 11:08:00,975,975,975,975,41700
2022-07-29 11:09:00,975,970,975,975,13100
2022-07-29 11:10:00,970,970,975,975,51300
2022-07-29 11:11:00,975,970,975,970,73600
2022-07-29 11:12:00,975,975,975,975,0
2022-07-29 11:13:00,975,970,975,975,5800
2022-07-29 11:14:00,975,975,975,975,18100
2022-07-29 11:15:00,975,975,975,975,40000
2022-07-29 11:16:00,975,970,975,970,7900
2022-07-29 11:17:00,975,970,975,970,2000
2022-07-29 11:18:00,970,970,970,970,62700
2022-07-29 11:19:00,970,970,975,975,62100
2022-07-29 11:20:00,970,970,975,970,0
2022-07-29 11:21:00,975,970,975,970,3100
2022-07-29 11:22:00,975,970,975,970,0
2022-07-29 11:23:00,970,970,970,970,1900
2022-07-29 11:24:00,970,970,975,975,145000
2022-07-29 11:25:00,970,970,975,975,0
2022-07-29 11:26:00,975,975,975,975,218600
2022-07-29 11:27:00,975,975,975,975,3500
2022-07-29 11:28:00,980,980,980,980,2100
2022-07-29 11:29:00,975,975,975,975,356700
2022-07-29 11:30:00,975,975,975,975,0
2022-07-29 11:31:00,975,975,975,975,0
2022-07-29 11:32:00,975,975,975,975,0
2022-07-29 11:33:00,975,975,975,975,0
2022-07-29 11:34:00,975,975,975,975,0
2022-07-29 11:35:00,975,975,975,975,0
2022-07-29 11:36:00,975,975,975,975,0
2022-07-29 11:37:00,975,975,975,975,0
2022-07-29 11:38:00,975,975,975,975,0
2022-07-29 11:39:00,975,975,975,975,0
2022-07-29 11:40:00,975,975,975,975,0
2022-07-29 11:41:00,975,975,975,975,0
2022-07-29 11:42:00,975,975,975,975,0
2022-07-29 11:43:00,975,975,975,975,0
2022-07-29 11:44:00,975,975,975,975,0
2022-07-29 11:45:00,975,975,975,975,0
2022-07-29 11:46:00,975,975,975,975,0
2022-07-29 11:47:00,975,975,975,975,0
2022-07-29 11:48:00,975,975,975,975,0
2022-07-29 11:49:00,975,975,975,975,0
2022-07-29 11:50:00,975,975,975,975,0
2022-07-29 11:51:00,975,975,975,975,0
2022-07-29 11:52:00,975,975,975,975,0
2022-07-29 11:53:00,975,975,975,975,0
2022-07-29 11:54:00,975,975,975,975,0
2022-07-29 11:55:00,975,975,975,975,0
2022-07-29 11:56:00,975,975,975,975,0
2022-07-29 11:57:00,975,975,975,975,0
2022-07-29 11:58:00,975,975,975,975,0
2022-07-29 11:59:00,975,975,975,975,0
2022-07-29 12:00:00,975,975,975,975,0
2022-07-29 12:01:00,975,975,975,975,0
2022-07-29 12:02:00,975,975,975,975,0
2022-07-29 12:03:00,975,975,975,975,0
2022-07-29 12:04:00,975,975,975,975,0
2022-07-29 12:05:00,975,975,975,975,0
2022-07-29 12:06:00,975,975,975,975,0
2022-07-29 12:07:00,975,975,975,975,0
2022-07-29 12:08:00,975,975,975,975,0
2022-07-29 12:09:00,975,975,975,975,0
2022-07-29 12:10:00,975,975,975,975,0
2022-07-29 12:11:00,975,975,975,975,0
2022-07-29 12:12:00,975,975,975,975,0
2022-07-29 12:13:00,975,975,975,975,0
2022-07-29 12:14:00,975,975,975,975,0
2022-07-29 12:15:00,975,975,975,975,0
2022-07-29 12:16:00,975,975,975,975,0
2022-07-29 12:17:00,975,975,975,975,0
2022-07-29 12:18:00,975,975,975,975,0
2022-07-29 12:19:00,975,975,975,975,0
2022-07-29 12:20:00,975,975,975,975,0
2022-07-29 12:21:00,975,975,975,975,0
2022-07-29 12:22:00,975,975,975,975,0
2022-07-29 12:23:00,975,975,975,975,0
2022-07-29 12:24:00,975,975,975,975,0
2022-07-29 12:25:00,975,975,975,975,0
2022-07-29 12:26:00,975,975,975,975,0
2022-07-29 12:27:00,975,975,975,975,0
2022-07-29 12:28:00,975,975,975,975,0
2022-07-29 12:29:00,975,975,975,975,0
2022-07-29 12:30:00,975,975,975,975,0
2022-07-29 12:31:00,975,975,975,975,0
2022-07-29 12:32:00,975,975,975,975,0
2022-07-29 12:33:00,975,975,975,975,0
2022-07-29 12:34:00,975,975,975,975,0
2022-07-29 12:35:00,975,975,975,975,0
2022-07-29 12:36:00,975,975,975,975,0
2022-07-29 12:37:00,975,975,975,975,0
2022-07-29 12:38:00,975,975,975,975,0
2022-07-29 12:39:00,975,975,975,975,0
2022-07-29 12:40:00,975,975,975,975,0
2022-07-29 12:41:00,975,975,975,975,0
2022-07-29 12:42:00,975,975,975,975,0
2022-07-29 12:43:00,975,975,975,975,0
2022-07-29 12:44:00,975,975,975,975,0
2022-07-29 12:45:00,975,975,975,975,0
2022-07-29 12:46:00,975,975,975,975,0
2022-07-29 12:47:00,975,975,975,975,0
2022-07-29 12:48:00,975,975,975,975,0
2022-07-29 12:49:00,975,975,975,975,0
2022-07-29 12:50:00,975,975,975,975,0
2022-07-29 12:51:00,975,975,975,975,0
2022-07-29 12:52:00,975,975,975,975,0
2022-07-29 12:53:00,975,975,975,975,0
2022-07-29 12:54:00,975,975,975,975,0
2022-07-29 12:55:00,975,975,975,975,0
2022-07-29 12:56:00,975,975,975,975,0
2022-07-29 12:57:00,975,975,975,975,0
2022-07-29 12:58:00,975,975,975,975,0
2022-07-29 12:59:00,975,975,975,975,0
2022-07-29 13:00:00,975,975,975,975,0
2022-07-29 13:01:00,975,975,975,975,0
2022-07-29 13:02:00,975,975,975,975,0
2022-07-29 13:03:00,975,975,975,975,0
2022-07-29 13:04:00,975,975,975,975,0
2022-07-29 13:05:00,975,975,975,975,0
2022-07-29 13:06:00,975,975,975,975,0
2022-07-29 13:07:00,975,975,975,975,0
2022-07-29 13:08:00,975,975,975,975,0
2022-07-29 13:09:00,975,975,975,975,0
2022-07-29 13:10:00,975,975,975,975,0
2022-07-29 13:11:00,975,975,975,975,0
2022-07-29 13:12:00,975,975,975,975,0
2022-07-29 13:13:00,975,975,975,975,0
2022-07-29 13:14:00,975,975,975,975,0
2022-07-29 13:15:00,975,975,975,975,0
2022-07-29 13:16:00,975,975,975,975,0
2022-07-29 13:17:00,975,975,975,975,0
2022-07-29 13:18:00,975,975,975,975,0
2022-07-29 13:19:00,975,975,975,975,0
2022-07-29 13:20:00,975,975,975,975,0
2022-07-29 13:21:00,975,975,975,975,0
2022-07-29 13:22:00,975,975,975,975,0
2022-07-29 13:23:00,975,975,975,975,0
2022-07-29 13:24:00,975,975,975,975,0
2022-07-29 13:25:00,975,975,975,975,0
2022-07-29 13:26:00,975,975,975,975,0
2022-07-29 13:27:00,975,975,975,975,0
2022-07-29 13:28:00,975,975,975,975,0
2022-07-29 13:29:00,975,975,975,975,0
2022-07-29 13:30:00,975,970,975,975,149700
2022-07-29 13:31:00,970,970,975,975,23500
2022-07-29 13:32:00,980,975,980,975,381200
2022-07-29 13:33:00,975,975,980,980,2200
2022-07-29 13:34:00,980,980,980,980,11600
2022-07-29 13:35:00,980,980,985,980,693900
2022-07-29 13:36:00,985,980,985,980,800
2022-07-29 13:37:00,985,980,985,980,1014500
2022-07-29 13:38:00,985,980,985,985,18600
2022-07-29 13:39:00,980,980,980,980,43100
2022-07-29 13:40:00,980,980,980,980,34900
2022-07-29 13:41:00,980,975,980,980,2600
2022-07-29 13:42:00,980,975,980,975,700
2022-07-29 13:43:00,975,970,980,975,262900
2022-07-29 13:44:00,975,970,975,975,229200
2022-07-29 13:45:00,975,975,980,975,2100
2022-07-29 13:46:00,980,980,980,980,94200
2022-07-29 13:47:00,980,975,980,980,79600
2022-07-29 13:48:00,980,980,980,980,800
2022-07-29 13:49:00,975,975,975,975,291600
2022-07-29 13:50:00,975,975,975,975,11200
2022-07-29 13:51:00,980,980,985,985,854300
2022-07-29 13:52:00,985,985,985,985,0
2022-07-29 13:53:00,985,980,985,985,256100
2022-07-29 13:54:00,985,980,985,985,252500
2022-07-29 13:55:00,980,980,980,980,316300
2022-07-29 13:56:00,980,975,980,980,25900
2022-07-29 13:57:00,980,975,980,980,117400
2022-07-29 13:58:00,980,975,980,975,58400
2022-07-29 13:59:00,975,975,980,980,42300
2022-07-29 14:00:00,975,975,980,975,314600
2022-07-29 14:01:00,975,975,980,980,5600
2022-07-29 14:02:00,980,980,980,980,1300
2022-07-29 14:03:00,975,975,980,980,19500
2022-07-29 14:04:00,980,980,980,980,7100
2022-07-29 14:05:00,980,980,980,980,1400
2022-07-29 14:06:00,980,980,980,980,500
2022-07-29 14:07:00,980,975,980,975,769500
2022-07-29 14:08:00,975,970,975,970,1147300
2022-07-29 14:09:00,970,970,975,970,349200
2022-07-29 14:10:00,970,965,975,970,1926300
2022-07-29 14:11:00,970,965,970,965,221200
2022-07-29 14:12:00,965,965,965,965,274900
2022-07-29 14:13:00,965,960,970,960,596800
2022-07-29 14:14:00,960,960,965,965,56200
2022-07-29 14:15:00,965,965,965,965,21700
2022-07-29 14:16:00,965,960,965,960,2000
2022-07-29 14:17:00,960,960,965,960,20700
2022-07-29 14:18:00,960,960,965,960,22100
2022-07-29 14:19:00,960,960,965,965,73500
2022-07-29 14:20:00,965,965,970,970,898500
2022-07-29 14:21:00,970,970,970,970,4700
2022-07-29 14:22:00,970,965,970,970,319700
2022-07-29 14:23:00,970,965,970,970,130400
2022-07-29 14:24:00,970,965,970,965,39000
2022-07-29 14:25:00,965,965,965,965,666100
2022-07-29 14:26:00,965,965,970,965,67400
2022-07-29 14:27:00,965,965,965,965,511900
2022-07-29 14:28:00,965,965,965,965,60900
2022-07-29 14:29:00,965,965,965,965,45300
2022-07-29 14:30:00,965,960,965,965,80400
2022-07-29 14:31:00,965,965,970,965,16900
2022-07-29 14:32:00,965,960,965,960,21200
2022-07-29 14:33:00,965,960,965,960,107800
2022-07-29 14:34:00,960,960,965,960,26300
2022-07-29 14:35:00,960,960,965,965,185400
2022-07-29 14:36:00,965,965,965,965,143200
2022-07-29 14:37:00,965,965,970,970,15700
2022-07-29 14:38:00,965,965,965,965,42300
2022-07-29 14:39:00,965,960,965,960,539800
2022-07-29 14:40:00,960,960,960,960,54600
2022-07-29 14:41:00,965,965,965,965,225900
2022-07-29 14:42:00,965,965,965,965,111700
2022-07-29 14:43:00,965,965,970,965,221500
2022-07-29 14:44:00,965,955,970,970,8314000
2022-07-29 14:45:00,975,975,980,975,844500
2022-07-29 14:46:00,975,970,980,975,1608800
2022-07-29 14:47:00,975,965,975,970,1330500
2022-07-29 14:48:00,970,970,975,975,314300
2022-07-29 14:49:00,975,970,980,975,2401700
2022-07-29 14:50:00,975,970,980,975,0
2022-07-29 14:51:00,975,970,980,975,0
2022-07-29 14:52:00,975,970,980,975,0
2022-07-29 14:53:00,975,970,980,975,0
2022-07-29 14:54:00,975,970,980,975,0
2022-07-29 14:55:00,975,970,980,975,0
2022-07-29 14:56:00,975,970,980,975,0
2022-07-29 14:57:00,975,970,980,975,0
2022-07-29 14:58:00,975,970,980,975,0
2022-07-29 14:59:00,975,970,980,975,0
2022-07-29 15:00:00,960,960,960,960,2468800
2022-07-29 15:01:00,960,960,960,960,402400
2022-07-29 15:02:00,960,960,960,960,54100
2022-07-29 15:03:00,960,960,960,960,52700
2022-07-29 15:04:00,960,960,960,960,29700
2022-07-29 15:05:00,960,960,960,960,18700
2022-07-29 15:06:00,960,960,960,960,2224900
2022-07-29 15:07:00,960,960,960,960,3415400
2022-07-29 15:08:00,960,960,960,960,217900
2022-07-29 15:09:00,960,960,960,960,9900
2022-07-29 15:10:00,960,960,960,960,34100
2022-07-29 15:11:00,960,960,960,960,20700
2022-07-29 15:12:00,960,960,960,960,2800
2022-07-29 15:13:00,960,960,960,960,0
2022-07-29 15:14:00,960,960,960,960,0
2022-07-29 15:15:00,960,960,960,960,0
2022-07-29 15:16:00,960,960,960,960,0
2022-07-29 15:17:00,960,960,960,960,0
2022-07-29 15:18:00,960,960,960,960,0
2022-07-29 15:19:00,960,960,960,960,0
2022-07-29 15:20:00,960,960,960,960,0
2022-07-29 15:21:00,960,960,960,960,0
2022-07-29 15:22:00,960,960,960,960,0
2022-07-29 15:23:00,960,960,960,960,0
2022-07-29 15:24:00,960,960,960,960,0
2022-07-29 15:25:00,960,960,960,960,0
2022-07-29 15:26:00,960,960,960,960,0
2022-07-29 15:27:00,960,960,960,960,0
2022-07-29 15:28:00,960,960,960,960,0
2022-07-29 15:29:00,960,960,960,960,0
2022-07-29 15:30:00,960,960,960,960,0
2022-07-29 15:31:00,960,960,960,960,0
2022-07-29 15:32:00,960,960,960,960,0
2022-07-29 15:33:00,960,960,960,960,0
2022-07-29 15:34:00,960,960,960,960,0
2022-07-29 15:35:00,960,960,960,960,0
2022-07-29 15:36:00,960,960,960,960,0
2022-07-29 15:37:00,960,960,960,960,0
2022-07-29 15:38:00,960,960,960,960,0
2022-07-29 15:39:00,960,960,960,960,0
2022-07-29 15:40:00,960,960,960,960,0
2022-07-29 15:41:00,960,960,960,960,0
2022-07-29 15:42:00,960,960,960,960,0
2022-07-29 15:43:00,960,960,960,960,0
2022-07-29 15:44:00,960,960,960,960,0
2022-07-29 15:45:00,960,960,960,960,0
2022-07-29 15:46:00,960,960,960,960,0
2022-07-29 15:47:00,960,960,960,960,0
2022-07-29 15:48:00,960,960,960,960,0
2022-07-29 15:49:00,960,960,960,960,0
2022-07-29 15:50:00,960,960,960,960,0
2022-07-29 15:51:00,960,960,960,960,0
2022-07-29 15:52:00,960,960,960,960,0
2022-07-29 15:53:00,960,960,960,960,0
2022-07-29 15:54:00,960,960,960,960,0
2022-07-29 15:55:00,960,960,960,960,0
2022-07-29 15:56:00,960,960,960,960,0
2022-07-29 15:57:00,960,960,960,960,0
2022-07-29 15:58:00,960,960,960,960,0
2022-07-29 15:59:00,960,960,960,960,0
2022-08-01 09:00:00,960,960,965,960,0
2022-08-01 09:01:00,960,955,965,960,471800
2022-08-01 09:02:00,955,955,960,955,500600
2022-08-01 09:03:00,955,955,960,955,152800
2022-08-01 09:04:00,955,950,960,950,372200
2022-08-01 09:05:00,955,950,955,950,295800
2022-08-01 09:06:00,950,950,955,950,1373100
2022-08-01 09:07:00,950,950,955,950,150200
2022-08-01 09:08:00,950,950,960,955,142200
2022-08-01 09:09:00,960,955,960,960,7600
2022-08-01 09:10:00,960,955,960,960,452400
2022-08-01 09:11:00,960,955,960,960,30400
2022-08-01 09:12:00,960,955,960,960,4900
2022-08-01 09:13:00,955,955,960,960,16000
2022-08-01 09:14:00,960,950,960,955,162700
2022-08-01 09:15:00,955,950,955,950,528200
2022-08-01 09:16:00,955,950,955,950,70600
2022-08-01 09:17:00,950,950,955,950,207500
2022-08-01 09:18:00,950,945,950,945,141500
2022-08-01 09:19:00,945,945,950,950,61000
2022-08-01 09:20:00,945,945,950,950,63900
2022-08-01 09:21:00,950,945,950,950,206700
2022-08-01 09:22:00,950,945,950,945,125300
2022-08-01 09:23:00,945,930,955,945,4662700
2022-08-01 09:24:00,940,935,945,935,504200
2022-08-01 09:25:00,935,930,935,935,1064500
2022-08-01 09:26:00,940,940,950,945,350900
2022-08-01 09:27:00,945,945,950,945,127000
2022-08-01 09:28:00,950,945,950,950,25200
2022-08-01 09:29:00,945,945,945,945,76000
2022-08-01 09:30:00,945,945,945,945,133700
2022-08-01 09:31:00,945,945,950,945,218200
2022-08-01 09:32:00,945,945,950,945,10700
2022-08-01 09:33:00,950,945,950,950,108300
2022-08-01 09:34:00,950,945,950,945,332200
2022-08-01 09:35:00,950,945,950,950,13200
2022-08-01 09:36:00,950,945,950,945,86200
2022-08-01 09:37:00,945,945,950,950,8900
2022-08-01 09:38:00,950,945,950,945,77200
2022-08-01 09:39:00,945,945,950,945,104600
2022-08-01 09:40:00,950,945,950,945,4400
2022-08-01 09:41:00,950,945,950,950,27400
2022-08-01 09:42:00,945,945,950,950,200
2022-08-01 09:43:00,945,945,950,945,10000
2022-08-01 09:44:00,950,945,950,945,21500
2022-08-01 09:45:00,945,935,945,935,1012700
2022-08-01 09:46:00,940,940,945,945,5300
2022-08-01 09:47:00,945,945,945,945,16400
2022-08-01 09:48:00,945,945,945,945,7600
2022-08-01 09:49:00,940,940,940,940,501900
2022-08-01 09:50:00,940,935,945,935,577600
2022-08-01 09:51:00,935,925,935,930,1533700
2022-08-01 09:52:00,930,930,935,930,195700
2022-08-01 09:53:00,930,930,935,930,360600
2022-08-01 09:54:00,930,930,935,930,689400
2022-08-01 09:55:00,930,925,930,930,122100
2022-08-01 09:56:00,930,925,930,930,53100
2022-08-01 09:57:00,925,910,930,915,4075700
2022-08-01 09:58:00,915,905,920,905,1667300
2022-08-01 09:59:00,905,905,915,915,751300
2022-08-01 10:00:00,910,905,910,905,761100
2022-08-01 10:01:00,905,905,910,910,497600
2022-08-01 10:02:00,910,905,915,915,412900
2022-08-01 10:03:00,915,910,920,920,911800
2022-08-01 10:04:00,920,915,925,925,548000
2022-08-01 10:05:00,925,920,925,925,218900
2022-08-01 10:06:00,925,925,930,925,221200
2022-08-01 10:07:00,925,925,930,930,372700
2022-08-01 10:08:00,935,930,935,930,180100
2022-08-01 10:09:00,930,925,930,930,78000
2022-08-01 10:10:00,930,925,930,930,193200
2022-08-01 10:11:00,930,930,935,935,122200
2022-08-01 10:12:00,935,935,935,935,115100
2022-08-01 10:13:00,935,935,940,940,89200
2022-08-01 10:14:00,940,935,940,940,56200
2022-08-01 10:15:00,940,940,940,940,175300
2022-08-01 10:16:00,945,940,945,945,629100
2022-08-01 10:17:00,945,940,945,945,766800
2022-08-01 10:18:00,945,940,945,940,163100
2022-08-01 10:19:00,945,945,945,945,2000
2022-08-01 10:20:00,945,940,945,940,6500
2022-08-01 10:21:00,945,940,945,940,100
2022-08-01 10:22:00,945,945,945,945,111300
2022-08-01 10:23:00,945,945,945,945,90500
2022-08-01 10:24:00,945,940,950,945,153500
2022-08-01 10:25:00,945,945,945,945,20600
2022-08-01 10:26:00,945,940,945,940,58100
2022-08-01 10:27:00,940,940,945,940,24100
2022-08-01 10:28:00,940,940,945,945,70600
2022-08-01 10:29:00,945,945,945,945,16100
2022-08-01 10:30:00,945,935,955,955,28259800
2022-08-01 10:31:00,955,945,955,945,0
2022-08-01 10:32:00,950,945,950,950,57100
2022-08-01 10:33:00,950,950,955,955,97200
2022-08-01 10:34:00,950,945,950,945,349800
2022-08-01 10:35:00,945,940,945,945,7100
2022-08-01 10:36:00,940,940,945,940,249800
2022-08-01 10:37:00,940,925,940,930,2038000
2022-08-01 10:38:00,940,925,940,930,505800
2022-08-01 10:39:00,925,925,930,925,236800
2022-08-01 10:40:00,925,920,925,925,356300
2022-08-01 10:41:00,925,925,930,925,81100
2022-08-01 10:42:00,925,925,925,925,204000
2022-08-01 10:43:00,925,925,925,925,193200
2022-08-01 10:44:00,925,925,925,925,60900
2022-08-01 10:45:00,925,925,925,925,174400
2022-08-01 10:46:00,925,925,930,925,27300
2022-08-01 10:47:00,930,925,930,930,414600
2022-08-01 10:48:00,925,925,925,925,34200
2022-08-01 10:49:00,925,925,930,925,1100
2022-08-01 10:50:00,925,925,930,925,573800
2022-08-01 10:51:00,930,930,930,930,10000
2022-08-01 10:52:00,930,930,930,930,39200
2022-08-01 10:53:00,930,930,930,930,27300
2022-08-01 10:54:00,930,925,930,925,422300
2022-08-01 10:55:00,925,925,925,925,29800
2022-08-01 10:56:00,925,925,925,925,6300
2022-08-01 10:57:00,925,925,925,925,41700
2022-08-01 10:58:00,925,925,925,925,12700
2022-08-01 10:59:00,925,920,925,925,238600
2022-08-01 11:00:00,925,920,925,925,8300
2022-08-01 11:01:00,920,920,925,920,12800
2022-08-01 11:02:00,925,920,925,925,40300
2022-08-01 11:03:00,920,920,925,925,82400
2022-08-01 11:04:00,925,920,925,920,1002400
2022-08-01 11:05:00,925,920,925,925,133100
2022-08-01 11:06:00,920,920,925,920,25300
2022-08-01 11:07:00,920,920,925,925,93000
2022-08-01 11:08:00,925,920,930,930,59400
2022-08-01 11:09:00,925,925,930,930,70300
2022-08-01 11:10:00,930,925,935,935,67200
2022-08-01 11:11:00,935,930,935,930,0
2022-08-01 11:12:00,935,935,935,935,3100
2022-08-01 11:13:00,935,930,935,930,31300
2022-08-01 11:14:00,935,930,935,930,12000
2022-08-01 11:15:00,930,925,930,930,123900
2022-08-01 11:16:00,925,925,930,930,68800
2022-08-01 11:17:00,935,935,935,935,19900
2022-08-01 11:18:00,930,930,930,930,0
2022-08-01 11:19:00,930,930,930,930,2900
2022-08-01 11:20:00,930,930,930,930,3500
2022-08-01 11:21:00,930,930,935,935,246200
2022-08-01 11:22:00,930,930,935,935,81100
2022-08-01 11:23:00,935,935,940,940,0
2022-08-01 11:24:00,940,935,940,935,33500
2022-08-01 11:25:00,935,935,935,935,16800
2022-08-01 11:26:00,935,935,935,935,23300
2022-08-01 11:27:00,935,930,935,930,9100
2022-08-01 11:28:00,930,930,940,940,36000
2022-08-01 11:29:00,935,935,940,940,141300
2022-08-01 11:30:00,935,935,940,940,0
2022-08-01 11:31:00,935,935,940,940,0
2022-08-01 11:32:00,935,935,940,940,0
2022-08-01 11:33:00,935,935,940,940,0
2022-08-01 11:34:00,935,935,940,940,0
2022-08-01 11:35:00,935,935,940,940,0
2022-08-01 11:36:00,935,935,940,940,0
2022-08-01 11:37:00,935,935,940,940,0
2022-08-01 11:38:00,935,935,940,940,0
2022-08-01 11:39:00,935,935,940,940,0
2022-08-01 11:40:00,935,935,940,940,0
2022-08-01 11:41:00,935,935,940,940,0
2022-08-01 11:42:00,935,935,940,940,0
2022-08-01 11:43:00,935,935,940,940,0
2022-08-01 11:44:00,935,935,940,940,0
2022-08-01 11:45:00,935,935,940,940,0
2022-08-01 11:46:00,935,935,940,940,0
2022-08-01 11:47:00,935,935,940,940,0
2022-08-01 11:48:00,935,935,940,940,0
2022-08-01 11:49:00,935,935,940,940,0
2022-08-01 11:50:00,935,935,940,940,0
2022-08-01 11:51:00,935,935,940,940,0
2022-08-01 11:52:00,935,935,940,940,0
2022-08-01 11:53:00,935,935,940,940,0
2022-08-01 11:54:00,935,935,940,940,0
2022-08-01 11:55:00,935,935,940,940,0
2022-08-01 11:56:00,935,935,940,940,0
2022-08-01 11:57:00,935,935,940,940,0
2022-08-01 11:58:00,935,935,940,940,0
2022-08-01 11:59:00,935,935,940,940,0
2022-08-01 12:00:00,935,935,940,940,0
2022-08-01 12:01:00,935,935,940,940,0
2022-08-01 12:02:00,935,935,940,940,0
2022-08-01 12:03:00,935,935,940,940,0
2022-08-01 12:04:00,935,935,940,940,0
2022-08-01 12:05:00,935,935,940,940,0
2022-08-01 12:06:00,935,935,940,940,0
2022-08-01 12:07:00,935,935,940,940,0
2022-08-01 12:08:00,935,935,940,940,0
2022-08-01 12:09:00,935,935,940,940,0
2022-08-01 12:10:00,935,935,940,940,0
2022-08-01 12:11:00,935,935,940,940,0
2022-08-01 12:12:00,935,935,940,940,0
2022-08-01 12:13:00,935,935,940,940,0
2022-08-01 12:14:00,935,935,940,940,0
2022-08-01 12:15:00,935,935,940,940,0
2022-08-01 12:16:00,935,935,940,940,0
2022-08-01 12:17:00,935,935,940,940,0
2022-08-01 12:18:00,935,935,940,940,0
2022-08-01 12:19:00,935,935,940,940,0
2022-08-01 12:20:00,935,935,940,940,0
2022-08-01 12:21:00,935,935,940,940,0
2022-08-01 12:22:00,935,935,940,940,0
2022-08-01 12:23:00,935,935,940,940,0
2022-08-01 12:24:00,935,935,940,940,0
2022-08-01 12:25:00,935,935,940,940,0
2022-08-01 12:26:00,935,935,940,940,0
2022-08-01 12:27:00,935,935,940,940,0
2022-08-01 12:28:00,935,935,940,940,0
2022-08-01 12:29:00,935,935,940,940,0
2022-08-01 12:30:00,935,935,940,940,0
2022-08-01 12:31:00,935,935,940,940,0
2022-08-01 12:32:00,935,935,940,940,0
2022-08-01 12:33:00,935,935,940,940,0
2022-08-01 12:34:00,935,935,940,940,0
2022-08-01 12:35:00,935,935,940,940,0
2022-08-01 12:36:00,935,935,940,940,0
2022-08-01 12:37:00,935,935,940,940,0
2022-08-01 12:38:00,935,935,940,940,0
2022-08-01 12:39:00,935,935,940,940,0
2022-08-01 12:40:00,935,935,940,940,0
2022-08-01 12:41:00,935,935,940,940,0
2022-08-01 12:42:00,935,935,940,940,0
2022-08-01 12:43:00,935,935,940,940,0
2022-08-01 12:44:00,935,935,940,940,0
2022-08-01 12:45:00,935,935,940,940,0
2022-08-01 12:46:00,935,935,940,940,0
2022-08-01 12:47:00,935,935,940,940,0
2022-08-01 12:48:00,935,935,940,940,0
2022-08-01 12:49:00,935,935,940,940,0
2022-08-01 12:50:00,935,935,940,940,0
2022-08-01 12:51:00,935,935,940,940,0
2022-08-01 12:52:00,935,935,940,940,0
2022-08-01 12:53:00,935,935,940,940,0
2022-08-01 12:54:00,935,935,940,940,0
2022-08-01 12:55:00,935,935,940,940,0
2022-08-01 12:56:00,935,935,940,940,0
2022-08-01 12:57:00,935,935,940,940,0
2022-08-01 12:58:00,935,935,940,940,0
2022-08-01 12:59:00,935,935,940,940,0
2022-08-01 13:00:00,935,935,940,940,0
2022-08-01 13:01:00,935,935,940,940,0
2022-08-01 13:02:00,935,935,940,940,0
2022-08-01 13:03:00,935,935,940,940,0
2022-08-01 13:04:00,935,935,940,940,0
2022-08-01 13:05:00,935,935,940,940,0
2022-08-01 13:06:00,935,935,940,940,0
2022-08-01 13:07:00,935,935,940,940,0
2022-08-01 13:08:00,935,935,940,940,0
2022-08-01 13:09:00,935,935,940,940,0
2022-08-01 13:10:00,935,935,940,940,0
2022-08-01 13:11:00,935,935,940,940,0
2022-08-01 13:12:00,935,935,940,940,0
2022-08-01 13:13:00,935,935,940,940,0
2022-08-01 13:14:00,935,935,940,940,0
2022-08-01 13:15:00,935,935,940,940,0
2022-08-01 13:16:00,935,935,940,940,0
2022-08-01 13:17:00,935,935,940,940,0
2022-08-01 13:18:00,935,935,940,940,0
2022-08-01 13:19:00,935,935,940,940,0
2022-08-01 13:20:00,935,935,940,940,0
2022-08-01 13:21:00,935,935,940,940,0
2022-08-01 13:22:00,935,935,940,940,0
2022-08-01 13:23:00,935,935,940,940,0
2022-08-01 13:24:00,935,935,940,940,0
2022-08-01 13:25:00,935,935,940,940,0
2022-08-01 13:26:00,935,935,940,940,0
2022-08-01 13:27:00,935,935,940,940,0
2022-08-01 13:28:00,935,935,940,940,0
2022-08-01 13:29:00,935,935,940,940,0
2022-08-01 13:30:00,940,940,945,940,125200
2022-08-01 13:31:00,940,940,940,940,257800
2022-08-01 13:32:00,940,940,940,940,89000
2022-08-01 13:33:00,940,935,940,935,178600
2022-08-01 13:34:00,940,935,940,935,0
2022-08-01 13:35:00,935,935,935,935,669200
2022-08-01 13:36:00,935,935,935,935,13400
2022-08-01 13:37:00,935,935,935,935,15800
2022-08-01 13:38:00,935,935,935,935,62400
2022-08-01 13:39:00,935,935,935,935,21300
2022-08-01 13:40:00,935,935,940,940,0
2022-08-01 13:41:00,940,940,940,940,17100
2022-08-01 13:42:00,935,935,935,935,6400
2022-08-01 13:43:00,935,935,935,935,0
2022-08-01 13:44:00,935,935,940,940,1700
2022-08-01 13:45:00,935,935,935,935,500
2022-08-01 13:46:00,935,935,935,935,16800
2022-08-01 13:47:00,935,935,935,935,32000
2022-08-01 13:48:00,935,935,940,935,39700
2022-08-01 13:49:00,940,940,940,940,274200
2022-08-01 13:50:00,940,935,940,940,0
2022-08-01 13:51:00,940,935,940,935,15900
2022-08-01 13:52:00,940,940,940,940,0
2022-08-01 13:53:00,940,935,940,935,44600
2022-08-01 13:54:00,935,935,935,935,22400
2022-08-01 13:55:00,935,935,935,935,20700
2022-08-01 13:56:00,935,935,940,935,22100
2022-08-01 13:57:00,935,935,940,940,23100
2022-08-01 13:58:00,940,940,940,940,0
2022-08-01 13:59:00,940,935,940,935,56200
2022-08-01 14:00:00,935,935,940,935,0
2022-08-01 14:01:00,935,935,935,935,244700
2022-08-01 14:02:00,935,935,940,935,82700
2022-08-01 14:03:00,935,935,935,935,0
2022-08-01 14:04:00,935,935,935,935,58200
2022-08-01 14:05:00,935,935,935,935,12100
2022-08-01 14:06:00,935,935,940,935,9200
2022-08-01 14:07:00,935,935,935,935,100600
2022-08-01 14:08:00,930,930,935,935,0
2022-08-01 14:09:00,935,930,940,940,128100
2022-08-01 14:10:00,935,935,935,935,1500
2022-08-01 14:11:00,935,930,935,930,0
2022-08-01 14:12:00,930,925,930,930,1297700
2022-08-01 14:13:00,930,925,930,925,221200
2022-08-01 14:14:00,925,925,930,930,10000
2022-08-01 14:15:00,930,930,930,930,535900
2022-08-01 14:16:00,930,930,935,935,306700
2022-08-01 14:17:00,940,940,940,940,0
2022-08-01 14:18:00,940,940,940,940,14800
2022-08-01 14:19:00,940,935,940,940,10000
2022-08-01 14:20:00,935,935,935,935,13100
2022-08-01 14:21:00,935,935,940,940,110700
2022-08-01 14:22:00,940,940,940,940,18400
2022-08-01 14:23:00,940,935,940,940,56400
2022-08-01 14:24:00,940,935,940,935,6000
2022-08-01 14:25:00,935,935,940,940,12600
2022-08-01 14:26:00,940,940,945,940,631100
2022-08-01 14:27:00,940,940,940,940,0
2022-08-01 14:28:00,940,940,940,940,69100
2022-08-01 14:29:00,940,940,940,940,54000
2022-08-01 14:30:00,940,940,940,940,38000
2022-08-01 14:31:00,940,940,945,945,43100
2022-08-01 14:32:00,940,940,940,940,100
2022-08-01 14:33:00,945,940,945,945,35400
2022-08-01 14:34:00,945,945,945,945,5300
2022-08-01 14:35:00,945,940,945,945,1900
2022-08-01 14:36:00,940,940,945,945,539600
2022-08-01 14:37:00,940,940,945,940,16200
2022-08-01 14:38:00,940,940,940,940,81000
2022-08-01 14:39:00,940,940,945,940,13400
2022-08-01 14:40:00,945,940,945,940,13000
2022-08-01 14:41:00,940,940,945,945,15800
2022-08-01 14:42:00,940,940,940,940,277600
2022-08-01 14:43:00,940,940,945,940,437100
2022-08-01 14:44:00,940,935,940,940,90000
2022-08-01 14:45:00,940,940,960,955,3982500
2022-08-01 14:46:00,950,950,960,960,1539800
2022-08-01 14:47:00,960,955,965,965,3792200
2022-08-01 14:48:00,965,960,970,965,3746100
2022-08-01 14:49:00,960,960,970,970,3433200
2022-08-01 14:50:00,960,960,970,970,0
2022-08-01 14:51:00,960,960,970,970,0
2022-08-01 14:52:00,960,960,970,970,0
2022-08-01 14:53:00,960,960,970,970,0
2022-08-01 14:54:00,960,960,970,970,0
2022-08-01 14:55:00,960,960,970,970,0
2022-08-01 14:56:00,960,960,970,970,0
2022-08-01 14:57:00,960,960,970,970,0
2022-08-01 14:58:00,960,960,970,970,0
2022-08-01 14:59:00,960,960,970,970,0
2022-08-01 15:00:00,970,970,970,970,3791600
2022-08-01 15:01:00,970,970,970,970,17400
2022-08-01 15:02:00,970,970,970,970,71500
2022-08-01 15:03:00,970,970,970,970,38300
2022-08-01 15:04:00,970,970,970,970,0
2022-08-01 15:05:00,970,970,970,970,200
2022-08-01 15:06:00,970,970,970,970,260700
2022-08-01 15:07:00,970,970,970,970,19800
2022-08-01 15:08:00,970,970,970,970,200
2022-08-01 15:09:00,970,970,970,970,41100
2022-08-01 15:10:00,970,970,970,970,0
2022-08-01 15:11:00,970,970,970,970,5400
2022-08-01 15:12:00,970,970,970,970,0
2022-08-01 15:13:00,970,970,970,970,200
2022-08-01 15:14:00,970,970,970,970,0
2022-08-01 15:15:00,970,970,970,970,0
2022-08-01 15:16:00,970,970,970,970,0
2022-08-01 15:17:00,970,970,970,970,0
2022-08-01 15:18:00,970,970,970,970,0
2022-08-01 15:19:00,970,970,970,970,0
2022-08-01 15:20:00,970,970,970,970,0
2022-08-01 15:21:00,970,970,970,970,0
2022-08-01 15:22:00,970,970,970,970,0
2022-08-01 15:23:00,970,970,970,970,0
2022-08-01 15:24:00,970,970,970,970,0
2022-08-01 15:25:00,970,970,970,970,0
2022-08-01 15:26:00,970,970,970,970,0
2022-08-01 15:27:00,970,970,970,970,0
2022-08-01 15:28:00,970,970,970,970,0
2022-08-01 15:29:00,970,970,970,970,0
2022-08-01 15:30:00,970,970,970,970,0
2022-08-01 15:31:00,970,970,970,970,0
2022-08-01 15:32:00,970,970,970,970,0
2022-08-01 15:33:00,970,970,970,970,0
2022-08-01 15:34:00,970,970,970,970,0
2022-08-01 15:35:00,970,970,970,970,0
2022-08-01 15:36:00,970,970,970,970,0
2022-08-01 15:37:00,970,970,970,970,0
2022-08-01 15:38:00,970,970,970,970,0
2022-08-01 15:39:00,970,970,970,970,0
2022-08-01 15:40:00,970,970,970,970,0
2022-08-01 15:41:00,970,970,970,970,0
2022-08-01 15:42:00,970,970,970,970,0
2022-08-01 15:43:00,970,970,970,970,0
2022-08-01 15:44:00,970,970,970,970,0
2022-08-01 15:45:00,970,970,970,970,0
2022-08-01 15:46:00,970,970,970,970,0
2022-08-01 15:47:00,970,970,970,970,0
2022-08-01 15:48:00,970,970,970,970,0
2022-08-01 15:49:00,970,970,970,970,0
2022-08-01 15:50:00,970,970,970,970,0
2022-08-01 15:51:00,970,970,970,970,0
2022-08-01 15:52:00,970,970,970,970,0
2022-08-01 15:53:00,970,970,970,970,0
2022-08-01 15:54:00,970,970,970,970,0
2022-08-01 15:55:00,970,970,970,970,0
2022-08-01 15:56:00,970,970,970,970,0
2022-08-01 15:57:00,970,970,970,970,0
2022-08-01 15:58:00,970,970,970,970,0
2022-08-01 15:59:00,970,970,970,970,0
2022-08-02 09:00:00,970,960,970,960,645600
2022-08-02 09:01:00,965,950,965,960,614600
2022-08-02 09:02:00,955,950,960,960,198000
2022-08-02 09:03:00,955,950,960,960,357000
2022-08-02 09:04:00,960,960,960,960,23700
2022-08-02 09:05:00,960,960,965,965,234500
2022-08-02 09:06:00,965,965,970,965,1129200
2022-08-02 09:07:00,965,965,970,965,560400
2022-08-02 09:08:00,965,960,965,965,358800
2022-08-02 09:09:00,965,955,965,955,64500
2022-08-02 09:10:00,955,955,960,960,248000
2022-08-02 09:11:00,955,955,960,955,24700
2022-08-02 09:12:00,955,955,960,955,133000
2022-08-02 09:13:00,955,950,960,955,309800
2022-08-02 09:14:00,955,945,955,950,509900
2022-08-02 09:15:00,950,950,955,955,389400
2022-08-02 09:16:00,960,955,960,960,20800
2022-08-02 09:17:00,960,955,960,955,26100
2022-08-02 09:18:00,955,955,960,960,54600
2022-08-02 09:19:00,960,960,960,960,0
2022-08-02 09:20:00,960,960,960,960,2200
2022-08-02 09:21:00,960,955,960,960,4300
2022-08-02 09:22:00,960,955,960,955,125000
2022-08-02 09:23:00,955,950,955,950,220000
2022-08-02 09:24:00,950,950,950,950,5500
2022-08-02 09:25:00,950,950,955,950,251500
2022-08-02 09:26:00,950,950,955,955,137500
2022-08-02 09:27:00,955,955,955,955,8200
2022-08-02 09:28:00,955,955,960,960,330000
2022-08-02 09:29:00,955,955,965,965,144000
2022-08-02 09:30:00,965,960,965,965,93600
2022-08-02 09:31:00,970,965,980,980,1984600
2022-08-02 09:32:00,980,970,980,980,1415500
2022-08-02 09:33:00,975,975,980,975,355800
2022-08-02 09:34:00,975,970,975,970,139200
2022-08-02 09:35:00,970,970,975,970,573300
2022-08-02 09:36:00,975,970,975,975,49500
2022-08-02 09:37:00,970,970,970,970,417100
2022-08-02 09:38:00,970,965,970,970,92100
2022-08-02 09:39:00,965,965,970,970,188900
2022-08-02 09:40:00,975,975,980,980,406600
2022-08-02 09:41:00,980,975,980,980,17900
2022-08-02 09:42:00,980,975,985,980,2075000
2022-08-02 09:43:00,980,980,980,980,215400
2022-08-02 09:44:00,980,980,985,980,173300
2022-08-02 09:45:00,985,980,985,985,115300
2022-08-02 09:46:00,980,980,985,985,114400
2022-08-02 09:47:00,985,980,985,985,80900
2022-08-02 09:48:00,980,980,985,985,1186100
2022-08-02 09:49:00,985,985,995,995,2070100
2022-08-02 09:50:00,995,990,995,990,190900
2022-08-02 09:51:00,995,990,995,990,656900
2022-08-02 09:52:00,990,990,995,990,137200
2022-08-02 09:53:00,995,990,995,990,1355900
2022-08-02 09:54:00,990,985,990,985,117200
2022-08-02 09:55:00,990,985,990,990,36200
2022-08-02 09:56:00,990,985,995,990,433900
2022-08-02 09:57:00,990,990,995,990,1039200
2022-08-02 09:58:00,995,990,995,995,19000
2022-08-02 09:59:00,995,995,1000,1000,2373600
2022-08-02 10:00:00,1000,995,1000,1000,6128500
2022-08-02 10:01:00,1000,990,1000,995,1715900
2022-08-02 10:02:00,995,990,1000,995,2017800
2022-08-02 10:03:00,995,995,1000,995,493100
2022-08-02 10:04:00,995,990,995,995,43300
2022-08-02 10:05:00,995,990,995,990,228700
2022-08-02 10:06:00,990,985,990,985,73500
2022-08-02 10:07:00,985,985,990,985,15600
2022-08-02 10:08:00,985,985,990,990,119400
2022-08-02 10:09:00,990,985,995,990,107600
2022-08-02 10:10:00,990,990,995,990,81000
2022-08-02 10:11:00,990,990,995,995,89500
2022-08-02 10:12:00,995,990,995,990,769800
2022-08-02 10:13:00,990,990,990,990,427200
2022-08-02 10:14:00,990,985,990,990,169700
2022-08-02 10:15:00,990,985,995,995,20576300
2022-08-02 10:16:00,995,995,1000,995,1519100
2022-08-02 10:17:00,1000,995,1000,1000,155000
2022-08-02 10:18:00,1000,995,1000,1000,185700
2022-08-02 10:19:00,1000,990,1000,990,856700
2022-08-02 10:20:00,995,985,995,990,808700
2022-08-02 10:21:00,990,985,990,990,35200
2022-08-02 10:22:00,990,990,990,990,223800
2022-08-02 10:23:00,990,990,990,990,25800
2022-08-02 10:24:00,985,975,985,975,2246300
2022-08-02 10:25:00,975,975,980,975,355200
2022-08-02 10:26:00,975,970,980,975,407300
2022-08-02 10:27:00,975,970,975,975,155000
2022-08-02 10:28:00,975,970,975,975,385800
2022-08-02 10:29:00,975,975,975,975,624200
2022-08-02 10:30:00,975,970,980,975,195400
2022-08-02 10:31:00,975,970,975,975,70000
2022-08-02 10:32:00,970,965,975,965,1764000
2022-08-02 10:33:00,965,965,970,965,621000
2022-08-02 10:34:00,960,960,965,965,407700
2022-08-02 10:35:00,960,960,965,965,242800
2022-08-02 10:36:00,965,960,965,965,544500
2022-08-02 10:37:00,970,965,970,965,142400
2022-08-02 10:38:00,965,965,965,965,45000
2022-08-02 10:39:00,965,965,970,970,1400
2022-08-02 10:40:00,965,965,970,970,31300
2022-08-02 10:41:00,970,970,970,970,5500
2022-08-02 10:42:00,965,965,970,970,38900
2022-08-02 10:43:00,965,965,970,970,75300
2022-08-02 10:44:00,970,960,970,960,730700
2022-08-02 10:45:00,965,960,965,960,48800
2022-08-02 10:46:00,960,960,970,970,241100
2022-08-02 10:47:00,970,970,970,970,6100
2022-08-02 10:48:00,970,965,970,970,107800
2022-08-02 10:49:00,970,965,970,965,26200
2022-08-02 10:50:00,970,970,975,975,523200
2022-08-02 10:51:00,975,970,975,970,402800
2022-08-02 10:52:00,970,960,970,960,3186300
2022-08-02 10:53:00,960,950,960,955,2643500
2022-08-02 10:54:00,955,955,955,955,229200
2022-08-02 10:55:00,955,955,960,960,76600
2022-08-02 10:56:00,960,960,960,960,16700
2022-08-02 10:57:00,960,955,960,960,16300
2022-08-02 10:58:00,960,955,960,960,17500
2022-08-02 10:59:00,960,955,960,960,86800
2022-08-02 11:00:00,960,955,960,955,5600
2022-08-02 11:01:00,955,950,960,960,973600
2022-08-02 11:02:00,955,955,960,955,492700
2022-08-02 11:03:00,955,950,955,955,196200
2022-08-02 11:04:00,955,955,960,960,23800
2022-08-02 11:05:00,960,955,960,960,134000
2022-08-02 11:06:00,960,960,960,960,0
2022-08-02 11:07:00,960,955,960,960,16700
2022-08-02 11:08:00,960,960,960,960,185500
2022-08-02 11:09:00,960,960,960,960,0
2022-08-02 11:10:00,965,965,965,965,18800
2022-08-02 11:11:00,965,960,965,960,0
2022-08-02 11:12:00,960,960,965,965,34700
2022-08-02 11:13:00,965,960,965,960,35300
2022-08-02 11:14:00,965,960,965,960,6400
2022-08-02 11:15:00,960,960,960,960,64500
2022-08-02 11:16:00,965,960,965,960,24800
2022-08-02 11:17:00,960,955,960,955,855700
2022-08-02 11:18:00,955,955,960,960,24100
2022-08-02 11:19:00,960,955,960,955,15100
2022-08-02 11:20:00,955,955,960,960,20100
2022-08-02 11:21:00,960,955,960,960,367600
2022-08-02 11:22:00,960,960,960,960,0
2022-08-02 11:23:00,960,960,960,960,16900
2022-08-02 11:24:00,960,960,965,960,200
2022-08-02 11:25:00,960,960,965,960,15400
2022-08-02 11:26:00,960,960,960,960,4800
2022-08-02 11:27:00,960,955,960,955,39400
2022-08-02 11:28:00,955,955,960,960,32600
2022-08-02 11:29:00,955,955,955,955,8100
2022-08-02 11:30:00,955,955,955,955,0
2022-08-02 11:31:00,955,955,955,955,0
2022-08-02 11:32:00,955,955,955,955,0
2022-08-02 11:33:00,955,955,955,955,0
2022-08-02 11:34:00,955,955,955,955,0
2022-08-02 11:35:00,955,955,955,955,0
2022-08-02 11:36:00,955,955,955,955,0
2022-08-02 11:37:00,955,955,955,955,0
2022-08-02 11:38:00,955,955,955,955,0
2022-08-02 11:39:00,955,955,955,955,0
2022-08-02 11:40:00,955,955,955,955,0
2022-08-02 11:41:00,955,955,955,955,0
2022-08-02 11:42:00,955,955,955,955,0
2022-08-02 11:43:00,955,955,955,955,0
2022-08-02 11:44:00,955,955,955,955,0
2022-08-02 11:45:00,955,955,955,955,0
2022-08-02 11:46:00,955,955,955,955,0
2022-08-02 11:47:00,955,955,955,955,0
2022-08-02 11:48:00,955,955,955,955,0
2022-08-02 11:49:00,955,955,955,955,0
2022-08-02 11:50:00,955,955,955,955,0
2022-08-02 11:51:00,955,955,955,955,0
2022-08-02 11:52:00,955,955,955,955,0
2022-08-02 11:53:00,955,955,955,955,0
2022-08-02 11:54:00,955,955,955,955,0
2022-08-02 11:55:00,955,955,955,955,0
2022-08-02 11:56:00,955,955,955,955,0
2022-08-02 11:57:00,955,955,955,955,0
2022-08-02 11:58:00,955,955,955,955,0
2022-08-02 11:59:00,955,955,955,955,0
2022-08-02 12:00:00,955,955,955,955,0
2022-08-02 12:01:00,955,955,955,955,0
2022-08-02 12:02:00,955,955,955,955,0
2022-08-02 12:03:00,955,955,955,955,0
2022-08-02 12:04:00,955,955,955,955,0
2022-08-02 12:05:00,955,955,955,955,0
2022-08-02 12:06:00,955,955,955,955,0
2022-08-02 12:07:00,955,955,955,955,0
2022-08-02 12:08:00,955,955,955,955,0
2022-08-02 12:09:00,955,955,955,955,0
2022-08-02 12:10:00,955,955,955,955,0
2022-08-02 12:11:00,955,955,955,955,0
2022-08-02 12:12:00,955,955,955,955,0
2022-08-02 12:13:00,955,955,955,955,0
2022-08-02 12:14:00,955,955,955,955,0
2022-08-02 12:15:00,955,955,955,955,0
2022-08-02 12:16:00,955,955,955,955,0
2022-08-02 12:17:00,955,955,955,955,0
2022-08-02 12:18:00,955,955,955,955,0
2022-08-02 12:19:00,955,955,955,955,0
2022-08-02 12:20:00,955,955,955,955,0
2022-08-02 12:21:00,955,955,955,955,0
2022-08-02 12:22:00,955,955,955,955,0
2022-08-02 12:23:00,955,955,955,955,0
2022-08-02 12:24:00,955,955,955,955,0
2022-08-02 12:25:00,955,955,955,955,0
2022-08-02 12:26:00,955,955,955,955,0
2022-08-02 12:27:00,955,955,955,955,0
2022-08-02 12:28:00,955,955,955,955,0
2022-08-02 12:29:00,955,955,955,955,0
2022-08-02 12:30:00,955,955,955,955,0
2022-08-02 12:31:00,955,955,955,955,0
2022-08-02 12:32:00,955,955,955,955,0
2022-08-02 12:33:00,955,955,955,955,0
2022-08-02 12:34:00,955,955,955,955,0
2022-08-02 12:35:00,955,955,955,955,0
2022-08-02 12:36:00,955,955,955,955,0
2022-08-02 12:37:00,955,955,955,955,0
2022-08-02 12:38:00,955,955,955,955,0
2022-08-02 12:39:00,955,955,955,955,0
2022-08-02 12:40:00,955,955,955,955,0
2022-08-02 12:41:00,955,955,955,955,0
2022-08-02 12:42:00,955,955,955,955,0
2022-08-02 12:43:00,955,955,955,955,0
2022-08-02 12:44:00,955,955,955,955,0
2022-08-02 12:45:00,955,955,955,955,0
2022-08-02 12:46:00,955,955,955,955,0
2022-08-02 12:47:00,955,955,955,955,0
2022-08-02 12:48:00,955,955,955,955,0
2022-08-02 12:49:00,955,955,955,955,0
2022-08-02 12:50:00,955,955,955,955,0
2022-08-02 12:51:00,955,955,955,955,0
2022-08-02 12:52:00,955,955,955,955,0
2022-08-02 12:53:00,955,955,955,955,0
2022-08-02 12:54:00,955,955,955,955,0
2022-08-02 12:55:00,955,955,955,955,0
2022-08-02 12:56:00,955,955,955,955,0
2022-08-02 12:57:00,955,955,955,955,0
2022-08-02 12:58:00,955,955,955,955,0
2022-08-02 12:59:00,955,955,955,955,0
2022-08-02 13:00:00,955,955,955,955,0
2022-08-02 13:01:00,955,955,955,955,0
2022-08-02 13:02:00,955,955,955,955,0
2022-08-02 13:03:00,955,955,955,955,0
2022-08-02 13:04:00,955,955,955,955,0
2022-08-02 13:05:00,955,955,955,955,0
2022-08-02 13:06:00,955,955,955,955,0
2022-08-02 13:07:00,955,955,955,955,0
2022-08-02 13:08:00,955,955,955,955,0
2022-08-02 13:09:00,955,955,955,955,0
2022-08-02 13:10:00,955,955,955,955,0
2022-08-02 13:11:00,955,955,955,955,0
2022-08-02 13:12:00,955,955,955,955,0
2022-08-02 13:13:00,955,955,955,955,0
2022-08-02 13:14:00,955,955,955,955,0
2022-08-02 13:15:00,955,955,955,955,0
2022-08-02 13:16:00,955,955,955,955,0
2022-08-02 13:17:00,955,955,955,955,0
2022-08-02 13:18:00,955,955,955,955,0
2022-08-02 13:19:00,955,955,955,955,0
2022-08-02 13:20:00,955,955,955,955,0
2022-08-02 13:21:00,955,955,955,955,0
2022-08-02 13:22:00,955,955,955,955,0
2022-08-02 13:23:00,955,955,955,955,0
2022-08-02 13:24:00,955,955,955,955,0
2022-08-02 13:25:00,955,955,955,955,0
2022-08-02 13:26:00,955,955,955,955,0
2022-08-02 13:27:00,955,955,955,955,0
2022-08-02 13:28:00,955,955,955,955,0
2022-08-02 13:29:00,955,955,955,955,0
2022-08-02 13:30:00,960,955,960,960,534500
2022-08-02 13:31:00,960,955,960,955,402800
2022-08-02 13:32:00,955,955,960,955,48900
2022-08-02 13:33:00,955,955,960,960,88300
2022-08-02 13:34:00,960,955,960,960,16200
2022-08-02 13:35:00,960,955,960,960,35500
2022-08-02 13:36:00,955,955,960,955,20300
2022-08-02 13:37:00,960,960,960,960,264700
2022-08-02 13:38:00,965,965,965,965,9200
2022-08-02 13:39:00,965,965,965,965,43800
2022-08-02 13:40:00,965,960,965,965,4600
2022-08-02 13:41:00,965,960,965,965,12200
2022-08-02 13:42:00,960,960,970,970,519400
2022-08-02 13:43:00,965,965,970,970,0
2022-08-02 13:44:00,970,965,970,970,1000
2022-08-02 13:45:00,970,970,970,970,11600
2022-08-02 13:46:00,970,970,975,970,501600
2022-08-02 13:47:00,970,965,970,965,241600
2022-08-02 13:48:00,975,970,975,970,3800
2022-08-02 13:49:00,970,965,970,970,122300
2022-08-02 13:50:00,970,965,970,965,9800
2022-08-02 13:51:00,970,965,970,965,7900
2022-08-02 13:52:00,965,965,970,970,63700
2022-08-02 13:53:00,970,965,970,970,52800
2022-08-02 13:54:00,970,970,970,970,0
2022-08-02 13:55:00,970,970,970,970,189700
2022-08-02 13:56:00,970,970,975,975,687500
2022-08-02 13:57:00,975,970,975,970,0
2022-08-02 13:58:00,970,970,975,975,46100
2022-08-02 13:59:00,975,975,985,980,2097200
2022-08-02 14:00:00,980,980,985,980,1101100
2022-08-02 14:01:00,975,975,985,980,718500
2022-08-02 14:02:00,980,975,980,980,780900
2022-08-02 14:03:00,980,980,990,985,3141600
2022-08-02 14:04:00,985,985,990,990,450100
2022-08-02 14:05:00,985,980,985,980,615700
2022-08-02 14:06:00,985,985,985,985,400
2022-08-02 14:07:00,980,980,985,980,86300
2022-08-02 14:08:00,985,980,985,980,33000
2022-08-02 14:09:00,980,980,985,985,21800
2022-08-02 14:10:00,980,980,985,985,17000
2022-08-02 14:11:00,980,980,985,980,6000
2022-08-02 14:12:00,980,980,990,985,1250100
2022-08-02 14:13:00,985,985,985,985,100500
2022-08-02 14:14:00,985,985,985,985,35400
2022-08-02 14:15:00,985,985,985,985,27500
2022-08-02 14:16:00,985,980,985,980,5400
2022-08-02 14:17:00,980,980,985,985,20000
2022-08-02 14:18:00,985,985,985,985,46200
2022-08-02 14:19:00,985,985,985,985,282500
2022-08-02 14:20:00,985,985,985,985,114500
2022-08-02 14:21:00,985,980,985,980,0
2022-08-02 14:22:00,980,980,985,980,149000
2022-08-02 14:23:00,985,980,985,980,13400
2022-08-02 14:24:00,980,980,985,985,22400
2022-08-02 14:25:00,985,980,985,985,27900
2022-08-02 14:26:00,985,980,985,985,84900
2022-08-02 14:27:00,985,985,985,985,536100
2022-08-02 14:28:00,985,985,990,985,99900
2022-08-02 14:29:00,985,985,985,985,33700
2022-08-02 14:30:00,985,985,985,985,86900
2022-08-02 14:31:00,985,985,990,985,122200
2022-08-02 14:32:00,990,985,990,990,0
2022-08-02 14:33:00,985,985,990,990,2191800
2022-08-02 14:34:00,990,990,995,990,375200
2022-08-02 14:35:00,990,985,990,985,265900
2022-08-02 14:36:00,985,985,990,990,5300
2022-08-02 14:37:00,985,985,990,985,304700
2022-08-02 14:38:00,990,985,1005,1000,22527400
2022-08-02 14:39:00,1005,995,1010,1000,3951100
2022-08-02 14:40:00,1000,995,1005,1000,1027900
2022-08-02 14:41:00,1005,1000,1005,1005,1878900
2022-08-02 14:42:00,1005,1000,1010,1005,824800
2022-08-02 14:43:00,1005,1000,1010,1005,485600
2022-08-02 14:44:00,1010,1005,1010,1010,1506700
2022-08-02 14:45:00,1010,1005,1015,1010,834200
2022-08-02 14:46:00,1010,995,1010,1000,2870300
2022-08-02 14:47:00,1000,1000,1005,1000,2081700
2022-08-02 14:48:00,1005,1000,1005,1005,226100
2022-08-02 14:49:00,1005,1000,1005,1005,2406500
2022-08-02 14:50:00,1005,1000,1005,1005,0
2022-08-02 14:51:00,1005,1000,1005,1005,0
2022-08-02 14:52:00,1005,1000,1005,1005,0
2022-08-02 14:53:00,1005,1000,1005,1005,0
2022-08-02 14:54:00,1005,1000,1005,1005,0
2022-08-02 14:55:00,1005,1000,1005,1005,0
2022-08-02 14:56:00,1005,1000,1005,1005,0
2022-08-02 14:57:00,1005,1000,1005,1005,0
2022-08-02 14:58:00,1005,1000,1005,1005,0
2022-08-02 14:59:00,1005,1000,1005,1005,0
2022-08-02 15:00:00,1000,1000,1000,1000,4531600
2022-08-02 15:01:00,1000,1000,1000,1000,189300
2022-08-02 15:02:00,1000,1000,1000,1000,89000
2022-08-02 15:03:00,1000,1000,1000,1000,17800
2022-08-02 15:04:00,1000,1000,1000,1000,11000
2022-08-02 15:05:00,1000,1000,1000,1000,157300
2022-08-02 15:06:00,1000,1000,1000,1000,46500
2022-08-02 15:07:00,1000,1000,1000,1000,6400
2022-08-02 15:08:00,1000,1000,1000,1000,51500
2022-08-02 15:09:00,1000,1000,1000,1000,17000
2022-08-02 15:10:00,1000,1000,1000,1000,56400
2022-08-02 15:11:00,1000,1000,1000,1000,482000
2022-08-02 15:12:00,1000,1000,1000,1000,2100
2022-08-02 15:13:00,1000,1000,1000,1000,100
2022-08-02 15:14:00,1000,1000,1000,1000,0
2022-08-02 15:15:00,1000,1000,1000,1000,0
2022-08-02 15:16:00,1000,1000,1000,1000,0
2022-08-02 15:17:00,1000,1000,1000,1000,0
2022-08-02 15:18:00,1000,1000,1000,1000,0
2022-08-02 15:19:00,1000,1000,1000,1000,0
2022-08-02 15:20:00,1000,1000,1000,1000,0
2022-08-02 15:21:00,1000,1000,1000,1000,0
2022-08-02 15:22:00,1000,1000,1000,1000,0
2022-08-02 15:23:00,1000,1000,1000,1000,0
2022-08-02 15:24:00,1000,1000,1000,1000,0
2022-08-02 15:25:00,1000,1000,1000,1000,0
2022-08-02 15:26:00,1000,1000,1000,1000,0
2022-08-02 15:27:00,1000,1000,1000,1000,0
2022-08-02 15:28:00,1000,1000,1000,1000,0
2022-08-02 15:29:00,1000,1000,1000,1000,0
2022-08-02 15:30:00,1000,1000,1000,1000,0
2022-08-02 15:31:00,1000,1000,1000,1000,0
2022-08-02 15:32:00,1000,1000,1000,1000,0
2022-08-02 15:33:00,1000,1000,1000,1000,0
2022-08-02 15:34:00,1000,1000,1000,1000,0
2022-08-02 15:35:00,1000,1000,1000,1000,0
2022-08-02 15:36:00,1000,1000,1000,1000,0
2022-08-02 15:37:00,1000,1000,1000,1000,0
2022-08-02 15:38:00,1000,1000,1000,1000,0
2022-08-02 15:39:00,1000,1000,1000,1000,0
2022-08-02 15:40:00,1000,1000,1000,1000,0
2022-08-02 15:41:00,1000,1000,1000,1000,0
2022-08-02 15:42:00,1000,1000,1000,1000,0
2022-08-02 15:43:00,1000,1000,1000,1000,0
2022-08-02 15:44:00,1000,1000,1000,1000,0
2022-08-02 15:45:00,1000,1000,1000,1000,0
2022-08-02 15:46:00,1000,1000,1000,1000,0
2022-08-02 15:47:00,1000,1000,1000,1000,0
2022-08-02 15:48:00,1000,1000,1000,1000,0
2022-08-02 15:49:00,1000,1000,1000,1000,0
2022-08-02 15:50:00,1000,1000,1000,1000,0
2022-08-02 15:51:00,1000,1000,1000,1000,0
2022-08-02 15:52:00,1000,1000,1000,1000,0
2022-08-02 15:53:00,1000,1000,1000,1000,0
2022-08-02 15:54:00,1000,1000,1000,1000,0
2022-08-02 15:55:00,1000,1000,1000,1000,0
2022-08-02 15:56:00,1000,1000,1000,1000,0
2022-08-02 15:57:00,1000,1000,1000,1000,0
2022-08-02 15:58:00,1000,1000,1000,1000,0
2022-08-02 15:59:00,1000,1000,1000,1000,0
2022-08-03 09:00:00,1000,985,1000,990,499900
2022-08-03 09:01:00,990,980,990,980,218100
2022-08-03 09:02:00,985,975,995,995,979300
2022-08-03 09:03:00,995,990,1000,995,1718400
2022-08-03 09:04:00,995,995,1000,995,0
2022-08-03 09:05:00,995,995,1000,1000,1151000
2022-08-03 09:06:00,1000,1000,1015,1015,1683900
2022-08-03 09:07:00,1015,1005,1020,1010,1463400
2022-08-03 09:08:00,1010,1010,1015,1010,363700
2022-08-03 09:09:00,1010,1000,1015,1005,625800
2022-08-03 09:10:00,1005,1005,1005,1005,252000
2022-08-03 09:11:00,1005,1000,1005,1005,77000
2022-08-03 09:12:00,1005,1000,1005,1005,117600
2022-08-03 09:13:00,1005,1000,1005,1005,214500
2022-08-03 09:14:00,1005,1005,1010,1005,229400
2022-08-03 09:15:00,1010,1010,1015,1010,367700
2022-08-03 09:16:00,1010,1005,1010,1010,69600
2022-08-03 09:17:00,1010,1005,1010,1005,221100
2022-08-03 09:18:00,1005,1005,1005,1005,3800
2022-08-03 09:19:00,1010,1010,1010,1010,570300
2022-08-03 09:20:00,1010,1010,1015,1010,19400
2022-08-03 09:21:00,1015,1015,1020,1015,1076900
2022-08-03 09:22:00,1015,1010,1015,1010,170200
2022-08-03 09:23:00,1010,1010,1015,1010,366800
2022-08-03 09:24:00,1010,1010,1010,1010,130100
2022-08-03 09:25:00,1010,1010,1015,1010,19200
2022-08-03 09:26:00,1015,1010,1015,1010,16200
2022-08-03 09:27:00,1015,1010,1025,1025,1138000
2022-08-03 09:28:00,1025,1020,1030,1025,1315500
2022-08-03 09:29:00,1030,1025,1030,1030,1275200
2022-08-03 09:30:00,1025,1025,1030,1030,608800
2022-08-03 09:31:00,1025,1025,1030,1025,551200
2022-08-03 09:32:00,1030,1025,1030,1025,211900
2022-08-03 09:33:00,1025,1020,1025,1020,216200
2022-08-03 09:34:00,1025,1020,1030,1030,422500
2022-08-03 09:35:00,1025,1025,1030,1025,246900
2022-08-03 09:36:00,1025,1025,1030,1030,60400
2022-08-03 09:37:00,1030,1030,1035,1035,758000
2022-08-03 09:38:00,1035,1030,1040,1040,881300
2022-08-03 09:39:00,1040,1035,1040,1035,107000
2022-08-03 09:40:00,1035,1025,1035,1030,273300
2022-08-03 09:41:00,1030,1025,1030,1030,401300
2022-08-03 09:42:00,1030,1025,1030,1030,244600
2022-08-03 09:43:00,1025,1025,1030,1030,70800
2022-08-03 09:44:00,1030,1025,1030,1030,22600
2022-08-03 09:45:00,1030,1025,1030,1030,66400
2022-08-03 09:46:00,1025,1025,1030,1030,115600
2022-08-03 09:47:00,1030,1025,1030,1030,108200
2022-08-03 09:48:00,1030,1030,1040,1035,1386000
2022-08-03 09:49:00,1040,1030,1040,1035,1537900
2022-08-03 09:50:00,1035,1030,1035,1035,531700
2022-08-03 09:51:00,1035,1030,1035,1030,909400
2022-08-03 09:52:00,1030,1030,1035,1035,192400
2022-08-03 09:53:00,1030,1030,1035,1030,124900
2022-08-03 09:54:00,1030,1030,1030,1030,546700
2022-08-03 09:55:00,1030,1025,1030,1030,92800
2022-08-03 09:56:00,1030,1020,1030,1025,1078500
2022-08-03 09:57:00,1025,1020,1025,1020,14800
2022-08-03 09:58:00,1020,1020,1025,1020,78600
2022-08-03 09:59:00,1020,1020,1025,1020,70800
2022-08-03 10:00:00,1020,1020,1025,1025,3700
2022-08-03 10:01:00,1025,1020,1030,1025,538500
2022-08-03 10:02:00,1030,1025,1030,1025,32800
2022-08-03 10:03:00,1020,1020,1025,1025,215700
2022-08-03 10:04:00,1025,1025,1025,1025,36900
2022-08-03 10:05:00,1025,1025,1030,1030,494200
2022-08-03 10:06:00,1030,1025,1030,1030,0
2022-08-03 10:07:00,1030,1025,1030,1030,85000
2022-08-03 10:08:00,1030,1025,1030,1025,0
2022-08-03 10:09:00,1025,1025,1030,1030,6700
2022-08-03 10:10:00,1030,1025,1030,1030,81400
2022-08-03 10:11:00,1025,1025,1030,1030,79500
2022-08-03 10:12:00,1030,1030,1030,1030,265300
2022-08-03 10:13:00,1030,1025,1030,1025,761600
2022-08-03 10:14:00,1025,1025,1025,1025,24500
2022-08-03 10:15:00,1025,1025,1025,1025,292200
2022-08-03 10:16:00,1025,1025,1030,1025,0
2022-08-03 10:17:00,1025,1025,1030,1030,12900
2022-08-03 10:18:00,1025,1025,1030,1030,111500
2022-08-03 10:19:00,1025,1025,1025,1025,4400
2022-08-03 10:20:00,1025,1020,1025,1025,14700
2022-08-03 10:21:00,1025,1020,1025,1025,150600
2022-08-03 10:22:00,1020,1020,1025,1020,8800
2022-08-03 10:23:00,1020,1020,1025,1025,17300
2022-08-03 10:24:00,1025,1025,1025,1025,200
2022-08-03 10:25:00,1025,1020,1025,1025,52000
2022-08-03 10:26:00,1020,1020,1025,1025,19300
2022-08-03 10:27:00,1025,1025,1025,1025,600
2022-08-03 10:28:00,1025,1020,1025,1025,28300
2022-08-03 10:29:00,1020,1020,1025,1025,0
2022-08-03 10:30:00,1025,1025,1025,1025,39700
2022-08-03 10:31:00,1025,1025,1025,1025,94700
2022-08-03 10:32:00,1025,1025,1025,1025,0
2022-08-03 10:33:00,1025,1025,1025,1025,100
2022-08-03 10:34:00,1025,1020,1025,1020,258200
2022-08-03 10:35:00,1020,1015,1020,1020,1003700
2022-08-03 10:36:00,1020,1020,1020,1020,42200
2022-08-03 10:37:00,1020,1020,1020,1020,6700
2022-08-03 10:38:00,1020,1015,1020,1015,4100
2022-08-03 10:39:00,1020,1020,1025,1020,155100
2022-08-03 10:40:00,1025,1025,1025,1025,500
2022-08-03 10:41:00,1025,1020,1025,1025,4800
2022-08-03 10:42:00,1020,1020,1025,1020,235200
2022-08-03 10:43:00,1020,1020,1020,1020,43700
2022-08-03 10:44:00,1020,1020,1020,1020,12200
2022-08-03 10:45:00,1020,1020,1020,1020,6100
2022-08-03 10:46:00,1020,1020,1020,1020,27700
2022-08-03 10:47:00,1020,1020,1020,1020,33600
2022-08-03 10:48:00,1020,1015,1020,1020,163600
2022-08-03 10:49:00,1020,1020,1020,1020,18100
2022-08-03 10:50:00,1020,1020,1020,1020,101700
2022-08-03 10:51:00,1020,1020,1020,1020,12800
2022-08-03 10:52:00,1020,1020,1020,1020,172200
2022-08-03 10:53:00,1020,1020,1025,1020,13700
2022-08-03 10:54:00,1025,1020,1025,1025,24100
2022-08-03 10:55:00,1025,1025,1025,1025,26300
2022-08-03 10:56:00,1025,1025,1025,1025,0
2022-08-03 10:57:00,1025,1025,1025,1025,200
2022-08-03 10:58:00,1020,1020,1025,1025,196900
2022-08-03 10:59:00,1025,1025,1025,1025,18900
2022-08-03 11:00:00,1020,1020,1020,1020,239900
2022-08-03 11:01:00,1020,1020,1020,1020,63900
2022-08-03 11:02:00,1020,1015,1020,1015,13500
2022-08-03 11:03:00,1015,1015,1020,1020,306300
2022-08-03 11:04:00,1020,1020,1020,1020,800
2022-08-03 11:05:00,1020,1020,1020,1020,13300
2022-08-03 11:06:00,1020,1020,1020,1020,1100
2022-08-03 11:07:00,1020,1020,1020,1020,25700
2022-08-03 11:08:00,1020,1020,1020,1020,193300
2022-08-03 11:09:00,1020,1020,1025,1025,5600
2022-08-03 11:10:00,1025,1020,1025,1020,700
2022-08-03 11:11:00,1020,1020,1025,1025,600
2022-08-03 11:12:00,1020,1020,1020,1020,700
2022-08-03 11:13:00,1020,1020,1025,1020,40300
2022-08-03 11:14:00,1020,1020,1020,1020,44500
2022-08-03 11:15:00,1020,1020,1020,1020,51000
2022-08-03 11:16:00,1020,1020,1020,1020,22800
2022-08-03 11:17:00,1020,1020,1020,1020,73700
2022-08-03 11:18:00,1020,1015,1020,1015,2561600
2022-08-03 11:19:00,1020,1015,1020,1015,0
2022-08-03 11:20:00,1015,1015,1015,1015,7200
2022-08-03 11:21:00,1015,1015,1015,1015,0
2022-08-03 11:22:00,1020,1015,1020,1020,27500
2022-08-03 11:23:00,1020,1020,1020,1020,49400
2022-08-03 11:24:00,1020,1015,1020,1015,0
2022-08-03 11:25:00,1020,1015,1020,1020,173500
2022-08-03 11:26:00,1015,1015,1015,1015,4000
2022-08-03 11:27:00,1015,1015,1020,1020,41700
2022-08-03 11:28:00,1015,1015,1020,1020,0
2022-08-03 11:29:00,1015,1015,1020,1015,5000
2022-08-03 11:30:00,1015,1015,1020,1015,0
2022-08-03 11:31:00,1015,1015,1020,1015,0
2022-08-03 11:32:00,1015,1015,1020,1015,0
2022-08-03 11:33:00,1015,1015,1020,1015,0
2022-08-03 11:34:00,1015,1015,1020,1015,0
2022-08-03 11:35:00,1015,1015,1020,1015,0
2022-08-03 11:36:00,1015,1015,1020,1015,0
2022-08-03 11:37:00,1015,1015,1020,1015,0
2022-08-03 11:38:00,1015,1015,1020,1015,0
2022-08-03 11:39:00,1015,1015,1020,1015,0
2022-08-03 11:40:00,1015,1015,1020,1015,0
2022-08-03 11:41:00,1015,1015,1020,1015,0
2022-08-03 11:42:00,1015,1015,1020,1015,0
2022-08-03 11:43:00,1015,1015,1020,1015,0
2022-08-03 11:44:00,1015,1015,1020,1015,0
2022-08-03 11:45:00,1015,1015,1020,1015,0
2022-08-03 11:46:00,1015,1015,1020,1015,0
2022-08-03 11:47:00,1015,1015,1020,1015,0
2022-08-03 11:48:00,1015,1015,1020,1015,0
2022-08-03 11:49:00,1015,1015,1020,1015,0
2022-08-03 11:50:00,1015,1015,1020,1015,0
2022-08-03 11:51:00,1015,1015,1020,1015,0
2022-08-03 11:52:00,1015,1015,1020,1015,0
2022-08-03 11:53:00,1015,1015,1020,1015,0
2022-08-03 11:54:00,1015,1015,1020,1015,0
2022-08-03 11:55:00,1015,1015,1020,1015,0
2022-08-03 11:56:00,1015,1015,1020,1015,0
2022-08-03 11:57:00,1015,1015,1020,1015,0
2022-08-03 11:58:00,1015,1015,1020,1015,0
2022-08-03 11:59:00,1015,1015,1020,1015,0
2022-08-03 12:00:00,1015,1015,1020,1015,0
2022-08-03 12:01:00,1015,1015,1020,1015,0
2022-08-03 12:02:00,1015,1015,1020,1015,0
2022-08-03 12:03:00,1015,1015,1020,1015,0
2022-08-03 12:04:00,1015,1015,1020,1015,0
2022-08-03 12:05:00,1015,1015,1020,1015,0
2022-08-03 12:06:00,1015,1015,1020,1015,0
2022-08-03 12:07:00,1015,1015,1020,1015,0
2022-08-03 12:08:00,1015,1015,1020,1015,0
2022-08-03 12:09:00,1015,1015,1020,1015,0
2022-08-03 12:10:00,1015,1015,1020,1015,0
2022-08-03 12:11:00,1015,1015,1020,1015,0
2022-08-03 12:12:00,1015,1015,1020,1015,0
2022-08-03 12:13:00,1015,1015,1020,1015,0
2022-08-03 12:14:00,1015,1015,1020,1015,0
2022-08-03 12:15:00,1015,1015,1020,1015,0
2022-08-03 12:16:00,1015,1015,1020,1015,0
2022-08-03 12:17:00,1015,1015,1020,1015,0
2022-08-03 12:18:00,1015,1015,1020,1015,0
2022-08-03 12:19:00,1015,1015,1020,1015,0
2022-08-03 12:20:00,1015,1015,1020,1015,0
2022-08-03 12:21:00,1015,1015,1020,1015,0
2022-08-03 12:22:00,1015,1015,1020,1015,0
2022-08-03 12:23:00,1015,1015,1020,1015,0
2022-08-03 12:24:00,1015,1015,1020,1015,0
2022-08-03 12:25:00,1015,1015,1020,1015,0
2022-08-03 12:26:00,1015,1015,1020,1015,0
2022-08-03 12:27:00,1015,1015,1020,1015,0
2022-08-03 12:28:00,1015,1015,1020,1015,0
2022-08-03 12:29:00,1015,1015,1020,1015,0
2022-08-03 12:30:00,1015,1015,1020,1015,0
2022-08-03 12:31:00,1015,1015,1020,1015,0
2022-08-03 12:32:00,1015,1015,1020,1015,0
2022-08-03 12:33:00,1015,1015,1020,1015,0
2022-08-03 12:34:00,1015,1015,1020,1015,0
2022-08-03 12:35:00,1015,1015,1020,1015,0
2022-08-03 12:36:00,1015,1015,1020,1015,0
2022-08-03 12:37:00,1015,1015,1020,1015,0
2022-08-03 12:38:00,1015,1015,1020,1015,0
2022-08-03 12:39:00,1015,1015,1020,1015,0
2022-08-03 12:40:00,1015,1015,1020,1015,0
2022-08-03 12:41:00,1015,1015,1020,1015,0
2022-08-03 12:42:00,1015,1015,1020,1015,0
2022-08-03 12:43:00,1015,1015,1020,1015,0
2022-08-03 12:44:00,1015,1015,1020,1015,0
2022-08-03 12:45:00,1015,1015,1020,1015,0
2022-08-03 12:46:00,1015,1015,1020,1015,0
2022-08-03 12:47:00,1015,1015,1020,1015,0
2022-08-03 12:48:00,1015,1015,1020,1015,0
2022-08-03 12:49:00,1015,1015,1020,1015,0
2022-08-03 12:50:00,1015,1015,1020,1015,0
2022-08-03 12:51:00,1015,1015,1020,1015,0
2022-08-03 12:52:00,1015,1015,1020,1015,0
2022-08-03 12:53:00,1015,1015,1020,1015,0
2022-08-03 12:54:00,1015,1015,1020,1015,0
2022-08-03 12:55:00,1015,1015,1020,1015,0
2022-08-03 12:56:00,1015,1015,1020,1015,0
2022-08-03 12:57:00,1015,1015,1020,1015,0
2022-08-03 12:58:00,1015,1015,1020,1015,0
2022-08-03 12:59:00,1015,1015,1020,1015,0
2022-08-03 13:00:00,1015,1015,1020,1015,0
2022-08-03 13:01:00,1015,1015,1020,1015,0
2022-08-03 13:02:00,1015,1015,1020,1015,0
2022-08-03 13:03:00,1015,1015,1020,1015,0
2022-08-03 13:04:00,1015,1015,1020,1015,0
2022-08-03 13:05:00,1015,1015,1020,1015,0
2022-08-03 13:06:00,1015,1015,1020,1015,0
2022-08-03 13:07:00,1015,1015,1020,1015,0
2022-08-03 13:08:00,1015,1015,1020,1015,0
2022-08-03 13:09:00,1015,1015,1020,1015,0
2022-08-03 13:10:00,1015,1015,1020,1015,0
2022-08-03 13:11:00,1015,1015,1020,1015,0
2022-08-03 13:12:00,1015,1015,1020,1015,0
2022-08-03 13:13:00,1015,1015,1020,1015,0
2022-08-03 13:14:00,1015,1015,1020,1015,0
2022-08-03 13:15:00,1015,1015,1020,1015,0
2022-08-03 13:16:00,1015,1015,1020,1015,0
2022-08-03 13:17:00,1015,1015,1020,1015,0
2022-08-03 13:18:00,1015,1015,1020,1015,0
2022-08-03 13:19:00,1015,1015,1020,1015,0
2022-08-03 13:20:00,1015,1015,1020,1015,0
2022-08-03 13:21:00,1015,1015,1020,1015,0
2022-08-03 13:22:00,1015,1015,1020,1015,0
2022-08-03 13:23:00,1015,1015,1020,1015,0
2022-08-03 13:24:00,1015,1015,1020,1015,0
2022-08-03 13:25:00,1015,1015,1020,1015,0
2022-08-03 13:26:00,1015,1015,1020,1015,0
2022-08-03 13:27:00,1015,1015,1020,1015,0
2022-08-03 13:28:00,1015,1015,1020,1015,0
2022-08-03 13:29:00,1015,1015,1020,1015,0
2022-08-03 13:30:00,1015,1015,1020,1015,415100
2022-08-03 13:31:00,1015,1015,1015,1015,2900
2022-08-03 13:32:00,1020,1020,1020,1020,1000
2022-08-03 13:33:00,1020,1015,1020,1015,1100
2022-08-03 13:34:00,1015,1015,1020,1020,54500
2022-08-03 13:35:00,1020,1015,1020,1020,71700
2022-08-03 13:36:00,1020,1020,1020,1020,115800
2022-08-03 13:37:00,1020,1020,1020,1020,23200
2022-08-03 13:38:00,1020,1020,1025,1020,71100
2022-08-03 13:39:00,1020,1020,1020,1020,1300
2022-08-03 13:40:00,1020,1020,1020,1020,47600
2022-08-03 13:41:00,1025,1020,1025,1020,86100
2022-08-03 13:42:00,1020,1015,1020,1020,41300
2022-08-03 13:43:00,1020,1015,1020,1015,0
2022-08-03 13:44:00,1015,1015,1015,1015,20900
2022-08-03 13:45:00,1015,1015,1015,1015,4600
2022-08-03 13:46:00,1015,1015,1015,1015,0
2022-08-03 13:47:00,1020,1020,1020,1020,0
2022-08-03 13:48:00,1020,1015,1020,1015,300
2022-08-03 13:49:00,1020,1015,1020,1020,161400
2022-08-03 13:50:00,1020,1020,1020,1020,0
2022-08-03 13:51:00,1020,1020,1020,1020,20800
2022-08-03 13:52:00,1020,1020,1020,1020,0
2022-08-03 13:53:00,1020,1015,1020,1020,47400
2022-08-03 13:54:00,1020,1015,1020,1015,400
2022-08-03 13:55:00,1020,1015,1020,1015,0
2022-08-03 13:56:00,1020,1015,1020,1015,1300
2022-08-03 13:57:00,1020,1015,1020,1015,0
2022-08-03 13:58:00,1020,1015,1020,1015,0
2022-08-03 13:59:00,1020,1015,1020,1015,0
2022-08-03 14:00:00,1015,1015,1020,1015,34900
2022-08-03 14:01:00,1015,1015,1020,1020,294300
2022-08-03 14:02:00,1020,1020,1025,1025,58100
2022-08-03 14:03:00,1025,1020,1030,1030,517200
2022-08-03 14:04:00,1030,1025,1030,1030,211100
2022-08-03 14:05:00,1025,1025,1025,1025,132700
2022-08-03 14:06:00,1020,1010,1020,1010,2144600
2022-08-03 14:07:00,1010,1010,1015,1010,3191900
2022-08-03 14:08:00,1015,1000,1015,1005,1711300
2022-08-03 14:09:00,1010,1005,1010,1005,27500
2022-08-03 14:10:00,1005,1005,1010,1005,705400
2022-08-03 14:11:00,1000,995,1005,995,1978100
2022-08-03 14:12:00,1000,990,1000,995,1545000
2022-08-03 14:13:00,995,995,1000,995,413200
2022-08-03 14:14:00,995,990,995,995,232100
2022-08-03 14:15:00,995,990,1000,1000,247000
2022-08-03 14:16:00,1000,995,1000,1000,28500
2022-08-03 14:17:00,1000,995,1000,1000,10700
2022-08-03 14:18:00,1000,995,1000,995,108000
2022-08-03 14:19:00,1000,995,1000,995,542900
2022-08-03 14:20:00,1000,1000,1000,1000,0
2022-08-03 14:21:00,1000,995,1000,1000,6300
2022-08-03 14:22:00,1000,995,1000,1000,27100
2022-08-03 14:23:00,1000,995,1000,1000,49000
2022-08-03 14:24:00,1000,995,1000,995,36300
2022-08-03 14:25:00,995,995,1000,1000,0
2022-08-03 14:26:00,1000,1000,1000,1000,7100
2022-08-03 14:27:00,1000,995,1000,995,150500
2022-08-03 14:28:00,995,995,1000,995,56500
2022-08-03 14:29:00,1000,995,1000,1000,47800
2022-08-03 14:30:00,1000,995,1000,995,492000
2022-08-03 14:31:00,995,990,995,995,46400
2022-08-03 14:32:00,995,975,995,975,5679100
2022-08-03 14:33:00,975,975,985,980,1246900
2022-08-03 14:34:00,980,970,980,975,1430800
2022-08-03 14:35:00,975,975,985,980,383400
2022-08-03 14:36:00,980,980,995,995,2253500
2022-08-03 14:37:00,995,990,1005,1000,3747600
2022-08-03 14:38:00,1000,995,1000,995,1201900
2022-08-03 14:39:00,1000,995,1000,1000,21100
2022-08-03 14:40:00,995,995,1000,1000,103800
2022-08-03 14:41:00,995,995,995,995,0
2022-08-03 14:42:00,995,995,1000,995,121600
2022-08-03 14:43:00,995,995,1000,995,0
2022-08-03 14:44:00,995,990,1000,1000,2092000
2022-08-03 14:45:00,1000,1000,1005,1000,130800
2022-08-03 14:46:00,1000,1000,1005,1000,489400
2022-08-03 14:47:00,1000,995,1000,995,32200
2022-08-03 14:48:00,995,995,1000,995,320600
2022-08-03 14:49:00,995,990,1000,995,776600
2022-08-03 14:50:00,995,990,1000,995,0
2022-08-03 14:51:00,995,990,1000,995,0
2022-08-03 14:52:00,995,990,1000,995,0
2022-08-03 14:53:00,995,990,1000,995,0
2022-08-03 14:54:00,995,990,1000,995,0
2022-08-03 14:55:00,995,990,1000,995,0
2022-08-03 14:56:00,995,990,1000,995,0
2022-08-03 14:57:00,995,990,1000,995,0
2022-08-03 14:58:00,995,990,1000,995,0
2022-08-03 14:59:00,995,990,1000,995,0
2022-08-03 15:00:00,995,995,995,995,3569900
2022-08-03 15:01:00,995,995,995,995,129700
2022-08-03 15:02:00,995,995,995,995,31000
2022-08-03 15:03:00,995,995,995,995,101200
2022-08-03 15:04:00,995,995,995,995,0
2022-08-03 15:05:00,995,995,995,995,25000
2022-08-03 15:06:00,995,995,995,995,20200
2022-08-03 15:07:00,995,995,995,995,0
2022-08-03 15:08:00,995,995,995,995,0
2022-08-03 15:09:00,995,995,995,995,2800
2022-08-03 15:10:00,995,995,995,995,9100
2022-08-03 15:11:00,995,995,995,995,3300
2022-08-03 15:12:00,995,995,995,995,673100
2022-08-03 15:13:00,995,995,995,995,0
2022-08-03 15:14:00,995,995,995,995,0
2022-08-03 15:15:00,995,995,995,995,0
2022-08-03 15:16:00,995,995,995,995,0
2022-08-03 15:17:00,995,995,995,995,0
2022-08-03 15:18:00,995,995,995,995,0
2022-08-03 15:19:00,995,995,995,995,0
2022-08-03 15:20:00,995,995,995,995,0
2022-08-03 15:21:00,995,995,995,995,0
2022-08-03 15:22:00,995,995,995,995,0
2022-08-03 15:23:00,995,995,995,995,0
2022-08-03 15:24:00,995,995,995,995,0
2022-08-03 15:25:00,995,995,995,995,0
2022-08-03 15:26:00,995,995,995,995,0
2022-08-03 15:27:00,995,995,995,995,0
2022-08-03 15:28:00,995,995,995,995,0
2022-08-03 15:29:00,995,995,995,995,0
2022-08-03 15:30:00,995,995,995,995,0
2022-08-03 15:31:00,995,995,995,995,0
2022-08-03 15:32:00,995,995,995,995,0
2022-08-03 15:33:00,995,995,995,995,0
2022-08-03 15:34:00,995,995,995,995,0
2022-08-03 15:35:00,995,995,995,995,0
2022-08-03 15:36:00,995,995,995,995,0
2022-08-03 15:37:00,995,995,995,995,0
2022-08-03 15:38:00,995,995,995,995,0
2022-08-03 15:39:00,995,995,995,995,0
2022-08-03 15:40:00,995,995,995,995,0
2022-08-03 15:41:00,995,995,995,995,0
2022-08-03 15:42:00,995,995,995,995,0
2022-08-03 15:43:00,995,995,995,995,0
2022-08-03 15:44:00,995,995,995,995,0
2022-08-03 15:45:00,995,995,995,995,0
2022-08-03 15:46:00,995,995,995,995,0
2022-08-03 15:47:00,995,995,995,995,0
2022-08-03 15:48:00,995,995,995,995,0
2022-08-03 15:49:00,995,995,995,995,0
2022-08-03 15:50:00,995,995,995,995,0
2022-08-03 15:51:00,995,995,995,995,0
2022-08-03 15:52:00,995,995,995,995,0
2022-08-03 15:53:00,995,995,995,995,0
2022-08-03 15:54:00,995,995,995,995,0
2022-08-03 15:55:00,995,995,995,995,0
2022-08-03 15:56:00,995,995,995,995,0
2022-08-03 15:57:00,995,995,995,995,0
2022-08-03 15:58:00,995,995,995,995,0
2022-08-03 15:59:00,995,995,995,995,0
2022-08-04 09:00:00,1000,995,1005,1000,829100
2022-08-04 09:01:00,1005,990,1005,990,353600
2022-08-04 09:02:00,990,990,1005,1005,242700
2022-08-04 09:03:00,1005,1000,1005,1000,111800
2022-08-04 09:04:00,1000,995,1000,1000,3200
2022-08-04 09:05:00,1000,995,1000,1000,133500
2022-08-04 09:06:00,995,995,1000,995,173900
2022-08-04 09:07:00,995,995,1000,995,67500
2022-08-04 09:08:00,995,995,995,995,10800
2022-08-04 09:09:00,995,995,1000,1000,231900
2022-08-04 09:10:00,1000,1000,1005,1000,341500
2022-08-04 09:11:00,1000,1000,1005,1005,264700
2022-08-04 09:12:00,1000,1000,1005,1005,12700
2022-08-04 09:13:00,1000,995,1000,1000,273800
2022-08-04 09:14:00,1000,995,1000,1000,39900
2022-08-04 09:15:00,995,995,1000,1000,6400
2022-08-04 09:16:00,995,990,1000,990,584900
2022-08-04 09:17:00,995,990,1000,990,284200
2022-08-04 09:18:00,990,990,990,990,30100
2022-08-04 09:19:00,990,990,990,990,310800
2022-08-04 09:20:00,990,990,990,990,109600
2022-08-04 09:21:00,990,990,995,990,24300
2022-08-04 09:22:00,990,980,995,995,709000
2022-08-04 09:23:00,990,985,995,990,645100
2022-08-04 09:24:00,990,985,990,985,206800
2022-08-04 09:25:00,985,985,990,985,83900
2022-08-04 09:26:00,985,985,990,990,24900
2022-08-04 09:27:00,990,985,990,985,4500
2022-08-04 09:28:00,985,985,990,985,140000
2022-08-04 09:29:00,985,985,990,990,67100
2022-08-04 09:30:00,990,985,990,985,11700
2022-08-04 09:31:00,985,985,985,985,139600
2022-08-04 09:32:00,985,985,985,985,14000
2022-08-04 09:33:00,990,985,990,985,2700
2022-08-04 09:34:00,985,985,985,985,33500
2022-08-04 09:35:00,985,985,990,990,9600
2022-08-04 09:36:00,990,985,990,990,2400
2022-08-04 09:37:00,990,990,990,990,40300
2022-08-04 09:38:00,990,985,990,985,1400
2022-08-04 09:39:00,990,985,990,985,129800
2022-08-04 09:40:00,985,985,1000,995,547200
2022-08-04 09:41:00,995,995,995,995,181800
2022-08-04 09:42:00,995,995,995,995,11000
2022-08-04 09:43:00,990,990,995,995,5300
2022-08-04 09:44:00,990,990,995,995,0
2022-08-04 09:45:00,990,990,995,990,123800
2022-08-04 09:46:00,990,985,990,990,131400
2022-08-04 09:47:00,990,990,990,990,98500
2022-08-04 09:48:00,990,990,995,990,10000
2022-08-04 09:49:00,990,990,995,995,4100
2022-08-04 09:50:00,995,990,995,995,23200
2022-08-04 09:51:00,995,995,995,995,4200
2022-08-04 09:52:00,990,990,995,995,0
2022-08-04 09:53:00,990,990,995,990,2800
2022-08-04 09:54:00,990,990,995,995,5700
2022-08-04 09:55:00,995,990,995,995,3400
2022-08-04 09:56:00,990,990,990,990,135600
2022-08-04 09:57:00,990,990,990,990,132300
2022-08-04 09:58:00,990,990,990,990,115500
2022-08-04 09:59:00,990,990,995,990,8400
2022-08-04 10:00:00,990,990,990,990,1300
2022-08-04 10:01:00,990,990,990,990,800
2022-08-04 10:02:00,995,995,1015,1015,2241000
2022-08-04 10:03:00,1010,1000,1010,1000,352800
2022-08-04 10:04:00,1000,1000,1010,1010,51500
2022-08-04 10:05:00,1005,1005,1010,1005,75000
2022-08-04 10:06:00,1005,1005,1005,1005,77100
2022-08-04 10:07:00,1005,1005,1005,1005,8300
2022-08-04 10:08:00,1010,1010,1010,1010,10100
2022-08-04 10:09:00,1010,1005,1010,1005,165500
2022-08-04 10:10:00,1005,1005,1005,1005,119700
2022-08-04 10:11:00,1005,1005,1005,1005,41700
2022-08-04 10:12:00,1005,1005,1005,1005,24000
2022-08-04 10:13:00,1005,1005,1005,1005,15800
2022-08-04 10:14:00,1005,1005,1005,1005,0
2022-08-04 10:15:00,1005,1005,1005,1005,58600
2022-08-04 10:16:00,1005,1000,1010,1010,507400
2022-08-04 10:17:00,1005,1005,1005,1005,0
2022-08-04 10:18:00,1010,1010,1010,1010,2100
2022-08-04 10:19:00,1005,1005,1005,1005,62200
2022-08-04 10:20:00,1005,1005,1005,1005,148100
2022-08-04 10:21:00,1010,1010,1010,1010,560000
2022-08-04 10:22:00,1010,1010,1010,1010,1000
2022-08-04 10:23:00,1010,1005,1010,1010,600
2022-08-04 10:24:00,1005,1005,1005,1005,8000
2022-08-04 10:25:00,1005,1005,1005,1005,2300
2022-08-04 10:26:00,1005,1000,1005,1000,58400
2022-08-04 10:27:00,1000,1000,1005,1005,10200
2022-08-04 10:28:00,1000,1000,1005,1000,436000
2022-08-04 10:29:00,1000,1000,1000,1000,67400
2022-08-04 10:30:00,1000,1000,1005,1005,262200
2022-08-04 10:31:00,1005,1005,1005,1005,573100
2022-08-04 10:32:00,1005,1005,1005,1005,32700
2022-08-04 10:33:00,1005,1005,1005,1005,0
2022-08-04 10:34:00,1005,1005,1010,1010,110800
2022-08-04 10:35:00,1005,1005,1005,1005,179700
2022-08-04 10:36:00,1005,1005,1005,1005,10200
2022-08-04 10:37:00,1005,1005,1005,1005,0
2022-08-04 10:38:00,1000,1000,1005,1005,0
2022-08-04 10:39:00,1005,1005,1005,1005,1200
2022-08-04 10:40:00,1005,1000,1005,1005,10518800
2022-08-04 10:41:00,1005,1005,1010,1010,11050500
2022-08-04 10:42:00,1010,1005,1010,1005,0
2022-08-04 10:43:00,1010,1010,1010,1010,900
2022-08-04 10:44:00,1010,1010,1010,1010,23900
2022-08-04 10:45:00,1010,1005,1010,1005,46100
2022-08-04 10:46:00,1005,1005,1005,1005,119800
2022-08-04 10:47:00,1005,1005,1005,1005,0
2022-08-04 10:48:00,1005,1005,1005,1005,59600
2022-08-04 10:49:00,1005,1005,1005,1005,59200
2022-08-04 10:50:00,1005,1005,1005,1005,43200
2022-08-04 10:51:00,1005,1005,1005,1005,0
2022-08-04 10:52:00,1005,1005,1005,1005,2800
2022-08-04 10:53:00,1000,1000,1005,1005,9200
2022-08-04 10:54:00,1005,1005,1005,1005,217900
2022-08-04 10:55:00,1010,1010,1015,1015,394600
2022-08-04 10:56:00,1010,1010,1015,1010,207000
2022-08-04 10:57:00,1010,1010,1010,1010,5700
2022-08-04 10:58:00,1015,1015,1015,1015,151600
2022-08-04 10:59:00,1015,1015,1015,1015,200
2022-08-04 11:00:00,1015,1015,1015,1015,9900
2022-08-04 11:01:00,1015,1010,1015,1010,12400
2022-08-04 11:02:00,1015,1010,1015,1010,0
2022-08-04 11:03:00,1010,1010,1015,1015,40200
2022-08-04 11:04:00,1015,1015,1015,1015,1000
2022-08-04 11:05:00,1010,1010,1010,1010,9900
2022-08-04 11:06:00,1010,1010,1015,1015,10300
2022-08-04 11:07:00,1010,1010,1010,1010,20800
2022-08-04 11:08:00,1010,1010,1010,1010,1851100
2022-08-04 11:09:00,1010,1010,1010,1010,1500
2022-08-04 11:10:00,1005,1005,1005,1005,51000
2022-08-04 11:11:00,1010,1010,1010,1010,10400
2022-08-04 11:12:00,1010,1010,1010,1010,24400
2022-08-04 11:13:00,1010,1005,1010,1005,3700
2022-08-04 11:14:00,1010,1005,1010,1005,0
2022-08-04 11:15:00,1005,1005,1005,1005,42700
2022-08-04 11:16:00,1005,1005,1010,1005,91900
2022-08-04 11:17:00,1005,1005,1005,1005,0
2022-08-04 11:18:00,1005,1005,1005,1005,17400
2022-08-04 11:19:00,1005,1005,1005,1005,0
2022-08-04 11:20:00,1005,1005,1005,1005,200
2022-08-04 11:21:00,1005,1005,1005,1005,3200
2022-08-04 11:22:00,1010,1010,1010,1010,10300
2022-08-04 11:23:00,1005,1005,1005,1005,223100
2022-08-04 11:24:00,1010,1005,1010,1005,700
2022-08-04 11:25:00,1010,1005,1010,1005,5800
2022-08-04 11:26:00,1005,1005,1010,1005,207400
2022-08-04 11:27:00,1005,1005,1010,1010,13900
2022-08-04 11:28:00,1010,1005,1010,1005,0
2022-08-04 11:29:00,1005,1005,1010,1010,500
2022-08-04 11:30:00,1005,1005,1010,1010,0
2022-08-04 11:31:00,1005,1005,1010,1010,0
2022-08-04 11:32:00,1005,1005,1010,1010,0
2022-08-04 11:33:00,1005,1005,1010,1010,0
2022-08-04 11:34:00,1005,1005,1010,1010,0
2022-08-04 11:35:00,1005,1005,1010,1010,0
2022-08-04 11:36:00,1005,1005,1010,1010,0
2022-08-04 11:37:00,1005,1005,1010,1010,0
2022-08-04 11:38:00,1005,1005,1010,1010,0
2022-08-04 11:39:00,1005,1005,1010,1010,0
2022-08-04 11:40:00,1005,1005,1010,1010,0
2022-08-04 11:41:00,1005,1005,1010,1010,0
2022-08-04 11:42:00,1005,1005,1010,1010,0
2022-08-04 11:43:00,1005,1005,1010,1010,0
2022-08-04 11:44:00,1005,1005,1010,1010,0
2022-08-04 11:45:00,1005,1005,1010,1010,0
2022-08-04 11:46:00,1005,1005,1010,1010,0
2022-08-04 11:47:00,1005,1005,1010,1010,0
2022-08-04 11:48:00,1005,1005,1010,1010,0
2022-08-04 11:49:00,1005,1005,1010,1010,0
2022-08-04 11:50:00,1005,1005,1010,1010,0
2022-08-04 11:51:00,1005,1005,1010,1010,0
2022-08-04 11:52:00,1005,1005,1010,1010,0
2022-08-04 11:53:00,1005,1005,1010,1010,0
2022-08-04 11:54:00,1005,1005,1010,1010,0
2022-08-04 11:55:00,1005,1005,1010,1010,0
2022-08-04 11:56:00,1005,1005,1010,1010,0
2022-08-04 11:57:00,1005,1005,1010,1010,0
2022-08-04 11:58:00,1005,1005,1010,1010,0
2022-08-04 11:59:00,1005,1005,1010,1010,0
2022-08-04 12:00:00,1005,1005,1010,1010,0
2022-08-04 12:01:00,1005,1005,1010,1010,0
2022-08-04 12:02:00,1005,1005,1010,1010,0
2022-08-04 12:03:00,1005,1005,1010,1010,0
2022-08-04 12:04:00,1005,1005,1010,1010,0
2022-08-04 12:05:00,1005,1005,1010,1010,0
2022-08-04 12:06:00,1005,1005,1010,1010,0
2022-08-04 12:07:00,1005,1005,1010,1010,0
2022-08-04 12:08:00,1005,1005,1010,1010,0
2022-08-04 12:09:00,1005,1005,1010,1010,0
2022-08-04 12:10:00,1005,1005,1010,1010,0
2022-08-04 12:11:00,1005,1005,1010,1010,0
2022-08-04 12:12:00,1005,1005,1010,1010,0
2022-08-04 12:13:00,1005,1005,1010,1010,0
2022-08-04 12:14:00,1005,1005,1010,1010,0
2022-08-04 12:15:00,1005,1005,1010,1010,0
2022-08-04 12:16:00,1005,1005,1010,1010,0
2022-08-04 12:17:00,1005,1005,1010,1010,0
2022-08-04 12:18:00,1005,1005,1010,1010,0
2022-08-04 12:19:00,1005,1005,1010,1010,0
2022-08-04 12:20:00,1005,1005,1010,1010,0
2022-08-04 12:21:00,1005,1005,1010,1010,0
2022-08-04 12:22:00,1005,1005,1010,1010,0
2022-08-04 12:23:00,1005,1005,1010,1010,0
2022-08-04 12:24:00,1005,1005,1010,1010,0
2022-08-04 12:25:00,1005,1005,1010,1010,0
2022-08-04 12:26:00,1005,1005,1010,1010,0
2022-08-04 12:27:00,1005,1005,1010,1010,0
2022-08-04 12:28:00,1005,1005,1010,1010,0
2022-08-04 12:29:00,1005,1005,1010,1010,0
2022-08-04 12:30:00,1005,1005,1010,1010,0
2022-08-04 12:31:00,1005,1005,1010,1010,0
2022-08-04 12:32:00,1005,1005,1010,1010,0
2022-08-04 12:33:00,1005,1005,1010,1010,0
2022-08-04 12:34:00,1005,1005,1010,1010,0
2022-08-04 12:35:00,1005,1005,1010,1010,0
2022-08-04 12:36:00,1005,1005,1010,1010,0
2022-08-04 12:37:00,1005,1005,1010,1010,0
2022-08-04 12:38:00,1005,1005,1010,1010,0
2022-08-04 12:39:00,1005,1005,1010,1010,0
2022-08-04 12:40:00,1005,1005,1010,1010,0
2022-08-04 12:41:00,1005,1005,1010,1010,0
2022-08-04 12:42:00,1005,1005,1010,1010,0
2022-08-04 12:43:00,1005,1005,1010,1010,0
2022-08-04 12:44:00,1005,1005,1010,1010,0
2022-08-04 12:45:00,1005,1005,1010,1010,0
2022-08-04 12:46:00,1005,1005,1010,1010,0
2022-08-04 12:47:00,1005,1005,1010,1010,0
2022-08-04 12:48:00,1005,1005,1010,1010,0
2022-08-04 12:49:00,1005,1005,1010,1010,0
2022-08-04 12:50:00,1005,1005,1010,1010,0
2022-08-04 12:51:00,1005,1005,1010,1010,0
2022-08-04 12:52:00,1005,1005,1010,1010,0
2022-08-04 12:53:00,1005,1005,1010,1010,0
2022-08-04 12:54:00,1005,1005,1010,1010,0
2022-08-04 12:55:00,1005,1005,1010,1010,0
2022-08-04 12:56:00,1005,1005,1010,1010,0
2022-08-04 12:57:00,1005,1005,1010,1010,0
2022-08-04 12:58:00,1005,1005,1010,1010,0
2022-08-04 12:59:00,1005,1005,1010,1010,0
2022-08-04 13:00:00,1005,1005,1010,1010,0
2022-08-04 13:01:00,1005,1005,1010,1010,0
2022-08-04 13:02:00,1005,1005,1010,1010,0
2022-08-04 13:03:00,1005,1005,1010,1010,0
2022-08-04 13:04:00,1005,1005,1010,1010,0
2022-08-04 13:05:00,1005,1005,1010,1010,0
2022-08-04 13:06:00,1005,1005,1010,1010,0
2022-08-04 13:07:00,1005,1005,1010,1010,0
2022-08-04 13:08:00,1005,1005,1010,1010,0
2022-08-04 13:09:00,1005,1005,1010,1010,0
2022-08-04 13:10:00,1005,1005,1010,1010,0
2022-08-04 13:11:00,1005,1005,1010,1010,0
2022-08-04 13:12:00,1005,1005,1010,1010,0
2022-08-04 13:13:00,1005,1005,1010,1010,0
2022-08-04 13:14:00,1005,1005,1010,1010,0
2022-08-04 13:15:00,1005,1005,1010,1010,0
2022-08-04 13:16:00,1005,1005,1010,1010,0
2022-08-04 13:17:00,1005,1005,1010,1010,0
2022-08-04 13:18:00,1005,1005,1010,1010,0
2022-08-04 13:19:00,1005,1005,1010,1010,0
2022-08-04 13:20:00,1005,1005,1010,1010,0
2022-08-04 13:21:00,1005,1005,1010,1010,0
2022-08-04 13:22:00,1005,1005,1010,1010,0
2022-08-04 13:23:00,1005,1005,1010,1010,0
2022-08-04 13:24:00,1005,1005,1010,1010,0
2022-08-04 13:25:00,1005,1005,1010,1010,0
2022-08-04 13:26:00,1005,1005,1010,1010,0
2022-08-04 13:27:00,1005,1005,1010,1010,0
2022-08-04 13:28:00,1005,1005,1010,1010,0
2022-08-04 13:29:00,1005,1005,1010,1010,0
2022-08-04 13:30:00,1010,1005,1015,1015,1554600
2022-08-04 13:31:00,1015,1015,1015,1015,0
2022-08-04 13:32:00,1015,1010,1015,1015,32600
2022-08-04 13:33:00,1015,1015,1020,1020,554800
2022-08-04 13:34:00,1020,1020,1020,1020,38700
2022-08-04 13:35:00,1020,1015,1020,1015,1025900
2022-08-04 13:36:00,1015,1010,1015,1010,88100
2022-08-04 13:37:00,1010,1010,1010,1010,71300
2022-08-04 13:38:00,1010,1010,1010,1010,94800
2022-08-04 13:39:00,1010,1010,1010,1010,700
2022-08-04 13:40:00,1010,1010,1010,1010,80500
2022-08-04 13:41:00,1010,1010,1010,1010,58300
2022-08-04 13:42:00,1010,1010,1010,1010,0
2022-08-04 13:43:00,1010,1010,1010,1010,0
2022-08-04 13:44:00,1005,1005,1005,1005,13100
2022-08-04 13:45:00,1005,1005,1005,1005,13200
2022-08-04 13:46:00,1010,1010,1010,1010,0
2022-08-04 13:47:00,1010,1010,1010,1010,2600
2022-08-04 13:48:00,1010,1010,1010,1010,0
2022-08-04 13:49:00,1010,1005,1010,1005,100
2022-08-04 13:50:00,1005,1005,1005,1005,2800
2022-08-04 13:51:00,1010,1010,1010,1010,19500
2022-08-04 13:52:00,1010,1010,1010,1010,0
2022-08-04 13:53:00,1005,1005,1010,1005,14900
2022-08-04 13:54:00,1010,1005,1010,1005,0
2022-08-04 13:55:00,1005,1005,1005,1005,64300
2022-08-04 13:56:00,1005,1000,1005,1005,673400
2022-08-04 13:57:00,1005,1000,1005,1005,2300
2022-08-04 13:58:00,1005,1005,1005,1005,258700
2022-08-04 13:59:00,1005,1005,1005,1005,0
2022-08-04 14:00:00,1005,1005,1005,1005,10400
2022-08-04 14:01:00,1000,1000,1005,1005,500
2022-08-04 14:02:00,1005,1000,1005,1005,6100
2022-08-04 14:03:00,1005,1005,1005,1005,8000
2022-08-04 14:04:00,1000,1000,1005,1005,9200
2022-08-04 14:05:00,1005,1005,1005,1005,6000
2022-08-04 14:06:00,1005,1005,1005,1005,82000
2022-08-04 14:07:00,1000,1000,1005,1000,62800
2022-08-04 14:08:00,1000,1000,1005,1005,34500
2022-08-04 14:09:00,1005,1000,1005,1000,0
2022-08-04 14:10:00,1000,1000,1000,1000,220200
2022-08-04 14:11:00,1000,1000,1000,1000,0
2022-08-04 14:12:00,1000,1000,1000,1000,0
2022-08-04 14:13:00,1000,1000,1005,1005,18000
2022-08-04 14:14:00,1000,1000,1005,1005,0
2022-08-04 14:15:00,1005,1005,1005,1005,0
2022-08-04 14:16:00,1000,1000,1005,1005,60100
2022-08-04 14:17:00,1000,1000,1005,1000,432500
2022-08-04 14:18:00,1005,1000,1005,1005,52900
2022-08-04 14:19:00,1005,1000,1005,1005,0
2022-08-04 14:20:00,1005,1000,1005,1000,0
2022-08-04 14:21:00,1000,1000,1005,1005,105400
2022-08-04 14:22:00,1005,1005,1005,1005,0
2022-08-04 14:23:00,1005,1005,1005,1005,4000
2022-08-04 14:24:00,1000,1000,1000,1000,800
2022-08-04 14:25:00,1005,1000,1005,1000,90100
2022-08-04 14:26:00,1000,995,1005,1000,2280900
2022-08-04 14:27:00,1000,995,1000,995,87000
2022-08-04 14:28:00,1000,995,1000,995,15900
2022-08-04 14:29:00,995,995,1000,1000,183300
2022-08-04 14:30:00,995,995,1000,1000,4200
2022-08-04 14:31:00,995,995,1000,995,50200
2022-08-04 14:32:00,995,995,1000,995,357600
2022-08-04 14:33:00,995,995,995,995,400
2022-08-04 14:34:00,995,995,995,995,213400
2022-08-04 14:35:00,995,990,995,995,302200
2022-08-04 14:36:00,995,990,995,990,3053800
2022-08-04 14:37:00,990,990,995,990,289300
2022-08-04 14:38:00,990,990,995,990,0
2022-08-04 14:39:00,990,990,990,990,28700
2022-08-04 14:40:00,990,990,995,990,27700
2022-08-04 14:41:00,990,990,995,990,119900
2022-08-04 14:42:00,990,990,990,990,36700
2022-08-04 14:43:00,990,985,990,985,1308300
2022-08-04 14:44:00,985,985,990,985,21700
2022-08-04 14:45:00,985,985,990,985,116600
2022-08-04 14:46:00,985,980,990,990,2053600
2022-08-04 14:47:00,995,985,995,995,1478000
2022-08-04 14:48:00,990,985,995,995,415100
2022-08-04 14:49:00,995,990,1000,1000,1700500
2022-08-04 14:50:00,995,990,1000,1000,0
2022-08-04 14:51:00,995,990,1000,1000,0
2022-08-04 14:52:00,995,990,1000,1000,0
2022-08-04 14:53:00,995,990,1000,1000,0
2022-08-04 14:54:00,995,990,1000,1000,0
2022-08-04 14:55:00,995,990,1000,1000,0
2022-08-04 14:56:00,995,990,1000,1000,0
2022-08-04 14:57:00,995,990,1000,1000,0
2022-08-04 14:58:00,995,990,1000,1000,0
2022-08-04 14:59:00,995,990,1000,1000,0
2022-08-04 15:00:00,1015,1015,1015,1015,3841100
2022-08-04 15:01:00,1015,1015,1015,1015,91200
2022-08-04 15:02:00,1015,1015,1015,1015,5100
2022-08-04 15:03:00,1015,1015,1015,1015,18700
2022-08-04 15:04:00,1015,1015,1015,1015,0
2022-08-04 15:05:00,1015,1015,1015,1015,200
2022-08-04 15:06:00,1015,1015,1015,1015,0
2022-08-04 15:07:00,1015,1015,1015,1015,300
2022-08-04 15:08:00,1015,1015,1015,1015,3500
2022-08-04 15:09:00,1015,1015,1015,1015,100
2022-08-04 15:10:00,1015,1015,1015,1015,2300
2022-08-04 15:11:00,1015,1015,1015,1015,0
2022-08-04 15:12:00,1015,1015,1015,1015,0
2022-08-04 15:13:00,1015,1015,1015,1015,100
2022-08-04 15:14:00,1015,1015,1015,1015,0
2022-08-04 15:15:00,1015,1015,1015,1015,0
2022-08-04 15:16:00,1015,1015,1015,1015,0
2022-08-04 15:17:00,1015,1015,1015,1015,0
2022-08-04 15:18:00,1015,1015,1015,1015,0
2022-08-04 15:19:00,1015,1015,1015,1015,0
2022-08-04 15:20:00,1015,1015,1015,1015,0
2022-08-04 15:21:00,1015,1015,1015,1015,0
2022-08-04 15:22:00,1015,1015,1015,1015,0
2022-08-04 15:23:00,1015,1015,1015,1015,0
2022-08-04 15:24:00,1015,1015,1015,1015,0
2022-08-04 15:25:00,1015,1015,1015,1015,0
2022-08-04 15:26:00,1015,1015,1015,1015,0
2022-08-04 15:27:00,1015,1015,1015,1015,0
2022-08-04 15:28:00,1015,1015,1015,1015,0
2022-08-04 15:29:00,1015,1015,1015,1015,0
2022-08-04 15:30:00,1015,1015,1015,1015,0
2022-08-04 15:31:00,1015,1015,1015,1015,0
2022-08-04 15:32:00,1015,1015,1015,1015,0
2022-08-04 15:33:00,1015,1015,1015,1015,0
2022-08-04 15:34:00,1015,1015,1015,1015,0
2022-08-04 15:35:00,1015,1015,1015,1015,0
2022-08-04 15:36:00,1015,1015,1015,1015,0
2022-08-04 15:37:00,1015,1015,1015,1015,0
2022-08-04 15:38:00,1015,1015,1015,1015,0
2022-08-04 15:39:00,1015,1015,1015,1015,0
2022-08-04 15:40:00,1015,1015,1015,1015,0
2022-08-04 15:41:00,1015,1015,1015,1015,0
2022-08-04 15:42:00,1015,1015,1015,1015,0
2022-08-04 15:43:00,1015,1015,1015,1015,0
2022-08-04 15:44:00,1015,1015,1015,1015,0
2022-08-04 15:45:00,1015,1015,1015,1015,0
2022-08-04 15:46:00,1015,1015,1015,1015,0
2022-08-04 15:47:00,1015,1015,1015,1015,0
2022-08-04 15:48:00,1015,1015,1015,1015,0
2022-08-04 15:49:00,1015,1015,1015,1015,0
2022-08-04 15:50:00,1015,1015,1015,1015,0
2022-08-04 15:51:00,1015,1015,1015,1015,0
2022-08-04 15:52:00,1015,1015,1015,1015,0
2022-08-04 15:53:00,1015,1015,1015,1015,0
2022-08-04 15:54:00,1015,1015,1015,1015,0
2022-08-04 15:55:00,1015,1015,1015,1015,0
2022-08-04 15:56:00,1015,1015,1015,1015,0
2022-08-04 15:57:00,1015,1015,1015,1015,0
2022-08-04 15:58:00,1015,1015,1015,1015,0
2022-08-04 15:59:00,1015,1015,1015,1015,0
2022-08-05 09:00:00,1020,1015,1025,1020,1903700
2022-08-05 09:01:00,1020,1015,1025,1025,1304700
2022-08-05 09:02:00,1020,1020,1030,1025,393300
2022-08-05 09:03:00,1020,1020,1025,1025,202400
2022-08-05 09:04:00,1020,1020,1020,1020,31300
2022-08-05 09:05:00,1020,1020,1025,1020,435100
2022-08-05 09:06:00,1020,1020,1030,1025,1797400
2022-08-05 09:07:00,1025,1020,1025,1025,157200
2022-08-05 09:08:00,1025,1020,1025,1025,13300
2022-08-05 09:09:00,1025,1020,1030,1025,1433600
2022-08-05 09:10:00,1025,1020,1025,1025,88300
2022-08-05 09:11:00,1025,1020,1025,1025,54100
2022-08-05 09:12:00,1025,1020,1025,1025,23700
2022-08-05 09:13:00,1020,1020,1025,1020,295600
2022-08-05 09:14:00,1015,1015,1020,1020,232200
2022-08-05 09:15:00,1020,1015,1020,1020,0
2022-08-05 09:16:00,1015,1015,1020,1015,36400
2022-08-05 09:17:00,1015,1015,1015,1015,0
2022-08-05 09:18:00,1020,1015,1020,1015,15200
2022-08-05 09:19:00,1015,1015,1015,1015,34100
2022-08-05 09:20:00,1020,1015,1020,1020,9100
2022-08-05 09:21:00,1015,1015,1015,1015,434400
2022-08-05 09:22:00,1015,1010,1015,1010,5100
2022-08-05 09:23:00,1010,1010,1010,1010,39300
2022-08-05 09:24:00,1015,1010,1015,1010,18600
2022-08-05 09:25:00,1015,1010,1015,1015,8300
2022-08-05 09:26:00,1010,1010,1010,1010,3800
2022-08-05 09:27:00,1010,1010,1015,1015,99200
2022-08-05 09:28:00,1015,1015,1015,1015,100
2022-08-05 09:29:00,1010,1010,1010,1010,1500
2022-08-05 09:30:00,1010,1010,1010,1010,73300
2022-08-05 09:31:00,1010,1010,1015,1015,212500
2022-08-05 09:32:00,1015,1015,1015,1015,0
2022-08-05 09:33:00,1015,1010,1015,1010,14700
2022-08-05 09:34:00,1010,1010,1010,1010,51200
2022-08-05 09:35:00,1010,1010,1015,1015,400
2022-08-05 09:36:00,1010,1010,1015,1015,0
2022-08-05 09:37:00,1015,1015,1015,1015,2000
2022-08-05 09:38:00,1015,1015,1015,1015,14000
2022-08-05 09:39:00,1010,1010,1010,1010,3000
2022-08-05 09:40:00,1015,1010,1015,1010,22300
2022-08-05 09:41:00,1010,1010,1015,1015,145200
2022-08-05 09:42:00,1015,1010,1015,1010,200000
2022-08-05 09:43:00,1015,1010,1015,1010,0
2022-08-05 09:44:00,1015,1010,1015,1010,17800
2022-08-05 09:45:00,1010,1010,1015,1015,33700
2022-08-05 09:46:00,1010,1010,1015,1010,116000
2022-08-05 09:47:00,1010,1005,1010,1005,372100
2022-08-05 09:48:00,1005,1005,1005,1005,31500
2022-08-05 09:49:00,1005,1005,1010,1005,566500
2022-08-05 09:50:00,1005,1000,1005,1005,65400
2022-08-05 09:51:00,1005,1005,1005,1005,6800
2022-08-05 09:52:00,1005,1005,1005,1005,83500
2022-08-05 09:53:00,1005,1005,1005,1005,152100
2022-08-05 09:54:00,1005,1005,1005,1005,310200
2022-08-05 09:55:00,1005,1005,1005,1005,299000
2022-08-05 09:56:00,1005,1005,1005,1005,39900
2022-08-05 09:57:00,1005,1005,1005,1005,422800
2022-08-05 09:58:00,1005,1000,1005,1000,63200
2022-08-05 09:59:00,1005,1005,1005,1005,0
2022-08-05 10:00:00,1005,1000,1005,1000,5600
2022-08-05 10:01:00,1000,1000,1005,1005,35200
2022-08-05 10:02:00,1005,1005,1005,1005,39500
2022-08-05 10:03:00,1000,1000,1000,1000,29500
2022-08-05 10:04:00,1000,1000,1000,1000,390100
2022-08-05 10:05:00,1005,1005,1005,1005,0
2022-08-05 10:06:00,1005,1000,1005,1005,1900
2022-08-05 10:07:00,1000,995,1005,1000,2491300
2022-08-05 10:08:00,995,995,1000,1000,0
2022-08-05 10:09:00,1000,1000,1005,1005,179600
2022-08-05 10:10:00,1000,1000,1000,1000,176000
2022-08-05 10:11:00,1000,1000,1000,1000,0
2022-08-05 10:12:00,1000,1000,1000,1000,26900
2022-08-05 10:13:00,1000,1000,1000,1000,43600
2022-08-05 10:14:00,1000,995,1000,1000,9000
2022-08-05 10:15:00,1000,1000,1000,1000,13100
2022-08-05 10:16:00,995,995,1000,995,0
2022-08-05 10:17:00,995,995,995,995,10400
2022-08-05 10:18:00,995,995,1000,995,64000
2022-08-05 10:19:00,995,995,1000,1000,31400
2022-08-05 10:20:00,1000,995,1000,1000,42200
2022-08-05 10:21:00,1000,1000,1000,1000,171600
2022-08-05 10:22:00,1000,1000,1000,1000,1200
2022-08-05 10:23:00,1000,1000,1000,1000,179600
2022-08-05 10:24:00,1000,1000,1000,1000,128400
2022-08-05 10:25:00,1000,1000,1000,1000,32200
2022-08-05 10:26:00,1000,995,1000,995,900
2022-08-05 10:27:00,1000,1000,1000,1000,34700
2022-08-05 10:28:00,1000,995,1000,995,801300
2022-08-05 10:29:00,995,995,995,995,646700
2022-08-05 10:30:00,995,995,995,995,9300
2022-08-05 10:31:00,1000,995,1000,1000,8200
2022-08-05 10:32:00,1000,1000,1000,1000,0
2022-08-05 10:33:00,995,995,1000,1000,1500
2022-08-05 10:34:00,1000,1000,1000,1000,31300
2022-08-05 10:35:00,1000,1000,1000,1000,10000
2022-08-05 10:36:00,1000,1000,1000,1000,0
2022-08-05 10:37:00,1000,1000,1000,1000,41200
2022-08-05 10:38:00,995,995,1000,995,0
2022-08-05 10:39:00,1000,1000,1000,1000,67700
2022-08-05 10:40:00,995,995,1000,1000,0
2022-08-05 10:41:00,1000,995,1000,995,19800
2022-08-05 10:42:00,995,995,995,995,25700
2022-08-05 10:43:00,995,995,1000,1000,45800
2022-08-05 10:44:00,995,995,1000,1000,0
2022-08-05 10:45:00,1000,1000,1000,1000,11100
2022-08-05 10:46:00,1000,1000,1000,1000,0
2022-08-05 10:47:00,1000,995,1000,995,7300
2022-08-05 10:48:00,1000,995,1000,995,22500
2022-08-05 10:49:00,1000,1000,1000,1000,0
2022-08-05 10:50:00,995,995,995,995,2400
2022-08-05 10:51:00,995,995,1000,1000,0
2022-08-05 10:52:00,1000,1000,1000,1000,22400
2022-08-05 10:53:00,1000,1000,1000,1000,400
2022-08-05 10:54:00,995,995,995,995,1063600
2022-08-05 10:55:00,995,995,995,995,511000
2022-08-05 10:56:00,990,990,995,995,67200
2022-08-05 10:57:00,995,990,995,995,295600
2022-08-05 10:58:00,995,995,1000,995,59800
2022-08-05 10:59:00,1000,1000,1000,1000,18900
2022-08-05 11:00:00,1000,1000,1000,1000,0
2022-08-05 11:01:00,995,995,995,995,8900
2022-08-05 11:02:00,995,995,995,995,99800
2022-08-05 11:03:00,1000,995,1000,995,200
2022-08-05 11:04:00,1000,995,1000,995,6900
2022-08-05 11:05:00,1000,1000,1000,1000,0
2022-08-05 11:06:00,1000,995,1000,995,21200
2022-08-05 11:07:00,995,995,995,995,500
2022-08-05 11:08:00,1000,995,1000,1000,124500
2022-08-05 11:09:00,1000,995,1000,995,19500
2022-08-05 11:10:00,995,995,995,995,160600
2022-08-05 11:11:00,995,995,995,995,3900
2022-08-05 11:12:00,995,995,995,995,45600
2022-08-05 11:13:00,1000,995,1000,995,449100
2022-08-05 11:14:00,995,995,995,995,31700
2022-08-05 11:15:00,1000,1000,1000,1000,73400
2022-08-05 11:16:00,1000,1000,1000,1000,800
2022-08-05 11:17:00,1000,1000,1000,1000,0
2022-08-05 11:18:00,995,995,1000,1000,4300
2022-08-05 11:19:00,995,995,995,995,55400
2022-08-05 11:20:00,995,995,1000,995,0
2022-08-05 11:21:00,995,995,1000,1000,23100
2022-08-05 11:22:00,995,995,1000,995,147100
2022-08-05 11:23:00,995,995,1000,995,133300
2022-08-05 11:24:00,995,995,1000,995,29300
2022-08-05 11:25:00,995,995,1000,995,614900
2022-08-05 11:26:00,995,990,995,995,649800
2022-08-05 11:27:00,995,995,995,995,41900
2022-08-05 11:28:00,995,995,995,995,28700
2022-08-05 11:29:00,995,995,995,995,10100
2022-08-05 11:30:00,995,995,995,995,0
2022-08-05 11:31:00,995,995,995,995,0
2022-08-05 11:32:00,995,995,995,995,0
2022-08-05 11:33:00,995,995,995,995,0
2022-08-05 11:34:00,995,995,995,995,0
2022-08-05 11:35:00,995,995,995,995,0
2022-08-05 11:36:00,995,995,995,995,0
2022-08-05 11:37:00,995,995,995,995,0
2022-08-05 11:38:00,995,995,995,995,0
2022-08-05 11:39:00,995,995,995,995,0
2022-08-05 11:40:00,995,995,995,995,0
2022-08-05 11:41:00,995,995,995,995,0
2022-08-05 11:42:00,995,995,995,995,0
2022-08-05 11:43:00,995,995,995,995,0
2022-08-05 11:44:00,995,995,995,995,0
2022-08-05 11:45:00,995,995,995,995,0
2022-08-05 11:46:00,995,995,995,995,0
2022-08-05 11:47:00,995,995,995,995,0
2022-08-05 11:48:00,995,995,995,995,0
2022-08-05 11:49:00,995,995,995,995,0
2022-08-05 11:50:00,995,995,995,995,0
2022-08-05 11:51:00,995,995,995,995,0
2022-08-05 11:52:00,995,995,995,995,0
2022-08-05 11:53:00,995,995,995,995,0
2022-08-05 11:54:00,995,995,995,995,0
2022-08-05 11:55:00,995,995,995,995,0
2022-08-05 11:56:00,995,995,995,995,0
2022-08-05 11:57:00,995,995,995,995,0
2022-08-05 11:58:00,995,995,995,995,0
2022-08-05 11:59:00,995,995,995,995,0
2022-08-05 12:00:00,995,995,995,995,0
2022-08-05 12:01:00,995,995,995,995,0
2022-08-05 12:02:00,995,995,995,995,0
2022-08-05 12:03:00,995,995,995,995,0
2022-08-05 12:04:00,995,995,995,995,0
2022-08-05 12:05:00,995,995,995,995,0
2022-08-05 12:06:00,995,995,995,995,0
2022-08-05 12:07:00,995,995,995,995,0
2022-08-05 12:08:00,995,995,995,995,0
2022-08-05 12:09:00,995,995,995,995,0
2022-08-05 12:10:00,995,995,995,995,0
2022-08-05 12:11:00,995,995,995,995,0
2022-08-05 12:12:00,995,995,995,995,0
2022-08-05 12:13:00,995,995,995,995,0
2022-08-05 12:14:00,995,995,995,995,0
2022-08-05 12:15:00,995,995,995,995,0
2022-08-05 12:16:00,995,995,995,995,0
2022-08-05 12:17:00,995,995,995,995,0
2022-08-05 12:18:00,995,995,995,995,0
2022-08-05 12:19:00,995,995,995,995,0
2022-08-05 12:20:00,995,995,995,995,0
2022-08-05 12:21:00,995,995,995,995,0
2022-08-05 12:22:00,995,995,995,995,0
2022-08-05 12:23:00,995,995,995,995,0
2022-08-05 12:24:00,995,995,995,995,0
2022-08-05 12:25:00,995,995,995,995,0
2022-08-05 12:26:00,995,995,995,995,0
2022-08-05 12:27:00,995,995,995,995,0
2022-08-05 12:28:00,995,995,995,995,0
2022-08-05 12:29:00,995,995,995,995,0
2022-08-05 12:30:00,995,995,995,995,0
2022-08-05 12:31:00,995,995,995,995,0
2022-08-05 12:32:00,995,995,995,995,0
2022-08-05 12:33:00,995,995,995,995,0
2022-08-05 12:34:00,995,995,995,995,0
2022-08-05 12:35:00,995,995,995,995,0
2022-08-05 12:36:00,995,995,995,995,0
2022-08-05 12:37:00,995,995,995,995,0
2022-08-05 12:38:00,995,995,995,995,0
2022-08-05 12:39:00,995,995,995,995,0
2022-08-05 12:40:00,995,995,995,995,0
2022-08-05 12:41:00,995,995,995,995,0
2022-08-05 12:42:00,995,995,995,995,0
2022-08-05 12:43:00,995,995,995,995,0
2022-08-05 12:44:00,995,995,995,995,0
2022-08-05 12:45:00,995,995,995,995,0
2022-08-05 12:46:00,995,995,995,995,0
2022-08-05 12:47:00,995,995,995,995,0
2022-08-05 12:48:00,995,995,995,995,0
2022-08-05 12:49:00,995,995,995,995,0
2022-08-05 12:50:00,995,995,995,995,0
2022-08-05 12:51:00,995,995,995,995,0
2022-08-05 12:52:00,995,995,995,995,0
2022-08-05 12:53:00,995,995,995,995,0
2022-08-05 12:54:00,995,995,995,995,0
2022-08-05 12:55:00,995,995,995,995,0
2022-08-05 12:56:00,995,995,995,995,0
2022-08-05 12:57:00,995,995,995,995,0
2022-08-05 12:58:00,995,995,995,995,0
2022-08-05 12:59:00,995,995,995,995,0
2022-08-05 13:00:00,995,995,995,995,0
2022-08-05 13:01:00,995,995,995,995,0
2022-08-05 13:02:00,995,995,995,995,0
2022-08-05 13:03:00,995,995,995,995,0
2022-08-05 13:04:00,995,995,995,995,0
2022-08-05 13:05:00,995,995,995,995,0
2022-08-05 13:06:00,995,995,995,995,0
2022-08-05 13:07:00,995,995,995,995,0
2022-08-05 13:08:00,995,995,995,995,0
2022-08-05 13:09:00,995,995,995,995,0
2022-08-05 13:10:00,995,995,995,995,0
2022-08-05 13:11:00,995,995,995,995,0
2022-08-05 13:12:00,995,995,995,995,0
2022-08-05 13:13:00,995,995,995,995,0
2022-08-05 13:14:00,995,995,995,995,0
2022-08-05 13:15:00,995,995,995,995,0
2022-08-05 13:16:00,995,995,995,995,0
2022-08-05 13:17:00,995,995,995,995,0
2022-08-05 13:18:00,995,995,995,995,0
2022-08-05 13:19:00,995,995,995,995,0
2022-08-05 13:20:00,995,995,995,995,0
2022-08-05 13:21:00,995,995,995,995,0
2022-08-05 13:22:00,995,995,995,995,0
2022-08-05 13:23:00,995,995,995,995,0
2022-08-05 13:24:00,995,995,995,995,0
2022-08-05 13:25:00,995,995,995,995,0
2022-08-05 13:26:00,995,995,995,995,0
2022-08-05 13:27:00,995,995,995,995,0
2022-08-05 13:28:00,995,995,995,995,0
2022-08-05 13:29:00,995,995,995,995,0
2022-08-05 13:30:00,995,995,1000,1000,553400
2022-08-05 13:31:00,1000,1000,1005,1005,0
2022-08-05 13:32:00,1005,1000,1005,1000,29800
2022-08-05 13:33:00,1000,1000,1000,1000,28000
2022-08-05 13:34:00,1000,1000,1000,1000,2000
2022-08-05 13:35:00,1000,1000,1000,1000,100
2022-08-05 13:36:00,1000,1000,1000,1000,54800
2022-08-05 13:37:00,1000,1000,1000,1000,23100
2022-08-05 13:38:00,1000,1000,1000,1000,1100
2022-08-05 13:39:00,1000,1000,1000,1000,0
2022-08-05 13:40:00,1000,1000,1005,1005,3500
2022-08-05 13:41:00,1005,1000,1005,1005,8500
2022-08-05 13:42:00,1005,1000,1005,1005,25200
2022-08-05 13:43:00,1005,1000,1005,1000,4600
2022-08-05 13:44:00,1000,1000,1005,1005,21000
2022-08-05 13:45:00,1000,1000,1000,1000,200
2022-08-05 13:46:00,1000,1000,1005,1005,706200
2022-08-05 13:47:00,1010,1010,1015,1010,1050000
2022-08-05 13:48:00,1010,1010,1015,1010,33000
2022-08-05 13:49:00,1010,1010,1020,1015,1708800
2022-08-05 13:50:00,1020,1020,1025,1020,2081800
2022-08-05 13:51:00,1020,1020,1020,1020,127300
2022-08-05 13:52:00,1015,1015,1020,1015,42600
2022-08-05 13:53:00,1015,1015,1015,1015,179400
2022-08-05 13:54:00,1015,1015,1020,1015,16500
2022-08-05 13:55:00,1015,1015,1020,1020,772700
2022-08-05 13:56:00,1020,1020,1025,1025,82000
2022-08-05 13:57:00,1020,1020,1025,1025,615900
2022-08-05 13:58:00,1025,1020,1025,1020,1541400
2022-08-05 13:59:00,1025,1020,1025,1020,762000
2022-08-05 14:00:00,1025,1020,1025,1020,871300
2022-08-05 14:01:00,1020,1020,1030,1030,1283300
2022-08-05 14:02:00,1025,1025,1035,1035,1354900
2022-08-05 14:03:00,1035,1030,1035,1030,111000
2022-08-05 14:04:00,1030,1025,1035,1030,1896300
2022-08-05 14:05:00,1030,1030,1035,1035,758100
2022-08-05 14:06:00,1035,1030,1035,1035,1384000
2022-08-05 14:07:00,1030,1030,1035,1035,248000
2022-08-05 14:08:00,1035,1030,1040,1035,858800
2022-08-05 14:09:00,1030,1030,1035,1030,5200
2022-08-05 14:10:00,1035,1030,1035,1035,72700
2022-08-05 14:11:00,1035,1030,1035,1035,280700
2022-08-05 14:12:00,1035,1035,1040,1040,1179100
2022-08-05 14:13:00,1040,1035,1045,1045,1627600
2022-08-05 14:14:00,1045,1040,1045,1040,745900
2022-08-05 14:15:00,1045,1040,1050,1045,2409800
2022-08-05 14:16:00,1045,1045,1050,1050,405600
2022-08-05 14:17:00,1045,1045,1050,1050,3557300
2022-08-05 14:18:00,1050,1045,1050,1045,1185000
2022-08-05 14:19:00,1045,1040,1050,1040,876200
2022-08-05 14:20:00,1040,1040,1045,1040,191200
2022-08-05 14:21:00,1040,1040,1045,1040,412600
2022-08-05 14:22:00,1040,1040,1040,1040,345400
2022-08-05 14:23:00,1040,1040,1045,1040,489000
2022-08-05 14:24:00,1040,1035,1040,1040,134500
2022-08-05 14:25:00,1040,1040,1045,1045,257400
2022-08-05 14:26:00,1045,1045,1045,1045,288000
2022-08-05 14:27:00,1040,1040,1045,1045,92300
2022-08-05 14:28:00,1045,1040,1045,1045,646700
2022-08-05 14:29:00,1045,1045,1045,1045,134000
2022-08-05 14:30:00,1045,1045,1045,1045,60000
2022-08-05 14:31:00,1045,1040,1045,1045,46900
2022-08-05 14:32:00,1045,1045,1045,1045,397500
2022-08-05 14:33:00,1045,1045,1050,1050,394400
2022-08-05 14:34:00,1045,1045,1050,1045,695300
2022-08-05 14:35:00,1050,1040,1050,1040,3881800
2022-08-05 14:36:00,1040,1035,1040,1035,442700
2022-08-05 14:37:00,1035,1035,1040,1035,1256900
2022-08-05 14:38:00,1035,1035,1035,1035,437900
2022-08-05 14:39:00,1030,1030,1035,1030,67100
2022-08-05 14:40:00,1035,1030,1035,1035,199300
2022-08-05 14:41:00,1035,1030,1035,1035,230600
2022-08-05 14:42:00,1035,1030,1035,1030,298300
2022-08-05 14:43:00,1035,1030,1035,1030,64100
2022-08-05 14:44:00,1035,1030,1035,1035,15100
2022-08-05 14:45:00,1035,1030,1035,1030,36100
2022-08-05 14:46:00,1035,1030,1035,1035,382900
2022-08-05 14:47:00,1030,1030,1035,1035,115100
2022-08-05 14:48:00,1035,1030,1035,1030,125900
2022-08-05 14:49:00,1030,1030,1040,1040,1845600
2022-08-05 14:50:00,1030,1030,1040,1040,0
2022-08-05 14:51:00,1030,1030,1040,1040,0
2022-08-05 14:52:00,1030,1030,1040,1040,0
2022-08-05 14:53:00,1030,1030,1040,1040,0
2022-08-05 14:54:00,1030,1030,1040,1040,0
2022-08-05 14:55:00,1030,1030,1040,1040,0
2022-08-05 14:56:00,1030,1030,1040,1040,0
2022-08-05 14:57:00,1030,1030,1040,1040,0
2022-08-05 14:58:00,1030,1030,1040,1040,0
2022-08-05 14:59:00,1030,1030,1040,1040,0
2022-08-05 15:00:00,1050,1050,1050,1050,2615600
2022-08-05 15:01:00,1050,1050,1050,1050,508900
2022-08-05 15:02:00,1050,1050,1050,1050,0
2022-08-05 15:03:00,1050,1050,1050,1050,96100
2022-08-05 15:04:00,1050,1050,1050,1050,9300
2022-08-05 15:05:00,1050,1050,1050,1050,16600
2022-08-05 15:06:00,1050,1050,1050,1050,38600
2022-08-05 15:07:00,1050,1050,1050,1050,38600
2022-08-05 15:08:00,1050,1050,1050,1050,0
2022-08-05 15:09:00,1050,1050,1050,1050,47200
2022-08-05 15:10:00,1050,1050,1050,1050,40400
2022-08-05 15:11:00,1050,1050,1050,1050,0
2022-08-05 15:12:00,1050,1050,1050,1050,0
2022-08-05 15:13:00,1050,1050,1050,1050,0
2022-08-05 15:14:00,1050,1050,1050,1050,0
2022-08-05 15:15:00,1050,1050,1050,1050,0
2022-08-05 15:16:00,1050,1050,1050,1050,0
2022-08-05 15:17:00,1050,1050,1050,1050,0
2022-08-05 15:18:00,1050,1050,1050,1050,0
2022-08-05 15:19:00,1050,1050,1050,1050,0
2022-08-05 15:20:00,1050,1050,1050,1050,0
2022-08-05 15:21:00,1050,1050,1050,1050,0
2022-08-05 15:22:00,1050,1050,1050,1050,0
2022-08-05 15:23:00,1050,1050,1050,1050,0
2022-08-05 15:24:00,1050,1050,1050,1050,0
2022-08-05 15:25:00,1050,1050,1050,1050,0
2022-08-05 15:26:00,1050,1050,1050,1050,0
2022-08-05 15:27:00,1050,1050,1050,1050,0
2022-08-05 15:28:00,1050,1050,1050,1050,0
2022-08-05 15:29:00,1050,1050,1050,1050,0
2022-08-05 15:30:00,1050,1050,1050,1050,0
2022-08-05 15:31:00,1050,1050,1050,1050,0
2022-08-05 15:32:00,1050,1050,1050,1050,0
2022-08-05 15:33:00,1050,1050,1050,1050,0
2022-08-05 15:34:00,1050,1050,1050,1050,0
2022-08-05 15:35:00,1050,1050,1050,1050,0
2022-08-05 15:36:00,1050,1050,1050,1050,0
2022-08-05 15:37:00,1050,1050,1050,1050,0
2022-08-05 15:38:00,1050,1050,1050,1050,0
2022-08-05 15:39:00,1050,1050,1050,1050,0
2022-08-05 15:40:00,1050,1050,1050,1050,0
2022-08-05 15:41:00,1050,1050,1050,1050,0
2022-08-05 15:42:00,1050,1050,1050,1050,0
2022-08-05 15:43:00,1050,1050,1050,1050,0
2022-08-05 15:44:00,1050,1050,1050,1050,0
2022-08-05 15:45:00,1050,1050,1050,1050,0
2022-08-05 15:46:00,1050,1050,1050,1050,0
2022-08-05 15:47:00,1050,1050,1050,1050,0
2022-08-05 15:48:00,1050,1050,1050,1050,0
2022-08-05 15:49:00,1050,1050,1050,1050,0
2022-08-05 15:50:00,1050,1050,1050,1050,0
2022-08-05 15:51:00,1050,1050,1050,1050,0
2022-08-05 15:52:00,1050,1050,1050,1050,0
2022-08-05 15:53:00,1050,1050,1050,1050,0
2022-08-05 15:54:00,1050,1050,1050,1050,0
2022-08-05 15:55:00,1050,1050,1050,1050,0
2022-08-05 15:56:00,1050,1050,1050,1050,0
2022-08-05 15:57:00,1050,1050,1050,1050,0
2022-08-05 15:58:00,1050,1050,1050,1050,0
2022-08-05 15:59:00,1050,1050,1050,1050,0
2022-08-08 09:00:00,1050,1040,1055,1045,0
2022-08-08 09:01:00,1045,1035,1045,1040,218700
2022-08-08 09:02:00,1040,1035,1040,1035,57800
2022-08-08 09:03:00,1035,1035,1040,1035,176800
2022-08-08 09:04:00,1035,1035,1040,1035,616500
2022-08-08 09:05:00,1035,1035,1035,1035,353300
2022-08-08 09:06:00,1035,1035,1040,1040,37100
2022-08-08 09:07:00,1040,1040,1040,1040,28100
2022-08-08 09:08:00,1045,1040,1045,1045,4700
2022-08-08 09:09:00,1045,1045,1050,1045,47100
2022-08-08 09:10:00,1045,1035,1045,1035,777500
2022-08-08 09:11:00,1040,1035,1040,1040,0
2022-08-08 09:12:00,1035,1035,1040,1040,162400
2022-08-08 09:13:00,1035,1035,1040,1040,44500
2022-08-08 09:14:00,1040,1035,1050,1050,590100
2022-08-08 09:15:00,1045,1040,1050,1045,0
2022-08-08 09:16:00,1045,1045,1045,1045,19100
2022-08-08 09:17:00,1050,1045,1050,1050,4800
2022-08-08 09:18:00,1045,1040,1050,1040,852200
2022-08-08 09:19:00,1040,1040,1045,1040,13400
2022-08-08 09:20:00,1040,1040,1040,1040,5900
2022-08-08 09:21:00,1040,1040,1045,1045,20700
2022-08-08 09:22:00,1045,1040,1045,1040,0
2022-08-08 09:23:00,1040,1040,1040,1040,3500
2022-08-08 09:24:00,1040,1040,1045,1040,12500
2022-08-08 09:25:00,1045,1045,1045,1045,19200
2022-08-08 09:26:00,1045,1040,1045,1045,6300
2022-08-08 09:27:00,1045,1040,1045,1040,6000
2022-08-08 09:28:00,1040,1040,1045,1045,29300
2022-08-08 09:29:00,1045,1040,1045,1040,16400
2022-08-08 09:30:00,1040,1040,1040,1040,14100
2022-08-08 09:31:00,1040,1040,1040,1040,16300
2022-08-08 09:32:00,1040,1040,1040,1040,65000
2022-08-08 09:33:00,1040,1040,1045,1040,2500
2022-08-08 09:34:00,1045,1040,1045,1040,9200
2022-08-08 09:35:00,1040,1040,1040,1040,19400
2022-08-08 09:36:00,1040,1040,1045,1045,21400
2022-08-08 09:37:00,1040,1040,1045,1045,179200
2022-08-08 09:38:00,1045,1040,1050,1045,139900
2022-08-08 09:39:00,1040,1040,1045,1040,6700
2022-08-08 09:40:00,1040,1040,1045,1045,36100
2022-08-08 09:41:00,1045,1045,1050,1050,151200
2022-08-08 09:42:00,1045,1045,1045,1045,3400
2022-08-08 09:43:00,1045,1040,1045,1045,800
2022-08-08 09:44:00,1045,1045,1050,1045,12600
2022-08-08 09:45:00,1045,1045,1045,1045,1800
2022-08-08 09:46:00,1050,1050,1050,1050,20400
2022-08-08 09:47:00,1050,1045,1050,1050,200
2022-08-08 09:48:00,1050,1050,1050,1050,37200
2022-08-08 09:49:00,1050,1050,1050,1050,368900
2022-08-08 09:50:00,1055,1055,1060,1060,1274100
2022-08-08 09:51:00,1055,1055,1060,1055,96800
2022-08-08 09:52:00,1055,1055,1060,1060,536000
2022-08-08 09:53:00,1060,1060,1065,1065,891100
2022-08-08 09:54:00,1065,1060,1065,1060,20100
2022-08-08 09:55:00,1065,1060,1065,1060,34900
2022-08-08 09:56:00,1060,1060,1065,1065,29600
2022-08-08 09:57:00,1065,1060,1065,1060,632100
2022-08-08 09:58:00,1060,1060,1065,1060,13900
2022-08-08 09:59:00,1060,1060,1070,1070,1926700
2022-08-08 10:00:00,1070,1065,1070,1065,7600
2022-08-08 10:01:00,1065,1065,1070,1065,26500
2022-08-08 10:02:00,1065,1065,1075,1070,547100
2022-08-08 10:03:00,1075,1065,1075,1070,484700
2022-08-08 10:04:00,1070,1070,1075,1070,171000
2022-08-08 10:05:00,1070,1070,1075,1075,245200
2022-08-08 10:06:00,1075,1070,1075,1075,14500
2022-08-08 10:07:00,1075,1070,1075,1070,10300
2022-08-08 10:08:00,1070,1070,1070,1070,185000
2022-08-08 10:09:00,1075,1065,1075,1065,618000
2022-08-08 10:10:00,1065,1065,1070,1065,5000
2022-08-08 10:11:00,1065,1065,1075,1070,463200
2022-08-08 10:12:00,1075,1070,1075,1075,64800
2022-08-08 10:13:00,1075,1070,1075,1070,282600
2022-08-08 10:14:00,1065,1065,1065,1065,3200
2022-08-08 10:15:00,1065,1065,1065,1065,23200
2022-08-08 10:16:00,1065,1065,1070,1065,5200
2022-08-08 10:17:00,1065,1065,1065,1065,53400
2022-08-08 10:18:00,1065,1065,1070,1065,440900
2022-08-08 10:19:00,1065,1060,1065,1065,7100
2022-08-08 10:20:00,1060,1060,1065,1065,30000
2022-08-08 10:21:00,1065,1065,1065,1065,50800
2022-08-08 10:22:00,1065,1065,1065,1065,15400
2022-08-08 10:23:00,1065,1065,1065,1065,4800
2022-08-08 10:24:00,1065,1060,1070,1060,679300
2022-08-08 10:25:00,1060,1060,1070,1070,0
2022-08-08 10:26:00,1065,1065,1065,1065,17800
2022-08-08 10:27:00,1065,1065,1065,1065,10900
2022-08-08 10:28:00,1060,1060,1065,1065,19000
2022-08-08 10:29:00,1065,1065,1065,1065,0
2022-08-08 10:30:00,1065,1065,1065,1065,1200
2022-08-08 10:31:00,1060,1060,1060,1060,700
2022-08-08 10:32:00,1060,1055,1065,1065,606500
2022-08-08 10:33:00,1060,1055,1060,1055,1700
2022-08-08 10:34:00,1055,1055,1060,1060,57000
2022-08-08 10:35:00,1060,1060,1060,1060,23800
2022-08-08 10:36:00,1060,1060,1065,1065,0
2022-08-08 10:37:00,1060,1055,1065,1055,160600
2022-08-08 10:38:00,1060,1060,1060,1060,1900
2022-08-08 10:39:00,1055,1055,1060,1055,6900
2022-08-08 10:40:00,1060,1060,1060,1060,2700
2022-08-08 10:41:00,1055,1055,1055,1055,59600
2022-08-08 10:42:00,1060,1060,1060,1060,0
2022-08-08 10:43:00,1060,1060,1060,1060,0
2022-08-08 10:44:00,1060,1055,1060,1055,800
2022-08-08 10:45:00,1060,1060,1060,1060,1200
2022-08-08 10:46:00,1060,1060,1060,1060,0
2022-08-08 10:47:00,1055,1055,1055,1055,1000
2022-08-08 10:48:00,1055,1055,1055,1055,34200
2022-08-08 10:49:00,1055,1055,1055,1055,113100
2022-08-08 10:50:00,1055,1055,1055,1055,52300
2022-08-08 10:51:00,1055,1055,1055,1055,228000
2022-08-08 10:52:00,1050,1050,1050,1050,10300
2022-08-08 10:53:00,1060,1050,1060,1050,657900
2022-08-08 10:54:00,1055,1055,1055,1055,0
2022-08-08 10:55:00,1055,1055,1055,1055,7600
2022-08-08 10:56:00,1055,1055,1060,1055,5300
2022-08-08 10:57:00,1060,1060,1060,1060,0
2022-08-08 10:58:00,1060,1055,1060,1060,35300
2022-08-08 10:59:00,1060,1055,1060,1060,0
2022-08-08 11:00:00,1060,1060,1060,1060,6500
2022-08-08 11:01:00,1060,1060,1060,1060,0
2022-08-08 11:02:00,1060,1060,1060,1060,18600
2022-08-08 11:03:00,1055,1055,1055,1055,37700
2022-08-08 11:04:00,1050,1050,1055,1055,2900
2022-08-08 11:05:00,1055,1050,1055,1055,2300
2022-08-08 11:06:00,1055,1050,1055,1050,4400
2022-08-08 11:07:00,1050,1050,1050,1050,315600
2022-08-08 11:08:00,1050,1050,1050,1050,7000
2022-08-08 11:09:00,1055,1050,1055,1050,10500
2022-08-08 11:10:00,1055,1055,1055,1055,0
2022-08-08 11:11:00,1055,1050,1055,1050,9000
2022-08-08 11:12:00,1050,1050,1050,1050,144400
2022-08-08 11:13:00,1050,1050,1050,1050,25400
2022-08-08 11:14:00,1050,1050,1050,1050,48500
2022-08-08 11:15:00,1045,1045,1050,1050,231400
2022-08-08 11:16:00,1050,1040,1050,1040,1806200
2022-08-08 11:17:00,1040,1035,1040,1040,545600
2022-08-08 11:18:00,1040,1030,1040,1035,2065000
2022-08-08 11:19:00,1035,1030,1035,1035,230200
2022-08-08 11:20:00,1030,1030,1035,1030,71000
2022-08-08 11:21:00,1030,1030,1035,1035,107800
2022-08-08 11:22:00,1035,1030,1035,1035,83600
2022-08-08 11:23:00,1035,1030,1035,1035,9600
2022-08-08 11:24:00,1035,1030,1035,1030,30300
2022-08-08 11:25:00,1035,1030,1040,1040,163700
2022-08-08 11:26:00,1040,1035,1040,1040,47700
2022-08-08 11:27:00,1040,1030,1040,1030,762700
2022-08-08 11:28:00,1035,1035,1035,1035,17900
2022-08-08 11:29:00,1030,1025,1035,1030,763900
2022-08-08 11:30:00,1030,1025,1035,1030,0
2022-08-08 11:31:00,1030,1025,1035,1030,0
2022-08-08 11:32:00,1030,1025,1035,1030,0
2022-08-08 11:33:00,1030,1025,1035,1030,0
2022-08-08 11:34:00,1030,1025,1035,1030,0
2022-08-08 11:35:00,1030,1025,1035,1030,0
2022-08-08 11:36:00,1030,1025,1035,1030,0
2022-08-08 11:37:00,1030,1025,1035,1030,0
2022-08-08 11:38:00,1030,1025,1035,1030,0
2022-08-08 11:39:00,1030,1025,1035,1030,0
2022-08-08 11:40:00,1030,1025,1035,1030,0
2022-08-08 11:41:00,1030,1025,1035,1030,0
2022-08-08 11:42:00,1030,1025,1035,1030,0
2022-08-08 11:43:00,1030,1025,1035,1030,0
2022-08-08 11:44:00,1030,1025,1035,1030,0
2022-08-08 11:45:00,1030,1025,1035,1030,0
2022-08-08 11:46:00,1030,1025,1035,1030,0
2022-08-08 11:47:00,1030,1025,1035,1030,0
2022-08-08 11:48:00,1030,1025,1035,1030,0
2022-08-08 11:49:00,1030,1025,1035,1030,0
2022-08-08 11:50:00,1030,1025,1035,1030,0
2022-08-08 11:51:00,1030,1025,1035,1030,0
2022-08-08 11:52:00,1030,1025,1035,1030,0
2022-08-08 11:53:00,1030,1025,1035,1030,0
2022-08-08 11:54:00,1030,1025,1035,1030,0
2022-08-08 11:55:00,1030,1025,1035,1030,0
2022-08-08 11:56:00,1030,1025,1035,1030,0
2022-08-08 11:57:00,1030,1025,1035,1030,0
2022-08-08 11:58:00,1030,1025,1035,1030,0
2022-08-08 11:59:00,1030,1025,1035,1030,0
2022-08-08 12:00:00,1030,1025,1035,1030,0
2022-08-08 12:01:00,1030,1025,1035,1030,0
2022-08-08 12:02:00,1030,1025,1035,1030,0
2022-08-08 12:03:00,1030,1025,1035,1030,0
2022-08-08 12:04:00,1030,1025,1035,1030,0
2022-08-08 12:05:00,1030,1025,1035,1030,0
2022-08-08 12:06:00,1030,1025,1035,1030,0
2022-08-08 12:07:00,1030,1025,1035,1030,0
2022-08-08 12:08:00,1030,1025,1035,1030,0
2022-08-08 12:09:00,1030,1025,1035,1030,0
2022-08-08 12:10:00,1030,1025,1035,1030,0
2022-08-08 12:11:00,1030,1025,1035,1030,0
2022-08-08 12:12:00,1030,1025,1035,1030,0
2022-08-08 12:13:00,1030,1025,1035,1030,0
2022-08-08 12:14:00,1030,1025,1035,1030,0
2022-08-08 12:15:00,1030,1025,1035,1030,0
2022-08-08 12:16:00,1030,1025,1035,1030,0
2022-08-08 12:17:00,1030,1025,1035,1030,0
2022-08-08 12:18:00,1030,1025,1035,1030,0
2022-08-08 12:19:00,1030,1025,1035,1030,0
2022-08-08 12:20:00,1030,1025,1035,1030,0
2022-08-08 12:21:00,1030,1025,1035,1030,0
2022-08-08 12:22:00,1030,1025,1035,1030,0
2022-08-08 12:23:00,1030,1025,1035,1030,0
2022-08-08 12:24:00,1030,1025,1035,1030,0
2022-08-08 12:25:00,1030,1025,1035,1030,0
2022-08-08 12:26:00,1030,1025,1035,1030,0
2022-08-08 12:27:00,1030,1025,1035,1030,0
2022-08-08 12:28:00,1030,1025,1035,1030,0
2022-08-08 12:29:00,1030,1025,1035,1030,0
2022-08-08 12:30:00,1030,1025,1035,1030,0
2022-08-08 12:31:00,1030,1025,1035,1030,0
2022-08-08 12:32:00,1030,1025,1035,1030,0
2022-08-08 12:33:00,1030,1025,1035,1030,0
2022-08-08 12:34:00,1030,1025,1035,1030,0
2022-08-08 12:35:00,1030,1025,1035,1030,0
2022-08-08 12:36:00,1030,1025,1035,1030,0
2022-08-08 12:37:00,1030,1025,1035,1030,0
2022-08-08 12:38:00,1030,1025,1035,1030,0
2022-08-08 12:39:00,1030,1025,1035,1030,0
2022-08-08 12:40:00,1030,1025,1035,1030,0
2022-08-08 12:41:00,1030,1025,1035,1030,0
2022-08-08 12:42:00,1030,1025,1035,1030,0
2022-08-08 12:43:00,1030,1025,1035,1030,0
2022-08-08 12:44:00,1030,1025,1035,1030,0
2022-08-08 12:45:00,1030,1025,1035,1030,0
2022-08-08 12:46:00,1030,1025,1035,1030,0
2022-08-08 12:47:00,1030,1025,1035,1030,0
2022-08-08 12:48:00,1030,1025,1035,1030,0
2022-08-08 12:49:00,1030,1025,1035,1030,0
2022-08-08 12:50:00,1030,1025,1035,1030,0
2022-08-08 12:51:00,1030,1025,1035,1030,0
2022-08-08 12:52:00,1030,1025,1035,1030,0
2022-08-08 12:53:00,1030,1025,1035,1030,0
2022-08-08 12:54:00,1030,1025,1035,1030,0
2022-08-08 12:55:00,1030,1025,1035,1030,0
2022-08-08 12:56:00,1030,1025,1035,1030,0
2022-08-08 12:57:00,1030,1025,1035,1030,0
2022-08-08 12:58:00,1030,1025,1035,1030,0
2022-08-08 12:59:00,1030,1025,1035,1030,0
2022-08-08 13:00:00,1030,1025,1035,1030,0
2022-08-08 13:01:00,1030,1025,1035,1030,0
2022-08-08 13:02:00,1030,1025,1035,1030,0
2022-08-08 13:03:00,1030,1025,1035,1030,0
2022-08-08 13:04:00,1030,1025,1035,1030,0
2022-08-08 13:05:00,1030,1025,1035,1030,0
2022-08-08 13:06:00,1030,1025,1035,1030,0
2022-08-08 13:07:00,1030,1025,1035,1030,0
2022-08-08 13:08:00,1030,1025,1035,1030,0
2022-08-08 13:09:00,1030,1025,1035,1030,0
2022-08-08 13:10:00,1030,1025,1035,1030,0
2022-08-08 13:11:00,1030,1025,1035,1030,0
2022-08-08 13:12:00,1030,1025,1035,1030,0
2022-08-08 13:13:00,1030,1025,1035,1030,0
2022-08-08 13:14:00,1030,1025,1035,1030,0
2022-08-08 13:15:00,1030,1025,1035,1030,0
2022-08-08 13:16:00,1030,1025,1035,1030,0
2022-08-08 13:17:00,1030,1025,1035,1030,0
2022-08-08 13:18:00,1030,1025,1035,1030,0
2022-08-08 13:19:00,1030,1025,1035,1030,0
2022-08-08 13:20:00,1030,1025,1035,1030,0
2022-08-08 13:21:00,1030,1025,1035,1030,0
2022-08-08 13:22:00,1030,1025,1035,1030,0
2022-08-08 13:23:00,1030,1025,1035,1030,0
2022-08-08 13:24:00,1030,1025,1035,1030,0
2022-08-08 13:25:00,1030,1025,1035,1030,0
2022-08-08 13:26:00,1030,1025,1035,1030,0
2022-08-08 13:27:00,1030,1025,1035,1030,0
2022-08-08 13:28:00,1030,1025,1035,1030,0
2022-08-08 13:29:00,1030,1025,1035,1030,0
2022-08-08 13:30:00,1030,1025,1040,1025,1498400
2022-08-08 13:31:00,1025,1025,1030,1025,355100
2022-08-08 13:32:00,1025,1020,1030,1020,514100
2022-08-08 13:33:00,1020,1010,1025,1015,1451400
2022-08-08 13:34:00,1015,1010,1020,1015,308000
2022-08-08 13:35:00,1020,1015,1025,1025,279400
2022-08-08 13:36:00,1025,1020,1025,1020,44800
2022-08-08 13:37:00,1025,1020,1025,1025,58700
2022-08-08 13:38:00,1020,1020,1025,1020,275600
2022-08-08 13:39:00,1020,1010,1020,1015,610800
2022-08-08 13:40:00,1015,1010,1020,1020,601100
2022-08-08 13:41:00,1020,1015,1020,1015,308100
2022-08-08 13:42:00,1020,1020,1020,1020,7600
2022-08-08 13:43:00,1020,1015,1020,1015,1288300
2022-08-08 13:44:00,1015,1005,1015,1010,1234400
2022-08-08 13:45:00,1010,1005,1010,1010,516400
2022-08-08 13:46:00,1010,1005,1010,1005,1817700
2022-08-08 13:47:00,1005,1005,1010,1010,292400
2022-08-08 13:48:00,1010,1005,1015,1015,1829800
2022-08-08 13:49:00,1015,1010,1015,1015,865800
2022-08-08 13:50:00,1015,1015,1020,1020,108400
2022-08-08 13:51:00,1020,1015,1025,1020,1636400
2022-08-08 13:52:00,1020,1020,1020,1020,32400
2022-08-08 13:53:00,1020,1015,1020,1020,205900
2022-08-08 13:54:00,1020,1015,1020,1020,115200
2022-08-08 13:55:00,1020,1015,1020,1020,54800
2022-08-08 13:56:00,1020,1020,1020,1020,109200
2022-08-08 13:57:00,1020,1010,1020,1015,1863800
2022-08-08 13:58:00,1015,1010,1020,1015,158000
2022-08-08 13:59:00,1015,1015,1015,1015,249400
2022-08-08 14:00:00,1015,1010,1020,1015,131600
2022-08-08 14:01:00,1015,1015,1020,1020,0
2022-08-08 14:02:00,1020,1020,1020,1020,32600
2022-08-08 14:03:00,1020,1015,1020,1015,60800
2022-08-08 14:04:00,1015,1015,1020,1020,54900
2022-08-08 14:05:00,1015,1015,1030,1025,1066900
2022-08-08 14:06:00,1025,1020,1025,1020,46600
2022-08-08 14:07:00,1020,1020,1025,1020,63800
2022-08-08 14:08:00,1020,1020,1020,1020,112000
2022-08-08 14:09:00,1025,1025,1025,1025,112900
2022-08-08 14:10:00,1025,1025,1025,1025,42500
2022-08-08 14:11:00,1025,1020,1025,1025,79700
2022-08-08 14:12:00,1020,1020,1025,1020,0
2022-08-08 14:13:00,1025,1025,1025,1025,55900
2022-08-08 14:14:00,1025,1025,1030,1030,274300
2022-08-08 14:15:00,1030,1025,1030,1025,2900
2022-08-08 14:16:00,1025,1025,1025,1025,351400
2022-08-08 14:17:00,1025,1020,1025,1020,367500
2022-08-08 14:18:00,1020,1020,1020,1020,17100
2022-08-08 14:19:00,1020,1020,1025,1025,17000
2022-08-08 14:20:00,1025,1025,1025,1025,102800
2022-08-08 14:21:00,1020,1020,1020,1020,64000
2022-08-08 14:22:00,1020,1020,1020,1020,49400
2022-08-08 14:23:00,1025,1020,1025,1020,0
2022-08-08 14:24:00,1020,1020,1020,1020,44900
2022-08-08 14:25:00,1020,1020,1020,1020,23000
2022-08-08 14:26:00,1015,1015,1020,1015,10700
2022-08-08 14:27:00,1015,1015,1020,1020,114500
2022-08-08 14:28:00,1020,1020,1025,1025,3800
2022-08-08 14:29:00,1020,1020,1020,1020,26000
2022-08-08 14:30:00,1020,1020,1025,1025,9600
2022-08-08 14:31:00,1020,1020,1035,1020,524800
2022-08-08 14:32:00,1030,1020,1055,1045,2586500
2022-08-08 14:33:00,1040,1035,1055,1040,1658200
2022-08-08 14:34:00,1040,1035,1055,1035,1240100
2022-08-08 14:35:00,1040,1040,1055,1040,1376300
2022-08-08 14:36:00,1040,1035,1055,1055,1390500
2022-08-08 14:37:00,1040,1040,1040,1040,47900
2022-08-08 14:38:00,1040,1040,1040,1040,28300
2022-08-08 14:39:00,1040,1035,1040,1040,285800
2022-08-08 14:40:00,1045,1040,1045,1040,15600
2022-08-08 14:41:00,1040,1035,1040,1035,621800
2022-08-08 14:42:00,1040,1040,1055,1040,1982500
2022-08-08 14:43:00,1040,1040,1045,1040,692000
2022-08-08 14:44:00,1040,1035,1050,1040,1350800
2022-08-08 14:45:00,1045,1035,1045,1035,592800
2022-08-08 14:46:00,1035,1020,1035,1020,2744800
2022-08-08 14:47:00,1020,1020,1025,1025,176500
2022-08-08 14:48:00,1025,1020,1025,1020,652800
2022-08-08 14:49:00,1020,1020,1025,1020,733900
2022-08-08 14:50:00,1020,1020,1025,1020,0
2022-08-08 14:51:00,1020,1020,1025,1020,0
2022-08-08 14:52:00,1020,1020,1025,1020,0
2022-08-08 14:53:00,1020,1020,1025,1020,0
2022-08-08 14:54:00,1020,1020,1025,1020,0
2022-08-08 14:55:00,1020,1020,1025,1020,0
2022-08-08 14:56:00,1020,1020,1025,1020,0
2022-08-08 14:57:00,1020,1020,1025,1020,0
2022-08-08 14:58:00,1020,1020,1025,1020,0
2022-08-08 14:59:00,1020,1020,1025,1020,0
2022-08-08 15:00:00,1040,1040,1040,1040,5000500
2022-08-08 15:01:00,1040,1040,1040,1040,4100
2022-08-08 15:02:00,1040,1040,1040,1040,33300
2022-08-08 15:03:00,1040,1040,1040,1040,2100
2022-08-08 15:04:00,1040,1040,1040,1040,1200
2022-08-08 15:05:00,1040,1040,1040,1040,60200
2022-08-08 15:06:00,1040,1040,1040,1040,0
2022-08-08 15:07:00,1040,1040,1040,1040,1900
2022-08-08 15:08:00,1040,1040,1040,1040,1000
2022-08-08 15:09:00,1040,1040,1040,1040,4000
2022-08-08 15:10:00,1040,1040,1040,1040,200
2022-08-08 15:11:00,1040,1040,1040,1040,0
2022-08-08 15:12:00,1040,1040,1040,1040,0
2022-08-08 15:13:00,1040,1040,1040,1040,0
2022-08-08 15:14:00,1040,1040,1040,1040,0
2022-08-08 15:15:00,1040,1040,1040,1040,0
2022-08-08 15:16:00,1040,1040,1040,1040,0
2022-08-08 15:17:00,1040,1040,1040,1040,0
2022-08-08 15:18:00,1040,1040,1040,1040,0
2022-08-08 15:19:00,1040,1040,1040,1040,0
2022-08-08 15:20:00,1040,1040,1040,1040,0
2022-08-08 15:21:00,1040,1040,1040,1040,0
2022-08-08 15:22:00,1040,1040,1040,1040,0
2022-08-08 15:23:00,1040,1040,1040,1040,0
2022-08-08 15:24:00,1040,1040,1040,1040,0
2022-08-08 15:25:00,1040,1040,1040,1040,0
2022-08-08 15:26:00,1040,1040,1040,1040,0
2022-08-08 15:27:00,1040,1040,1040,1040,0
2022-08-08 15:28:00,1040,1040,1040,1040,0
2022-08-08 15:29:00,1040,1040,1040,1040,0
2022-08-08 15:30:00,1040,1040,1040,1040,0
2022-08-08 15:31:00,1040,1040,1040,1040,0
2022-08-08 15:32:00,1040,1040,1040,1040,0
2022-08-08 15:33:00,1040,1040,1040,1040,0
2022-08-08 15:34:00,1040,1040,1040,1040,0
2022-08-08 15:35:00,1040,1040,1040,1040,0
2022-08-08 15:36:00,1040,1040,1040,1040,0
2022-08-08 15:37:00,1040,1040,1040,1040,0
2022-08-08 15:38:00,1040,1040,1040,1040,0
2022-08-08 15:39:00,1040,1040,1040,1040,0
2022-08-08 15:40:00,1040,1040,1040,1040,0
2022-08-08 15:41:00,1040,1040,1040,1040,0
2022-08-08 15:42:00,1040,1040,1040,1040,0
2022-08-08 15:43:00,1040,1040,1040,1040,0
2022-08-08 15:44:00,1040,1040,1040,1040,0
2022-08-08 15:45:00,1040,1040,1040,1040,0
2022-08-08 15:46:00,1040,1040,1040,1040,0
2022-08-08 15:47:00,1040,1040,1040,1040,0
2022-08-08 15:48:00,1040,1040,1040,1040,0
2022-08-08 15:49:00,1040,1040,1040,1040,0
2022-08-08 15:50:00,1040,1040,1040,1040,0
2022-08-08 15:51:00,1040,1040,1040,1040,0
2022-08-08 15:52:00,1040,1040,1040,1040,0
2022-08-08 15:53:00,1040,1040,1040,1040,0
2022-08-08 15:54:00,1040,1040,1040,1040,0
2022-08-08 15:55:00,1040,1040,1040,1040,0
2022-08-08 15:56:00,1040,1040,1040,1040,0
2022-08-08 15:57:00,1040,1040,1040,1040,0
2022-08-08 15:58:00,1040,1040,1040,1040,0
2022-08-08 15:59:00,1040,1040,1040,1040,0
2022-08-09 09:00:00,1035,1035,1045,1040,267800
2022-08-09 09:01:00,1040,1035,1040,1035,38400
2022-08-09 09:02:00,1035,1035,1040,1035,93400
2022-08-09 09:03:00,1035,1035,1035,1035,31800
2022-08-09 09:04:00,1035,1035,1035,1035,90600
2022-08-09 09:05:00,1035,1030,1035,1035,27700
2022-08-09 09:06:00,1035,1035,1040,1040,3300
2022-08-09 09:07:00,1035,1035,1040,1035,76900
2022-08-09 09:08:00,1035,1030,1035,1030,156200
2022-08-09 09:09:00,1030,1025,1030,1030,331300
2022-08-09 09:10:00,1025,1025,1030,1030,74700
2022-08-09 09:11:00,1025,1025,1035,1030,53700
2022-08-09 09:12:00,1035,1035,1040,1035,78900
2022-08-09 09:13:00,1030,1025,1035,1025,112900
2022-08-09 09:14:00,1025,1025,1030,1025,24300
2022-08-09 09:15:00,1030,1030,1030,1030,43900
2022-08-09 09:16:00,1030,1030,1035,1030,3300
2022-08-09 09:17:00,1035,1025,1035,1030,132800
2022-08-09 09:18:00,1030,1030,1030,1030,31000
2022-08-09 09:19:00,1030,1030,1050,1050,1128400
2022-08-09 09:20:00,1050,1035,1050,1035,0
2022-08-09 09:21:00,1035,1035,1035,1035,1000
2022-08-09 09:22:00,1040,1035,1045,1035,900
2022-08-09 09:23:00,1035,1035,1035,1035,112600
2022-08-09 09:24:00,1040,1040,1040,1040,0
2022-08-09 09:25:00,1040,1035,1040,1035,88600
2022-08-09 09:26:00,1035,1035,1040,1035,46000
2022-08-09 09:27:00,1035,1035,1040,1035,12200
2022-08-09 09:28:00,1035,1030,1035,1030,298700
2022-08-09 09:29:00,1030,1025,1035,1030,367200
2022-08-09 09:30:00,1035,1030,1035,1035,0
2022-08-09 09:31:00,1035,1030,1035,1035,30100
2022-08-09 09:32:00,1035,1035,1035,1035,70200
2022-08-09 09:33:00,1030,1025,1035,1035,138300
2022-08-09 09:34:00,1030,1025,1035,1035,0
2022-08-09 09:35:00,1030,1030,1030,1030,1300
2022-08-09 09:36:00,1030,1025,1030,1030,53600
2022-08-09 09:37:00,1030,1025,1035,1030,15700
2022-08-09 09:38:00,1025,1025,1030,1030,12500
2022-08-09 09:39:00,1030,1030,1030,1030,4800
2022-08-09 09:40:00,1030,1030,1030,1030,46300
2022-08-09 09:41:00,1030,1030,1030,1030,4000
2022-08-09 09:42:00,1030,1030,1030,1030,36200
2022-08-09 09:43:00,1030,1030,1030,1030,27600
2022-08-09 09:44:00,1030,1030,1030,1030,0
2022-08-09 09:45:00,1030,1025,1030,1025,150900
2022-08-09 09:46:00,1025,1025,1030,1030,67200
2022-08-09 09:47:00,1030,1030,1030,1030,46700
2022-08-09 09:48:00,1030,1030,1035,1035,0
2022-08-09 09:49:00,1035,1035,1035,1035,0
2022-08-09 09:50:00,1030,1030,1030,1030,13200
2022-08-09 09:51:00,1035,1035,1035,1035,10000
2022-08-09 09:52:00,1035,1030,1035,1030,58100
2022-08-09 09:53:00,1030,1025,1030,1030,24800
2022-08-09 09:54:00,1030,1025,1030,1025,12800
2022-08-09 09:55:00,1025,1025,1035,1035,51900
2022-08-09 09:56:00,1030,1030,1030,1030,1100
2022-08-09 09:57:00,1030,1030,1035,1030,38700
2022-08-09 09:58:00,1035,1030,1035,1030,21200
2022-08-09 09:59:00,1030,1030,1030,1030,4100
2022-08-09 10:00:00,1030,1030,1035,1035,26500
2022-08-09 10:01:00,1035,1035,1035,1035,0
2022-08-09 10:02:00,1035,1035,1035,1035,0
2022-08-09 10:03:00,1035,1035,1035,1035,1000
2022-08-09 10:04:00,1035,1035,1035,1035,0
2022-08-09 10:05:00,1035,1035,1035,1035,7400
2022-08-09 10:06:00,1035,1035,1035,1035,0
2022-08-09 10:07:00,1030,1030,1030,1030,11300
2022-08-09 10:08:00,1030,1030,1030,1030,400600
2022-08-09 10:09:00,1030,1030,1030,1030,5600
2022-08-09 10:10:00,1025,1025,1025,1025,18100
2022-08-09 10:11:00,1025,1025,1025,1025,1800
2022-08-09 10:12:00,1030,1030,1030,1030,32300
2022-08-09 10:13:00,1030,1025,1030,1025,0
2022-08-09 10:14:00,1030,1025,1030,1025,6800
2022-08-09 10:15:00,1030,1030,1030,1030,0
2022-08-09 10:16:00,1030,1025,1030,1030,63900
2022-08-09 10:17:00,1025,1025,1030,1030,56000
2022-08-09 10:18:00,1030,1030,1030,1030,20100
2022-08-09 10:19:00,1030,1025,1030,1025,50100
2022-08-09 10:20:00,1030,1025,1030,1025,32900
2022-08-09 10:21:00,1025,1025,1025,1025,0
2022-08-09 10:22:00,1025,1025,1035,1035,661800
2022-08-09 10:23:00,1035,1030,1035,1035,452300
2022-08-09 10:24:00,1035,1035,1040,1040,81300
2022-08-09 10:25:00,1040,1035,1050,1045,798000
2022-08-09 10:26:00,1050,1040,1050,1040,534400
2022-08-09 10:27:00,1040,1040,1040,1040,14100
2022-08-09 10:28:00,1040,1040,1040,1040,0
2022-08-09 10:29:00,1040,1040,1045,1045,35800
2022-08-09 10:30:00,1045,1040,1045,1040,3000
2022-08-09 10:31:00,1040,1040,1040,1040,600
2022-08-09 10:32:00,1040,1040,1045,1040,14600
2022-08-09 10:33:00,1045,1045,1045,1045,12600
2022-08-09 10:34:00,1045,1040,1045,1040,11800
2022-08-09 10:35:00,1040,1040,1040,1040,0
2022-08-09 10:36:00,1040,1040,1040,1040,9400
2022-08-09 10:37:00,1040,1040,1040,1040,77500
2022-08-09 10:38:00,1040,1040,1040,1040,73800
2022-08-09 10:39:00,1040,1040,1040,1040,0
2022-08-09 10:40:00,1040,1040,1040,1040,361000
2022-08-09 10:41:00,1040,1040,1040,1040,200
2022-08-09 10:42:00,1040,1040,1040,1040,0
2022-08-09 10:43:00,1040,1040,1040,1040,0
2022-08-09 10:44:00,1035,1035,1035,1035,28200
2022-08-09 10:45:00,1035,1035,1040,1040,11045500
2022-08-09 10:46:00,1040,1035,1050,1050,12256600
2022-08-09 10:47:00,1045,1045,1050,1045,387400
2022-08-09 10:48:00,1045,1045,1045,1045,300
2022-08-09 10:49:00,1040,1040,1045,1045,193500
2022-08-09 10:50:00,1040,1040,1040,1040,69300
2022-08-09 10:51:00,1040,1030,1040,1030,1019900
2022-08-09 10:52:00,1040,1030,1040,1030,0
2022-08-09 10:53:00,1035,1035,1035,1035,6800
2022-08-09 10:54:00,1035,1035,1035,1035,8900
2022-08-09 10:55:00,1040,1040,1040,1040,200
2022-08-09 10:56:00,1040,1040,1040,1040,0
2022-08-09 10:57:00,1035,1035,1035,1035,4500
2022-08-09 10:58:00,1035,1035,1035,1035,0
2022-08-09 10:59:00,1035,1035,1035,1035,6500
2022-08-09 11:00:00,1035,1035,1035,1035,0
2022-08-09 11:01:00,1035,1035,1035,1035,100
2022-08-09 11:02:00,1035,1035,1035,1035,700
2022-08-09 11:03:00,1040,1035,1040,1035,9500
2022-08-09 11:04:00,1035,1035,1035,1035,55800
2022-08-09 11:05:00,1035,1035,1035,1035,7200
2022-08-09 11:06:00,1035,1030,1035,1035,12200
2022-08-09 11:07:00,1035,1030,1035,1030,24900
2022-08-09 11:08:00,1030,1030,1030,1030,0
2022-08-09 11:09:00,1030,1030,1030,1030,100
2022-08-09 11:10:00,1035,1035,1035,1035,1800
2022-08-09 11:11:00,1030,1030,1035,1035,10200
2022-08-09 11:12:00,1035,1030,1035,1030,7900
2022-08-09 11:13:00,1030,1030,1030,1030,0
2022-08-09 11:14:00,1030,1030,1030,1030,100
2022-08-09 11:15:00,1035,1035,1035,1035,100
2022-08-09 11:16:00,1035,1035,1035,1035,400
2022-08-09 11:17:00,1030,1030,1030,1030,1500
2022-08-09 11:18:00,1030,1030,1030,1030,266200
2022-08-09 11:19:00,1030,1025,1030,1030,35400
2022-08-09 11:20:00,1030,1030,1030,1030,100
2022-08-09 11:21:00,1030,1025,1030,1030,55500
2022-08-09 11:22:00,1030,1030,1030,1030,5600
2022-08-09 11:23:00,1030,1030,1030,1030,0
2022-08-09 11:24:00,1030,1030,1030,1030,4000
2022-08-09 11:25:00,1030,1030,1030,1030,400
2022-08-09 11:26:00,1025,1025,1030,1025,269700
2022-08-09 11:27:00,1020,1020,1025,1025,382400
2022-08-09 11:28:00,1025,1020,1025,1025,77700
2022-08-09 11:29:00,1020,1020,1020,1020,147000
2022-08-09 11:30:00,1020,1020,1020,1020,0
2022-08-09 11:31:00,1020,1020,1020,1020,0
2022-08-09 11:32:00,1020,1020,1020,1020,0
2022-08-09 11:33:00,1020,1020,1020,1020,0
2022-08-09 11:34:00,1020,1020,1020,1020,0
2022-08-09 11:35:00,1020,1020,1020,1020,0
2022-08-09 11:36:00,1020,1020,1020,1020,0
2022-08-09 11:37:00,1020,1020,1020,1020,0
2022-08-09 11:38:00,1020,1020,1020,1020,0
2022-08-09 11:39:00,1020,1020,1020,1020,0
2022-08-09 11:40:00,1020,1020,1020,1020,0
2022-08-09 11:41:00,1020,1020,1020,1020,0
2022-08-09 11:42:00,1020,1020,1020,1020,0
2022-08-09 11:43:00,1020,1020,1020,1020,0
2022-08-09 11:44:00,1020,1020,1020,1020,0
2022-08-09 11:45:00,1020,1020,1020,1020,0
2022-08-09 11:46:00,1020,1020,1020,1020,0
2022-08-09 11:47:00,1020,1020,1020,1020,0
2022-08-09 11:48:00,1020,1020,1020,1020,0
2022-08-09 11:49:00,1020,1020,1020,1020,0
2022-08-09 11:50:00,1020,1020,1020,1020,0
2022-08-09 11:51:00,1020,1020,1020,1020,0
2022-08-09 11:52:00,1020,1020,1020,1020,0
2022-08-09 11:53:00,1020,1020,1020,1020,0
2022-08-09 11:54:00,1020,1020,1020,1020,0
2022-08-09 11:55:00,1020,1020,1020,1020,0
2022-08-09 11:56:00,1020,1020,1020,1020,0
2022-08-09 11:57:00,1020,1020,1020,1020,0
2022-08-09 11:58:00,1020,1020,1020,1020,0
2022-08-09 11:59:00,1020,1020,1020,1020,0
2022-08-09 12:00:00,1020,1020,1020,1020,0
2022-08-09 12:01:00,1020,1020,1020,1020,0
2022-08-09 12:02:00,1020,1020,1020,1020,0
2022-08-09 12:03:00,1020,1020,1020,1020,0
2022-08-09 12:04:00,1020,1020,1020,1020,0
2022-08-09 12:05:00,1020,1020,1020,1020,0
2022-08-09 12:06:00,1020,1020,1020,1020,0
2022-08-09 12:07:00,1020,1020,1020,1020,0
2022-08-09 12:08:00,1020,1020,1020,1020,0
2022-08-09 12:09:00,1020,1020,1020,1020,0
2022-08-09 12:10:00,1020,1020,1020,1020,0
2022-08-09 12:11:00,1020,1020,1020,1020,0
2022-08-09 12:12:00,1020,1020,1020,1020,0
2022-08-09 12:13:00,1020,1020,1020,1020,0
2022-08-09 12:14:00,1020,1020,1020,1020,0
2022-08-09 12:15:00,1020,1020,1020,1020,0
2022-08-09 12:16:00,1020,1020,1020,1020,0
2022-08-09 12:17:00,1020,1020,1020,1020,0
2022-08-09 12:18:00,1020,1020,1020,1020,0
2022-08-09 12:19:00,1020,1020,1020,1020,0
2022-08-09 12:20:00,1020,1020,1020,1020,0
2022-08-09 12:21:00,1020,1020,1020,1020,0
2022-08-09 12:22:00,1020,1020,1020,1020,0
2022-08-09 12:23:00,1020,1020,1020,1020,0
2022-08-09 12:24:00,1020,1020,1020,1020,0
2022-08-09 12:25:00,1020,1020,1020,1020,0
2022-08-09 12:26:00,1020,1020,1020,1020,0
2022-08-09 12:27:00,1020,1020,1020,1020,0
2022-08-09 12:28:00,1020,1020,1020,1020,0
2022-08-09 12:29:00,1020,1020,1020,1020,0
2022-08-09 12:30:00,1020,1020,1020,1020,0
2022-08-09 12:31:00,1020,1020,1020,1020,0
2022-08-09 12:32:00,1020,1020,1020,1020,0
2022-08-09 12:33:00,1020,1020,1020,1020,0
2022-08-09 12:34:00,1020,1020,1020,1020,0
2022-08-09 12:35:00,1020,1020,1020,1020,0
2022-08-09 12:36:00,1020,1020,1020,1020,0
2022-08-09 12:37:00,1020,1020,1020,1020,0
2022-08-09 12:38:00,1020,1020,1020,1020,0
2022-08-09 12:39:00,1020,1020,1020,1020,0
2022-08-09 12:40:00,1020,1020,1020,1020,0
2022-08-09 12:41:00,1020,1020,1020,1020,0
2022-08-09 12:42:00,1020,1020,1020,1020,0
2022-08-09 12:43:00,1020,1020,1020,1020,0
2022-08-09 12:44:00,1020,1020,1020,1020,0
2022-08-09 12:45:00,1020,1020,1020,1020,0
2022-08-09 12:46:00,1020,1020,1020,1020,0
2022-08-09 12:47:00,1020,1020,1020,1020,0
2022-08-09 12:48:00,1020,1020,1020,1020,0
2022-08-09 12:49:00,1020,1020,1020,1020,0
2022-08-09 12:50:00,1020,1020,1020,1020,0
2022-08-09 12:51:00,1020,1020,1020,1020,0
2022-08-09 12:52:00,1020,1020,1020,1020,0
2022-08-09 12:53:00,1020,1020,1020,1020,0
2022-08-09 12:54:00,1020,1020,1020,1020,0
2022-08-09 12:55:00,1020,1020,1020,1020,0
2022-08-09 12:56:00,1020,1020,1020,1020,0
2022-08-09 12:57:00,1020,1020,1020,1020,0
2022-08-09 12:58:00,1020,1020,1020,1020,0
2022-08-09 12:59:00,1020,1020,1020,1020,0
2022-08-09 13:00:00,1020,1020,1020,1020,0
2022-08-09 13:01:00,1020,1020,1020,1020,0
2022-08-09 13:02:00,1020,1020,1020,1020,0
2022-08-09 13:03:00,1020,1020,1020,1020,0
2022-08-09 13:04:00,1020,1020,1020,1020,0
2022-08-09 13:05:00,1020,1020,1020,1020,0
2022-08-09 13:06:00,1020,1020,1020,1020,0
2022-08-09 13:07:00,1020,1020,1020,1020,0
2022-08-09 13:08:00,1020,1020,1020,1020,0
2022-08-09 13:09:00,1020,1020,1020,1020,0
2022-08-09 13:10:00,1020,1020,1020,1020,0
2022-08-09 13:11:00,1020,1020,1020,1020,0
2022-08-09 13:12:00,1020,1020,1020,1020,0
2022-08-09 13:13:00,1020,1020,1020,1020,0
2022-08-09 13:14:00,1020,1020,1020,1020,0
2022-08-09 13:15:00,1020,1020,1020,1020,0
2022-08-09 13:16:00,1020,1020,1020,1020,0
2022-08-09 13:17:00,1020,1020,1020,1020,0
2022-08-09 13:18:00,1020,1020,1020,1020,0
2022-08-09 13:19:00,1020,1020,1020,1020,0
2022-08-09 13:20:00,1020,1020,1020,1020,0
2022-08-09 13:21:00,1020,1020,1020,1020,0
2022-08-09 13:22:00,1020,1020,1020,1020,0
2022-08-09 13:23:00,1020,1020,1020,1020,0
2022-08-09 13:24:00,1020,1020,1020,1020,0
2022-08-09 13:25:00,1020,1020,1020,1020,0
2022-08-09 13:26:00,1020,1020,1020,1020,0
2022-08-09 13:27:00,1020,1020,1020,1020,0
2022-08-09 13:28:00,1020,1020,1020,1020,0
2022-08-09 13:29:00,1020,1020,1020,1020,0
2022-08-09 13:30:00,1030,1020,1030,1020,251100
2022-08-09 13:31:00,1020,1020,1025,1025,47400
2022-08-09 13:32:00,1025,1020,1025,1020,47100
2022-08-09 13:33:00,1020,1020,1025,1020,52400
2022-08-09 13:34:00,1025,1020,1025,1025,22000
2022-08-09 13:35:00,1025,1025,1025,1025,6600
2022-08-09 13:36:00,1025,1020,1025,1020,155900
2022-08-09 13:37:00,1020,1020,1025,1025,0
2022-08-09 13:38:00,1020,1020,1025,1025,700
2022-08-09 13:39:00,1025,1025,1025,1025,271300
2022-08-09 13:40:00,1025,1025,1030,1025,0
2022-08-09 13:41:00,1025,1020,1025,1020,256000
2022-08-09 13:42:00,1020,1020,1025,1025,7700
2022-08-09 13:43:00,1025,1020,1025,1020,118500
2022-08-09 13:44:00,1020,1020,1020,1020,185500
2022-08-09 13:45:00,1020,1015,1020,1015,210600
2022-08-09 13:46:00,1015,1015,1020,1015,122200
2022-08-09 13:47:00,1015,1015,1020,1015,757500
2022-08-09 13:48:00,1015,1010,1020,1015,514800
2022-08-09 13:49:00,1015,1010,1015,1015,195200
2022-08-09 13:50:00,1015,1015,1020,1020,67900
2022-08-09 13:51:00,1015,1015,1020,1020,70500
2022-08-09 13:52:00,1020,1020,1020,1020,3100
2022-08-09 13:53:00,1020,1015,1020,1020,49700
2022-08-09 13:54:00,1020,1015,1020,1020,11000
2022-08-09 13:55:00,1020,1015,1020,1015,112400
2022-08-09 13:56:00,1020,1020,1020,1020,83700
2022-08-09 13:57:00,1020,1015,1020,1020,12000
2022-08-09 13:58:00,1020,1015,1020,1020,0
2022-08-09 13:59:00,1015,1015,1015,1015,99800
2022-08-09 14:00:00,1015,1015,1015,1015,253100
2022-08-09 14:01:00,1015,1015,1020,1020,2900
2022-08-09 14:02:00,1015,1015,1015,1015,15800
2022-08-09 14:03:00,1020,1015,1020,1015,0
2022-08-09 14:04:00,1020,1020,1020,1020,348700
2022-08-09 14:05:00,1020,1020,1020,1020,6200
2022-08-09 14:06:00,1020,1020,1020,1020,19400
2022-08-09 14:07:00,1025,1020,1025,1020,0
2022-08-09 14:08:00,1020,1020,1020,1020,209500
2022-08-09 14:09:00,1020,1015,1020,1015,87500
2022-08-09 14:10:00,1015,1015,1015,1015,3500
2022-08-09 14:11:00,1015,1015,1015,1015,15400
2022-08-09 14:12:00,1015,1015,1020,1015,1000
2022-08-09 14:13:00,1015,1015,1020,1020,21000
2022-08-09 14:14:00,1015,1015,1020,1020,379200
2022-08-09 14:15:00,1020,1020,1020,1020,45600
2022-08-09 14:16:00,1020,1015,1020,1015,199700
2022-08-09 14:17:00,1015,1015,1015,1015,273000
2022-08-09 14:18:00,1015,1015,1020,1015,322400
2022-08-09 14:19:00,1015,1015,1015,1015,127300
2022-08-09 14:20:00,1015,1015,1015,1015,106100
2022-08-09 14:21:00,1015,1015,1015,1015,290800
2022-08-09 14:22:00,1015,1015,1015,1015,252100
2022-08-09 14:23:00,1015,1015,1015,1015,108000
2022-08-09 14:24:00,1015,1015,1015,1015,83300
2022-08-09 14:25:00,1010,1010,1015,1010,165700
2022-08-09 14:26:00,1010,1000,1010,1005,2822000
2022-08-09 14:27:00,1005,1000,1010,1005,692200
2022-08-09 14:28:00,1010,1000,1010,1000,849000
2022-08-09 14:29:00,1000,990,1005,995,2400300
2022-08-09 14:30:00,995,990,1005,1000,412800
2022-08-09 14:31:00,995,990,1000,995,1170100
2022-08-09 14:32:00,995,990,995,995,563000
2022-08-09 14:33:00,990,970,995,970,6503800
2022-08-09 14:34:00,970,970,980,980,2552400
2022-08-09 14:35:00,975,975,985,985,691200
2022-08-09 14:36:00,985,985,995,995,900900
2022-08-09 14:37:00,995,990,1005,1000,844700
2022-08-09 14:38:00,1005,1000,1010,1010,1152400
2022-08-09 14:39:00,1005,1005,1010,1010,587100
2022-08-09 14:40:00,1010,995,1010,1000,937300
2022-08-09 14:41:00,1000,995,1005,1000,736400
2022-08-09 14:42:00,1000,1000,1000,1000,432300
2022-08-09 14:43:00,995,995,1000,1000,612700
2022-08-09 14:44:00,1000,995,1010,1010,768900
2022-08-09 14:45:00,1010,1010,1015,1010,67800
2022-08-09 14:46:00,1010,1010,1015,1010,327500
2022-08-09 14:47:00,1010,1010,1015,1015,548700
2022-08-09 14:48:00,1015,1010,1015,1010,259800
2022-08-09 14:49:00,1010,1005,1020,1010,2190900
2022-08-09 14:50:00,1010,1005,1020,1010,0
2022-08-09 14:51:00,1010,1005,1020,1010,0
2022-08-09 14:52:00,1010,1005,1020,1010,0
2022-08-09 14:53:00,1010,1005,1020,1010,0
2022-08-09 14:54:00,1010,1005,1020,1010,0
2022-08-09 14:55:00,1010,1005,1020,1010,0
2022-08-09 14:56:00,1010,1005,1020,1010,0
2022-08-09 14:57:00,1010,1005,1020,1010,0
2022-08-09 14:58:00,1010,1005,1020,1010,0
2022-08-09 14:59:00,1010,1005,1020,1010,0
2022-08-09 15:00:00,1015,1015,1015,1015,2696900
2022-08-09 15:01:00,1015,1015,1015,1015,486600
2022-08-09 15:02:00,1015,1015,1015,1015,20100
2022-08-09 15:03:00,1015,1015,1015,1015,300
2022-08-09 15:04:00,1015,1015,1015,1015,4000
2022-08-09 15:05:00,1015,1015,1015,1015,19300
2022-08-09 15:06:00,1015,1015,1015,1015,0
2022-08-09 15:07:00,1015,1015,1015,1015,15300
2022-08-09 15:08:00,1015,1015,1015,1015,2000
2022-08-09 15:09:00,1015,1015,1015,1015,1700
2022-08-09 15:10:00,1015,1015,1015,1015,600
2022-08-09 15:11:00,1015,1015,1015,1015,0
2022-08-09 15:12:00,1015,1015,1015,1015,1100
2022-08-09 15:13:00,1015,1015,1015,1015,5400
2022-08-09 15:14:00,1015,1015,1015,1015,0
2022-08-09 15:15:00,1015,1015,1015,1015,0
2022-08-09 15:16:00,1015,1015,1015,1015,0
2022-08-09 15:17:00,1015,1015,1015,1015,0
2022-08-09 15:18:00,1015,1015,1015,1015,0
2022-08-09 15:19:00,1015,1015,1015,1015,0
2022-08-09 15:20:00,1015,1015,1015,1015,0
2022-08-09 15:21:00,1015,1015,1015,1015,0
2022-08-09 15:22:00,1015,1015,1015,1015,0
2022-08-09 15:23:00,1015,1015,1015,1015,0
2022-08-09 15:24:00,1015,1015,1015,1015,0
2022-08-09 15:25:00,1015,1015,1015,1015,0
2022-08-09 15:26:00,1015,1015,1015,1015,0
2022-08-09 15:27:00,1015,1015,1015,1015,0
2022-08-09 15:28:00,1015,1015,1015,1015,0
2022-08-09 15:29:00,1015,1015,1015,1015,0
2022-08-09 15:30:00,1015,1015,1015,1015,0
2022-08-09 15:31:00,1015,1015,1015,1015,0
2022-08-09 15:32:00,1015,1015,1015,1015,0
2022-08-09 15:33:00,1015,1015,1015,1015,0
2022-08-09 15:34:00,1015,1015,1015,1015,0
2022-08-09 15:35:00,1015,1015,1015,1015,0
2022-08-09 15:36:00,1015,1015,1015,1015,0
2022-08-09 15:37:00,1015,1015,1015,1015,0
2022-08-09 15:38:00,1015,1015,1015,1015,0
2022-08-09 15:39:00,1015,1015,1015,1015,0
2022-08-09 15:40:00,1015,1015,1015,1015,0
2022-08-09 15:41:00,1015,1015,1015,1015,0
2022-08-09 15:42:00,1015,1015,1015,1015,0
2022-08-09 15:43:00,1015,1015,1015,1015,0
2022-08-09 15:44:00,1015,1015,1015,1015,0
2022-08-09 15:45:00,1015,1015,1015,1015,0
2022-08-09 15:46:00,1015,1015,1015,1015,0
2022-08-09 15:47:00,1015,1015,1015,1015,0
2022-08-09 15:48:00,1015,1015,1015,1015,0
2022-08-09 15:49:00,1015,1015,1015,1015,0
2022-08-09 15:50:00,1015,1015,1015,1015,0
2022-08-09 15:51:00,1015,1015,1015,1015,0
2022-08-09 15:52:00,1015,1015,1015,1015,0
2022-08-09 15:53:00,1015,1015,1015,1015,0
2022-08-09 15:54:00,1015,1015,1015,1015,0
2022-08-09 15:55:00,1015,1015,1015,1015,0
2022-08-09 15:56:00,1015,1015,1015,1015,0
2022-08-09 15:57:00,1015,1015,1015,1015,0
2022-08-09 15:58:00,1015,1015,1015,1015,0
2022-08-09 15:59:00,1015,1015,1015,1015,0
2022-08-10 09:00:00,1015,995,1015,995,373100
2022-08-10 09:01:00,995,990,1005,995,129700
2022-08-10 09:02:00,995,995,1005,1000,275400
2022-08-10 09:03:00,1000,1000,1005,1005,134400
2022-08-10 09:04:00,1005,1000,1005,1005,39200
2022-08-10 09:05:00,1000,1000,1005,1005,153100
2022-08-10 09:06:00,1005,1000,1015,1015,376400
2022-08-10 09:07:00,1010,1010,1010,1010,40500
2022-08-10 09:08:00,1010,1005,1010,1010,0
2022-08-10 09:09:00,1010,1000,1010,1000,132100
2022-08-10 09:10:00,1000,1000,1005,1000,61200
2022-08-10 09:11:00,1005,1000,1005,1005,34300
2022-08-10 09:12:00,1000,1000,1005,1000,8700
2022-08-10 09:13:00,1000,1000,1005,1005,118800
2022-08-10 09:14:00,1000,1000,1005,1005,2800
2022-08-10 09:15:00,1005,1000,1010,1010,865400
2022-08-10 09:16:00,1010,1005,1015,1010,378700
2022-08-10 09:17:00,1010,1005,1010,1005,431800
2022-08-10 09:18:00,1005,1000,1005,1000,37600
2022-08-10 09:19:00,1000,1000,1000,1000,6300
2022-08-10 09:20:00,1000,1000,1005,1005,103700
2022-08-10 09:21:00,1005,1000,1005,1005,257900
2022-08-10 09:22:00,1005,1005,1010,1005,264600
2022-08-10 09:23:00,1010,1010,1020,1010,905200
2022-08-10 09:24:00,1015,1015,1020,1015,177200
2022-08-10 09:25:00,1015,1015,1015,1015,0
2022-08-10 09:26:00,1015,1015,1015,1015,379200
2022-08-10 09:27:00,1015,1015,1015,1015,0
2022-08-10 09:28:00,1015,1015,1015,1015,6100
2022-08-10 09:29:00,1015,1010,1015,1010,18900
2022-08-10 09:30:00,1015,1010,1015,1010,0
2022-08-10 09:31:00,1010,1010,1015,1015,103900
2022-08-10 09:32:00,1015,1015,1015,1015,243200
2022-08-10 09:33:00,1015,1015,1015,1015,5100
2022-08-10 09:34:00,1015,1010,1020,1020,502600
2022-08-10 09:35:00,1020,1020,1020,1020,7700
2022-08-10 09:36:00,1020,1015,1020,1015,302200
2022-08-10 09:37:00,1015,1015,1015,1015,0
2022-08-10 09:38:00,1015,1010,1015,1015,41000
2022-08-10 09:39:00,1015,1015,1015,1015,311500
2022-08-10 09:40:00,1015,1015,1015,1015,96900
2022-08-10 09:41:00,1015,1015,1015,1015,0
2022-08-10 09:42:00,1015,1015,1015,1015,99900
2022-08-10 09:43:00,1015,1015,1015,1015,34400
2022-08-10 09:44:00,1015,1015,1015,1015,0
2022-08-10 09:45:00,1015,1015,1015,1015,0
2022-08-10 09:46:00,1015,1015,1015,1015,0
2022-08-10 09:47:00,1015,1015,1015,1015,0
2022-08-10 09:48:00,1015,1015,1015,1015,0
2022-08-10 09:49:00,1015,1015,1015,1015,0
2022-08-10 09:50:00,1010,1010,1015,1015,58300
2022-08-10 09:51:00,1010,1010,1015,1015,0
2022-08-10 09:52:00,1015,1010,1015,1010,1400
2022-08-10 09:53:00,1010,1010,1010,1010,61700
2022-08-10 09:54:00,1010,1005,1010,1005,1465100
2022-08-10 09:55:00,1005,1005,1005,1005,0
2022-08-10 09:56:00,1005,1005,1010,1010,59400
2022-08-10 09:57:00,1010,1005,1010,1010,0
2022-08-10 09:58:00,1010,1005,1010,1010,0
2022-08-10 09:59:00,1005,1005,1005,1005,900
2022-08-10 10:00:00,1005,1005,1005,1005,19700
2022-08-10 10:01:00,1005,1005,1005,1005,35100
2022-08-10 10:02:00,1005,1005,1005,1005,0
2022-08-10 10:03:00,1005,1005,1005,1005,0
2022-08-10 10:04:00,1005,1005,1005,1005,4900
2022-08-10 10:05:00,1005,1005,1005,1005,2200
2022-08-10 10:06:00,1005,1005,1010,1010,4500
2022-08-10 10:07:00,1010,1005,1010,1010,13000
2022-08-10 10:08:00,1010,1005,1010,1010,0
2022-08-10 10:09:00,1010,1010,1010,1010,3300
2022-08-10 10:10:00,1010,1005,1010,1005,24000
2022-08-10 10:11:00,1005,1005,1005,1005,9500
2022-08-10 10:12:00,1005,1005,1005,1005,32000
2022-08-10 10:13:00,1005,1005,1005,1005,0
2022-08-10 10:14:00,1005,1005,1005,1005,16700
2022-08-10 10:15:00,1010,1005,1010,1010,0
2022-08-10 10:16:00,1010,1010,1010,1010,100
2022-08-10 10:17:00,1010,1010,1010,1010,0
2022-08-10 10:18:00,1005,1005,1005,1005,1600
2022-08-10 10:19:00,1005,1005,1005,1005,30500
2022-08-10 10:20:00,1005,1005,1005,1005,44900
2022-08-10 10:21:00,1005,1005,1005,1005,116900
2022-08-10 10:22:00,1005,1005,1010,1010,387100
2022-08-10 10:23:00,1005,1005,1005,1005,5500
2022-08-10 10:24:00,1005,1005,1005,1005,57400
2022-08-10 10:25:00,1005,1005,1005,1005,0
2022-08-10 10:26:00,1005,1005,1005,1005,59900
2022-08-10 10:27:00,1005,1005,1005,1005,500
2022-08-10 10:28:00,1005,1005,1005,1005,145100
2022-08-10 10:29:00,1005,1005,1005,1005,236000
2022-08-10 10:30:00,1005,1005,1005,1005,136300
2022-08-10 10:31:00,1000,1000,1005,1005,5200
2022-08-10 10:32:00,1010,1010,1010,1010,200
2022-08-10 10:33:00,1010,1005,1010,1005,27800
2022-08-10 10:34:00,1010,1010,1010,1010,7500
2022-08-10 10:35:00,1010,1010,1010,1010,0
2022-08-10 10:36:00,1010,1010,1010,1010,0
2022-08-10 10:37:00,1005,1005,1005,1005,15000
2022-08-10 10:38:00,1010,1005,1010,1010,1800
2022-08-10 10:39:00,1010,1005,1010,1010,0
2022-08-10 10:40:00,1010,1005,1010,1010,0
2022-08-10 10:41:00,1010,1010,1010,1010,388500
2022-08-10 10:42:00,1005,1005,1005,1005,500
2022-08-10 10:43:00,1005,1005,1005,1005,0
2022-08-10 10:44:00,1005,1005,1005,1005,0
2022-08-10 10:45:00,1005,1005,1005,1005,700
2022-08-10 10:46:00,1005,1005,1005,1005,0
2022-08-10 10:47:00,1005,1005,1005,1005,2000
2022-08-10 10:48:00,1005,1005,1005,1005,0
2022-08-10 10:49:00,1005,1005,1005,1005,0
2022-08-10 10:50:00,1010,1010,1015,1015,394000
2022-08-10 10:51:00,1015,1015,1015,1015,0
2022-08-10 10:52:00,1015,1015,1015,1015,0
2022-08-10 10:53:00,1015,1010,1015,1010,13100
2022-08-10 10:54:00,1010,1010,1010,1010,1500
2022-08-10 10:55:00,1015,1015,1015,1015,24500
2022-08-10 10:56:00,1015,1010,1015,1010,0
2022-08-10 10:57:00,1015,1010,1015,1010,129700
2022-08-10 10:58:00,1010,1010,1010,1010,0
2022-08-10 10:59:00,1010,1010,1020,1020,853500
2022-08-10 11:00:00,1020,1020,1020,1020,13200
2022-08-10 11:01:00,1020,1020,1020,1020,134300
2022-08-10 11:02:00,1020,1020,1020,1020,11000
2022-08-10 11:03:00,1015,1015,1020,1020,5000
2022-08-10 11:04:00,1015,1015,1020,1015,97500
2022-08-10 11:05:00,1015,1015,1020,1020,11500
2022-08-10 11:06:00,1020,1020,1020,1020,0
2022-08-10 11:07:00,1020,1020,1020,1020,1700
2022-08-10 11:08:00,1020,1015,1020,1015,8100
2022-08-10 11:09:00,1015,1015,1015,1015,329800
2022-08-10 11:10:00,1015,1015,1015,1015,36300
2022-08-10 11:11:00,1015,1015,1015,1015,0
2022-08-10 11:12:00,1015,1015,1015,1015,12400
2022-08-10 11:13:00,1015,1015,1015,1015,55700
2022-08-10 11:14:00,1015,1015,1015,1015,0
2022-08-10 11:15:00,1015,1015,1015,1015,61100
2022-08-10 11:16:00,1015,1015,1015,1015,0
2022-08-10 11:17:00,1015,1015,1015,1015,0
2022-08-10 11:18:00,1020,1020,1020,1020,0
2022-08-10 11:19:00,1020,1020,1020,1020,446500
2022-08-10 11:20:00,1015,1015,1015,1015,0
2022-08-10 11:21:00,1020,1020,1025,1025,841100
2022-08-10 11:22:00,1025,1020,1025,1020,0
2022-08-10 11:23:00,1025,1025,1025,1025,21600
2022-08-10 11:24:00,1020,1020,1020,1020,0
2022-08-10 11:25:00,1025,1020,1030,1030,667400
2022-08-10 11:26:00,1025,1025,1035,1030,1062600
2022-08-10 11:27:00,1030,1025,1030,1030,31700
2022-08-10 11:28:00,1030,1025,1030,1025,262500
2022-08-10 11:29:00,1025,1025,1030,1025,14700
2022-08-10 11:30:00,1025,1025,1030,1025,0
2022-08-10 11:31:00,1025,1025,1030,1025,0
2022-08-10 11:32:00,1025,1025,1030,1025,0
2022-08-10 11:33:00,1025,1025,1030,1025,0
2022-08-10 11:34:00,1025,1025,1030,1025,0
2022-08-10 11:35:00,1025,1025,1030,1025,0
2022-08-10 11:36:00,1025,1025,1030,1025,0
2022-08-10 11:37:00,1025,1025,1030,1025,0
2022-08-10 11:38:00,1025,1025,1030,1025,0
2022-08-10 11:39:00,1025,1025,1030,1025,0
2022-08-10 11:40:00,1025,1025,1030,1025,0
2022-08-10 11:41:00,1025,1025,1030,1025,0
2022-08-10 11:42:00,1025,1025,1030,1025,0
2022-08-10 11:43:00,1025,1025,1030,1025,0
2022-08-10 11:44:00,1025,1025,1030,1025,0
2022-08-10 11:45:00,1025,1025,1030,1025,0
2022-08-10 11:46:00,1025,1025,1030,1025,0
2022-08-10 11:47:00,1025,1025,1030,1025,0
2022-08-10 11:48:00,1025,1025,1030,1025,0
2022-08-10 11:49:00,1025,1025,1030,1025,0
2022-08-10 11:50:00,1025,1025,1030,1025,0
2022-08-10 11:51:00,1025,1025,1030,1025,0
2022-08-10 11:52:00,1025,1025,1030,1025,0
2022-08-10 11:53:00,1025,1025,1030,1025,0
2022-08-10 11:54:00,1025,1025,1030,1025,0
2022-08-10 11:55:00,1025,1025,1030,1025,0
2022-08-10 11:56:00,1025,1025,1030,1025,0
2022-08-10 11:57:00,1025,1025,1030,1025,0
2022-08-10 11:58:00,1025,1025,1030,1025,0
2022-08-10 11:59:00,1025,1025,1030,1025,0
2022-08-10 12:00:00,1025,1025,1030,1025,0
2022-08-10 12:01:00,1025,1025,1030,1025,0
2022-08-10 12:02:00,1025,1025,1030,1025,0
2022-08-10 12:03:00,1025,1025,1030,1025,0
2022-08-10 12:04:00,1025,1025,1030,1025,0
2022-08-10 12:05:00,1025,1025,1030,1025,0
2022-08-10 12:06:00,1025,1025,1030,1025,0
2022-08-10 12:07:00,1025,1025,1030,1025,0
2022-08-10 12:08:00,1025,1025,1030,1025,0
2022-08-10 12:09:00,1025,1025,1030,1025,0
2022-08-10 12:10:00,1025,1025,1030,1025,0
2022-08-10 12:11:00,1025,1025,1030,1025,0
2022-08-10 12:12:00,1025,1025,1030,1025,0
2022-08-10 12:13:00,1025,1025,1030,1025,0
2022-08-10 12:14:00,1025,1025,1030,1025,0
2022-08-10 12:15:00,1025,1025,1030,1025,0
2022-08-10 12:16:00,1025,1025,1030,1025,0
2022-08-10 12:17:00,1025,1025,1030,1025,0
2022-08-10 12:18:00,1025,1025,1030,1025,0
2022-08-10 12:19:00,1025,1025,1030,1025,0
2022-08-10 12:20:00,1025,1025,1030,1025,0
2022-08-10 12:21:00,1025,1025,1030,1025,0
2022-08-10 12:22:00,1025,1025,1030,1025,0
2022-08-10 12:23:00,1025,1025,1030,1025,0
2022-08-10 12:24:00,1025,1025,1030,1025,0
2022-08-10 12:25:00,1025,1025,1030,1025,0
2022-08-10 12:26:00,1025,1025,1030,1025,0
2022-08-10 12:27:00,1025,1025,1030,1025,0
2022-08-10 12:28:00,1025,1025,1030,1025,0
2022-08-10 12:29:00,1025,1025,1030,1025,0
2022-08-10 12:30:00,1025,1025,1030,1025,0
2022-08-10 12:31:00,1025,1025,1030,1025,0
2022-08-10 12:32:00,1025,1025,1030,1025,0
2022-08-10 12:33:00,1025,1025,1030,1025,0
2022-08-10 12:34:00,1025,1025,1030,1025,0
2022-08-10 12:35:00,1025,1025,1030,1025,0
2022-08-10 12:36:00,1025,1025,1030,1025,0
2022-08-10 12:37:00,1025,1025,1030,1025,0
2022-08-10 12:38:00,1025,1025,1030,1025,0
2022-08-10 12:39:00,1025,1025,1030,1025,0
2022-08-10 12:40:00,1025,1025,1030,1025,0
2022-08-10 12:41:00,1025,1025,1030,1025,0
2022-08-10 12:42:00,1025,1025,1030,1025,0
2022-08-10 12:43:00,1025,1025,1030,1025,0
2022-08-10 12:44:00,1025,1025,1030,1025,0
2022-08-10 12:45:00,1025,1025,1030,1025,0
2022-08-10 12:46:00,1025,1025,1030,1025,0
2022-08-10 12:47:00,1025,1025,1030,1025,0
2022-08-10 12:48:00,1025,1025,1030,1025,0
2022-08-10 12:49:00,1025,1025,1030,1025,0
2022-08-10 12:50:00,1025,1025,1030,1025,0
2022-08-10 12:51:00,1025,1025,1030,1025,0
2022-08-10 12:52:00,1025,1025,1030,1025,0
2022-08-10 12:53:00,1025,1025,1030,1025,0
2022-08-10 12:54:00,1025,1025,1030,1025,0
2022-08-10 12:55:00,1025,1025,1030,1025,0
2022-08-10 12:56:00,1025,1025,1030,1025,0
2022-08-10 12:57:00,1025,1025,1030,1025,0
2022-08-10 12:58:00,1025,1025,1030,1025,0
2022-08-10 12:59:00,1025,1025,1030,1025,0
2022-08-10 13:00:00,1025,1025,1030,1025,0
2022-08-10 13:01:00,1025,1025,1030,1025,0
2022-08-10 13:02:00,1025,1025,1030,1025,0
2022-08-10 13:03:00,1025,1025,1030,1025,0
2022-08-10 13:04:00,1025,1025,1030,1025,0
2022-08-10 13:05:00,1025,1025,1030,1025,0
2022-08-10 13:06:00,1025,1025,1030,1025,0
2022-08-10 13:07:00,1025,1025,1030,1025,0
2022-08-10 13:08:00,1025,1025,1030,1025,0
2022-08-10 13:09:00,1025,1025,1030,1025,0
2022-08-10 13:10:00,1025,1025,1030,1025,0
2022-08-10 13:11:00,1025,1025,1030,1025,0
2022-08-10 13:12:00,1025,1025,1030,1025,0
2022-08-10 13:13:00,1025,1025,1030,1025,0
2022-08-10 13:14:00,1025,1025,1030,1025,0
2022-08-10 13:15:00,1025,1025,1030,1025,0
2022-08-10 13:16:00,1025,1025,1030,1025,0
2022-08-10 13:17:00,1025,1025,1030,1025,0
2022-08-10 13:18:00,1025,1025,1030,1025,0
2022-08-10 13:19:00,1025,1025,1030,1025,0
2022-08-10 13:20:00,1025,1025,1030,1025,0
2022-08-10 13:21:00,1025,1025,1030,1025,0
2022-08-10 13:22:00,1025,1025,1030,1025,0
2022-08-10 13:23:00,1025,1025,1030,1025,0
2022-08-10 13:24:00,1025,1025,1030,1025,0
2022-08-10 13:25:00,1025,1025,1030,1025,0
2022-08-10 13:26:00,1025,1025,1030,1025,0
2022-08-10 13:27:00,1025,1025,1030,1025,0
2022-08-10 13:28:00,1025,1025,1030,1025,0
2022-08-10 13:29:00,1025,1025,1030,1025,0
2022-08-10 13:30:00,1025,1025,1030,1025,448300
2022-08-10 13:31:00,1025,1025,1030,1030,2400
2022-08-10 13:32:00,1025,1025,1025,1025,8700
2022-08-10 13:33:00,1025,1025,1030,1030,91800
2022-08-10 13:34:00,1025,1025,1035,1035,677100
2022-08-10 13:35:00,1030,1030,1040,1035,1887300
2022-08-10 13:36:00,1040,1035,1040,1040,138600
2022-08-10 13:37:00,1035,1035,1040,1035,88700
2022-08-10 13:38:00,1035,1035,1035,1035,422800
2022-08-10 13:39:00,1035,1035,1040,1035,146800
2022-08-10 13:40:00,1040,1035,1040,1035,120300
2022-08-10 13:41:00,1035,1035,1055,1055,7570700
2022-08-10 13:42:00,1055,1050,1060,1050,1010600
2022-08-10 13:43:00,1055,1045,1060,1050,1374000
2022-08-10 13:44:00,1045,1045,1050,1045,233100
2022-08-10 13:45:00,1050,1050,1055,1055,406900
2022-08-10 13:46:00,1050,1045,1055,1045,283600
2022-08-10 13:47:00,1045,1045,1045,1045,113800
2022-08-10 13:48:00,1045,1040,1050,1045,250000
2022-08-10 13:49:00,1045,1045,1045,1045,91600
2022-08-10 13:50:00,1045,1045,1045,1045,222500
2022-08-10 13:51:00,1045,1035,1045,1035,1130800
2022-08-10 13:52:00,1045,1040,1045,1045,79000
2022-08-10 13:53:00,1045,1040,1045,1045,29400
2022-08-10 13:54:00,1040,1040,1040,1040,5900
2022-08-10 13:55:00,1045,1040,1045,1045,61600
2022-08-10 13:56:00,1040,1040,1045,1045,0
2022-08-10 13:57:00,1040,1040,1050,1040,1737300
2022-08-10 13:58:00,1040,1040,1050,1045,0
2022-08-10 13:59:00,1045,1040,1045,1040,63800
2022-08-10 14:00:00,1040,1040,1045,1045,38400
2022-08-10 14:01:00,1040,1040,1045,1045,18600
2022-08-10 14:02:00,1045,1040,1045,1045,116500
2022-08-10 14:03:00,1045,1040,1045,1045,36200
2022-08-10 14:04:00,1045,1040,1045,1040,56500
2022-08-10 14:05:00,1045,1040,1045,1045,155700
2022-08-10 14:06:00,1045,1045,1045,1045,50400
2022-08-10 14:07:00,1045,1045,1050,1045,140200
2022-08-10 14:08:00,1045,1045,1050,1045,325700
2022-08-10 14:09:00,1045,1045,1045,1045,89800
2022-08-10 14:10:00,1045,1045,1050,1045,0
2022-08-10 14:11:00,1045,1045,1050,1045,271300
2022-08-10 14:12:00,1045,1045,1045,1045,45000
2022-08-10 14:13:00,1045,1045,1055,1055,635200
2022-08-10 14:14:00,1055,1050,1060,1055,1438800
2022-08-10 14:15:00,1055,1050,1060,1050,745700
2022-08-10 14:16:00,1050,1050,1055,1055,54000
2022-08-10 14:17:00,1055,1055,1055,1055,293900
2022-08-10 14:18:00,1055,1050,1055,1055,342400
2022-08-10 14:19:00,1055,1050,1055,1055,7200
2022-08-10 14:20:00,1050,1050,1055,1055,153800
2022-08-10 14:21:00,1055,1050,1055,1050,130500
2022-08-10 14:22:00,1050,1050,1055,1050,2507000
2022-08-10 14:23:00,1050,1050,1050,1050,3200
2022-08-10 14:24:00,1055,1050,1055,1050,32200
2022-08-10 14:25:00,1050,1050,1050,1050,18700
2022-08-10 14:26:00,1050,1045,1050,1045,418300
2022-08-10 14:27:00,1050,1045,1050,1045,4700
2022-08-10 14:28:00,1045,1045,1050,1050,338100
2022-08-10 14:29:00,1050,1050,1050,1050,501900
2022-08-10 14:30:00,1050,1050,1050,1050,32000
2022-08-10 14:31:00,1050,1050,1050,1050,96000
2022-08-10 14:32:00,1050,1050,1050,1050,62600
2022-08-10 14:33:00,1050,1050,1055,1055,116300
2022-08-10 14:34:00,1050,1050,1060,1050,1178700
2022-08-10 14:35:00,1050,1050,1060,1055,489300
2022-08-10 14:36:00,1055,1055,1055,1055,479400
2022-08-10 14:37:00,1055,1050,1055,1050,75100
2022-08-10 14:38:00,1050,1050,1050,1050,1500
2022-08-10 14:39:00,1050,1050,1055,1055,0
2022-08-10 14:40:00,1055,1050,1055,1050,63200
2022-08-10 14:41:00,1050,1050,1055,1055,109500
2022-08-10 14:42:00,1055,1050,1055,1050,16300
2022-08-10 14:43:00,1050,1050,1050,1050,27000
2022-08-10 14:44:00,1055,1055,1060,1060,1484200
2022-08-10 14:45:00,1055,1055,1060,1060,5300
2022-08-10 14:46:00,1060,1055,1065,1060,915400
2022-08-10 14:47:00,1060,1060,1065,1060,372500
2022-08-10 14:48:00,1060,1055,1060,1060,820500
2022-08-10 14:49:00,1060,1060,1065,1065,955800
2022-08-10 14:50:00,1060,1060,1065,1065,0
2022-08-10 14:51:00,1060,1060,1065,1065,0
2022-08-10 14:52:00,1060,1060,1065,1065,0
2022-08-10 14:53:00,1060,1060,1065,1065,0
2022-08-10 14:54:00,1060,1060,1065,1065,0
2022-08-10 14:55:00,1060,1060,1065,1065,0
2022-08-10 14:56:00,1060,1060,1065,1065,0
2022-08-10 14:57:00,1060,1060,1065,1065,0
2022-08-10 14:58:00,1060,1060,1065,1065,0
2022-08-10 14:59:00,1060,1060,1065,1065,0
2022-08-10 15:00:00,1070,1070,1070,1070,3169600
2022-08-10 15:01:00,1070,1070,1070,1070,98300
2022-08-10 15:02:00,1070,1070,1070,1070,21500
2022-08-10 15:03:00,1070,1070,1070,1070,79300
2022-08-10 15:04:00,1070,1070,1070,1070,60700
2022-08-10 15:05:00,1070,1070,1070,1070,71000
2022-08-10 15:06:00,1070,1070,1070,1070,1494700
2022-08-10 15:07:00,1070,1070,1070,1070,120100
2022-08-10 15:08:00,1070,1070,1070,1070,889700
2022-08-10 15:09:00,1070,1070,1070,1070,0
2022-08-10 15:10:00,1070,1070,1070,1070,447200
2022-08-10 15:11:00,1070,1070,1070,1070,25800
2022-08-10 15:12:00,1070,1070,1070,1070,11700
2022-08-10 15:13:00,1070,1070,1070,1070,7300
2022-08-10 15:14:00,1070,1070,1070,1070,0
2022-08-10 15:15:00,1070,1070,1070,1070,0
2022-08-10 15:16:00,1070,1070,1070,1070,0
2022-08-10 15:17:00,1070,1070,1070,1070,0
2022-08-10 15:18:00,1070,1070,1070,1070,0
2022-08-10 15:19:00,1070,1070,1070,1070,0
2022-08-10 15:20:00,1070,1070,1070,1070,0
2022-08-10 15:21:00,1070,1070,1070,1070,0
2022-08-10 15:22:00,1070,1070,1070,1070,0
2022-08-10 15:23:00,1070,1070,1070,1070,0
2022-08-10 15:24:00,1070,1070,1070,1070,0
2022-08-10 15:25:00,1070,1070,1070,1070,0
2022-08-10 15:26:00,1070,1070,1070,1070,0
2022-08-10 15:27:00,1070,1070,1070,1070,0
2022-08-10 15:28:00,1070,1070,1070,1070,0
2022-08-10 15:29:00,1070,1070,1070,1070,0
2022-08-10 15:30:00,1070,1070,1070,1070,0
2022-08-10 15:31:00,1070,1070,1070,1070,0
2022-08-10 15:32:00,1070,1070,1070,1070,0
2022-08-10 15:33:00,1070,1070,1070,1070,0
2022-08-10 15:34:00,1070,1070,1070,1070,0
2022-08-10 15:35:00,1070,1070,1070,1070,0
2022-08-10 15:36:00,1070,1070,1070,1070,0
2022-08-10 15:37:00,1070,1070,1070,1070,0
2022-08-10 15:38:00,1070,1070,1070,1070,0
2022-08-10 15:39:00,1070,1070,1070,1070,0
2022-08-10 15:40:00,1070,1070,1070,1070,0
2022-08-10 15:41:00,1070,1070,1070,1070,0
2022-08-10 15:42:00,1070,1070,1070,1070,0
2022-08-10 15:43:00,1070,1070,1070,1070,0
2022-08-10 15:44:00,1070,1070,1070,1070,0
2022-08-10 15:45:00,1070,1070,1070,1070,0
2022-08-10 15:46:00,1070,1070,1070,1070,0
2022-08-10 15:47:00,1070,1070,1070,1070,0
2022-08-10 15:48:00,1070,1070,1070,1070,0
2022-08-10 15:49:00,1070,1070,1070,1070,0
2022-08-10 15:50:00,1070,1070,1070,1070,0
2022-08-10 15:51:00,1070,1070,1070,1070,0
2022-08-10 15:52:00,1070,1070,1070,1070,0
2022-08-10 15:53:00,1070,1070,1070,1070,0
2022-08-10 15:54:00,1070,1070,1070,1070,0
2022-08-10 15:55:00,1070,1070,1070,1070,0
2022-08-10 15:56:00,1070,1070,1070,1070,0
2022-08-10 15:57:00,1070,1070,1070,1070,0
2022-08-10 15:58:00,1070,1070,1070,1070,0
2022-08-10 15:59:00,1070,1070,1070,1070,0
2022-08-11 09:00:00,1070,1065,1070,1070,1009400
2022-08-11 09:01:00,1070,1055,1070,1055,1126700
2022-08-11 09:02:00,1055,1055,1065,1065,207400
2022-08-11 09:03:00,1065,1060,1070,1070,98800
2022-08-11 09:04:00,1065,1065,1070,1065,60500
2022-08-11 09:05:00,1070,1065,1070,1070,30000
2022-08-11 09:06:00,1070,1065,1070,1065,141300
2022-08-11 09:07:00,1065,1060,1065,1065,31200
2022-08-11 09:08:00,1060,1060,1065,1060,24100
2022-08-11 09:09:00,1065,1060,1065,1065,16700
2022-08-11 09:10:00,1065,1060,1070,1070,155600
2022-08-11 09:11:00,1070,1065,1075,1070,502200
2022-08-11 09:12:00,1070,1065,1070,1070,11600
2022-08-11 09:13:00,1065,1065,1070,1065,594500
2022-08-11 09:14:00,1065,1060,1065,1060,73600
2022-08-11 09:15:00,1065,1060,1065,1060,253300
2022-08-11 09:16:00,1065,1060,1065,1060,103000
2022-08-11 09:17:00,1060,1060,1065,1060,795900
2022-08-11 09:18:00,1060,1060,1070,1065,306800
2022-08-11 09:19:00,1065,1060,1065,1065,42000
2022-08-11 09:20:00,1065,1060,1065,1060,52600
2022-08-11 09:21:00,1065,1060,1065,1065,25600
2022-08-11 09:22:00,1060,1060,1065,1065,243500
2022-08-11 09:23:00,1065,1060,1065,1065,0
2022-08-11 09:24:00,1065,1065,1065,1065,284300
2022-08-11 09:25:00,1065,1065,1065,1065,0
2022-08-11 09:26:00,1065,1060,1065,1060,74400
2022-08-11 09:27:00,1065,1060,1065,1060,9700
2022-08-11 09:28:00,1065,1060,1065,1065,20600
2022-08-11 09:29:00,1065,1065,1065,1065,10000
2022-08-11 09:30:00,1065,1060,1065,1060,1600
2022-08-11 09:31:00,1060,1060,1065,1065,10300
2022-08-11 09:32:00,1060,1060,1065,1065,32400
2022-08-11 09:33:00,1065,1060,1065,1060,0
2022-08-11 09:34:00,1060,1060,1065,1065,118400
2022-08-11 09:35:00,1065,1060,1065,1060,66400
2022-08-11 09:36:00,1065,1060,1065,1060,51700
2022-08-11 09:37:00,1065,1065,1075,1075,1227900
2022-08-11 09:38:00,1075,1070,1080,1080,1655800
2022-08-11 09:39:00,1080,1080,1095,1090,3251300
2022-08-11 09:40:00,1090,1075,1090,1080,544200
2022-08-11 09:41:00,1080,1070,1080,1075,616100
2022-08-11 09:42:00,1075,1075,1080,1075,28300
2022-08-11 09:43:00,1080,1075,1080,1080,113800
2022-08-11 09:44:00,1075,1075,1080,1080,46300
2022-08-11 09:45:00,1080,1075,1080,1075,200100
2022-08-11 09:46:00,1075,1075,1080,1075,19900
2022-08-11 09:47:00,1075,1075,1080,1080,169600
2022-08-11 09:48:00,1080,1075,1080,1075,278900
2022-08-11 09:49:00,1075,1070,1075,1070,43100
2022-08-11 09:50:00,1070,1065,1070,1065,877200
2022-08-11 09:51:00,1070,1065,1070,1070,13800
2022-08-11 09:52:00,1070,1070,1070,1070,7100
2022-08-11 09:53:00,1070,1065,1070,1065,2900
2022-08-11 09:54:00,1070,1065,1070,1070,94700
2022-08-11 09:55:00,1070,1070,1075,1070,75000
2022-08-11 09:56:00,1070,1065,1070,1065,69300
2022-08-11 09:57:00,1070,1070,1070,1070,4000
2022-08-11 09:58:00,1070,1070,1080,1080,972600
2022-08-11 09:59:00,1080,1075,1080,1075,138000
2022-08-11 10:00:00,1075,1075,1080,1080,1208200
2022-08-11 10:01:00,1080,1080,1080,1080,16500
2022-08-11 10:02:00,1075,1075,1080,1080,1800
2022-08-11 10:03:00,1080,1075,1080,1075,7800
2022-08-11 10:04:00,1080,1075,1080,1075,18300
2022-08-11 10:05:00,1080,1075,1080,1075,624200
2022-08-11 10:06:00,1075,1075,1080,1080,100500
2022-08-11 10:07:00,1080,1080,1080,1080,86400
2022-08-11 10:08:00,1080,1075,1080,1080,7500
2022-08-11 10:09:00,1080,1075,1080,1075,75600
2022-08-11 10:10:00,1075,1075,1085,1085,141100
2022-08-11 10:11:00,1085,1080,1085,1080,16600
2022-08-11 10:12:00,1080,1080,1085,1085,21400
2022-08-11 10:13:00,1080,1080,1080,1080,236900
2022-08-11 10:14:00,1080,1080,1080,1080,200
2022-08-11 10:15:00,1080,1080,1080,1080,34800
2022-08-11 10:16:00,1080,1080,1080,1080,18700
2022-08-11 10:17:00,1080,1080,1080,1080,900
2022-08-11 10:18:00,1080,1075,1080,1080,107600
2022-08-11 10:19:00,1080,1075,1080,1080,10200
2022-08-11 10:20:00,1080,1075,1080,1075,0
2022-08-11 10:21:00,1075,1075,1075,1075,8800
2022-08-11 10:22:00,1075,1075,1075,1075,20000
2022-08-11 10:23:00,1075,1075,1080,1075,276100
2022-08-11 10:24:00,1070,1070,1075,1070,25000
2022-08-11 10:25:00,1070,1070,1070,1070,115500
2022-08-11 10:26:00,1070,1070,1070,1070,226400
2022-08-11 10:27:00,1070,1055,1070,1065,2118400
2022-08-11 10:28:00,1065,1065,1065,1065,78300
2022-08-11 10:29:00,1070,1065,1070,1070,17600
2022-08-11 10:30:00,1070,1060,1070,1070,248900
2022-08-11 10:31:00,1065,1060,1065,1060,1392400
2022-08-11 10:32:00,1060,1055,1060,1060,138300
2022-08-11 10:33:00,1060,1060,1060,1060,418900
2022-08-11 10:34:00,1060,1060,1065,1065,0
2022-08-11 10:35:00,1065,1060,1065,1060,342400
2022-08-11 10:36:00,1060,1060,1065,1065,13800
2022-08-11 10:37:00,1065,1060,1065,1060,8900
2022-08-11 10:38:00,1065,1060,1065,1065,3400
2022-08-11 10:39:00,1065,1065,1065,1065,33700
2022-08-11 10:40:00,1065,1065,1065,1065,24800
2022-08-11 10:41:00,1065,1060,1065,1065,3100
2022-08-11 10:42:00,1065,1065,1065,1065,6900
2022-08-11 10:43:00,1060,1060,1060,1060,11800
2022-08-11 10:44:00,1065,1065,1065,1065,700
2022-08-11 10:45:00,1065,1065,1065,1065,0
2022-08-11 10:46:00,1065,1065,1065,1065,0
2022-08-11 10:47:00,1060,1050,1060,1055,1141600
2022-08-11 10:48:00,1055,1050,1055,1055,41900
2022-08-11 10:49:00,1055,1050,1055,1055,156100
2022-08-11 10:50:00,1055,1055,1060,1055,97800
2022-08-11 10:51:00,1060,1055,1060,1060,84300
2022-08-11 10:52:00,1060,1060,1060,1060,39000
2022-08-11 10:53:00,1060,1060,1060,1060,72200
2022-08-11 10:54:00,1060,1060,1065,1060,9700
2022-08-11 10:55:00,1060,1055,1065,1065,163900
2022-08-11 10:56:00,1065,1060,1065,1060,9900
2022-08-11 10:57:00,1065,1060,1065,1060,3300
2022-08-11 10:58:00,1060,1050,1060,1050,518000
2022-08-11 10:59:00,1050,1045,1055,1045,1891500
2022-08-11 11:00:00,1050,1050,1060,1060,240100
2022-08-11 11:01:00,1050,1050,1060,1050,35400
2022-08-11 11:02:00,1055,1055,1055,1055,4900
2022-08-11 11:03:00,1055,1050,1055,1050,92300
2022-08-11 11:04:00,1050,1050,1055,1055,21800
2022-08-11 11:05:00,1055,1050,1055,1055,149100
2022-08-11 11:06:00,1055,1050,1055,1050,151500
2022-08-11 11:07:00,1050,1050,1050,1050,79500
2022-08-11 11:08:00,1050,1045,1050,1050,174700
2022-08-11 11:09:00,1055,1050,1060,1055,223800
2022-08-11 11:10:00,1055,1055,1055,1055,19100
2022-08-11 11:11:00,1055,1050,1055,1050,113000
2022-08-11 11:12:00,1050,1050,1055,1055,0
2022-08-11 11:13:00,1055,1055,1060,1060,91100
2022-08-11 11:14:00,1060,1060,1060,1060,7300
2022-08-11 11:15:00,1060,1055,1060,1060,12800
2022-08-11 11:16:00,1060,1055,1060,1060,2200
2022-08-11 11:17:00,1060,1055,1060,1055,5700
2022-08-11 11:18:00,1060,1060,1060,1060,100
2022-08-11 11:19:00,1055,1055,1060,1060,4200
2022-08-11 11:20:00,1060,1060,1060,1060,17800
2022-08-11 11:21:00,1060,1055,1060,1055,1800
2022-08-11 11:22:00,1060,1055,1060,1055,700
2022-08-11 11:23:00,1060,1060,1060,1060,200
2022-08-11 11:24:00,1060,1060,1060,1060,11000
2022-08-11 11:25:00,1055,1055,1060,1055,5300
2022-08-11 11:26:00,1055,1055,1055,1055,0
2022-08-11 11:27:00,1055,1055,1055,1055,12000
2022-08-11 11:28:00,1055,1055,1060,1060,8200
2022-08-11 11:29:00,1055,1055,1060,1055,4800
2022-08-11 11:30:00,1055,1055,1060,1055,0
2022-08-11 11:31:00,1055,1055,1060,1055,0
2022-08-11 11:32:00,1055,1055,1060,1055,0
2022-08-11 11:33:00,1055,1055,1060,1055,0
2022-08-11 11:34:00,1055,1055,1060,1055,0
2022-08-11 11:35:00,1055,1055,1060,1055,0
2022-08-11 11:36:00,1055,1055,1060,1055,0
2022-08-11 11:37:00,1055,1055,1060,1055,0
2022-08-11 11:38:00,1055,1055,1060,1055,0
2022-08-11 11:39:00,1055,1055,1060,1055,0
2022-08-11 11:40:00,1055,1055,1060,1055,0
2022-08-11 11:41:00,1055,1055,1060,1055,0
2022-08-11 11:42:00,1055,1055,1060,1055,0
2022-08-11 11:43:00,1055,1055,1060,1055,0
2022-08-11 11:44:00,1055,1055,1060,1055,0
2022-08-11 11:45:00,1055,1055,1060,1055,0
2022-08-11 11:46:00,1055,1055,1060,1055,0
2022-08-11 11:47:00,1055,1055,1060,1055,0
2022-08-11 11:48:00,1055,1055,1060,1055,0
2022-08-11 11:49:00,1055,1055,1060,1055,0
2022-08-11 11:50:00,1055,1055,1060,1055,0
2022-08-11 11:51:00,1055,1055,1060,1055,0
2022-08-11 11:52:00,1055,1055,1060,1055,0
2022-08-11 11:53:00,1055,1055,1060,1055,0
2022-08-11 11:54:00,1055,1055,1060,1055,0
2022-08-11 11:55:00,1055,1055,1060,1055,0
2022-08-11 11:56:00,1055,1055,1060,1055,0
2022-08-11 11:57:00,1055,1055,1060,1055,0
2022-08-11 11:58:00,1055,1055,1060,1055,0
2022-08-11 11:59:00,1055,1055,1060,1055,0
2022-08-11 12:00:00,1055,1055,1060,1055,0
2022-08-11 12:01:00,1055,1055,1060,1055,0
2022-08-11 12:02:00,1055,1055,1060,1055,0
2022-08-11 12:03:00,1055,1055,1060,1055,0
2022-08-11 12:04:00,1055,1055,1060,1055,0
2022-08-11 12:05:00,1055,1055,1060,1055,0
2022-08-11 12:06:00,1055,1055,1060,1055,0
2022-08-11 12:07:00,1055,1055,1060,1055,0
2022-08-11 12:08:00,1055,1055,1060,1055,0
2022-08-11 12:09:00,1055,1055,1060,1055,0
2022-08-11 12:10:00,1055,1055,1060,1055,0
2022-08-11 12:11:00,1055,1055,1060,1055,0
2022-08-11 12:12:00,1055,1055,1060,1055,0
2022-08-11 12:13:00,1055,1055,1060,1055,0
2022-08-11 12:14:00,1055,1055,1060,1055,0
2022-08-11 12:15:00,1055,1055,1060,1055,0
2022-08-11 12:16:00,1055,1055,1060,1055,0
2022-08-11 12:17:00,1055,1055,1060,1055,0
2022-08-11 12:18:00,1055,1055,1060,1055,0
2022-08-11 12:19:00,1055,1055,1060,1055,0
2022-08-11 12:20:00,1055,1055,1060,1055,0
2022-08-11 12:21:00,1055,1055,1060,1055,0
2022-08-11 12:22:00,1055,1055,1060,1055,0
2022-08-11 12:23:00,1055,1055,1060,1055,0
2022-08-11 12:24:00,1055,1055,1060,1055,0
2022-08-11 12:25:00,1055,1055,1060,1055,0
2022-08-11 12:26:00,1055,1055,1060,1055,0
2022-08-11 12:27:00,1055,1055,1060,1055,0
2022-08-11 12:28:00,1055,1055,1060,1055,0
2022-08-11 12:29:00,1055,1055,1060,1055,0
2022-08-11 12:30:00,1055,1055,1060,1055,0
2022-08-11 12:31:00,1055,1055,1060,1055,0
2022-08-11 12:32:00,1055,1055,1060,1055,0
2022-08-11 12:33:00,1055,1055,1060,1055,0
2022-08-11 12:34:00,1055,1055,1060,1055,0
2022-08-11 12:35:00,1055,1055,1060,1055,0
2022-08-11 12:36:00,1055,1055,1060,1055,0
2022-08-11 12:37:00,1055,1055,1060,1055,0
2022-08-11 12:38:00,1055,1055,1060,1055,0
2022-08-11 12:39:00,1055,1055,1060,1055,0
2022-08-11 12:40:00,1055,1055,1060,1055,0
2022-08-11 12:41:00,1055,1055,1060,1055,0
2022-08-11 12:42:00,1055,1055,1060,1055,0
2022-08-11 12:43:00,1055,1055,1060,1055,0
2022-08-11 12:44:00,1055,1055,1060,1055,0
2022-08-11 12:45:00,1055,1055,1060,1055,0
2022-08-11 12:46:00,1055,1055,1060,1055,0
2022-08-11 12:47:00,1055,1055,1060,1055,0
2022-08-11 12:48:00,1055,1055,1060,1055,0
2022-08-11 12:49:00,1055,1055,1060,1055,0
2022-08-11 12:50:00,1055,1055,1060,1055,0
2022-08-11 12:51:00,1055,1055,1060,1055,0
2022-08-11 12:52:00,1055,1055,1060,1055,0
2022-08-11 12:53:00,1055,1055,1060,1055,0
2022-08-11 12:54:00,1055,1055,1060,1055,0
2022-08-11 12:55:00,1055,1055,1060,1055,0
2022-08-11 12:56:00,1055,1055,1060,1055,0
2022-08-11 12:57:00,1055,1055,1060,1055,0
2022-08-11 12:58:00,1055,1055,1060,1055,0
2022-08-11 12:59:00,1055,1055,1060,1055,0
2022-08-11 13:00:00,1055,1055,1060,1055,0
2022-08-11 13:01:00,1055,1055,1060,1055,0
2022-08-11 13:02:00,1055,1055,1060,1055,0
2022-08-11 13:03:00,1055,1055,1060,1055,0
2022-08-11 13:04:00,1055,1055,1060,1055,0
2022-08-11 13:05:00,1055,1055,1060,1055,0
2022-08-11 13:06:00,1055,1055,1060,1055,0
2022-08-11 13:07:00,1055,1055,1060,1055,0
2022-08-11 13:08:00,1055,1055,1060,1055,0
2022-08-11 13:09:00,1055,1055,1060,1055,0
2022-08-11 13:10:00,1055,1055,1060,1055,0
2022-08-11 13:11:00,1055,1055,1060,1055,0
2022-08-11 13:12:00,1055,1055,1060,1055,0
2022-08-11 13:13:00,1055,1055,1060,1055,0
2022-08-11 13:14:00,1055,1055,1060,1055,0
2022-08-11 13:15:00,1055,1055,1060,1055,0
2022-08-11 13:16:00,1055,1055,1060,1055,0
2022-08-11 13:17:00,1055,1055,1060,1055,0
2022-08-11 13:18:00,1055,1055,1060,1055,0
2022-08-11 13:19:00,1055,1055,1060,1055,0
2022-08-11 13:20:00,1055,1055,1060,1055,0
2022-08-11 13:21:00,1055,1055,1060,1055,0
2022-08-11 13:22:00,1055,1055,1060,1055,0
2022-08-11 13:23:00,1055,1055,1060,1055,0
2022-08-11 13:24:00,1055,1055,1060,1055,0
2022-08-11 13:25:00,1055,1055,1060,1055,0
2022-08-11 13:26:00,1055,1055,1060,1055,0
2022-08-11 13:27:00,1055,1055,1060,1055,0
2022-08-11 13:28:00,1055,1055,1060,1055,0
2022-08-11 13:29:00,1055,1055,1060,1055,0
2022-08-11 13:30:00,1055,1055,1060,1055,376700
2022-08-11 13:31:00,1055,1055,1055,1055,6300
2022-08-11 13:32:00,1055,1055,1060,1060,81200
2022-08-11 13:33:00,1055,1055,1060,1060,0
2022-08-11 13:34:00,1060,1055,1060,1060,101600
2022-08-11 13:35:00,1060,1060,1065,1060,5100
2022-08-11 13:36:00,1065,1065,1070,1065,499300
2022-08-11 13:37:00,1065,1065,1070,1065,603100
2022-08-11 13:38:00,1065,1065,1065,1065,0
2022-08-11 13:39:00,1065,1065,1065,1065,16100
2022-08-11 13:40:00,1065,1065,1065,1065,200
2022-08-11 13:41:00,1065,1065,1065,1065,55100
2022-08-11 13:42:00,1070,1070,1070,1070,0
2022-08-11 13:43:00,1070,1070,1070,1070,4900
2022-08-11 13:44:00,1070,1065,1070,1065,1800
2022-08-11 13:45:00,1065,1065,1065,1065,300
2022-08-11 13:46:00,1065,1060,1065,1060,31000
2022-08-11 13:47:00,1065,1065,1065,1065,5200
2022-08-11 13:48:00,1065,1065,1065,1065,6000
2022-08-11 13:49:00,1065,1065,1065,1065,18000
2022-08-11 13:50:00,1065,1065,1070,1070,33200
2022-08-11 13:51:00,1070,1065,1070,1065,4200
2022-08-11 13:52:00,1065,1065,1065,1065,0
2022-08-11 13:53:00,1065,1065,1070,1065,35300
2022-08-11 13:54:00,1065,1065,1065,1065,800
2022-08-11 13:55:00,1065,1060,1065,1060,400
2022-08-11 13:56:00,1065,1065,1065,1065,1100
2022-08-11 13:57:00,1065,1065,1065,1065,1900
2022-08-11 13:58:00,1060,1060,1065,1065,3600
2022-08-11 13:59:00,1065,1065,1065,1065,92100
2022-08-11 14:00:00,1065,1065,1065,1065,781300
2022-08-11 14:01:00,1065,1060,1065,1065,604100
2022-08-11 14:02:00,1065,1065,1065,1065,20900
2022-08-11 14:03:00,1065,1065,1065,1065,0
2022-08-11 14:04:00,1065,1065,1065,1065,348100
2022-08-11 14:05:00,1065,1065,1065,1065,29600
2022-08-11 14:06:00,1060,1060,1070,1070,595500
2022-08-11 14:07:00,1070,1060,1070,1065,124100
2022-08-11 14:08:00,1065,1065,1070,1070,0
2022-08-11 14:09:00,1065,1065,1070,1070,0
2022-08-11 14:10:00,1070,1070,1070,1070,11500
2022-08-11 14:11:00,1065,1065,1065,1065,143700
2022-08-11 14:12:00,1065,1065,1070,1065,456100
2022-08-11 14:13:00,1065,1065,1070,1070,0
2022-08-11 14:14:00,1070,1070,1070,1070,0
2022-08-11 14:15:00,1065,1065,1070,1065,34600
2022-08-11 14:16:00,1065,1065,1065,1065,27900
2022-08-11 14:17:00,1065,1065,1070,1065,695200
2022-08-11 14:18:00,1065,1065,1070,1065,0
2022-08-11 14:19:00,1065,1065,1065,1065,0
2022-08-11 14:20:00,1065,1065,1065,1065,0
2022-08-11 14:21:00,1070,1070,1070,1070,5300
2022-08-11 14:22:00,1070,1070,1070,1070,0
2022-08-11 14:23:00,1065,1060,1070,1060,763000
2022-08-11 14:24:00,1060,1060,1065,1065,0
2022-08-11 14:25:00,1065,1065,1065,1065,7200
2022-08-11 14:26:00,1065,1060,1065,1060,201900
2022-08-11 14:27:00,1060,1060,1060,1060,1600
2022-08-11 14:28:00,1065,1060,1065,1060,48000
2022-08-11 14:29:00,1065,1060,1065,1060,96000
2022-08-11 14:30:00,1060,1060,1060,1060,10000
2022-08-11 14:31:00,1065,1065,1065,1065,0
2022-08-11 14:32:00,1065,1060,1065,1060,600
2022-08-11 14:33:00,1060,1060,1060,1060,5600
2022-08-11 14:34:00,1065,1060,1065,1065,466800
2022-08-11 14:35:00,1065,1065,1065,1065,500
2022-08-11 14:36:00,1065,1065,1065,1065,66800
2022-08-11 14:37:00,1065,1065,1070,1070,1010000
2022-08-11 14:38:00,1065,1065,1075,1075,217200
2022-08-11 14:39:00,1070,1070,1070,1070,169900
2022-08-11 14:40:00,1070,1070,1070,1070,549800
2022-08-11 14:41:00,1070,1065,1070,1065,38300
2022-08-11 14:42:00,1065,1065,1070,1070,200500
2022-08-11 14:43:00,1070,1070,1080,1070,2425500
2022-08-11 14:44:00,1075,1070,1075,1070,0
2022-08-11 14:45:00,1075,1070,1075,1070,7500
2022-08-11 14:46:00,1075,1070,1075,1070,277200
2022-08-11 14:47:00,1070,1070,1075,1075,93300
2022-08-11 14:48:00,1070,1070,1075,1070,20100
2022-08-11 14:49:00,1070,1070,1075,1075,1916100
2022-08-11 14:50:00,1070,1070,1075,1075,0
2022-08-11 14:51:00,1070,1070,1075,1075,0
2022-08-11 14:52:00,1070,1070,1075,1075,0
2022-08-11 14:53:00,1070,1070,1075,1075,0
2022-08-11 14:54:00,1070,1070,1075,1075,0
2022-08-11 14:55:00,1070,1070,1075,1075,0
2022-08-11 14:56:00,1070,1070,1075,1075,0
2022-08-11 14:57:00,1070,1070,1075,1075,0
2022-08-11 14:58:00,1070,1070,1075,1075,0
2022-08-11 14:59:00,1070,1070,1075,1075,0
2022-08-11 15:00:00,1075,1075,1075,1075,5220600
2022-08-11 15:01:00,1075,1075,1075,1075,10400
2022-08-11 15:02:00,1075,1075,1075,1075,1800
2022-08-11 15:03:00,1075,1075,1075,1075,0
2022-08-11 15:04:00,1075,1075,1075,1075,0
2022-08-11 15:05:00,1075,1075,1075,1075,0
2022-08-11 15:06:00,1075,1075,1075,1075,0
2022-08-11 15:07:00,1075,1075,1075,1075,200
2022-08-11 15:08:00,1075,1075,1075,1075,0
2022-08-11 15:09:00,1075,1075,1075,1075,44400
2022-08-11 15:10:00,1075,1075,1075,1075,0
2022-08-11 15:11:00,1075,1075,1075,1075,100
2022-08-11 15:12:00,1075,1075,1075,1075,300
2022-08-11 15:13:00,1075,1075,1075,1075,0
2022-08-11 15:14:00,1075,1075,1075,1075,50110600
2022-08-11 15:15:00,1075,1075,1075,1075,0
2022-08-11 15:16:00,1075,1075,1075,1075,0
2022-08-11 15:17:00,1075,1075,1075,1075,0
2022-08-11 15:18:00,1075,1075,1075,1075,0
2022-08-11 15:19:00,1075,1075,1075,1075,0
2022-08-11 15:20:00,1075,1075,1075,1075,0
2022-08-11 15:21:00,1075,1075,1075,1075,0
2022-08-11 15:22:00,1075,1075,1075,1075,0
2022-08-11 15:23:00,1075,1075,1075,1075,0
2022-08-11 15:24:00,1075,1075,1075,1075,0
2022-08-11 15:25:00,1075,1075,1075,1075,0
2022-08-11 15:26:00,1075,1075,1075,1075,0
2022-08-11 15:27:00,1075,1075,1075,1075,0
2022-08-11 15:28:00,1075,1075,1075,1075,0
2022-08-11 15:29:00,1075,1075,1075,1075,0
2022-08-11 15:30:00,1075,1075,1075,1075,0
2022-08-11 15:31:00,1075,1075,1075,1075,0
2022-08-11 15:32:00,1075,1075,1075,1075,0
2022-08-11 15:33:00,1075,1075,1075,1075,0
2022-08-11 15:34:00,1075,1075,1075,1075,0
2022-08-11 15:35:00,1075,1075,1075,1075,0
2022-08-11 15:36:00,1075,1075,1075,1075,0
2022-08-11 15:37:00,1075,1075,1075,1075,0
2022-08-11 15:38:00,1075,1075,1075,1075,0
2022-08-11 15:39:00,1075,1075,1075,1075,0
2022-08-11 15:40:00,1075,1075,1075,1075,0
2022-08-11 15:41:00,1075,1075,1075,1075,0
2022-08-11 15:42:00,1075,1075,1075,1075,0
2022-08-11 15:43:00,1075,1075,1075,1075,0
2022-08-11 15:44:00,1075,1075,1075,1075,0
2022-08-11 15:45:00,1075,1075,1075,1075,0
2022-08-11 15:46:00,1075,1075,1075,1075,0
2022-08-11 15:47:00,1075,1075,1075,1075,0
2022-08-11 15:48:00,1075,1075,1075,1075,0
2022-08-11 15:49:00,1075,1075,1075,1075,0
2022-08-11 15:50:00,1075,1075,1075,1075,0
2022-08-11 15:51:00,1075,1075,1075,1075,0
2022-08-11 15:52:00,1075,1075,1075,1075,0
2022-08-11 15:53:00,1075,1075,1075,1075,0
2022-08-11 15:54:00,1075,1075,1075,1075,0
2022-08-11 15:55:00,1075,1075,1075,1075,0
2022-08-11 15:56:00,1075,1075,1075,1075,0
2022-08-11 15:57:00,1075,1075,1075,1075,0
2022-08-11 15:58:00,1075,1075,1075,1075,0
2022-08-11 15:59:00,1075,1075,1075,1075,0
2022-08-12 09:00:00,1075,1070,1075,1070,0
2022-08-12 09:01:00,1070,1060,1070,1060,75300
2022-08-12 09:02:00,1060,1060,1065,1065,18800
2022-08-12 09:03:00,1065,1065,1070,1070,2600
2022-08-12 09:04:00,1070,1065,1070,1065,28900
2022-08-12 09:05:00,1065,1065,1065,1065,18800
2022-08-12 09:06:00,1070,1070,1070,1070,0
2022-08-12 09:07:00,1070,1070,1075,1075,569500
2022-08-12 09:08:00,1075,1070,1080,1075,714800
2022-08-12 09:09:00,1075,1075,1075,1075,53700
2022-08-12 09:10:00,1075,1075,1080,1080,50200
2022-08-12 09:11:00,1080,1080,1080,1080,3700
2022-08-12 09:12:00,1080,1075,1080,1080,12000
2022-08-12 09:13:00,1080,1075,1080,1075,70500
2022-08-12 09:14:00,1080,1080,1095,1090,4119200
2022-08-12 09:15:00,1090,1080,1090,1085,271000
2022-08-12 09:16:00,1085,1085,1085,1085,99900
2022-08-12 09:17:00,1085,1085,1090,1085,11100
2022-08-12 09:18:00,1085,1085,1090,1085,1800
2022-08-12 09:19:00,1085,1085,1090,1090,150900
2022-08-12 09:20:00,1090,1085,1090,1085,17500
2022-08-12 09:21:00,1085,1085,1090,1085,29400
2022-08-12 09:22:00,1090,1085,1090,1090,53800
2022-08-12 09:23:00,1090,1085,1090,1085,92200
2022-08-12 09:24:00,1085,1085,1090,1090,5400
2022-08-12 09:25:00,1090,1085,1090,1085,368600
2022-08-12 09:26:00,1085,1085,1090,1090,840200
2022-08-12 09:27:00,1090,1085,1090,1085,47300
2022-08-12 09:28:00,1085,1085,1085,1085,0
2022-08-12 09:29:00,1090,1090,1100,1095,6479000
2022-08-12 09:30:00,1095,1095,1100,1100,1605100
2022-08-12 09:31:00,1095,1095,1100,1100,1079800
2022-08-12 09:32:00,1100,1095,1100,1100,331700
2022-08-12 09:33:00,1100,1090,1100,1095,897000
2022-08-12 09:34:00,1100,1095,1105,1100,3394200
2022-08-12 09:35:00,1100,1095,1100,1100,1082300
2022-08-12 09:36:00,1100,1095,1110,1110,1598000
2022-08-12 09:37:00,1110,1100,1110,1105,1153500
2022-08-12 09:38:00,1100,1095,1105,1095,382000
2022-08-12 09:39:00,1095,1095,1100,1095,55400
2022-08-12 09:40:00,1095,1095,1110,1110,1090700
2022-08-12 09:41:00,1110,1100,1110,1105,303400
2022-08-12 09:42:00,1105,1095,1105,1100,889300
2022-08-12 09:43:00,1095,1095,1100,1095,320500
2022-08-12 09:44:00,1095,1090,1095,1090,15500
2022-08-12 09:45:00,1095,1095,1095,1095,46700
2022-08-12 09:46:00,1095,1095,1095,1095,53800
2022-08-12 09:47:00,1100,1095,1100,1095,27400
2022-08-12 09:48:00,1095,1095,1095,1095,51600
2022-08-12 09:49:00,1095,1095,1100,1100,67600
2022-08-12 09:50:00,1095,1095,1100,1100,34300
2022-08-12 09:51:00,1095,1095,1100,1100,499900
2022-08-12 09:52:00,1105,1100,1110,1105,710500
2022-08-12 09:53:00,1105,1100,1110,1105,591600
2022-08-12 09:54:00,1110,1100,1110,1105,128400
2022-08-12 09:55:00,1105,1100,1105,1100,67700
2022-08-12 09:56:00,1100,1100,1105,1100,452500
2022-08-12 09:57:00,1100,1100,1105,1100,296300
2022-08-12 09:58:00,1100,1100,1105,1100,50000
2022-08-12 09:59:00,1100,1100,1100,1100,79900
2022-08-12 10:00:00,1100,1095,1100,1100,29100
2022-08-12 10:01:00,1100,1100,1100,1100,25300
2022-08-12 10:02:00,1100,1095,1100,1100,32100
2022-08-12 10:03:00,1100,1100,1100,1100,0
2022-08-12 10:04:00,1100,1100,1100,1100,20100
2022-08-12 10:05:00,1100,1100,1100,1100,0
2022-08-12 10:06:00,1100,1100,1100,1100,194400
2022-08-12 10:07:00,1100,1100,1105,1100,8300
2022-08-12 10:08:00,1100,1100,1100,1100,2400
2022-08-12 10:09:00,1100,1100,1105,1100,497700
2022-08-12 10:10:00,1100,1100,1100,1100,106400
2022-08-12 10:11:00,1100,1100,1100,1100,37900
2022-08-12 10:12:00,1100,1100,1100,1100,0
2022-08-12 10:13:00,1105,1100,1105,1100,2500
2022-08-12 10:14:00,1105,1100,1105,1100,23100
2022-08-12 10:15:00,1100,1100,1100,1100,16600
2022-08-12 10:16:00,1100,1100,1100,1100,79900
2022-08-12 10:17:00,1100,1095,1100,1095,5700
2022-08-12 10:18:00,1095,1095,1095,1095,0
2022-08-12 10:19:00,1095,1095,1100,1100,700
2022-08-12 10:20:00,1100,1095,1100,1100,531300
2022-08-12 10:21:00,1095,1095,1100,1095,57900
2022-08-12 10:22:00,1095,1095,1095,1095,485300
2022-08-12 10:23:00,1095,1090,1095,1090,26400
2022-08-12 10:24:00,1090,1090,1095,1090,636500
2022-08-12 10:25:00,1095,1090,1095,1095,0
2022-08-12 10:26:00,1095,1095,1095,1095,21900
2022-08-12 10:27:00,1090,1085,1090,1090,845700
2022-08-12 10:28:00,1090,1085,1090,1090,0
2022-08-12 10:29:00,1090,1090,1090,1090,266700
2022-08-12 10:30:00,1090,1090,1090,1090,40400
2022-08-12 10:31:00,1090,1090,1095,1095,23100
2022-08-12 10:32:00,1095,1095,1095,1095,77600
2022-08-12 10:33:00,1095,1090,1095,1090,498200
2022-08-12 10:34:00,1090,1090,1095,1095,30800
2022-08-12 10:35:00,1095,1090,1095,1090,93500
2022-08-12 10:36:00,1090,1090,1090,1090,0
2022-08-12 10:37:00,1090,1090,1090,1090,15600
2022-08-12 10:38:00,1095,1095,1095,1095,0
2022-08-12 10:39:00,1095,1090,1095,1090,2200
2022-08-12 10:40:00,1090,1090,1090,1090,52900
2022-08-12 10:41:00,1090,1090,1090,1090,37500
2022-08-12 10:42:00,1090,1085,1090,1085,10700
2022-08-12 10:43:00,1090,1090,1090,1090,0
2022-08-12 10:44:00,1090,1090,1090,1090,0
2022-08-12 10:45:00,1090,1090,1090,1090,13800
2022-08-12 10:46:00,1090,1090,1090,1090,0
2022-08-12 10:47:00,1085,1085,1085,1085,673400
2022-08-12 10:48:00,1085,1080,1085,1085,60200
2022-08-12 10:49:00,1085,1080,1085,1085,51600
2022-08-12 10:50:00,1085,1085,1085,1085,0
2022-08-12 10:51:00,1085,1080,1085,1085,72500
2022-08-12 10:52:00,1085,1085,1085,1085,0
2022-08-12 10:53:00,1085,1085,1085,1085,2500
2022-08-12 10:54:00,1090,1090,1090,1090,7000
2022-08-12 10:55:00,1090,1085,1090,1085,16500
2022-08-12 10:56:00,1090,1090,1090,1090,300
2022-08-12 10:57:00,1090,1090,1090,1090,18200
2022-08-12 10:58:00,1090,1090,1090,1090,0
2022-08-12 10:59:00,1090,1090,1090,1090,25500
2022-08-12 11:00:00,1090,1090,1090,1090,500
2022-08-12 11:01:00,1090,1090,1090,1090,400
2022-08-12 11:02:00,1090,1090,1090,1090,1900
2022-08-12 11:03:00,1090,1090,1090,1090,12800
2022-08-12 11:04:00,1090,1090,1090,1090,38200
2022-08-12 11:05:00,1085,1085,1090,1090,167600
2022-08-12 11:06:00,1085,1085,1085,1085,0
2022-08-12 11:07:00,1085,1085,1085,1085,2600
2022-08-12 11:08:00,1090,1090,1090,1090,300
2022-08-12 11:09:00,1090,1090,1090,1090,0
2022-08-12 11:10:00,1090,1090,1090,1090,0
2022-08-12 11:11:00,1085,1085,1085,1085,20000
2022-08-12 11:12:00,1090,1090,1090,1090,5400
2022-08-12 11:13:00,1085,1085,1085,1085,271200
2022-08-12 11:14:00,1085,1085,1085,1085,0
2022-08-12 11:15:00,1085,1085,1090,1090,33300
2022-08-12 11:16:00,1090,1090,1090,1090,92200
2022-08-12 11:17:00,1090,1090,1090,1090,0
2022-08-12 11:18:00,1090,1090,1090,1090,201600
2022-08-12 11:19:00,1090,1090,1090,1090,10700
2022-08-12 11:20:00,1090,1090,1090,1090,6300
2022-08-12 11:21:00,1085,1085,1085,1085,200
2022-08-12 11:22:00,1085,1085,1085,1085,0
2022-08-12 11:23:00,1085,1085,1085,1085,2200
2022-08-12 11:24:00,1085,1085,1090,1090,27300
2022-08-12 11:25:00,1090,1090,1090,1090,0
2022-08-12 11:26:00,1090,1090,1090,1090,0
2022-08-12 11:27:00,1085,1085,1085,1085,128300
2022-08-12 11:28:00,1085,1085,1085,1085,700
2022-08-12 11:29:00,1085,1085,1085,1085,28800
2022-08-12 11:30:00,1085,1085,1085,1085,0
2022-08-12 11:31:00,1085,1085,1085,1085,0
2022-08-12 11:32:00,1085,1085,1085,1085,0
2022-08-12 11:33:00,1085,1085,1085,1085,0
2022-08-12 11:34:00,1085,1085,1085,1085,0
2022-08-12 11:35:00,1085,1085,1085,1085,0
2022-08-12 11:36:00,1085,1085,1085,1085,0
2022-08-12 11:37:00,1085,1085,1085,1085,0
2022-08-12 11:38:00,1085,1085,1085,1085,0
2022-08-12 11:39:00,1085,1085,1085,1085,0
2022-08-12 11:40:00,1085,1085,1085,1085,0
2022-08-12 11:41:00,1085,1085,1085,1085,0
2022-08-12 11:42:00,1085,1085,1085,1085,0
2022-08-12 11:43:00,1085,1085,1085,1085,0
2022-08-12 11:44:00,1085,1085,1085,1085,0
2022-08-12 11:45:00,1085,1085,1085,1085,0
2022-08-12 11:46:00,1085,1085,1085,1085,0
2022-08-12 11:47:00,1085,1085,1085,1085,0
2022-08-12 11:48:00,1085,1085,1085,1085,0
2022-08-12 11:49:00,1085,1085,1085,1085,0
2022-08-12 11:50:00,1085,1085,1085,1085,0
2022-08-12 11:51:00,1085,1085,1085,1085,0
2022-08-12 11:52:00,1085,1085,1085,1085,0
2022-08-12 11:53:00,1085,1085,1085,1085,0
2022-08-12 11:54:00,1085,1085,1085,1085,0
2022-08-12 11:55:00,1085,1085,1085,1085,0
2022-08-12 11:56:00,1085,1085,1085,1085,0
2022-08-12 11:57:00,1085,1085,1085,1085,0
2022-08-12 11:58:00,1085,1085,1085,1085,0
2022-08-12 11:59:00,1085,1085,1085,1085,0
2022-08-12 12:00:00,1085,1085,1085,1085,0
2022-08-12 12:01:00,1085,1085,1085,1085,0
2022-08-12 12:02:00,1085,1085,1085,1085,0
2022-08-12 12:03:00,1085,1085,1085,1085,0
2022-08-12 12:04:00,1085,1085,1085,1085,0
2022-08-12 12:05:00,1085,1085,1085,1085,0
2022-08-12 12:06:00,1085,1085,1085,1085,0
2022-08-12 12:07:00,1085,1085,1085,1085,0
2022-08-12 12:08:00,1085,1085,1085,1085,0
2022-08-12 12:09:00,1085,1085,1085,1085,0
2022-08-12 12:10:00,1085,1085,1085,1085,0
2022-08-12 12:11:00,1085,1085,1085,1085,0
2022-08-12 12:12:00,1085,1085,1085,1085,0
2022-08-12 12:13:00,1085,1085,1085,1085,0
2022-08-12 12:14:00,1085,1085,1085,1085,0
2022-08-12 12:15:00,1085,1085,1085,1085,0
2022-08-12 12:16:00,1085,1085,1085,1085,0
2022-08-12 12:17:00,1085,1085,1085,1085,0
2022-08-12 12:18:00,1085,1085,1085,1085,0
2022-08-12 12:19:00,1085,1085,1085,1085,0
2022-08-12 12:20:00,1085,1085,1085,1085,0
2022-08-12 12:21:00,1085,1085,1085,1085,0
2022-08-12 12:22:00,1085,1085,1085,1085,0
2022-08-12 12:23:00,1085,1085,1085,1085,0
2022-08-12 12:24:00,1085,1085,1085,1085,0
2022-08-12 12:25:00,1085,1085,1085,1085,0
2022-08-12 12:26:00,1085,1085,1085,1085,0
2022-08-12 12:27:00,1085,1085,1085,1085,0
2022-08-12 12:28:00,1085,1085,1085,1085,0
2022-08-12 12:29:00,1085,1085,1085,1085,0
2022-08-12 12:30:00,1085,1085,1085,1085,0
2022-08-12 12:31:00,1085,1085,1085,1085,0
2022-08-12 12:32:00,1085,1085,1085,1085,0
2022-08-12 12:33:00,1085,1085,1085,1085,0
2022-08-12 12:34:00,1085,1085,1085,1085,0
2022-08-12 12:35:00,1085,1085,1085,1085,0
2022-08-12 12:36:00,1085,1085,1085,1085,0
2022-08-12 12:37:00,1085,1085,1085,1085,0
2022-08-12 12:38:00,1085,1085,1085,1085,0
2022-08-12 12:39:00,1085,1085,1085,1085,0
2022-08-12 12:40:00,1085,1085,1085,1085,0
2022-08-12 12:41:00,1085,1085,1085,1085,0
2022-08-12 12:42:00,1085,1085,1085,1085,0
2022-08-12 12:43:00,1085,1085,1085,1085,0
2022-08-12 12:44:00,1085,1085,1085,1085,0
2022-08-12 12:45:00,1085,1085,1085,1085,0
2022-08-12 12:46:00,1085,1085,1085,1085,0
2022-08-12 12:47:00,1085,1085,1085,1085,0
2022-08-12 12:48:00,1085,1085,1085,1085,0
2022-08-12 12:49:00,1085,1085,1085,1085,0
2022-08-12 12:50:00,1085,1085,1085,1085,0
2022-08-12 12:51:00,1085,1085,1085,1085,0
2022-08-12 12:52:00,1085,1085,1085,1085,0
2022-08-12 12:53:00,1085,1085,1085,1085,0
2022-08-12 12:54:00,1085,1085,1085,1085,0
2022-08-12 12:55:00,1085,1085,1085,1085,0
2022-08-12 12:56:00,1085,1085,1085,1085,0
2022-08-12 12:57:00,1085,1085,1085,1085,0
2022-08-12 12:58:00,1085,1085,1085,1085,0
2022-08-12 12:59:00,1085,1085,1085,1085,0
2022-08-12 13:00:00,1085,1085,1085,1085,0
2022-08-12 13:01:00,1085,1085,1085,1085,0
2022-08-12 13:02:00,1085,1085,1085,1085,0
2022-08-12 13:03:00,1085,1085,1085,1085,0
2022-08-12 13:04:00,1085,1085,1085,1085,0
2022-08-12 13:05:00,1085,1085,1085,1085,0
2022-08-12 13:06:00,1085,1085,1085,1085,0
2022-08-12 13:07:00,1085,1085,1085,1085,0
2022-08-12 13:08:00,1085,1085,1085,1085,0
2022-08-12 13:09:00,1085,1085,1085,1085,0
2022-08-12 13:10:00,1085,1085,1085,1085,0
2022-08-12 13:11:00,1085,1085,1085,1085,0
2022-08-12 13:12:00,1085,1085,1085,1085,0
2022-08-12 13:13:00,1085,1085,1085,1085,0
2022-08-12 13:14:00,1085,1085,1085,1085,0
2022-08-12 13:15:00,1085,1085,1085,1085,0
2022-08-12 13:16:00,1085,1085,1085,1085,0
2022-08-12 13:17:00,1085,1085,1085,1085,0
2022-08-12 13:18:00,1085,1085,1085,1085,0
2022-08-12 13:19:00,1085,1085,1085,1085,0
2022-08-12 13:20:00,1085,1085,1085,1085,0
2022-08-12 13:21:00,1085,1085,1085,1085,0
2022-08-12 13:22:00,1085,1085,1085,1085,0
2022-08-12 13:23:00,1085,1085,1085,1085,0
2022-08-12 13:24:00,1085,1085,1085,1085,0
2022-08-12 13:25:00,1085,1085,1085,1085,0
2022-08-12 13:26:00,1085,1085,1085,1085,0
2022-08-12 13:27:00,1085,1085,1085,1085,0
2022-08-12 13:28:00,1085,1085,1085,1085,0
2022-08-12 13:29:00,1085,1085,1085,1085,0
2022-08-12 13:30:00,1090,1085,1100,1100,1097300
2022-08-12 13:31:00,1100,1100,1105,1105,1996100
2022-08-12 13:32:00,1100,1100,1105,1105,710400
2022-08-12 13:33:00,1105,1105,1105,1105,305200
2022-08-12 13:34:00,1105,1100,1105,1105,43200
2022-08-12 13:35:00,1105,1105,1110,1110,1081000
2022-08-12 13:36:00,1105,1105,1115,1115,2646200
2022-08-12 13:37:00,1115,1110,1120,1115,1292700
2022-08-12 13:38:00,1115,1110,1115,1115,352300
2022-08-12 13:39:00,1115,1115,1120,1120,993300
2022-08-12 13:40:00,1120,1115,1125,1115,389700
2022-08-12 13:41:00,1120,1110,1120,1115,583000
2022-08-12 13:42:00,1110,1110,1120,1115,43800
2022-08-12 13:43:00,1115,1115,1120,1115,993800
2022-08-12 13:44:00,1115,1115,1120,1115,284600
2022-08-12 13:45:00,1120,1115,1120,1120,865600
2022-08-12 13:46:00,1120,1115,1120,1115,715200
2022-08-12 13:47:00,1120,1115,1120,1120,468600
2022-08-12 13:48:00,1120,1120,1120,1120,155800
2022-08-12 13:49:00,1120,1115,1120,1115,523700
2022-08-12 13:50:00,1115,1115,1120,1120,11100
2022-08-12 13:51:00,1115,1115,1120,1120,569000
2022-08-12 13:52:00,1115,1115,1120,1115,516100
2022-08-12 13:53:00,1115,1115,1120,1115,136700
2022-08-12 13:54:00,1115,1115,1120,1120,0
2022-08-12 13:55:00,1115,1115,1120,1115,498200
2022-08-12 13:56:00,1115,1115,1120,1115,1400
2022-08-12 13:57:00,1115,1115,1125,1125,499300
2022-08-12 13:58:00,1125,1120,1130,1125,1137500
2022-08-12 13:59:00,1125,1120,1130,1125,784300
2022-08-12 14:00:00,1125,1125,1135,1125,1038400
2022-08-12 14:01:00,1135,1130,1135,1130,715800
2022-08-12 14:02:00,1135,1130,1135,1130,694200
2022-08-12 14:03:00,1130,1125,1130,1130,281000
2022-08-12 14:04:00,1130,1125,1130,1130,79400
2022-08-12 14:05:00,1130,1130,1135,1135,465300
2022-08-12 14:06:00,1135,1135,1145,1140,969100
2022-08-12 14:07:00,1140,1135,1145,1140,1068300
2022-08-12 14:08:00,1140,1140,1145,1140,304500
2022-08-12 14:09:00,1140,1140,1140,1140,93400
2022-08-12 14:10:00,1140,1135,1140,1140,29800
2022-08-12 14:11:00,1140,1135,1140,1140,110600
2022-08-12 14:12:00,1135,1135,1140,1140,244200
2022-08-12 14:13:00,1145,1145,1150,1150,1449000
2022-08-12 14:14:00,1150,1145,1155,1155,1695900
2022-08-12 14:15:00,1150,1150,1155,1150,689900
2022-08-12 14:16:00,1150,1145,1150,1145,283800
2022-08-12 14:17:00,1140,1140,1145,1145,117400
2022-08-12 14:18:00,1140,1125,1140,1125,1408400
2022-08-12 14:19:00,1130,1125,1135,1135,723100
2022-08-12 14:20:00,1135,1135,1140,1140,186500
2022-08-12 14:21:00,1140,1130,1140,1135,596200
2022-08-12 14:22:00,1135,1135,1140,1135,71200
2022-08-12 14:23:00,1135,1130,1140,1130,203300
2022-08-12 14:24:00,1130,1125,1135,1130,553300
2022-08-12 14:25:00,1130,1125,1130,1125,352700
2022-08-12 14:26:00,1125,1125,1130,1125,70400
2022-08-12 14:27:00,1125,1125,1130,1130,161900
2022-08-12 14:28:00,1130,1125,1130,1125,20100
2022-08-12 14:29:00,1130,1125,1130,1130,33700
2022-08-12 14:30:00,1130,1130,1135,1130,156100
2022-08-12 14:31:00,1130,1130,1130,1130,31800
2022-08-12 14:32:00,1130,1130,1135,1135,13000
2022-08-12 14:33:00,1135,1130,1135,1130,15100
2022-08-12 14:34:00,1135,1135,1145,1135,889300
2022-08-12 14:35:00,1135,1135,1145,1140,904700
2022-08-12 14:36:00,1140,1140,1145,1140,1150600
2022-08-12 14:37:00,1140,1135,1140,1135,601400
2022-08-12 14:38:00,1140,1135,1140,1135,12400
2022-08-12 14:39:00,1140,1135,1140,1135,347600
2022-08-12 14:40:00,1135,1130,1135,1130,418500
2022-08-12 14:41:00,1130,1130,1130,1130,57300
2022-08-12 14:42:00,1135,1130,1135,1130,379700
2022-08-12 14:43:00,1130,1125,1130,1125,272600
2022-08-12 14:44:00,1125,1125,1130,1125,1201300
2022-08-12 14:45:00,1120,1120,1130,1130,147500
2022-08-12 14:46:00,1130,1125,1130,1130,11100
2022-08-12 14:47:00,1130,1125,1130,1125,98900
2022-08-12 14:48:00,1130,1125,1135,1135,722900
2022-08-12 14:49:00,1130,1130,1140,1140,440500
2022-08-12 14:50:00,1130,1130,1140,1140,0
2022-08-12 14:51:00,1130,1130,1140,1140,0
2022-08-12 14:52:00,1130,1130,1140,1140,0
2022-08-12 14:53:00,1130,1130,1140,1140,0
2022-08-12 14:54:00,1130,1130,1140,1140,0
2022-08-12 14:55:00,1130,1130,1140,1140,0
2022-08-12 14:56:00,1130,1130,1140,1140,0
2022-08-12 14:57:00,1130,1130,1140,1140,0
2022-08-12 14:58:00,1130,1130,1140,1140,0
2022-08-12 14:59:00,1130,1130,1140,1140,0
2022-08-12 15:00:00,1125,1125,1125,1125,1604000
2022-08-12 15:01:00,1125,1125,1125,1125,203900
2022-08-12 15:02:00,1125,1125,1125,1125,3800
2022-08-12 15:03:00,1125,1125,1125,1125,20000
2022-08-12 15:04:00,1125,1125,1125,1125,24600
2022-08-12 15:05:00,1125,1125,1125,1125,746100
2022-08-12 15:06:00,1125,1125,1125,1125,148300
2022-08-12 15:07:00,1125,1125,1125,1125,35500
2022-08-12 15:08:00,1125,1125,1125,1125,2100
2022-08-12 15:09:00,1125,1125,1125,1125,11000
2022-08-12 15:10:00,1125,1125,1125,1125,2900
2022-08-12 15:11:00,1125,1125,1125,1125,5300
2022-08-12 15:12:00,1125,1125,1125,1125,0
2022-08-12 15:13:00,1125,1125,1125,1125,25400
2022-08-12 15:14:00,1125,1125,1125,1125,0
2022-08-12 15:15:00,1125,1125,1125,1125,0
2022-08-12 15:16:00,1125,1125,1125,1125,0
2022-08-12 15:17:00,1125,1125,1125,1125,0
2022-08-12 15:18:00,1125,1125,1125,1125,0
2022-08-12 15:19:00,1125,1125,1125,1125,0
2022-08-12 15:20:00,1125,1125,1125,1125,0
2022-08-12 15:21:00,1125,1125,1125,1125,0
2022-08-12 15:22:00,1125,1125,1125,1125,0
2022-08-12 15:23:00,1125,1125,1125,1125,0
2022-08-12 15:24:00,1125,1125,1125,1125,0
2022-08-12 15:25:00,1125,1125,1125,1125,0
2022-08-12 15:26:00,1125,1125,1125,1125,0
2022-08-12 15:27:00,1125,1125,1125,1125,0
2022-08-12 15:28:00,1125,1125,1125,1125,0
2022-08-12 15:29:00,1125,1125,1125,1125,0
2022-08-12 15:30:00,1125,1125,1125,1125,0
2022-08-12 15:31:00,1125,1125,1125,1125,0
2022-08-12 15:32:00,1125,1125,1125,1125,0
2022-08-12 15:33:00,1125,1125,1125,1125,0
2022-08-12 15:34:00,1125,1125,1125,1125,0
2022-08-12 15:35:00,1125,1125,1125,1125,0
2022-08-12 15:36:00,1125,1125,1125,1125,0
2022-08-12 15:37:00,1125,1125,1125,1125,0
2022-08-12 15:38:00,1125,1125,1125,1125,0
2022-08-12 15:39:00,1125,1125,1125,1125,0
2022-08-12 15:40:00,1125,1125,1125,1125,0
2022-08-12 15:41:00,1125,1125,1125,1125,0
2022-08-12 15:42:00,1125,1125,1125,1125,0
2022-08-12 15:43:00,1125,1125,1125,1125,0
2022-08-12 15:44:00,1125,1125,1125,1125,0
2022-08-12 15:45:00,1125,1125,1125,1125,0
2022-08-12 15:46:00,1125,1125,1125,1125,0
2022-08-12 15:47:00,1125,1125,1125,1125,0
2022-08-12 15:48:00,1125,1125,1125,1125,0
2022-08-12 15:49:00,1125,1125,1125,1125,0
2022-08-12 15:50:00,1125,1125,1125,1125,0
2022-08-12 15:51:00,1125,1125,1125,1125,0
2022-08-12 15:52:00,1125,1125,1125,1125,0
2022-08-12 15:53:00,1125,1125,1125,1125,0
2022-08-12 15:54:00,1125,1125,1125,1125,0
2022-08-12 15:55:00,1125,1125,1125,1125,0
2022-08-12 15:56:00,1125,1125,1125,1125,0
2022-08-12 15:57:00,1125,1125,1125,1125,0
2022-08-12 15:58:00,1125,1125,1125,1125,0
2022-08-12 15:59:00,1125,1125,1125,1125,0
2022-08-15 09:00:00,1125,1125,1135,1125,0
2022-08-15 09:01:00,1130,1110,1130,1115,858300
2022-08-15 09:02:00,1115,1115,1125,1125,110200
2022-08-15 09:03:00,1125,1120,1125,1125,128900
2022-08-15 09:04:00,1125,1100,1125,1110,1367700
2022-08-15 09:05:00,1110,1105,1115,1115,129700
2022-08-15 09:06:00,1110,1110,1115,1110,402300
2022-08-15 09:07:00,1115,1110,1115,1110,158900
2022-08-15 09:08:00,1110,1095,1115,1100,1872300
2022-08-15 09:09:00,1105,1100,1110,1105,272600
2022-08-15 09:10:00,1110,1105,1115,1115,227300
2022-08-15 09:11:00,1115,1100,1115,1105,1166000
2022-08-15 09:12:00,1105,1100,1110,1105,265600
2022-08-15 09:13:00,1105,1100,1110,1105,330600
2022-08-15 09:14:00,1100,1100,1110,1110,249400
2022-08-15 09:15:00,1110,1105,1110,1110,20800
2022-08-15 09:16:00,1110,1105,1110,1110,276200
2022-08-15 09:17:00,1110,1105,1110,1110,306400
2022-08-15 09:18:00,1110,1105,1110,1110,63900
2022-08-15 09:19:00,1110,1090,1110,1095,2101400
2022-08-15 09:20:00,1100,1095,1100,1095,27400
2022-08-15 09:21:00,1100,1095,1100,1095,132700
2022-08-15 09:22:00,1095,1095,1100,1100,154600
2022-08-15 09:23:00,1095,1095,1110,1110,404100
2022-08-15 09:24:00,1110,1105,1115,1115,25200
2022-08-15 09:25:00,1115,1115,1115,1115,50900
2022-08-15 09:26:00,1115,1110,1115,1110,238300
2022-08-15 09:27:00,1110,1095,1110,1100,688900
2022-08-15 09:28:00,1100,1095,1100,1095,163700
2022-08-15 09:29:00,1095,1095,1100,1100,11100
2022-08-15 09:30:00,1095,1095,1100,1095,87100
2022-08-15 09:31:00,1100,1095,1100,1100,40000
2022-08-15 09:32:00,1100,1095,1110,1110,744100
2022-08-15 09:33:00,1110,1110,1110,1110,43400
2022-08-15 09:34:00,1110,1100,1110,1110,2116700
2022-08-15 09:35:00,1105,1100,1110,1105,205100
2022-08-15 09:36:00,1105,1100,1105,1100,296400
2022-08-15 09:37:00,1105,1105,1110,1110,323700
2022-08-15 09:38:00,1110,1095,1110,1095,1786500
2022-08-15 09:39:00,1100,1095,1110,1100,1830200
2022-08-15 09:40:00,1100,1100,1105,1100,22000
2022-08-15 09:41:00,1100,1100,1100,1100,244600
2022-08-15 09:42:00,1100,1095,1100,1100,281800
2022-08-15 09:43:00,1100,1100,1100,1100,53800
2022-08-15 09:44:00,1100,1100,1105,1105,14700
2022-08-15 09:45:00,1105,1100,1105,1105,35500
2022-08-15 09:46:00,1105,1105,1110,1110,3200
2022-08-15 09:47:00,1110,1105,1110,1105,18300
2022-08-15 09:48:00,1100,1100,1105,1105,12100
2022-08-15 09:49:00,1105,1105,1105,1105,19600
2022-08-15 09:50:00,1105,1105,1105,1105,58900
2022-08-15 09:51:00,1105,1105,1110,1110,78500
2022-08-15 09:52:00,1105,1105,1110,1105,37800
2022-08-15 09:53:00,1110,1105,1110,1110,24100
2022-08-15 09:54:00,1110,1105,1110,1110,24000
2022-08-15 09:55:00,1105,1105,1110,1110,185900
2022-08-15 09:56:00,1115,1115,1115,1115,0
2022-08-15 09:57:00,1115,1110,1115,1115,600
2022-08-15 09:58:00,1110,1110,1115,1110,105800
2022-08-15 09:59:00,1110,1105,1110,1105,26300
2022-08-15 10:00:00,1110,1110,1110,1110,1500
2022-08-15 10:01:00,1110,1110,1110,1110,41600
2022-08-15 10:02:00,1110,1110,1115,1115,5200
2022-08-15 10:03:00,1115,1115,1115,1115,5300
2022-08-15 10:04:00,1115,1105,1115,1115,105100
2022-08-15 10:05:00,1115,1110,1115,1110,14300
2022-08-15 10:06:00,1110,1110,1110,1110,1600
2022-08-15 10:07:00,1110,1110,1115,1115,2600
2022-08-15 10:08:00,1110,1105,1115,1105,190200
2022-08-15 10:09:00,1105,1105,1110,1110,37800
2022-08-15 10:10:00,1110,1105,1110,1110,700
2022-08-15 10:11:00,1110,1105,1110,1110,53700
2022-08-15 10:12:00,1110,1110,1110,1110,5200
2022-08-15 10:13:00,1105,1105,1105,1105,13200
2022-08-15 10:14:00,1110,1105,1110,1110,78300
2022-08-15 10:15:00,1110,1105,1110,1105,31900
2022-08-15 10:16:00,1110,1110,1110,1110,4100
2022-08-15 10:17:00,1110,1105,1110,1105,59800
2022-08-15 10:18:00,1105,1105,1105,1105,371700
2022-08-15 10:19:00,1105,1105,1110,1105,6300
2022-08-15 10:20:00,1110,1110,1110,1110,22600
2022-08-15 10:21:00,1110,1105,1110,1105,7300
2022-08-15 10:22:00,1110,1110,1110,1110,13400
2022-08-15 10:23:00,1110,1110,1110,1110,500
2022-08-15 10:24:00,1105,1105,1105,1105,5500
2022-08-15 10:25:00,1105,1105,1110,1105,257900
2022-08-15 10:26:00,1105,1100,1105,1105,50800
2022-08-15 10:27:00,1105,1105,1105,1105,22200
2022-08-15 10:28:00,1100,1100,1105,1100,279000
2022-08-15 10:29:00,1100,1100,1100,1100,1600
2022-08-15 10:30:00,1105,1105,1105,1105,105300
2022-08-15 10:31:00,1105,1105,1105,1105,61500
2022-08-15 10:32:00,1105,1105,1105,1105,48200
2022-08-15 10:33:00,1105,1105,1105,1105,17700
2022-08-15 10:34:00,1105,1100,1105,1105,67900
2022-08-15 10:35:00,1100,1100,1105,1105,4000
2022-08-15 10:36:00,1105,1100,1105,1100,500
2022-08-15 10:37:00,1105,1105,1105,1105,206100
2022-08-15 10:38:00,1105,1105,1105,1105,500
2022-08-15 10:39:00,1105,1105,1105,1105,156200
2022-08-15 10:40:00,1105,1105,1110,1110,3900
2022-08-15 10:41:00,1110,1110,1110,1110,800
2022-08-15 10:42:00,1105,1105,1110,1110,6800
2022-08-15 10:43:00,1110,1110,1110,1110,0
2022-08-15 10:44:00,1110,1110,1110,1110,2300
2022-08-15 10:45:00,1110,1110,1110,1110,7300
2022-08-15 10:46:00,1110,1105,1110,1110,117200
2022-08-15 10:47:00,1105,1105,1110,1105,171100
2022-08-15 10:48:00,1105,1105,1105,1105,700
2022-08-15 10:49:00,1105,1105,1105,1105,12000
2022-08-15 10:50:00,1105,1105,1105,1105,42200
2022-08-15 10:51:00,1105,1105,1105,1105,19900
2022-08-15 10:52:00,1105,1100,1105,1105,1200
2022-08-15 10:53:00,1100,1100,1105,1100,39100
2022-08-15 10:54:00,1100,1100,1100,1100,3100
2022-08-15 10:55:00,1100,1100,1105,1105,101400
2022-08-15 10:56:00,1105,1100,1105,1100,17600
2022-08-15 10:57:00,1105,1100,1105,1105,39100
2022-08-15 10:58:00,1100,1100,1105,1105,59200
2022-08-15 10:59:00,1100,1100,1105,1100,28900
2022-08-15 11:00:00,1105,1100,1105,1100,16900
2022-08-15 11:01:00,1100,1100,1105,1105,232100
2022-08-15 11:02:00,1105,1105,1105,1105,2200
2022-08-15 11:03:00,1110,1105,1110,1105,4900
2022-08-15 11:04:00,1105,1105,1105,1105,70800
2022-08-15 11:05:00,1105,1105,1105,1105,29300
2022-08-15 11:06:00,1105,1105,1110,1105,14500
2022-08-15 11:07:00,1105,1105,1110,1105,0
2022-08-15 11:08:00,1105,1105,1110,1105,0
2022-08-15 11:09:00,1105,1105,1110,1110,10400
2022-08-15 11:10:00,1105,1105,1110,1105,4300
2022-08-15 11:11:00,1105,1105,1105,1105,1500
2022-08-15 11:12:00,1105,1095,1105,1100,1462800
2022-08-15 11:13:00,1100,1095,1100,1095,945100
2022-08-15 11:14:00,1095,1090,1095,1095,118200
2022-08-15 11:15:00,1095,1095,1100,1100,57600
2022-08-15 11:16:00,1100,1095,1100,1100,9000
2022-08-15 11:17:00,1100,1100,1100,1100,1300
2022-08-15 11:18:00,1095,1095,1100,1100,3200
2022-08-15 11:19:00,1100,1100,1100,1100,13100
2022-08-15 11:20:00,1100,1090,1100,1095,1290300
2022-08-15 11:21:00,1095,1090,1095,1090,1042900
2022-08-15 11:22:00,1090,1075,1090,1085,1590500
2022-08-15 11:23:00,1085,1085,1090,1085,141400
2022-08-15 11:24:00,1085,1080,1085,1085,366100
2022-08-15 11:25:00,1085,1080,1085,1080,46700
2022-08-15 11:26:00,1080,1080,1085,1080,821400
2022-08-15 11:27:00,1080,1075,1080,1080,214800
2022-08-15 11:28:00,1080,1075,1080,1080,380300
2022-08-15 11:29:00,1080,1080,1085,1080,233700
2022-08-15 11:30:00,1080,1080,1085,1080,0
2022-08-15 11:31:00,1080,1080,1085,1080,0
2022-08-15 11:32:00,1080,1080,1085,1080,0
2022-08-15 11:33:00,1080,1080,1085,1080,0
2022-08-15 11:34:00,1080,1080,1085,1080,0
2022-08-15 11:35:00,1080,1080,1085,1080,0
2022-08-15 11:36:00,1080,1080,1085,1080,0
2022-08-15 11:37:00,1080,1080,1085,1080,0
2022-08-15 11:38:00,1080,1080,1085,1080,0
2022-08-15 11:39:00,1080,1080,1085,1080,0
2022-08-15 11:40:00,1080,1080,1085,1080,0
2022-08-15 11:41:00,1080,1080,1085,1080,0
2022-08-15 11:42:00,1080,1080,1085,1080,0
2022-08-15 11:43:00,1080,1080,1085,1080,0
2022-08-15 11:44:00,1080,1080,1085,1080,0
2022-08-15 11:45:00,1080,1080,1085,1080,0
2022-08-15 11:46:00,1080,1080,1085,1080,0
2022-08-15 11:47:00,1080,1080,1085,1080,0
2022-08-15 11:48:00,1080,1080,1085,1080,0
2022-08-15 11:49:00,1080,1080,1085,1080,0
2022-08-15 11:50:00,1080,1080,1085,1080,0
2022-08-15 11:51:00,1080,1080,1085,1080,0
2022-08-15 11:52:00,1080,1080,1085,1080,0
2022-08-15 11:53:00,1080,1080,1085,1080,0
2022-08-15 11:54:00,1080,1080,1085,1080,0
2022-08-15 11:55:00,1080,1080,1085,1080,0
2022-08-15 11:56:00,1080,1080,1085,1080,0
2022-08-15 11:57:00,1080,1080,1085,1080,0
2022-08-15 11:58:00,1080,1080,1085,1080,0
2022-08-15 11:59:00,1080,1080,1085,1080,0
2022-08-15 12:00:00,1080,1080,1085,1080,0
2022-08-15 12:01:00,1080,1080,1085,1080,0
2022-08-15 12:02:00,1080,1080,1085,1080,0
2022-08-15 12:03:00,1080,1080,1085,1080,0
2022-08-15 12:04:00,1080,1080,1085,1080,0
2022-08-15 12:05:00,1080,1080,1085,1080,0
2022-08-15 12:06:00,1080,1080,1085,1080,0
2022-08-15 12:07:00,1080,1080,1085,1080,0
2022-08-15 12:08:00,1080,1080,1085,1080,0
2022-08-15 12:09:00,1080,1080,1085,1080,0
2022-08-15 12:10:00,1080,1080,1085,1080,0
2022-08-15 12:11:00,1080,1080,1085,1080,0
2022-08-15 12:12:00,1080,1080,1085,1080,0
2022-08-15 12:13:00,1080,1080,1085,1080,0
2022-08-15 12:14:00,1080,1080,1085,1080,0
2022-08-15 12:15:00,1080,1080,1085,1080,0
2022-08-15 12:16:00,1080,1080,1085,1080,0
2022-08-15 12:17:00,1080,1080,1085,1080,0
2022-08-15 12:18:00,1080,1080,1085,1080,0
2022-08-15 12:19:00,1080,1080,1085,1080,0
2022-08-15 12:20:00,1080,1080,1085,1080,0
2022-08-15 12:21:00,1080,1080,1085,1080,0
2022-08-15 12:22:00,1080,1080,1085,1080,0
2022-08-15 12:23:00,1080,1080,1085,1080,0
2022-08-15 12:24:00,1080,1080,1085,1080,0
2022-08-15 12:25:00,1080,1080,1085,1080,0
2022-08-15 12:26:00,1080,1080,1085,1080,0
2022-08-15 12:27:00,1080,1080,1085,1080,0
2022-08-15 12:28:00,1080,1080,1085,1080,0
2022-08-15 12:29:00,1080,1080,1085,1080,0
2022-08-15 12:30:00,1080,1080,1085,1080,0
2022-08-15 12:31:00,1080,1080,1085,1080,0
2022-08-15 12:32:00,1080,1080,1085,1080,0
2022-08-15 12:33:00,1080,1080,1085,1080,0
2022-08-15 12:34:00,1080,1080,1085,1080,0
2022-08-15 12:35:00,1080,1080,1085,1080,0
2022-08-15 12:36:00,1080,1080,1085,1080,0
2022-08-15 12:37:00,1080,1080,1085,1080,0
2022-08-15 12:38:00,1080,1080,1085,1080,0
2022-08-15 12:39:00,1080,1080,1085,1080,0
2022-08-15 12:40:00,1080,1080,1085,1080,0
2022-08-15 12:41:00,1080,1080,1085,1080,0
2022-08-15 12:42:00,1080,1080,1085,1080,0
2022-08-15 12:43:00,1080,1080,1085,1080,0
2022-08-15 12:44:00,1080,1080,1085,1080,0
2022-08-15 12:45:00,1080,1080,1085,1080,0
2022-08-15 12:46:00,1080,1080,1085,1080,0
2022-08-15 12:47:00,1080,1080,1085,1080,0
2022-08-15 12:48:00,1080,1080,1085,1080,0
2022-08-15 12:49:00,1080,1080,1085,1080,0
2022-08-15 12:50:00,1080,1080,1085,1080,0
2022-08-15 12:51:00,1080,1080,1085,1080,0
2022-08-15 12:52:00,1080,1080,1085,1080,0
2022-08-15 12:53:00,1080,1080,1085,1080,0
2022-08-15 12:54:00,1080,1080,1085,1080,0
2022-08-15 12:55:00,1080,1080,1085,1080,0
2022-08-15 12:56:00,1080,1080,1085,1080,0
2022-08-15 12:57:00,1080,1080,1085,1080,0
2022-08-15 12:58:00,1080,1080,1085,1080,0
2022-08-15 12:59:00,1080,1080,1085,1080,0
2022-08-15 13:00:00,1080,1080,1085,1080,0
2022-08-15 13:01:00,1080,1080,1085,1080,0
2022-08-15 13:02:00,1080,1080,1085,1080,0
2022-08-15 13:03:00,1080,1080,1085,1080,0
2022-08-15 13:04:00,1080,1080,1085,1080,0
2022-08-15 13:05:00,1080,1080,1085,1080,0
2022-08-15 13:06:00,1080,1080,1085,1080,0
2022-08-15 13:07:00,1080,1080,1085,1080,0
2022-08-15 13:08:00,1080,1080,1085,1080,0
2022-08-15 13:09:00,1080,1080,1085,1080,0
2022-08-15 13:10:00,1080,1080,1085,1080,0
2022-08-15 13:11:00,1080,1080,1085,1080,0
2022-08-15 13:12:00,1080,1080,1085,1080,0
2022-08-15 13:13:00,1080,1080,1085,1080,0
2022-08-15 13:14:00,1080,1080,1085,1080,0
2022-08-15 13:15:00,1080,1080,1085,1080,0
2022-08-15 13:16:00,1080,1080,1085,1080,0
2022-08-15 13:17:00,1080,1080,1085,1080,0
2022-08-15 13:18:00,1080,1080,1085,1080,0
2022-08-15 13:19:00,1080,1080,1085,1080,0
2022-08-15 13:20:00,1080,1080,1085,1080,0
2022-08-15 13:21:00,1080,1080,1085,1080,0
2022-08-15 13:22:00,1080,1080,1085,1080,0
2022-08-15 13:23:00,1080,1080,1085,1080,0
2022-08-15 13:24:00,1080,1080,1085,1080,0
2022-08-15 13:25:00,1080,1080,1085,1080,0
2022-08-15 13:26:00,1080,1080,1085,1080,0
2022-08-15 13:27:00,1080,1080,1085,1080,0
2022-08-15 13:28:00,1080,1080,1085,1080,0
2022-08-15 13:29:00,1080,1080,1085,1080,0
2022-08-15 13:30:00,1080,1080,1090,1090,362100
2022-08-15 13:31:00,1085,1085,1090,1090,49800
2022-08-15 13:32:00,1090,1080,1090,1080,327600
2022-08-15 13:33:00,1085,1080,1085,1080,65500
2022-08-15 13:34:00,1080,1080,1085,1085,65300
2022-08-15 13:35:00,1085,1080,1085,1085,213900
2022-08-15 13:36:00,1085,1080,1085,1080,132800
2022-08-15 13:37:00,1085,1075,1085,1075,337100
2022-08-15 13:38:00,1075,1075,1080,1080,102300
2022-08-15 13:39:00,1080,1075,1080,1075,165900
2022-08-15 13:40:00,1080,1060,1080,1065,2201200
2022-08-15 13:41:00,1065,1055,1070,1070,1336600
2022-08-15 13:42:00,1075,1065,1075,1070,550400
2022-08-15 13:43:00,1075,1075,1080,1080,164000
2022-08-15 13:44:00,1080,1075,1080,1075,182200
2022-08-15 13:45:00,1075,1075,1080,1075,31500
2022-08-15 13:46:00,1080,1075,1080,1075,51500
2022-08-15 13:47:00,1080,1075,1095,1080,747700
2022-08-15 13:48:00,1080,1080,1085,1080,122500
2022-08-15 13:49:00,1080,1080,1085,1085,70700
2022-08-15 13:50:00,1085,1070,1085,1070,594800
2022-08-15 13:51:00,1070,1070,1075,1075,30400
2022-08-15 13:52:00,1075,1075,1085,1080,496800
2022-08-15 13:53:00,1080,1080,1080,1080,6600
2022-08-15 13:54:00,1080,1080,1080,1080,69500
2022-08-15 13:55:00,1080,1080,1080,1080,13000
2022-08-15 13:56:00,1080,1080,1080,1080,11500
2022-08-15 13:57:00,1080,1080,1080,1080,27300
2022-08-15 13:58:00,1085,1075,1085,1085,16200
2022-08-15 13:59:00,1085,1085,1085,1085,10400
2022-08-15 14:00:00,1080,1080,1085,1085,13300
2022-08-15 14:01:00,1080,1080,1085,1080,88900
2022-08-15 14:02:00,1080,1080,1080,1080,20700
2022-08-15 14:03:00,1080,1080,1080,1080,48400
2022-08-15 14:04:00,1080,1075,1100,1080,3252400
2022-08-15 14:05:00,1080,1080,1085,1085,39900
2022-08-15 14:06:00,1085,1075,1085,1080,237500
2022-08-15 14:07:00,1075,1075,1080,1080,146300
2022-08-15 14:08:00,1080,1075,1080,1080,217300
2022-08-15 14:09:00,1080,1080,1080,1080,11600
2022-08-15 14:10:00,1080,1080,1080,1080,0
2022-08-15 14:11:00,1075,1075,1080,1080,8000
2022-08-15 14:12:00,1080,1075,1080,1075,38500
2022-08-15 14:13:00,1075,1075,1080,1080,18400
2022-08-15 14:14:00,1080,1075,1080,1080,34500
2022-08-15 14:15:00,1085,1085,1085,1085,36800
2022-08-15 14:16:00,1085,1080,1085,1080,56900
2022-08-15 14:17:00,1080,1080,1085,1085,600
2022-08-15 14:18:00,1080,1075,1080,1075,319100
2022-08-15 14:19:00,1080,1080,1080,1080,23400
2022-08-15 14:20:00,1080,1075,1080,1080,83600
2022-08-15 14:21:00,1085,1080,1085,1080,155600
2022-08-15 14:22:00,1080,1080,1080,1080,117400
2022-08-15 14:23:00,1080,1075,1085,1080,394200
2022-08-15 14:24:00,1080,1075,1080,1080,141900
2022-08-15 14:25:00,1080,1080,1085,1080,11800
2022-08-15 14:26:00,1080,1080,1080,1080,0
2022-08-15 14:27:00,1080,1080,1085,1080,500
2022-08-15 14:28:00,1085,1085,1090,1090,92800
2022-08-15 14:29:00,1090,1085,1090,1090,13600
2022-08-15 14:30:00,1090,1085,1090,1090,6900
2022-08-15 14:31:00,1090,1090,1090,1090,47000
2022-08-15 14:32:00,1090,1090,1090,1090,0
2022-08-15 14:33:00,1085,1085,1090,1085,36000
2022-08-15 14:34:00,1085,1085,1085,1085,120200
2022-08-15 14:35:00,1085,1085,1085,1085,31400
2022-08-15 14:36:00,1085,1085,1085,1085,62000
2022-08-15 14:37:00,1085,1085,1085,1085,57900
2022-08-15 14:38:00,1085,1080,1085,1085,65400
2022-08-15 14:39:00,1080,1080,1080,1080,132600
2022-08-15 14:40:00,1080,1080,1085,1080,688200
2022-08-15 14:41:00,1080,1080,1095,1085,1001800
2022-08-15 14:42:00,1080,1075,1085,1075,746700
2022-08-15 14:43:00,1075,1075,1085,1085,79200
2022-08-15 14:44:00,1085,1080,1085,1080,482200
2022-08-15 14:45:00,1080,1080,1080,1080,7300
2022-08-15 14:46:00,1080,1060,1080,1070,2481200
2022-08-15 14:47:00,1065,1065,1075,1065,182500
2022-08-15 14:48:00,1065,1065,1095,1070,2170700
2022-08-15 14:49:00,1070,1065,1095,1070,1608800
2022-08-15 14:50:00,1070,1065,1095,1070,0
2022-08-15 14:51:00,1070,1065,1095,1070,0
2022-08-15 14:52:00,1070,1065,1095,1070,0
2022-08-15 14:53:00,1070,1065,1095,1070,0
2022-08-15 14:54:00,1070,1065,1095,1070,0
2022-08-15 14:55:00,1070,1065,1095,1070,0
2022-08-15 14:56:00,1070,1065,1095,1070,0
2022-08-15 14:57:00,1070,1065,1095,1070,0
2022-08-15 14:58:00,1070,1065,1095,1070,0
2022-08-15 14:59:00,1070,1065,1095,1070,0
2022-08-15 15:00:00,1100,1100,1100,1100,4901000
2022-08-15 15:01:00,1100,1100,1100,1100,67300
2022-08-15 15:02:00,1100,1100,1100,1100,62600
2022-08-15 15:03:00,1100,1100,1100,1100,5000
2022-08-15 15:04:00,1100,1100,1100,1100,0
2022-08-15 15:05:00,1100,1100,1100,1100,0
2022-08-15 15:06:00,1100,1100,1100,1100,426100
2022-08-15 15:07:00,1100,1100,1100,1100,72200
2022-08-15 15:08:00,1100,1100,1100,1100,3400
2022-08-15 15:09:00,1100,1100,1100,1100,312200
2022-08-15 15:10:00,1100,1100,1100,1100,27700
2022-08-15 15:11:00,1100,1100,1100,1100,8000
2022-08-15 15:12:00,1100,1100,1100,1100,1000
2022-08-15 15:13:00,1100,1100,1100,1100,6500
2022-08-15 15:14:00,1100,1100,1100,1100,65482300
2022-08-15 15:15:00,1100,1100,1100,1100,0
2022-08-15 15:16:00,1100,1100,1100,1100,0
2022-08-15 15:17:00,1100,1100,1100,1100,0
2022-08-15 15:18:00,1100,1100,1100,1100,0
2022-08-15 15:19:00,1100,1100,1100,1100,0
2022-08-15 15:20:00,1100,1100,1100,1100,0
2022-08-15 15:21:00,1100,1100,1100,1100,0
2022-08-15 15:22:00,1100,1100,1100,1100,0
2022-08-15 15:23:00,1100,1100,1100,1100,0
2022-08-15 15:24:00,1100,1100,1100,1100,0
2022-08-15 15:25:00,1100,1100,1100,1100,0
2022-08-15 15:26:00,1100,1100,1100,1100,0
2022-08-15 15:27:00,1100,1100,1100,1100,0
2022-08-15 15:28:00,1100,1100,1100,1100,0
2022-08-15 15:29:00,1100,1100,1100,1100,0
2022-08-15 15:30:00,1100,1100,1100,1100,0
2022-08-15 15:31:00,1100,1100,1100,1100,0
2022-08-15 15:32:00,1100,1100,1100,1100,0
2022-08-15 15:33:00,1100,1100,1100,1100,0
2022-08-15 15:34:00,1100,1100,1100,1100,0
2022-08-15 15:35:00,1100,1100,1100,1100,0
2022-08-15 15:36:00,1100,1100,1100,1100,0
2022-08-15 15:37:00,1100,1100,1100,1100,0
2022-08-15 15:38:00,1100,1100,1100,1100,0
2022-08-15 15:39:00,1100,1100,1100,1100,0
2022-08-15 15:40:00,1100,1100,1100,1100,0
2022-08-15 15:41:00,1100,1100,1100,1100,0
2022-08-15 15:42:00,1100,1100,1100,1100,0
2022-08-15 15:43:00,1100,1100,1100,1100,0
2022-08-15 15:44:00,1100,1100,1100,1100,0
2022-08-15 15:45:00,1100,1100,1100,1100,0
2022-08-15 15:46:00,1100,1100,1100,1100,0
2022-08-15 15:47:00,1100,1100,1100,1100,0
2022-08-15 15:48:00,1100,1100,1100,1100,0
2022-08-15 15:49:00,1100,1100,1100,1100,0
2022-08-15 15:50:00,1100,1100,1100,1100,0
2022-08-15 15:51:00,1100,1100,1100,1100,0
2022-08-15 15:52:00,1100,1100,1100,1100,0
2022-08-15 15:53:00,1100,1100,1100,1100,0
2022-08-15 15:54:00,1100,1100,1100,1100,0
2022-08-15 15:55:00,1100,1100,1100,1100,0
2022-08-15 15:56:00,1100,1100,1100,1100,0
2022-08-15 15:57:00,1100,1100,1100,1100,0
2022-08-15 15:58:00,1100,1100,1100,1100,0
2022-08-15 15:59:00,1100,1100,1100,1100,0
2022-08-16 09:00:00,1090,1090,1100,1095,0
2022-08-16 09:01:00,1095,1080,1095,1080,250100
2022-08-16 09:02:00,1080,1080,1090,1090,91800
2022-08-16 09:03:00,1095,1090,1095,1090,98500
2022-08-16 09:04:00,1090,1085,1090,1090,9200
2022-08-16 09:05:00,1085,1080,1090,1080,449900
2022-08-16 09:06:00,1075,1075,1080,1080,269600
2022-08-16 09:07:00,1080,1080,1080,1080,5600
2022-08-16 09:08:00,1080,1075,1080,1080,38800
2022-08-16 09:09:00,1075,1075,1080,1080,32800
2022-08-16 09:10:00,1075,1075,1075,1075,169600
2022-08-16 09:11:00,1075,1070,1080,1080,117300
2022-08-16 09:12:00,1080,1080,1080,1080,112700
2022-08-16 09:13:00,1085,1080,1085,1080,59000
2022-08-16 09:14:00,1085,1080,1085,1085,44000
2022-08-16 09:15:00,1085,1085,1090,1085,58900
2022-08-16 09:16:00,1090,1090,1090,1090,57600
2022-08-16 09:17:00,1090,1085,1090,1085,255900
2022-08-16 09:18:00,1085,1080,1085,1085,13100
2022-08-16 09:19:00,1085,1080,1085,1080,306300
2022-08-16 09:20:00,1080,1075,1080,1075,29900
2022-08-16 09:21:00,1080,1075,1080,1075,14500
2022-08-16 09:22:00,1075,1075,1080,1075,1300
2022-08-16 09:23:00,1080,1075,1080,1080,5500
2022-08-16 09:24:00,1080,1075,1080,1075,193500
2022-08-16 09:25:00,1075,1070,1075,1070,32800
2022-08-16 09:26:00,1070,1070,1075,1070,175900
2022-08-16 09:27:00,1070,1070,1075,1070,5500
2022-08-16 09:28:00,1070,1070,1075,1075,47500
2022-08-16 09:29:00,1080,1075,1080,1080,0
2022-08-16 09:30:00,1080,1080,1080,1080,100
2022-08-16 09:31:00,1075,1075,1080,1075,236300
2022-08-16 09:32:00,1075,1070,1075,1075,194500
2022-08-16 09:33:00,1070,1070,1075,1075,87000
2022-08-16 09:34:00,1080,1080,1085,1085,308500
2022-08-16 09:35:00,1085,1085,1085,1085,7800
2022-08-16 09:36:00,1085,1085,1085,1085,272800
2022-08-16 09:37:00,1085,1085,1085,1085,2700
2022-08-16 09:38:00,1085,1085,1085,1085,3000
2022-08-16 09:39:00,1085,1085,1085,1085,29000
2022-08-16 09:40:00,1085,1080,1085,1080,800
2022-08-16 09:41:00,1080,1080,1080,1080,7400
2022-08-16 09:42:00,1080,1080,1080,1080,0
2022-08-16 09:43:00,1080,1080,1080,1080,2400
2022-08-16 09:44:00,1080,1080,1080,1080,800
2022-08-16 09:45:00,1085,1080,1085,1085,0
2022-08-16 09:46:00,1085,1085,1085,1085,3100
2022-08-16 09:47:00,1085,1080,1085,1080,11200
2022-08-16 09:48:00,1080,1080,1080,1080,600
2022-08-16 09:49:00,1080,1080,1080,1080,0
2022-08-16 09:50:00,1085,1080,1085,1080,6200
2022-08-16 09:51:00,1080,1080,1080,1080,13500
2022-08-16 09:52:00,1080,1080,1080,1080,0
2022-08-16 09:53:00,1080,1080,1080,1080,600
2022-08-16 09:54:00,1080,1080,1085,1080,99500
2022-08-16 09:55:00,1080,1080,1080,1080,45500
2022-08-16 09:56:00,1080,1075,1080,1075,169800
2022-08-16 09:57:00,1080,1075,1080,1075,0
2022-08-16 09:58:00,1075,1075,1075,1075,25700
2022-08-16 09:59:00,1075,1075,1075,1075,1400
2022-08-16 10:00:00,1075,1075,1080,1080,12400
2022-08-16 10:01:00,1075,1075,1075,1075,40800
2022-08-16 10:02:00,1075,1075,1075,1075,0
2022-08-16 10:03:00,1075,1075,1080,1080,4500
2022-08-16 10:04:00,1080,1080,1080,1080,5200
2022-08-16 10:05:00,1075,1075,1080,1080,21200
2022-08-16 10:06:00,1080,1080,1080,1080,0
2022-08-16 10:07:00,1085,1085,1085,1085,118000
2022-08-16 10:08:00,1085,1085,1090,1090,2200
2022-08-16 10:09:00,1090,1090,1090,1090,5000
2022-08-16 10:10:00,1090,1085,1090,1090,91500
2022-08-16 10:11:00,1090,1090,1090,1090,100
2022-08-16 10:12:00,1090,1085,1095,1095,406200
2022-08-16 10:13:00,1100,1100,1100,1100,558500
2022-08-16 10:14:00,1095,1095,1100,1095,104700
2022-08-16 10:15:00,1095,1090,1095,1090,78500
2022-08-16 10:16:00,1090,1090,1090,1090,0
2022-08-16 10:17:00,1095,1090,1095,1095,20039800
2022-08-16 10:18:00,1095,1090,1095,1095,0
2022-08-16 10:19:00,1095,1090,1105,1095,15991000
2022-08-16 10:20:00,1095,1090,1095,1090,117100
2022-08-16 10:21:00,1090,1090,1090,1090,14100
2022-08-16 10:22:00,1085,1080,1085,1080,285600
2022-08-16 10:23:00,1085,1080,1085,1085,279600
2022-08-16 10:24:00,1085,1085,1105,1085,393800
2022-08-16 10:25:00,1085,1085,1090,1090,40400
2022-08-16 10:26:00,1090,1090,1090,1090,0
2022-08-16 10:27:00,1090,1090,1090,1090,223900
2022-08-16 10:28:00,1095,1095,1095,1095,0
2022-08-16 10:29:00,1090,1090,1100,1095,506700
2022-08-16 10:30:00,1095,1095,1095,1095,100
2022-08-16 10:31:00,1090,1090,1095,1090,356100
2022-08-16 10:32:00,1090,1090,1090,1090,0
2022-08-16 10:33:00,1090,1090,1090,1090,300
2022-08-16 10:34:00,1090,1090,1090,1090,3400
2022-08-16 10:35:00,1090,1090,1090,1090,0
2022-08-16 10:36:00,1090,1090,1090,1090,11000
2022-08-16 10:37:00,1095,1085,1095,1085,436600
2022-08-16 10:38:00,1085,1085,1085,1085,119300
2022-08-16 10:39:00,1080,1080,1085,1085,72200
2022-08-16 10:40:00,1085,1080,1085,1080,245000
2022-08-16 10:41:00,1085,1085,1085,1085,500
2022-08-16 10:42:00,1085,1085,1085,1085,0
2022-08-16 10:43:00,1085,1080,1090,1085,43700
2022-08-16 10:44:00,1085,1085,1085,1085,3500
2022-08-16 10:45:00,1085,1085,1090,1090,1186700
2022-08-16 10:46:00,1085,1085,1090,1085,116400
2022-08-16 10:47:00,1085,1085,1085,1085,3800
2022-08-16 10:48:00,1085,1085,1085,1085,0
2022-08-16 10:49:00,1085,1080,1085,1085,168200
2022-08-16 10:50:00,1080,1080,1080,1080,155500
2022-08-16 10:51:00,1080,1080,1080,1080,0
2022-08-16 10:52:00,1080,1080,1080,1080,16000
2022-08-16 10:53:00,1080,1080,1080,1080,0
2022-08-16 10:54:00,1080,1080,1080,1080,0
2022-08-16 10:55:00,1080,1080,1085,1085,946800
2022-08-16 10:56:00,1085,1085,1085,1085,0
2022-08-16 10:57:00,1085,1080,1085,1085,57400
2022-08-16 10:58:00,1090,1090,1090,1090,120500
2022-08-16 10:59:00,1090,1090,1090,1090,0
2022-08-16 11:00:00,1085,1085,1085,1085,83800
2022-08-16 11:01:00,1085,1085,1085,1085,0
2022-08-16 11:02:00,1085,1085,1085,1085,100500
2022-08-16 11:03:00,1085,1085,1085,1085,0
2022-08-16 11:04:00,1080,1080,1085,1085,140700
2022-08-16 11:05:00,1085,1085,1085,1085,0
2022-08-16 11:06:00,1085,1085,1085,1085,8400
2022-08-16 11:07:00,1085,1085,1085,1085,2800
2022-08-16 11:08:00,1085,1085,1085,1085,15500
2022-08-16 11:09:00,1085,1085,1085,1085,0
2022-08-16 11:10:00,1085,1085,1085,1085,1600
2022-08-16 11:11:00,1090,1090,1090,1090,0
2022-08-16 11:12:00,1090,1090,1090,1090,0
2022-08-16 11:13:00,1085,1085,1085,1085,10700
2022-08-16 11:14:00,1085,1085,1085,1085,2500
2022-08-16 11:15:00,1085,1085,1085,1085,47200
2022-08-16 11:16:00,1085,1080,1085,1080,0
2022-08-16 11:17:00,1085,1085,1085,1085,500
2022-08-16 11:18:00,1085,1080,1085,1080,278200
2022-08-16 11:19:00,1080,1080,1085,1085,1900
2022-08-16 11:20:00,1085,1085,1085,1085,5700
2022-08-16 11:21:00,1080,1080,1080,1080,2800
2022-08-16 11:22:00,1080,1080,1080,1080,0
2022-08-16 11:23:00,1080,1075,1080,1075,642700
2022-08-16 11:24:00,1075,1075,1075,1075,266700
2022-08-16 11:25:00,1075,1075,1080,1080,191100
2022-08-16 11:26:00,1075,1075,1080,1080,0
2022-08-16 11:27:00,1080,1080,1080,1080,28900
2022-08-16 11:28:00,1080,1080,1080,1080,0
2022-08-16 11:29:00,1085,1080,1085,1080,31200
2022-08-16 11:30:00,1085,1080,1085,1080,0
2022-08-16 11:31:00,1085,1080,1085,1080,0
2022-08-16 11:32:00,1085,1080,1085,1080,0
2022-08-16 11:33:00,1085,1080,1085,1080,0
2022-08-16 11:34:00,1085,1080,1085,1080,0
2022-08-16 11:35:00,1085,1080,1085,1080,0
2022-08-16 11:36:00,1085,1080,1085,1080,0
2022-08-16 11:37:00,1085,1080,1085,1080,0
2022-08-16 11:38:00,1085,1080,1085,1080,0
2022-08-16 11:39:00,1085,1080,1085,1080,0
2022-08-16 11:40:00,1085,1080,1085,1080,0
2022-08-16 11:41:00,1085,1080,1085,1080,0
2022-08-16 11:42:00,1085,1080,1085,1080,0
2022-08-16 11:43:00,1085,1080,1085,1080,0
2022-08-16 11:44:00,1085,1080,1085,1080,0
2022-08-16 11:45:00,1085,1080,1085,1080,0
2022-08-16 11:46:00,1085,1080,1085,1080,0
2022-08-16 11:47:00,1085,1080,1085,1080,0
2022-08-16 11:48:00,1085,1080,1085,1080,0
2022-08-16 11:49:00,1085,1080,1085,1080,0
2022-08-16 11:50:00,1085,1080,1085,1080,0
2022-08-16 11:51:00,1085,1080,1085,1080,0
2022-08-16 11:52:00,1085,1080,1085,1080,0
2022-08-16 11:53:00,1085,1080,1085,1080,0
2022-08-16 11:54:00,1085,1080,1085,1080,0
2022-08-16 11:55:00,1085,1080,1085,1080,0
2022-08-16 11:56:00,1085,1080,1085,1080,0
2022-08-16 11:57:00,1085,1080,1085,1080,0
2022-08-16 11:58:00,1085,1080,1085,1080,0
2022-08-16 11:59:00,1085,1080,1085,1080,0
2022-08-16 12:00:00,1085,1080,1085,1080,0
2022-08-16 12:01:00,1085,1080,1085,1080,0
2022-08-16 12:02:00,1085,1080,1085,1080,0
2022-08-16 12:03:00,1085,1080,1085,1080,0
2022-08-16 12:04:00,1085,1080,1085,1080,0
2022-08-16 12:05:00,1085,1080,1085,1080,0
2022-08-16 12:06:00,1085,1080,1085,1080,0
2022-08-16 12:07:00,1085,1080,1085,1080,0
2022-08-16 12:08:00,1085,1080,1085,1080,0
2022-08-16 12:09:00,1085,1080,1085,1080,0
2022-08-16 12:10:00,1085,1080,1085,1080,0
2022-08-16 12:11:00,1085,1080,1085,1080,0
2022-08-16 12:12:00,1085,1080,1085,1080,0
2022-08-16 12:13:00,1085,1080,1085,1080,0
2022-08-16 12:14:00,1085,1080,1085,1080,0
2022-08-16 12:15:00,1085,1080,1085,1080,0
2022-08-16 12:16:00,1085,1080,1085,1080,0
2022-08-16 12:17:00,1085,1080,1085,1080,0
2022-08-16 12:18:00,1085,1080,1085,1080,0
2022-08-16 12:19:00,1085,1080,1085,1080,0
2022-08-16 12:20:00,1085,1080,1085,1080,0
2022-08-16 12:21:00,1085,1080,1085,1080,0
2022-08-16 12:22:00,1085,1080,1085,1080,0
2022-08-16 12:23:00,1085,1080,1085,1080,0
2022-08-16 12:24:00,1085,1080,1085,1080,0
2022-08-16 12:25:00,1085,1080,1085,1080,0
2022-08-16 12:26:00,1085,1080,1085,1080,0
2022-08-16 12:27:00,1085,1080,1085,1080,0
2022-08-16 12:28:00,1085,1080,1085,1080,0
2022-08-16 12:29:00,1085,1080,1085,1080,0
2022-08-16 12:30:00,1085,1080,1085,1080,0
2022-08-16 12:31:00,1085,1080,1085,1080,0
2022-08-16 12:32:00,1085,1080,1085,1080,0
2022-08-16 12:33:00,1085,1080,1085,1080,0
2022-08-16 12:34:00,1085,1080,1085,1080,0
2022-08-16 12:35:00,1085,1080,1085,1080,0
2022-08-16 12:36:00,1085,1080,1085,1080,0
2022-08-16 12:37:00,1085,1080,1085,1080,0
2022-08-16 12:38:00,1085,1080,1085,1080,0
2022-08-16 12:39:00,1085,1080,1085,1080,0
2022-08-16 12:40:00,1085,1080,1085,1080,0
2022-08-16 12:41:00,1085,1080,1085,1080,0
2022-08-16 12:42:00,1085,1080,1085,1080,0
2022-08-16 12:43:00,1085,1080,1085,1080,0
2022-08-16 12:44:00,1085,1080,1085,1080,0
2022-08-16 12:45:00,1085,1080,1085,1080,0
2022-08-16 12:46:00,1085,1080,1085,1080,0
2022-08-16 12:47:00,1085,1080,1085,1080,0
2022-08-16 12:48:00,1085,1080,1085,1080,0
2022-08-16 12:49:00,1085,1080,1085,1080,0
2022-08-16 12:50:00,1085,1080,1085,1080,0
2022-08-16 12:51:00,1085,1080,1085,1080,0
2022-08-16 12:52:00,1085,1080,1085,1080,0
2022-08-16 12:53:00,1085,1080,1085,1080,0
2022-08-16 12:54:00,1085,1080,1085,1080,0
2022-08-16 12:55:00,1085,1080,1085,1080,0
2022-08-16 12:56:00,1085,1080,1085,1080,0
2022-08-16 12:57:00,1085,1080,1085,1080,0
2022-08-16 12:58:00,1085,1080,1085,1080,0
2022-08-16 12:59:00,1085,1080,1085,1080,0
2022-08-16 13:00:00,1085,1080,1085,1080,0
2022-08-16 13:01:00,1085,1080,1085,1080,0
2022-08-16 13:02:00,1085,1080,1085,1080,0
2022-08-16 13:03:00,1085,1080,1085,1080,0
2022-08-16 13:04:00,1085,1080,1085,1080,0
2022-08-16 13:05:00,1085,1080,1085,1080,0
2022-08-16 13:06:00,1085,1080,1085,1080,0
2022-08-16 13:07:00,1085,1080,1085,1080,0
2022-08-16 13:08:00,1085,1080,1085,1080,0
2022-08-16 13:09:00,1085,1080,1085,1080,0
2022-08-16 13:10:00,1085,1080,1085,1080,0
2022-08-16 13:11:00,1085,1080,1085,1080,0
2022-08-16 13:12:00,1085,1080,1085,1080,0
2022-08-16 13:13:00,1085,1080,1085,1080,0
2022-08-16 13:14:00,1085,1080,1085,1080,0
2022-08-16 13:15:00,1085,1080,1085,1080,0
2022-08-16 13:16:00,1085,1080,1085,1080,0
2022-08-16 13:17:00,1085,1080,1085,1080,0
2022-08-16 13:18:00,1085,1080,1085,1080,0
2022-08-16 13:19:00,1085,1080,1085,1080,0
2022-08-16 13:20:00,1085,1080,1085,1080,0
2022-08-16 13:21:00,1085,1080,1085,1080,0
2022-08-16 13:22:00,1085,1080,1085,1080,0
2022-08-16 13:23:00,1085,1080,1085,1080,0
2022-08-16 13:24:00,1085,1080,1085,1080,0
2022-08-16 13:25:00,1085,1080,1085,1080,0
2022-08-16 13:26:00,1085,1080,1085,1080,0
2022-08-16 13:27:00,1085,1080,1085,1080,0
2022-08-16 13:28:00,1085,1080,1085,1080,0
2022-08-16 13:29:00,1085,1080,1085,1080,0
2022-08-16 13:30:00,1080,1080,1090,1080,104900
2022-08-16 13:31:00,1080,1080,1080,1080,4700
2022-08-16 13:32:00,1080,1075,1080,1075,176300
2022-08-16 13:33:00,1080,1075,1080,1075,0
2022-08-16 13:34:00,1080,1080,1080,1080,0
2022-08-16 13:35:00,1080,1080,1080,1080,900
2022-08-16 13:36:00,1080,1075,1080,1080,173400
2022-08-16 13:37:00,1085,1085,1085,1085,0
2022-08-16 13:38:00,1085,1080,1085,1080,2200
2022-08-16 13:39:00,1080,1080,1090,1085,542800
2022-08-16 13:40:00,1085,1080,1085,1080,64200
2022-08-16 13:41:00,1080,1080,1080,1080,28400
2022-08-16 13:42:00,1080,1080,1085,1085,0
2022-08-16 13:43:00,1085,1085,1085,1085,100
2022-08-16 13:44:00,1085,1085,1085,1085,4800
2022-08-16 13:45:00,1080,1080,1085,1080,98800
2022-08-16 13:46:00,1085,1085,1085,1085,1900
2022-08-16 13:47:00,1085,1085,1085,1085,100
2022-08-16 13:48:00,1085,1080,1085,1085,116300
2022-08-16 13:49:00,1085,1085,1085,1085,30400
2022-08-16 13:50:00,1085,1085,1090,1085,19200
2022-08-16 13:51:00,1085,1085,1085,1085,400
2022-08-16 13:52:00,1085,1085,1085,1085,19500
2022-08-16 13:53:00,1085,1085,1085,1085,100
2022-08-16 13:54:00,1085,1085,1085,1085,49900
2022-08-16 13:55:00,1085,1085,1085,1085,600
2022-08-16 13:56:00,1085,1085,1085,1085,0
2022-08-16 13:57:00,1080,1080,1080,1080,393200
2022-08-16 13:58:00,1085,1085,1085,1085,157300
2022-08-16 13:59:00,1085,1085,1085,1085,5000
2022-08-16 14:00:00,1085,1085,1090,1085,73500
2022-08-16 14:01:00,1085,1085,1090,1090,245100
2022-08-16 14:02:00,1090,1090,1090,1090,261000
2022-08-16 14:03:00,1085,1085,1090,1090,19000
2022-08-16 14:04:00,1090,1090,1100,1095,282000
2022-08-16 14:05:00,1095,1095,1100,1095,77000
2022-08-16 14:06:00,1095,1095,1095,1095,5800
2022-08-16 14:07:00,1095,1095,1095,1095,208300
2022-08-16 14:08:00,1095,1090,1095,1090,8000
2022-08-16 14:09:00,1095,1095,1095,1095,9200
2022-08-16 14:10:00,1095,1095,1095,1095,0
2022-08-16 14:11:00,1090,1090,1095,1090,60400
2022-08-16 14:12:00,1090,1090,1090,1090,7500
2022-08-16 14:13:00,1090,1090,1090,1090,117000
2022-08-16 14:14:00,1095,1095,1095,1095,0
2022-08-16 14:15:00,1090,1090,1090,1090,1600
2022-08-16 14:16:00,1090,1090,1090,1090,17900
2022-08-16 14:17:00,1090,1090,1095,1095,143500
2022-08-16 14:18:00,1095,1090,1095,1095,198500
2022-08-16 14:19:00,1095,1090,1095,1090,100400
2022-08-16 14:20:00,1095,1095,1095,1095,241000
2022-08-16 14:21:00,1095,1095,1095,1095,67900
2022-08-16 14:22:00,1095,1095,1100,1100,0
2022-08-16 14:23:00,1095,1090,1095,1090,480200
2022-08-16 14:24:00,1090,1090,1095,1095,134600
2022-08-16 14:25:00,1095,1095,1100,1095,55400
2022-08-16 14:26:00,1095,1095,1095,1095,2800
2022-08-16 14:27:00,1095,1095,1095,1095,58800
2022-08-16 14:28:00,1100,1095,1100,1095,8500
2022-08-16 14:29:00,1100,1095,1100,1100,14900
2022-08-16 14:30:00,1095,1095,1095,1095,75500
2022-08-16 14:31:00,1095,1095,1095,1095,4000
2022-08-16 14:32:00,1090,1090,1090,1090,628500
2022-08-16 14:33:00,1090,1090,1090,1090,18000
2022-08-16 14:34:00,1090,1090,1100,1100,1104500
2022-08-16 14:35:00,1095,1095,1105,1100,943900
2022-08-16 14:36:00,1105,1100,1110,1105,322500
2022-08-16 14:37:00,1105,1100,1105,1100,335000
2022-08-16 14:38:00,1105,1100,1105,1100,500200
2022-08-16 14:39:00,1100,1100,1100,1100,288500
2022-08-16 14:40:00,1100,1100,1100,1100,5700
2022-08-16 14:41:00,1105,1105,1115,1110,1787800
2022-08-16 14:42:00,1105,1105,1115,1110,258600
2022-08-16 14:43:00,1110,1105,1110,1105,435200
2022-08-16 14:44:00,1105,1105,1105,1105,28200
2022-08-16 14:45:00,1105,1105,1110,1105,78500
2022-08-16 14:46:00,1105,1105,1110,1105,81600
2022-08-16 14:47:00,1105,1105,1110,1105,750100
2022-08-16 14:48:00,1110,1100,1110,1105,218600
2022-08-16 14:49:00,1100,1100,1105,1105,557500
2022-08-16 14:50:00,1100,1100,1105,1105,0
2022-08-16 14:51:00,1100,1100,1105,1105,0
2022-08-16 14:52:00,1100,1100,1105,1105,0
2022-08-16 14:53:00,1100,1100,1105,1105,0
2022-08-16 14:54:00,1100,1100,1105,1105,0
2022-08-16 14:55:00,1100,1100,1105,1105,0
2022-08-16 14:56:00,1100,1100,1105,1105,0
2022-08-16 14:57:00,1100,1100,1105,1105,0
2022-08-16 14:58:00,1100,1100,1105,1105,0
2022-08-16 14:59:00,1100,1100,1105,1105,0
2022-08-16 15:00:00,1100,1100,1100,1100,1634700
2022-08-16 15:01:00,1100,1100,1100,1100,265700
2022-08-16 15:02:00,1100,1100,1100,1100,41700
2022-08-16 15:03:00,1100,1100,1100,1100,400
2022-08-16 15:04:00,1100,1100,1100,1100,4100
2022-08-16 15:05:00,1100,1100,1100,1100,1700
2022-08-16 15:06:00,1100,1100,1100,1100,0
2022-08-16 15:07:00,1100,1100,1100,1100,69400
2022-08-16 15:08:00,1100,1100,1100,1100,3200
2022-08-16 15:09:00,1100,1100,1100,1100,400
2022-08-16 15:10:00,1100,1100,1100,1100,300
2022-08-16 15:11:00,1100,1100,1100,1100,19900
2022-08-16 15:12:00,1100,1100,1100,1100,26300
2022-08-16 15:13:00,1100,1100,1100,1100,58100
2022-08-16 15:14:00,1100,1100,1100,1100,0
2022-08-16 15:15:00,1100,1100,1100,1100,0
2022-08-16 15:16:00,1100,1100,1100,1100,0
2022-08-16 15:17:00,1100,1100,1100,1100,0
2022-08-16 15:18:00,1100,1100,1100,1100,0
2022-08-16 15:19:00,1100,1100,1100,1100,0
2022-08-16 15:20:00,1100,1100,1100,1100,0
2022-08-16 15:21:00,1100,1100,1100,1100,0
2022-08-16 15:22:00,1100,1100,1100,1100,0
2022-08-16 15:23:00,1100,1100,1100,1100,0
2022-08-16 15:24:00,1100,1100,1100,1100,0
2022-08-16 15:25:00,1100,1100,1100,1100,0
2022-08-16 15:26:00,1100,1100,1100,1100,0
2022-08-16 15:27:00,1100,1100,1100,1100,0
2022-08-16 15:28:00,1100,1100,1100,1100,0
2022-08-16 15:29:00,1100,1100,1100,1100,0
2022-08-16 15:30:00,1100,1100,1100,1100,0
2022-08-16 15:31:00,1100,1100,1100,1100,0
2022-08-16 15:32:00,1100,1100,1100,1100,0
2022-08-16 15:33:00,1100,1100,1100,1100,0
2022-08-16 15:34:00,1100,1100,1100,1100,0
2022-08-16 15:35:00,1100,1100,1100,1100,0
2022-08-16 15:36:00,1100,1100,1100,1100,0
2022-08-16 15:37:00,1100,1100,1100,1100,0
2022-08-16 15:38:00,1100,1100,1100,1100,0
2022-08-16 15:39:00,1100,1100,1100,1100,0
2022-08-16 15:40:00,1100,1100,1100,1100,0
2022-08-16 15:41:00,1100,1100,1100,1100,0
2022-08-16 15:42:00,1100,1100,1100,1100,0
2022-08-16 15:43:00,1100,1100,1100,1100,0
2022-08-16 15:44:00,1100,1100,1100,1100,0
2022-08-16 15:45:00,1100,1100,1100,1100,0
2022-08-16 15:46:00,1100,1100,1100,1100,0
2022-08-16 15:47:00,1100,1100,1100,1100,0
2022-08-16 15:48:00,1100,1100,1100,1100,0
2022-08-16 15:49:00,1100,1100,1100,1100,0
2022-08-16 15:50:00,1100,1100,1100,1100,0
2022-08-16 15:51:00,1100,1100,1100,1100,0
2022-08-16 15:52:00,1100,1100,1100,1100,0
2022-08-16 15:53:00,1100,1100,1100,1100,0
2022-08-16 15:54:00,1100,1100,1100,1100,0
2022-08-16 15:55:00,1100,1100,1100,1100,0
2022-08-16 15:56:00,1100,1100,1100,1100,0
2022-08-16 15:57:00,1100,1100,1100,1100,0
2022-08-16 15:58:00,1100,1100,1100,1100,0
2022-08-16 15:59:00,1100,1100,1100,1100,0
2022-08-17 09:00:00,1100,1100,1100,1100,0
2022-08-17 09:01:00,1100,1100,1100,1100,0
2022-08-17 09:02:00,1100,1100,1100,1100,0
2022-08-17 09:03:00,1100,1100,1100,1100,0
2022-08-17 09:04:00,1100,1100,1100,1100,0
2022-08-17 09:05:00,1100,1100,1100,1100,0
2022-08-17 09:06:00,1100,1100,1100,1100,0
2022-08-17 09:07:00,1100,1100,1100,1100,0
2022-08-17 09:08:00,1100,1100,1100,1100,0
2022-08-17 09:09:00,1100,1100,1100,1100,0
2022-08-17 09:10:00,1100,1100,1100,1100,0
2022-08-17 09:11:00,1100,1100,1100,1100,0
2022-08-17 09:12:00,1100,1100,1100,1100,0
2022-08-17 09:13:00,1100,1100,1100,1100,0
2022-08-17 09:14:00,1100,1100,1100,1100,0
2022-08-17 09:15:00,1100,1100,1100,1100,0
2022-08-17 09:16:00,1100,1100,1100,1100,0
2022-08-17 09:17:00,1100,1100,1100,1100,0
2022-08-17 09:18:00,1100,1100,1100,1100,0
2022-08-17 09:19:00,1100,1100,1100,1100,0
2022-08-17 09:20:00,1100,1100,1100,1100,0
2022-08-17 09:21:00,1100,1100,1100,1100,0
2022-08-17 09:22:00,1100,1100,1100,1100,0
2022-08-17 09:23:00,1100,1100,1100,1100,0
2022-08-17 09:24:00,1100,1100,1100,1100,0
2022-08-17 09:25:00,1100,1100,1100,1100,0
2022-08-17 09:26:00,1100,1100,1100,1100,0
2022-08-17 09:27:00,1100,1100,1100,1100,0
2022-08-17 09:28:00,1100,1100,1100,1100,0
2022-08-17 09:29:00,1100,1100,1100,1100,0
2022-08-17 09:30:00,1100,1100,1100,1100,0
2022-08-17 09:31:00,1100,1100,1100,1100,0
2022-08-17 09:32:00,1100,1100,1100,1100,0
2022-08-17 09:33:00,1100,1100,1100,1100,0
2022-08-17 09:34:00,1100,1100,1100,1100,0
2022-08-17 09:35:00,1100,1100,1100,1100,0
2022-08-17 09:36:00,1100,1100,1100,1100,0
2022-08-17 09:37:00,1100,1100,1100,1100,0
2022-08-17 09:38:00,1100,1100,1100,1100,0
2022-08-17 09:39:00,1100,1100,1100,1100,0
2022-08-17 09:40:00,1100,1100,1100,1100,0
2022-08-17 09:41:00,1100,1100,1100,1100,0
2022-08-17 09:42:00,1100,1100,1100,1100,0
2022-08-17 09:43:00,1100,1100,1100,1100,0
2022-08-17 09:44:00,1100,1100,1100,1100,0
2022-08-17 09:45:00,1100,1100,1100,1100,0
2022-08-17 09:46:00,1100,1100,1100,1100,0
2022-08-17 09:47:00,1100,1100,1100,1100,0
2022-08-17 09:48:00,1100,1100,1100,1100,0
2022-08-17 09:49:00,1100,1100,1100,1100,0
2022-08-17 09:50:00,1100,1100,1100,1100,0
2022-08-17 09:51:00,1100,1100,1100,1100,0
2022-08-17 09:52:00,1100,1100,1100,1100,0
2022-08-17 09:53:00,1100,1100,1100,1100,0
2022-08-17 09:54:00,1100,1100,1100,1100,0
2022-08-17 09:55:00,1100,1100,1100,1100,0
2022-08-17 09:56:00,1100,1100,1100,1100,0
2022-08-17 09:57:00,1100,1100,1100,1100,0
2022-08-17 09:58:00,1100,1100,1100,1100,0
2022-08-17 09:59:00,1100,1100,1100,1100,0
2022-08-17 10:00:00,1100,1100,1100,1100,0
2022-08-17 10:01:00,1100,1100,1100,1100,0
2022-08-17 10:02:00,1100,1100,1100,1100,0
2022-08-17 10:03:00,1100,1100,1100,1100,0
2022-08-17 10:04:00,1100,1100,1100,1100,0
2022-08-17 10:05:00,1100,1100,1100,1100,0
2022-08-17 10:06:00,1100,1100,1100,1100,0
2022-08-17 10:07:00,1100,1100,1100,1100,0
2022-08-17 10:08:00,1100,1100,1100,1100,0
2022-08-17 10:09:00,1100,1100,1100,1100,0
2022-08-17 10:10:00,1100,1100,1100,1100,0
2022-08-17 10:11:00,1100,1100,1100,1100,0
2022-08-17 10:12:00,1100,1100,1100,1100,0
2022-08-17 10:13:00,1100,1100,1100,1100,0
2022-08-17 10:14:00,1100,1100,1100,1100,0
2022-08-17 10:15:00,1100,1100,1100,1100,0
2022-08-17 10:16:00,1100,1100,1100,1100,0
2022-08-17 10:17:00,1100,1100,1100,1100,0
2022-08-17 10:18:00,1100,1100,1100,1100,0
2022-08-17 10:19:00,1100,1100,1100,1100,0
2022-08-17 10:20:00,1100,1100,1100,1100,0
2022-08-17 10:21:00,1100,1100,1100,1100,0
2022-08-17 10:22:00,1100,1100,1100,1100,0
2022-08-17 10:23:00,1100,1100,1100,1100,0
2022-08-17 10:24:00,1100,1100,1100,1100,0
2022-08-17 10:25:00,1100,1100,1100,1100,0
2022-08-17 10:26:00,1100,1100,1100,1100,0
2022-08-17 10:27:00,1100,1100,1100,1100,0
2022-08-17 10:28:00,1100,1100,1100,1100,0
2022-08-17 10:29:00,1100,1100,1100,1100,0
2022-08-17 10:30:00,1100,1100,1100,1100,0
2022-08-17 10:31:00,1100,1100,1100,1100,0
2022-08-17 10:32:00,1100,1100,1100,1100,0
2022-08-17 10:33:00,1100,1100,1100,1100,0
2022-08-17 10:34:00,1100,1100,1100,1100,0
2022-08-17 10:35:00,1100,1100,1100,1100,0
2022-08-17 10:36:00,1100,1100,1100,1100,0
2022-08-17 10:37:00,1100,1100,1100,1100,0
2022-08-17 10:38:00,1100,1100,1100,1100,0
2022-08-17 10:39:00,1100,1100,1100,1100,0
2022-08-17 10:40:00,1100,1100,1100,1100,0
2022-08-17 10:41:00,1100,1100,1100,1100,0
2022-08-17 10:42:00,1100,1100,1100,1100,0
2022-08-17 10:43:00,1100,1100,1100,1100,0
2022-08-17 10:44:00,1100,1100,1100,1100,0
2022-08-17 10:45:00,1100,1100,1100,1100,0
2022-08-17 10:46:00,1100,1100,1100,1100,0
2022-08-17 10:47:00,1100,1100,1100,1100,0
2022-08-17 10:48:00,1100,1100,1100,1100,0
2022-08-17 10:49:00,1100,1100,1100,1100,0
2022-08-17 10:50:00,1100,1100,1100,1100,0
2022-08-17 10:51:00,1100,1100,1100,1100,0
2022-08-17 10:52:00,1100,1100,1100,1100,0
2022-08-17 10:53:00,1100,1100,1100,1100,0
2022-08-17 10:54:00,1100,1100,1100,1100,0
2022-08-17 10:55:00,1100,1100,1100,1100,0
2022-08-17 10:56:00,1100,1100,1100,1100,0
2022-08-17 10:57:00,1100,1100,1100,1100,0
2022-08-17 10:58:00,1100,1100,1100,1100,0
2022-08-17 10:59:00,1100,1100,1100,1100,0
2022-08-17 11:00:00,1100,1100,1100,1100,0
2022-08-17 11:01:00,1100,1100,1100,1100,0
2022-08-17 11:02:00,1100,1100,1100,1100,0
2022-08-17 11:03:00,1100,1100,1100,1100,0
2022-08-17 11:04:00,1100,1100,1100,1100,0
2022-08-17 11:05:00,1100,1100,1100,1100,0
2022-08-17 11:06:00,1100,1100,1100,1100,0
2022-08-17 11:07:00,1100,1100,1100,1100,0
2022-08-17 11:08:00,1100,1100,1100,1100,0
2022-08-17 11:09:00,1100,1100,1100,1100,0
2022-08-17 11:10:00,1100,1100,1100,1100,0
2022-08-17 11:11:00,1100,1100,1100,1100,0
2022-08-17 11:12:00,1100,1100,1100,1100,0
2022-08-17 11:13:00,1100,1100,1100,1100,0
2022-08-17 11:14:00,1100,1100,1100,1100,0
2022-08-17 11:15:00,1100,1100,1100,1100,0
2022-08-17 11:16:00,1100,1100,1100,1100,0
2022-08-17 11:17:00,1100,1100,1100,1100,0
2022-08-17 11:18:00,1100,1100,1100,1100,0
2022-08-17 11:19:00,1100,1100,1100,1100,0
2022-08-17 11:20:00,1100,1100,1100,1100,0
2022-08-17 11:21:00,1100,1100,1100,1100,0
2022-08-17 11:22:00,1100,1100,1100,1100,0
2022-08-17 11:23:00,1100,1100,1100,1100,0
2022-08-17 11:24:00,1100,1100,1100,1100,0
2022-08-17 11:25:00,1100,1100,1100,1100,0
2022-08-17 11:26:00,1100,1100,1100,1100,0
2022-08-17 11:27:00,1100,1100,1100,1100,0
2022-08-17 11:28:00,1100,1100,1100,1100,0
2022-08-17 11:29:00,1100,1100,1100,1100,0
2022-08-17 11:30:00,1100,1100,1100,1100,0
2022-08-17 11:31:00,1100,1100,1100,1100,0
2022-08-17 11:32:00,1100,1100,1100,1100,0
2022-08-17 11:33:00,1100,1100,1100,1100,0
2022-08-17 11:34:00,1100,1100,1100,1100,0
2022-08-17 11:35:00,1100,1100,1100,1100,0
2022-08-17 11:36:00,1100,1100,1100,1100,0
2022-08-17 11:37:00,1100,1100,1100,1100,0
2022-08-17 11:38:00,1100,1100,1100,1100,0
2022-08-17 11:39:00,1100,1100,1100,1100,0
2022-08-17 11:40:00,1100,1100,1100,1100,0
2022-08-17 11:41:00,1100,1100,1100,1100,0
2022-08-17 11:42:00,1100,1100,1100,1100,0
2022-08-17 11:43:00,1100,1100,1100,1100,0
2022-08-17 11:44:00,1100,1100,1100,1100,0
2022-08-17 11:45:00,1100,1100,1100,1100,0
2022-08-17 11:46:00,1100,1100,1100,1100,0
2022-08-17 11:47:00,1100,1100,1100,1100,0
2022-08-17 11:48:00,1100,1100,1100,1100,0
2022-08-17 11:49:00,1100,1100,1100,1100,0
2022-08-17 11:50:00,1100,1100,1100,1100,0
2022-08-17 11:51:00,1100,1100,1100,1100,0
2022-08-17 11:52:00,1100,1100,1100,1100,0
2022-08-17 11:53:00,1100,1100,1100,1100,0
2022-08-17 11:54:00,1100,1100,1100,1100,0
2022-08-17 11:55:00,1100,1100,1100,1100,0
2022-08-17 11:56:00,1100,1100,1100,1100,0
2022-08-17 11:57:00,1100,1100,1100,1100,0
2022-08-17 11:58:00,1100,1100,1100,1100,0
2022-08-17 11:59:00,1100,1100,1100,1100,0
2022-08-17 12:00:00,1100,1100,1100,1100,0
2022-08-17 12:01:00,1100,1100,1100,1100,0
2022-08-17 12:02:00,1100,1100,1100,1100,0
2022-08-17 12:03:00,1100,1100,1100,1100,0
2022-08-17 12:04:00,1100,1100,1100,1100,0
2022-08-17 12:05:00,1100,1100,1100,1100,0
2022-08-17 12:06:00,1100,1100,1100,1100,0
2022-08-17 12:07:00,1100,1100,1100,1100,0
2022-08-17 12:08:00,1100,1100,1100,1100,0
2022-08-17 12:09:00,1100,1100,1100,1100,0
2022-08-17 12:10:00,1100,1100,1100,1100,0
2022-08-17 12:11:00,1100,1100,1100,1100,0
2022-08-17 12:12:00,1100,1100,1100,1100,0
2022-08-17 12:13:00,1100,1100,1100,1100,0
2022-08-17 12:14:00,1100,1100,1100,1100,0
2022-08-17 12:15:00,1100,1100,1100,1100,0
2022-08-17 12:16:00,1100,1100,1100,1100,0
2022-08-17 12:17:00,1100,1100,1100,1100,0
2022-08-17 12:18:00,1100,1100,1100,1100,0
2022-08-17 12:19:00,1100,1100,1100,1100,0
2022-08-17 12:20:00,1100,1100,1100,1100,0
2022-08-17 12:21:00,1100,1100,1100,1100,0
2022-08-17 12:22:00,1100,1100,1100,1100,0
2022-08-17 12:23:00,1100,1100,1100,1100,0
2022-08-17 12:24:00,1100,1100,1100,1100,0
2022-08-17 12:25:00,1100,1100,1100,1100,0
2022-08-17 12:26:00,1100,1100,1100,1100,0
2022-08-17 12:27:00,1100,1100,1100,1100,0
2022-08-17 12:28:00,1100,1100,1100,1100,0
2022-08-17 12:29:00,1100,1100,1100,1100,0
2022-08-17 12:30:00,1100,1100,1100,1100,0
2022-08-17 12:31:00,1100,1100,1100,1100,0
2022-08-17 12:32:00,1100,1100,1100,1100,0
2022-08-17 12:33:00,1100,1100,1100,1100,0
2022-08-17 12:34:00,1100,1100,1100,1100,0
2022-08-17 12:35:00,1100,1100,1100,1100,0
2022-08-17 12:36:00,1100,1100,1100,1100,0
2022-08-17 12:37:00,1100,1100,1100,1100,0
2022-08-17 12:38:00,1100,1100,1100,1100,0
2022-08-17 12:39:00,1100,1100,1100,1100,0
2022-08-17 12:40:00,1100,1100,1100,1100,0
2022-08-17 12:41:00,1100,1100,1100,1100,0
2022-08-17 12:42:00,1100,1100,1100,1100,0
2022-08-17 12:43:00,1100,1100,1100,1100,0
2022-08-17 12:44:00,1100,1100,1100,1100,0
2022-08-17 12:45:00,1100,1100,1100,1100,0
2022-08-17 12:46:00,1100,1100,1100,1100,0
2022-08-17 12:47:00,1100,1100,1100,1100,0
2022-08-17 12:48:00,1100,1100,1100,1100,0
2022-08-17 12:49:00,1100,1100,1100,1100,0
2022-08-17 12:50:00,1100,1100,1100,1100,0
2022-08-17 12:51:00,1100,1100,1100,1100,0
2022-08-17 12:52:00,1100,1100,1100,1100,0
2022-08-17 12:53:00,1100,1100,1100,1100,0
2022-08-17 12:54:00,1100,1100,1100,1100,0
2022-08-17 12:55:00,1100,1100,1100,1100,0
2022-08-17 12:56:00,1100,1100,1100,1100,0
2022-08-17 12:57:00,1100,1100,1100,1100,0
2022-08-17 12:58:00,1100,1100,1100,1100,0
2022-08-17 12:59:00,1100,1100,1100,1100,0
2022-08-17 13:00:00,1100,1100,1100,1100,0
2022-08-17 13:01:00,1100,1100,1100,1100,0
2022-08-17 13:02:00,1100,1100,1100,1100,0
2022-08-17 13:03:00,1100,1100,1100,1100,0
2022-08-17 13:04:00,1100,1100,1100,1100,0
2022-08-17 13:05:00,1100,1100,1100,1100,0
2022-08-17 13:06:00,1100,1100,1100,1100,0
2022-08-17 13:07:00,1100,1100,1100,1100,0
2022-08-17 13:08:00,1100,1100,1100,1100,0
2022-08-17 13:09:00,1100,1100,1100,1100,0
2022-08-17 13:10:00,1100,1100,1100,1100,0
2022-08-17 13:11:00,1100,1100,1100,1100,0
2022-08-17 13:12:00,1100,1100,1100,1100,0
2022-08-17 13:13:00,1100,1100,1100,1100,0
2022-08-17 13:14:00,1100,1100,1100,1100,0
2022-08-17 13:15:00,1100,1100,1100,1100,0
2022-08-17 13:16:00,1100,1100,1100,1100,0
2022-08-17 13:17:00,1100,1100,1100,1100,0
2022-08-17 13:18:00,1100,1100,1100,1100,0
2022-08-17 13:19:00,1100,1100,1100,1100,0
2022-08-17 13:20:00,1100,1100,1100,1100,0
2022-08-17 13:21:00,1100,1100,1100,1100,0
2022-08-17 13:22:00,1100,1100,1100,1100,0
2022-08-17 13:23:00,1100,1100,1100,1100,0
2022-08-17 13:24:00,1100,1100,1100,1100,0
2022-08-17 13:25:00,1100,1100,1100,1100,0
2022-08-17 13:26:00,1100,1100,1100,1100,0
2022-08-17 13:27:00,1100,1100,1100,1100,0
2022-08-17 13:28:00,1100,1100,1100,1100,0
2022-08-17 13:29:00,1100,1100,1100,1100,0
2022-08-17 13:30:00,1100,1100,1100,1100,0
2022-08-17 13:31:00,1100,1100,1100,1100,0
2022-08-17 13:32:00,1100,1100,1100,1100,0
2022-08-17 13:33:00,1100,1100,1100,1100,0
2022-08-17 13:34:00,1100,1100,1100,1100,0
2022-08-17 13:35:00,1100,1100,1100,1100,0
2022-08-17 13:36:00,1100,1100,1100,1100,0
2022-08-17 13:37:00,1100,1100,1100,1100,0
2022-08-17 13:38:00,1100,1100,1100,1100,0
2022-08-17 13:39:00,1100,1100,1100,1100,0
2022-08-17 13:40:00,1100,1100,1100,1100,0
2022-08-17 13:41:00,1100,1100,1100,1100,0
2022-08-17 13:42:00,1100,1100,1100,1100,0
2022-08-17 13:43:00,1100,1100,1100,1100,0
2022-08-17 13:44:00,1100,1100,1100,1100,0
2022-08-17 13:45:00,1100,1100,1100,1100,0
2022-08-17 13:46:00,1100,1100,1100,1100,0
2022-08-17 13:47:00,1100,1100,1100,1100,0
2022-08-17 13:48:00,1100,1100,1100,1100,0
2022-08-17 13:49:00,1100,1100,1100,1100,0
2022-08-17 13:50:00,1100,1100,1100,1100,0
2022-08-17 13:51:00,1100,1100,1100,1100,0
2022-08-17 13:52:00,1100,1100,1100,1100,0
2022-08-17 13:53:00,1100,1100,1100,1100,0
2022-08-17 13:54:00,1100,1100,1100,1100,0
2022-08-17 13:55:00,1100,1100,1100,1100,0
2022-08-17 13:56:00,1100,1100,1100,1100,0
2022-08-17 13:57:00,1100,1100,1100,1100,0
2022-08-17 13:58:00,1100,1100,1100,1100,0
2022-08-17 13:59:00,1100,1100,1100,1100,0
2022-08-17 14:00:00,1100,1100,1100,1100,0
2022-08-17 14:01:00,1100,1100,1100,1100,0
2022-08-17 14:02:00,1100,1100,1100,1100,0
2022-08-17 14:03:00,1100,1100,1100,1100,0
2022-08-17 14:04:00,1100,1100,1100,1100,0
2022-08-17 14:05:00,1100,1100,1100,1100,0
2022-08-17 14:06:00,1100,1100,1100,1100,0
2022-08-17 14:07:00,1100,1100,1100,1100,0
2022-08-17 14:08:00,1100,1100,1100,1100,0
2022-08-17 14:09:00,1100,1100,1100,1100,0
2022-08-17 14:10:00,1100,1100,1100,1100,0
2022-08-17 14:11:00,1100,1100,1100,1100,0
2022-08-17 14:12:00,1100,1100,1100,1100,0
2022-08-17 14:13:00,1100,1100,1100,1100,0
2022-08-17 14:14:00,1100,1100,1100,1100,0
2022-08-17 14:15:00,1100,1100,1100,1100,0
2022-08-17 14:16:00,1100,1100,1100,1100,0
2022-08-17 14:17:00,1100,1100,1100,1100,0
2022-08-17 14:18:00,1100,1100,1100,1100,0
2022-08-17 14:19:00,1100,1100,1100,1100,0
2022-08-17 14:20:00,1100,1100,1100,1100,0
2022-08-17 14:21:00,1100,1100,1100,1100,0
2022-08-17 14:22:00,1100,1100,1100,1100,0
2022-08-17 14:23:00,1100,1100,1100,1100,0
2022-08-17 14:24:00,1100,1100,1100,1100,0
2022-08-17 14:25:00,1100,1100,1100,1100,0
2022-08-17 14:26:00,1100,1100,1100,1100,0
2022-08-17 14:27:00,1100,1100,1100,1100,0
2022-08-17 14:28:00,1100,1100,1100,1100,0
2022-08-17 14:29:00,1100,1100,1100,1100,0
2022-08-17 14:30:00,1100,1100,1100,1100,0
2022-08-17 14:31:00,1100,1100,1100,1100,0
2022-08-17 14:32:00,1100,1100,1100,1100,0
2022-08-17 14:33:00,1100,1100,1100,1100,0
2022-08-17 14:34:00,1100,1100,1100,1100,0
2022-08-17 14:35:00,1100,1100,1100,1100,0
2022-08-17 14:36:00,1100,1100,1100,1100,0
2022-08-17 14:37:00,1100,1100,1100,1100,0
2022-08-17 14:38:00,1100,1100,1100,1100,0
2022-08-17 14:39:00,1100,1100,1100,1100,0
2022-08-17 14:40:00,1100,1100,1100,1100,0
2022-08-17 14:41:00,1100,1100,1100,1100,0
2022-08-17 14:42:00,1100,1100,1100,1100,0
2022-08-17 14:43:00,1100,1100,1100,1100,0
2022-08-17 14:44:00,1100,1100,1100,1100,0
2022-08-17 14:45:00,1100,1100,1100,1100,0
2022-08-17 14:46:00,1100,1100,1100,1100,0
2022-08-17 14:47:00,1100,1100,1100,1100,0
2022-08-17 14:48:00,1100,1100,1100,1100,0
2022-08-17 14:49:00,1100,1100,1100,1100,0
2022-08-17 14:50:00,1100,1100,1100,1100,0
2022-08-17 14:51:00,1100,1100,1100,1100,0
2022-08-17 14:52:00,1100,1100,1100,1100,0
2022-08-17 14:53:00,1100,1100,1100,1100,0
2022-08-17 14:54:00,1100,1100,1100,1100,0
2022-08-17 14:55:00,1100,1100,1100,1100,0
2022-08-17 14:56:00,1100,1100,1100,1100,0
2022-08-17 14:57:00,1100,1100,1100,1100,0
2022-08-17 14:58:00,1100,1100,1100,1100,0
2022-08-17 14:59:00,1100,1100,1100,1100,0
2022-08-17 15:00:00,1100,1100,1100,1100,0
2022-08-17 15:01:00,1100,1100,1100,1100,0
2022-08-17 15:02:00,1100,1100,1100,1100,0
2022-08-17 15:03:00,1100,1100,1100,1100,0
2022-08-17 15:04:00,1100,1100,1100,1100,0
2022-08-17 15:05:00,1100,1100,1100,1100,0
2022-08-17 15:06:00,1100,1100,1100,1100,0
2022-08-17 15:07:00,1100,1100,1100,1100,0
2022-08-17 15:08:00,1100,1100,1100,1100,0
2022-08-17 15:09:00,1100,1100,1100,1100,0
2022-08-17 15:10:00,1100,1100,1100,1100,0
2022-08-17 15:11:00,1100,1100,1100,1100,0
2022-08-17 15:12:00,1100,1100,1100,1100,0
2022-08-17 15:13:00,1100,1100,1100,1100,0
2022-08-17 15:14:00,1100,1100,1100,1100,0
2022-08-17 15:15:00,1100,1100,1100,1100,0
2022-08-17 15:16:00,1100,1100,1100,1100,0
2022-08-17 15:17:00,1100,1100,1100,1100,0
2022-08-17 15:18:00,1100,1100,1100,1100,0
2022-08-17 15:19:00,1100,1100,1100,1100,0
2022-08-17 15:20:00,1100,1100,1100,1100,0
2022-08-17 15:21:00,1100,1100,1100,1100,0
2022-08-17 15:22:00,1100,1100,1100,1100,0
2022-08-17 15:23:00,1100,1100,1100,1100,0
2022-08-17 15:24:00,1100,1100,1100,1100,0
2022-08-17 15:25:00,1100,1100,1100,1100,0
2022-08-17 15:26:00,1100,1100,1100,1100,0
2022-08-17 15:27:00,1100,1100,1100,1100,0
2022-08-17 15:28:00,1100,1100,1100,1100,0
2022-08-17 15:29:00,1100,1100,1100,1100,0
2022-08-17 15:30:00,1100,1100,1100,1100,0
2022-08-17 15:31:00,1100,1100,1100,1100,0
2022-08-17 15:32:00,1100,1100,1100,1100,0
2022-08-17 15:33:00,1100,1100,1100,1100,0
2022-08-17 15:34:00,1100,1100,1100,1100,0
2022-08-17 15:35:00,1100,1100,1100,1100,0
2022-08-17 15:36:00,1100,1100,1100,1100,0
2022-08-17 15:37:00,1100,1100,1100,1100,0
2022-08-17 15:38:00,1100,1100,1100,1100,0
2022-08-17 15:39:00,1100,1100,1100,1100,0
2022-08-17 15:40:00,1100,1100,1100,1100,0
2022-08-17 15:41:00,1100,1100,1100,1100,0
2022-08-17 15:42:00,1100,1100,1100,1100,0
2022-08-17 15:43:00,1100,1100,1100,1100,0
2022-08-17 15:44:00,1100,1100,1100,1100,0
2022-08-17 15:45:00,1100,1100,1100,1100,0
2022-08-17 15:46:00,1100,1100,1100,1100,0
2022-08-17 15:47:00,1100,1100,1100,1100,0
2022-08-17 15:48:00,1100,1100,1100,1100,0
2022-08-17 15:49:00,1100,1100,1100,1100,0
2022-08-17 15:50:00,1100,1100,1100,1100,0
2022-08-17 15:51:00,1100,1100,1100,1100,0
2022-08-17 15:52:00,1100,1100,1100,1100,0
2022-08-17 15:53:00,1100,1100,1100,1100,0
2022-08-17 15:54:00,1100,1100,1100,1100,0
2022-08-17 15:55:00,1100,1100,1100,1100,0
2022-08-17 15:56:00,1100,1100,1100,1100,0
2022-08-17 15:57:00,1100,1100,1100,1100,0
2022-08-17 15:58:00,1100,1100,1100,1100,0
2022-08-17 15:59:00,1100,1100,1100,1100,0
2022-08-18 09:00:00,1100,1090,1100,1100,651100
2022-08-18 09:01:00,1100,1095,1100,1095,3700
2022-08-18 09:02:00,1100,1095,1100,1100,37300
2022-08-18 09:03:00,1100,1095,1100,1095,76600
2022-08-18 09:04:00,1095,1095,1095,1095,24100
2022-08-18 09:05:00,1095,1095,1100,1095,208100
2022-08-18 09:06:00,1095,1095,1095,1095,60300
2022-08-18 09:07:00,1095,1095,1095,1095,32900
2022-08-18 09:08:00,1095,1085,1095,1085,256200
2022-08-18 09:09:00,1090,1085,1095,1085,332800
2022-08-18 09:10:00,1085,1075,1085,1080,969700
2022-08-18 09:11:00,1080,1075,1085,1085,1158000
2022-08-18 09:12:00,1085,1075,1085,1080,50900
2022-08-18 09:13:00,1080,1070,1085,1075,1516900
2022-08-18 09:14:00,1080,1075,1085,1080,148200
2022-08-18 09:15:00,1080,1070,1085,1075,1170400
2022-08-18 09:16:00,1075,1070,1085,1070,554500
2022-08-18 09:17:00,1080,1075,1080,1075,501600
2022-08-18 09:18:00,1085,1070,1085,1070,500900
2022-08-18 09:19:00,1075,1075,1075,1075,50700
2022-08-18 09:20:00,1075,1075,1075,1075,0
2022-08-18 09:21:00,1080,1075,1080,1080,56500
2022-08-18 09:22:00,1080,1080,1085,1080,337800
2022-08-18 09:23:00,1080,1080,1080,1080,18800
2022-08-18 09:24:00,1075,1075,1085,1085,282100
2022-08-18 09:25:00,1085,1085,1085,1085,16000
2022-08-18 09:26:00,1080,1080,1080,1080,186300
2022-08-18 09:27:00,1080,1080,1080,1080,56600
2022-08-18 09:28:00,1080,1075,1080,1080,7400
2022-08-18 09:29:00,1080,1080,1085,1085,9200
2022-08-18 09:30:00,1080,1080,1080,1080,63000
2022-08-18 09:31:00,1085,1080,1085,1080,3700
2022-08-18 09:32:00,1080,1080,1080,1080,115100
2022-08-18 09:33:00,1075,1075,1080,1080,119000
2022-08-18 09:34:00,1085,1075,1085,1080,73700
2022-08-18 09:35:00,1075,1075,1080,1080,233200
2022-08-18 09:36:00,1085,1080,1085,1080,100
2022-08-18 09:37:00,1085,1085,1085,1085,46300
2022-08-18 09:38:00,1085,1080,1085,1085,83700
2022-08-18 09:39:00,1085,1085,1085,1085,108800
2022-08-18 09:40:00,1085,1080,1085,1085,250500
2022-08-18 09:41:00,1080,1080,1085,1085,72500
2022-08-18 09:42:00,1080,1080,1085,1080,33900
2022-08-18 09:43:00,1080,1080,1080,1080,55600
2022-08-18 09:44:00,1080,1080,1080,1080,53300
2022-08-18 09:45:00,1075,1065,1075,1075,3078500
2022-08-18 09:46:00,1070,1060,1075,1065,2294000
2022-08-18 09:47:00,1065,1065,1070,1065,417500
2022-08-18 09:48:00,1065,1065,1070,1070,323600
2022-08-18 09:49:00,1065,1065,1070,1065,188300
2022-08-18 09:50:00,1065,1065,1075,1075,550100
2022-08-18 09:51:00,1075,1075,1075,1075,5900
2022-08-18 09:52:00,1075,1075,1075,1075,2300
2022-08-18 09:53:00,1075,1075,1075,1075,5200
2022-08-18 09:54:00,1075,1065,1075,1070,160000
2022-08-18 09:55:00,1070,1065,1070,1065,169300
2022-08-18 09:56:00,1065,1065,1070,1065,136900
2022-08-18 09:57:00,1065,1060,1065,1065,31400
2022-08-18 09:58:00,1065,1060,1065,1065,45600
2022-08-18 09:59:00,1065,1060,1065,1065,71800
2022-08-18 10:00:00,1065,1065,1070,1065,49300
2022-08-18 10:01:00,1065,1065,1070,1065,636800
2022-08-18 10:02:00,1070,1070,1075,1075,31200
2022-08-18 10:03:00,1070,1070,1075,1070,13500
2022-08-18 10:04:00,1070,1070,1075,1070,8900
2022-08-18 10:05:00,1075,1070,1075,1070,202300
2022-08-18 10:06:00,1075,1075,1075,1075,0
2022-08-18 10:07:00,1070,1065,1070,1065,287100
2022-08-18 10:08:00,1070,1065,1070,1070,218500
2022-08-18 10:09:00,1070,1070,1070,1070,204000
2022-08-18 10:10:00,1070,1065,1070,1065,0
2022-08-18 10:11:00,1065,1065,1070,1065,202100
2022-08-18 10:12:00,1065,1065,1070,1065,695300
2022-08-18 10:13:00,1065,1065,1065,1065,32800
2022-08-18 10:14:00,1065,1065,1070,1065,559400
2022-08-18 10:15:00,1065,1060,1070,1065,436600
2022-08-18 10:16:00,1060,1060,1065,1065,211500
2022-08-18 10:17:00,1060,1060,1065,1065,24300
2022-08-18 10:18:00,1065,1060,1065,1060,10700
2022-08-18 10:19:00,1060,1060,1065,1060,13000
2022-08-18 10:20:00,1060,1060,1060,1060,301900
2022-08-18 10:21:00,1060,1040,1060,1040,5677200
2022-08-18 10:22:00,1040,1035,1055,1050,1338400
2022-08-18 10:23:00,1050,1045,1060,1055,838700
2022-08-18 10:24:00,1050,1050,1055,1050,35300
2022-08-18 10:25:00,1050,1050,1060,1060,541500
2022-08-18 10:26:00,1055,1055,1060,1060,34800
2022-08-18 10:27:00,1060,1055,1060,1060,485200
2022-08-18 10:28:00,1060,1060,1060,1060,0
2022-08-18 10:29:00,1060,1055,1060,1055,453400
2022-08-18 10:30:00,1055,1045,1055,1050,388800
2022-08-18 10:31:00,1050,1050,1055,1050,9100
2022-08-18 10:32:00,1050,1050,1055,1055,98800
2022-08-18 10:33:00,1050,1050,1055,1050,293800
2022-08-18 10:34:00,1050,1050,1055,1050,140000
2022-08-18 10:35:00,1055,1055,1055,1055,324700
2022-08-18 10:36:00,1055,1055,1065,1065,140300
2022-08-18 10:37:00,1065,1060,1065,1065,314800
2022-08-18 10:38:00,1065,1055,1065,1055,305500
2022-08-18 10:39:00,1050,1050,1055,1055,770300
2022-08-18 10:40:00,1055,1050,1055,1055,85300
2022-08-18 10:41:00,1055,1055,1055,1055,35900
2022-08-18 10:42:00,1055,1055,1055,1055,11100
2022-08-18 10:43:00,1055,1055,1060,1055,48400
2022-08-18 10:44:00,1055,1055,1055,1055,30100
2022-08-18 10:45:00,1055,1055,1055,1055,102200
2022-08-18 10:46:00,1060,1060,1060,1060,3500
2022-08-18 10:47:00,1055,1055,1060,1060,23500
2022-08-18 10:48:00,1055,1045,1055,1050,468400
2022-08-18 10:49:00,1050,1050,1055,1055,394700
2022-08-18 10:50:00,1055,1050,1055,1050,231200
2022-08-18 10:51:00,1050,1045,1050,1050,70000
2022-08-18 10:52:00,1050,1050,1050,1050,11900
2022-08-18 10:53:00,1050,1045,1050,1050,83500
2022-08-18 10:54:00,1050,1040,1055,1040,1036200
2022-08-18 10:55:00,1045,1040,1050,1040,109200
2022-08-18 10:56:00,1040,1040,1050,1045,244300
2022-08-18 10:57:00,1045,1040,1045,1045,28000
2022-08-18 10:58:00,1040,1040,1050,1045,497600
2022-08-18 10:59:00,1045,1035,1045,1040,919900
2022-08-18 11:00:00,1040,1035,1045,1045,256800
2022-08-18 11:01:00,1045,1025,1045,1035,6060300
2022-08-18 11:02:00,1035,1025,1035,1030,691800
2022-08-18 11:03:00,1030,1030,1040,1040,300300
2022-08-18 11:04:00,1030,1030,1040,1040,0
2022-08-18 11:05:00,1030,1025,1030,1025,2512700
2022-08-18 11:06:00,1025,1025,1030,1025,1090100
2022-08-18 11:07:00,1030,1025,1030,1030,371700
2022-08-18 11:08:00,1030,1025,1035,1035,272000
2022-08-18 11:09:00,1040,1040,1045,1040,317200
2022-08-18 11:10:00,1040,1035,1040,1040,55700
2022-08-18 11:11:00,1040,1035,1040,1035,3300
2022-08-18 11:12:00,1040,1040,1045,1045,143000
2022-08-18 11:13:00,1045,1045,1045,1045,300
2022-08-18 11:14:00,1045,1040,1045,1045,106800
2022-08-18 11:15:00,1045,1040,1045,1040,126900
2022-08-18 11:16:00,1040,1035,1040,1035,81000
2022-08-18 11:17:00,1035,1035,1040,1035,23900
2022-08-18 11:18:00,1035,1035,1040,1035,1008900
2022-08-18 11:19:00,1030,1030,1035,1035,472700
2022-08-18 11:20:00,1035,1030,1035,1035,294300
2022-08-18 11:21:00,1035,1035,1035,1035,120900
2022-08-18 11:22:00,1035,1030,1035,1030,2083600
2022-08-18 11:23:00,1030,1030,1030,1030,61600
2022-08-18 11:24:00,1030,1030,1035,1030,60600
2022-08-18 11:25:00,1035,1030,1035,1030,17900
2022-08-18 11:26:00,1030,1030,1035,1035,689600
2022-08-18 11:27:00,1035,1030,1035,1030,0
2022-08-18 11:28:00,1030,1030,1035,1035,0
2022-08-18 11:29:00,1035,1030,1035,1035,31600
2022-08-18 11:30:00,1035,1030,1035,1035,0
2022-08-18 11:31:00,1035,1030,1035,1035,0
2022-08-18 11:32:00,1035,1030,1035,1035,0
2022-08-18 11:33:00,1035,1030,1035,1035,0
2022-08-18 11:34:00,1035,1030,1035,1035,0
2022-08-18 11:35:00,1035,1030,1035,1035,0
2022-08-18 11:36:00,1035,1030,1035,1035,0
2022-08-18 11:37:00,1035,1030,1035,1035,0
2022-08-18 11:38:00,1035,1030,1035,1035,0
2022-08-18 11:39:00,1035,1030,1035,1035,0
2022-08-18 11:40:00,1035,1030,1035,1035,0
2022-08-18 11:41:00,1035,1030,1035,1035,0
2022-08-18 11:42:00,1035,1030,1035,1035,0
2022-08-18 11:43:00,1035,1030,1035,1035,0
2022-08-18 11:44:00,1035,1030,1035,1035,0
2022-08-18 11:45:00,1035,1030,1035,1035,0
2022-08-18 11:46:00,1035,1030,1035,1035,0
2022-08-18 11:47:00,1035,1030,1035,1035,0
2022-08-18 11:48:00,1035,1030,1035,1035,0
2022-08-18 11:49:00,1035,1030,1035,1035,0
2022-08-18 11:50:00,1035,1030,1035,1035,0
2022-08-18 11:51:00,1035,1030,1035,1035,0
2022-08-18 11:52:00,1035,1030,1035,1035,0
2022-08-18 11:53:00,1035,1030,1035,1035,0
2022-08-18 11:54:00,1035,1030,1035,1035,0
2022-08-18 11:55:00,1035,1030,1035,1035,0
2022-08-18 11:56:00,1035,1030,1035,1035,0
2022-08-18 11:57:00,1035,1030,1035,1035,0
2022-08-18 11:58:00,1035,1030,1035,1035,0
2022-08-18 11:59:00,1035,1030,1035,1035,0
2022-08-18 12:00:00,1035,1030,1035,1035,0
2022-08-18 12:01:00,1035,1030,1035,1035,0
2022-08-18 12:02:00,1035,1030,1035,1035,0
2022-08-18 12:03:00,1035,1030,1035,1035,0
2022-08-18 12:04:00,1035,1030,1035,1035,0
2022-08-18 12:05:00,1035,1030,1035,1035,0
2022-08-18 12:06:00,1035,1030,1035,1035,0
2022-08-18 12:07:00,1035,1030,1035,1035,0
2022-08-18 12:08:00,1035,1030,1035,1035,0
2022-08-18 12:09:00,1035,1030,1035,1035,0
2022-08-18 12:10:00,1035,1030,1035,1035,0
2022-08-18 12:11:00,1035,1030,1035,1035,0
2022-08-18 12:12:00,1035,1030,1035,1035,0
2022-08-18 12:13:00,1035,1030,1035,1035,0
2022-08-18 12:14:00,1035,1030,1035,1035,0
2022-08-18 12:15:00,1035,1030,1035,1035,0
2022-08-18 12:16:00,1035,1030,1035,1035,0
2022-08-18 12:17:00,1035,1030,1035,1035,0
2022-08-18 12:18:00,1035,1030,1035,1035,0
2022-08-18 12:19:00,1035,1030,1035,1035,0
2022-08-18 12:20:00,1035,1030,1035,1035,0
2022-08-18 12:21:00,1035,1030,1035,1035,0
2022-08-18 12:22:00,1035,1030,1035,1035,0
2022-08-18 12:23:00,1035,1030,1035,1035,0
2022-08-18 12:24:00,1035,1030,1035,1035,0
2022-08-18 12:25:00,1035,1030,1035,1035,0
2022-08-18 12:26:00,1035,1030,1035,1035,0
2022-08-18 12:27:00,1035,1030,1035,1035,0
2022-08-18 12:28:00,1035,1030,1035,1035,0
2022-08-18 12:29:00,1035,1030,1035,1035,0
2022-08-18 12:30:00,1035,1030,1035,1035,0
2022-08-18 12:31:00,1035,1030,1035,1035,0
2022-08-18 12:32:00,1035,1030,1035,1035,0
2022-08-18 12:33:00,1035,1030,1035,1035,0
2022-08-18 12:34:00,1035,1030,1035,1035,0
2022-08-18 12:35:00,1035,1030,1035,1035,0
2022-08-18 12:36:00,1035,1030,1035,1035,0
2022-08-18 12:37:00,1035,1030,1035,1035,0
2022-08-18 12:38:00,1035,1030,1035,1035,0
2022-08-18 12:39:00,1035,1030,1035,1035,0
2022-08-18 12:40:00,1035,1030,1035,1035,0
2022-08-18 12:41:00,1035,1030,1035,1035,0
2022-08-18 12:42:00,1035,1030,1035,1035,0
2022-08-18 12:43:00,1035,1030,1035,1035,0
2022-08-18 12:44:00,1035,1030,1035,1035,0
2022-08-18 12:45:00,1035,1030,1035,1035,0
2022-08-18 12:46:00,1035,1030,1035,1035,0
2022-08-18 12:47:00,1035,1030,1035,1035,0
2022-08-18 12:48:00,1035,1030,1035,1035,0
2022-08-18 12:49:00,1035,1030,1035,1035,0
2022-08-18 12:50:00,1035,1030,1035,1035,0
2022-08-18 12:51:00,1035,1030,1035,1035,0
2022-08-18 12:52:00,1035,1030,1035,1035,0
2022-08-18 12:53:00,1035,1030,1035,1035,0
2022-08-18 12:54:00,1035,1030,1035,1035,0
2022-08-18 12:55:00,1035,1030,1035,1035,0
2022-08-18 12:56:00,1035,1030,1035,1035,0
2022-08-18 12:57:00,1035,1030,1035,1035,0
2022-08-18 12:58:00,1035,1030,1035,1035,0
2022-08-18 12:59:00,1035,1030,1035,1035,0
2022-08-18 13:00:00,1035,1030,1035,1035,0
2022-08-18 13:01:00,1035,1030,1035,1035,0
2022-08-18 13:02:00,1035,1030,1035,1035,0
2022-08-18 13:03:00,1035,1030,1035,1035,0
2022-08-18 13:04:00,1035,1030,1035,1035,0
2022-08-18 13:05:00,1035,1030,1035,1035,0
2022-08-18 13:06:00,1035,1030,1035,1035,0
2022-08-18 13:07:00,1035,1030,1035,1035,0
2022-08-18 13:08:00,1035,1030,1035,1035,0
2022-08-18 13:09:00,1035,1030,1035,1035,0
2022-08-18 13:10:00,1035,1030,1035,1035,0
2022-08-18 13:11:00,1035,1030,1035,1035,0
2022-08-18 13:12:00,1035,1030,1035,1035,0
2022-08-18 13:13:00,1035,1030,1035,1035,0
2022-08-18 13:14:00,1035,1030,1035,1035,0
2022-08-18 13:15:00,1035,1030,1035,1035,0
2022-08-18 13:16:00,1035,1030,1035,1035,0
2022-08-18 13:17:00,1035,1030,1035,1035,0
2022-08-18 13:18:00,1035,1030,1035,1035,0
2022-08-18 13:19:00,1035,1030,1035,1035,0
2022-08-18 13:20:00,1035,1030,1035,1035,0
2022-08-18 13:21:00,1035,1030,1035,1035,0
2022-08-18 13:22:00,1035,1030,1035,1035,0
2022-08-18 13:23:00,1035,1030,1035,1035,0
2022-08-18 13:24:00,1035,1030,1035,1035,0
2022-08-18 13:25:00,1035,1030,1035,1035,0
2022-08-18 13:26:00,1035,1030,1035,1035,0
2022-08-18 13:27:00,1035,1030,1035,1035,0
2022-08-18 13:28:00,1035,1030,1035,1035,0
2022-08-18 13:29:00,1035,1030,1035,1035,0
2022-08-18 13:30:00,1035,1030,1035,1030,482100
2022-08-18 13:31:00,1030,1030,1035,1030,482400
2022-08-18 13:32:00,1030,1030,1035,1030,119500
2022-08-18 13:33:00,1030,1030,1035,1035,21100
2022-08-18 13:34:00,1035,1030,1035,1030,483500
2022-08-18 13:35:00,1030,1030,1035,1035,160300
2022-08-18 13:36:00,1030,1030,1035,1030,217500
2022-08-18 13:37:00,1030,1030,1030,1030,83000
2022-08-18 13:38:00,1025,1025,1030,1030,156800
2022-08-18 13:39:00,1030,1025,1030,1030,16000
2022-08-18 13:40:00,1025,1025,1030,1030,112900
2022-08-18 13:41:00,1030,1025,1030,1030,28800
2022-08-18 13:42:00,1025,1025,1030,1030,21300
2022-08-18 13:43:00,1030,1025,1030,1030,9500
2022-08-18 13:44:00,1030,1025,1030,1025,81100
2022-08-18 13:45:00,1030,1025,1030,1025,0
2022-08-18 13:46:00,1025,1025,1035,1035,160600
2022-08-18 13:47:00,1035,1030,1035,1035,14500
2022-08-18 13:48:00,1030,1030,1035,1035,6900
2022-08-18 13:49:00,1030,1030,1035,1030,183900
2022-08-18 13:50:00,1030,1025,1030,1025,212700
2022-08-18 13:51:00,1025,1025,1030,1030,165000
2022-08-18 13:52:00,1025,1025,1030,1025,345700
2022-08-18 13:53:00,1025,1025,1030,1025,2501900
2022-08-18 13:54:00,1025,1025,1025,1025,6141800
2022-08-18 13:55:00,1025,1025,1025,1025,76700
2022-08-18 13:56:00,1025,1025,1025,1025,105800
2022-08-18 13:57:00,1025,1025,1025,1025,300
2022-08-18 13:58:00,1025,1025,1025,1025,283400
2022-08-18 13:59:00,1025,1025,1025,1025,26100
2022-08-18 14:00:00,1025,1025,1025,1025,73000
2022-08-18 14:01:00,1025,1025,1025,1025,1600
2022-08-18 14:02:00,1025,1025,1025,1025,1600
2022-08-18 14:03:00,1025,1025,1025,1025,6700
2022-08-18 14:04:00,1025,1025,1025,1025,8900
2022-08-18 14:05:00,1025,1025,1025,1025,20000
2022-08-18 14:06:00,1025,1025,1025,1025,61400
2022-08-18 14:07:00,1025,1025,1025,1025,48500
2022-08-18 14:08:00,1025,1025,1025,1025,1800
2022-08-18 14:09:00,1025,1025,1025,1025,48400
2022-08-18 14:10:00,1025,1025,1025,1025,0
2022-08-18 14:11:00,1025,1025,1025,1025,173800
2022-08-18 14:12:00,1025,1025,1025,1025,492700
2022-08-18 14:13:00,1025,1025,1030,1030,1973200
2022-08-18 14:14:00,1030,1030,1035,1035,1177100
2022-08-18 14:15:00,1035,1030,1035,1035,648800
2022-08-18 14:16:00,1035,1030,1035,1035,143800
2022-08-18 14:17:00,1035,1030,1035,1030,15300
2022-08-18 14:18:00,1035,1030,1035,1035,91900
2022-08-18 14:19:00,1030,1025,1030,1025,968600
2022-08-18 14:20:00,1030,1025,1030,1025,556600
2022-08-18 14:21:00,1025,1025,1025,1025,177700
2022-08-18 14:22:00,1025,1025,1030,1025,297400
2022-08-18 14:23:00,1025,1025,1030,1025,327700
2022-08-18 14:24:00,1030,1025,1035,1025,701500
2022-08-18 14:25:00,1025,1025,1030,1030,66200
2022-08-18 14:26:00,1025,1025,1025,1025,12900
2022-08-18 14:27:00,1025,1025,1025,1025,29800
2022-08-18 14:28:00,1025,1025,1030,1030,387800
2022-08-18 14:29:00,1030,1025,1030,1030,166600
2022-08-18 14:30:00,1030,1030,1035,1030,9200
2022-08-18 14:31:00,1030,1030,1030,1030,24500
2022-08-18 14:32:00,1035,1030,1035,1030,168700
2022-08-18 14:33:00,1030,1025,1030,1030,284700
2022-08-18 14:34:00,1025,1025,1035,1035,915700
2022-08-18 14:35:00,1035,1035,1040,1040,46400
2022-08-18 14:36:00,1035,1035,1040,1035,31700
2022-08-18 14:37:00,1040,1035,1040,1035,113200
2022-08-18 14:38:00,1040,1040,1040,1040,0
2022-08-18 14:39:00,1035,1035,1040,1035,0
2022-08-18 14:40:00,1035,1030,1035,1030,94600
2022-08-18 14:41:00,1030,1030,1035,1030,357100
2022-08-18 14:42:00,1030,1030,1035,1030,36600
2022-08-18 14:43:00,1035,1030,1035,1035,422000
2022-08-18 14:44:00,1030,1030,1035,1035,2100
2022-08-18 14:45:00,1030,1025,1030,1030,696400
2022-08-18 14:46:00,1030,1030,1030,1030,19600
2022-08-18 14:47:00,1030,1025,1030,1025,313300
2022-08-18 14:48:00,1030,1025,1030,1030,60800
2022-08-18 14:49:00,1025,1025,1035,1035,1689600
2022-08-18 14:50:00,1025,1025,1035,1035,0
2022-08-18 14:51:00,1025,1025,1035,1035,0
2022-08-18 14:52:00,1025,1025,1035,1035,0
2022-08-18 14:53:00,1025,1025,1035,1035,0
2022-08-18 14:54:00,1025,1025,1035,1035,0
2022-08-18 14:55:00,1025,1025,1035,1035,0
2022-08-18 14:56:00,1025,1025,1035,1035,0
2022-08-18 14:57:00,1025,1025,1035,1035,0
2022-08-18 14:58:00,1025,1025,1035,1035,0
2022-08-18 14:59:00,1025,1025,1035,1035,0
2022-08-18 15:00:00,1025,1025,1025,1025,4567800
2022-08-18 15:01:00,1025,1025,1025,1025,164600
2022-08-18 15:02:00,1025,1025,1025,1025,7500
2022-08-18 15:03:00,1025,1025,1025,1025,2900
2022-08-18 15:04:00,1025,1025,1025,1025,5400
2022-08-18 15:05:00,1025,1025,1025,1025,600
2022-08-18 15:06:00,1025,1025,1025,1025,1502000
2022-08-18 15:07:00,1025,1025,1025,1025,0
2022-08-18 15:08:00,1025,1025,1025,1025,40000
2022-08-18 15:09:00,1025,1025,1025,1025,1586400
2022-08-18 15:10:00,1025,1025,1025,1025,0
2022-08-18 15:11:00,1025,1025,1025,1025,0
2022-08-18 15:12:00,1025,1025,1025,1025,1200
2022-08-18 15:13:00,1025,1025,1025,1025,3500
2022-08-18 15:14:00,1025,1025,1025,1025,90393100
2022-08-18 15:15:00,1025,1025,1025,1025,0
2022-08-18 15:16:00,1025,1025,1025,1025,0
2022-08-18 15:17:00,1025,1025,1025,1025,0
2022-08-18 15:18:00,1025,1025,1025,1025,0
2022-08-18 15:19:00,1025,1025,1025,1025,0
2022-08-18 15:20:00,1025,1025,1025,1025,0
2022-08-18 15:21:00,1025,1025,1025,1025,0
2022-08-18 15:22:00,1025,1025,1025,1025,0
2022-08-18 15:23:00,1025,1025,1025,1025,0
2022-08-18 15:24:00,1025,1025,1025,1025,0
2022-08-18 15:25:00,1025,1025,1025,1025,0
2022-08-18 15:26:00,1025,1025,1025,1025,0
2022-08-18 15:27:00,1025,1025,1025,1025,0
2022-08-18 15:28:00,1025,1025,1025,1025,0
2022-08-18 15:29:00,1025,1025,1025,1025,0
2022-08-18 15:30:00,1025,1025,1025,1025,0
2022-08-18 15:31:00,1025,1025,1025,1025,0
2022-08-18 15:32:00,1025,1025,1025,1025,0
2022-08-18 15:33:00,1025,1025,1025,1025,0
2022-08-18 15:34:00,1025,1025,1025,1025,0
2022-08-18 15:35:00,1025,1025,1025,1025,0
2022-08-18 15:36:00,1025,1025,1025,1025,0
2022-08-18 15:37:00,1025,1025,1025,1025,0
2022-08-18 15:38:00,1025,1025,1025,1025,0
2022-08-18 15:39:00,1025,1025,1025,1025,0
2022-08-18 15:40:00,1025,1025,1025,1025,0
2022-08-18 15:41:00,1025,1025,1025,1025,0
2022-08-18 15:42:00,1025,1025,1025,1025,0
2022-08-18 15:43:00,1025,1025,1025,1025,0
2022-08-18 15:44:00,1025,1025,1025,1025,0
2022-08-18 15:45:00,1025,1025,1025,1025,0
2022-08-18 15:46:00,1025,1025,1025,1025,0
2022-08-18 15:47:00,1025,1025,1025,1025,0
2022-08-18 15:48:00,1025,1025,1025,1025,0
2022-08-18 15:49:00,1025,1025,1025,1025,0
2022-08-18 15:50:00,1025,1025,1025,1025,0
2022-08-18 15:51:00,1025,1025,1025,1025,0
2022-08-18 15:52:00,1025,1025,1025,1025,0
2022-08-18 15:53:00,1025,1025,1025,1025,0
2022-08-18 15:54:00,1025,1025,1025,1025,0
2022-08-18 15:55:00,1025,1025,1025,1025,0
2022-08-18 15:56:00,1025,1025,1025,1025,0
2022-08-18 15:57:00,1025,1025,1025,1025,0
2022-08-18 15:58:00,1025,1025,1025,1025,0
2022-08-18 15:59:00,1025,1025,1025,1025,0
2022-08-19 09:00:00,1015,985,1025,985,0
2022-08-19 09:01:00,990,975,1000,985,2049000
2022-08-19 09:02:00,990,970,990,980,3604000
2022-08-19 09:03:00,980,975,985,980,523500
2022-08-19 09:04:00,980,980,1005,1000,2043100
2022-08-19 09:05:00,1000,1000,1010,1005,1343900
2022-08-19 09:06:00,1005,1000,1010,1005,543400
2022-08-19 09:07:00,1005,1005,1010,1010,222300
2022-08-19 09:08:00,1005,1005,1025,1025,1651400
2022-08-19 09:09:00,1025,1015,1025,1020,0
2022-08-19 09:10:00,1015,1015,1030,1030,939200
2022-08-19 09:11:00,1025,1020,1030,1020,364800
2022-08-19 09:12:00,1020,1020,1025,1025,57600
2022-08-19 09:13:00,1025,1020,1025,1025,37400
2022-08-19 09:14:00,1025,1020,1025,1025,6600
2022-08-19 09:15:00,1020,1020,1025,1020,307400
2022-08-19 09:16:00,1025,1020,1025,1020,0
2022-08-19 09:17:00,1020,1020,1025,1025,334700
2022-08-19 09:18:00,1020,1015,1025,1020,720000
2022-08-19 09:19:00,1015,1015,1020,1020,367900
2022-08-19 09:20:00,1015,1015,1020,1015,56100
2022-08-19 09:21:00,1015,1010,1015,1010,1006400
2022-08-19 09:22:00,1015,1010,1015,1010,184100
2022-08-19 09:23:00,1010,1010,1020,1020,103600
2022-08-19 09:24:00,1020,1015,1020,1020,138800
2022-08-19 09:25:00,1025,1025,1025,1025,229800
2022-08-19 09:26:00,1025,1025,1030,1025,635700
2022-08-19 09:27:00,1030,1030,1030,1030,342100
2022-08-19 09:28:00,1030,1030,1035,1035,787700
2022-08-19 09:29:00,1035,1030,1040,1035,394100
2022-08-19 09:30:00,1040,1035,1040,1035,326200
2022-08-19 09:31:00,1035,1030,1040,1030,667700
2022-08-19 09:32:00,1035,1030,1035,1035,414300
2022-08-19 09:33:00,1035,1035,1040,1035,107700
2022-08-19 09:34:00,1035,1035,1040,1040,535700
2022-08-19 09:35:00,1040,1040,1045,1045,555200
2022-08-19 09:36:00,1045,1035,1045,1040,945200
2022-08-19 09:37:00,1040,1030,1040,1035,715800
2022-08-19 09:38:00,1030,1030,1035,1035,157400
2022-08-19 09:39:00,1035,1030,1035,1030,481700
2022-08-19 09:40:00,1025,1025,1030,1030,280700
2022-08-19 09:41:00,1030,1025,1030,1025,85800
2022-08-19 09:42:00,1030,1025,1030,1025,15200
2022-08-19 09:43:00,1030,1025,1030,1030,165700
2022-08-19 09:44:00,1030,1025,1030,1025,116800
2022-08-19 09:45:00,1025,1025,1030,1030,72800
2022-08-19 09:46:00,1030,1025,1030,1030,48700
2022-08-19 09:47:00,1030,1025,1030,1030,74900
2022-08-19 09:48:00,1025,1025,1025,1025,65700
2022-08-19 09:49:00,1025,1025,1030,1025,41500
2022-08-19 09:50:00,1030,1025,1030,1025,52800
2022-08-19 09:51:00,1025,1020,1025,1020,506200
2022-08-19 09:52:00,1025,1020,1025,1025,354100
2022-08-19 09:53:00,1025,1015,1025,1020,841500
2022-08-19 09:54:00,1020,1015,1020,1020,102600
2022-08-19 09:55:00,1020,1020,1020,1020,156000
2022-08-19 09:56:00,1025,1020,1025,1025,8100
2022-08-19 09:57:00,1025,1020,1025,1025,27900
2022-08-19 09:58:00,1025,1020,1025,1025,83100
2022-08-19 09:59:00,1020,1020,1025,1020,136700
2022-08-19 10:00:00,1020,1020,1020,1020,14000
2022-08-19 10:01:00,1020,1020,1025,1025,70200
2022-08-19 10:02:00,1025,1020,1025,1020,0
2022-08-19 10:03:00,1020,1020,1020,1020,4300
2022-08-19 10:04:00,1020,1020,1025,1020,4000
2022-08-19 10:05:00,1020,1020,1020,1020,86300
2022-08-19 10:06:00,1020,1020,1020,1020,36900
2022-08-19 10:07:00,1020,1015,1020,1020,3400
2022-08-19 10:08:00,1020,1020,1020,1020,800
2022-08-19 10:09:00,1020,1020,1020,1020,15000
2022-08-19 10:10:00,1020,1015,1020,1015,11300
2022-08-19 10:11:00,1015,1015,1020,1020,8200
2022-08-19 10:12:00,1015,1015,1020,1020,0
2022-08-19 10:13:00,1015,1015,1020,1020,14500
2022-08-19 10:14:00,1020,1015,1020,1015,1700
2022-08-19 10:15:00,1015,1015,1020,1020,40900
2022-08-19 10:16:00,1015,1015,1015,1015,22100
2022-08-19 10:17:00,1015,1015,1015,1015,285600
2022-08-19 10:18:00,1015,1010,1015,1015,9800
2022-08-19 10:19:00,1015,1010,1015,1015,502200
2022-08-19 10:20:00,1015,1010,1015,1010,26900
2022-08-19 10:21:00,1015,1010,1015,1010,103300
2022-08-19 10:22:00,1010,1005,1010,1005,1246800
2022-08-19 10:23:00,1005,1000,1010,1010,425500
2022-08-19 10:24:00,1010,1005,1010,1005,38800
2022-08-19 10:25:00,1005,1005,1010,1005,40600
2022-08-19 10:26:00,1005,1005,1010,1010,2700
2022-08-19 10:27:00,1010,1005,1010,1005,5800
2022-08-19 10:28:00,1005,1005,1010,1010,4200
2022-08-19 10:29:00,1010,1010,1010,1010,820900
2022-08-19 10:30:00,1010,1010,1015,1010,0
2022-08-19 10:31:00,1010,1010,1010,1010,0
2022-08-19 10:32:00,1010,1010,1010,1010,246200
2022-08-19 10:33:00,1010,1010,1015,1015,37200
2022-08-19 10:34:00,1010,1010,1015,1010,21500
2022-08-19 10:35:00,1010,1000,1010,1000,649100
2022-08-19 10:36:00,1005,1005,1010,1010,0
2022-08-19 10:37:00,1010,1005,1010,1005,43900
2022-08-19 10:38:00,1010,1005,1010,1005,9000
2022-08-19 10:39:00,1010,1005,1010,1010,3000
2022-08-19 10:40:00,1005,1005,1010,1010,37500
2022-08-19 10:41:00,1010,1010,1010,1010,100
2022-08-19 10:42:00,1010,1000,1010,1000,329400
2022-08-19 10:43:00,1000,1000,1005,1005,63700
2022-08-19 10:44:00,1005,1005,1005,1005,11900
2022-08-19 10:45:00,1005,1005,1005,1005,61300
2022-08-19 10:46:00,1005,1000,1005,1000,27800
2022-08-19 10:47:00,1005,1000,1005,1000,48500
2022-08-19 10:48:00,1005,1005,1005,1005,94400
2022-08-19 10:49:00,1005,1005,1010,1005,101500
2022-08-19 10:50:00,1010,1010,1010,1010,0
2022-08-19 10:51:00,1010,1005,1010,1005,19700
2022-08-19 10:52:00,1005,1000,1005,1000,1376400
2022-08-19 10:53:00,1000,985,1000,990,2911700
2022-08-19 10:54:00,990,985,1005,990,1451600
2022-08-19 10:55:00,995,990,1005,1000,736600
2022-08-19 10:56:00,1000,995,1005,1000,139500
2022-08-19 10:57:00,1000,995,1005,1000,219800
2022-08-19 10:58:00,1000,1000,1005,1000,10800
2022-08-19 10:59:00,1000,1000,1005,1000,143900
2022-08-19 11:00:00,1000,995,1000,995,124700
2022-08-19 11:01:00,995,995,995,995,34200
2022-08-19 11:02:00,995,995,1000,995,67300
2022-08-19 11:03:00,995,995,1000,995,114700
2022-08-19 11:04:00,995,995,1000,1000,19000
2022-08-19 11:05:00,1000,990,1000,990,200700
2022-08-19 11:06:00,990,990,995,990,164900
2022-08-19 11:07:00,990,985,990,990,45000
2022-08-19 11:08:00,985,985,990,985,44900
2022-08-19 11:09:00,985,985,990,990,1900
2022-08-19 11:10:00,990,990,1000,995,78100
2022-08-19 11:11:00,995,990,995,995,224100
2022-08-19 11:12:00,995,990,1000,995,83900
2022-08-19 11:13:00,995,990,995,990,55400
2022-08-19 11:14:00,995,990,995,990,15400
2022-08-19 11:15:00,990,985,995,985,240500
2022-08-19 11:16:00,990,980,990,980,368500
2022-08-19 11:17:00,980,975,985,975,1594400
2022-08-19 11:18:00,975,975,980,980,1210700
2022-08-19 11:19:00,975,975,990,990,626700
2022-08-19 11:20:00,990,985,990,985,128800
2022-08-19 11:21:00,985,985,990,985,26900
2022-08-19 11:22:00,985,985,990,985,17700
2022-08-19 11:23:00,985,985,990,990,54600
2022-08-19 11:24:00,990,985,995,990,293500
2022-08-19 11:25:00,990,990,995,995,213100
2022-08-19 11:26:00,995,995,995,995,0
2022-08-19 11:27:00,995,980,995,980,987200
2022-08-19 11:28:00,980,980,985,985,288700
2022-08-19 11:29:00,985,980,990,980,247700
2022-08-19 11:30:00,980,980,980,980,0
2022-08-19 11:31:00,980,980,980,980,0
2022-08-19 11:32:00,980,980,980,980,0
2022-08-19 11:33:00,980,980,980,980,0
2022-08-19 11:34:00,980,980,980,980,0
2022-08-19 11:35:00,980,980,980,980,0
2022-08-19 11:36:00,980,980,980,980,0
2022-08-19 11:37:00,980,980,980,980,0
2022-08-19 11:38:00,980,980,980,980,0
2022-08-19 11:39:00,980,980,980,980,0
2022-08-19 11:40:00,980,980,980,980,0
2022-08-19 11:41:00,980,980,980,980,0
2022-08-19 11:42:00,980,980,980,980,0
2022-08-19 11:43:00,980,980,980,980,0
2022-08-19 11:44:00,980,980,980,980,0
2022-08-19 11:45:00,980,980,980,980,0
2022-08-19 11:46:00,980,980,980,980,0
2022-08-19 11:47:00,980,980,980,980,0
2022-08-19 11:48:00,980,980,980,980,0
2022-08-19 11:49:00,980,980,980,980,0
2022-08-19 11:50:00,980,980,980,980,0
2022-08-19 11:51:00,980,980,980,980,0
2022-08-19 11:52:00,980,980,980,980,0
2022-08-19 11:53:00,980,980,980,980,0
2022-08-19 11:54:00,980,980,980,980,0
2022-08-19 11:55:00,980,980,980,980,0
2022-08-19 11:56:00,980,980,980,980,0
2022-08-19 11:57:00,980,980,980,980,0
2022-08-19 11:58:00,980,980,980,980,0
2022-08-19 11:59:00,980,980,980,980,0
2022-08-19 12:00:00,980,980,980,980,0
2022-08-19 12:01:00,980,980,980,980,0
2022-08-19 12:02:00,980,980,980,980,0
2022-08-19 12:03:00,980,980,980,980,0
2022-08-19 12:04:00,980,980,980,980,0
2022-08-19 12:05:00,980,980,980,980,0
2022-08-19 12:06:00,980,980,980,980,0
2022-08-19 12:07:00,980,980,980,980,0
2022-08-19 12:08:00,980,980,980,980,0
2022-08-19 12:09:00,980,980,980,980,0
2022-08-19 12:10:00,980,980,980,980,0
2022-08-19 12:11:00,980,980,980,980,0
2022-08-19 12:12:00,980,980,980,980,0
2022-08-19 12:13:00,980,980,980,980,0
2022-08-19 12:14:00,980,980,980,980,0
2022-08-19 12:15:00,980,980,980,980,0
2022-08-19 12:16:00,980,980,980,980,0
2022-08-19 12:17:00,980,980,980,980,0
2022-08-19 12:18:00,980,980,980,980,0
2022-08-19 12:19:00,980,980,980,980,0
2022-08-19 12:20:00,980,980,980,980,0
2022-08-19 12:21:00,980,980,980,980,0
2022-08-19 12:22:00,980,980,980,980,0
2022-08-19 12:23:00,980,980,980,980,0
2022-08-19 12:24:00,980,980,980,980,0
2022-08-19 12:25:00,980,980,980,980,0
2022-08-19 12:26:00,980,980,980,980,0
2022-08-19 12:27:00,980,980,980,980,0
2022-08-19 12:28:00,980,980,980,980,0
2022-08-19 12:29:00,980,980,980,980,0
2022-08-19 12:30:00,980,980,980,980,0
2022-08-19 12:31:00,980,980,980,980,0
2022-08-19 12:32:00,980,980,980,980,0
2022-08-19 12:33:00,980,980,980,980,0
2022-08-19 12:34:00,980,980,980,980,0
2022-08-19 12:35:00,980,980,980,980,0
2022-08-19 12:36:00,980,980,980,980,0
2022-08-19 12:37:00,980,980,980,980,0
2022-08-19 12:38:00,980,980,980,980,0
2022-08-19 12:39:00,980,980,980,980,0
2022-08-19 12:40:00,980,980,980,980,0
2022-08-19 12:41:00,980,980,980,980,0
2022-08-19 12:42:00,980,980,980,980,0
2022-08-19 12:43:00,980,980,980,980,0
2022-08-19 12:44:00,980,980,980,980,0
2022-08-19 12:45:00,980,980,980,980,0
2022-08-19 12:46:00,980,980,980,980,0
2022-08-19 12:47:00,980,980,980,980,0
2022-08-19 12:48:00,980,980,980,980,0
2022-08-19 12:49:00,980,980,980,980,0
2022-08-19 12:50:00,980,980,980,980,0
2022-08-19 12:51:00,980,980,980,980,0
2022-08-19 12:52:00,980,980,980,980,0
2022-08-19 12:53:00,980,980,980,980,0
2022-08-19 12:54:00,980,980,980,980,0
2022-08-19 12:55:00,980,980,980,980,0
2022-08-19 12:56:00,980,980,980,980,0
2022-08-19 12:57:00,980,980,980,980,0
2022-08-19 12:58:00,980,980,980,980,0
2022-08-19 12:59:00,980,980,980,980,0
2022-08-19 13:00:00,980,980,980,980,0
2022-08-19 13:01:00,980,980,980,980,0
2022-08-19 13:02:00,980,980,980,980,0
2022-08-19 13:03:00,980,980,980,980,0
2022-08-19 13:04:00,980,980,980,980,0
2022-08-19 13:05:00,980,980,980,980,0
2022-08-19 13:06:00,980,980,980,980,0
2022-08-19 13:07:00,980,980,980,980,0
2022-08-19 13:08:00,980,980,980,980,0
2022-08-19 13:09:00,980,980,980,980,0
2022-08-19 13:10:00,980,980,980,980,0
2022-08-19 13:11:00,980,980,980,980,0
2022-08-19 13:12:00,980,980,980,980,0
2022-08-19 13:13:00,980,980,980,980,0
2022-08-19 13:14:00,980,980,980,980,0
2022-08-19 13:15:00,980,980,980,980,0
2022-08-19 13:16:00,980,980,980,980,0
2022-08-19 13:17:00,980,980,980,980,0
2022-08-19 13:18:00,980,980,980,980,0
2022-08-19 13:19:00,980,980,980,980,0
2022-08-19 13:20:00,980,980,980,980,0
2022-08-19 13:21:00,980,980,980,980,0
2022-08-19 13:22:00,980,980,980,980,0
2022-08-19 13:23:00,980,980,980,980,0
2022-08-19 13:24:00,980,980,980,980,0
2022-08-19 13:25:00,980,980,980,980,0
2022-08-19 13:26:00,980,980,980,980,0
2022-08-19 13:27:00,980,980,980,980,0
2022-08-19 13:28:00,980,980,980,980,0
2022-08-19 13:29:00,980,980,980,980,0
2022-08-19 13:30:00,985,980,985,980,800300
2022-08-19 13:31:00,980,980,985,985,237600
2022-08-19 13:32:00,985,980,990,985,113200
2022-08-19 13:33:00,985,985,990,985,13000
2022-08-19 13:34:00,990,985,990,985,71400
2022-08-19 13:35:00,985,980,985,980,274700
2022-08-19 13:36:00,985,980,985,985,34000
2022-08-19 13:37:00,985,980,990,980,194500
2022-08-19 13:38:00,985,980,985,985,92100
2022-08-19 13:39:00,985,980,985,985,301600
2022-08-19 13:40:00,990,985,990,990,3700
2022-08-19 13:41:00,985,985,985,985,1400
2022-08-19 13:42:00,985,985,985,985,158200
2022-08-19 13:43:00,985,985,985,985,900
2022-08-19 13:44:00,985,985,985,985,5000
2022-08-19 13:45:00,985,985,985,985,170600
2022-08-19 13:46:00,985,985,990,985,71900
2022-08-19 13:47:00,990,985,990,985,41100
2022-08-19 13:48:00,985,980,985,980,480000
2022-08-19 13:49:00,985,980,985,985,17300
2022-08-19 13:50:00,985,980,985,985,56700
2022-08-19 13:51:00,985,985,985,985,234000
2022-08-19 13:52:00,985,985,990,990,16000
2022-08-19 13:53:00,990,985,990,990,485700
2022-08-19 13:54:00,990,985,990,990,112000
2022-08-19 13:55:00,990,990,990,990,900
2022-08-19 13:56:00,990,990,995,990,76500
2022-08-19 13:57:00,995,990,995,990,3000
2022-08-19 13:58:00,990,990,995,990,13600
2022-08-19 13:59:00,990,990,995,990,9500
2022-08-19 14:00:00,990,990,990,990,113900
2022-08-19 14:01:00,990,990,990,990,7100
2022-08-19 14:02:00,990,990,990,990,21100
2022-08-19 14:03:00,990,990,995,990,11200
2022-08-19 14:04:00,990,990,990,990,14700
2022-08-19 14:05:00,990,990,990,990,63600
2022-08-19 14:06:00,990,990,995,995,165900
2022-08-19 14:07:00,995,990,995,995,77900
2022-08-19 14:08:00,995,995,995,995,0
2022-08-19 14:09:00,995,990,995,990,5500
2022-08-19 14:10:00,990,985,990,985,169000
2022-08-19 14:11:00,985,985,990,985,46700
2022-08-19 14:12:00,985,985,985,985,34600
2022-08-19 14:13:00,985,985,990,990,19900
2022-08-19 14:14:00,990,985,990,990,20500
2022-08-19 14:15:00,985,985,990,985,25500
2022-08-19 14:16:00,985,985,990,985,517800
2022-08-19 14:17:00,990,990,990,990,36700
2022-08-19 14:18:00,990,990,995,990,17800
2022-08-19 14:19:00,990,985,990,990,9500
2022-08-19 14:20:00,990,990,990,990,102400
2022-08-19 14:21:00,990,985,990,985,3000
2022-08-19 14:22:00,985,985,985,985,3100
2022-08-19 14:23:00,985,985,985,985,78200
2022-08-19 14:24:00,985,985,985,985,34600
2022-08-19 14:25:00,985,985,990,985,21500
2022-08-19 14:26:00,990,985,990,985,15200
2022-08-19 14:27:00,985,985,990,990,800
2022-08-19 14:28:00,985,985,990,990,33300
2022-08-19 14:29:00,990,985,990,985,0
2022-08-19 14:30:00,985,985,985,985,24000
2022-08-19 14:31:00,985,985,990,985,1087700
2022-08-19 14:32:00,985,980,985,980,0
2022-08-19 14:33:00,985,980,985,980,7000
2022-08-19 14:34:00,980,980,985,980,113900
2022-08-19 14:35:00,985,980,985,985,9100
2022-08-19 14:36:00,980,980,985,980,93200
2022-08-19 14:37:00,980,975,980,975,2535900
2022-08-19 14:38:00,975,970,975,975,1059800
2022-08-19 14:39:00,975,970,975,975,706600
2022-08-19 14:40:00,970,970,975,970,732200
2022-08-19 14:41:00,975,970,975,970,1514400
2022-08-19 14:42:00,975,970,975,970,1001500
2022-08-19 14:43:00,970,970,980,975,918000
2022-08-19 14:44:00,980,975,980,980,423500
2022-08-19 14:45:00,980,975,980,975,386500
2022-08-19 14:46:00,975,975,975,975,305700
2022-08-19 14:47:00,975,970,975,970,240800
2022-08-19 14:48:00,970,970,975,975,333300
2022-08-19 14:49:00,970,970,980,980,1749200
2022-08-19 14:50:00,970,970,980,980,0
2022-08-19 14:51:00,970,970,980,980,0
2022-08-19 14:52:00,970,970,980,980,0
2022-08-19 14:53:00,970,970,980,980,0
2022-08-19 14:54:00,970,970,980,980,0
2022-08-19 14:55:00,970,970,980,980,0
2022-08-19 14:56:00,970,970,980,980,0
2022-08-19 14:57:00,970,970,980,980,0
2022-08-19 14:58:00,970,970,980,980,0
2022-08-19 14:59:00,970,970,980,980,0
2022-08-19 15:00:00,970,970,970,970,4348900
2022-08-19 15:01:00,970,970,970,970,216300
2022-08-19 15:02:00,970,970,970,970,45200
2022-08-19 15:03:00,970,970,970,970,6900
2022-08-19 15:04:00,970,970,970,970,31600
2022-08-19 15:05:00,970,970,970,970,2088600
2022-08-19 15:06:00,970,970,970,970,31300
2022-08-19 15:07:00,970,970,970,970,60500
2022-08-19 15:08:00,970,970,970,970,11700
2022-08-19 15:09:00,970,970,970,970,159500
2022-08-19 15:10:00,970,970,970,970,285500
2022-08-19 15:11:00,970,970,970,970,60300
2022-08-19 15:12:00,970,970,970,970,922200
2022-08-19 15:13:00,970,970,970,970,44500
2022-08-19 15:14:00,970,970,970,970,660800
2022-08-19 15:15:00,970,970,970,970,0
2022-08-19 15:16:00,970,970,970,970,0
2022-08-19 15:17:00,970,970,970,970,0
2022-08-19 15:18:00,970,970,970,970,0
2022-08-19 15:19:00,970,970,970,970,0
2022-08-19 15:20:00,970,970,970,970,0
2022-08-19 15:21:00,970,970,970,970,0
2022-08-19 15:22:00,970,970,970,970,0
2022-08-19 15:23:00,970,970,970,970,0
2022-08-19 15:24:00,970,970,970,970,0
2022-08-19 15:25:00,970,970,970,970,0
2022-08-19 15:26:00,970,970,970,970,0
2022-08-19 15:27:00,970,970,970,970,0
2022-08-19 15:28:00,970,970,970,970,0
2022-08-19 15:29:00,970,970,970,970,0
2022-08-19 15:30:00,970,970,970,970,0
2022-08-19 15:31:00,970,970,970,970,0
2022-08-19 15:32:00,970,970,970,970,0
2022-08-19 15:33:00,970,970,970,970,0
2022-08-19 15:34:00,970,970,970,970,0
2022-08-19 15:35:00,970,970,970,970,0
2022-08-19 15:36:00,970,970,970,970,0
2022-08-19 15:37:00,970,970,970,970,0
2022-08-19 15:38:00,970,970,970,970,0
2022-08-19 15:39:00,970,970,970,970,0
2022-08-19 15:40:00,970,970,970,970,0
2022-08-19 15:41:00,970,970,970,970,0
2022-08-19 15:42:00,970,970,970,970,0
2022-08-19 15:43:00,970,970,970,970,0
2022-08-19 15:44:00,970,970,970,970,0
2022-08-19 15:45:00,970,970,970,970,0
2022-08-19 15:46:00,970,970,970,970,0
2022-08-19 15:47:00,970,970,970,970,0
2022-08-19 15:48:00,970,970,970,970,0
2022-08-19 15:49:00,970,970,970,970,0
2022-08-19 15:50:00,970,970,970,970,0
2022-08-19 15:51:00,970,970,970,970,0
2022-08-19 15:52:00,970,970,970,970,0
2022-08-19 15:53:00,970,970,970,970,0
2022-08-19 15:54:00,970,970,970,970,0
2022-08-19 15:55:00,970,970,970,970,0
2022-08-19 15:56:00,970,970,970,970,0
2022-08-19 15:57:00,970,970,970,970,0
2022-08-19 15:58:00,970,970,970,970,0
2022-08-19 15:59:00,970,970,970,970,0
2022-08-22 09:00:00,970,970,970,970,0
2022-08-22 09:01:00,965,955,965,955,2951900
2022-08-22 09:02:00,955,950,960,955,913900
2022-08-22 09:03:00,955,950,990,990,3739400
2022-08-22 09:04:00,990,985,990,985,208900
2022-08-22 09:05:00,985,985,990,990,518100
2022-08-22 09:06:00,990,985,990,990,341600
2022-08-22 09:07:00,990,985,995,990,998800
2022-08-22 09:08:00,995,990,995,995,830400
2022-08-22 09:09:00,995,990,995,995,115800
2022-08-22 09:10:00,995,995,1000,995,1210800
2022-08-22 09:11:00,995,990,995,990,1509800
2022-08-22 09:12:00,985,985,990,990,22200
2022-08-22 09:13:00,990,985,990,985,91300
2022-08-22 09:14:00,990,980,990,985,343300
2022-08-22 09:15:00,985,980,985,985,143800
2022-08-22 09:16:00,985,980,985,985,171300
2022-08-22 09:17:00,985,980,985,985,66500
2022-08-22 09:18:00,980,980,985,985,76200
2022-08-22 09:19:00,985,980,985,985,155900
2022-08-22 09:20:00,985,985,990,985,265000
2022-08-22 09:21:00,985,985,990,990,76500
2022-08-22 09:22:00,990,985,990,990,22100
2022-08-22 09:23:00,990,985,990,985,88900
2022-08-22 09:24:00,985,985,985,985,344700
2022-08-22 09:25:00,985,980,985,985,280400
2022-08-22 09:26:00,985,980,985,985,159000
2022-08-22 09:27:00,985,980,985,980,17900
2022-08-22 09:28:00,980,980,985,980,54100
2022-08-22 09:29:00,985,980,985,985,33400
2022-08-22 09:30:00,985,980,985,980,338900
2022-08-22 09:31:00,980,980,980,980,82800
2022-08-22 09:32:00,980,980,985,985,531900
2022-08-22 09:33:00,985,985,985,985,50600
2022-08-22 09:34:00,985,985,985,985,16400
2022-08-22 09:35:00,985,980,985,980,174200
2022-08-22 09:36:00,980,980,980,980,26500
2022-08-22 09:37:00,980,980,980,980,174500
2022-08-22 09:38:00,980,980,980,980,345600
2022-08-22 09:39:00,980,980,985,985,9000
2022-08-22 09:40:00,985,980,985,980,251000
2022-08-22 09:41:00,975,975,980,975,62300
2022-08-22 09:42:00,980,980,980,980,112600
2022-08-22 09:43:00,985,980,985,985,113000
2022-08-22 09:44:00,985,980,985,980,226700
2022-08-22 09:45:00,975,975,980,975,414500
2022-08-22 09:46:00,975,970,975,970,2767700
2022-08-22 09:47:00,970,950,970,955,2253300
2022-08-22 09:48:00,950,925,950,940,1377600
2022-08-22 09:49:00,940,940,945,945,902100
2022-08-22 09:50:00,945,930,945,935,477200
2022-08-22 09:51:00,935,930,935,930,438900
2022-08-22 09:52:00,935,930,945,945,710400
2022-08-22 09:53:00,945,940,950,945,40300
2022-08-22 09:54:00,950,945,950,950,40700
2022-08-22 09:55:00,950,945,950,945,254500
2022-08-22 09:56:00,945,940,945,945,196300
2022-08-22 09:57:00,940,940,945,940,165100
2022-08-22 09:58:00,940,935,940,935,27200
2022-08-22 09:59:00,935,935,940,940,26800
2022-08-22 10:00:00,935,935,945,940,107400
2022-08-22 10:01:00,935,935,940,935,108400
2022-08-22 10:02:00,935,930,935,935,550100
2022-08-22 10:03:00,935,930,935,930,9400
2022-08-22 10:04:00,930,930,935,930,54200
2022-08-22 10:05:00,930,930,935,935,7200
2022-08-22 10:06:00,930,930,935,930,119800
2022-08-22 10:07:00,930,930,930,930,249000
2022-08-22 10:08:00,930,925,930,930,84800
2022-08-22 10:09:00,930,930,930,930,28500
2022-08-22 10:10:00,930,925,930,925,256300
2022-08-22 10:11:00,925,925,930,925,398300
2022-08-22 10:12:00,925,920,925,920,453000
2022-08-22 10:13:00,920,920,925,920,260000
2022-08-22 10:14:00,920,910,920,915,4359700
2022-08-22 10:15:00,920,915,920,915,680100
2022-08-22 10:16:00,920,915,920,920,144900
2022-08-22 10:17:00,920,920,930,930,685500
2022-08-22 10:18:00,930,925,930,930,195200
2022-08-22 10:19:00,930,930,930,930,107900
2022-08-22 10:20:00,930,930,935,935,188900
2022-08-22 10:21:00,930,930,935,935,66000
2022-08-22 10:22:00,930,925,935,925,152000
2022-08-22 10:23:00,925,925,935,925,74600
2022-08-22 10:24:00,930,925,930,925,5400
2022-08-22 10:25:00,930,925,930,925,100
2022-08-22 10:26:00,925,925,930,925,57200
2022-08-22 10:27:00,925,920,925,925,231500
2022-08-22 10:28:00,925,920,925,925,273000
2022-08-22 10:29:00,920,920,925,920,0
2022-08-22 10:30:00,925,920,925,920,144500
2022-08-22 10:31:00,920,920,925,920,47400
2022-08-22 10:32:00,920,920,925,920,38500
2022-08-22 10:33:00,925,925,925,925,27400
2022-08-22 10:34:00,925,925,925,925,0
2022-08-22 10:35:00,920,920,925,925,11900
2022-08-22 10:36:00,920,920,925,925,47900
2022-08-22 10:37:00,920,920,925,925,9200
2022-08-22 10:38:00,920,920,925,925,300
2022-08-22 10:39:00,920,920,925,920,2600
2022-08-22 10:40:00,925,920,925,925,35600
2022-08-22 10:41:00,925,920,925,925,0
2022-08-22 10:42:00,920,920,920,920,2000
2022-08-22 10:43:00,920,920,925,920,19500
2022-08-22 10:44:00,920,920,920,920,64600
2022-08-22 10:45:00,920,920,925,920,32100
2022-08-22 10:46:00,920,920,920,920,117200
2022-08-22 10:47:00,915,915,920,920,596800
2022-08-22 10:48:00,915,915,915,915,185100
2022-08-22 10:49:00,915,915,920,915,50300
2022-08-22 10:50:00,915,915,920,920,48200
2022-08-22 10:51:00,920,915,920,920,176400
2022-08-22 10:52:00,920,920,925,920,49200
2022-08-22 10:53:00,920,920,925,925,7000
2022-08-22 10:54:00,920,920,920,920,15700
2022-08-22 10:55:00,920,920,920,920,26400
2022-08-22 10:56:00,920,920,920,920,1500
2022-08-22 10:57:00,920,920,920,920,2100
2022-08-22 10:58:00,920,920,925,920,136100
2022-08-22 10:59:00,920,920,925,920,0
2022-08-22 11:00:00,920,920,925,925,3200
2022-08-22 11:01:00,925,920,925,920,11400
2022-08-22 11:02:00,920,920,920,920,0
2022-08-22 11:03:00,920,920,920,920,10000
2022-08-22 11:04:00,920,920,925,925,1000
2022-08-22 11:05:00,920,920,920,920,53200
2022-08-22 11:06:00,920,920,925,925,19100
2022-08-22 11:07:00,925,925,930,930,437400
2022-08-22 11:08:00,935,930,935,935,139400
2022-08-22 11:09:00,935,935,935,935,33400
2022-08-22 11:10:00,930,930,935,930,9400
2022-08-22 11:11:00,930,930,935,930,2500
2022-08-22 11:12:00,935,930,935,930,16500
2022-08-22 11:13:00,930,930,930,930,800
2022-08-22 11:14:00,930,930,935,935,6600
2022-08-22 11:15:00,935,935,935,935,29900
2022-08-22 11:16:00,935,930,935,935,91300
2022-08-22 11:17:00,935,935,935,935,14200
2022-08-22 11:18:00,935,935,940,935,213400
2022-08-22 11:19:00,935,930,935,930,323600
2022-08-22 11:20:00,930,925,930,925,35900
2022-08-22 11:21:00,925,925,930,930,209700
2022-08-22 11:22:00,925,925,930,930,0
2022-08-22 11:23:00,930,930,930,930,0
2022-08-22 11:24:00,935,930,935,935,3000
2022-08-22 11:25:00,935,935,935,935,4400
2022-08-22 11:26:00,935,930,935,930,131500
2022-08-22 11:27:00,925,925,930,930,8400
2022-08-22 11:28:00,925,925,930,925,15700
2022-08-22 11:29:00,925,910,935,925,3243600
2022-08-22 11:30:00,925,910,935,925,0
2022-08-22 11:31:00,925,910,935,925,0
2022-08-22 11:32:00,925,910,935,925,0
2022-08-22 11:33:00,925,910,935,925,0
2022-08-22 11:34:00,925,910,935,925,0
2022-08-22 11:35:00,925,910,935,925,0
2022-08-22 11:36:00,925,910,935,925,0
2022-08-22 11:37:00,925,910,935,925,0
2022-08-22 11:38:00,925,910,935,925,0
2022-08-22 11:39:00,925,910,935,925,0
2022-08-22 11:40:00,925,910,935,925,0
2022-08-22 11:41:00,925,910,935,925,0
2022-08-22 11:42:00,925,910,935,925,0
2022-08-22 11:43:00,925,910,935,925,0
2022-08-22 11:44:00,925,910,935,925,0
2022-08-22 11:45:00,925,910,935,925,0
2022-08-22 11:46:00,925,910,935,925,0
2022-08-22 11:47:00,925,910,935,925,0
2022-08-22 11:48:00,925,910,935,925,0
2022-08-22 11:49:00,925,910,935,925,0
2022-08-22 11:50:00,925,910,935,925,0
2022-08-22 11:51:00,925,910,935,925,0
2022-08-22 11:52:00,925,910,935,925,0
2022-08-22 11:53:00,925,910,935,925,0
2022-08-22 11:54:00,925,910,935,925,0
2022-08-22 11:55:00,925,910,935,925,0
2022-08-22 11:56:00,925,910,935,925,0
2022-08-22 11:57:00,925,910,935,925,0
2022-08-22 11:58:00,925,910,935,925,0
2022-08-22 11:59:00,925,910,935,925,0
2022-08-22 12:00:00,925,910,935,925,0
2022-08-22 12:01:00,925,910,935,925,0
2022-08-22 12:02:00,925,910,935,925,0
2022-08-22 12:03:00,925,910,935,925,0
2022-08-22 12:04:00,925,910,935,925,0
2022-08-22 12:05:00,925,910,935,925,0
2022-08-22 12:06:00,925,910,935,925,0
2022-08-22 12:07:00,925,910,935,925,0
2022-08-22 12:08:00,925,910,935,925,0
2022-08-22 12:09:00,925,910,935,925,0
2022-08-22 12:10:00,925,910,935,925,0
2022-08-22 12:11:00,925,910,935,925,0
2022-08-22 12:12:00,925,910,935,925,0
2022-08-22 12:13:00,925,910,935,925,0
2022-08-22 12:14:00,925,910,935,925,0
2022-08-22 12:15:00,925,910,935,925,0
2022-08-22 12:16:00,925,910,935,925,0
2022-08-22 12:17:00,925,910,935,925,0
2022-08-22 12:18:00,925,910,935,925,0
2022-08-22 12:19:00,925,910,935,925,0
2022-08-22 12:20:00,925,910,935,925,0
2022-08-22 12:21:00,925,910,935,925,0
2022-08-22 12:22:00,925,910,935,925,0
2022-08-22 12:23:00,925,910,935,925,0
2022-08-22 12:24:00,925,910,935,925,0
2022-08-22 12:25:00,925,910,935,925,0
2022-08-22 12:26:00,925,910,935,925,0
2022-08-22 12:27:00,925,910,935,925,0
2022-08-22 12:28:00,925,910,935,925,0
2022-08-22 12:29:00,925,910,935,925,0
2022-08-22 12:30:00,925,910,935,925,0
2022-08-22 12:31:00,925,910,935,925,0
2022-08-22 12:32:00,925,910,935,925,0
2022-08-22 12:33:00,925,910,935,925,0
2022-08-22 12:34:00,925,910,935,925,0
2022-08-22 12:35:00,925,910,935,925,0
2022-08-22 12:36:00,925,910,935,925,0
2022-08-22 12:37:00,925,910,935,925,0
2022-08-22 12:38:00,925,910,935,925,0
2022-08-22 12:39:00,925,910,935,925,0
2022-08-22 12:40:00,925,910,935,925,0
2022-08-22 12:41:00,925,910,935,925,0
2022-08-22 12:42:00,925,910,935,925,0
2022-08-22 12:43:00,925,910,935,925,0
2022-08-22 12:44:00,925,910,935,925,0
2022-08-22 12:45:00,925,910,935,925,0
2022-08-22 12:46:00,925,910,935,925,0
2022-08-22 12:47:00,925,910,935,925,0
2022-08-22 12:48:00,925,910,935,925,0
2022-08-22 12:49:00,925,910,935,925,0
2022-08-22 12:50:00,925,910,935,925,0
2022-08-22 12:51:00,925,910,935,925,0
2022-08-22 12:52:00,925,910,935,925,0
2022-08-22 12:53:00,925,910,935,925,0
2022-08-22 12:54:00,925,910,935,925,0
2022-08-22 12:55:00,925,910,935,925,0
2022-08-22 12:56:00,925,910,935,925,0
2022-08-22 12:57:00,925,910,935,925,0
2022-08-22 12:58:00,925,910,935,925,0
2022-08-22 12:59:00,925,910,935,925,0
2022-08-22 13:00:00,925,910,935,925,0
2022-08-22 13:01:00,925,910,935,925,0
2022-08-22 13:02:00,925,910,935,925,0
2022-08-22 13:03:00,925,910,935,925,0
2022-08-22 13:04:00,925,910,935,925,0
2022-08-22 13:05:00,925,910,935,925,0
2022-08-22 13:06:00,925,910,935,925,0
2022-08-22 13:07:00,925,910,935,925,0
2022-08-22 13:08:00,925,910,935,925,0
2022-08-22 13:09:00,925,910,935,925,0
2022-08-22 13:10:00,925,910,935,925,0
2022-08-22 13:11:00,925,910,935,925,0
2022-08-22 13:12:00,925,910,935,925,0
2022-08-22 13:13:00,925,910,935,925,0
2022-08-22 13:14:00,925,910,935,925,0
2022-08-22 13:15:00,925,910,935,925,0
2022-08-22 13:16:00,925,910,935,925,0
2022-08-22 13:17:00,925,910,935,925,0
2022-08-22 13:18:00,925,910,935,925,0
2022-08-22 13:19:00,925,910,935,925,0
2022-08-22 13:20:00,925,910,935,925,0
2022-08-22 13:21:00,925,910,935,925,0
2022-08-22 13:22:00,925,910,935,925,0
2022-08-22 13:23:00,925,910,935,925,0
2022-08-22 13:24:00,925,910,935,925,0
2022-08-22 13:25:00,925,910,935,925,0
2022-08-22 13:26:00,925,910,935,925,0
2022-08-22 13:27:00,925,910,935,925,0
2022-08-22 13:28:00,925,910,935,925,0
2022-08-22 13:29:00,925,910,935,925,0
2022-08-22 13:30:00,920,920,925,925,50400
2022-08-22 13:31:00,925,925,925,925,300
2022-08-22 13:32:00,925,915,925,920,269000
2022-08-22 13:33:00,920,920,920,920,37100
2022-08-22 13:34:00,925,920,925,920,124700
2022-08-22 13:35:00,920,920,925,925,76800
2022-08-22 13:36:00,925,920,925,920,196700
2022-08-22 13:37:00,920,920,925,920,107500
2022-08-22 13:38:00,920,915,925,915,126300
2022-08-22 13:39:00,915,915,920,915,0
2022-08-22 13:40:00,915,915,920,920,44800
2022-08-22 13:41:00,920,915,920,920,9400
2022-08-22 13:42:00,915,915,920,915,46600
2022-08-22 13:43:00,915,915,920,915,297600
2022-08-22 13:44:00,915,910,915,915,92100
2022-08-22 13:45:00,910,910,915,910,187000
2022-08-22 13:46:00,910,910,915,910,245700
2022-08-22 13:47:00,910,910,915,910,349600
2022-08-22 13:48:00,915,910,915,915,26200
2022-08-22 13:49:00,915,905,915,905,3207300
2022-08-22 13:50:00,905,905,910,905,1466400
2022-08-22 13:51:00,910,905,910,905,601800
2022-08-22 13:52:00,905,905,905,905,1800
2022-08-22 13:53:00,905,905,905,905,69000
2022-08-22 13:54:00,905,905,905,905,14200
2022-08-22 13:55:00,905,905,905,905,151100
2022-08-22 13:56:00,905,905,905,905,0
2022-08-22 13:57:00,905,905,905,905,1200
2022-08-22 13:58:00,905,905,905,905,134500
2022-08-22 13:59:00,905,905,905,905,31000
2022-08-22 14:00:00,905,905,905,905,43100
2022-08-22 14:01:00,905,905,905,905,61800
2022-08-22 14:02:00,905,905,905,905,0
2022-08-22 14:03:00,905,905,905,905,22800
2022-08-22 14:04:00,905,905,905,905,63200
2022-08-22 14:05:00,905,905,905,905,0
2022-08-22 14:06:00,905,905,905,905,0
2022-08-22 14:07:00,905,905,905,905,98400
2022-08-22 14:08:00,905,905,905,905,800
2022-08-22 14:09:00,905,905,905,905,1800
2022-08-22 14:10:00,905,905,905,905,9600
2022-08-22 14:11:00,905,905,905,905,0
2022-08-22 14:12:00,905,905,905,905,13200
2022-08-22 14:13:00,905,905,905,905,0
2022-08-22 14:14:00,905,905,905,905,26600
2022-08-22 14:15:00,905,905,905,905,0
2022-08-22 14:16:00,905,905,905,905,20600
2022-08-22 14:17:00,905,905,905,905,0
2022-08-22 14:18:00,905,905,905,905,6600
2022-08-22 14:19:00,905,905,905,905,0
2022-08-22 14:20:00,905,905,905,905,0
2022-08-22 14:21:00,905,905,905,905,1300
2022-08-22 14:22:00,905,905,905,905,14100
2022-08-22 14:23:00,905,905,905,905,0
2022-08-22 14:24:00,905,905,905,905,6900
2022-08-22 14:25:00,905,905,905,905,0
2022-08-22 14:26:00,905,905,905,905,1200
2022-08-22 14:27:00,905,905,905,905,8200
2022-08-22 14:28:00,905,905,905,905,7100
2022-08-22 14:29:00,905,905,905,905,46000
2022-08-22 14:30:00,905,905,905,905,1700
2022-08-22 14:31:00,905,905,905,905,67800
2022-08-22 14:32:00,905,905,905,905,0
2022-08-22 14:33:00,905,905,905,905,105100
2022-08-22 14:34:00,905,905,905,905,32200
2022-08-22 14:35:00,905,905,905,905,0
2022-08-22 14:36:00,905,905,905,905,1900
2022-08-22 14:37:00,905,905,905,905,3900
2022-08-22 14:38:00,905,905,905,905,20200
2022-08-22 14:39:00,905,905,905,905,2300
2022-08-22 14:40:00,905,905,905,905,800
2022-08-22 14:41:00,905,905,905,905,104300
2022-08-22 14:42:00,905,905,905,905,12200
2022-08-22 14:43:00,905,905,905,905,16100
2022-08-22 14:44:00,905,905,905,905,0
2022-08-22 14:45:00,905,905,905,905,6900
2022-08-22 14:46:00,905,905,905,905,17600
2022-08-22 14:47:00,905,905,905,905,2400
2022-08-22 14:48:00,905,905,905,905,700
2022-08-22 14:49:00,905,905,905,905,21100
2022-08-22 14:50:00,905,905,905,905,0
2022-08-22 14:51:00,905,905,905,905,0
2022-08-22 14:52:00,905,905,905,905,0
2022-08-22 14:53:00,905,905,905,905,0
2022-08-22 14:54:00,905,905,905,905,0
2022-08-22 14:55:00,905,905,905,905,0
2022-08-22 14:56:00,905,905,905,905,0
2022-08-22 14:57:00,905,905,905,905,0
2022-08-22 14:58:00,905,905,905,905,0
2022-08-22 14:59:00,905,905,905,905,0
2022-08-22 15:00:00,905,905,905,905,96400
2022-08-22 15:01:00,905,905,905,905,23500
2022-08-22 15:02:00,905,905,905,905,1800
2022-08-22 15:03:00,905,905,905,905,26100
2022-08-22 15:04:00,905,905,905,905,56900
2022-08-22 15:05:00,905,905,905,905,0
2022-08-22 15:06:00,905,905,905,905,0
2022-08-22 15:07:00,905,905,905,905,8700
2022-08-22 15:08:00,905,905,905,905,1500
2022-08-22 15:09:00,905,905,905,905,0
2022-08-22 15:10:00,905,905,905,905,34100
2022-08-22 15:11:00,905,905,905,905,0
2022-08-22 15:12:00,905,905,905,905,0
2022-08-22 15:13:00,905,905,905,905,0
2022-08-22 15:14:00,905,905,905,905,0
2022-08-22 15:15:00,905,905,905,905,0
2022-08-22 15:16:00,905,905,905,905,0
2022-08-22 15:17:00,905,905,905,905,0
2022-08-22 15:18:00,905,905,905,905,0
2022-08-22 15:19:00,905,905,905,905,0
2022-08-22 15:20:00,905,905,905,905,0
2022-08-22 15:21:00,905,905,905,905,0
2022-08-22 15:22:00,905,905,905,905,0
2022-08-22 15:23:00,905,905,905,905,0
2022-08-22 15:24:00,905,905,905,905,0
2022-08-22 15:25:00,905,905,905,905,0
2022-08-22 15:26:00,905,905,905,905,0
2022-08-22 15:27:00,905,905,905,905,0
2022-08-22 15:28:00,905,905,905,905,0
2022-08-22 15:29:00,905,905,905,905,0
2022-08-22 15:30:00,905,905,905,905,0
2022-08-22 15:31:00,905,905,905,905,0
2022-08-22 15:32:00,905,905,905,905,0
2022-08-22 15:33:00,905,905,905,905,0
2022-08-22 15:34:00,905,905,905,905,0
2022-08-22 15:35:00,905,905,905,905,0
2022-08-22 15:36:00,905,905,905,905,0
2022-08-22 15:37:00,905,905,905,905,0
2022-08-22 15:38:00,905,905,905,905,0
2022-08-22 15:39:00,905,905,905,905,0
2022-08-22 15:40:00,905,905,905,905,0
2022-08-22 15:41:00,905,905,905,905,0
2022-08-22 15:42:00,905,905,905,905,0
2022-08-22 15:43:00,905,905,905,905,0
2022-08-22 15:44:00,905,905,905,905,0
2022-08-22 15:45:00,905,905,905,905,0
2022-08-22 15:46:00,905,905,905,905,0
2022-08-22 15:47:00,905,905,905,905,0
2022-08-22 15:48:00,905,905,905,905,0
2022-08-22 15:49:00,905,905,905,905,0
2022-08-22 15:50:00,905,905,905,905,0
2022-08-22 15:51:00,905,905,905,905,0
2022-08-22 15:52:00,905,905,905,905,0
2022-08-22 15:53:00,905,905,905,905,0
2022-08-22 15:54:00,905,905,905,905,0
2022-08-22 15:55:00,905,905,905,905,0
2022-08-22 15:56:00,905,905,905,905,0
2022-08-22 15:57:00,905,905,905,905,0
2022-08-22 15:58:00,905,905,905,905,0
2022-08-22 15:59:00,905,905,905,905,0
2022-08-23 09:00:00,900,885,905,890,734500
2022-08-23 09:01:00,890,885,895,885,295600
2022-08-23 09:02:00,890,885,895,890,533400
2022-08-23 09:03:00,885,885,900,895,248300
2022-08-23 09:04:00,895,895,900,895,64300
2022-08-23 09:05:00,900,900,905,900,1488000
2022-08-23 09:06:00,900,900,920,920,2102000
2022-08-23 09:07:00,915,910,920,915,665400
2022-08-23 09:08:00,915,910,915,915,425300
2022-08-23 09:09:00,915,915,920,915,108100
2022-08-23 09:10:00,915,915,915,915,0
2022-08-23 09:11:00,915,915,915,915,0
2022-08-23 09:12:00,915,915,915,915,0
2022-08-23 09:13:00,925,925,930,930,8896200
2022-08-23 09:14:00,930,920,930,925,289800
2022-08-23 09:15:00,925,920,925,925,305100
2022-08-23 09:16:00,925,925,925,925,248900
2022-08-23 09:17:00,930,925,930,930,399600
2022-08-23 09:18:00,930,925,935,930,1147000
2022-08-23 09:19:00,930,925,935,930,549100
2022-08-23 09:20:00,925,920,930,920,423500
2022-08-23 09:21:00,920,920,925,920,41900
2022-08-23 09:22:00,920,920,930,930,1377300
2022-08-23 09:23:00,930,925,935,930,588700
2022-08-23 09:24:00,930,925,930,930,35100
2022-08-23 09:25:00,930,925,930,930,6000
2022-08-23 09:26:00,930,925,930,925,319100
2022-08-23 09:27:00,925,920,925,925,198700
2022-08-23 09:28:00,925,920,925,925,130200
2022-08-23 09:29:00,925,920,925,920,38500
2022-08-23 09:30:00,920,920,925,920,330200
2022-08-23 09:31:00,925,920,925,920,101100
2022-08-23 09:32:00,920,920,930,930,17600
2022-08-23 09:33:00,925,925,930,925,45100
2022-08-23 09:34:00,930,925,930,925,10400
2022-08-23 09:35:00,925,925,930,925,93100
2022-08-23 09:36:00,925,925,925,925,87700
2022-08-23 09:37:00,925,925,925,925,196500
2022-08-23 09:38:00,925,925,930,925,15800
2022-08-23 09:39:00,925,920,925,920,323200
2022-08-23 09:40:00,925,920,925,920,9000
2022-08-23 09:41:00,925,925,935,935,1524500
2022-08-23 09:42:00,935,930,935,930,121400
2022-08-23 09:43:00,930,930,935,935,21400
2022-08-23 09:44:00,930,930,935,930,66200
2022-08-23 09:45:00,935,930,935,935,137400
2022-08-23 09:46:00,935,930,935,930,65400
2022-08-23 09:47:00,930,930,935,930,24400
2022-08-23 09:48:00,935,930,935,930,87200
2022-08-23 09:49:00,930,930,930,930,389200
2022-08-23 09:50:00,930,925,930,925,2400
2022-08-23 09:51:00,925,925,930,930,865600
2022-08-23 09:52:00,930,930,930,930,0
2022-08-23 09:53:00,930,930,930,930,1500
2022-08-23 09:54:00,935,930,935,930,2200
2022-08-23 09:55:00,930,930,935,935,120800
2022-08-23 09:56:00,935,930,935,930,68100
2022-08-23 09:57:00,930,930,930,930,351700
2022-08-23 09:58:00,930,930,930,930,130300
2022-08-23 09:59:00,930,925,930,925,9500
2022-08-23 10:00:00,930,930,930,930,10300
2022-08-23 10:01:00,935,930,935,935,601700
2022-08-23 10:02:00,935,930,935,935,372700
2022-08-23 10:03:00,935,935,940,935,4800
2022-08-23 10:04:00,935,935,935,935,14700
2022-08-23 10:05:00,935,935,940,940,67200
2022-08-23 10:06:00,935,935,940,940,11400
2022-08-23 10:07:00,940,940,940,940,12800
2022-08-23 10:08:00,935,935,940,940,16900
2022-08-23 10:09:00,940,940,940,940,54200
2022-08-23 10:10:00,940,940,940,940,30400
2022-08-23 10:11:00,940,935,940,935,15600
2022-08-23 10:12:00,935,935,940,940,13900
2022-08-23 10:13:00,935,935,940,940,49700
2022-08-23 10:14:00,940,940,940,940,12800
2022-08-23 10:15:00,940,935,940,935,1402000
2022-08-23 10:16:00,940,940,945,945,806300
2022-08-23 10:17:00,945,945,945,945,70400
2022-08-23 10:18:00,945,940,945,945,55600
2022-08-23 10:19:00,945,945,950,950,4865100
2022-08-23 10:20:00,955,945,955,950,267600
2022-08-23 10:21:00,950,945,960,955,3703600
2022-08-23 10:22:00,955,950,960,955,1393500
2022-08-23 10:23:00,960,955,960,960,332600
2022-08-23 10:24:00,960,955,960,960,88000
2022-08-23 10:25:00,960,955,960,955,95400
2022-08-23 10:26:00,955,950,955,950,756100
2022-08-23 10:27:00,950,940,950,940,456800
2022-08-23 10:28:00,945,940,945,945,290000
2022-08-23 10:29:00,945,945,950,950,44000
2022-08-23 10:30:00,950,945,950,945,42500
2022-08-23 10:31:00,945,945,950,950,11600
2022-08-23 10:32:00,945,945,950,945,405700
2022-08-23 10:33:00,945,940,945,945,118000
2022-08-23 10:34:00,945,940,945,940,26200
2022-08-23 10:35:00,940,940,945,940,140400
2022-08-23 10:36:00,945,940,945,940,76300
2022-08-23 10:37:00,945,940,945,940,0
2022-08-23 10:38:00,940,940,945,940,85900
2022-08-23 10:39:00,940,940,945,945,6000
2022-08-23 10:40:00,945,940,945,945,14000
2022-08-23 10:41:00,945,940,945,945,0
2022-08-23 10:42:00,945,945,945,945,213400
2022-08-23 10:43:00,950,945,955,945,614900
2022-08-23 10:44:00,955,950,955,955,65800
2022-08-23 10:45:00,955,955,955,955,18500
2022-08-23 10:46:00,955,955,955,955,4800
2022-08-23 10:47:00,955,955,955,955,3600
2022-08-23 10:48:00,955,955,955,955,93100
2022-08-23 10:49:00,955,955,955,955,51100
2022-08-23 10:50:00,955,955,955,955,45100
2022-08-23 10:51:00,955,955,955,955,40400
2022-08-23 10:52:00,950,950,955,955,91600
2022-08-23 10:53:00,955,955,960,960,225700
2022-08-23 10:54:00,960,955,960,955,0
2022-08-23 10:55:00,955,955,960,955,104400
2022-08-23 10:56:00,955,955,955,955,198000
2022-08-23 10:57:00,955,950,955,950,152900
2022-08-23 10:58:00,950,950,955,950,52400
2022-08-23 10:59:00,950,950,950,950,20900
2022-08-23 11:00:00,950,950,955,950,434400
2022-08-23 11:01:00,950,950,950,950,21200
2022-08-23 11:02:00,950,950,950,950,46700
2022-08-23 11:03:00,950,950,955,955,8900
2022-08-23 11:04:00,950,950,955,955,22100
2022-08-23 11:05:00,950,950,955,955,9500
2022-08-23 11:06:00,955,950,955,955,12700
2022-08-23 11:07:00,950,950,955,950,61300
2022-08-23 11:08:00,950,950,955,955,100
2022-08-23 11:09:00,950,950,955,955,7200
2022-08-23 11:10:00,955,950,955,950,82000
2022-08-23 11:11:00,955,955,955,955,0
2022-08-23 11:12:00,955,950,955,955,8700
2022-08-23 11:13:00,950,950,950,950,14300
2022-08-23 11:14:00,950,950,955,950,29200
2022-08-23 11:15:00,950,945,950,945,430000
2022-08-23 11:16:00,945,945,950,950,12300
2022-08-23 11:17:00,945,945,950,950,20900
2022-08-23 11:18:00,945,945,950,945,27500
2022-08-23 11:19:00,945,945,950,950,147300
2022-08-23 11:20:00,950,945,950,945,28500
2022-08-23 11:21:00,950,945,950,945,7000
2022-08-23 11:22:00,950,945,950,950,23600
2022-08-23 11:23:00,950,945,950,945,14700
2022-08-23 11:24:00,945,945,950,945,52300
2022-08-23 11:25:00,945,945,945,945,19300
2022-08-23 11:26:00,945,945,950,945,25800
2022-08-23 11:27:00,945,945,945,945,24200
2022-08-23 11:28:00,945,945,950,945,49200
2022-08-23 11:29:00,945,945,950,945,14400
2022-08-23 11:30:00,945,945,950,945,0
2022-08-23 11:31:00,945,945,950,945,0
2022-08-23 11:32:00,945,945,950,945,0
2022-08-23 11:33:00,945,945,950,945,0
2022-08-23 11:34:00,945,945,950,945,0
2022-08-23 11:35:00,945,945,950,945,0
2022-08-23 11:36:00,945,945,950,945,0
2022-08-23 11:37:00,945,945,950,945,0
2022-08-23 11:38:00,945,945,950,945,0
2022-08-23 11:39:00,945,945,950,945,0
2022-08-23 11:40:00,945,945,950,945,0
2022-08-23 11:41:00,945,945,950,945,0
2022-08-23 11:42:00,945,945,950,945,0
2022-08-23 11:43:00,945,945,950,945,0
2022-08-23 11:44:00,945,945,950,945,0
2022-08-23 11:45:00,945,945,950,945,0
2022-08-23 11:46:00,945,945,950,945,0
2022-08-23 11:47:00,945,945,950,945,0
2022-08-23 11:48:00,945,945,950,945,0
2022-08-23 11:49:00,945,945,950,945,0
2022-08-23 11:50:00,945,945,950,945,0
2022-08-23 11:51:00,945,945,950,945,0
2022-08-23 11:52:00,945,945,950,945,0
2022-08-23 11:53:00,945,945,950,945,0
2022-08-23 11:54:00,945,945,950,945,0
2022-08-23 11:55:00,945,945,950,945,0
2022-08-23 11:56:00,945,945,950,945,0
2022-08-23 11:57:00,945,945,950,945,0
2022-08-23 11:58:00,945,945,950,945,0
2022-08-23 11:59:00,945,945,950,945,0
2022-08-23 12:00:00,945,945,950,945,0
2022-08-23 12:01:00,945,945,950,945,0
2022-08-23 12:02:00,945,945,950,945,0
2022-08-23 12:03:00,945,945,950,945,0
2022-08-23 12:04:00,945,945,950,945,0
2022-08-23 12:05:00,945,945,950,945,0
2022-08-23 12:06:00,945,945,950,945,0
2022-08-23 12:07:00,945,945,950,945,0
2022-08-23 12:08:00,945,945,950,945,0
2022-08-23 12:09:00,945,945,950,945,0
2022-08-23 12:10:00,945,945,950,945,0
2022-08-23 12:11:00,945,945,950,945,0
2022-08-23 12:12:00,945,945,950,945,0
2022-08-23 12:13:00,945,945,950,945,0
2022-08-23 12:14:00,945,945,950,945,0
2022-08-23 12:15:00,945,945,950,945,0
2022-08-23 12:16:00,945,945,950,945,0
2022-08-23 12:17:00,945,945,950,945,0
2022-08-23 12:18:00,945,945,950,945,0
2022-08-23 12:19:00,945,945,950,945,0
2022-08-23 12:20:00,945,945,950,945,0
2022-08-23 12:21:00,945,945,950,945,0
2022-08-23 12:22:00,945,945,950,945,0
2022-08-23 12:23:00,945,945,950,945,0
2022-08-23 12:24:00,945,945,950,945,0
2022-08-23 12:25:00,945,945,950,945,0
2022-08-23 12:26:00,945,945,950,945,0
2022-08-23 12:27:00,945,945,950,945,0
2022-08-23 12:28:00,945,945,950,945,0
2022-08-23 12:29:00,945,945,950,945,0
2022-08-23 12:30:00,945,945,950,945,0
2022-08-23 12:31:00,945,945,950,945,0
2022-08-23 12:32:00,945,945,950,945,0
2022-08-23 12:33:00,945,945,950,945,0
2022-08-23 12:34:00,945,945,950,945,0
2022-08-23 12:35:00,945,945,950,945,0
2022-08-23 12:36:00,945,945,950,945,0
2022-08-23 12:37:00,945,945,950,945,0
2022-08-23 12:38:00,945,945,950,945,0
2022-08-23 12:39:00,945,945,950,945,0
2022-08-23 12:40:00,945,945,950,945,0
2022-08-23 12:41:00,945,945,950,945,0
2022-08-23 12:42:00,945,945,950,945,0
2022-08-23 12:43:00,945,945,950,945,0
2022-08-23 12:44:00,945,945,950,945,0
2022-08-23 12:45:00,945,945,950,945,0
2022-08-23 12:46:00,945,945,950,945,0
2022-08-23 12:47:00,945,945,950,945,0
2022-08-23 12:48:00,945,945,950,945,0
2022-08-23 12:49:00,945,945,950,945,0
2022-08-23 12:50:00,945,945,950,945,0
2022-08-23 12:51:00,945,945,950,945,0
2022-08-23 12:52:00,945,945,950,945,0
2022-08-23 12:53:00,945,945,950,945,0
2022-08-23 12:54:00,945,945,950,945,0
2022-08-23 12:55:00,945,945,950,945,0
2022-08-23 12:56:00,945,945,950,945,0
2022-08-23 12:57:00,945,945,950,945,0
2022-08-23 12:58:00,945,945,950,945,0
2022-08-23 12:59:00,945,945,950,945,0
2022-08-23 13:00:00,945,945,950,945,0
2022-08-23 13:01:00,945,945,950,945,0
2022-08-23 13:02:00,945,945,950,945,0
2022-08-23 13:03:00,945,945,950,945,0
2022-08-23 13:04:00,945,945,950,945,0
2022-08-23 13:05:00,945,945,950,945,0
2022-08-23 13:06:00,945,945,950,945,0
2022-08-23 13:07:00,945,945,950,945,0
2022-08-23 13:08:00,945,945,950,945,0
2022-08-23 13:09:00,945,945,950,945,0
2022-08-23 13:10:00,945,945,950,945,0
2022-08-23 13:11:00,945,945,950,945,0
2022-08-23 13:12:00,945,945,950,945,0
2022-08-23 13:13:00,945,945,950,945,0
2022-08-23 13:14:00,945,945,950,945,0
2022-08-23 13:15:00,945,945,950,945,0
2022-08-23 13:16:00,945,945,950,945,0
2022-08-23 13:17:00,945,945,950,945,0
2022-08-23 13:18:00,945,945,950,945,0
2022-08-23 13:19:00,945,945,950,945,0
2022-08-23 13:20:00,945,945,950,945,0
2022-08-23 13:21:00,945,945,950,945,0
2022-08-23 13:22:00,945,945,950,945,0
2022-08-23 13:23:00,945,945,950,945,0
2022-08-23 13:24:00,945,945,950,945,0
2022-08-23 13:25:00,945,945,950,945,0
2022-08-23 13:26:00,945,945,950,945,0
2022-08-23 13:27:00,945,945,950,945,0
2022-08-23 13:28:00,945,945,950,945,0
2022-08-23 13:29:00,945,945,950,945,0
2022-08-23 13:30:00,950,945,950,950,281800
2022-08-23 13:31:00,950,945,950,950,0
2022-08-23 13:32:00,950,950,950,950,128700
2022-08-23 13:33:00,950,950,950,950,67900
2022-08-23 13:34:00,955,950,955,950,0
2022-08-23 13:35:00,955,950,955,955,34900
2022-08-23 13:36:00,950,950,955,950,146600
2022-08-23 13:37:00,955,950,955,950,186900
2022-08-23 13:38:00,950,950,955,950,12500
2022-08-23 13:39:00,950,950,950,950,12000
2022-08-23 13:40:00,950,945,950,945,305900
2022-08-23 13:41:00,945,945,950,945,27200
2022-08-23 13:42:00,950,945,950,945,1300
2022-08-23 13:43:00,945,945,945,945,17900
2022-08-23 13:44:00,945,945,945,945,37300
2022-08-23 13:45:00,945,945,950,945,104000
2022-08-23 13:46:00,945,945,955,955,382600
2022-08-23 13:47:00,955,950,955,955,0
2022-08-23 13:48:00,955,950,955,950,76200
2022-08-23 13:49:00,950,950,950,950,500700
2022-08-23 13:50:00,945,945,950,945,122600
2022-08-23 13:51:00,950,945,950,945,71100
2022-08-23 13:52:00,940,940,940,940,1440900
2022-08-23 13:53:00,940,940,945,940,1300
2022-08-23 13:54:00,945,940,945,945,60800
2022-08-23 13:55:00,945,945,945,945,176000
2022-08-23 13:56:00,945,945,945,945,34400
2022-08-23 13:57:00,945,945,945,945,0
2022-08-23 13:58:00,945,945,950,950,125100
2022-08-23 13:59:00,945,945,950,950,11500
2022-08-23 14:00:00,945,945,950,945,409300
2022-08-23 14:01:00,945,940,945,940,59600
2022-08-23 14:02:00,940,940,945,945,32000
2022-08-23 14:03:00,945,940,945,940,162400
2022-08-23 14:04:00,945,945,945,945,0
2022-08-23 14:05:00,940,935,940,935,791100
2022-08-23 14:06:00,940,930,940,940,1744600
2022-08-23 14:07:00,940,930,940,940,0
2022-08-23 14:08:00,940,930,940,940,0
2022-08-23 14:09:00,935,935,935,935,1016500
2022-08-23 14:10:00,930,930,935,935,48300
2022-08-23 14:11:00,935,935,935,935,45500
2022-08-23 14:12:00,930,930,930,930,82500
2022-08-23 14:13:00,930,930,935,935,9800
2022-08-23 14:14:00,935,935,935,935,700
2022-08-23 14:15:00,930,930,930,930,190000
2022-08-23 14:16:00,930,930,930,930,0
2022-08-23 14:17:00,930,930,930,930,27500
2022-08-23 14:18:00,930,930,930,930,73900
2022-08-23 14:19:00,930,930,930,930,0
2022-08-23 14:20:00,930,930,935,935,22100
2022-08-23 14:21:00,935,935,935,935,19200
2022-08-23 14:22:00,930,930,935,935,16400
2022-08-23 14:23:00,935,930,935,930,5000
2022-08-23 14:24:00,935,930,935,935,99400
2022-08-23 14:25:00,930,930,935,935,227900
2022-08-23 14:26:00,935,935,940,940,119200
2022-08-23 14:27:00,940,940,940,940,13500
2022-08-23 14:28:00,940,935,940,935,183900
2022-08-23 14:29:00,935,935,940,940,140600
2022-08-23 14:30:00,940,940,940,940,37800
2022-08-23 14:31:00,940,940,940,940,4400
2022-08-23 14:32:00,940,940,945,945,66100
2022-08-23 14:33:00,945,945,945,945,63500
2022-08-23 14:34:00,940,940,945,945,37400
2022-08-23 14:35:00,940,940,945,945,1900
2022-08-23 14:36:00,945,945,950,950,372900
2022-08-23 14:37:00,950,945,950,945,31000
2022-08-23 14:38:00,945,945,950,950,0
2022-08-23 14:39:00,950,945,950,945,128100
2022-08-23 14:40:00,945,945,950,950,0
2022-08-23 14:41:00,950,950,955,950,1652400
2022-08-23 14:42:00,950,950,950,950,38200
2022-08-23 14:43:00,950,950,950,950,20200
2022-08-23 14:44:00,950,945,950,950,228300
2022-08-23 14:45:00,945,945,950,945,248000
2022-08-23 14:46:00,945,945,945,945,424800
2022-08-23 14:47:00,945,945,945,945,24000
2022-08-23 14:48:00,945,945,950,950,155800
2022-08-23 14:49:00,950,945,955,955,1003500
2022-08-23 14:50:00,950,945,955,955,0
2022-08-23 14:51:00,950,945,955,955,0
2022-08-23 14:52:00,950,945,955,955,0
2022-08-23 14:53:00,950,945,955,955,0
2022-08-23 14:54:00,950,945,955,955,0
2022-08-23 14:55:00,950,945,955,955,0
2022-08-23 14:56:00,950,945,955,955,0
2022-08-23 14:57:00,950,945,955,955,0
2022-08-23 14:58:00,950,945,955,955,0
2022-08-23 14:59:00,950,945,955,955,0
2022-08-23 15:00:00,960,960,960,960,2579300
2022-08-23 15:01:00,960,960,960,960,537800
2022-08-23 15:02:00,960,960,960,960,13500
2022-08-23 15:03:00,960,960,960,960,2200
2022-08-23 15:04:00,960,960,960,960,58000
2022-08-23 15:05:00,960,960,960,960,59700
2022-08-23 15:06:00,960,960,960,960,0
2022-08-23 15:07:00,960,960,960,960,5900
2022-08-23 15:08:00,960,960,960,960,36500
2022-08-23 15:09:00,960,960,960,960,585700
2022-08-23 15:10:00,960,960,960,960,0
2022-08-23 15:11:00,960,960,960,960,201200
2022-08-23 15:12:00,960,960,960,960,4100
2022-08-23 15:13:00,960,960,960,960,7500
2022-08-23 15:14:00,960,960,960,960,0
2022-08-23 15:15:00,960,960,960,960,0
2022-08-23 15:16:00,960,960,960,960,0
2022-08-23 15:17:00,960,960,960,960,0
2022-08-23 15:18:00,960,960,960,960,0
2022-08-23 15:19:00,960,960,960,960,0
2022-08-23 15:20:00,960,960,960,960,0
2022-08-23 15:21:00,960,960,960,960,0
2022-08-23 15:22:00,960,960,960,960,0
2022-08-23 15:23:00,960,960,960,960,0
2022-08-23 15:24:00,960,960,960,960,0
2022-08-23 15:25:00,960,960,960,960,0
2022-08-23 15:26:00,960,960,960,960,0
2022-08-23 15:27:00,960,960,960,960,0
2022-08-23 15:28:00,960,960,960,960,0
2022-08-23 15:29:00,960,960,960,960,0
2022-08-23 15:30:00,960,960,960,960,0
2022-08-23 15:31:00,960,960,960,960,0
2022-08-23 15:32:00,960,960,960,960,0
2022-08-23 15:33:00,960,960,960,960,0
2022-08-23 15:34:00,960,960,960,960,0
2022-08-23 15:35:00,960,960,960,960,0
2022-08-23 15:36:00,960,960,960,960,0
2022-08-23 15:37:00,960,960,960,960,0
2022-08-23 15:38:00,960,960,960,960,0
2022-08-23 15:39:00,960,960,960,960,0
2022-08-23 15:40:00,960,960,960,960,0
2022-08-23 15:41:00,960,960,960,960,0
2022-08-23 15:42:00,960,960,960,960,0
2022-08-23 15:43:00,960,960,960,960,0
2022-08-23 15:44:00,960,960,960,960,0
2022-08-23 15:45:00,960,960,960,960,0
2022-08-23 15:46:00,960,960,960,960,0
2022-08-23 15:47:00,960,960,960,960,0
2022-08-23 15:48:00,960,960,960,960,0
2022-08-23 15:49:00,960,960,960,960,0
2022-08-23 15:50:00,960,960,960,960,0
2022-08-23 15:51:00,960,960,960,960,0
2022-08-23 15:52:00,960,960,960,960,0
2022-08-23 15:53:00,960,960,960,960,0
2022-08-23 15:54:00,960,960,960,960,0
2022-08-23 15:55:00,960,960,960,960,0
2022-08-23 15:56:00,960,960,960,960,0
2022-08-23 15:57:00,960,960,960,960,0
2022-08-23 15:58:00,960,960,960,960,0
2022-08-23 15:59:00,960,960,960,960,0
2022-08-24 09:00:00,960,945,960,950,481000
2022-08-24 09:01:00,950,935,950,940,957800
2022-08-24 09:02:00,935,935,940,935,147000
2022-08-24 09:03:00,935,935,945,945,233900
2022-08-24 09:04:00,945,940,950,940,549700
2022-08-24 09:05:00,945,945,950,950,475500
2022-08-24 09:06:00,950,935,955,940,1867000
2022-08-24 09:07:00,945,940,945,940,6600
2022-08-24 09:08:00,940,940,945,945,384600
2022-08-24 09:09:00,945,945,950,950,55900
2022-08-24 09:10:00,945,945,950,950,52300
2022-08-24 09:11:00,945,945,945,945,174500
2022-08-24 09:12:00,945,945,945,945,1100
2022-08-24 09:13:00,945,945,945,945,35300
2022-08-24 09:14:00,950,950,950,950,0
2022-08-24 09:15:00,945,945,950,950,313900
2022-08-24 09:16:00,955,950,955,955,77700
2022-08-24 09:17:00,955,955,955,955,108800
2022-08-24 09:18:00,955,955,955,955,190900
2022-08-24 09:19:00,960,950,960,955,1066700
2022-08-24 09:20:00,950,940,950,940,524200
2022-08-24 09:21:00,950,935,950,935,760600
2022-08-24 09:22:00,930,925,940,935,282400
2022-08-24 09:23:00,935,935,940,940,110300
2022-08-24 09:24:00,940,940,940,940,0
2022-08-24 09:25:00,940,940,940,940,42600
2022-08-24 09:26:00,940,940,940,940,45500
2022-08-24 09:27:00,940,940,940,940,28000
2022-08-24 09:28:00,940,940,945,940,53600
2022-08-24 09:29:00,940,940,945,940,129500
2022-08-24 09:30:00,935,935,935,935,50800
2022-08-24 09:31:00,935,930,940,930,190100
2022-08-24 09:32:00,930,925,950,950,1818100
2022-08-24 09:33:00,935,935,940,935,0
2022-08-24 09:34:00,935,930,935,930,27400
2022-08-24 09:35:00,930,925,945,945,577800
2022-08-24 09:36:00,940,940,940,940,11400
2022-08-24 09:37:00,940,940,940,940,67900
2022-08-24 09:38:00,940,940,940,940,158300
2022-08-24 09:39:00,940,940,940,940,139100
2022-08-24 09:40:00,940,940,940,940,0
2022-08-24 09:41:00,940,940,945,940,22000
2022-08-24 09:42:00,940,940,940,940,10100
2022-08-24 09:43:00,940,940,940,940,21800
2022-08-24 09:44:00,940,940,940,940,52700
2022-08-24 09:45:00,940,940,940,940,55600
2022-08-24 09:46:00,945,940,950,940,637100
2022-08-24 09:47:00,940,940,940,940,4800
2022-08-24 09:48:00,940,940,945,945,11300
2022-08-24 09:49:00,940,935,940,940,60100
2022-08-24 09:50:00,940,935,940,940,86100
2022-08-24 09:51:00,935,930,935,935,249500
2022-08-24 09:52:00,930,920,930,930,303800
2022-08-24 09:53:00,930,925,930,925,72900
2022-08-24 09:54:00,925,910,925,915,531200
2022-08-24 09:55:00,915,910,915,915,238400
2022-08-24 09:56:00,910,910,920,915,122700
2022-08-24 09:57:00,915,915,925,925,155800
2022-08-24 09:58:00,920,920,925,925,161700
2022-08-24 09:59:00,920,920,925,925,63000
2022-08-24 10:00:00,925,915,925,915,230200
2022-08-24 10:01:00,915,910,920,915,575400
2022-08-24 10:02:00,915,915,920,915,246500
2022-08-24 10:03:00,915,915,920,920,350500
2022-08-24 10:04:00,920,920,920,920,285500
2022-08-24 10:05:00,920,920,925,920,321000
2022-08-24 10:06:00,925,920,925,920,107400
2022-08-24 10:07:00,920,920,920,920,70600
2022-08-24 10:08:00,920,920,920,920,137900
2022-08-24 10:09:00,920,915,920,915,237900
2022-08-24 10:10:00,920,920,920,920,0
2022-08-24 10:11:00,920,915,920,915,25400
2022-08-24 10:12:00,915,915,920,915,78900
2022-08-24 10:13:00,920,915,920,915,273200
2022-08-24 10:14:00,915,915,920,920,33200
2022-08-24 10:15:00,920,920,920,920,500
2022-08-24 10:16:00,920,915,920,920,6400
2022-08-24 10:17:00,920,915,920,915,212000
2022-08-24 10:18:00,915,915,915,915,38300
2022-08-24 10:19:00,915,915,915,915,0
2022-08-24 10:20:00,920,915,920,920,15100
2022-08-24 10:21:00,920,915,920,915,30100
2022-08-24 10:22:00,920,915,920,915,164300
2022-08-24 10:23:00,920,915,920,920,77300
2022-08-24 10:24:00,920,920,920,920,273500
2022-08-24 10:25:00,920,920,920,920,0
2022-08-24 10:26:00,925,920,925,925,20100
2022-08-24 10:27:00,920,920,920,920,238500
2022-08-24 10:28:00,920,920,925,925,20300
2022-08-24 10:29:00,920,920,920,920,269700
2022-08-24 10:30:00,920,920,925,925,43600
2022-08-24 10:31:00,920,920,925,925,34400
2022-08-24 10:32:00,925,920,925,920,0
2022-08-24 10:33:00,920,920,925,925,430800
2022-08-24 10:34:00,920,915,920,915,565500
2022-08-24 10:35:00,915,915,920,915,8200
2022-08-24 10:36:00,915,915,915,915,35800
2022-08-24 10:37:00,915,900,915,905,3471000
2022-08-24 10:38:00,905,895,905,895,765500
2022-08-24 10:39:00,900,895,900,895,3008800
2022-08-24 10:40:00,895,895,895,895,757100
2022-08-24 10:41:00,895,895,895,895,739700
2022-08-24 10:42:00,895,895,895,895,1005500
2022-08-24 10:43:00,895,895,900,895,2362000
2022-08-24 10:44:00,895,895,895,895,157200
2022-08-24 10:45:00,895,895,900,900,294700
2022-08-24 10:46:00,900,895,900,895,24100
2022-08-24 10:47:00,900,895,900,900,174700
2022-08-24 10:48:00,900,895,900,900,147400
2022-08-24 10:49:00,900,895,900,895,79400
2022-08-24 10:50:00,895,895,900,895,875700
2022-08-24 10:51:00,895,895,895,895,89500
2022-08-24 10:52:00,895,895,895,895,627600
2022-08-24 10:53:00,895,895,895,895,489000
2022-08-24 10:54:00,895,895,900,895,175600
2022-08-24 10:55:00,895,895,895,895,640600
2022-08-24 10:56:00,895,895,900,895,835300
2022-08-24 10:57:00,895,895,905,905,1058400
2022-08-24 10:58:00,905,900,910,910,205100
2022-08-24 10:59:00,910,900,910,905,638200
2022-08-24 11:00:00,905,900,905,900,31800
2022-08-24 11:01:00,905,900,905,905,67400
2022-08-24 11:02:00,905,905,905,905,171800
2022-08-24 11:03:00,905,900,905,905,256500
2022-08-24 11:04:00,905,900,905,905,202000
2022-08-24 11:05:00,900,900,905,905,17500
2022-08-24 11:06:00,905,900,905,900,22700
2022-08-24 11:07:00,900,900,905,905,21000
2022-08-24 11:08:00,900,900,905,905,246900
2022-08-24 11:09:00,910,910,915,915,544700
2022-08-24 11:10:00,910,910,915,910,87600
2022-08-24 11:11:00,915,905,915,910,152400
2022-08-24 11:12:00,905,900,910,900,1280200
2022-08-24 11:13:00,905,900,905,900,442000
2022-08-24 11:14:00,900,900,905,905,24700
2022-08-24 11:15:00,900,900,905,905,0
2022-08-24 11:16:00,905,905,905,905,54000
2022-08-24 11:17:00,905,905,905,905,0
2022-08-24 11:18:00,905,905,905,905,100
2022-08-24 11:19:00,900,900,900,900,11300
2022-08-24 11:20:00,905,905,905,905,320600
2022-08-24 11:21:00,910,910,910,910,300
2022-08-24 11:22:00,910,910,910,910,464100
2022-08-24 11:23:00,910,905,910,905,529600
2022-08-24 11:24:00,905,900,905,905,122800
2022-08-24 11:25:00,900,900,900,900,19000
2022-08-24 11:26:00,900,900,905,905,12500
2022-08-24 11:27:00,905,900,905,900,34900
2022-08-24 11:28:00,900,900,905,905,122000
2022-08-24 11:29:00,905,905,905,905,13300
2022-08-24 11:30:00,905,905,905,905,0
2022-08-24 11:31:00,905,905,905,905,0
2022-08-24 11:32:00,905,905,905,905,0
2022-08-24 11:33:00,905,905,905,905,0
2022-08-24 11:34:00,905,905,905,905,0
2022-08-24 11:35:00,905,905,905,905,0
2022-08-24 11:36:00,905,905,905,905,0
2022-08-24 11:37:00,905,905,905,905,0
2022-08-24 11:38:00,905,905,905,905,0
2022-08-24 11:39:00,905,905,905,905,0
2022-08-24 11:40:00,905,905,905,905,0
2022-08-24 11:41:00,905,905,905,905,0
2022-08-24 11:42:00,905,905,905,905,0
2022-08-24 11:43:00,905,905,905,905,0
2022-08-24 11:44:00,905,905,905,905,0
2022-08-24 11:45:00,905,905,905,905,0
2022-08-24 11:46:00,905,905,905,905,0
2022-08-24 11:47:00,905,905,905,905,0
2022-08-24 11:48:00,905,905,905,905,0
2022-08-24 11:49:00,905,905,905,905,0
2022-08-24 11:50:00,905,905,905,905,0
2022-08-24 11:51:00,905,905,905,905,0
2022-08-24 11:52:00,905,905,905,905,0
2022-08-24 11:53:00,905,905,905,905,0
2022-08-24 11:54:00,905,905,905,905,0
2022-08-24 11:55:00,905,905,905,905,0
2022-08-24 11:56:00,905,905,905,905,0
2022-08-24 11:57:00,905,905,905,905,0
2022-08-24 11:58:00,905,905,905,905,0
2022-08-24 11:59:00,905,905,905,905,0
2022-08-24 12:00:00,905,905,905,905,0
2022-08-24 12:01:00,905,905,905,905,0
2022-08-24 12:02:00,905,905,905,905,0
2022-08-24 12:03:00,905,905,905,905,0
2022-08-24 12:04:00,905,905,905,905,0
2022-08-24 12:05:00,905,905,905,905,0
2022-08-24 12:06:00,905,905,905,905,0
2022-08-24 12:07:00,905,905,905,905,0
2022-08-24 12:08:00,905,905,905,905,0
2022-08-24 12:09:00,905,905,905,905,0
2022-08-24 12:10:00,905,905,905,905,0
2022-08-24 12:11:00,905,905,905,905,0
2022-08-24 12:12:00,905,905,905,905,0
2022-08-24 12:13:00,905,905,905,905,0
2022-08-24 12:14:00,905,905,905,905,0
2022-08-24 12:15:00,905,905,905,905,0
2022-08-24 12:16:00,905,905,905,905,0
2022-08-24 12:17:00,905,905,905,905,0
2022-08-24 12:18:00,905,905,905,905,0
2022-08-24 12:19:00,905,905,905,905,0
2022-08-24 12:20:00,905,905,905,905,0
2022-08-24 12:21:00,905,905,905,905,0
2022-08-24 12:22:00,905,905,905,905,0
2022-08-24 12:23:00,905,905,905,905,0
2022-08-24 12:24:00,905,905,905,905,0
2022-08-24 12:25:00,905,905,905,905,0
2022-08-24 12:26:00,905,905,905,905,0
2022-08-24 12:27:00,905,905,905,905,0
2022-08-24 12:28:00,905,905,905,905,0
2022-08-24 12:29:00,905,905,905,905,0
2022-08-24 12:30:00,905,905,905,905,0
2022-08-24 12:31:00,905,905,905,905,0
2022-08-24 12:32:00,905,905,905,905,0
2022-08-24 12:33:00,905,905,905,905,0
2022-08-24 12:34:00,905,905,905,905,0
2022-08-24 12:35:00,905,905,905,905,0
2022-08-24 12:36:00,905,905,905,905,0
2022-08-24 12:37:00,905,905,905,905,0
2022-08-24 12:38:00,905,905,905,905,0
2022-08-24 12:39:00,905,905,905,905,0
2022-08-24 12:40:00,905,905,905,905,0
2022-08-24 12:41:00,905,905,905,905,0
2022-08-24 12:42:00,905,905,905,905,0
2022-08-24 12:43:00,905,905,905,905,0
2022-08-24 12:44:00,905,905,905,905,0
2022-08-24 12:45:00,905,905,905,905,0
2022-08-24 12:46:00,905,905,905,905,0
2022-08-24 12:47:00,905,905,905,905,0
2022-08-24 12:48:00,905,905,905,905,0
2022-08-24 12:49:00,905,905,905,905,0
2022-08-24 12:50:00,905,905,905,905,0
2022-08-24 12:51:00,905,905,905,905,0
2022-08-24 12:52:00,905,905,905,905,0
2022-08-24 12:53:00,905,905,905,905,0
2022-08-24 12:54:00,905,905,905,905,0
2022-08-24 12:55:00,905,905,905,905,0
2022-08-24 12:56:00,905,905,905,905,0
2022-08-24 12:57:00,905,905,905,905,0
2022-08-24 12:58:00,905,905,905,905,0
2022-08-24 12:59:00,905,905,905,905,0
2022-08-24 13:00:00,905,905,905,905,0
2022-08-24 13:01:00,905,905,905,905,0
2022-08-24 13:02:00,905,905,905,905,0
2022-08-24 13:03:00,905,905,905,905,0
2022-08-24 13:04:00,905,905,905,905,0
2022-08-24 13:05:00,905,905,905,905,0
2022-08-24 13:06:00,905,905,905,905,0
2022-08-24 13:07:00,905,905,905,905,0
2022-08-24 13:08:00,905,905,905,905,0
2022-08-24 13:09:00,905,905,905,905,0
2022-08-24 13:10:00,905,905,905,905,0
2022-08-24 13:11:00,905,905,905,905,0
2022-08-24 13:12:00,905,905,905,905,0
2022-08-24 13:13:00,905,905,905,905,0
2022-08-24 13:14:00,905,905,905,905,0
2022-08-24 13:15:00,905,905,905,905,0
2022-08-24 13:16:00,905,905,905,905,0
2022-08-24 13:17:00,905,905,905,905,0
2022-08-24 13:18:00,905,905,905,905,0
2022-08-24 13:19:00,905,905,905,905,0
2022-08-24 13:20:00,905,905,905,905,0
2022-08-24 13:21:00,905,905,905,905,0
2022-08-24 13:22:00,905,905,905,905,0
2022-08-24 13:23:00,905,905,905,905,0
2022-08-24 13:24:00,905,905,905,905,0
2022-08-24 13:25:00,905,905,905,905,0
2022-08-24 13:26:00,905,905,905,905,0
2022-08-24 13:27:00,905,905,905,905,0
2022-08-24 13:28:00,905,905,905,905,0
2022-08-24 13:29:00,905,905,905,905,0
2022-08-24 13:30:00,900,895,905,895,421200
2022-08-24 13:31:00,895,895,895,895,119000
2022-08-24 13:32:00,895,895,900,900,319100
2022-08-24 13:33:00,900,900,900,900,6400
2022-08-24 13:34:00,895,895,900,900,29000
2022-08-24 13:35:00,895,895,895,895,46100
2022-08-24 13:36:00,895,895,900,895,2040500
2022-08-24 13:37:00,895,895,895,895,440700
2022-08-24 13:38:00,895,895,895,895,596900
2022-08-24 13:39:00,895,895,895,895,25000
2022-08-24 13:40:00,895,895,900,895,79900
2022-08-24 13:41:00,900,895,900,895,222300
2022-08-24 13:42:00,895,895,900,900,182200
2022-08-24 13:43:00,900,895,900,895,37600
2022-08-24 13:44:00,895,895,895,895,610400
2022-08-24 13:45:00,895,895,895,895,61700
2022-08-24 13:46:00,895,895,895,895,14400
2022-08-24 13:47:00,895,895,895,895,16800
2022-08-24 13:48:00,895,895,895,895,183700
2022-08-24 13:49:00,895,895,895,895,34400
2022-08-24 13:50:00,900,895,900,900,18400
2022-08-24 13:51:00,900,895,900,900,0
2022-08-24 13:52:00,895,895,900,895,86700
2022-08-24 13:53:00,895,895,895,895,50600
2022-08-24 13:54:00,895,895,895,895,99700
2022-08-24 13:55:00,895,895,895,895,169200
2022-08-24 13:56:00,895,895,895,895,127000
2022-08-24 13:57:00,895,895,895,895,58700
2022-08-24 13:58:00,895,895,895,895,3500
2022-08-24 13:59:00,895,895,895,895,1500
2022-08-24 14:00:00,895,895,895,895,16800
2022-08-24 14:01:00,895,895,895,895,66400
2022-08-24 14:02:00,895,895,895,895,3300
2022-08-24 14:03:00,895,895,895,895,8300
2022-08-24 14:04:00,895,895,895,895,81400
2022-08-24 14:05:00,895,895,895,895,93300
2022-08-24 14:06:00,895,895,905,905,1345900
2022-08-24 14:07:00,895,895,900,900,36700
2022-08-24 14:08:00,895,895,900,900,94800
2022-08-24 14:09:00,895,895,900,900,312900
2022-08-24 14:10:00,905,905,915,915,1288600
2022-08-24 14:11:00,915,910,915,910,243500
2022-08-24 14:12:00,910,905,910,910,38700
2022-08-24 14:13:00,905,900,910,900,1428500
2022-08-24 14:14:00,900,895,905,895,809900
2022-08-24 14:15:00,895,895,905,905,289300
2022-08-24 14:16:00,910,910,915,910,700200
2022-08-24 14:17:00,910,900,910,905,1245500
2022-08-24 14:18:00,905,900,905,905,51600
2022-08-24 14:19:00,905,900,905,905,22400
2022-08-24 14:20:00,905,905,910,910,466200
2022-08-24 14:21:00,910,910,920,920,640500
2022-08-24 14:22:00,920,920,930,930,929600
2022-08-24 14:23:00,935,930,945,945,3418500
2022-08-24 14:24:00,945,945,965,955,5136600
2022-08-24 14:25:00,955,955,970,970,3317300
2022-08-24 14:26:00,970,965,980,975,2814700
2022-08-24 14:27:00,975,965,975,970,652400
2022-08-24 14:28:00,970,955,970,955,2561400
2022-08-24 14:29:00,955,955,975,975,4314400
2022-08-24 14:30:00,975,970,980,975,1068500
2022-08-24 14:31:00,975,970,975,975,561600
2022-08-24 14:32:00,975,970,975,970,817100
2022-08-24 14:33:00,970,965,970,970,453400
2022-08-24 14:34:00,970,965,970,965,33800
2022-08-24 14:35:00,970,960,970,960,1642900
2022-08-24 14:36:00,960,955,970,955,878900
2022-08-24 14:37:00,960,955,960,960,579800
2022-08-24 14:38:00,955,955,960,960,239500
2022-08-24 14:39:00,960,955,965,965,571800
2022-08-24 14:40:00,960,960,970,965,501800
2022-08-24 14:41:00,965,965,980,975,3154800
2022-08-24 14:42:00,975,970,980,975,1183500
2022-08-24 14:43:00,975,975,980,980,1551000
2022-08-24 14:44:00,980,975,980,980,195700
2022-08-24 14:45:00,980,975,980,975,117100
2022-08-24 14:46:00,975,975,980,980,181200
2022-08-24 14:47:00,980,975,980,980,81000
2022-08-24 14:48:00,975,975,980,975,221900
2022-08-24 14:49:00,975,975,980,975,0
2022-08-24 14:50:00,975,975,980,975,0
2022-08-24 14:51:00,975,975,980,975,0
2022-08-24 14:52:00,975,975,980,975,0
2022-08-24 14:53:00,975,975,980,975,0
2022-08-24 14:54:00,975,975,980,975,0
2022-08-24 14:55:00,975,975,980,975,0
2022-08-24 14:56:00,975,975,980,975,0
2022-08-24 14:57:00,975,975,980,975,0
2022-08-24 14:58:00,975,975,980,975,0
2022-08-24 14:59:00,975,975,980,975,0
2022-08-24 15:00:00,975,975,975,975,4330200
2022-08-24 15:01:00,975,975,975,975,101700
2022-08-24 15:02:00,975,975,975,975,3400
2022-08-24 15:03:00,975,975,975,975,76600
2022-08-24 15:04:00,975,975,975,975,47200
2022-08-24 15:05:00,975,975,975,975,77700
2022-08-24 15:06:00,975,975,975,975,15400
2022-08-24 15:07:00,975,975,975,975,29400
2022-08-24 15:08:00,975,975,975,975,0
2022-08-24 15:09:00,975,975,975,975,22000
2022-08-24 15:10:00,975,975,975,975,5500
2022-08-24 15:11:00,975,975,975,975,8600
2022-08-24 15:12:00,975,975,975,975,10700
2022-08-24 15:13:00,975,975,975,975,0
2022-08-24 15:14:00,975,975,975,975,101387100
2022-08-24 15:15:00,975,975,975,975,0
2022-08-24 15:16:00,975,975,975,975,0
2022-08-24 15:17:00,975,975,975,975,0
2022-08-24 15:18:00,975,975,975,975,0
2022-08-24 15:19:00,975,975,975,975,0
2022-08-24 15:20:00,975,975,975,975,0
2022-08-24 15:21:00,975,975,975,975,0
2022-08-24 15:22:00,975,975,975,975,0
2022-08-24 15:23:00,975,975,975,975,0
2022-08-24 15:24:00,975,975,975,975,0
2022-08-24 15:25:00,975,975,975,975,0
2022-08-24 15:26:00,975,975,975,975,0
2022-08-24 15:27:00,975,975,975,975,0
2022-08-24 15:28:00,975,975,975,975,0
2022-08-24 15:29:00,975,975,975,975,0
2022-08-24 15:30:00,975,975,975,975,0
2022-08-24 15:31:00,975,975,975,975,0
2022-08-24 15:32:00,975,975,975,975,0
2022-08-24 15:33:00,975,975,975,975,0
2022-08-24 15:34:00,975,975,975,975,0
2022-08-24 15:35:00,975,975,975,975,0
2022-08-24 15:36:00,975,975,975,975,0
2022-08-24 15:37:00,975,975,975,975,0
2022-08-24 15:38:00,975,975,975,975,0
2022-08-24 15:39:00,975,975,975,975,0
2022-08-24 15:40:00,975,975,975,975,0
2022-08-24 15:41:00,975,975,975,975,0
2022-08-24 15:42:00,975,975,975,975,0
2022-08-24 15:43:00,975,975,975,975,0
2022-08-24 15:44:00,975,975,975,975,0
2022-08-24 15:45:00,975,975,975,975,0
2022-08-24 15:46:00,975,975,975,975,0
2022-08-24 15:47:00,975,975,975,975,0
2022-08-24 15:48:00,975,975,975,975,0
2022-08-24 15:49:00,975,975,975,975,0
2022-08-24 15:50:00,975,975,975,975,0
2022-08-24 15:51:00,975,975,975,975,0
2022-08-24 15:52:00,975,975,975,975,0
2022-08-24 15:53:00,975,975,975,975,0
2022-08-24 15:54:00,975,975,975,975,0
2022-08-24 15:55:00,975,975,975,975,0
2022-08-24 15:56:00,975,975,975,975,0
2022-08-24 15:57:00,975,975,975,975,0
2022-08-24 15:58:00,975,975,975,975,0
2022-08-24 15:59:00,975,975,975,975,0
2022-08-25 09:00:00,975,965,975,970,0
2022-08-25 09:01:00,970,965,975,965,48900
2022-08-25 09:02:00,965,965,970,965,381700
2022-08-25 09:03:00,965,950,965,950,611500
2022-08-25 09:04:00,950,950,960,960,520300
2022-08-25 09:05:00,960,960,965,965,8200
2022-08-25 09:06:00,965,960,965,965,145500
2022-08-25 09:07:00,965,960,965,965,273200
2022-08-25 09:08:00,965,960,965,965,17600
2022-08-25 09:09:00,960,960,965,965,353000
2022-08-25 09:10:00,960,960,970,970,171100
2022-08-25 09:11:00,970,965,970,965,67900
2022-08-25 09:12:00,965,960,965,960,7900
2022-08-25 09:13:00,965,960,965,960,79300
2022-08-25 09:14:00,960,960,960,960,365600
2022-08-25 09:15:00,960,955,960,955,306900
2022-08-25 09:16:00,960,955,960,960,81600
2022-08-25 09:17:00,955,955,955,955,322600
2022-08-25 09:18:00,955,950,955,950,272200
2022-08-25 09:19:00,955,950,955,950,72600
2022-08-25 09:20:00,955,950,955,950,45500
2022-08-25 09:21:00,950,950,955,955,112200
2022-08-25 09:22:00,955,950,955,955,60700
2022-08-25 09:23:00,955,940,955,945,1454900
2022-08-25 09:24:00,945,945,950,945,73300
2022-08-25 09:25:00,940,940,950,950,254500
2022-08-25 09:26:00,945,945,950,945,10100
2022-08-25 09:27:00,950,945,950,950,15900
2022-08-25 09:28:00,945,945,950,950,2400
2022-08-25 09:29:00,950,945,950,950,137800
2022-08-25 09:30:00,945,945,955,950,144900
2022-08-25 09:31:00,950,940,950,950,615900
2022-08-25 09:32:00,945,940,945,945,41100
2022-08-25 09:33:00,945,935,945,935,664700
2022-08-25 09:34:00,935,935,940,940,312200
2022-08-25 09:35:00,940,940,945,945,0
2022-08-25 09:36:00,945,940,945,940,8500
2022-08-25 09:37:00,940,940,945,945,9400
2022-08-25 09:38:00,945,940,945,940,8700
2022-08-25 09:39:00,945,940,945,940,61700
2022-08-25 09:40:00,945,940,945,940,62900
2022-08-25 09:41:00,940,940,945,940,19300
2022-08-25 09:42:00,940,940,940,940,37800
2022-08-25 09:43:00,940,940,940,940,106700
2022-08-25 09:44:00,935,935,940,935,20700
2022-08-25 09:45:00,935,935,940,940,48500
2022-08-25 09:46:00,935,935,940,940,32100
2022-08-25 09:47:00,940,935,940,935,363500
2022-08-25 09:48:00,935,935,940,935,412200
2022-08-25 09:49:00,935,925,935,925,1692800
2022-08-25 09:50:00,930,920,935,930,1148200
2022-08-25 09:51:00,925,925,935,935,107900
2022-08-25 09:52:00,930,920,930,930,965100
2022-08-25 09:53:00,935,925,935,930,250200
2022-08-25 09:54:00,930,925,930,930,96200
2022-08-25 09:55:00,930,930,935,930,32100
2022-08-25 09:56:00,935,930,935,930,7800
2022-08-25 09:57:00,935,935,935,935,0
2022-08-25 09:58:00,935,925,935,925,228500
2022-08-25 09:59:00,925,925,930,925,53400
2022-08-25 10:00:00,925,925,930,930,24400
2022-08-25 10:01:00,930,925,930,930,94900
2022-08-25 10:02:00,930,930,930,930,80400
2022-08-25 10:03:00,930,930,930,930,103300
2022-08-25 10:04:00,935,930,935,935,205000
2022-08-25 10:05:00,935,935,935,935,72500
2022-08-25 10:06:00,935,935,935,935,17700
2022-08-25 10:07:00,935,930,935,930,15300
2022-08-25 10:08:00,935,930,935,930,0
2022-08-25 10:09:00,935,930,935,930,32100
2022-08-25 10:10:00,930,930,935,935,40100
2022-08-25 10:11:00,935,935,940,935,527100
2022-08-25 10:12:00,930,930,935,935,65300
2022-08-25 10:13:00,930,930,935,935,12200
2022-08-25 10:14:00,935,930,935,935,58100
2022-08-25 10:15:00,935,935,935,935,41700
2022-08-25 10:16:00,935,930,935,930,61300
2022-08-25 10:17:00,930,930,930,930,0
2022-08-25 10:18:00,930,930,935,930,8900
2022-08-25 10:19:00,930,930,935,935,4500
2022-08-25 10:20:00,935,935,935,935,117700
2022-08-25 10:21:00,935,930,935,930,142500
2022-08-25 10:22:00,930,930,935,935,8900
2022-08-25 10:23:00,935,935,935,935,0
2022-08-25 10:24:00,935,935,935,935,48400
2022-08-25 10:25:00,930,930,935,935,26400
2022-08-25 10:26:00,935,930,935,935,3000
2022-08-25 10:27:00,935,930,935,935,3600
2022-08-25 10:28:00,935,935,935,935,87500
2022-08-25 10:29:00,935,935,935,935,156600
2022-08-25 10:30:00,935,935,940,940,265000
2022-08-25 10:31:00,940,935,940,935,0
2022-08-25 10:32:00,935,935,940,940,6500
2022-08-25 10:33:00,940,940,940,940,800
2022-08-25 10:34:00,940,940,940,940,2900
2022-08-25 10:35:00,940,940,940,940,211100
2022-08-25 10:36:00,945,945,945,945,0
2022-08-25 10:37:00,940,940,945,945,15800
2022-08-25 10:38:00,945,945,945,945,8600
2022-08-25 10:39:00,945,940,945,940,301800
2022-08-25 10:40:00,940,935,940,940,9700
2022-08-25 10:41:00,940,935,940,940,0
2022-08-25 10:42:00,940,935,940,940,0
2022-08-25 10:43:00,940,940,940,940,53200
2022-08-25 10:44:00,935,935,935,935,0
2022-08-25 10:45:00,935,935,940,940,81200
2022-08-25 10:46:00,940,940,940,940,21900
2022-08-25 10:47:00,940,940,940,940,0
2022-08-25 10:48:00,940,940,940,940,101200
2022-08-25 10:49:00,940,940,940,940,33200
2022-08-25 10:50:00,935,935,940,940,0
2022-08-25 10:51:00,940,940,940,940,7800
2022-08-25 10:52:00,940,940,940,940,9300
2022-08-25 10:53:00,940,940,940,940,45000
2022-08-25 10:54:00,935,935,940,940,0
2022-08-25 10:55:00,940,940,940,940,6500
2022-08-25 10:56:00,940,940,940,940,0
2022-08-25 10:57:00,940,935,940,935,11600
2022-08-25 10:58:00,940,935,940,935,23800
2022-08-25 10:59:00,935,935,935,935,0
2022-08-25 11:00:00,935,935,935,935,61700
2022-08-25 11:01:00,935,935,935,935,200
2022-08-25 11:02:00,940,940,940,940,2600
2022-08-25 11:03:00,940,940,940,940,700
2022-08-25 11:04:00,940,940,940,940,100
2022-08-25 11:05:00,940,940,940,940,79100
2022-08-25 11:06:00,940,935,940,935,99100
2022-08-25 11:07:00,940,940,940,940,0
2022-08-25 11:08:00,940,940,940,940,1000
2022-08-25 11:09:00,935,935,940,940,35400
2022-08-25 11:10:00,940,935,940,935,93500
2022-08-25 11:11:00,935,930,935,930,31400
2022-08-25 11:12:00,930,930,935,930,48100
2022-08-25 11:13:00,930,930,940,935,146300
2022-08-25 11:14:00,940,930,940,930,5200
2022-08-25 11:15:00,935,935,935,935,27500
2022-08-25 11:16:00,935,935,935,935,98600
2022-08-25 11:17:00,935,935,940,940,24800
2022-08-25 11:18:00,940,940,940,940,4300
2022-08-25 11:19:00,940,940,940,940,12800
2022-08-25 11:20:00,940,935,940,935,10700
2022-08-25 11:21:00,935,935,935,935,200
2022-08-25 11:22:00,935,930,935,935,88900
2022-08-25 11:23:00,930,930,935,935,9300
2022-08-25 11:24:00,935,935,935,935,37800
2022-08-25 11:25:00,935,935,935,935,44700
2022-08-25 11:26:00,935,935,940,940,21500
2022-08-25 11:27:00,940,940,940,940,9900
2022-08-25 11:28:00,940,940,940,940,133100
2022-08-25 11:29:00,945,945,945,945,0
2022-08-25 11:30:00,945,945,945,945,0
2022-08-25 11:31:00,945,945,945,945,0
2022-08-25 11:32:00,945,945,945,945,0
2022-08-25 11:33:00,945,945,945,945,0
2022-08-25 11:34:00,945,945,945,945,0
2022-08-25 11:35:00,945,945,945,945,0
2022-08-25 11:36:00,945,945,945,945,0
2022-08-25 11:37:00,945,945,945,945,0
2022-08-25 11:38:00,945,945,945,945,0
2022-08-25 11:39:00,945,945,945,945,0
2022-08-25 11:40:00,945,945,945,945,0
2022-08-25 11:41:00,945,945,945,945,0
2022-08-25 11:42:00,945,945,945,945,0
2022-08-25 11:43:00,945,945,945,945,0
2022-08-25 11:44:00,945,945,945,945,0
2022-08-25 11:45:00,945,945,945,945,0
2022-08-25 11:46:00,945,945,945,945,0
2022-08-25 11:47:00,945,945,945,945,0
2022-08-25 11:48:00,945,945,945,945,0
2022-08-25 11:49:00,945,945,945,945,0
2022-08-25 11:50:00,945,945,945,945,0
2022-08-25 11:51:00,945,945,945,945,0
2022-08-25 11:52:00,945,945,945,945,0
2022-08-25 11:53:00,945,945,945,945,0
2022-08-25 11:54:00,945,945,945,945,0
2022-08-25 11:55:00,945,945,945,945,0
2022-08-25 11:56:00,945,945,945,945,0
2022-08-25 11:57:00,945,945,945,945,0
2022-08-25 11:58:00,945,945,945,945,0
2022-08-25 11:59:00,945,945,945,945,0
2022-08-25 12:00:00,945,945,945,945,0
2022-08-25 12:01:00,945,945,945,945,0
2022-08-25 12:02:00,945,945,945,945,0
2022-08-25 12:03:00,945,945,945,945,0
2022-08-25 12:04:00,945,945,945,945,0
2022-08-25 12:05:00,945,945,945,945,0
2022-08-25 12:06:00,945,945,945,945,0
2022-08-25 12:07:00,945,945,945,945,0
2022-08-25 12:08:00,945,945,945,945,0
2022-08-25 12:09:00,945,945,945,945,0
2022-08-25 12:10:00,945,945,945,945,0
2022-08-25 12:11:00,945,945,945,945,0
2022-08-25 12:12:00,945,945,945,945,0
2022-08-25 12:13:00,945,945,945,945,0
2022-08-25 12:14:00,945,945,945,945,0
2022-08-25 12:15:00,945,945,945,945,0
2022-08-25 12:16:00,945,945,945,945,0
2022-08-25 12:17:00,945,945,945,945,0
2022-08-25 12:18:00,945,945,945,945,0
2022-08-25 12:19:00,945,945,945,945,0
2022-08-25 12:20:00,945,945,945,945,0
2022-08-25 12:21:00,945,945,945,945,0
2022-08-25 12:22:00,945,945,945,945,0
2022-08-25 12:23:00,945,945,945,945,0
2022-08-25 12:24:00,945,945,945,945,0
2022-08-25 12:25:00,945,945,945,945,0
2022-08-25 12:26:00,945,945,945,945,0
2022-08-25 12:27:00,945,945,945,945,0
2022-08-25 12:28:00,945,945,945,945,0
2022-08-25 12:29:00,945,945,945,945,0
2022-08-25 12:30:00,945,945,945,945,0
2022-08-25 12:31:00,945,945,945,945,0
2022-08-25 12:32:00,945,945,945,945,0
2022-08-25 12:33:00,945,945,945,945,0
2022-08-25 12:34:00,945,945,945,945,0
2022-08-25 12:35:00,945,945,945,945,0
2022-08-25 12:36:00,945,945,945,945,0
2022-08-25 12:37:00,945,945,945,945,0
2022-08-25 12:38:00,945,945,945,945,0
2022-08-25 12:39:00,945,945,945,945,0
2022-08-25 12:40:00,945,945,945,945,0
2022-08-25 12:41:00,945,945,945,945,0
2022-08-25 12:42:00,945,945,945,945,0
2022-08-25 12:43:00,945,945,945,945,0
2022-08-25 12:44:00,945,945,945,945,0
2022-08-25 12:45:00,945,945,945,945,0
2022-08-25 12:46:00,945,945,945,945,0
2022-08-25 12:47:00,945,945,945,945,0
2022-08-25 12:48:00,945,945,945,945,0
2022-08-25 12:49:00,945,945,945,945,0
2022-08-25 12:50:00,945,945,945,945,0
2022-08-25 12:51:00,945,945,945,945,0
2022-08-25 12:52:00,945,945,945,945,0
2022-08-25 12:53:00,945,945,945,945,0
2022-08-25 12:54:00,945,945,945,945,0
2022-08-25 12:55:00,945,945,945,945,0
2022-08-25 12:56:00,945,945,945,945,0
2022-08-25 12:57:00,945,945,945,945,0
2022-08-25 12:58:00,945,945,945,945,0
2022-08-25 12:59:00,945,945,945,945,0
2022-08-25 13:00:00,945,945,945,945,0
2022-08-25 13:01:00,945,945,945,945,0
2022-08-25 13:02:00,945,945,945,945,0
2022-08-25 13:03:00,945,945,945,945,0
2022-08-25 13:04:00,945,945,945,945,0
2022-08-25 13:05:00,945,945,945,945,0
2022-08-25 13:06:00,945,945,945,945,0
2022-08-25 13:07:00,945,945,945,945,0
2022-08-25 13:08:00,945,945,945,945,0
2022-08-25 13:09:00,945,945,945,945,0
2022-08-25 13:10:00,945,945,945,945,0
2022-08-25 13:11:00,945,945,945,945,0
2022-08-25 13:12:00,945,945,945,945,0
2022-08-25 13:13:00,945,945,945,945,0
2022-08-25 13:14:00,945,945,945,945,0
2022-08-25 13:15:00,945,945,945,945,0
2022-08-25 13:16:00,945,945,945,945,0
2022-08-25 13:17:00,945,945,945,945,0
2022-08-25 13:18:00,945,945,945,945,0
2022-08-25 13:19:00,945,945,945,945,0
2022-08-25 13:20:00,945,945,945,945,0
2022-08-25 13:21:00,945,945,945,945,0
2022-08-25 13:22:00,945,945,945,945,0
2022-08-25 13:23:00,945,945,945,945,0
2022-08-25 13:24:00,945,945,945,945,0
2022-08-25 13:25:00,945,945,945,945,0
2022-08-25 13:26:00,945,945,945,945,0
2022-08-25 13:27:00,945,945,945,945,0
2022-08-25 13:28:00,945,945,945,945,0
2022-08-25 13:29:00,945,945,945,945,0
2022-08-25 13:30:00,940,940,945,945,19387000
2022-08-25 13:31:00,940,940,940,940,6400
2022-08-25 13:32:00,940,940,940,940,0
2022-08-25 13:33:00,940,925,940,925,3230700
2022-08-25 13:34:00,925,925,930,925,81400
2022-08-25 13:35:00,925,925,930,925,12500
2022-08-25 13:36:00,930,930,935,930,337400
2022-08-25 13:37:00,935,935,935,935,900
2022-08-25 13:38:00,935,930,935,930,69300
2022-08-25 13:39:00,930,930,935,935,209200
2022-08-25 13:40:00,935,930,935,930,20800
2022-08-25 13:41:00,935,930,935,930,2000
2022-08-25 13:42:00,935,935,935,935,152000
2022-08-25 13:43:00,940,935,940,940,229500
2022-08-25 13:44:00,940,935,940,935,27100
2022-08-25 13:45:00,935,935,935,935,0
2022-08-25 13:46:00,935,935,935,935,32900
2022-08-25 13:47:00,935,930,935,930,700
2022-08-25 13:48:00,935,930,935,930,142900
2022-08-25 13:49:00,930,930,935,935,93800
2022-08-25 13:50:00,935,935,935,935,7200
2022-08-25 13:51:00,935,935,935,935,0
2022-08-25 13:52:00,930,930,935,935,100100
2022-08-25 13:53:00,930,930,935,935,0
2022-08-25 13:54:00,935,935,935,935,30900
2022-08-25 13:55:00,935,935,935,935,19400
2022-08-25 13:56:00,935,935,950,950,1840100
2022-08-25 13:57:00,950,950,960,960,1525000
2022-08-25 13:58:00,960,955,965,960,922200
2022-08-25 13:59:00,960,955,965,960,1281000
2022-08-25 14:00:00,955,950,960,950,594800
2022-08-25 14:01:00,950,950,955,955,314700
2022-08-25 14:02:00,955,950,960,960,238500
2022-08-25 14:03:00,960,955,960,955,42000
2022-08-25 14:04:00,955,955,960,960,67200
2022-08-25 14:05:00,955,950,955,950,143200
2022-08-25 14:06:00,950,950,955,950,53400
2022-08-25 14:07:00,950,950,955,950,13700
2022-08-25 14:08:00,955,950,955,955,204500
2022-08-25 14:09:00,955,955,960,960,415000
2022-08-25 14:10:00,960,960,965,960,449600
2022-08-25 14:11:00,960,960,965,960,232100
2022-08-25 14:12:00,960,955,960,955,106600
2022-08-25 14:13:00,955,955,960,960,324800
2022-08-25 14:14:00,960,960,960,960,366500
2022-08-25 14:15:00,955,955,960,960,300
2022-08-25 14:16:00,955,955,955,955,6900
2022-08-25 14:17:00,955,950,955,950,231500
2022-08-25 14:18:00,950,950,950,950,5500
2022-08-25 14:19:00,950,950,950,950,129500
2022-08-25 14:20:00,950,950,950,950,0
2022-08-25 14:21:00,955,950,955,950,11100
2022-08-25 14:22:00,945,945,945,945,1157200
2022-08-25 14:23:00,945,945,945,945,0
2022-08-25 14:24:00,945,945,945,945,147800
2022-08-25 14:25:00,945,940,945,940,231500
2022-08-25 14:26:00,940,940,945,945,0
2022-08-25 14:27:00,945,945,945,945,68500
2022-08-25 14:28:00,945,945,945,945,6200
2022-08-25 14:29:00,945,940,945,940,6800
2022-08-25 14:30:00,940,940,945,940,34700
2022-08-25 14:31:00,945,945,945,945,267500
2022-08-25 14:32:00,945,945,945,945,5600
2022-08-25 14:33:00,945,945,950,945,97900
2022-08-25 14:34:00,950,945,950,945,121800
2022-08-25 14:35:00,950,950,955,950,147700
2022-08-25 14:36:00,950,950,950,950,63700
2022-08-25 14:37:00,950,950,950,950,13000
2022-08-25 14:38:00,950,945,950,950,18000
2022-08-25 14:39:00,950,945,950,950,0
2022-08-25 14:40:00,945,945,950,945,79700
2022-08-25 14:41:00,945,945,945,945,8600
2022-08-25 14:42:00,945,945,950,950,192300
2022-08-25 14:43:00,950,950,955,950,114700
2022-08-25 14:44:00,950,945,950,945,65800
2022-08-25 14:45:00,945,945,945,945,52500
2022-08-25 14:46:00,945,940,945,940,518700
2022-08-25 14:47:00,940,935,940,940,424100
2022-08-25 14:48:00,940,935,945,935,387300
2022-08-25 14:49:00,940,935,940,935,472100
2022-08-25 14:50:00,940,935,940,935,0
2022-08-25 14:51:00,940,935,940,935,0
2022-08-25 14:52:00,940,935,940,935,0
2022-08-25 14:53:00,940,935,940,935,0
2022-08-25 14:54:00,940,935,940,935,0
2022-08-25 14:55:00,940,935,940,935,0
2022-08-25 14:56:00,940,935,940,935,0
2022-08-25 14:57:00,940,935,940,935,0
2022-08-25 14:58:00,940,935,940,935,0
2022-08-25 14:59:00,940,935,940,935,0
2022-08-25 15:00:00,925,925,925,925,2892900
2022-08-25 15:01:00,925,925,925,925,23800
2022-08-25 15:02:00,925,925,925,925,62700
2022-08-25 15:03:00,925,925,925,925,21100
2022-08-25 15:04:00,925,925,925,925,36900
2022-08-25 15:05:00,925,925,925,925,51600
2022-08-25 15:06:00,925,925,925,925,108000
2022-08-25 15:07:00,925,925,925,925,55900
2022-08-25 15:08:00,925,925,925,925,6000
2022-08-25 15:09:00,925,925,925,925,9100
2022-08-25 15:10:00,925,925,925,925,106600
2022-08-25 15:11:00,925,925,925,925,0
2022-08-25 15:12:00,925,925,925,925,69100
2022-08-25 15:13:00,925,925,925,925,3000
2022-08-25 15:14:00,925,925,925,925,41830100
2022-08-25 15:15:00,925,925,925,925,0
2022-08-25 15:16:00,925,925,925,925,0
2022-08-25 15:17:00,925,925,925,925,0
2022-08-25 15:18:00,925,925,925,925,0
2022-08-25 15:19:00,925,925,925,925,0
2022-08-25 15:20:00,925,925,925,925,0
2022-08-25 15:21:00,925,925,925,925,0
2022-08-25 15:22:00,925,925,925,925,0
2022-08-25 15:23:00,925,925,925,925,0
2022-08-25 15:24:00,925,925,925,925,0
2022-08-25 15:25:00,925,925,925,925,0
2022-08-25 15:26:00,925,925,925,925,0
2022-08-25 15:27:00,925,925,925,925,0
2022-08-25 15:28:00,925,925,925,925,0
2022-08-25 15:29:00,925,925,925,925,0
2022-08-25 15:30:00,925,925,925,925,0
2022-08-25 15:31:00,925,925,925,925,0
2022-08-25 15:32:00,925,925,925,925,0
2022-08-25 15:33:00,925,925,925,925,0
2022-08-25 15:34:00,925,925,925,925,0
2022-08-25 15:35:00,925,925,925,925,0
2022-08-25 15:36:00,925,925,925,925,0
2022-08-25 15:37:00,925,925,925,925,0
2022-08-25 15:38:00,925,925,925,925,0
2022-08-25 15:39:00,925,925,925,925,0
2022-08-25 15:40:00,925,925,925,925,0
2022-08-25 15:41:00,925,925,925,925,0
2022-08-25 15:42:00,925,925,925,925,0
2022-08-25 15:43:00,925,925,925,925,0
2022-08-25 15:44:00,925,925,925,925,0
2022-08-25 15:45:00,925,925,925,925,0
2022-08-25 15:46:00,925,925,925,925,0
2022-08-25 15:47:00,925,925,925,925,0
2022-08-25 15:48:00,925,925,925,925,0
2022-08-25 15:49:00,925,925,925,925,0
2022-08-25 15:50:00,925,925,925,925,0
2022-08-25 15:51:00,925,925,925,925,0
2022-08-25 15:52:00,925,925,925,925,0
2022-08-25 15:53:00,925,925,925,925,0
2022-08-25 15:54:00,925,925,925,925,0
2022-08-25 15:55:00,925,925,925,925,0
2022-08-25 15:56:00,925,925,925,925,0
2022-08-25 15:57:00,925,925,925,925,0
2022-08-25 15:58:00,925,925,925,925,0
2022-08-25 15:59:00,925,925,925,925,0
2022-08-26 09:00:00,925,920,925,920,0
2022-08-26 09:01:00,920,900,920,905,678700
2022-08-26 09:02:00,910,900,915,910,583300
2022-08-26 09:03:00,910,905,915,910,325100
2022-08-26 09:04:00,915,910,920,920,145900
2022-08-26 09:05:00,920,920,920,920,6300
2022-08-26 09:06:00,915,915,925,920,577700
2022-08-26 09:07:00,920,920,920,920,72800
2022-08-26 09:08:00,920,920,925,925,14000
2022-08-26 09:09:00,925,925,925,925,3700
2022-08-26 09:10:00,925,920,925,920,135600
2022-08-26 09:11:00,920,915,920,920,97400
2022-08-26 09:12:00,920,915,920,915,2567700
2022-08-26 09:13:00,915,915,920,915,2646800
2022-08-26 09:14:00,920,915,920,915,4100
2022-08-26 09:15:00,915,910,915,910,82200
2022-08-26 09:16:00,910,910,910,910,12700
2022-08-26 09:17:00,910,910,915,915,95000
2022-08-26 09:18:00,915,915,915,915,23600
2022-08-26 09:19:00,910,910,915,915,55200
2022-08-26 09:20:00,915,915,920,915,16200
2022-08-26 09:21:00,920,915,920,915,54000
2022-08-26 09:22:00,915,910,915,910,484200
2022-08-26 09:23:00,910,910,915,915,0
2022-08-26 09:24:00,915,910,915,915,43100
2022-08-26 09:25:00,915,910,915,915,231600
2022-08-26 09:26:00,915,915,920,915,9700
2022-08-26 09:27:00,915,915,915,915,194800
2022-08-26 09:28:00,915,915,920,920,61200
2022-08-26 09:29:00,920,920,920,920,146700
2022-08-26 09:30:00,920,915,920,915,10700
2022-08-26 09:31:00,915,915,920,920,128900
2022-08-26 09:32:00,915,915,920,915,212700
2022-08-26 09:33:00,915,915,920,915,202900
2022-08-26 09:34:00,915,915,915,915,125800
2022-08-26 09:35:00,920,915,920,920,24500
2022-08-26 09:36:00,920,920,920,920,111500
2022-08-26 09:37:00,920,920,925,925,11800
2022-08-26 09:38:00,920,920,925,920,4700
2022-08-26 09:39:00,925,920,925,920,45400
2022-08-26 09:40:00,920,920,925,920,40800
2022-08-26 09:41:00,920,920,920,920,0
2022-08-26 09:42:00,920,920,920,920,24000
2022-08-26 09:43:00,920,920,920,920,0
2022-08-26 09:44:00,920,920,925,925,1100
2022-08-26 09:45:00,920,920,925,925,0
2022-08-26 09:46:00,920,920,925,925,216500
2022-08-26 09:47:00,925,925,925,925,2700
2022-08-26 09:48:00,925,925,925,925,372900
2022-08-26 09:49:00,925,925,925,925,28400
2022-08-26 09:50:00,925,925,930,925,62900
2022-08-26 09:51:00,930,925,930,925,567500
2022-08-26 09:52:00,930,925,930,930,40300
2022-08-26 09:53:00,925,920,925,920,388700
2022-08-26 09:54:00,920,920,925,920,217900
2022-08-26 09:55:00,920,920,925,925,0
2022-08-26 09:56:00,920,920,920,920,221400
2022-08-26 09:57:00,920,920,925,920,1101100
2022-08-26 09:58:00,920,915,920,920,0
2022-08-26 09:59:00,920,920,925,920,27100
2022-08-26 10:00:00,920,920,920,920,900
2022-08-26 10:01:00,920,920,920,920,3000
2022-08-26 10:02:00,925,925,925,925,386100
2022-08-26 10:03:00,925,925,925,925,13800
2022-08-26 10:04:00,925,925,925,925,244500
2022-08-26 10:05:00,925,925,930,925,56400
2022-08-26 10:06:00,925,925,925,925,5200
2022-08-26 10:07:00,925,925,935,935,1215400
2022-08-26 10:08:00,930,930,930,930,278900
2022-08-26 10:09:00,930,925,930,930,265000
2022-08-26 10:10:00,925,925,930,930,3900
2022-08-26 10:11:00,930,925,930,930,186800
2022-08-26 10:12:00,930,930,930,930,0
2022-08-26 10:13:00,930,925,935,935,604500
2022-08-26 10:14:00,935,935,935,935,1333800
2022-08-26 10:15:00,930,930,935,935,263500
2022-08-26 10:16:00,935,930,940,935,1449800
2022-08-26 10:17:00,935,935,940,940,53100
2022-08-26 10:18:00,935,935,940,935,326000
2022-08-26 10:19:00,935,930,935,930,19500
2022-08-26 10:20:00,930,915,930,920,1053200
2022-08-26 10:21:00,920,920,925,925,33500
2022-08-26 10:22:00,925,925,930,930,512600
2022-08-26 10:23:00,930,930,930,930,248400
2022-08-26 10:24:00,930,930,930,930,30500
2022-08-26 10:25:00,930,930,930,930,174900
2022-08-26 10:26:00,930,925,930,925,8200
2022-08-26 10:27:00,925,925,925,925,156300
2022-08-26 10:28:00,925,925,925,925,0
2022-08-26 10:29:00,925,925,925,925,0
2022-08-26 10:30:00,920,920,920,920,53000
2022-08-26 10:31:00,920,920,925,925,3000
2022-08-26 10:32:00,925,925,925,925,500
2022-08-26 10:33:00,920,920,925,920,17100
2022-08-26 10:34:00,920,920,925,920,0
2022-08-26 10:35:00,920,920,920,920,207400
2022-08-26 10:36:00,920,915,930,920,1797400
2022-08-26 10:37:00,925,920,925,920,180100
2022-08-26 10:38:00,925,920,925,920,48600
2022-08-26 10:39:00,920,920,925,925,500
2022-08-26 10:40:00,920,920,925,925,0
2022-08-26 10:41:00,925,925,930,925,220600
2022-08-26 10:42:00,925,925,925,925,90200
2022-08-26 10:43:00,925,925,925,925,5300
2022-08-26 10:44:00,925,920,925,920,272400
2022-08-26 10:45:00,920,920,920,920,0
2022-08-26 10:46:00,920,920,925,925,39800
2022-08-26 10:47:00,920,920,925,925,0
2022-08-26 10:48:00,925,925,925,925,0
2022-08-26 10:49:00,925,925,925,925,0
2022-08-26 10:50:00,925,920,925,920,23300
2022-08-26 10:51:00,920,920,920,920,0
2022-08-26 10:52:00,920,920,925,920,3400
2022-08-26 10:53:00,925,920,925,920,192200
2022-08-26 10:54:00,920,920,920,920,0
2022-08-26 10:55:00,920,920,920,920,6500
2022-08-26 10:56:00,920,920,920,920,0
2022-08-26 10:57:00,915,915,920,920,11700
2022-08-26 10:58:00,920,915,920,915,15500
2022-08-26 10:59:00,920,915,920,915,800
2022-08-26 11:00:00,915,915,915,915,55300
2022-08-26 11:01:00,915,915,915,915,0
2022-08-26 11:02:00,915,915,920,920,16300
2022-08-26 11:03:00,915,915,920,920,0
2022-08-26 11:04:00,920,915,920,915,1800
2022-08-26 11:05:00,915,915,915,915,6300
2022-08-26 11:06:00,915,915,915,915,1600
2022-08-26 11:07:00,915,915,915,915,0
2022-08-26 11:08:00,915,915,915,915,0
2022-08-26 11:09:00,915,915,920,920,5800
2022-08-26 11:10:00,920,920,920,920,10200
2022-08-26 11:11:00,920,920,920,920,20000
2022-08-26 11:12:00,920,915,920,920,0
2022-08-26 11:13:00,920,915,920,915,18300
2022-08-26 11:14:00,915,915,915,915,10000
2022-08-26 11:15:00,915,915,915,915,45000
2022-08-26 11:16:00,915,915,920,915,385500
2022-08-26 11:17:00,915,910,915,915,12300
2022-08-26 11:18:00,915,910,915,915,5500
2022-08-26 11:19:00,915,910,915,910,45800
2022-08-26 11:20:00,915,915,915,915,36000
2022-08-26 11:21:00,915,915,915,915,77800
2022-08-26 11:22:00,915,915,915,915,28500
2022-08-26 11:23:00,915,915,915,915,7100
2022-08-26 11:24:00,915,915,915,915,200
2022-08-26 11:25:00,915,915,915,915,109000
2022-08-26 11:26:00,920,915,920,915,260500
2022-08-26 11:27:00,920,915,920,915,119700
2022-08-26 11:28:00,915,915,920,920,43800
2022-08-26 11:29:00,920,915,920,915,2900
2022-08-26 11:30:00,920,915,920,915,0
2022-08-26 11:31:00,920,915,920,915,0
2022-08-26 11:32:00,920,915,920,915,0
2022-08-26 11:33:00,920,915,920,915,0
2022-08-26 11:34:00,920,915,920,915,0
2022-08-26 11:35:00,920,915,920,915,0
2022-08-26 11:36:00,920,915,920,915,0
2022-08-26 11:37:00,920,915,920,915,0
2022-08-26 11:38:00,920,915,920,915,0
2022-08-26 11:39:00,920,915,920,915,0
2022-08-26 11:40:00,920,915,920,915,0
2022-08-26 11:41:00,920,915,920,915,0
2022-08-26 11:42:00,920,915,920,915,0
2022-08-26 11:43:00,920,915,920,915,0
2022-08-26 11:44:00,920,915,920,915,0
2022-08-26 11:45:00,920,915,920,915,0
2022-08-26 11:46:00,920,915,920,915,0
2022-08-26 11:47:00,920,915,920,915,0
2022-08-26 11:48:00,920,915,920,915,0
2022-08-26 11:49:00,920,915,920,915,0
2022-08-26 11:50:00,920,915,920,915,0
2022-08-26 11:51:00,920,915,920,915,0
2022-08-26 11:52:00,920,915,920,915,0
2022-08-26 11:53:00,920,915,920,915,0
2022-08-26 11:54:00,920,915,920,915,0
2022-08-26 11:55:00,920,915,920,915,0
2022-08-26 11:56:00,920,915,920,915,0
2022-08-26 11:57:00,920,915,920,915,0
2022-08-26 11:58:00,920,915,920,915,0
2022-08-26 11:59:00,920,915,920,915,0
2022-08-26 12:00:00,920,915,920,915,0
2022-08-26 12:01:00,920,915,920,915,0
2022-08-26 12:02:00,920,915,920,915,0
2022-08-26 12:03:00,920,915,920,915,0
2022-08-26 12:04:00,920,915,920,915,0
2022-08-26 12:05:00,920,915,920,915,0
2022-08-26 12:06:00,920,915,920,915,0
2022-08-26 12:07:00,920,915,920,915,0
2022-08-26 12:08:00,920,915,920,915,0
2022-08-26 12:09:00,920,915,920,915,0
2022-08-26 12:10:00,920,915,920,915,0
2022-08-26 12:11:00,920,915,920,915,0
2022-08-26 12:12:00,920,915,920,915,0
2022-08-26 12:13:00,920,915,920,915,0
2022-08-26 12:14:00,920,915,920,915,0
2022-08-26 12:15:00,920,915,920,915,0
2022-08-26 12:16:00,920,915,920,915,0
2022-08-26 12:17:00,920,915,920,915,0
2022-08-26 12:18:00,920,915,920,915,0
2022-08-26 12:19:00,920,915,920,915,0
2022-08-26 12:20:00,920,915,920,915,0
2022-08-26 12:21:00,920,915,920,915,0
2022-08-26 12:22:00,920,915,920,915,0
2022-08-26 12:23:00,920,915,920,915,0
2022-08-26 12:24:00,920,915,920,915,0
2022-08-26 12:25:00,920,915,920,915,0
2022-08-26 12:26:00,920,915,920,915,0
2022-08-26 12:27:00,920,915,920,915,0
2022-08-26 12:28:00,920,915,920,915,0
2022-08-26 12:29:00,920,915,920,915,0
2022-08-26 12:30:00,920,915,920,915,0
2022-08-26 12:31:00,920,915,920,915,0
2022-08-26 12:32:00,920,915,920,915,0
2022-08-26 12:33:00,920,915,920,915,0
2022-08-26 12:34:00,920,915,920,915,0
2022-08-26 12:35:00,920,915,920,915,0
2022-08-26 12:36:00,920,915,920,915,0
2022-08-26 12:37:00,920,915,920,915,0
2022-08-26 12:38:00,920,915,920,915,0
2022-08-26 12:39:00,920,915,920,915,0
2022-08-26 12:40:00,920,915,920,915,0
2022-08-26 12:41:00,920,915,920,915,0
2022-08-26 12:42:00,920,915,920,915,0
2022-08-26 12:43:00,920,915,920,915,0
2022-08-26 12:44:00,920,915,920,915,0
2022-08-26 12:45:00,920,915,920,915,0
2022-08-26 12:46:00,920,915,920,915,0
2022-08-26 12:47:00,920,915,920,915,0
2022-08-26 12:48:00,920,915,920,915,0
2022-08-26 12:49:00,920,915,920,915,0
2022-08-26 12:50:00,920,915,920,915,0
2022-08-26 12:51:00,920,915,920,915,0
2022-08-26 12:52:00,920,915,920,915,0
2022-08-26 12:53:00,920,915,920,915,0
2022-08-26 12:54:00,920,915,920,915,0
2022-08-26 12:55:00,920,915,920,915,0
2022-08-26 12:56:00,920,915,920,915,0
2022-08-26 12:57:00,920,915,920,915,0
2022-08-26 12:58:00,920,915,920,915,0
2022-08-26 12:59:00,920,915,920,915,0
2022-08-26 13:00:00,920,915,920,915,0
2022-08-26 13:01:00,920,915,920,915,0
2022-08-26 13:02:00,920,915,920,915,0
2022-08-26 13:03:00,920,915,920,915,0
2022-08-26 13:04:00,920,915,920,915,0
2022-08-26 13:05:00,920,915,920,915,0
2022-08-26 13:06:00,920,915,920,915,0
2022-08-26 13:07:00,920,915,920,915,0
2022-08-26 13:08:00,920,915,920,915,0
2022-08-26 13:09:00,920,915,920,915,0
2022-08-26 13:10:00,920,915,920,915,0
2022-08-26 13:11:00,920,915,920,915,0
2022-08-26 13:12:00,920,915,920,915,0
2022-08-26 13:13:00,920,915,920,915,0
2022-08-26 13:14:00,920,915,920,915,0
2022-08-26 13:15:00,920,915,920,915,0
2022-08-26 13:16:00,920,915,920,915,0
2022-08-26 13:17:00,920,915,920,915,0
2022-08-26 13:18:00,920,915,920,915,0
2022-08-26 13:19:00,920,915,920,915,0
2022-08-26 13:20:00,920,915,920,915,0
2022-08-26 13:21:00,920,915,920,915,0
2022-08-26 13:22:00,920,915,920,915,0
2022-08-26 13:23:00,920,915,920,915,0
2022-08-26 13:24:00,920,915,920,915,0
2022-08-26 13:25:00,920,915,920,915,0
2022-08-26 13:26:00,920,915,920,915,0
2022-08-26 13:27:00,920,915,920,915,0
2022-08-26 13:28:00,920,915,920,915,0
2022-08-26 13:29:00,920,915,920,915,0
2022-08-26 13:30:00,920,915,920,920,126600
2022-08-26 13:31:00,920,920,920,920,34200
2022-08-26 13:32:00,925,925,930,930,471700
2022-08-26 13:33:00,930,920,930,920,608300
2022-08-26 13:34:00,920,920,930,925,28400
2022-08-26 13:35:00,925,925,930,930,212600
2022-08-26 13:36:00,930,930,930,930,100
2022-08-26 13:37:00,930,925,930,925,1700
2022-08-26 13:38:00,930,930,930,930,667900
2022-08-26 13:39:00,930,930,930,930,227200
2022-08-26 13:40:00,925,925,925,925,31600
2022-08-26 13:41:00,925,925,930,925,0
2022-08-26 13:42:00,925,925,930,930,74500
2022-08-26 13:43:00,930,925,930,925,628800
2022-08-26 13:44:00,925,925,925,925,278800
2022-08-26 13:45:00,920,920,920,920,0
2022-08-26 13:46:00,920,920,920,920,77500
2022-08-26 13:47:00,920,920,920,920,0
2022-08-26 13:48:00,925,920,925,925,2600
2022-08-26 13:49:00,925,920,925,920,1900
2022-08-26 13:50:00,920,920,925,920,106600
2022-08-26 13:51:00,920,920,925,920,0
2022-08-26 13:52:00,925,925,925,925,0
2022-08-26 13:53:00,925,925,925,925,0
2022-08-26 13:54:00,920,920,920,920,92800
2022-08-26 13:55:00,920,920,920,920,0
2022-08-26 13:56:00,920,920,920,920,32400
2022-08-26 13:57:00,920,920,920,920,3100
2022-08-26 13:58:00,925,920,925,925,2037000
2022-08-26 13:59:00,920,920,925,925,322700
2022-08-26 14:00:00,925,920,930,925,2819700
2022-08-26 14:01:00,925,925,925,925,40600
2022-08-26 14:02:00,925,925,925,925,0
2022-08-26 14:03:00,925,925,925,925,65600
2022-08-26 14:04:00,925,925,930,930,306900
2022-08-26 14:05:00,930,930,930,930,0
2022-08-26 14:06:00,925,925,925,925,18000
2022-08-26 14:07:00,930,930,930,930,10700
2022-08-26 14:08:00,930,925,930,930,35100
2022-08-26 14:09:00,930,925,930,930,142400
2022-08-26 14:10:00,930,925,930,925,61800
2022-08-26 14:11:00,925,925,930,930,65100
2022-08-26 14:12:00,930,925,930,930,357600
2022-08-26 14:13:00,930,930,935,935,89300
2022-08-26 14:14:00,935,935,935,935,957200
2022-08-26 14:15:00,935,935,935,935,0
2022-08-26 14:16:00,935,935,940,940,411800
2022-08-26 14:17:00,940,940,945,940,257000
2022-08-26 14:18:00,940,940,945,945,46200
2022-08-26 14:19:00,940,940,945,940,19800
2022-08-26 14:20:00,940,940,950,950,1544100
2022-08-26 14:21:00,945,945,950,950,57300
2022-08-26 14:22:00,945,945,950,945,188200
2022-08-26 14:23:00,945,945,955,955,2382500
2022-08-26 14:24:00,955,950,955,955,964000
2022-08-26 14:25:00,955,950,955,955,806200
2022-08-26 14:26:00,955,950,955,955,104600
2022-08-26 14:27:00,950,945,950,950,1021200
2022-08-26 14:28:00,950,945,950,950,146300
2022-08-26 14:29:00,950,940,950,945,1933100
2022-08-26 14:30:00,945,945,945,945,216600
2022-08-26 14:31:00,950,945,950,950,97100
2022-08-26 14:32:00,950,945,950,945,61300
2022-08-26 14:33:00,945,945,950,945,120800
2022-08-26 14:34:00,950,940,950,945,434300
2022-08-26 14:35:00,945,940,945,940,44900
2022-08-26 14:36:00,940,940,945,945,128600
2022-08-26 14:37:00,945,945,950,950,279400
2022-08-26 14:38:00,945,945,945,945,410200
2022-08-26 14:39:00,945,940,945,945,288900
2022-08-26 14:40:00,945,940,955,950,1372000
2022-08-26 14:41:00,955,950,955,955,1204600
2022-08-26 14:42:00,955,955,960,960,254500
2022-08-26 14:43:00,955,950,960,955,811100
2022-08-26 14:44:00,955,950,960,950,872700
2022-08-26 14:45:00,955,950,955,955,79800
2022-08-26 14:46:00,955,950,955,950,1214100
2022-08-26 14:47:00,950,950,950,950,1055700
2022-08-26 14:48:00,950,945,955,950,103000
2022-08-26 14:49:00,950,945,950,945,285500
2022-08-26 14:50:00,950,950,950,950,0
2022-08-26 14:51:00,950,950,950,950,0
2022-08-26 14:52:00,950,950,950,950,0
2022-08-26 14:53:00,950,950,950,950,0
2022-08-26 14:54:00,950,950,950,950,0
2022-08-26 14:55:00,950,950,950,950,0
2022-08-26 14:56:00,950,950,950,950,0
2022-08-26 14:57:00,950,950,950,950,0
2022-08-26 14:58:00,950,950,950,950,0
2022-08-26 14:59:00,950,950,950,950,0
2022-08-26 15:00:00,945,945,945,945,1633900
2022-08-26 15:01:00,945,945,945,945,84700
2022-08-26 15:02:00,945,945,945,945,160400
2022-08-26 15:03:00,945,945,945,945,12600
2022-08-26 15:04:00,945,945,945,945,15100
2022-08-26 15:05:00,945,945,945,945,4200
2022-08-26 15:06:00,945,945,945,945,39300
2022-08-26 15:07:00,945,945,945,945,4200
2022-08-26 15:08:00,945,945,945,945,10900
2022-08-26 15:09:00,945,945,945,945,267500
2022-08-26 15:10:00,945,945,945,945,0
2022-08-26 15:11:00,945,945,945,945,3600
2022-08-26 15:12:00,945,945,945,945,0
2022-08-26 15:13:00,945,945,945,945,500
2022-08-26 15:14:00,945,945,945,945,59011900
2022-08-26 15:15:00,945,945,945,945,0
2022-08-26 15:16:00,945,945,945,945,0
2022-08-26 15:17:00,945,945,945,945,0
2022-08-26 15:18:00,945,945,945,945,0
2022-08-26 15:19:00,945,945,945,945,0
2022-08-26 15:20:00,945,945,945,945,0
2022-08-26 15:21:00,945,945,945,945,0
2022-08-26 15:22:00,945,945,945,945,0
2022-08-26 15:23:00,945,945,945,945,0
2022-08-26 15:24:00,945,945,945,945,0
2022-08-26 15:25:00,945,945,945,945,0
2022-08-26 15:26:00,945,945,945,945,0
2022-08-26 15:27:00,945,945,945,945,0
2022-08-26 15:28:00,945,945,945,945,0
2022-08-26 15:29:00,945,945,945,945,0
2022-08-26 15:30:00,945,945,945,945,0
2022-08-26 15:31:00,945,945,945,945,0
2022-08-26 15:32:00,945,945,945,945,0
2022-08-26 15:33:00,945,945,945,945,0
2022-08-26 15:34:00,945,945,945,945,0
2022-08-26 15:35:00,945,945,945,945,0
2022-08-26 15:36:00,945,945,945,945,0
2022-08-26 15:37:00,945,945,945,945,0
2022-08-26 15:38:00,945,945,945,945,0
2022-08-26 15:39:00,945,945,945,945,0
2022-08-26 15:40:00,945,945,945,945,0
2022-08-26 15:41:00,945,945,945,945,0
2022-08-26 15:42:00,945,945,945,945,0
2022-08-26 15:43:00,945,945,945,945,0
2022-08-26 15:44:00,945,945,945,945,0
2022-08-26 15:45:00,945,945,945,945,0
2022-08-26 15:46:00,945,945,945,945,0
2022-08-26 15:47:00,945,945,945,945,0
2022-08-26 15:48:00,945,945,945,945,0
2022-08-26 15:49:00,945,945,945,945,0
2022-08-26 15:50:00,945,945,945,945,0
2022-08-26 15:51:00,945,945,945,945,0
2022-08-26 15:52:00,945,945,945,945,0
2022-08-26 15:53:00,945,945,945,945,0
2022-08-26 15:54:00,945,945,945,945,0
2022-08-26 15:55:00,945,945,945,945,0
2022-08-26 15:56:00,945,945,945,945,0
2022-08-26 15:57:00,945,945,945,945,0
2022-08-26 15:58:00,945,945,945,945,0
2022-08-26 15:59:00,945,945,945,945,0
2022-08-29 09:00:00,920,920,945,935,0
2022-08-29 09:01:00,930,920,935,935,1746400
2022-08-29 09:02:00,935,920,935,930,365000
2022-08-29 09:03:00,935,930,940,935,276600
2022-08-29 09:04:00,935,935,940,935,223600
2022-08-29 09:05:00,940,935,940,935,60100
2022-08-29 09:06:00,935,930,935,930,267200
2022-08-29 09:07:00,930,930,935,935,118300
2022-08-29 09:08:00,935,935,945,940,240700
2022-08-29 09:09:00,940,940,945,945,438800
2022-08-29 09:10:00,945,940,945,945,291700
2022-08-29 09:11:00,945,940,945,940,31000
2022-08-29 09:12:00,940,935,945,940,1494300
2022-08-29 09:13:00,940,940,950,950,1424700
2022-08-29 09:14:00,950,950,955,955,158400
2022-08-29 09:15:00,955,950,955,950,596500
2022-08-29 09:16:00,950,945,950,950,517300
2022-08-29 09:17:00,950,945,950,950,101800
2022-08-29 09:18:00,945,945,950,950,353800
2022-08-29 09:19:00,950,945,950,945,313700
2022-08-29 09:20:00,945,935,945,935,212500
2022-08-29 09:21:00,940,940,940,940,297300
2022-08-29 09:22:00,940,940,945,945,1600
2022-08-29 09:23:00,945,940,945,945,8800
2022-08-29 09:24:00,945,940,945,945,0
2022-08-29 09:25:00,945,945,945,945,24200
2022-08-29 09:26:00,945,940,945,945,8600
2022-08-29 09:27:00,945,945,950,950,259100
2022-08-29 09:28:00,950,945,950,945,512400
2022-08-29 09:29:00,945,940,945,940,40900
2022-08-29 09:30:00,940,935,940,935,1084400
2022-08-29 09:31:00,935,935,940,940,157700
2022-08-29 09:32:00,940,930,940,935,1352100
2022-08-29 09:33:00,935,930,935,930,927500
2022-08-29 09:34:00,930,925,935,935,1412300
2022-08-29 09:35:00,930,925,935,925,829300
2022-08-29 09:36:00,935,915,935,935,3598600
2022-08-29 09:37:00,930,915,930,915,2534900
2022-08-29 09:38:00,915,915,920,920,460800
2022-08-29 09:39:00,920,920,925,925,112800
2022-08-29 09:40:00,925,915,925,925,1240800
2022-08-29 09:41:00,920,910,920,915,1684400
2022-08-29 09:42:00,915,905,920,915,746100
2022-08-29 09:43:00,915,905,915,915,219900
2022-08-29 09:44:00,920,915,920,920,40900
2022-08-29 09:45:00,920,920,920,920,0
2022-08-29 09:46:00,920,920,920,920,64200
2022-08-29 09:47:00,920,920,920,920,273500
2022-08-29 09:48:00,925,925,925,925,220600
2022-08-29 09:49:00,925,925,925,925,13200
2022-08-29 09:50:00,925,925,930,930,145300
2022-08-29 09:51:00,930,925,930,925,212800
2022-08-29 09:52:00,925,925,930,930,3900
2022-08-29 09:53:00,930,925,930,930,182900
2022-08-29 09:54:00,930,930,930,930,287100
2022-08-29 09:55:00,930,930,930,930,44500
2022-08-29 09:56:00,930,930,930,930,79400
2022-08-29 09:57:00,930,930,930,930,1600
2022-08-29 09:58:00,930,930,930,930,34600
2022-08-29 09:59:00,930,925,930,925,16800
2022-08-29 10:00:00,930,930,930,930,15300
2022-08-29 10:01:00,930,925,930,930,2300
2022-08-29 10:02:00,930,925,930,925,132100
2022-08-29 10:03:00,925,925,925,925,0
2022-08-29 10:04:00,925,925,925,925,37700
2022-08-29 10:05:00,925,925,925,925,0
2022-08-29 10:06:00,925,925,925,925,0
2022-08-29 10:07:00,925,925,925,925,5300
2022-08-29 10:08:00,930,930,930,930,0
2022-08-29 10:09:00,930,930,930,930,0
2022-08-29 10:10:00,925,925,930,930,11700
2022-08-29 10:11:00,925,925,930,930,238900
2022-08-29 10:12:00,930,930,930,930,0
2022-08-29 10:13:00,930,930,930,930,0
2022-08-29 10:14:00,930,930,930,930,6000
2022-08-29 10:15:00,935,930,935,930,0
2022-08-29 10:16:00,935,930,935,930,0
2022-08-29 10:17:00,935,930,935,930,300
2022-08-29 10:18:00,935,930,935,930,29400
2022-08-29 10:19:00,930,930,930,930,91000
2022-08-29 10:20:00,930,925,935,935,535900
2022-08-29 10:21:00,935,935,935,935,102200
2022-08-29 10:22:00,940,930,940,935,1225200
2022-08-29 10:23:00,940,940,945,945,465800
2022-08-29 10:24:00,945,940,945,945,0
2022-08-29 10:25:00,940,940,945,940,481000
2022-08-29 10:26:00,940,935,940,935,41000
2022-08-29 10:27:00,940,940,940,940,107700
2022-08-29 10:28:00,940,940,940,940,54000
2022-08-29 10:29:00,940,935,940,940,22500
2022-08-29 10:30:00,940,940,940,940,28700
2022-08-29 10:31:00,940,935,940,940,97500
2022-08-29 10:32:00,940,940,940,940,200
2022-08-29 10:33:00,940,940,945,940,118800
2022-08-29 10:34:00,945,945,945,945,54200
2022-08-29 10:35:00,945,940,945,940,261100
2022-08-29 10:36:00,940,940,940,940,1700
2022-08-29 10:37:00,940,940,945,940,27100
2022-08-29 10:38:00,945,940,950,950,707500
2022-08-29 10:39:00,950,950,950,950,336500
2022-08-29 10:40:00,950,950,955,955,733200
2022-08-29 10:41:00,950,950,950,950,458500
2022-08-29 10:42:00,945,945,950,945,432600
2022-08-29 10:43:00,945,945,945,945,9000
2022-08-29 10:44:00,945,940,945,940,10100
2022-08-29 10:45:00,940,940,945,945,7200
2022-08-29 10:46:00,945,945,945,945,22100
2022-08-29 10:47:00,945,945,945,945,23800
2022-08-29 10:48:00,945,945,950,950,374300
2022-08-29 10:49:00,950,950,950,950,216600
2022-08-29 10:50:00,950,950,950,950,8700
2022-08-29 10:51:00,950,945,950,950,397700
2022-08-29 10:52:00,950,950,950,950,0
2022-08-29 10:53:00,950,945,950,945,0
2022-08-29 10:54:00,945,945,950,945,6500
2022-08-29 10:55:00,945,945,950,945,9700
2022-08-29 10:56:00,945,945,950,945,4300
2022-08-29 10:57:00,945,945,945,945,38100
2022-08-29 10:58:00,945,945,945,945,0
2022-08-29 10:59:00,945,945,950,945,122200
2022-08-29 11:00:00,945,945,945,945,141500
2022-08-29 11:01:00,945,940,945,940,7400
2022-08-29 11:02:00,940,940,945,945,2000
2022-08-29 11:03:00,940,940,945,945,77200
2022-08-29 11:04:00,945,940,945,945,70600
2022-08-29 11:05:00,945,940,945,940,4400
2022-08-29 11:06:00,940,940,945,945,0
2022-08-29 11:07:00,940,940,940,940,101200
2022-08-29 11:08:00,940,940,945,940,5200
2022-08-29 11:09:00,940,940,945,945,209900
2022-08-29 11:10:00,940,940,940,940,0
2022-08-29 11:11:00,940,940,940,940,9900
2022-08-29 11:12:00,945,945,945,945,95200
2022-08-29 11:13:00,945,945,945,945,0
2022-08-29 11:14:00,945,945,945,945,400
2022-08-29 11:15:00,940,940,940,940,600
2022-08-29 11:16:00,940,940,945,945,10300
2022-08-29 11:17:00,940,940,940,940,21900
2022-08-29 11:18:00,940,940,945,940,5400
2022-08-29 11:19:00,945,940,945,940,0
2022-08-29 11:20:00,940,940,945,945,28300
2022-08-29 11:21:00,945,940,945,945,0
2022-08-29 11:22:00,945,945,945,945,186500
2022-08-29 11:23:00,945,945,945,945,5500
2022-08-29 11:24:00,945,945,945,945,0
2022-08-29 11:25:00,945,945,945,945,0
2022-08-29 11:26:00,945,945,945,945,163600
2022-08-29 11:27:00,940,940,940,940,0
2022-08-29 11:28:00,940,940,940,940,2500
2022-08-29 11:29:00,940,940,940,940,3700
2022-08-29 11:30:00,940,940,940,940,0
2022-08-29 11:31:00,940,940,940,940,0
2022-08-29 11:32:00,940,940,940,940,0
2022-08-29 11:33:00,940,940,940,940,0
2022-08-29 11:34:00,940,940,940,940,0
2022-08-29 11:35:00,940,940,940,940,0
2022-08-29 11:36:00,940,940,940,940,0
2022-08-29 11:37:00,940,940,940,940,0
2022-08-29 11:38:00,940,940,940,940,0
2022-08-29 11:39:00,940,940,940,940,0
2022-08-29 11:40:00,940,940,940,940,0
2022-08-29 11:41:00,940,940,940,940,0
2022-08-29 11:42:00,940,940,940,940,0
2022-08-29 11:43:00,940,940,940,940,0
2022-08-29 11:44:00,940,940,940,940,0
2022-08-29 11:45:00,940,940,940,940,0
2022-08-29 11:46:00,940,940,940,940,0
2022-08-29 11:47:00,940,940,940,940,0
2022-08-29 11:48:00,940,940,940,940,0
2022-08-29 11:49:00,940,940,940,940,0
2022-08-29 11:50:00,940,940,940,940,0
2022-08-29 11:51:00,940,940,940,940,0
2022-08-29 11:52:00,940,940,940,940,0
2022-08-29 11:53:00,940,940,940,940,0
2022-08-29 11:54:00,940,940,940,940,0
2022-08-29 11:55:00,940,940,940,940,0
2022-08-29 11:56:00,940,940,940,940,0
2022-08-29 11:57:00,940,940,940,940,0
2022-08-29 11:58:00,940,940,940,940,0
2022-08-29 11:59:00,940,940,940,940,0
2022-08-29 12:00:00,940,940,940,940,0
2022-08-29 12:01:00,940,940,940,940,0
2022-08-29 12:02:00,940,940,940,940,0
2022-08-29 12:03:00,940,940,940,940,0
2022-08-29 12:04:00,940,940,940,940,0
2022-08-29 12:05:00,940,940,940,940,0
2022-08-29 12:06:00,940,940,940,940,0
2022-08-29 12:07:00,940,940,940,940,0
2022-08-29 12:08:00,940,940,940,940,0
2022-08-29 12:09:00,940,940,940,940,0
2022-08-29 12:10:00,940,940,940,940,0
2022-08-29 12:11:00,940,940,940,940,0
2022-08-29 12:12:00,940,940,940,940,0
2022-08-29 12:13:00,940,940,940,940,0
2022-08-29 12:14:00,940,940,940,940,0
2022-08-29 12:15:00,940,940,940,940,0
2022-08-29 12:16:00,940,940,940,940,0
2022-08-29 12:17:00,940,940,940,940,0
2022-08-29 12:18:00,940,940,940,940,0
2022-08-29 12:19:00,940,940,940,940,0
2022-08-29 12:20:00,940,940,940,940,0
2022-08-29 12:21:00,940,940,940,940,0
2022-08-29 12:22:00,940,940,940,940,0
2022-08-29 12:23:00,940,940,940,940,0
2022-08-29 12:24:00,940,940,940,940,0
2022-08-29 12:25:00,940,940,940,940,0
2022-08-29 12:26:00,940,940,940,940,0
2022-08-29 12:27:00,940,940,940,940,0
2022-08-29 12:28:00,940,940,940,940,0
2022-08-29 12:29:00,940,940,940,940,0
2022-08-29 12:30:00,940,940,940,940,0
2022-08-29 12:31:00,940,940,940,940,0
2022-08-29 12:32:00,940,940,940,940,0
2022-08-29 12:33:00,940,940,940,940,0
2022-08-29 12:34:00,940,940,940,940,0
2022-08-29 12:35:00,940,940,940,940,0
2022-08-29 12:36:00,940,940,940,940,0
2022-08-29 12:37:00,940,940,940,940,0
2022-08-29 12:38:00,940,940,940,940,0
2022-08-29 12:39:00,940,940,940,940,0
2022-08-29 12:40:00,940,940,940,940,0
2022-08-29 12:41:00,940,940,940,940,0
2022-08-29 12:42:00,940,940,940,940,0
2022-08-29 12:43:00,940,940,940,940,0
2022-08-29 12:44:00,940,940,940,940,0
2022-08-29 12:45:00,940,940,940,940,0
2022-08-29 12:46:00,940,940,940,940,0
2022-08-29 12:47:00,940,940,940,940,0
2022-08-29 12:48:00,940,940,940,940,0
2022-08-29 12:49:00,940,940,940,940,0
2022-08-29 12:50:00,940,940,940,940,0
2022-08-29 12:51:00,940,940,940,940,0
2022-08-29 12:52:00,940,940,940,940,0
2022-08-29 12:53:00,940,940,940,940,0
2022-08-29 12:54:00,940,940,940,940,0
2022-08-29 12:55:00,940,940,940,940,0
2022-08-29 12:56:00,940,940,940,940,0
2022-08-29 12:57:00,940,940,940,940,0
2022-08-29 12:58:00,940,940,940,940,0
2022-08-29 12:59:00,940,940,940,940,0
2022-08-29 13:00:00,940,940,940,940,0
2022-08-29 13:01:00,940,940,940,940,0
2022-08-29 13:02:00,940,940,940,940,0
2022-08-29 13:03:00,940,940,940,940,0
2022-08-29 13:04:00,940,940,940,940,0
2022-08-29 13:05:00,940,940,940,940,0
2022-08-29 13:06:00,940,940,940,940,0
2022-08-29 13:07:00,940,940,940,940,0
2022-08-29 13:08:00,940,940,940,940,0
2022-08-29 13:09:00,940,940,940,940,0
2022-08-29 13:10:00,940,940,940,940,0
2022-08-29 13:11:00,940,940,940,940,0
2022-08-29 13:12:00,940,940,940,940,0
2022-08-29 13:13:00,940,940,940,940,0
2022-08-29 13:14:00,940,940,940,940,0
2022-08-29 13:15:00,940,940,940,940,0
2022-08-29 13:16:00,940,940,940,940,0
2022-08-29 13:17:00,940,940,940,940,0
2022-08-29 13:18:00,940,940,940,940,0
2022-08-29 13:19:00,940,940,940,940,0
2022-08-29 13:20:00,940,940,940,940,0
2022-08-29 13:21:00,940,940,940,940,0
2022-08-29 13:22:00,940,940,940,940,0
2022-08-29 13:23:00,940,940,940,940,0
2022-08-29 13:24:00,940,940,940,940,0
2022-08-29 13:25:00,940,940,940,940,0
2022-08-29 13:26:00,940,940,940,940,0
2022-08-29 13:27:00,940,940,940,940,0
2022-08-29 13:28:00,940,940,940,940,0
2022-08-29 13:29:00,940,940,940,940,0
2022-08-29 13:30:00,940,940,945,945,82300
2022-08-29 13:31:00,945,945,945,945,0
2022-08-29 13:32:00,945,945,945,945,0
2022-08-29 13:33:00,940,940,940,940,5500
2022-08-29 13:34:00,940,940,940,940,0
2022-08-29 13:35:00,945,945,945,945,112600
2022-08-29 13:36:00,940,940,950,950,56700
2022-08-29 13:37:00,945,945,945,945,104000
2022-08-29 13:38:00,945,945,945,945,647100
2022-08-29 13:39:00,945,945,945,945,7000
2022-08-29 13:40:00,945,945,945,945,900
2022-08-29 13:41:00,945,945,945,945,34300
2022-08-29 13:42:00,945,945,945,945,4800
2022-08-29 13:43:00,945,945,945,945,3500
2022-08-29 13:44:00,945,945,950,945,51300
2022-08-29 13:45:00,950,945,950,950,6100
2022-08-29 13:46:00,945,945,950,950,1700
2022-08-29 13:47:00,950,945,955,955,445000
2022-08-29 13:48:00,955,950,955,950,145700
2022-08-29 13:49:00,950,950,950,950,377400
2022-08-29 13:50:00,950,950,955,950,24700
2022-08-29 13:51:00,950,950,955,950,0
2022-08-29 13:52:00,950,950,955,950,104800
2022-08-29 13:53:00,950,950,950,950,11900
2022-08-29 13:54:00,950,945,950,945,173700
2022-08-29 13:55:00,945,945,950,950,2200
2022-08-29 13:56:00,950,950,950,950,0
2022-08-29 13:57:00,950,950,955,955,414500
2022-08-29 13:58:00,950,950,955,950,80700
2022-08-29 13:59:00,950,950,950,950,232000
2022-08-29 14:00:00,945,945,955,955,580900
2022-08-29 14:01:00,955,950,955,950,581400
2022-08-29 14:02:00,950,945,950,945,0
2022-08-29 14:03:00,950,950,950,950,1000
2022-08-29 14:04:00,950,945,950,945,16400
2022-08-29 14:05:00,950,950,950,950,131700
2022-08-29 14:06:00,950,950,950,950,0
2022-08-29 14:07:00,950,950,955,955,63200
2022-08-29 14:08:00,955,950,955,950,43100
2022-08-29 14:09:00,950,950,950,950,30500
2022-08-29 14:10:00,950,950,950,950,53700
2022-08-29 14:11:00,950,950,950,950,221500
2022-08-29 14:12:00,950,950,950,950,9300
2022-08-29 14:13:00,950,950,950,950,67700
2022-08-29 14:14:00,955,955,955,955,1100
2022-08-29 14:15:00,955,955,960,955,1047700
2022-08-29 14:16:00,960,955,960,955,25500
2022-08-29 14:17:00,955,955,960,955,264100
2022-08-29 14:18:00,960,955,960,955,9300
2022-08-29 14:19:00,955,955,955,955,82500
2022-08-29 14:20:00,960,960,965,960,1639200
2022-08-29 14:21:00,960,960,965,960,813800
2022-08-29 14:22:00,960,960,965,965,36900
2022-08-29 14:23:00,965,960,970,965,1036700
2022-08-29 14:24:00,965,965,970,965,287600
2022-08-29 14:25:00,970,965,970,970,398800
2022-08-29 14:26:00,970,965,970,970,29900
2022-08-29 14:27:00,970,965,970,965,1200500
2022-08-29 14:28:00,965,960,965,960,118000
2022-08-29 14:29:00,960,960,965,965,1310500
2022-08-29 14:30:00,960,960,965,960,14000
2022-08-29 14:31:00,960,960,965,960,172500
2022-08-29 14:32:00,960,955,960,960,57800
2022-08-29 14:33:00,960,960,960,960,20200
2022-08-29 14:34:00,960,955,960,955,142300
2022-08-29 14:35:00,955,955,960,960,10000
2022-08-29 14:36:00,960,955,960,955,83500
2022-08-29 14:37:00,960,955,960,960,7300
2022-08-29 14:38:00,960,955,960,955,270700
2022-08-29 14:39:00,960,955,960,960,0
2022-08-29 14:40:00,960,960,960,960,56200
2022-08-29 14:41:00,960,955,960,960,81000
2022-08-29 14:42:00,960,955,960,960,165900
2022-08-29 14:43:00,960,955,960,955,61700
2022-08-29 14:44:00,955,955,960,960,2600
2022-08-29 14:45:00,955,955,960,960,15100
2022-08-29 14:46:00,960,960,965,960,864600
2022-08-29 14:47:00,960,955,960,955,1374700
2022-08-29 14:48:00,955,955,960,955,104200
2022-08-29 14:49:00,950,950,955,950,1368500
2022-08-29 14:50:00,950,950,955,950,0
2022-08-29 14:51:00,950,950,955,950,0
2022-08-29 14:52:00,950,950,955,950,0
2022-08-29 14:53:00,950,950,955,950,0
2022-08-29 14:54:00,950,950,955,950,0
2022-08-29 14:55:00,950,950,955,950,0
2022-08-29 14:56:00,950,950,955,950,0
2022-08-29 14:57:00,950,950,955,950,0
2022-08-29 14:58:00,950,950,955,950,0
2022-08-29 14:59:00,950,950,955,950,0
2022-08-29 15:00:00,950,950,950,950,2959900
2022-08-29 15:01:00,950,950,950,950,79800
2022-08-29 15:02:00,950,950,950,950,87900
2022-08-29 15:03:00,950,950,950,950,19700
2022-08-29 15:04:00,950,950,950,950,20600
2022-08-29 15:05:00,950,950,950,950,4100
2022-08-29 15:06:00,950,950,950,950,2000
2022-08-29 15:07:00,950,950,950,950,6600
2022-08-29 15:08:00,950,950,950,950,12600
2022-08-29 15:09:00,950,950,950,950,0
2022-08-29 15:10:00,950,950,950,950,5200
2022-08-29 15:11:00,950,950,950,950,1800
2022-08-29 15:12:00,950,950,950,950,1000
2022-08-29 15:13:00,950,950,950,950,0
2022-08-29 15:14:00,950,950,950,950,0
2022-08-29 15:15:00,950,950,950,950,0
2022-08-29 15:16:00,950,950,950,950,0
2022-08-29 15:17:00,950,950,950,950,0
2022-08-29 15:18:00,950,950,950,950,0
2022-08-29 15:19:00,950,950,950,950,0
2022-08-29 15:20:00,950,950,950,950,0
2022-08-29 15:21:00,950,950,950,950,0
2022-08-29 15:22:00,950,950,950,950,0
2022-08-29 15:23:00,950,950,950,950,0
2022-08-29 15:24:00,950,950,950,950,0
2022-08-29 15:25:00,950,950,950,950,0
2022-08-29 15:26:00,950,950,950,950,0
2022-08-29 15:27:00,950,950,950,950,0
2022-08-29 15:28:00,950,950,950,950,0
2022-08-29 15:29:00,950,950,950,950,0
2022-08-29 15:30:00,950,950,950,950,0
2022-08-29 15:31:00,950,950,950,950,0
2022-08-29 15:32:00,950,950,950,950,0
2022-08-29 15:33:00,950,950,950,950,0
2022-08-29 15:34:00,950,950,950,950,0
2022-08-29 15:35:00,950,950,950,950,0
2022-08-29 15:36:00,950,950,950,950,0
2022-08-29 15:37:00,950,950,950,950,0
2022-08-29 15:38:00,950,950,950,950,0
2022-08-29 15:39:00,950,950,950,950,0
2022-08-29 15:40:00,950,950,950,950,0
2022-08-29 15:41:00,950,950,950,950,0
2022-08-29 15:42:00,950,950,950,950,0
2022-08-29 15:43:00,950,950,950,950,0
2022-08-29 15:44:00,950,950,950,950,0
2022-08-29 15:45:00,950,950,950,950,0
2022-08-29 15:46:00,950,950,950,950,0
2022-08-29 15:47:00,950,950,950,950,0
2022-08-29 15:48:00,950,950,950,950,0
2022-08-29 15:49:00,950,950,950,950,0
2022-08-29 15:50:00,950,950,950,950,0
2022-08-29 15:51:00,950,950,950,950,0
2022-08-29 15:52:00,950,950,950,950,0
2022-08-29 15:53:00,950,950,950,950,0
2022-08-29 15:54:00,950,950,950,950,0
2022-08-29 15:55:00,950,950,950,950,0
2022-08-29 15:56:00,950,950,950,950,0
2022-08-29 15:57:00,950,950,950,950,0
2022-08-29 15:58:00,950,950,950,950,0
2022-08-29 15:59:00,950,950,950,950,0
2022-08-30 09:00:00,955,925,955,945,340200
2022-08-30 09:01:00,950,940,950,940,103600
2022-08-30 09:02:00,945,945,945,945,137800
2022-08-30 09:03:00,945,945,950,945,105500
2022-08-30 09:04:00,950,945,960,950,1435800
2022-08-30 09:05:00,960,955,960,960,523500
2022-08-30 09:06:00,960,960,960,960,28700
2022-08-30 09:07:00,955,955,960,955,501800
2022-08-30 09:08:00,955,955,960,955,326000
2022-08-30 09:09:00,950,950,955,950,42600
2022-08-30 09:10:00,950,950,950,950,30400
2022-08-30 09:11:00,950,945,950,950,358100
2022-08-30 09:12:00,945,945,950,950,687300
2022-08-30 09:13:00,950,950,950,950,27900
2022-08-30 09:14:00,950,945,950,950,115400
2022-08-30 09:15:00,950,940,950,940,1266900
2022-08-30 09:16:00,940,940,945,945,106100
2022-08-30 09:17:00,945,940,950,940,304900
2022-08-30 09:18:00,940,940,945,945,8900
2022-08-30 09:19:00,940,940,940,940,16300
2022-08-30 09:20:00,940,940,945,940,373300
2022-08-30 09:21:00,940,940,945,940,0
2022-08-30 09:22:00,945,940,945,945,0
2022-08-30 09:23:00,945,940,945,945,558400
2022-08-30 09:24:00,945,940,945,940,28200
2022-08-30 09:25:00,945,945,945,945,0
2022-08-30 09:26:00,940,940,940,940,78600
2022-08-30 09:27:00,945,940,945,940,0
2022-08-30 09:28:00,940,940,940,940,15900
2022-08-30 09:29:00,940,940,945,940,227700
2022-08-30 09:30:00,940,940,940,940,24000
2022-08-30 09:31:00,940,940,940,940,196200
2022-08-30 09:32:00,940,940,945,945,19400
2022-08-30 09:33:00,945,945,945,945,200
2022-08-30 09:34:00,945,940,945,940,227000
2022-08-30 09:35:00,940,940,940,940,16500
2022-08-30 09:36:00,940,940,940,940,24300
2022-08-30 09:37:00,940,940,940,940,12300
2022-08-30 09:38:00,940,940,940,940,22100
2022-08-30 09:39:00,940,940,940,940,16100
2022-08-30 09:40:00,940,940,945,945,11300
2022-08-30 09:41:00,940,940,940,940,200
2022-08-30 09:42:00,940,940,945,945,22100
2022-08-30 09:43:00,940,940,945,945,0
2022-08-30 09:44:00,945,945,945,945,7600
2022-08-30 09:45:00,945,945,945,945,73500
2022-08-30 09:46:00,940,940,945,945,5300
2022-08-30 09:47:00,940,940,945,945,5100
2022-08-30 09:48:00,940,940,945,945,632900
2022-08-30 09:49:00,940,940,945,945,0
2022-08-30 09:50:00,945,940,945,945,15000
2022-08-30 09:51:00,945,945,945,945,14600
2022-08-30 09:52:00,945,940,945,945,11400
2022-08-30 09:53:00,945,945,945,945,2500
2022-08-30 09:54:00,945,945,945,945,3300
2022-08-30 09:55:00,945,945,945,945,0
2022-08-30 09:56:00,940,940,945,945,6200
2022-08-30 09:57:00,945,945,945,945,325000
2022-08-30 09:58:00,945,945,950,950,5300
2022-08-30 09:59:00,945,945,950,950,0
2022-08-30 10:00:00,950,950,950,950,1100
2022-08-30 10:01:00,950,950,950,950,59100
2022-08-30 10:02:00,950,945,950,950,38700
2022-08-30 10:03:00,950,945,950,950,0
2022-08-30 10:04:00,950,945,950,950,29700
2022-08-30 10:05:00,945,945,950,950,13800
2022-08-30 10:06:00,950,945,950,950,2300
2022-08-30 10:07:00,945,945,950,950,184300
2022-08-30 10:08:00,945,945,945,945,190200
2022-08-30 10:09:00,945,945,945,945,10400
2022-08-30 10:10:00,945,945,950,950,33200
2022-08-30 10:11:00,945,945,945,945,39900
2022-08-30 10:12:00,945,945,945,945,34800
2022-08-30 10:13:00,945,945,950,950,265600
2022-08-30 10:14:00,945,945,945,945,438900
2022-08-30 10:15:00,945,940,950,950,6225900
2022-08-30 10:16:00,945,940,950,950,0
2022-08-30 10:17:00,945,945,950,950,10247000
2022-08-30 10:18:00,945,945,950,950,0
2022-08-30 10:19:00,945,945,950,950,0
2022-08-30 10:20:00,945,945,950,950,0
2022-08-30 10:21:00,945,945,950,950,2100
2022-08-30 10:22:00,945,945,950,950,0
2022-08-30 10:23:00,945,945,950,950,0
2022-08-30 10:24:00,945,945,950,945,149300
2022-08-30 10:25:00,945,945,945,945,101700
2022-08-30 10:26:00,945,945,945,945,10300
2022-08-30 10:27:00,945,945,945,945,241600
2022-08-30 10:28:00,945,945,945,945,7200
2022-08-30 10:29:00,945,945,945,945,300
2022-08-30 10:30:00,950,945,950,945,16900
2022-08-30 10:31:00,945,945,945,945,24100
2022-08-30 10:32:00,945,945,950,950,0
2022-08-30 10:33:00,945,945,950,950,0
2022-08-30 10:34:00,945,945,950,950,0
2022-08-30 10:35:00,945,945,950,950,22800
2022-08-30 10:36:00,945,945,950,950,5500
2022-08-30 10:37:00,950,950,950,950,0
2022-08-30 10:38:00,950,950,950,950,0
2022-08-30 10:39:00,945,945,950,950,2700
2022-08-30 10:40:00,945,945,950,950,26700
2022-08-30 10:41:00,950,945,950,945,317200
2022-08-30 10:42:00,950,950,950,950,74300
2022-08-30 10:43:00,945,945,945,945,0
2022-08-30 10:44:00,950,950,950,950,205000
2022-08-30 10:45:00,950,950,950,950,0
2022-08-30 10:46:00,945,945,950,945,130100
2022-08-30 10:47:00,945,945,945,945,46800
2022-08-30 10:48:00,945,945,945,945,0
2022-08-30 10:49:00,945,945,945,945,154200
2022-08-30 10:50:00,945,945,945,945,0
2022-08-30 10:51:00,945,945,945,945,0
2022-08-30 10:52:00,950,945,950,945,3700
2022-08-30 10:53:00,945,945,945,945,35900
2022-08-30 10:54:00,945,945,945,945,242400
2022-08-30 10:55:00,945,945,945,945,13100
2022-08-30 10:56:00,945,945,945,945,20400
2022-08-30 10:57:00,945,945,945,945,12900
2022-08-30 10:58:00,945,945,945,945,78200
2022-08-30 10:59:00,945,945,945,945,113200
2022-08-30 11:00:00,945,940,945,945,0
2022-08-30 11:01:00,940,940,945,940,42800
2022-08-30 11:02:00,945,945,945,945,0
2022-08-30 11:03:00,945,945,945,945,61700
2022-08-30 11:04:00,945,945,945,945,9300
2022-08-30 11:05:00,945,945,945,945,0
2022-08-30 11:06:00,945,945,945,945,0
2022-08-30 11:07:00,940,940,940,940,4000
2022-08-30 11:08:00,940,940,940,940,0
2022-08-30 11:09:00,940,940,950,950,1021900
2022-08-30 11:10:00,950,945,950,945,1600
2022-08-30 11:11:00,945,945,945,945,7900
2022-08-30 11:12:00,945,945,945,945,600
2022-08-30 11:13:00,945,945,950,950,5100
2022-08-30 11:14:00,945,945,950,950,10000
2022-08-30 11:15:00,945,945,945,945,0
2022-08-30 11:16:00,945,945,950,950,12700
2022-08-30 11:17:00,945,945,950,950,0
2022-08-30 11:18:00,945,945,950,950,13300
2022-08-30 11:19:00,945,945,950,945,142700
2022-08-30 11:20:00,940,940,945,945,13100
2022-08-30 11:21:00,940,940,940,940,64400
2022-08-30 11:22:00,945,945,945,945,0
2022-08-30 11:23:00,945,945,945,945,500
2022-08-30 11:24:00,940,940,945,945,38200
2022-08-30 11:25:00,940,940,945,945,0
2022-08-30 11:26:00,945,940,945,945,30600
2022-08-30 11:27:00,940,940,945,945,3700
2022-08-30 11:28:00,940,940,945,945,41100
2022-08-30 11:29:00,945,940,945,940,113600
2022-08-30 11:30:00,945,940,945,940,0
2022-08-30 11:31:00,945,940,945,940,0
2022-08-30 11:32:00,945,940,945,940,0
2022-08-30 11:33:00,945,940,945,940,0
2022-08-30 11:34:00,945,940,945,940,0
2022-08-30 11:35:00,945,940,945,940,0
2022-08-30 11:36:00,945,940,945,940,0
2022-08-30 11:37:00,945,940,945,940,0
2022-08-30 11:38:00,945,940,945,940,0
2022-08-30 11:39:00,945,940,945,940,0
2022-08-30 11:40:00,945,940,945,940,0
2022-08-30 11:41:00,945,940,945,940,0
2022-08-30 11:42:00,945,940,945,940,0
2022-08-30 11:43:00,945,940,945,940,0
2022-08-30 11:44:00,945,940,945,940,0
2022-08-30 11:45:00,945,940,945,940,0
2022-08-30 11:46:00,945,940,945,940,0
2022-08-30 11:47:00,945,940,945,940,0
2022-08-30 11:48:00,945,940,945,940,0
2022-08-30 11:49:00,945,940,945,940,0
2022-08-30 11:50:00,945,940,945,940,0
2022-08-30 11:51:00,945,940,945,940,0
2022-08-30 11:52:00,945,940,945,940,0
2022-08-30 11:53:00,945,940,945,940,0
2022-08-30 11:54:00,945,940,945,940,0
2022-08-30 11:55:00,945,940,945,940,0
2022-08-30 11:56:00,945,940,945,940,0
2022-08-30 11:57:00,945,940,945,940,0
2022-08-30 11:58:00,945,940,945,940,0
2022-08-30 11:59:00,945,940,945,940,0
2022-08-30 12:00:00,945,940,945,940,0
2022-08-30 12:01:00,945,940,945,940,0
2022-08-30 12:02:00,945,940,945,940,0
2022-08-30 12:03:00,945,940,945,940,0
2022-08-30 12:04:00,945,940,945,940,0
2022-08-30 12:05:00,945,940,945,940,0
2022-08-30 12:06:00,945,940,945,940,0
2022-08-30 12:07:00,945,940,945,940,0
2022-08-30 12:08:00,945,940,945,940,0
2022-08-30 12:09:00,945,940,945,940,0
2022-08-30 12:10:00,945,940,945,940,0
2022-08-30 12:11:00,945,940,945,940,0
2022-08-30 12:12:00,945,940,945,940,0
2022-08-30 12:13:00,945,940,945,940,0
2022-08-30 12:14:00,945,940,945,940,0
2022-08-30 12:15:00,945,940,945,940,0
2022-08-30 12:16:00,945,940,945,940,0
2022-08-30 12:17:00,945,940,945,940,0
2022-08-30 12:18:00,945,940,945,940,0
2022-08-30 12:19:00,945,940,945,940,0
2022-08-30 12:20:00,945,940,945,940,0
2022-08-30 12:21:00,945,940,945,940,0
2022-08-30 12:22:00,945,940,945,940,0
2022-08-30 12:23:00,945,940,945,940,0
2022-08-30 12:24:00,945,940,945,940,0
2022-08-30 12:25:00,945,940,945,940,0
2022-08-30 12:26:00,945,940,945,940,0
2022-08-30 12:27:00,945,940,945,940,0
2022-08-30 12:28:00,945,940,945,940,0
2022-08-30 12:29:00,945,940,945,940,0
2022-08-30 12:30:00,945,940,945,940,0
2022-08-30 12:31:00,945,940,945,940,0
2022-08-30 12:32:00,945,940,945,940,0
2022-08-30 12:33:00,945,940,945,940,0
2022-08-30 12:34:00,945,940,945,940,0
2022-08-30 12:35:00,945,940,945,940,0
2022-08-30 12:36:00,945,940,945,940,0
2022-08-30 12:37:00,945,940,945,940,0
2022-08-30 12:38:00,945,940,945,940,0
2022-08-30 12:39:00,945,940,945,940,0
2022-08-30 12:40:00,945,940,945,940,0
2022-08-30 12:41:00,945,940,945,940,0
2022-08-30 12:42:00,945,940,945,940,0
2022-08-30 12:43:00,945,940,945,940,0
2022-08-30 12:44:00,945,940,945,940,0
2022-08-30 12:45:00,945,940,945,940,0
2022-08-30 12:46:00,945,940,945,940,0
2022-08-30 12:47:00,945,940,945,940,0
2022-08-30 12:48:00,945,940,945,940,0
2022-08-30 12:49:00,945,940,945,940,0
2022-08-30 12:50:00,945,940,945,940,0
2022-08-30 12:51:00,945,940,945,940,0
2022-08-30 12:52:00,945,940,945,940,0
2022-08-30 12:53:00,945,940,945,940,0
2022-08-30 12:54:00,945,940,945,940,0
2022-08-30 12:55:00,945,940,945,940,0
2022-08-30 12:56:00,945,940,945,940,0
2022-08-30 12:57:00,945,940,945,940,0
2022-08-30 12:58:00,945,940,945,940,0
2022-08-30 12:59:00,945,940,945,940,0
2022-08-30 13:00:00,945,940,945,940,0
2022-08-30 13:01:00,945,940,945,940,0
2022-08-30 13:02:00,945,940,945,940,0
2022-08-30 13:03:00,945,940,945,940,0
2022-08-30 13:04:00,945,940,945,940,0
2022-08-30 13:05:00,945,940,945,940,0
2022-08-30 13:06:00,945,940,945,940,0
2022-08-30 13:07:00,945,940,945,940,0
2022-08-30 13:08:00,945,940,945,940,0
2022-08-30 13:09:00,945,940,945,940,0
2022-08-30 13:10:00,945,940,945,940,0
2022-08-30 13:11:00,945,940,945,940,0
2022-08-30 13:12:00,945,940,945,940,0
2022-08-30 13:13:00,945,940,945,940,0
2022-08-30 13:14:00,945,940,945,940,0
2022-08-30 13:15:00,945,940,945,940,0
2022-08-30 13:16:00,945,940,945,940,0
2022-08-30 13:17:00,945,940,945,940,0
2022-08-30 13:18:00,945,940,945,940,0
2022-08-30 13:19:00,945,940,945,940,0
2022-08-30 13:20:00,945,940,945,940,0
2022-08-30 13:21:00,945,940,945,940,0
2022-08-30 13:22:00,945,940,945,940,0
2022-08-30 13:23:00,945,940,945,940,0
2022-08-30 13:24:00,945,940,945,940,0
2022-08-30 13:25:00,945,940,945,940,0
2022-08-30 13:26:00,945,940,945,940,0
2022-08-30 13:27:00,945,940,945,940,0
2022-08-30 13:28:00,945,940,945,940,0
2022-08-30 13:29:00,945,940,945,940,0
2022-08-30 13:30:00,940,940,945,945,354300
2022-08-30 13:31:00,940,940,945,945,34200
2022-08-30 13:32:00,945,940,945,945,20900
2022-08-30 13:33:00,940,940,945,940,740600
2022-08-30 13:34:00,940,940,940,940,47400
2022-08-30 13:35:00,940,935,940,940,40700
2022-08-30 13:36:00,940,935,940,940,49300
2022-08-30 13:37:00,940,935,940,935,22500
2022-08-30 13:38:00,935,935,940,940,49800
2022-08-30 13:39:00,940,935,940,935,8600
2022-08-30 13:40:00,935,935,935,935,60600
2022-08-30 13:41:00,935,935,935,935,0
2022-08-30 13:42:00,940,940,940,940,0
2022-08-30 13:43:00,935,935,940,940,59300
2022-08-30 13:44:00,940,940,940,940,600
2022-08-30 13:45:00,935,935,940,940,141600
2022-08-30 13:46:00,940,940,940,940,0
2022-08-30 13:47:00,940,930,940,930,1152400
2022-08-30 13:48:00,930,930,935,935,89600
2022-08-30 13:49:00,935,935,935,935,2700
2022-08-30 13:50:00,935,935,935,935,13600
2022-08-30 13:51:00,935,930,935,935,133300
2022-08-30 13:52:00,935,935,940,935,84200
2022-08-30 13:53:00,935,935,935,935,140000
2022-08-30 13:54:00,935,930,935,935,29600
2022-08-30 13:55:00,935,935,935,935,73000
2022-08-30 13:56:00,935,930,935,935,34900
2022-08-30 13:57:00,935,935,940,940,1500
2022-08-30 13:58:00,940,935,940,935,3000
2022-08-30 13:59:00,935,935,935,935,18000
2022-08-30 14:00:00,935,935,940,940,0
2022-08-30 14:01:00,935,935,940,940,168500
2022-08-30 14:02:00,935,935,940,940,0
2022-08-30 14:03:00,935,935,940,940,700
2022-08-30 14:04:00,940,935,940,940,1300
2022-08-30 14:05:00,935,935,935,935,714300
2022-08-30 14:06:00,935,935,940,940,332400
2022-08-30 14:07:00,935,935,935,935,200
2022-08-30 14:08:00,935,935,935,935,0
2022-08-30 14:09:00,935,935,935,935,6100
2022-08-30 14:10:00,935,935,935,935,5900
2022-08-30 14:11:00,935,935,935,935,100
2022-08-30 14:12:00,935,935,935,935,12200
2022-08-30 14:13:00,935,935,935,935,0
2022-08-30 14:14:00,940,940,940,940,13500
2022-08-30 14:15:00,940,940,940,940,26000
2022-08-30 14:16:00,935,935,940,940,700
2022-08-30 14:17:00,935,935,935,935,0
2022-08-30 14:18:00,935,935,940,935,125100
2022-08-30 14:19:00,935,935,935,935,39600
2022-08-30 14:20:00,935,935,940,940,2300
2022-08-30 14:21:00,940,935,940,935,21900
2022-08-30 14:22:00,935,935,935,935,8900
2022-08-30 14:23:00,940,935,940,935,0
2022-08-30 14:24:00,935,935,940,940,0
2022-08-30 14:25:00,935,935,935,935,651100
2022-08-30 14:26:00,935,930,935,935,0
2022-08-30 14:27:00,935,930,935,930,105600
2022-08-30 14:28:00,930,930,940,940,369100
2022-08-30 14:29:00,935,935,940,935,93300
2022-08-30 14:30:00,940,940,940,940,4300
2022-08-30 14:31:00,940,940,940,940,0
2022-08-30 14:32:00,935,935,935,935,182500
2022-08-30 14:33:00,935,935,935,935,0
2022-08-30 14:34:00,935,935,935,935,14000
2022-08-30 14:35:00,935,935,935,935,11000
2022-08-30 14:36:00,940,940,940,940,600
2022-08-30 14:37:00,935,935,935,935,223600
2022-08-30 14:38:00,935,935,935,935,0
2022-08-30 14:39:00,935,935,935,935,30900
2022-08-30 14:40:00,935,935,940,940,67100
2022-08-30 14:41:00,940,940,940,940,1200
2022-08-30 14:42:00,940,935,940,940,21900
2022-08-30 14:43:00,940,935,940,940,2500
2022-08-30 14:44:00,935,935,940,940,370700
2022-08-30 14:45:00,940,935,940,935,449300
2022-08-30 14:46:00,935,935,940,935,0
2022-08-30 14:47:00,940,935,940,935,0
2022-08-30 14:48:00,940,940,940,940,1400
2022-08-30 14:49:00,940,935,950,950,2313500
2022-08-30 14:50:00,940,935,950,950,0
2022-08-30 14:51:00,940,935,950,950,0
2022-08-30 14:52:00,940,935,950,950,0
2022-08-30 14:53:00,940,935,950,950,0
2022-08-30 14:54:00,940,935,950,950,0
2022-08-30 14:55:00,940,935,950,950,0
2022-08-30 14:56:00,940,935,950,950,0
2022-08-30 14:57:00,940,935,950,950,0
2022-08-30 14:58:00,940,935,950,950,0
2022-08-30 14:59:00,940,935,950,950,0
2022-08-30 15:00:00,935,935,935,935,1993600
2022-08-30 15:01:00,935,935,935,935,82600
2022-08-30 15:02:00,935,935,935,935,16900
2022-08-30 15:03:00,935,935,935,935,0
2022-08-30 15:04:00,935,935,935,935,5500
2022-08-30 15:05:00,935,935,935,935,4900
2022-08-30 15:06:00,935,935,935,935,600
2022-08-30 15:07:00,935,935,935,935,1800
2022-08-30 15:08:00,935,935,935,935,0
2022-08-30 15:09:00,935,935,935,935,1500
2022-08-30 15:10:00,935,935,935,935,0
2022-08-30 15:11:00,935,935,935,935,1900
2022-08-30 15:12:00,935,935,935,935,9900
2022-08-30 15:13:00,935,935,935,935,110100
2022-08-30 15:14:00,935,935,935,935,38128500
2022-08-30 15:15:00,935,935,935,935,0
2022-08-30 15:16:00,935,935,935,935,0
2022-08-30 15:17:00,935,935,935,935,0
2022-08-30 15:18:00,935,935,935,935,0
2022-08-30 15:19:00,935,935,935,935,0
2022-08-30 15:20:00,935,935,935,935,0
2022-08-30 15:21:00,935,935,935,935,0
2022-08-30 15:22:00,935,935,935,935,0
2022-08-30 15:23:00,935,935,935,935,0
2022-08-30 15:24:00,935,935,935,935,0
2022-08-30 15:25:00,935,935,935,935,0
2022-08-30 15:26:00,935,935,935,935,0
2022-08-30 15:27:00,935,935,935,935,0
2022-08-30 15:28:00,935,935,935,935,0
2022-08-30 15:29:00,935,935,935,935,0
2022-08-30 15:30:00,935,935,935,935,0
2022-08-30 15:31:00,935,935,935,935,0
2022-08-30 15:32:00,935,935,935,935,0
2022-08-30 15:33:00,935,935,935,935,0
2022-08-30 15:34:00,935,935,935,935,0
2022-08-30 15:35:00,935,935,935,935,0
2022-08-30 15:36:00,935,935,935,935,0
2022-08-30 15:37:00,935,935,935,935,0
2022-08-30 15:38:00,935,935,935,935,0
2022-08-30 15:39:00,935,935,935,935,0
2022-08-30 15:40:00,935,935,935,935,0
2022-08-30 15:41:00,935,935,935,935,0
2022-08-30 15:42:00,935,935,935,935,0
2022-08-30 15:43:00,935,935,935,935,0
2022-08-30 15:44:00,935,935,935,935,0
2022-08-30 15:45:00,935,935,935,935,0
2022-08-30 15:46:00,935,935,935,935,0
2022-08-30 15:47:00,935,935,935,935,0
2022-08-30 15:48:00,935,935,935,935,0
2022-08-30 15:49:00,935,935,935,935,0
2022-08-30 15:50:00,935,935,935,935,0
2022-08-30 15:51:00,935,935,935,935,0
2022-08-30 15:52:00,935,935,935,935,0
2022-08-30 15:53:00,935,935,935,935,0
2022-08-30 15:54:00,935,935,935,935,0
2022-08-30 15:55:00,935,935,935,935,0
2022-08-30 15:56:00,935,935,935,935,0
2022-08-30 15:57:00,935,935,935,935,0
2022-08-30 15:58:00,935,935,935,935,0
2022-08-30 15:59:00,935,935,935,935,0
2022-08-31 09:00:00,935,920,935,925,0
2022-08-31 09:01:00,925,920,925,920,143200
2022-08-31 09:02:00,920,920,925,920,98500
2022-08-31 09:03:00,920,920,925,925,403700
2022-08-31 09:04:00,925,920,930,925,23700
2022-08-31 09:05:00,925,920,925,925,58000
2022-08-31 09:06:00,925,925,935,930,501600
2022-08-31 09:07:00,930,930,935,930,534200
2022-08-31 09:08:00,930,930,930,930,2400
2022-08-31 09:09:00,930,930,930,930,32500
2022-08-31 09:10:00,930,930,930,930,14400
2022-08-31 09:11:00,935,920,935,930,203600
2022-08-31 09:12:00,930,930,935,930,26300
2022-08-31 09:13:00,930,930,935,930,26400
2022-08-31 09:14:00,930,930,930,930,5400
2022-08-31 09:15:00,930,930,930,930,49500
2022-08-31 09:16:00,925,925,925,925,8800
2022-08-31 09:17:00,925,925,925,925,46500
2022-08-31 09:18:00,925,925,925,925,51000
2022-08-31 09:19:00,925,925,925,925,36200
2022-08-31 09:20:00,925,925,930,930,0
2022-08-31 09:21:00,930,925,930,925,0
2022-08-31 09:22:00,925,925,930,925,21100
2022-08-31 09:23:00,925,925,925,925,15600
2022-08-31 09:24:00,925,925,940,940,719400
2022-08-31 09:25:00,935,935,935,935,0
2022-08-31 09:26:00,935,935,940,940,623400
2022-08-31 09:27:00,940,940,945,940,917800
2022-08-31 09:28:00,945,940,950,950,2015100
2022-08-31 09:29:00,945,945,955,955,548800
2022-08-31 09:30:00,955,950,955,950,234600
2022-08-31 09:31:00,945,945,950,950,36900
2022-08-31 09:32:00,945,945,950,950,502200
2022-08-31 09:33:00,945,945,945,945,109200
2022-08-31 09:34:00,945,945,955,950,11042900
2022-08-31 09:35:00,950,945,950,950,9903900
2022-08-31 09:36:00,950,950,955,955,30500
2022-08-31 09:37:00,955,950,955,955,51100
2022-08-31 09:38:00,955,955,955,955,97100
2022-08-31 09:39:00,955,955,955,955,12900
2022-08-31 09:40:00,955,950,955,950,311600
2022-08-31 09:41:00,950,950,950,950,79100
2022-08-31 09:42:00,950,945,950,945,5800
2022-08-31 09:43:00,945,945,945,945,17300
2022-08-31 09:44:00,945,940,945,940,57000
2022-08-31 09:45:00,940,940,940,940,179600
2022-08-31 09:46:00,940,940,945,940,65600
2022-08-31 09:47:00,940,940,940,940,95100
2022-08-31 09:48:00,940,935,940,935,205000
2022-08-31 09:49:00,935,930,935,935,65200
2022-08-31 09:50:00,930,930,930,930,152500
2022-08-31 09:51:00,935,930,935,930,56300
2022-08-31 09:52:00,935,935,935,935,300
2022-08-31 09:53:00,935,930,935,935,14700
2022-08-31 09:54:00,930,930,930,930,80400
2022-08-31 09:55:00,935,930,935,930,5800
2022-08-31 09:56:00,930,930,935,935,1300
2022-08-31 09:57:00,935,935,935,935,800
2022-08-31 09:58:00,935,935,935,935,0
2022-08-31 09:59:00,935,935,935,935,2000
2022-08-31 10:00:00,935,935,935,935,0
2022-08-31 10:01:00,935,935,935,935,4700
2022-08-31 10:02:00,935,935,935,935,1500
2022-08-31 10:03:00,935,930,935,930,2300
2022-08-31 10:04:00,935,930,935,930,0
2022-08-31 10:05:00,935,935,935,935,0
2022-08-31 10:06:00,930,930,930,930,0
2022-08-31 10:07:00,930,930,930,930,400
2022-08-31 10:08:00,930,930,930,930,0
2022-08-31 10:09:00,930,930,935,935,300
2022-08-31 10:10:00,930,930,935,935,0
2022-08-31 10:11:00,930,930,930,930,6800
2022-08-31 10:12:00,930,930,930,930,0
2022-08-31 10:13:00,930,930,930,930,0
2022-08-31 10:14:00,935,935,935,935,8600
2022-08-31 10:15:00,930,930,935,935,0
2022-08-31 10:16:00,935,930,935,930,11500
2022-08-31 10:17:00,935,935,935,935,19800
2022-08-31 10:18:00,935,935,935,935,0
2022-08-31 10:19:00,935,935,935,935,0
2022-08-31 10:20:00,935,935,935,935,0
2022-08-31 10:21:00,930,930,930,930,300
2022-08-31 10:22:00,935,930,935,930,9200
2022-08-31 10:23:00,930,930,930,930,0
2022-08-31 10:24:00,930,930,930,930,6700
2022-08-31 10:25:00,935,935,935,935,0
2022-08-31 10:26:00,935,935,935,935,11000
2022-08-31 10:27:00,930,930,930,930,0
2022-08-31 10:28:00,930,930,930,930,152300
2022-08-31 10:29:00,930,930,930,930,34900
2022-08-31 10:30:00,935,930,935,930,0
2022-08-31 10:31:00,935,930,935,930,4000
2022-08-31 10:32:00,935,930,935,930,0
2022-08-31 10:33:00,935,930,935,930,0
2022-08-31 10:34:00,930,930,935,930,3200
2022-08-31 10:35:00,930,930,930,930,92000
2022-08-31 10:36:00,935,935,935,935,0
2022-08-31 10:37:00,935,935,935,935,0
2022-08-31 10:38:00,935,935,935,935,0
2022-08-31 10:39:00,930,930,935,935,5900
2022-08-31 10:40:00,930,930,935,935,0
2022-08-31 10:41:00,935,935,935,935,3600
2022-08-31 10:42:00,935,935,935,935,0
2022-08-31 10:43:00,935,935,935,935,1500
2022-08-31 10:44:00,935,935,935,935,5600
2022-08-31 10:45:00,935,935,935,935,0
2022-08-31 10:46:00,930,930,930,930,5700
2022-08-31 10:47:00,930,930,930,930,0
2022-08-31 10:48:00,935,930,935,930,0
2022-08-31 10:49:00,935,930,935,930,0
2022-08-31 10:50:00,930,930,930,930,439500
2022-08-31 10:51:00,930,930,930,930,0
2022-08-31 10:52:00,930,925,930,930,48600
2022-08-31 10:53:00,930,930,930,930,0
2022-08-31 10:54:00,930,930,930,930,0
2022-08-31 10:55:00,930,930,930,930,1000
2022-08-31 10:56:00,930,930,930,930,0
2022-08-31 10:57:00,930,930,930,930,2200
2022-08-31 10:58:00,930,930,935,930,9600
2022-08-31 10:59:00,935,935,935,935,1700
2022-08-31 11:00:00,935,935,935,935,0
2022-08-31 11:01:00,930,930,930,930,19000
2022-08-31 11:02:00,930,930,930,930,58500
2022-08-31 11:03:00,930,920,930,920,803500
2022-08-31 11:04:00,925,920,925,920,1372400
2022-08-31 11:05:00,925,915,925,915,136800
2022-08-31 11:06:00,920,920,920,920,5700
2022-08-31 11:07:00,920,915,920,920,192000
2022-08-31 11:08:00,920,915,920,920,24800
2022-08-31 11:09:00,920,920,920,920,5600
2022-08-31 11:10:00,915,915,915,915,78800
2022-08-31 11:11:00,915,915,920,920,1800
2022-08-31 11:12:00,920,920,920,920,0
2022-08-31 11:13:00,920,920,920,920,25300
2022-08-31 11:14:00,920,915,920,915,12100
2022-08-31 11:15:00,915,915,920,915,7400
2022-08-31 11:16:00,920,920,920,920,3400
2022-08-31 11:17:00,920,920,920,920,27400
2022-08-31 11:18:00,920,915,920,915,141500
2022-08-31 11:19:00,920,915,920,920,7100
2022-08-31 11:20:00,920,920,920,920,69100
2022-08-31 11:21:00,915,915,920,920,8700
2022-08-31 11:22:00,920,920,920,920,0
2022-08-31 11:23:00,920,920,920,920,2600
2022-08-31 11:24:00,920,915,920,920,37700
2022-08-31 11:25:00,920,915,920,920,0
2022-08-31 11:26:00,920,915,920,920,0
2022-08-31 11:27:00,920,920,920,920,1000
2022-08-31 11:28:00,920,920,920,920,15800
2022-08-31 11:29:00,920,915,920,915,4600
2022-08-31 11:30:00,920,915,920,915,0
2022-08-31 11:31:00,920,915,920,915,0
2022-08-31 11:32:00,920,915,920,915,0
2022-08-31 11:33:00,920,915,920,915,0
2022-08-31 11:34:00,920,915,920,915,0
2022-08-31 11:35:00,920,915,920,915,0
2022-08-31 11:36:00,920,915,920,915,0
2022-08-31 11:37:00,920,915,920,915,0
2022-08-31 11:38:00,920,915,920,915,0
2022-08-31 11:39:00,920,915,920,915,0
2022-08-31 11:40:00,920,915,920,915,0
2022-08-31 11:41:00,920,915,920,915,0
2022-08-31 11:42:00,920,915,920,915,0
2022-08-31 11:43:00,920,915,920,915,0
2022-08-31 11:44:00,920,915,920,915,0
2022-08-31 11:45:00,920,915,920,915,0
2022-08-31 11:46:00,920,915,920,915,0
2022-08-31 11:47:00,920,915,920,915,0
2022-08-31 11:48:00,920,915,920,915,0
2022-08-31 11:49:00,920,915,920,915,0
2022-08-31 11:50:00,920,915,920,915,0
2022-08-31 11:51:00,920,915,920,915,0
2022-08-31 11:52:00,920,915,920,915,0
2022-08-31 11:53:00,920,915,920,915,0
2022-08-31 11:54:00,920,915,920,915,0
2022-08-31 11:55:00,920,915,920,915,0
2022-08-31 11:56:00,920,915,920,915,0
2022-08-31 11:57:00,920,915,920,915,0
2022-08-31 11:58:00,920,915,920,915,0
2022-08-31 11:59:00,920,915,920,915,0
2022-08-31 12:00:00,920,915,920,915,0
2022-08-31 12:01:00,920,915,920,915,0
2022-08-31 12:02:00,920,915,920,915,0
2022-08-31 12:03:00,920,915,920,915,0
2022-08-31 12:04:00,920,915,920,915,0
2022-08-31 12:05:00,920,915,920,915,0
2022-08-31 12:06:00,920,915,920,915,0
2022-08-31 12:07:00,920,915,920,915,0
2022-08-31 12:08:00,920,915,920,915,0
2022-08-31 12:09:00,920,915,920,915,0
2022-08-31 12:10:00,920,915,920,915,0
2022-08-31 12:11:00,920,915,920,915,0
2022-08-31 12:12:00,920,915,920,915,0
2022-08-31 12:13:00,920,915,920,915,0
2022-08-31 12:14:00,920,915,920,915,0
2022-08-31 12:15:00,920,915,920,915,0
2022-08-31 12:16:00,920,915,920,915,0
2022-08-31 12:17:00,920,915,920,915,0
2022-08-31 12:18:00,920,915,920,915,0
2022-08-31 12:19:00,920,915,920,915,0
2022-08-31 12:20:00,920,915,920,915,0
2022-08-31 12:21:00,920,915,920,915,0
2022-08-31 12:22:00,920,915,920,915,0
2022-08-31 12:23:00,920,915,920,915,0
2022-08-31 12:24:00,920,915,920,915,0
2022-08-31 12:25:00,920,915,920,915,0
2022-08-31 12:26:00,920,915,920,915,0
2022-08-31 12:27:00,920,915,920,915,0
2022-08-31 12:28:00,920,915,920,915,0
2022-08-31 12:29:00,920,915,920,915,0
2022-08-31 12:30:00,920,915,920,915,0
2022-08-31 12:31:00,920,915,920,915,0
2022-08-31 12:32:00,920,915,920,915,0
2022-08-31 12:33:00,920,915,920,915,0
2022-08-31 12:34:00,920,915,920,915,0
2022-08-31 12:35:00,920,915,920,915,0
2022-08-31 12:36:00,920,915,920,915,0
2022-08-31 12:37:00,920,915,920,915,0
2022-08-31 12:38:00,920,915,920,915,0
2022-08-31 12:39:00,920,915,920,915,0
2022-08-31 12:40:00,920,915,920,915,0
2022-08-31 12:41:00,920,915,920,915,0
2022-08-31 12:42:00,920,915,920,915,0
2022-08-31 12:43:00,920,915,920,915,0
2022-08-31 12:44:00,920,915,920,915,0
2022-08-31 12:45:00,920,915,920,915,0
2022-08-31 12:46:00,920,915,920,915,0
2022-08-31 12:47:00,920,915,920,915,0
2022-08-31 12:48:00,920,915,920,915,0
2022-08-31 12:49:00,920,915,920,915,0
2022-08-31 12:50:00,920,915,920,915,0
2022-08-31 12:51:00,920,915,920,915,0
2022-08-31 12:52:00,920,915,920,915,0
2022-08-31 12:53:00,920,915,920,915,0
2022-08-31 12:54:00,920,915,920,915,0
2022-08-31 12:55:00,920,915,920,915,0
2022-08-31 12:56:00,920,915,920,915,0
2022-08-31 12:57:00,920,915,920,915,0
2022-08-31 12:58:00,920,915,920,915,0
2022-08-31 12:59:00,920,915,920,915,0
2022-08-31 13:00:00,920,915,920,915,0
2022-08-31 13:01:00,920,915,920,915,0
2022-08-31 13:02:00,920,915,920,915,0
2022-08-31 13:03:00,920,915,920,915,0
2022-08-31 13:04:00,920,915,920,915,0
2022-08-31 13:05:00,920,915,920,915,0
2022-08-31 13:06:00,920,915,920,915,0
2022-08-31 13:07:00,920,915,920,915,0
2022-08-31 13:08:00,920,915,920,915,0
2022-08-31 13:09:00,920,915,920,915,0
2022-08-31 13:10:00,920,915,920,915,0
2022-08-31 13:11:00,920,915,920,915,0
2022-08-31 13:12:00,920,915,920,915,0
2022-08-31 13:13:00,920,915,920,915,0
2022-08-31 13:14:00,920,915,920,915,0
2022-08-31 13:15:00,920,915,920,915,0
2022-08-31 13:16:00,920,915,920,915,0
2022-08-31 13:17:00,920,915,920,915,0
2022-08-31 13:18:00,920,915,920,915,0
2022-08-31 13:19:00,920,915,920,915,0
2022-08-31 13:20:00,920,915,920,915,0
2022-08-31 13:21:00,920,915,920,915,0
2022-08-31 13:22:00,920,915,920,915,0
2022-08-31 13:23:00,920,915,920,915,0
2022-08-31 13:24:00,920,915,920,915,0
2022-08-31 13:25:00,920,915,920,915,0
2022-08-31 13:26:00,920,915,920,915,0
2022-08-31 13:27:00,920,915,920,915,0
2022-08-31 13:28:00,920,915,920,915,0
2022-08-31 13:29:00,920,915,920,915,0
2022-08-31 13:30:00,915,915,920,920,41800
2022-08-31 13:31:00,920,920,920,920,1700
2022-08-31 13:32:00,920,920,920,920,20000
2022-08-31 13:33:00,920,920,920,920,0
2022-08-31 13:34:00,920,915,920,915,0
2022-08-31 13:35:00,915,915,915,915,59500
2022-08-31 13:36:00,915,915,915,915,16400
2022-08-31 13:37:00,920,915,920,920,28500
2022-08-31 13:38:00,920,920,920,920,159600
2022-08-31 13:39:00,920,920,925,925,440600
2022-08-31 13:40:00,925,925,925,925,114900
2022-08-31 13:41:00,925,925,930,930,3900
2022-08-31 13:42:00,930,925,930,925,141200
2022-08-31 13:43:00,925,925,925,925,31000
2022-08-31 13:44:00,930,925,930,925,22700
2022-08-31 13:45:00,925,920,925,920,131200
2022-08-31 13:46:00,920,920,920,920,149500
2022-08-31 13:47:00,920,920,920,920,69700
2022-08-31 13:48:00,920,920,920,920,0
2022-08-31 13:49:00,920,920,920,920,198300
2022-08-31 13:50:00,920,920,920,920,10100
2022-08-31 13:51:00,920,920,920,920,200
2022-08-31 13:52:00,920,920,920,920,100
2022-08-31 13:53:00,920,920,920,920,0
2022-08-31 13:54:00,920,920,925,925,3000
2022-08-31 13:55:00,925,925,925,925,1400
2022-08-31 13:56:00,925,925,925,925,0
2022-08-31 13:57:00,920,920,925,925,1900
2022-08-31 13:58:00,925,920,925,925,18900
2022-08-31 13:59:00,920,915,920,915,468000
2022-08-31 14:00:00,915,915,915,915,14700
2022-08-31 14:01:00,920,915,920,915,100
2022-08-31 14:02:00,915,915,920,920,1500
2022-08-31 14:03:00,915,915,920,920,29800
2022-08-31 14:04:00,915,915,920,920,0
2022-08-31 14:05:00,920,920,920,920,90600
2022-08-31 14:06:00,920,920,920,920,17500
2022-08-31 14:07:00,920,920,920,920,42100
2022-08-31 14:08:00,920,920,920,920,79800
2022-08-31 14:09:00,920,920,925,920,14800
2022-08-31 14:10:00,920,920,920,920,10300
2022-08-31 14:11:00,925,925,925,925,0
2022-08-31 14:12:00,920,920,920,920,10600
2022-08-31 14:13:00,920,920,920,920,31600
2022-08-31 14:14:00,920,915,920,915,80400
2022-08-31 14:15:00,920,915,920,915,0
2022-08-31 14:16:00,915,915,920,920,1600
2022-08-31 14:17:00,920,915,920,920,6600
2022-08-31 14:18:00,915,915,920,920,133400
2022-08-31 14:19:00,915,915,920,920,0
2022-08-31 14:20:00,915,915,915,915,318500
2022-08-31 14:21:00,915,910,915,910,59500
2022-08-31 14:22:00,910,910,915,915,464400
2022-08-31 14:23:00,915,915,915,915,16200
2022-08-31 14:24:00,915,915,915,915,4000
2022-08-31 14:25:00,910,910,910,910,52700
2022-08-31 14:26:00,915,910,915,915,58500
2022-08-31 14:27:00,910,910,915,910,48900
2022-08-31 14:28:00,910,910,915,910,32300
2022-08-31 14:29:00,910,910,915,910,4700
2022-08-31 14:30:00,910,910,915,915,96000
2022-08-31 14:31:00,915,905,915,905,809400
2022-08-31 14:32:00,905,905,910,910,41500
2022-08-31 14:33:00,910,910,910,910,52200
2022-08-31 14:34:00,910,910,910,910,24500
2022-08-31 14:35:00,910,910,915,910,113700
2022-08-31 14:36:00,910,905,910,905,117800
2022-08-31 14:37:00,910,905,910,910,25100
2022-08-31 14:38:00,910,910,910,910,43900
2022-08-31 14:39:00,905,905,910,910,30500
2022-08-31 14:40:00,910,910,915,915,194400
2022-08-31 14:41:00,910,910,915,915,6200
2022-08-31 14:42:00,915,915,915,915,8900
2022-08-31 14:43:00,915,915,915,915,4000
2022-08-31 14:44:00,915,915,915,915,49000
2022-08-31 14:45:00,915,915,915,915,9800
2022-08-31 14:46:00,915,915,915,915,15400
2022-08-31 14:47:00,915,910,915,910,17700
2022-08-31 14:48:00,915,915,915,915,41300
2022-08-31 14:49:00,915,915,915,915,15800
2022-08-31 14:50:00,915,915,915,915,0
2022-08-31 14:51:00,915,915,915,915,0
2022-08-31 14:52:00,915,915,915,915,0
2022-08-31 14:53:00,915,915,915,915,0
2022-08-31 14:54:00,915,915,915,915,0
2022-08-31 14:55:00,915,915,915,915,0
2022-08-31 14:56:00,915,915,915,915,0
2022-08-31 14:57:00,915,915,915,915,0
2022-08-31 14:58:00,915,915,915,915,0
2022-08-31 14:59:00,915,915,915,915,0
2022-08-31 15:00:00,915,915,915,915,908200
2022-08-31 15:01:00,915,915,915,915,65000
2022-08-31 15:02:00,915,915,915,915,1100
2022-08-31 15:03:00,915,915,915,915,11300
2022-08-31 15:04:00,915,915,915,915,387600
2022-08-31 15:05:00,915,915,915,915,0
2022-08-31 15:06:00,915,915,915,915,0
2022-08-31 15:07:00,915,915,915,915,1500
2022-08-31 15:08:00,915,915,915,915,5300
2022-08-31 15:09:00,915,915,915,915,3000
2022-08-31 15:10:00,915,915,915,915,3700
2022-08-31 15:11:00,915,915,915,915,1715800
2022-08-31 15:12:00,915,915,915,915,100
2022-08-31 15:13:00,915,915,915,915,373400
2022-08-31 15:14:00,915,915,915,915,0
2022-08-31 15:15:00,915,915,915,915,0
2022-08-31 15:16:00,915,915,915,915,0
2022-08-31 15:17:00,915,915,915,915,0
2022-08-31 15:18:00,915,915,915,915,0
2022-08-31 15:19:00,915,915,915,915,0
2022-08-31 15:20:00,915,915,915,915,0
2022-08-31 15:21:00,915,915,915,915,0
2022-08-31 15:22:00,915,915,915,915,0
2022-08-31 15:23:00,915,915,915,915,0
2022-08-31 15:24:00,915,915,915,915,0
2022-08-31 15:25:00,915,915,915,915,0
2022-08-31 15:26:00,915,915,915,915,0
2022-08-31 15:27:00,915,915,915,915,0
2022-08-31 15:28:00,915,915,915,915,0
2022-08-31 15:29:00,915,915,915,915,0
2022-08-31 15:30:00,915,915,915,915,0
2022-08-31 15:31:00,915,915,915,915,0
2022-08-31 15:32:00,915,915,915,915,0
2022-08-31 15:33:00,915,915,915,915,0
2022-08-31 15:34:00,915,915,915,915,0
2022-08-31 15:35:00,915,915,915,915,0
2022-08-31 15:36:00,915,915,915,915,0
2022-08-31 15:37:00,915,915,915,915,0
2022-08-31 15:38:00,915,915,915,915,0
2022-08-31 15:39:00,915,915,915,915,0
2022-08-31 15:40:00,915,915,915,915,0
2022-08-31 15:41:00,915,915,915,915,0
2022-08-31 15:42:00,915,915,915,915,0
2022-08-31 15:43:00,915,915,915,915,0
2022-08-31 15:44:00,915,915,915,915,0
2022-08-31 15:45:00,915,915,915,915,0
2022-08-31 15:46:00,915,915,915,915,0
2022-08-31 15:47:00,915,915,915,915,0
2022-08-31 15:48:00,915,915,915,915,0
2022-08-31 15:49:00,915,915,915,915,0
2022-08-31 15:50:00,915,915,915,915,0
2022-08-31 15:51:00,915,915,915,915,0
2022-08-31 15:52:00,915,915,915,915,0
2022-08-31 15:53:00,915,915,915,915,0
2022-08-31 15:54:00,915,915,915,915,0
2022-08-31 15:55:00,915,915,915,915,0
2022-08-31 15:56:00,915,915,915,915,0
2022-08-31 15:57:00,915,915,915,915,0
2022-08-31 15:58:00,915,915,915,915,0
2022-08-31 15:59:00,915,915,915,915,0
2022-09-01 09:00:00,915,910,915,910,174400
2022-09-01 09:01:00,910,895,910,895,398900
2022-09-01 09:02:00,895,895,905,905,183700
2022-09-01 09:03:00,905,900,905,905,79500
2022-09-01 09:04:00,905,905,910,910,20500
2022-09-01 09:05:00,910,905,910,910,37200
2022-09-01 09:06:00,910,910,915,910,14600
2022-09-01 09:07:00,915,910,915,910,34600
2022-09-01 09:08:00,910,910,915,910,7600
2022-09-01 09:09:00,910,910,915,915,21200
2022-09-01 09:10:00,910,910,915,910,18700
2022-09-01 09:11:00,910,910,910,910,5200
2022-09-01 09:12:00,910,910,910,910,12600
2022-09-01 09:13:00,910,910,910,910,165800
2022-09-01 09:14:00,910,910,915,915,4400
2022-09-01 09:15:00,915,915,915,915,4500
2022-09-01 09:16:00,910,910,915,915,31400
2022-09-01 09:17:00,915,910,915,910,13100
2022-09-01 09:18:00,915,915,915,915,608300
2022-09-01 09:19:00,915,910,915,915,49200
2022-09-01 09:20:00,915,910,915,910,77700
2022-09-01 09:21:00,915,915,915,915,700
2022-09-01 09:22:00,915,910,915,915,16500
2022-09-01 09:23:00,910,910,915,910,52500
2022-09-01 09:24:00,915,915,915,915,0
2022-09-01 09:25:00,910,910,915,915,24800
2022-09-01 09:26:00,915,910,915,910,9996300
2022-09-01 09:27:00,910,910,920,915,565900
2022-09-01 09:28:00,915,915,915,915,13821100
2022-09-01 09:29:00,915,915,915,915,0
2022-09-01 09:30:00,915,915,915,915,0
2022-09-01 09:31:00,910,910,915,915,0
2022-09-01 09:32:00,915,910,915,910,32700
2022-09-01 09:33:00,915,910,915,910,0
2022-09-01 09:34:00,910,910,910,910,33400
2022-09-01 09:35:00,915,910,920,920,308300
2022-09-01 09:36:00,920,920,920,920,249900
2022-09-01 09:37:00,915,915,915,915,57600
2022-09-01 09:38:00,915,915,915,915,135100
2022-09-01 09:39:00,915,915,915,915,0
2022-09-01 09:40:00,915,915,915,915,35500
2022-09-01 09:41:00,910,910,910,910,0
2022-09-01 09:42:00,910,910,915,915,194200
2022-09-01 09:43:00,910,910,915,910,6500
2022-09-01 09:44:00,910,910,910,910,17800
2022-09-01 09:45:00,910,910,910,910,0
2022-09-01 09:46:00,915,915,920,920,66000
2022-09-01 09:47:00,920,920,920,920,168800
2022-09-01 09:48:00,920,920,920,920,67400
2022-09-01 09:49:00,915,915,920,920,10000800
2022-09-01 09:50:00,915,915,920,920,9997400
2022-09-01 09:51:00,920,920,925,925,99800
2022-09-01 09:52:00,925,925,925,925,0
2022-09-01 09:53:00,925,920,925,920,211500
2022-09-01 09:54:00,920,920,920,920,70900
2022-09-01 09:55:00,920,920,920,920,0
2022-09-01 09:56:00,920,920,920,920,33400
2022-09-01 09:57:00,920,920,920,920,54800
2022-09-01 09:58:00,920,920,920,920,15400
2022-09-01 09:59:00,920,920,920,920,0
2022-09-01 10:00:00,920,915,920,915,136700
2022-09-01 10:01:00,915,915,920,920,4900
2022-09-01 10:02:00,920,920,920,920,112100
2022-09-01 10:03:00,920,920,920,920,1200
2022-09-01 10:04:00,915,915,915,915,0
2022-09-01 10:05:00,915,915,915,915,0
2022-09-01 10:06:00,915,915,915,915,0
2022-09-01 10:07:00,915,915,915,915,14500
2022-09-01 10:08:00,915,915,915,915,132200
2022-09-01 10:09:00,915,915,915,915,0
2022-09-01 10:10:00,915,915,915,915,0
2022-09-01 10:11:00,915,915,915,915,0
2022-09-01 10:12:00,915,915,915,915,36400
2022-09-01 10:13:00,920,920,920,920,329900
2022-09-01 10:14:00,920,920,920,920,15800
2022-09-01 10:15:00,920,920,920,920,600
2022-09-01 10:16:00,920,920,920,920,23000
2022-09-01 10:17:00,920,920,920,920,36000
2022-09-01 10:18:00,920,920,920,920,1600
2022-09-01 10:19:00,920,920,925,925,8900
2022-09-01 10:20:00,920,920,925,925,0
2022-09-01 10:21:00,925,920,925,920,15800
2022-09-01 10:22:00,920,920,920,920,200
2022-09-01 10:23:00,920,915,920,915,119900
2022-09-01 10:24:00,920,915,920,915,0
2022-09-01 10:25:00,915,915,915,915,400
2022-09-01 10:26:00,915,915,915,915,0
2022-09-01 10:27:00,915,915,915,915,3800
2022-09-01 10:28:00,920,920,920,920,62800
2022-09-01 10:29:00,920,920,920,920,0
2022-09-01 10:30:00,920,920,920,920,20800
2022-09-01 10:31:00,920,920,920,920,0
2022-09-01 10:32:00,920,920,920,920,0
2022-09-01 10:33:00,920,915,920,915,0
2022-09-01 10:34:00,920,920,920,920,4400
2022-09-01 10:35:00,920,920,920,920,0
2022-09-01 10:36:00,920,920,920,920,19400
2022-09-01 10:37:00,920,920,920,920,0
2022-09-01 10:38:00,915,915,915,915,8300
2022-09-01 10:39:00,915,915,915,915,0
2022-09-01 10:40:00,915,915,915,915,0
2022-09-01 10:41:00,915,915,915,915,0
2022-09-01 10:42:00,915,915,915,915,6300
2022-09-01 10:43:00,920,915,920,920,36100
2022-09-01 10:44:00,920,915,920,920,0
2022-09-01 10:45:00,920,915,920,920,0
2022-09-01 10:46:00,920,920,920,920,0
2022-09-01 10:47:00,915,915,915,915,24100
2022-09-01 10:48:00,915,915,915,915,27500
2022-09-01 10:49:00,915,915,915,915,0
2022-09-01 10:50:00,915,915,915,915,0
2022-09-01 10:51:00,915,915,915,915,0
2022-09-01 10:52:00,915,915,915,915,5800
2022-09-01 10:53:00,915,915,915,915,59400
2022-09-01 10:54:00,915,915,915,915,4100
2022-09-01 10:55:00,915,915,920,915,5500
2022-09-01 10:56:00,920,915,920,915,2800
2022-09-01 10:57:00,915,915,915,915,11400
2022-09-01 10:58:00,915,915,915,915,1400
2022-09-01 10:59:00,915,915,915,915,7600
2022-09-01 11:00:00,920,915,920,915,5400
2022-09-01 11:01:00,915,915,915,915,6000
2022-09-01 11:02:00,915,915,915,915,30900
2022-09-01 11:03:00,915,915,915,915,104600
2022-09-01 11:04:00,915,915,915,915,0
2022-09-01 11:05:00,915,915,915,915,2700
2022-09-01 11:06:00,915,915,915,915,4800
2022-09-01 11:07:00,915,915,915,915,2400
2022-09-01 11:08:00,915,915,915,915,1400
2022-09-01 11:09:00,915,915,915,915,200
2022-09-01 11:10:00,915,915,915,915,4600
2022-09-01 11:11:00,915,915,915,915,172300
2022-09-01 11:12:00,910,910,910,910,10100
2022-09-01 11:13:00,910,910,910,910,1600
2022-09-01 11:14:00,910,910,910,910,700
2022-09-01 11:15:00,910,910,910,910,5000
2022-09-01 11:16:00,910,910,915,915,89000
2022-09-01 11:17:00,915,915,915,915,800
2022-09-01 11:18:00,915,915,915,915,9900
2022-09-01 11:19:00,915,910,915,910,5100
2022-09-01 11:20:00,915,905,915,910,986500
2022-09-01 11:21:00,910,905,910,910,32300
2022-09-01 11:22:00,910,910,910,910,1200
2022-09-01 11:23:00,915,915,915,915,5000
2022-09-01 11:24:00,915,915,915,915,30000
2022-09-01 11:25:00,915,915,915,915,200
2022-09-01 11:26:00,910,910,915,915,4000
2022-09-01 11:27:00,915,910,915,910,13300
2022-09-01 11:28:00,910,910,910,910,7400
2022-09-01 11:29:00,910,910,910,910,0
2022-09-01 11:30:00,910,910,910,910,0
2022-09-01 11:31:00,910,910,910,910,0
2022-09-01 11:32:00,910,910,910,910,0
2022-09-01 11:33:00,910,910,910,910,0
2022-09-01 11:34:00,910,910,910,910,0
2022-09-01 11:35:00,910,910,910,910,0
2022-09-01 11:36:00,910,910,910,910,0
2022-09-01 11:37:00,910,910,910,910,0
2022-09-01 11:38:00,910,910,910,910,0
2022-09-01 11:39:00,910,910,910,910,0
2022-09-01 11:40:00,910,910,910,910,0
2022-09-01 11:41:00,910,910,910,910,0
2022-09-01 11:42:00,910,910,910,910,0
2022-09-01 11:43:00,910,910,910,910,0
2022-09-01 11:44:00,910,910,910,910,0
2022-09-01 11:45:00,910,910,910,910,0
2022-09-01 11:46:00,910,910,910,910,0
2022-09-01 11:47:00,910,910,910,910,0
2022-09-01 11:48:00,910,910,910,910,0
2022-09-01 11:49:00,910,910,910,910,0
2022-09-01 11:50:00,910,910,910,910,0
2022-09-01 11:51:00,910,910,910,910,0
2022-09-01 11:52:00,910,910,910,910,0
2022-09-01 11:53:00,910,910,910,910,0
2022-09-01 11:54:00,910,910,910,910,0
2022-09-01 11:55:00,910,910,910,910,0
2022-09-01 11:56:00,910,910,910,910,0
2022-09-01 11:57:00,910,910,910,910,0
2022-09-01 11:58:00,910,910,910,910,0
2022-09-01 11:59:00,910,910,910,910,0
2022-09-01 12:00:00,910,910,910,910,0
2022-09-01 12:01:00,910,910,910,910,0
2022-09-01 12:02:00,910,910,910,910,0
2022-09-01 12:03:00,910,910,910,910,0
2022-09-01 12:04:00,910,910,910,910,0
2022-09-01 12:05:00,910,910,910,910,0
2022-09-01 12:06:00,910,910,910,910,0
2022-09-01 12:07:00,910,910,910,910,0
2022-09-01 12:08:00,910,910,910,910,0
2022-09-01 12:09:00,910,910,910,910,0
2022-09-01 12:10:00,910,910,910,910,0
2022-09-01 12:11:00,910,910,910,910,0
2022-09-01 12:12:00,910,910,910,910,0
2022-09-01 12:13:00,910,910,910,910,0
2022-09-01 12:14:00,910,910,910,910,0
2022-09-01 12:15:00,910,910,910,910,0
2022-09-01 12:16:00,910,910,910,910,0
2022-09-01 12:17:00,910,910,910,910,0
2022-09-01 12:18:00,910,910,910,910,0
2022-09-01 12:19:00,910,910,910,910,0
2022-09-01 12:20:00,910,910,910,910,0
2022-09-01 12:21:00,910,910,910,910,0
2022-09-01 12:22:00,910,910,910,910,0
2022-09-01 12:23:00,910,910,910,910,0
2022-09-01 12:24:00,910,910,910,910,0
2022-09-01 12:25:00,910,910,910,910,0
2022-09-01 12:26:00,910,910,910,910,0
2022-09-01 12:27:00,910,910,910,910,0
2022-09-01 12:28:00,910,910,910,910,0
2022-09-01 12:29:00,910,910,910,910,0
2022-09-01 12:30:00,910,910,910,910,0
2022-09-01 12:31:00,910,910,910,910,0
2022-09-01 12:32:00,910,910,910,910,0
2022-09-01 12:33:00,910,910,910,910,0
2022-09-01 12:34:00,910,910,910,910,0
2022-09-01 12:35:00,910,910,910,910,0
2022-09-01 12:36:00,910,910,910,910,0
2022-09-01 12:37:00,910,910,910,910,0
2022-09-01 12:38:00,910,910,910,910,0
2022-09-01 12:39:00,910,910,910,910,0
2022-09-01 12:40:00,910,910,910,910,0
2022-09-01 12:41:00,910,910,910,910,0
2022-09-01 12:42:00,910,910,910,910,0
2022-09-01 12:43:00,910,910,910,910,0
2022-09-01 12:44:00,910,910,910,910,0
2022-09-01 12:45:00,910,910,910,910,0
2022-09-01 12:46:00,910,910,910,910,0
2022-09-01 12:47:00,910,910,910,910,0
2022-09-01 12:48:00,910,910,910,910,0
2022-09-01 12:49:00,910,910,910,910,0
2022-09-01 12:50:00,910,910,910,910,0
2022-09-01 12:51:00,910,910,910,910,0
2022-09-01 12:52:00,910,910,910,910,0
2022-09-01 12:53:00,910,910,910,910,0
2022-09-01 12:54:00,910,910,910,910,0
2022-09-01 12:55:00,910,910,910,910,0
2022-09-01 12:56:00,910,910,910,910,0
2022-09-01 12:57:00,910,910,910,910,0
2022-09-01 12:58:00,910,910,910,910,0
2022-09-01 12:59:00,910,910,910,910,0
2022-09-01 13:00:00,910,910,910,910,0
2022-09-01 13:01:00,910,910,910,910,0
2022-09-01 13:02:00,910,910,910,910,0
2022-09-01 13:03:00,910,910,910,910,0
2022-09-01 13:04:00,910,910,910,910,0
2022-09-01 13:05:00,910,910,910,910,0
2022-09-01 13:06:00,910,910,910,910,0
2022-09-01 13:07:00,910,910,910,910,0
2022-09-01 13:08:00,910,910,910,910,0
2022-09-01 13:09:00,910,910,910,910,0
2022-09-01 13:10:00,910,910,910,910,0
2022-09-01 13:11:00,910,910,910,910,0
2022-09-01 13:12:00,910,910,910,910,0
2022-09-01 13:13:00,910,910,910,910,0
2022-09-01 13:14:00,910,910,910,910,0
2022-09-01 13:15:00,910,910,910,910,0
2022-09-01 13:16:00,910,910,910,910,0
2022-09-01 13:17:00,910,910,910,910,0
2022-09-01 13:18:00,910,910,910,910,0
2022-09-01 13:19:00,910,910,910,910,0
2022-09-01 13:20:00,910,910,910,910,0
2022-09-01 13:21:00,910,910,910,910,0
2022-09-01 13:22:00,910,910,910,910,0
2022-09-01 13:23:00,910,910,910,910,0
2022-09-01 13:24:00,910,910,910,910,0
2022-09-01 13:25:00,910,910,910,910,0
2022-09-01 13:26:00,910,910,910,910,0
2022-09-01 13:27:00,910,910,910,910,0
2022-09-01 13:28:00,910,910,910,910,0
2022-09-01 13:29:00,910,910,910,910,0
2022-09-01 13:30:00,910,910,915,910,46786100
2022-09-01 13:31:00,910,910,915,910,0
2022-09-01 13:32:00,910,910,915,910,0
2022-09-01 13:33:00,910,910,910,910,32200
2022-09-01 13:34:00,910,910,910,910,36600
2022-09-01 13:35:00,910,910,910,910,8200
2022-09-01 13:36:00,910,910,910,910,75000
2022-09-01 13:37:00,910,910,910,910,3400
2022-09-01 13:38:00,915,910,915,910,26000
2022-09-01 13:39:00,910,910,910,910,2000
2022-09-01 13:40:00,910,910,915,910,25000
2022-09-01 13:41:00,910,910,915,910,13600
2022-09-01 13:42:00,910,910,910,910,10900
2022-09-01 13:43:00,910,910,910,910,23800
2022-09-01 13:44:00,910,905,910,905,1329600
2022-09-01 13:45:00,905,900,910,910,95600
2022-09-01 13:46:00,910,905,910,905,0
2022-09-01 13:47:00,910,910,910,910,3900
2022-09-01 13:48:00,905,905,910,905,18400
2022-09-01 13:49:00,905,905,910,910,201900
2022-09-01 13:50:00,910,900,910,910,751000
2022-09-01 13:51:00,910,900,910,910,0
2022-09-01 13:52:00,905,900,905,905,319600
2022-09-01 13:53:00,905,900,905,900,237300
2022-09-01 13:54:00,900,900,900,900,56900
2022-09-01 13:55:00,905,900,905,900,47300
2022-09-01 13:56:00,900,900,905,900,58300
2022-09-01 13:57:00,905,900,905,900,10200
2022-09-01 13:58:00,900,900,905,905,59100
2022-09-01 13:59:00,905,905,905,905,6500
2022-09-01 14:00:00,905,900,905,905,99400
2022-09-01 14:01:00,905,900,905,900,0
2022-09-01 14:02:00,900,900,905,905,17800
2022-09-01 14:03:00,905,900,905,900,36700
2022-09-01 14:04:00,900,900,905,905,84200
2022-09-01 14:05:00,905,905,905,905,35900
2022-09-01 14:06:00,905,905,905,905,6000
2022-09-01 14:07:00,905,905,910,910,1300
2022-09-01 14:08:00,910,905,910,905,5200
2022-09-01 14:09:00,905,905,905,905,7900
2022-09-01 14:10:00,905,905,910,905,24600
2022-09-01 14:11:00,905,905,910,905,0
2022-09-01 14:12:00,905,905,905,905,19100
2022-09-01 14:13:00,905,905,905,905,0
2022-09-01 14:14:00,905,905,905,905,0
2022-09-01 14:15:00,900,900,905,905,53800
2022-09-01 14:16:00,905,905,905,905,0
2022-09-01 14:17:00,905,905,905,905,28300
2022-09-01 14:18:00,900,900,900,900,0
2022-09-01 14:19:00,905,900,905,900,50637400
2022-09-01 14:20:00,905,900,905,905,8300
2022-09-01 14:21:00,905,905,905,905,53700
2022-09-01 14:22:00,905,905,905,905,19000
2022-09-01 14:23:00,905,905,905,905,212900
2022-09-01 14:24:00,910,910,910,910,1100
2022-09-01 14:25:00,910,910,910,910,0
2022-09-01 14:26:00,910,910,910,910,0
2022-09-01 14:27:00,910,905,910,905,9400
2022-09-01 14:28:00,910,905,910,905,0
2022-09-01 14:29:00,905,905,910,910,0
2022-09-01 14:30:00,910,910,910,910,5200
2022-09-01 14:31:00,905,905,905,905,34400
2022-09-01 14:32:00,905,905,905,905,33100
2022-09-01 14:33:00,905,905,905,905,10900
2022-09-01 14:34:00,910,910,910,910,9100
2022-09-01 14:35:00,905,905,905,905,0
2022-09-01 14:36:00,905,905,905,905,4000
2022-09-01 14:37:00,910,910,910,910,22600
2022-09-01 14:38:00,910,905,915,910,238600
2022-09-01 14:39:00,910,905,915,910,0
2022-09-01 14:40:00,910,910,910,910,115200
2022-09-01 14:41:00,915,915,915,915,0
2022-09-01 14:42:00,915,915,915,915,0
2022-09-01 14:43:00,910,910,910,910,21100
2022-09-01 14:44:00,910,910,915,915,549300
2022-09-01 14:45:00,915,910,915,915,358400
2022-09-01 14:46:00,915,915,915,915,116900
2022-09-01 14:47:00,915,915,920,920,28300
2022-09-01 14:48:00,915,915,920,915,136300
2022-09-01 14:49:00,915,915,920,920,87700
2022-09-01 14:50:00,915,915,920,920,0
2022-09-01 14:51:00,915,915,920,920,0
2022-09-01 14:52:00,915,915,920,920,0
2022-09-01 14:53:00,915,915,920,920,0
2022-09-01 14:54:00,915,915,920,920,0
2022-09-01 14:55:00,915,915,920,920,0
2022-09-01 14:56:00,915,915,920,920,0
2022-09-01 14:57:00,915,915,920,920,0
2022-09-01 14:58:00,915,915,920,920,0
2022-09-01 14:59:00,915,915,920,920,0
2022-09-01 15:00:00,920,920,920,920,1057400
2022-09-01 15:01:00,920,920,920,920,6100
2022-09-01 15:02:00,920,920,920,920,10000
2022-09-01 15:03:00,920,920,920,920,131100
2022-09-01 15:04:00,920,920,920,920,0
2022-09-01 15:05:00,920,920,920,920,0
2022-09-01 15:06:00,920,920,920,920,0
2022-09-01 15:07:00,920,920,920,920,900
2022-09-01 15:08:00,920,920,920,920,0
2022-09-01 15:09:00,920,920,920,920,2700
2022-09-01 15:10:00,920,920,920,920,10100
2022-09-01 15:11:00,920,920,920,920,0
2022-09-01 15:12:00,920,920,920,920,10900
2022-09-01 15:13:00,920,920,920,920,0
2022-09-01 15:14:00,920,920,920,920,0
2022-09-01 15:15:00,920,920,920,920,0
2022-09-01 15:16:00,920,920,920,920,0
2022-09-01 15:17:00,920,920,920,920,0
2022-09-01 15:18:00,920,920,920,920,0
2022-09-01 15:19:00,920,920,920,920,0
2022-09-01 15:20:00,920,920,920,920,0
2022-09-01 15:21:00,920,920,920,920,0
2022-09-01 15:22:00,920,920,920,920,0
2022-09-01 15:23:00,920,920,920,920,0
2022-09-01 15:24:00,920,920,920,920,0
2022-09-01 15:25:00,920,920,920,920,0
2022-09-01 15:26:00,920,920,920,920,0
2022-09-01 15:27:00,920,920,920,920,0
2022-09-01 15:28:00,920,920,920,920,0
2022-09-01 15:29:00,920,920,920,920,0
2022-09-01 15:30:00,920,920,920,920,0
2022-09-01 15:31:00,920,920,920,920,0
2022-09-01 15:32:00,920,920,920,920,0
2022-09-01 15:33:00,920,920,920,920,0
2022-09-01 15:34:00,920,920,920,920,0
2022-09-01 15:35:00,920,920,920,920,0
2022-09-01 15:36:00,920,920,920,920,0
2022-09-01 15:37:00,920,920,920,920,0
2022-09-01 15:38:00,920,920,920,920,0
2022-09-01 15:39:00,920,920,920,920,0
2022-09-01 15:40:00,920,920,920,920,0
2022-09-01 15:41:00,920,920,920,920,0
2022-09-01 15:42:00,920,920,920,920,0
2022-09-01 15:43:00,920,920,920,920,0
2022-09-01 15:44:00,920,920,920,920,0
2022-09-01 15:45:00,920,920,920,920,0
2022-09-01 15:46:00,920,920,920,920,0
2022-09-01 15:47:00,920,920,920,920,0
2022-09-01 15:48:00,920,920,920,920,0
2022-09-01 15:49:00,920,920,920,920,0
2022-09-01 15:50:00,920,920,920,920,0
2022-09-01 15:51:00,920,920,920,920,0
2022-09-01 15:52:00,920,920,920,920,0
2022-09-01 15:53:00,920,920,920,920,0
2022-09-01 15:54:00,920,920,920,920,0
2022-09-01 15:55:00,920,920,920,920,0
2022-09-01 15:56:00,920,920,920,920,0
2022-09-01 15:57:00,920,920,920,920,0
2022-09-01 15:58:00,920,920,920,920,0
2022-09-01 15:59:00,920,920,920,920,0
2022-09-02 09:00:00,920,915,920,920,43900
2022-09-02 09:01:00,915,915,915,915,130600
2022-09-02 09:02:00,915,915,915,915,21400
2022-09-02 09:03:00,915,910,920,920,118400
2022-09-02 09:04:00,915,910,915,915,14500
2022-09-02 09:05:00,915,915,920,920,4300
2022-09-02 09:06:00,915,915,920,920,14400
2022-09-02 09:07:00,915,915,920,915,18000
2022-09-02 09:08:00,915,915,915,915,106800
2022-09-02 09:09:00,915,915,915,915,60700
2022-09-02 09:10:00,915,915,915,915,47900
2022-09-02 09:11:00,915,915,915,915,12200
2022-09-02 09:12:00,915,915,920,915,72700
2022-09-02 09:13:00,915,915,915,915,0
2022-09-02 09:14:00,915,915,915,915,169400
2022-09-02 09:15:00,915,915,915,915,56500
2022-09-02 09:16:00,915,915,915,915,21900
2022-09-02 09:17:00,910,910,915,915,14900
2022-09-02 09:18:00,910,910,910,910,4800
2022-09-02 09:19:00,910,910,915,910,13800
2022-09-02 09:20:00,915,915,915,915,4500
2022-09-02 09:21:00,910,910,910,910,0
2022-09-02 09:22:00,910,910,915,910,180800
2022-09-02 09:23:00,915,910,915,915,2800
2022-09-02 09:24:00,910,910,915,915,2000
2022-09-02 09:25:00,915,910,915,915,178000
2022-09-02 09:26:00,915,915,915,915,54500
2022-09-02 09:27:00,910,910,915,915,24100
2022-09-02 09:28:00,910,910,915,915,0
2022-09-02 09:29:00,915,910,915,910,9200
2022-09-02 09:30:00,910,910,910,910,6800
2022-09-02 09:31:00,910,910,910,910,100
2022-09-02 09:32:00,910,910,910,910,215100
2022-09-02 09:33:00,910,910,910,910,0
2022-09-02 09:34:00,910,910,920,920,324000
2022-09-02 09:35:00,920,920,920,920,0
2022-09-02 09:36:00,920,920,920,920,0
2022-09-02 09:37:00,920,920,920,920,400
2022-09-02 09:38:00,915,915,920,920,24200
2022-09-02 09:39:00,915,915,915,915,3800
2022-09-02 09:40:00,915,915,915,915,0
2022-09-02 09:41:00,915,915,915,915,10800
2022-09-02 09:42:00,915,915,920,920,12400
2022-09-02 09:43:00,920,920,920,920,49300
2022-09-02 09:44:00,915,915,915,915,0
2022-09-02 09:45:00,920,920,920,920,0
2022-09-02 09:46:00,920,920,920,920,0
2022-09-02 09:47:00,915,915,920,920,3300
2022-09-02 09:48:00,920,920,920,920,8600
2022-09-02 09:49:00,915,915,920,915,67900
2022-09-02 09:50:00,915,915,915,915,3500
2022-09-02 09:51:00,915,915,915,915,2600
2022-09-02 09:52:00,920,915,920,920,12000
2022-09-02 09:53:00,920,915,920,920,0
2022-09-02 09:54:00,920,915,920,920,0
2022-09-02 09:55:00,915,915,920,915,161400
2022-09-02 09:56:00,915,915,915,915,22900
2022-09-02 09:57:00,915,915,915,915,25000
2022-09-02 09:58:00,915,915,915,915,800
2022-09-02 09:59:00,915,915,915,915,18000
2022-09-02 10:00:00,915,915,915,915,5000
2022-09-02 10:01:00,915,915,915,915,100
2022-09-02 10:02:00,915,915,915,915,16000
2022-09-02 10:03:00,915,915,915,915,9300
2022-09-02 10:04:00,915,915,915,915,200
2022-09-02 10:05:00,915,915,915,915,0
2022-09-02 10:06:00,915,910,915,915,35300
2022-09-02 10:07:00,915,915,915,915,400
2022-09-02 10:08:00,915,915,915,915,0
2022-09-02 10:09:00,915,915,920,915,5400
2022-09-02 10:10:00,915,915,915,915,2400
2022-09-02 10:11:00,915,915,915,915,600
2022-09-02 10:12:00,915,915,915,915,500
2022-09-02 10:13:00,915,915,915,915,8400
2022-09-02 10:14:00,910,910,915,915,643000
2022-09-02 10:15:00,910,910,915,915,313000
2022-09-02 10:16:00,910,910,915,915,14600
2022-09-02 10:17:00,915,915,915,915,75200
2022-09-02 10:18:00,915,915,915,915,0
2022-09-02 10:19:00,915,910,920,915,701000
2022-09-02 10:20:00,915,915,915,915,800
2022-09-02 10:21:00,915,915,915,915,2400
2022-09-02 10:22:00,915,915,920,920,11800
2022-09-02 10:23:00,915,915,915,915,21900
2022-09-02 10:24:00,915,910,915,915,575400
2022-09-02 10:25:00,910,905,915,905,1396300
2022-09-02 10:26:00,905,905,910,905,462600
2022-09-02 10:27:00,905,905,910,910,466400
2022-09-02 10:28:00,910,910,910,910,33500
2022-09-02 10:29:00,910,910,910,910,172700
2022-09-02 10:30:00,910,910,910,910,0
2022-09-02 10:31:00,910,905,910,905,228800
2022-09-02 10:32:00,905,900,910,905,80600
2022-09-02 10:33:00,905,905,905,905,300
2022-09-02 10:34:00,905,905,905,905,0
2022-09-02 10:35:00,910,910,910,910,18400
2022-09-02 10:36:00,910,905,910,905,500
2022-09-02 10:37:00,905,905,910,910,66300
2022-09-02 10:38:00,905,905,915,910,86600
2022-09-02 10:39:00,905,905,910,905,5400
2022-09-02 10:40:00,905,905,905,905,2800
2022-09-02 10:41:00,905,905,910,910,6700
2022-09-02 10:42:00,905,905,910,905,20100
2022-09-02 10:43:00,905,905,905,905,0
2022-09-02 10:44:00,905,905,905,905,0
2022-09-02 10:45:00,910,905,910,905,12500
2022-09-02 10:46:00,910,910,910,910,0
2022-09-02 10:47:00,910,910,910,910,0
2022-09-02 10:48:00,910,910,910,910,13500
2022-09-02 10:49:00,910,905,910,910,2600
2022-09-02 10:50:00,905,905,905,905,24800
2022-09-02 10:51:00,905,900,905,900,219100
2022-09-02 10:52:00,905,900,905,900,0
2022-09-02 10:53:00,900,900,900,900,0
2022-09-02 10:54:00,905,900,905,905,182900
2022-09-02 10:55:00,905,905,905,905,42800
2022-09-02 10:56:00,905,905,905,905,67200
2022-09-02 10:57:00,905,905,910,910,700
2022-09-02 10:58:00,910,910,910,910,200
2022-09-02 10:59:00,905,905,905,905,13000
2022-09-02 11:00:00,905,905,905,905,16700
2022-09-02 11:01:00,905,905,905,905,11900
2022-09-02 11:02:00,905,905,905,905,7700
2022-09-02 11:03:00,905,905,905,905,15300
2022-09-02 11:04:00,910,905,910,910,10400
2022-09-02 11:05:00,910,905,910,910,0
2022-09-02 11:06:00,905,905,910,910,2900
2022-09-02 11:07:00,910,910,910,910,2800
2022-09-02 11:08:00,910,905,910,905,14000
2022-09-02 11:09:00,910,905,910,905,0
2022-09-02 11:10:00,910,905,910,905,0
2022-09-02 11:11:00,905,905,905,905,6400
2022-09-02 11:12:00,905,905,905,905,34600
2022-09-02 11:13:00,910,905,910,905,3300
2022-09-02 11:14:00,905,905,905,905,14300
2022-09-02 11:15:00,905,905,910,910,42800
2022-09-02 11:16:00,905,905,910,910,0
2022-09-02 11:17:00,910,910,910,910,0
2022-09-02 11:18:00,910,910,910,910,0
2022-09-02 11:19:00,910,910,910,910,0
2022-09-02 11:20:00,910,910,910,910,18200
2022-09-02 11:21:00,910,910,910,910,1700
2022-09-02 11:22:00,910,910,910,910,61400
2022-09-02 11:23:00,910,905,910,905,4000
2022-09-02 11:24:00,910,905,910,905,9400
2022-09-02 11:25:00,905,905,905,905,38900
2022-09-02 11:26:00,905,905,910,905,11400
2022-09-02 11:27:00,905,905,910,910,15127900
2022-09-02 11:28:00,910,910,910,910,19979800
2022-09-02 11:29:00,910,910,910,910,0
2022-09-02 11:30:00,910,910,910,910,0
2022-09-02 11:31:00,910,910,910,910,0
2022-09-02 11:32:00,910,910,910,910,0
2022-09-02 11:33:00,910,910,910,910,0
2022-09-02 11:34:00,910,910,910,910,0
2022-09-02 11:35:00,910,910,910,910,0
2022-09-02 11:36:00,910,910,910,910,0
2022-09-02 11:37:00,910,910,910,910,0
2022-09-02 11:38:00,910,910,910,910,0
2022-09-02 11:39:00,910,910,910,910,0
2022-09-02 11:40:00,910,910,910,910,0
2022-09-02 11:41:00,910,910,910,910,0
2022-09-02 11:42:00,910,910,910,910,0
2022-09-02 11:43:00,910,910,910,910,0
2022-09-02 11:44:00,910,910,910,910,0
2022-09-02 11:45:00,910,910,910,910,0
2022-09-02 11:46:00,910,910,910,910,0
2022-09-02 11:47:00,910,910,910,910,0
2022-09-02 11:48:00,910,910,910,910,0
2022-09-02 11:49:00,910,910,910,910,0
2022-09-02 11:50:00,910,910,910,910,0
2022-09-02 11:51:00,910,910,910,910,0
2022-09-02 11:52:00,910,910,910,910,0
2022-09-02 11:53:00,910,910,910,910,0
2022-09-02 11:54:00,910,910,910,910,0
2022-09-02 11:55:00,910,910,910,910,0
2022-09-02 11:56:00,910,910,910,910,0
2022-09-02 11:57:00,910,910,910,910,0
2022-09-02 11:58:00,910,910,910,910,0
2022-09-02 11:59:00,910,910,910,910,0
2022-09-02 12:00:00,910,910,910,910,0
2022-09-02 12:01:00,910,910,910,910,0
2022-09-02 12:02:00,910,910,910,910,0
2022-09-02 12:03:00,910,910,910,910,0
2022-09-02 12:04:00,910,910,910,910,0
2022-09-02 12:05:00,910,910,910,910,0
2022-09-02 12:06:00,910,910,910,910,0
2022-09-02 12:07:00,910,910,910,910,0
2022-09-02 12:08:00,910,910,910,910,0
2022-09-02 12:09:00,910,910,910,910,0
2022-09-02 12:10:00,910,910,910,910,0
2022-09-02 12:11:00,910,910,910,910,0
2022-09-02 12:12:00,910,910,910,910,0
2022-09-02 12:13:00,910,910,910,910,0
2022-09-02 12:14:00,910,910,910,910,0
2022-09-02 12:15:00,910,910,910,910,0
2022-09-02 12:16:00,910,910,910,910,0
2022-09-02 12:17:00,910,910,910,910,0
2022-09-02 12:18:00,910,910,910,910,0
2022-09-02 12:19:00,910,910,910,910,0
2022-09-02 12:20:00,910,910,910,910,0
2022-09-02 12:21:00,910,910,910,910,0
2022-09-02 12:22:00,910,910,910,910,0
2022-09-02 12:23:00,910,910,910,910,0
2022-09-02 12:24:00,910,910,910,910,0
2022-09-02 12:25:00,910,910,910,910,0
2022-09-02 12:26:00,910,910,910,910,0
2022-09-02 12:27:00,910,910,910,910,0
2022-09-02 12:28:00,910,910,910,910,0
2022-09-02 12:29:00,910,910,910,910,0
2022-09-02 12:30:00,910,910,910,910,0
2022-09-02 12:31:00,910,910,910,910,0
2022-09-02 12:32:00,910,910,910,910,0
2022-09-02 12:33:00,910,910,910,910,0
2022-09-02 12:34:00,910,910,910,910,0
2022-09-02 12:35:00,910,910,910,910,0
2022-09-02 12:36:00,910,910,910,910,0
2022-09-02 12:37:00,910,910,910,910,0
2022-09-02 12:38:00,910,910,910,910,0
2022-09-02 12:39:00,910,910,910,910,0
2022-09-02 12:40:00,910,910,910,910,0
2022-09-02 12:41:00,910,910,910,910,0
2022-09-02 12:42:00,910,910,910,910,0
2022-09-02 12:43:00,910,910,910,910,0
2022-09-02 12:44:00,910,910,910,910,0
2022-09-02 12:45:00,910,910,910,910,0
2022-09-02 12:46:00,910,910,910,910,0
2022-09-02 12:47:00,910,910,910,910,0
2022-09-02 12:48:00,910,910,910,910,0
2022-09-02 12:49:00,910,910,910,910,0
2022-09-02 12:50:00,910,910,910,910,0
2022-09-02 12:51:00,910,910,910,910,0
2022-09-02 12:52:00,910,910,910,910,0
2022-09-02 12:53:00,910,910,910,910,0
2022-09-02 12:54:00,910,910,910,910,0
2022-09-02 12:55:00,910,910,910,910,0
2022-09-02 12:56:00,910,910,910,910,0
2022-09-02 12:57:00,910,910,910,910,0
2022-09-02 12:58:00,910,910,910,910,0
2022-09-02 12:59:00,910,910,910,910,0
2022-09-02 13:00:00,910,910,910,910,0
2022-09-02 13:01:00,910,910,910,910,0
2022-09-02 13:02:00,910,910,910,910,0
2022-09-02 13:03:00,910,910,910,910,0
2022-09-02 13:04:00,910,910,910,910,0
2022-09-02 13:05:00,910,910,910,910,0
2022-09-02 13:06:00,910,910,910,910,0
2022-09-02 13:07:00,910,910,910,910,0
2022-09-02 13:08:00,910,910,910,910,0
2022-09-02 13:09:00,910,910,910,910,0
2022-09-02 13:10:00,910,910,910,910,0
2022-09-02 13:11:00,910,910,910,910,0
2022-09-02 13:12:00,910,910,910,910,0
2022-09-02 13:13:00,910,910,910,910,0
2022-09-02 13:14:00,910,910,910,910,0
2022-09-02 13:15:00,910,910,910,910,0
2022-09-02 13:16:00,910,910,910,910,0
2022-09-02 13:17:00,910,910,910,910,0
2022-09-02 13:18:00,910,910,910,910,0
2022-09-02 13:19:00,910,910,910,910,0
2022-09-02 13:20:00,910,910,910,910,0
2022-09-02 13:21:00,910,910,910,910,0
2022-09-02 13:22:00,910,910,910,910,0
2022-09-02 13:23:00,910,910,910,910,0
2022-09-02 13:24:00,910,910,910,910,0
2022-09-02 13:25:00,910,910,910,910,0
2022-09-02 13:26:00,910,910,910,910,0
2022-09-02 13:27:00,910,910,910,910,0
2022-09-02 13:28:00,910,910,910,910,0
2022-09-02 13:29:00,910,910,910,910,0
2022-09-02 13:30:00,905,905,910,910,60000
2022-09-02 13:31:00,910,910,910,910,0
2022-09-02 13:32:00,905,905,905,905,67200
2022-09-02 13:33:00,910,910,910,910,0
2022-09-02 13:34:00,910,905,910,910,8400
2022-09-02 13:35:00,905,905,905,905,8300
2022-09-02 13:36:00,905,900,905,905,661900
2022-09-02 13:37:00,900,900,900,900,591100
2022-09-02 13:38:00,900,900,900,900,0
2022-09-02 13:39:00,900,900,900,900,12000
2022-09-02 13:40:00,900,900,905,900,44400
2022-09-02 13:41:00,900,900,905,900,50600
2022-09-02 13:42:00,900,900,900,900,102900
2022-09-02 13:43:00,900,900,900,900,0
2022-09-02 13:44:00,905,900,905,905,12400
2022-09-02 13:45:00,905,900,905,900,98800
2022-09-02 13:46:00,900,900,900,900,324900
2022-09-02 13:47:00,900,900,905,905,2700
2022-09-02 13:48:00,900,900,905,905,18000
2022-09-02 13:49:00,900,900,905,900,39100
2022-09-02 13:50:00,900,895,900,895,21000
2022-09-02 13:51:00,900,895,900,895,0
2022-09-02 13:52:00,895,895,900,900,75800
2022-09-02 13:53:00,900,900,900,900,0
2022-09-02 13:54:00,900,895,900,900,21600
2022-09-02 13:55:00,900,895,900,900,18500
2022-09-02 13:56:00,900,895,900,895,2500
2022-09-02 13:57:00,900,900,900,900,0
2022-09-02 13:58:00,900,900,900,900,900
2022-09-02 13:59:00,900,900,900,900,3900
2022-09-02 14:00:00,895,895,900,900,428300
2022-09-02 14:01:00,900,895,900,895,58300
2022-09-02 14:02:00,895,895,895,895,16400
2022-09-02 14:03:00,895,895,900,895,22500
2022-09-02 14:04:00,895,895,900,895,39400
2022-09-02 14:05:00,895,895,900,900,266500
2022-09-02 14:06:00,900,900,905,905,386800
2022-09-02 14:07:00,905,905,905,905,0
2022-09-02 14:08:00,900,900,900,900,103200
2022-09-02 14:09:00,900,900,900,900,10000
2022-09-02 14:10:00,900,900,905,905,15200
2022-09-02 14:11:00,900,900,905,905,0
2022-09-02 14:12:00,905,900,905,900,2100
2022-09-02 14:13:00,900,900,900,900,23400
2022-09-02 14:14:00,900,895,900,895,901800
2022-09-02 14:15:00,900,900,900,900,89500
2022-09-02 14:16:00,900,900,900,900,51800
2022-09-02 14:17:00,900,900,900,900,800
2022-09-02 14:18:00,900,900,900,900,19500
2022-09-02 14:19:00,900,900,900,900,300500
2022-09-02 14:20:00,900,900,900,900,29500
2022-09-02 14:21:00,900,900,900,900,0
2022-09-02 14:22:00,900,900,900,900,2500
2022-09-02 14:23:00,900,900,900,900,126300
2022-09-02 14:24:00,900,900,900,900,3400
2022-09-02 14:25:00,900,900,900,900,0
2022-09-02 14:26:00,900,900,900,900,83100
2022-09-02 14:27:00,900,900,900,900,29100
2022-09-02 14:28:00,900,895,900,900,10100
2022-09-02 14:29:00,895,895,900,895,34400
2022-09-02 14:30:00,895,895,900,895,0
2022-09-02 14:31:00,895,895,900,900,0
2022-09-02 14:32:00,900,900,900,900,68400
2022-09-02 14:33:00,900,900,900,900,0
2022-09-02 14:34:00,900,900,900,900,89700
2022-09-02 14:35:00,905,905,905,905,258400
2022-09-02 14:36:00,905,905,905,905,13600
2022-09-02 14:37:00,905,905,905,905,24400
2022-09-02 14:38:00,905,905,905,905,3500
2022-09-02 14:39:00,905,905,905,905,4900
2022-09-02 14:40:00,905,905,905,905,16500
2022-09-02 14:41:00,905,905,905,905,34600
2022-09-02 14:42:00,905,905,905,905,224800
2022-09-02 14:43:00,905,900,905,900,526900
2022-09-02 14:44:00,900,900,900,900,0
2022-09-02 14:45:00,900,900,900,900,604700
2022-09-02 14:46:00,900,895,900,895,41000
2022-09-02 14:47:00,895,895,900,900,195500
2022-09-02 14:48:00,900,900,905,900,43400
2022-09-02 14:49:00,895,895,900,900,39600
2022-09-02 14:50:00,895,895,900,900,0
2022-09-02 14:51:00,895,895,900,900,0
2022-09-02 14:52:00,895,895,900,900,0
2022-09-02 14:53:00,895,895,900,900,0
2022-09-02 14:54:00,895,895,900,900,0
2022-09-02 14:55:00,895,895,900,900,0
2022-09-02 14:56:00,895,895,900,900,0
2022-09-02 14:57:00,895,895,900,900,0
2022-09-02 14:58:00,895,895,900,900,0
2022-09-02 14:59:00,895,895,900,900,0
2022-09-02 15:00:00,900,900,900,900,1813900
2022-09-02 15:01:00,900,900,900,900,20400
2022-09-02 15:02:00,900,900,900,900,13500
2022-09-02 15:03:00,900,900,900,900,240000
2022-09-02 15:04:00,900,900,900,900,25500
2022-09-02 15:05:00,900,900,900,900,103600
2022-09-02 15:06:00,900,900,900,900,3200
2022-09-02 15:07:00,900,900,900,900,0
2022-09-02 15:08:00,900,900,900,900,0
2022-09-02 15:09:00,900,900,900,900,900
2022-09-02 15:10:00,900,900,900,900,0
2022-09-02 15:11:00,900,900,900,900,0
2022-09-02 15:12:00,900,900,900,900,0
2022-09-02 15:13:00,900,900,900,900,2400
2022-09-02 15:14:00,900,900,900,900,0
2022-09-02 15:15:00,900,900,900,900,0
2022-09-02 15:16:00,900,900,900,900,0
2022-09-02 15:17:00,900,900,900,900,0
2022-09-02 15:18:00,900,900,900,900,0
2022-09-02 15:19:00,900,900,900,900,0
2022-09-02 15:20:00,900,900,900,900,0
2022-09-02 15:21:00,900,900,900,900,0
2022-09-02 15:22:00,900,900,900,900,0
2022-09-02 15:23:00,900,900,900,900,0
2022-09-02 15:24:00,900,900,900,900,0
2022-09-02 15:25:00,900,900,900,900,0
2022-09-02 15:26:00,900,900,900,900,0
2022-09-02 15:27:00,900,900,900,900,0
2022-09-02 15:28:00,900,900,900,900,0
2022-09-02 15:29:00,900,900,900,900,0
2022-09-02 15:30:00,900,900,900,900,0
2022-09-02 15:31:00,900,900,900,900,0
2022-09-02 15:32:00,900,900,900,900,0
2022-09-02 15:33:00,900,900,900,900,0
2022-09-02 15:34:00,900,900,900,900,0
2022-09-02 15:35:00,900,900,900,900,0
2022-09-02 15:36:00,900,900,900,900,0
2022-09-02 15:37:00,900,900,900,900,0
2022-09-02 15:38:00,900,900,900,900,0
2022-09-02 15:39:00,900,900,900,900,0
2022-09-02 15:40:00,900,900,900,900,0
2022-09-02 15:41:00,900,900,900,900,0
2022-09-02 15:42:00,900,900,900,900,0
2022-09-02 15:43:00,900,900,900,900,0
2022-09-02 15:44:00,900,900,900,900,0
2022-09-02 15:45:00,900,900,900,900,0
2022-09-02 15:46:00,900,900,900,900,0
2022-09-02 15:47:00,900,900,900,900,0
2022-09-02 15:48:00,900,900,900,900,0
2022-09-02 15:49:00,900,900,900,900,0
2022-09-02 15:50:00,900,900,900,900,0
2022-09-02 15:51:00,900,900,900,900,0
2022-09-02 15:52:00,900,900,900,900,0
2022-09-02 15:53:00,900,900,900,900,0
2022-09-02 15:54:00,900,900,900,900,0
2022-09-02 15:55:00,900,900,900,900,0
2022-09-02 15:56:00,900,900,900,900,0
2022-09-02 15:57:00,900,900,900,900,0
2022-09-02 15:58:00,900,900,900,900,0
2022-09-02 15:59:00,900,900,900,900,0
2022-09-05 09:00:00,900,855,900,890,0
2022-09-05 09:01:00,890,890,895,895,69500
2022-09-05 09:02:00,890,890,900,900,428300
2022-09-05 09:03:00,900,900,905,900,185200
2022-09-05 09:04:00,900,900,905,905,59500
2022-09-05 09:05:00,900,900,905,905,11700
2022-09-05 09:06:00,900,900,905,905,72800
2022-09-05 09:07:00,905,900,905,900,1300
2022-09-05 09:08:00,900,900,920,920,2432200
2022-09-05 09:09:00,920,915,920,915,236400
2022-09-05 09:10:00,915,910,915,910,233500
2022-09-05 09:11:00,910,910,910,910,0
2022-09-05 09:12:00,910,910,915,910,57500
2022-09-05 09:13:00,910,910,915,910,171100
2022-09-05 09:14:00,910,910,915,915,24900
2022-09-05 09:15:00,915,910,915,915,307500
2022-09-05 09:16:00,915,910,915,910,74700
2022-09-05 09:17:00,910,905,910,910,51500
2022-09-05 09:18:00,910,905,910,910,0
2022-09-05 09:19:00,910,905,910,910,29500
2022-09-05 09:20:00,905,905,905,905,14500
2022-09-05 09:21:00,905,905,905,905,0
2022-09-05 09:22:00,910,905,910,910,11300
2022-09-05 09:23:00,905,905,905,905,800
2022-09-05 09:24:00,905,905,910,910,28900
2022-09-05 09:25:00,905,905,910,910,151700
2022-09-05 09:26:00,910,910,915,915,20000
2022-09-05 09:27:00,915,905,915,915,10490900
2022-09-05 09:28:00,910,910,920,920,9337300
2022-09-05 09:29:00,915,915,915,915,181800
2022-09-05 09:30:00,915,915,920,920,989600
2022-09-05 09:31:00,920,920,925,920,626900
2022-09-05 09:32:00,920,920,920,920,2500
2022-09-05 09:33:00,920,920,920,920,96400
2022-09-05 09:34:00,920,920,920,920,12600
2022-09-05 09:35:00,915,915,915,915,196400
2022-09-05 09:36:00,915,910,920,910,9755700
2022-09-05 09:37:00,910,910,920,920,9641900
2022-09-05 09:38:00,920,915,920,915,6300
2022-09-05 09:39:00,915,910,915,915,28800
2022-09-05 09:40:00,915,910,920,915,126100
2022-09-05 09:41:00,915,915,915,915,30600
2022-09-05 09:42:00,915,915,915,915,0
2022-09-05 09:43:00,915,915,915,915,0
2022-09-05 09:44:00,910,910,915,915,52000
2022-09-05 09:45:00,915,910,915,915,13400
2022-09-05 09:46:00,915,910,915,915,0
2022-09-05 09:47:00,915,915,920,920,15900
2022-09-05 09:48:00,920,915,920,915,7000
2022-09-05 09:49:00,920,915,920,920,2800
2022-09-05 09:50:00,920,915,920,920,40800
2022-09-05 09:51:00,915,915,920,920,6500
2022-09-05 09:52:00,915,915,915,915,2000
2022-09-05 09:53:00,915,915,915,915,600
2022-09-05 09:54:00,915,915,920,920,3400
2022-09-05 09:55:00,920,915,920,915,6000
2022-09-05 09:56:00,915,915,920,920,2100
2022-09-05 09:57:00,920,915,920,920,15300
2022-09-05 09:58:00,920,915,920,920,29700
2022-09-05 09:59:00,915,915,915,915,0
2022-09-05 10:00:00,915,915,920,915,16400
2022-09-05 10:01:00,920,920,920,920,2000
2022-09-05 10:02:00,915,915,915,915,0
2022-09-05 10:03:00,915,915,920,920,42000
2022-09-05 10:04:00,915,915,915,915,250600
2022-09-05 10:05:00,915,915,915,915,62500
2022-09-05 10:06:00,915,915,915,915,100
2022-09-05 10:07:00,915,915,920,920,13600
2022-09-05 10:08:00,920,920,920,920,1200
2022-09-05 10:09:00,920,920,920,920,2400
2022-09-05 10:10:00,920,920,920,920,20600
2022-09-05 10:11:00,920,920,920,920,0
2022-09-05 10:12:00,915,910,915,910,179700
2022-09-05 10:13:00,910,910,910,910,0
2022-09-05 10:14:00,910,910,910,910,25000
2022-09-05 10:15:00,915,915,915,915,0
2022-09-05 10:16:00,915,910,915,910,600
2022-09-05 10:17:00,915,910,915,910,51300
2022-09-05 10:18:00,910,910,910,910,0
2022-09-05 10:19:00,910,910,910,910,7800
2022-09-05 10:20:00,910,910,915,915,28100
2022-09-05 10:21:00,915,915,915,915,300
2022-09-05 10:22:00,915,910,915,915,26100
2022-09-05 10:23:00,915,915,915,915,8000
2022-09-05 10:24:00,910,910,910,910,0
2022-09-05 10:25:00,910,905,910,905,789400
2022-09-05 10:26:00,905,905,905,905,63400
2022-09-05 10:27:00,905,905,910,905,82300
2022-09-05 10:28:00,905,905,905,905,120100
2022-09-05 10:29:00,905,900,905,905,26300
2022-09-05 10:30:00,905,905,905,905,9800
2022-09-05 10:31:00,900,900,905,905,72700
2022-09-05 10:32:00,905,905,905,905,3900
2022-09-05 10:33:00,905,900,905,900,26500
2022-09-05 10:34:00,905,905,905,905,89100
2022-09-05 10:35:00,900,900,905,905,235600
2022-09-05 10:36:00,905,905,910,905,5800
2022-09-05 10:37:00,905,905,905,905,0
2022-09-05 10:38:00,905,905,905,905,4700
2022-09-05 10:39:00,905,905,905,905,4300
2022-09-05 10:40:00,905,905,905,905,3000
2022-09-05 10:41:00,905,905,905,905,11600
2022-09-05 10:42:00,910,910,910,910,1400
2022-09-05 10:43:00,910,910,910,910,21500
2022-09-05 10:44:00,910,910,910,910,900
2022-09-05 10:45:00,910,910,910,910,12100
2022-09-05 10:46:00,910,910,910,910,0
2022-09-05 10:47:00,910,905,910,905,1200
2022-09-05 10:48:00,910,905,910,905,0
2022-09-05 10:49:00,905,905,910,910,1400
2022-09-05 10:50:00,910,910,910,910,100
2022-09-05 10:51:00,910,910,910,910,0
2022-09-05 10:52:00,910,910,910,910,0
2022-09-05 10:53:00,910,910,910,910,117100
2022-09-05 10:54:00,910,910,910,910,3700
2022-09-05 10:55:00,910,910,910,910,2000
2022-09-05 10:56:00,905,905,905,905,0
2022-09-05 10:57:00,905,905,905,905,1000
2022-09-05 10:58:00,905,905,910,910,7600
2022-09-05 10:59:00,905,905,910,910,0
2022-09-05 11:00:00,910,910,910,910,0
2022-09-05 11:01:00,905,905,910,910,50400
2022-09-05 11:02:00,910,910,910,910,19100
2022-09-05 11:03:00,910,910,910,910,0
2022-09-05 11:04:00,910,910,910,910,0
2022-09-05 11:05:00,910,910,910,910,2900
2022-09-05 11:06:00,910,905,910,905,10300
2022-09-05 11:07:00,910,905,910,905,0
2022-09-05 11:08:00,905,905,905,905,0
2022-09-05 11:09:00,905,905,905,905,0
2022-09-05 11:10:00,905,905,905,905,3500
2022-09-05 11:11:00,905,905,905,905,7100
2022-09-05 11:12:00,910,910,910,910,6900
2022-09-05 11:13:00,910,910,910,910,0
2022-09-05 11:14:00,910,910,910,910,4500
2022-09-05 11:15:00,910,910,910,910,0
2022-09-05 11:16:00,910,905,910,905,6200
2022-09-05 11:17:00,905,905,905,905,100
2022-09-05 11:18:00,905,905,910,910,15900
2022-09-05 11:19:00,905,905,910,910,0
2022-09-05 11:20:00,910,910,910,910,15800
2022-09-05 11:21:00,910,910,910,910,4500
2022-09-05 11:22:00,910,910,910,910,300
2022-09-05 11:23:00,910,905,910,905,17100
2022-09-05 11:24:00,910,905,910,905,0
2022-09-05 11:25:00,905,905,905,905,312000
2022-09-05 11:26:00,905,905,905,905,394600
2022-09-05 11:27:00,905,905,910,905,214900
2022-09-05 11:28:00,905,905,905,905,4600
2022-09-05 11:29:00,905,905,905,905,15000
2022-09-05 11:30:00,905,905,905,905,0
2022-09-05 11:31:00,905,905,905,905,0
2022-09-05 11:32:00,905,905,905,905,0
2022-09-05 11:33:00,905,905,905,905,0
2022-09-05 11:34:00,905,905,905,905,0
2022-09-05 11:35:00,905,905,905,905,0
2022-09-05 11:36:00,905,905,905,905,0
2022-09-05 11:37:00,905,905,905,905,0
2022-09-05 11:38:00,905,905,905,905,0
2022-09-05 11:39:00,905,905,905,905,0
2022-09-05 11:40:00,905,905,905,905,0
2022-09-05 11:41:00,905,905,905,905,0
2022-09-05 11:42:00,905,905,905,905,0
2022-09-05 11:43:00,905,905,905,905,0
2022-09-05 11:44:00,905,905,905,905,0
2022-09-05 11:45:00,905,905,905,905,0
2022-09-05 11:46:00,905,905,905,905,0
2022-09-05 11:47:00,905,905,905,905,0
2022-09-05 11:48:00,905,905,905,905,0
2022-09-05 11:49:00,905,905,905,905,0
2022-09-05 11:50:00,905,905,905,905,0
2022-09-05 11:51:00,905,905,905,905,0
2022-09-05 11:52:00,905,905,905,905,0
2022-09-05 11:53:00,905,905,905,905,0
2022-09-05 11:54:00,905,905,905,905,0
2022-09-05 11:55:00,905,905,905,905,0
2022-09-05 11:56:00,905,905,905,905,0
2022-09-05 11:57:00,905,905,905,905,0
2022-09-05 11:58:00,905,905,905,905,0
2022-09-05 11:59:00,905,905,905,905,0
2022-09-05 12:00:00,905,905,905,905,0
2022-09-05 12:01:00,905,905,905,905,0
2022-09-05 12:02:00,905,905,905,905,0
2022-09-05 12:03:00,905,905,905,905,0
2022-09-05 12:04:00,905,905,905,905,0
2022-09-05 12:05:00,905,905,905,905,0
2022-09-05 12:06:00,905,905,905,905,0
2022-09-05 12:07:00,905,905,905,905,0
2022-09-05 12:08:00,905,905,905,905,0
2022-09-05 12:09:00,905,905,905,905,0
2022-09-05 12:10:00,905,905,905,905,0
2022-09-05 12:11:00,905,905,905,905,0
2022-09-05 12:12:00,905,905,905,905,0
2022-09-05 12:13:00,905,905,905,905,0
2022-09-05 12:14:00,905,905,905,905,0
2022-09-05 12:15:00,905,905,905,905,0
2022-09-05 12:16:00,905,905,905,905,0
2022-09-05 12:17:00,905,905,905,905,0
2022-09-05 12:18:00,905,905,905,905,0
2022-09-05 12:19:00,905,905,905,905,0
2022-09-05 12:20:00,905,905,905,905,0
2022-09-05 12:21:00,905,905,905,905,0
2022-09-05 12:22:00,905,905,905,905,0
2022-09-05 12:23:00,905,905,905,905,0
2022-09-05 12:24:00,905,905,905,905,0
2022-09-05 12:25:00,905,905,905,905,0
2022-09-05 12:26:00,905,905,905,905,0
2022-09-05 12:27:00,905,905,905,905,0
2022-09-05 12:28:00,905,905,905,905,0
2022-09-05 12:29:00,905,905,905,905,0
2022-09-05 12:30:00,905,905,905,905,0
2022-09-05 12:31:00,905,905,905,905,0
2022-09-05 12:32:00,905,905,905,905,0
2022-09-05 12:33:00,905,905,905,905,0
2022-09-05 12:34:00,905,905,905,905,0
2022-09-05 12:35:00,905,905,905,905,0
2022-09-05 12:36:00,905,905,905,905,0
2022-09-05 12:37:00,905,905,905,905,0
2022-09-05 12:38:00,905,905,905,905,0
2022-09-05 12:39:00,905,905,905,905,0
2022-09-05 12:40:00,905,905,905,905,0
2022-09-05 12:41:00,905,905,905,905,0
2022-09-05 12:42:00,905,905,905,905,0
2022-09-05 12:43:00,905,905,905,905,0
2022-09-05 12:44:00,905,905,905,905,0
2022-09-05 12:45:00,905,905,905,905,0
2022-09-05 12:46:00,905,905,905,905,0
2022-09-05 12:47:00,905,905,905,905,0
2022-09-05 12:48:00,905,905,905,905,0
2022-09-05 12:49:00,905,905,905,905,0
2022-09-05 12:50:00,905,905,905,905,0
2022-09-05 12:51:00,905,905,905,905,0
2022-09-05 12:52:00,905,905,905,905,0
2022-09-05 12:53:00,905,905,905,905,0
2022-09-05 12:54:00,905,905,905,905,0
2022-09-05 12:55:00,905,905,905,905,0
2022-09-05 12:56:00,905,905,905,905,0
2022-09-05 12:57:00,905,905,905,905,0
2022-09-05 12:58:00,905,905,905,905,0
2022-09-05 12:59:00,905,905,905,905,0
2022-09-05 13:00:00,905,905,905,905,0
2022-09-05 13:01:00,905,905,905,905,0
2022-09-05 13:02:00,905,905,905,905,0
2022-09-05 13:03:00,905,905,905,905,0
2022-09-05 13:04:00,905,905,905,905,0
2022-09-05 13:05:00,905,905,905,905,0
2022-09-05 13:06:00,905,905,905,905,0
2022-09-05 13:07:00,905,905,905,905,0
2022-09-05 13:08:00,905,905,905,905,0
2022-09-05 13:09:00,905,905,905,905,0
2022-09-05 13:10:00,905,905,905,905,0
2022-09-05 13:11:00,905,905,905,905,0
2022-09-05 13:12:00,905,905,905,905,0
2022-09-05 13:13:00,905,905,905,905,0
2022-09-05 13:14:00,905,905,905,905,0
2022-09-05 13:15:00,905,905,905,905,0
2022-09-05 13:16:00,905,905,905,905,0
2022-09-05 13:17:00,905,905,905,905,0
2022-09-05 13:18:00,905,905,905,905,0
2022-09-05 13:19:00,905,905,905,905,0
2022-09-05 13:20:00,905,905,905,905,0
2022-09-05 13:21:00,905,905,905,905,0
2022-09-05 13:22:00,905,905,905,905,0
2022-09-05 13:23:00,905,905,905,905,0
2022-09-05 13:24:00,905,905,905,905,0
2022-09-05 13:25:00,905,905,905,905,0
2022-09-05 13:26:00,905,905,905,905,0
2022-09-05 13:27:00,905,905,905,905,0
2022-09-05 13:28:00,905,905,905,905,0
2022-09-05 13:29:00,905,905,905,905,0
2022-09-05 13:30:00,910,905,910,910,379700
2022-09-05 13:31:00,915,915,915,915,246200
2022-09-05 13:32:00,915,915,915,915,0
2022-09-05 13:33:00,915,915,915,915,249600
2022-09-05 13:34:00,915,915,915,915,200
2022-09-05 13:35:00,915,915,915,915,5400
2022-09-05 13:36:00,915,915,925,920,742500
2022-09-05 13:37:00,920,920,920,920,184300
2022-09-05 13:38:00,920,915,920,915,199400
2022-09-05 13:39:00,915,915,915,915,21000
2022-09-05 13:40:00,915,915,920,920,267600
2022-09-05 13:41:00,920,920,925,920,73000
2022-09-05 13:42:00,920,920,920,920,8000
2022-09-05 13:43:00,920,920,925,925,2200
2022-09-05 13:44:00,925,925,925,925,82900
2022-09-05 13:45:00,925,920,925,925,21600
2022-09-05 13:46:00,920,920,920,920,0
2022-09-05 13:47:00,920,920,925,925,121100
2022-09-05 13:48:00,925,920,925,920,21100
2022-09-05 13:49:00,920,920,925,920,73900
2022-09-05 13:50:00,920,920,925,925,630000
2022-09-05 13:51:00,925,925,925,925,101700
2022-09-05 13:52:00,925,920,925,925,205300
2022-09-05 13:53:00,925,925,925,925,248000
2022-09-05 13:54:00,925,925,925,925,51200
2022-09-05 13:55:00,925,925,930,925,9900
2022-09-05 13:56:00,925,925,930,930,13400
2022-09-05 13:57:00,930,930,930,930,8600
2022-09-05 13:58:00,930,925,930,925,30900
2022-09-05 13:59:00,925,925,925,925,481300
2022-09-05 14:00:00,925,920,925,925,219200
2022-09-05 14:01:00,925,925,930,925,65100
2022-09-05 14:02:00,930,930,930,930,99500
2022-09-05 14:03:00,930,930,935,930,943700
2022-09-05 14:04:00,930,930,930,930,94500
2022-09-05 14:05:00,930,930,930,930,10600
2022-09-05 14:06:00,930,925,930,925,1032000
2022-09-05 14:07:00,925,920,930,925,568900
2022-09-05 14:08:00,925,925,930,930,78500
2022-09-05 14:09:00,930,925,930,925,584900
2022-09-05 14:10:00,925,925,925,925,0
2022-09-05 14:11:00,925,925,925,925,29000
2022-09-05 14:12:00,925,925,925,925,43800
2022-09-05 14:13:00,925,925,925,925,0
2022-09-05 14:14:00,925,925,925,925,0
2022-09-05 14:15:00,925,925,925,925,1049900
2022-09-05 14:16:00,925,920,925,920,220100
2022-09-05 14:17:00,920,910,920,910,6062800
2022-09-05 14:18:00,915,915,915,915,87300
2022-09-05 14:19:00,915,905,920,905,4115500
2022-09-05 14:20:00,910,910,915,915,239100
2022-09-05 14:21:00,915,910,915,910,2311500
2022-09-05 14:22:00,915,910,915,910,177600
2022-09-05 14:23:00,910,910,915,915,109500
2022-09-05 14:24:00,915,915,915,915,3400
2022-09-05 14:25:00,915,915,925,925,425500
2022-09-05 14:26:00,925,925,930,925,121700
2022-09-05 14:27:00,920,915,920,915,162400
2022-09-05 14:28:00,920,920,920,920,15900
2022-09-05 14:29:00,920,915,920,915,466700
2022-09-05 14:30:00,920,915,920,915,0
2022-09-05 14:31:00,915,915,915,915,2400
2022-09-05 14:32:00,920,915,920,915,86400
2022-09-05 14:33:00,915,915,920,920,184100
2022-09-05 14:34:00,920,920,925,920,13000
2022-09-05 14:35:00,925,920,925,920,6100
2022-09-05 14:36:00,920,920,925,920,169200
2022-09-05 14:37:00,925,925,925,925,341000
2022-09-05 14:38:00,925,925,925,925,91700
2022-09-05 14:39:00,925,920,925,920,11500
2022-09-05 14:40:00,925,925,930,925,133500
2022-09-05 14:41:00,925,925,925,925,201200
2022-09-05 14:42:00,925,925,925,925,10500
2022-09-05 14:43:00,925,925,930,930,509600
2022-09-05 14:44:00,935,930,935,930,232700
2022-09-05 14:45:00,930,925,930,925,819900
2022-09-05 14:46:00,930,930,935,935,614500
2022-09-05 14:47:00,935,930,935,935,331100
2022-09-05 14:48:00,935,930,935,935,1133000
2022-09-05 14:49:00,935,930,940,940,1417600
2022-09-05 14:50:00,935,930,940,940,0
2022-09-05 14:51:00,935,930,940,940,0
2022-09-05 14:52:00,935,930,940,940,0
2022-09-05 14:53:00,935,930,940,940,0
2022-09-05 14:54:00,935,930,940,940,0
2022-09-05 14:55:00,935,930,940,940,0
2022-09-05 14:56:00,935,930,940,940,0
2022-09-05 14:57:00,935,930,940,940,0
2022-09-05 14:58:00,935,930,940,940,0
2022-09-05 14:59:00,935,930,940,940,0
2022-09-05 15:00:00,950,950,950,950,2504400
2022-09-05 15:01:00,950,950,950,950,26000
2022-09-05 15:02:00,950,950,950,950,38000
2022-09-05 15:03:00,950,950,950,950,30700
2022-09-05 15:04:00,950,950,950,950,51200
2022-09-05 15:05:00,950,950,950,950,18700
2022-09-05 15:06:00,950,950,950,950,8500
2022-09-05 15:07:00,950,950,950,950,11000
2022-09-05 15:08:00,950,950,950,950,6200
2022-09-05 15:09:00,950,950,950,950,5800
2022-09-05 15:10:00,950,950,950,950,1200
2022-09-05 15:11:00,950,950,950,950,0
2022-09-05 15:12:00,950,950,950,950,2900
2022-09-05 15:13:00,950,950,950,950,2600
2022-09-05 15:14:00,950,950,950,950,0
2022-09-05 15:15:00,950,950,950,950,0
2022-09-05 15:16:00,950,950,950,950,0
2022-09-05 15:17:00,950,950,950,950,0
2022-09-05 15:18:00,950,950,950,950,0
2022-09-05 15:19:00,950,950,950,950,0
2022-09-05 15:20:00,950,950,950,950,0
2022-09-05 15:21:00,950,950,950,950,0
2022-09-05 15:22:00,950,950,950,950,0
2022-09-05 15:23:00,950,950,950,950,0
2022-09-05 15:24:00,950,950,950,950,0
2022-09-05 15:25:00,950,950,950,950,0
2022-09-05 15:26:00,950,950,950,950,0
2022-09-05 15:27:00,950,950,950,950,0
2022-09-05 15:28:00,950,950,950,950,0
2022-09-05 15:29:00,950,950,950,950,0
2022-09-05 15:30:00,950,950,950,950,0
2022-09-05 15:31:00,950,950,950,950,0
2022-09-05 15:32:00,950,950,950,950,0
2022-09-05 15:33:00,950,950,950,950,0
2022-09-05 15:34:00,950,950,950,950,0
2022-09-05 15:35:00,950,950,950,950,0
2022-09-05 15:36:00,950,950,950,950,0
2022-09-05 15:37:00,950,950,950,950,0
2022-09-05 15:38:00,950,950,950,950,0
2022-09-05 15:39:00,950,950,950,950,0
2022-09-05 15:40:00,950,950,950,950,0
2022-09-05 15:41:00,950,950,950,950,0
2022-09-05 15:42:00,950,950,950,950,0
2022-09-05 15:43:00,950,950,950,950,0
2022-09-05 15:44:00,950,950,950,950,0
2022-09-05 15:45:00,950,950,950,950,0
2022-09-05 15:46:00,950,950,950,950,0
2022-09-05 15:47:00,950,950,950,950,0
2022-09-05 15:48:00,950,950,950,950,0
2022-09-05 15:49:00,950,950,950,950,0
2022-09-05 15:50:00,950,950,950,950,0
2022-09-05 15:51:00,950,950,950,950,0
2022-09-05 15:52:00,950,950,950,950,0
2022-09-05 15:53:00,950,950,950,950,0
2022-09-05 15:54:00,950,950,950,950,0
2022-09-05 15:55:00,950,950,950,950,0
2022-09-05 15:56:00,950,950,950,950,0
2022-09-05 15:57:00,950,950,950,950,0
2022-09-05 15:58:00,950,950,950,950,0
2022-09-05 15:59:00,950,950,950,950,0
2022-09-06 09:00:00,955,945,955,950,1157800
2022-09-06 09:01:00,950,945,950,945,114900
2022-09-06 09:02:00,945,945,950,950,119000
2022-09-06 09:03:00,950,945,950,945,247600
2022-09-06 09:04:00,945,945,945,945,167300
2022-09-06 09:05:00,945,945,955,950,113800
2022-09-06 09:06:00,950,950,955,955,49000
2022-09-06 09:07:00,955,950,955,955,647000
2022-09-06 09:08:00,955,950,960,960,170800
2022-09-06 09:09:00,955,955,960,955,345900
2022-09-06 09:10:00,955,955,960,960,1067300
2022-09-06 09:11:00,960,960,965,965,632200
2022-09-06 09:12:00,965,960,965,965,171000
2022-09-06 09:13:00,965,960,965,965,308300
2022-09-06 09:14:00,960,960,965,960,388700
2022-09-06 09:15:00,960,960,965,965,778400
2022-09-06 09:16:00,965,960,965,960,168400
2022-09-06 09:17:00,960,960,965,965,360200
2022-09-06 09:18:00,965,960,965,965,11500
2022-09-06 09:19:00,965,955,965,960,14050300
2022-09-06 09:20:00,955,955,965,965,14453700
2022-09-06 09:21:00,965,960,965,960,137100
2022-09-06 09:22:00,960,960,965,960,149000
2022-09-06 09:23:00,965,960,965,965,86800
2022-09-06 09:24:00,965,960,965,960,566000
2022-09-06 09:25:00,960,960,965,960,121700
2022-09-06 09:26:00,955,955,960,960,43700
2022-09-06 09:27:00,960,955,960,960,27100
2022-09-06 09:28:00,960,955,960,955,62100
2022-09-06 09:29:00,955,950,960,950,335300
2022-09-06 09:30:00,955,950,960,960,101700
2022-09-06 09:31:00,960,955,960,960,207300
2022-09-06 09:32:00,960,955,960,960,106300
2022-09-06 09:33:00,960,955,960,960,26700
2022-09-06 09:34:00,960,960,960,960,14700
2022-09-06 09:35:00,960,960,960,960,58500
2022-09-06 09:36:00,960,955,960,960,119100
2022-09-06 09:37:00,960,960,960,960,196800
2022-09-06 09:38:00,960,960,960,960,420600
2022-09-06 09:39:00,960,960,960,960,222900
2022-09-06 09:40:00,960,960,960,960,163800
2022-09-06 09:41:00,960,960,960,960,343700
2022-09-06 09:42:00,960,960,970,970,2142800
2022-09-06 09:43:00,965,965,970,965,706900
2022-09-06 09:44:00,965,965,970,970,902900
2022-09-06 09:45:00,970,970,975,970,1186000
2022-09-06 09:46:00,975,970,975,975,749600
2022-09-06 09:47:00,975,970,975,975,421000
2022-09-06 09:48:00,975,970,980,970,701900
2022-09-06 09:49:00,975,970,980,975,1372900
2022-09-06 09:50:00,975,970,980,975,1114700
2022-09-06 09:51:00,975,975,980,980,1580700
2022-09-06 09:52:00,980,980,985,980,2848700
2022-09-06 09:53:00,985,980,985,985,116900
2022-09-06 09:54:00,985,980,985,985,293700
2022-09-06 09:55:00,985,985,990,985,1021000
2022-09-06 09:56:00,985,985,990,990,446900
2022-09-06 09:57:00,985,985,990,990,193900
2022-09-06 09:58:00,990,985,990,985,370100
2022-09-06 09:59:00,990,985,990,990,42400
2022-09-06 10:00:00,990,985,990,985,113000
2022-09-06 10:01:00,985,980,990,985,1197100
2022-09-06 10:02:00,985,985,995,995,798800
2022-09-06 10:03:00,995,985,995,990,586800
2022-09-06 10:04:00,990,990,995,995,1367300
2022-09-06 10:05:00,995,990,995,990,546800
2022-09-06 10:06:00,990,990,995,995,40300
2022-09-06 10:07:00,995,995,1000,995,1576500
2022-09-06 10:08:00,1000,995,1000,1000,60800
2022-09-06 10:09:00,1000,995,1000,1000,3323700
2022-09-06 10:10:00,1000,1000,1005,1005,1074800
2022-09-06 10:11:00,1005,1000,1005,1005,259200
2022-09-06 10:12:00,1005,995,1005,995,775100
2022-09-06 10:13:00,995,995,1000,1000,1014700
2022-09-06 10:14:00,995,990,1000,995,64600
2022-09-06 10:15:00,995,990,1000,1000,326600
2022-09-06 10:16:00,995,995,1000,995,40300
2022-09-06 10:17:00,995,995,995,995,160200
2022-09-06 10:18:00,995,995,1000,995,1354600
2022-09-06 10:19:00,1000,995,1000,1000,1269300
2022-09-06 10:20:00,1000,1000,1005,1000,468500
2022-09-06 10:21:00,1005,1000,1010,1010,1295600
2022-09-06 10:22:00,1005,1005,1010,1005,109900
2022-09-06 10:23:00,1005,1005,1010,1005,71100
2022-09-06 10:24:00,1005,1005,1010,1010,327500
2022-09-06 10:25:00,1010,1005,1010,1005,112100
2022-09-06 10:26:00,1010,1000,1010,1000,991300
2022-09-06 10:27:00,1005,1000,1005,1005,981300
2022-09-06 10:28:00,1005,1000,1005,1005,0
2022-09-06 10:29:00,1000,995,1000,995,189400
2022-09-06 10:30:00,995,995,1000,1000,1015000
2022-09-06 10:31:00,1000,995,1000,995,362300
2022-09-06 10:32:00,1000,995,1005,1000,77100
2022-09-06 10:33:00,1000,1000,1005,1000,165100
2022-09-06 10:34:00,1000,1000,1005,1005,249100
2022-09-06 10:35:00,1000,1000,1005,1000,45800
2022-09-06 10:36:00,1005,1000,1005,1005,12300
2022-09-06 10:37:00,1000,1000,1005,1005,37500
2022-09-06 10:38:00,1005,1005,1005,1005,885400
2022-09-06 10:39:00,1005,1005,1010,1010,113700
2022-09-06 10:40:00,1005,1005,1010,1005,0
2022-09-06 10:41:00,1005,1005,1005,1005,30700
2022-09-06 10:42:00,1005,1005,1010,1010,79900
2022-09-06 10:43:00,1010,1005,1010,1010,199000
2022-09-06 10:44:00,1005,1005,1005,1005,63600
2022-09-06 10:45:00,1010,1005,1010,1005,173500
2022-09-06 10:46:00,1005,1005,1010,1005,62700
2022-09-06 10:47:00,1005,1005,1010,1005,61000
2022-09-06 10:48:00,1005,1005,1005,1005,202400
2022-09-06 10:49:00,1005,1000,1005,1005,75900
2022-09-06 10:50:00,1005,1000,1005,1000,489100
2022-09-06 10:51:00,995,995,995,995,161100
2022-09-06 10:52:00,1000,995,1000,995,220700
2022-09-06 10:53:00,995,995,1000,1000,36400
2022-09-06 10:54:00,1000,995,1000,995,40600
2022-09-06 10:55:00,995,995,1000,1000,39800
2022-09-06 10:56:00,1000,995,1000,995,2300
2022-09-06 10:57:00,1000,995,1000,995,7300
2022-09-06 10:58:00,995,995,1000,1000,594700
2022-09-06 10:59:00,1000,995,1000,1000,0
2022-09-06 11:00:00,1000,1000,1000,1000,21500
2022-09-06 11:01:00,1000,995,1000,1000,214400
2022-09-06 11:02:00,1000,1000,1000,1000,400700
2022-09-06 11:03:00,1000,995,1000,995,59300
2022-09-06 11:04:00,1000,1000,1000,1000,172900
2022-09-06 11:05:00,1000,1000,1000,1000,0
2022-09-06 11:06:00,1000,995,1000,1000,103900
2022-09-06 11:07:00,1000,1000,1000,1000,220400
2022-09-06 11:08:00,1000,1000,1000,1000,61600
2022-09-06 11:09:00,1000,995,1000,995,33600
2022-09-06 11:10:00,995,995,1000,1000,10700
2022-09-06 11:11:00,1000,1000,1000,1000,75500
2022-09-06 11:12:00,1000,1000,1005,1000,130400
2022-09-06 11:13:00,1000,1000,1000,1000,26900
2022-09-06 11:14:00,1000,1000,1005,1005,891200
2022-09-06 11:15:00,1005,1000,1005,1000,0
2022-09-06 11:16:00,1005,1005,1005,1005,8400
2022-09-06 11:17:00,1005,1000,1005,1000,6200
2022-09-06 11:18:00,1000,1000,1000,1000,3000
2022-09-06 11:19:00,1005,1000,1005,1005,21900
2022-09-06 11:20:00,1005,1000,1005,1000,500700
2022-09-06 11:21:00,1005,1005,1005,1005,20000
2022-09-06 11:22:00,1000,1000,1000,1000,105900
2022-09-06 11:23:00,1000,1000,1000,1000,0
2022-09-06 11:24:00,1000,1000,1000,1000,5800
2022-09-06 11:25:00,1000,1000,1000,1000,804200
2022-09-06 11:26:00,1000,1000,1000,1000,0
2022-09-06 11:27:00,1000,1000,1000,1000,3100
2022-09-06 11:28:00,1000,1000,1000,1000,700
2022-09-06 11:29:00,1005,1000,1005,1005,20300
2022-09-06 11:30:00,1005,1000,1005,1005,0
2022-09-06 11:31:00,1005,1000,1005,1005,0
2022-09-06 11:32:00,1005,1000,1005,1005,0
2022-09-06 11:33:00,1005,1000,1005,1005,0
2022-09-06 11:34:00,1005,1000,1005,1005,0
2022-09-06 11:35:00,1005,1000,1005,1005,0
2022-09-06 11:36:00,1005,1000,1005,1005,0
2022-09-06 11:37:00,1005,1000,1005,1005,0
2022-09-06 11:38:00,1005,1000,1005,1005,0
2022-09-06 11:39:00,1005,1000,1005,1005,0
2022-09-06 11:40:00,1005,1000,1005,1005,0
2022-09-06 11:41:00,1005,1000,1005,1005,0
2022-09-06 11:42:00,1005,1000,1005,1005,0
2022-09-06 11:43:00,1005,1000,1005,1005,0
2022-09-06 11:44:00,1005,1000,1005,1005,0
2022-09-06 11:45:00,1005,1000,1005,1005,0
2022-09-06 11:46:00,1005,1000,1005,1005,0
2022-09-06 11:47:00,1005,1000,1005,1005,0
2022-09-06 11:48:00,1005,1000,1005,1005,0
2022-09-06 11:49:00,1005,1000,1005,1005,0
2022-09-06 11:50:00,1005,1000,1005,1005,0
2022-09-06 11:51:00,1005,1000,1005,1005,0
2022-09-06 11:52:00,1005,1000,1005,1005,0
2022-09-06 11:53:00,1005,1000,1005,1005,0
2022-09-06 11:54:00,1005,1000,1005,1005,0
2022-09-06 11:55:00,1005,1000,1005,1005,0
2022-09-06 11:56:00,1005,1000,1005,1005,0
2022-09-06 11:57:00,1005,1000,1005,1005,0
2022-09-06 11:58:00,1005,1000,1005,1005,0
2022-09-06 11:59:00,1005,1000,1005,1005,0
2022-09-06 12:00:00,1005,1000,1005,1005,0
2022-09-06 12:01:00,1005,1000,1005,1005,0
2022-09-06 12:02:00,1005,1000,1005,1005,0
2022-09-06 12:03:00,1005,1000,1005,1005,0
2022-09-06 12:04:00,1005,1000,1005,1005,0
2022-09-06 12:05:00,1005,1000,1005,1005,0
2022-09-06 12:06:00,1005,1000,1005,1005,0
2022-09-06 12:07:00,1005,1000,1005,1005,0
2022-09-06 12:08:00,1005,1000,1005,1005,0
2022-09-06 12:09:00,1005,1000,1005,1005,0
2022-09-06 12:10:00,1005,1000,1005,1005,0
2022-09-06 12:11:00,1005,1000,1005,1005,0
2022-09-06 12:12:00,1005,1000,1005,1005,0
2022-09-06 12:13:00,1005,1000,1005,1005,0
2022-09-06 12:14:00,1005,1000,1005,1005,0
2022-09-06 12:15:00,1005,1000,1005,1005,0
2022-09-06 12:16:00,1005,1000,1005,1005,0
2022-09-06 12:17:00,1005,1000,1005,1005,0
2022-09-06 12:18:00,1005,1000,1005,1005,0
2022-09-06 12:19:00,1005,1000,1005,1005,0
2022-09-06 12:20:00,1005,1000,1005,1005,0
2022-09-06 12:21:00,1005,1000,1005,1005,0
2022-09-06 12:22:00,1005,1000,1005,1005,0
2022-09-06 12:23:00,1005,1000,1005,1005,0
2022-09-06 12:24:00,1005,1000,1005,1005,0
2022-09-06 12:25:00,1005,1000,1005,1005,0
2022-09-06 12:26:00,1005,1000,1005,1005,0
2022-09-06 12:27:00,1005,1000,1005,1005,0
2022-09-06 12:28:00,1005,1000,1005,1005,0
2022-09-06 12:29:00,1005,1000,1005,1005,0
2022-09-06 12:30:00,1005,1000,1005,1005,0
2022-09-06 12:31:00,1005,1000,1005,1005,0
2022-09-06 12:32:00,1005,1000,1005,1005,0
2022-09-06 12:33:00,1005,1000,1005,1005,0
2022-09-06 12:34:00,1005,1000,1005,1005,0
2022-09-06 12:35:00,1005,1000,1005,1005,0
2022-09-06 12:36:00,1005,1000,1005,1005,0
2022-09-06 12:37:00,1005,1000,1005,1005,0
2022-09-06 12:38:00,1005,1000,1005,1005,0
2022-09-06 12:39:00,1005,1000,1005,1005,0
2022-09-06 12:40:00,1005,1000,1005,1005,0
2022-09-06 12:41:00,1005,1000,1005,1005,0
2022-09-06 12:42:00,1005,1000,1005,1005,0
2022-09-06 12:43:00,1005,1000,1005,1005,0
2022-09-06 12:44:00,1005,1000,1005,1005,0
2022-09-06 12:45:00,1005,1000,1005,1005,0
2022-09-06 12:46:00,1005,1000,1005,1005,0
2022-09-06 12:47:00,1005,1000,1005,1005,0
2022-09-06 12:48:00,1005,1000,1005,1005,0
2022-09-06 12:49:00,1005,1000,1005,1005,0
2022-09-06 12:50:00,1005,1000,1005,1005,0
2022-09-06 12:51:00,1005,1000,1005,1005,0
2022-09-06 12:52:00,1005,1000,1005,1005,0
2022-09-06 12:53:00,1005,1000,1005,1005,0
2022-09-06 12:54:00,1005,1000,1005,1005,0
2022-09-06 12:55:00,1005,1000,1005,1005,0
2022-09-06 12:56:00,1005,1000,1005,1005,0
2022-09-06 12:57:00,1005,1000,1005,1005,0
2022-09-06 12:58:00,1005,1000,1005,1005,0
2022-09-06 12:59:00,1005,1000,1005,1005,0
2022-09-06 13:00:00,1005,1000,1005,1005,0
2022-09-06 13:01:00,1005,1000,1005,1005,0
2022-09-06 13:02:00,1005,1000,1005,1005,0
2022-09-06 13:03:00,1005,1000,1005,1005,0
2022-09-06 13:04:00,1005,1000,1005,1005,0
2022-09-06 13:05:00,1005,1000,1005,1005,0
2022-09-06 13:06:00,1005,1000,1005,1005,0
2022-09-06 13:07:00,1005,1000,1005,1005,0
2022-09-06 13:08:00,1005,1000,1005,1005,0
2022-09-06 13:09:00,1005,1000,1005,1005,0
2022-09-06 13:10:00,1005,1000,1005,1005,0
2022-09-06 13:11:00,1005,1000,1005,1005,0
2022-09-06 13:12:00,1005,1000,1005,1005,0
2022-09-06 13:13:00,1005,1000,1005,1005,0
2022-09-06 13:14:00,1005,1000,1005,1005,0
2022-09-06 13:15:00,1005,1000,1005,1005,0
2022-09-06 13:16:00,1005,1000,1005,1005,0
2022-09-06 13:17:00,1005,1000,1005,1005,0
2022-09-06 13:18:00,1005,1000,1005,1005,0
2022-09-06 13:19:00,1005,1000,1005,1005,0
2022-09-06 13:20:00,1005,1000,1005,1005,0
2022-09-06 13:21:00,1005,1000,1005,1005,0
2022-09-06 13:22:00,1005,1000,1005,1005,0
2022-09-06 13:23:00,1005,1000,1005,1005,0
2022-09-06 13:24:00,1005,1000,1005,1005,0
2022-09-06 13:25:00,1005,1000,1005,1005,0
2022-09-06 13:26:00,1005,1000,1005,1005,0
2022-09-06 13:27:00,1005,1000,1005,1005,0
2022-09-06 13:28:00,1005,1000,1005,1005,0
2022-09-06 13:29:00,1005,1000,1005,1005,0
2022-09-06 13:30:00,1000,1000,1010,1010,943200
2022-09-06 13:31:00,1005,1005,1010,1005,0
2022-09-06 13:32:00,1005,1005,1010,1005,69300
2022-09-06 13:33:00,1005,1005,1005,1005,634500
2022-09-06 13:34:00,1005,1005,1005,1005,57500
2022-09-06 13:35:00,1005,1005,1010,1005,51100
2022-09-06 13:36:00,1005,1005,1015,1010,1984600
2022-09-06 13:37:00,1010,1010,1015,1015,127000
2022-09-06 13:38:00,1015,1010,1015,1015,1213900
2022-09-06 13:39:00,1015,1010,1015,1015,219800
2022-09-06 13:40:00,1015,1010,1015,1015,117500
2022-09-06 13:41:00,1010,1010,1020,1015,73500
2022-09-06 13:42:00,1015,1015,1020,1020,23600
2022-09-06 13:43:00,1020,1015,1020,1020,65100
2022-09-06 13:44:00,1020,1015,1020,1015,240800
2022-09-06 13:45:00,1015,1015,1020,1020,30900
2022-09-06 13:46:00,1015,1015,1020,1015,80100
2022-09-06 13:47:00,1020,1015,1020,1020,1032000
2022-09-06 13:48:00,1020,1020,1025,1025,2406200
2022-09-06 13:49:00,1025,1020,1025,1025,922600
2022-09-06 13:50:00,1025,1020,1030,1025,590900
2022-09-06 13:51:00,1030,1025,1045,1040,3349500
2022-09-06 13:52:00,1045,1040,1050,1045,1950700
2022-09-06 13:53:00,1045,1035,1045,1035,650900
2022-09-06 13:54:00,1035,1025,1035,1030,668800
2022-09-06 13:55:00,1030,1030,1040,1035,503500
2022-09-06 13:56:00,1035,1035,1040,1040,53900
2022-09-06 13:57:00,1035,1035,1040,1040,110100
2022-09-06 13:58:00,1035,1030,1040,1035,309800
2022-09-06 13:59:00,1035,1035,1040,1040,210600
2022-09-06 14:00:00,1040,1035,1040,1040,1455900
2022-09-06 14:01:00,1040,1040,1040,1040,439000
2022-09-06 14:02:00,1040,1035,1045,1040,510100
2022-09-06 14:03:00,1035,1035,1035,1035,572500
2022-09-06 14:04:00,1035,1030,1035,1035,856100
2022-09-06 14:05:00,1035,1030,1040,1035,680900
2022-09-06 14:06:00,1035,1030,1035,1030,573200
2022-09-06 14:07:00,1030,1030,1035,1030,101300
2022-09-06 14:08:00,1030,1025,1035,1030,203600
2022-09-06 14:09:00,1030,1030,1030,1030,124200
2022-09-06 14:10:00,1030,1030,1035,1030,175600
2022-09-06 14:11:00,1030,1030,1030,1030,113900
2022-09-06 14:12:00,1030,1025,1030,1030,58500
2022-09-06 14:13:00,1030,1025,1030,1030,137800
2022-09-06 14:14:00,1030,1025,1030,1030,41900
2022-09-06 14:15:00,1025,1025,1025,1025,26300
2022-09-06 14:16:00,1025,1025,1030,1030,19900
2022-09-06 14:17:00,1030,1030,1035,1030,160200
2022-09-06 14:18:00,1035,1030,1035,1030,251300
2022-09-06 14:19:00,1035,1030,1040,1035,234600
2022-09-06 14:20:00,1035,1030,1040,1035,755000
2022-09-06 14:21:00,1035,1030,1035,1035,198500
2022-09-06 14:22:00,1035,1035,1040,1035,28200
2022-09-06 14:23:00,1035,1035,1040,1035,7100
2022-09-06 14:24:00,1035,1035,1040,1040,61200
2022-09-06 14:25:00,1040,1035,1040,1035,24200
2022-09-06 14:26:00,1035,1035,1040,1035,14200
2022-09-06 14:27:00,1035,1035,1045,1045,1094600
2022-09-06 14:28:00,1045,1040,1050,1045,2259200
2022-09-06 14:29:00,1045,1045,1045,1045,22400
2022-09-06 14:30:00,1045,1040,1045,1045,96800
2022-09-06 14:31:00,1045,1040,1045,1045,634800
2022-09-06 14:32:00,1045,1045,1050,1045,93100
2022-09-06 14:33:00,1045,1045,1050,1045,911600
2022-09-06 14:34:00,1050,1040,1055,1050,3409400
2022-09-06 14:35:00,1050,1045,1050,1050,149200
2022-09-06 14:36:00,1050,1045,1050,1050,549700
2022-09-06 14:37:00,1050,1045,1055,1055,102500
2022-09-06 14:38:00,1055,1050,1060,1050,2083100
2022-09-06 14:39:00,1055,1050,1055,1055,18000
2022-09-06 14:40:00,1055,1050,1055,1055,97100
2022-09-06 14:41:00,1055,1050,1060,1060,464700
2022-09-06 14:42:00,1055,1055,1060,1055,346400
2022-09-06 14:43:00,1055,1050,1055,1050,29500
2022-09-06 14:44:00,1050,1040,1055,1045,788600
2022-09-06 14:45:00,1040,1040,1050,1050,261100
2022-09-06 14:46:00,1050,1045,1050,1050,551200
2022-09-06 14:47:00,1055,1050,1055,1050,203600
2022-09-06 14:48:00,1050,1045,1050,1050,795800
2022-09-06 14:49:00,1050,1045,1055,1055,962700
2022-09-06 14:50:00,1050,1045,1055,1055,0
2022-09-06 14:51:00,1050,1045,1055,1055,0
2022-09-06 14:52:00,1050,1045,1055,1055,0
2022-09-06 14:53:00,1050,1045,1055,1055,0
2022-09-06 14:54:00,1050,1045,1055,1055,0
2022-09-06 14:55:00,1050,1045,1055,1055,0
2022-09-06 14:56:00,1050,1045,1055,1055,0
2022-09-06 14:57:00,1050,1045,1055,1055,0
2022-09-06 14:58:00,1050,1045,1055,1055,0
2022-09-06 14:59:00,1050,1045,1055,1055,0
2022-09-06 15:00:00,1055,1055,1055,1055,4178300
2022-09-06 15:01:00,1055,1055,1055,1055,2990200
2022-09-06 15:02:00,1055,1055,1055,1055,168500
2022-09-06 15:03:00,1055,1055,1055,1055,1283800
2022-09-06 15:04:00,1055,1055,1055,1055,771000
2022-09-06 15:05:00,1055,1055,1055,1055,96000
2022-09-06 15:06:00,1055,1055,1055,1055,54100
2022-09-06 15:07:00,1055,1055,1055,1055,513600
2022-09-06 15:08:00,1055,1055,1055,1055,70900
2022-09-06 15:09:00,1055,1055,1055,1055,742500
2022-09-06 15:10:00,1055,1055,1055,1055,365500
2022-09-06 15:11:00,1055,1055,1055,1055,0
2022-09-06 15:12:00,1055,1055,1055,1055,110000
2022-09-06 15:13:00,1055,1055,1055,1055,28800
2022-09-06 15:14:00,1055,1055,1055,1055,0
2022-09-06 15:15:00,1055,1055,1055,1055,0
2022-09-06 15:16:00,1055,1055,1055,1055,0
2022-09-06 15:17:00,1055,1055,1055,1055,0
2022-09-06 15:18:00,1055,1055,1055,1055,0
2022-09-06 15:19:00,1055,1055,1055,1055,0
2022-09-06 15:20:00,1055,1055,1055,1055,0
2022-09-06 15:21:00,1055,1055,1055,1055,0
2022-09-06 15:22:00,1055,1055,1055,1055,0
2022-09-06 15:23:00,1055,1055,1055,1055,0
2022-09-06 15:24:00,1055,1055,1055,1055,0
2022-09-06 15:25:00,1055,1055,1055,1055,0
2022-09-06 15:26:00,1055,1055,1055,1055,0
2022-09-06 15:27:00,1055,1055,1055,1055,0
2022-09-06 15:28:00,1055,1055,1055,1055,0
2022-09-06 15:29:00,1055,1055,1055,1055,0
2022-09-06 15:30:00,1055,1055,1055,1055,0
2022-09-06 15:31:00,1055,1055,1055,1055,0
2022-09-06 15:32:00,1055,1055,1055,1055,0
2022-09-06 15:33:00,1055,1055,1055,1055,0
2022-09-06 15:34:00,1055,1055,1055,1055,0
2022-09-06 15:35:00,1055,1055,1055,1055,0
2022-09-06 15:36:00,1055,1055,1055,1055,0
2022-09-06 15:37:00,1055,1055,1055,1055,0
2022-09-06 15:38:00,1055,1055,1055,1055,0
2022-09-06 15:39:00,1055,1055,1055,1055,0
2022-09-06 15:40:00,1055,1055,1055,1055,0
2022-09-06 15:41:00,1055,1055,1055,1055,0
2022-09-06 15:42:00,1055,1055,1055,1055,0
2022-09-06 15:43:00,1055,1055,1055,1055,0
2022-09-06 15:44:00,1055,1055,1055,1055,0
2022-09-06 15:45:00,1055,1055,1055,1055,0
2022-09-06 15:46:00,1055,1055,1055,1055,0
2022-09-06 15:47:00,1055,1055,1055,1055,0
2022-09-06 15:48:00,1055,1055,1055,1055,0
2022-09-06 15:49:00,1055,1055,1055,1055,0
2022-09-06 15:50:00,1055,1055,1055,1055,0
2022-09-06 15:51:00,1055,1055,1055,1055,0
2022-09-06 15:52:00,1055,1055,1055,1055,0
2022-09-06 15:53:00,1055,1055,1055,1055,0
2022-09-06 15:54:00,1055,1055,1055,1055,0
2022-09-06 15:55:00,1055,1055,1055,1055,0
2022-09-06 15:56:00,1055,1055,1055,1055,0
2022-09-06 15:57:00,1055,1055,1055,1055,0
2022-09-06 15:58:00,1055,1055,1055,1055,0
2022-09-06 15:59:00,1055,1055,1055,1055,0
2022-09-07 09:00:00,1050,1050,1065,1065,2095400
2022-09-07 09:01:00,1065,1055,1070,1060,2323800
2022-09-07 09:02:00,1060,1045,1060,1055,928900
2022-09-07 09:03:00,1055,1050,1060,1060,694400
2022-09-07 09:04:00,1060,1060,1065,1065,395800
2022-09-07 09:05:00,1060,1060,1065,1060,386100
2022-09-07 09:06:00,1060,1060,1065,1065,318600
2022-09-07 09:07:00,1065,1055,1065,1060,191300
2022-09-07 09:08:00,1060,1060,1065,1065,89300
2022-09-07 09:09:00,1065,1060,1065,1065,684700
2022-09-07 09:10:00,1065,1065,1075,1070,1185300
2022-09-07 09:11:00,1070,1070,1075,1075,1619600
2022-09-07 09:12:00,1070,1065,1070,1065,599300
2022-09-07 09:13:00,1070,1065,1070,1070,546800
2022-09-07 09:14:00,1070,1065,1070,1070,215000
2022-09-07 09:15:00,1070,1065,1075,1075,414900
2022-09-07 09:16:00,1075,1070,1075,1070,1131400
2022-09-07 09:17:00,1070,1065,1070,1070,311600
2022-09-07 09:18:00,1070,1065,1070,1070,808300
2022-09-07 09:19:00,1070,1065,1070,1065,991800
2022-09-07 09:20:00,1065,1065,1070,1070,410400
2022-09-07 09:21:00,1070,1065,1070,1070,5159200
2022-09-07 09:22:00,1070,1065,1075,1075,6049700
2022-09-07 09:23:00,1075,1075,1080,1075,445200
2022-09-07 09:24:00,1075,1075,1085,1080,2890300
2022-09-07 09:25:00,1080,1075,1080,1080,464600
2022-09-07 09:26:00,1080,1075,1080,1080,616200
2022-09-07 09:27:00,1075,1065,1075,1070,2349200
2022-09-07 09:28:00,1070,1065,1075,1070,598600
2022-09-07 09:29:00,1070,1070,1075,1075,930400
2022-09-07 09:30:00,1070,1065,1075,1070,623500
2022-09-07 09:31:00,1070,1065,1070,1070,25100
2022-09-07 09:32:00,1070,1070,1075,1070,218500
2022-09-07 09:33:00,1070,1065,1070,1065,488000
2022-09-07 09:34:00,1065,1060,1070,1065,932300
2022-09-07 09:35:00,1060,1060,1065,1060,537400
2022-09-07 09:36:00,1065,1055,1065,1060,1055100
2022-09-07 09:37:00,1060,1060,1065,1060,5700
2022-09-07 09:38:00,1060,1060,1070,1070,384000
2022-09-07 09:39:00,1070,1065,1070,1065,216900
2022-09-07 09:40:00,1070,1065,1070,1065,5210000
2022-09-07 09:41:00,1070,1065,1075,1065,6321700
2022-09-07 09:42:00,1070,1070,1070,1070,85900
2022-09-07 09:43:00,1070,1070,1075,1075,0
2022-09-07 09:44:00,1070,1070,1075,1070,357400
2022-09-07 09:45:00,1070,1065,1070,1070,152800
2022-09-07 09:46:00,1065,1065,1070,1070,254500
2022-09-07 09:47:00,1065,1065,1065,1065,111800
2022-09-07 09:48:00,1065,1065,1065,1065,16100
2022-09-07 09:49:00,1065,1060,1065,1060,59700
2022-09-07 09:50:00,1060,1060,1065,1060,219300
2022-09-07 09:51:00,1060,1055,1060,1055,1139100
2022-09-07 09:52:00,1055,1055,1060,1060,180800
2022-09-07 09:53:00,1060,1055,1060,1060,393900
2022-09-07 09:54:00,1060,1060,1065,1060,100700
2022-09-07 09:55:00,1060,1060,1065,1060,28400
2022-09-07 09:56:00,1060,1060,1060,1060,11000
2022-09-07 09:57:00,1060,1060,1060,1060,294000
2022-09-07 09:58:00,1060,1055,1060,1060,137600
2022-09-07 09:59:00,1060,1055,1060,1055,291700
2022-09-07 10:00:00,1055,1050,1060,1050,1751800
2022-09-07 10:01:00,1040,1040,1045,1045,1406600
2022-09-07 10:02:00,1040,1040,1045,1045,287900
2022-09-07 10:03:00,1045,1040,1045,1040,1148300
2022-09-07 10:04:00,1040,1035,1045,1040,462300
2022-09-07 10:05:00,1035,1035,1040,1035,124000
2022-09-07 10:06:00,1035,1035,1045,1045,485900
2022-09-07 10:07:00,1045,1030,1050,1035,3293000
2022-09-07 10:08:00,1035,1035,1040,1035,278800
2022-09-07 10:09:00,1035,1035,1035,1035,606800
2022-09-07 10:10:00,1035,1035,1040,1040,373200
2022-09-07 10:11:00,1035,1035,1045,1045,69300
2022-09-07 10:12:00,1045,1040,1045,1040,278000
2022-09-07 10:13:00,1045,1040,1045,1040,0
2022-09-07 10:14:00,1045,1040,1045,1040,213200
2022-09-07 10:15:00,1035,1035,1040,1035,9800
2022-09-07 10:16:00,1040,1035,1040,1035,18200
2022-09-07 10:17:00,1035,1035,1040,1035,27100
2022-09-07 10:18:00,1035,1035,1040,1040,25500
2022-09-07 10:19:00,1035,1035,1040,1040,179700
2022-09-07 10:20:00,1035,1035,1035,1035,48100
2022-09-07 10:21:00,1035,1030,1035,1035,112000
2022-09-07 10:22:00,1035,1035,1035,1035,268200
2022-09-07 10:23:00,1035,1035,1035,1035,176400
2022-09-07 10:24:00,1035,1035,1035,1035,142600
2022-09-07 10:25:00,1035,1035,1035,1035,46400
2022-09-07 10:26:00,1040,1035,1040,1035,306300
2022-09-07 10:27:00,1035,1035,1035,1035,64400
2022-09-07 10:28:00,1035,1030,1035,1030,0
2022-09-07 10:29:00,1030,1030,1030,1030,7300
2022-09-07 10:30:00,1030,1030,1035,1030,108900
2022-09-07 10:31:00,1030,1030,1030,1030,13000
2022-09-07 10:32:00,1030,1025,1030,1025,418600
2022-09-07 10:33:00,1030,1025,1040,1035,332200
2022-09-07 10:34:00,1035,1035,1035,1035,0
2022-09-07 10:35:00,1040,1035,1040,1035,78100
2022-09-07 10:36:00,1040,1035,1045,1045,400500
2022-09-07 10:37:00,1045,1040,1050,1050,123100
2022-09-07 10:38:00,1050,1050,1055,1055,414100
2022-09-07 10:39:00,1055,1050,1055,1055,41100
2022-09-07 10:40:00,1055,1050,1060,1060,247900
2022-09-07 10:41:00,1060,1060,1060,1060,18200
2022-09-07 10:42:00,1055,1050,1055,1055,298700
2022-09-07 10:43:00,1055,1055,1055,1055,25000
2022-09-07 10:44:00,1055,1055,1055,1055,3700
2022-09-07 10:45:00,1055,1055,1055,1055,31700
2022-09-07 10:46:00,1055,1055,1055,1055,89400
2022-09-07 10:47:00,1055,1055,1055,1055,25300
2022-09-07 10:48:00,1055,1055,1055,1055,10300
2022-09-07 10:49:00,1055,1055,1055,1055,28600
2022-09-07 10:50:00,1060,1050,1060,1050,27200
2022-09-07 10:51:00,1055,1050,1055,1055,87900
2022-09-07 10:52:00,1050,1050,1055,1055,21500
2022-09-07 10:53:00,1055,1050,1055,1055,21200
2022-09-07 10:54:00,1055,1050,1055,1055,9400
2022-09-07 10:55:00,1055,1050,1055,1055,8000
2022-09-07 10:56:00,1055,1050,1055,1055,536800
2022-09-07 10:57:00,1055,1055,1065,1065,1064000
2022-09-07 10:58:00,1065,1065,1065,1065,56000
2022-09-07 10:59:00,1065,1060,1070,1070,747700
2022-09-07 11:00:00,1070,1070,1075,1075,307700
2022-09-07 11:01:00,1075,1070,1075,1075,603400
2022-09-07 11:02:00,1075,1075,1075,1075,484100
2022-09-07 11:03:00,1075,1065,1075,1070,774100
2022-09-07 11:04:00,1070,1070,1075,1070,549000
2022-09-07 11:05:00,1070,1065,1070,1065,705900
2022-09-07 11:06:00,1065,1065,1065,1065,14300
2022-09-07 11:07:00,1065,1060,1065,1060,157900
2022-09-07 11:08:00,1060,1060,1060,1060,62900
2022-09-07 11:09:00,1060,1060,1065,1060,82000
2022-09-07 11:10:00,1060,1060,1065,1060,19100
2022-09-07 11:11:00,1065,1065,1070,1070,291200
2022-09-07 11:12:00,1070,1070,1075,1070,176500
2022-09-07 11:13:00,1070,1070,1075,1070,150000
2022-09-07 11:14:00,1075,1070,1075,1075,490000
2022-09-07 11:15:00,1070,1070,1075,1070,94100
2022-09-07 11:16:00,1070,1070,1075,1075,199700
2022-09-07 11:17:00,1070,1070,1075,1075,22800
2022-09-07 11:18:00,1070,1070,1075,1075,7600
2022-09-07 11:19:00,1070,1065,1075,1070,674200
2022-09-07 11:20:00,1070,1070,1070,1070,181600
2022-09-07 11:21:00,1070,1070,1070,1070,37100
2022-09-07 11:22:00,1070,1070,1075,1070,803300
2022-09-07 11:23:00,1070,1070,1070,1070,295700
2022-09-07 11:24:00,1070,1070,1075,1075,367700
2022-09-07 11:25:00,1070,1070,1070,1070,917300
2022-09-07 11:26:00,1070,1070,1075,1070,222500
2022-09-07 11:27:00,1070,1070,1070,1070,0
2022-09-07 11:28:00,1070,1070,1070,1070,281900
2022-09-07 11:29:00,1070,1070,1070,1070,46500
2022-09-07 11:30:00,1070,1070,1070,1070,0
2022-09-07 11:31:00,1070,1070,1070,1070,0
2022-09-07 11:32:00,1070,1070,1070,1070,0
2022-09-07 11:33:00,1070,1070,1070,1070,0
2022-09-07 11:34:00,1070,1070,1070,1070,0
2022-09-07 11:35:00,1070,1070,1070,1070,0
2022-09-07 11:36:00,1070,1070,1070,1070,0
2022-09-07 11:37:00,1070,1070,1070,1070,0
2022-09-07 11:38:00,1070,1070,1070,1070,0
2022-09-07 11:39:00,1070,1070,1070,1070,0
2022-09-07 11:40:00,1070,1070,1070,1070,0
2022-09-07 11:41:00,1070,1070,1070,1070,0
2022-09-07 11:42:00,1070,1070,1070,1070,0
2022-09-07 11:43:00,1070,1070,1070,1070,0
2022-09-07 11:44:00,1070,1070,1070,1070,0
2022-09-07 11:45:00,1070,1070,1070,1070,0
2022-09-07 11:46:00,1070,1070,1070,1070,0
2022-09-07 11:47:00,1070,1070,1070,1070,0
2022-09-07 11:48:00,1070,1070,1070,1070,0
2022-09-07 11:49:00,1070,1070,1070,1070,0
2022-09-07 11:50:00,1070,1070,1070,1070,0
2022-09-07 11:51:00,1070,1070,1070,1070,0
2022-09-07 11:52:00,1070,1070,1070,1070,0
2022-09-07 11:53:00,1070,1070,1070,1070,0
2022-09-07 11:54:00,1070,1070,1070,1070,0
2022-09-07 11:55:00,1070,1070,1070,1070,0
2022-09-07 11:56:00,1070,1070,1070,1070,0
2022-09-07 11:57:00,1070,1070,1070,1070,0
2022-09-07 11:58:00,1070,1070,1070,1070,0
2022-09-07 11:59:00,1070,1070,1070,1070,0
2022-09-07 12:00:00,1070,1070,1070,1070,0
2022-09-07 12:01:00,1070,1070,1070,1070,0
2022-09-07 12:02:00,1070,1070,1070,1070,0
2022-09-07 12:03:00,1070,1070,1070,1070,0
2022-09-07 12:04:00,1070,1070,1070,1070,0
2022-09-07 12:05:00,1070,1070,1070,1070,0
2022-09-07 12:06:00,1070,1070,1070,1070,0
2022-09-07 12:07:00,1070,1070,1070,1070,0
2022-09-07 12:08:00,1070,1070,1070,1070,0
2022-09-07 12:09:00,1070,1070,1070,1070,0
2022-09-07 12:10:00,1070,1070,1070,1070,0
2022-09-07 12:11:00,1070,1070,1070,1070,0
2022-09-07 12:12:00,1070,1070,1070,1070,0
2022-09-07 12:13:00,1070,1070,1070,1070,0
2022-09-07 12:14:00,1070,1070,1070,1070,0
2022-09-07 12:15:00,1070,1070,1070,1070,0
2022-09-07 12:16:00,1070,1070,1070,1070,0
2022-09-07 12:17:00,1070,1070,1070,1070,0
2022-09-07 12:18:00,1070,1070,1070,1070,0
2022-09-07 12:19:00,1070,1070,1070,1070,0
2022-09-07 12:20:00,1070,1070,1070,1070,0
2022-09-07 12:21:00,1070,1070,1070,1070,0
2022-09-07 12:22:00,1070,1070,1070,1070,0
2022-09-07 12:23:00,1070,1070,1070,1070,0
2022-09-07 12:24:00,1070,1070,1070,1070,0
2022-09-07 12:25:00,1070,1070,1070,1070,0
2022-09-07 12:26:00,1070,1070,1070,1070,0
2022-09-07 12:27:00,1070,1070,1070,1070,0
2022-09-07 12:28:00,1070,1070,1070,1070,0
2022-09-07 12:29:00,1070,1070,1070,1070,0
2022-09-07 12:30:00,1070,1070,1070,1070,0
2022-09-07 12:31:00,1070,1070,1070,1070,0
2022-09-07 12:32:00,1070,1070,1070,1070,0
2022-09-07 12:33:00,1070,1070,1070,1070,0
2022-09-07 12:34:00,1070,1070,1070,1070,0
2022-09-07 12:35:00,1070,1070,1070,1070,0
2022-09-07 12:36:00,1070,1070,1070,1070,0
2022-09-07 12:37:00,1070,1070,1070,1070,0
2022-09-07 12:38:00,1070,1070,1070,1070,0
2022-09-07 12:39:00,1070,1070,1070,1070,0
2022-09-07 12:40:00,1070,1070,1070,1070,0
2022-09-07 12:41:00,1070,1070,1070,1070,0
2022-09-07 12:42:00,1070,1070,1070,1070,0
2022-09-07 12:43:00,1070,1070,1070,1070,0
2022-09-07 12:44:00,1070,1070,1070,1070,0
2022-09-07 12:45:00,1070,1070,1070,1070,0
2022-09-07 12:46:00,1070,1070,1070,1070,0
2022-09-07 12:47:00,1070,1070,1070,1070,0
2022-09-07 12:48:00,1070,1070,1070,1070,0
2022-09-07 12:49:00,1070,1070,1070,1070,0
2022-09-07 12:50:00,1070,1070,1070,1070,0
2022-09-07 12:51:00,1070,1070,1070,1070,0
2022-09-07 12:52:00,1070,1070,1070,1070,0
2022-09-07 12:53:00,1070,1070,1070,1070,0
2022-09-07 12:54:00,1070,1070,1070,1070,0
2022-09-07 12:55:00,1070,1070,1070,1070,0
2022-09-07 12:56:00,1070,1070,1070,1070,0
2022-09-07 12:57:00,1070,1070,1070,1070,0
2022-09-07 12:58:00,1070,1070,1070,1070,0
2022-09-07 12:59:00,1070,1070,1070,1070,0
2022-09-07 13:00:00,1070,1070,1070,1070,0
2022-09-07 13:01:00,1070,1070,1070,1070,0
2022-09-07 13:02:00,1070,1070,1070,1070,0
2022-09-07 13:03:00,1070,1070,1070,1070,0
2022-09-07 13:04:00,1070,1070,1070,1070,0
2022-09-07 13:05:00,1070,1070,1070,1070,0
2022-09-07 13:06:00,1070,1070,1070,1070,0
2022-09-07 13:07:00,1070,1070,1070,1070,0
2022-09-07 13:08:00,1070,1070,1070,1070,0
2022-09-07 13:09:00,1070,1070,1070,1070,0
2022-09-07 13:10:00,1070,1070,1070,1070,0
2022-09-07 13:11:00,1070,1070,1070,1070,0
2022-09-07 13:12:00,1070,1070,1070,1070,0
2022-09-07 13:13:00,1070,1070,1070,1070,0
2022-09-07 13:14:00,1070,1070,1070,1070,0
2022-09-07 13:15:00,1070,1070,1070,1070,0
2022-09-07 13:16:00,1070,1070,1070,1070,0
2022-09-07 13:17:00,1070,1070,1070,1070,0
2022-09-07 13:18:00,1070,1070,1070,1070,0
2022-09-07 13:19:00,1070,1070,1070,1070,0
2022-09-07 13:20:00,1070,1070,1070,1070,0
2022-09-07 13:21:00,1070,1070,1070,1070,0
2022-09-07 13:22:00,1070,1070,1070,1070,0
2022-09-07 13:23:00,1070,1070,1070,1070,0
2022-09-07 13:24:00,1070,1070,1070,1070,0
2022-09-07 13:25:00,1070,1070,1070,1070,0
2022-09-07 13:26:00,1070,1070,1070,1070,0
2022-09-07 13:27:00,1070,1070,1070,1070,0
2022-09-07 13:28:00,1070,1070,1070,1070,0
2022-09-07 13:29:00,1070,1070,1070,1070,0
2022-09-07 13:30:00,1070,1055,1075,1070,4001300
2022-09-07 13:31:00,1070,1070,1070,1070,4900
2022-09-07 13:32:00,1070,1065,1075,1075,122700
2022-09-07 13:33:00,1075,1070,1075,1075,235700
2022-09-07 13:34:00,1075,1075,1075,1075,577900
2022-09-07 13:35:00,1080,1075,1080,1080,1479700
2022-09-07 13:36:00,1080,1080,1095,1095,2866300
2022-09-07 13:37:00,1090,1090,1095,1090,884100
2022-09-07 13:38:00,1090,1080,1090,1080,802900
2022-09-07 13:39:00,1080,1080,1085,1085,157800
2022-09-07 13:40:00,1085,1080,1085,1085,26000
2022-09-07 13:41:00,1080,1080,1085,1080,110900
2022-09-07 13:42:00,1085,1080,1085,1085,510200
2022-09-07 13:43:00,1085,1085,1090,1090,253500
2022-09-07 13:44:00,1090,1090,1095,1095,2689200
2022-09-07 13:45:00,1095,1095,1100,1095,1157600
2022-09-07 13:46:00,1095,1095,1100,1100,2598800
2022-09-07 13:47:00,1095,1095,1100,1095,1120000
2022-09-07 13:48:00,1100,1090,1100,1095,1383800
2022-09-07 13:49:00,1095,1090,1100,1095,849700
2022-09-07 13:50:00,1095,1090,1100,1100,406800
2022-09-07 13:51:00,1100,1095,1100,1100,585400
2022-09-07 13:52:00,1100,1095,1100,1100,4672000
2022-09-07 13:53:00,1100,1095,1100,1095,121300
2022-09-07 13:54:00,1100,1095,1100,1100,715100
2022-09-07 13:55:00,1100,1095,1100,1095,178400
2022-09-07 13:56:00,1095,1095,1100,1100,285800
2022-09-07 13:57:00,1100,1090,1100,1090,643800
2022-09-07 13:58:00,1090,1090,1095,1095,357500
2022-09-07 13:59:00,1095,1095,1100,1095,47800
2022-09-07 14:00:00,1095,1095,1095,1095,181000
2022-09-07 14:01:00,1095,1090,1095,1090,170000
2022-09-07 14:02:00,1090,1090,1095,1090,341300
2022-09-07 14:03:00,1090,1090,1090,1090,125200
2022-09-07 14:04:00,1090,1090,1090,1090,294500
2022-09-07 14:05:00,1090,1090,1095,1095,46700
2022-09-07 14:06:00,1095,1095,1095,1095,78600
2022-09-07 14:07:00,1095,1095,1095,1095,88600
2022-09-07 14:08:00,1095,1090,1095,1090,43600
2022-09-07 14:09:00,1095,1090,1095,1090,0
2022-09-07 14:10:00,1090,1090,1095,1095,266600
2022-09-07 14:11:00,1095,1090,1095,1095,53600
2022-09-07 14:12:00,1095,1095,1095,1095,41900
2022-09-07 14:13:00,1095,1090,1095,1095,232200
2022-09-07 14:14:00,1095,1090,1095,1090,0
2022-09-07 14:15:00,1090,1090,1095,1095,47700
2022-09-07 14:16:00,1095,1095,1095,1095,341700
2022-09-07 14:17:00,1095,1095,1100,1095,143500
2022-09-07 14:18:00,1095,1095,1095,1095,600
2022-09-07 14:19:00,1095,1090,1095,1090,85400
2022-09-07 14:20:00,1090,1090,1095,1095,37000
2022-09-07 14:21:00,1095,1090,1095,1095,127400
2022-09-07 14:22:00,1095,1090,1095,1095,730700
2022-09-07 14:23:00,1095,1095,1095,1095,201000
2022-09-07 14:24:00,1095,1095,1100,1095,191200
2022-09-07 14:25:00,1100,1095,1105,1100,1580000
2022-09-07 14:26:00,1100,1100,1105,1105,198700
2022-09-07 14:27:00,1100,1100,1105,1100,404800
2022-09-07 14:28:00,1100,1100,1100,1100,231100
2022-09-07 14:29:00,1100,1100,1105,1105,255600
2022-09-07 14:30:00,1100,1100,1105,1100,446100
2022-09-07 14:31:00,1100,1100,1105,1100,414800
2022-09-07 14:32:00,1100,1100,1100,1100,163200
2022-09-07 14:33:00,1105,1100,1105,1105,213900
2022-09-07 14:34:00,1105,1100,1105,1105,24100
2022-09-07 14:35:00,1100,1095,1100,1100,251600
2022-09-07 14:36:00,1100,1100,1105,1105,86600
2022-09-07 14:37:00,1105,1100,1105,1105,779300
2022-09-07 14:38:00,1105,1105,1110,1105,870200
2022-09-07 14:39:00,1105,1100,1105,1100,82500
2022-09-07 14:40:00,1100,1100,1105,1100,144800
2022-09-07 14:41:00,1100,1100,1105,1100,340400
2022-09-07 14:42:00,1095,1095,1100,1100,43400
2022-09-07 14:43:00,1100,1100,1100,1100,30500
2022-09-07 14:44:00,1100,1095,1100,1095,344900
2022-09-07 14:45:00,1095,1090,1095,1090,147600
2022-09-07 14:46:00,1090,1085,1095,1090,1142500
2022-09-07 14:47:00,1090,1090,1095,1090,43800
2022-09-07 14:48:00,1090,1090,1100,1095,315600
2022-09-07 14:49:00,1095,1095,1105,1105,730800
2022-09-07 14:50:00,1095,1095,1105,1105,0
2022-09-07 14:51:00,1095,1095,1105,1105,0
2022-09-07 14:52:00,1095,1095,1105,1105,0
2022-09-07 14:53:00,1095,1095,1105,1105,0
2022-09-07 14:54:00,1095,1095,1105,1105,0
2022-09-07 14:55:00,1095,1095,1105,1105,0
2022-09-07 14:56:00,1095,1095,1105,1105,0
2022-09-07 14:57:00,1095,1095,1105,1105,0
2022-09-07 14:58:00,1095,1095,1105,1105,0
2022-09-07 14:59:00,1095,1095,1105,1105,0
2022-09-07 15:00:00,1105,1105,1105,1105,2453400
2022-09-07 15:01:00,1105,1105,1105,1105,154600
2022-09-07 15:02:00,1105,1105,1105,1105,39800
2022-09-07 15:03:00,1105,1105,1105,1105,15700
2022-09-07 15:04:00,1105,1105,1105,1105,107300
2022-09-07 15:05:00,1105,1105,1105,1105,0
2022-09-07 15:06:00,1105,1105,1105,1105,46000
2022-09-07 15:07:00,1105,1105,1105,1105,107600
2022-09-07 15:08:00,1105,1105,1105,1105,178600
2022-09-07 15:09:00,1105,1105,1105,1105,10300
2022-09-07 15:10:00,1105,1105,1105,1105,5100
2022-09-07 15:11:00,1105,1105,1105,1105,700
2022-09-07 15:12:00,1105,1105,1105,1105,35000
2022-09-07 15:13:00,1105,1105,1105,1105,22200
2022-09-07 15:14:00,1105,1105,1105,1105,0
2022-09-07 15:15:00,1105,1105,1105,1105,0
2022-09-07 15:16:00,1105,1105,1105,1105,0
2022-09-07 15:17:00,1105,1105,1105,1105,0
2022-09-07 15:18:00,1105,1105,1105,1105,0
2022-09-07 15:19:00,1105,1105,1105,1105,0
2022-09-07 15:20:00,1105,1105,1105,1105,0
2022-09-07 15:21:00,1105,1105,1105,1105,0
2022-09-07 15:22:00,1105,1105,1105,1105,0
2022-09-07 15:23:00,1105,1105,1105,1105,0
2022-09-07 15:24:00,1105,1105,1105,1105,0
2022-09-07 15:25:00,1105,1105,1105,1105,0
2022-09-07 15:26:00,1105,1105,1105,1105,0
2022-09-07 15:27:00,1105,1105,1105,1105,0
2022-09-07 15:28:00,1105,1105,1105,1105,0
2022-09-07 15:29:00,1105,1105,1105,1105,0
2022-09-07 15:30:00,1105,1105,1105,1105,0
2022-09-07 15:31:00,1105,1105,1105,1105,0
2022-09-07 15:32:00,1105,1105,1105,1105,0
2022-09-07 15:33:00,1105,1105,1105,1105,0
2022-09-07 15:34:00,1105,1105,1105,1105,0
2022-09-07 15:35:00,1105,1105,1105,1105,0
2022-09-07 15:36:00,1105,1105,1105,1105,0
2022-09-07 15:37:00,1105,1105,1105,1105,0
2022-09-07 15:38:00,1105,1105,1105,1105,0
2022-09-07 15:39:00,1105,1105,1105,1105,0
2022-09-07 15:40:00,1105,1105,1105,1105,0
2022-09-07 15:41:00,1105,1105,1105,1105,0
2022-09-07 15:42:00,1105,1105,1105,1105,0
2022-09-07 15:43:00,1105,1105,1105,1105,0
2022-09-07 15:44:00,1105,1105,1105,1105,0
2022-09-07 15:45:00,1105,1105,1105,1105,0
2022-09-07 15:46:00,1105,1105,1105,1105,0
2022-09-07 15:47:00,1105,1105,1105,1105,0
2022-09-07 15:48:00,1105,1105,1105,1105,0
2022-09-07 15:49:00,1105,1105,1105,1105,0
2022-09-07 15:50:00,1105,1105,1105,1105,0
2022-09-07 15:51:00,1105,1105,1105,1105,0
2022-09-07 15:52:00,1105,1105,1105,1105,0
2022-09-07 15:53:00,1105,1105,1105,1105,0
2022-09-07 15:54:00,1105,1105,1105,1105,0
2022-09-07 15:55:00,1105,1105,1105,1105,0
2022-09-07 15:56:00,1105,1105,1105,1105,0
2022-09-07 15:57:00,1105,1105,1105,1105,0
2022-09-07 15:58:00,1105,1105,1105,1105,0
2022-09-07 15:59:00,1105,1105,1105,1105,0
2022-09-08 09:00:00,1105,1095,1110,1105,2510200
2022-09-08 09:01:00,1110,1105,1110,1105,114200
2022-09-08 09:02:00,1105,1100,1110,1110,687900
2022-09-08 09:03:00,1110,1105,1110,1110,89000
2022-09-08 09:04:00,1110,1105,1110,1105,320900
2022-09-08 09:05:00,1105,1100,1105,1105,173100
2022-09-08 09:06:00,1105,1095,1105,1095,1360900
2022-09-08 09:07:00,1095,1085,1095,1095,3044700
2022-09-08 09:08:00,1095,1095,1105,1105,131900
2022-09-08 09:09:00,1100,1100,1105,1105,245000
2022-09-08 09:10:00,1105,1100,1105,1100,305500
2022-09-08 09:11:00,1100,1100,1105,1100,224500
2022-09-08 09:12:00,1100,1095,1100,1095,190600
2022-09-08 09:13:00,1095,1095,1105,1105,10281600
2022-09-08 09:14:00,1100,1100,1115,1110,10831800
2022-09-08 09:15:00,1115,1100,1115,1110,531200
2022-09-08 09:16:00,1110,1105,1110,1110,218500
2022-09-08 09:17:00,1110,1105,1110,1110,230300
2022-09-08 09:18:00,1110,1110,1115,1110,28500
2022-09-08 09:19:00,1110,1110,1115,1110,221200
2022-09-08 09:20:00,1110,1110,1110,1110,112900
2022-09-08 09:21:00,1110,1110,1115,1110,967900
2022-09-08 09:22:00,1115,1115,1135,1135,3990300
2022-09-08 09:23:00,1135,1125,1135,1130,2873300
2022-09-08 09:24:00,1130,1130,1135,1130,870300
2022-09-08 09:25:00,1130,1125,1130,1130,515800
2022-09-08 09:26:00,1125,1125,1135,1130,564700
2022-09-08 09:27:00,1130,1130,1135,1130,77200
2022-09-08 09:28:00,1135,1135,1145,1140,1612500
2022-09-08 09:29:00,1140,1130,1145,1135,9058900
2022-09-08 09:30:00,1135,1130,1140,1140,9301600
2022-09-08 09:31:00,1140,1140,1145,1140,280900
2022-09-08 09:32:00,1140,1140,1145,1145,131600
2022-09-08 09:33:00,1140,1140,1145,1145,675600
2022-09-08 09:34:00,1145,1145,1150,1145,3090700
2022-09-08 09:35:00,1150,1140,1150,1145,732400
2022-09-08 09:36:00,1145,1145,1150,1145,815200
2022-09-08 09:37:00,1145,1145,1150,1150,558000
2022-09-08 09:38:00,1150,1145,1160,1160,6728600
2022-09-08 09:39:00,1160,1150,1160,1160,1061000
2022-09-08 09:40:00,1160,1155,1165,1160,2144400
2022-09-08 09:41:00,1165,1160,1165,1165,1132600
2022-09-08 09:42:00,1165,1160,1170,1165,848700
2022-09-08 09:43:00,1165,1165,1175,1175,2619000
2022-09-08 09:44:00,1175,1165,1180,1175,2868200
2022-09-08 09:45:00,1175,1175,1180,1175,600200
2022-09-08 09:46:00,1180,1170,1180,1170,2270000
2022-09-08 09:47:00,1170,1160,1175,1160,3156200
2022-09-08 09:48:00,1165,1160,1170,1170,600600
2022-09-08 09:49:00,1170,1165,1170,1165,612100
2022-09-08 09:50:00,1170,1170,1180,1180,921000
2022-09-08 09:51:00,1180,1175,1190,1185,10996600
2022-09-08 09:52:00,1185,1180,1190,1185,9518100
2022-09-08 09:53:00,1185,1185,1195,1195,2669300
2022-09-08 09:54:00,1190,1190,1195,1190,941600
2022-09-08 09:55:00,1190,1190,1195,1190,797900
2022-09-08 09:56:00,1190,1190,1195,1190,1504700
2022-09-08 09:57:00,1190,1190,1195,1195,702800
2022-09-08 09:58:00,1190,1190,1200,1190,1848000
2022-09-08 09:59:00,1190,1190,1195,1195,547100
2022-09-08 10:00:00,1200,1195,1200,1200,2080400
2022-09-08 10:01:00,1200,1195,1205,1195,5668800
2022-09-08 10:02:00,1195,1195,1205,1200,969400
2022-09-08 10:03:00,1205,1200,1205,1200,986500
2022-09-08 10:04:00,1200,1195,1205,1205,1017000
2022-09-08 10:05:00,1200,1195,1205,1195,1242300
2022-09-08 10:06:00,1195,1190,1200,1190,329000
2022-09-08 10:07:00,1190,1185,1195,1190,454800
2022-09-08 10:08:00,1185,1185,1190,1190,484200
2022-09-08 10:09:00,1190,1190,1195,1190,775300
2022-09-08 10:10:00,1190,1185,1190,1185,416600
2022-09-08 10:11:00,1185,1185,1190,1185,481600
2022-09-08 10:12:00,1185,1185,1190,1185,152400
2022-09-08 10:13:00,1185,1185,1190,1190,121000
2022-09-08 10:14:00,1185,1180,1190,1180,253400
2022-09-08 10:15:00,1185,1175,1185,1180,1563100
2022-09-08 10:16:00,1180,1175,1180,1180,287400
2022-09-08 10:17:00,1180,1175,1185,1180,664000
2022-09-08 10:18:00,1180,1175,1180,1180,638700
2022-09-08 10:19:00,1180,1180,1185,1180,174300
2022-09-08 10:20:00,1180,1175,1180,1180,299600
2022-09-08 10:21:00,1180,1180,1185,1185,349100
2022-09-08 10:22:00,1185,1185,1190,1185,27900
2022-09-08 10:23:00,1185,1185,1190,1185,3700
2022-09-08 10:24:00,1185,1185,1185,1185,215800
2022-09-08 10:25:00,1185,1175,1185,1180,212600
2022-09-08 10:26:00,1180,1175,1180,1175,37200
2022-09-08 10:27:00,1180,1180,1180,1180,103300
2022-09-08 10:28:00,1185,1180,1185,1180,113500
2022-09-08 10:29:00,1185,1180,1185,1180,33500
2022-09-08 10:30:00,1185,1180,1185,1180,8500
2022-09-08 10:31:00,1180,1180,1185,1185,22000
2022-09-08 10:32:00,1185,1180,1185,1185,84100
2022-09-08 10:33:00,1180,1180,1185,1185,3800
2022-09-08 10:34:00,1185,1180,1185,1185,177900
2022-09-08 10:35:00,1180,1180,1185,1185,190900
2022-09-08 10:36:00,1185,1185,1190,1185,365300
2022-09-08 10:37:00,1190,1185,1190,1185,123300
2022-09-08 10:38:00,1190,1185,1190,1190,6100
2022-09-08 10:39:00,1190,1190,1190,1190,322800
2022-09-08 10:40:00,1190,1190,1195,1195,43100
2022-09-08 10:41:00,1195,1190,1195,1195,780200
2022-09-08 10:42:00,1195,1195,1200,1200,242900
2022-09-08 10:43:00,1195,1195,1200,1200,763600
2022-09-08 10:44:00,1195,1195,1200,1195,69400
2022-09-08 10:45:00,1195,1195,1200,1195,102500
2022-09-08 10:46:00,1200,1195,1200,1195,25400
2022-09-08 10:47:00,1195,1195,1200,1195,247000
2022-09-08 10:48:00,1195,1195,1200,1195,243500
2022-09-08 10:49:00,1195,1195,1200,1195,272400
2022-09-08 10:50:00,1195,1190,1195,1190,22200
2022-09-08 10:51:00,1195,1190,1195,1190,16000
2022-09-08 10:52:00,1190,1190,1195,1195,253900
2022-09-08 10:53:00,1195,1190,1195,1195,432400
2022-09-08 10:54:00,1195,1195,1200,1200,39600
2022-09-08 10:55:00,1200,1200,1200,1200,197400
2022-09-08 10:56:00,1200,1195,1200,1195,22600
2022-09-08 10:57:00,1200,1195,1200,1200,67700
2022-09-08 10:58:00,1195,1195,1200,1200,16500
2022-09-08 10:59:00,1200,1195,1200,1200,30100
2022-09-08 11:00:00,1195,1195,1200,1195,962500
2022-09-08 11:01:00,1195,1195,1195,1195,144300
2022-09-08 11:02:00,1195,1195,1195,1195,223900
2022-09-08 11:03:00,1195,1190,1195,1190,12600
2022-09-08 11:04:00,1190,1190,1195,1195,36400
2022-09-08 11:05:00,1195,1190,1195,1195,12800
2022-09-08 11:06:00,1190,1190,1195,1195,13400
2022-09-08 11:07:00,1195,1190,1195,1190,6000
2022-09-08 11:08:00,1190,1190,1195,1190,1349100
2022-09-08 11:09:00,1185,1185,1185,1185,0
2022-09-08 11:10:00,1185,1185,1190,1185,115200
2022-09-08 11:11:00,1185,1185,1185,1185,148500
2022-09-08 11:12:00,1190,1185,1190,1185,28000
2022-09-08 11:13:00,1185,1185,1190,1190,33400
2022-09-08 11:14:00,1185,1180,1185,1185,433700
2022-09-08 11:15:00,1180,1180,1185,1180,51600
2022-09-08 11:16:00,1180,1170,1180,1175,3605100
2022-09-08 11:17:00,1170,1170,1175,1175,619200
2022-09-08 11:18:00,1175,1175,1175,1175,185000
2022-09-08 11:19:00,1175,1175,1180,1175,0
2022-09-08 11:20:00,1175,1175,1180,1175,138600
2022-09-08 11:21:00,1175,1175,1180,1175,911000
2022-09-08 11:22:00,1175,1175,1180,1175,12400
2022-09-08 11:23:00,1175,1175,1175,1175,400
2022-09-08 11:24:00,1175,1175,1180,1180,7800
2022-09-08 11:25:00,1180,1180,1180,1180,417300
2022-09-08 11:26:00,1180,1175,1180,1175,149600
2022-09-08 11:27:00,1175,1175,1180,1175,135400
2022-09-08 11:28:00,1175,1175,1180,1180,114200
2022-09-08 11:29:00,1180,1175,1180,1180,158330400
2022-09-08 11:30:00,1180,1175,1180,1180,0
2022-09-08 11:31:00,1180,1175,1180,1180,0
2022-09-08 11:32:00,1180,1175,1180,1180,0
2022-09-08 11:33:00,1180,1175,1180,1180,0
2022-09-08 11:34:00,1180,1175,1180,1180,0
2022-09-08 11:35:00,1180,1175,1180,1180,0
2022-09-08 11:36:00,1180,1175,1180,1180,0
2022-09-08 11:37:00,1180,1175,1180,1180,0
2022-09-08 11:38:00,1180,1175,1180,1180,0
2022-09-08 11:39:00,1180,1175,1180,1180,0
2022-09-08 11:40:00,1180,1175,1180,1180,0
2022-09-08 11:41:00,1180,1175,1180,1180,0
2022-09-08 11:42:00,1180,1175,1180,1180,0
2022-09-08 11:43:00,1180,1175,1180,1180,0
2022-09-08 11:44:00,1180,1175,1180,1180,0
2022-09-08 11:45:00,1180,1175,1180,1180,0
2022-09-08 11:46:00,1180,1175,1180,1180,0
2022-09-08 11:47:00,1180,1175,1180,1180,0
2022-09-08 11:48:00,1180,1175,1180,1180,0
2022-09-08 11:49:00,1180,1175,1180,1180,0
2022-09-08 11:50:00,1180,1175,1180,1180,0
2022-09-08 11:51:00,1180,1175,1180,1180,0
2022-09-08 11:52:00,1180,1175,1180,1180,0
2022-09-08 11:53:00,1180,1175,1180,1180,0
2022-09-08 11:54:00,1180,1175,1180,1180,0
2022-09-08 11:55:00,1180,1175,1180,1180,0
2022-09-08 11:56:00,1180,1175,1180,1180,0
2022-09-08 11:57:00,1180,1175,1180,1180,0
2022-09-08 11:58:00,1180,1175,1180,1180,0
2022-09-08 11:59:00,1180,1175,1180,1180,0
2022-09-08 12:00:00,1180,1175,1180,1180,0
2022-09-08 12:01:00,1180,1175,1180,1180,0
2022-09-08 12:02:00,1180,1175,1180,1180,0
2022-09-08 12:03:00,1180,1175,1180,1180,0
2022-09-08 12:04:00,1180,1175,1180,1180,0
2022-09-08 12:05:00,1180,1175,1180,1180,0
2022-09-08 12:06:00,1180,1175,1180,1180,0
2022-09-08 12:07:00,1180,1175,1180,1180,0
2022-09-08 12:08:00,1180,1175,1180,1180,0
2022-09-08 12:09:00,1180,1175,1180,1180,0
2022-09-08 12:10:00,1180,1175,1180,1180,0
2022-09-08 12:11:00,1180,1175,1180,1180,0
2022-09-08 12:12:00,1180,1175,1180,1180,0
2022-09-08 12:13:00,1180,1175,1180,1180,0
2022-09-08 12:14:00,1180,1175,1180,1180,0
2022-09-08 12:15:00,1180,1175,1180,1180,0
2022-09-08 12:16:00,1180,1175,1180,1180,0
2022-09-08 12:17:00,1180,1175,1180,1180,0
2022-09-08 12:18:00,1180,1175,1180,1180,0
2022-09-08 12:19:00,1180,1175,1180,1180,0
2022-09-08 12:20:00,1180,1175,1180,1180,0
2022-09-08 12:21:00,1180,1175,1180,1180,0
2022-09-08 12:22:00,1180,1175,1180,1180,0
2022-09-08 12:23:00,1180,1175,1180,1180,0
2022-09-08 12:24:00,1180,1175,1180,1180,0
2022-09-08 12:25:00,1180,1175,1180,1180,0
2022-09-08 12:26:00,1180,1175,1180,1180,0
2022-09-08 12:27:00,1180,1175,1180,1180,0
2022-09-08 12:28:00,1180,1175,1180,1180,0
2022-09-08 12:29:00,1180,1175,1180,1180,0
2022-09-08 12:30:00,1180,1175,1180,1180,0
2022-09-08 12:31:00,1180,1175,1180,1180,0
2022-09-08 12:32:00,1180,1175,1180,1180,0
2022-09-08 12:33:00,1180,1175,1180,1180,0
2022-09-08 12:34:00,1180,1175,1180,1180,0
2022-09-08 12:35:00,1180,1175,1180,1180,0
2022-09-08 12:36:00,1180,1175,1180,1180,0
2022-09-08 12:37:00,1180,1175,1180,1180,0
2022-09-08 12:38:00,1180,1175,1180,1180,0
2022-09-08 12:39:00,1180,1175,1180,1180,0
2022-09-08 12:40:00,1180,1175,1180,1180,0
2022-09-08 12:41:00,1180,1175,1180,1180,0
2022-09-08 12:42:00,1180,1175,1180,1180,0
2022-09-08 12:43:00,1180,1175,1180,1180,0
2022-09-08 12:44:00,1180,1175,1180,1180,0
2022-09-08 12:45:00,1180,1175,1180,1180,0
2022-09-08 12:46:00,1180,1175,1180,1180,0
2022-09-08 12:47:00,1180,1175,1180,1180,0
2022-09-08 12:48:00,1180,1175,1180,1180,0
2022-09-08 12:49:00,1180,1175,1180,1180,0
2022-09-08 12:50:00,1180,1175,1180,1180,0
2022-09-08 12:51:00,1180,1175,1180,1180,0
2022-09-08 12:52:00,1180,1175,1180,1180,0
2022-09-08 12:53:00,1180,1175,1180,1180,0
2022-09-08 12:54:00,1180,1175,1180,1180,0
2022-09-08 12:55:00,1180,1175,1180,1180,0
2022-09-08 12:56:00,1180,1175,1180,1180,0
2022-09-08 12:57:00,1180,1175,1180,1180,0
2022-09-08 12:58:00,1180,1175,1180,1180,0
2022-09-08 12:59:00,1180,1175,1180,1180,0
2022-09-08 13:00:00,1180,1175,1180,1180,0
2022-09-08 13:01:00,1180,1175,1180,1180,0
2022-09-08 13:02:00,1180,1175,1180,1180,0
2022-09-08 13:03:00,1180,1175,1180,1180,0
2022-09-08 13:04:00,1180,1175,1180,1180,0
2022-09-08 13:05:00,1180,1175,1180,1180,0
2022-09-08 13:06:00,1180,1175,1180,1180,0
2022-09-08 13:07:00,1180,1175,1180,1180,0
2022-09-08 13:08:00,1180,1175,1180,1180,0
2022-09-08 13:09:00,1180,1175,1180,1180,0
2022-09-08 13:10:00,1180,1175,1180,1180,0
2022-09-08 13:11:00,1180,1175,1180,1180,0
2022-09-08 13:12:00,1180,1175,1180,1180,0
2022-09-08 13:13:00,1180,1175,1180,1180,0
2022-09-08 13:14:00,1180,1175,1180,1180,0
2022-09-08 13:15:00,1180,1175,1180,1180,0
2022-09-08 13:16:00,1180,1175,1180,1180,0
2022-09-08 13:17:00,1180,1175,1180,1180,0
2022-09-08 13:18:00,1180,1175,1180,1180,0
2022-09-08 13:19:00,1180,1175,1180,1180,0
2022-09-08 13:20:00,1180,1175,1180,1180,0
2022-09-08 13:21:00,1180,1175,1180,1180,0
2022-09-08 13:22:00,1180,1175,1180,1180,0
2022-09-08 13:23:00,1180,1175,1180,1180,0
2022-09-08 13:24:00,1180,1175,1180,1180,0
2022-09-08 13:25:00,1180,1175,1180,1180,0
2022-09-08 13:26:00,1180,1175,1180,1180,0
2022-09-08 13:27:00,1180,1175,1180,1180,0
2022-09-08 13:28:00,1180,1175,1180,1180,0
2022-09-08 13:29:00,1180,1175,1180,1180,0
2022-09-08 13:30:00,1180,1175,1180,1180,258000
2022-09-08 13:31:00,1180,1180,1180,1180,47000
2022-09-08 13:32:00,1180,1175,1180,1175,18200
2022-09-08 13:33:00,1180,1180,1180,1180,378900
2022-09-08 13:34:00,1180,1175,1180,1180,473200
2022-09-08 13:35:00,1180,1180,1180,1180,444200
2022-09-08 13:36:00,1180,1175,1180,1180,302400
2022-09-08 13:37:00,1180,1180,1185,1180,64400
2022-09-08 13:38:00,1185,1185,1190,1185,908600
2022-09-08 13:39:00,1190,1175,1190,1175,512300
2022-09-08 13:40:00,1180,1180,1180,1180,65200
2022-09-08 13:41:00,1180,1180,1185,1180,210100
2022-09-08 13:42:00,1185,1180,1185,1180,514300
2022-09-08 13:43:00,1180,1175,1180,1180,652800
2022-09-08 13:44:00,1180,1175,1180,1180,79100
2022-09-08 13:45:00,1175,1175,1180,1175,37900
2022-09-08 13:46:00,1175,1175,1180,1180,42900
2022-09-08 13:47:00,1180,1175,1180,1175,13900
2022-09-08 13:48:00,1175,1175,1180,1180,42200
2022-09-08 13:49:00,1180,1175,1180,1175,1310400
2022-09-08 13:50:00,1175,1170,1175,1170,505100
2022-09-08 13:51:00,1170,1165,1175,1165,1624700
2022-09-08 13:52:00,1165,1160,1170,1165,1278000
2022-09-08 13:53:00,1165,1160,1170,1165,378200
2022-09-08 13:54:00,1160,1160,1165,1160,54600
2022-09-08 13:55:00,1160,1160,1165,1165,348700
2022-09-08 13:56:00,1170,1165,1170,1170,23600
2022-09-08 13:57:00,1165,1165,1170,1170,202700
2022-09-08 13:58:00,1175,1170,1175,1175,15000
2022-09-08 13:59:00,1175,1170,1175,1170,27000
2022-09-08 14:00:00,1175,1175,1175,1175,0
2022-09-08 14:01:00,1175,1170,1175,1170,122600
2022-09-08 14:02:00,1175,1170,1175,1175,103400
2022-09-08 14:03:00,1175,1170,1175,1175,56800
2022-09-08 14:04:00,1170,1170,1175,1175,17200
2022-09-08 14:05:00,1170,1165,1175,1165,513000
2022-09-08 14:06:00,1165,1165,1170,1165,261800
2022-09-08 14:07:00,1165,1165,1170,1170,198000
2022-09-08 14:08:00,1170,1170,1175,1175,1103600
2022-09-08 14:09:00,1175,1175,1180,1180,1740100
2022-09-08 14:10:00,1180,1180,1180,1180,704400
2022-09-08 14:11:00,1180,1175,1180,1175,0
2022-09-08 14:12:00,1175,1175,1180,1175,11400
2022-09-08 14:13:00,1175,1175,1180,1175,108100
2022-09-08 14:14:00,1180,1180,1180,1180,33500
2022-09-08 14:15:00,1180,1175,1180,1180,528000
2022-09-08 14:16:00,1180,1180,1185,1185,15200
2022-09-08 14:17:00,1185,1180,1185,1185,1333200
2022-09-08 14:18:00,1190,1185,1190,1185,319800
2022-09-08 14:19:00,1190,1185,1190,1190,7200
2022-09-08 14:20:00,1190,1185,1190,1185,19700
2022-09-08 14:21:00,1190,1185,1195,1185,1136300
2022-09-08 14:22:00,1190,1185,1190,1190,236100
2022-09-08 14:23:00,1190,1185,1190,1190,39900
2022-09-08 14:24:00,1190,1185,1190,1190,24700
2022-09-08 14:25:00,1190,1185,1190,1190,257900
2022-09-08 14:26:00,1190,1185,1190,1190,54300
2022-09-08 14:27:00,1185,1185,1190,1190,89400
2022-09-08 14:28:00,1185,1185,1190,1190,16500
2022-09-08 14:29:00,1190,1185,1190,1190,163400
2022-09-08 14:30:00,1190,1185,1190,1185,94800
2022-09-08 14:31:00,1185,1185,1190,1190,66700
2022-09-08 14:32:00,1190,1185,1190,1190,11500
2022-09-08 14:33:00,1190,1185,1190,1185,1298900
2022-09-08 14:34:00,1190,1185,1190,1185,124500
2022-09-08 14:35:00,1190,1185,1190,1185,238800
2022-09-08 14:36:00,1190,1185,1190,1190,1128200
2022-09-08 14:37:00,1190,1190,1190,1190,51000
2022-09-08 14:38:00,1190,1185,1190,1185,1304500
2022-09-08 14:39:00,1190,1190,1190,1190,106100
2022-09-08 14:40:00,1190,1190,1190,1190,195500
2022-09-08 14:41:00,1190,1185,1195,1195,353100
2022-09-08 14:42:00,1190,1190,1195,1190,521100
2022-09-08 14:43:00,1190,1185,1195,1190,202700
2022-09-08 14:44:00,1190,1185,1190,1190,583100
2022-09-08 14:45:00,1190,1185,1190,1190,652100
2022-09-08 14:46:00,1190,1185,1190,1190,332400
2022-09-08 14:47:00,1190,1185,1190,1190,221200
2022-09-08 14:48:00,1190,1185,1190,1190,1281300
2022-09-08 14:49:00,1190,1185,1190,1185,785600
2022-09-08 14:50:00,1190,1185,1190,1185,0
2022-09-08 14:51:00,1190,1185,1190,1185,0
2022-09-08 14:52:00,1190,1185,1190,1185,0
2022-09-08 14:53:00,1190,1185,1190,1185,0
2022-09-08 14:54:00,1190,1185,1190,1185,0
2022-09-08 14:55:00,1190,1185,1190,1185,0
2022-09-08 14:56:00,1190,1185,1190,1185,0
2022-09-08 14:57:00,1190,1185,1190,1185,0
2022-09-08 14:58:00,1190,1185,1190,1185,0
2022-09-08 14:59:00,1190,1185,1190,1185,0
2022-09-08 15:00:00,1185,1185,1185,1185,4668000
2022-09-08 15:01:00,1185,1185,1185,1185,34700
2022-09-08 15:02:00,1185,1185,1185,1185,87300
2022-09-08 15:03:00,1185,1185,1185,1185,132100
2022-09-08 15:04:00,1185,1185,1185,1185,84800
2022-09-08 15:05:00,1185,1185,1185,1185,3000
2022-09-08 15:06:00,1185,1185,1185,1185,700
2022-09-08 15:07:00,1185,1185,1185,1185,14700
2022-09-08 15:08:00,1185,1185,1185,1185,26700
2022-09-08 15:09:00,1185,1185,1185,1185,104600
2022-09-08 15:10:00,1185,1185,1185,1185,619900
2022-09-08 15:11:00,1185,1185,1185,1185,0
2022-09-08 15:12:00,1185,1185,1185,1185,87800
2022-09-08 15:13:00,1185,1185,1185,1185,31300
2022-09-08 15:14:00,1185,1185,1185,1185,193731400
2022-09-08 15:15:00,1185,1185,1185,1185,0
2022-09-08 15:16:00,1185,1185,1185,1185,0
2022-09-08 15:17:00,1185,1185,1185,1185,0
2022-09-08 15:18:00,1185,1185,1185,1185,0
2022-09-08 15:19:00,1185,1185,1185,1185,0
2022-09-08 15:20:00,1185,1185,1185,1185,0
2022-09-08 15:21:00,1185,1185,1185,1185,0
2022-09-08 15:22:00,1185,1185,1185,1185,0
2022-09-08 15:23:00,1185,1185,1185,1185,0
2022-09-08 15:24:00,1185,1185,1185,1185,0
2022-09-08 15:25:00,1185,1185,1185,1185,0
2022-09-08 15:26:00,1185,1185,1185,1185,0
2022-09-08 15:27:00,1185,1185,1185,1185,0
2022-09-08 15:28:00,1185,1185,1185,1185,0
2022-09-08 15:29:00,1185,1185,1185,1185,0
2022-09-08 15:30:00,1185,1185,1185,1185,0
2022-09-08 15:31:00,1185,1185,1185,1185,0
2022-09-08 15:32:00,1185,1185,1185,1185,0
2022-09-08 15:33:00,1185,1185,1185,1185,0
2022-09-08 15:34:00,1185,1185,1185,1185,0
2022-09-08 15:35:00,1185,1185,1185,1185,0
2022-09-08 15:36:00,1185,1185,1185,1185,0
2022-09-08 15:37:00,1185,1185,1185,1185,0
2022-09-08 15:38:00,1185,1185,1185,1185,0
2022-09-08 15:39:00,1185,1185,1185,1185,0
2022-09-08 15:40:00,1185,1185,1185,1185,0
2022-09-08 15:41:00,1185,1185,1185,1185,0
2022-09-08 15:42:00,1185,1185,1185,1185,0
2022-09-08 15:43:00,1185,1185,1185,1185,0
2022-09-08 15:44:00,1185,1185,1185,1185,0
2022-09-08 15:45:00,1185,1185,1185,1185,0
2022-09-08 15:46:00,1185,1185,1185,1185,0
2022-09-08 15:47:00,1185,1185,1185,1185,0
2022-09-08 15:48:00,1185,1185,1185,1185,0
2022-09-08 15:49:00,1185,1185,1185,1185,0
2022-09-08 15:50:00,1185,1185,1185,1185,0
2022-09-08 15:51:00,1185,1185,1185,1185,0
2022-09-08 15:52:00,1185,1185,1185,1185,0
2022-09-08 15:53:00,1185,1185,1185,1185,0
2022-09-08 15:54:00,1185,1185,1185,1185,0
2022-09-08 15:55:00,1185,1185,1185,1185,0
2022-09-08 15:56:00,1185,1185,1185,1185,0
2022-09-08 15:57:00,1185,1185,1185,1185,0
2022-09-08 15:58:00,1185,1185,1185,1185,0
2022-09-08 15:59:00,1185,1185,1185,1185,0
2022-09-09 09:00:00,1185,1175,1185,1180,0
2022-09-09 09:01:00,1180,1160,1185,1170,1446400
2022-09-09 09:02:00,1170,1165,1170,1170,837700
2022-09-09 09:03:00,1170,1165,1175,1165,1222500
2022-09-09 09:04:00,1170,1165,1175,1175,1041500
2022-09-09 09:05:00,1175,1170,1180,1180,254100
2022-09-09 09:06:00,1180,1175,1180,1180,282800
2022-09-09 09:07:00,1180,1180,1185,1180,1063300
2022-09-09 09:08:00,1180,1170,1185,1170,1150800
2022-09-09 09:09:00,1170,1160,1170,1165,973900
2022-09-09 09:10:00,1165,1160,1170,1165,95300
2022-09-09 09:11:00,1170,1165,1170,1170,93000
2022-09-09 09:12:00,1170,1165,1175,1170,8297500
2022-09-09 09:13:00,1170,1170,1175,1175,4169500
2022-09-09 09:14:00,1180,1175,1180,1180,4148700
2022-09-09 09:15:00,1180,1175,1180,1180,252300
2022-09-09 09:16:00,1180,1170,1180,1175,357100
2022-09-09 09:17:00,1170,1165,1170,1170,258200
2022-09-09 09:18:00,1170,1170,1175,1175,215900
2022-09-09 09:19:00,1170,1170,1175,1170,251100
2022-09-09 09:20:00,1170,1170,1175,1175,304300
2022-09-09 09:21:00,1175,1165,1175,1170,249900
2022-09-09 09:22:00,1170,1165,1170,1165,28800
2022-09-09 09:23:00,1165,1160,1165,1160,371200
2022-09-09 09:24:00,1160,1155,1165,1155,1516900
2022-09-09 09:25:00,1155,1150,1155,1155,877900
2022-09-09 09:26:00,1150,1140,1155,1140,3857600
2022-09-09 09:27:00,1140,1135,1150,1145,2199500
2022-09-09 09:28:00,1145,1140,1150,1150,927300
2022-09-09 09:29:00,1155,1150,1155,1150,127500
2022-09-09 09:30:00,1155,1150,1170,1165,933400
2022-09-09 09:31:00,1165,1160,1175,1170,759900
2022-09-09 09:32:00,1170,1165,1180,1180,682800
2022-09-09 09:33:00,1165,1165,1180,1175,11100
2022-09-09 09:34:00,1175,1170,1175,1170,97300
2022-09-09 09:35:00,1175,1165,1175,1170,444000
2022-09-09 09:36:00,1165,1165,1170,1165,77000
2022-09-09 09:37:00,1165,1165,1165,1165,83100
2022-09-09 09:38:00,1165,1165,1165,1165,83700
2022-09-09 09:39:00,1165,1165,1165,1165,110400
2022-09-09 09:40:00,1160,1160,1165,1160,19700
2022-09-09 09:41:00,1160,1160,1160,1160,64100
2022-09-09 09:42:00,1160,1160,1160,1160,6300
2022-09-09 09:43:00,1160,1160,1160,1160,0
2022-09-09 09:44:00,1160,1160,1160,1160,292100
2022-09-09 09:45:00,1160,1160,1165,1165,41200
2022-09-09 09:46:00,1160,1160,1160,1160,119500
2022-09-09 09:47:00,1165,1160,1165,1165,59400
2022-09-09 09:48:00,1165,1165,1165,1165,4277700
2022-09-09 09:49:00,1165,1165,1180,1175,4420800
2022-09-09 09:50:00,1175,1170,1175,1170,67300
2022-09-09 09:51:00,1170,1170,1175,1175,119000
2022-09-09 09:52:00,1175,1175,1180,1180,55000
2022-09-09 09:53:00,1180,1175,1180,1175,135500
2022-09-09 09:54:00,1175,1175,1175,1175,80400
2022-09-09 09:55:00,1175,1170,1175,1175,36600
2022-09-09 09:56:00,1170,1170,1170,1170,130500
2022-09-09 09:57:00,1165,1160,1165,1160,934600
2022-09-09 09:58:00,1160,1160,1165,1160,727500
2022-09-09 09:59:00,1160,1160,1165,1160,1005300
2022-09-09 10:00:00,1160,1155,1160,1155,653300
2022-09-09 10:01:00,1155,1150,1155,1150,368800
2022-09-09 10:02:00,1155,1155,1155,1155,275400
2022-09-09 10:03:00,1155,1155,1155,1155,19900
2022-09-09 10:04:00,1155,1155,1160,1155,103600
2022-09-09 10:05:00,1160,1155,1160,1160,155400
2022-09-09 10:06:00,1155,1155,1160,1155,1066200
2022-09-09 10:07:00,1155,1155,1155,1155,821600
2022-09-09 10:08:00,1155,1155,1160,1160,61100
2022-09-09 10:09:00,1155,1155,1160,1155,584700
2022-09-09 10:10:00,1155,1155,1160,1160,780800
2022-09-09 10:11:00,1165,1165,1165,1165,20600
2022-09-09 10:12:00,1165,1165,1165,1165,0
2022-09-09 10:13:00,1160,1160,1160,1160,430300
2022-09-09 10:14:00,1160,1155,1160,1155,35600
2022-09-09 10:15:00,1155,1155,1155,1155,1100
2022-09-09 10:16:00,1155,1155,1155,1155,20300
2022-09-09 10:17:00,1155,1155,1155,1155,1291900
2022-09-09 10:18:00,1150,1150,1155,1150,1736300
2022-09-09 10:19:00,1150,1145,1155,1145,654000
2022-09-09 10:20:00,1145,1145,1155,1150,30200
2022-09-09 10:21:00,1150,1150,1150,1150,16000
2022-09-09 10:22:00,1150,1150,1160,1160,333700
2022-09-09 10:23:00,1160,1160,1170,1170,67200
2022-09-09 10:24:00,1170,1165,1170,1170,37600
2022-09-09 10:25:00,1165,1165,1165,1165,4018300
2022-09-09 10:26:00,1165,1165,1170,1170,4254800
2022-09-09 10:27:00,1170,1160,1170,1165,4096200
2022-09-09 10:28:00,1165,1165,1170,1170,20000
2022-09-09 10:29:00,1170,1165,1170,1170,4273900
2022-09-09 10:30:00,1170,1165,1170,1165,108700
2022-09-09 10:31:00,1165,1165,1165,1165,30200
2022-09-09 10:32:00,1165,1165,1165,1165,9900
2022-09-09 10:33:00,1165,1165,1170,1165,32200
2022-09-09 10:34:00,1165,1165,1165,1165,0
2022-09-09 10:35:00,1165,1165,1165,1165,6700
2022-09-09 10:36:00,1165,1160,1165,1160,1800
2022-09-09 10:37:00,1160,1160,1160,1160,300
2022-09-09 10:38:00,1160,1160,1165,1160,99800
2022-09-09 10:39:00,1160,1160,1165,1160,58800
2022-09-09 10:40:00,1165,1165,1165,1165,0
2022-09-09 10:41:00,1165,1165,1165,1165,0
2022-09-09 10:42:00,1160,1160,1160,1160,81700
2022-09-09 10:43:00,1160,1160,1160,1160,0
2022-09-09 10:44:00,1160,1155,1160,1155,867900
2022-09-09 10:45:00,1155,1155,1155,1155,592600
2022-09-09 10:46:00,1155,1155,1155,1155,17000
2022-09-09 10:47:00,1155,1155,1160,1160,0
2022-09-09 10:48:00,1160,1160,1160,1160,3600
2022-09-09 10:49:00,1160,1160,1160,1160,109900
2022-09-09 10:50:00,1160,1155,1160,1160,0
2022-09-09 10:51:00,1160,1155,1160,1160,56100
2022-09-09 10:52:00,1160,1155,1160,1155,28300
2022-09-09 10:53:00,1160,1155,1160,1155,128000
2022-09-09 10:54:00,1155,1155,1160,1155,34300
2022-09-09 10:55:00,1155,1155,1165,1165,69600
2022-09-09 10:56:00,1165,1160,1165,1165,17600
2022-09-09 10:57:00,1160,1160,1165,1165,16300
2022-09-09 10:58:00,1160,1160,1165,1165,11400
2022-09-09 10:59:00,1165,1160,1165,1160,100000
2022-09-09 11:00:00,1160,1155,1160,1160,65300
2022-09-09 11:01:00,1160,1155,1160,1160,6600
2022-09-09 11:02:00,1160,1160,1160,1160,15400
2022-09-09 11:03:00,1160,1160,1160,1160,5600
2022-09-09 11:04:00,1165,1155,1165,1155,261000
2022-09-09 11:05:00,1160,1160,1160,1160,0
2022-09-09 11:06:00,1160,1155,1160,1155,123500
2022-09-09 11:07:00,1160,1155,1160,1155,0
2022-09-09 11:08:00,1160,1155,1160,1155,55600
2022-09-09 11:09:00,1155,1155,1160,1155,0
2022-09-09 11:10:00,1160,1155,1160,1155,31500
2022-09-09 11:11:00,1155,1155,1165,1165,187800
2022-09-09 11:12:00,1165,1160,1165,1165,80800
2022-09-09 11:13:00,1160,1160,1165,1165,4900
2022-09-09 11:14:00,1160,1160,1165,1165,48600
2022-09-09 11:15:00,1165,1160,1165,1165,25500
2022-09-09 11:16:00,1165,1165,1165,1165,10400
2022-09-09 11:17:00,1165,1160,1165,1160,32600
2022-09-09 11:18:00,1160,1160,1165,1165,11700
2022-09-09 11:19:00,1160,1160,1160,1160,100700
2022-09-09 11:20:00,1160,1160,1165,1165,0
2022-09-09 11:21:00,1160,1160,1160,1160,500
2022-09-09 11:22:00,1160,1160,1160,1160,0
2022-09-09 11:23:00,1165,1160,1165,1160,4500
2022-09-09 11:24:00,1165,1160,1165,1160,900
2022-09-09 11:25:00,1160,1160,1165,1165,11300
2022-09-09 11:26:00,1160,1160,1165,1165,59500
2022-09-09 11:27:00,1165,1165,1165,1165,38500
2022-09-09 11:28:00,1165,1165,1170,1165,110300
2022-09-09 11:29:00,1170,1170,1170,1170,18000
2022-09-09 11:30:00,1170,1170,1170,1170,0
2022-09-09 11:31:00,1170,1170,1170,1170,0
2022-09-09 11:32:00,1170,1170,1170,1170,0
2022-09-09 11:33:00,1170,1170,1170,1170,0
2022-09-09 11:34:00,1170,1170,1170,1170,0
2022-09-09 11:35:00,1170,1170,1170,1170,0
2022-09-09 11:36:00,1170,1170,1170,1170,0
2022-09-09 11:37:00,1170,1170,1170,1170,0
2022-09-09 11:38:00,1170,1170,1170,1170,0
2022-09-09 11:39:00,1170,1170,1170,1170,0
2022-09-09 11:40:00,1170,1170,1170,1170,0
2022-09-09 11:41:00,1170,1170,1170,1170,0
2022-09-09 11:42:00,1170,1170,1170,1170,0
2022-09-09 11:43:00,1170,1170,1170,1170,0
2022-09-09 11:44:00,1170,1170,1170,1170,0
2022-09-09 11:45:00,1170,1170,1170,1170,0
2022-09-09 11:46:00,1170,1170,1170,1170,0
2022-09-09 11:47:00,1170,1170,1170,1170,0
2022-09-09 11:48:00,1170,1170,1170,1170,0
2022-09-09 11:49:00,1170,1170,1170,1170,0
2022-09-09 11:50:00,1170,1170,1170,1170,0
2022-09-09 11:51:00,1170,1170,1170,1170,0
2022-09-09 11:52:00,1170,1170,1170,1170,0
2022-09-09 11:53:00,1170,1170,1170,1170,0
2022-09-09 11:54:00,1170,1170,1170,1170,0
2022-09-09 11:55:00,1170,1170,1170,1170,0
2022-09-09 11:56:00,1170,1170,1170,1170,0
2022-09-09 11:57:00,1170,1170,1170,1170,0
2022-09-09 11:58:00,1170,1170,1170,1170,0
2022-09-09 11:59:00,1170,1170,1170,1170,0
2022-09-09 12:00:00,1170,1170,1170,1170,0
2022-09-09 12:01:00,1170,1170,1170,1170,0
2022-09-09 12:02:00,1170,1170,1170,1170,0
2022-09-09 12:03:00,1170,1170,1170,1170,0
2022-09-09 12:04:00,1170,1170,1170,1170,0
2022-09-09 12:05:00,1170,1170,1170,1170,0
2022-09-09 12:06:00,1170,1170,1170,1170,0
2022-09-09 12:07:00,1170,1170,1170,1170,0
2022-09-09 12:08:00,1170,1170,1170,1170,0
2022-09-09 12:09:00,1170,1170,1170,1170,0
2022-09-09 12:10:00,1170,1170,1170,1170,0
2022-09-09 12:11:00,1170,1170,1170,1170,0
2022-09-09 12:12:00,1170,1170,1170,1170,0
2022-09-09 12:13:00,1170,1170,1170,1170,0
2022-09-09 12:14:00,1170,1170,1170,1170,0
2022-09-09 12:15:00,1170,1170,1170,1170,0
2022-09-09 12:16:00,1170,1170,1170,1170,0
2022-09-09 12:17:00,1170,1170,1170,1170,0
2022-09-09 12:18:00,1170,1170,1170,1170,0
2022-09-09 12:19:00,1170,1170,1170,1170,0
2022-09-09 12:20:00,1170,1170,1170,1170,0
2022-09-09 12:21:00,1170,1170,1170,1170,0
2022-09-09 12:22:00,1170,1170,1170,1170,0
2022-09-09 12:23:00,1170,1170,1170,1170,0
2022-09-09 12:24:00,1170,1170,1170,1170,0
2022-09-09 12:25:00,1170,1170,1170,1170,0
2022-09-09 12:26:00,1170,1170,1170,1170,0
2022-09-09 12:27:00,1170,1170,1170,1170,0
2022-09-09 12:28:00,1170,1170,1170,1170,0
2022-09-09 12:29:00,1170,1170,1170,1170,0
2022-09-09 12:30:00,1170,1170,1170,1170,0
2022-09-09 12:31:00,1170,1170,1170,1170,0
2022-09-09 12:32:00,1170,1170,1170,1170,0
2022-09-09 12:33:00,1170,1170,1170,1170,0
2022-09-09 12:34:00,1170,1170,1170,1170,0
2022-09-09 12:35:00,1170,1170,1170,1170,0
2022-09-09 12:36:00,1170,1170,1170,1170,0
2022-09-09 12:37:00,1170,1170,1170,1170,0
2022-09-09 12:38:00,1170,1170,1170,1170,0
2022-09-09 12:39:00,1170,1170,1170,1170,0
2022-09-09 12:40:00,1170,1170,1170,1170,0
2022-09-09 12:41:00,1170,1170,1170,1170,0
2022-09-09 12:42:00,1170,1170,1170,1170,0
2022-09-09 12:43:00,1170,1170,1170,1170,0
2022-09-09 12:44:00,1170,1170,1170,1170,0
2022-09-09 12:45:00,1170,1170,1170,1170,0
2022-09-09 12:46:00,1170,1170,1170,1170,0
2022-09-09 12:47:00,1170,1170,1170,1170,0
2022-09-09 12:48:00,1170,1170,1170,1170,0
2022-09-09 12:49:00,1170,1170,1170,1170,0
2022-09-09 12:50:00,1170,1170,1170,1170,0
2022-09-09 12:51:00,1170,1170,1170,1170,0
2022-09-09 12:52:00,1170,1170,1170,1170,0
2022-09-09 12:53:00,1170,1170,1170,1170,0
2022-09-09 12:54:00,1170,1170,1170,1170,0
2022-09-09 12:55:00,1170,1170,1170,1170,0
2022-09-09 12:56:00,1170,1170,1170,1170,0
2022-09-09 12:57:00,1170,1170,1170,1170,0
2022-09-09 12:58:00,1170,1170,1170,1170,0
2022-09-09 12:59:00,1170,1170,1170,1170,0
2022-09-09 13:00:00,1170,1170,1170,1170,0
2022-09-09 13:01:00,1170,1170,1170,1170,0
2022-09-09 13:02:00,1170,1170,1170,1170,0
2022-09-09 13:03:00,1170,1170,1170,1170,0
2022-09-09 13:04:00,1170,1170,1170,1170,0
2022-09-09 13:05:00,1170,1170,1170,1170,0
2022-09-09 13:06:00,1170,1170,1170,1170,0
2022-09-09 13:07:00,1170,1170,1170,1170,0
2022-09-09 13:08:00,1170,1170,1170,1170,0
2022-09-09 13:09:00,1170,1170,1170,1170,0
2022-09-09 13:10:00,1170,1170,1170,1170,0
2022-09-09 13:11:00,1170,1170,1170,1170,0
2022-09-09 13:12:00,1170,1170,1170,1170,0
2022-09-09 13:13:00,1170,1170,1170,1170,0
2022-09-09 13:14:00,1170,1170,1170,1170,0
2022-09-09 13:15:00,1170,1170,1170,1170,0
2022-09-09 13:16:00,1170,1170,1170,1170,0
2022-09-09 13:17:00,1170,1170,1170,1170,0
2022-09-09 13:18:00,1170,1170,1170,1170,0
2022-09-09 13:19:00,1170,1170,1170,1170,0
2022-09-09 13:20:00,1170,1170,1170,1170,0
2022-09-09 13:21:00,1170,1170,1170,1170,0
2022-09-09 13:22:00,1170,1170,1170,1170,0
2022-09-09 13:23:00,1170,1170,1170,1170,0
2022-09-09 13:24:00,1170,1170,1170,1170,0
2022-09-09 13:25:00,1170,1170,1170,1170,0
2022-09-09 13:26:00,1170,1170,1170,1170,0
2022-09-09 13:27:00,1170,1170,1170,1170,0
2022-09-09 13:28:00,1170,1170,1170,1170,0
2022-09-09 13:29:00,1170,1170,1170,1170,0
2022-09-09 13:30:00,1170,1165,1170,1170,506400
2022-09-09 13:31:00,1175,1170,1175,1170,600
2022-09-09 13:32:00,1175,1170,1175,1170,532800
2022-09-09 13:33:00,1170,1170,1175,1170,10400
2022-09-09 13:34:00,1170,1170,1175,1170,781300
2022-09-09 13:35:00,1170,1170,1175,1175,12000
2022-09-09 13:36:00,1175,1170,1175,1175,298500
2022-09-09 13:37:00,1175,1170,1175,1170,2700
2022-09-09 13:38:00,1175,1170,1175,1170,24300
2022-09-09 13:39:00,1170,1170,1175,1175,32600
2022-09-09 13:40:00,1170,1170,1175,1175,44500
2022-09-09 13:41:00,1175,1170,1175,1175,8000
2022-09-09 13:42:00,1175,1170,1180,1180,1188900
2022-09-09 13:43:00,1180,1175,1185,1185,2315000
2022-09-09 13:44:00,1185,1185,1190,1185,1116500
2022-09-09 13:45:00,1190,1185,1190,1190,398900
2022-09-09 13:46:00,1185,1185,1195,1195,739000
2022-09-09 13:47:00,1195,1195,1200,1195,1641000
2022-09-09 13:48:00,1195,1190,1195,1195,317300
2022-09-09 13:49:00,1195,1190,1195,1195,246200
2022-09-09 13:50:00,1195,1195,1195,1195,167400
2022-09-09 13:51:00,1195,1195,1200,1200,34800
2022-09-09 13:52:00,1195,1195,1200,1200,0
2022-09-09 13:53:00,1195,1195,1200,1200,2298200
2022-09-09 13:54:00,1195,1190,1195,1190,775000
2022-09-09 13:55:00,1190,1185,1190,1190,378700
2022-09-09 13:56:00,1190,1190,1195,1190,325300
2022-09-09 13:57:00,1190,1190,1195,1190,364500
2022-09-09 13:58:00,1195,1190,1195,1190,31000
2022-09-09 13:59:00,1190,1190,1195,1190,48900
2022-09-09 14:00:00,1190,1190,1195,1190,31600
2022-09-09 14:01:00,1190,1190,1195,1195,80600
2022-09-09 14:02:00,1190,1190,1190,1190,166400
2022-09-09 14:03:00,1185,1185,1190,1190,10400
2022-09-09 14:04:00,1190,1185,1190,1190,217500
2022-09-09 14:05:00,1190,1185,1190,1185,45700
2022-09-09 14:06:00,1185,1185,1190,1185,22500
2022-09-09 14:07:00,1185,1185,1190,1185,0
2022-09-09 14:08:00,1185,1185,1190,1190,537200
2022-09-09 14:09:00,1190,1190,1200,1200,1761800
2022-09-09 14:10:00,1195,1195,1200,1200,970300
2022-09-09 14:11:00,1200,1195,1205,1200,1866100
2022-09-09 14:12:00,1200,1195,1205,1200,541600
2022-09-09 14:13:00,1200,1200,1200,1200,822100
2022-09-09 14:14:00,1200,1195,1200,1200,92200
2022-09-09 14:15:00,1200,1200,1200,1200,1032200
2022-09-09 14:16:00,1200,1195,1200,1195,95100
2022-09-09 14:17:00,1200,1195,1200,1195,22400
2022-09-09 14:18:00,1200,1195,1200,1200,61500
2022-09-09 14:19:00,1200,1195,1200,1195,214900
2022-09-09 14:20:00,1200,1195,1200,1200,112200
2022-09-09 14:21:00,1205,1200,1205,1200,87900
2022-09-09 14:22:00,1200,1195,1200,1195,474800
2022-09-09 14:23:00,1195,1195,1200,1195,1720500
2022-09-09 14:24:00,1190,1190,1195,1195,44500
2022-09-09 14:25:00,1190,1190,1195,1190,107000
2022-09-09 14:26:00,1190,1185,1190,1190,964900
2022-09-09 14:27:00,1185,1185,1190,1190,1700
2022-09-09 14:28:00,1190,1185,1190,1185,33600
2022-09-09 14:29:00,1185,1185,1185,1185,50300
2022-09-09 14:30:00,1185,1185,1190,1190,5700
2022-09-09 14:31:00,1190,1185,1190,1190,556100
2022-09-09 14:32:00,1190,1185,1190,1190,36100
2022-09-09 14:33:00,1185,1185,1185,1185,20400
2022-09-09 14:34:00,1185,1185,1190,1185,117200
2022-09-09 14:35:00,1185,1185,1190,1190,37400
2022-09-09 14:36:00,1190,1190,1190,1190,58100
2022-09-09 14:37:00,1185,1185,1185,1185,79600
2022-09-09 14:38:00,1185,1185,1190,1190,22000
2022-09-09 14:39:00,1185,1185,1190,1190,48500
2022-09-09 14:40:00,1190,1185,1190,1190,99400
2022-09-09 14:41:00,1190,1190,1190,1190,190900
2022-09-09 14:42:00,1190,1190,1190,1190,36500
2022-09-09 14:43:00,1190,1185,1190,1190,14500
2022-09-09 14:44:00,1185,1185,1185,1185,12100
2022-09-09 14:45:00,1190,1185,1190,1185,510200
2022-09-09 14:46:00,1185,1185,1190,1190,0
2022-09-09 14:47:00,1190,1185,1190,1190,293300
2022-09-09 14:48:00,1190,1190,1190,1190,359000
2022-09-09 14:49:00,1190,1190,1195,1190,1172000
2022-09-09 14:50:00,1190,1190,1195,1190,0
2022-09-09 14:51:00,1190,1190,1195,1190,0
2022-09-09 14:52:00,1190,1190,1195,1190,0
2022-09-09 14:53:00,1190,1190,1195,1190,0
2022-09-09 14:54:00,1190,1190,1195,1190,0
2022-09-09 14:55:00,1190,1190,1195,1190,0
2022-09-09 14:56:00,1190,1190,1195,1190,0
2022-09-09 14:57:00,1190,1190,1195,1190,0
2022-09-09 14:58:00,1190,1190,1195,1190,0
2022-09-09 14:59:00,1190,1190,1195,1190,0
2022-09-09 15:00:00,1200,1200,1200,1200,3289800
2022-09-09 15:01:00,1200,1200,1200,1200,18600
2022-09-09 15:02:00,1200,1200,1200,1200,11200
2022-09-09 15:03:00,1200,1200,1200,1200,13200
2022-09-09 15:04:00,1200,1200,1200,1200,5300
2022-09-09 15:05:00,1200,1200,1200,1200,13500
2022-09-09 15:06:00,1200,1200,1200,1200,507100
2022-09-09 15:07:00,1200,1200,1200,1200,496200
2022-09-09 15:08:00,1200,1200,1200,1200,527200
2022-09-09 15:09:00,1200,1200,1200,1200,0
2022-09-09 15:10:00,1200,1200,1200,1200,0
2022-09-09 15:11:00,1200,1200,1200,1200,186300
2022-09-09 15:12:00,1200,1200,1200,1200,0
2022-09-09 15:13:00,1200,1200,1200,1200,38700
2022-09-09 15:14:00,1200,1200,1200,1200,0
2022-09-09 15:15:00,1200,1200,1200,1200,0
2022-09-09 15:16:00,1200,1200,1200,1200,0
2022-09-09 15:17:00,1200,1200,1200,1200,0
2022-09-09 15:18:00,1200,1200,1200,1200,0
2022-09-09 15:19:00,1200,1200,1200,1200,0
2022-09-09 15:20:00,1200,1200,1200,1200,0
2022-09-09 15:21:00,1200,1200,1200,1200,0
2022-09-09 15:22:00,1200,1200,1200,1200,0
2022-09-09 15:23:00,1200,1200,1200,1200,0
2022-09-09 15:24:00,1200,1200,1200,1200,0
2022-09-09 15:25:00,1200,1200,1200,1200,0
2022-09-09 15:26:00,1200,1200,1200,1200,0
2022-09-09 15:27:00,1200,1200,1200,1200,0
2022-09-09 15:28:00,1200,1200,1200,1200,0
2022-09-09 15:29:00,1200,1200,1200,1200,0
2022-09-09 15:30:00,1200,1200,1200,1200,0
2022-09-09 15:31:00,1200,1200,1200,1200,0
2022-09-09 15:32:00,1200,1200,1200,1200,0
2022-09-09 15:33:00,1200,1200,1200,1200,0
2022-09-09 15:34:00,1200,1200,1200,1200,0
2022-09-09 15:35:00,1200,1200,1200,1200,0
2022-09-09 15:36:00,1200,1200,1200,1200,0
2022-09-09 15:37:00,1200,1200,1200,1200,0
2022-09-09 15:38:00,1200,1200,1200,1200,0
2022-09-09 15:39:00,1200,1200,1200,1200,0
2022-09-09 15:40:00,1200,1200,1200,1200,0
2022-09-09 15:41:00,1200,1200,1200,1200,0
2022-09-09 15:42:00,1200,1200,1200,1200,0
2022-09-09 15:43:00,1200,1200,1200,1200,0
2022-09-09 15:44:00,1200,1200,1200,1200,0
2022-09-09 15:45:00,1200,1200,1200,1200,0
2022-09-09 15:46:00,1200,1200,1200,1200,0
2022-09-09 15:47:00,1200,1200,1200,1200,0
2022-09-09 15:48:00,1200,1200,1200,1200,0
2022-09-09 15:49:00,1200,1200,1200,1200,0
2022-09-09 15:50:00,1200,1200,1200,1200,0
2022-09-09 15:51:00,1200,1200,1200,1200,0
2022-09-09 15:52:00,1200,1200,1200,1200,0
2022-09-09 15:53:00,1200,1200,1200,1200,0
2022-09-09 15:54:00,1200,1200,1200,1200,0
2022-09-09 15:55:00,1200,1200,1200,1200,0
2022-09-09 15:56:00,1200,1200,1200,1200,0
2022-09-09 15:57:00,1200,1200,1200,1200,0
2022-09-09 15:58:00,1200,1200,1200,1200,0
2022-09-09 15:59:00,1200,1200,1200,1200,0
2022-09-12 09:00:00,1205,1185,1205,1200,0
2022-09-12 09:01:00,1195,1185,1200,1190,497200
2022-09-12 09:02:00,1190,1185,1195,1195,1134000
2022-09-12 09:03:00,1190,1190,1200,1195,176200
2022-09-12 09:04:00,1195,1190,1195,1195,179200
2022-09-12 09:05:00,1195,1190,1195,1190,84200
2022-09-12 09:06:00,1190,1190,1195,1195,559500
2022-09-12 09:07:00,1195,1185,1195,1185,1407200
2022-09-12 09:08:00,1190,1185,1190,1190,116000
2022-09-12 09:09:00,1190,1180,1190,1180,726100
2022-09-12 09:10:00,1180,1180,1185,1180,240300
2022-09-12 09:11:00,1180,1180,1190,1185,314700
2022-09-12 09:12:00,1190,1180,1190,1180,211300
2022-09-12 09:13:00,1185,1180,1185,1185,321900
2022-09-12 09:14:00,1185,1185,1190,1190,50000
2022-09-12 09:15:00,1190,1185,1190,1190,12601300
2022-09-12 09:16:00,1185,1185,1200,1200,780100
2022-09-12 09:17:00,1200,1190,1200,1190,525500
2022-09-12 09:18:00,1195,1190,1195,1190,17600
2022-09-12 09:19:00,1195,1190,1195,1190,62700
2022-09-12 09:20:00,1190,1190,1195,1195,211700
2022-09-12 09:21:00,1195,1190,1195,1195,105400
2022-09-12 09:22:00,1190,1190,1195,1195,231900
2022-09-12 09:23:00,1195,1195,1200,1195,145200
2022-09-12 09:24:00,1195,1195,1200,1200,63000
2022-09-12 09:25:00,1200,1195,1200,1200,5300
2022-09-12 09:26:00,1195,1195,1200,1200,122200
2022-09-12 09:27:00,1195,1195,1200,1195,319200
2022-09-12 09:28:00,1190,1190,1190,1190,1300
2022-09-12 09:29:00,1190,1190,1195,1195,236400
2022-09-12 09:30:00,1195,1195,1195,1195,80600
2022-09-12 09:31:00,1195,1195,1200,1195,82800
2022-09-12 09:32:00,1195,1190,1195,1190,936900
2022-09-12 09:33:00,1195,1190,1195,1195,113600
2022-09-12 09:34:00,1195,1190,1195,1190,17000
2022-09-12 09:35:00,1195,1190,1195,1190,9500
2022-09-12 09:36:00,1190,1190,1195,1190,189800
2022-09-12 09:37:00,1195,1190,1195,1195,0
2022-09-12 09:38:00,1195,1190,1195,1195,0
2022-09-12 09:39:00,1195,1195,1195,1195,23300
2022-09-12 09:40:00,1190,1190,1195,1190,4504000
2022-09-12 09:41:00,1190,1190,1195,1195,3812600
2022-09-12 09:42:00,1200,1200,1200,1200,0
2022-09-12 09:43:00,1195,1195,1200,1200,2049900
2022-09-12 09:44:00,1205,1205,1210,1210,2076700
2022-09-12 09:45:00,1210,1205,1210,1210,1024900
2022-09-12 09:46:00,1210,1205,1215,1215,562200
2022-09-12 09:47:00,1210,1210,1215,1215,148500
2022-09-12 09:48:00,1215,1205,1215,1205,233200
2022-09-12 09:49:00,1205,1205,1210,1205,201600
2022-09-12 09:50:00,1205,1205,1205,1205,19400
2022-09-12 09:51:00,1205,1205,1210,1205,16700
2022-09-12 09:52:00,1205,1205,1205,1205,56100
2022-09-12 09:53:00,1205,1200,1205,1205,1803600
2022-09-12 09:54:00,1200,1200,1205,1200,670300
2022-09-12 09:55:00,1195,1195,1200,1200,72300
2022-09-12 09:56:00,1200,1200,1200,1200,26300
2022-09-12 09:57:00,1205,1200,1205,1205,500
2022-09-12 09:58:00,1205,1200,1205,1205,11000
2022-09-12 09:59:00,1205,1200,1210,1210,74900
2022-09-12 10:00:00,1205,1205,1210,1205,400
2022-09-12 10:01:00,1205,1205,1205,1205,21800
2022-09-12 10:02:00,1205,1205,1210,1205,12100
2022-09-12 10:03:00,1205,1205,1210,1205,265300
2022-09-12 10:04:00,1205,1200,1205,1205,32400
2022-09-12 10:05:00,1200,1200,1205,1205,2300
2022-09-12 10:06:00,1200,1195,1200,1195,1279300
2022-09-12 10:07:00,1195,1195,1200,1200,95500
2022-09-12 10:08:00,1200,1195,1200,1200,57800
2022-09-12 10:09:00,1200,1200,1200,1200,16200
2022-09-12 10:10:00,1200,1195,1200,1200,75200
2022-09-12 10:11:00,1200,1195,1200,1195,0
2022-09-12 10:12:00,1195,1195,1200,1195,145900
2022-09-12 10:13:00,1195,1195,1205,1205,9303800
2022-09-12 10:14:00,1200,1200,1205,1205,0
2022-09-12 10:15:00,1200,1200,1205,1205,0
2022-09-12 10:16:00,1205,1200,1205,1205,511600
2022-09-12 10:17:00,1205,1205,1205,1205,193800
2022-09-12 10:18:00,1205,1205,1210,1210,160500
2022-09-12 10:19:00,1205,1205,1205,1205,116200
2022-09-12 10:20:00,1205,1205,1210,1210,2900
2022-09-12 10:21:00,1210,1210,1210,1210,2000
2022-09-12 10:22:00,1210,1205,1210,1205,290500
2022-09-12 10:23:00,1205,1205,1210,1205,90700
2022-09-12 10:24:00,1205,1200,1205,1205,145200
2022-09-12 10:25:00,1205,1205,1205,1205,9500
2022-09-12 10:26:00,1205,1200,1205,1200,48700
2022-09-12 10:27:00,1200,1200,1205,1200,0
2022-09-12 10:28:00,1200,1200,1205,1205,10700
2022-09-12 10:29:00,1200,1200,1205,1205,22000
2022-09-12 10:30:00,1200,1200,1205,1205,2300
2022-09-12 10:31:00,1200,1195,1205,1195,374800
2022-09-12 10:32:00,1200,1200,1200,1200,0
2022-09-12 10:33:00,1200,1195,1200,1200,6400
2022-09-12 10:34:00,1200,1195,1200,1200,6400
2022-09-12 10:35:00,1200,1190,1200,1190,1472000
2022-09-12 10:36:00,1185,1185,1190,1185,574300
2022-09-12 10:37:00,1185,1185,1190,1185,229300
2022-09-12 10:38:00,1190,1190,1195,1195,23600
2022-09-12 10:39:00,1190,1185,1190,1185,50200
2022-09-12 10:40:00,1185,1185,1185,1185,257700
2022-09-12 10:41:00,1185,1180,1185,1180,158300
2022-09-12 10:42:00,1185,1175,1185,1180,624100
2022-09-12 10:43:00,1175,1170,1180,1175,386000
2022-09-12 10:44:00,1175,1170,1180,1175,138300
2022-09-12 10:45:00,1180,1175,1180,1180,102000
2022-09-12 10:46:00,1180,1175,1180,1180,60100
2022-09-12 10:47:00,1175,1175,1180,1175,46500
2022-09-12 10:48:00,1180,1175,1180,1175,397000
2022-09-12 10:49:00,1175,1170,1175,1175,209100
2022-09-12 10:50:00,1180,1180,1180,1180,19500
2022-09-12 10:51:00,1185,1185,1185,1185,31900
2022-09-12 10:52:00,1185,1185,1185,1185,7300
2022-09-12 10:53:00,1185,1185,1185,1185,27000
2022-09-12 10:54:00,1185,1185,1185,1185,98700
2022-09-12 10:55:00,1185,1185,1190,1185,86900
2022-09-12 10:56:00,1185,1185,1190,1190,2000
2022-09-12 10:57:00,1185,1185,1190,1185,101000
2022-09-12 10:58:00,1185,1185,1185,1185,0
2022-09-12 10:59:00,1185,1185,1185,1185,75100
2022-09-12 11:00:00,1185,1185,1185,1185,0
2022-09-12 11:01:00,1185,1185,1185,1185,25700
2022-09-12 11:02:00,1185,1180,1185,1185,18000
2022-09-12 11:03:00,1185,1185,1185,1185,0
2022-09-12 11:04:00,1185,1185,1185,1185,56200
2022-09-12 11:05:00,1185,1185,1185,1185,0
2022-09-12 11:06:00,1185,1185,1185,1185,15400
2022-09-12 11:07:00,1185,1185,1190,1190,89000
2022-09-12 11:08:00,1190,1185,1195,1195,119500
2022-09-12 11:09:00,1195,1190,1195,1190,22400
2022-09-12 11:10:00,1195,1190,1195,1195,30100
2022-09-12 11:11:00,1195,1190,1195,1195,22200
2022-09-12 11:12:00,1190,1190,1195,1190,59000
2022-09-12 11:13:00,1190,1190,1190,1190,189100
2022-09-12 11:14:00,1190,1190,1190,1190,95300
2022-09-12 11:15:00,1190,1190,1195,1195,67300
2022-09-12 11:16:00,1195,1195,1195,1195,0
2022-09-12 11:17:00,1195,1190,1195,1195,210700
2022-09-12 11:18:00,1190,1190,1190,1190,101500
2022-09-12 11:19:00,1190,1190,1195,1190,26900
2022-09-12 11:20:00,1195,1195,1195,1195,10400
2022-09-12 11:21:00,1195,1195,1195,1195,900
2022-09-12 11:22:00,1190,1190,1190,1190,900
2022-09-12 11:23:00,1190,1190,1195,1195,68600
2022-09-12 11:24:00,1190,1190,1195,1195,0
2022-09-12 11:25:00,1190,1190,1190,1190,188800
2022-09-12 11:26:00,1190,1190,1190,1190,547800
2022-09-12 11:27:00,1190,1190,1190,1190,0
2022-09-12 11:28:00,1190,1185,1190,1185,0
2022-09-12 11:29:00,1190,1185,1195,1195,112600
2022-09-12 11:30:00,1190,1185,1195,1195,0
2022-09-12 11:31:00,1190,1185,1195,1195,0
2022-09-12 11:32:00,1190,1185,1195,1195,0
2022-09-12 11:33:00,1190,1185,1195,1195,0
2022-09-12 11:34:00,1190,1185,1195,1195,0
2022-09-12 11:35:00,1190,1185,1195,1195,0
2022-09-12 11:36:00,1190,1185,1195,1195,0
2022-09-12 11:37:00,1190,1185,1195,1195,0
2022-09-12 11:38:00,1190,1185,1195,1195,0
2022-09-12 11:39:00,1190,1185,1195,1195,0
2022-09-12 11:40:00,1190,1185,1195,1195,0
2022-09-12 11:41:00,1190,1185,1195,1195,0
2022-09-12 11:42:00,1190,1185,1195,1195,0
2022-09-12 11:43:00,1190,1185,1195,1195,0
2022-09-12 11:44:00,1190,1185,1195,1195,0
2022-09-12 11:45:00,1190,1185,1195,1195,0
2022-09-12 11:46:00,1190,1185,1195,1195,0
2022-09-12 11:47:00,1190,1185,1195,1195,0
2022-09-12 11:48:00,1190,1185,1195,1195,0
2022-09-12 11:49:00,1190,1185,1195,1195,0
2022-09-12 11:50:00,1190,1185,1195,1195,0
2022-09-12 11:51:00,1190,1185,1195,1195,0
2022-09-12 11:52:00,1190,1185,1195,1195,0
2022-09-12 11:53:00,1190,1185,1195,1195,0
2022-09-12 11:54:00,1190,1185,1195,1195,0
2022-09-12 11:55:00,1190,1185,1195,1195,0
2022-09-12 11:56:00,1190,1185,1195,1195,0
2022-09-12 11:57:00,1190,1185,1195,1195,0
2022-09-12 11:58:00,1190,1185,1195,1195,0
2022-09-12 11:59:00,1190,1185,1195,1195,0
2022-09-12 12:00:00,1190,1185,1195,1195,0
2022-09-12 12:01:00,1190,1185,1195,1195,0
2022-09-12 12:02:00,1190,1185,1195,1195,0
2022-09-12 12:03:00,1190,1185,1195,1195,0
2022-09-12 12:04:00,1190,1185,1195,1195,0
2022-09-12 12:05:00,1190,1185,1195,1195,0
2022-09-12 12:06:00,1190,1185,1195,1195,0
2022-09-12 12:07:00,1190,1185,1195,1195,0
2022-09-12 12:08:00,1190,1185,1195,1195,0
2022-09-12 12:09:00,1190,1185,1195,1195,0
2022-09-12 12:10:00,1190,1185,1195,1195,0
2022-09-12 12:11:00,1190,1185,1195,1195,0
2022-09-12 12:12:00,1190,1185,1195,1195,0
2022-09-12 12:13:00,1190,1185,1195,1195,0
2022-09-12 12:14:00,1190,1185,1195,1195,0
2022-09-12 12:15:00,1190,1185,1195,1195,0
2022-09-12 12:16:00,1190,1185,1195,1195,0
2022-09-12 12:17:00,1190,1185,1195,1195,0
2022-09-12 12:18:00,1190,1185,1195,1195,0
2022-09-12 12:19:00,1190,1185,1195,1195,0
2022-09-12 12:20:00,1190,1185,1195,1195,0
2022-09-12 12:21:00,1190,1185,1195,1195,0
2022-09-12 12:22:00,1190,1185,1195,1195,0
2022-09-12 12:23:00,1190,1185,1195,1195,0
2022-09-12 12:24:00,1190,1185,1195,1195,0
2022-09-12 12:25:00,1190,1185,1195,1195,0
2022-09-12 12:26:00,1190,1185,1195,1195,0
2022-09-12 12:27:00,1190,1185,1195,1195,0
2022-09-12 12:28:00,1190,1185,1195,1195,0
2022-09-12 12:29:00,1190,1185,1195,1195,0
2022-09-12 12:30:00,1190,1185,1195,1195,0
2022-09-12 12:31:00,1190,1185,1195,1195,0
2022-09-12 12:32:00,1190,1185,1195,1195,0
2022-09-12 12:33:00,1190,1185,1195,1195,0
2022-09-12 12:34:00,1190,1185,1195,1195,0
2022-09-12 12:35:00,1190,1185,1195,1195,0
2022-09-12 12:36:00,1190,1185,1195,1195,0
2022-09-12 12:37:00,1190,1185,1195,1195,0
2022-09-12 12:38:00,1190,1185,1195,1195,0
2022-09-12 12:39:00,1190,1185,1195,1195,0
2022-09-12 12:40:00,1190,1185,1195,1195,0
2022-09-12 12:41:00,1190,1185,1195,1195,0
2022-09-12 12:42:00,1190,1185,1195,1195,0
2022-09-12 12:43:00,1190,1185,1195,1195,0
2022-09-12 12:44:00,1190,1185,1195,1195,0
2022-09-12 12:45:00,1190,1185,1195,1195,0
2022-09-12 12:46:00,1190,1185,1195,1195,0
2022-09-12 12:47:00,1190,1185,1195,1195,0
2022-09-12 12:48:00,1190,1185,1195,1195,0
2022-09-12 12:49:00,1190,1185,1195,1195,0
2022-09-12 12:50:00,1190,1185,1195,1195,0
2022-09-12 12:51:00,1190,1185,1195,1195,0
2022-09-12 12:52:00,1190,1185,1195,1195,0
2022-09-12 12:53:00,1190,1185,1195,1195,0
2022-09-12 12:54:00,1190,1185,1195,1195,0
2022-09-12 12:55:00,1190,1185,1195,1195,0
2022-09-12 12:56:00,1190,1185,1195,1195,0
2022-09-12 12:57:00,1190,1185,1195,1195,0
2022-09-12 12:58:00,1190,1185,1195,1195,0
2022-09-12 12:59:00,1190,1185,1195,1195,0
2022-09-12 13:00:00,1190,1185,1195,1195,0
2022-09-12 13:01:00,1190,1185,1195,1195,0
2022-09-12 13:02:00,1190,1185,1195,1195,0
2022-09-12 13:03:00,1190,1185,1195,1195,0
2022-09-12 13:04:00,1190,1185,1195,1195,0
2022-09-12 13:05:00,1190,1185,1195,1195,0
2022-09-12 13:06:00,1190,1185,1195,1195,0
2022-09-12 13:07:00,1190,1185,1195,1195,0
2022-09-12 13:08:00,1190,1185,1195,1195,0
2022-09-12 13:09:00,1190,1185,1195,1195,0
2022-09-12 13:10:00,1190,1185,1195,1195,0
2022-09-12 13:11:00,1190,1185,1195,1195,0
2022-09-12 13:12:00,1190,1185,1195,1195,0
2022-09-12 13:13:00,1190,1185,1195,1195,0
2022-09-12 13:14:00,1190,1185,1195,1195,0
2022-09-12 13:15:00,1190,1185,1195,1195,0
2022-09-12 13:16:00,1190,1185,1195,1195,0
2022-09-12 13:17:00,1190,1185,1195,1195,0
2022-09-12 13:18:00,1190,1185,1195,1195,0
2022-09-12 13:19:00,1190,1185,1195,1195,0
2022-09-12 13:20:00,1190,1185,1195,1195,0
2022-09-12 13:21:00,1190,1185,1195,1195,0
2022-09-12 13:22:00,1190,1185,1195,1195,0
2022-09-12 13:23:00,1190,1185,1195,1195,0
2022-09-12 13:24:00,1190,1185,1195,1195,0
2022-09-12 13:25:00,1190,1185,1195,1195,0
2022-09-12 13:26:00,1190,1185,1195,1195,0
2022-09-12 13:27:00,1190,1185,1195,1195,0
2022-09-12 13:28:00,1190,1185,1195,1195,0
2022-09-12 13:29:00,1190,1185,1195,1195,0
2022-09-12 13:30:00,1185,1185,1195,1190,26400
2022-09-12 13:31:00,1190,1190,1190,1190,190000
2022-09-12 13:32:00,1185,1185,1185,1185,67800
2022-09-12 13:33:00,1185,1185,1185,1185,79700
2022-09-12 13:34:00,1185,1185,1185,1185,24500
2022-09-12 13:35:00,1185,1185,1190,1190,7700
2022-09-12 13:36:00,1185,1185,1185,1185,7900
2022-09-12 13:37:00,1185,1185,1190,1185,215500
2022-09-12 13:38:00,1185,1185,1190,1190,74000
2022-09-12 13:39:00,1190,1185,1190,1185,0
2022-09-12 13:40:00,1185,1185,1190,1185,19900
2022-09-12 13:41:00,1185,1185,1185,1185,11500
2022-09-12 13:42:00,1185,1185,1190,1185,12000
2022-09-12 13:43:00,1190,1190,1190,1190,17900
2022-09-12 13:44:00,1190,1185,1190,1190,18500
2022-09-12 13:45:00,1190,1190,1190,1190,6500
2022-09-12 13:46:00,1190,1185,1190,1190,27000
2022-09-12 13:47:00,1185,1185,1185,1185,223900
2022-09-12 13:48:00,1185,1185,1190,1190,9600
2022-09-12 13:49:00,1190,1185,1190,1185,31200
2022-09-12 13:50:00,1185,1185,1185,1185,0
2022-09-12 13:51:00,1185,1185,1185,1185,51400
2022-09-12 13:52:00,1185,1185,1185,1185,0
2022-09-12 13:53:00,1185,1185,1185,1185,59900
2022-09-12 13:54:00,1185,1185,1185,1185,11000
2022-09-12 13:55:00,1185,1185,1190,1185,75400
2022-09-12 13:56:00,1185,1180,1185,1180,11600
2022-09-12 13:57:00,1180,1180,1185,1180,20700
2022-09-12 13:58:00,1180,1180,1185,1180,58800
2022-09-12 13:59:00,1180,1180,1185,1180,141800
2022-09-12 14:00:00,1185,1180,1185,1185,3800
2022-09-12 14:01:00,1185,1180,1185,1185,25700
2022-09-12 14:02:00,1185,1180,1185,1180,26000
2022-09-12 14:03:00,1180,1180,1185,1185,37100
2022-09-12 14:04:00,1185,1180,1185,1180,4500
2022-09-12 14:05:00,1185,1180,1185,1180,2100
2022-09-12 14:06:00,1185,1180,1185,1185,74800
2022-09-12 14:07:00,1185,1180,1185,1185,18400
2022-09-12 14:08:00,1180,1180,1185,1185,7200
2022-09-12 14:09:00,1185,1185,1185,1185,17100
2022-09-12 14:10:00,1180,1180,1185,1185,0
2022-09-12 14:11:00,1185,1180,1185,1180,8900
2022-09-12 14:12:00,1185,1180,1185,1180,68200
2022-09-12 14:13:00,1185,1180,1185,1185,3000
2022-09-12 14:14:00,1185,1180,1185,1180,41800
2022-09-12 14:15:00,1180,1180,1180,1180,264400
2022-09-12 14:16:00,1180,1180,1180,1180,5600
2022-09-12 14:17:00,1180,1180,1185,1185,35600
2022-09-12 14:18:00,1185,1180,1185,1180,29900
2022-09-12 14:19:00,1180,1180,1180,1180,31900
2022-09-12 14:20:00,1180,1180,1180,1180,15400
2022-09-12 14:21:00,1180,1175,1180,1175,26400
2022-09-12 14:22:00,1175,1175,1175,1175,24000
2022-09-12 14:23:00,1175,1175,1180,1175,1046900
2022-09-12 14:24:00,1175,1170,1175,1175,1082200
2022-09-12 14:25:00,1170,1170,1175,1170,43900
2022-09-12 14:26:00,1170,1170,1175,1170,378300
2022-09-12 14:27:00,1170,1170,1175,1170,81300
2022-09-12 14:28:00,1170,1165,1175,1170,496500
2022-09-12 14:29:00,1170,1165,1170,1165,114000
2022-09-12 14:30:00,1165,1160,1170,1160,3327100
2022-09-12 14:31:00,1155,1120,1155,1125,4419800
2022-09-12 14:32:00,1125,1120,1135,1125,2683600
2022-09-12 14:33:00,1130,1125,1160,1150,1302800
2022-09-12 14:34:00,1155,1150,1160,1155,663200
2022-09-12 14:35:00,1150,1150,1155,1150,162900
2022-09-12 14:36:00,1150,1130,1155,1135,1033100
2022-09-12 14:37:00,1135,1125,1135,1135,1163400
2022-09-12 14:38:00,1130,1130,1140,1135,444200
2022-09-12 14:39:00,1140,1130,1140,1135,668100
2022-09-12 14:40:00,1135,1130,1135,1130,665200
2022-09-12 14:41:00,1130,1120,1150,1130,2742000
2022-09-12 14:42:00,1130,1130,1145,1145,298900
2022-09-12 14:43:00,1145,1145,1165,1160,649400
2022-09-12 14:44:00,1160,1155,1165,1160,342400
2022-09-12 14:45:00,1165,1160,1165,1160,179000
2022-09-12 14:46:00,1165,1165,1185,1170,1983600
2022-09-12 14:47:00,1170,1170,1175,1175,354500
2022-09-12 14:48:00,1175,1175,1180,1180,394700
2022-09-12 14:49:00,1175,1175,1190,1185,2219800
2022-09-12 14:50:00,1175,1175,1190,1185,0
2022-09-12 14:51:00,1175,1175,1190,1185,0
2022-09-12 14:52:00,1175,1175,1190,1185,0
2022-09-12 14:53:00,1175,1175,1190,1185,0
2022-09-12 14:54:00,1175,1175,1190,1185,0
2022-09-12 14:55:00,1175,1175,1190,1185,0
2022-09-12 14:56:00,1175,1175,1190,1185,0
2022-09-12 14:57:00,1175,1175,1190,1185,0
2022-09-12 14:58:00,1175,1175,1190,1185,0
2022-09-12 14:59:00,1175,1175,1190,1185,0
2022-09-12 15:00:00,1195,1195,1195,1195,5345800
2022-09-12 15:01:00,1195,1195,1195,1195,250900
2022-09-12 15:02:00,1195,1195,1195,1195,10300
2022-09-12 15:03:00,1195,1195,1195,1195,8500
2022-09-12 15:04:00,1195,1195,1195,1195,34700
2022-09-12 15:05:00,1195,1195,1195,1195,58800
2022-09-12 15:06:00,1195,1195,1195,1195,2100
2022-09-12 15:07:00,1195,1195,1195,1195,21600
2022-09-12 15:08:00,1195,1195,1195,1195,14100
2022-09-12 15:09:00,1195,1195,1195,1195,6600
2022-09-12 15:10:00,1195,1195,1195,1195,4500
2022-09-12 15:11:00,1195,1195,1195,1195,23300
2022-09-12 15:12:00,1195,1195,1195,1195,122600
2022-09-12 15:13:00,1195,1195,1195,1195,0
2022-09-12 15:14:00,1195,1195,1195,1195,100143500
2022-09-12 15:15:00,1195,1195,1195,1195,0
2022-09-12 15:16:00,1195,1195,1195,1195,0
2022-09-12 15:17:00,1195,1195,1195,1195,0
2022-09-12 15:18:00,1195,1195,1195,1195,0
2022-09-12 15:19:00,1195,1195,1195,1195,0
2022-09-12 15:20:00,1195,1195,1195,1195,0
2022-09-12 15:21:00,1195,1195,1195,1195,0
2022-09-12 15:22:00,1195,1195,1195,1195,0
2022-09-12 15:23:00,1195,1195,1195,1195,0
2022-09-12 15:24:00,1195,1195,1195,1195,0
2022-09-12 15:25:00,1195,1195,1195,1195,0
2022-09-12 15:26:00,1195,1195,1195,1195,0
2022-09-12 15:27:00,1195,1195,1195,1195,0
2022-09-12 15:28:00,1195,1195,1195,1195,0
2022-09-12 15:29:00,1195,1195,1195,1195,0
2022-09-12 15:30:00,1195,1195,1195,1195,0
2022-09-12 15:31:00,1195,1195,1195,1195,0
2022-09-12 15:32:00,1195,1195,1195,1195,0
2022-09-12 15:33:00,1195,1195,1195,1195,0
2022-09-12 15:34:00,1195,1195,1195,1195,0
2022-09-12 15:35:00,1195,1195,1195,1195,0
2022-09-12 15:36:00,1195,1195,1195,1195,0
2022-09-12 15:37:00,1195,1195,1195,1195,0
2022-09-12 15:38:00,1195,1195,1195,1195,0
2022-09-12 15:39:00,1195,1195,1195,1195,0
2022-09-12 15:40:00,1195,1195,1195,1195,0
2022-09-12 15:41:00,1195,1195,1195,1195,0
2022-09-12 15:42:00,1195,1195,1195,1195,0
2022-09-12 15:43:00,1195,1195,1195,1195,0
2022-09-12 15:44:00,1195,1195,1195,1195,0
2022-09-12 15:45:00,1195,1195,1195,1195,0
2022-09-12 15:46:00,1195,1195,1195,1195,0
2022-09-12 15:47:00,1195,1195,1195,1195,0
2022-09-12 15:48:00,1195,1195,1195,1195,0
2022-09-12 15:49:00,1195,1195,1195,1195,0
2022-09-12 15:50:00,1195,1195,1195,1195,0
2022-09-12 15:51:00,1195,1195,1195,1195,0
2022-09-12 15:52:00,1195,1195,1195,1195,0
2022-09-12 15:53:00,1195,1195,1195,1195,0
2022-09-12 15:54:00,1195,1195,1195,1195,0
2022-09-12 15:55:00,1195,1195,1195,1195,0
2022-09-12 15:56:00,1195,1195,1195,1195,0
2022-09-12 15:57:00,1195,1195,1195,1195,0
2022-09-12 15:58:00,1195,1195,1195,1195,0
2022-09-12 15:59:00,1195,1195,1195,1195,0
2022-09-13 09:00:00,1190,1170,1195,1170,0
2022-09-13 09:01:00,1180,1170,1180,1175,0
2022-09-13 09:02:00,1175,1175,1195,1180,523200
2022-09-13 09:03:00,1180,1170,1180,1170,177500
2022-09-13 09:04:00,1170,1165,1175,1175,228800
2022-09-13 09:05:00,1175,1170,1175,1175,63400
2022-09-13 09:06:00,1175,1170,1175,1170,58100
2022-09-13 09:07:00,1175,1170,1175,1170,47500
2022-09-13 09:08:00,1170,1170,1170,1170,94700
2022-09-13 09:09:00,1165,1160,1170,1165,351900
2022-09-13 09:10:00,1165,1165,1170,1165,373100
2022-09-13 09:11:00,1165,1160,1170,1160,343200
2022-09-13 09:12:00,1165,1160,1165,1165,74700
2022-09-13 09:13:00,1165,1160,1165,1165,120300
2022-09-13 09:14:00,1165,1165,1170,1170,27200
2022-09-13 09:15:00,1170,1170,1170,1170,61100
2022-09-13 09:16:00,1170,1165,1170,1170,4250700
2022-09-13 09:17:00,1170,1165,1175,1175,4245500
2022-09-13 09:18:00,1175,1165,1175,1170,4126700
2022-09-13 09:19:00,1170,1160,1170,1170,60300
2022-09-13 09:20:00,1170,1170,1180,1170,4404500
2022-09-13 09:21:00,1170,1165,1175,1170,6300
2022-09-13 09:22:00,1170,1170,1175,1170,76800
2022-09-13 09:23:00,1175,1175,1175,1175,51000
2022-09-13 09:24:00,1170,1170,1180,1180,25800
2022-09-13 09:25:00,1175,1170,1175,1170,72300
2022-09-13 09:26:00,1170,1160,1170,1165,308200
2022-09-13 09:27:00,1165,1160,1165,1165,238100
2022-09-13 09:28:00,1160,1160,1165,1165,176000
2022-09-13 09:29:00,1165,1165,1170,1165,29100
2022-09-13 09:30:00,1165,1165,1175,1165,98300
2022-09-13 09:31:00,1170,1165,1170,1165,1400
2022-09-13 09:32:00,1165,1165,1170,1170,50200
2022-09-13 09:33:00,1170,1170,1170,1170,22300
2022-09-13 09:34:00,1170,1165,1170,1165,38700
2022-09-13 09:35:00,1170,1165,1170,1165,53100
2022-09-13 09:36:00,1165,1165,1165,1165,33900
2022-09-13 09:37:00,1165,1165,1170,1165,165800
2022-09-13 09:38:00,1165,1165,1170,1170,36600
2022-09-13 09:39:00,1170,1165,1170,1165,252500
2022-09-13 09:40:00,1170,1165,1170,1165,136100
2022-09-13 09:41:00,1165,1165,1165,1165,64300
2022-09-13 09:42:00,1165,1165,1165,1165,58400
2022-09-13 09:43:00,1170,1160,1170,1160,106100
2022-09-13 09:44:00,1160,1160,1165,1165,187500
2022-09-13 09:45:00,1165,1160,1165,1165,96200
2022-09-13 09:46:00,1165,1165,1170,1165,8400
2022-09-13 09:47:00,1165,1165,1165,1165,224100
2022-09-13 09:48:00,1170,1165,1170,1165,38500
2022-09-13 09:49:00,1165,1165,1165,1165,15900
2022-09-13 09:50:00,1165,1165,1170,1170,0
2022-09-13 09:51:00,1165,1165,1170,1170,1600
2022-09-13 09:52:00,1170,1170,1170,1170,53800
2022-09-13 09:53:00,1170,1170,1170,1170,47400
2022-09-13 09:54:00,1170,1170,1170,1170,11100
2022-09-13 09:55:00,1170,1170,1170,1170,50700
2022-09-13 09:56:00,1170,1170,1170,1170,30700
2022-09-13 09:57:00,1165,1165,1165,1165,129700
2022-09-13 09:58:00,1165,1160,1165,1160,103100
2022-09-13 09:59:00,1160,1160,1165,1165,90700
2022-09-13 10:00:00,1160,1155,1165,1155,895300
2022-09-13 10:01:00,1155,1155,1160,1160,3800
2022-09-13 10:02:00,1160,1155,1160,1160,349700
2022-09-13 10:03:00,1160,1160,1165,1160,48100
2022-09-13 10:04:00,1160,1160,1160,1160,265000
2022-09-13 10:05:00,1160,1160,1160,1160,83700
2022-09-13 10:06:00,1160,1155,1160,1155,53100
2022-09-13 10:07:00,1155,1145,1160,1145,832800
2022-09-13 10:08:00,1145,1145,1150,1150,152800
2022-09-13 10:09:00,1150,1145,1150,1150,415200
2022-09-13 10:10:00,1150,1145,1155,1150,373100
2022-09-13 10:11:00,1150,1150,1155,1155,63600
2022-09-13 10:12:00,1155,1150,1155,1155,55300
2022-09-13 10:13:00,1155,1150,1155,1150,57800
2022-09-13 10:14:00,1155,1150,1155,1155,111000
2022-09-13 10:15:00,1155,1150,1155,1155,135500
2022-09-13 10:16:00,1155,1150,1155,1150,54700
2022-09-13 10:17:00,1150,1150,1155,1155,10600
2022-09-13 10:18:00,1155,1155,1155,1155,9300
2022-09-13 10:19:00,1155,1150,1155,1155,15900
2022-09-13 10:20:00,1150,1150,1155,1155,3200
2022-09-13 10:21:00,1155,1155,1155,1155,16800
2022-09-13 10:22:00,1155,1150,1155,1155,76000
2022-09-13 10:23:00,1155,1150,1155,1155,20900
2022-09-13 10:24:00,1150,1150,1155,1155,286500
2022-09-13 10:25:00,1155,1150,1155,1150,16400
2022-09-13 10:26:00,1150,1150,1150,1150,106400
2022-09-13 10:27:00,1150,1145,1150,1150,117100
2022-09-13 10:28:00,1150,1150,1150,1150,15400
2022-09-13 10:29:00,1150,1145,1150,1150,104900
2022-09-13 10:30:00,1150,1145,1150,1150,30400
2022-09-13 10:31:00,1150,1150,1150,1150,14400
2022-09-13 10:32:00,1155,1150,1155,1150,112900
2022-09-13 10:33:00,1150,1150,1155,1155,2900
2022-09-13 10:34:00,1155,1150,1155,1155,34700
2022-09-13 10:35:00,1155,1155,1165,1165,245700
2022-09-13 10:36:00,1165,1165,1165,1165,425100
2022-09-13 10:37:00,1165,1165,1170,1170,228400
2022-09-13 10:38:00,1165,1165,1170,1170,90200
2022-09-13 10:39:00,1170,1170,1170,1170,123000
2022-09-13 10:40:00,1170,1170,1170,1170,286000
2022-09-13 10:41:00,1170,1170,1170,1170,144300
2022-09-13 10:42:00,1170,1165,1170,1165,20000
2022-09-13 10:43:00,1170,1170,1170,1170,3300
2022-09-13 10:44:00,1170,1170,1170,1170,22600
2022-09-13 10:45:00,1170,1165,1170,1170,5300
2022-09-13 10:46:00,1170,1170,1175,1175,156900
2022-09-13 10:47:00,1175,1170,1175,1175,21900
2022-09-13 10:48:00,1175,1170,1175,1170,306200
2022-09-13 10:49:00,1170,1165,1170,1165,34200
2022-09-13 10:50:00,1170,1170,1170,1170,59600
2022-09-13 10:51:00,1170,1170,1175,1170,19100
2022-09-13 10:52:00,1170,1170,1170,1170,144500
2022-09-13 10:53:00,1165,1165,1170,1170,136600
2022-09-13 10:54:00,1165,1165,1170,1170,0
2022-09-13 10:55:00,1165,1165,1170,1165,19500
2022-09-13 10:56:00,1165,1165,1165,1165,0
2022-09-13 10:57:00,1165,1165,1165,1165,12100
2022-09-13 10:58:00,1165,1165,1165,1165,0
2022-09-13 10:59:00,1165,1165,1170,1170,2100
2022-09-13 11:00:00,1170,1170,1170,1170,28100
2022-09-13 11:01:00,1165,1165,1170,1170,209300
2022-09-13 11:02:00,1170,1165,1170,1165,0
2022-09-13 11:03:00,1165,1165,1170,1170,15200
2022-09-13 11:04:00,1170,1165,1170,1170,11500
2022-09-13 11:05:00,1170,1165,1170,1165,6600
2022-09-13 11:06:00,1170,1165,1170,1170,41800
2022-09-13 11:07:00,1170,1165,1170,1165,27900
2022-09-13 11:08:00,1170,1170,1170,1170,9000
2022-09-13 11:09:00,1165,1165,1170,1170,266200
2022-09-13 11:10:00,1170,1170,1175,1175,28600
2022-09-13 11:11:00,1170,1170,1170,1170,32600
2022-09-13 11:12:00,1170,1170,1175,1175,12200
2022-09-13 11:13:00,1175,1175,1175,1175,700
2022-09-13 11:14:00,1175,1170,1175,1170,48700
2022-09-13 11:15:00,1175,1175,1175,1175,4900
2022-09-13 11:16:00,1175,1175,1180,1180,195000
2022-09-13 11:17:00,1180,1175,1180,1175,13200
2022-09-13 11:18:00,1175,1175,1175,1175,900
2022-09-13 11:19:00,1175,1175,1175,1175,363500
2022-09-13 11:20:00,1170,1170,1175,1175,1000
2022-09-13 11:21:00,1170,1170,1170,1170,62200
2022-09-13 11:22:00,1170,1165,1170,1165,67300
2022-09-13 11:23:00,1170,1170,1170,1170,3900
2022-09-13 11:24:00,1170,1170,1170,1170,10200
2022-09-13 11:25:00,1165,1165,1170,1170,71700
2022-09-13 11:26:00,1170,1170,1170,1170,0
2022-09-13 11:27:00,1170,1170,1170,1170,200
2022-09-13 11:28:00,1170,1170,1175,1170,38500
2022-09-13 11:29:00,1170,1170,1170,1170,29200
2022-09-13 11:30:00,1170,1170,1170,1170,0
2022-09-13 11:31:00,1170,1170,1170,1170,0
2022-09-13 11:32:00,1170,1170,1170,1170,0
2022-09-13 11:33:00,1170,1170,1170,1170,0
2022-09-13 11:34:00,1170,1170,1170,1170,0
2022-09-13 11:35:00,1170,1170,1170,1170,0
2022-09-13 11:36:00,1170,1170,1170,1170,0
2022-09-13 11:37:00,1170,1170,1170,1170,0
2022-09-13 11:38:00,1170,1170,1170,1170,0
2022-09-13 11:39:00,1170,1170,1170,1170,0
2022-09-13 11:40:00,1170,1170,1170,1170,0
2022-09-13 11:41:00,1170,1170,1170,1170,0
2022-09-13 11:42:00,1170,1170,1170,1170,0
2022-09-13 11:43:00,1170,1170,1170,1170,0
2022-09-13 11:44:00,1170,1170,1170,1170,0
2022-09-13 11:45:00,1170,1170,1170,1170,0
2022-09-13 11:46:00,1170,1170,1170,1170,0
2022-09-13 11:47:00,1170,1170,1170,1170,0
2022-09-13 11:48:00,1170,1170,1170,1170,0
2022-09-13 11:49:00,1170,1170,1170,1170,0
2022-09-13 11:50:00,1170,1170,1170,1170,0
2022-09-13 11:51:00,1170,1170,1170,1170,0
2022-09-13 11:52:00,1170,1170,1170,1170,0
2022-09-13 11:53:00,1170,1170,1170,1170,0
2022-09-13 11:54:00,1170,1170,1170,1170,0
2022-09-13 11:55:00,1170,1170,1170,1170,0
2022-09-13 11:56:00,1170,1170,1170,1170,0
2022-09-13 11:57:00,1170,1170,1170,1170,0
2022-09-13 11:58:00,1170,1170,1170,1170,0
2022-09-13 11:59:00,1170,1170,1170,1170,0
2022-09-13 12:00:00,1170,1170,1170,1170,0
2022-09-13 12:01:00,1170,1170,1170,1170,0
2022-09-13 12:02:00,1170,1170,1170,1170,0
2022-09-13 12:03:00,1170,1170,1170,1170,0
2022-09-13 12:04:00,1170,1170,1170,1170,0
2022-09-13 12:05:00,1170,1170,1170,1170,0
2022-09-13 12:06:00,1170,1170,1170,1170,0
2022-09-13 12:07:00,1170,1170,1170,1170,0
2022-09-13 12:08:00,1170,1170,1170,1170,0
2022-09-13 12:09:00,1170,1170,1170,1170,0
2022-09-13 12:10:00,1170,1170,1170,1170,0
2022-09-13 12:11:00,1170,1170,1170,1170,0
2022-09-13 12:12:00,1170,1170,1170,1170,0
2022-09-13 12:13:00,1170,1170,1170,1170,0
2022-09-13 12:14:00,1170,1170,1170,1170,0
2022-09-13 12:15:00,1170,1170,1170,1170,0
2022-09-13 12:16:00,1170,1170,1170,1170,0
2022-09-13 12:17:00,1170,1170,1170,1170,0
2022-09-13 12:18:00,1170,1170,1170,1170,0
2022-09-13 12:19:00,1170,1170,1170,1170,0
2022-09-13 12:20:00,1170,1170,1170,1170,0
2022-09-13 12:21:00,1170,1170,1170,1170,0
2022-09-13 12:22:00,1170,1170,1170,1170,0
2022-09-13 12:23:00,1170,1170,1170,1170,0
2022-09-13 12:24:00,1170,1170,1170,1170,0
2022-09-13 12:25:00,1170,1170,1170,1170,0
2022-09-13 12:26:00,1170,1170,1170,1170,0
2022-09-13 12:27:00,1170,1170,1170,1170,0
2022-09-13 12:28:00,1170,1170,1170,1170,0
2022-09-13 12:29:00,1170,1170,1170,1170,0
2022-09-13 12:30:00,1170,1170,1170,1170,0
2022-09-13 12:31:00,1170,1170,1170,1170,0
2022-09-13 12:32:00,1170,1170,1170,1170,0
2022-09-13 12:33:00,1170,1170,1170,1170,0
2022-09-13 12:34:00,1170,1170,1170,1170,0
2022-09-13 12:35:00,1170,1170,1170,1170,0
2022-09-13 12:36:00,1170,1170,1170,1170,0
2022-09-13 12:37:00,1170,1170,1170,1170,0
2022-09-13 12:38:00,1170,1170,1170,1170,0
2022-09-13 12:39:00,1170,1170,1170,1170,0
2022-09-13 12:40:00,1170,1170,1170,1170,0
2022-09-13 12:41:00,1170,1170,1170,1170,0
2022-09-13 12:42:00,1170,1170,1170,1170,0
2022-09-13 12:43:00,1170,1170,1170,1170,0
2022-09-13 12:44:00,1170,1170,1170,1170,0
2022-09-13 12:45:00,1170,1170,1170,1170,0
2022-09-13 12:46:00,1170,1170,1170,1170,0
2022-09-13 12:47:00,1170,1170,1170,1170,0
2022-09-13 12:48:00,1170,1170,1170,1170,0
2022-09-13 12:49:00,1170,1170,1170,1170,0
2022-09-13 12:50:00,1170,1170,1170,1170,0
2022-09-13 12:51:00,1170,1170,1170,1170,0
2022-09-13 12:52:00,1170,1170,1170,1170,0
2022-09-13 12:53:00,1170,1170,1170,1170,0
2022-09-13 12:54:00,1170,1170,1170,1170,0
2022-09-13 12:55:00,1170,1170,1170,1170,0
2022-09-13 12:56:00,1170,1170,1170,1170,0
2022-09-13 12:57:00,1170,1170,1170,1170,0
2022-09-13 12:58:00,1170,1170,1170,1170,0
2022-09-13 12:59:00,1170,1170,1170,1170,0
2022-09-13 13:00:00,1170,1170,1170,1170,0
2022-09-13 13:01:00,1170,1170,1170,1170,0
2022-09-13 13:02:00,1170,1170,1170,1170,0
2022-09-13 13:03:00,1170,1170,1170,1170,0
2022-09-13 13:04:00,1170,1170,1170,1170,0
2022-09-13 13:05:00,1170,1170,1170,1170,0
2022-09-13 13:06:00,1170,1170,1170,1170,0
2022-09-13 13:07:00,1170,1170,1170,1170,0
2022-09-13 13:08:00,1170,1170,1170,1170,0
2022-09-13 13:09:00,1170,1170,1170,1170,0
2022-09-13 13:10:00,1170,1170,1170,1170,0
2022-09-13 13:11:00,1170,1170,1170,1170,0
2022-09-13 13:12:00,1170,1170,1170,1170,0
2022-09-13 13:13:00,1170,1170,1170,1170,0
2022-09-13 13:14:00,1170,1170,1170,1170,0
2022-09-13 13:15:00,1170,1170,1170,1170,0
2022-09-13 13:16:00,1170,1170,1170,1170,0
2022-09-13 13:17:00,1170,1170,1170,1170,0
2022-09-13 13:18:00,1170,1170,1170,1170,0
2022-09-13 13:19:00,1170,1170,1170,1170,0
2022-09-13 13:20:00,1170,1170,1170,1170,0
2022-09-13 13:21:00,1170,1170,1170,1170,0
2022-09-13 13:22:00,1170,1170,1170,1170,0
2022-09-13 13:23:00,1170,1170,1170,1170,0
2022-09-13 13:24:00,1170,1170,1170,1170,0
2022-09-13 13:25:00,1170,1170,1170,1170,0
2022-09-13 13:26:00,1170,1170,1170,1170,0
2022-09-13 13:27:00,1170,1170,1170,1170,0
2022-09-13 13:28:00,1170,1170,1170,1170,0
2022-09-13 13:29:00,1170,1170,1170,1170,0
2022-09-13 13:30:00,1170,1170,1175,1175,116500
2022-09-13 13:31:00,1175,1175,1175,1175,0
2022-09-13 13:32:00,1175,1175,1175,1175,31100
2022-09-13 13:33:00,1175,1175,1185,1180,428400
2022-09-13 13:34:00,1180,1180,1180,1180,24100
2022-09-13 13:35:00,1180,1180,1185,1185,259100
2022-09-13 13:36:00,1185,1180,1185,1185,21800
2022-09-13 13:37:00,1185,1185,1185,1185,14000
2022-09-13 13:38:00,1185,1180,1185,1180,147600
2022-09-13 13:39:00,1180,1180,1185,1185,1800
2022-09-13 13:40:00,1185,1180,1185,1185,11000
2022-09-13 13:41:00,1185,1185,1185,1185,88100
2022-09-13 13:42:00,1185,1185,1190,1190,378500
2022-09-13 13:43:00,1185,1185,1190,1185,15600
2022-09-13 13:44:00,1190,1185,1190,1185,185000
2022-09-13 13:45:00,1180,1180,1185,1180,73000
2022-09-13 13:46:00,1180,1180,1185,1180,2900
2022-09-13 13:47:00,1180,1180,1185,1180,105800
2022-09-13 13:48:00,1180,1180,1185,1185,341200
2022-09-13 13:49:00,1185,1185,1190,1190,17400
2022-09-13 13:50:00,1185,1185,1190,1185,140300
2022-09-13 13:51:00,1185,1185,1190,1185,33500
2022-09-13 13:52:00,1185,1185,1195,1190,872500
2022-09-13 13:53:00,1195,1190,1195,1190,2064900
2022-09-13 13:54:00,1190,1190,1200,1195,756400
2022-09-13 13:55:00,1190,1190,1195,1190,100500
2022-09-13 13:56:00,1190,1185,1190,1190,78700
2022-09-13 13:57:00,1190,1185,1190,1185,0
2022-09-13 13:58:00,1190,1185,1190,1185,1900
2022-09-13 13:59:00,1185,1185,1185,1185,2800
2022-09-13 14:00:00,1185,1185,1185,1185,7000
2022-09-13 14:01:00,1185,1185,1190,1185,9800
2022-09-13 14:02:00,1185,1185,1185,1185,54500
2022-09-13 14:03:00,1185,1185,1190,1190,55400
2022-09-13 14:04:00,1190,1185,1190,1185,108500
2022-09-13 14:05:00,1185,1185,1190,1190,17300
2022-09-13 14:06:00,1185,1175,1185,1175,1319400
2022-09-13 14:07:00,1185,1175,1185,1175,0
2022-09-13 14:08:00,1185,1175,1185,1175,0
2022-09-13 14:09:00,1180,1175,1185,1175,0
2022-09-13 14:10:00,1180,1180,1185,1180,11800
2022-09-13 14:11:00,1185,1185,1185,1185,1200
2022-09-13 14:12:00,1180,1180,1180,1180,9900
2022-09-13 14:13:00,1180,1180,1185,1180,110800
2022-09-13 14:14:00,1180,1180,1180,1180,0
2022-09-13 14:15:00,1180,1180,1180,1180,20000
2022-09-13 14:16:00,1180,1180,1180,1180,90000
2022-09-13 14:17:00,1180,1180,1185,1180,0
2022-09-13 14:18:00,1180,1180,1180,1180,9500
2022-09-13 14:19:00,1175,1175,1180,1180,5700
2022-09-13 14:20:00,1180,1180,1180,1180,55700
2022-09-13 14:21:00,1180,1180,1180,1180,151900
2022-09-13 14:22:00,1180,1180,1180,1180,11000
2022-09-13 14:23:00,1180,1180,1180,1180,55400
2022-09-13 14:24:00,1180,1180,1180,1180,60800
2022-09-13 14:25:00,1180,1180,1180,1180,32200
2022-09-13 14:26:00,1175,1175,1175,1175,6400
2022-09-13 14:27:00,1175,1175,1180,1175,29600
2022-09-13 14:28:00,1175,1175,1180,1180,29300
2022-09-13 14:29:00,1175,1175,1180,1180,0
2022-09-13 14:30:00,1175,1175,1180,1175,44000
2022-09-13 14:31:00,1175,1175,1175,1175,15900
2022-09-13 14:32:00,1175,1175,1180,1180,212300
2022-09-13 14:33:00,1175,1175,1180,1180,0
2022-09-13 14:34:00,1175,1175,1180,1180,0
2022-09-13 14:35:00,1175,1175,1180,1180,0
2022-09-13 14:36:00,1175,1175,1180,1180,0
2022-09-13 14:37:00,1175,1175,1180,1180,0
2022-09-13 14:38:00,1175,1175,1180,1180,0
2022-09-13 14:39:00,1175,1175,1180,1180,0
2022-09-13 14:40:00,1175,1175,1180,1180,0
2022-09-13 14:41:00,1175,1175,1180,1180,0
2022-09-13 14:42:00,1175,1175,1175,1175,1613400
2022-09-13 14:43:00,1170,1170,1175,1175,78300
2022-09-13 14:44:00,1175,1175,1175,1175,161300
2022-09-13 14:45:00,1170,1170,1175,1170,192100
2022-09-13 14:46:00,1170,1170,1175,1175,22400
2022-09-13 14:47:00,1175,1170,1175,1175,14200
2022-09-13 14:48:00,1175,1170,1175,1170,781800
2022-09-13 14:49:00,1170,1165,1190,1190,2081500
2022-09-13 14:50:00,1170,1165,1190,1190,0
2022-09-13 14:51:00,1170,1165,1190,1190,0
2022-09-13 14:52:00,1170,1165,1190,1190,0
2022-09-13 14:53:00,1170,1165,1190,1190,0
2022-09-13 14:54:00,1170,1165,1190,1190,0
2022-09-13 14:55:00,1170,1165,1190,1190,0
2022-09-13 14:56:00,1170,1165,1190,1190,0
2022-09-13 14:57:00,1170,1165,1190,1190,0
2022-09-13 14:58:00,1170,1165,1190,1190,0
2022-09-13 14:59:00,1170,1165,1190,1190,0
2022-09-13 15:00:00,1190,1190,1190,1190,1857800
2022-09-13 15:01:00,1190,1190,1190,1190,2900
2022-09-13 15:02:00,1190,1190,1190,1190,700
2022-09-13 15:03:00,1190,1190,1190,1190,24600
2022-09-13 15:04:00,1190,1190,1190,1190,0
2022-09-13 15:05:00,1190,1190,1190,1190,0
2022-09-13 15:06:00,1190,1190,1190,1190,1000
2022-09-13 15:07:00,1190,1190,1190,1190,3100
2022-09-13 15:08:00,1190,1190,1190,1190,0
2022-09-13 15:09:00,1190,1190,1190,1190,5000
2022-09-13 15:10:00,1190,1190,1190,1190,0
2022-09-13 15:11:00,1190,1190,1190,1190,500
2022-09-13 15:12:00,1190,1190,1190,1190,0
2022-09-13 15:13:00,1190,1190,1190,1190,0
2022-09-13 15:14:00,1190,1190,1190,1190,0
2022-09-13 15:15:00,1190,1190,1190,1190,0
2022-09-13 15:16:00,1190,1190,1190,1190,0
2022-09-13 15:17:00,1190,1190,1190,1190,0
2022-09-13 15:18:00,1190,1190,1190,1190,0
2022-09-13 15:19:00,1190,1190,1190,1190,0
2022-09-13 15:20:00,1190,1190,1190,1190,0
2022-09-13 15:21:00,1190,1190,1190,1190,0
2022-09-13 15:22:00,1190,1190,1190,1190,0
2022-09-13 15:23:00,1190,1190,1190,1190,0
2022-09-13 15:24:00,1190,1190,1190,1190,0
2022-09-13 15:25:00,1190,1190,1190,1190,0
2022-09-13 15:26:00,1190,1190,1190,1190,0
2022-09-13 15:27:00,1190,1190,1190,1190,0
2022-09-13 15:28:00,1190,1190,1190,1190,0
2022-09-13 15:29:00,1190,1190,1190,1190,0
2022-09-13 15:30:00,1190,1190,1190,1190,0
2022-09-13 15:31:00,1190,1190,1190,1190,0
2022-09-13 15:32:00,1190,1190,1190,1190,0
2022-09-13 15:33:00,1190,1190,1190,1190,0
2022-09-13 15:34:00,1190,1190,1190,1190,0
2022-09-13 15:35:00,1190,1190,1190,1190,0
2022-09-13 15:36:00,1190,1190,1190,1190,0
2022-09-13 15:37:00,1190,1190,1190,1190,0
2022-09-13 15:38:00,1190,1190,1190,1190,0
2022-09-13 15:39:00,1190,1190,1190,1190,0
2022-09-13 15:40:00,1190,1190,1190,1190,0
2022-09-13 15:41:00,1190,1190,1190,1190,0
2022-09-13 15:42:00,1190,1190,1190,1190,0
2022-09-13 15:43:00,1190,1190,1190,1190,0
2022-09-13 15:44:00,1190,1190,1190,1190,0
2022-09-13 15:45:00,1190,1190,1190,1190,0
2022-09-13 15:46:00,1190,1190,1190,1190,0
2022-09-13 15:47:00,1190,1190,1190,1190,0
2022-09-13 15:48:00,1190,1190,1190,1190,0
2022-09-13 15:49:00,1190,1190,1190,1190,0
2022-09-13 15:50:00,1190,1190,1190,1190,0
2022-09-13 15:51:00,1190,1190,1190,1190,0
2022-09-13 15:52:00,1190,1190,1190,1190,0
2022-09-13 15:53:00,1190,1190,1190,1190,0
2022-09-13 15:54:00,1190,1190,1190,1190,0
2022-09-13 15:55:00,1190,1190,1190,1190,0
2022-09-13 15:56:00,1190,1190,1190,1190,0
2022-09-13 15:57:00,1190,1190,1190,1190,0
2022-09-13 15:58:00,1190,1190,1190,1190,0
2022-09-13 15:59:00,1190,1190,1190,1190,0
2022-09-14 09:00:00,1180,1165,1180,1165,162100
2022-09-14 09:01:00,1165,1155,1165,1165,131900
2022-09-14 09:02:00,1160,1160,1180,1180,657300
2022-09-14 09:03:00,1180,1170,1180,1170,589900
2022-09-14 09:04:00,1170,1165,1170,1165,24100
2022-09-14 09:05:00,1170,1170,1170,1170,9100
2022-09-14 09:06:00,1170,1165,1170,1165,35700
2022-09-14 09:07:00,1165,1165,1180,1175,498100
2022-09-14 09:08:00,1180,1175,1180,1180,94000
2022-09-14 09:09:00,1175,1175,1180,1175,35800
2022-09-14 09:10:00,1180,1175,1180,1175,212900
2022-09-14 09:11:00,1175,1170,1175,1170,599000
2022-09-14 09:12:00,1170,1165,1170,1170,19400
2022-09-14 09:13:00,1170,1170,1175,1170,55200
2022-09-14 09:14:00,1180,1180,1180,1180,0
2022-09-14 09:15:00,1170,1170,1170,1170,203400
2022-09-14 09:16:00,1170,1170,1175,1175,15821400
2022-09-14 09:17:00,1180,1175,1180,1175,0
2022-09-14 09:18:00,1175,1175,1180,1175,58900
2022-09-14 09:19:00,1175,1175,1180,1180,3200
2022-09-14 09:20:00,1175,1175,1175,1175,88700
2022-09-14 09:21:00,1175,1170,1175,1175,7159600
2022-09-14 09:22:00,1175,1175,1180,1180,7494400
2022-09-14 09:23:00,1180,1175,1180,1175,35500
2022-09-14 09:24:00,1175,1175,1175,1175,0
2022-09-14 09:25:00,1175,1175,1175,1175,4000
2022-09-14 09:26:00,1175,1170,1175,1170,493800
2022-09-14 09:27:00,1170,1170,1170,1170,180700
2022-09-14 09:28:00,1170,1170,1170,1170,10400
2022-09-14 09:29:00,1170,1170,1170,1170,38900
2022-09-14 09:30:00,1170,1165,1170,1165,40800
2022-09-14 09:31:00,1165,1165,1165,1165,22800
2022-09-14 09:32:00,1165,1165,1170,1165,900
2022-09-14 09:33:00,1170,1165,1170,1170,20900
2022-09-14 09:34:00,1170,1165,1170,1165,6200
2022-09-14 09:35:00,1165,1165,1170,1165,181400
2022-09-14 09:36:00,1165,1160,1165,1160,633100
2022-09-14 09:37:00,1165,1165,1165,1165,4700
2022-09-14 09:38:00,1165,1165,1165,1165,220700
2022-09-14 09:39:00,1165,1165,1165,1165,0
2022-09-14 09:40:00,1170,1170,1170,1170,53000
2022-09-14 09:41:00,1170,1165,1170,1165,12600
2022-09-14 09:42:00,1170,1165,1170,1170,1600
2022-09-14 09:43:00,1165,1165,1165,1165,6700
2022-09-14 09:44:00,1165,1165,1165,1165,8400
2022-09-14 09:45:00,1165,1165,1170,1170,43200
2022-09-14 09:46:00,1170,1170,1170,1170,18500
2022-09-14 09:47:00,1170,1165,1170,1165,0
2022-09-14 09:48:00,1170,1170,1170,1170,0
2022-09-14 09:49:00,1165,1165,1170,1165,3000
2022-09-14 09:50:00,1165,1165,1170,1165,340500
2022-09-14 09:51:00,1160,1160,1165,1160,434600
2022-09-14 09:52:00,1160,1160,1160,1160,12600
2022-09-14 09:53:00,1160,1160,1160,1160,113900
2022-09-14 09:54:00,1160,1160,1165,1160,17100
2022-09-14 09:55:00,1160,1160,1165,1165,0
2022-09-14 09:56:00,1165,1165,1165,1165,1400
2022-09-14 09:57:00,1160,1160,1165,1165,9600
2022-09-14 09:58:00,1165,1165,1165,1165,0
2022-09-14 09:59:00,1165,1160,1165,1160,21000
2022-09-14 10:00:00,1165,1160,1165,1160,36500
2022-09-14 10:01:00,1160,1160,1165,1160,22500
2022-09-14 10:02:00,1165,1160,1165,1160,12500
2022-09-14 10:03:00,1165,1160,1165,1160,55300
2022-09-14 10:04:00,1165,1160,1165,1165,0
2022-09-14 10:05:00,1165,1160,1165,1160,74500
2022-09-14 10:06:00,1165,1160,1165,1165,232300
2022-09-14 10:07:00,1165,1160,1165,1160,596400
2022-09-14 10:08:00,1155,1155,1160,1160,165400
2022-09-14 10:09:00,1160,1155,1160,1160,93300
2022-09-14 10:10:00,1160,1160,1160,1160,0
2022-09-14 10:11:00,1160,1155,1160,1155,3500
2022-09-14 10:12:00,1155,1155,1160,1160,174400
2022-09-14 10:13:00,1160,1155,1160,1155,11000
2022-09-14 10:14:00,1160,1155,1160,1155,7700
2022-09-14 10:15:00,1155,1155,1160,1155,40200
2022-09-14 10:16:00,1155,1155,1160,1155,22300
2022-09-14 10:17:00,1160,1160,1160,1160,5200
2022-09-14 10:18:00,1160,1155,1160,1160,186500
2022-09-14 10:19:00,1160,1160,1165,1165,0
2022-09-14 10:20:00,1165,1165,1165,1165,238400
2022-09-14 10:21:00,1165,1165,1165,1165,9600
2022-09-14 10:22:00,1165,1160,1165,1165,113200
2022-09-14 10:23:00,1165,1165,1165,1165,13100
2022-09-14 10:24:00,1165,1165,1170,1170,253100
2022-09-14 10:25:00,1170,1160,1170,1160,178300
2022-09-14 10:26:00,1160,1160,1160,1160,0
2022-09-14 10:27:00,1160,1160,1160,1160,34700
2022-09-14 10:28:00,1160,1160,1165,1165,0
2022-09-14 10:29:00,1160,1160,1160,1160,1000
2022-09-14 10:30:00,1160,1160,1160,1160,2900
2022-09-14 10:31:00,1160,1160,1160,1160,0
2022-09-14 10:32:00,1160,1160,1165,1165,5100
2022-09-14 10:33:00,1160,1160,1165,1165,7700
2022-09-14 10:34:00,1165,1165,1165,1165,34900
2022-09-14 10:35:00,1160,1160,1165,1165,45600
2022-09-14 10:36:00,1160,1160,1160,1160,225600
2022-09-14 10:37:00,1160,1160,1160,1160,9000
2022-09-14 10:38:00,1160,1160,1160,1160,0
2022-09-14 10:39:00,1160,1160,1160,1160,15000
2022-09-14 10:40:00,1160,1160,1160,1160,140800
2022-09-14 10:41:00,1160,1155,1160,1155,6200
2022-09-14 10:42:00,1160,1160,1160,1160,83500
2022-09-14 10:43:00,1160,1160,1160,1160,27600
2022-09-14 10:44:00,1160,1160,1160,1160,231400
2022-09-14 10:45:00,1160,1155,1160,1160,66400
2022-09-14 10:46:00,1160,1155,1160,1155,18400
2022-09-14 10:47:00,1160,1155,1160,1155,1300
2022-09-14 10:48:00,1160,1160,1160,1160,340800
2022-09-14 10:49:00,1160,1160,1160,1160,92600
2022-09-14 10:50:00,1160,1160,1160,1160,59500
2022-09-14 10:51:00,1160,1160,1160,1160,41100
2022-09-14 10:52:00,1160,1155,1160,1155,5600
2022-09-14 10:53:00,1160,1155,1160,1155,1000
2022-09-14 10:54:00,1160,1155,1160,1160,9300
2022-09-14 10:55:00,1160,1160,1160,1160,600
2022-09-14 10:56:00,1160,1160,1160,1160,0
2022-09-14 10:57:00,1165,1160,1165,1160,2000
2022-09-14 10:58:00,1160,1160,1160,1160,57900
2022-09-14 10:59:00,1160,1155,1160,1155,11600
2022-09-14 11:00:00,1160,1155,1160,1160,1300
2022-09-14 11:01:00,1155,1155,1160,1160,0
2022-09-14 11:02:00,1160,1155,1160,1160,41200
2022-09-14 11:03:00,1155,1155,1165,1160,291200
2022-09-14 11:04:00,1160,1160,1165,1165,7300
2022-09-14 11:05:00,1165,1165,1165,1165,500
2022-09-14 11:06:00,1165,1160,1165,1160,15000
2022-09-14 11:07:00,1160,1160,1170,1170,70300
2022-09-14 11:08:00,1170,1170,1170,1170,200
2022-09-14 11:09:00,1170,1160,1170,1160,458900
2022-09-14 11:10:00,1160,1160,1165,1165,0
2022-09-14 11:11:00,1165,1165,1165,1165,2900
2022-09-14 11:12:00,1165,1160,1165,1160,57700
2022-09-14 11:13:00,1160,1160,1165,1165,0
2022-09-14 11:14:00,1165,1165,1165,1165,38200
2022-09-14 11:15:00,1165,1165,1165,1165,14900
2022-09-14 11:16:00,1165,1165,1165,1165,0
2022-09-14 11:17:00,1165,1165,1165,1165,0
2022-09-14 11:18:00,1165,1160,1165,1160,0
2022-09-14 11:19:00,1160,1160,1160,1160,0
2022-09-14 11:20:00,1160,1160,1160,1160,1800
2022-09-14 11:21:00,1165,1165,1165,1165,5000
2022-09-14 11:22:00,1165,1165,1165,1165,800
2022-09-14 11:23:00,1165,1165,1165,1165,91200
2022-09-14 11:24:00,1165,1165,1165,1165,264500
2022-09-14 11:25:00,1165,1165,1165,1165,0
2022-09-14 11:26:00,1165,1165,1165,1165,3600
2022-09-14 11:27:00,1170,1170,1170,1170,400
2022-09-14 11:28:00,1170,1165,1170,1165,213300
2022-09-14 11:29:00,1170,1165,1170,1165,0
2022-09-14 11:30:00,1170,1165,1170,1165,0
2022-09-14 11:31:00,1170,1165,1170,1165,0
2022-09-14 11:32:00,1170,1165,1170,1165,0
2022-09-14 11:33:00,1170,1165,1170,1165,0
2022-09-14 11:34:00,1170,1165,1170,1165,0
2022-09-14 11:35:00,1170,1165,1170,1165,0
2022-09-14 11:36:00,1170,1165,1170,1165,0
2022-09-14 11:37:00,1170,1165,1170,1165,0
2022-09-14 11:38:00,1170,1165,1170,1165,0
2022-09-14 11:39:00,1170,1165,1170,1165,0
2022-09-14 11:40:00,1170,1165,1170,1165,0
2022-09-14 11:41:00,1170,1165,1170,1165,0
2022-09-14 11:42:00,1170,1165,1170,1165,0
2022-09-14 11:43:00,1170,1165,1170,1165,0
2022-09-14 11:44:00,1170,1165,1170,1165,0
2022-09-14 11:45:00,1170,1165,1170,1165,0
2022-09-14 11:46:00,1170,1165,1170,1165,0
2022-09-14 11:47:00,1170,1165,1170,1165,0
2022-09-14 11:48:00,1170,1165,1170,1165,0
2022-09-14 11:49:00,1170,1165,1170,1165,0
2022-09-14 11:50:00,1170,1165,1170,1165,0
2022-09-14 11:51:00,1170,1165,1170,1165,0
2022-09-14 11:52:00,1170,1165,1170,1165,0
2022-09-14 11:53:00,1170,1165,1170,1165,0
2022-09-14 11:54:00,1170,1165,1170,1165,0
2022-09-14 11:55:00,1170,1165,1170,1165,0
2022-09-14 11:56:00,1170,1165,1170,1165,0
2022-09-14 11:57:00,1170,1165,1170,1165,0
2022-09-14 11:58:00,1170,1165,1170,1165,0
2022-09-14 11:59:00,1170,1165,1170,1165,0
2022-09-14 12:00:00,1170,1165,1170,1165,0
2022-09-14 12:01:00,1170,1165,1170,1165,0
2022-09-14 12:02:00,1170,1165,1170,1165,0
2022-09-14 12:03:00,1170,1165,1170,1165,0
2022-09-14 12:04:00,1170,1165,1170,1165,0
2022-09-14 12:05:00,1170,1165,1170,1165,0
2022-09-14 12:06:00,1170,1165,1170,1165,0
2022-09-14 12:07:00,1170,1165,1170,1165,0
2022-09-14 12:08:00,1170,1165,1170,1165,0
2022-09-14 12:09:00,1170,1165,1170,1165,0
2022-09-14 12:10:00,1170,1165,1170,1165,0
2022-09-14 12:11:00,1170,1165,1170,1165,0
2022-09-14 12:12:00,1170,1165,1170,1165,0
2022-09-14 12:13:00,1170,1165,1170,1165,0
2022-09-14 12:14:00,1170,1165,1170,1165,0
2022-09-14 12:15:00,1170,1165,1170,1165,0
2022-09-14 12:16:00,1170,1165,1170,1165,0
2022-09-14 12:17:00,1170,1165,1170,1165,0
2022-09-14 12:18:00,1170,1165,1170,1165,0
2022-09-14 12:19:00,1170,1165,1170,1165,0
2022-09-14 12:20:00,1170,1165,1170,1165,0
2022-09-14 12:21:00,1170,1165,1170,1165,0
2022-09-14 12:22:00,1170,1165,1170,1165,0
2022-09-14 12:23:00,1170,1165,1170,1165,0
2022-09-14 12:24:00,1170,1165,1170,1165,0
2022-09-14 12:25:00,1170,1165,1170,1165,0
2022-09-14 12:26:00,1170,1165,1170,1165,0
2022-09-14 12:27:00,1170,1165,1170,1165,0
2022-09-14 12:28:00,1170,1165,1170,1165,0
2022-09-14 12:29:00,1170,1165,1170,1165,0
2022-09-14 12:30:00,1170,1165,1170,1165,0
2022-09-14 12:31:00,1170,1165,1170,1165,0
2022-09-14 12:32:00,1170,1165,1170,1165,0
2022-09-14 12:33:00,1170,1165,1170,1165,0
2022-09-14 12:34:00,1170,1165,1170,1165,0
2022-09-14 12:35:00,1170,1165,1170,1165,0
2022-09-14 12:36:00,1170,1165,1170,1165,0
2022-09-14 12:37:00,1170,1165,1170,1165,0
2022-09-14 12:38:00,1170,1165,1170,1165,0
2022-09-14 12:39:00,1170,1165,1170,1165,0
2022-09-14 12:40:00,1170,1165,1170,1165,0
2022-09-14 12:41:00,1170,1165,1170,1165,0
2022-09-14 12:42:00,1170,1165,1170,1165,0
2022-09-14 12:43:00,1170,1165,1170,1165,0
2022-09-14 12:44:00,1170,1165,1170,1165,0
2022-09-14 12:45:00,1170,1165,1170,1165,0
2022-09-14 12:46:00,1170,1165,1170,1165,0
2022-09-14 12:47:00,1170,1165,1170,1165,0
2022-09-14 12:48:00,1170,1165,1170,1165,0
2022-09-14 12:49:00,1170,1165,1170,1165,0
2022-09-14 12:50:00,1170,1165,1170,1165,0
2022-09-14 12:51:00,1170,1165,1170,1165,0
2022-09-14 12:52:00,1170,1165,1170,1165,0
2022-09-14 12:53:00,1170,1165,1170,1165,0
2022-09-14 12:54:00,1170,1165,1170,1165,0
2022-09-14 12:55:00,1170,1165,1170,1165,0
2022-09-14 12:56:00,1170,1165,1170,1165,0
2022-09-14 12:57:00,1170,1165,1170,1165,0
2022-09-14 12:58:00,1170,1165,1170,1165,0
2022-09-14 12:59:00,1170,1165,1170,1165,0
2022-09-14 13:00:00,1170,1165,1170,1165,0
2022-09-14 13:01:00,1170,1165,1170,1165,0
2022-09-14 13:02:00,1170,1165,1170,1165,0
2022-09-14 13:03:00,1170,1165,1170,1165,0
2022-09-14 13:04:00,1170,1165,1170,1165,0
2022-09-14 13:05:00,1170,1165,1170,1165,0
2022-09-14 13:06:00,1170,1165,1170,1165,0
2022-09-14 13:07:00,1170,1165,1170,1165,0
2022-09-14 13:08:00,1170,1165,1170,1165,0
2022-09-14 13:09:00,1170,1165,1170,1165,0
2022-09-14 13:10:00,1170,1165,1170,1165,0
2022-09-14 13:11:00,1170,1165,1170,1165,0
2022-09-14 13:12:00,1170,1165,1170,1165,0
2022-09-14 13:13:00,1170,1165,1170,1165,0
2022-09-14 13:14:00,1170,1165,1170,1165,0
2022-09-14 13:15:00,1170,1165,1170,1165,0
2022-09-14 13:16:00,1170,1165,1170,1165,0
2022-09-14 13:17:00,1170,1165,1170,1165,0
2022-09-14 13:18:00,1170,1165,1170,1165,0
2022-09-14 13:19:00,1170,1165,1170,1165,0
2022-09-14 13:20:00,1170,1165,1170,1165,0
2022-09-14 13:21:00,1170,1165,1170,1165,0
2022-09-14 13:22:00,1170,1165,1170,1165,0
2022-09-14 13:23:00,1170,1165,1170,1165,0
2022-09-14 13:24:00,1170,1165,1170,1165,0
2022-09-14 13:25:00,1170,1165,1170,1165,0
2022-09-14 13:26:00,1170,1165,1170,1165,0
2022-09-14 13:27:00,1170,1165,1170,1165,0
2022-09-14 13:28:00,1170,1165,1170,1165,0
2022-09-14 13:29:00,1170,1165,1170,1165,0
2022-09-14 13:30:00,1165,1165,1170,1165,21700
2022-09-14 13:31:00,1165,1165,1165,1165,7800
2022-09-14 13:32:00,1165,1165,1165,1165,57400
2022-09-14 13:33:00,1165,1160,1165,1160,141000
2022-09-14 13:34:00,1165,1165,1165,1165,213300
2022-09-14 13:35:00,1170,1170,1170,1170,496100
2022-09-14 13:36:00,1170,1170,1170,1170,3100
2022-09-14 13:37:00,1170,1170,1175,1175,938900
2022-09-14 13:38:00,1175,1170,1175,1170,3100
2022-09-14 13:39:00,1175,1175,1175,1175,3300
2022-09-14 13:40:00,1175,1175,1175,1175,208700
2022-09-14 13:41:00,1175,1175,1175,1175,236300
2022-09-14 13:42:00,1180,1175,1180,1175,28200
2022-09-14 13:43:00,1180,1180,1180,1180,13400
2022-09-14 13:44:00,1180,1175,1180,1180,256100
2022-09-14 13:45:00,1175,1175,1180,1175,76500
2022-09-14 13:46:00,1175,1175,1175,1175,11100
2022-09-14 13:47:00,1175,1175,1180,1180,6200
2022-09-14 13:48:00,1180,1175,1180,1180,2600
2022-09-14 13:49:00,1180,1180,1180,1180,9000
2022-09-14 13:50:00,1180,1175,1180,1180,57200
2022-09-14 13:51:00,1175,1175,1180,1180,1800
2022-09-14 13:52:00,1175,1175,1180,1180,756700
2022-09-14 13:53:00,1180,1175,1180,1180,22900
2022-09-14 13:54:00,1175,1175,1180,1175,348600
2022-09-14 13:55:00,1180,1180,1180,1180,0
2022-09-14 13:56:00,1180,1180,1180,1180,6400
2022-09-14 13:57:00,1175,1175,1175,1175,206500
2022-09-14 13:58:00,1180,1180,1180,1180,228500
2022-09-14 13:59:00,1180,1180,1185,1180,103700
2022-09-14 14:00:00,1180,1180,1180,1180,10400
2022-09-14 14:01:00,1180,1180,1180,1180,149200
2022-09-14 14:02:00,1180,1180,1185,1185,117100
2022-09-14 14:03:00,1180,1180,1180,1180,0
2022-09-14 14:04:00,1180,1180,1185,1185,13500
2022-09-14 14:05:00,1180,1180,1180,1180,10400
2022-09-14 14:06:00,1180,1180,1180,1180,77900
2022-09-14 14:07:00,1180,1180,1180,1180,0
2022-09-14 14:08:00,1180,1180,1180,1180,0
2022-09-14 14:09:00,1180,1180,1180,1180,0
2022-09-14 14:10:00,1180,1180,1180,1180,2700
2022-09-14 14:11:00,1180,1175,1180,1175,11300
2022-09-14 14:12:00,1180,1175,1180,1175,12100
2022-09-14 14:13:00,1180,1180,1180,1180,1500
2022-09-14 14:14:00,1180,1180,1180,1180,0
2022-09-14 14:15:00,1175,1175,1175,1175,326100
2022-09-14 14:16:00,1175,1175,1175,1175,0
2022-09-14 14:17:00,1175,1175,1175,1175,0
2022-09-14 14:18:00,1170,1170,1175,1175,31700
2022-09-14 14:19:00,1175,1170,1175,1170,9900
2022-09-14 14:20:00,1175,1170,1175,1170,0
2022-09-14 14:21:00,1170,1170,1175,1175,1600
2022-09-14 14:22:00,1170,1170,1170,1170,3300
2022-09-14 14:23:00,1170,1170,1170,1170,9500
2022-09-14 14:24:00,1170,1170,1170,1170,14200
2022-09-14 14:25:00,1170,1170,1170,1170,4900
2022-09-14 14:26:00,1170,1170,1170,1170,24200
2022-09-14 14:27:00,1170,1170,1170,1170,0
2022-09-14 14:28:00,1175,1175,1175,1175,73800
2022-09-14 14:29:00,1175,1175,1175,1175,0
2022-09-14 14:30:00,1170,1170,1175,1175,21400
2022-09-14 14:31:00,1175,1175,1175,1175,6200
2022-09-14 14:32:00,1170,1170,1170,1170,31800
2022-09-14 14:33:00,1170,1170,1170,1170,0
2022-09-14 14:34:00,1175,1175,1175,1175,0
2022-09-14 14:35:00,1175,1170,1175,1175,15400
2022-09-14 14:36:00,1170,1165,1170,1165,1058500
2022-09-14 14:37:00,1170,1165,1170,1165,573400
2022-09-14 14:38:00,1165,1165,1170,1170,179200
2022-09-14 14:39:00,1170,1165,1170,1165,14100
2022-09-14 14:40:00,1165,1165,1165,1165,37900
2022-09-14 14:41:00,1165,1165,1165,1165,197400
2022-09-14 14:42:00,1170,1165,1170,1165,124000
2022-09-14 14:43:00,1165,1165,1170,1165,35100
2022-09-14 14:44:00,1165,1165,1165,1165,7500
2022-09-14 14:45:00,1165,1165,1165,1165,146500
2022-09-14 14:46:00,1165,1165,1170,1165,62400
2022-09-14 14:47:00,1165,1160,1170,1165,284300
2022-09-14 14:48:00,1165,1160,1165,1160,203800
2022-09-14 14:49:00,1165,1160,1175,1160,1009100
2022-09-14 14:50:00,1165,1160,1175,1160,0
2022-09-14 14:51:00,1165,1160,1175,1160,0
2022-09-14 14:52:00,1165,1160,1175,1160,0
2022-09-14 14:53:00,1165,1160,1175,1160,0
2022-09-14 14:54:00,1165,1160,1175,1160,0
2022-09-14 14:55:00,1165,1160,1175,1160,0
2022-09-14 14:56:00,1165,1160,1175,1160,0
2022-09-14 14:57:00,1165,1160,1175,1160,0
2022-09-14 14:58:00,1165,1160,1175,1160,0
2022-09-14 14:59:00,1165,1160,1175,1160,0
2022-09-14 15:00:00,1180,1180,1180,1180,2001100
2022-09-14 15:01:00,1180,1180,1180,1180,1700
2022-09-14 15:02:00,1180,1180,1180,1180,2800
2022-09-14 15:03:00,1180,1180,1180,1180,0
2022-09-14 15:04:00,1180,1180,1180,1180,20400
2022-09-14 15:05:00,1180,1180,1180,1180,0
2022-09-14 15:06:00,1180,1180,1180,1180,900
2022-09-14 15:07:00,1180,1180,1180,1180,4300
2022-09-14 15:08:00,1180,1180,1180,1180,0
2022-09-14 15:09:00,1180,1180,1180,1180,0
2022-09-14 15:10:00,1180,1180,1180,1180,0
2022-09-14 15:11:00,1180,1180,1180,1180,0
2022-09-14 15:12:00,1180,1180,1180,1180,0
2022-09-14 15:13:00,1180,1180,1180,1180,0
2022-09-14 15:14:00,1180,1180,1180,1180,0
2022-09-14 15:15:00,1180,1180,1180,1180,0
2022-09-14 15:16:00,1180,1180,1180,1180,0
2022-09-14 15:17:00,1180,1180,1180,1180,0
2022-09-14 15:18:00,1180,1180,1180,1180,0
2022-09-14 15:19:00,1180,1180,1180,1180,0
2022-09-14 15:20:00,1180,1180,1180,1180,0
2022-09-14 15:21:00,1180,1180,1180,1180,0
2022-09-14 15:22:00,1180,1180,1180,1180,0
2022-09-14 15:23:00,1180,1180,1180,1180,0
2022-09-14 15:24:00,1180,1180,1180,1180,0
2022-09-14 15:25:00,1180,1180,1180,1180,0
2022-09-14 15:26:00,1180,1180,1180,1180,0
2022-09-14 15:27:00,1180,1180,1180,1180,0
2022-09-14 15:28:00,1180,1180,1180,1180,0
2022-09-14 15:29:00,1180,1180,1180,1180,0
2022-09-14 15:30:00,1180,1180,1180,1180,0
2022-09-14 15:31:00,1180,1180,1180,1180,0
2022-09-14 15:32:00,1180,1180,1180,1180,0
2022-09-14 15:33:00,1180,1180,1180,1180,0
2022-09-14 15:34:00,1180,1180,1180,1180,0
2022-09-14 15:35:00,1180,1180,1180,1180,0
2022-09-14 15:36:00,1180,1180,1180,1180,0
2022-09-14 15:37:00,1180,1180,1180,1180,0
2022-09-14 15:38:00,1180,1180,1180,1180,0
2022-09-14 15:39:00,1180,1180,1180,1180,0
2022-09-14 15:40:00,1180,1180,1180,1180,0
2022-09-14 15:41:00,1180,1180,1180,1180,0
2022-09-14 15:42:00,1180,1180,1180,1180,0
2022-09-14 15:43:00,1180,1180,1180,1180,0
2022-09-14 15:44:00,1180,1180,1180,1180,0
2022-09-14 15:45:00,1180,1180,1180,1180,0
2022-09-14 15:46:00,1180,1180,1180,1180,0
2022-09-14 15:47:00,1180,1180,1180,1180,0
2022-09-14 15:48:00,1180,1180,1180,1180,0
2022-09-14 15:49:00,1180,1180,1180,1180,0
2022-09-14 15:50:00,1180,1180,1180,1180,0
2022-09-14 15:51:00,1180,1180,1180,1180,0
2022-09-14 15:52:00,1180,1180,1180,1180,0
2022-09-14 15:53:00,1180,1180,1180,1180,0
2022-09-14 15:54:00,1180,1180,1180,1180,0
2022-09-14 15:55:00,1180,1180,1180,1180,0
2022-09-14 15:56:00,1180,1180,1180,1180,0
2022-09-14 15:57:00,1180,1180,1180,1180,0
2022-09-14 15:58:00,1180,1180,1180,1180,0
2022-09-14 15:59:00,1180,1180,1180,1180,0
2022-09-15 09:00:00,1180,1150,1180,1175,1065400
2022-09-15 09:01:00,1175,1170,1180,1180,229900
2022-09-15 09:02:00,1180,1170,1180,1180,1410000
2022-09-15 09:03:00,1185,1180,1185,1180,303200
2022-09-15 09:04:00,1185,1180,1195,1195,2295000
2022-09-15 09:05:00,1190,1190,1195,1190,814400
2022-09-15 09:06:00,1190,1185,1190,1190,308800
2022-09-15 09:07:00,1190,1185,1190,1190,53500
2022-09-15 09:08:00,1190,1185,1190,1190,54100
2022-09-15 09:09:00,1185,1185,1190,1185,27400
2022-09-15 09:10:00,1190,1185,1195,1190,7873800
2022-09-15 09:11:00,1190,1190,1195,1195,1091500
2022-09-15 09:12:00,1195,1190,1200,1200,10501500
2022-09-15 09:13:00,1200,1195,1205,1205,3340700
2022-09-15 09:14:00,1205,1200,1205,1200,992600
2022-09-15 09:15:00,1195,1195,1200,1195,98100
2022-09-15 09:16:00,1195,1195,1200,1195,10000
2022-09-15 09:17:00,1195,1195,1200,1200,61000
2022-09-15 09:18:00,1200,1200,1200,1200,319200
2022-09-15 09:19:00,1200,1195,1200,1200,92200
2022-09-15 09:20:00,1200,1195,1205,1205,703200
2022-09-15 09:21:00,1205,1200,1205,1200,184100
2022-09-15 09:22:00,1200,1200,1205,1205,559700
2022-09-15 09:23:00,1205,1200,1210,1205,1148200
2022-09-15 09:24:00,1210,1205,1220,1220,3681800
2022-09-15 09:25:00,1220,1210,1220,1215,1482600
2022-09-15 09:26:00,1220,1215,1230,1230,3500200
2022-09-15 09:27:00,1225,1215,1230,1220,1810500
2022-09-15 09:28:00,1220,1215,1225,1220,943000
2022-09-15 09:29:00,1220,1220,1225,1220,34000
2022-09-15 09:30:00,1220,1220,1225,1220,753700
2022-09-15 09:31:00,1220,1210,1220,1210,1240000
2022-09-15 09:32:00,1210,1205,1215,1210,318100
2022-09-15 09:33:00,1210,1205,1210,1210,1179600
2022-09-15 09:34:00,1205,1200,1210,1205,869000
2022-09-15 09:35:00,1205,1200,1205,1205,320800
2022-09-15 09:36:00,1210,1205,1210,1210,36600
2022-09-15 09:37:00,1210,1205,1210,1210,197200
2022-09-15 09:38:00,1210,1210,1215,1210,171300
2022-09-15 09:39:00,1210,1210,1215,1210,8705400
2022-09-15 09:40:00,1215,1200,1215,1215,2713400
2022-09-15 09:41:00,1205,1205,1220,1210,8702000
2022-09-15 09:42:00,1205,1205,1215,1210,1012300
2022-09-15 09:43:00,1210,1210,1215,1210,517600
2022-09-15 09:44:00,1210,1205,1215,1205,495400
2022-09-15 09:45:00,1205,1200,1215,1210,619200
2022-09-15 09:46:00,1215,1210,1215,1215,9000
2022-09-15 09:47:00,1210,1210,1215,1215,135400
2022-09-15 09:48:00,1210,1205,1210,1210,27400
2022-09-15 09:49:00,1205,1205,1205,1205,400
2022-09-15 09:50:00,1210,1205,1210,1205,75700
2022-09-15 09:51:00,1205,1200,1205,1200,965700
2022-09-15 09:52:00,1200,1195,1200,1200,1134900
2022-09-15 09:53:00,1200,1195,1200,1195,74000
2022-09-15 09:54:00,1200,1195,1200,1195,116500
2022-09-15 09:55:00,1195,1190,1200,1195,308200
2022-09-15 09:56:00,1195,1190,1195,1190,151700
2022-09-15 09:57:00,1190,1190,1195,1190,456000
2022-09-15 09:58:00,1195,1185,1195,1185,2091800
2022-09-15 09:59:00,1180,1180,1185,1180,337200
2022-09-15 10:00:00,1185,1180,1185,1185,182300
2022-09-15 10:01:00,1185,1185,1190,1190,147500
2022-09-15 10:02:00,1190,1185,1190,1190,241300
2022-09-15 10:03:00,1190,1185,1190,1185,200300
2022-09-15 10:04:00,1190,1185,1190,1190,11600
2022-09-15 10:05:00,1190,1190,1190,1190,0
2022-09-15 10:06:00,1190,1190,1190,1190,114900
2022-09-15 10:07:00,1190,1180,1190,1180,1119600
2022-09-15 10:08:00,1180,1165,1185,1165,1347000
2022-09-15 10:09:00,1160,1160,1175,1175,1158200
2022-09-15 10:10:00,1175,1170,1175,1175,411200
2022-09-15 10:11:00,1175,1175,1180,1175,126500
2022-09-15 10:12:00,1175,1175,1175,1175,148100
2022-09-15 10:13:00,1175,1170,1175,1170,25700
2022-09-15 10:14:00,1175,1170,1175,1175,173700
2022-09-15 10:15:00,1170,1170,1170,1170,129600
2022-09-15 10:16:00,1170,1165,1170,1170,327300
2022-09-15 10:17:00,1170,1165,1170,1170,152000
2022-09-15 10:18:00,1170,1170,1170,1170,152100
2022-09-15 10:19:00,1170,1170,1175,1170,163100
2022-09-15 10:20:00,1175,1170,1175,1170,122900
2022-09-15 10:21:00,1170,1170,1170,1170,4300
2022-09-15 10:22:00,1170,1170,1175,1175,809500
2022-09-15 10:23:00,1180,1175,1180,1180,76000
2022-09-15 10:24:00,1175,1175,1180,1180,42400
2022-09-15 10:25:00,1180,1175,1180,1175,56700
2022-09-15 10:26:00,1175,1175,1180,1175,231100
2022-09-15 10:27:00,1180,1180,1180,1180,13300
2022-09-15 10:28:00,1180,1175,1180,1180,78700
2022-09-15 10:29:00,1180,1175,1180,1180,183900
2022-09-15 10:30:00,1180,1180,1180,1180,6000
2022-09-15 10:31:00,1180,1180,1180,1180,109000
2022-09-15 10:32:00,1180,1180,1180,1180,34700
2022-09-15 10:33:00,1180,1180,1185,1180,59400
2022-09-15 10:34:00,1180,1175,1180,1175,98400
2022-09-15 10:35:00,1180,1180,1180,1180,0
2022-09-15 10:36:00,1180,1180,1180,1180,218700
2022-09-15 10:37:00,1180,1175,1180,1175,27500
2022-09-15 10:38:00,1180,1180,1180,1180,20500
2022-09-15 10:39:00,1180,1180,1180,1180,500
2022-09-15 10:40:00,1180,1180,1180,1180,63600
2022-09-15 10:41:00,1180,1175,1180,1175,4700
2022-09-15 10:42:00,1180,1175,1180,1180,23200
2022-09-15 10:43:00,1170,1165,1170,1170,1598700
2022-09-15 10:44:00,1165,1165,1170,1165,418700
2022-09-15 10:45:00,1165,1165,1170,1165,0
2022-09-15 10:46:00,1175,1165,1175,1165,273700
2022-09-15 10:47:00,1170,1165,1170,1170,1200
2022-09-15 10:48:00,1170,1165,1170,1170,48400
2022-09-15 10:49:00,1170,1165,1170,1165,864200
2022-09-15 10:50:00,1165,1160,1165,1165,105200
2022-09-15 10:51:00,1165,1160,1165,1165,130700
2022-09-15 10:52:00,1170,1165,1170,1165,150200
2022-09-15 10:53:00,1165,1160,1170,1160,334700
2022-09-15 10:54:00,1160,1160,1165,1165,40200
2022-09-15 10:55:00,1165,1165,1170,1170,28200
2022-09-15 10:56:00,1170,1165,1170,1165,109900
2022-09-15 10:57:00,1165,1165,1170,1170,0
2022-09-15 10:58:00,1170,1165,1170,1165,319100
2022-09-15 10:59:00,1170,1165,1170,1170,120900
2022-09-15 11:00:00,1170,1170,1175,1175,362800
2022-09-15 11:01:00,1170,1170,1170,1170,151700
2022-09-15 11:02:00,1170,1170,1170,1170,100200
2022-09-15 11:03:00,1170,1170,1170,1170,5400
2022-09-15 11:04:00,1170,1165,1170,1165,99200
2022-09-15 11:05:00,1165,1165,1170,1165,5900
2022-09-15 11:06:00,1165,1165,1170,1170,138400
2022-09-15 11:07:00,1165,1165,1165,1165,3800
2022-09-15 11:08:00,1165,1165,1170,1170,412000
2022-09-15 11:09:00,1170,1165,1170,1170,432500
2022-09-15 11:10:00,1170,1170,1170,1170,900
2022-09-15 11:11:00,1170,1170,1175,1175,1800
2022-09-15 11:12:00,1170,1170,1175,1175,0
2022-09-15 11:13:00,1175,1175,1175,1175,120700
2022-09-15 11:14:00,1180,1175,1180,1180,16300
2022-09-15 11:15:00,1175,1175,1175,1175,130800
2022-09-15 11:16:00,1175,1175,1180,1180,0
2022-09-15 11:17:00,1180,1175,1180,1175,20200
2022-09-15 11:18:00,1180,1175,1180,1175,17700
2022-09-15 11:19:00,1180,1175,1180,1175,64500
2022-09-15 11:20:00,1175,1175,1180,1180,43500
2022-09-15 11:21:00,1180,1175,1180,1175,711900
2022-09-15 11:22:00,1175,1175,1175,1175,0
2022-09-15 11:23:00,1175,1175,1180,1180,45900
2022-09-15 11:24:00,1180,1180,1180,1180,43200
2022-09-15 11:25:00,1180,1180,1180,1180,35200
2022-09-15 11:26:00,1180,1175,1180,1175,0
2022-09-15 11:27:00,1175,1175,1180,1180,27200
2022-09-15 11:28:00,1180,1175,1180,1180,164400
2022-09-15 11:29:00,1180,1180,1180,1180,8000
2022-09-15 11:30:00,1180,1180,1180,1180,0
2022-09-15 11:31:00,1180,1180,1180,1180,0
2022-09-15 11:32:00,1180,1180,1180,1180,0
2022-09-15 11:33:00,1180,1180,1180,1180,0
2022-09-15 11:34:00,1180,1180,1180,1180,0
2022-09-15 11:35:00,1180,1180,1180,1180,0
2022-09-15 11:36:00,1180,1180,1180,1180,0
2022-09-15 11:37:00,1180,1180,1180,1180,0
2022-09-15 11:38:00,1180,1180,1180,1180,0
2022-09-15 11:39:00,1180,1180,1180,1180,0
2022-09-15 11:40:00,1180,1180,1180,1180,0
2022-09-15 11:41:00,1180,1180,1180,1180,0
2022-09-15 11:42:00,1180,1180,1180,1180,0
2022-09-15 11:43:00,1180,1180,1180,1180,0
2022-09-15 11:44:00,1180,1180,1180,1180,0
2022-09-15 11:45:00,1180,1180,1180,1180,0
2022-09-15 11:46:00,1180,1180,1180,1180,0
2022-09-15 11:47:00,1180,1180,1180,1180,0
2022-09-15 11:48:00,1180,1180,1180,1180,0
2022-09-15 11:49:00,1180,1180,1180,1180,0
2022-09-15 11:50:00,1180,1180,1180,1180,0
2022-09-15 11:51:00,1180,1180,1180,1180,0
2022-09-15 11:52:00,1180,1180,1180,1180,0
2022-09-15 11:53:00,1180,1180,1180,1180,0
2022-09-15 11:54:00,1180,1180,1180,1180,0
2022-09-15 11:55:00,1180,1180,1180,1180,0
2022-09-15 11:56:00,1180,1180,1180,1180,0
2022-09-15 11:57:00,1180,1180,1180,1180,0
2022-09-15 11:58:00,1180,1180,1180,1180,0
2022-09-15 11:59:00,1180,1180,1180,1180,0
2022-09-15 12:00:00,1180,1180,1180,1180,0
2022-09-15 12:01:00,1180,1180,1180,1180,0
2022-09-15 12:02:00,1180,1180,1180,1180,0
2022-09-15 12:03:00,1180,1180,1180,1180,0
2022-09-15 12:04:00,1180,1180,1180,1180,0
2022-09-15 12:05:00,1180,1180,1180,1180,0
2022-09-15 12:06:00,1180,1180,1180,1180,0
2022-09-15 12:07:00,1180,1180,1180,1180,0
2022-09-15 12:08:00,1180,1180,1180,1180,0
2022-09-15 12:09:00,1180,1180,1180,1180,0
2022-09-15 12:10:00,1180,1180,1180,1180,0
2022-09-15 12:11:00,1180,1180,1180,1180,0
2022-09-15 12:12:00,1180,1180,1180,1180,0
2022-09-15 12:13:00,1180,1180,1180,1180,0
2022-09-15 12:14:00,1180,1180,1180,1180,0
2022-09-15 12:15:00,1180,1180,1180,1180,0
2022-09-15 12:16:00,1180,1180,1180,1180,0
2022-09-15 12:17:00,1180,1180,1180,1180,0
2022-09-15 12:18:00,1180,1180,1180,1180,0
2022-09-15 12:19:00,1180,1180,1180,1180,0
2022-09-15 12:20:00,1180,1180,1180,1180,0
2022-09-15 12:21:00,1180,1180,1180,1180,0
2022-09-15 12:22:00,1180,1180,1180,1180,0
2022-09-15 12:23:00,1180,1180,1180,1180,0
2022-09-15 12:24:00,1180,1180,1180,1180,0
2022-09-15 12:25:00,1180,1180,1180,1180,0
2022-09-15 12:26:00,1180,1180,1180,1180,0
2022-09-15 12:27:00,1180,1180,1180,1180,0
2022-09-15 12:28:00,1180,1180,1180,1180,0
2022-09-15 12:29:00,1180,1180,1180,1180,0
2022-09-15 12:30:00,1180,1180,1180,1180,0
2022-09-15 12:31:00,1180,1180,1180,1180,0
2022-09-15 12:32:00,1180,1180,1180,1180,0
2022-09-15 12:33:00,1180,1180,1180,1180,0
2022-09-15 12:34:00,1180,1180,1180,1180,0
2022-09-15 12:35:00,1180,1180,1180,1180,0
2022-09-15 12:36:00,1180,1180,1180,1180,0
2022-09-15 12:37:00,1180,1180,1180,1180,0
2022-09-15 12:38:00,1180,1180,1180,1180,0
2022-09-15 12:39:00,1180,1180,1180,1180,0
2022-09-15 12:40:00,1180,1180,1180,1180,0
2022-09-15 12:41:00,1180,1180,1180,1180,0
2022-09-15 12:42:00,1180,1180,1180,1180,0
2022-09-15 12:43:00,1180,1180,1180,1180,0
2022-09-15 12:44:00,1180,1180,1180,1180,0
2022-09-15 12:45:00,1180,1180,1180,1180,0
2022-09-15 12:46:00,1180,1180,1180,1180,0
2022-09-15 12:47:00,1180,1180,1180,1180,0
2022-09-15 12:48:00,1180,1180,1180,1180,0
2022-09-15 12:49:00,1180,1180,1180,1180,0
2022-09-15 12:50:00,1180,1180,1180,1180,0
2022-09-15 12:51:00,1180,1180,1180,1180,0
2022-09-15 12:52:00,1180,1180,1180,1180,0
2022-09-15 12:53:00,1180,1180,1180,1180,0
2022-09-15 12:54:00,1180,1180,1180,1180,0
2022-09-15 12:55:00,1180,1180,1180,1180,0
2022-09-15 12:56:00,1180,1180,1180,1180,0
2022-09-15 12:57:00,1180,1180,1180,1180,0
2022-09-15 12:58:00,1180,1180,1180,1180,0
2022-09-15 12:59:00,1180,1180,1180,1180,0
2022-09-15 13:00:00,1180,1180,1180,1180,0
2022-09-15 13:01:00,1180,1180,1180,1180,0
2022-09-15 13:02:00,1180,1180,1180,1180,0
2022-09-15 13:03:00,1180,1180,1180,1180,0
2022-09-15 13:04:00,1180,1180,1180,1180,0
2022-09-15 13:05:00,1180,1180,1180,1180,0
2022-09-15 13:06:00,1180,1180,1180,1180,0
2022-09-15 13:07:00,1180,1180,1180,1180,0
2022-09-15 13:08:00,1180,1180,1180,1180,0
2022-09-15 13:09:00,1180,1180,1180,1180,0
2022-09-15 13:10:00,1180,1180,1180,1180,0
2022-09-15 13:11:00,1180,1180,1180,1180,0
2022-09-15 13:12:00,1180,1180,1180,1180,0
2022-09-15 13:13:00,1180,1180,1180,1180,0
2022-09-15 13:14:00,1180,1180,1180,1180,0
2022-09-15 13:15:00,1180,1180,1180,1180,0
2022-09-15 13:16:00,1180,1180,1180,1180,0
2022-09-15 13:17:00,1180,1180,1180,1180,0
2022-09-15 13:18:00,1180,1180,1180,1180,0
2022-09-15 13:19:00,1180,1180,1180,1180,0
2022-09-15 13:20:00,1180,1180,1180,1180,0
2022-09-15 13:21:00,1180,1180,1180,1180,0
2022-09-15 13:22:00,1180,1180,1180,1180,0
2022-09-15 13:23:00,1180,1180,1180,1180,0
2022-09-15 13:24:00,1180,1180,1180,1180,0
2022-09-15 13:25:00,1180,1180,1180,1180,0
2022-09-15 13:26:00,1180,1180,1180,1180,0
2022-09-15 13:27:00,1180,1180,1180,1180,0
2022-09-15 13:28:00,1180,1180,1180,1180,0
2022-09-15 13:29:00,1180,1180,1180,1180,0
2022-09-15 13:30:00,1180,1180,1185,1185,169100
2022-09-15 13:31:00,1185,1185,1185,1185,8000
2022-09-15 13:32:00,1185,1185,1185,1185,42900
2022-09-15 13:33:00,1185,1185,1185,1185,47700
2022-09-15 13:34:00,1185,1180,1185,1180,50600
2022-09-15 13:35:00,1185,1180,1185,1180,0
2022-09-15 13:36:00,1180,1180,1180,1180,0
2022-09-15 13:37:00,1180,1180,1180,1180,41500
2022-09-15 13:38:00,1180,1180,1180,1180,0
2022-09-15 13:39:00,1180,1180,1180,1180,30000
2022-09-15 13:40:00,1180,1180,1185,1185,56200
2022-09-15 13:41:00,1185,1180,1185,1185,9500
2022-09-15 13:42:00,1185,1185,1185,1185,4200
2022-09-15 13:43:00,1185,1180,1185,1185,9700
2022-09-15 13:44:00,1180,1180,1180,1180,188500
2022-09-15 13:45:00,1180,1180,1180,1180,157000
2022-09-15 13:46:00,1180,1180,1185,1185,109200
2022-09-15 13:47:00,1185,1185,1190,1190,216600
2022-09-15 13:48:00,1185,1180,1185,1180,0
2022-09-15 13:49:00,1185,1185,1185,1185,38700
2022-09-15 13:50:00,1185,1185,1185,1185,9100
2022-09-15 13:51:00,1180,1180,1180,1180,3500
2022-09-15 13:52:00,1185,1180,1185,1185,38600
2022-09-15 13:53:00,1185,1180,1185,1185,0
2022-09-15 13:54:00,1185,1185,1185,1185,60600
2022-09-15 13:55:00,1185,1185,1185,1185,0
2022-09-15 13:56:00,1185,1185,1185,1185,1700
2022-09-15 13:57:00,1185,1185,1185,1185,0
2022-09-15 13:58:00,1185,1185,1185,1185,4200
2022-09-15 13:59:00,1180,1180,1180,1180,56700
2022-09-15 14:00:00,1180,1180,1185,1185,108100
2022-09-15 14:01:00,1185,1185,1185,1185,230600
2022-09-15 14:02:00,1185,1185,1190,1190,25900
2022-09-15 14:03:00,1190,1190,1190,1190,11400
2022-09-15 14:04:00,1190,1185,1190,1190,250000
2022-09-15 14:05:00,1190,1185,1190,1190,32200
2022-09-15 14:06:00,1190,1190,1190,1190,41600
2022-09-15 14:07:00,1185,1185,1200,1200,531000
2022-09-15 14:08:00,1195,1195,1195,1195,379500
2022-09-15 14:09:00,1195,1195,1200,1195,20500
2022-09-15 14:10:00,1195,1195,1200,1195,42000
2022-09-15 14:11:00,1195,1195,1200,1200,20000
2022-09-15 14:12:00,1195,1195,1200,1200,17500
2022-09-15 14:13:00,1200,1195,1200,1195,21700
2022-09-15 14:14:00,1195,1195,1200,1195,219100
2022-09-15 14:15:00,1195,1195,1195,1195,340600
2022-09-15 14:16:00,1195,1190,1195,1195,170200
2022-09-15 14:17:00,1195,1190,1195,1190,109700
2022-09-15 14:18:00,1195,1195,1205,1205,1369600
2022-09-15 14:19:00,1205,1200,1205,1200,254800
2022-09-15 14:20:00,1200,1200,1205,1200,213600
2022-09-15 14:21:00,1200,1200,1200,1200,0
2022-09-15 14:22:00,1200,1200,1200,1200,101232000
2022-09-15 14:23:00,1195,1195,1195,1195,5600
2022-09-15 14:24:00,1200,1195,1200,1200,393500
2022-09-15 14:25:00,1200,1195,1200,1200,513700
2022-09-15 14:26:00,1200,1195,1200,1195,141700
2022-09-15 14:27:00,1195,1195,1200,1195,35400
2022-09-15 14:28:00,1195,1195,1195,1195,85800
2022-09-15 14:29:00,1195,1195,1200,1195,0
2022-09-15 14:30:00,1195,1195,1200,1195,8600
2022-09-15 14:31:00,1195,1195,1200,1195,119800
2022-09-15 14:32:00,1195,1195,1195,1195,651800
2022-09-15 14:33:00,1190,1190,1195,1195,191100
2022-09-15 14:34:00,1195,1195,1200,1200,69300
2022-09-15 14:35:00,1200,1200,1205,1205,1594200
2022-09-15 14:36:00,1200,1200,1205,1205,11100
2022-09-15 14:37:00,1200,1200,1205,1200,305100
2022-09-15 14:38:00,1200,1200,1205,1205,17300
2022-09-15 14:39:00,1205,1200,1205,1205,421800
2022-09-15 14:40:00,1200,1200,1205,1205,40400
2022-09-15 14:41:00,1205,1205,1205,1205,342000
2022-09-15 14:42:00,1205,1200,1205,1205,123100
2022-09-15 14:43:00,1205,1205,1210,1210,1640400
2022-09-15 14:44:00,1210,1205,1210,1210,281300
2022-09-15 14:45:00,1210,1205,1210,1210,267900
2022-09-15 14:46:00,1210,1205,1210,1210,817500
2022-09-15 14:47:00,1205,1200,1210,1200,1372000
2022-09-15 14:48:00,1200,1195,1200,1195,851900
2022-09-15 14:49:00,1195,1190,1210,1210,2203900
2022-09-15 14:50:00,1195,1190,1210,1210,0
2022-09-15 14:51:00,1195,1190,1210,1210,0
2022-09-15 14:52:00,1195,1190,1210,1210,0
2022-09-15 14:53:00,1195,1190,1210,1210,0
2022-09-15 14:54:00,1195,1190,1210,1210,0
2022-09-15 14:55:00,1195,1190,1210,1210,0
2022-09-15 14:56:00,1195,1190,1210,1210,0
2022-09-15 14:57:00,1195,1190,1210,1210,0
2022-09-15 14:58:00,1195,1190,1210,1210,0
2022-09-15 14:59:00,1195,1190,1210,1210,0
2022-09-15 15:00:00,1200,1200,1200,1200,0
2022-09-15 15:01:00,1200,1200,1200,1200,115198300
2022-09-15 15:02:00,1200,1200,1200,1200,148000
2022-09-15 15:03:00,1200,1200,1200,1200,119300
2022-09-15 15:04:00,1200,1200,1200,1200,27300
2022-09-15 15:05:00,1200,1200,1200,1200,70100
2022-09-15 15:06:00,1200,1200,1200,1200,17500
2022-09-15 15:07:00,1200,1200,1200,1200,35300
2022-09-15 15:08:00,1200,1200,1200,1200,764800
2022-09-15 15:09:00,1200,1200,1200,1200,9500
2022-09-15 15:10:00,1200,1200,1200,1200,0
2022-09-15 15:11:00,1200,1200,1200,1200,12600
2022-09-15 15:12:00,1200,1200,1200,1200,8300
2022-09-15 15:13:00,1200,1200,1200,1200,19000
2022-09-15 15:14:00,1200,1200,1200,1200,116426500
2022-09-15 15:15:00,1200,1200,1200,1200,0
2022-09-15 15:16:00,1200,1200,1200,1200,0
2022-09-15 15:17:00,1200,1200,1200,1200,0
2022-09-15 15:18:00,1200,1200,1200,1200,0
2022-09-15 15:19:00,1200,1200,1200,1200,0
2022-09-15 15:20:00,1200,1200,1200,1200,0
2022-09-15 15:21:00,1200,1200,1200,1200,0
2022-09-15 15:22:00,1200,1200,1200,1200,0
2022-09-15 15:23:00,1200,1200,1200,1200,0
2022-09-15 15:24:00,1200,1200,1200,1200,0
2022-09-15 15:25:00,1200,1200,1200,1200,0
2022-09-15 15:26:00,1200,1200,1200,1200,0
2022-09-15 15:27:00,1200,1200,1200,1200,0
2022-09-15 15:28:00,1200,1200,1200,1200,0
2022-09-15 15:29:00,1200,1200,1200,1200,0
2022-09-15 15:30:00,1200,1200,1200,1200,0
2022-09-15 15:31:00,1200,1200,1200,1200,0
2022-09-15 15:32:00,1200,1200,1200,1200,0
2022-09-15 15:33:00,1200,1200,1200,1200,0
2022-09-15 15:34:00,1200,1200,1200,1200,0
2022-09-15 15:35:00,1200,1200,1200,1200,0
2022-09-15 15:36:00,1200,1200,1200,1200,0
2022-09-15 15:37:00,1200,1200,1200,1200,0
2022-09-15 15:38:00,1200,1200,1200,1200,0
2022-09-15 15:39:00,1200,1200,1200,1200,0
2022-09-15 15:40:00,1200,1200,1200,1200,0
2022-09-15 15:41:00,1200,1200,1200,1200,0
2022-09-15 15:42:00,1200,1200,1200,1200,0
2022-09-15 15:43:00,1200,1200,1200,1200,0
2022-09-15 15:44:00,1200,1200,1200,1200,0
2022-09-15 15:45:00,1200,1200,1200,1200,0
2022-09-15 15:46:00,1200,1200,1200,1200,0
2022-09-15 15:47:00,1200,1200,1200,1200,0
2022-09-15 15:48:00,1200,1200,1200,1200,0
2022-09-15 15:49:00,1200,1200,1200,1200,0
2022-09-15 15:50:00,1200,1200,1200,1200,0
2022-09-15 15:51:00,1200,1200,1200,1200,0
2022-09-15 15:52:00,1200,1200,1200,1200,0
2022-09-15 15:53:00,1200,1200,1200,1200,0
2022-09-15 15:54:00,1200,1200,1200,1200,0
2022-09-15 15:55:00,1200,1200,1200,1200,0
2022-09-15 15:56:00,1200,1200,1200,1200,0
2022-09-15 15:57:00,1200,1200,1200,1200,0
2022-09-15 15:58:00,1200,1200,1200,1200,0
2022-09-15 15:59:00,1200,1200,1200,1200,0
2022-09-16 09:00:00,1200,1185,1200,1190,0
2022-09-16 09:01:00,1190,1185,1190,1185,63600
2022-09-16 09:02:00,1185,1180,1185,1185,151800
2022-09-16 09:03:00,1185,1185,1185,1185,56400
2022-09-16 09:04:00,1185,1180,1185,1180,164900
2022-09-16 09:05:00,1185,1185,1190,1190,127500
2022-09-16 09:06:00,1190,1190,1190,1190,21300
2022-09-16 09:07:00,1190,1190,1195,1195,577900
2022-09-16 09:08:00,1195,1190,1195,1195,0
2022-09-16 09:09:00,1190,1190,1195,1195,41400
2022-09-16 09:10:00,1195,1195,1200,1195,70600
2022-09-16 09:11:00,1195,1185,1195,1190,173800
2022-09-16 09:12:00,1190,1185,1190,1190,10074500
2022-09-16 09:13:00,1185,1185,1195,1195,7609100
2022-09-16 09:14:00,1185,1185,1185,1185,0
2022-09-16 09:15:00,1185,1180,1195,1195,7719100
2022-09-16 09:16:00,1195,1190,1195,1190,7977300
2022-09-16 09:17:00,1190,1180,1190,1185,409700
2022-09-16 09:18:00,1185,1175,1185,1180,300800
2022-09-16 09:19:00,1180,1170,1180,1175,97300
2022-09-16 09:20:00,1175,1170,1175,1175,51700
2022-09-16 09:21:00,1175,1170,1180,1175,103100
2022-09-16 09:22:00,1180,1175,1180,1180,0
2022-09-16 09:23:00,1175,1175,1180,1180,119700
2022-09-16 09:24:00,1180,1175,1180,1175,104300
2022-09-16 09:25:00,1180,1175,1180,1180,391800
2022-09-16 09:26:00,1180,1180,1180,1180,10300
2022-09-16 09:27:00,1185,1180,1185,1185,189000
2022-09-16 09:28:00,1180,1180,1185,1180,185200
2022-09-16 09:29:00,1180,1180,1180,1180,67700
2022-09-16 09:30:00,1180,1180,1185,1185,7700
2022-09-16 09:31:00,1185,1185,1185,1185,1900
2022-09-16 09:32:00,1185,1180,1185,1180,121900
2022-09-16 09:33:00,1180,1180,1180,1180,0
2022-09-16 09:34:00,1185,1180,1185,1180,62500
2022-09-16 09:35:00,1175,1165,1175,1170,966700
2022-09-16 09:36:00,1170,1165,1170,1170,36900
2022-09-16 09:37:00,1170,1165,1170,1165,44600
2022-09-16 09:38:00,1170,1170,1175,1175,517800
2022-09-16 09:39:00,1170,1165,1170,1170,568900
2022-09-16 09:40:00,1170,1170,1175,1170,220500
2022-09-16 09:41:00,1170,1170,1175,1170,158200
2022-09-16 09:42:00,1175,1170,1175,1175,1900
2022-09-16 09:43:00,1175,1170,1175,1170,8700
2022-09-16 09:44:00,1170,1165,1170,1170,366500
2022-09-16 09:45:00,1165,1165,1170,1170,20200
2022-09-16 09:46:00,1170,1170,1170,1170,11000
2022-09-16 09:47:00,1170,1165,1170,1165,18800
2022-09-16 09:48:00,1170,1170,1170,1170,703000
2022-09-16 09:49:00,1170,1170,1170,1170,26900
2022-09-16 09:50:00,1170,1170,1170,1170,104100
2022-09-16 09:51:00,1170,1170,1170,1170,42800
2022-09-16 09:52:00,1170,1170,1170,1170,41500
2022-09-16 09:53:00,1170,1170,1170,1170,74900
2022-09-16 09:54:00,1170,1170,1170,1170,28300
2022-09-16 09:55:00,1170,1165,1170,1165,69100
2022-09-16 09:56:00,1165,1165,1170,1165,146300
2022-09-16 09:57:00,1165,1165,1170,1170,38300
2022-09-16 09:58:00,1170,1170,1170,1170,19000
2022-09-16 09:59:00,1170,1170,1170,1170,0
2022-09-16 10:00:00,1170,1170,1170,1170,56400
2022-09-16 10:01:00,1170,1165,1170,1170,161900
2022-09-16 10:02:00,1165,1165,1165,1165,0
2022-09-16 10:03:00,1165,1165,1170,1170,962500
2022-09-16 10:04:00,1170,1170,1170,1170,89600
2022-09-16 10:05:00,1165,1165,1170,1165,253700
2022-09-16 10:06:00,1165,1165,1170,1170,0
2022-09-16 10:07:00,1170,1165,1170,1165,289100
2022-09-16 10:08:00,1170,1165,1170,1170,0
2022-09-16 10:09:00,1170,1165,1170,1170,7200
2022-09-16 10:10:00,1170,1170,1170,1170,87900
2022-09-16 10:11:00,1170,1170,1170,1170,9800
2022-09-16 10:12:00,1170,1165,1170,1165,49500
2022-09-16 10:13:00,1165,1165,1170,1165,352100
2022-09-16 10:14:00,1170,1165,1170,1165,0
2022-09-16 10:15:00,1165,1165,1165,1165,277200
2022-09-16 10:16:00,1165,1160,1165,1160,1013000
2022-09-16 10:17:00,1160,1160,1165,1160,20900
2022-09-16 10:18:00,1160,1160,1165,1160,16800
2022-09-16 10:19:00,1160,1160,1160,1160,1354300
2022-09-16 10:20:00,1160,1160,1160,1160,392500
2022-09-16 10:21:00,1160,1155,1160,1160,198300
2022-09-16 10:22:00,1155,1155,1160,1160,180100
2022-09-16 10:23:00,1160,1160,1165,1160,108400
2022-09-16 10:24:00,1165,1160,1165,1165,29200
2022-09-16 10:25:00,1165,1165,1170,1170,31100
2022-09-16 10:26:00,1165,1160,1165,1160,0
2022-09-16 10:27:00,1160,1160,1165,1160,62500
2022-09-16 10:28:00,1160,1160,1160,1160,146700
2022-09-16 10:29:00,1160,1160,1160,1160,36900
2022-09-16 10:30:00,1165,1160,1165,1160,2400
2022-09-16 10:31:00,1160,1160,1160,1160,86900
2022-09-16 10:32:00,1160,1160,1160,1160,0
2022-09-16 10:33:00,1165,1155,1165,1155,255300
2022-09-16 10:34:00,1155,1150,1155,1155,1312100
2022-09-16 10:35:00,1155,1150,1155,1155,20800
2022-09-16 10:36:00,1155,1155,1155,1155,251100
2022-09-16 10:37:00,1155,1150,1155,1150,31100
2022-09-16 10:38:00,1155,1150,1155,1155,462300
2022-09-16 10:39:00,1155,1150,1155,1155,244900
2022-09-16 10:40:00,1150,1150,1155,1155,0
2022-09-16 10:41:00,1150,1150,1155,1155,268500
2022-09-16 10:42:00,1150,1150,1155,1150,34200
2022-09-16 10:43:00,1150,1150,1150,1150,441500
2022-09-16 10:44:00,1150,1145,1150,1145,2498800
2022-09-16 10:45:00,1145,1135,1145,1140,1892900
2022-09-16 10:46:00,1140,1140,1145,1140,218900
2022-09-16 10:47:00,1140,1140,1145,1140,132100
2022-09-16 10:48:00,1145,1140,1145,1145,24100
2022-09-16 10:49:00,1145,1145,1145,1145,160400
2022-09-16 10:50:00,1145,1140,1145,1140,662500
2022-09-16 10:51:00,1140,1135,1140,1135,265600
2022-09-16 10:52:00,1135,1135,1140,1140,61500
2022-09-16 10:53:00,1140,1135,1140,1135,74000
2022-09-16 10:54:00,1135,1135,1140,1140,113400
2022-09-16 10:55:00,1135,1135,1140,1135,17600
2022-09-16 10:56:00,1135,1135,1140,1135,960400
2022-09-16 10:57:00,1135,1135,1140,1135,484100
2022-09-16 10:58:00,1135,1130,1140,1130,458000
2022-09-16 10:59:00,1135,1135,1140,1135,114400
2022-09-16 11:00:00,1140,1135,1140,1135,317100
2022-09-16 11:01:00,1135,1135,1135,1135,95800
2022-09-16 11:02:00,1135,1130,1135,1135,76100
2022-09-16 11:03:00,1135,1130,1135,1135,322000
2022-09-16 11:04:00,1130,1130,1135,1130,209500
2022-09-16 11:05:00,1130,1130,1135,1130,17300
2022-09-16 11:06:00,1130,1130,1135,1130,25000
2022-09-16 11:07:00,1130,1130,1130,1130,20500
2022-09-16 11:08:00,1130,1130,1135,1130,1201600
2022-09-16 11:09:00,1130,1125,1130,1125,333500
2022-09-16 11:10:00,1125,1125,1130,1125,712000
2022-09-16 11:11:00,1130,1120,1130,1125,957600
2022-09-16 11:12:00,1125,1120,1130,1130,1169300
2022-09-16 11:13:00,1130,1130,1140,1140,15500
2022-09-16 11:14:00,1140,1135,1155,1155,2263500
2022-09-16 11:15:00,1155,1145,1155,1145,557900
2022-09-16 11:16:00,1145,1145,1150,1150,185200
2022-09-16 11:17:00,1150,1150,1160,1160,203300
2022-09-16 11:18:00,1155,1155,1160,1155,200100
2022-09-16 11:19:00,1150,1145,1155,1150,412500
2022-09-16 11:20:00,1150,1145,1150,1145,1300
2022-09-16 11:21:00,1145,1140,1145,1145,137800
2022-09-16 11:22:00,1145,1140,1145,1140,14100
2022-09-16 11:23:00,1140,1140,1145,1140,20600
2022-09-16 11:24:00,1145,1145,1145,1145,10600
2022-09-16 11:25:00,1145,1140,1145,1140,9400
2022-09-16 11:26:00,1145,1140,1145,1140,12300
2022-09-16 11:27:00,1140,1140,1140,1140,186800
2022-09-16 11:28:00,1145,1145,1145,1145,2200
2022-09-16 11:29:00,1145,1140,1145,1140,11500
2022-09-16 11:30:00,1145,1140,1145,1140,0
2022-09-16 11:31:00,1145,1140,1145,1140,0
2022-09-16 11:32:00,1145,1140,1145,1140,0
2022-09-16 11:33:00,1145,1140,1145,1140,0
2022-09-16 11:34:00,1145,1140,1145,1140,0
2022-09-16 11:35:00,1145,1140,1145,1140,0
2022-09-16 11:36:00,1145,1140,1145,1140,0
2022-09-16 11:37:00,1145,1140,1145,1140,0
2022-09-16 11:38:00,1145,1140,1145,1140,0
2022-09-16 11:39:00,1145,1140,1145,1140,0
2022-09-16 11:40:00,1145,1140,1145,1140,0
2022-09-16 11:41:00,1145,1140,1145,1140,0
2022-09-16 11:42:00,1145,1140,1145,1140,0
2022-09-16 11:43:00,1145,1140,1145,1140,0
2022-09-16 11:44:00,1145,1140,1145,1140,0
2022-09-16 11:45:00,1145,1140,1145,1140,0
2022-09-16 11:46:00,1145,1140,1145,1140,0
2022-09-16 11:47:00,1145,1140,1145,1140,0
2022-09-16 11:48:00,1145,1140,1145,1140,0
2022-09-16 11:49:00,1145,1140,1145,1140,0
2022-09-16 11:50:00,1145,1140,1145,1140,0
2022-09-16 11:51:00,1145,1140,1145,1140,0
2022-09-16 11:52:00,1145,1140,1145,1140,0
2022-09-16 11:53:00,1145,1140,1145,1140,0
2022-09-16 11:54:00,1145,1140,1145,1140,0
2022-09-16 11:55:00,1145,1140,1145,1140,0
2022-09-16 11:56:00,1145,1140,1145,1140,0
2022-09-16 11:57:00,1145,1140,1145,1140,0
2022-09-16 11:58:00,1145,1140,1145,1140,0
2022-09-16 11:59:00,1145,1140,1145,1140,0
2022-09-16 12:00:00,1145,1140,1145,1140,0
2022-09-16 12:01:00,1145,1140,1145,1140,0
2022-09-16 12:02:00,1145,1140,1145,1140,0
2022-09-16 12:03:00,1145,1140,1145,1140,0
2022-09-16 12:04:00,1145,1140,1145,1140,0
2022-09-16 12:05:00,1145,1140,1145,1140,0
2022-09-16 12:06:00,1145,1140,1145,1140,0
2022-09-16 12:07:00,1145,1140,1145,1140,0
2022-09-16 12:08:00,1145,1140,1145,1140,0
2022-09-16 12:09:00,1145,1140,1145,1140,0
2022-09-16 12:10:00,1145,1140,1145,1140,0
2022-09-16 12:11:00,1145,1140,1145,1140,0
2022-09-16 12:12:00,1145,1140,1145,1140,0
2022-09-16 12:13:00,1145,1140,1145,1140,0
2022-09-16 12:14:00,1145,1140,1145,1140,0
2022-09-16 12:15:00,1145,1140,1145,1140,0
2022-09-16 12:16:00,1145,1140,1145,1140,0
2022-09-16 12:17:00,1145,1140,1145,1140,0
2022-09-16 12:18:00,1145,1140,1145,1140,0
2022-09-16 12:19:00,1145,1140,1145,1140,0
2022-09-16 12:20:00,1145,1140,1145,1140,0
2022-09-16 12:21:00,1145,1140,1145,1140,0
2022-09-16 12:22:00,1145,1140,1145,1140,0
2022-09-16 12:23:00,1145,1140,1145,1140,0
2022-09-16 12:24:00,1145,1140,1145,1140,0
2022-09-16 12:25:00,1145,1140,1145,1140,0
2022-09-16 12:26:00,1145,1140,1145,1140,0
2022-09-16 12:27:00,1145,1140,1145,1140,0
2022-09-16 12:28:00,1145,1140,1145,1140,0
2022-09-16 12:29:00,1145,1140,1145,1140,0
2022-09-16 12:30:00,1145,1140,1145,1140,0
2022-09-16 12:31:00,1145,1140,1145,1140,0
2022-09-16 12:32:00,1145,1140,1145,1140,0
2022-09-16 12:33:00,1145,1140,1145,1140,0
2022-09-16 12:34:00,1145,1140,1145,1140,0
2022-09-16 12:35:00,1145,1140,1145,1140,0
2022-09-16 12:36:00,1145,1140,1145,1140,0
2022-09-16 12:37:00,1145,1140,1145,1140,0
2022-09-16 12:38:00,1145,1140,1145,1140,0
2022-09-16 12:39:00,1145,1140,1145,1140,0
2022-09-16 12:40:00,1145,1140,1145,1140,0
2022-09-16 12:41:00,1145,1140,1145,1140,0
2022-09-16 12:42:00,1145,1140,1145,1140,0
2022-09-16 12:43:00,1145,1140,1145,1140,0
2022-09-16 12:44:00,1145,1140,1145,1140,0
2022-09-16 12:45:00,1145,1140,1145,1140,0
2022-09-16 12:46:00,1145,1140,1145,1140,0
2022-09-16 12:47:00,1145,1140,1145,1140,0
2022-09-16 12:48:00,1145,1140,1145,1140,0
2022-09-16 12:49:00,1145,1140,1145,1140,0
2022-09-16 12:50:00,1145,1140,1145,1140,0
2022-09-16 12:51:00,1145,1140,1145,1140,0
2022-09-16 12:52:00,1145,1140,1145,1140,0
2022-09-16 12:53:00,1145,1140,1145,1140,0
2022-09-16 12:54:00,1145,1140,1145,1140,0
2022-09-16 12:55:00,1145,1140,1145,1140,0
2022-09-16 12:56:00,1145,1140,1145,1140,0
2022-09-16 12:57:00,1145,1140,1145,1140,0
2022-09-16 12:58:00,1145,1140,1145,1140,0
2022-09-16 12:59:00,1145,1140,1145,1140,0
2022-09-16 13:00:00,1145,1140,1145,1140,0
2022-09-16 13:01:00,1145,1140,1145,1140,0
2022-09-16 13:02:00,1145,1140,1145,1140,0
2022-09-16 13:03:00,1145,1140,1145,1140,0
2022-09-16 13:04:00,1145,1140,1145,1140,0
2022-09-16 13:05:00,1145,1140,1145,1140,0
2022-09-16 13:06:00,1145,1140,1145,1140,0
2022-09-16 13:07:00,1145,1140,1145,1140,0
2022-09-16 13:08:00,1145,1140,1145,1140,0
2022-09-16 13:09:00,1145,1140,1145,1140,0
2022-09-16 13:10:00,1145,1140,1145,1140,0
2022-09-16 13:11:00,1145,1140,1145,1140,0
2022-09-16 13:12:00,1145,1140,1145,1140,0
2022-09-16 13:13:00,1145,1140,1145,1140,0
2022-09-16 13:14:00,1145,1140,1145,1140,0
2022-09-16 13:15:00,1145,1140,1145,1140,0
2022-09-16 13:16:00,1145,1140,1145,1140,0
2022-09-16 13:17:00,1145,1140,1145,1140,0
2022-09-16 13:18:00,1145,1140,1145,1140,0
2022-09-16 13:19:00,1145,1140,1145,1140,0
2022-09-16 13:20:00,1145,1140,1145,1140,0
2022-09-16 13:21:00,1145,1140,1145,1140,0
2022-09-16 13:22:00,1145,1140,1145,1140,0
2022-09-16 13:23:00,1145,1140,1145,1140,0
2022-09-16 13:24:00,1145,1140,1145,1140,0
2022-09-16 13:25:00,1145,1140,1145,1140,0
2022-09-16 13:26:00,1145,1140,1145,1140,0
2022-09-16 13:27:00,1145,1140,1145,1140,0
2022-09-16 13:28:00,1145,1140,1145,1140,0
2022-09-16 13:29:00,1145,1140,1145,1140,0
2022-09-16 13:30:00,1140,1135,1145,1140,897300
2022-09-16 13:31:00,1140,1135,1145,1140,0
2022-09-16 13:32:00,1135,1135,1140,1140,363900
2022-09-16 13:33:00,1135,1135,1135,1135,32000
2022-09-16 13:34:00,1135,1135,1135,1135,320000
2022-09-16 13:35:00,1130,1130,1135,1135,800
2022-09-16 13:36:00,1135,1130,1135,1130,104200
2022-09-16 13:37:00,1130,1130,1130,1130,2000
2022-09-16 13:38:00,1130,1130,1135,1130,38700
2022-09-16 13:39:00,1135,1130,1135,1130,410600
2022-09-16 13:40:00,1130,1130,1135,1135,664400
2022-09-16 13:41:00,1135,1135,1140,1135,161400
2022-09-16 13:42:00,1135,1135,1135,1135,44700
2022-09-16 13:43:00,1135,1135,1135,1135,152100
2022-09-16 13:44:00,1135,1135,1150,1145,153300
2022-09-16 13:45:00,1145,1135,1145,1135,246800
2022-09-16 13:46:00,1135,1135,1140,1140,0
2022-09-16 13:47:00,1140,1135,1140,1140,250800
2022-09-16 13:48:00,1140,1140,1140,1140,151200
2022-09-16 13:49:00,1140,1140,1140,1140,267100
2022-09-16 13:50:00,1140,1140,1145,1140,7100
2022-09-16 13:51:00,1140,1140,1145,1140,0
2022-09-16 13:52:00,1140,1140,1145,1140,0
2022-09-16 13:53:00,1140,1140,1145,1145,129700
2022-09-16 13:54:00,1145,1140,1145,1145,34600
2022-09-16 13:55:00,1145,1140,1145,1140,7600
2022-09-16 13:56:00,1140,1140,1140,1140,0
2022-09-16 13:57:00,1145,1145,1145,1145,19300
2022-09-16 13:58:00,1140,1140,1145,1140,11400
2022-09-16 13:59:00,1145,1145,1150,1145,737900
2022-09-16 14:00:00,1145,1145,1145,1145,192300
2022-09-16 14:01:00,1145,1145,1145,1145,153500
2022-09-16 14:02:00,1145,1145,1145,1145,73100
2022-09-16 14:03:00,1150,1150,1150,1150,102500
2022-09-16 14:04:00,1150,1150,1150,1150,45900
2022-09-16 14:05:00,1150,1150,1150,1150,33900
2022-09-16 14:06:00,1150,1145,1150,1150,20600
2022-09-16 14:07:00,1150,1150,1150,1150,104000
2022-09-16 14:08:00,1150,1145,1150,1145,10900
2022-09-16 14:09:00,1145,1145,1145,1145,97500
2022-09-16 14:10:00,1140,1140,1145,1145,19700
2022-09-16 14:11:00,1145,1140,1145,1145,87000
2022-09-16 14:12:00,1145,1140,1145,1140,132400
2022-09-16 14:13:00,1140,1140,1140,1140,0
2022-09-16 14:14:00,1140,1140,1140,1140,0
2022-09-16 14:15:00,1140,1140,1140,1140,500
2022-09-16 14:16:00,1140,1140,1145,1145,100
2022-09-16 14:17:00,1145,1140,1145,1140,8700
2022-09-16 14:18:00,1145,1140,1145,1140,0
2022-09-16 14:19:00,1140,1140,1140,1140,6800
2022-09-16 14:20:00,1145,1140,1145,1140,34000
2022-09-16 14:21:00,1140,1140,1140,1140,141100
2022-09-16 14:22:00,1140,1140,1140,1140,35600
2022-09-16 14:23:00,1135,1135,1140,1135,22400
2022-09-16 14:24:00,1140,1135,1140,1135,57000
2022-09-16 14:25:00,1140,1135,1140,1140,5200
2022-09-16 14:26:00,1140,1140,1140,1140,9600
2022-09-16 14:27:00,1140,1140,1140,1140,128100
2022-09-16 14:28:00,1140,1140,1140,1140,0
2022-09-16 14:29:00,1145,1145,1145,1145,254900
2022-09-16 14:30:00,1145,1145,1145,1145,0
2022-09-16 14:31:00,1145,1145,1145,1145,1800
2022-09-16 14:32:00,1145,1145,1145,1145,16400
2022-09-16 14:33:00,1145,1145,1145,1145,5400
2022-09-16 14:34:00,1145,1145,1145,1145,184100
2022-09-16 14:35:00,1150,1145,1150,1145,41200
2022-09-16 14:36:00,1145,1145,1155,1155,359600
2022-09-16 14:37:00,1155,1155,1155,1155,34300
2022-09-16 14:38:00,1155,1155,1155,1155,34500
2022-09-16 14:39:00,1150,1145,1155,1145,572800
2022-09-16 14:40:00,1155,1140,1155,1140,2192500
2022-09-16 14:41:00,1140,1135,1140,1135,170200
2022-09-16 14:42:00,1135,1135,1140,1135,12200
2022-09-16 14:43:00,1140,1135,1140,1140,8000
2022-09-16 14:44:00,1140,1130,1140,1130,631100
2022-09-16 14:45:00,1130,1130,1135,1130,1289200
2022-09-16 14:46:00,1130,1125,1130,1130,169800
2022-09-16 14:47:00,1130,1125,1135,1125,868400
2022-09-16 14:48:00,1125,1125,1135,1130,33200
2022-09-16 14:49:00,1125,1125,1160,1150,2025400
2022-09-16 14:50:00,1125,1125,1160,1150,0
2022-09-16 14:51:00,1125,1125,1160,1150,0
2022-09-16 14:52:00,1125,1125,1160,1150,0
2022-09-16 14:53:00,1125,1125,1160,1150,0
2022-09-16 14:54:00,1125,1125,1160,1150,0
2022-09-16 14:55:00,1125,1125,1160,1150,0
2022-09-16 14:56:00,1125,1125,1160,1150,0
2022-09-16 14:57:00,1125,1125,1160,1150,0
2022-09-16 14:58:00,1125,1125,1160,1150,0
2022-09-16 14:59:00,1125,1125,1160,1150,0
2022-09-16 15:00:00,1160,1160,1160,1160,5038600
2022-09-16 15:01:00,1160,1160,1160,1160,57900
2022-09-16 15:02:00,1160,1160,1160,1160,5300
2022-09-16 15:03:00,1160,1160,1160,1160,7000
2022-09-16 15:04:00,1160,1160,1160,1160,4900
2022-09-16 15:05:00,1160,1160,1160,1160,95300
2022-09-16 15:06:00,1160,1160,1160,1160,10000
2022-09-16 15:07:00,1160,1160,1160,1160,187200
2022-09-16 15:08:00,1160,1160,1160,1160,0
2022-09-16 15:09:00,1160,1160,1160,1160,0
2022-09-16 15:10:00,1160,1160,1160,1160,27300
2022-09-16 15:11:00,1160,1160,1160,1160,27200
2022-09-16 15:12:00,1160,1160,1160,1160,0
2022-09-16 15:13:00,1160,1160,1160,1160,1800
2022-09-16 15:14:00,1160,1160,1160,1160,0
2022-09-16 15:15:00,1160,1160,1160,1160,0
2022-09-16 15:16:00,1160,1160,1160,1160,0
2022-09-16 15:17:00,1160,1160,1160,1160,0
2022-09-16 15:18:00,1160,1160,1160,1160,0
2022-09-16 15:19:00,1160,1160,1160,1160,0
2022-09-16 15:20:00,1160,1160,1160,1160,0
2022-09-16 15:21:00,1160,1160,1160,1160,0
2022-09-16 15:22:00,1160,1160,1160,1160,0
2022-09-16 15:23:00,1160,1160,1160,1160,0
2022-09-16 15:24:00,1160,1160,1160,1160,0
2022-09-16 15:25:00,1160,1160,1160,1160,0
2022-09-16 15:26:00,1160,1160,1160,1160,0
2022-09-16 15:27:00,1160,1160,1160,1160,0
2022-09-16 15:28:00,1160,1160,1160,1160,0
2022-09-16 15:29:00,1160,1160,1160,1160,0
2022-09-16 15:30:00,1160,1160,1160,1160,0
2022-09-16 15:31:00,1160,1160,1160,1160,0
2022-09-16 15:32:00,1160,1160,1160,1160,0
2022-09-16 15:33:00,1160,1160,1160,1160,0
2022-09-16 15:34:00,1160,1160,1160,1160,0
2022-09-16 15:35:00,1160,1160,1160,1160,0
2022-09-16 15:36:00,1160,1160,1160,1160,0
2022-09-16 15:37:00,1160,1160,1160,1160,0
2022-09-16 15:38:00,1160,1160,1160,1160,0
2022-09-16 15:39:00,1160,1160,1160,1160,0
2022-09-16 15:40:00,1160,1160,1160,1160,0
2022-09-16 15:41:00,1160,1160,1160,1160,0
2022-09-16 15:42:00,1160,1160,1160,1160,0
2022-09-16 15:43:00,1160,1160,1160,1160,0
2022-09-16 15:44:00,1160,1160,1160,1160,0
2022-09-16 15:45:00,1160,1160,1160,1160,0
2022-09-16 15:46:00,1160,1160,1160,1160,0
2022-09-16 15:47:00,1160,1160,1160,1160,0
2022-09-16 15:48:00,1160,1160,1160,1160,0
2022-09-16 15:49:00,1160,1160,1160,1160,0
2022-09-16 15:50:00,1160,1160,1160,1160,0
2022-09-16 15:51:00,1160,1160,1160,1160,0
2022-09-16 15:52:00,1160,1160,1160,1160,0
2022-09-16 15:53:00,1160,1160,1160,1160,0
2022-09-16 15:54:00,1160,1160,1160,1160,0
2022-09-16 15:55:00,1160,1160,1160,1160,0
2022-09-16 15:56:00,1160,1160,1160,1160,0
2022-09-16 15:57:00,1160,1160,1160,1160,0
2022-09-16 15:58:00,1160,1160,1160,1160,0
2022-09-16 15:59:00,1160,1160,1160,1160,0
2022-09-19 09:00:00,1150,1150,1150,1150,0
2022-09-19 09:01:00,1150,1135,1150,1145,168400
2022-09-19 09:02:00,1140,1140,1145,1145,178600
2022-09-19 09:03:00,1145,1140,1145,1140,178500
2022-09-19 09:04:00,1140,1140,1145,1145,68000
2022-09-19 09:05:00,1145,1145,1145,1145,532400
2022-09-19 09:06:00,1145,1140,1150,1150,91900
2022-09-19 09:07:00,1145,1145,1150,1145,125100
2022-09-19 09:08:00,1145,1140,1145,1145,25800
2022-09-19 09:09:00,1140,1140,1145,1140,9673800
2022-09-19 09:10:00,1140,1135,1150,1150,9396200
2022-09-19 09:11:00,1150,1135,1150,1145,325600
2022-09-19 09:12:00,1145,1140,1145,1145,49100
2022-09-19 09:13:00,1145,1145,1145,1145,0
2022-09-19 09:14:00,1145,1140,1145,1145,21900
2022-09-19 09:15:00,1145,1140,1145,1140,8000
2022-09-19 09:16:00,1145,1145,1145,1145,21100
2022-09-19 09:17:00,1145,1140,1145,1145,114800
2022-09-19 09:18:00,1140,1135,1140,1135,383300
2022-09-19 09:19:00,1130,1125,1135,1125,634300
2022-09-19 09:20:00,1125,1125,1125,1125,212800
2022-09-19 09:21:00,1130,1120,1130,1125,492500
2022-09-19 09:22:00,1125,1125,1130,1125,95300
2022-09-19 09:23:00,1125,1125,1130,1130,325200
2022-09-19 09:24:00,1130,1130,1135,1135,64600
2022-09-19 09:25:00,1135,1130,1135,1130,46000
2022-09-19 09:26:00,1130,1125,1130,1125,50600
2022-09-19 09:27:00,1125,1125,1130,1130,20700
2022-09-19 09:28:00,1130,1125,1130,1125,17700
2022-09-19 09:29:00,1125,1125,1125,1125,32800
2022-09-19 09:30:00,1125,1120,1125,1120,341000
2022-09-19 09:31:00,1120,1120,1125,1125,35400
2022-09-19 09:32:00,1125,1120,1125,1120,279500
2022-09-19 09:33:00,1120,1120,1120,1120,16400
2022-09-19 09:34:00,1120,1120,1120,1120,222900
2022-09-19 09:35:00,1120,1115,1120,1120,376800
2022-09-19 09:36:00,1115,1115,1120,1120,51000
2022-09-19 09:37:00,1120,1120,1125,1125,97200
2022-09-19 09:38:00,1125,1125,1130,1130,183300
2022-09-19 09:39:00,1130,1125,1130,1130,404800
2022-09-19 09:40:00,1130,1130,1130,1130,34100
2022-09-19 09:41:00,1130,1125,1130,1130,5900
2022-09-19 09:42:00,1130,1125,1130,1125,28100
2022-09-19 09:43:00,1130,1125,1130,1125,73900
2022-09-19 09:44:00,1130,1120,1130,1120,838100
2022-09-19 09:45:00,1120,1115,1120,1120,82900
2022-09-19 09:46:00,1120,1115,1120,1120,104500
2022-09-19 09:47:00,1120,1120,1120,1120,9100
2022-09-19 09:48:00,1120,1120,1125,1125,12000
2022-09-19 09:49:00,1125,1120,1125,1120,72600
2022-09-19 09:50:00,1120,1120,1125,1120,90600
2022-09-19 09:51:00,1120,1115,1120,1115,235600
2022-09-19 09:52:00,1115,1110,1120,1115,406600
2022-09-19 09:53:00,1115,1110,1115,1115,75500
2022-09-19 09:54:00,1110,1110,1120,1120,65500
2022-09-19 09:55:00,1115,1115,1120,1115,71500
2022-09-19 09:56:00,1115,1115,1120,1120,6500
2022-09-19 09:57:00,1115,1115,1120,1115,18400
2022-09-19 09:58:00,1120,1115,1120,1115,3200
2022-09-19 09:59:00,1115,1115,1115,1115,38500
2022-09-19 10:00:00,1115,1110,1115,1110,137900
2022-09-19 10:01:00,1110,1110,1115,1115,143600
2022-09-19 10:02:00,1115,1110,1115,1110,110800
2022-09-19 10:03:00,1110,1105,1110,1105,1242100
2022-09-19 10:04:00,1105,1105,1110,1105,126500
2022-09-19 10:05:00,1110,1105,1110,1105,87500
2022-09-19 10:06:00,1105,1105,1110,1110,15500
2022-09-19 10:07:00,1110,1110,1110,1110,245600
2022-09-19 10:08:00,1110,1105,1110,1105,41400
2022-09-19 10:09:00,1105,1105,1110,1110,174700
2022-09-19 10:10:00,1105,1105,1110,1105,485000
2022-09-19 10:11:00,1105,1100,1105,1100,1117900
2022-09-19 10:12:00,1100,1100,1105,1105,165100
2022-09-19 10:13:00,1100,1095,1105,1100,625400
2022-09-19 10:14:00,1100,1095,1105,1095,702300
2022-09-19 10:15:00,1095,1095,1100,1100,760000
2022-09-19 10:16:00,1100,1095,1105,1100,606400
2022-09-19 10:17:00,1100,1100,1105,1100,6900
2022-09-19 10:18:00,1100,1100,1105,1105,57200
2022-09-19 10:19:00,1105,1100,1105,1105,58800
2022-09-19 10:20:00,1105,1100,1105,1105,115200
2022-09-19 10:21:00,1100,1100,1105,1100,7500
2022-09-19 10:22:00,1105,1100,1105,1100,31600
2022-09-19 10:23:00,1100,1100,1100,1100,22100
2022-09-19 10:24:00,1100,1100,1105,1100,24600
2022-09-19 10:25:00,1100,1100,1100,1100,8200
2022-09-19 10:26:00,1105,1105,1105,1105,54900
2022-09-19 10:27:00,1105,1100,1105,1105,0
2022-09-19 10:28:00,1100,1100,1100,1100,0
2022-09-19 10:29:00,1100,1100,1100,1100,31400
2022-09-19 10:30:00,1100,1100,1100,1100,444500
2022-09-19 10:31:00,1095,1095,1095,1095,52500
2022-09-19 10:32:00,1095,1095,1095,1095,50200
2022-09-19 10:33:00,1095,1095,1095,1095,23400
2022-09-19 10:34:00,1095,1095,1095,1095,14100
2022-09-19 10:35:00,1095,1095,1100,1095,19500
2022-09-19 10:36:00,1100,1095,1100,1095,8200
2022-09-19 10:37:00,1095,1095,1095,1095,30100
2022-09-19 10:38:00,1095,1095,1100,1100,42900
2022-09-19 10:39:00,1095,1095,1095,1095,11500
2022-09-19 10:40:00,1095,1095,1095,1095,424900
2022-09-19 10:41:00,1095,1095,1095,1095,0
2022-09-19 10:42:00,1095,1095,1095,1095,12800
2022-09-19 10:43:00,1095,1095,1095,1095,0
2022-09-19 10:44:00,1095,1095,1100,1095,40200
2022-09-19 10:45:00,1095,1095,1095,1095,300
2022-09-19 10:46:00,1095,1095,1095,1095,21700
2022-09-19 10:47:00,1095,1095,1100,1095,12300
2022-09-19 10:48:00,1100,1095,1100,1095,2800
2022-09-19 10:49:00,1095,1095,1095,1095,2100
2022-09-19 10:50:00,1095,1095,1095,1095,35900
2022-09-19 10:51:00,1095,1095,1095,1095,1200
2022-09-19 10:52:00,1100,1095,1100,1095,21300
2022-09-19 10:53:00,1095,1095,1095,1095,0
2022-09-19 10:54:00,1095,1095,1095,1095,4300
2022-09-19 10:55:00,1095,1095,1095,1095,5100
2022-09-19 10:56:00,1095,1095,1100,1095,9400
2022-09-19 10:57:00,1095,1095,1100,1100,28200
2022-09-19 10:58:00,1095,1095,1095,1095,226200
2022-09-19 10:59:00,1095,1090,1095,1090,15400
2022-09-19 11:00:00,1090,1090,1090,1090,335900
2022-09-19 11:01:00,1090,1090,1095,1095,204200
2022-09-19 11:02:00,1090,1090,1090,1090,1061600
2022-09-19 11:03:00,1090,1090,1090,1090,456100
2022-09-19 11:04:00,1090,1090,1090,1090,11300
2022-09-19 11:05:00,1090,1090,1090,1090,110900
2022-09-19 11:06:00,1090,1090,1090,1090,27200
2022-09-19 11:07:00,1090,1090,1090,1090,121000
2022-09-19 11:08:00,1090,1090,1095,1095,15000
2022-09-19 11:09:00,1095,1095,1095,1095,5100
2022-09-19 11:10:00,1090,1090,1090,1090,179000
2022-09-19 11:11:00,1095,1090,1095,1090,0
2022-09-19 11:12:00,1090,1090,1090,1090,300
2022-09-19 11:13:00,1090,1090,1090,1090,398400
2022-09-19 11:14:00,1090,1090,1090,1090,0
2022-09-19 11:15:00,1090,1090,1095,1095,19400
2022-09-19 11:16:00,1090,1090,1095,1095,2700
2022-09-19 11:17:00,1090,1090,1095,1095,0
2022-09-19 11:18:00,1095,1095,1095,1095,100
2022-09-19 11:19:00,1095,1085,1095,1085,1048000
2022-09-19 11:20:00,1090,1090,1090,1090,81600
2022-09-19 11:21:00,1090,1090,1090,1090,3600
2022-09-19 11:22:00,1090,1080,1090,1080,5982400
2022-09-19 11:23:00,1080,1080,1080,1080,204600
2022-09-19 11:24:00,1080,1080,1085,1085,728400
2022-09-19 11:25:00,1085,1080,1085,1080,604000
2022-09-19 11:26:00,1085,1080,1085,1080,20800
2022-09-19 11:27:00,1085,1080,1085,1085,45300
2022-09-19 11:28:00,1080,1080,1085,1080,247800
2022-09-19 11:29:00,1080,1080,1085,1085,264400
2022-09-19 11:30:00,1080,1080,1085,1085,0
2022-09-19 11:31:00,1080,1080,1085,1085,0
2022-09-19 11:32:00,1080,1080,1085,1085,0
2022-09-19 11:33:00,1080,1080,1085,1085,0
2022-09-19 11:34:00,1080,1080,1085,1085,0
2022-09-19 11:35:00,1080,1080,1085,1085,0
2022-09-19 11:36:00,1080,1080,1085,1085,0
2022-09-19 11:37:00,1080,1080,1085,1085,0
2022-09-19 11:38:00,1080,1080,1085,1085,0
2022-09-19 11:39:00,1080,1080,1085,1085,0
2022-09-19 11:40:00,1080,1080,1085,1085,0
2022-09-19 11:41:00,1080,1080,1085,1085,0
2022-09-19 11:42:00,1080,1080,1085,1085,0
2022-09-19 11:43:00,1080,1080,1085,1085,0
2022-09-19 11:44:00,1080,1080,1085,1085,0
2022-09-19 11:45:00,1080,1080,1085,1085,0
2022-09-19 11:46:00,1080,1080,1085,1085,0
2022-09-19 11:47:00,1080,1080,1085,1085,0
2022-09-19 11:48:00,1080,1080,1085,1085,0
2022-09-19 11:49:00,1080,1080,1085,1085,0
2022-09-19 11:50:00,1080,1080,1085,1085,0
2022-09-19 11:51:00,1080,1080,1085,1085,0
2022-09-19 11:52:00,1080,1080,1085,1085,0
2022-09-19 11:53:00,1080,1080,1085,1085,0
2022-09-19 11:54:00,1080,1080,1085,1085,0
2022-09-19 11:55:00,1080,1080,1085,1085,0
2022-09-19 11:56:00,1080,1080,1085,1085,0
2022-09-19 11:57:00,1080,1080,1085,1085,0
2022-09-19 11:58:00,1080,1080,1085,1085,0
2022-09-19 11:59:00,1080,1080,1085,1085,0
2022-09-19 12:00:00,1080,1080,1085,1085,0
2022-09-19 12:01:00,1080,1080,1085,1085,0
2022-09-19 12:02:00,1080,1080,1085,1085,0
2022-09-19 12:03:00,1080,1080,1085,1085,0
2022-09-19 12:04:00,1080,1080,1085,1085,0
2022-09-19 12:05:00,1080,1080,1085,1085,0
2022-09-19 12:06:00,1080,1080,1085,1085,0
2022-09-19 12:07:00,1080,1080,1085,1085,0
2022-09-19 12:08:00,1080,1080,1085,1085,0
2022-09-19 12:09:00,1080,1080,1085,1085,0
2022-09-19 12:10:00,1080,1080,1085,1085,0
2022-09-19 12:11:00,1080,1080,1085,1085,0
2022-09-19 12:12:00,1080,1080,1085,1085,0
2022-09-19 12:13:00,1080,1080,1085,1085,0
2022-09-19 12:14:00,1080,1080,1085,1085,0
2022-09-19 12:15:00,1080,1080,1085,1085,0
2022-09-19 12:16:00,1080,1080,1085,1085,0
2022-09-19 12:17:00,1080,1080,1085,1085,0
2022-09-19 12:18:00,1080,1080,1085,1085,0
2022-09-19 12:19:00,1080,1080,1085,1085,0
2022-09-19 12:20:00,1080,1080,1085,1085,0
2022-09-19 12:21:00,1080,1080,1085,1085,0
2022-09-19 12:22:00,1080,1080,1085,1085,0
2022-09-19 12:23:00,1080,1080,1085,1085,0
2022-09-19 12:24:00,1080,1080,1085,1085,0
2022-09-19 12:25:00,1080,1080,1085,1085,0
2022-09-19 12:26:00,1080,1080,1085,1085,0
2022-09-19 12:27:00,1080,1080,1085,1085,0
2022-09-19 12:28:00,1080,1080,1085,1085,0
2022-09-19 12:29:00,1080,1080,1085,1085,0
2022-09-19 12:30:00,1080,1080,1085,1085,0
2022-09-19 12:31:00,1080,1080,1085,1085,0
2022-09-19 12:32:00,1080,1080,1085,1085,0
2022-09-19 12:33:00,1080,1080,1085,1085,0
2022-09-19 12:34:00,1080,1080,1085,1085,0
2022-09-19 12:35:00,1080,1080,1085,1085,0
2022-09-19 12:36:00,1080,1080,1085,1085,0
2022-09-19 12:37:00,1080,1080,1085,1085,0
2022-09-19 12:38:00,1080,1080,1085,1085,0
2022-09-19 12:39:00,1080,1080,1085,1085,0
2022-09-19 12:40:00,1080,1080,1085,1085,0
2022-09-19 12:41:00,1080,1080,1085,1085,0
2022-09-19 12:42:00,1080,1080,1085,1085,0
2022-09-19 12:43:00,1080,1080,1085,1085,0
2022-09-19 12:44:00,1080,1080,1085,1085,0
2022-09-19 12:45:00,1080,1080,1085,1085,0
2022-09-19 12:46:00,1080,1080,1085,1085,0
2022-09-19 12:47:00,1080,1080,1085,1085,0
2022-09-19 12:48:00,1080,1080,1085,1085,0
2022-09-19 12:49:00,1080,1080,1085,1085,0
2022-09-19 12:50:00,1080,1080,1085,1085,0
2022-09-19 12:51:00,1080,1080,1085,1085,0
2022-09-19 12:52:00,1080,1080,1085,1085,0
2022-09-19 12:53:00,1080,1080,1085,1085,0
2022-09-19 12:54:00,1080,1080,1085,1085,0
2022-09-19 12:55:00,1080,1080,1085,1085,0
2022-09-19 12:56:00,1080,1080,1085,1085,0
2022-09-19 12:57:00,1080,1080,1085,1085,0
2022-09-19 12:58:00,1080,1080,1085,1085,0
2022-09-19 12:59:00,1080,1080,1085,1085,0
2022-09-19 13:00:00,1080,1080,1085,1085,0
2022-09-19 13:01:00,1080,1080,1085,1085,0
2022-09-19 13:02:00,1080,1080,1085,1085,0
2022-09-19 13:03:00,1080,1080,1085,1085,0
2022-09-19 13:04:00,1080,1080,1085,1085,0
2022-09-19 13:05:00,1080,1080,1085,1085,0
2022-09-19 13:06:00,1080,1080,1085,1085,0
2022-09-19 13:07:00,1080,1080,1085,1085,0
2022-09-19 13:08:00,1080,1080,1085,1085,0
2022-09-19 13:09:00,1080,1080,1085,1085,0
2022-09-19 13:10:00,1080,1080,1085,1085,0
2022-09-19 13:11:00,1080,1080,1085,1085,0
2022-09-19 13:12:00,1080,1080,1085,1085,0
2022-09-19 13:13:00,1080,1080,1085,1085,0
2022-09-19 13:14:00,1080,1080,1085,1085,0
2022-09-19 13:15:00,1080,1080,1085,1085,0
2022-09-19 13:16:00,1080,1080,1085,1085,0
2022-09-19 13:17:00,1080,1080,1085,1085,0
2022-09-19 13:18:00,1080,1080,1085,1085,0
2022-09-19 13:19:00,1080,1080,1085,1085,0
2022-09-19 13:20:00,1080,1080,1085,1085,0
2022-09-19 13:21:00,1080,1080,1085,1085,0
2022-09-19 13:22:00,1080,1080,1085,1085,0
2022-09-19 13:23:00,1080,1080,1085,1085,0
2022-09-19 13:24:00,1080,1080,1085,1085,0
2022-09-19 13:25:00,1080,1080,1085,1085,0
2022-09-19 13:26:00,1080,1080,1085,1085,0
2022-09-19 13:27:00,1080,1080,1085,1085,0
2022-09-19 13:28:00,1080,1080,1085,1085,0
2022-09-19 13:29:00,1080,1080,1085,1085,0
2022-09-19 13:30:00,1085,1080,1085,1080,1001600
2022-09-19 13:31:00,1080,1080,1080,1080,163000
2022-09-19 13:32:00,1080,1080,1085,1080,20500
2022-09-19 13:33:00,1080,1080,1085,1080,181200
2022-09-19 13:34:00,1080,1080,1080,1080,227000
2022-09-19 13:35:00,1080,1080,1080,1080,177800
2022-09-19 13:36:00,1080,1080,1080,1080,107300
2022-09-19 13:37:00,1080,1080,1090,1090,565300
2022-09-19 13:38:00,1085,1080,1085,1085,14600
2022-09-19 13:39:00,1085,1080,1085,1080,7600
2022-09-19 13:40:00,1085,1085,1090,1090,660800
2022-09-19 13:41:00,1090,1090,1090,1090,19600
2022-09-19 13:42:00,1090,1090,1095,1095,7200
2022-09-19 13:43:00,1090,1090,1090,1090,115600
2022-09-19 13:44:00,1090,1090,1090,1090,400
2022-09-19 13:45:00,1085,1080,1085,1080,550500
2022-09-19 13:46:00,1080,1080,1085,1080,37200
2022-09-19 13:47:00,1080,1080,1085,1080,8800
2022-09-19 13:48:00,1085,1080,1085,1085,19700
2022-09-19 13:49:00,1085,1080,1085,1085,34600
2022-09-19 13:50:00,1085,1080,1085,1080,914900
2022-09-19 13:51:00,1080,1080,1080,1080,200
2022-09-19 13:52:00,1080,1080,1080,1080,105000
2022-09-19 13:53:00,1080,1080,1080,1080,0
2022-09-19 13:54:00,1080,1080,1080,1080,37700
2022-09-19 13:55:00,1080,1080,1080,1080,800
2022-09-19 13:56:00,1080,1080,1080,1080,31200
2022-09-19 13:57:00,1080,1080,1080,1080,0
2022-09-19 13:58:00,1080,1080,1080,1080,200
2022-09-19 13:59:00,1080,1080,1080,1080,1300
2022-09-19 14:00:00,1080,1080,1080,1080,2300
2022-09-19 14:01:00,1080,1080,1080,1080,1800
2022-09-19 14:02:00,1080,1080,1080,1080,2100
2022-09-19 14:03:00,1080,1080,1080,1080,13000
2022-09-19 14:04:00,1080,1080,1080,1080,4900
2022-09-19 14:05:00,1080,1080,1080,1080,6200
2022-09-19 14:06:00,1080,1080,1080,1080,3400
2022-09-19 14:07:00,1080,1080,1080,1080,100
2022-09-19 14:08:00,1080,1080,1080,1080,900
2022-09-19 14:09:00,1080,1080,1080,1080,300
2022-09-19 14:10:00,1080,1080,1080,1080,2000
2022-09-19 14:11:00,1080,1080,1080,1080,1000
2022-09-19 14:12:00,1080,1080,1080,1080,1700
2022-09-19 14:13:00,1080,1080,1080,1080,0
2022-09-19 14:14:00,1080,1080,1085,1085,1422300
2022-09-19 14:15:00,1085,1085,1090,1090,658000
2022-09-19 14:16:00,1090,1085,1090,1085,172900
2022-09-19 14:17:00,1085,1080,1085,1085,150800
2022-09-19 14:18:00,1085,1085,1085,1085,12400
2022-09-19 14:19:00,1080,1080,1085,1080,76000
2022-09-19 14:20:00,1080,1080,1080,1080,461500
2022-09-19 14:21:00,1080,1080,1080,1080,211200
2022-09-19 14:22:00,1080,1080,1080,1080,5500
2022-09-19 14:23:00,1080,1080,1080,1080,0
2022-09-19 14:24:00,1080,1080,1080,1080,600
2022-09-19 14:25:00,1080,1080,1080,1080,11700
2022-09-19 14:26:00,1080,1080,1090,1090,1534600
2022-09-19 14:27:00,1095,1090,1095,1095,851700
2022-09-19 14:28:00,1095,1090,1095,1090,11200
2022-09-19 14:29:00,1090,1085,1090,1090,787500
2022-09-19 14:30:00,1090,1085,1090,1085,272300
2022-09-19 14:31:00,1085,1080,1085,1080,330800
2022-09-19 14:32:00,1085,1080,1085,1080,32600
2022-09-19 14:33:00,1085,1080,1085,1080,2000
2022-09-19 14:34:00,1085,1085,1085,1085,81400
2022-09-19 14:35:00,1085,1080,1085,1085,66300
2022-09-19 14:36:00,1085,1085,1085,1085,400
2022-09-19 14:37:00,1080,1080,1085,1080,879500
2022-09-19 14:38:00,1080,1080,1085,1080,1211200
2022-09-19 14:39:00,1080,1080,1085,1080,1204900
2022-09-19 14:40:00,1080,1080,1080,1080,4300
2022-09-19 14:41:00,1080,1080,1080,1080,6400
2022-09-19 14:42:00,1080,1080,1080,1080,10300
2022-09-19 14:43:00,1080,1080,1080,1080,93700
2022-09-19 14:44:00,1080,1080,1080,1080,0
2022-09-19 14:45:00,1080,1080,1080,1080,0
2022-09-19 14:46:00,1080,1080,1080,1080,1300
2022-09-19 14:47:00,1080,1080,1080,1080,0
2022-09-19 14:48:00,1080,1080,1080,1080,23700
2022-09-19 14:49:00,1080,1080,1080,1080,100
2022-09-19 14:50:00,1080,1080,1080,1080,0
2022-09-19 14:51:00,1080,1080,1080,1080,0
2022-09-19 14:52:00,1080,1080,1080,1080,0
2022-09-19 14:53:00,1080,1080,1080,1080,0
2022-09-19 14:54:00,1080,1080,1080,1080,0
2022-09-19 14:55:00,1080,1080,1080,1080,0
2022-09-19 14:56:00,1080,1080,1080,1080,0
2022-09-19 14:57:00,1080,1080,1080,1080,0
2022-09-19 14:58:00,1080,1080,1080,1080,0
2022-09-19 14:59:00,1080,1080,1080,1080,0
2022-09-19 15:00:00,1080,1080,1080,1080,54600
2022-09-19 15:01:00,1080,1080,1080,1080,1800
2022-09-19 15:02:00,1080,1080,1080,1080,0
2022-09-19 15:03:00,1080,1080,1080,1080,2700
2022-09-19 15:04:00,1080,1080,1080,1080,0
2022-09-19 15:05:00,1080,1080,1080,1080,0
2022-09-19 15:06:00,1080,1080,1080,1080,1600
2022-09-19 15:07:00,1080,1080,1080,1080,500
2022-09-19 15:08:00,1080,1080,1080,1080,7400
2022-09-19 15:09:00,1080,1080,1080,1080,0
2022-09-19 15:10:00,1080,1080,1080,1080,0
2022-09-19 15:11:00,1080,1080,1080,1080,0
2022-09-19 15:12:00,1080,1080,1080,1080,64227300
2022-09-19 15:13:00,1080,1080,1080,1080,0
2022-09-19 15:14:00,1080,1080,1080,1080,0
2022-09-19 15:15:00,1080,1080,1080,1080,0
2022-09-19 15:16:00,1080,1080,1080,1080,0
2022-09-19 15:17:00,1080,1080,1080,1080,0
2022-09-19 15:18:00,1080,1080,1080,1080,0
2022-09-19 15:19:00,1080,1080,1080,1080,0
2022-09-19 15:20:00,1080,1080,1080,1080,0
2022-09-19 15:21:00,1080,1080,1080,1080,0
2022-09-19 15:22:00,1080,1080,1080,1080,0
2022-09-19 15:23:00,1080,1080,1080,1080,0
2022-09-19 15:24:00,1080,1080,1080,1080,0
2022-09-19 15:25:00,1080,1080,1080,1080,0
2022-09-19 15:26:00,1080,1080,1080,1080,0
2022-09-19 15:27:00,1080,1080,1080,1080,0
2022-09-19 15:28:00,1080,1080,1080,1080,0
2022-09-19 15:29:00,1080,1080,1080,1080,0
2022-09-19 15:30:00,1080,1080,1080,1080,0
2022-09-19 15:31:00,1080,1080,1080,1080,0
2022-09-19 15:32:00,1080,1080,1080,1080,0
2022-09-19 15:33:00,1080,1080,1080,1080,0
2022-09-19 15:34:00,1080,1080,1080,1080,0
2022-09-19 15:35:00,1080,1080,1080,1080,0
2022-09-19 15:36:00,1080,1080,1080,1080,0
2022-09-19 15:37:00,1080,1080,1080,1080,0
2022-09-19 15:38:00,1080,1080,1080,1080,0
2022-09-19 15:39:00,1080,1080,1080,1080,0
2022-09-19 15:40:00,1080,1080,1080,1080,0
2022-09-19 15:41:00,1080,1080,1080,1080,0
2022-09-19 15:42:00,1080,1080,1080,1080,0
2022-09-19 15:43:00,1080,1080,1080,1080,0
2022-09-19 15:44:00,1080,1080,1080,1080,0
2022-09-19 15:45:00,1080,1080,1080,1080,0
2022-09-19 15:46:00,1080,1080,1080,1080,0
2022-09-19 15:47:00,1080,1080,1080,1080,0
2022-09-19 15:48:00,1080,1080,1080,1080,0
2022-09-19 15:49:00,1080,1080,1080,1080,0
2022-09-19 15:50:00,1080,1080,1080,1080,0
2022-09-19 15:51:00,1080,1080,1080,1080,0
2022-09-19 15:52:00,1080,1080,1080,1080,0
2022-09-19 15:53:00,1080,1080,1080,1080,0
2022-09-19 15:54:00,1080,1080,1080,1080,0
2022-09-19 15:55:00,1080,1080,1080,1080,0
2022-09-19 15:56:00,1080,1080,1080,1080,0
2022-09-19 15:57:00,1080,1080,1080,1080,0
2022-09-19 15:58:00,1080,1080,1080,1080,0
2022-09-19 15:59:00,1080,1080,1080,1080,0
2022-09-20 09:00:00,1075,1040,1075,1040,0
2022-09-20 09:01:00,1040,1025,1050,1040,456300
2022-09-20 09:02:00,1040,1040,1045,1040,222700
2022-09-20 09:03:00,1045,1035,1045,1040,532800
2022-09-20 09:04:00,1040,1040,1075,1050,884100
2022-09-20 09:05:00,1045,1040,1070,1040,1248900
2022-09-20 09:06:00,1055,1040,1055,1040,121000
2022-09-20 09:07:00,1040,1040,1045,1040,29300
2022-09-20 09:08:00,1040,1040,1045,1040,12700
2022-09-20 09:09:00,1040,1035,1045,1035,249100
2022-09-20 09:10:00,1035,1020,1035,1020,1571900
2022-09-20 09:11:00,1030,1015,1030,1025,442100
2022-09-20 09:12:00,1025,1010,1030,1015,617100
2022-09-20 09:13:00,1015,1010,1020,1010,716300
2022-09-20 09:14:00,1015,1010,1025,1025,559200
2022-09-20 09:15:00,1025,1015,1025,1015,380400
2022-09-20 09:16:00,1020,1015,1045,1025,796600
2022-09-20 09:17:00,1025,1025,1025,1025,190800
2022-09-20 09:18:00,1025,1025,1035,1030,274200
2022-09-20 09:19:00,1030,1030,1040,1040,289500
2022-09-20 09:20:00,1040,1035,1045,1045,193500
2022-09-20 09:21:00,1035,1035,1040,1040,0
2022-09-20 09:22:00,1035,1035,1040,1040,83000
2022-09-20 09:23:00,1040,1040,1040,1040,12300
2022-09-20 09:24:00,1040,1040,1040,1040,0
2022-09-20 09:25:00,1040,1040,1045,1045,225400
2022-09-20 09:26:00,1045,1040,1050,1050,145800
2022-09-20 09:27:00,1050,1050,1055,1055,174600
2022-09-20 09:28:00,1055,1055,1060,1055,280300
2022-09-20 09:29:00,1055,1040,1055,1040,412300
2022-09-20 09:30:00,1035,1030,1040,1035,463900
2022-09-20 09:31:00,1030,1025,1035,1035,267700
2022-09-20 09:32:00,1035,1035,1040,1035,25800
2022-09-20 09:33:00,1035,1035,1040,1040,109400
2022-09-20 09:34:00,1040,1035,1040,1040,59700
2022-09-20 09:35:00,1040,1035,1040,1040,208900
2022-09-20 09:36:00,1040,1040,1040,1040,58400
2022-09-20 09:37:00,1040,1035,1040,1035,60700
2022-09-20 09:38:00,1035,1035,1035,1035,50200
2022-09-20 09:39:00,1035,1035,1035,1035,1600
2022-09-20 09:40:00,1035,1035,1040,1040,28200
2022-09-20 09:41:00,1035,1035,1040,1040,4900
2022-09-20 09:42:00,1040,1035,1040,1040,16600
2022-09-20 09:43:00,1035,1035,1040,1040,14800
2022-09-20 09:44:00,1040,1040,1040,1040,400
2022-09-20 09:45:00,1040,1035,1040,1035,131400
2022-09-20 09:46:00,1030,1030,1030,1030,348900
2022-09-20 09:47:00,1030,1030,1030,1030,39800
2022-09-20 09:48:00,1025,1020,1025,1020,1081900
2022-09-20 09:49:00,1025,1015,1025,1015,283700
2022-09-20 09:50:00,1015,1005,1020,1005,3986400
2022-09-20 09:51:00,1005,1005,1005,1005,299700
2022-09-20 09:52:00,1005,1005,1005,1005,496700
2022-09-20 09:53:00,1005,1005,1005,1005,85300
2022-09-20 09:54:00,1005,1005,1005,1005,27800
2022-09-20 09:55:00,1005,1005,1005,1005,16700
2022-09-20 09:56:00,1005,1005,1005,1005,2700
2022-09-20 09:57:00,1005,1005,1005,1005,31600
2022-09-20 09:58:00,1005,1005,1005,1005,90800
2022-09-20 09:59:00,1005,1005,1005,1005,80800
2022-09-20 10:00:00,1005,1005,1005,1005,4300
2022-09-20 10:01:00,1005,1005,1005,1005,2300
2022-09-20 10:02:00,1005,1005,1005,1005,30900
2022-09-20 10:03:00,1005,1005,1005,1005,17000
2022-09-20 10:04:00,1005,1005,1005,1005,51100
2022-09-20 10:05:00,1005,1005,1005,1005,20400
2022-09-20 10:06:00,1005,1005,1005,1005,1100
2022-09-20 10:07:00,1005,1005,1005,1005,12700
2022-09-20 10:08:00,1005,1005,1005,1005,13600
2022-09-20 10:09:00,1005,1005,1005,1005,0
2022-09-20 10:10:00,1005,1005,1005,1005,8500
2022-09-20 10:11:00,1005,1005,1005,1005,23400
2022-09-20 10:12:00,1005,1005,1005,1005,10600
2022-09-20 10:13:00,1005,1005,1005,1005,195400
2022-09-20 10:14:00,1005,1005,1005,1005,0
2022-09-20 10:15:00,1005,1005,1005,1005,1011400
2022-09-20 10:16:00,1005,1005,1005,1005,98300
2022-09-20 10:17:00,1005,1005,1005,1005,0
2022-09-20 10:18:00,1005,1005,1005,1005,800
2022-09-20 10:19:00,1005,1005,1005,1005,100
2022-09-20 10:20:00,1005,1005,1005,1005,22000
2022-09-20 10:21:00,1005,1005,1005,1005,27900
2022-09-20 10:22:00,1005,1005,1005,1005,1500
2022-09-20 10:23:00,1005,1005,1005,1005,25000
2022-09-20 10:24:00,1005,1005,1005,1005,0
2022-09-20 10:25:00,1005,1005,1005,1005,4300
2022-09-20 10:26:00,1005,1005,1005,1005,25000
2022-09-20 10:27:00,1005,1005,1005,1005,0
2022-09-20 10:28:00,1005,1005,1005,1005,24000
2022-09-20 10:29:00,1005,1005,1005,1005,134300
2022-09-20 10:30:00,1005,1005,1005,1005,0
2022-09-20 10:31:00,1005,1005,1005,1005,26200
2022-09-20 10:32:00,1005,1005,1005,1005,12000
2022-09-20 10:33:00,1005,1005,1005,1005,11200
2022-09-20 10:34:00,1005,1005,1005,1005,6700
2022-09-20 10:35:00,1005,1005,1005,1005,0
2022-09-20 10:36:00,1005,1005,1005,1005,8600
2022-09-20 10:37:00,1005,1005,1005,1005,35100
2022-09-20 10:38:00,1005,1005,1005,1005,0
2022-09-20 10:39:00,1005,1005,1005,1005,0
2022-09-20 10:40:00,1005,1005,1005,1005,800
2022-09-20 10:41:00,1005,1005,1005,1005,99500
2022-09-20 10:42:00,1005,1005,1005,1005,0
2022-09-20 10:43:00,1005,1005,1005,1005,88300
2022-09-20 10:44:00,1005,1005,1005,1005,0
2022-09-20 10:45:00,1005,1005,1005,1005,0
2022-09-20 10:46:00,1005,1005,1005,1005,0
2022-09-20 10:47:00,1005,1005,1005,1005,0
2022-09-20 10:48:00,1005,1005,1005,1005,0
2022-09-20 10:49:00,1005,1005,1005,1005,25700
2022-09-20 10:50:00,1005,1005,1005,1005,1100
2022-09-20 10:51:00,1005,1005,1005,1005,11500
2022-09-20 10:52:00,1005,1005,1005,1005,22100
2022-09-20 10:53:00,1005,1005,1005,1005,0
2022-09-20 10:54:00,1005,1005,1005,1005,0
2022-09-20 10:55:00,1005,1005,1005,1005,1400
2022-09-20 10:56:00,1005,1005,1005,1005,0
2022-09-20 10:57:00,1005,1005,1005,1005,200
2022-09-20 10:58:00,1005,1005,1005,1005,200
2022-09-20 10:59:00,1005,1005,1005,1005,126800
2022-09-20 11:00:00,1005,1005,1005,1005,1500
2022-09-20 11:01:00,1005,1005,1005,1005,5000
2022-09-20 11:02:00,1005,1005,1005,1005,7800
2022-09-20 11:03:00,1005,1005,1005,1005,1095000
2022-09-20 11:04:00,1005,1005,1005,1005,183500
2022-09-20 11:05:00,1005,1005,1005,1005,0
2022-09-20 11:06:00,1005,1005,1005,1005,59700
2022-09-20 11:07:00,1005,1005,1005,1005,0
2022-09-20 11:08:00,1005,1005,1005,1005,193200
2022-09-20 11:09:00,1005,1005,1005,1005,20800
2022-09-20 11:10:00,1005,1005,1005,1005,0
2022-09-20 11:11:00,1005,1005,1005,1005,3000
2022-09-20 11:12:00,1005,1005,1005,1005,2800
2022-09-20 11:13:00,1005,1005,1005,1005,0
2022-09-20 11:14:00,1005,1005,1005,1005,1356200
2022-09-20 11:15:00,1005,1005,1005,1005,0
2022-09-20 11:16:00,1005,1005,1005,1005,65400
2022-09-20 11:17:00,1005,1005,1005,1005,0
2022-09-20 11:18:00,1005,1005,1005,1005,191600
2022-09-20 11:19:00,1005,1005,1005,1005,404600
2022-09-20 11:20:00,1005,1005,1010,1010,1890300
2022-09-20 11:21:00,1010,1005,1010,1005,43200
2022-09-20 11:22:00,1005,1005,1010,1010,1200
2022-09-20 11:23:00,1005,1005,1010,1005,57800
2022-09-20 11:24:00,1005,1005,1005,1005,0
2022-09-20 11:25:00,1005,1005,1005,1005,461200
2022-09-20 11:26:00,1005,1005,1005,1005,26500
2022-09-20 11:27:00,1005,1005,1005,1005,164700
2022-09-20 11:28:00,1010,1005,1010,1005,743500
2022-09-20 11:29:00,1005,1005,1005,1005,0
2022-09-20 11:30:00,1005,1005,1005,1005,0
2022-09-20 11:31:00,1005,1005,1005,1005,0
2022-09-20 11:32:00,1005,1005,1005,1005,0
2022-09-20 11:33:00,1005,1005,1005,1005,0
2022-09-20 11:34:00,1005,1005,1005,1005,0
2022-09-20 11:35:00,1005,1005,1005,1005,0
2022-09-20 11:36:00,1005,1005,1005,1005,0
2022-09-20 11:37:00,1005,1005,1005,1005,0
2022-09-20 11:38:00,1005,1005,1005,1005,0
2022-09-20 11:39:00,1005,1005,1005,1005,0
2022-09-20 11:40:00,1005,1005,1005,1005,0
2022-09-20 11:41:00,1005,1005,1005,1005,0
2022-09-20 11:42:00,1005,1005,1005,1005,0
2022-09-20 11:43:00,1005,1005,1005,1005,0
2022-09-20 11:44:00,1005,1005,1005,1005,0
2022-09-20 11:45:00,1005,1005,1005,1005,0
2022-09-20 11:46:00,1005,1005,1005,1005,0
2022-09-20 11:47:00,1005,1005,1005,1005,0
2022-09-20 11:48:00,1005,1005,1005,1005,0
2022-09-20 11:49:00,1005,1005,1005,1005,0
2022-09-20 11:50:00,1005,1005,1005,1005,0
2022-09-20 11:51:00,1005,1005,1005,1005,0
2022-09-20 11:52:00,1005,1005,1005,1005,0
2022-09-20 11:53:00,1005,1005,1005,1005,0
2022-09-20 11:54:00,1005,1005,1005,1005,0
2022-09-20 11:55:00,1005,1005,1005,1005,0
2022-09-20 11:56:00,1005,1005,1005,1005,0
2022-09-20 11:57:00,1005,1005,1005,1005,0
2022-09-20 11:58:00,1005,1005,1005,1005,0
2022-09-20 11:59:00,1005,1005,1005,1005,0
2022-09-20 12:00:00,1005,1005,1005,1005,0
2022-09-20 12:01:00,1005,1005,1005,1005,0
2022-09-20 12:02:00,1005,1005,1005,1005,0
2022-09-20 12:03:00,1005,1005,1005,1005,0
2022-09-20 12:04:00,1005,1005,1005,1005,0
2022-09-20 12:05:00,1005,1005,1005,1005,0
2022-09-20 12:06:00,1005,1005,1005,1005,0
2022-09-20 12:07:00,1005,1005,1005,1005,0
2022-09-20 12:08:00,1005,1005,1005,1005,0
2022-09-20 12:09:00,1005,1005,1005,1005,0
2022-09-20 12:10:00,1005,1005,1005,1005,0
2022-09-20 12:11:00,1005,1005,1005,1005,0
2022-09-20 12:12:00,1005,1005,1005,1005,0
2022-09-20 12:13:00,1005,1005,1005,1005,0
2022-09-20 12:14:00,1005,1005,1005,1005,0
2022-09-20 12:15:00,1005,1005,1005,1005,0
2022-09-20 12:16:00,1005,1005,1005,1005,0
2022-09-20 12:17:00,1005,1005,1005,1005,0
2022-09-20 12:18:00,1005,1005,1005,1005,0
2022-09-20 12:19:00,1005,1005,1005,1005,0
2022-09-20 12:20:00,1005,1005,1005,1005,0
2022-09-20 12:21:00,1005,1005,1005,1005,0
2022-09-20 12:22:00,1005,1005,1005,1005,0
2022-09-20 12:23:00,1005,1005,1005,1005,0
2022-09-20 12:24:00,1005,1005,1005,1005,0
2022-09-20 12:25:00,1005,1005,1005,1005,0
2022-09-20 12:26:00,1005,1005,1005,1005,0
2022-09-20 12:27:00,1005,1005,1005,1005,0
2022-09-20 12:28:00,1005,1005,1005,1005,0
2022-09-20 12:29:00,1005,1005,1005,1005,0
2022-09-20 12:30:00,1005,1005,1005,1005,0
2022-09-20 12:31:00,1005,1005,1005,1005,0
2022-09-20 12:32:00,1005,1005,1005,1005,0
2022-09-20 12:33:00,1005,1005,1005,1005,0
2022-09-20 12:34:00,1005,1005,1005,1005,0
2022-09-20 12:35:00,1005,1005,1005,1005,0
2022-09-20 12:36:00,1005,1005,1005,1005,0
2022-09-20 12:37:00,1005,1005,1005,1005,0
2022-09-20 12:38:00,1005,1005,1005,1005,0
2022-09-20 12:39:00,1005,1005,1005,1005,0
2022-09-20 12:40:00,1005,1005,1005,1005,0
2022-09-20 12:41:00,1005,1005,1005,1005,0
2022-09-20 12:42:00,1005,1005,1005,1005,0
2022-09-20 12:43:00,1005,1005,1005,1005,0
2022-09-20 12:44:00,1005,1005,1005,1005,0
2022-09-20 12:45:00,1005,1005,1005,1005,0
2022-09-20 12:46:00,1005,1005,1005,1005,0
2022-09-20 12:47:00,1005,1005,1005,1005,0
2022-09-20 12:48:00,1005,1005,1005,1005,0
2022-09-20 12:49:00,1005,1005,1005,1005,0
2022-09-20 12:50:00,1005,1005,1005,1005,0
2022-09-20 12:51:00,1005,1005,1005,1005,0
2022-09-20 12:52:00,1005,1005,1005,1005,0
2022-09-20 12:53:00,1005,1005,1005,1005,0
2022-09-20 12:54:00,1005,1005,1005,1005,0
2022-09-20 12:55:00,1005,1005,1005,1005,0
2022-09-20 12:56:00,1005,1005,1005,1005,0
2022-09-20 12:57:00,1005,1005,1005,1005,0
2022-09-20 12:58:00,1005,1005,1005,1005,0
2022-09-20 12:59:00,1005,1005,1005,1005,0
2022-09-20 13:00:00,1005,1005,1005,1005,0
2022-09-20 13:01:00,1005,1005,1005,1005,0
2022-09-20 13:02:00,1005,1005,1005,1005,0
2022-09-20 13:03:00,1005,1005,1005,1005,0
2022-09-20 13:04:00,1005,1005,1005,1005,0
2022-09-20 13:05:00,1005,1005,1005,1005,0
2022-09-20 13:06:00,1005,1005,1005,1005,0
2022-09-20 13:07:00,1005,1005,1005,1005,0
2022-09-20 13:08:00,1005,1005,1005,1005,0
2022-09-20 13:09:00,1005,1005,1005,1005,0
2022-09-20 13:10:00,1005,1005,1005,1005,0
2022-09-20 13:11:00,1005,1005,1005,1005,0
2022-09-20 13:12:00,1005,1005,1005,1005,0
2022-09-20 13:13:00,1005,1005,1005,1005,0
2022-09-20 13:14:00,1005,1005,1005,1005,0
2022-09-20 13:15:00,1005,1005,1005,1005,0
2022-09-20 13:16:00,1005,1005,1005,1005,0
2022-09-20 13:17:00,1005,1005,1005,1005,0
2022-09-20 13:18:00,1005,1005,1005,1005,0
2022-09-20 13:19:00,1005,1005,1005,1005,0
2022-09-20 13:20:00,1005,1005,1005,1005,0
2022-09-20 13:21:00,1005,1005,1005,1005,0
2022-09-20 13:22:00,1005,1005,1005,1005,0
2022-09-20 13:23:00,1005,1005,1005,1005,0
2022-09-20 13:24:00,1005,1005,1005,1005,0
2022-09-20 13:25:00,1005,1005,1005,1005,0
2022-09-20 13:26:00,1005,1005,1005,1005,0
2022-09-20 13:27:00,1005,1005,1005,1005,0
2022-09-20 13:28:00,1005,1005,1005,1005,0
2022-09-20 13:29:00,1005,1005,1005,1005,0
2022-09-20 13:30:00,1005,1005,1010,1005,1706800
2022-09-20 13:31:00,1005,1005,1005,1005,0
2022-09-20 13:32:00,1010,1005,1010,1010,12900
2022-09-20 13:33:00,1010,1005,1015,1010,632200
2022-09-20 13:34:00,1010,1010,1010,1010,246900
2022-09-20 13:35:00,1010,1005,1010,1010,56700
2022-09-20 13:36:00,1005,1005,1010,1010,227900
2022-09-20 13:37:00,1005,1005,1010,1005,828000
2022-09-20 13:38:00,1005,1005,1010,1005,67700
2022-09-20 13:39:00,1005,1005,1005,1005,38300
2022-09-20 13:40:00,1005,1005,1005,1005,6400
2022-09-20 13:41:00,1005,1005,1005,1005,0
2022-09-20 13:42:00,1005,1005,1005,1005,100
2022-09-20 13:43:00,1005,1005,1005,1005,0
2022-09-20 13:44:00,1005,1005,1005,1005,4900
2022-09-20 13:45:00,1005,1005,1005,1005,1091000
2022-09-20 13:46:00,1005,1005,1015,1015,1508400
2022-09-20 13:47:00,1010,1010,1020,1020,266600
2022-09-20 13:48:00,1020,1010,1025,1010,741200
2022-09-20 13:49:00,1015,1010,1015,1010,33200
2022-09-20 13:50:00,1010,1005,1015,1005,1144400
2022-09-20 13:51:00,1005,1005,1010,1010,5200
2022-09-20 13:52:00,1010,1005,1010,1010,39900
2022-09-20 13:53:00,1010,1010,1010,1010,1100
2022-09-20 13:54:00,1010,1005,1010,1005,2000
2022-09-20 13:55:00,1005,1005,1005,1005,11700
2022-09-20 13:56:00,1010,1010,1015,1015,359100
2022-09-20 13:57:00,1015,1010,1015,1015,53400
2022-09-20 13:58:00,1015,1015,1015,1015,36700
2022-09-20 13:59:00,1015,1010,1015,1010,47500
2022-09-20 14:00:00,1010,1010,1010,1010,56300
2022-09-20 14:01:00,1010,1010,1010,1010,25400
2022-09-20 14:02:00,1010,1010,1010,1010,45000
2022-09-20 14:03:00,1010,1005,1010,1010,150100
2022-09-20 14:04:00,1010,1005,1010,1005,6200
2022-09-20 14:05:00,1010,1005,1010,1005,7300
2022-09-20 14:06:00,1010,1005,1010,1005,5700
2022-09-20 14:07:00,1005,1005,1005,1005,3700
2022-09-20 14:08:00,1005,1005,1010,1010,23400
2022-09-20 14:09:00,1005,1005,1005,1005,20900
2022-09-20 14:10:00,1005,1005,1005,1005,1062800
2022-09-20 14:11:00,1005,1005,1005,1005,59400
2022-09-20 14:12:00,1005,1005,1005,1005,8800
2022-09-20 14:13:00,1005,1005,1005,1005,16100
2022-09-20 14:14:00,1005,1005,1005,1005,3600
2022-09-20 14:15:00,1005,1005,1005,1005,7700
2022-09-20 14:16:00,1005,1005,1005,1005,0
2022-09-20 14:17:00,1005,1005,1005,1005,0
2022-09-20 14:18:00,1005,1005,1005,1005,900
2022-09-20 14:19:00,1005,1005,1005,1005,700
2022-09-20 14:20:00,1005,1005,1005,1005,0
2022-09-20 14:21:00,1005,1005,1005,1005,0
2022-09-20 14:22:00,1005,1005,1005,1005,62500
2022-09-20 14:23:00,1005,1005,1005,1005,900
2022-09-20 14:24:00,1005,1005,1005,1005,0
2022-09-20 14:25:00,1005,1005,1005,1005,0
2022-09-20 14:26:00,1005,1005,1005,1005,27700
2022-09-20 14:27:00,1005,1005,1005,1005,0
2022-09-20 14:28:00,1005,1005,1005,1005,0
2022-09-20 14:29:00,1005,1005,1005,1005,1549200
2022-09-20 14:30:00,1005,1005,1010,1005,4000
2022-09-20 14:31:00,1005,1005,1005,1005,552000
2022-09-20 14:32:00,1010,1005,1010,1005,49000
2022-09-20 14:33:00,1005,1005,1010,1010,3700
2022-09-20 14:34:00,1005,1005,1005,1005,41600
2022-09-20 14:35:00,1005,1005,1005,1005,46400
2022-09-20 14:36:00,1005,1005,1005,1005,258500
2022-09-20 14:37:00,1005,1005,1005,1005,208500
2022-09-20 14:38:00,1005,1005,1005,1005,0
2022-09-20 14:39:00,1005,1005,1005,1005,20500
2022-09-20 14:40:00,1005,1005,1005,1005,500
2022-09-20 14:41:00,1005,1005,1005,1005,100
2022-09-20 14:42:00,1005,1005,1005,1005,100
2022-09-20 14:43:00,1005,1005,1005,1005,0
2022-09-20 14:44:00,1005,1005,1005,1005,3300
2022-09-20 14:45:00,1005,1005,1005,1005,622700
2022-09-20 14:46:00,1010,1010,1025,1025,655800
2022-09-20 14:47:00,1025,1025,1030,1030,813500
2022-09-20 14:48:00,1030,1020,1030,1020,426500
2022-09-20 14:49:00,1020,1020,1025,1025,385100
2022-09-20 14:50:00,1020,1020,1025,1025,0
2022-09-20 14:51:00,1020,1020,1025,1025,0
2022-09-20 14:52:00,1020,1020,1025,1025,0
2022-09-20 14:53:00,1020,1020,1025,1025,0
2022-09-20 14:54:00,1020,1020,1025,1025,0
2022-09-20 14:55:00,1020,1020,1025,1025,0
2022-09-20 14:56:00,1020,1020,1025,1025,0
2022-09-20 14:57:00,1020,1020,1025,1025,0
2022-09-20 14:58:00,1020,1020,1025,1025,0
2022-09-20 14:59:00,1020,1020,1025,1025,0
2022-09-20 15:00:00,1040,1040,1040,1040,4208200
2022-09-20 15:01:00,1040,1040,1040,1040,61100
2022-09-20 15:02:00,1040,1040,1040,1040,229700
2022-09-20 15:03:00,1040,1040,1040,1040,64500
2022-09-20 15:04:00,1040,1040,1040,1040,0
2022-09-20 15:05:00,1040,1040,1040,1040,14400
2022-09-20 15:06:00,1040,1040,1040,1040,16200
2022-09-20 15:07:00,1040,1040,1040,1040,600
2022-09-20 15:08:00,1040,1040,1040,1040,1000
2022-09-20 15:09:00,1040,1040,1040,1040,700
2022-09-20 15:10:00,1040,1040,1040,1040,2200
2022-09-20 15:11:00,1040,1040,1040,1040,2900
2022-09-20 15:12:00,1040,1040,1040,1040,300
2022-09-20 15:13:00,1040,1040,1040,1040,18000
2022-09-20 15:14:00,1040,1040,1040,1040,49720500
2022-09-20 15:15:00,1040,1040,1040,1040,0
2022-09-20 15:16:00,1040,1040,1040,1040,0
2022-09-20 15:17:00,1040,1040,1040,1040,0
2022-09-20 15:18:00,1040,1040,1040,1040,0
2022-09-20 15:19:00,1040,1040,1040,1040,0
2022-09-20 15:20:00,1040,1040,1040,1040,0
2022-09-20 15:21:00,1040,1040,1040,1040,0
2022-09-20 15:22:00,1040,1040,1040,1040,0
2022-09-20 15:23:00,1040,1040,1040,1040,0
2022-09-20 15:24:00,1040,1040,1040,1040,0
2022-09-20 15:25:00,1040,1040,1040,1040,0
2022-09-20 15:26:00,1040,1040,1040,1040,0
2022-09-20 15:27:00,1040,1040,1040,1040,0
2022-09-20 15:28:00,1040,1040,1040,1040,0
2022-09-20 15:29:00,1040,1040,1040,1040,0
2022-09-20 15:30:00,1040,1040,1040,1040,0
2022-09-20 15:31:00,1040,1040,1040,1040,0
2022-09-20 15:32:00,1040,1040,1040,1040,0
2022-09-20 15:33:00,1040,1040,1040,1040,0
2022-09-20 15:34:00,1040,1040,1040,1040,0
2022-09-20 15:35:00,1040,1040,1040,1040,0
2022-09-20 15:36:00,1040,1040,1040,1040,0
2022-09-20 15:37:00,1040,1040,1040,1040,0
2022-09-20 15:38:00,1040,1040,1040,1040,0
2022-09-20 15:39:00,1040,1040,1040,1040,0
2022-09-20 15:40:00,1040,1040,1040,1040,0
2022-09-20 15:41:00,1040,1040,1040,1040,0
2022-09-20 15:42:00,1040,1040,1040,1040,0
2022-09-20 15:43:00,1040,1040,1040,1040,0
2022-09-20 15:44:00,1040,1040,1040,1040,0
2022-09-20 15:45:00,1040,1040,1040,1040,0
2022-09-20 15:46:00,1040,1040,1040,1040,0
2022-09-20 15:47:00,1040,1040,1040,1040,0
2022-09-20 15:48:00,1040,1040,1040,1040,0
2022-09-20 15:49:00,1040,1040,1040,1040,0
2022-09-20 15:50:00,1040,1040,1040,1040,0
2022-09-20 15:51:00,1040,1040,1040,1040,0
2022-09-20 15:52:00,1040,1040,1040,1040,0
2022-09-20 15:53:00,1040,1040,1040,1040,0
2022-09-20 15:54:00,1040,1040,1040,1040,0
2022-09-20 15:55:00,1040,1040,1040,1040,0
2022-09-20 15:56:00,1040,1040,1040,1040,0
2022-09-20 15:57:00,1040,1040,1040,1040,0
2022-09-20 15:58:00,1040,1040,1040,1040,0
2022-09-20 15:59:00,1040,1040,1040,1040,0
2022-09-21 09:00:00,1025,1025,1035,1025,0
2022-09-21 09:01:00,1025,1005,1025,1005,599100
2022-09-21 09:02:00,1005,995,1015,1015,112900
2022-09-21 09:03:00,1015,1015,1025,1025,127900
2022-09-21 09:04:00,1025,1020,1025,1025,105000
2022-09-21 09:05:00,1020,1015,1020,1020,1438700
2022-09-21 09:06:00,1020,1020,1025,1025,109100
2022-09-21 09:07:00,1020,1020,1025,1025,0
2022-09-21 09:08:00,1025,1025,1030,1025,33100
2022-09-21 09:09:00,1025,1020,1040,1040,12230500
2022-09-21 09:10:00,1030,1030,1040,1035,12172600
2022-09-21 09:11:00,1035,1035,1040,1040,78700
2022-09-21 09:12:00,1035,1035,1040,1040,312500
2022-09-21 09:13:00,1040,1030,1045,1030,1368500
2022-09-21 09:14:00,1030,1030,1035,1035,634100
2022-09-21 09:15:00,1035,1020,1040,1020,1170200
2022-09-21 09:16:00,1020,1020,1025,1020,271300
2022-09-21 09:17:00,1025,1020,1025,1025,47800
2022-09-21 09:18:00,1025,1020,1025,1020,8400
2022-09-21 09:19:00,1025,1020,1025,1020,3700
2022-09-21 09:20:00,1020,1015,1020,1015,117200
2022-09-21 09:21:00,1015,1015,1020,1015,97300
2022-09-21 09:22:00,1015,1015,1015,1015,42900
2022-09-21 09:23:00,1015,1015,1020,1015,233700
2022-09-21 09:24:00,1020,1015,1020,1015,45900
2022-09-21 09:25:00,1015,1015,1015,1015,0
2022-09-21 09:26:00,1015,1010,1015,1010,56600
2022-09-21 09:27:00,1010,1005,1015,1005,195100
2022-09-21 09:28:00,1005,1000,1005,1000,251800
2022-09-21 09:29:00,1005,1005,1015,1015,163500
2022-09-21 09:30:00,1020,1020,1025,1025,129300
2022-09-21 09:31:00,1025,1020,1025,1020,6200
2022-09-21 09:32:00,1015,1015,1015,1015,61500
2022-09-21 09:33:00,1015,1015,1015,1015,59100
2022-09-21 09:34:00,1015,1015,1015,1015,0
2022-09-21 09:35:00,1015,1010,1015,1010,10000
2022-09-21 09:36:00,1010,1005,1010,1010,34700
2022-09-21 09:37:00,1005,1005,1010,1010,27200
2022-09-21 09:38:00,1010,1010,1010,1010,91000
2022-09-21 09:39:00,1010,1010,1010,1010,0
2022-09-21 09:40:00,1010,1010,1015,1015,17500
2022-09-21 09:41:00,1010,1010,1015,1015,1200
2022-09-21 09:42:00,1010,1000,1010,1000,190500
2022-09-21 09:43:00,1005,1000,1005,1000,14100
2022-09-21 09:44:00,1000,995,1020,1000,697400
2022-09-21 09:45:00,1000,995,1020,1005,1205400
2022-09-21 09:46:00,1005,1000,1010,1010,54800
2022-09-21 09:47:00,1005,1000,1005,1005,62600
2022-09-21 09:48:00,1005,1005,1005,1005,13300
2022-09-21 09:49:00,1000,1000,1010,1010,4100
2022-09-21 09:50:00,1010,1010,1010,1010,100
2022-09-21 09:51:00,1010,1000,1010,1000,67700
2022-09-21 09:52:00,1000,1000,1005,1000,42000
2022-09-21 09:53:00,1000,1000,1005,1000,13500
2022-09-21 09:54:00,1000,1000,1000,1000,2700
2022-09-21 09:55:00,1005,1005,1005,1005,4200
2022-09-21 09:56:00,1005,1005,1005,1005,6200
2022-09-21 09:57:00,1005,1005,1005,1005,14000
2022-09-21 09:58:00,1000,995,1000,995,609600
2022-09-21 09:59:00,1000,1000,1000,1000,80000
2022-09-21 10:00:00,1005,1005,1005,1005,13900
2022-09-21 10:01:00,1000,1000,1005,1005,2400
2022-09-21 10:02:00,1000,1000,1005,1005,0
2022-09-21 10:03:00,1000,1000,1005,1005,4800
2022-09-21 10:04:00,1000,1000,1005,1005,7500
2022-09-21 10:05:00,1005,1005,1005,1005,1800
2022-09-21 10:06:00,1005,1000,1005,1000,400
2022-09-21 10:07:00,1000,1000,1000,1000,2600
2022-09-21 10:08:00,1000,1000,1005,1005,0
2022-09-21 10:09:00,1005,1005,1005,1005,11400
2022-09-21 10:10:00,1005,1005,1005,1005,12200
2022-09-21 10:11:00,1005,1005,1010,1010,187100
2022-09-21 10:12:00,1010,1010,1015,1010,13200
2022-09-21 10:13:00,1010,1010,1015,1015,1200
2022-09-21 10:14:00,1010,1010,1010,1010,38500
2022-09-21 10:15:00,1010,1005,1010,1005,25000
2022-09-21 10:16:00,1010,1005,1010,1005,19000
2022-09-21 10:17:00,1005,1000,1005,1000,42500
2022-09-21 10:18:00,1005,1005,1005,1005,0
2022-09-21 10:19:00,1005,1000,1005,1005,5900
2022-09-21 10:20:00,1005,1000,1005,1000,337100
2022-09-21 10:21:00,1000,995,1005,1000,57000
2022-09-21 10:22:00,1000,995,1000,995,134100
2022-09-21 10:23:00,995,995,1000,1000,90000
2022-09-21 10:24:00,995,995,995,995,1800
2022-09-21 10:25:00,995,995,1000,1000,20400
2022-09-21 10:26:00,995,995,1000,1000,5800
2022-09-21 10:27:00,995,995,995,995,0
2022-09-21 10:28:00,1000,995,1000,995,20900
2022-09-21 10:29:00,995,995,1000,995,78300
2022-09-21 10:30:00,1000,995,1000,995,5500
2022-09-21 10:31:00,995,995,1000,1000,192300
2022-09-21 10:32:00,1005,1005,1005,1005,0
2022-09-21 10:33:00,1000,1000,1000,1000,0
2022-09-21 10:34:00,1000,1000,1000,1000,23200
2022-09-21 10:35:00,1000,1000,1000,1000,54800
2022-09-21 10:36:00,995,995,995,995,400
2022-09-21 10:37:00,995,995,995,995,7000
2022-09-21 10:38:00,1000,1000,1000,1000,0
2022-09-21 10:39:00,995,990,995,990,48600
2022-09-21 10:40:00,990,985,990,985,197000
2022-09-21 10:41:00,990,985,990,990,111700
2022-09-21 10:42:00,990,990,990,990,17800
2022-09-21 10:43:00,990,980,990,980,556800
2022-09-21 10:44:00,980,980,985,985,36100
2022-09-21 10:45:00,990,985,990,985,15700
2022-09-21 10:46:00,985,975,985,975,350000
2022-09-21 10:47:00,980,975,980,980,285700
2022-09-21 10:48:00,980,980,980,980,48800
2022-09-21 10:49:00,980,975,980,980,72900
2022-09-21 10:50:00,975,975,985,985,123600
2022-09-21 10:51:00,980,980,985,985,39000
2022-09-21 10:52:00,985,980,985,985,6800
2022-09-21 10:53:00,985,985,985,985,137900
2022-09-21 10:54:00,990,985,995,985,192300
2022-09-21 10:55:00,990,990,1000,995,664500
2022-09-21 10:56:00,995,990,1000,995,198000
2022-09-21 10:57:00,995,995,1000,1000,216600
2022-09-21 10:58:00,995,995,1000,1000,192700
2022-09-21 10:59:00,1000,1000,1000,1000,3000
2022-09-21 11:00:00,995,995,995,995,1000
2022-09-21 11:01:00,995,995,995,995,600
2022-09-21 11:02:00,995,995,995,995,35500
2022-09-21 11:03:00,995,995,1000,995,0
2022-09-21 11:04:00,995,995,1000,1000,7700
2022-09-21 11:05:00,1000,995,1000,995,8400
2022-09-21 11:06:00,1000,1000,1000,1000,60500
2022-09-21 11:07:00,1000,1000,1000,1000,3200
2022-09-21 11:08:00,1000,1000,1000,1000,19900
2022-09-21 11:09:00,1000,1000,1000,1000,0
2022-09-21 11:10:00,1000,995,1000,1000,4900
2022-09-21 11:11:00,1000,1000,1000,1000,8700
2022-09-21 11:12:00,995,995,1000,1000,36200
2022-09-21 11:13:00,1000,995,1000,995,0
2022-09-21 11:14:00,995,995,1000,1000,16400
2022-09-21 11:15:00,995,995,995,995,100
2022-09-21 11:16:00,1000,1000,1000,1000,100
2022-09-21 11:17:00,1000,995,1000,995,52700
2022-09-21 11:18:00,1000,995,1000,995,0
2022-09-21 11:19:00,995,995,1000,1000,2100
2022-09-21 11:20:00,1000,1000,1000,1000,82400
2022-09-21 11:21:00,1000,995,1000,1000,0
2022-09-21 11:22:00,1000,995,1000,1000,0
2022-09-21 11:23:00,1000,1000,1000,1000,52600
2022-09-21 11:24:00,1000,1000,1005,1005,299700
2022-09-21 11:25:00,1010,1005,1010,1010,111700
2022-09-21 11:26:00,1010,1010,1015,1010,78100
2022-09-21 11:27:00,1010,1010,1015,1015,14300
2022-09-21 11:28:00,1015,1010,1015,1010,77500
2022-09-21 11:29:00,1010,1010,1010,1010,34600
2022-09-21 11:30:00,1010,1010,1010,1010,0
2022-09-21 11:31:00,1010,1010,1010,1010,0
2022-09-21 11:32:00,1010,1010,1010,1010,0
2022-09-21 11:33:00,1010,1010,1010,1010,0
2022-09-21 11:34:00,1010,1010,1010,1010,0
2022-09-21 11:35:00,1010,1010,1010,1010,0
2022-09-21 11:36:00,1010,1010,1010,1010,0
2022-09-21 11:37:00,1010,1010,1010,1010,0
2022-09-21 11:38:00,1010,1010,1010,1010,0
2022-09-21 11:39:00,1010,1010,1010,1010,0
2022-09-21 11:40:00,1010,1010,1010,1010,0
2022-09-21 11:41:00,1010,1010,1010,1010,0
2022-09-21 11:42:00,1010,1010,1010,1010,0
2022-09-21 11:43:00,1010,1010,1010,1010,0
2022-09-21 11:44:00,1010,1010,1010,1010,0
2022-09-21 11:45:00,1010,1010,1010,1010,0
2022-09-21 11:46:00,1010,1010,1010,1010,0
2022-09-21 11:47:00,1010,1010,1010,1010,0
2022-09-21 11:48:00,1010,1010,1010,1010,0
2022-09-21 11:49:00,1010,1010,1010,1010,0
2022-09-21 11:50:00,1010,1010,1010,1010,0
2022-09-21 11:51:00,1010,1010,1010,1010,0
2022-09-21 11:52:00,1010,1010,1010,1010,0
2022-09-21 11:53:00,1010,1010,1010,1010,0
2022-09-21 11:54:00,1010,1010,1010,1010,0
2022-09-21 11:55:00,1010,1010,1010,1010,0
2022-09-21 11:56:00,1010,1010,1010,1010,0
2022-09-21 11:57:00,1010,1010,1010,1010,0
2022-09-21 11:58:00,1010,1010,1010,1010,0
2022-09-21 11:59:00,1010,1010,1010,1010,0
2022-09-21 12:00:00,1010,1010,1010,1010,0
2022-09-21 12:01:00,1010,1010,1010,1010,0
2022-09-21 12:02:00,1010,1010,1010,1010,0
2022-09-21 12:03:00,1010,1010,1010,1010,0
2022-09-21 12:04:00,1010,1010,1010,1010,0
2022-09-21 12:05:00,1010,1010,1010,1010,0
2022-09-21 12:06:00,1010,1010,1010,1010,0
2022-09-21 12:07:00,1010,1010,1010,1010,0
2022-09-21 12:08:00,1010,1010,1010,1010,0
2022-09-21 12:09:00,1010,1010,1010,1010,0
2022-09-21 12:10:00,1010,1010,1010,1010,0
2022-09-21 12:11:00,1010,1010,1010,1010,0
2022-09-21 12:12:00,1010,1010,1010,1010,0
2022-09-21 12:13:00,1010,1010,1010,1010,0
2022-09-21 12:14:00,1010,1010,1010,1010,0
2022-09-21 12:15:00,1010,1010,1010,1010,0
2022-09-21 12:16:00,1010,1010,1010,1010,0
2022-09-21 12:17:00,1010,1010,1010,1010,0
2022-09-21 12:18:00,1010,1010,1010,1010,0
2022-09-21 12:19:00,1010,1010,1010,1010,0
2022-09-21 12:20:00,1010,1010,1010,1010,0
2022-09-21 12:21:00,1010,1010,1010,1010,0
2022-09-21 12:22:00,1010,1010,1010,1010,0
2022-09-21 12:23:00,1010,1010,1010,1010,0
2022-09-21 12:24:00,1010,1010,1010,1010,0
2022-09-21 12:25:00,1010,1010,1010,1010,0
2022-09-21 12:26:00,1010,1010,1010,1010,0
2022-09-21 12:27:00,1010,1010,1010,1010,0
2022-09-21 12:28:00,1010,1010,1010,1010,0
2022-09-21 12:29:00,1010,1010,1010,1010,0
2022-09-21 12:30:00,1010,1010,1010,1010,0
2022-09-21 12:31:00,1010,1010,1010,1010,0
2022-09-21 12:32:00,1010,1010,1010,1010,0
2022-09-21 12:33:00,1010,1010,1010,1010,0
2022-09-21 12:34:00,1010,1010,1010,1010,0
2022-09-21 12:35:00,1010,1010,1010,1010,0
2022-09-21 12:36:00,1010,1010,1010,1010,0
2022-09-21 12:37:00,1010,1010,1010,1010,0
2022-09-21 12:38:00,1010,1010,1010,1010,0
2022-09-21 12:39:00,1010,1010,1010,1010,0
2022-09-21 12:40:00,1010,1010,1010,1010,0
2022-09-21 12:41:00,1010,1010,1010,1010,0
2022-09-21 12:42:00,1010,1010,1010,1010,0
2022-09-21 12:43:00,1010,1010,1010,1010,0
2022-09-21 12:44:00,1010,1010,1010,1010,0
2022-09-21 12:45:00,1010,1010,1010,1010,0
2022-09-21 12:46:00,1010,1010,1010,1010,0
2022-09-21 12:47:00,1010,1010,1010,1010,0
2022-09-21 12:48:00,1010,1010,1010,1010,0
2022-09-21 12:49:00,1010,1010,1010,1010,0
2022-09-21 12:50:00,1010,1010,1010,1010,0
2022-09-21 12:51:00,1010,1010,1010,1010,0
2022-09-21 12:52:00,1010,1010,1010,1010,0
2022-09-21 12:53:00,1010,1010,1010,1010,0
2022-09-21 12:54:00,1010,1010,1010,1010,0
2022-09-21 12:55:00,1010,1010,1010,1010,0
2022-09-21 12:56:00,1010,1010,1010,1010,0
2022-09-21 12:57:00,1010,1010,1010,1010,0
2022-09-21 12:58:00,1010,1010,1010,1010,0
2022-09-21 12:59:00,1010,1010,1010,1010,0
2022-09-21 13:00:00,1010,1010,1010,1010,0
2022-09-21 13:01:00,1010,1010,1010,1010,0
2022-09-21 13:02:00,1010,1010,1010,1010,0
2022-09-21 13:03:00,1010,1010,1010,1010,0
2022-09-21 13:04:00,1010,1010,1010,1010,0
2022-09-21 13:05:00,1010,1010,1010,1010,0
2022-09-21 13:06:00,1010,1010,1010,1010,0
2022-09-21 13:07:00,1010,1010,1010,1010,0
2022-09-21 13:08:00,1010,1010,1010,1010,0
2022-09-21 13:09:00,1010,1010,1010,1010,0
2022-09-21 13:10:00,1010,1010,1010,1010,0
2022-09-21 13:11:00,1010,1010,1010,1010,0
2022-09-21 13:12:00,1010,1010,1010,1010,0
2022-09-21 13:13:00,1010,1010,1010,1010,0
2022-09-21 13:14:00,1010,1010,1010,1010,0
2022-09-21 13:15:00,1010,1010,1010,1010,0
2022-09-21 13:16:00,1010,1010,1010,1010,0
2022-09-21 13:17:00,1010,1010,1010,1010,0
2022-09-21 13:18:00,1010,1010,1010,1010,0
2022-09-21 13:19:00,1010,1010,1010,1010,0
2022-09-21 13:20:00,1010,1010,1010,1010,0
2022-09-21 13:21:00,1010,1010,1010,1010,0
2022-09-21 13:22:00,1010,1010,1010,1010,0
2022-09-21 13:23:00,1010,1010,1010,1010,0
2022-09-21 13:24:00,1010,1010,1010,1010,0
2022-09-21 13:25:00,1010,1010,1010,1010,0
2022-09-21 13:26:00,1010,1010,1010,1010,0
2022-09-21 13:27:00,1010,1010,1010,1010,0
2022-09-21 13:28:00,1010,1010,1010,1010,0
2022-09-21 13:29:00,1010,1010,1010,1010,0
2022-09-21 13:30:00,1010,1010,1015,1010,72600
2022-09-21 13:31:00,1010,995,1010,995,573600
2022-09-21 13:32:00,995,995,995,995,900
2022-09-21 13:33:00,1000,1000,1000,1000,48800
2022-09-21 13:34:00,1000,1000,1000,1000,4200
2022-09-21 13:35:00,1000,1000,1000,1000,25100
2022-09-21 13:36:00,1000,1000,1000,1000,17000
2022-09-21 13:37:00,1000,995,1000,995,60500
2022-09-21 13:38:00,995,995,995,995,0
2022-09-21 13:39:00,1000,1000,1000,1000,160700
2022-09-21 13:40:00,1000,1000,1000,1000,4700
2022-09-21 13:41:00,1000,1000,1005,1005,800
2022-09-21 13:42:00,1005,1005,1005,1005,0
2022-09-21 13:43:00,1005,1005,1005,1005,58900
2022-09-21 13:44:00,1005,1000,1005,1000,71000
2022-09-21 13:45:00,1005,1000,1005,1000,0
2022-09-21 13:46:00,1005,1005,1005,1005,0
2022-09-21 13:47:00,1005,1005,1005,1005,4500
2022-09-21 13:48:00,1005,1005,1005,1005,37400
2022-09-21 13:49:00,1005,1000,1005,1000,392100
2022-09-21 13:50:00,1000,1000,1000,1000,2100
2022-09-21 13:51:00,1000,1000,1005,1005,115900
2022-09-21 13:52:00,1005,1005,1005,1005,0
2022-09-21 13:53:00,1005,1000,1005,1005,159800
2022-09-21 13:54:00,1005,1005,1010,1005,268400
2022-09-21 13:55:00,1005,1000,1010,1010,294900
2022-09-21 13:56:00,1010,1010,1010,1010,0
2022-09-21 13:57:00,1005,995,1010,995,487300
2022-09-21 13:58:00,995,995,995,995,15300
2022-09-21 13:59:00,995,995,995,995,63400
2022-09-21 14:00:00,995,995,1000,1000,182200
2022-09-21 14:01:00,1000,1000,1005,1005,101900
2022-09-21 14:02:00,1000,1000,1005,1005,195300
2022-09-21 14:03:00,1005,1005,1005,1005,28100
2022-09-21 14:04:00,1000,1000,1005,1005,257100
2022-09-21 14:05:00,1000,1000,1005,1005,126300
2022-09-21 14:06:00,1005,1005,1005,1005,104100
2022-09-21 14:07:00,1005,1005,1005,1005,0
2022-09-21 14:08:00,1005,1005,1005,1005,3900
2022-09-21 14:09:00,1005,1005,1005,1005,23000
2022-09-21 14:10:00,1005,1000,1005,1005,218800
2022-09-21 14:11:00,1000,1000,1005,1005,8900
2022-09-21 14:12:00,1005,1005,1005,1005,0
2022-09-21 14:13:00,1005,1000,1005,1000,1100
2022-09-21 14:14:00,1005,1000,1005,1000,39800
2022-09-21 14:15:00,1000,1000,1005,1005,244400
2022-09-21 14:16:00,1005,1005,1005,1005,49000
2022-09-21 14:17:00,1005,1005,1005,1005,101300
2022-09-21 14:18:00,1005,1005,1005,1005,59000
2022-09-21 14:19:00,1005,1005,1010,1010,0
2022-09-21 14:20:00,1010,1005,1010,1005,0
2022-09-21 14:21:00,1005,1005,1005,1005,10000
2022-09-21 14:22:00,1010,1010,1010,1010,35100
2022-09-21 14:23:00,1010,1010,1010,1010,0
2022-09-21 14:24:00,1010,1005,1010,1005,16400
2022-09-21 14:25:00,1010,1005,1010,1005,0
2022-09-21 14:26:00,1005,1005,1010,1010,337700
2022-09-21 14:27:00,1010,1010,1010,1010,0
2022-09-21 14:28:00,1010,1010,1010,1010,3100
2022-09-21 14:29:00,1015,1015,1015,1015,56000
2022-09-21 14:30:00,1010,1010,1015,1015,96900
2022-09-21 14:31:00,1015,1015,1020,1020,15300
2022-09-21 14:32:00,1015,1015,1020,1020,299400
2022-09-21 14:33:00,1015,1015,1020,1015,0
2022-09-21 14:34:00,1020,1015,1020,1020,131200
2022-09-21 14:35:00,1020,1020,1020,1020,88700
2022-09-21 14:36:00,1020,1015,1020,1015,15000
2022-09-21 14:37:00,1015,1015,1015,1015,51000
2022-09-21 14:38:00,1015,1015,1015,1015,132000
2022-09-21 14:39:00,1015,1015,1015,1015,75500
2022-09-21 14:40:00,1015,1015,1015,1015,270500
2022-09-21 14:41:00,1015,1015,1020,1015,216100
2022-09-21 14:42:00,1020,1015,1020,1015,405600
2022-09-21 14:43:00,1015,1010,1020,1015,0
2022-09-21 14:44:00,1015,1015,1015,1015,100
2022-09-21 14:45:00,1015,1005,1015,1005,1176300
2022-09-21 14:46:00,1010,1010,1010,1010,0
2022-09-21 14:47:00,1010,1005,1020,1010,706300
2022-09-21 14:48:00,1010,1005,1010,1005,803200
2022-09-21 14:49:00,1005,1005,1040,1005,1762400
2022-09-21 14:50:00,1005,1005,1040,1005,0
2022-09-21 14:51:00,1005,1005,1040,1005,0
2022-09-21 14:52:00,1005,1005,1040,1005,0
2022-09-21 14:53:00,1005,1005,1040,1005,0
2022-09-21 14:54:00,1005,1005,1040,1005,0
2022-09-21 14:55:00,1005,1005,1040,1005,0
2022-09-21 14:56:00,1005,1005,1040,1005,0
2022-09-21 14:57:00,1005,1005,1040,1005,0
2022-09-21 14:58:00,1005,1005,1040,1005,0
2022-09-21 14:59:00,1005,1005,1040,1005,0
2022-09-21 15:00:00,1040,1040,1040,1040,2819700
2022-09-21 15:01:00,1040,1040,1040,1040,5800
2022-09-21 15:02:00,1040,1040,1040,1040,71500
2022-09-21 15:03:00,1040,1040,1040,1040,17700
2022-09-21 15:04:00,1040,1040,1040,1040,8400
2022-09-21 15:05:00,1040,1040,1040,1040,179600
2022-09-21 15:06:00,1040,1040,1040,1040,0
2022-09-21 15:07:00,1040,1040,1040,1040,24600
2022-09-21 15:08:00,1040,1040,1040,1040,0
2022-09-21 15:09:00,1040,1040,1040,1040,1500
2022-09-21 15:10:00,1040,1040,1040,1040,16500
2022-09-21 15:11:00,1040,1040,1040,1040,104400
2022-09-21 15:12:00,1040,1040,1040,1040,30800
2022-09-21 15:13:00,1040,1040,1040,1040,0
2022-09-21 15:14:00,1040,1040,1040,1040,55988800
2022-09-21 15:15:00,1040,1040,1040,1040,0
2022-09-21 15:16:00,1040,1040,1040,1040,0
2022-09-21 15:17:00,1040,1040,1040,1040,0
2022-09-21 15:18:00,1040,1040,1040,1040,0
2022-09-21 15:19:00,1040,1040,1040,1040,0
2022-09-21 15:20:00,1040,1040,1040,1040,0
2022-09-21 15:21:00,1040,1040,1040,1040,0
2022-09-21 15:22:00,1040,1040,1040,1040,0
2022-09-21 15:23:00,1040,1040,1040,1040,0
2022-09-21 15:24:00,1040,1040,1040,1040,0
2022-09-21 15:25:00,1040,1040,1040,1040,0
2022-09-21 15:26:00,1040,1040,1040,1040,0
2022-09-21 15:27:00,1040,1040,1040,1040,0
2022-09-21 15:28:00,1040,1040,1040,1040,0
2022-09-21 15:29:00,1040,1040,1040,1040,0
2022-09-21 15:30:00,1040,1040,1040,1040,0
2022-09-21 15:31:00,1040,1040,1040,1040,0
2022-09-21 15:32:00,1040,1040,1040,1040,0
2022-09-21 15:33:00,1040,1040,1040,1040,0
2022-09-21 15:34:00,1040,1040,1040,1040,0
2022-09-21 15:35:00,1040,1040,1040,1040,0
2022-09-21 15:36:00,1040,1040,1040,1040,0
2022-09-21 15:37:00,1040,1040,1040,1040,0
2022-09-21 15:38:00,1040,1040,1040,1040,0
2022-09-21 15:39:00,1040,1040,1040,1040,0
2022-09-21 15:40:00,1040,1040,1040,1040,0
2022-09-21 15:41:00,1040,1040,1040,1040,0
2022-09-21 15:42:00,1040,1040,1040,1040,0
2022-09-21 15:43:00,1040,1040,1040,1040,0
2022-09-21 15:44:00,1040,1040,1040,1040,0
2022-09-21 15:45:00,1040,1040,1040,1040,0
2022-09-21 15:46:00,1040,1040,1040,1040,0
2022-09-21 15:47:00,1040,1040,1040,1040,0
2022-09-21 15:48:00,1040,1040,1040,1040,0
2022-09-21 15:49:00,1040,1040,1040,1040,0
2022-09-21 15:50:00,1040,1040,1040,1040,0
2022-09-21 15:51:00,1040,1040,1040,1040,0
2022-09-21 15:52:00,1040,1040,1040,1040,0
2022-09-21 15:53:00,1040,1040,1040,1040,0
2022-09-21 15:54:00,1040,1040,1040,1040,0
2022-09-21 15:55:00,1040,1040,1040,1040,0
2022-09-21 15:56:00,1040,1040,1040,1040,0
2022-09-21 15:57:00,1040,1040,1040,1040,0
2022-09-21 15:58:00,1040,1040,1040,1040,0
2022-09-21 15:59:00,1040,1040,1040,1040,0
2022-09-22 09:00:00,1035,1005,1035,1025,0
2022-09-22 09:01:00,1025,1020,1025,1020,110200
2022-09-22 09:02:00,1020,1015,1020,1015,84400
2022-09-22 09:03:00,1015,1010,1025,1025,333700
2022-09-22 09:04:00,1020,1020,1025,1020,130100
2022-09-22 09:05:00,1020,1015,1025,1015,10038700
2022-09-22 09:06:00,1010,1010,1015,1015,15600
2022-09-22 09:07:00,1010,1010,1020,1015,1025300
2022-09-22 09:08:00,1015,1010,1020,1010,858700
2022-09-22 09:09:00,1015,1005,1015,1005,9957500
2022-09-22 09:10:00,1005,1005,1015,1010,168200
2022-09-22 09:11:00,1015,1010,1020,1015,456300
2022-09-22 09:12:00,1015,1010,1015,1010,124100
2022-09-22 09:13:00,1015,1000,1015,1005,548000
2022-09-22 09:14:00,1000,1000,1005,1000,599600
2022-09-22 09:15:00,1005,1000,1005,1000,27600
2022-09-22 09:16:00,1000,1000,1000,1000,35300
2022-09-22 09:17:00,1005,1000,1005,1005,3900
2022-09-22 09:18:00,1000,1000,1000,1000,0
2022-09-22 09:19:00,1005,995,1005,995,197800
2022-09-22 09:20:00,1000,995,1000,1000,199100
2022-09-22 09:21:00,1000,1000,1005,1005,54900
2022-09-22 09:22:00,1005,1005,1010,1010,5300
2022-09-22 09:23:00,1010,1005,1015,1010,30500
2022-09-22 09:24:00,1010,1000,1010,1010,564300
2022-09-22 09:25:00,1005,1005,1005,1005,22300
2022-09-22 09:26:00,1000,1000,1010,1010,135200
2022-09-22 09:27:00,1005,1000,1005,1000,149900
2022-09-22 09:28:00,1000,1000,1000,1000,41200
2022-09-22 09:29:00,1000,1000,1000,1000,0
2022-09-22 09:30:00,1000,1000,1005,1005,2600
2022-09-22 09:31:00,1005,1005,1010,1005,261300
2022-09-22 09:32:00,1010,1010,1010,1010,164700
2022-09-22 09:33:00,1015,1000,1015,1000,556100
2022-09-22 09:34:00,1005,1000,1005,1005,6800
2022-09-22 09:35:00,1005,1005,1005,1005,156700
2022-09-22 09:36:00,1005,1005,1005,1005,0
2022-09-22 09:37:00,1010,1005,1010,1005,88300
2022-09-22 09:38:00,1010,1010,1010,1010,45700
2022-09-22 09:39:00,1010,1005,1010,1010,0
2022-09-22 09:40:00,1010,1005,1010,1005,75100
2022-09-22 09:41:00,1005,1005,1010,1010,140200
2022-09-22 09:42:00,1010,1010,1010,1010,1900
2022-09-22 09:43:00,1010,1010,1010,1010,2300
2022-09-22 09:44:00,1005,1005,1010,1010,57900
2022-09-22 09:45:00,1010,1005,1010,1005,417100
2022-09-22 09:46:00,1005,1005,1005,1005,15000
2022-09-22 09:47:00,1000,1000,1005,1005,129800
2022-09-22 09:48:00,1000,1000,1005,1005,0
2022-09-22 09:49:00,1005,1005,1005,1005,0
2022-09-22 09:50:00,1010,1005,1010,1005,21000
2022-09-22 09:51:00,1005,1005,1010,1010,61300
2022-09-22 09:52:00,1010,1010,1010,1010,180400
2022-09-22 09:53:00,1005,1005,1005,1005,0
2022-09-22 09:54:00,1010,1005,1010,1005,7900
2022-09-22 09:55:00,1010,1005,1010,1005,229800
2022-09-22 09:56:00,1005,1000,1005,1000,185200
2022-09-22 09:57:00,1000,1000,1000,1000,6400
2022-09-22 09:58:00,1000,995,1000,995,5800
2022-09-22 09:59:00,995,995,1000,1000,265200
2022-09-22 10:00:00,1005,1000,1005,1000,1029600
2022-09-22 10:01:00,1000,1000,1005,1000,341600
2022-09-22 10:02:00,1005,1000,1005,1000,1500
2022-09-22 10:03:00,1000,1000,1000,1000,56600
2022-09-22 10:04:00,1000,1000,1005,1005,1000
2022-09-22 10:05:00,1005,995,1005,995,164000
2022-09-22 10:06:00,1000,995,1000,995,75700
2022-09-22 10:07:00,995,990,1000,995,893700
2022-09-22 10:08:00,995,990,995,990,178300
2022-09-22 10:09:00,995,990,995,990,267000
2022-09-22 10:10:00,995,990,995,990,28300
2022-09-22 10:11:00,995,990,995,995,20200
2022-09-22 10:12:00,995,990,995,990,84400
2022-09-22 10:13:00,990,990,995,990,44300
2022-09-22 10:14:00,990,990,995,995,42300
2022-09-22 10:15:00,995,995,995,995,22000
2022-09-22 10:16:00,995,990,995,990,170900
2022-09-22 10:17:00,995,995,995,995,0
2022-09-22 10:18:00,995,990,995,995,37600
2022-09-22 10:19:00,995,995,995,995,3700
2022-09-22 10:20:00,995,995,995,995,2600
2022-09-22 10:21:00,995,995,995,995,12100
2022-09-22 10:22:00,1000,995,1000,995,4600
2022-09-22 10:23:00,995,995,995,995,0
2022-09-22 10:24:00,1000,995,1000,995,70900
2022-09-22 10:25:00,995,995,995,995,300
2022-09-22 10:26:00,995,995,1000,1000,11600
2022-09-22 10:27:00,1000,995,1000,995,1600
2022-09-22 10:28:00,995,995,995,995,2000
2022-09-22 10:29:00,995,995,1000,995,40100
2022-09-22 10:30:00,1000,995,1000,995,78100
2022-09-22 10:31:00,995,995,995,995,69200
2022-09-22 10:32:00,995,995,995,995,0
2022-09-22 10:33:00,1000,995,1000,995,1000
2022-09-22 10:34:00,995,995,995,995,6000
2022-09-22 10:35:00,995,995,1000,995,22500
2022-09-22 10:36:00,1000,995,1000,995,172700
2022-09-22 10:37:00,1000,1000,1000,1000,20500
2022-09-22 10:38:00,1000,995,1000,1000,18300
2022-09-22 10:39:00,1000,1000,1000,1000,46400
2022-09-22 10:40:00,1000,995,1000,995,358600
2022-09-22 10:41:00,995,995,995,995,41200
2022-09-22 10:42:00,1000,990,1000,990,64000
2022-09-22 10:43:00,995,990,995,995,60600
2022-09-22 10:44:00,995,995,995,995,0
2022-09-22 10:45:00,995,995,995,995,0
2022-09-22 10:46:00,995,995,995,995,800
2022-09-22 10:47:00,995,995,995,995,0
2022-09-22 10:48:00,1000,995,1000,995,5300
2022-09-22 10:49:00,995,995,1000,1000,76100
2022-09-22 10:50:00,1000,1000,1000,1000,181000
2022-09-22 10:51:00,1000,1000,1000,1000,0
2022-09-22 10:52:00,1000,1000,1000,1000,0
2022-09-22 10:53:00,1000,995,1000,995,221700
2022-09-22 10:54:00,995,995,995,995,4700
2022-09-22 10:55:00,995,990,995,990,588100
2022-09-22 10:56:00,1000,995,1000,995,49200
2022-09-22 10:57:00,995,995,995,995,0
2022-09-22 10:58:00,995,995,995,995,0
2022-09-22 10:59:00,995,995,995,995,0
2022-09-22 11:00:00,1000,995,1000,1000,136900
2022-09-22 11:01:00,1000,995,1000,1000,0
2022-09-22 11:02:00,1000,1000,1000,1000,0
2022-09-22 11:03:00,1000,1000,1000,1000,0
2022-09-22 11:04:00,1005,1000,1005,1000,20500
2022-09-22 11:05:00,1000,1000,1000,1000,12000
2022-09-22 11:06:00,1000,1000,1000,1000,22200
2022-09-22 11:07:00,1000,1000,1005,1000,144000
2022-09-22 11:08:00,1005,1000,1005,1000,1800
2022-09-22 11:09:00,1005,1000,1005,1000,0
2022-09-22 11:10:00,1005,1000,1005,1000,0
2022-09-22 11:11:00,1000,995,1000,1000,582300
2022-09-22 11:12:00,1000,1000,1000,1000,0
2022-09-22 11:13:00,1000,1000,1000,1000,8800
2022-09-22 11:14:00,1005,1000,1005,1000,53800
2022-09-22 11:15:00,1005,1000,1005,1000,0
2022-09-22 11:16:00,1000,1000,1000,1000,800
2022-09-22 11:17:00,1005,1000,1005,1000,108200
2022-09-22 11:18:00,1005,1000,1005,1000,0
2022-09-22 11:19:00,1000,1000,1005,1005,0
2022-09-22 11:20:00,1000,995,1000,1000,645100
2022-09-22 11:21:00,1000,1000,1000,1000,560000
2022-09-22 11:22:00,1005,1000,1005,1000,110300
2022-09-22 11:23:00,1000,995,1000,1000,117100
2022-09-22 11:24:00,1000,1000,1000,1000,47800
2022-09-22 11:25:00,1000,1000,1000,1000,0
2022-09-22 11:26:00,995,995,995,995,37800
2022-09-22 11:27:00,995,995,995,995,0
2022-09-22 11:28:00,995,995,995,995,39200
2022-09-22 11:29:00,995,995,1000,1000,19400
2022-09-22 11:30:00,995,995,1000,1000,0
2022-09-22 11:31:00,995,995,1000,1000,0
2022-09-22 11:32:00,995,995,1000,1000,0
2022-09-22 11:33:00,995,995,1000,1000,0
2022-09-22 11:34:00,995,995,1000,1000,0
2022-09-22 11:35:00,995,995,1000,1000,0
2022-09-22 11:36:00,995,995,1000,1000,0
2022-09-22 11:37:00,995,995,1000,1000,0
2022-09-22 11:38:00,995,995,1000,1000,0
2022-09-22 11:39:00,995,995,1000,1000,0
2022-09-22 11:40:00,995,995,1000,1000,0
2022-09-22 11:41:00,995,995,1000,1000,0
2022-09-22 11:42:00,995,995,1000,1000,0
2022-09-22 11:43:00,995,995,1000,1000,0
2022-09-22 11:44:00,995,995,1000,1000,0
2022-09-22 11:45:00,995,995,1000,1000,0
2022-09-22 11:46:00,995,995,1000,1000,0
2022-09-22 11:47:00,995,995,1000,1000,0
2022-09-22 11:48:00,995,995,1000,1000,0
2022-09-22 11:49:00,995,995,1000,1000,0
2022-09-22 11:50:00,995,995,1000,1000,0
2022-09-22 11:51:00,995,995,1000,1000,0
2022-09-22 11:52:00,995,995,1000,1000,0
2022-09-22 11:53:00,995,995,1000,1000,0
2022-09-22 11:54:00,995,995,1000,1000,0
2022-09-22 11:55:00,995,995,1000,1000,0
2022-09-22 11:56:00,995,995,1000,1000,0
2022-09-22 11:57:00,995,995,1000,1000,0
2022-09-22 11:58:00,995,995,1000,1000,0
2022-09-22 11:59:00,995,995,1000,1000,0
2022-09-22 12:00:00,995,995,1000,1000,0
2022-09-22 12:01:00,995,995,1000,1000,0
2022-09-22 12:02:00,995,995,1000,1000,0
2022-09-22 12:03:00,995,995,1000,1000,0
2022-09-22 12:04:00,995,995,1000,1000,0
2022-09-22 12:05:00,995,995,1000,1000,0
2022-09-22 12:06:00,995,995,1000,1000,0
2022-09-22 12:07:00,995,995,1000,1000,0
2022-09-22 12:08:00,995,995,1000,1000,0
2022-09-22 12:09:00,995,995,1000,1000,0
2022-09-22 12:10:00,995,995,1000,1000,0
2022-09-22 12:11:00,995,995,1000,1000,0
2022-09-22 12:12:00,995,995,1000,1000,0
2022-09-22 12:13:00,995,995,1000,1000,0
2022-09-22 12:14:00,995,995,1000,1000,0
2022-09-22 12:15:00,995,995,1000,1000,0
2022-09-22 12:16:00,995,995,1000,1000,0
2022-09-22 12:17:00,995,995,1000,1000,0
2022-09-22 12:18:00,995,995,1000,1000,0
2022-09-22 12:19:00,995,995,1000,1000,0
2022-09-22 12:20:00,995,995,1000,1000,0
2022-09-22 12:21:00,995,995,1000,1000,0
2022-09-22 12:22:00,995,995,1000,1000,0
2022-09-22 12:23:00,995,995,1000,1000,0
2022-09-22 12:24:00,995,995,1000,1000,0
2022-09-22 12:25:00,995,995,1000,1000,0
2022-09-22 12:26:00,995,995,1000,1000,0
2022-09-22 12:27:00,995,995,1000,1000,0
2022-09-22 12:28:00,995,995,1000,1000,0
2022-09-22 12:29:00,995,995,1000,1000,0
2022-09-22 12:30:00,995,995,1000,1000,0
2022-09-22 12:31:00,995,995,1000,1000,0
2022-09-22 12:32:00,995,995,1000,1000,0
2022-09-22 12:33:00,995,995,1000,1000,0
2022-09-22 12:34:00,995,995,1000,1000,0
2022-09-22 12:35:00,995,995,1000,1000,0
2022-09-22 12:36:00,995,995,1000,1000,0
2022-09-22 12:37:00,995,995,1000,1000,0
2022-09-22 12:38:00,995,995,1000,1000,0
2022-09-22 12:39:00,995,995,1000,1000,0
2022-09-22 12:40:00,995,995,1000,1000,0
2022-09-22 12:41:00,995,995,1000,1000,0
2022-09-22 12:42:00,995,995,1000,1000,0
2022-09-22 12:43:00,995,995,1000,1000,0
2022-09-22 12:44:00,995,995,1000,1000,0
2022-09-22 12:45:00,995,995,1000,1000,0
2022-09-22 12:46:00,995,995,1000,1000,0
2022-09-22 12:47:00,995,995,1000,1000,0
2022-09-22 12:48:00,995,995,1000,1000,0
2022-09-22 12:49:00,995,995,1000,1000,0
2022-09-22 12:50:00,995,995,1000,1000,0
2022-09-22 12:51:00,995,995,1000,1000,0
2022-09-22 12:52:00,995,995,1000,1000,0
2022-09-22 12:53:00,995,995,1000,1000,0
2022-09-22 12:54:00,995,995,1000,1000,0
2022-09-22 12:55:00,995,995,1000,1000,0
2022-09-22 12:56:00,995,995,1000,1000,0
2022-09-22 12:57:00,995,995,1000,1000,0
2022-09-22 12:58:00,995,995,1000,1000,0
2022-09-22 12:59:00,995,995,1000,1000,0
2022-09-22 13:00:00,995,995,1000,1000,0
2022-09-22 13:01:00,995,995,1000,1000,0
2022-09-22 13:02:00,995,995,1000,1000,0
2022-09-22 13:03:00,995,995,1000,1000,0
2022-09-22 13:04:00,995,995,1000,1000,0
2022-09-22 13:05:00,995,995,1000,1000,0
2022-09-22 13:06:00,995,995,1000,1000,0
2022-09-22 13:07:00,995,995,1000,1000,0
2022-09-22 13:08:00,995,995,1000,1000,0
2022-09-22 13:09:00,995,995,1000,1000,0
2022-09-22 13:10:00,995,995,1000,1000,0
2022-09-22 13:11:00,995,995,1000,1000,0
2022-09-22 13:12:00,995,995,1000,1000,0
2022-09-22 13:13:00,995,995,1000,1000,0
2022-09-22 13:14:00,995,995,1000,1000,0
2022-09-22 13:15:00,995,995,1000,1000,0
2022-09-22 13:16:00,995,995,1000,1000,0
2022-09-22 13:17:00,995,995,1000,1000,0
2022-09-22 13:18:00,995,995,1000,1000,0
2022-09-22 13:19:00,995,995,1000,1000,0
2022-09-22 13:20:00,995,995,1000,1000,0
2022-09-22 13:21:00,995,995,1000,1000,0
2022-09-22 13:22:00,995,995,1000,1000,0
2022-09-22 13:23:00,995,995,1000,1000,0
2022-09-22 13:24:00,995,995,1000,1000,0
2022-09-22 13:25:00,995,995,1000,1000,0
2022-09-22 13:26:00,995,995,1000,1000,0
2022-09-22 13:27:00,995,995,1000,1000,0
2022-09-22 13:28:00,995,995,1000,1000,0
2022-09-22 13:29:00,995,995,1000,1000,0
2022-09-22 13:30:00,1000,995,1000,1000,508300
2022-09-22 13:31:00,1000,1000,1000,1000,0
2022-09-22 13:32:00,1000,1000,1000,1000,0
2022-09-22 13:33:00,1005,1005,1005,1005,68700
2022-09-22 13:34:00,1005,1005,1005,1005,0
2022-09-22 13:35:00,1005,1000,1005,1000,8400
2022-09-22 13:36:00,1005,1000,1005,1000,118400
2022-09-22 13:37:00,1005,1000,1005,1005,260700
2022-09-22 13:38:00,1010,1010,1010,1010,700
2022-09-22 13:39:00,1010,1005,1015,1015,556500
2022-09-22 13:40:00,1015,1015,1015,1015,0
2022-09-22 13:41:00,1010,1010,1010,1010,70600
2022-09-22 13:42:00,1010,1010,1015,1015,110500
2022-09-22 13:43:00,1015,1015,1015,1015,35200
2022-09-22 13:44:00,1015,1015,1015,1015,0
2022-09-22 13:45:00,1010,1010,1010,1010,45300
2022-09-22 13:46:00,1010,1010,1010,1010,0
2022-09-22 13:47:00,1015,1015,1015,1015,57800
2022-09-22 13:48:00,1015,1015,1020,1020,10300
2022-09-22 13:49:00,1020,1015,1025,1020,528100
2022-09-22 13:50:00,1020,1005,1025,1005,9940100
2022-09-22 13:51:00,1005,1005,1010,1010,13300
2022-09-22 13:52:00,1005,1005,1005,1005,0
2022-09-22 13:53:00,1010,1010,1010,1010,6100
2022-09-22 13:54:00,1010,1010,1015,1015,4300
2022-09-22 13:55:00,1015,1015,1025,1025,657900
2022-09-22 13:56:00,1030,1010,1030,1020,124800
2022-09-22 13:57:00,1020,1015,1025,1015,9654600
2022-09-22 13:58:00,1015,1015,1015,1015,11600
2022-09-22 13:59:00,1015,1010,1020,1010,108500
2022-09-22 14:00:00,1015,1010,1015,1010,45700
2022-09-22 14:01:00,1020,1015,1020,1015,17200
2022-09-22 14:02:00,1015,1015,1015,1015,4700
2022-09-22 14:03:00,1015,1010,1015,1010,179100
2022-09-22 14:04:00,1015,1010,1015,1010,598500
2022-09-22 14:05:00,1010,1010,1015,1010,149600
2022-09-22 14:06:00,1010,1010,1015,1010,0
2022-09-22 14:07:00,1010,1010,1010,1010,10000
2022-09-22 14:08:00,1015,1015,1015,1015,1000
2022-09-22 14:09:00,1010,1010,1015,1015,19000
2022-09-22 14:10:00,1010,1010,1010,1010,52100
2022-09-22 14:11:00,1010,1010,1010,1010,0
2022-09-22 14:12:00,1010,1010,1010,1010,26600
2022-09-22 14:13:00,1010,1010,1010,1010,0
2022-09-22 14:14:00,1010,1010,1015,1015,0
2022-09-22 14:15:00,1015,1010,1015,1010,126000
2022-09-22 14:16:00,1015,1015,1015,1015,56400
2022-09-22 14:17:00,1015,1015,1015,1015,29000
2022-09-22 14:18:00,1015,1015,1015,1015,0
2022-09-22 14:19:00,1015,1015,1020,1015,5100
2022-09-22 14:20:00,1015,1015,1015,1015,3000
2022-09-22 14:21:00,1015,1015,1015,1015,28700
2022-09-22 14:22:00,1015,1015,1015,1015,61100
2022-09-22 14:23:00,1015,1015,1015,1015,3200
2022-09-22 14:24:00,1015,1015,1015,1015,9700
2022-09-22 14:25:00,1015,1015,1015,1015,16100
2022-09-22 14:26:00,1015,1015,1015,1015,0
2022-09-22 14:27:00,1015,1015,1015,1015,39200
2022-09-22 14:28:00,1015,1015,1015,1015,0
2022-09-22 14:29:00,1015,1015,1015,1015,0
2022-09-22 14:30:00,1015,1015,1015,1015,10500
2022-09-22 14:31:00,1015,1015,1015,1015,64900
2022-09-22 14:32:00,1015,1015,1015,1015,240200
2022-09-22 14:33:00,1015,1015,1015,1015,30000
2022-09-22 14:34:00,1015,1015,1020,1020,14000
2022-09-22 14:35:00,1020,1015,1020,1020,5800
2022-09-22 14:36:00,1015,1015,1015,1015,27100
2022-09-22 14:37:00,1015,1015,1020,1020,387100
2022-09-22 14:38:00,1015,1015,1015,1015,0
2022-09-22 14:39:00,1015,1015,1015,1015,200
2022-09-22 14:40:00,1020,1010,1020,1010,207900
2022-09-22 14:41:00,1010,1010,1015,1010,135700
2022-09-22 14:42:00,1010,1010,1025,1020,608600
2022-09-22 14:43:00,1020,1020,1020,1020,144900
2022-09-22 14:44:00,1020,1020,1020,1020,44200
2022-09-22 14:45:00,1020,1015,1020,1015,502800
2022-09-22 14:46:00,1020,1020,1020,1020,0
2022-09-22 14:47:00,1015,1015,1020,1020,43100
2022-09-22 14:48:00,1020,1015,1020,1015,12900
2022-09-22 14:49:00,1015,1015,1020,1020,509100
2022-09-22 14:50:00,1015,1015,1020,1020,0
2022-09-22 14:51:00,1015,1015,1020,1020,0
2022-09-22 14:52:00,1015,1015,1020,1020,0
2022-09-22 14:53:00,1015,1015,1020,1020,0
2022-09-22 14:54:00,1015,1015,1020,1020,0
2022-09-22 14:55:00,1015,1015,1020,1020,0
2022-09-22 14:56:00,1015,1015,1020,1020,0
2022-09-22 14:57:00,1015,1015,1020,1020,0
2022-09-22 14:58:00,1015,1015,1020,1020,0
2022-09-22 14:59:00,1015,1015,1020,1020,0
2022-09-22 15:00:00,995,995,995,995,2536300
2022-09-22 15:01:00,995,995,995,995,78800
2022-09-22 15:02:00,995,995,995,995,166100
2022-09-22 15:03:00,995,995,995,995,56300
2022-09-22 15:04:00,995,995,995,995,161800
2022-09-22 15:05:00,995,995,995,995,29000
2022-09-22 15:06:00,995,995,995,995,44000
2022-09-22 15:07:00,995,995,995,995,35500
2022-09-22 15:08:00,995,995,995,995,19200
2022-09-22 15:09:00,995,995,995,995,28400
2022-09-22 15:10:00,995,995,995,995,13300
2022-09-22 15:11:00,995,995,995,995,81400
2022-09-22 15:12:00,995,995,995,995,0
2022-09-22 15:13:00,995,995,995,995,13700
2022-09-22 15:14:00,995,995,995,995,0
2022-09-22 15:15:00,995,995,995,995,0
2022-09-22 15:16:00,995,995,995,995,0
2022-09-22 15:17:00,995,995,995,995,0
2022-09-22 15:18:00,995,995,995,995,0
2022-09-22 15:19:00,995,995,995,995,0
2022-09-22 15:20:00,995,995,995,995,0
2022-09-22 15:21:00,995,995,995,995,0
2022-09-22 15:22:00,995,995,995,995,0
2022-09-22 15:23:00,995,995,995,995,0
2022-09-22 15:24:00,995,995,995,995,0
2022-09-22 15:25:00,995,995,995,995,0
2022-09-22 15:26:00,995,995,995,995,0
2022-09-22 15:27:00,995,995,995,995,0
2022-09-22 15:28:00,995,995,995,995,0
2022-09-22 15:29:00,995,995,995,995,0
2022-09-22 15:30:00,995,995,995,995,0
2022-09-22 15:31:00,995,995,995,995,0
2022-09-22 15:32:00,995,995,995,995,0
2022-09-22 15:33:00,995,995,995,995,0
2022-09-22 15:34:00,995,995,995,995,0
2022-09-22 15:35:00,995,995,995,995,0
2022-09-22 15:36:00,995,995,995,995,0
2022-09-22 15:37:00,995,995,995,995,0
2022-09-22 15:38:00,995,995,995,995,0
2022-09-22 15:39:00,995,995,995,995,0
2022-09-22 15:40:00,995,995,995,995,0
2022-09-22 15:41:00,995,995,995,995,0
2022-09-22 15:42:00,995,995,995,995,0
2022-09-22 15:43:00,995,995,995,995,0
2022-09-22 15:44:00,995,995,995,995,0
2022-09-22 15:45:00,995,995,995,995,0
2022-09-22 15:46:00,995,995,995,995,0
2022-09-22 15:47:00,995,995,995,995,0
2022-09-22 15:48:00,995,995,995,995,0
2022-09-22 15:49:00,995,995,995,995,0
2022-09-22 15:50:00,995,995,995,995,0
2022-09-22 15:51:00,995,995,995,995,0
2022-09-22 15:52:00,995,995,995,995,0
2022-09-22 15:53:00,995,995,995,995,0
2022-09-22 15:54:00,995,995,995,995,0
2022-09-22 15:55:00,995,995,995,995,0
2022-09-22 15:56:00,995,995,995,995,0
2022-09-22 15:57:00,995,995,995,995,0
2022-09-22 15:58:00,995,995,995,995,0
2022-09-22 15:59:00,995,995,995,995,0
2022-09-23 09:00:00,995,995,995,995,0
2022-09-23 09:01:00,990,985,995,995,971900
2022-09-23 09:02:00,995,990,995,995,272300
2022-09-23 09:03:00,990,990,1005,1005,1124000
2022-09-23 09:04:00,1000,1000,1005,1000,263900
2022-09-23 09:05:00,1005,1000,1005,1005,232000
2022-09-23 09:06:00,1005,1005,1010,1010,352300
2022-09-23 09:07:00,1005,1000,1010,1000,826200
2022-09-23 09:08:00,995,990,1000,995,235900
2022-09-23 09:09:00,995,995,1000,1000,18800
2022-09-23 09:10:00,1000,1000,1000,1000,500
2022-09-23 09:11:00,995,995,995,995,17800
2022-09-23 09:12:00,995,995,1000,1000,12700
2022-09-23 09:13:00,1000,995,1000,1000,54700
2022-09-23 09:14:00,1000,1000,1000,1000,324600
2022-09-23 09:15:00,1005,1005,1005,1005,166900
2022-09-23 09:16:00,1005,1005,1010,1010,346300
2022-09-23 09:17:00,1010,1010,1010,1010,28600
2022-09-23 09:18:00,1005,1005,1005,1005,40000
2022-09-23 09:19:00,1005,1005,1005,1005,68100
2022-09-23 09:20:00,1005,1005,1005,1005,0
2022-09-23 09:21:00,1005,1000,1005,1000,120200
2022-09-23 09:22:00,1000,1000,1005,1005,0
2022-09-23 09:23:00,1000,1000,1005,1005,1400
2022-09-23 09:24:00,1005,1000,1005,1005,6500
2022-09-23 09:25:00,1005,1000,1005,1005,22600
2022-09-23 09:26:00,1005,1000,1005,1005,61400
2022-09-23 09:27:00,1000,1000,1005,1000,11100
2022-09-23 09:28:00,1000,1000,1005,1005,26000
2022-09-23 09:29:00,1005,1005,1005,1005,219500
2022-09-23 09:30:00,1005,1005,1005,1005,0
2022-09-23 09:31:00,1005,1005,1005,1005,2500
2022-09-23 09:32:00,1005,1005,1005,1005,11800
2022-09-23 09:33:00,1000,1000,1005,1000,298900
2022-09-23 09:34:00,1000,1000,1005,1000,778600
2022-09-23 09:35:00,1005,1005,1005,1005,600
2022-09-23 09:36:00,1005,1005,1005,1005,5900
2022-09-23 09:37:00,1005,1005,1015,1010,573400
2022-09-23 09:38:00,1010,1010,1010,1010,62800
2022-09-23 09:39:00,1010,1010,1010,1010,0
2022-09-23 09:40:00,1010,1010,1010,1010,16100
2022-09-23 09:41:00,1010,1010,1010,1010,5500
2022-09-23 09:42:00,1010,1010,1010,1010,10200
2022-09-23 09:43:00,1010,1010,1010,1010,12100
2022-09-23 09:44:00,1005,1005,1005,1005,5700
2022-09-23 09:45:00,1005,1005,1010,1005,644400
2022-09-23 09:46:00,1005,1005,1010,1005,237400
2022-09-23 09:47:00,1005,1005,1010,1010,0
2022-09-23 09:48:00,1010,1010,1010,1010,10500
2022-09-23 09:49:00,1005,1005,1010,1005,11000
2022-09-23 09:50:00,1010,1005,1010,1010,25700
2022-09-23 09:51:00,1010,1010,1010,1010,4800
2022-09-23 09:52:00,1005,1005,1005,1005,200000
2022-09-23 09:53:00,1010,1005,1010,1005,0
2022-09-23 09:54:00,1005,1005,1010,1005,22900
2022-09-23 09:55:00,1010,1010,1010,1010,0
2022-09-23 09:56:00,1010,1010,1010,1010,0
2022-09-23 09:57:00,1005,1005,1005,1005,7000
2022-09-23 09:58:00,1005,1005,1010,1010,110100
2022-09-23 09:59:00,1005,1005,1010,1010,0
2022-09-23 10:00:00,1010,1005,1010,1005,21900
2022-09-23 10:01:00,1010,1005,1010,1005,0
2022-09-23 10:02:00,1005,1005,1010,1005,0
2022-09-23 10:03:00,1005,1005,1010,1005,0
2022-09-23 10:04:00,1005,1005,1010,1005,0
2022-09-23 10:05:00,1005,1005,1010,1010,1800
2022-09-23 10:06:00,1010,1010,1010,1010,1000
2022-09-23 10:07:00,1005,1005,1005,1005,200
2022-09-23 10:08:00,1005,1005,1005,1005,8200
2022-09-23 10:09:00,1005,1005,1010,1010,6100
2022-09-23 10:10:00,1005,1005,1005,1005,400000
2022-09-23 10:11:00,1010,1005,1015,1010,940400
2022-09-23 10:12:00,1010,1005,1015,1005,1050900
2022-09-23 10:13:00,1010,1010,1010,1010,0
2022-09-23 10:14:00,1010,1005,1010,1005,124700
2022-09-23 10:15:00,1005,1005,1005,1005,0
2022-09-23 10:16:00,1010,1010,1010,1010,0
2022-09-23 10:17:00,1010,1010,1010,1010,1600
2022-09-23 10:18:00,1010,1010,1015,1015,10200
2022-09-23 10:19:00,1015,1005,1015,1005,71100
2022-09-23 10:20:00,1010,1005,1010,1010,0
2022-09-23 10:21:00,1010,1005,1010,1005,0
2022-09-23 10:22:00,1010,1010,1010,1010,16600
2022-09-23 10:23:00,1010,1010,1010,1010,72400
2022-09-23 10:24:00,1010,1010,1010,1010,16300
2022-09-23 10:25:00,1010,1010,1010,1010,13600
2022-09-23 10:26:00,1010,1010,1020,1020,482800
2022-09-23 10:27:00,1020,1010,1020,1010,58900
2022-09-23 10:28:00,1010,1010,1010,1010,13500
2022-09-23 10:29:00,1010,1010,1010,1010,39600
2022-09-23 10:30:00,1010,1010,1015,1015,26100
2022-09-23 10:31:00,1010,1010,1010,1010,7400
2022-09-23 10:32:00,1010,1010,1010,1010,3500
2022-09-23 10:33:00,1010,1010,1010,1010,800
2022-09-23 10:34:00,1010,1010,1010,1010,100
2022-09-23 10:35:00,1010,1010,1010,1010,33900
2022-09-23 10:36:00,1010,1010,1010,1010,1500
2022-09-23 10:37:00,1010,1010,1010,1010,3000
2022-09-23 10:38:00,1010,1010,1010,1010,0
2022-09-23 10:39:00,1005,1005,1005,1005,1500
2022-09-23 10:40:00,1010,1010,1010,1010,1800
2022-09-23 10:41:00,1010,1010,1010,1010,0
2022-09-23 10:42:00,1005,1005,1005,1005,71500
2022-09-23 10:43:00,1005,1005,1010,1010,14600
2022-09-23 10:44:00,1005,1000,1005,1000,625900
2022-09-23 10:45:00,1000,1000,1005,1000,0
2022-09-23 10:46:00,1005,1005,1005,1005,0
2022-09-23 10:47:00,1005,1005,1005,1005,3500
2022-09-23 10:48:00,1005,1000,1005,1000,34000
2022-09-23 10:49:00,1000,1000,1000,1000,0
2022-09-23 10:50:00,1000,1000,1000,1000,37000
2022-09-23 10:51:00,1005,1005,1005,1005,31100
2022-09-23 10:52:00,1005,1000,1005,1005,6500
2022-09-23 10:53:00,1005,1000,1005,1000,112400
2022-09-23 10:54:00,1005,1000,1005,1000,4100
2022-09-23 10:55:00,1005,1005,1005,1005,400
2022-09-23 10:56:00,1000,1000,1000,1000,22400
2022-09-23 10:57:00,1000,1000,1000,1000,0
2022-09-23 10:58:00,1000,1000,1000,1000,0
2022-09-23 10:59:00,1005,1005,1005,1005,0
2022-09-23 11:00:00,1005,1005,1005,1005,0
2022-09-23 11:01:00,1005,1005,1005,1005,11000
2022-09-23 11:02:00,1005,1005,1005,1005,0
2022-09-23 11:03:00,1005,1005,1005,1005,20200
2022-09-23 11:04:00,1005,1005,1005,1005,0
2022-09-23 11:05:00,1005,1005,1005,1005,800
2022-09-23 11:06:00,1005,1005,1005,1005,8100
2022-09-23 11:07:00,1005,1005,1010,1010,0
2022-09-23 11:08:00,1005,1005,1005,1005,19700
2022-09-23 11:09:00,1005,1005,1005,1005,0
2022-09-23 11:10:00,1005,1005,1005,1005,0
2022-09-23 11:11:00,1005,1005,1005,1005,13000
2022-09-23 11:12:00,1005,1005,1005,1005,0
2022-09-23 11:13:00,1005,1005,1005,1005,2600
2022-09-23 11:14:00,1005,1005,1005,1005,0
2022-09-23 11:15:00,1005,1005,1005,1005,0
2022-09-23 11:16:00,1005,1005,1010,1010,23000
2022-09-23 11:17:00,1005,1005,1010,1010,0
2022-09-23 11:18:00,1010,1010,1010,1010,9000
2022-09-23 11:19:00,1010,1010,1010,1010,3000
2022-09-23 11:20:00,1010,1010,1010,1010,293000
2022-09-23 11:21:00,1010,1010,1010,1010,0
2022-09-23 11:22:00,1010,1010,1010,1010,0
2022-09-23 11:23:00,1010,1010,1010,1010,0
2022-09-23 11:24:00,1010,1010,1010,1010,0
2022-09-23 11:25:00,1010,1010,1010,1010,44000
2022-09-23 11:26:00,1010,1010,1010,1010,32000
2022-09-23 11:27:00,1010,1010,1010,1010,0
2022-09-23 11:28:00,1010,1010,1010,1010,29600
2022-09-23 11:29:00,1010,1010,1010,1010,0
2022-09-23 11:30:00,1010,1010,1010,1010,0
2022-09-23 11:31:00,1010,1010,1010,1010,0
2022-09-23 11:32:00,1010,1010,1010,1010,0
2022-09-23 11:33:00,1010,1010,1010,1010,0
2022-09-23 11:34:00,1010,1010,1010,1010,0
2022-09-23 11:35:00,1010,1010,1010,1010,0
2022-09-23 11:36:00,1010,1010,1010,1010,0
2022-09-23 11:37:00,1010,1010,1010,1010,0
2022-09-23 11:38:00,1010,1010,1010,1010,0
2022-09-23 11:39:00,1010,1010,1010,1010,0
2022-09-23 11:40:00,1010,1010,1010,1010,0
2022-09-23 11:41:00,1010,1010,1010,1010,0
2022-09-23 11:42:00,1010,1010,1010,1010,0
2022-09-23 11:43:00,1010,1010,1010,1010,0
2022-09-23 11:44:00,1010,1010,1010,1010,0
2022-09-23 11:45:00,1010,1010,1010,1010,0
2022-09-23 11:46:00,1010,1010,1010,1010,0
2022-09-23 11:47:00,1010,1010,1010,1010,0
2022-09-23 11:48:00,1010,1010,1010,1010,0
2022-09-23 11:49:00,1010,1010,1010,1010,0
2022-09-23 11:50:00,1010,1010,1010,1010,0
2022-09-23 11:51:00,1010,1010,1010,1010,0
2022-09-23 11:52:00,1010,1010,1010,1010,0
2022-09-23 11:53:00,1010,1010,1010,1010,0
2022-09-23 11:54:00,1010,1010,1010,1010,0
2022-09-23 11:55:00,1010,1010,1010,1010,0
2022-09-23 11:56:00,1010,1010,1010,1010,0
2022-09-23 11:57:00,1010,1010,1010,1010,0
2022-09-23 11:58:00,1010,1010,1010,1010,0
2022-09-23 11:59:00,1010,1010,1010,1010,0
2022-09-23 12:00:00,1010,1010,1010,1010,0
2022-09-23 12:01:00,1010,1010,1010,1010,0
2022-09-23 12:02:00,1010,1010,1010,1010,0
2022-09-23 12:03:00,1010,1010,1010,1010,0
2022-09-23 12:04:00,1010,1010,1010,1010,0
2022-09-23 12:05:00,1010,1010,1010,1010,0
2022-09-23 12:06:00,1010,1010,1010,1010,0
2022-09-23 12:07:00,1010,1010,1010,1010,0
2022-09-23 12:08:00,1010,1010,1010,1010,0
2022-09-23 12:09:00,1010,1010,1010,1010,0
2022-09-23 12:10:00,1010,1010,1010,1010,0
2022-09-23 12:11:00,1010,1010,1010,1010,0
2022-09-23 12:12:00,1010,1010,1010,1010,0
2022-09-23 12:13:00,1010,1010,1010,1010,0
2022-09-23 12:14:00,1010,1010,1010,1010,0
2022-09-23 12:15:00,1010,1010,1010,1010,0
2022-09-23 12:16:00,1010,1010,1010,1010,0
2022-09-23 12:17:00,1010,1010,1010,1010,0
2022-09-23 12:18:00,1010,1010,1010,1010,0
2022-09-23 12:19:00,1010,1010,1010,1010,0
2022-09-23 12:20:00,1010,1010,1010,1010,0
2022-09-23 12:21:00,1010,1010,1010,1010,0
2022-09-23 12:22:00,1010,1010,1010,1010,0
2022-09-23 12:23:00,1010,1010,1010,1010,0
2022-09-23 12:24:00,1010,1010,1010,1010,0
2022-09-23 12:25:00,1010,1010,1010,1010,0
2022-09-23 12:26:00,1010,1010,1010,1010,0
2022-09-23 12:27:00,1010,1010,1010,1010,0
2022-09-23 12:28:00,1010,1010,1010,1010,0
2022-09-23 12:29:00,1010,1010,1010,1010,0
2022-09-23 12:30:00,1010,1010,1010,1010,0
2022-09-23 12:31:00,1010,1010,1010,1010,0
2022-09-23 12:32:00,1010,1010,1010,1010,0
2022-09-23 12:33:00,1010,1010,1010,1010,0
2022-09-23 12:34:00,1010,1010,1010,1010,0
2022-09-23 12:35:00,1010,1010,1010,1010,0
2022-09-23 12:36:00,1010,1010,1010,1010,0
2022-09-23 12:37:00,1010,1010,1010,1010,0
2022-09-23 12:38:00,1010,1010,1010,1010,0
2022-09-23 12:39:00,1010,1010,1010,1010,0
2022-09-23 12:40:00,1010,1010,1010,1010,0
2022-09-23 12:41:00,1010,1010,1010,1010,0
2022-09-23 12:42:00,1010,1010,1010,1010,0
2022-09-23 12:43:00,1010,1010,1010,1010,0
2022-09-23 12:44:00,1010,1010,1010,1010,0
2022-09-23 12:45:00,1010,1010,1010,1010,0
2022-09-23 12:46:00,1010,1010,1010,1010,0
2022-09-23 12:47:00,1010,1010,1010,1010,0
2022-09-23 12:48:00,1010,1010,1010,1010,0
2022-09-23 12:49:00,1010,1010,1010,1010,0
2022-09-23 12:50:00,1010,1010,1010,1010,0
2022-09-23 12:51:00,1010,1010,1010,1010,0
2022-09-23 12:52:00,1010,1010,1010,1010,0
2022-09-23 12:53:00,1010,1010,1010,1010,0
2022-09-23 12:54:00,1010,1010,1010,1010,0
2022-09-23 12:55:00,1010,1010,1010,1010,0
2022-09-23 12:56:00,1010,1010,1010,1010,0
2022-09-23 12:57:00,1010,1010,1010,1010,0
2022-09-23 12:58:00,1010,1010,1010,1010,0
2022-09-23 12:59:00,1010,1010,1010,1010,0
2022-09-23 13:00:00,1010,1010,1010,1010,0
2022-09-23 13:01:00,1010,1010,1010,1010,0
2022-09-23 13:02:00,1010,1010,1010,1010,0
2022-09-23 13:03:00,1010,1010,1010,1010,0
2022-09-23 13:04:00,1010,1010,1010,1010,0
2022-09-23 13:05:00,1010,1010,1010,1010,0
2022-09-23 13:06:00,1010,1010,1010,1010,0
2022-09-23 13:07:00,1010,1010,1010,1010,0
2022-09-23 13:08:00,1010,1010,1010,1010,0
2022-09-23 13:09:00,1010,1010,1010,1010,0
2022-09-23 13:10:00,1010,1010,1010,1010,0
2022-09-23 13:11:00,1010,1010,1010,1010,0
2022-09-23 13:12:00,1010,1010,1010,1010,0
2022-09-23 13:13:00,1010,1010,1010,1010,0
2022-09-23 13:14:00,1010,1010,1010,1010,0
2022-09-23 13:15:00,1010,1010,1010,1010,0
2022-09-23 13:16:00,1010,1010,1010,1010,0
2022-09-23 13:17:00,1010,1010,1010,1010,0
2022-09-23 13:18:00,1010,1010,1010,1010,0
2022-09-23 13:19:00,1010,1010,1010,1010,0
2022-09-23 13:20:00,1010,1010,1010,1010,0
2022-09-23 13:21:00,1010,1010,1010,1010,0
2022-09-23 13:22:00,1010,1010,1010,1010,0
2022-09-23 13:23:00,1010,1010,1010,1010,0
2022-09-23 13:24:00,1010,1010,1010,1010,0
2022-09-23 13:25:00,1010,1010,1010,1010,0
2022-09-23 13:26:00,1010,1010,1010,1010,0
2022-09-23 13:27:00,1010,1010,1010,1010,0
2022-09-23 13:28:00,1010,1010,1010,1010,0
2022-09-23 13:29:00,1010,1010,1010,1010,0
2022-09-23 13:30:00,1015,1010,1015,1015,13728300
2022-09-23 13:31:00,1010,1010,1010,1010,3400
2022-09-23 13:32:00,1010,1010,1010,1010,1000
2022-09-23 13:33:00,1010,1010,1010,1010,100
2022-09-23 13:34:00,1010,1010,1010,1010,0
2022-09-23 13:35:00,1010,1010,1010,1010,0
2022-09-23 13:36:00,1010,1010,1015,1015,2400
2022-09-23 13:37:00,1015,1015,1015,1015,900
2022-09-23 13:38:00,1015,1015,1015,1015,0
2022-09-23 13:39:00,1015,1010,1015,1010,49700
2022-09-23 13:40:00,1010,1010,1010,1010,26600
2022-09-23 13:41:00,1010,1010,1010,1010,0
2022-09-23 13:42:00,1010,1010,1010,1010,0
2022-09-23 13:43:00,1015,1010,1015,1015,136700
2022-09-23 13:44:00,1010,1010,1010,1010,279500
2022-09-23 13:45:00,1010,1010,1010,1010,0
2022-09-23 13:46:00,1010,1010,1015,1015,0
2022-09-23 13:47:00,1010,1010,1010,1010,100
2022-09-23 13:48:00,1010,1010,1015,1015,7000
2022-09-23 13:49:00,1010,1010,1010,1010,300
2022-09-23 13:50:00,1015,1015,1015,1015,3100
2022-09-23 13:51:00,1010,1010,1010,1010,19500
2022-09-23 13:52:00,1010,1010,1010,1010,18200
2022-09-23 13:53:00,1010,1010,1010,1010,293100
2022-09-23 13:54:00,1010,1010,1010,1010,0
2022-09-23 13:55:00,1010,1010,1010,1010,0
2022-09-23 13:56:00,1010,1010,1010,1010,1000
2022-09-23 13:57:00,1010,1010,1010,1010,22500
2022-09-23 13:58:00,1010,1010,1010,1010,0
2022-09-23 13:59:00,1010,1010,1015,1010,232400
2022-09-23 14:00:00,1010,1005,1010,1010,614700
2022-09-23 14:01:00,1005,1005,1005,1005,1600
2022-09-23 14:02:00,1010,1010,1010,1010,0
2022-09-23 14:03:00,1010,1010,1010,1010,0
2022-09-23 14:04:00,1010,1010,1010,1010,500
2022-09-23 14:05:00,1010,1010,1010,1010,1400
2022-09-23 14:06:00,1010,1010,1010,1010,0
2022-09-23 14:07:00,1010,1010,1010,1010,0
2022-09-23 14:08:00,1010,1010,1010,1010,0
2022-09-23 14:09:00,1010,1010,1010,1010,0
2022-09-23 14:10:00,1010,1010,1010,1010,0
2022-09-23 14:11:00,1010,1010,1010,1010,69700
2022-09-23 14:12:00,1010,1010,1010,1010,0
2022-09-23 14:13:00,1010,1010,1010,1010,0
2022-09-23 14:14:00,1010,1005,1010,1005,0
2022-09-23 14:15:00,1010,1005,1010,1005,0
2022-09-23 14:16:00,1005,1005,1005,1005,8100
2022-09-23 14:17:00,1005,1005,1005,1005,0
2022-09-23 14:18:00,1005,1005,1005,1005,0
2022-09-23 14:19:00,1010,1005,1010,1005,9900
2022-09-23 14:20:00,1005,1005,1005,1005,18500
2022-09-23 14:21:00,1005,1005,1005,1005,0
2022-09-23 14:22:00,1005,1005,1005,1005,50100
2022-09-23 14:23:00,1005,1005,1005,1005,0
2022-09-23 14:24:00,1005,1005,1010,1005,50200
2022-09-23 14:25:00,1010,1005,1010,1005,0
2022-09-23 14:26:00,1010,1005,1010,1005,0
2022-09-23 14:27:00,1005,1005,1005,1005,38600
2022-09-23 14:28:00,1005,1005,1010,1005,183600
2022-09-23 14:29:00,1005,1005,1010,1005,12000
2022-09-23 14:30:00,1005,1005,1005,1005,63200
2022-09-23 14:31:00,1005,1005,1005,1005,400
2022-09-23 14:32:00,1010,1005,1010,1005,3200
2022-09-23 14:33:00,1005,1005,1005,1005,20700
2022-09-23 14:34:00,1010,1010,1010,1010,32000
2022-09-23 14:35:00,1010,1005,1010,1005,47500
2022-09-23 14:36:00,1010,1010,1010,1010,26800
2022-09-23 14:37:00,1010,1005,1010,1005,35800
2022-09-23 14:38:00,1005,1005,1010,1010,0
2022-09-23 14:39:00,1010,1005,1010,1005,23700
2022-09-23 14:40:00,1005,1005,1005,1005,0
2022-09-23 14:41:00,1005,1005,1010,1010,179300
2022-09-23 14:42:00,1005,1005,1005,1005,84100
2022-09-23 14:43:00,1005,1005,1005,1005,113400
2022-09-23 14:44:00,1005,1005,1005,1005,3100
2022-09-23 14:45:00,1005,1005,1010,1010,565600
2022-09-23 14:46:00,1015,1010,1015,1010,15400
2022-09-23 14:47:00,1010,1010,1015,1015,1196500
2022-09-23 14:48:00,1015,1015,1020,1020,761400
2022-09-23 14:49:00,1015,1015,1020,1020,709100
2022-09-23 14:50:00,1015,1015,1020,1020,0
2022-09-23 14:51:00,1015,1015,1020,1020,0
2022-09-23 14:52:00,1015,1015,1020,1020,0
2022-09-23 14:53:00,1015,1015,1020,1020,0
2022-09-23 14:54:00,1015,1015,1020,1020,0
2022-09-23 14:55:00,1015,1015,1020,1020,0
2022-09-23 14:56:00,1015,1015,1020,1020,0
2022-09-23 14:57:00,1015,1015,1020,1020,0
2022-09-23 14:58:00,1015,1015,1020,1020,0
2022-09-23 14:59:00,1015,1015,1020,1020,0
2022-09-23 15:00:00,1025,1025,1025,1025,2541900
2022-09-23 15:01:00,1025,1025,1025,1025,61900
2022-09-23 15:02:00,1025,1025,1025,1025,6400
2022-09-23 15:03:00,1025,1025,1025,1025,1200
2022-09-23 15:04:00,1025,1025,1025,1025,2800
2022-09-23 15:05:00,1025,1025,1025,1025,25200
2022-09-23 15:06:00,1025,1025,1025,1025,1300
2022-09-23 15:07:00,1025,1025,1025,1025,1600
2022-09-23 15:08:00,1025,1025,1025,1025,1300
2022-09-23 15:09:00,1025,1025,1025,1025,18600
2022-09-23 15:10:00,1025,1025,1025,1025,0
2022-09-23 15:11:00,1025,1025,1025,1025,200
2022-09-23 15:12:00,1025,1025,1025,1025,0
2022-09-23 15:13:00,1025,1025,1025,1025,0
2022-09-23 15:14:00,1025,1025,1025,1025,0
2022-09-23 15:15:00,1025,1025,1025,1025,0
2022-09-23 15:16:00,1025,1025,1025,1025,0
2022-09-23 15:17:00,1025,1025,1025,1025,0
2022-09-23 15:18:00,1025,1025,1025,1025,0
2022-09-23 15:19:00,1025,1025,1025,1025,0
2022-09-23 15:20:00,1025,1025,1025,1025,0
2022-09-23 15:21:00,1025,1025,1025,1025,0
2022-09-23 15:22:00,1025,1025,1025,1025,0
2022-09-23 15:23:00,1025,1025,1025,1025,0
2022-09-23 15:24:00,1025,1025,1025,1025,0
2022-09-23 15:25:00,1025,1025,1025,1025,0
2022-09-23 15:26:00,1025,1025,1025,1025,0
2022-09-23 15:27:00,1025,1025,1025,1025,0
2022-09-23 15:28:00,1025,1025,1025,1025,0
2022-09-23 15:29:00,1025,1025,1025,1025,0
2022-09-23 15:30:00,1025,1025,1025,1025,0
2022-09-23 15:31:00,1025,1025,1025,1025,0
2022-09-23 15:32:00,1025,1025,1025,1025,0
2022-09-23 15:33:00,1025,1025,1025,1025,0
2022-09-23 15:34:00,1025,1025,1025,1025,0
2022-09-23 15:35:00,1025,1025,1025,1025,0
2022-09-23 15:36:00,1025,1025,1025,1025,0
2022-09-23 15:37:00,1025,1025,1025,1025,0
2022-09-23 15:38:00,1025,1025,1025,1025,0
2022-09-23 15:39:00,1025,1025,1025,1025,0
2022-09-23 15:40:00,1025,1025,1025,1025,0
2022-09-23 15:41:00,1025,1025,1025,1025,0
2022-09-23 15:42:00,1025,1025,1025,1025,0
2022-09-23 15:43:00,1025,1025,1025,1025,0
2022-09-23 15:44:00,1025,1025,1025,1025,0
2022-09-23 15:45:00,1025,1025,1025,1025,0
2022-09-23 15:46:00,1025,1025,1025,1025,0
2022-09-23 15:47:00,1025,1025,1025,1025,0
2022-09-23 15:48:00,1025,1025,1025,1025,0
2022-09-23 15:49:00,1025,1025,1025,1025,0
2022-09-23 15:50:00,1025,1025,1025,1025,0
2022-09-23 15:51:00,1025,1025,1025,1025,0
2022-09-23 15:52:00,1025,1025,1025,1025,0
2022-09-23 15:53:00,1025,1025,1025,1025,0
2022-09-23 15:54:00,1025,1025,1025,1025,0
2022-09-23 15:55:00,1025,1025,1025,1025,0
2022-09-23 15:56:00,1025,1025,1025,1025,0
2022-09-23 15:57:00,1025,1025,1025,1025,0
2022-09-23 15:58:00,1025,1025,1025,1025,0
2022-09-23 15:59:00,1025,1025,1025,1025,0
2022-09-26 09:00:00,1010,1010,1010,1010,0
2022-09-26 09:01:00,1010,1000,1010,1005,707500
2022-09-26 09:02:00,1000,1000,1005,1000,146700
2022-09-26 09:03:00,1005,1005,1010,1010,53500
2022-09-26 09:04:00,1005,1005,1010,1010,38800
2022-09-26 09:05:00,1005,1005,1010,1005,31100
2022-09-26 09:06:00,1005,1005,1010,1005,92300
2022-09-26 09:07:00,1005,1000,1005,1005,158400
2022-09-26 09:08:00,1010,1000,1010,1005,2300
2022-09-26 09:09:00,1000,1000,1005,1005,24400
2022-09-26 09:10:00,1005,1005,1005,1005,3000
2022-09-26 09:11:00,1005,1005,1005,1005,11700
2022-09-26 09:12:00,1005,1000,1005,1005,128100
2022-09-26 09:13:00,1005,1005,1005,1005,204300
2022-09-26 09:14:00,1005,1005,1005,1005,0
2022-09-26 09:15:00,1005,1005,1005,1005,67100
2022-09-26 09:16:00,1005,1005,1005,1005,1100
2022-09-26 09:17:00,1005,1005,1005,1005,5500
2022-09-26 09:18:00,1005,1005,1005,1005,3100
2022-09-26 09:19:00,1005,1005,1005,1005,1200
2022-09-26 09:20:00,1005,1005,1010,1010,9700
2022-09-26 09:21:00,1005,1000,1005,1000,121400
2022-09-26 09:22:00,1005,1005,1005,1005,8500
2022-09-26 09:23:00,1005,1005,1005,1005,4900
2022-09-26 09:24:00,1000,1000,1005,1000,132500
2022-09-26 09:25:00,1000,1000,1000,1000,15500
2022-09-26 09:26:00,1005,1005,1005,1005,302700
2022-09-26 09:27:00,1000,1000,1000,1000,0
2022-09-26 09:28:00,1005,1005,1005,1005,0
2022-09-26 09:29:00,1005,1005,1005,1005,53700
2022-09-26 09:30:00,1005,1000,1005,1000,56800
2022-09-26 09:31:00,1005,1000,1005,1000,1700
2022-09-26 09:32:00,1000,1000,1000,1000,600
2022-09-26 09:33:00,1000,1000,1000,1000,6800
2022-09-26 09:34:00,1000,1000,1005,1005,1600
2022-09-26 09:35:00,1005,1000,1005,1000,3400
2022-09-26 09:36:00,1005,1005,1005,1005,7400
2022-09-26 09:37:00,1000,1000,1005,1005,500
2022-09-26 09:38:00,1005,1005,1005,1005,19700
2022-09-26 09:39:00,1005,1005,1005,1005,0
2022-09-26 09:40:00,1005,1000,1005,1000,212000
2022-09-26 09:41:00,1005,1005,1005,1005,77200
2022-09-26 09:42:00,1005,1005,1005,1005,42000
2022-09-26 09:43:00,1005,1005,1010,1010,437600
2022-09-26 09:44:00,1005,1005,1005,1005,9126700
2022-09-26 09:45:00,1005,1005,1015,1015,13952200
2022-09-26 09:46:00,1010,1010,1015,1015,0
2022-09-26 09:47:00,1010,1010,1010,1010,57800
2022-09-26 09:48:00,1005,1005,1015,1010,38300
2022-09-26 09:49:00,1005,1005,1010,1010,11900
2022-09-26 09:50:00,1010,1010,1010,1010,76500
2022-09-26 09:51:00,1010,1005,1010,1010,204200
2022-09-26 09:52:00,1010,1010,1015,1015,8800
2022-09-26 09:53:00,1010,1010,1015,1015,101000
2022-09-26 09:54:00,1010,1010,1010,1010,0
2022-09-26 09:55:00,1010,1010,1010,1010,31000
2022-09-26 09:56:00,1010,1010,1010,1010,23600
2022-09-26 09:57:00,1010,1010,1010,1010,59100
2022-09-26 09:58:00,1010,1010,1010,1010,0
2022-09-26 09:59:00,1015,1010,1015,1015,2600
2022-09-26 10:00:00,1010,1010,1010,1010,6300
2022-09-26 10:01:00,1010,1010,1010,1010,9600
2022-09-26 10:02:00,1010,1010,1010,1010,9400
2022-09-26 10:03:00,1010,1010,1010,1010,0
2022-09-26 10:04:00,1010,1010,1015,1015,11700
2022-09-26 10:05:00,1010,1010,1015,1015,0
2022-09-26 10:06:00,1015,1015,1015,1015,32700
2022-09-26 10:07:00,1015,1015,1015,1015,11000
2022-09-26 10:08:00,1015,1015,1015,1015,184300
2022-09-26 10:09:00,1010,1010,1015,1015,198800
2022-09-26 10:10:00,1015,1015,1015,1015,51200
2022-09-26 10:11:00,1015,1015,1015,1015,0
2022-09-26 10:12:00,1020,1020,1020,1020,284900
2022-09-26 10:13:00,1020,1015,1020,1020,0
2022-09-26 10:14:00,1020,1015,1020,1020,0
2022-09-26 10:15:00,1020,1015,1020,1020,0
2022-09-26 10:16:00,1020,1015,1020,1015,17500
2022-09-26 10:17:00,1015,1015,1015,1015,31300
2022-09-26 10:18:00,1015,1015,1015,1015,0
2022-09-26 10:19:00,1015,1015,1015,1015,600
2022-09-26 10:20:00,1015,1015,1015,1015,22100
2022-09-26 10:21:00,1015,1015,1015,1015,0
2022-09-26 10:22:00,1015,1015,1015,1015,62500
2022-09-26 10:23:00,1015,1015,1015,1015,0
2022-09-26 10:24:00,1015,1015,1015,1015,133000
2022-09-26 10:25:00,1015,1015,1015,1015,0
2022-09-26 10:26:00,1015,1015,1015,1015,10100
2022-09-26 10:27:00,1015,1015,1015,1015,94100
2022-09-26 10:28:00,1015,1015,1015,1015,0
2022-09-26 10:29:00,1015,1015,1015,1015,0
2022-09-26 10:30:00,1015,1015,1015,1015,2200
2022-09-26 10:31:00,1015,1015,1015,1015,19300
2022-09-26 10:32:00,1015,1015,1015,1015,39000
2022-09-26 10:33:00,1015,1015,1015,1015,0
2022-09-26 10:34:00,1015,1015,1015,1015,0
2022-09-26 10:35:00,1015,1015,1015,1015,0
2022-09-26 10:36:00,1015,1015,1015,1015,0
2022-09-26 10:37:00,1015,1015,1015,1015,1600
2022-09-26 10:38:00,1020,1020,1020,1020,545700
2022-09-26 10:39:00,1025,1025,1025,1025,1266900
2022-09-26 10:40:00,1025,1020,1025,1025,1160100
2022-09-26 10:41:00,1025,1020,1025,1020,103700
2022-09-26 10:42:00,1020,1020,1020,1020,341600
2022-09-26 10:43:00,1025,1020,1025,1025,291300
2022-09-26 10:44:00,1025,1025,1025,1025,9400
2022-09-26 10:45:00,1025,1020,1025,1020,0
2022-09-26 10:46:00,1020,1020,1025,1025,169100
2022-09-26 10:47:00,1025,1020,1025,1025,187700
2022-09-26 10:48:00,1020,1020,1020,1020,48900
2022-09-26 10:49:00,1020,1020,1020,1020,0
2022-09-26 10:50:00,1020,1020,1020,1020,10400
2022-09-26 10:51:00,1020,1020,1020,1020,0
2022-09-26 10:52:00,1020,1020,1020,1020,0
2022-09-26 10:53:00,1015,1015,1015,1015,152700
2022-09-26 10:54:00,1020,1020,1020,1020,2300
2022-09-26 10:55:00,1020,1020,1020,1020,0
2022-09-26 10:56:00,1020,1020,1020,1020,1000
2022-09-26 10:57:00,1020,1015,1020,1020,4800
2022-09-26 10:58:00,1020,1015,1020,1015,102300
2022-09-26 10:59:00,1020,1015,1020,1015,0
2022-09-26 11:00:00,1015,1015,1015,1015,1800
2022-09-26 11:01:00,1015,1015,1015,1015,0
2022-09-26 11:02:00,1015,1015,1015,1015,0
2022-09-26 11:03:00,1015,1015,1015,1015,0
2022-09-26 11:04:00,1015,1015,1020,1020,4000
2022-09-26 11:05:00,1015,1015,1020,1020,0
2022-09-26 11:06:00,1020,1020,1020,1020,3400
2022-09-26 11:07:00,1015,1015,1015,1015,0
2022-09-26 11:08:00,1015,1015,1015,1015,0
2022-09-26 11:09:00,1015,1015,1015,1015,4300
2022-09-26 11:10:00,1015,1015,1020,1020,10500
2022-09-26 11:11:00,1015,1015,1015,1015,5100
2022-09-26 11:12:00,1020,1020,1020,1020,295100
2022-09-26 11:13:00,1020,1020,1020,1020,0
2022-09-26 11:14:00,1020,1015,1020,1020,103300
2022-09-26 11:15:00,1020,1015,1020,1020,0
2022-09-26 11:16:00,1020,1015,1020,1020,0
2022-09-26 11:17:00,1020,1015,1020,1020,0
2022-09-26 11:18:00,1020,1015,1020,1020,0
2022-09-26 11:19:00,1015,1000,1015,1015,3091100
2022-09-26 11:20:00,1015,1015,1015,1015,2600
2022-09-26 11:21:00,1020,1015,1025,1015,166900
2022-09-26 11:22:00,1020,1015,1025,1015,0
2022-09-26 11:23:00,1010,1010,1010,1010,13000
2022-09-26 11:24:00,1010,1010,1010,1010,25500
2022-09-26 11:25:00,1005,1005,1005,1005,2500
2022-09-26 11:26:00,1010,1005,1010,1005,27500
2022-09-26 11:27:00,1010,1005,1010,1005,0
2022-09-26 11:28:00,1010,1010,1010,1010,0
2022-09-26 11:29:00,1005,1005,1005,1005,29000
2022-09-26 11:30:00,1005,1005,1005,1005,0
2022-09-26 11:31:00,1005,1005,1005,1005,0
2022-09-26 11:32:00,1005,1005,1005,1005,0
2022-09-26 11:33:00,1005,1005,1005,1005,0
2022-09-26 11:34:00,1005,1005,1005,1005,0
2022-09-26 11:35:00,1005,1005,1005,1005,0
2022-09-26 11:36:00,1005,1005,1005,1005,0
2022-09-26 11:37:00,1005,1005,1005,1005,0
2022-09-26 11:38:00,1005,1005,1005,1005,0
2022-09-26 11:39:00,1005,1005,1005,1005,0
2022-09-26 11:40:00,1005,1005,1005,1005,0
2022-09-26 11:41:00,1005,1005,1005,1005,0
2022-09-26 11:42:00,1005,1005,1005,1005,0
2022-09-26 11:43:00,1005,1005,1005,1005,0
2022-09-26 11:44:00,1005,1005,1005,1005,0
2022-09-26 11:45:00,1005,1005,1005,1005,0
2022-09-26 11:46:00,1005,1005,1005,1005,0
2022-09-26 11:47:00,1005,1005,1005,1005,0
2022-09-26 11:48:00,1005,1005,1005,1005,0
2022-09-26 11:49:00,1005,1005,1005,1005,0
2022-09-26 11:50:00,1005,1005,1005,1005,0
2022-09-26 11:51:00,1005,1005,1005,1005,0
2022-09-26 11:52:00,1005,1005,1005,1005,0
2022-09-26 11:53:00,1005,1005,1005,1005,0
2022-09-26 11:54:00,1005,1005,1005,1005,0
2022-09-26 11:55:00,1005,1005,1005,1005,0
2022-09-26 11:56:00,1005,1005,1005,1005,0
2022-09-26 11:57:00,1005,1005,1005,1005,0
2022-09-26 11:58:00,1005,1005,1005,1005,0
2022-09-26 11:59:00,1005,1005,1005,1005,0
2022-09-26 12:00:00,1005,1005,1005,1005,0
2022-09-26 12:01:00,1005,1005,1005,1005,0
2022-09-26 12:02:00,1005,1005,1005,1005,0
2022-09-26 12:03:00,1005,1005,1005,1005,0
2022-09-26 12:04:00,1005,1005,1005,1005,0
2022-09-26 12:05:00,1005,1005,1005,1005,0
2022-09-26 12:06:00,1005,1005,1005,1005,0
2022-09-26 12:07:00,1005,1005,1005,1005,0
2022-09-26 12:08:00,1005,1005,1005,1005,0
2022-09-26 12:09:00,1005,1005,1005,1005,0
2022-09-26 12:10:00,1005,1005,1005,1005,0
2022-09-26 12:11:00,1005,1005,1005,1005,0
2022-09-26 12:12:00,1005,1005,1005,1005,0
2022-09-26 12:13:00,1005,1005,1005,1005,0
2022-09-26 12:14:00,1005,1005,1005,1005,0
2022-09-26 12:15:00,1005,1005,1005,1005,0
2022-09-26 12:16:00,1005,1005,1005,1005,0
2022-09-26 12:17:00,1005,1005,1005,1005,0
2022-09-26 12:18:00,1005,1005,1005,1005,0
2022-09-26 12:19:00,1005,1005,1005,1005,0
2022-09-26 12:20:00,1005,1005,1005,1005,0
2022-09-26 12:21:00,1005,1005,1005,1005,0
2022-09-26 12:22:00,1005,1005,1005,1005,0
2022-09-26 12:23:00,1005,1005,1005,1005,0
2022-09-26 12:24:00,1005,1005,1005,1005,0
2022-09-26 12:25:00,1005,1005,1005,1005,0
2022-09-26 12:26:00,1005,1005,1005,1005,0
2022-09-26 12:27:00,1005,1005,1005,1005,0
2022-09-26 12:28:00,1005,1005,1005,1005,0
2022-09-26 12:29:00,1005,1005,1005,1005,0
2022-09-26 12:30:00,1005,1005,1005,1005,0
2022-09-26 12:31:00,1005,1005,1005,1005,0
2022-09-26 12:32:00,1005,1005,1005,1005,0
2022-09-26 12:33:00,1005,1005,1005,1005,0
2022-09-26 12:34:00,1005,1005,1005,1005,0
2022-09-26 12:35:00,1005,1005,1005,1005,0
2022-09-26 12:36:00,1005,1005,1005,1005,0
2022-09-26 12:37:00,1005,1005,1005,1005,0
2022-09-26 12:38:00,1005,1005,1005,1005,0
2022-09-26 12:39:00,1005,1005,1005,1005,0
2022-09-26 12:40:00,1005,1005,1005,1005,0
2022-09-26 12:41:00,1005,1005,1005,1005,0
2022-09-26 12:42:00,1005,1005,1005,1005,0
2022-09-26 12:43:00,1005,1005,1005,1005,0
2022-09-26 12:44:00,1005,1005,1005,1005,0
2022-09-26 12:45:00,1005,1005,1005,1005,0
2022-09-26 12:46:00,1005,1005,1005,1005,0
2022-09-26 12:47:00,1005,1005,1005,1005,0
2022-09-26 12:48:00,1005,1005,1005,1005,0
2022-09-26 12:49:00,1005,1005,1005,1005,0
2022-09-26 12:50:00,1005,1005,1005,1005,0
2022-09-26 12:51:00,1005,1005,1005,1005,0
2022-09-26 12:52:00,1005,1005,1005,1005,0
2022-09-26 12:53:00,1005,1005,1005,1005,0
2022-09-26 12:54:00,1005,1005,1005,1005,0
2022-09-26 12:55:00,1005,1005,1005,1005,0
2022-09-26 12:56:00,1005,1005,1005,1005,0
2022-09-26 12:57:00,1005,1005,1005,1005,0
2022-09-26 12:58:00,1005,1005,1005,1005,0
2022-09-26 12:59:00,1005,1005,1005,1005,0
2022-09-26 13:00:00,1005,1005,1005,1005,0
2022-09-26 13:01:00,1005,1005,1005,1005,0
2022-09-26 13:02:00,1005,1005,1005,1005,0
2022-09-26 13:03:00,1005,1005,1005,1005,0
2022-09-26 13:04:00,1005,1005,1005,1005,0
2022-09-26 13:05:00,1005,1005,1005,1005,0
2022-09-26 13:06:00,1005,1005,1005,1005,0
2022-09-26 13:07:00,1005,1005,1005,1005,0
2022-09-26 13:08:00,1005,1005,1005,1005,0
2022-09-26 13:09:00,1005,1005,1005,1005,0
2022-09-26 13:10:00,1005,1005,1005,1005,0
2022-09-26 13:11:00,1005,1005,1005,1005,0
2022-09-26 13:12:00,1005,1005,1005,1005,0
2022-09-26 13:13:00,1005,1005,1005,1005,0
2022-09-26 13:14:00,1005,1005,1005,1005,0
2022-09-26 13:15:00,1005,1005,1005,1005,0
2022-09-26 13:16:00,1005,1005,1005,1005,0
2022-09-26 13:17:00,1005,1005,1005,1005,0
2022-09-26 13:18:00,1005,1005,1005,1005,0
2022-09-26 13:19:00,1005,1005,1005,1005,0
2022-09-26 13:20:00,1005,1005,1005,1005,0
2022-09-26 13:21:00,1005,1005,1005,1005,0
2022-09-26 13:22:00,1005,1005,1005,1005,0
2022-09-26 13:23:00,1005,1005,1005,1005,0
2022-09-26 13:24:00,1005,1005,1005,1005,0
2022-09-26 13:25:00,1005,1005,1005,1005,0
2022-09-26 13:26:00,1005,1005,1005,1005,0
2022-09-26 13:27:00,1005,1005,1005,1005,0
2022-09-26 13:28:00,1005,1005,1005,1005,0
2022-09-26 13:29:00,1005,1005,1005,1005,0
2022-09-26 13:30:00,1005,1005,1010,1005,31400
2022-09-26 13:31:00,1005,1005,1005,1005,0
2022-09-26 13:32:00,1005,1005,1005,1005,7100
2022-09-26 13:33:00,1005,1005,1005,1005,0
2022-09-26 13:34:00,1005,1005,1005,1005,31000
2022-09-26 13:35:00,1005,1005,1005,1005,0
2022-09-26 13:36:00,1005,1005,1005,1005,0
2022-09-26 13:37:00,1005,1005,1005,1005,0
2022-09-26 13:38:00,1005,1005,1005,1005,0
2022-09-26 13:39:00,1005,1005,1005,1005,0
2022-09-26 13:40:00,1005,1005,1010,1010,32257800
2022-09-26 13:41:00,1005,1005,1005,1005,46000
2022-09-26 13:42:00,1005,1005,1005,1005,0
2022-09-26 13:43:00,1005,990,1005,995,1286600
2022-09-26 13:44:00,995,995,995,995,15600
2022-09-26 13:45:00,995,990,1000,1000,95400
2022-09-26 13:46:00,1000,1000,1000,1000,18100
2022-09-26 13:47:00,1000,1000,1005,1005,3500
2022-09-26 13:48:00,1000,1000,1005,1005,16700
2022-09-26 13:49:00,1005,1005,1005,1005,0
2022-09-26 13:50:00,1000,1000,1000,1000,9000
2022-09-26 13:51:00,1000,1000,1000,1000,2000
2022-09-26 13:52:00,1005,1005,1005,1005,21000
2022-09-26 13:53:00,1000,1000,1000,1000,0
2022-09-26 13:54:00,1000,1000,1000,1000,34369700
2022-09-26 13:55:00,1000,1000,1000,1000,0
2022-09-26 13:56:00,1005,1000,1005,1000,149900
2022-09-26 13:57:00,1005,1000,1005,1000,0
2022-09-26 13:58:00,1000,1000,1000,1000,0
2022-09-26 13:59:00,1000,1000,1000,1000,0
2022-09-26 14:00:00,1000,1000,1000,1000,14900
2022-09-26 14:01:00,1000,1000,1000,1000,75500
2022-09-26 14:02:00,1000,995,1000,995,1177100
2022-09-26 14:03:00,995,990,995,995,159500
2022-09-26 14:04:00,995,995,995,995,28100
2022-09-26 14:05:00,995,995,995,995,3800
2022-09-26 14:06:00,995,990,995,990,600
2022-09-26 14:07:00,990,990,995,995,25000
2022-09-26 14:08:00,995,990,995,995,325700
2022-09-26 14:09:00,995,995,1000,995,19100
2022-09-26 14:10:00,995,995,1000,995,0
2022-09-26 14:11:00,995,995,1000,995,0
2022-09-26 14:12:00,995,995,1000,1000,600
2022-09-26 14:13:00,995,995,995,995,7600
2022-09-26 14:14:00,995,995,995,995,0
2022-09-26 14:15:00,1000,1000,1000,1000,0
2022-09-26 14:16:00,1000,1000,1000,1000,0
2022-09-26 14:17:00,995,995,995,995,10900
2022-09-26 14:18:00,995,995,995,995,9300
2022-09-26 14:19:00,995,995,995,995,31700
2022-09-26 14:20:00,995,995,1000,995,153900
2022-09-26 14:21:00,995,995,995,995,60500
2022-09-26 14:22:00,990,990,995,995,129200
2022-09-26 14:23:00,995,995,995,995,0
2022-09-26 14:24:00,995,995,1000,1000,4500
2022-09-26 14:25:00,995,995,1000,995,1700
2022-09-26 14:26:00,995,995,995,995,7700
2022-09-26 14:27:00,1000,995,1000,1000,191900
2022-09-26 14:28:00,1000,1000,1000,1000,20300
2022-09-26 14:29:00,1000,1000,1000,1000,101200
2022-09-26 14:30:00,1000,1000,1000,1000,0
2022-09-26 14:31:00,1000,1000,1000,1000,91300
2022-09-26 14:32:00,1005,1000,1005,1000,99200
2022-09-26 14:33:00,1000,1000,1005,1005,401800
2022-09-26 14:34:00,1000,1000,1005,1005,55400
2022-09-26 14:35:00,1000,1000,1005,1005,0
2022-09-26 14:36:00,1005,1005,1005,1005,200
2022-09-26 14:37:00,1005,1005,1005,1005,0
2022-09-26 14:38:00,1000,1000,1005,1000,112000
2022-09-26 14:39:00,1000,1000,1000,1000,300800
2022-09-26 14:40:00,1000,1000,1005,1005,3700
2022-09-26 14:41:00,1000,1000,1005,1005,0
2022-09-26 14:42:00,1000,1000,1005,1005,0
2022-09-26 14:43:00,1005,1000,1005,1005,24200
2022-09-26 14:44:00,1005,1005,1010,1010,303300
2022-09-26 14:45:00,1005,1005,1010,1010,0
2022-09-26 14:46:00,1010,1010,1010,1010,0
2022-09-26 14:47:00,1005,1005,1010,1005,85900
2022-09-26 14:48:00,1005,1005,1005,1005,280400
2022-09-26 14:49:00,1005,1005,1025,1025,1085100
2022-09-26 14:50:00,1005,1005,1025,1025,0
2022-09-26 14:51:00,1005,1005,1025,1025,0
2022-09-26 14:52:00,1005,1005,1025,1025,0
2022-09-26 14:53:00,1005,1005,1025,1025,0
2022-09-26 14:54:00,1005,1005,1025,1025,0
2022-09-26 14:55:00,1005,1005,1025,1025,0
2022-09-26 14:56:00,1005,1005,1025,1025,0
2022-09-26 14:57:00,1005,1005,1025,1025,0
2022-09-26 14:58:00,1005,1005,1025,1025,0
2022-09-26 14:59:00,1005,1005,1025,1025,0
2022-09-26 15:00:00,1040,1040,1040,1040,4536500
2022-09-26 15:01:00,1040,1040,1040,1040,287900
2022-09-26 15:02:00,1040,1040,1040,1040,0
2022-09-26 15:03:00,1040,1040,1040,1040,102200
2022-09-26 15:04:00,1040,1040,1040,1040,1500
2022-09-26 15:05:00,1040,1040,1040,1040,3000
2022-09-26 15:06:00,1040,1040,1040,1040,3000
2022-09-26 15:07:00,1040,1040,1040,1040,3200
2022-09-26 15:08:00,1040,1040,1040,1040,0
2022-09-26 15:09:00,1040,1040,1040,1040,200100
2022-09-26 15:10:00,1040,1040,1040,1040,114600
2022-09-26 15:11:00,1040,1040,1040,1040,0
2022-09-26 15:12:00,1040,1040,1040,1040,99800
2022-09-26 15:13:00,1040,1040,1040,1040,0
2022-09-26 15:14:00,1040,1040,1040,1040,44745900
2022-09-26 15:15:00,1040,1040,1040,1040,0
2022-09-26 15:16:00,1040,1040,1040,1040,0
2022-09-26 15:17:00,1040,1040,1040,1040,0
2022-09-26 15:18:00,1040,1040,1040,1040,0
2022-09-26 15:19:00,1040,1040,1040,1040,0
2022-09-26 15:20:00,1040,1040,1040,1040,0
2022-09-26 15:21:00,1040,1040,1040,1040,0
2022-09-26 15:22:00,1040,1040,1040,1040,0
2022-09-26 15:23:00,1040,1040,1040,1040,0
2022-09-26 15:24:00,1040,1040,1040,1040,0
2022-09-26 15:25:00,1040,1040,1040,1040,0
2022-09-26 15:26:00,1040,1040,1040,1040,0
2022-09-26 15:27:00,1040,1040,1040,1040,0
2022-09-26 15:28:00,1040,1040,1040,1040,0
2022-09-26 15:29:00,1040,1040,1040,1040,0
2022-09-26 15:30:00,1040,1040,1040,1040,0
2022-09-26 15:31:00,1040,1040,1040,1040,0
2022-09-26 15:32:00,1040,1040,1040,1040,0
2022-09-26 15:33:00,1040,1040,1040,1040,0
2022-09-26 15:34:00,1040,1040,1040,1040,0
2022-09-26 15:35:00,1040,1040,1040,1040,0
2022-09-26 15:36:00,1040,1040,1040,1040,0
2022-09-26 15:37:00,1040,1040,1040,1040,0
2022-09-26 15:38:00,1040,1040,1040,1040,0
2022-09-26 15:39:00,1040,1040,1040,1040,0
2022-09-26 15:40:00,1040,1040,1040,1040,0
2022-09-26 15:41:00,1040,1040,1040,1040,0
2022-09-26 15:42:00,1040,1040,1040,1040,0
2022-09-26 15:43:00,1040,1040,1040,1040,0
2022-09-26 15:44:00,1040,1040,1040,1040,0
2022-09-26 15:45:00,1040,1040,1040,1040,0
2022-09-26 15:46:00,1040,1040,1040,1040,0
2022-09-26 15:47:00,1040,1040,1040,1040,0
2022-09-26 15:48:00,1040,1040,1040,1040,0
2022-09-26 15:49:00,1040,1040,1040,1040,0
2022-09-26 15:50:00,1040,1040,1040,1040,0
2022-09-26 15:51:00,1040,1040,1040,1040,0
2022-09-26 15:52:00,1040,1040,1040,1040,0
2022-09-26 15:53:00,1040,1040,1040,1040,0
2022-09-26 15:54:00,1040,1040,1040,1040,0
2022-09-26 15:55:00,1040,1040,1040,1040,0
2022-09-26 15:56:00,1040,1040,1040,1040,0
2022-09-26 15:57:00,1040,1040,1040,1040,0
2022-09-26 15:58:00,1040,1040,1040,1040,0
2022-09-26 15:59:00,1040,1040,1040,1040,0
2022-09-27 09:00:00,1040,1030,1040,1035,0
2022-09-27 09:01:00,1035,1030,1040,1030,522200
2022-09-27 09:02:00,1030,1030,1035,1035,91900
2022-09-27 09:03:00,1035,1025,1040,1025,538300
2022-09-27 09:04:00,1030,1020,1030,1020,456500
2022-09-27 09:05:00,1025,1015,1025,1015,200600
2022-09-27 09:06:00,1020,1015,1020,1015,7800
2022-09-27 09:07:00,1020,1015,1020,1020,62000
2022-09-27 09:08:00,1020,1020,1025,1020,17600
2022-09-27 09:09:00,1020,1020,1020,1020,23200
2022-09-27 09:10:00,1020,1015,1020,1020,14946700
2022-09-27 09:11:00,1020,1020,1035,1030,5276900
2022-09-27 09:12:00,1030,1030,1030,1030,100200
2022-09-27 09:13:00,1030,1030,1030,1030,12800
2022-09-27 09:14:00,1030,1025,1030,1025,9900
2022-09-27 09:15:00,1030,1030,1030,1030,167000
2022-09-27 09:16:00,1030,1030,1030,1030,0
2022-09-27 09:17:00,1025,1020,1030,1020,199500
2022-09-27 09:18:00,1020,1020,1040,1040,504100
2022-09-27 09:19:00,1035,1035,1035,1035,199200
2022-09-27 09:20:00,1035,1030,1035,1035,741700
2022-09-27 09:21:00,1035,1035,1035,1035,0
2022-09-27 09:22:00,1035,1035,1040,1040,25900
2022-09-27 09:23:00,1035,1035,1040,1040,8800
2022-09-27 09:24:00,1035,1035,1040,1040,0
2022-09-27 09:25:00,1040,1035,1040,1040,119500
2022-09-27 09:26:00,1040,1035,1045,1045,297000
2022-09-27 09:27:00,1045,1040,1045,1045,750100
2022-09-27 09:28:00,1045,1040,1045,1045,520500
2022-09-27 09:29:00,1045,1040,1045,1045,532600
2022-09-27 09:30:00,1045,1045,1055,1055,1377800
2022-09-27 09:31:00,1055,1050,1055,1050,621500
2022-09-27 09:32:00,1055,1045,1055,1050,852500
2022-09-27 09:33:00,1050,1050,1055,1055,13300
2022-09-27 09:34:00,1055,1050,1055,1055,69700
2022-09-27 09:35:00,1055,1050,1055,1055,111100
2022-09-27 09:36:00,1055,1050,1055,1055,157900
2022-09-27 09:37:00,1055,1035,1060,1035,1121000
2022-09-27 09:38:00,1040,1035,1040,1035,210400
2022-09-27 09:39:00,1035,1035,1040,1040,754600
2022-09-27 09:40:00,1040,1040,1045,1045,39200
2022-09-27 09:41:00,1040,1040,1045,1045,0
2022-09-27 09:42:00,1045,1045,1045,1045,87700
2022-09-27 09:43:00,1045,1045,1050,1045,257400
2022-09-27 09:44:00,1040,1040,1040,1040,87500
2022-09-27 09:45:00,1040,1035,1040,1035,405000
2022-09-27 09:46:00,1035,1035,1035,1035,24200
2022-09-27 09:47:00,1035,1035,1040,1040,170300
2022-09-27 09:48:00,1040,1040,1040,1040,48300
2022-09-27 09:49:00,1040,1040,1040,1040,10400
2022-09-27 09:50:00,1040,1040,1040,1040,39500
2022-09-27 09:51:00,1040,1035,1040,1040,1900
2022-09-27 09:52:00,1040,1040,1040,1040,15600
2022-09-27 09:53:00,1040,1040,1040,1040,6500
2022-09-27 09:54:00,1040,1040,1040,1040,2000
2022-09-27 09:55:00,1040,1035,1040,1035,3800
2022-09-27 09:56:00,1035,1035,1035,1035,20000
2022-09-27 09:57:00,1035,1035,1035,1035,27100
2022-09-27 09:58:00,1035,1035,1035,1035,362400
2022-09-27 09:59:00,1035,1035,1035,1035,0
2022-09-27 10:00:00,1035,1030,1035,1030,217300
2022-09-27 10:01:00,1025,1025,1040,1025,505700
2022-09-27 10:02:00,1025,1025,1035,1035,4400
2022-09-27 10:03:00,1030,1030,1030,1030,19500
2022-09-27 10:04:00,1030,1025,1035,1035,241800
2022-09-27 10:05:00,1035,1030,1035,1030,0
2022-09-27 10:06:00,1030,1030,1030,1030,1800
2022-09-27 10:07:00,1025,1025,1025,1025,211800
2022-09-27 10:08:00,1025,1025,1025,1025,28800
2022-09-27 10:09:00,1025,1020,1025,1025,51900
2022-09-27 10:10:00,1020,1020,1020,1020,3900
2022-09-27 10:11:00,1025,1025,1025,1025,44400
2022-09-27 10:12:00,1025,1020,1025,1025,8900
2022-09-27 10:13:00,1020,1020,1025,1025,26900
2022-09-27 10:14:00,1025,1025,1025,1025,10000
2022-09-27 10:15:00,1025,1025,1025,1025,27500
2022-09-27 10:16:00,1025,1025,1025,1025,0
2022-09-27 10:17:00,1025,1025,1025,1025,30600
2022-09-27 10:18:00,1025,1025,1025,1025,0
2022-09-27 10:19:00,1025,1025,1025,1025,0
2022-09-27 10:20:00,1030,1025,1030,1025,2800
2022-09-27 10:21:00,1025,1025,1025,1025,0
2022-09-27 10:22:00,1025,1025,1025,1025,300
2022-09-27 10:23:00,1030,1030,1030,1030,800
2022-09-27 10:24:00,1030,1030,1030,1030,0
2022-09-27 10:25:00,1025,1025,1025,1025,1100
2022-09-27 10:26:00,1030,1030,1030,1030,100400
2022-09-27 10:27:00,1030,1030,1030,1030,1000
2022-09-27 10:28:00,1030,1030,1030,1030,101300
2022-09-27 10:29:00,1030,1030,1030,1030,18800
2022-09-27 10:30:00,1030,1030,1030,1030,0
2022-09-27 10:31:00,1030,1030,1030,1030,89600
2022-09-27 10:32:00,1030,1025,1030,1030,10700
2022-09-27 10:33:00,1030,1025,1030,1025,500
2022-09-27 10:34:00,1030,1030,1030,1030,1400
2022-09-27 10:35:00,1025,1025,1025,1025,25200
2022-09-27 10:36:00,1025,1025,1030,1030,189200
2022-09-27 10:37:00,1025,1025,1030,1030,0
2022-09-27 10:38:00,1030,1030,1030,1030,19900
2022-09-27 10:39:00,1030,1030,1035,1030,0
2022-09-27 10:40:00,1030,1030,1030,1030,32200
2022-09-27 10:41:00,1030,1030,1030,1030,0
2022-09-27 10:42:00,1030,1030,1030,1030,0
2022-09-27 10:43:00,1030,1030,1030,1030,0
2022-09-27 10:44:00,1030,1030,1030,1030,0
2022-09-27 10:45:00,1035,1030,1035,1030,7200
2022-09-27 10:46:00,1030,1030,1030,1030,3300
2022-09-27 10:47:00,1030,1030,1030,1030,0
2022-09-27 10:48:00,1030,1030,1030,1030,3300
2022-09-27 10:49:00,1030,1030,1030,1030,13400
2022-09-27 10:50:00,1030,1030,1030,1030,0
2022-09-27 10:51:00,1030,1030,1030,1030,0
2022-09-27 10:52:00,1030,1030,1030,1030,400
2022-09-27 10:53:00,1030,1030,1035,1030,10000
2022-09-27 10:54:00,1030,1030,1030,1030,100
2022-09-27 10:55:00,1030,1030,1030,1030,400
2022-09-27 10:56:00,1030,1030,1030,1030,4100
2022-09-27 10:57:00,1030,1030,1035,1030,359400
2022-09-27 10:58:00,1035,1030,1035,1035,112900
2022-09-27 10:59:00,1030,1030,1030,1030,0
2022-09-27 11:00:00,1035,1035,1035,1035,0
2022-09-27 11:01:00,1035,1035,1035,1035,0
2022-09-27 11:02:00,1035,1035,1035,1035,406700
2022-09-27 11:03:00,1040,1040,1040,1040,5200
2022-09-27 11:04:00,1040,1040,1040,1040,158300
2022-09-27 11:05:00,1040,1040,1040,1040,5000
2022-09-27 11:06:00,1035,1035,1035,1035,2600
2022-09-27 11:07:00,1035,1035,1040,1040,39400
2022-09-27 11:08:00,1040,1035,1040,1035,2400
2022-09-27 11:09:00,1040,1035,1040,1035,0
2022-09-27 11:10:00,1040,1040,1040,1040,0
2022-09-27 11:11:00,1035,1035,1035,1035,95200
2022-09-27 11:12:00,1035,1035,1035,1035,0
2022-09-27 11:13:00,1035,1035,1035,1035,0
2022-09-27 11:14:00,1035,1035,1035,1035,0
2022-09-27 11:15:00,1035,1035,1035,1035,4500
2022-09-27 11:16:00,1035,1035,1035,1035,0
2022-09-27 11:17:00,1035,1035,1035,1035,518900
2022-09-27 11:18:00,1035,1035,1035,1035,0
2022-09-27 11:19:00,1035,1035,1035,1035,0
2022-09-27 11:20:00,1035,1035,1035,1035,0
2022-09-27 11:21:00,1035,1035,1040,1040,0
2022-09-27 11:22:00,1035,1030,1035,1035,327100
2022-09-27 11:23:00,1030,1030,1030,1030,369700
2022-09-27 11:24:00,1030,1030,1030,1030,0
2022-09-27 11:25:00,1030,1030,1030,1030,0
2022-09-27 11:26:00,1030,1030,1035,1035,4700
2022-09-27 11:27:00,1030,1030,1035,1035,0
2022-09-27 11:28:00,1030,1030,1030,1030,2700
2022-09-27 11:29:00,1030,1030,1030,1030,0
2022-09-27 11:30:00,1030,1030,1030,1030,0
2022-09-27 11:31:00,1030,1030,1030,1030,0
2022-09-27 11:32:00,1030,1030,1030,1030,0
2022-09-27 11:33:00,1030,1030,1030,1030,0
2022-09-27 11:34:00,1030,1030,1030,1030,0
2022-09-27 11:35:00,1030,1030,1030,1030,0
2022-09-27 11:36:00,1030,1030,1030,1030,0
2022-09-27 11:37:00,1030,1030,1030,1030,0
2022-09-27 11:38:00,1030,1030,1030,1030,0
2022-09-27 11:39:00,1030,1030,1030,1030,0
2022-09-27 11:40:00,1030,1030,1030,1030,0
2022-09-27 11:41:00,1030,1030,1030,1030,0
2022-09-27 11:42:00,1030,1030,1030,1030,0
2022-09-27 11:43:00,1030,1030,1030,1030,0
2022-09-27 11:44:00,1030,1030,1030,1030,0
2022-09-27 11:45:00,1030,1030,1030,1030,0
2022-09-27 11:46:00,1030,1030,1030,1030,0
2022-09-27 11:47:00,1030,1030,1030,1030,0
2022-09-27 11:48:00,1030,1030,1030,1030,0
2022-09-27 11:49:00,1030,1030,1030,1030,0
2022-09-27 11:50:00,1030,1030,1030,1030,0
2022-09-27 11:51:00,1030,1030,1030,1030,0
2022-09-27 11:52:00,1030,1030,1030,1030,0
2022-09-27 11:53:00,1030,1030,1030,1030,0
2022-09-27 11:54:00,1030,1030,1030,1030,0
2022-09-27 11:55:00,1030,1030,1030,1030,0
2022-09-27 11:56:00,1030,1030,1030,1030,0
2022-09-27 11:57:00,1030,1030,1030,1030,0
2022-09-27 11:58:00,1030,1030,1030,1030,0
2022-09-27 11:59:00,1030,1030,1030,1030,0
2022-09-27 12:00:00,1030,1030,1030,1030,0
2022-09-27 12:01:00,1030,1030,1030,1030,0
2022-09-27 12:02:00,1030,1030,1030,1030,0
2022-09-27 12:03:00,1030,1030,1030,1030,0
2022-09-27 12:04:00,1030,1030,1030,1030,0
2022-09-27 12:05:00,1030,1030,1030,1030,0
2022-09-27 12:06:00,1030,1030,1030,1030,0
2022-09-27 12:07:00,1030,1030,1030,1030,0
2022-09-27 12:08:00,1030,1030,1030,1030,0
2022-09-27 12:09:00,1030,1030,1030,1030,0
2022-09-27 12:10:00,1030,1030,1030,1030,0
2022-09-27 12:11:00,1030,1030,1030,1030,0
2022-09-27 12:12:00,1030,1030,1030,1030,0
2022-09-27 12:13:00,1030,1030,1030,1030,0
2022-09-27 12:14:00,1030,1030,1030,1030,0
2022-09-27 12:15:00,1030,1030,1030,1030,0
2022-09-27 12:16:00,1030,1030,1030,1030,0
2022-09-27 12:17:00,1030,1030,1030,1030,0
2022-09-27 12:18:00,1030,1030,1030,1030,0
2022-09-27 12:19:00,1030,1030,1030,1030,0
2022-09-27 12:20:00,1030,1030,1030,1030,0
2022-09-27 12:21:00,1030,1030,1030,1030,0
2022-09-27 12:22:00,1030,1030,1030,1030,0
2022-09-27 12:23:00,1030,1030,1030,1030,0
2022-09-27 12:24:00,1030,1030,1030,1030,0
2022-09-27 12:25:00,1030,1030,1030,1030,0
2022-09-27 12:26:00,1030,1030,1030,1030,0
2022-09-27 12:27:00,1030,1030,1030,1030,0
2022-09-27 12:28:00,1030,1030,1030,1030,0
2022-09-27 12:29:00,1030,1030,1030,1030,0
2022-09-27 12:30:00,1030,1030,1030,1030,0
2022-09-27 12:31:00,1030,1030,1030,1030,0
2022-09-27 12:32:00,1030,1030,1030,1030,0
2022-09-27 12:33:00,1030,1030,1030,1030,0
2022-09-27 12:34:00,1030,1030,1030,1030,0
2022-09-27 12:35:00,1030,1030,1030,1030,0
2022-09-27 12:36:00,1030,1030,1030,1030,0
2022-09-27 12:37:00,1030,1030,1030,1030,0
2022-09-27 12:38:00,1030,1030,1030,1030,0
2022-09-27 12:39:00,1030,1030,1030,1030,0
2022-09-27 12:40:00,1030,1030,1030,1030,0
2022-09-27 12:41:00,1030,1030,1030,1030,0
2022-09-27 12:42:00,1030,1030,1030,1030,0
2022-09-27 12:43:00,1030,1030,1030,1030,0
2022-09-27 12:44:00,1030,1030,1030,1030,0
2022-09-27 12:45:00,1030,1030,1030,1030,0
2022-09-27 12:46:00,1030,1030,1030,1030,0
2022-09-27 12:47:00,1030,1030,1030,1030,0
2022-09-27 12:48:00,1030,1030,1030,1030,0
2022-09-27 12:49:00,1030,1030,1030,1030,0
2022-09-27 12:50:00,1030,1030,1030,1030,0
2022-09-27 12:51:00,1030,1030,1030,1030,0
2022-09-27 12:52:00,1030,1030,1030,1030,0
2022-09-27 12:53:00,1030,1030,1030,1030,0
2022-09-27 12:54:00,1030,1030,1030,1030,0
2022-09-27 12:55:00,1030,1030,1030,1030,0
2022-09-27 12:56:00,1030,1030,1030,1030,0
2022-09-27 12:57:00,1030,1030,1030,1030,0
2022-09-27 12:58:00,1030,1030,1030,1030,0
2022-09-27 12:59:00,1030,1030,1030,1030,0
2022-09-27 13:00:00,1030,1030,1030,1030,0
2022-09-27 13:01:00,1030,1030,1030,1030,0
2022-09-27 13:02:00,1030,1030,1030,1030,0
2022-09-27 13:03:00,1030,1030,1030,1030,0
2022-09-27 13:04:00,1030,1030,1030,1030,0
2022-09-27 13:05:00,1030,1030,1030,1030,0
2022-09-27 13:06:00,1030,1030,1030,1030,0
2022-09-27 13:07:00,1030,1030,1030,1030,0
2022-09-27 13:08:00,1030,1030,1030,1030,0
2022-09-27 13:09:00,1030,1030,1030,1030,0
2022-09-27 13:10:00,1030,1030,1030,1030,0
2022-09-27 13:11:00,1030,1030,1030,1030,0
2022-09-27 13:12:00,1030,1030,1030,1030,0
2022-09-27 13:13:00,1030,1030,1030,1030,0
2022-09-27 13:14:00,1030,1030,1030,1030,0
2022-09-27 13:15:00,1030,1030,1030,1030,0
2022-09-27 13:16:00,1030,1030,1030,1030,0
2022-09-27 13:17:00,1030,1030,1030,1030,0
2022-09-27 13:18:00,1030,1030,1030,1030,0
2022-09-27 13:19:00,1030,1030,1030,1030,0
2022-09-27 13:20:00,1030,1030,1030,1030,0
2022-09-27 13:21:00,1030,1030,1030,1030,0
2022-09-27 13:22:00,1030,1030,1030,1030,0
2022-09-27 13:23:00,1030,1030,1030,1030,0
2022-09-27 13:24:00,1030,1030,1030,1030,0
2022-09-27 13:25:00,1030,1030,1030,1030,0
2022-09-27 13:26:00,1030,1030,1030,1030,0
2022-09-27 13:27:00,1030,1030,1030,1030,0
2022-09-27 13:28:00,1030,1030,1030,1030,0
2022-09-27 13:29:00,1030,1030,1030,1030,0
2022-09-27 13:30:00,1030,1030,1035,1035,8800
2022-09-27 13:31:00,1030,1030,1030,1030,30200
2022-09-27 13:32:00,1035,1030,1035,1035,10400
2022-09-27 13:33:00,1035,1030,1035,1035,0
2022-09-27 13:34:00,1030,1030,1030,1030,176500
2022-09-27 13:35:00,1035,1030,1035,1030,0
2022-09-27 13:36:00,1035,1035,1035,1035,400
2022-09-27 13:37:00,1035,1030,1035,1030,300
2022-09-27 13:38:00,1030,1030,1030,1030,19500
2022-09-27 13:39:00,1035,1035,1035,1035,95400
2022-09-27 13:40:00,1035,1030,1035,1030,63500
2022-09-27 13:41:00,1030,1030,1030,1030,0
2022-09-27 13:42:00,1035,1035,1040,1040,104200
2022-09-27 13:43:00,1040,1035,1040,1035,5600
2022-09-27 13:44:00,1035,1035,1035,1035,32600
2022-09-27 13:45:00,1035,1030,1035,1030,216600
2022-09-27 13:46:00,1030,1030,1035,1035,0
2022-09-27 13:47:00,1030,1030,1035,1035,0
2022-09-27 13:48:00,1030,1030,1035,1035,87200
2022-09-27 13:49:00,1035,1035,1035,1035,55400
2022-09-27 13:50:00,1030,1030,1035,1035,9100
2022-09-27 13:51:00,1035,1035,1035,1035,25000
2022-09-27 13:52:00,1035,1035,1035,1035,0
2022-09-27 13:53:00,1035,1035,1035,1035,0
2022-09-27 13:54:00,1030,1030,1030,1030,182500
2022-09-27 13:55:00,1035,1035,1035,1035,20000
2022-09-27 13:56:00,1035,1035,1040,1040,24600
2022-09-27 13:57:00,1035,1035,1035,1035,80200
2022-09-27 13:58:00,1035,1035,1035,1035,0
2022-09-27 13:59:00,1035,1035,1035,1035,0
2022-09-27 14:00:00,1035,1035,1035,1035,31400
2022-09-27 14:01:00,1035,1035,1035,1035,6000
2022-09-27 14:02:00,1035,1035,1035,1035,0
2022-09-27 14:03:00,1035,1035,1035,1035,0
2022-09-27 14:04:00,1030,1030,1030,1030,2300
2022-09-27 14:05:00,1030,1030,1035,1035,11200
2022-09-27 14:06:00,1035,1035,1035,1035,9700
2022-09-27 14:07:00,1035,1035,1035,1035,21800
2022-09-27 14:08:00,1035,1035,1035,1035,0
2022-09-27 14:09:00,1035,1035,1035,1035,0
2022-09-27 14:10:00,1035,1035,1035,1035,32000
2022-09-27 14:11:00,1030,1025,1030,1030,1175700
2022-09-27 14:12:00,1035,1035,1035,1035,0
2022-09-27 14:13:00,1030,1030,1030,1030,8000
2022-09-27 14:14:00,1030,1030,1030,1030,0
2022-09-27 14:15:00,1030,1020,1030,1020,1437400
2022-09-27 14:16:00,1020,1020,1025,1025,0
2022-09-27 14:17:00,1025,1010,1025,1015,2051500
2022-09-27 14:18:00,1015,1015,1020,1020,8900
2022-09-27 14:19:00,1025,1020,1025,1020,76100
2022-09-27 14:20:00,1025,1020,1025,1020,14400
2022-09-27 14:21:00,1020,1020,1020,1020,40600
2022-09-27 14:22:00,1020,1020,1020,1020,17200
2022-09-27 14:23:00,1025,1025,1025,1025,0
2022-09-27 14:24:00,1025,1025,1025,1025,0
2022-09-27 14:25:00,1020,1020,1025,1025,1100
2022-09-27 14:26:00,1025,1020,1025,1025,33100
2022-09-27 14:27:00,1020,1015,1020,1020,245900
2022-09-27 14:28:00,1020,1020,1025,1025,0
2022-09-27 14:29:00,1020,1020,1020,1020,3000
2022-09-27 14:30:00,1020,1020,1020,1020,0
2022-09-27 14:31:00,1020,1020,1020,1020,20400
2022-09-27 14:32:00,1020,1020,1020,1020,1300
2022-09-27 14:33:00,1020,1020,1025,1025,800
2022-09-27 14:34:00,1025,1025,1030,1030,174400
2022-09-27 14:35:00,1030,1030,1040,1040,578200
2022-09-27 14:36:00,1035,1035,1040,1040,62400
2022-09-27 14:37:00,1035,1035,1035,1035,79900
2022-09-27 14:38:00,1035,1030,1035,1035,442200
2022-09-27 14:39:00,1035,1035,1035,1035,9900
2022-09-27 14:40:00,1035,1035,1035,1035,2000
2022-09-27 14:41:00,1035,1025,1035,1025,1289300
2022-09-27 14:42:00,1025,1025,1025,1025,0
2022-09-27 14:43:00,1025,1025,1025,1025,49800
2022-09-27 14:44:00,1025,1025,1025,1025,125500
2022-09-27 14:45:00,1025,1025,1030,1030,0
2022-09-27 14:46:00,1030,1030,1030,1030,107600
2022-09-27 14:47:00,1030,1030,1030,1030,185900
2022-09-27 14:48:00,1030,1030,1035,1035,522400
2022-09-27 14:49:00,1035,1035,1035,1035,338400
2022-09-27 14:50:00,1035,1035,1035,1035,0
2022-09-27 14:51:00,1035,1035,1035,1035,0
2022-09-27 14:52:00,1035,1035,1035,1035,0
2022-09-27 14:53:00,1035,1035,1035,1035,0
2022-09-27 14:54:00,1035,1035,1035,1035,0
2022-09-27 14:55:00,1035,1035,1035,1035,0
2022-09-27 14:56:00,1035,1035,1035,1035,0
2022-09-27 14:57:00,1035,1035,1035,1035,0
2022-09-27 14:58:00,1035,1035,1035,1035,0
2022-09-27 14:59:00,1035,1035,1035,1035,0
2022-09-27 15:00:00,1040,1040,1040,1040,3178800
2022-09-27 15:01:00,1040,1040,1040,1040,11000
2022-09-27 15:02:00,1040,1040,1040,1040,2000
2022-09-27 15:03:00,1040,1040,1040,1040,0
2022-09-27 15:04:00,1040,1040,1040,1040,700
2022-09-27 15:05:00,1040,1040,1040,1040,1700
2022-09-27 15:06:00,1040,1040,1040,1040,0
2022-09-27 15:07:00,1040,1040,1040,1040,400
2022-09-27 15:08:00,1040,1040,1040,1040,0
2022-09-27 15:09:00,1040,1040,1040,1040,800
2022-09-27 15:10:00,1040,1040,1040,1040,0
2022-09-27 15:11:00,1040,1040,1040,1040,5000
2022-09-27 15:12:00,1040,1040,1040,1040,0
2022-09-27 15:13:00,1040,1040,1040,1040,0
2022-09-27 15:14:00,1040,1040,1040,1040,0
2022-09-27 15:15:00,1040,1040,1040,1040,0
2022-09-27 15:16:00,1040,1040,1040,1040,0
2022-09-27 15:17:00,1040,1040,1040,1040,0
2022-09-27 15:18:00,1040,1040,1040,1040,0
2022-09-27 15:19:00,1040,1040,1040,1040,0
2022-09-27 15:20:00,1040,1040,1040,1040,0
2022-09-27 15:21:00,1040,1040,1040,1040,0
2022-09-27 15:22:00,1040,1040,1040,1040,0
2022-09-27 15:23:00,1040,1040,1040,1040,0
2022-09-27 15:24:00,1040,1040,1040,1040,0
2022-09-27 15:25:00,1040,1040,1040,1040,0
2022-09-27 15:26:00,1040,1040,1040,1040,0
2022-09-27 15:27:00,1040,1040,1040,1040,0
2022-09-27 15:28:00,1040,1040,1040,1040,0
2022-09-27 15:29:00,1040,1040,1040,1040,0
2022-09-27 15:30:00,1040,1040,1040,1040,0
2022-09-27 15:31:00,1040,1040,1040,1040,0
2022-09-27 15:32:00,1040,1040,1040,1040,0
2022-09-27 15:33:00,1040,1040,1040,1040,0
2022-09-27 15:34:00,1040,1040,1040,1040,0
2022-09-27 15:35:00,1040,1040,1040,1040,0
2022-09-27 15:36:00,1040,1040,1040,1040,0
2022-09-27 15:37:00,1040,1040,1040,1040,0
2022-09-27 15:38:00,1040,1040,1040,1040,0
2022-09-27 15:39:00,1040,1040,1040,1040,0
2022-09-27 15:40:00,1040,1040,1040,1040,0
2022-09-27 15:41:00,1040,1040,1040,1040,0
2022-09-27 15:42:00,1040,1040,1040,1040,0
2022-09-27 15:43:00,1040,1040,1040,1040,0
2022-09-27 15:44:00,1040,1040,1040,1040,0
2022-09-27 15:45:00,1040,1040,1040,1040,0
2022-09-27 15:46:00,1040,1040,1040,1040,0
2022-09-27 15:47:00,1040,1040,1040,1040,0
2022-09-27 15:48:00,1040,1040,1040,1040,0
2022-09-27 15:49:00,1040,1040,1040,1040,0
2022-09-27 15:50:00,1040,1040,1040,1040,0
2022-09-27 15:51:00,1040,1040,1040,1040,0
2022-09-27 15:52:00,1040,1040,1040,1040,0
2022-09-27 15:53:00,1040,1040,1040,1040,0
2022-09-27 15:54:00,1040,1040,1040,1040,0
2022-09-27 15:55:00,1040,1040,1040,1040,0
2022-09-27 15:56:00,1040,1040,1040,1040,0
2022-09-27 15:57:00,1040,1040,1040,1040,0
2022-09-27 15:58:00,1040,1040,1040,1040,0
2022-09-27 15:59:00,1040,1040,1040,1040,0
2022-09-28 09:00:00,1035,1030,1035,1030,520600
2022-09-28 09:01:00,1035,1030,1045,1040,2318700
2022-09-28 09:02:00,1040,1040,1045,1040,71300
2022-09-28 09:03:00,1045,1040,1045,1040,18000
2022-09-28 09:04:00,1040,1040,1045,1045,376700
2022-09-28 09:05:00,1045,1045,1045,1045,3600
2022-09-28 09:06:00,1045,1040,1045,1040,408300
2022-09-28 09:07:00,1040,1040,1040,1040,15300
2022-09-28 09:08:00,1040,1035,1045,1040,433400
2022-09-28 09:09:00,1040,1035,1040,1035,618800
2022-09-28 09:10:00,1035,1035,1040,1040,0
2022-09-28 09:11:00,1040,1040,1040,1040,24900
2022-09-28 09:12:00,1045,1030,1045,1030,10346400
2022-09-28 09:13:00,1035,1030,1035,1030,145300
2022-09-28 09:14:00,1030,1030,1030,1030,4900
2022-09-28 09:15:00,1035,1035,1040,1040,5100
2022-09-28 09:16:00,1040,1035,1045,1035,11275300
2022-09-28 09:17:00,1035,1030,1035,1030,212000
2022-09-28 09:18:00,1035,1030,1035,1030,103600
2022-09-28 09:19:00,1035,1020,1035,1030,1257300
2022-09-28 09:20:00,1030,1025,1030,1030,18100
2022-09-28 09:21:00,1030,1025,1030,1025,548900
2022-09-28 09:22:00,1025,1025,1025,1025,47000
2022-09-28 09:23:00,1025,1020,1025,1020,623900
2022-09-28 09:24:00,1025,1020,1025,1020,119200
2022-09-28 09:25:00,1025,1020,1025,1025,65200
2022-09-28 09:26:00,1025,1020,1025,1020,756900
2022-09-28 09:27:00,1020,1020,1020,1020,3600
2022-09-28 09:28:00,1020,1020,1020,1020,2500
2022-09-28 09:29:00,1020,1020,1020,1020,530400
2022-09-28 09:30:00,1025,1020,1025,1020,20000
2022-09-28 09:31:00,1020,1020,1025,1020,540500
2022-09-28 09:32:00,1020,1015,1020,1015,15000
2022-09-28 09:33:00,1015,1015,1020,1020,153700
2022-09-28 09:34:00,1020,1015,1020,1020,85100
2022-09-28 09:35:00,1020,1015,1020,1020,24100
2022-09-28 09:36:00,1020,1015,1020,1020,7600
2022-09-28 09:37:00,1020,1015,1020,1020,23900
2022-09-28 09:38:00,1015,1015,1020,1020,490100
2022-09-28 09:39:00,1020,1020,1020,1020,0
2022-09-28 09:40:00,1020,1020,1020,1020,450300
2022-09-28 09:41:00,1020,1020,1020,1020,3000
2022-09-28 09:42:00,1020,1020,1020,1020,5100
2022-09-28 09:43:00,1020,1020,1020,1020,30000
2022-09-28 09:44:00,1020,1020,1020,1020,0
2022-09-28 09:45:00,1020,1020,1020,1020,2600
2022-09-28 09:46:00,1020,1020,1020,1020,2500
2022-09-28 09:47:00,1020,1015,1020,1015,110100
2022-09-28 09:48:00,1015,1015,1015,1015,0
2022-09-28 09:49:00,1015,1015,1020,1020,300
2022-09-28 09:50:00,1020,1015,1020,1020,21300
2022-09-28 09:51:00,1020,1015,1020,1015,17700
2022-09-28 09:52:00,1020,1015,1020,1020,500
2022-09-28 09:53:00,1015,1015,1020,1020,0
2022-09-28 09:54:00,1020,1015,1020,1020,520500
2022-09-28 09:55:00,1025,1025,1025,1025,0
2022-09-28 09:56:00,1025,1025,1025,1025,800
2022-09-28 09:57:00,1025,1025,1025,1025,533100
2022-09-28 09:58:00,1025,1025,1025,1025,39300
2022-09-28 09:59:00,1020,1015,1020,1015,104200
2022-09-28 10:00:00,1015,1015,1015,1015,2600
2022-09-28 10:01:00,1020,1020,1020,1020,140700
2022-09-28 10:02:00,1020,1020,1020,1020,0
2022-09-28 10:03:00,1020,1015,1020,1020,4200
2022-09-28 10:04:00,1020,1015,1020,1020,13300
2022-09-28 10:05:00,1020,1020,1020,1020,10900
2022-09-28 10:06:00,1020,1020,1020,1020,12200
2022-09-28 10:07:00,1020,1020,1020,1020,18700
2022-09-28 10:08:00,1020,1020,1020,1020,0
2022-09-28 10:09:00,1015,1015,1015,1015,1600
2022-09-28 10:10:00,1020,1020,1020,1020,27400
2022-09-28 10:11:00,1020,1020,1020,1020,112700
2022-09-28 10:12:00,1020,1020,1020,1020,0
2022-09-28 10:13:00,1020,1015,1020,1020,6100
2022-09-28 10:14:00,1020,1015,1020,1020,6100
2022-09-28 10:15:00,1015,1015,1020,1015,6200
2022-09-28 10:16:00,1015,1015,1020,1015,19400
2022-09-28 10:17:00,1020,1015,1020,1015,1400
2022-09-28 10:18:00,1020,1015,1020,1015,800
2022-09-28 10:19:00,1015,1015,1015,1015,5300
2022-09-28 10:20:00,1020,1015,1020,1020,17800
2022-09-28 10:21:00,1020,1015,1020,1015,1400
2022-09-28 10:22:00,1020,1015,1020,1020,333200
2022-09-28 10:23:00,1020,1020,1020,1020,0
2022-09-28 10:24:00,1025,1025,1025,1025,10600
2022-09-28 10:25:00,1025,1020,1025,1025,0
2022-09-28 10:26:00,1025,1020,1025,1025,0
2022-09-28 10:27:00,1025,1025,1025,1025,1300
2022-09-28 10:28:00,1025,1025,1025,1025,5300
2022-09-28 10:29:00,1025,1020,1025,1020,8900
2022-09-28 10:30:00,1025,1020,1025,1020,0
2022-09-28 10:31:00,1025,1025,1025,1025,0
2022-09-28 10:32:00,1025,1025,1025,1025,304700
2022-09-28 10:33:00,1025,1025,1025,1025,15800
2022-09-28 10:34:00,1025,1025,1025,1025,0
2022-09-28 10:35:00,1025,1025,1025,1025,14000
2022-09-28 10:36:00,1025,1025,1025,1025,2700
2022-09-28 10:37:00,1025,1025,1025,1025,8400
2022-09-28 10:38:00,1025,1025,1025,1025,0
2022-09-28 10:39:00,1020,1020,1020,1020,19800
2022-09-28 10:40:00,1020,1020,1020,1020,203000
2022-09-28 10:41:00,1020,1020,1020,1020,0
2022-09-28 10:42:00,1020,1020,1020,1020,0
2022-09-28 10:43:00,1020,1020,1020,1020,3500
2022-09-28 10:44:00,1020,1020,1020,1020,0
2022-09-28 10:45:00,1020,1020,1020,1020,3400
2022-09-28 10:46:00,1020,1020,1020,1020,0
2022-09-28 10:47:00,1020,1020,1020,1020,0
2022-09-28 10:48:00,1020,1020,1020,1020,0
2022-09-28 10:49:00,1020,1020,1020,1020,0
2022-09-28 10:50:00,1020,1020,1020,1020,0
2022-09-28 10:51:00,1020,1020,1020,1020,25600
2022-09-28 10:52:00,1020,1020,1020,1020,0
2022-09-28 10:53:00,1025,1020,1025,1020,0
2022-09-28 10:54:00,1025,1020,1025,1020,0
2022-09-28 10:55:00,1025,1025,1025,1025,2000
2022-09-28 10:56:00,1025,1020,1025,1020,0
2022-09-28 10:57:00,1025,1020,1025,1020,0
2022-09-28 10:58:00,1020,1020,1020,1020,1100
2022-09-28 10:59:00,1020,1020,1020,1020,0
2022-09-28 11:00:00,1020,1020,1020,1020,0
2022-09-28 11:01:00,1025,1020,1025,1020,2800
2022-09-28 11:02:00,1025,1020,1025,1020,1000
2022-09-28 11:03:00,1020,1020,1020,1020,5900
2022-09-28 11:04:00,1020,1020,1025,1020,1400
2022-09-28 11:05:00,1020,1015,1025,1015,1141200
2022-09-28 11:06:00,1020,1020,1020,1020,0
2022-09-28 11:07:00,1020,1020,1020,1020,5500
2022-09-28 11:08:00,1020,1020,1020,1020,100
2022-09-28 11:09:00,1020,1020,1020,1020,6900
2022-09-28 11:10:00,1020,1020,1020,1020,1000
2022-09-28 11:11:00,1020,1020,1020,1020,0
2022-09-28 11:12:00,1020,1020,1020,1020,3500
2022-09-28 11:13:00,1020,1020,1020,1020,2200
2022-09-28 11:14:00,1020,1020,1020,1020,1400
2022-09-28 11:15:00,1020,1020,1020,1020,900
2022-09-28 11:16:00,1020,1020,1020,1020,0
2022-09-28 11:17:00,1020,1020,1020,1020,8300
2022-09-28 11:18:00,1020,1020,1020,1020,0
2022-09-28 11:19:00,1020,1020,1020,1020,0
2022-09-28 11:20:00,1020,1020,1020,1020,14300
2022-09-28 11:21:00,1025,1025,1025,1025,0
2022-09-28 11:22:00,1020,1020,1020,1020,6200
2022-09-28 11:23:00,1020,1020,1020,1020,0
2022-09-28 11:24:00,1020,1020,1020,1020,0
2022-09-28 11:25:00,1020,1020,1020,1020,0
2022-09-28 11:26:00,1020,1005,1020,1010,2851500
2022-09-28 11:27:00,1015,1010,1020,1010,14600
2022-09-28 11:28:00,1010,1010,1010,1010,94800
2022-09-28 11:29:00,1010,1010,1015,1010,209200
2022-09-28 11:30:00,1010,1010,1015,1010,0
2022-09-28 11:31:00,1010,1010,1015,1010,0
2022-09-28 11:32:00,1010,1010,1015,1010,0
2022-09-28 11:33:00,1010,1010,1015,1010,0
2022-09-28 11:34:00,1010,1010,1015,1010,0
2022-09-28 11:35:00,1010,1010,1015,1010,0
2022-09-28 11:36:00,1010,1010,1015,1010,0
2022-09-28 11:37:00,1010,1010,1015,1010,0
2022-09-28 11:38:00,1010,1010,1015,1010,0
2022-09-28 11:39:00,1010,1010,1015,1010,0
2022-09-28 11:40:00,1010,1010,1015,1010,0
2022-09-28 11:41:00,1010,1010,1015,1010,0
2022-09-28 11:42:00,1010,1010,1015,1010,0
2022-09-28 11:43:00,1010,1010,1015,1010,0
2022-09-28 11:44:00,1010,1010,1015,1010,0
2022-09-28 11:45:00,1010,1010,1015,1010,0
2022-09-28 11:46:00,1010,1010,1015,1010,0
2022-09-28 11:47:00,1010,1010,1015,1010,0
2022-09-28 11:48:00,1010,1010,1015,1010,0
2022-09-28 11:49:00,1010,1010,1015,1010,0
2022-09-28 11:50:00,1010,1010,1015,1010,0
2022-09-28 11:51:00,1010,1010,1015,1010,0
2022-09-28 11:52:00,1010,1010,1015,1010,0
2022-09-28 11:53:00,1010,1010,1015,1010,0
2022-09-28 11:54:00,1010,1010,1015,1010,0
2022-09-28 11:55:00,1010,1010,1015,1010,0
2022-09-28 11:56:00,1010,1010,1015,1010,0
2022-09-28 11:57:00,1010,1010,1015,1010,0
2022-09-28 11:58:00,1010,1010,1015,1010,0
2022-09-28 11:59:00,1010,1010,1015,1010,0
2022-09-28 12:00:00,1010,1010,1015,1010,0
2022-09-28 12:01:00,1010,1010,1015,1010,0
2022-09-28 12:02:00,1010,1010,1015,1010,0
2022-09-28 12:03:00,1010,1010,1015,1010,0
2022-09-28 12:04:00,1010,1010,1015,1010,0
2022-09-28 12:05:00,1010,1010,1015,1010,0
2022-09-28 12:06:00,1010,1010,1015,1010,0
2022-09-28 12:07:00,1010,1010,1015,1010,0
2022-09-28 12:08:00,1010,1010,1015,1010,0
2022-09-28 12:09:00,1010,1010,1015,1010,0
2022-09-28 12:10:00,1010,1010,1015,1010,0
2022-09-28 12:11:00,1010,1010,1015,1010,0
2022-09-28 12:12:00,1010,1010,1015,1010,0
2022-09-28 12:13:00,1010,1010,1015,1010,0
2022-09-28 12:14:00,1010,1010,1015,1010,0
2022-09-28 12:15:00,1010,1010,1015,1010,0
2022-09-28 12:16:00,1010,1010,1015,1010,0
2022-09-28 12:17:00,1010,1010,1015,1010,0
2022-09-28 12:18:00,1010,1010,1015,1010,0
2022-09-28 12:19:00,1010,1010,1015,1010,0
2022-09-28 12:20:00,1010,1010,1015,1010,0
2022-09-28 12:21:00,1010,1010,1015,1010,0
2022-09-28 12:22:00,1010,1010,1015,1010,0
2022-09-28 12:23:00,1010,1010,1015,1010,0
2022-09-28 12:24:00,1010,1010,1015,1010,0
2022-09-28 12:25:00,1010,1010,1015,1010,0
2022-09-28 12:26:00,1010,1010,1015,1010,0
2022-09-28 12:27:00,1010,1010,1015,1010,0
2022-09-28 12:28:00,1010,1010,1015,1010,0
2022-09-28 12:29:00,1010,1010,1015,1010,0
2022-09-28 12:30:00,1010,1010,1015,1010,0
2022-09-28 12:31:00,1010,1010,1015,1010,0
2022-09-28 12:32:00,1010,1010,1015,1010,0
2022-09-28 12:33:00,1010,1010,1015,1010,0
2022-09-28 12:34:00,1010,1010,1015,1010,0
2022-09-28 12:35:00,1010,1010,1015,1010,0
2022-09-28 12:36:00,1010,1010,1015,1010,0
2022-09-28 12:37:00,1010,1010,1015,1010,0
2022-09-28 12:38:00,1010,1010,1015,1010,0
2022-09-28 12:39:00,1010,1010,1015,1010,0
2022-09-28 12:40:00,1010,1010,1015,1010,0
2022-09-28 12:41:00,1010,1010,1015,1010,0
2022-09-28 12:42:00,1010,1010,1015,1010,0
2022-09-28 12:43:00,1010,1010,1015,1010,0
2022-09-28 12:44:00,1010,1010,1015,1010,0
2022-09-28 12:45:00,1010,1010,1015,1010,0
2022-09-28 12:46:00,1010,1010,1015,1010,0
2022-09-28 12:47:00,1010,1010,1015,1010,0
2022-09-28 12:48:00,1010,1010,1015,1010,0
2022-09-28 12:49:00,1010,1010,1015,1010,0
2022-09-28 12:50:00,1010,1010,1015,1010,0
2022-09-28 12:51:00,1010,1010,1015,1010,0
2022-09-28 12:52:00,1010,1010,1015,1010,0
2022-09-28 12:53:00,1010,1010,1015,1010,0
2022-09-28 12:54:00,1010,1010,1015,1010,0
2022-09-28 12:55:00,1010,1010,1015,1010,0
2022-09-28 12:56:00,1010,1010,1015,1010,0
2022-09-28 12:57:00,1010,1010,1015,1010,0
2022-09-28 12:58:00,1010,1010,1015,1010,0
2022-09-28 12:59:00,1010,1010,1015,1010,0
2022-09-28 13:00:00,1010,1010,1015,1010,0
2022-09-28 13:01:00,1010,1010,1015,1010,0
2022-09-28 13:02:00,1010,1010,1015,1010,0
2022-09-28 13:03:00,1010,1010,1015,1010,0
2022-09-28 13:04:00,1010,1010,1015,1010,0
2022-09-28 13:05:00,1010,1010,1015,1010,0
2022-09-28 13:06:00,1010,1010,1015,1010,0
2022-09-28 13:07:00,1010,1010,1015,1010,0
2022-09-28 13:08:00,1010,1010,1015,1010,0
2022-09-28 13:09:00,1010,1010,1015,1010,0
2022-09-28 13:10:00,1010,1010,1015,1010,0
2022-09-28 13:11:00,1010,1010,1015,1010,0
2022-09-28 13:12:00,1010,1010,1015,1010,0
2022-09-28 13:13:00,1010,1010,1015,1010,0
2022-09-28 13:14:00,1010,1010,1015,1010,0
2022-09-28 13:15:00,1010,1010,1015,1010,0
2022-09-28 13:16:00,1010,1010,1015,1010,0
2022-09-28 13:17:00,1010,1010,1015,1010,0
2022-09-28 13:18:00,1010,1010,1015,1010,0
2022-09-28 13:19:00,1010,1010,1015,1010,0
2022-09-28 13:20:00,1010,1010,1015,1010,0
2022-09-28 13:21:00,1010,1010,1015,1010,0
2022-09-28 13:22:00,1010,1010,1015,1010,0
2022-09-28 13:23:00,1010,1010,1015,1010,0
2022-09-28 13:24:00,1010,1010,1015,1010,0
2022-09-28 13:25:00,1010,1010,1015,1010,0
2022-09-28 13:26:00,1010,1010,1015,1010,0
2022-09-28 13:27:00,1010,1010,1015,1010,0
2022-09-28 13:28:00,1010,1010,1015,1010,0
2022-09-28 13:29:00,1010,1010,1015,1010,0
2022-09-28 13:30:00,1010,1010,1020,1015,96500
2022-09-28 13:31:00,1020,1020,1020,1020,0
2022-09-28 13:32:00,1025,1025,1025,1025,40454700
2022-09-28 13:33:00,1025,1025,1030,1025,4500
2022-09-28 13:34:00,1030,1030,1035,1035,1152800
2022-09-28 13:35:00,1030,1030,1030,1030,10400
2022-09-28 13:36:00,1030,1030,1030,1030,208100
2022-09-28 13:37:00,1035,1035,1035,1035,658300
2022-09-28 13:38:00,1030,1030,1035,1030,225800
2022-09-28 13:39:00,1030,1030,1035,1035,67800
2022-09-28 13:40:00,1035,1030,1035,1035,0
2022-09-28 13:41:00,1035,1030,1035,1035,0
2022-09-28 13:42:00,1030,1030,1035,1035,1400
2022-09-28 13:43:00,1035,1030,1035,1030,22300
2022-09-28 13:44:00,1030,1030,1040,1040,432200
2022-09-28 13:45:00,1035,1035,1040,1040,67800
2022-09-28 13:46:00,1035,1035,1040,1040,10300
2022-09-28 13:47:00,1035,1035,1040,1035,37800
2022-09-28 13:48:00,1035,1035,1035,1035,0
2022-09-28 13:49:00,1035,1035,1040,1040,1200
2022-09-28 13:50:00,1035,1035,1035,1035,10000
2022-09-28 13:51:00,1035,1035,1035,1035,5600
2022-09-28 13:52:00,1035,1035,1035,1035,8300
2022-09-28 13:53:00,1035,1035,1035,1035,44900
2022-09-28 13:54:00,1035,1035,1035,1035,119500
2022-09-28 13:55:00,1035,1035,1040,1035,6000
2022-09-28 13:56:00,1035,1035,1040,1035,0
2022-09-28 13:57:00,1035,1035,1035,1035,30100
2022-09-28 13:58:00,1035,1035,1035,1035,8600
2022-09-28 13:59:00,1035,1035,1040,1035,49200
2022-09-28 14:00:00,1035,1035,1035,1035,0
2022-09-28 14:01:00,1035,1035,1035,1035,17100
2022-09-28 14:02:00,1035,1035,1035,1035,3000
2022-09-28 14:03:00,1035,1035,1035,1035,42000
2022-09-28 14:04:00,1035,1035,1035,1035,0
2022-09-28 14:05:00,1035,1035,1035,1035,0
2022-09-28 14:06:00,1035,1035,1035,1035,0
2022-09-28 14:07:00,1035,1035,1040,1040,13200
2022-09-28 14:08:00,1035,1035,1035,1035,883200
2022-09-28 14:09:00,1035,1035,1035,1035,0
2022-09-28 14:10:00,1030,1025,1030,1025,1183800
2022-09-28 14:11:00,1030,1030,1030,1030,0
2022-09-28 14:12:00,1030,1030,1030,1030,0
2022-09-28 14:13:00,1025,1025,1025,1025,5100
2022-09-28 14:14:00,1025,1025,1025,1025,10400
2022-09-28 14:15:00,1030,1030,1030,1030,116200
2022-09-28 14:16:00,1030,1030,1030,1030,0
2022-09-28 14:17:00,1030,1030,1030,1030,55500
2022-09-28 14:18:00,1030,1030,1030,1030,0
2022-09-28 14:19:00,1030,1025,1030,1030,0
2022-09-28 14:20:00,1030,1025,1030,1030,0
2022-09-28 14:21:00,1030,1030,1030,1030,44700
2022-09-28 14:22:00,1030,1030,1030,1030,7100
2022-09-28 14:23:00,1030,1030,1030,1030,0
2022-09-28 14:24:00,1030,1030,1030,1030,1100
2022-09-28 14:25:00,1025,1025,1025,1025,841400
2022-09-28 14:26:00,1020,1020,1025,1025,9600
2022-09-28 14:27:00,1025,1025,1025,1025,0
2022-09-28 14:28:00,1025,1025,1025,1025,92600
2022-09-28 14:29:00,1025,1025,1025,1025,0
2022-09-28 14:30:00,1025,1025,1025,1025,72500
2022-09-28 14:31:00,1025,1025,1025,1025,80800
2022-09-28 14:32:00,1025,1025,1025,1025,22200
2022-09-28 14:33:00,1025,1025,1025,1025,0
2022-09-28 14:34:00,1025,1025,1025,1025,17700
2022-09-28 14:35:00,1025,1025,1025,1025,9400
2022-09-28 14:36:00,1025,1020,1025,1025,946400
2022-09-28 14:37:00,1020,1020,1025,1020,44000
2022-09-28 14:38:00,1025,1020,1025,1025,6200
2022-09-28 14:39:00,1025,1020,1025,1020,173700
2022-09-28 14:40:00,1020,1020,1020,1020,11800
2022-09-28 14:41:00,1020,1020,1020,1020,238000
2022-09-28 14:42:00,1020,1015,1020,1015,764200
2022-09-28 14:43:00,1015,1015,1020,1020,0
2022-09-28 14:44:00,1020,1015,1020,1020,128000
2022-09-28 14:45:00,1020,1015,1025,1025,147300
2022-09-28 14:46:00,1020,1020,1025,1025,328100
2022-09-28 14:47:00,1025,1025,1030,1030,135200
2022-09-28 14:48:00,1025,1025,1035,1030,568600
2022-09-28 14:49:00,1030,1030,1040,1035,1047900
2022-09-28 14:50:00,1030,1030,1040,1035,0
2022-09-28 14:51:00,1030,1030,1040,1035,0
2022-09-28 14:52:00,1030,1030,1040,1035,0
2022-09-28 14:53:00,1030,1030,1040,1035,0
2022-09-28 14:54:00,1030,1030,1040,1035,0
2022-09-28 14:55:00,1030,1030,1040,1035,0
2022-09-28 14:56:00,1030,1030,1040,1035,0
2022-09-28 14:57:00,1030,1030,1040,1035,0
2022-09-28 14:58:00,1030,1030,1040,1035,0
2022-09-28 14:59:00,1030,1030,1040,1035,0
2022-09-28 15:00:00,1030,1030,1030,1030,2178100
2022-09-28 15:01:00,1030,1030,1030,1030,0
2022-09-28 15:02:00,1030,1030,1030,1030,0
2022-09-28 15:03:00,1030,1030,1030,1030,700
2022-09-28 15:04:00,1030,1030,1030,1030,0
2022-09-28 15:05:00,1030,1030,1030,1030,100
2022-09-28 15:06:00,1030,1030,1030,1030,0
2022-09-28 15:07:00,1030,1030,1030,1030,0
2022-09-28 15:08:00,1030,1030,1030,1030,0
2022-09-28 15:09:00,1030,1030,1030,1030,0
2022-09-28 15:10:00,1030,1030,1030,1030,0
2022-09-28 15:11:00,1030,1030,1030,1030,53668700
2022-09-28 15:12:00,1030,1030,1030,1030,0
2022-09-28 15:13:00,1030,1030,1030,1030,0
2022-09-28 15:14:00,1030,1030,1030,1030,0
2022-09-28 15:15:00,1030,1030,1030,1030,0
2022-09-28 15:16:00,1030,1030,1030,1030,0
2022-09-28 15:17:00,1030,1030,1030,1030,0
2022-09-28 15:18:00,1030,1030,1030,1030,0
2022-09-28 15:19:00,1030,1030,1030,1030,0
2022-09-28 15:20:00,1030,1030,1030,1030,0
2022-09-28 15:21:00,1030,1030,1030,1030,0
2022-09-28 15:22:00,1030,1030,1030,1030,0
2022-09-28 15:23:00,1030,1030,1030,1030,0
2022-09-28 15:24:00,1030,1030,1030,1030,0
2022-09-28 15:25:00,1030,1030,1030,1030,0
2022-09-28 15:26:00,1030,1030,1030,1030,0
2022-09-28 15:27:00,1030,1030,1030,1030,0
2022-09-28 15:28:00,1030,1030,1030,1030,0
2022-09-28 15:29:00,1030,1030,1030,1030,0
2022-09-28 15:30:00,1030,1030,1030,1030,0
2022-09-28 15:31:00,1030,1030,1030,1030,0
2022-09-28 15:32:00,1030,1030,1030,1030,0
2022-09-28 15:33:00,1030,1030,1030,1030,0
2022-09-28 15:34:00,1030,1030,1030,1030,0
2022-09-28 15:35:00,1030,1030,1030,1030,0
2022-09-28 15:36:00,1030,1030,1030,1030,0
2022-09-28 15:37:00,1030,1030,1030,1030,0
2022-09-28 15:38:00,1030,1030,1030,1030,0
2022-09-28 15:39:00,1030,1030,1030,1030,0
2022-09-28 15:40:00,1030,1030,1030,1030,0
2022-09-28 15:41:00,1030,1030,1030,1030,0
2022-09-28 15:42:00,1030,1030,1030,1030,0
2022-09-28 15:43:00,1030,1030,1030,1030,0
2022-09-28 15:44:00,1030,1030,1030,1030,0
2022-09-28 15:45:00,1030,1030,1030,1030,0
2022-09-28 15:46:00,1030,1030,1030,1030,0
2022-09-28 15:47:00,1030,1030,1030,1030,0
2022-09-28 15:48:00,1030,1030,1030,1030,0
2022-09-28 15:49:00,1030,1030,1030,1030,0
2022-09-28 15:50:00,1030,1030,1030,1030,0
2022-09-28 15:51:00,1030,1030,1030,1030,0
2022-09-28 15:52:00,1030,1030,1030,1030,0
2022-09-28 15:53:00,1030,1030,1030,1030,0
2022-09-28 15:54:00,1030,1030,1030,1030,0
2022-09-28 15:55:00,1030,1030,1030,1030,0
2022-09-28 15:56:00,1030,1030,1030,1030,0
2022-09-28 15:57:00,1030,1030,1030,1030,0
2022-09-28 15:58:00,1030,1030,1030,1030,0
2022-09-28 15:59:00,1030,1030,1030,1030,0
2022-09-29 09:00:00,1035,1025,1035,1030,0
2022-09-29 09:01:00,1035,1030,1035,1030,18900
2022-09-29 09:02:00,1030,1030,1035,1035,589400
2022-09-29 09:03:00,1035,1030,1035,1035,82300
2022-09-29 09:04:00,1035,1030,1035,1030,36500
2022-09-29 09:05:00,1030,1030,1035,1035,149100
2022-09-29 09:06:00,1035,1030,1035,1035,51200
2022-09-29 09:07:00,1035,1030,1035,1030,36500
2022-09-29 09:08:00,1030,1030,1030,1030,24600
2022-09-29 09:09:00,1030,1030,1035,1030,55100
2022-09-29 09:10:00,1030,1030,1030,1030,506100
2022-09-29 09:11:00,1030,1025,1030,1030,13915700
2022-09-29 09:12:00,1025,1020,1030,1030,0
2022-09-29 09:13:00,1025,1025,1025,1025,10300
2022-09-29 09:14:00,1030,1025,1030,1025,1100
2022-09-29 09:15:00,1025,1020,1030,1025,12356100
2022-09-29 09:16:00,1025,1020,1030,1025,0
2022-09-29 09:17:00,1025,1025,1025,1025,62500
2022-09-29 09:18:00,1025,1025,1025,1025,0
2022-09-29 09:19:00,1025,1020,1025,1025,9100
2022-09-29 09:20:00,1025,1020,1025,1020,7900
2022-09-29 09:21:00,1025,1020,1025,1025,46100
2022-09-29 09:22:00,1025,1020,1025,1025,0
2022-09-29 09:23:00,1025,1025,1025,1025,0
2022-09-29 09:24:00,1025,1025,1025,1025,0
2022-09-29 09:25:00,1025,1025,1025,1025,4500
2022-09-29 09:26:00,1025,1025,1025,1025,35900
2022-09-29 09:27:00,1025,1020,1025,1020,11500
2022-09-29 09:28:00,1020,1020,1030,1025,33200
2022-09-29 09:29:00,1025,1025,1030,1025,10300
2022-09-29 09:30:00,1025,1025,1030,1030,168700
2022-09-29 09:31:00,1030,1030,1030,1030,345200
2022-09-29 09:32:00,1030,1025,1030,1030,111900
2022-09-29 09:33:00,1030,1025,1030,1030,0
2022-09-29 09:34:00,1030,1030,1030,1030,25200
2022-09-29 09:35:00,1030,1030,1030,1030,13400
2022-09-29 09:36:00,1030,1030,1030,1030,0
2022-09-29 09:37:00,1025,1025,1030,1030,89100
2022-09-29 09:38:00,1030,1025,1030,1025,125000
2022-09-29 09:39:00,1025,1020,1030,1020,903100
2022-09-29 09:40:00,1025,1025,1025,1025,0
2022-09-29 09:41:00,1025,1025,1025,1025,4300
2022-09-29 09:42:00,1025,1025,1025,1025,0
2022-09-29 09:43:00,1030,1025,1030,1025,19300
2022-09-29 09:44:00,1025,1025,1035,1030,695700
2022-09-29 09:45:00,1030,1030,1030,1030,278200
2022-09-29 09:46:00,1030,1030,1030,1030,2400
2022-09-29 09:47:00,1030,1030,1030,1030,0
2022-09-29 09:48:00,1025,1025,1025,1025,40300
2022-09-29 09:49:00,1025,1025,1030,1030,0
2022-09-29 09:50:00,1030,1025,1030,1030,221100
2022-09-29 09:51:00,1030,1025,1030,1030,309100
2022-09-29 09:52:00,1030,1030,1030,1030,97300
2022-09-29 09:53:00,1030,1030,1030,1030,34400
2022-09-29 09:54:00,1025,1025,1025,1025,125400
2022-09-29 09:55:00,1025,1025,1025,1025,0
2022-09-29 09:56:00,1025,1025,1030,1030,0
2022-09-29 09:57:00,1030,1030,1030,1030,100
2022-09-29 09:58:00,1030,1030,1030,1030,0
2022-09-29 09:59:00,1030,1030,1030,1030,111100
2022-09-29 10:00:00,1025,1025,1025,1025,0
2022-09-29 10:01:00,1025,1025,1030,1025,420300
2022-09-29 10:02:00,1030,1025,1030,1025,832600
2022-09-29 10:03:00,1025,1025,1025,1025,0
2022-09-29 10:04:00,1025,1020,1025,1025,53200
2022-09-29 10:05:00,1025,1020,1025,1025,125600
2022-09-29 10:06:00,1025,1025,1025,1025,43900
2022-09-29 10:07:00,1025,1025,1025,1025,0
2022-09-29 10:08:00,1030,1030,1035,1035,1128300
2022-09-29 10:09:00,1040,1040,1045,1040,700300
2022-09-29 10:10:00,1040,1040,1045,1040,73300
2022-09-29 10:11:00,1040,1040,1045,1045,8300
2022-09-29 10:12:00,1045,1040,1045,1045,128100
2022-09-29 10:13:00,1045,1040,1045,1045,110100
2022-09-29 10:14:00,1045,1040,1045,1040,403400
2022-09-29 10:15:00,1040,1040,1040,1040,171500
2022-09-29 10:16:00,1040,1040,1040,1040,35200
2022-09-29 10:17:00,1040,1040,1045,1040,167000
2022-09-29 10:18:00,1045,1045,1050,1050,1287100
2022-09-29 10:19:00,1050,1050,1060,1055,857000
2022-09-29 10:20:00,1055,1055,1060,1060,110700
2022-09-29 10:21:00,1055,1055,1060,1060,113400
2022-09-29 10:22:00,1060,1055,1080,1080,3345500
2022-09-29 10:23:00,1075,1070,1085,1075,1178900
2022-09-29 10:24:00,1075,1060,1075,1070,199700
2022-09-29 10:25:00,1070,1060,1070,1070,191000
2022-09-29 10:26:00,1065,1065,1075,1075,345900
2022-09-29 10:27:00,1070,1070,1080,1075,317800
2022-09-29 10:28:00,1075,1075,1075,1075,83500
2022-09-29 10:29:00,1075,1070,1075,1075,120100
2022-09-29 10:30:00,1075,1070,1075,1070,255500
2022-09-29 10:31:00,1070,1065,1070,1065,36100
2022-09-29 10:32:00,1065,1065,1065,1065,375000
2022-09-29 10:33:00,1065,1065,1070,1070,52700
2022-09-29 10:34:00,1070,1065,1075,1070,292300
2022-09-29 10:35:00,1070,1065,1075,1070,32000
2022-09-29 10:36:00,1075,1070,1075,1070,217600
2022-09-29 10:37:00,1070,1065,1070,1065,141600
2022-09-29 10:38:00,1070,1065,1070,1070,152600
2022-09-29 10:39:00,1070,1065,1070,1065,398400
2022-09-29 10:40:00,1065,1060,1065,1060,297600
2022-09-29 10:41:00,1060,1055,1060,1060,117600
2022-09-29 10:42:00,1060,1060,1060,1060,17100
2022-09-29 10:43:00,1060,1055,1060,1060,12900
2022-09-29 10:44:00,1060,1055,1060,1055,117000
2022-09-29 10:45:00,1060,1060,1060,1060,27800
2022-09-29 10:46:00,1060,1055,1060,1060,58300
2022-09-29 10:47:00,1060,1060,1060,1060,92500
2022-09-29 10:48:00,1060,1060,1065,1060,164300
2022-09-29 10:49:00,1055,1055,1060,1060,121000
2022-09-29 10:50:00,1060,1060,1065,1065,190500
2022-09-29 10:51:00,1060,1060,1065,1065,161300
2022-09-29 10:52:00,1065,1065,1070,1065,383200
2022-09-29 10:53:00,1070,1060,1070,1060,9300
2022-09-29 10:54:00,1060,1060,1060,1060,107200
2022-09-29 10:55:00,1060,1060,1060,1060,9300
2022-09-29 10:56:00,1060,1060,1060,1060,6000
2022-09-29 10:57:00,1065,1060,1065,1060,35900
2022-09-29 10:58:00,1065,1060,1065,1060,26400
2022-09-29 10:59:00,1060,1060,1060,1060,3400
2022-09-29 11:00:00,1060,1060,1065,1065,56700
2022-09-29 11:01:00,1060,1060,1060,1060,400
2022-09-29 11:02:00,1065,1060,1065,1060,0
2022-09-29 11:03:00,1060,1060,1065,1060,37700
2022-09-29 11:04:00,1060,1060,1060,1060,2900
2022-09-29 11:05:00,1060,1060,1065,1060,82500
2022-09-29 11:06:00,1065,1060,1065,1065,427300
2022-09-29 11:07:00,1070,1065,1070,1065,36900
2022-09-29 11:08:00,1065,1065,1070,1070,172600
2022-09-29 11:09:00,1065,1065,1065,1065,2800
2022-09-29 11:10:00,1065,1065,1070,1070,350600
2022-09-29 11:11:00,1075,1070,1075,1070,103600
2022-09-29 11:12:00,1070,1070,1070,1070,164700
2022-09-29 11:13:00,1070,1065,1070,1065,60700
2022-09-29 11:14:00,1065,1065,1065,1065,2000
2022-09-29 11:15:00,1065,1065,1065,1065,28500
2022-09-29 11:16:00,1065,1065,1070,1070,15200
2022-09-29 11:17:00,1070,1065,1070,1065,1300
2022-09-29 11:18:00,1070,1065,1070,1065,5300
2022-09-29 11:19:00,1065,1065,1065,1065,8300
2022-09-29 11:20:00,1065,1065,1070,1065,84400
2022-09-29 11:21:00,1065,1065,1065,1065,4100
2022-09-29 11:22:00,1065,1065,1065,1065,1400
2022-09-29 11:23:00,1065,1065,1070,1070,300
2022-09-29 11:24:00,1065,1065,1065,1065,15900
2022-09-29 11:25:00,1065,1065,1065,1065,17000
2022-09-29 11:26:00,1065,1065,1065,1065,22400
2022-09-29 11:27:00,1065,1065,1070,1070,34800
2022-09-29 11:28:00,1070,1070,1070,1070,49800
2022-09-29 11:29:00,1065,1065,1065,1065,0
2022-09-29 11:30:00,1065,1065,1065,1065,0
2022-09-29 11:31:00,1065,1065,1065,1065,0
2022-09-29 11:32:00,1065,1065,1065,1065,0
2022-09-29 11:33:00,1065,1065,1065,1065,0
2022-09-29 11:34:00,1065,1065,1065,1065,0
2022-09-29 11:35:00,1065,1065,1065,1065,0
2022-09-29 11:36:00,1065,1065,1065,1065,0
2022-09-29 11:37:00,1065,1065,1065,1065,0
2022-09-29 11:38:00,1065,1065,1065,1065,0
2022-09-29 11:39:00,1065,1065,1065,1065,0
2022-09-29 11:40:00,1065,1065,1065,1065,0
2022-09-29 11:41:00,1065,1065,1065,1065,0
2022-09-29 11:42:00,1065,1065,1065,1065,0
2022-09-29 11:43:00,1065,1065,1065,1065,0
2022-09-29 11:44:00,1065,1065,1065,1065,0
2022-09-29 11:45:00,1065,1065,1065,1065,0
2022-09-29 11:46:00,1065,1065,1065,1065,0
2022-09-29 11:47:00,1065,1065,1065,1065,0
2022-09-29 11:48:00,1065,1065,1065,1065,0
2022-09-29 11:49:00,1065,1065,1065,1065,0
2022-09-29 11:50:00,1065,1065,1065,1065,0
2022-09-29 11:51:00,1065,1065,1065,1065,0
2022-09-29 11:52:00,1065,1065,1065,1065,0
2022-09-29 11:53:00,1065,1065,1065,1065,0
2022-09-29 11:54:00,1065,1065,1065,1065,0
2022-09-29 11:55:00,1065,1065,1065,1065,0
2022-09-29 11:56:00,1065,1065,1065,1065,0
2022-09-29 11:57:00,1065,1065,1065,1065,0
2022-09-29 11:58:00,1065,1065,1065,1065,0
2022-09-29 11:59:00,1065,1065,1065,1065,0
2022-09-29 12:00:00,1065,1065,1065,1065,0
2022-09-29 12:01:00,1065,1065,1065,1065,0
2022-09-29 12:02:00,1065,1065,1065,1065,0
2022-09-29 12:03:00,1065,1065,1065,1065,0
2022-09-29 12:04:00,1065,1065,1065,1065,0
2022-09-29 12:05:00,1065,1065,1065,1065,0
2022-09-29 12:06:00,1065,1065,1065,1065,0
2022-09-29 12:07:00,1065,1065,1065,1065,0
2022-09-29 12:08:00,1065,1065,1065,1065,0
2022-09-29 12:09:00,1065,1065,1065,1065,0
2022-09-29 12:10:00,1065,1065,1065,1065,0
2022-09-29 12:11:00,1065,1065,1065,1065,0
2022-09-29 12:12:00,1065,1065,1065,1065,0
2022-09-29 12:13:00,1065,1065,1065,1065,0
2022-09-29 12:14:00,1065,1065,1065,1065,0
2022-09-29 12:15:00,1065,1065,1065,1065,0
2022-09-29 12:16:00,1065,1065,1065,1065,0
2022-09-29 12:17:00,1065,1065,1065,1065,0
2022-09-29 12:18:00,1065,1065,1065,1065,0
2022-09-29 12:19:00,1065,1065,1065,1065,0
2022-09-29 12:20:00,1065,1065,1065,1065,0
2022-09-29 12:21:00,1065,1065,1065,1065,0
2022-09-29 12:22:00,1065,1065,1065,1065,0
2022-09-29 12:23:00,1065,1065,1065,1065,0
2022-09-29 12:24:00,1065,1065,1065,1065,0
2022-09-29 12:25:00,1065,1065,1065,1065,0
2022-09-29 12:26:00,1065,1065,1065,1065,0
2022-09-29 12:27:00,1065,1065,1065,1065,0
2022-09-29 12:28:00,1065,1065,1065,1065,0
2022-09-29 12:29:00,1065,1065,1065,1065,0
2022-09-29 12:30:00,1065,1065,1065,1065,0
2022-09-29 12:31:00,1065,1065,1065,1065,0
2022-09-29 12:32:00,1065,1065,1065,1065,0
2022-09-29 12:33:00,1065,1065,1065,1065,0
2022-09-29 12:34:00,1065,1065,1065,1065,0
2022-09-29 12:35:00,1065,1065,1065,1065,0
2022-09-29 12:36:00,1065,1065,1065,1065,0
2022-09-29 12:37:00,1065,1065,1065,1065,0
2022-09-29 12:38:00,1065,1065,1065,1065,0
2022-09-29 12:39:00,1065,1065,1065,1065,0
2022-09-29 12:40:00,1065,1065,1065,1065,0
2022-09-29 12:41:00,1065,1065,1065,1065,0
2022-09-29 12:42:00,1065,1065,1065,1065,0
2022-09-29 12:43:00,1065,1065,1065,1065,0
2022-09-29 12:44:00,1065,1065,1065,1065,0
2022-09-29 12:45:00,1065,1065,1065,1065,0
2022-09-29 12:46:00,1065,1065,1065,1065,0
2022-09-29 12:47:00,1065,1065,1065,1065,0
2022-09-29 12:48:00,1065,1065,1065,1065,0
2022-09-29 12:49:00,1065,1065,1065,1065,0
2022-09-29 12:50:00,1065,1065,1065,1065,0
2022-09-29 12:51:00,1065,1065,1065,1065,0
2022-09-29 12:52:00,1065,1065,1065,1065,0
2022-09-29 12:53:00,1065,1065,1065,1065,0
2022-09-29 12:54:00,1065,1065,1065,1065,0
2022-09-29 12:55:00,1065,1065,1065,1065,0
2022-09-29 12:56:00,1065,1065,1065,1065,0
2022-09-29 12:57:00,1065,1065,1065,1065,0
2022-09-29 12:58:00,1065,1065,1065,1065,0
2022-09-29 12:59:00,1065,1065,1065,1065,0
2022-09-29 13:00:00,1065,1065,1065,1065,0
2022-09-29 13:01:00,1065,1065,1065,1065,0
2022-09-29 13:02:00,1065,1065,1065,1065,0
2022-09-29 13:03:00,1065,1065,1065,1065,0
2022-09-29 13:04:00,1065,1065,1065,1065,0
2022-09-29 13:05:00,1065,1065,1065,1065,0
2022-09-29 13:06:00,1065,1065,1065,1065,0
2022-09-29 13:07:00,1065,1065,1065,1065,0
2022-09-29 13:08:00,1065,1065,1065,1065,0
2022-09-29 13:09:00,1065,1065,1065,1065,0
2022-09-29 13:10:00,1065,1065,1065,1065,0
2022-09-29 13:11:00,1065,1065,1065,1065,0
2022-09-29 13:12:00,1065,1065,1065,1065,0
2022-09-29 13:13:00,1065,1065,1065,1065,0
2022-09-29 13:14:00,1065,1065,1065,1065,0
2022-09-29 13:15:00,1065,1065,1065,1065,0
2022-09-29 13:16:00,1065,1065,1065,1065,0
2022-09-29 13:17:00,1065,1065,1065,1065,0
2022-09-29 13:18:00,1065,1065,1065,1065,0
2022-09-29 13:19:00,1065,1065,1065,1065,0
2022-09-29 13:20:00,1065,1065,1065,1065,0
2022-09-29 13:21:00,1065,1065,1065,1065,0
2022-09-29 13:22:00,1065,1065,1065,1065,0
2022-09-29 13:23:00,1065,1065,1065,1065,0
2022-09-29 13:24:00,1065,1065,1065,1065,0
2022-09-29 13:25:00,1065,1065,1065,1065,0
2022-09-29 13:26:00,1065,1065,1065,1065,0
2022-09-29 13:27:00,1065,1065,1065,1065,0
2022-09-29 13:28:00,1065,1065,1065,1065,0
2022-09-29 13:29:00,1065,1065,1065,1065,0
2022-09-29 13:30:00,1070,1065,1070,1065,388300
2022-09-29 13:31:00,1065,1065,1070,1070,13400
2022-09-29 13:32:00,1065,1060,1065,1060,107400
2022-09-29 13:33:00,1060,1060,1060,1060,191600
2022-09-29 13:34:00,1060,1060,1060,1060,3900
2022-09-29 13:35:00,1065,1060,1065,1060,8200
2022-09-29 13:36:00,1060,1055,1060,1055,636300
2022-09-29 13:37:00,1055,1050,1055,1050,96100
2022-09-29 13:38:00,1050,1050,1055,1050,431500
2022-09-29 13:39:00,1050,1050,1055,1050,46600
2022-09-29 13:40:00,1050,1050,1055,1055,10700
2022-09-29 13:41:00,1050,1050,1055,1050,13100
2022-09-29 13:42:00,1050,1050,1050,1050,32100
2022-09-29 13:43:00,1050,1050,1050,1050,8000
2022-09-29 13:44:00,1050,1050,1050,1050,0
2022-09-29 13:45:00,1050,1050,1050,1050,1200
2022-09-29 13:46:00,1050,1050,1050,1050,14000
2022-09-29 13:47:00,1050,1050,1055,1050,1600
2022-09-29 13:48:00,1050,1050,1050,1050,238600
2022-09-29 13:49:00,1050,1050,1050,1050,54400
2022-09-29 13:50:00,1050,1050,1055,1055,57800
2022-09-29 13:51:00,1050,1050,1050,1050,1900
2022-09-29 13:52:00,1050,1050,1055,1055,57300
2022-09-29 13:53:00,1050,1050,1055,1055,31000
2022-09-29 13:54:00,1055,1055,1055,1055,400
2022-09-29 13:55:00,1055,1050,1055,1050,53800
2022-09-29 13:56:00,1050,1050,1050,1050,0
2022-09-29 13:57:00,1050,1050,1050,1050,4100
2022-09-29 13:58:00,1050,1050,1050,1050,39100
2022-09-29 13:59:00,1050,1050,1050,1050,0
2022-09-29 14:00:00,1050,1050,1055,1055,25200
2022-09-29 14:01:00,1050,1050,1055,1050,104000
2022-09-29 14:02:00,1050,1050,1050,1050,1000
2022-09-29 14:03:00,1050,1050,1050,1050,27600
2022-09-29 14:04:00,1045,1045,1050,1045,282900
2022-09-29 14:05:00,1045,1045,1045,1045,24700
2022-09-29 14:06:00,1045,1045,1050,1045,23700
2022-09-29 14:07:00,1045,1045,1050,1050,14800
2022-09-29 14:08:00,1050,1050,1050,1050,0
2022-09-29 14:09:00,1050,1045,1050,1050,28200
2022-09-29 14:10:00,1050,1050,1050,1050,3700
2022-09-29 14:11:00,1050,1050,1050,1050,101600
2022-09-29 14:12:00,1050,1050,1055,1055,73500
2022-09-29 14:13:00,1055,1055,1055,1055,0
2022-09-29 14:14:00,1055,1055,1055,1055,16200
2022-09-29 14:15:00,1055,1055,1060,1060,17900
2022-09-29 14:16:00,1060,1060,1060,1060,10200
2022-09-29 14:17:00,1055,1055,1055,1055,2100
2022-09-29 14:18:00,1055,1055,1055,1055,200
2022-09-29 14:19:00,1055,1055,1055,1055,50100
2022-09-29 14:20:00,1055,1050,1055,1050,208000
2022-09-29 14:21:00,1055,1050,1055,1050,0
2022-09-29 14:22:00,1050,1050,1050,1050,19700
2022-09-29 14:23:00,1050,1050,1050,1050,21900
2022-09-29 14:24:00,1050,1045,1050,1045,9600
2022-09-29 14:25:00,1050,1050,1050,1050,41900
2022-09-29 14:26:00,1050,1050,1050,1050,33300
2022-09-29 14:27:00,1050,1050,1050,1050,0
2022-09-29 14:28:00,1050,1045,1050,1045,14900
2022-09-29 14:29:00,1045,1045,1045,1045,8100
2022-09-29 14:30:00,1045,1045,1050,1050,281400
2022-09-29 14:31:00,1050,1050,1055,1055,101500
2022-09-29 14:32:00,1050,1050,1055,1050,0
2022-09-29 14:33:00,1050,1050,1050,1050,43900
2022-09-29 14:34:00,1050,1050,1050,1050,290100
2022-09-29 14:35:00,1050,1045,1050,1045,54800
2022-09-29 14:36:00,1045,1045,1045,1045,309400
2022-09-29 14:37:00,1040,1035,1045,1040,353100
2022-09-29 14:38:00,1040,1030,1040,1035,693300
2022-09-29 14:39:00,1035,1035,1045,1045,717300
2022-09-29 14:40:00,1045,1045,1055,1055,699400
2022-09-29 14:41:00,1055,1050,1055,1050,198800
2022-09-29 14:42:00,1050,1050,1055,1055,19100
2022-09-29 14:43:00,1055,1050,1055,1050,146600
2022-09-29 14:44:00,1055,1050,1055,1050,54100
2022-09-29 14:45:00,1050,1050,1055,1050,52400
2022-09-29 14:46:00,1050,1050,1050,1050,32100
2022-09-29 14:47:00,1050,1050,1055,1055,99600
2022-09-29 14:48:00,1050,1045,1050,1050,217600
2022-09-29 14:49:00,1050,1050,1055,1050,0
2022-09-29 14:50:00,1050,1050,1055,1050,0
2022-09-29 14:51:00,1050,1050,1055,1050,0
2022-09-29 14:52:00,1050,1050,1055,1050,0
2022-09-29 14:53:00,1050,1050,1055,1050,0
2022-09-29 14:54:00,1050,1050,1055,1050,0
2022-09-29 14:55:00,1050,1050,1055,1050,0
2022-09-29 14:56:00,1050,1050,1055,1050,0
2022-09-29 14:57:00,1050,1050,1055,1050,0
2022-09-29 14:58:00,1050,1050,1055,1050,0
2022-09-29 14:59:00,1050,1050,1055,1050,0
2022-09-29 15:00:00,1050,1050,1050,1050,1418100
2022-09-29 15:01:00,1050,1050,1050,1050,138000
2022-09-29 15:02:00,1050,1050,1050,1050,13100
2022-09-29 15:03:00,1050,1050,1050,1050,101900
2022-09-29 15:04:00,1050,1050,1050,1050,0
2022-09-29 15:05:00,1050,1050,1050,1050,300
2022-09-29 15:06:00,1050,1050,1050,1050,800
2022-09-29 15:07:00,1050,1050,1050,1050,4900
2022-09-29 15:08:00,1050,1050,1050,1050,0
2022-09-29 15:09:00,1050,1050,1050,1050,4000
2022-09-29 15:10:00,1050,1050,1050,1050,269500
2022-09-29 15:11:00,1050,1050,1050,1050,0
2022-09-29 15:12:00,1050,1050,1050,1050,3400
2022-09-29 15:13:00,1050,1050,1050,1050,223700
2022-09-29 15:14:00,1050,1050,1050,1050,0
2022-09-29 15:15:00,1050,1050,1050,1050,0
2022-09-29 15:16:00,1050,1050,1050,1050,0
2022-09-29 15:17:00,1050,1050,1050,1050,0
2022-09-29 15:18:00,1050,1050,1050,1050,0
2022-09-29 15:19:00,1050,1050,1050,1050,0
2022-09-29 15:20:00,1050,1050,1050,1050,0
2022-09-29 15:21:00,1050,1050,1050,1050,0
2022-09-29 15:22:00,1050,1050,1050,1050,0
2022-09-29 15:23:00,1050,1050,1050,1050,0
2022-09-29 15:24:00,1050,1050,1050,1050,0
2022-09-29 15:25:00,1050,1050,1050,1050,0
2022-09-29 15:26:00,1050,1050,1050,1050,0
2022-09-29 15:27:00,1050,1050,1050,1050,0
2022-09-29 15:28:00,1050,1050,1050,1050,0
2022-09-29 15:29:00,1050,1050,1050,1050,0
2022-09-29 15:30:00,1050,1050,1050,1050,0
2022-09-29 15:31:00,1050,1050,1050,1050,0
2022-09-29 15:32:00,1050,1050,1050,1050,0
2022-09-29 15:33:00,1050,1050,1050,1050,0
2022-09-29 15:34:00,1050,1050,1050,1050,0
2022-09-29 15:35:00,1050,1050,1050,1050,0
2022-09-29 15:36:00,1050,1050,1050,1050,0
2022-09-29 15:37:00,1050,1050,1050,1050,0
2022-09-29 15:38:00,1050,1050,1050,1050,0
2022-09-29 15:39:00,1050,1050,1050,1050,0
2022-09-29 15:40:00,1050,1050,1050,1050,0
2022-09-29 15:41:00,1050,1050,1050,1050,0
2022-09-29 15:42:00,1050,1050,1050,1050,0
2022-09-29 15:43:00,1050,1050,1050,1050,0
2022-09-29 15:44:00,1050,1050,1050,1050,0
2022-09-29 15:45:00,1050,1050,1050,1050,0
2022-09-29 15:46:00,1050,1050,1050,1050,0
2022-09-29 15:47:00,1050,1050,1050,1050,0
2022-09-29 15:48:00,1050,1050,1050,1050,0
2022-09-29 15:49:00,1050,1050,1050,1050,0
2022-09-29 15:50:00,1050,1050,1050,1050,0
2022-09-29 15:51:00,1050,1050,1050,1050,0
2022-09-29 15:52:00,1050,1050,1050,1050,0
2022-09-29 15:53:00,1050,1050,1050,1050,0
2022-09-29 15:54:00,1050,1050,1050,1050,0
2022-09-29 15:55:00,1050,1050,1050,1050,0
2022-09-29 15:56:00,1050,1050,1050,1050,0
2022-09-29 15:57:00,1050,1050,1050,1050,0
2022-09-29 15:58:00,1050,1050,1050,1050,0
2022-09-29 15:59:00,1050,1050,1050,1050,0
2022-09-30 09:00:00,1050,1035,1050,1040,51400
2022-09-30 09:01:00,1035,1035,1040,1040,24800
2022-09-30 09:02:00,1040,1035,1040,1035,84500
2022-09-30 09:03:00,1035,1035,1035,1035,139000
2022-09-30 09:04:00,1030,1030,1035,1030,311300
2022-09-30 09:05:00,1030,1030,1035,1030,45900
2022-09-30 09:06:00,1030,1030,1035,1035,17900
2022-09-30 09:07:00,1030,1030,1030,1030,210900
2022-09-30 09:08:00,1030,1030,1030,1030,116300
2022-09-30 09:09:00,1030,1030,1035,1035,272900
2022-09-30 09:10:00,1030,1030,1030,1030,700
2022-09-30 09:11:00,1030,1030,1030,1030,33300
2022-09-30 09:12:00,1030,1030,1035,1035,0
2022-09-30 09:13:00,1035,1030,1035,1035,75000
2022-09-30 09:14:00,1035,1035,1035,1035,0
2022-09-30 09:15:00,1035,1035,1035,1035,6900
2022-09-30 09:16:00,1035,1035,1045,1045,264700
2022-09-30 09:17:00,1040,1040,1045,1045,41500
2022-09-30 09:18:00,1040,1040,1040,1040,99200
2022-09-30 09:19:00,1035,1030,1040,1035,405800
2022-09-30 09:20:00,1035,1030,1035,1035,100
2022-09-30 09:21:00,1030,1030,1035,1035,1900
2022-09-30 09:22:00,1030,1030,1035,1035,189000
2022-09-30 09:23:00,1030,1030,1035,1035,234100
2022-09-30 09:24:00,1030,1030,1030,1030,0
2022-09-30 09:25:00,1030,1030,1035,1035,54800
2022-09-30 09:26:00,1030,1030,1035,1035,0
2022-09-30 09:27:00,1030,1030,1030,1030,22200
2022-09-30 09:28:00,1030,1030,1035,1030,228200
2022-09-30 09:29:00,1030,1030,1030,1030,151100
2022-09-30 09:30:00,1025,1025,1030,1025,70600
2022-09-30 09:31:00,1025,1020,1025,1020,496800
2022-09-30 09:32:00,1020,1015,1025,1015,581600
2022-09-30 09:33:00,1015,1015,1020,1015,233300
2022-09-30 09:34:00,1015,1015,1020,1015,146100
2022-09-30 09:35:00,1015,1015,1020,1015,283000
2022-09-30 09:36:00,1015,1015,1020,1020,20900
2022-09-30 09:37:00,1020,1015,1020,1015,103600
2022-09-30 09:38:00,1020,1020,1030,1025,347100
2022-09-30 09:39:00,1025,1025,1025,1025,23100
2022-09-30 09:40:00,1025,1020,1025,1025,20000
2022-09-30 09:41:00,1020,1020,1020,1020,22300
2022-09-30 09:42:00,1020,1020,1025,1025,54800
2022-09-30 09:43:00,1025,1025,1030,1030,20000
2022-09-30 09:44:00,1025,1020,1025,1020,122500
2022-09-30 09:45:00,1020,1015,1025,1025,6100
2022-09-30 09:46:00,1020,1020,1020,1020,3500
2022-09-30 09:47:00,1025,1020,1025,1020,6100
2022-09-30 09:48:00,1025,1025,1025,1025,61000
2022-09-30 09:49:00,1025,1025,1030,1030,37900
2022-09-30 09:50:00,1025,1025,1025,1025,63700
2022-09-30 09:51:00,1025,1025,1025,1025,0
2022-09-30 09:52:00,1025,1025,1030,1030,301600
2022-09-30 09:53:00,1025,1025,1030,1030,0
2022-09-30 09:54:00,1030,1025,1030,1030,22400
2022-09-30 09:55:00,1025,1025,1025,1025,17700
2022-09-30 09:56:00,1025,1020,1025,1025,54500
2022-09-30 09:57:00,1020,1020,1030,1030,58600
2022-09-30 09:58:00,1025,1020,1025,1025,50200
2022-09-30 09:59:00,1030,1030,1030,1030,10500
2022-09-30 10:00:00,1030,1030,1030,1030,0
2022-09-30 10:01:00,1030,1025,1030,1030,6600
2022-09-30 10:02:00,1030,1030,1030,1030,4300
2022-09-30 10:03:00,1030,1025,1030,1030,65300
2022-09-30 10:04:00,1025,1025,1030,1030,42200
2022-09-30 10:05:00,1030,1030,1030,1030,1600
2022-09-30 10:06:00,1025,1025,1025,1025,800
2022-09-30 10:07:00,1025,1025,1030,1030,21300
2022-09-30 10:08:00,1030,1030,1030,1030,29000
2022-09-30 10:09:00,1030,1030,1030,1030,0
2022-09-30 10:10:00,1030,1030,1030,1030,6300
2022-09-30 10:11:00,1030,1030,1030,1030,0
2022-09-30 10:12:00,1030,1030,1035,1035,207500
2022-09-30 10:13:00,1030,1030,1030,1030,0
2022-09-30 10:14:00,1035,1035,1035,1035,0
2022-09-30 10:15:00,1035,1035,1035,1035,0
2022-09-30 10:16:00,1030,1030,1035,1035,1500
2022-09-30 10:17:00,1030,1030,1030,1030,200
2022-09-30 10:18:00,1030,1030,1030,1030,194600
2022-09-30 10:19:00,1025,1025,1025,1025,0
2022-09-30 10:20:00,1025,1025,1025,1025,0
2022-09-30 10:21:00,1025,1025,1025,1025,0
2022-09-30 10:22:00,1025,1025,1030,1030,1100
2022-09-30 10:23:00,1025,1025,1030,1030,14100
2022-09-30 10:24:00,1030,1030,1030,1030,10400
2022-09-30 10:25:00,1030,1025,1030,1025,58200
2022-09-30 10:26:00,1030,1030,1030,1030,1000
2022-09-30 10:27:00,1025,1025,1030,1030,43800
2022-09-30 10:28:00,1030,1030,1030,1030,0
2022-09-30 10:29:00,1030,1025,1030,1030,5400
2022-09-30 10:30:00,1030,1030,1030,1030,52300
2022-09-30 10:31:00,1030,1030,1030,1030,300
2022-09-30 10:32:00,1030,1030,1030,1030,0
2022-09-30 10:33:00,1030,1030,1030,1030,0
2022-09-30 10:34:00,1030,1030,1035,1035,117200
2022-09-30 10:35:00,1035,1030,1035,1030,12100
2022-09-30 10:36:00,1030,1030,1030,1030,900
2022-09-30 10:37:00,1030,1030,1030,1030,0
2022-09-30 10:38:00,1030,1030,1030,1030,0
2022-09-30 10:39:00,1030,1030,1030,1030,15100
2022-09-30 10:40:00,1025,1025,1025,1025,0
2022-09-30 10:41:00,1025,1025,1030,1030,5400
2022-09-30 10:42:00,1030,1030,1035,1035,4700
2022-09-30 10:43:00,1030,1025,1030,1030,45500
2022-09-30 10:44:00,1030,1025,1030,1030,0
2022-09-30 10:45:00,1030,1030,1035,1035,29000
2022-09-30 10:46:00,1030,1030,1030,1030,8300
2022-09-30 10:47:00,1030,1030,1030,1030,0
2022-09-30 10:48:00,1035,1035,1035,1035,6500
2022-09-30 10:49:00,1035,1035,1035,1035,0
2022-09-30 10:50:00,1035,1035,1035,1035,0
2022-09-30 10:51:00,1035,1035,1035,1035,0
2022-09-30 10:52:00,1035,1035,1035,1035,0
2022-09-30 10:53:00,1035,1035,1035,1035,4000
2022-09-30 10:54:00,1030,1030,1030,1030,7900
2022-09-30 10:55:00,1030,1030,1035,1035,19500
2022-09-30 10:56:00,1030,1030,1035,1035,2100
2022-09-30 10:57:00,1030,1030,1035,1035,0
2022-09-30 10:58:00,1030,1030,1035,1035,900
2022-09-30 10:59:00,1030,1030,1035,1030,37000
2022-09-30 11:00:00,1030,1025,1035,1030,10278500
2022-09-30 11:01:00,1040,1035,1050,1050,12149300
2022-09-30 11:02:00,1040,1040,1040,1040,100
2022-09-30 11:03:00,1045,1040,1045,1045,2300
2022-09-30 11:04:00,1045,1045,1050,1050,10500
2022-09-30 11:05:00,1045,1045,1045,1045,3400
2022-09-30 11:06:00,1045,1045,1045,1045,6000
2022-09-30 11:07:00,1045,1045,1045,1045,0
2022-09-30 11:08:00,1040,1040,1045,1045,32400
2022-09-30 11:09:00,1040,1040,1045,1045,34400
2022-09-30 11:10:00,1040,1040,1045,1045,0
2022-09-30 11:11:00,1040,1040,1045,1045,0
2022-09-30 11:12:00,1040,1040,1045,1040,66400
2022-09-30 11:13:00,1040,1040,1045,1045,10200
2022-09-30 11:14:00,1045,1045,1045,1045,100
2022-09-30 11:15:00,1045,1045,1045,1045,9900
2022-09-30 11:16:00,1045,1045,1045,1045,0
2022-09-30 11:17:00,1045,1045,1045,1045,400
2022-09-30 11:18:00,1045,1045,1045,1045,11800
2022-09-30 11:19:00,1045,1045,1045,1045,7600
2022-09-30 11:20:00,1040,1040,1040,1040,0
2022-09-30 11:21:00,1045,1040,1045,1040,1700
2022-09-30 11:22:00,1040,1040,1045,1045,201100
2022-09-30 11:23:00,1045,1040,1045,1040,3100
2022-09-30 11:24:00,1040,1040,1040,1040,0
2022-09-30 11:25:00,1040,1040,1040,1040,0
2022-09-30 11:26:00,1040,1040,1040,1040,0
2022-09-30 11:27:00,1040,1040,1040,1040,25000
2022-09-30 11:28:00,1040,1040,1040,1040,0
2022-09-30 11:29:00,1040,1040,1045,1045,0
2022-09-30 11:30:00,1040,1040,1045,1045,0
2022-09-30 11:31:00,1040,1040,1045,1045,0
2022-09-30 11:32:00,1040,1040,1045,1045,0
2022-09-30 11:33:00,1040,1040,1045,1045,0
2022-09-30 11:34:00,1040,1040,1045,1045,0
2022-09-30 11:35:00,1040,1040,1045,1045,0
2022-09-30 11:36:00,1040,1040,1045,1045,0
2022-09-30 11:37:00,1040,1040,1045,1045,0
2022-09-30 11:38:00,1040,1040,1045,1045,0
2022-09-30 11:39:00,1040,1040,1045,1045,0
2022-09-30 11:40:00,1040,1040,1045,1045,0
2022-09-30 11:41:00,1040,1040,1045,1045,0
2022-09-30 11:42:00,1040,1040,1045,1045,0
2022-09-30 11:43:00,1040,1040,1045,1045,0
2022-09-30 11:44:00,1040,1040,1045,1045,0
2022-09-30 11:45:00,1040,1040,1045,1045,0
2022-09-30 11:46:00,1040,1040,1045,1045,0
2022-09-30 11:47:00,1040,1040,1045,1045,0
2022-09-30 11:48:00,1040,1040,1045,1045,0
2022-09-30 11:49:00,1040,1040,1045,1045,0
2022-09-30 11:50:00,1040,1040,1045,1045,0
2022-09-30 11:51:00,1040,1040,1045,1045,0
2022-09-30 11:52:00,1040,1040,1045,1045,0
2022-09-30 11:53:00,1040,1040,1045,1045,0
2022-09-30 11:54:00,1040,1040,1045,1045,0
2022-09-30 11:55:00,1040,1040,1045,1045,0
2022-09-30 11:56:00,1040,1040,1045,1045,0
2022-09-30 11:57:00,1040,1040,1045,1045,0
2022-09-30 11:58:00,1040,1040,1045,1045,0
2022-09-30 11:59:00,1040,1040,1045,1045,0
2022-09-30 12:00:00,1040,1040,1045,1045,0
2022-09-30 12:01:00,1040,1040,1045,1045,0
2022-09-30 12:02:00,1040,1040,1045,1045,0
2022-09-30 12:03:00,1040,1040,1045,1045,0
2022-09-30 12:04:00,1040,1040,1045,1045,0
2022-09-30 12:05:00,1040,1040,1045,1045,0
2022-09-30 12:06:00,1040,1040,1045,1045,0
2022-09-30 12:07:00,1040,1040,1045,1045,0
2022-09-30 12:08:00,1040,1040,1045,1045,0
2022-09-30 12:09:00,1040,1040,1045,1045,0
2022-09-30 12:10:00,1040,1040,1045,1045,0
2022-09-30 12:11:00,1040,1040,1045,1045,0
2022-09-30 12:12:00,1040,1040,1045,1045,0
2022-09-30 12:13:00,1040,1040,1045,1045,0
2022-09-30 12:14:00,1040,1040,1045,1045,0
2022-09-30 12:15:00,1040,1040,1045,1045,0
2022-09-30 12:16:00,1040,1040,1045,1045,0
2022-09-30 12:17:00,1040,1040,1045,1045,0
2022-09-30 12:18:00,1040,1040,1045,1045,0
2022-09-30 12:19:00,1040,1040,1045,1045,0
2022-09-30 12:20:00,1040,1040,1045,1045,0
2022-09-30 12:21:00,1040,1040,1045,1045,0
2022-09-30 12:22:00,1040,1040,1045,1045,0
2022-09-30 12:23:00,1040,1040,1045,1045,0
2022-09-30 12:24:00,1040,1040,1045,1045,0
2022-09-30 12:25:00,1040,1040,1045,1045,0
2022-09-30 12:26:00,1040,1040,1045,1045,0
2022-09-30 12:27:00,1040,1040,1045,1045,0
2022-09-30 12:28:00,1040,1040,1045,1045,0
2022-09-30 12:29:00,1040,1040,1045,1045,0
2022-09-30 12:30:00,1040,1040,1045,1045,0
2022-09-30 12:31:00,1040,1040,1045,1045,0
2022-09-30 12:32:00,1040,1040,1045,1045,0
2022-09-30 12:33:00,1040,1040,1045,1045,0
2022-09-30 12:34:00,1040,1040,1045,1045,0
2022-09-30 12:35:00,1040,1040,1045,1045,0
2022-09-30 12:36:00,1040,1040,1045,1045,0
2022-09-30 12:37:00,1040,1040,1045,1045,0
2022-09-30 12:38:00,1040,1040,1045,1045,0
2022-09-30 12:39:00,1040,1040,1045,1045,0
2022-09-30 12:40:00,1040,1040,1045,1045,0
2022-09-30 12:41:00,1040,1040,1045,1045,0
2022-09-30 12:42:00,1040,1040,1045,1045,0
2022-09-30 12:43:00,1040,1040,1045,1045,0
2022-09-30 12:44:00,1040,1040,1045,1045,0
2022-09-30 12:45:00,1040,1040,1045,1045,0
2022-09-30 12:46:00,1040,1040,1045,1045,0
2022-09-30 12:47:00,1040,1040,1045,1045,0
2022-09-30 12:48:00,1040,1040,1045,1045,0
2022-09-30 12:49:00,1040,1040,1045,1045,0
2022-09-30 12:50:00,1040,1040,1045,1045,0
2022-09-30 12:51:00,1040,1040,1045,1045,0
2022-09-30 12:52:00,1040,1040,1045,1045,0
2022-09-30 12:53:00,1040,1040,1045,1045,0
2022-09-30 12:54:00,1040,1040,1045,1045,0
2022-09-30 12:55:00,1040,1040,1045,1045,0
2022-09-30 12:56:00,1040,1040,1045,1045,0
2022-09-30 12:57:00,1040,1040,1045,1045,0
2022-09-30 12:58:00,1040,1040,1045,1045,0
2022-09-30 12:59:00,1040,1040,1045,1045,0
2022-09-30 13:00:00,1040,1040,1045,1045,0
2022-09-30 13:01:00,1040,1040,1045,1045,0
2022-09-30 13:02:00,1040,1040,1045,1045,0
2022-09-30 13:03:00,1040,1040,1045,1045,0
2022-09-30 13:04:00,1040,1040,1045,1045,0
2022-09-30 13:05:00,1040,1040,1045,1045,0
2022-09-30 13:06:00,1040,1040,1045,1045,0
2022-09-30 13:07:00,1040,1040,1045,1045,0
2022-09-30 13:08:00,1040,1040,1045,1045,0
2022-09-30 13:09:00,1040,1040,1045,1045,0
2022-09-30 13:10:00,1040,1040,1045,1045,0
2022-09-30 13:11:00,1040,1040,1045,1045,0
2022-09-30 13:12:00,1040,1040,1045,1045,0
2022-09-30 13:13:00,1040,1040,1045,1045,0
2022-09-30 13:14:00,1040,1040,1045,1045,0
2022-09-30 13:15:00,1040,1040,1045,1045,0
2022-09-30 13:16:00,1040,1040,1045,1045,0
2022-09-30 13:17:00,1040,1040,1045,1045,0
2022-09-30 13:18:00,1040,1040,1045,1045,0
2022-09-30 13:19:00,1040,1040,1045,1045,0
2022-09-30 13:20:00,1040,1040,1045,1045,0
2022-09-30 13:21:00,1040,1040,1045,1045,0
2022-09-30 13:22:00,1040,1040,1045,1045,0
2022-09-30 13:23:00,1040,1040,1045,1045,0
2022-09-30 13:24:00,1040,1040,1045,1045,0
2022-09-30 13:25:00,1040,1040,1045,1045,0
2022-09-30 13:26:00,1040,1040,1045,1045,0
2022-09-30 13:27:00,1040,1040,1045,1045,0
2022-09-30 13:28:00,1040,1040,1045,1045,0
2022-09-30 13:29:00,1040,1040,1045,1045,0
2022-09-30 13:30:00,1045,1040,1045,1045,68100
2022-09-30 13:31:00,1040,1040,1045,1045,20400
2022-09-30 13:32:00,1045,1045,1045,1045,39200
2022-09-30 13:33:00,1045,1045,1045,1045,50400
2022-09-30 13:34:00,1045,1045,1045,1045,700
2022-09-30 13:35:00,1045,1045,1045,1045,15400
2022-09-30 13:36:00,1045,1045,1045,1045,0
2022-09-30 13:37:00,1045,1045,1045,1045,10800
2022-09-30 13:38:00,1045,1045,1045,1045,24000
2022-09-30 13:39:00,1045,1040,1045,1040,900
2022-09-30 13:40:00,1045,1045,1045,1045,12600
2022-09-30 13:41:00,1045,1045,1045,1045,4400
2022-09-30 13:42:00,1045,1040,1045,1045,106600
2022-09-30 13:43:00,1045,1040,1045,1045,20200
2022-09-30 13:44:00,1040,1040,1040,1040,0
2022-09-30 13:45:00,1040,1040,1045,1045,16400
2022-09-30 13:46:00,1045,1040,1045,1040,1800
2022-09-30 13:47:00,1040,1040,1045,1045,13600
2022-09-30 13:48:00,1040,1040,1040,1040,129100
2022-09-30 13:49:00,1040,1040,1040,1040,14500
2022-09-30 13:50:00,1040,1040,1040,1040,1600
2022-09-30 13:51:00,1045,1040,1045,1040,45700
2022-09-30 13:52:00,1040,1040,1040,1040,0
2022-09-30 13:53:00,1035,1035,1040,1040,23100
2022-09-30 13:54:00,1035,1035,1040,1040,55300
2022-09-30 13:55:00,1035,1035,1040,1040,75700
2022-09-30 13:56:00,1040,1040,1040,1040,0
2022-09-30 13:57:00,1040,1035,1040,1040,18900
2022-09-30 13:58:00,1040,1035,1040,1040,12100
2022-09-30 13:59:00,1040,1040,1040,1040,7700
2022-09-30 14:00:00,1040,1035,1040,1040,5400
2022-09-30 14:01:00,1040,1035,1040,1040,18500
2022-09-30 14:02:00,1040,1035,1040,1035,500
2022-09-30 14:03:00,1035,1035,1040,1040,10400
2022-09-30 14:04:00,1035,1035,1040,1040,26200
2022-09-30 14:05:00,1035,1035,1040,1040,12300
2022-09-30 14:06:00,1040,1035,1040,1040,41600
2022-09-30 14:07:00,1030,1030,1030,1030,179500
2022-09-30 14:08:00,1030,1030,1035,1035,49200
2022-09-30 14:09:00,1030,1030,1035,1035,0
2022-09-30 14:10:00,1035,1035,1035,1035,63600
2022-09-30 14:11:00,1035,1035,1040,1035,14000
2022-09-30 14:12:00,1035,1035,1040,1035,0
2022-09-30 14:13:00,1040,1040,1040,1040,18300
2022-09-30 14:14:00,1040,1040,1040,1040,11500
2022-09-30 14:15:00,1035,1035,1035,1035,18300
2022-09-30 14:16:00,1035,1035,1040,1035,10800
2022-09-30 14:17:00,1035,1035,1035,1035,43200
2022-09-30 14:18:00,1040,1040,1040,1040,0
2022-09-30 14:19:00,1040,1040,1040,1040,5800
2022-09-30 14:20:00,1040,1035,1040,1035,1900
2022-09-30 14:21:00,1040,1035,1040,1040,89500
2022-09-30 14:22:00,1035,1035,1040,1040,12200
2022-09-30 14:23:00,1040,1040,1040,1040,12400
2022-09-30 14:24:00,1040,1040,1040,1040,7000
2022-09-30 14:25:00,1040,1035,1040,1040,24100
2022-09-30 14:26:00,1040,1040,1040,1040,111000
2022-09-30 14:27:00,1040,1040,1040,1040,2200
2022-09-30 14:28:00,1040,1040,1040,1040,14000
2022-09-30 14:29:00,1040,1040,1040,1040,0
2022-09-30 14:30:00,1040,1035,1040,1040,48000
2022-09-30 14:31:00,1035,1035,1040,1035,42000
2022-09-30 14:32:00,1040,1035,1040,1040,94400
2022-09-30 14:33:00,1035,1035,1040,1040,5200
2022-09-30 14:34:00,1040,1035,1040,1040,12400
2022-09-30 14:35:00,1035,1035,1040,1035,185100
2022-09-30 14:36:00,1035,1035,1035,1035,174900
2022-09-30 14:37:00,1035,1035,1035,1035,100
2022-09-30 14:38:00,1040,1040,1050,1050,783800
2022-09-30 14:39:00,1045,1045,1050,1050,29500
2022-09-30 14:40:00,1045,1045,1050,1050,600
2022-09-30 14:41:00,1050,1050,1050,1050,32600
2022-09-30 14:42:00,1050,1045,1050,1050,38600
2022-09-30 14:43:00,1050,1050,1050,1050,144200
2022-09-30 14:44:00,1050,1050,1050,1050,91000
2022-09-30 14:45:00,1045,1045,1050,1045,12900
2022-09-30 14:46:00,1045,1045,1050,1045,104900
2022-09-30 14:47:00,1045,1045,1045,1045,393800
2022-09-30 14:48:00,1040,1040,1045,1040,373600
2022-09-30 14:49:00,1040,1040,1045,1040,0
2022-09-30 14:50:00,1040,1040,1045,1040,0
2022-09-30 14:51:00,1040,1040,1045,1040,0
2022-09-30 14:52:00,1040,1040,1045,1040,0
2022-09-30 14:53:00,1040,1040,1045,1040,0
2022-09-30 14:54:00,1040,1040,1045,1040,0
2022-09-30 14:55:00,1040,1040,1045,1040,0
2022-09-30 14:56:00,1040,1040,1045,1040,0
2022-09-30 14:57:00,1040,1040,1045,1040,0
2022-09-30 14:58:00,1040,1040,1045,1040,0
2022-09-30 14:59:00,1040,1040,1045,1040,0
2022-09-30 15:00:00,1040,1040,1040,1040,1355900
2022-09-30 15:01:00,1040,1040,1040,1040,78200
2022-09-30 15:02:00,1040,1040,1040,1040,0
2022-09-30 15:03:00,1040,1040,1040,1040,0
2022-09-30 15:04:00,1040,1040,1040,1040,1473100
2022-09-30 15:05:00,1040,1040,1040,1040,33700
2022-09-30 15:06:00,1040,1040,1040,1040,0
2022-09-30 15:07:00,1040,1040,1040,1040,1000
2022-09-30 15:08:00,1040,1040,1040,1040,1500
2022-09-30 15:09:00,1040,1040,1040,1040,6500
2022-09-30 15:10:00,1040,1040,1040,1040,0
2022-09-30 15:11:00,1040,1040,1040,1040,0
2022-09-30 15:12:00,1040,1040,1040,1040,0
2022-09-30 15:13:00,1040,1040,1040,1040,271900
2022-09-30 15:14:00,1040,1040,1040,1040,0
2022-09-30 15:15:00,1040,1040,1040,1040,0
2022-09-30 15:16:00,1040,1040,1040,1040,0
2022-09-30 15:17:00,1040,1040,1040,1040,0
2022-09-30 15:18:00,1040,1040,1040,1040,0
2022-09-30 15:19:00,1040,1040,1040,1040,0
2022-09-30 15:20:00,1040,1040,1040,1040,0
2022-09-30 15:21:00,1040,1040,1040,1040,0
2022-09-30 15:22:00,1040,1040,1040,1040,0
2022-09-30 15:23:00,1040,1040,1040,1040,0
2022-09-30 15:24:00,1040,1040,1040,1040,0
2022-09-30 15:25:00,1040,1040,1040,1040,0
2022-09-30 15:26:00,1040,1040,1040,1040,0
2022-09-30 15:27:00,1040,1040,1040,1040,0
2022-09-30 15:28:00,1040,1040,1040,1040,0
2022-09-30 15:29:00,1040,1040,1040,1040,0
2022-09-30 15:30:00,1040,1040,1040,1040,0
2022-09-30 15:31:00,1040,1040,1040,1040,0
2022-09-30 15:32:00,1040,1040,1040,1040,0
2022-09-30 15:33:00,1040,1040,1040,1040,0
2022-09-30 15:34:00,1040,1040,1040,1040,0
2022-09-30 15:35:00,1040,1040,1040,1040,0
2022-09-30 15:36:00,1040,1040,1040,1040,0
2022-09-30 15:37:00,1040,1040,1040,1040,0
2022-09-30 15:38:00,1040,1040,1040,1040,0
2022-09-30 15:39:00,1040,1040,1040,1040,0
2022-09-30 15:40:00,1040,1040,1040,1040,0
2022-09-30 15:41:00,1040,1040,1040,1040,0
2022-09-30 15:42:00,1040,1040,1040,1040,0
2022-09-30 15:43:00,1040,1040,1040,1040,0
2022-09-30 15:44:00,1040,1040,1040,1040,0
2022-09-30 15:45:00,1040,1040,1040,1040,0
2022-09-30 15:46:00,1040,1040,1040,1040,0
2022-09-30 15:47:00,1040,1040,1040,1040,0
2022-09-30 15:48:00,1040,1040,1040,1040,0
2022-09-30 15:49:00,1040,1040,1040,1040,0
2022-09-30 15:50:00,1040,1040,1040,1040,0
2022-09-30 15:51:00,1040,1040,1040,1040,0
2022-09-30 15:52:00,1040,1040,1040,1040,0
2022-09-30 15:53:00,1040,1040,1040,1040,0
2022-09-30 15:54:00,1040,1040,1040,1040,0
2022-09-30 15:55:00,1040,1040,1040,1040,0
2022-09-30 15:56:00,1040,1040,1040,1040,0
2022-09-30 15:57:00,1040,1040,1040,1040,0
2022-09-30 15:58:00,1040,1040,1040,1040,0
2022-09-30 15:59:00,1040,1040,1040,1040,0
2022-10-03 09:00:00,1040,1035,1040,1040,0
2022-10-03 09:01:00,1035,1030,1035,1035,203400
2022-10-03 09:02:00,1035,1035,1040,1040,744500
2022-10-03 09:03:00,1035,1035,1040,1040,0
2022-10-03 09:04:00,1035,1035,1035,1035,9400
2022-10-03 09:05:00,1035,1035,1040,1035,122900
2022-10-03 09:06:00,1035,1035,1035,1035,0
2022-10-03 09:07:00,1040,1035,1040,1040,65200
2022-10-03 09:08:00,1040,1035,1040,1035,300
2022-10-03 09:09:00,1035,1035,1040,1040,721900
2022-10-03 09:10:00,1040,1040,1045,1040,25200
2022-10-03 09:11:00,1040,1035,1040,1035,70000
2022-10-03 09:12:00,1035,1035,1035,1035,19500
2022-10-03 09:13:00,1035,1035,1035,1035,23800
2022-10-03 09:14:00,1035,1035,1035,1035,10800
2022-10-03 09:15:00,1035,1035,1035,1035,0
2022-10-03 09:16:00,1035,1035,1040,1040,18600
2022-10-03 09:17:00,1040,1035,1040,1040,6900
2022-10-03 09:18:00,1035,1030,1040,1030,11095400
2022-10-03 09:19:00,1040,1040,1045,1040,10693100
2022-10-03 09:20:00,1045,1045,1055,1050,1308900
2022-10-03 09:21:00,1050,1050,1055,1050,80200
2022-10-03 09:22:00,1050,1050,1050,1050,35300
2022-10-03 09:23:00,1050,1050,1055,1055,2900
2022-10-03 09:24:00,1055,1055,1055,1055,600
2022-10-03 09:25:00,1055,1055,1055,1055,31000
2022-10-03 09:26:00,1055,1055,1055,1055,6000
2022-10-03 09:27:00,1050,1050,1055,1055,21300
2022-10-03 09:28:00,1055,1050,1055,1050,195400
2022-10-03 09:29:00,1050,1050,1055,1055,11400
2022-10-03 09:30:00,1055,1050,1055,1050,162400
2022-10-03 09:31:00,1045,1045,1045,1045,242500
2022-10-03 09:32:00,1045,1045,1045,1045,94000
2022-10-03 09:33:00,1045,1045,1055,1055,0
2022-10-03 09:34:00,1050,1050,1055,1055,0
2022-10-03 09:35:00,1055,1055,1055,1055,8800
2022-10-03 09:36:00,1050,1050,1055,1055,26100
2022-10-03 09:37:00,1055,1055,1055,1055,0
2022-10-03 09:38:00,1055,1055,1060,1060,584000
2022-10-03 09:39:00,1065,1060,1065,1060,734700
2022-10-03 09:40:00,1060,1055,1060,1060,21200
2022-10-03 09:41:00,1055,1055,1060,1060,3300
2022-10-03 09:42:00,1060,1060,1060,1060,296000
2022-10-03 09:43:00,1060,1060,1060,1060,135500
2022-10-03 09:44:00,1060,1055,1060,1060,20700
2022-10-03 09:45:00,1060,1055,1060,1060,24200
2022-10-03 09:46:00,1060,1055,1060,1055,19200
2022-10-03 09:47:00,1060,1055,1060,1060,14200
2022-10-03 09:48:00,1055,1055,1055,1055,900
2022-10-03 09:49:00,1060,1060,1060,1060,2900
2022-10-03 09:50:00,1060,1055,1060,1055,99700
2022-10-03 09:51:00,1055,1055,1055,1055,0
2022-10-03 09:52:00,1055,1055,1055,1055,0
2022-10-03 09:53:00,1055,1055,1055,1055,114200
2022-10-03 09:54:00,1055,1055,1055,1055,11900
2022-10-03 09:55:00,1055,1055,1055,1055,14900
2022-10-03 09:56:00,1055,1055,1055,1055,77300
2022-10-03 09:57:00,1055,1055,1055,1055,182700
2022-10-03 09:58:00,1060,1055,1060,1055,33000
2022-10-03 09:59:00,1055,1055,1055,1055,0
2022-10-03 10:00:00,1055,1055,1055,1055,63500
2022-10-03 10:01:00,1055,1055,1055,1055,0
2022-10-03 10:02:00,1055,1055,1055,1055,4300
2022-10-03 10:03:00,1055,1055,1055,1055,0
2022-10-03 10:04:00,1055,1055,1055,1055,0
2022-10-03 10:05:00,1060,1055,1060,1055,1100
2022-10-03 10:06:00,1055,1055,1055,1055,7000
2022-10-03 10:07:00,1055,1055,1055,1055,500
2022-10-03 10:08:00,1060,1060,1060,1060,0
2022-10-03 10:09:00,1060,1060,1060,1060,0
2022-10-03 10:10:00,1060,1060,1060,1060,0
2022-10-03 10:11:00,1060,1060,1060,1060,0
2022-10-03 10:12:00,1060,1060,1060,1060,291000
2022-10-03 10:13:00,1060,1060,1070,1070,905000
2022-10-03 10:14:00,1070,1065,1070,1070,438300
2022-10-03 10:15:00,1070,1070,1075,1075,1065000
2022-10-03 10:16:00,1070,1065,1075,1075,722700
2022-10-03 10:17:00,1075,1070,1080,1080,989100
2022-10-03 10:18:00,1075,1070,1080,1075,292400
2022-10-03 10:19:00,1075,1070,1075,1075,76100
2022-10-03 10:20:00,1075,1075,1080,1080,1021700
2022-10-03 10:21:00,1075,1075,1080,1080,19500
2022-10-03 10:22:00,1080,1075,1080,1075,106100
2022-10-03 10:23:00,1075,1075,1080,1080,257700
2022-10-03 10:24:00,1080,1080,1090,1085,720700
2022-10-03 10:25:00,1090,1075,1090,1085,508200
2022-10-03 10:26:00,1085,1080,1085,1080,85700
2022-10-03 10:27:00,1080,1080,1085,1085,223100
2022-10-03 10:28:00,1080,1080,1085,1080,273000
2022-10-03 10:29:00,1075,1075,1080,1080,27900
2022-10-03 10:30:00,1080,1075,1080,1080,14300
2022-10-03 10:31:00,1075,1075,1080,1080,4700
2022-10-03 10:32:00,1080,1080,1080,1080,0
2022-10-03 10:33:00,1080,1075,1080,1075,45100
2022-10-03 10:34:00,1075,1075,1080,1080,158300
2022-10-03 10:35:00,1075,1075,1080,1080,209700
2022-10-03 10:36:00,1080,1080,1085,1080,1800
2022-10-03 10:37:00,1080,1080,1085,1085,32300
2022-10-03 10:38:00,1085,1080,1085,1080,3600
2022-10-03 10:39:00,1080,1080,1085,1080,55600
2022-10-03 10:40:00,1080,1080,1085,1085,15000
2022-10-03 10:41:00,1085,1080,1085,1080,12200
2022-10-03 10:42:00,1080,1080,1080,1080,16400
2022-10-03 10:43:00,1080,1080,1085,1080,105800
2022-10-03 10:44:00,1080,1080,1080,1080,945200
2022-10-03 10:45:00,1080,1080,1080,1080,58300
2022-10-03 10:46:00,1080,1075,1080,1075,79500
2022-10-03 10:47:00,1075,1075,1075,1075,5400
2022-10-03 10:48:00,1075,1075,1080,1080,170400
2022-10-03 10:49:00,1080,1080,1080,1080,248000
2022-10-03 10:50:00,1075,1075,1085,1080,829500
2022-10-03 10:51:00,1085,1080,1095,1090,1495900
2022-10-03 10:52:00,1090,1085,1090,1085,76200
2022-10-03 10:53:00,1085,1080,1085,1085,220400
2022-10-03 10:54:00,1090,1090,1090,1090,305900
2022-10-03 10:55:00,1090,1090,1100,1095,1630600
2022-10-03 10:56:00,1095,1095,1105,1100,1995300
2022-10-03 10:57:00,1100,1095,1105,1100,787700
2022-10-03 10:58:00,1100,1095,1105,1105,1098400
2022-10-03 10:59:00,1105,1105,1110,1105,542900
2022-10-03 11:00:00,1100,1100,1105,1100,364600
2022-10-03 11:01:00,1100,1100,1105,1100,10340500
2022-10-03 11:02:00,1095,1095,1105,1105,10921500
2022-10-03 11:03:00,1105,1100,1105,1100,0
2022-10-03 11:04:00,1100,1095,1100,1100,109500
2022-10-03 11:05:00,1100,1095,1100,1095,168600
2022-10-03 11:06:00,1100,1095,1100,1100,274400
2022-10-03 11:07:00,1100,1095,1100,1095,28200
2022-10-03 11:08:00,1095,1095,1095,1095,17000
2022-10-03 11:09:00,1095,1095,1100,1095,10000
2022-10-03 11:10:00,1095,1095,1100,1100,98500
2022-10-03 11:11:00,1095,1095,1095,1095,44500
2022-10-03 11:12:00,1095,1095,1095,1095,39400
2022-10-03 11:13:00,1095,1095,1100,1100,514800
2022-10-03 11:14:00,1100,1100,1110,1105,1074900
2022-10-03 11:15:00,1105,1100,1105,1100,240300
2022-10-03 11:16:00,1100,1100,1105,1105,84500
2022-10-03 11:17:00,1105,1100,1110,1110,526600
2022-10-03 11:18:00,1115,1105,1115,1110,43100
2022-10-03 11:19:00,1110,1110,1110,1110,216500
2022-10-03 11:20:00,1110,1105,1110,1110,26500
2022-10-03 11:21:00,1110,1105,1110,1105,393200
2022-10-03 11:22:00,1105,1105,1105,1105,177300
2022-10-03 11:23:00,1100,1100,1105,1105,246700
2022-10-03 11:24:00,1105,1105,1105,1105,124600
2022-10-03 11:25:00,1105,1105,1105,1105,300800
2022-10-03 11:26:00,1105,1100,1105,1105,0
2022-10-03 11:27:00,1105,1105,1105,1105,9200
2022-10-03 11:28:00,1100,1100,1105,1105,42400
2022-10-03 11:29:00,1100,1100,1100,1100,0
2022-10-03 11:30:00,1100,1100,1100,1100,0
2022-10-03 11:31:00,1100,1100,1100,1100,0
2022-10-03 11:32:00,1100,1100,1100,1100,0
2022-10-03 11:33:00,1100,1100,1100,1100,0
2022-10-03 11:34:00,1100,1100,1100,1100,0
2022-10-03 11:35:00,1100,1100,1100,1100,0
2022-10-03 11:36:00,1100,1100,1100,1100,0
2022-10-03 11:37:00,1100,1100,1100,1100,0
2022-10-03 11:38:00,1100,1100,1100,1100,0
2022-10-03 11:39:00,1100,1100,1100,1100,0
2022-10-03 11:40:00,1100,1100,1100,1100,0
2022-10-03 11:41:00,1100,1100,1100,1100,0
2022-10-03 11:42:00,1100,1100,1100,1100,0
2022-10-03 11:43:00,1100,1100,1100,1100,0
2022-10-03 11:44:00,1100,1100,1100,1100,0
2022-10-03 11:45:00,1100,1100,1100,1100,0
2022-10-03 11:46:00,1100,1100,1100,1100,0
2022-10-03 11:47:00,1100,1100,1100,1100,0
2022-10-03 11:48:00,1100,1100,1100,1100,0
2022-10-03 11:49:00,1100,1100,1100,1100,0
2022-10-03 11:50:00,1100,1100,1100,1100,0
2022-10-03 11:51:00,1100,1100,1100,1100,0
2022-10-03 11:52:00,1100,1100,1100,1100,0
2022-10-03 11:53:00,1100,1100,1100,1100,0
2022-10-03 11:54:00,1100,1100,1100,1100,0
2022-10-03 11:55:00,1100,1100,1100,1100,0
2022-10-03 11:56:00,1100,1100,1100,1100,0
2022-10-03 11:57:00,1100,1100,1100,1100,0
2022-10-03 11:58:00,1100,1100,1100,1100,0
2022-10-03 11:59:00,1100,1100,1100,1100,0
2022-10-03 12:00:00,1100,1100,1100,1100,0
2022-10-03 12:01:00,1100,1100,1100,1100,0
2022-10-03 12:02:00,1100,1100,1100,1100,0
2022-10-03 12:03:00,1100,1100,1100,1100,0
2022-10-03 12:04:00,1100,1100,1100,1100,0
2022-10-03 12:05:00,1100,1100,1100,1100,0
2022-10-03 12:06:00,1100,1100,1100,1100,0
2022-10-03 12:07:00,1100,1100,1100,1100,0
2022-10-03 12:08:00,1100,1100,1100,1100,0
2022-10-03 12:09:00,1100,1100,1100,1100,0
2022-10-03 12:10:00,1100,1100,1100,1100,0
2022-10-03 12:11:00,1100,1100,1100,1100,0
2022-10-03 12:12:00,1100,1100,1100,1100,0
2022-10-03 12:13:00,1100,1100,1100,1100,0
2022-10-03 12:14:00,1100,1100,1100,1100,0
2022-10-03 12:15:00,1100,1100,1100,1100,0
2022-10-03 12:16:00,1100,1100,1100,1100,0
2022-10-03 12:17:00,1100,1100,1100,1100,0
2022-10-03 12:18:00,1100,1100,1100,1100,0
2022-10-03 12:19:00,1100,1100,1100,1100,0
2022-10-03 12:20:00,1100,1100,1100,1100,0
2022-10-03 12:21:00,1100,1100,1100,1100,0
2022-10-03 12:22:00,1100,1100,1100,1100,0
2022-10-03 12:23:00,1100,1100,1100,1100,0
2022-10-03 12:24:00,1100,1100,1100,1100,0
2022-10-03 12:25:00,1100,1100,1100,1100,0
2022-10-03 12:26:00,1100,1100,1100,1100,0
2022-10-03 12:27:00,1100,1100,1100,1100,0
2022-10-03 12:28:00,1100,1100,1100,1100,0
2022-10-03 12:29:00,1100,1100,1100,1100,0
2022-10-03 12:30:00,1100,1100,1100,1100,0
2022-10-03 12:31:00,1100,1100,1100,1100,0
2022-10-03 12:32:00,1100,1100,1100,1100,0
2022-10-03 12:33:00,1100,1100,1100,1100,0
2022-10-03 12:34:00,1100,1100,1100,1100,0
2022-10-03 12:35:00,1100,1100,1100,1100,0
2022-10-03 12:36:00,1100,1100,1100,1100,0
2022-10-03 12:37:00,1100,1100,1100,1100,0
2022-10-03 12:38:00,1100,1100,1100,1100,0
2022-10-03 12:39:00,1100,1100,1100,1100,0
2022-10-03 12:40:00,1100,1100,1100,1100,0
2022-10-03 12:41:00,1100,1100,1100,1100,0
2022-10-03 12:42:00,1100,1100,1100,1100,0
2022-10-03 12:43:00,1100,1100,1100,1100,0
2022-10-03 12:44:00,1100,1100,1100,1100,0
2022-10-03 12:45:00,1100,1100,1100,1100,0
2022-10-03 12:46:00,1100,1100,1100,1100,0
2022-10-03 12:47:00,1100,1100,1100,1100,0
2022-10-03 12:48:00,1100,1100,1100,1100,0
2022-10-03 12:49:00,1100,1100,1100,1100,0
2022-10-03 12:50:00,1100,1100,1100,1100,0
2022-10-03 12:51:00,1100,1100,1100,1100,0
2022-10-03 12:52:00,1100,1100,1100,1100,0
2022-10-03 12:53:00,1100,1100,1100,1100,0
2022-10-03 12:54:00,1100,1100,1100,1100,0
2022-10-03 12:55:00,1100,1100,1100,1100,0
2022-10-03 12:56:00,1100,1100,1100,1100,0
2022-10-03 12:57:00,1100,1100,1100,1100,0
2022-10-03 12:58:00,1100,1100,1100,1100,0
2022-10-03 12:59:00,1100,1100,1100,1100,0
2022-10-03 13:00:00,1100,1100,1100,1100,0
2022-10-03 13:01:00,1100,1100,1100,1100,0
2022-10-03 13:02:00,1100,1100,1100,1100,0
2022-10-03 13:03:00,1100,1100,1100,1100,0
2022-10-03 13:04:00,1100,1100,1100,1100,0
2022-10-03 13:05:00,1100,1100,1100,1100,0
2022-10-03 13:06:00,1100,1100,1100,1100,0
2022-10-03 13:07:00,1100,1100,1100,1100,0
2022-10-03 13:08:00,1100,1100,1100,1100,0
2022-10-03 13:09:00,1100,1100,1100,1100,0
2022-10-03 13:10:00,1100,1100,1100,1100,0
2022-10-03 13:11:00,1100,1100,1100,1100,0
2022-10-03 13:12:00,1100,1100,1100,1100,0
2022-10-03 13:13:00,1100,1100,1100,1100,0
2022-10-03 13:14:00,1100,1100,1100,1100,0
2022-10-03 13:15:00,1100,1100,1100,1100,0
2022-10-03 13:16:00,1100,1100,1100,1100,0
2022-10-03 13:17:00,1100,1100,1100,1100,0
2022-10-03 13:18:00,1100,1100,1100,1100,0
2022-10-03 13:19:00,1100,1100,1100,1100,0
2022-10-03 13:20:00,1100,1100,1100,1100,0
2022-10-03 13:21:00,1100,1100,1100,1100,0
2022-10-03 13:22:00,1100,1100,1100,1100,0
2022-10-03 13:23:00,1100,1100,1100,1100,0
2022-10-03 13:24:00,1100,1100,1100,1100,0
2022-10-03 13:25:00,1100,1100,1100,1100,0
2022-10-03 13:26:00,1100,1100,1100,1100,0
2022-10-03 13:27:00,1100,1100,1100,1100,0
2022-10-03 13:28:00,1100,1100,1100,1100,0
2022-10-03 13:29:00,1100,1100,1100,1100,0
2022-10-03 13:30:00,1105,1100,1105,1105,74318100
2022-10-03 13:31:00,1105,1105,1105,1105,97400
2022-10-03 13:32:00,1105,1105,1110,1110,26100
2022-10-03 13:33:00,1110,1110,1115,1115,468200
2022-10-03 13:34:00,1110,1110,1120,1115,785100
2022-10-03 13:35:00,1115,1110,1120,1115,358700
2022-10-03 13:36:00,1115,1115,1115,1115,375800
2022-10-03 13:37:00,1115,1115,1120,1115,400600
2022-10-03 13:38:00,1115,1115,1125,1115,443700
2022-10-03 13:39:00,1125,1115,1125,1115,347500
2022-10-03 13:40:00,1115,1115,1120,1120,110500
2022-10-03 13:41:00,1120,1115,1120,1115,11800
2022-10-03 13:42:00,1120,1115,1135,1135,1344700
2022-10-03 13:43:00,1130,1125,1135,1130,673600
2022-10-03 13:44:00,1130,1125,1135,1135,732200
2022-10-03 13:45:00,1135,1125,1135,1125,109800
2022-10-03 13:46:00,1130,1130,1135,1130,303000
2022-10-03 13:47:00,1130,1130,1135,1135,342600
2022-10-03 13:48:00,1135,1135,1140,1135,178400
2022-10-03 13:49:00,1135,1130,1135,1135,18300
2022-10-03 13:50:00,1135,1125,1135,1130,650700
2022-10-03 13:51:00,1125,1125,1130,1125,180600
2022-10-03 13:52:00,1125,1125,1130,1125,402200
2022-10-03 13:53:00,1125,1125,1130,1125,133200
2022-10-03 13:54:00,1125,1125,1130,1125,335000
2022-10-03 13:55:00,1130,1125,1130,1125,148600
2022-10-03 13:56:00,1125,1125,1130,1130,128600
2022-10-03 13:57:00,1130,1130,1135,1135,273600
2022-10-03 13:58:00,1130,1130,1135,1135,297500
2022-10-03 13:59:00,1135,1130,1135,1135,56500
2022-10-03 14:00:00,1135,1125,1135,1130,317800
2022-10-03 14:01:00,1135,1130,1135,1130,46900
2022-10-03 14:02:00,1130,1130,1130,1130,103500
2022-10-03 14:03:00,1130,1130,1130,1130,142100
2022-10-03 14:04:00,1125,1120,1125,1125,567900
2022-10-03 14:05:00,1125,1125,1125,1125,93900
2022-10-03 14:06:00,1125,1125,1125,1125,174800
2022-10-03 14:07:00,1125,1125,1125,1125,60600
2022-10-03 14:08:00,1125,1125,1130,1130,247000
2022-10-03 14:09:00,1130,1125,1130,1125,30300
2022-10-03 14:10:00,1125,1125,1135,1135,736600
2022-10-03 14:11:00,1135,1130,1135,1130,59700
2022-10-03 14:12:00,1130,1130,1135,1135,112000
2022-10-03 14:13:00,1135,1130,1135,1130,37500
2022-10-03 14:14:00,1130,1130,1135,1135,421200
2022-10-03 14:15:00,1135,1130,1135,1135,170100
2022-10-03 14:16:00,1135,1135,1140,1140,628500
2022-10-03 14:17:00,1140,1135,1140,1140,442600
2022-10-03 14:18:00,1140,1140,1145,1140,383300
2022-10-03 14:19:00,1140,1140,1140,1140,0
2022-10-03 14:20:00,1140,1135,1140,1140,75600
2022-10-03 14:21:00,1140,1135,1140,1140,57000
2022-10-03 14:22:00,1140,1135,1140,1140,6900
2022-10-03 14:23:00,1140,1135,1150,1145,1495800
2022-10-03 14:24:00,1150,1145,1150,1150,1388500
2022-10-03 14:25:00,1150,1140,1150,1140,1578800
2022-10-03 14:26:00,1145,1140,1145,1145,256300
2022-10-03 14:27:00,1145,1140,1150,1140,440600
2022-10-03 14:28:00,1140,1130,1140,1130,562600
2022-10-03 14:29:00,1135,1135,1135,1135,195900
2022-10-03 14:30:00,1135,1135,1135,1135,76000
2022-10-03 14:31:00,1140,1135,1140,1140,2700
2022-10-03 14:32:00,1135,1135,1140,1140,121300
2022-10-03 14:33:00,1135,1135,1140,1135,14700
2022-10-03 14:34:00,1135,1130,1140,1140,141700
2022-10-03 14:35:00,1135,1135,1140,1140,20800
2022-10-03 14:36:00,1140,1140,1140,1140,900
2022-10-03 14:37:00,1140,1135,1140,1135,78700
2022-10-03 14:38:00,1135,1130,1135,1130,1600
2022-10-03 14:39:00,1135,1125,1135,1130,198900
2022-10-03 14:40:00,1130,1125,1135,1135,29900
2022-10-03 14:41:00,1135,1130,1135,1130,35400
2022-10-03 14:42:00,1130,1130,1135,1130,19500
2022-10-03 14:43:00,1130,1130,1135,1135,151100
2022-10-03 14:44:00,1130,1130,1135,1135,78100
2022-10-03 14:45:00,1135,1130,1140,1135,798200
2022-10-03 14:46:00,1130,1130,1140,1140,126700
2022-10-03 14:47:00,1140,1140,1145,1145,238200
2022-10-03 14:48:00,1145,1140,1145,1140,468500
2022-10-03 14:49:00,1140,1140,1145,1145,123000
2022-10-03 14:50:00,1140,1140,1145,1145,0
2022-10-03 14:51:00,1140,1140,1145,1145,0
2022-10-03 14:52:00,1140,1140,1145,1145,0
2022-10-03 14:53:00,1140,1140,1145,1145,0
2022-10-03 14:54:00,1140,1140,1145,1145,0
2022-10-03 14:55:00,1140,1140,1145,1145,0
2022-10-03 14:56:00,1140,1140,1145,1145,0
2022-10-03 14:57:00,1140,1140,1145,1145,0
2022-10-03 14:58:00,1140,1140,1145,1145,0
2022-10-03 14:59:00,1140,1140,1145,1145,0
2022-10-03 15:00:00,1130,1130,1130,1130,3109100
2022-10-03 15:01:00,1130,1130,1130,1130,466500
2022-10-03 15:02:00,1130,1130,1130,1130,315400
2022-10-03 15:03:00,1130,1130,1130,1130,184000
2022-10-03 15:04:00,1130,1130,1130,1130,72100
2022-10-03 15:05:00,1130,1130,1130,1130,29900
2022-10-03 15:06:00,1130,1130,1130,1130,36500
2022-10-03 15:07:00,1130,1130,1130,1130,52200
2022-10-03 15:08:00,1130,1130,1130,1130,43400
2022-10-03 15:09:00,1130,1130,1130,1130,0
2022-10-03 15:10:00,1130,1130,1130,1130,14500
2022-10-03 15:11:00,1130,1130,1130,1130,27900
2022-10-03 15:12:00,1130,1130,1130,1130,1000
2022-10-03 15:13:00,1130,1130,1130,1130,30600
2022-10-03 15:14:00,1130,1130,1130,1130,101953500
2022-10-03 15:15:00,1130,1130,1130,1130,0
2022-10-03 15:16:00,1130,1130,1130,1130,0
2022-10-03 15:17:00,1130,1130,1130,1130,0
2022-10-03 15:18:00,1130,1130,1130,1130,0
2022-10-03 15:19:00,1130,1130,1130,1130,0
2022-10-03 15:20:00,1130,1130,1130,1130,0
2022-10-03 15:21:00,1130,1130,1130,1130,0
2022-10-03 15:22:00,1130,1130,1130,1130,0
2022-10-03 15:23:00,1130,1130,1130,1130,0
2022-10-03 15:24:00,1130,1130,1130,1130,0
2022-10-03 15:25:00,1130,1130,1130,1130,0
2022-10-03 15:26:00,1130,1130,1130,1130,0
2022-10-03 15:27:00,1130,1130,1130,1130,0
2022-10-03 15:28:00,1130,1130,1130,1130,0
2022-10-03 15:29:00,1130,1130,1130,1130,0
2022-10-03 15:30:00,1130,1130,1130,1130,0
2022-10-03 15:31:00,1130,1130,1130,1130,0
2022-10-03 15:32:00,1130,1130,1130,1130,0
2022-10-03 15:33:00,1130,1130,1130,1130,0
2022-10-03 15:34:00,1130,1130,1130,1130,0
2022-10-03 15:35:00,1130,1130,1130,1130,0
2022-10-03 15:36:00,1130,1130,1130,1130,0
2022-10-03 15:37:00,1130,1130,1130,1130,0
2022-10-03 15:38:00,1130,1130,1130,1130,0
2022-10-03 15:39:00,1130,1130,1130,1130,0
2022-10-03 15:40:00,1130,1130,1130,1130,0
2022-10-03 15:41:00,1130,1130,1130,1130,0
2022-10-03 15:42:00,1130,1130,1130,1130,0
2022-10-03 15:43:00,1130,1130,1130,1130,0
2022-10-03 15:44:00,1130,1130,1130,1130,0
2022-10-03 15:45:00,1130,1130,1130,1130,0
2022-10-03 15:46:00,1130,1130,1130,1130,0
2022-10-03 15:47:00,1130,1130,1130,1130,0
2022-10-03 15:48:00,1130,1130,1130,1130,0
2022-10-03 15:49:00,1130,1130,1130,1130,0
2022-10-03 15:50:00,1130,1130,1130,1130,0
2022-10-03 15:51:00,1130,1130,1130,1130,0
2022-10-03 15:52:00,1130,1130,1130,1130,0
2022-10-03 15:53:00,1130,1130,1130,1130,0
2022-10-03 15:54:00,1130,1130,1130,1130,0
2022-10-03 15:55:00,1130,1130,1130,1130,0
2022-10-03 15:56:00,1130,1130,1130,1130,0
2022-10-03 15:57:00,1130,1130,1130,1130,0
2022-10-03 15:58:00,1130,1130,1130,1130,0
2022-10-03 15:59:00,1130,1130,1130,1130,0
2022-10-04 09:00:00,1130,1125,1140,1135,0
2022-10-04 09:01:00,1135,1125,1140,1130,1602800
2022-10-04 09:02:00,1130,1115,1130,1120,855600
2022-10-04 09:03:00,1120,1120,1135,1130,837100
2022-10-04 09:04:00,1130,1120,1130,1125,232500
2022-10-04 09:05:00,1120,1120,1125,1120,773000
2022-10-04 09:06:00,1125,1115,1125,1120,10618900
2022-10-04 09:07:00,1120,1115,1130,1130,10867700
2022-10-04 09:08:00,1125,1125,1125,1125,185700
2022-10-04 09:09:00,1130,1125,1130,1125,70700
2022-10-04 09:10:00,1130,1130,1135,1130,512900
2022-10-04 09:11:00,1130,1120,1135,1125,550400
2022-10-04 09:12:00,1125,1120,1125,1120,412100
2022-10-04 09:13:00,1125,1120,1125,1120,41300
2022-10-04 09:14:00,1125,1120,1125,1120,529100
2022-10-04 09:15:00,1120,1115,1120,1115,354200
2022-10-04 09:16:00,1115,1115,1120,1115,71800
2022-10-04 09:17:00,1115,1105,1120,1115,939400
2022-10-04 09:18:00,1110,1110,1115,1115,104000
2022-10-04 09:19:00,1110,1110,1115,1110,131900
2022-10-04 09:20:00,1110,1110,1115,1115,30400
2022-10-04 09:21:00,1115,1115,1120,1115,277900
2022-10-04 09:22:00,1115,1115,1120,1120,459200
2022-10-04 09:23:00,1120,1115,1120,1115,322400
2022-10-04 09:24:00,1120,1115,1120,1120,118600
2022-10-04 09:25:00,1120,1115,1120,1120,50100
2022-10-04 09:26:00,1120,1115,1120,1120,77900
2022-10-04 09:27:00,1120,1120,1120,1120,74100
2022-10-04 09:28:00,1120,1115,1125,1120,507600
2022-10-04 09:29:00,1120,1115,1120,1115,244400
2022-10-04 09:30:00,1115,1115,1120,1120,208700
2022-10-04 09:31:00,1120,1115,1125,1120,18500
2022-10-04 09:32:00,1120,1115,1120,1120,113800
2022-10-04 09:33:00,1115,1115,1120,1120,53600
2022-10-04 09:34:00,1120,1115,1120,1120,532300
2022-10-04 09:35:00,1120,1120,1125,1125,677100
2022-10-04 09:36:00,1130,1125,1130,1130,18100
2022-10-04 09:37:00,1130,1125,1135,1135,520900
2022-10-04 09:38:00,1135,1135,1140,1140,1007000
2022-10-04 09:39:00,1140,1135,1140,1140,834000
2022-10-04 09:40:00,1140,1140,1145,1140,272100
2022-10-04 09:41:00,1140,1140,1145,1145,871300
2022-10-04 09:42:00,1145,1140,1145,1145,708000
2022-10-04 09:43:00,1145,1145,1150,1145,965200
2022-10-04 09:44:00,1145,1135,1150,1140,2069100
2022-10-04 09:45:00,1140,1130,1140,1130,1006900
2022-10-04 09:46:00,1130,1130,1135,1130,40200
2022-10-04 09:47:00,1135,1135,1140,1140,386400
2022-10-04 09:48:00,1140,1140,1145,1140,619200
2022-10-04 09:49:00,1135,1115,1135,1115,1971700
2022-10-04 09:50:00,1115,1115,1125,1125,61300
2022-10-04 09:51:00,1120,1120,1130,1125,376200
2022-10-04 09:52:00,1125,1125,1130,1125,209900
2022-10-04 09:53:00,1125,1125,1125,1125,177900
2022-10-04 09:54:00,1125,1110,1130,1110,1030500
2022-10-04 09:55:00,1110,1110,1120,1120,344400
2022-10-04 09:56:00,1120,1110,1120,1115,360800
2022-10-04 09:57:00,1120,1115,1120,1115,343100
2022-10-04 09:58:00,1115,1110,1120,1115,383700
2022-10-04 09:59:00,1115,1115,1120,1120,318500
2022-10-04 10:00:00,1120,1115,1120,1115,2800
2022-10-04 10:01:00,1115,1115,1120,1120,130300
2022-10-04 10:02:00,1120,1115,1120,1115,142400
2022-10-04 10:03:00,1115,1115,1115,1115,31700
2022-10-04 10:04:00,1115,1110,1115,1115,135000
2022-10-04 10:05:00,1115,1115,1115,1115,13900
2022-10-04 10:06:00,1115,1115,1115,1115,79500
2022-10-04 10:07:00,1115,1115,1115,1115,16200
2022-10-04 10:08:00,1120,1115,1120,1120,10500
2022-10-04 10:09:00,1115,1115,1120,1120,2600
2022-10-04 10:10:00,1115,1115,1120,1115,4900
2022-10-04 10:11:00,1115,1115,1120,1120,1000
2022-10-04 10:12:00,1115,1115,1120,1120,9600
2022-10-04 10:13:00,1120,1115,1120,1115,2500
2022-10-04 10:14:00,1120,1120,1120,1120,600
2022-10-04 10:15:00,1120,1120,1120,1120,900
2022-10-04 10:16:00,1115,1115,1115,1115,10200
2022-10-04 10:17:00,1120,1120,1120,1120,23700
2022-10-04 10:18:00,1120,1120,1120,1120,31500
2022-10-04 10:19:00,1120,1120,1120,1120,13800
2022-10-04 10:20:00,1120,1120,1120,1120,16200
2022-10-04 10:21:00,1120,1120,1120,1120,0
2022-10-04 10:22:00,1120,1120,1120,1120,1600
2022-10-04 10:23:00,1115,1115,1120,1115,9100
2022-10-04 10:24:00,1120,1115,1120,1115,490800
2022-10-04 10:25:00,1115,1105,1115,1105,1109100
2022-10-04 10:26:00,1105,1100,1110,1110,1702600
2022-10-04 10:27:00,1110,1105,1110,1110,22700
2022-10-04 10:28:00,1110,1105,1110,1105,449800
2022-10-04 10:29:00,1105,1095,1105,1100,1414900
2022-10-04 10:30:00,1095,1095,1100,1095,241700
2022-10-04 10:31:00,1100,1090,1100,1095,712200
2022-10-04 10:32:00,1095,1095,1100,1100,242400
2022-10-04 10:33:00,1100,1100,1105,1100,8700
2022-10-04 10:34:00,1105,1100,1105,1100,35700
2022-10-04 10:35:00,1105,1100,1105,1105,400
2022-10-04 10:36:00,1105,1100,1105,1100,47700
2022-10-04 10:37:00,1100,1100,1105,1105,9300
2022-10-04 10:38:00,1105,1100,1105,1105,169800
2022-10-04 10:39:00,1105,1100,1105,1100,52300
2022-10-04 10:40:00,1100,1100,1105,1105,4500
2022-10-04 10:41:00,1100,1100,1100,1100,100
2022-10-04 10:42:00,1100,1090,1105,1090,428300
2022-10-04 10:43:00,1090,1090,1095,1095,214900
2022-10-04 10:44:00,1095,1090,1095,1090,270600
2022-10-04 10:45:00,1090,1090,1095,1090,392900
2022-10-04 10:46:00,1090,1090,1090,1090,6900
2022-10-04 10:47:00,1090,1090,1095,1095,127900
2022-10-04 10:48:00,1090,1090,1100,1095,520700
2022-10-04 10:49:00,1095,1095,1100,1095,23300
2022-10-04 10:50:00,1095,1095,1100,1100,126200
2022-10-04 10:51:00,1100,1100,1100,1100,68100
2022-10-04 10:52:00,1100,1095,1100,1100,0
2022-10-04 10:53:00,1095,1095,1100,1100,65900
2022-10-04 10:54:00,1095,1095,1100,1095,6200
2022-10-04 10:55:00,1100,1095,1100,1095,69000
2022-10-04 10:56:00,1095,1095,1100,1100,500
2022-10-04 10:57:00,1095,1090,1100,1100,302000
2022-10-04 10:58:00,1100,1095,1100,1095,23100
2022-10-04 10:59:00,1095,1090,1100,1100,309500
2022-10-04 11:00:00,1100,1095,1100,1100,21900
2022-10-04 11:01:00,1095,1095,1095,1095,19500
2022-10-04 11:02:00,1095,1095,1100,1100,18600
2022-10-04 11:03:00,1100,1095,1100,1100,1500
2022-10-04 11:04:00,1100,1095,1100,1095,174100
2022-10-04 11:05:00,1095,1095,1095,1095,59600
2022-10-04 11:06:00,1095,1090,1095,1095,5300
2022-10-04 11:07:00,1095,1090,1095,1095,256800
2022-10-04 11:08:00,1095,1095,1100,1100,1100
2022-10-04 11:09:00,1095,1095,1100,1100,5000
2022-10-04 11:10:00,1095,1095,1095,1095,24900
2022-10-04 11:11:00,1095,1095,1095,1095,84500
2022-10-04 11:12:00,1095,1095,1095,1095,29800
2022-10-04 11:13:00,1095,1095,1100,1095,103000
2022-10-04 11:14:00,1095,1095,1095,1095,13500
2022-10-04 11:15:00,1095,1090,1095,1095,80200
2022-10-04 11:16:00,1095,1095,1095,1095,63600
2022-10-04 11:17:00,1100,1095,1100,1100,111000
2022-10-04 11:18:00,1100,1100,1100,1100,5400
2022-10-04 11:19:00,1100,1100,1100,1100,126200
2022-10-04 11:20:00,1100,1100,1105,1105,8000
2022-10-04 11:21:00,1105,1105,1110,1105,298300
2022-10-04 11:22:00,1105,1100,1105,1105,193000
2022-10-04 11:23:00,1100,1100,1105,1105,0
2022-10-04 11:24:00,1105,1105,1105,1105,500
2022-10-04 11:25:00,1105,1100,1105,1100,260100
2022-10-04 11:26:00,1105,1105,1105,1105,0
2022-10-04 11:27:00,1105,1105,1105,1105,1900
2022-10-04 11:28:00,1105,1105,1105,1105,7400
2022-10-04 11:29:00,1105,1100,1105,1105,3900
2022-10-04 11:30:00,1105,1100,1105,1105,0
2022-10-04 11:31:00,1105,1100,1105,1105,0
2022-10-04 11:32:00,1105,1100,1105,1105,0
2022-10-04 11:33:00,1105,1100,1105,1105,0
2022-10-04 11:34:00,1105,1100,1105,1105,0
2022-10-04 11:35:00,1105,1100,1105,1105,0
2022-10-04 11:36:00,1105,1100,1105,1105,0
2022-10-04 11:37:00,1105,1100,1105,1105,0
2022-10-04 11:38:00,1105,1100,1105,1105,0
2022-10-04 11:39:00,1105,1100,1105,1105,0
2022-10-04 11:40:00,1105,1100,1105,1105,0
2022-10-04 11:41:00,1105,1100,1105,1105,0
2022-10-04 11:42:00,1105,1100,1105,1105,0
2022-10-04 11:43:00,1105,1100,1105,1105,0
2022-10-04 11:44:00,1105,1100,1105,1105,0
2022-10-04 11:45:00,1105,1100,1105,1105,0
2022-10-04 11:46:00,1105,1100,1105,1105,0
2022-10-04 11:47:00,1105,1100,1105,1105,0
2022-10-04 11:48:00,1105,1100,1105,1105,0
2022-10-04 11:49:00,1105,1100,1105,1105,0
2022-10-04 11:50:00,1105,1100,1105,1105,0
2022-10-04 11:51:00,1105,1100,1105,1105,0
2022-10-04 11:52:00,1105,1100,1105,1105,0
2022-10-04 11:53:00,1105,1100,1105,1105,0
2022-10-04 11:54:00,1105,1100,1105,1105,0
2022-10-04 11:55:00,1105,1100,1105,1105,0
2022-10-04 11:56:00,1105,1100,1105,1105,0
2022-10-04 11:57:00,1105,1100,1105,1105,0
2022-10-04 11:58:00,1105,1100,1105,1105,0
2022-10-04 11:59:00,1105,1100,1105,1105,0
2022-10-04 12:00:00,1105,1100,1105,1105,0
2022-10-04 12:01:00,1105,1100,1105,1105,0
2022-10-04 12:02:00,1105,1100,1105,1105,0
2022-10-04 12:03:00,1105,1100,1105,1105,0
2022-10-04 12:04:00,1105,1100,1105,1105,0
2022-10-04 12:05:00,1105,1100,1105,1105,0
2022-10-04 12:06:00,1105,1100,1105,1105,0
2022-10-04 12:07:00,1105,1100,1105,1105,0
2022-10-04 12:08:00,1105,1100,1105,1105,0
2022-10-04 12:09:00,1105,1100,1105,1105,0
2022-10-04 12:10:00,1105,1100,1105,1105,0
2022-10-04 12:11:00,1105,1100,1105,1105,0
2022-10-04 12:12:00,1105,1100,1105,1105,0
2022-10-04 12:13:00,1105,1100,1105,1105,0
2022-10-04 12:14:00,1105,1100,1105,1105,0
2022-10-04 12:15:00,1105,1100,1105,1105,0
2022-10-04 12:16:00,1105,1100,1105,1105,0
2022-10-04 12:17:00,1105,1100,1105,1105,0
2022-10-04 12:18:00,1105,1100,1105,1105,0
2022-10-04 12:19:00,1105,1100,1105,1105,0
2022-10-04 12:20:00,1105,1100,1105,1105,0
2022-10-04 12:21:00,1105,1100,1105,1105,0
2022-10-04 12:22:00,1105,1100,1105,1105,0
2022-10-04 12:23:00,1105,1100,1105,1105,0
2022-10-04 12:24:00,1105,1100,1105,1105,0
2022-10-04 12:25:00,1105,1100,1105,1105,0
2022-10-04 12:26:00,1105,1100,1105,1105,0
2022-10-04 12:27:00,1105,1100,1105,1105,0
2022-10-04 12:28:00,1105,1100,1105,1105,0
2022-10-04 12:29:00,1105,1100,1105,1105,0
2022-10-04 12:30:00,1105,1100,1105,1105,0
2022-10-04 12:31:00,1105,1100,1105,1105,0
2022-10-04 12:32:00,1105,1100,1105,1105,0
2022-10-04 12:33:00,1105,1100,1105,1105,0
2022-10-04 12:34:00,1105,1100,1105,1105,0
2022-10-04 12:35:00,1105,1100,1105,1105,0
2022-10-04 12:36:00,1105,1100,1105,1105,0
2022-10-04 12:37:00,1105,1100,1105,1105,0
2022-10-04 12:38:00,1105,1100,1105,1105,0
2022-10-04 12:39:00,1105,1100,1105,1105,0
2022-10-04 12:40:00,1105,1100,1105,1105,0
2022-10-04 12:41:00,1105,1100,1105,1105,0
2022-10-04 12:42:00,1105,1100,1105,1105,0
2022-10-04 12:43:00,1105,1100,1105,1105,0
2022-10-04 12:44:00,1105,1100,1105,1105,0
2022-10-04 12:45:00,1105,1100,1105,1105,0
2022-10-04 12:46:00,1105,1100,1105,1105,0
2022-10-04 12:47:00,1105,1100,1105,1105,0
2022-10-04 12:48:00,1105,1100,1105,1105,0
2022-10-04 12:49:00,1105,1100,1105,1105,0
2022-10-04 12:50:00,1105,1100,1105,1105,0
2022-10-04 12:51:00,1105,1100,1105,1105,0
2022-10-04 12:52:00,1105,1100,1105,1105,0
2022-10-04 12:53:00,1105,1100,1105,1105,0
2022-10-04 12:54:00,1105,1100,1105,1105,0
2022-10-04 12:55:00,1105,1100,1105,1105,0
2022-10-04 12:56:00,1105,1100,1105,1105,0
2022-10-04 12:57:00,1105,1100,1105,1105,0
2022-10-04 12:58:00,1105,1100,1105,1105,0
2022-10-04 12:59:00,1105,1100,1105,1105,0
2022-10-04 13:00:00,1105,1100,1105,1105,0
2022-10-04 13:01:00,1105,1100,1105,1105,0
2022-10-04 13:02:00,1105,1100,1105,1105,0
2022-10-04 13:03:00,1105,1100,1105,1105,0
2022-10-04 13:04:00,1105,1100,1105,1105,0
2022-10-04 13:05:00,1105,1100,1105,1105,0
2022-10-04 13:06:00,1105,1100,1105,1105,0
2022-10-04 13:07:00,1105,1100,1105,1105,0
2022-10-04 13:08:00,1105,1100,1105,1105,0
2022-10-04 13:09:00,1105,1100,1105,1105,0
2022-10-04 13:10:00,1105,1100,1105,1105,0
2022-10-04 13:11:00,1105,1100,1105,1105,0
2022-10-04 13:12:00,1105,1100,1105,1105,0
2022-10-04 13:13:00,1105,1100,1105,1105,0
2022-10-04 13:14:00,1105,1100,1105,1105,0
2022-10-04 13:15:00,1105,1100,1105,1105,0
2022-10-04 13:16:00,1105,1100,1105,1105,0
2022-10-04 13:17:00,1105,1100,1105,1105,0
2022-10-04 13:18:00,1105,1100,1105,1105,0
2022-10-04 13:19:00,1105,1100,1105,1105,0
2022-10-04 13:20:00,1105,1100,1105,1105,0
2022-10-04 13:21:00,1105,1100,1105,1105,0
2022-10-04 13:22:00,1105,1100,1105,1105,0
2022-10-04 13:23:00,1105,1100,1105,1105,0
2022-10-04 13:24:00,1105,1100,1105,1105,0
2022-10-04 13:25:00,1105,1100,1105,1105,0
2022-10-04 13:26:00,1105,1100,1105,1105,0
2022-10-04 13:27:00,1105,1100,1105,1105,0
2022-10-04 13:28:00,1105,1100,1105,1105,0
2022-10-04 13:29:00,1105,1100,1105,1105,0
2022-10-04 13:30:00,1105,1100,1110,1110,280800
2022-10-04 13:31:00,1110,1105,1110,1105,202500
2022-10-04 13:32:00,1105,1105,1110,1110,28700
2022-10-04 13:33:00,1110,1110,1120,1115,1353200
2022-10-04 13:34:00,1110,1110,1120,1115,520000
2022-10-04 13:35:00,1120,1115,1120,1120,55800
2022-10-04 13:36:00,1120,1115,1120,1115,47400
2022-10-04 13:37:00,1115,1110,1115,1110,40700
2022-10-04 13:38:00,1110,1110,1115,1110,371100
2022-10-04 13:39:00,1110,1110,1110,1110,45800
2022-10-04 13:40:00,1110,1110,1110,1110,2500
2022-10-04 13:41:00,1110,1105,1110,1110,18200
2022-10-04 13:42:00,1110,1110,1110,1110,6200
2022-10-04 13:43:00,1105,1105,1110,1110,7200
2022-10-04 13:44:00,1110,1110,1110,1110,83200
2022-10-04 13:45:00,1110,1110,1110,1110,49100
2022-10-04 13:46:00,1110,1110,1110,1110,55900
2022-10-04 13:47:00,1110,1110,1110,1110,68900
2022-10-04 13:48:00,1105,1105,1105,1105,80400
2022-10-04 13:49:00,1105,1105,1105,1105,106500
2022-10-04 13:50:00,1105,1105,1105,1105,102600
2022-10-04 13:51:00,1105,1105,1105,1105,21800
2022-10-04 13:52:00,1100,1100,1105,1105,65100
2022-10-04 13:53:00,1105,1105,1105,1105,23000
2022-10-04 13:54:00,1105,1100,1105,1105,22100
2022-10-04 13:55:00,1105,1105,1105,1105,57600
2022-10-04 13:56:00,1105,1105,1105,1105,80000
2022-10-04 13:57:00,1105,1105,1105,1105,23700
2022-10-04 13:58:00,1100,1100,1105,1105,8600
2022-10-04 13:59:00,1105,1105,1105,1105,0
2022-10-04 14:00:00,1100,1100,1105,1105,95800
2022-10-04 14:01:00,1105,1100,1105,1100,516600
2022-10-04 14:02:00,1100,1100,1105,1100,154100
2022-10-04 14:03:00,1105,1100,1105,1105,165200
2022-10-04 14:04:00,1105,1105,1105,1105,33400
2022-10-04 14:05:00,1105,1105,1105,1105,0
2022-10-04 14:06:00,1105,1105,1105,1105,2700
2022-10-04 14:07:00,1105,1100,1105,1100,26200
2022-10-04 14:08:00,1100,1100,1105,1100,293500
2022-10-04 14:09:00,1100,1100,1105,1105,31500
2022-10-04 14:10:00,1105,1100,1105,1100,1200
2022-10-04 14:11:00,1105,1105,1105,1105,3100
2022-10-04 14:12:00,1105,1100,1105,1100,11100
2022-10-04 14:13:00,1100,1100,1100,1100,186800
2022-10-04 14:14:00,1100,1090,1100,1090,974900
2022-10-04 14:15:00,1095,1090,1095,1095,123200
2022-10-04 14:16:00,1100,1095,1100,1095,65600
2022-10-04 14:17:00,1095,1095,1095,1095,11200
2022-10-04 14:18:00,1095,1095,1095,1095,31700
2022-10-04 14:19:00,1095,1090,1095,1095,263100
2022-10-04 14:20:00,1095,1095,1100,1100,126400
2022-10-04 14:21:00,1095,1095,1100,1100,49200
2022-10-04 14:22:00,1095,1095,1100,1100,25600
2022-10-04 14:23:00,1100,1100,1100,1100,261000
2022-10-04 14:24:00,1100,1100,1100,1100,0
2022-10-04 14:25:00,1100,1100,1100,1100,4000
2022-10-04 14:26:00,1100,1100,1100,1100,13500
2022-10-04 14:27:00,1095,1095,1095,1095,345600
2022-10-04 14:28:00,1100,1100,1100,1100,551300
2022-10-04 14:29:00,1105,1105,1110,1110,639100
2022-10-04 14:30:00,1110,1110,1115,1115,221100
2022-10-04 14:31:00,1110,1110,1110,1110,7900
2022-10-04 14:32:00,1110,1110,1115,1115,23800
2022-10-04 14:33:00,1110,1110,1115,1110,70500
2022-10-04 14:34:00,1110,1105,1110,1105,572000
2022-10-04 14:35:00,1105,1105,1110,1105,192500
2022-10-04 14:36:00,1105,1105,1110,1110,108800
2022-10-04 14:37:00,1105,1105,1110,1110,0
2022-10-04 14:38:00,1110,1105,1120,1120,2027900
2022-10-04 14:39:00,1125,1120,1125,1120,1554600
2022-10-04 14:40:00,1120,1115,1120,1120,36800
2022-10-04 14:41:00,1120,1120,1130,1130,2979200
2022-10-04 14:42:00,1130,1125,1140,1130,2555700
2022-10-04 14:43:00,1130,1125,1130,1125,725900
2022-10-04 14:44:00,1125,1125,1130,1125,30400
2022-10-04 14:45:00,1125,1125,1130,1125,221800
2022-10-04 14:46:00,1125,1120,1125,1125,12000
2022-10-04 14:47:00,1125,1120,1125,1125,310400
2022-10-04 14:48:00,1125,1125,1130,1130,431600
2022-10-04 14:49:00,1130,1125,1140,1140,2498900
2022-10-04 14:50:00,1130,1125,1140,1140,0
2022-10-04 14:51:00,1130,1125,1140,1140,0
2022-10-04 14:52:00,1130,1125,1140,1140,0
2022-10-04 14:53:00,1130,1125,1140,1140,0
2022-10-04 14:54:00,1130,1125,1140,1140,0
2022-10-04 14:55:00,1130,1125,1140,1140,0
2022-10-04 14:56:00,1130,1125,1140,1140,0
2022-10-04 14:57:00,1130,1125,1140,1140,0
2022-10-04 14:58:00,1130,1125,1140,1140,0
2022-10-04 14:59:00,1130,1125,1140,1140,0
2022-10-04 15:00:00,1135,1135,1135,1135,2031200
2022-10-04 15:01:00,1135,1135,1135,1135,9800
2022-10-04 15:02:00,1135,1135,1135,1135,98100
2022-10-04 15:03:00,1135,1135,1135,1135,0
2022-10-04 15:04:00,1135,1135,1135,1135,18000
2022-10-04 15:05:00,1135,1135,1135,1135,0
2022-10-04 15:06:00,1135,1135,1135,1135,3900
2022-10-04 15:07:00,1135,1135,1135,1135,0
2022-10-04 15:08:00,1135,1135,1135,1135,12500
2022-10-04 15:09:00,1135,1135,1135,1135,6500
2022-10-04 15:10:00,1135,1135,1135,1135,1500
2022-10-04 15:11:00,1135,1135,1135,1135,0
2022-10-04 15:12:00,1135,1135,1135,1135,0
2022-10-04 15:13:00,1135,1135,1135,1135,200
2022-10-04 15:14:00,1135,1135,1135,1135,88042700
2022-10-04 15:15:00,1135,1135,1135,1135,0
2022-10-04 15:16:00,1135,1135,1135,1135,0
2022-10-04 15:17:00,1135,1135,1135,1135,0
2022-10-04 15:18:00,1135,1135,1135,1135,0
2022-10-04 15:19:00,1135,1135,1135,1135,0
2022-10-04 15:20:00,1135,1135,1135,1135,0
2022-10-04 15:21:00,1135,1135,1135,1135,0
2022-10-04 15:22:00,1135,1135,1135,1135,0
2022-10-04 15:23:00,1135,1135,1135,1135,0
2022-10-04 15:24:00,1135,1135,1135,1135,0
2022-10-04 15:25:00,1135,1135,1135,1135,0
2022-10-04 15:26:00,1135,1135,1135,1135,0
2022-10-04 15:27:00,1135,1135,1135,1135,0
2022-10-04 15:28:00,1135,1135,1135,1135,0
2022-10-04 15:29:00,1135,1135,1135,1135,0
2022-10-04 15:30:00,1135,1135,1135,1135,0
2022-10-04 15:31:00,1135,1135,1135,1135,0
2022-10-04 15:32:00,1135,1135,1135,1135,0
2022-10-04 15:33:00,1135,1135,1135,1135,0
2022-10-04 15:34:00,1135,1135,1135,1135,0
2022-10-04 15:35:00,1135,1135,1135,1135,0
2022-10-04 15:36:00,1135,1135,1135,1135,0
2022-10-04 15:37:00,1135,1135,1135,1135,0
2022-10-04 15:38:00,1135,1135,1135,1135,0
2022-10-04 15:39:00,1135,1135,1135,1135,0
2022-10-04 15:40:00,1135,1135,1135,1135,0
2022-10-04 15:41:00,1135,1135,1135,1135,0
2022-10-04 15:42:00,1135,1135,1135,1135,0
2022-10-04 15:43:00,1135,1135,1135,1135,0
2022-10-04 15:44:00,1135,1135,1135,1135,0
2022-10-04 15:45:00,1135,1135,1135,1135,0
2022-10-04 15:46:00,1135,1135,1135,1135,0
2022-10-04 15:47:00,1135,1135,1135,1135,0
2022-10-04 15:48:00,1135,1135,1135,1135,0
2022-10-04 15:49:00,1135,1135,1135,1135,0
2022-10-04 15:50:00,1135,1135,1135,1135,0
2022-10-04 15:51:00,1135,1135,1135,1135,0
2022-10-04 15:52:00,1135,1135,1135,1135,0
2022-10-04 15:53:00,1135,1135,1135,1135,0
2022-10-04 15:54:00,1135,1135,1135,1135,0
2022-10-04 15:55:00,1135,1135,1135,1135,0
2022-10-04 15:56:00,1135,1135,1135,1135,0
2022-10-04 15:57:00,1135,1135,1135,1135,0
2022-10-04 15:58:00,1135,1135,1135,1135,0
2022-10-04 15:59:00,1135,1135,1135,1135,0
2022-10-05 09:00:00,1130,1125,1130,1125,0
2022-10-05 09:01:00,1125,1120,1130,1130,104700
2022-10-05 09:02:00,1130,1125,1130,1130,30700
2022-10-05 09:03:00,1130,1130,1130,1130,3200
2022-10-05 09:04:00,1130,1125,1130,1125,292500
2022-10-05 09:05:00,1125,1125,1125,1125,72600
2022-10-05 09:06:00,1125,1120,1125,1125,261100
2022-10-05 09:07:00,1125,1120,1125,1120,39900
2022-10-05 09:08:00,1125,1120,1125,1125,16100
2022-10-05 09:09:00,1125,1120,1125,1125,33800
2022-10-05 09:10:00,1125,1120,1125,1120,103000
2022-10-05 09:11:00,1125,1125,1125,1125,18600
2022-10-05 09:12:00,1120,1120,1125,1125,6400
2022-10-05 09:13:00,1125,1120,1125,1125,118600
2022-10-05 09:14:00,1125,1120,1125,1120,162000
2022-10-05 09:15:00,1120,1120,1120,1120,70200
2022-10-05 09:16:00,1120,1120,1120,1120,44100
2022-10-05 09:17:00,1120,1120,1120,1120,125400
2022-10-05 09:18:00,1120,1120,1120,1120,0
2022-10-05 09:19:00,1125,1120,1125,1125,9905600
2022-10-05 09:20:00,1125,1125,1130,1125,9704700
2022-10-05 09:21:00,1125,1125,1125,1125,52500
2022-10-05 09:22:00,1125,1125,1130,1125,9500
2022-10-05 09:23:00,1125,1125,1125,1125,17800
2022-10-05 09:24:00,1125,1125,1125,1125,27900
2022-10-05 09:25:00,1125,1125,1125,1125,400
2022-10-05 09:26:00,1125,1120,1125,1125,31800
2022-10-05 09:27:00,1125,1120,1125,1120,115100
2022-10-05 09:28:00,1120,1120,1120,1120,0
2022-10-05 09:29:00,1125,1125,1125,1125,108100
2022-10-05 09:30:00,1125,1120,1125,1120,317100
2022-10-05 09:31:00,1125,1125,1125,1125,9300
2022-10-05 09:32:00,1125,1125,1125,1125,16900
2022-10-05 09:33:00,1125,1125,1125,1125,1800
2022-10-05 09:34:00,1125,1125,1125,1125,19300
2022-10-05 09:35:00,1125,1125,1125,1125,0
2022-10-05 09:36:00,1125,1125,1130,1130,7400
2022-10-05 09:37:00,1130,1125,1130,1130,14600
2022-10-05 09:38:00,1125,1125,1125,1125,133600
2022-10-05 09:39:00,1120,1120,1125,1125,59600
2022-10-05 09:40:00,1120,1120,1125,1125,1200
2022-10-05 09:41:00,1120,1120,1125,1120,52200
2022-10-05 09:42:00,1120,1120,1125,1125,38200
2022-10-05 09:43:00,1125,1120,1125,1125,416400
2022-10-05 09:44:00,1120,1120,1120,1120,14700
2022-10-05 09:45:00,1120,1120,1125,1120,69200
2022-10-05 09:46:00,1120,1120,1120,1120,15900
2022-10-05 09:47:00,1120,1120,1120,1120,3300
2022-10-05 09:48:00,1120,1120,1120,1120,6000
2022-10-05 09:49:00,1120,1120,1120,1120,117300
2022-10-05 09:50:00,1120,1120,1120,1120,0
2022-10-05 09:51:00,1120,1120,1120,1120,21500
2022-10-05 09:52:00,1125,1125,1125,1125,0
2022-10-05 09:53:00,1125,1125,1125,1125,0
2022-10-05 09:54:00,1120,1120,1125,1120,6400
2022-10-05 09:55:00,1120,1120,1125,1120,0
2022-10-05 09:56:00,1120,1120,1120,1120,40000
2022-10-05 09:57:00,1120,1120,1120,1120,0
2022-10-05 09:58:00,1120,1120,1120,1120,0
2022-10-05 09:59:00,1125,1120,1125,1125,900
2022-10-05 10:00:00,1120,1120,1125,1120,1300
2022-10-05 10:01:00,1125,1120,1125,1120,121200
2022-10-05 10:02:00,1120,1120,1120,1120,21800
2022-10-05 10:03:00,1120,1120,1120,1120,25900
2022-10-05 10:04:00,1120,1120,1120,1120,27400
2022-10-05 10:05:00,1120,1120,1120,1120,6200
2022-10-05 10:06:00,1115,1115,1120,1120,37700
2022-10-05 10:07:00,1115,1115,1120,1120,7200
2022-10-05 10:08:00,1120,1120,1120,1120,198700
2022-10-05 10:09:00,1125,1120,1125,1125,11000
2022-10-05 10:10:00,1125,1125,1125,1125,2300
2022-10-05 10:11:00,1120,1120,1125,1120,431200
2022-10-05 10:12:00,1120,1120,1120,1120,17100
2022-10-05 10:13:00,1120,1120,1125,1120,544000
2022-10-05 10:14:00,1120,1120,1125,1120,14800
2022-10-05 10:15:00,1120,1120,1125,1120,42000
2022-10-05 10:16:00,1120,1120,1125,1125,9900
2022-10-05 10:17:00,1120,1120,1125,1120,123400
2022-10-05 10:18:00,1120,1115,1120,1120,282300
2022-10-05 10:19:00,1120,1115,1120,1115,3200
2022-10-05 10:20:00,1120,1120,1120,1120,1500
2022-10-05 10:21:00,1115,1115,1120,1120,4800
2022-10-05 10:22:00,1120,1120,1120,1120,2400
2022-10-05 10:23:00,1120,1120,1120,1120,0
2022-10-05 10:24:00,1120,1115,1120,1115,27600
2022-10-05 10:25:00,1115,1115,1120,1115,1100
2022-10-05 10:26:00,1115,1115,1115,1115,0
2022-10-05 10:27:00,1115,1115,1115,1115,312900
2022-10-05 10:28:00,1115,1115,1115,1115,64500
2022-10-05 10:29:00,1110,1110,1115,1115,70000
2022-10-05 10:30:00,1115,1115,1115,1115,44500
2022-10-05 10:31:00,1115,1110,1115,1115,10000
2022-10-05 10:32:00,1115,1110,1115,1110,3200
2022-10-05 10:33:00,1115,1110,1115,1110,27200
2022-10-05 10:34:00,1115,1110,1115,1115,487600
2022-10-05 10:35:00,1115,1115,1115,1115,0
2022-10-05 10:36:00,1115,1115,1115,1115,0
2022-10-05 10:37:00,1115,1115,1115,1115,0
2022-10-05 10:38:00,1115,1115,1120,1120,13800
2022-10-05 10:39:00,1120,1120,1120,1120,23900
2022-10-05 10:40:00,1115,1115,1115,1115,0
2022-10-05 10:41:00,1115,1115,1115,1115,0
2022-10-05 10:42:00,1120,1120,1120,1120,500
2022-10-05 10:43:00,1120,1120,1120,1120,90000
2022-10-05 10:44:00,1120,1120,1120,1120,0
2022-10-05 10:45:00,1120,1120,1120,1120,0
2022-10-05 10:46:00,1120,1120,1120,1120,0
2022-10-05 10:47:00,1120,1120,1120,1120,0
2022-10-05 10:48:00,1115,1115,1115,1115,32800
2022-10-05 10:49:00,1115,1115,1115,1115,0
2022-10-05 10:50:00,1115,1115,1115,1115,4400
2022-10-05 10:51:00,1115,1115,1115,1115,4500
2022-10-05 10:52:00,1115,1115,1115,1115,164800
2022-10-05 10:53:00,1115,1115,1115,1115,49800
2022-10-05 10:54:00,1115,1115,1115,1115,0
2022-10-05 10:55:00,1115,1115,1115,1115,4300
2022-10-05 10:56:00,1115,1115,1120,1120,24200
2022-10-05 10:57:00,1115,1115,1115,1115,12200
2022-10-05 10:58:00,1115,1115,1115,1115,108900
2022-10-05 10:59:00,1115,1115,1115,1115,22300
2022-10-05 11:00:00,1115,1115,1115,1115,0
2022-10-05 11:01:00,1115,1115,1115,1115,6400
2022-10-05 11:02:00,1115,1110,1115,1110,5400
2022-10-05 11:03:00,1115,1110,1115,1110,103800
2022-10-05 11:04:00,1115,1115,1115,1115,8100
2022-10-05 11:05:00,1115,1110,1115,1115,70300
2022-10-05 11:06:00,1115,1115,1115,1115,2500
2022-10-05 11:07:00,1115,1115,1115,1115,1000
2022-10-05 11:08:00,1115,1115,1115,1115,15600
2022-10-05 11:09:00,1115,1115,1115,1115,4800
2022-10-05 11:10:00,1115,1115,1115,1115,20700
2022-10-05 11:11:00,1115,1115,1120,1120,0
2022-10-05 11:12:00,1115,1115,1115,1115,100
2022-10-05 11:13:00,1115,1115,1115,1115,10300
2022-10-05 11:14:00,1115,1115,1115,1115,0
2022-10-05 11:15:00,1115,1115,1115,1115,0
2022-10-05 11:16:00,1115,1115,1115,1115,0
2022-10-05 11:17:00,1115,1115,1115,1115,0
2022-10-05 11:18:00,1115,1115,1115,1115,284800
2022-10-05 11:19:00,1115,1115,1120,1120,0
2022-10-05 11:20:00,1115,1115,1115,1115,49400
2022-10-05 11:21:00,1115,1115,1115,1115,0
2022-10-05 11:22:00,1115,1115,1115,1115,91400
2022-10-05 11:23:00,1115,1115,1115,1115,24900
2022-10-05 11:24:00,1115,1115,1115,1115,9500
2022-10-05 11:25:00,1110,1110,1115,1115,15400
2022-10-05 11:26:00,1115,1115,1115,1115,28200
2022-10-05 11:27:00,1115,1115,1115,1115,52800
2022-10-05 11:28:00,1115,1115,1115,1115,81900
2022-10-05 11:29:00,1115,1115,1115,1115,0
2022-10-05 11:30:00,1115,1115,1115,1115,0
2022-10-05 11:31:00,1115,1115,1115,1115,0
2022-10-05 11:32:00,1115,1115,1115,1115,0
2022-10-05 11:33:00,1115,1115,1115,1115,0
2022-10-05 11:34:00,1115,1115,1115,1115,0
2022-10-05 11:35:00,1115,1115,1115,1115,0
2022-10-05 11:36:00,1115,1115,1115,1115,0
2022-10-05 11:37:00,1115,1115,1115,1115,0
2022-10-05 11:38:00,1115,1115,1115,1115,0
2022-10-05 11:39:00,1115,1115,1115,1115,0
2022-10-05 11:40:00,1115,1115,1115,1115,0
2022-10-05 11:41:00,1115,1115,1115,1115,0
2022-10-05 11:42:00,1115,1115,1115,1115,0
2022-10-05 11:43:00,1115,1115,1115,1115,0
2022-10-05 11:44:00,1115,1115,1115,1115,0
2022-10-05 11:45:00,1115,1115,1115,1115,0
2022-10-05 11:46:00,1115,1115,1115,1115,0
2022-10-05 11:47:00,1115,1115,1115,1115,0
2022-10-05 11:48:00,1115,1115,1115,1115,0
2022-10-05 11:49:00,1115,1115,1115,1115,0
2022-10-05 11:50:00,1115,1115,1115,1115,0
2022-10-05 11:51:00,1115,1115,1115,1115,0
2022-10-05 11:52:00,1115,1115,1115,1115,0
2022-10-05 11:53:00,1115,1115,1115,1115,0
2022-10-05 11:54:00,1115,1115,1115,1115,0
2022-10-05 11:55:00,1115,1115,1115,1115,0
2022-10-05 11:56:00,1115,1115,1115,1115,0
2022-10-05 11:57:00,1115,1115,1115,1115,0
2022-10-05 11:58:00,1115,1115,1115,1115,0
2022-10-05 11:59:00,1115,1115,1115,1115,0
2022-10-05 12:00:00,1115,1115,1115,1115,0
2022-10-05 12:01:00,1115,1115,1115,1115,0
2022-10-05 12:02:00,1115,1115,1115,1115,0
2022-10-05 12:03:00,1115,1115,1115,1115,0
2022-10-05 12:04:00,1115,1115,1115,1115,0
2022-10-05 12:05:00,1115,1115,1115,1115,0
2022-10-05 12:06:00,1115,1115,1115,1115,0
2022-10-05 12:07:00,1115,1115,1115,1115,0
2022-10-05 12:08:00,1115,1115,1115,1115,0
2022-10-05 12:09:00,1115,1115,1115,1115,0
2022-10-05 12:10:00,1115,1115,1115,1115,0
2022-10-05 12:11:00,1115,1115,1115,1115,0
2022-10-05 12:12:00,1115,1115,1115,1115,0
2022-10-05 12:13:00,1115,1115,1115,1115,0
2022-10-05 12:14:00,1115,1115,1115,1115,0
2022-10-05 12:15:00,1115,1115,1115,1115,0
2022-10-05 12:16:00,1115,1115,1115,1115,0
2022-10-05 12:17:00,1115,1115,1115,1115,0
2022-10-05 12:18:00,1115,1115,1115,1115,0
2022-10-05 12:19:00,1115,1115,1115,1115,0
2022-10-05 12:20:00,1115,1115,1115,1115,0
2022-10-05 12:21:00,1115,1115,1115,1115,0
2022-10-05 12:22:00,1115,1115,1115,1115,0
2022-10-05 12:23:00,1115,1115,1115,1115,0
2022-10-05 12:24:00,1115,1115,1115,1115,0
2022-10-05 12:25:00,1115,1115,1115,1115,0
2022-10-05 12:26:00,1115,1115,1115,1115,0
2022-10-05 12:27:00,1115,1115,1115,1115,0
2022-10-05 12:28:00,1115,1115,1115,1115,0
2022-10-05 12:29:00,1115,1115,1115,1115,0
2022-10-05 12:30:00,1115,1115,1115,1115,0
2022-10-05 12:31:00,1115,1115,1115,1115,0
2022-10-05 12:32:00,1115,1115,1115,1115,0
2022-10-05 12:33:00,1115,1115,1115,1115,0
2022-10-05 12:34:00,1115,1115,1115,1115,0
2022-10-05 12:35:00,1115,1115,1115,1115,0
2022-10-05 12:36:00,1115,1115,1115,1115,0
2022-10-05 12:37:00,1115,1115,1115,1115,0
2022-10-05 12:38:00,1115,1115,1115,1115,0
2022-10-05 12:39:00,1115,1115,1115,1115,0
2022-10-05 12:40:00,1115,1115,1115,1115,0
2022-10-05 12:41:00,1115,1115,1115,1115,0
2022-10-05 12:42:00,1115,1115,1115,1115,0
2022-10-05 12:43:00,1115,1115,1115,1115,0
2022-10-05 12:44:00,1115,1115,1115,1115,0
2022-10-05 12:45:00,1115,1115,1115,1115,0
2022-10-05 12:46:00,1115,1115,1115,1115,0
2022-10-05 12:47:00,1115,1115,1115,1115,0
2022-10-05 12:48:00,1115,1115,1115,1115,0
2022-10-05 12:49:00,1115,1115,1115,1115,0
2022-10-05 12:50:00,1115,1115,1115,1115,0
2022-10-05 12:51:00,1115,1115,1115,1115,0
2022-10-05 12:52:00,1115,1115,1115,1115,0
2022-10-05 12:53:00,1115,1115,1115,1115,0
2022-10-05 12:54:00,1115,1115,1115,1115,0
2022-10-05 12:55:00,1115,1115,1115,1115,0
2022-10-05 12:56:00,1115,1115,1115,1115,0
2022-10-05 12:57:00,1115,1115,1115,1115,0
2022-10-05 12:58:00,1115,1115,1115,1115,0
2022-10-05 12:59:00,1115,1115,1115,1115,0
2022-10-05 13:00:00,1115,1115,1115,1115,0
2022-10-05 13:01:00,1115,1115,1115,1115,0
2022-10-05 13:02:00,1115,1115,1115,1115,0
2022-10-05 13:03:00,1115,1115,1115,1115,0
2022-10-05 13:04:00,1115,1115,1115,1115,0
2022-10-05 13:05:00,1115,1115,1115,1115,0
2022-10-05 13:06:00,1115,1115,1115,1115,0
2022-10-05 13:07:00,1115,1115,1115,1115,0
2022-10-05 13:08:00,1115,1115,1115,1115,0
2022-10-05 13:09:00,1115,1115,1115,1115,0
2022-10-05 13:10:00,1115,1115,1115,1115,0
2022-10-05 13:11:00,1115,1115,1115,1115,0
2022-10-05 13:12:00,1115,1115,1115,1115,0
2022-10-05 13:13:00,1115,1115,1115,1115,0
2022-10-05 13:14:00,1115,1115,1115,1115,0
2022-10-05 13:15:00,1115,1115,1115,1115,0
2022-10-05 13:16:00,1115,1115,1115,1115,0
2022-10-05 13:17:00,1115,1115,1115,1115,0
2022-10-05 13:18:00,1115,1115,1115,1115,0
2022-10-05 13:19:00,1115,1115,1115,1115,0
2022-10-05 13:20:00,1115,1115,1115,1115,0
2022-10-05 13:21:00,1115,1115,1115,1115,0
2022-10-05 13:22:00,1115,1115,1115,1115,0
2022-10-05 13:23:00,1115,1115,1115,1115,0
2022-10-05 13:24:00,1115,1115,1115,1115,0
2022-10-05 13:25:00,1115,1115,1115,1115,0
2022-10-05 13:26:00,1115,1115,1115,1115,0
2022-10-05 13:27:00,1115,1115,1115,1115,0
2022-10-05 13:28:00,1115,1115,1115,1115,0
2022-10-05 13:29:00,1115,1115,1115,1115,0
2022-10-05 13:30:00,1115,1115,1120,1115,90600
2022-10-05 13:31:00,1115,1115,1120,1115,0
2022-10-05 13:32:00,1115,1115,1115,1115,15700
2022-10-05 13:33:00,1115,1115,1115,1115,3300
2022-10-05 13:34:00,1115,1115,1120,1120,28000
2022-10-05 13:35:00,1115,1115,1115,1115,800
2022-10-05 13:36:00,1115,1115,1115,1115,20200
2022-10-05 13:37:00,1115,1115,1115,1115,900
2022-10-05 13:38:00,1115,1115,1115,1115,6000
2022-10-05 13:39:00,1115,1115,1120,1115,660700
2022-10-05 13:40:00,1125,1125,1125,1125,148600
2022-10-05 13:41:00,1120,1120,1120,1120,447500
2022-10-05 13:42:00,1120,1115,1120,1120,44500
2022-10-05 13:43:00,1120,1120,1120,1120,2800
2022-10-05 13:44:00,1120,1120,1120,1120,46600
2022-10-05 13:45:00,1120,1120,1120,1120,2500
2022-10-05 13:46:00,1115,1115,1115,1115,0
2022-10-05 13:47:00,1120,1115,1120,1115,100
2022-10-05 13:48:00,1115,1115,1115,1115,51000
2022-10-05 13:49:00,1115,1110,1115,1110,203200
2022-10-05 13:50:00,1110,1110,1115,1110,46800
2022-10-05 13:51:00,1115,1115,1115,1115,22300
2022-10-05 13:52:00,1115,1110,1115,1115,22000
2022-10-05 13:53:00,1110,1100,1110,1110,2183000
2022-10-05 13:54:00,1110,1110,1110,1110,98400
2022-10-05 13:55:00,1110,1110,1110,1110,100200
2022-10-05 13:56:00,1105,1105,1110,1110,24400
2022-10-05 13:57:00,1110,1110,1110,1110,49400
2022-10-05 13:58:00,1110,1110,1110,1110,1600
2022-10-05 13:59:00,1110,1110,1115,1115,87200
2022-10-05 14:00:00,1110,1110,1115,1110,219600
2022-10-05 14:01:00,1110,1110,1115,1110,0
2022-10-05 14:02:00,1110,1110,1115,1110,0
2022-10-05 14:03:00,1110,1110,1110,1110,11600
2022-10-05 14:04:00,1115,1115,1115,1115,10600
2022-10-05 14:05:00,1110,1110,1110,1110,200
2022-10-05 14:06:00,1110,1110,1110,1110,15400
2022-10-05 14:07:00,1110,1110,1110,1110,0
2022-10-05 14:08:00,1110,1110,1110,1110,4700
2022-10-05 14:09:00,1110,1110,1110,1110,0
2022-10-05 14:10:00,1110,1110,1110,1110,2100
2022-10-05 14:11:00,1110,1110,1110,1110,2300
2022-10-05 14:12:00,1115,1110,1115,1110,20100
2022-10-05 14:13:00,1110,1110,1115,1115,0
2022-10-05 14:14:00,1115,1115,1115,1115,10700
2022-10-05 14:15:00,1115,1110,1115,1110,0
2022-10-05 14:16:00,1115,1110,1115,1110,17700
2022-10-05 14:17:00,1110,1110,1110,1110,3800
2022-10-05 14:18:00,1110,1110,1110,1110,101400
2022-10-05 14:19:00,1115,1115,1115,1115,29100
2022-10-05 14:20:00,1115,1110,1115,1110,56500
2022-10-05 14:21:00,1115,1115,1115,1115,0
2022-10-05 14:22:00,1110,1110,1110,1110,69800
2022-10-05 14:23:00,1110,1110,1115,1115,34900
2022-10-05 14:24:00,1110,1110,1110,1110,5200
2022-10-05 14:25:00,1110,1110,1110,1110,10300
2022-10-05 14:26:00,1110,1105,1110,1105,616700
2022-10-05 14:27:00,1110,1105,1110,1110,254900
2022-10-05 14:28:00,1110,1105,1110,1110,276100
2022-10-05 14:29:00,1105,1100,1105,1105,204200
2022-10-05 14:30:00,1105,1105,1105,1105,7700
2022-10-05 14:31:00,1105,1105,1105,1105,9400
2022-10-05 14:32:00,1105,1105,1110,1110,0
2022-10-05 14:33:00,1110,1105,1110,1105,73100
2022-10-05 14:34:00,1105,1105,1110,1105,158100
2022-10-05 14:35:00,1105,1105,1105,1105,292800
2022-10-05 14:36:00,1105,1105,1105,1105,23900
2022-10-05 14:37:00,1105,1105,1105,1105,48200
2022-10-05 14:38:00,1105,1105,1110,1110,1900
2022-10-05 14:39:00,1105,1105,1105,1105,140900
2022-10-05 14:40:00,1105,1105,1105,1105,8900
2022-10-05 14:41:00,1105,1105,1105,1105,100700
2022-10-05 14:42:00,1105,1105,1105,1105,118300
2022-10-05 14:43:00,1105,1105,1105,1105,105000
2022-10-05 14:44:00,1105,1105,1110,1110,351400
2022-10-05 14:45:00,1105,1105,1110,1105,8700
2022-10-05 14:46:00,1110,1110,1110,1110,12400
2022-10-05 14:47:00,1105,1100,1110,1100,2098100
2022-10-05 14:48:00,1105,1095,1105,1095,2449600
2022-10-05 14:49:00,1095,1090,1100,1095,1171200
2022-10-05 14:50:00,1095,1090,1100,1095,0
2022-10-05 14:51:00,1095,1090,1100,1095,0
2022-10-05 14:52:00,1095,1090,1100,1095,0
2022-10-05 14:53:00,1095,1090,1100,1095,0
2022-10-05 14:54:00,1095,1090,1100,1095,0
2022-10-05 14:55:00,1095,1090,1100,1095,0
2022-10-05 14:56:00,1095,1090,1100,1095,0
2022-10-05 14:57:00,1095,1090,1100,1095,0
2022-10-05 14:58:00,1095,1090,1100,1095,0
2022-10-05 14:59:00,1095,1090,1100,1095,0
2022-10-05 15:00:00,1080,1080,1080,1080,3909500
2022-10-05 15:01:00,1080,1080,1080,1080,560100
2022-10-05 15:02:00,1080,1080,1080,1080,28600
2022-10-05 15:03:00,1080,1080,1080,1080,190100
2022-10-05 15:04:00,1080,1080,1080,1080,426800
2022-10-05 15:05:00,1080,1080,1080,1080,161000
2022-10-05 15:06:00,1080,1080,1080,1080,3800
2022-10-05 15:07:00,1080,1080,1080,1080,34600
2022-10-05 15:08:00,1080,1080,1080,1080,6300
2022-10-05 15:09:00,1080,1080,1080,1080,118300
2022-10-05 15:10:00,1080,1080,1080,1080,0
2022-10-05 15:11:00,1080,1080,1080,1080,8100
2022-10-05 15:12:00,1080,1080,1080,1080,9500
2022-10-05 15:13:00,1080,1080,1080,1080,79100
2022-10-05 15:14:00,1080,1080,1080,1080,0
2022-10-05 15:15:00,1080,1080,1080,1080,0
2022-10-05 15:16:00,1080,1080,1080,1080,0
2022-10-05 15:17:00,1080,1080,1080,1080,0
2022-10-05 15:18:00,1080,1080,1080,1080,0
2022-10-05 15:19:00,1080,1080,1080,1080,0
2022-10-05 15:20:00,1080,1080,1080,1080,0
2022-10-05 15:21:00,1080,1080,1080,1080,0
2022-10-05 15:22:00,1080,1080,1080,1080,0
2022-10-05 15:23:00,1080,1080,1080,1080,0
2022-10-05 15:24:00,1080,1080,1080,1080,0
2022-10-05 15:25:00,1080,1080,1080,1080,0
2022-10-05 15:26:00,1080,1080,1080,1080,0
2022-10-05 15:27:00,1080,1080,1080,1080,0
2022-10-05 15:28:00,1080,1080,1080,1080,0
2022-10-05 15:29:00,1080,1080,1080,1080,0
2022-10-05 15:30:00,1080,1080,1080,1080,0
2022-10-05 15:31:00,1080,1080,1080,1080,0
2022-10-05 15:32:00,1080,1080,1080,1080,0
2022-10-05 15:33:00,1080,1080,1080,1080,0
2022-10-05 15:34:00,1080,1080,1080,1080,0
2022-10-05 15:35:00,1080,1080,1080,1080,0
2022-10-05 15:36:00,1080,1080,1080,1080,0
2022-10-05 15:37:00,1080,1080,1080,1080,0
2022-10-05 15:38:00,1080,1080,1080,1080,0
2022-10-05 15:39:00,1080,1080,1080,1080,0
2022-10-05 15:40:00,1080,1080,1080,1080,0
2022-10-05 15:41:00,1080,1080,1080,1080,0
2022-10-05 15:42:00,1080,1080,1080,1080,0
2022-10-05 15:43:00,1080,1080,1080,1080,0
2022-10-05 15:44:00,1080,1080,1080,1080,0
2022-10-05 15:45:00,1080,1080,1080,1080,0
2022-10-05 15:46:00,1080,1080,1080,1080,0
2022-10-05 15:47:00,1080,1080,1080,1080,0
2022-10-05 15:48:00,1080,1080,1080,1080,0
2022-10-05 15:49:00,1080,1080,1080,1080,0
2022-10-05 15:50:00,1080,1080,1080,1080,0
2022-10-05 15:51:00,1080,1080,1080,1080,0
2022-10-05 15:52:00,1080,1080,1080,1080,0
2022-10-05 15:53:00,1080,1080,1080,1080,0
2022-10-05 15:54:00,1080,1080,1080,1080,0
2022-10-05 15:55:00,1080,1080,1080,1080,0
2022-10-05 15:56:00,1080,1080,1080,1080,0
2022-10-05 15:57:00,1080,1080,1080,1080,0
2022-10-05 15:58:00,1080,1080,1080,1080,0
2022-10-05 15:59:00,1080,1080,1080,1080,0
2022-10-06 09:00:00,1075,1060,1075,1060,673800
2022-10-06 09:01:00,1060,1055,1060,1060,186400
2022-10-06 09:02:00,1060,1055,1065,1065,496600
2022-10-06 09:03:00,1065,1060,1065,1065,138000
2022-10-06 09:04:00,1070,1065,1075,1070,921000
2022-10-06 09:05:00,1070,1070,1080,1075,431700
2022-10-06 09:06:00,1070,1070,1080,1070,703200
2022-10-06 09:07:00,1070,1060,1070,1060,10241500
2022-10-06 09:08:00,1060,1060,1065,1060,238800
2022-10-06 09:09:00,1060,1050,1065,1060,887700
2022-10-06 09:10:00,1055,1055,1060,1060,697600
2022-10-06 09:11:00,1065,1060,1075,1065,10528600
2022-10-06 09:12:00,1070,1060,1070,1065,34500
2022-10-06 09:13:00,1065,1060,1065,1065,22600
2022-10-06 09:14:00,1060,1060,1065,1065,52100
2022-10-06 09:15:00,1065,1065,1070,1070,156600
2022-10-06 09:16:00,1070,1065,1070,1070,53400
2022-10-06 09:17:00,1065,1060,1070,1065,182700
2022-10-06 09:18:00,1065,1065,1070,1070,198900
2022-10-06 09:19:00,1070,1070,1075,1075,22900
2022-10-06 09:20:00,1075,1075,1080,1075,135100
2022-10-06 09:21:00,1075,1070,1075,1070,611600
2022-10-06 09:22:00,1065,1065,1070,1065,0
2022-10-06 09:23:00,1070,1065,1070,1070,21500
2022-10-06 09:24:00,1065,1065,1070,1065,190100
2022-10-06 09:25:00,1070,1065,1070,1070,35800
2022-10-06 09:26:00,1065,1060,1065,1065,564100
2022-10-06 09:27:00,1065,1065,1070,1070,759200
2022-10-06 09:28:00,1070,1065,1070,1065,0
2022-10-06 09:29:00,1070,1070,1075,1075,575400
2022-10-06 09:30:00,1080,1080,1085,1080,734000
2022-10-06 09:31:00,1080,1080,1080,1080,22600
2022-10-06 09:32:00,1080,1080,1085,1085,662000
2022-10-06 09:33:00,1080,1080,1085,1080,0
2022-10-06 09:34:00,1080,1080,1080,1080,53300
2022-10-06 09:35:00,1080,1080,1085,1085,187300
2022-10-06 09:36:00,1085,1080,1085,1085,16900
2022-10-06 09:37:00,1085,1080,1085,1080,36800
2022-10-06 09:38:00,1080,1080,1085,1080,17400
2022-10-06 09:39:00,1080,1080,1085,1080,174300
2022-10-06 09:40:00,1080,1080,1080,1080,108200
2022-10-06 09:41:00,1080,1075,1080,1080,11400
2022-10-06 09:42:00,1080,1080,1080,1080,1800
2022-10-06 09:43:00,1080,1075,1080,1080,0
2022-10-06 09:44:00,1080,1075,1080,1075,7400
2022-10-06 09:45:00,1075,1075,1075,1075,0
2022-10-06 09:46:00,1075,1075,1075,1075,12100
2022-10-06 09:47:00,1075,1075,1075,1075,16900
2022-10-06 09:48:00,1075,1075,1075,1075,0
2022-10-06 09:49:00,1075,1075,1075,1075,0
2022-10-06 09:50:00,1075,1075,1080,1080,7200
2022-10-06 09:51:00,1075,1075,1080,1080,0
2022-10-06 09:52:00,1080,1075,1080,1075,55200
2022-10-06 09:53:00,1080,1080,1080,1080,19100
2022-10-06 09:54:00,1080,1075,1080,1075,601700
2022-10-06 09:55:00,1075,1070,1075,1075,90600
2022-10-06 09:56:00,1075,1075,1075,1075,41400
2022-10-06 09:57:00,1075,1075,1075,1075,0
2022-10-06 09:58:00,1075,1075,1080,1080,27000
2022-10-06 09:59:00,1080,1080,1080,1080,800
2022-10-06 10:00:00,1080,1075,1080,1075,19700
2022-10-06 10:01:00,1075,1075,1075,1075,17100
2022-10-06 10:02:00,1075,1075,1075,1075,16500
2022-10-06 10:03:00,1075,1070,1075,1070,16300
2022-10-06 10:04:00,1070,1070,1075,1070,29300
2022-10-06 10:05:00,1070,1070,1075,1075,1600
2022-10-06 10:06:00,1075,1075,1075,1075,0
2022-10-06 10:07:00,1075,1075,1075,1075,25500
2022-10-06 10:08:00,1075,1075,1075,1075,100
2022-10-06 10:09:00,1075,1075,1075,1075,9500
2022-10-06 10:10:00,1075,1075,1075,1075,52300
2022-10-06 10:11:00,1075,1075,1075,1075,2500
2022-10-06 10:12:00,1075,1070,1075,1075,4400
2022-10-06 10:13:00,1075,1070,1075,1070,9900
2022-10-06 10:14:00,1075,1070,1075,1075,0
2022-10-06 10:15:00,1075,1075,1075,1075,18700
2022-10-06 10:16:00,1075,1075,1080,1080,67100
2022-10-06 10:17:00,1075,1075,1080,1080,0
2022-10-06 10:18:00,1080,1080,1080,1080,0
2022-10-06 10:19:00,1080,1080,1080,1080,1900
2022-10-06 10:20:00,1080,1075,1080,1075,2100
2022-10-06 10:21:00,1075,1075,1075,1075,337800
2022-10-06 10:22:00,1075,1075,1075,1075,114300
2022-10-06 10:23:00,1075,1075,1075,1075,0
2022-10-06 10:24:00,1075,1075,1075,1075,1800
2022-10-06 10:25:00,1080,1080,1080,1080,3600
2022-10-06 10:26:00,1075,1075,1075,1075,17200
2022-10-06 10:27:00,1080,1080,1080,1080,3900
2022-10-06 10:28:00,1080,1075,1080,1075,1500
2022-10-06 10:29:00,1080,1075,1080,1080,116900
2022-10-06 10:30:00,1080,1075,1080,1075,13000
2022-10-06 10:31:00,1080,1075,1080,1075,0
2022-10-06 10:32:00,1075,1075,1080,1075,132200
2022-10-06 10:33:00,1075,1075,1080,1075,0
2022-10-06 10:34:00,1080,1080,1080,1080,1200
2022-10-06 10:35:00,1080,1080,1080,1080,27200
2022-10-06 10:36:00,1080,1080,1080,1080,3400
2022-10-06 10:37:00,1080,1080,1080,1080,200
2022-10-06 10:38:00,1080,1080,1080,1080,11200
2022-10-06 10:39:00,1080,1080,1080,1080,4500
2022-10-06 10:40:00,1080,1080,1080,1080,200
2022-10-06 10:41:00,1080,1075,1080,1075,13000
2022-10-06 10:42:00,1080,1075,1080,1075,0
2022-10-06 10:43:00,1080,1080,1080,1080,0
2022-10-06 10:44:00,1075,1075,1080,1080,1700
2022-10-06 10:45:00,1080,1080,1080,1080,21400
2022-10-06 10:46:00,1080,1080,1080,1080,2200
2022-10-06 10:47:00,1075,1075,1075,1075,20200
2022-10-06 10:48:00,1075,1075,1075,1075,111400
2022-10-06 10:49:00,1080,1075,1080,1075,4300
2022-10-06 10:50:00,1075,1075,1075,1075,6500
2022-10-06 10:51:00,1075,1070,1075,1070,3300
2022-10-06 10:52:00,1070,1070,1070,1070,41600
2022-10-06 10:53:00,1070,1070,1075,1075,0
2022-10-06 10:54:00,1075,1075,1075,1075,12200
2022-10-06 10:55:00,1075,1070,1075,1075,20300
2022-10-06 10:56:00,1075,1075,1075,1075,0
2022-10-06 10:57:00,1075,1075,1075,1075,0
2022-10-06 10:58:00,1075,1075,1075,1075,34000
2022-10-06 10:59:00,1075,1075,1075,1075,0
2022-10-06 11:00:00,1075,1075,1075,1075,0
2022-10-06 11:01:00,1070,1070,1070,1070,6000
2022-10-06 11:02:00,1070,1070,1070,1070,0
2022-10-06 11:03:00,1070,1070,1070,1070,1100
2022-10-06 11:04:00,1070,1070,1070,1070,0
2022-10-06 11:05:00,1075,1075,1075,1075,1600
2022-10-06 11:06:00,1075,1070,1075,1075,110100
2022-10-06 11:07:00,1075,1075,1075,1075,21900
2022-10-06 11:08:00,1075,1075,1075,1075,26900
2022-10-06 11:09:00,1070,1070,1070,1070,0
2022-10-06 11:10:00,1070,1070,1075,1070,10000
2022-10-06 11:11:00,1070,1070,1070,1070,16000
2022-10-06 11:12:00,1070,1070,1070,1070,3100
2022-10-06 11:13:00,1070,1070,1070,1070,600
2022-10-06 11:14:00,1075,1070,1075,1070,3100
2022-10-06 11:15:00,1070,1070,1070,1070,26300
2022-10-06 11:16:00,1070,1070,1070,1070,21300
2022-10-06 11:17:00,1070,1070,1070,1070,32900
2022-10-06 11:18:00,1070,1070,1070,1070,0
2022-10-06 11:19:00,1075,1075,1075,1075,0
2022-10-06 11:20:00,1075,1075,1075,1075,1900
2022-10-06 11:21:00,1075,1075,1075,1075,1100
2022-10-06 11:22:00,1070,1070,1075,1070,129600
2022-10-06 11:23:00,1070,1070,1070,1070,13800
2022-10-06 11:24:00,1075,1075,1075,1075,0
2022-10-06 11:25:00,1075,1075,1075,1075,0
2022-10-06 11:26:00,1075,1070,1075,1070,1800
2022-10-06 11:27:00,1075,1070,1075,1070,0
2022-10-06 11:28:00,1075,1070,1075,1070,0
2022-10-06 11:29:00,1075,1075,1075,1075,0
2022-10-06 11:30:00,1075,1075,1075,1075,0
2022-10-06 11:31:00,1075,1075,1075,1075,0
2022-10-06 11:32:00,1075,1075,1075,1075,0
2022-10-06 11:33:00,1075,1075,1075,1075,0
2022-10-06 11:34:00,1075,1075,1075,1075,0
2022-10-06 11:35:00,1075,1075,1075,1075,0
2022-10-06 11:36:00,1075,1075,1075,1075,0
2022-10-06 11:37:00,1075,1075,1075,1075,0
2022-10-06 11:38:00,1075,1075,1075,1075,0
2022-10-06 11:39:00,1075,1075,1075,1075,0
2022-10-06 11:40:00,1075,1075,1075,1075,0
2022-10-06 11:41:00,1075,1075,1075,1075,0
2022-10-06 11:42:00,1075,1075,1075,1075,0
2022-10-06 11:43:00,1075,1075,1075,1075,0
2022-10-06 11:44:00,1075,1075,1075,1075,0
2022-10-06 11:45:00,1075,1075,1075,1075,0
2022-10-06 11:46:00,1075,1075,1075,1075,0
2022-10-06 11:47:00,1075,1075,1075,1075,0
2022-10-06 11:48:00,1075,1075,1075,1075,0
2022-10-06 11:49:00,1075,1075,1075,1075,0
2022-10-06 11:50:00,1075,1075,1075,1075,0
2022-10-06 11:51:00,1075,1075,1075,1075,0
2022-10-06 11:52:00,1075,1075,1075,1075,0
2022-10-06 11:53:00,1075,1075,1075,1075,0
2022-10-06 11:54:00,1075,1075,1075,1075,0
2022-10-06 11:55:00,1075,1075,1075,1075,0
2022-10-06 11:56:00,1075,1075,1075,1075,0
2022-10-06 11:57:00,1075,1075,1075,1075,0
2022-10-06 11:58:00,1075,1075,1075,1075,0
2022-10-06 11:59:00,1075,1075,1075,1075,0
2022-10-06 12:00:00,1075,1075,1075,1075,0
2022-10-06 12:01:00,1075,1075,1075,1075,0
2022-10-06 12:02:00,1075,1075,1075,1075,0
2022-10-06 12:03:00,1075,1075,1075,1075,0
2022-10-06 12:04:00,1075,1075,1075,1075,0
2022-10-06 12:05:00,1075,1075,1075,1075,0
2022-10-06 12:06:00,1075,1075,1075,1075,0
2022-10-06 12:07:00,1075,1075,1075,1075,0
2022-10-06 12:08:00,1075,1075,1075,1075,0
2022-10-06 12:09:00,1075,1075,1075,1075,0
2022-10-06 12:10:00,1075,1075,1075,1075,0
2022-10-06 12:11:00,1075,1075,1075,1075,0
2022-10-06 12:12:00,1075,1075,1075,1075,0
2022-10-06 12:13:00,1075,1075,1075,1075,0
2022-10-06 12:14:00,1075,1075,1075,1075,0
2022-10-06 12:15:00,1075,1075,1075,1075,0
2022-10-06 12:16:00,1075,1075,1075,1075,0
2022-10-06 12:17:00,1075,1075,1075,1075,0
2022-10-06 12:18:00,1075,1075,1075,1075,0
2022-10-06 12:19:00,1075,1075,1075,1075,0
2022-10-06 12:20:00,1075,1075,1075,1075,0
2022-10-06 12:21:00,1075,1075,1075,1075,0
2022-10-06 12:22:00,1075,1075,1075,1075,0
2022-10-06 12:23:00,1075,1075,1075,1075,0
2022-10-06 12:24:00,1075,1075,1075,1075,0
2022-10-06 12:25:00,1075,1075,1075,1075,0
2022-10-06 12:26:00,1075,1075,1075,1075,0
2022-10-06 12:27:00,1075,1075,1075,1075,0
2022-10-06 12:28:00,1075,1075,1075,1075,0
2022-10-06 12:29:00,1075,1075,1075,1075,0
2022-10-06 12:30:00,1075,1075,1075,1075,0
2022-10-06 12:31:00,1075,1075,1075,1075,0
2022-10-06 12:32:00,1075,1075,1075,1075,0
2022-10-06 12:33:00,1075,1075,1075,1075,0
2022-10-06 12:34:00,1075,1075,1075,1075,0
2022-10-06 12:35:00,1075,1075,1075,1075,0
2022-10-06 12:36:00,1075,1075,1075,1075,0
2022-10-06 12:37:00,1075,1075,1075,1075,0
2022-10-06 12:38:00,1075,1075,1075,1075,0
2022-10-06 12:39:00,1075,1075,1075,1075,0
2022-10-06 12:40:00,1075,1075,1075,1075,0
2022-10-06 12:41:00,1075,1075,1075,1075,0
2022-10-06 12:42:00,1075,1075,1075,1075,0
2022-10-06 12:43:00,1075,1075,1075,1075,0
2022-10-06 12:44:00,1075,1075,1075,1075,0
2022-10-06 12:45:00,1075,1075,1075,1075,0
2022-10-06 12:46:00,1075,1075,1075,1075,0
2022-10-06 12:47:00,1075,1075,1075,1075,0
2022-10-06 12:48:00,1075,1075,1075,1075,0
2022-10-06 12:49:00,1075,1075,1075,1075,0
2022-10-06 12:50:00,1075,1075,1075,1075,0
2022-10-06 12:51:00,1075,1075,1075,1075,0
2022-10-06 12:52:00,1075,1075,1075,1075,0
2022-10-06 12:53:00,1075,1075,1075,1075,0
2022-10-06 12:54:00,1075,1075,1075,1075,0
2022-10-06 12:55:00,1075,1075,1075,1075,0
2022-10-06 12:56:00,1075,1075,1075,1075,0
2022-10-06 12:57:00,1075,1075,1075,1075,0
2022-10-06 12:58:00,1075,1075,1075,1075,0
2022-10-06 12:59:00,1075,1075,1075,1075,0
2022-10-06 13:00:00,1075,1075,1075,1075,0
2022-10-06 13:01:00,1075,1075,1075,1075,0
2022-10-06 13:02:00,1075,1075,1075,1075,0
2022-10-06 13:03:00,1075,1075,1075,1075,0
2022-10-06 13:04:00,1075,1075,1075,1075,0
2022-10-06 13:05:00,1075,1075,1075,1075,0
2022-10-06 13:06:00,1075,1075,1075,1075,0
2022-10-06 13:07:00,1075,1075,1075,1075,0
2022-10-06 13:08:00,1075,1075,1075,1075,0
2022-10-06 13:09:00,1075,1075,1075,1075,0
2022-10-06 13:10:00,1075,1075,1075,1075,0
2022-10-06 13:11:00,1075,1075,1075,1075,0
2022-10-06 13:12:00,1075,1075,1075,1075,0
2022-10-06 13:13:00,1075,1075,1075,1075,0
2022-10-06 13:14:00,1075,1075,1075,1075,0
2022-10-06 13:15:00,1075,1075,1075,1075,0
2022-10-06 13:16:00,1075,1075,1075,1075,0
2022-10-06 13:17:00,1075,1075,1075,1075,0
2022-10-06 13:18:00,1075,1075,1075,1075,0
2022-10-06 13:19:00,1075,1075,1075,1075,0
2022-10-06 13:20:00,1075,1075,1075,1075,0
2022-10-06 13:21:00,1075,1075,1075,1075,0
2022-10-06 13:22:00,1075,1075,1075,1075,0
2022-10-06 13:23:00,1075,1075,1075,1075,0
2022-10-06 13:24:00,1075,1075,1075,1075,0
2022-10-06 13:25:00,1075,1075,1075,1075,0
2022-10-06 13:26:00,1075,1075,1075,1075,0
2022-10-06 13:27:00,1075,1075,1075,1075,0
2022-10-06 13:28:00,1075,1075,1075,1075,0
2022-10-06 13:29:00,1075,1075,1075,1075,0
2022-10-06 13:30:00,1075,1075,1080,1080,803700
2022-10-06 13:31:00,1080,1080,1080,1080,0
2022-10-06 13:32:00,1080,1080,1080,1080,136900
2022-10-06 13:33:00,1080,1080,1080,1080,408900
2022-10-06 13:34:00,1085,1085,1085,1085,27900
2022-10-06 13:35:00,1080,1080,1085,1085,8200
2022-10-06 13:36:00,1080,1080,1085,1085,5000
2022-10-06 13:37:00,1080,1080,1085,1085,0
2022-10-06 13:38:00,1085,1085,1085,1085,348900
2022-10-06 13:39:00,1090,1090,1090,1090,0
2022-10-06 13:40:00,1090,1085,1090,1090,249800
2022-10-06 13:41:00,1085,1085,1090,1085,9000
2022-10-06 13:42:00,1085,1085,1090,1090,646300
2022-10-06 13:43:00,1095,1090,1095,1095,2500
2022-10-06 13:44:00,1095,1090,1095,1090,17000
2022-10-06 13:45:00,1095,1090,1095,1090,100400
2022-10-06 13:46:00,1095,1095,1095,1095,1059000
2022-10-06 13:47:00,1100,1100,1105,1105,1840400
2022-10-06 13:48:00,1110,1105,1110,1105,614700
2022-10-06 13:49:00,1100,1100,1105,1100,282900
2022-10-06 13:50:00,1100,1100,1105,1100,114000
2022-10-06 13:51:00,1100,1100,1105,1100,28700
2022-10-06 13:52:00,1100,1100,1100,1100,33900
2022-10-06 13:53:00,1100,1100,1100,1100,3700
2022-10-06 13:54:00,1100,1100,1100,1100,73600
2022-10-06 13:55:00,1100,1100,1100,1100,0
2022-10-06 13:56:00,1100,1095,1100,1100,108200
2022-10-06 13:57:00,1100,1095,1100,1100,86400
2022-10-06 13:58:00,1100,1100,1105,1100,74800
2022-10-06 13:59:00,1100,1100,1105,1100,219900
2022-10-06 14:00:00,1100,1100,1105,1105,8000
2022-10-06 14:01:00,1105,1100,1105,1100,206900
2022-10-06 14:02:00,1105,1100,1105,1100,202400
2022-10-06 14:03:00,1100,1100,1105,1105,23900
2022-10-06 14:04:00,1105,1100,1105,1100,0
2022-10-06 14:05:00,1100,1100,1105,1105,12600
2022-10-06 14:06:00,1105,1100,1105,1100,89300
2022-10-06 14:07:00,1100,1100,1105,1105,90600
2022-10-06 14:08:00,1100,1100,1100,1100,1600
2022-10-06 14:09:00,1100,1100,1105,1105,13500
2022-10-06 14:10:00,1105,1100,1105,1105,12100
2022-10-06 14:11:00,1100,1100,1105,1100,900
2022-10-06 14:12:00,1100,1100,1105,1105,203900
2022-10-06 14:13:00,1100,1100,1100,1100,622100
2022-10-06 14:14:00,1100,1100,1100,1100,0
2022-10-06 14:15:00,1100,1100,1100,1100,4400
2022-10-06 14:16:00,1095,1095,1100,1100,228200
2022-10-06 14:17:00,1100,1100,1105,1105,69400
2022-10-06 14:18:00,1100,1100,1100,1100,16500
2022-10-06 14:19:00,1100,1100,1100,1100,146400
2022-10-06 14:20:00,1095,1095,1100,1100,49000
2022-10-06 14:21:00,1095,1095,1100,1100,0
2022-10-06 14:22:00,1100,1100,1100,1100,11300
2022-10-06 14:23:00,1100,1100,1105,1105,38800
2022-10-06 14:24:00,1100,1100,1105,1105,7600
2022-10-06 14:25:00,1100,1100,1105,1105,7400
2022-10-06 14:26:00,1100,1100,1105,1105,6700
2022-10-06 14:27:00,1100,1100,1105,1105,20800
2022-10-06 14:28:00,1105,1100,1105,1105,175300
2022-10-06 14:29:00,1105,1100,1105,1100,72800
2022-10-06 14:30:00,1100,1100,1105,1105,15200
2022-10-06 14:31:00,1105,1100,1105,1105,1800
2022-10-06 14:32:00,1100,1100,1100,1100,900
2022-10-06 14:33:00,1100,1100,1105,1105,4100
2022-10-06 14:34:00,1100,1100,1105,1105,4900
2022-10-06 14:35:00,1105,1105,1105,1105,5200
2022-10-06 14:36:00,1105,1105,1105,1105,613500
2022-10-06 14:37:00,1110,1110,1110,1110,10900
2022-10-06 14:38:00,1110,1105,1110,1105,13200
2022-10-06 14:39:00,1105,1105,1110,1105,332300
2022-10-06 14:40:00,1100,1100,1110,1105,665900
2022-10-06 14:41:00,1105,1105,1105,1105,0
2022-10-06 14:42:00,1105,1105,1110,1110,9500
2022-10-06 14:43:00,1105,1105,1115,1110,572300
2022-10-06 14:44:00,1110,1110,1115,1110,438000
2022-10-06 14:45:00,1115,1110,1115,1115,456500
2022-10-06 14:46:00,1115,1110,1115,1115,1444500
2022-10-06 14:47:00,1115,1110,1115,1110,316100
2022-10-06 14:48:00,1110,1110,1115,1110,343700
2022-10-06 14:49:00,1110,1105,1110,1110,184700
2022-10-06 14:50:00,1110,1105,1110,1110,0
2022-10-06 14:51:00,1110,1105,1110,1110,0
2022-10-06 14:52:00,1110,1105,1110,1110,0
2022-10-06 14:53:00,1110,1105,1110,1110,0
2022-10-06 14:54:00,1110,1105,1110,1110,0
2022-10-06 14:55:00,1110,1105,1110,1110,0
2022-10-06 14:56:00,1110,1105,1110,1110,0
2022-10-06 14:57:00,1110,1105,1110,1110,0
2022-10-06 14:58:00,1110,1105,1110,1110,0
2022-10-06 14:59:00,1110,1105,1110,1110,0
2022-10-06 15:00:00,1115,1115,1115,1115,4041200
2022-10-06 15:01:00,1115,1115,1115,1115,145100
2022-10-06 15:02:00,1115,1115,1115,1115,900
2022-10-06 15:03:00,1115,1115,1115,1115,19600
2022-10-06 15:04:00,1115,1115,1115,1115,30800
2022-10-06 15:05:00,1115,1115,1115,1115,0
2022-10-06 15:06:00,1115,1115,1115,1115,500
2022-10-06 15:07:00,1115,1115,1115,1115,600
2022-10-06 15:08:00,1115,1115,1115,1115,0
2022-10-06 15:09:00,1115,1115,1115,1115,2200
2022-10-06 15:10:00,1115,1115,1115,1115,1100
2022-10-06 15:11:00,1115,1115,1115,1115,0
2022-10-06 15:12:00,1115,1115,1115,1115,0
2022-10-06 15:13:00,1115,1115,1115,1115,800
2022-10-06 15:14:00,1115,1115,1115,1115,53234600
2022-10-06 15:15:00,1115,1115,1115,1115,0
2022-10-06 15:16:00,1115,1115,1115,1115,0
2022-10-06 15:17:00,1115,1115,1115,1115,0
2022-10-06 15:18:00,1115,1115,1115,1115,0
2022-10-06 15:19:00,1115,1115,1115,1115,0
2022-10-06 15:20:00,1115,1115,1115,1115,0
2022-10-06 15:21:00,1115,1115,1115,1115,0
2022-10-06 15:22:00,1115,1115,1115,1115,0
2022-10-06 15:23:00,1115,1115,1115,1115,0
2022-10-06 15:24:00,1115,1115,1115,1115,0
2022-10-06 15:25:00,1115,1115,1115,1115,0
2022-10-06 15:26:00,1115,1115,1115,1115,0
2022-10-06 15:27:00,1115,1115,1115,1115,0
2022-10-06 15:28:00,1115,1115,1115,1115,0
2022-10-06 15:29:00,1115,1115,1115,1115,0
2022-10-06 15:30:00,1115,1115,1115,1115,0
2022-10-06 15:31:00,1115,1115,1115,1115,0
2022-10-06 15:32:00,1115,1115,1115,1115,0
2022-10-06 15:33:00,1115,1115,1115,1115,0
2022-10-06 15:34:00,1115,1115,1115,1115,0
2022-10-06 15:35:00,1115,1115,1115,1115,0
2022-10-06 15:36:00,1115,1115,1115,1115,0
2022-10-06 15:37:00,1115,1115,1115,1115,0
2022-10-06 15:38:00,1115,1115,1115,1115,0
2022-10-06 15:39:00,1115,1115,1115,1115,0
2022-10-06 15:40:00,1115,1115,1115,1115,0
2022-10-06 15:41:00,1115,1115,1115,1115,0
2022-10-06 15:42:00,1115,1115,1115,1115,0
2022-10-06 15:43:00,1115,1115,1115,1115,0
2022-10-06 15:44:00,1115,1115,1115,1115,0
2022-10-06 15:45:00,1115,1115,1115,1115,0
2022-10-06 15:46:00,1115,1115,1115,1115,0
2022-10-06 15:47:00,1115,1115,1115,1115,0
2022-10-06 15:48:00,1115,1115,1115,1115,0
2022-10-06 15:49:00,1115,1115,1115,1115,0
2022-10-06 15:50:00,1115,1115,1115,1115,0
2022-10-06 15:51:00,1115,1115,1115,1115,0
2022-10-06 15:52:00,1115,1115,1115,1115,0
2022-10-06 15:53:00,1115,1115,1115,1115,0
2022-10-06 15:54:00,1115,1115,1115,1115,0
2022-10-06 15:55:00,1115,1115,1115,1115,0
2022-10-06 15:56:00,1115,1115,1115,1115,0
2022-10-06 15:57:00,1115,1115,1115,1115,0
2022-10-06 15:58:00,1115,1115,1115,1115,0
2022-10-06 15:59:00,1115,1115,1115,1115,0
2022-10-07 09:00:00,1115,1105,1115,1110,0
2022-10-07 09:01:00,1105,1105,1110,1110,17500
2022-10-07 09:02:00,1110,1105,1110,1105,63500
2022-10-07 09:03:00,1105,1105,1110,1105,78500
2022-10-07 09:04:00,1105,1105,1115,1110,765600
2022-10-07 09:05:00,1110,1110,1110,1110,182200
2022-10-07 09:06:00,1110,1105,1110,1105,71900
2022-10-07 09:07:00,1105,1105,1110,1105,36200
2022-10-07 09:08:00,1105,1105,1110,1110,63000
2022-10-07 09:09:00,1105,1105,1110,1110,364400
2022-10-07 09:10:00,1110,1110,1110,1110,0
2022-10-07 09:11:00,1110,1105,1110,1105,14966600
2022-10-07 09:12:00,1105,1105,1110,1110,5218400
2022-10-07 09:13:00,1100,1100,1110,1110,109300
2022-10-07 09:14:00,1110,1110,1115,1110,242500
2022-10-07 09:15:00,1110,1110,1110,1110,59100
2022-10-07 09:16:00,1110,1110,1115,1115,395600
2022-10-07 09:17:00,1115,1115,1115,1115,0
2022-10-07 09:18:00,1110,1110,1110,1110,10700
2022-10-07 09:19:00,1110,1110,1115,1115,7400
2022-10-07 09:20:00,1110,1110,1110,1110,600
2022-10-07 09:21:00,1110,1110,1110,1110,0
2022-10-07 09:22:00,1110,1110,1110,1110,60900
2022-10-07 09:23:00,1110,1110,1110,1110,16300
2022-10-07 09:24:00,1110,1110,1110,1110,36200
2022-10-07 09:25:00,1110,1110,1110,1110,2000
2022-10-07 09:26:00,1110,1110,1110,1110,5700
2022-10-07 09:27:00,1110,1110,1110,1110,0
2022-10-07 09:28:00,1105,1105,1110,1110,26100
2022-10-07 09:29:00,1110,1110,1110,1110,100300
2022-10-07 09:30:00,1110,1110,1115,1115,210600
2022-10-07 09:31:00,1115,1110,1115,1110,18500
2022-10-07 09:32:00,1115,1115,1115,1115,2500
2022-10-07 09:33:00,1115,1115,1115,1115,5800
2022-10-07 09:34:00,1115,1110,1115,1110,13000
2022-10-07 09:35:00,1110,1110,1110,1110,182700
2022-10-07 09:36:00,1110,1110,1110,1110,0
2022-10-07 09:37:00,1110,1110,1110,1110,0
2022-10-07 09:38:00,1110,1110,1110,1110,600
2022-10-07 09:39:00,1115,1110,1115,1110,108000
2022-10-07 09:40:00,1110,1110,1110,1110,29900
2022-10-07 09:41:00,1110,1105,1110,1105,0
2022-10-07 09:42:00,1110,1110,1110,1110,0
2022-10-07 09:43:00,1110,1105,1110,1105,13900
2022-10-07 09:44:00,1110,1110,1110,1110,0
2022-10-07 09:45:00,1110,1110,1110,1110,900
2022-10-07 09:46:00,1110,1110,1110,1110,500
2022-10-07 09:47:00,1110,1105,1110,1110,79400
2022-10-07 09:48:00,1110,1110,1110,1110,20400
2022-10-07 09:49:00,1110,1110,1110,1110,1500
2022-10-07 09:50:00,1110,1110,1110,1110,16800
2022-10-07 09:51:00,1110,1110,1110,1110,21700
2022-10-07 09:52:00,1105,1105,1105,1105,9400
2022-10-07 09:53:00,1105,1105,1105,1105,11700
2022-10-07 09:54:00,1105,1105,1105,1105,11100
2022-10-07 09:55:00,1105,1105,1105,1105,98800
2022-10-07 09:56:00,1105,1105,1110,1105,116200
2022-10-07 09:57:00,1105,1100,1105,1100,589600
2022-10-07 09:58:00,1095,1095,1100,1100,9100
2022-10-07 09:59:00,1100,1100,1100,1100,46900
2022-10-07 10:00:00,1100,1095,1100,1095,7800
2022-10-07 10:01:00,1095,1095,1095,1095,225300
2022-10-07 10:02:00,1095,1095,1095,1095,102100
2022-10-07 10:03:00,1095,1095,1095,1095,49100
2022-10-07 10:04:00,1095,1095,1095,1095,60900
2022-10-07 10:05:00,1095,1095,1095,1095,52500
2022-10-07 10:06:00,1095,1090,1095,1090,13100
2022-10-07 10:07:00,1090,1090,1090,1090,41500
2022-10-07 10:08:00,1090,1090,1090,1090,1100
2022-10-07 10:09:00,1095,1095,1095,1095,0
2022-10-07 10:10:00,1095,1095,1095,1095,21300
2022-10-07 10:11:00,1095,1090,1095,1090,0
2022-10-07 10:12:00,1095,1090,1095,1090,10200
2022-10-07 10:13:00,1090,1090,1090,1090,332100
2022-10-07 10:14:00,1090,1090,1090,1090,154900
2022-10-07 10:15:00,1090,1090,1090,1090,72600
2022-10-07 10:16:00,1090,1090,1090,1090,2700
2022-10-07 10:17:00,1090,1090,1090,1090,56300
2022-10-07 10:18:00,1090,1090,1090,1090,5800
2022-10-07 10:19:00,1090,1090,1090,1090,34500
2022-10-07 10:20:00,1090,1090,1090,1090,0
2022-10-07 10:21:00,1090,1090,1090,1090,0
2022-10-07 10:22:00,1090,1090,1090,1090,0
2022-10-07 10:23:00,1090,1090,1090,1090,32200
2022-10-07 10:24:00,1095,1095,1095,1095,93100
2022-10-07 10:25:00,1095,1090,1095,1090,14300
2022-10-07 10:26:00,1090,1090,1090,1090,400
2022-10-07 10:27:00,1090,1090,1090,1090,93700
2022-10-07 10:28:00,1090,1090,1090,1090,2300
2022-10-07 10:29:00,1095,1095,1095,1095,25400
2022-10-07 10:30:00,1095,1095,1095,1095,0
2022-10-07 10:31:00,1095,1090,1095,1090,5400
2022-10-07 10:32:00,1095,1090,1095,1090,0
2022-10-07 10:33:00,1090,1090,1095,1095,12500
2022-10-07 10:34:00,1090,1090,1095,1095,0
2022-10-07 10:35:00,1095,1090,1095,1095,5800
2022-10-07 10:36:00,1095,1095,1095,1095,0
2022-10-07 10:37:00,1095,1090,1095,1095,56300
2022-10-07 10:38:00,1095,1095,1095,1095,17100
2022-10-07 10:39:00,1095,1095,1095,1095,0
2022-10-07 10:40:00,1095,1090,1095,1095,40100
2022-10-07 10:41:00,1095,1095,1095,1095,3600
2022-10-07 10:42:00,1095,1095,1100,1100,1400
2022-10-07 10:43:00,1095,1095,1095,1095,0
2022-10-07 10:44:00,1095,1095,1095,1095,0
2022-10-07 10:45:00,1095,1095,1095,1095,0
2022-10-07 10:46:00,1095,1095,1095,1095,114700
2022-10-07 10:47:00,1095,1095,1095,1095,0
2022-10-07 10:48:00,1095,1095,1100,1100,24100
2022-10-07 10:49:00,1095,1095,1100,1100,0
2022-10-07 10:50:00,1100,1100,1100,1100,1100
2022-10-07 10:51:00,1095,1095,1095,1095,0
2022-10-07 10:52:00,1095,1095,1095,1095,21100
2022-10-07 10:53:00,1100,1095,1100,1095,5000
2022-10-07 10:54:00,1095,1095,1095,1095,5500
2022-10-07 10:55:00,1095,1095,1095,1095,13800
2022-10-07 10:56:00,1095,1095,1095,1095,0
2022-10-07 10:57:00,1095,1095,1095,1095,0
2022-10-07 10:58:00,1095,1095,1095,1095,100
2022-10-07 10:59:00,1095,1095,1095,1095,900
2022-10-07 11:00:00,1095,1095,1095,1095,16900
2022-10-07 11:01:00,1095,1095,1095,1095,31500
2022-10-07 11:02:00,1095,1095,1095,1095,14500
2022-10-07 11:03:00,1095,1095,1095,1095,1900
2022-10-07 11:04:00,1095,1095,1095,1095,0
2022-10-07 11:05:00,1095,1095,1095,1095,0
2022-10-07 11:06:00,1095,1095,1095,1095,4000
2022-10-07 11:07:00,1095,1095,1095,1095,0
2022-10-07 11:08:00,1095,1095,1095,1095,0
2022-10-07 11:09:00,1095,1095,1095,1095,0
2022-10-07 11:10:00,1095,1095,1095,1095,0
2022-10-07 11:11:00,1095,1095,1095,1095,0
2022-10-07 11:12:00,1095,1095,1095,1095,400
2022-10-07 11:13:00,1095,1095,1095,1095,7400
2022-10-07 11:14:00,1095,1095,1095,1095,0
2022-10-07 11:15:00,1095,1095,1095,1095,14000
2022-10-07 11:16:00,1095,1095,1095,1095,11600
2022-10-07 11:17:00,1095,1095,1095,1095,0
2022-10-07 11:18:00,1095,1095,1095,1095,0
2022-10-07 11:19:00,1095,1095,1095,1095,1700
2022-10-07 11:20:00,1095,1095,1095,1095,0
2022-10-07 11:21:00,1095,1095,1095,1095,0
2022-10-07 11:22:00,1095,1095,1095,1095,200
2022-10-07 11:23:00,1095,1095,1095,1095,200
2022-10-07 11:24:00,1095,1095,1095,1095,100
2022-10-07 11:25:00,1095,1095,1095,1095,400
2022-10-07 11:26:00,1095,1095,1095,1095,73900
2022-10-07 11:27:00,1095,1090,1095,1090,200
2022-10-07 11:28:00,1090,1090,1095,1090,900
2022-10-07 11:29:00,1090,1090,1090,1090,563600
2022-10-07 11:30:00,1090,1090,1090,1090,0
2022-10-07 11:31:00,1090,1090,1090,1090,0
2022-10-07 11:32:00,1090,1090,1090,1090,0
2022-10-07 11:33:00,1090,1090,1090,1090,0
2022-10-07 11:34:00,1090,1090,1090,1090,0
2022-10-07 11:35:00,1090,1090,1090,1090,0
2022-10-07 11:36:00,1090,1090,1090,1090,0
2022-10-07 11:37:00,1090,1090,1090,1090,0
2022-10-07 11:38:00,1090,1090,1090,1090,0
2022-10-07 11:39:00,1090,1090,1090,1090,0
2022-10-07 11:40:00,1090,1090,1090,1090,0
2022-10-07 11:41:00,1090,1090,1090,1090,0
2022-10-07 11:42:00,1090,1090,1090,1090,0
2022-10-07 11:43:00,1090,1090,1090,1090,0
2022-10-07 11:44:00,1090,1090,1090,1090,0
2022-10-07 11:45:00,1090,1090,1090,1090,0
2022-10-07 11:46:00,1090,1090,1090,1090,0
2022-10-07 11:47:00,1090,1090,1090,1090,0
2022-10-07 11:48:00,1090,1090,1090,1090,0
2022-10-07 11:49:00,1090,1090,1090,1090,0
2022-10-07 11:50:00,1090,1090,1090,1090,0
2022-10-07 11:51:00,1090,1090,1090,1090,0
2022-10-07 11:52:00,1090,1090,1090,1090,0
2022-10-07 11:53:00,1090,1090,1090,1090,0
2022-10-07 11:54:00,1090,1090,1090,1090,0
2022-10-07 11:55:00,1090,1090,1090,1090,0
2022-10-07 11:56:00,1090,1090,1090,1090,0
2022-10-07 11:57:00,1090,1090,1090,1090,0
2022-10-07 11:58:00,1090,1090,1090,1090,0
2022-10-07 11:59:00,1090,1090,1090,1090,0
2022-10-07 12:00:00,1090,1090,1090,1090,0
2022-10-07 12:01:00,1090,1090,1090,1090,0
2022-10-07 12:02:00,1090,1090,1090,1090,0
2022-10-07 12:03:00,1090,1090,1090,1090,0
2022-10-07 12:04:00,1090,1090,1090,1090,0
2022-10-07 12:05:00,1090,1090,1090,1090,0
2022-10-07 12:06:00,1090,1090,1090,1090,0
2022-10-07 12:07:00,1090,1090,1090,1090,0
2022-10-07 12:08:00,1090,1090,1090,1090,0
2022-10-07 12:09:00,1090,1090,1090,1090,0
2022-10-07 12:10:00,1090,1090,1090,1090,0
2022-10-07 12:11:00,1090,1090,1090,1090,0
2022-10-07 12:12:00,1090,1090,1090,1090,0
2022-10-07 12:13:00,1090,1090,1090,1090,0
2022-10-07 12:14:00,1090,1090,1090,1090,0
2022-10-07 12:15:00,1090,1090,1090,1090,0
2022-10-07 12:16:00,1090,1090,1090,1090,0
2022-10-07 12:17:00,1090,1090,1090,1090,0
2022-10-07 12:18:00,1090,1090,1090,1090,0
2022-10-07 12:19:00,1090,1090,1090,1090,0
2022-10-07 12:20:00,1090,1090,1090,1090,0
2022-10-07 12:21:00,1090,1090,1090,1090,0
2022-10-07 12:22:00,1090,1090,1090,1090,0
2022-10-07 12:23:00,1090,1090,1090,1090,0
2022-10-07 12:24:00,1090,1090,1090,1090,0
2022-10-07 12:25:00,1090,1090,1090,1090,0
2022-10-07 12:26:00,1090,1090,1090,1090,0
2022-10-07 12:27:00,1090,1090,1090,1090,0
2022-10-07 12:28:00,1090,1090,1090,1090,0
2022-10-07 12:29:00,1090,1090,1090,1090,0
2022-10-07 12:30:00,1090,1090,1090,1090,0
2022-10-07 12:31:00,1090,1090,1090,1090,0
2022-10-07 12:32:00,1090,1090,1090,1090,0
2022-10-07 12:33:00,1090,1090,1090,1090,0
2022-10-07 12:34:00,1090,1090,1090,1090,0
2022-10-07 12:35:00,1090,1090,1090,1090,0
2022-10-07 12:36:00,1090,1090,1090,1090,0
2022-10-07 12:37:00,1090,1090,1090,1090,0
2022-10-07 12:38:00,1090,1090,1090,1090,0
2022-10-07 12:39:00,1090,1090,1090,1090,0
2022-10-07 12:40:00,1090,1090,1090,1090,0
2022-10-07 12:41:00,1090,1090,1090,1090,0
2022-10-07 12:42:00,1090,1090,1090,1090,0
2022-10-07 12:43:00,1090,1090,1090,1090,0
2022-10-07 12:44:00,1090,1090,1090,1090,0
2022-10-07 12:45:00,1090,1090,1090,1090,0
2022-10-07 12:46:00,1090,1090,1090,1090,0
2022-10-07 12:47:00,1090,1090,1090,1090,0
2022-10-07 12:48:00,1090,1090,1090,1090,0
2022-10-07 12:49:00,1090,1090,1090,1090,0
2022-10-07 12:50:00,1090,1090,1090,1090,0
2022-10-07 12:51:00,1090,1090,1090,1090,0
2022-10-07 12:52:00,1090,1090,1090,1090,0
2022-10-07 12:53:00,1090,1090,1090,1090,0
2022-10-07 12:54:00,1090,1090,1090,1090,0
2022-10-07 12:55:00,1090,1090,1090,1090,0
2022-10-07 12:56:00,1090,1090,1090,1090,0
2022-10-07 12:57:00,1090,1090,1090,1090,0
2022-10-07 12:58:00,1090,1090,1090,1090,0
2022-10-07 12:59:00,1090,1090,1090,1090,0
2022-10-07 13:00:00,1090,1090,1090,1090,0
2022-10-07 13:01:00,1090,1090,1090,1090,0
2022-10-07 13:02:00,1090,1090,1090,1090,0
2022-10-07 13:03:00,1090,1090,1090,1090,0
2022-10-07 13:04:00,1090,1090,1090,1090,0
2022-10-07 13:05:00,1090,1090,1090,1090,0
2022-10-07 13:06:00,1090,1090,1090,1090,0
2022-10-07 13:07:00,1090,1090,1090,1090,0
2022-10-07 13:08:00,1090,1090,1090,1090,0
2022-10-07 13:09:00,1090,1090,1090,1090,0
2022-10-07 13:10:00,1090,1090,1090,1090,0
2022-10-07 13:11:00,1090,1090,1090,1090,0
2022-10-07 13:12:00,1090,1090,1090,1090,0
2022-10-07 13:13:00,1090,1090,1090,1090,0
2022-10-07 13:14:00,1090,1090,1090,1090,0
2022-10-07 13:15:00,1090,1090,1090,1090,0
2022-10-07 13:16:00,1090,1090,1090,1090,0
2022-10-07 13:17:00,1090,1090,1090,1090,0
2022-10-07 13:18:00,1090,1090,1090,1090,0
2022-10-07 13:19:00,1090,1090,1090,1090,0
2022-10-07 13:20:00,1090,1090,1090,1090,0
2022-10-07 13:21:00,1090,1090,1090,1090,0
2022-10-07 13:22:00,1090,1090,1090,1090,0
2022-10-07 13:23:00,1090,1090,1090,1090,0
2022-10-07 13:24:00,1090,1090,1090,1090,0
2022-10-07 13:25:00,1090,1090,1090,1090,0
2022-10-07 13:26:00,1090,1090,1090,1090,0
2022-10-07 13:27:00,1090,1090,1090,1090,0
2022-10-07 13:28:00,1090,1090,1090,1090,0
2022-10-07 13:29:00,1090,1090,1090,1090,0
2022-10-07 13:30:00,1090,1090,1095,1095,59000
2022-10-07 13:31:00,1095,1095,1095,1095,900
2022-10-07 13:32:00,1095,1095,1095,1095,0
2022-10-07 13:33:00,1090,1085,1090,1085,1242300
2022-10-07 13:34:00,1085,1075,1085,1075,1839600
2022-10-07 13:35:00,1075,1075,1080,1075,43500
2022-10-07 13:36:00,1075,1070,1080,1075,209000
2022-10-07 13:37:00,1070,1070,1075,1075,38800
2022-10-07 13:38:00,1075,1070,1075,1070,341600
2022-10-07 13:39:00,1075,1060,1075,1065,1220900
2022-10-07 13:40:00,1065,1060,1065,1065,236800
2022-10-07 13:41:00,1065,1060,1065,1065,211100
2022-10-07 13:42:00,1065,1055,1065,1055,986800
2022-10-07 13:43:00,1060,1060,1070,1065,1040900
2022-10-07 13:44:00,1065,1065,1070,1070,209700
2022-10-07 13:45:00,1070,1065,1070,1065,352900
2022-10-07 13:46:00,1060,1060,1065,1060,238500
2022-10-07 13:47:00,1065,1060,1070,1065,88700
2022-10-07 13:48:00,1065,1065,1070,1065,158500
2022-10-07 13:49:00,1060,1060,1065,1065,112800
2022-10-07 13:50:00,1060,1060,1070,1070,177900
2022-10-07 13:51:00,1065,1065,1070,1070,16100
2022-10-07 13:52:00,1065,1065,1070,1070,7900
2022-10-07 13:53:00,1070,1065,1075,1075,1315200
2022-10-07 13:54:00,1075,1070,1075,1070,50200
2022-10-07 13:55:00,1070,1070,1070,1070,0
2022-10-07 13:56:00,1070,1070,1070,1070,144000
2022-10-07 13:57:00,1075,1070,1075,1075,14700
2022-10-07 13:58:00,1075,1075,1075,1075,8900
2022-10-07 13:59:00,1075,1075,1075,1075,1700
2022-10-07 14:00:00,1075,1070,1075,1075,29800
2022-10-07 14:01:00,1075,1070,1075,1075,256600
2022-10-07 14:02:00,1080,1075,1080,1080,27600
2022-10-07 14:03:00,1080,1080,1085,1085,135400
2022-10-07 14:04:00,1085,1085,1085,1085,310900
2022-10-07 14:05:00,1085,1085,1085,1085,2500
2022-10-07 14:06:00,1085,1085,1085,1085,13100
2022-10-07 14:07:00,1085,1080,1085,1080,7700
2022-10-07 14:08:00,1080,1080,1085,1080,34700
2022-10-07 14:09:00,1080,1080,1085,1080,187400
2022-10-07 14:10:00,1080,1080,1080,1080,11600
2022-10-07 14:11:00,1080,1080,1080,1080,3000
2022-10-07 14:12:00,1080,1075,1080,1075,74900
2022-10-07 14:13:00,1080,1075,1080,1075,78000
2022-10-07 14:14:00,1070,1070,1075,1075,225100
2022-10-07 14:15:00,1075,1070,1075,1075,2700
2022-10-07 14:16:00,1075,1075,1075,1075,2100
2022-10-07 14:17:00,1075,1075,1075,1075,14000
2022-10-07 14:18:00,1075,1075,1075,1075,36800
2022-10-07 14:19:00,1080,1080,1080,1080,0
2022-10-07 14:20:00,1080,1075,1080,1075,36200
2022-10-07 14:21:00,1075,1075,1075,1075,3100
2022-10-07 14:22:00,1075,1075,1075,1075,15800
2022-10-07 14:23:00,1075,1070,1075,1070,5500
2022-10-07 14:24:00,1075,1070,1075,1070,3000
2022-10-07 14:25:00,1070,1070,1075,1075,18300
2022-10-07 14:26:00,1075,1075,1075,1075,0
2022-10-07 14:27:00,1075,1070,1075,1075,20000
2022-10-07 14:28:00,1075,1075,1075,1075,300
2022-10-07 14:29:00,1075,1075,1075,1075,400
2022-10-07 14:30:00,1075,1070,1075,1070,688300
2022-10-07 14:31:00,1075,1065,1075,1070,227300
2022-10-07 14:32:00,1070,1065,1070,1070,17300
2022-10-07 14:33:00,1070,1070,1070,1070,96700
2022-10-07 14:34:00,1070,1065,1070,1070,117500
2022-10-07 14:35:00,1070,1070,1075,1075,135000
2022-10-07 14:36:00,1075,1075,1075,1075,7000
2022-10-07 14:37:00,1080,1075,1080,1075,7700
2022-10-07 14:38:00,1075,1075,1080,1080,14200
2022-10-07 14:39:00,1075,1075,1075,1075,202000
2022-10-07 14:40:00,1070,1070,1070,1070,5100
2022-10-07 14:41:00,1070,1070,1075,1075,3000
2022-10-07 14:42:00,1075,1070,1075,1075,205600
2022-10-07 14:43:00,1075,1075,1075,1075,29500
2022-10-07 14:44:00,1075,1075,1075,1075,39900
2022-10-07 14:45:00,1075,1070,1075,1075,44400
2022-10-07 14:46:00,1075,1075,1075,1075,20600
2022-10-07 14:47:00,1075,1070,1080,1075,151000
2022-10-07 14:48:00,1080,1075,1080,1075,44300
2022-10-07 14:49:00,1075,1070,1080,1070,570500
2022-10-07 14:50:00,1075,1070,1080,1070,0
2022-10-07 14:51:00,1075,1070,1080,1070,0
2022-10-07 14:52:00,1075,1070,1080,1070,0
2022-10-07 14:53:00,1075,1070,1080,1070,0
2022-10-07 14:54:00,1075,1070,1080,1070,0
2022-10-07 14:55:00,1075,1070,1080,1070,0
2022-10-07 14:56:00,1075,1070,1080,1070,0
2022-10-07 14:57:00,1075,1070,1080,1070,0
2022-10-07 14:58:00,1075,1070,1080,1070,0
2022-10-07 14:59:00,1075,1070,1080,1070,0
2022-10-07 15:00:00,1060,1060,1060,1060,2827500
2022-10-07 15:01:00,1060,1060,1060,1060,465600
2022-10-07 15:02:00,1060,1060,1060,1060,788700
2022-10-07 15:03:00,1060,1060,1060,1060,13300
2022-10-07 15:04:00,1060,1060,1060,1060,129600
2022-10-07 15:05:00,1060,1060,1060,1060,0
2022-10-07 15:06:00,1060,1060,1060,1060,800
2022-10-07 15:07:00,1060,1060,1060,1060,35500
2022-10-07 15:08:00,1060,1060,1060,1060,4800
2022-10-07 15:09:00,1060,1060,1060,1060,53800
2022-10-07 15:10:00,1060,1060,1060,1060,0
2022-10-07 15:11:00,1060,1060,1060,1060,16500
2022-10-07 15:12:00,1060,1060,1060,1060,15100
2022-10-07 15:13:00,1060,1060,1060,1060,113200
2022-10-07 15:14:00,1060,1060,1060,1060,46027300
2022-10-07 15:15:00,1060,1060,1060,1060,0
2022-10-07 15:16:00,1060,1060,1060,1060,0
2022-10-07 15:17:00,1060,1060,1060,1060,0
2022-10-07 15:18:00,1060,1060,1060,1060,0
2022-10-07 15:19:00,1060,1060,1060,1060,0
2022-10-07 15:20:00,1060,1060,1060,1060,0
2022-10-07 15:21:00,1060,1060,1060,1060,0
2022-10-07 15:22:00,1060,1060,1060,1060,0
2022-10-07 15:23:00,1060,1060,1060,1060,0
2022-10-07 15:24:00,1060,1060,1060,1060,0
2022-10-07 15:25:00,1060,1060,1060,1060,0
2022-10-07 15:26:00,1060,1060,1060,1060,0
2022-10-07 15:27:00,1060,1060,1060,1060,0
2022-10-07 15:28:00,1060,1060,1060,1060,0
2022-10-07 15:29:00,1060,1060,1060,1060,0
2022-10-07 15:30:00,1060,1060,1060,1060,0
2022-10-07 15:31:00,1060,1060,1060,1060,0
2022-10-07 15:32:00,1060,1060,1060,1060,0
2022-10-07 15:33:00,1060,1060,1060,1060,0
2022-10-07 15:34:00,1060,1060,1060,1060,0
2022-10-07 15:35:00,1060,1060,1060,1060,0
2022-10-07 15:36:00,1060,1060,1060,1060,0
2022-10-07 15:37:00,1060,1060,1060,1060,0
2022-10-07 15:38:00,1060,1060,1060,1060,0
2022-10-07 15:39:00,1060,1060,1060,1060,0
2022-10-07 15:40:00,1060,1060,1060,1060,0
2022-10-07 15:41:00,1060,1060,1060,1060,0
2022-10-07 15:42:00,1060,1060,1060,1060,0
2022-10-07 15:43:00,1060,1060,1060,1060,0
2022-10-07 15:44:00,1060,1060,1060,1060,0
2022-10-07 15:45:00,1060,1060,1060,1060,0
2022-10-07 15:46:00,1060,1060,1060,1060,0
2022-10-07 15:47:00,1060,1060,1060,1060,0
2022-10-07 15:48:00,1060,1060,1060,1060,0
2022-10-07 15:49:00,1060,1060,1060,1060,0
2022-10-07 15:50:00,1060,1060,1060,1060,0
2022-10-07 15:51:00,1060,1060,1060,1060,0
2022-10-07 15:52:00,1060,1060,1060,1060,0
2022-10-07 15:53:00,1060,1060,1060,1060,0
2022-10-07 15:54:00,1060,1060,1060,1060,0
2022-10-07 15:55:00,1060,1060,1060,1060,0
2022-10-07 15:56:00,1060,1060,1060,1060,0
2022-10-07 15:57:00,1060,1060,1060,1060,0
2022-10-07 15:58:00,1060,1060,1060,1060,0
2022-10-07 15:59:00,1060,1060,1060,1060,0
2022-10-10 09:00:00,1050,1050,1050,1050,0
2022-10-10 09:01:00,1050,1030,1050,1045,478000
2022-10-10 09:02:00,1045,1035,1055,1050,202000
2022-10-10 09:03:00,1050,1045,1050,1045,122200
2022-10-10 09:04:00,1045,1045,1050,1050,44800
2022-10-10 09:05:00,1045,1045,1050,1045,51100
2022-10-10 09:06:00,1045,1045,1045,1045,91800
2022-10-10 09:07:00,1045,1040,1045,1045,47100
2022-10-10 09:08:00,1040,1035,1040,1040,276700
2022-10-10 09:09:00,1035,1035,1040,1035,131500
2022-10-10 09:10:00,1035,1030,1040,1035,113700
2022-10-10 09:11:00,1035,1035,1040,1035,204000
2022-10-10 09:12:00,1040,1035,1045,1045,386600
2022-10-10 09:13:00,1045,1040,1045,1040,0
2022-10-10 09:14:00,1040,1040,1045,1045,55400
2022-10-10 09:15:00,1040,1040,1045,1045,73800
2022-10-10 09:16:00,1045,1040,1045,1040,109700
2022-10-10 09:17:00,1040,1035,1040,1040,63000
2022-10-10 09:18:00,1040,1040,1045,1040,10093600
2022-10-10 09:19:00,1040,1035,1040,1040,304700
2022-10-10 09:20:00,1040,1035,1040,1040,21400
2022-10-10 09:21:00,1040,1035,1045,1040,10500900
2022-10-10 09:22:00,1040,1040,1040,1040,1600
2022-10-10 09:23:00,1040,1040,1045,1045,226900
2022-10-10 09:24:00,1045,1045,1050,1050,121400
2022-10-10 09:25:00,1050,1045,1050,1050,442500
2022-10-10 09:26:00,1050,1050,1050,1050,42500
2022-10-10 09:27:00,1050,1045,1050,1050,93900
2022-10-10 09:28:00,1045,1035,1045,1040,278300
2022-10-10 09:29:00,1040,1035,1040,1035,57600
2022-10-10 09:30:00,1035,1035,1035,1035,178200
2022-10-10 09:31:00,1035,1035,1040,1035,112000
2022-10-10 09:32:00,1035,1035,1040,1035,109200
2022-10-10 09:33:00,1040,1040,1040,1040,527500
2022-10-10 09:34:00,1045,1040,1045,1045,19600
2022-10-10 09:35:00,1045,1045,1045,1045,14900
2022-10-10 09:36:00,1045,1040,1045,1045,26100
2022-10-10 09:37:00,1045,1040,1045,1040,17200
2022-10-10 09:38:00,1040,1040,1040,1040,45200
2022-10-10 09:39:00,1040,1040,1040,1040,111900
2022-10-10 09:40:00,1035,1035,1035,1035,205100
2022-10-10 09:41:00,1035,1035,1040,1040,0
2022-10-10 09:42:00,1035,1035,1035,1035,3900
2022-10-10 09:43:00,1035,1030,1035,1030,275000
2022-10-10 09:44:00,1035,1035,1035,1035,652700
2022-10-10 09:45:00,1030,1015,1030,1015,1652900
2022-10-10 09:46:00,1020,1020,1025,1020,437400
2022-10-10 09:47:00,1020,1020,1025,1025,354500
2022-10-10 09:48:00,1030,1025,1030,1025,21000
2022-10-10 09:49:00,1025,1025,1030,1025,10400
2022-10-10 09:50:00,1025,1025,1025,1025,157000
2022-10-10 09:51:00,1025,1025,1025,1025,41000
2022-10-10 09:52:00,1025,1020,1025,1025,0
2022-10-10 09:53:00,1020,1020,1025,1020,91500
2022-10-10 09:54:00,1020,1015,1025,1020,297600
2022-10-10 09:55:00,1020,1020,1025,1025,258900
2022-10-10 09:56:00,1025,1020,1025,1020,51600
2022-10-10 09:57:00,1020,1020,1020,1020,6600
2022-10-10 09:58:00,1020,1020,1025,1025,35100
2022-10-10 09:59:00,1025,1000,1025,1000,2207000
2022-10-10 10:00:00,1000,1000,1005,1000,1118100
2022-10-10 10:01:00,1000,1000,1005,1000,694500
2022-10-10 10:02:00,1000,1000,1005,1000,589900
2022-10-10 10:03:00,1000,1000,1010,1010,801400
2022-10-10 10:04:00,1015,1005,1020,1005,491200
2022-10-10 10:05:00,1010,1005,1010,1010,191700
2022-10-10 10:06:00,1010,1010,1015,1015,15000
2022-10-10 10:07:00,1015,1010,1015,1010,142500
2022-10-10 10:08:00,1010,1010,1015,1015,10800
2022-10-10 10:09:00,1015,1010,1015,1015,48100
2022-10-10 10:10:00,1010,1010,1015,1015,73000
2022-10-10 10:11:00,1015,1015,1015,1015,160700
2022-10-10 10:12:00,1015,1010,1015,1015,20600
2022-10-10 10:13:00,1015,1010,1015,1010,5000
2022-10-10 10:14:00,1015,1015,1015,1015,13700
2022-10-10 10:15:00,1015,1010,1015,1015,53800
2022-10-10 10:16:00,1015,1010,1015,1010,119700
2022-10-10 10:17:00,1010,1010,1010,1010,32800
2022-10-10 10:18:00,1005,1005,1010,1005,314500
2022-10-10 10:19:00,1010,1010,1010,1010,64400
2022-10-10 10:20:00,1010,1005,1010,1005,0
2022-10-10 10:21:00,1005,1005,1010,1010,257100
2022-10-10 10:22:00,1010,1005,1015,1005,2900
2022-10-10 10:23:00,1005,1005,1010,1010,360200
2022-10-10 10:24:00,1005,1005,1005,1005,292800
2022-10-10 10:25:00,1000,1000,1005,1005,68200
2022-10-10 10:26:00,1000,1000,1010,1010,93200
2022-10-10 10:27:00,1005,1005,1010,1010,29700
2022-10-10 10:28:00,1010,1010,1010,1010,29100
2022-10-10 10:29:00,1010,1005,1010,1005,40300
2022-10-10 10:30:00,1010,1005,1010,1010,24900
2022-10-10 10:31:00,1005,1005,1010,1005,4900
2022-10-10 10:32:00,1010,1010,1010,1010,44500
2022-10-10 10:33:00,1010,1005,1010,1010,44500
2022-10-10 10:34:00,1010,1010,1010,1010,123900
2022-10-10 10:35:00,1010,1010,1010,1010,0
2022-10-10 10:36:00,1010,1010,1010,1010,69300
2022-10-10 10:37:00,1010,1010,1015,1015,3500
2022-10-10 10:38:00,1015,1010,1015,1010,113600
2022-10-10 10:39:00,1010,1010,1010,1010,11500
2022-10-10 10:40:00,1010,1010,1010,1010,1300
2022-10-10 10:41:00,1010,1010,1010,1010,12100
2022-10-10 10:42:00,1010,1010,1010,1010,5100
2022-10-10 10:43:00,1015,1010,1015,1010,12800
2022-10-10 10:44:00,1015,1010,1015,1010,127400
2022-10-10 10:45:00,1010,1010,1015,1015,0
2022-10-10 10:46:00,1015,1010,1015,1010,63800
2022-10-10 10:47:00,1010,1010,1010,1010,1700
2022-10-10 10:48:00,1010,1010,1010,1010,0
2022-10-10 10:49:00,1015,1010,1015,1010,24800
2022-10-10 10:50:00,1015,1010,1015,1010,10200
2022-10-10 10:51:00,1010,1010,1010,1010,900
2022-10-10 10:52:00,1010,1010,1010,1010,19000
2022-10-10 10:53:00,1015,1010,1015,1015,371100
2022-10-10 10:54:00,1015,1015,1020,1020,105800
2022-10-10 10:55:00,1020,1015,1020,1020,11600
2022-10-10 10:56:00,1020,1015,1020,1020,8100
2022-10-10 10:57:00,1020,1015,1020,1020,0
2022-10-10 10:58:00,1015,1015,1015,1015,92600
2022-10-10 10:59:00,1015,1015,1015,1015,130700
2022-10-10 11:00:00,1015,1015,1015,1015,0
2022-10-10 11:01:00,1015,1015,1015,1015,110000
2022-10-10 11:02:00,1015,1015,1020,1015,20400
2022-10-10 11:03:00,1015,1015,1020,1020,0
2022-10-10 11:04:00,1020,1015,1020,1015,1100
2022-10-10 11:05:00,1015,1015,1015,1015,30300
2022-10-10 11:06:00,1015,1010,1015,1010,5700
2022-10-10 11:07:00,1015,1010,1015,1010,480400
2022-10-10 11:08:00,1005,1005,1005,1005,405500
2022-10-10 11:09:00,1005,1005,1005,1005,87400
2022-10-10 11:10:00,1005,1005,1010,1010,125100
2022-10-10 11:11:00,1010,1010,1010,1010,0
2022-10-10 11:12:00,1010,1005,1010,1005,96500
2022-10-10 11:13:00,1010,1005,1010,1005,0
2022-10-10 11:14:00,1005,1005,1005,1005,3500
2022-10-10 11:15:00,1010,1005,1010,1010,26900
2022-10-10 11:16:00,1010,1010,1010,1010,0
2022-10-10 11:17:00,1010,1005,1010,1005,326400
2022-10-10 11:18:00,1005,1005,1005,1005,0
2022-10-10 11:19:00,1005,1000,1005,1005,70700
2022-10-10 11:20:00,1005,1005,1005,1005,900
2022-10-10 11:21:00,1005,1005,1005,1005,61500
2022-10-10 11:22:00,1000,1000,1005,1005,4900
2022-10-10 11:23:00,1005,1000,1005,1000,407700
2022-10-10 11:24:00,1005,1005,1005,1005,15500
2022-10-10 11:25:00,1005,1000,1005,1005,205800
2022-10-10 11:26:00,1005,1005,1005,1005,0
2022-10-10 11:27:00,1010,1005,1010,1005,0
2022-10-10 11:28:00,1005,1005,1010,1010,5100
2022-10-10 11:29:00,1010,1005,1010,1005,100
2022-10-10 11:30:00,1010,1005,1010,1005,0
2022-10-10 11:31:00,1010,1005,1010,1005,0
2022-10-10 11:32:00,1010,1005,1010,1005,0
2022-10-10 11:33:00,1010,1005,1010,1005,0
2022-10-10 11:34:00,1010,1005,1010,1005,0
2022-10-10 11:35:00,1010,1005,1010,1005,0
2022-10-10 11:36:00,1010,1005,1010,1005,0
2022-10-10 11:37:00,1010,1005,1010,1005,0
2022-10-10 11:38:00,1010,1005,1010,1005,0
2022-10-10 11:39:00,1010,1005,1010,1005,0
2022-10-10 11:40:00,1010,1005,1010,1005,0
2022-10-10 11:41:00,1010,1005,1010,1005,0
2022-10-10 11:42:00,1010,1005,1010,1005,0
2022-10-10 11:43:00,1010,1005,1010,1005,0
2022-10-10 11:44:00,1010,1005,1010,1005,0
2022-10-10 11:45:00,1010,1005,1010,1005,0
2022-10-10 11:46:00,1010,1005,1010,1005,0
2022-10-10 11:47:00,1010,1005,1010,1005,0
2022-10-10 11:48:00,1010,1005,1010,1005,0
2022-10-10 11:49:00,1010,1005,1010,1005,0
2022-10-10 11:50:00,1010,1005,1010,1005,0
2022-10-10 11:51:00,1010,1005,1010,1005,0
2022-10-10 11:52:00,1010,1005,1010,1005,0
2022-10-10 11:53:00,1010,1005,1010,1005,0
2022-10-10 11:54:00,1010,1005,1010,1005,0
2022-10-10 11:55:00,1010,1005,1010,1005,0
2022-10-10 11:56:00,1010,1005,1010,1005,0
2022-10-10 11:57:00,1010,1005,1010,1005,0
2022-10-10 11:58:00,1010,1005,1010,1005,0
2022-10-10 11:59:00,1010,1005,1010,1005,0
2022-10-10 12:00:00,1010,1005,1010,1005,0
2022-10-10 12:01:00,1010,1005,1010,1005,0
2022-10-10 12:02:00,1010,1005,1010,1005,0
2022-10-10 12:03:00,1010,1005,1010,1005,0
2022-10-10 12:04:00,1010,1005,1010,1005,0
2022-10-10 12:05:00,1010,1005,1010,1005,0
2022-10-10 12:06:00,1010,1005,1010,1005,0
2022-10-10 12:07:00,1010,1005,1010,1005,0
2022-10-10 12:08:00,1010,1005,1010,1005,0
2022-10-10 12:09:00,1010,1005,1010,1005,0
2022-10-10 12:10:00,1010,1005,1010,1005,0
2022-10-10 12:11:00,1010,1005,1010,1005,0
2022-10-10 12:12:00,1010,1005,1010,1005,0
2022-10-10 12:13:00,1010,1005,1010,1005,0
2022-10-10 12:14:00,1010,1005,1010,1005,0
2022-10-10 12:15:00,1010,1005,1010,1005,0
2022-10-10 12:16:00,1010,1005,1010,1005,0
2022-10-10 12:17:00,1010,1005,1010,1005,0
2022-10-10 12:18:00,1010,1005,1010,1005,0
2022-10-10 12:19:00,1010,1005,1010,1005,0
2022-10-10 12:20:00,1010,1005,1010,1005,0
2022-10-10 12:21:00,1010,1005,1010,1005,0
2022-10-10 12:22:00,1010,1005,1010,1005,0
2022-10-10 12:23:00,1010,1005,1010,1005,0
2022-10-10 12:24:00,1010,1005,1010,1005,0
2022-10-10 12:25:00,1010,1005,1010,1005,0
2022-10-10 12:26:00,1010,1005,1010,1005,0
2022-10-10 12:27:00,1010,1005,1010,1005,0
2022-10-10 12:28:00,1010,1005,1010,1005,0
2022-10-10 12:29:00,1010,1005,1010,1005,0
2022-10-10 12:30:00,1010,1005,1010,1005,0
2022-10-10 12:31:00,1010,1005,1010,1005,0
2022-10-10 12:32:00,1010,1005,1010,1005,0
2022-10-10 12:33:00,1010,1005,1010,1005,0
2022-10-10 12:34:00,1010,1005,1010,1005,0
2022-10-10 12:35:00,1010,1005,1010,1005,0
2022-10-10 12:36:00,1010,1005,1010,1005,0
2022-10-10 12:37:00,1010,1005,1010,1005,0
2022-10-10 12:38:00,1010,1005,1010,1005,0
2022-10-10 12:39:00,1010,1005,1010,1005,0
2022-10-10 12:40:00,1010,1005,1010,1005,0
2022-10-10 12:41:00,1010,1005,1010,1005,0
2022-10-10 12:42:00,1010,1005,1010,1005,0
2022-10-10 12:43:00,1010,1005,1010,1005,0
2022-10-10 12:44:00,1010,1005,1010,1005,0
2022-10-10 12:45:00,1010,1005,1010,1005,0
2022-10-10 12:46:00,1010,1005,1010,1005,0
2022-10-10 12:47:00,1010,1005,1010,1005,0
2022-10-10 12:48:00,1010,1005,1010,1005,0
2022-10-10 12:49:00,1010,1005,1010,1005,0
2022-10-10 12:50:00,1010,1005,1010,1005,0
2022-10-10 12:51:00,1010,1005,1010,1005,0
2022-10-10 12:52:00,1010,1005,1010,1005,0
2022-10-10 12:53:00,1010,1005,1010,1005,0
2022-10-10 12:54:00,1010,1005,1010,1005,0
2022-10-10 12:55:00,1010,1005,1010,1005,0
2022-10-10 12:56:00,1010,1005,1010,1005,0
2022-10-10 12:57:00,1010,1005,1010,1005,0
2022-10-10 12:58:00,1010,1005,1010,1005,0
2022-10-10 12:59:00,1010,1005,1010,1005,0
2022-10-10 13:00:00,1010,1005,1010,1005,0
2022-10-10 13:01:00,1010,1005,1010,1005,0
2022-10-10 13:02:00,1010,1005,1010,1005,0
2022-10-10 13:03:00,1010,1005,1010,1005,0
2022-10-10 13:04:00,1010,1005,1010,1005,0
2022-10-10 13:05:00,1010,1005,1010,1005,0
2022-10-10 13:06:00,1010,1005,1010,1005,0
2022-10-10 13:07:00,1010,1005,1010,1005,0
2022-10-10 13:08:00,1010,1005,1010,1005,0
2022-10-10 13:09:00,1010,1005,1010,1005,0
2022-10-10 13:10:00,1010,1005,1010,1005,0
2022-10-10 13:11:00,1010,1005,1010,1005,0
2022-10-10 13:12:00,1010,1005,1010,1005,0
2022-10-10 13:13:00,1010,1005,1010,1005,0
2022-10-10 13:14:00,1010,1005,1010,1005,0
2022-10-10 13:15:00,1010,1005,1010,1005,0
2022-10-10 13:16:00,1010,1005,1010,1005,0
2022-10-10 13:17:00,1010,1005,1010,1005,0
2022-10-10 13:18:00,1010,1005,1010,1005,0
2022-10-10 13:19:00,1010,1005,1010,1005,0
2022-10-10 13:20:00,1010,1005,1010,1005,0
2022-10-10 13:21:00,1010,1005,1010,1005,0
2022-10-10 13:22:00,1010,1005,1010,1005,0
2022-10-10 13:23:00,1010,1005,1010,1005,0
2022-10-10 13:24:00,1010,1005,1010,1005,0
2022-10-10 13:25:00,1010,1005,1010,1005,0
2022-10-10 13:26:00,1010,1005,1010,1005,0
2022-10-10 13:27:00,1010,1005,1010,1005,0
2022-10-10 13:28:00,1010,1005,1010,1005,0
2022-10-10 13:29:00,1010,1005,1010,1005,0
2022-10-10 13:30:00,1005,1005,1010,1010,298500
2022-10-10 13:31:00,1005,1005,1010,1010,251400
2022-10-10 13:32:00,1010,1005,1010,1005,8900
2022-10-10 13:33:00,1005,1005,1005,1005,141700
2022-10-10 13:34:00,1005,1005,1015,1015,307300
2022-10-10 13:35:00,1010,1010,1010,1010,7400
2022-10-10 13:36:00,1010,1010,1010,1010,66100
2022-10-10 13:37:00,1010,1005,1010,1005,0
2022-10-10 13:38:00,1005,1005,1005,1005,20100
2022-10-10 13:39:00,1005,1005,1005,1005,0
2022-10-10 13:40:00,1005,1005,1005,1005,1000
2022-10-10 13:41:00,1010,1005,1010,1010,1900
2022-10-10 13:42:00,1010,1010,1010,1010,18900
2022-10-10 13:43:00,1005,1005,1005,1005,98600
2022-10-10 13:44:00,1005,1005,1010,1005,76900
2022-10-10 13:45:00,1005,1005,1005,1005,296000
2022-10-10 13:46:00,1005,1005,1005,1005,347800
2022-10-10 13:47:00,1005,1005,1005,1005,42600
2022-10-10 13:48:00,1005,1005,1005,1005,2900
2022-10-10 13:49:00,1000,1000,1005,1005,36400
2022-10-10 13:50:00,1005,1000,1005,1005,64200
2022-10-10 13:51:00,1005,1005,1005,1005,5900
2022-10-10 13:52:00,1005,1000,1005,1005,177700
2022-10-10 13:53:00,1005,1005,1005,1005,112200
2022-10-10 13:54:00,1005,1005,1005,1005,1700
2022-10-10 13:55:00,1005,1005,1005,1005,19200
2022-10-10 13:56:00,1005,1005,1005,1005,0
2022-10-10 13:57:00,1005,1005,1005,1005,30800
2022-10-10 13:58:00,1005,1000,1005,1000,56600
2022-10-10 13:59:00,1000,1000,1005,1000,411900
2022-10-10 14:00:00,1000,1000,1005,1005,0
2022-10-10 14:01:00,1005,1000,1005,1005,258100
2022-10-10 14:02:00,1005,1005,1005,1005,0
2022-10-10 14:03:00,1005,1000,1005,1005,2100
2022-10-10 14:04:00,1005,1000,1005,1000,29400
2022-10-10 14:05:00,1000,990,1000,990,6488800
2022-10-10 14:06:00,995,990,995,990,3105100
2022-10-10 14:07:00,990,990,995,990,1509900
2022-10-10 14:08:00,990,990,990,990,353600
2022-10-10 14:09:00,995,990,995,995,1439400
2022-10-10 14:10:00,995,990,995,990,1145900
2022-10-10 14:11:00,995,995,995,995,23300
2022-10-10 14:12:00,995,990,1000,990,1974600
2022-10-10 14:13:00,990,990,995,990,607600
2022-10-10 14:14:00,995,990,995,990,569800
2022-10-10 14:15:00,990,990,995,990,466000
2022-10-10 14:16:00,990,990,995,990,380400
2022-10-10 14:17:00,995,990,995,990,676200
2022-10-10 14:18:00,990,990,990,990,428000
2022-10-10 14:19:00,990,990,990,990,114300
2022-10-10 14:20:00,990,990,990,990,8200
2022-10-10 14:21:00,990,990,990,990,0
2022-10-10 14:22:00,990,990,990,990,3107900
2022-10-10 14:23:00,990,990,990,990,52100
2022-10-10 14:24:00,990,990,990,990,26700
2022-10-10 14:25:00,990,990,990,990,19200
2022-10-10 14:26:00,990,990,990,990,33200
2022-10-10 14:27:00,990,990,990,990,9300
2022-10-10 14:28:00,990,990,990,990,17900
2022-10-10 14:29:00,990,990,990,990,40600
2022-10-10 14:30:00,990,990,990,990,50800
2022-10-10 14:31:00,990,990,990,990,13200
2022-10-10 14:32:00,990,990,990,990,5408800
2022-10-10 14:33:00,990,990,1000,1000,162400
2022-10-10 14:34:00,1000,990,1000,990,1002700
2022-10-10 14:35:00,990,990,990,990,68900
2022-10-10 14:36:00,990,990,990,990,30800
2022-10-10 14:37:00,990,990,990,990,31800
2022-10-10 14:38:00,990,990,990,990,59500
2022-10-10 14:39:00,990,990,990,990,70500
2022-10-10 14:40:00,990,990,990,990,2300
2022-10-10 14:41:00,990,990,990,990,1022600
2022-10-10 14:42:00,990,990,990,990,7000
2022-10-10 14:43:00,990,990,990,990,911100
2022-10-10 14:44:00,990,990,990,990,44300
2022-10-10 14:45:00,990,990,1000,1000,2476200
2022-10-10 14:46:00,995,990,1000,995,439600
2022-10-10 14:47:00,990,990,995,995,37600
2022-10-10 14:48:00,995,995,995,995,256200
2022-10-10 14:49:00,995,990,995,995,24200
2022-10-10 14:50:00,995,990,995,995,0
2022-10-10 14:51:00,995,990,995,995,0
2022-10-10 14:52:00,995,990,995,995,0
2022-10-10 14:53:00,995,990,995,995,0
2022-10-10 14:54:00,995,990,995,995,0
2022-10-10 14:55:00,995,990,995,995,0
2022-10-10 14:56:00,995,990,995,995,0
2022-10-10 14:57:00,995,990,995,995,0
2022-10-10 14:58:00,995,990,995,995,0
2022-10-10 14:59:00,995,990,995,995,0
2022-10-10 15:00:00,990,990,990,990,2025600
2022-10-10 15:01:00,990,990,990,990,32800
2022-10-10 15:02:00,990,990,990,990,3000
2022-10-10 15:03:00,990,990,990,990,300
2022-10-10 15:04:00,990,990,990,990,5200
2022-10-10 15:05:00,990,990,990,990,2800
2022-10-10 15:06:00,990,990,990,990,6100
2022-10-10 15:07:00,990,990,990,990,20600
2022-10-10 15:08:00,990,990,990,990,0
2022-10-10 15:09:00,990,990,990,990,100
2022-10-10 15:10:00,990,990,990,990,139500
2022-10-10 15:11:00,990,990,990,990,0
2022-10-10 15:12:00,990,990,990,990,7900
2022-10-10 15:13:00,990,990,990,990,0
2022-10-10 15:14:00,990,990,990,990,82630100
2022-10-10 15:15:00,990,990,990,990,0
2022-10-10 15:16:00,990,990,990,990,0
2022-10-10 15:17:00,990,990,990,990,0
2022-10-10 15:18:00,990,990,990,990,0
2022-10-10 15:19:00,990,990,990,990,0
2022-10-10 15:20:00,990,990,990,990,0
2022-10-10 15:21:00,990,990,990,990,0
2022-10-10 15:22:00,990,990,990,990,0
2022-10-10 15:23:00,990,990,990,990,0
2022-10-10 15:24:00,990,990,990,990,0
2022-10-10 15:25:00,990,990,990,990,0
2022-10-10 15:26:00,990,990,990,990,0
2022-10-10 15:27:00,990,990,990,990,0
2022-10-10 15:28:00,990,990,990,990,0
2022-10-10 15:29:00,990,990,990,990,0
2022-10-10 15:30:00,990,990,990,990,0
2022-10-10 15:31:00,990,990,990,990,0
2022-10-10 15:32:00,990,990,990,990,0
2022-10-10 15:33:00,990,990,990,990,0
2022-10-10 15:34:00,990,990,990,990,0
2022-10-10 15:35:00,990,990,990,990,0
2022-10-10 15:36:00,990,990,990,990,0
2022-10-10 15:37:00,990,990,990,990,0
2022-10-10 15:38:00,990,990,990,990,0
2022-10-10 15:39:00,990,990,990,990,0
2022-10-10 15:40:00,990,990,990,990,0
2022-10-10 15:41:00,990,990,990,990,0
2022-10-10 15:42:00,990,990,990,990,0
2022-10-10 15:43:00,990,990,990,990,0
2022-10-10 15:44:00,990,990,990,990,0
2022-10-10 15:45:00,990,990,990,990,0
2022-10-10 15:46:00,990,990,990,990,0
2022-10-10 15:47:00,990,990,990,990,0
2022-10-10 15:48:00,990,990,990,990,0
2022-10-10 15:49:00,990,990,990,990,0
2022-10-10 15:50:00,990,990,990,990,0
2022-10-10 15:51:00,990,990,990,990,0
2022-10-10 15:52:00,990,990,990,990,0
2022-10-10 15:53:00,990,990,990,990,0
2022-10-10 15:54:00,990,990,990,990,0
2022-10-10 15:55:00,990,990,990,990,0
2022-10-10 15:56:00,990,990,990,990,0
2022-10-10 15:57:00,990,990,990,990,0
2022-10-10 15:58:00,990,990,990,990,0
2022-10-10 15:59:00,990,990,990,990,0
2022-10-11 09:00:00,940,940,990,970,0
2022-10-11 09:01:00,970,970,985,975,95500
2022-10-11 09:02:00,980,970,985,980,131800
2022-10-11 09:03:00,980,980,985,985,320300
2022-10-11 09:04:00,985,985,990,985,10278100
2022-10-11 09:05:00,985,980,990,985,172400
2022-10-11 09:06:00,985,985,995,995,10532800
2022-10-11 09:07:00,990,985,990,990,50800
2022-10-11 09:08:00,990,985,990,985,49500
2022-10-11 09:09:00,985,985,985,985,109600
2022-10-11 09:10:00,985,985,990,985,2600
2022-10-11 09:11:00,985,985,990,985,53000
2022-10-11 09:12:00,985,980,990,990,493300
2022-10-11 09:13:00,985,985,990,990,73400
2022-10-11 09:14:00,990,990,995,990,33200
2022-10-11 09:15:00,995,990,995,995,217400
2022-10-11 09:16:00,990,990,995,995,22500
2022-10-11 09:17:00,995,995,995,995,104000
2022-10-11 09:18:00,1000,995,1000,1000,30200
2022-10-11 09:19:00,1000,1000,1005,1005,865100
2022-10-11 09:20:00,1005,1005,1010,1005,631500
2022-10-11 09:21:00,1005,1000,1005,1005,417900
2022-10-11 09:22:00,1005,1005,1005,1005,180600
2022-10-11 09:23:00,1005,1005,1010,1005,233500
2022-10-11 09:24:00,1005,1005,1010,1005,131700
2022-10-11 09:25:00,1005,1005,1010,1010,205000
2022-10-11 09:26:00,1005,1000,1005,1000,516600
2022-10-11 09:27:00,1000,995,1005,1000,157500
2022-10-11 09:28:00,1000,1000,1000,1000,32200
2022-10-11 09:29:00,1000,985,1000,990,767000
2022-10-11 09:30:00,990,985,990,990,65100
2022-10-11 09:31:00,990,985,990,985,20000
2022-10-11 09:32:00,985,985,985,985,112800
2022-10-11 09:33:00,980,970,980,975,1211400
2022-10-11 09:34:00,970,970,975,970,141800
2022-10-11 09:35:00,975,970,975,970,29800
2022-10-11 09:36:00,975,975,985,975,474500
2022-10-11 09:37:00,975,975,985,985,25400
2022-10-11 09:38:00,985,980,985,980,144500
2022-10-11 09:39:00,975,975,980,975,208100
2022-10-11 09:40:00,975,970,975,975,60300
2022-10-11 09:41:00,970,965,975,970,628100
2022-10-11 09:42:00,965,965,970,970,664800
2022-10-11 09:43:00,960,950,960,960,1962200
2022-10-11 09:44:00,955,950,955,950,420300
2022-10-11 09:45:00,950,950,955,950,897600
2022-10-11 09:46:00,950,950,960,960,54100
2022-10-11 09:47:00,955,955,970,970,263100
2022-10-11 09:48:00,970,965,970,965,10200
2022-10-11 09:49:00,970,965,970,965,72200
2022-10-11 09:50:00,965,955,965,960,200900
2022-10-11 09:51:00,960,955,960,960,117300
2022-10-11 09:52:00,955,955,960,960,22100
2022-10-11 09:53:00,960,955,960,960,37700
2022-10-11 09:54:00,955,955,960,960,69200
2022-10-11 09:55:00,960,960,960,960,1500
2022-10-11 09:56:00,960,955,960,955,172100
2022-10-11 09:57:00,955,950,955,955,111900
2022-10-11 09:58:00,955,955,960,960,127100
2022-10-11 09:59:00,960,955,960,960,0
2022-10-11 10:00:00,955,955,955,955,187900
2022-10-11 10:01:00,955,955,955,955,0
2022-10-11 10:02:00,955,950,960,950,87600
2022-10-11 10:03:00,950,950,955,950,6200
2022-10-11 10:04:00,950,950,955,950,57400
2022-10-11 10:05:00,950,945,950,950,259900
2022-10-11 10:06:00,950,945,950,950,38900
2022-10-11 10:07:00,950,945,950,945,314800
2022-10-11 10:08:00,945,940,950,940,381900
2022-10-11 10:09:00,940,940,945,945,19300
2022-10-11 10:10:00,940,930,945,935,1265500
2022-10-11 10:11:00,935,930,940,940,355000
2022-10-11 10:12:00,935,930,940,935,859000
2022-10-11 10:13:00,935,930,940,930,752500
2022-10-11 10:14:00,935,930,935,930,27100
2022-10-11 10:15:00,930,930,935,935,357500
2022-10-11 10:16:00,935,935,935,935,1700
2022-10-11 10:17:00,935,935,940,940,2000
2022-10-11 10:18:00,935,935,940,935,36200
2022-10-11 10:19:00,935,935,940,940,27600
2022-10-11 10:20:00,935,935,940,935,369500
2022-10-11 10:21:00,935,935,935,935,0
2022-10-11 10:22:00,935,935,940,940,391100
2022-10-11 10:23:00,940,935,940,935,81700
2022-10-11 10:24:00,940,935,945,940,257000
2022-10-11 10:25:00,945,940,945,940,34700
2022-10-11 10:26:00,940,940,945,940,28200
2022-10-11 10:27:00,940,940,945,945,27000
2022-10-11 10:28:00,945,945,945,945,65000
2022-10-11 10:29:00,945,945,945,945,89000
2022-10-11 10:30:00,945,945,950,950,43600
2022-10-11 10:31:00,950,945,950,945,129100
2022-10-11 10:32:00,945,945,945,945,21600
2022-10-11 10:33:00,945,940,945,945,231800
2022-10-11 10:34:00,945,940,945,940,33100
2022-10-11 10:35:00,945,945,945,945,109700
2022-10-11 10:36:00,950,945,950,945,30000
2022-10-11 10:37:00,950,950,950,950,267400
2022-10-11 10:38:00,950,950,950,950,48400
2022-10-11 10:39:00,950,950,950,950,26700
2022-10-11 10:40:00,950,950,950,950,43700
2022-10-11 10:41:00,950,950,950,950,800
2022-10-11 10:42:00,950,950,950,950,16000
2022-10-11 10:43:00,950,945,955,950,404200
2022-10-11 10:44:00,950,950,950,950,52600
2022-10-11 10:45:00,950,945,950,945,25600
2022-10-11 10:46:00,950,945,950,945,0
2022-10-11 10:47:00,945,940,945,945,397000
2022-10-11 10:48:00,940,940,945,940,162300
2022-10-11 10:49:00,940,940,945,945,79100
2022-10-11 10:50:00,940,940,945,940,0
2022-10-11 10:51:00,945,945,945,945,9300
2022-10-11 10:52:00,945,940,945,945,129400
2022-10-11 10:53:00,945,945,945,945,127500
2022-10-11 10:54:00,945,945,945,945,3700
2022-10-11 10:55:00,945,945,945,945,6100
2022-10-11 10:56:00,945,945,945,945,4000
2022-10-11 10:57:00,945,945,945,945,0
2022-10-11 10:58:00,945,945,950,950,0
2022-10-11 10:59:00,950,945,950,950,154100
2022-10-11 11:00:00,950,945,950,950,25000
2022-10-11 11:01:00,950,950,950,950,2100
2022-10-11 11:02:00,950,945,950,945,25700
2022-10-11 11:03:00,950,950,950,950,51200
2022-10-11 11:04:00,950,950,950,950,24100
2022-10-11 11:05:00,950,950,950,950,4100
2022-10-11 11:06:00,950,950,955,950,3500
2022-10-11 11:07:00,950,945,950,945,168200
2022-10-11 11:08:00,945,940,945,940,262600
2022-10-11 11:09:00,945,940,945,945,13300
2022-10-11 11:10:00,945,945,945,945,1700
2022-10-11 11:11:00,945,940,945,945,13000
2022-10-11 11:12:00,945,945,945,945,0
2022-10-11 11:13:00,945,945,945,945,24300
2022-10-11 11:14:00,940,940,940,940,0
2022-10-11 11:15:00,945,945,945,945,3900
2022-10-11 11:16:00,945,940,945,945,7700
2022-10-11 11:17:00,945,945,945,945,2000
2022-10-11 11:18:00,945,940,945,940,2400
2022-10-11 11:19:00,940,940,945,945,135800
2022-10-11 11:20:00,940,940,940,940,125500
2022-10-11 11:21:00,940,935,940,935,101400
2022-10-11 11:22:00,935,935,935,935,2700
2022-10-11 11:23:00,940,935,940,935,30000
2022-10-11 11:24:00,940,940,940,940,249300
2022-10-11 11:25:00,940,940,940,940,2300
2022-10-11 11:26:00,940,935,940,935,35500
2022-10-11 11:27:00,940,935,940,940,15300
2022-10-11 11:28:00,940,935,940,940,61700
2022-10-11 11:29:00,940,940,940,940,19400
2022-10-11 11:30:00,940,940,940,940,0
2022-10-11 11:31:00,940,940,940,940,0
2022-10-11 11:32:00,940,940,940,940,0
2022-10-11 11:33:00,940,940,940,940,0
2022-10-11 11:34:00,940,940,940,940,0
2022-10-11 11:35:00,940,940,940,940,0
2022-10-11 11:36:00,940,940,940,940,0
2022-10-11 11:37:00,940,940,940,940,0
2022-10-11 11:38:00,940,940,940,940,0
2022-10-11 11:39:00,940,940,940,940,0
2022-10-11 11:40:00,940,940,940,940,0
2022-10-11 11:41:00,940,940,940,940,0
2022-10-11 11:42:00,940,940,940,940,0
2022-10-11 11:43:00,940,940,940,940,0
2022-10-11 11:44:00,940,940,940,940,0
2022-10-11 11:45:00,940,940,940,940,0
2022-10-11 11:46:00,940,940,940,940,0
2022-10-11 11:47:00,940,940,940,940,0
2022-10-11 11:48:00,940,940,940,940,0
2022-10-11 11:49:00,940,940,940,940,0
2022-10-11 11:50:00,940,940,940,940,0
2022-10-11 11:51:00,940,940,940,940,0
2022-10-11 11:52:00,940,940,940,940,0
2022-10-11 11:53:00,940,940,940,940,0
2022-10-11 11:54:00,940,940,940,940,0
2022-10-11 11:55:00,940,940,940,940,0
2022-10-11 11:56:00,940,940,940,940,0
2022-10-11 11:57:00,940,940,940,940,0
2022-10-11 11:58:00,940,940,940,940,0
2022-10-11 11:59:00,940,940,940,940,0
2022-10-11 12:00:00,940,940,940,940,0
2022-10-11 12:01:00,940,940,940,940,0
2022-10-11 12:02:00,940,940,940,940,0
2022-10-11 12:03:00,940,940,940,940,0
2022-10-11 12:04:00,940,940,940,940,0
2022-10-11 12:05:00,940,940,940,940,0
2022-10-11 12:06:00,940,940,940,940,0
2022-10-11 12:07:00,940,940,940,940,0
2022-10-11 12:08:00,940,940,940,940,0
2022-10-11 12:09:00,940,940,940,940,0
2022-10-11 12:10:00,940,940,940,940,0
2022-10-11 12:11:00,940,940,940,940,0
2022-10-11 12:12:00,940,940,940,940,0
2022-10-11 12:13:00,940,940,940,940,0
2022-10-11 12:14:00,940,940,940,940,0
2022-10-11 12:15:00,940,940,940,940,0
2022-10-11 12:16:00,940,940,940,940,0
2022-10-11 12:17:00,940,940,940,940,0
2022-10-11 12:18:00,940,940,940,940,0
2022-10-11 12:19:00,940,940,940,940,0
2022-10-11 12:20:00,940,940,940,940,0
2022-10-11 12:21:00,940,940,940,940,0
2022-10-11 12:22:00,940,940,940,940,0
2022-10-11 12:23:00,940,940,940,940,0
2022-10-11 12:24:00,940,940,940,940,0
2022-10-11 12:25:00,940,940,940,940,0
2022-10-11 12:26:00,940,940,940,940,0
2022-10-11 12:27:00,940,940,940,940,0
2022-10-11 12:28:00,940,940,940,940,0
2022-10-11 12:29:00,940,940,940,940,0
2022-10-11 12:30:00,940,940,940,940,0
2022-10-11 12:31:00,940,940,940,940,0
2022-10-11 12:32:00,940,940,940,940,0
2022-10-11 12:33:00,940,940,940,940,0
2022-10-11 12:34:00,940,940,940,940,0
2022-10-11 12:35:00,940,940,940,940,0
2022-10-11 12:36:00,940,940,940,940,0
2022-10-11 12:37:00,940,940,940,940,0
2022-10-11 12:38:00,940,940,940,940,0
2022-10-11 12:39:00,940,940,940,940,0
2022-10-11 12:40:00,940,940,940,940,0
2022-10-11 12:41:00,940,940,940,940,0
2022-10-11 12:42:00,940,940,940,940,0
2022-10-11 12:43:00,940,940,940,940,0
2022-10-11 12:44:00,940,940,940,940,0
2022-10-11 12:45:00,940,940,940,940,0
2022-10-11 12:46:00,940,940,940,940,0
2022-10-11 12:47:00,940,940,940,940,0
2022-10-11 12:48:00,940,940,940,940,0
2022-10-11 12:49:00,940,940,940,940,0
2022-10-11 12:50:00,940,940,940,940,0
2022-10-11 12:51:00,940,940,940,940,0
2022-10-11 12:52:00,940,940,940,940,0
2022-10-11 12:53:00,940,940,940,940,0
2022-10-11 12:54:00,940,940,940,940,0
2022-10-11 12:55:00,940,940,940,940,0
2022-10-11 12:56:00,940,940,940,940,0
2022-10-11 12:57:00,940,940,940,940,0
2022-10-11 12:58:00,940,940,940,940,0
2022-10-11 12:59:00,940,940,940,940,0
2022-10-11 13:00:00,940,940,940,940,0
2022-10-11 13:01:00,940,940,940,940,0
2022-10-11 13:02:00,940,940,940,940,0
2022-10-11 13:03:00,940,940,940,940,0
2022-10-11 13:04:00,940,940,940,940,0
2022-10-11 13:05:00,940,940,940,940,0
2022-10-11 13:06:00,940,940,940,940,0
2022-10-11 13:07:00,940,940,940,940,0
2022-10-11 13:08:00,940,940,940,940,0
2022-10-11 13:09:00,940,940,940,940,0
2022-10-11 13:10:00,940,940,940,940,0
2022-10-11 13:11:00,940,940,940,940,0
2022-10-11 13:12:00,940,940,940,940,0
2022-10-11 13:13:00,940,940,940,940,0
2022-10-11 13:14:00,940,940,940,940,0
2022-10-11 13:15:00,940,940,940,940,0
2022-10-11 13:16:00,940,940,940,940,0
2022-10-11 13:17:00,940,940,940,940,0
2022-10-11 13:18:00,940,940,940,940,0
2022-10-11 13:19:00,940,940,940,940,0
2022-10-11 13:20:00,940,940,940,940,0
2022-10-11 13:21:00,940,940,940,940,0
2022-10-11 13:22:00,940,940,940,940,0
2022-10-11 13:23:00,940,940,940,940,0
2022-10-11 13:24:00,940,940,940,940,0
2022-10-11 13:25:00,940,940,940,940,0
2022-10-11 13:26:00,940,940,940,940,0
2022-10-11 13:27:00,940,940,940,940,0
2022-10-11 13:28:00,940,940,940,940,0
2022-10-11 13:29:00,940,940,940,940,0
2022-10-11 13:30:00,935,935,940,940,382600
2022-10-11 13:31:00,940,935,945,945,270600
2022-10-11 13:32:00,945,935,945,935,177200
2022-10-11 13:33:00,945,940,945,945,0
2022-10-11 13:34:00,940,940,945,945,5400
2022-10-11 13:35:00,945,935,945,935,29500
2022-10-11 13:36:00,940,940,945,945,46600
2022-10-11 13:37:00,945,945,945,945,6700
2022-10-11 13:38:00,945,945,945,945,20900
2022-10-11 13:39:00,945,945,945,945,0
2022-10-11 13:40:00,945,945,945,945,12700
2022-10-11 13:41:00,945,945,945,945,0
2022-10-11 13:42:00,945,940,945,945,10100
2022-10-11 13:43:00,945,945,945,945,100
2022-10-11 13:44:00,940,940,940,940,39900
2022-10-11 13:45:00,940,940,940,940,0
2022-10-11 13:46:00,940,940,945,945,183200
2022-10-11 13:47:00,940,940,945,945,0
2022-10-11 13:48:00,945,940,945,940,44400
2022-10-11 13:49:00,940,940,950,950,208800
2022-10-11 13:50:00,945,945,945,945,400
2022-10-11 13:51:00,945,945,945,945,900
2022-10-11 13:52:00,945,945,950,950,14400
2022-10-11 13:53:00,945,945,965,965,778800
2022-10-11 13:54:00,965,965,980,970,521100
2022-10-11 13:55:00,970,965,970,965,173900
2022-10-11 13:56:00,970,970,970,970,240400
2022-10-11 13:57:00,970,970,970,970,0
2022-10-11 13:58:00,975,970,980,975,434700
2022-10-11 13:59:00,975,975,975,975,123600
2022-10-11 14:00:00,975,975,975,975,54200
2022-10-11 14:01:00,975,975,975,975,33500
2022-10-11 14:02:00,975,975,975,975,32900
2022-10-11 14:03:00,975,975,980,980,22700
2022-10-11 14:04:00,975,970,975,975,77300
2022-10-11 14:05:00,975,970,975,970,2300
2022-10-11 14:06:00,970,970,970,970,2100
2022-10-11 14:07:00,970,970,970,970,0
2022-10-11 14:08:00,970,970,970,970,0
2022-10-11 14:09:00,985,985,990,990,1538300
2022-10-11 14:10:00,990,985,990,990,427000
2022-10-11 14:11:00,990,990,995,990,53900
2022-10-11 14:12:00,990,990,995,990,383000
2022-10-11 14:13:00,990,985,990,990,397400
2022-10-11 14:14:00,990,990,990,990,148000
2022-10-11 14:15:00,990,990,990,990,180700
2022-10-11 14:16:00,990,990,990,990,296700
2022-10-11 14:17:00,985,985,985,985,46200
2022-10-11 14:18:00,985,985,990,985,81800
2022-10-11 14:19:00,985,985,985,985,37400
2022-10-11 14:20:00,985,985,985,985,181300
2022-10-11 14:21:00,985,985,985,985,0
2022-10-11 14:22:00,990,985,990,985,65300
2022-10-11 14:23:00,990,985,990,985,10300
2022-10-11 14:24:00,985,985,990,990,126200
2022-10-11 14:25:00,985,985,985,985,1400
2022-10-11 14:26:00,985,980,985,980,485200
2022-10-11 14:27:00,980,980,985,985,26100
2022-10-11 14:28:00,980,980,980,980,45500
2022-10-11 14:29:00,985,985,985,985,0
2022-10-11 14:30:00,980,980,980,980,25000
2022-10-11 14:31:00,980,980,985,985,50100
2022-10-11 14:32:00,980,980,980,980,309900
2022-10-11 14:33:00,980,980,980,980,29500
2022-10-11 14:34:00,975,975,980,980,230300
2022-10-11 14:35:00,975,975,975,975,124800
2022-10-11 14:36:00,975,975,975,975,45900
2022-10-11 14:37:00,980,975,980,975,0
2022-10-11 14:38:00,975,975,980,980,2400
2022-10-11 14:39:00,980,975,980,980,209700
2022-10-11 14:40:00,985,980,985,980,6600
2022-10-11 14:41:00,980,980,990,985,273600
2022-10-11 14:42:00,990,990,995,990,477200
2022-10-11 14:43:00,990,990,990,990,312100
2022-10-11 14:44:00,990,990,1000,1000,688600
2022-10-11 14:45:00,1000,995,1000,1000,774300
2022-10-11 14:46:00,1000,995,1000,1000,87000
2022-10-11 14:47:00,995,995,1000,995,217700
2022-10-11 14:48:00,995,995,995,995,158800
2022-10-11 14:49:00,995,995,1000,995,493400
2022-10-11 14:50:00,995,995,1000,995,0
2022-10-11 14:51:00,995,995,1000,995,0
2022-10-11 14:52:00,995,995,1000,995,0
2022-10-11 14:53:00,995,995,1000,995,0
2022-10-11 14:54:00,995,995,1000,995,0
2022-10-11 14:55:00,995,995,1000,995,0
2022-10-11 14:56:00,995,995,1000,995,0
2022-10-11 14:57:00,995,995,1000,995,0
2022-10-11 14:58:00,995,995,1000,995,0
2022-10-11 14:59:00,995,995,1000,995,0
2022-10-11 15:00:00,1000,1000,1000,1000,2431700
2022-10-11 15:01:00,1000,1000,1000,1000,86200
2022-10-11 15:02:00,1000,1000,1000,1000,0
2022-10-11 15:03:00,1000,1000,1000,1000,14400
2022-10-11 15:04:00,1000,1000,1000,1000,2000
2022-10-11 15:05:00,1000,1000,1000,1000,0
2022-10-11 15:06:00,1000,1000,1000,1000,400
2022-10-11 15:07:00,1000,1000,1000,1000,5800
2022-10-11 15:08:00,1000,1000,1000,1000,300
2022-10-11 15:09:00,1000,1000,1000,1000,100
2022-10-11 15:10:00,1000,1000,1000,1000,5900
2022-10-11 15:11:00,1000,1000,1000,1000,4800
2022-10-11 15:12:00,1000,1000,1000,1000,0
2022-10-11 15:13:00,1000,1000,1000,1000,62348400
2022-10-11 15:14:00,1000,1000,1000,1000,0
2022-10-11 15:15:00,1000,1000,1000,1000,0
2022-10-11 15:16:00,1000,1000,1000,1000,0
2022-10-11 15:17:00,1000,1000,1000,1000,0
2022-10-11 15:18:00,1000,1000,1000,1000,0
2022-10-11 15:19:00,1000,1000,1000,1000,0
2022-10-11 15:20:00,1000,1000,1000,1000,0
2022-10-11 15:21:00,1000,1000,1000,1000,0
2022-10-11 15:22:00,1000,1000,1000,1000,0
2022-10-11 15:23:00,1000,1000,1000,1000,0
2022-10-11 15:24:00,1000,1000,1000,1000,0
2022-10-11 15:25:00,1000,1000,1000,1000,0
2022-10-11 15:26:00,1000,1000,1000,1000,0
2022-10-11 15:27:00,1000,1000,1000,1000,0
2022-10-11 15:28:00,1000,1000,1000,1000,0
2022-10-11 15:29:00,1000,1000,1000,1000,0
2022-10-11 15:30:00,1000,1000,1000,1000,0
2022-10-11 15:31:00,1000,1000,1000,1000,0
2022-10-11 15:32:00,1000,1000,1000,1000,0
2022-10-11 15:33:00,1000,1000,1000,1000,0
2022-10-11 15:34:00,1000,1000,1000,1000,0
2022-10-11 15:35:00,1000,1000,1000,1000,0
2022-10-11 15:36:00,1000,1000,1000,1000,0
2022-10-11 15:37:00,1000,1000,1000,1000,0
2022-10-11 15:38:00,1000,1000,1000,1000,0
2022-10-11 15:39:00,1000,1000,1000,1000,0
2022-10-11 15:40:00,1000,1000,1000,1000,0
2022-10-11 15:41:00,1000,1000,1000,1000,0
2022-10-11 15:42:00,1000,1000,1000,1000,0
2022-10-11 15:43:00,1000,1000,1000,1000,0
2022-10-11 15:44:00,1000,1000,1000,1000,0
2022-10-11 15:45:00,1000,1000,1000,1000,0
2022-10-11 15:46:00,1000,1000,1000,1000,0
2022-10-11 15:47:00,1000,1000,1000,1000,0
2022-10-11 15:48:00,1000,1000,1000,1000,0
2022-10-11 15:49:00,1000,1000,1000,1000,0
2022-10-11 15:50:00,1000,1000,1000,1000,0
2022-10-11 15:51:00,1000,1000,1000,1000,0
2022-10-11 15:52:00,1000,1000,1000,1000,0
2022-10-11 15:53:00,1000,1000,1000,1000,0
2022-10-11 15:54:00,1000,1000,1000,1000,0
2022-10-11 15:55:00,1000,1000,1000,1000,0
2022-10-11 15:56:00,1000,1000,1000,1000,0
2022-10-11 15:57:00,1000,1000,1000,1000,0
2022-10-11 15:58:00,1000,1000,1000,1000,0
2022-10-11 15:59:00,1000,1000,1000,1000,0
2022-10-12 09:00:00,950,950,1000,990,0
2022-10-12 09:01:00,990,985,990,985,29900
2022-10-12 09:02:00,990,985,990,990,27500
2022-10-12 09:03:00,990,990,990,990,41100
2022-10-12 09:04:00,990,985,990,985,59100
2022-10-12 09:05:00,985,985,985,985,20500
2022-10-12 09:06:00,985,985,985,985,0
2022-10-12 09:07:00,985,985,985,985,11100
2022-10-12 09:08:00,990,990,990,990,6000
2022-10-12 09:09:00,990,985,995,985,22300
2022-10-12 09:10:00,990,985,995,985,0
2022-10-12 09:11:00,990,990,990,990,3300
2022-10-12 09:12:00,990,985,990,990,10034100
2022-10-12 09:13:00,990,990,1000,995,11296200
2022-10-12 09:14:00,995,990,995,990,139000
2022-10-12 09:15:00,990,990,995,995,18000
2022-10-12 09:16:00,995,995,995,995,2300
2022-10-12 09:17:00,995,995,995,995,203100
2022-10-12 09:18:00,995,990,995,990,37800
2022-10-12 09:19:00,990,990,995,990,1846000
2022-10-12 09:20:00,990,990,995,990,0
2022-10-12 09:21:00,995,995,995,995,100
2022-10-12 09:22:00,995,995,995,995,19900
2022-10-12 09:23:00,995,995,995,995,0
2022-10-12 09:24:00,995,990,995,995,86400
2022-10-12 09:25:00,995,990,995,995,56700
2022-10-12 09:26:00,990,990,995,995,5300
2022-10-12 09:27:00,990,990,995,995,0
2022-10-12 09:28:00,995,990,995,990,41600
2022-10-12 09:29:00,990,990,995,990,11500
2022-10-12 09:30:00,990,990,995,995,0
2022-10-12 09:31:00,995,995,995,995,16300
2022-10-12 09:32:00,995,995,995,995,0
2022-10-12 09:33:00,995,995,995,995,100
2022-10-12 09:34:00,990,990,995,995,2600
2022-10-12 09:35:00,995,990,995,995,94900
2022-10-12 09:36:00,995,990,995,990,45500
2022-10-12 09:37:00,990,990,995,990,0
2022-10-12 09:38:00,990,990,990,990,18000
2022-10-12 09:39:00,990,990,990,990,43800
2022-10-12 09:40:00,990,990,990,990,0
2022-10-12 09:41:00,990,990,990,990,7400
2022-10-12 09:42:00,990,990,990,990,54300
2022-10-12 09:43:00,990,985,990,990,50400
2022-10-12 09:44:00,985,985,990,990,152000
2022-10-12 09:45:00,990,985,990,990,0
2022-10-12 09:46:00,990,985,990,985,900
2022-10-12 09:47:00,985,985,990,990,39400
2022-10-12 09:48:00,985,985,990,990,0
2022-10-12 09:49:00,985,985,990,990,121200
2022-10-12 09:50:00,985,985,990,990,0
2022-10-12 09:51:00,985,985,990,990,30100
2022-10-12 09:52:00,990,990,990,990,300
2022-10-12 09:53:00,990,990,990,990,0
2022-10-12 09:54:00,985,985,990,985,74900
2022-10-12 09:55:00,980,980,985,985,13500
2022-10-12 09:56:00,985,980,985,985,199800
2022-10-12 09:57:00,985,985,985,985,11400
2022-10-12 09:58:00,985,985,985,985,3000
2022-10-12 09:59:00,985,985,985,985,0
2022-10-12 10:00:00,985,985,985,985,52800
2022-10-12 10:01:00,985,985,985,985,0
2022-10-12 10:02:00,980,980,985,985,65500
2022-10-12 10:03:00,985,980,985,985,0
2022-10-12 10:04:00,985,985,985,985,0
2022-10-12 10:05:00,985,985,985,985,55800
2022-10-12 10:06:00,985,985,990,985,1100
2022-10-12 10:07:00,985,985,990,985,23900
2022-10-12 10:08:00,985,985,990,985,0
2022-10-12 10:09:00,985,985,990,985,68400
2022-10-12 10:10:00,985,980,985,980,0
2022-10-12 10:11:00,980,980,980,980,42500
2022-10-12 10:12:00,985,980,985,985,1200
2022-10-12 10:13:00,985,980,985,985,38100
2022-10-12 10:14:00,985,985,985,985,0
2022-10-12 10:15:00,985,980,985,980,1300
2022-10-12 10:16:00,980,980,980,980,25600
2022-10-12 10:17:00,980,980,980,980,160200
2022-10-12 10:18:00,980,980,980,980,29900
2022-10-12 10:19:00,980,980,980,980,1400
2022-10-12 10:20:00,980,980,985,980,29900
2022-10-12 10:21:00,985,985,985,985,5000
2022-10-12 10:22:00,980,980,985,985,12100
2022-10-12 10:23:00,980,980,985,985,10300
2022-10-12 10:24:00,980,980,985,980,303900
2022-10-12 10:25:00,980,980,980,980,22500
2022-10-12 10:26:00,980,980,980,980,246900
2022-10-12 10:27:00,980,975,980,975,6700
2022-10-12 10:28:00,975,965,975,965,1498900
2022-10-12 10:29:00,965,960,970,965,1562500
2022-10-12 10:30:00,965,960,965,960,20600
2022-10-12 10:31:00,960,960,960,960,90600
2022-10-12 10:32:00,960,960,970,965,59800
2022-10-12 10:33:00,960,960,960,960,1100
2022-10-12 10:34:00,960,960,965,965,50000
2022-10-12 10:35:00,970,970,970,970,24000
2022-10-12 10:36:00,970,965,970,970,0
2022-10-12 10:37:00,965,965,970,970,1100
2022-10-12 10:38:00,970,965,970,970,15100
2022-10-12 10:39:00,965,965,965,965,34600
2022-10-12 10:40:00,965,965,965,965,0
2022-10-12 10:41:00,960,960,965,965,15000
2022-10-12 10:42:00,965,960,970,965,28900
2022-10-12 10:43:00,965,960,970,965,0
2022-10-12 10:44:00,965,965,970,970,7300
2022-10-12 10:45:00,965,965,970,970,5800
2022-10-12 10:46:00,970,970,970,970,3500
2022-10-12 10:47:00,970,965,970,970,3800
2022-10-12 10:48:00,965,965,965,965,6400
2022-10-12 10:49:00,965,965,965,965,3100
2022-10-12 10:50:00,965,965,965,965,1800
2022-10-12 10:51:00,965,965,970,970,10900
2022-10-12 10:52:00,970,970,970,970,22400
2022-10-12 10:53:00,970,960,970,960,636400
2022-10-12 10:54:00,960,960,965,965,0
2022-10-12 10:55:00,965,965,970,970,56400
2022-10-12 10:56:00,965,960,965,965,11600
2022-10-12 10:57:00,965,965,965,965,61800
2022-10-12 10:58:00,965,965,965,965,0
2022-10-12 10:59:00,965,965,965,965,2400
2022-10-12 11:00:00,970,965,970,965,36300
2022-10-12 11:01:00,965,965,970,970,102000
2022-10-12 11:02:00,965,965,965,965,4900
2022-10-12 11:03:00,965,965,965,965,0
2022-10-12 11:04:00,965,965,965,965,0
2022-10-12 11:05:00,965,965,965,965,0
2022-10-12 11:06:00,965,965,965,965,0
2022-10-12 11:07:00,965,965,965,965,8000
2022-10-12 11:08:00,965,965,965,965,0
2022-10-12 11:09:00,970,970,970,970,0
2022-10-12 11:10:00,970,970,970,970,24700
2022-10-12 11:11:00,970,970,970,970,800
2022-10-12 11:12:00,970,965,970,965,154300
2022-10-12 11:13:00,970,965,970,965,0
2022-10-12 11:14:00,970,970,970,970,0
2022-10-12 11:15:00,970,970,970,970,0
2022-10-12 11:16:00,970,970,970,970,19900
2022-10-12 11:17:00,970,970,970,970,0
2022-10-12 11:18:00,965,965,965,965,5300
2022-10-12 11:19:00,965,965,970,965,1400
2022-10-12 11:20:00,970,970,970,970,9900
2022-10-12 11:21:00,965,965,965,965,14000
2022-10-12 11:22:00,965,965,965,965,200
2022-10-12 11:23:00,965,965,965,965,23300
2022-10-12 11:24:00,965,965,965,965,0
2022-10-12 11:25:00,965,965,965,965,0
2022-10-12 11:26:00,970,965,970,965,24800
2022-10-12 11:27:00,970,965,970,965,0
2022-10-12 11:28:00,970,970,970,970,31800
2022-10-12 11:29:00,965,965,970,970,5200
2022-10-12 11:30:00,965,965,970,970,0
2022-10-12 11:31:00,965,965,970,970,0
2022-10-12 11:32:00,965,965,970,970,0
2022-10-12 11:33:00,965,965,970,970,0
2022-10-12 11:34:00,965,965,970,970,0
2022-10-12 11:35:00,965,965,970,970,0
2022-10-12 11:36:00,965,965,970,970,0
2022-10-12 11:37:00,965,965,970,970,0
2022-10-12 11:38:00,965,965,970,970,0
2022-10-12 11:39:00,965,965,970,970,0
2022-10-12 11:40:00,965,965,970,970,0
2022-10-12 11:41:00,965,965,970,970,0
2022-10-12 11:42:00,965,965,970,970,0
2022-10-12 11:43:00,965,965,970,970,0
2022-10-12 11:44:00,965,965,970,970,0
2022-10-12 11:45:00,965,965,970,970,0
2022-10-12 11:46:00,965,965,970,970,0
2022-10-12 11:47:00,965,965,970,970,0
2022-10-12 11:48:00,965,965,970,970,0
2022-10-12 11:49:00,965,965,970,970,0
2022-10-12 11:50:00,965,965,970,970,0
2022-10-12 11:51:00,965,965,970,970,0
2022-10-12 11:52:00,965,965,970,970,0
2022-10-12 11:53:00,965,965,970,970,0
2022-10-12 11:54:00,965,965,970,970,0
2022-10-12 11:55:00,965,965,970,970,0
2022-10-12 11:56:00,965,965,970,970,0
2022-10-12 11:57:00,965,965,970,970,0
2022-10-12 11:58:00,965,965,970,970,0
2022-10-12 11:59:00,965,965,970,970,0
2022-10-12 12:00:00,965,965,970,970,0
2022-10-12 12:01:00,965,965,970,970,0
2022-10-12 12:02:00,965,965,970,970,0
2022-10-12 12:03:00,965,965,970,970,0
2022-10-12 12:04:00,965,965,970,970,0
2022-10-12 12:05:00,965,965,970,970,0
2022-10-12 12:06:00,965,965,970,970,0
2022-10-12 12:07:00,965,965,970,970,0
2022-10-12 12:08:00,965,965,970,970,0
2022-10-12 12:09:00,965,965,970,970,0
2022-10-12 12:10:00,965,965,970,970,0
2022-10-12 12:11:00,965,965,970,970,0
2022-10-12 12:12:00,965,965,970,970,0
2022-10-12 12:13:00,965,965,970,970,0
2022-10-12 12:14:00,965,965,970,970,0
2022-10-12 12:15:00,965,965,970,970,0
2022-10-12 12:16:00,965,965,970,970,0
2022-10-12 12:17:00,965,965,970,970,0
2022-10-12 12:18:00,965,965,970,970,0
2022-10-12 12:19:00,965,965,970,970,0
2022-10-12 12:20:00,965,965,970,970,0
2022-10-12 12:21:00,965,965,970,970,0
2022-10-12 12:22:00,965,965,970,970,0
2022-10-12 12:23:00,965,965,970,970,0
2022-10-12 12:24:00,965,965,970,970,0
2022-10-12 12:25:00,965,965,970,970,0
2022-10-12 12:26:00,965,965,970,970,0
2022-10-12 12:27:00,965,965,970,970,0
2022-10-12 12:28:00,965,965,970,970,0
2022-10-12 12:29:00,965,965,970,970,0
2022-10-12 12:30:00,965,965,970,970,0
2022-10-12 12:31:00,965,965,970,970,0
2022-10-12 12:32:00,965,965,970,970,0
2022-10-12 12:33:00,965,965,970,970,0
2022-10-12 12:34:00,965,965,970,970,0
2022-10-12 12:35:00,965,965,970,970,0
2022-10-12 12:36:00,965,965,970,970,0
2022-10-12 12:37:00,965,965,970,970,0
2022-10-12 12:38:00,965,965,970,970,0
2022-10-12 12:39:00,965,965,970,970,0
2022-10-12 12:40:00,965,965,970,970,0
2022-10-12 12:41:00,965,965,970,970,0
2022-10-12 12:42:00,965,965,970,970,0
2022-10-12 12:43:00,965,965,970,970,0
2022-10-12 12:44:00,965,965,970,970,0
2022-10-12 12:45:00,965,965,970,970,0
2022-10-12 12:46:00,965,965,970,970,0
2022-10-12 12:47:00,965,965,970,970,0
2022-10-12 12:48:00,965,965,970,970,0
2022-10-12 12:49:00,965,965,970,970,0
2022-10-12 12:50:00,965,965,970,970,0
2022-10-12 12:51:00,965,965,970,970,0
2022-10-12 12:52:00,965,965,970,970,0
2022-10-12 12:53:00,965,965,970,970,0
2022-10-12 12:54:00,965,965,970,970,0
2022-10-12 12:55:00,965,965,970,970,0
2022-10-12 12:56:00,965,965,970,970,0
2022-10-12 12:57:00,965,965,970,970,0
2022-10-12 12:58:00,965,965,970,970,0
2022-10-12 12:59:00,965,965,970,970,0
2022-10-12 13:00:00,965,965,970,970,0
2022-10-12 13:01:00,965,965,970,970,0
2022-10-12 13:02:00,965,965,970,970,0
2022-10-12 13:03:00,965,965,970,970,0
2022-10-12 13:04:00,965,965,970,970,0
2022-10-12 13:05:00,965,965,970,970,0
2022-10-12 13:06:00,965,965,970,970,0
2022-10-12 13:07:00,965,965,970,970,0
2022-10-12 13:08:00,965,965,970,970,0
2022-10-12 13:09:00,965,965,970,970,0
2022-10-12 13:10:00,965,965,970,970,0
2022-10-12 13:11:00,965,965,970,970,0
2022-10-12 13:12:00,965,965,970,970,0
2022-10-12 13:13:00,965,965,970,970,0
2022-10-12 13:14:00,965,965,970,970,0
2022-10-12 13:15:00,965,965,970,970,0
2022-10-12 13:16:00,965,965,970,970,0
2022-10-12 13:17:00,965,965,970,970,0
2022-10-12 13:18:00,965,965,970,970,0
2022-10-12 13:19:00,965,965,970,970,0
2022-10-12 13:20:00,965,965,970,970,0
2022-10-12 13:21:00,965,965,970,970,0
2022-10-12 13:22:00,965,965,970,970,0
2022-10-12 13:23:00,965,965,970,970,0
2022-10-12 13:24:00,965,965,970,970,0
2022-10-12 13:25:00,965,965,970,970,0
2022-10-12 13:26:00,965,965,970,970,0
2022-10-12 13:27:00,965,965,970,970,0
2022-10-12 13:28:00,965,965,970,970,0
2022-10-12 13:29:00,965,965,970,970,0
2022-10-12 13:30:00,970,965,975,975,89100
2022-10-12 13:31:00,975,975,975,975,3900
2022-10-12 13:32:00,975,975,980,980,222300
2022-10-12 13:33:00,980,980,985,985,9900
2022-10-12 13:34:00,980,980,985,985,148900
2022-10-12 13:35:00,985,985,985,985,1900
2022-10-12 13:36:00,985,985,990,990,6800
2022-10-12 13:37:00,985,985,990,985,156500
2022-10-12 13:38:00,985,985,985,985,1500
2022-10-12 13:39:00,980,980,985,985,10900
2022-10-12 13:40:00,985,985,985,985,123900
2022-10-12 13:41:00,985,985,985,985,25600
2022-10-12 13:42:00,985,985,985,985,0
2022-10-12 13:43:00,985,985,985,985,11900
2022-10-12 13:44:00,985,985,985,985,0
2022-10-12 13:45:00,985,985,990,990,2100
2022-10-12 13:46:00,985,985,985,985,0
2022-10-12 13:47:00,985,985,985,985,2400
2022-10-12 13:48:00,990,990,995,995,457300
2022-10-12 13:49:00,1000,995,1000,1000,1271800
2022-10-12 13:50:00,1000,1000,1005,1000,282600
2022-10-12 13:51:00,1000,1000,1000,1000,103900
2022-10-12 13:52:00,1000,1000,1000,1000,37900
2022-10-12 13:53:00,1000,1000,1005,1005,0
2022-10-12 13:54:00,1005,1000,1005,1000,7100
2022-10-12 13:55:00,1005,1000,1005,1000,12200
2022-10-12 13:56:00,1000,1000,1005,1005,47800
2022-10-12 13:57:00,1000,1000,1005,1000,15800
2022-10-12 13:58:00,1000,1000,1000,1000,496000
2022-10-12 13:59:00,1000,995,1000,995,0
2022-10-12 14:00:00,995,995,995,995,0
2022-10-12 14:01:00,995,995,995,995,45100
2022-10-12 14:02:00,995,995,1000,1000,38500
2022-10-12 14:03:00,995,995,1000,1000,212700
2022-10-12 14:04:00,995,995,1000,1000,8700
2022-10-12 14:05:00,995,995,1000,1000,71000
2022-10-12 14:06:00,995,995,1000,1000,600
2022-10-12 14:07:00,1000,1000,1000,1000,37500
2022-10-12 14:08:00,1000,1000,1000,1000,0
2022-10-12 14:09:00,995,995,1000,1000,4100
2022-10-12 14:10:00,1000,1000,1000,1000,11000
2022-10-12 14:11:00,1000,995,1000,995,3600
2022-10-12 14:12:00,995,995,995,995,2200
2022-10-12 14:13:00,995,995,1000,1000,155800
2022-10-12 14:14:00,995,995,1000,995,28300
2022-10-12 14:15:00,995,995,1000,995,31300
2022-10-12 14:16:00,995,995,995,995,1600
2022-10-12 14:17:00,995,995,1000,995,10400
2022-10-12 14:18:00,995,995,1000,1000,1600
2022-10-12 14:19:00,995,995,1000,1000,0
2022-10-12 14:20:00,995,995,1000,1000,1300
2022-10-12 14:21:00,1000,1000,1000,1000,373400
2022-10-12 14:22:00,1000,1000,1005,1000,132800
2022-10-12 14:23:00,1000,1000,1005,1005,0
2022-10-12 14:24:00,1005,1000,1005,1005,354400
2022-10-12 14:25:00,1005,1000,1005,1005,288900
2022-10-12 14:26:00,1005,1005,1010,1010,605200
2022-10-12 14:27:00,1005,1005,1005,1005,4800
2022-10-12 14:28:00,1005,1005,1010,1010,62000
2022-10-12 14:29:00,1005,1005,1015,1015,1455000
2022-10-12 14:30:00,1015,1015,1025,1025,1043800
2022-10-12 14:31:00,1025,1020,1030,1025,944500
2022-10-12 14:32:00,1025,1020,1025,1025,156600
2022-10-12 14:33:00,1025,1020,1025,1020,281200
2022-10-12 14:34:00,1020,1015,1020,1015,181600
2022-10-12 14:35:00,1015,1015,1020,1020,21600
2022-10-12 14:36:00,1020,1015,1020,1015,52300
2022-10-12 14:37:00,1015,1015,1020,1020,138200
2022-10-12 14:38:00,1015,1015,1020,1015,0
2022-10-12 14:39:00,1015,1015,1020,1020,11800
2022-10-12 14:40:00,1020,1020,1025,1025,141900
2022-10-12 14:41:00,1020,1020,1020,1020,287800
2022-10-12 14:42:00,1020,1020,1020,1020,11200
2022-10-12 14:43:00,1020,1020,1020,1020,19400
2022-10-12 14:44:00,1020,1020,1020,1020,4300
2022-10-12 14:45:00,1020,1015,1020,1020,36800
2022-10-12 14:46:00,1020,1015,1020,1015,19800
2022-10-12 14:47:00,1015,1015,1020,1015,398600
2022-10-12 14:48:00,1015,1010,1020,1010,302700
2022-10-12 14:49:00,1010,1010,1015,1015,275100
2022-10-12 14:50:00,1010,1010,1015,1015,0
2022-10-12 14:51:00,1010,1010,1015,1015,0
2022-10-12 14:52:00,1010,1010,1015,1015,0
2022-10-12 14:53:00,1010,1010,1015,1015,0
2022-10-12 14:54:00,1010,1010,1015,1015,0
2022-10-12 14:55:00,1010,1010,1015,1015,0
2022-10-12 14:56:00,1010,1010,1015,1015,0
2022-10-12 14:57:00,1010,1010,1015,1015,0
2022-10-12 14:58:00,1010,1010,1015,1015,0
2022-10-12 14:59:00,1010,1010,1015,1015,0
2022-10-12 15:00:00,1015,1015,1015,1015,1358600
2022-10-12 15:01:00,1015,1015,1015,1015,81000
2022-10-12 15:02:00,1015,1015,1015,1015,0
2022-10-12 15:03:00,1015,1015,1015,1015,14000
2022-10-12 15:04:00,1015,1015,1015,1015,10400
2022-10-12 15:05:00,1015,1015,1015,1015,2500
2022-10-12 15:06:00,1015,1015,1015,1015,7400
2022-10-12 15:07:00,1015,1015,1015,1015,17800
2022-10-12 15:08:00,1015,1015,1015,1015,0
2022-10-12 15:09:00,1015,1015,1015,1015,0
2022-10-12 15:10:00,1015,1015,1015,1015,9100
2022-10-12 15:11:00,1015,1015,1015,1015,2300
2022-10-12 15:12:00,1015,1015,1015,1015,2000
2022-10-12 15:13:00,1015,1015,1015,1015,26100
2022-10-12 15:14:00,1015,1015,1015,1015,43735000
2022-10-12 15:15:00,1015,1015,1015,1015,0
2022-10-12 15:16:00,1015,1015,1015,1015,0
2022-10-12 15:17:00,1015,1015,1015,1015,0
2022-10-12 15:18:00,1015,1015,1015,1015,0
2022-10-12 15:19:00,1015,1015,1015,1015,0
2022-10-12 15:20:00,1015,1015,1015,1015,0
2022-10-12 15:21:00,1015,1015,1015,1015,0
2022-10-12 15:22:00,1015,1015,1015,1015,0
2022-10-12 15:23:00,1015,1015,1015,1015,0
2022-10-12 15:24:00,1015,1015,1015,1015,0
2022-10-12 15:25:00,1015,1015,1015,1015,0
2022-10-12 15:26:00,1015,1015,1015,1015,0
2022-10-12 15:27:00,1015,1015,1015,1015,0
2022-10-12 15:28:00,1015,1015,1015,1015,0
2022-10-12 15:29:00,1015,1015,1015,1015,0
2022-10-12 15:30:00,1015,1015,1015,1015,0
2022-10-12 15:31:00,1015,1015,1015,1015,0
2022-10-12 15:32:00,1015,1015,1015,1015,0
2022-10-12 15:33:00,1015,1015,1015,1015,0
2022-10-12 15:34:00,1015,1015,1015,1015,0
2022-10-12 15:35:00,1015,1015,1015,1015,0
2022-10-12 15:36:00,1015,1015,1015,1015,0
2022-10-12 15:37:00,1015,1015,1015,1015,0
2022-10-12 15:38:00,1015,1015,1015,1015,0
2022-10-12 15:39:00,1015,1015,1015,1015,0
2022-10-12 15:40:00,1015,1015,1015,1015,0
2022-10-12 15:41:00,1015,1015,1015,1015,0
2022-10-12 15:42:00,1015,1015,1015,1015,0
2022-10-12 15:43:00,1015,1015,1015,1015,0
2022-10-12 15:44:00,1015,1015,1015,1015,0
2022-10-12 15:45:00,1015,1015,1015,1015,0
2022-10-12 15:46:00,1015,1015,1015,1015,0
2022-10-12 15:47:00,1015,1015,1015,1015,0
2022-10-12 15:48:00,1015,1015,1015,1015,0
2022-10-12 15:49:00,1015,1015,1015,1015,0
2022-10-12 15:50:00,1015,1015,1015,1015,0
2022-10-12 15:51:00,1015,1015,1015,1015,0
2022-10-12 15:52:00,1015,1015,1015,1015,0
2022-10-12 15:53:00,1015,1015,1015,1015,0
2022-10-12 15:54:00,1015,1015,1015,1015,0
2022-10-12 15:55:00,1015,1015,1015,1015,0
2022-10-12 15:56:00,1015,1015,1015,1015,0
2022-10-12 15:57:00,1015,1015,1015,1015,0
2022-10-12 15:58:00,1015,1015,1015,1015,0
2022-10-12 15:59:00,1015,1015,1015,1015,0
2022-10-13 09:00:00,1010,1000,1010,1005,0
2022-10-13 09:01:00,1000,1000,1005,1005,68600
2022-10-13 09:02:00,1010,1005,1010,1010,5500
2022-10-13 09:03:00,1005,1005,1010,1010,254300
2022-10-13 09:04:00,1010,1010,1010,1010,299700
2022-10-13 09:05:00,1010,1010,1015,1015,64900
2022-10-13 09:06:00,1010,1010,1015,1010,10353400
2022-10-13 09:07:00,1010,1010,1020,1020,10641500
2022-10-13 09:08:00,1020,1015,1020,1020,0
2022-10-13 09:09:00,1020,1015,1025,1025,283400
2022-10-13 09:10:00,1025,1020,1030,1025,533400
2022-10-13 09:11:00,1025,1025,1025,1025,142700
2022-10-13 09:12:00,1025,1025,1030,1025,236000
2022-10-13 09:13:00,1030,1025,1030,1030,109000
2022-10-13 09:14:00,1025,1025,1030,1025,0
2022-10-13 09:15:00,1030,1030,1030,1030,132700
2022-10-13 09:16:00,1030,1025,1030,1030,125600
2022-10-13 09:17:00,1030,1025,1030,1025,600
2022-10-13 09:18:00,1025,1025,1035,1035,675100
2022-10-13 09:19:00,1035,1030,1035,1030,347700
2022-10-13 09:20:00,1035,1035,1040,1040,954500
2022-10-13 09:21:00,1035,1035,1045,1040,827000
2022-10-13 09:22:00,1040,1040,1045,1040,654200
2022-10-13 09:23:00,1040,1040,1045,1040,171500
2022-10-13 09:24:00,1045,1040,1050,1045,1634000
2022-10-13 09:25:00,1050,1040,1050,1040,687200
2022-10-13 09:26:00,1040,1040,1045,1045,49300
2022-10-13 09:27:00,1045,1040,1045,1040,11100
2022-10-13 09:28:00,1040,1040,1040,1040,181600
2022-10-13 09:29:00,1035,1035,1040,1040,16900
2022-10-13 09:30:00,1035,1035,1040,1040,12200
2022-10-13 09:31:00,1035,1035,1040,1040,49800
2022-10-13 09:32:00,1035,1035,1040,1040,220700
2022-10-13 09:33:00,1040,1040,1045,1040,225300
2022-10-13 09:34:00,1040,1040,1045,1040,44800
2022-10-13 09:35:00,1040,1040,1045,1045,22000
2022-10-13 09:36:00,1045,1045,1045,1045,231500
2022-10-13 09:37:00,1050,1045,1050,1045,100700
2022-10-13 09:38:00,1045,1045,1050,1050,105300
2022-10-13 09:39:00,1050,1050,1050,1050,461000
2022-10-13 09:40:00,1045,1045,1055,1055,492800
2022-10-13 09:41:00,1055,1050,1055,1050,146800
2022-10-13 09:42:00,1055,1050,1055,1050,546600
2022-10-13 09:43:00,1050,1050,1050,1050,18100
2022-10-13 09:44:00,1045,1045,1050,1045,102200
2022-10-13 09:45:00,1045,1045,1050,1045,48500
2022-10-13 09:46:00,1045,1045,1045,1045,143300
2022-10-13 09:47:00,1045,1045,1045,1045,52200
2022-10-13 09:48:00,1040,1040,1045,1045,4600
2022-10-13 09:49:00,1045,1045,1050,1050,106500
2022-10-13 09:50:00,1045,1045,1050,1050,79500
2022-10-13 09:51:00,1050,1045,1050,1045,179800
2022-10-13 09:52:00,1045,1045,1045,1045,500
2022-10-13 09:53:00,1045,1045,1045,1045,20200
2022-10-13 09:54:00,1040,1040,1045,1045,10700
2022-10-13 09:55:00,1045,1040,1045,1040,209800
2022-10-13 09:56:00,1035,1035,1040,1040,15600
2022-10-13 09:57:00,1040,1035,1040,1040,59000
2022-10-13 09:58:00,1035,1035,1040,1040,9200
2022-10-13 09:59:00,1040,1035,1040,1035,2900
2022-10-13 10:00:00,1035,1035,1035,1035,334800
2022-10-13 10:01:00,1030,1030,1035,1035,169100
2022-10-13 10:02:00,1035,1030,1035,1030,62900
2022-10-13 10:03:00,1035,1030,1035,1035,58600
2022-10-13 10:04:00,1035,1035,1035,1035,16700
2022-10-13 10:05:00,1035,1030,1035,1035,25200
2022-10-13 10:06:00,1030,1030,1035,1035,8300
2022-10-13 10:07:00,1035,1030,1035,1035,31400
2022-10-13 10:08:00,1030,1030,1035,1035,21800
2022-10-13 10:09:00,1030,1030,1035,1035,278600
2022-10-13 10:10:00,1030,1030,1030,1030,10200
2022-10-13 10:11:00,1035,1035,1035,1035,300
2022-10-13 10:12:00,1035,1035,1035,1035,1900
2022-10-13 10:13:00,1035,1030,1035,1030,0
2022-10-13 10:14:00,1030,1030,1035,1035,25300
2022-10-13 10:15:00,1035,1035,1035,1035,100
2022-10-13 10:16:00,1030,1030,1030,1030,2200
2022-10-13 10:17:00,1030,1030,1035,1035,16900
2022-10-13 10:18:00,1030,1030,1030,1030,49800
2022-10-13 10:19:00,1030,1030,1035,1035,101300
2022-10-13 10:20:00,1030,1030,1030,1030,300
2022-10-13 10:21:00,1030,1030,1035,1035,14600
2022-10-13 10:22:00,1030,1030,1035,1030,12900
2022-10-13 10:23:00,1030,1030,1030,1030,300
2022-10-13 10:24:00,1030,1030,1035,1035,25600
2022-10-13 10:25:00,1030,1030,1035,1035,0
2022-10-13 10:26:00,1030,1030,1030,1030,3000
2022-10-13 10:27:00,1035,1035,1035,1035,0
2022-10-13 10:28:00,1035,1035,1035,1035,0
2022-10-13 10:29:00,1035,1035,1035,1035,0
2022-10-13 10:30:00,1035,1035,1035,1035,5400
2022-10-13 10:31:00,1035,1035,1035,1035,4800
2022-10-13 10:32:00,1035,1035,1035,1035,0
2022-10-13 10:33:00,1030,1030,1035,1035,900
2022-10-13 10:34:00,1030,1030,1035,1035,0
2022-10-13 10:35:00,1030,1030,1035,1035,5000
2022-10-13 10:36:00,1035,1030,1035,1035,3200
2022-10-13 10:37:00,1035,1035,1035,1035,2400
2022-10-13 10:38:00,1035,1035,1040,1040,141400
2022-10-13 10:39:00,1040,1040,1040,1040,8600
2022-10-13 10:40:00,1035,1035,1035,1035,7600
2022-10-13 10:41:00,1040,1040,1040,1040,72000
2022-10-13 10:42:00,1040,1040,1040,1040,0
2022-10-13 10:43:00,1035,1035,1035,1035,2000
2022-10-13 10:44:00,1040,1040,1040,1040,46100
2022-10-13 10:45:00,1040,1035,1045,1040,49400
2022-10-13 10:46:00,1040,1040,1045,1045,0
2022-10-13 10:47:00,1045,1040,1045,1040,12000
2022-10-13 10:48:00,1040,1040,1045,1040,40300
2022-10-13 10:49:00,1040,1040,1040,1040,13200
2022-10-13 10:50:00,1040,1040,1040,1040,0
2022-10-13 10:51:00,1040,1040,1040,1040,0
2022-10-13 10:52:00,1045,1045,1045,1045,600
2022-10-13 10:53:00,1045,1045,1045,1045,0
2022-10-13 10:54:00,1045,1045,1045,1045,3300
2022-10-13 10:55:00,1045,1040,1045,1040,1900
2022-10-13 10:56:00,1045,1040,1045,1045,94600
2022-10-13 10:57:00,1045,1040,1045,1045,0
2022-10-13 10:58:00,1045,1040,1045,1040,0
2022-10-13 10:59:00,1040,1040,1040,1040,103300
2022-10-13 11:00:00,1040,1040,1040,1040,400
2022-10-13 11:01:00,1040,1040,1040,1040,6100
2022-10-13 11:02:00,1045,1040,1045,1040,700
2022-10-13 11:03:00,1040,1040,1040,1040,10900
2022-10-13 11:04:00,1040,1040,1040,1040,5100
2022-10-13 11:05:00,1040,1040,1040,1040,3300
2022-10-13 11:06:00,1040,1040,1040,1040,300
2022-10-13 11:07:00,1040,1040,1040,1040,38800
2022-10-13 11:08:00,1040,1040,1040,1040,3500
2022-10-13 11:09:00,1040,1040,1040,1040,28500
2022-10-13 11:10:00,1040,1040,1040,1040,5200
2022-10-13 11:11:00,1045,1045,1045,1045,49900
2022-10-13 11:12:00,1040,1040,1040,1040,0
2022-10-13 11:13:00,1040,1040,1040,1040,300
2022-10-13 11:14:00,1040,1040,1045,1045,6300
2022-10-13 11:15:00,1045,1040,1045,1040,10000
2022-10-13 11:16:00,1040,1035,1040,1035,11700
2022-10-13 11:17:00,1035,1035,1035,1035,3600
2022-10-13 11:18:00,1035,1035,1040,1040,30900
2022-10-13 11:19:00,1035,1035,1040,1040,2500
2022-10-13 11:20:00,1040,1040,1045,1040,12900
2022-10-13 11:21:00,1035,1035,1035,1035,8600
2022-10-13 11:22:00,1040,1035,1040,1040,20600
2022-10-13 11:23:00,1040,1040,1040,1040,2600
2022-10-13 11:24:00,1040,1040,1040,1040,0
2022-10-13 11:25:00,1040,1040,1040,1040,200
2022-10-13 11:26:00,1035,1035,1040,1040,37300
2022-10-13 11:27:00,1035,1035,1035,1035,0
2022-10-13 11:28:00,1035,1035,1040,1035,1100
2022-10-13 11:29:00,1035,1035,1040,1035,1100
2022-10-13 11:30:00,1035,1035,1040,1035,0
2022-10-13 11:31:00,1035,1035,1040,1035,0
2022-10-13 11:32:00,1035,1035,1040,1035,0
2022-10-13 11:33:00,1035,1035,1040,1035,0
2022-10-13 11:34:00,1035,1035,1040,1035,0
2022-10-13 11:35:00,1035,1035,1040,1035,0
2022-10-13 11:36:00,1035,1035,1040,1035,0
2022-10-13 11:37:00,1035,1035,1040,1035,0
2022-10-13 11:38:00,1035,1035,1040,1035,0
2022-10-13 11:39:00,1035,1035,1040,1035,0
2022-10-13 11:40:00,1035,1035,1040,1035,0
2022-10-13 11:41:00,1035,1035,1040,1035,0
2022-10-13 11:42:00,1035,1035,1040,1035,0
2022-10-13 11:43:00,1035,1035,1040,1035,0
2022-10-13 11:44:00,1035,1035,1040,1035,0
2022-10-13 11:45:00,1035,1035,1040,1035,0
2022-10-13 11:46:00,1035,1035,1040,1035,0
2022-10-13 11:47:00,1035,1035,1040,1035,0
2022-10-13 11:48:00,1035,1035,1040,1035,0
2022-10-13 11:49:00,1035,1035,1040,1035,0
2022-10-13 11:50:00,1035,1035,1040,1035,0
2022-10-13 11:51:00,1035,1035,1040,1035,0
2022-10-13 11:52:00,1035,1035,1040,1035,0
2022-10-13 11:53:00,1035,1035,1040,1035,0
2022-10-13 11:54:00,1035,1035,1040,1035,0
2022-10-13 11:55:00,1035,1035,1040,1035,0
2022-10-13 11:56:00,1035,1035,1040,1035,0
2022-10-13 11:57:00,1035,1035,1040,1035,0
2022-10-13 11:58:00,1035,1035,1040,1035,0
2022-10-13 11:59:00,1035,1035,1040,1035,0
2022-10-13 12:00:00,1035,1035,1040,1035,0
2022-10-13 12:01:00,1035,1035,1040,1035,0
2022-10-13 12:02:00,1035,1035,1040,1035,0
2022-10-13 12:03:00,1035,1035,1040,1035,0
2022-10-13 12:04:00,1035,1035,1040,1035,0
2022-10-13 12:05:00,1035,1035,1040,1035,0
2022-10-13 12:06:00,1035,1035,1040,1035,0
2022-10-13 12:07:00,1035,1035,1040,1035,0
2022-10-13 12:08:00,1035,1035,1040,1035,0
2022-10-13 12:09:00,1035,1035,1040,1035,0
2022-10-13 12:10:00,1035,1035,1040,1035,0
2022-10-13 12:11:00,1035,1035,1040,1035,0
2022-10-13 12:12:00,1035,1035,1040,1035,0
2022-10-13 12:13:00,1035,1035,1040,1035,0
2022-10-13 12:14:00,1035,1035,1040,1035,0
2022-10-13 12:15:00,1035,1035,1040,1035,0
2022-10-13 12:16:00,1035,1035,1040,1035,0
2022-10-13 12:17:00,1035,1035,1040,1035,0
2022-10-13 12:18:00,1035,1035,1040,1035,0
2022-10-13 12:19:00,1035,1035,1040,1035,0
2022-10-13 12:20:00,1035,1035,1040,1035,0
2022-10-13 12:21:00,1035,1035,1040,1035,0
2022-10-13 12:22:00,1035,1035,1040,1035,0
2022-10-13 12:23:00,1035,1035,1040,1035,0
2022-10-13 12:24:00,1035,1035,1040,1035,0
2022-10-13 12:25:00,1035,1035,1040,1035,0
2022-10-13 12:26:00,1035,1035,1040,1035,0
2022-10-13 12:27:00,1035,1035,1040,1035,0
2022-10-13 12:28:00,1035,1035,1040,1035,0
2022-10-13 12:29:00,1035,1035,1040,1035,0
2022-10-13 12:30:00,1035,1035,1040,1035,0
2022-10-13 12:31:00,1035,1035,1040,1035,0
2022-10-13 12:32:00,1035,1035,1040,1035,0
2022-10-13 12:33:00,1035,1035,1040,1035,0
2022-10-13 12:34:00,1035,1035,1040,1035,0
2022-10-13 12:35:00,1035,1035,1040,1035,0
2022-10-13 12:36:00,1035,1035,1040,1035,0
2022-10-13 12:37:00,1035,1035,1040,1035,0
2022-10-13 12:38:00,1035,1035,1040,1035,0
2022-10-13 12:39:00,1035,1035,1040,1035,0
2022-10-13 12:40:00,1035,1035,1040,1035,0
2022-10-13 12:41:00,1035,1035,1040,1035,0
2022-10-13 12:42:00,1035,1035,1040,1035,0
2022-10-13 12:43:00,1035,1035,1040,1035,0
2022-10-13 12:44:00,1035,1035,1040,1035,0
2022-10-13 12:45:00,1035,1035,1040,1035,0
2022-10-13 12:46:00,1035,1035,1040,1035,0
2022-10-13 12:47:00,1035,1035,1040,1035,0
2022-10-13 12:48:00,1035,1035,1040,1035,0
2022-10-13 12:49:00,1035,1035,1040,1035,0
2022-10-13 12:50:00,1035,1035,1040,1035,0
2022-10-13 12:51:00,1035,1035,1040,1035,0
2022-10-13 12:52:00,1035,1035,1040,1035,0
2022-10-13 12:53:00,1035,1035,1040,1035,0
2022-10-13 12:54:00,1035,1035,1040,1035,0
2022-10-13 12:55:00,1035,1035,1040,1035,0
2022-10-13 12:56:00,1035,1035,1040,1035,0
2022-10-13 12:57:00,1035,1035,1040,1035,0
2022-10-13 12:58:00,1035,1035,1040,1035,0
2022-10-13 12:59:00,1035,1035,1040,1035,0
2022-10-13 13:00:00,1035,1035,1040,1035,0
2022-10-13 13:01:00,1035,1035,1040,1035,0
2022-10-13 13:02:00,1035,1035,1040,1035,0
2022-10-13 13:03:00,1035,1035,1040,1035,0
2022-10-13 13:04:00,1035,1035,1040,1035,0
2022-10-13 13:05:00,1035,1035,1040,1035,0
2022-10-13 13:06:00,1035,1035,1040,1035,0
2022-10-13 13:07:00,1035,1035,1040,1035,0
2022-10-13 13:08:00,1035,1035,1040,1035,0
2022-10-13 13:09:00,1035,1035,1040,1035,0
2022-10-13 13:10:00,1035,1035,1040,1035,0
2022-10-13 13:11:00,1035,1035,1040,1035,0
2022-10-13 13:12:00,1035,1035,1040,1035,0
2022-10-13 13:13:00,1035,1035,1040,1035,0
2022-10-13 13:14:00,1035,1035,1040,1035,0
2022-10-13 13:15:00,1035,1035,1040,1035,0
2022-10-13 13:16:00,1035,1035,1040,1035,0
2022-10-13 13:17:00,1035,1035,1040,1035,0
2022-10-13 13:18:00,1035,1035,1040,1035,0
2022-10-13 13:19:00,1035,1035,1040,1035,0
2022-10-13 13:20:00,1035,1035,1040,1035,0
2022-10-13 13:21:00,1035,1035,1040,1035,0
2022-10-13 13:22:00,1035,1035,1040,1035,0
2022-10-13 13:23:00,1035,1035,1040,1035,0
2022-10-13 13:24:00,1035,1035,1040,1035,0
2022-10-13 13:25:00,1035,1035,1040,1035,0
2022-10-13 13:26:00,1035,1035,1040,1035,0
2022-10-13 13:27:00,1035,1035,1040,1035,0
2022-10-13 13:28:00,1035,1035,1040,1035,0
2022-10-13 13:29:00,1035,1035,1040,1035,0
2022-10-13 13:30:00,1035,1035,1040,1040,31000
2022-10-13 13:31:00,1040,1040,1040,1040,2200
2022-10-13 13:32:00,1040,1040,1040,1040,0
2022-10-13 13:33:00,1040,1040,1040,1040,0
2022-10-13 13:34:00,1035,1035,1040,1040,23700
2022-10-13 13:35:00,1035,1035,1040,1040,0
2022-10-13 13:36:00,1035,1035,1035,1035,0
2022-10-13 13:37:00,1035,1035,1040,1040,1000
2022-10-13 13:38:00,1035,1035,1035,1035,2700
2022-10-13 13:39:00,1035,1035,1040,1040,900
2022-10-13 13:40:00,1035,1035,1040,1040,0
2022-10-13 13:41:00,1035,1035,1040,1040,3000
2022-10-13 13:42:00,1035,1035,1040,1035,19200
2022-10-13 13:43:00,1035,1035,1035,1035,100
2022-10-13 13:44:00,1030,1030,1035,1030,182400
2022-10-13 13:45:00,1035,1035,1035,1035,108500
2022-10-13 13:46:00,1035,1030,1035,1030,20800
2022-10-13 13:47:00,1030,1030,1030,1030,19700
2022-10-13 13:48:00,1035,1035,1035,1035,57600
2022-10-13 13:49:00,1035,1035,1035,1035,0
2022-10-13 13:50:00,1030,1030,1030,1030,0
2022-10-13 13:51:00,1035,1035,1035,1035,100
2022-10-13 13:52:00,1035,1035,1035,1035,0
2022-10-13 13:53:00,1030,1030,1035,1030,58600
2022-10-13 13:54:00,1030,1030,1030,1030,58700
2022-10-13 13:55:00,1030,1030,1030,1030,0
2022-10-13 13:56:00,1030,1030,1030,1030,900
2022-10-13 13:57:00,1030,1030,1035,1035,7100
2022-10-13 13:58:00,1030,1030,1030,1030,700
2022-10-13 13:59:00,1030,1030,1030,1030,4800
2022-10-13 14:00:00,1030,1030,1030,1030,12600
2022-10-13 14:01:00,1030,1030,1030,1030,1100
2022-10-13 14:02:00,1030,1030,1030,1030,18800
2022-10-13 14:03:00,1030,1030,1035,1035,101600
2022-10-13 14:04:00,1035,1035,1035,1035,0
2022-10-13 14:05:00,1030,1030,1035,1035,314900
2022-10-13 14:06:00,1030,1030,1030,1030,316900
2022-10-13 14:07:00,1030,1030,1030,1030,0
2022-10-13 14:08:00,1030,1030,1030,1030,0
2022-10-13 14:09:00,1030,1030,1030,1030,458600
2022-10-13 14:10:00,1030,1025,1030,1025,413100
2022-10-13 14:11:00,1025,1025,1030,1030,6800
2022-10-13 14:12:00,1030,1030,1030,1030,1300
2022-10-13 14:13:00,1030,1025,1030,1030,118500
2022-10-13 14:14:00,1030,1030,1030,1030,0
2022-10-13 14:15:00,1030,1030,1030,1030,0
2022-10-13 14:16:00,1030,1030,1030,1030,9600
2022-10-13 14:17:00,1030,1030,1030,1030,0
2022-10-13 14:18:00,1030,1025,1030,1025,16900
2022-10-13 14:19:00,1025,1025,1030,1030,53400
2022-10-13 14:20:00,1030,1030,1035,1030,139000
2022-10-13 14:21:00,1030,1030,1030,1030,23600
2022-10-13 14:22:00,1030,1030,1030,1030,0
2022-10-13 14:23:00,1030,1030,1030,1030,0
2022-10-13 14:24:00,1030,1030,1035,1035,4400
2022-10-13 14:25:00,1035,1035,1035,1035,5000
2022-10-13 14:26:00,1030,1030,1035,1035,13100
2022-10-13 14:27:00,1035,1035,1035,1035,0
2022-10-13 14:28:00,1030,1030,1035,1035,41900
2022-10-13 14:29:00,1030,1030,1035,1035,0
2022-10-13 14:30:00,1030,1030,1035,1030,0
2022-10-13 14:31:00,1030,1030,1035,1035,0
2022-10-13 14:32:00,1035,1030,1035,1035,1100
2022-10-13 14:33:00,1035,1030,1035,1035,0
2022-10-13 14:34:00,1030,1030,1035,1035,2100
2022-10-13 14:35:00,1030,1030,1030,1030,865000
2022-10-13 14:36:00,1030,1025,1030,1025,1076600
2022-10-13 14:37:00,1025,1020,1025,1025,26800
2022-10-13 14:38:00,1020,1020,1025,1020,300
2022-10-13 14:39:00,1020,1020,1025,1025,42500
2022-10-13 14:40:00,1025,1020,1025,1025,16300
2022-10-13 14:41:00,1020,1020,1025,1025,4100
2022-10-13 14:42:00,1020,1015,1025,1020,1787900
2022-10-13 14:43:00,1015,1015,1015,1015,131000
2022-10-13 14:44:00,1015,1010,1015,1015,3200
2022-10-13 14:45:00,1010,1000,1015,1010,781000
2022-10-13 14:46:00,1010,1010,1010,1010,138100
2022-10-13 14:47:00,1010,1010,1015,1010,102000
2022-10-13 14:48:00,1010,1005,1010,1005,15200
2022-10-13 14:49:00,1010,1005,1010,1010,100600
2022-10-13 14:50:00,1010,1005,1010,1010,0
2022-10-13 14:51:00,1010,1005,1010,1010,0
2022-10-13 14:52:00,1010,1005,1010,1010,0
2022-10-13 14:53:00,1010,1005,1010,1010,0
2022-10-13 14:54:00,1010,1005,1010,1010,0
2022-10-13 14:55:00,1010,1005,1010,1010,0
2022-10-13 14:56:00,1010,1005,1010,1010,0
2022-10-13 14:57:00,1010,1005,1010,1010,0
2022-10-13 14:58:00,1010,1005,1010,1010,0
2022-10-13 14:59:00,1010,1005,1010,1010,0
2022-10-13 15:00:00,1045,1045,1045,1045,3200000
2022-10-13 15:01:00,1045,1045,1045,1045,28500
2022-10-13 15:02:00,1045,1045,1045,1045,0
2022-10-13 15:03:00,1045,1045,1045,1045,0
2022-10-13 15:04:00,1045,1045,1045,1045,0
2022-10-13 15:05:00,1045,1045,1045,1045,1500
2022-10-13 15:06:00,1045,1045,1045,1045,0
2022-10-13 15:07:00,1045,1045,1045,1045,5800
2022-10-13 15:08:00,1045,1045,1045,1045,24400
2022-10-13 15:09:00,1045,1045,1045,1045,194900
2022-10-13 15:10:00,1045,1045,1045,1045,0
2022-10-13 15:11:00,1045,1045,1045,1045,0
2022-10-13 15:12:00,1045,1045,1045,1045,60000
2022-10-13 15:13:00,1045,1045,1045,1045,763600
2022-10-13 15:14:00,1045,1045,1045,1045,47113900
2022-10-13 15:15:00,1045,1045,1045,1045,0
2022-10-13 15:16:00,1045,1045,1045,1045,0
2022-10-13 15:17:00,1045,1045,1045,1045,0
2022-10-13 15:18:00,1045,1045,1045,1045,0
2022-10-13 15:19:00,1045,1045,1045,1045,0
2022-10-13 15:20:00,1045,1045,1045,1045,0
2022-10-13 15:21:00,1045,1045,1045,1045,0
2022-10-13 15:22:00,1045,1045,1045,1045,0
2022-10-13 15:23:00,1045,1045,1045,1045,0
2022-10-13 15:24:00,1045,1045,1045,1045,0
2022-10-13 15:25:00,1045,1045,1045,1045,0
2022-10-13 15:26:00,1045,1045,1045,1045,0
2022-10-13 15:27:00,1045,1045,1045,1045,0
2022-10-13 15:28:00,1045,1045,1045,1045,0
2022-10-13 15:29:00,1045,1045,1045,1045,0
2022-10-13 15:30:00,1045,1045,1045,1045,0
2022-10-13 15:31:00,1045,1045,1045,1045,0
2022-10-13 15:32:00,1045,1045,1045,1045,0
2022-10-13 15:33:00,1045,1045,1045,1045,0
2022-10-13 15:34:00,1045,1045,1045,1045,0
2022-10-13 15:35:00,1045,1045,1045,1045,0
2022-10-13 15:36:00,1045,1045,1045,1045,0
2022-10-13 15:37:00,1045,1045,1045,1045,0
2022-10-13 15:38:00,1045,1045,1045,1045,0
2022-10-13 15:39:00,1045,1045,1045,1045,0
2022-10-13 15:40:00,1045,1045,1045,1045,0
2022-10-13 15:41:00,1045,1045,1045,1045,0
2022-10-13 15:42:00,1045,1045,1045,1045,0
2022-10-13 15:43:00,1045,1045,1045,1045,0
2022-10-13 15:44:00,1045,1045,1045,1045,0
2022-10-13 15:45:00,1045,1045,1045,1045,0
2022-10-13 15:46:00,1045,1045,1045,1045,0
2022-10-13 15:47:00,1045,1045,1045,1045,0
2022-10-13 15:48:00,1045,1045,1045,1045,0
2022-10-13 15:49:00,1045,1045,1045,1045,0
2022-10-13 15:50:00,1045,1045,1045,1045,0
2022-10-13 15:51:00,1045,1045,1045,1045,0
2022-10-13 15:52:00,1045,1045,1045,1045,0
2022-10-13 15:53:00,1045,1045,1045,1045,0
2022-10-13 15:54:00,1045,1045,1045,1045,0
2022-10-13 15:55:00,1045,1045,1045,1045,0
2022-10-13 15:56:00,1045,1045,1045,1045,0
2022-10-13 15:57:00,1045,1045,1045,1045,0
2022-10-13 15:58:00,1045,1045,1045,1045,0
2022-10-13 15:59:00,1045,1045,1045,1045,0
2022-10-14 09:00:00,1045,1030,1045,1040,0
2022-10-14 09:01:00,1040,1035,1040,1040,8100
2022-10-14 09:02:00,1040,1040,1040,1040,7700
2022-10-14 09:03:00,1040,1035,1040,1040,612300
2022-10-14 09:04:00,1035,1035,1045,1045,19926800
2022-10-14 09:05:00,1040,1040,1045,1040,499300
2022-10-14 09:06:00,1040,1040,1045,1045,208800
2022-10-14 09:07:00,1045,1045,1050,1050,126700
2022-10-14 09:08:00,1050,1050,1050,1050,63500
2022-10-14 09:09:00,1050,1050,1050,1050,78000
2022-10-14 09:10:00,1050,1050,1050,1050,5600
2022-10-14 09:11:00,1050,1045,1050,1050,53000
2022-10-14 09:12:00,1050,1050,1050,1050,0
2022-10-14 09:13:00,1050,1045,1050,1045,274400
2022-10-14 09:14:00,1045,1045,1050,1045,229700
2022-10-14 09:15:00,1045,1040,1045,1040,0
2022-10-14 09:16:00,1040,1040,1045,1045,32900
2022-10-14 09:17:00,1040,1040,1040,1040,143200
2022-10-14 09:18:00,1040,1040,1040,1040,2000
2022-10-14 09:19:00,1040,1040,1040,1040,7700
2022-10-14 09:20:00,1040,1040,1040,1040,10700
2022-10-14 09:21:00,1040,1035,1040,1035,100900
2022-10-14 09:22:00,1035,1030,1035,1035,322100
2022-10-14 09:23:00,1035,1030,1035,1030,14800
2022-10-14 09:24:00,1030,1015,1030,1030,436600
2022-10-14 09:25:00,1025,1025,1035,1030,157700
2022-10-14 09:26:00,1035,1035,1035,1035,53500
2022-10-14 09:27:00,1035,1035,1035,1035,0
2022-10-14 09:28:00,1035,1025,1035,1025,262000
2022-10-14 09:29:00,1030,1030,1035,1035,87500
2022-10-14 09:30:00,1035,1035,1035,1035,34400
2022-10-14 09:31:00,1040,1040,1040,1040,0
2022-10-14 09:32:00,1035,1035,1035,1035,28300
2022-10-14 09:33:00,1035,1035,1035,1035,978700
2022-10-14 09:34:00,1035,1035,1035,1035,0
2022-10-14 09:35:00,1035,1030,1035,1030,47800
2022-10-14 09:36:00,1030,1030,1035,1035,107400
2022-10-14 09:37:00,1035,1035,1040,1040,0
2022-10-14 09:38:00,1040,1035,1040,1040,163900
2022-10-14 09:39:00,1035,1035,1035,1035,93600
2022-10-14 09:40:00,1030,1030,1035,1030,244000
2022-10-14 09:41:00,1030,1030,1030,1030,1400
2022-10-14 09:42:00,1030,1020,1030,1025,703400
2022-10-14 09:43:00,1025,1025,1025,1025,1100
2022-10-14 09:44:00,1025,1020,1025,1025,2100
2022-10-14 09:45:00,1025,1025,1025,1025,2300
2022-10-14 09:46:00,1020,1020,1025,1025,3500
2022-10-14 09:47:00,1025,1025,1025,1025,4600
2022-10-14 09:48:00,1025,1025,1025,1025,15500
2022-10-14 09:49:00,1025,1025,1025,1025,0
2022-10-14 09:50:00,1025,1020,1025,1020,255900
2022-10-14 09:51:00,1020,1015,1020,1015,75200
2022-10-14 09:52:00,1015,1015,1020,1020,116700
2022-10-14 09:53:00,1020,1020,1020,1020,115400
2022-10-14 09:54:00,1025,1025,1025,1025,6000
2022-10-14 09:55:00,1025,1025,1025,1025,2600
2022-10-14 09:56:00,1025,1025,1025,1025,200
2022-10-14 09:57:00,1030,1025,1030,1025,48300
2022-10-14 09:58:00,1025,1025,1025,1025,0
2022-10-14 09:59:00,1030,1030,1030,1030,4700
2022-10-14 10:00:00,1025,1025,1025,1025,18600
2022-10-14 10:01:00,1025,1025,1025,1025,0
2022-10-14 10:02:00,1030,1030,1030,1030,23600
2022-10-14 10:03:00,1030,1030,1030,1030,0
2022-10-14 10:04:00,1030,1030,1030,1030,0
2022-10-14 10:05:00,1030,1030,1030,1030,0
2022-10-14 10:06:00,1030,1030,1030,1030,0
2022-10-14 10:07:00,1030,1030,1030,1030,30600
2022-10-14 10:08:00,1030,1025,1035,1035,26600
2022-10-14 10:09:00,1030,1025,1030,1025,14400
2022-10-14 10:10:00,1030,1025,1030,1025,0
2022-10-14 10:11:00,1030,1025,1030,1025,0
2022-10-14 10:12:00,1025,1025,1030,1025,76300
2022-10-14 10:13:00,1025,1025,1025,1025,20600
2022-10-14 10:14:00,1025,1020,1025,1020,271900
2022-10-14 10:15:00,1015,1015,1020,1020,63900
2022-10-14 10:16:00,1020,1020,1020,1020,9300
2022-10-14 10:17:00,1020,1015,1020,1020,11000
2022-10-14 10:18:00,1020,1020,1020,1020,200
2022-10-14 10:19:00,1020,1020,1020,1020,17300
2022-10-14 10:20:00,1020,1020,1020,1020,46300
2022-10-14 10:21:00,1025,1025,1025,1025,500
2022-10-14 10:22:00,1025,1025,1025,1025,23300
2022-10-14 10:23:00,1025,1025,1025,1025,0
2022-10-14 10:24:00,1025,1025,1025,1025,1600
2022-10-14 10:25:00,1025,1025,1025,1025,300
2022-10-14 10:26:00,1025,1025,1025,1025,3300
2022-10-14 10:27:00,1020,1020,1020,1020,17500
2022-10-14 10:28:00,1020,1020,1025,1025,0
2022-10-14 10:29:00,1025,1025,1025,1025,1000
2022-10-14 10:30:00,1020,1020,1020,1020,40200
2022-10-14 10:31:00,1025,1020,1025,1020,0
2022-10-14 10:32:00,1020,1015,1020,1015,649400
2022-10-14 10:33:00,1010,1010,1015,1015,15400
2022-10-14 10:34:00,1015,1010,1015,1010,30600
2022-10-14 10:35:00,1010,1010,1010,1010,20500
2022-10-14 10:36:00,1015,1015,1015,1015,354100
2022-10-14 10:37:00,1020,1020,1020,1020,900
2022-10-14 10:38:00,1025,1025,1025,1025,27200
2022-10-14 10:39:00,1025,1015,1025,1015,499100
2022-10-14 10:40:00,1025,1015,1025,1015,0
2022-10-14 10:41:00,1025,1015,1025,1015,0
2022-10-14 10:42:00,1025,1015,1025,1015,0
2022-10-14 10:43:00,1020,1020,1020,1020,31900
2022-10-14 10:44:00,1020,1020,1020,1020,1000
2022-10-14 10:45:00,1020,1020,1020,1020,0
2022-10-14 10:46:00,1020,1020,1020,1020,1000
2022-10-14 10:47:00,1020,1015,1020,1015,212100
2022-10-14 10:48:00,1015,1010,1015,1010,117900
2022-10-14 10:49:00,1015,1015,1015,1015,8500
2022-10-14 10:50:00,1010,1010,1015,1015,170500
2022-10-14 10:51:00,1015,1015,1015,1015,1000
2022-10-14 10:52:00,1015,1015,1015,1015,0
2022-10-14 10:53:00,1015,1015,1015,1015,0
2022-10-14 10:54:00,1015,1015,1015,1015,0
2022-10-14 10:55:00,1015,1015,1015,1015,107000
2022-10-14 10:56:00,1015,1015,1015,1015,0
2022-10-14 10:57:00,1020,1020,1020,1020,0
2022-10-14 10:58:00,1020,1020,1020,1020,600
2022-10-14 10:59:00,1020,1020,1020,1020,0
2022-10-14 11:00:00,1020,1015,1020,1015,32600
2022-10-14 11:01:00,1015,1015,1015,1015,0
2022-10-14 11:02:00,1015,1015,1015,1015,14800
2022-10-14 11:03:00,1015,1015,1015,1015,12300
2022-10-14 11:04:00,1015,1015,1015,1015,0
2022-10-14 11:05:00,1015,1015,1015,1015,12400
2022-10-14 11:06:00,1015,1015,1015,1015,0
2022-10-14 11:07:00,1015,1015,1015,1015,0
2022-10-14 11:08:00,1015,1015,1015,1015,67700
2022-10-14 11:09:00,1015,1015,1015,1015,0
2022-10-14 11:10:00,1015,1015,1015,1015,0
2022-10-14 11:11:00,1015,1015,1015,1015,2700
2022-10-14 11:12:00,1015,1015,1015,1015,0
2022-10-14 11:13:00,1020,1020,1020,1020,1200
2022-10-14 11:14:00,1020,1020,1020,1020,0
2022-10-14 11:15:00,1020,1020,1020,1020,0
2022-10-14 11:16:00,1015,1015,1015,1015,1300
2022-10-14 11:17:00,1020,1015,1020,1015,2700
2022-10-14 11:18:00,1020,1015,1020,1015,0
2022-10-14 11:19:00,1015,1015,1015,1015,5500
2022-10-14 11:20:00,1015,1015,1015,1015,0
2022-10-14 11:21:00,1015,1015,1015,1015,0
2022-10-14 11:22:00,1015,1005,1015,1005,905300
2022-10-14 11:23:00,1010,1010,1010,1010,120800
2022-10-14 11:24:00,1010,1010,1010,1010,294100
2022-10-14 11:25:00,1010,1010,1010,1010,0
2022-10-14 11:26:00,1010,1010,1010,1010,221200
2022-10-14 11:27:00,1010,1010,1010,1010,0
2022-10-14 11:28:00,1010,1010,1010,1010,38000
2022-10-14 11:29:00,1010,1005,1010,1010,27600
2022-10-14 11:30:00,1010,1005,1010,1010,0
2022-10-14 11:31:00,1010,1005,1010,1010,0
2022-10-14 11:32:00,1010,1005,1010,1010,0
2022-10-14 11:33:00,1010,1005,1010,1010,0
2022-10-14 11:34:00,1010,1005,1010,1010,0
2022-10-14 11:35:00,1010,1005,1010,1010,0
2022-10-14 11:36:00,1010,1005,1010,1010,0
2022-10-14 11:37:00,1010,1005,1010,1010,0
2022-10-14 11:38:00,1010,1005,1010,1010,0
2022-10-14 11:39:00,1010,1005,1010,1010,0
2022-10-14 11:40:00,1010,1005,1010,1010,0
2022-10-14 11:41:00,1010,1005,1010,1010,0
2022-10-14 11:42:00,1010,1005,1010,1010,0
2022-10-14 11:43:00,1010,1005,1010,1010,0
2022-10-14 11:44:00,1010,1005,1010,1010,0
2022-10-14 11:45:00,1010,1005,1010,1010,0
2022-10-14 11:46:00,1010,1005,1010,1010,0
2022-10-14 11:47:00,1010,1005,1010,1010,0
2022-10-14 11:48:00,1010,1005,1010,1010,0
2022-10-14 11:49:00,1010,1005,1010,1010,0
2022-10-14 11:50:00,1010,1005,1010,1010,0
2022-10-14 11:51:00,1010,1005,1010,1010,0
2022-10-14 11:52:00,1010,1005,1010,1010,0
2022-10-14 11:53:00,1010,1005,1010,1010,0
2022-10-14 11:54:00,1010,1005,1010,1010,0
2022-10-14 11:55:00,1010,1005,1010,1010,0
2022-10-14 11:56:00,1010,1005,1010,1010,0
2022-10-14 11:57:00,1010,1005,1010,1010,0
2022-10-14 11:58:00,1010,1005,1010,1010,0
2022-10-14 11:59:00,1010,1005,1010,1010,0
2022-10-14 12:00:00,1010,1005,1010,1010,0
2022-10-14 12:01:00,1010,1005,1010,1010,0
2022-10-14 12:02:00,1010,1005,1010,1010,0
2022-10-14 12:03:00,1010,1005,1010,1010,0
2022-10-14 12:04:00,1010,1005,1010,1010,0
2022-10-14 12:05:00,1010,1005,1010,1010,0
2022-10-14 12:06:00,1010,1005,1010,1010,0
2022-10-14 12:07:00,1010,1005,1010,1010,0
2022-10-14 12:08:00,1010,1005,1010,1010,0
2022-10-14 12:09:00,1010,1005,1010,1010,0
2022-10-14 12:10:00,1010,1005,1010,1010,0
2022-10-14 12:11:00,1010,1005,1010,1010,0
2022-10-14 12:12:00,1010,1005,1010,1010,0
2022-10-14 12:13:00,1010,1005,1010,1010,0
2022-10-14 12:14:00,1010,1005,1010,1010,0
2022-10-14 12:15:00,1010,1005,1010,1010,0
2022-10-14 12:16:00,1010,1005,1010,1010,0
2022-10-14 12:17:00,1010,1005,1010,1010,0
2022-10-14 12:18:00,1010,1005,1010,1010,0
2022-10-14 12:19:00,1010,1005,1010,1010,0
2022-10-14 12:20:00,1010,1005,1010,1010,0
2022-10-14 12:21:00,1010,1005,1010,1010,0
2022-10-14 12:22:00,1010,1005,1010,1010,0
2022-10-14 12:23:00,1010,1005,1010,1010,0
2022-10-14 12:24:00,1010,1005,1010,1010,0
2022-10-14 12:25:00,1010,1005,1010,1010,0
2022-10-14 12:26:00,1010,1005,1010,1010,0
2022-10-14 12:27:00,1010,1005,1010,1010,0
2022-10-14 12:28:00,1010,1005,1010,1010,0
2022-10-14 12:29:00,1010,1005,1010,1010,0
2022-10-14 12:30:00,1010,1005,1010,1010,0
2022-10-14 12:31:00,1010,1005,1010,1010,0
2022-10-14 12:32:00,1010,1005,1010,1010,0
2022-10-14 12:33:00,1010,1005,1010,1010,0
2022-10-14 12:34:00,1010,1005,1010,1010,0
2022-10-14 12:35:00,1010,1005,1010,1010,0
2022-10-14 12:36:00,1010,1005,1010,1010,0
2022-10-14 12:37:00,1010,1005,1010,1010,0
2022-10-14 12:38:00,1010,1005,1010,1010,0
2022-10-14 12:39:00,1010,1005,1010,1010,0
2022-10-14 12:40:00,1010,1005,1010,1010,0
2022-10-14 12:41:00,1010,1005,1010,1010,0
2022-10-14 12:42:00,1010,1005,1010,1010,0
2022-10-14 12:43:00,1010,1005,1010,1010,0
2022-10-14 12:44:00,1010,1005,1010,1010,0
2022-10-14 12:45:00,1010,1005,1010,1010,0
2022-10-14 12:46:00,1010,1005,1010,1010,0
2022-10-14 12:47:00,1010,1005,1010,1010,0
2022-10-14 12:48:00,1010,1005,1010,1010,0
2022-10-14 12:49:00,1010,1005,1010,1010,0
2022-10-14 12:50:00,1010,1005,1010,1010,0
2022-10-14 12:51:00,1010,1005,1010,1010,0
2022-10-14 12:52:00,1010,1005,1010,1010,0
2022-10-14 12:53:00,1010,1005,1010,1010,0
2022-10-14 12:54:00,1010,1005,1010,1010,0
2022-10-14 12:55:00,1010,1005,1010,1010,0
2022-10-14 12:56:00,1010,1005,1010,1010,0
2022-10-14 12:57:00,1010,1005,1010,1010,0
2022-10-14 12:58:00,1010,1005,1010,1010,0
2022-10-14 12:59:00,1010,1005,1010,1010,0
2022-10-14 13:00:00,1010,1005,1010,1010,0
2022-10-14 13:01:00,1010,1005,1010,1010,0
2022-10-14 13:02:00,1010,1005,1010,1010,0
2022-10-14 13:03:00,1010,1005,1010,1010,0
2022-10-14 13:04:00,1010,1005,1010,1010,0
2022-10-14 13:05:00,1010,1005,1010,1010,0
2022-10-14 13:06:00,1010,1005,1010,1010,0
2022-10-14 13:07:00,1010,1005,1010,1010,0
2022-10-14 13:08:00,1010,1005,1010,1010,0
2022-10-14 13:09:00,1010,1005,1010,1010,0
2022-10-14 13:10:00,1010,1005,1010,1010,0
2022-10-14 13:11:00,1010,1005,1010,1010,0
2022-10-14 13:12:00,1010,1005,1010,1010,0
2022-10-14 13:13:00,1010,1005,1010,1010,0
2022-10-14 13:14:00,1010,1005,1010,1010,0
2022-10-14 13:15:00,1010,1005,1010,1010,0
2022-10-14 13:16:00,1010,1005,1010,1010,0
2022-10-14 13:17:00,1010,1005,1010,1010,0
2022-10-14 13:18:00,1010,1005,1010,1010,0
2022-10-14 13:19:00,1010,1005,1010,1010,0
2022-10-14 13:20:00,1010,1005,1010,1010,0
2022-10-14 13:21:00,1010,1005,1010,1010,0
2022-10-14 13:22:00,1010,1005,1010,1010,0
2022-10-14 13:23:00,1010,1005,1010,1010,0
2022-10-14 13:24:00,1010,1005,1010,1010,0
2022-10-14 13:25:00,1010,1005,1010,1010,0
2022-10-14 13:26:00,1010,1005,1010,1010,0
2022-10-14 13:27:00,1010,1005,1010,1010,0
2022-10-14 13:28:00,1010,1005,1010,1010,0
2022-10-14 13:29:00,1010,1005,1010,1010,0
2022-10-14 13:30:00,1005,1000,1010,1000,1529700
2022-10-14 13:31:00,1005,1005,1005,1005,7200
2022-10-14 13:32:00,1005,1000,1005,1005,102900
2022-10-14 13:33:00,1005,1005,1005,1005,71900
2022-10-14 13:34:00,1005,1005,1005,1005,196400
2022-10-14 13:35:00,1005,1005,1005,1005,40500
2022-10-14 13:36:00,1005,1005,1005,1005,69000
2022-10-14 13:37:00,1005,1005,1005,1005,17500
2022-10-14 13:38:00,1005,1005,1010,1010,97400
2022-10-14 13:39:00,1010,1010,1010,1010,30900
2022-10-14 13:40:00,1010,1010,1010,1010,200
2022-10-14 13:41:00,1010,1010,1015,1015,130900
2022-10-14 13:42:00,1015,1015,1015,1015,49500
2022-10-14 13:43:00,1010,1010,1015,1010,51200
2022-10-14 13:44:00,1015,1015,1015,1015,1500
2022-10-14 13:45:00,1015,1015,1020,1020,26600
2022-10-14 13:46:00,1020,1015,1020,1015,52000
2022-10-14 13:47:00,1015,1015,1015,1015,0
2022-10-14 13:48:00,1015,1015,1015,1015,0
2022-10-14 13:49:00,1015,1015,1015,1015,0
2022-10-14 13:50:00,1015,1010,1015,1010,51400
2022-10-14 13:51:00,1015,1015,1020,1020,0
2022-10-14 13:52:00,1020,1020,1020,1020,100400
2022-10-14 13:53:00,1020,1020,1020,1020,0
2022-10-14 13:54:00,1020,1015,1020,1015,99900
2022-10-14 13:55:00,1015,1015,1015,1015,1200
2022-10-14 13:56:00,1015,1015,1020,1020,31700
2022-10-14 13:57:00,1015,1015,1020,1020,21100
2022-10-14 13:58:00,1015,1000,1020,1020,1216800
2022-10-14 13:59:00,1010,1005,1010,1010,8100
2022-10-14 14:00:00,1005,1000,1005,1005,259500
2022-10-14 14:01:00,1005,1005,1010,1010,100
2022-10-14 14:02:00,1005,1005,1010,1010,0
2022-10-14 14:03:00,1010,1005,1010,1005,59400
2022-10-14 14:04:00,1005,1005,1005,1005,0
2022-10-14 14:05:00,1005,1005,1005,1005,20200
2022-10-14 14:06:00,1005,1005,1005,1005,0
2022-10-14 14:07:00,1010,1005,1010,1005,0
2022-10-14 14:08:00,1010,1005,1010,1005,0
2022-10-14 14:09:00,1010,1010,1010,1010,0
2022-10-14 14:10:00,1010,1005,1010,1005,32300
2022-10-14 14:11:00,1010,1010,1010,1010,1200
2022-10-14 14:12:00,1005,1005,1010,1010,32400
2022-10-14 14:13:00,1010,1005,1010,1005,23400
2022-10-14 14:14:00,1005,1005,1010,1010,0
2022-10-14 14:15:00,1005,1005,1010,1010,0
2022-10-14 14:16:00,1010,1010,1010,1010,0
2022-10-14 14:17:00,1005,1005,1010,1010,121200
2022-10-14 14:18:00,1015,1010,1015,1010,0
2022-10-14 14:19:00,1015,1010,1015,1010,1600
2022-10-14 14:20:00,1015,1015,1015,1015,0
2022-10-14 14:21:00,1015,1010,1015,1010,131100
2022-10-14 14:22:00,1010,1010,1010,1010,100
2022-10-14 14:23:00,1010,1010,1010,1010,99900
2022-10-14 14:24:00,1005,1005,1005,1005,0
2022-10-14 14:25:00,1010,1005,1010,1005,40100
2022-10-14 14:26:00,1010,1005,1010,1005,309800
2022-10-14 14:27:00,1005,1005,1005,1005,0
2022-10-14 14:28:00,1000,1000,1005,1005,91900
2022-10-14 14:29:00,1000,1000,1005,1005,0
2022-10-14 14:30:00,1005,1005,1010,1005,0
2022-10-14 14:31:00,1005,1005,1005,1005,4900
2022-10-14 14:32:00,1010,1010,1010,1010,0
2022-10-14 14:33:00,1005,1005,1010,1005,278300
2022-10-14 14:34:00,1005,1000,1005,1000,4900
2022-10-14 14:35:00,1005,1000,1005,1005,13100
2022-10-14 14:36:00,1005,1000,1005,1000,722300
2022-10-14 14:37:00,995,995,1000,1000,36700
2022-10-14 14:38:00,1000,1000,1000,1000,56600
2022-10-14 14:39:00,1000,1000,1000,1000,29200
2022-10-14 14:40:00,1005,1000,1005,1000,300
2022-10-14 14:41:00,1005,1000,1005,1000,270500
2022-10-14 14:42:00,1000,995,1000,1000,134100
2022-10-14 14:43:00,1000,1000,1000,1000,74400
2022-10-14 14:44:00,1000,995,1000,995,43600
2022-10-14 14:45:00,995,995,1000,995,5700
2022-10-14 14:46:00,1000,995,1000,995,605000
2022-10-14 14:47:00,995,990,995,995,357100
2022-10-14 14:48:00,995,990,1000,1000,77200
2022-10-14 14:49:00,995,990,995,990,806900
2022-10-14 14:50:00,995,990,995,990,0
2022-10-14 14:51:00,995,990,995,990,0
2022-10-14 14:52:00,995,990,995,990,0
2022-10-14 14:53:00,995,990,995,990,0
2022-10-14 14:54:00,995,990,995,990,0
2022-10-14 14:55:00,995,990,995,990,0
2022-10-14 14:56:00,995,990,995,990,0
2022-10-14 14:57:00,995,990,995,990,0
2022-10-14 14:58:00,995,990,995,990,0
2022-10-14 14:59:00,995,990,995,990,0
2022-10-14 15:00:00,975,975,975,975,6278100
2022-10-14 15:01:00,975,975,975,975,212100
2022-10-14 15:02:00,975,975,975,975,20400
2022-10-14 15:03:00,975,975,975,975,472500
2022-10-14 15:04:00,975,975,975,975,0
2022-10-14 15:05:00,975,975,975,975,10500
2022-10-14 15:06:00,975,975,975,975,54400
2022-10-14 15:07:00,975,975,975,975,11400
2022-10-14 15:08:00,975,975,975,975,29400
2022-10-14 15:09:00,975,975,975,975,11100
2022-10-14 15:10:00,975,975,975,975,54000
2022-10-14 15:11:00,975,975,975,975,4400
2022-10-14 15:12:00,975,975,975,975,8900
2022-10-14 15:13:00,975,975,975,975,4700
2022-10-14 15:14:00,975,975,975,975,11300
2022-10-14 15:15:00,975,975,975,975,0
2022-10-14 15:16:00,975,975,975,975,0
2022-10-14 15:17:00,975,975,975,975,0
2022-10-14 15:18:00,975,975,975,975,0
2022-10-14 15:19:00,975,975,975,975,0
2022-10-14 15:20:00,975,975,975,975,0
2022-10-14 15:21:00,975,975,975,975,0
2022-10-14 15:22:00,975,975,975,975,0
2022-10-14 15:23:00,975,975,975,975,0
2022-10-14 15:24:00,975,975,975,975,0
2022-10-14 15:25:00,975,975,975,975,0
2022-10-14 15:26:00,975,975,975,975,0
2022-10-14 15:27:00,975,975,975,975,0
2022-10-14 15:28:00,975,975,975,975,0
2022-10-14 15:29:00,975,975,975,975,0
2022-10-14 15:30:00,975,975,975,975,0
2022-10-14 15:31:00,975,975,975,975,0
2022-10-14 15:32:00,975,975,975,975,0
2022-10-14 15:33:00,975,975,975,975,0
2022-10-14 15:34:00,975,975,975,975,0
2022-10-14 15:35:00,975,975,975,975,0
2022-10-14 15:36:00,975,975,975,975,0
2022-10-14 15:37:00,975,975,975,975,0
2022-10-14 15:38:00,975,975,975,975,0
2022-10-14 15:39:00,975,975,975,975,0
2022-10-14 15:40:00,975,975,975,975,0
2022-10-14 15:41:00,975,975,975,975,0
2022-10-14 15:42:00,975,975,975,975,0
2022-10-14 15:43:00,975,975,975,975,0
2022-10-14 15:44:00,975,975,975,975,0
2022-10-14 15:45:00,975,975,975,975,0
2022-10-14 15:46:00,975,975,975,975,0
2022-10-14 15:47:00,975,975,975,975,0
2022-10-14 15:48:00,975,975,975,975,0
2022-10-14 15:49:00,975,975,975,975,0
2022-10-14 15:50:00,975,975,975,975,0
2022-10-14 15:51:00,975,975,975,975,0
2022-10-14 15:52:00,975,975,975,975,0
2022-10-14 15:53:00,975,975,975,975,0
2022-10-14 15:54:00,975,975,975,975,0
2022-10-14 15:55:00,975,975,975,975,0
2022-10-14 15:56:00,975,975,975,975,0
2022-10-14 15:57:00,975,975,975,975,0
2022-10-14 15:58:00,975,975,975,975,0
2022-10-14 15:59:00,975,975,975,975,0
2022-10-17 09:00:00,965,950,970,955,0
2022-10-17 09:01:00,950,950,970,970,417100
2022-10-17 09:02:00,970,965,970,970,32600
2022-10-17 09:03:00,975,965,975,975,157800
2022-10-17 09:04:00,975,970,975,970,33600
2022-10-17 09:05:00,970,965,975,965,10135300
2022-10-17 09:06:00,965,965,980,965,10373400
2022-10-17 09:07:00,965,965,985,980,167100
2022-10-17 09:08:00,980,975,980,975,139500
2022-10-17 09:09:00,970,965,970,965,108600
2022-10-17 09:10:00,965,965,970,970,14500
2022-10-17 09:11:00,970,970,970,970,2800
2022-10-17 09:12:00,965,965,970,965,26800
2022-10-17 09:13:00,965,960,965,960,52400
2022-10-17 09:14:00,960,955,965,960,210500
2022-10-17 09:15:00,955,955,965,960,0
2022-10-17 09:16:00,960,955,960,960,29500
2022-10-17 09:17:00,960,960,965,960,3900
2022-10-17 09:18:00,960,955,960,955,58300
2022-10-17 09:19:00,960,960,960,960,93600
2022-10-17 09:20:00,960,960,960,960,2000
2022-10-17 09:21:00,965,955,965,955,48600
2022-10-17 09:22:00,955,955,960,955,101400
2022-10-17 09:23:00,960,960,965,960,35600
2022-10-17 09:24:00,960,960,960,960,2000
2022-10-17 09:25:00,965,960,965,960,17100
2022-10-17 09:26:00,965,955,965,955,233900
2022-10-17 09:27:00,955,955,955,955,1000
2022-10-17 09:28:00,955,950,960,950,187700
2022-10-17 09:29:00,950,950,950,950,132300
2022-10-17 09:30:00,950,950,950,950,24800
2022-10-17 09:31:00,950,945,950,945,121800
2022-10-17 09:32:00,945,945,945,945,133700
2022-10-17 09:33:00,945,940,945,940,120600
2022-10-17 09:34:00,945,945,950,950,135600
2022-10-17 09:35:00,950,945,950,945,0
2022-10-17 09:36:00,950,945,950,945,67900
2022-10-17 09:37:00,945,945,950,950,47200
2022-10-17 09:38:00,945,945,945,945,30600
2022-10-17 09:39:00,945,945,945,945,117500
2022-10-17 09:40:00,945,945,945,945,140200
2022-10-17 09:41:00,945,945,945,945,171000
2022-10-17 09:42:00,945,945,945,945,50000
2022-10-17 09:43:00,945,945,945,945,0
2022-10-17 09:44:00,945,945,945,945,100000
2022-10-17 09:45:00,945,945,950,950,45200
2022-10-17 09:46:00,945,945,945,945,38300
2022-10-17 09:47:00,945,945,945,945,2300
2022-10-17 09:48:00,945,945,945,945,0
2022-10-17 09:49:00,945,945,950,950,28500
2022-10-17 09:50:00,945,945,950,950,2100
2022-10-17 09:51:00,950,950,950,950,500
2022-10-17 09:52:00,950,945,955,955,413700
2022-10-17 09:53:00,955,955,955,955,2300
2022-10-17 09:54:00,955,955,955,955,18400
2022-10-17 09:55:00,955,950,955,950,41200
2022-10-17 09:56:00,955,950,955,950,0
2022-10-17 09:57:00,950,950,955,950,30600
2022-10-17 09:58:00,950,950,950,950,145900
2022-10-17 09:59:00,950,950,950,950,0
2022-10-17 10:00:00,950,950,950,950,8300
2022-10-17 10:01:00,950,950,950,950,11100
2022-10-17 10:02:00,950,950,955,955,168000
2022-10-17 10:03:00,955,945,955,950,291000
2022-10-17 10:04:00,950,950,950,950,46600
2022-10-17 10:05:00,950,950,950,950,0
2022-10-17 10:06:00,950,950,950,950,1500
2022-10-17 10:07:00,950,950,950,950,56000
2022-10-17 10:08:00,955,955,955,955,0
2022-10-17 10:09:00,955,955,955,955,2200
2022-10-17 10:10:00,955,950,955,955,22700
2022-10-17 10:11:00,955,955,955,955,14900
2022-10-17 10:12:00,955,955,955,955,0
2022-10-17 10:13:00,955,955,955,955,5300
2022-10-17 10:14:00,955,955,960,960,2800
2022-10-17 10:15:00,960,955,960,955,37100
2022-10-17 10:16:00,955,955,955,955,102100
2022-10-17 10:17:00,955,950,955,950,0
2022-10-17 10:18:00,955,955,955,955,600
2022-10-17 10:19:00,950,950,950,950,2000
2022-10-17 10:20:00,950,950,950,950,4000
2022-10-17 10:21:00,950,950,950,950,118600
2022-10-17 10:22:00,950,950,950,950,0
2022-10-17 10:23:00,950,950,950,950,5700
2022-10-17 10:24:00,950,950,950,950,8000
2022-10-17 10:25:00,955,955,955,955,0
2022-10-17 10:26:00,950,950,950,950,9400
2022-10-17 10:27:00,950,950,950,950,0
2022-10-17 10:28:00,950,950,950,950,0
2022-10-17 10:29:00,950,950,950,950,14400
2022-10-17 10:30:00,950,950,950,950,0
2022-10-17 10:31:00,950,950,950,950,67700
2022-10-17 10:32:00,950,950,950,950,0
2022-10-17 10:33:00,950,950,950,950,30300
2022-10-17 10:34:00,950,950,950,950,71500
2022-10-17 10:35:00,955,955,955,955,0
2022-10-17 10:36:00,955,950,955,950,100
2022-10-17 10:37:00,950,950,950,950,400
2022-10-17 10:38:00,950,950,950,950,22400
2022-10-17 10:39:00,950,950,950,950,0
2022-10-17 10:40:00,950,950,950,950,21400
2022-10-17 10:41:00,950,950,950,950,0
2022-10-17 10:42:00,955,950,955,950,61200
2022-10-17 10:43:00,950,950,950,950,124000
2022-10-17 10:44:00,950,950,950,950,0
2022-10-17 10:45:00,950,945,950,945,100000
2022-10-17 10:46:00,945,945,945,945,195900
2022-10-17 10:47:00,945,945,945,945,0
2022-10-17 10:48:00,950,945,950,950,0
2022-10-17 10:49:00,945,945,945,945,9700
2022-10-17 10:50:00,945,945,945,945,48300
2022-10-17 10:51:00,945,945,945,945,0
2022-10-17 10:52:00,950,950,950,950,2400
2022-10-17 10:53:00,945,945,945,945,25500
2022-10-17 10:54:00,945,945,945,945,0
2022-10-17 10:55:00,945,945,945,945,30700
2022-10-17 10:56:00,945,945,945,945,3100
2022-10-17 10:57:00,945,945,945,945,10600
2022-10-17 10:58:00,945,945,945,945,11800
2022-10-17 10:59:00,945,945,945,945,0
2022-10-17 11:00:00,950,950,950,950,1200
2022-10-17 11:01:00,945,945,945,945,0
2022-10-17 11:02:00,950,950,950,950,31400
2022-10-17 11:03:00,950,950,950,950,0
2022-10-17 11:04:00,945,945,945,945,3400
2022-10-17 11:05:00,945,945,945,945,0
2022-10-17 11:06:00,945,945,945,945,1200
2022-10-17 11:07:00,950,950,955,955,436200
2022-10-17 11:08:00,955,955,960,960,10900
2022-10-17 11:09:00,955,955,960,960,206400
2022-10-17 11:10:00,955,955,960,960,0
2022-10-17 11:11:00,960,960,960,960,1000
2022-10-17 11:12:00,960,960,960,960,10200
2022-10-17 11:13:00,960,960,960,960,0
2022-10-17 11:14:00,955,955,955,955,28400
2022-10-17 11:15:00,955,955,955,955,5300
2022-10-17 11:16:00,955,955,955,955,14700
2022-10-17 11:17:00,950,950,950,950,3200
2022-10-17 11:18:00,955,955,955,955,200
2022-10-17 11:19:00,955,955,955,955,0
2022-10-17 11:20:00,955,950,955,950,300
2022-10-17 11:21:00,950,950,950,950,100
2022-10-17 11:22:00,950,950,950,950,1600
2022-10-17 11:23:00,950,950,955,950,178200
2022-10-17 11:24:00,950,950,955,950,0
2022-10-17 11:25:00,950,945,950,945,15700
2022-10-17 11:26:00,950,950,950,950,0
2022-10-17 11:27:00,950,945,950,950,6400
2022-10-17 11:28:00,950,945,950,950,0
2022-10-17 11:29:00,945,945,945,945,1000
2022-10-17 11:30:00,945,945,945,945,0
2022-10-17 11:31:00,945,945,945,945,0
2022-10-17 11:32:00,945,945,945,945,0
2022-10-17 11:33:00,945,945,945,945,0
2022-10-17 11:34:00,945,945,945,945,0
2022-10-17 11:35:00,945,945,945,945,0
2022-10-17 11:36:00,945,945,945,945,0
2022-10-17 11:37:00,945,945,945,945,0
2022-10-17 11:38:00,945,945,945,945,0
2022-10-17 11:39:00,945,945,945,945,0
2022-10-17 11:40:00,945,945,945,945,0
2022-10-17 11:41:00,945,945,945,945,0
2022-10-17 11:42:00,945,945,945,945,0
2022-10-17 11:43:00,945,945,945,945,0
2022-10-17 11:44:00,945,945,945,945,0
2022-10-17 11:45:00,945,945,945,945,0
2022-10-17 11:46:00,945,945,945,945,0
2022-10-17 11:47:00,945,945,945,945,0
2022-10-17 11:48:00,945,945,945,945,0
2022-10-17 11:49:00,945,945,945,945,0
2022-10-17 11:50:00,945,945,945,945,0
2022-10-17 11:51:00,945,945,945,945,0
2022-10-17 11:52:00,945,945,945,945,0
2022-10-17 11:53:00,945,945,945,945,0
2022-10-17 11:54:00,945,945,945,945,0
2022-10-17 11:55:00,945,945,945,945,0
2022-10-17 11:56:00,945,945,945,945,0
2022-10-17 11:57:00,945,945,945,945,0
2022-10-17 11:58:00,945,945,945,945,0
2022-10-17 11:59:00,945,945,945,945,0
2022-10-17 12:00:00,945,945,945,945,0
2022-10-17 12:01:00,945,945,945,945,0
2022-10-17 12:02:00,945,945,945,945,0
2022-10-17 12:03:00,945,945,945,945,0
2022-10-17 12:04:00,945,945,945,945,0
2022-10-17 12:05:00,945,945,945,945,0
2022-10-17 12:06:00,945,945,945,945,0
2022-10-17 12:07:00,945,945,945,945,0
2022-10-17 12:08:00,945,945,945,945,0
2022-10-17 12:09:00,945,945,945,945,0
2022-10-17 12:10:00,945,945,945,945,0
2022-10-17 12:11:00,945,945,945,945,0
2022-10-17 12:12:00,945,945,945,945,0
2022-10-17 12:13:00,945,945,945,945,0
2022-10-17 12:14:00,945,945,945,945,0
2022-10-17 12:15:00,945,945,945,945,0
2022-10-17 12:16:00,945,945,945,945,0
2022-10-17 12:17:00,945,945,945,945,0
2022-10-17 12:18:00,945,945,945,945,0
2022-10-17 12:19:00,945,945,945,945,0
2022-10-17 12:20:00,945,945,945,945,0
2022-10-17 12:21:00,945,945,945,945,0
2022-10-17 12:22:00,945,945,945,945,0
2022-10-17 12:23:00,945,945,945,945,0
2022-10-17 12:24:00,945,945,945,945,0
2022-10-17 12:25:00,945,945,945,945,0
2022-10-17 12:26:00,945,945,945,945,0
2022-10-17 12:27:00,945,945,945,945,0
2022-10-17 12:28:00,945,945,945,945,0
2022-10-17 12:29:00,945,945,945,945,0
2022-10-17 12:30:00,945,945,945,945,0
2022-10-17 12:31:00,945,945,945,945,0
2022-10-17 12:32:00,945,945,945,945,0
2022-10-17 12:33:00,945,945,945,945,0
2022-10-17 12:34:00,945,945,945,945,0
2022-10-17 12:35:00,945,945,945,945,0
2022-10-17 12:36:00,945,945,945,945,0
2022-10-17 12:37:00,945,945,945,945,0
2022-10-17 12:38:00,945,945,945,945,0
2022-10-17 12:39:00,945,945,945,945,0
2022-10-17 12:40:00,945,945,945,945,0
2022-10-17 12:41:00,945,945,945,945,0
2022-10-17 12:42:00,945,945,945,945,0
2022-10-17 12:43:00,945,945,945,945,0
2022-10-17 12:44:00,945,945,945,945,0
2022-10-17 12:45:00,945,945,945,945,0
2022-10-17 12:46:00,945,945,945,945,0
2022-10-17 12:47:00,945,945,945,945,0
2022-10-17 12:48:00,945,945,945,945,0
2022-10-17 12:49:00,945,945,945,945,0
2022-10-17 12:50:00,945,945,945,945,0
2022-10-17 12:51:00,945,945,945,945,0
2022-10-17 12:52:00,945,945,945,945,0
2022-10-17 12:53:00,945,945,945,945,0
2022-10-17 12:54:00,945,945,945,945,0
2022-10-17 12:55:00,945,945,945,945,0
2022-10-17 12:56:00,945,945,945,945,0
2022-10-17 12:57:00,945,945,945,945,0
2022-10-17 12:58:00,945,945,945,945,0
2022-10-17 12:59:00,945,945,945,945,0
2022-10-17 13:00:00,945,945,945,945,0
2022-10-17 13:01:00,945,945,945,945,0
2022-10-17 13:02:00,945,945,945,945,0
2022-10-17 13:03:00,945,945,945,945,0
2022-10-17 13:04:00,945,945,945,945,0
2022-10-17 13:05:00,945,945,945,945,0
2022-10-17 13:06:00,945,945,945,945,0
2022-10-17 13:07:00,945,945,945,945,0
2022-10-17 13:08:00,945,945,945,945,0
2022-10-17 13:09:00,945,945,945,945,0
2022-10-17 13:10:00,945,945,945,945,0
2022-10-17 13:11:00,945,945,945,945,0
2022-10-17 13:12:00,945,945,945,945,0
2022-10-17 13:13:00,945,945,945,945,0
2022-10-17 13:14:00,945,945,945,945,0
2022-10-17 13:15:00,945,945,945,945,0
2022-10-17 13:16:00,945,945,945,945,0
2022-10-17 13:17:00,945,945,945,945,0
2022-10-17 13:18:00,945,945,945,945,0
2022-10-17 13:19:00,945,945,945,945,0
2022-10-17 13:20:00,945,945,945,945,0
2022-10-17 13:21:00,945,945,945,945,0
2022-10-17 13:22:00,945,945,945,945,0
2022-10-17 13:23:00,945,945,945,945,0
2022-10-17 13:24:00,945,945,945,945,0
2022-10-17 13:25:00,945,945,945,945,0
2022-10-17 13:26:00,945,945,945,945,0
2022-10-17 13:27:00,945,945,945,945,0
2022-10-17 13:28:00,945,945,945,945,0
2022-10-17 13:29:00,945,945,945,945,0
2022-10-17 13:30:00,945,945,950,945,190300
2022-10-17 13:31:00,950,950,950,950,0
2022-10-17 13:32:00,950,950,950,950,3000
2022-10-17 13:33:00,950,950,950,950,8600
2022-10-17 13:34:00,945,945,945,945,89400
2022-10-17 13:35:00,945,945,945,945,0
2022-10-17 13:36:00,945,945,950,945,7500
2022-10-17 13:37:00,950,945,950,945,16500
2022-10-17 13:38:00,945,945,945,945,0
2022-10-17 13:39:00,945,945,945,945,209500
2022-10-17 13:40:00,945,945,945,945,0
2022-10-17 13:41:00,945,945,945,945,0
2022-10-17 13:42:00,945,945,950,950,10000
2022-10-17 13:43:00,950,950,950,950,800
2022-10-17 13:44:00,950,945,950,945,500
2022-10-17 13:45:00,945,945,950,945,2100
2022-10-17 13:46:00,945,945,945,945,1900
2022-10-17 13:47:00,950,950,950,950,63800
2022-10-17 13:48:00,950,950,950,950,0
2022-10-17 13:49:00,945,945,950,950,3000
2022-10-17 13:50:00,950,950,950,950,0
2022-10-17 13:51:00,950,950,950,950,200
2022-10-17 13:52:00,950,950,950,950,1900
2022-10-17 13:53:00,950,950,950,950,1300
2022-10-17 13:54:00,950,950,960,960,421700
2022-10-17 13:55:00,960,955,960,955,72400
2022-10-17 13:56:00,960,955,960,955,29500
2022-10-17 13:57:00,960,955,960,960,19900
2022-10-17 13:58:00,960,960,960,960,69300
2022-10-17 13:59:00,960,960,965,965,0
2022-10-17 14:00:00,965,965,965,965,2300
2022-10-17 14:01:00,965,965,965,965,0
2022-10-17 14:02:00,965,965,965,965,5100
2022-10-17 14:03:00,960,960,965,965,27500
2022-10-17 14:04:00,965,965,965,965,237800
2022-10-17 14:05:00,965,960,965,960,297600
2022-10-17 14:06:00,965,965,970,970,10800
2022-10-17 14:07:00,970,970,970,970,7700
2022-10-17 14:08:00,965,965,965,965,0
2022-10-17 14:09:00,965,965,970,970,5500
2022-10-17 14:10:00,970,970,970,970,0
2022-10-17 14:11:00,970,970,970,970,0
2022-10-17 14:12:00,970,970,970,970,100
2022-10-17 14:13:00,965,965,965,965,100
2022-10-17 14:14:00,965,965,965,965,43500
2022-10-17 14:15:00,965,965,965,965,0
2022-10-17 14:16:00,965,965,970,965,2700
2022-10-17 14:17:00,965,965,965,965,0
2022-10-17 14:18:00,965,965,965,965,1900
2022-10-17 14:19:00,965,965,965,965,94600
2022-10-17 14:20:00,965,965,965,965,83300
2022-10-17 14:21:00,965,960,965,960,2800
2022-10-17 14:22:00,965,960,965,960,0
2022-10-17 14:23:00,960,960,960,960,8400
2022-10-17 14:24:00,960,960,960,960,28100
2022-10-17 14:25:00,960,960,960,960,0
2022-10-17 14:26:00,960,960,960,960,3400
2022-10-17 14:27:00,960,960,960,960,0
2022-10-17 14:28:00,960,960,960,960,0
2022-10-17 14:29:00,960,960,960,960,500
2022-10-17 14:30:00,960,960,960,960,0
2022-10-17 14:31:00,960,960,960,960,23600
2022-10-17 14:32:00,960,960,965,965,0
2022-10-17 14:33:00,965,965,965,965,10100
2022-10-17 14:34:00,965,965,965,965,0
2022-10-17 14:35:00,965,960,965,965,30600
2022-10-17 14:36:00,960,960,960,960,9200
2022-10-17 14:37:00,960,960,960,960,9500
2022-10-17 14:38:00,965,965,965,965,0
2022-10-17 14:39:00,960,960,960,960,177400
2022-10-17 14:40:00,960,955,960,960,127400
2022-10-17 14:41:00,955,955,960,960,16700
2022-10-17 14:42:00,960,960,960,960,100
2022-10-17 14:43:00,960,960,960,960,13600
2022-10-17 14:44:00,960,960,960,960,6600
2022-10-17 14:45:00,960,960,965,965,294000
2022-10-17 14:46:00,965,960,965,965,19400
2022-10-17 14:47:00,965,960,965,960,0
2022-10-17 14:48:00,960,960,965,965,205800
2022-10-17 14:49:00,965,960,965,960,171900
2022-10-17 14:50:00,965,960,965,960,0
2022-10-17 14:51:00,965,960,965,960,0
2022-10-17 14:52:00,965,960,965,960,0
2022-10-17 14:53:00,965,960,965,960,0
2022-10-17 14:54:00,965,960,965,960,0
2022-10-17 14:55:00,965,960,965,960,0
2022-10-17 14:56:00,965,960,965,960,0
2022-10-17 14:57:00,965,960,965,960,0
2022-10-17 14:58:00,965,960,965,960,0
2022-10-17 14:59:00,965,960,965,960,0
2022-10-17 15:00:00,955,955,955,955,2205600
2022-10-17 15:01:00,955,955,955,955,251200
2022-10-17 15:02:00,955,955,955,955,10500
2022-10-17 15:03:00,955,955,955,955,3800
2022-10-17 15:04:00,955,955,955,955,24100
2022-10-17 15:05:00,955,955,955,955,0
2022-10-17 15:06:00,955,955,955,955,0
2022-10-17 15:07:00,955,955,955,955,0
2022-10-17 15:08:00,955,955,955,955,21000
2022-10-17 15:09:00,955,955,955,955,0
2022-10-17 15:10:00,955,955,955,955,12000
2022-10-17 15:11:00,955,955,955,955,5000
2022-10-17 15:12:00,955,955,955,955,0
2022-10-17 15:13:00,955,955,955,955,2000
2022-10-17 15:14:00,955,955,955,955,33380000
2022-10-17 15:15:00,955,955,955,955,0
2022-10-17 15:16:00,955,955,955,955,0
2022-10-17 15:17:00,955,955,955,955,0
2022-10-17 15:18:00,955,955,955,955,0
2022-10-17 15:19:00,955,955,955,955,0
2022-10-17 15:20:00,955,955,955,955,0
2022-10-17 15:21:00,955,955,955,955,0
2022-10-17 15:22:00,955,955,955,955,0
2022-10-17 15:23:00,955,955,955,955,0
2022-10-17 15:24:00,955,955,955,955,0
2022-10-17 15:25:00,955,955,955,955,0
2022-10-17 15:26:00,955,955,955,955,0
2022-10-17 15:27:00,955,955,955,955,0
2022-10-17 15:28:00,955,955,955,955,0
2022-10-17 15:29:00,955,955,955,955,0
2022-10-17 15:30:00,955,955,955,955,0
2022-10-17 15:31:00,955,955,955,955,0
2022-10-17 15:32:00,955,955,955,955,0
2022-10-17 15:33:00,955,955,955,955,0
2022-10-17 15:34:00,955,955,955,955,0
2022-10-17 15:35:00,955,955,955,955,0
2022-10-17 15:36:00,955,955,955,955,0
2022-10-17 15:37:00,955,955,955,955,0
2022-10-17 15:38:00,955,955,955,955,0
2022-10-17 15:39:00,955,955,955,955,0
2022-10-17 15:40:00,955,955,955,955,0
2022-10-17 15:41:00,955,955,955,955,0
2022-10-17 15:42:00,955,955,955,955,0
2022-10-17 15:43:00,955,955,955,955,0
2022-10-17 15:44:00,955,955,955,955,0
2022-10-17 15:45:00,955,955,955,955,0
2022-10-17 15:46:00,955,955,955,955,0
2022-10-17 15:47:00,955,955,955,955,0
2022-10-17 15:48:00,955,955,955,955,0
2022-10-17 15:49:00,955,955,955,955,0
2022-10-17 15:50:00,955,955,955,955,0
2022-10-17 15:51:00,955,955,955,955,0
2022-10-17 15:52:00,955,955,955,955,0
2022-10-17 15:53:00,955,955,955,955,0
2022-10-17 15:54:00,955,955,955,955,0
2022-10-17 15:55:00,955,955,955,955,0
2022-10-17 15:56:00,955,955,955,955,0
2022-10-17 15:57:00,955,955,955,955,0
2022-10-17 15:58:00,955,955,955,955,0
2022-10-17 15:59:00,955,955,955,955,0
2022-10-18 09:00:00,955,955,955,955,0
2022-10-18 09:01:00,955,955,955,955,2100
2022-10-18 09:02:00,960,960,965,965,1084900
2022-10-18 09:03:00,960,960,965,965,772500
2022-10-18 09:04:00,965,960,965,960,722000
2022-10-18 09:05:00,960,960,970,970,86500
2022-10-18 09:06:00,965,965,970,970,1113400
2022-10-18 09:07:00,970,970,970,970,1700
2022-10-18 09:08:00,970,965,970,965,494600
2022-10-18 09:09:00,965,960,965,965,360800
2022-10-18 09:10:00,965,965,965,965,0
2022-10-18 09:11:00,965,965,965,965,38400
2022-10-18 09:12:00,965,965,975,975,579700
2022-10-18 09:13:00,975,970,975,970,176900
2022-10-18 09:14:00,970,970,975,970,218200
2022-10-18 09:15:00,975,975,975,975,482600
2022-10-18 09:16:00,980,980,980,980,59500
2022-10-18 09:17:00,980,975,980,980,265400
2022-10-18 09:18:00,980,975,980,975,142900
2022-10-18 09:19:00,975,975,980,980,852300
2022-10-18 09:20:00,980,975,985,985,288900
2022-10-18 09:21:00,985,980,985,985,55800
2022-10-18 09:22:00,985,980,985,985,737500
2022-10-18 09:23:00,990,985,990,990,121400
2022-10-18 09:24:00,990,985,990,985,358900
2022-10-18 09:25:00,990,985,990,985,19100
2022-10-18 09:26:00,985,985,990,990,6200
2022-10-18 09:27:00,990,985,990,990,515100
2022-10-18 09:28:00,990,985,990,985,72700
2022-10-18 09:29:00,985,985,990,985,10100
2022-10-18 09:30:00,985,985,990,985,301000
2022-10-18 09:31:00,985,985,985,985,191400
2022-10-18 09:32:00,985,985,985,985,10112600
2022-10-18 09:33:00,985,980,985,985,66300
2022-10-18 09:34:00,985,985,990,985,10335400
2022-10-18 09:35:00,985,985,990,990,26100
2022-10-18 09:36:00,990,985,990,985,4300
2022-10-18 09:37:00,985,985,990,985,91400
2022-10-18 09:38:00,990,985,990,985,246500
2022-10-18 09:39:00,985,985,985,985,173200
2022-10-18 09:40:00,985,985,985,985,12800
2022-10-18 09:41:00,985,985,985,985,48000
2022-10-18 09:42:00,985,985,985,985,0
2022-10-18 09:43:00,990,985,990,990,14100
2022-10-18 09:44:00,990,990,990,990,1100
2022-10-18 09:45:00,990,990,990,990,111900
2022-10-18 09:46:00,990,990,990,990,509700
2022-10-18 09:47:00,995,990,995,990,15000
2022-10-18 09:48:00,990,990,995,995,7200
2022-10-18 09:49:00,995,995,995,995,6700
2022-10-18 09:50:00,995,990,995,995,18900
2022-10-18 09:51:00,995,995,995,995,719000
2022-10-18 09:52:00,995,995,995,995,22800
2022-10-18 09:53:00,990,990,995,990,1100
2022-10-18 09:54:00,990,990,995,990,330300
2022-10-18 09:55:00,990,990,995,995,0
2022-10-18 09:56:00,995,995,995,995,11200
2022-10-18 09:57:00,995,995,995,995,1800
2022-10-18 09:58:00,995,990,995,990,11700
2022-10-18 09:59:00,990,990,990,990,140400
2022-10-18 10:00:00,995,990,995,990,0
2022-10-18 10:01:00,990,990,990,990,69100
2022-10-18 10:02:00,990,990,990,990,13900
2022-10-18 10:03:00,990,990,995,990,5300
2022-10-18 10:04:00,990,990,995,990,1199400
2022-10-18 10:05:00,990,985,990,985,22700
2022-10-18 10:06:00,985,985,990,985,857800
2022-10-18 10:07:00,980,980,985,980,11400
2022-10-18 10:08:00,985,980,985,980,11300
2022-10-18 10:09:00,985,980,985,985,5200
2022-10-18 10:10:00,985,985,985,985,10100
2022-10-18 10:11:00,985,980,985,980,0
2022-10-18 10:12:00,985,980,985,980,6900
2022-10-18 10:13:00,985,980,985,980,21300
2022-10-18 10:14:00,980,980,980,980,29600
2022-10-18 10:15:00,980,980,985,985,0
2022-10-18 10:16:00,985,980,985,980,16800
2022-10-18 10:17:00,980,980,980,980,0
2022-10-18 10:18:00,980,980,980,980,70400
2022-10-18 10:19:00,980,980,985,985,2300
2022-10-18 10:20:00,980,980,980,980,17300
2022-10-18 10:21:00,985,980,985,980,343400
2022-10-18 10:22:00,980,980,980,980,216700
2022-10-18 10:23:00,980,975,980,975,24000
2022-10-18 10:24:00,975,975,975,975,175100
2022-10-18 10:25:00,975,975,975,975,34800
2022-10-18 10:26:00,975,975,975,975,0
2022-10-18 10:27:00,980,975,980,975,17000
2022-10-18 10:28:00,975,975,980,975,208800
2022-10-18 10:29:00,980,975,980,980,158300
2022-10-18 10:30:00,980,980,980,980,27600
2022-10-18 10:31:00,980,980,980,980,51800
2022-10-18 10:32:00,980,980,980,980,0
2022-10-18 10:33:00,980,980,980,980,51400
2022-10-18 10:34:00,980,980,980,980,8200
2022-10-18 10:35:00,980,980,980,980,15900
2022-10-18 10:36:00,980,980,980,980,1000
2022-10-18 10:37:00,980,980,980,980,400
2022-10-18 10:38:00,975,975,975,975,1000
2022-10-18 10:39:00,980,980,980,980,21300
2022-10-18 10:40:00,980,980,980,980,0
2022-10-18 10:41:00,980,980,980,980,2900
2022-10-18 10:42:00,980,980,980,980,1600
2022-10-18 10:43:00,980,980,980,980,4500
2022-10-18 10:44:00,980,980,980,980,4500
2022-10-18 10:45:00,985,985,985,985,0
2022-10-18 10:46:00,985,985,985,985,0
2022-10-18 10:47:00,985,985,985,985,0
2022-10-18 10:48:00,985,985,985,985,0
2022-10-18 10:49:00,985,980,985,980,37364700
2022-10-18 10:50:00,980,980,980,980,0
2022-10-18 10:51:00,980,980,980,980,7600
2022-10-18 10:52:00,980,980,985,985,3100
2022-10-18 10:53:00,985,985,985,985,2100
2022-10-18 10:54:00,980,980,985,985,1500
2022-10-18 10:55:00,980,980,985,985,0
2022-10-18 10:56:00,980,980,980,980,200
2022-10-18 10:57:00,980,980,980,980,0
2022-10-18 10:58:00,980,980,985,985,1400
2022-10-18 10:59:00,985,985,985,985,100
2022-10-18 11:00:00,985,985,985,985,1300
2022-10-18 11:01:00,980,980,985,985,9300
2022-10-18 11:02:00,985,980,985,980,900
2022-10-18 11:03:00,980,980,985,980,2100
2022-10-18 11:04:00,980,980,985,985,15400
2022-10-18 11:05:00,985,985,985,985,1500
2022-10-18 11:06:00,985,985,985,985,0
2022-10-18 11:07:00,985,985,985,985,0
2022-10-18 11:08:00,985,985,985,985,600
2022-10-18 11:09:00,980,980,985,985,15600
2022-10-18 11:10:00,980,980,985,985,0
2022-10-18 11:11:00,980,980,985,985,12300
2022-10-18 11:12:00,980,980,985,985,0
2022-10-18 11:13:00,985,985,985,985,101400
2022-10-18 11:14:00,985,985,985,985,0
2022-10-18 11:15:00,985,980,985,980,300
2022-10-18 11:16:00,985,985,985,985,3800
2022-10-18 11:17:00,985,985,985,985,4100
2022-10-18 11:18:00,985,985,985,985,0
2022-10-18 11:19:00,980,980,980,980,2000
2022-10-18 11:20:00,980,980,980,980,0
2022-10-18 11:21:00,980,980,985,985,600
2022-10-18 11:22:00,985,985,985,985,22200
2022-10-18 11:23:00,985,985,985,985,0
2022-10-18 11:24:00,980,980,985,985,500
2022-10-18 11:25:00,985,985,985,985,2000
2022-10-18 11:26:00,985,980,985,985,12800
2022-10-18 11:27:00,985,980,985,985,0
2022-10-18 11:28:00,980,980,980,980,0
2022-10-18 11:29:00,985,985,985,985,100
2022-10-18 11:30:00,985,985,985,985,0
2022-10-18 11:31:00,985,985,985,985,0
2022-10-18 11:32:00,985,985,985,985,0
2022-10-18 11:33:00,985,985,985,985,0
2022-10-18 11:34:00,985,985,985,985,0
2022-10-18 11:35:00,985,985,985,985,0
2022-10-18 11:36:00,985,985,985,985,0
2022-10-18 11:37:00,985,985,985,985,0
2022-10-18 11:38:00,985,985,985,985,0
2022-10-18 11:39:00,985,985,985,985,0
2022-10-18 11:40:00,985,985,985,985,0
2022-10-18 11:41:00,985,985,985,985,0
2022-10-18 11:42:00,985,985,985,985,0
2022-10-18 11:43:00,985,985,985,985,0
2022-10-18 11:44:00,985,985,985,985,0
2022-10-18 11:45:00,985,985,985,985,0
2022-10-18 11:46:00,985,985,985,985,0
2022-10-18 11:47:00,985,985,985,985,0
2022-10-18 11:48:00,985,985,985,985,0
2022-10-18 11:49:00,985,985,985,985,0
2022-10-18 11:50:00,985,985,985,985,0
2022-10-18 11:51:00,985,985,985,985,0
2022-10-18 11:52:00,985,985,985,985,0
2022-10-18 11:53:00,985,985,985,985,0
2022-10-18 11:54:00,985,985,985,985,0
2022-10-18 11:55:00,985,985,985,985,0
2022-10-18 11:56:00,985,985,985,985,0
2022-10-18 11:57:00,985,985,985,985,0
2022-10-18 11:58:00,985,985,985,985,0
2022-10-18 11:59:00,985,985,985,985,0
2022-10-18 12:00:00,985,985,985,985,0
2022-10-18 12:01:00,985,985,985,985,0
2022-10-18 12:02:00,985,985,985,985,0
2022-10-18 12:03:00,985,985,985,985,0
2022-10-18 12:04:00,985,985,985,985,0
2022-10-18 12:05:00,985,985,985,985,0
2022-10-18 12:06:00,985,985,985,985,0
2022-10-18 12:07:00,985,985,985,985,0
2022-10-18 12:08:00,985,985,985,985,0
2022-10-18 12:09:00,985,985,985,985,0
2022-10-18 12:10:00,985,985,985,985,0
2022-10-18 12:11:00,985,985,985,985,0
2022-10-18 12:12:00,985,985,985,985,0
2022-10-18 12:13:00,985,985,985,985,0
2022-10-18 12:14:00,985,985,985,985,0
2022-10-18 12:15:00,985,985,985,985,0
2022-10-18 12:16:00,985,985,985,985,0
2022-10-18 12:17:00,985,985,985,985,0
2022-10-18 12:18:00,985,985,985,985,0
2022-10-18 12:19:00,985,985,985,985,0
2022-10-18 12:20:00,985,985,985,985,0
2022-10-18 12:21:00,985,985,985,985,0
2022-10-18 12:22:00,985,985,985,985,0
2022-10-18 12:23:00,985,985,985,985,0
2022-10-18 12:24:00,985,985,985,985,0
2022-10-18 12:25:00,985,985,985,985,0
2022-10-18 12:26:00,985,985,985,985,0
2022-10-18 12:27:00,985,985,985,985,0
2022-10-18 12:28:00,985,985,985,985,0
2022-10-18 12:29:00,985,985,985,985,0
2022-10-18 12:30:00,985,985,985,985,0
2022-10-18 12:31:00,985,985,985,985,0
2022-10-18 12:32:00,985,985,985,985,0
2022-10-18 12:33:00,985,985,985,985,0
2022-10-18 12:34:00,985,985,985,985,0
2022-10-18 12:35:00,985,985,985,985,0
2022-10-18 12:36:00,985,985,985,985,0
2022-10-18 12:37:00,985,985,985,985,0
2022-10-18 12:38:00,985,985,985,985,0
2022-10-18 12:39:00,985,985,985,985,0
2022-10-18 12:40:00,985,985,985,985,0
2022-10-18 12:41:00,985,985,985,985,0
2022-10-18 12:42:00,985,985,985,985,0
2022-10-18 12:43:00,985,985,985,985,0
2022-10-18 12:44:00,985,985,985,985,0
2022-10-18 12:45:00,985,985,985,985,0
2022-10-18 12:46:00,985,985,985,985,0
2022-10-18 12:47:00,985,985,985,985,0
2022-10-18 12:48:00,985,985,985,985,0
2022-10-18 12:49:00,985,985,985,985,0
2022-10-18 12:50:00,985,985,985,985,0
2022-10-18 12:51:00,985,985,985,985,0
2022-10-18 12:52:00,985,985,985,985,0
2022-10-18 12:53:00,985,985,985,985,0
2022-10-18 12:54:00,985,985,985,985,0
2022-10-18 12:55:00,985,985,985,985,0
2022-10-18 12:56:00,985,985,985,985,0
2022-10-18 12:57:00,985,985,985,985,0
2022-10-18 12:58:00,985,985,985,985,0
2022-10-18 12:59:00,985,985,985,985,0
2022-10-18 13:00:00,985,985,985,985,0
2022-10-18 13:01:00,985,985,985,985,0
2022-10-18 13:02:00,985,985,985,985,0
2022-10-18 13:03:00,985,985,985,985,0
2022-10-18 13:04:00,985,985,985,985,0
2022-10-18 13:05:00,985,985,985,985,0
2022-10-18 13:06:00,985,985,985,985,0
2022-10-18 13:07:00,985,985,985,985,0
2022-10-18 13:08:00,985,985,985,985,0
2022-10-18 13:09:00,985,985,985,985,0
2022-10-18 13:10:00,985,985,985,985,0
2022-10-18 13:11:00,985,985,985,985,0
2022-10-18 13:12:00,985,985,985,985,0
2022-10-18 13:13:00,985,985,985,985,0
2022-10-18 13:14:00,985,985,985,985,0
2022-10-18 13:15:00,985,985,985,985,0
2022-10-18 13:16:00,985,985,985,985,0
2022-10-18 13:17:00,985,985,985,985,0
2022-10-18 13:18:00,985,985,985,985,0
2022-10-18 13:19:00,985,985,985,985,0
2022-10-18 13:20:00,985,985,985,985,0
2022-10-18 13:21:00,985,985,985,985,0
2022-10-18 13:22:00,985,985,985,985,0
2022-10-18 13:23:00,985,985,985,985,0
2022-10-18 13:24:00,985,985,985,985,0
2022-10-18 13:25:00,985,985,985,985,0
2022-10-18 13:26:00,985,985,985,985,0
2022-10-18 13:27:00,985,985,985,985,0
2022-10-18 13:28:00,985,985,985,985,0
2022-10-18 13:29:00,985,985,985,985,0
2022-10-18 13:30:00,985,980,985,985,157200
2022-10-18 13:31:00,990,985,990,985,18800
2022-10-18 13:32:00,985,985,985,985,14500
2022-10-18 13:33:00,990,985,990,985,101500
2022-10-18 13:34:00,985,985,985,985,45100
2022-10-18 13:35:00,985,985,985,985,28300
2022-10-18 13:36:00,985,980,985,985,54900
2022-10-18 13:37:00,985,985,985,985,0
2022-10-18 13:38:00,985,980,985,985,1600
2022-10-18 13:39:00,980,980,985,980,10300
2022-10-18 13:40:00,980,980,980,980,2200
2022-10-18 13:41:00,985,985,985,985,9700
2022-10-18 13:42:00,985,985,985,985,7500
2022-10-18 13:43:00,980,980,980,980,0
2022-10-18 13:44:00,980,980,980,980,132600
2022-10-18 13:45:00,975,975,980,980,0
2022-10-18 13:46:00,975,975,975,975,2900
2022-10-18 13:47:00,975,975,975,975,1000
2022-10-18 13:48:00,975,975,980,980,37000
2022-10-18 13:49:00,975,975,980,980,0
2022-10-18 13:50:00,980,980,980,980,12000
2022-10-18 13:51:00,980,980,980,980,1600
2022-10-18 13:52:00,980,980,980,980,1000
2022-10-18 13:53:00,980,980,980,980,0
2022-10-18 13:54:00,980,980,980,980,127600
2022-10-18 13:55:00,980,980,980,980,0
2022-10-18 13:56:00,980,980,985,985,2500
2022-10-18 13:57:00,985,980,985,980,37500
2022-10-18 13:58:00,980,980,980,980,31100
2022-10-18 13:59:00,980,980,985,980,37600
2022-10-18 14:00:00,980,980,980,980,20500
2022-10-18 14:01:00,980,980,980,980,0
2022-10-18 14:02:00,975,975,980,980,6000
2022-10-18 14:03:00,980,980,980,980,5600
2022-10-18 14:04:00,980,975,980,980,181400
2022-10-18 14:05:00,980,975,985,985,55900
2022-10-18 14:06:00,985,985,985,985,54800
2022-10-18 14:07:00,985,985,985,985,200
2022-10-18 14:08:00,980,980,985,985,1000
2022-10-18 14:09:00,980,980,985,985,3400
2022-10-18 14:10:00,980,980,985,985,6400
2022-10-18 14:11:00,985,985,985,985,400
2022-10-18 14:12:00,980,980,985,985,600
2022-10-18 14:13:00,980,980,985,985,0
2022-10-18 14:14:00,980,980,985,985,6900
2022-10-18 14:15:00,980,980,985,985,2700
2022-10-18 14:16:00,980,980,985,985,119000
2022-10-18 14:17:00,980,980,985,985,60000
2022-10-18 14:18:00,980,980,985,985,104600
2022-10-18 14:19:00,980,975,980,975,69500
2022-10-18 14:20:00,975,975,975,975,4200
2022-10-18 14:21:00,975,975,975,975,3200
2022-10-18 14:22:00,975,975,980,980,0
2022-10-18 14:23:00,980,980,980,980,2900
2022-10-18 14:24:00,975,975,980,980,1100
2022-10-18 14:25:00,975,975,980,980,534600
2022-10-18 14:26:00,980,975,985,985,223600
2022-10-18 14:27:00,985,985,990,985,179600
2022-10-18 14:28:00,990,985,990,985,104800
2022-10-18 14:29:00,990,990,995,990,501600
2022-10-18 14:30:00,990,990,995,995,116900
2022-10-18 14:31:00,995,995,1000,995,895500
2022-10-18 14:32:00,995,995,1000,995,251500
2022-10-18 14:33:00,995,995,1000,1000,1083600
2022-10-18 14:34:00,995,995,1000,1000,531700
2022-10-18 14:35:00,1000,995,1000,1000,533800
2022-10-18 14:36:00,1000,995,1000,995,186600
2022-10-18 14:37:00,995,990,995,990,27200
2022-10-18 14:38:00,995,990,995,990,142100
2022-10-18 14:39:00,990,985,990,990,87100
2022-10-18 14:40:00,990,990,990,990,0
2022-10-18 14:41:00,990,990,995,995,20400
2022-10-18 14:42:00,995,990,995,995,522400
2022-10-18 14:43:00,990,990,990,990,0
2022-10-18 14:44:00,990,990,995,995,96900
2022-10-18 14:45:00,990,990,995,995,303500
2022-10-18 14:46:00,990,980,995,995,705600
2022-10-18 14:47:00,990,990,995,995,7800
2022-10-18 14:48:00,990,990,995,990,232800
2022-10-18 14:49:00,985,985,1000,995,733500
2022-10-18 14:50:00,985,985,1000,995,0
2022-10-18 14:51:00,985,985,1000,995,0
2022-10-18 14:52:00,985,985,1000,995,0
2022-10-18 14:53:00,985,985,1000,995,0
2022-10-18 14:54:00,985,985,1000,995,0
2022-10-18 14:55:00,985,985,1000,995,0
2022-10-18 14:56:00,985,985,1000,995,0
2022-10-18 14:57:00,985,985,1000,995,0
2022-10-18 14:58:00,985,985,1000,995,0
2022-10-18 14:59:00,985,985,1000,995,0
2022-10-18 15:00:00,1000,1000,1000,1000,1246600
2022-10-18 15:01:00,1000,1000,1000,1000,25700
2022-10-18 15:02:00,1000,1000,1000,1000,0
2022-10-18 15:03:00,1000,1000,1000,1000,600
2022-10-18 15:04:00,1000,1000,1000,1000,3900
2022-10-18 15:05:00,1000,1000,1000,1000,10200
2022-10-18 15:06:00,1000,1000,1000,1000,37000
2022-10-18 15:07:00,1000,1000,1000,1000,0
2022-10-18 15:08:00,1000,1000,1000,1000,14000
2022-10-18 15:09:00,1000,1000,1000,1000,7600
2022-10-18 15:10:00,1000,1000,1000,1000,100
2022-10-18 15:11:00,1000,1000,1000,1000,0
2022-10-18 15:12:00,1000,1000,1000,1000,0
2022-10-18 15:13:00,1000,1000,1000,1000,0
2022-10-18 15:14:00,1000,1000,1000,1000,48462600
2022-10-18 15:15:00,1000,1000,1000,1000,0
2022-10-18 15:16:00,1000,1000,1000,1000,0
2022-10-18 15:17:00,1000,1000,1000,1000,0
2022-10-18 15:18:00,1000,1000,1000,1000,0
2022-10-18 15:19:00,1000,1000,1000,1000,0
2022-10-18 15:20:00,1000,1000,1000,1000,0
2022-10-18 15:21:00,1000,1000,1000,1000,0
2022-10-18 15:22:00,1000,1000,1000,1000,0
2022-10-18 15:23:00,1000,1000,1000,1000,0
2022-10-18 15:24:00,1000,1000,1000,1000,0
2022-10-18 15:25:00,1000,1000,1000,1000,0
2022-10-18 15:26:00,1000,1000,1000,1000,0
2022-10-18 15:27:00,1000,1000,1000,1000,0
2022-10-18 15:28:00,1000,1000,1000,1000,0
2022-10-18 15:29:00,1000,1000,1000,1000,0
2022-10-18 15:30:00,1000,1000,1000,1000,0
2022-10-18 15:31:00,1000,1000,1000,1000,0
2022-10-18 15:32:00,1000,1000,1000,1000,0
2022-10-18 15:33:00,1000,1000,1000,1000,0
2022-10-18 15:34:00,1000,1000,1000,1000,0
2022-10-18 15:35:00,1000,1000,1000,1000,0
2022-10-18 15:36:00,1000,1000,1000,1000,0
2022-10-18 15:37:00,1000,1000,1000,1000,0
2022-10-18 15:38:00,1000,1000,1000,1000,0
2022-10-18 15:39:00,1000,1000,1000,1000,0
2022-10-18 15:40:00,1000,1000,1000,1000,0
2022-10-18 15:41:00,1000,1000,1000,1000,0
2022-10-18 15:42:00,1000,1000,1000,1000,0
2022-10-18 15:43:00,1000,1000,1000,1000,0
2022-10-18 15:44:00,1000,1000,1000,1000,0
2022-10-18 15:45:00,1000,1000,1000,1000,0
2022-10-18 15:46:00,1000,1000,1000,1000,0
2022-10-18 15:47:00,1000,1000,1000,1000,0
2022-10-18 15:48:00,1000,1000,1000,1000,0
2022-10-18 15:49:00,1000,1000,1000,1000,0
2022-10-18 15:50:00,1000,1000,1000,1000,0
2022-10-18 15:51:00,1000,1000,1000,1000,0
2022-10-18 15:52:00,1000,1000,1000,1000,0
2022-10-18 15:53:00,1000,1000,1000,1000,0
2022-10-18 15:54:00,1000,1000,1000,1000,0
2022-10-18 15:55:00,1000,1000,1000,1000,0
2022-10-18 15:56:00,1000,1000,1000,1000,0
2022-10-18 15:57:00,1000,1000,1000,1000,0
2022-10-18 15:58:00,1000,1000,1000,1000,0
2022-10-18 15:59:00,1000,1000,1000,1000,0
2022-10-19 09:00:00,1000,995,1000,1000,0
2022-10-19 09:01:00,1000,995,1000,1000,0
2022-10-19 09:02:00,1000,995,1000,995,46500
2022-10-19 09:03:00,1000,995,1005,1005,1017100
2022-10-19 09:04:00,1000,1000,1005,1000,29700
2022-10-19 09:05:00,1000,1000,1010,1005,260600
2022-10-19 09:06:00,1010,1005,1010,1010,10369200
2022-10-19 09:07:00,1010,1005,1010,1005,165100
2022-10-19 09:08:00,1010,1010,1015,1015,10449900
2022-10-19 09:09:00,1015,1010,1015,1010,3600
2022-10-19 09:10:00,1015,1010,1020,1020,2521200
2022-10-19 09:11:00,1020,1015,1020,1015,2021400
2022-10-19 09:12:00,1015,1015,1015,1015,56500
2022-10-19 09:13:00,1015,1010,1015,1010,20000
2022-10-19 09:14:00,1015,1010,1020,1015,1542100
2022-10-19 09:15:00,1015,1000,1015,1010,1210800
2022-10-19 09:16:00,1010,995,1010,995,362500
2022-10-19 09:17:00,990,990,995,990,68500
2022-10-19 09:18:00,990,990,995,995,355200
2022-10-19 09:19:00,995,995,995,995,11200
2022-10-19 09:20:00,995,995,995,995,11000
2022-10-19 09:21:00,995,995,995,995,11000
2022-10-19 09:22:00,995,995,995,995,600
2022-10-19 09:23:00,995,990,995,990,201400
2022-10-19 09:24:00,995,990,995,990,445700
2022-10-19 09:25:00,990,985,990,985,40500
2022-10-19 09:26:00,985,985,985,985,2500
2022-10-19 09:27:00,985,985,990,985,45000
2022-10-19 09:28:00,990,985,990,985,170600
2022-10-19 09:29:00,985,985,990,990,554800
2022-10-19 09:30:00,985,985,990,990,0
2022-10-19 09:31:00,985,985,985,985,0
2022-10-19 09:32:00,985,980,985,985,261800
2022-10-19 09:33:00,985,980,985,980,25500
2022-10-19 09:34:00,980,980,980,980,0
2022-10-19 09:35:00,985,985,985,985,32100
2022-10-19 09:36:00,980,980,990,990,520700
2022-10-19 09:37:00,990,985,990,985,153300
2022-10-19 09:38:00,985,985,985,985,113500
2022-10-19 09:39:00,990,985,990,985,5900
2022-10-19 09:40:00,985,985,985,985,68900
2022-10-19 09:41:00,985,985,985,985,0
2022-10-19 09:42:00,985,985,990,990,13100
2022-10-19 09:43:00,990,990,990,990,110400
2022-10-19 09:44:00,990,990,990,990,285900
2022-10-19 09:45:00,990,990,990,990,300
2022-10-19 09:46:00,1000,1000,1000,1000,1200
2022-10-19 09:47:00,1000,995,1000,995,18000
2022-10-19 09:48:00,995,995,995,995,1800
2022-10-19 09:49:00,995,995,995,995,900
2022-10-19 09:50:00,995,995,995,995,6200
2022-10-19 09:51:00,995,990,995,990,323100
2022-10-19 09:52:00,990,990,990,990,0
2022-10-19 09:53:00,990,990,990,990,300
2022-10-19 09:54:00,990,990,990,990,0
2022-10-19 09:55:00,990,985,990,985,12400
2022-10-19 09:56:00,985,985,985,985,25000
2022-10-19 09:57:00,985,985,990,990,26300
2022-10-19 09:58:00,990,990,990,990,86200
2022-10-19 09:59:00,990,990,990,990,1800
2022-10-19 10:00:00,990,990,990,990,100100
2022-10-19 10:01:00,985,985,985,985,0
2022-10-19 10:02:00,990,990,990,990,259400
2022-10-19 10:03:00,990,990,990,990,0
2022-10-19 10:04:00,985,985,985,985,11300
2022-10-19 10:05:00,985,985,985,985,0
2022-10-19 10:06:00,985,985,985,985,0
2022-10-19 10:07:00,985,985,985,985,43100
2022-10-19 10:08:00,985,985,985,985,10700
2022-10-19 10:09:00,985,985,985,985,0
2022-10-19 10:10:00,985,985,985,985,143700
2022-10-19 10:11:00,985,980,985,980,800
2022-10-19 10:12:00,980,980,985,985,19800
2022-10-19 10:13:00,985,980,985,985,14000
2022-10-19 10:14:00,985,980,985,980,7700
2022-10-19 10:15:00,985,980,985,985,112000
2022-10-19 10:16:00,985,985,985,985,19500
2022-10-19 10:17:00,990,985,990,985,0
2022-10-19 10:18:00,990,985,990,985,0
2022-10-19 10:19:00,985,985,990,990,7400
2022-10-19 10:20:00,990,990,990,990,0
2022-10-19 10:21:00,985,985,985,985,0
2022-10-19 10:22:00,985,985,990,990,5200
2022-10-19 10:23:00,990,990,990,990,100
2022-10-19 10:24:00,985,985,990,990,1700
2022-10-19 10:25:00,990,990,990,990,0
2022-10-19 10:26:00,985,985,985,985,1200
2022-10-19 10:27:00,985,985,985,985,0
2022-10-19 10:28:00,985,985,990,985,39800
2022-10-19 10:29:00,990,990,990,990,25000
2022-10-19 10:30:00,990,990,990,990,0
2022-10-19 10:31:00,990,985,990,985,112600
2022-10-19 10:32:00,985,985,985,985,62000
2022-10-19 10:33:00,985,985,985,985,40900
2022-10-19 10:34:00,985,985,985,985,20800
2022-10-19 10:35:00,985,985,985,985,32700
2022-10-19 10:36:00,990,990,990,990,0
2022-10-19 10:37:00,990,990,990,990,0
2022-10-19 10:38:00,990,990,990,990,0
2022-10-19 10:39:00,990,990,990,990,0
2022-10-19 10:40:00,990,990,990,990,1000
2022-10-19 10:41:00,990,990,990,990,0
2022-10-19 10:42:00,990,990,990,990,0
2022-10-19 10:43:00,990,990,990,990,0
2022-10-19 10:44:00,990,990,990,990,100
2022-10-19 10:45:00,985,985,985,985,2400
2022-10-19 10:46:00,985,985,985,985,0
2022-10-19 10:47:00,985,985,985,985,4700
2022-10-19 10:48:00,985,985,985,985,14700
2022-10-19 10:49:00,985,985,985,985,5600
2022-10-19 10:50:00,985,985,985,985,0
2022-10-19 10:51:00,985,985,985,985,3200
2022-10-19 10:52:00,985,985,985,985,5100
2022-10-19 10:53:00,985,985,985,985,8400
2022-10-19 10:54:00,990,990,990,990,0
2022-10-19 10:55:00,990,990,990,990,0
2022-10-19 10:56:00,990,990,990,990,3900
2022-10-19 10:57:00,990,990,990,990,8300
2022-10-19 10:58:00,990,990,990,990,59900
2022-10-19 10:59:00,990,990,990,990,0
2022-10-19 11:00:00,990,990,990,990,6300
2022-10-19 11:01:00,990,990,990,990,0
2022-10-19 11:02:00,990,985,990,985,900
2022-10-19 11:03:00,985,985,990,990,44500
2022-10-19 11:04:00,985,985,990,990,0
2022-10-19 11:05:00,990,985,990,985,7400
2022-10-19 11:06:00,990,990,990,990,3400
2022-10-19 11:07:00,990,990,990,990,0
2022-10-19 11:08:00,990,990,990,990,0
2022-10-19 11:09:00,990,990,990,990,0
2022-10-19 11:10:00,990,990,990,990,20000
2022-10-19 11:11:00,990,990,990,990,0
2022-10-19 11:12:00,985,985,985,985,1900
2022-10-19 11:13:00,990,990,990,990,500
2022-10-19 11:14:00,985,985,985,985,193000
2022-10-19 11:15:00,985,985,985,985,0
2022-10-19 11:16:00,985,985,985,985,0
2022-10-19 11:17:00,990,985,990,985,100900
2022-10-19 11:18:00,985,985,985,985,70000
2022-10-19 11:19:00,985,985,985,985,0
2022-10-19 11:20:00,985,985,985,985,0
2022-10-19 11:21:00,990,990,990,990,200
2022-10-19 11:22:00,990,990,990,990,3000
2022-10-19 11:23:00,990,990,990,990,500
2022-10-19 11:24:00,990,990,990,990,0
2022-10-19 11:25:00,990,990,990,990,7700
2022-10-19 11:26:00,990,990,990,990,0
2022-10-19 11:27:00,985,985,985,985,400
2022-10-19 11:28:00,990,990,990,990,9900
2022-10-19 11:29:00,985,985,985,985,18300
2022-10-19 11:30:00,985,985,985,985,0
2022-10-19 11:31:00,985,985,985,985,0
2022-10-19 11:32:00,985,985,985,985,0
2022-10-19 11:33:00,985,985,985,985,0
2022-10-19 11:34:00,985,985,985,985,0
2022-10-19 11:35:00,985,985,985,985,0
2022-10-19 11:36:00,985,985,985,985,0
2022-10-19 11:37:00,985,985,985,985,0
2022-10-19 11:38:00,985,985,985,985,0
2022-10-19 11:39:00,985,985,985,985,0
2022-10-19 11:40:00,985,985,985,985,0
2022-10-19 11:41:00,985,985,985,985,0
2022-10-19 11:42:00,985,985,985,985,0
2022-10-19 11:43:00,985,985,985,985,0
2022-10-19 11:44:00,985,985,985,985,0
2022-10-19 11:45:00,985,985,985,985,0
2022-10-19 11:46:00,985,985,985,985,0
2022-10-19 11:47:00,985,985,985,985,0
2022-10-19 11:48:00,985,985,985,985,0
2022-10-19 11:49:00,985,985,985,985,0
2022-10-19 11:50:00,985,985,985,985,0
2022-10-19 11:51:00,985,985,985,985,0
2022-10-19 11:52:00,985,985,985,985,0
2022-10-19 11:53:00,985,985,985,985,0
2022-10-19 11:54:00,985,985,985,985,0
2022-10-19 11:55:00,985,985,985,985,0
2022-10-19 11:56:00,985,985,985,985,0
2022-10-19 11:57:00,985,985,985,985,0
2022-10-19 11:58:00,985,985,985,985,0
2022-10-19 11:59:00,985,985,985,985,0
2022-10-19 12:00:00,985,985,985,985,0
2022-10-19 12:01:00,985,985,985,985,0
2022-10-19 12:02:00,985,985,985,985,0
2022-10-19 12:03:00,985,985,985,985,0
2022-10-19 12:04:00,985,985,985,985,0
2022-10-19 12:05:00,985,985,985,985,0
2022-10-19 12:06:00,985,985,985,985,0
2022-10-19 12:07:00,985,985,985,985,0
2022-10-19 12:08:00,985,985,985,985,0
2022-10-19 12:09:00,985,985,985,985,0
2022-10-19 12:10:00,985,985,985,985,0
2022-10-19 12:11:00,985,985,985,985,0
2022-10-19 12:12:00,985,985,985,985,0
2022-10-19 12:13:00,985,985,985,985,0
2022-10-19 12:14:00,985,985,985,985,0
2022-10-19 12:15:00,985,985,985,985,0
2022-10-19 12:16:00,985,985,985,985,0
2022-10-19 12:17:00,985,985,985,985,0
2022-10-19 12:18:00,985,985,985,985,0
2022-10-19 12:19:00,985,985,985,985,0
2022-10-19 12:20:00,985,985,985,985,0
2022-10-19 12:21:00,985,985,985,985,0
2022-10-19 12:22:00,985,985,985,985,0
2022-10-19 12:23:00,985,985,985,985,0
2022-10-19 12:24:00,985,985,985,985,0
2022-10-19 12:25:00,985,985,985,985,0
2022-10-19 12:26:00,985,985,985,985,0
2022-10-19 12:27:00,985,985,985,985,0
2022-10-19 12:28:00,985,985,985,985,0
2022-10-19 12:29:00,985,985,985,985,0
2022-10-19 12:30:00,985,985,985,985,0
2022-10-19 12:31:00,985,985,985,985,0
2022-10-19 12:32:00,985,985,985,985,0
2022-10-19 12:33:00,985,985,985,985,0
2022-10-19 12:34:00,985,985,985,985,0
2022-10-19 12:35:00,985,985,985,985,0
2022-10-19 12:36:00,985,985,985,985,0
2022-10-19 12:37:00,985,985,985,985,0
2022-10-19 12:38:00,985,985,985,985,0
2022-10-19 12:39:00,985,985,985,985,0
2022-10-19 12:40:00,985,985,985,985,0
2022-10-19 12:41:00,985,985,985,985,0
2022-10-19 12:42:00,985,985,985,985,0
2022-10-19 12:43:00,985,985,985,985,0
2022-10-19 12:44:00,985,985,985,985,0
2022-10-19 12:45:00,985,985,985,985,0
2022-10-19 12:46:00,985,985,985,985,0
2022-10-19 12:47:00,985,985,985,985,0
2022-10-19 12:48:00,985,985,985,985,0
2022-10-19 12:49:00,985,985,985,985,0
2022-10-19 12:50:00,985,985,985,985,0
2022-10-19 12:51:00,985,985,985,985,0
2022-10-19 12:52:00,985,985,985,985,0
2022-10-19 12:53:00,985,985,985,985,0
2022-10-19 12:54:00,985,985,985,985,0
2022-10-19 12:55:00,985,985,985,985,0
2022-10-19 12:56:00,985,985,985,985,0
2022-10-19 12:57:00,985,985,985,985,0
2022-10-19 12:58:00,985,985,985,985,0
2022-10-19 12:59:00,985,985,985,985,0
2022-10-19 13:00:00,985,985,985,985,0
2022-10-19 13:01:00,985,985,985,985,0
2022-10-19 13:02:00,985,985,985,985,0
2022-10-19 13:03:00,985,985,985,985,0
2022-10-19 13:04:00,985,985,985,985,0
2022-10-19 13:05:00,985,985,985,985,0
2022-10-19 13:06:00,985,985,985,985,0
2022-10-19 13:07:00,985,985,985,985,0
2022-10-19 13:08:00,985,985,985,985,0
2022-10-19 13:09:00,985,985,985,985,0
2022-10-19 13:10:00,985,985,985,985,0
2022-10-19 13:11:00,985,985,985,985,0
2022-10-19 13:12:00,985,985,985,985,0
2022-10-19 13:13:00,985,985,985,985,0
2022-10-19 13:14:00,985,985,985,985,0
2022-10-19 13:15:00,985,985,985,985,0
2022-10-19 13:16:00,985,985,985,985,0
2022-10-19 13:17:00,985,985,985,985,0
2022-10-19 13:18:00,985,985,985,985,0
2022-10-19 13:19:00,985,985,985,985,0
2022-10-19 13:20:00,985,985,985,985,0
2022-10-19 13:21:00,985,985,985,985,0
2022-10-19 13:22:00,985,985,985,985,0
2022-10-19 13:23:00,985,985,985,985,0
2022-10-19 13:24:00,985,985,985,985,0
2022-10-19 13:25:00,985,985,985,985,0
2022-10-19 13:26:00,985,985,985,985,0
2022-10-19 13:27:00,985,985,985,985,0
2022-10-19 13:28:00,985,985,985,985,0
2022-10-19 13:29:00,985,985,985,985,0
2022-10-19 13:30:00,985,985,990,990,379200
2022-10-19 13:31:00,990,990,990,990,200
2022-10-19 13:32:00,990,990,990,990,3900
2022-10-19 13:33:00,990,990,990,990,259500
2022-10-19 13:34:00,990,990,990,990,181800
2022-10-19 13:35:00,990,990,990,990,71300
2022-10-19 13:36:00,995,990,995,990,8800
2022-10-19 13:37:00,990,990,990,990,375200
2022-10-19 13:38:00,990,990,990,990,0
2022-10-19 13:39:00,990,990,990,990,0
2022-10-19 13:40:00,990,985,990,985,25500
2022-10-19 13:41:00,985,985,985,985,50400
2022-10-19 13:42:00,985,985,990,990,0
2022-10-19 13:43:00,990,990,990,990,100
2022-10-19 13:44:00,990,990,990,990,0
2022-10-19 13:45:00,990,990,990,990,100
2022-10-19 13:46:00,990,985,990,985,6100
2022-10-19 13:47:00,990,985,990,985,0
2022-10-19 13:48:00,985,985,985,985,300
2022-10-19 13:49:00,990,985,990,985,700
2022-10-19 13:50:00,985,985,990,985,1200
2022-10-19 13:51:00,985,985,990,985,0
2022-10-19 13:52:00,985,985,985,985,1900
2022-10-19 13:53:00,985,985,985,985,0
2022-10-19 13:54:00,985,985,985,985,7000
2022-10-19 13:55:00,990,985,990,990,14500
2022-10-19 13:56:00,985,985,990,990,14100
2022-10-19 13:57:00,990,990,990,990,0
2022-10-19 13:58:00,990,990,990,990,1900
2022-10-19 13:59:00,990,985,990,985,20000
2022-10-19 14:00:00,990,985,990,985,0
2022-10-19 14:01:00,985,985,985,985,0
2022-10-19 14:02:00,985,985,985,985,0
2022-10-19 14:03:00,985,985,990,990,9900
2022-10-19 14:04:00,985,985,985,985,5900
2022-10-19 14:05:00,985,985,985,985,0
2022-10-19 14:06:00,985,985,985,985,55700
2022-10-19 14:07:00,985,985,985,985,0
2022-10-19 14:08:00,990,985,990,985,16800
2022-10-19 14:09:00,985,985,985,985,2000
2022-10-19 14:10:00,985,985,990,990,66200
2022-10-19 14:11:00,985,980,985,980,498300
2022-10-19 14:12:00,980,980,985,985,327000
2022-10-19 14:13:00,985,985,985,985,0
2022-10-19 14:14:00,980,980,985,985,4200
2022-10-19 14:15:00,985,985,985,985,13000
2022-10-19 14:16:00,985,985,985,985,0
2022-10-19 14:17:00,980,980,980,980,7000
2022-10-19 14:18:00,985,985,985,985,36500
2022-10-19 14:19:00,985,985,985,985,171100
2022-10-19 14:20:00,985,985,985,985,0
2022-10-19 14:21:00,990,990,990,990,400
2022-10-19 14:22:00,985,985,990,985,70000
2022-10-19 14:23:00,985,985,985,985,8800
2022-10-19 14:24:00,985,980,985,985,70500
2022-10-19 14:25:00,985,985,985,985,103400
2022-10-19 14:26:00,985,985,985,985,35400
2022-10-19 14:27:00,985,980,985,985,15100
2022-10-19 14:28:00,985,985,985,985,10400
2022-10-19 14:29:00,985,985,985,985,19100
2022-10-19 14:30:00,980,980,985,985,49100
2022-10-19 14:31:00,980,980,985,985,0
2022-10-19 14:32:00,985,985,985,985,6700
2022-10-19 14:33:00,985,985,985,985,21800
2022-10-19 14:34:00,985,980,985,985,5900
2022-10-19 14:35:00,985,985,985,985,23700
2022-10-19 14:36:00,985,985,985,985,30000
2022-10-19 14:37:00,985,980,985,985,8400
2022-10-19 14:38:00,985,980,985,985,3100
2022-10-19 14:39:00,985,985,985,985,500
2022-10-19 14:40:00,985,985,985,985,38300
2022-10-19 14:41:00,985,985,985,985,20900
2022-10-19 14:42:00,985,985,985,985,2400
2022-10-19 14:43:00,985,985,990,985,63300
2022-10-19 14:44:00,985,985,985,985,21100
2022-10-19 14:45:00,985,985,985,985,44800
2022-10-19 14:46:00,985,985,985,985,27100
2022-10-19 14:47:00,985,985,985,985,0
2022-10-19 14:48:00,985,985,985,985,42200
2022-10-19 14:49:00,985,985,985,985,48800
2022-10-19 14:50:00,985,985,985,985,0
2022-10-19 14:51:00,985,985,985,985,0
2022-10-19 14:52:00,985,985,985,985,0
2022-10-19 14:53:00,985,985,985,985,0
2022-10-19 14:54:00,985,985,985,985,0
2022-10-19 14:55:00,985,985,985,985,0
2022-10-19 14:56:00,985,985,985,985,0
2022-10-19 14:57:00,985,985,985,985,0
2022-10-19 14:58:00,985,985,985,985,0
2022-10-19 14:59:00,985,985,985,985,0
2022-10-19 15:00:00,980,980,980,980,1457900
2022-10-19 15:01:00,980,980,980,980,150600
2022-10-19 15:02:00,980,980,980,980,30800
2022-10-19 15:03:00,980,980,980,980,0
2022-10-19 15:04:00,980,980,980,980,6900
2022-10-19 15:05:00,980,980,980,980,5100
2022-10-19 15:06:00,980,980,980,980,0
2022-10-19 15:07:00,980,980,980,980,1200
2022-10-19 15:08:00,980,980,980,980,4400
2022-10-19 15:09:00,980,980,980,980,17500
2022-10-19 15:10:00,980,980,980,980,0
2022-10-19 15:11:00,980,980,980,980,0
2022-10-19 15:12:00,980,980,980,980,21600
2022-10-19 15:13:00,980,980,980,980,199500
2022-10-19 15:14:00,980,980,980,980,40925700
2022-10-19 15:15:00,980,980,980,980,0
2022-10-19 15:16:00,980,980,980,980,0
2022-10-19 15:17:00,980,980,980,980,0
2022-10-19 15:18:00,980,980,980,980,0
2022-10-19 15:19:00,980,980,980,980,0
2022-10-19 15:20:00,980,980,980,980,0
2022-10-19 15:21:00,980,980,980,980,0
2022-10-19 15:22:00,980,980,980,980,0
2022-10-19 15:23:00,980,980,980,980,0
2022-10-19 15:24:00,980,980,980,980,0
2022-10-19 15:25:00,980,980,980,980,0
2022-10-19 15:26:00,980,980,980,980,0
2022-10-19 15:27:00,980,980,980,980,0
2022-10-19 15:28:00,980,980,980,980,0
2022-10-19 15:29:00,980,980,980,980,0
2022-10-19 15:30:00,980,980,980,980,0
2022-10-19 15:31:00,980,980,980,980,0
2022-10-19 15:32:00,980,980,980,980,0
2022-10-19 15:33:00,980,980,980,980,0
2022-10-19 15:34:00,980,980,980,980,0
2022-10-19 15:35:00,980,980,980,980,0
2022-10-19 15:36:00,980,980,980,980,0
2022-10-19 15:37:00,980,980,980,980,0
2022-10-19 15:38:00,980,980,980,980,0
2022-10-19 15:39:00,980,980,980,980,0
2022-10-19 15:40:00,980,980,980,980,0
2022-10-19 15:41:00,980,980,980,980,0
2022-10-19 15:42:00,980,980,980,980,0
2022-10-19 15:43:00,980,980,980,980,0
2022-10-19 15:44:00,980,980,980,980,0
2022-10-19 15:45:00,980,980,980,980,0
2022-10-19 15:46:00,980,980,980,980,0
2022-10-19 15:47:00,980,980,980,980,0
2022-10-19 15:48:00,980,980,980,980,0
2022-10-19 15:49:00,980,980,980,980,0
2022-10-19 15:50:00,980,980,980,980,0
2022-10-19 15:51:00,980,980,980,980,0
2022-10-19 15:52:00,980,980,980,980,0
2022-10-19 15:53:00,980,980,980,980,0
2022-10-19 15:54:00,980,980,980,980,0
2022-10-19 15:55:00,980,980,980,980,0
2022-10-19 15:56:00,980,980,980,980,0
2022-10-19 15:57:00,980,980,980,980,0
2022-10-19 15:58:00,980,980,980,980,0
2022-10-19 15:59:00,980,980,980,980,0
2022-10-20 09:00:00,980,970,980,975,0
2022-10-20 09:01:00,975,975,980,980,12000
2022-10-20 09:02:00,980,975,980,975,79000
2022-10-20 09:03:00,975,975,980,980,14000
2022-10-20 09:04:00,980,975,980,980,1900
2022-10-20 09:05:00,975,975,980,980,10044500
2022-10-20 09:06:00,985,980,985,985,10016000
2022-10-20 09:07:00,985,980,985,985,406400
2022-10-20 09:08:00,985,970,985,980,632400
2022-10-20 09:09:00,980,980,980,980,33100
2022-10-20 09:10:00,980,980,980,980,0
2022-10-20 09:11:00,980,975,980,975,63500
2022-10-20 09:12:00,975,975,980,980,101000
2022-10-20 09:13:00,980,980,980,980,20200
2022-10-20 09:14:00,980,980,980,980,17800
2022-10-20 09:15:00,980,975,980,980,21900
2022-10-20 09:16:00,980,980,985,985,2400
2022-10-20 09:17:00,980,980,980,980,11200
2022-10-20 09:18:00,980,980,980,980,10000
2022-10-20 09:19:00,980,975,985,985,91900
2022-10-20 09:20:00,980,980,980,980,500
2022-10-20 09:21:00,980,980,980,980,100
2022-10-20 09:22:00,980,980,980,980,10500
2022-10-20 09:23:00,980,975,980,975,3000
2022-10-20 09:24:00,975,975,975,975,8200
2022-10-20 09:25:00,975,975,975,975,14800
2022-10-20 09:26:00,975,975,975,975,4600
2022-10-20 09:27:00,980,975,980,975,58300
2022-10-20 09:28:00,975,975,975,975,0
2022-10-20 09:29:00,975,975,975,975,17700
2022-10-20 09:30:00,975,975,980,980,29600
2022-10-20 09:31:00,980,975,980,975,20800
2022-10-20 09:32:00,975,975,975,975,2100
2022-10-20 09:33:00,980,980,980,980,38400
2022-10-20 09:34:00,980,980,980,980,0
2022-10-20 09:35:00,980,975,980,975,15700
2022-10-20 09:36:00,980,975,980,975,9100
2022-10-20 09:37:00,975,975,980,980,235100
2022-10-20 09:38:00,980,980,980,980,99200
2022-10-20 09:39:00,980,980,980,980,0
2022-10-20 09:40:00,980,980,980,980,60300
2022-10-20 09:41:00,980,980,980,980,37400
2022-10-20 09:42:00,980,980,980,980,14800
2022-10-20 09:43:00,980,975,980,975,9500
2022-10-20 09:44:00,975,975,975,975,102100
2022-10-20 09:45:00,975,975,975,975,0
2022-10-20 09:46:00,975,975,975,975,147500
2022-10-20 09:47:00,975,970,975,970,75400
2022-10-20 09:48:00,975,975,975,975,0
2022-10-20 09:49:00,975,975,975,975,0
2022-10-20 09:50:00,975,975,975,975,50900
2022-10-20 09:51:00,975,975,975,975,4300
2022-10-20 09:52:00,980,980,980,980,28000
2022-10-20 09:53:00,980,975,980,980,29700
2022-10-20 09:54:00,980,980,980,980,10500
2022-10-20 09:55:00,980,980,980,980,1000
2022-10-20 09:56:00,975,975,975,975,7500
2022-10-20 09:57:00,975,975,975,975,0
2022-10-20 09:58:00,975,975,975,975,0
2022-10-20 09:59:00,975,975,975,975,17400
2022-10-20 10:00:00,975,975,975,975,57100
2022-10-20 10:01:00,975,975,975,975,46500
2022-10-20 10:02:00,975,975,975,975,0
2022-10-20 10:03:00,975,975,975,975,97600
2022-10-20 10:04:00,975,975,975,975,0
2022-10-20 10:05:00,975,975,975,975,2900
2022-10-20 10:06:00,975,975,975,975,154400
2022-10-20 10:07:00,975,970,975,975,40100
2022-10-20 10:08:00,975,975,975,975,46000
2022-10-20 10:09:00,975,975,975,975,1400
2022-10-20 10:10:00,975,975,975,975,9500
2022-10-20 10:11:00,970,970,975,975,3400
2022-10-20 10:12:00,975,970,975,975,72600
2022-10-20 10:13:00,975,975,975,975,0
2022-10-20 10:14:00,975,975,975,975,3900
2022-10-20 10:15:00,975,975,975,975,0
2022-10-20 10:16:00,975,975,975,975,0
2022-10-20 10:17:00,975,970,975,970,10200
2022-10-20 10:18:00,970,970,970,970,2700
2022-10-20 10:19:00,970,970,970,970,0
2022-10-20 10:20:00,970,970,975,970,4600
2022-10-20 10:21:00,970,970,975,975,25100
2022-10-20 10:22:00,975,970,975,970,19600
2022-10-20 10:23:00,970,970,970,970,700
2022-10-20 10:24:00,970,970,970,970,0
2022-10-20 10:25:00,970,970,975,975,2500
2022-10-20 10:26:00,975,970,975,970,7200
2022-10-20 10:27:00,970,970,970,970,68400
2022-10-20 10:28:00,970,970,970,970,0
2022-10-20 10:29:00,970,970,970,970,115700
2022-10-20 10:30:00,970,970,970,970,4000
2022-10-20 10:31:00,970,965,970,965,5200
2022-10-20 10:32:00,970,970,970,970,32200
2022-10-20 10:33:00,970,965,970,965,2100
2022-10-20 10:34:00,965,965,970,970,2000
2022-10-20 10:35:00,965,965,970,970,3200
2022-10-20 10:36:00,970,965,970,965,16000
2022-10-20 10:37:00,965,965,965,965,900
2022-10-20 10:38:00,965,965,970,965,50200
2022-10-20 10:39:00,965,965,965,965,10000
2022-10-20 10:40:00,965,965,970,970,0
2022-10-20 10:41:00,970,970,970,970,1600
2022-10-20 10:42:00,965,965,970,970,6000
2022-10-20 10:43:00,970,970,970,970,140600
2022-10-20 10:44:00,970,970,970,970,0
2022-10-20 10:45:00,970,970,970,970,0
2022-10-20 10:46:00,970,970,975,970,2100
2022-10-20 10:47:00,975,975,975,975,900
2022-10-20 10:48:00,970,970,970,970,44500
2022-10-20 10:49:00,970,970,970,970,0
2022-10-20 10:50:00,970,965,970,970,10200
2022-10-20 10:51:00,965,965,970,970,18900
2022-10-20 10:52:00,970,970,970,970,6000
2022-10-20 10:53:00,970,965,970,965,49700
2022-10-20 10:54:00,965,965,970,970,6200
2022-10-20 10:55:00,970,970,970,970,100
2022-10-20 10:56:00,970,965,970,965,10000
2022-10-20 10:57:00,970,965,970,965,18300
2022-10-20 10:58:00,970,970,970,970,32000
2022-10-20 10:59:00,970,970,970,970,7600
2022-10-20 11:00:00,965,965,970,970,3300
2022-10-20 11:01:00,970,965,970,965,14400
2022-10-20 11:02:00,965,965,965,965,77900
2022-10-20 11:03:00,970,970,970,970,0
2022-10-20 11:04:00,970,970,970,970,1500
2022-10-20 11:05:00,970,965,970,965,2800
2022-10-20 11:06:00,965,965,965,965,560900
2022-10-20 11:07:00,965,965,965,965,0
2022-10-20 11:08:00,965,965,965,965,800
2022-10-20 11:09:00,965,965,965,965,0
2022-10-20 11:10:00,965,965,965,965,26500
2022-10-20 11:11:00,965,965,965,965,10200
2022-10-20 11:12:00,965,965,965,965,0
2022-10-20 11:13:00,970,965,970,970,200
2022-10-20 11:14:00,970,965,970,970,0
2022-10-20 11:15:00,965,965,965,965,247000
2022-10-20 11:16:00,965,960,965,960,60600
2022-10-20 11:17:00,960,960,965,960,4400
2022-10-20 11:18:00,960,960,965,960,38200
2022-10-20 11:19:00,965,965,965,965,900
2022-10-20 11:20:00,965,960,965,960,2000
2022-10-20 11:21:00,960,960,960,960,215300
2022-10-20 11:22:00,960,960,960,960,4900
2022-10-20 11:23:00,960,960,960,960,3000
2022-10-20 11:24:00,960,960,965,965,91400
2022-10-20 11:25:00,965,965,970,970,15300
2022-10-20 11:26:00,965,965,970,970,0
2022-10-20 11:27:00,965,965,965,965,19900
2022-10-20 11:28:00,965,965,965,965,0
2022-10-20 11:29:00,965,965,965,965,91700
2022-10-20 11:30:00,965,965,965,965,0
2022-10-20 11:31:00,965,965,965,965,0
2022-10-20 11:32:00,965,965,965,965,0
2022-10-20 11:33:00,965,965,965,965,0
2022-10-20 11:34:00,965,965,965,965,0
2022-10-20 11:35:00,965,965,965,965,0
2022-10-20 11:36:00,965,965,965,965,0
2022-10-20 11:37:00,965,965,965,965,0
2022-10-20 11:38:00,965,965,965,965,0
2022-10-20 11:39:00,965,965,965,965,0
2022-10-20 11:40:00,965,965,965,965,0
2022-10-20 11:41:00,965,965,965,965,0
2022-10-20 11:42:00,965,965,965,965,0
2022-10-20 11:43:00,965,965,965,965,0
2022-10-20 11:44:00,965,965,965,965,0
2022-10-20 11:45:00,965,965,965,965,0
2022-10-20 11:46:00,965,965,965,965,0
2022-10-20 11:47:00,965,965,965,965,0
2022-10-20 11:48:00,965,965,965,965,0
2022-10-20 11:49:00,965,965,965,965,0
2022-10-20 11:50:00,965,965,965,965,0
2022-10-20 11:51:00,965,965,965,965,0
2022-10-20 11:52:00,965,965,965,965,0
2022-10-20 11:53:00,965,965,965,965,0
2022-10-20 11:54:00,965,965,965,965,0
2022-10-20 11:55:00,965,965,965,965,0
2022-10-20 11:56:00,965,965,965,965,0
2022-10-20 11:57:00,965,965,965,965,0
2022-10-20 11:58:00,965,965,965,965,0
2022-10-20 11:59:00,965,965,965,965,0
2022-10-20 12:00:00,965,965,965,965,0
2022-10-20 12:01:00,965,965,965,965,0
2022-10-20 12:02:00,965,965,965,965,0
2022-10-20 12:03:00,965,965,965,965,0
2022-10-20 12:04:00,965,965,965,965,0
2022-10-20 12:05:00,965,965,965,965,0
2022-10-20 12:06:00,965,965,965,965,0
2022-10-20 12:07:00,965,965,965,965,0
2022-10-20 12:08:00,965,965,965,965,0
2022-10-20 12:09:00,965,965,965,965,0
2022-10-20 12:10:00,965,965,965,965,0
2022-10-20 12:11:00,965,965,965,965,0
2022-10-20 12:12:00,965,965,965,965,0
2022-10-20 12:13:00,965,965,965,965,0
2022-10-20 12:14:00,965,965,965,965,0
2022-10-20 12:15:00,965,965,965,965,0
2022-10-20 12:16:00,965,965,965,965,0
2022-10-20 12:17:00,965,965,965,965,0
2022-10-20 12:18:00,965,965,965,965,0
2022-10-20 12:19:00,965,965,965,965,0
2022-10-20 12:20:00,965,965,965,965,0
2022-10-20 12:21:00,965,965,965,965,0
2022-10-20 12:22:00,965,965,965,965,0
2022-10-20 12:23:00,965,965,965,965,0
2022-10-20 12:24:00,965,965,965,965,0
2022-10-20 12:25:00,965,965,965,965,0
2022-10-20 12:26:00,965,965,965,965,0
2022-10-20 12:27:00,965,965,965,965,0
2022-10-20 12:28:00,965,965,965,965,0
2022-10-20 12:29:00,965,965,965,965,0
2022-10-20 12:30:00,965,965,965,965,0
2022-10-20 12:31:00,965,965,965,965,0
2022-10-20 12:32:00,965,965,965,965,0
2022-10-20 12:33:00,965,965,965,965,0
2022-10-20 12:34:00,965,965,965,965,0
2022-10-20 12:35:00,965,965,965,965,0
2022-10-20 12:36:00,965,965,965,965,0
2022-10-20 12:37:00,965,965,965,965,0
2022-10-20 12:38:00,965,965,965,965,0
2022-10-20 12:39:00,965,965,965,965,0
2022-10-20 12:40:00,965,965,965,965,0
2022-10-20 12:41:00,965,965,965,965,0
2022-10-20 12:42:00,965,965,965,965,0
2022-10-20 12:43:00,965,965,965,965,0
2022-10-20 12:44:00,965,965,965,965,0
2022-10-20 12:45:00,965,965,965,965,0
2022-10-20 12:46:00,965,965,965,965,0
2022-10-20 12:47:00,965,965,965,965,0
2022-10-20 12:48:00,965,965,965,965,0
2022-10-20 12:49:00,965,965,965,965,0
2022-10-20 12:50:00,965,965,965,965,0
2022-10-20 12:51:00,965,965,965,965,0
2022-10-20 12:52:00,965,965,965,965,0
2022-10-20 12:53:00,965,965,965,965,0
2022-10-20 12:54:00,965,965,965,965,0
2022-10-20 12:55:00,965,965,965,965,0
2022-10-20 12:56:00,965,965,965,965,0
2022-10-20 12:57:00,965,965,965,965,0
2022-10-20 12:58:00,965,965,965,965,0
2022-10-20 12:59:00,965,965,965,965,0
2022-10-20 13:00:00,965,965,965,965,0
2022-10-20 13:01:00,965,965,965,965,0
2022-10-20 13:02:00,965,965,965,965,0
2022-10-20 13:03:00,965,965,965,965,0
2022-10-20 13:04:00,965,965,965,965,0
2022-10-20 13:05:00,965,965,965,965,0
2022-10-20 13:06:00,965,965,965,965,0
2022-10-20 13:07:00,965,965,965,965,0
2022-10-20 13:08:00,965,965,965,965,0
2022-10-20 13:09:00,965,965,965,965,0
2022-10-20 13:10:00,965,965,965,965,0
2022-10-20 13:11:00,965,965,965,965,0
2022-10-20 13:12:00,965,965,965,965,0
2022-10-20 13:13:00,965,965,965,965,0
2022-10-20 13:14:00,965,965,965,965,0
2022-10-20 13:15:00,965,965,965,965,0
2022-10-20 13:16:00,965,965,965,965,0
2022-10-20 13:17:00,965,965,965,965,0
2022-10-20 13:18:00,965,965,965,965,0
2022-10-20 13:19:00,965,965,965,965,0
2022-10-20 13:20:00,965,965,965,965,0
2022-10-20 13:21:00,965,965,965,965,0
2022-10-20 13:22:00,965,965,965,965,0
2022-10-20 13:23:00,965,965,965,965,0
2022-10-20 13:24:00,965,965,965,965,0
2022-10-20 13:25:00,965,965,965,965,0
2022-10-20 13:26:00,965,965,965,965,0
2022-10-20 13:27:00,965,965,965,965,0
2022-10-20 13:28:00,965,965,965,965,0
2022-10-20 13:29:00,965,965,965,965,0
2022-10-20 13:30:00,965,965,970,970,51900
2022-10-20 13:31:00,965,965,970,970,0
2022-10-20 13:32:00,970,970,970,970,30100
2022-10-20 13:33:00,965,965,970,970,0
2022-10-20 13:34:00,970,970,970,970,83200
2022-10-20 13:35:00,975,975,975,975,29600
2022-10-20 13:36:00,975,975,975,975,240500
2022-10-20 13:37:00,975,975,980,975,0
2022-10-20 13:38:00,975,975,975,975,13000
2022-10-20 13:39:00,975,975,975,975,17500
2022-10-20 13:40:00,975,975,975,975,22400
2022-10-20 13:41:00,975,970,975,970,87200
2022-10-20 13:42:00,975,970,975,970,0
2022-10-20 13:43:00,970,970,975,975,11900
2022-10-20 13:44:00,970,970,975,975,0
2022-10-20 13:45:00,975,970,975,970,0
2022-10-20 13:46:00,975,975,975,975,0
2022-10-20 13:47:00,975,970,975,970,35900
2022-10-20 13:48:00,970,970,975,975,51100
2022-10-20 13:49:00,975,970,975,970,15100
2022-10-20 13:50:00,970,970,970,970,0
2022-10-20 13:51:00,975,975,975,975,22500
2022-10-20 13:52:00,975,975,975,975,127500
2022-10-20 13:53:00,980,980,980,980,10000
2022-10-20 13:54:00,980,980,980,980,2000
2022-10-20 13:55:00,980,980,980,980,31300
2022-10-20 13:56:00,980,980,980,980,0
2022-10-20 13:57:00,975,975,975,975,6800
2022-10-20 13:58:00,975,975,975,975,7400
2022-10-20 13:59:00,975,975,975,975,2700
2022-10-20 14:00:00,975,975,980,980,331700
2022-10-20 14:01:00,980,980,985,985,25300
2022-10-20 14:02:00,985,985,985,985,6100
2022-10-20 14:03:00,985,985,985,985,15600
2022-10-20 14:04:00,985,985,985,985,80900
2022-10-20 14:05:00,985,985,985,985,0
2022-10-20 14:06:00,985,985,985,985,7100
2022-10-20 14:07:00,985,985,985,985,0
2022-10-20 14:08:00,980,980,985,985,628400
2022-10-20 14:09:00,985,985,985,985,94900
2022-10-20 14:10:00,985,985,985,985,40200
2022-10-20 14:11:00,985,985,985,985,0
2022-10-20 14:12:00,985,985,985,985,50200
2022-10-20 14:13:00,985,985,985,985,30600
2022-10-20 14:14:00,985,985,985,985,175300
2022-10-20 14:15:00,985,985,990,985,136600
2022-10-20 14:16:00,985,985,985,985,118800
2022-10-20 14:17:00,985,985,985,985,2100
2022-10-20 14:18:00,980,980,980,980,0
2022-10-20 14:19:00,985,985,985,985,200
2022-10-20 14:20:00,985,985,985,985,0
2022-10-20 14:21:00,985,985,985,985,0
2022-10-20 14:22:00,980,980,985,985,304600
2022-10-20 14:23:00,985,985,985,985,272600
2022-10-20 14:24:00,985,985,985,985,0
2022-10-20 14:25:00,985,985,990,985,162800
2022-10-20 14:26:00,985,985,985,985,602100
2022-10-20 14:27:00,985,985,985,985,0
2022-10-20 14:28:00,980,980,985,985,21200
2022-10-20 14:29:00,980,980,985,985,0
2022-10-20 14:30:00,985,985,990,990,488300
2022-10-20 14:31:00,990,985,995,990,645100
2022-10-20 14:32:00,995,990,995,995,1092700
2022-10-20 14:33:00,995,995,995,995,251200
2022-10-20 14:34:00,995,990,995,995,249900
2022-10-20 14:35:00,995,995,995,995,120000
2022-10-20 14:36:00,995,995,995,995,109400
2022-10-20 14:37:00,995,995,995,995,86900
2022-10-20 14:38:00,995,995,995,995,225900
2022-10-20 14:39:00,995,995,995,995,116500
2022-10-20 14:40:00,995,995,1000,995,107100
2022-10-20 14:41:00,995,995,995,995,499200
2022-10-20 14:42:00,995,995,1000,1000,1272500
2022-10-20 14:43:00,1000,1000,1000,1000,57800
2022-10-20 14:44:00,1000,995,1000,1000,138900
2022-10-20 14:45:00,1000,1000,1005,1000,119100
2022-10-20 14:46:00,1005,1000,1005,1000,646300
2022-10-20 14:47:00,1000,1000,1005,1000,57500
2022-10-20 14:48:00,1000,1000,1005,1005,468500
2022-10-20 14:49:00,1005,1000,1005,1005,570600
2022-10-20 14:50:00,1005,1000,1005,1005,0
2022-10-20 14:51:00,1005,1000,1005,1005,0
2022-10-20 14:52:00,1005,1000,1005,1005,0
2022-10-20 14:53:00,1005,1000,1005,1005,0
2022-10-20 14:54:00,1005,1000,1005,1005,0
2022-10-20 14:55:00,1005,1000,1005,1005,0
2022-10-20 14:56:00,1005,1000,1005,1005,0
2022-10-20 14:57:00,1005,1000,1005,1005,0
2022-10-20 14:58:00,1005,1000,1005,1005,0
2022-10-20 14:59:00,1005,1000,1005,1005,0
2022-10-20 15:00:00,1000,1000,1000,1000,1252200
2022-10-20 15:01:00,1000,1000,1000,1000,1000
2022-10-20 15:02:00,1000,1000,1000,1000,234500
2022-10-20 15:03:00,1000,1000,1000,1000,19800
2022-10-20 15:04:00,1000,1000,1000,1000,27400
2022-10-20 15:05:00,1000,1000,1000,1000,14000
2022-10-20 15:06:00,1000,1000,1000,1000,0
2022-10-20 15:07:00,1000,1000,1000,1000,0
2022-10-20 15:08:00,1000,1000,1000,1000,0
2022-10-20 15:09:00,1000,1000,1000,1000,6700
2022-10-20 15:10:00,1000,1000,1000,1000,0
2022-10-20 15:11:00,1000,1000,1000,1000,0
2022-10-20 15:12:00,1000,1000,1000,1000,0
2022-10-20 15:13:00,1000,1000,1000,1000,0
2022-10-20 15:14:00,1000,1000,1000,1000,38442900
2022-10-20 15:15:00,1000,1000,1000,1000,0
2022-10-20 15:16:00,1000,1000,1000,1000,0
2022-10-20 15:17:00,1000,1000,1000,1000,0
2022-10-20 15:18:00,1000,1000,1000,1000,0
2022-10-20 15:19:00,1000,1000,1000,1000,0
2022-10-20 15:20:00,1000,1000,1000,1000,0
2022-10-20 15:21:00,1000,1000,1000,1000,0
2022-10-20 15:22:00,1000,1000,1000,1000,0
2022-10-20 15:23:00,1000,1000,1000,1000,0
2022-10-20 15:24:00,1000,1000,1000,1000,0
2022-10-20 15:25:00,1000,1000,1000,1000,0
2022-10-20 15:26:00,1000,1000,1000,1000,0
2022-10-20 15:27:00,1000,1000,1000,1000,0
2022-10-20 15:28:00,1000,1000,1000,1000,0
2022-10-20 15:29:00,1000,1000,1000,1000,0
2022-10-20 15:30:00,1000,1000,1000,1000,0
2022-10-20 15:31:00,1000,1000,1000,1000,0
2022-10-20 15:32:00,1000,1000,1000,1000,0
2022-10-20 15:33:00,1000,1000,1000,1000,0
2022-10-20 15:34:00,1000,1000,1000,1000,0
2022-10-20 15:35:00,1000,1000,1000,1000,0
2022-10-20 15:36:00,1000,1000,1000,1000,0
2022-10-20 15:37:00,1000,1000,1000,1000,0
2022-10-20 15:38:00,1000,1000,1000,1000,0
2022-10-20 15:39:00,1000,1000,1000,1000,0
2022-10-20 15:40:00,1000,1000,1000,1000,0
2022-10-20 15:41:00,1000,1000,1000,1000,0
2022-10-20 15:42:00,1000,1000,1000,1000,0
2022-10-20 15:43:00,1000,1000,1000,1000,0
2022-10-20 15:44:00,1000,1000,1000,1000,0
2022-10-20 15:45:00,1000,1000,1000,1000,0
2022-10-20 15:46:00,1000,1000,1000,1000,0
2022-10-20 15:47:00,1000,1000,1000,1000,0
2022-10-20 15:48:00,1000,1000,1000,1000,0
2022-10-20 15:49:00,1000,1000,1000,1000,0
2022-10-20 15:50:00,1000,1000,1000,1000,0
2022-10-20 15:51:00,1000,1000,1000,1000,0
2022-10-20 15:52:00,1000,1000,1000,1000,0
2022-10-20 15:53:00,1000,1000,1000,1000,0
2022-10-20 15:54:00,1000,1000,1000,1000,0
2022-10-20 15:55:00,1000,1000,1000,1000,0
2022-10-20 15:56:00,1000,1000,1000,1000,0
2022-10-20 15:57:00,1000,1000,1000,1000,0
2022-10-20 15:58:00,1000,1000,1000,1000,0
2022-10-20 15:59:00,1000,1000,1000,1000,0
2022-10-21 09:00:00,1000,995,1000,995,0
2022-10-21 09:01:00,995,995,995,995,18000
2022-10-21 09:02:00,995,995,995,995,16600
2022-10-21 09:03:00,995,995,1000,995,27200
2022-10-21 09:04:00,995,995,995,995,14500
2022-10-21 09:05:00,995,995,995,995,700
2022-10-21 09:06:00,995,995,995,995,5300
2022-10-21 09:07:00,995,995,995,995,4300
2022-10-21 09:08:00,1000,995,1000,1000,21700
2022-10-21 09:09:00,1000,1000,1010,1010,1699300
2022-10-21 09:10:00,1010,1000,1010,1005,1170000
2022-10-21 09:11:00,1005,1000,1010,1010,273500
2022-10-21 09:12:00,1005,1000,1005,1000,1696600
2022-10-21 09:13:00,1000,1000,1005,1005,10078500
2022-10-21 09:14:00,1005,1000,1005,1000,257600
2022-10-21 09:15:00,1000,1000,1015,1010,11462500
2022-10-21 09:16:00,1005,1005,1015,1005,314400
2022-10-21 09:17:00,1005,1005,1005,1005,12200
2022-10-21 09:18:00,1005,1005,1005,1005,0
2022-10-21 09:19:00,1005,1000,1005,1000,112100
2022-10-21 09:20:00,1000,1000,1000,1000,211300
2022-10-21 09:21:00,1000,1000,1000,1000,52900
2022-10-21 09:22:00,1000,1000,1005,1005,11900
2022-10-21 09:23:00,1000,1000,1005,1005,0
2022-10-21 09:24:00,1000,1000,1005,1005,0
2022-10-21 09:25:00,1000,1000,1000,1000,200
2022-10-21 09:26:00,1005,1000,1005,1005,193500
2022-10-21 09:27:00,1005,1005,1005,1005,36900
2022-10-21 09:28:00,1005,1005,1005,1005,13300
2022-10-21 09:29:00,1005,1005,1005,1005,0
2022-10-21 09:30:00,1005,1005,1005,1005,0
2022-10-21 09:31:00,1005,1005,1005,1005,168000
2022-10-21 09:32:00,1005,1005,1010,1005,53300
2022-10-21 09:33:00,1005,1005,1010,1005,29100
2022-10-21 09:34:00,1005,1005,1010,1010,103800
2022-10-21 09:35:00,1005,1005,1005,1005,57900
2022-10-21 09:36:00,1005,1000,1005,1005,13800
2022-10-21 09:37:00,1000,1000,1005,1000,85100
2022-10-21 09:38:00,1000,1000,1000,1000,48600
2022-10-21 09:39:00,1000,1000,1005,1005,8500
2022-10-21 09:40:00,1000,1000,1000,1000,700
2022-10-21 09:41:00,1000,1000,1000,1000,0
2022-10-21 09:42:00,1000,1000,1000,1000,12200
2022-10-21 09:43:00,1000,1000,1005,1005,4300
2022-10-21 09:44:00,1000,1000,1005,1005,0
2022-10-21 09:45:00,1000,1000,1000,1000,100
2022-10-21 09:46:00,1000,1000,1000,1000,0
2022-10-21 09:47:00,1000,1000,1005,1005,2400
2022-10-21 09:48:00,1000,1000,1005,1005,0
2022-10-21 09:49:00,1000,1000,1000,1000,433100
2022-10-21 09:50:00,1000,1000,1000,1000,13000
2022-10-21 09:51:00,1000,1000,1000,1000,107800
2022-10-21 09:52:00,1000,1000,1000,1000,11500
2022-10-21 09:53:00,1000,1000,1000,1000,4200
2022-10-21 09:54:00,1000,1000,1000,1000,9000
2022-10-21 09:55:00,1000,1000,1000,1000,0
2022-10-21 09:56:00,1000,1000,1000,1000,600
2022-10-21 09:57:00,1000,1000,1000,1000,0
2022-10-21 09:58:00,1000,1000,1000,1000,0
2022-10-21 09:59:00,1000,995,1000,1000,255500
2022-10-21 10:00:00,1000,1000,1000,1000,4000
2022-10-21 10:01:00,1000,1000,1000,1000,0
2022-10-21 10:02:00,1000,1000,1000,1000,5100
2022-10-21 10:03:00,1000,1000,1000,1000,0
2022-10-21 10:04:00,1000,1000,1000,1000,100
2022-10-21 10:05:00,995,995,995,995,1200
2022-10-21 10:06:00,1000,1000,1000,1000,1600
2022-10-21 10:07:00,995,995,995,995,1500
2022-10-21 10:08:00,995,995,995,995,204400
2022-10-21 10:09:00,1000,1000,1000,1000,0
2022-10-21 10:10:00,995,995,995,995,31700
2022-10-21 10:11:00,995,995,995,995,7000
2022-10-21 10:12:00,995,995,995,995,31400
2022-10-21 10:13:00,995,995,995,995,0
2022-10-21 10:14:00,995,995,995,995,36700
2022-10-21 10:15:00,995,995,995,995,0
2022-10-21 10:16:00,995,995,995,995,0
2022-10-21 10:17:00,1000,995,1000,995,1700
2022-10-21 10:18:00,995,995,995,995,42400
2022-10-21 10:19:00,1000,995,1000,995,10400
2022-10-21 10:20:00,1000,995,1000,995,0
2022-10-21 10:21:00,995,995,995,995,0
2022-10-21 10:22:00,995,995,995,995,0
2022-10-21 10:23:00,995,995,995,995,0
2022-10-21 10:24:00,995,995,995,995,28000
2022-10-21 10:25:00,995,995,995,995,68800
2022-10-21 10:26:00,995,995,995,995,0
2022-10-21 10:27:00,995,995,995,995,0
2022-10-21 10:28:00,1000,1000,1000,1000,0
2022-10-21 10:29:00,1000,1000,1000,1000,400
2022-10-21 10:30:00,995,995,1000,1000,3800
2022-10-21 10:31:00,995,995,1000,1000,124400
2022-10-21 10:32:00,995,995,1000,1000,0
2022-10-21 10:33:00,1000,1000,1000,1000,103700
2022-10-21 10:34:00,1000,1000,1000,1000,13900
2022-10-21 10:35:00,995,995,995,995,97600
2022-10-21 10:36:00,1000,1000,1000,1000,0
2022-10-21 10:37:00,1000,1000,1000,1000,2600
2022-10-21 10:38:00,1000,1000,1000,1000,0
2022-10-21 10:39:00,1000,1000,1000,1000,0
2022-10-21 10:40:00,1000,1000,1000,1000,1300
2022-10-21 10:41:00,1000,1000,1000,1000,0
2022-10-21 10:42:00,1000,1000,1000,1000,99200
2022-10-21 10:43:00,1000,1000,1000,1000,127400
2022-10-21 10:44:00,1000,1000,1000,1000,1800
2022-10-21 10:45:00,1000,1000,1000,1000,0
2022-10-21 10:46:00,1000,1000,1000,1000,0
2022-10-21 10:47:00,1000,1000,1000,1000,0
2022-10-21 10:48:00,1000,1000,1000,1000,0
2022-10-21 10:49:00,995,995,995,995,553900
2022-10-21 10:50:00,990,980,990,980,805700
2022-10-21 10:51:00,985,985,985,985,0
2022-10-21 10:52:00,990,985,990,985,4500
2022-10-21 10:53:00,985,985,990,985,8200
2022-10-21 10:54:00,985,985,990,990,14400
2022-10-21 10:55:00,990,990,990,990,18200
2022-10-21 10:56:00,985,985,990,990,2200
2022-10-21 10:57:00,990,985,990,985,43000
2022-10-21 10:58:00,990,985,990,985,0
2022-10-21 10:59:00,990,985,990,985,0
2022-10-21 11:00:00,990,985,990,985,10000
2022-10-21 11:01:00,990,990,990,990,0
2022-10-21 11:02:00,990,990,990,990,1500
2022-10-21 11:03:00,990,990,990,990,1300
2022-10-21 11:04:00,990,990,990,990,2000
2022-10-21 11:05:00,990,990,990,990,7100
2022-10-21 11:06:00,990,990,990,990,0
2022-10-21 11:07:00,990,990,990,990,0
2022-10-21 11:08:00,990,990,990,990,0
2022-10-21 11:09:00,990,990,990,990,0
2022-10-21 11:10:00,990,990,990,990,0
2022-10-21 11:11:00,990,990,990,990,0
2022-10-21 11:12:00,990,990,990,990,58900
2022-10-21 11:13:00,990,990,990,990,19900
2022-10-21 11:14:00,990,985,990,990,0
2022-10-21 11:15:00,990,990,990,990,300
2022-10-21 11:16:00,990,990,990,990,0
2022-10-21 11:17:00,990,990,990,990,1000
2022-10-21 11:18:00,990,990,990,990,0
2022-10-21 11:19:00,990,990,990,990,0
2022-10-21 11:20:00,990,990,990,990,300
2022-10-21 11:21:00,990,990,990,990,46700
2022-10-21 11:22:00,995,995,995,995,1000
2022-10-21 11:23:00,990,990,990,990,1300
2022-10-21 11:24:00,990,990,990,990,19100
2022-10-21 11:25:00,990,990,990,990,300
2022-10-21 11:26:00,990,990,990,990,200
2022-10-21 11:27:00,990,990,990,990,0
2022-10-21 11:28:00,990,990,990,990,100
2022-10-21 11:29:00,990,990,990,990,0
2022-10-21 11:30:00,990,990,990,990,0
2022-10-21 11:31:00,990,990,990,990,0
2022-10-21 11:32:00,990,990,990,990,0
2022-10-21 11:33:00,990,990,990,990,0
2022-10-21 11:34:00,990,990,990,990,0
2022-10-21 11:35:00,990,990,990,990,0
2022-10-21 11:36:00,990,990,990,990,0
2022-10-21 11:37:00,990,990,990,990,0
2022-10-21 11:38:00,990,990,990,990,0
2022-10-21 11:39:00,990,990,990,990,0
2022-10-21 11:40:00,990,990,990,990,0
2022-10-21 11:41:00,990,990,990,990,0
2022-10-21 11:42:00,990,990,990,990,0
2022-10-21 11:43:00,990,990,990,990,0
2022-10-21 11:44:00,990,990,990,990,0
2022-10-21 11:45:00,990,990,990,990,0
2022-10-21 11:46:00,990,990,990,990,0
2022-10-21 11:47:00,990,990,990,990,0
2022-10-21 11:48:00,990,990,990,990,0
2022-10-21 11:49:00,990,990,990,990,0
2022-10-21 11:50:00,990,990,990,990,0
2022-10-21 11:51:00,990,990,990,990,0
2022-10-21 11:52:00,990,990,990,990,0
2022-10-21 11:53:00,990,990,990,990,0
2022-10-21 11:54:00,990,990,990,990,0
2022-10-21 11:55:00,990,990,990,990,0
2022-10-21 11:56:00,990,990,990,990,0
2022-10-21 11:57:00,990,990,990,990,0
2022-10-21 11:58:00,990,990,990,990,0
2022-10-21 11:59:00,990,990,990,990,0
2022-10-21 12:00:00,990,990,990,990,0
2022-10-21 12:01:00,990,990,990,990,0
2022-10-21 12:02:00,990,990,990,990,0
2022-10-21 12:03:00,990,990,990,990,0
2022-10-21 12:04:00,990,990,990,990,0
2022-10-21 12:05:00,990,990,990,990,0
2022-10-21 12:06:00,990,990,990,990,0
2022-10-21 12:07:00,990,990,990,990,0
2022-10-21 12:08:00,990,990,990,990,0
2022-10-21 12:09:00,990,990,990,990,0
2022-10-21 12:10:00,990,990,990,990,0
2022-10-21 12:11:00,990,990,990,990,0
2022-10-21 12:12:00,990,990,990,990,0
2022-10-21 12:13:00,990,990,990,990,0
2022-10-21 12:14:00,990,990,990,990,0
2022-10-21 12:15:00,990,990,990,990,0
2022-10-21 12:16:00,990,990,990,990,0
2022-10-21 12:17:00,990,990,990,990,0
2022-10-21 12:18:00,990,990,990,990,0
2022-10-21 12:19:00,990,990,990,990,0
2022-10-21 12:20:00,990,990,990,990,0
2022-10-21 12:21:00,990,990,990,990,0
2022-10-21 12:22:00,990,990,990,990,0
2022-10-21 12:23:00,990,990,990,990,0
2022-10-21 12:24:00,990,990,990,990,0
2022-10-21 12:25:00,990,990,990,990,0
2022-10-21 12:26:00,990,990,990,990,0
2022-10-21 12:27:00,990,990,990,990,0
2022-10-21 12:28:00,990,990,990,990,0
2022-10-21 12:29:00,990,990,990,990,0
2022-10-21 12:30:00,990,990,990,990,0
2022-10-21 12:31:00,990,990,990,990,0
2022-10-21 12:32:00,990,990,990,990,0
2022-10-21 12:33:00,990,990,990,990,0
2022-10-21 12:34:00,990,990,990,990,0
2022-10-21 12:35:00,990,990,990,990,0
2022-10-21 12:36:00,990,990,990,990,0
2022-10-21 12:37:00,990,990,990,990,0
2022-10-21 12:38:00,990,990,990,990,0
2022-10-21 12:39:00,990,990,990,990,0
2022-10-21 12:40:00,990,990,990,990,0
2022-10-21 12:41:00,990,990,990,990,0
2022-10-21 12:42:00,990,990,990,990,0
2022-10-21 12:43:00,990,990,990,990,0
2022-10-21 12:44:00,990,990,990,990,0
2022-10-21 12:45:00,990,990,990,990,0
2022-10-21 12:46:00,990,990,990,990,0
2022-10-21 12:47:00,990,990,990,990,0
2022-10-21 12:48:00,990,990,990,990,0
2022-10-21 12:49:00,990,990,990,990,0
2022-10-21 12:50:00,990,990,990,990,0
2022-10-21 12:51:00,990,990,990,990,0
2022-10-21 12:52:00,990,990,990,990,0
2022-10-21 12:53:00,990,990,990,990,0
2022-10-21 12:54:00,990,990,990,990,0
2022-10-21 12:55:00,990,990,990,990,0
2022-10-21 12:56:00,990,990,990,990,0
2022-10-21 12:57:00,990,990,990,990,0
2022-10-21 12:58:00,990,990,990,990,0
2022-10-21 12:59:00,990,990,990,990,0
2022-10-21 13:00:00,990,990,990,990,0
2022-10-21 13:01:00,990,990,990,990,0
2022-10-21 13:02:00,990,990,990,990,0
2022-10-21 13:03:00,990,990,990,990,0
2022-10-21 13:04:00,990,990,990,990,0
2022-10-21 13:05:00,990,990,990,990,0
2022-10-21 13:06:00,990,990,990,990,0
2022-10-21 13:07:00,990,990,990,990,0
2022-10-21 13:08:00,990,990,990,990,0
2022-10-21 13:09:00,990,990,990,990,0
2022-10-21 13:10:00,990,990,990,990,0
2022-10-21 13:11:00,990,990,990,990,0
2022-10-21 13:12:00,990,990,990,990,0
2022-10-21 13:13:00,990,990,990,990,0
2022-10-21 13:14:00,990,990,990,990,0
2022-10-21 13:15:00,990,990,990,990,0
2022-10-21 13:16:00,990,990,990,990,0
2022-10-21 13:17:00,990,990,990,990,0
2022-10-21 13:18:00,990,990,990,990,0
2022-10-21 13:19:00,990,990,990,990,0
2022-10-21 13:20:00,990,990,990,990,0
2022-10-21 13:21:00,990,990,990,990,0
2022-10-21 13:22:00,990,990,990,990,0
2022-10-21 13:23:00,990,990,990,990,0
2022-10-21 13:24:00,990,990,990,990,0
2022-10-21 13:25:00,990,990,990,990,0
2022-10-21 13:26:00,990,990,990,990,0
2022-10-21 13:27:00,990,990,990,990,0
2022-10-21 13:28:00,990,990,990,990,0
2022-10-21 13:29:00,990,990,990,990,0
2022-10-21 13:30:00,990,990,990,990,21100
2022-10-21 13:31:00,990,990,990,990,0
2022-10-21 13:32:00,990,990,990,990,0
2022-10-21 13:33:00,990,990,990,990,0
2022-10-21 13:34:00,990,990,990,990,0
2022-10-21 13:35:00,990,990,990,990,0
2022-10-21 13:36:00,990,990,990,990,5300
2022-10-21 13:37:00,990,990,995,995,250600
2022-10-21 13:38:00,995,995,995,995,0
2022-10-21 13:39:00,995,995,995,995,0
2022-10-21 13:40:00,995,995,995,995,0
2022-10-21 13:41:00,990,990,995,990,13200
2022-10-21 13:42:00,995,995,995,995,0
2022-10-21 13:43:00,995,990,995,990,200
2022-10-21 13:44:00,990,990,990,990,1900
2022-10-21 13:45:00,990,990,990,990,3100
2022-10-21 13:46:00,995,995,995,995,294200
2022-10-21 13:47:00,1000,1000,1000,1000,167700
2022-10-21 13:48:00,1000,1000,1000,1000,64500
2022-10-21 13:49:00,1000,1000,1000,1000,0
2022-10-21 13:50:00,1000,1000,1000,1000,5000
2022-10-21 13:51:00,1000,1000,1000,1000,45700
2022-10-21 13:52:00,1000,1000,1000,1000,0
2022-10-21 13:53:00,1000,1000,1000,1000,0
2022-10-21 13:54:00,995,995,1000,995,86700
2022-10-21 13:55:00,995,995,995,995,7500
2022-10-21 13:56:00,995,995,995,995,218800
2022-10-21 13:57:00,995,995,995,995,0
2022-10-21 13:58:00,995,995,995,995,114000
2022-10-21 13:59:00,1000,1000,1000,1000,159100
2022-10-21 14:00:00,1000,1000,1000,1000,0
2022-10-21 14:01:00,1000,1000,1000,1000,28000
2022-10-21 14:02:00,1005,1005,1020,1015,4077000
2022-10-21 14:03:00,1015,1010,1015,1010,275100
2022-10-21 14:04:00,1010,1010,1015,1010,34800
2022-10-21 14:05:00,1010,1010,1010,1010,19600
2022-10-21 14:06:00,1010,1010,1010,1010,173500
2022-10-21 14:07:00,1010,1010,1010,1010,16600
2022-10-21 14:08:00,1010,1010,1010,1010,52900
2022-10-21 14:09:00,1005,1005,1010,1010,1500
2022-10-21 14:10:00,1005,1005,1005,1005,97300
2022-10-21 14:11:00,1005,995,1005,1000,536000
2022-10-21 14:12:00,1000,995,1000,995,170500
2022-10-21 14:13:00,995,990,995,990,560200
2022-10-21 14:14:00,990,990,990,990,203300
2022-10-21 14:15:00,990,990,990,990,14800
2022-10-21 14:16:00,990,990,990,990,289000
2022-10-21 14:17:00,985,985,990,990,0
2022-10-21 14:18:00,985,985,990,990,0
2022-10-21 14:19:00,990,990,1000,1000,1884200
2022-10-21 14:20:00,995,995,995,995,0
2022-10-21 14:21:00,995,995,995,995,0
2022-10-21 14:22:00,995,995,995,995,0
2022-10-21 14:23:00,1000,1000,1000,1000,300
2022-10-21 14:24:00,995,995,995,995,10200
2022-10-21 14:25:00,990,990,990,990,1100
2022-10-21 14:26:00,990,990,990,990,0
2022-10-21 14:27:00,995,995,995,995,500
2022-10-21 14:28:00,995,990,995,990,4400
2022-10-21 14:29:00,995,990,995,990,0
2022-10-21 14:30:00,995,990,995,990,0
2022-10-21 14:31:00,995,990,995,990,0
2022-10-21 14:32:00,995,990,995,990,40800
2022-10-21 14:33:00,990,990,995,995,67100
2022-10-21 14:34:00,995,995,995,995,0
2022-10-21 14:35:00,995,995,995,995,0
2022-10-21 14:36:00,995,995,995,995,600
2022-10-21 14:37:00,995,995,995,995,42700
2022-10-21 14:38:00,995,990,995,995,33200
2022-10-21 14:39:00,995,995,995,995,0
2022-10-21 14:40:00,995,995,995,995,600
2022-10-21 14:41:00,995,990,995,990,102800
2022-10-21 14:42:00,990,990,990,990,29100
2022-10-21 14:43:00,990,985,990,985,11400
2022-10-21 14:44:00,990,990,990,990,21700
2022-10-21 14:45:00,990,985,990,985,26000
2022-10-21 14:46:00,985,980,990,980,599100
2022-10-21 14:47:00,980,975,985,980,531000
2022-10-21 14:48:00,980,975,985,985,441200
2022-10-21 14:49:00,985,980,985,980,130100
2022-10-21 14:50:00,985,980,985,980,0
2022-10-21 14:51:00,985,980,985,980,0
2022-10-21 14:52:00,985,980,985,980,0
2022-10-21 14:53:00,985,980,985,980,0
2022-10-21 14:54:00,985,980,985,980,0
2022-10-21 14:55:00,985,980,985,980,0
2022-10-21 14:56:00,985,980,985,980,0
2022-10-21 14:57:00,985,980,985,980,0
2022-10-21 14:58:00,985,980,985,980,0
2022-10-21 14:59:00,985,980,985,980,0
2022-10-21 15:00:00,970,970,970,970,913600
2022-10-21 15:01:00,970,970,970,970,316600
2022-10-21 15:02:00,970,970,970,970,47500
2022-10-21 15:03:00,970,970,970,970,54500
2022-10-21 15:04:00,970,970,970,970,156500
2022-10-21 15:05:00,970,970,970,970,177300
2022-10-21 15:06:00,970,970,970,970,0
2022-10-21 15:07:00,970,970,970,970,40000
2022-10-21 15:08:00,970,970,970,970,0
2022-10-21 15:09:00,970,970,970,970,0
2022-10-21 15:10:00,970,970,970,970,225000
2022-10-21 15:11:00,970,970,970,970,240600
2022-10-21 15:12:00,970,970,970,970,0
2022-10-21 15:13:00,970,970,970,970,12900
2022-10-21 15:14:00,970,970,970,970,0
2022-10-21 15:15:00,970,970,970,970,0
2022-10-21 15:16:00,970,970,970,970,0
2022-10-21 15:17:00,970,970,970,970,0
2022-10-21 15:18:00,970,970,970,970,0
2022-10-21 15:19:00,970,970,970,970,0
2022-10-21 15:20:00,970,970,970,970,0
2022-10-21 15:21:00,970,970,970,970,0
2022-10-21 15:22:00,970,970,970,970,0
2022-10-21 15:23:00,970,970,970,970,0
2022-10-21 15:24:00,970,970,970,970,0
2022-10-21 15:25:00,970,970,970,970,0
2022-10-21 15:26:00,970,970,970,970,0
2022-10-21 15:27:00,970,970,970,970,0
2022-10-21 15:28:00,970,970,970,970,0
2022-10-21 15:29:00,970,970,970,970,0
2022-10-21 15:30:00,970,970,970,970,0
2022-10-21 15:31:00,970,970,970,970,0
2022-10-21 15:32:00,970,970,970,970,0
2022-10-21 15:33:00,970,970,970,970,0
2022-10-21 15:34:00,970,970,970,970,0
2022-10-21 15:35:00,970,970,970,970,0
2022-10-21 15:36:00,970,970,970,970,0
2022-10-21 15:37:00,970,970,970,970,0
2022-10-21 15:38:00,970,970,970,970,0
2022-10-21 15:39:00,970,970,970,970,0
2022-10-21 15:40:00,970,970,970,970,0
2022-10-21 15:41:00,970,970,970,970,0
2022-10-21 15:42:00,970,970,970,970,0
2022-10-21 15:43:00,970,970,970,970,0
2022-10-21 15:44:00,970,970,970,970,0
2022-10-21 15:45:00,970,970,970,970,0
2022-10-21 15:46:00,970,970,970,970,0
2022-10-21 15:47:00,970,970,970,970,0
2022-10-21 15:48:00,970,970,970,970,0
2022-10-21 15:49:00,970,970,970,970,0
2022-10-21 15:50:00,970,970,970,970,0
2022-10-21 15:51:00,970,970,970,970,0
2022-10-21 15:52:00,970,970,970,970,0
2022-10-21 15:53:00,970,970,970,970,0
2022-10-21 15:54:00,970,970,970,970,0
2022-10-21 15:55:00,970,970,970,970,0
2022-10-21 15:56:00,970,970,970,970,0
2022-10-21 15:57:00,970,970,970,970,0
2022-10-21 15:58:00,970,970,970,970,0
2022-10-21 15:59:00,970,970,970,970,0
2022-10-24 09:00:00,970,970,985,980,0
2022-10-24 09:01:00,980,980,980,980,15300
2022-10-24 09:02:00,985,985,985,985,4400
2022-10-24 09:03:00,985,980,985,985,307900
2022-10-24 09:04:00,980,975,980,980,114500
2022-10-24 09:05:00,975,975,980,980,66900
2022-10-24 09:06:00,980,980,980,980,116300
2022-10-24 09:07:00,980,980,980,980,26100
2022-10-24 09:08:00,980,975,980,975,26600
2022-10-24 09:09:00,980,975,980,980,110700
2022-10-24 09:10:00,980,980,980,980,0
2022-10-24 09:11:00,985,980,985,980,109100
2022-10-24 09:12:00,980,980,985,985,28000
2022-10-24 09:13:00,980,980,980,980,201200
2022-10-24 09:14:00,980,980,980,980,31200
2022-10-24 09:15:00,980,980,980,980,20700
2022-10-24 09:16:00,980,980,980,980,14900
2022-10-24 09:17:00,980,980,980,980,18000
2022-10-24 09:18:00,980,980,980,980,34600
2022-10-24 09:19:00,980,980,980,980,0
2022-10-24 09:20:00,975,975,975,975,0
2022-10-24 09:21:00,975,975,985,985,7400
2022-10-24 09:22:00,985,980,985,980,4700
2022-10-24 09:23:00,980,980,980,980,2100
2022-10-24 09:24:00,980,975,980,975,74900
2022-10-24 09:25:00,980,975,980,975,0
2022-10-24 09:26:00,980,980,980,980,16000
2022-10-24 09:27:00,980,980,980,980,2700
2022-10-24 09:28:00,980,980,980,980,0
2022-10-24 09:29:00,980,980,980,980,8000
2022-10-24 09:30:00,980,980,980,980,32500
2022-10-24 09:31:00,980,980,980,980,3900
2022-10-24 09:32:00,980,980,980,980,17500
2022-10-24 09:33:00,980,975,980,975,0
2022-10-24 09:34:00,980,975,980,975,34200
2022-10-24 09:35:00,980,980,980,980,29100
2022-10-24 09:36:00,980,980,980,980,2000
2022-10-24 09:37:00,980,975,980,975,48500
2022-10-24 09:38:00,975,975,975,975,2000
2022-10-24 09:39:00,975,975,975,975,0
2022-10-24 09:40:00,975,975,980,975,9000
2022-10-24 09:41:00,975,975,975,975,15200
2022-10-24 09:42:00,975,975,975,975,0
2022-10-24 09:43:00,975,975,980,980,173800
2022-10-24 09:44:00,980,980,980,980,72600
2022-10-24 09:45:00,980,980,980,980,35400
2022-10-24 09:46:00,980,980,980,980,0
2022-10-24 09:47:00,980,980,980,980,3600
2022-10-24 09:48:00,980,980,980,980,0
2022-10-24 09:49:00,980,980,980,980,3400
2022-10-24 09:50:00,980,980,980,980,100
2022-10-24 09:51:00,980,980,980,980,0
2022-10-24 09:52:00,980,980,980,980,400
2022-10-24 09:53:00,980,980,985,985,17200
2022-10-24 09:54:00,980,980,985,985,0
2022-10-24 09:55:00,985,985,985,985,1000
2022-10-24 09:56:00,985,980,985,980,11900
2022-10-24 09:57:00,980,980,980,980,51400
2022-10-24 09:58:00,980,980,985,985,15300
2022-10-24 09:59:00,985,985,985,985,0
2022-10-24 10:00:00,985,985,985,985,300
2022-10-24 10:01:00,985,985,985,985,0
2022-10-24 10:02:00,985,985,985,985,100
2022-10-24 10:03:00,985,985,985,985,0
2022-10-24 10:04:00,980,980,985,985,10700
2022-10-24 10:05:00,980,980,985,985,0
2022-10-24 10:06:00,980,980,985,985,0
2022-10-24 10:07:00,985,985,985,985,0
2022-10-24 10:08:00,980,980,985,985,22300
2022-10-24 10:09:00,980,980,985,985,10100
2022-10-24 10:10:00,980,980,985,985,10200
2022-10-24 10:11:00,980,980,980,980,5900
2022-10-24 10:12:00,980,980,980,980,29000
2022-10-24 10:13:00,980,980,985,980,58400
2022-10-24 10:14:00,980,975,980,975,13700
2022-10-24 10:15:00,980,975,980,975,1500
2022-10-24 10:16:00,980,980,980,980,145100
2022-10-24 10:17:00,980,980,980,980,0
2022-10-24 10:18:00,980,980,980,980,42500
2022-10-24 10:19:00,980,980,980,980,33800
2022-10-24 10:20:00,980,970,980,970,1485400
2022-10-24 10:21:00,970,970,970,970,35800
2022-10-24 10:22:00,970,970,975,975,1000
2022-10-24 10:23:00,975,970,975,970,28400
2022-10-24 10:24:00,975,970,975,975,13800
2022-10-24 10:25:00,975,975,980,975,32300
2022-10-24 10:26:00,975,970,975,970,357400
2022-10-24 10:27:00,975,970,975,970,0
2022-10-24 10:28:00,980,980,980,980,0
2022-10-24 10:29:00,980,980,980,980,0
2022-10-24 10:30:00,980,980,985,980,156400
2022-10-24 10:31:00,980,975,980,980,37800
2022-10-24 10:32:00,975,975,980,980,2600
2022-10-24 10:33:00,980,980,980,980,0
2022-10-24 10:34:00,980,980,980,980,1600
2022-10-24 10:35:00,980,980,980,980,3200
2022-10-24 10:36:00,975,975,975,975,0
2022-10-24 10:37:00,975,975,975,975,41600
2022-10-24 10:38:00,980,975,980,975,16200
2022-10-24 10:39:00,980,980,980,980,0
2022-10-24 10:40:00,975,975,975,975,9800
2022-10-24 10:41:00,975,975,975,975,0
2022-10-24 10:42:00,975,975,975,975,1000
2022-10-24 10:43:00,975,975,975,975,0
2022-10-24 10:44:00,975,975,975,975,0
2022-10-24 10:45:00,975,975,975,975,14200
2022-10-24 10:46:00,975,975,975,975,1500
2022-10-24 10:47:00,975,975,975,975,0
2022-10-24 10:48:00,980,980,980,980,20800
2022-10-24 10:49:00,980,980,980,980,0
2022-10-24 10:50:00,980,980,980,980,0
2022-10-24 10:51:00,980,980,980,980,1600
2022-10-24 10:52:00,980,980,980,980,0
2022-10-24 10:53:00,975,975,975,975,9100
2022-10-24 10:54:00,975,975,975,975,0
2022-10-24 10:55:00,975,975,975,975,1000
2022-10-24 10:56:00,980,975,980,975,5600
2022-10-24 10:57:00,980,975,980,975,0
2022-10-24 10:58:00,975,975,975,975,0
2022-10-24 10:59:00,975,975,975,975,198500
2022-10-24 11:00:00,975,975,975,975,0
2022-10-24 11:01:00,975,975,975,975,0
2022-10-24 11:02:00,975,975,975,975,500
2022-10-24 11:03:00,975,975,975,975,14800
2022-10-24 11:04:00,975,975,980,980,0
2022-10-24 11:05:00,980,975,980,975,24700
2022-10-24 11:06:00,975,970,975,975,2900
2022-10-24 11:07:00,975,975,975,975,26100
2022-10-24 11:08:00,975,975,975,975,0
2022-10-24 11:09:00,975,975,975,975,0
2022-10-24 11:10:00,975,970,975,970,28900
2022-10-24 11:11:00,970,970,975,970,200000
2022-10-24 11:12:00,970,970,975,975,4600
2022-10-24 11:13:00,975,970,975,970,13200
2022-10-24 11:14:00,975,970,975,970,0
2022-10-24 11:15:00,975,970,975,970,0
2022-10-24 11:16:00,975,970,975,970,0
2022-10-24 11:17:00,975,970,975,970,0
2022-10-24 11:18:00,970,970,970,970,1500
2022-10-24 11:19:00,975,970,975,970,5700
2022-10-24 11:20:00,975,970,975,975,18400
2022-10-24 11:21:00,975,975,975,975,1900
2022-10-24 11:22:00,975,975,975,975,1000
2022-10-24 11:23:00,970,970,975,975,4600
2022-10-24 11:24:00,970,970,975,975,0
2022-10-24 11:25:00,975,970,975,970,2300
2022-10-24 11:26:00,970,970,970,970,2900
2022-10-24 11:27:00,970,970,970,970,0
2022-10-24 11:28:00,970,970,970,970,53600
2022-10-24 11:29:00,970,970,975,975,600
2022-10-24 11:30:00,970,970,975,975,0
2022-10-24 11:31:00,970,970,975,975,0
2022-10-24 11:32:00,970,970,975,975,0
2022-10-24 11:33:00,970,970,975,975,0
2022-10-24 11:34:00,970,970,975,975,0
2022-10-24 11:35:00,970,970,975,975,0
2022-10-24 11:36:00,970,970,975,975,0
2022-10-24 11:37:00,970,970,975,975,0
2022-10-24 11:38:00,970,970,975,975,0
2022-10-24 11:39:00,970,970,975,975,0
2022-10-24 11:40:00,970,970,975,975,0
2022-10-24 11:41:00,970,970,975,975,0
2022-10-24 11:42:00,970,970,975,975,0
2022-10-24 11:43:00,970,970,975,975,0
2022-10-24 11:44:00,970,970,975,975,0
2022-10-24 11:45:00,970,970,975,975,0
2022-10-24 11:46:00,970,970,975,975,0
2022-10-24 11:47:00,970,970,975,975,0
2022-10-24 11:48:00,970,970,975,975,0
2022-10-24 11:49:00,970,970,975,975,0
2022-10-24 11:50:00,970,970,975,975,0
2022-10-24 11:51:00,970,970,975,975,0
2022-10-24 11:52:00,970,970,975,975,0
2022-10-24 11:53:00,970,970,975,975,0
2022-10-24 11:54:00,970,970,975,975,0
2022-10-24 11:55:00,970,970,975,975,0
2022-10-24 11:56:00,970,970,975,975,0
2022-10-24 11:57:00,970,970,975,975,0
2022-10-24 11:58:00,970,970,975,975,0
2022-10-24 11:59:00,970,970,975,975,0
2022-10-24 12:00:00,970,970,975,975,0
2022-10-24 12:01:00,970,970,975,975,0
2022-10-24 12:02:00,970,970,975,975,0
2022-10-24 12:03:00,970,970,975,975,0
2022-10-24 12:04:00,970,970,975,975,0
2022-10-24 12:05:00,970,970,975,975,0
2022-10-24 12:06:00,970,970,975,975,0
2022-10-24 12:07:00,970,970,975,975,0
2022-10-24 12:08:00,970,970,975,975,0
2022-10-24 12:09:00,970,970,975,975,0
2022-10-24 12:10:00,970,970,975,975,0
2022-10-24 12:11:00,970,970,975,975,0
2022-10-24 12:12:00,970,970,975,975,0
2022-10-24 12:13:00,970,970,975,975,0
2022-10-24 12:14:00,970,970,975,975,0
2022-10-24 12:15:00,970,970,975,975,0
2022-10-24 12:16:00,970,970,975,975,0
2022-10-24 12:17:00,970,970,975,975,0
2022-10-24 12:18:00,970,970,975,975,0
2022-10-24 12:19:00,970,970,975,975,0
2022-10-24 12:20:00,970,970,975,975,0
2022-10-24 12:21:00,970,970,975,975,0
2022-10-24 12:22:00,970,970,975,975,0
2022-10-24 12:23:00,970,970,975,975,0
2022-10-24 12:24:00,970,970,975,975,0
2022-10-24 12:25:00,970,970,975,975,0
2022-10-24 12:26:00,970,970,975,975,0
2022-10-24 12:27:00,970,970,975,975,0
2022-10-24 12:28:00,970,970,975,975,0
2022-10-24 12:29:00,970,970,975,975,0
2022-10-24 12:30:00,970,970,975,975,0
2022-10-24 12:31:00,970,970,975,975,0
2022-10-24 12:32:00,970,970,975,975,0
2022-10-24 12:33:00,970,970,975,975,0
2022-10-24 12:34:00,970,970,975,975,0
2022-10-24 12:35:00,970,970,975,975,0
2022-10-24 12:36:00,970,970,975,975,0
2022-10-24 12:37:00,970,970,975,975,0
2022-10-24 12:38:00,970,970,975,975,0
2022-10-24 12:39:00,970,970,975,975,0
2022-10-24 12:40:00,970,970,975,975,0
2022-10-24 12:41:00,970,970,975,975,0
2022-10-24 12:42:00,970,970,975,975,0
2022-10-24 12:43:00,970,970,975,975,0
2022-10-24 12:44:00,970,970,975,975,0
2022-10-24 12:45:00,970,970,975,975,0
2022-10-24 12:46:00,970,970,975,975,0
2022-10-24 12:47:00,970,970,975,975,0
2022-10-24 12:48:00,970,970,975,975,0
2022-10-24 12:49:00,970,970,975,975,0
2022-10-24 12:50:00,970,970,975,975,0
2022-10-24 12:51:00,970,970,975,975,0
2022-10-24 12:52:00,970,970,975,975,0
2022-10-24 12:53:00,970,970,975,975,0
2022-10-24 12:54:00,970,970,975,975,0
2022-10-24 12:55:00,970,970,975,975,0
2022-10-24 12:56:00,970,970,975,975,0
2022-10-24 12:57:00,970,970,975,975,0
2022-10-24 12:58:00,970,970,975,975,0
2022-10-24 12:59:00,970,970,975,975,0
2022-10-24 13:00:00,970,970,975,975,0
2022-10-24 13:01:00,970,970,975,975,0
2022-10-24 13:02:00,970,970,975,975,0
2022-10-24 13:03:00,970,970,975,975,0
2022-10-24 13:04:00,970,970,975,975,0
2022-10-24 13:05:00,970,970,975,975,0
2022-10-24 13:06:00,970,970,975,975,0
2022-10-24 13:07:00,970,970,975,975,0
2022-10-24 13:08:00,970,970,975,975,0
2022-10-24 13:09:00,970,970,975,975,0
2022-10-24 13:10:00,970,970,975,975,0
2022-10-24 13:11:00,970,970,975,975,0
2022-10-24 13:12:00,970,970,975,975,0
2022-10-24 13:13:00,970,970,975,975,0
2022-10-24 13:14:00,970,970,975,975,0
2022-10-24 13:15:00,970,970,975,975,0
2022-10-24 13:16:00,970,970,975,975,0
2022-10-24 13:17:00,970,970,975,975,0
2022-10-24 13:18:00,970,970,975,975,0
2022-10-24 13:19:00,970,970,975,975,0
2022-10-24 13:20:00,970,970,975,975,0
2022-10-24 13:21:00,970,970,975,975,0
2022-10-24 13:22:00,970,970,975,975,0
2022-10-24 13:23:00,970,970,975,975,0
2022-10-24 13:24:00,970,970,975,975,0
2022-10-24 13:25:00,970,970,975,975,0
2022-10-24 13:26:00,970,970,975,975,0
2022-10-24 13:27:00,970,970,975,975,0
2022-10-24 13:28:00,970,970,975,975,0
2022-10-24 13:29:00,970,970,975,975,0
2022-10-24 13:30:00,975,970,975,975,59200
2022-10-24 13:31:00,975,975,975,975,9300
2022-10-24 13:32:00,975,975,975,975,18400
2022-10-24 13:33:00,975,975,975,975,3100
2022-10-24 13:34:00,970,970,975,975,2200
2022-10-24 13:35:00,975,975,975,975,0
2022-10-24 13:36:00,975,975,975,975,82700
2022-10-24 13:37:00,975,975,975,975,0
2022-10-24 13:38:00,975,975,975,975,21700
2022-10-24 13:39:00,975,975,975,975,1000
2022-10-24 13:40:00,975,975,975,975,900
2022-10-24 13:41:00,975,975,975,975,300
2022-10-24 13:42:00,975,975,975,975,500
2022-10-24 13:43:00,975,975,975,975,9900
2022-10-24 13:44:00,975,975,975,975,5600
2022-10-24 13:45:00,970,970,970,970,109600
2022-10-24 13:46:00,970,970,970,970,0
2022-10-24 13:47:00,970,970,975,975,7300
2022-10-24 13:48:00,975,975,975,975,22000
2022-10-24 13:49:00,975,970,975,970,215700
2022-10-24 13:50:00,975,975,975,975,65600
2022-10-24 13:51:00,975,975,975,975,0
2022-10-24 13:52:00,980,980,980,980,1300
2022-10-24 13:53:00,980,980,980,980,0
2022-10-24 13:54:00,980,975,980,975,5300
2022-10-24 13:55:00,980,975,980,975,0
2022-10-24 13:56:00,975,975,975,975,10100
2022-10-24 13:57:00,975,975,975,975,0
2022-10-24 13:58:00,975,975,980,980,8300
2022-10-24 13:59:00,980,980,980,980,1000
2022-10-24 14:00:00,980,975,980,975,41900
2022-10-24 14:01:00,975,975,980,975,17500
2022-10-24 14:02:00,975,975,975,975,272400
2022-10-24 14:03:00,975,975,985,985,367000
2022-10-24 14:04:00,985,980,985,980,20600
2022-10-24 14:05:00,980,980,980,980,14800
2022-10-24 14:06:00,980,980,980,980,14600
2022-10-24 14:07:00,985,985,985,985,0
2022-10-24 14:08:00,985,985,985,985,900
2022-10-24 14:09:00,980,980,980,980,7300
2022-10-24 14:10:00,980,980,980,980,23600
2022-10-24 14:11:00,980,980,980,980,10100
2022-10-24 14:12:00,980,980,980,980,15000
2022-10-24 14:13:00,980,980,985,985,100100
2022-10-24 14:14:00,985,985,985,985,355000
2022-10-24 14:15:00,985,985,985,985,4000
2022-10-24 14:16:00,985,985,985,985,20700
2022-10-24 14:17:00,985,985,985,985,1000
2022-10-24 14:18:00,985,985,985,985,1200
2022-10-24 14:19:00,985,985,985,985,203100
2022-10-24 14:20:00,985,985,985,985,0
2022-10-24 14:21:00,985,985,985,985,0
2022-10-24 14:22:00,985,985,990,990,3331200
2022-10-24 14:23:00,990,990,990,990,111500
2022-10-24 14:24:00,990,990,990,990,218500
2022-10-24 14:25:00,985,985,990,990,0
2022-10-24 14:26:00,985,980,985,985,1524000
2022-10-24 14:27:00,990,985,990,985,82700
2022-10-24 14:28:00,985,985,1000,1000,1008300
2022-10-24 14:29:00,995,995,995,995,56600
2022-10-24 14:30:00,995,990,995,990,804900
2022-10-24 14:31:00,995,985,995,985,448900
2022-10-24 14:32:00,990,990,1000,995,348100
2022-10-24 14:33:00,995,995,1000,995,123100
2022-10-24 14:34:00,995,995,1000,995,0
2022-10-24 14:35:00,995,995,1000,1000,0
2022-10-24 14:36:00,995,995,1000,1000,66200
2022-10-24 14:37:00,995,995,995,995,152500
2022-10-24 14:38:00,995,990,995,990,97500
2022-10-24 14:39:00,995,995,995,995,0
2022-10-24 14:40:00,990,990,995,995,38300
2022-10-24 14:41:00,995,990,995,990,10700
2022-10-24 14:42:00,995,990,995,990,5500
2022-10-24 14:43:00,990,990,990,990,7400
2022-10-24 14:44:00,990,990,990,990,3700
2022-10-24 14:45:00,990,990,990,990,4200
2022-10-24 14:46:00,990,990,995,995,534400
2022-10-24 14:47:00,990,990,990,990,12100
2022-10-24 14:48:00,985,985,990,985,13200
2022-10-24 14:49:00,985,985,990,985,79500
2022-10-24 14:50:00,985,985,990,985,0
2022-10-24 14:51:00,985,985,990,985,0
2022-10-24 14:52:00,985,985,990,985,0
2022-10-24 14:53:00,985,985,990,985,0
2022-10-24 14:54:00,985,985,990,985,0
2022-10-24 14:55:00,985,985,990,985,0
2022-10-24 14:56:00,985,985,990,985,0
2022-10-24 14:57:00,985,985,990,985,0
2022-10-24 14:58:00,985,985,990,985,0
2022-10-24 14:59:00,985,985,990,985,0
2022-10-24 15:00:00,970,970,970,970,2685200
2022-10-24 15:01:00,970,970,970,970,396200
2022-10-24 15:02:00,970,970,970,970,0
2022-10-24 15:03:00,970,970,970,970,334200
2022-10-24 15:04:00,970,970,970,970,7500
2022-10-24 15:05:00,970,970,970,970,0
2022-10-24 15:06:00,970,970,970,970,6000
2022-10-24 15:07:00,970,970,970,970,300
2022-10-24 15:08:00,970,970,970,970,18700
2022-10-24 15:09:00,970,970,970,970,0
2022-10-24 15:10:00,970,970,970,970,0
2022-10-24 15:11:00,970,970,970,970,8700
2022-10-24 15:12:00,970,970,970,970,0
2022-10-24 15:13:00,970,970,970,970,0
2022-10-24 15:14:00,970,970,970,970,19814900
2022-10-24 15:15:00,970,970,970,970,0
2022-10-24 15:16:00,970,970,970,970,0
2022-10-24 15:17:00,970,970,970,970,0
2022-10-24 15:18:00,970,970,970,970,0
2022-10-24 15:19:00,970,970,970,970,0
2022-10-24 15:20:00,970,970,970,970,0
2022-10-24 15:21:00,970,970,970,970,0
2022-10-24 15:22:00,970,970,970,970,0
2022-10-24 15:23:00,970,970,970,970,0
2022-10-24 15:24:00,970,970,970,970,0
2022-10-24 15:25:00,970,970,970,970,0
2022-10-24 15:26:00,970,970,970,970,0
2022-10-24 15:27:00,970,970,970,970,0
2022-10-24 15:28:00,970,970,970,970,0
2022-10-24 15:29:00,970,970,970,970,0
2022-10-24 15:30:00,970,970,970,970,0
2022-10-24 15:31:00,970,970,970,970,0
2022-10-24 15:32:00,970,970,970,970,0
2022-10-24 15:33:00,970,970,970,970,0
2022-10-24 15:34:00,970,970,970,970,0
2022-10-24 15:35:00,970,970,970,970,0
2022-10-24 15:36:00,970,970,970,970,0
2022-10-24 15:37:00,970,970,970,970,0
2022-10-24 15:38:00,970,970,970,970,0
2022-10-24 15:39:00,970,970,970,970,0
2022-10-24 15:40:00,970,970,970,970,0
2022-10-24 15:41:00,970,970,970,970,0
2022-10-24 15:42:00,970,970,970,970,0
2022-10-24 15:43:00,970,970,970,970,0
2022-10-24 15:44:00,970,970,970,970,0
2022-10-24 15:45:00,970,970,970,970,0
2022-10-24 15:46:00,970,970,970,970,0
2022-10-24 15:47:00,970,970,970,970,0
2022-10-24 15:48:00,970,970,970,970,0
2022-10-24 15:49:00,970,970,970,970,0
2022-10-24 15:50:00,970,970,970,970,0
2022-10-24 15:51:00,970,970,970,970,0
2022-10-24 15:52:00,970,970,970,970,0
2022-10-24 15:53:00,970,970,970,970,0
2022-10-24 15:54:00,970,970,970,970,0
2022-10-24 15:55:00,970,970,970,970,0
2022-10-24 15:56:00,970,970,970,970,0
2022-10-24 15:57:00,970,970,970,970,0
2022-10-24 15:58:00,970,970,970,970,0
2022-10-24 15:59:00,970,970,970,970,0
2022-10-25 09:00:00,975,975,975,975,0
2022-10-25 09:01:00,975,975,980,980,1034700
2022-10-25 09:02:00,975,975,975,975,148400
2022-10-25 09:03:00,975,975,975,975,47000
2022-10-25 09:04:00,975,975,975,975,3053100
2022-10-25 09:05:00,975,975,980,980,1063300
2022-10-25 09:06:00,975,975,980,980,561500
2022-10-25 09:07:00,980,980,985,985,494000
2022-10-25 09:08:00,980,980,985,985,976400
2022-10-25 09:09:00,985,980,985,985,1051900
2022-10-25 09:10:00,985,980,985,985,113200
2022-10-25 09:11:00,985,985,985,985,13200
2022-10-25 09:12:00,985,985,985,985,4008800
2022-10-25 09:13:00,990,985,990,990,5402200
2022-10-25 09:14:00,990,990,990,990,0
2022-10-25 09:15:00,990,990,990,990,46000
2022-10-25 09:16:00,990,990,990,990,1386100
2022-10-25 09:17:00,995,990,995,995,42600
2022-10-25 09:18:00,995,995,995,995,0
2022-10-25 09:19:00,995,995,995,995,84900
2022-10-25 09:20:00,995,995,995,995,32300
2022-10-25 09:21:00,990,990,1000,995,764000
2022-10-25 09:22:00,995,995,995,995,62400
2022-10-25 09:23:00,995,995,1000,995,336000
2022-10-25 09:24:00,1000,995,1000,995,12400
2022-10-25 09:25:00,995,995,1000,1000,167100
2022-10-25 09:26:00,1000,995,1000,995,919600
2022-10-25 09:27:00,995,995,995,995,206300
2022-10-25 09:28:00,1000,995,1000,1000,654600
2022-10-25 09:29:00,1000,995,1000,1000,162900
2022-10-25 09:30:00,1000,995,1000,995,40300
2022-10-25 09:31:00,995,995,995,995,2200
2022-10-25 09:32:00,995,995,995,995,66400
2022-10-25 09:33:00,990,990,990,990,24900
2022-10-25 09:34:00,990,990,990,990,0
2022-10-25 09:35:00,995,995,995,995,98700
2022-10-25 09:36:00,1000,995,1000,1000,12700
2022-10-25 09:37:00,1000,995,1000,995,3100
2022-10-25 09:38:00,995,995,995,995,200
2022-10-25 09:39:00,995,995,1000,1000,4400
2022-10-25 09:40:00,1000,1000,1000,1000,0
2022-10-25 09:41:00,1000,1000,1000,1000,22500
2022-10-25 09:42:00,995,995,1000,1000,248000
2022-10-25 09:43:00,1000,995,1000,1000,0
2022-10-25 09:44:00,1000,1000,1000,1000,95000
2022-10-25 09:45:00,995,995,995,995,2500
2022-10-25 09:46:00,995,995,1000,1000,115800
2022-10-25 09:47:00,1000,1000,1000,1000,13600
2022-10-25 09:48:00,995,995,995,995,13000
2022-10-25 09:49:00,995,995,1000,1000,13500
2022-10-25 09:50:00,995,990,1000,995,680700
2022-10-25 09:51:00,995,995,995,995,0
2022-10-25 09:52:00,995,995,995,995,45600
2022-10-25 09:53:00,995,990,995,990,400
2022-10-25 09:54:00,995,990,995,995,254500
2022-10-25 09:55:00,995,995,995,995,0
2022-10-25 09:56:00,990,990,990,990,200
2022-10-25 09:57:00,990,990,990,990,400
2022-10-25 09:58:00,990,990,990,990,2000
2022-10-25 09:59:00,990,990,995,995,400
2022-10-25 10:00:00,990,990,995,995,1002100
2022-10-25 10:01:00,990,990,990,990,769500
2022-10-25 10:02:00,990,990,990,990,202700
2022-10-25 10:03:00,990,990,990,990,109300
2022-10-25 10:04:00,990,990,990,990,100
2022-10-25 10:05:00,990,990,990,990,0
2022-10-25 10:06:00,990,990,990,990,0
2022-10-25 10:07:00,985,985,985,985,200
2022-10-25 10:08:00,985,985,985,985,0
2022-10-25 10:09:00,985,985,985,985,0
2022-10-25 10:10:00,985,985,985,985,46800
2022-10-25 10:11:00,985,985,985,985,0
2022-10-25 10:12:00,985,985,985,985,800200
2022-10-25 10:13:00,985,985,985,985,502100
2022-10-25 10:14:00,985,985,985,985,30500
2022-10-25 10:15:00,985,985,990,990,591500
2022-10-25 10:16:00,990,990,990,990,0
2022-10-25 10:17:00,990,985,990,990,924500
2022-10-25 10:18:00,985,985,985,985,1956200
2022-10-25 10:19:00,985,985,985,985,0
2022-10-25 10:20:00,985,985,990,985,1583800
2022-10-25 10:21:00,985,985,985,985,0
2022-10-25 10:22:00,985,985,985,985,423700
2022-10-25 10:23:00,985,985,985,985,0
2022-10-25 10:24:00,985,985,985,985,29700
2022-10-25 10:25:00,985,985,985,985,0
2022-10-25 10:26:00,990,990,990,990,4000
2022-10-25 10:27:00,990,990,990,990,0
2022-10-25 10:28:00,990,990,990,990,0
2022-10-25 10:29:00,990,990,990,990,18400
2022-10-25 10:30:00,990,990,990,990,1400
2022-10-25 10:31:00,990,990,990,990,1300
2022-10-25 10:32:00,985,985,985,985,0
2022-10-25 10:33:00,985,985,985,985,700
2022-10-25 10:34:00,985,985,985,985,19000
2022-10-25 10:35:00,985,985,985,985,0
2022-10-25 10:36:00,985,985,985,985,0
2022-10-25 10:37:00,985,985,985,985,11700
2022-10-25 10:38:00,985,985,985,985,0
2022-10-25 10:39:00,990,990,990,990,0
2022-10-25 10:40:00,990,990,990,990,0
2022-10-25 10:41:00,985,985,985,985,15000
2022-10-25 10:42:00,985,985,985,985,0
2022-10-25 10:43:00,985,985,985,985,0
2022-10-25 10:44:00,990,990,990,990,7900
2022-10-25 10:45:00,990,990,990,990,0
2022-10-25 10:46:00,990,990,990,990,0
2022-10-25 10:47:00,990,990,990,990,200
2022-10-25 10:48:00,990,990,990,990,0
2022-10-25 10:49:00,990,990,990,990,114500
2022-10-25 10:50:00,990,985,990,990,62500
2022-10-25 10:51:00,985,985,990,990,64600
2022-10-25 10:52:00,990,990,990,990,600
2022-10-25 10:53:00,990,990,990,990,0
2022-10-25 10:54:00,990,990,990,990,6200
2022-10-25 10:55:00,990,990,990,990,10000
2022-10-25 10:56:00,990,990,990,990,33400
2022-10-25 10:57:00,990,990,990,990,34100
2022-10-25 10:58:00,990,990,990,990,0
2022-10-25 10:59:00,990,990,990,990,0
2022-10-25 11:00:00,990,990,990,990,0
2022-10-25 11:01:00,990,990,990,990,0
2022-10-25 11:02:00,990,990,990,990,0
2022-10-25 11:03:00,990,990,990,990,0
2022-10-25 11:04:00,990,990,990,990,2000
2022-10-25 11:05:00,990,990,990,990,0
2022-10-25 11:06:00,990,990,990,990,5800
2022-10-25 11:07:00,990,990,990,990,600
2022-10-25 11:08:00,990,990,990,990,0
2022-10-25 11:09:00,990,990,990,990,42900
2022-10-25 11:10:00,990,990,990,990,2000
2022-10-25 11:11:00,990,990,990,990,0
2022-10-25 11:12:00,990,990,990,990,8000
2022-10-25 11:13:00,990,990,990,990,425700
2022-10-25 11:14:00,990,990,990,990,75000
2022-10-25 11:15:00,990,990,990,990,100
2022-10-25 11:16:00,990,990,990,990,0
2022-10-25 11:17:00,990,990,990,990,8100
2022-10-25 11:18:00,990,990,990,990,2900
2022-10-25 11:19:00,990,990,990,990,0
2022-10-25 11:20:00,990,990,990,990,0
2022-10-25 11:21:00,990,985,990,990,0
2022-10-25 11:22:00,990,990,990,990,0
2022-10-25 11:23:00,990,990,990,990,0
2022-10-25 11:24:00,990,990,990,990,0
2022-10-25 11:25:00,990,990,990,990,0
2022-10-25 11:26:00,990,990,990,990,200
2022-10-25 11:27:00,985,985,990,990,2300
2022-10-25 11:28:00,990,985,990,990,7700
2022-10-25 11:29:00,985,985,985,985,0
2022-10-25 11:30:00,985,985,985,985,0
2022-10-25 11:31:00,985,985,985,985,0
2022-10-25 11:32:00,985,985,985,985,0
2022-10-25 11:33:00,985,985,985,985,0
2022-10-25 11:34:00,985,985,985,985,0
2022-10-25 11:35:00,985,985,985,985,0
2022-10-25 11:36:00,985,985,985,985,0
2022-10-25 11:37:00,985,985,985,985,0
2022-10-25 11:38:00,985,985,985,985,0
2022-10-25 11:39:00,985,985,985,985,0
2022-10-25 11:40:00,985,985,985,985,0
2022-10-25 11:41:00,985,985,985,985,0
2022-10-25 11:42:00,985,985,985,985,0
2022-10-25 11:43:00,985,985,985,985,0
2022-10-25 11:44:00,985,985,985,985,0
2022-10-25 11:45:00,985,985,985,985,0
2022-10-25 11:46:00,985,985,985,985,0
2022-10-25 11:47:00,985,985,985,985,0
2022-10-25 11:48:00,985,985,985,985,0
2022-10-25 11:49:00,985,985,985,985,0
2022-10-25 11:50:00,985,985,985,985,0
2022-10-25 11:51:00,985,985,985,985,0
2022-10-25 11:52:00,985,985,985,985,0
2022-10-25 11:53:00,985,985,985,985,0
2022-10-25 11:54:00,985,985,985,985,0
2022-10-25 11:55:00,985,985,985,985,0
2022-10-25 11:56:00,985,985,985,985,0
2022-10-25 11:57:00,985,985,985,985,0
2022-10-25 11:58:00,985,985,985,985,0
2022-10-25 11:59:00,985,985,985,985,0
2022-10-25 12:00:00,985,985,985,985,0
2022-10-25 12:01:00,985,985,985,985,0
2022-10-25 12:02:00,985,985,985,985,0
2022-10-25 12:03:00,985,985,985,985,0
2022-10-25 12:04:00,985,985,985,985,0
2022-10-25 12:05:00,985,985,985,985,0
2022-10-25 12:06:00,985,985,985,985,0
2022-10-25 12:07:00,985,985,985,985,0
2022-10-25 12:08:00,985,985,985,985,0
2022-10-25 12:09:00,985,985,985,985,0
2022-10-25 12:10:00,985,985,985,985,0
2022-10-25 12:11:00,985,985,985,985,0
2022-10-25 12:12:00,985,985,985,985,0
2022-10-25 12:13:00,985,985,985,985,0
2022-10-25 12:14:00,985,985,985,985,0
2022-10-25 12:15:00,985,985,985,985,0
2022-10-25 12:16:00,985,985,985,985,0
2022-10-25 12:17:00,985,985,985,985,0
2022-10-25 12:18:00,985,985,985,985,0
2022-10-25 12:19:00,985,985,985,985,0
2022-10-25 12:20:00,985,985,985,985,0
2022-10-25 12:21:00,985,985,985,985,0
2022-10-25 12:22:00,985,985,985,985,0
2022-10-25 12:23:00,985,985,985,985,0
2022-10-25 12:24:00,985,985,985,985,0
2022-10-25 12:25:00,985,985,985,985,0
2022-10-25 12:26:00,985,985,985,985,0
2022-10-25 12:27:00,985,985,985,985,0
2022-10-25 12:28:00,985,985,985,985,0
2022-10-25 12:29:00,985,985,985,985,0
2022-10-25 12:30:00,985,985,985,985,0
2022-10-25 12:31:00,985,985,985,985,0
2022-10-25 12:32:00,985,985,985,985,0
2022-10-25 12:33:00,985,985,985,985,0
2022-10-25 12:34:00,985,985,985,985,0
2022-10-25 12:35:00,985,985,985,985,0
2022-10-25 12:36:00,985,985,985,985,0
2022-10-25 12:37:00,985,985,985,985,0
2022-10-25 12:38:00,985,985,985,985,0
2022-10-25 12:39:00,985,985,985,985,0
2022-10-25 12:40:00,985,985,985,985,0
2022-10-25 12:41:00,985,985,985,985,0
2022-10-25 12:42:00,985,985,985,985,0
2022-10-25 12:43:00,985,985,985,985,0
2022-10-25 12:44:00,985,985,985,985,0
2022-10-25 12:45:00,985,985,985,985,0
2022-10-25 12:46:00,985,985,985,985,0
2022-10-25 12:47:00,985,985,985,985,0
2022-10-25 12:48:00,985,985,985,985,0
2022-10-25 12:49:00,985,985,985,985,0
2022-10-25 12:50:00,985,985,985,985,0
2022-10-25 12:51:00,985,985,985,985,0
2022-10-25 12:52:00,985,985,985,985,0
2022-10-25 12:53:00,985,985,985,985,0
2022-10-25 12:54:00,985,985,985,985,0
2022-10-25 12:55:00,985,985,985,985,0
2022-10-25 12:56:00,985,985,985,985,0
2022-10-25 12:57:00,985,985,985,985,0
2022-10-25 12:58:00,985,985,985,985,0
2022-10-25 12:59:00,985,985,985,985,0
2022-10-25 13:00:00,985,985,985,985,0
2022-10-25 13:01:00,985,985,985,985,0
2022-10-25 13:02:00,985,985,985,985,0
2022-10-25 13:03:00,985,985,985,985,0
2022-10-25 13:04:00,985,985,985,985,0
2022-10-25 13:05:00,985,985,985,985,0
2022-10-25 13:06:00,985,985,985,985,0
2022-10-25 13:07:00,985,985,985,985,0
2022-10-25 13:08:00,985,985,985,985,0
2022-10-25 13:09:00,985,985,985,985,0
2022-10-25 13:10:00,985,985,985,985,0
2022-10-25 13:11:00,985,985,985,985,0
2022-10-25 13:12:00,985,985,985,985,0
2022-10-25 13:13:00,985,985,985,985,0
2022-10-25 13:14:00,985,985,985,985,0
2022-10-25 13:15:00,985,985,985,985,0
2022-10-25 13:16:00,985,985,985,985,0
2022-10-25 13:17:00,985,985,985,985,0
2022-10-25 13:18:00,985,985,985,985,0
2022-10-25 13:19:00,985,985,985,985,0
2022-10-25 13:20:00,985,985,985,985,0
2022-10-25 13:21:00,985,985,985,985,0
2022-10-25 13:22:00,985,985,985,985,0
2022-10-25 13:23:00,985,985,985,985,0
2022-10-25 13:24:00,985,985,985,985,0
2022-10-25 13:25:00,985,985,985,985,0
2022-10-25 13:26:00,985,985,985,985,0
2022-10-25 13:27:00,985,985,985,985,0
2022-10-25 13:28:00,985,985,985,985,0
2022-10-25 13:29:00,985,985,985,985,0
2022-10-25 13:30:00,985,985,990,990,29800
2022-10-25 13:31:00,990,990,990,990,39700
2022-10-25 13:32:00,990,990,990,990,0
2022-10-25 13:33:00,990,990,990,990,495700
2022-10-25 13:34:00,990,990,990,990,8300
2022-10-25 13:35:00,990,990,995,990,33300
2022-10-25 13:36:00,990,990,995,995,48000
2022-10-25 13:37:00,995,995,995,995,862500
2022-10-25 13:38:00,995,995,995,995,0
2022-10-25 13:39:00,1000,995,1000,1000,362100
2022-10-25 13:40:00,995,995,995,995,274100
2022-10-25 13:41:00,995,995,1000,1000,428600
2022-10-25 13:42:00,1000,1000,1000,1000,0
2022-10-25 13:43:00,1000,1000,1000,1000,18200
2022-10-25 13:44:00,1000,1000,1000,1000,30000
2022-10-25 13:45:00,995,995,1000,1000,15000
2022-10-25 13:46:00,1000,1000,1000,1000,2900
2022-10-25 13:47:00,1000,995,1000,1000,21400
2022-10-25 13:48:00,995,995,995,995,419900
2022-10-25 13:49:00,995,995,1000,1000,202000
2022-10-25 13:50:00,995,995,995,995,113000
2022-10-25 13:51:00,995,995,995,995,42900
2022-10-25 13:52:00,995,995,995,995,0
2022-10-25 13:53:00,990,990,990,990,0
2022-10-25 13:54:00,995,990,995,990,1500
2022-10-25 13:55:00,990,990,990,990,500
2022-10-25 13:56:00,990,990,990,990,0
2022-10-25 13:57:00,990,990,990,990,890800
2022-10-25 13:58:00,990,990,990,990,0
2022-10-25 13:59:00,990,990,990,990,0
2022-10-25 14:00:00,990,990,990,990,4600
2022-10-25 14:01:00,990,990,990,990,12100
2022-10-25 14:02:00,990,990,990,990,508400
2022-10-25 14:03:00,990,990,990,990,0
2022-10-25 14:04:00,995,995,995,995,15900
2022-10-25 14:05:00,995,995,995,995,0
2022-10-25 14:06:00,995,995,995,995,0
2022-10-25 14:07:00,995,990,995,990,399300
2022-10-25 14:08:00,990,985,990,990,647700
2022-10-25 14:09:00,990,990,990,990,0
2022-10-25 14:10:00,990,990,990,990,400
2022-10-25 14:11:00,990,990,990,990,0
2022-10-25 14:12:00,990,990,990,990,600
2022-10-25 14:13:00,990,990,990,990,0
2022-10-25 14:14:00,990,990,990,990,2000
2022-10-25 14:15:00,990,990,990,990,0
2022-10-25 14:16:00,990,990,990,990,0
2022-10-25 14:17:00,990,990,990,990,0
2022-10-25 14:18:00,990,990,990,990,400
2022-10-25 14:19:00,990,990,990,990,100
2022-10-25 14:20:00,985,985,990,990,3700
2022-10-25 14:21:00,990,990,990,990,44100
2022-10-25 14:22:00,990,990,990,990,28900
2022-10-25 14:23:00,990,990,990,990,56100
2022-10-25 14:24:00,990,990,990,990,0
2022-10-25 14:25:00,990,990,990,990,0
2022-10-25 14:26:00,990,990,990,990,1800
2022-10-25 14:27:00,990,990,990,990,0
2022-10-25 14:28:00,990,990,990,990,0
2022-10-25 14:29:00,990,990,990,990,0
2022-10-25 14:30:00,985,985,985,985,3700
2022-10-25 14:31:00,985,985,990,985,53000
2022-10-25 14:32:00,985,985,990,990,7800
2022-10-25 14:33:00,990,990,990,990,6200
2022-10-25 14:34:00,990,990,990,990,53400
2022-10-25 14:35:00,985,985,990,990,3700
2022-10-25 14:36:00,985,985,985,985,407600
2022-10-25 14:37:00,980,980,980,980,49200
2022-10-25 14:38:00,980,980,985,985,0
2022-10-25 14:39:00,980,980,990,990,1437400
2022-10-25 14:40:00,990,990,995,995,684600
2022-10-25 14:41:00,995,995,995,995,0
2022-10-25 14:42:00,995,990,995,990,23800
2022-10-25 14:43:00,990,990,995,995,49900
2022-10-25 14:44:00,990,990,995,990,167300
2022-10-25 14:45:00,995,995,1000,1000,511900
2022-10-25 14:46:00,1000,995,1000,1000,909900
2022-10-25 14:47:00,1000,995,1000,995,278900
2022-10-25 14:48:00,995,995,995,995,26300
2022-10-25 14:49:00,995,995,1005,1000,826400
2022-10-25 14:50:00,995,995,1005,1000,0
2022-10-25 14:51:00,995,995,1005,1000,0
2022-10-25 14:52:00,995,995,1005,1000,0
2022-10-25 14:53:00,995,995,1005,1000,0
2022-10-25 14:54:00,995,995,1005,1000,0
2022-10-25 14:55:00,995,995,1005,1000,0
2022-10-25 14:56:00,995,995,1005,1000,0
2022-10-25 14:57:00,995,995,1005,1000,0
2022-10-25 14:58:00,995,995,1005,1000,0
2022-10-25 14:59:00,995,995,1005,1000,0
2022-10-25 15:00:00,1005,1005,1005,1005,1720000
2022-10-25 15:01:00,1005,1005,1005,1005,5000
2022-10-25 15:02:00,1005,1005,1005,1005,10500
2022-10-25 15:03:00,1005,1005,1005,1005,22900
2022-10-25 15:04:00,1005,1005,1005,1005,41100
2022-10-25 15:05:00,1005,1005,1005,1005,0
2022-10-25 15:06:00,1005,1005,1005,1005,9800
2022-10-25 15:07:00,1005,1005,1005,1005,0
2022-10-25 15:08:00,1005,1005,1005,1005,500800
2022-10-25 15:09:00,1005,1005,1005,1005,5100
2022-10-25 15:10:00,1005,1005,1005,1005,4400
2022-10-25 15:11:00,1005,1005,1005,1005,0
2022-10-25 15:12:00,1005,1005,1005,1005,14100
2022-10-25 15:13:00,1005,1005,1005,1005,45544300
2022-10-25 15:14:00,1005,1005,1005,1005,0
2022-10-25 15:15:00,1005,1005,1005,1005,0
2022-10-25 15:16:00,1005,1005,1005,1005,0
2022-10-25 15:17:00,1005,1005,1005,1005,0
2022-10-25 15:18:00,1005,1005,1005,1005,0
2022-10-25 15:19:00,1005,1005,1005,1005,0
2022-10-25 15:20:00,1005,1005,1005,1005,0
2022-10-25 15:21:00,1005,1005,1005,1005,0
2022-10-25 15:22:00,1005,1005,1005,1005,0
2022-10-25 15:23:00,1005,1005,1005,1005,0
2022-10-25 15:24:00,1005,1005,1005,1005,0
2022-10-25 15:25:00,1005,1005,1005,1005,0
2022-10-25 15:26:00,1005,1005,1005,1005,0
2022-10-25 15:27:00,1005,1005,1005,1005,0
2022-10-25 15:28:00,1005,1005,1005,1005,0
2022-10-25 15:29:00,1005,1005,1005,1005,0
2022-10-25 15:30:00,1005,1005,1005,1005,0
2022-10-25 15:31:00,1005,1005,1005,1005,0
2022-10-25 15:32:00,1005,1005,1005,1005,0
2022-10-25 15:33:00,1005,1005,1005,1005,0
2022-10-25 15:34:00,1005,1005,1005,1005,0
2022-10-25 15:35:00,1005,1005,1005,1005,0
2022-10-25 15:36:00,1005,1005,1005,1005,0
2022-10-25 15:37:00,1005,1005,1005,1005,0
2022-10-25 15:38:00,1005,1005,1005,1005,0
2022-10-25 15:39:00,1005,1005,1005,1005,0
2022-10-25 15:40:00,1005,1005,1005,1005,0
2022-10-25 15:41:00,1005,1005,1005,1005,0
2022-10-25 15:42:00,1005,1005,1005,1005,0
2022-10-25 15:43:00,1005,1005,1005,1005,0
2022-10-25 15:44:00,1005,1005,1005,1005,0
2022-10-25 15:45:00,1005,1005,1005,1005,0
2022-10-25 15:46:00,1005,1005,1005,1005,0
2022-10-25 15:47:00,1005,1005,1005,1005,0
2022-10-25 15:48:00,1005,1005,1005,1005,0
2022-10-25 15:49:00,1005,1005,1005,1005,0
2022-10-25 15:50:00,1005,1005,1005,1005,0
2022-10-25 15:51:00,1005,1005,1005,1005,0
2022-10-25 15:52:00,1005,1005,1005,1005,0
2022-10-25 15:53:00,1005,1005,1005,1005,0
2022-10-25 15:54:00,1005,1005,1005,1005,0
2022-10-25 15:55:00,1005,1005,1005,1005,0
2022-10-25 15:56:00,1005,1005,1005,1005,0
2022-10-25 15:57:00,1005,1005,1005,1005,0
2022-10-25 15:58:00,1005,1005,1005,1005,0
2022-10-25 15:59:00,1005,1005,1005,1005,0
2022-10-26 09:00:00,1010,1000,1010,1000,0
2022-10-26 09:01:00,1000,1000,1005,1005,322400
2022-10-26 09:02:00,1005,1005,1010,1005,142700
2022-10-26 09:03:00,1005,1005,1005,1005,91000
2022-10-26 09:04:00,1005,1000,1005,1000,155300
2022-10-26 09:05:00,1000,1000,1005,1005,7897600
2022-10-26 09:06:00,1010,1005,1010,1010,8183800
2022-10-26 09:07:00,1005,1005,1010,1005,377800
2022-10-26 09:08:00,1005,1005,1010,1010,0
2022-10-26 09:09:00,1005,1005,1010,1010,815000
2022-10-26 09:10:00,1010,1005,1010,1005,343600
2022-10-26 09:11:00,1005,1000,1005,1000,3301100
2022-10-26 09:12:00,1000,995,1000,995,28300
2022-10-26 09:13:00,1000,1000,1000,1000,20100
2022-10-26 09:14:00,995,995,1000,995,25600
2022-10-26 09:15:00,995,995,995,995,93400
2022-10-26 09:16:00,995,995,1000,1000,1060600
2022-10-26 09:17:00,1000,1000,1000,1000,2540400
2022-10-26 09:18:00,1000,1000,1000,1000,772000
2022-10-26 09:19:00,1000,995,1000,995,0
2022-10-26 09:20:00,995,995,1000,1000,62500
2022-10-26 09:21:00,1000,1000,1000,1000,536500
2022-10-26 09:22:00,1000,1000,1000,1000,9200
2022-10-26 09:23:00,1000,995,1000,995,144000
2022-10-26 09:24:00,995,995,995,995,115400
2022-10-26 09:25:00,995,995,995,995,114200
2022-10-26 09:26:00,995,985,995,985,905400
2022-10-26 09:27:00,985,980,985,985,281400
2022-10-26 09:28:00,985,985,985,985,139200
2022-10-26 09:29:00,985,985,985,985,122800
2022-10-26 09:30:00,985,980,985,985,27600
2022-10-26 09:31:00,985,985,990,990,20900
2022-10-26 09:32:00,990,990,990,990,2900
2022-10-26 09:33:00,990,990,990,990,8400
2022-10-26 09:34:00,990,990,990,990,0
2022-10-26 09:35:00,990,985,990,990,23100
2022-10-26 09:36:00,990,990,990,990,100
2022-10-26 09:37:00,990,990,990,990,1100
2022-10-26 09:38:00,990,990,990,990,200
2022-10-26 09:39:00,990,990,995,990,95200
2022-10-26 09:40:00,990,990,995,990,0
2022-10-26 09:41:00,995,995,995,995,400
2022-10-26 09:42:00,995,990,995,995,11500
2022-10-26 09:43:00,990,990,990,990,56900
2022-10-26 09:44:00,990,990,995,990,2800
2022-10-26 09:45:00,990,990,990,990,200
2022-10-26 09:46:00,990,990,990,990,22900
2022-10-26 09:47:00,990,985,990,990,209500
2022-10-26 09:48:00,985,985,985,985,36600
2022-10-26 09:49:00,985,985,985,985,14100
2022-10-26 09:50:00,985,985,985,985,0
2022-10-26 09:51:00,995,995,995,995,0
2022-10-26 09:52:00,995,995,995,995,0
2022-10-26 09:53:00,995,995,995,995,4500
2022-10-26 09:54:00,995,995,995,995,0
2022-10-26 09:55:00,995,995,995,995,0
2022-10-26 09:56:00,990,990,990,990,200
2022-10-26 09:57:00,990,990,990,990,100
2022-10-26 09:58:00,990,990,990,990,0
2022-10-26 09:59:00,990,985,990,985,5200
2022-10-26 10:00:00,990,990,990,990,54700
2022-10-26 10:01:00,990,990,990,990,0
2022-10-26 10:02:00,990,990,990,990,19000
2022-10-26 10:03:00,990,990,990,990,3500
2022-10-26 10:04:00,990,990,990,990,800
2022-10-26 10:05:00,990,990,990,990,0
2022-10-26 10:06:00,990,990,990,990,300
2022-10-26 10:07:00,985,985,985,985,8400
2022-10-26 10:08:00,985,985,985,985,0
2022-10-26 10:09:00,985,985,985,985,1900
2022-10-26 10:10:00,985,985,985,985,0
2022-10-26 10:11:00,985,985,985,985,0
2022-10-26 10:12:00,990,990,990,990,24000
2022-10-26 10:13:00,990,990,990,990,1200
2022-10-26 10:14:00,990,985,990,985,7000
2022-10-26 10:15:00,985,985,985,985,2000
2022-10-26 10:16:00,990,990,990,990,0
2022-10-26 10:17:00,990,990,990,990,0
2022-10-26 10:18:00,990,990,990,990,0
2022-10-26 10:19:00,990,990,990,990,6100
2022-10-26 10:20:00,990,990,990,990,0
2022-10-26 10:21:00,990,990,990,990,5000
2022-10-26 10:22:00,990,990,990,990,0
2022-10-26 10:23:00,990,990,990,990,0
2022-10-26 10:24:00,990,985,990,985,20500
2022-10-26 10:25:00,990,985,990,990,0
2022-10-26 10:26:00,990,985,990,990,0
2022-10-26 10:27:00,985,985,985,985,1300
2022-10-26 10:28:00,985,985,990,985,1500
2022-10-26 10:29:00,985,985,990,990,56600
2022-10-26 10:30:00,985,985,985,985,266200
2022-10-26 10:31:00,990,990,990,990,0
2022-10-26 10:32:00,990,990,990,990,0
2022-10-26 10:33:00,990,985,990,985,0
2022-10-26 10:34:00,990,985,990,985,0
2022-10-26 10:35:00,990,985,990,985,0
2022-10-26 10:36:00,990,985,990,990,12100
2022-10-26 10:37:00,990,985,990,990,0
2022-10-26 10:38:00,990,985,990,990,0
2022-10-26 10:39:00,985,985,985,985,15600
2022-10-26 10:40:00,985,985,985,985,10900
2022-10-26 10:41:00,985,985,985,985,34900
2022-10-26 10:42:00,985,985,985,985,0
2022-10-26 10:43:00,990,990,990,990,0
2022-10-26 10:44:00,990,990,990,990,1000
2022-10-26 10:45:00,985,985,990,990,24000
2022-10-26 10:46:00,985,985,985,985,0
2022-10-26 10:47:00,990,990,990,990,300
2022-10-26 10:48:00,990,990,990,990,0
2022-10-26 10:49:00,990,990,990,990,0
2022-10-26 10:50:00,990,990,990,990,300
2022-10-26 10:51:00,990,990,990,990,100
2022-10-26 10:52:00,990,990,990,990,1600
2022-10-26 10:53:00,990,990,990,990,9400
2022-10-26 10:54:00,990,990,990,990,0
2022-10-26 10:55:00,990,990,990,990,0
2022-10-26 10:56:00,990,990,990,990,0
2022-10-26 10:57:00,990,990,990,990,54200
2022-10-26 10:58:00,990,990,990,990,0
2022-10-26 10:59:00,990,990,990,990,0
2022-10-26 11:00:00,990,990,990,990,0
2022-10-26 11:01:00,990,990,995,995,60700
2022-10-26 11:02:00,990,990,995,995,0
2022-10-26 11:03:00,990,990,990,990,10000
2022-10-26 11:04:00,990,990,990,990,0
2022-10-26 11:05:00,990,990,990,990,0
2022-10-26 11:06:00,990,990,990,990,0
2022-10-26 11:07:00,995,990,995,995,98700
2022-10-26 11:08:00,995,995,995,995,0
2022-10-26 11:09:00,995,995,995,995,0
2022-10-26 11:10:00,995,995,995,995,3200
2022-10-26 11:11:00,995,990,995,995,5000
2022-10-26 11:12:00,990,990,995,995,12700
2022-10-26 11:13:00,990,990,995,995,0
2022-10-26 11:14:00,990,990,990,990,49400
2022-10-26 11:15:00,990,990,990,990,0
2022-10-26 11:16:00,990,990,990,990,0
2022-10-26 11:17:00,990,990,990,990,0
2022-10-26 11:18:00,990,990,990,990,1600
2022-10-26 11:19:00,990,990,990,990,0
2022-10-26 11:20:00,990,990,990,990,0
2022-10-26 11:21:00,990,990,990,990,0
2022-10-26 11:22:00,990,990,990,990,3100
2022-10-26 11:23:00,995,995,995,995,0
2022-10-26 11:24:00,995,995,995,995,0
2022-10-26 11:25:00,995,995,995,995,0
2022-10-26 11:26:00,995,995,995,995,11000
2022-10-26 11:27:00,995,995,995,995,0
2022-10-26 11:28:00,995,995,995,995,0
2022-10-26 11:29:00,995,995,995,995,500
2022-10-26 11:30:00,995,995,995,995,0
2022-10-26 11:31:00,995,995,995,995,0
2022-10-26 11:32:00,995,995,995,995,0
2022-10-26 11:33:00,995,995,995,995,0
2022-10-26 11:34:00,995,995,995,995,0
2022-10-26 11:35:00,995,995,995,995,0
2022-10-26 11:36:00,995,995,995,995,0
2022-10-26 11:37:00,995,995,995,995,0
2022-10-26 11:38:00,995,995,995,995,0
2022-10-26 11:39:00,995,995,995,995,0
2022-10-26 11:40:00,995,995,995,995,0
2022-10-26 11:41:00,995,995,995,995,0
2022-10-26 11:42:00,995,995,995,995,0
2022-10-26 11:43:00,995,995,995,995,0
2022-10-26 11:44:00,995,995,995,995,0
2022-10-26 11:45:00,995,995,995,995,0
2022-10-26 11:46:00,995,995,995,995,0
2022-10-26 11:47:00,995,995,995,995,0
2022-10-26 11:48:00,995,995,995,995,0
2022-10-26 11:49:00,995,995,995,995,0
2022-10-26 11:50:00,995,995,995,995,0
2022-10-26 11:51:00,995,995,995,995,0
2022-10-26 11:52:00,995,995,995,995,0
2022-10-26 11:53:00,995,995,995,995,0
2022-10-26 11:54:00,995,995,995,995,0
2022-10-26 11:55:00,995,995,995,995,0
2022-10-26 11:56:00,995,995,995,995,0
2022-10-26 11:57:00,995,995,995,995,0
2022-10-26 11:58:00,995,995,995,995,0
2022-10-26 11:59:00,995,995,995,995,0
2022-10-26 12:00:00,995,995,995,995,0
2022-10-26 12:01:00,995,995,995,995,0
2022-10-26 12:02:00,995,995,995,995,0
2022-10-26 12:03:00,995,995,995,995,0
2022-10-26 12:04:00,995,995,995,995,0
2022-10-26 12:05:00,995,995,995,995,0
2022-10-26 12:06:00,995,995,995,995,0
2022-10-26 12:07:00,995,995,995,995,0
2022-10-26 12:08:00,995,995,995,995,0
2022-10-26 12:09:00,995,995,995,995,0
2022-10-26 12:10:00,995,995,995,995,0
2022-10-26 12:11:00,995,995,995,995,0
2022-10-26 12:12:00,995,995,995,995,0
2022-10-26 12:13:00,995,995,995,995,0
2022-10-26 12:14:00,995,995,995,995,0
2022-10-26 12:15:00,995,995,995,995,0
2022-10-26 12:16:00,995,995,995,995,0
2022-10-26 12:17:00,995,995,995,995,0
2022-10-26 12:18:00,995,995,995,995,0
2022-10-26 12:19:00,995,995,995,995,0
2022-10-26 12:20:00,995,995,995,995,0
2022-10-26 12:21:00,995,995,995,995,0
2022-10-26 12:22:00,995,995,995,995,0
2022-10-26 12:23:00,995,995,995,995,0
2022-10-26 12:24:00,995,995,995,995,0
2022-10-26 12:25:00,995,995,995,995,0
2022-10-26 12:26:00,995,995,995,995,0
2022-10-26 12:27:00,995,995,995,995,0
2022-10-26 12:28:00,995,995,995,995,0
2022-10-26 12:29:00,995,995,995,995,0
2022-10-26 12:30:00,995,995,995,995,0
2022-10-26 12:31:00,995,995,995,995,0
2022-10-26 12:32:00,995,995,995,995,0
2022-10-26 12:33:00,995,995,995,995,0
2022-10-26 12:34:00,995,995,995,995,0
2022-10-26 12:35:00,995,995,995,995,0
2022-10-26 12:36:00,995,995,995,995,0
2022-10-26 12:37:00,995,995,995,995,0
2022-10-26 12:38:00,995,995,995,995,0
2022-10-26 12:39:00,995,995,995,995,0
2022-10-26 12:40:00,995,995,995,995,0
2022-10-26 12:41:00,995,995,995,995,0
2022-10-26 12:42:00,995,995,995,995,0
2022-10-26 12:43:00,995,995,995,995,0
2022-10-26 12:44:00,995,995,995,995,0
2022-10-26 12:45:00,995,995,995,995,0
2022-10-26 12:46:00,995,995,995,995,0
2022-10-26 12:47:00,995,995,995,995,0
2022-10-26 12:48:00,995,995,995,995,0
2022-10-26 12:49:00,995,995,995,995,0
2022-10-26 12:50:00,995,995,995,995,0
2022-10-26 12:51:00,995,995,995,995,0
2022-10-26 12:52:00,995,995,995,995,0
2022-10-26 12:53:00,995,995,995,995,0
2022-10-26 12:54:00,995,995,995,995,0
2022-10-26 12:55:00,995,995,995,995,0
2022-10-26 12:56:00,995,995,995,995,0
2022-10-26 12:57:00,995,995,995,995,0
2022-10-26 12:58:00,995,995,995,995,0
2022-10-26 12:59:00,995,995,995,995,0
2022-10-26 13:00:00,995,995,995,995,0
2022-10-26 13:01:00,995,995,995,995,0
2022-10-26 13:02:00,995,995,995,995,0
2022-10-26 13:03:00,995,995,995,995,0
2022-10-26 13:04:00,995,995,995,995,0
2022-10-26 13:05:00,995,995,995,995,0
2022-10-26 13:06:00,995,995,995,995,0
2022-10-26 13:07:00,995,995,995,995,0
2022-10-26 13:08:00,995,995,995,995,0
2022-10-26 13:09:00,995,995,995,995,0
2022-10-26 13:10:00,995,995,995,995,0
2022-10-26 13:11:00,995,995,995,995,0
2022-10-26 13:12:00,995,995,995,995,0
2022-10-26 13:13:00,995,995,995,995,0
2022-10-26 13:14:00,995,995,995,995,0
2022-10-26 13:15:00,995,995,995,995,0
2022-10-26 13:16:00,995,995,995,995,0
2022-10-26 13:17:00,995,995,995,995,0
2022-10-26 13:18:00,995,995,995,995,0
2022-10-26 13:19:00,995,995,995,995,0
2022-10-26 13:20:00,995,995,995,995,0
2022-10-26 13:21:00,995,995,995,995,0
2022-10-26 13:22:00,995,995,995,995,0
2022-10-26 13:23:00,995,995,995,995,0
2022-10-26 13:24:00,995,995,995,995,0
2022-10-26 13:25:00,995,995,995,995,0
2022-10-26 13:26:00,995,995,995,995,0
2022-10-26 13:27:00,995,995,995,995,0
2022-10-26 13:28:00,995,995,995,995,0
2022-10-26 13:29:00,995,995,995,995,0
2022-10-26 13:30:00,995,995,995,995,1900
2022-10-26 13:31:00,990,990,990,990,159000
2022-10-26 13:32:00,990,990,990,990,14400
2022-10-26 13:33:00,990,990,990,990,3700
2022-10-26 13:34:00,990,990,990,990,0
2022-10-26 13:35:00,990,990,990,990,1900
2022-10-26 13:36:00,985,985,985,985,1200
2022-10-26 13:37:00,985,985,985,985,0
2022-10-26 13:38:00,985,985,990,990,20700
2022-10-26 13:39:00,990,990,990,990,196100
2022-10-26 13:40:00,990,990,990,990,0
2022-10-26 13:41:00,990,990,990,990,0
2022-10-26 13:42:00,990,990,990,990,0
2022-10-26 13:43:00,990,990,990,990,0
2022-10-26 13:44:00,990,990,990,990,0
2022-10-26 13:45:00,990,990,990,990,0
2022-10-26 13:46:00,990,990,990,990,19700
2022-10-26 13:47:00,990,990,990,990,0
2022-10-26 13:48:00,990,990,995,995,8100
2022-10-26 13:49:00,990,990,995,995,0
2022-10-26 13:50:00,990,990,990,990,67800
2022-10-26 13:51:00,990,990,990,990,0
2022-10-26 13:52:00,990,990,990,990,0
2022-10-26 13:53:00,995,990,995,990,300
2022-10-26 13:54:00,990,990,990,990,2000
2022-10-26 13:55:00,990,990,990,990,0
2022-10-26 13:56:00,990,990,990,990,1000
2022-10-26 13:57:00,990,990,990,990,0
2022-10-26 13:58:00,990,990,990,990,0
2022-10-26 13:59:00,995,995,995,995,2800
2022-10-26 14:00:00,995,995,995,995,1900
2022-10-26 14:01:00,995,995,995,995,0
2022-10-26 14:02:00,995,995,995,995,29000
2022-10-26 14:03:00,990,990,990,990,2600
2022-10-26 14:04:00,990,990,990,990,0
2022-10-26 14:05:00,990,990,990,990,7000
2022-10-26 14:06:00,990,990,990,990,5800
2022-10-26 14:07:00,990,990,990,990,0
2022-10-26 14:08:00,990,990,990,990,27100
2022-10-26 14:09:00,990,990,995,995,0
2022-10-26 14:10:00,990,990,995,995,0
2022-10-26 14:11:00,990,990,995,995,0
2022-10-26 14:12:00,995,990,995,990,62100
2022-10-26 14:13:00,990,990,990,990,143100
2022-10-26 14:14:00,985,985,990,990,12000
2022-10-26 14:15:00,990,985,990,990,0
2022-10-26 14:16:00,985,985,990,990,2200
2022-10-26 14:17:00,985,985,985,985,1900
2022-10-26 14:18:00,985,985,985,985,0
2022-10-26 14:19:00,990,985,990,985,22700
2022-10-26 14:20:00,990,990,990,990,0
2022-10-26 14:21:00,985,985,990,985,13900
2022-10-26 14:22:00,985,985,990,990,6500
2022-10-26 14:23:00,990,990,990,990,0
2022-10-26 14:24:00,990,990,990,990,7400
2022-10-26 14:25:00,990,990,990,990,14200
2022-10-26 14:26:00,990,990,990,990,0
2022-10-26 14:27:00,990,990,990,990,0
2022-10-26 14:28:00,990,990,990,990,4900
2022-10-26 14:29:00,990,985,990,990,300
2022-10-26 14:30:00,990,985,990,990,0
2022-10-26 14:31:00,985,985,985,985,37100
2022-10-26 14:32:00,990,985,990,985,766400
2022-10-26 14:33:00,985,985,985,985,600
2022-10-26 14:34:00,985,985,985,985,0
2022-10-26 14:35:00,985,985,990,990,10700
2022-10-26 14:36:00,990,990,990,990,5800
2022-10-26 14:37:00,985,985,990,990,54900
2022-10-26 14:38:00,990,990,990,990,5400
2022-10-26 14:39:00,990,985,990,985,67000
2022-10-26 14:40:00,990,990,990,990,0
2022-10-26 14:41:00,990,985,990,985,19200
2022-10-26 14:42:00,985,985,985,985,0
2022-10-26 14:43:00,985,985,985,985,0
2022-10-26 14:44:00,985,985,985,985,1000
2022-10-26 14:45:00,990,990,990,990,4700
2022-10-26 14:46:00,990,990,990,990,0
2022-10-26 14:47:00,985,985,985,985,15300
2022-10-26 14:48:00,985,985,990,990,77900
2022-10-26 14:49:00,985,985,990,985,118600
2022-10-26 14:50:00,985,985,990,985,0
2022-10-26 14:51:00,985,985,990,985,0
2022-10-26 14:52:00,985,985,990,985,0
2022-10-26 14:53:00,985,985,990,985,0
2022-10-26 14:54:00,985,985,990,985,0
2022-10-26 14:55:00,985,985,990,985,0
2022-10-26 14:56:00,985,985,990,985,0
2022-10-26 14:57:00,985,985,990,985,0
2022-10-26 14:58:00,985,985,990,985,0
2022-10-26 14:59:00,985,985,990,985,0
2022-10-26 15:00:00,980,980,980,980,4093000
2022-10-26 15:01:00,980,980,980,980,259900
2022-10-26 15:02:00,980,980,980,980,26100
2022-10-26 15:03:00,980,980,980,980,99500
2022-10-26 15:04:00,980,980,980,980,0
2022-10-26 15:05:00,980,980,980,980,1300
2022-10-26 15:06:00,980,980,980,980,94300
2022-10-26 15:07:00,980,980,980,980,22500
2022-10-26 15:08:00,980,980,980,980,0
2022-10-26 15:09:00,980,980,980,980,100
2022-10-26 15:10:00,980,980,980,980,1600
2022-10-26 15:11:00,980,980,980,980,0
2022-10-26 15:12:00,980,980,980,980,0
2022-10-26 15:13:00,980,980,980,980,0
2022-10-26 15:14:00,980,980,980,980,36825300
2022-10-26 15:15:00,980,980,980,980,0
2022-10-26 15:16:00,980,980,980,980,0
2022-10-26 15:17:00,980,980,980,980,0
2022-10-26 15:18:00,980,980,980,980,0
2022-10-26 15:19:00,980,980,980,980,0
2022-10-26 15:20:00,980,980,980,980,0
2022-10-26 15:21:00,980,980,980,980,0
2022-10-26 15:22:00,980,980,980,980,0
2022-10-26 15:23:00,980,980,980,980,0
2022-10-26 15:24:00,980,980,980,980,0
2022-10-26 15:25:00,980,980,980,980,0
2022-10-26 15:26:00,980,980,980,980,0
2022-10-26 15:27:00,980,980,980,980,0
2022-10-26 15:28:00,980,980,980,980,0
2022-10-26 15:29:00,980,980,980,980,0
2022-10-26 15:30:00,980,980,980,980,0
2022-10-26 15:31:00,980,980,980,980,0
2022-10-26 15:32:00,980,980,980,980,0
2022-10-26 15:33:00,980,980,980,980,0
2022-10-26 15:34:00,980,980,980,980,0
2022-10-26 15:35:00,980,980,980,980,0
2022-10-26 15:36:00,980,980,980,980,0
2022-10-26 15:37:00,980,980,980,980,0
2022-10-26 15:38:00,980,980,980,980,0
2022-10-26 15:39:00,980,980,980,980,0
2022-10-26 15:40:00,980,980,980,980,0
2022-10-26 15:41:00,980,980,980,980,0
2022-10-26 15:42:00,980,980,980,980,0
2022-10-26 15:43:00,980,980,980,980,0
2022-10-26 15:44:00,980,980,980,980,0
2022-10-26 15:45:00,980,980,980,980,0
2022-10-26 15:46:00,980,980,980,980,0
2022-10-26 15:47:00,980,980,980,980,0
2022-10-26 15:48:00,980,980,980,980,0
2022-10-26 15:49:00,980,980,980,980,0
2022-10-26 15:50:00,980,980,980,980,0
2022-10-26 15:51:00,980,980,980,980,0
2022-10-26 15:52:00,980,980,980,980,0
2022-10-26 15:53:00,980,980,980,980,0
2022-10-26 15:54:00,980,980,980,980,0
2022-10-26 15:55:00,980,980,980,980,0
2022-10-26 15:56:00,980,980,980,980,0
2022-10-26 15:57:00,980,980,980,980,0
2022-10-26 15:58:00,980,980,980,980,0
2022-10-26 15:59:00,980,980,980,980,0
2022-10-27 09:00:00,980,975,980,980,0
2022-10-27 09:01:00,985,985,985,985,30900
2022-10-27 09:02:00,980,980,985,985,21800
2022-10-27 09:03:00,985,985,985,985,26400
2022-10-27 09:04:00,985,985,985,985,1300
2022-10-27 09:05:00,985,985,985,985,3500
2022-10-27 09:06:00,980,980,985,980,21200
2022-10-27 09:07:00,985,980,985,980,9835100
2022-10-27 09:08:00,980,980,985,980,0
2022-10-27 09:09:00,985,980,985,985,9289000
2022-10-27 09:10:00,985,985,985,985,7300
2022-10-27 09:11:00,985,985,990,990,59400
2022-10-27 09:12:00,985,985,990,990,6700
2022-10-27 09:13:00,985,985,985,985,21900
2022-10-27 09:14:00,985,985,990,990,671500
2022-10-27 09:15:00,990,990,990,990,0
2022-10-27 09:16:00,990,990,990,990,400
2022-10-27 09:17:00,990,990,990,990,4500
2022-10-27 09:18:00,990,990,990,990,0
2022-10-27 09:19:00,990,990,990,990,2000
2022-10-27 09:20:00,985,985,990,990,52700
2022-10-27 09:21:00,985,985,990,990,0
2022-10-27 09:22:00,990,990,990,990,5100
2022-10-27 09:23:00,985,985,990,990,3100
2022-10-27 09:24:00,990,990,990,990,100
2022-10-27 09:25:00,990,985,990,990,4400
2022-10-27 09:26:00,990,990,990,990,52300
2022-10-27 09:27:00,990,990,990,990,0
2022-10-27 09:28:00,990,990,990,990,0
2022-10-27 09:29:00,990,990,990,990,103100
2022-10-27 09:30:00,990,990,990,990,0
2022-10-27 09:31:00,990,990,990,990,69800
2022-10-27 09:32:00,990,985,990,985,0
2022-10-27 09:33:00,985,985,990,990,42500
2022-10-27 09:34:00,990,990,990,990,11300
2022-10-27 09:35:00,990,985,990,990,11000
2022-10-27 09:36:00,990,990,990,990,18000
2022-10-27 09:37:00,985,985,990,990,21200
2022-10-27 09:38:00,990,990,990,990,600
2022-10-27 09:39:00,990,990,990,990,10700
2022-10-27 09:40:00,990,990,990,990,0
2022-10-27 09:41:00,990,990,990,990,2200
2022-10-27 09:42:00,985,985,990,990,24900
2022-10-27 09:43:00,990,985,990,990,131600
2022-10-27 09:44:00,990,985,990,990,0
2022-10-27 09:45:00,985,985,990,990,38800
2022-10-27 09:46:00,990,990,990,990,5900
2022-10-27 09:47:00,990,990,990,990,500
2022-10-27 09:48:00,985,985,985,985,0
2022-10-27 09:49:00,985,985,990,990,10700
2022-10-27 09:50:00,985,985,990,990,0
2022-10-27 09:51:00,990,990,990,990,1000
2022-10-27 09:52:00,990,990,990,990,500
2022-10-27 09:53:00,990,990,990,990,0
2022-10-27 09:54:00,990,990,990,990,0
2022-10-27 09:55:00,985,985,985,985,119000
2022-10-27 09:56:00,990,990,990,990,1000
2022-10-27 09:57:00,990,985,990,985,8700
2022-10-27 09:58:00,985,985,985,985,0
2022-10-27 09:59:00,985,985,985,985,0
2022-10-27 10:00:00,985,985,985,985,0
2022-10-27 10:01:00,985,985,985,985,0
2022-10-27 10:02:00,990,990,990,990,1000
2022-10-27 10:03:00,990,990,990,990,0
2022-10-27 10:04:00,990,990,990,990,600
2022-10-27 10:05:00,990,990,990,990,0
2022-10-27 10:06:00,990,990,990,990,0
2022-10-27 10:07:00,990,985,995,985,505500
2022-10-27 10:08:00,995,995,995,995,254000
2022-10-27 10:09:00,995,995,995,995,241400
2022-10-27 10:10:00,995,995,995,995,16700
2022-10-27 10:11:00,995,995,995,995,19000
2022-10-27 10:12:00,995,995,995,995,12800
2022-10-27 10:13:00,995,995,1000,1000,4900
2022-10-27 10:14:00,995,995,1000,1000,9900
2022-10-27 10:15:00,995,995,1000,1000,0
2022-10-27 10:16:00,1000,995,1000,995,325200
2022-10-27 10:17:00,995,995,995,995,0
2022-10-27 10:18:00,995,995,995,995,800
2022-10-27 10:19:00,995,995,995,995,0
2022-10-27 10:20:00,995,995,995,995,0
2022-10-27 10:21:00,990,990,990,990,24900
2022-10-27 10:22:00,990,990,990,990,0
2022-10-27 10:23:00,990,990,990,990,5000
2022-10-27 10:24:00,990,990,990,990,0
2022-10-27 10:25:00,990,990,990,990,0
2022-10-27 10:26:00,990,990,990,990,0
2022-10-27 10:27:00,995,990,995,990,104500
2022-10-27 10:28:00,995,990,995,990,0
2022-10-27 10:29:00,995,990,995,990,0
2022-10-27 10:30:00,990,990,990,990,55000
2022-10-27 10:31:00,990,990,990,990,0
2022-10-27 10:32:00,990,990,990,990,0
2022-10-27 10:33:00,990,990,990,990,0
2022-10-27 10:34:00,990,990,990,990,0
2022-10-27 10:35:00,990,990,990,990,0
2022-10-27 10:36:00,990,990,990,990,0
2022-10-27 10:37:00,990,990,990,990,0
2022-10-27 10:38:00,990,990,990,990,100000
2022-10-27 10:39:00,990,990,990,990,0
2022-10-27 10:40:00,990,990,990,990,14300
2022-10-27 10:41:00,990,990,990,990,5300
2022-10-27 10:42:00,990,990,990,990,46800
2022-10-27 10:43:00,990,990,990,990,3900
2022-10-27 10:44:00,990,990,990,990,2500
2022-10-27 10:45:00,990,985,990,985,53000
2022-10-27 10:46:00,985,985,985,985,0
2022-10-27 10:47:00,990,990,990,990,53000
2022-10-27 10:48:00,990,990,990,990,0
2022-10-27 10:49:00,990,990,990,990,0
2022-10-27 10:50:00,990,990,990,990,0
2022-10-27 10:51:00,990,990,990,990,0
2022-10-27 10:52:00,990,990,990,990,0
2022-10-27 10:53:00,990,990,990,990,0
2022-10-27 10:54:00,990,990,990,990,0
2022-10-27 10:55:00,990,990,990,990,0
2022-10-27 10:56:00,990,990,990,990,0
2022-10-27 10:57:00,990,990,990,990,0
2022-10-27 10:58:00,985,985,985,985,10000
2022-10-27 10:59:00,985,985,985,985,0
2022-10-27 11:00:00,985,985,985,985,10300
2022-10-27 11:01:00,985,985,985,985,0
2022-10-27 11:02:00,990,990,990,990,146800
2022-10-27 11:03:00,990,990,990,990,37400
2022-10-27 11:04:00,990,985,990,985,0
2022-10-27 11:05:00,990,985,990,985,0
2022-10-27 11:06:00,990,985,990,985,0
2022-10-27 11:07:00,990,985,990,985,0
2022-10-27 11:08:00,995,995,995,995,1900
2022-10-27 11:09:00,995,995,995,995,0
2022-10-27 11:10:00,995,995,995,995,0
2022-10-27 11:11:00,995,995,995,995,3000
2022-10-27 11:12:00,990,990,990,990,1100
2022-10-27 11:13:00,990,990,990,990,17300
2022-10-27 11:14:00,990,990,990,990,0
2022-10-27 11:15:00,990,990,990,990,0
2022-10-27 11:16:00,990,990,990,990,30000
2022-10-27 11:17:00,990,990,990,990,0
2022-10-27 11:18:00,990,990,990,990,0
2022-10-27 11:19:00,990,990,995,995,11900
2022-10-27 11:20:00,990,990,990,990,18300
2022-10-27 11:21:00,990,990,990,990,0
2022-10-27 11:22:00,985,985,985,985,5800
2022-10-27 11:23:00,985,985,985,985,0
2022-10-27 11:24:00,985,985,985,985,0
2022-10-27 11:25:00,985,985,985,985,0
2022-10-27 11:26:00,985,985,985,985,0
2022-10-27 11:27:00,985,985,985,985,0
2022-10-27 11:28:00,985,985,985,985,0
2022-10-27 11:29:00,985,985,990,990,10800
2022-10-27 11:30:00,985,985,990,990,0
2022-10-27 11:31:00,985,985,990,990,0
2022-10-27 11:32:00,985,985,990,990,0
2022-10-27 11:33:00,985,985,990,990,0
2022-10-27 11:34:00,985,985,990,990,0
2022-10-27 11:35:00,985,985,990,990,0
2022-10-27 11:36:00,985,985,990,990,0
2022-10-27 11:37:00,985,985,990,990,0
2022-10-27 11:38:00,985,985,990,990,0
2022-10-27 11:39:00,985,985,990,990,0
2022-10-27 11:40:00,985,985,990,990,0
2022-10-27 11:41:00,985,985,990,990,0
2022-10-27 11:42:00,985,985,990,990,0
2022-10-27 11:43:00,985,985,990,990,0
2022-10-27 11:44:00,985,985,990,990,0
2022-10-27 11:45:00,985,985,990,990,0
2022-10-27 11:46:00,985,985,990,990,0
2022-10-27 11:47:00,985,985,990,990,0
2022-10-27 11:48:00,985,985,990,990,0
2022-10-27 11:49:00,985,985,990,990,0
2022-10-27 11:50:00,985,985,990,990,0
2022-10-27 11:51:00,985,985,990,990,0
2022-10-27 11:52:00,985,985,990,990,0
2022-10-27 11:53:00,985,985,990,990,0
2022-10-27 11:54:00,985,985,990,990,0
2022-10-27 11:55:00,985,985,990,990,0
2022-10-27 11:56:00,985,985,990,990,0
2022-10-27 11:57:00,985,985,990,990,0
2022-10-27 11:58:00,985,985,990,990,0
2022-10-27 11:59:00,985,985,990,990,0
2022-10-27 12:00:00,985,985,990,990,0
2022-10-27 12:01:00,985,985,990,990,0
2022-10-27 12:02:00,985,985,990,990,0
2022-10-27 12:03:00,985,985,990,990,0
2022-10-27 12:04:00,985,985,990,990,0
2022-10-27 12:05:00,985,985,990,990,0
2022-10-27 12:06:00,985,985,990,990,0
2022-10-27 12:07:00,985,985,990,990,0
2022-10-27 12:08:00,985,985,990,990,0
2022-10-27 12:09:00,985,985,990,990,0
2022-10-27 12:10:00,985,985,990,990,0
2022-10-27 12:11:00,985,985,990,990,0
2022-10-27 12:12:00,985,985,990,990,0
2022-10-27 12:13:00,985,985,990,990,0
2022-10-27 12:14:00,985,985,990,990,0
2022-10-27 12:15:00,985,985,990,990,0
2022-10-27 12:16:00,985,985,990,990,0
2022-10-27 12:17:00,985,985,990,990,0
2022-10-27 12:18:00,985,985,990,990,0
2022-10-27 12:19:00,985,985,990,990,0
2022-10-27 12:20:00,985,985,990,990,0
2022-10-27 12:21:00,985,985,990,990,0
2022-10-27 12:22:00,985,985,990,990,0
2022-10-27 12:23:00,985,985,990,990,0
2022-10-27 12:24:00,985,985,990,990,0
2022-10-27 12:25:00,985,985,990,990,0
2022-10-27 12:26:00,985,985,990,990,0
2022-10-27 12:27:00,985,985,990,990,0
2022-10-27 12:28:00,985,985,990,990,0
2022-10-27 12:29:00,985,985,990,990,0
2022-10-27 12:30:00,985,985,990,990,0
2022-10-27 12:31:00,985,985,990,990,0
2022-10-27 12:32:00,985,985,990,990,0
2022-10-27 12:33:00,985,985,990,990,0
2022-10-27 12:34:00,985,985,990,990,0
2022-10-27 12:35:00,985,985,990,990,0
2022-10-27 12:36:00,985,985,990,990,0
2022-10-27 12:37:00,985,985,990,990,0
2022-10-27 12:38:00,985,985,990,990,0
2022-10-27 12:39:00,985,985,990,990,0
2022-10-27 12:40:00,985,985,990,990,0
2022-10-27 12:41:00,985,985,990,990,0
2022-10-27 12:42:00,985,985,990,990,0
2022-10-27 12:43:00,985,985,990,990,0
2022-10-27 12:44:00,985,985,990,990,0
2022-10-27 12:45:00,985,985,990,990,0
2022-10-27 12:46:00,985,985,990,990,0
2022-10-27 12:47:00,985,985,990,990,0
2022-10-27 12:48:00,985,985,990,990,0
2022-10-27 12:49:00,985,985,990,990,0
2022-10-27 12:50:00,985,985,990,990,0
2022-10-27 12:51:00,985,985,990,990,0
2022-10-27 12:52:00,985,985,990,990,0
2022-10-27 12:53:00,985,985,990,990,0
2022-10-27 12:54:00,985,985,990,990,0
2022-10-27 12:55:00,985,985,990,990,0
2022-10-27 12:56:00,985,985,990,990,0
2022-10-27 12:57:00,985,985,990,990,0
2022-10-27 12:58:00,985,985,990,990,0
2022-10-27 12:59:00,985,985,990,990,0
2022-10-27 13:00:00,985,985,990,990,0
2022-10-27 13:01:00,985,985,990,990,0
2022-10-27 13:02:00,985,985,990,990,0
2022-10-27 13:03:00,985,985,990,990,0
2022-10-27 13:04:00,985,985,990,990,0
2022-10-27 13:05:00,985,985,990,990,0
2022-10-27 13:06:00,985,985,990,990,0
2022-10-27 13:07:00,985,985,990,990,0
2022-10-27 13:08:00,985,985,990,990,0
2022-10-27 13:09:00,985,985,990,990,0
2022-10-27 13:10:00,985,985,990,990,0
2022-10-27 13:11:00,985,985,990,990,0
2022-10-27 13:12:00,985,985,990,990,0
2022-10-27 13:13:00,985,985,990,990,0
2022-10-27 13:14:00,985,985,990,990,0
2022-10-27 13:15:00,985,985,990,990,0
2022-10-27 13:16:00,985,985,990,990,0
2022-10-27 13:17:00,985,985,990,990,0
2022-10-27 13:18:00,985,985,990,990,0
2022-10-27 13:19:00,985,985,990,990,0
2022-10-27 13:20:00,985,985,990,990,0
2022-10-27 13:21:00,985,985,990,990,0
2022-10-27 13:22:00,985,985,990,990,0
2022-10-27 13:23:00,985,985,990,990,0
2022-10-27 13:24:00,985,985,990,990,0
2022-10-27 13:25:00,985,985,990,990,0
2022-10-27 13:26:00,985,985,990,990,0
2022-10-27 13:27:00,985,985,990,990,0
2022-10-27 13:28:00,985,985,990,990,0
2022-10-27 13:29:00,985,985,990,990,0
2022-10-27 13:30:00,990,985,990,990,305700
2022-10-27 13:31:00,990,985,990,990,0
2022-10-27 13:32:00,990,990,990,990,79800
2022-10-27 13:33:00,990,990,990,990,3800
2022-10-27 13:34:00,990,990,990,990,0
2022-10-27 13:35:00,990,990,990,990,0
2022-10-27 13:36:00,990,990,990,990,0
2022-10-27 13:37:00,990,990,990,990,1700
2022-10-27 13:38:00,990,990,990,990,0
2022-10-27 13:39:00,990,990,990,990,7000
2022-10-27 13:40:00,990,990,990,990,0
2022-10-27 13:41:00,990,990,990,990,0
2022-10-27 13:42:00,990,990,990,990,53900
2022-10-27 13:43:00,990,990,990,990,17900
2022-10-27 13:44:00,990,990,990,990,0
2022-10-27 13:45:00,990,990,990,990,0
2022-10-27 13:46:00,990,990,990,990,1600
2022-10-27 13:47:00,990,990,990,990,900
2022-10-27 13:48:00,990,985,990,990,24100
2022-10-27 13:49:00,990,990,995,995,900
2022-10-27 13:50:00,990,990,995,995,0
2022-10-27 13:51:00,990,990,995,995,0
2022-10-27 13:52:00,990,990,995,995,0
2022-10-27 13:53:00,990,990,995,995,0
2022-10-27 13:54:00,995,995,995,995,500
2022-10-27 13:55:00,995,995,995,995,139200
2022-10-27 13:56:00,995,995,995,995,0
2022-10-27 13:57:00,990,990,995,995,565700
2022-10-27 13:58:00,995,995,995,995,6900
2022-10-27 13:59:00,995,990,1000,1000,237000
2022-10-27 14:00:00,995,995,1000,995,247300
2022-10-27 14:01:00,995,995,995,995,8000
2022-10-27 14:02:00,995,995,1000,1000,17500
2022-10-27 14:03:00,995,995,1000,1000,0
2022-10-27 14:04:00,1000,1000,1005,1005,1773800
2022-10-27 14:05:00,1005,1005,1010,1010,531300
2022-10-27 14:06:00,1005,1005,1005,1005,422200
2022-10-27 14:07:00,1005,1005,1005,1005,0
2022-10-27 14:08:00,1005,1005,1005,1005,0
2022-10-27 14:09:00,1005,1005,1010,1010,1768300
2022-10-27 14:10:00,1005,1005,1010,1010,1298100
2022-10-27 14:11:00,1010,1010,1020,1015,1953500
2022-10-27 14:12:00,1015,1015,1020,1020,28300
2022-10-27 14:13:00,1020,1015,1025,1025,880200
2022-10-27 14:14:00,1025,1020,1025,1025,186000
2022-10-27 14:15:00,1020,1015,1025,1015,521800
2022-10-27 14:16:00,1015,1015,1025,1020,8209100
2022-10-27 14:17:00,1020,1020,1020,1020,64500
2022-10-27 14:18:00,1020,1020,1025,1025,7991200
2022-10-27 14:19:00,1020,1020,1025,1025,313200
2022-10-27 14:20:00,1020,1020,1025,1025,106500
2022-10-27 14:21:00,1025,1025,1030,1025,70300
2022-10-27 14:22:00,1025,1025,1025,1025,79000
2022-10-27 14:23:00,1020,1015,1025,1015,726100
2022-10-27 14:24:00,1015,1015,1020,1020,1020400
2022-10-27 14:25:00,1020,1015,1020,1015,221000
2022-10-27 14:26:00,1015,1015,1020,1015,5600
2022-10-27 14:27:00,1015,1015,1020,1020,166600
2022-10-27 14:28:00,1020,1020,1025,1020,31500
2022-10-27 14:29:00,1025,1020,1025,1025,331400
2022-10-27 14:30:00,1025,1020,1025,1025,100000
2022-10-27 14:31:00,1025,1025,1030,1025,228200
2022-10-27 14:32:00,1025,1025,1030,1025,515900
2022-10-27 14:33:00,1030,1025,1030,1025,1075000
2022-10-27 14:34:00,1025,1025,1025,1025,0
2022-10-27 14:35:00,1020,1020,1025,1025,5400
2022-10-27 14:36:00,1020,1020,1025,1025,0
2022-10-27 14:37:00,1020,1020,1025,1025,4100
2022-10-27 14:38:00,1020,1020,1025,1025,111900
2022-10-27 14:39:00,1025,1020,1030,1025,138900
2022-10-27 14:40:00,1025,1025,1025,1025,96800
2022-10-27 14:41:00,1025,1025,1030,1025,0
2022-10-27 14:42:00,1025,1025,1030,1025,310700
2022-10-27 14:43:00,1020,1020,1025,1025,83700
2022-10-27 14:44:00,1020,1015,1020,1015,1038000
2022-10-27 14:45:00,1015,1015,1015,1015,21900
2022-10-27 14:46:00,1020,1020,1025,1020,508100
2022-10-27 14:47:00,1020,1015,1020,1015,624200
2022-10-27 14:48:00,1015,1005,1015,1010,595300
2022-10-27 14:49:00,1010,1005,1015,1015,500200
2022-10-27 14:50:00,1010,1005,1015,1015,0
2022-10-27 14:51:00,1010,1005,1015,1015,0
2022-10-27 14:52:00,1010,1005,1015,1015,0
2022-10-27 14:53:00,1010,1005,1015,1015,0
2022-10-27 14:54:00,1010,1005,1015,1015,0
2022-10-27 14:55:00,1010,1005,1015,1015,0
2022-10-27 14:56:00,1010,1005,1015,1015,0
2022-10-27 14:57:00,1010,1005,1015,1015,0
2022-10-27 14:58:00,1010,1005,1015,1015,0
2022-10-27 14:59:00,1010,1005,1015,1015,0
2022-10-27 15:00:00,1015,1015,1015,1015,728500
2022-10-27 15:01:00,1015,1015,1015,1015,118800
2022-10-27 15:02:00,1015,1015,1015,1015,0
2022-10-27 15:03:00,1015,1015,1015,1015,0
2022-10-27 15:04:00,1015,1015,1015,1015,4000
2022-10-27 15:05:00,1015,1015,1015,1015,2100
2022-10-27 15:06:00,1015,1015,1015,1015,19800
2022-10-27 15:07:00,1015,1015,1015,1015,0
2022-10-27 15:08:00,1015,1015,1015,1015,195400
2022-10-27 15:09:00,1015,1015,1015,1015,0
2022-10-27 15:10:00,1015,1015,1015,1015,0
2022-10-27 15:11:00,1015,1015,1015,1015,41200
2022-10-27 15:12:00,1015,1015,1015,1015,4600
2022-10-27 15:13:00,1015,1015,1015,1015,195300
2022-10-27 15:14:00,1015,1015,1015,1015,58462200
2022-10-27 15:15:00,1015,1015,1015,1015,0
2022-10-27 15:16:00,1015,1015,1015,1015,0
2022-10-27 15:17:00,1015,1015,1015,1015,0
2022-10-27 15:18:00,1015,1015,1015,1015,0
2022-10-27 15:19:00,1015,1015,1015,1015,0
2022-10-27 15:20:00,1015,1015,1015,1015,0
2022-10-27 15:21:00,1015,1015,1015,1015,0
2022-10-27 15:22:00,1015,1015,1015,1015,0
2022-10-27 15:23:00,1015,1015,1015,1015,0
2022-10-27 15:24:00,1015,1015,1015,1015,0
2022-10-27 15:25:00,1015,1015,1015,1015,0
2022-10-27 15:26:00,1015,1015,1015,1015,0
2022-10-27 15:27:00,1015,1015,1015,1015,0
2022-10-27 15:28:00,1015,1015,1015,1015,0
2022-10-27 15:29:00,1015,1015,1015,1015,0
2022-10-27 15:30:00,1015,1015,1015,1015,0
2022-10-27 15:31:00,1015,1015,1015,1015,0
2022-10-27 15:32:00,1015,1015,1015,1015,0
2022-10-27 15:33:00,1015,1015,1015,1015,0
2022-10-27 15:34:00,1015,1015,1015,1015,0
2022-10-27 15:35:00,1015,1015,1015,1015,0
2022-10-27 15:36:00,1015,1015,1015,1015,0
2022-10-27 15:37:00,1015,1015,1015,1015,0
2022-10-27 15:38:00,1015,1015,1015,1015,0
2022-10-27 15:39:00,1015,1015,1015,1015,0
2022-10-27 15:40:00,1015,1015,1015,1015,0
2022-10-27 15:41:00,1015,1015,1015,1015,0
2022-10-27 15:42:00,1015,1015,1015,1015,0
2022-10-27 15:43:00,1015,1015,1015,1015,0
2022-10-27 15:44:00,1015,1015,1015,1015,0
2022-10-27 15:45:00,1015,1015,1015,1015,0
2022-10-27 15:46:00,1015,1015,1015,1015,0
2022-10-27 15:47:00,1015,1015,1015,1015,0
2022-10-27 15:48:00,1015,1015,1015,1015,0
2022-10-27 15:49:00,1015,1015,1015,1015,0
2022-10-27 15:50:00,1015,1015,1015,1015,0
2022-10-27 15:51:00,1015,1015,1015,1015,0
2022-10-27 15:52:00,1015,1015,1015,1015,0
2022-10-27 15:53:00,1015,1015,1015,1015,0
2022-10-27 15:54:00,1015,1015,1015,1015,0
2022-10-27 15:55:00,1015,1015,1015,1015,0
2022-10-27 15:56:00,1015,1015,1015,1015,0
2022-10-27 15:57:00,1015,1015,1015,1015,0
2022-10-27 15:58:00,1015,1015,1015,1015,0
2022-10-27 15:59:00,1015,1015,1015,1015,0
2022-10-28 09:00:00,1015,1010,1015,1015,0
2022-10-28 09:01:00,1010,1010,1015,1015,21200
2022-10-28 09:02:00,1015,1005,1015,1015,1199600
2022-10-28 09:03:00,1010,1010,1015,1010,506900
2022-10-28 09:04:00,1010,1010,1015,1015,9949600
2022-10-28 09:05:00,1010,1000,1010,1005,0
2022-10-28 09:06:00,1000,1000,1005,1005,32600
2022-10-28 09:07:00,1005,1005,1015,1010,8102400
2022-10-28 09:08:00,1010,1005,1010,1005,7000
2022-10-28 09:09:00,1005,1005,1010,1010,44700
2022-10-28 09:10:00,1010,1010,1015,1015,6100
2022-10-28 09:11:00,1015,1010,1015,1010,304000
2022-10-28 09:12:00,1015,1010,1015,1015,26000
2022-10-28 09:13:00,1015,1010,1015,1010,154100
2022-10-28 09:14:00,1010,1010,1010,1010,64500
2022-10-28 09:15:00,1010,1005,1010,1005,430800
2022-10-28 09:16:00,1000,995,1000,995,412800
2022-10-28 09:17:00,995,995,1000,1000,10700
2022-10-28 09:18:00,1000,995,1000,1000,88600
2022-10-28 09:19:00,1000,1000,1000,1000,0
2022-10-28 09:20:00,1000,995,1000,995,15300
2022-10-28 09:21:00,1000,995,1000,995,26700
2022-10-28 09:22:00,1000,1000,1000,1000,2800
2022-10-28 09:23:00,1000,1000,1010,1010,3054900
2022-10-28 09:24:00,1005,1000,1010,1000,696700
2022-10-28 09:25:00,1005,1000,1010,1000,0
2022-10-28 09:26:00,1000,1000,1000,1000,312500
2022-10-28 09:27:00,995,980,995,985,3227300
2022-10-28 09:28:00,990,990,995,995,0
2022-10-28 09:29:00,990,990,995,990,70600
2022-10-28 09:30:00,990,990,990,990,23700
2022-10-28 09:31:00,990,990,995,995,0
2022-10-28 09:32:00,995,985,995,985,430300
2022-10-28 09:33:00,985,985,985,985,128300
2022-10-28 09:34:00,985,985,985,985,3200
2022-10-28 09:35:00,990,990,990,990,131800
2022-10-28 09:36:00,990,990,995,995,6300
2022-10-28 09:37:00,995,995,995,995,1200
2022-10-28 09:38:00,990,990,990,990,13700
2022-10-28 09:39:00,985,985,990,990,730400
2022-10-28 09:40:00,990,990,990,990,287300
2022-10-28 09:41:00,985,985,990,990,1669400
2022-10-28 09:42:00,985,985,990,985,102700
2022-10-28 09:43:00,985,985,985,985,11500
2022-10-28 09:44:00,985,985,990,990,0
2022-10-28 09:45:00,990,990,990,990,18900
2022-10-28 09:46:00,990,990,990,990,0
2022-10-28 09:47:00,985,985,990,990,4600
2022-10-28 09:48:00,985,985,985,985,300
2022-10-28 09:49:00,990,990,990,990,17400
2022-10-28 09:50:00,990,990,990,990,0
2022-10-28 09:51:00,990,985,990,985,11400
2022-10-28 09:52:00,985,985,985,985,360800
2022-10-28 09:53:00,985,985,985,985,120200
2022-10-28 09:54:00,980,980,985,980,1437200
2022-10-28 09:55:00,985,980,985,980,131600
2022-10-28 09:56:00,980,980,980,980,87300
2022-10-28 09:57:00,980,980,980,980,0
2022-10-28 09:58:00,980,980,990,990,386700
2022-10-28 09:59:00,990,980,990,985,438400
2022-10-28 10:00:00,980,980,980,980,25000
2022-10-28 10:01:00,985,985,985,985,2500
2022-10-28 10:02:00,985,985,985,985,1300
2022-10-28 10:03:00,980,980,985,985,413200
2022-10-28 10:04:00,985,985,985,985,32300
2022-10-28 10:05:00,990,985,990,985,0
2022-10-28 10:06:00,990,985,990,985,0
2022-10-28 10:07:00,990,990,990,990,200000
2022-10-28 10:08:00,990,990,990,990,0
2022-10-28 10:09:00,990,985,990,990,700
2022-10-28 10:10:00,985,985,985,985,0
2022-10-28 10:11:00,990,990,990,990,700
2022-10-28 10:12:00,990,985,990,985,10400
2022-10-28 10:13:00,990,985,990,985,4600
2022-10-28 10:14:00,985,985,985,985,0
2022-10-28 10:15:00,985,985,985,985,0
2022-10-28 10:16:00,985,985,985,985,29900
2022-10-28 10:17:00,985,985,985,985,0
2022-10-28 10:18:00,990,985,990,985,35400
2022-10-28 10:19:00,985,985,990,985,236100
2022-10-28 10:20:00,985,985,985,985,1200
2022-10-28 10:21:00,985,985,985,985,0
2022-10-28 10:22:00,985,985,985,985,101000
2022-10-28 10:23:00,985,985,985,985,6000
2022-10-28 10:24:00,985,985,985,985,0
2022-10-28 10:25:00,985,985,985,985,0
2022-10-28 10:26:00,990,990,990,990,2000
2022-10-28 10:27:00,990,990,990,990,0
2022-10-28 10:28:00,990,990,990,990,0
2022-10-28 10:29:00,990,990,990,990,0
2022-10-28 10:30:00,985,985,985,985,100300
2022-10-28 10:31:00,985,985,985,985,0
2022-10-28 10:32:00,985,985,985,985,198500
2022-10-28 10:33:00,985,985,985,985,61100
2022-10-28 10:34:00,985,985,985,985,0
2022-10-28 10:35:00,985,985,985,985,25900
2022-10-28 10:36:00,985,985,985,985,0
2022-10-28 10:37:00,985,985,985,985,0
2022-10-28 10:38:00,985,985,985,985,0
2022-10-28 10:39:00,985,985,985,985,0
2022-10-28 10:40:00,985,985,985,985,3000
2022-10-28 10:41:00,985,985,985,985,0
2022-10-28 10:42:00,985,985,985,985,87400
2022-10-28 10:43:00,985,985,985,985,0
2022-10-28 10:44:00,985,985,985,985,0
2022-10-28 10:45:00,985,985,985,985,0
2022-10-28 10:46:00,985,985,985,985,0
2022-10-28 10:47:00,990,990,990,990,1700
2022-10-28 10:48:00,990,985,990,990,900
2022-10-28 10:49:00,985,985,985,985,26500
2022-10-28 10:50:00,985,985,985,985,165000
2022-10-28 10:51:00,985,985,985,985,164600
2022-10-28 10:52:00,985,980,985,980,88100
2022-10-28 10:53:00,985,985,990,990,295700
2022-10-28 10:54:00,985,985,990,990,0
2022-10-28 10:55:00,985,985,990,990,0
2022-10-28 10:56:00,990,990,990,990,700
2022-10-28 10:57:00,990,990,990,990,0
2022-10-28 10:58:00,985,985,990,990,1800
2022-10-28 10:59:00,985,985,990,990,0
2022-10-28 11:00:00,985,985,985,985,26300
2022-10-28 11:01:00,990,980,990,980,894300
2022-10-28 11:02:00,980,980,985,985,0
2022-10-28 11:03:00,985,985,985,985,205800
2022-10-28 11:04:00,985,985,985,985,10000
2022-10-28 11:05:00,985,985,985,985,6100
2022-10-28 11:06:00,985,985,985,985,0
2022-10-28 11:07:00,985,985,985,985,1200
2022-10-28 11:08:00,985,985,985,985,0
2022-10-28 11:09:00,985,985,985,985,3400
2022-10-28 11:10:00,985,985,985,985,0
2022-10-28 11:11:00,985,985,985,985,0
2022-10-28 11:12:00,985,985,985,985,0
2022-10-28 11:13:00,985,985,985,985,0
2022-10-28 11:14:00,985,985,985,985,12300
2022-10-28 11:15:00,990,985,990,985,25500
2022-10-28 11:16:00,990,985,990,985,0
2022-10-28 11:17:00,985,985,985,985,79200
2022-10-28 11:18:00,990,990,990,990,0
2022-10-28 11:19:00,985,985,985,985,0
2022-10-28 11:20:00,985,985,985,985,0
2022-10-28 11:21:00,985,985,985,985,5800
2022-10-28 11:22:00,985,985,985,985,400
2022-10-28 11:23:00,985,985,985,985,1000
2022-10-28 11:24:00,985,985,985,985,0
2022-10-28 11:25:00,985,985,985,985,500
2022-10-28 11:26:00,985,985,985,985,0
2022-10-28 11:27:00,985,985,985,985,0
2022-10-28 11:28:00,985,985,985,985,0
2022-10-28 11:29:00,985,985,985,985,0
2022-10-28 11:30:00,985,985,985,985,0
2022-10-28 11:31:00,985,985,985,985,0
2022-10-28 11:32:00,985,985,985,985,0
2022-10-28 11:33:00,985,985,985,985,0
2022-10-28 11:34:00,985,985,985,985,0
2022-10-28 11:35:00,985,985,985,985,0
2022-10-28 11:36:00,985,985,985,985,0
2022-10-28 11:37:00,985,985,985,985,0
2022-10-28 11:38:00,985,985,985,985,0
2022-10-28 11:39:00,985,985,985,985,0
2022-10-28 11:40:00,985,985,985,985,0
2022-10-28 11:41:00,985,985,985,985,0
2022-10-28 11:42:00,985,985,985,985,0
2022-10-28 11:43:00,985,985,985,985,0
2022-10-28 11:44:00,985,985,985,985,0
2022-10-28 11:45:00,985,985,985,985,0
2022-10-28 11:46:00,985,985,985,985,0
2022-10-28 11:47:00,985,985,985,985,0
2022-10-28 11:48:00,985,985,985,985,0
2022-10-28 11:49:00,985,985,985,985,0
2022-10-28 11:50:00,985,985,985,985,0
2022-10-28 11:51:00,985,985,985,985,0
2022-10-28 11:52:00,985,985,985,985,0
2022-10-28 11:53:00,985,985,985,985,0
2022-10-28 11:54:00,985,985,985,985,0
2022-10-28 11:55:00,985,985,985,985,0
2022-10-28 11:56:00,985,985,985,985,0
2022-10-28 11:57:00,985,985,985,985,0
2022-10-28 11:58:00,985,985,985,985,0
2022-10-28 11:59:00,985,985,985,985,0
2022-10-28 12:00:00,985,985,985,985,0
2022-10-28 12:01:00,985,985,985,985,0
2022-10-28 12:02:00,985,985,985,985,0
2022-10-28 12:03:00,985,985,985,985,0
2022-10-28 12:04:00,985,985,985,985,0
2022-10-28 12:05:00,985,985,985,985,0
2022-10-28 12:06:00,985,985,985,985,0
2022-10-28 12:07:00,985,985,985,985,0
2022-10-28 12:08:00,985,985,985,985,0
2022-10-28 12:09:00,985,985,985,985,0
2022-10-28 12:10:00,985,985,985,985,0
2022-10-28 12:11:00,985,985,985,985,0
2022-10-28 12:12:00,985,985,985,985,0
2022-10-28 12:13:00,985,985,985,985,0
2022-10-28 12:14:00,985,985,985,985,0
2022-10-28 12:15:00,985,985,985,985,0
2022-10-28 12:16:00,985,985,985,985,0
2022-10-28 12:17:00,985,985,985,985,0
2022-10-28 12:18:00,985,985,985,985,0
2022-10-28 12:19:00,985,985,985,985,0
2022-10-28 12:20:00,985,985,985,985,0
2022-10-28 12:21:00,985,985,985,985,0
2022-10-28 12:22:00,985,985,985,985,0
2022-10-28 12:23:00,985,985,985,985,0
2022-10-28 12:24:00,985,985,985,985,0
2022-10-28 12:25:00,985,985,985,985,0
2022-10-28 12:26:00,985,985,985,985,0
2022-10-28 12:27:00,985,985,985,985,0
2022-10-28 12:28:00,985,985,985,985,0
2022-10-28 12:29:00,985,985,985,985,0
2022-10-28 12:30:00,985,985,985,985,0
2022-10-28 12:31:00,985,985,985,985,0
2022-10-28 12:32:00,985,985,985,985,0
2022-10-28 12:33:00,985,985,985,985,0
2022-10-28 12:34:00,985,985,985,985,0
2022-10-28 12:35:00,985,985,985,985,0
2022-10-28 12:36:00,985,985,985,985,0
2022-10-28 12:37:00,985,985,985,985,0
2022-10-28 12:38:00,985,985,985,985,0
2022-10-28 12:39:00,985,985,985,985,0
2022-10-28 12:40:00,985,985,985,985,0
2022-10-28 12:41:00,985,985,985,985,0
2022-10-28 12:42:00,985,985,985,985,0
2022-10-28 12:43:00,985,985,985,985,0
2022-10-28 12:44:00,985,985,985,985,0
2022-10-28 12:45:00,985,985,985,985,0
2022-10-28 12:46:00,985,985,985,985,0
2022-10-28 12:47:00,985,985,985,985,0
2022-10-28 12:48:00,985,985,985,985,0
2022-10-28 12:49:00,985,985,985,985,0
2022-10-28 12:50:00,985,985,985,985,0
2022-10-28 12:51:00,985,985,985,985,0
2022-10-28 12:52:00,985,985,985,985,0
2022-10-28 12:53:00,985,985,985,985,0
2022-10-28 12:54:00,985,985,985,985,0
2022-10-28 12:55:00,985,985,985,985,0
2022-10-28 12:56:00,985,985,985,985,0
2022-10-28 12:57:00,985,985,985,985,0
2022-10-28 12:58:00,985,985,985,985,0
2022-10-28 12:59:00,985,985,985,985,0
2022-10-28 13:00:00,985,985,985,985,0
2022-10-28 13:01:00,985,985,985,985,0
2022-10-28 13:02:00,985,985,985,985,0
2022-10-28 13:03:00,985,985,985,985,0
2022-10-28 13:04:00,985,985,985,985,0
2022-10-28 13:05:00,985,985,985,985,0
2022-10-28 13:06:00,985,985,985,985,0
2022-10-28 13:07:00,985,985,985,985,0
2022-10-28 13:08:00,985,985,985,985,0
2022-10-28 13:09:00,985,985,985,985,0
2022-10-28 13:10:00,985,985,985,985,0
2022-10-28 13:11:00,985,985,985,985,0
2022-10-28 13:12:00,985,985,985,985,0
2022-10-28 13:13:00,985,985,985,985,0
2022-10-28 13:14:00,985,985,985,985,0
2022-10-28 13:15:00,985,985,985,985,0
2022-10-28 13:16:00,985,985,985,985,0
2022-10-28 13:17:00,985,985,985,985,0
2022-10-28 13:18:00,985,985,985,985,0
2022-10-28 13:19:00,985,985,985,985,0
2022-10-28 13:20:00,985,985,985,985,0
2022-10-28 13:21:00,985,985,985,985,0
2022-10-28 13:22:00,985,985,985,985,0
2022-10-28 13:23:00,985,985,985,985,0
2022-10-28 13:24:00,985,985,985,985,0
2022-10-28 13:25:00,985,985,985,985,0
2022-10-28 13:26:00,985,985,985,985,0
2022-10-28 13:27:00,985,985,985,985,0
2022-10-28 13:28:00,985,985,985,985,0
2022-10-28 13:29:00,985,985,985,985,0
2022-10-28 13:30:00,985,985,990,990,48200
2022-10-28 13:31:00,990,990,990,990,0
2022-10-28 13:32:00,990,990,990,990,0
2022-10-28 13:33:00,990,990,990,990,0
2022-10-28 13:34:00,990,990,990,990,2500
2022-10-28 13:35:00,990,990,990,990,7400
2022-10-28 13:36:00,990,990,990,990,3800
2022-10-28 13:37:00,990,990,990,990,7700
2022-10-28 13:38:00,990,990,990,990,700
2022-10-28 13:39:00,990,985,990,990,700
2022-10-28 13:40:00,990,990,990,990,125900
2022-10-28 13:41:00,990,990,990,990,0
2022-10-28 13:42:00,990,990,990,990,0
2022-10-28 13:43:00,990,990,990,990,0
2022-10-28 13:44:00,990,990,990,990,0
2022-10-28 13:45:00,990,990,990,990,0
2022-10-28 13:46:00,990,990,990,990,31800
2022-10-28 13:47:00,985,985,985,985,528900
2022-10-28 13:48:00,985,980,985,980,61500
2022-10-28 13:49:00,980,980,985,985,1000
2022-10-28 13:50:00,985,980,985,985,10800
2022-10-28 13:51:00,985,985,985,985,44300
2022-10-28 13:52:00,985,985,985,985,0
2022-10-28 13:53:00,985,985,985,985,0
2022-10-28 13:54:00,985,985,985,985,0
2022-10-28 13:55:00,985,985,985,985,20200
2022-10-28 13:56:00,985,980,985,985,116100
2022-10-28 13:57:00,985,985,985,985,45700
2022-10-28 13:58:00,985,985,985,985,0
2022-10-28 13:59:00,985,985,985,985,0
2022-10-28 14:00:00,985,985,985,985,44600
2022-10-28 14:01:00,990,985,990,985,9500
2022-10-28 14:02:00,985,985,985,985,7800
2022-10-28 14:03:00,985,985,985,985,0
2022-10-28 14:04:00,985,985,985,985,0
2022-10-28 14:05:00,985,985,985,985,14200
2022-10-28 14:06:00,980,980,980,980,4900
2022-10-28 14:07:00,980,980,980,980,10500
2022-10-28 14:08:00,980,980,985,980,372200
2022-10-28 14:09:00,985,985,985,985,0
2022-10-28 14:10:00,980,980,985,985,60300
2022-10-28 14:11:00,985,985,985,985,0
2022-10-28 14:12:00,985,980,985,985,32500
2022-10-28 14:13:00,985,980,985,980,600
2022-10-28 14:14:00,985,980,985,980,0
2022-10-28 14:15:00,980,980,980,980,3900
2022-10-28 14:16:00,980,980,985,985,7400
2022-10-28 14:17:00,985,985,985,985,0
2022-10-28 14:18:00,985,985,985,985,900
2022-10-28 14:19:00,985,985,985,985,25600
2022-10-28 14:20:00,980,980,980,980,748200
2022-10-28 14:21:00,975,970,975,975,2179800
2022-10-28 14:22:00,970,970,975,975,228000
2022-10-28 14:23:00,975,970,975,970,272900
2022-10-28 14:24:00,975,970,975,975,46900
2022-10-28 14:25:00,975,975,980,980,118300
2022-10-28 14:26:00,980,980,980,980,1500
2022-10-28 14:27:00,975,975,975,975,279900
2022-10-28 14:28:00,975,975,975,975,17600
2022-10-28 14:29:00,975,975,975,975,31400
2022-10-28 14:30:00,975,975,980,975,86900
2022-10-28 14:31:00,975,975,975,975,22500
2022-10-28 14:32:00,975,970,975,975,17200
2022-10-28 14:33:00,975,975,980,980,11500
2022-10-28 14:34:00,980,975,980,975,9200
2022-10-28 14:35:00,975,975,975,975,1400
2022-10-28 14:36:00,975,975,975,975,0
2022-10-28 14:37:00,975,975,975,975,227100
2022-10-28 14:38:00,975,975,980,980,0
2022-10-28 14:39:00,980,975,980,975,25000
2022-10-28 14:40:00,975,975,975,975,177400
2022-10-28 14:41:00,975,975,975,975,0
2022-10-28 14:42:00,975,975,975,975,293200
2022-10-28 14:43:00,975,970,975,975,18800
2022-10-28 14:44:00,970,970,975,975,5700
2022-10-28 14:45:00,975,970,975,975,102500
2022-10-28 14:46:00,975,970,975,975,54900
2022-10-28 14:47:00,975,970,975,970,17400
2022-10-28 14:48:00,975,970,975,975,175200
2022-10-28 14:49:00,975,970,975,975,323100
2022-10-28 14:50:00,975,970,975,975,0
2022-10-28 14:51:00,975,970,975,975,0
2022-10-28 14:52:00,975,970,975,975,0
2022-10-28 14:53:00,975,970,975,975,0
2022-10-28 14:54:00,975,970,975,975,0
2022-10-28 14:55:00,975,970,975,975,0
2022-10-28 14:56:00,975,970,975,975,0
2022-10-28 14:57:00,975,970,975,975,0
2022-10-28 14:58:00,975,970,975,975,0
2022-10-28 14:59:00,975,970,975,975,0
2022-10-28 15:00:00,970,970,970,970,818300
2022-10-28 15:01:00,970,970,970,970,44000
2022-10-28 15:02:00,970,970,970,970,29700
2022-10-28 15:03:00,970,970,970,970,20000
2022-10-28 15:04:00,970,970,970,970,40000
2022-10-28 15:05:00,970,970,970,970,0
2022-10-28 15:06:00,970,970,970,970,35200
2022-10-28 15:07:00,970,970,970,970,0
2022-10-28 15:08:00,970,970,970,970,7000
2022-10-28 15:09:00,970,970,970,970,3000
2022-10-28 15:10:00,970,970,970,970,0
2022-10-28 15:11:00,970,970,970,970,0
2022-10-28 15:12:00,970,970,970,970,2500
2022-10-28 15:13:00,970,970,970,970,0
2022-10-28 15:14:00,970,970,970,970,0
2022-10-28 15:15:00,970,970,970,970,0
2022-10-28 15:16:00,970,970,970,970,0
2022-10-28 15:17:00,970,970,970,970,0
2022-10-28 15:18:00,970,970,970,970,0
2022-10-28 15:19:00,970,970,970,970,0
2022-10-28 15:20:00,970,970,970,970,0
2022-10-28 15:21:00,970,970,970,970,0
2022-10-28 15:22:00,970,970,970,970,0
2022-10-28 15:23:00,970,970,970,970,0
2022-10-28 15:24:00,970,970,970,970,0
2022-10-28 15:25:00,970,970,970,970,0
2022-10-28 15:26:00,970,970,970,970,0
2022-10-28 15:27:00,970,970,970,970,0
2022-10-28 15:28:00,970,970,970,970,0
2022-10-28 15:29:00,970,970,970,970,0
2022-10-28 15:30:00,970,970,970,970,0
2022-10-28 15:31:00,970,970,970,970,0
2022-10-28 15:32:00,970,970,970,970,0
2022-10-28 15:33:00,970,970,970,970,0
2022-10-28 15:34:00,970,970,970,970,0
2022-10-28 15:35:00,970,970,970,970,0
2022-10-28 15:36:00,970,970,970,970,0
2022-10-28 15:37:00,970,970,970,970,0
2022-10-28 15:38:00,970,970,970,970,0
2022-10-28 15:39:00,970,970,970,970,0
2022-10-28 15:40:00,970,970,970,970,0
2022-10-28 15:41:00,970,970,970,970,0
2022-10-28 15:42:00,970,970,970,970,0
2022-10-28 15:43:00,970,970,970,970,0
2022-10-28 15:44:00,970,970,970,970,0
2022-10-28 15:45:00,970,970,970,970,0
2022-10-28 15:46:00,970,970,970,970,0
2022-10-28 15:47:00,970,970,970,970,0
2022-10-28 15:48:00,970,970,970,970,0
2022-10-28 15:49:00,970,970,970,970,0
2022-10-28 15:50:00,970,970,970,970,0
2022-10-28 15:51:00,970,970,970,970,0
2022-10-28 15:52:00,970,970,970,970,0
2022-10-28 15:53:00,970,970,970,970,0
2022-10-28 15:54:00,970,970,970,970,0
2022-10-28 15:55:00,970,970,970,970,0
2022-10-28 15:56:00,970,970,970,970,0
2022-10-28 15:57:00,970,970,970,970,0
2022-10-28 15:58:00,970,970,970,970,0
2022-10-28 15:59:00,970,970,970,970,0
2022-10-31 09:00:00,970,970,980,980,0
2022-10-31 09:01:00,980,975,980,975,6300
2022-10-31 09:02:00,975,975,980,980,127200
2022-10-31 09:03:00,975,975,975,975,201300
2022-10-31 09:04:00,975,975,980,975,71000
2022-10-31 09:05:00,975,975,980,980,11100
2022-10-31 09:06:00,980,975,980,980,6600
2022-10-31 09:07:00,975,975,975,975,2600
2022-10-31 09:08:00,975,975,980,975,8638400
2022-10-31 09:09:00,980,980,985,985,0
2022-10-31 09:10:00,985,980,985,985,7761200
2022-10-31 09:11:00,985,980,985,985,0
2022-10-31 09:12:00,985,985,985,985,500
2022-10-31 09:13:00,980,970,980,975,610600
2022-10-31 09:14:00,970,970,975,975,5000
2022-10-31 09:15:00,975,970,975,975,60900
2022-10-31 09:16:00,970,965,975,975,4230400
2022-10-31 09:17:00,970,970,975,970,69000
2022-10-31 09:18:00,965,965,970,970,125100
2022-10-31 09:19:00,970,960,970,960,194900
2022-10-31 09:20:00,965,965,965,965,207000
2022-10-31 09:21:00,965,960,965,965,17900
2022-10-31 09:22:00,965,960,965,960,195400
2022-10-31 09:23:00,965,965,970,965,70000
2022-10-31 09:24:00,965,965,970,970,38000
2022-10-31 09:25:00,965,965,965,965,101500
2022-10-31 09:26:00,970,965,970,965,363500
2022-10-31 09:27:00,965,965,965,965,68900
2022-10-31 09:28:00,970,965,970,965,0
2022-10-31 09:29:00,965,965,965,965,67500
2022-10-31 09:30:00,965,965,970,970,104100
2022-10-31 09:31:00,970,965,970,970,9200
2022-10-31 09:32:00,965,965,965,965,4200
2022-10-31 09:33:00,965,965,965,965,6700
2022-10-31 09:34:00,965,965,965,965,4100
2022-10-31 09:35:00,965,965,965,965,12900
2022-10-31 09:36:00,965,965,970,970,45800
2022-10-31 09:37:00,970,970,970,970,1000
2022-10-31 09:38:00,970,970,970,970,1200
2022-10-31 09:39:00,970,970,970,970,0
2022-10-31 09:40:00,965,965,965,965,600
2022-10-31 09:41:00,970,970,970,970,200
2022-10-31 09:42:00,970,970,970,970,10200
2022-10-31 09:43:00,970,970,970,970,0
2022-10-31 09:44:00,970,970,970,970,553500
2022-10-31 09:45:00,970,970,970,970,0
2022-10-31 09:46:00,970,970,975,975,0
2022-10-31 09:47:00,975,975,975,975,2100
2022-10-31 09:48:00,975,975,975,975,2900
2022-10-31 09:49:00,970,970,970,970,25700
2022-10-31 09:50:00,970,970,970,970,212200
2022-10-31 09:51:00,970,970,970,970,72000
2022-10-31 09:52:00,970,970,970,970,19100
2022-10-31 09:53:00,970,970,970,970,0
2022-10-31 09:54:00,970,970,970,970,3500
2022-10-31 09:55:00,970,970,970,970,6600
2022-10-31 09:56:00,970,965,970,970,48000
2022-10-31 09:57:00,970,970,970,970,24300
2022-10-31 09:58:00,970,970,970,970,1900
2022-10-31 09:59:00,970,965,970,965,12300
2022-10-31 10:00:00,965,965,970,970,5700
2022-10-31 10:01:00,970,970,970,970,38000
2022-10-31 10:02:00,965,965,970,970,5600
2022-10-31 10:03:00,970,970,970,970,160200
2022-10-31 10:04:00,970,970,970,970,20000
2022-10-31 10:05:00,970,970,970,970,183800
2022-10-31 10:06:00,970,970,970,970,51000
2022-10-31 10:07:00,970,970,970,970,0
2022-10-31 10:08:00,970,970,970,970,800
2022-10-31 10:09:00,970,970,970,970,399900
2022-10-31 10:10:00,970,970,970,970,0
2022-10-31 10:11:00,970,970,970,970,0
2022-10-31 10:12:00,970,970,970,970,14400
2022-10-31 10:13:00,970,970,970,970,2200
2022-10-31 10:14:00,970,970,970,970,3100
2022-10-31 10:15:00,965,965,970,970,88000
2022-10-31 10:16:00,965,965,965,965,0
2022-10-31 10:17:00,965,965,970,970,49300
2022-10-31 10:18:00,970,970,970,970,13200
2022-10-31 10:19:00,970,970,970,970,0
2022-10-31 10:20:00,970,970,970,970,0
2022-10-31 10:21:00,970,970,970,970,0
2022-10-31 10:22:00,965,965,970,970,20300
2022-10-31 10:23:00,965,965,970,970,0
2022-10-31 10:24:00,970,970,970,970,700
2022-10-31 10:25:00,970,970,970,970,12300
2022-10-31 10:26:00,970,970,970,970,800
2022-10-31 10:27:00,965,965,965,965,10500
2022-10-31 10:28:00,965,965,965,965,0
2022-10-31 10:29:00,965,965,965,965,297600
2022-10-31 10:30:00,970,965,970,970,0
2022-10-31 10:31:00,970,965,970,970,10500
2022-10-31 10:32:00,970,970,970,970,3100
2022-10-31 10:33:00,965,965,965,965,3300
2022-10-31 10:34:00,965,965,965,965,0
2022-10-31 10:35:00,970,965,970,970,11000
2022-10-31 10:36:00,970,965,970,965,190200
2022-10-31 10:37:00,965,965,970,965,194700
2022-10-31 10:38:00,970,970,970,970,0
2022-10-31 10:39:00,970,970,970,970,0
2022-10-31 10:40:00,970,970,970,970,2000
2022-10-31 10:41:00,965,965,970,970,200
2022-10-31 10:42:00,970,970,970,970,43900
2022-10-31 10:43:00,970,970,970,970,0
2022-10-31 10:44:00,965,965,970,970,0
2022-10-31 10:45:00,970,970,970,970,6500
2022-10-31 10:46:00,965,965,965,965,0
2022-10-31 10:47:00,965,965,965,965,1300
2022-10-31 10:48:00,965,965,965,965,1200
2022-10-31 10:49:00,965,965,965,965,0
2022-10-31 10:50:00,970,970,970,970,0
2022-10-31 10:51:00,965,965,965,965,10000
2022-10-31 10:52:00,965,965,965,965,800
2022-10-31 10:53:00,965,965,965,965,0
2022-10-31 10:54:00,965,965,965,965,0
2022-10-31 10:55:00,970,970,970,970,3600
2022-10-31 10:56:00,970,970,970,970,0
2022-10-31 10:57:00,970,965,970,965,4000
2022-10-31 10:58:00,970,970,970,970,249700
2022-10-31 10:59:00,970,970,970,970,28500
2022-10-31 11:00:00,970,970,970,970,0
2022-10-31 11:01:00,965,965,970,970,1000
2022-10-31 11:02:00,970,965,970,965,3300
2022-10-31 11:03:00,965,965,965,965,4400
2022-10-31 11:04:00,965,965,970,970,1400
2022-10-31 11:05:00,970,970,970,970,71800
2022-10-31 11:06:00,970,970,970,970,0
2022-10-31 11:07:00,970,970,970,970,6000
2022-10-31 11:08:00,970,970,970,970,0
2022-10-31 11:09:00,970,970,970,970,200
2022-10-31 11:10:00,970,970,970,970,0
2022-10-31 11:11:00,970,970,970,970,60000
2022-10-31 11:12:00,970,970,970,970,24600
2022-10-31 11:13:00,970,970,970,970,0
2022-10-31 11:14:00,970,970,970,970,500
2022-10-31 11:15:00,970,970,970,970,300
2022-10-31 11:16:00,970,970,970,970,19600
2022-10-31 11:17:00,970,970,970,970,0
2022-10-31 11:18:00,970,970,970,970,2100
2022-10-31 11:19:00,970,970,970,970,0
2022-10-31 11:20:00,970,970,970,970,0
2022-10-31 11:21:00,970,970,970,970,1100
2022-10-31 11:22:00,970,970,970,970,200
2022-10-31 11:23:00,965,965,965,965,1500
2022-10-31 11:24:00,970,970,970,970,49200
2022-10-31 11:25:00,970,970,970,970,112000
2022-10-31 11:26:00,970,970,970,970,0
2022-10-31 11:27:00,970,970,970,970,0
2022-10-31 11:28:00,970,965,970,965,1000
2022-10-31 11:29:00,970,970,970,970,500
2022-10-31 11:30:00,970,970,970,970,0
2022-10-31 11:31:00,970,970,970,970,0
2022-10-31 11:32:00,970,970,970,970,0
2022-10-31 11:33:00,970,970,970,970,0
2022-10-31 11:34:00,970,970,970,970,0
2022-10-31 11:35:00,970,970,970,970,0
2022-10-31 11:36:00,970,970,970,970,0
2022-10-31 11:37:00,970,970,970,970,0
2022-10-31 11:38:00,970,970,970,970,0
2022-10-31 11:39:00,970,970,970,970,0
2022-10-31 11:40:00,970,970,970,970,0
2022-10-31 11:41:00,970,970,970,970,0
2022-10-31 11:42:00,970,970,970,970,0
2022-10-31 11:43:00,970,970,970,970,0
2022-10-31 11:44:00,970,970,970,970,0
2022-10-31 11:45:00,970,970,970,970,0
2022-10-31 11:46:00,970,970,970,970,0
2022-10-31 11:47:00,970,970,970,970,0
2022-10-31 11:48:00,970,970,970,970,0
2022-10-31 11:49:00,970,970,970,970,0
2022-10-31 11:50:00,970,970,970,970,0
2022-10-31 11:51:00,970,970,970,970,0
2022-10-31 11:52:00,970,970,970,970,0
2022-10-31 11:53:00,970,970,970,970,0
2022-10-31 11:54:00,970,970,970,970,0
2022-10-31 11:55:00,970,970,970,970,0
2022-10-31 11:56:00,970,970,970,970,0
2022-10-31 11:57:00,970,970,970,970,0
2022-10-31 11:58:00,970,970,970,970,0
2022-10-31 11:59:00,970,970,970,970,0
2022-10-31 12:00:00,970,970,970,970,0
2022-10-31 12:01:00,970,970,970,970,0
2022-10-31 12:02:00,970,970,970,970,0
2022-10-31 12:03:00,970,970,970,970,0
2022-10-31 12:04:00,970,970,970,970,0
2022-10-31 12:05:00,970,970,970,970,0
2022-10-31 12:06:00,970,970,970,970,0
2022-10-31 12:07:00,970,970,970,970,0
2022-10-31 12:08:00,970,970,970,970,0
2022-10-31 12:09:00,970,970,970,970,0
2022-10-31 12:10:00,970,970,970,970,0
2022-10-31 12:11:00,970,970,970,970,0
2022-10-31 12:12:00,970,970,970,970,0
2022-10-31 12:13:00,970,970,970,970,0
2022-10-31 12:14:00,970,970,970,970,0
2022-10-31 12:15:00,970,970,970,970,0
2022-10-31 12:16:00,970,970,970,970,0
2022-10-31 12:17:00,970,970,970,970,0
2022-10-31 12:18:00,970,970,970,970,0
2022-10-31 12:19:00,970,970,970,970,0
2022-10-31 12:20:00,970,970,970,970,0
2022-10-31 12:21:00,970,970,970,970,0
2022-10-31 12:22:00,970,970,970,970,0
2022-10-31 12:23:00,970,970,970,970,0
2022-10-31 12:24:00,970,970,970,970,0
2022-10-31 12:25:00,970,970,970,970,0
2022-10-31 12:26:00,970,970,970,970,0
2022-10-31 12:27:00,970,970,970,970,0
2022-10-31 12:28:00,970,970,970,970,0
2022-10-31 12:29:00,970,970,970,970,0
2022-10-31 12:30:00,970,970,970,970,0
2022-10-31 12:31:00,970,970,970,970,0
2022-10-31 12:32:00,970,970,970,970,0
2022-10-31 12:33:00,970,970,970,970,0
2022-10-31 12:34:00,970,970,970,970,0
2022-10-31 12:35:00,970,970,970,970,0
2022-10-31 12:36:00,970,970,970,970,0
2022-10-31 12:37:00,970,970,970,970,0
2022-10-31 12:38:00,970,970,970,970,0
2022-10-31 12:39:00,970,970,970,970,0
2022-10-31 12:40:00,970,970,970,970,0
2022-10-31 12:41:00,970,970,970,970,0
2022-10-31 12:42:00,970,970,970,970,0
2022-10-31 12:43:00,970,970,970,970,0
2022-10-31 12:44:00,970,970,970,970,0
2022-10-31 12:45:00,970,970,970,970,0
2022-10-31 12:46:00,970,970,970,970,0
2022-10-31 12:47:00,970,970,970,970,0
2022-10-31 12:48:00,970,970,970,970,0
2022-10-31 12:49:00,970,970,970,970,0
2022-10-31 12:50:00,970,970,970,970,0
2022-10-31 12:51:00,970,970,970,970,0
2022-10-31 12:52:00,970,970,970,970,0
2022-10-31 12:53:00,970,970,970,970,0
2022-10-31 12:54:00,970,970,970,970,0
2022-10-31 12:55:00,970,970,970,970,0
2022-10-31 12:56:00,970,970,970,970,0
2022-10-31 12:57:00,970,970,970,970,0
2022-10-31 12:58:00,970,970,970,970,0
2022-10-31 12:59:00,970,970,970,970,0
2022-10-31 13:00:00,970,970,970,970,0
2022-10-31 13:01:00,970,970,970,970,0
2022-10-31 13:02:00,970,970,970,970,0
2022-10-31 13:03:00,970,970,970,970,0
2022-10-31 13:04:00,970,970,970,970,0
2022-10-31 13:05:00,970,970,970,970,0
2022-10-31 13:06:00,970,970,970,970,0
2022-10-31 13:07:00,970,970,970,970,0
2022-10-31 13:08:00,970,970,970,970,0
2022-10-31 13:09:00,970,970,970,970,0
2022-10-31 13:10:00,970,970,970,970,0
2022-10-31 13:11:00,970,970,970,970,0
2022-10-31 13:12:00,970,970,970,970,0
2022-10-31 13:13:00,970,970,970,970,0
2022-10-31 13:14:00,970,970,970,970,0
2022-10-31 13:15:00,970,970,970,970,0
2022-10-31 13:16:00,970,970,970,970,0
2022-10-31 13:17:00,970,970,970,970,0
2022-10-31 13:18:00,970,970,970,970,0
2022-10-31 13:19:00,970,970,970,970,0
2022-10-31 13:20:00,970,970,970,970,0
2022-10-31 13:21:00,970,970,970,970,0
2022-10-31 13:22:00,970,970,970,970,0
2022-10-31 13:23:00,970,970,970,970,0
2022-10-31 13:24:00,970,970,970,970,0
2022-10-31 13:25:00,970,970,970,970,0
2022-10-31 13:26:00,970,970,970,970,0
2022-10-31 13:27:00,970,970,970,970,0
2022-10-31 13:28:00,970,970,970,970,0
2022-10-31 13:29:00,970,970,970,970,0
2022-10-31 13:30:00,970,965,970,970,225600
2022-10-31 13:31:00,970,965,970,970,0
2022-10-31 13:32:00,970,970,970,970,21100
2022-10-31 13:33:00,970,970,970,970,0
2022-10-31 13:34:00,965,965,970,970,887900
2022-10-31 13:35:00,965,965,970,970,0
2022-10-31 13:36:00,965,965,965,965,283600
2022-10-31 13:37:00,965,965,965,965,62400
2022-10-31 13:38:00,970,965,970,970,114400
2022-10-31 13:39:00,965,965,965,965,3000
2022-10-31 13:40:00,965,965,965,965,0
2022-10-31 13:41:00,965,965,970,970,500
2022-10-31 13:42:00,965,965,970,970,0
2022-10-31 13:43:00,965,965,970,970,0
2022-10-31 13:44:00,970,970,970,970,0
2022-10-31 13:45:00,970,970,970,970,0
2022-10-31 13:46:00,970,970,970,970,0
2022-10-31 13:47:00,970,970,970,970,0
2022-10-31 13:48:00,970,970,970,970,0
2022-10-31 13:49:00,970,970,970,970,10200
2022-10-31 13:50:00,970,970,970,970,24700
2022-10-31 13:51:00,970,970,970,970,4600
2022-10-31 13:52:00,970,970,970,970,0
2022-10-31 13:53:00,970,970,970,970,0
2022-10-31 13:54:00,970,970,970,970,600
2022-10-31 13:55:00,965,965,965,965,9200
2022-10-31 13:56:00,965,965,970,970,1500
2022-10-31 13:57:00,970,970,970,970,1900
2022-10-31 13:58:00,965,965,970,970,16000
2022-10-31 13:59:00,970,970,970,970,249200
2022-10-31 14:00:00,970,970,970,970,4200
2022-10-31 14:01:00,970,965,970,965,700
2022-10-31 14:02:00,970,965,970,965,0
2022-10-31 14:03:00,965,965,965,965,23800
2022-10-31 14:04:00,970,970,970,970,0
2022-10-31 14:05:00,970,965,970,970,319500
2022-10-31 14:06:00,970,965,970,970,0
2022-10-31 14:07:00,970,970,970,970,8300
2022-10-31 14:08:00,970,970,970,970,1500
2022-10-31 14:09:00,970,970,970,970,6000
2022-10-31 14:10:00,970,970,975,975,140000
2022-10-31 14:11:00,970,970,975,975,0
2022-10-31 14:12:00,975,975,975,975,0
2022-10-31 14:13:00,975,970,975,970,20100
2022-10-31 14:14:00,975,970,975,970,3100
2022-10-31 14:15:00,970,970,970,970,3500
2022-10-31 14:16:00,970,970,970,970,0
2022-10-31 14:17:00,975,975,975,975,0
2022-10-31 14:18:00,975,975,975,975,100
2022-10-31 14:19:00,975,975,975,975,100
2022-10-31 14:20:00,970,970,970,970,0
2022-10-31 14:21:00,970,970,970,970,9300
2022-10-31 14:22:00,970,970,970,970,700
2022-10-31 14:23:00,970,970,975,975,10200
2022-10-31 14:24:00,970,970,975,975,0
2022-10-31 14:25:00,970,970,970,970,176100
2022-10-31 14:26:00,970,970,970,970,28900
2022-10-31 14:27:00,970,970,970,970,0
2022-10-31 14:28:00,970,970,970,970,0
2022-10-31 14:29:00,970,970,975,975,1600
2022-10-31 14:30:00,975,970,975,970,900
2022-10-31 14:31:00,970,970,975,975,15600
2022-10-31 14:32:00,975,970,975,975,102800
2022-10-31 14:33:00,970,970,970,970,6600
2022-10-31 14:34:00,970,970,970,970,0
2022-10-31 14:35:00,975,975,975,975,200
2022-10-31 14:36:00,970,970,970,970,155100
2022-10-31 14:37:00,970,970,970,970,34700
2022-10-31 14:38:00,970,970,975,975,33600
2022-10-31 14:39:00,970,970,975,975,0
2022-10-31 14:40:00,970,970,975,975,0
2022-10-31 14:41:00,970,970,975,975,2900
2022-10-31 14:42:00,970,970,970,970,878000
2022-10-31 14:43:00,970,970,970,970,0
2022-10-31 14:44:00,975,975,975,975,0
2022-10-31 14:45:00,970,970,975,975,12500
2022-10-31 14:46:00,970,970,975,975,0
2022-10-31 14:47:00,975,970,975,975,162500
2022-10-31 14:48:00,970,970,970,970,923200
2022-10-31 14:49:00,970,970,975,975,401000
2022-10-31 14:50:00,970,970,975,975,0
2022-10-31 14:51:00,970,970,975,975,0
2022-10-31 14:52:00,970,970,975,975,0
2022-10-31 14:53:00,970,970,975,975,0
2022-10-31 14:54:00,970,970,975,975,0
2022-10-31 14:55:00,970,970,975,975,0
2022-10-31 14:56:00,970,970,975,975,0
2022-10-31 14:57:00,970,970,975,975,0
2022-10-31 14:58:00,970,970,975,975,0
2022-10-31 14:59:00,970,970,975,975,0
2022-10-31 15:00:00,975,975,975,975,2019000
2022-10-31 15:01:00,975,975,975,975,92800
2022-10-31 15:02:00,975,975,975,975,400
2022-10-31 15:03:00,975,975,975,975,0
2022-10-31 15:04:00,975,975,975,975,332200
2022-10-31 15:05:00,975,975,975,975,0
2022-10-31 15:06:00,975,975,975,975,18000
2022-10-31 15:07:00,975,975,975,975,600
2022-10-31 15:08:00,975,975,975,975,0
2022-10-31 15:09:00,975,975,975,975,1200
2022-10-31 15:10:00,975,975,975,975,2900
2022-10-31 15:11:00,975,975,975,975,0
2022-10-31 15:12:00,975,975,975,975,34900
2022-10-31 15:13:00,975,975,975,975,33508100
2022-10-31 15:14:00,975,975,975,975,0
2022-10-31 15:15:00,975,975,975,975,0
2022-10-31 15:16:00,975,975,975,975,0
2022-10-31 15:17:00,975,975,975,975,0
2022-10-31 15:18:00,975,975,975,975,0
2022-10-31 15:19:00,975,975,975,975,0
2022-10-31 15:20:00,975,975,975,975,0
2022-10-31 15:21:00,975,975,975,975,0
2022-10-31 15:22:00,975,975,975,975,0
2022-10-31 15:23:00,975,975,975,975,0
2022-10-31 15:24:00,975,975,975,975,0
2022-10-31 15:25:00,975,975,975,975,0
2022-10-31 15:26:00,975,975,975,975,0
2022-10-31 15:27:00,975,975,975,975,0
2022-10-31 15:28:00,975,975,975,975,0
2022-10-31 15:29:00,975,975,975,975,0
2022-10-31 15:30:00,975,975,975,975,0
2022-10-31 15:31:00,975,975,975,975,0
2022-10-31 15:32:00,975,975,975,975,0
2022-10-31 15:33:00,975,975,975,975,0
2022-10-31 15:34:00,975,975,975,975,0
2022-10-31 15:35:00,975,975,975,975,0
2022-10-31 15:36:00,975,975,975,975,0
2022-10-31 15:37:00,975,975,975,975,0
2022-10-31 15:38:00,975,975,975,975,0
2022-10-31 15:39:00,975,975,975,975,0
2022-10-31 15:40:00,975,975,975,975,0
2022-10-31 15:41:00,975,975,975,975,0
2022-10-31 15:42:00,975,975,975,975,0
2022-10-31 15:43:00,975,975,975,975,0
2022-10-31 15:44:00,975,975,975,975,0
2022-10-31 15:45:00,975,975,975,975,0
2022-10-31 15:46:00,975,975,975,975,0
2022-10-31 15:47:00,975,975,975,975,0
2022-10-31 15:48:00,975,975,975,975,0
2022-10-31 15:49:00,975,975,975,975,0
2022-10-31 15:50:00,975,975,975,975,0
2022-10-31 15:51:00,975,975,975,975,0
2022-10-31 15:52:00,975,975,975,975,0
2022-10-31 15:53:00,975,975,975,975,0
2022-10-31 15:54:00,975,975,975,975,0
2022-10-31 15:55:00,975,975,975,975,0
2022-10-31 15:56:00,975,975,975,975,0
2022-10-31 15:57:00,975,975,975,975,0
2022-10-31 15:58:00,975,975,975,975,0
2022-10-31 15:59:00,975,975,975,975,0
2022-11-01 09:00:00,975,970,980,970,0
2022-11-01 09:01:00,970,965,970,965,64400
2022-11-01 09:02:00,965,965,970,970,203400
2022-11-01 09:03:00,970,970,970,970,8400
2022-11-01 09:04:00,970,970,975,975,7900
2022-11-01 09:05:00,975,975,975,975,1900
2022-11-01 09:06:00,975,975,975,975,6500
2022-11-01 09:07:00,970,970,975,975,12100
2022-11-01 09:08:00,975,970,975,970,5100
2022-11-01 09:09:00,970,965,970,970,84100
2022-11-01 09:10:00,970,970,970,970,0
2022-11-01 09:11:00,965,965,970,970,10800
2022-11-01 09:12:00,970,970,970,970,10400
2022-11-01 09:13:00,970,965,970,965,65600
2022-11-01 09:14:00,965,965,970,970,0
2022-11-01 09:15:00,965,965,965,965,0
2022-11-01 09:16:00,965,965,965,965,0
2022-11-01 09:17:00,965,965,965,965,2000
2022-11-01 09:18:00,965,965,970,970,700
2022-11-01 09:19:00,970,970,970,970,7100
2022-11-01 09:20:00,970,965,970,965,7615600
2022-11-01 09:21:00,965,965,980,975,8238800
2022-11-01 09:22:00,975,975,980,975,124000
2022-11-01 09:23:00,975,975,975,975,5600
2022-11-01 09:24:00,975,975,975,975,26100
2022-11-01 09:25:00,970,970,970,970,0
2022-11-01 09:26:00,975,975,975,975,700
2022-11-01 09:27:00,975,975,975,975,0
2022-11-01 09:28:00,970,970,970,970,38500
2022-11-01 09:29:00,970,970,970,970,10100
2022-11-01 09:30:00,970,970,970,970,57300
2022-11-01 09:31:00,970,970,970,970,5000
2022-11-01 09:32:00,970,970,970,970,0
2022-11-01 09:33:00,970,970,970,970,0
2022-11-01 09:34:00,970,970,970,970,300
2022-11-01 09:35:00,970,970,970,970,0
2022-11-01 09:36:00,970,970,970,970,7900
2022-11-01 09:37:00,970,970,970,970,3000
2022-11-01 09:38:00,970,970,975,975,26000
2022-11-01 09:39:00,970,970,970,970,0
2022-11-01 09:40:00,970,970,970,970,1700
2022-11-01 09:41:00,975,975,975,975,1900
2022-11-01 09:42:00,975,975,975,975,0
2022-11-01 09:43:00,970,970,970,970,700
2022-11-01 09:44:00,970,970,970,970,0
2022-11-01 09:45:00,970,970,970,970,0
2022-11-01 09:46:00,970,970,970,970,29200
2022-11-01 09:47:00,970,970,970,970,0
2022-11-01 09:48:00,970,970,970,970,0
2022-11-01 09:49:00,970,970,970,970,0
2022-11-01 09:50:00,970,970,970,970,600
2022-11-01 09:51:00,970,970,970,970,0
2022-11-01 09:52:00,970,970,970,970,500
2022-11-01 09:53:00,970,970,970,970,1400
2022-11-01 09:54:00,975,975,975,975,200
2022-11-01 09:55:00,970,970,970,970,1000
2022-11-01 09:56:00,970,970,975,975,0
2022-11-01 09:57:00,970,970,975,975,0
2022-11-01 09:58:00,970,970,970,970,900
2022-11-01 09:59:00,970,970,970,970,2000
2022-11-01 10:00:00,970,970,970,970,0
2022-11-01 10:01:00,970,970,970,970,0
2022-11-01 10:02:00,970,970,970,970,2100
2022-11-01 10:03:00,970,970,970,970,2200
2022-11-01 10:04:00,970,970,970,970,0
2022-11-01 10:05:00,970,970,970,970,142200
2022-11-01 10:06:00,965,965,970,970,11900
2022-11-01 10:07:00,970,970,970,970,7600
2022-11-01 10:08:00,965,965,965,965,1000
2022-11-01 10:09:00,970,970,970,970,38600
2022-11-01 10:10:00,970,970,970,970,18400
2022-11-01 10:11:00,970,970,970,970,66800
2022-11-01 10:12:00,965,965,965,965,2800
2022-11-01 10:13:00,965,965,965,965,822900
2022-11-01 10:14:00,965,965,965,965,0
2022-11-01 10:15:00,965,960,965,965,185600
2022-11-01 10:16:00,965,960,965,960,53200
2022-11-01 10:17:00,960,960,960,960,110700
2022-11-01 10:18:00,960,950,965,955,685400
2022-11-01 10:19:00,955,950,955,955,948000
2022-11-01 10:20:00,955,950,955,955,170100
2022-11-01 10:21:00,955,950,955,950,43900
2022-11-01 10:22:00,950,950,955,950,22200
2022-11-01 10:23:00,955,945,955,950,838000
2022-11-01 10:24:00,945,945,950,950,157900
2022-11-01 10:25:00,950,950,950,950,21500
2022-11-01 10:26:00,950,950,950,950,231900
2022-11-01 10:27:00,955,950,955,955,6500
2022-11-01 10:28:00,955,950,955,950,38700
2022-11-01 10:29:00,950,950,950,950,91400
2022-11-01 10:30:00,950,950,950,950,35700
2022-11-01 10:31:00,955,955,955,955,0
2022-11-01 10:32:00,955,955,955,955,20400
2022-11-01 10:33:00,955,955,955,955,144900
2022-11-01 10:34:00,955,955,955,955,102100
2022-11-01 10:35:00,955,955,955,955,19300
2022-11-01 10:36:00,955,955,955,955,1400
2022-11-01 10:37:00,960,960,960,960,0
2022-11-01 10:38:00,960,955,960,960,21300
2022-11-01 10:39:00,960,960,960,960,25000
2022-11-01 10:40:00,960,960,960,960,0
2022-11-01 10:41:00,960,960,960,960,0
2022-11-01 10:42:00,960,960,960,960,8700
2022-11-01 10:43:00,960,960,960,960,0
2022-11-01 10:44:00,960,960,960,960,5800
2022-11-01 10:45:00,960,960,960,960,0
2022-11-01 10:46:00,955,955,955,955,1000
2022-11-01 10:47:00,960,955,960,955,25100
2022-11-01 10:48:00,955,955,960,955,5900
2022-11-01 10:49:00,960,960,960,960,17100
2022-11-01 10:50:00,960,960,960,960,0
2022-11-01 10:51:00,955,955,955,955,2400
2022-11-01 10:52:00,955,955,955,955,0
2022-11-01 10:53:00,955,955,955,955,396800
2022-11-01 10:54:00,955,955,955,955,0
2022-11-01 10:55:00,955,955,955,955,10200
2022-11-01 10:56:00,955,955,955,955,29500
2022-11-01 10:57:00,955,950,955,955,9800
2022-11-01 10:58:00,955,955,955,955,77000
2022-11-01 10:59:00,955,955,955,955,0
2022-11-01 11:00:00,955,955,955,955,36400
2022-11-01 11:01:00,955,955,955,955,1800
2022-11-01 11:02:00,955,955,955,955,7000
2022-11-01 11:03:00,955,955,955,955,600
2022-11-01 11:04:00,955,955,955,955,0
2022-11-01 11:05:00,955,955,955,955,39600
2022-11-01 11:06:00,950,950,955,955,10900
2022-11-01 11:07:00,955,950,955,950,0
2022-11-01 11:08:00,950,950,950,950,200
2022-11-01 11:09:00,950,950,950,950,1900
2022-11-01 11:10:00,950,945,950,950,462600
2022-11-01 11:11:00,950,945,950,945,1400
2022-11-01 11:12:00,945,945,950,945,331000
2022-11-01 11:13:00,945,945,950,950,5600
2022-11-01 11:14:00,945,945,950,950,0
2022-11-01 11:15:00,950,945,950,950,6500
2022-11-01 11:16:00,945,940,945,945,377600
2022-11-01 11:17:00,945,945,945,945,297900
2022-11-01 11:18:00,945,945,945,945,0
2022-11-01 11:19:00,945,945,950,945,3700
2022-11-01 11:20:00,945,940,945,940,101300
2022-11-01 11:21:00,945,945,945,945,68500
2022-11-01 11:22:00,945,945,945,945,2100
2022-11-01 11:23:00,945,945,945,945,32500
2022-11-01 11:24:00,950,945,950,945,0
2022-11-01 11:25:00,945,945,945,945,1000
2022-11-01 11:26:00,945,945,945,945,9700
2022-11-01 11:27:00,945,945,945,945,0
2022-11-01 11:28:00,945,945,950,945,20800
2022-11-01 11:29:00,945,945,945,945,24700
2022-11-01 11:30:00,945,945,945,945,0
2022-11-01 11:31:00,945,945,945,945,0
2022-11-01 11:32:00,945,945,945,945,0
2022-11-01 11:33:00,945,945,945,945,0
2022-11-01 11:34:00,945,945,945,945,0
2022-11-01 11:35:00,945,945,945,945,0
2022-11-01 11:36:00,945,945,945,945,0
2022-11-01 11:37:00,945,945,945,945,0
2022-11-01 11:38:00,945,945,945,945,0
2022-11-01 11:39:00,945,945,945,945,0
2022-11-01 11:40:00,945,945,945,945,0
2022-11-01 11:41:00,945,945,945,945,0
2022-11-01 11:42:00,945,945,945,945,0
2022-11-01 11:43:00,945,945,945,945,0
2022-11-01 11:44:00,945,945,945,945,0
2022-11-01 11:45:00,945,945,945,945,0
2022-11-01 11:46:00,945,945,945,945,0
2022-11-01 11:47:00,945,945,945,945,0
2022-11-01 11:48:00,945,945,945,945,0
2022-11-01 11:49:00,945,945,945,945,0
2022-11-01 11:50:00,945,945,945,945,0
2022-11-01 11:51:00,945,945,945,945,0
2022-11-01 11:52:00,945,945,945,945,0
2022-11-01 11:53:00,945,945,945,945,0
2022-11-01 11:54:00,945,945,945,945,0
2022-11-01 11:55:00,945,945,945,945,0
2022-11-01 11:56:00,945,945,945,945,0
2022-11-01 11:57:00,945,945,945,945,0
2022-11-01 11:58:00,945,945,945,945,0
2022-11-01 11:59:00,945,945,945,945,0
2022-11-01 12:00:00,945,945,945,945,0
2022-11-01 12:01:00,945,945,945,945,0
2022-11-01 12:02:00,945,945,945,945,0
2022-11-01 12:03:00,945,945,945,945,0
2022-11-01 12:04:00,945,945,945,945,0
2022-11-01 12:05:00,945,945,945,945,0
2022-11-01 12:06:00,945,945,945,945,0
2022-11-01 12:07:00,945,945,945,945,0
2022-11-01 12:08:00,945,945,945,945,0
2022-11-01 12:09:00,945,945,945,945,0
2022-11-01 12:10:00,945,945,945,945,0
2022-11-01 12:11:00,945,945,945,945,0
2022-11-01 12:12:00,945,945,945,945,0
2022-11-01 12:13:00,945,945,945,945,0
2022-11-01 12:14:00,945,945,945,945,0
2022-11-01 12:15:00,945,945,945,945,0
2022-11-01 12:16:00,945,945,945,945,0
2022-11-01 12:17:00,945,945,945,945,0
2022-11-01 12:18:00,945,945,945,945,0
2022-11-01 12:19:00,945,945,945,945,0
2022-11-01 12:20:00,945,945,945,945,0
2022-11-01 12:21:00,945,945,945,945,0
2022-11-01 12:22:00,945,945,945,945,0
2022-11-01 12:23:00,945,945,945,945,0
2022-11-01 12:24:00,945,945,945,945,0
2022-11-01 12:25:00,945,945,945,945,0
2022-11-01 12:26:00,945,945,945,945,0
2022-11-01 12:27:00,945,945,945,945,0
2022-11-01 12:28:00,945,945,945,945,0
2022-11-01 12:29:00,945,945,945,945,0
2022-11-01 12:30:00,945,945,945,945,0
2022-11-01 12:31:00,945,945,945,945,0
2022-11-01 12:32:00,945,945,945,945,0
2022-11-01 12:33:00,945,945,945,945,0
2022-11-01 12:34:00,945,945,945,945,0
2022-11-01 12:35:00,945,945,945,945,0
2022-11-01 12:36:00,945,945,945,945,0
2022-11-01 12:37:00,945,945,945,945,0
2022-11-01 12:38:00,945,945,945,945,0
2022-11-01 12:39:00,945,945,945,945,0
2022-11-01 12:40:00,945,945,945,945,0
2022-11-01 12:41:00,945,945,945,945,0
2022-11-01 12:42:00,945,945,945,945,0
2022-11-01 12:43:00,945,945,945,945,0
2022-11-01 12:44:00,945,945,945,945,0
2022-11-01 12:45:00,945,945,945,945,0
2022-11-01 12:46:00,945,945,945,945,0
2022-11-01 12:47:00,945,945,945,945,0
2022-11-01 12:48:00,945,945,945,945,0
2022-11-01 12:49:00,945,945,945,945,0
2022-11-01 12:50:00,945,945,945,945,0
2022-11-01 12:51:00,945,945,945,945,0
2022-11-01 12:52:00,945,945,945,945,0
2022-11-01 12:53:00,945,945,945,945,0
2022-11-01 12:54:00,945,945,945,945,0
2022-11-01 12:55:00,945,945,945,945,0
2022-11-01 12:56:00,945,945,945,945,0
2022-11-01 12:57:00,945,945,945,945,0
2022-11-01 12:58:00,945,945,945,945,0
2022-11-01 12:59:00,945,945,945,945,0
2022-11-01 13:00:00,945,945,945,945,0
2022-11-01 13:01:00,945,945,945,945,0
2022-11-01 13:02:00,945,945,945,945,0
2022-11-01 13:03:00,945,945,945,945,0
2022-11-01 13:04:00,945,945,945,945,0
2022-11-01 13:05:00,945,945,945,945,0
2022-11-01 13:06:00,945,945,945,945,0
2022-11-01 13:07:00,945,945,945,945,0
2022-11-01 13:08:00,945,945,945,945,0
2022-11-01 13:09:00,945,945,945,945,0
2022-11-01 13:10:00,945,945,945,945,0
2022-11-01 13:11:00,945,945,945,945,0
2022-11-01 13:12:00,945,945,945,945,0
2022-11-01 13:13:00,945,945,945,945,0
2022-11-01 13:14:00,945,945,945,945,0
2022-11-01 13:15:00,945,945,945,945,0
2022-11-01 13:16:00,945,945,945,945,0
2022-11-01 13:17:00,945,945,945,945,0
2022-11-01 13:18:00,945,945,945,945,0
2022-11-01 13:19:00,945,945,945,945,0
2022-11-01 13:20:00,945,945,945,945,0
2022-11-01 13:21:00,945,945,945,945,0
2022-11-01 13:22:00,945,945,945,945,0
2022-11-01 13:23:00,945,945,945,945,0
2022-11-01 13:24:00,945,945,945,945,0
2022-11-01 13:25:00,945,945,945,945,0
2022-11-01 13:26:00,945,945,945,945,0
2022-11-01 13:27:00,945,945,945,945,0
2022-11-01 13:28:00,945,945,945,945,0
2022-11-01 13:29:00,945,945,945,945,0
2022-11-01 13:30:00,945,945,950,945,73900
2022-11-01 13:31:00,950,950,950,950,195700
2022-11-01 13:32:00,950,945,950,950,0
2022-11-01 13:33:00,950,950,950,950,4200
2022-11-01 13:34:00,945,945,950,950,34200
2022-11-01 13:35:00,950,950,950,950,0
2022-11-01 13:36:00,950,945,950,945,97700
2022-11-01 13:37:00,950,945,950,945,0
2022-11-01 13:38:00,945,945,950,950,31100
2022-11-01 13:39:00,945,945,950,950,81600
2022-11-01 13:40:00,950,950,950,950,10800
2022-11-01 13:41:00,950,950,950,950,9700
2022-11-01 13:42:00,950,950,950,950,100
2022-11-01 13:43:00,950,950,950,950,1100
2022-11-01 13:44:00,950,950,950,950,30400
2022-11-01 13:45:00,950,950,950,950,4000
2022-11-01 13:46:00,950,950,950,950,1800
2022-11-01 13:47:00,950,950,950,950,0
2022-11-01 13:48:00,950,950,950,950,0
2022-11-01 13:49:00,950,950,950,950,1300
2022-11-01 13:50:00,950,950,950,950,1100
2022-11-01 13:51:00,945,945,950,950,23300
2022-11-01 13:52:00,945,945,945,945,351400
2022-11-01 13:53:00,945,945,950,950,23900
2022-11-01 13:54:00,945,945,950,945,142800
2022-11-01 13:55:00,945,945,950,945,0
2022-11-01 13:56:00,945,945,945,945,0
2022-11-01 13:57:00,945,945,945,945,1200
2022-11-01 13:58:00,945,945,945,945,36500
2022-11-01 13:59:00,950,950,950,950,2200
2022-11-01 14:00:00,950,950,950,950,1500
2022-11-01 14:01:00,950,945,950,945,6200
2022-11-01 14:02:00,950,945,950,945,0
2022-11-01 14:03:00,945,945,945,945,0
2022-11-01 14:04:00,945,945,950,950,195700
2022-11-01 14:05:00,950,950,950,950,3000
2022-11-01 14:06:00,945,945,945,945,1500
2022-11-01 14:07:00,950,945,950,945,9600
2022-11-01 14:08:00,945,945,945,945,0
2022-11-01 14:09:00,945,945,950,950,10100
2022-11-01 14:10:00,950,945,950,945,10100
2022-11-01 14:11:00,950,945,950,945,0
2022-11-01 14:12:00,945,945,945,945,36000
2022-11-01 14:13:00,950,950,950,950,0
2022-11-01 14:14:00,950,950,950,950,500
2022-11-01 14:15:00,945,945,950,945,6700
2022-11-01 14:16:00,945,945,945,945,6200
2022-11-01 14:17:00,945,945,950,950,2100
2022-11-01 14:18:00,950,945,950,945,6000
2022-11-01 14:19:00,945,945,945,945,0
2022-11-01 14:20:00,945,945,945,945,2000
2022-11-01 14:21:00,945,945,945,945,15100
2022-11-01 14:22:00,950,950,965,965,496700
2022-11-01 14:23:00,960,955,965,955,700
2022-11-01 14:24:00,960,955,965,965,7900
2022-11-01 14:25:00,960,955,965,955,29300
2022-11-01 14:26:00,955,955,955,955,12500
2022-11-01 14:27:00,955,955,955,955,900
2022-11-01 14:28:00,960,960,960,960,45600
2022-11-01 14:29:00,960,960,960,960,2500
2022-11-01 14:30:00,955,955,960,960,4500
2022-11-01 14:31:00,955,955,960,960,0
2022-11-01 14:32:00,955,955,955,955,108900
2022-11-01 14:33:00,955,955,955,955,0
2022-11-01 14:34:00,955,955,955,955,5200
2022-11-01 14:35:00,955,955,955,955,600
2022-11-01 14:36:00,955,955,955,955,1000
2022-11-01 14:37:00,955,955,955,955,0
2022-11-01 14:38:00,955,955,955,955,15000
2022-11-01 14:39:00,955,950,955,950,90900
2022-11-01 14:40:00,955,950,955,955,0
2022-11-01 14:41:00,955,955,955,955,10000
2022-11-01 14:42:00,955,955,955,955,59400
2022-11-01 14:43:00,960,960,960,960,145100
2022-11-01 14:44:00,965,965,965,965,113200
2022-11-01 14:45:00,965,965,965,965,86300
2022-11-01 14:46:00,965,965,965,965,75800
2022-11-01 14:47:00,965,965,965,965,24000
2022-11-01 14:48:00,970,960,970,960,385500
2022-11-01 14:49:00,965,960,965,965,262000
2022-11-01 14:50:00,965,960,965,965,0
2022-11-01 14:51:00,965,960,965,965,0
2022-11-01 14:52:00,965,960,965,965,0
2022-11-01 14:53:00,965,960,965,965,0
2022-11-01 14:54:00,965,960,965,965,0
2022-11-01 14:55:00,965,960,965,965,0
2022-11-01 14:56:00,965,960,965,965,0
2022-11-01 14:57:00,965,960,965,965,0
2022-11-01 14:58:00,965,960,965,965,0
2022-11-01 14:59:00,965,960,965,965,0
2022-11-01 15:00:00,960,960,960,960,611000
2022-11-01 15:01:00,960,960,960,960,133600
2022-11-01 15:02:00,960,960,960,960,1500
2022-11-01 15:03:00,960,960,960,960,1800
2022-11-01 15:04:00,960,960,960,960,22800
2022-11-01 15:05:00,960,960,960,960,0
2022-11-01 15:06:00,960,960,960,960,0
2022-11-01 15:07:00,960,960,960,960,3800
2022-11-01 15:08:00,960,960,960,960,14000
2022-11-01 15:09:00,960,960,960,960,500
2022-11-01 15:10:00,960,960,960,960,0
2022-11-01 15:11:00,960,960,960,960,0
2022-11-01 15:12:00,960,960,960,960,0
2022-11-01 15:13:00,960,960,960,960,28798000
2022-11-01 15:14:00,960,960,960,960,0
2022-11-01 15:15:00,960,960,960,960,0
2022-11-01 15:16:00,960,960,960,960,0
2022-11-01 15:17:00,960,960,960,960,0
2022-11-01 15:18:00,960,960,960,960,0
2022-11-01 15:19:00,960,960,960,960,0
2022-11-01 15:20:00,960,960,960,960,0
2022-11-01 15:21:00,960,960,960,960,0
2022-11-01 15:22:00,960,960,960,960,0
2022-11-01 15:23:00,960,960,960,960,0
2022-11-01 15:24:00,960,960,960,960,0
2022-11-01 15:25:00,960,960,960,960,0
2022-11-01 15:26:00,960,960,960,960,0
2022-11-01 15:27:00,960,960,960,960,0
2022-11-01 15:28:00,960,960,960,960,0
2022-11-01 15:29:00,960,960,960,960,0
2022-11-01 15:30:00,960,960,960,960,0
2022-11-01 15:31:00,960,960,960,960,0
2022-11-01 15:32:00,960,960,960,960,0
2022-11-01 15:33:00,960,960,960,960,0
2022-11-01 15:34:00,960,960,960,960,0
2022-11-01 15:35:00,960,960,960,960,0
2022-11-01 15:36:00,960,960,960,960,0
2022-11-01 15:37:00,960,960,960,960,0
2022-11-01 15:38:00,960,960,960,960,0
2022-11-01 15:39:00,960,960,960,960,0
2022-11-01 15:40:00,960,960,960,960,0
2022-11-01 15:41:00,960,960,960,960,0
2022-11-01 15:42:00,960,960,960,960,0
2022-11-01 15:43:00,960,960,960,960,0
2022-11-01 15:44:00,960,960,960,960,0
2022-11-01 15:45:00,960,960,960,960,0
2022-11-01 15:46:00,960,960,960,960,0
2022-11-01 15:47:00,960,960,960,960,0
2022-11-01 15:48:00,960,960,960,960,0
2022-11-01 15:49:00,960,960,960,960,0
2022-11-01 15:50:00,960,960,960,960,0
2022-11-01 15:51:00,960,960,960,960,0
2022-11-01 15:52:00,960,960,960,960,0
2022-11-01 15:53:00,960,960,960,960,0
2022-11-01 15:54:00,960,960,960,960,0
2022-11-01 15:55:00,960,960,960,960,0
2022-11-01 15:56:00,960,960,960,960,0
2022-11-01 15:57:00,960,960,960,960,0
2022-11-01 15:58:00,960,960,960,960,0
2022-11-01 15:59:00,960,960,960,960,0
2022-11-02 09:00:00,960,960,960,960,0
2022-11-02 09:01:00,960,960,960,960,22100
2022-11-02 09:02:00,960,960,960,960,7200
2022-11-02 09:03:00,960,960,960,960,1000
2022-11-02 09:04:00,960,955,960,960,56100
2022-11-02 09:05:00,960,960,960,960,44600
2022-11-02 09:06:00,960,960,960,960,1200
2022-11-02 09:07:00,960,955,960,955,2800
2022-11-02 09:08:00,955,955,960,960,72200
2022-11-02 09:09:00,960,960,960,960,2000
2022-11-02 09:10:00,960,960,965,965,128600
2022-11-02 09:11:00,965,965,965,965,0
2022-11-02 09:12:00,960,955,960,955,10760200
2022-11-02 09:13:00,955,955,960,960,0
2022-11-02 09:14:00,960,955,960,960,7812800
2022-11-02 09:15:00,960,955,960,960,0
2022-11-02 09:16:00,960,955,960,955,100900
2022-11-02 09:17:00,955,955,955,955,49400
2022-11-02 09:18:00,955,955,960,960,0
2022-11-02 09:19:00,960,955,960,955,0
2022-11-02 09:20:00,955,955,955,955,52900
2022-11-02 09:21:00,955,950,955,955,13300
2022-11-02 09:22:00,955,950,955,955,0
2022-11-02 09:23:00,955,945,955,950,423100
2022-11-02 09:24:00,950,945,950,950,68500
2022-11-02 09:25:00,950,950,950,950,5700
2022-11-02 09:26:00,950,950,950,950,17800
2022-11-02 09:27:00,950,940,950,940,574900
2022-11-02 09:28:00,945,940,945,940,216400
2022-11-02 09:29:00,940,940,945,945,85700
2022-11-02 09:30:00,950,950,950,950,13500
2022-11-02 09:31:00,950,945,950,945,101400
2022-11-02 09:32:00,945,945,945,945,100
2022-11-02 09:33:00,950,945,950,945,67800
2022-11-02 09:34:00,945,945,945,945,12500
2022-11-02 09:35:00,945,940,945,940,25500
2022-11-02 09:36:00,945,940,945,945,400
2022-11-02 09:37:00,940,935,940,935,632800
2022-11-02 09:38:00,935,915,935,915,1767100
2022-11-02 09:39:00,920,910,920,910,848500
2022-11-02 09:40:00,910,905,915,915,355400
2022-11-02 09:41:00,915,910,930,930,531200
2022-11-02 09:42:00,930,925,930,925,305000
2022-11-02 09:43:00,930,925,930,930,248600
2022-11-02 09:44:00,930,930,930,930,168500
2022-11-02 09:45:00,930,925,930,925,110300
2022-11-02 09:46:00,925,925,925,925,63300
2022-11-02 09:47:00,925,925,930,925,63700
2022-11-02 09:48:00,925,925,925,925,8000
2022-11-02 09:49:00,925,925,925,925,791200
2022-11-02 09:50:00,930,930,930,930,0
2022-11-02 09:51:00,930,930,930,930,18800
2022-11-02 09:52:00,930,925,930,925,7500
2022-11-02 09:53:00,925,925,925,925,69100
2022-11-02 09:54:00,930,930,930,930,0
2022-11-02 09:55:00,930,930,930,930,100
2022-11-02 09:56:00,930,930,930,930,21200
2022-11-02 09:57:00,930,930,930,930,1700
2022-11-02 09:58:00,930,930,930,930,4900
2022-11-02 09:59:00,930,930,930,930,70100
2022-11-02 10:00:00,925,925,930,930,30400
2022-11-02 10:01:00,930,930,935,935,200
2022-11-02 10:02:00,930,930,930,930,18400
2022-11-02 10:03:00,930,930,930,930,0
2022-11-02 10:04:00,930,930,930,930,4000
2022-11-02 10:05:00,930,930,930,930,2200
2022-11-02 10:06:00,930,930,930,930,0
2022-11-02 10:07:00,930,930,930,930,0
2022-11-02 10:08:00,930,930,930,930,75300
2022-11-02 10:09:00,930,930,930,930,0
2022-11-02 10:10:00,930,930,930,930,59100
2022-11-02 10:11:00,930,930,935,935,50200
2022-11-02 10:12:00,930,930,935,935,0
2022-11-02 10:13:00,935,930,935,935,12200
2022-11-02 10:14:00,935,930,935,930,3300
2022-11-02 10:15:00,935,935,935,935,18300
2022-11-02 10:16:00,935,935,935,935,9900
2022-11-02 10:17:00,935,935,935,935,12500
2022-11-02 10:18:00,935,935,935,935,300
2022-11-02 10:19:00,935,930,935,930,3200
2022-11-02 10:20:00,935,930,935,930,0
2022-11-02 10:21:00,935,930,935,930,19800
2022-11-02 10:22:00,930,930,935,930,383600
2022-11-02 10:23:00,930,930,930,930,127000
2022-11-02 10:24:00,930,930,930,930,0
2022-11-02 10:25:00,930,930,930,930,0
2022-11-02 10:26:00,930,930,930,930,9300
2022-11-02 10:27:00,930,930,930,930,0
2022-11-02 10:28:00,930,930,930,930,0
2022-11-02 10:29:00,935,935,935,935,7100
2022-11-02 10:30:00,930,930,930,930,24300
2022-11-02 10:31:00,940,940,940,940,68600
2022-11-02 10:32:00,935,935,940,940,6700
2022-11-02 10:33:00,935,935,935,935,16100
2022-11-02 10:34:00,935,935,935,935,11500
2022-11-02 10:35:00,940,935,940,935,28700
2022-11-02 10:36:00,935,935,935,935,1600
2022-11-02 10:37:00,935,935,935,935,600
2022-11-02 10:38:00,935,935,935,935,10000
2022-11-02 10:39:00,935,935,935,935,600
2022-11-02 10:40:00,935,935,935,935,1000
2022-11-02 10:41:00,935,935,935,935,14700
2022-11-02 10:42:00,935,935,935,935,8000
2022-11-02 10:43:00,935,935,935,935,0
2022-11-02 10:44:00,935,930,935,930,215900
2022-11-02 10:45:00,930,925,930,925,52800
2022-11-02 10:46:00,925,925,930,930,10100
2022-11-02 10:47:00,930,930,930,930,12000
2022-11-02 10:48:00,930,930,930,930,2000
2022-11-02 10:49:00,925,925,925,925,15300
2022-11-02 10:50:00,925,925,925,925,0
2022-11-02 10:51:00,930,930,930,930,117000
2022-11-02 10:52:00,930,930,930,930,0
2022-11-02 10:53:00,930,930,935,935,70000
2022-11-02 10:54:00,930,930,930,930,4100
2022-11-02 10:55:00,930,930,930,930,600
2022-11-02 10:56:00,930,930,930,930,21600
2022-11-02 10:57:00,930,930,930,930,43200
2022-11-02 10:58:00,930,930,930,930,0
2022-11-02 10:59:00,930,925,930,925,80300
2022-11-02 11:00:00,930,925,930,925,5200
2022-11-02 11:01:00,925,925,925,925,15500
2022-11-02 11:02:00,925,925,925,925,0
2022-11-02 11:03:00,930,930,930,930,0
2022-11-02 11:04:00,930,930,930,930,0
2022-11-02 11:05:00,930,930,930,930,96400
2022-11-02 11:06:00,930,930,930,930,45700
2022-11-02 11:07:00,930,930,930,930,14000
2022-11-02 11:08:00,925,925,930,930,0
2022-11-02 11:09:00,930,925,930,925,24700
2022-11-02 11:10:00,925,925,930,930,3900
2022-11-02 11:11:00,925,920,925,920,1201100
2022-11-02 11:12:00,920,920,925,920,252400
2022-11-02 11:13:00,915,915,920,915,3900
2022-11-02 11:14:00,915,915,920,915,25000
2022-11-02 11:15:00,920,920,920,920,0
2022-11-02 11:16:00,920,915,920,920,415100
2022-11-02 11:17:00,920,920,920,920,136000
2022-11-02 11:18:00,920,920,925,925,15200
2022-11-02 11:19:00,920,920,925,925,357400
2022-11-02 11:20:00,920,920,920,920,0
2022-11-02 11:21:00,920,915,920,915,888000
2022-11-02 11:22:00,915,915,915,915,369900
2022-11-02 11:23:00,915,915,915,915,59800
2022-11-02 11:24:00,915,915,915,915,15300
2022-11-02 11:25:00,915,915,920,920,206000
2022-11-02 11:26:00,920,920,920,920,7700
2022-11-02 11:27:00,920,920,920,920,1700
2022-11-02 11:28:00,920,920,925,920,15200
2022-11-02 11:29:00,920,915,920,915,10600
2022-11-02 11:30:00,920,915,920,915,0
2022-11-02 11:31:00,920,915,920,915,0
2022-11-02 11:32:00,920,915,920,915,0
2022-11-02 11:33:00,920,915,920,915,0
2022-11-02 11:34:00,920,915,920,915,0
2022-11-02 11:35:00,920,915,920,915,0
2022-11-02 11:36:00,920,915,920,915,0
2022-11-02 11:37:00,920,915,920,915,0
2022-11-02 11:38:00,920,915,920,915,0
2022-11-02 11:39:00,920,915,920,915,0
2022-11-02 11:40:00,920,915,920,915,0
2022-11-02 11:41:00,920,915,920,915,0
2022-11-02 11:42:00,920,915,920,915,0
2022-11-02 11:43:00,920,915,920,915,0
2022-11-02 11:44:00,920,915,920,915,0
2022-11-02 11:45:00,920,915,920,915,0
2022-11-02 11:46:00,920,915,920,915,0
2022-11-02 11:47:00,920,915,920,915,0
2022-11-02 11:48:00,920,915,920,915,0
2022-11-02 11:49:00,920,915,920,915,0
2022-11-02 11:50:00,920,915,920,915,0
2022-11-02 11:51:00,920,915,920,915,0
2022-11-02 11:52:00,920,915,920,915,0
2022-11-02 11:53:00,920,915,920,915,0
2022-11-02 11:54:00,920,915,920,915,0
2022-11-02 11:55:00,920,915,920,915,0
2022-11-02 11:56:00,920,915,920,915,0
2022-11-02 11:57:00,920,915,920,915,0
2022-11-02 11:58:00,920,915,920,915,0
2022-11-02 11:59:00,920,915,920,915,0
2022-11-02 12:00:00,920,915,920,915,0
2022-11-02 12:01:00,920,915,920,915,0
2022-11-02 12:02:00,920,915,920,915,0
2022-11-02 12:03:00,920,915,920,915,0
2022-11-02 12:04:00,920,915,920,915,0
2022-11-02 12:05:00,920,915,920,915,0
2022-11-02 12:06:00,920,915,920,915,0
2022-11-02 12:07:00,920,915,920,915,0
2022-11-02 12:08:00,920,915,920,915,0
2022-11-02 12:09:00,920,915,920,915,0
2022-11-02 12:10:00,920,915,920,915,0
2022-11-02 12:11:00,920,915,920,915,0
2022-11-02 12:12:00,920,915,920,915,0
2022-11-02 12:13:00,920,915,920,915,0
2022-11-02 12:14:00,920,915,920,915,0
2022-11-02 12:15:00,920,915,920,915,0
2022-11-02 12:16:00,920,915,920,915,0
2022-11-02 12:17:00,920,915,920,915,0
2022-11-02 12:18:00,920,915,920,915,0
2022-11-02 12:19:00,920,915,920,915,0
2022-11-02 12:20:00,920,915,920,915,0
2022-11-02 12:21:00,920,915,920,915,0
2022-11-02 12:22:00,920,915,920,915,0
2022-11-02 12:23:00,920,915,920,915,0
2022-11-02 12:24:00,920,915,920,915,0
2022-11-02 12:25:00,920,915,920,915,0
2022-11-02 12:26:00,920,915,920,915,0
2022-11-02 12:27:00,920,915,920,915,0
2022-11-02 12:28:00,920,915,920,915,0
2022-11-02 12:29:00,920,915,920,915,0
2022-11-02 12:30:00,920,915,920,915,0
2022-11-02 12:31:00,920,915,920,915,0
2022-11-02 12:32:00,920,915,920,915,0
2022-11-02 12:33:00,920,915,920,915,0
2022-11-02 12:34:00,920,915,920,915,0
2022-11-02 12:35:00,920,915,920,915,0
2022-11-02 12:36:00,920,915,920,915,0
2022-11-02 12:37:00,920,915,920,915,0
2022-11-02 12:38:00,920,915,920,915,0
2022-11-02 12:39:00,920,915,920,915,0
2022-11-02 12:40:00,920,915,920,915,0
2022-11-02 12:41:00,920,915,920,915,0
2022-11-02 12:42:00,920,915,920,915,0
2022-11-02 12:43:00,920,915,920,915,0
2022-11-02 12:44:00,920,915,920,915,0
2022-11-02 12:45:00,920,915,920,915,0
2022-11-02 12:46:00,920,915,920,915,0
2022-11-02 12:47:00,920,915,920,915,0
2022-11-02 12:48:00,920,915,920,915,0
2022-11-02 12:49:00,920,915,920,915,0
2022-11-02 12:50:00,920,915,920,915,0
2022-11-02 12:51:00,920,915,920,915,0
2022-11-02 12:52:00,920,915,920,915,0
2022-11-02 12:53:00,920,915,920,915,0
2022-11-02 12:54:00,920,915,920,915,0
2022-11-02 12:55:00,920,915,920,915,0
2022-11-02 12:56:00,920,915,920,915,0
2022-11-02 12:57:00,920,915,920,915,0
2022-11-02 12:58:00,920,915,920,915,0
2022-11-02 12:59:00,920,915,920,915,0
2022-11-02 13:00:00,920,915,920,915,0
2022-11-02 13:01:00,920,915,920,915,0
2022-11-02 13:02:00,920,915,920,915,0
2022-11-02 13:03:00,920,915,920,915,0
2022-11-02 13:04:00,920,915,920,915,0
2022-11-02 13:05:00,920,915,920,915,0
2022-11-02 13:06:00,920,915,920,915,0
2022-11-02 13:07:00,920,915,920,915,0
2022-11-02 13:08:00,920,915,920,915,0
2022-11-02 13:09:00,920,915,920,915,0
2022-11-02 13:10:00,920,915,920,915,0
2022-11-02 13:11:00,920,915,920,915,0
2022-11-02 13:12:00,920,915,920,915,0
2022-11-02 13:13:00,920,915,920,915,0
2022-11-02 13:14:00,920,915,920,915,0
2022-11-02 13:15:00,920,915,920,915,0
2022-11-02 13:16:00,920,915,920,915,0
2022-11-02 13:17:00,920,915,920,915,0
2022-11-02 13:18:00,920,915,920,915,0
2022-11-02 13:19:00,920,915,920,915,0
2022-11-02 13:20:00,920,915,920,915,0
2022-11-02 13:21:00,920,915,920,915,0
2022-11-02 13:22:00,920,915,920,915,0
2022-11-02 13:23:00,920,915,920,915,0
2022-11-02 13:24:00,920,915,920,915,0
2022-11-02 13:25:00,920,915,920,915,0
2022-11-02 13:26:00,920,915,920,915,0
2022-11-02 13:27:00,920,915,920,915,0
2022-11-02 13:28:00,920,915,920,915,0
2022-11-02 13:29:00,920,915,920,915,0
2022-11-02 13:30:00,915,915,925,920,241400
2022-11-02 13:31:00,915,915,925,920,0
2022-11-02 13:32:00,920,920,920,920,15100
2022-11-02 13:33:00,920,920,920,920,1200
2022-11-02 13:34:00,920,920,920,920,0
2022-11-02 13:35:00,920,920,920,920,0
2022-11-02 13:36:00,920,920,920,920,8900
2022-11-02 13:37:00,920,920,920,920,0
2022-11-02 13:38:00,915,915,920,920,23500
2022-11-02 13:39:00,920,915,920,920,286500
2022-11-02 13:40:00,920,920,925,920,11200
2022-11-02 13:41:00,920,920,925,920,108700
2022-11-02 13:42:00,920,920,920,920,20500
2022-11-02 13:43:00,920,920,920,920,21600
2022-11-02 13:44:00,920,920,920,920,4900
2022-11-02 13:45:00,920,920,920,920,3500
2022-11-02 13:46:00,920,920,925,925,1100
2022-11-02 13:47:00,920,920,920,920,177900
2022-11-02 13:48:00,920,920,920,920,7100
2022-11-02 13:49:00,915,915,920,920,4000
2022-11-02 13:50:00,915,915,920,915,27600
2022-11-02 13:51:00,920,915,920,915,213300
2022-11-02 13:52:00,915,915,920,920,12100
2022-11-02 13:53:00,920,920,920,920,5200
2022-11-02 13:54:00,920,920,920,920,2400
2022-11-02 13:55:00,915,915,915,915,1200
2022-11-02 13:56:00,915,915,915,915,24900
2022-11-02 13:57:00,915,915,920,920,0
2022-11-02 13:58:00,920,915,920,915,0
2022-11-02 13:59:00,915,915,915,915,12800
2022-11-02 14:00:00,915,915,920,920,97400
2022-11-02 14:01:00,920,915,920,920,8000
2022-11-02 14:02:00,920,920,920,920,12100
2022-11-02 14:03:00,920,915,920,915,500
2022-11-02 14:04:00,920,920,920,920,4500
2022-11-02 14:05:00,915,915,920,920,4200
2022-11-02 14:06:00,915,915,920,920,77600
2022-11-02 14:07:00,920,915,920,915,11400
2022-11-02 14:08:00,920,920,920,920,11100
2022-11-02 14:09:00,920,915,920,920,10400
2022-11-02 14:10:00,920,920,920,920,200
2022-11-02 14:11:00,915,915,920,920,287800
2022-11-02 14:12:00,920,920,920,920,6700
2022-11-02 14:13:00,915,915,920,920,125400
2022-11-02 14:14:00,915,915,920,920,493000
2022-11-02 14:15:00,915,915,915,915,6000
2022-11-02 14:16:00,915,915,920,920,33300
2022-11-02 14:17:00,920,915,920,915,16700
2022-11-02 14:18:00,915,915,920,920,67000
2022-11-02 14:19:00,920,915,920,920,129800
2022-11-02 14:20:00,920,920,920,920,0
2022-11-02 14:21:00,915,915,915,915,17000
2022-11-02 14:22:00,915,915,920,920,116200
2022-11-02 14:23:00,920,915,920,915,18600
2022-11-02 14:24:00,920,915,920,915,11900
2022-11-02 14:25:00,915,915,915,915,3000
2022-11-02 14:26:00,915,915,920,920,1700
2022-11-02 14:27:00,920,915,920,920,2800
2022-11-02 14:28:00,920,920,920,920,5400
2022-11-02 14:29:00,920,915,920,915,1800
2022-11-02 14:30:00,915,915,920,915,64100
2022-11-02 14:31:00,915,915,920,915,63100
2022-11-02 14:32:00,915,915,915,915,0
2022-11-02 14:33:00,915,915,915,915,479000
2022-11-02 14:34:00,920,915,920,915,909900
2022-11-02 14:35:00,915,910,915,915,21300
2022-11-02 14:36:00,915,910,915,910,34400
2022-11-02 14:37:00,910,910,915,915,0
2022-11-02 14:38:00,915,910,915,915,19000
2022-11-02 14:39:00,910,910,915,915,13700
2022-11-02 14:40:00,915,910,915,915,974600
2022-11-02 14:41:00,915,915,915,915,6900
2022-11-02 14:42:00,920,915,920,920,14200
2022-11-02 14:43:00,920,920,925,925,183300
2022-11-02 14:44:00,925,925,925,925,23200
2022-11-02 14:45:00,925,925,930,925,21200
2022-11-02 14:46:00,925,925,925,925,48100
2022-11-02 14:47:00,925,925,935,935,961800
2022-11-02 14:48:00,935,935,945,945,791700
2022-11-02 14:49:00,945,945,950,945,605800
2022-11-02 14:50:00,945,945,950,945,0
2022-11-02 14:51:00,945,945,950,945,0
2022-11-02 14:52:00,945,945,950,945,0
2022-11-02 14:53:00,945,945,950,945,0
2022-11-02 14:54:00,945,945,950,945,0
2022-11-02 14:55:00,945,945,950,945,0
2022-11-02 14:56:00,945,945,950,945,0
2022-11-02 14:57:00,945,945,950,945,0
2022-11-02 14:58:00,945,945,950,945,0
2022-11-02 14:59:00,945,945,950,945,0
2022-11-02 15:00:00,950,950,950,950,1489800
2022-11-02 15:01:00,950,950,950,950,82800
2022-11-02 15:02:00,950,950,950,950,0
2022-11-02 15:03:00,950,950,950,950,1000
2022-11-02 15:04:00,950,950,950,950,3700
2022-11-02 15:05:00,950,950,950,950,0
2022-11-02 15:06:00,950,950,950,950,0
2022-11-02 15:07:00,950,950,950,950,0
2022-11-02 15:08:00,950,950,950,950,82700
2022-11-02 15:09:00,950,950,950,950,0
2022-11-02 15:10:00,950,950,950,950,39900
2022-11-02 15:11:00,950,950,950,950,0
2022-11-02 15:12:00,950,950,950,950,0
2022-11-02 15:13:00,950,950,950,950,50000
2022-11-02 15:14:00,950,950,950,950,39852200
2022-11-02 15:15:00,950,950,950,950,0
2022-11-02 15:16:00,950,950,950,950,0
2022-11-02 15:17:00,950,950,950,950,0
2022-11-02 15:18:00,950,950,950,950,0
2022-11-02 15:19:00,950,950,950,950,0
2022-11-02 15:20:00,950,950,950,950,0
2022-11-02 15:21:00,950,950,950,950,0
2022-11-02 15:22:00,950,950,950,950,0
2022-11-02 15:23:00,950,950,950,950,0
2022-11-02 15:24:00,950,950,950,950,0
2022-11-02 15:25:00,950,950,950,950,0
2022-11-02 15:26:00,950,950,950,950,0
2022-11-02 15:27:00,950,950,950,950,0
2022-11-02 15:28:00,950,950,950,950,0
2022-11-02 15:29:00,950,950,950,950,0
2022-11-02 15:30:00,950,950,950,950,0
2022-11-02 15:31:00,950,950,950,950,0
2022-11-02 15:32:00,950,950,950,950,0
2022-11-02 15:33:00,950,950,950,950,0
2022-11-02 15:34:00,950,950,950,950,0
2022-11-02 15:35:00,950,950,950,950,0
2022-11-02 15:36:00,950,950,950,950,0
2022-11-02 15:37:00,950,950,950,950,0
2022-11-02 15:38:00,950,950,950,950,0
2022-11-02 15:39:00,950,950,950,950,0
2022-11-02 15:40:00,950,950,950,950,0
2022-11-02 15:41:00,950,950,950,950,0
2022-11-02 15:42:00,950,950,950,950,0
2022-11-02 15:43:00,950,950,950,950,0
2022-11-02 15:44:00,950,950,950,950,0
2022-11-02 15:45:00,950,950,950,950,0
2022-11-02 15:46:00,950,950,950,950,0
2022-11-02 15:47:00,950,950,950,950,0
2022-11-02 15:48:00,950,950,950,950,0
2022-11-02 15:49:00,950,950,950,950,0
2022-11-02 15:50:00,950,950,950,950,0
2022-11-02 15:51:00,950,950,950,950,0
2022-11-02 15:52:00,950,950,950,950,0
2022-11-02 15:53:00,950,950,950,950,0
2022-11-02 15:54:00,950,950,950,950,0
2022-11-02 15:55:00,950,950,950,950,0
2022-11-02 15:56:00,950,950,950,950,0
2022-11-02 15:57:00,950,950,950,950,0
2022-11-02 15:58:00,950,950,950,950,0
2022-11-02 15:59:00,950,950,950,950,0
2022-11-03 09:00:00,950,930,950,930,0
2022-11-03 09:01:00,935,935,935,935,28400
2022-11-03 09:02:00,935,935,935,935,18300
2022-11-03 09:03:00,935,935,935,935,138600
2022-11-03 09:04:00,935,935,935,935,65000
2022-11-03 09:05:00,940,935,940,935,0
2022-11-03 09:06:00,935,930,935,930,19000
2022-11-03 09:07:00,930,930,935,935,20500
2022-11-03 09:08:00,935,930,935,935,600
2022-11-03 09:09:00,935,935,935,935,4500
2022-11-03 09:10:00,930,930,935,935,24300
2022-11-03 09:11:00,935,930,935,935,7784100
2022-11-03 09:12:00,935,935,945,945,7918700
2022-11-03 09:13:00,945,945,950,945,0
2022-11-03 09:14:00,945,945,945,945,5400
2022-11-03 09:15:00,945,945,945,945,9200
2022-11-03 09:16:00,945,935,945,935,117400
2022-11-03 09:17:00,940,940,940,940,7900
2022-11-03 09:18:00,935,935,935,935,168000
2022-11-03 09:19:00,935,935,940,940,0
2022-11-03 09:20:00,940,940,940,940,300
2022-11-03 09:21:00,940,935,940,935,79800
2022-11-03 09:22:00,935,935,935,935,194700
2022-11-03 09:23:00,940,935,940,935,300
2022-11-03 09:24:00,935,935,935,935,12700
2022-11-03 09:25:00,935,930,935,930,40400
2022-11-03 09:26:00,935,930,935,935,103600
2022-11-03 09:27:00,935,935,935,935,10300
2022-11-03 09:28:00,935,935,935,935,30900
2022-11-03 09:29:00,935,935,940,935,0
2022-11-03 09:30:00,940,940,940,940,9200
2022-11-03 09:31:00,940,940,940,940,7000
2022-11-03 09:32:00,940,940,940,940,0
2022-11-03 09:33:00,940,940,940,940,113100
2022-11-03 09:34:00,940,940,940,940,0
2022-11-03 09:35:00,945,945,945,945,0
2022-11-03 09:36:00,945,945,945,945,1500
2022-11-03 09:37:00,940,940,940,940,0
2022-11-03 09:38:00,940,940,940,940,40200
2022-11-03 09:39:00,940,940,940,940,80000
2022-11-03 09:40:00,940,940,940,940,0
2022-11-03 09:41:00,940,940,940,940,0
2022-11-03 09:42:00,940,940,945,940,1000
2022-11-03 09:43:00,940,940,940,940,1100
2022-11-03 09:44:00,940,940,940,940,1500
2022-11-03 09:45:00,940,940,940,940,0
2022-11-03 09:46:00,940,940,940,940,0
2022-11-03 09:47:00,940,940,940,940,183100
2022-11-03 09:48:00,940,940,940,940,34100
2022-11-03 09:49:00,940,935,940,935,0
2022-11-03 09:50:00,935,935,935,935,20400
2022-11-03 09:51:00,935,935,935,935,0
2022-11-03 09:52:00,935,935,935,935,3600
2022-11-03 09:53:00,935,935,935,935,0
2022-11-03 09:54:00,935,935,935,935,1000
2022-11-03 09:55:00,940,940,940,940,4500
2022-11-03 09:56:00,940,935,940,935,5200
2022-11-03 09:57:00,935,935,935,935,106600
2022-11-03 09:58:00,935,935,935,935,0
2022-11-03 09:59:00,935,935,935,935,0
2022-11-03 10:00:00,935,935,935,935,18300
2022-11-03 10:01:00,930,930,935,935,75500
2022-11-03 10:02:00,935,930,935,930,0
2022-11-03 10:03:00,935,935,935,935,26800
2022-11-03 10:04:00,935,930,935,935,14300
2022-11-03 10:05:00,935,935,935,935,1100
2022-11-03 10:06:00,935,935,935,935,2300
2022-11-03 10:07:00,935,935,935,935,4100
2022-11-03 10:08:00,935,935,935,935,0
2022-11-03 10:09:00,935,935,935,935,9700
2022-11-03 10:10:00,935,935,935,935,15100
2022-11-03 10:11:00,935,935,935,935,0
2022-11-03 10:12:00,935,935,935,935,0
2022-11-03 10:13:00,935,935,935,935,0
2022-11-03 10:14:00,935,935,935,935,0
2022-11-03 10:15:00,930,930,930,930,213400
2022-11-03 10:16:00,930,930,930,930,112400
2022-11-03 10:17:00,930,930,930,930,0
2022-11-03 10:18:00,930,930,930,930,0
2022-11-03 10:19:00,935,930,935,930,0
2022-11-03 10:20:00,935,930,935,930,0
2022-11-03 10:21:00,935,930,935,930,0
2022-11-03 10:22:00,930,930,930,930,1000
2022-11-03 10:23:00,935,930,935,930,35300
2022-11-03 10:24:00,935,930,935,930,0
2022-11-03 10:25:00,935,935,935,935,1300
2022-11-03 10:26:00,935,935,935,935,0
2022-11-03 10:27:00,930,930,930,930,800
2022-11-03 10:28:00,935,935,935,935,8800
2022-11-03 10:29:00,935,935,935,935,0
2022-11-03 10:30:00,935,930,935,930,2600
2022-11-03 10:31:00,935,930,935,935,6100
2022-11-03 10:32:00,935,935,935,935,10400
2022-11-03 10:33:00,930,930,935,935,4200
2022-11-03 10:34:00,935,935,935,935,4000
2022-11-03 10:35:00,935,935,935,935,6000
2022-11-03 10:36:00,935,935,935,935,700
2022-11-03 10:37:00,935,935,935,935,7600
2022-11-03 10:38:00,935,935,935,935,0
2022-11-03 10:39:00,935,935,935,935,0
2022-11-03 10:40:00,935,935,935,935,1100
2022-11-03 10:41:00,935,935,935,935,4300
2022-11-03 10:42:00,935,935,935,935,8000
2022-11-03 10:43:00,935,935,935,935,0
2022-11-03 10:44:00,935,935,935,935,0
2022-11-03 10:45:00,930,930,935,935,49500
2022-11-03 10:46:00,930,930,935,935,0
2022-11-03 10:47:00,935,930,935,930,0
2022-11-03 10:48:00,935,930,935,930,0
2022-11-03 10:49:00,930,930,930,930,1100
2022-11-03 10:50:00,935,935,935,935,11300
2022-11-03 10:51:00,935,935,935,935,1000
2022-11-03 10:52:00,935,935,935,935,17600
2022-11-03 10:53:00,935,935,935,935,0
2022-11-03 10:54:00,935,930,935,930,1300
2022-11-03 10:55:00,930,930,930,930,5000
2022-11-03 10:56:00,930,930,930,930,0
2022-11-03 10:57:00,935,935,935,935,44900
2022-11-03 10:58:00,935,935,935,935,12200
2022-11-03 10:59:00,935,935,935,935,0
2022-11-03 11:00:00,930,930,935,935,20600
2022-11-03 11:01:00,935,935,935,935,26000
2022-11-03 11:02:00,935,935,935,935,8200
2022-11-03 11:03:00,935,935,935,935,0
2022-11-03 11:04:00,935,935,935,935,0
2022-11-03 11:05:00,935,935,935,935,0
2022-11-03 11:06:00,935,935,935,935,1200
2022-11-03 11:07:00,935,935,935,935,0
2022-11-03 11:08:00,940,940,940,940,207000
2022-11-03 11:09:00,945,945,945,945,275300
2022-11-03 11:10:00,945,945,945,945,70200
2022-11-03 11:11:00,940,940,945,945,202100
2022-11-03 11:12:00,945,945,950,950,15400
2022-11-03 11:13:00,950,950,950,950,10000
2022-11-03 11:14:00,950,950,950,950,0
2022-11-03 11:15:00,945,945,945,945,21300
2022-11-03 11:16:00,950,950,950,950,39300
2022-11-03 11:17:00,945,945,950,950,18100
2022-11-03 11:18:00,945,945,945,945,3500
2022-11-03 11:19:00,945,945,950,945,87300
2022-11-03 11:20:00,945,945,950,945,0
2022-11-03 11:21:00,950,950,950,950,2500
2022-11-03 11:22:00,950,945,950,945,49500
2022-11-03 11:23:00,950,950,950,950,26800
2022-11-03 11:24:00,945,945,945,945,253400
2022-11-03 11:25:00,945,945,945,945,200
2022-11-03 11:26:00,945,945,945,945,0
2022-11-03 11:27:00,945,945,945,945,900
2022-11-03 11:28:00,945,945,945,945,0
2022-11-03 11:29:00,945,945,945,945,0
2022-11-03 11:30:00,945,945,945,945,0
2022-11-03 11:31:00,945,945,945,945,0
2022-11-03 11:32:00,945,945,945,945,0
2022-11-03 11:33:00,945,945,945,945,0
2022-11-03 11:34:00,945,945,945,945,0
2022-11-03 11:35:00,945,945,945,945,0
2022-11-03 11:36:00,945,945,945,945,0
2022-11-03 11:37:00,945,945,945,945,0
2022-11-03 11:38:00,945,945,945,945,0
2022-11-03 11:39:00,945,945,945,945,0
2022-11-03 11:40:00,945,945,945,945,0
2022-11-03 11:41:00,945,945,945,945,0
2022-11-03 11:42:00,945,945,945,945,0
2022-11-03 11:43:00,945,945,945,945,0
2022-11-03 11:44:00,945,945,945,945,0
2022-11-03 11:45:00,945,945,945,945,0
2022-11-03 11:46:00,945,945,945,945,0
2022-11-03 11:47:00,945,945,945,945,0
2022-11-03 11:48:00,945,945,945,945,0
2022-11-03 11:49:00,945,945,945,945,0
2022-11-03 11:50:00,945,945,945,945,0
2022-11-03 11:51:00,945,945,945,945,0
2022-11-03 11:52:00,945,945,945,945,0
2022-11-03 11:53:00,945,945,945,945,0
2022-11-03 11:54:00,945,945,945,945,0
2022-11-03 11:55:00,945,945,945,945,0
2022-11-03 11:56:00,945,945,945,945,0
2022-11-03 11:57:00,945,945,945,945,0
2022-11-03 11:58:00,945,945,945,945,0
2022-11-03 11:59:00,945,945,945,945,0
2022-11-03 12:00:00,945,945,945,945,0
2022-11-03 12:01:00,945,945,945,945,0
2022-11-03 12:02:00,945,945,945,945,0
2022-11-03 12:03:00,945,945,945,945,0
2022-11-03 12:04:00,945,945,945,945,0
2022-11-03 12:05:00,945,945,945,945,0
2022-11-03 12:06:00,945,945,945,945,0
2022-11-03 12:07:00,945,945,945,945,0
2022-11-03 12:08:00,945,945,945,945,0
2022-11-03 12:09:00,945,945,945,945,0
2022-11-03 12:10:00,945,945,945,945,0
2022-11-03 12:11:00,945,945,945,945,0
2022-11-03 12:12:00,945,945,945,945,0
2022-11-03 12:13:00,945,945,945,945,0
2022-11-03 12:14:00,945,945,945,945,0
2022-11-03 12:15:00,945,945,945,945,0
2022-11-03 12:16:00,945,945,945,945,0
2022-11-03 12:17:00,945,945,945,945,0
2022-11-03 12:18:00,945,945,945,945,0
2022-11-03 12:19:00,945,945,945,945,0
2022-11-03 12:20:00,945,945,945,945,0
2022-11-03 12:21:00,945,945,945,945,0
2022-11-03 12:22:00,945,945,945,945,0
2022-11-03 12:23:00,945,945,945,945,0
2022-11-03 12:24:00,945,945,945,945,0
2022-11-03 12:25:00,945,945,945,945,0
2022-11-03 12:26:00,945,945,945,945,0
2022-11-03 12:27:00,945,945,945,945,0
2022-11-03 12:28:00,945,945,945,945,0
2022-11-03 12:29:00,945,945,945,945,0
2022-11-03 12:30:00,945,945,945,945,0
2022-11-03 12:31:00,945,945,945,945,0
2022-11-03 12:32:00,945,945,945,945,0
2022-11-03 12:33:00,945,945,945,945,0
2022-11-03 12:34:00,945,945,945,945,0
2022-11-03 12:35:00,945,945,945,945,0
2022-11-03 12:36:00,945,945,945,945,0
2022-11-03 12:37:00,945,945,945,945,0
2022-11-03 12:38:00,945,945,945,945,0
2022-11-03 12:39:00,945,945,945,945,0
2022-11-03 12:40:00,945,945,945,945,0
2022-11-03 12:41:00,945,945,945,945,0
2022-11-03 12:42:00,945,945,945,945,0
2022-11-03 12:43:00,945,945,945,945,0
2022-11-03 12:44:00,945,945,945,945,0
2022-11-03 12:45:00,945,945,945,945,0
2022-11-03 12:46:00,945,945,945,945,0
2022-11-03 12:47:00,945,945,945,945,0
2022-11-03 12:48:00,945,945,945,945,0
2022-11-03 12:49:00,945,945,945,945,0
2022-11-03 12:50:00,945,945,945,945,0
2022-11-03 12:51:00,945,945,945,945,0
2022-11-03 12:52:00,945,945,945,945,0
2022-11-03 12:53:00,945,945,945,945,0
2022-11-03 12:54:00,945,945,945,945,0
2022-11-03 12:55:00,945,945,945,945,0
2022-11-03 12:56:00,945,945,945,945,0
2022-11-03 12:57:00,945,945,945,945,0
2022-11-03 12:58:00,945,945,945,945,0
2022-11-03 12:59:00,945,945,945,945,0
2022-11-03 13:00:00,945,945,945,945,0
2022-11-03 13:01:00,945,945,945,945,0
2022-11-03 13:02:00,945,945,945,945,0
2022-11-03 13:03:00,945,945,945,945,0
2022-11-03 13:04:00,945,945,945,945,0
2022-11-03 13:05:00,945,945,945,945,0
2022-11-03 13:06:00,945,945,945,945,0
2022-11-03 13:07:00,945,945,945,945,0
2022-11-03 13:08:00,945,945,945,945,0
2022-11-03 13:09:00,945,945,945,945,0
2022-11-03 13:10:00,945,945,945,945,0
2022-11-03 13:11:00,945,945,945,945,0
2022-11-03 13:12:00,945,945,945,945,0
2022-11-03 13:13:00,945,945,945,945,0
2022-11-03 13:14:00,945,945,945,945,0
2022-11-03 13:15:00,945,945,945,945,0
2022-11-03 13:16:00,945,945,945,945,0
2022-11-03 13:17:00,945,945,945,945,0
2022-11-03 13:18:00,945,945,945,945,0
2022-11-03 13:19:00,945,945,945,945,0
2022-11-03 13:20:00,945,945,945,945,0
2022-11-03 13:21:00,945,945,945,945,0
2022-11-03 13:22:00,945,945,945,945,0
2022-11-03 13:23:00,945,945,945,945,0
2022-11-03 13:24:00,945,945,945,945,0
2022-11-03 13:25:00,945,945,945,945,0
2022-11-03 13:26:00,945,945,945,945,0
2022-11-03 13:27:00,945,945,945,945,0
2022-11-03 13:28:00,945,945,945,945,0
2022-11-03 13:29:00,945,945,945,945,0
2022-11-03 13:30:00,940,940,945,945,4600
2022-11-03 13:31:00,940,940,945,945,2200
2022-11-03 13:32:00,945,945,945,945,146400
2022-11-03 13:33:00,945,940,945,940,0
2022-11-03 13:34:00,945,940,945,940,0
2022-11-03 13:35:00,940,940,940,940,11500
2022-11-03 13:36:00,945,940,945,940,5000
2022-11-03 13:37:00,940,940,940,940,36900
2022-11-03 13:38:00,940,940,940,940,0
2022-11-03 13:39:00,940,940,940,940,160200
2022-11-03 13:40:00,940,940,940,940,200
2022-11-03 13:41:00,940,940,940,940,0
2022-11-03 13:42:00,940,940,940,940,1400
2022-11-03 13:43:00,940,935,940,940,3800
2022-11-03 13:44:00,940,940,940,940,1600
2022-11-03 13:45:00,945,945,945,945,100
2022-11-03 13:46:00,945,945,945,945,100
2022-11-03 13:47:00,945,945,945,945,0
2022-11-03 13:48:00,945,945,945,945,0
2022-11-03 13:49:00,940,935,940,935,700
2022-11-03 13:50:00,940,935,940,935,0
2022-11-03 13:51:00,935,935,935,935,1000
2022-11-03 13:52:00,940,940,940,940,0
2022-11-03 13:53:00,940,940,940,940,0
2022-11-03 13:54:00,940,940,940,940,90900
2022-11-03 13:55:00,940,940,940,940,16000
2022-11-03 13:56:00,940,940,940,940,0
2022-11-03 13:57:00,940,940,940,940,101200
2022-11-03 13:58:00,940,940,940,940,0
2022-11-03 13:59:00,940,940,940,940,18200
2022-11-03 14:00:00,940,940,940,940,0
2022-11-03 14:01:00,940,940,940,940,93800
2022-11-03 14:02:00,940,940,940,940,4200
2022-11-03 14:03:00,940,940,940,940,0
2022-11-03 14:04:00,940,940,945,940,250800
2022-11-03 14:05:00,945,945,950,950,741400
2022-11-03 14:06:00,950,945,950,945,24200
2022-11-03 14:07:00,945,945,955,955,1111700
2022-11-03 14:08:00,960,955,960,960,429200
2022-11-03 14:09:00,960,960,960,960,38800
2022-11-03 14:10:00,965,960,970,960,252300
2022-11-03 14:11:00,960,960,965,965,24300
2022-11-03 14:12:00,960,960,965,965,164200
2022-11-03 14:13:00,965,965,970,970,227000
2022-11-03 14:14:00,965,965,965,965,11400
2022-11-03 14:15:00,965,965,975,975,438300
2022-11-03 14:16:00,975,970,975,970,351200
2022-11-03 14:17:00,965,960,965,960,265300
2022-11-03 14:18:00,960,960,960,960,574700
2022-11-03 14:19:00,960,960,965,960,20400
2022-11-03 14:20:00,960,960,960,960,63100
2022-11-03 14:21:00,960,960,965,965,58600
2022-11-03 14:22:00,965,960,965,965,116100
2022-11-03 14:23:00,965,965,965,965,6900
2022-11-03 14:24:00,965,960,965,960,175000
2022-11-03 14:25:00,960,960,965,965,69200
2022-11-03 14:26:00,965,965,970,965,995600
2022-11-03 14:27:00,970,965,970,970,449400
2022-11-03 14:28:00,970,970,975,970,150000
2022-11-03 14:29:00,970,970,975,975,397200
2022-11-03 14:30:00,975,970,975,975,265300
2022-11-03 14:31:00,975,970,975,970,336200
2022-11-03 14:32:00,970,970,975,970,106100
2022-11-03 14:33:00,970,970,970,970,1392600
2022-11-03 14:34:00,965,965,970,970,672800
2022-11-03 14:35:00,965,965,970,970,0
2022-11-03 14:36:00,975,970,975,970,103100
2022-11-03 14:37:00,970,970,970,970,1900
2022-11-03 14:38:00,975,975,980,980,748000
2022-11-03 14:39:00,980,980,985,985,81900
2022-11-03 14:40:00,985,985,990,990,368700
2022-11-03 14:41:00,990,985,990,985,222900
2022-11-03 14:42:00,985,980,985,980,93400
2022-11-03 14:43:00,985,980,985,985,47000
2022-11-03 14:44:00,985,980,985,985,556700
2022-11-03 14:45:00,985,985,985,985,286100
2022-11-03 14:46:00,985,985,985,985,299100
2022-11-03 14:47:00,985,985,990,985,164800
2022-11-03 14:48:00,985,985,990,990,1412100
2022-11-03 14:49:00,985,985,990,985,507000
2022-11-03 14:50:00,985,985,985,985,7000
2022-11-03 14:51:00,985,985,985,985,0
2022-11-03 14:52:00,985,985,985,985,0
2022-11-03 14:53:00,985,985,985,985,0
2022-11-03 14:54:00,985,985,985,985,0
2022-11-03 14:55:00,985,985,985,985,0
2022-11-03 14:56:00,985,985,985,985,0
2022-11-03 14:57:00,985,985,985,985,0
2022-11-03 14:58:00,985,985,985,985,0
2022-11-03 14:59:00,985,985,985,985,0
2022-11-03 15:00:00,990,990,990,990,2267000
2022-11-03 15:01:00,990,990,990,990,143700
2022-11-03 15:02:00,990,990,990,990,103000
2022-11-03 15:03:00,990,990,990,990,14100
2022-11-03 15:04:00,990,990,990,990,1900
2022-11-03 15:05:00,990,990,990,990,5000
2022-11-03 15:06:00,990,990,990,990,0
2022-11-03 15:07:00,990,990,990,990,40900
2022-11-03 15:08:00,990,990,990,990,800
2022-11-03 15:09:00,990,990,990,990,1100
2022-11-03 15:10:00,990,990,990,990,0
2022-11-03 15:11:00,990,990,990,990,3400
2022-11-03 15:12:00,990,990,990,990,0
2022-11-03 15:13:00,990,990,990,990,0
2022-11-03 15:14:00,990,990,990,990,37608500
2022-11-03 15:15:00,990,990,990,990,0
2022-11-03 15:16:00,990,990,990,990,0
2022-11-03 15:17:00,990,990,990,990,0
2022-11-03 15:18:00,990,990,990,990,0
2022-11-03 15:19:00,990,990,990,990,0
2022-11-03 15:20:00,990,990,990,990,0
2022-11-03 15:21:00,990,990,990,990,0
2022-11-03 15:22:00,990,990,990,990,0
2022-11-03 15:23:00,990,990,990,990,0
2022-11-03 15:24:00,990,990,990,990,0
2022-11-03 15:25:00,990,990,990,990,0
2022-11-03 15:26:00,990,990,990,990,0
2022-11-03 15:27:00,990,990,990,990,0
2022-11-03 15:28:00,990,990,990,990,0
2022-11-03 15:29:00,990,990,990,990,0
2022-11-03 15:30:00,990,990,990,990,0
2022-11-03 15:31:00,990,990,990,990,0
2022-11-03 15:32:00,990,990,990,990,0
2022-11-03 15:33:00,990,990,990,990,0
2022-11-03 15:34:00,990,990,990,990,0
2022-11-03 15:35:00,990,990,990,990,0
2022-11-03 15:36:00,990,990,990,990,0
2022-11-03 15:37:00,990,990,990,990,0
2022-11-03 15:38:00,990,990,990,990,0
2022-11-03 15:39:00,990,990,990,990,0
2022-11-03 15:40:00,990,990,990,990,0
2022-11-03 15:41:00,990,990,990,990,0
2022-11-03 15:42:00,990,990,990,990,0
2022-11-03 15:43:00,990,990,990,990,0
2022-11-03 15:44:00,990,990,990,990,0
2022-11-03 15:45:00,990,990,990,990,0
2022-11-03 15:46:00,990,990,990,990,0
2022-11-03 15:47:00,990,990,990,990,0
2022-11-03 15:48:00,990,990,990,990,0
2022-11-03 15:49:00,990,990,990,990,0
2022-11-03 15:50:00,990,990,990,990,0
2022-11-03 15:51:00,990,990,990,990,0
2022-11-03 15:52:00,990,990,990,990,0
2022-11-03 15:53:00,990,990,990,990,0
2022-11-03 15:54:00,990,990,990,990,0
2022-11-03 15:55:00,990,990,990,990,0
2022-11-03 15:56:00,990,990,990,990,0
2022-11-03 15:57:00,990,990,990,990,0
2022-11-03 15:58:00,990,990,990,990,0
2022-11-03 15:59:00,990,990,990,990,0
2022-11-04 09:00:00,985,985,990,985,0
2022-11-04 09:01:00,985,985,990,990,624900
2022-11-04 09:02:00,990,985,990,990,184300
2022-11-04 09:03:00,990,990,995,995,107700
2022-11-04 09:04:00,995,990,995,995,807600
2022-11-04 09:05:00,995,995,1005,1005,1415000
2022-11-04 09:06:00,1005,1000,1010,1000,1887900
2022-11-04 09:07:00,1005,1000,1005,1000,221000
2022-11-04 09:08:00,1000,995,1005,995,1116400
2022-11-04 09:09:00,995,990,1000,1000,207600
2022-11-04 09:10:00,1000,1000,1005,1000,232700
2022-11-04 09:11:00,1000,1000,1005,1000,22000
2022-11-04 09:12:00,1000,1000,1005,1000,146700
2022-11-04 09:13:00,1000,1000,1005,1005,42700
2022-11-04 09:14:00,1000,1000,1005,1005,97400
2022-11-04 09:15:00,1000,1000,1005,1000,230900
2022-11-04 09:16:00,1000,1000,1005,1000,22300
2022-11-04 09:17:00,1000,1000,1000,1000,26800
2022-11-04 09:18:00,1000,1000,1005,1005,32000
2022-11-04 09:19:00,1005,1000,1005,1005,170500
2022-11-04 09:20:00,1000,1000,1005,1005,5600
2022-11-04 09:21:00,1005,1000,1005,1005,41100
2022-11-04 09:22:00,1000,1000,1005,1000,88300
2022-11-04 09:23:00,1000,1000,1005,1000,116100
2022-11-04 09:24:00,1000,1000,1000,1000,1100
2022-11-04 09:25:00,1005,1000,1005,1000,21500
2022-11-04 09:26:00,1000,1000,1005,1000,51500
2022-11-04 09:27:00,1000,1000,1005,1000,334600
2022-11-04 09:28:00,1000,995,1000,995,356200
2022-11-04 09:29:00,1000,1000,1000,1000,29100
2022-11-04 09:30:00,1000,1000,1000,1000,3100
2022-11-04 09:31:00,1000,995,1000,995,177900
2022-11-04 09:32:00,995,995,1000,1000,0
2022-11-04 09:33:00,1000,995,1000,1000,104100
2022-11-04 09:34:00,1000,1000,1005,1000,1118900
2022-11-04 09:35:00,1000,1000,1005,1005,33800
2022-11-04 09:36:00,1000,1000,1000,1000,344200
2022-11-04 09:37:00,1000,1000,1000,1000,197500
2022-11-04 09:38:00,1000,1000,1005,1005,53700
2022-11-04 09:39:00,1005,1000,1010,1005,1618300
2022-11-04 09:40:00,1010,1010,1015,1015,2952300
2022-11-04 09:41:00,1015,1010,1015,1015,917300
2022-11-04 09:42:00,1015,1010,1015,1010,1122400
2022-11-04 09:43:00,1010,1010,1015,1015,31500
2022-11-04 09:44:00,1015,1010,1015,1010,286600
2022-11-04 09:45:00,1010,1005,1010,1005,331600
2022-11-04 09:46:00,1005,1005,1010,1010,125000
2022-11-04 09:47:00,1010,1005,1010,1010,517200
2022-11-04 09:48:00,1010,1005,1010,1010,225400
2022-11-04 09:49:00,1010,1010,1015,1010,80100
2022-11-04 09:50:00,1010,1010,1015,1010,165800
2022-11-04 09:51:00,1015,1010,1015,1010,17700
2022-11-04 09:52:00,1015,1010,1015,1015,37400
2022-11-04 09:53:00,1015,1010,1015,1010,69400
2022-11-04 09:54:00,1010,1010,1015,1015,31200
2022-11-04 09:55:00,1015,1010,1015,1015,31500
2022-11-04 09:56:00,1010,1010,1015,1015,55500
2022-11-04 09:57:00,1015,1015,1015,1015,567300
2022-11-04 09:58:00,1015,1010,1015,1010,11200
2022-11-04 09:59:00,1010,1010,1015,1015,47300
2022-11-04 10:00:00,1010,1010,1015,1015,15400
2022-11-04 10:01:00,1015,1010,1015,1015,48200
2022-11-04 10:02:00,1015,1010,1015,1010,5500
2022-11-04 10:03:00,1010,1010,1010,1010,9800
2022-11-04 10:04:00,1015,1010,1015,1010,60100
2022-11-04 10:05:00,1015,1010,1015,1010,295800
2022-11-04 10:06:00,1010,1010,1015,1015,58800
2022-11-04 10:07:00,1015,1015,1015,1015,117600
2022-11-04 10:08:00,1015,1015,1015,1015,16700
2022-11-04 10:09:00,1010,1010,1010,1010,4500
2022-11-04 10:10:00,1015,1010,1015,1015,2550500
2022-11-04 10:11:00,1015,1015,1020,1020,441800
2022-11-04 10:12:00,1015,1015,1020,1015,711300
2022-11-04 10:13:00,1015,1015,1020,1015,185900
2022-11-04 10:14:00,1015,1015,1015,1015,67600
2022-11-04 10:15:00,1015,1015,1020,1020,29300
2022-11-04 10:16:00,1015,1015,1020,1015,43100
2022-11-04 10:17:00,1020,1015,1020,1015,102600
2022-11-04 10:18:00,1020,1015,1020,1015,0
2022-11-04 10:19:00,1020,1015,1020,1015,16300
2022-11-04 10:20:00,1020,1015,1020,1015,115500
2022-11-04 10:21:00,1015,1015,1020,1020,47100
2022-11-04 10:22:00,1015,1015,1020,1015,15400
2022-11-04 10:23:00,1020,1020,1020,1020,167000
2022-11-04 10:24:00,1020,1015,1020,1020,77700
2022-11-04 10:25:00,1020,1015,1020,1015,100200
2022-11-04 10:26:00,1015,1015,1020,1015,18500
2022-11-04 10:27:00,1015,1015,1020,1020,9200
2022-11-04 10:28:00,1015,1015,1015,1015,700
2022-11-04 10:29:00,1015,1015,1015,1015,8200
2022-11-04 10:30:00,1015,1015,1015,1015,0
2022-11-04 10:31:00,1020,1020,1025,1025,1812000
2022-11-04 10:32:00,1025,1020,1025,1020,41400
2022-11-04 10:33:00,1020,1020,1020,1020,23200
2022-11-04 10:34:00,1020,1020,1025,1020,240600
2022-11-04 10:35:00,1025,1020,1025,1020,2800
2022-11-04 10:36:00,1020,1015,1025,1015,175300
2022-11-04 10:37:00,1015,1015,1020,1020,150900
2022-11-04 10:38:00,1020,1015,1020,1020,0
2022-11-04 10:39:00,1020,1015,1020,1020,5500
2022-11-04 10:40:00,1020,1015,1020,1015,47300
2022-11-04 10:41:00,1015,1015,1015,1015,0
2022-11-04 10:42:00,1015,1015,1015,1015,9600
2022-11-04 10:43:00,1015,1015,1020,1020,47600
2022-11-04 10:44:00,1015,1015,1020,1020,0
2022-11-04 10:45:00,1020,1020,1020,1020,110700
2022-11-04 10:46:00,1020,1020,1020,1020,2400
2022-11-04 10:47:00,1020,1020,1020,1020,4900
2022-11-04 10:48:00,1015,1015,1015,1015,0
2022-11-04 10:49:00,1015,1015,1015,1015,145500
2022-11-04 10:50:00,1015,1015,1020,1020,123900
2022-11-04 10:51:00,1015,1015,1015,1015,196400
2022-11-04 10:52:00,1015,1015,1015,1015,615100
2022-11-04 10:53:00,1015,1015,1020,1015,586900
2022-11-04 10:54:00,1020,1015,1020,1020,0
2022-11-04 10:55:00,1020,1020,1020,1020,50300
2022-11-04 10:56:00,1020,1020,1020,1020,0
2022-11-04 10:57:00,1020,1015,1020,1015,34400
2022-11-04 10:58:00,1020,1015,1020,1015,0
2022-11-04 10:59:00,1020,1020,1020,1020,0
2022-11-04 11:00:00,1015,1015,1020,1015,474900
2022-11-04 11:01:00,1020,1020,1020,1020,25100
2022-11-04 11:02:00,1015,1015,1020,1015,9700
2022-11-04 11:03:00,1015,1015,1020,1015,113600
2022-11-04 11:04:00,1020,1015,1020,1020,0
2022-11-04 11:05:00,1020,1015,1020,1015,49000
2022-11-04 11:06:00,1015,1015,1020,1020,70200
2022-11-04 11:07:00,1020,1020,1020,1020,134400
2022-11-04 11:08:00,1015,1015,1020,1020,8300
2022-11-04 11:09:00,1020,1020,1020,1020,1900
2022-11-04 11:10:00,1015,1015,1015,1015,1800
2022-11-04 11:11:00,1015,1015,1020,1015,252700
2022-11-04 11:12:00,1015,1015,1020,1015,0
2022-11-04 11:13:00,1015,1015,1020,1015,17400
2022-11-04 11:14:00,1015,1015,1020,1020,180400
2022-11-04 11:15:00,1020,1015,1020,1020,5700
2022-11-04 11:16:00,1015,1015,1020,1015,36300
2022-11-04 11:17:00,1015,1015,1015,1015,132300
2022-11-04 11:18:00,1015,1015,1015,1015,9500
2022-11-04 11:19:00,1015,1015,1015,1015,423300
2022-11-04 11:20:00,1015,1015,1015,1015,69400
2022-11-04 11:21:00,1020,1020,1020,1020,22100
2022-11-04 11:22:00,1020,1020,1020,1020,1700
2022-11-04 11:23:00,1015,1015,1020,1015,108500
2022-11-04 11:24:00,1015,1015,1020,1015,24800
2022-11-04 11:25:00,1015,1015,1020,1020,41700
2022-11-04 11:26:00,1020,1020,1020,1020,23300
2022-11-04 11:27:00,1020,1015,1020,1015,388500
2022-11-04 11:28:00,1015,1015,1015,1015,51000
2022-11-04 11:29:00,1010,1010,1015,1010,80300
2022-11-04 11:30:00,1010,1010,1015,1010,0
2022-11-04 11:31:00,1010,1010,1015,1010,0
2022-11-04 11:32:00,1010,1010,1015,1010,0
2022-11-04 11:33:00,1010,1010,1015,1010,0
2022-11-04 11:34:00,1010,1010,1015,1010,0
2022-11-04 11:35:00,1010,1010,1015,1010,0
2022-11-04 11:36:00,1010,1010,1015,1010,0
2022-11-04 11:37:00,1010,1010,1015,1010,0
2022-11-04 11:38:00,1010,1010,1015,1010,0
2022-11-04 11:39:00,1010,1010,1015,1010,0
2022-11-04 11:40:00,1010,1010,1015,1010,0
2022-11-04 11:41:00,1010,1010,1015,1010,0
2022-11-04 11:42:00,1010,1010,1015,1010,0
2022-11-04 11:43:00,1010,1010,1015,1010,0
2022-11-04 11:44:00,1010,1010,1015,1010,0
2022-11-04 11:45:00,1010,1010,1015,1010,0
2022-11-04 11:46:00,1010,1010,1015,1010,0
2022-11-04 11:47:00,1010,1010,1015,1010,0
2022-11-04 11:48:00,1010,1010,1015,1010,0
2022-11-04 11:49:00,1010,1010,1015,1010,0
2022-11-04 11:50:00,1010,1010,1015,1010,0
2022-11-04 11:51:00,1010,1010,1015,1010,0
2022-11-04 11:52:00,1010,1010,1015,1010,0
2022-11-04 11:53:00,1010,1010,1015,1010,0
2022-11-04 11:54:00,1010,1010,1015,1010,0
2022-11-04 11:55:00,1010,1010,1015,1010,0
2022-11-04 11:56:00,1010,1010,1015,1010,0
2022-11-04 11:57:00,1010,1010,1015,1010,0
2022-11-04 11:58:00,1010,1010,1015,1010,0
2022-11-04 11:59:00,1010,1010,1015,1010,0
2022-11-04 12:00:00,1010,1010,1015,1010,0
2022-11-04 12:01:00,1010,1010,1015,1010,0
2022-11-04 12:02:00,1010,1010,1015,1010,0
2022-11-04 12:03:00,1010,1010,1015,1010,0
2022-11-04 12:04:00,1010,1010,1015,1010,0
2022-11-04 12:05:00,1010,1010,1015,1010,0
2022-11-04 12:06:00,1010,1010,1015,1010,0
2022-11-04 12:07:00,1010,1010,1015,1010,0
2022-11-04 12:08:00,1010,1010,1015,1010,0
2022-11-04 12:09:00,1010,1010,1015,1010,0
2022-11-04 12:10:00,1010,1010,1015,1010,0
2022-11-04 12:11:00,1010,1010,1015,1010,0
2022-11-04 12:12:00,1010,1010,1015,1010,0
2022-11-04 12:13:00,1010,1010,1015,1010,0
2022-11-04 12:14:00,1010,1010,1015,1010,0
2022-11-04 12:15:00,1010,1010,1015,1010,0
2022-11-04 12:16:00,1010,1010,1015,1010,0
2022-11-04 12:17:00,1010,1010,1015,1010,0
2022-11-04 12:18:00,1010,1010,1015,1010,0
2022-11-04 12:19:00,1010,1010,1015,1010,0
2022-11-04 12:20:00,1010,1010,1015,1010,0
2022-11-04 12:21:00,1010,1010,1015,1010,0
2022-11-04 12:22:00,1010,1010,1015,1010,0
2022-11-04 12:23:00,1010,1010,1015,1010,0
2022-11-04 12:24:00,1010,1010,1015,1010,0
2022-11-04 12:25:00,1010,1010,1015,1010,0
2022-11-04 12:26:00,1010,1010,1015,1010,0
2022-11-04 12:27:00,1010,1010,1015,1010,0
2022-11-04 12:28:00,1010,1010,1015,1010,0
2022-11-04 12:29:00,1010,1010,1015,1010,0
2022-11-04 12:30:00,1010,1010,1015,1010,0
2022-11-04 12:31:00,1010,1010,1015,1010,0
2022-11-04 12:32:00,1010,1010,1015,1010,0
2022-11-04 12:33:00,1010,1010,1015,1010,0
2022-11-04 12:34:00,1010,1010,1015,1010,0
2022-11-04 12:35:00,1010,1010,1015,1010,0
2022-11-04 12:36:00,1010,1010,1015,1010,0
2022-11-04 12:37:00,1010,1010,1015,1010,0
2022-11-04 12:38:00,1010,1010,1015,1010,0
2022-11-04 12:39:00,1010,1010,1015,1010,0
2022-11-04 12:40:00,1010,1010,1015,1010,0
2022-11-04 12:41:00,1010,1010,1015,1010,0
2022-11-04 12:42:00,1010,1010,1015,1010,0
2022-11-04 12:43:00,1010,1010,1015,1010,0
2022-11-04 12:44:00,1010,1010,1015,1010,0
2022-11-04 12:45:00,1010,1010,1015,1010,0
2022-11-04 12:46:00,1010,1010,1015,1010,0
2022-11-04 12:47:00,1010,1010,1015,1010,0
2022-11-04 12:48:00,1010,1010,1015,1010,0
2022-11-04 12:49:00,1010,1010,1015,1010,0
2022-11-04 12:50:00,1010,1010,1015,1010,0
2022-11-04 12:51:00,1010,1010,1015,1010,0
2022-11-04 12:52:00,1010,1010,1015,1010,0
2022-11-04 12:53:00,1010,1010,1015,1010,0
2022-11-04 12:54:00,1010,1010,1015,1010,0
2022-11-04 12:55:00,1010,1010,1015,1010,0
2022-11-04 12:56:00,1010,1010,1015,1010,0
2022-11-04 12:57:00,1010,1010,1015,1010,0
2022-11-04 12:58:00,1010,1010,1015,1010,0
2022-11-04 12:59:00,1010,1010,1015,1010,0
2022-11-04 13:00:00,1010,1010,1015,1010,0
2022-11-04 13:01:00,1010,1010,1015,1010,0
2022-11-04 13:02:00,1010,1010,1015,1010,0
2022-11-04 13:03:00,1010,1010,1015,1010,0
2022-11-04 13:04:00,1010,1010,1015,1010,0
2022-11-04 13:05:00,1010,1010,1015,1010,0
2022-11-04 13:06:00,1010,1010,1015,1010,0
2022-11-04 13:07:00,1010,1010,1015,1010,0
2022-11-04 13:08:00,1010,1010,1015,1010,0
2022-11-04 13:09:00,1010,1010,1015,1010,0
2022-11-04 13:10:00,1010,1010,1015,1010,0
2022-11-04 13:11:00,1010,1010,1015,1010,0
2022-11-04 13:12:00,1010,1010,1015,1010,0
2022-11-04 13:13:00,1010,1010,1015,1010,0
2022-11-04 13:14:00,1010,1010,1015,1010,0
2022-11-04 13:15:00,1010,1010,1015,1010,0
2022-11-04 13:16:00,1010,1010,1015,1010,0
2022-11-04 13:17:00,1010,1010,1015,1010,0
2022-11-04 13:18:00,1010,1010,1015,1010,0
2022-11-04 13:19:00,1010,1010,1015,1010,0
2022-11-04 13:20:00,1010,1010,1015,1010,0
2022-11-04 13:21:00,1010,1010,1015,1010,0
2022-11-04 13:22:00,1010,1010,1015,1010,0
2022-11-04 13:23:00,1010,1010,1015,1010,0
2022-11-04 13:24:00,1010,1010,1015,1010,0
2022-11-04 13:25:00,1010,1010,1015,1010,0
2022-11-04 13:26:00,1010,1010,1015,1010,0
2022-11-04 13:27:00,1010,1010,1015,1010,0
2022-11-04 13:28:00,1010,1010,1015,1010,0
2022-11-04 13:29:00,1010,1010,1015,1010,0
2022-11-04 13:30:00,1010,1010,1015,1015,88300
2022-11-04 13:31:00,1015,1010,1015,1015,61100
2022-11-04 13:32:00,1015,1015,1015,1015,600
2022-11-04 13:33:00,1015,1015,1015,1015,600
2022-11-04 13:34:00,1015,1015,1015,1015,51100
2022-11-04 13:35:00,1015,1015,1015,1015,0
2022-11-04 13:36:00,1010,1010,1010,1010,0
2022-11-04 13:37:00,1010,1010,1015,1010,8700
2022-11-04 13:38:00,1010,1010,1015,1010,7400
2022-11-04 13:39:00,1010,1010,1015,1015,12100
2022-11-04 13:40:00,1015,1010,1015,1015,32000
2022-11-04 13:41:00,1015,1015,1015,1015,3200
2022-11-04 13:42:00,1010,1010,1015,1015,13000
2022-11-04 13:43:00,1015,1015,1015,1015,32000
2022-11-04 13:44:00,1015,1015,1015,1015,3100
2022-11-04 13:45:00,1015,1015,1015,1015,800
2022-11-04 13:46:00,1015,1015,1015,1015,0
2022-11-04 13:47:00,1010,1010,1010,1010,0
2022-11-04 13:48:00,1010,1010,1015,1015,209400
2022-11-04 13:49:00,1010,1010,1015,1015,141900
2022-11-04 13:50:00,1015,1015,1015,1015,67500
2022-11-04 13:51:00,1010,1010,1015,1010,5700
2022-11-04 13:52:00,1015,1015,1015,1015,20000
2022-11-04 13:53:00,1015,1010,1015,1010,0
2022-11-04 13:54:00,1010,1010,1010,1010,0
2022-11-04 13:55:00,1010,1010,1015,1015,20300
2022-11-04 13:56:00,1010,1010,1015,1015,0
2022-11-04 13:57:00,1015,1015,1015,1015,14100
2022-11-04 13:58:00,1015,1010,1015,1010,104900
2022-11-04 13:59:00,1010,1010,1010,1010,0
2022-11-04 14:00:00,1010,1010,1015,1015,0
2022-11-04 14:01:00,1010,1010,1015,1015,5400
2022-11-04 14:02:00,1010,1010,1010,1010,17700
2022-11-04 14:03:00,1010,1010,1010,1010,47100
2022-11-04 14:04:00,1010,1010,1015,1010,43300
2022-11-04 14:05:00,1010,1010,1015,1010,0
2022-11-04 14:06:00,1010,1010,1010,1010,0
2022-11-04 14:07:00,1010,1010,1015,1015,3400
2022-11-04 14:08:00,1010,1010,1015,1015,179400
2022-11-04 14:09:00,1015,1010,1015,1010,0
2022-11-04 14:10:00,1010,1010,1015,1015,2700
2022-11-04 14:11:00,1015,1015,1015,1015,56800
2022-11-04 14:12:00,1015,1015,1015,1015,2300
2022-11-04 14:13:00,1015,1015,1015,1015,3500
2022-11-04 14:14:00,1015,1010,1015,1015,390400
2022-11-04 14:15:00,1015,1015,1015,1015,10900
2022-11-04 14:16:00,1015,1010,1015,1015,130000
2022-11-04 14:17:00,1015,1010,1015,1015,151100
2022-11-04 14:18:00,1015,1015,1015,1015,15700
2022-11-04 14:19:00,1010,1010,1020,1020,1115600
2022-11-04 14:20:00,1020,1020,1020,1020,0
2022-11-04 14:21:00,1015,1015,1020,1015,255000
2022-11-04 14:22:00,1015,1015,1020,1020,22600
2022-11-04 14:23:00,1015,1015,1020,1020,0
2022-11-04 14:24:00,1020,1015,1020,1015,265000
2022-11-04 14:25:00,1015,1010,1015,1010,7200
2022-11-04 14:26:00,1015,1015,1015,1015,72200
2022-11-04 14:27:00,1015,1015,1020,1020,191400
2022-11-04 14:28:00,1015,1015,1025,1025,1057200
2022-11-04 14:29:00,1020,1020,1020,1020,0
2022-11-04 14:30:00,1020,1020,1025,1025,410400
2022-11-04 14:31:00,1025,1020,1025,1025,16500
2022-11-04 14:32:00,1025,1020,1025,1025,381100
2022-11-04 14:33:00,1020,1020,1025,1020,322800
2022-11-04 14:34:00,1020,1020,1020,1020,167100
2022-11-04 14:35:00,1020,1020,1020,1020,103100
2022-11-04 14:36:00,1015,1015,1020,1020,524100
2022-11-04 14:37:00,1020,1020,1020,1020,4500
2022-11-04 14:38:00,1020,1015,1020,1015,0
2022-11-04 14:39:00,1015,1015,1015,1015,26400
2022-11-04 14:40:00,1020,1015,1020,1015,551500
2022-11-04 14:41:00,1015,1010,1015,1010,1038000
2022-11-04 14:42:00,1010,1010,1015,1015,0
2022-11-04 14:43:00,1015,1010,1015,1010,8400
2022-11-04 14:44:00,1010,1010,1010,1010,27300
2022-11-04 14:45:00,1010,1010,1010,1010,63900
2022-11-04 14:46:00,1010,1010,1015,1015,127400
2022-11-04 14:47:00,1015,1010,1015,1015,14000
2022-11-04 14:48:00,1015,1010,1015,1015,693300
2022-11-04 14:49:00,1015,1015,1020,1015,11900
2022-11-04 14:50:00,1015,1015,1020,1015,0
2022-11-04 14:51:00,1015,1015,1020,1015,0
2022-11-04 14:52:00,1015,1015,1020,1015,0
2022-11-04 14:53:00,1015,1015,1020,1015,0
2022-11-04 14:54:00,1015,1015,1020,1015,0
2022-11-04 14:55:00,1015,1015,1020,1015,0
2022-11-04 14:56:00,1015,1015,1020,1015,0
2022-11-04 14:57:00,1015,1015,1020,1015,0
2022-11-04 14:58:00,1015,1015,1020,1015,0
2022-11-04 14:59:00,1015,1015,1020,1015,0
2022-11-04 15:00:00,1020,1020,1020,1020,2336000
2022-11-04 15:01:00,1020,1020,1020,1020,60300
2022-11-04 15:02:00,1020,1020,1020,1020,12400
2022-11-04 15:03:00,1020,1020,1020,1020,3000
2022-11-04 15:04:00,1020,1020,1020,1020,1800
2022-11-04 15:05:00,1020,1020,1020,1020,10200
2022-11-04 15:06:00,1020,1020,1020,1020,10800
2022-11-04 15:07:00,1020,1020,1020,1020,190100
2022-11-04 15:08:00,1020,1020,1020,1020,0
2022-11-04 15:09:00,1020,1020,1020,1020,200
2022-11-04 15:10:00,1020,1020,1020,1020,0
2022-11-04 15:11:00,1020,1020,1020,1020,2900
2022-11-04 15:12:00,1020,1020,1020,1020,0
2022-11-04 15:13:00,1020,1020,1020,1020,0
2022-11-04 15:14:00,1020,1020,1020,1020,91600
2022-11-04 15:15:00,1020,1020,1020,1020,0
2022-11-04 15:16:00,1020,1020,1020,1020,0
2022-11-04 15:17:00,1020,1020,1020,1020,0
2022-11-04 15:18:00,1020,1020,1020,1020,0
2022-11-04 15:19:00,1020,1020,1020,1020,0
2022-11-04 15:20:00,1020,1020,1020,1020,0
2022-11-04 15:21:00,1020,1020,1020,1020,0
2022-11-04 15:22:00,1020,1020,1020,1020,0
2022-11-04 15:23:00,1020,1020,1020,1020,0
2022-11-04 15:24:00,1020,1020,1020,1020,0
2022-11-04 15:25:00,1020,1020,1020,1020,0
2022-11-04 15:26:00,1020,1020,1020,1020,0
2022-11-04 15:27:00,1020,1020,1020,1020,0
2022-11-04 15:28:00,1020,1020,1020,1020,0
2022-11-04 15:29:00,1020,1020,1020,1020,0
2022-11-04 15:30:00,1020,1020,1020,1020,0
2022-11-04 15:31:00,1020,1020,1020,1020,0
2022-11-04 15:32:00,1020,1020,1020,1020,0
2022-11-04 15:33:00,1020,1020,1020,1020,0
2022-11-04 15:34:00,1020,1020,1020,1020,0
2022-11-04 15:35:00,1020,1020,1020,1020,0
2022-11-04 15:36:00,1020,1020,1020,1020,0
2022-11-04 15:37:00,1020,1020,1020,1020,0
2022-11-04 15:38:00,1020,1020,1020,1020,0
2022-11-04 15:39:00,1020,1020,1020,1020,0
2022-11-04 15:40:00,1020,1020,1020,1020,0
2022-11-04 15:41:00,1020,1020,1020,1020,0
2022-11-04 15:42:00,1020,1020,1020,1020,0
2022-11-04 15:43:00,1020,1020,1020,1020,0
2022-11-04 15:44:00,1020,1020,1020,1020,0
2022-11-04 15:45:00,1020,1020,1020,1020,0
2022-11-04 15:46:00,1020,1020,1020,1020,0
2022-11-04 15:47:00,1020,1020,1020,1020,0
2022-11-04 15:48:00,1020,1020,1020,1020,0
2022-11-04 15:49:00,1020,1020,1020,1020,0
2022-11-04 15:50:00,1020,1020,1020,1020,0
2022-11-04 15:51:00,1020,1020,1020,1020,0
2022-11-04 15:52:00,1020,1020,1020,1020,0
2022-11-04 15:53:00,1020,1020,1020,1020,0
2022-11-04 15:54:00,1020,1020,1020,1020,0
2022-11-04 15:55:00,1020,1020,1020,1020,0
2022-11-04 15:56:00,1020,1020,1020,1020,0
2022-11-04 15:57:00,1020,1020,1020,1020,0
2022-11-04 15:58:00,1020,1020,1020,1020,0
2022-11-04 15:59:00,1020,1020,1020,1020,0
2022-11-07 09:00:00,1090,1090,1090,1090,0
2022-11-07 09:01:00,1090,1090,1090,1090,0
2022-11-07 09:02:00,1090,1090,1090,1090,0
2022-11-07 09:03:00,1090,1090,1090,1090,0
2022-11-07 09:04:00,1090,1090,1090,1090,0
2022-11-07 09:05:00,1090,1090,1090,1090,0
2022-11-07 09:06:00,1090,1090,1090,1090,0
2022-11-07 09:07:00,1090,1090,1090,1090,0
2022-11-07 09:08:00,1090,1090,1090,1090,0
2022-11-07 09:09:00,1090,1090,1090,1090,0
2022-11-07 09:10:00,1090,1090,1090,1090,0
2022-11-07 09:11:00,1090,1090,1090,1090,0
2022-11-07 09:12:00,1090,1090,1090,1090,0
2022-11-07 09:13:00,1090,1090,1090,1090,0
2022-11-07 09:14:00,1090,1090,1090,1090,0
2022-11-07 09:15:00,1090,1090,1090,1090,0
2022-11-07 09:16:00,1090,1090,1090,1090,0
2022-11-07 09:17:00,1090,1090,1090,1090,0
2022-11-07 09:18:00,1090,1090,1090,1090,0
2022-11-07 09:19:00,1090,1090,1090,1090,0
2022-11-07 09:20:00,1090,1090,1090,1090,0
2022-11-07 09:21:00,1090,1090,1090,1090,0
2022-11-07 09:22:00,1090,1090,1090,1090,0
2022-11-07 09:23:00,1090,1090,1090,1090,0
2022-11-07 09:24:00,1090,1090,1090,1090,0
2022-11-07 09:25:00,1090,1090,1090,1090,0
2022-11-07 09:26:00,1090,1090,1090,1090,0
2022-11-07 09:27:00,1090,1090,1090,1090,0
2022-11-07 09:28:00,1090,1090,1090,1090,0
2022-11-07 09:29:00,1090,1090,1090,1090,0
2022-11-07 09:30:00,1090,1090,1090,1090,0
2022-11-07 09:31:00,1090,1090,1090,1090,0
2022-11-07 09:32:00,1090,1090,1090,1090,0
2022-11-07 09:33:00,1090,1090,1090,1090,0
2022-11-07 09:34:00,1090,1090,1090,1090,0
2022-11-07 09:35:00,1090,1090,1090,1090,0
2022-11-07 09:36:00,1090,1090,1090,1090,0
2022-11-07 09:37:00,1090,1090,1090,1090,0
2022-11-07 09:38:00,1090,1090,1090,1090,0
2022-11-07 09:39:00,1090,1090,1090,1090,0
2022-11-07 09:40:00,1090,1090,1090,1090,0
2022-11-07 09:41:00,1090,1090,1090,1090,0
2022-11-07 09:42:00,1090,1090,1090,1090,0
2022-11-07 09:43:00,1090,1090,1090,1090,0
2022-11-07 09:44:00,1090,1090,1090,1090,0
2022-11-07 09:45:00,1090,1090,1090,1090,0
2022-11-07 09:46:00,1090,1090,1090,1090,0
2022-11-07 09:47:00,1090,1090,1090,1090,0
2022-11-07 09:48:00,1090,1090,1090,1090,0
2022-11-07 09:49:00,1090,1090,1090,1090,0
2022-11-07 09:50:00,1090,1090,1090,1090,0
2022-11-07 09:51:00,1090,1090,1090,1090,0
2022-11-07 09:52:00,1090,1090,1090,1090,0
2022-11-07 09:53:00,1090,1090,1090,1090,0
2022-11-07 09:54:00,1090,1090,1090,1090,0
2022-11-07 09:55:00,1090,1090,1090,1090,0
2022-11-07 09:56:00,1090,1090,1090,1090,0
2022-11-07 09:57:00,1090,1090,1090,1090,0
2022-11-07 09:58:00,1090,1090,1090,1090,0
2022-11-07 09:59:00,1090,1090,1090,1090,0
2022-11-07 10:00:00,1090,1090,1090,1090,0
2022-11-07 10:01:00,1090,1090,1090,1090,0
2022-11-07 10:02:00,1090,1090,1090,1090,0
2022-11-07 10:03:00,1090,1090,1090,1090,0
2022-11-07 10:04:00,1090,1090,1090,1090,0
2022-11-07 10:05:00,1090,1090,1090,1090,0
2022-11-07 10:06:00,1090,1090,1090,1090,0
2022-11-07 10:07:00,1090,1090,1090,1090,0
2022-11-07 10:08:00,1090,1090,1090,1090,0
2022-11-07 10:09:00,1090,1090,1090,1090,0
2022-11-07 10:10:00,1090,1090,1090,1090,0
2022-11-07 10:11:00,1090,1090,1090,1090,0
2022-11-07 10:12:00,1090,1090,1090,1090,0
2022-11-07 10:13:00,1090,1090,1090,1090,0
2022-11-07 10:14:00,1090,1090,1090,1090,0
2022-11-07 10:15:00,1090,1090,1090,1090,0
2022-11-07 10:16:00,1090,1090,1090,1090,0
2022-11-07 10:17:00,1090,1090,1090,1090,0
2022-11-07 10:18:00,1090,1090,1090,1090,0
2022-11-07 10:19:00,1090,1090,1090,1090,0
2022-11-07 10:20:00,1090,1090,1090,1090,0
2022-11-07 10:21:00,1090,1090,1090,1090,0
2022-11-07 10:22:00,1090,1090,1090,1090,0
2022-11-07 10:23:00,1090,1090,1090,1090,0
2022-11-07 10:24:00,1090,1090,1090,1090,0
2022-11-07 10:25:00,1090,1090,1090,1090,0
2022-11-07 10:26:00,1090,1090,1090,1090,0
2022-11-07 10:27:00,1090,1090,1090,1090,0
2022-11-07 10:28:00,1090,1090,1090,1090,0
2022-11-07 10:29:00,1090,1090,1090,1090,0
2022-11-07 10:30:00,1090,1090,1090,1090,0
2022-11-07 10:31:00,1090,1090,1090,1090,0
2022-11-07 10:32:00,1090,1090,1090,1090,0
2022-11-07 10:33:00,1090,1090,1090,1090,0
2022-11-07 10:34:00,1090,1090,1090,1090,0
2022-11-07 10:35:00,1090,1090,1090,1090,0
2022-11-07 10:36:00,1090,1090,1090,1090,0
2022-11-07 10:37:00,1090,1090,1090,1090,0
2022-11-07 10:38:00,1090,1090,1090,1090,0
2022-11-07 10:39:00,1090,1090,1090,1090,0
2022-11-07 10:40:00,1090,1090,1090,1090,0
2022-11-07 10:41:00,1090,1090,1090,1090,0
2022-11-07 10:42:00,1090,1090,1090,1090,0
2022-11-07 10:43:00,1090,1090,1090,1090,0
2022-11-07 10:44:00,1090,1090,1090,1090,0
2022-11-07 10:45:00,1090,1090,1090,1090,0
2022-11-07 10:46:00,1090,1090,1090,1090,0
2022-11-07 10:47:00,1090,1090,1090,1090,0
2022-11-07 10:48:00,1090,1090,1090,1090,0
2022-11-07 10:49:00,1090,1090,1090,1090,0
2022-11-07 10:50:00,1090,1090,1090,1090,0
2022-11-07 10:51:00,1090,1090,1090,1090,0
2022-11-07 10:52:00,1090,1090,1090,1090,0
2022-11-07 10:53:00,1090,1090,1090,1090,0
2022-11-07 10:54:00,1090,1090,1090,1090,0
2022-11-07 10:55:00,1090,1090,1090,1090,0
2022-11-07 10:56:00,1090,1090,1090,1090,0
2022-11-07 10:57:00,1090,1090,1090,1090,0
2022-11-07 10:58:00,1090,1090,1090,1090,0
2022-11-07 10:59:00,1090,1090,1090,1090,0
2022-11-07 11:00:00,1090,1090,1090,1090,0
2022-11-07 11:01:00,1090,1090,1090,1090,0
2022-11-07 11:02:00,1090,1090,1090,1090,0
2022-11-07 11:03:00,1090,1090,1090,1090,0
2022-11-07 11:04:00,1090,1090,1090,1090,0
2022-11-07 11:05:00,1090,1090,1090,1090,0
2022-11-07 11:06:00,1090,1090,1090,1090,0
2022-11-07 11:07:00,1090,1090,1090,1090,0
2022-11-07 11:08:00,1090,1090,1090,1090,0
2022-11-07 11:09:00,1090,1090,1090,1090,0
2022-11-07 11:10:00,1090,1090,1090,1090,0
2022-11-07 11:11:00,1090,1090,1090,1090,0
2022-11-07 11:12:00,1090,1090,1090,1090,0
2022-11-07 11:13:00,1090,1090,1090,1090,0
2022-11-07 11:14:00,1090,1090,1090,1090,0
2022-11-07 11:15:00,1090,1090,1090,1090,0
2022-11-07 11:16:00,1090,1090,1090,1090,0
2022-11-07 11:17:00,1090,1090,1090,1090,0
2022-11-07 11:18:00,1090,1090,1090,1090,0
2022-11-07 11:19:00,1090,1090,1090,1090,0
2022-11-07 11:20:00,1090,1090,1090,1090,0
2022-11-07 11:21:00,1090,1090,1090,1090,0
2022-11-07 11:22:00,1090,1090,1090,1090,0
2022-11-07 11:23:00,1090,1090,1090,1090,0
2022-11-07 11:24:00,1090,1090,1090,1090,0
2022-11-07 11:25:00,1090,1090,1090,1090,0
2022-11-07 11:26:00,1090,1090,1090,1090,0
2022-11-07 11:27:00,1090,1090,1090,1090,0
2022-11-07 11:28:00,1090,1090,1090,1090,0
2022-11-07 11:29:00,1090,1090,1090,1090,0
2022-11-07 11:30:00,1090,1090,1090,1090,0
2022-11-07 11:31:00,1090,1090,1090,1090,0
2022-11-07 11:32:00,1090,1090,1090,1090,0
2022-11-07 11:33:00,1090,1090,1090,1090,0
2022-11-07 11:34:00,1090,1090,1090,1090,0
2022-11-07 11:35:00,1090,1090,1090,1090,0
2022-11-07 11:36:00,1090,1090,1090,1090,0
2022-11-07 11:37:00,1090,1090,1090,1090,0
2022-11-07 11:38:00,1090,1090,1090,1090,0
2022-11-07 11:39:00,1090,1090,1090,1090,0
2022-11-07 11:40:00,1090,1090,1090,1090,0
2022-11-07 11:41:00,1090,1090,1090,1090,0
2022-11-07 11:42:00,1090,1090,1090,1090,0
2022-11-07 11:43:00,1090,1090,1090,1090,0
2022-11-07 11:44:00,1090,1090,1090,1090,0
2022-11-07 11:45:00,1090,1090,1090,1090,0
2022-11-07 11:46:00,1090,1090,1090,1090,0
2022-11-07 11:47:00,1090,1090,1090,1090,0
2022-11-07 11:48:00,1090,1090,1090,1090,0
2022-11-07 11:49:00,1090,1090,1090,1090,0
2022-11-07 11:50:00,1090,1090,1090,1090,0
2022-11-07 11:51:00,1090,1090,1090,1090,0
2022-11-07 11:52:00,1090,1090,1090,1090,0
2022-11-07 11:53:00,1090,1090,1090,1090,0
2022-11-07 11:54:00,1090,1090,1090,1090,0
2022-11-07 11:55:00,1090,1090,1090,1090,0
2022-11-07 11:56:00,1090,1090,1090,1090,0
2022-11-07 11:57:00,1090,1090,1090,1090,0
2022-11-07 11:58:00,1090,1090,1090,1090,0
2022-11-07 11:59:00,1090,1090,1090,1090,0
2022-11-07 12:00:00,1090,1090,1090,1090,0
2022-11-07 12:01:00,1090,1090,1090,1090,0
2022-11-07 12:02:00,1090,1090,1090,1090,0
2022-11-07 12:03:00,1090,1090,1090,1090,0
2022-11-07 12:04:00,1090,1090,1090,1090,0
2022-11-07 12:05:00,1090,1090,1090,1090,0
2022-11-07 12:06:00,1090,1090,1090,1090,0
2022-11-07 12:07:00,1090,1090,1090,1090,0
2022-11-07 12:08:00,1090,1090,1090,1090,0
2022-11-07 12:09:00,1090,1090,1090,1090,0
2022-11-07 12:10:00,1090,1090,1090,1090,0
2022-11-07 12:11:00,1090,1090,1090,1090,0
2022-11-07 12:12:00,1090,1090,1090,1090,0
2022-11-07 12:13:00,1090,1090,1090,1090,0
2022-11-07 12:14:00,1090,1090,1090,1090,0
2022-11-07 12:15:00,1090,1090,1090,1090,0
2022-11-07 12:16:00,1090,1090,1090,1090,0
2022-11-07 12:17:00,1090,1090,1090,1090,0
2022-11-07 12:18:00,1090,1090,1090,1090,0
2022-11-07 12:19:00,1090,1090,1090,1090,0
2022-11-07 12:20:00,1090,1090,1090,1090,0
2022-11-07 12:21:00,1090,1090,1090,1090,0
2022-11-07 12:22:00,1090,1090,1090,1090,0
2022-11-07 12:23:00,1090,1090,1090,1090,0
2022-11-07 12:24:00,1090,1090,1090,1090,0
2022-11-07 12:25:00,1090,1090,1090,1090,0
2022-11-07 12:26:00,1090,1090,1090,1090,0
2022-11-07 12:27:00,1090,1090,1090,1090,0
2022-11-07 12:28:00,1090,1090,1090,1090,0
2022-11-07 12:29:00,1090,1090,1090,1090,0
2022-11-07 12:30:00,1090,1090,1090,1090,0
2022-11-07 12:31:00,1090,1090,1090,1090,0
2022-11-07 12:32:00,1090,1090,1090,1090,0
2022-11-07 12:33:00,1090,1090,1090,1090,0
2022-11-07 12:34:00,1090,1090,1090,1090,0
2022-11-07 12:35:00,1090,1090,1090,1090,0
2022-11-07 12:36:00,1090,1090,1090,1090,0
2022-11-07 12:37:00,1090,1090,1090,1090,0
2022-11-07 12:38:00,1090,1090,1090,1090,0
2022-11-07 12:39:00,1090,1090,1090,1090,0
2022-11-07 12:40:00,1090,1090,1090,1090,0
2022-11-07 12:41:00,1090,1090,1090,1090,0
2022-11-07 12:42:00,1090,1090,1090,1090,0
2022-11-07 12:43:00,1090,1090,1090,1090,0
2022-11-07 12:44:00,1090,1090,1090,1090,0
2022-11-07 12:45:00,1090,1090,1090,1090,0
2022-11-07 12:46:00,1090,1090,1090,1090,0
2022-11-07 12:47:00,1090,1090,1090,1090,0
2022-11-07 12:48:00,1090,1090,1090,1090,0
2022-11-07 12:49:00,1090,1090,1090,1090,0
2022-11-07 12:50:00,1090,1090,1090,1090,0
2022-11-07 12:51:00,1090,1090,1090,1090,0
2022-11-07 12:52:00,1090,1090,1090,1090,0
2022-11-07 12:53:00,1090,1090,1090,1090,0
2022-11-07 12:54:00,1090,1090,1090,1090,0
2022-11-07 12:55:00,1090,1090,1090,1090,0
2022-11-07 12:56:00,1090,1090,1090,1090,0
2022-11-07 12:57:00,1090,1090,1090,1090,0
2022-11-07 12:58:00,1090,1090,1090,1090,0
2022-11-07 12:59:00,1090,1090,1090,1090,0
2022-11-07 13:00:00,1090,1090,1090,1090,0
2022-11-07 13:01:00,1090,1090,1090,1090,0
2022-11-07 13:02:00,1090,1090,1090,1090,0
2022-11-07 13:03:00,1090,1090,1090,1090,0
2022-11-07 13:04:00,1090,1090,1090,1090,0
2022-11-07 13:05:00,1090,1090,1090,1090,0
2022-11-07 13:06:00,1090,1090,1090,1090,0
2022-11-07 13:07:00,1090,1090,1090,1090,0
2022-11-07 13:08:00,1090,1090,1090,1090,0
2022-11-07 13:09:00,1090,1090,1090,1090,0
2022-11-07 13:10:00,1090,1090,1090,1090,0
2022-11-07 13:11:00,1090,1090,1090,1090,0
2022-11-07 13:12:00,1090,1090,1090,1090,0
2022-11-07 13:13:00,1090,1090,1090,1090,0
2022-11-07 13:14:00,1090,1090,1090,1090,0
2022-11-07 13:15:00,1090,1090,1090,1090,0
2022-11-07 13:16:00,1090,1090,1090,1090,0
2022-11-07 13:17:00,1090,1090,1090,1090,0
2022-11-07 13:18:00,1090,1090,1090,1090,0
2022-11-07 13:19:00,1090,1090,1090,1090,0
2022-11-07 13:20:00,1090,1090,1090,1090,0
2022-11-07 13:21:00,1090,1090,1090,1090,0
2022-11-07 13:22:00,1090,1090,1090,1090,0
2022-11-07 13:23:00,1090,1090,1090,1090,0
2022-11-07 13:24:00,1090,1090,1090,1090,0
2022-11-07 13:25:00,1090,1090,1090,1090,0
2022-11-07 13:26:00,1090,1090,1090,1090,0
2022-11-07 13:27:00,1090,1090,1090,1090,0
2022-11-07 13:28:00,1090,1090,1090,1090,0
2022-11-07 13:29:00,1090,1090,1090,1090,0
2022-11-07 13:30:00,1090,1090,1090,1090,0
2022-11-07 13:31:00,1090,1090,1090,1090,0
2022-11-07 13:32:00,1090,1090,1090,1090,0
2022-11-07 13:33:00,1090,1090,1090,1090,0
2022-11-07 13:34:00,1090,1090,1090,1090,0
2022-11-07 13:35:00,1090,1090,1090,1090,0
2022-11-07 13:36:00,1090,1090,1090,1090,0
2022-11-07 13:37:00,1090,1090,1090,1090,0
2022-11-07 13:38:00,1090,1090,1090,1090,0
2022-11-07 13:39:00,1090,1090,1090,1090,0
2022-11-07 13:40:00,1090,1090,1090,1090,0
2022-11-07 13:41:00,1090,1090,1090,1090,0
2022-11-07 13:42:00,1090,1090,1090,1090,0
2022-11-07 13:43:00,1090,1090,1090,1090,0
2022-11-07 13:44:00,1090,1090,1090,1090,0
2022-11-07 13:45:00,1090,1090,1090,1090,0
2022-11-07 13:46:00,1090,1090,1090,1090,0
2022-11-07 13:47:00,1090,1090,1090,1090,0
2022-11-07 13:48:00,1090,1090,1090,1090,0
2022-11-07 13:49:00,1090,1090,1090,1090,0
2022-11-07 13:50:00,1090,1090,1090,1090,0
2022-11-07 13:51:00,1090,1090,1090,1090,0
2022-11-07 13:52:00,1090,1090,1090,1090,0
2022-11-07 13:53:00,1090,1090,1090,1090,0
2022-11-07 13:54:00,1090,1090,1090,1090,0
2022-11-07 13:55:00,1090,1090,1090,1090,0
2022-11-07 13:56:00,1090,1090,1090,1090,0
2022-11-07 13:57:00,1090,1090,1090,1090,0
2022-11-07 13:58:00,1090,1090,1090,1090,0
2022-11-07 13:59:00,1090,1090,1090,1090,0
2022-11-07 14:00:00,1090,1090,1090,1090,0
2022-11-07 14:01:00,1090,1090,1090,1090,0
2022-11-07 14:02:00,1090,1090,1090,1090,0
2022-11-07 14:03:00,1090,1090,1090,1090,0
2022-11-07 14:04:00,1090,1090,1090,1090,0
2022-11-07 14:05:00,1090,1090,1090,1090,0
2022-11-07 14:06:00,1090,1090,1090,1090,0
2022-11-07 14:07:00,1090,1090,1090,1090,0
2022-11-07 14:08:00,1090,1090,1090,1090,0
2022-11-07 14:09:00,1090,1090,1090,1090,0
2022-11-07 14:10:00,1090,1090,1090,1090,0
2022-11-07 14:11:00,1090,1090,1090,1090,0
2022-11-07 14:12:00,1090,1090,1090,1090,0
2022-11-07 14:13:00,1090,1090,1090,1090,0
2022-11-07 14:14:00,1090,1090,1090,1090,0
2022-11-07 14:15:00,1090,1090,1090,1090,0
2022-11-07 14:16:00,1090,1090,1090,1090,0
2022-11-07 14:17:00,1090,1090,1090,1090,0
2022-11-07 14:18:00,1090,1090,1090,1090,0
2022-11-07 14:19:00,1090,1090,1090,1090,0
2022-11-07 14:20:00,1090,1090,1090,1090,0
2022-11-07 14:21:00,1090,1090,1090,1090,0
2022-11-07 14:22:00,1090,1090,1090,1090,0
2022-11-07 14:23:00,1090,1090,1090,1090,0
2022-11-07 14:24:00,1090,1090,1090,1090,0
2022-11-07 14:25:00,1090,1090,1090,1090,0
2022-11-07 14:26:00,1090,1090,1090,1090,0
2022-11-07 14:27:00,1090,1090,1090,1090,0
2022-11-07 14:28:00,1090,1090,1090,1090,0
2022-11-07 14:29:00,1090,1090,1090,1090,0
2022-11-07 14:30:00,1090,1090,1090,1090,0
2022-11-07 14:31:00,1090,1090,1090,1090,0
2022-11-07 14:32:00,1090,1090,1090,1090,0
2022-11-07 14:33:00,1090,1090,1090,1090,0
2022-11-07 14:34:00,1090,1090,1090,1090,0
2022-11-07 14:35:00,1090,1090,1090,1090,0
2022-11-07 14:36:00,1090,1090,1090,1090,0
2022-11-07 14:37:00,1090,1090,1090,1090,0
2022-11-07 14:38:00,1090,1090,1090,1090,0
2022-11-07 14:39:00,1090,1090,1090,1090,0
2022-11-07 14:40:00,1090,1090,1090,1090,0
2022-11-07 14:41:00,1090,1090,1090,1090,0
2022-11-07 14:42:00,1090,1090,1090,1090,0
2022-11-07 14:43:00,1090,1090,1090,1090,0
2022-11-07 14:44:00,1090,1090,1090,1090,0
2022-11-07 14:45:00,1090,1090,1090,1090,0
2022-11-07 14:46:00,1090,1090,1090,1090,0
2022-11-07 14:47:00,1090,1090,1090,1090,0
2022-11-07 14:48:00,1090,1090,1090,1090,0
2022-11-07 14:49:00,1090,1090,1090,1090,0
2022-11-07 14:50:00,1090,1090,1090,1090,0
2022-11-07 14:51:00,1090,1090,1090,1090,0
2022-11-07 14:52:00,1090,1090,1090,1090,0
2022-11-07 14:53:00,1090,1090,1090,1090,0
2022-11-07 14:54:00,1090,1090,1090,1090,0
2022-11-07 14:55:00,1090,1090,1090,1090,0
2022-11-07 14:56:00,1090,1090,1090,1090,0
2022-11-07 14:57:00,1090,1090,1090,1090,0
2022-11-07 14:58:00,1090,1090,1090,1090,0
2022-11-07 14:59:00,1090,1090,1090,1090,0
2022-11-07 15:00:00,1090,1090,1090,1090,0
2022-11-07 15:01:00,1090,1090,1090,1090,0
2022-11-07 15:02:00,1090,1090,1090,1090,0
2022-11-07 15:03:00,1090,1090,1090,1090,0
2022-11-07 15:04:00,1090,1090,1090,1090,0
2022-11-07 15:05:00,1090,1090,1090,1090,0
2022-11-07 15:06:00,1090,1090,1090,1090,0
2022-11-07 15:07:00,1090,1090,1090,1090,0
2022-11-07 15:08:00,1090,1090,1090,1090,0
2022-11-07 15:09:00,1090,1090,1090,1090,0
2022-11-07 15:10:00,1090,1090,1090,1090,0
2022-11-07 15:11:00,1090,1090,1090,1090,0
2022-11-07 15:12:00,1090,1090,1090,1090,0
2022-11-07 15:13:00,1090,1090,1090,1090,0
2022-11-07 15:14:00,1090,1090,1090,1090,0
2022-11-07 15:15:00,1090,1090,1090,1090,0
2022-11-07 15:16:00,1090,1090,1090,1090,0
2022-11-07 15:17:00,1090,1090,1090,1090,0
2022-11-07 15:18:00,1090,1090,1090,1090,0
2022-11-07 15:19:00,1090,1090,1090,1090,0
2022-11-07 15:20:00,1090,1090,1090,1090,0
2022-11-07 15:21:00,1090,1090,1090,1090,0
2022-11-07 15:22:00,1090,1090,1090,1090,0
2022-11-07 15:23:00,1090,1090,1090,1090,0
2022-11-07 15:24:00,1090,1090,1090,1090,0
2022-11-07 15:25:00,1090,1090,1090,1090,0
2022-11-07 15:26:00,1090,1090,1090,1090,0
2022-11-07 15:27:00,1090,1090,1090,1090,0
2022-11-07 15:28:00,1090,1090,1090,1090,0
2022-11-07 15:29:00,1090,1090,1090,1090,0
2022-11-07 15:30:00,1090,1090,1090,1090,0
2022-11-07 15:31:00,1090,1090,1090,1090,0
2022-11-07 15:32:00,1090,1090,1090,1090,0
2022-11-07 15:33:00,1090,1090,1090,1090,0
2022-11-07 15:34:00,1090,1090,1090,1090,0
2022-11-07 15:35:00,1090,1090,1090,1090,0
2022-11-07 15:36:00,1090,1090,1090,1090,0
2022-11-07 15:37:00,1090,1090,1090,1090,0
2022-11-07 15:38:00,1090,1090,1090,1090,0
2022-11-07 15:39:00,1090,1090,1090,1090,0
2022-11-07 15:40:00,1090,1090,1090,1090,0
2022-11-07 15:41:00,1090,1090,1090,1090,0
2022-11-07 15:42:00,1090,1090,1090,1090,0
2022-11-07 15:43:00,1090,1090,1090,1090,0
2022-11-07 15:44:00,1090,1090,1090,1090,0
2022-11-07 15:45:00,1090,1090,1090,1090,0
2022-11-07 15:46:00,1090,1090,1090,1090,0
2022-11-07 15:47:00,1090,1090,1090,1090,0
2022-11-07 15:48:00,1090,1090,1090,1090,0
2022-11-07 15:49:00,1090,1090,1090,1090,0
2022-11-07 15:50:00,1090,1090,1090,1090,0
2022-11-07 15:51:00,1090,1090,1090,1090,0
2022-11-07 15:52:00,1090,1090,1090,1090,0
2022-11-07 15:53:00,1090,1090,1090,1090,0
2022-11-07 15:54:00,1090,1090,1090,1090,0
2022-11-07 15:55:00,1090,1090,1090,1090,0
2022-11-07 15:56:00,1090,1090,1090,1090,0
2022-11-07 15:57:00,1090,1090,1090,1090,0
2022-11-07 15:58:00,1090,1090,1090,1090,0
2022-11-07 15:59:00,1090,1090,1090,1090,0
2022-11-08 09:00:00,1090,1090,1090,1090,0
2022-11-08 09:01:00,1090,1090,1090,1090,0
2022-11-08 09:02:00,1090,1090,1090,1090,0
2022-11-08 09:03:00,1090,1090,1090,1090,0
2022-11-08 09:04:00,1090,1090,1090,1090,0
2022-11-08 09:05:00,1090,1090,1090,1090,0
2022-11-08 09:06:00,1090,1090,1090,1090,0
2022-11-08 09:07:00,1090,1090,1090,1090,0
2022-11-08 09:08:00,1090,1090,1090,1090,0
2022-11-08 09:09:00,1090,1090,1090,1090,0
2022-11-08 09:10:00,1090,1090,1090,1090,0
2022-11-08 09:11:00,1090,1090,1090,1090,0
2022-11-08 09:12:00,1090,1090,1090,1090,0
2022-11-08 09:13:00,1090,1090,1090,1090,0
2022-11-08 09:14:00,1090,1090,1090,1090,0
2022-11-08 09:15:00,1090,1090,1090,1090,0
2022-11-08 09:16:00,1090,1090,1090,1090,0
2022-11-08 09:17:00,1090,1090,1090,1090,0
2022-11-08 09:18:00,1090,1090,1090,1090,0
2022-11-08 09:19:00,1090,1090,1090,1090,0
2022-11-08 09:20:00,1090,1090,1090,1090,0
2022-11-08 09:21:00,1090,1090,1090,1090,0
2022-11-08 09:22:00,1090,1090,1090,1090,0
2022-11-08 09:23:00,1090,1090,1090,1090,0
2022-11-08 09:24:00,1090,1090,1090,1090,0
2022-11-08 09:25:00,1090,1090,1090,1090,0
2022-11-08 09:26:00,1090,1090,1090,1090,0
2022-11-08 09:27:00,1090,1090,1090,1090,0
2022-11-08 09:28:00,1090,1090,1090,1090,0
2022-11-08 09:29:00,1090,1090,1090,1090,0
2022-11-08 09:30:00,1090,1090,1090,1090,0
2022-11-08 09:31:00,1090,1090,1090,1090,0
2022-11-08 09:32:00,1090,1090,1090,1090,0
2022-11-08 09:33:00,1090,1090,1090,1090,0
2022-11-08 09:34:00,1090,1090,1090,1090,0
2022-11-08 09:35:00,1090,1090,1090,1090,0
2022-11-08 09:36:00,1090,1090,1090,1090,0
2022-11-08 09:37:00,1090,1090,1090,1090,0
2022-11-08 09:38:00,1090,1090,1090,1090,0
2022-11-08 09:39:00,1090,1090,1090,1090,0
2022-11-08 09:40:00,1090,1090,1090,1090,0
2022-11-08 09:41:00,1090,1090,1090,1090,0
2022-11-08 09:42:00,1090,1090,1090,1090,0
2022-11-08 09:43:00,1090,1090,1090,1090,0
2022-11-08 09:44:00,1090,1090,1090,1090,0
2022-11-08 09:45:00,1090,1090,1090,1090,0
2022-11-08 09:46:00,1090,1090,1090,1090,0
2022-11-08 09:47:00,1090,1090,1090,1090,0
2022-11-08 09:48:00,1090,1090,1090,1090,0
2022-11-08 09:49:00,1090,1090,1090,1090,0
2022-11-08 09:50:00,1090,1090,1090,1090,0
2022-11-08 09:51:00,1090,1090,1090,1090,0
2022-11-08 09:52:00,1090,1090,1090,1090,0
2022-11-08 09:53:00,1090,1090,1090,1090,0
2022-11-08 09:54:00,1090,1090,1090,1090,0
2022-11-08 09:55:00,1090,1090,1090,1090,0
2022-11-08 09:56:00,1090,1090,1090,1090,0
2022-11-08 09:57:00,1090,1090,1090,1090,0
2022-11-08 09:58:00,1090,1090,1090,1090,0
2022-11-08 09:59:00,1090,1090,1090,1090,0
2022-11-08 10:00:00,1090,1090,1090,1090,0
2022-11-08 10:01:00,1090,1090,1090,1090,0
2022-11-08 10:02:00,1090,1090,1090,1090,0
2022-11-08 10:03:00,1090,1090,1090,1090,0
2022-11-08 10:04:00,1090,1090,1090,1090,0
2022-11-08 10:05:00,1090,1090,1090,1090,0
2022-11-08 10:06:00,1090,1090,1090,1090,0
2022-11-08 10:07:00,1090,1090,1090,1090,0
2022-11-08 10:08:00,1090,1090,1090,1090,0
2022-11-08 10:09:00,1090,1090,1090,1090,0
2022-11-08 10:10:00,1090,1090,1090,1090,0
2022-11-08 10:11:00,1090,1090,1090,1090,0
2022-11-08 10:12:00,1090,1090,1090,1090,0
2022-11-08 10:13:00,1090,1090,1090,1090,0
2022-11-08 10:14:00,1090,1090,1090,1090,0
2022-11-08 10:15:00,1090,1090,1090,1090,0
2022-11-08 10:16:00,1090,1090,1090,1090,0
2022-11-08 10:17:00,1090,1090,1090,1090,0
2022-11-08 10:18:00,1090,1090,1090,1090,0
2022-11-08 10:19:00,1090,1090,1090,1090,0
2022-11-08 10:20:00,1090,1090,1090,1090,0
2022-11-08 10:21:00,1090,1090,1090,1090,0
2022-11-08 10:22:00,1090,1090,1090,1090,0
2022-11-08 10:23:00,1090,1090,1090,1090,0
2022-11-08 10:24:00,1090,1090,1090,1090,0
2022-11-08 10:25:00,1090,1090,1090,1090,0
2022-11-08 10:26:00,1090,1090,1090,1090,0
2022-11-08 10:27:00,1090,1090,1090,1090,0
2022-11-08 10:28:00,1090,1090,1090,1090,0
2022-11-08 10:29:00,1090,1090,1090,1090,0
2022-11-08 10:30:00,1090,1090,1090,1090,0
2022-11-08 10:31:00,1090,1090,1090,1090,0
2022-11-08 10:32:00,1090,1090,1090,1090,0
2022-11-08 10:33:00,1090,1090,1090,1090,0
2022-11-08 10:34:00,1090,1090,1090,1090,0
2022-11-08 10:35:00,1090,1090,1090,1090,0
2022-11-08 10:36:00,1090,1090,1090,1090,0
2022-11-08 10:37:00,1090,1090,1090,1090,0
2022-11-08 10:38:00,1090,1090,1090,1090,0
2022-11-08 10:39:00,1090,1090,1090,1090,0
2022-11-08 10:40:00,1090,1090,1090,1090,0
2022-11-08 10:41:00,1090,1090,1090,1090,0
2022-11-08 10:42:00,1090,1090,1090,1090,0
2022-11-08 10:43:00,1090,1090,1090,1090,0
2022-11-08 10:44:00,1090,1090,1090,1090,0
2022-11-08 10:45:00,1090,1090,1090,1090,0
2022-11-08 10:46:00,1090,1090,1090,1090,0
2022-11-08 10:47:00,1090,1090,1090,1090,0
2022-11-08 10:48:00,1090,1090,1090,1090,0
2022-11-08 10:49:00,1090,1090,1090,1090,0
2022-11-08 10:50:00,1090,1090,1090,1090,0
2022-11-08 10:51:00,1090,1090,1090,1090,0
2022-11-08 10:52:00,1090,1090,1090,1090,0
2022-11-08 10:53:00,1090,1090,1090,1090,0
2022-11-08 10:54:00,1090,1090,1090,1090,0
2022-11-08 10:55:00,1090,1090,1090,1090,0
2022-11-08 10:56:00,1090,1090,1090,1090,0
2022-11-08 10:57:00,1090,1090,1090,1090,0
2022-11-08 10:58:00,1090,1090,1090,1090,0
2022-11-08 10:59:00,1090,1090,1090,1090,0
2022-11-08 11:00:00,1090,1090,1090,1090,0
2022-11-08 11:01:00,1090,1090,1090,1090,0
2022-11-08 11:02:00,1090,1090,1090,1090,0
2022-11-08 11:03:00,1090,1090,1090,1090,0
2022-11-08 11:04:00,1090,1090,1090,1090,0
2022-11-08 11:05:00,1090,1090,1090,1090,0
2022-11-08 11:06:00,1090,1090,1090,1090,0
2022-11-08 11:07:00,1090,1090,1090,1090,0
2022-11-08 11:08:00,1090,1090,1090,1090,0
2022-11-08 11:09:00,1090,1090,1090,1090,0
2022-11-08 11:10:00,1090,1090,1090,1090,0
2022-11-08 11:11:00,1090,1090,1090,1090,0
2022-11-08 11:12:00,1090,1090,1090,1090,0
2022-11-08 11:13:00,1090,1090,1090,1090,0
2022-11-08 11:14:00,1090,1090,1090,1090,0
2022-11-08 11:15:00,1090,1090,1090,1090,0
2022-11-08 11:16:00,1090,1090,1090,1090,0
2022-11-08 11:17:00,1090,1090,1090,1090,0
2022-11-08 11:18:00,1090,1090,1090,1090,0
2022-11-08 11:19:00,1090,1090,1090,1090,0
2022-11-08 11:20:00,1090,1090,1090,1090,0
2022-11-08 11:21:00,1090,1090,1090,1090,0
2022-11-08 11:22:00,1090,1090,1090,1090,0
2022-11-08 11:23:00,1090,1090,1090,1090,0
2022-11-08 11:24:00,1090,1090,1090,1090,0
2022-11-08 11:25:00,1090,1090,1090,1090,0
2022-11-08 11:26:00,1090,1090,1090,1090,0
2022-11-08 11:27:00,1090,1090,1090,1090,0
2022-11-08 11:28:00,1090,1090,1090,1090,0
2022-11-08 11:29:00,1090,1090,1090,1090,0
2022-11-08 11:30:00,1090,1090,1090,1090,0
2022-11-08 11:31:00,1090,1090,1090,1090,0
2022-11-08 11:32:00,1090,1090,1090,1090,0
2022-11-08 11:33:00,1090,1090,1090,1090,0
2022-11-08 11:34:00,1090,1090,1090,1090,0
2022-11-08 11:35:00,1090,1090,1090,1090,0
2022-11-08 11:36:00,1090,1090,1090,1090,0
2022-11-08 11:37:00,1090,1090,1090,1090,0
2022-11-08 11:38:00,1090,1090,1090,1090,0
2022-11-08 11:39:00,1090,1090,1090,1090,0
2022-11-08 11:40:00,1090,1090,1090,1090,0
2022-11-08 11:41:00,1090,1090,1090,1090,0
2022-11-08 11:42:00,1090,1090,1090,1090,0
2022-11-08 11:43:00,1090,1090,1090,1090,0
2022-11-08 11:44:00,1090,1090,1090,1090,0
2022-11-08 11:45:00,1090,1090,1090,1090,0
2022-11-08 11:46:00,1090,1090,1090,1090,0
2022-11-08 11:47:00,1090,1090,1090,1090,0
2022-11-08 11:48:00,1090,1090,1090,1090,0
2022-11-08 11:49:00,1090,1090,1090,1090,0
2022-11-08 11:50:00,1090,1090,1090,1090,0
2022-11-08 11:51:00,1090,1090,1090,1090,0
2022-11-08 11:52:00,1090,1090,1090,1090,0
2022-11-08 11:53:00,1090,1090,1090,1090,0
2022-11-08 11:54:00,1090,1090,1090,1090,0
2022-11-08 11:55:00,1090,1090,1090,1090,0
2022-11-08 11:56:00,1090,1090,1090,1090,0
2022-11-08 11:57:00,1090,1090,1090,1090,0
2022-11-08 11:58:00,1090,1090,1090,1090,0
2022-11-08 11:59:00,1090,1090,1090,1090,0
2022-11-08 12:00:00,1090,1090,1090,1090,0
2022-11-08 12:01:00,1090,1090,1090,1090,0
2022-11-08 12:02:00,1090,1090,1090,1090,0
2022-11-08 12:03:00,1090,1090,1090,1090,0
2022-11-08 12:04:00,1090,1090,1090,1090,0
2022-11-08 12:05:00,1090,1090,1090,1090,0
2022-11-08 12:06:00,1090,1090,1090,1090,0
2022-11-08 12:07:00,1090,1090,1090,1090,0
2022-11-08 12:08:00,1090,1090,1090,1090,0
2022-11-08 12:09:00,1090,1090,1090,1090,0
2022-11-08 12:10:00,1090,1090,1090,1090,0
2022-11-08 12:11:00,1090,1090,1090,1090,0
2022-11-08 12:12:00,1090,1090,1090,1090,0
2022-11-08 12:13:00,1090,1090,1090,1090,0
2022-11-08 12:14:00,1090,1090,1090,1090,0
2022-11-08 12:15:00,1090,1090,1090,1090,0
2022-11-08 12:16:00,1090,1090,1090,1090,0
2022-11-08 12:17:00,1090,1090,1090,1090,0
2022-11-08 12:18:00,1090,1090,1090,1090,0
2022-11-08 12:19:00,1090,1090,1090,1090,0
2022-11-08 12:20:00,1090,1090,1090,1090,0
2022-11-08 12:21:00,1090,1090,1090,1090,0
2022-11-08 12:22:00,1090,1090,1090,1090,0
2022-11-08 12:23:00,1090,1090,1090,1090,0
2022-11-08 12:24:00,1090,1090,1090,1090,0
2022-11-08 12:25:00,1090,1090,1090,1090,0
2022-11-08 12:26:00,1090,1090,1090,1090,0
2022-11-08 12:27:00,1090,1090,1090,1090,0
2022-11-08 12:28:00,1090,1090,1090,1090,0
2022-11-08 12:29:00,1090,1090,1090,1090,0
2022-11-08 12:30:00,1090,1090,1090,1090,0
2022-11-08 12:31:00,1090,1090,1090,1090,0
2022-11-08 12:32:00,1090,1090,1090,1090,0
2022-11-08 12:33:00,1090,1090,1090,1090,0
2022-11-08 12:34:00,1090,1090,1090,1090,0
2022-11-08 12:35:00,1090,1090,1090,1090,0
2022-11-08 12:36:00,1090,1090,1090,1090,0
2022-11-08 12:37:00,1090,1090,1090,1090,0
2022-11-08 12:38:00,1090,1090,1090,1090,0
2022-11-08 12:39:00,1090,1090,1090,1090,0
2022-11-08 12:40:00,1090,1090,1090,1090,0
2022-11-08 12:41:00,1090,1090,1090,1090,0
2022-11-08 12:42:00,1090,1090,1090,1090,0
2022-11-08 12:43:00,1090,1090,1090,1090,0
2022-11-08 12:44:00,1090,1090,1090,1090,0
2022-11-08 12:45:00,1090,1090,1090,1090,0
2022-11-08 12:46:00,1090,1090,1090,1090,0
2022-11-08 12:47:00,1090,1090,1090,1090,0
2022-11-08 12:48:00,1090,1090,1090,1090,0
2022-11-08 12:49:00,1090,1090,1090,1090,0
2022-11-08 12:50:00,1090,1090,1090,1090,0
2022-11-08 12:51:00,1090,1090,1090,1090,0
2022-11-08 12:52:00,1090,1090,1090,1090,0
2022-11-08 12:53:00,1090,1090,1090,1090,0
2022-11-08 12:54:00,1090,1090,1090,1090,0
2022-11-08 12:55:00,1090,1090,1090,1090,0
2022-11-08 12:56:00,1090,1090,1090,1090,0
2022-11-08 12:57:00,1090,1090,1090,1090,0
2022-11-08 12:58:00,1090,1090,1090,1090,0
2022-11-08 12:59:00,1090,1090,1090,1090,0
2022-11-08 13:00:00,1090,1090,1090,1090,0
2022-11-08 13:01:00,1090,1090,1090,1090,0
2022-11-08 13:02:00,1090,1090,1090,1090,0
2022-11-08 13:03:00,1090,1090,1090,1090,0
2022-11-08 13:04:00,1090,1090,1090,1090,0
2022-11-08 13:05:00,1090,1090,1090,1090,0
2022-11-08 13:06:00,1090,1090,1090,1090,0
2022-11-08 13:07:00,1090,1090,1090,1090,0
2022-11-08 13:08:00,1090,1090,1090,1090,0
2022-11-08 13:09:00,1090,1090,1090,1090,0
2022-11-08 13:10:00,1090,1090,1090,1090,0
2022-11-08 13:11:00,1090,1090,1090,1090,0
2022-11-08 13:12:00,1090,1090,1090,1090,0
2022-11-08 13:13:00,1090,1090,1090,1090,0
2022-11-08 13:14:00,1090,1090,1090,1090,0
2022-11-08 13:15:00,1090,1090,1090,1090,0
2022-11-08 13:16:00,1090,1090,1090,1090,0
2022-11-08 13:17:00,1090,1090,1090,1090,0
2022-11-08 13:18:00,1090,1090,1090,1090,0
2022-11-08 13:19:00,1090,1090,1090,1090,0
2022-11-08 13:20:00,1090,1090,1090,1090,0
2022-11-08 13:21:00,1090,1090,1090,1090,0
2022-11-08 13:22:00,1090,1090,1090,1090,0
2022-11-08 13:23:00,1090,1090,1090,1090,0
2022-11-08 13:24:00,1090,1090,1090,1090,0
2022-11-08 13:25:00,1090,1090,1090,1090,0
2022-11-08 13:26:00,1090,1090,1090,1090,0
2022-11-08 13:27:00,1090,1090,1090,1090,0
2022-11-08 13:28:00,1090,1090,1090,1090,0
2022-11-08 13:29:00,1090,1090,1090,1090,0
2022-11-08 13:30:00,1090,1090,1090,1090,0
2022-11-08 13:31:00,1090,1090,1090,1090,0
2022-11-08 13:32:00,1090,1090,1090,1090,0
2022-11-08 13:33:00,1090,1090,1090,1090,0
2022-11-08 13:34:00,1090,1090,1090,1090,0
2022-11-08 13:35:00,1090,1090,1090,1090,0
2022-11-08 13:36:00,1090,1090,1090,1090,0
2022-11-08 13:37:00,1090,1090,1090,1090,0
2022-11-08 13:38:00,1090,1090,1090,1090,0
2022-11-08 13:39:00,1090,1090,1090,1090,0
2022-11-08 13:40:00,1090,1090,1090,1090,0
2022-11-08 13:41:00,1090,1090,1090,1090,0
2022-11-08 13:42:00,1090,1090,1090,1090,0
2022-11-08 13:43:00,1090,1090,1090,1090,0
2022-11-08 13:44:00,1090,1090,1090,1090,0
2022-11-08 13:45:00,1090,1090,1090,1090,0
2022-11-08 13:46:00,1090,1090,1090,1090,0
2022-11-08 13:47:00,1090,1090,1090,1090,0
2022-11-08 13:48:00,1090,1090,1090,1090,0
2022-11-08 13:49:00,1090,1090,1090,1090,0
2022-11-08 13:50:00,1090,1090,1090,1090,0
2022-11-08 13:51:00,1090,1090,1090,1090,0
2022-11-08 13:52:00,1090,1090,1090,1090,0
2022-11-08 13:53:00,1090,1090,1090,1090,0
2022-11-08 13:54:00,1090,1090,1090,1090,0
2022-11-08 13:55:00,1090,1090,1090,1090,0
2022-11-08 13:56:00,1090,1090,1090,1090,0
2022-11-08 13:57:00,1090,1090,1090,1090,0
2022-11-08 13:58:00,1090,1090,1090,1090,0
2022-11-08 13:59:00,1090,1090,1090,1090,0
2022-11-08 14:00:00,1090,1090,1090,1090,0
2022-11-08 14:01:00,1090,1090,1090,1090,0
2022-11-08 14:02:00,1090,1090,1090,1090,0
2022-11-08 14:03:00,1090,1090,1090,1090,0
2022-11-08 14:04:00,1090,1090,1090,1090,0
2022-11-08 14:05:00,1090,1090,1090,1090,0
2022-11-08 14:06:00,1090,1090,1090,1090,0
2022-11-08 14:07:00,1090,1090,1090,1090,0
2022-11-08 14:08:00,1090,1090,1090,1090,0
2022-11-08 14:09:00,1090,1090,1090,1090,0
2022-11-08 14:10:00,1090,1090,1090,1090,0
2022-11-08 14:11:00,1090,1090,1090,1090,0
2022-11-08 14:12:00,1090,1090,1090,1090,0
2022-11-08 14:13:00,1090,1090,1090,1090,0
2022-11-08 14:14:00,1090,1090,1090,1090,0
2022-11-08 14:15:00,1090,1090,1090,1090,0
2022-11-08 14:16:00,1090,1090,1090,1090,0
2022-11-08 14:17:00,1090,1090,1090,1090,0
2022-11-08 14:18:00,1090,1090,1090,1090,0
2022-11-08 14:19:00,1090,1090,1090,1090,0
2022-11-08 14:20:00,1090,1090,1090,1090,0
2022-11-08 14:21:00,1090,1090,1090,1090,0
2022-11-08 14:22:00,1090,1090,1090,1090,0
2022-11-08 14:23:00,1090,1090,1090,1090,0
2022-11-08 14:24:00,1090,1090,1090,1090,0
2022-11-08 14:25:00,1090,1090,1090,1090,0
2022-11-08 14:26:00,1090,1090,1090,1090,0
2022-11-08 14:27:00,1090,1090,1090,1090,0
2022-11-08 14:28:00,1090,1090,1090,1090,0
2022-11-08 14:29:00,1090,1090,1090,1090,0
2022-11-08 14:30:00,1090,1090,1090,1090,0
2022-11-08 14:31:00,1090,1090,1090,1090,0
2022-11-08 14:32:00,1090,1090,1090,1090,0
2022-11-08 14:33:00,1090,1090,1090,1090,0
2022-11-08 14:34:00,1090,1090,1090,1090,0
2022-11-08 14:35:00,1090,1090,1090,1090,0
2022-11-08 14:36:00,1090,1090,1090,1090,0
2022-11-08 14:37:00,1090,1090,1090,1090,0
2022-11-08 14:38:00,1090,1090,1090,1090,0
2022-11-08 14:39:00,1090,1090,1090,1090,0
2022-11-08 14:40:00,1090,1090,1090,1090,0
2022-11-08 14:41:00,1090,1090,1090,1090,0
2022-11-08 14:42:00,1090,1090,1090,1090,0
2022-11-08 14:43:00,1090,1090,1090,1090,0
2022-11-08 14:44:00,1090,1090,1090,1090,0
2022-11-08 14:45:00,1090,1090,1090,1090,0
2022-11-08 14:46:00,1090,1090,1090,1090,0
2022-11-08 14:47:00,1090,1090,1090,1090,0
2022-11-08 14:48:00,1090,1090,1090,1090,0
2022-11-08 14:49:00,1090,1090,1090,1090,0
2022-11-08 14:50:00,1090,1090,1090,1090,0
2022-11-08 14:51:00,1090,1090,1090,1090,0
2022-11-08 14:52:00,1090,1090,1090,1090,0
2022-11-08 14:53:00,1090,1090,1090,1090,0
2022-11-08 14:54:00,1090,1090,1090,1090,0
2022-11-08 14:55:00,1090,1090,1090,1090,0
2022-11-08 14:56:00,1090,1090,1090,1090,0
2022-11-08 14:57:00,1090,1090,1090,1090,0
2022-11-08 14:58:00,1090,1090,1090,1090,0
2022-11-08 14:59:00,1090,1090,1090,1090,0
2022-11-08 15:00:00,1090,1090,1090,1090,0
2022-11-08 15:01:00,1090,1090,1090,1090,0
2022-11-08 15:02:00,1090,1090,1090,1090,0
2022-11-08 15:03:00,1090,1090,1090,1090,0
2022-11-08 15:04:00,1090,1090,1090,1090,0
2022-11-08 15:05:00,1090,1090,1090,1090,0
2022-11-08 15:06:00,1090,1090,1090,1090,0
2022-11-08 15:07:00,1090,1090,1090,1090,0
2022-11-08 15:08:00,1090,1090,1090,1090,0
2022-11-08 15:09:00,1090,1090,1090,1090,0
2022-11-08 15:10:00,1090,1090,1090,1090,0
2022-11-08 15:11:00,1090,1090,1090,1090,0
2022-11-08 15:12:00,1090,1090,1090,1090,0
2022-11-08 15:13:00,1090,1090,1090,1090,0
2022-11-08 15:14:00,1090,1090,1090,1090,0
2022-11-08 15:15:00,1090,1090,1090,1090,0
2022-11-08 15:16:00,1090,1090,1090,1090,0
2022-11-08 15:17:00,1090,1090,1090,1090,0
2022-11-08 15:18:00,1090,1090,1090,1090,0
2022-11-08 15:19:00,1090,1090,1090,1090,0
2022-11-08 15:20:00,1090,1090,1090,1090,0
2022-11-08 15:21:00,1090,1090,1090,1090,0
2022-11-08 15:22:00,1090,1090,1090,1090,0
2022-11-08 15:23:00,1090,1090,1090,1090,0
2022-11-08 15:24:00,1090,1090,1090,1090,0
2022-11-08 15:25:00,1090,1090,1090,1090,0
2022-11-08 15:26:00,1090,1090,1090,1090,0
2022-11-08 15:27:00,1090,1090,1090,1090,0
2022-11-08 15:28:00,1090,1090,1090,1090,0
2022-11-08 15:29:00,1090,1090,1090,1090,0
2022-11-08 15:30:00,1090,1090,1090,1090,0
2022-11-08 15:31:00,1090,1090,1090,1090,0
2022-11-08 15:32:00,1090,1090,1090,1090,0
2022-11-08 15:33:00,1090,1090,1090,1090,0
2022-11-08 15:34:00,1090,1090,1090,1090,0
2022-11-08 15:35:00,1090,1090,1090,1090,0
2022-11-08 15:36:00,1090,1090,1090,1090,0
2022-11-08 15:37:00,1090,1090,1090,1090,0
2022-11-08 15:38:00,1090,1090,1090,1090,0
2022-11-08 15:39:00,1090,1090,1090,1090,0
2022-11-08 15:40:00,1090,1090,1090,1090,0
2022-11-08 15:41:00,1090,1090,1090,1090,0
2022-11-08 15:42:00,1090,1090,1090,1090,0
2022-11-08 15:43:00,1090,1090,1090,1090,0
2022-11-08 15:44:00,1090,1090,1090,1090,0
2022-11-08 15:45:00,1090,1090,1090,1090,0
2022-11-08 15:46:00,1090,1090,1090,1090,0
2022-11-08 15:47:00,1090,1090,1090,1090,0
2022-11-08 15:48:00,1090,1090,1090,1090,0
2022-11-08 15:49:00,1090,1090,1090,1090,0
2022-11-08 15:50:00,1090,1090,1090,1090,0
2022-11-08 15:51:00,1090,1090,1090,1090,0
2022-11-08 15:52:00,1090,1090,1090,1090,0
2022-11-08 15:53:00,1090,1090,1090,1090,0
2022-11-08 15:54:00,1090,1090,1090,1090,0
2022-11-08 15:55:00,1090,1090,1090,1090,0
2022-11-08 15:56:00,1090,1090,1090,1090,0
2022-11-08 15:57:00,1090,1090,1090,1090,0
2022-11-08 15:58:00,1090,1090,1090,1090,0
2022-11-08 15:59:00,1090,1090,1090,1090,0
2022-11-09 09:00:00,1090,1090,1090,1090,0
2022-11-09 09:01:00,1090,1090,1090,1090,0
2022-11-09 09:02:00,1085,1075,1085,1075,941800
2022-11-09 09:03:00,1075,1070,1075,1075,103800
2022-11-09 09:04:00,1075,1075,1080,1080,8200
2022-11-09 09:05:00,1080,1080,1080,1080,4900
2022-11-09 09:06:00,1080,1080,1085,1085,36500
2022-11-09 09:07:00,1085,1080,1085,1080,31800
2022-11-09 09:08:00,1080,1080,1085,1085,108700
2022-11-09 09:09:00,1080,1080,1080,1080,62900
2022-11-09 09:10:00,1080,1075,1080,1075,37700
2022-11-09 09:11:00,1075,1075,1075,1075,37300
2022-11-09 09:12:00,1075,1075,1075,1075,138400
2022-11-09 09:13:00,1075,1075,1075,1075,145500
2022-11-09 09:14:00,1075,1075,1075,1075,0
2022-11-09 09:15:00,1075,1070,1080,1080,28100
2022-11-09 09:16:00,1075,1075,1075,1075,0
2022-11-09 09:17:00,1075,1075,1075,1075,40500
2022-11-09 09:18:00,1070,1070,1070,1070,9300
2022-11-09 09:19:00,1070,1070,1075,1070,165400
2022-11-09 09:20:00,1070,1070,1075,1075,148600
2022-11-09 09:21:00,1075,1070,1075,1070,0
2022-11-09 09:22:00,1070,1070,1075,1070,9400
2022-11-09 09:23:00,1070,1070,1075,1070,68000
2022-11-09 09:24:00,1075,1075,1075,1075,30000
2022-11-09 09:25:00,1075,1070,1075,1070,9000
2022-11-09 09:26:00,1075,1070,1075,1070,0
2022-11-09 09:27:00,1075,1075,1075,1075,3700
2022-11-09 09:28:00,1075,1070,1075,1070,14500
2022-11-09 09:29:00,1075,1070,1075,1070,0
2022-11-09 09:30:00,1070,1070,1070,1070,274600
2022-11-09 09:31:00,1070,1070,1070,1070,182800
2022-11-09 09:32:00,1070,1070,1070,1070,18400
2022-11-09 09:33:00,1070,1070,1070,1070,43400
2022-11-09 09:34:00,1075,1075,1075,1075,5600
2022-11-09 09:35:00,1075,1075,1075,1075,7700
2022-11-09 09:36:00,1075,1070,1075,1070,25900
2022-11-09 09:37:00,1070,1070,1075,1075,202200
2022-11-09 09:38:00,1075,1075,1075,1075,30000
2022-11-09 09:39:00,1070,1070,1075,1075,230400
2022-11-09 09:40:00,1075,1075,1075,1075,9600
2022-11-09 09:41:00,1070,1070,1070,1070,60500
2022-11-09 09:42:00,1070,1070,1075,1075,88900
2022-11-09 09:43:00,1075,1075,1075,1075,0
2022-11-09 09:44:00,1075,1070,1075,1070,2300
2022-11-09 09:45:00,1075,1075,1080,1080,530600
2022-11-09 09:46:00,1080,1080,1080,1080,3000
2022-11-09 09:47:00,1080,1075,1080,1075,39100
2022-11-09 09:48:00,1080,1080,1080,1080,0
2022-11-09 09:49:00,1080,1080,1080,1080,12400
2022-11-09 09:50:00,1080,1075,1080,1075,0
2022-11-09 09:51:00,1075,1075,1080,1080,104600
2022-11-09 09:52:00,1075,1075,1075,1075,303800
2022-11-09 09:53:00,1075,1075,1075,1075,0
2022-11-09 09:54:00,1075,1075,1075,1075,9400
2022-11-09 09:55:00,1075,1075,1075,1075,3200
2022-11-09 09:56:00,1075,1075,1075,1075,10700
2022-11-09 09:57:00,1075,1075,1075,1075,0
2022-11-09 09:58:00,1075,1075,1075,1075,1300
2022-11-09 09:59:00,1075,1075,1080,1080,107800
2022-11-09 10:00:00,1075,1075,1080,1080,0
2022-11-09 10:01:00,1075,1075,1080,1080,0
2022-11-09 10:02:00,1080,1080,1080,1080,29300
2022-11-09 10:03:00,1075,1075,1075,1075,0
2022-11-09 10:04:00,1075,1075,1075,1075,35700
2022-11-09 10:05:00,1075,1075,1075,1075,0
2022-11-09 10:06:00,1075,1075,1075,1075,0
2022-11-09 10:07:00,1075,1075,1075,1075,20100
2022-11-09 10:08:00,1075,1075,1075,1075,0
2022-11-09 10:09:00,1075,1075,1075,1075,100
2022-11-09 10:10:00,1075,1075,1075,1075,0
2022-11-09 10:11:00,1075,1075,1075,1075,200
2022-11-09 10:12:00,1075,1075,1075,1075,175200
2022-11-09 10:13:00,1080,1080,1080,1080,0
2022-11-09 10:14:00,1080,1080,1080,1080,0
2022-11-09 10:15:00,1080,1080,1080,1080,0
2022-11-09 10:16:00,1080,1080,1080,1080,300
2022-11-09 10:17:00,1080,1080,1080,1080,1800
2022-11-09 10:18:00,1080,1080,1080,1080,14000
2022-11-09 10:19:00,1075,1075,1080,1080,1100
2022-11-09 10:20:00,1080,1075,1085,1085,638100
2022-11-09 10:21:00,1080,1080,1080,1080,0
2022-11-09 10:22:00,1080,1080,1080,1080,0
2022-11-09 10:23:00,1080,1080,1080,1080,88200
2022-11-09 10:24:00,1080,1080,1080,1080,0
2022-11-09 10:25:00,1080,1080,1080,1080,4400
2022-11-09 10:26:00,1080,1080,1080,1080,700
2022-11-09 10:27:00,1080,1080,1080,1080,7500
2022-11-09 10:28:00,1080,1080,1080,1080,18900
2022-11-09 10:29:00,1080,1080,1080,1080,0
2022-11-09 10:30:00,1080,1080,1080,1080,0
2022-11-09 10:31:00,1080,1080,1080,1080,2300
2022-11-09 10:32:00,1080,1080,1080,1080,800
2022-11-09 10:33:00,1080,1080,1085,1080,141800
2022-11-09 10:34:00,1080,1080,1085,1085,103800
2022-11-09 10:35:00,1085,1085,1085,1085,0
2022-11-09 10:36:00,1080,1080,1080,1080,4800
2022-11-09 10:37:00,1080,1080,1085,1085,8400
2022-11-09 10:38:00,1080,1080,1085,1085,0
2022-11-09 10:39:00,1085,1080,1085,1080,25600
2022-11-09 10:40:00,1085,1080,1085,1080,0
2022-11-09 10:41:00,1085,1080,1085,1080,0
2022-11-09 10:42:00,1085,1080,1085,1080,0
2022-11-09 10:43:00,1080,1080,1080,1080,6800
2022-11-09 10:44:00,1080,1080,1080,1080,20800
2022-11-09 10:45:00,1080,1080,1080,1080,140000
2022-11-09 10:46:00,1080,1080,1080,1080,77300
2022-11-09 10:47:00,1080,1080,1080,1080,0
2022-11-09 10:48:00,1080,1080,1080,1080,0
2022-11-09 10:49:00,1080,1080,1080,1080,5600
2022-11-09 10:50:00,1080,1080,1080,1080,0
2022-11-09 10:51:00,1080,1080,1080,1080,6900
2022-11-09 10:52:00,1080,1080,1080,1080,4000
2022-11-09 10:53:00,1080,1080,1080,1080,0
2022-11-09 10:54:00,1080,1080,1080,1080,5900
2022-11-09 10:55:00,1080,1080,1080,1080,200000
2022-11-09 10:56:00,1080,1080,1080,1080,0
2022-11-09 10:57:00,1080,1080,1080,1080,0
2022-11-09 10:58:00,1080,1080,1080,1080,0
2022-11-09 10:59:00,1080,1080,1080,1080,4600
2022-11-09 11:00:00,1080,1080,1080,1080,0
2022-11-09 11:01:00,1080,1080,1080,1080,0
2022-11-09 11:02:00,1080,1080,1080,1080,0
2022-11-09 11:03:00,1080,1080,1080,1080,0
2022-11-09 11:04:00,1080,1080,1080,1080,0
2022-11-09 11:05:00,1080,1080,1080,1080,500
2022-11-09 11:06:00,1085,1085,1085,1085,20000
2022-11-09 11:07:00,1085,1085,1085,1085,0
2022-11-09 11:08:00,1085,1085,1085,1085,0
2022-11-09 11:09:00,1085,1085,1085,1085,81900
2022-11-09 11:10:00,1085,1085,1085,1085,400
2022-11-09 11:11:00,1085,1085,1085,1085,0
2022-11-09 11:12:00,1085,1085,1085,1085,0
2022-11-09 11:13:00,1085,1085,1085,1085,1800
2022-11-09 11:14:00,1085,1085,1085,1085,0
2022-11-09 11:15:00,1080,1080,1080,1080,1400
2022-11-09 11:16:00,1085,1085,1085,1085,19200
2022-11-09 11:17:00,1085,1085,1085,1085,0
2022-11-09 11:18:00,1085,1085,1085,1085,0
2022-11-09 11:19:00,1085,1085,1085,1085,0
2022-11-09 11:20:00,1085,1085,1085,1085,0
2022-11-09 11:21:00,1085,1085,1085,1085,1600
2022-11-09 11:22:00,1085,1085,1085,1085,300
2022-11-09 11:23:00,1085,1085,1085,1085,0
2022-11-09 11:24:00,1085,1085,1085,1085,0
2022-11-09 11:25:00,1085,1085,1085,1085,0
2022-11-09 11:26:00,1085,1085,1085,1085,0
2022-11-09 11:27:00,1085,1085,1085,1085,0
2022-11-09 11:28:00,1085,1085,1085,1085,200
2022-11-09 11:29:00,1080,1080,1080,1080,29200
2022-11-09 11:30:00,1080,1080,1080,1080,0
2022-11-09 11:31:00,1080,1080,1080,1080,0
2022-11-09 11:32:00,1080,1080,1080,1080,0
2022-11-09 11:33:00,1080,1080,1080,1080,0
2022-11-09 11:34:00,1080,1080,1080,1080,0
2022-11-09 11:35:00,1080,1080,1080,1080,0
2022-11-09 11:36:00,1080,1080,1080,1080,0
2022-11-09 11:37:00,1080,1080,1080,1080,0
2022-11-09 11:38:00,1080,1080,1080,1080,0
2022-11-09 11:39:00,1080,1080,1080,1080,0
2022-11-09 11:40:00,1080,1080,1080,1080,0
2022-11-09 11:41:00,1080,1080,1080,1080,0
2022-11-09 11:42:00,1080,1080,1080,1080,0
2022-11-09 11:43:00,1080,1080,1080,1080,0
2022-11-09 11:44:00,1080,1080,1080,1080,0
2022-11-09 11:45:00,1080,1080,1080,1080,0
2022-11-09 11:46:00,1080,1080,1080,1080,0
2022-11-09 11:47:00,1080,1080,1080,1080,0
2022-11-09 11:48:00,1080,1080,1080,1080,0
2022-11-09 11:49:00,1080,1080,1080,1080,0
2022-11-09 11:50:00,1080,1080,1080,1080,0
2022-11-09 11:51:00,1080,1080,1080,1080,0
2022-11-09 11:52:00,1080,1080,1080,1080,0
2022-11-09 11:53:00,1080,1080,1080,1080,0
2022-11-09 11:54:00,1080,1080,1080,1080,0
2022-11-09 11:55:00,1080,1080,1080,1080,0
2022-11-09 11:56:00,1080,1080,1080,1080,0
2022-11-09 11:57:00,1080,1080,1080,1080,0
2022-11-09 11:58:00,1080,1080,1080,1080,0
2022-11-09 11:59:00,1080,1080,1080,1080,0
2022-11-09 12:00:00,1080,1080,1080,1080,0
2022-11-09 12:01:00,1080,1080,1080,1080,0
2022-11-09 12:02:00,1080,1080,1080,1080,0
2022-11-09 12:03:00,1080,1080,1080,1080,0
2022-11-09 12:04:00,1080,1080,1080,1080,0
2022-11-09 12:05:00,1080,1080,1080,1080,0
2022-11-09 12:06:00,1080,1080,1080,1080,0
2022-11-09 12:07:00,1080,1080,1080,1080,0
2022-11-09 12:08:00,1080,1080,1080,1080,0
2022-11-09 12:09:00,1080,1080,1080,1080,0
2022-11-09 12:10:00,1080,1080,1080,1080,0
2022-11-09 12:11:00,1080,1080,1080,1080,0
2022-11-09 12:12:00,1080,1080,1080,1080,0
2022-11-09 12:13:00,1080,1080,1080,1080,0
2022-11-09 12:14:00,1080,1080,1080,1080,0
2022-11-09 12:15:00,1080,1080,1080,1080,0
2022-11-09 12:16:00,1080,1080,1080,1080,0
2022-11-09 12:17:00,1080,1080,1080,1080,0
2022-11-09 12:18:00,1080,1080,1080,1080,0
2022-11-09 12:19:00,1080,1080,1080,1080,0
2022-11-09 12:20:00,1080,1080,1080,1080,0
2022-11-09 12:21:00,1080,1080,1080,1080,0
2022-11-09 12:22:00,1080,1080,1080,1080,0
2022-11-09 12:23:00,1080,1080,1080,1080,0
2022-11-09 12:24:00,1080,1080,1080,1080,0
2022-11-09 12:25:00,1080,1080,1080,1080,0
2022-11-09 12:26:00,1080,1080,1080,1080,0
2022-11-09 12:27:00,1080,1080,1080,1080,0
2022-11-09 12:28:00,1080,1080,1080,1080,0
2022-11-09 12:29:00,1080,1080,1080,1080,0
2022-11-09 12:30:00,1080,1080,1080,1080,0
2022-11-09 12:31:00,1080,1080,1080,1080,0
2022-11-09 12:32:00,1080,1080,1080,1080,0
2022-11-09 12:33:00,1080,1080,1080,1080,0
2022-11-09 12:34:00,1080,1080,1080,1080,0
2022-11-09 12:35:00,1080,1080,1080,1080,0
2022-11-09 12:36:00,1080,1080,1080,1080,0
2022-11-09 12:37:00,1080,1080,1080,1080,0
2022-11-09 12:38:00,1080,1080,1080,1080,0
2022-11-09 12:39:00,1080,1080,1080,1080,0
2022-11-09 12:40:00,1080,1080,1080,1080,0
2022-11-09 12:41:00,1080,1080,1080,1080,0
2022-11-09 12:42:00,1080,1080,1080,1080,0
2022-11-09 12:43:00,1080,1080,1080,1080,0
2022-11-09 12:44:00,1080,1080,1080,1080,0
2022-11-09 12:45:00,1080,1080,1080,1080,0
2022-11-09 12:46:00,1080,1080,1080,1080,0
2022-11-09 12:47:00,1080,1080,1080,1080,0
2022-11-09 12:48:00,1080,1080,1080,1080,0
2022-11-09 12:49:00,1080,1080,1080,1080,0
2022-11-09 12:50:00,1080,1080,1080,1080,0
2022-11-09 12:51:00,1080,1080,1080,1080,0
2022-11-09 12:52:00,1080,1080,1080,1080,0
2022-11-09 12:53:00,1080,1080,1080,1080,0
2022-11-09 12:54:00,1080,1080,1080,1080,0
2022-11-09 12:55:00,1080,1080,1080,1080,0
2022-11-09 12:56:00,1080,1080,1080,1080,0
2022-11-09 12:57:00,1080,1080,1080,1080,0
2022-11-09 12:58:00,1080,1080,1080,1080,0
2022-11-09 12:59:00,1080,1080,1080,1080,0
2022-11-09 13:00:00,1080,1080,1080,1080,0
2022-11-09 13:01:00,1080,1080,1080,1080,0
2022-11-09 13:02:00,1080,1080,1080,1080,0
2022-11-09 13:03:00,1080,1080,1080,1080,0
2022-11-09 13:04:00,1080,1080,1080,1080,0
2022-11-09 13:05:00,1080,1080,1080,1080,0
2022-11-09 13:06:00,1080,1080,1080,1080,0
2022-11-09 13:07:00,1080,1080,1080,1080,0
2022-11-09 13:08:00,1080,1080,1080,1080,0
2022-11-09 13:09:00,1080,1080,1080,1080,0
2022-11-09 13:10:00,1080,1080,1080,1080,0
2022-11-09 13:11:00,1080,1080,1080,1080,0
2022-11-09 13:12:00,1080,1080,1080,1080,0
2022-11-09 13:13:00,1080,1080,1080,1080,0
2022-11-09 13:14:00,1080,1080,1080,1080,0
2022-11-09 13:15:00,1080,1080,1080,1080,0
2022-11-09 13:16:00,1080,1080,1080,1080,0
2022-11-09 13:17:00,1080,1080,1080,1080,0
2022-11-09 13:18:00,1080,1080,1080,1080,0
2022-11-09 13:19:00,1080,1080,1080,1080,0
2022-11-09 13:20:00,1080,1080,1080,1080,0
2022-11-09 13:21:00,1080,1080,1080,1080,0
2022-11-09 13:22:00,1080,1080,1080,1080,0
2022-11-09 13:23:00,1080,1080,1080,1080,0
2022-11-09 13:24:00,1080,1080,1080,1080,0
2022-11-09 13:25:00,1080,1080,1080,1080,0
2022-11-09 13:26:00,1080,1080,1080,1080,0
2022-11-09 13:27:00,1080,1080,1080,1080,0
2022-11-09 13:28:00,1080,1080,1080,1080,0
2022-11-09 13:29:00,1080,1080,1080,1080,0
2022-11-09 13:30:00,1080,1080,1085,1080,343700
2022-11-09 13:31:00,1080,1080,1085,1080,0
2022-11-09 13:32:00,1080,1080,1085,1080,0
2022-11-09 13:33:00,1080,1080,1080,1080,2600
2022-11-09 13:34:00,1080,1080,1080,1080,10500
2022-11-09 13:35:00,1085,1085,1090,1085,526400
2022-11-09 13:36:00,1085,1085,1085,1085,13600
2022-11-09 13:37:00,1085,1085,1095,1095,3175000
2022-11-09 13:38:00,1095,1090,1095,1095,864600
2022-11-09 13:39:00,1095,1095,1095,1095,0
2022-11-09 13:40:00,1095,1090,1095,1095,66000
2022-11-09 13:41:00,1095,1090,1095,1095,425700
2022-11-09 13:42:00,1095,1095,1095,1095,0
2022-11-09 13:43:00,1095,1095,1100,1100,1061400
2022-11-09 13:44:00,1100,1090,1100,1095,1174600
2022-11-09 13:45:00,1095,1095,1095,1095,61100
2022-11-09 13:46:00,1100,1100,1100,1100,0
2022-11-09 13:47:00,1100,1100,1100,1100,0
2022-11-09 13:48:00,1100,1100,1100,1100,2600
2022-11-09 13:49:00,1100,1100,1100,1100,28900
2022-11-09 13:50:00,1095,1095,1100,1100,15500
2022-11-09 13:51:00,1100,1100,1100,1100,51000
2022-11-09 13:52:00,1100,1095,1105,1100,855000
2022-11-09 13:53:00,1100,1100,1100,1100,1377500
2022-11-09 13:54:00,1100,1100,1105,1100,1073500
2022-11-09 13:55:00,1100,1100,1100,1100,300
2022-11-09 13:56:00,1100,1100,1100,1100,9000
2022-11-09 13:57:00,1100,1100,1100,1100,0
2022-11-09 13:58:00,1100,1095,1100,1095,2000
2022-11-09 13:59:00,1100,1100,1100,1100,589200
2022-11-09 14:00:00,1100,1100,1100,1100,0
2022-11-09 14:01:00,1100,1095,1100,1100,334500
2022-11-09 14:02:00,1100,1095,1100,1100,87700
2022-11-09 14:03:00,1100,1095,1100,1095,3000
2022-11-09 14:04:00,1095,1095,1095,1095,3600
2022-11-09 14:05:00,1095,1095,1095,1095,0
2022-11-09 14:06:00,1100,1100,1100,1100,600
2022-11-09 14:07:00,1095,1095,1100,1100,22100
2022-11-09 14:08:00,1095,1095,1095,1095,80500
2022-11-09 14:09:00,1095,1095,1095,1095,0
2022-11-09 14:10:00,1095,1095,1095,1095,4800
2022-11-09 14:11:00,1095,1095,1095,1095,0
2022-11-09 14:12:00,1095,1095,1095,1095,10500
2022-11-09 14:13:00,1100,1100,1100,1100,0
2022-11-09 14:14:00,1095,1095,1095,1095,300
2022-11-09 14:15:00,1095,1095,1095,1095,0
2022-11-09 14:16:00,1095,1095,1100,1095,17600
2022-11-09 14:17:00,1100,1100,1100,1100,1600
2022-11-09 14:18:00,1095,1095,1095,1095,0
2022-11-09 14:19:00,1095,1095,1095,1095,149800
2022-11-09 14:20:00,1095,1095,1095,1095,1272200
2022-11-09 14:21:00,1095,1095,1095,1095,0
2022-11-09 14:22:00,1095,1095,1095,1095,0
2022-11-09 14:23:00,1095,1090,1095,1090,40500
2022-11-09 14:24:00,1090,1090,1095,1090,53600
2022-11-09 14:25:00,1090,1090,1095,1095,4500
2022-11-09 14:26:00,1095,1095,1095,1095,0
2022-11-09 14:27:00,1095,1095,1095,1095,0
2022-11-09 14:28:00,1095,1095,1095,1095,0
2022-11-09 14:29:00,1090,1090,1095,1090,25100
2022-11-09 14:30:00,1095,1090,1095,1090,283600
2022-11-09 14:31:00,1090,1090,1095,1090,254900
2022-11-09 14:32:00,1090,1090,1090,1090,39900
2022-11-09 14:33:00,1090,1090,1090,1090,0
2022-11-09 14:34:00,1090,1090,1090,1090,182600
2022-11-09 14:35:00,1090,1090,1090,1090,0
2022-11-09 14:36:00,1095,1095,1095,1095,112600
2022-11-09 14:37:00,1090,1090,1090,1090,61200
2022-11-09 14:38:00,1090,1090,1090,1090,12200
2022-11-09 14:39:00,1090,1090,1095,1095,32500
2022-11-09 14:40:00,1095,1095,1095,1095,6600
2022-11-09 14:41:00,1095,1095,1095,1095,0
2022-11-09 14:42:00,1095,1090,1095,1090,18400
2022-11-09 14:43:00,1095,1095,1095,1095,482100
2022-11-09 14:44:00,1090,1090,1095,1095,85000
2022-11-09 14:45:00,1095,1095,1095,1095,34700
2022-11-09 14:46:00,1095,1095,1100,1095,32600
2022-11-09 14:47:00,1095,1090,1095,1095,539200
2022-11-09 14:48:00,1095,1090,1095,1095,26900
2022-11-09 14:49:00,1090,1090,1095,1095,633600
2022-11-09 14:50:00,1090,1090,1095,1095,0
2022-11-09 14:51:00,1090,1090,1095,1095,0
2022-11-09 14:52:00,1090,1090,1095,1095,0
2022-11-09 14:53:00,1090,1090,1095,1095,0
2022-11-09 14:54:00,1090,1090,1095,1095,0
2022-11-09 14:55:00,1090,1090,1095,1095,0
2022-11-09 14:56:00,1090,1090,1095,1095,0
2022-11-09 14:57:00,1090,1090,1095,1095,0
2022-11-09 14:58:00,1090,1090,1095,1095,0
2022-11-09 14:59:00,1090,1090,1095,1095,0
2022-11-09 15:00:00,1100,1100,1100,1100,1010000
2022-11-09 15:01:00,1100,1100,1100,1100,0
2022-11-09 15:02:00,1100,1100,1100,1100,0
2022-11-09 15:03:00,1100,1100,1100,1100,400
2022-11-09 15:04:00,1100,1100,1100,1100,0
2022-11-09 15:05:00,1100,1100,1100,1100,8500
2022-11-09 15:06:00,1100,1100,1100,1100,0
2022-11-09 15:07:00,1100,1100,1100,1100,0
2022-11-09 15:08:00,1100,1100,1100,1100,0
2022-11-09 15:09:00,1100,1100,1100,1100,3500
2022-11-09 15:10:00,1100,1100,1100,1100,0
2022-11-09 15:11:00,1100,1100,1100,1100,0
2022-11-09 15:12:00,1100,1100,1100,1100,600
2022-11-09 15:13:00,1100,1100,1100,1100,23589700
2022-11-09 15:14:00,1100,1100,1100,1100,0
2022-11-09 15:15:00,1100,1100,1100,1100,0
2022-11-09 15:16:00,1100,1100,1100,1100,0
2022-11-09 15:17:00,1100,1100,1100,1100,0
2022-11-09 15:18:00,1100,1100,1100,1100,0
2022-11-09 15:19:00,1100,1100,1100,1100,0
2022-11-09 15:20:00,1100,1100,1100,1100,0
2022-11-09 15:21:00,1100,1100,1100,1100,0
2022-11-09 15:22:00,1100,1100,1100,1100,0
2022-11-09 15:23:00,1100,1100,1100,1100,0
2022-11-09 15:24:00,1100,1100,1100,1100,0
2022-11-09 15:25:00,1100,1100,1100,1100,0
2022-11-09 15:26:00,1100,1100,1100,1100,0
2022-11-09 15:27:00,1100,1100,1100,1100,0
2022-11-09 15:28:00,1100,1100,1100,1100,0
2022-11-09 15:29:00,1100,1100,1100,1100,0
2022-11-09 15:30:00,1100,1100,1100,1100,0
2022-11-09 15:31:00,1100,1100,1100,1100,0
2022-11-09 15:32:00,1100,1100,1100,1100,0
2022-11-09 15:33:00,1100,1100,1100,1100,0
2022-11-09 15:34:00,1100,1100,1100,1100,0
2022-11-09 15:35:00,1100,1100,1100,1100,0
2022-11-09 15:36:00,1100,1100,1100,1100,0
2022-11-09 15:37:00,1100,1100,1100,1100,0
2022-11-09 15:38:00,1100,1100,1100,1100,0
2022-11-09 15:39:00,1100,1100,1100,1100,0
2022-11-09 15:40:00,1100,1100,1100,1100,0
2022-11-09 15:41:00,1100,1100,1100,1100,0
2022-11-09 15:42:00,1100,1100,1100,1100,0
2022-11-09 15:43:00,1100,1100,1100,1100,0
2022-11-09 15:44:00,1100,1100,1100,1100,0
2022-11-09 15:45:00,1100,1100,1100,1100,0
2022-11-09 15:46:00,1100,1100,1100,1100,0
2022-11-09 15:47:00,1100,1100,1100,1100,0
2022-11-09 15:48:00,1100,1100,1100,1100,0
2022-11-09 15:49:00,1100,1100,1100,1100,0
2022-11-09 15:50:00,1100,1100,1100,1100,0
2022-11-09 15:51:00,1100,1100,1100,1100,0
2022-11-09 15:52:00,1100,1100,1100,1100,0
2022-11-09 15:53:00,1100,1100,1100,1100,0
2022-11-09 15:54:00,1100,1100,1100,1100,0
2022-11-09 15:55:00,1100,1100,1100,1100,0
2022-11-09 15:56:00,1100,1100,1100,1100,0
2022-11-09 15:57:00,1100,1100,1100,1100,0
2022-11-09 15:58:00,1100,1100,1100,1100,0
2022-11-09 15:59:00,1100,1100,1100,1100,0
2022-11-10 09:00:00,1085,1085,1100,1085,0
2022-11-10 09:01:00,1085,1075,1085,1075,2149000
2022-11-10 09:02:00,1075,1075,1080,1075,656800
2022-11-10 09:03:00,1075,1075,1075,1075,69700
2022-11-10 09:04:00,1075,1075,1075,1075,112800
2022-11-10 09:05:00,1075,1070,1075,1075,257900
2022-11-10 09:06:00,1075,1075,1080,1080,0
2022-11-10 09:07:00,1080,1075,1080,1075,300200
2022-11-10 09:08:00,1075,1075,1075,1075,0
2022-11-10 09:09:00,1075,1075,1080,1080,2500
2022-11-10 09:10:00,1080,1075,1080,1075,2100
2022-11-10 09:11:00,1075,1075,1075,1075,0
2022-11-10 09:12:00,1075,1075,1075,1075,0
2022-11-10 09:13:00,1080,1080,1080,1080,21200
2022-11-10 09:14:00,1075,1075,1085,1080,46000
2022-11-10 09:15:00,1080,1080,1080,1080,0
2022-11-10 09:16:00,1080,1080,1080,1080,0
2022-11-10 09:17:00,1080,1075,1080,1075,23300
2022-11-10 09:18:00,1075,1075,1075,1075,50000
2022-11-10 09:19:00,1080,1075,1080,1075,61400
2022-11-10 09:20:00,1080,1075,1080,1075,0
2022-11-10 09:21:00,1075,1075,1075,1075,0
2022-11-10 09:22:00,1075,1075,1080,1075,90400
2022-11-10 09:23:00,1075,1075,1075,1075,74200
2022-11-10 09:24:00,1075,1075,1075,1075,25100
2022-11-10 09:25:00,1075,1075,1080,1080,475100
2022-11-10 09:26:00,1080,1080,1080,1080,0
2022-11-10 09:27:00,1080,1080,1085,1085,200
2022-11-10 09:28:00,1080,1080,1080,1080,59000
2022-11-10 09:29:00,1080,1080,1080,1080,0
2022-11-10 09:30:00,1080,1080,1080,1080,0
2022-11-10 09:31:00,1080,1080,1080,1080,28400
2022-11-10 09:32:00,1085,1085,1085,1085,100
2022-11-10 09:33:00,1085,1085,1085,1085,0
2022-11-10 09:34:00,1085,1080,1085,1080,30700
2022-11-10 09:35:00,1080,1080,1080,1080,65500
2022-11-10 09:36:00,1080,1080,1080,1080,80000
2022-11-10 09:37:00,1080,1080,1080,1080,49100
2022-11-10 09:38:00,1080,1080,1080,1080,11500
2022-11-10 09:39:00,1080,1080,1080,1080,38000
2022-11-10 09:40:00,1080,1080,1080,1080,0
2022-11-10 09:41:00,1080,1080,1080,1080,800
2022-11-10 09:42:00,1080,1080,1080,1080,0
2022-11-10 09:43:00,1080,1080,1085,1080,8700
2022-11-10 09:44:00,1080,1080,1085,1080,0
2022-11-10 09:45:00,1080,1080,1080,1080,13200
2022-11-10 09:46:00,1085,1080,1085,1080,240600
2022-11-10 09:47:00,1080,1080,1080,1080,900
2022-11-10 09:48:00,1080,1080,1080,1080,1300
2022-11-10 09:49:00,1080,1080,1080,1080,0
2022-11-10 09:50:00,1085,1085,1085,1085,66200
2022-11-10 09:51:00,1085,1080,1085,1080,3500
2022-11-10 09:52:00,1085,1080,1085,1080,0
2022-11-10 09:53:00,1080,1080,1080,1080,1500
2022-11-10 09:54:00,1080,1080,1080,1080,0
2022-11-10 09:55:00,1080,1080,1080,1080,0
2022-11-10 09:56:00,1080,1080,1080,1080,200
2022-11-10 09:57:00,1080,1080,1085,1085,4100
2022-11-10 09:58:00,1085,1085,1085,1085,500
2022-11-10 09:59:00,1085,1085,1085,1085,6000
2022-11-10 10:00:00,1085,1085,1085,1085,0
2022-11-10 10:01:00,1080,1080,1080,1080,72200
2022-11-10 10:02:00,1080,1080,1080,1080,0
2022-11-10 10:03:00,1080,1080,1080,1080,0
2022-11-10 10:04:00,1080,1080,1080,1080,183100
2022-11-10 10:05:00,1080,1080,1080,1080,326100
2022-11-10 10:06:00,1080,1080,1080,1080,0
2022-11-10 10:07:00,1080,1080,1080,1080,16000
2022-11-10 10:08:00,1080,1080,1080,1080,0
2022-11-10 10:09:00,1080,1080,1080,1080,27400
2022-11-10 10:10:00,1080,1080,1080,1080,0
2022-11-10 10:11:00,1080,1080,1080,1080,0
2022-11-10 10:12:00,1080,1080,1080,1080,0
2022-11-10 10:13:00,1075,1075,1075,1075,50800
2022-11-10 10:14:00,1075,1075,1075,1075,5800
2022-11-10 10:15:00,1075,1075,1075,1075,51900
2022-11-10 10:16:00,1075,1075,1075,1075,0
2022-11-10 10:17:00,1075,1075,1075,1075,0
2022-11-10 10:18:00,1075,1075,1075,1075,900
2022-11-10 10:19:00,1075,1075,1080,1080,200
2022-11-10 10:20:00,1080,1075,1080,1075,104000
2022-11-10 10:21:00,1075,1075,1075,1075,0
2022-11-10 10:22:00,1075,1075,1075,1075,200
2022-11-10 10:23:00,1075,1075,1075,1075,0
2022-11-10 10:24:00,1075,1075,1075,1075,8400
2022-11-10 10:25:00,1075,1075,1075,1075,0
2022-11-10 10:26:00,1075,1075,1075,1075,2600
2022-11-10 10:27:00,1075,1075,1075,1075,0
2022-11-10 10:28:00,1075,1075,1075,1075,0
2022-11-10 10:29:00,1075,1075,1075,1075,0
2022-11-10 10:30:00,1075,1075,1080,1080,49900
2022-11-10 10:31:00,1075,1075,1075,1075,3300
2022-11-10 10:32:00,1075,1075,1075,1075,0
2022-11-10 10:33:00,1075,1075,1075,1075,0
2022-11-10 10:34:00,1075,1075,1075,1075,0
2022-11-10 10:35:00,1075,1075,1075,1075,0
2022-11-10 10:36:00,1075,1075,1075,1075,300
2022-11-10 10:37:00,1075,1075,1075,1075,0
2022-11-10 10:38:00,1070,1070,1070,1070,831800
2022-11-10 10:39:00,1070,1070,1070,1070,52000
2022-11-10 10:40:00,1070,1070,1070,1070,0
2022-11-10 10:41:00,1075,1075,1075,1075,1000
2022-11-10 10:42:00,1075,1075,1075,1075,0
2022-11-10 10:43:00,1075,1075,1075,1075,0
2022-11-10 10:44:00,1075,1075,1075,1075,0
2022-11-10 10:45:00,1075,1075,1075,1075,0
2022-11-10 10:46:00,1070,1070,1070,1070,74500
2022-11-10 10:47:00,1070,1070,1070,1070,0
2022-11-10 10:48:00,1070,1070,1070,1070,106200
2022-11-10 10:49:00,1070,1070,1070,1070,101500
2022-11-10 10:50:00,1070,1070,1070,1070,922900
2022-11-10 10:51:00,1070,1065,1070,1070,84800
2022-11-10 10:52:00,1070,1065,1070,1070,318500
2022-11-10 10:53:00,1070,1065,1070,1065,25000
2022-11-10 10:54:00,1070,1065,1070,1065,36300
2022-11-10 10:55:00,1065,1065,1065,1065,4500
2022-11-10 10:56:00,1065,1065,1065,1065,22200
2022-11-10 10:57:00,1065,1065,1065,1065,18800
2022-11-10 10:58:00,1065,1065,1070,1070,182500
2022-11-10 10:59:00,1070,1070,1070,1070,13500
2022-11-10 11:00:00,1070,1070,1075,1075,167600
2022-11-10 11:01:00,1075,1070,1075,1070,204600
2022-11-10 11:02:00,1070,1070,1070,1070,35000
2022-11-10 11:03:00,1070,1070,1070,1070,0
2022-11-10 11:04:00,1070,1070,1070,1070,11400
2022-11-10 11:05:00,1070,1070,1070,1070,27400
2022-11-10 11:06:00,1070,1070,1070,1070,15500
2022-11-10 11:07:00,1070,1070,1070,1070,200
2022-11-10 11:08:00,1070,1070,1070,1070,0
2022-11-10 11:09:00,1075,1075,1075,1075,9400
2022-11-10 11:10:00,1070,1070,1070,1070,7100
2022-11-10 11:11:00,1070,1070,1070,1070,5300
2022-11-10 11:12:00,1080,1080,1080,1080,300
2022-11-10 11:13:00,1080,1080,1080,1080,0
2022-11-10 11:14:00,1080,1080,1080,1080,0
2022-11-10 11:15:00,1075,1075,1075,1075,400
2022-11-10 11:16:00,1075,1075,1075,1075,0
2022-11-10 11:17:00,1075,1075,1075,1075,100
2022-11-10 11:18:00,1070,1070,1070,1070,1000
2022-11-10 11:19:00,1070,1070,1070,1070,400
2022-11-10 11:20:00,1070,1070,1070,1070,0
2022-11-10 11:21:00,1070,1070,1070,1070,0
2022-11-10 11:22:00,1075,1075,1075,1075,200
2022-11-10 11:23:00,1075,1075,1075,1075,0
2022-11-10 11:24:00,1070,1070,1070,1070,6200
2022-11-10 11:25:00,1070,1070,1070,1070,0
2022-11-10 11:26:00,1075,1075,1075,1075,13200
2022-11-10 11:27:00,1075,1075,1075,1075,0
2022-11-10 11:28:00,1075,1075,1075,1075,0
2022-11-10 11:29:00,1070,1070,1070,1070,499900
2022-11-10 11:30:00,1070,1070,1070,1070,0
2022-11-10 11:31:00,1070,1070,1070,1070,0
2022-11-10 11:32:00,1070,1070,1070,1070,0
2022-11-10 11:33:00,1070,1070,1070,1070,0
2022-11-10 11:34:00,1070,1070,1070,1070,0
2022-11-10 11:35:00,1070,1070,1070,1070,0
2022-11-10 11:36:00,1070,1070,1070,1070,0
2022-11-10 11:37:00,1070,1070,1070,1070,0
2022-11-10 11:38:00,1070,1070,1070,1070,0
2022-11-10 11:39:00,1070,1070,1070,1070,0
2022-11-10 11:40:00,1070,1070,1070,1070,0
2022-11-10 11:41:00,1070,1070,1070,1070,0
2022-11-10 11:42:00,1070,1070,1070,1070,0
2022-11-10 11:43:00,1070,1070,1070,1070,0
2022-11-10 11:44:00,1070,1070,1070,1070,0
2022-11-10 11:45:00,1070,1070,1070,1070,0
2022-11-10 11:46:00,1070,1070,1070,1070,0
2022-11-10 11:47:00,1070,1070,1070,1070,0
2022-11-10 11:48:00,1070,1070,1070,1070,0
2022-11-10 11:49:00,1070,1070,1070,1070,0
2022-11-10 11:50:00,1070,1070,1070,1070,0
2022-11-10 11:51:00,1070,1070,1070,1070,0
2022-11-10 11:52:00,1070,1070,1070,1070,0
2022-11-10 11:53:00,1070,1070,1070,1070,0
2022-11-10 11:54:00,1070,1070,1070,1070,0
2022-11-10 11:55:00,1070,1070,1070,1070,0
2022-11-10 11:56:00,1070,1070,1070,1070,0
2022-11-10 11:57:00,1070,1070,1070,1070,0
2022-11-10 11:58:00,1070,1070,1070,1070,0
2022-11-10 11:59:00,1070,1070,1070,1070,0
2022-11-10 12:00:00,1070,1070,1070,1070,0
2022-11-10 12:01:00,1070,1070,1070,1070,0
2022-11-10 12:02:00,1070,1070,1070,1070,0
2022-11-10 12:03:00,1070,1070,1070,1070,0
2022-11-10 12:04:00,1070,1070,1070,1070,0
2022-11-10 12:05:00,1070,1070,1070,1070,0
2022-11-10 12:06:00,1070,1070,1070,1070,0
2022-11-10 12:07:00,1070,1070,1070,1070,0
2022-11-10 12:08:00,1070,1070,1070,1070,0
2022-11-10 12:09:00,1070,1070,1070,1070,0
2022-11-10 12:10:00,1070,1070,1070,1070,0
2022-11-10 12:11:00,1070,1070,1070,1070,0
2022-11-10 12:12:00,1070,1070,1070,1070,0
2022-11-10 12:13:00,1070,1070,1070,1070,0
2022-11-10 12:14:00,1070,1070,1070,1070,0
2022-11-10 12:15:00,1070,1070,1070,1070,0
2022-11-10 12:16:00,1070,1070,1070,1070,0
2022-11-10 12:17:00,1070,1070,1070,1070,0
2022-11-10 12:18:00,1070,1070,1070,1070,0
2022-11-10 12:19:00,1070,1070,1070,1070,0
2022-11-10 12:20:00,1070,1070,1070,1070,0
2022-11-10 12:21:00,1070,1070,1070,1070,0
2022-11-10 12:22:00,1070,1070,1070,1070,0
2022-11-10 12:23:00,1070,1070,1070,1070,0
2022-11-10 12:24:00,1070,1070,1070,1070,0
2022-11-10 12:25:00,1070,1070,1070,1070,0
2022-11-10 12:26:00,1070,1070,1070,1070,0
2022-11-10 12:27:00,1070,1070,1070,1070,0
2022-11-10 12:28:00,1070,1070,1070,1070,0
2022-11-10 12:29:00,1070,1070,1070,1070,0
2022-11-10 12:30:00,1070,1070,1070,1070,0
2022-11-10 12:31:00,1070,1070,1070,1070,0
2022-11-10 12:32:00,1070,1070,1070,1070,0
2022-11-10 12:33:00,1070,1070,1070,1070,0
2022-11-10 12:34:00,1070,1070,1070,1070,0
2022-11-10 12:35:00,1070,1070,1070,1070,0
2022-11-10 12:36:00,1070,1070,1070,1070,0
2022-11-10 12:37:00,1070,1070,1070,1070,0
2022-11-10 12:38:00,1070,1070,1070,1070,0
2022-11-10 12:39:00,1070,1070,1070,1070,0
2022-11-10 12:40:00,1070,1070,1070,1070,0
2022-11-10 12:41:00,1070,1070,1070,1070,0
2022-11-10 12:42:00,1070,1070,1070,1070,0
2022-11-10 12:43:00,1070,1070,1070,1070,0
2022-11-10 12:44:00,1070,1070,1070,1070,0
2022-11-10 12:45:00,1070,1070,1070,1070,0
2022-11-10 12:46:00,1070,1070,1070,1070,0
2022-11-10 12:47:00,1070,1070,1070,1070,0
2022-11-10 12:48:00,1070,1070,1070,1070,0
2022-11-10 12:49:00,1070,1070,1070,1070,0
2022-11-10 12:50:00,1070,1070,1070,1070,0
2022-11-10 12:51:00,1070,1070,1070,1070,0
2022-11-10 12:52:00,1070,1070,1070,1070,0
2022-11-10 12:53:00,1070,1070,1070,1070,0
2022-11-10 12:54:00,1070,1070,1070,1070,0
2022-11-10 12:55:00,1070,1070,1070,1070,0
2022-11-10 12:56:00,1070,1070,1070,1070,0
2022-11-10 12:57:00,1070,1070,1070,1070,0
2022-11-10 12:58:00,1070,1070,1070,1070,0
2022-11-10 12:59:00,1070,1070,1070,1070,0
2022-11-10 13:00:00,1070,1070,1070,1070,0
2022-11-10 13:01:00,1070,1070,1070,1070,0
2022-11-10 13:02:00,1070,1070,1070,1070,0
2022-11-10 13:03:00,1070,1070,1070,1070,0
2022-11-10 13:04:00,1070,1070,1070,1070,0
2022-11-10 13:05:00,1070,1070,1070,1070,0
2022-11-10 13:06:00,1070,1070,1070,1070,0
2022-11-10 13:07:00,1070,1070,1070,1070,0
2022-11-10 13:08:00,1070,1070,1070,1070,0
2022-11-10 13:09:00,1070,1070,1070,1070,0
2022-11-10 13:10:00,1070,1070,1070,1070,0
2022-11-10 13:11:00,1070,1070,1070,1070,0
2022-11-10 13:12:00,1070,1070,1070,1070,0
2022-11-10 13:13:00,1070,1070,1070,1070,0
2022-11-10 13:14:00,1070,1070,1070,1070,0
2022-11-10 13:15:00,1070,1070,1070,1070,0
2022-11-10 13:16:00,1070,1070,1070,1070,0
2022-11-10 13:17:00,1070,1070,1070,1070,0
2022-11-10 13:18:00,1070,1070,1070,1070,0
2022-11-10 13:19:00,1070,1070,1070,1070,0
2022-11-10 13:20:00,1070,1070,1070,1070,0
2022-11-10 13:21:00,1070,1070,1070,1070,0
2022-11-10 13:22:00,1070,1070,1070,1070,0
2022-11-10 13:23:00,1070,1070,1070,1070,0
2022-11-10 13:24:00,1070,1070,1070,1070,0
2022-11-10 13:25:00,1070,1070,1070,1070,0
2022-11-10 13:26:00,1070,1070,1070,1070,0
2022-11-10 13:27:00,1070,1070,1070,1070,0
2022-11-10 13:28:00,1070,1070,1070,1070,0
2022-11-10 13:29:00,1070,1070,1070,1070,0
2022-11-10 13:30:00,1070,1070,1075,1075,739900
2022-11-10 13:31:00,1070,1070,1075,1075,0
2022-11-10 13:32:00,1070,1070,1075,1075,0
2022-11-10 13:33:00,1080,1080,1080,1080,500
2022-11-10 13:34:00,1080,1080,1080,1080,0
2022-11-10 13:35:00,1080,1080,1080,1080,0
2022-11-10 13:36:00,1080,1080,1080,1080,79700
2022-11-10 13:37:00,1085,1080,1085,1080,50400
2022-11-10 13:38:00,1080,1080,1085,1085,78600
2022-11-10 13:39:00,1085,1085,1085,1085,318100
2022-11-10 13:40:00,1085,1085,1085,1085,200
2022-11-10 13:41:00,1085,1085,1085,1085,4900
2022-11-10 13:42:00,1085,1085,1085,1085,7500
2022-11-10 13:43:00,1085,1085,1085,1085,292600
2022-11-10 13:44:00,1080,1080,1080,1080,153300
2022-11-10 13:45:00,1085,1085,1085,1085,28800
2022-11-10 13:46:00,1085,1085,1085,1085,0
2022-11-10 13:47:00,1085,1085,1085,1085,0
2022-11-10 13:48:00,1085,1085,1085,1085,2100
2022-11-10 13:49:00,1085,1085,1085,1085,11600
2022-11-10 13:50:00,1085,1085,1085,1085,86400
2022-11-10 13:51:00,1085,1085,1085,1085,59900
2022-11-10 13:52:00,1085,1085,1085,1085,11900
2022-11-10 13:53:00,1085,1085,1085,1085,27500
2022-11-10 13:54:00,1085,1085,1085,1085,4300
2022-11-10 13:55:00,1085,1085,1085,1085,100200
2022-11-10 13:56:00,1085,1085,1085,1085,313100
2022-11-10 13:57:00,1085,1085,1085,1085,153500
2022-11-10 13:58:00,1085,1085,1085,1085,90000
2022-11-10 13:59:00,1085,1085,1085,1085,158000
2022-11-10 14:00:00,1085,1085,1095,1090,1262100
2022-11-10 14:01:00,1095,1095,1095,1095,5900
2022-11-10 14:02:00,1095,1095,1100,1095,528500
2022-11-10 14:03:00,1095,1095,1095,1095,446300
2022-11-10 14:04:00,1095,1095,1095,1095,0
2022-11-10 14:05:00,1095,1095,1095,1095,82200
2022-11-10 14:06:00,1095,1095,1095,1095,0
2022-11-10 14:07:00,1095,1095,1095,1095,51000
2022-11-10 14:08:00,1095,1095,1095,1095,0
2022-11-10 14:09:00,1090,1090,1095,1090,0
2022-11-10 14:10:00,1095,1090,1095,1090,2800
2022-11-10 14:11:00,1090,1090,1095,1095,12100
2022-11-10 14:12:00,1090,1090,1090,1090,0
2022-11-10 14:13:00,1090,1090,1090,1090,2800
2022-11-10 14:14:00,1090,1090,1090,1090,0
2022-11-10 14:15:00,1090,1090,1090,1090,10300
2022-11-10 14:16:00,1090,1090,1090,1090,0
2022-11-10 14:17:00,1090,1090,1090,1090,258400
2022-11-10 14:18:00,1090,1090,1090,1090,0
2022-11-10 14:19:00,1090,1090,1090,1090,400
2022-11-10 14:20:00,1090,1090,1090,1090,0
2022-11-10 14:21:00,1090,1090,1090,1090,25700
2022-11-10 14:22:00,1095,1095,1095,1095,596600
2022-11-10 14:23:00,1100,1095,1100,1100,2084300
2022-11-10 14:24:00,1105,1100,1105,1105,123700
2022-11-10 14:25:00,1105,1105,1105,1105,46400
2022-11-10 14:26:00,1105,1100,1105,1105,563400
2022-11-10 14:27:00,1100,1100,1105,1105,13800
2022-11-10 14:28:00,1105,1100,1105,1100,10400
2022-11-10 14:29:00,1105,1100,1105,1100,39300
2022-11-10 14:30:00,1105,1100,1105,1100,53600
2022-11-10 14:31:00,1100,1100,1105,1105,30100
2022-11-10 14:32:00,1105,1100,1105,1100,93400
2022-11-10 14:33:00,1100,1100,1105,1100,77300
2022-11-10 14:34:00,1100,1100,1105,1105,344800
2022-11-10 14:35:00,1105,1100,1105,1105,854600
2022-11-10 14:36:00,1105,1105,1105,1105,70100
2022-11-10 14:37:00,1105,1105,1110,1105,814600
2022-11-10 14:38:00,1110,1105,1110,1105,19800
2022-11-10 14:39:00,1105,1105,1105,1105,4300
2022-11-10 14:40:00,1105,1105,1105,1105,2900
2022-11-10 14:41:00,1105,1105,1110,1105,40000
2022-11-10 14:42:00,1110,1105,1110,1105,559600
2022-11-10 14:43:00,1110,1110,1110,1110,103000
2022-11-10 14:44:00,1110,1110,1110,1110,756800
2022-11-10 14:45:00,1115,1110,1115,1115,1605600
2022-11-10 14:46:00,1110,1110,1115,1110,0
2022-11-10 14:47:00,1110,1110,1115,1115,564900
2022-11-10 14:48:00,1115,1110,1115,1115,559500
2022-11-10 14:49:00,1115,1115,1115,1115,664300
2022-11-10 14:50:00,1115,1115,1115,1115,0
2022-11-10 14:51:00,1115,1115,1115,1115,0
2022-11-10 14:52:00,1115,1115,1115,1115,0
2022-11-10 14:53:00,1115,1115,1115,1115,0
2022-11-10 14:54:00,1115,1115,1115,1115,0
2022-11-10 14:55:00,1115,1115,1115,1115,0
2022-11-10 14:56:00,1115,1115,1115,1115,0
2022-11-10 14:57:00,1115,1115,1115,1115,0
2022-11-10 14:58:00,1115,1115,1115,1115,0
2022-11-10 14:59:00,1115,1115,1115,1115,0
2022-11-10 15:00:00,1120,1120,1120,1120,1691100
2022-11-10 15:01:00,1120,1120,1120,1120,223700
2022-11-10 15:02:00,1120,1120,1120,1120,15100
2022-11-10 15:03:00,1120,1120,1120,1120,77500
2022-11-10 15:04:00,1120,1120,1120,1120,5200
2022-11-10 15:05:00,1120,1120,1120,1120,3300
2022-11-10 15:06:00,1120,1120,1120,1120,2700
2022-11-10 15:07:00,1120,1120,1120,1120,22400
2022-11-10 15:08:00,1120,1120,1120,1120,0
2022-11-10 15:09:00,1120,1120,1120,1120,0
2022-11-10 15:10:00,1120,1120,1120,1120,0
2022-11-10 15:11:00,1120,1120,1120,1120,100200
2022-11-10 15:12:00,1120,1120,1120,1120,0
2022-11-10 15:13:00,1120,1120,1120,1120,0
2022-11-10 15:14:00,1120,1120,1120,1120,0
2022-11-10 15:15:00,1120,1120,1120,1120,0
2022-11-10 15:16:00,1120,1120,1120,1120,0
2022-11-10 15:17:00,1120,1120,1120,1120,0
2022-11-10 15:18:00,1120,1120,1120,1120,0
2022-11-10 15:19:00,1120,1120,1120,1120,0
2022-11-10 15:20:00,1120,1120,1120,1120,0
2022-11-10 15:21:00,1120,1120,1120,1120,0
2022-11-10 15:22:00,1120,1120,1120,1120,0
2022-11-10 15:23:00,1120,1120,1120,1120,0
2022-11-10 15:24:00,1120,1120,1120,1120,0
2022-11-10 15:25:00,1120,1120,1120,1120,0
2022-11-10 15:26:00,1120,1120,1120,1120,0
2022-11-10 15:27:00,1120,1120,1120,1120,0
2022-11-10 15:28:00,1120,1120,1120,1120,0
2022-11-10 15:29:00,1120,1120,1120,1120,0
2022-11-10 15:30:00,1120,1120,1120,1120,0
2022-11-10 15:31:00,1120,1120,1120,1120,0
2022-11-10 15:32:00,1120,1120,1120,1120,0
2022-11-10 15:33:00,1120,1120,1120,1120,0
2022-11-10 15:34:00,1120,1120,1120,1120,0
2022-11-10 15:35:00,1120,1120,1120,1120,0
2022-11-10 15:36:00,1120,1120,1120,1120,0
2022-11-10 15:37:00,1120,1120,1120,1120,0
2022-11-10 15:38:00,1120,1120,1120,1120,0
2022-11-10 15:39:00,1120,1120,1120,1120,0
2022-11-10 15:40:00,1120,1120,1120,1120,0
2022-11-10 15:41:00,1120,1120,1120,1120,0
2022-11-10 15:42:00,1120,1120,1120,1120,0
2022-11-10 15:43:00,1120,1120,1120,1120,0
2022-11-10 15:44:00,1120,1120,1120,1120,0
2022-11-10 15:45:00,1120,1120,1120,1120,0
2022-11-10 15:46:00,1120,1120,1120,1120,0
2022-11-10 15:47:00,1120,1120,1120,1120,0
2022-11-10 15:48:00,1120,1120,1120,1120,0
2022-11-10 15:49:00,1120,1120,1120,1120,0
2022-11-10 15:50:00,1120,1120,1120,1120,0
2022-11-10 15:51:00,1120,1120,1120,1120,0
2022-11-10 15:52:00,1120,1120,1120,1120,0
2022-11-10 15:53:00,1120,1120,1120,1120,0
2022-11-10 15:54:00,1120,1120,1120,1120,0
2022-11-10 15:55:00,1120,1120,1120,1120,0
2022-11-10 15:56:00,1120,1120,1120,1120,0
2022-11-10 15:57:00,1120,1120,1120,1120,0
2022-11-10 15:58:00,1120,1120,1120,1120,0
2022-11-10 15:59:00,1120,1120,1120,1120,0
2022-11-11 09:00:00,1110,1090,1130,1125,1271700
2022-11-11 09:01:00,1125,1120,1125,1125,82100
2022-11-11 09:02:00,1120,1115,1120,1120,898300
2022-11-11 09:03:00,1115,1115,1120,1120,43900
2022-11-11 09:04:00,1115,1115,1115,1115,20700
2022-11-11 09:05:00,1115,1115,1120,1115,209900
2022-11-11 09:06:00,1115,1115,1115,1115,116900
2022-11-11 09:07:00,1115,1115,1115,1115,83200
2022-11-11 09:08:00,1115,1115,1120,1115,12800
2022-11-11 09:09:00,1115,1115,1115,1115,216800
2022-11-11 09:10:00,1115,1115,1115,1115,42100
2022-11-11 09:11:00,1115,1115,1115,1115,126700
2022-11-11 09:12:00,1115,1110,1115,1115,55300
2022-11-11 09:13:00,1115,1110,1115,1110,161000
2022-11-11 09:14:00,1110,1110,1115,1115,76100
2022-11-11 09:15:00,1115,1110,1115,1115,3200
2022-11-11 09:16:00,1115,1110,1115,1115,0
2022-11-11 09:17:00,1115,1110,1115,1115,0
2022-11-11 09:18:00,1110,1110,1115,1110,377600
2022-11-11 09:19:00,1110,1105,1110,1105,1193400
2022-11-11 09:20:00,1105,1105,1105,1105,606900
2022-11-11 09:21:00,1105,1105,1105,1105,11700
2022-11-11 09:22:00,1105,1105,1110,1110,44400
2022-11-11 09:23:00,1110,1105,1110,1105,0
2022-11-11 09:24:00,1105,1105,1105,1105,262800
2022-11-11 09:25:00,1105,1105,1105,1105,33600
2022-11-11 09:26:00,1105,1105,1105,1105,30100
2022-11-11 09:27:00,1100,1100,1100,1100,0
2022-11-11 09:28:00,1105,1105,1105,1105,100100
2022-11-11 09:29:00,1105,1100,1105,1100,47100
2022-11-11 09:30:00,1100,1100,1105,1100,39200
2022-11-11 09:31:00,1100,1100,1105,1105,61300
2022-11-11 09:32:00,1105,1105,1105,1105,3900
2022-11-11 09:33:00,1105,1105,1105,1105,3900
2022-11-11 09:34:00,1105,1105,1105,1105,0
2022-11-11 09:35:00,1105,1105,1105,1105,5800
2022-11-11 09:36:00,1105,1105,1110,1110,99900
2022-11-11 09:37:00,1110,1110,1110,1110,100
2022-11-11 09:38:00,1110,1110,1110,1110,0
2022-11-11 09:39:00,1110,1110,1110,1110,0
2022-11-11 09:40:00,1110,1110,1115,1115,85900
2022-11-11 09:41:00,1110,1110,1115,1115,0
2022-11-11 09:42:00,1110,1110,1115,1115,10400
2022-11-11 09:43:00,1115,1115,1120,1115,168100
2022-11-11 09:44:00,1115,1115,1115,1115,53700
2022-11-11 09:45:00,1115,1115,1115,1115,56900
2022-11-11 09:46:00,1115,1115,1115,1115,4100
2022-11-11 09:47:00,1115,1115,1115,1115,159900
2022-11-11 09:48:00,1115,1115,1115,1115,105900
2022-11-11 09:49:00,1115,1115,1115,1115,2400
2022-11-11 09:50:00,1115,1115,1115,1115,22700
2022-11-11 09:51:00,1110,1110,1110,1110,7600
2022-11-11 09:52:00,1115,1110,1115,1115,19200
2022-11-11 09:53:00,1115,1115,1115,1115,3200
2022-11-11 09:54:00,1115,1115,1115,1115,800
2022-11-11 09:55:00,1115,1115,1115,1115,2600
2022-11-11 09:56:00,1115,1115,1115,1115,3900
2022-11-11 09:57:00,1120,1120,1120,1120,1200
2022-11-11 09:58:00,1115,1115,1120,1120,30900
2022-11-11 09:59:00,1120,1120,1120,1120,94900
2022-11-11 10:00:00,1115,1115,1115,1115,9900
2022-11-11 10:01:00,1115,1115,1125,1125,770500
2022-11-11 10:02:00,1125,1125,1130,1125,754400
2022-11-11 10:03:00,1125,1125,1125,1125,130100
2022-11-11 10:04:00,1125,1120,1125,1125,103800
2022-11-11 10:05:00,1125,1125,1125,1125,155000
2022-11-11 10:06:00,1125,1125,1130,1125,1400
2022-11-11 10:07:00,1125,1125,1125,1125,3600
2022-11-11 10:08:00,1125,1125,1130,1130,66900
2022-11-11 10:09:00,1130,1125,1130,1125,336500
2022-11-11 10:10:00,1130,1125,1130,1130,14700
2022-11-11 10:11:00,1130,1125,1130,1130,214900
2022-11-11 10:12:00,1130,1125,1130,1125,84500
2022-11-11 10:13:00,1125,1125,1130,1130,423700
2022-11-11 10:14:00,1135,1130,1135,1130,0
2022-11-11 10:15:00,1130,1130,1130,1130,5000
2022-11-11 10:16:00,1130,1130,1130,1130,43300
2022-11-11 10:17:00,1130,1130,1130,1130,10000
2022-11-11 10:18:00,1135,1130,1135,1130,125400
2022-11-11 10:19:00,1130,1130,1130,1130,5700
2022-11-11 10:20:00,1135,1135,1135,1135,16000
2022-11-11 10:21:00,1135,1135,1135,1135,28900
2022-11-11 10:22:00,1135,1135,1135,1135,450500
2022-11-11 10:23:00,1135,1135,1135,1135,277800
2022-11-11 10:24:00,1135,1135,1135,1135,24300
2022-11-11 10:25:00,1135,1130,1135,1130,32800
2022-11-11 10:26:00,1130,1130,1135,1135,20700
2022-11-11 10:27:00,1135,1135,1135,1135,227300
2022-11-11 10:28:00,1135,1130,1135,1135,0
2022-11-11 10:29:00,1135,1130,1135,1135,31000
2022-11-11 10:30:00,1130,1130,1135,1135,45300
2022-11-11 10:31:00,1130,1130,1130,1130,23500
2022-11-11 10:32:00,1130,1130,1130,1130,0
2022-11-11 10:33:00,1130,1130,1135,1135,32900
2022-11-11 10:34:00,1135,1135,1135,1135,36300
2022-11-11 10:35:00,1130,1130,1135,1130,54300
2022-11-11 10:36:00,1130,1130,1130,1130,10500
2022-11-11 10:37:00,1130,1130,1135,1135,16200
2022-11-11 10:38:00,1130,1130,1135,1135,221800
2022-11-11 10:39:00,1130,1130,1130,1130,475300
2022-11-11 10:40:00,1130,1125,1130,1130,2700
2022-11-11 10:41:00,1130,1130,1130,1130,15900
2022-11-11 10:42:00,1130,1130,1130,1130,26000
2022-11-11 10:43:00,1125,1125,1130,1130,0
2022-11-11 10:44:00,1130,1125,1130,1130,4400
2022-11-11 10:45:00,1130,1125,1130,1125,57100
2022-11-11 10:46:00,1125,1125,1125,1125,0
2022-11-11 10:47:00,1130,1130,1130,1130,17600
2022-11-11 10:48:00,1130,1125,1130,1125,2200
2022-11-11 10:49:00,1125,1125,1130,1130,45900
2022-11-11 10:50:00,1130,1130,1130,1130,0
2022-11-11 10:51:00,1130,1130,1130,1130,78900
2022-11-11 10:52:00,1130,1130,1130,1130,200
2022-11-11 10:53:00,1130,1130,1135,1135,847700
2022-11-11 10:54:00,1135,1135,1135,1135,500
2022-11-11 10:55:00,1140,1140,1140,1140,5200
2022-11-11 10:56:00,1135,1135,1140,1135,3100
2022-11-11 10:57:00,1140,1135,1140,1135,43600
2022-11-11 10:58:00,1135,1135,1140,1140,19600
2022-11-11 10:59:00,1135,1135,1135,1135,1200
2022-11-11 11:00:00,1135,1135,1135,1135,1000
2022-11-11 11:01:00,1135,1135,1140,1140,16100
2022-11-11 11:02:00,1140,1140,1140,1140,158900
2022-11-11 11:03:00,1135,1135,1135,1135,0
2022-11-11 11:04:00,1135,1135,1135,1135,4300
2022-11-11 11:05:00,1140,1135,1140,1140,44300
2022-11-11 11:06:00,1135,1135,1140,1140,8100
2022-11-11 11:07:00,1140,1140,1145,1145,901000
2022-11-11 11:08:00,1140,1140,1145,1140,517900
2022-11-11 11:09:00,1140,1140,1140,1140,36100
2022-11-11 11:10:00,1140,1140,1140,1140,69400
2022-11-11 11:11:00,1145,1140,1145,1140,143600
2022-11-11 11:12:00,1145,1145,1145,1145,0
2022-11-11 11:13:00,1140,1140,1145,1140,18100
2022-11-11 11:14:00,1145,1140,1145,1140,1600
2022-11-11 11:15:00,1140,1140,1140,1140,102500
2022-11-11 11:16:00,1145,1140,1145,1140,519800
2022-11-11 11:17:00,1140,1140,1145,1145,93700
2022-11-11 11:18:00,1145,1140,1145,1140,105300
2022-11-11 11:19:00,1145,1140,1145,1140,0
2022-11-11 11:20:00,1140,1140,1140,1140,200900
2022-11-11 11:21:00,1145,1145,1145,1145,99700
2022-11-11 11:22:00,1145,1140,1145,1140,150500
2022-11-11 11:23:00,1140,1140,1140,1140,65500
2022-11-11 11:24:00,1145,1140,1145,1140,99600
2022-11-11 11:25:00,1140,1140,1145,1145,131700
2022-11-11 11:26:00,1140,1140,1145,1145,219300
2022-11-11 11:27:00,1145,1145,1145,1145,475000
2022-11-11 11:28:00,1150,1145,1150,1150,131100
2022-11-11 11:29:00,1145,1145,1150,1150,41600
2022-11-11 11:30:00,1145,1145,1150,1150,0
2022-11-11 11:31:00,1145,1145,1150,1150,0
2022-11-11 11:32:00,1145,1145,1150,1150,0
2022-11-11 11:33:00,1145,1145,1150,1150,0
2022-11-11 11:34:00,1145,1145,1150,1150,0
2022-11-11 11:35:00,1145,1145,1150,1150,0
2022-11-11 11:36:00,1145,1145,1150,1150,0
2022-11-11 11:37:00,1145,1145,1150,1150,0
2022-11-11 11:38:00,1145,1145,1150,1150,0
2022-11-11 11:39:00,1145,1145,1150,1150,0
2022-11-11 11:40:00,1145,1145,1150,1150,0
2022-11-11 11:41:00,1145,1145,1150,1150,0
2022-11-11 11:42:00,1145,1145,1150,1150,0
2022-11-11 11:43:00,1145,1145,1150,1150,0
2022-11-11 11:44:00,1145,1145,1150,1150,0
2022-11-11 11:45:00,1145,1145,1150,1150,0
2022-11-11 11:46:00,1145,1145,1150,1150,0
2022-11-11 11:47:00,1145,1145,1150,1150,0
2022-11-11 11:48:00,1145,1145,1150,1150,0
2022-11-11 11:49:00,1145,1145,1150,1150,0
2022-11-11 11:50:00,1145,1145,1150,1150,0
2022-11-11 11:51:00,1145,1145,1150,1150,0
2022-11-11 11:52:00,1145,1145,1150,1150,0
2022-11-11 11:53:00,1145,1145,1150,1150,0
2022-11-11 11:54:00,1145,1145,1150,1150,0
2022-11-11 11:55:00,1145,1145,1150,1150,0
2022-11-11 11:56:00,1145,1145,1150,1150,0
2022-11-11 11:57:00,1145,1145,1150,1150,0
2022-11-11 11:58:00,1145,1145,1150,1150,0
2022-11-11 11:59:00,1145,1145,1150,1150,0
2022-11-11 12:00:00,1145,1145,1150,1150,0
2022-11-11 12:01:00,1145,1145,1150,1150,0
2022-11-11 12:02:00,1145,1145,1150,1150,0
2022-11-11 12:03:00,1145,1145,1150,1150,0
2022-11-11 12:04:00,1145,1145,1150,1150,0
2022-11-11 12:05:00,1145,1145,1150,1150,0
2022-11-11 12:06:00,1145,1145,1150,1150,0
2022-11-11 12:07:00,1145,1145,1150,1150,0
2022-11-11 12:08:00,1145,1145,1150,1150,0
2022-11-11 12:09:00,1145,1145,1150,1150,0
2022-11-11 12:10:00,1145,1145,1150,1150,0
2022-11-11 12:11:00,1145,1145,1150,1150,0
2022-11-11 12:12:00,1145,1145,1150,1150,0
2022-11-11 12:13:00,1145,1145,1150,1150,0
2022-11-11 12:14:00,1145,1145,1150,1150,0
2022-11-11 12:15:00,1145,1145,1150,1150,0
2022-11-11 12:16:00,1145,1145,1150,1150,0
2022-11-11 12:17:00,1145,1145,1150,1150,0
2022-11-11 12:18:00,1145,1145,1150,1150,0
2022-11-11 12:19:00,1145,1145,1150,1150,0
2022-11-11 12:20:00,1145,1145,1150,1150,0
2022-11-11 12:21:00,1145,1145,1150,1150,0
2022-11-11 12:22:00,1145,1145,1150,1150,0
2022-11-11 12:23:00,1145,1145,1150,1150,0
2022-11-11 12:24:00,1145,1145,1150,1150,0
2022-11-11 12:25:00,1145,1145,1150,1150,0
2022-11-11 12:26:00,1145,1145,1150,1150,0
2022-11-11 12:27:00,1145,1145,1150,1150,0
2022-11-11 12:28:00,1145,1145,1150,1150,0
2022-11-11 12:29:00,1145,1145,1150,1150,0
2022-11-11 12:30:00,1145,1145,1150,1150,0
2022-11-11 12:31:00,1145,1145,1150,1150,0
2022-11-11 12:32:00,1145,1145,1150,1150,0
2022-11-11 12:33:00,1145,1145,1150,1150,0
2022-11-11 12:34:00,1145,1145,1150,1150,0
2022-11-11 12:35:00,1145,1145,1150,1150,0
2022-11-11 12:36:00,1145,1145,1150,1150,0
2022-11-11 12:37:00,1145,1145,1150,1150,0
2022-11-11 12:38:00,1145,1145,1150,1150,0
2022-11-11 12:39:00,1145,1145,1150,1150,0
2022-11-11 12:40:00,1145,1145,1150,1150,0
2022-11-11 12:41:00,1145,1145,1150,1150,0
2022-11-11 12:42:00,1145,1145,1150,1150,0
2022-11-11 12:43:00,1145,1145,1150,1150,0
2022-11-11 12:44:00,1145,1145,1150,1150,0
2022-11-11 12:45:00,1145,1145,1150,1150,0
2022-11-11 12:46:00,1145,1145,1150,1150,0
2022-11-11 12:47:00,1145,1145,1150,1150,0
2022-11-11 12:48:00,1145,1145,1150,1150,0
2022-11-11 12:49:00,1145,1145,1150,1150,0
2022-11-11 12:50:00,1145,1145,1150,1150,0
2022-11-11 12:51:00,1145,1145,1150,1150,0
2022-11-11 12:52:00,1145,1145,1150,1150,0
2022-11-11 12:53:00,1145,1145,1150,1150,0
2022-11-11 12:54:00,1145,1145,1150,1150,0
2022-11-11 12:55:00,1145,1145,1150,1150,0
2022-11-11 12:56:00,1145,1145,1150,1150,0
2022-11-11 12:57:00,1145,1145,1150,1150,0
2022-11-11 12:58:00,1145,1145,1150,1150,0
2022-11-11 12:59:00,1145,1145,1150,1150,0
2022-11-11 13:00:00,1145,1145,1150,1150,0
2022-11-11 13:01:00,1145,1145,1150,1150,0
2022-11-11 13:02:00,1145,1145,1150,1150,0
2022-11-11 13:03:00,1145,1145,1150,1150,0
2022-11-11 13:04:00,1145,1145,1150,1150,0
2022-11-11 13:05:00,1145,1145,1150,1150,0
2022-11-11 13:06:00,1145,1145,1150,1150,0
2022-11-11 13:07:00,1145,1145,1150,1150,0
2022-11-11 13:08:00,1145,1145,1150,1150,0
2022-11-11 13:09:00,1145,1145,1150,1150,0
2022-11-11 13:10:00,1145,1145,1150,1150,0
2022-11-11 13:11:00,1145,1145,1150,1150,0
2022-11-11 13:12:00,1145,1145,1150,1150,0
2022-11-11 13:13:00,1145,1145,1150,1150,0
2022-11-11 13:14:00,1145,1145,1150,1150,0
2022-11-11 13:15:00,1145,1145,1150,1150,0
2022-11-11 13:16:00,1145,1145,1150,1150,0
2022-11-11 13:17:00,1145,1145,1150,1150,0
2022-11-11 13:18:00,1145,1145,1150,1150,0
2022-11-11 13:19:00,1145,1145,1150,1150,0
2022-11-11 13:20:00,1145,1145,1150,1150,0
2022-11-11 13:21:00,1145,1145,1150,1150,0
2022-11-11 13:22:00,1145,1145,1150,1150,0
2022-11-11 13:23:00,1145,1145,1150,1150,0
2022-11-11 13:24:00,1145,1145,1150,1150,0
2022-11-11 13:25:00,1145,1145,1150,1150,0
2022-11-11 13:26:00,1145,1145,1150,1150,0
2022-11-11 13:27:00,1145,1145,1150,1150,0
2022-11-11 13:28:00,1145,1145,1150,1150,0
2022-11-11 13:29:00,1145,1145,1150,1150,0
2022-11-11 13:30:00,1145,1145,1150,1150,3101500
2022-11-11 13:31:00,1150,1145,1150,1150,448800
2022-11-11 13:32:00,1150,1145,1150,1150,0
2022-11-11 13:33:00,1150,1150,1150,1150,199200
2022-11-11 13:34:00,1150,1150,1150,1150,1013900
2022-11-11 13:35:00,1145,1145,1150,1150,62700
2022-11-11 13:36:00,1150,1150,1150,1150,452100
2022-11-11 13:37:00,1145,1145,1150,1150,48800
2022-11-11 13:38:00,1150,1145,1150,1145,13500
2022-11-11 13:39:00,1150,1145,1150,1145,544700
2022-11-11 13:40:00,1150,1145,1150,1150,125000
2022-11-11 13:41:00,1150,1145,1150,1150,0
2022-11-11 13:42:00,1150,1150,1150,1150,376300
2022-11-11 13:43:00,1150,1150,1150,1150,261500
2022-11-11 13:44:00,1150,1150,1150,1150,0
2022-11-11 13:45:00,1155,1150,1155,1150,49000
2022-11-11 13:46:00,1150,1150,1155,1150,778200
2022-11-11 13:47:00,1150,1150,1155,1150,0
2022-11-11 13:48:00,1150,1150,1155,1155,8600
2022-11-11 13:49:00,1150,1150,1155,1155,20300
2022-11-11 13:50:00,1155,1150,1155,1150,29200
2022-11-11 13:51:00,1155,1155,1155,1155,19100
2022-11-11 13:52:00,1155,1155,1155,1155,11100
2022-11-11 13:53:00,1155,1155,1155,1155,25400
2022-11-11 13:54:00,1155,1155,1155,1155,308900
2022-11-11 13:55:00,1155,1155,1160,1155,333900
2022-11-11 13:56:00,1160,1155,1160,1155,137300
2022-11-11 13:57:00,1160,1160,1160,1160,0
2022-11-11 13:58:00,1160,1160,1160,1160,1300
2022-11-11 13:59:00,1160,1155,1160,1155,536400
2022-11-11 14:00:00,1160,1155,1160,1155,15600
2022-11-11 14:01:00,1160,1155,1160,1160,521600
2022-11-11 14:02:00,1155,1155,1155,1155,57000
2022-11-11 14:03:00,1155,1155,1155,1155,686000
2022-11-11 14:04:00,1155,1150,1155,1150,46200
2022-11-11 14:05:00,1150,1150,1155,1150,81500
2022-11-11 14:06:00,1150,1150,1150,1150,0
2022-11-11 14:07:00,1150,1150,1150,1150,42500
2022-11-11 14:08:00,1150,1150,1155,1155,588800
2022-11-11 14:09:00,1155,1155,1155,1155,3700
2022-11-11 14:10:00,1155,1155,1155,1155,36800
2022-11-11 14:11:00,1155,1155,1155,1155,202000
2022-11-11 14:12:00,1155,1155,1160,1155,0
2022-11-11 14:13:00,1155,1155,1155,1155,0
2022-11-11 14:14:00,1160,1155,1160,1155,62700
2022-11-11 14:15:00,1155,1155,1155,1155,8900
2022-11-11 14:16:00,1160,1155,1160,1155,279400
2022-11-11 14:17:00,1160,1160,1160,1160,0
2022-11-11 14:18:00,1160,1155,1160,1160,473500
2022-11-11 14:19:00,1160,1160,1160,1160,56200
2022-11-11 14:20:00,1160,1160,1160,1160,249000
2022-11-11 14:21:00,1160,1155,1160,1155,50700
2022-11-11 14:22:00,1160,1160,1160,1160,0
2022-11-11 14:23:00,1160,1160,1160,1160,36500
2022-11-11 14:24:00,1160,1160,1165,1160,312700
2022-11-11 14:25:00,1160,1160,1160,1160,444200
2022-11-11 14:26:00,1160,1155,1160,1155,180200
2022-11-11 14:27:00,1155,1155,1160,1160,0
2022-11-11 14:28:00,1160,1160,1160,1160,4900
2022-11-11 14:29:00,1160,1160,1160,1160,3100
2022-11-11 14:30:00,1160,1160,1160,1160,0
2022-11-11 14:31:00,1160,1155,1160,1155,11100
2022-11-11 14:32:00,1155,1155,1155,1155,6000
2022-11-11 14:33:00,1155,1155,1160,1160,46200
2022-11-11 14:34:00,1155,1155,1160,1155,42500
2022-11-11 14:35:00,1160,1155,1160,1160,2100
2022-11-11 14:36:00,1155,1155,1160,1155,14700
2022-11-11 14:37:00,1155,1155,1160,1160,45300
2022-11-11 14:38:00,1155,1155,1155,1155,39800
2022-11-11 14:39:00,1160,1155,1160,1155,157200
2022-11-11 14:40:00,1160,1155,1160,1155,110800
2022-11-11 14:41:00,1155,1150,1155,1155,972500
2022-11-11 14:42:00,1155,1150,1155,1150,1015200
2022-11-11 14:43:00,1155,1150,1155,1155,153200
2022-11-11 14:44:00,1155,1150,1155,1150,532200
2022-11-11 14:45:00,1150,1150,1150,1150,152500
2022-11-11 14:46:00,1150,1150,1155,1150,53600
2022-11-11 14:47:00,1150,1150,1150,1150,528300
2022-11-11 14:48:00,1150,1150,1150,1150,304100
2022-11-11 14:49:00,1155,1145,1155,1150,2461100
2022-11-11 14:50:00,1155,1145,1155,1150,0
2022-11-11 14:51:00,1155,1145,1155,1150,0
2022-11-11 14:52:00,1155,1145,1155,1150,0
2022-11-11 14:53:00,1155,1145,1155,1150,0
2022-11-11 14:54:00,1155,1145,1155,1150,0
2022-11-11 14:55:00,1155,1145,1155,1150,0
2022-11-11 14:56:00,1155,1145,1155,1150,0
2022-11-11 14:57:00,1155,1145,1155,1150,0
2022-11-11 14:58:00,1155,1145,1155,1150,0
2022-11-11 14:59:00,1155,1145,1155,1150,0
2022-11-11 15:00:00,1150,1150,1150,1150,2568500
2022-11-11 15:01:00,1150,1150,1150,1150,85700
2022-11-11 15:02:00,1150,1150,1150,1150,900
2022-11-11 15:03:00,1150,1150,1150,1150,20800
2022-11-11 15:04:00,1150,1150,1150,1150,0
2022-11-11 15:05:00,1150,1150,1150,1150,0
2022-11-11 15:06:00,1150,1150,1150,1150,200
2022-11-11 15:07:00,1150,1150,1150,1150,30000
2022-11-11 15:08:00,1150,1150,1150,1150,0
2022-11-11 15:09:00,1150,1150,1150,1150,0
2022-11-11 15:10:00,1150,1150,1150,1150,0
2022-11-11 15:11:00,1150,1150,1150,1150,13100
2022-11-11 15:12:00,1150,1150,1150,1150,0
2022-11-11 15:13:00,1150,1150,1150,1150,0
2022-11-11 15:14:00,1150,1150,1150,1150,40279800
2022-11-11 15:15:00,1150,1150,1150,1150,0
2022-11-11 15:16:00,1150,1150,1150,1150,0
2022-11-11 15:17:00,1150,1150,1150,1150,0
2022-11-11 15:18:00,1150,1150,1150,1150,0
2022-11-11 15:19:00,1150,1150,1150,1150,0
2022-11-11 15:20:00,1150,1150,1150,1150,0
2022-11-11 15:21:00,1150,1150,1150,1150,0
2022-11-11 15:22:00,1150,1150,1150,1150,0
2022-11-11 15:23:00,1150,1150,1150,1150,0
2022-11-11 15:24:00,1150,1150,1150,1150,0
2022-11-11 15:25:00,1150,1150,1150,1150,0
2022-11-11 15:26:00,1150,1150,1150,1150,0
2022-11-11 15:27:00,1150,1150,1150,1150,0
2022-11-11 15:28:00,1150,1150,1150,1150,0
2022-11-11 15:29:00,1150,1150,1150,1150,0
2022-11-11 15:30:00,1150,1150,1150,1150,0
2022-11-11 15:31:00,1150,1150,1150,1150,0
2022-11-11 15:32:00,1150,1150,1150,1150,0
2022-11-11 15:33:00,1150,1150,1150,1150,0
2022-11-11 15:34:00,1150,1150,1150,1150,0
2022-11-11 15:35:00,1150,1150,1150,1150,0
2022-11-11 15:36:00,1150,1150,1150,1150,0
2022-11-11 15:37:00,1150,1150,1150,1150,0
2022-11-11 15:38:00,1150,1150,1150,1150,0
2022-11-11 15:39:00,1150,1150,1150,1150,0
2022-11-11 15:40:00,1150,1150,1150,1150,0
2022-11-11 15:41:00,1150,1150,1150,1150,0
2022-11-11 15:42:00,1150,1150,1150,1150,0
2022-11-11 15:43:00,1150,1150,1150,1150,0
2022-11-11 15:44:00,1150,1150,1150,1150,0
2022-11-11 15:45:00,1150,1150,1150,1150,0
2022-11-11 15:46:00,1150,1150,1150,1150,0
2022-11-11 15:47:00,1150,1150,1150,1150,0
2022-11-11 15:48:00,1150,1150,1150,1150,0
2022-11-11 15:49:00,1150,1150,1150,1150,0
2022-11-11 15:50:00,1150,1150,1150,1150,0
2022-11-11 15:51:00,1150,1150,1150,1150,0
2022-11-11 15:52:00,1150,1150,1150,1150,0
2022-11-11 15:53:00,1150,1150,1150,1150,0
2022-11-11 15:54:00,1150,1150,1150,1150,0
2022-11-11 15:55:00,1150,1150,1150,1150,0
2022-11-11 15:56:00,1150,1150,1150,1150,0
2022-11-11 15:57:00,1150,1150,1150,1150,0
2022-11-11 15:58:00,1150,1150,1150,1150,0
2022-11-11 15:59:00,1150,1150,1150,1150,0
2022-11-14 09:00:00,1150,1150,1150,1150,0
2022-11-14 09:01:00,1150,1145,1150,1150,567900
2022-11-14 09:02:00,1145,1145,1155,1155,558400
2022-11-14 09:03:00,1150,1150,1155,1150,129100
2022-11-14 09:04:00,1150,1150,1155,1150,110100
2022-11-14 09:05:00,1150,1150,1155,1150,20300
2022-11-14 09:06:00,1150,1145,1150,1145,551700
2022-11-14 09:07:00,1145,1140,1145,1140,556600
2022-11-14 09:08:00,1140,1140,1145,1140,1049100
2022-11-14 09:09:00,1140,1140,1145,1145,395400
2022-11-14 09:10:00,1145,1140,1145,1145,156900
2022-11-14 09:11:00,1140,1140,1145,1145,0
2022-11-14 09:12:00,1145,1140,1145,1145,508800
2022-11-14 09:13:00,1145,1145,1145,1145,0
2022-11-14 09:14:00,1150,1145,1150,1150,700
2022-11-14 09:15:00,1150,1150,1150,1150,2300
2022-11-14 09:16:00,1150,1145,1150,1145,2300
2022-11-14 09:17:00,1145,1145,1150,1150,0
2022-11-14 09:18:00,1145,1145,1150,1150,0
2022-11-14 09:19:00,1145,1145,1150,1145,2400
2022-11-14 09:20:00,1145,1145,1145,1145,384900
2022-11-14 09:21:00,1150,1145,1150,1150,0
2022-11-14 09:22:00,1150,1145,1150,1145,61100
2022-11-14 09:23:00,1145,1140,1145,1140,27800
2022-11-14 09:24:00,1145,1145,1145,1145,13800
2022-11-14 09:25:00,1145,1140,1145,1145,2700
2022-11-14 09:26:00,1140,1140,1145,1145,36700
2022-11-14 09:27:00,1145,1145,1145,1145,45100
2022-11-14 09:28:00,1145,1145,1145,1145,10100
2022-11-14 09:29:00,1145,1145,1145,1145,7900
2022-11-14 09:30:00,1145,1145,1145,1145,2900
2022-11-14 09:31:00,1145,1145,1145,1145,100
2022-11-14 09:32:00,1145,1145,1145,1145,22200
2022-11-14 09:33:00,1145,1140,1145,1140,137600
2022-11-14 09:34:00,1140,1140,1140,1140,0
2022-11-14 09:35:00,1140,1140,1140,1140,7500
2022-11-14 09:36:00,1140,1140,1145,1145,200
2022-11-14 09:37:00,1140,1140,1145,1145,0
2022-11-14 09:38:00,1145,1140,1145,1145,2800
2022-11-14 09:39:00,1145,1140,1145,1145,78200
2022-11-14 09:40:00,1140,1140,1145,1145,0
2022-11-14 09:41:00,1145,1140,1145,1145,101700
2022-11-14 09:42:00,1145,1145,1145,1145,14200
2022-11-14 09:43:00,1145,1145,1145,1145,0
2022-11-14 09:44:00,1140,1140,1145,1145,10200
2022-11-14 09:45:00,1145,1145,1145,1145,0
2022-11-14 09:46:00,1145,1140,1145,1140,1585800
2022-11-14 09:47:00,1140,1140,1140,1140,30000
2022-11-14 09:48:00,1140,1135,1140,1135,0
2022-11-14 09:49:00,1135,1135,1140,1135,16200
2022-11-14 09:50:00,1135,1135,1140,1140,72500
2022-11-14 09:51:00,1140,1135,1140,1135,0
2022-11-14 09:52:00,1140,1135,1140,1135,21900
2022-11-14 09:53:00,1135,1135,1135,1135,29800
2022-11-14 09:54:00,1135,1135,1135,1135,0
2022-11-14 09:55:00,1135,1135,1135,1135,0
2022-11-14 09:56:00,1135,1135,1135,1135,302700
2022-11-14 09:57:00,1135,1135,1135,1135,28800
2022-11-14 09:58:00,1135,1135,1140,1140,41100
2022-11-14 09:59:00,1135,1135,1135,1135,200
2022-11-14 10:00:00,1135,1135,1135,1135,14200
2022-11-14 10:01:00,1135,1135,1135,1135,0
2022-11-14 10:02:00,1135,1135,1135,1135,0
2022-11-14 10:03:00,1135,1135,1135,1135,51200
2022-11-14 10:04:00,1135,1135,1140,1135,21800
2022-11-14 10:05:00,1135,1135,1135,1135,1017400
2022-11-14 10:06:00,1135,1135,1135,1135,800
2022-11-14 10:07:00,1135,1135,1135,1135,31500
2022-11-14 10:08:00,1135,1135,1140,1140,33500
2022-11-14 10:09:00,1135,1135,1135,1135,21900
2022-11-14 10:10:00,1135,1135,1135,1135,29600
2022-11-14 10:11:00,1140,1140,1140,1140,0
2022-11-14 10:12:00,1135,1135,1135,1135,0
2022-11-14 10:13:00,1135,1135,1135,1135,36100
2022-11-14 10:14:00,1135,1135,1135,1135,76100
2022-11-14 10:15:00,1135,1135,1135,1135,0
2022-11-14 10:16:00,1135,1135,1135,1135,0
2022-11-14 10:17:00,1140,1140,1140,1140,70300
2022-11-14 10:18:00,1140,1140,1140,1140,172500
2022-11-14 10:19:00,1140,1140,1145,1140,2600
2022-11-14 10:20:00,1140,1140,1145,1140,62400
2022-11-14 10:21:00,1140,1140,1140,1140,7700
2022-11-14 10:22:00,1140,1140,1140,1140,2700
2022-11-14 10:23:00,1140,1140,1140,1140,196600
2022-11-14 10:24:00,1140,1140,1140,1140,0
2022-11-14 10:25:00,1140,1140,1140,1140,0
2022-11-14 10:26:00,1140,1140,1140,1140,50600
2022-11-14 10:27:00,1140,1140,1140,1140,0
2022-11-14 10:28:00,1145,1145,1145,1145,100
2022-11-14 10:29:00,1145,1145,1150,1145,240100
2022-11-14 10:30:00,1150,1150,1150,1150,32300
2022-11-14 10:31:00,1145,1145,1150,1150,0
2022-11-14 10:32:00,1150,1150,1150,1150,58200
2022-11-14 10:33:00,1150,1145,1150,1145,0
2022-11-14 10:34:00,1150,1150,1150,1150,10100
2022-11-14 10:35:00,1150,1150,1150,1150,0
2022-11-14 10:36:00,1150,1150,1150,1150,1299300
2022-11-14 10:37:00,1150,1150,1150,1150,172700
2022-11-14 10:38:00,1145,1145,1150,1145,38700
2022-11-14 10:39:00,1145,1145,1145,1145,36100
2022-11-14 10:40:00,1145,1145,1145,1145,6200
2022-11-14 10:41:00,1145,1145,1145,1145,100
2022-11-14 10:42:00,1145,1145,1145,1145,0
2022-11-14 10:43:00,1150,1150,1150,1150,1300
2022-11-14 10:44:00,1150,1145,1150,1145,105000
2022-11-14 10:45:00,1145,1145,1145,1145,0
2022-11-14 10:46:00,1145,1145,1145,1145,210300
2022-11-14 10:47:00,1145,1145,1145,1145,0
2022-11-14 10:48:00,1145,1140,1145,1140,29900
2022-11-14 10:49:00,1145,1140,1145,1140,0
2022-11-14 10:50:00,1145,1145,1145,1145,303200
2022-11-14 10:51:00,1145,1145,1145,1145,0
2022-11-14 10:52:00,1145,1145,1145,1145,0
2022-11-14 10:53:00,1150,1150,1150,1150,1000
2022-11-14 10:54:00,1145,1145,1145,1145,196000
2022-11-14 10:55:00,1145,1145,1145,1145,0
2022-11-14 10:56:00,1145,1145,1145,1145,200
2022-11-14 10:57:00,1145,1145,1145,1145,900
2022-11-14 10:58:00,1145,1145,1145,1145,0
2022-11-14 10:59:00,1145,1145,1145,1145,0
2022-11-14 11:00:00,1140,1140,1140,1140,0
2022-11-14 11:01:00,1140,1140,1140,1140,100
2022-11-14 11:02:00,1140,1140,1140,1140,0
2022-11-14 11:03:00,1140,1140,1140,1140,200
2022-11-14 11:04:00,1145,1140,1145,1140,3200
2022-11-14 11:05:00,1140,1140,1140,1140,100
2022-11-14 11:06:00,1140,1140,1140,1140,200
2022-11-14 11:07:00,1140,1140,1140,1140,0
2022-11-14 11:08:00,1140,1140,1140,1140,400
2022-11-14 11:09:00,1145,1145,1145,1145,503100
2022-11-14 11:10:00,1145,1145,1145,1145,1800
2022-11-14 11:11:00,1145,1145,1145,1145,0
2022-11-14 11:12:00,1145,1145,1145,1145,3200
2022-11-14 11:13:00,1145,1145,1145,1145,0
2022-11-14 11:14:00,1145,1145,1145,1145,0
2022-11-14 11:15:00,1145,1145,1145,1145,0
2022-11-14 11:16:00,1145,1145,1145,1145,0
2022-11-14 11:17:00,1150,1145,1150,1145,700
2022-11-14 11:18:00,1145,1145,1145,1145,1100
2022-11-14 11:19:00,1145,1145,1145,1145,3200
2022-11-14 11:20:00,1145,1145,1145,1145,0
2022-11-14 11:21:00,1145,1145,1145,1145,0
2022-11-14 11:22:00,1145,1145,1145,1145,15400
2022-11-14 11:23:00,1145,1145,1145,1145,0
2022-11-14 11:24:00,1145,1145,1145,1145,100
2022-11-14 11:25:00,1145,1145,1145,1145,400
2022-11-14 11:26:00,1145,1145,1150,1150,4100
2022-11-14 11:27:00,1145,1145,1150,1150,18200
2022-11-14 11:28:00,1145,1145,1145,1145,0
2022-11-14 11:29:00,1145,1145,1145,1145,0
2022-11-14 11:30:00,1145,1145,1145,1145,0
2022-11-14 11:31:00,1145,1145,1145,1145,0
2022-11-14 11:32:00,1145,1145,1145,1145,0
2022-11-14 11:33:00,1145,1145,1145,1145,0
2022-11-14 11:34:00,1145,1145,1145,1145,0
2022-11-14 11:35:00,1145,1145,1145,1145,0
2022-11-14 11:36:00,1145,1145,1145,1145,0
2022-11-14 11:37:00,1145,1145,1145,1145,0
2022-11-14 11:38:00,1145,1145,1145,1145,0
2022-11-14 11:39:00,1145,1145,1145,1145,0
2022-11-14 11:40:00,1145,1145,1145,1145,0
2022-11-14 11:41:00,1145,1145,1145,1145,0
2022-11-14 11:42:00,1145,1145,1145,1145,0
2022-11-14 11:43:00,1145,1145,1145,1145,0
2022-11-14 11:44:00,1145,1145,1145,1145,0
2022-11-14 11:45:00,1145,1145,1145,1145,0
2022-11-14 11:46:00,1145,1145,1145,1145,0
2022-11-14 11:47:00,1145,1145,1145,1145,0
2022-11-14 11:48:00,1145,1145,1145,1145,0
2022-11-14 11:49:00,1145,1145,1145,1145,0
2022-11-14 11:50:00,1145,1145,1145,1145,0
2022-11-14 11:51:00,1145,1145,1145,1145,0
2022-11-14 11:52:00,1145,1145,1145,1145,0
2022-11-14 11:53:00,1145,1145,1145,1145,0
2022-11-14 11:54:00,1145,1145,1145,1145,0
2022-11-14 11:55:00,1145,1145,1145,1145,0
2022-11-14 11:56:00,1145,1145,1145,1145,0
2022-11-14 11:57:00,1145,1145,1145,1145,0
2022-11-14 11:58:00,1145,1145,1145,1145,0
2022-11-14 11:59:00,1145,1145,1145,1145,0
2022-11-14 12:00:00,1145,1145,1145,1145,0
2022-11-14 12:01:00,1145,1145,1145,1145,0
2022-11-14 12:02:00,1145,1145,1145,1145,0
2022-11-14 12:03:00,1145,1145,1145,1145,0
2022-11-14 12:04:00,1145,1145,1145,1145,0
2022-11-14 12:05:00,1145,1145,1145,1145,0
2022-11-14 12:06:00,1145,1145,1145,1145,0
2022-11-14 12:07:00,1145,1145,1145,1145,0
2022-11-14 12:08:00,1145,1145,1145,1145,0
2022-11-14 12:09:00,1145,1145,1145,1145,0
2022-11-14 12:10:00,1145,1145,1145,1145,0
2022-11-14 12:11:00,1145,1145,1145,1145,0
2022-11-14 12:12:00,1145,1145,1145,1145,0
2022-11-14 12:13:00,1145,1145,1145,1145,0
2022-11-14 12:14:00,1145,1145,1145,1145,0
2022-11-14 12:15:00,1145,1145,1145,1145,0
2022-11-14 12:16:00,1145,1145,1145,1145,0
2022-11-14 12:17:00,1145,1145,1145,1145,0
2022-11-14 12:18:00,1145,1145,1145,1145,0
2022-11-14 12:19:00,1145,1145,1145,1145,0
2022-11-14 12:20:00,1145,1145,1145,1145,0
2022-11-14 12:21:00,1145,1145,1145,1145,0
2022-11-14 12:22:00,1145,1145,1145,1145,0
2022-11-14 12:23:00,1145,1145,1145,1145,0
2022-11-14 12:24:00,1145,1145,1145,1145,0
2022-11-14 12:25:00,1145,1145,1145,1145,0
2022-11-14 12:26:00,1145,1145,1145,1145,0
2022-11-14 12:27:00,1145,1145,1145,1145,0
2022-11-14 12:28:00,1145,1145,1145,1145,0
2022-11-14 12:29:00,1145,1145,1145,1145,0
2022-11-14 12:30:00,1145,1145,1145,1145,0
2022-11-14 12:31:00,1145,1145,1145,1145,0
2022-11-14 12:32:00,1145,1145,1145,1145,0
2022-11-14 12:33:00,1145,1145,1145,1145,0
2022-11-14 12:34:00,1145,1145,1145,1145,0
2022-11-14 12:35:00,1145,1145,1145,1145,0
2022-11-14 12:36:00,1145,1145,1145,1145,0
2022-11-14 12:37:00,1145,1145,1145,1145,0
2022-11-14 12:38:00,1145,1145,1145,1145,0
2022-11-14 12:39:00,1145,1145,1145,1145,0
2022-11-14 12:40:00,1145,1145,1145,1145,0
2022-11-14 12:41:00,1145,1145,1145,1145,0
2022-11-14 12:42:00,1145,1145,1145,1145,0
2022-11-14 12:43:00,1145,1145,1145,1145,0
2022-11-14 12:44:00,1145,1145,1145,1145,0
2022-11-14 12:45:00,1145,1145,1145,1145,0
2022-11-14 12:46:00,1145,1145,1145,1145,0
2022-11-14 12:47:00,1145,1145,1145,1145,0
2022-11-14 12:48:00,1145,1145,1145,1145,0
2022-11-14 12:49:00,1145,1145,1145,1145,0
2022-11-14 12:50:00,1145,1145,1145,1145,0
2022-11-14 12:51:00,1145,1145,1145,1145,0
2022-11-14 12:52:00,1145,1145,1145,1145,0
2022-11-14 12:53:00,1145,1145,1145,1145,0
2022-11-14 12:54:00,1145,1145,1145,1145,0
2022-11-14 12:55:00,1145,1145,1145,1145,0
2022-11-14 12:56:00,1145,1145,1145,1145,0
2022-11-14 12:57:00,1145,1145,1145,1145,0
2022-11-14 12:58:00,1145,1145,1145,1145,0
2022-11-14 12:59:00,1145,1145,1145,1145,0
2022-11-14 13:00:00,1145,1145,1145,1145,0
2022-11-14 13:01:00,1145,1145,1145,1145,0
2022-11-14 13:02:00,1145,1145,1145,1145,0
2022-11-14 13:03:00,1145,1145,1145,1145,0
2022-11-14 13:04:00,1145,1145,1145,1145,0
2022-11-14 13:05:00,1145,1145,1145,1145,0
2022-11-14 13:06:00,1145,1145,1145,1145,0
2022-11-14 13:07:00,1145,1145,1145,1145,0
2022-11-14 13:08:00,1145,1145,1145,1145,0
2022-11-14 13:09:00,1145,1145,1145,1145,0
2022-11-14 13:10:00,1145,1145,1145,1145,0
2022-11-14 13:11:00,1145,1145,1145,1145,0
2022-11-14 13:12:00,1145,1145,1145,1145,0
2022-11-14 13:13:00,1145,1145,1145,1145,0
2022-11-14 13:14:00,1145,1145,1145,1145,0
2022-11-14 13:15:00,1145,1145,1145,1145,0
2022-11-14 13:16:00,1145,1145,1145,1145,0
2022-11-14 13:17:00,1145,1145,1145,1145,0
2022-11-14 13:18:00,1145,1145,1145,1145,0
2022-11-14 13:19:00,1145,1145,1145,1145,0
2022-11-14 13:20:00,1145,1145,1145,1145,0
2022-11-14 13:21:00,1145,1145,1145,1145,0
2022-11-14 13:22:00,1145,1145,1145,1145,0
2022-11-14 13:23:00,1145,1145,1145,1145,0
2022-11-14 13:24:00,1145,1145,1145,1145,0
2022-11-14 13:25:00,1145,1145,1145,1145,0
2022-11-14 13:26:00,1145,1145,1145,1145,0
2022-11-14 13:27:00,1145,1145,1145,1145,0
2022-11-14 13:28:00,1145,1145,1145,1145,0
2022-11-14 13:29:00,1145,1145,1145,1145,0
2022-11-14 13:30:00,1145,1145,1150,1150,63100
2022-11-14 13:31:00,1145,1145,1150,1150,0
2022-11-14 13:32:00,1150,1150,1150,1150,3900
2022-11-14 13:33:00,1150,1150,1150,1150,36000
2022-11-14 13:34:00,1150,1150,1150,1150,0
2022-11-14 13:35:00,1145,1145,1150,1150,67500
2022-11-14 13:36:00,1145,1145,1150,1150,0
2022-11-14 13:37:00,1150,1150,1150,1150,576800
2022-11-14 13:38:00,1150,1150,1150,1150,0
2022-11-14 13:39:00,1150,1150,1150,1150,2500
2022-11-14 13:40:00,1150,1150,1150,1150,700
2022-11-14 13:41:00,1150,1150,1150,1150,3400
2022-11-14 13:42:00,1150,1150,1150,1150,0
2022-11-14 13:43:00,1150,1150,1150,1150,11400
2022-11-14 13:44:00,1150,1150,1150,1150,154800
2022-11-14 13:45:00,1150,1150,1155,1155,649700
2022-11-14 13:46:00,1150,1150,1150,1150,89700
2022-11-14 13:47:00,1150,1150,1150,1150,116800
2022-11-14 13:48:00,1150,1150,1150,1150,108700
2022-11-14 13:49:00,1150,1150,1150,1150,0
2022-11-14 13:50:00,1150,1150,1150,1150,17200
2022-11-14 13:51:00,1150,1150,1150,1150,20500
2022-11-14 13:52:00,1150,1150,1150,1150,2900
2022-11-14 13:53:00,1155,1150,1155,1155,1602400
2022-11-14 13:54:00,1155,1150,1155,1150,772600
2022-11-14 13:55:00,1155,1150,1155,1155,0
2022-11-14 13:56:00,1155,1150,1155,1155,0
2022-11-14 13:57:00,1155,1155,1155,1155,18000
2022-11-14 13:58:00,1155,1150,1155,1150,289800
2022-11-14 13:59:00,1150,1150,1150,1150,0
2022-11-14 14:00:00,1145,1145,1150,1150,223000
2022-11-14 14:01:00,1150,1150,1155,1155,50800
2022-11-14 14:02:00,1150,1150,1155,1155,24800
2022-11-14 14:03:00,1150,1150,1155,1155,0
2022-11-14 14:04:00,1155,1155,1155,1155,89100
2022-11-14 14:05:00,1155,1150,1155,1155,65100
2022-11-14 14:06:00,1150,1150,1150,1150,43300
2022-11-14 14:07:00,1150,1150,1150,1150,37300
2022-11-14 14:08:00,1150,1150,1150,1150,2000
2022-11-14 14:09:00,1150,1145,1150,1150,17400
2022-11-14 14:10:00,1150,1145,1150,1150,0
2022-11-14 14:11:00,1150,1145,1150,1150,0
2022-11-14 14:12:00,1145,1145,1145,1145,1147000
2022-11-14 14:13:00,1145,1140,1145,1140,32800
2022-11-14 14:14:00,1140,1140,1140,1140,10600
2022-11-14 14:15:00,1140,1140,1140,1140,4800
2022-11-14 14:16:00,1140,1140,1145,1145,31500
2022-11-14 14:17:00,1145,1145,1145,1145,21100
2022-11-14 14:18:00,1140,1140,1140,1140,5000
2022-11-14 14:19:00,1140,1140,1140,1140,13000
2022-11-14 14:20:00,1140,1140,1145,1140,546000
2022-11-14 14:21:00,1140,1135,1140,1135,853900
2022-11-14 14:22:00,1135,1130,1135,1130,1749700
2022-11-14 14:23:00,1130,1130,1135,1130,0
2022-11-14 14:24:00,1130,1130,1135,1135,21900
2022-11-14 14:25:00,1135,1135,1135,1135,5600
2022-11-14 14:26:00,1130,1130,1130,1130,0
2022-11-14 14:27:00,1130,1125,1130,1125,2399700
2022-11-14 14:28:00,1125,1125,1130,1130,43100
2022-11-14 14:29:00,1125,1125,1130,1130,379200
2022-11-14 14:30:00,1130,1130,1135,1135,0
2022-11-14 14:31:00,1135,1135,1135,1135,7900
2022-11-14 14:32:00,1135,1135,1140,1135,37100
2022-11-14 14:33:00,1135,1135,1135,1135,2000
2022-11-14 14:34:00,1135,1135,1135,1135,155000
2022-11-14 14:35:00,1135,1135,1140,1135,0
2022-11-14 14:36:00,1135,1135,1135,1135,200
2022-11-14 14:37:00,1135,1135,1140,1140,250900
2022-11-14 14:38:00,1140,1140,1140,1140,3300
2022-11-14 14:39:00,1140,1140,1140,1140,244400
2022-11-14 14:40:00,1140,1140,1140,1140,0
2022-11-14 14:41:00,1145,1145,1145,1145,100
2022-11-14 14:42:00,1145,1140,1145,1140,119900
2022-11-14 14:43:00,1140,1140,1140,1140,32100
2022-11-14 14:44:00,1140,1140,1150,1145,513900
2022-11-14 14:45:00,1145,1145,1145,1145,8900
2022-11-14 14:46:00,1145,1145,1145,1145,18300
2022-11-14 14:47:00,1145,1145,1145,1145,120000
2022-11-14 14:48:00,1140,1140,1145,1140,342100
2022-11-14 14:49:00,1140,1140,1150,1145,490200
2022-11-14 14:50:00,1140,1140,1150,1145,0
2022-11-14 14:51:00,1140,1140,1150,1145,0
2022-11-14 14:52:00,1140,1140,1150,1145,0
2022-11-14 14:53:00,1140,1140,1150,1145,0
2022-11-14 14:54:00,1140,1140,1150,1145,0
2022-11-14 14:55:00,1140,1140,1150,1145,0
2022-11-14 14:56:00,1140,1140,1150,1145,0
2022-11-14 14:57:00,1140,1140,1150,1145,0
2022-11-14 14:58:00,1140,1140,1150,1145,0
2022-11-14 14:59:00,1140,1140,1150,1145,0
2022-11-14 15:00:00,1145,1145,1145,1145,2626900
2022-11-14 15:01:00,1145,1145,1145,1145,0
2022-11-14 15:02:00,1145,1145,1145,1145,200
2022-11-14 15:03:00,1145,1145,1145,1145,4900
2022-11-14 15:04:00,1145,1145,1145,1145,0
2022-11-14 15:05:00,1145,1145,1145,1145,2300
2022-11-14 15:06:00,1145,1145,1145,1145,0
2022-11-14 15:07:00,1145,1145,1145,1145,600
2022-11-14 15:08:00,1145,1145,1145,1145,0
2022-11-14 15:09:00,1145,1145,1145,1145,0
2022-11-14 15:10:00,1145,1145,1145,1145,0
2022-11-14 15:11:00,1145,1145,1145,1145,0
2022-11-14 15:12:00,1145,1145,1145,1145,0
2022-11-14 15:13:00,1145,1145,1145,1145,0
2022-11-14 15:14:00,1145,1145,1145,1145,29823200
2022-11-14 15:15:00,1145,1145,1145,1145,0
2022-11-14 15:16:00,1145,1145,1145,1145,0
2022-11-14 15:17:00,1145,1145,1145,1145,0
2022-11-14 15:18:00,1145,1145,1145,1145,0
2022-11-14 15:19:00,1145,1145,1145,1145,0
2022-11-14 15:20:00,1145,1145,1145,1145,0
2022-11-14 15:21:00,1145,1145,1145,1145,0
2022-11-14 15:22:00,1145,1145,1145,1145,0
2022-11-14 15:23:00,1145,1145,1145,1145,0
2022-11-14 15:24:00,1145,1145,1145,1145,0
2022-11-14 15:25:00,1145,1145,1145,1145,0
2022-11-14 15:26:00,1145,1145,1145,1145,0
2022-11-14 15:27:00,1145,1145,1145,1145,0
2022-11-14 15:28:00,1145,1145,1145,1145,0
2022-11-14 15:29:00,1145,1145,1145,1145,0
2022-11-14 15:30:00,1145,1145,1145,1145,0
2022-11-14 15:31:00,1145,1145,1145,1145,0
2022-11-14 15:32:00,1145,1145,1145,1145,0
2022-11-14 15:33:00,1145,1145,1145,1145,0
2022-11-14 15:34:00,1145,1145,1145,1145,0
2022-11-14 15:35:00,1145,1145,1145,1145,0
2022-11-14 15:36:00,1145,1145,1145,1145,0
2022-11-14 15:37:00,1145,1145,1145,1145,0
2022-11-14 15:38:00,1145,1145,1145,1145,0
2022-11-14 15:39:00,1145,1145,1145,1145,0
2022-11-14 15:40:00,1145,1145,1145,1145,0
2022-11-14 15:41:00,1145,1145,1145,1145,0
2022-11-14 15:42:00,1145,1145,1145,1145,0
2022-11-14 15:43:00,1145,1145,1145,1145,0
2022-11-14 15:44:00,1145,1145,1145,1145,0
2022-11-14 15:45:00,1145,1145,1145,1145,0
2022-11-14 15:46:00,1145,1145,1145,1145,0
2022-11-14 15:47:00,1145,1145,1145,1145,0
2022-11-14 15:48:00,1145,1145,1145,1145,0
2022-11-14 15:49:00,1145,1145,1145,1145,0
2022-11-14 15:50:00,1145,1145,1145,1145,0
2022-11-14 15:51:00,1145,1145,1145,1145,0
2022-11-14 15:52:00,1145,1145,1145,1145,0
2022-11-14 15:53:00,1145,1145,1145,1145,0
2022-11-14 15:54:00,1145,1145,1145,1145,0
2022-11-14 15:55:00,1145,1145,1145,1145,0
2022-11-14 15:56:00,1145,1145,1145,1145,0
2022-11-14 15:57:00,1145,1145,1145,1145,0
2022-11-14 15:58:00,1145,1145,1145,1145,0
2022-11-14 15:59:00,1145,1145,1145,1145,0
2022-11-15 09:00:00,1145,1140,1145,1140,0
2022-11-15 09:01:00,1140,1135,1140,1135,3600
2022-11-15 09:02:00,1135,1135,1135,1135,61700
2022-11-15 09:03:00,1135,1135,1140,1140,15200
2022-11-15 09:04:00,1135,1135,1135,1135,0
2022-11-15 09:05:00,1135,1135,1135,1135,200
2022-11-15 09:06:00,1140,1140,1140,1140,133600
2022-11-15 09:07:00,1135,1135,1135,1135,2100
2022-11-15 09:08:00,1140,1140,1140,1140,400
2022-11-15 09:09:00,1135,1135,1140,1140,828900
2022-11-15 09:10:00,1135,1135,1140,1135,0
2022-11-15 09:11:00,1135,1130,1135,1130,120400
2022-11-15 09:12:00,1130,1130,1130,1130,101900
2022-11-15 09:13:00,1130,1130,1130,1130,8900
2022-11-15 09:14:00,1130,1130,1130,1130,675300
2022-11-15 09:15:00,1130,1125,1130,1125,65800
2022-11-15 09:16:00,1125,1125,1125,1125,49300
2022-11-15 09:17:00,1130,1130,1130,1130,0
2022-11-15 09:18:00,1130,1130,1130,1130,4800
2022-11-15 09:19:00,1130,1130,1135,1130,102700
2022-11-15 09:20:00,1130,1130,1130,1130,97600
2022-11-15 09:21:00,1130,1130,1130,1130,0
2022-11-15 09:22:00,1130,1130,1130,1130,71900
2022-11-15 09:23:00,1130,1130,1130,1130,15500
2022-11-15 09:24:00,1135,1135,1135,1135,12000
2022-11-15 09:25:00,1130,1130,1135,1135,25500
2022-11-15 09:26:00,1130,1130,1135,1135,0
2022-11-15 09:27:00,1130,1130,1130,1130,0
2022-11-15 09:28:00,1130,1130,1130,1130,0
2022-11-15 09:29:00,1130,1130,1130,1130,0
2022-11-15 09:30:00,1135,1135,1135,1135,500
2022-11-15 09:31:00,1135,1135,1135,1135,0
2022-11-15 09:32:00,1135,1135,1135,1135,0
2022-11-15 09:33:00,1135,1135,1135,1135,1400
2022-11-15 09:34:00,1135,1135,1135,1135,1300
2022-11-15 09:35:00,1130,1130,1130,1130,176800
2022-11-15 09:36:00,1130,1130,1130,1130,0
2022-11-15 09:37:00,1130,1130,1135,1130,5700
2022-11-15 09:38:00,1130,1130,1130,1130,149400
2022-11-15 09:39:00,1130,1130,1130,1130,0
2022-11-15 09:40:00,1130,1130,1130,1130,1700
2022-11-15 09:41:00,1125,1125,1125,1125,18000
2022-11-15 09:42:00,1125,1125,1130,1130,2200
2022-11-15 09:43:00,1130,1125,1130,1130,23900
2022-11-15 09:44:00,1130,1125,1130,1130,48400
2022-11-15 09:45:00,1130,1125,1130,1125,12800
2022-11-15 09:46:00,1125,1125,1130,1130,48000
2022-11-15 09:47:00,1125,1125,1125,1125,150800
2022-11-15 09:48:00,1125,1125,1130,1130,1700
2022-11-15 09:49:00,1130,1130,1130,1130,21200
2022-11-15 09:50:00,1130,1130,1130,1130,0
2022-11-15 09:51:00,1130,1130,1130,1130,1800
2022-11-15 09:52:00,1130,1125,1130,1125,9900
2022-11-15 09:53:00,1130,1125,1130,1125,10400
2022-11-15 09:54:00,1125,1125,1135,1130,415300
2022-11-15 09:55:00,1135,1135,1135,1135,30900
2022-11-15 09:56:00,1135,1135,1135,1135,0
2022-11-15 09:57:00,1135,1135,1135,1135,0
2022-11-15 09:58:00,1135,1135,1135,1135,0
2022-11-15 09:59:00,1135,1135,1135,1135,1000
2022-11-15 10:00:00,1135,1135,1135,1135,0
2022-11-15 10:01:00,1135,1135,1135,1135,12000
2022-11-15 10:02:00,1130,1130,1130,1130,2000
2022-11-15 10:03:00,1130,1130,1130,1130,1600
2022-11-15 10:04:00,1130,1130,1135,1135,437700
2022-11-15 10:05:00,1135,1135,1140,1135,1300
2022-11-15 10:06:00,1135,1135,1135,1135,21400
2022-11-15 10:07:00,1135,1135,1135,1135,10800
2022-11-15 10:08:00,1135,1135,1135,1135,0
2022-11-15 10:09:00,1135,1135,1135,1135,3500
2022-11-15 10:10:00,1135,1135,1135,1135,6500
2022-11-15 10:11:00,1140,1140,1140,1140,26500
2022-11-15 10:12:00,1135,1135,1135,1135,34800
2022-11-15 10:13:00,1135,1135,1135,1135,21000
2022-11-15 10:14:00,1135,1135,1135,1135,0
2022-11-15 10:15:00,1135,1135,1135,1135,120400
2022-11-15 10:16:00,1135,1135,1135,1135,0
2022-11-15 10:17:00,1135,1135,1135,1135,0
2022-11-15 10:18:00,1135,1135,1140,1140,709900
2022-11-15 10:19:00,1140,1140,1140,1140,0
2022-11-15 10:20:00,1140,1140,1140,1140,2400
2022-11-15 10:21:00,1140,1140,1140,1140,5200
2022-11-15 10:22:00,1140,1140,1140,1140,0
2022-11-15 10:23:00,1140,1140,1140,1140,400
2022-11-15 10:24:00,1140,1140,1140,1140,0
2022-11-15 10:25:00,1140,1140,1140,1140,8000
2022-11-15 10:26:00,1140,1140,1140,1140,100400
2022-11-15 10:27:00,1140,1140,1140,1140,0
2022-11-15 10:28:00,1140,1140,1140,1140,0
2022-11-15 10:29:00,1140,1140,1140,1140,4817700
2022-11-15 10:30:00,1140,1140,1140,1140,6100
2022-11-15 10:31:00,1140,1140,1140,1140,0
2022-11-15 10:32:00,1140,1140,1140,1140,0
2022-11-15 10:33:00,1140,1140,1140,1140,15100
2022-11-15 10:34:00,1140,1140,1140,1140,1200
2022-11-15 10:35:00,1140,1140,1140,1140,5500
2022-11-15 10:36:00,1140,1135,1140,1135,10900
2022-11-15 10:37:00,1140,1135,1140,1135,0
2022-11-15 10:38:00,1140,1140,1140,1140,15000
2022-11-15 10:39:00,1140,1140,1140,1140,0
2022-11-15 10:40:00,1140,1140,1140,1140,33600
2022-11-15 10:41:00,1140,1140,1140,1140,0
2022-11-15 10:42:00,1140,1140,1140,1140,0
2022-11-15 10:43:00,1140,1140,1140,1140,0
2022-11-15 10:44:00,1140,1140,1140,1140,0
2022-11-15 10:45:00,1140,1140,1140,1140,2900
2022-11-15 10:46:00,1140,1140,1140,1140,0
2022-11-15 10:47:00,1140,1140,1140,1140,0
2022-11-15 10:48:00,1140,1140,1140,1140,0
2022-11-15 10:49:00,1140,1140,1140,1140,0
2022-11-15 10:50:00,1140,1140,1140,1140,100
2022-11-15 10:51:00,1140,1140,1140,1140,10700
2022-11-15 10:52:00,1140,1140,1140,1140,0
2022-11-15 10:53:00,1140,1140,1140,1140,0
2022-11-15 10:54:00,1140,1140,1140,1140,33900
2022-11-15 10:55:00,1140,1140,1140,1140,0
2022-11-15 10:56:00,1140,1140,1140,1140,0
2022-11-15 10:57:00,1145,1140,1145,1140,9200
2022-11-15 10:58:00,1140,1140,1140,1140,100
2022-11-15 10:59:00,1140,1140,1140,1140,100
2022-11-15 11:00:00,1140,1140,1140,1140,2900
2022-11-15 11:01:00,1140,1140,1140,1140,0
2022-11-15 11:02:00,1140,1140,1140,1140,2100
2022-11-15 11:03:00,1140,1140,1140,1140,29200
2022-11-15 11:04:00,1140,1140,1145,1145,15500
2022-11-15 11:05:00,1140,1140,1145,1145,0
2022-11-15 11:06:00,1140,1140,1145,1145,0
2022-11-15 11:07:00,1140,1140,1140,1140,200
2022-11-15 11:08:00,1140,1140,1140,1140,300
2022-11-15 11:09:00,1140,1140,1140,1140,4100
2022-11-15 11:10:00,1140,1140,1140,1140,0
2022-11-15 11:11:00,1140,1140,1140,1140,6700
2022-11-15 11:12:00,1140,1140,1140,1140,0
2022-11-15 11:13:00,1140,1140,1140,1140,2300
2022-11-15 11:14:00,1140,1140,1140,1140,0
2022-11-15 11:15:00,1140,1140,1140,1140,19900
2022-11-15 11:16:00,1140,1140,1140,1140,150100
2022-11-15 11:17:00,1140,1140,1140,1140,0
2022-11-15 11:18:00,1140,1140,1140,1140,0
2022-11-15 11:19:00,1140,1140,1145,1145,50000
2022-11-15 11:20:00,1145,1145,1145,1145,150400
2022-11-15 11:21:00,1145,1140,1145,1145,304500
2022-11-15 11:22:00,1145,1145,1145,1145,573200
2022-11-15 11:23:00,1145,1145,1145,1145,3700
2022-11-15 11:24:00,1145,1145,1145,1145,0
2022-11-15 11:25:00,1145,1145,1145,1145,0
2022-11-15 11:26:00,1145,1145,1145,1145,0
2022-11-15 11:27:00,1140,1140,1140,1140,0
2022-11-15 11:28:00,1140,1140,1140,1140,0
2022-11-15 11:29:00,1140,1140,1140,1140,300
2022-11-15 11:30:00,1140,1140,1140,1140,0
2022-11-15 11:31:00,1140,1140,1140,1140,0
2022-11-15 11:32:00,1140,1140,1140,1140,0
2022-11-15 11:33:00,1140,1140,1140,1140,0
2022-11-15 11:34:00,1140,1140,1140,1140,0
2022-11-15 11:35:00,1140,1140,1140,1140,0
2022-11-15 11:36:00,1140,1140,1140,1140,0
2022-11-15 11:37:00,1140,1140,1140,1140,0
2022-11-15 11:38:00,1140,1140,1140,1140,0
2022-11-15 11:39:00,1140,1140,1140,1140,0
2022-11-15 11:40:00,1140,1140,1140,1140,0
2022-11-15 11:41:00,1140,1140,1140,1140,0
2022-11-15 11:42:00,1140,1140,1140,1140,0
2022-11-15 11:43:00,1140,1140,1140,1140,0
2022-11-15 11:44:00,1140,1140,1140,1140,0
2022-11-15 11:45:00,1140,1140,1140,1140,0
2022-11-15 11:46:00,1140,1140,1140,1140,0
2022-11-15 11:47:00,1140,1140,1140,1140,0
2022-11-15 11:48:00,1140,1140,1140,1140,0
2022-11-15 11:49:00,1140,1140,1140,1140,0
2022-11-15 11:50:00,1140,1140,1140,1140,0
2022-11-15 11:51:00,1140,1140,1140,1140,0
2022-11-15 11:52:00,1140,1140,1140,1140,0
2022-11-15 11:53:00,1140,1140,1140,1140,0
2022-11-15 11:54:00,1140,1140,1140,1140,0
2022-11-15 11:55:00,1140,1140,1140,1140,0
2022-11-15 11:56:00,1140,1140,1140,1140,0
2022-11-15 11:57:00,1140,1140,1140,1140,0
2022-11-15 11:58:00,1140,1140,1140,1140,0
2022-11-15 11:59:00,1140,1140,1140,1140,0
2022-11-15 12:00:00,1140,1140,1140,1140,0
2022-11-15 12:01:00,1140,1140,1140,1140,0
2022-11-15 12:02:00,1140,1140,1140,1140,0
2022-11-15 12:03:00,1140,1140,1140,1140,0
2022-11-15 12:04:00,1140,1140,1140,1140,0
2022-11-15 12:05:00,1140,1140,1140,1140,0
2022-11-15 12:06:00,1140,1140,1140,1140,0
2022-11-15 12:07:00,1140,1140,1140,1140,0
2022-11-15 12:08:00,1140,1140,1140,1140,0
2022-11-15 12:09:00,1140,1140,1140,1140,0
2022-11-15 12:10:00,1140,1140,1140,1140,0
2022-11-15 12:11:00,1140,1140,1140,1140,0
2022-11-15 12:12:00,1140,1140,1140,1140,0
2022-11-15 12:13:00,1140,1140,1140,1140,0
2022-11-15 12:14:00,1140,1140,1140,1140,0
2022-11-15 12:15:00,1140,1140,1140,1140,0
2022-11-15 12:16:00,1140,1140,1140,1140,0
2022-11-15 12:17:00,1140,1140,1140,1140,0
2022-11-15 12:18:00,1140,1140,1140,1140,0
2022-11-15 12:19:00,1140,1140,1140,1140,0
2022-11-15 12:20:00,1140,1140,1140,1140,0
2022-11-15 12:21:00,1140,1140,1140,1140,0
2022-11-15 12:22:00,1140,1140,1140,1140,0
2022-11-15 12:23:00,1140,1140,1140,1140,0
2022-11-15 12:24:00,1140,1140,1140,1140,0
2022-11-15 12:25:00,1140,1140,1140,1140,0
2022-11-15 12:26:00,1140,1140,1140,1140,0
2022-11-15 12:27:00,1140,1140,1140,1140,0
2022-11-15 12:28:00,1140,1140,1140,1140,0
2022-11-15 12:29:00,1140,1140,1140,1140,0
2022-11-15 12:30:00,1140,1140,1140,1140,0
2022-11-15 12:31:00,1140,1140,1140,1140,0
2022-11-15 12:32:00,1140,1140,1140,1140,0
2022-11-15 12:33:00,1140,1140,1140,1140,0
2022-11-15 12:34:00,1140,1140,1140,1140,0
2022-11-15 12:35:00,1140,1140,1140,1140,0
2022-11-15 12:36:00,1140,1140,1140,1140,0
2022-11-15 12:37:00,1140,1140,1140,1140,0
2022-11-15 12:38:00,1140,1140,1140,1140,0
2022-11-15 12:39:00,1140,1140,1140,1140,0
2022-11-15 12:40:00,1140,1140,1140,1140,0
2022-11-15 12:41:00,1140,1140,1140,1140,0
2022-11-15 12:42:00,1140,1140,1140,1140,0
2022-11-15 12:43:00,1140,1140,1140,1140,0
2022-11-15 12:44:00,1140,1140,1140,1140,0
2022-11-15 12:45:00,1140,1140,1140,1140,0
2022-11-15 12:46:00,1140,1140,1140,1140,0
2022-11-15 12:47:00,1140,1140,1140,1140,0
2022-11-15 12:48:00,1140,1140,1140,1140,0
2022-11-15 12:49:00,1140,1140,1140,1140,0
2022-11-15 12:50:00,1140,1140,1140,1140,0
2022-11-15 12:51:00,1140,1140,1140,1140,0
2022-11-15 12:52:00,1140,1140,1140,1140,0
2022-11-15 12:53:00,1140,1140,1140,1140,0
2022-11-15 12:54:00,1140,1140,1140,1140,0
2022-11-15 12:55:00,1140,1140,1140,1140,0
2022-11-15 12:56:00,1140,1140,1140,1140,0
2022-11-15 12:57:00,1140,1140,1140,1140,0
2022-11-15 12:58:00,1140,1140,1140,1140,0
2022-11-15 12:59:00,1140,1140,1140,1140,0
2022-11-15 13:00:00,1140,1140,1140,1140,0
2022-11-15 13:01:00,1140,1140,1140,1140,0
2022-11-15 13:02:00,1140,1140,1140,1140,0
2022-11-15 13:03:00,1140,1140,1140,1140,0
2022-11-15 13:04:00,1140,1140,1140,1140,0
2022-11-15 13:05:00,1140,1140,1140,1140,0
2022-11-15 13:06:00,1140,1140,1140,1140,0
2022-11-15 13:07:00,1140,1140,1140,1140,0
2022-11-15 13:08:00,1140,1140,1140,1140,0
2022-11-15 13:09:00,1140,1140,1140,1140,0
2022-11-15 13:10:00,1140,1140,1140,1140,0
2022-11-15 13:11:00,1140,1140,1140,1140,0
2022-11-15 13:12:00,1140,1140,1140,1140,0
2022-11-15 13:13:00,1140,1140,1140,1140,0
2022-11-15 13:14:00,1140,1140,1140,1140,0
2022-11-15 13:15:00,1140,1140,1140,1140,0
2022-11-15 13:16:00,1140,1140,1140,1140,0
2022-11-15 13:17:00,1140,1140,1140,1140,0
2022-11-15 13:18:00,1140,1140,1140,1140,0
2022-11-15 13:19:00,1140,1140,1140,1140,0
2022-11-15 13:20:00,1140,1140,1140,1140,0
2022-11-15 13:21:00,1140,1140,1140,1140,0
2022-11-15 13:22:00,1140,1140,1140,1140,0
2022-11-15 13:23:00,1140,1140,1140,1140,0
2022-11-15 13:24:00,1140,1140,1140,1140,0
2022-11-15 13:25:00,1140,1140,1140,1140,0
2022-11-15 13:26:00,1140,1140,1140,1140,0
2022-11-15 13:27:00,1140,1140,1140,1140,0
2022-11-15 13:28:00,1140,1140,1140,1140,0
2022-11-15 13:29:00,1140,1140,1140,1140,0
2022-11-15 13:30:00,1140,1140,1140,1140,21000
2022-11-15 13:31:00,1140,1140,1140,1140,0
2022-11-15 13:32:00,1140,1140,1140,1140,10000
2022-11-15 13:33:00,1140,1140,1140,1140,0
2022-11-15 13:34:00,1140,1140,1140,1140,0
2022-11-15 13:35:00,1140,1140,1140,1140,56000
2022-11-15 13:36:00,1140,1140,1140,1140,0
2022-11-15 13:37:00,1145,1145,1145,1145,0
2022-11-15 13:38:00,1145,1145,1145,1145,24900
2022-11-15 13:39:00,1145,1145,1145,1145,0
2022-11-15 13:40:00,1140,1140,1140,1140,4000
2022-11-15 13:41:00,1140,1140,1140,1140,65500
2022-11-15 13:42:00,1140,1140,1145,1145,0
2022-11-15 13:43:00,1145,1145,1145,1145,41900
2022-11-15 13:44:00,1145,1145,1145,1145,0
2022-11-15 13:45:00,1145,1145,1150,1150,1301500
2022-11-15 13:46:00,1150,1150,1160,1160,2330900
2022-11-15 13:47:00,1155,1155,1160,1160,18200
2022-11-15 13:48:00,1160,1155,1160,1155,104900
2022-11-15 13:49:00,1160,1160,1160,1160,24100
2022-11-15 13:50:00,1155,1155,1155,1155,3500
2022-11-15 13:51:00,1155,1155,1155,1155,480300
2022-11-15 13:52:00,1155,1155,1155,1155,23500
2022-11-15 13:53:00,1155,1155,1155,1155,877700
2022-11-15 13:54:00,1155,1155,1165,1165,335700
2022-11-15 13:55:00,1160,1160,1160,1160,149700
2022-11-15 13:56:00,1160,1160,1165,1165,1521700
2022-11-15 13:57:00,1165,1165,1165,1165,495100
2022-11-15 13:58:00,1165,1165,1170,1165,640200
2022-11-15 13:59:00,1165,1165,1170,1165,279600
2022-11-15 14:00:00,1170,1160,1170,1170,528100
2022-11-15 14:01:00,1170,1165,1170,1165,9200
2022-11-15 14:02:00,1165,1165,1165,1165,12200
2022-11-15 14:03:00,1165,1165,1170,1170,42700
2022-11-15 14:04:00,1170,1165,1170,1165,46400
2022-11-15 14:05:00,1165,1165,1165,1165,12000
2022-11-15 14:06:00,1165,1165,1165,1165,49000
2022-11-15 14:07:00,1165,1165,1165,1165,79600
2022-11-15 14:08:00,1165,1165,1165,1165,71100
2022-11-15 14:09:00,1160,1160,1160,1160,149900
2022-11-15 14:10:00,1160,1160,1165,1165,207500
2022-11-15 14:11:00,1165,1165,1165,1165,15100
2022-11-15 14:12:00,1165,1165,1170,1170,4500
2022-11-15 14:13:00,1165,1165,1170,1170,15700
2022-11-15 14:14:00,1170,1165,1170,1170,35100
2022-11-15 14:15:00,1170,1170,1170,1170,447800
2022-11-15 14:16:00,1170,1165,1170,1165,298700
2022-11-15 14:17:00,1165,1165,1175,1175,1025800
2022-11-15 14:18:00,1170,1165,1170,1170,1055900
2022-11-15 14:19:00,1170,1165,1175,1170,199500
2022-11-15 14:20:00,1165,1165,1170,1170,57500
2022-11-15 14:21:00,1165,1165,1170,1170,11800
2022-11-15 14:22:00,1170,1170,1170,1170,99400
2022-11-15 14:23:00,1170,1170,1170,1170,541300
2022-11-15 14:24:00,1170,1170,1175,1175,66400
2022-11-15 14:25:00,1175,1170,1175,1170,26400
2022-11-15 14:26:00,1170,1170,1175,1170,206400
2022-11-15 14:27:00,1170,1170,1175,1175,13300
2022-11-15 14:28:00,1175,1170,1175,1175,10200
2022-11-15 14:29:00,1170,1170,1175,1175,44900
2022-11-15 14:30:00,1170,1170,1170,1170,0
2022-11-15 14:31:00,1170,1170,1175,1175,7300
2022-11-15 14:32:00,1170,1170,1175,1170,394400
2022-11-15 14:33:00,1170,1170,1170,1170,95800
2022-11-15 14:34:00,1170,1165,1170,1170,5700
2022-11-15 14:35:00,1170,1165,1170,1170,15300
2022-11-15 14:36:00,1170,1170,1170,1170,7100
2022-11-15 14:37:00,1170,1170,1170,1170,6900
2022-11-15 14:38:00,1165,1165,1165,1165,39900
2022-11-15 14:39:00,1170,1165,1170,1165,0
2022-11-15 14:40:00,1165,1165,1170,1170,186100
2022-11-15 14:41:00,1165,1165,1170,1165,196300
2022-11-15 14:42:00,1170,1160,1170,1160,466300
2022-11-15 14:43:00,1160,1160,1160,1160,13800
2022-11-15 14:44:00,1165,1160,1165,1160,23200
2022-11-15 14:45:00,1160,1160,1165,1165,35100
2022-11-15 14:46:00,1165,1160,1165,1165,92600
2022-11-15 14:47:00,1165,1165,1165,1165,288200
2022-11-15 14:48:00,1165,1160,1170,1170,635100
2022-11-15 14:49:00,1170,1165,1170,1165,13200
2022-11-15 14:50:00,1170,1165,1170,1165,0
2022-11-15 14:51:00,1170,1165,1170,1165,0
2022-11-15 14:52:00,1170,1165,1170,1165,0
2022-11-15 14:53:00,1170,1165,1170,1165,0
2022-11-15 14:54:00,1170,1165,1170,1165,0
2022-11-15 14:55:00,1170,1165,1170,1165,0
2022-11-15 14:56:00,1170,1165,1170,1165,0
2022-11-15 14:57:00,1170,1165,1170,1165,0
2022-11-15 14:58:00,1170,1165,1170,1165,0
2022-11-15 14:59:00,1170,1165,1170,1165,0
2022-11-15 15:00:00,1170,1170,1170,1170,1928400
2022-11-15 15:01:00,1170,1170,1170,1170,15300
2022-11-15 15:02:00,1170,1170,1170,1170,11500
2022-11-15 15:03:00,1170,1170,1170,1170,19100
2022-11-15 15:04:00,1170,1170,1170,1170,1500
2022-11-15 15:05:00,1170,1170,1170,1170,30100
2022-11-15 15:06:00,1170,1170,1170,1170,6000
2022-11-15 15:07:00,1170,1170,1170,1170,2000
2022-11-15 15:08:00,1170,1170,1170,1170,24500
2022-11-15 15:09:00,1170,1170,1170,1170,0
2022-11-15 15:10:00,1170,1170,1170,1170,2168900
2022-11-15 15:11:00,1170,1170,1170,1170,561000
2022-11-15 15:12:00,1170,1170,1170,1170,0
2022-11-15 15:13:00,1170,1170,1170,1170,0
2022-11-15 15:14:00,1170,1170,1170,1170,0
2022-11-15 15:15:00,1170,1170,1170,1170,0
2022-11-15 15:16:00,1170,1170,1170,1170,0
2022-11-15 15:17:00,1170,1170,1170,1170,0
2022-11-15 15:18:00,1170,1170,1170,1170,0
2022-11-15 15:19:00,1170,1170,1170,1170,0
2022-11-15 15:20:00,1170,1170,1170,1170,0
2022-11-15 15:21:00,1170,1170,1170,1170,0
2022-11-15 15:22:00,1170,1170,1170,1170,0
2022-11-15 15:23:00,1170,1170,1170,1170,0
2022-11-15 15:24:00,1170,1170,1170,1170,0
2022-11-15 15:25:00,1170,1170,1170,1170,0
2022-11-15 15:26:00,1170,1170,1170,1170,0
2022-11-15 15:27:00,1170,1170,1170,1170,0
2022-11-15 15:28:00,1170,1170,1170,1170,0
2022-11-15 15:29:00,1170,1170,1170,1170,0
2022-11-15 15:30:00,1170,1170,1170,1170,0
2022-11-15 15:31:00,1170,1170,1170,1170,0
2022-11-15 15:32:00,1170,1170,1170,1170,0
2022-11-15 15:33:00,1170,1170,1170,1170,0
2022-11-15 15:34:00,1170,1170,1170,1170,0
2022-11-15 15:35:00,1170,1170,1170,1170,0
2022-11-15 15:36:00,1170,1170,1170,1170,0
2022-11-15 15:37:00,1170,1170,1170,1170,0
2022-11-15 15:38:00,1170,1170,1170,1170,0
2022-11-15 15:39:00,1170,1170,1170,1170,0
2022-11-15 15:40:00,1170,1170,1170,1170,0
2022-11-15 15:41:00,1170,1170,1170,1170,0
2022-11-15 15:42:00,1170,1170,1170,1170,0
2022-11-15 15:43:00,1170,1170,1170,1170,0
2022-11-15 15:44:00,1170,1170,1170,1170,0
2022-11-15 15:45:00,1170,1170,1170,1170,0
2022-11-15 15:46:00,1170,1170,1170,1170,0
2022-11-15 15:47:00,1170,1170,1170,1170,0
2022-11-15 15:48:00,1170,1170,1170,1170,0
2022-11-15 15:49:00,1170,1170,1170,1170,0
2022-11-15 15:50:00,1170,1170,1170,1170,0
2022-11-15 15:51:00,1170,1170,1170,1170,0
2022-11-15 15:52:00,1170,1170,1170,1170,0
2022-11-15 15:53:00,1170,1170,1170,1170,0
2022-11-15 15:54:00,1170,1170,1170,1170,0
2022-11-15 15:55:00,1170,1170,1170,1170,0
2022-11-15 15:56:00,1170,1170,1170,1170,0
2022-11-15 15:57:00,1170,1170,1170,1170,0
2022-11-15 15:58:00,1170,1170,1170,1170,0
2022-11-15 15:59:00,1170,1170,1170,1170,0
2022-11-16 09:00:00,1170,1155,1170,1160,146000
2022-11-16 09:01:00,1160,1155,1160,1160,37400
2022-11-16 09:02:00,1160,1160,1165,1160,66300
2022-11-16 09:03:00,1160,1160,1165,1160,520400
2022-11-16 09:04:00,1160,1160,1165,1160,0
2022-11-16 09:05:00,1160,1160,1165,1160,19800
2022-11-16 09:06:00,1160,1160,1165,1160,0
2022-11-16 09:07:00,1160,1160,1160,1160,281700
2022-11-16 09:08:00,1160,1155,1160,1160,16100
2022-11-16 09:09:00,1160,1155,1160,1160,0
2022-11-16 09:10:00,1160,1160,1160,1160,1400
2022-11-16 09:11:00,1160,1160,1160,1160,0
2022-11-16 09:12:00,1155,1155,1160,1160,266100
2022-11-16 09:13:00,1160,1160,1160,1160,0
2022-11-16 09:14:00,1155,1150,1155,1155,1247900
2022-11-16 09:15:00,1155,1150,1155,1155,46100
2022-11-16 09:16:00,1150,1145,1155,1155,1185700
2022-11-16 09:17:00,1145,1145,1150,1145,54900
2022-11-16 09:18:00,1145,1145,1150,1145,443300
2022-11-16 09:19:00,1145,1145,1150,1150,43700
2022-11-16 09:20:00,1150,1145,1150,1150,141400
2022-11-16 09:21:00,1150,1150,1150,1150,16700
2022-11-16 09:22:00,1150,1150,1150,1150,3300
2022-11-16 09:23:00,1150,1145,1150,1145,6800
2022-11-16 09:24:00,1145,1145,1150,1150,327500
2022-11-16 09:25:00,1145,1145,1150,1145,4400
2022-11-16 09:26:00,1150,1150,1150,1150,0
2022-11-16 09:27:00,1150,1150,1150,1150,1600
2022-11-16 09:28:00,1150,1150,1150,1150,4000
2022-11-16 09:29:00,1150,1150,1150,1150,5600
2022-11-16 09:30:00,1150,1150,1155,1155,2420400
2022-11-16 09:31:00,1155,1150,1160,1155,1940900
2022-11-16 09:32:00,1155,1155,1155,1155,578300
2022-11-16 09:33:00,1155,1155,1155,1155,251500
2022-11-16 09:34:00,1160,1160,1160,1160,67000
2022-11-16 09:35:00,1160,1160,1160,1160,0
2022-11-16 09:36:00,1160,1160,1160,1160,8200
2022-11-16 09:37:00,1155,1150,1155,1150,2235700
2022-11-16 09:38:00,1150,1150,1150,1150,602200
2022-11-16 09:39:00,1150,1150,1155,1150,83000
2022-11-16 09:40:00,1150,1150,1150,1150,0
2022-11-16 09:41:00,1155,1150,1155,1150,79000
2022-11-16 09:42:00,1150,1150,1150,1150,90500
2022-11-16 09:43:00,1150,1150,1150,1150,0
2022-11-16 09:44:00,1145,1145,1150,1145,394500
2022-11-16 09:45:00,1145,1145,1150,1150,2500
2022-11-16 09:46:00,1145,1145,1150,1150,58700
2022-11-16 09:47:00,1150,1150,1150,1150,0
2022-11-16 09:48:00,1150,1150,1150,1150,11500
2022-11-16 09:49:00,1150,1145,1150,1145,500
2022-11-16 09:50:00,1145,1145,1145,1145,800
2022-11-16 09:51:00,1150,1145,1150,1150,350100
2022-11-16 09:52:00,1150,1145,1150,1145,22500
2022-11-16 09:53:00,1145,1145,1145,1145,222000
2022-11-16 09:54:00,1150,1150,1150,1150,0
2022-11-16 09:55:00,1145,1145,1150,1150,477000
2022-11-16 09:56:00,1150,1150,1150,1150,9000
2022-11-16 09:57:00,1150,1150,1150,1150,497700
2022-11-16 09:58:00,1145,1145,1145,1145,888800
2022-11-16 09:59:00,1145,1145,1145,1145,0
2022-11-16 10:00:00,1145,1145,1155,1155,347000
2022-11-16 10:01:00,1155,1150,1155,1150,108300
2022-11-16 10:02:00,1150,1150,1150,1150,0
2022-11-16 10:03:00,1150,1150,1155,1155,699200
2022-11-16 10:04:00,1155,1150,1155,1150,709400
2022-11-16 10:05:00,1150,1145,1150,1145,659500
2022-11-16 10:06:00,1145,1145,1145,1145,0
2022-11-16 10:07:00,1145,1145,1145,1145,700000
2022-11-16 10:08:00,1145,1145,1145,1145,135500
2022-11-16 10:09:00,1145,1140,1145,1140,324900
2022-11-16 10:10:00,1145,1140,1145,1145,77900
2022-11-16 10:11:00,1145,1145,1150,1145,105000
2022-11-16 10:12:00,1145,1145,1145,1145,3700
2022-11-16 10:13:00,1140,1130,1140,1130,3031600
2022-11-16 10:14:00,1130,1130,1135,1130,508300
2022-11-16 10:15:00,1135,1125,1140,1125,1011300
2022-11-16 10:16:00,1135,1135,1135,1135,0
2022-11-16 10:17:00,1130,1125,1135,1130,510400
2022-11-16 10:18:00,1125,1120,1125,1125,1307500
2022-11-16 10:19:00,1125,1115,1140,1125,952000
2022-11-16 10:20:00,1125,1125,1130,1130,224600
2022-11-16 10:21:00,1130,1130,1135,1135,154400
2022-11-16 10:22:00,1135,1135,1140,1140,116700
2022-11-16 10:23:00,1140,1140,1140,1140,101100
2022-11-16 10:24:00,1140,1140,1140,1140,712500
2022-11-16 10:25:00,1140,1140,1145,1145,80300
2022-11-16 10:26:00,1145,1145,1145,1145,0
2022-11-16 10:27:00,1145,1145,1145,1145,5600
2022-11-16 10:28:00,1145,1145,1145,1145,19500
2022-11-16 10:29:00,1145,1145,1150,1150,954000
2022-11-16 10:30:00,1155,1150,1155,1150,120400
2022-11-16 10:31:00,1155,1155,1155,1155,201200
2022-11-16 10:32:00,1155,1150,1155,1150,5800
2022-11-16 10:33:00,1150,1150,1150,1150,610400
2022-11-16 10:34:00,1150,1150,1150,1150,0
2022-11-16 10:35:00,1145,1145,1145,1145,33200
2022-11-16 10:36:00,1145,1145,1150,1145,0
2022-11-16 10:37:00,1145,1145,1145,1145,500
2022-11-16 10:38:00,1145,1145,1145,1145,200
2022-11-16 10:39:00,1145,1145,1145,1145,17900
2022-11-16 10:40:00,1145,1145,1145,1145,11000
2022-11-16 10:41:00,1150,1145,1150,1145,2900
2022-11-16 10:42:00,1145,1145,1145,1145,0
2022-11-16 10:43:00,1150,1145,1150,1145,1105200
2022-11-16 10:44:00,1140,1140,1140,1140,497900
2022-11-16 10:45:00,1145,1140,1145,1140,163800
2022-11-16 10:46:00,1140,1135,1140,1135,187100
2022-11-16 10:47:00,1135,1135,1140,1140,527600
2022-11-16 10:48:00,1140,1140,1140,1140,0
2022-11-16 10:49:00,1140,1140,1140,1140,0
2022-11-16 10:50:00,1140,1140,1140,1140,0
2022-11-16 10:51:00,1140,1140,1140,1140,0
2022-11-16 10:52:00,1140,1140,1140,1140,200
2022-11-16 10:53:00,1140,1140,1145,1145,70600
2022-11-16 10:54:00,1145,1145,1150,1145,2200
2022-11-16 10:55:00,1150,1150,1150,1150,48500
2022-11-16 10:56:00,1150,1150,1155,1150,364600
2022-11-16 10:57:00,1155,1150,1155,1150,0
2022-11-16 10:58:00,1150,1150,1150,1150,18500
2022-11-16 10:59:00,1150,1150,1155,1150,1115200
2022-11-16 11:00:00,1155,1155,1155,1155,303700
2022-11-16 11:01:00,1155,1155,1155,1155,0
2022-11-16 11:02:00,1155,1155,1155,1155,0
2022-11-16 11:03:00,1155,1155,1155,1155,19000
2022-11-16 11:04:00,1155,1155,1155,1155,0
2022-11-16 11:05:00,1155,1155,1155,1155,0
2022-11-16 11:06:00,1155,1155,1155,1155,0
2022-11-16 11:07:00,1155,1155,1155,1155,0
2022-11-16 11:08:00,1155,1155,1155,1155,200000
2022-11-16 11:09:00,1150,1145,1150,1145,1887700
2022-11-16 11:10:00,1145,1140,1150,1140,621600
2022-11-16 11:11:00,1145,1140,1145,1140,0
2022-11-16 11:12:00,1145,1140,1145,1140,0
2022-11-16 11:13:00,1145,1145,1145,1145,6700
2022-11-16 11:14:00,1145,1145,1145,1145,5900
2022-11-16 11:15:00,1145,1145,1145,1145,0
2022-11-16 11:16:00,1145,1145,1145,1145,0
2022-11-16 11:17:00,1140,1140,1140,1140,109300
2022-11-16 11:18:00,1140,1140,1140,1140,0
2022-11-16 11:19:00,1140,1140,1140,1140,615100
2022-11-16 11:20:00,1140,1140,1140,1140,0
2022-11-16 11:21:00,1140,1140,1140,1140,320300
2022-11-16 11:22:00,1140,1140,1140,1140,70800
2022-11-16 11:23:00,1140,1135,1140,1140,38300
2022-11-16 11:24:00,1140,1140,1140,1140,307900
2022-11-16 11:25:00,1140,1140,1140,1140,0
2022-11-16 11:26:00,1140,1140,1140,1140,200
2022-11-16 11:27:00,1140,1140,1145,1145,400
2022-11-16 11:28:00,1140,1140,1145,1145,144500
2022-11-16 11:29:00,1140,1140,1145,1145,0
2022-11-16 11:30:00,1140,1140,1145,1145,0
2022-11-16 11:31:00,1140,1140,1145,1145,0
2022-11-16 11:32:00,1140,1140,1145,1145,0
2022-11-16 11:33:00,1140,1140,1145,1145,0
2022-11-16 11:34:00,1140,1140,1145,1145,0
2022-11-16 11:35:00,1140,1140,1145,1145,0
2022-11-16 11:36:00,1140,1140,1145,1145,0
2022-11-16 11:37:00,1140,1140,1145,1145,0
2022-11-16 11:38:00,1140,1140,1145,1145,0
2022-11-16 11:39:00,1140,1140,1145,1145,0
2022-11-16 11:40:00,1140,1140,1145,1145,0
2022-11-16 11:41:00,1140,1140,1145,1145,0
2022-11-16 11:42:00,1140,1140,1145,1145,0
2022-11-16 11:43:00,1140,1140,1145,1145,0
2022-11-16 11:44:00,1140,1140,1145,1145,0
2022-11-16 11:45:00,1140,1140,1145,1145,0
2022-11-16 11:46:00,1140,1140,1145,1145,0
2022-11-16 11:47:00,1140,1140,1145,1145,0
2022-11-16 11:48:00,1140,1140,1145,1145,0
2022-11-16 11:49:00,1140,1140,1145,1145,0
2022-11-16 11:50:00,1140,1140,1145,1145,0
2022-11-16 11:51:00,1140,1140,1145,1145,0
2022-11-16 11:52:00,1140,1140,1145,1145,0
2022-11-16 11:53:00,1140,1140,1145,1145,0
2022-11-16 11:54:00,1140,1140,1145,1145,0
2022-11-16 11:55:00,1140,1140,1145,1145,0
2022-11-16 11:56:00,1140,1140,1145,1145,0
2022-11-16 11:57:00,1140,1140,1145,1145,0
2022-11-16 11:58:00,1140,1140,1145,1145,0
2022-11-16 11:59:00,1140,1140,1145,1145,0
2022-11-16 12:00:00,1140,1140,1145,1145,0
2022-11-16 12:01:00,1140,1140,1145,1145,0
2022-11-16 12:02:00,1140,1140,1145,1145,0
2022-11-16 12:03:00,1140,1140,1145,1145,0
2022-11-16 12:04:00,1140,1140,1145,1145,0
2022-11-16 12:05:00,1140,1140,1145,1145,0
2022-11-16 12:06:00,1140,1140,1145,1145,0
2022-11-16 12:07:00,1140,1140,1145,1145,0
2022-11-16 12:08:00,1140,1140,1145,1145,0
2022-11-16 12:09:00,1140,1140,1145,1145,0
2022-11-16 12:10:00,1140,1140,1145,1145,0
2022-11-16 12:11:00,1140,1140,1145,1145,0
2022-11-16 12:12:00,1140,1140,1145,1145,0
2022-11-16 12:13:00,1140,1140,1145,1145,0
2022-11-16 12:14:00,1140,1140,1145,1145,0
2022-11-16 12:15:00,1140,1140,1145,1145,0
2022-11-16 12:16:00,1140,1140,1145,1145,0
2022-11-16 12:17:00,1140,1140,1145,1145,0
2022-11-16 12:18:00,1140,1140,1145,1145,0
2022-11-16 12:19:00,1140,1140,1145,1145,0
2022-11-16 12:20:00,1140,1140,1145,1145,0
2022-11-16 12:21:00,1140,1140,1145,1145,0
2022-11-16 12:22:00,1140,1140,1145,1145,0
2022-11-16 12:23:00,1140,1140,1145,1145,0
2022-11-16 12:24:00,1140,1140,1145,1145,0
2022-11-16 12:25:00,1140,1140,1145,1145,0
2022-11-16 12:26:00,1140,1140,1145,1145,0
2022-11-16 12:27:00,1140,1140,1145,1145,0
2022-11-16 12:28:00,1140,1140,1145,1145,0
2022-11-16 12:29:00,1140,1140,1145,1145,0
2022-11-16 12:30:00,1140,1140,1145,1145,0
2022-11-16 12:31:00,1140,1140,1145,1145,0
2022-11-16 12:32:00,1140,1140,1145,1145,0
2022-11-16 12:33:00,1140,1140,1145,1145,0
2022-11-16 12:34:00,1140,1140,1145,1145,0
2022-11-16 12:35:00,1140,1140,1145,1145,0
2022-11-16 12:36:00,1140,1140,1145,1145,0
2022-11-16 12:37:00,1140,1140,1145,1145,0
2022-11-16 12:38:00,1140,1140,1145,1145,0
2022-11-16 12:39:00,1140,1140,1145,1145,0
2022-11-16 12:40:00,1140,1140,1145,1145,0
2022-11-16 12:41:00,1140,1140,1145,1145,0
2022-11-16 12:42:00,1140,1140,1145,1145,0
2022-11-16 12:43:00,1140,1140,1145,1145,0
2022-11-16 12:44:00,1140,1140,1145,1145,0
2022-11-16 12:45:00,1140,1140,1145,1145,0
2022-11-16 12:46:00,1140,1140,1145,1145,0
2022-11-16 12:47:00,1140,1140,1145,1145,0
2022-11-16 12:48:00,1140,1140,1145,1145,0
2022-11-16 12:49:00,1140,1140,1145,1145,0
2022-11-16 12:50:00,1140,1140,1145,1145,0
2022-11-16 12:51:00,1140,1140,1145,1145,0
2022-11-16 12:52:00,1140,1140,1145,1145,0
2022-11-16 12:53:00,1140,1140,1145,1145,0
2022-11-16 12:54:00,1140,1140,1145,1145,0
2022-11-16 12:55:00,1140,1140,1145,1145,0
2022-11-16 12:56:00,1140,1140,1145,1145,0
2022-11-16 12:57:00,1140,1140,1145,1145,0
2022-11-16 12:58:00,1140,1140,1145,1145,0
2022-11-16 12:59:00,1140,1140,1145,1145,0
2022-11-16 13:00:00,1140,1140,1145,1145,0
2022-11-16 13:01:00,1140,1140,1145,1145,0
2022-11-16 13:02:00,1140,1140,1145,1145,0
2022-11-16 13:03:00,1140,1140,1145,1145,0
2022-11-16 13:04:00,1140,1140,1145,1145,0
2022-11-16 13:05:00,1140,1140,1145,1145,0
2022-11-16 13:06:00,1140,1140,1145,1145,0
2022-11-16 13:07:00,1140,1140,1145,1145,0
2022-11-16 13:08:00,1140,1140,1145,1145,0
2022-11-16 13:09:00,1140,1140,1145,1145,0
2022-11-16 13:10:00,1140,1140,1145,1145,0
2022-11-16 13:11:00,1140,1140,1145,1145,0
2022-11-16 13:12:00,1140,1140,1145,1145,0
2022-11-16 13:13:00,1140,1140,1145,1145,0
2022-11-16 13:14:00,1140,1140,1145,1145,0
2022-11-16 13:15:00,1140,1140,1145,1145,0
2022-11-16 13:16:00,1140,1140,1145,1145,0
2022-11-16 13:17:00,1140,1140,1145,1145,0
2022-11-16 13:18:00,1140,1140,1145,1145,0
2022-11-16 13:19:00,1140,1140,1145,1145,0
2022-11-16 13:20:00,1140,1140,1145,1145,0
2022-11-16 13:21:00,1140,1140,1145,1145,0
2022-11-16 13:22:00,1140,1140,1145,1145,0
2022-11-16 13:23:00,1140,1140,1145,1145,0
2022-11-16 13:24:00,1140,1140,1145,1145,0
2022-11-16 13:25:00,1140,1140,1145,1145,0
2022-11-16 13:26:00,1140,1140,1145,1145,0
2022-11-16 13:27:00,1140,1140,1145,1145,0
2022-11-16 13:28:00,1140,1140,1145,1145,0
2022-11-16 13:29:00,1140,1140,1145,1145,0
2022-11-16 13:30:00,1145,1140,1145,1140,120200
2022-11-16 13:31:00,1145,1140,1145,1140,0
2022-11-16 13:32:00,1140,1140,1140,1140,707400
2022-11-16 13:33:00,1140,1140,1140,1140,0
2022-11-16 13:34:00,1140,1140,1140,1140,94000
2022-11-16 13:35:00,1140,1140,1145,1140,3100
2022-11-16 13:36:00,1140,1140,1145,1145,3500
2022-11-16 13:37:00,1140,1140,1145,1145,0
2022-11-16 13:38:00,1140,1140,1140,1140,870300
2022-11-16 13:39:00,1140,1140,1140,1140,0
2022-11-16 13:40:00,1140,1140,1140,1140,0
2022-11-16 13:41:00,1140,1140,1140,1140,200
2022-11-16 13:42:00,1140,1140,1140,1140,5400
2022-11-16 13:43:00,1140,1140,1140,1140,4200
2022-11-16 13:44:00,1140,1140,1140,1140,10600
2022-11-16 13:45:00,1140,1140,1140,1140,171100
2022-11-16 13:46:00,1140,1140,1140,1140,432300
2022-11-16 13:47:00,1140,1140,1140,1140,0
2022-11-16 13:48:00,1140,1140,1140,1140,115700
2022-11-16 13:49:00,1140,1140,1140,1140,385400
2022-11-16 13:50:00,1140,1140,1140,1140,0
2022-11-16 13:51:00,1140,1140,1140,1140,36500
2022-11-16 13:52:00,1140,1140,1140,1140,0
2022-11-16 13:53:00,1140,1140,1140,1140,1400
2022-11-16 13:54:00,1140,1140,1140,1140,34900
2022-11-16 13:55:00,1140,1140,1140,1140,417400
2022-11-16 13:56:00,1140,1140,1140,1140,118500
2022-11-16 13:57:00,1140,1140,1140,1140,0
2022-11-16 13:58:00,1140,1140,1140,1140,195600
2022-11-16 13:59:00,1140,1140,1140,1140,0
2022-11-16 14:00:00,1140,1140,1140,1140,6500
2022-11-16 14:01:00,1135,1135,1140,1140,174300
2022-11-16 14:02:00,1140,1140,1140,1140,900000
2022-11-16 14:03:00,1140,1140,1140,1140,0
2022-11-16 14:04:00,1140,1140,1140,1140,288500
2022-11-16 14:05:00,1140,1140,1140,1140,56000
2022-11-16 14:06:00,1140,1140,1140,1140,200
2022-11-16 14:07:00,1140,1140,1140,1140,900
2022-11-16 14:08:00,1140,1140,1140,1140,15600
2022-11-16 14:09:00,1140,1140,1140,1140,49000
2022-11-16 14:10:00,1140,1135,1140,1135,200
2022-11-16 14:11:00,1140,1140,1140,1140,2300
2022-11-16 14:12:00,1140,1140,1140,1140,3400
2022-11-16 14:13:00,1140,1140,1140,1140,0
2022-11-16 14:14:00,1135,1135,1135,1135,700
2022-11-16 14:15:00,1140,1140,1140,1140,482900
2022-11-16 14:16:00,1140,1140,1140,1140,0
2022-11-16 14:17:00,1140,1140,1140,1140,27200
2022-11-16 14:18:00,1135,1135,1140,1140,242000
2022-11-16 14:19:00,1135,1135,1140,1140,0
2022-11-16 14:20:00,1145,1145,1145,1145,127400
2022-11-16 14:21:00,1145,1145,1145,1145,22400
2022-11-16 14:22:00,1145,1145,1145,1145,0
2022-11-16 14:23:00,1145,1145,1145,1145,0
2022-11-16 14:24:00,1145,1145,1150,1145,269400
2022-11-16 14:25:00,1145,1145,1150,1150,36900
2022-11-16 14:26:00,1145,1145,1150,1150,0
2022-11-16 14:27:00,1145,1145,1145,1145,0
2022-11-16 14:28:00,1145,1145,1145,1145,1100
2022-11-16 14:29:00,1145,1145,1145,1145,0
2022-11-16 14:30:00,1140,1140,1140,1140,43100
2022-11-16 14:31:00,1140,1140,1140,1140,238000
2022-11-16 14:32:00,1145,1145,1145,1145,0
2022-11-16 14:33:00,1145,1145,1145,1145,0
2022-11-16 14:34:00,1145,1145,1145,1145,0
2022-11-16 14:35:00,1145,1145,1145,1145,0
2022-11-16 14:36:00,1145,1145,1145,1145,0
2022-11-16 14:37:00,1140,1140,1140,1140,211800
2022-11-16 14:38:00,1135,1130,1140,1140,1706600
2022-11-16 14:39:00,1140,1135,1140,1135,300500
2022-11-16 14:40:00,1135,1135,1135,1135,6900
2022-11-16 14:41:00,1135,1135,1150,1150,818700
2022-11-16 14:42:00,1135,1135,1150,1150,0
2022-11-16 14:43:00,1145,1145,1145,1145,112000
2022-11-16 14:44:00,1145,1145,1150,1145,1197600
2022-11-16 14:45:00,1145,1145,1150,1145,0
2022-11-16 14:46:00,1145,1145,1150,1150,1051600
2022-11-16 14:47:00,1150,1150,1150,1150,114100
2022-11-16 14:48:00,1145,1145,1145,1145,2300
2022-11-16 14:49:00,1145,1145,1145,1145,14700
2022-11-16 14:50:00,1145,1145,1145,1145,0
2022-11-16 14:51:00,1145,1145,1145,1145,0
2022-11-16 14:52:00,1145,1145,1145,1145,0
2022-11-16 14:53:00,1145,1145,1145,1145,0
2022-11-16 14:54:00,1145,1145,1145,1145,0
2022-11-16 14:55:00,1145,1145,1145,1145,0
2022-11-16 14:56:00,1145,1145,1145,1145,0
2022-11-16 14:57:00,1145,1145,1145,1145,0
2022-11-16 14:58:00,1145,1145,1145,1145,0
2022-11-16 14:59:00,1145,1145,1145,1145,0
2022-11-16 15:00:00,1155,1155,1155,1155,2152600
2022-11-16 15:01:00,1155,1155,1155,1155,0
2022-11-16 15:02:00,1155,1155,1155,1155,400
2022-11-16 15:03:00,1155,1155,1155,1155,0
2022-11-16 15:04:00,1155,1155,1155,1155,200
2022-11-16 15:05:00,1155,1155,1155,1155,900
2022-11-16 15:06:00,1155,1155,1155,1155,0
2022-11-16 15:07:00,1155,1155,1155,1155,400
2022-11-16 15:08:00,1155,1155,1155,1155,100
2022-11-16 15:09:00,1155,1155,1155,1155,19800
2022-11-16 15:10:00,1155,1155,1155,1155,0
2022-11-16 15:11:00,1155,1155,1155,1155,52278600
2022-11-16 15:12:00,1155,1155,1155,1155,0
2022-11-16 15:13:00,1155,1155,1155,1155,0
2022-11-16 15:14:00,1155,1155,1155,1155,0
2022-11-16 15:15:00,1155,1155,1155,1155,0
2022-11-16 15:16:00,1155,1155,1155,1155,0
2022-11-16 15:17:00,1155,1155,1155,1155,0
2022-11-16 15:18:00,1155,1155,1155,1155,0
2022-11-16 15:19:00,1155,1155,1155,1155,0
2022-11-16 15:20:00,1155,1155,1155,1155,0
2022-11-16 15:21:00,1155,1155,1155,1155,0
2022-11-16 15:22:00,1155,1155,1155,1155,0
2022-11-16 15:23:00,1155,1155,1155,1155,0
2022-11-16 15:24:00,1155,1155,1155,1155,0
2022-11-16 15:25:00,1155,1155,1155,1155,0
2022-11-16 15:26:00,1155,1155,1155,1155,0
2022-11-16 15:27:00,1155,1155,1155,1155,0
2022-11-16 15:28:00,1155,1155,1155,1155,0
2022-11-16 15:29:00,1155,1155,1155,1155,0
2022-11-16 15:30:00,1155,1155,1155,1155,0
2022-11-16 15:31:00,1155,1155,1155,1155,0
2022-11-16 15:32:00,1155,1155,1155,1155,0
2022-11-16 15:33:00,1155,1155,1155,1155,0
2022-11-16 15:34:00,1155,1155,1155,1155,0
2022-11-16 15:35:00,1155,1155,1155,1155,0
2022-11-16 15:36:00,1155,1155,1155,1155,0
2022-11-16 15:37:00,1155,1155,1155,1155,0
2022-11-16 15:38:00,1155,1155,1155,1155,0
2022-11-16 15:39:00,1155,1155,1155,1155,0
2022-11-16 15:40:00,1155,1155,1155,1155,0
2022-11-16 15:41:00,1155,1155,1155,1155,0
2022-11-16 15:42:00,1155,1155,1155,1155,0
2022-11-16 15:43:00,1155,1155,1155,1155,0
2022-11-16 15:44:00,1155,1155,1155,1155,0
2022-11-16 15:45:00,1155,1155,1155,1155,0
2022-11-16 15:46:00,1155,1155,1155,1155,0
2022-11-16 15:47:00,1155,1155,1155,1155,0
2022-11-16 15:48:00,1155,1155,1155,1155,0
2022-11-16 15:49:00,1155,1155,1155,1155,0
2022-11-16 15:50:00,1155,1155,1155,1155,0
2022-11-16 15:51:00,1155,1155,1155,1155,0
2022-11-16 15:52:00,1155,1155,1155,1155,0
2022-11-16 15:53:00,1155,1155,1155,1155,0
2022-11-16 15:54:00,1155,1155,1155,1155,0
2022-11-16 15:55:00,1155,1155,1155,1155,0
2022-11-16 15:56:00,1155,1155,1155,1155,0
2022-11-16 15:57:00,1155,1155,1155,1155,0
2022-11-16 15:58:00,1155,1155,1155,1155,0
2022-11-16 15:59:00,1155,1155,1155,1155,0
2022-11-17 09:00:00,1155,1135,1155,1145,0
2022-11-17 09:01:00,1140,1135,1140,1135,33200
2022-11-17 09:02:00,1135,1130,1135,1130,53000
2022-11-17 09:03:00,1135,1130,1135,1130,102800
2022-11-17 09:04:00,1135,1130,1135,1135,2700
2022-11-17 09:05:00,1135,1130,1135,1130,12800
2022-11-17 09:06:00,1135,1130,1135,1130,0
2022-11-17 09:07:00,1135,1135,1135,1135,12600
2022-11-17 09:08:00,1130,1130,1130,1130,258800
2022-11-17 09:09:00,1130,1125,1130,1130,3900
2022-11-17 09:10:00,1130,1125,1130,1130,101300
2022-11-17 09:11:00,1130,1130,1135,1135,327400
2022-11-17 09:12:00,1130,1130,1135,1135,0
2022-11-17 09:13:00,1135,1135,1135,1135,0
2022-11-17 09:14:00,1135,1135,1135,1135,6600
2022-11-17 09:15:00,1135,1135,1135,1135,15700
2022-11-17 09:16:00,1135,1135,1135,1135,260600
2022-11-17 09:17:00,1135,1135,1135,1135,0
2022-11-17 09:18:00,1135,1135,1135,1135,24200
2022-11-17 09:19:00,1140,1140,1145,1140,420800
2022-11-17 09:20:00,1140,1140,1140,1140,7000
2022-11-17 09:21:00,1140,1140,1140,1140,0
2022-11-17 09:22:00,1140,1140,1140,1140,0
2022-11-17 09:23:00,1140,1140,1140,1140,3500
2022-11-17 09:24:00,1140,1140,1140,1140,11300
2022-11-17 09:25:00,1145,1145,1145,1145,15200
2022-11-17 09:26:00,1140,1140,1140,1140,21800
2022-11-17 09:27:00,1140,1140,1140,1140,0
2022-11-17 09:28:00,1140,1140,1140,1140,0
2022-11-17 09:29:00,1140,1140,1140,1140,18200
2022-11-17 09:30:00,1140,1140,1140,1140,0
2022-11-17 09:31:00,1140,1140,1140,1140,0
2022-11-17 09:32:00,1140,1140,1140,1140,9700
2022-11-17 09:33:00,1140,1140,1140,1140,172500
2022-11-17 09:34:00,1140,1140,1140,1140,4600
2022-11-17 09:35:00,1140,1140,1140,1140,0
2022-11-17 09:36:00,1145,1140,1145,1140,23900
2022-11-17 09:37:00,1145,1140,1145,1140,0
2022-11-17 09:38:00,1145,1140,1145,1140,0
2022-11-17 09:39:00,1140,1140,1140,1140,2100
2022-11-17 09:40:00,1140,1140,1140,1140,31600
2022-11-17 09:41:00,1135,1135,1135,1135,500
2022-11-17 09:42:00,1135,1135,1135,1135,11000
2022-11-17 09:43:00,1135,1135,1140,1135,16100
2022-11-17 09:44:00,1135,1135,1135,1135,4600
2022-11-17 09:45:00,1135,1135,1135,1135,0
2022-11-17 09:46:00,1135,1135,1135,1135,10100
2022-11-17 09:47:00,1135,1135,1135,1135,28600
2022-11-17 09:48:00,1135,1135,1135,1135,1000
2022-11-17 09:49:00,1135,1135,1135,1135,200
2022-11-17 09:50:00,1135,1135,1135,1135,4800
2022-11-17 09:51:00,1140,1135,1140,1135,9900
2022-11-17 09:52:00,1135,1135,1135,1135,0
2022-11-17 09:53:00,1135,1135,1135,1135,200
2022-11-17 09:54:00,1135,1135,1135,1135,500
2022-11-17 09:55:00,1135,1135,1140,1140,1400
2022-11-17 09:56:00,1135,1135,1140,1135,200700
2022-11-17 09:57:00,1135,1135,1135,1135,0
2022-11-17 09:58:00,1135,1135,1135,1135,100
2022-11-17 09:59:00,1135,1135,1135,1135,900
2022-11-17 10:00:00,1135,1135,1135,1135,0
2022-11-17 10:01:00,1135,1135,1135,1135,0
2022-11-17 10:02:00,1135,1135,1135,1135,20100
2022-11-17 10:03:00,1135,1135,1135,1135,10000
2022-11-17 10:04:00,1135,1135,1135,1135,0
2022-11-17 10:05:00,1135,1135,1135,1135,200
2022-11-17 10:06:00,1135,1135,1135,1135,0
2022-11-17 10:07:00,1135,1135,1135,1135,3900
2022-11-17 10:08:00,1135,1135,1135,1135,16100
2022-11-17 10:09:00,1135,1135,1135,1135,0
2022-11-17 10:10:00,1135,1135,1135,1135,200
2022-11-17 10:11:00,1135,1135,1135,1135,0
2022-11-17 10:12:00,1135,1135,1135,1135,100
2022-11-17 10:13:00,1135,1135,1135,1135,9900
2022-11-17 10:14:00,1135,1135,1135,1135,0
2022-11-17 10:15:00,1135,1135,1135,1135,500
2022-11-17 10:16:00,1135,1135,1135,1135,400
2022-11-17 10:17:00,1135,1135,1135,1135,41000
2022-11-17 10:18:00,1135,1135,1135,1135,0
2022-11-17 10:19:00,1135,1135,1135,1135,0
2022-11-17 10:20:00,1135,1135,1135,1135,0
2022-11-17 10:21:00,1135,1135,1135,1135,1600
2022-11-17 10:22:00,1135,1135,1135,1135,0
2022-11-17 10:23:00,1135,1135,1135,1135,40600
2022-11-17 10:24:00,1140,1140,1140,1140,136700
2022-11-17 10:25:00,1140,1140,1140,1140,800
2022-11-17 10:26:00,1140,1140,1140,1140,0
2022-11-17 10:27:00,1140,1140,1140,1140,0
2022-11-17 10:28:00,1140,1140,1140,1140,0
2022-11-17 10:29:00,1135,1135,1135,1135,114400
2022-11-17 10:30:00,1135,1135,1135,1135,36300
2022-11-17 10:31:00,1135,1135,1135,1135,0
2022-11-17 10:32:00,1135,1135,1135,1135,3900
2022-11-17 10:33:00,1135,1135,1135,1135,0
2022-11-17 10:34:00,1135,1135,1135,1135,6800
2022-11-17 10:35:00,1135,1135,1135,1135,0
2022-11-17 10:36:00,1140,1140,1145,1145,649500
2022-11-17 10:37:00,1150,1150,1150,1150,956300
2022-11-17 10:38:00,1155,1155,1155,1155,773900
2022-11-17 10:39:00,1150,1150,1150,1150,200
2022-11-17 10:40:00,1155,1155,1155,1155,85600
2022-11-17 10:41:00,1150,1150,1150,1150,9700
2022-11-17 10:42:00,1150,1150,1150,1150,804300
2022-11-17 10:43:00,1150,1150,1150,1150,0
2022-11-17 10:44:00,1150,1150,1150,1150,0
2022-11-17 10:45:00,1150,1150,1150,1150,0
2022-11-17 10:46:00,1145,1145,1145,1145,44500
2022-11-17 10:47:00,1145,1145,1145,1145,0
2022-11-17 10:48:00,1145,1145,1145,1145,0
2022-11-17 10:49:00,1145,1145,1145,1145,0
2022-11-17 10:50:00,1145,1145,1145,1145,800
2022-11-17 10:51:00,1145,1145,1145,1145,0
2022-11-17 10:52:00,1145,1145,1145,1145,0
2022-11-17 10:53:00,1145,1145,1145,1145,8100
2022-11-17 10:54:00,1145,1145,1145,1145,0
2022-11-17 10:55:00,1145,1145,1145,1145,0
2022-11-17 10:56:00,1145,1145,1145,1145,0
2022-11-17 10:57:00,1145,1145,1145,1145,200
2022-11-17 10:58:00,1145,1145,1145,1145,0
2022-11-17 10:59:00,1145,1145,1145,1145,2100
2022-11-17 11:00:00,1145,1145,1145,1145,200
2022-11-17 11:01:00,1145,1145,1145,1145,0
2022-11-17 11:02:00,1145,1145,1145,1145,9900
2022-11-17 11:03:00,1145,1145,1145,1145,0
2022-11-17 11:04:00,1145,1145,1145,1145,16600
2022-11-17 11:05:00,1145,1145,1145,1145,0
2022-11-17 11:06:00,1145,1145,1145,1145,800
2022-11-17 11:07:00,1145,1145,1145,1145,0
2022-11-17 11:08:00,1145,1145,1145,1145,0
2022-11-17 11:09:00,1150,1145,1150,1145,800
2022-11-17 11:10:00,1145,1145,1145,1145,200
2022-11-17 11:11:00,1145,1145,1145,1145,100
2022-11-17 11:12:00,1145,1145,1145,1145,0
2022-11-17 11:13:00,1145,1145,1145,1145,1500
2022-11-17 11:14:00,1145,1145,1145,1145,9300
2022-11-17 11:15:00,1145,1145,1145,1145,0
2022-11-17 11:16:00,1150,1150,1150,1150,316100
2022-11-17 11:17:00,1150,1150,1150,1150,5900
2022-11-17 11:18:00,1150,1150,1150,1150,39800
2022-11-17 11:19:00,1150,1150,1150,1150,0
2022-11-17 11:20:00,1150,1150,1150,1150,0
2022-11-17 11:21:00,1155,1155,1155,1155,377500
2022-11-17 11:22:00,1155,1155,1155,1155,0
2022-11-17 11:23:00,1155,1155,1155,1155,4600
2022-11-17 11:24:00,1155,1155,1155,1155,7000
2022-11-17 11:25:00,1155,1155,1155,1155,800
2022-11-17 11:26:00,1155,1155,1155,1155,300
2022-11-17 11:27:00,1155,1155,1155,1155,800
2022-11-17 11:28:00,1155,1155,1160,1160,6100
2022-11-17 11:29:00,1160,1155,1160,1155,4500
2022-11-17 11:30:00,1160,1155,1160,1155,0
2022-11-17 11:31:00,1160,1155,1160,1155,0
2022-11-17 11:32:00,1160,1155,1160,1155,0
2022-11-17 11:33:00,1160,1155,1160,1155,0
2022-11-17 11:34:00,1160,1155,1160,1155,0
2022-11-17 11:35:00,1160,1155,1160,1155,0
2022-11-17 11:36:00,1160,1155,1160,1155,0
2022-11-17 11:37:00,1160,1155,1160,1155,0
2022-11-17 11:38:00,1160,1155,1160,1155,0
2022-11-17 11:39:00,1160,1155,1160,1155,0
2022-11-17 11:40:00,1160,1155,1160,1155,0
2022-11-17 11:41:00,1160,1155,1160,1155,0
2022-11-17 11:42:00,1160,1155,1160,1155,0
2022-11-17 11:43:00,1160,1155,1160,1155,0
2022-11-17 11:44:00,1160,1155,1160,1155,0
2022-11-17 11:45:00,1160,1155,1160,1155,0
2022-11-17 11:46:00,1160,1155,1160,1155,0
2022-11-17 11:47:00,1160,1155,1160,1155,0
2022-11-17 11:48:00,1160,1155,1160,1155,0
2022-11-17 11:49:00,1160,1155,1160,1155,0
2022-11-17 11:50:00,1160,1155,1160,1155,0
2022-11-17 11:51:00,1160,1155,1160,1155,0
2022-11-17 11:52:00,1160,1155,1160,1155,0
2022-11-17 11:53:00,1160,1155,1160,1155,0
2022-11-17 11:54:00,1160,1155,1160,1155,0
2022-11-17 11:55:00,1160,1155,1160,1155,0
2022-11-17 11:56:00,1160,1155,1160,1155,0
2022-11-17 11:57:00,1160,1155,1160,1155,0
2022-11-17 11:58:00,1160,1155,1160,1155,0
2022-11-17 11:59:00,1160,1155,1160,1155,0
2022-11-17 12:00:00,1160,1155,1160,1155,0
2022-11-17 12:01:00,1160,1155,1160,1155,0
2022-11-17 12:02:00,1160,1155,1160,1155,0
2022-11-17 12:03:00,1160,1155,1160,1155,0
2022-11-17 12:04:00,1160,1155,1160,1155,0
2022-11-17 12:05:00,1160,1155,1160,1155,0
2022-11-17 12:06:00,1160,1155,1160,1155,0
2022-11-17 12:07:00,1160,1155,1160,1155,0
2022-11-17 12:08:00,1160,1155,1160,1155,0
2022-11-17 12:09:00,1160,1155,1160,1155,0
2022-11-17 12:10:00,1160,1155,1160,1155,0
2022-11-17 12:11:00,1160,1155,1160,1155,0
2022-11-17 12:12:00,1160,1155,1160,1155,0
2022-11-17 12:13:00,1160,1155,1160,1155,0
2022-11-17 12:14:00,1160,1155,1160,1155,0
2022-11-17 12:15:00,1160,1155,1160,1155,0
2022-11-17 12:16:00,1160,1155,1160,1155,0
2022-11-17 12:17:00,1160,1155,1160,1155,0
2022-11-17 12:18:00,1160,1155,1160,1155,0
2022-11-17 12:19:00,1160,1155,1160,1155,0
2022-11-17 12:20:00,1160,1155,1160,1155,0
2022-11-17 12:21:00,1160,1155,1160,1155,0
2022-11-17 12:22:00,1160,1155,1160,1155,0
2022-11-17 12:23:00,1160,1155,1160,1155,0
2022-11-17 12:24:00,1160,1155,1160,1155,0
2022-11-17 12:25:00,1160,1155,1160,1155,0
2022-11-17 12:26:00,1160,1155,1160,1155,0
2022-11-17 12:27:00,1160,1155,1160,1155,0
2022-11-17 12:28:00,1160,1155,1160,1155,0
2022-11-17 12:29:00,1160,1155,1160,1155,0
2022-11-17 12:30:00,1160,1155,1160,1155,0
2022-11-17 12:31:00,1160,1155,1160,1155,0
2022-11-17 12:32:00,1160,1155,1160,1155,0
2022-11-17 12:33:00,1160,1155,1160,1155,0
2022-11-17 12:34:00,1160,1155,1160,1155,0
2022-11-17 12:35:00,1160,1155,1160,1155,0
2022-11-17 12:36:00,1160,1155,1160,1155,0
2022-11-17 12:37:00,1160,1155,1160,1155,0
2022-11-17 12:38:00,1160,1155,1160,1155,0
2022-11-17 12:39:00,1160,1155,1160,1155,0
2022-11-17 12:40:00,1160,1155,1160,1155,0
2022-11-17 12:41:00,1160,1155,1160,1155,0
2022-11-17 12:42:00,1160,1155,1160,1155,0
2022-11-17 12:43:00,1160,1155,1160,1155,0
2022-11-17 12:44:00,1160,1155,1160,1155,0
2022-11-17 12:45:00,1160,1155,1160,1155,0
2022-11-17 12:46:00,1160,1155,1160,1155,0
2022-11-17 12:47:00,1160,1155,1160,1155,0
2022-11-17 12:48:00,1160,1155,1160,1155,0
2022-11-17 12:49:00,1160,1155,1160,1155,0
2022-11-17 12:50:00,1160,1155,1160,1155,0
2022-11-17 12:51:00,1160,1155,1160,1155,0
2022-11-17 12:52:00,1160,1155,1160,1155,0
2022-11-17 12:53:00,1160,1155,1160,1155,0
2022-11-17 12:54:00,1160,1155,1160,1155,0
2022-11-17 12:55:00,1160,1155,1160,1155,0
2022-11-17 12:56:00,1160,1155,1160,1155,0
2022-11-17 12:57:00,1160,1155,1160,1155,0
2022-11-17 12:58:00,1160,1155,1160,1155,0
2022-11-17 12:59:00,1160,1155,1160,1155,0
2022-11-17 13:00:00,1160,1155,1160,1155,0
2022-11-17 13:01:00,1160,1155,1160,1155,0
2022-11-17 13:02:00,1160,1155,1160,1155,0
2022-11-17 13:03:00,1160,1155,1160,1155,0
2022-11-17 13:04:00,1160,1155,1160,1155,0
2022-11-17 13:05:00,1160,1155,1160,1155,0
2022-11-17 13:06:00,1160,1155,1160,1155,0
2022-11-17 13:07:00,1160,1155,1160,1155,0
2022-11-17 13:08:00,1160,1155,1160,1155,0
2022-11-17 13:09:00,1160,1155,1160,1155,0
2022-11-17 13:10:00,1160,1155,1160,1155,0
2022-11-17 13:11:00,1160,1155,1160,1155,0
2022-11-17 13:12:00,1160,1155,1160,1155,0
2022-11-17 13:13:00,1160,1155,1160,1155,0
2022-11-17 13:14:00,1160,1155,1160,1155,0
2022-11-17 13:15:00,1160,1155,1160,1155,0
2022-11-17 13:16:00,1160,1155,1160,1155,0
2022-11-17 13:17:00,1160,1155,1160,1155,0
2022-11-17 13:18:00,1160,1155,1160,1155,0
2022-11-17 13:19:00,1160,1155,1160,1155,0
2022-11-17 13:20:00,1160,1155,1160,1155,0
2022-11-17 13:21:00,1160,1155,1160,1155,0
2022-11-17 13:22:00,1160,1155,1160,1155,0
2022-11-17 13:23:00,1160,1155,1160,1155,0
2022-11-17 13:24:00,1160,1155,1160,1155,0
2022-11-17 13:25:00,1160,1155,1160,1155,0
2022-11-17 13:26:00,1160,1155,1160,1155,0
2022-11-17 13:27:00,1160,1155,1160,1155,0
2022-11-17 13:28:00,1160,1155,1160,1155,0
2022-11-17 13:29:00,1160,1155,1160,1155,0
2022-11-17 13:30:00,1160,1150,1160,1150,322500
2022-11-17 13:31:00,1160,1150,1160,1150,0
2022-11-17 13:32:00,1160,1150,1160,1150,0
2022-11-17 13:33:00,1160,1150,1160,1150,0
2022-11-17 13:34:00,1150,1150,1150,1150,1900
2022-11-17 13:35:00,1155,1155,1155,1155,310300
2022-11-17 13:36:00,1155,1155,1155,1155,40200
2022-11-17 13:37:00,1155,1155,1155,1155,0
2022-11-17 13:38:00,1160,1160,1160,1160,740300
2022-11-17 13:39:00,1160,1160,1160,1160,900
2022-11-17 13:40:00,1160,1160,1160,1160,0
2022-11-17 13:41:00,1160,1160,1160,1160,0
2022-11-17 13:42:00,1160,1160,1160,1160,10400
2022-11-17 13:43:00,1155,1155,1155,1155,0
2022-11-17 13:44:00,1155,1155,1155,1155,0
2022-11-17 13:45:00,1155,1155,1155,1155,0
2022-11-17 13:46:00,1155,1155,1155,1155,93400
2022-11-17 13:47:00,1155,1155,1155,1155,14000
2022-11-17 13:48:00,1155,1150,1155,1150,1140400
2022-11-17 13:49:00,1155,1150,1155,1150,0
2022-11-17 13:50:00,1150,1150,1150,1150,331000
2022-11-17 13:51:00,1150,1150,1150,1150,300
2022-11-17 13:52:00,1150,1150,1150,1150,213800
2022-11-17 13:53:00,1150,1150,1150,1150,4500
2022-11-17 13:54:00,1150,1150,1150,1150,0
2022-11-17 13:55:00,1150,1150,1150,1150,0
2022-11-17 13:56:00,1150,1150,1150,1150,0
2022-11-17 13:57:00,1150,1150,1150,1150,0
2022-11-17 13:58:00,1150,1150,1150,1150,11000
2022-11-17 13:59:00,1150,1150,1150,1150,0
2022-11-17 14:00:00,1155,1155,1155,1155,0
2022-11-17 14:01:00,1150,1150,1150,1150,500
2022-11-17 14:02:00,1150,1150,1150,1150,9700
2022-11-17 14:03:00,1150,1150,1150,1150,0
2022-11-17 14:04:00,1155,1155,1155,1155,505900
2022-11-17 14:05:00,1155,1155,1155,1155,0
2022-11-17 14:06:00,1150,1150,1150,1150,800
2022-11-17 14:07:00,1150,1150,1150,1150,0
2022-11-17 14:08:00,1150,1150,1150,1150,18300
2022-11-17 14:09:00,1150,1150,1150,1150,0
2022-11-17 14:10:00,1150,1150,1150,1150,0
2022-11-17 14:11:00,1150,1150,1150,1150,300
2022-11-17 14:12:00,1150,1150,1150,1150,0
2022-11-17 14:13:00,1150,1150,1150,1150,400
2022-11-17 14:14:00,1150,1150,1150,1150,200
2022-11-17 14:15:00,1150,1150,1150,1150,17600
2022-11-17 14:16:00,1150,1150,1150,1150,0
2022-11-17 14:17:00,1150,1150,1150,1150,61400
2022-11-17 14:18:00,1150,1150,1150,1150,0
2022-11-17 14:19:00,1150,1150,1150,1150,16000
2022-11-17 14:20:00,1150,1150,1150,1150,271300
2022-11-17 14:21:00,1145,1145,1150,1145,28500
2022-11-17 14:22:00,1145,1145,1150,1150,59900
2022-11-17 14:23:00,1155,1155,1155,1155,99900
2022-11-17 14:24:00,1155,1155,1155,1155,0
2022-11-17 14:25:00,1150,1145,1150,1145,255600
2022-11-17 14:26:00,1145,1145,1145,1145,5200
2022-11-17 14:27:00,1150,1150,1150,1150,0
2022-11-17 14:28:00,1150,1145,1150,1145,6500
2022-11-17 14:29:00,1145,1145,1145,1145,844100
2022-11-17 14:30:00,1145,1145,1145,1145,0
2022-11-17 14:31:00,1145,1145,1150,1145,0
2022-11-17 14:32:00,1145,1145,1145,1145,35200
2022-11-17 14:33:00,1145,1145,1145,1145,0
2022-11-17 14:34:00,1145,1145,1145,1145,200
2022-11-17 14:35:00,1145,1145,1145,1145,2500
2022-11-17 14:36:00,1150,1150,1155,1155,732100
2022-11-17 14:37:00,1155,1155,1155,1155,496100
2022-11-17 14:38:00,1155,1155,1155,1155,6000
2022-11-17 14:39:00,1155,1155,1155,1155,456500
2022-11-17 14:40:00,1155,1155,1155,1155,270300
2022-11-17 14:41:00,1155,1155,1155,1155,0
2022-11-17 14:42:00,1155,1155,1155,1155,0
2022-11-17 14:43:00,1155,1155,1160,1160,496700
2022-11-17 14:44:00,1155,1155,1160,1160,0
2022-11-17 14:45:00,1155,1155,1155,1155,100
2022-11-17 14:46:00,1155,1155,1155,1155,200200
2022-11-17 14:47:00,1155,1155,1155,1155,2900
2022-11-17 14:48:00,1155,1155,1160,1155,500
2022-11-17 14:49:00,1155,1150,1155,1155,505500
2022-11-17 14:50:00,1155,1150,1155,1155,0
2022-11-17 14:51:00,1155,1150,1155,1155,0
2022-11-17 14:52:00,1155,1150,1155,1155,0
2022-11-17 14:53:00,1155,1150,1155,1155,0
2022-11-17 14:54:00,1155,1150,1155,1155,0
2022-11-17 14:55:00,1155,1150,1155,1155,0
2022-11-17 14:56:00,1155,1150,1155,1155,0
2022-11-17 14:57:00,1155,1150,1155,1155,0
2022-11-17 14:58:00,1155,1150,1155,1155,0
2022-11-17 14:59:00,1155,1150,1155,1155,0
2022-11-17 15:00:00,1150,1150,1150,1150,1162100
2022-11-17 15:01:00,1150,1150,1150,1150,0
2022-11-17 15:02:00,1150,1150,1150,1150,0
2022-11-17 15:03:00,1150,1150,1150,1150,0
2022-11-17 15:04:00,1150,1150,1150,1150,0
2022-11-17 15:05:00,1150,1150,1150,1150,0
2022-11-17 15:06:00,1150,1150,1150,1150,120000
2022-11-17 15:07:00,1150,1150,1150,1150,0
2022-11-17 15:08:00,1150,1150,1150,1150,0
2022-11-17 15:09:00,1150,1150,1150,1150,0
2022-11-17 15:10:00,1150,1150,1150,1150,0
2022-11-17 15:11:00,1150,1150,1150,1150,0
2022-11-17 15:12:00,1150,1150,1150,1150,0
2022-11-17 15:13:00,1150,1150,1150,1150,0
2022-11-17 15:14:00,1150,1150,1150,1150,0
2022-11-17 15:15:00,1150,1150,1150,1150,0
2022-11-17 15:16:00,1150,1150,1150,1150,0
2022-11-17 15:17:00,1150,1150,1150,1150,0
2022-11-17 15:18:00,1150,1150,1150,1150,0
2022-11-17 15:19:00,1150,1150,1150,1150,0
2022-11-17 15:20:00,1150,1150,1150,1150,0
2022-11-17 15:21:00,1150,1150,1150,1150,0
2022-11-17 15:22:00,1150,1150,1150,1150,0
2022-11-17 15:23:00,1150,1150,1150,1150,0
2022-11-17 15:24:00,1150,1150,1150,1150,0
2022-11-17 15:25:00,1150,1150,1150,1150,0
2022-11-17 15:26:00,1150,1150,1150,1150,0
2022-11-17 15:27:00,1150,1150,1150,1150,0
2022-11-17 15:28:00,1150,1150,1150,1150,0
2022-11-17 15:29:00,1150,1150,1150,1150,0
2022-11-17 15:30:00,1150,1150,1150,1150,0
2022-11-17 15:31:00,1150,1150,1150,1150,0
2022-11-17 15:32:00,1150,1150,1150,1150,0
2022-11-17 15:33:00,1150,1150,1150,1150,0
2022-11-17 15:34:00,1150,1150,1150,1150,0
2022-11-17 15:35:00,1150,1150,1150,1150,0
2022-11-17 15:36:00,1150,1150,1150,1150,0
2022-11-17 15:37:00,1150,1150,1150,1150,0
2022-11-17 15:38:00,1150,1150,1150,1150,0
2022-11-17 15:39:00,1150,1150,1150,1150,0
2022-11-17 15:40:00,1150,1150,1150,1150,0
2022-11-17 15:41:00,1150,1150,1150,1150,0
2022-11-17 15:42:00,1150,1150,1150,1150,0
2022-11-17 15:43:00,1150,1150,1150,1150,0
2022-11-17 15:44:00,1150,1150,1150,1150,0
2022-11-17 15:45:00,1150,1150,1150,1150,0
2022-11-17 15:46:00,1150,1150,1150,1150,0
2022-11-17 15:47:00,1150,1150,1150,1150,0
2022-11-17 15:48:00,1150,1150,1150,1150,0
2022-11-17 15:49:00,1150,1150,1150,1150,0
2022-11-17 15:50:00,1150,1150,1150,1150,0
2022-11-17 15:51:00,1150,1150,1150,1150,0
2022-11-17 15:52:00,1150,1150,1150,1150,0
2022-11-17 15:53:00,1150,1150,1150,1150,0
2022-11-17 15:54:00,1150,1150,1150,1150,0
2022-11-17 15:55:00,1150,1150,1150,1150,0
2022-11-17 15:56:00,1150,1150,1150,1150,0
2022-11-17 15:57:00,1150,1150,1150,1150,0
2022-11-17 15:58:00,1150,1150,1150,1150,0
2022-11-17 15:59:00,1150,1150,1150,1150,0
2022-11-18 09:00:00,1150,1150,1150,1150,0
2022-11-18 09:01:00,1150,1150,1150,1150,62700
2022-11-18 09:02:00,1145,1145,1145,1145,0
2022-11-18 09:03:00,1145,1145,1145,1145,0
2022-11-18 09:04:00,1145,1145,1145,1145,22600
2022-11-18 09:05:00,1145,1145,1145,1145,0
2022-11-18 09:06:00,1150,1150,1150,1150,1600
2022-11-18 09:07:00,1150,1150,1150,1150,0
2022-11-18 09:08:00,1145,1145,1145,1145,9400
2022-11-18 09:09:00,1145,1140,1145,1140,115000
2022-11-18 09:10:00,1140,1140,1140,1140,1600
2022-11-18 09:11:00,1145,1140,1145,1145,5200
2022-11-18 09:12:00,1145,1145,1145,1145,3800
2022-11-18 09:13:00,1145,1145,1145,1145,0
2022-11-18 09:14:00,1145,1140,1145,1140,22700
2022-11-18 09:15:00,1145,1145,1145,1145,200
2022-11-18 09:16:00,1145,1145,1145,1145,7000
2022-11-18 09:17:00,1145,1145,1145,1145,0
2022-11-18 09:18:00,1145,1140,1145,1140,900
2022-11-18 09:19:00,1145,1140,1145,1140,0
2022-11-18 09:20:00,1140,1140,1140,1140,0
2022-11-18 09:21:00,1145,1140,1145,1140,12000
2022-11-18 09:22:00,1145,1145,1145,1145,1000
2022-11-18 09:23:00,1145,1145,1145,1145,25700
2022-11-18 09:24:00,1145,1145,1145,1145,26700
2022-11-18 09:25:00,1145,1140,1145,1140,13000
2022-11-18 09:26:00,1140,1140,1145,1145,5900
2022-11-18 09:27:00,1145,1140,1145,1140,13500
2022-11-18 09:28:00,1140,1140,1140,1140,1200
2022-11-18 09:29:00,1145,1145,1145,1145,9500
2022-11-18 09:30:00,1145,1145,1145,1145,0
2022-11-18 09:31:00,1145,1140,1145,1140,189700
2022-11-18 09:32:00,1145,1140,1145,1140,0
2022-11-18 09:33:00,1145,1140,1145,1140,0
2022-11-18 09:34:00,1140,1140,1145,1145,1700
2022-11-18 09:35:00,1145,1145,1145,1145,11700
2022-11-18 09:36:00,1145,1145,1145,1145,0
2022-11-18 09:37:00,1145,1140,1145,1145,111700
2022-11-18 09:38:00,1145,1145,1145,1145,400
2022-11-18 09:39:00,1145,1145,1145,1145,0
2022-11-18 09:40:00,1145,1145,1145,1145,0
2022-11-18 09:41:00,1145,1145,1145,1145,166800
2022-11-18 09:42:00,1145,1145,1145,1145,0
2022-11-18 09:43:00,1145,1145,1145,1145,0
2022-11-18 09:44:00,1145,1145,1145,1145,0
2022-11-18 09:45:00,1140,1140,1140,1140,0
2022-11-18 09:46:00,1140,1140,1140,1140,2900
2022-11-18 09:47:00,1145,1145,1145,1145,38500
2022-11-18 09:48:00,1145,1145,1145,1145,0
2022-11-18 09:49:00,1145,1145,1145,1145,47000
2022-11-18 09:50:00,1145,1145,1145,1145,0
2022-11-18 09:51:00,1145,1145,1145,1145,9600
2022-11-18 09:52:00,1145,1145,1145,1145,1000
2022-11-18 09:53:00,1145,1145,1145,1145,0
2022-11-18 09:54:00,1145,1145,1145,1145,200
2022-11-18 09:55:00,1145,1145,1145,1145,0
2022-11-18 09:56:00,1145,1145,1150,1150,101500
2022-11-18 09:57:00,1145,1145,1145,1145,3200
2022-11-18 09:58:00,1145,1145,1145,1145,8600
2022-11-18 09:59:00,1145,1145,1150,1150,50900
2022-11-18 10:00:00,1145,1145,1150,1150,0
2022-11-18 10:01:00,1150,1145,1150,1150,500
2022-11-18 10:02:00,1145,1145,1145,1145,19200
2022-11-18 10:03:00,1145,1145,1145,1145,0
2022-11-18 10:04:00,1145,1145,1150,1150,10390000
2022-11-18 10:05:00,1145,1145,1150,1150,14649000
2022-11-18 10:06:00,1155,1150,1155,1150,0
2022-11-18 10:07:00,1150,1150,1150,1150,58700
2022-11-18 10:08:00,1150,1150,1150,1150,40000
2022-11-18 10:09:00,1150,1150,1150,1150,0
2022-11-18 10:10:00,1150,1150,1150,1150,225700
2022-11-18 10:11:00,1150,1150,1150,1150,200500
2022-11-18 10:12:00,1150,1150,1150,1150,493900
2022-11-18 10:13:00,1150,1150,1150,1150,0
2022-11-18 10:14:00,1150,1150,1150,1150,8000
2022-11-18 10:15:00,1150,1150,1150,1150,0
2022-11-18 10:16:00,1150,1150,1150,1150,0
2022-11-18 10:17:00,1150,1150,1150,1150,0
2022-11-18 10:18:00,1155,1155,1155,1155,718000
2022-11-18 10:19:00,1155,1155,1155,1155,0
2022-11-18 10:20:00,1155,1155,1155,1155,1500
2022-11-18 10:21:00,1155,1155,1160,1160,1500
2022-11-18 10:22:00,1160,1160,1160,1160,251500
2022-11-18 10:23:00,1160,1160,1160,1160,24800
2022-11-18 10:24:00,1160,1160,1160,1160,401000
2022-11-18 10:25:00,1160,1160,1160,1160,394100
2022-11-18 10:26:00,1160,1160,1160,1160,180100
2022-11-18 10:27:00,1165,1160,1165,1160,50300
2022-11-18 10:28:00,1165,1165,1165,1165,16900
2022-11-18 10:29:00,1165,1165,1165,1165,0
2022-11-18 10:30:00,1165,1165,1165,1165,0
2022-11-18 10:31:00,1165,1165,1165,1165,813400
2022-11-18 10:32:00,1170,1165,1170,1165,90600
2022-11-18 10:33:00,1170,1170,1170,1170,49500
2022-11-18 10:34:00,1170,1165,1170,1170,11000
2022-11-18 10:35:00,1165,1165,1165,1165,31500
2022-11-18 10:36:00,1165,1165,1170,1165,34300
2022-11-18 10:37:00,1165,1165,1165,1165,32300
2022-11-18 10:38:00,1170,1170,1170,1170,71800
2022-11-18 10:39:00,1165,1165,1165,1165,468300
2022-11-18 10:40:00,1165,1165,1165,1165,184600
2022-11-18 10:41:00,1165,1160,1165,1160,71100
2022-11-18 10:42:00,1165,1160,1165,1160,0
2022-11-18 10:43:00,1165,1165,1165,1165,400
2022-11-18 10:44:00,1165,1165,1165,1165,0
2022-11-18 10:45:00,1165,1165,1165,1165,5500
2022-11-18 10:46:00,1160,1160,1165,1165,198000
2022-11-18 10:47:00,1160,1160,1160,1160,0
2022-11-18 10:48:00,1165,1165,1165,1165,200100
2022-11-18 10:49:00,1165,1165,1165,1165,5900
2022-11-18 10:50:00,1165,1165,1165,1165,516700
2022-11-18 10:51:00,1165,1165,1165,1165,0
2022-11-18 10:52:00,1165,1165,1165,1165,0
2022-11-18 10:53:00,1170,1170,1170,1170,772600
2022-11-18 10:54:00,1175,1170,1175,1170,839100
2022-11-18 10:55:00,1175,1175,1175,1175,0
2022-11-18 10:56:00,1175,1170,1175,1170,50000
2022-11-18 10:57:00,1170,1170,1170,1170,7700
2022-11-18 10:58:00,1170,1170,1170,1170,0
2022-11-18 10:59:00,1175,1170,1175,1170,0
2022-11-18 11:00:00,1175,1170,1175,1170,510600
2022-11-18 11:01:00,1170,1170,1170,1170,50500
2022-11-18 11:02:00,1170,1170,1170,1170,40300
2022-11-18 11:03:00,1175,1175,1175,1175,21100
2022-11-18 11:04:00,1175,1175,1175,1175,0
2022-11-18 11:05:00,1170,1170,1175,1175,133100
2022-11-18 11:06:00,1170,1170,1175,1175,0
2022-11-18 11:07:00,1175,1170,1175,1170,50600
2022-11-18 11:08:00,1175,1175,1175,1175,2000
2022-11-18 11:09:00,1170,1170,1175,1175,57700
2022-11-18 11:10:00,1175,1170,1175,1170,23300
2022-11-18 11:11:00,1170,1170,1170,1170,0
2022-11-18 11:12:00,1170,1170,1170,1170,180900
2022-11-18 11:13:00,1170,1170,1170,1170,13600
2022-11-18 11:14:00,1170,1170,1170,1170,8700
2022-11-18 11:15:00,1170,1170,1170,1170,0
2022-11-18 11:16:00,1165,1165,1165,1165,0
2022-11-18 11:17:00,1165,1165,1165,1165,0
2022-11-18 11:18:00,1165,1165,1170,1165,38300
2022-11-18 11:19:00,1165,1165,1170,1170,504900
2022-11-18 11:20:00,1170,1170,1170,1170,47200
2022-11-18 11:21:00,1170,1170,1170,1170,0
2022-11-18 11:22:00,1170,1170,1170,1170,0
2022-11-18 11:23:00,1170,1165,1170,1165,117700
2022-11-18 11:24:00,1170,1170,1170,1170,0
2022-11-18 11:25:00,1170,1170,1170,1170,40400
2022-11-18 11:26:00,1170,1165,1170,1165,0
2022-11-18 11:27:00,1170,1170,1170,1170,21100
2022-11-18 11:28:00,1170,1170,1170,1170,79000
2022-11-18 11:29:00,1170,1170,1170,1170,138100
2022-11-18 11:30:00,1170,1170,1170,1170,0
2022-11-18 11:31:00,1170,1170,1170,1170,0
2022-11-18 11:32:00,1170,1170,1170,1170,0
2022-11-18 11:33:00,1170,1170,1170,1170,0
2022-11-18 11:34:00,1170,1170,1170,1170,0
2022-11-18 11:35:00,1170,1170,1170,1170,0
2022-11-18 11:36:00,1170,1170,1170,1170,0
2022-11-18 11:37:00,1170,1170,1170,1170,0
2022-11-18 11:38:00,1170,1170,1170,1170,0
2022-11-18 11:39:00,1170,1170,1170,1170,0
2022-11-18 11:40:00,1170,1170,1170,1170,0
2022-11-18 11:41:00,1170,1170,1170,1170,0
2022-11-18 11:42:00,1170,1170,1170,1170,0
2022-11-18 11:43:00,1170,1170,1170,1170,0
2022-11-18 11:44:00,1170,1170,1170,1170,0
2022-11-18 11:45:00,1170,1170,1170,1170,0
2022-11-18 11:46:00,1170,1170,1170,1170,0
2022-11-18 11:47:00,1170,1170,1170,1170,0
2022-11-18 11:48:00,1170,1170,1170,1170,0
2022-11-18 11:49:00,1170,1170,1170,1170,0
2022-11-18 11:50:00,1170,1170,1170,1170,0
2022-11-18 11:51:00,1170,1170,1170,1170,0
2022-11-18 11:52:00,1170,1170,1170,1170,0
2022-11-18 11:53:00,1170,1170,1170,1170,0
2022-11-18 11:54:00,1170,1170,1170,1170,0
2022-11-18 11:55:00,1170,1170,1170,1170,0
2022-11-18 11:56:00,1170,1170,1170,1170,0
2022-11-18 11:57:00,1170,1170,1170,1170,0
2022-11-18 11:58:00,1170,1170,1170,1170,0
2022-11-18 11:59:00,1170,1170,1170,1170,0
2022-11-18 12:00:00,1170,1170,1170,1170,0
2022-11-18 12:01:00,1170,1170,1170,1170,0
2022-11-18 12:02:00,1170,1170,1170,1170,0
2022-11-18 12:03:00,1170,1170,1170,1170,0
2022-11-18 12:04:00,1170,1170,1170,1170,0
2022-11-18 12:05:00,1170,1170,1170,1170,0
2022-11-18 12:06:00,1170,1170,1170,1170,0
2022-11-18 12:07:00,1170,1170,1170,1170,0
2022-11-18 12:08:00,1170,1170,1170,1170,0
2022-11-18 12:09:00,1170,1170,1170,1170,0
2022-11-18 12:10:00,1170,1170,1170,1170,0
2022-11-18 12:11:00,1170,1170,1170,1170,0
2022-11-18 12:12:00,1170,1170,1170,1170,0
2022-11-18 12:13:00,1170,1170,1170,1170,0
2022-11-18 12:14:00,1170,1170,1170,1170,0
2022-11-18 12:15:00,1170,1170,1170,1170,0
2022-11-18 12:16:00,1170,1170,1170,1170,0
2022-11-18 12:17:00,1170,1170,1170,1170,0
2022-11-18 12:18:00,1170,1170,1170,1170,0
2022-11-18 12:19:00,1170,1170,1170,1170,0
2022-11-18 12:20:00,1170,1170,1170,1170,0
2022-11-18 12:21:00,1170,1170,1170,1170,0
2022-11-18 12:22:00,1170,1170,1170,1170,0
2022-11-18 12:23:00,1170,1170,1170,1170,0
2022-11-18 12:24:00,1170,1170,1170,1170,0
2022-11-18 12:25:00,1170,1170,1170,1170,0
2022-11-18 12:26:00,1170,1170,1170,1170,0
2022-11-18 12:27:00,1170,1170,1170,1170,0
2022-11-18 12:28:00,1170,1170,1170,1170,0
2022-11-18 12:29:00,1170,1170,1170,1170,0
2022-11-18 12:30:00,1170,1170,1170,1170,0
2022-11-18 12:31:00,1170,1170,1170,1170,0
2022-11-18 12:32:00,1170,1170,1170,1170,0
2022-11-18 12:33:00,1170,1170,1170,1170,0
2022-11-18 12:34:00,1170,1170,1170,1170,0
2022-11-18 12:35:00,1170,1170,1170,1170,0
2022-11-18 12:36:00,1170,1170,1170,1170,0
2022-11-18 12:37:00,1170,1170,1170,1170,0
2022-11-18 12:38:00,1170,1170,1170,1170,0
2022-11-18 12:39:00,1170,1170,1170,1170,0
2022-11-18 12:40:00,1170,1170,1170,1170,0
2022-11-18 12:41:00,1170,1170,1170,1170,0
2022-11-18 12:42:00,1170,1170,1170,1170,0
2022-11-18 12:43:00,1170,1170,1170,1170,0
2022-11-18 12:44:00,1170,1170,1170,1170,0
2022-11-18 12:45:00,1170,1170,1170,1170,0
2022-11-18 12:46:00,1170,1170,1170,1170,0
2022-11-18 12:47:00,1170,1170,1170,1170,0
2022-11-18 12:48:00,1170,1170,1170,1170,0
2022-11-18 12:49:00,1170,1170,1170,1170,0
2022-11-18 12:50:00,1170,1170,1170,1170,0
2022-11-18 12:51:00,1170,1170,1170,1170,0
2022-11-18 12:52:00,1170,1170,1170,1170,0
2022-11-18 12:53:00,1170,1170,1170,1170,0
2022-11-18 12:54:00,1170,1170,1170,1170,0
2022-11-18 12:55:00,1170,1170,1170,1170,0
2022-11-18 12:56:00,1170,1170,1170,1170,0
2022-11-18 12:57:00,1170,1170,1170,1170,0
2022-11-18 12:58:00,1170,1170,1170,1170,0
2022-11-18 12:59:00,1170,1170,1170,1170,0
2022-11-18 13:00:00,1170,1170,1170,1170,0
2022-11-18 13:01:00,1170,1170,1170,1170,0
2022-11-18 13:02:00,1170,1170,1170,1170,0
2022-11-18 13:03:00,1170,1170,1170,1170,0
2022-11-18 13:04:00,1170,1170,1170,1170,0
2022-11-18 13:05:00,1170,1170,1170,1170,0
2022-11-18 13:06:00,1170,1170,1170,1170,0
2022-11-18 13:07:00,1170,1170,1170,1170,0
2022-11-18 13:08:00,1170,1170,1170,1170,0
2022-11-18 13:09:00,1170,1170,1170,1170,0
2022-11-18 13:10:00,1170,1170,1170,1170,0
2022-11-18 13:11:00,1170,1170,1170,1170,0
2022-11-18 13:12:00,1170,1170,1170,1170,0
2022-11-18 13:13:00,1170,1170,1170,1170,0
2022-11-18 13:14:00,1170,1170,1170,1170,0
2022-11-18 13:15:00,1170,1170,1170,1170,0
2022-11-18 13:16:00,1170,1170,1170,1170,0
2022-11-18 13:17:00,1170,1170,1170,1170,0
2022-11-18 13:18:00,1170,1170,1170,1170,0
2022-11-18 13:19:00,1170,1170,1170,1170,0
2022-11-18 13:20:00,1170,1170,1170,1170,0
2022-11-18 13:21:00,1170,1170,1170,1170,0
2022-11-18 13:22:00,1170,1170,1170,1170,0
2022-11-18 13:23:00,1170,1170,1170,1170,0
2022-11-18 13:24:00,1170,1170,1170,1170,0
2022-11-18 13:25:00,1170,1170,1170,1170,0
2022-11-18 13:26:00,1170,1170,1170,1170,0
2022-11-18 13:27:00,1170,1170,1170,1170,0
2022-11-18 13:28:00,1170,1170,1170,1170,0
2022-11-18 13:29:00,1170,1170,1170,1170,0
2022-11-18 13:30:00,1170,1170,1170,1170,160800
2022-11-18 13:31:00,1170,1170,1170,1170,0
2022-11-18 13:32:00,1165,1165,1170,1165,29600
2022-11-18 13:33:00,1165,1165,1165,1165,103100
2022-11-18 13:34:00,1165,1165,1165,1165,0
2022-11-18 13:35:00,1170,1170,1170,1170,0
2022-11-18 13:36:00,1170,1170,1170,1170,700
2022-11-18 13:37:00,1170,1165,1170,1170,2900
2022-11-18 13:38:00,1170,1170,1170,1170,19100
2022-11-18 13:39:00,1170,1170,1170,1170,3200
2022-11-18 13:40:00,1170,1165,1170,1165,2100
2022-11-18 13:41:00,1165,1165,1170,1165,19900
2022-11-18 13:42:00,1165,1165,1170,1170,116800
2022-11-18 13:43:00,1165,1165,1170,1170,0
2022-11-18 13:44:00,1165,1165,1170,1170,0
2022-11-18 13:45:00,1170,1170,1170,1170,0
2022-11-18 13:46:00,1170,1170,1170,1170,0
2022-11-18 13:47:00,1170,1170,1170,1170,900
2022-11-18 13:48:00,1165,1165,1165,1165,1317400
2022-11-18 13:49:00,1170,1165,1170,1165,0
2022-11-18 13:50:00,1165,1165,1165,1165,45200
2022-11-18 13:51:00,1165,1165,1165,1165,3500
2022-11-18 13:52:00,1170,1165,1170,1165,5700
2022-11-18 13:53:00,1170,1170,1170,1170,799500
2022-11-18 13:54:00,1165,1165,1165,1165,199800
2022-11-18 13:55:00,1165,1165,1165,1165,0
2022-11-18 13:56:00,1165,1165,1165,1165,29500
2022-11-18 13:57:00,1165,1165,1165,1165,306500
2022-11-18 13:58:00,1165,1165,1165,1165,0
2022-11-18 13:59:00,1165,1165,1165,1165,3300
2022-11-18 14:00:00,1160,1160,1165,1165,23300
2022-11-18 14:01:00,1165,1165,1165,1165,0
2022-11-18 14:02:00,1165,1165,1170,1170,33800
2022-11-18 14:03:00,1165,1165,1170,1170,0
2022-11-18 14:04:00,1165,1165,1170,1170,0
2022-11-18 14:05:00,1170,1165,1170,1165,0
2022-11-18 14:06:00,1165,1165,1165,1165,47900
2022-11-18 14:07:00,1165,1165,1165,1165,0
2022-11-18 14:08:00,1165,1165,1165,1165,0
2022-11-18 14:09:00,1165,1165,1165,1165,23200
2022-11-18 14:10:00,1165,1165,1165,1165,0
2022-11-18 14:11:00,1165,1165,1165,1165,5500
2022-11-18 14:12:00,1165,1165,1165,1165,500
2022-11-18 14:13:00,1165,1165,1165,1165,15000
2022-11-18 14:14:00,1165,1165,1165,1165,11500
2022-11-18 14:15:00,1165,1165,1165,1165,27100
2022-11-18 14:16:00,1165,1165,1165,1165,0
2022-11-18 14:17:00,1170,1165,1170,1165,14500
2022-11-18 14:18:00,1165,1160,1165,1160,33600
2022-11-18 14:19:00,1160,1160,1160,1160,3000
2022-11-18 14:20:00,1165,1165,1170,1165,306600
2022-11-18 14:21:00,1165,1165,1165,1165,8600
2022-11-18 14:22:00,1165,1165,1165,1165,0
2022-11-18 14:23:00,1165,1165,1165,1165,0
2022-11-18 14:24:00,1165,1165,1165,1165,0
2022-11-18 14:25:00,1165,1165,1170,1165,39300
2022-11-18 14:26:00,1170,1165,1170,1165,66000
2022-11-18 14:27:00,1165,1165,1165,1165,6800
2022-11-18 14:28:00,1165,1165,1165,1165,21100
2022-11-18 14:29:00,1170,1165,1170,1165,5400
2022-11-18 14:30:00,1165,1165,1170,1165,24100
2022-11-18 14:31:00,1165,1165,1165,1165,0
2022-11-18 14:32:00,1170,1170,1170,1170,100
2022-11-18 14:33:00,1170,1170,1170,1170,16500
2022-11-18 14:34:00,1165,1165,1175,1170,673000
2022-11-18 14:35:00,1170,1170,1170,1170,14900
2022-11-18 14:36:00,1165,1165,1170,1165,42700
2022-11-18 14:37:00,1165,1165,1165,1165,5500
2022-11-18 14:38:00,1165,1165,1165,1165,0
2022-11-18 14:39:00,1165,1160,1165,1160,212500
2022-11-18 14:40:00,1165,1160,1165,1160,0
2022-11-18 14:41:00,1160,1160,1160,1160,14300
2022-11-18 14:42:00,1160,1160,1160,1160,33000
2022-11-18 14:43:00,1165,1165,1165,1165,0
2022-11-18 14:44:00,1160,1160,1160,1160,91900
2022-11-18 14:45:00,1165,1160,1165,1160,0
2022-11-18 14:46:00,1160,1160,1160,1160,22700
2022-11-18 14:47:00,1160,1160,1165,1165,10100
2022-11-18 14:48:00,1165,1165,1170,1165,318000
2022-11-18 14:49:00,1170,1165,1170,1165,74300
2022-11-18 14:50:00,1170,1165,1170,1165,0
2022-11-18 14:51:00,1170,1165,1170,1165,0
2022-11-18 14:52:00,1170,1165,1170,1165,0
2022-11-18 14:53:00,1170,1165,1170,1165,0
2022-11-18 14:54:00,1170,1165,1170,1165,0
2022-11-18 14:55:00,1170,1165,1170,1165,0
2022-11-18 14:56:00,1170,1165,1170,1165,0
2022-11-18 14:57:00,1170,1165,1170,1165,0
2022-11-18 14:58:00,1170,1165,1170,1165,0
2022-11-18 14:59:00,1170,1165,1170,1165,0
2022-11-18 15:00:00,1170,1170,1170,1170,2110300
2022-11-18 15:01:00,1170,1170,1170,1170,1600
2022-11-18 15:02:00,1170,1170,1170,1170,1000
2022-11-18 15:03:00,1170,1170,1170,1170,0
2022-11-18 15:04:00,1170,1170,1170,1170,0
2022-11-18 15:05:00,1170,1170,1170,1170,0
2022-11-18 15:06:00,1170,1170,1170,1170,0
2022-11-18 15:07:00,1170,1170,1170,1170,0
2022-11-18 15:08:00,1170,1170,1170,1170,0
2022-11-18 15:09:00,1170,1170,1170,1170,0
2022-11-18 15:10:00,1170,1170,1170,1170,1200
2022-11-18 15:11:00,1170,1170,1170,1170,1000300
2022-11-18 15:12:00,1170,1170,1170,1170,0
2022-11-18 15:13:00,1170,1170,1170,1170,6600
2022-11-18 15:14:00,1170,1170,1170,1170,0
2022-11-18 15:15:00,1170,1170,1170,1170,0
2022-11-18 15:16:00,1170,1170,1170,1170,0
2022-11-18 15:17:00,1170,1170,1170,1170,0
2022-11-18 15:18:00,1170,1170,1170,1170,0
2022-11-18 15:19:00,1170,1170,1170,1170,0
2022-11-18 15:20:00,1170,1170,1170,1170,0
2022-11-18 15:21:00,1170,1170,1170,1170,0
2022-11-18 15:22:00,1170,1170,1170,1170,0
2022-11-18 15:23:00,1170,1170,1170,1170,0
2022-11-18 15:24:00,1170,1170,1170,1170,0
2022-11-18 15:25:00,1170,1170,1170,1170,0
2022-11-18 15:26:00,1170,1170,1170,1170,0
2022-11-18 15:27:00,1170,1170,1170,1170,0
2022-11-18 15:28:00,1170,1170,1170,1170,0
2022-11-18 15:29:00,1170,1170,1170,1170,0
2022-11-18 15:30:00,1170,1170,1170,1170,0
2022-11-18 15:31:00,1170,1170,1170,1170,0
2022-11-18 15:32:00,1170,1170,1170,1170,0
2022-11-18 15:33:00,1170,1170,1170,1170,0
2022-11-18 15:34:00,1170,1170,1170,1170,0
2022-11-18 15:35:00,1170,1170,1170,1170,0
2022-11-18 15:36:00,1170,1170,1170,1170,0
2022-11-18 15:37:00,1170,1170,1170,1170,0
2022-11-18 15:38:00,1170,1170,1170,1170,0
2022-11-18 15:39:00,1170,1170,1170,1170,0
2022-11-18 15:40:00,1170,1170,1170,1170,0
2022-11-18 15:41:00,1170,1170,1170,1170,0
2022-11-18 15:42:00,1170,1170,1170,1170,0
2022-11-18 15:43:00,1170,1170,1170,1170,0
2022-11-18 15:44:00,1170,1170,1170,1170,0
2022-11-18 15:45:00,1170,1170,1170,1170,0
2022-11-18 15:46:00,1170,1170,1170,1170,0
2022-11-18 15:47:00,1170,1170,1170,1170,0
2022-11-18 15:48:00,1170,1170,1170,1170,0
2022-11-18 15:49:00,1170,1170,1170,1170,0
2022-11-18 15:50:00,1170,1170,1170,1170,0
2022-11-18 15:51:00,1170,1170,1170,1170,0
2022-11-18 15:52:00,1170,1170,1170,1170,0
2022-11-18 15:53:00,1170,1170,1170,1170,0
2022-11-18 15:54:00,1170,1170,1170,1170,0
2022-11-18 15:55:00,1170,1170,1170,1170,0
2022-11-18 15:56:00,1170,1170,1170,1170,0
2022-11-18 15:57:00,1170,1170,1170,1170,0
2022-11-18 15:58:00,1170,1170,1170,1170,0
2022-11-18 15:59:00,1170,1170,1170,1170,0
2022-11-21 09:00:00,1170,1160,1170,1170,0
2022-11-21 09:01:00,1165,1165,1165,1165,40200
2022-11-21 09:02:00,1165,1165,1165,1165,4700
2022-11-21 09:03:00,1165,1165,1170,1170,58000
2022-11-21 09:04:00,1170,1165,1170,1165,12200
2022-11-21 09:05:00,1165,1165,1165,1165,53100
2022-11-21 09:06:00,1170,1170,1170,1170,603400
2022-11-21 09:07:00,1165,1165,1165,1165,4100
2022-11-21 09:08:00,1165,1165,1170,1170,48400
2022-11-21 09:09:00,1165,1165,1165,1165,25400
2022-11-21 09:10:00,1170,1165,1170,1165,0
2022-11-21 09:11:00,1170,1165,1170,1165,0
2022-11-21 09:12:00,1165,1165,1165,1165,8000
2022-11-21 09:13:00,1170,1170,1170,1170,73100
2022-11-21 09:14:00,1170,1170,1170,1170,5200
2022-11-21 09:15:00,1170,1170,1170,1170,0
2022-11-21 09:16:00,1170,1170,1170,1170,6700
2022-11-21 09:17:00,1170,1170,1170,1170,109300
2022-11-21 09:18:00,1170,1170,1170,1170,11300
2022-11-21 09:19:00,1170,1165,1170,1165,61500
2022-11-21 09:20:00,1170,1165,1170,1165,0
2022-11-21 09:21:00,1170,1170,1175,1170,360800
2022-11-21 09:22:00,1175,1175,1175,1175,14400
2022-11-21 09:23:00,1175,1170,1175,1170,63300
2022-11-21 09:24:00,1170,1170,1170,1170,20000
2022-11-21 09:25:00,1170,1170,1170,1170,0
2022-11-21 09:26:00,1170,1170,1170,1170,0
2022-11-21 09:27:00,1170,1170,1170,1170,69300
2022-11-21 09:28:00,1170,1170,1170,1170,49600
2022-11-21 09:29:00,1170,1170,1170,1170,5000
2022-11-21 09:30:00,1175,1175,1175,1175,596900
2022-11-21 09:31:00,1175,1170,1190,1190,2594700
2022-11-21 09:32:00,1190,1180,1190,1185,1044100
2022-11-21 09:33:00,1185,1180,1185,1185,25400
2022-11-21 09:34:00,1185,1185,1185,1185,158400
2022-11-21 09:35:00,1185,1180,1185,1185,1419200
2022-11-21 09:36:00,1185,1180,1185,1180,130900
2022-11-21 09:37:00,1185,1180,1185,1180,248800
2022-11-21 09:38:00,1180,1180,1180,1180,102100
2022-11-21 09:39:00,1180,1180,1185,1185,113900
2022-11-21 09:40:00,1185,1185,1185,1185,0
2022-11-21 09:41:00,1185,1185,1185,1185,200
2022-11-21 09:42:00,1185,1185,1185,1185,7100
2022-11-21 09:43:00,1180,1180,1185,1185,18300
2022-11-21 09:44:00,1185,1185,1185,1185,264700
2022-11-21 09:45:00,1185,1180,1185,1180,267200
2022-11-21 09:46:00,1185,1185,1185,1185,0
2022-11-21 09:47:00,1185,1185,1185,1185,26000
2022-11-21 09:48:00,1190,1190,1190,1190,1500
2022-11-21 09:49:00,1185,1185,1185,1185,1200
2022-11-21 09:50:00,1185,1185,1190,1185,1900
2022-11-21 09:51:00,1185,1185,1190,1190,11100
2022-11-21 09:52:00,1190,1190,1190,1190,52800
2022-11-21 09:53:00,1190,1185,1190,1185,0
2022-11-21 09:54:00,1190,1185,1190,1185,400
2022-11-21 09:55:00,1185,1185,1190,1190,5400
2022-11-21 09:56:00,1185,1185,1185,1185,74700
2022-11-21 09:57:00,1185,1185,1185,1185,23900
2022-11-21 09:58:00,1185,1185,1185,1185,40300
2022-11-21 09:59:00,1185,1185,1185,1185,20000
2022-11-21 10:00:00,1185,1180,1185,1180,179100
2022-11-21 10:01:00,1180,1180,1180,1180,0
2022-11-21 10:02:00,1180,1180,1180,1180,0
2022-11-21 10:03:00,1185,1185,1185,1185,44100
2022-11-21 10:04:00,1185,1185,1185,1185,285900
2022-11-21 10:05:00,1180,1180,1180,1180,12600
2022-11-21 10:06:00,1180,1180,1180,1180,0
2022-11-21 10:07:00,1180,1180,1180,1180,400
2022-11-21 10:08:00,1180,1180,1180,1180,1020000
2022-11-21 10:09:00,1180,1180,1185,1180,19400
2022-11-21 10:10:00,1180,1180,1180,1180,0
2022-11-21 10:11:00,1175,1175,1180,1175,21100
2022-11-21 10:12:00,1180,1180,1180,1180,0
2022-11-21 10:13:00,1180,1180,1180,1180,7200
2022-11-21 10:14:00,1180,1175,1180,1175,0
2022-11-21 10:15:00,1180,1180,1180,1180,5700
2022-11-21 10:16:00,1180,1180,1180,1180,0
2022-11-21 10:17:00,1175,1170,1175,1170,1518600
2022-11-21 10:18:00,1170,1170,1175,1170,0
2022-11-21 10:19:00,1170,1170,1170,1170,15400
2022-11-21 10:20:00,1170,1170,1170,1170,0
2022-11-21 10:21:00,1175,1175,1175,1175,27400
2022-11-21 10:22:00,1175,1175,1175,1175,100
2022-11-21 10:23:00,1175,1175,1175,1175,0
2022-11-21 10:24:00,1175,1175,1175,1175,0
2022-11-21 10:25:00,1170,1170,1170,1170,4000
2022-11-21 10:26:00,1170,1170,1170,1170,0
2022-11-21 10:27:00,1170,1170,1170,1170,0
2022-11-21 10:28:00,1175,1175,1175,1175,0
2022-11-21 10:29:00,1175,1175,1175,1175,2100
2022-11-21 10:30:00,1175,1170,1175,1170,120400
2022-11-21 10:31:00,1175,1170,1175,1170,12900
2022-11-21 10:32:00,1175,1175,1175,1175,1200
2022-11-21 10:33:00,1170,1170,1170,1170,2600
2022-11-21 10:34:00,1170,1170,1170,1170,109900
2022-11-21 10:35:00,1175,1175,1175,1175,0
2022-11-21 10:36:00,1175,1175,1175,1175,0
2022-11-21 10:37:00,1175,1175,1175,1175,31800
2022-11-21 10:38:00,1175,1175,1175,1175,100
2022-11-21 10:39:00,1175,1175,1175,1175,0
2022-11-21 10:40:00,1175,1175,1175,1175,0
2022-11-21 10:41:00,1175,1175,1175,1175,200
2022-11-21 10:42:00,1175,1175,1175,1175,6100
2022-11-21 10:43:00,1175,1175,1180,1175,16400
2022-11-21 10:44:00,1175,1175,1180,1175,0
2022-11-21 10:45:00,1175,1175,1180,1175,0
2022-11-21 10:46:00,1180,1180,1180,1180,0
2022-11-21 10:47:00,1180,1180,1180,1180,0
2022-11-21 10:48:00,1180,1180,1180,1180,100
2022-11-21 10:49:00,1180,1180,1180,1180,300
2022-11-21 10:50:00,1175,1175,1180,1180,83300
2022-11-21 10:51:00,1180,1180,1180,1180,900
2022-11-21 10:52:00,1180,1180,1180,1180,0
2022-11-21 10:53:00,1180,1180,1180,1180,0
2022-11-21 10:54:00,1180,1180,1180,1180,3500
2022-11-21 10:55:00,1175,1175,1175,1175,40000
2022-11-21 10:56:00,1180,1180,1180,1180,0
2022-11-21 10:57:00,1180,1180,1180,1180,2100
2022-11-21 10:58:00,1175,1175,1175,1175,3000
2022-11-21 10:59:00,1175,1175,1175,1175,37800
2022-11-21 11:00:00,1175,1175,1175,1175,0
2022-11-21 11:01:00,1175,1175,1175,1175,1100
2022-11-21 11:02:00,1175,1175,1175,1175,0
2022-11-21 11:03:00,1175,1175,1175,1175,200
2022-11-21 11:04:00,1175,1175,1175,1175,0
2022-11-21 11:05:00,1175,1175,1175,1175,1900
2022-11-21 11:06:00,1175,1175,1175,1175,0
2022-11-21 11:07:00,1175,1175,1175,1175,0
2022-11-21 11:08:00,1175,1175,1175,1175,0
2022-11-21 11:09:00,1180,1180,1180,1180,2600
2022-11-21 11:10:00,1180,1180,1180,1180,0
2022-11-21 11:11:00,1180,1180,1180,1180,200
2022-11-21 11:12:00,1180,1180,1180,1180,0
2022-11-21 11:13:00,1175,1175,1175,1175,700
2022-11-21 11:14:00,1175,1175,1175,1175,0
2022-11-21 11:15:00,1175,1175,1175,1175,0
2022-11-21 11:16:00,1175,1175,1175,1175,0
2022-11-21 11:17:00,1175,1175,1175,1175,0
2022-11-21 11:18:00,1175,1175,1175,1175,0
2022-11-21 11:19:00,1175,1175,1175,1175,1600
2022-11-21 11:20:00,1180,1180,1180,1180,1800
2022-11-21 11:21:00,1180,1180,1180,1180,0
2022-11-21 11:22:00,1180,1180,1180,1180,0
2022-11-21 11:23:00,1180,1180,1180,1180,4700
2022-11-21 11:24:00,1180,1180,1180,1180,0
2022-11-21 11:25:00,1180,1180,1180,1180,5500
2022-11-21 11:26:00,1180,1180,1180,1180,0
2022-11-21 11:27:00,1175,1175,1180,1180,3600
2022-11-21 11:28:00,1180,1180,1180,1180,7000
2022-11-21 11:29:00,1175,1175,1175,1175,175100
2022-11-21 11:30:00,1175,1175,1175,1175,0
2022-11-21 11:31:00,1175,1175,1175,1175,0
2022-11-21 11:32:00,1175,1175,1175,1175,0
2022-11-21 11:33:00,1175,1175,1175,1175,0
2022-11-21 11:34:00,1175,1175,1175,1175,0
2022-11-21 11:35:00,1175,1175,1175,1175,0
2022-11-21 11:36:00,1175,1175,1175,1175,0
2022-11-21 11:37:00,1175,1175,1175,1175,0
2022-11-21 11:38:00,1175,1175,1175,1175,0
2022-11-21 11:39:00,1175,1175,1175,1175,0
2022-11-21 11:40:00,1175,1175,1175,1175,0
2022-11-21 11:41:00,1175,1175,1175,1175,0
2022-11-21 11:42:00,1175,1175,1175,1175,0
2022-11-21 11:43:00,1175,1175,1175,1175,0
2022-11-21 11:44:00,1175,1175,1175,1175,0
2022-11-21 11:45:00,1175,1175,1175,1175,0
2022-11-21 11:46:00,1175,1175,1175,1175,0
2022-11-21 11:47:00,1175,1175,1175,1175,0
2022-11-21 11:48:00,1175,1175,1175,1175,0
2022-11-21 11:49:00,1175,1175,1175,1175,0
2022-11-21 11:50:00,1175,1175,1175,1175,0
2022-11-21 11:51:00,1175,1175,1175,1175,0
2022-11-21 11:52:00,1175,1175,1175,1175,0
2022-11-21 11:53:00,1175,1175,1175,1175,0
2022-11-21 11:54:00,1175,1175,1175,1175,0
2022-11-21 11:55:00,1175,1175,1175,1175,0
2022-11-21 11:56:00,1175,1175,1175,1175,0
2022-11-21 11:57:00,1175,1175,1175,1175,0
2022-11-21 11:58:00,1175,1175,1175,1175,0
2022-11-21 11:59:00,1175,1175,1175,1175,0
2022-11-21 12:00:00,1175,1175,1175,1175,0
2022-11-21 12:01:00,1175,1175,1175,1175,0
2022-11-21 12:02:00,1175,1175,1175,1175,0
2022-11-21 12:03:00,1175,1175,1175,1175,0
2022-11-21 12:04:00,1175,1175,1175,1175,0
2022-11-21 12:05:00,1175,1175,1175,1175,0
2022-11-21 12:06:00,1175,1175,1175,1175,0
2022-11-21 12:07:00,1175,1175,1175,1175,0
2022-11-21 12:08:00,1175,1175,1175,1175,0
2022-11-21 12:09:00,1175,1175,1175,1175,0
2022-11-21 12:10:00,1175,1175,1175,1175,0
2022-11-21 12:11:00,1175,1175,1175,1175,0
2022-11-21 12:12:00,1175,1175,1175,1175,0
2022-11-21 12:13:00,1175,1175,1175,1175,0
2022-11-21 12:14:00,1175,1175,1175,1175,0
2022-11-21 12:15:00,1175,1175,1175,1175,0
2022-11-21 12:16:00,1175,1175,1175,1175,0
2022-11-21 12:17:00,1175,1175,1175,1175,0
2022-11-21 12:18:00,1175,1175,1175,1175,0
2022-11-21 12:19:00,1175,1175,1175,1175,0
2022-11-21 12:20:00,1175,1175,1175,1175,0
2022-11-21 12:21:00,1175,1175,1175,1175,0
2022-11-21 12:22:00,1175,1175,1175,1175,0
2022-11-21 12:23:00,1175,1175,1175,1175,0
2022-11-21 12:24:00,1175,1175,1175,1175,0
2022-11-21 12:25:00,1175,1175,1175,1175,0
2022-11-21 12:26:00,1175,1175,1175,1175,0
2022-11-21 12:27:00,1175,1175,1175,1175,0
2022-11-21 12:28:00,1175,1175,1175,1175,0
2022-11-21 12:29:00,1175,1175,1175,1175,0
2022-11-21 12:30:00,1175,1175,1175,1175,0
2022-11-21 12:31:00,1175,1175,1175,1175,0
2022-11-21 12:32:00,1175,1175,1175,1175,0
2022-11-21 12:33:00,1175,1175,1175,1175,0
2022-11-21 12:34:00,1175,1175,1175,1175,0
2022-11-21 12:35:00,1175,1175,1175,1175,0
2022-11-21 12:36:00,1175,1175,1175,1175,0
2022-11-21 12:37:00,1175,1175,1175,1175,0
2022-11-21 12:38:00,1175,1175,1175,1175,0
2022-11-21 12:39:00,1175,1175,1175,1175,0
2022-11-21 12:40:00,1175,1175,1175,1175,0
2022-11-21 12:41:00,1175,1175,1175,1175,0
2022-11-21 12:42:00,1175,1175,1175,1175,0
2022-11-21 12:43:00,1175,1175,1175,1175,0
2022-11-21 12:44:00,1175,1175,1175,1175,0
2022-11-21 12:45:00,1175,1175,1175,1175,0
2022-11-21 12:46:00,1175,1175,1175,1175,0
2022-11-21 12:47:00,1175,1175,1175,1175,0
2022-11-21 12:48:00,1175,1175,1175,1175,0
2022-11-21 12:49:00,1175,1175,1175,1175,0
2022-11-21 12:50:00,1175,1175,1175,1175,0
2022-11-21 12:51:00,1175,1175,1175,1175,0
2022-11-21 12:52:00,1175,1175,1175,1175,0
2022-11-21 12:53:00,1175,1175,1175,1175,0
2022-11-21 12:54:00,1175,1175,1175,1175,0
2022-11-21 12:55:00,1175,1175,1175,1175,0
2022-11-21 12:56:00,1175,1175,1175,1175,0
2022-11-21 12:57:00,1175,1175,1175,1175,0
2022-11-21 12:58:00,1175,1175,1175,1175,0
2022-11-21 12:59:00,1175,1175,1175,1175,0
2022-11-21 13:00:00,1175,1175,1175,1175,0
2022-11-21 13:01:00,1175,1175,1175,1175,0
2022-11-21 13:02:00,1175,1175,1175,1175,0
2022-11-21 13:03:00,1175,1175,1175,1175,0
2022-11-21 13:04:00,1175,1175,1175,1175,0
2022-11-21 13:05:00,1175,1175,1175,1175,0
2022-11-21 13:06:00,1175,1175,1175,1175,0
2022-11-21 13:07:00,1175,1175,1175,1175,0
2022-11-21 13:08:00,1175,1175,1175,1175,0
2022-11-21 13:09:00,1175,1175,1175,1175,0
2022-11-21 13:10:00,1175,1175,1175,1175,0
2022-11-21 13:11:00,1175,1175,1175,1175,0
2022-11-21 13:12:00,1175,1175,1175,1175,0
2022-11-21 13:13:00,1175,1175,1175,1175,0
2022-11-21 13:14:00,1175,1175,1175,1175,0
2022-11-21 13:15:00,1175,1175,1175,1175,0
2022-11-21 13:16:00,1175,1175,1175,1175,0
2022-11-21 13:17:00,1175,1175,1175,1175,0
2022-11-21 13:18:00,1175,1175,1175,1175,0
2022-11-21 13:19:00,1175,1175,1175,1175,0
2022-11-21 13:20:00,1175,1175,1175,1175,0
2022-11-21 13:21:00,1175,1175,1175,1175,0
2022-11-21 13:22:00,1175,1175,1175,1175,0
2022-11-21 13:23:00,1175,1175,1175,1175,0
2022-11-21 13:24:00,1175,1175,1175,1175,0
2022-11-21 13:25:00,1175,1175,1175,1175,0
2022-11-21 13:26:00,1175,1175,1175,1175,0
2022-11-21 13:27:00,1175,1175,1175,1175,0
2022-11-21 13:28:00,1175,1175,1175,1175,0
2022-11-21 13:29:00,1175,1175,1175,1175,0
2022-11-21 13:30:00,1180,1175,1180,1180,16400
2022-11-21 13:31:00,1175,1175,1175,1175,0
2022-11-21 13:32:00,1175,1175,1175,1175,0
2022-11-21 13:33:00,1180,1180,1180,1180,100
2022-11-21 13:34:00,1180,1180,1180,1180,0
2022-11-21 13:35:00,1180,1180,1180,1180,900
2022-11-21 13:36:00,1180,1180,1180,1180,42000
2022-11-21 13:37:00,1180,1180,1180,1180,0
2022-11-21 13:38:00,1175,1175,1175,1175,0
2022-11-21 13:39:00,1175,1175,1175,1175,0
2022-11-21 13:40:00,1175,1175,1175,1175,400
2022-11-21 13:41:00,1175,1175,1175,1175,900
2022-11-21 13:42:00,1175,1175,1175,1175,0
2022-11-21 13:43:00,1175,1175,1175,1175,0
2022-11-21 13:44:00,1175,1175,1175,1175,0
2022-11-21 13:45:00,1180,1175,1180,1175,350700
2022-11-21 13:46:00,1180,1175,1180,1175,0
2022-11-21 13:47:00,1180,1175,1180,1175,0
2022-11-21 13:48:00,1175,1175,1175,1175,33600
2022-11-21 13:49:00,1175,1175,1175,1175,38200
2022-11-21 13:50:00,1175,1175,1175,1175,0
2022-11-21 13:51:00,1175,1175,1175,1175,0
2022-11-21 13:52:00,1180,1175,1180,1180,8100
2022-11-21 13:53:00,1175,1175,1175,1175,100
2022-11-21 13:54:00,1175,1175,1175,1175,0
2022-11-21 13:55:00,1180,1175,1180,1175,51000
2022-11-21 13:56:00,1180,1180,1180,1180,0
2022-11-21 13:57:00,1175,1175,1175,1175,388400
2022-11-21 13:58:00,1175,1175,1175,1175,0
2022-11-21 13:59:00,1175,1175,1175,1175,300
2022-11-21 14:00:00,1175,1175,1175,1175,4100
2022-11-21 14:01:00,1175,1175,1175,1175,21500
2022-11-21 14:02:00,1175,1175,1175,1175,545500
2022-11-21 14:03:00,1175,1175,1175,1175,0
2022-11-21 14:04:00,1175,1175,1175,1175,0
2022-11-21 14:05:00,1175,1175,1175,1175,0
2022-11-21 14:06:00,1175,1175,1175,1175,15400
2022-11-21 14:07:00,1175,1175,1175,1175,2500
2022-11-21 14:08:00,1175,1175,1175,1175,0
2022-11-21 14:09:00,1175,1175,1175,1175,31000
2022-11-21 14:10:00,1175,1175,1175,1175,0
2022-11-21 14:11:00,1175,1175,1175,1175,0
2022-11-21 14:12:00,1180,1180,1180,1180,394500
2022-11-21 14:13:00,1180,1180,1180,1180,0
2022-11-21 14:14:00,1180,1180,1180,1180,0
2022-11-21 14:15:00,1180,1180,1180,1180,500
2022-11-21 14:16:00,1180,1180,1180,1180,3700
2022-11-21 14:17:00,1185,1185,1185,1185,3000
2022-11-21 14:18:00,1185,1185,1185,1185,45400
2022-11-21 14:19:00,1185,1185,1185,1185,199800
2022-11-21 14:20:00,1180,1180,1185,1180,0
2022-11-21 14:21:00,1180,1180,1180,1180,26000
2022-11-21 14:22:00,1180,1180,1180,1180,0
2022-11-21 14:23:00,1180,1180,1180,1180,0
2022-11-21 14:24:00,1180,1180,1180,1180,0
2022-11-21 14:25:00,1180,1180,1180,1180,1800
2022-11-21 14:26:00,1180,1170,1180,1175,609900
2022-11-21 14:27:00,1175,1175,1175,1175,0
2022-11-21 14:28:00,1180,1180,1180,1180,82100
2022-11-21 14:29:00,1180,1180,1190,1190,214300
2022-11-21 14:30:00,1180,1180,1190,1190,0
2022-11-21 14:31:00,1185,1185,1185,1185,15400
2022-11-21 14:32:00,1185,1185,1185,1185,0
2022-11-21 14:33:00,1185,1185,1185,1185,45600
2022-11-21 14:34:00,1185,1185,1185,1185,172900
2022-11-21 14:35:00,1185,1185,1185,1185,10900
2022-11-21 14:36:00,1185,1180,1185,1180,63900
2022-11-21 14:37:00,1180,1180,1180,1180,0
2022-11-21 14:38:00,1180,1180,1185,1185,170700
2022-11-21 14:39:00,1185,1185,1190,1185,736700
2022-11-21 14:40:00,1185,1180,1185,1185,128700
2022-11-21 14:41:00,1185,1180,1185,1185,0
2022-11-21 14:42:00,1185,1185,1185,1185,0
2022-11-21 14:43:00,1185,1180,1185,1180,50100
2022-11-21 14:44:00,1180,1180,1185,1185,0
2022-11-21 14:45:00,1180,1180,1185,1185,0
2022-11-21 14:46:00,1185,1185,1185,1185,0
2022-11-21 14:47:00,1180,1180,1185,1185,21400
2022-11-21 14:48:00,1185,1180,1185,1180,2600
2022-11-21 14:49:00,1185,1180,1185,1185,13700
2022-11-21 14:50:00,1185,1180,1185,1185,0
2022-11-21 14:51:00,1185,1180,1185,1185,0
2022-11-21 14:52:00,1185,1180,1185,1185,0
2022-11-21 14:53:00,1185,1180,1185,1185,0
2022-11-21 14:54:00,1185,1180,1185,1185,0
2022-11-21 14:55:00,1185,1180,1185,1185,0
2022-11-21 14:56:00,1185,1180,1185,1185,0
2022-11-21 14:57:00,1185,1180,1185,1185,0
2022-11-21 14:58:00,1185,1180,1185,1185,0
2022-11-21 14:59:00,1185,1180,1185,1185,0
2022-11-21 15:00:00,1190,1190,1190,1190,1899000
2022-11-21 15:01:00,1190,1190,1190,1190,7100
2022-11-21 15:02:00,1190,1190,1190,1190,2400
2022-11-21 15:03:00,1190,1190,1190,1190,4500
2022-11-21 15:04:00,1190,1190,1190,1190,5300
2022-11-21 15:05:00,1190,1190,1190,1190,0
2022-11-21 15:06:00,1190,1190,1190,1190,5200
2022-11-21 15:07:00,1190,1190,1190,1190,0
2022-11-21 15:08:00,1190,1190,1190,1190,0
2022-11-21 15:09:00,1190,1190,1190,1190,900
2022-11-21 15:10:00,1190,1190,1190,1190,5800
2022-11-21 15:11:00,1190,1190,1190,1190,0
2022-11-21 15:12:00,1190,1190,1190,1190,0
2022-11-21 15:13:00,1190,1190,1190,1190,0
2022-11-21 15:14:00,1190,1190,1190,1190,0
2022-11-21 15:15:00,1190,1190,1190,1190,0
2022-11-21 15:16:00,1190,1190,1190,1190,0
2022-11-21 15:17:00,1190,1190,1190,1190,0
2022-11-21 15:18:00,1190,1190,1190,1190,0
2022-11-21 15:19:00,1190,1190,1190,1190,0
2022-11-21 15:20:00,1190,1190,1190,1190,0
2022-11-21 15:21:00,1190,1190,1190,1190,0
2022-11-21 15:22:00,1190,1190,1190,1190,0
2022-11-21 15:23:00,1190,1190,1190,1190,0
2022-11-21 15:24:00,1190,1190,1190,1190,0
2022-11-21 15:25:00,1190,1190,1190,1190,0
2022-11-21 15:26:00,1190,1190,1190,1190,0
2022-11-21 15:27:00,1190,1190,1190,1190,0
2022-11-21 15:28:00,1190,1190,1190,1190,0
2022-11-21 15:29:00,1190,1190,1190,1190,0
2022-11-21 15:30:00,1190,1190,1190,1190,0
2022-11-21 15:31:00,1190,1190,1190,1190,0
2022-11-21 15:32:00,1190,1190,1190,1190,0
2022-11-21 15:33:00,1190,1190,1190,1190,0
2022-11-21 15:34:00,1190,1190,1190,1190,0
2022-11-21 15:35:00,1190,1190,1190,1190,0
2022-11-21 15:36:00,1190,1190,1190,1190,0
2022-11-21 15:37:00,1190,1190,1190,1190,0
2022-11-21 15:38:00,1190,1190,1190,1190,0
2022-11-21 15:39:00,1190,1190,1190,1190,0
2022-11-21 15:40:00,1190,1190,1190,1190,0
2022-11-21 15:41:00,1190,1190,1190,1190,0
2022-11-21 15:42:00,1190,1190,1190,1190,0
2022-11-21 15:43:00,1190,1190,1190,1190,0
2022-11-21 15:44:00,1190,1190,1190,1190,0
2022-11-21 15:45:00,1190,1190,1190,1190,0
2022-11-21 15:46:00,1190,1190,1190,1190,0
2022-11-21 15:47:00,1190,1190,1190,1190,0
2022-11-21 15:48:00,1190,1190,1190,1190,0
2022-11-21 15:49:00,1190,1190,1190,1190,0
2022-11-21 15:50:00,1190,1190,1190,1190,0
2022-11-21 15:51:00,1190,1190,1190,1190,0
2022-11-21 15:52:00,1190,1190,1190,1190,0
2022-11-21 15:53:00,1190,1190,1190,1190,0
2022-11-21 15:54:00,1190,1190,1190,1190,0
2022-11-21 15:55:00,1190,1190,1190,1190,0
2022-11-21 15:56:00,1190,1190,1190,1190,0
2022-11-21 15:57:00,1190,1190,1190,1190,0
2022-11-21 15:58:00,1190,1190,1190,1190,0
2022-11-21 15:59:00,1190,1190,1190,1190,0
2022-11-22 09:00:00,1190,1180,1190,1185,89400
2022-11-22 09:01:00,1185,1180,1185,1180,17400
2022-11-22 09:02:00,1180,1180,1180,1180,2100
2022-11-22 09:03:00,1180,1180,1180,1180,75700
2022-11-22 09:04:00,1180,1180,1180,1180,0
2022-11-22 09:05:00,1180,1180,1185,1185,4800
2022-11-22 09:06:00,1180,1180,1185,1185,0
2022-11-22 09:07:00,1185,1185,1185,1185,20400
2022-11-22 09:08:00,1180,1180,1185,1180,26800
2022-11-22 09:09:00,1180,1180,1180,1180,9200
2022-11-22 09:10:00,1180,1180,1180,1180,0
2022-11-22 09:11:00,1180,1180,1185,1185,496000
2022-11-22 09:12:00,1185,1185,1190,1190,235200
2022-11-22 09:13:00,1190,1190,1190,1190,235200
2022-11-22 09:14:00,1190,1185,1190,1190,200200
2022-11-22 09:15:00,1190,1190,1190,1190,340600
2022-11-22 09:16:00,1185,1185,1190,1190,106200
2022-11-22 09:17:00,1190,1185,1190,1185,0
2022-11-22 09:18:00,1185,1185,1185,1185,23100
2022-11-22 09:19:00,1190,1190,1190,1190,267900
2022-11-22 09:20:00,1190,1190,1190,1190,3900
2022-11-22 09:21:00,1190,1185,1190,1185,500
2022-11-22 09:22:00,1185,1185,1185,1185,25200
2022-11-22 09:23:00,1190,1190,1190,1190,0
2022-11-22 09:24:00,1190,1185,1190,1185,4600
2022-11-22 09:25:00,1190,1185,1190,1190,7571400
2022-11-22 09:26:00,1190,1190,1190,1190,7516800
2022-11-22 09:27:00,1190,1190,1190,1190,3000
2022-11-22 09:28:00,1190,1190,1195,1190,182300
2022-11-22 09:29:00,1190,1190,1195,1190,348700
2022-11-22 09:30:00,1195,1195,1195,1195,0
2022-11-22 09:31:00,1195,1195,1195,1195,31600
2022-11-22 09:32:00,1190,1190,1195,1195,576900
2022-11-22 09:33:00,1190,1190,1195,1195,117000
2022-11-22 09:34:00,1195,1190,1195,1190,4700
2022-11-22 09:35:00,1190,1190,1190,1190,14500
2022-11-22 09:36:00,1190,1190,1190,1190,371700
2022-11-22 09:37:00,1190,1190,1190,1190,17500
2022-11-22 09:38:00,1185,1185,1185,1185,300
2022-11-22 09:39:00,1185,1185,1185,1185,600
2022-11-22 09:40:00,1185,1185,1185,1185,143700
2022-11-22 09:41:00,1185,1185,1185,1185,19900
2022-11-22 09:42:00,1185,1185,1185,1185,100
2022-11-22 09:43:00,1190,1190,1190,1190,2500
2022-11-22 09:44:00,1185,1185,1190,1190,1600
2022-11-22 09:45:00,1185,1185,1185,1185,600
2022-11-22 09:46:00,1185,1185,1185,1185,900
2022-11-22 09:47:00,1185,1185,1185,1185,275100
2022-11-22 09:48:00,1185,1185,1185,1185,0
2022-11-22 09:49:00,1185,1185,1185,1185,7800
2022-11-22 09:50:00,1185,1185,1185,1185,20100
2022-11-22 09:51:00,1185,1180,1185,1180,427500
2022-11-22 09:52:00,1180,1180,1180,1180,200
2022-11-22 09:53:00,1180,1180,1180,1180,2100
2022-11-22 09:54:00,1180,1180,1180,1180,439700
2022-11-22 09:55:00,1180,1180,1180,1180,151700
2022-11-22 09:56:00,1180,1180,1180,1180,88300
2022-11-22 09:57:00,1180,1180,1185,1180,166000
2022-11-22 09:58:00,1180,1175,1180,1180,85100
2022-11-22 09:59:00,1180,1180,1180,1180,53100
2022-11-22 10:00:00,1180,1180,1180,1180,0
2022-11-22 10:01:00,1185,1185,1185,1185,0
2022-11-22 10:02:00,1185,1185,1185,1185,0
2022-11-22 10:03:00,1185,1185,1185,1185,0
2022-11-22 10:04:00,1180,1180,1180,1180,1600
2022-11-22 10:05:00,1180,1180,1180,1180,19000
2022-11-22 10:06:00,1180,1180,1180,1180,0
2022-11-22 10:07:00,1180,1180,1180,1180,200
2022-11-22 10:08:00,1185,1185,1185,1185,4600
2022-11-22 10:09:00,1185,1185,1185,1185,0
2022-11-22 10:10:00,1185,1185,1185,1185,0
2022-11-22 10:11:00,1180,1180,1180,1180,1200
2022-11-22 10:12:00,1180,1180,1180,1180,0
2022-11-22 10:13:00,1180,1180,1180,1180,0
2022-11-22 10:14:00,1180,1180,1185,1185,4900
2022-11-22 10:15:00,1180,1180,1185,1185,0
2022-11-22 10:16:00,1185,1185,1185,1185,12800
2022-11-22 10:17:00,1185,1185,1185,1185,4400
2022-11-22 10:18:00,1185,1185,1185,1185,0
2022-11-22 10:19:00,1185,1185,1185,1185,0
2022-11-22 10:20:00,1185,1185,1185,1185,0
2022-11-22 10:21:00,1180,1180,1180,1180,3000
2022-11-22 10:22:00,1180,1180,1180,1180,0
2022-11-22 10:23:00,1180,1180,1180,1180,0
2022-11-22 10:24:00,1185,1185,1185,1185,700
2022-11-22 10:25:00,1185,1185,1185,1185,4200
2022-11-22 10:26:00,1185,1185,1185,1185,0
2022-11-22 10:27:00,1185,1185,1185,1185,0
2022-11-22 10:28:00,1185,1185,1185,1185,0
2022-11-22 10:29:00,1185,1185,1185,1185,0
2022-11-22 10:30:00,1185,1185,1185,1185,0
2022-11-22 10:31:00,1185,1185,1185,1185,300
2022-11-22 10:32:00,1180,1180,1180,1180,0
2022-11-22 10:33:00,1180,1180,1180,1180,0
2022-11-22 10:34:00,1180,1180,1180,1180,0
2022-11-22 10:35:00,1180,1180,1185,1185,1004400
2022-11-22 10:36:00,1185,1185,1185,1185,0
2022-11-22 10:37:00,1180,1180,1185,1185,1000
2022-11-22 10:38:00,1180,1180,1185,1185,0
2022-11-22 10:39:00,1180,1180,1180,1180,16500
2022-11-22 10:40:00,1180,1180,1180,1180,500
2022-11-22 10:41:00,1180,1180,1180,1180,0
2022-11-22 10:42:00,1180,1180,1180,1180,900
2022-11-22 10:43:00,1180,1180,1180,1180,400
2022-11-22 10:44:00,1180,1180,1180,1180,0
2022-11-22 10:45:00,1180,1180,1180,1180,0
2022-11-22 10:46:00,1180,1180,1180,1180,0
2022-11-22 10:47:00,1180,1180,1185,1185,204800
2022-11-22 10:48:00,1185,1180,1185,1185,165200
2022-11-22 10:49:00,1185,1185,1185,1185,113600
2022-11-22 10:50:00,1185,1180,1185,1180,0
2022-11-22 10:51:00,1185,1180,1185,1185,162500
2022-11-22 10:52:00,1185,1185,1185,1185,5100
2022-11-22 10:53:00,1190,1190,1190,1190,29600
2022-11-22 10:54:00,1190,1190,1190,1190,5000
2022-11-22 10:55:00,1190,1190,1190,1190,19400
2022-11-22 10:56:00,1190,1190,1190,1190,0
2022-11-22 10:57:00,1190,1190,1190,1190,0
2022-11-22 10:58:00,1185,1185,1190,1190,36100
2022-11-22 10:59:00,1185,1185,1185,1185,0
2022-11-22 11:00:00,1185,1185,1185,1185,0
2022-11-22 11:01:00,1185,1185,1185,1185,52400
2022-11-22 11:02:00,1185,1185,1185,1185,0
2022-11-22 11:03:00,1185,1185,1185,1185,0
2022-11-22 11:04:00,1185,1185,1185,1185,51300
2022-11-22 11:05:00,1185,1185,1185,1185,0
2022-11-22 11:06:00,1185,1185,1185,1185,3300
2022-11-22 11:07:00,1185,1185,1185,1185,80900
2022-11-22 11:08:00,1185,1185,1185,1185,6100
2022-11-22 11:09:00,1185,1185,1185,1185,0
2022-11-22 11:10:00,1180,1180,1180,1180,50200
2022-11-22 11:11:00,1180,1180,1180,1180,0
2022-11-22 11:12:00,1180,1180,1180,1180,0
2022-11-22 11:13:00,1180,1180,1180,1180,0
2022-11-22 11:14:00,1180,1180,1180,1180,93100
2022-11-22 11:15:00,1180,1180,1180,1180,140900
2022-11-22 11:16:00,1180,1180,1180,1180,94600
2022-11-22 11:17:00,1180,1175,1180,1175,0
2022-11-22 11:18:00,1175,1175,1175,1175,900
2022-11-22 11:19:00,1180,1175,1180,1175,20100
2022-11-22 11:20:00,1175,1175,1175,1175,0
2022-11-22 11:21:00,1175,1175,1180,1180,88500
2022-11-22 11:22:00,1175,1175,1175,1175,0
2022-11-22 11:23:00,1175,1175,1175,1175,400
2022-11-22 11:24:00,1175,1175,1175,1175,200
2022-11-22 11:25:00,1175,1175,1175,1175,482400
2022-11-22 11:26:00,1175,1175,1175,1175,0
2022-11-22 11:27:00,1175,1175,1175,1175,0
2022-11-22 11:28:00,1175,1175,1175,1175,2700
2022-11-22 11:29:00,1175,1170,1175,1175,463300
2022-11-22 11:30:00,1175,1170,1175,1175,0
2022-11-22 11:31:00,1175,1170,1175,1175,0
2022-11-22 11:32:00,1175,1170,1175,1175,0
2022-11-22 11:33:00,1175,1170,1175,1175,0
2022-11-22 11:34:00,1175,1170,1175,1175,0
2022-11-22 11:35:00,1175,1170,1175,1175,0
2022-11-22 11:36:00,1175,1170,1175,1175,0
2022-11-22 11:37:00,1175,1170,1175,1175,0
2022-11-22 11:38:00,1175,1170,1175,1175,0
2022-11-22 11:39:00,1175,1170,1175,1175,0
2022-11-22 11:40:00,1175,1170,1175,1175,0
2022-11-22 11:41:00,1175,1170,1175,1175,0
2022-11-22 11:42:00,1175,1170,1175,1175,0
2022-11-22 11:43:00,1175,1170,1175,1175,0
2022-11-22 11:44:00,1175,1170,1175,1175,0
2022-11-22 11:45:00,1175,1170,1175,1175,0
2022-11-22 11:46:00,1175,1170,1175,1175,0
2022-11-22 11:47:00,1175,1170,1175,1175,0
2022-11-22 11:48:00,1175,1170,1175,1175,0
2022-11-22 11:49:00,1175,1170,1175,1175,0
2022-11-22 11:50:00,1175,1170,1175,1175,0
2022-11-22 11:51:00,1175,1170,1175,1175,0
2022-11-22 11:52:00,1175,1170,1175,1175,0
2022-11-22 11:53:00,1175,1170,1175,1175,0
2022-11-22 11:54:00,1175,1170,1175,1175,0
2022-11-22 11:55:00,1175,1170,1175,1175,0
2022-11-22 11:56:00,1175,1170,1175,1175,0
2022-11-22 11:57:00,1175,1170,1175,1175,0
2022-11-22 11:58:00,1175,1170,1175,1175,0
2022-11-22 11:59:00,1175,1170,1175,1175,0
2022-11-22 12:00:00,1175,1170,1175,1175,0
2022-11-22 12:01:00,1175,1170,1175,1175,0
2022-11-22 12:02:00,1175,1170,1175,1175,0
2022-11-22 12:03:00,1175,1170,1175,1175,0
2022-11-22 12:04:00,1175,1170,1175,1175,0
2022-11-22 12:05:00,1175,1170,1175,1175,0
2022-11-22 12:06:00,1175,1170,1175,1175,0
2022-11-22 12:07:00,1175,1170,1175,1175,0
2022-11-22 12:08:00,1175,1170,1175,1175,0
2022-11-22 12:09:00,1175,1170,1175,1175,0
2022-11-22 12:10:00,1175,1170,1175,1175,0
2022-11-22 12:11:00,1175,1170,1175,1175,0
2022-11-22 12:12:00,1175,1170,1175,1175,0
2022-11-22 12:13:00,1175,1170,1175,1175,0
2022-11-22 12:14:00,1175,1170,1175,1175,0
2022-11-22 12:15:00,1175,1170,1175,1175,0
2022-11-22 12:16:00,1175,1170,1175,1175,0
2022-11-22 12:17:00,1175,1170,1175,1175,0
2022-11-22 12:18:00,1175,1170,1175,1175,0
2022-11-22 12:19:00,1175,1170,1175,1175,0
2022-11-22 12:20:00,1175,1170,1175,1175,0
2022-11-22 12:21:00,1175,1170,1175,1175,0
2022-11-22 12:22:00,1175,1170,1175,1175,0
2022-11-22 12:23:00,1175,1170,1175,1175,0
2022-11-22 12:24:00,1175,1170,1175,1175,0
2022-11-22 12:25:00,1175,1170,1175,1175,0
2022-11-22 12:26:00,1175,1170,1175,1175,0
2022-11-22 12:27:00,1175,1170,1175,1175,0
2022-11-22 12:28:00,1175,1170,1175,1175,0
2022-11-22 12:29:00,1175,1170,1175,1175,0
2022-11-22 12:30:00,1175,1170,1175,1175,0
2022-11-22 12:31:00,1175,1170,1175,1175,0
2022-11-22 12:32:00,1175,1170,1175,1175,0
2022-11-22 12:33:00,1175,1170,1175,1175,0
2022-11-22 12:34:00,1175,1170,1175,1175,0
2022-11-22 12:35:00,1175,1170,1175,1175,0
2022-11-22 12:36:00,1175,1170,1175,1175,0
2022-11-22 12:37:00,1175,1170,1175,1175,0
2022-11-22 12:38:00,1175,1170,1175,1175,0
2022-11-22 12:39:00,1175,1170,1175,1175,0
2022-11-22 12:40:00,1175,1170,1175,1175,0
2022-11-22 12:41:00,1175,1170,1175,1175,0
2022-11-22 12:42:00,1175,1170,1175,1175,0
2022-11-22 12:43:00,1175,1170,1175,1175,0
2022-11-22 12:44:00,1175,1170,1175,1175,0
2022-11-22 12:45:00,1175,1170,1175,1175,0
2022-11-22 12:46:00,1175,1170,1175,1175,0
2022-11-22 12:47:00,1175,1170,1175,1175,0
2022-11-22 12:48:00,1175,1170,1175,1175,0
2022-11-22 12:49:00,1175,1170,1175,1175,0
2022-11-22 12:50:00,1175,1170,1175,1175,0
2022-11-22 12:51:00,1175,1170,1175,1175,0
2022-11-22 12:52:00,1175,1170,1175,1175,0
2022-11-22 12:53:00,1175,1170,1175,1175,0
2022-11-22 12:54:00,1175,1170,1175,1175,0
2022-11-22 12:55:00,1175,1170,1175,1175,0
2022-11-22 12:56:00,1175,1170,1175,1175,0
2022-11-22 12:57:00,1175,1170,1175,1175,0
2022-11-22 12:58:00,1175,1170,1175,1175,0
2022-11-22 12:59:00,1175,1170,1175,1175,0
2022-11-22 13:00:00,1175,1170,1175,1175,0
2022-11-22 13:01:00,1175,1170,1175,1175,0
2022-11-22 13:02:00,1175,1170,1175,1175,0
2022-11-22 13:03:00,1175,1170,1175,1175,0
2022-11-22 13:04:00,1175,1170,1175,1175,0
2022-11-22 13:05:00,1175,1170,1175,1175,0
2022-11-22 13:06:00,1175,1170,1175,1175,0
2022-11-22 13:07:00,1175,1170,1175,1175,0
2022-11-22 13:08:00,1175,1170,1175,1175,0
2022-11-22 13:09:00,1175,1170,1175,1175,0
2022-11-22 13:10:00,1175,1170,1175,1175,0
2022-11-22 13:11:00,1175,1170,1175,1175,0
2022-11-22 13:12:00,1175,1170,1175,1175,0
2022-11-22 13:13:00,1175,1170,1175,1175,0
2022-11-22 13:14:00,1175,1170,1175,1175,0
2022-11-22 13:15:00,1175,1170,1175,1175,0
2022-11-22 13:16:00,1175,1170,1175,1175,0
2022-11-22 13:17:00,1175,1170,1175,1175,0
2022-11-22 13:18:00,1175,1170,1175,1175,0
2022-11-22 13:19:00,1175,1170,1175,1175,0
2022-11-22 13:20:00,1175,1170,1175,1175,0
2022-11-22 13:21:00,1175,1170,1175,1175,0
2022-11-22 13:22:00,1175,1170,1175,1175,0
2022-11-22 13:23:00,1175,1170,1175,1175,0
2022-11-22 13:24:00,1175,1170,1175,1175,0
2022-11-22 13:25:00,1175,1170,1175,1175,0
2022-11-22 13:26:00,1175,1170,1175,1175,0
2022-11-22 13:27:00,1175,1170,1175,1175,0
2022-11-22 13:28:00,1175,1170,1175,1175,0
2022-11-22 13:29:00,1175,1170,1175,1175,0
2022-11-22 13:30:00,1175,1170,1175,1175,479000
2022-11-22 13:31:00,1175,1170,1175,1175,0
2022-11-22 13:32:00,1175,1175,1175,1175,30000
2022-11-22 13:33:00,1170,1170,1170,1170,8400
2022-11-22 13:34:00,1175,1175,1175,1175,0
2022-11-22 13:35:00,1175,1175,1175,1175,0
2022-11-22 13:36:00,1175,1170,1175,1170,720800
2022-11-22 13:37:00,1170,1170,1170,1170,265900
2022-11-22 13:38:00,1170,1165,1170,1170,21800
2022-11-22 13:39:00,1170,1165,1170,1165,547200
2022-11-22 13:40:00,1165,1165,1165,1165,50900
2022-11-22 13:41:00,1170,1170,1170,1170,33100
2022-11-22 13:42:00,1170,1170,1170,1170,32400
2022-11-22 13:43:00,1165,1165,1165,1165,344500
2022-11-22 13:44:00,1160,1160,1160,1160,17500
2022-11-22 13:45:00,1160,1160,1165,1165,183100
2022-11-22 13:46:00,1170,1165,1170,1170,214700
2022-11-22 13:47:00,1170,1165,1170,1170,0
2022-11-22 13:48:00,1170,1165,1170,1170,0
2022-11-22 13:49:00,1170,1165,1170,1170,0
2022-11-22 13:50:00,1170,1170,1170,1170,110000
2022-11-22 13:51:00,1170,1170,1170,1170,17900
2022-11-22 13:52:00,1165,1165,1165,1165,108600
2022-11-22 13:53:00,1165,1165,1165,1165,0
2022-11-22 13:54:00,1165,1165,1165,1165,0
2022-11-22 13:55:00,1170,1170,1170,1170,18200
2022-11-22 13:56:00,1170,1170,1170,1170,13800
2022-11-22 13:57:00,1170,1170,1170,1170,175900
2022-11-22 13:58:00,1170,1170,1170,1170,0
2022-11-22 13:59:00,1170,1170,1170,1170,267300
2022-11-22 14:00:00,1170,1170,1170,1170,173200
2022-11-22 14:01:00,1170,1170,1170,1170,10000
2022-11-22 14:02:00,1170,1170,1170,1170,495000
2022-11-22 14:03:00,1170,1170,1170,1170,0
2022-11-22 14:04:00,1165,1165,1170,1165,27300
2022-11-22 14:05:00,1170,1170,1170,1170,0
2022-11-22 14:06:00,1170,1170,1170,1170,1000
2022-11-22 14:07:00,1170,1170,1170,1170,15500
2022-11-22 14:08:00,1165,1165,1165,1165,203900
2022-11-22 14:09:00,1165,1165,1165,1165,250000
2022-11-22 14:10:00,1160,1160,1165,1160,24400
2022-11-22 14:11:00,1160,1160,1160,1160,90400
2022-11-22 14:12:00,1160,1160,1160,1160,0
2022-11-22 14:13:00,1160,1160,1160,1160,32500
2022-11-22 14:14:00,1160,1160,1160,1160,9400
2022-11-22 14:15:00,1160,1160,1160,1160,717000
2022-11-22 14:16:00,1165,1160,1165,1165,38800
2022-11-22 14:17:00,1165,1165,1165,1165,2600
2022-11-22 14:18:00,1165,1165,1170,1170,11100
2022-11-22 14:19:00,1170,1170,1170,1170,0
2022-11-22 14:20:00,1170,1170,1170,1170,0
2022-11-22 14:21:00,1170,1170,1170,1170,0
2022-11-22 14:22:00,1170,1170,1170,1170,393900
2022-11-22 14:23:00,1170,1170,1180,1180,1390000
2022-11-22 14:24:00,1170,1170,1180,1180,0
2022-11-22 14:25:00,1175,1175,1175,1175,246600
2022-11-22 14:26:00,1170,1170,1170,1170,129700
2022-11-22 14:27:00,1170,1170,1170,1170,0
2022-11-22 14:28:00,1170,1170,1180,1180,1703800
2022-11-22 14:29:00,1185,1180,1185,1185,1327100
2022-11-22 14:30:00,1185,1185,1185,1185,317300
2022-11-22 14:31:00,1185,1180,1185,1180,245100
2022-11-22 14:32:00,1185,1180,1185,1180,0
2022-11-22 14:33:00,1180,1180,1180,1180,263700
2022-11-22 14:34:00,1175,1175,1175,1175,700
2022-11-22 14:35:00,1175,1175,1180,1180,253400
2022-11-22 14:36:00,1180,1180,1180,1180,7000
2022-11-22 14:37:00,1180,1180,1180,1180,0
2022-11-22 14:38:00,1185,1185,1185,1185,63600
2022-11-22 14:39:00,1180,1180,1180,1180,3200
2022-11-22 14:40:00,1180,1180,1185,1185,4200
2022-11-22 14:41:00,1180,1180,1180,1180,22700
2022-11-22 14:42:00,1180,1180,1180,1180,733100
2022-11-22 14:43:00,1175,1175,1175,1175,150200
2022-11-22 14:44:00,1180,1175,1180,1175,0
2022-11-22 14:45:00,1180,1175,1180,1175,0
2022-11-22 14:46:00,1180,1180,1180,1180,54200
2022-11-22 14:47:00,1175,1175,1175,1175,0
2022-11-22 14:48:00,1175,1175,1180,1175,10800
2022-11-22 14:49:00,1175,1175,1175,1175,50700
2022-11-22 14:50:00,1175,1175,1175,1175,0
2022-11-22 14:51:00,1175,1175,1175,1175,0
2022-11-22 14:52:00,1175,1175,1175,1175,0
2022-11-22 14:53:00,1175,1175,1175,1175,0
2022-11-22 14:54:00,1175,1175,1175,1175,0
2022-11-22 14:55:00,1175,1175,1175,1175,0
2022-11-22 14:56:00,1175,1175,1175,1175,0
2022-11-22 14:57:00,1175,1175,1175,1175,0
2022-11-22 14:58:00,1175,1175,1175,1175,0
2022-11-22 14:59:00,1175,1175,1175,1175,0
2022-11-22 15:00:00,1170,1170,1170,1170,1301600
2022-11-22 15:01:00,1170,1170,1170,1170,4000
2022-11-22 15:02:00,1170,1170,1170,1170,0
2022-11-22 15:03:00,1170,1170,1170,1170,8000
2022-11-22 15:04:00,1170,1170,1170,1170,15000
2022-11-22 15:05:00,1170,1170,1170,1170,0
2022-11-22 15:06:00,1170,1170,1170,1170,0
2022-11-22 15:07:00,1170,1170,1170,1170,0
2022-11-22 15:08:00,1170,1170,1170,1170,0
2022-11-22 15:09:00,1170,1170,1170,1170,0
2022-11-22 15:10:00,1170,1170,1170,1170,0
2022-11-22 15:11:00,1170,1170,1170,1170,0
2022-11-22 15:12:00,1170,1170,1170,1170,0
2022-11-22 15:13:00,1170,1170,1170,1170,3500
2022-11-22 15:14:00,1170,1170,1170,1170,0
2022-11-22 15:15:00,1170,1170,1170,1170,0
2022-11-22 15:16:00,1170,1170,1170,1170,0
2022-11-22 15:17:00,1170,1170,1170,1170,0
2022-11-22 15:18:00,1170,1170,1170,1170,0
2022-11-22 15:19:00,1170,1170,1170,1170,0
2022-11-22 15:20:00,1170,1170,1170,1170,0
2022-11-22 15:21:00,1170,1170,1170,1170,0
2022-11-22 15:22:00,1170,1170,1170,1170,0
2022-11-22 15:23:00,1170,1170,1170,1170,0
2022-11-22 15:24:00,1170,1170,1170,1170,0
2022-11-22 15:25:00,1170,1170,1170,1170,0
2022-11-22 15:26:00,1170,1170,1170,1170,0
2022-11-22 15:27:00,1170,1170,1170,1170,0
2022-11-22 15:28:00,1170,1170,1170,1170,0
2022-11-22 15:29:00,1170,1170,1170,1170,0
2022-11-22 15:30:00,1170,1170,1170,1170,0
2022-11-22 15:31:00,1170,1170,1170,1170,0
2022-11-22 15:32:00,1170,1170,1170,1170,0
2022-11-22 15:33:00,1170,1170,1170,1170,0
2022-11-22 15:34:00,1170,1170,1170,1170,0
2022-11-22 15:35:00,1170,1170,1170,1170,0
2022-11-22 15:36:00,1170,1170,1170,1170,0
2022-11-22 15:37:00,1170,1170,1170,1170,0
2022-11-22 15:38:00,1170,1170,1170,1170,0
2022-11-22 15:39:00,1170,1170,1170,1170,0
2022-11-22 15:40:00,1170,1170,1170,1170,0
2022-11-22 15:41:00,1170,1170,1170,1170,0
2022-11-22 15:42:00,1170,1170,1170,1170,0
2022-11-22 15:43:00,1170,1170,1170,1170,0
2022-11-22 15:44:00,1170,1170,1170,1170,0
2022-11-22 15:45:00,1170,1170,1170,1170,0
2022-11-22 15:46:00,1170,1170,1170,1170,0
2022-11-22 15:47:00,1170,1170,1170,1170,0
2022-11-22 15:48:00,1170,1170,1170,1170,0
2022-11-22 15:49:00,1170,1170,1170,1170,0
2022-11-22 15:50:00,1170,1170,1170,1170,0
2022-11-22 15:51:00,1170,1170,1170,1170,0
2022-11-22 15:52:00,1170,1170,1170,1170,0
2022-11-22 15:53:00,1170,1170,1170,1170,0
2022-11-22 15:54:00,1170,1170,1170,1170,0
2022-11-22 15:55:00,1170,1170,1170,1170,0
2022-11-22 15:56:00,1170,1170,1170,1170,0
2022-11-22 15:57:00,1170,1170,1170,1170,0
2022-11-22 15:58:00,1170,1170,1170,1170,0
2022-11-22 15:59:00,1170,1170,1170,1170,0
2022-11-23 09:00:00,1170,1165,1170,1165,556900
2022-11-23 09:01:00,1165,1165,1170,1170,600
2022-11-23 09:02:00,1170,1165,1170,1165,200
2022-11-23 09:03:00,1170,1165,1170,1165,0
2022-11-23 09:04:00,1170,1165,1170,1165,0
2022-11-23 09:05:00,1170,1165,1170,1165,2200
2022-11-23 09:06:00,1165,1165,1165,1165,288100
2022-11-23 09:07:00,1160,1160,1165,1165,15800
2022-11-23 09:08:00,1160,1160,1160,1160,12400
2022-11-23 09:09:00,1160,1160,1160,1160,15000
2022-11-23 09:10:00,1160,1160,1160,1160,599200
2022-11-23 09:11:00,1165,1165,1165,1165,1661500
2022-11-23 09:12:00,1160,1160,1165,1165,764400
2022-11-23 09:13:00,1165,1165,1165,1165,0
2022-11-23 09:14:00,1165,1165,1165,1165,45900
2022-11-23 09:15:00,1165,1160,1165,1165,1047000
2022-11-23 09:16:00,1165,1165,1165,1165,17400
2022-11-23 09:17:00,1170,1170,1175,1175,414100
2022-11-23 09:18:00,1175,1170,1175,1175,1039400
2022-11-23 09:19:00,1175,1175,1175,1175,8900
2022-11-23 09:20:00,1180,1175,1180,1180,113800
2022-11-23 09:21:00,1180,1180,1180,1180,10000
2022-11-23 09:22:00,1175,1175,1175,1175,522000
2022-11-23 09:23:00,1175,1175,1175,1175,60000
2022-11-23 09:24:00,1180,1180,1180,1180,0
2022-11-23 09:25:00,1180,1180,1180,1180,691300
2022-11-23 09:26:00,1180,1180,1180,1180,244100
2022-11-23 09:27:00,1180,1180,1185,1185,34500
2022-11-23 09:28:00,1185,1185,1185,1185,2800
2022-11-23 09:29:00,1185,1185,1185,1185,500
2022-11-23 09:30:00,1185,1185,1185,1185,291000
2022-11-23 09:31:00,1185,1180,1185,1185,117800
2022-11-23 09:32:00,1185,1185,1185,1185,3900
2022-11-23 09:33:00,1185,1185,1185,1185,0
2022-11-23 09:34:00,1185,1185,1185,1185,100
2022-11-23 09:35:00,1185,1180,1185,1180,21700
2022-11-23 09:36:00,1180,1180,1180,1180,26800
2022-11-23 09:37:00,1180,1180,1185,1185,0
2022-11-23 09:38:00,1180,1180,1185,1185,0
2022-11-23 09:39:00,1180,1180,1185,1185,0
2022-11-23 09:40:00,1185,1185,1185,1185,0
2022-11-23 09:41:00,1185,1185,1185,1185,0
2022-11-23 09:42:00,1185,1185,1185,1185,0
2022-11-23 09:43:00,1185,1185,1185,1185,0
2022-11-23 09:44:00,1185,1185,1185,1185,600
2022-11-23 09:45:00,1185,1185,1185,1185,100
2022-11-23 09:46:00,1185,1185,1185,1185,600
2022-11-23 09:47:00,1185,1185,1185,1185,0
2022-11-23 09:48:00,1185,1185,1185,1185,100
2022-11-23 09:49:00,1180,1180,1180,1180,0
2022-11-23 09:50:00,1180,1180,1180,1180,20000
2022-11-23 09:51:00,1180,1180,1185,1185,300
2022-11-23 09:52:00,1180,1180,1185,1185,0
2022-11-23 09:53:00,1180,1180,1185,1185,0
2022-11-23 09:54:00,1185,1185,1185,1185,200
2022-11-23 09:55:00,1185,1185,1185,1185,64000
2022-11-23 09:56:00,1180,1180,1185,1185,40200
2022-11-23 09:57:00,1180,1180,1185,1185,0
2022-11-23 09:58:00,1185,1185,1190,1190,478100
2022-11-23 09:59:00,1190,1190,1190,1190,66500
2022-11-23 10:00:00,1190,1190,1190,1190,122800
2022-11-23 10:01:00,1185,1185,1185,1185,4500
2022-11-23 10:02:00,1185,1185,1185,1185,0
2022-11-23 10:03:00,1185,1185,1185,1185,0
2022-11-23 10:04:00,1185,1185,1190,1190,3200
2022-11-23 10:05:00,1185,1185,1190,1190,0
2022-11-23 10:06:00,1185,1185,1190,1190,10500
2022-11-23 10:07:00,1190,1190,1190,1190,0
2022-11-23 10:08:00,1190,1180,1190,1180,1346700
2022-11-23 10:09:00,1180,1180,1180,1180,21500
2022-11-23 10:10:00,1185,1185,1185,1185,20500
2022-11-23 10:11:00,1185,1185,1185,1185,12500
2022-11-23 10:12:00,1185,1185,1185,1185,9700
2022-11-23 10:13:00,1185,1185,1185,1185,0
2022-11-23 10:14:00,1185,1185,1185,1185,0
2022-11-23 10:15:00,1185,1185,1185,1185,500
2022-11-23 10:16:00,1180,1180,1180,1180,1000
2022-11-23 10:17:00,1180,1180,1180,1180,0
2022-11-23 10:18:00,1180,1180,1180,1180,0
2022-11-23 10:19:00,1180,1180,1180,1180,4100
2022-11-23 10:20:00,1185,1185,1185,1185,0
2022-11-23 10:21:00,1185,1180,1185,1180,6200
2022-11-23 10:22:00,1185,1180,1185,1180,0
2022-11-23 10:23:00,1185,1180,1185,1180,0
2022-11-23 10:24:00,1180,1180,1180,1180,114600
2022-11-23 10:25:00,1180,1180,1180,1180,3500
2022-11-23 10:26:00,1180,1180,1180,1180,10900
2022-11-23 10:27:00,1180,1180,1180,1180,0
2022-11-23 10:28:00,1180,1180,1180,1180,3300
2022-11-23 10:29:00,1180,1180,1180,1180,5000
2022-11-23 10:30:00,1180,1180,1180,1180,0
2022-11-23 10:31:00,1180,1180,1180,1180,500
2022-11-23 10:32:00,1180,1180,1180,1180,600
2022-11-23 10:33:00,1180,1180,1185,1185,23000
2022-11-23 10:34:00,1180,1180,1185,1185,0
2022-11-23 10:35:00,1180,1180,1180,1180,0
2022-11-23 10:36:00,1180,1180,1180,1180,0
2022-11-23 10:37:00,1185,1185,1185,1185,2400
2022-11-23 10:38:00,1180,1180,1180,1180,0
2022-11-23 10:39:00,1180,1180,1180,1180,400
2022-11-23 10:40:00,1180,1180,1180,1180,0
2022-11-23 10:41:00,1180,1180,1180,1180,200
2022-11-23 10:42:00,1180,1180,1180,1180,300
2022-11-23 10:43:00,1180,1180,1180,1180,0
2022-11-23 10:44:00,1180,1180,1180,1180,0
2022-11-23 10:45:00,1185,1185,1185,1185,1600
2022-11-23 10:46:00,1185,1185,1185,1185,0
2022-11-23 10:47:00,1185,1185,1185,1185,0
2022-11-23 10:48:00,1185,1185,1185,1185,0
2022-11-23 10:49:00,1185,1185,1185,1185,17300
2022-11-23 10:50:00,1185,1185,1185,1185,0
2022-11-23 10:51:00,1180,1180,1180,1180,11700
2022-11-23 10:52:00,1180,1180,1180,1180,3500
2022-11-23 10:53:00,1180,1180,1180,1180,6400
2022-11-23 10:54:00,1180,1175,1180,1175,5200
2022-11-23 10:55:00,1180,1175,1180,1175,0
2022-11-23 10:56:00,1175,1175,1175,1175,4200
2022-11-23 10:57:00,1180,1180,1180,1180,400
2022-11-23 10:58:00,1175,1175,1175,1175,4100
2022-11-23 10:59:00,1175,1175,1175,1175,0
2022-11-23 11:00:00,1175,1175,1175,1175,0
2022-11-23 11:01:00,1175,1175,1175,1175,16300
2022-11-23 11:02:00,1175,1175,1175,1175,0
2022-11-23 11:03:00,1180,1180,1180,1180,514300
2022-11-23 11:04:00,1180,1180,1180,1180,4600
2022-11-23 11:05:00,1180,1180,1180,1180,0
2022-11-23 11:06:00,1180,1180,1180,1180,517500
2022-11-23 11:07:00,1180,1180,1180,1180,0
2022-11-23 11:08:00,1180,1180,1180,1180,351200
2022-11-23 11:09:00,1180,1180,1180,1180,0
2022-11-23 11:10:00,1180,1180,1180,1180,0
2022-11-23 11:11:00,1180,1180,1180,1180,5000
2022-11-23 11:12:00,1185,1185,1185,1185,147700
2022-11-23 11:13:00,1180,1180,1180,1180,0
2022-11-23 11:14:00,1185,1185,1185,1185,887000
2022-11-23 11:15:00,1190,1185,1190,1185,935500
2022-11-23 11:16:00,1190,1185,1190,1185,0
2022-11-23 11:17:00,1190,1190,1190,1190,805500
2022-11-23 11:18:00,1190,1190,1190,1190,0
2022-11-23 11:19:00,1190,1190,1190,1190,100
2022-11-23 11:20:00,1185,1185,1185,1185,900000
2022-11-23 11:21:00,1190,1185,1190,1185,400
2022-11-23 11:22:00,1190,1185,1190,1185,0
2022-11-23 11:23:00,1185,1185,1185,1185,1900
2022-11-23 11:24:00,1185,1185,1185,1185,16500
2022-11-23 11:25:00,1185,1185,1190,1190,130300
2022-11-23 11:26:00,1190,1190,1190,1190,124000
2022-11-23 11:27:00,1190,1190,1190,1190,0
2022-11-23 11:28:00,1190,1190,1190,1190,48500
2022-11-23 11:29:00,1190,1190,1190,1190,112300
2022-11-23 11:30:00,1190,1190,1190,1190,0
2022-11-23 11:31:00,1190,1190,1190,1190,0
2022-11-23 11:32:00,1190,1190,1190,1190,0
2022-11-23 11:33:00,1190,1190,1190,1190,0
2022-11-23 11:34:00,1190,1190,1190,1190,0
2022-11-23 11:35:00,1190,1190,1190,1190,0
2022-11-23 11:36:00,1190,1190,1190,1190,0
2022-11-23 11:37:00,1190,1190,1190,1190,0
2022-11-23 11:38:00,1190,1190,1190,1190,0
2022-11-23 11:39:00,1190,1190,1190,1190,0
2022-11-23 11:40:00,1190,1190,1190,1190,0
2022-11-23 11:41:00,1190,1190,1190,1190,0
2022-11-23 11:42:00,1190,1190,1190,1190,0
2022-11-23 11:43:00,1190,1190,1190,1190,0
2022-11-23 11:44:00,1190,1190,1190,1190,0
2022-11-23 11:45:00,1190,1190,1190,1190,0
2022-11-23 11:46:00,1190,1190,1190,1190,0
2022-11-23 11:47:00,1190,1190,1190,1190,0
2022-11-23 11:48:00,1190,1190,1190,1190,0
2022-11-23 11:49:00,1190,1190,1190,1190,0
2022-11-23 11:50:00,1190,1190,1190,1190,0
2022-11-23 11:51:00,1190,1190,1190,1190,0
2022-11-23 11:52:00,1190,1190,1190,1190,0
2022-11-23 11:53:00,1190,1190,1190,1190,0
2022-11-23 11:54:00,1190,1190,1190,1190,0
2022-11-23 11:55:00,1190,1190,1190,1190,0
2022-11-23 11:56:00,1190,1190,1190,1190,0
2022-11-23 11:57:00,1190,1190,1190,1190,0
2022-11-23 11:58:00,1190,1190,1190,1190,0
2022-11-23 11:59:00,1190,1190,1190,1190,0
2022-11-23 12:00:00,1190,1190,1190,1190,0
2022-11-23 12:01:00,1190,1190,1190,1190,0
2022-11-23 12:02:00,1190,1190,1190,1190,0
2022-11-23 12:03:00,1190,1190,1190,1190,0
2022-11-23 12:04:00,1190,1190,1190,1190,0
2022-11-23 12:05:00,1190,1190,1190,1190,0
2022-11-23 12:06:00,1190,1190,1190,1190,0
2022-11-23 12:07:00,1190,1190,1190,1190,0
2022-11-23 12:08:00,1190,1190,1190,1190,0
2022-11-23 12:09:00,1190,1190,1190,1190,0
2022-11-23 12:10:00,1190,1190,1190,1190,0
2022-11-23 12:11:00,1190,1190,1190,1190,0
2022-11-23 12:12:00,1190,1190,1190,1190,0
2022-11-23 12:13:00,1190,1190,1190,1190,0
2022-11-23 12:14:00,1190,1190,1190,1190,0
2022-11-23 12:15:00,1190,1190,1190,1190,0
2022-11-23 12:16:00,1190,1190,1190,1190,0
2022-11-23 12:17:00,1190,1190,1190,1190,0
2022-11-23 12:18:00,1190,1190,1190,1190,0
2022-11-23 12:19:00,1190,1190,1190,1190,0
2022-11-23 12:20:00,1190,1190,1190,1190,0
2022-11-23 12:21:00,1190,1190,1190,1190,0
2022-11-23 12:22:00,1190,1190,1190,1190,0
2022-11-23 12:23:00,1190,1190,1190,1190,0
2022-11-23 12:24:00,1190,1190,1190,1190,0
2022-11-23 12:25:00,1190,1190,1190,1190,0
2022-11-23 12:26:00,1190,1190,1190,1190,0
2022-11-23 12:27:00,1190,1190,1190,1190,0
2022-11-23 12:28:00,1190,1190,1190,1190,0
2022-11-23 12:29:00,1190,1190,1190,1190,0
2022-11-23 12:30:00,1190,1190,1190,1190,0
2022-11-23 12:31:00,1190,1190,1190,1190,0
2022-11-23 12:32:00,1190,1190,1190,1190,0
2022-11-23 12:33:00,1190,1190,1190,1190,0
2022-11-23 12:34:00,1190,1190,1190,1190,0
2022-11-23 12:35:00,1190,1190,1190,1190,0
2022-11-23 12:36:00,1190,1190,1190,1190,0
2022-11-23 12:37:00,1190,1190,1190,1190,0
2022-11-23 12:38:00,1190,1190,1190,1190,0
2022-11-23 12:39:00,1190,1190,1190,1190,0
2022-11-23 12:40:00,1190,1190,1190,1190,0
2022-11-23 12:41:00,1190,1190,1190,1190,0
2022-11-23 12:42:00,1190,1190,1190,1190,0
2022-11-23 12:43:00,1190,1190,1190,1190,0
2022-11-23 12:44:00,1190,1190,1190,1190,0
2022-11-23 12:45:00,1190,1190,1190,1190,0
2022-11-23 12:46:00,1190,1190,1190,1190,0
2022-11-23 12:47:00,1190,1190,1190,1190,0
2022-11-23 12:48:00,1190,1190,1190,1190,0
2022-11-23 12:49:00,1190,1190,1190,1190,0
2022-11-23 12:50:00,1190,1190,1190,1190,0
2022-11-23 12:51:00,1190,1190,1190,1190,0
2022-11-23 12:52:00,1190,1190,1190,1190,0
2022-11-23 12:53:00,1190,1190,1190,1190,0
2022-11-23 12:54:00,1190,1190,1190,1190,0
2022-11-23 12:55:00,1190,1190,1190,1190,0
2022-11-23 12:56:00,1190,1190,1190,1190,0
2022-11-23 12:57:00,1190,1190,1190,1190,0
2022-11-23 12:58:00,1190,1190,1190,1190,0
2022-11-23 12:59:00,1190,1190,1190,1190,0
2022-11-23 13:00:00,1190,1190,1190,1190,0
2022-11-23 13:01:00,1190,1190,1190,1190,0
2022-11-23 13:02:00,1190,1190,1190,1190,0
2022-11-23 13:03:00,1190,1190,1190,1190,0
2022-11-23 13:04:00,1190,1190,1190,1190,0
2022-11-23 13:05:00,1190,1190,1190,1190,0
2022-11-23 13:06:00,1190,1190,1190,1190,0
2022-11-23 13:07:00,1190,1190,1190,1190,0
2022-11-23 13:08:00,1190,1190,1190,1190,0
2022-11-23 13:09:00,1190,1190,1190,1190,0
2022-11-23 13:10:00,1190,1190,1190,1190,0
2022-11-23 13:11:00,1190,1190,1190,1190,0
2022-11-23 13:12:00,1190,1190,1190,1190,0
2022-11-23 13:13:00,1190,1190,1190,1190,0
2022-11-23 13:14:00,1190,1190,1190,1190,0
2022-11-23 13:15:00,1190,1190,1190,1190,0
2022-11-23 13:16:00,1190,1190,1190,1190,0
2022-11-23 13:17:00,1190,1190,1190,1190,0
2022-11-23 13:18:00,1190,1190,1190,1190,0
2022-11-23 13:19:00,1190,1190,1190,1190,0
2022-11-23 13:20:00,1190,1190,1190,1190,0
2022-11-23 13:21:00,1190,1190,1190,1190,0
2022-11-23 13:22:00,1190,1190,1190,1190,0
2022-11-23 13:23:00,1190,1190,1190,1190,0
2022-11-23 13:24:00,1190,1190,1190,1190,0
2022-11-23 13:25:00,1190,1190,1190,1190,0
2022-11-23 13:26:00,1190,1190,1190,1190,0
2022-11-23 13:27:00,1190,1190,1190,1190,0
2022-11-23 13:28:00,1190,1190,1190,1190,0
2022-11-23 13:29:00,1190,1190,1190,1190,0
2022-11-23 13:30:00,1190,1185,1190,1185,20100
2022-11-23 13:31:00,1190,1185,1190,1185,0
2022-11-23 13:32:00,1190,1185,1190,1185,0
2022-11-23 13:33:00,1185,1185,1185,1185,47700
2022-11-23 13:34:00,1185,1185,1185,1185,0
2022-11-23 13:35:00,1190,1190,1190,1190,0
2022-11-23 13:36:00,1190,1185,1190,1185,1135000
2022-11-23 13:37:00,1185,1185,1185,1185,62400
2022-11-23 13:38:00,1185,1185,1185,1185,700900
2022-11-23 13:39:00,1185,1185,1185,1185,2000
2022-11-23 13:40:00,1185,1185,1185,1185,5700
2022-11-23 13:41:00,1185,1185,1185,1185,1100
2022-11-23 13:42:00,1185,1185,1185,1185,0
2022-11-23 13:43:00,1185,1185,1185,1185,88800
2022-11-23 13:44:00,1180,1180,1180,1180,2500
2022-11-23 13:45:00,1180,1180,1180,1180,9500
2022-11-23 13:46:00,1180,1180,1180,1180,1000
2022-11-23 13:47:00,1180,1180,1180,1180,0
2022-11-23 13:48:00,1180,1180,1180,1180,0
2022-11-23 13:49:00,1180,1180,1180,1180,100
2022-11-23 13:50:00,1185,1185,1185,1185,0
2022-11-23 13:51:00,1185,1180,1185,1180,16900
2022-11-23 13:52:00,1180,1180,1180,1180,0
2022-11-23 13:53:00,1180,1180,1180,1180,4900
2022-11-23 13:54:00,1185,1180,1185,1180,295700
2022-11-23 13:55:00,1180,1180,1180,1180,0
2022-11-23 13:56:00,1180,1180,1180,1180,0
2022-11-23 13:57:00,1180,1180,1185,1185,1549900
2022-11-23 13:58:00,1185,1185,1185,1185,0
2022-11-23 13:59:00,1185,1185,1185,1185,0
2022-11-23 14:00:00,1185,1185,1185,1185,500
2022-11-23 14:01:00,1185,1185,1185,1185,48900
2022-11-23 14:02:00,1185,1185,1185,1185,1116000
2022-11-23 14:03:00,1185,1185,1185,1185,6000
2022-11-23 14:04:00,1185,1185,1185,1185,113500
2022-11-23 14:05:00,1185,1185,1185,1185,733500
2022-11-23 14:06:00,1185,1180,1190,1185,1314900
2022-11-23 14:07:00,1180,1180,1185,1185,600
2022-11-23 14:08:00,1190,1190,1190,1190,720300
2022-11-23 14:09:00,1190,1190,1195,1195,0
2022-11-23 14:10:00,1195,1190,1195,1190,25300
2022-11-23 14:11:00,1190,1190,1190,1190,310100
2022-11-23 14:12:00,1195,1190,1195,1195,391400
2022-11-23 14:13:00,1190,1190,1190,1190,333100
2022-11-23 14:14:00,1195,1190,1195,1190,0
2022-11-23 14:15:00,1190,1190,1190,1190,400
2022-11-23 14:16:00,1190,1190,1190,1190,602600
2022-11-23 14:17:00,1190,1190,1190,1190,460900
2022-11-23 14:18:00,1190,1185,1190,1185,71400
2022-11-23 14:19:00,1185,1185,1185,1185,22800
2022-11-23 14:20:00,1185,1185,1185,1185,0
2022-11-23 14:21:00,1190,1190,1190,1190,84000
2022-11-23 14:22:00,1190,1185,1190,1185,0
2022-11-23 14:23:00,1190,1185,1190,1185,0
2022-11-23 14:24:00,1190,1190,1190,1190,1216400
2022-11-23 14:25:00,1195,1190,1195,1190,246200
2022-11-23 14:26:00,1190,1190,1190,1190,1006600
2022-11-23 14:27:00,1190,1190,1190,1190,174000
2022-11-23 14:28:00,1195,1190,1195,1190,1033800
2022-11-23 14:29:00,1190,1190,1190,1190,67000
2022-11-23 14:30:00,1190,1190,1195,1195,503300
2022-11-23 14:31:00,1190,1190,1190,1190,501300
2022-11-23 14:32:00,1190,1190,1190,1190,6200
2022-11-23 14:33:00,1195,1195,1195,1195,0
2022-11-23 14:34:00,1190,1190,1190,1190,0
2022-11-23 14:35:00,1190,1190,1190,1190,17000
2022-11-23 14:36:00,1190,1190,1190,1190,135600
2022-11-23 14:37:00,1190,1190,1190,1190,8100
2022-11-23 14:38:00,1190,1190,1190,1190,6900
2022-11-23 14:39:00,1190,1190,1190,1190,2200
2022-11-23 14:40:00,1195,1195,1195,1195,7100
2022-11-23 14:41:00,1195,1190,1195,1195,509500
2022-11-23 14:42:00,1200,1190,1200,1200,388100
2022-11-23 14:43:00,1195,1195,1200,1195,531700
2022-11-23 14:44:00,1190,1190,1195,1195,3300
2022-11-23 14:45:00,1195,1195,1195,1195,521900
2022-11-23 14:46:00,1195,1195,1200,1200,97400
2022-11-23 14:47:00,1195,1195,1200,1200,27400
2022-11-23 14:48:00,1195,1195,1200,1200,150500
2022-11-23 14:49:00,1200,1195,1200,1195,24800
2022-11-23 14:50:00,1200,1195,1200,1195,0
2022-11-23 14:51:00,1200,1195,1200,1195,0
2022-11-23 14:52:00,1200,1195,1200,1195,0
2022-11-23 14:53:00,1200,1195,1200,1195,0
2022-11-23 14:54:00,1200,1195,1200,1195,0
2022-11-23 14:55:00,1200,1195,1200,1195,0
2022-11-23 14:56:00,1200,1195,1200,1195,0
2022-11-23 14:57:00,1200,1195,1200,1195,0
2022-11-23 14:58:00,1200,1195,1200,1195,0
2022-11-23 14:59:00,1200,1195,1200,1195,0
2022-11-23 15:00:00,1200,1200,1200,1200,2535000
2022-11-23 15:01:00,1200,1200,1200,1200,21400
2022-11-23 15:02:00,1200,1200,1200,1200,7000
2022-11-23 15:03:00,1200,1200,1200,1200,200
2022-11-23 15:04:00,1200,1200,1200,1200,18800
2022-11-23 15:05:00,1200,1200,1200,1200,0
2022-11-23 15:06:00,1200,1200,1200,1200,0
2022-11-23 15:07:00,1200,1200,1200,1200,13200
2022-11-23 15:08:00,1200,1200,1200,1200,800
2022-11-23 15:09:00,1200,1200,1200,1200,1700
2022-11-23 15:10:00,1200,1200,1200,1200,4900
2022-11-23 15:11:00,1200,1200,1200,1200,0
2022-11-23 15:12:00,1200,1200,1200,1200,0
2022-11-23 15:13:00,1200,1200,1200,1200,36273200
2022-11-23 15:14:00,1200,1200,1200,1200,0
2022-11-23 15:15:00,1200,1200,1200,1200,0
2022-11-23 15:16:00,1200,1200,1200,1200,0
2022-11-23 15:17:00,1200,1200,1200,1200,0
2022-11-23 15:18:00,1200,1200,1200,1200,0
2022-11-23 15:19:00,1200,1200,1200,1200,0
2022-11-23 15:20:00,1200,1200,1200,1200,0
2022-11-23 15:21:00,1200,1200,1200,1200,0
2022-11-23 15:22:00,1200,1200,1200,1200,0
2022-11-23 15:23:00,1200,1200,1200,1200,0
2022-11-23 15:24:00,1200,1200,1200,1200,0
2022-11-23 15:25:00,1200,1200,1200,1200,0
2022-11-23 15:26:00,1200,1200,1200,1200,0
2022-11-23 15:27:00,1200,1200,1200,1200,0
2022-11-23 15:28:00,1200,1200,1200,1200,0
2022-11-23 15:29:00,1200,1200,1200,1200,0
2022-11-23 15:30:00,1200,1200,1200,1200,0
2022-11-23 15:31:00,1200,1200,1200,1200,0
2022-11-23 15:32:00,1200,1200,1200,1200,0
2022-11-23 15:33:00,1200,1200,1200,1200,0
2022-11-23 15:34:00,1200,1200,1200,1200,0
2022-11-23 15:35:00,1200,1200,1200,1200,0
2022-11-23 15:36:00,1200,1200,1200,1200,0
2022-11-23 15:37:00,1200,1200,1200,1200,0
2022-11-23 15:38:00,1200,1200,1200,1200,0
2022-11-23 15:39:00,1200,1200,1200,1200,0
2022-11-23 15:40:00,1200,1200,1200,1200,0
2022-11-23 15:41:00,1200,1200,1200,1200,0
2022-11-23 15:42:00,1200,1200,1200,1200,0
2022-11-23 15:43:00,1200,1200,1200,1200,0
2022-11-23 15:44:00,1200,1200,1200,1200,0
2022-11-23 15:45:00,1200,1200,1200,1200,0
2022-11-23 15:46:00,1200,1200,1200,1200,0
2022-11-23 15:47:00,1200,1200,1200,1200,0
2022-11-23 15:48:00,1200,1200,1200,1200,0
2022-11-23 15:49:00,1200,1200,1200,1200,0
2022-11-23 15:50:00,1200,1200,1200,1200,0
2022-11-23 15:51:00,1200,1200,1200,1200,0
2022-11-23 15:52:00,1200,1200,1200,1200,0
2022-11-23 15:53:00,1200,1200,1200,1200,0
2022-11-23 15:54:00,1200,1200,1200,1200,0
2022-11-23 15:55:00,1200,1200,1200,1200,0
2022-11-23 15:56:00,1200,1200,1200,1200,0
2022-11-23 15:57:00,1200,1200,1200,1200,0
2022-11-23 15:58:00,1200,1200,1200,1200,0
2022-11-23 15:59:00,1200,1200,1200,1200,0
2022-11-24 09:00:00,1195,1195,1200,1200,0
2022-11-24 09:01:00,1195,1195,1195,1195,94100
2022-11-24 09:02:00,1190,1190,1195,1195,49500
2022-11-24 09:03:00,1195,1195,1195,1195,14500
2022-11-24 09:04:00,1195,1195,1195,1195,35200
2022-11-24 09:05:00,1195,1195,1195,1195,0
2022-11-24 09:06:00,1195,1195,1195,1195,29600
2022-11-24 09:07:00,1195,1195,1195,1195,49500
2022-11-24 09:08:00,1195,1195,1195,1195,39900
2022-11-24 09:09:00,1200,1200,1200,1200,300100
2022-11-24 09:10:00,1200,1190,1200,1190,204900
2022-11-24 09:11:00,1195,1190,1195,1190,3500
2022-11-24 09:12:00,1190,1190,1190,1190,8200
2022-11-24 09:13:00,1190,1190,1190,1190,18600
2022-11-24 09:14:00,1190,1190,1195,1195,385100
2022-11-24 09:15:00,1195,1195,1195,1195,0
2022-11-24 09:16:00,1195,1185,1195,1185,494100
2022-11-24 09:17:00,1185,1185,1190,1190,155300
2022-11-24 09:18:00,1190,1190,1190,1190,0
2022-11-24 09:19:00,1190,1190,1190,1190,0
2022-11-24 09:20:00,1190,1185,1190,1185,70400
2022-11-24 09:21:00,1190,1190,1190,1190,3100
2022-11-24 09:22:00,1190,1190,1190,1190,0
2022-11-24 09:23:00,1190,1190,1190,1190,2100
2022-11-24 09:24:00,1190,1190,1190,1190,38100
2022-11-24 09:25:00,1190,1190,1190,1190,68200
2022-11-24 09:26:00,1190,1190,1195,1195,0
2022-11-24 09:27:00,1190,1190,1190,1190,187300
2022-11-24 09:28:00,1190,1190,1190,1190,0
2022-11-24 09:29:00,1190,1190,1190,1190,400
2022-11-24 09:30:00,1185,1185,1185,1185,600
2022-11-24 09:31:00,1190,1190,1190,1190,3300
2022-11-24 09:32:00,1190,1190,1190,1190,0
2022-11-24 09:33:00,1190,1190,1190,1190,0
2022-11-24 09:34:00,1190,1190,1190,1190,0
2022-11-24 09:35:00,1185,1185,1185,1185,6100
2022-11-24 09:36:00,1185,1185,1185,1185,0
2022-11-24 09:37:00,1185,1185,1185,1185,46800
2022-11-24 09:38:00,1185,1185,1185,1185,36000
2022-11-24 09:39:00,1185,1185,1185,1185,0
2022-11-24 09:40:00,1185,1185,1185,1185,0
2022-11-24 09:41:00,1185,1185,1185,1185,0
2022-11-24 09:42:00,1185,1185,1185,1185,2000
2022-11-24 09:43:00,1185,1185,1185,1185,0
2022-11-24 09:44:00,1185,1185,1190,1190,8400
2022-11-24 09:45:00,1190,1190,1190,1190,2800
2022-11-24 09:46:00,1190,1190,1190,1190,0
2022-11-24 09:47:00,1190,1190,1190,1190,0
2022-11-24 09:48:00,1190,1190,1190,1190,0
2022-11-24 09:49:00,1190,1185,1190,1185,5600
2022-11-24 09:50:00,1190,1185,1190,1185,0
2022-11-24 09:51:00,1190,1190,1190,1190,247500
2022-11-24 09:52:00,1190,1190,1190,1190,0
2022-11-24 09:53:00,1190,1190,1190,1190,0
2022-11-24 09:54:00,1190,1190,1190,1190,1800
2022-11-24 09:55:00,1185,1185,1185,1185,0
2022-11-24 09:56:00,1190,1190,1190,1190,214700
2022-11-24 09:57:00,1190,1190,1190,1190,0
2022-11-24 09:58:00,1190,1190,1190,1190,2900
2022-11-24 09:59:00,1190,1190,1190,1190,0
2022-11-24 10:00:00,1190,1190,1190,1190,0
2022-11-24 10:01:00,1190,1190,1190,1190,300
2022-11-24 10:02:00,1190,1190,1190,1190,0
2022-11-24 10:03:00,1190,1190,1190,1190,0
2022-11-24 10:04:00,1190,1190,1190,1190,0
2022-11-24 10:05:00,1190,1190,1190,1190,0
2022-11-24 10:06:00,1190,1190,1190,1190,0
2022-11-24 10:07:00,1190,1190,1190,1190,400
2022-11-24 10:08:00,1190,1190,1190,1190,1100
2022-11-24 10:09:00,1190,1190,1190,1190,8500
2022-11-24 10:10:00,1190,1190,1190,1190,15300
2022-11-24 10:11:00,1190,1190,1190,1190,4300
2022-11-24 10:12:00,1190,1190,1190,1190,0
2022-11-24 10:13:00,1195,1185,1195,1185,51200
2022-11-24 10:14:00,1195,1185,1195,1185,0
2022-11-24 10:15:00,1185,1185,1185,1185,545200
2022-11-24 10:16:00,1180,1180,1180,1180,0
2022-11-24 10:17:00,1185,1180,1185,1180,11900
2022-11-24 10:18:00,1185,1185,1185,1185,0
2022-11-24 10:19:00,1185,1185,1185,1185,8700
2022-11-24 10:20:00,1185,1185,1185,1185,0
2022-11-24 10:21:00,1185,1185,1185,1185,2500
2022-11-24 10:22:00,1185,1185,1185,1185,2000
2022-11-24 10:23:00,1185,1185,1185,1185,0
2022-11-24 10:24:00,1185,1185,1185,1185,0
2022-11-24 10:25:00,1185,1185,1185,1185,100
2022-11-24 10:26:00,1185,1185,1185,1185,0
2022-11-24 10:27:00,1190,1190,1190,1190,1200
2022-11-24 10:28:00,1190,1190,1190,1190,0
2022-11-24 10:29:00,1190,1190,1190,1190,0
2022-11-24 10:30:00,1190,1190,1190,1190,0
2022-11-24 10:31:00,1190,1190,1190,1190,0
2022-11-24 10:32:00,1190,1190,1190,1190,0
2022-11-24 10:33:00,1190,1190,1190,1190,0
2022-11-24 10:34:00,1190,1190,1190,1190,0
2022-11-24 10:35:00,1190,1190,1190,1190,0
2022-11-24 10:36:00,1190,1190,1190,1190,0
2022-11-24 10:37:00,1190,1190,1190,1190,0
2022-11-24 10:38:00,1185,1185,1185,1185,100
2022-11-24 10:39:00,1185,1185,1185,1185,0
2022-11-24 10:40:00,1185,1185,1185,1185,0
2022-11-24 10:41:00,1185,1185,1185,1185,800
2022-11-24 10:42:00,1185,1185,1185,1185,9400
2022-11-24 10:43:00,1185,1185,1185,1185,0
2022-11-24 10:44:00,1185,1185,1185,1185,0
2022-11-24 10:45:00,1185,1185,1185,1185,0
2022-11-24 10:46:00,1185,1185,1185,1185,0
2022-11-24 10:47:00,1185,1185,1185,1185,162700
2022-11-24 10:48:00,1185,1185,1185,1185,0
2022-11-24 10:49:00,1185,1185,1185,1185,162300
2022-11-24 10:50:00,1185,1185,1185,1185,3200
2022-11-24 10:51:00,1180,1180,1185,1185,216900
2022-11-24 10:52:00,1185,1185,1185,1185,0
2022-11-24 10:53:00,1185,1185,1185,1185,0
2022-11-24 10:54:00,1185,1185,1185,1185,0
2022-11-24 10:55:00,1185,1180,1185,1180,1101900
2022-11-24 10:56:00,1180,1180,1190,1190,0
2022-11-24 10:57:00,1185,1185,1185,1185,47900
2022-11-24 10:58:00,1185,1185,1185,1185,0
2022-11-24 10:59:00,1185,1185,1185,1185,10300
2022-11-24 11:00:00,1185,1180,1185,1180,0
2022-11-24 11:01:00,1180,1180,1180,1180,6600
2022-11-24 11:02:00,1180,1180,1180,1180,0
2022-11-24 11:03:00,1185,1185,1185,1185,9961900
2022-11-24 11:04:00,1185,1185,1185,1185,474900
2022-11-24 11:05:00,1185,1185,1185,1185,0
2022-11-24 11:06:00,1185,1185,1185,1185,6100
2022-11-24 11:07:00,1185,1180,1185,1180,209000
2022-11-24 11:08:00,1180,1180,1180,1180,0
2022-11-24 11:09:00,1185,1185,1185,1185,223900
2022-11-24 11:10:00,1185,1185,1185,1185,0
2022-11-24 11:11:00,1185,1185,1185,1185,0
2022-11-24 11:12:00,1185,1185,1185,1185,0
2022-11-24 11:13:00,1185,1185,1185,1185,1700
2022-11-24 11:14:00,1185,1185,1185,1185,0
2022-11-24 11:15:00,1185,1185,1185,1185,0
2022-11-24 11:16:00,1185,1185,1185,1185,0
2022-11-24 11:17:00,1185,1185,1185,1185,0
2022-11-24 11:18:00,1190,1190,1190,1190,149800
2022-11-24 11:19:00,1185,1185,1185,1185,150000
2022-11-24 11:20:00,1185,1185,1185,1185,0
2022-11-24 11:21:00,1185,1185,1185,1185,0
2022-11-24 11:22:00,1185,1185,1185,1185,200
2022-11-24 11:23:00,1185,1185,1185,1185,318600
2022-11-24 11:24:00,1185,1185,1185,1185,13400
2022-11-24 11:25:00,1185,1185,1185,1185,200
2022-11-24 11:26:00,1185,1185,1185,1185,31700
2022-11-24 11:27:00,1185,1185,1185,1185,0
2022-11-24 11:28:00,1185,1185,1185,1185,0
2022-11-24 11:29:00,1185,1185,1185,1185,0
2022-11-24 11:30:00,1185,1185,1185,1185,0
2022-11-24 11:31:00,1185,1185,1185,1185,0
2022-11-24 11:32:00,1185,1185,1185,1185,0
2022-11-24 11:33:00,1185,1185,1185,1185,0
2022-11-24 11:34:00,1185,1185,1185,1185,0
2022-11-24 11:35:00,1185,1185,1185,1185,0
2022-11-24 11:36:00,1185,1185,1185,1185,0
2022-11-24 11:37:00,1185,1185,1185,1185,0
2022-11-24 11:38:00,1185,1185,1185,1185,0
2022-11-24 11:39:00,1185,1185,1185,1185,0
2022-11-24 11:40:00,1185,1185,1185,1185,0
2022-11-24 11:41:00,1185,1185,1185,1185,0
2022-11-24 11:42:00,1185,1185,1185,1185,0
2022-11-24 11:43:00,1185,1185,1185,1185,0
2022-11-24 11:44:00,1185,1185,1185,1185,0
2022-11-24 11:45:00,1185,1185,1185,1185,0
2022-11-24 11:46:00,1185,1185,1185,1185,0
2022-11-24 11:47:00,1185,1185,1185,1185,0
2022-11-24 11:48:00,1185,1185,1185,1185,0
2022-11-24 11:49:00,1185,1185,1185,1185,0
2022-11-24 11:50:00,1185,1185,1185,1185,0
2022-11-24 11:51:00,1185,1185,1185,1185,0
2022-11-24 11:52:00,1185,1185,1185,1185,0
2022-11-24 11:53:00,1185,1185,1185,1185,0
2022-11-24 11:54:00,1185,1185,1185,1185,0
2022-11-24 11:55:00,1185,1185,1185,1185,0
2022-11-24 11:56:00,1185,1185,1185,1185,0
2022-11-24 11:57:00,1185,1185,1185,1185,0
2022-11-24 11:58:00,1185,1185,1185,1185,0
2022-11-24 11:59:00,1185,1185,1185,1185,0
2022-11-24 12:00:00,1185,1185,1185,1185,0
2022-11-24 12:01:00,1185,1185,1185,1185,0
2022-11-24 12:02:00,1185,1185,1185,1185,0
2022-11-24 12:03:00,1185,1185,1185,1185,0
2022-11-24 12:04:00,1185,1185,1185,1185,0
2022-11-24 12:05:00,1185,1185,1185,1185,0
2022-11-24 12:06:00,1185,1185,1185,1185,0
2022-11-24 12:07:00,1185,1185,1185,1185,0
2022-11-24 12:08:00,1185,1185,1185,1185,0
2022-11-24 12:09:00,1185,1185,1185,1185,0
2022-11-24 12:10:00,1185,1185,1185,1185,0
2022-11-24 12:11:00,1185,1185,1185,1185,0
2022-11-24 12:12:00,1185,1185,1185,1185,0
2022-11-24 12:13:00,1185,1185,1185,1185,0
2022-11-24 12:14:00,1185,1185,1185,1185,0
2022-11-24 12:15:00,1185,1185,1185,1185,0
2022-11-24 12:16:00,1185,1185,1185,1185,0
2022-11-24 12:17:00,1185,1185,1185,1185,0
2022-11-24 12:18:00,1185,1185,1185,1185,0
2022-11-24 12:19:00,1185,1185,1185,1185,0
2022-11-24 12:20:00,1185,1185,1185,1185,0
2022-11-24 12:21:00,1185,1185,1185,1185,0
2022-11-24 12:22:00,1185,1185,1185,1185,0
2022-11-24 12:23:00,1185,1185,1185,1185,0
2022-11-24 12:24:00,1185,1185,1185,1185,0
2022-11-24 12:25:00,1185,1185,1185,1185,0
2022-11-24 12:26:00,1185,1185,1185,1185,0
2022-11-24 12:27:00,1185,1185,1185,1185,0
2022-11-24 12:28:00,1185,1185,1185,1185,0
2022-11-24 12:29:00,1185,1185,1185,1185,0
2022-11-24 12:30:00,1185,1185,1185,1185,0
2022-11-24 12:31:00,1185,1185,1185,1185,0
2022-11-24 12:32:00,1185,1185,1185,1185,0
2022-11-24 12:33:00,1185,1185,1185,1185,0
2022-11-24 12:34:00,1185,1185,1185,1185,0
2022-11-24 12:35:00,1185,1185,1185,1185,0
2022-11-24 12:36:00,1185,1185,1185,1185,0
2022-11-24 12:37:00,1185,1185,1185,1185,0
2022-11-24 12:38:00,1185,1185,1185,1185,0
2022-11-24 12:39:00,1185,1185,1185,1185,0
2022-11-24 12:40:00,1185,1185,1185,1185,0
2022-11-24 12:41:00,1185,1185,1185,1185,0
2022-11-24 12:42:00,1185,1185,1185,1185,0
2022-11-24 12:43:00,1185,1185,1185,1185,0
2022-11-24 12:44:00,1185,1185,1185,1185,0
2022-11-24 12:45:00,1185,1185,1185,1185,0
2022-11-24 12:46:00,1185,1185,1185,1185,0
2022-11-24 12:47:00,1185,1185,1185,1185,0
2022-11-24 12:48:00,1185,1185,1185,1185,0
2022-11-24 12:49:00,1185,1185,1185,1185,0
2022-11-24 12:50:00,1185,1185,1185,1185,0
2022-11-24 12:51:00,1185,1185,1185,1185,0
2022-11-24 12:52:00,1185,1185,1185,1185,0
2022-11-24 12:53:00,1185,1185,1185,1185,0
2022-11-24 12:54:00,1185,1185,1185,1185,0
2022-11-24 12:55:00,1185,1185,1185,1185,0
2022-11-24 12:56:00,1185,1185,1185,1185,0
2022-11-24 12:57:00,1185,1185,1185,1185,0
2022-11-24 12:58:00,1185,1185,1185,1185,0
2022-11-24 12:59:00,1185,1185,1185,1185,0
2022-11-24 13:00:00,1185,1185,1185,1185,0
2022-11-24 13:01:00,1185,1185,1185,1185,0
2022-11-24 13:02:00,1185,1185,1185,1185,0
2022-11-24 13:03:00,1185,1185,1185,1185,0
2022-11-24 13:04:00,1185,1185,1185,1185,0
2022-11-24 13:05:00,1185,1185,1185,1185,0
2022-11-24 13:06:00,1185,1185,1185,1185,0
2022-11-24 13:07:00,1185,1185,1185,1185,0
2022-11-24 13:08:00,1185,1185,1185,1185,0
2022-11-24 13:09:00,1185,1185,1185,1185,0
2022-11-24 13:10:00,1185,1185,1185,1185,0
2022-11-24 13:11:00,1185,1185,1185,1185,0
2022-11-24 13:12:00,1185,1185,1185,1185,0
2022-11-24 13:13:00,1185,1185,1185,1185,0
2022-11-24 13:14:00,1185,1185,1185,1185,0
2022-11-24 13:15:00,1185,1185,1185,1185,0
2022-11-24 13:16:00,1185,1185,1185,1185,0
2022-11-24 13:17:00,1185,1185,1185,1185,0
2022-11-24 13:18:00,1185,1185,1185,1185,0
2022-11-24 13:19:00,1185,1185,1185,1185,0
2022-11-24 13:20:00,1185,1185,1185,1185,0
2022-11-24 13:21:00,1185,1185,1185,1185,0
2022-11-24 13:22:00,1185,1185,1185,1185,0
2022-11-24 13:23:00,1185,1185,1185,1185,0
2022-11-24 13:24:00,1185,1185,1185,1185,0
2022-11-24 13:25:00,1185,1185,1185,1185,0
2022-11-24 13:26:00,1185,1185,1185,1185,0
2022-11-24 13:27:00,1185,1185,1185,1185,0
2022-11-24 13:28:00,1185,1185,1185,1185,0
2022-11-24 13:29:00,1185,1185,1185,1185,0
2022-11-24 13:30:00,1180,1180,1190,1190,186000
2022-11-24 13:31:00,1180,1180,1190,1190,0
2022-11-24 13:32:00,1180,1180,1190,1190,0
2022-11-24 13:33:00,1185,1185,1185,1185,106000
2022-11-24 13:34:00,1185,1185,1185,1185,0
2022-11-24 13:35:00,1185,1185,1185,1185,800
2022-11-24 13:36:00,1190,1190,1190,1190,1000
2022-11-24 13:37:00,1190,1190,1190,1190,0
2022-11-24 13:38:00,1190,1190,1190,1190,0
2022-11-24 13:39:00,1185,1185,1185,1185,4200
2022-11-24 13:40:00,1185,1185,1185,1185,3800
2022-11-24 13:41:00,1185,1185,1185,1185,0
2022-11-24 13:42:00,1185,1185,1185,1185,0
2022-11-24 13:43:00,1185,1185,1185,1185,0
2022-11-24 13:44:00,1190,1185,1190,1185,600
2022-11-24 13:45:00,1190,1185,1190,1185,0
2022-11-24 13:46:00,1190,1185,1190,1185,0
2022-11-24 13:47:00,1190,1190,1190,1190,100
2022-11-24 13:48:00,1190,1190,1190,1190,27900
2022-11-24 13:49:00,1185,1185,1185,1185,0
2022-11-24 13:50:00,1190,1190,1190,1190,598700
2022-11-24 13:51:00,1190,1190,1190,1190,0
2022-11-24 13:52:00,1190,1190,1190,1190,149700
2022-11-24 13:53:00,1190,1190,1190,1190,0
2022-11-24 13:54:00,1190,1185,1190,1185,1367700
2022-11-24 13:55:00,1185,1185,1185,1185,1300
2022-11-24 13:56:00,1180,1175,1185,1185,574900
2022-11-24 13:57:00,1180,1180,1180,1180,74400
2022-11-24 13:58:00,1180,1180,1180,1180,0
2022-11-24 13:59:00,1180,1180,1180,1180,0
2022-11-24 14:00:00,1180,1180,1180,1180,16600
2022-11-24 14:01:00,1180,1180,1180,1180,0
2022-11-24 14:02:00,1180,1180,1180,1180,649200
2022-11-24 14:03:00,1180,1180,1180,1180,42500
2022-11-24 14:04:00,1175,1175,1180,1175,313400
2022-11-24 14:05:00,1175,1175,1180,1180,40300
2022-11-24 14:06:00,1180,1180,1180,1180,1078500
2022-11-24 14:07:00,1180,1180,1180,1180,0
2022-11-24 14:08:00,1180,1180,1180,1180,0
2022-11-24 14:09:00,1180,1180,1180,1180,0
2022-11-24 14:10:00,1175,1175,1175,1175,100000
2022-11-24 14:11:00,1175,1175,1175,1175,0
2022-11-24 14:12:00,1175,1175,1180,1180,0
2022-11-24 14:13:00,1180,1180,1180,1180,0
2022-11-24 14:14:00,1180,1175,1180,1175,1104500
2022-11-24 14:15:00,1175,1175,1175,1175,97800
2022-11-24 14:16:00,1175,1170,1175,1175,10000
2022-11-24 14:17:00,1170,1165,1170,1165,1512300
2022-11-24 14:18:00,1165,1165,1165,1165,47300
2022-11-24 14:19:00,1165,1160,1170,1165,997800
2022-11-24 14:20:00,1165,1165,1170,1165,687700
2022-11-24 14:21:00,1165,1155,1165,1155,523200
2022-11-24 14:22:00,1155,1120,1155,1145,2429200
2022-11-24 14:23:00,1145,1130,1145,1140,1247900
2022-11-24 14:24:00,1135,1135,1145,1145,657700
2022-11-24 14:25:00,1145,1140,1145,1140,517400
2022-11-24 14:26:00,1140,1140,1150,1150,741100
2022-11-24 14:27:00,1140,1140,1155,1155,682600
2022-11-24 14:28:00,1150,1140,1155,1140,863800
2022-11-24 14:29:00,1140,1140,1145,1140,277700
2022-11-24 14:30:00,1140,1140,1145,1140,139200
2022-11-24 14:31:00,1140,1120,1140,1130,1848500
2022-11-24 14:32:00,1135,1130,1150,1145,971400
2022-11-24 14:33:00,1140,1135,1145,1135,198900
2022-11-24 14:34:00,1135,1135,1135,1135,6700
2022-11-24 14:35:00,1140,1135,1140,1135,65700
2022-11-24 14:36:00,1135,1130,1135,1130,475200
2022-11-24 14:37:00,1125,1120,1130,1125,1983600
2022-11-24 14:38:00,1120,1120,1125,1120,651200
2022-11-24 14:39:00,1120,1120,1125,1120,2685700
2022-11-24 14:40:00,1120,1120,1120,1120,221900
2022-11-24 14:41:00,1120,1120,1120,1120,640600
2022-11-24 14:42:00,1120,1120,1120,1120,191500
2022-11-24 14:43:00,1120,1120,1120,1120,33600
2022-11-24 14:44:00,1120,1120,1120,1120,51000
2022-11-24 14:45:00,1120,1120,1120,1120,400
2022-11-24 14:46:00,1120,1120,1120,1120,1900
2022-11-24 14:47:00,1120,1120,1120,1120,27700
2022-11-24 14:48:00,1120,1120,1120,1120,2000
2022-11-24 14:49:00,1120,1120,1120,1120,5800
2022-11-24 14:50:00,1120,1120,1120,1120,0
2022-11-24 14:51:00,1120,1120,1120,1120,0
2022-11-24 14:52:00,1120,1120,1120,1120,0
2022-11-24 14:53:00,1120,1120,1120,1120,0
2022-11-24 14:54:00,1120,1120,1120,1120,0
2022-11-24 14:55:00,1120,1120,1120,1120,0
2022-11-24 14:56:00,1120,1120,1120,1120,0
2022-11-24 14:57:00,1120,1120,1120,1120,0
2022-11-24 14:58:00,1120,1120,1120,1120,0
2022-11-24 14:59:00,1120,1120,1120,1120,0
2022-11-24 15:00:00,1120,1120,1120,1120,44800
2022-11-24 15:01:00,1120,1120,1120,1120,10300
2022-11-24 15:02:00,1120,1120,1120,1120,0
2022-11-24 15:03:00,1120,1120,1120,1120,5200
2022-11-24 15:04:00,1120,1120,1120,1120,200
2022-11-24 15:05:00,1120,1120,1120,1120,0
2022-11-24 15:06:00,1120,1120,1120,1120,36800
2022-11-24 15:07:00,1120,1120,1120,1120,0
2022-11-24 15:08:00,1120,1120,1120,1120,200
2022-11-24 15:09:00,1120,1120,1120,1120,0
2022-11-24 15:10:00,1120,1120,1120,1120,0
2022-11-24 15:11:00,1120,1120,1120,1120,62500
2022-11-24 15:12:00,1120,1120,1120,1120,300
2022-11-24 15:13:00,1120,1120,1120,1120,0
2022-11-24 15:14:00,1120,1120,1120,1120,44210900
2022-11-24 15:15:00,1120,1120,1120,1120,0
2022-11-24 15:16:00,1120,1120,1120,1120,0
2022-11-24 15:17:00,1120,1120,1120,1120,0
2022-11-24 15:18:00,1120,1120,1120,1120,0
2022-11-24 15:19:00,1120,1120,1120,1120,0
2022-11-24 15:20:00,1120,1120,1120,1120,0
2022-11-24 15:21:00,1120,1120,1120,1120,0
2022-11-24 15:22:00,1120,1120,1120,1120,0
2022-11-24 15:23:00,1120,1120,1120,1120,0
2022-11-24 15:24:00,1120,1120,1120,1120,0
2022-11-24 15:25:00,1120,1120,1120,1120,0
2022-11-24 15:26:00,1120,1120,1120,1120,0
2022-11-24 15:27:00,1120,1120,1120,1120,0
2022-11-24 15:28:00,1120,1120,1120,1120,0
2022-11-24 15:29:00,1120,1120,1120,1120,0
2022-11-24 15:30:00,1120,1120,1120,1120,0
2022-11-24 15:31:00,1120,1120,1120,1120,0
2022-11-24 15:32:00,1120,1120,1120,1120,0
2022-11-24 15:33:00,1120,1120,1120,1120,0
2022-11-24 15:34:00,1120,1120,1120,1120,0
2022-11-24 15:35:00,1120,1120,1120,1120,0
2022-11-24 15:36:00,1120,1120,1120,1120,0
2022-11-24 15:37:00,1120,1120,1120,1120,0
2022-11-24 15:38:00,1120,1120,1120,1120,0
2022-11-24 15:39:00,1120,1120,1120,1120,0
2022-11-24 15:40:00,1120,1120,1120,1120,0
2022-11-24 15:41:00,1120,1120,1120,1120,0
2022-11-24 15:42:00,1120,1120,1120,1120,0
2022-11-24 15:43:00,1120,1120,1120,1120,0
2022-11-24 15:44:00,1120,1120,1120,1120,0
2022-11-24 15:45:00,1120,1120,1120,1120,0
2022-11-24 15:46:00,1120,1120,1120,1120,0
2022-11-24 15:47:00,1120,1120,1120,1120,0
2022-11-24 15:48:00,1120,1120,1120,1120,0
2022-11-24 15:49:00,1120,1120,1120,1120,0
2022-11-24 15:50:00,1120,1120,1120,1120,0
2022-11-24 15:51:00,1120,1120,1120,1120,0
2022-11-24 15:52:00,1120,1120,1120,1120,0
2022-11-24 15:53:00,1120,1120,1120,1120,0
2022-11-24 15:54:00,1120,1120,1120,1120,0
2022-11-24 15:55:00,1120,1120,1120,1120,0
2022-11-24 15:56:00,1120,1120,1120,1120,0
2022-11-24 15:57:00,1120,1120,1120,1120,0
2022-11-24 15:58:00,1120,1120,1120,1120,0
2022-11-24 15:59:00,1120,1120,1120,1120,0
2022-11-25 09:00:00,1075,1065,1090,1070,0
2022-11-25 09:01:00,1080,1070,1085,1075,520000
2022-11-25 09:02:00,1075,1075,1090,1090,942100
2022-11-25 09:03:00,1090,1080,1090,1080,67300
2022-11-25 09:04:00,1080,1075,1085,1085,632100
2022-11-25 09:05:00,1080,1080,1085,1085,139100
2022-11-25 09:06:00,1085,1085,1090,1085,122700
2022-11-25 09:07:00,1085,1085,1090,1090,175300
2022-11-25 09:08:00,1090,1090,1095,1095,10000
2022-11-25 09:09:00,1090,1090,1090,1090,75300
2022-11-25 09:10:00,1090,1090,1090,1090,25700
2022-11-25 09:11:00,1095,1095,1100,1095,624200
2022-11-25 09:12:00,1095,1095,1095,1095,42800
2022-11-25 09:13:00,1095,1095,1100,1095,95500
2022-11-25 09:14:00,1095,1095,1095,1095,64300
2022-11-25 09:15:00,1095,1095,1095,1095,32800
2022-11-25 09:16:00,1095,1090,1095,1095,173300
2022-11-25 09:17:00,1090,1090,1095,1090,269300
2022-11-25 09:18:00,1090,1090,1095,1090,41200
2022-11-25 09:19:00,1090,1090,1095,1095,404900
2022-11-25 09:20:00,1095,1095,1100,1100,461000
2022-11-25 09:21:00,1100,1095,1100,1100,2200
2022-11-25 09:22:00,1100,1100,1100,1100,418700
2022-11-25 09:23:00,1100,1100,1100,1100,759800
2022-11-25 09:24:00,1100,1090,1105,1095,1157500
2022-11-25 09:25:00,1095,1095,1095,1095,30000
2022-11-25 09:26:00,1095,1095,1095,1095,23500
2022-11-25 09:27:00,1095,1080,1095,1080,1631900
2022-11-25 09:28:00,1085,1075,1085,1080,351900
2022-11-25 09:29:00,1080,1070,1080,1070,803100
2022-11-25 09:30:00,1075,1065,1075,1065,323700
2022-11-25 09:31:00,1070,1060,1070,1060,1921700
2022-11-25 09:32:00,1065,1055,1065,1055,343900
2022-11-25 09:33:00,1060,1055,1065,1065,607500
2022-11-25 09:34:00,1065,1060,1065,1065,279200
2022-11-25 09:35:00,1060,1060,1065,1060,28600
2022-11-25 09:36:00,1060,1060,1065,1060,41100
2022-11-25 09:37:00,1060,1055,1065,1060,302700
2022-11-25 09:38:00,1055,1050,1060,1050,2527500
2022-11-25 09:39:00,1050,1050,1055,1055,1197000
2022-11-25 09:40:00,1050,1050,1055,1050,1385900
2022-11-25 09:41:00,1045,1045,1050,1045,1946200
2022-11-25 09:42:00,1045,1045,1050,1045,1140000
2022-11-25 09:43:00,1050,1045,1050,1045,3136100
2022-11-25 09:44:00,1045,1045,1045,1045,30800
2022-11-25 09:45:00,1045,1045,1045,1045,11500
2022-11-25 09:46:00,1045,1045,1045,1045,65200
2022-11-25 09:47:00,1045,1045,1050,1050,1735600
2022-11-25 09:48:00,1050,1045,1050,1045,309500
2022-11-25 09:49:00,1050,1045,1050,1045,27500
2022-11-25 09:50:00,1045,1045,1045,1045,29100
2022-11-25 09:51:00,1050,1045,1055,1055,604000
2022-11-25 09:52:00,1055,1050,1060,1060,201700
2022-11-25 09:53:00,1060,1050,1060,1050,473400
2022-11-25 09:54:00,1055,1050,1055,1050,17200
2022-11-25 09:55:00,1050,1050,1055,1055,217900
2022-11-25 09:56:00,1055,1055,1060,1055,112200
2022-11-25 09:57:00,1060,1060,1060,1060,146600
2022-11-25 09:58:00,1060,1055,1060,1060,192100
2022-11-25 09:59:00,1060,1060,1065,1065,219800
2022-11-25 10:00:00,1065,1060,1065,1060,15000
2022-11-25 10:01:00,1060,1060,1065,1065,152200
2022-11-25 10:02:00,1065,1060,1065,1060,0
2022-11-25 10:03:00,1060,1060,1060,1060,2100
2022-11-25 10:04:00,1060,1060,1060,1060,297100
2022-11-25 10:05:00,1060,1055,1060,1060,48400
2022-11-25 10:06:00,1055,1055,1060,1055,40700
2022-11-25 10:07:00,1055,1055,1060,1060,17700
2022-11-25 10:08:00,1060,1060,1060,1060,25900
2022-11-25 10:09:00,1060,1055,1060,1055,1300
2022-11-25 10:10:00,1055,1055,1055,1055,63400
2022-11-25 10:11:00,1055,1055,1060,1055,59200
2022-11-25 10:12:00,1055,1055,1060,1060,0
2022-11-25 10:13:00,1060,1060,1070,1065,318000
2022-11-25 10:14:00,1065,1060,1065,1060,21100
2022-11-25 10:15:00,1060,1060,1070,1070,175200
2022-11-25 10:16:00,1070,1065,1070,1065,800
2022-11-25 10:17:00,1065,1065,1070,1065,187800
2022-11-25 10:18:00,1065,1065,1065,1065,4100
2022-11-25 10:19:00,1060,1060,1065,1060,23100
2022-11-25 10:20:00,1065,1065,1065,1065,0
2022-11-25 10:21:00,1065,1060,1065,1065,12000
2022-11-25 10:22:00,1060,1055,1060,1055,112700
2022-11-25 10:23:00,1055,1055,1055,1055,15200
2022-11-25 10:24:00,1060,1060,1060,1060,0
2022-11-25 10:25:00,1060,1060,1060,1060,4500
2022-11-25 10:26:00,1055,1055,1055,1055,97100
2022-11-25 10:27:00,1055,1055,1055,1055,2000
2022-11-25 10:28:00,1055,1055,1060,1060,600700
2022-11-25 10:29:00,1055,1055,1060,1055,0
2022-11-25 10:30:00,1060,1055,1060,1060,27100
2022-11-25 10:31:00,1055,1055,1055,1055,34600
2022-11-25 10:32:00,1055,1055,1055,1055,2700
2022-11-25 10:33:00,1055,1055,1055,1055,400
2022-11-25 10:34:00,1055,1055,1055,1055,0
2022-11-25 10:35:00,1055,1055,1055,1055,46400
2022-11-25 10:36:00,1055,1055,1055,1055,8600
2022-11-25 10:37:00,1055,1055,1055,1055,0
2022-11-25 10:38:00,1060,1055,1060,1055,87900
2022-11-25 10:39:00,1055,1055,1055,1055,129200
2022-11-25 10:40:00,1055,1055,1055,1055,11100
2022-11-25 10:41:00,1055,1055,1060,1055,1500
2022-11-25 10:42:00,1055,1055,1060,1055,0
2022-11-25 10:43:00,1055,1055,1055,1055,19400
2022-11-25 10:44:00,1060,1060,1060,1060,0
2022-11-25 10:45:00,1060,1055,1060,1055,42100
2022-11-25 10:46:00,1060,1055,1060,1055,0
2022-11-25 10:47:00,1055,1055,1060,1060,84200
2022-11-25 10:48:00,1055,1055,1060,1060,0
2022-11-25 10:49:00,1055,1055,1060,1060,0
2022-11-25 10:50:00,1060,1055,1060,1055,3600
2022-11-25 10:51:00,1055,1055,1055,1055,10800
2022-11-25 10:52:00,1055,1055,1060,1055,183800
2022-11-25 10:53:00,1055,1050,1055,1055,189500
2022-11-25 10:54:00,1055,1055,1055,1055,502800
2022-11-25 10:55:00,1055,1055,1055,1055,100
2022-11-25 10:56:00,1055,1055,1055,1055,200
2022-11-25 10:57:00,1055,1055,1055,1055,200
2022-11-25 10:58:00,1050,1050,1055,1055,207500
2022-11-25 10:59:00,1050,1050,1050,1050,115200
2022-11-25 11:00:00,1050,1045,1050,1045,436500
2022-11-25 11:01:00,1045,1045,1045,1045,131800
2022-11-25 11:02:00,1050,1045,1050,1045,80800
2022-11-25 11:03:00,1045,1045,1045,1045,45100
2022-11-25 11:04:00,1045,1045,1045,1045,2900
2022-11-25 11:05:00,1045,1045,1045,1045,17200
2022-11-25 11:06:00,1050,1045,1050,1045,152300
2022-11-25 11:07:00,1045,1045,1045,1045,2600
2022-11-25 11:08:00,1045,1045,1045,1045,19000
2022-11-25 11:09:00,1045,1045,1050,1050,265800
2022-11-25 11:10:00,1050,1050,1050,1050,2000
2022-11-25 11:11:00,1045,1045,1045,1045,264100
2022-11-25 11:12:00,1045,1045,1045,1045,25100
2022-11-25 11:13:00,1045,1045,1045,1045,26400
2022-11-25 11:14:00,1050,1045,1050,1050,82100
2022-11-25 11:15:00,1050,1050,1055,1055,230700
2022-11-25 11:16:00,1055,1055,1055,1055,1200
2022-11-25 11:17:00,1055,1055,1055,1055,28300
2022-11-25 11:18:00,1055,1050,1055,1050,39900
2022-11-25 11:19:00,1045,1045,1045,1045,7500
2022-11-25 11:20:00,1050,1050,1050,1050,202500
2022-11-25 11:21:00,1045,1045,1050,1050,11500
2022-11-25 11:22:00,1050,1050,1050,1050,70700
2022-11-25 11:23:00,1050,1045,1050,1045,7600
2022-11-25 11:24:00,1050,1050,1050,1050,0
2022-11-25 11:25:00,1050,1045,1050,1045,364600
2022-11-25 11:26:00,1045,1045,1050,1045,209200
2022-11-25 11:27:00,1045,1045,1045,1045,614800
2022-11-25 11:28:00,1045,1045,1045,1045,60100
2022-11-25 11:29:00,1045,1045,1045,1045,262500
2022-11-25 11:30:00,1045,1045,1045,1045,0
2022-11-25 11:31:00,1045,1045,1045,1045,0
2022-11-25 11:32:00,1045,1045,1045,1045,0
2022-11-25 11:33:00,1045,1045,1045,1045,0
2022-11-25 11:34:00,1045,1045,1045,1045,0
2022-11-25 11:35:00,1045,1045,1045,1045,0
2022-11-25 11:36:00,1045,1045,1045,1045,0
2022-11-25 11:37:00,1045,1045,1045,1045,0
2022-11-25 11:38:00,1045,1045,1045,1045,0
2022-11-25 11:39:00,1045,1045,1045,1045,0
2022-11-25 11:40:00,1045,1045,1045,1045,0
2022-11-25 11:41:00,1045,1045,1045,1045,0
2022-11-25 11:42:00,1045,1045,1045,1045,0
2022-11-25 11:43:00,1045,1045,1045,1045,0
2022-11-25 11:44:00,1045,1045,1045,1045,0
2022-11-25 11:45:00,1045,1045,1045,1045,0
2022-11-25 11:46:00,1045,1045,1045,1045,0
2022-11-25 11:47:00,1045,1045,1045,1045,0
2022-11-25 11:48:00,1045,1045,1045,1045,0
2022-11-25 11:49:00,1045,1045,1045,1045,0
2022-11-25 11:50:00,1045,1045,1045,1045,0
2022-11-25 11:51:00,1045,1045,1045,1045,0
2022-11-25 11:52:00,1045,1045,1045,1045,0
2022-11-25 11:53:00,1045,1045,1045,1045,0
2022-11-25 11:54:00,1045,1045,1045,1045,0
2022-11-25 11:55:00,1045,1045,1045,1045,0
2022-11-25 11:56:00,1045,1045,1045,1045,0
2022-11-25 11:57:00,1045,1045,1045,1045,0
2022-11-25 11:58:00,1045,1045,1045,1045,0
2022-11-25 11:59:00,1045,1045,1045,1045,0
2022-11-25 12:00:00,1045,1045,1045,1045,0
2022-11-25 12:01:00,1045,1045,1045,1045,0
2022-11-25 12:02:00,1045,1045,1045,1045,0
2022-11-25 12:03:00,1045,1045,1045,1045,0
2022-11-25 12:04:00,1045,1045,1045,1045,0
2022-11-25 12:05:00,1045,1045,1045,1045,0
2022-11-25 12:06:00,1045,1045,1045,1045,0
2022-11-25 12:07:00,1045,1045,1045,1045,0
2022-11-25 12:08:00,1045,1045,1045,1045,0
2022-11-25 12:09:00,1045,1045,1045,1045,0
2022-11-25 12:10:00,1045,1045,1045,1045,0
2022-11-25 12:11:00,1045,1045,1045,1045,0
2022-11-25 12:12:00,1045,1045,1045,1045,0
2022-11-25 12:13:00,1045,1045,1045,1045,0
2022-11-25 12:14:00,1045,1045,1045,1045,0
2022-11-25 12:15:00,1045,1045,1045,1045,0
2022-11-25 12:16:00,1045,1045,1045,1045,0
2022-11-25 12:17:00,1045,1045,1045,1045,0
2022-11-25 12:18:00,1045,1045,1045,1045,0
2022-11-25 12:19:00,1045,1045,1045,1045,0
2022-11-25 12:20:00,1045,1045,1045,1045,0
2022-11-25 12:21:00,1045,1045,1045,1045,0
2022-11-25 12:22:00,1045,1045,1045,1045,0
2022-11-25 12:23:00,1045,1045,1045,1045,0
2022-11-25 12:24:00,1045,1045,1045,1045,0
2022-11-25 12:25:00,1045,1045,1045,1045,0
2022-11-25 12:26:00,1045,1045,1045,1045,0
2022-11-25 12:27:00,1045,1045,1045,1045,0
2022-11-25 12:28:00,1045,1045,1045,1045,0
2022-11-25 12:29:00,1045,1045,1045,1045,0
2022-11-25 12:30:00,1045,1045,1045,1045,0
2022-11-25 12:31:00,1045,1045,1045,1045,0
2022-11-25 12:32:00,1045,1045,1045,1045,0
2022-11-25 12:33:00,1045,1045,1045,1045,0
2022-11-25 12:34:00,1045,1045,1045,1045,0
2022-11-25 12:35:00,1045,1045,1045,1045,0
2022-11-25 12:36:00,1045,1045,1045,1045,0
2022-11-25 12:37:00,1045,1045,1045,1045,0
2022-11-25 12:38:00,1045,1045,1045,1045,0
2022-11-25 12:39:00,1045,1045,1045,1045,0
2022-11-25 12:40:00,1045,1045,1045,1045,0
2022-11-25 12:41:00,1045,1045,1045,1045,0
2022-11-25 12:42:00,1045,1045,1045,1045,0
2022-11-25 12:43:00,1045,1045,1045,1045,0
2022-11-25 12:44:00,1045,1045,1045,1045,0
2022-11-25 12:45:00,1045,1045,1045,1045,0
2022-11-25 12:46:00,1045,1045,1045,1045,0
2022-11-25 12:47:00,1045,1045,1045,1045,0
2022-11-25 12:48:00,1045,1045,1045,1045,0
2022-11-25 12:49:00,1045,1045,1045,1045,0
2022-11-25 12:50:00,1045,1045,1045,1045,0
2022-11-25 12:51:00,1045,1045,1045,1045,0
2022-11-25 12:52:00,1045,1045,1045,1045,0
2022-11-25 12:53:00,1045,1045,1045,1045,0
2022-11-25 12:54:00,1045,1045,1045,1045,0
2022-11-25 12:55:00,1045,1045,1045,1045,0
2022-11-25 12:56:00,1045,1045,1045,1045,0
2022-11-25 12:57:00,1045,1045,1045,1045,0
2022-11-25 12:58:00,1045,1045,1045,1045,0
2022-11-25 12:59:00,1045,1045,1045,1045,0
2022-11-25 13:00:00,1045,1045,1045,1045,0
2022-11-25 13:01:00,1045,1045,1045,1045,0
2022-11-25 13:02:00,1045,1045,1045,1045,0
2022-11-25 13:03:00,1045,1045,1045,1045,0
2022-11-25 13:04:00,1045,1045,1045,1045,0
2022-11-25 13:05:00,1045,1045,1045,1045,0
2022-11-25 13:06:00,1045,1045,1045,1045,0
2022-11-25 13:07:00,1045,1045,1045,1045,0
2022-11-25 13:08:00,1045,1045,1045,1045,0
2022-11-25 13:09:00,1045,1045,1045,1045,0
2022-11-25 13:10:00,1045,1045,1045,1045,0
2022-11-25 13:11:00,1045,1045,1045,1045,0
2022-11-25 13:12:00,1045,1045,1045,1045,0
2022-11-25 13:13:00,1045,1045,1045,1045,0
2022-11-25 13:14:00,1045,1045,1045,1045,0
2022-11-25 13:15:00,1045,1045,1045,1045,0
2022-11-25 13:16:00,1045,1045,1045,1045,0
2022-11-25 13:17:00,1045,1045,1045,1045,0
2022-11-25 13:18:00,1045,1045,1045,1045,0
2022-11-25 13:19:00,1045,1045,1045,1045,0
2022-11-25 13:20:00,1045,1045,1045,1045,0
2022-11-25 13:21:00,1045,1045,1045,1045,0
2022-11-25 13:22:00,1045,1045,1045,1045,0
2022-11-25 13:23:00,1045,1045,1045,1045,0
2022-11-25 13:24:00,1045,1045,1045,1045,0
2022-11-25 13:25:00,1045,1045,1045,1045,0
2022-11-25 13:26:00,1045,1045,1045,1045,0
2022-11-25 13:27:00,1045,1045,1045,1045,0
2022-11-25 13:28:00,1045,1045,1045,1045,0
2022-11-25 13:29:00,1045,1045,1045,1045,0
2022-11-25 13:30:00,1045,1045,1055,1055,2852400
2022-11-25 13:31:00,1055,1050,1055,1050,32100
2022-11-25 13:32:00,1055,1050,1055,1055,13600
2022-11-25 13:33:00,1050,1045,1050,1045,1693900
2022-11-25 13:34:00,1045,1045,1045,1045,14600
2022-11-25 13:35:00,1045,1045,1045,1045,76000
2022-11-25 13:36:00,1045,1045,1045,1045,914300
2022-11-25 13:37:00,1050,1050,1055,1055,13400
2022-11-25 13:38:00,1055,1045,1055,1050,474600
2022-11-25 13:39:00,1050,1050,1055,1050,0
2022-11-25 13:40:00,1050,1050,1050,1050,115600
2022-11-25 13:41:00,1050,1050,1050,1050,53200
2022-11-25 13:42:00,1050,1045,1050,1045,36500
2022-11-25 13:43:00,1050,1045,1050,1050,109800
2022-11-25 13:44:00,1050,1050,1055,1055,1900
2022-11-25 13:45:00,1055,1055,1055,1055,83200
2022-11-25 13:46:00,1055,1055,1055,1055,18900
2022-11-25 13:47:00,1055,1050,1055,1050,0
2022-11-25 13:48:00,1050,1050,1060,1055,186200
2022-11-25 13:49:00,1060,1055,1060,1055,0
2022-11-25 13:50:00,1060,1055,1060,1055,21100
2022-11-25 13:51:00,1055,1055,1055,1055,300
2022-11-25 13:52:00,1060,1060,1060,1060,1200
2022-11-25 13:53:00,1060,1060,1060,1060,219600
2022-11-25 13:54:00,1060,1055,1060,1055,15600
2022-11-25 13:55:00,1055,1055,1060,1060,407200
2022-11-25 13:56:00,1065,1060,1065,1065,83300
2022-11-25 13:57:00,1065,1065,1065,1065,438200
2022-11-25 13:58:00,1065,1065,1065,1065,273600
2022-11-25 13:59:00,1065,1065,1065,1065,400
2022-11-25 14:00:00,1065,1065,1070,1070,34900
2022-11-25 14:01:00,1070,1065,1070,1065,1600
2022-11-25 14:02:00,1070,1065,1070,1065,65300
2022-11-25 14:03:00,1070,1070,1070,1070,6900
2022-11-25 14:04:00,1070,1065,1070,1070,24900
2022-11-25 14:05:00,1065,1065,1070,1065,24500
2022-11-25 14:06:00,1065,1065,1070,1065,552800
2022-11-25 14:07:00,1065,1060,1065,1065,3200
2022-11-25 14:08:00,1065,1060,1065,1065,8600
2022-11-25 14:09:00,1065,1065,1065,1065,49200
2022-11-25 14:10:00,1065,1060,1065,1060,0
2022-11-25 14:11:00,1060,1060,1065,1060,26100
2022-11-25 14:12:00,1065,1060,1065,1065,157100
2022-11-25 14:13:00,1065,1055,1065,1055,782300
2022-11-25 14:14:00,1060,1055,1060,1060,321800
2022-11-25 14:15:00,1055,1055,1055,1055,0
2022-11-25 14:16:00,1060,1055,1060,1055,3700
2022-11-25 14:17:00,1060,1060,1060,1060,435900
2022-11-25 14:18:00,1060,1055,1060,1055,2400
2022-11-25 14:19:00,1055,1055,1055,1055,1500
2022-11-25 14:20:00,1055,1055,1060,1060,100
2022-11-25 14:21:00,1060,1055,1060,1060,394400
2022-11-25 14:22:00,1060,1060,1060,1060,0
2022-11-25 14:23:00,1055,1055,1060,1060,2700
2022-11-25 14:24:00,1060,1055,1060,1055,49200
2022-11-25 14:25:00,1060,1060,1060,1060,183300
2022-11-25 14:26:00,1060,1055,1060,1055,40900
2022-11-25 14:27:00,1055,1055,1055,1055,0
2022-11-25 14:28:00,1055,1055,1055,1055,39800
2022-11-25 14:29:00,1055,1055,1055,1055,0
2022-11-25 14:30:00,1055,1055,1055,1055,13800
2022-11-25 14:31:00,1055,1055,1055,1055,0
2022-11-25 14:32:00,1055,1055,1060,1055,18700
2022-11-25 14:33:00,1055,1055,1055,1055,1900
2022-11-25 14:34:00,1055,1055,1055,1055,11400
2022-11-25 14:35:00,1055,1055,1060,1055,13000
2022-11-25 14:36:00,1055,1050,1055,1050,1668300
2022-11-25 14:37:00,1050,1045,1050,1045,1197100
2022-11-25 14:38:00,1045,1045,1050,1045,2749200
2022-11-25 14:39:00,1050,1045,1050,1050,333400
2022-11-25 14:40:00,1050,1045,1050,1050,166700
2022-11-25 14:41:00,1050,1045,1050,1045,13100
2022-11-25 14:42:00,1045,1045,1050,1045,90300
2022-11-25 14:43:00,1045,1045,1050,1050,0
2022-11-25 14:44:00,1050,1050,1050,1050,300
2022-11-25 14:45:00,1050,1045,1050,1050,745900
2022-11-25 14:46:00,1045,1045,1045,1045,2689900
2022-11-25 14:47:00,1045,1045,1045,1045,121300
2022-11-25 14:48:00,1045,1045,1045,1045,554600
2022-11-25 14:49:00,1045,1045,1045,1045,109700
2022-11-25 14:50:00,1045,1045,1045,1045,0
2022-11-25 14:51:00,1045,1045,1045,1045,0
2022-11-25 14:52:00,1045,1045,1045,1045,0
2022-11-25 14:53:00,1045,1045,1045,1045,0
2022-11-25 14:54:00,1045,1045,1045,1045,0
2022-11-25 14:55:00,1045,1045,1045,1045,0
2022-11-25 14:56:00,1045,1045,1045,1045,0
2022-11-25 14:57:00,1045,1045,1045,1045,0
2022-11-25 14:58:00,1045,1045,1045,1045,0
2022-11-25 14:59:00,1045,1045,1045,1045,0
2022-11-25 15:00:00,1045,1045,1045,1045,792600
2022-11-25 15:01:00,1045,1045,1045,1045,11600
2022-11-25 15:02:00,1045,1045,1045,1045,400
2022-11-25 15:03:00,1045,1045,1045,1045,400
2022-11-25 15:04:00,1045,1045,1045,1045,200
2022-11-25 15:05:00,1045,1045,1045,1045,50400
2022-11-25 15:06:00,1045,1045,1045,1045,6700
2022-11-25 15:07:00,1045,1045,1045,1045,1000
2022-11-25 15:08:00,1045,1045,1045,1045,6800
2022-11-25 15:09:00,1045,1045,1045,1045,17500
2022-11-25 15:10:00,1045,1045,1045,1045,0
2022-11-25 15:11:00,1045,1045,1045,1045,90300
2022-11-25 15:12:00,1045,1045,1045,1045,0
2022-11-25 15:13:00,1045,1045,1045,1045,0
2022-11-25 15:14:00,1045,1045,1045,1045,0
2022-11-25 15:15:00,1045,1045,1045,1045,0
2022-11-25 15:16:00,1045,1045,1045,1045,0
2022-11-25 15:17:00,1045,1045,1045,1045,0
2022-11-25 15:18:00,1045,1045,1045,1045,0
2022-11-25 15:19:00,1045,1045,1045,1045,0
2022-11-25 15:20:00,1045,1045,1045,1045,0
2022-11-25 15:21:00,1045,1045,1045,1045,0
2022-11-25 15:22:00,1045,1045,1045,1045,0
2022-11-25 15:23:00,1045,1045,1045,1045,0
2022-11-25 15:24:00,1045,1045,1045,1045,0
2022-11-25 15:25:00,1045,1045,1045,1045,0
2022-11-25 15:26:00,1045,1045,1045,1045,0
2022-11-25 15:27:00,1045,1045,1045,1045,0
2022-11-25 15:28:00,1045,1045,1045,1045,0
2022-11-25 15:29:00,1045,1045,1045,1045,0
2022-11-25 15:30:00,1045,1045,1045,1045,0
2022-11-25 15:31:00,1045,1045,1045,1045,0
2022-11-25 15:32:00,1045,1045,1045,1045,0
2022-11-25 15:33:00,1045,1045,1045,1045,0
2022-11-25 15:34:00,1045,1045,1045,1045,0
2022-11-25 15:35:00,1045,1045,1045,1045,0
2022-11-25 15:36:00,1045,1045,1045,1045,0
2022-11-25 15:37:00,1045,1045,1045,1045,0
2022-11-25 15:38:00,1045,1045,1045,1045,0
2022-11-25 15:39:00,1045,1045,1045,1045,0
2022-11-25 15:40:00,1045,1045,1045,1045,0
2022-11-25 15:41:00,1045,1045,1045,1045,0
2022-11-25 15:42:00,1045,1045,1045,1045,0
2022-11-25 15:43:00,1045,1045,1045,1045,0
2022-11-25 15:44:00,1045,1045,1045,1045,0
2022-11-25 15:45:00,1045,1045,1045,1045,0
2022-11-25 15:46:00,1045,1045,1045,1045,0
2022-11-25 15:47:00,1045,1045,1045,1045,0
2022-11-25 15:48:00,1045,1045,1045,1045,0
2022-11-25 15:49:00,1045,1045,1045,1045,0
2022-11-25 15:50:00,1045,1045,1045,1045,0
2022-11-25 15:51:00,1045,1045,1045,1045,0
2022-11-25 15:52:00,1045,1045,1045,1045,0
2022-11-25 15:53:00,1045,1045,1045,1045,0
2022-11-25 15:54:00,1045,1045,1045,1045,0
2022-11-25 15:55:00,1045,1045,1045,1045,0
2022-11-25 15:56:00,1045,1045,1045,1045,0
2022-11-25 15:57:00,1045,1045,1045,1045,0
2022-11-25 15:58:00,1045,1045,1045,1045,0
2022-11-25 15:59:00,1045,1045,1045,1045,0
2022-11-28 09:00:00,1050,1020,1050,1025,0
2022-11-28 09:01:00,1025,1005,1030,1025,425900
2022-11-28 09:02:00,1030,1025,1030,1025,47600
2022-11-28 09:03:00,1025,1025,1025,1025,47900
2022-11-28 09:04:00,1030,1020,1040,1040,211500
2022-11-28 09:05:00,1035,1035,1040,1035,198600
2022-11-28 09:06:00,1035,1035,1040,1035,10100
2022-11-28 09:07:00,1035,1035,1040,1035,222100
2022-11-28 09:08:00,1035,1035,1040,1035,0
2022-11-28 09:09:00,1035,1035,1035,1035,20000
2022-11-28 09:10:00,1035,1035,1035,1035,74900
2022-11-28 09:11:00,1035,1035,1035,1035,6200
2022-11-28 09:12:00,1035,1035,1040,1040,10700
2022-11-28 09:13:00,1040,1035,1040,1040,58400
2022-11-28 09:14:00,1040,1035,1045,1040,714400
2022-11-28 09:15:00,1040,1040,1045,1045,447900
2022-11-28 09:16:00,1045,1045,1045,1045,32500
2022-11-28 09:17:00,1045,1045,1045,1045,28500
2022-11-28 09:18:00,1045,1045,1050,1050,45500
2022-11-28 09:19:00,1050,1045,1050,1050,14000
2022-11-28 09:20:00,1045,1045,1050,1050,36100
2022-11-28 09:21:00,1050,1050,1050,1050,62400
2022-11-28 09:22:00,1050,1045,1050,1045,54600
2022-11-28 09:23:00,1045,1045,1045,1045,187600
2022-11-28 09:24:00,1045,1040,1045,1040,69600
2022-11-28 09:25:00,1040,1040,1040,1040,0
2022-11-28 09:26:00,1040,1040,1040,1040,9000
2022-11-28 09:27:00,1040,1040,1040,1040,37400
2022-11-28 09:28:00,1040,1040,1040,1040,48400
2022-11-28 09:29:00,1040,1040,1040,1040,0
2022-11-28 09:30:00,1040,1040,1045,1045,45400
2022-11-28 09:31:00,1045,1040,1045,1045,83700
2022-11-28 09:32:00,1045,1045,1045,1045,88700
2022-11-28 09:33:00,1040,1035,1040,1035,149700
2022-11-28 09:34:00,1035,1035,1035,1035,0
2022-11-28 09:35:00,1035,1035,1035,1035,29900
2022-11-28 09:36:00,1035,1035,1040,1040,2800
2022-11-28 09:37:00,1040,1040,1040,1040,3000
2022-11-28 09:38:00,1035,1030,1035,1035,669100
2022-11-28 09:39:00,1035,1035,1040,1035,29300
2022-11-28 09:40:00,1040,1035,1040,1035,0
2022-11-28 09:41:00,1035,1035,1035,1035,3000
2022-11-28 09:42:00,1035,1035,1045,1045,153300
2022-11-28 09:43:00,1045,1040,1045,1040,161000
2022-11-28 09:44:00,1040,1035,1040,1035,0
2022-11-28 09:45:00,1035,1035,1040,1040,25000
2022-11-28 09:46:00,1040,1035,1040,1035,14700
2022-11-28 09:47:00,1040,1035,1040,1035,0
2022-11-28 09:48:00,1040,1035,1040,1035,2800
2022-11-28 09:49:00,1040,1040,1040,1040,1400
2022-11-28 09:50:00,1040,1035,1040,1035,16200
2022-11-28 09:51:00,1035,1035,1040,1035,12200
2022-11-28 09:52:00,1040,1040,1040,1040,109900
2022-11-28 09:53:00,1035,1035,1035,1035,900
2022-11-28 09:54:00,1035,1035,1040,1040,400
2022-11-28 09:55:00,1035,1035,1040,1040,100
2022-11-28 09:56:00,1035,1035,1035,1035,210100
2022-11-28 09:57:00,1035,1035,1035,1035,72900
2022-11-28 09:58:00,1035,1035,1035,1035,0
2022-11-28 09:59:00,1035,1035,1035,1035,1000
2022-11-28 10:00:00,1035,1035,1035,1035,1600
2022-11-28 10:01:00,1035,1035,1035,1035,0
2022-11-28 10:02:00,1035,1035,1040,1035,310500
2022-11-28 10:03:00,1035,1035,1035,1035,0
2022-11-28 10:04:00,1035,1035,1035,1035,2600
2022-11-28 10:05:00,1035,1030,1040,1035,170800
2022-11-28 10:06:00,1035,1030,1035,1035,0
2022-11-28 10:07:00,1035,1035,1035,1035,17600
2022-11-28 10:08:00,1030,1030,1035,1030,0
2022-11-28 10:09:00,1030,1030,1030,1030,166300
2022-11-28 10:10:00,1030,1030,1030,1030,611300
2022-11-28 10:11:00,1030,1030,1030,1030,39000
2022-11-28 10:12:00,1035,1035,1035,1035,141000
2022-11-28 10:13:00,1035,1035,1035,1035,26100
2022-11-28 10:14:00,1035,1035,1035,1035,0
2022-11-28 10:15:00,1035,1035,1035,1035,0
2022-11-28 10:16:00,1035,1035,1035,1035,39900
2022-11-28 10:17:00,1035,1030,1035,1030,2000
2022-11-28 10:18:00,1035,1030,1035,1030,0
2022-11-28 10:19:00,1035,1030,1035,1030,0
2022-11-28 10:20:00,1030,1030,1035,1030,7400
2022-11-28 10:21:00,1030,1030,1030,1030,97600
2022-11-28 10:22:00,1030,1030,1030,1030,6200
2022-11-28 10:23:00,1030,1030,1030,1030,213200
2022-11-28 10:24:00,1030,1030,1030,1030,14900
2022-11-28 10:25:00,1030,1030,1030,1030,0
2022-11-28 10:26:00,1035,1030,1035,1030,300
2022-11-28 10:27:00,1030,1030,1030,1030,1700
2022-11-28 10:28:00,1030,1030,1030,1030,0
2022-11-28 10:29:00,1030,1030,1030,1030,53000
2022-11-28 10:30:00,1030,1030,1030,1030,11400
2022-11-28 10:31:00,1030,1030,1030,1030,1000
2022-11-28 10:32:00,1030,1030,1030,1030,0
2022-11-28 10:33:00,1025,1025,1025,1025,40500
2022-11-28 10:34:00,1025,1025,1025,1025,65800
2022-11-28 10:35:00,1025,1025,1025,1025,37900
2022-11-28 10:36:00,1025,1025,1030,1030,48700
2022-11-28 10:37:00,1025,1025,1030,1030,41500
2022-11-28 10:38:00,1030,1030,1030,1030,40800
2022-11-28 10:39:00,1030,1030,1030,1030,0
2022-11-28 10:40:00,1030,1030,1030,1030,3800
2022-11-28 10:41:00,1030,1030,1030,1030,3600
2022-11-28 10:42:00,1030,1030,1030,1030,0
2022-11-28 10:43:00,1030,1030,1030,1030,0
2022-11-28 10:44:00,1035,1030,1035,1030,9800
2022-11-28 10:45:00,1035,1030,1035,1030,0
2022-11-28 10:46:00,1035,1035,1035,1035,0
2022-11-28 10:47:00,1030,1030,1035,1035,600
2022-11-28 10:48:00,1035,1035,1035,1035,200
2022-11-28 10:49:00,1035,1030,1035,1030,5700
2022-11-28 10:50:00,1030,1030,1030,1030,13500
2022-11-28 10:51:00,1035,1030,1035,1030,8700
2022-11-28 10:52:00,1030,1030,1030,1030,23000
2022-11-28 10:53:00,1030,1030,1030,1030,0
2022-11-28 10:54:00,1030,1030,1030,1030,500
2022-11-28 10:55:00,1030,1025,1030,1025,17500
2022-11-28 10:56:00,1030,1025,1030,1025,0
2022-11-28 10:57:00,1025,1025,1030,1030,2600
2022-11-28 10:58:00,1025,1025,1030,1030,0
2022-11-28 10:59:00,1025,1025,1030,1025,15900
2022-11-28 11:00:00,1025,1025,1030,1025,0
2022-11-28 11:01:00,1030,1030,1030,1030,13600
2022-11-28 11:02:00,1030,1025,1030,1025,14100
2022-11-28 11:03:00,1030,1030,1030,1030,0
2022-11-28 11:04:00,1030,1030,1030,1030,5000
2022-11-28 11:05:00,1030,1030,1030,1030,400
2022-11-28 11:06:00,1030,1030,1030,1030,2900
2022-11-28 11:07:00,1025,1025,1030,1030,9500
2022-11-28 11:08:00,1030,1030,1030,1030,1900
2022-11-28 11:09:00,1025,1025,1030,1030,800
2022-11-28 11:10:00,1025,1025,1030,1030,37000
2022-11-28 11:11:00,1030,1025,1030,1030,41800
2022-11-28 11:12:00,1030,1025,1030,1030,0
2022-11-28 11:13:00,1030,1025,1030,1030,0
2022-11-28 11:14:00,1030,1030,1030,1030,900
2022-11-28 11:15:00,1035,1035,1035,1035,0
2022-11-28 11:16:00,1030,1030,1030,1030,14800
2022-11-28 11:17:00,1030,1030,1030,1030,0
2022-11-28 11:18:00,1030,1030,1030,1030,24500
2022-11-28 11:19:00,1030,1030,1030,1030,0
2022-11-28 11:20:00,1025,1025,1025,1025,7300
2022-11-28 11:21:00,1025,1025,1025,1025,400
2022-11-28 11:22:00,1025,1025,1025,1025,0
2022-11-28 11:23:00,1025,1025,1025,1025,177400
2022-11-28 11:24:00,1030,1025,1030,1025,0
2022-11-28 11:25:00,1030,1025,1030,1030,4000
2022-11-28 11:26:00,1030,1025,1030,1030,41800
2022-11-28 11:27:00,1025,1025,1030,1030,9900
2022-11-28 11:28:00,1030,1030,1030,1030,500
2022-11-28 11:29:00,1030,1025,1030,1025,9900
2022-11-28 11:30:00,1030,1025,1030,1025,0
2022-11-28 11:31:00,1030,1025,1030,1025,0
2022-11-28 11:32:00,1030,1025,1030,1025,0
2022-11-28 11:33:00,1030,1025,1030,1025,0
2022-11-28 11:34:00,1030,1025,1030,1025,0
2022-11-28 11:35:00,1030,1025,1030,1025,0
2022-11-28 11:36:00,1030,1025,1030,1025,0
2022-11-28 11:37:00,1030,1025,1030,1025,0
2022-11-28 11:38:00,1030,1025,1030,1025,0
2022-11-28 11:39:00,1030,1025,1030,1025,0
2022-11-28 11:40:00,1030,1025,1030,1025,0
2022-11-28 11:41:00,1030,1025,1030,1025,0
2022-11-28 11:42:00,1030,1025,1030,1025,0
2022-11-28 11:43:00,1030,1025,1030,1025,0
2022-11-28 11:44:00,1030,1025,1030,1025,0
2022-11-28 11:45:00,1030,1025,1030,1025,0
2022-11-28 11:46:00,1030,1025,1030,1025,0
2022-11-28 11:47:00,1030,1025,1030,1025,0
2022-11-28 11:48:00,1030,1025,1030,1025,0
2022-11-28 11:49:00,1030,1025,1030,1025,0
2022-11-28 11:50:00,1030,1025,1030,1025,0
2022-11-28 11:51:00,1030,1025,1030,1025,0
2022-11-28 11:52:00,1030,1025,1030,1025,0
2022-11-28 11:53:00,1030,1025,1030,1025,0
2022-11-28 11:54:00,1030,1025,1030,1025,0
2022-11-28 11:55:00,1030,1025,1030,1025,0
2022-11-28 11:56:00,1030,1025,1030,1025,0
2022-11-28 11:57:00,1030,1025,1030,1025,0
2022-11-28 11:58:00,1030,1025,1030,1025,0
2022-11-28 11:59:00,1030,1025,1030,1025,0
2022-11-28 12:00:00,1030,1025,1030,1025,0
2022-11-28 12:01:00,1030,1025,1030,1025,0
2022-11-28 12:02:00,1030,1025,1030,1025,0
2022-11-28 12:03:00,1030,1025,1030,1025,0
2022-11-28 12:04:00,1030,1025,1030,1025,0
2022-11-28 12:05:00,1030,1025,1030,1025,0
2022-11-28 12:06:00,1030,1025,1030,1025,0
2022-11-28 12:07:00,1030,1025,1030,1025,0
2022-11-28 12:08:00,1030,1025,1030,1025,0
2022-11-28 12:09:00,1030,1025,1030,1025,0
2022-11-28 12:10:00,1030,1025,1030,1025,0
2022-11-28 12:11:00,1030,1025,1030,1025,0
2022-11-28 12:12:00,1030,1025,1030,1025,0
2022-11-28 12:13:00,1030,1025,1030,1025,0
2022-11-28 12:14:00,1030,1025,1030,1025,0
2022-11-28 12:15:00,1030,1025,1030,1025,0
2022-11-28 12:16:00,1030,1025,1030,1025,0
2022-11-28 12:17:00,1030,1025,1030,1025,0
2022-11-28 12:18:00,1030,1025,1030,1025,0
2022-11-28 12:19:00,1030,1025,1030,1025,0
2022-11-28 12:20:00,1030,1025,1030,1025,0
2022-11-28 12:21:00,1030,1025,1030,1025,0
2022-11-28 12:22:00,1030,1025,1030,1025,0
2022-11-28 12:23:00,1030,1025,1030,1025,0
2022-11-28 12:24:00,1030,1025,1030,1025,0
2022-11-28 12:25:00,1030,1025,1030,1025,0
2022-11-28 12:26:00,1030,1025,1030,1025,0
2022-11-28 12:27:00,1030,1025,1030,1025,0
2022-11-28 12:28:00,1030,1025,1030,1025,0
2022-11-28 12:29:00,1030,1025,1030,1025,0
2022-11-28 12:30:00,1030,1025,1030,1025,0
2022-11-28 12:31:00,1030,1025,1030,1025,0
2022-11-28 12:32:00,1030,1025,1030,1025,0
2022-11-28 12:33:00,1030,1025,1030,1025,0
2022-11-28 12:34:00,1030,1025,1030,1025,0
2022-11-28 12:35:00,1030,1025,1030,1025,0
2022-11-28 12:36:00,1030,1025,1030,1025,0
2022-11-28 12:37:00,1030,1025,1030,1025,0
2022-11-28 12:38:00,1030,1025,1030,1025,0
2022-11-28 12:39:00,1030,1025,1030,1025,0
2022-11-28 12:40:00,1030,1025,1030,1025,0
2022-11-28 12:41:00,1030,1025,1030,1025,0
2022-11-28 12:42:00,1030,1025,1030,1025,0
2022-11-28 12:43:00,1030,1025,1030,1025,0
2022-11-28 12:44:00,1030,1025,1030,1025,0
2022-11-28 12:45:00,1030,1025,1030,1025,0
2022-11-28 12:46:00,1030,1025,1030,1025,0
2022-11-28 12:47:00,1030,1025,1030,1025,0
2022-11-28 12:48:00,1030,1025,1030,1025,0
2022-11-28 12:49:00,1030,1025,1030,1025,0
2022-11-28 12:50:00,1030,1025,1030,1025,0
2022-11-28 12:51:00,1030,1025,1030,1025,0
2022-11-28 12:52:00,1030,1025,1030,1025,0
2022-11-28 12:53:00,1030,1025,1030,1025,0
2022-11-28 12:54:00,1030,1025,1030,1025,0
2022-11-28 12:55:00,1030,1025,1030,1025,0
2022-11-28 12:56:00,1030,1025,1030,1025,0
2022-11-28 12:57:00,1030,1025,1030,1025,0
2022-11-28 12:58:00,1030,1025,1030,1025,0
2022-11-28 12:59:00,1030,1025,1030,1025,0
2022-11-28 13:00:00,1030,1025,1030,1025,0
2022-11-28 13:01:00,1030,1025,1030,1025,0
2022-11-28 13:02:00,1030,1025,1030,1025,0
2022-11-28 13:03:00,1030,1025,1030,1025,0
2022-11-28 13:04:00,1030,1025,1030,1025,0
2022-11-28 13:05:00,1030,1025,1030,1025,0
2022-11-28 13:06:00,1030,1025,1030,1025,0
2022-11-28 13:07:00,1030,1025,1030,1025,0
2022-11-28 13:08:00,1030,1025,1030,1025,0
2022-11-28 13:09:00,1030,1025,1030,1025,0
2022-11-28 13:10:00,1030,1025,1030,1025,0
2022-11-28 13:11:00,1030,1025,1030,1025,0
2022-11-28 13:12:00,1030,1025,1030,1025,0
2022-11-28 13:13:00,1030,1025,1030,1025,0
2022-11-28 13:14:00,1030,1025,1030,1025,0
2022-11-28 13:15:00,1030,1025,1030,1025,0
2022-11-28 13:16:00,1030,1025,1030,1025,0
2022-11-28 13:17:00,1030,1025,1030,1025,0
2022-11-28 13:18:00,1030,1025,1030,1025,0
2022-11-28 13:19:00,1030,1025,1030,1025,0
2022-11-28 13:20:00,1030,1025,1030,1025,0
2022-11-28 13:21:00,1030,1025,1030,1025,0
2022-11-28 13:22:00,1030,1025,1030,1025,0
2022-11-28 13:23:00,1030,1025,1030,1025,0
2022-11-28 13:24:00,1030,1025,1030,1025,0
2022-11-28 13:25:00,1030,1025,1030,1025,0
2022-11-28 13:26:00,1030,1025,1030,1025,0
2022-11-28 13:27:00,1030,1025,1030,1025,0
2022-11-28 13:28:00,1030,1025,1030,1025,0
2022-11-28 13:29:00,1030,1025,1030,1025,0
2022-11-28 13:30:00,1030,1025,1030,1025,246500
2022-11-28 13:31:00,1025,1025,1030,1025,284400
2022-11-28 13:32:00,1030,1030,1035,1035,0
2022-11-28 13:33:00,1035,1030,1035,1035,21300
2022-11-28 13:34:00,1035,1035,1035,1035,10000
2022-11-28 13:35:00,1035,1035,1035,1035,11600
2022-11-28 13:36:00,1035,1035,1035,1035,12900
2022-11-28 13:37:00,1035,1035,1035,1035,64400
2022-11-28 13:38:00,1035,1030,1035,1035,33800
2022-11-28 13:39:00,1035,1035,1035,1035,15400
2022-11-28 13:40:00,1035,1035,1040,1040,17100
2022-11-28 13:41:00,1040,1035,1040,1035,51600
2022-11-28 13:42:00,1040,1040,1040,1040,3300
2022-11-28 13:43:00,1040,1035,1040,1035,12100
2022-11-28 13:44:00,1035,1035,1040,1040,3700
2022-11-28 13:45:00,1035,1035,1040,1035,151000
2022-11-28 13:46:00,1035,1035,1040,1040,0
2022-11-28 13:47:00,1040,1040,1045,1045,136900
2022-11-28 13:48:00,1045,1040,1045,1040,138500
2022-11-28 13:49:00,1045,1045,1045,1045,0
2022-11-28 13:50:00,1045,1045,1045,1045,0
2022-11-28 13:51:00,1045,1045,1045,1045,2900
2022-11-28 13:52:00,1040,1040,1040,1040,0
2022-11-28 13:53:00,1040,1040,1040,1040,0
2022-11-28 13:54:00,1040,1040,1040,1040,0
2022-11-28 13:55:00,1040,1040,1040,1040,23800
2022-11-28 13:56:00,1045,1045,1045,1045,182100
2022-11-28 13:57:00,1050,1045,1055,1055,421200
2022-11-28 13:58:00,1060,1050,1060,1055,932500
2022-11-28 13:59:00,1055,1050,1055,1055,131500
2022-11-28 14:00:00,1055,1055,1060,1055,113000
2022-11-28 14:01:00,1055,1055,1055,1055,180000
2022-11-28 14:02:00,1055,1055,1055,1055,193900
2022-11-28 14:03:00,1055,1055,1055,1055,173200
2022-11-28 14:04:00,1055,1055,1055,1055,10000
2022-11-28 14:05:00,1055,1055,1060,1060,6400
2022-11-28 14:06:00,1060,1055,1060,1060,153300
2022-11-28 14:07:00,1060,1055,1060,1055,48400
2022-11-28 14:08:00,1055,1055,1055,1055,1600
2022-11-28 14:09:00,1055,1055,1055,1055,5200
2022-11-28 14:10:00,1055,1055,1055,1055,87800
2022-11-28 14:11:00,1055,1055,1055,1055,36200
2022-11-28 14:12:00,1055,1055,1055,1055,44900
2022-11-28 14:13:00,1055,1050,1055,1050,256100
2022-11-28 14:14:00,1050,1045,1050,1045,200
2022-11-28 14:15:00,1050,1045,1050,1045,7800
2022-11-28 14:16:00,1045,1045,1050,1050,45100
2022-11-28 14:17:00,1045,1040,1045,1040,931700
2022-11-28 14:18:00,1040,1040,1045,1045,42500
2022-11-28 14:19:00,1040,1040,1040,1040,84800
2022-11-28 14:20:00,1045,1040,1045,1045,2300
2022-11-28 14:21:00,1045,1040,1045,1045,80400
2022-11-28 14:22:00,1045,1045,1045,1045,17000
2022-11-28 14:23:00,1045,1045,1045,1045,23000
2022-11-28 14:24:00,1045,1045,1045,1045,32300
2022-11-28 14:25:00,1045,1040,1045,1040,26300
2022-11-28 14:26:00,1040,1040,1040,1040,0
2022-11-28 14:27:00,1035,1035,1035,1035,0
2022-11-28 14:28:00,1035,1035,1035,1035,0
2022-11-28 14:29:00,1040,1040,1040,1040,0
2022-11-28 14:30:00,1045,1040,1045,1040,14285000
2022-11-28 14:31:00,1045,1040,1045,1040,6800
2022-11-28 14:32:00,1045,1045,1045,1045,3000
2022-11-28 14:33:00,1045,1045,1045,1045,51100
2022-11-28 14:34:00,1045,1045,1045,1045,0
2022-11-28 14:35:00,1040,1040,1040,1040,0
2022-11-28 14:36:00,1040,1040,1040,1040,6200
2022-11-28 14:37:00,1040,1040,1040,1040,0
2022-11-28 14:38:00,1040,1040,1040,1040,15200
2022-11-28 14:39:00,1040,1040,1045,1045,11000
2022-11-28 14:40:00,1040,1040,1045,1045,114300
2022-11-28 14:41:00,1040,1035,1045,1035,28900
2022-11-28 14:42:00,1040,1035,1045,1035,0
2022-11-28 14:43:00,1040,1040,1040,1040,70900
2022-11-28 14:44:00,1040,1040,1040,1040,10100
2022-11-28 14:45:00,1045,1040,1045,1040,67000
2022-11-28 14:46:00,1040,1035,1040,1035,18400
2022-11-28 14:47:00,1035,1035,1035,1035,10700
2022-11-28 14:48:00,1035,1035,1035,1035,42100
2022-11-28 14:49:00,1035,1035,1040,1035,129500
2022-11-28 14:50:00,1035,1035,1040,1035,0
2022-11-28 14:51:00,1035,1035,1040,1035,0
2022-11-28 14:52:00,1035,1035,1040,1035,0
2022-11-28 14:53:00,1035,1035,1040,1035,0
2022-11-28 14:54:00,1035,1035,1040,1035,0
2022-11-28 14:55:00,1035,1035,1040,1035,0
2022-11-28 14:56:00,1035,1035,1040,1035,0
2022-11-28 14:57:00,1035,1035,1040,1035,0
2022-11-28 14:58:00,1035,1035,1040,1035,0
2022-11-28 14:59:00,1035,1035,1040,1035,0
2022-11-28 15:00:00,1045,1045,1045,1045,1693000
2022-11-28 15:01:00,1045,1045,1045,1045,6500
2022-11-28 15:02:00,1045,1045,1045,1045,500
2022-11-28 15:03:00,1045,1045,1045,1045,0
2022-11-28 15:04:00,1045,1045,1045,1045,215900
2022-11-28 15:05:00,1045,1045,1045,1045,7100
2022-11-28 15:06:00,1045,1045,1045,1045,10600
2022-11-28 15:07:00,1045,1045,1045,1045,9900
2022-11-28 15:08:00,1045,1045,1045,1045,0
2022-11-28 15:09:00,1045,1045,1045,1045,4200
2022-11-28 15:10:00,1045,1045,1045,1045,9000
2022-11-28 15:11:00,1045,1045,1045,1045,21000
2022-11-28 15:12:00,1045,1045,1045,1045,0
2022-11-28 15:13:00,1045,1045,1045,1045,0
2022-11-28 15:14:00,1045,1045,1045,1045,0
2022-11-28 15:15:00,1045,1045,1045,1045,0
2022-11-28 15:16:00,1045,1045,1045,1045,0
2022-11-28 15:17:00,1045,1045,1045,1045,0
2022-11-28 15:18:00,1045,1045,1045,1045,0
2022-11-28 15:19:00,1045,1045,1045,1045,0
2022-11-28 15:20:00,1045,1045,1045,1045,0
2022-11-28 15:21:00,1045,1045,1045,1045,0
2022-11-28 15:22:00,1045,1045,1045,1045,0
2022-11-28 15:23:00,1045,1045,1045,1045,0
2022-11-28 15:24:00,1045,1045,1045,1045,0
2022-11-28 15:25:00,1045,1045,1045,1045,0
2022-11-28 15:26:00,1045,1045,1045,1045,0
2022-11-28 15:27:00,1045,1045,1045,1045,0
2022-11-28 15:28:00,1045,1045,1045,1045,0
2022-11-28 15:29:00,1045,1045,1045,1045,0
2022-11-28 15:30:00,1045,1045,1045,1045,0
2022-11-28 15:31:00,1045,1045,1045,1045,0
2022-11-28 15:32:00,1045,1045,1045,1045,0
2022-11-28 15:33:00,1045,1045,1045,1045,0
2022-11-28 15:34:00,1045,1045,1045,1045,0
2022-11-28 15:35:00,1045,1045,1045,1045,0
2022-11-28 15:36:00,1045,1045,1045,1045,0
2022-11-28 15:37:00,1045,1045,1045,1045,0
2022-11-28 15:38:00,1045,1045,1045,1045,0
2022-11-28 15:39:00,1045,1045,1045,1045,0
2022-11-28 15:40:00,1045,1045,1045,1045,0
2022-11-28 15:41:00,1045,1045,1045,1045,0
2022-11-28 15:42:00,1045,1045,1045,1045,0
2022-11-28 15:43:00,1045,1045,1045,1045,0
2022-11-28 15:44:00,1045,1045,1045,1045,0
2022-11-28 15:45:00,1045,1045,1045,1045,0
2022-11-28 15:46:00,1045,1045,1045,1045,0
2022-11-28 15:47:00,1045,1045,1045,1045,0
2022-11-28 15:48:00,1045,1045,1045,1045,0
2022-11-28 15:49:00,1045,1045,1045,1045,0
2022-11-28 15:50:00,1045,1045,1045,1045,0
2022-11-28 15:51:00,1045,1045,1045,1045,0
2022-11-28 15:52:00,1045,1045,1045,1045,0
2022-11-28 15:53:00,1045,1045,1045,1045,0
2022-11-28 15:54:00,1045,1045,1045,1045,0
2022-11-28 15:55:00,1045,1045,1045,1045,0
2022-11-28 15:56:00,1045,1045,1045,1045,0
2022-11-28 15:57:00,1045,1045,1045,1045,0
2022-11-28 15:58:00,1045,1045,1045,1045,0
2022-11-28 15:59:00,1045,1045,1045,1045,0
2022-11-29 09:00:00,1045,1045,1045,1045,30200
2022-11-29 09:01:00,1045,1045,1045,1045,0
2022-11-29 09:02:00,1035,1025,1045,1035,528000
2022-11-29 09:03:00,1025,1025,1025,1025,0
2022-11-29 09:04:00,1030,1030,1035,1035,300
2022-11-29 09:05:00,1035,1030,1035,1030,350400
2022-11-29 09:06:00,1030,1030,1030,1030,0
2022-11-29 09:07:00,1030,1030,1035,1035,242000
2022-11-29 09:08:00,1030,1030,1035,1035,0
2022-11-29 09:09:00,1030,1030,1035,1035,0
2022-11-29 09:10:00,1035,1035,1035,1035,1700
2022-11-29 09:11:00,1040,1035,1040,1035,5700
2022-11-29 09:12:00,1035,1035,1040,1040,55400
2022-11-29 09:13:00,1040,1035,1040,1035,36300
2022-11-29 09:14:00,1035,1035,1040,1040,402900
2022-11-29 09:15:00,1040,1040,1040,1040,0
2022-11-29 09:16:00,1040,1040,1040,1040,8400
2022-11-29 09:17:00,1040,1040,1040,1040,0
2022-11-29 09:18:00,1035,1035,1035,1035,24900
2022-11-29 09:19:00,1040,1035,1040,1035,146200
2022-11-29 09:20:00,1035,1030,1035,1030,44600
2022-11-29 09:21:00,1035,1030,1035,1030,0
2022-11-29 09:22:00,1035,1035,1035,1035,8100
2022-11-29 09:23:00,1035,1035,1035,1035,0
2022-11-29 09:24:00,1035,1035,1035,1035,1000
2022-11-29 09:25:00,1035,1035,1035,1035,0
2022-11-29 09:26:00,1035,1035,1035,1035,0
2022-11-29 09:27:00,1035,1035,1035,1035,0
2022-11-29 09:28:00,1035,1035,1035,1035,0
2022-11-29 09:29:00,1035,1035,1035,1035,15800
2022-11-29 09:30:00,1035,1035,1035,1035,0
2022-11-29 09:31:00,1035,1035,1035,1035,0
2022-11-29 09:32:00,1035,1035,1035,1035,33800
2022-11-29 09:33:00,1035,1035,1035,1035,0
2022-11-29 09:34:00,1035,1035,1035,1035,2000
2022-11-29 09:35:00,1040,1040,1040,1040,9500
2022-11-29 09:36:00,1040,1035,1040,1035,5900
2022-11-29 09:37:00,1035,1035,1035,1035,1300
2022-11-29 09:38:00,1035,1035,1035,1035,13400
2022-11-29 09:39:00,1035,1035,1035,1035,0
2022-11-29 09:40:00,1035,1035,1035,1035,3500
2022-11-29 09:41:00,1040,1035,1040,1035,4700
2022-11-29 09:42:00,1040,1035,1040,1035,0
2022-11-29 09:43:00,1040,1035,1040,1035,0
2022-11-29 09:44:00,1040,1035,1040,1035,0
2022-11-29 09:45:00,1035,1035,1035,1035,0
2022-11-29 09:46:00,1035,1035,1035,1035,15300
2022-11-29 09:47:00,1035,1035,1035,1035,0
2022-11-29 09:48:00,1035,1035,1035,1035,0
2022-11-29 09:49:00,1035,1035,1035,1035,0
2022-11-29 09:50:00,1035,1035,1035,1035,0
2022-11-29 09:51:00,1035,1035,1035,1035,900
2022-11-29 09:52:00,1035,1035,1035,1035,0
2022-11-29 09:53:00,1035,1035,1035,1035,6000
2022-11-29 09:54:00,1035,1035,1035,1035,0
2022-11-29 09:55:00,1040,1040,1040,1040,0
2022-11-29 09:56:00,1035,1035,1035,1035,2100
2022-11-29 09:57:00,1035,1035,1035,1035,4500
2022-11-29 09:58:00,1035,1035,1035,1035,0
2022-11-29 09:59:00,1035,1035,1035,1035,5100
2022-11-29 10:00:00,1035,1035,1035,1035,108200
2022-11-29 10:01:00,1035,1035,1035,1035,0
2022-11-29 10:02:00,1035,1035,1035,1035,0
2022-11-29 10:03:00,1035,1035,1035,1035,0
2022-11-29 10:04:00,1035,1035,1035,1035,0
2022-11-29 10:05:00,1035,1035,1035,1035,3300
2022-11-29 10:06:00,1035,1035,1035,1035,0
2022-11-29 10:07:00,1035,1035,1035,1035,4500
2022-11-29 10:08:00,1035,1035,1035,1035,0
2022-11-29 10:09:00,1035,1035,1035,1035,0
2022-11-29 10:10:00,1035,1035,1035,1035,0
2022-11-29 10:11:00,1035,1035,1035,1035,22700
2022-11-29 10:12:00,1035,1035,1035,1035,0
2022-11-29 10:13:00,1035,1035,1035,1035,5300
2022-11-29 10:14:00,1040,1040,1040,1040,217900
2022-11-29 10:15:00,1045,1045,1045,1045,202000
2022-11-29 10:16:00,1040,1040,1045,1040,37000
2022-11-29 10:17:00,1045,1045,1045,1045,15200
2022-11-29 10:18:00,1045,1040,1045,1040,23800
2022-11-29 10:19:00,1045,1040,1045,1040,1400
2022-11-29 10:20:00,1045,1040,1045,1040,4200
2022-11-29 10:21:00,1045,1040,1045,1040,0
2022-11-29 10:22:00,1045,1040,1045,1040,9800
2022-11-29 10:23:00,1045,1045,1045,1045,7400
2022-11-29 10:24:00,1045,1045,1045,1045,0
2022-11-29 10:25:00,1045,1045,1045,1045,600
2022-11-29 10:26:00,1045,1045,1045,1045,0
2022-11-29 10:27:00,1045,1045,1045,1045,0
2022-11-29 10:28:00,1045,1045,1045,1045,0
2022-11-29 10:29:00,1045,1045,1045,1045,0
2022-11-29 10:30:00,1045,1045,1045,1045,100
2022-11-29 10:31:00,1045,1045,1045,1045,0
2022-11-29 10:32:00,1040,1040,1040,1040,244300
2022-11-29 10:33:00,1040,1040,1040,1040,0
2022-11-29 10:34:00,1040,1040,1040,1040,84300
2022-11-29 10:35:00,1040,1040,1040,1040,31900
2022-11-29 10:36:00,1040,1040,1040,1040,0
2022-11-29 10:37:00,1040,1040,1040,1040,200
2022-11-29 10:38:00,1040,1040,1040,1040,3600
2022-11-29 10:39:00,1040,1040,1040,1040,0
2022-11-29 10:40:00,1040,1040,1040,1040,1200
2022-11-29 10:41:00,1040,1040,1040,1040,100
2022-11-29 10:42:00,1040,1040,1040,1040,0
2022-11-29 10:43:00,1035,1035,1035,1035,900
2022-11-29 10:44:00,1035,1035,1035,1035,0
2022-11-29 10:45:00,1035,1035,1035,1035,9300
2022-11-29 10:46:00,1035,1035,1035,1035,0
2022-11-29 10:47:00,1035,1035,1035,1035,0
2022-11-29 10:48:00,1035,1035,1035,1035,0
2022-11-29 10:49:00,1035,1035,1035,1035,800
2022-11-29 10:50:00,1035,1035,1035,1035,28100
2022-11-29 10:51:00,1035,1035,1035,1035,0
2022-11-29 10:52:00,1035,1035,1035,1035,200
2022-11-29 10:53:00,1035,1035,1035,1035,1500
2022-11-29 10:54:00,1035,1035,1035,1035,0
2022-11-29 10:55:00,1035,1035,1040,1040,500
2022-11-29 10:56:00,1035,1035,1040,1040,0
2022-11-29 10:57:00,1035,1035,1035,1035,1000
2022-11-29 10:58:00,1035,1035,1035,1035,0
2022-11-29 10:59:00,1035,1035,1035,1035,0
2022-11-29 11:00:00,1035,1035,1035,1035,13900
2022-11-29 11:01:00,1035,1035,1035,1035,0
2022-11-29 11:02:00,1035,1035,1035,1035,0
2022-11-29 11:03:00,1035,1035,1035,1035,0
2022-11-29 11:04:00,1035,1035,1035,1035,0
2022-11-29 11:05:00,1035,1035,1035,1035,700
2022-11-29 11:06:00,1040,1035,1040,1035,25800
2022-11-29 11:07:00,1040,1035,1040,1035,80200
2022-11-29 11:08:00,1035,1035,1035,1035,6700
2022-11-29 11:09:00,1035,1035,1035,1035,0
2022-11-29 11:10:00,1040,1040,1040,1040,1200
2022-11-29 11:11:00,1040,1040,1040,1040,1400
2022-11-29 11:12:00,1040,1040,1040,1040,0
2022-11-29 11:13:00,1040,1040,1040,1040,499000
2022-11-29 11:14:00,1040,1040,1040,1040,0
2022-11-29 11:15:00,1035,1035,1035,1035,1600
2022-11-29 11:16:00,1035,1035,1040,1040,1100
2022-11-29 11:17:00,1035,1035,1035,1035,0
2022-11-29 11:18:00,1035,1035,1035,1035,100
2022-11-29 11:19:00,1035,1035,1035,1035,34400
2022-11-29 11:20:00,1035,1030,1035,1030,651600
2022-11-29 11:21:00,1025,1020,1025,1025,560500
2022-11-29 11:22:00,1025,1025,1025,1025,0
2022-11-29 11:23:00,1025,1025,1030,1030,400
2022-11-29 11:24:00,1025,1020,1025,1020,379900
2022-11-29 11:25:00,1020,1020,1020,1020,79100
2022-11-29 11:26:00,1020,1010,1020,1010,380500
2022-11-29 11:27:00,1010,1010,1015,1015,97600
2022-11-29 11:28:00,1010,1010,1015,1015,121500
2022-11-29 11:29:00,1015,1015,1020,1015,24900
2022-11-29 11:30:00,1015,1015,1020,1015,0
2022-11-29 11:31:00,1015,1015,1020,1015,0
2022-11-29 11:32:00,1015,1015,1020,1015,0
2022-11-29 11:33:00,1015,1015,1020,1015,0
2022-11-29 11:34:00,1015,1015,1020,1015,0
2022-11-29 11:35:00,1015,1015,1020,1015,0
2022-11-29 11:36:00,1015,1015,1020,1015,0
2022-11-29 11:37:00,1015,1015,1020,1015,0
2022-11-29 11:38:00,1015,1015,1020,1015,0
2022-11-29 11:39:00,1015,1015,1020,1015,0
2022-11-29 11:40:00,1015,1015,1020,1015,0
2022-11-29 11:41:00,1015,1015,1020,1015,0
2022-11-29 11:42:00,1015,1015,1020,1015,0
2022-11-29 11:43:00,1015,1015,1020,1015,0
2022-11-29 11:44:00,1015,1015,1020,1015,0
2022-11-29 11:45:00,1015,1015,1020,1015,0
2022-11-29 11:46:00,1015,1015,1020,1015,0
2022-11-29 11:47:00,1015,1015,1020,1015,0
2022-11-29 11:48:00,1015,1015,1020,1015,0
2022-11-29 11:49:00,1015,1015,1020,1015,0
2022-11-29 11:50:00,1015,1015,1020,1015,0
2022-11-29 11:51:00,1015,1015,1020,1015,0
2022-11-29 11:52:00,1015,1015,1020,1015,0
2022-11-29 11:53:00,1015,1015,1020,1015,0
2022-11-29 11:54:00,1015,1015,1020,1015,0
2022-11-29 11:55:00,1015,1015,1020,1015,0
2022-11-29 11:56:00,1015,1015,1020,1015,0
2022-11-29 11:57:00,1015,1015,1020,1015,0
2022-11-29 11:58:00,1015,1015,1020,1015,0
2022-11-29 11:59:00,1015,1015,1020,1015,0
2022-11-29 12:00:00,1015,1015,1020,1015,0
2022-11-29 12:01:00,1015,1015,1020,1015,0
2022-11-29 12:02:00,1015,1015,1020,1015,0
2022-11-29 12:03:00,1015,1015,1020,1015,0
2022-11-29 12:04:00,1015,1015,1020,1015,0
2022-11-29 12:05:00,1015,1015,1020,1015,0
2022-11-29 12:06:00,1015,1015,1020,1015,0
2022-11-29 12:07:00,1015,1015,1020,1015,0
2022-11-29 12:08:00,1015,1015,1020,1015,0
2022-11-29 12:09:00,1015,1015,1020,1015,0
2022-11-29 12:10:00,1015,1015,1020,1015,0
2022-11-29 12:11:00,1015,1015,1020,1015,0
2022-11-29 12:12:00,1015,1015,1020,1015,0
2022-11-29 12:13:00,1015,1015,1020,1015,0
2022-11-29 12:14:00,1015,1015,1020,1015,0
2022-11-29 12:15:00,1015,1015,1020,1015,0
2022-11-29 12:16:00,1015,1015,1020,1015,0
2022-11-29 12:17:00,1015,1015,1020,1015,0
2022-11-29 12:18:00,1015,1015,1020,1015,0
2022-11-29 12:19:00,1015,1015,1020,1015,0
2022-11-29 12:20:00,1015,1015,1020,1015,0
2022-11-29 12:21:00,1015,1015,1020,1015,0
2022-11-29 12:22:00,1015,1015,1020,1015,0
2022-11-29 12:23:00,1015,1015,1020,1015,0
2022-11-29 12:24:00,1015,1015,1020,1015,0
2022-11-29 12:25:00,1015,1015,1020,1015,0
2022-11-29 12:26:00,1015,1015,1020,1015,0
2022-11-29 12:27:00,1015,1015,1020,1015,0
2022-11-29 12:28:00,1015,1015,1020,1015,0
2022-11-29 12:29:00,1015,1015,1020,1015,0
2022-11-29 12:30:00,1015,1015,1020,1015,0
2022-11-29 12:31:00,1015,1015,1020,1015,0
2022-11-29 12:32:00,1015,1015,1020,1015,0
2022-11-29 12:33:00,1015,1015,1020,1015,0
2022-11-29 12:34:00,1015,1015,1020,1015,0
2022-11-29 12:35:00,1015,1015,1020,1015,0
2022-11-29 12:36:00,1015,1015,1020,1015,0
2022-11-29 12:37:00,1015,1015,1020,1015,0
2022-11-29 12:38:00,1015,1015,1020,1015,0
2022-11-29 12:39:00,1015,1015,1020,1015,0
2022-11-29 12:40:00,1015,1015,1020,1015,0
2022-11-29 12:41:00,1015,1015,1020,1015,0
2022-11-29 12:42:00,1015,1015,1020,1015,0
2022-11-29 12:43:00,1015,1015,1020,1015,0
2022-11-29 12:44:00,1015,1015,1020,1015,0
2022-11-29 12:45:00,1015,1015,1020,1015,0
2022-11-29 12:46:00,1015,1015,1020,1015,0
2022-11-29 12:47:00,1015,1015,1020,1015,0
2022-11-29 12:48:00,1015,1015,1020,1015,0
2022-11-29 12:49:00,1015,1015,1020,1015,0
2022-11-29 12:50:00,1015,1015,1020,1015,0
2022-11-29 12:51:00,1015,1015,1020,1015,0
2022-11-29 12:52:00,1015,1015,1020,1015,0
2022-11-29 12:53:00,1015,1015,1020,1015,0
2022-11-29 12:54:00,1015,1015,1020,1015,0
2022-11-29 12:55:00,1015,1015,1020,1015,0
2022-11-29 12:56:00,1015,1015,1020,1015,0
2022-11-29 12:57:00,1015,1015,1020,1015,0
2022-11-29 12:58:00,1015,1015,1020,1015,0
2022-11-29 12:59:00,1015,1015,1020,1015,0
2022-11-29 13:00:00,1015,1015,1020,1015,0
2022-11-29 13:01:00,1015,1015,1020,1015,0
2022-11-29 13:02:00,1015,1015,1020,1015,0
2022-11-29 13:03:00,1015,1015,1020,1015,0
2022-11-29 13:04:00,1015,1015,1020,1015,0
2022-11-29 13:05:00,1015,1015,1020,1015,0
2022-11-29 13:06:00,1015,1015,1020,1015,0
2022-11-29 13:07:00,1015,1015,1020,1015,0
2022-11-29 13:08:00,1015,1015,1020,1015,0
2022-11-29 13:09:00,1015,1015,1020,1015,0
2022-11-29 13:10:00,1015,1015,1020,1015,0
2022-11-29 13:11:00,1015,1015,1020,1015,0
2022-11-29 13:12:00,1015,1015,1020,1015,0
2022-11-29 13:13:00,1015,1015,1020,1015,0
2022-11-29 13:14:00,1015,1015,1020,1015,0
2022-11-29 13:15:00,1015,1015,1020,1015,0
2022-11-29 13:16:00,1015,1015,1020,1015,0
2022-11-29 13:17:00,1015,1015,1020,1015,0
2022-11-29 13:18:00,1015,1015,1020,1015,0
2022-11-29 13:19:00,1015,1015,1020,1015,0
2022-11-29 13:20:00,1015,1015,1020,1015,0
2022-11-29 13:21:00,1015,1015,1020,1015,0
2022-11-29 13:22:00,1015,1015,1020,1015,0
2022-11-29 13:23:00,1015,1015,1020,1015,0
2022-11-29 13:24:00,1015,1015,1020,1015,0
2022-11-29 13:25:00,1015,1015,1020,1015,0
2022-11-29 13:26:00,1015,1015,1020,1015,0
2022-11-29 13:27:00,1015,1015,1020,1015,0
2022-11-29 13:28:00,1015,1015,1020,1015,0
2022-11-29 13:29:00,1015,1015,1020,1015,0
2022-11-29 13:30:00,1020,1015,1025,1025,133500
2022-11-29 13:31:00,1025,1025,1025,1025,0
2022-11-29 13:32:00,1020,1020,1025,1025,1300
2022-11-29 13:33:00,1025,1020,1025,1020,2200
2022-11-29 13:34:00,1020,1020,1025,1025,67700
2022-11-29 13:35:00,1025,1025,1025,1025,114700
2022-11-29 13:36:00,1025,1025,1025,1025,0
2022-11-29 13:37:00,1025,1025,1025,1025,6000
2022-11-29 13:38:00,1025,1025,1025,1025,50500
2022-11-29 13:39:00,1025,1025,1025,1025,0
2022-11-29 13:40:00,1025,1025,1025,1025,395400
2022-11-29 13:41:00,1025,1025,1025,1025,107700
2022-11-29 13:42:00,1025,1025,1030,1030,33100
2022-11-29 13:43:00,1030,1030,1030,1030,3500
2022-11-29 13:44:00,1030,1030,1030,1030,18900
2022-11-29 13:45:00,1025,1025,1030,1025,319300
2022-11-29 13:46:00,1025,1020,1025,1020,0
2022-11-29 13:47:00,1025,1020,1025,1020,0
2022-11-29 13:48:00,1025,1025,1025,1025,97600
2022-11-29 13:49:00,1025,1020,1025,1025,61500
2022-11-29 13:50:00,1025,1020,1025,1020,36700
2022-11-29 13:51:00,1025,1020,1025,1020,0
2022-11-29 13:52:00,1020,1020,1025,1025,0
2022-11-29 13:53:00,1025,1025,1025,1025,1000
2022-11-29 13:54:00,1025,1020,1025,1020,5800
2022-11-29 13:55:00,1025,1025,1025,1025,53800
2022-11-29 13:56:00,1025,1015,1025,1015,393800
2022-11-29 13:57:00,1015,1015,1015,1015,57700
2022-11-29 13:58:00,1015,1010,1015,1010,37200
2022-11-29 13:59:00,1010,1010,1010,1010,66500
2022-11-29 14:00:00,1015,1010,1015,1015,0
2022-11-29 14:01:00,1015,1010,1015,1015,96200
2022-11-29 14:02:00,1015,1015,1015,1015,0
2022-11-29 14:03:00,1015,1015,1015,1015,6300
2022-11-29 14:04:00,1020,1015,1020,1015,109200
2022-11-29 14:05:00,1015,1010,1015,1010,212200
2022-11-29 14:06:00,1010,1010,1015,1010,14600
2022-11-29 14:07:00,1010,1005,1010,1010,23200
2022-11-29 14:08:00,1010,1005,1010,1005,288800
2022-11-29 14:09:00,1005,1000,1005,1000,124000
2022-11-29 14:10:00,1005,1000,1005,1005,34800
2022-11-29 14:11:00,1005,1000,1005,1000,90200
2022-11-29 14:12:00,1005,1000,1005,1005,117900
2022-11-29 14:13:00,1005,1000,1010,1010,632100
2022-11-29 14:14:00,1015,1015,1015,1015,19100
2022-11-29 14:15:00,1010,1010,1015,1015,287400
2022-11-29 14:16:00,1015,1015,1015,1015,13100
2022-11-29 14:17:00,1015,1010,1015,1010,5100
2022-11-29 14:18:00,1015,1015,1015,1015,26900
2022-11-29 14:19:00,1010,1010,1015,1015,172700
2022-11-29 14:20:00,1015,1015,1015,1015,1600
2022-11-29 14:21:00,1015,1015,1020,1020,20500
2022-11-29 14:22:00,1020,1020,1020,1020,93500
2022-11-29 14:23:00,1015,1015,1020,1020,0
2022-11-29 14:24:00,1015,1015,1015,1015,0
2022-11-29 14:25:00,1020,1020,1020,1020,1200
2022-11-29 14:26:00,1020,1015,1020,1015,32600
2022-11-29 14:27:00,1015,1015,1015,1015,0
2022-11-29 14:28:00,1015,1015,1015,1015,0
2022-11-29 14:29:00,1015,1015,1020,1020,1400
2022-11-29 14:30:00,1015,1015,1015,1015,100
2022-11-29 14:31:00,1015,1015,1015,1015,3700
2022-11-29 14:32:00,1015,1015,1015,1015,31500
2022-11-29 14:33:00,1015,1015,1015,1015,0
2022-11-29 14:34:00,1020,1020,1020,1020,0
2022-11-29 14:35:00,1015,1015,1020,1015,16200
2022-11-29 14:36:00,1015,1015,1020,1020,10100
2022-11-29 14:37:00,1015,1015,1020,1015,104600
2022-11-29 14:38:00,1015,1015,1020,1015,103100
2022-11-29 14:39:00,1020,1015,1020,1020,239700
2022-11-29 14:40:00,1025,1025,1025,1025,0
2022-11-29 14:41:00,1025,1020,1025,1020,133700
2022-11-29 14:42:00,1020,1020,1020,1020,4000
2022-11-29 14:43:00,1020,1020,1020,1020,283800
2022-11-29 14:44:00,1015,1015,1020,1015,0
2022-11-29 14:45:00,1015,1015,1020,1020,227700
2022-11-29 14:46:00,1020,1020,1025,1020,240800
2022-11-29 14:47:00,1025,1020,1025,1025,256100
2022-11-29 14:48:00,1025,1025,1030,1030,121700
2022-11-29 14:49:00,1030,1025,1030,1030,187400
2022-11-29 14:50:00,1030,1025,1030,1030,0
2022-11-29 14:51:00,1030,1025,1030,1030,0
2022-11-29 14:52:00,1030,1025,1030,1030,0
2022-11-29 14:53:00,1030,1025,1030,1030,0
2022-11-29 14:54:00,1030,1025,1030,1030,0
2022-11-29 14:55:00,1030,1025,1030,1030,0
2022-11-29 14:56:00,1030,1025,1030,1030,0
2022-11-29 14:57:00,1030,1025,1030,1030,0
2022-11-29 14:58:00,1030,1025,1030,1030,0
2022-11-29 14:59:00,1030,1025,1030,1030,0
2022-11-29 15:00:00,1040,1040,1040,1040,2602200
2022-11-29 15:01:00,1040,1040,1040,1040,1100
2022-11-29 15:02:00,1040,1040,1040,1040,5400
2022-11-29 15:03:00,1040,1040,1040,1040,2800
2022-11-29 15:04:00,1040,1040,1040,1040,0
2022-11-29 15:05:00,1040,1040,1040,1040,0
2022-11-29 15:06:00,1040,1040,1040,1040,0
2022-11-29 15:07:00,1040,1040,1040,1040,0
2022-11-29 15:08:00,1040,1040,1040,1040,6100
2022-11-29 15:09:00,1040,1040,1040,1040,0
2022-11-29 15:10:00,1040,1040,1040,1040,0
2022-11-29 15:11:00,1040,1040,1040,1040,0
2022-11-29 15:12:00,1040,1040,1040,1040,14511600
2022-11-29 15:13:00,1040,1040,1040,1040,0
2022-11-29 15:14:00,1040,1040,1040,1040,0
2022-11-29 15:15:00,1040,1040,1040,1040,0
2022-11-29 15:16:00,1040,1040,1040,1040,0
2022-11-29 15:17:00,1040,1040,1040,1040,0
2022-11-29 15:18:00,1040,1040,1040,1040,0
2022-11-29 15:19:00,1040,1040,1040,1040,0
2022-11-29 15:20:00,1040,1040,1040,1040,0
2022-11-29 15:21:00,1040,1040,1040,1040,0
2022-11-29 15:22:00,1040,1040,1040,1040,0
2022-11-29 15:23:00,1040,1040,1040,1040,0
2022-11-29 15:24:00,1040,1040,1040,1040,0
2022-11-29 15:25:00,1040,1040,1040,1040,0
2022-11-29 15:26:00,1040,1040,1040,1040,0
2022-11-29 15:27:00,1040,1040,1040,1040,0
2022-11-29 15:28:00,1040,1040,1040,1040,0
2022-11-29 15:29:00,1040,1040,1040,1040,0
2022-11-29 15:30:00,1040,1040,1040,1040,0
2022-11-29 15:31:00,1040,1040,1040,1040,0
2022-11-29 15:32:00,1040,1040,1040,1040,0
2022-11-29 15:33:00,1040,1040,1040,1040,0
2022-11-29 15:34:00,1040,1040,1040,1040,0
2022-11-29 15:35:00,1040,1040,1040,1040,0
2022-11-29 15:36:00,1040,1040,1040,1040,0
2022-11-29 15:37:00,1040,1040,1040,1040,0
2022-11-29 15:38:00,1040,1040,1040,1040,0
2022-11-29 15:39:00,1040,1040,1040,1040,0
2022-11-29 15:40:00,1040,1040,1040,1040,0
2022-11-29 15:41:00,1040,1040,1040,1040,0
2022-11-29 15:42:00,1040,1040,1040,1040,0
2022-11-29 15:43:00,1040,1040,1040,1040,0
2022-11-29 15:44:00,1040,1040,1040,1040,0
2022-11-29 15:45:00,1040,1040,1040,1040,0
2022-11-29 15:46:00,1040,1040,1040,1040,0
2022-11-29 15:47:00,1040,1040,1040,1040,0
2022-11-29 15:48:00,1040,1040,1040,1040,0
2022-11-29 15:49:00,1040,1040,1040,1040,0
2022-11-29 15:50:00,1040,1040,1040,1040,0
2022-11-29 15:51:00,1040,1040,1040,1040,0
2022-11-29 15:52:00,1040,1040,1040,1040,0
2022-11-29 15:53:00,1040,1040,1040,1040,0
2022-11-29 15:54:00,1040,1040,1040,1040,0
2022-11-29 15:55:00,1040,1040,1040,1040,0
2022-11-29 15:56:00,1040,1040,1040,1040,0
2022-11-29 15:57:00,1040,1040,1040,1040,0
2022-11-29 15:58:00,1040,1040,1040,1040,0
2022-11-29 15:59:00,1040,1040,1040,1040,0
2022-11-30 09:00:00,1035,1035,1045,1045,0
2022-11-30 09:01:00,1040,1035,1040,1035,3800
2022-11-30 09:02:00,1035,1030,1035,1030,21700
2022-11-30 09:03:00,1025,1025,1025,1025,25000
2022-11-30 09:04:00,1025,1020,1025,1025,92300
2022-11-30 09:05:00,1030,1030,1030,1030,34100
2022-11-30 09:06:00,1030,1030,1030,1030,2200
2022-11-30 09:07:00,1040,1040,1040,1040,4900
2022-11-30 09:08:00,1040,1040,1040,1040,115600
2022-11-30 09:09:00,1040,1040,1040,1040,0
2022-11-30 09:10:00,1040,1040,1040,1040,19300
2022-11-30 09:11:00,1040,1040,1045,1040,316100
2022-11-30 09:12:00,1040,1040,1040,1040,0
2022-11-30 09:13:00,1035,1030,1035,1030,263800
2022-11-30 09:14:00,1030,1030,1035,1030,45100
2022-11-30 09:15:00,1030,1030,1030,1030,23300
2022-11-30 09:16:00,1030,1030,1030,1030,0
2022-11-30 09:17:00,1030,1030,1030,1030,26000
2022-11-30 09:18:00,1030,1030,1030,1030,0
2022-11-30 09:19:00,1030,1030,1030,1030,1200
2022-11-30 09:20:00,1030,1025,1030,1025,18000
2022-11-30 09:21:00,1025,1025,1030,1030,96200
2022-11-30 09:22:00,1030,1025,1030,1025,21800
2022-11-30 09:23:00,1025,1025,1030,1025,0
2022-11-30 09:24:00,1025,1025,1025,1025,1600
2022-11-30 09:25:00,1025,1025,1025,1025,0
2022-11-30 09:26:00,1025,1025,1025,1025,0
2022-11-30 09:27:00,1030,1025,1030,1025,120900
2022-11-30 09:28:00,1025,1025,1025,1025,0
2022-11-30 09:29:00,1025,1025,1025,1025,600
2022-11-30 09:30:00,1030,1025,1030,1025,24900
2022-11-30 09:31:00,1025,1025,1030,1030,0
2022-11-30 09:32:00,1030,1030,1030,1030,0
2022-11-30 09:33:00,1030,1030,1030,1030,2200
2022-11-30 09:34:00,1030,1030,1030,1030,19500
2022-11-30 09:35:00,1030,1030,1030,1030,20800
2022-11-30 09:36:00,1030,1030,1030,1030,0
2022-11-30 09:37:00,1030,1030,1030,1030,0
2022-11-30 09:38:00,1030,1030,1030,1030,13800
2022-11-30 09:39:00,1030,1030,1030,1030,6000
2022-11-30 09:40:00,1025,1025,1025,1025,9000
2022-11-30 09:41:00,1025,1025,1025,1025,5400
2022-11-30 09:42:00,1025,1025,1025,1025,158900
2022-11-30 09:43:00,1025,1020,1025,1025,24800
2022-11-30 09:44:00,1025,1020,1025,1020,8600
2022-11-30 09:45:00,1025,1025,1030,1030,43000
2022-11-30 09:46:00,1025,1025,1025,1025,0
2022-11-30 09:47:00,1025,1020,1025,1020,542700
2022-11-30 09:48:00,1020,1015,1020,1015,328300
2022-11-30 09:49:00,1015,1010,1025,1015,244400
2022-11-30 09:50:00,1020,1015,1020,1015,59900
2022-11-30 09:51:00,1015,1010,1015,1010,393100
2022-11-30 09:52:00,1015,1015,1015,1015,10200
2022-11-30 09:53:00,1015,1015,1015,1015,137300
2022-11-30 09:54:00,1015,1015,1015,1015,0
2022-11-30 09:55:00,1015,1015,1015,1015,192100
2022-11-30 09:56:00,1010,1010,1015,1015,26600
2022-11-30 09:57:00,1015,1015,1015,1015,148400
2022-11-30 09:58:00,1015,1010,1015,1015,136300
2022-11-30 09:59:00,1015,1015,1015,1015,31100
2022-11-30 10:00:00,1015,1015,1015,1015,0
2022-11-30 10:01:00,1020,1020,1020,1020,44500
2022-11-30 10:02:00,1020,1020,1020,1020,3300
2022-11-30 10:03:00,1020,1020,1020,1020,0
2022-11-30 10:04:00,1025,1025,1025,1025,6000
2022-11-30 10:05:00,1025,1025,1025,1025,800
2022-11-30 10:06:00,1025,1025,1025,1025,1500
2022-11-30 10:07:00,1025,1025,1025,1025,10500
2022-11-30 10:08:00,1025,1025,1025,1025,10800
2022-11-30 10:09:00,1025,1020,1025,1025,10100
2022-11-30 10:10:00,1020,1015,1020,1015,200500
2022-11-30 10:11:00,1020,1015,1020,1015,0
2022-11-30 10:12:00,1020,1015,1020,1015,0
2022-11-30 10:13:00,1015,1015,1015,1015,10100
2022-11-30 10:14:00,1015,1015,1025,1015,5100
2022-11-30 10:15:00,1025,1025,1025,1025,0
2022-11-30 10:16:00,1025,1025,1025,1025,0
2022-11-30 10:17:00,1025,1015,1025,1015,249500
2022-11-30 10:18:00,1020,1015,1020,1015,24100
2022-11-30 10:19:00,1015,1010,1015,1010,118500
2022-11-30 10:20:00,1015,1015,1015,1015,0
2022-11-30 10:21:00,1015,1010,1015,1010,19500
2022-11-30 10:22:00,1015,1015,1015,1015,121100
2022-11-30 10:23:00,1015,1015,1015,1015,0
2022-11-30 10:24:00,1015,1015,1020,1020,51600
2022-11-30 10:25:00,1015,1015,1015,1015,264200
2022-11-30 10:26:00,1015,1015,1015,1015,9800
2022-11-30 10:27:00,1015,1015,1015,1015,800
2022-11-30 10:28:00,1015,1015,1015,1015,0
2022-11-30 10:29:00,1015,1015,1015,1015,49500
2022-11-30 10:30:00,1020,1020,1020,1020,12500
2022-11-30 10:31:00,1020,1020,1020,1020,0
2022-11-30 10:32:00,1020,1020,1020,1020,0
2022-11-30 10:33:00,1020,1015,1020,1015,700
2022-11-30 10:34:00,1020,1020,1020,1020,0
2022-11-30 10:35:00,1020,1020,1020,1020,0
2022-11-30 10:36:00,1020,1020,1020,1020,8200
2022-11-30 10:37:00,1015,1015,1015,1015,106800
2022-11-30 10:38:00,1015,1015,1015,1015,7400
2022-11-30 10:39:00,1015,1010,1015,1015,39300
2022-11-30 10:40:00,1015,1015,1015,1015,15700
2022-11-30 10:41:00,1015,1015,1015,1015,44500
2022-11-30 10:42:00,1015,1010,1015,1010,169600
2022-11-30 10:43:00,1010,1005,1010,1005,738200
2022-11-30 10:44:00,1015,1010,1015,1010,0
2022-11-30 10:45:00,1010,1010,1010,1010,86700
2022-11-30 10:46:00,1010,1010,1010,1010,0
2022-11-30 10:47:00,1015,1015,1015,1015,700
2022-11-30 10:48:00,1015,1015,1015,1015,71000
2022-11-30 10:49:00,1015,1015,1015,1015,0
2022-11-30 10:50:00,1015,1015,1015,1015,0
2022-11-30 10:51:00,1010,1010,1015,1010,9500
2022-11-30 10:52:00,1010,1010,1015,1010,0
2022-11-30 10:53:00,1015,1015,1015,1015,900
2022-11-30 10:54:00,1015,1015,1015,1015,0
2022-11-30 10:55:00,1010,1010,1010,1010,2500
2022-11-30 10:56:00,1015,1015,1015,1015,700
2022-11-30 10:57:00,1015,1015,1015,1015,1100
2022-11-30 10:58:00,1015,1015,1015,1015,1000
2022-11-30 10:59:00,1015,1015,1015,1015,0
2022-11-30 11:00:00,1010,1010,1015,1015,3400
2022-11-30 11:01:00,1010,1010,1010,1010,0
2022-11-30 11:02:00,1010,1010,1010,1010,600
2022-11-30 11:03:00,1010,1010,1010,1010,0
2022-11-30 11:04:00,1015,1015,1015,1015,6900
2022-11-30 11:05:00,1015,1015,1015,1015,0
2022-11-30 11:06:00,1010,1010,1010,1010,0
2022-11-30 11:07:00,1015,1015,1015,1015,0
2022-11-30 11:08:00,1015,1010,1015,1010,2000
2022-11-30 11:09:00,1015,1015,1015,1015,32500
2022-11-30 11:10:00,1015,1015,1015,1015,0
2022-11-30 11:11:00,1015,1015,1015,1015,45100
2022-11-30 11:12:00,1015,1010,1015,1015,0
2022-11-30 11:13:00,1015,1010,1015,1015,0
2022-11-30 11:14:00,1010,1005,1015,1005,432100
2022-11-30 11:15:00,1010,1005,1015,1005,0
2022-11-30 11:16:00,1010,1010,1010,1010,20600
2022-11-30 11:17:00,1010,1010,1010,1010,0
2022-11-30 11:18:00,1010,1010,1010,1010,0
2022-11-30 11:19:00,1010,1010,1015,1015,300
2022-11-30 11:20:00,1015,1015,1015,1015,100
2022-11-30 11:21:00,1015,1010,1015,1015,112900
2022-11-30 11:22:00,1015,1015,1015,1015,28100
2022-11-30 11:23:00,1015,1015,1015,1015,0
2022-11-30 11:24:00,1015,1015,1015,1015,0
2022-11-30 11:25:00,1015,1015,1015,1015,1300
2022-11-30 11:26:00,1015,1015,1015,1015,0
2022-11-30 11:27:00,1015,1015,1015,1015,41800
2022-11-30 11:28:00,1015,1015,1015,1015,0
2022-11-30 11:29:00,1015,1015,1015,1015,0
2022-11-30 11:30:00,1015,1015,1015,1015,0
2022-11-30 11:31:00,1015,1015,1015,1015,0
2022-11-30 11:32:00,1015,1015,1015,1015,0
2022-11-30 11:33:00,1015,1015,1015,1015,0
2022-11-30 11:34:00,1015,1015,1015,1015,0
2022-11-30 11:35:00,1015,1015,1015,1015,0
2022-11-30 11:36:00,1015,1015,1015,1015,0
2022-11-30 11:37:00,1015,1015,1015,1015,0
2022-11-30 11:38:00,1015,1015,1015,1015,0
2022-11-30 11:39:00,1015,1015,1015,1015,0
2022-11-30 11:40:00,1015,1015,1015,1015,0
2022-11-30 11:41:00,1015,1015,1015,1015,0
2022-11-30 11:42:00,1015,1015,1015,1015,0
2022-11-30 11:43:00,1015,1015,1015,1015,0
2022-11-30 11:44:00,1015,1015,1015,1015,0
2022-11-30 11:45:00,1015,1015,1015,1015,0
2022-11-30 11:46:00,1015,1015,1015,1015,0
2022-11-30 11:47:00,1015,1015,1015,1015,0
2022-11-30 11:48:00,1015,1015,1015,1015,0
2022-11-30 11:49:00,1015,1015,1015,1015,0
2022-11-30 11:50:00,1015,1015,1015,1015,0
2022-11-30 11:51:00,1015,1015,1015,1015,0
2022-11-30 11:52:00,1015,1015,1015,1015,0
2022-11-30 11:53:00,1015,1015,1015,1015,0
2022-11-30 11:54:00,1015,1015,1015,1015,0
2022-11-30 11:55:00,1015,1015,1015,1015,0
2022-11-30 11:56:00,1015,1015,1015,1015,0
2022-11-30 11:57:00,1015,1015,1015,1015,0
2022-11-30 11:58:00,1015,1015,1015,1015,0
2022-11-30 11:59:00,1015,1015,1015,1015,0
2022-11-30 12:00:00,1015,1015,1015,1015,0
2022-11-30 12:01:00,1015,1015,1015,1015,0
2022-11-30 12:02:00,1015,1015,1015,1015,0
2022-11-30 12:03:00,1015,1015,1015,1015,0
2022-11-30 12:04:00,1015,1015,1015,1015,0
2022-11-30 12:05:00,1015,1015,1015,1015,0
2022-11-30 12:06:00,1015,1015,1015,1015,0
2022-11-30 12:07:00,1015,1015,1015,1015,0
2022-11-30 12:08:00,1015,1015,1015,1015,0
2022-11-30 12:09:00,1015,1015,1015,1015,0
2022-11-30 12:10:00,1015,1015,1015,1015,0
2022-11-30 12:11:00,1015,1015,1015,1015,0
2022-11-30 12:12:00,1015,1015,1015,1015,0
2022-11-30 12:13:00,1015,1015,1015,1015,0
2022-11-30 12:14:00,1015,1015,1015,1015,0
2022-11-30 12:15:00,1015,1015,1015,1015,0
2022-11-30 12:16:00,1015,1015,1015,1015,0
2022-11-30 12:17:00,1015,1015,1015,1015,0
2022-11-30 12:18:00,1015,1015,1015,1015,0
2022-11-30 12:19:00,1015,1015,1015,1015,0
2022-11-30 12:20:00,1015,1015,1015,1015,0
2022-11-30 12:21:00,1015,1015,1015,1015,0
2022-11-30 12:22:00,1015,1015,1015,1015,0
2022-11-30 12:23:00,1015,1015,1015,1015,0
2022-11-30 12:24:00,1015,1015,1015,1015,0
2022-11-30 12:25:00,1015,1015,1015,1015,0
2022-11-30 12:26:00,1015,1015,1015,1015,0
2022-11-30 12:27:00,1015,1015,1015,1015,0
2022-11-30 12:28:00,1015,1015,1015,1015,0
2022-11-30 12:29:00,1015,1015,1015,1015,0
2022-11-30 12:30:00,1015,1015,1015,1015,0
2022-11-30 12:31:00,1015,1015,1015,1015,0
2022-11-30 12:32:00,1015,1015,1015,1015,0
2022-11-30 12:33:00,1015,1015,1015,1015,0
2022-11-30 12:34:00,1015,1015,1015,1015,0
2022-11-30 12:35:00,1015,1015,1015,1015,0
2022-11-30 12:36:00,1015,1015,1015,1015,0
2022-11-30 12:37:00,1015,1015,1015,1015,0
2022-11-30 12:38:00,1015,1015,1015,1015,0
2022-11-30 12:39:00,1015,1015,1015,1015,0
2022-11-30 12:40:00,1015,1015,1015,1015,0
2022-11-30 12:41:00,1015,1015,1015,1015,0
2022-11-30 12:42:00,1015,1015,1015,1015,0
2022-11-30 12:43:00,1015,1015,1015,1015,0
2022-11-30 12:44:00,1015,1015,1015,1015,0
2022-11-30 12:45:00,1015,1015,1015,1015,0
2022-11-30 12:46:00,1015,1015,1015,1015,0
2022-11-30 12:47:00,1015,1015,1015,1015,0
2022-11-30 12:48:00,1015,1015,1015,1015,0
2022-11-30 12:49:00,1015,1015,1015,1015,0
2022-11-30 12:50:00,1015,1015,1015,1015,0
2022-11-30 12:51:00,1015,1015,1015,1015,0
2022-11-30 12:52:00,1015,1015,1015,1015,0
2022-11-30 12:53:00,1015,1015,1015,1015,0
2022-11-30 12:54:00,1015,1015,1015,1015,0
2022-11-30 12:55:00,1015,1015,1015,1015,0
2022-11-30 12:56:00,1015,1015,1015,1015,0
2022-11-30 12:57:00,1015,1015,1015,1015,0
2022-11-30 12:58:00,1015,1015,1015,1015,0
2022-11-30 12:59:00,1015,1015,1015,1015,0
2022-11-30 13:00:00,1015,1015,1015,1015,0
2022-11-30 13:01:00,1015,1015,1015,1015,0
2022-11-30 13:02:00,1015,1015,1015,1015,0
2022-11-30 13:03:00,1015,1015,1015,1015,0
2022-11-30 13:04:00,1015,1015,1015,1015,0
2022-11-30 13:05:00,1015,1015,1015,1015,0
2022-11-30 13:06:00,1015,1015,1015,1015,0
2022-11-30 13:07:00,1015,1015,1015,1015,0
2022-11-30 13:08:00,1015,1015,1015,1015,0
2022-11-30 13:09:00,1015,1015,1015,1015,0
2022-11-30 13:10:00,1015,1015,1015,1015,0
2022-11-30 13:11:00,1015,1015,1015,1015,0
2022-11-30 13:12:00,1015,1015,1015,1015,0
2022-11-30 13:13:00,1015,1015,1015,1015,0
2022-11-30 13:14:00,1015,1015,1015,1015,0
2022-11-30 13:15:00,1015,1015,1015,1015,0
2022-11-30 13:16:00,1015,1015,1015,1015,0
2022-11-30 13:17:00,1015,1015,1015,1015,0
2022-11-30 13:18:00,1015,1015,1015,1015,0
2022-11-30 13:19:00,1015,1015,1015,1015,0
2022-11-30 13:20:00,1015,1015,1015,1015,0
2022-11-30 13:21:00,1015,1015,1015,1015,0
2022-11-30 13:22:00,1015,1015,1015,1015,0
2022-11-30 13:23:00,1015,1015,1015,1015,0
2022-11-30 13:24:00,1015,1015,1015,1015,0
2022-11-30 13:25:00,1015,1015,1015,1015,0
2022-11-30 13:26:00,1015,1015,1015,1015,0
2022-11-30 13:27:00,1015,1015,1015,1015,0
2022-11-30 13:28:00,1015,1015,1015,1015,0
2022-11-30 13:29:00,1015,1015,1015,1015,0
2022-11-30 13:30:00,1020,1015,1020,1015,19100
2022-11-30 13:31:00,1020,1015,1020,1015,0
2022-11-30 13:32:00,1015,1015,1015,1015,41100
2022-11-30 13:33:00,1015,1015,1015,1015,0
2022-11-30 13:34:00,1015,1015,1015,1015,0
2022-11-30 13:35:00,1015,1015,1015,1015,0
2022-11-30 13:36:00,1015,1015,1015,1015,5700
2022-11-30 13:37:00,1015,1015,1015,1015,0
2022-11-30 13:38:00,1015,1015,1015,1015,0
2022-11-30 13:39:00,1015,1015,1020,1020,7900
2022-11-30 13:40:00,1015,1015,1020,1020,0
2022-11-30 13:41:00,1020,1020,1020,1020,1100
2022-11-30 13:42:00,1015,1015,1015,1015,1100
2022-11-30 13:43:00,1015,1015,1015,1015,0
2022-11-30 13:44:00,1015,1015,1015,1015,0
2022-11-30 13:45:00,1015,1015,1015,1015,0
2022-11-30 13:46:00,1015,1015,1015,1015,0
2022-11-30 13:47:00,1015,1015,1015,1015,0
2022-11-30 13:48:00,1015,1015,1015,1015,0
2022-11-30 13:49:00,1015,1015,1015,1015,0
2022-11-30 13:50:00,1015,1015,1015,1015,0
2022-11-30 13:51:00,1015,1015,1020,1020,22000
2022-11-30 13:52:00,1015,1015,1020,1020,0
2022-11-30 13:53:00,1020,1020,1020,1020,4100
2022-11-30 13:54:00,1020,1020,1020,1020,2500
2022-11-30 13:55:00,1015,1015,1015,1015,1000
2022-11-30 13:56:00,1015,1015,1015,1015,0
2022-11-30 13:57:00,1015,1015,1015,1015,0
2022-11-30 13:58:00,1015,1015,1015,1015,11300
2022-11-30 13:59:00,1015,1015,1015,1015,0
2022-11-30 14:00:00,1015,1015,1015,1015,6000
2022-11-30 14:01:00,1015,1015,1015,1015,0
2022-11-30 14:02:00,1015,1015,1015,1015,0
2022-11-30 14:03:00,1015,1015,1015,1015,0
2022-11-30 14:04:00,1015,1015,1015,1015,0
2022-11-30 14:05:00,1015,1015,1015,1015,0
2022-11-30 14:06:00,1015,1015,1015,1015,0
2022-11-30 14:07:00,1015,1015,1015,1015,28500
2022-11-30 14:08:00,1015,1015,1015,1015,0
2022-11-30 14:09:00,1015,1015,1015,1015,9200
2022-11-30 14:10:00,1015,1015,1015,1015,0
2022-11-30 14:11:00,1015,1015,1015,1015,400
2022-11-30 14:12:00,1015,1015,1015,1015,0
2022-11-30 14:13:00,1015,1015,1015,1015,0
2022-11-30 14:14:00,1015,1015,1015,1015,0
2022-11-30 14:15:00,1015,1015,1015,1015,0
2022-11-30 14:16:00,1015,1015,1015,1015,30400
2022-11-30 14:17:00,1015,1015,1015,1015,12000
2022-11-30 14:18:00,1015,1015,1015,1015,28500
2022-11-30 14:19:00,1015,1015,1015,1015,0
2022-11-30 14:20:00,1015,1015,1015,1015,3600
2022-11-30 14:21:00,1020,1020,1020,1020,0
2022-11-30 14:22:00,1020,1020,1020,1020,0
2022-11-30 14:23:00,1020,1020,1020,1020,9900
2022-11-30 14:24:00,1020,1020,1020,1020,0
2022-11-30 14:25:00,1015,1015,1015,1015,5200
2022-11-30 14:26:00,1015,1015,1015,1015,26000
2022-11-30 14:27:00,1015,1015,1015,1015,167000
2022-11-30 14:28:00,1015,1015,1015,1015,0
2022-11-30 14:29:00,1015,1015,1015,1015,18500
2022-11-30 14:30:00,1015,1015,1015,1015,1400
2022-11-30 14:31:00,1015,1015,1015,1015,192500
2022-11-30 14:32:00,1015,1015,1015,1015,0
2022-11-30 14:33:00,1015,1015,1015,1015,11900
2022-11-30 14:34:00,1015,1015,1015,1015,100
2022-11-30 14:35:00,1015,1015,1015,1015,45700
2022-11-30 14:36:00,1015,1015,1020,1020,16000
2022-11-30 14:37:00,1015,1015,1020,1020,0
2022-11-30 14:38:00,1015,1015,1015,1015,9700
2022-11-30 14:39:00,1015,1015,1015,1015,8900
2022-11-30 14:40:00,1015,1015,1015,1015,0
2022-11-30 14:41:00,1015,1015,1015,1015,68000
2022-11-30 14:42:00,1015,1015,1015,1015,0
2022-11-30 14:43:00,1015,1015,1015,1015,500
2022-11-30 14:44:00,1015,1010,1015,1015,143800
2022-11-30 14:45:00,1015,1015,1015,1015,2100
2022-11-30 14:46:00,1015,1015,1015,1015,6800
2022-11-30 14:47:00,1015,1015,1015,1015,253000
2022-11-30 14:48:00,1015,1015,1015,1015,900
2022-11-30 14:49:00,1015,1010,1015,1010,40200
2022-11-30 14:50:00,1015,1010,1015,1010,0
2022-11-30 14:51:00,1015,1010,1015,1010,0
2022-11-30 14:52:00,1015,1010,1015,1010,0
2022-11-30 14:53:00,1015,1010,1015,1010,0
2022-11-30 14:54:00,1015,1010,1015,1010,0
2022-11-30 14:55:00,1015,1010,1015,1010,0
2022-11-30 14:56:00,1015,1010,1015,1010,0
2022-11-30 14:57:00,1015,1010,1015,1010,0
2022-11-30 14:58:00,1015,1010,1015,1010,0
2022-11-30 14:59:00,1015,1010,1015,1010,0
2022-11-30 15:00:00,1000,1000,1000,1000,2703600
2022-11-30 15:01:00,1000,1000,1000,1000,37900
2022-11-30 15:02:00,1000,1000,1000,1000,29600
2022-11-30 15:03:00,1000,1000,1000,1000,31000
2022-11-30 15:04:00,1000,1000,1000,1000,67900
2022-11-30 15:05:00,1000,1000,1000,1000,0
2022-11-30 15:06:00,1000,1000,1000,1000,38600
2022-11-30 15:07:00,1000,1000,1000,1000,5500
2022-11-30 15:08:00,1000,1000,1000,1000,2100
2022-11-30 15:09:00,1000,1000,1000,1000,32800
2022-11-30 15:10:00,1000,1000,1000,1000,15000
2022-11-30 15:11:00,1000,1000,1000,1000,393400
2022-11-30 15:12:00,1000,1000,1000,1000,0
2022-11-30 15:13:00,1000,1000,1000,1000,11427400
2022-11-30 15:14:00,1000,1000,1000,1000,0
2022-11-30 15:15:00,1000,1000,1000,1000,0
2022-11-30 15:16:00,1000,1000,1000,1000,0
2022-11-30 15:17:00,1000,1000,1000,1000,0
2022-11-30 15:18:00,1000,1000,1000,1000,0
2022-11-30 15:19:00,1000,1000,1000,1000,0
2022-11-30 15:20:00,1000,1000,1000,1000,0
2022-11-30 15:21:00,1000,1000,1000,1000,0
2022-11-30 15:22:00,1000,1000,1000,1000,0
2022-11-30 15:23:00,1000,1000,1000,1000,0
2022-11-30 15:24:00,1000,1000,1000,1000,0
2022-11-30 15:25:00,1000,1000,1000,1000,0
2022-11-30 15:26:00,1000,1000,1000,1000,0
2022-11-30 15:27:00,1000,1000,1000,1000,0
2022-11-30 15:28:00,1000,1000,1000,1000,0
2022-11-30 15:29:00,1000,1000,1000,1000,0
2022-11-30 15:30:00,1000,1000,1000,1000,0
2022-11-30 15:31:00,1000,1000,1000,1000,0
2022-11-30 15:32:00,1000,1000,1000,1000,0
2022-11-30 15:33:00,1000,1000,1000,1000,0
2022-11-30 15:34:00,1000,1000,1000,1000,0
2022-11-30 15:35:00,1000,1000,1000,1000,0
2022-11-30 15:36:00,1000,1000,1000,1000,0
2022-11-30 15:37:00,1000,1000,1000,1000,0
2022-11-30 15:38:00,1000,1000,1000,1000,0
2022-11-30 15:39:00,1000,1000,1000,1000,0
2022-11-30 15:40:00,1000,1000,1000,1000,0
2022-11-30 15:41:00,1000,1000,1000,1000,0
2022-11-30 15:42:00,1000,1000,1000,1000,0
2022-11-30 15:43:00,1000,1000,1000,1000,0
2022-11-30 15:44:00,1000,1000,1000,1000,0
2022-11-30 15:45:00,1000,1000,1000,1000,0
2022-11-30 15:46:00,1000,1000,1000,1000,0
2022-11-30 15:47:00,1000,1000,1000,1000,0
2022-11-30 15:48:00,1000,1000,1000,1000,0
2022-11-30 15:49:00,1000,1000,1000,1000,0
2022-11-30 15:50:00,1000,1000,1000,1000,0
2022-11-30 15:51:00,1000,1000,1000,1000,0
2022-11-30 15:52:00,1000,1000,1000,1000,0
2022-11-30 15:53:00,1000,1000,1000,1000,0
2022-11-30 15:54:00,1000,1000,1000,1000,0
2022-11-30 15:55:00,1000,1000,1000,1000,0
2022-11-30 15:56:00,1000,1000,1000,1000,0
2022-11-30 15:57:00,1000,1000,1000,1000,0
2022-11-30 15:58:00,1000,1000,1000,1000,0
2022-11-30 15:59:00,1000,1000,1000,1000,0
2022-12-01 09:00:00,1000,1000,1020,1010,0
2022-12-01 09:01:00,1010,1010,1010,1010,10100
2022-12-01 09:02:00,1010,1010,1015,1010,42300
2022-12-01 09:03:00,1015,1015,1015,1015,0
2022-12-01 09:04:00,1010,1010,1015,1015,135900
2022-12-01 09:05:00,1015,1015,1020,1015,21100
2022-12-01 09:06:00,1015,1010,1015,1010,12500
2022-12-01 09:07:00,1010,1010,1010,1010,0
2022-12-01 09:08:00,1015,1015,1015,1015,10071100
2022-12-01 09:09:00,1015,1010,1015,1010,1500
2022-12-01 09:10:00,1010,1010,1020,1020,10256900
2022-12-01 09:11:00,1020,1020,1020,1020,52900
2022-12-01 09:12:00,1020,1020,1025,1025,195700
2022-12-01 09:13:00,1025,1020,1030,1025,1011500
2022-12-01 09:14:00,1025,1025,1030,1025,53500
2022-12-01 09:15:00,1025,1025,1030,1025,39500
2022-12-01 09:16:00,1025,1025,1025,1025,14000
2022-12-01 09:17:00,1030,1025,1030,1025,2700
2022-12-01 09:18:00,1025,1025,1030,1030,39000
2022-12-01 09:19:00,1030,1030,1035,1035,112500
2022-12-01 09:20:00,1035,1030,1035,1030,52500
2022-12-01 09:21:00,1030,1030,1030,1030,2800
2022-12-01 09:22:00,1030,1030,1030,1030,122100
2022-12-01 09:23:00,1030,1030,1030,1030,30100
2022-12-01 09:24:00,1030,1030,1030,1030,12500
2022-12-01 09:25:00,1030,1030,1030,1030,6500
2022-12-01 09:26:00,1025,1025,1030,1030,0
2022-12-01 09:27:00,1030,1025,1030,1025,391700
2022-12-01 09:28:00,1025,1025,1025,1025,28700
2022-12-01 09:29:00,1025,1025,1025,1025,33800
2022-12-01 09:30:00,1025,1025,1030,1030,1500
2022-12-01 09:31:00,1025,1025,1030,1030,0
2022-12-01 09:32:00,1025,1025,1025,1025,64400
2022-12-01 09:33:00,1025,1025,1025,1025,45000
2022-12-01 09:34:00,1030,1030,1030,1030,0
2022-12-01 09:35:00,1025,1025,1025,1025,5600
2022-12-01 09:36:00,1030,1030,1030,1030,127100
2022-12-01 09:37:00,1030,1030,1030,1030,31600
2022-12-01 09:38:00,1030,1030,1030,1030,600
2022-12-01 09:39:00,1030,1030,1030,1030,0
2022-12-01 09:40:00,1030,1025,1030,1025,5000
2022-12-01 09:41:00,1025,1025,1030,1030,48100
2022-12-01 09:42:00,1030,1030,1030,1030,2000
2022-12-01 09:43:00,1030,1030,1030,1030,38200
2022-12-01 09:44:00,1025,1025,1030,1030,40000
2022-12-01 09:45:00,1030,1030,1030,1030,0
2022-12-01 09:46:00,1025,1025,1025,1025,207700
2022-12-01 09:47:00,1025,1020,1025,1025,0
2022-12-01 09:48:00,1025,1025,1025,1025,24800
2022-12-01 09:49:00,1020,1020,1025,1020,186400
2022-12-01 09:50:00,1020,1020,1020,1020,10400
2022-12-01 09:51:00,1025,1025,1025,1025,6700
2022-12-01 09:52:00,1025,1020,1025,1020,25600
2022-12-01 09:53:00,1025,1025,1025,1025,1500
2022-12-01 09:54:00,1025,1020,1025,1020,500
2022-12-01 09:55:00,1025,1020,1025,1020,15400
2022-12-01 09:56:00,1020,1020,1020,1020,16000
2022-12-01 09:57:00,1020,1020,1020,1020,0
2022-12-01 09:58:00,1020,1020,1020,1020,0
2022-12-01 09:59:00,1020,1020,1020,1020,0
2022-12-01 10:00:00,1020,1020,1020,1020,0
2022-12-01 10:01:00,1020,1020,1020,1020,1900
2022-12-01 10:02:00,1020,1020,1020,1020,0
2022-12-01 10:03:00,1020,1020,1020,1020,0
2022-12-01 10:04:00,1020,1020,1020,1020,0
2022-12-01 10:05:00,1025,1025,1025,1025,79300
2022-12-01 10:06:00,1025,1025,1025,1025,22100
2022-12-01 10:07:00,1025,1025,1025,1025,61200
2022-12-01 10:08:00,1025,1020,1025,1020,36100
2022-12-01 10:09:00,1025,1020,1025,1020,0
2022-12-01 10:10:00,1020,1020,1020,1020,14900
2022-12-01 10:11:00,1025,1025,1025,1025,2000
2022-12-01 10:12:00,1025,1025,1025,1025,2000
2022-12-01 10:13:00,1025,1025,1025,1025,0
2022-12-01 10:14:00,1025,1025,1025,1025,0
2022-12-01 10:15:00,1020,1020,1025,1025,3800
2022-12-01 10:16:00,1025,1020,1025,1025,9800
2022-12-01 10:17:00,1025,1020,1025,1025,0
2022-12-01 10:18:00,1025,1020,1025,1025,0
2022-12-01 10:19:00,1025,1020,1025,1025,0
2022-12-01 10:20:00,1025,1020,1025,1025,0
2022-12-01 10:21:00,1025,1020,1025,1025,0
2022-12-01 10:22:00,1025,1025,1025,1025,145400
2022-12-01 10:23:00,1025,1025,1025,1025,2600
2022-12-01 10:24:00,1025,1025,1025,1025,0
2022-12-01 10:25:00,1025,1025,1025,1025,30900
2022-12-01 10:26:00,1025,1025,1025,1025,0
2022-12-01 10:27:00,1025,1025,1025,1025,59900
2022-12-01 10:28:00,1025,1025,1025,1025,0
2022-12-01 10:29:00,1025,1025,1025,1025,9800
2022-12-01 10:30:00,1025,1025,1025,1025,3200
2022-12-01 10:31:00,1025,1025,1025,1025,17100
2022-12-01 10:32:00,1025,1025,1025,1025,0
2022-12-01 10:33:00,1025,1025,1025,1025,11900
2022-12-01 10:34:00,1025,1020,1025,1025,121500
2022-12-01 10:35:00,1025,1025,1025,1025,0
2022-12-01 10:36:00,1025,1025,1025,1025,13600
2022-12-01 10:37:00,1025,1025,1025,1025,0
2022-12-01 10:38:00,1025,1020,1025,1020,1300
2022-12-01 10:39:00,1020,1020,1020,1020,7500
2022-12-01 10:40:00,1020,1020,1020,1020,0
2022-12-01 10:41:00,1020,1020,1020,1020,0
2022-12-01 10:42:00,1020,1020,1020,1020,200
2022-12-01 10:43:00,1025,1025,1025,1025,27300
2022-12-01 10:44:00,1025,1020,1025,1020,43900
2022-12-01 10:45:00,1020,1020,1020,1020,0
2022-12-01 10:46:00,1025,1025,1025,1025,24900
2022-12-01 10:47:00,1025,1025,1025,1025,4900
2022-12-01 10:48:00,1025,1025,1025,1025,0
2022-12-01 10:49:00,1025,1025,1025,1025,0
2022-12-01 10:50:00,1025,1025,1025,1025,0
2022-12-01 10:51:00,1025,1025,1025,1025,294700
2022-12-01 10:52:00,1025,1025,1025,1025,296600
2022-12-01 10:53:00,1030,1025,1030,1030,0
2022-12-01 10:54:00,1030,1025,1030,1025,1300
2022-12-01 10:55:00,1030,1025,1030,1025,0
2022-12-01 10:56:00,1030,1030,1030,1030,200
2022-12-01 10:57:00,1030,1030,1030,1030,0
2022-12-01 10:58:00,1030,1030,1030,1030,20100
2022-12-01 10:59:00,1025,1025,1025,1025,700
2022-12-01 11:00:00,1030,1030,1030,1030,7600
2022-12-01 11:01:00,1030,1030,1030,1030,4500
2022-12-01 11:02:00,1025,1025,1025,1025,6600
2022-12-01 11:03:00,1030,1025,1030,1025,25400
2022-12-01 11:04:00,1030,1030,1030,1030,0
2022-12-01 11:05:00,1030,1030,1030,1030,0
2022-12-01 11:06:00,1030,1030,1030,1030,0
2022-12-01 11:07:00,1030,1030,1030,1030,0
2022-12-01 11:08:00,1030,1030,1030,1030,3000
2022-12-01 11:09:00,1030,1030,1030,1030,500
2022-12-01 11:10:00,1030,1025,1030,1025,532000
2022-12-01 11:11:00,1025,1025,1030,1030,0
2022-12-01 11:12:00,1025,1025,1025,1025,1300
2022-12-01 11:13:00,1025,1025,1025,1025,462000
2022-12-01 11:14:00,1025,1025,1030,1030,0
2022-12-01 11:15:00,1025,1025,1030,1030,0
2022-12-01 11:16:00,1025,1025,1025,1025,6100
2022-12-01 11:17:00,1025,1025,1025,1025,210900
2022-12-01 11:18:00,1025,1025,1025,1025,0
2022-12-01 11:19:00,1025,1025,1025,1025,0
2022-12-01 11:20:00,1025,1025,1025,1025,9100
2022-12-01 11:21:00,1025,1020,1025,1020,10000
2022-12-01 11:22:00,1025,1020,1025,1020,0
2022-12-01 11:23:00,1025,1025,1025,1025,311200
2022-12-01 11:24:00,1025,1025,1025,1025,1500
2022-12-01 11:25:00,1025,1025,1025,1025,2300
2022-12-01 11:26:00,1020,1020,1025,1025,351000
2022-12-01 11:27:00,1025,1025,1025,1025,175300
2022-12-01 11:28:00,1025,1025,1025,1025,0
2022-12-01 11:29:00,1025,1020,1025,1020,5000
2022-12-01 11:30:00,1025,1020,1025,1020,0
2022-12-01 11:31:00,1025,1020,1025,1020,0
2022-12-01 11:32:00,1025,1020,1025,1020,0
2022-12-01 11:33:00,1025,1020,1025,1020,0
2022-12-01 11:34:00,1025,1020,1025,1020,0
2022-12-01 11:35:00,1025,1020,1025,1020,0
2022-12-01 11:36:00,1025,1020,1025,1020,0
2022-12-01 11:37:00,1025,1020,1025,1020,0
2022-12-01 11:38:00,1025,1020,1025,1020,0
2022-12-01 11:39:00,1025,1020,1025,1020,0
2022-12-01 11:40:00,1025,1020,1025,1020,0
2022-12-01 11:41:00,1025,1020,1025,1020,0
2022-12-01 11:42:00,1025,1020,1025,1020,0
2022-12-01 11:43:00,1025,1020,1025,1020,0
2022-12-01 11:44:00,1025,1020,1025,1020,0
2022-12-01 11:45:00,1025,1020,1025,1020,0
2022-12-01 11:46:00,1025,1020,1025,1020,0
2022-12-01 11:47:00,1025,1020,1025,1020,0
2022-12-01 11:48:00,1025,1020,1025,1020,0
2022-12-01 11:49:00,1025,1020,1025,1020,0
2022-12-01 11:50:00,1025,1020,1025,1020,0
2022-12-01 11:51:00,1025,1020,1025,1020,0
2022-12-01 11:52:00,1025,1020,1025,1020,0
2022-12-01 11:53:00,1025,1020,1025,1020,0
2022-12-01 11:54:00,1025,1020,1025,1020,0
2022-12-01 11:55:00,1025,1020,1025,1020,0
2022-12-01 11:56:00,1025,1020,1025,1020,0
2022-12-01 11:57:00,1025,1020,1025,1020,0
2022-12-01 11:58:00,1025,1020,1025,1020,0
2022-12-01 11:59:00,1025,1020,1025,1020,0
2022-12-01 12:00:00,1025,1020,1025,1020,0
2022-12-01 12:01:00,1025,1020,1025,1020,0
2022-12-01 12:02:00,1025,1020,1025,1020,0
2022-12-01 12:03:00,1025,1020,1025,1020,0
2022-12-01 12:04:00,1025,1020,1025,1020,0
2022-12-01 12:05:00,1025,1020,1025,1020,0
2022-12-01 12:06:00,1025,1020,1025,1020,0
2022-12-01 12:07:00,1025,1020,1025,1020,0
2022-12-01 12:08:00,1025,1020,1025,1020,0
2022-12-01 12:09:00,1025,1020,1025,1020,0
2022-12-01 12:10:00,1025,1020,1025,1020,0
2022-12-01 12:11:00,1025,1020,1025,1020,0
2022-12-01 12:12:00,1025,1020,1025,1020,0
2022-12-01 12:13:00,1025,1020,1025,1020,0
2022-12-01 12:14:00,1025,1020,1025,1020,0
2022-12-01 12:15:00,1025,1020,1025,1020,0
2022-12-01 12:16:00,1025,1020,1025,1020,0
2022-12-01 12:17:00,1025,1020,1025,1020,0
2022-12-01 12:18:00,1025,1020,1025,1020,0
2022-12-01 12:19:00,1025,1020,1025,1020,0
2022-12-01 12:20:00,1025,1020,1025,1020,0
2022-12-01 12:21:00,1025,1020,1025,1020,0
2022-12-01 12:22:00,1025,1020,1025,1020,0
2022-12-01 12:23:00,1025,1020,1025,1020,0
2022-12-01 12:24:00,1025,1020,1025,1020,0
2022-12-01 12:25:00,1025,1020,1025,1020,0
2022-12-01 12:26:00,1025,1020,1025,1020,0
2022-12-01 12:27:00,1025,1020,1025,1020,0
2022-12-01 12:28:00,1025,1020,1025,1020,0
2022-12-01 12:29:00,1025,1020,1025,1020,0
2022-12-01 12:30:00,1025,1020,1025,1020,0
2022-12-01 12:31:00,1025,1020,1025,1020,0
2022-12-01 12:32:00,1025,1020,1025,1020,0
2022-12-01 12:33:00,1025,1020,1025,1020,0
2022-12-01 12:34:00,1025,1020,1025,1020,0
2022-12-01 12:35:00,1025,1020,1025,1020,0
2022-12-01 12:36:00,1025,1020,1025,1020,0
2022-12-01 12:37:00,1025,1020,1025,1020,0
2022-12-01 12:38:00,1025,1020,1025,1020,0
2022-12-01 12:39:00,1025,1020,1025,1020,0
2022-12-01 12:40:00,1025,1020,1025,1020,0
2022-12-01 12:41:00,1025,1020,1025,1020,0
2022-12-01 12:42:00,1025,1020,1025,1020,0
2022-12-01 12:43:00,1025,1020,1025,1020,0
2022-12-01 12:44:00,1025,1020,1025,1020,0
2022-12-01 12:45:00,1025,1020,1025,1020,0
2022-12-01 12:46:00,1025,1020,1025,1020,0
2022-12-01 12:47:00,1025,1020,1025,1020,0
2022-12-01 12:48:00,1025,1020,1025,1020,0
2022-12-01 12:49:00,1025,1020,1025,1020,0
2022-12-01 12:50:00,1025,1020,1025,1020,0
2022-12-01 12:51:00,1025,1020,1025,1020,0
2022-12-01 12:52:00,1025,1020,1025,1020,0
2022-12-01 12:53:00,1025,1020,1025,1020,0
2022-12-01 12:54:00,1025,1020,1025,1020,0
2022-12-01 12:55:00,1025,1020,1025,1020,0
2022-12-01 12:56:00,1025,1020,1025,1020,0
2022-12-01 12:57:00,1025,1020,1025,1020,0
2022-12-01 12:58:00,1025,1020,1025,1020,0
2022-12-01 12:59:00,1025,1020,1025,1020,0
2022-12-01 13:00:00,1025,1020,1025,1020,0
2022-12-01 13:01:00,1025,1020,1025,1020,0
2022-12-01 13:02:00,1025,1020,1025,1020,0
2022-12-01 13:03:00,1025,1020,1025,1020,0
2022-12-01 13:04:00,1025,1020,1025,1020,0
2022-12-01 13:05:00,1025,1020,1025,1020,0
2022-12-01 13:06:00,1025,1020,1025,1020,0
2022-12-01 13:07:00,1025,1020,1025,1020,0
2022-12-01 13:08:00,1025,1020,1025,1020,0
2022-12-01 13:09:00,1025,1020,1025,1020,0
2022-12-01 13:10:00,1025,1020,1025,1020,0
2022-12-01 13:11:00,1025,1020,1025,1020,0
2022-12-01 13:12:00,1025,1020,1025,1020,0
2022-12-01 13:13:00,1025,1020,1025,1020,0
2022-12-01 13:14:00,1025,1020,1025,1020,0
2022-12-01 13:15:00,1025,1020,1025,1020,0
2022-12-01 13:16:00,1025,1020,1025,1020,0
2022-12-01 13:17:00,1025,1020,1025,1020,0
2022-12-01 13:18:00,1025,1020,1025,1020,0
2022-12-01 13:19:00,1025,1020,1025,1020,0
2022-12-01 13:20:00,1025,1020,1025,1020,0
2022-12-01 13:21:00,1025,1020,1025,1020,0
2022-12-01 13:22:00,1025,1020,1025,1020,0
2022-12-01 13:23:00,1025,1020,1025,1020,0
2022-12-01 13:24:00,1025,1020,1025,1020,0
2022-12-01 13:25:00,1025,1020,1025,1020,0
2022-12-01 13:26:00,1025,1020,1025,1020,0
2022-12-01 13:27:00,1025,1020,1025,1020,0
2022-12-01 13:28:00,1025,1020,1025,1020,0
2022-12-01 13:29:00,1025,1020,1025,1020,0
2022-12-01 13:30:00,1020,1020,1025,1025,66600
2022-12-01 13:31:00,1025,1025,1025,1025,9000
2022-12-01 13:32:00,1025,1025,1025,1025,0
2022-12-01 13:33:00,1025,1025,1025,1025,200
2022-12-01 13:34:00,1025,1025,1025,1025,200
2022-12-01 13:35:00,1025,1025,1025,1025,0
2022-12-01 13:36:00,1025,1025,1025,1025,0
2022-12-01 13:37:00,1025,1025,1025,1025,200
2022-12-01 13:38:00,1025,1025,1025,1025,0
2022-12-01 13:39:00,1025,1025,1025,1025,7400
2022-12-01 13:40:00,1025,1025,1025,1025,2000
2022-12-01 13:41:00,1025,1025,1025,1025,0
2022-12-01 13:42:00,1025,1025,1025,1025,95800
2022-12-01 13:43:00,1025,1025,1025,1025,0
2022-12-01 13:44:00,1025,1025,1025,1025,0
2022-12-01 13:45:00,1025,1025,1025,1025,0
2022-12-01 13:46:00,1025,1020,1025,1025,70300
2022-12-01 13:47:00,1025,1020,1025,1025,0
2022-12-01 13:48:00,1025,1020,1025,1025,0
2022-12-01 13:49:00,1020,1020,1020,1020,0
2022-12-01 13:50:00,1020,1020,1020,1020,0
2022-12-01 13:51:00,1020,1020,1020,1020,178800
2022-12-01 13:52:00,1020,1020,1025,1025,14500
2022-12-01 13:53:00,1020,1020,1025,1020,31200
2022-12-01 13:54:00,1020,1020,1020,1020,61000
2022-12-01 13:55:00,1020,1020,1020,1020,0
2022-12-01 13:56:00,1020,1020,1020,1020,176600
2022-12-01 13:57:00,1020,1020,1020,1020,0
2022-12-01 13:58:00,1025,1025,1025,1025,0
2022-12-01 13:59:00,1025,1020,1025,1020,200
2022-12-01 14:00:00,1020,1020,1020,1020,10100
2022-12-01 14:01:00,1020,1020,1020,1020,424400
2022-12-01 14:02:00,1020,1020,1020,1020,38100
2022-12-01 14:03:00,1020,1020,1020,1020,22400
2022-12-01 14:04:00,1020,1020,1020,1020,1000
2022-12-01 14:05:00,1020,1020,1025,1025,111100
2022-12-01 14:06:00,1025,1020,1025,1020,284100
2022-12-01 14:07:00,1020,1020,1020,1020,124900
2022-12-01 14:08:00,1020,1020,1020,1020,0
2022-12-01 14:09:00,1020,1020,1020,1020,3600
2022-12-01 14:10:00,1020,1020,1020,1020,22300
2022-12-01 14:11:00,1020,1020,1025,1025,2600
2022-12-01 14:12:00,1025,1025,1025,1025,1000
2022-12-01 14:13:00,1025,1025,1025,1025,1000
2022-12-01 14:14:00,1025,1025,1025,1025,0
2022-12-01 14:15:00,1025,1020,1025,1020,10700
2022-12-01 14:16:00,1020,1020,1025,1025,100
2022-12-01 14:17:00,1025,1025,1030,1030,190400
2022-12-01 14:18:00,1025,1025,1030,1025,6500
2022-12-01 14:19:00,1025,1025,1030,1030,21900
2022-12-01 14:20:00,1025,1025,1030,1030,13400
2022-12-01 14:21:00,1030,1030,1030,1030,200
2022-12-01 14:22:00,1030,1030,1030,1030,0
2022-12-01 14:23:00,1025,1025,1030,1030,2700
2022-12-01 14:24:00,1025,1025,1030,1030,0
2022-12-01 14:25:00,1025,1025,1030,1030,2000
2022-12-01 14:26:00,1030,1030,1030,1030,787500
2022-12-01 14:27:00,1030,1030,1035,1035,900800
2022-12-01 14:28:00,1035,1035,1040,1035,175200
2022-12-01 14:29:00,1035,1035,1035,1035,67800
2022-12-01 14:30:00,1035,1035,1035,1035,186800
2022-12-01 14:31:00,1035,1030,1035,1035,21800
2022-12-01 14:32:00,1035,1035,1035,1035,900
2022-12-01 14:33:00,1035,1035,1035,1035,21500
2022-12-01 14:34:00,1030,1030,1035,1035,4100
2022-12-01 14:35:00,1035,1035,1040,1040,105400
2022-12-01 14:36:00,1040,1035,1040,1035,33000
2022-12-01 14:37:00,1040,1035,1040,1035,64200
2022-12-01 14:38:00,1035,1035,1035,1035,78700
2022-12-01 14:39:00,1035,1030,1035,1030,302200
2022-12-01 14:40:00,1025,1025,1025,1025,0
2022-12-01 14:41:00,1025,1025,1025,1025,200
2022-12-01 14:42:00,1030,1030,1030,1030,0
2022-12-01 14:43:00,1025,1025,1025,1025,12000
2022-12-01 14:44:00,1025,1025,1025,1025,67900
2022-12-01 14:45:00,1025,1025,1025,1025,0
2022-12-01 14:46:00,1025,1025,1030,1030,5500
2022-12-01 14:47:00,1030,1030,1030,1030,70000
2022-12-01 14:48:00,1025,1025,1030,1025,0
2022-12-01 14:49:00,1030,1030,1030,1030,331500
2022-12-01 14:50:00,1030,1030,1030,1030,0
2022-12-01 14:51:00,1030,1030,1030,1030,0
2022-12-01 14:52:00,1030,1030,1030,1030,0
2022-12-01 14:53:00,1030,1030,1030,1030,0
2022-12-01 14:54:00,1030,1030,1030,1030,0
2022-12-01 14:55:00,1030,1030,1030,1030,0
2022-12-01 14:56:00,1030,1030,1030,1030,0
2022-12-01 14:57:00,1030,1030,1030,1030,0
2022-12-01 14:58:00,1030,1030,1030,1030,0
2022-12-01 14:59:00,1030,1030,1030,1030,0
2022-12-01 15:00:00,1030,1030,1030,1030,317500
2022-12-01 15:01:00,1030,1030,1030,1030,52600
2022-12-01 15:02:00,1030,1030,1030,1030,0
2022-12-01 15:03:00,1030,1030,1030,1030,50600
2022-12-01 15:04:00,1030,1030,1030,1030,0
2022-12-01 15:05:00,1030,1030,1030,1030,4600
2022-12-01 15:06:00,1030,1030,1030,1030,0
2022-12-01 15:07:00,1030,1030,1030,1030,128100
2022-12-01 15:08:00,1030,1030,1030,1030,0
2022-12-01 15:09:00,1030,1030,1030,1030,40000
2022-12-01 15:10:00,1030,1030,1030,1030,0
2022-12-01 15:11:00,1030,1030,1030,1030,10900
2022-12-01 15:12:00,1030,1030,1030,1030,3200
2022-12-01 15:13:00,1030,1030,1030,1030,32664100
2022-12-01 15:14:00,1030,1030,1030,1030,0
2022-12-01 15:15:00,1030,1030,1030,1030,0
2022-12-01 15:16:00,1030,1030,1030,1030,0
2022-12-01 15:17:00,1030,1030,1030,1030,0
2022-12-01 15:18:00,1030,1030,1030,1030,0
2022-12-01 15:19:00,1030,1030,1030,1030,0
2022-12-01 15:20:00,1030,1030,1030,1030,0
2022-12-01 15:21:00,1030,1030,1030,1030,0
2022-12-01 15:22:00,1030,1030,1030,1030,0
2022-12-01 15:23:00,1030,1030,1030,1030,0
2022-12-01 15:24:00,1030,1030,1030,1030,0
2022-12-01 15:25:00,1030,1030,1030,1030,0
2022-12-01 15:26:00,1030,1030,1030,1030,0
2022-12-01 15:27:00,1030,1030,1030,1030,0
2022-12-01 15:28:00,1030,1030,1030,1030,0
2022-12-01 15:29:00,1030,1030,1030,1030,0
2022-12-01 15:30:00,1030,1030,1030,1030,0
2022-12-01 15:31:00,1030,1030,1030,1030,0
2022-12-01 15:32:00,1030,1030,1030,1030,0
2022-12-01 15:33:00,1030,1030,1030,1030,0
2022-12-01 15:34:00,1030,1030,1030,1030,0
2022-12-01 15:35:00,1030,1030,1030,1030,0
2022-12-01 15:36:00,1030,1030,1030,1030,0
2022-12-01 15:37:00,1030,1030,1030,1030,0
2022-12-01 15:38:00,1030,1030,1030,1030,0
2022-12-01 15:39:00,1030,1030,1030,1030,0
2022-12-01 15:40:00,1030,1030,1030,1030,0
2022-12-01 15:41:00,1030,1030,1030,1030,0
2022-12-01 15:42:00,1030,1030,1030,1030,0
2022-12-01 15:43:00,1030,1030,1030,1030,0
2022-12-01 15:44:00,1030,1030,1030,1030,0
2022-12-01 15:45:00,1030,1030,1030,1030,0
2022-12-01 15:46:00,1030,1030,1030,1030,0
2022-12-01 15:47:00,1030,1030,1030,1030,0
2022-12-01 15:48:00,1030,1030,1030,1030,0
2022-12-01 15:49:00,1030,1030,1030,1030,0
2022-12-01 15:50:00,1030,1030,1030,1030,0
2022-12-01 15:51:00,1030,1030,1030,1030,0
2022-12-01 15:52:00,1030,1030,1030,1030,0
2022-12-01 15:53:00,1030,1030,1030,1030,0
2022-12-01 15:54:00,1030,1030,1030,1030,0
2022-12-01 15:55:00,1030,1030,1030,1030,0
2022-12-01 15:56:00,1030,1030,1030,1030,0
2022-12-01 15:57:00,1030,1030,1030,1030,0
2022-12-01 15:58:00,1030,1030,1030,1030,0
2022-12-01 15:59:00,1030,1030,1030,1030,0
2022-12-02 09:00:00,1070,1015,1070,1030,0
2022-12-02 09:01:00,1030,1030,1030,1030,13400
2022-12-02 09:02:00,1030,1025,1030,1025,23700
2022-12-02 09:03:00,1025,1020,1025,1020,151800
2022-12-02 09:04:00,1020,1015,1020,1015,69600
2022-12-02 09:05:00,1020,1015,1020,1015,183000
2022-12-02 09:06:00,1015,1010,1015,1010,365500
2022-12-02 09:07:00,1010,1000,1015,1005,1015400
2022-12-02 09:08:00,1005,1000,1010,1005,101100
2022-12-02 09:09:00,1005,990,1005,990,830500
2022-12-02 09:10:00,995,990,1000,990,786100
2022-12-02 09:11:00,995,995,1000,1000,197600
2022-12-02 09:12:00,1000,1000,1005,1005,84200
2022-12-02 09:13:00,1005,1000,1005,1000,575200
2022-12-02 09:14:00,1000,1000,1000,1000,252800
2022-12-02 09:15:00,1000,995,1000,995,173200
2022-12-02 09:16:00,1000,1000,1000,1000,46900
2022-12-02 09:17:00,1000,995,1000,1000,117400
2022-12-02 09:18:00,1000,1000,1005,1005,12000
2022-12-02 09:19:00,1005,1000,1005,1000,375800
2022-12-02 09:20:00,1000,995,1000,995,474600
2022-12-02 09:21:00,995,995,1000,1000,135600
2022-12-02 09:22:00,1000,1000,1000,1000,5400
2022-12-02 09:23:00,1000,1000,1000,1000,102900
2022-12-02 09:24:00,1000,995,1000,1000,0
2022-12-02 09:25:00,1000,1000,1000,1000,5000
2022-12-02 09:26:00,1000,1000,1000,1000,2400
2022-12-02 09:27:00,995,995,1000,1000,29200
2022-12-02 09:28:00,995,995,1000,1000,7000
2022-12-02 09:29:00,1000,1000,1000,1000,1500
2022-12-02 09:30:00,995,995,1000,1000,22800
2022-12-02 09:31:00,995,995,995,995,7100
2022-12-02 09:32:00,1000,1000,1000,1000,9600
2022-12-02 09:33:00,1000,1000,1000,1000,32900
2022-12-02 09:34:00,1000,995,1000,1000,52000
2022-12-02 09:35:00,1000,1000,1000,1000,358400
2022-12-02 09:36:00,1000,1000,1000,1000,35500
2022-12-02 09:37:00,1000,995,1000,1000,105700
2022-12-02 09:38:00,995,995,1000,1000,83600
2022-12-02 09:39:00,1000,1000,1000,1000,11900
2022-12-02 09:40:00,995,995,995,995,0
2022-12-02 09:41:00,995,995,1000,995,33800
2022-12-02 09:42:00,995,995,995,995,315600
2022-12-02 09:43:00,995,995,1000,1000,13300
2022-12-02 09:44:00,1000,995,1000,1000,293700
2022-12-02 09:45:00,1000,995,1000,995,11600
2022-12-02 09:46:00,1000,990,1000,1000,2089300
2022-12-02 09:47:00,990,990,995,995,325400
2022-12-02 09:48:00,990,990,995,995,22900
2022-12-02 09:49:00,995,990,995,995,8600
2022-12-02 09:50:00,995,995,1000,995,135400
2022-12-02 09:51:00,995,995,995,995,37500
2022-12-02 09:52:00,995,990,995,995,13700
2022-12-02 09:53:00,995,990,995,990,6200
2022-12-02 09:54:00,990,990,995,995,58800
2022-12-02 09:55:00,995,990,995,990,773000
2022-12-02 09:56:00,990,990,990,990,53900
2022-12-02 09:57:00,990,985,990,985,207100
2022-12-02 09:58:00,990,990,990,990,1700
2022-12-02 09:59:00,985,985,990,985,115300
2022-12-02 10:00:00,990,985,990,985,61400
2022-12-02 10:01:00,990,985,990,990,252200
2022-12-02 10:02:00,985,985,990,990,12300
2022-12-02 10:03:00,990,980,990,985,368800
2022-12-02 10:04:00,980,980,985,985,39400
2022-12-02 10:05:00,980,980,980,980,260300
2022-12-02 10:06:00,985,980,985,980,353900
2022-12-02 10:07:00,980,975,980,975,223200
2022-12-02 10:08:00,975,975,980,980,100100
2022-12-02 10:09:00,975,970,980,975,893300
2022-12-02 10:10:00,975,970,975,970,630000
2022-12-02 10:11:00,975,970,975,975,39200
2022-12-02 10:12:00,975,970,975,975,92200
2022-12-02 10:13:00,975,970,975,975,73200
2022-12-02 10:14:00,975,970,975,975,35500
2022-12-02 10:15:00,975,970,975,975,12900
2022-12-02 10:16:00,975,970,975,975,45600
2022-12-02 10:17:00,975,970,975,970,154800
2022-12-02 10:18:00,970,970,975,970,0
2022-12-02 10:19:00,975,975,975,975,7000
2022-12-02 10:20:00,970,970,975,970,126500
2022-12-02 10:21:00,975,975,975,975,0
2022-12-02 10:22:00,970,970,975,975,70800
2022-12-02 10:23:00,975,970,975,970,497400
2022-12-02 10:24:00,970,970,975,975,64300
2022-12-02 10:25:00,975,970,975,975,15100
2022-12-02 10:26:00,975,970,975,975,56600
2022-12-02 10:27:00,975,970,975,975,5700
2022-12-02 10:28:00,975,970,975,975,3200
2022-12-02 10:29:00,975,970,975,970,315900
2022-12-02 10:30:00,975,970,975,975,112300
2022-12-02 10:31:00,975,975,975,975,35300
2022-12-02 10:32:00,975,970,975,970,1697800
2022-12-02 10:33:00,975,975,975,975,4800
2022-12-02 10:34:00,975,970,975,970,16900
2022-12-02 10:35:00,970,970,970,970,18100
2022-12-02 10:36:00,975,975,975,975,40300
2022-12-02 10:37:00,975,970,975,975,22300
2022-12-02 10:38:00,975,975,975,975,14200
2022-12-02 10:39:00,975,975,975,975,31900
2022-12-02 10:40:00,975,970,975,970,2800
2022-12-02 10:41:00,970,970,975,975,477400
2022-12-02 10:42:00,970,970,975,970,5600
2022-12-02 10:43:00,975,970,975,970,9400
2022-12-02 10:44:00,970,970,975,970,2600
2022-12-02 10:45:00,970,970,970,970,153100
2022-12-02 10:46:00,975,970,975,970,29300
2022-12-02 10:47:00,970,970,975,975,1200
2022-12-02 10:48:00,975,970,975,975,9000
2022-12-02 10:49:00,975,975,975,975,3300
2022-12-02 10:50:00,975,975,975,975,2200
2022-12-02 10:51:00,975,975,975,975,3000
2022-12-02 10:52:00,975,975,975,975,49700
2022-12-02 10:53:00,975,975,975,975,2500
2022-12-02 10:54:00,975,975,975,975,7300
2022-12-02 10:55:00,975,970,975,970,4200
2022-12-02 10:56:00,975,975,975,975,0
2022-12-02 10:57:00,970,970,975,975,21300
2022-12-02 10:58:00,975,970,975,975,5500
2022-12-02 10:59:00,975,970,975,970,4400
2022-12-02 11:00:00,970,970,970,970,5200
2022-12-02 11:01:00,975,970,975,975,6600
2022-12-02 11:02:00,975,975,975,975,520400
2022-12-02 11:03:00,970,970,975,975,0
2022-12-02 11:04:00,975,975,975,975,22200
2022-12-02 11:05:00,975,975,975,975,30700
2022-12-02 11:06:00,975,975,975,975,1600
2022-12-02 11:07:00,975,975,975,975,4500
2022-12-02 11:08:00,975,975,975,975,632400
2022-12-02 11:09:00,980,980,980,980,0
2022-12-02 11:10:00,980,975,980,975,3900
2022-12-02 11:11:00,975,975,980,980,119600
2022-12-02 11:12:00,980,975,980,980,509300
2022-12-02 11:13:00,980,975,980,980,564900
2022-12-02 11:14:00,985,985,985,985,0
2022-12-02 11:15:00,985,985,985,985,8900
2022-12-02 11:16:00,985,985,990,990,176600
2022-12-02 11:17:00,990,990,995,990,184200
2022-12-02 11:18:00,990,985,990,985,38300
2022-12-02 11:19:00,990,985,990,985,3600
2022-12-02 11:20:00,990,985,990,985,6100
2022-12-02 11:21:00,985,985,985,985,1200
2022-12-02 11:22:00,985,985,990,985,1000
2022-12-02 11:23:00,990,985,990,985,12400
2022-12-02 11:24:00,985,985,990,990,56300
2022-12-02 11:25:00,985,985,985,985,200
2022-12-02 11:26:00,990,990,990,990,900
2022-12-02 11:27:00,990,990,990,990,1500
2022-12-02 11:28:00,985,985,985,985,4700
2022-12-02 11:29:00,985,985,985,985,0
2022-12-02 11:30:00,985,985,985,985,0
2022-12-02 11:31:00,985,985,985,985,0
2022-12-02 11:32:00,985,985,985,985,0
2022-12-02 11:33:00,985,985,985,985,0
2022-12-02 11:34:00,985,985,985,985,0
2022-12-02 11:35:00,985,985,985,985,0
2022-12-02 11:36:00,985,985,985,985,0
2022-12-02 11:37:00,985,985,985,985,0
2022-12-02 11:38:00,985,985,985,985,0
2022-12-02 11:39:00,985,985,985,985,0
2022-12-02 11:40:00,985,985,985,985,0
2022-12-02 11:41:00,985,985,985,985,0
2022-12-02 11:42:00,985,985,985,985,0
2022-12-02 11:43:00,985,985,985,985,0
2022-12-02 11:44:00,985,985,985,985,0
2022-12-02 11:45:00,985,985,985,985,0
2022-12-02 11:46:00,985,985,985,985,0
2022-12-02 11:47:00,985,985,985,985,0
2022-12-02 11:48:00,985,985,985,985,0
2022-12-02 11:49:00,985,985,985,985,0
2022-12-02 11:50:00,985,985,985,985,0
2022-12-02 11:51:00,985,985,985,985,0
2022-12-02 11:52:00,985,985,985,985,0
2022-12-02 11:53:00,985,985,985,985,0
2022-12-02 11:54:00,985,985,985,985,0
2022-12-02 11:55:00,985,985,985,985,0
2022-12-02 11:56:00,985,985,985,985,0
2022-12-02 11:57:00,985,985,985,985,0
2022-12-02 11:58:00,985,985,985,985,0
2022-12-02 11:59:00,985,985,985,985,0
2022-12-02 12:00:00,985,985,985,985,0
2022-12-02 12:01:00,985,985,985,985,0
2022-12-02 12:02:00,985,985,985,985,0
2022-12-02 12:03:00,985,985,985,985,0
2022-12-02 12:04:00,985,985,985,985,0
2022-12-02 12:05:00,985,985,985,985,0
2022-12-02 12:06:00,985,985,985,985,0
2022-12-02 12:07:00,985,985,985,985,0
2022-12-02 12:08:00,985,985,985,985,0
2022-12-02 12:09:00,985,985,985,985,0
2022-12-02 12:10:00,985,985,985,985,0
2022-12-02 12:11:00,985,985,985,985,0
2022-12-02 12:12:00,985,985,985,985,0
2022-12-02 12:13:00,985,985,985,985,0
2022-12-02 12:14:00,985,985,985,985,0
2022-12-02 12:15:00,985,985,985,985,0
2022-12-02 12:16:00,985,985,985,985,0
2022-12-02 12:17:00,985,985,985,985,0
2022-12-02 12:18:00,985,985,985,985,0
2022-12-02 12:19:00,985,985,985,985,0
2022-12-02 12:20:00,985,985,985,985,0
2022-12-02 12:21:00,985,985,985,985,0
2022-12-02 12:22:00,985,985,985,985,0
2022-12-02 12:23:00,985,985,985,985,0
2022-12-02 12:24:00,985,985,985,985,0
2022-12-02 12:25:00,985,985,985,985,0
2022-12-02 12:26:00,985,985,985,985,0
2022-12-02 12:27:00,985,985,985,985,0
2022-12-02 12:28:00,985,985,985,985,0
2022-12-02 12:29:00,985,985,985,985,0
2022-12-02 12:30:00,985,985,985,985,0
2022-12-02 12:31:00,985,985,985,985,0
2022-12-02 12:32:00,985,985,985,985,0
2022-12-02 12:33:00,985,985,985,985,0
2022-12-02 12:34:00,985,985,985,985,0
2022-12-02 12:35:00,985,985,985,985,0
2022-12-02 12:36:00,985,985,985,985,0
2022-12-02 12:37:00,985,985,985,985,0
2022-12-02 12:38:00,985,985,985,985,0
2022-12-02 12:39:00,985,985,985,985,0
2022-12-02 12:40:00,985,985,985,985,0
2022-12-02 12:41:00,985,985,985,985,0
2022-12-02 12:42:00,985,985,985,985,0
2022-12-02 12:43:00,985,985,985,985,0
2022-12-02 12:44:00,985,985,985,985,0
2022-12-02 12:45:00,985,985,985,985,0
2022-12-02 12:46:00,985,985,985,985,0
2022-12-02 12:47:00,985,985,985,985,0
2022-12-02 12:48:00,985,985,985,985,0
2022-12-02 12:49:00,985,985,985,985,0
2022-12-02 12:50:00,985,985,985,985,0
2022-12-02 12:51:00,985,985,985,985,0
2022-12-02 12:52:00,985,985,985,985,0
2022-12-02 12:53:00,985,985,985,985,0
2022-12-02 12:54:00,985,985,985,985,0
2022-12-02 12:55:00,985,985,985,985,0
2022-12-02 12:56:00,985,985,985,985,0
2022-12-02 12:57:00,985,985,985,985,0
2022-12-02 12:58:00,985,985,985,985,0
2022-12-02 12:59:00,985,985,985,985,0
2022-12-02 13:00:00,985,985,985,985,0
2022-12-02 13:01:00,985,985,985,985,0
2022-12-02 13:02:00,985,985,985,985,0
2022-12-02 13:03:00,985,985,985,985,0
2022-12-02 13:04:00,985,985,985,985,0
2022-12-02 13:05:00,985,985,985,985,0
2022-12-02 13:06:00,985,985,985,985,0
2022-12-02 13:07:00,985,985,985,985,0
2022-12-02 13:08:00,985,985,985,985,0
2022-12-02 13:09:00,985,985,985,985,0
2022-12-02 13:10:00,985,985,985,985,0
2022-12-02 13:11:00,985,985,985,985,0
2022-12-02 13:12:00,985,985,985,985,0
2022-12-02 13:13:00,985,985,985,985,0
2022-12-02 13:14:00,985,985,985,985,0
2022-12-02 13:15:00,985,985,985,985,0
2022-12-02 13:16:00,985,985,985,985,0
2022-12-02 13:17:00,985,985,985,985,0
2022-12-02 13:18:00,985,985,985,985,0
2022-12-02 13:19:00,985,985,985,985,0
2022-12-02 13:20:00,985,985,985,985,0
2022-12-02 13:21:00,985,985,985,985,0
2022-12-02 13:22:00,985,985,985,985,0
2022-12-02 13:23:00,985,985,985,985,0
2022-12-02 13:24:00,985,985,985,985,0
2022-12-02 13:25:00,985,985,985,985,0
2022-12-02 13:26:00,985,985,985,985,0
2022-12-02 13:27:00,985,985,985,985,0
2022-12-02 13:28:00,985,985,985,985,0
2022-12-02 13:29:00,985,985,985,985,0
2022-12-02 13:30:00,990,985,995,990,156800
2022-12-02 13:31:00,990,990,990,990,0
2022-12-02 13:32:00,995,990,995,990,0
2022-12-02 13:33:00,990,990,990,990,75800
2022-12-02 13:34:00,990,990,990,990,77400
2022-12-02 13:35:00,990,990,990,990,42400
2022-12-02 13:36:00,990,990,990,990,34400
2022-12-02 13:37:00,990,985,990,990,58500
2022-12-02 13:38:00,990,990,990,990,18800
2022-12-02 13:39:00,990,990,990,990,200
2022-12-02 13:40:00,990,985,990,990,96300
2022-12-02 13:41:00,990,985,990,985,21500
2022-12-02 13:42:00,985,985,985,985,0
2022-12-02 13:43:00,990,990,990,990,200
2022-12-02 13:44:00,990,985,990,985,8000
2022-12-02 13:45:00,985,985,985,985,53400
2022-12-02 13:46:00,985,985,985,985,0
2022-12-02 13:47:00,985,985,985,985,1800
2022-12-02 13:48:00,990,985,990,985,1400
2022-12-02 13:49:00,990,985,990,985,0
2022-12-02 13:50:00,985,985,985,985,37500
2022-12-02 13:51:00,985,985,985,985,9900
2022-12-02 13:52:00,985,985,985,985,2100
2022-12-02 13:53:00,990,990,990,990,1400
2022-12-02 13:54:00,990,990,990,990,500
2022-12-02 13:55:00,990,990,990,990,17400
2022-12-02 13:56:00,985,985,985,985,0
2022-12-02 13:57:00,990,985,990,985,2500
2022-12-02 13:58:00,990,985,990,985,0
2022-12-02 13:59:00,985,985,985,985,19000
2022-12-02 14:00:00,985,985,985,985,40600
2022-12-02 14:01:00,985,980,985,985,742100
2022-12-02 14:02:00,985,980,985,980,67000
2022-12-02 14:03:00,980,980,980,980,0
2022-12-02 14:04:00,980,980,980,980,500
2022-12-02 14:05:00,985,980,985,980,1000
2022-12-02 14:06:00,985,980,985,985,35100
2022-12-02 14:07:00,985,985,985,985,18200
2022-12-02 14:08:00,980,980,980,980,0
2022-12-02 14:09:00,980,980,985,980,84700
2022-12-02 14:10:00,985,980,985,980,46400
2022-12-02 14:11:00,985,980,985,980,0
2022-12-02 14:12:00,985,985,985,985,0
2022-12-02 14:13:00,985,980,985,980,11100
2022-12-02 14:14:00,985,985,985,985,7400
2022-12-02 14:15:00,980,980,985,985,14300
2022-12-02 14:16:00,985,985,985,985,50700
2022-12-02 14:17:00,985,985,985,985,1700
2022-12-02 14:18:00,985,985,985,985,33400
2022-12-02 14:19:00,980,980,980,980,400
2022-12-02 14:20:00,980,980,980,980,33900
2022-12-02 14:21:00,985,985,985,985,0
2022-12-02 14:22:00,980,980,985,985,600
2022-12-02 14:23:00,985,980,985,980,47300
2022-12-02 14:24:00,985,985,985,985,0
2022-12-02 14:25:00,985,985,985,985,103300
2022-12-02 14:26:00,985,985,985,985,0
2022-12-02 14:27:00,985,980,985,980,278600
2022-12-02 14:28:00,980,980,980,980,3000
2022-12-02 14:29:00,980,980,980,980,0
2022-12-02 14:30:00,980,980,980,980,25800
2022-12-02 14:31:00,980,980,980,980,0
2022-12-02 14:32:00,980,975,985,975,394500
2022-12-02 14:33:00,980,980,985,980,72200
2022-12-02 14:34:00,980,975,980,980,81600
2022-12-02 14:35:00,980,980,980,980,600
2022-12-02 14:36:00,980,980,980,980,7000
2022-12-02 14:37:00,980,980,980,980,500
2022-12-02 14:38:00,975,975,975,975,2800
2022-12-02 14:39:00,975,975,980,980,162800
2022-12-02 14:40:00,975,975,980,980,49200
2022-12-02 14:41:00,980,975,980,975,23300
2022-12-02 14:42:00,975,975,980,975,0
2022-12-02 14:43:00,975,975,975,975,211100
2022-12-02 14:44:00,975,975,980,980,0
2022-12-02 14:45:00,980,975,980,980,14300
2022-12-02 14:46:00,975,975,980,975,50400
2022-12-02 14:47:00,975,975,980,975,42900
2022-12-02 14:48:00,975,975,980,980,69700
2022-12-02 14:49:00,980,975,980,980,31000
2022-12-02 14:50:00,980,975,980,980,0
2022-12-02 14:51:00,980,975,980,980,0
2022-12-02 14:52:00,980,975,980,980,0
2022-12-02 14:53:00,980,975,980,980,0
2022-12-02 14:54:00,980,975,980,980,0
2022-12-02 14:55:00,980,975,980,980,0
2022-12-02 14:56:00,980,975,980,980,0
2022-12-02 14:57:00,980,975,980,980,0
2022-12-02 14:58:00,980,975,980,980,0
2022-12-02 14:59:00,980,975,980,980,0
2022-12-02 15:00:00,980,980,980,980,1609100
2022-12-02 15:01:00,980,980,980,980,0
2022-12-02 15:02:00,980,980,980,980,3500
2022-12-02 15:03:00,980,980,980,980,9100
2022-12-02 15:04:00,980,980,980,980,2200
2022-12-02 15:05:00,980,980,980,980,0
2022-12-02 15:06:00,980,980,980,980,1000
2022-12-02 15:07:00,980,980,980,980,0
2022-12-02 15:08:00,980,980,980,980,0
2022-12-02 15:09:00,980,980,980,980,0
2022-12-02 15:10:00,980,980,980,980,0
2022-12-02 15:11:00,980,980,980,980,0
2022-12-02 15:12:00,980,980,980,980,0
2022-12-02 15:13:00,980,980,980,980,0
2022-12-02 15:14:00,980,980,980,980,0
2022-12-02 15:15:00,980,980,980,980,0
2022-12-02 15:16:00,980,980,980,980,0
2022-12-02 15:17:00,980,980,980,980,0
2022-12-02 15:18:00,980,980,980,980,0
2022-12-02 15:19:00,980,980,980,980,0
2022-12-02 15:20:00,980,980,980,980,0
2022-12-02 15:21:00,980,980,980,980,0
2022-12-02 15:22:00,980,980,980,980,0
2022-12-02 15:23:00,980,980,980,980,0
2022-12-02 15:24:00,980,980,980,980,0
2022-12-02 15:25:00,980,980,980,980,0
2022-12-02 15:26:00,980,980,980,980,0
2022-12-02 15:27:00,980,980,980,980,0
2022-12-02 15:28:00,980,980,980,980,0
2022-12-02 15:29:00,980,980,980,980,0
2022-12-02 15:30:00,980,980,980,980,0
2022-12-02 15:31:00,980,980,980,980,0
2022-12-02 15:32:00,980,980,980,980,0
2022-12-02 15:33:00,980,980,980,980,0
2022-12-02 15:34:00,980,980,980,980,0
2022-12-02 15:35:00,980,980,980,980,0
2022-12-02 15:36:00,980,980,980,980,0
2022-12-02 15:37:00,980,980,980,980,0
2022-12-02 15:38:00,980,980,980,980,0
2022-12-02 15:39:00,980,980,980,980,0
2022-12-02 15:40:00,980,980,980,980,0
2022-12-02 15:41:00,980,980,980,980,0
2022-12-02 15:42:00,980,980,980,980,0
2022-12-02 15:43:00,980,980,980,980,0
2022-12-02 15:44:00,980,980,980,980,0
2022-12-02 15:45:00,980,980,980,980,0
2022-12-02 15:46:00,980,980,980,980,0
2022-12-02 15:47:00,980,980,980,980,0
2022-12-02 15:48:00,980,980,980,980,0
2022-12-02 15:49:00,980,980,980,980,0
2022-12-02 15:50:00,980,980,980,980,0
2022-12-02 15:51:00,980,980,980,980,0
2022-12-02 15:52:00,980,980,980,980,0
2022-12-02 15:53:00,980,980,980,980,0
2022-12-02 15:54:00,980,980,980,980,0
2022-12-02 15:55:00,980,980,980,980,0
2022-12-02 15:56:00,980,980,980,980,0
2022-12-02 15:57:00,980,980,980,980,0
2022-12-02 15:58:00,980,980,980,980,0
2022-12-02 15:59:00,980,980,980,980,0
2022-12-05 09:00:00,975,970,980,970,0
2022-12-05 09:01:00,970,970,975,975,37000
2022-12-05 09:02:00,980,975,980,975,21200
2022-12-05 09:03:00,975,975,975,975,54300
2022-12-05 09:04:00,975,975,975,975,5100
2022-12-05 09:05:00,975,975,980,975,13800
2022-12-05 09:06:00,975,975,975,975,20300
2022-12-05 09:07:00,975,975,980,980,1800
2022-12-05 09:08:00,980,975,980,975,7300
2022-12-05 09:09:00,975,960,980,970,460300
2022-12-05 09:10:00,975,975,975,975,7100
2022-12-05 09:11:00,975,975,975,975,0
2022-12-05 09:12:00,975,975,975,975,3200
2022-12-05 09:13:00,970,970,975,975,7700
2022-12-05 09:14:00,975,970,975,970,5800
2022-12-05 09:15:00,970,970,975,975,0
2022-12-05 09:16:00,975,975,975,975,15400
2022-12-05 09:17:00,975,975,975,975,3900
2022-12-05 09:18:00,975,975,975,975,7700
2022-12-05 09:19:00,975,975,975,975,1700
2022-12-05 09:20:00,975,975,975,975,7500
2022-12-05 09:21:00,975,975,975,975,4800
2022-12-05 09:22:00,975,975,975,975,18000
2022-12-05 09:23:00,975,975,975,975,9500
2022-12-05 09:24:00,975,975,975,975,0
2022-12-05 09:25:00,975,975,975,975,13100
2022-12-05 09:26:00,975,975,975,975,700
2022-12-05 09:27:00,980,980,980,980,1000
2022-12-05 09:28:00,980,975,980,975,3100
2022-12-05 09:29:00,975,975,980,975,5600
2022-12-05 09:30:00,975,975,980,975,0
2022-12-05 09:31:00,975,975,975,975,200
2022-12-05 09:32:00,980,975,980,975,21100
2022-12-05 09:33:00,975,975,980,975,35200
2022-12-05 09:34:00,980,980,980,980,15500
2022-12-05 09:35:00,975,975,975,975,200
2022-12-05 09:36:00,980,980,980,980,0
2022-12-05 09:37:00,980,975,980,975,10500
2022-12-05 09:38:00,975,975,980,975,22500
2022-12-05 09:39:00,980,975,980,975,9700
2022-12-05 09:40:00,975,975,975,975,15700
2022-12-05 09:41:00,980,975,980,975,300
2022-12-05 09:42:00,980,980,980,980,12400
2022-12-05 09:43:00,980,980,980,980,0
2022-12-05 09:44:00,975,975,980,975,32400
2022-12-05 09:45:00,980,975,980,975,189200
2022-12-05 09:46:00,975,975,975,975,11000
2022-12-05 09:47:00,975,970,975,975,11400
2022-12-05 09:48:00,970,970,975,970,0
2022-12-05 09:49:00,975,970,975,975,29300
2022-12-05 09:50:00,970,970,970,970,6400
2022-12-05 09:51:00,975,970,975,970,2800
2022-12-05 09:52:00,975,975,975,975,0
2022-12-05 09:53:00,975,975,975,975,300
2022-12-05 09:54:00,975,975,975,975,3400
2022-12-05 09:55:00,975,975,975,975,0
2022-12-05 09:56:00,975,975,975,975,600
2022-12-05 09:57:00,970,970,975,975,6800
2022-12-05 09:58:00,970,970,975,975,0
2022-12-05 09:59:00,975,970,975,975,33600
2022-12-05 10:00:00,970,970,975,970,42900
2022-12-05 10:01:00,975,975,975,975,1500
2022-12-05 10:02:00,975,975,975,975,87800
2022-12-05 10:03:00,975,975,975,975,100
2022-12-05 10:04:00,975,970,975,975,3900
2022-12-05 10:05:00,975,970,975,970,2700
2022-12-05 10:06:00,970,970,975,975,258800
2022-12-05 10:07:00,975,975,975,975,16900
2022-12-05 10:08:00,975,975,975,975,11400
2022-12-05 10:09:00,970,970,975,975,85100
2022-12-05 10:10:00,975,975,975,975,0
2022-12-05 10:11:00,975,975,975,975,0
2022-12-05 10:12:00,975,970,975,970,29900
2022-12-05 10:13:00,970,970,970,970,11800
2022-12-05 10:14:00,970,970,970,970,0
2022-12-05 10:15:00,970,970,970,970,3300
2022-12-05 10:16:00,970,970,970,970,19500
2022-12-05 10:17:00,970,970,970,970,0
2022-12-05 10:18:00,970,970,975,975,20600
2022-12-05 10:19:00,970,970,970,970,0
2022-12-05 10:20:00,970,970,970,970,0
2022-12-05 10:21:00,970,970,970,970,1200
2022-12-05 10:22:00,970,970,970,970,3000
2022-12-05 10:23:00,975,970,975,970,27400
2022-12-05 10:24:00,975,970,975,970,0
2022-12-05 10:25:00,975,970,975,970,0
2022-12-05 10:26:00,975,970,975,970,0
2022-12-05 10:27:00,975,970,975,970,0
2022-12-05 10:28:00,970,970,970,970,10300
2022-12-05 10:29:00,970,970,970,970,0
2022-12-05 10:30:00,970,970,970,970,0
2022-12-05 10:31:00,970,970,970,970,11200
2022-12-05 10:32:00,975,970,975,975,300
2022-12-05 10:33:00,975,970,975,970,47800
2022-12-05 10:34:00,970,970,975,975,0
2022-12-05 10:35:00,970,970,975,975,0
2022-12-05 10:36:00,970,970,975,975,0
2022-12-05 10:37:00,970,970,970,970,13900
2022-12-05 10:38:00,970,970,970,970,0
2022-12-05 10:39:00,970,970,970,970,0
2022-12-05 10:40:00,970,970,970,970,0
2022-12-05 10:41:00,970,970,975,975,700
2022-12-05 10:42:00,975,975,975,975,3100
2022-12-05 10:43:00,970,970,970,970,8700
2022-12-05 10:44:00,975,970,975,970,23900
2022-12-05 10:45:00,975,970,975,970,0
2022-12-05 10:46:00,975,970,975,970,0
2022-12-05 10:47:00,970,970,970,970,0
2022-12-05 10:48:00,970,970,970,970,0
2022-12-05 10:49:00,970,970,970,970,0
2022-12-05 10:50:00,970,970,970,970,40400
2022-12-05 10:51:00,970,970,970,970,400
2022-12-05 10:52:00,970,970,975,975,3000
2022-12-05 10:53:00,975,970,975,970,9900
2022-12-05 10:54:00,975,975,975,975,0
2022-12-05 10:55:00,970,970,970,970,10500
2022-12-05 10:56:00,970,970,975,975,19100
2022-12-05 10:57:00,975,975,975,975,0
2022-12-05 10:58:00,970,970,970,970,3700
2022-12-05 10:59:00,970,970,970,970,26500
2022-12-05 11:00:00,975,970,975,970,0
2022-12-05 11:01:00,975,970,975,970,900
2022-12-05 11:02:00,970,970,970,970,20200
2022-12-05 11:03:00,975,970,975,970,20000
2022-12-05 11:04:00,970,970,970,970,3600
2022-12-05 11:05:00,975,975,975,975,300
2022-12-05 11:06:00,975,970,975,970,18500
2022-12-05 11:07:00,975,970,975,970,0
2022-12-05 11:08:00,970,970,970,970,200
2022-12-05 11:09:00,970,970,970,970,3900
2022-12-05 11:10:00,970,970,970,970,0
2022-12-05 11:11:00,970,970,970,970,200
2022-12-05 11:12:00,970,970,970,970,0
2022-12-05 11:13:00,970,970,970,970,0
2022-12-05 11:14:00,975,970,975,970,222500
2022-12-05 11:15:00,970,970,970,970,0
2022-12-05 11:16:00,975,970,975,970,1600
2022-12-05 11:17:00,970,970,970,970,39900
2022-12-05 11:18:00,970,970,970,970,0
2022-12-05 11:19:00,970,970,970,970,0
2022-12-05 11:20:00,970,970,970,970,81700
2022-12-05 11:21:00,975,975,975,975,1000
2022-12-05 11:22:00,975,975,975,975,0
2022-12-05 11:23:00,975,975,975,975,0
2022-12-05 11:24:00,975,975,975,975,400
2022-12-05 11:25:00,975,975,975,975,0
2022-12-05 11:26:00,975,975,975,975,0
2022-12-05 11:27:00,975,975,975,975,0
2022-12-05 11:28:00,975,975,975,975,0
2022-12-05 11:29:00,970,970,970,970,3700
2022-12-05 11:30:00,970,970,970,970,0
2022-12-05 11:31:00,970,970,970,970,0
2022-12-05 11:32:00,970,970,970,970,0
2022-12-05 11:33:00,970,970,970,970,0
2022-12-05 11:34:00,970,970,970,970,0
2022-12-05 11:35:00,970,970,970,970,0
2022-12-05 11:36:00,970,970,970,970,0
2022-12-05 11:37:00,970,970,970,970,0
2022-12-05 11:38:00,970,970,970,970,0
2022-12-05 11:39:00,970,970,970,970,0
2022-12-05 11:40:00,970,970,970,970,0
2022-12-05 11:41:00,970,970,970,970,0
2022-12-05 11:42:00,970,970,970,970,0
2022-12-05 11:43:00,970,970,970,970,0
2022-12-05 11:44:00,970,970,970,970,0
2022-12-05 11:45:00,970,970,970,970,0
2022-12-05 11:46:00,970,970,970,970,0
2022-12-05 11:47:00,970,970,970,970,0
2022-12-05 11:48:00,970,970,970,970,0
2022-12-05 11:49:00,970,970,970,970,0
2022-12-05 11:50:00,970,970,970,970,0
2022-12-05 11:51:00,970,970,970,970,0
2022-12-05 11:52:00,970,970,970,970,0
2022-12-05 11:53:00,970,970,970,970,0
2022-12-05 11:54:00,970,970,970,970,0
2022-12-05 11:55:00,970,970,970,970,0
2022-12-05 11:56:00,970,970,970,970,0
2022-12-05 11:57:00,970,970,970,970,0
2022-12-05 11:58:00,970,970,970,970,0
2022-12-05 11:59:00,970,970,970,970,0
2022-12-05 12:00:00,970,970,970,970,0
2022-12-05 12:01:00,970,970,970,970,0
2022-12-05 12:02:00,970,970,970,970,0
2022-12-05 12:03:00,970,970,970,970,0
2022-12-05 12:04:00,970,970,970,970,0
2022-12-05 12:05:00,970,970,970,970,0
2022-12-05 12:06:00,970,970,970,970,0
2022-12-05 12:07:00,970,970,970,970,0
2022-12-05 12:08:00,970,970,970,970,0
2022-12-05 12:09:00,970,970,970,970,0
2022-12-05 12:10:00,970,970,970,970,0
2022-12-05 12:11:00,970,970,970,970,0
2022-12-05 12:12:00,970,970,970,970,0
2022-12-05 12:13:00,970,970,970,970,0
2022-12-05 12:14:00,970,970,970,970,0
2022-12-05 12:15:00,970,970,970,970,0
2022-12-05 12:16:00,970,970,970,970,0
2022-12-05 12:17:00,970,970,970,970,0
2022-12-05 12:18:00,970,970,970,970,0
2022-12-05 12:19:00,970,970,970,970,0
2022-12-05 12:20:00,970,970,970,970,0
2022-12-05 12:21:00,970,970,970,970,0
2022-12-05 12:22:00,970,970,970,970,0
2022-12-05 12:23:00,970,970,970,970,0
2022-12-05 12:24:00,970,970,970,970,0
2022-12-05 12:25:00,970,970,970,970,0
2022-12-05 12:26:00,970,970,970,970,0
2022-12-05 12:27:00,970,970,970,970,0
2022-12-05 12:28:00,970,970,970,970,0
2022-12-05 12:29:00,970,970,970,970,0
2022-12-05 12:30:00,970,970,970,970,0
2022-12-05 12:31:00,970,970,970,970,0
2022-12-05 12:32:00,970,970,970,970,0
2022-12-05 12:33:00,970,970,970,970,0
2022-12-05 12:34:00,970,970,970,970,0
2022-12-05 12:35:00,970,970,970,970,0
2022-12-05 12:36:00,970,970,970,970,0
2022-12-05 12:37:00,970,970,970,970,0
2022-12-05 12:38:00,970,970,970,970,0
2022-12-05 12:39:00,970,970,970,970,0
2022-12-05 12:40:00,970,970,970,970,0
2022-12-05 12:41:00,970,970,970,970,0
2022-12-05 12:42:00,970,970,970,970,0
2022-12-05 12:43:00,970,970,970,970,0
2022-12-05 12:44:00,970,970,970,970,0
2022-12-05 12:45:00,970,970,970,970,0
2022-12-05 12:46:00,970,970,970,970,0
2022-12-05 12:47:00,970,970,970,970,0
2022-12-05 12:48:00,970,970,970,970,0
2022-12-05 12:49:00,970,970,970,970,0
2022-12-05 12:50:00,970,970,970,970,0
2022-12-05 12:51:00,970,970,970,970,0
2022-12-05 12:52:00,970,970,970,970,0
2022-12-05 12:53:00,970,970,970,970,0
2022-12-05 12:54:00,970,970,970,970,0
2022-12-05 12:55:00,970,970,970,970,0
2022-12-05 12:56:00,970,970,970,970,0
2022-12-05 12:57:00,970,970,970,970,0
2022-12-05 12:58:00,970,970,970,970,0
2022-12-05 12:59:00,970,970,970,970,0
2022-12-05 13:00:00,970,970,970,970,0
2022-12-05 13:01:00,970,970,970,970,0
2022-12-05 13:02:00,970,970,970,970,0
2022-12-05 13:03:00,970,970,970,970,0
2022-12-05 13:04:00,970,970,970,970,0
2022-12-05 13:05:00,970,970,970,970,0
2022-12-05 13:06:00,970,970,970,970,0
2022-12-05 13:07:00,970,970,970,970,0
2022-12-05 13:08:00,970,970,970,970,0
2022-12-05 13:09:00,970,970,970,970,0
2022-12-05 13:10:00,970,970,970,970,0
2022-12-05 13:11:00,970,970,970,970,0
2022-12-05 13:12:00,970,970,970,970,0
2022-12-05 13:13:00,970,970,970,970,0
2022-12-05 13:14:00,970,970,970,970,0
2022-12-05 13:15:00,970,970,970,970,0
2022-12-05 13:16:00,970,970,970,970,0
2022-12-05 13:17:00,970,970,970,970,0
2022-12-05 13:18:00,970,970,970,970,0
2022-12-05 13:19:00,970,970,970,970,0
2022-12-05 13:20:00,970,970,970,970,0
2022-12-05 13:21:00,970,970,970,970,0
2022-12-05 13:22:00,970,970,970,970,0
2022-12-05 13:23:00,970,970,970,970,0
2022-12-05 13:24:00,970,970,970,970,0
2022-12-05 13:25:00,970,970,970,970,0
2022-12-05 13:26:00,970,970,970,970,0
2022-12-05 13:27:00,970,970,970,970,0
2022-12-05 13:28:00,970,970,970,970,0
2022-12-05 13:29:00,970,970,970,970,0
2022-12-05 13:30:00,970,970,975,970,181400
2022-12-05 13:31:00,970,970,970,970,71000
2022-12-05 13:32:00,975,975,975,975,117600
2022-12-05 13:33:00,970,970,970,970,0
2022-12-05 13:34:00,970,970,970,970,1900
2022-12-05 13:35:00,970,970,970,970,900
2022-12-05 13:36:00,970,970,975,975,371400
2022-12-05 13:37:00,975,975,975,975,1056200
2022-12-05 13:38:00,980,980,980,980,0
2022-12-05 13:39:00,975,975,975,975,0
2022-12-05 13:40:00,975,975,975,975,3100
2022-12-05 13:41:00,975,975,975,975,9100
2022-12-05 13:42:00,975,975,975,975,0
2022-12-05 13:43:00,975,975,975,975,100
2022-12-05 13:44:00,975,975,975,975,0
2022-12-05 13:45:00,975,975,975,975,0
2022-12-05 13:46:00,980,980,980,980,246300
2022-12-05 13:47:00,980,980,980,980,0
2022-12-05 13:48:00,980,980,980,980,2700
2022-12-05 13:49:00,975,975,980,980,32400
2022-12-05 13:50:00,975,975,975,975,400
2022-12-05 13:51:00,980,980,980,980,2000
2022-12-05 13:52:00,980,980,980,980,0
2022-12-05 13:53:00,980,980,980,980,500
2022-12-05 13:54:00,980,980,980,980,9700
2022-12-05 13:55:00,980,980,980,980,60100
2022-12-05 13:56:00,980,975,980,975,1600
2022-12-05 13:57:00,980,975,980,975,0
2022-12-05 13:58:00,975,975,975,975,19300
2022-12-05 13:59:00,975,975,975,975,409100
2022-12-05 14:00:00,970,970,970,970,14200
2022-12-05 14:01:00,975,975,975,975,2400
2022-12-05 14:02:00,975,975,975,975,0
2022-12-05 14:03:00,975,975,975,975,0
2022-12-05 14:04:00,970,970,975,975,600
2022-12-05 14:05:00,975,975,975,975,11000
2022-12-05 14:06:00,970,965,970,965,1490600
2022-12-05 14:07:00,965,960,965,960,838900
2022-12-05 14:08:00,955,955,960,955,1254200
2022-12-05 14:09:00,955,955,960,960,0
2022-12-05 14:10:00,960,955,960,955,167600
2022-12-05 14:11:00,960,955,960,955,122900
2022-12-05 14:12:00,955,955,960,955,489400
2022-12-05 14:13:00,955,950,955,955,2297400
2022-12-05 14:14:00,950,945,950,950,270100
2022-12-05 14:15:00,950,950,955,950,1328500
2022-12-05 14:16:00,950,950,955,950,1434100
2022-12-05 14:17:00,950,950,955,955,393000
2022-12-05 14:18:00,955,950,965,965,194100
2022-12-05 14:19:00,955,955,960,960,30900
2022-12-05 14:20:00,960,955,960,960,5000
2022-12-05 14:21:00,965,965,965,965,45000
2022-12-05 14:22:00,960,950,960,950,485500
2022-12-05 14:23:00,955,955,955,955,0
2022-12-05 14:24:00,955,955,965,955,32000
2022-12-05 14:25:00,950,950,955,955,189000
2022-12-05 14:26:00,950,950,955,955,0
2022-12-05 14:27:00,955,955,955,955,305100
2022-12-05 14:28:00,960,960,960,960,0
2022-12-05 14:29:00,965,955,965,955,286900
2022-12-05 14:30:00,955,950,955,950,1576400
2022-12-05 14:31:00,955,950,955,950,761300
2022-12-05 14:32:00,950,945,955,950,1941500
2022-12-05 14:33:00,950,950,955,950,367900
2022-12-05 14:34:00,950,950,955,955,16900
2022-12-05 14:35:00,950,950,955,950,290500
2022-12-05 14:36:00,955,955,955,955,0
2022-12-05 14:37:00,955,950,955,950,997400
2022-12-05 14:38:00,945,940,950,950,1468000
2022-12-05 14:39:00,950,945,955,950,1839300
2022-12-05 14:40:00,950,950,955,950,1712900
2022-12-05 14:41:00,950,950,960,950,1283400
2022-12-05 14:42:00,945,945,950,950,1604100
2022-12-05 14:43:00,950,940,950,940,846300
2022-12-05 14:44:00,940,940,945,940,1288000
2022-12-05 14:45:00,935,930,950,950,5476900
2022-12-05 14:46:00,950,935,950,945,764700
2022-12-05 14:47:00,945,945,960,950,1573500
2022-12-05 14:48:00,950,940,955,955,328400
2022-12-05 14:49:00,955,950,955,950,1414400
2022-12-05 14:50:00,955,950,955,950,0
2022-12-05 14:51:00,955,950,955,950,0
2022-12-05 14:52:00,955,950,955,950,0
2022-12-05 14:53:00,955,950,955,950,0
2022-12-05 14:54:00,955,950,955,950,0
2022-12-05 14:55:00,955,950,955,950,0
2022-12-05 14:56:00,955,950,955,950,0
2022-12-05 14:57:00,955,950,955,950,0
2022-12-05 14:58:00,955,950,955,950,0
2022-12-05 14:59:00,955,950,955,950,0
2022-12-05 15:00:00,980,980,980,980,2004200
2022-12-05 15:01:00,980,980,980,980,6200
2022-12-05 15:02:00,980,980,980,980,22100
2022-12-05 15:03:00,980,980,980,980,0
2022-12-05 15:04:00,980,980,980,980,18500
2022-12-05 15:05:00,980,980,980,980,62800
2022-12-05 15:06:00,980,980,980,980,1600
2022-12-05 15:07:00,980,980,980,980,4300
2022-12-05 15:08:00,980,980,980,980,0
2022-12-05 15:09:00,980,980,980,980,10000
2022-12-05 15:10:00,980,980,980,980,4600
2022-12-05 15:11:00,980,980,980,980,0
2022-12-05 15:12:00,980,980,980,980,100
2022-12-05 15:13:00,980,980,980,980,1800
2022-12-05 15:14:00,980,980,980,980,0
2022-12-05 15:15:00,980,980,980,980,0
2022-12-05 15:16:00,980,980,980,980,0
2022-12-05 15:17:00,980,980,980,980,0
2022-12-05 15:18:00,980,980,980,980,0
2022-12-05 15:19:00,980,980,980,980,0
2022-12-05 15:20:00,980,980,980,980,0
2022-12-05 15:21:00,980,980,980,980,0
2022-12-05 15:22:00,980,980,980,980,0
2022-12-05 15:23:00,980,980,980,980,0
2022-12-05 15:24:00,980,980,980,980,0
2022-12-05 15:25:00,980,980,980,980,0
2022-12-05 15:26:00,980,980,980,980,0
2022-12-05 15:27:00,980,980,980,980,0
2022-12-05 15:28:00,980,980,980,980,0
2022-12-05 15:29:00,980,980,980,980,0
2022-12-05 15:30:00,980,980,980,980,0
2022-12-05 15:31:00,980,980,980,980,0
2022-12-05 15:32:00,980,980,980,980,0
2022-12-05 15:33:00,980,980,980,980,0
2022-12-05 15:34:00,980,980,980,980,0
2022-12-05 15:35:00,980,980,980,980,0
2022-12-05 15:36:00,980,980,980,980,0
2022-12-05 15:37:00,980,980,980,980,0
2022-12-05 15:38:00,980,980,980,980,0
2022-12-05 15:39:00,980,980,980,980,0
2022-12-05 15:40:00,980,980,980,980,0
2022-12-05 15:41:00,980,980,980,980,0
2022-12-05 15:42:00,980,980,980,980,0
2022-12-05 15:43:00,980,980,980,980,0
2022-12-05 15:44:00,980,980,980,980,0
2022-12-05 15:45:00,980,980,980,980,0
2022-12-05 15:46:00,980,980,980,980,0
2022-12-05 15:47:00,980,980,980,980,0
2022-12-05 15:48:00,980,980,980,980,0
2022-12-05 15:49:00,980,980,980,980,0
2022-12-05 15:50:00,980,980,980,980,0
2022-12-05 15:51:00,980,980,980,980,0
2022-12-05 15:52:00,980,980,980,980,0
2022-12-05 15:53:00,980,980,980,980,0
2022-12-05 15:54:00,980,980,980,980,0
2022-12-05 15:55:00,980,980,980,980,0
2022-12-05 15:56:00,980,980,980,980,0
2022-12-05 15:57:00,980,980,980,980,0
2022-12-05 15:58:00,980,980,980,980,0
2022-12-05 15:59:00,980,980,980,980,0
2022-12-06 09:00:00,970,960,975,970,291200
2022-12-06 09:01:00,970,965,970,965,28400
2022-12-06 09:02:00,965,960,965,965,26700
2022-12-06 09:03:00,965,965,965,965,22500
2022-12-06 09:04:00,965,965,975,975,75800
2022-12-06 09:05:00,975,970,975,970,43300
2022-12-06 09:06:00,970,965,970,970,60100
2022-12-06 09:07:00,970,970,970,970,39700
2022-12-06 09:08:00,965,965,970,970,0
2022-12-06 09:09:00,965,965,965,965,594200
2022-12-06 09:10:00,965,965,965,965,8700
2022-12-06 09:11:00,965,960,965,960,134900
2022-12-06 09:12:00,960,960,965,960,84100
2022-12-06 09:13:00,960,960,965,960,0
2022-12-06 09:14:00,960,960,960,960,0
2022-12-06 09:15:00,965,965,965,965,4200
2022-12-06 09:16:00,965,965,965,965,32200
2022-12-06 09:17:00,965,965,965,965,0
2022-12-06 09:18:00,965,965,970,970,13900
2022-12-06 09:19:00,965,965,965,965,51000
2022-12-06 09:20:00,965,965,965,965,21300
2022-12-06 09:21:00,960,960,965,965,55800
2022-12-06 09:22:00,960,960,965,965,0
2022-12-06 09:23:00,965,965,965,965,4900
2022-12-06 09:24:00,960,960,965,965,1100
2022-12-06 09:25:00,965,960,965,965,109200
2022-12-06 09:26:00,965,965,965,965,18900
2022-12-06 09:27:00,965,965,965,965,72700
2022-12-06 09:28:00,965,965,965,965,49400
2022-12-06 09:29:00,965,965,965,965,1600
2022-12-06 09:30:00,965,965,965,965,500
2022-12-06 09:31:00,965,965,965,965,11100
2022-12-06 09:32:00,965,965,965,965,0
2022-12-06 09:33:00,965,965,970,970,9400
2022-12-06 09:34:00,965,965,970,970,21500
2022-12-06 09:35:00,965,965,965,965,7100
2022-12-06 09:36:00,965,965,965,965,0
2022-12-06 09:37:00,965,965,970,970,13100
2022-12-06 09:38:00,965,965,970,970,65200
2022-12-06 09:39:00,975,970,975,970,2000
2022-12-06 09:40:00,970,970,970,970,5500
2022-12-06 09:41:00,970,970,970,970,15300
2022-12-06 09:42:00,965,965,965,965,400
2022-12-06 09:43:00,965,965,970,970,3100
2022-12-06 09:44:00,970,970,970,970,5500
2022-12-06 09:45:00,965,965,970,970,0
2022-12-06 09:46:00,970,970,970,970,4700
2022-12-06 09:47:00,965,965,970,970,500
2022-12-06 09:48:00,970,970,970,970,6400
2022-12-06 09:49:00,970,970,970,970,5400
2022-12-06 09:50:00,965,965,970,970,24300
2022-12-06 09:51:00,970,970,970,970,11500
2022-12-06 09:52:00,970,970,970,970,15700
2022-12-06 09:53:00,970,970,970,970,1000
2022-12-06 09:54:00,970,970,970,970,44000
2022-12-06 09:55:00,970,965,970,965,1100
2022-12-06 09:56:00,975,975,975,975,1000
2022-12-06 09:57:00,975,975,975,975,0
2022-12-06 09:58:00,970,965,970,970,7300
2022-12-06 09:59:00,970,970,975,975,211500
2022-12-06 10:00:00,975,975,975,975,0
2022-12-06 10:01:00,975,975,975,975,9600
2022-12-06 10:02:00,975,975,975,975,200
2022-12-06 10:03:00,975,975,975,975,0
2022-12-06 10:04:00,975,975,975,975,2800
2022-12-06 10:05:00,975,975,975,975,1300
2022-12-06 10:06:00,975,975,975,975,0
2022-12-06 10:07:00,970,970,970,970,200
2022-12-06 10:08:00,970,970,970,970,23600
2022-12-06 10:09:00,970,970,970,970,0
2022-12-06 10:10:00,970,970,970,970,0
2022-12-06 10:11:00,970,970,970,970,0
2022-12-06 10:12:00,970,970,970,970,7000
2022-12-06 10:13:00,970,970,970,970,4900
2022-12-06 10:14:00,970,970,970,970,1800
2022-12-06 10:15:00,970,965,970,965,167200
2022-12-06 10:16:00,965,965,970,970,400
2022-12-06 10:17:00,965,965,965,965,9500
2022-12-06 10:18:00,965,965,965,965,38200
2022-12-06 10:19:00,965,965,970,970,0
2022-12-06 10:20:00,970,970,970,970,400
2022-12-06 10:21:00,965,965,965,965,1100
2022-12-06 10:22:00,965,965,965,965,0
2022-12-06 10:23:00,965,965,965,965,0
2022-12-06 10:24:00,965,965,965,965,400
2022-12-06 10:25:00,965,965,965,965,10700
2022-12-06 10:26:00,970,970,970,970,1000
2022-12-06 10:27:00,970,970,970,970,0
2022-12-06 10:28:00,965,965,965,965,13900
2022-12-06 10:29:00,965,965,965,965,0
2022-12-06 10:30:00,965,965,970,970,563600
2022-12-06 10:31:00,970,970,970,970,0
2022-12-06 10:32:00,970,965,970,965,2400
2022-12-06 10:33:00,965,965,965,965,1800
2022-12-06 10:34:00,965,965,965,965,0
2022-12-06 10:35:00,965,965,965,965,0
2022-12-06 10:36:00,965,965,965,965,99000
2022-12-06 10:37:00,965,965,965,965,3000
2022-12-06 10:38:00,965,965,965,965,1200
2022-12-06 10:39:00,965,965,965,965,0
2022-12-06 10:40:00,965,965,965,965,1007100
2022-12-06 10:41:00,965,965,965,965,0
2022-12-06 10:42:00,970,970,970,970,1049500
2022-12-06 10:43:00,970,970,975,970,1165000
2022-12-06 10:44:00,975,975,975,975,966100
2022-12-06 10:45:00,975,975,975,975,9600
2022-12-06 10:46:00,970,970,970,970,0
2022-12-06 10:47:00,975,970,975,975,563700
2022-12-06 10:48:00,975,975,975,975,900
2022-12-06 10:49:00,975,975,980,980,26500
2022-12-06 10:50:00,975,975,975,975,50200
2022-12-06 10:51:00,975,975,975,975,0
2022-12-06 10:52:00,975,975,975,975,19900
2022-12-06 10:53:00,970,970,970,970,1800
2022-12-06 10:54:00,970,970,970,970,0
2022-12-06 10:55:00,975,970,975,970,74900
2022-12-06 10:56:00,975,970,975,970,0
2022-12-06 10:57:00,970,970,970,970,0
2022-12-06 10:58:00,975,975,975,975,0
2022-12-06 10:59:00,975,975,975,975,0
2022-12-06 11:00:00,975,975,975,975,900
2022-12-06 11:01:00,975,975,975,975,0
2022-12-06 11:02:00,975,975,975,975,0
2022-12-06 11:03:00,975,975,975,975,0
2022-12-06 11:04:00,975,975,975,975,0
2022-12-06 11:05:00,975,975,975,975,0
2022-12-06 11:06:00,975,975,975,975,46100
2022-12-06 11:07:00,975,975,975,975,0
2022-12-06 11:08:00,970,970,970,970,2000
2022-12-06 11:09:00,975,975,975,975,0
2022-12-06 11:10:00,975,975,975,975,0
2022-12-06 11:11:00,975,975,975,975,0
2022-12-06 11:12:00,975,975,975,975,0
2022-12-06 11:13:00,975,975,975,975,0
2022-12-06 11:14:00,975,975,975,975,0
2022-12-06 11:15:00,975,975,975,975,0
2022-12-06 11:16:00,975,975,975,975,0
2022-12-06 11:17:00,975,975,975,975,2600
2022-12-06 11:18:00,975,970,975,970,9800
2022-12-06 11:19:00,975,975,975,975,2500
2022-12-06 11:20:00,970,970,975,975,3400
2022-12-06 11:21:00,975,975,975,975,2900
2022-12-06 11:22:00,975,975,975,975,17300
2022-12-06 11:23:00,975,975,975,975,7000
2022-12-06 11:24:00,975,975,975,975,0
2022-12-06 11:25:00,975,975,975,975,0
2022-12-06 11:26:00,975,975,975,975,5000
2022-12-06 11:27:00,970,970,975,975,13400
2022-12-06 11:28:00,975,975,975,975,1100
2022-12-06 11:29:00,975,975,975,975,0
2022-12-06 11:30:00,975,975,975,975,0
2022-12-06 11:31:00,975,975,975,975,0
2022-12-06 11:32:00,975,975,975,975,0
2022-12-06 11:33:00,975,975,975,975,0
2022-12-06 11:34:00,975,975,975,975,0
2022-12-06 11:35:00,975,975,975,975,0
2022-12-06 11:36:00,975,975,975,975,0
2022-12-06 11:37:00,975,975,975,975,0
2022-12-06 11:38:00,975,975,975,975,0
2022-12-06 11:39:00,975,975,975,975,0
2022-12-06 11:40:00,975,975,975,975,0
2022-12-06 11:41:00,975,975,975,975,0
2022-12-06 11:42:00,975,975,975,975,0
2022-12-06 11:43:00,975,975,975,975,0
2022-12-06 11:44:00,975,975,975,975,0
2022-12-06 11:45:00,975,975,975,975,0
2022-12-06 11:46:00,975,975,975,975,0
2022-12-06 11:47:00,975,975,975,975,0
2022-12-06 11:48:00,975,975,975,975,0
2022-12-06 11:49:00,975,975,975,975,0
2022-12-06 11:50:00,975,975,975,975,0
2022-12-06 11:51:00,975,975,975,975,0
2022-12-06 11:52:00,975,975,975,975,0
2022-12-06 11:53:00,975,975,975,975,0
2022-12-06 11:54:00,975,975,975,975,0
2022-12-06 11:55:00,975,975,975,975,0
2022-12-06 11:56:00,975,975,975,975,0
2022-12-06 11:57:00,975,975,975,975,0
2022-12-06 11:58:00,975,975,975,975,0
2022-12-06 11:59:00,975,975,975,975,0
2022-12-06 12:00:00,975,975,975,975,0
2022-12-06 12:01:00,975,975,975,975,0
2022-12-06 12:02:00,975,975,975,975,0
2022-12-06 12:03:00,975,975,975,975,0
2022-12-06 12:04:00,975,975,975,975,0
2022-12-06 12:05:00,975,975,975,975,0
2022-12-06 12:06:00,975,975,975,975,0
2022-12-06 12:07:00,975,975,975,975,0
2022-12-06 12:08:00,975,975,975,975,0
2022-12-06 12:09:00,975,975,975,975,0
2022-12-06 12:10:00,975,975,975,975,0
2022-12-06 12:11:00,975,975,975,975,0
2022-12-06 12:12:00,975,975,975,975,0
2022-12-06 12:13:00,975,975,975,975,0
2022-12-06 12:14:00,975,975,975,975,0
2022-12-06 12:15:00,975,975,975,975,0
2022-12-06 12:16:00,975,975,975,975,0
2022-12-06 12:17:00,975,975,975,975,0
2022-12-06 12:18:00,975,975,975,975,0
2022-12-06 12:19:00,975,975,975,975,0
2022-12-06 12:20:00,975,975,975,975,0
2022-12-06 12:21:00,975,975,975,975,0
2022-12-06 12:22:00,975,975,975,975,0
2022-12-06 12:23:00,975,975,975,975,0
2022-12-06 12:24:00,975,975,975,975,0
2022-12-06 12:25:00,975,975,975,975,0
2022-12-06 12:26:00,975,975,975,975,0
2022-12-06 12:27:00,975,975,975,975,0
2022-12-06 12:28:00,975,975,975,975,0
2022-12-06 12:29:00,975,975,975,975,0
2022-12-06 12:30:00,975,975,975,975,0
2022-12-06 12:31:00,975,975,975,975,0
2022-12-06 12:32:00,975,975,975,975,0
2022-12-06 12:33:00,975,975,975,975,0
2022-12-06 12:34:00,975,975,975,975,0
2022-12-06 12:35:00,975,975,975,975,0
2022-12-06 12:36:00,975,975,975,975,0
2022-12-06 12:37:00,975,975,975,975,0
2022-12-06 12:38:00,975,975,975,975,0
2022-12-06 12:39:00,975,975,975,975,0
2022-12-06 12:40:00,975,975,975,975,0
2022-12-06 12:41:00,975,975,975,975,0
2022-12-06 12:42:00,975,975,975,975,0
2022-12-06 12:43:00,975,975,975,975,0
2022-12-06 12:44:00,975,975,975,975,0
2022-12-06 12:45:00,975,975,975,975,0
2022-12-06 12:46:00,975,975,975,975,0
2022-12-06 12:47:00,975,975,975,975,0
2022-12-06 12:48:00,975,975,975,975,0
2022-12-06 12:49:00,975,975,975,975,0
2022-12-06 12:50:00,975,975,975,975,0
2022-12-06 12:51:00,975,975,975,975,0
2022-12-06 12:52:00,975,975,975,975,0
2022-12-06 12:53:00,975,975,975,975,0
2022-12-06 12:54:00,975,975,975,975,0
2022-12-06 12:55:00,975,975,975,975,0
2022-12-06 12:56:00,975,975,975,975,0
2022-12-06 12:57:00,975,975,975,975,0
2022-12-06 12:58:00,975,975,975,975,0
2022-12-06 12:59:00,975,975,975,975,0
2022-12-06 13:00:00,975,975,975,975,0
2022-12-06 13:01:00,975,975,975,975,0
2022-12-06 13:02:00,975,975,975,975,0
2022-12-06 13:03:00,975,975,975,975,0
2022-12-06 13:04:00,975,975,975,975,0
2022-12-06 13:05:00,975,975,975,975,0
2022-12-06 13:06:00,975,975,975,975,0
2022-12-06 13:07:00,975,975,975,975,0
2022-12-06 13:08:00,975,975,975,975,0
2022-12-06 13:09:00,975,975,975,975,0
2022-12-06 13:10:00,975,975,975,975,0
2022-12-06 13:11:00,975,975,975,975,0
2022-12-06 13:12:00,975,975,975,975,0
2022-12-06 13:13:00,975,975,975,975,0
2022-12-06 13:14:00,975,975,975,975,0
2022-12-06 13:15:00,975,975,975,975,0
2022-12-06 13:16:00,975,975,975,975,0
2022-12-06 13:17:00,975,975,975,975,0
2022-12-06 13:18:00,975,975,975,975,0
2022-12-06 13:19:00,975,975,975,975,0
2022-12-06 13:20:00,975,975,975,975,0
2022-12-06 13:21:00,975,975,975,975,0
2022-12-06 13:22:00,975,975,975,975,0
2022-12-06 13:23:00,975,975,975,975,0
2022-12-06 13:24:00,975,975,975,975,0
2022-12-06 13:25:00,975,975,975,975,0
2022-12-06 13:26:00,975,975,975,975,0
2022-12-06 13:27:00,975,975,975,975,0
2022-12-06 13:28:00,975,975,975,975,0
2022-12-06 13:29:00,975,975,975,975,0
2022-12-06 13:30:00,980,975,995,975,2014800
2022-12-06 13:31:00,985,985,995,990,536800
2022-12-06 13:32:00,990,990,995,990,41500
2022-12-06 13:33:00,990,985,990,985,25200
2022-12-06 13:34:00,990,985,990,985,60800
2022-12-06 13:35:00,980,980,985,985,9800
2022-12-06 13:36:00,985,985,985,985,9900
2022-12-06 13:37:00,985,985,985,985,39400
2022-12-06 13:38:00,985,985,985,985,40800
2022-12-06 13:39:00,985,985,985,985,6000
2022-12-06 13:40:00,985,985,985,985,6700
2022-12-06 13:41:00,985,985,985,985,800
2022-12-06 13:42:00,990,990,990,990,1000
2022-12-06 13:43:00,985,985,990,990,13100
2022-12-06 13:44:00,990,990,990,990,17400
2022-12-06 13:45:00,990,985,990,990,38500
2022-12-06 13:46:00,990,985,990,985,1500
2022-12-06 13:47:00,990,990,990,990,86100
2022-12-06 13:48:00,990,990,990,990,29200
2022-12-06 13:49:00,990,980,990,980,266800
2022-12-06 13:50:00,985,975,985,980,584900
2022-12-06 13:51:00,980,970,980,970,695400
2022-12-06 13:52:00,970,970,975,970,1192100
2022-12-06 13:53:00,970,970,975,975,0
2022-12-06 13:54:00,975,975,975,975,11400
2022-12-06 13:55:00,975,970,975,970,6700
2022-12-06 13:56:00,970,970,970,970,1500
2022-12-06 13:57:00,970,970,970,970,0
2022-12-06 13:58:00,970,970,970,970,0
2022-12-06 13:59:00,970,970,970,970,0
2022-12-06 14:00:00,970,970,970,970,11300
2022-12-06 14:01:00,970,970,970,970,0
2022-12-06 14:02:00,970,970,970,970,0
2022-12-06 14:03:00,970,970,970,970,0
2022-12-06 14:04:00,970,970,975,975,500
2022-12-06 14:05:00,975,975,975,975,1000
2022-12-06 14:06:00,975,970,975,975,505800
2022-12-06 14:07:00,980,975,980,975,29200
2022-12-06 14:08:00,975,975,975,975,217500
2022-12-06 14:09:00,975,975,975,975,19200
2022-12-06 14:10:00,975,975,975,975,0
2022-12-06 14:11:00,975,970,975,970,4300
2022-12-06 14:12:00,975,970,975,970,0
2022-12-06 14:13:00,975,970,975,970,0
2022-12-06 14:14:00,970,970,970,970,28100
2022-12-06 14:15:00,970,970,970,970,0
2022-12-06 14:16:00,970,970,970,970,8200
2022-12-06 14:17:00,970,970,970,970,0
2022-12-06 14:18:00,970,970,970,970,0
2022-12-06 14:19:00,970,970,970,970,0
2022-12-06 14:20:00,970,970,970,970,0
2022-12-06 14:21:00,970,970,970,970,0
2022-12-06 14:22:00,970,970,970,970,0
2022-12-06 14:23:00,975,975,975,975,306600
2022-12-06 14:24:00,975,975,975,975,0
2022-12-06 14:25:00,975,975,975,975,1000
2022-12-06 14:26:00,975,975,975,975,64500
2022-12-06 14:27:00,970,970,970,970,223700
2022-12-06 14:28:00,965,965,970,965,14200
2022-12-06 14:29:00,965,965,970,970,76200
2022-12-06 14:30:00,965,965,965,965,1700
2022-12-06 14:31:00,965,965,965,965,11100
2022-12-06 14:32:00,965,965,965,965,0
2022-12-06 14:33:00,965,965,965,965,21400
2022-12-06 14:34:00,965,965,965,965,20000
2022-12-06 14:35:00,965,965,970,970,0
2022-12-06 14:36:00,965,965,965,965,500
2022-12-06 14:37:00,965,965,965,965,188400
2022-12-06 14:38:00,965,965,965,965,337600
2022-12-06 14:39:00,965,965,970,970,0
2022-12-06 14:40:00,965,965,970,970,12200
2022-12-06 14:41:00,965,965,970,970,4000
2022-12-06 14:42:00,965,965,970,970,5500
2022-12-06 14:43:00,965,965,965,965,1400
2022-12-06 14:44:00,965,965,965,965,24400
2022-12-06 14:45:00,970,970,970,970,4500
2022-12-06 14:46:00,965,965,965,965,73100
2022-12-06 14:47:00,970,965,970,970,12900
2022-12-06 14:48:00,970,965,970,965,47600
2022-12-06 14:49:00,965,965,965,965,10000
2022-12-06 14:50:00,965,965,965,965,0
2022-12-06 14:51:00,965,965,965,965,0
2022-12-06 14:52:00,965,965,965,965,0
2022-12-06 14:53:00,965,965,965,965,0
2022-12-06 14:54:00,965,965,965,965,0
2022-12-06 14:55:00,965,965,965,965,0
2022-12-06 14:56:00,965,965,965,965,0
2022-12-06 14:57:00,965,965,965,965,0
2022-12-06 14:58:00,965,965,965,965,0
2022-12-06 14:59:00,965,965,965,965,0
2022-12-06 15:00:00,960,960,960,960,2971400
2022-12-06 15:01:00,960,960,960,960,53600
2022-12-06 15:02:00,960,960,960,960,0
2022-12-06 15:03:00,960,960,960,960,24600
2022-12-06 15:04:00,960,960,960,960,2491500
2022-12-06 15:05:00,960,960,960,960,29100
2022-12-06 15:06:00,960,960,960,960,0
2022-12-06 15:07:00,960,960,960,960,2100
2022-12-06 15:08:00,960,960,960,960,0
2022-12-06 15:09:00,960,960,960,960,800
2022-12-06 15:10:00,960,960,960,960,0
2022-12-06 15:11:00,960,960,960,960,300
2022-12-06 15:12:00,960,960,960,960,900
2022-12-06 15:13:00,960,960,960,960,0
2022-12-06 15:14:00,960,960,960,960,0
2022-12-06 15:15:00,960,960,960,960,0
2022-12-06 15:16:00,960,960,960,960,0
2022-12-06 15:17:00,960,960,960,960,0
2022-12-06 15:18:00,960,960,960,960,0
2022-12-06 15:19:00,960,960,960,960,0
2022-12-06 15:20:00,960,960,960,960,0
2022-12-06 15:21:00,960,960,960,960,0
2022-12-06 15:22:00,960,960,960,960,0
2022-12-06 15:23:00,960,960,960,960,0
2022-12-06 15:24:00,960,960,960,960,0
2022-12-06 15:25:00,960,960,960,960,0
2022-12-06 15:26:00,960,960,960,960,0
2022-12-06 15:27:00,960,960,960,960,0
2022-12-06 15:28:00,960,960,960,960,0
2022-12-06 15:29:00,960,960,960,960,0
2022-12-06 15:30:00,960,960,960,960,0
2022-12-06 15:31:00,960,960,960,960,0
2022-12-06 15:32:00,960,960,960,960,0
2022-12-06 15:33:00,960,960,960,960,0
2022-12-06 15:34:00,960,960,960,960,0
2022-12-06 15:35:00,960,960,960,960,0
2022-12-06 15:36:00,960,960,960,960,0
2022-12-06 15:37:00,960,960,960,960,0
2022-12-06 15:38:00,960,960,960,960,0
2022-12-06 15:39:00,960,960,960,960,0
2022-12-06 15:40:00,960,960,960,960,0
2022-12-06 15:41:00,960,960,960,960,0
2022-12-06 15:42:00,960,960,960,960,0
2022-12-06 15:43:00,960,960,960,960,0
2022-12-06 15:44:00,960,960,960,960,0
2022-12-06 15:45:00,960,960,960,960,0
2022-12-06 15:46:00,960,960,960,960,0
2022-12-06 15:47:00,960,960,960,960,0
2022-12-06 15:48:00,960,960,960,960,0
2022-12-06 15:49:00,960,960,960,960,0
2022-12-06 15:50:00,960,960,960,960,0
2022-12-06 15:51:00,960,960,960,960,0
2022-12-06 15:52:00,960,960,960,960,0
2022-12-06 15:53:00,960,960,960,960,0
2022-12-06 15:54:00,960,960,960,960,0
2022-12-06 15:55:00,960,960,960,960,0
2022-12-06 15:56:00,960,960,960,960,0
2022-12-06 15:57:00,960,960,960,960,0
2022-12-06 15:58:00,960,960,960,960,0
2022-12-06 15:59:00,960,960,960,960,0
2022-12-07 09:00:00,955,955,955,955,200100
2022-12-07 09:01:00,955,950,955,955,43700
2022-12-07 09:02:00,950,950,955,955,65400
2022-12-07 09:03:00,955,955,955,955,90600
2022-12-07 09:04:00,950,950,955,955,26000
2022-12-07 09:05:00,955,950,955,955,6300
2022-12-07 09:06:00,955,950,955,950,0
2022-12-07 09:07:00,950,950,955,955,13300
2022-12-07 09:08:00,955,950,955,955,116800
2022-12-07 09:09:00,950,950,955,955,2600
2022-12-07 09:10:00,955,950,955,950,43000
2022-12-07 09:11:00,950,950,955,950,46400
2022-12-07 09:12:00,950,950,955,955,18900
2022-12-07 09:13:00,955,950,955,955,14600
2022-12-07 09:14:00,955,955,955,955,11000
2022-12-07 09:15:00,955,955,955,955,0
2022-12-07 09:16:00,955,955,955,955,71300
2022-12-07 09:17:00,955,955,955,955,0
2022-12-07 09:18:00,955,955,955,955,0
2022-12-07 09:19:00,960,955,960,955,0
2022-12-07 09:20:00,960,960,960,960,18000
2022-12-07 09:21:00,955,955,955,955,90000
2022-12-07 09:22:00,955,955,955,955,0
2022-12-07 09:23:00,955,955,955,955,0
2022-12-07 09:24:00,955,955,955,955,35800
2022-12-07 09:25:00,955,955,955,955,17400
2022-12-07 09:26:00,960,960,960,960,0
2022-12-07 09:27:00,960,960,960,960,800
2022-12-07 09:28:00,955,955,955,955,4400
2022-12-07 09:29:00,955,955,955,955,800
2022-12-07 09:30:00,955,955,955,955,2100
2022-12-07 09:31:00,960,960,960,960,2300
2022-12-07 09:32:00,960,960,960,960,0
2022-12-07 09:33:00,960,955,960,955,24200
2022-12-07 09:34:00,955,955,955,955,121300
2022-12-07 09:35:00,955,955,960,960,11200
2022-12-07 09:36:00,960,960,960,960,19900
2022-12-07 09:37:00,960,955,960,960,21600
2022-12-07 09:38:00,960,955,960,955,13300
2022-12-07 09:39:00,960,960,960,960,0
2022-12-07 09:40:00,960,960,960,960,2300
2022-12-07 09:41:00,955,955,955,955,11500
2022-12-07 09:42:00,955,955,955,955,0
2022-12-07 09:43:00,955,955,960,960,0
2022-12-07 09:44:00,960,955,960,960,360600
2022-12-07 09:45:00,960,955,960,960,0
2022-12-07 09:46:00,960,960,960,960,0
2022-12-07 09:47:00,955,955,955,955,900
2022-12-07 09:48:00,955,955,955,955,10000
2022-12-07 09:49:00,955,955,960,960,6700
2022-12-07 09:50:00,955,955,960,960,0
2022-12-07 09:51:00,960,960,960,960,3700
2022-12-07 09:52:00,960,955,960,955,3600
2022-12-07 09:53:00,955,955,955,955,1000
2022-12-07 09:54:00,955,955,955,955,18700
2022-12-07 09:55:00,955,955,955,955,1400
2022-12-07 09:56:00,955,955,955,955,101100
2022-12-07 09:57:00,955,955,955,955,0
2022-12-07 09:58:00,955,955,955,955,55300
2022-12-07 09:59:00,955,955,960,960,59400
2022-12-07 10:00:00,955,955,960,960,0
2022-12-07 10:01:00,955,955,955,955,41000
2022-12-07 10:02:00,955,955,955,955,0
2022-12-07 10:03:00,950,950,950,950,14000
2022-12-07 10:04:00,955,950,955,955,2700
2022-12-07 10:05:00,955,950,955,950,900
2022-12-07 10:06:00,955,955,955,955,1200
2022-12-07 10:07:00,950,950,950,950,28300
2022-12-07 10:08:00,950,950,950,950,41400
2022-12-07 10:09:00,950,950,950,950,98000
2022-12-07 10:10:00,950,950,950,950,0
2022-12-07 10:11:00,950,950,950,950,0
2022-12-07 10:12:00,950,950,955,955,1000
2022-12-07 10:13:00,950,950,950,950,18100
2022-12-07 10:14:00,950,950,955,955,0
2022-12-07 10:15:00,955,955,955,955,100
2022-12-07 10:16:00,955,950,955,955,68000
2022-12-07 10:17:00,955,950,955,950,57900
2022-12-07 10:18:00,950,950,950,950,900
2022-12-07 10:19:00,950,950,950,950,15100
2022-12-07 10:20:00,950,950,950,950,0
2022-12-07 10:21:00,950,950,950,950,0
2022-12-07 10:22:00,955,955,955,955,200
2022-12-07 10:23:00,950,950,950,950,900
2022-12-07 10:24:00,950,950,950,950,201500
2022-12-07 10:25:00,950,950,955,955,198100
2022-12-07 10:26:00,955,955,955,955,3200
2022-12-07 10:27:00,955,950,955,950,845200
2022-12-07 10:28:00,950,945,950,950,998000
2022-12-07 10:29:00,945,940,950,940,2200300
2022-12-07 10:30:00,940,935,950,940,391500
2022-12-07 10:31:00,940,930,940,935,369400
2022-12-07 10:32:00,935,935,940,940,353300
2022-12-07 10:33:00,945,945,945,945,0
2022-12-07 10:34:00,945,945,945,945,27300
2022-12-07 10:35:00,945,940,945,945,53000
2022-12-07 10:36:00,945,945,945,945,5900
2022-12-07 10:37:00,945,940,945,940,5100
2022-12-07 10:38:00,940,940,940,940,144600
2022-12-07 10:39:00,940,940,940,940,4000
2022-12-07 10:40:00,945,940,945,940,4700
2022-12-07 10:41:00,940,940,940,940,21300
2022-12-07 10:42:00,940,940,945,940,287400
2022-12-07 10:43:00,940,940,945,945,0
2022-12-07 10:44:00,940,940,945,940,41500
2022-12-07 10:45:00,940,940,945,940,56500
2022-12-07 10:46:00,940,940,940,940,5800
2022-12-07 10:47:00,940,940,945,945,171100
2022-12-07 10:48:00,945,945,950,950,68400
2022-12-07 10:49:00,950,945,950,945,8700
2022-12-07 10:50:00,950,945,950,945,0
2022-12-07 10:51:00,945,945,945,945,54300
2022-12-07 10:52:00,945,945,945,945,0
2022-12-07 10:53:00,940,940,940,940,900
2022-12-07 10:54:00,940,940,940,940,0
2022-12-07 10:55:00,940,940,940,940,0
2022-12-07 10:56:00,940,940,940,940,10700
2022-12-07 10:57:00,940,940,945,940,40500
2022-12-07 10:58:00,945,945,945,945,0
2022-12-07 10:59:00,945,945,945,945,0
2022-12-07 11:00:00,950,950,950,950,0
2022-12-07 11:01:00,950,950,950,950,0
2022-12-07 11:02:00,950,950,950,950,900
2022-12-07 11:03:00,950,950,950,950,0
2022-12-07 11:04:00,945,945,945,945,50900
2022-12-07 11:05:00,945,945,945,945,0
2022-12-07 11:06:00,945,945,945,945,0
2022-12-07 11:07:00,950,945,950,945,38100
2022-12-07 11:08:00,950,945,950,945,0
2022-12-07 11:09:00,950,950,950,950,0
2022-12-07 11:10:00,950,950,950,950,900
2022-12-07 11:11:00,945,945,950,950,2000
2022-12-07 11:12:00,945,945,950,950,13800
2022-12-07 11:13:00,945,945,945,945,200
2022-12-07 11:14:00,945,945,945,945,0
2022-12-07 11:15:00,945,945,950,950,4100
2022-12-07 11:16:00,950,945,950,950,31800
2022-12-07 11:17:00,950,950,950,950,84300
2022-12-07 11:18:00,950,950,950,950,0
2022-12-07 11:19:00,950,950,950,950,0
2022-12-07 11:20:00,945,945,950,950,800
2022-12-07 11:21:00,945,945,950,950,23100
2022-12-07 11:22:00,945,945,950,950,13200
2022-12-07 11:23:00,945,945,950,950,2600
2022-12-07 11:24:00,945,945,945,945,100
2022-12-07 11:25:00,945,945,945,945,700
2022-12-07 11:26:00,945,945,945,945,2000
2022-12-07 11:27:00,945,945,945,945,0
2022-12-07 11:28:00,945,945,950,950,12700
2022-12-07 11:29:00,945,945,945,945,3100
2022-12-07 11:30:00,945,945,945,945,0
2022-12-07 11:31:00,945,945,945,945,0
2022-12-07 11:32:00,945,945,945,945,0
2022-12-07 11:33:00,945,945,945,945,0
2022-12-07 11:34:00,945,945,945,945,0
2022-12-07 11:35:00,945,945,945,945,0
2022-12-07 11:36:00,945,945,945,945,0
2022-12-07 11:37:00,945,945,945,945,0
2022-12-07 11:38:00,945,945,945,945,0
2022-12-07 11:39:00,945,945,945,945,0
2022-12-07 11:40:00,945,945,945,945,0
2022-12-07 11:41:00,945,945,945,945,0
2022-12-07 11:42:00,945,945,945,945,0
2022-12-07 11:43:00,945,945,945,945,0
2022-12-07 11:44:00,945,945,945,945,0
2022-12-07 11:45:00,945,945,945,945,0
2022-12-07 11:46:00,945,945,945,945,0
2022-12-07 11:47:00,945,945,945,945,0
2022-12-07 11:48:00,945,945,945,945,0
2022-12-07 11:49:00,945,945,945,945,0
2022-12-07 11:50:00,945,945,945,945,0
2022-12-07 11:51:00,945,945,945,945,0
2022-12-07 11:52:00,945,945,945,945,0
2022-12-07 11:53:00,945,945,945,945,0
2022-12-07 11:54:00,945,945,945,945,0
2022-12-07 11:55:00,945,945,945,945,0
2022-12-07 11:56:00,945,945,945,945,0
2022-12-07 11:57:00,945,945,945,945,0
2022-12-07 11:58:00,945,945,945,945,0
2022-12-07 11:59:00,945,945,945,945,0
2022-12-07 12:00:00,945,945,945,945,0
2022-12-07 12:01:00,945,945,945,945,0
2022-12-07 12:02:00,945,945,945,945,0
2022-12-07 12:03:00,945,945,945,945,0
2022-12-07 12:04:00,945,945,945,945,0
2022-12-07 12:05:00,945,945,945,945,0
2022-12-07 12:06:00,945,945,945,945,0
2022-12-07 12:07:00,945,945,945,945,0
2022-12-07 12:08:00,945,945,945,945,0
2022-12-07 12:09:00,945,945,945,945,0
2022-12-07 12:10:00,945,945,945,945,0
2022-12-07 12:11:00,945,945,945,945,0
2022-12-07 12:12:00,945,945,945,945,0
2022-12-07 12:13:00,945,945,945,945,0
2022-12-07 12:14:00,945,945,945,945,0
2022-12-07 12:15:00,945,945,945,945,0
2022-12-07 12:16:00,945,945,945,945,0
2022-12-07 12:17:00,945,945,945,945,0
2022-12-07 12:18:00,945,945,945,945,0
2022-12-07 12:19:00,945,945,945,945,0
2022-12-07 12:20:00,945,945,945,945,0
2022-12-07 12:21:00,945,945,945,945,0
2022-12-07 12:22:00,945,945,945,945,0
2022-12-07 12:23:00,945,945,945,945,0
2022-12-07 12:24:00,945,945,945,945,0
2022-12-07 12:25:00,945,945,945,945,0
2022-12-07 12:26:00,945,945,945,945,0
2022-12-07 12:27:00,945,945,945,945,0
2022-12-07 12:28:00,945,945,945,945,0
2022-12-07 12:29:00,945,945,945,945,0
2022-12-07 12:30:00,945,945,945,945,0
2022-12-07 12:31:00,945,945,945,945,0
2022-12-07 12:32:00,945,945,945,945,0
2022-12-07 12:33:00,945,945,945,945,0
2022-12-07 12:34:00,945,945,945,945,0
2022-12-07 12:35:00,945,945,945,945,0
2022-12-07 12:36:00,945,945,945,945,0
2022-12-07 12:37:00,945,945,945,945,0
2022-12-07 12:38:00,945,945,945,945,0
2022-12-07 12:39:00,945,945,945,945,0
2022-12-07 12:40:00,945,945,945,945,0
2022-12-07 12:41:00,945,945,945,945,0
2022-12-07 12:42:00,945,945,945,945,0
2022-12-07 12:43:00,945,945,945,945,0
2022-12-07 12:44:00,945,945,945,945,0
2022-12-07 12:45:00,945,945,945,945,0
2022-12-07 12:46:00,945,945,945,945,0
2022-12-07 12:47:00,945,945,945,945,0
2022-12-07 12:48:00,945,945,945,945,0
2022-12-07 12:49:00,945,945,945,945,0
2022-12-07 12:50:00,945,945,945,945,0
2022-12-07 12:51:00,945,945,945,945,0
2022-12-07 12:52:00,945,945,945,945,0
2022-12-07 12:53:00,945,945,945,945,0
2022-12-07 12:54:00,945,945,945,945,0
2022-12-07 12:55:00,945,945,945,945,0
2022-12-07 12:56:00,945,945,945,945,0
2022-12-07 12:57:00,945,945,945,945,0
2022-12-07 12:58:00,945,945,945,945,0
2022-12-07 12:59:00,945,945,945,945,0
2022-12-07 13:00:00,945,945,945,945,0
2022-12-07 13:01:00,945,945,945,945,0
2022-12-07 13:02:00,945,945,945,945,0
2022-12-07 13:03:00,945,945,945,945,0
2022-12-07 13:04:00,945,945,945,945,0
2022-12-07 13:05:00,945,945,945,945,0
2022-12-07 13:06:00,945,945,945,945,0
2022-12-07 13:07:00,945,945,945,945,0
2022-12-07 13:08:00,945,945,945,945,0
2022-12-07 13:09:00,945,945,945,945,0
2022-12-07 13:10:00,945,945,945,945,0
2022-12-07 13:11:00,945,945,945,945,0
2022-12-07 13:12:00,945,945,945,945,0
2022-12-07 13:13:00,945,945,945,945,0
2022-12-07 13:14:00,945,945,945,945,0
2022-12-07 13:15:00,945,945,945,945,0
2022-12-07 13:16:00,945,945,945,945,0
2022-12-07 13:17:00,945,945,945,945,0
2022-12-07 13:18:00,945,945,945,945,0
2022-12-07 13:19:00,945,945,945,945,0
2022-12-07 13:20:00,945,945,945,945,0
2022-12-07 13:21:00,945,945,945,945,0
2022-12-07 13:22:00,945,945,945,945,0
2022-12-07 13:23:00,945,945,945,945,0
2022-12-07 13:24:00,945,945,945,945,0
2022-12-07 13:25:00,945,945,945,945,0
2022-12-07 13:26:00,945,945,945,945,0
2022-12-07 13:27:00,945,945,945,945,0
2022-12-07 13:28:00,945,945,945,945,0
2022-12-07 13:29:00,945,945,945,945,0
2022-12-07 13:30:00,945,945,950,945,71000
2022-12-07 13:31:00,945,945,950,945,0
2022-12-07 13:32:00,945,945,950,945,0
2022-12-07 13:33:00,945,945,945,945,1600
2022-12-07 13:34:00,945,945,945,945,9100
2022-12-07 13:35:00,945,945,945,945,0
2022-12-07 13:36:00,945,945,945,945,12000
2022-12-07 13:37:00,945,945,945,945,77600
2022-12-07 13:38:00,945,945,945,945,25400
2022-12-07 13:39:00,940,940,945,945,2100
2022-12-07 13:40:00,940,940,945,945,11900
2022-12-07 13:41:00,945,945,945,945,6800
2022-12-07 13:42:00,945,945,945,945,800
2022-12-07 13:43:00,945,945,945,945,0
2022-12-07 13:44:00,945,945,945,945,900
2022-12-07 13:45:00,945,945,945,945,0
2022-12-07 13:46:00,945,945,945,945,0
2022-12-07 13:47:00,945,945,945,945,2100
2022-12-07 13:48:00,945,940,945,940,15900
2022-12-07 13:49:00,940,940,940,940,1200
2022-12-07 13:50:00,940,940,940,940,0
2022-12-07 13:51:00,940,940,945,945,9600
2022-12-07 13:52:00,945,945,945,945,0
2022-12-07 13:53:00,945,945,945,945,2400
2022-12-07 13:54:00,940,940,945,945,46300
2022-12-07 13:55:00,945,945,945,945,16000
2022-12-07 13:56:00,940,940,940,940,0
2022-12-07 13:57:00,940,940,945,945,10800
2022-12-07 13:58:00,940,940,945,945,0
2022-12-07 13:59:00,945,945,945,945,100
2022-12-07 14:00:00,945,945,945,945,100
2022-12-07 14:01:00,945,945,950,950,65000
2022-12-07 14:02:00,950,945,950,945,46200
2022-12-07 14:03:00,950,945,950,945,0
2022-12-07 14:04:00,945,945,945,945,0
2022-12-07 14:05:00,945,940,945,940,4500
2022-12-07 14:06:00,945,940,945,945,9400
2022-12-07 14:07:00,945,945,945,945,0
2022-12-07 14:08:00,940,940,940,940,9100
2022-12-07 14:09:00,940,940,940,940,0
2022-12-07 14:10:00,940,940,940,940,0
2022-12-07 14:11:00,940,940,940,940,41600
2022-12-07 14:12:00,940,940,945,945,0
2022-12-07 14:13:00,940,940,945,945,1700
2022-12-07 14:14:00,940,940,945,945,0
2022-12-07 14:15:00,940,940,945,945,0
2022-12-07 14:16:00,940,940,945,945,0
2022-12-07 14:17:00,945,945,945,945,64600
2022-12-07 14:18:00,945,945,945,945,0
2022-12-07 14:19:00,945,945,945,945,0
2022-12-07 14:20:00,945,945,945,945,600
2022-12-07 14:21:00,945,945,945,945,0
2022-12-07 14:22:00,945,945,945,945,13800
2022-12-07 14:23:00,945,945,945,945,0
2022-12-07 14:24:00,945,945,945,945,0
2022-12-07 14:25:00,945,945,945,945,5000
2022-12-07 14:26:00,945,945,945,945,0
2022-12-07 14:27:00,945,945,945,945,0
2022-12-07 14:28:00,945,945,945,945,0
2022-12-07 14:29:00,945,945,945,945,19000
2022-12-07 14:30:00,945,945,945,945,2100
2022-12-07 14:31:00,950,950,950,950,51200
2022-12-07 14:32:00,950,945,950,945,2800
2022-12-07 14:33:00,950,950,950,950,500
2022-12-07 14:34:00,950,950,950,950,0
2022-12-07 14:35:00,950,945,950,945,1200
2022-12-07 14:36:00,950,950,950,950,7100
2022-12-07 14:37:00,950,945,950,945,10700
2022-12-07 14:38:00,945,945,950,945,5600
2022-12-07 14:39:00,945,945,950,950,98300
2022-12-07 14:40:00,945,945,950,950,0
2022-12-07 14:41:00,950,950,950,950,200
2022-12-07 14:42:00,950,950,950,950,11900
2022-12-07 14:43:00,950,950,950,950,12100
2022-12-07 14:44:00,950,950,955,955,14100
2022-12-07 14:45:00,950,950,955,950,7300
2022-12-07 14:46:00,950,950,955,950,0
2022-12-07 14:47:00,950,950,950,950,19900
2022-12-07 14:48:00,950,950,955,955,13100
2022-12-07 14:49:00,950,950,950,950,12400
2022-12-07 14:50:00,950,950,950,950,0
2022-12-07 14:51:00,950,950,950,950,0
2022-12-07 14:52:00,950,950,950,950,0
2022-12-07 14:53:00,950,950,950,950,0
2022-12-07 14:54:00,950,950,950,950,0
2022-12-07 14:55:00,950,950,950,950,0
2022-12-07 14:56:00,950,950,950,950,0
2022-12-07 14:57:00,950,950,950,950,0
2022-12-07 14:58:00,950,950,950,950,0
2022-12-07 14:59:00,950,950,950,950,0
2022-12-07 15:00:00,950,950,950,950,628400
2022-12-07 15:01:00,950,950,950,950,20000
2022-12-07 15:02:00,950,950,950,950,0
2022-12-07 15:03:00,950,950,950,950,0
2022-12-07 15:04:00,950,950,950,950,2300
2022-12-07 15:05:00,950,950,950,950,0
2022-12-07 15:06:00,950,950,950,950,1000
2022-12-07 15:07:00,950,950,950,950,0
2022-12-07 15:08:00,950,950,950,950,0
2022-12-07 15:09:00,950,950,950,950,0
2022-12-07 15:10:00,950,950,950,950,0
2022-12-07 15:11:00,950,950,950,950,0
2022-12-07 15:12:00,950,950,950,950,10404000
2022-12-07 15:13:00,950,950,950,950,0
2022-12-07 15:14:00,950,950,950,950,0
2022-12-07 15:15:00,950,950,950,950,0
2022-12-07 15:16:00,950,950,950,950,0
2022-12-07 15:17:00,950,950,950,950,0
2022-12-07 15:18:00,950,950,950,950,0
2022-12-07 15:19:00,950,950,950,950,0
2022-12-07 15:20:00,950,950,950,950,0
2022-12-07 15:21:00,950,950,950,950,0
2022-12-07 15:22:00,950,950,950,950,0
2022-12-07 15:23:00,950,950,950,950,0
2022-12-07 15:24:00,950,950,950,950,0
2022-12-07 15:25:00,950,950,950,950,0
2022-12-07 15:26:00,950,950,950,950,0
2022-12-07 15:27:00,950,950,950,950,0
2022-12-07 15:28:00,950,950,950,950,0
2022-12-07 15:29:00,950,950,950,950,0
2022-12-07 15:30:00,950,950,950,950,0
2022-12-07 15:31:00,950,950,950,950,0
2022-12-07 15:32:00,950,950,950,950,0
2022-12-07 15:33:00,950,950,950,950,0
2022-12-07 15:34:00,950,950,950,950,0
2022-12-07 15:35:00,950,950,950,950,0
2022-12-07 15:36:00,950,950,950,950,0
2022-12-07 15:37:00,950,950,950,950,0
2022-12-07 15:38:00,950,950,950,950,0
2022-12-07 15:39:00,950,950,950,950,0
2022-12-07 15:40:00,950,950,950,950,0
2022-12-07 15:41:00,950,950,950,950,0
2022-12-07 15:42:00,950,950,950,950,0
2022-12-07 15:43:00,950,950,950,950,0
2022-12-07 15:44:00,950,950,950,950,0
2022-12-07 15:45:00,950,950,950,950,0
2022-12-07 15:46:00,950,950,950,950,0
2022-12-07 15:47:00,950,950,950,950,0
2022-12-07 15:48:00,950,950,950,950,0
2022-12-07 15:49:00,950,950,950,950,0
2022-12-07 15:50:00,950,950,950,950,0
2022-12-07 15:51:00,950,950,950,950,0
2022-12-07 15:52:00,950,950,950,950,0
2022-12-07 15:53:00,950,950,950,950,0
2022-12-07 15:54:00,950,950,950,950,0
2022-12-07 15:55:00,950,950,950,950,0
2022-12-07 15:56:00,950,950,950,950,0
2022-12-07 15:57:00,950,950,950,950,0
2022-12-07 15:58:00,950,950,950,950,0
2022-12-07 15:59:00,950,950,950,950,0
2022-12-08 09:00:00,950,935,950,940,0
2022-12-08 09:01:00,940,940,945,945,3500
2022-12-08 09:02:00,945,945,945,945,10200
2022-12-08 09:03:00,945,945,945,945,5000
2022-12-08 09:04:00,945,945,945,945,35800
2022-12-08 09:05:00,940,940,945,945,22400
2022-12-08 09:06:00,940,940,945,945,3200
2022-12-08 09:07:00,940,940,940,940,2300
2022-12-08 09:08:00,940,940,945,945,26800
2022-12-08 09:09:00,940,940,945,940,50000
2022-12-08 09:10:00,940,940,940,940,18000
2022-12-08 09:11:00,940,940,940,940,32200
2022-12-08 09:12:00,940,940,940,940,0
2022-12-08 09:13:00,940,940,940,940,2000
2022-12-08 09:14:00,940,940,945,945,55500
2022-12-08 09:15:00,945,945,945,945,20900
2022-12-08 09:16:00,945,940,945,940,4000
2022-12-08 09:17:00,940,940,945,940,7800
2022-12-08 09:18:00,940,940,940,940,56600
2022-12-08 09:19:00,940,940,940,940,1500
2022-12-08 09:20:00,940,940,940,940,0
2022-12-08 09:21:00,935,935,935,935,0
2022-12-08 09:22:00,935,935,935,935,3100
2022-12-08 09:23:00,940,940,940,940,15900
2022-12-08 09:24:00,940,935,940,940,61700
2022-12-08 09:25:00,940,940,940,940,0
2022-12-08 09:26:00,945,945,945,945,29000
2022-12-08 09:27:00,945,945,945,945,300
2022-12-08 09:28:00,940,940,945,945,40100
2022-12-08 09:29:00,945,945,945,945,0
2022-12-08 09:30:00,945,945,945,945,1700
2022-12-08 09:31:00,945,945,945,945,0
2022-12-08 09:32:00,945,945,945,945,0
2022-12-08 09:33:00,945,945,945,945,20800
2022-12-08 09:34:00,950,950,950,950,40300
2022-12-08 09:35:00,945,945,945,945,69100
2022-12-08 09:36:00,945,945,945,945,10500
2022-12-08 09:37:00,945,945,945,945,0
2022-12-08 09:38:00,945,940,945,940,1200
2022-12-08 09:39:00,945,940,945,940,0
2022-12-08 09:40:00,940,940,940,940,800
2022-12-08 09:41:00,940,935,940,935,84300
2022-12-08 09:42:00,935,935,940,940,24700
2022-12-08 09:43:00,940,940,940,940,11500
2022-12-08 09:44:00,940,940,940,940,0
2022-12-08 09:45:00,935,935,935,935,0
2022-12-08 09:46:00,935,935,940,940,9500
2022-12-08 09:47:00,935,935,935,935,20300
2022-12-08 09:48:00,935,935,935,935,51900
2022-12-08 09:49:00,940,935,940,935,13800
2022-12-08 09:50:00,940,935,940,935,0
2022-12-08 09:51:00,935,935,935,935,30000
2022-12-08 09:52:00,935,935,935,935,38900
2022-12-08 09:53:00,935,935,935,935,20000
2022-12-08 09:54:00,935,935,935,935,0
2022-12-08 09:55:00,935,935,935,935,0
2022-12-08 09:56:00,935,935,935,935,400
2022-12-08 09:57:00,935,935,935,935,5400
2022-12-08 09:58:00,935,935,935,935,29600
2022-12-08 09:59:00,935,935,935,935,24200
2022-12-08 10:00:00,935,935,935,935,0
2022-12-08 10:01:00,935,935,935,935,0
2022-12-08 10:02:00,935,935,935,935,0
2022-12-08 10:03:00,940,935,940,935,7000
2022-12-08 10:04:00,935,935,935,935,30700
2022-12-08 10:05:00,940,940,940,940,0
2022-12-08 10:06:00,940,940,940,940,7600
2022-12-08 10:07:00,935,935,940,940,18600
2022-12-08 10:08:00,935,935,940,940,0
2022-12-08 10:09:00,935,935,940,940,0
2022-12-08 10:10:00,940,935,940,935,28000
2022-12-08 10:11:00,935,935,935,935,156600
2022-12-08 10:12:00,935,935,935,935,0
2022-12-08 10:13:00,940,940,940,940,0
2022-12-08 10:14:00,940,935,940,935,5800
2022-12-08 10:15:00,940,940,940,940,94200
2022-12-08 10:16:00,940,940,940,940,0
2022-12-08 10:17:00,940,940,940,940,4500
2022-12-08 10:18:00,940,940,940,940,500
2022-12-08 10:19:00,940,940,940,940,1000
2022-12-08 10:20:00,940,940,940,940,1700
2022-12-08 10:21:00,935,935,935,935,4500
2022-12-08 10:22:00,940,940,940,940,10000
2022-12-08 10:23:00,940,940,940,940,0
2022-12-08 10:24:00,935,930,935,930,162800
2022-12-08 10:25:00,935,935,935,935,0
2022-12-08 10:26:00,935,935,935,935,129100
2022-12-08 10:27:00,935,935,935,935,13600
2022-12-08 10:28:00,935,935,935,935,0
2022-12-08 10:29:00,940,940,940,940,24200
2022-12-08 10:30:00,940,940,940,940,25800
2022-12-08 10:31:00,940,940,940,940,1500
2022-12-08 10:32:00,940,940,940,940,0
2022-12-08 10:33:00,940,940,940,940,800
2022-12-08 10:34:00,940,940,940,940,200
2022-12-08 10:35:00,940,940,940,940,0
2022-12-08 10:36:00,940,940,940,940,0
2022-12-08 10:37:00,940,940,940,940,0
2022-12-08 10:38:00,940,940,940,940,2400
2022-12-08 10:39:00,940,940,940,940,0
2022-12-08 10:40:00,940,935,940,940,501700
2022-12-08 10:41:00,935,935,935,935,900
2022-12-08 10:42:00,935,935,935,935,12400
2022-12-08 10:43:00,935,935,935,935,900
2022-12-08 10:44:00,935,935,935,935,0
2022-12-08 10:45:00,935,930,935,930,204600
2022-12-08 10:46:00,930,930,930,930,47700
2022-12-08 10:47:00,935,935,935,935,100
2022-12-08 10:48:00,935,930,935,935,3400
2022-12-08 10:49:00,935,935,935,935,0
2022-12-08 10:50:00,935,935,935,935,1800
2022-12-08 10:51:00,935,935,935,935,700
2022-12-08 10:52:00,935,935,935,935,8000
2022-12-08 10:53:00,935,935,940,940,3100
2022-12-08 10:54:00,935,935,940,940,0
2022-12-08 10:55:00,935,935,940,940,0
2022-12-08 10:56:00,935,935,935,935,200
2022-12-08 10:57:00,940,935,940,935,10600
2022-12-08 10:58:00,940,940,940,940,0
2022-12-08 10:59:00,940,940,940,940,0
2022-12-08 11:00:00,935,935,935,935,27300
2022-12-08 11:01:00,935,935,940,935,0
2022-12-08 11:02:00,935,935,940,935,0
2022-12-08 11:03:00,935,935,935,935,0
2022-12-08 11:04:00,935,935,935,935,0
2022-12-08 11:05:00,935,935,935,935,0
2022-12-08 11:06:00,935,935,935,935,0
2022-12-08 11:07:00,935,935,935,935,0
2022-12-08 11:08:00,935,935,935,935,1200
2022-12-08 11:09:00,940,935,940,935,18400
2022-12-08 11:10:00,935,935,935,935,64500
2022-12-08 11:11:00,935,935,935,935,0
2022-12-08 11:12:00,935,935,935,935,6400
2022-12-08 11:13:00,935,935,935,935,24400
2022-12-08 11:14:00,935,935,935,935,800
2022-12-08 11:15:00,935,935,935,935,0
2022-12-08 11:16:00,935,935,935,935,0
2022-12-08 11:17:00,940,940,940,940,0
2022-12-08 11:18:00,935,935,940,940,3600
2022-12-08 11:19:00,940,935,940,935,49200
2022-12-08 11:20:00,940,935,940,935,0
2022-12-08 11:21:00,935,935,935,935,17700
2022-12-08 11:22:00,935,935,940,940,600
2022-12-08 11:23:00,935,935,935,935,2200
2022-12-08 11:24:00,940,940,940,940,0
2022-12-08 11:25:00,940,935,940,935,1100
2022-12-08 11:26:00,940,935,940,935,600
2022-12-08 11:27:00,935,935,945,945,1900
2022-12-08 11:28:00,945,945,945,945,900
2022-12-08 11:29:00,940,940,945,940,0
2022-12-08 11:30:00,940,940,945,940,0
2022-12-08 11:31:00,940,940,945,940,0
2022-12-08 11:32:00,940,940,945,940,0
2022-12-08 11:33:00,940,940,945,940,0
2022-12-08 11:34:00,940,940,945,940,0
2022-12-08 11:35:00,940,940,945,940,0
2022-12-08 11:36:00,940,940,945,940,0
2022-12-08 11:37:00,940,940,945,940,0
2022-12-08 11:38:00,940,940,945,940,0
2022-12-08 11:39:00,940,940,945,940,0
2022-12-08 11:40:00,940,940,945,940,0
2022-12-08 11:41:00,940,940,945,940,0
2022-12-08 11:42:00,940,940,945,940,0
2022-12-08 11:43:00,940,940,945,940,0
2022-12-08 11:44:00,940,940,945,940,0
2022-12-08 11:45:00,940,940,945,940,0
2022-12-08 11:46:00,940,940,945,940,0
2022-12-08 11:47:00,940,940,945,940,0
2022-12-08 11:48:00,940,940,945,940,0
2022-12-08 11:49:00,940,940,945,940,0
2022-12-08 11:50:00,940,940,945,940,0
2022-12-08 11:51:00,940,940,945,940,0
2022-12-08 11:52:00,940,940,945,940,0
2022-12-08 11:53:00,940,940,945,940,0
2022-12-08 11:54:00,940,940,945,940,0
2022-12-08 11:55:00,940,940,945,940,0
2022-12-08 11:56:00,940,940,945,940,0
2022-12-08 11:57:00,940,940,945,940,0
2022-12-08 11:58:00,940,940,945,940,0
2022-12-08 11:59:00,940,940,945,940,0
2022-12-08 12:00:00,940,940,945,940,0
2022-12-08 12:01:00,940,940,945,940,0
2022-12-08 12:02:00,940,940,945,940,0
2022-12-08 12:03:00,940,940,945,940,0
2022-12-08 12:04:00,940,940,945,940,0
2022-12-08 12:05:00,940,940,945,940,0
2022-12-08 12:06:00,940,940,945,940,0
2022-12-08 12:07:00,940,940,945,940,0
2022-12-08 12:08:00,940,940,945,940,0
2022-12-08 12:09:00,940,940,945,940,0
2022-12-08 12:10:00,940,940,945,940,0
2022-12-08 12:11:00,940,940,945,940,0
2022-12-08 12:12:00,940,940,945,940,0
2022-12-08 12:13:00,940,940,945,940,0
2022-12-08 12:14:00,940,940,945,940,0
2022-12-08 12:15:00,940,940,945,940,0
2022-12-08 12:16:00,940,940,945,940,0
2022-12-08 12:17:00,940,940,945,940,0
2022-12-08 12:18:00,940,940,945,940,0
2022-12-08 12:19:00,940,940,945,940,0
2022-12-08 12:20:00,940,940,945,940,0
2022-12-08 12:21:00,940,940,945,940,0
2022-12-08 12:22:00,940,940,945,940,0
2022-12-08 12:23:00,940,940,945,940,0
2022-12-08 12:24:00,940,940,945,940,0
2022-12-08 12:25:00,940,940,945,940,0
2022-12-08 12:26:00,940,940,945,940,0
2022-12-08 12:27:00,940,940,945,940,0
2022-12-08 12:28:00,940,940,945,940,0
2022-12-08 12:29:00,940,940,945,940,0
2022-12-08 12:30:00,940,940,945,940,0
2022-12-08 12:31:00,940,940,945,940,0
2022-12-08 12:32:00,940,940,945,940,0
2022-12-08 12:33:00,940,940,945,940,0
2022-12-08 12:34:00,940,940,945,940,0
2022-12-08 12:35:00,940,940,945,940,0
2022-12-08 12:36:00,940,940,945,940,0
2022-12-08 12:37:00,940,940,945,940,0
2022-12-08 12:38:00,940,940,945,940,0
2022-12-08 12:39:00,940,940,945,940,0
2022-12-08 12:40:00,940,940,945,940,0
2022-12-08 12:41:00,940,940,945,940,0
2022-12-08 12:42:00,940,940,945,940,0
2022-12-08 12:43:00,940,940,945,940,0
2022-12-08 12:44:00,940,940,945,940,0
2022-12-08 12:45:00,940,940,945,940,0
2022-12-08 12:46:00,940,940,945,940,0
2022-12-08 12:47:00,940,940,945,940,0
2022-12-08 12:48:00,940,940,945,940,0
2022-12-08 12:49:00,940,940,945,940,0
2022-12-08 12:50:00,940,940,945,940,0
2022-12-08 12:51:00,940,940,945,940,0
2022-12-08 12:52:00,940,940,945,940,0
2022-12-08 12:53:00,940,940,945,940,0
2022-12-08 12:54:00,940,940,945,940,0
2022-12-08 12:55:00,940,940,945,940,0
2022-12-08 12:56:00,940,940,945,940,0
2022-12-08 12:57:00,940,940,945,940,0
2022-12-08 12:58:00,940,940,945,940,0
2022-12-08 12:59:00,940,940,945,940,0
2022-12-08 13:00:00,940,940,945,940,0
2022-12-08 13:01:00,940,940,945,940,0
2022-12-08 13:02:00,940,940,945,940,0
2022-12-08 13:03:00,940,940,945,940,0
2022-12-08 13:04:00,940,940,945,940,0
2022-12-08 13:05:00,940,940,945,940,0
2022-12-08 13:06:00,940,940,945,940,0
2022-12-08 13:07:00,940,940,945,940,0
2022-12-08 13:08:00,940,940,945,940,0
2022-12-08 13:09:00,940,940,945,940,0
2022-12-08 13:10:00,940,940,945,940,0
2022-12-08 13:11:00,940,940,945,940,0
2022-12-08 13:12:00,940,940,945,940,0
2022-12-08 13:13:00,940,940,945,940,0
2022-12-08 13:14:00,940,940,945,940,0
2022-12-08 13:15:00,940,940,945,940,0
2022-12-08 13:16:00,940,940,945,940,0
2022-12-08 13:17:00,940,940,945,940,0
2022-12-08 13:18:00,940,940,945,940,0
2022-12-08 13:19:00,940,940,945,940,0
2022-12-08 13:20:00,940,940,945,940,0
2022-12-08 13:21:00,940,940,945,940,0
2022-12-08 13:22:00,940,940,945,940,0
2022-12-08 13:23:00,940,940,945,940,0
2022-12-08 13:24:00,940,940,945,940,0
2022-12-08 13:25:00,940,940,945,940,0
2022-12-08 13:26:00,940,940,945,940,0
2022-12-08 13:27:00,940,940,945,940,0
2022-12-08 13:28:00,940,940,945,940,0
2022-12-08 13:29:00,940,940,945,940,0
2022-12-08 13:30:00,940,940,945,940,6200
2022-12-08 13:31:00,945,945,945,945,800
2022-12-08 13:32:00,945,945,945,945,500
2022-12-08 13:33:00,945,945,945,945,0
2022-12-08 13:34:00,945,940,945,940,200
2022-12-08 13:35:00,945,940,945,940,0
2022-12-08 13:36:00,945,940,945,945,4500
2022-12-08 13:37:00,945,945,945,945,1000
2022-12-08 13:38:00,945,945,945,945,0
2022-12-08 13:39:00,945,945,945,945,0
2022-12-08 13:40:00,945,945,945,945,125800
2022-12-08 13:41:00,945,945,945,945,34200
2022-12-08 13:42:00,945,945,945,945,0
2022-12-08 13:43:00,945,945,950,945,13300
2022-12-08 13:44:00,945,940,945,940,310900
2022-12-08 13:45:00,940,940,940,940,0
2022-12-08 13:46:00,940,940,940,940,19900
2022-12-08 13:47:00,940,940,940,940,0
2022-12-08 13:48:00,940,940,940,940,7700
2022-12-08 13:49:00,940,940,940,940,0
2022-12-08 13:50:00,945,945,945,945,0
2022-12-08 13:51:00,945,945,945,945,10000
2022-12-08 13:52:00,945,945,945,945,1500
2022-12-08 13:53:00,945,945,945,945,17000
2022-12-08 13:54:00,945,945,945,945,0
2022-12-08 13:55:00,945,945,945,945,5700
2022-12-08 13:56:00,945,945,945,945,2900
2022-12-08 13:57:00,945,945,945,945,24100
2022-12-08 13:58:00,945,945,945,945,0
2022-12-08 13:59:00,945,945,945,945,0
2022-12-08 14:00:00,945,945,945,945,300
2022-12-08 14:01:00,945,945,945,945,1900
2022-12-08 14:02:00,945,945,945,945,15100
2022-12-08 14:03:00,945,945,945,945,7600
2022-12-08 14:04:00,945,945,945,945,5500
2022-12-08 14:05:00,945,945,945,945,0
2022-12-08 14:06:00,945,945,945,945,46200
2022-12-08 14:07:00,945,945,945,945,7600
2022-12-08 14:08:00,945,945,945,945,1400
2022-12-08 14:09:00,945,945,945,945,10800
2022-12-08 14:10:00,945,945,945,945,0
2022-12-08 14:11:00,945,945,945,945,0
2022-12-08 14:12:00,945,945,945,945,0
2022-12-08 14:13:00,945,945,945,945,400
2022-12-08 14:14:00,945,945,945,945,800
2022-12-08 14:15:00,945,945,945,945,500
2022-12-08 14:16:00,945,945,945,945,800
2022-12-08 14:17:00,945,945,945,945,1700
2022-12-08 14:18:00,945,945,945,945,700
2022-12-08 14:19:00,945,945,945,945,0
2022-12-08 14:20:00,945,945,945,945,1200
2022-12-08 14:21:00,945,945,945,945,5000
2022-12-08 14:22:00,940,940,945,945,0
2022-12-08 14:23:00,945,945,945,945,0
2022-12-08 14:24:00,940,940,940,940,1000
2022-12-08 14:25:00,940,940,940,940,1000
2022-12-08 14:26:00,940,940,940,940,600
2022-12-08 14:27:00,940,940,940,940,7200
2022-12-08 14:28:00,940,940,940,940,2200
2022-12-08 14:29:00,940,940,940,940,1100
2022-12-08 14:30:00,940,940,940,940,5900
2022-12-08 14:31:00,940,940,940,940,600
2022-12-08 14:32:00,945,940,945,940,16000
2022-12-08 14:33:00,945,940,945,940,0
2022-12-08 14:34:00,940,940,945,945,0
2022-12-08 14:35:00,945,945,945,945,9999700
2022-12-08 14:36:00,945,945,955,955,10630800
2022-12-08 14:37:00,955,950,955,950,0
2022-12-08 14:38:00,950,950,950,950,81300
2022-12-08 14:39:00,950,945,950,945,128200
2022-12-08 14:40:00,945,945,950,950,9100
2022-12-08 14:41:00,950,950,950,950,96900
2022-12-08 14:42:00,950,950,950,950,0
2022-12-08 14:43:00,950,945,950,950,133500
2022-12-08 14:44:00,945,945,955,955,9400
2022-12-08 14:45:00,955,950,955,950,24600
2022-12-08 14:46:00,950,950,955,955,67100
2022-12-08 14:47:00,950,950,955,955,17700
2022-12-08 14:48:00,950,950,950,950,16100
2022-12-08 14:49:00,950,945,955,945,202300
2022-12-08 14:50:00,950,945,955,945,0
2022-12-08 14:51:00,950,945,955,945,0
2022-12-08 14:52:00,950,945,955,945,0
2022-12-08 14:53:00,950,945,955,945,0
2022-12-08 14:54:00,950,945,955,945,0
2022-12-08 14:55:00,950,945,955,945,0
2022-12-08 14:56:00,950,945,955,945,0
2022-12-08 14:57:00,950,945,955,945,0
2022-12-08 14:58:00,950,945,955,945,0
2022-12-08 14:59:00,950,945,955,945,0
2022-12-08 15:00:00,955,955,955,955,507000
2022-12-08 15:01:00,955,955,955,955,52500
2022-12-08 15:02:00,955,955,955,955,600
2022-12-08 15:03:00,955,955,955,955,1800
2022-12-08 15:04:00,955,955,955,955,6300
2022-12-08 15:05:00,955,955,955,955,33000
2022-12-08 15:06:00,955,955,955,955,3300
2022-12-08 15:07:00,955,955,955,955,0
2022-12-08 15:08:00,955,955,955,955,5400
2022-12-08 15:09:00,955,955,955,955,0
2022-12-08 15:10:00,955,955,955,955,1500
2022-12-08 15:11:00,955,955,955,955,0
2022-12-08 15:12:00,955,955,955,955,25180800
2022-12-08 15:13:00,955,955,955,955,0
2022-12-08 15:14:00,955,955,955,955,0
2022-12-08 15:15:00,955,955,955,955,0
2022-12-08 15:16:00,955,955,955,955,0
2022-12-08 15:17:00,955,955,955,955,0
2022-12-08 15:18:00,955,955,955,955,0
2022-12-08 15:19:00,955,955,955,955,0
2022-12-08 15:20:00,955,955,955,955,0
2022-12-08 15:21:00,955,955,955,955,0
2022-12-08 15:22:00,955,955,955,955,0
2022-12-08 15:23:00,955,955,955,955,0
2022-12-08 15:24:00,955,955,955,955,0
2022-12-08 15:25:00,955,955,955,955,0
2022-12-08 15:26:00,955,955,955,955,0
2022-12-08 15:27:00,955,955,955,955,0
2022-12-08 15:28:00,955,955,955,955,0
2022-12-08 15:29:00,955,955,955,955,0
2022-12-08 15:30:00,955,955,955,955,0
2022-12-08 15:31:00,955,955,955,955,0
2022-12-08 15:32:00,955,955,955,955,0
2022-12-08 15:33:00,955,955,955,955,0
2022-12-08 15:34:00,955,955,955,955,0
2022-12-08 15:35:00,955,955,955,955,0
2022-12-08 15:36:00,955,955,955,955,0
2022-12-08 15:37:00,955,955,955,955,0
2022-12-08 15:38:00,955,955,955,955,0
2022-12-08 15:39:00,955,955,955,955,0
2022-12-08 15:40:00,955,955,955,955,0
2022-12-08 15:41:00,955,955,955,955,0
2022-12-08 15:42:00,955,955,955,955,0
2022-12-08 15:43:00,955,955,955,955,0
2022-12-08 15:44:00,955,955,955,955,0
2022-12-08 15:45:00,955,955,955,955,0
2022-12-08 15:46:00,955,955,955,955,0
2022-12-08 15:47:00,955,955,955,955,0
2022-12-08 15:48:00,955,955,955,955,0
2022-12-08 15:49:00,955,955,955,955,0
2022-12-08 15:50:00,955,955,955,955,0
2022-12-08 15:51:00,955,955,955,955,0
2022-12-08 15:52:00,955,955,955,955,0
2022-12-08 15:53:00,955,955,955,955,0
2022-12-08 15:54:00,955,955,955,955,0
2022-12-08 15:55:00,955,955,955,955,0
2022-12-08 15:56:00,955,955,955,955,0
2022-12-08 15:57:00,955,955,955,955,0
2022-12-08 15:58:00,955,955,955,955,0
2022-12-08 15:59:00,955,955,955,955,0
2022-12-09 09:00:00,955,950,955,955,0
2022-12-09 09:01:00,955,950,955,955,27300
2022-12-09 09:02:00,955,950,955,950,20800
2022-12-09 09:03:00,950,950,950,950,127100
2022-12-09 09:04:00,950,950,950,950,0
2022-12-09 09:05:00,950,950,950,950,16900
2022-12-09 09:06:00,950,950,950,950,0
2022-12-09 09:07:00,950,950,955,955,5400
2022-12-09 09:08:00,950,950,955,955,0
2022-12-09 09:09:00,950,950,950,950,200
2022-12-09 09:10:00,950,950,950,950,5900
2022-12-09 09:11:00,950,950,950,950,400
2022-12-09 09:12:00,950,950,950,950,20600
2022-12-09 09:13:00,950,950,950,950,0
2022-12-09 09:14:00,950,950,950,950,0
2022-12-09 09:15:00,950,950,950,950,1600
2022-12-09 09:16:00,950,950,950,950,61100
2022-12-09 09:17:00,950,945,950,945,122500
2022-12-09 09:18:00,950,950,950,950,0
2022-12-09 09:19:00,950,950,950,950,2200
2022-12-09 09:20:00,950,950,950,950,300
2022-12-09 09:21:00,950,950,950,950,10100
2022-12-09 09:22:00,950,950,950,950,0
2022-12-09 09:23:00,950,950,950,950,100
2022-12-09 09:24:00,950,950,950,950,2700
2022-12-09 09:25:00,950,950,950,950,0
2022-12-09 09:26:00,950,950,950,950,14900
2022-12-09 09:27:00,950,950,950,950,0
2022-12-09 09:28:00,950,945,950,945,14000
2022-12-09 09:29:00,950,950,950,950,0
2022-12-09 09:30:00,955,950,955,950,1300
2022-12-09 09:31:00,950,950,950,950,21600
2022-12-09 09:32:00,945,945,945,945,59800
2022-12-09 09:33:00,945,945,945,945,0
2022-12-09 09:34:00,950,950,950,950,4000
2022-12-09 09:35:00,950,950,950,950,7200
2022-12-09 09:36:00,950,950,950,950,17900
2022-12-09 09:37:00,950,950,950,950,0
2022-12-09 09:38:00,950,950,950,950,0
2022-12-09 09:39:00,950,950,950,950,17000
2022-12-09 09:40:00,950,950,950,950,0
2022-12-09 09:41:00,950,950,950,950,0
2022-12-09 09:42:00,955,955,955,955,2400
2022-12-09 09:43:00,955,955,955,955,0
2022-12-09 09:44:00,955,955,955,955,0
2022-12-09 09:45:00,950,950,950,950,63800
2022-12-09 09:46:00,950,950,950,950,32600
2022-12-09 09:47:00,950,950,950,950,0
2022-12-09 09:48:00,950,950,950,950,0
2022-12-09 09:49:00,950,950,950,950,0
2022-12-09 09:50:00,950,950,950,950,0
2022-12-09 09:51:00,950,950,950,950,13500
2022-12-09 09:52:00,950,950,950,950,0
2022-12-09 09:53:00,945,945,945,945,100
2022-12-09 09:54:00,945,945,945,945,0
2022-12-09 09:55:00,945,945,945,945,0
2022-12-09 09:56:00,945,945,945,945,0
2022-12-09 09:57:00,945,945,945,945,13700
2022-12-09 09:58:00,950,945,950,945,0
2022-12-09 09:59:00,950,945,950,945,0
2022-12-09 10:00:00,950,945,950,945,0
2022-12-09 10:01:00,950,945,950,945,0
2022-12-09 10:02:00,945,945,945,945,700
2022-12-09 10:03:00,950,950,950,950,10600
2022-12-09 10:04:00,950,950,950,950,2900
2022-12-09 10:05:00,945,945,950,950,0
2022-12-09 10:06:00,950,950,955,955,200
2022-12-09 10:07:00,950,950,955,955,0
2022-12-09 10:08:00,950,945,950,945,12200
2022-12-09 10:09:00,950,945,950,945,0
2022-12-09 10:10:00,955,950,955,950,1100
2022-12-09 10:11:00,955,950,955,950,0
2022-12-09 10:12:00,955,950,955,950,0
2022-12-09 10:13:00,955,950,955,950,0
2022-12-09 10:14:00,950,950,950,950,8000
2022-12-09 10:15:00,950,950,950,950,0
2022-12-09 10:16:00,950,950,950,950,0
2022-12-09 10:17:00,955,955,955,955,0
2022-12-09 10:18:00,950,950,955,955,16700
2022-12-09 10:19:00,950,950,955,955,0
2022-12-09 10:20:00,950,950,955,955,0
2022-12-09 10:21:00,950,950,955,955,0
2022-12-09 10:22:00,955,955,955,955,300
2022-12-09 10:23:00,955,955,955,955,0
2022-12-09 10:24:00,955,955,955,955,0
2022-12-09 10:25:00,955,955,955,955,3800
2022-12-09 10:26:00,955,955,955,955,0
2022-12-09 10:27:00,955,955,955,955,0
2022-12-09 10:28:00,955,955,955,955,6000
2022-12-09 10:29:00,950,950,950,950,24000
2022-12-09 10:30:00,950,950,950,950,0
2022-12-09 10:31:00,950,950,950,950,0
2022-12-09 10:32:00,950,950,950,950,0
2022-12-09 10:33:00,950,950,950,950,100
2022-12-09 10:34:00,950,950,950,950,900
2022-12-09 10:35:00,950,950,950,950,0
2022-12-09 10:36:00,950,950,950,950,0
2022-12-09 10:37:00,950,950,950,950,0
2022-12-09 10:38:00,950,950,950,950,10000
2022-12-09 10:39:00,950,945,950,945,173300
2022-12-09 10:40:00,950,950,950,950,9200
2022-12-09 10:41:00,950,950,950,950,0
2022-12-09 10:42:00,950,950,950,950,7000
2022-12-09 10:43:00,945,945,950,950,200
2022-12-09 10:44:00,950,950,950,950,15200
2022-12-09 10:45:00,950,950,950,950,0
2022-12-09 10:46:00,950,950,950,950,0
2022-12-09 10:47:00,950,950,950,950,0
2022-12-09 10:48:00,950,950,950,950,0
2022-12-09 10:49:00,950,950,950,950,0
2022-12-09 10:50:00,950,950,950,950,0
2022-12-09 10:51:00,950,950,950,950,0
2022-12-09 10:52:00,950,950,950,950,11500
2022-12-09 10:53:00,950,950,950,950,2000
2022-12-09 10:54:00,950,950,950,950,0
2022-12-09 10:55:00,950,950,950,950,0
2022-12-09 10:56:00,950,950,950,950,0
2022-12-09 10:57:00,950,950,950,950,1000
2022-12-09 10:58:00,950,950,950,950,0
2022-12-09 10:59:00,945,945,950,950,55900
2022-12-09 11:00:00,950,945,950,945,0
2022-12-09 11:01:00,950,945,950,945,0
2022-12-09 11:02:00,945,945,950,950,10000
2022-12-09 11:03:00,950,950,950,950,10200
2022-12-09 11:04:00,955,955,955,955,0
2022-12-09 11:05:00,955,955,955,955,0
2022-12-09 11:06:00,955,955,955,955,0
2022-12-09 11:07:00,950,950,950,950,2000
2022-12-09 11:08:00,950,950,950,950,8200
2022-12-09 11:09:00,950,950,950,950,900
2022-12-09 11:10:00,950,950,950,950,0
2022-12-09 11:11:00,950,950,950,950,0
2022-12-09 11:12:00,950,950,950,950,0
2022-12-09 11:13:00,950,950,950,950,0
2022-12-09 11:14:00,950,950,950,950,0
2022-12-09 11:15:00,950,950,950,950,2400
2022-12-09 11:16:00,950,950,950,950,1000
2022-12-09 11:17:00,950,950,950,950,0
2022-12-09 11:18:00,945,945,945,945,2000
2022-12-09 11:19:00,945,945,945,945,8900
2022-12-09 11:20:00,945,945,945,945,0
2022-12-09 11:21:00,945,945,945,945,0
2022-12-09 11:22:00,950,950,950,950,1800
2022-12-09 11:23:00,945,945,945,945,24900
2022-12-09 11:24:00,945,945,945,945,0
2022-12-09 11:25:00,950,950,950,950,0
2022-12-09 11:26:00,950,950,950,950,0
2022-12-09 11:27:00,950,950,950,950,0
2022-12-09 11:28:00,950,945,950,945,1200
2022-12-09 11:29:00,945,945,945,945,2400
2022-12-09 11:30:00,945,945,945,945,0
2022-12-09 11:31:00,945,945,945,945,0
2022-12-09 11:32:00,945,945,945,945,0
2022-12-09 11:33:00,945,945,945,945,0
2022-12-09 11:34:00,945,945,945,945,0
2022-12-09 11:35:00,945,945,945,945,0
2022-12-09 11:36:00,945,945,945,945,0
2022-12-09 11:37:00,945,945,945,945,0
2022-12-09 11:38:00,945,945,945,945,0
2022-12-09 11:39:00,945,945,945,945,0
2022-12-09 11:40:00,945,945,945,945,0
2022-12-09 11:41:00,945,945,945,945,0
2022-12-09 11:42:00,945,945,945,945,0
2022-12-09 11:43:00,945,945,945,945,0
2022-12-09 11:44:00,945,945,945,945,0
2022-12-09 11:45:00,945,945,945,945,0
2022-12-09 11:46:00,945,945,945,945,0
2022-12-09 11:47:00,945,945,945,945,0
2022-12-09 11:48:00,945,945,945,945,0
2022-12-09 11:49:00,945,945,945,945,0
2022-12-09 11:50:00,945,945,945,945,0
2022-12-09 11:51:00,945,945,945,945,0
2022-12-09 11:52:00,945,945,945,945,0
2022-12-09 11:53:00,945,945,945,945,0
2022-12-09 11:54:00,945,945,945,945,0
2022-12-09 11:55:00,945,945,945,945,0
2022-12-09 11:56:00,945,945,945,945,0
2022-12-09 11:57:00,945,945,945,945,0
2022-12-09 11:58:00,945,945,945,945,0
2022-12-09 11:59:00,945,945,945,945,0
2022-12-09 12:00:00,945,945,945,945,0
2022-12-09 12:01:00,945,945,945,945,0
2022-12-09 12:02:00,945,945,945,945,0
2022-12-09 12:03:00,945,945,945,945,0
2022-12-09 12:04:00,945,945,945,945,0
2022-12-09 12:05:00,945,945,945,945,0
2022-12-09 12:06:00,945,945,945,945,0
2022-12-09 12:07:00,945,945,945,945,0
2022-12-09 12:08:00,945,945,945,945,0
2022-12-09 12:09:00,945,945,945,945,0
2022-12-09 12:10:00,945,945,945,945,0
2022-12-09 12:11:00,945,945,945,945,0
2022-12-09 12:12:00,945,945,945,945,0
2022-12-09 12:13:00,945,945,945,945,0
2022-12-09 12:14:00,945,945,945,945,0
2022-12-09 12:15:00,945,945,945,945,0
2022-12-09 12:16:00,945,945,945,945,0
2022-12-09 12:17:00,945,945,945,945,0
2022-12-09 12:18:00,945,945,945,945,0
2022-12-09 12:19:00,945,945,945,945,0
2022-12-09 12:20:00,945,945,945,945,0
2022-12-09 12:21:00,945,945,945,945,0
2022-12-09 12:22:00,945,945,945,945,0
2022-12-09 12:23:00,945,945,945,945,0
2022-12-09 12:24:00,945,945,945,945,0
2022-12-09 12:25:00,945,945,945,945,0
2022-12-09 12:26:00,945,945,945,945,0
2022-12-09 12:27:00,945,945,945,945,0
2022-12-09 12:28:00,945,945,945,945,0
2022-12-09 12:29:00,945,945,945,945,0
2022-12-09 12:30:00,945,945,945,945,0
2022-12-09 12:31:00,945,945,945,945,0
2022-12-09 12:32:00,945,945,945,945,0
2022-12-09 12:33:00,945,945,945,945,0
2022-12-09 12:34:00,945,945,945,945,0
2022-12-09 12:35:00,945,945,945,945,0
2022-12-09 12:36:00,945,945,945,945,0
2022-12-09 12:37:00,945,945,945,945,0
2022-12-09 12:38:00,945,945,945,945,0
2022-12-09 12:39:00,945,945,945,945,0
2022-12-09 12:40:00,945,945,945,945,0
2022-12-09 12:41:00,945,945,945,945,0
2022-12-09 12:42:00,945,945,945,945,0
2022-12-09 12:43:00,945,945,945,945,0
2022-12-09 12:44:00,945,945,945,945,0
2022-12-09 12:45:00,945,945,945,945,0
2022-12-09 12:46:00,945,945,945,945,0
2022-12-09 12:47:00,945,945,945,945,0
2022-12-09 12:48:00,945,945,945,945,0
2022-12-09 12:49:00,945,945,945,945,0
2022-12-09 12:50:00,945,945,945,945,0
2022-12-09 12:51:00,945,945,945,945,0
2022-12-09 12:52:00,945,945,945,945,0
2022-12-09 12:53:00,945,945,945,945,0
2022-12-09 12:54:00,945,945,945,945,0
2022-12-09 12:55:00,945,945,945,945,0
2022-12-09 12:56:00,945,945,945,945,0
2022-12-09 12:57:00,945,945,945,945,0
2022-12-09 12:58:00,945,945,945,945,0
2022-12-09 12:59:00,945,945,945,945,0
2022-12-09 13:00:00,945,945,945,945,0
2022-12-09 13:01:00,945,945,945,945,0
2022-12-09 13:02:00,945,945,945,945,0
2022-12-09 13:03:00,945,945,945,945,0
2022-12-09 13:04:00,945,945,945,945,0
2022-12-09 13:05:00,945,945,945,945,0
2022-12-09 13:06:00,945,945,945,945,0
2022-12-09 13:07:00,945,945,945,945,0
2022-12-09 13:08:00,945,945,945,945,0
2022-12-09 13:09:00,945,945,945,945,0
2022-12-09 13:10:00,945,945,945,945,0
2022-12-09 13:11:00,945,945,945,945,0
2022-12-09 13:12:00,945,945,945,945,0
2022-12-09 13:13:00,945,945,945,945,0
2022-12-09 13:14:00,945,945,945,945,0
2022-12-09 13:15:00,945,945,945,945,0
2022-12-09 13:16:00,945,945,945,945,0
2022-12-09 13:17:00,945,945,945,945,0
2022-12-09 13:18:00,945,945,945,945,0
2022-12-09 13:19:00,945,945,945,945,0
2022-12-09 13:20:00,945,945,945,945,0
2022-12-09 13:21:00,945,945,945,945,0
2022-12-09 13:22:00,945,945,945,945,0
2022-12-09 13:23:00,945,945,945,945,0
2022-12-09 13:24:00,945,945,945,945,0
2022-12-09 13:25:00,945,945,945,945,0
2022-12-09 13:26:00,945,945,945,945,0
2022-12-09 13:27:00,945,945,945,945,0
2022-12-09 13:28:00,945,945,945,945,0
2022-12-09 13:29:00,945,945,945,945,0
2022-12-09 13:30:00,945,945,950,945,59000
2022-12-09 13:31:00,945,945,950,945,0
2022-12-09 13:32:00,945,945,945,945,70100
2022-12-09 13:33:00,945,945,945,945,500
2022-12-09 13:34:00,945,945,945,945,0
2022-12-09 13:35:00,945,945,945,945,28500
2022-12-09 13:36:00,945,945,945,945,47700
2022-12-09 13:37:00,945,945,945,945,7400
2022-12-09 13:38:00,945,945,945,945,3400
2022-12-09 13:39:00,945,945,945,945,2800
2022-12-09 13:40:00,945,945,945,945,0
2022-12-09 13:41:00,945,945,945,945,0
2022-12-09 13:42:00,945,945,945,945,200
2022-12-09 13:43:00,945,945,945,945,0
2022-12-09 13:44:00,945,945,945,945,0
2022-12-09 13:45:00,940,940,940,940,3900
2022-12-09 13:46:00,940,940,940,940,3200
2022-12-09 13:47:00,940,940,940,940,6000
2022-12-09 13:48:00,940,940,940,940,0
2022-12-09 13:49:00,940,940,940,940,208400
2022-12-09 13:50:00,940,940,940,940,0
2022-12-09 13:51:00,940,940,940,940,40000
2022-12-09 13:52:00,940,940,940,940,0
2022-12-09 13:53:00,940,935,940,935,29000
2022-12-09 13:54:00,940,940,940,940,114700
2022-12-09 13:55:00,945,940,945,940,2800
2022-12-09 13:56:00,940,940,945,945,342500
2022-12-09 13:57:00,945,945,945,945,47500
2022-12-09 13:58:00,945,945,945,945,0
2022-12-09 13:59:00,950,950,950,950,0
2022-12-09 14:00:00,950,950,955,950,95800
2022-12-09 14:01:00,950,950,950,950,1800
2022-12-09 14:02:00,950,950,950,950,0
2022-12-09 14:03:00,950,950,950,950,0
2022-12-09 14:04:00,950,945,950,945,0
2022-12-09 14:05:00,950,945,950,945,0
2022-12-09 14:06:00,950,945,950,945,0
2022-12-09 14:07:00,950,945,950,945,0
2022-12-09 14:08:00,950,950,950,950,1000
2022-12-09 14:09:00,950,950,950,950,600
2022-12-09 14:10:00,950,950,950,950,0
2022-12-09 14:11:00,950,950,950,950,1400
2022-12-09 14:12:00,945,945,945,945,2700
2022-12-09 14:13:00,945,945,945,945,5600
2022-12-09 14:14:00,950,950,950,950,16700
2022-12-09 14:15:00,945,945,945,945,95800
2022-12-09 14:16:00,940,940,940,940,0
2022-12-09 14:17:00,940,940,940,940,1000
2022-12-09 14:18:00,940,940,940,940,163200
2022-12-09 14:19:00,940,935,940,935,116100
2022-12-09 14:20:00,940,940,940,940,0
2022-12-09 14:21:00,940,940,940,940,0
2022-12-09 14:22:00,940,940,940,940,0
2022-12-09 14:23:00,940,940,945,945,96500
2022-12-09 14:24:00,950,950,950,950,800
2022-12-09 14:25:00,945,945,945,945,77800
2022-12-09 14:26:00,945,945,945,945,0
2022-12-09 14:27:00,945,945,950,950,0
2022-12-09 14:28:00,945,945,950,950,0
2022-12-09 14:29:00,945,945,950,950,0
2022-12-09 14:30:00,940,940,940,940,5200
2022-12-09 14:31:00,940,940,940,940,0
2022-12-09 14:32:00,945,945,945,945,47800
2022-12-09 14:33:00,945,945,945,945,0
2022-12-09 14:34:00,945,945,945,945,0
2022-12-09 14:35:00,945,940,945,940,192800
2022-12-09 14:36:00,940,940,940,940,4900
2022-12-09 14:37:00,940,940,940,940,0
2022-12-09 14:38:00,940,940,940,940,41500
2022-12-09 14:39:00,940,940,940,940,4900
2022-12-09 14:40:00,940,940,940,940,1500
2022-12-09 14:41:00,940,935,940,935,5900
2022-12-09 14:42:00,935,935,935,935,8900
2022-12-09 14:43:00,940,935,940,935,37900
2022-12-09 14:44:00,935,935,940,940,17500
2022-12-09 14:45:00,940,940,945,945,0
2022-12-09 14:46:00,940,940,945,945,3800
2022-12-09 14:47:00,945,945,945,945,0
2022-12-09 14:48:00,940,940,940,940,47900
2022-12-09 14:49:00,940,940,945,940,0
2022-12-09 14:50:00,940,940,945,940,0
2022-12-09 14:51:00,940,940,945,940,0
2022-12-09 14:52:00,940,940,945,940,0
2022-12-09 14:53:00,940,940,945,940,0
2022-12-09 14:54:00,940,940,945,940,0
2022-12-09 14:55:00,940,940,945,940,0
2022-12-09 14:56:00,940,940,945,940,0
2022-12-09 14:57:00,940,940,945,940,0
2022-12-09 14:58:00,940,940,945,940,0
2022-12-09 14:59:00,940,940,945,940,0
2022-12-09 15:00:00,940,940,940,940,104400
2022-12-09 15:01:00,940,940,940,940,3000
2022-12-09 15:02:00,940,940,940,940,0
2022-12-09 15:03:00,940,940,940,940,0
2022-12-09 15:04:00,940,940,940,940,0
2022-12-09 15:05:00,940,940,940,940,5300
2022-12-09 15:06:00,940,940,940,940,500
2022-12-09 15:07:00,940,940,940,940,2200
2022-12-09 15:08:00,940,940,940,940,0
2022-12-09 15:09:00,940,940,940,940,1500
2022-12-09 15:10:00,940,940,940,940,0
2022-12-09 15:11:00,940,940,940,940,0
2022-12-09 15:12:00,940,940,940,940,0
2022-12-09 15:13:00,940,940,940,940,1000
2022-12-09 15:14:00,940,940,940,940,14300
2022-12-09 15:15:00,940,940,940,940,0
2022-12-09 15:16:00,940,940,940,940,0
2022-12-09 15:17:00,940,940,940,940,0
2022-12-09 15:18:00,940,940,940,940,0
2022-12-09 15:19:00,940,940,940,940,0
2022-12-09 15:20:00,940,940,940,940,0
2022-12-09 15:21:00,940,940,940,940,0
2022-12-09 15:22:00,940,940,940,940,0
2022-12-09 15:23:00,940,940,940,940,0
2022-12-09 15:24:00,940,940,940,940,0
2022-12-09 15:25:00,940,940,940,940,0
2022-12-09 15:26:00,940,940,940,940,0
2022-12-09 15:27:00,940,940,940,940,0
2022-12-09 15:28:00,940,940,940,940,0
2022-12-09 15:29:00,940,940,940,940,0
2022-12-09 15:30:00,940,940,940,940,0
2022-12-09 15:31:00,940,940,940,940,0
2022-12-09 15:32:00,940,940,940,940,0
2022-12-09 15:33:00,940,940,940,940,0
2022-12-09 15:34:00,940,940,940,940,0
2022-12-09 15:35:00,940,940,940,940,0
2022-12-09 15:36:00,940,940,940,940,0
2022-12-09 15:37:00,940,940,940,940,0
2022-12-09 15:38:00,940,940,940,940,0
2022-12-09 15:39:00,940,940,940,940,0
2022-12-09 15:40:00,940,940,940,940,0
2022-12-09 15:41:00,940,940,940,940,0
2022-12-09 15:42:00,940,940,940,940,0
2022-12-09 15:43:00,940,940,940,940,0
2022-12-09 15:44:00,940,940,940,940,0
2022-12-09 15:45:00,940,940,940,940,0
2022-12-09 15:46:00,940,940,940,940,0
2022-12-09 15:47:00,940,940,940,940,0
2022-12-09 15:48:00,940,940,940,940,0
2022-12-09 15:49:00,940,940,940,940,0
2022-12-09 15:50:00,940,940,940,940,0
2022-12-09 15:51:00,940,940,940,940,0
2022-12-09 15:52:00,940,940,940,940,0
2022-12-09 15:53:00,940,940,940,940,0
2022-12-09 15:54:00,940,940,940,940,0
2022-12-09 15:55:00,940,940,940,940,0
2022-12-09 15:56:00,940,940,940,940,0
2022-12-09 15:57:00,940,940,940,940,0
2022-12-09 15:58:00,940,940,940,940,0
2022-12-09 15:59:00,940,940,940,940,0
2022-12-12 09:00:00,940,940,945,940,0
2022-12-12 09:01:00,935,935,935,935,5800
2022-12-12 09:02:00,935,935,935,935,11500
2022-12-12 09:03:00,935,935,935,935,13700
2022-12-12 09:04:00,935,930,935,930,41000
2022-12-12 09:05:00,930,930,935,935,20900
2022-12-12 09:06:00,935,935,935,935,600
2022-12-12 09:07:00,935,935,935,935,8300
2022-12-12 09:08:00,935,935,935,935,3300
2022-12-12 09:09:00,935,935,935,935,18100
2022-12-12 09:10:00,935,935,940,935,5800
2022-12-12 09:11:00,940,940,940,940,500
2022-12-12 09:12:00,940,940,940,940,700
2022-12-12 09:13:00,940,935,940,935,2500
2022-12-12 09:14:00,935,935,935,935,1900
2022-12-12 09:15:00,940,935,940,935,0
2022-12-12 09:16:00,0,0,0,0,0
2022-12-12 09:17:00,0,0,0,0,0
2022-12-12 09:18:00,935,935,935,935,95100
2022-12-12 09:19:00,0,0,0,0,0
2022-12-12 09:20:00,0,0,0,0,0
2022-12-12 09:21:00,935,935,935,935,0
2022-12-12 09:22:00,0,0,0,0,0
2022-12-12 09:23:00,935,935,935,935,300
2022-12-12 09:24:00,0,0,0,0,0
2022-12-12 09:25:00,940,940,940,940,3800
2022-12-12 09:26:00,940,940,940,940,166200
2022-12-12 09:27:00,945,940,945,940,6000
2022-12-12 09:28:00,945,945,945,945,5100
2022-12-12 09:29:00,945,945,945,945,1600
2022-12-12 09:30:00,0,0,0,0,0
2022-12-12 09:31:00,0,0,0,0,0
2022-12-12 09:32:00,945,945,945,945,7900
2022-12-12 09:33:00,950,945,950,950,130000
2022-12-12 09:34:00,950,950,950,950,0
2022-12-12 09:35:00,945,945,945,945,508700
2022-12-12 09:36:00,945,945,950,950,8000
2022-12-12 09:37:00,0,0,0,0,0
2022-12-12 09:38:00,950,950,950,950,6400
2022-12-12 09:39:00,950,950,950,950,8500
2022-12-12 09:40:00,950,950,950,950,0
2022-12-12 09:41:00,950,950,950,950,600
2022-12-12 09:42:00,945,945,945,945,45700
2022-12-12 09:43:00,945,945,950,950,16600
2022-12-12 09:44:00,945,945,945,945,20200
2022-12-12 09:45:00,945,945,945,945,6600
2022-12-12 09:46:00,945,945,945,945,500
2022-12-12 09:47:00,940,940,940,940,5400
2022-12-12 09:48:00,940,940,940,940,22700
2022-12-12 09:49:00,0,0,0,0,0
2022-12-12 09:50:00,0,0,0,0,0
2022-12-12 09:51:00,940,940,940,940,600300
2022-12-12 09:52:00,940,940,940,940,7500
2022-12-12 09:53:00,945,945,945,945,20000
2022-12-12 09:54:00,945,945,945,945,42600
2022-12-12 09:55:00,945,945,945,945,8000
2022-12-12 09:56:00,945,945,945,945,124900
2022-12-12 09:57:00,945,940,945,945,8600
2022-12-12 09:58:00,0,0,0,0,0
2022-12-12 09:59:00,940,940,945,945,5000
2022-12-12 10:00:00,945,945,945,945,19700
2022-12-12 10:01:00,945,945,945,945,0
2022-12-12 10:02:00,0,0,0,0,0
2022-12-12 10:03:00,940,940,945,945,11300
2022-12-12 10:04:00,945,945,945,945,0
2022-12-12 10:05:00,945,945,945,945,1500
2022-12-12 10:06:00,0,0,0,0,0
2022-12-12 10:07:00,945,945,945,945,0
2022-12-12 10:08:00,945,945,945,945,800
2022-12-12 10:09:00,945,945,945,945,15900
2022-12-12 10:10:00,945,945,945,945,0
2022-12-12 10:11:00,945,945,945,945,900
2022-12-12 10:12:00,940,940,940,940,0
2022-12-12 10:13:00,945,945,945,945,5400
2022-12-12 10:14:00,945,945,945,945,17100
2022-12-12 10:15:00,945,945,945,945,900
2022-12-12 10:16:00,945,940,945,940,2200
2022-12-12 10:17:00,0,0,0,0,0
2022-12-12 10:18:00,940,940,940,940,4100
2022-12-12 10:19:00,940,940,940,940,0
2022-12-12 10:20:00,945,945,945,945,300
2022-12-12 10:21:00,945,945,945,945,800
2022-12-12 10:22:00,945,945,945,945,9500
2022-12-12 10:23:00,945,945,945,945,200
2022-12-12 10:24:00,940,940,940,940,300
2022-12-12 10:25:00,0,0,0,0,0
2022-12-12 10:26:00,0,0,0,0,0
2022-12-12 10:27:00,940,940,945,945,8000
2022-12-12 10:28:00,0,0,0,0,0
2022-12-12 10:29:00,940,940,945,945,12100
2022-12-12 10:30:00,0,0,0,0,0
2022-12-12 10:31:00,945,945,945,945,7900
2022-12-12 10:32:00,940,940,940,940,0
2022-12-12 10:33:00,940,940,945,945,32000
2022-12-12 10:34:00,945,945,945,945,38700
2022-12-12 10:35:00,945,945,945,945,134000
2022-12-12 10:36:00,0,0,0,0,0
2022-12-12 10:37:00,945,945,945,945,0
2022-12-12 10:38:00,945,945,945,945,1600
2022-12-12 10:39:00,945,945,945,945,69000
2022-12-12 10:40:00,945,945,945,945,3600
2022-12-12 10:41:00,945,945,945,945,0
2022-12-12 10:42:00,945,945,945,945,2486800
2022-12-12 10:43:00,945,940,945,940,0
2022-12-12 10:44:00,945,945,945,945,3600
2022-12-12 10:45:00,945,945,945,945,300
2022-12-12 10:46:00,945,945,945,945,4300
2022-12-12 10:47:00,0,0,0,0,0
2022-12-12 10:48:00,940,940,940,940,133200
2022-12-12 10:49:00,940,940,940,940,0
2022-12-12 10:50:00,940,940,940,940,100
2022-12-12 10:51:00,940,940,940,940,46000
2022-12-12 10:52:00,940,940,940,940,4000
2022-12-12 10:53:00,940,940,940,940,27200
2022-12-12 10:54:00,0,0,0,0,0
2022-12-12 10:55:00,940,940,945,945,14000
2022-12-12 10:56:00,945,945,945,945,0
2022-12-12 10:57:00,0,0,0,0,0
2022-12-12 10:58:00,0,0,0,0,0
2022-12-12 10:59:00,940,940,940,940,38000
2022-12-12 11:00:00,0,0,0,0,0
2022-12-12 11:01:00,0,0,0,0,0
2022-12-12 11:02:00,945,945,945,945,0
2022-12-12 11:03:00,0,0,0,0,0
2022-12-12 11:04:00,945,945,945,945,0
2022-12-12 11:05:00,0,0,0,0,0
2022-12-12 11:06:00,945,945,945,945,6600
2022-12-12 11:07:00,0,0,0,0,0
2022-12-12 11:08:00,0,0,0,0,0
2022-12-12 11:09:00,0,0,0,0,0
2022-12-12 11:10:00,945,940,945,945,5000
2022-12-12 11:11:00,945,945,945,945,0
2022-12-12 11:12:00,940,940,940,940,3500
2022-12-12 11:13:00,940,940,940,940,0
2022-12-12 11:14:00,945,945,945,945,1100
2022-12-12 11:15:00,945,945,945,945,4200
2022-12-12 11:16:00,0,0,0,0,0
2022-12-12 11:17:00,945,945,945,945,17600
2022-12-12 11:18:00,0,0,0,0,0
2022-12-12 11:19:00,0,0,0,0,0
2022-12-12 11:20:00,0,0,0,0,0
2022-12-12 11:21:00,0,0,0,0,0
2022-12-12 11:22:00,945,940,945,940,9600
2022-12-12 11:23:00,0,0,0,0,0
2022-12-12 11:24:00,940,940,940,940,0
2022-12-12 11:25:00,0,0,0,0,0
2022-12-12 11:26:00,940,940,940,940,180600
2022-12-12 11:27:00,940,940,940,940,0
2022-12-12 11:28:00,0,0,0,0,0
2022-12-12 11:29:00,0,0,0,0,0
2022-12-12 11:30:00,0,0,0,0,0
2022-12-12 11:31:00,0,0,0,0,0
2022-12-12 11:32:00,0,0,0,0,0
2022-12-12 11:33:00,0,0,0,0,0
2022-12-12 11:34:00,0,0,0,0,0
2022-12-12 11:35:00,0,0,0,0,0
2022-12-12 11:36:00,0,0,0,0,0
2022-12-12 11:37:00,0,0,0,0,0
2022-12-12 11:38:00,0,0,0,0,0
2022-12-12 11:39:00,0,0,0,0,0
2022-12-12 11:40:00,0,0,0,0,0
2022-12-12 11:41:00,0,0,0,0,0
2022-12-12 11:42:00,0,0,0,0,0
2022-12-12 11:43:00,0,0,0,0,0
2022-12-12 11:44:00,0,0,0,0,0
2022-12-12 11:45:00,0,0,0,0,0
2022-12-12 11:46:00,0,0,0,0,0
2022-12-12 11:47:00,0,0,0,0,0
2022-12-12 11:48:00,0,0,0,0,0
2022-12-12 11:49:00,0,0,0,0,0
2022-12-12 11:50:00,0,0,0,0,0
2022-12-12 11:51:00,0,0,0,0,0
2022-12-12 11:52:00,0,0,0,0,0
2022-12-12 11:53:00,0,0,0,0,0
2022-12-12 11:54:00,0,0,0,0,0
2022-12-12 11:55:00,0,0,0,0,0
2022-12-12 11:56:00,0,0,0,0,0
2022-12-12 11:57:00,0,0,0,0,0
2022-12-12 11:58:00,0,0,0,0,0
2022-12-12 11:59:00,0,0,0,0,0
2022-12-12 12:00:00,0,0,0,0,0
2022-12-12 12:01:00,0,0,0,0,0
2022-12-12 12:02:00,0,0,0,0,0
2022-12-12 12:03:00,0,0,0,0,0
2022-12-12 12:04:00,0,0,0,0,0
2022-12-12 12:05:00,0,0,0,0,0
2022-12-12 12:06:00,0,0,0,0,0
2022-12-12 12:07:00,0,0,0,0,0
2022-12-12 12:08:00,0,0,0,0,0
2022-12-12 12:09:00,0,0,0,0,0
2022-12-12 12:10:00,0,0,0,0,0
2022-12-12 12:11:00,0,0,0,0,0
2022-12-12 12:12:00,0,0,0,0,0
2022-12-12 12:13:00,0,0,0,0,0
2022-12-12 12:14:00,0,0,0,0,0
2022-12-12 12:15:00,0,0,0,0,0
2022-12-12 12:16:00,0,0,0,0,0
2022-12-12 12:17:00,0,0,0,0,0
2022-12-12 12:18:00,0,0,0,0,0
2022-12-12 12:19:00,0,0,0,0,0
2022-12-12 12:20:00,0,0,0,0,0
2022-12-12 12:21:00,0,0,0,0,0
2022-12-12 12:22:00,0,0,0,0,0
2022-12-12 12:23:00,0,0,0,0,0
2022-12-12 12:24:00,0,0,0,0,0
2022-12-12 12:25:00,0,0,0,0,0
2022-12-12 12:26:00,0,0,0,0,0
2022-12-12 12:27:00,0,0,0,0,0
2022-12-12 12:28:00,0,0,0,0,0
2022-12-12 12:29:00,0,0,0,0,0
2022-12-12 12:30:00,0,0,0,0,0
2022-12-12 12:31:00,0,0,0,0,0
2022-12-12 12:32:00,0,0,0,0,0
2022-12-12 12:33:00,0,0,0,0,0
2022-12-12 12:34:00,0,0,0,0,0
2022-12-12 12:35:00,0,0,0,0,0
2022-12-12 12:36:00,0,0,0,0,0
2022-12-12 12:37:00,0,0,0,0,0
2022-12-12 12:38:00,0,0,0,0,0
2022-12-12 12:39:00,0,0,0,0,0
2022-12-12 12:40:00,0,0,0,0,0
2022-12-12 12:41:00,0,0,0,0,0
2022-12-12 12:42:00,0,0,0,0,0
2022-12-12 12:43:00,0,0,0,0,0
2022-12-12 12:44:00,0,0,0,0,0
2022-12-12 12:45:00,0,0,0,0,0
2022-12-12 12:46:00,0,0,0,0,0
2022-12-12 12:47:00,0,0,0,0,0
2022-12-12 12:48:00,0,0,0,0,0
2022-12-12 12:49:00,0,0,0,0,0
2022-12-12 12:50:00,0,0,0,0,0
2022-12-12 12:51:00,0,0,0,0,0
2022-12-12 12:52:00,0,0,0,0,0
2022-12-12 12:53:00,0,0,0,0,0
2022-12-12 12:54:00,0,0,0,0,0
2022-12-12 12:55:00,0,0,0,0,0
2022-12-12 12:56:00,0,0,0,0,0
2022-12-12 12:57:00,0,0,0,0,0
2022-12-12 12:58:00,0,0,0,0,0
2022-12-12 12:59:00,0,0,0,0,0
2022-12-12 13:00:00,0,0,0,0,0
2022-12-12 13:01:00,0,0,0,0,0
2022-12-12 13:02:00,0,0,0,0,0
2022-12-12 13:03:00,0,0,0,0,0
2022-12-12 13:04:00,0,0,0,0,0
2022-12-12 13:05:00,0,0,0,0,0
2022-12-12 13:06:00,0,0,0,0,0
2022-12-12 13:07:00,0,0,0,0,0
2022-12-12 13:08:00,0,0,0,0,0
2022-12-12 13:09:00,0,0,0,0,0
2022-12-12 13:10:00,0,0,0,0,0
2022-12-12 13:11:00,0,0,0,0,0
2022-12-12 13:12:00,0,0,0,0,0
2022-12-12 13:13:00,0,0,0,0,0
2022-12-12 13:14:00,0,0,0,0,0
2022-12-12 13:15:00,0,0,0,0,0
2022-12-12 13:16:00,0,0,0,0,0
2022-12-12 13:17:00,0,0,0,0,0
2022-12-12 13:18:00,0,0,0,0,0
2022-12-12 13:19:00,0,0,0,0,0
2022-12-12 13:20:00,0,0,0,0,0
2022-12-12 13:21:00,0,0,0,0,0
2022-12-12 13:22:00,0,0,0,0,0
2022-12-12 13:23:00,0,0,0,0,0
2022-12-12 13:24:00,0,0,0,0,0
2022-12-12 13:25:00,0,0,0,0,0
2022-12-12 13:26:00,0,0,0,0,0
2022-12-12 13:27:00,0,0,0,0,0
2022-12-12 13:28:00,0,0,0,0,0
2022-12-12 13:29:00,0,0,0,0,0
2022-12-12 13:30:00,940,935,940,935,13000
2022-12-12 13:31:00,0,0,0,0,0
2022-12-12 13:32:00,0,0,0,0,0
2022-12-12 13:33:00,0,0,0,0,0
2022-12-12 13:34:00,935,935,935,935,600
2022-12-12 13:35:00,935,935,935,935,119500
2022-12-12 13:36:00,935,935,935,935,1800
2022-12-12 13:37:00,0,0,0,0,0
2022-12-12 13:38:00,935,935,935,935,5100
2022-12-12 13:39:00,0,0,0,0,0
2022-12-12 13:40:00,935,935,935,935,10000
2022-12-12 13:41:00,935,935,935,935,7400
2022-12-12 13:42:00,0,0,0,0,0
2022-12-12 13:43:00,935,935,935,935,3200
2022-12-12 13:44:00,935,935,935,935,0
2022-12-12 13:45:00,0,0,0,0,0
2022-12-12 13:46:00,0,0,0,0,0
2022-12-12 13:47:00,940,940,940,940,10000
2022-12-12 13:48:00,940,940,940,940,0
2022-12-12 13:49:00,940,940,940,940,10900
2022-12-12 13:50:00,935,935,935,935,0
2022-12-12 13:51:00,0,0,0,0,0
2022-12-12 13:52:00,935,935,935,935,8800
2022-12-12 13:53:00,0,0,0,0,0
2022-12-12 13:54:00,935,935,940,940,67600
2022-12-12 13:55:00,940,940,940,940,2200
2022-12-12 13:56:00,940,940,940,940,103700
2022-12-12 13:57:00,935,935,935,935,30200
2022-12-12 13:58:00,0,0,0,0,0
2022-12-12 13:59:00,0,0,0,0,0
2022-12-12 14:00:00,935,935,935,935,28600
2022-12-12 14:01:00,940,940,940,940,13300
2022-12-12 14:02:00,0,0,0,0,0
2022-12-12 14:03:00,940,935,940,935,17300
2022-12-12 14:04:00,935,935,935,935,0
2022-12-12 14:05:00,0,0,0,0,0
2022-12-12 14:06:00,0,0,0,0,0
2022-12-12 14:07:00,935,935,935,935,146800
2022-12-12 14:08:00,935,935,935,935,4200
2022-12-12 14:09:00,935,935,935,935,25400
2022-12-12 14:10:00,940,940,940,940,6100
2022-12-12 14:11:00,0,0,0,0,0
2022-12-12 14:12:00,935,935,940,940,0
2022-12-12 14:13:00,0,0,0,0,0
2022-12-12 14:14:00,940,940,940,940,0
2022-12-12 14:15:00,0,0,0,0,0
2022-12-12 14:16:00,940,940,940,940,4700
2022-12-12 14:17:00,0,0,0,0,0
2022-12-12 14:18:00,0,0,0,0,0
2022-12-12 14:19:00,940,940,940,940,39900
2022-12-12 14:20:00,940,940,940,940,0
2022-12-12 14:21:00,940,940,940,940,155000
2022-12-12 14:22:00,935,935,935,935,0
2022-12-12 14:23:00,935,935,935,935,9700
2022-12-12 14:24:00,940,940,940,940,16100
2022-12-12 14:25:00,940,940,940,940,54300
2022-12-12 14:26:00,940,940,940,940,240400
2022-12-12 14:27:00,940,940,940,940,5046800
2022-12-12 14:28:00,940,940,945,945,5308600
2022-12-12 14:29:00,945,945,945,945,196600
2022-12-12 14:30:00,945,940,945,940,18900
2022-12-12 14:31:00,940,940,940,940,137100
2022-12-12 14:32:00,0,0,0,0,0
2022-12-12 14:33:00,940,940,940,940,11500
2022-12-12 14:34:00,940,940,940,940,55000
2022-12-12 14:35:00,940,940,940,940,12800
2022-12-12 14:36:00,0,0,0,0,0
2022-12-12 14:37:00,940,940,940,940,0
2022-12-12 14:38:00,940,940,940,940,43000
2022-12-12 14:39:00,0,0,0,0,0
2022-12-12 14:40:00,935,935,940,935,23800
2022-12-12 14:41:00,935,935,940,940,11200
2022-12-12 14:42:00,0,0,0,0,0
2022-12-12 14:43:00,940,940,940,940,100
2022-12-12 14:44:00,940,940,940,940,5100
2022-12-12 14:45:00,940,940,940,940,200
2022-12-12 14:46:00,935,935,935,935,37700
2022-12-12 14:47:00,935,935,935,935,130800
2022-12-12 14:48:00,935,935,935,935,0
2022-12-12 14:49:00,940,935,940,935,28400
2022-12-12 14:50:00,0,0,0,0,0
2022-12-12 14:51:00,0,0,0,0,0
2022-12-12 14:52:00,0,0,0,0,0
2022-12-12 14:53:00,0,0,0,0,0
2022-12-12 14:54:00,0,0,0,0,0
2022-12-12 14:55:00,0,0,0,0,0
2022-12-12 14:56:00,0,0,0,0,0
2022-12-12 14:57:00,0,0,0,0,0
2022-12-12 14:58:00,0,0,0,0,0
2022-12-12 14:59:00,0,0,0,0,0
2022-12-12 15:00:00,945,945,945,945,919000
2022-12-12 15:01:00,945,945,945,945,500
2022-12-12 15:02:00,945,945,945,945,2300
2022-12-12 15:03:00,945,945,945,945,23400
2022-12-12 15:04:00,945,945,945,945,7400
2022-12-12 15:05:00,945,945,945,945,0
2022-12-12 15:06:00,0,0,0,0,0
2022-12-12 15:07:00,0,0,0,0,0
2022-12-12 15:08:00,0,0,0,0,0
2022-12-12 15:09:00,945,945,945,945,62800
2022-12-12 15:10:00,945,945,945,945,2200
2022-12-12 15:11:00,945,945,945,945,1200
2022-12-12 15:12:00,945,945,945,945,400
2022-12-12 15:13:00,945,945,945,945,118600
2022-12-12 15:14:00,945,945,945,945,16240800
2022-12-12 15:15:00,0,0,0,0,0
2022-12-12 15:16:00,0,0,0,0,0
2022-12-12 15:17:00,0,0,0,0,0
2022-12-12 15:18:00,0,0,0,0,0
2022-12-12 15:19:00,0,0,0,0,0
2022-12-12 15:20:00,0,0,0,0,0
2022-12-12 15:21:00,0,0,0,0,0
2022-12-12 15:22:00,0,0,0,0,0
2022-12-12 15:23:00,0,0,0,0,0
2022-12-12 15:24:00,0,0,0,0,0
2022-12-12 15:25:00,0,0,0,0,0
2022-12-12 15:26:00,0,0,0,0,0
2022-12-12 15:27:00,0,0,0,0,0
2022-12-12 15:28:00,0,0,0,0,0
2022-12-12 15:29:00,0,0,0,0,0
2022-12-12 15:30:00,0,0,0,0,0
2022-12-12 15:31:00,0,0,0,0,0
2022-12-12 15:32:00,0,0,0,0,0
2022-12-12 15:33:00,0,0,0,0,0
2022-12-12 15:34:00,0,0,0,0,0
2022-12-12 15:35:00,0,0,0,0,0
2022-12-12 15:36:00,0,0,0,0,0
2022-12-12 15:37:00,0,0,0,0,0
2022-12-12 15:38:00,0,0,0,0,0
2022-12-12 15:39:00,0,0,0,0,0
2022-12-12 15:40:00,0,0,0,0,0
2022-12-12 15:41:00,0,0,0,0,0
2022-12-12 15:42:00,0,0,0,0,0
2022-12-12 15:43:00,0,0,0,0,0
2022-12-12 15:44:00,0,0,0,0,0
2022-12-12 15:45:00,0,0,0,0,0
2022-12-12 15:46:00,0,0,0,0,0
2022-12-12 15:47:00,0,0,0,0,0
2022-12-12 15:48:00,0,0,0,0,0
2022-12-12 15:49:00,0,0,0,0,0
2022-12-12 15:50:00,0,0,0,0,0
2022-12-12 15:51:00,0,0,0,0,0
2022-12-12 15:52:00,0,0,0,0,0
2022-12-12 15:53:00,0,0,0,0,0
2022-12-12 15:54:00,0,0,0,0,0
2022-12-12 15:55:00,0,0,0,0,0
2022-12-12 15:56:00,0,0,0,0,0
2022-12-12 15:57:00,0,0,0,0,0
2022-12-12 15:58:00,0,0,0,0,0
2022-12-12 15:59:00,0,0,0,0,0
2022-12-13 09:00:00,945,935,945,945,0
2022-12-13 09:01:00,940,940,945,940,33800
2022-12-13 09:02:00,940,940,940,940,0
2022-12-13 09:03:00,940,940,945,940,45800
2022-12-13 09:04:00,940,940,940,940,10000
2022-12-13 09:05:00,940,940,940,940,5600
2022-12-13 09:06:00,940,940,940,940,1400
2022-12-13 09:07:00,940,940,940,940,12300
2022-12-13 09:08:00,940,930,940,935,354700
2022-12-13 09:09:00,935,935,940,935,9900
2022-12-13 09:10:00,940,940,940,940,22800
2022-12-13 09:11:00,940,940,940,940,39900
2022-12-13 09:12:00,940,940,940,940,0
2022-12-13 09:13:00,940,940,945,940,58500
2022-12-13 09:14:00,935,935,935,935,294300
2022-12-13 09:15:00,930,930,935,935,10900
2022-12-13 09:16:00,935,930,935,930,31500
2022-12-13 09:17:00,935,930,935,935,59200
2022-12-13 09:18:00,930,930,935,930,17800
2022-12-13 09:19:00,935,935,935,935,4000
2022-12-13 09:20:00,935,930,935,930,554600
2022-12-13 09:21:00,930,930,930,930,30300
2022-12-13 09:22:00,930,930,930,930,0
2022-12-13 09:23:00,930,930,935,935,25800
2022-12-13 09:24:00,930,930,935,935,3000
2022-12-13 09:25:00,930,930,930,930,1700
2022-12-13 09:26:00,930,930,935,930,19300
2022-12-13 09:27:00,930,930,935,930,81700
2022-12-13 09:28:00,930,930,930,930,17800
2022-12-13 09:29:00,930,925,930,930,128800
2022-12-13 09:30:00,925,925,930,930,81400
2022-12-13 09:31:00,930,930,930,930,0
2022-12-13 09:32:00,930,930,930,930,22400
2022-12-13 09:33:00,930,930,930,930,4500
2022-12-13 09:34:00,930,930,930,930,10800
2022-12-13 09:35:00,930,930,930,930,2200
2022-12-13 09:36:00,935,935,935,935,400
2022-12-13 09:37:00,930,930,935,935,100
2022-12-13 09:38:00,935,935,935,935,9300
2022-12-13 09:39:00,935,935,935,935,8200
2022-12-13 09:40:00,935,935,935,935,5100
2022-12-13 09:41:00,0,0,0,0,0
2022-12-13 09:42:00,935,930,935,935,1200
2022-12-13 09:43:00,935,935,940,940,192100
2022-12-13 09:44:00,940,940,940,940,0
2022-12-13 09:45:00,935,935,935,935,2200
2022-12-13 09:46:00,940,940,940,940,3200
2022-12-13 09:47:00,940,935,940,935,33100
2022-12-13 09:48:00,940,940,940,940,0
2022-12-13 09:49:00,935,935,940,940,13800
2022-12-13 09:50:00,940,940,940,940,29000
2022-12-13 09:51:00,940,940,940,940,41900
2022-12-13 09:52:00,940,940,940,940,55600
2022-12-13 09:53:00,940,940,940,940,20200
2022-12-13 09:54:00,940,940,940,940,6600
2022-12-13 09:55:00,0,0,0,0,0
2022-12-13 09:56:00,0,0,0,0,0
2022-12-13 09:57:00,0,0,0,0,0
2022-12-13 09:58:00,940,940,945,940,315100
2022-12-13 09:59:00,945,945,945,945,81000
2022-12-13 10:00:00,945,945,945,945,0
2022-12-13 10:01:00,940,940,945,945,77700
2022-12-13 10:02:00,945,945,945,945,11500
2022-12-13 10:03:00,0,0,0,0,0
2022-12-13 10:04:00,0,0,0,0,0
2022-12-13 10:05:00,0,0,0,0,0
2022-12-13 10:06:00,0,0,0,0,0
2022-12-13 10:07:00,950,950,950,950,6100
2022-12-13 10:08:00,950,945,950,945,19200
2022-12-13 10:09:00,945,945,945,945,0
2022-12-13 10:10:00,945,945,945,945,15800
2022-12-13 10:11:00,945,945,945,945,5800
2022-12-13 10:12:00,945,945,945,945,4500
2022-12-13 10:13:00,945,945,945,945,0
2022-12-13 10:14:00,945,945,945,945,9700
2022-12-13 10:15:00,0,0,0,0,0
2022-12-13 10:16:00,945,945,945,945,196300
2022-12-13 10:17:00,945,945,945,945,26100
2022-12-13 10:18:00,0,0,0,0,0
2022-12-13 10:19:00,945,945,945,945,800
2022-12-13 10:20:00,945,945,945,945,4900
2022-12-13 10:21:00,0,0,0,0,0
2022-12-13 10:22:00,0,0,0,0,0
2022-12-13 10:23:00,945,945,945,945,700
2022-12-13 10:24:00,945,940,945,940,400
2022-12-13 10:25:00,0,0,0,0,0
2022-12-13 10:26:00,940,940,940,940,200
2022-12-13 10:27:00,940,940,945,945,7900
2022-12-13 10:28:00,0,0,0,0,0
2022-12-13 10:29:00,0,0,0,0,0
2022-12-13 10:30:00,0,0,0,0,0
2022-12-13 10:31:00,0,0,0,0,0
2022-12-13 10:32:00,0,0,0,0,0
2022-12-13 10:33:00,940,940,940,940,2200
2022-12-13 10:34:00,940,940,940,940,800
2022-12-13 10:35:00,940,940,940,940,16800
2022-12-13 10:36:00,0,0,0,0,0
2022-12-13 10:37:00,940,940,940,940,0
2022-12-13 10:38:00,940,940,940,940,100
2022-12-13 10:39:00,0,0,0,0,0
2022-12-13 10:40:00,0,0,0,0,0
2022-12-13 10:41:00,940,940,940,940,3200
2022-12-13 10:42:00,940,940,940,940,0
2022-12-13 10:43:00,0,0,0,0,0
2022-12-13 10:44:00,940,940,940,940,200
2022-12-13 10:45:00,0,0,0,0,0
2022-12-13 10:46:00,940,940,940,940,100
2022-12-13 10:47:00,940,940,940,940,2700
2022-12-13 10:48:00,0,0,0,0,0
2022-12-13 10:49:00,940,940,940,940,16000
2022-12-13 10:50:00,940,940,940,940,0
2022-12-13 10:51:00,940,940,940,940,0
2022-12-13 10:52:00,0,0,0,0,0
2022-12-13 10:53:00,940,940,940,940,3100
2022-12-13 10:54:00,940,940,940,940,700
2022-12-13 10:55:00,940,940,940,940,0
2022-12-13 10:56:00,945,945,945,945,200
2022-12-13 10:57:00,940,940,940,940,300
2022-12-13 10:58:00,0,0,0,0,0
2022-12-13 10:59:00,940,940,940,940,100
2022-12-13 11:00:00,0,0,0,0,0
2022-12-13 11:01:00,940,940,940,940,200
2022-12-13 11:02:00,0,0,0,0,0
2022-12-13 11:03:00,940,940,940,940,1300
2022-12-13 11:04:00,940,940,940,940,0
2022-12-13 11:05:00,945,945,945,945,1100
2022-12-13 11:06:00,940,940,940,940,0
2022-12-13 11:07:00,0,0,0,0,0
2022-12-13 11:08:00,940,940,940,940,200
2022-12-13 11:09:00,0,0,0,0,0
2022-12-13 11:10:00,940,940,940,940,100
2022-12-13 11:11:00,940,940,940,940,1900
2022-12-13 11:12:00,0,0,0,0,0
2022-12-13 11:13:00,940,940,940,940,200
2022-12-13 11:14:00,940,940,940,940,900
2022-12-13 11:15:00,945,940,945,940,200
2022-12-13 11:16:00,940,940,940,940,4700
2022-12-13 11:17:00,940,940,940,940,0
2022-12-13 11:18:00,940,940,940,940,3700
2022-12-13 11:19:00,940,940,940,940,0
2022-12-13 11:20:00,940,940,940,940,100
2022-12-13 11:21:00,940,940,940,940,100
2022-12-13 11:22:00,940,940,940,940,200
2022-12-13 11:23:00,940,940,940,940,200
2022-12-13 11:24:00,940,940,940,940,0
2022-12-13 11:25:00,945,940,945,940,1300
2022-12-13 11:26:00,940,940,940,940,100
2022-12-13 11:27:00,940,940,945,945,1100
2022-12-13 11:28:00,945,945,945,945,1500
2022-12-13 11:29:00,0,0,0,0,0
2022-12-13 11:30:00,0,0,0,0,0
2022-12-13 11:31:00,0,0,0,0,0
2022-12-13 11:32:00,0,0,0,0,0
2022-12-13 11:33:00,0,0,0,0,0
2022-12-13 11:34:00,0,0,0,0,0
2022-12-13 11:35:00,0,0,0,0,0
2022-12-13 11:36:00,0,0,0,0,0
2022-12-13 11:37:00,0,0,0,0,0
2022-12-13 11:38:00,0,0,0,0,0
2022-12-13 11:39:00,0,0,0,0,0
2022-12-13 11:40:00,0,0,0,0,0
2022-12-13 11:41:00,0,0,0,0,0
2022-12-13 11:42:00,0,0,0,0,0
2022-12-13 11:43:00,0,0,0,0,0
2022-12-13 11:44:00,0,0,0,0,0
2022-12-13 11:45:00,0,0,0,0,0
2022-12-13 11:46:00,0,0,0,0,0
2022-12-13 11:47:00,0,0,0,0,0
2022-12-13 11:48:00,0,0,0,0,0
2022-12-13 11:49:00,0,0,0,0,0
2022-12-13 11:50:00,0,0,0,0,0
2022-12-13 11:51:00,0,0,0,0,0
2022-12-13 11:52:00,0,0,0,0,0
2022-12-13 11:53:00,0,0,0,0,0
2022-12-13 11:54:00,0,0,0,0,0
2022-12-13 11:55:00,0,0,0,0,0
2022-12-13 11:56:00,0,0,0,0,0
2022-12-13 11:57:00,0,0,0,0,0
2022-12-13 11:58:00,0,0,0,0,0
2022-12-13 11:59:00,0,0,0,0,0
2022-12-13 12:00:00,0,0,0,0,0
2022-12-13 12:01:00,0,0,0,0,0
2022-12-13 12:02:00,0,0,0,0,0
2022-12-13 12:03:00,0,0,0,0,0
2022-12-13 12:04:00,0,0,0,0,0
2022-12-13 12:05:00,0,0,0,0,0
2022-12-13 12:06:00,0,0,0,0,0
2022-12-13 12:07:00,0,0,0,0,0
2022-12-13 12:08:00,0,0,0,0,0
2022-12-13 12:09:00,0,0,0,0,0
2022-12-13 12:10:00,0,0,0,0,0
2022-12-13 12:11:00,0,0,0,0,0
2022-12-13 12:12:00,0,0,0,0,0
2022-12-13 12:13:00,0,0,0,0,0
2022-12-13 12:14:00,0,0,0,0,0
2022-12-13 12:15:00,0,0,0,0,0
2022-12-13 12:16:00,0,0,0,0,0
2022-12-13 12:17:00,0,0,0,0,0
2022-12-13 12:18:00,0,0,0,0,0
2022-12-13 12:19:00,0,0,0,0,0
2022-12-13 12:20:00,0,0,0,0,0
2022-12-13 12:21:00,0,0,0,0,0
2022-12-13 12:22:00,0,0,0,0,0
2022-12-13 12:23:00,0,0,0,0,0
2022-12-13 12:24:00,0,0,0,0,0
2022-12-13 12:25:00,0,0,0,0,0
2022-12-13 12:26:00,0,0,0,0,0
2022-12-13 12:27:00,0,0,0,0,0
2022-12-13 12:28:00,0,0,0,0,0
2022-12-13 12:29:00,0,0,0,0,0
2022-12-13 12:30:00,0,0,0,0,0
2022-12-13 12:31:00,0,0,0,0,0
2022-12-13 12:32:00,0,0,0,0,0
2022-12-13 12:33:00,0,0,0,0,0
2022-12-13 12:34:00,0,0,0,0,0
2022-12-13 12:35:00,0,0,0,0,0
2022-12-13 12:36:00,0,0,0,0,0
2022-12-13 12:37:00,0,0,0,0,0
2022-12-13 12:38:00,0,0,0,0,0
2022-12-13 12:39:00,0,0,0,0,0
2022-12-13 12:40:00,0,0,0,0,0
2022-12-13 12:41:00,0,0,0,0,0
2022-12-13 12:42:00,0,0,0,0,0
2022-12-13 12:43:00,0,0,0,0,0
2022-12-13 12:44:00,0,0,0,0,0
2022-12-13 12:45:00,0,0,0,0,0
2022-12-13 12:46:00,0,0,0,0,0
2022-12-13 12:47:00,0,0,0,0,0
2022-12-13 12:48:00,0,0,0,0,0
2022-12-13 12:49:00,0,0,0,0,0
2022-12-13 12:50:00,0,0,0,0,0
2022-12-13 12:51:00,0,0,0,0,0
2022-12-13 12:52:00,0,0,0,0,0
2022-12-13 12:53:00,0,0,0,0,0
2022-12-13 12:54:00,0,0,0,0,0
2022-12-13 12:55:00,0,0,0,0,0
2022-12-13 12:56:00,0,0,0,0,0
2022-12-13 12:57:00,0,0,0,0,0
2022-12-13 12:58:00,0,0,0,0,0
2022-12-13 12:59:00,0,0,0,0,0
2022-12-13 13:00:00,0,0,0,0,0
2022-12-13 13:01:00,0,0,0,0,0
2022-12-13 13:02:00,0,0,0,0,0
2022-12-13 13:03:00,0,0,0,0,0
2022-12-13 13:04:00,0,0,0,0,0
2022-12-13 13:05:00,0,0,0,0,0
2022-12-13 13:06:00,0,0,0,0,0
2022-12-13 13:07:00,0,0,0,0,0
2022-12-13 13:08:00,0,0,0,0,0
2022-12-13 13:09:00,0,0,0,0,0
2022-12-13 13:10:00,0,0,0,0,0
2022-12-13 13:11:00,0,0,0,0,0
2022-12-13 13:12:00,0,0,0,0,0
2022-12-13 13:13:00,0,0,0,0,0
2022-12-13 13:14:00,0,0,0,0,0
2022-12-13 13:15:00,0,0,0,0,0
2022-12-13 13:16:00,0,0,0,0,0
2022-12-13 13:17:00,0,0,0,0,0
2022-12-13 13:18:00,0,0,0,0,0
2022-12-13 13:19:00,0,0,0,0,0
2022-12-13 13:20:00,0,0,0,0,0
2022-12-13 13:21:00,0,0,0,0,0
2022-12-13 13:22:00,0,0,0,0,0
2022-12-13 13:23:00,0,0,0,0,0
2022-12-13 13:24:00,0,0,0,0,0
2022-12-13 13:25:00,0,0,0,0,0
2022-12-13 13:26:00,0,0,0,0,0
2022-12-13 13:27:00,0,0,0,0,0
2022-12-13 13:28:00,0,0,0,0,0
2022-12-13 13:29:00,0,0,0,0,0
2022-12-13 13:30:00,945,940,945,945,74400
2022-12-13 13:31:00,0,0,0,0,0
2022-12-13 13:32:00,0,0,0,0,0
2022-12-13 13:33:00,0,0,0,0,0
2022-12-13 13:34:00,0,0,0,0,0
2022-12-13 13:35:00,0,0,0,0,0
2022-12-13 13:36:00,945,945,945,945,300
2022-12-13 13:37:00,945,945,945,945,20200
2022-12-13 13:38:00,945,945,945,945,7200
2022-12-13 13:39:00,0,0,0,0,0
2022-12-13 13:40:00,945,945,945,945,15400
2022-12-13 13:41:00,945,945,945,945,2500
2022-12-13 13:42:00,945,945,945,945,2000
2022-12-13 13:43:00,940,940,945,945,100
2022-12-13 13:44:00,0,0,0,0,0
2022-12-13 13:45:00,945,945,945,945,500
2022-12-13 13:46:00,0,0,0,0,0
2022-12-13 13:47:00,0,0,0,0,0
2022-12-13 13:48:00,940,940,940,940,0
2022-12-13 13:49:00,940,940,940,940,8400
2022-12-13 13:50:00,0,0,0,0,0
2022-12-13 13:51:00,940,940,945,945,2600
2022-12-13 13:52:00,0,0,0,0,0
2022-12-13 13:53:00,945,945,945,945,51800
2022-12-13 13:54:00,0,0,0,0,0
2022-12-13 13:55:00,945,945,945,945,2500
2022-12-13 13:56:00,0,0,0,0,0
2022-12-13 13:57:00,0,0,0,0,0
2022-12-13 13:58:00,940,940,940,940,100
2022-12-13 13:59:00,945,945,945,945,300
2022-12-13 14:00:00,945,940,945,940,900
2022-12-13 14:01:00,940,940,940,940,200
2022-12-13 14:02:00,940,940,940,940,2900
2022-12-13 14:03:00,940,940,940,940,63500
2022-12-13 14:04:00,0,0,0,0,0
2022-12-13 14:05:00,945,945,945,945,12500
2022-12-13 14:06:00,940,940,940,940,200
2022-12-13 14:07:00,945,940,945,940,700
2022-12-13 14:08:00,945,945,945,945,0
2022-12-13 14:09:00,0,0,0,0,0
2022-12-13 14:10:00,940,940,940,940,200
2022-12-13 14:11:00,940,940,940,940,200
2022-12-13 14:12:00,0,0,0,0,0
2022-12-13 14:13:00,940,940,940,940,100
2022-12-13 14:14:00,940,940,940,940,200
2022-12-13 14:15:00,0,0,0,0,0
2022-12-13 14:16:00,940,940,940,940,100
2022-12-13 14:17:00,940,940,940,940,200
2022-12-13 14:18:00,940,940,940,940,10100
2022-12-13 14:19:00,940,940,940,940,0
2022-12-13 14:20:00,940,940,940,940,19600
2022-12-13 14:21:00,940,940,945,945,20600
2022-12-13 14:22:00,945,940,945,945,67400
2022-12-13 14:23:00,940,940,940,940,18300
2022-12-13 14:24:00,940,940,945,945,15700
2022-12-13 14:25:00,945,945,945,945,50000
2022-12-13 14:26:00,940,940,940,940,0
2022-12-13 14:27:00,945,945,945,945,0
2022-12-13 14:28:00,0,0,0,0,0
2022-12-13 14:29:00,940,940,940,940,400
2022-12-13 14:30:00,940,940,940,940,900
2022-12-13 14:31:00,940,940,940,940,1700
2022-12-13 14:32:00,940,940,945,945,200
2022-12-13 14:33:00,940,940,940,940,200
2022-12-13 14:34:00,940,940,940,940,128900
2022-12-13 14:35:00,940,940,940,940,0
2022-12-13 14:36:00,940,940,940,940,22000
2022-12-13 14:37:00,940,940,940,940,0
2022-12-13 14:38:00,940,940,940,940,300
2022-12-13 14:39:00,940,940,940,940,2900
2022-12-13 14:40:00,940,940,940,940,14400
2022-12-13 14:41:00,940,940,940,940,0
2022-12-13 14:42:00,940,940,940,940,16900
2022-12-13 14:43:00,0,0,0,0,0
2022-12-13 14:44:00,940,940,945,945,0
2022-12-13 14:45:00,945,940,945,940,0
2022-12-13 14:46:00,940,940,940,940,12200
2022-12-13 14:47:00,940,940,940,940,7900
2022-12-13 14:48:00,0,0,0,0,0
2022-12-13 14:49:00,940,940,940,940,300
2022-12-13 14:50:00,0,0,0,0,0
2022-12-13 14:51:00,0,0,0,0,0
2022-12-13 14:52:00,0,0,0,0,0
2022-12-13 14:53:00,0,0,0,0,0
2022-12-13 14:54:00,0,0,0,0,0
2022-12-13 14:55:00,0,0,0,0,0
2022-12-13 14:56:00,0,0,0,0,0
2022-12-13 14:57:00,0,0,0,0,0
2022-12-13 14:58:00,0,0,0,0,0
2022-12-13 14:59:00,0,0,0,0,0
2022-12-13 15:00:00,955,955,955,955,616200
2022-12-13 15:01:00,955,955,955,955,31000
2022-12-13 15:02:00,955,955,955,955,2600
2022-12-13 15:03:00,955,955,955,955,900
2022-12-13 15:04:00,955,955,955,955,3900
2022-12-13 15:05:00,955,955,955,955,28000
2022-12-13 15:06:00,955,955,955,955,1100
2022-12-13 15:07:00,0,0,0,0,0
2022-12-13 15:08:00,955,955,955,955,100
2022-12-13 15:09:00,955,955,955,955,1600
2022-12-13 15:10:00,955,955,955,955,1900
2022-12-13 15:11:00,0,0,0,0,0
2022-12-13 15:12:00,955,955,955,955,1900
2022-12-13 15:13:00,955,955,955,955,0
2022-12-13 15:14:00,0,0,0,0,0
2022-12-13 15:15:00,0,0,0,0,0
2022-12-13 15:16:00,0,0,0,0,0
2022-12-13 15:17:00,0,0,0,0,0
2022-12-13 15:18:00,0,0,0,0,0
2022-12-13 15:19:00,0,0,0,0,0
2022-12-13 15:20:00,0,0,0,0,0
2022-12-13 15:21:00,0,0,0,0,0
2022-12-13 15:22:00,0,0,0,0,0
2022-12-13 15:23:00,0,0,0,0,0
2022-12-13 15:24:00,0,0,0,0,0
2022-12-13 15:25:00,0,0,0,0,0
2022-12-13 15:26:00,0,0,0,0,0
2022-12-13 15:27:00,0,0,0,0,0
2022-12-13 15:28:00,0,0,0,0,0
2022-12-13 15:29:00,0,0,0,0,0
2022-12-13 15:30:00,0,0,0,0,0
2022-12-13 15:31:00,0,0,0,0,0
2022-12-13 15:32:00,0,0,0,0,0
2022-12-13 15:33:00,0,0,0,0,0
2022-12-13 15:34:00,0,0,0,0,0
2022-12-13 15:35:00,0,0,0,0,0
2022-12-13 15:36:00,0,0,0,0,0
2022-12-13 15:37:00,0,0,0,0,0
2022-12-13 15:38:00,0,0,0,0,0
2022-12-13 15:39:00,0,0,0,0,0
2022-12-13 15:40:00,0,0,0,0,0
2022-12-13 15:41:00,0,0,0,0,0
2022-12-13 15:42:00,0,0,0,0,0
2022-12-13 15:43:00,0,0,0,0,0
2022-12-13 15:44:00,0,0,0,0,0
2022-12-13 15:45:00,0,0,0,0,0
2022-12-13 15:46:00,0,0,0,0,0
2022-12-13 15:47:00,0,0,0,0,0
2022-12-13 15:48:00,0,0,0,0,0
2022-12-13 15:49:00,0,0,0,0,0
2022-12-13 15:50:00,0,0,0,0,0
2022-12-13 15:51:00,0,0,0,0,0
2022-12-13 15:52:00,0,0,0,0,0
2022-12-13 15:53:00,0,0,0,0,0
2022-12-13 15:54:00,0,0,0,0,0
2022-12-13 15:55:00,0,0,0,0,0
2022-12-13 15:56:00,0,0,0,0,0
2022-12-13 15:57:00,0,0,0,0,0
2022-12-13 15:58:00,0,0,0,0,0
2022-12-13 15:59:00,0,0,0,0,0
2022-12-14 09:00:00,955,955,955,955,154800
2022-12-14 09:01:00,955,950,955,955,33200
2022-12-14 09:02:00,950,950,950,950,9900
2022-12-14 09:03:00,950,950,955,950,59200
2022-12-14 09:04:00,950,950,950,950,0
2022-12-14 09:05:00,950,945,950,950,23400
2022-12-14 09:06:00,950,950,950,950,0
2022-12-14 09:07:00,950,945,950,945,1900
2022-12-14 09:08:00,945,945,950,950,6000
2022-12-14 09:09:00,950,950,950,950,0
2022-12-14 09:10:00,950,950,950,950,2500
2022-12-14 09:11:00,950,950,950,950,28400
2022-12-14 09:12:00,950,950,950,950,0
2022-12-14 09:13:00,950,950,950,950,300
2022-12-14 09:14:00,945,945,945,945,2500
2022-12-14 09:15:00,950,945,950,950,4600
2022-12-14 09:16:00,0,0,0,0,0
2022-12-14 09:17:00,0,0,0,0,0
2022-12-14 09:18:00,950,950,950,950,2500
2022-12-14 09:19:00,0,0,0,0,0
2022-12-14 09:20:00,950,945,950,945,1600
2022-12-14 09:21:00,0,0,0,0,0
2022-12-14 09:22:00,945,945,945,945,41800
2022-12-14 09:23:00,950,950,950,950,0
2022-12-14 09:24:00,950,950,950,950,200
2022-12-14 09:25:00,950,945,950,950,116700
2022-12-14 09:26:00,955,950,955,955,3800
2022-12-14 09:27:00,950,950,950,950,27300
2022-12-14 09:28:00,950,950,950,950,61900
2022-12-14 09:29:00,0,0,0,0,0
2022-12-14 09:30:00,950,950,950,950,0
2022-12-14 09:31:00,0,0,0,0,0
2022-12-14 09:32:00,950,950,955,955,0
2022-12-14 09:33:00,0,0,0,0,0
2022-12-14 09:34:00,0,0,0,0,0
2022-12-14 09:35:00,955,955,955,955,154200
2022-12-14 09:36:00,955,955,955,955,400
2022-12-14 09:37:00,955,955,955,955,3800
2022-12-14 09:38:00,955,955,955,955,290000
2022-12-14 09:39:00,955,950,955,950,0
2022-12-14 09:40:00,955,955,955,955,0
2022-12-14 09:41:00,955,955,955,955,2400
2022-12-14 09:42:00,955,955,955,955,0
2022-12-14 09:43:00,0,0,0,0,0
2022-12-14 09:44:00,950,950,950,950,8300
2022-12-14 09:45:00,955,950,955,950,168500
2022-12-14 09:46:00,950,950,950,950,0
2022-12-14 09:47:00,0,0,0,0,0
2022-12-14 09:48:00,950,950,950,950,1900
2022-12-14 09:49:00,955,955,955,955,1000
2022-12-14 09:50:00,955,955,955,955,4800
2022-12-14 09:51:00,955,955,955,955,0
2022-12-14 09:52:00,0,0,0,0,0
2022-12-14 09:53:00,955,955,955,955,200
2022-12-14 09:54:00,955,950,955,950,24700
2022-12-14 09:55:00,0,0,0,0,0
2022-12-14 09:56:00,955,950,955,950,2100
2022-12-14 09:57:00,0,0,0,0,0
2022-12-14 09:58:00,950,950,950,950,12300
2022-12-14 09:59:00,0,0,0,0,0
2022-12-14 10:00:00,955,955,955,955,78300
2022-12-14 10:01:00,955,955,955,955,2900
2022-12-14 10:02:00,0,0,0,0,0
2022-12-14 10:03:00,955,955,955,955,0
2022-12-14 10:04:00,955,955,955,955,2600
2022-12-14 10:05:00,955,955,955,955,900
2022-12-14 10:06:00,955,955,955,955,5000
2022-12-14 10:07:00,955,955,955,955,0
2022-12-14 10:08:00,955,955,955,955,17400
2022-12-14 10:09:00,955,950,955,950,174000
2022-12-14 10:10:00,0,0,0,0,0
2022-12-14 10:11:00,955,955,955,955,500
2022-12-14 10:12:00,955,955,955,955,100
2022-12-14 10:13:00,950,950,955,955,1600
2022-12-14 10:14:00,0,0,0,0,0
2022-12-14 10:15:00,955,950,955,950,25900
2022-12-14 10:16:00,0,0,0,0,0
2022-12-14 10:17:00,950,950,950,950,113100
2022-12-14 10:18:00,0,0,0,0,0
2022-12-14 10:19:00,950,950,950,950,0
2022-12-14 10:20:00,950,950,950,950,900
2022-12-14 10:21:00,0,0,0,0,0
2022-12-14 10:22:00,950,950,955,955,9600
2022-12-14 10:23:00,955,955,960,960,12700
2022-12-14 10:24:00,0,0,0,0,0
2022-12-14 10:25:00,960,960,960,960,1400
2022-12-14 10:26:00,960,960,960,960,2200
2022-12-14 10:27:00,955,955,960,955,11100
2022-12-14 10:28:00,955,955,955,955,4700
2022-12-14 10:29:00,0,0,0,0,0
2022-12-14 10:30:00,955,955,955,955,600
2022-12-14 10:31:00,0,0,0,0,0
2022-12-14 10:32:00,0,0,0,0,0
2022-12-14 10:33:00,955,955,955,955,2700
2022-12-14 10:34:00,0,0,0,0,0
2022-12-14 10:35:00,0,0,0,0,0
2022-12-14 10:36:00,955,955,955,955,27400
2022-12-14 10:37:00,0,0,0,0,0
2022-12-14 10:38:00,955,955,955,955,19200
2022-12-14 10:39:00,0,0,0,0,0
2022-12-14 10:40:00,955,955,955,955,1500
2022-12-14 10:41:00,955,955,955,955,12100
2022-12-14 10:42:00,950,950,955,955,4000
2022-12-14 10:43:00,0,0,0,0,0
2022-12-14 10:44:00,0,0,0,0,0
2022-12-14 10:45:00,955,955,955,955,0
2022-12-14 10:46:00,0,0,0,0,0
2022-12-14 10:47:00,955,955,955,955,1100
2022-12-14 10:48:00,955,955,955,955,400
2022-12-14 10:49:00,0,0,0,0,0
2022-12-14 10:50:00,0,0,0,0,0
2022-12-14 10:51:00,0,0,0,0,0
2022-12-14 10:52:00,955,950,955,950,500
2022-12-14 10:53:00,950,950,950,950,9100
2022-12-14 10:54:00,950,950,955,950,1700
2022-12-14 10:55:00,0,0,0,0,0
2022-12-14 10:56:00,0,0,0,0,0
2022-12-14 10:57:00,0,0,0,0,0
2022-12-14 10:58:00,950,950,950,950,3000
2022-12-14 10:59:00,0,0,0,0,0
2022-12-14 11:00:00,0,0,0,0,0
2022-12-14 11:01:00,0,0,0,0,0
2022-12-14 11:02:00,0,0,0,0,0
2022-12-14 11:03:00,0,0,0,0,0
2022-12-14 11:04:00,0,0,0,0,0
2022-12-14 11:05:00,0,0,0,0,0
2022-12-14 11:06:00,950,950,955,950,0
2022-12-14 11:07:00,955,950,955,950,28500
2022-12-14 11:08:00,0,0,0,0,0
2022-12-14 11:09:00,955,950,955,950,9700
2022-12-14 11:10:00,0,0,0,0,0
2022-12-14 11:11:00,0,0,0,0,0
2022-12-14 11:12:00,0,0,0,0,0
2022-12-14 11:13:00,950,950,950,950,14000
2022-12-14 11:14:00,0,0,0,0,0
2022-12-14 11:15:00,0,0,0,0,0
2022-12-14 11:16:00,0,0,0,0,0
2022-12-14 11:17:00,955,950,955,950,300
2022-12-14 11:18:00,0,0,0,0,0
2022-12-14 11:19:00,0,0,0,0,0
2022-12-14 11:20:00,955,950,955,950,1600
2022-12-14 11:21:00,0,0,0,0,0
2022-12-14 11:22:00,950,950,950,950,4000
2022-12-14 11:23:00,950,950,950,950,27300
2022-12-14 11:24:00,950,950,950,950,0
2022-12-14 11:25:00,0,0,0,0,0
2022-12-14 11:26:00,0,0,0,0,0
2022-12-14 11:27:00,950,950,950,950,9400
2022-12-14 11:28:00,950,950,950,950,0
2022-12-14 11:29:00,955,955,955,955,1000
2022-12-14 11:30:00,0,0,0,0,0
2022-12-14 11:31:00,0,0,0,0,0
2022-12-14 11:32:00,0,0,0,0,0
2022-12-14 11:33:00,0,0,0,0,0
2022-12-14 11:34:00,0,0,0,0,0
2022-12-14 11:35:00,0,0,0,0,0
2022-12-14 11:36:00,0,0,0,0,0
2022-12-14 11:37:00,0,0,0,0,0
2022-12-14 11:38:00,0,0,0,0,0
2022-12-14 11:39:00,0,0,0,0,0
2022-12-14 11:40:00,0,0,0,0,0
2022-12-14 11:41:00,0,0,0,0,0
2022-12-14 11:42:00,0,0,0,0,0
2022-12-14 11:43:00,0,0,0,0,0
2022-12-14 11:44:00,0,0,0,0,0
2022-12-14 11:45:00,0,0,0,0,0
2022-12-14 11:46:00,0,0,0,0,0
2022-12-14 11:47:00,0,0,0,0,0
2022-12-14 11:48:00,0,0,0,0,0
2022-12-14 11:49:00,0,0,0,0,0
2022-12-14 11:50:00,0,0,0,0,0
2022-12-14 11:51:00,0,0,0,0,0
2022-12-14 11:52:00,0,0,0,0,0
2022-12-14 11:53:00,0,0,0,0,0
2022-12-14 11:54:00,0,0,0,0,0
2022-12-14 11:55:00,0,0,0,0,0
2022-12-14 11:56:00,0,0,0,0,0
2022-12-14 11:57:00,0,0,0,0,0
2022-12-14 11:58:00,0,0,0,0,0
2022-12-14 11:59:00,0,0,0,0,0
2022-12-14 12:00:00,0,0,0,0,0
2022-12-14 12:01:00,0,0,0,0,0
2022-12-14 12:02:00,0,0,0,0,0
2022-12-14 12:03:00,0,0,0,0,0
2022-12-14 12:04:00,0,0,0,0,0
2022-12-14 12:05:00,0,0,0,0,0
2022-12-14 12:06:00,0,0,0,0,0
2022-12-14 12:07:00,0,0,0,0,0
2022-12-14 12:08:00,0,0,0,0,0
2022-12-14 12:09:00,0,0,0,0,0
2022-12-14 12:10:00,0,0,0,0,0
2022-12-14 12:11:00,0,0,0,0,0
2022-12-14 12:12:00,0,0,0,0,0
2022-12-14 12:13:00,0,0,0,0,0
2022-12-14 12:14:00,0,0,0,0,0
2022-12-14 12:15:00,0,0,0,0,0
2022-12-14 12:16:00,0,0,0,0,0
2022-12-14 12:17:00,0,0,0,0,0
2022-12-14 12:18:00,0,0,0,0,0
2022-12-14 12:19:00,0,0,0,0,0
2022-12-14 12:20:00,0,0,0,0,0
2022-12-14 12:21:00,0,0,0,0,0
2022-12-14 12:22:00,0,0,0,0,0
2022-12-14 12:23:00,0,0,0,0,0
2022-12-14 12:24:00,0,0,0,0,0
2022-12-14 12:25:00,0,0,0,0,0
2022-12-14 12:26:00,0,0,0,0,0
2022-12-14 12:27:00,0,0,0,0,0
2022-12-14 12:28:00,0,0,0,0,0
2022-12-14 12:29:00,0,0,0,0,0
2022-12-14 12:30:00,0,0,0,0,0
2022-12-14 12:31:00,0,0,0,0,0
2022-12-14 12:32:00,0,0,0,0,0
2022-12-14 12:33:00,0,0,0,0,0
2022-12-14 12:34:00,0,0,0,0,0
2022-12-14 12:35:00,0,0,0,0,0
2022-12-14 12:36:00,0,0,0,0,0
2022-12-14 12:37:00,0,0,0,0,0
2022-12-14 12:38:00,0,0,0,0,0
2022-12-14 12:39:00,0,0,0,0,0
2022-12-14 12:40:00,0,0,0,0,0
2022-12-14 12:41:00,0,0,0,0,0
2022-12-14 12:42:00,0,0,0,0,0
2022-12-14 12:43:00,0,0,0,0,0
2022-12-14 12:44:00,0,0,0,0,0
2022-12-14 12:45:00,0,0,0,0,0
2022-12-14 12:46:00,0,0,0,0,0
2022-12-14 12:47:00,0,0,0,0,0
2022-12-14 12:48:00,0,0,0,0,0
2022-12-14 12:49:00,0,0,0,0,0
2022-12-14 12:50:00,0,0,0,0,0
2022-12-14 12:51:00,0,0,0,0,0
2022-12-14 12:52:00,0,0,0,0,0
2022-12-14 12:53:00,0,0,0,0,0
2022-12-14 12:54:00,0,0,0,0,0
2022-12-14 12:55:00,0,0,0,0,0
2022-12-14 12:56:00,0,0,0,0,0
2022-12-14 12:57:00,0,0,0,0,0
2022-12-14 12:58:00,0,0,0,0,0
2022-12-14 12:59:00,0,0,0,0,0
2022-12-14 13:00:00,0,0,0,0,0
2022-12-14 13:01:00,0,0,0,0,0
2022-12-14 13:02:00,0,0,0,0,0
2022-12-14 13:03:00,0,0,0,0,0
2022-12-14 13:04:00,0,0,0,0,0
2022-12-14 13:05:00,0,0,0,0,0
2022-12-14 13:06:00,0,0,0,0,0
2022-12-14 13:07:00,0,0,0,0,0
2022-12-14 13:08:00,0,0,0,0,0
2022-12-14 13:09:00,0,0,0,0,0
2022-12-14 13:10:00,0,0,0,0,0
2022-12-14 13:11:00,0,0,0,0,0
2022-12-14 13:12:00,0,0,0,0,0
2022-12-14 13:13:00,0,0,0,0,0
2022-12-14 13:14:00,0,0,0,0,0
2022-12-14 13:15:00,0,0,0,0,0
2022-12-14 13:16:00,0,0,0,0,0
2022-12-14 13:17:00,0,0,0,0,0
2022-12-14 13:18:00,0,0,0,0,0
2022-12-14 13:19:00,0,0,0,0,0
2022-12-14 13:20:00,0,0,0,0,0
2022-12-14 13:21:00,0,0,0,0,0
2022-12-14 13:22:00,0,0,0,0,0
2022-12-14 13:23:00,0,0,0,0,0
2022-12-14 13:24:00,0,0,0,0,0
2022-12-14 13:25:00,0,0,0,0,0
2022-12-14 13:26:00,0,0,0,0,0
2022-12-14 13:27:00,0,0,0,0,0
2022-12-14 13:28:00,0,0,0,0,0
2022-12-14 13:29:00,0,0,0,0,0
2022-12-14 13:30:00,950,950,955,955,6141700
2022-12-14 13:31:00,955,950,955,950,5949900
2022-12-14 13:32:00,950,945,950,945,49500
2022-12-14 13:33:00,950,950,950,950,0
2022-12-14 13:34:00,0,0,0,0,0
2022-12-14 13:35:00,950,950,950,950,27300
2022-12-14 13:36:00,0,0,0,0,0
2022-12-14 13:37:00,0,0,0,0,0
2022-12-14 13:38:00,0,0,0,0,0
2022-12-14 13:39:00,0,0,0,0,0
2022-12-14 13:40:00,955,950,955,950,3200
2022-12-14 13:41:00,0,0,0,0,0
2022-12-14 13:42:00,950,950,950,950,0
2022-12-14 13:43:00,950,950,950,950,300
2022-12-14 13:44:00,0,0,0,0,0
2022-12-14 13:45:00,0,0,0,0,0
2022-12-14 13:46:00,950,950,950,950,1600
2022-12-14 13:47:00,950,950,950,950,34000
2022-12-14 13:48:00,950,950,950,950,0
2022-12-14 13:49:00,0,0,0,0,0
2022-12-14 13:50:00,0,0,0,0,0
2022-12-14 13:51:00,950,950,950,950,3000
2022-12-14 13:52:00,0,0,0,0,0
2022-12-14 13:53:00,950,950,950,950,11500
2022-12-14 13:54:00,0,0,0,0,0
2022-12-14 13:55:00,950,950,950,950,5000
2022-12-14 13:56:00,950,950,950,950,2000
2022-12-14 13:57:00,950,950,950,950,10000
2022-12-14 13:58:00,950,950,950,950,0
2022-12-14 13:59:00,950,950,950,950,6100
2022-12-14 14:00:00,950,950,950,950,15800
2022-12-14 14:01:00,945,945,945,945,0
2022-12-14 14:02:00,0,0,0,0,0
2022-12-14 14:03:00,945,945,945,945,53400
2022-12-14 14:04:00,0,0,0,0,0
2022-12-14 14:05:00,945,945,945,945,0
2022-12-14 14:06:00,0,0,0,0,0
2022-12-14 14:07:00,0,0,0,0,0
2022-12-14 14:08:00,0,0,0,0,0
2022-12-14 14:09:00,950,945,950,945,7300
2022-12-14 14:10:00,950,950,950,950,6000
2022-12-14 14:11:00,950,950,950,950,0
2022-12-14 14:12:00,950,950,950,950,300
2022-12-14 14:13:00,950,950,950,950,44100
2022-12-14 14:14:00,950,950,950,950,1500
2022-12-14 14:15:00,950,950,950,950,4300
2022-12-14 14:16:00,0,0,0,0,0
2022-12-14 14:17:00,0,0,0,0,0
2022-12-14 14:18:00,0,0,0,0,0
2022-12-14 14:19:00,950,950,950,950,0
2022-12-14 14:20:00,0,0,0,0,0
2022-12-14 14:21:00,0,0,0,0,0
2022-12-14 14:22:00,0,0,0,0,0
2022-12-14 14:23:00,950,950,950,950,4200
2022-12-14 14:24:00,950,950,950,950,700
2022-12-14 14:25:00,950,950,950,950,8500
2022-12-14 14:26:00,950,945,950,945,15300
2022-12-14 14:27:00,950,950,950,950,0
2022-12-14 14:28:00,0,0,0,0,0
2022-12-14 14:29:00,0,0,0,0,0
2022-12-14 14:30:00,0,0,0,0,0
2022-12-14 14:31:00,950,945,950,950,25600
2022-12-14 14:32:00,0,0,0,0,0
2022-12-14 14:33:00,945,945,945,945,0
2022-12-14 14:34:00,0,0,0,0,0
2022-12-14 14:35:00,945,945,945,945,2400
2022-12-14 14:36:00,0,0,0,0,0
2022-12-14 14:37:00,945,945,945,945,26900
2022-12-14 14:38:00,950,950,950,950,0
2022-12-14 14:39:00,0,0,0,0,0
2022-12-14 14:40:00,0,0,0,0,0
2022-12-14 14:41:00,0,0,0,0,0
2022-12-14 14:42:00,0,0,0,0,0
2022-12-14 14:43:00,0,0,0,0,0
2022-12-14 14:44:00,950,950,950,950,2500
2022-12-14 14:45:00,950,950,950,950,0
2022-12-14 14:46:00,945,945,945,945,94000
2022-12-14 14:47:00,945,945,945,945,1100
2022-12-14 14:48:00,945,945,945,945,10600
2022-12-14 14:49:00,945,945,945,945,26200
2022-12-14 14:50:00,0,0,0,0,0
2022-12-14 14:51:00,0,0,0,0,0
2022-12-14 14:52:00,0,0,0,0,0
2022-12-14 14:53:00,0,0,0,0,0
2022-12-14 14:54:00,0,0,0,0,0
2022-12-14 14:55:00,0,0,0,0,0
2022-12-14 14:56:00,0,0,0,0,0
2022-12-14 14:57:00,0,0,0,0,0
2022-12-14 14:58:00,0,0,0,0,0
2022-12-14 14:59:00,0,0,0,0,0
2022-12-14 15:00:00,960,960,960,960,611200
2022-12-14 15:01:00,0,0,0,0,0
2022-12-14 15:02:00,0,0,0,0,0
2022-12-14 15:03:00,0,0,0,0,0
2022-12-14 15:04:00,960,960,960,960,16600
2022-12-14 15:05:00,960,960,960,960,20000
2022-12-14 15:06:00,960,960,960,960,20300
2022-12-14 15:07:00,960,960,960,960,25000
2022-12-14 15:08:00,960,960,960,960,0
2022-12-14 15:09:00,0,0,0,0,0
2022-12-14 15:10:00,960,960,960,960,5000
2022-12-14 15:11:00,960,960,960,960,17500
2022-12-14 15:12:00,960,960,960,960,13400
2022-12-14 15:13:00,960,960,960,960,15077900
2022-12-14 15:14:00,0,0,0,0,0
2022-12-14 15:15:00,0,0,0,0,0
2022-12-14 15:16:00,0,0,0,0,0
2022-12-14 15:17:00,0,0,0,0,0
2022-12-14 15:18:00,0,0,0,0,0
2022-12-14 15:19:00,0,0,0,0,0
2022-12-14 15:20:00,0,0,0,0,0
2022-12-14 15:21:00,0,0,0,0,0
2022-12-14 15:22:00,0,0,0,0,0
2022-12-14 15:23:00,0,0,0,0,0
2022-12-14 15:24:00,0,0,0,0,0
2022-12-14 15:25:00,0,0,0,0,0
2022-12-14 15:26:00,0,0,0,0,0
2022-12-14 15:27:00,0,0,0,0,0
2022-12-14 15:28:00,0,0,0,0,0
2022-12-14 15:29:00,0,0,0,0,0
2022-12-14 15:30:00,0,0,0,0,0
2022-12-14 15:31:00,0,0,0,0,0
2022-12-14 15:32:00,0,0,0,0,0
2022-12-14 15:33:00,0,0,0,0,0
2022-12-14 15:34:00,0,0,0,0,0
2022-12-14 15:35:00,0,0,0,0,0
2022-12-14 15:36:00,0,0,0,0,0
2022-12-14 15:37:00,0,0,0,0,0
2022-12-14 15:38:00,0,0,0,0,0
2022-12-14 15:39:00,0,0,0,0,0
2022-12-14 15:40:00,0,0,0,0,0
2022-12-14 15:41:00,0,0,0,0,0
2022-12-14 15:42:00,0,0,0,0,0
2022-12-14 15:43:00,0,0,0,0,0
2022-12-14 15:44:00,0,0,0,0,0
2022-12-14 15:45:00,0,0,0,0,0
2022-12-14 15:46:00,0,0,0,0,0
2022-12-14 15:47:00,0,0,0,0,0
2022-12-14 15:48:00,0,0,0,0,0
2022-12-14 15:49:00,0,0,0,0,0
2022-12-14 15:50:00,0,0,0,0,0
2022-12-14 15:51:00,0,0,0,0,0
2022-12-14 15:52:00,0,0,0,0,0
2022-12-14 15:53:00,0,0,0,0,0
2022-12-14 15:54:00,0,0,0,0,0
2022-12-14 15:55:00,0,0,0,0,0
2022-12-14 15:56:00,0,0,0,0,0
2022-12-14 15:57:00,0,0,0,0,0
2022-12-14 15:58:00,0,0,0,0,0
2022-12-14 15:59:00,0,0,0,0,0
2022-12-15 09:00:00,960,950,960,950,0
2022-12-15 09:01:00,0,0,0,0,0
2022-12-15 09:02:00,955,955,955,955,33800
2022-12-15 09:03:00,955,955,955,955,0
2022-12-15 09:04:00,955,955,955,955,17200
2022-12-15 09:05:00,955,955,955,955,600
2022-12-15 09:06:00,950,950,950,950,9300
2022-12-15 09:07:00,955,950,955,955,13400
2022-12-15 09:08:00,955,950,955,955,14900
2022-12-15 09:09:00,950,950,955,955,500
2022-12-15 09:10:00,955,950,955,950,4000
2022-12-15 09:11:00,0,0,0,0,0
2022-12-15 09:12:00,955,955,955,955,39000
2022-12-15 09:13:00,955,950,955,955,0
2022-12-15 09:14:00,955,955,960,960,8500
2022-12-15 09:15:00,0,0,0,0,0
2022-12-15 09:16:00,960,960,960,960,4300
2022-12-15 09:17:00,955,955,955,955,14700
2022-12-15 09:18:00,955,955,955,955,0
2022-12-15 09:19:00,955,955,960,960,18200
2022-12-15 09:20:00,960,960,960,960,3800
2022-12-15 09:21:00,960,955,960,960,3700
2022-12-15 09:22:00,960,960,960,960,0
2022-12-15 09:23:00,960,955,960,955,6400
2022-12-15 09:24:00,960,955,960,955,0
2022-12-15 09:25:00,960,955,960,955,6500
2022-12-15 09:26:00,960,960,960,960,0
2022-12-15 09:27:00,0,0,0,0,0
2022-12-15 09:28:00,955,955,955,955,14000
2022-12-15 09:29:00,0,0,0,0,0
2022-12-15 09:30:00,960,960,960,960,0
2022-12-15 09:31:00,960,955,960,955,1100
2022-12-15 09:32:00,0,0,0,0,0
2022-12-15 09:33:00,960,960,960,960,200
2022-12-15 09:34:00,960,955,960,955,12400
2022-12-15 09:35:00,960,955,960,960,0
2022-12-15 09:36:00,960,955,960,960,4700
2022-12-15 09:37:00,0,0,0,0,0
2022-12-15 09:38:00,960,955,960,960,2500
2022-12-15 09:39:00,960,955,960,955,900
2022-12-15 09:40:00,0,0,0,0,0
2022-12-15 09:41:00,955,955,955,955,10200
2022-12-15 09:42:00,955,955,955,955,132500
2022-12-15 09:43:00,955,955,955,955,0
2022-12-15 09:44:00,960,955,960,955,0
2022-12-15 09:45:00,955,955,955,955,5500
2022-12-15 09:46:00,955,955,955,955,0
2022-12-15 09:47:00,0,0,0,0,0
2022-12-15 09:48:00,955,955,955,955,500
2022-12-15 09:49:00,955,955,955,955,0
2022-12-15 09:50:00,960,955,960,955,25900
2022-12-15 09:51:00,0,0,0,0,0
2022-12-15 09:52:00,955,955,960,955,1400
2022-12-15 09:53:00,960,960,960,960,200
2022-12-15 09:54:00,960,955,960,955,200
2022-12-15 09:55:00,960,960,960,960,400
2022-12-15 09:56:00,0,0,0,0,0
2022-12-15 09:57:00,960,960,960,960,400
2022-12-15 09:58:00,0,0,0,0,0
2022-12-15 09:59:00,960,955,960,955,6800
2022-12-15 10:00:00,955,955,955,955,499600
2022-12-15 10:01:00,955,950,955,950,362700
2022-12-15 10:02:00,950,950,950,950,0
2022-12-15 10:03:00,950,945,950,945,200
2022-12-15 10:04:00,950,945,950,950,138000
2022-12-15 10:05:00,950,950,950,950,47700
2022-12-15 10:06:00,945,945,945,945,0
2022-12-15 10:07:00,0,0,0,0,0
2022-12-15 10:08:00,0,0,0,0,0
2022-12-15 10:09:00,0,0,0,0,0
2022-12-15 10:10:00,945,945,945,945,400
2022-12-15 10:11:00,0,0,0,0,0
2022-12-15 10:12:00,950,945,950,945,67300
2022-12-15 10:13:00,950,950,950,950,16400
2022-12-15 10:14:00,0,0,0,0,0
2022-12-15 10:15:00,950,950,950,950,21800
2022-12-15 10:16:00,0,0,0,0,0
2022-12-15 10:17:00,0,0,0,0,0
2022-12-15 10:18:00,950,945,950,950,0
2022-12-15 10:19:00,945,945,950,945,7500
2022-12-15 10:20:00,950,950,950,950,700
2022-12-15 10:21:00,950,950,950,950,5400
2022-12-15 10:22:00,950,950,950,950,1000
2022-12-15 10:23:00,0,0,0,0,0
2022-12-15 10:24:00,0,0,0,0,0
2022-12-15 10:25:00,950,950,950,950,12200
2022-12-15 10:26:00,0,0,0,0,0
2022-12-15 10:27:00,0,0,0,0,0
2022-12-15 10:28:00,950,950,950,950,200
2022-12-15 10:29:00,945,945,945,945,800
2022-12-15 10:30:00,945,945,950,950,2700
2022-12-15 10:31:00,950,950,950,950,1100
2022-12-15 10:32:00,950,950,950,950,30300
2022-12-15 10:33:00,950,950,950,950,21900
2022-12-15 10:34:00,0,0,0,0,0
2022-12-15 10:35:00,950,945,950,945,4800
2022-12-15 10:36:00,945,945,945,945,100
2022-12-15 10:37:00,950,950,950,950,1800
2022-12-15 10:38:00,950,950,950,950,51800
2022-12-15 10:39:00,950,950,950,950,0
2022-12-15 10:40:00,0,0,0,0,0
2022-12-15 10:41:00,955,955,955,955,15000
2022-12-15 10:42:00,0,0,0,0,0
2022-12-15 10:43:00,0,0,0,0,0
2022-12-15 10:44:00,0,0,0,0,0
2022-12-15 10:45:00,0,0,0,0,0
2022-12-15 10:46:00,0,0,0,0,0
2022-12-15 10:47:00,955,955,955,955,0
2022-12-15 10:48:00,0,0,0,0,0
2022-12-15 10:49:00,0,0,0,0,0
2022-12-15 10:50:00,955,955,955,955,27100
2022-12-15 10:51:00,950,950,950,950,0
2022-12-15 10:52:00,0,0,0,0,0
2022-12-15 10:53:00,955,950,955,955,79500
2022-12-15 10:54:00,955,955,955,955,0
2022-12-15 10:55:00,0,0,0,0,0
2022-12-15 10:56:00,955,955,955,955,600
2022-12-15 10:57:00,955,955,955,955,900
2022-12-15 10:58:00,955,955,955,955,8100
2022-12-15 10:59:00,0,0,0,0,0
2022-12-15 11:00:00,0,0,0,0,0
2022-12-15 11:01:00,960,960,960,960,0
2022-12-15 11:02:00,955,955,955,955,43100
2022-12-15 11:03:00,0,0,0,0,0
2022-12-15 11:04:00,955,955,955,955,0
2022-12-15 11:05:00,0,0,0,0,0
2022-12-15 11:06:00,0,0,0,0,0
2022-12-15 11:07:00,955,955,955,955,100
2022-12-15 11:08:00,0,0,0,0,0
2022-12-15 11:09:00,0,0,0,0,0
2022-12-15 11:10:00,0,0,0,0,0
2022-12-15 11:11:00,955,955,955,955,1200
2022-12-15 11:12:00,0,0,0,0,0
2022-12-15 11:13:00,0,0,0,0,0
2022-12-15 11:14:00,0,0,0,0,0
2022-12-15 11:15:00,950,950,950,950,9400
2022-12-15 11:16:00,0,0,0,0,0
2022-12-15 11:17:00,950,950,950,950,5000
2022-12-15 11:18:00,0,0,0,0,0
2022-12-15 11:19:00,950,950,950,950,0
2022-12-15 11:20:00,0,0,0,0,0
2022-12-15 11:21:00,0,0,0,0,0
2022-12-15 11:22:00,950,950,955,955,1100
2022-12-15 11:23:00,0,0,0,0,0
2022-12-15 11:24:00,955,955,955,955,0
2022-12-15 11:25:00,0,0,0,0,0
2022-12-15 11:26:00,955,955,955,955,900
2022-12-15 11:27:00,0,0,0,0,0
2022-12-15 11:28:00,950,950,950,950,200
2022-12-15 11:29:00,0,0,0,0,0
2022-12-15 11:30:00,0,0,0,0,0
2022-12-15 11:31:00,0,0,0,0,0
2022-12-15 11:32:00,0,0,0,0,0
2022-12-15 11:33:00,0,0,0,0,0
2022-12-15 11:34:00,0,0,0,0,0
2022-12-15 11:35:00,0,0,0,0,0
2022-12-15 11:36:00,0,0,0,0,0
2022-12-15 11:37:00,0,0,0,0,0
2022-12-15 11:38:00,0,0,0,0,0
2022-12-15 11:39:00,0,0,0,0,0
2022-12-15 11:40:00,0,0,0,0,0
2022-12-15 11:41:00,0,0,0,0,0
2022-12-15 11:42:00,0,0,0,0,0
2022-12-15 11:43:00,0,0,0,0,0
2022-12-15 11:44:00,0,0,0,0,0
2022-12-15 11:45:00,0,0,0,0,0
2022-12-15 11:46:00,0,0,0,0,0
2022-12-15 11:47:00,0,0,0,0,0
2022-12-15 11:48:00,0,0,0,0,0
2022-12-15 11:49:00,0,0,0,0,0
2022-12-15 11:50:00,0,0,0,0,0
2022-12-15 11:51:00,0,0,0,0,0
2022-12-15 11:52:00,0,0,0,0,0
2022-12-15 11:53:00,0,0,0,0,0
2022-12-15 11:54:00,0,0,0,0,0
2022-12-15 11:55:00,0,0,0,0,0
2022-12-15 11:56:00,0,0,0,0,0
2022-12-15 11:57:00,0,0,0,0,0
2022-12-15 11:58:00,0,0,0,0,0
2022-12-15 11:59:00,0,0,0,0,0
2022-12-15 12:00:00,0,0,0,0,0
2022-12-15 12:01:00,0,0,0,0,0
2022-12-15 12:02:00,0,0,0,0,0
2022-12-15 12:03:00,0,0,0,0,0
2022-12-15 12:04:00,0,0,0,0,0
2022-12-15 12:05:00,0,0,0,0,0
2022-12-15 12:06:00,0,0,0,0,0
2022-12-15 12:07:00,0,0,0,0,0
2022-12-15 12:08:00,0,0,0,0,0
2022-12-15 12:09:00,0,0,0,0,0
2022-12-15 12:10:00,0,0,0,0,0
2022-12-15 12:11:00,0,0,0,0,0
2022-12-15 12:12:00,0,0,0,0,0
2022-12-15 12:13:00,0,0,0,0,0
2022-12-15 12:14:00,0,0,0,0,0
2022-12-15 12:15:00,0,0,0,0,0
2022-12-15 12:16:00,0,0,0,0,0
2022-12-15 12:17:00,0,0,0,0,0
2022-12-15 12:18:00,0,0,0,0,0
2022-12-15 12:19:00,0,0,0,0,0
2022-12-15 12:20:00,0,0,0,0,0
2022-12-15 12:21:00,0,0,0,0,0
2022-12-15 12:22:00,0,0,0,0,0
2022-12-15 12:23:00,0,0,0,0,0
2022-12-15 12:24:00,0,0,0,0,0
2022-12-15 12:25:00,0,0,0,0,0
2022-12-15 12:26:00,0,0,0,0,0
2022-12-15 12:27:00,0,0,0,0,0
2022-12-15 12:28:00,0,0,0,0,0
2022-12-15 12:29:00,0,0,0,0,0
2022-12-15 12:30:00,0,0,0,0,0
2022-12-15 12:31:00,0,0,0,0,0
2022-12-15 12:32:00,0,0,0,0,0
2022-12-15 12:33:00,0,0,0,0,0
2022-12-15 12:34:00,0,0,0,0,0
2022-12-15 12:35:00,0,0,0,0,0
2022-12-15 12:36:00,0,0,0,0,0
2022-12-15 12:37:00,0,0,0,0,0
2022-12-15 12:38:00,0,0,0,0,0
2022-12-15 12:39:00,0,0,0,0,0
2022-12-15 12:40:00,0,0,0,0,0
2022-12-15 12:41:00,0,0,0,0,0
2022-12-15 12:42:00,0,0,0,0,0
2022-12-15 12:43:00,0,0,0,0,0
2022-12-15 12:44:00,0,0,0,0,0
2022-12-15 12:45:00,0,0,0,0,0
2022-12-15 12:46:00,0,0,0,0,0
2022-12-15 12:47:00,0,0,0,0,0
2022-12-15 12:48:00,0,0,0,0,0
2022-12-15 12:49:00,0,0,0,0,0
2022-12-15 12:50:00,0,0,0,0,0
2022-12-15 12:51:00,0,0,0,0,0
2022-12-15 12:52:00,0,0,0,0,0
2022-12-15 12:53:00,0,0,0,0,0
2022-12-15 12:54:00,0,0,0,0,0
2022-12-15 12:55:00,0,0,0,0,0
2022-12-15 12:56:00,0,0,0,0,0
2022-12-15 12:57:00,0,0,0,0,0
2022-12-15 12:58:00,0,0,0,0,0
2022-12-15 12:59:00,0,0,0,0,0
2022-12-15 13:00:00,0,0,0,0,0
2022-12-15 13:01:00,0,0,0,0,0
2022-12-15 13:02:00,0,0,0,0,0
2022-12-15 13:03:00,0,0,0,0,0
2022-12-15 13:04:00,0,0,0,0,0
2022-12-15 13:05:00,0,0,0,0,0
2022-12-15 13:06:00,0,0,0,0,0
2022-12-15 13:07:00,0,0,0,0,0
2022-12-15 13:08:00,0,0,0,0,0
2022-12-15 13:09:00,0,0,0,0,0
2022-12-15 13:10:00,0,0,0,0,0
2022-12-15 13:11:00,0,0,0,0,0
2022-12-15 13:12:00,0,0,0,0,0
2022-12-15 13:13:00,0,0,0,0,0
2022-12-15 13:14:00,0,0,0,0,0
2022-12-15 13:15:00,0,0,0,0,0
2022-12-15 13:16:00,0,0,0,0,0
2022-12-15 13:17:00,0,0,0,0,0
2022-12-15 13:18:00,0,0,0,0,0
2022-12-15 13:19:00,0,0,0,0,0
2022-12-15 13:20:00,0,0,0,0,0
2022-12-15 13:21:00,0,0,0,0,0
2022-12-15 13:22:00,0,0,0,0,0
2022-12-15 13:23:00,0,0,0,0,0
2022-12-15 13:24:00,0,0,0,0,0
2022-12-15 13:25:00,0,0,0,0,0
2022-12-15 13:26:00,0,0,0,0,0
2022-12-15 13:27:00,0,0,0,0,0
2022-12-15 13:28:00,0,0,0,0,0
2022-12-15 13:29:00,0,0,0,0,0
2022-12-15 13:30:00,955,950,955,950,25400
2022-12-15 13:31:00,950,950,955,950,0
2022-12-15 13:32:00,0,0,0,0,0
2022-12-15 13:33:00,0,0,0,0,0
2022-12-15 13:34:00,0,0,0,0,0
2022-12-15 13:35:00,950,950,950,950,400
2022-12-15 13:36:00,0,0,0,0,0
2022-12-15 13:37:00,950,950,950,950,1000
2022-12-15 13:38:00,0,0,0,0,0
2022-12-15 13:39:00,950,950,950,950,100
2022-12-15 13:40:00,950,950,950,950,1000
2022-12-15 13:41:00,0,0,0,0,0
2022-12-15 13:42:00,0,0,0,0,0
2022-12-15 13:43:00,0,0,0,0,0
2022-12-15 13:44:00,950,950,955,955,3100
2022-12-15 13:45:00,950,950,950,950,0
2022-12-15 13:46:00,950,950,950,950,200
2022-12-15 13:47:00,955,950,955,950,600
2022-12-15 13:48:00,0,0,0,0,0
2022-12-15 13:49:00,950,950,950,950,700
2022-12-15 13:50:00,950,950,950,950,5200
2022-12-15 13:51:00,950,950,950,950,0
2022-12-15 13:52:00,950,950,950,950,2000
2022-12-15 13:53:00,0,0,0,0,0
2022-12-15 13:54:00,0,0,0,0,0
2022-12-15 13:55:00,0,0,0,0,0
2022-12-15 13:56:00,0,0,0,0,0
2022-12-15 13:57:00,0,0,0,0,0
2022-12-15 13:58:00,955,950,955,950,45300
2022-12-15 13:59:00,950,950,950,950,5186200
2022-12-15 14:00:00,950,950,955,955,5368600
2022-12-15 14:01:00,0,0,0,0,0
2022-12-15 14:02:00,955,955,955,955,0
2022-12-15 14:03:00,940,940,940,940,465400
2022-12-15 14:04:00,945,945,945,945,341200
2022-12-15 14:05:00,945,945,945,945,0
2022-12-15 14:06:00,0,0,0,0,0
2022-12-15 14:07:00,950,950,950,950,600
2022-12-15 14:08:00,0,0,0,0,0
2022-12-15 14:09:00,950,950,950,950,1000
2022-12-15 14:10:00,0,0,0,0,0
2022-12-15 14:11:00,0,0,0,0,0
2022-12-15 14:12:00,950,945,950,945,12800
2022-12-15 14:13:00,950,945,950,950,61700
2022-12-15 14:14:00,955,955,955,955,0
2022-12-15 14:15:00,950,950,950,950,41200
2022-12-15 14:16:00,0,0,0,0,0
2022-12-15 14:17:00,0,0,0,0,0
2022-12-15 14:18:00,0,0,0,0,0
2022-12-15 14:19:00,950,945,950,945,5600
2022-12-15 14:20:00,945,945,945,945,17300
2022-12-15 14:21:00,950,950,950,950,0
2022-12-15 14:22:00,950,950,950,950,3500
2022-12-15 14:23:00,0,0,0,0,0
2022-12-15 14:24:00,0,0,0,0,0
2022-12-15 14:25:00,0,0,0,0,0
2022-12-15 14:26:00,0,0,0,0,0
2022-12-15 14:27:00,945,945,945,945,19600
2022-12-15 14:28:00,945,945,945,945,0
2022-12-15 14:29:00,950,950,950,950,500
2022-12-15 14:30:00,945,945,945,945,5600
2022-12-15 14:31:00,0,0,0,0,0
2022-12-15 14:32:00,945,945,945,945,2200
2022-12-15 14:33:00,945,945,950,950,77200
2022-12-15 14:34:00,945,945,945,945,0
2022-12-15 14:35:00,0,0,0,0,0
2022-12-15 14:36:00,0,0,0,0,0
2022-12-15 14:37:00,0,0,0,0,0
2022-12-15 14:38:00,0,0,0,0,0
2022-12-15 14:39:00,945,945,945,945,400
2022-12-15 14:40:00,945,945,950,950,189700
2022-12-15 14:41:00,950,950,950,950,1200
2022-12-15 14:42:00,0,0,0,0,0
2022-12-15 14:43:00,950,950,950,950,51700
2022-12-15 14:44:00,945,945,950,945,16600
2022-12-15 14:45:00,950,950,950,950,3700
2022-12-15 14:46:00,950,950,950,950,41100
2022-12-15 14:47:00,950,950,950,950,0
2022-12-15 14:48:00,950,950,950,950,2900
2022-12-15 14:49:00,950,945,950,950,6400
2022-12-15 14:50:00,0,0,0,0,0
2022-12-15 14:51:00,0,0,0,0,0
2022-12-15 14:52:00,0,0,0,0,0
2022-12-15 14:53:00,0,0,0,0,0
2022-12-15 14:54:00,0,0,0,0,0
2022-12-15 14:55:00,0,0,0,0,0
2022-12-15 14:56:00,0,0,0,0,0
2022-12-15 14:57:00,0,0,0,0,0
2022-12-15 14:58:00,0,0,0,0,0
2022-12-15 14:59:00,0,0,0,0,0
2022-12-15 15:00:00,955,955,955,955,314600
2022-12-15 15:01:00,955,955,955,955,11700
2022-12-15 15:02:00,0,0,0,0,0
2022-12-15 15:03:00,0,0,0,0,0
2022-12-15 15:04:00,955,955,955,955,8100
2022-12-15 15:05:00,0,0,0,0,0
2022-12-15 15:06:00,0,0,0,0,0
2022-12-15 15:07:00,955,955,955,955,100
2022-12-15 15:08:00,0,0,0,0,0
2022-12-15 15:09:00,0,0,0,0,0
2022-12-15 15:10:00,0,0,0,0,0
2022-12-15 15:11:00,0,0,0,0,0
2022-12-15 15:12:00,955,955,955,955,14237000
2022-12-15 15:13:00,0,0,0,0,0
2022-12-15 15:14:00,0,0,0,0,0
2022-12-15 15:15:00,0,0,0,0,0
2022-12-15 15:16:00,0,0,0,0,0
2022-12-15 15:17:00,0,0,0,0,0
2022-12-15 15:18:00,0,0,0,0,0
2022-12-15 15:19:00,0,0,0,0,0
2022-12-15 15:20:00,0,0,0,0,0
2022-12-15 15:21:00,0,0,0,0,0
2022-12-15 15:22:00,0,0,0,0,0
2022-12-15 15:23:00,0,0,0,0,0
2022-12-15 15:24:00,0,0,0,0,0
2022-12-15 15:25:00,0,0,0,0,0
2022-12-15 15:26:00,0,0,0,0,0
2022-12-15 15:27:00,0,0,0,0,0
2022-12-15 15:28:00,0,0,0,0,0
2022-12-15 15:29:00,0,0,0,0,0
2022-12-15 15:30:00,0,0,0,0,0
2022-12-15 15:31:00,0,0,0,0,0
2022-12-15 15:32:00,0,0,0,0,0
2022-12-15 15:33:00,0,0,0,0,0
2022-12-15 15:34:00,0,0,0,0,0
2022-12-15 15:35:00,0,0,0,0,0
2022-12-15 15:36:00,0,0,0,0,0
2022-12-15 15:37:00,0,0,0,0,0
2022-12-15 15:38:00,0,0,0,0,0
2022-12-15 15:39:00,0,0,0,0,0
2022-12-15 15:40:00,0,0,0,0,0
2022-12-15 15:41:00,0,0,0,0,0
2022-12-15 15:42:00,0,0,0,0,0
2022-12-15 15:43:00,0,0,0,0,0
2022-12-15 15:44:00,0,0,0,0,0
2022-12-15 15:45:00,0,0,0,0,0
2022-12-15 15:46:00,0,0,0,0,0
2022-12-15 15:47:00,0,0,0,0,0
2022-12-15 15:48:00,0,0,0,0,0
2022-12-15 15:49:00,0,0,0,0,0
2022-12-15 15:50:00,0,0,0,0,0
2022-12-15 15:51:00,0,0,0,0,0
2022-12-15 15:52:00,0,0,0,0,0
2022-12-15 15:53:00,0,0,0,0,0
2022-12-15 15:54:00,0,0,0,0,0
2022-12-15 15:55:00,0,0,0,0,0
2022-12-15 15:56:00,0,0,0,0,0
2022-12-15 15:57:00,0,0,0,0,0
2022-12-15 15:58:00,0,0,0,0,0
2022-12-15 15:59:00,0,0,0,0,0
2022-12-16 09:00:00,950,945,955,950,0
2022-12-16 09:01:00,950,945,950,945,8600
2022-12-16 09:02:00,945,945,945,945,0
2022-12-16 09:03:00,945,940,945,945,31100
2022-12-16 09:04:00,945,945,945,945,14000
2022-12-16 09:05:00,945,940,945,945,20100
2022-12-16 09:06:00,945,945,950,950,10400
2022-12-16 09:07:00,945,945,945,945,14400
2022-12-16 09:08:00,945,945,945,945,0
2022-12-16 09:09:00,945,945,945,945,3200
2022-12-16 09:10:00,945,945,945,945,0
2022-12-16 09:11:00,945,945,945,945,4900
2022-12-16 09:12:00,945,945,945,945,0
2022-12-16 09:13:00,0,0,0,0,0
2022-12-16 09:14:00,0,0,0,0,0
2022-12-16 09:15:00,0,0,0,0,0
2022-12-16 09:16:00,945,945,945,945,11400
2022-12-16 09:17:00,945,945,945,945,0
2022-12-16 09:18:00,945,945,945,945,9500
2022-12-16 09:19:00,945,945,945,945,4900
2022-12-16 09:20:00,945,945,945,945,1100
2022-12-16 09:21:00,945,945,945,945,900
2022-12-16 09:22:00,945,940,945,940,72600
2022-12-16 09:23:00,945,940,945,940,6400
2022-12-16 09:24:00,940,940,940,940,20000
2022-12-16 09:25:00,945,940,945,945,15500
2022-12-16 09:26:00,945,940,945,940,23900
2022-12-16 09:27:00,0,0,0,0,0
2022-12-16 09:28:00,0,0,0,0,0
2022-12-16 09:29:00,945,945,945,945,48200
2022-12-16 09:30:00,0,0,0,0,0
2022-12-16 09:31:00,945,945,945,945,6600
2022-12-16 09:32:00,0,0,0,0,0
2022-12-16 09:33:00,0,0,0,0,0
2022-12-16 09:34:00,950,945,950,945,19400
2022-12-16 09:35:00,0,0,0,0,0
2022-12-16 09:36:00,945,945,950,950,47800
2022-12-16 09:37:00,950,945,950,950,11100
2022-12-16 09:38:00,945,945,945,945,9600
2022-12-16 09:39:00,0,0,0,0,0
2022-12-16 09:40:00,950,945,950,945,0
2022-12-16 09:41:00,945,945,945,945,2200
2022-12-16 09:42:00,0,0,0,0,0
2022-12-16 09:43:00,0,0,0,0,0
2022-12-16 09:44:00,0,0,0,0,0
2022-12-16 09:45:00,945,945,945,945,700
2022-12-16 09:46:00,945,945,945,945,1100
2022-12-16 09:47:00,0,0,0,0,0
2022-12-16 09:48:00,0,0,0,0,0
2022-12-16 09:49:00,0,0,0,0,0
2022-12-16 09:50:00,945,945,945,945,2200
2022-12-16 09:51:00,950,945,950,945,0
2022-12-16 09:52:00,0,0,0,0,0
2022-12-16 09:53:00,0,0,0,0,0
2022-12-16 09:54:00,0,0,0,0,0
2022-12-16 09:55:00,945,945,945,945,57700
2022-12-16 09:56:00,945,945,950,945,5600
2022-12-16 09:57:00,0,0,0,0,0
2022-12-16 09:58:00,945,945,945,945,13900
2022-12-16 09:59:00,0,0,0,0,0
2022-12-16 10:00:00,945,945,945,945,3100
2022-12-16 10:01:00,945,945,945,945,2800
2022-12-16 10:02:00,0,0,0,0,0
2022-12-16 10:03:00,945,945,945,945,0
2022-12-16 10:04:00,0,0,0,0,0
2022-12-16 10:05:00,0,0,0,0,0
2022-12-16 10:06:00,0,0,0,0,0
2022-12-16 10:07:00,945,945,945,945,7900
2022-12-16 10:08:00,945,945,945,945,400
2022-12-16 10:09:00,945,945,945,945,200
2022-12-16 10:10:00,950,950,950,950,0
2022-12-16 10:11:00,0,0,0,0,0
2022-12-16 10:12:00,950,945,950,945,600
2022-12-16 10:13:00,0,0,0,0,0
2022-12-16 10:14:00,0,0,0,0,0
2022-12-16 10:15:00,0,0,0,0,0
2022-12-16 10:16:00,0,0,0,0,0
2022-12-16 10:17:00,945,945,945,945,100
2022-12-16 10:18:00,0,0,0,0,0
2022-12-16 10:19:00,0,0,0,0,0
2022-12-16 10:20:00,0,0,0,0,0
2022-12-16 10:21:00,0,0,0,0,0
2022-12-16 10:22:00,945,945,945,945,12900
2022-12-16 10:23:00,945,945,945,945,700
2022-12-16 10:24:00,0,0,0,0,0
2022-12-16 10:25:00,0,0,0,0,0
2022-12-16 10:26:00,945,945,945,945,400
2022-12-16 10:27:00,0,0,0,0,0
2022-12-16 10:28:00,945,945,945,945,75600
2022-12-16 10:29:00,0,0,0,0,0
2022-12-16 10:30:00,0,0,0,0,0
2022-12-16 10:31:00,0,0,0,0,0
2022-12-16 10:32:00,945,940,945,940,0
2022-12-16 10:33:00,945,940,945,940,2100
2022-12-16 10:34:00,940,940,945,940,1000
2022-12-16 10:35:00,0,0,0,0,0
2022-12-16 10:36:00,0,0,0,0,0
2022-12-16 10:37:00,940,940,940,940,41500
2022-12-16 10:38:00,0,0,0,0,0
2022-12-16 10:39:00,0,0,0,0,0
2022-12-16 10:40:00,940,940,940,940,48300
2022-12-16 10:41:00,0,0,0,0,0
2022-12-16 10:42:00,0,0,0,0,0
2022-12-16 10:43:00,945,940,945,940,14000
2022-12-16 10:44:00,0,0,0,0,0
2022-12-16 10:45:00,0,0,0,0,0
2022-12-16 10:46:00,0,0,0,0,0
2022-12-16 10:47:00,945,945,945,945,0
2022-12-16 10:48:00,0,0,0,0,0
2022-12-16 10:49:00,940,940,940,940,400
2022-12-16 10:50:00,940,940,945,945,11500
2022-12-16 10:51:00,0,0,0,0,0
2022-12-16 10:52:00,0,0,0,0,0
2022-12-16 10:53:00,945,945,945,945,2000
2022-12-16 10:54:00,945,945,945,945,14700
2022-12-16 10:55:00,945,945,945,945,7200
2022-12-16 10:56:00,945,945,945,945,0
2022-12-16 10:57:00,0,0,0,0,0
2022-12-16 10:58:00,0,0,0,0,0
2022-12-16 10:59:00,0,0,0,0,0
2022-12-16 11:00:00,945,945,945,945,12100
2022-12-16 11:01:00,0,0,0,0,0
2022-12-16 11:02:00,0,0,0,0,0
2022-12-16 11:03:00,0,0,0,0,0
2022-12-16 11:04:00,0,0,0,0,0
2022-12-16 11:05:00,0,0,0,0,0
2022-12-16 11:06:00,0,0,0,0,0
2022-12-16 11:07:00,0,0,0,0,0
2022-12-16 11:08:00,945,945,945,945,1100
2022-12-16 11:09:00,0,0,0,0,0
2022-12-16 11:10:00,0,0,0,0,0
2022-12-16 11:11:00,945,945,945,945,66200
2022-12-16 11:12:00,0,0,0,0,0
2022-12-16 11:13:00,950,945,950,945,13600
2022-12-16 11:14:00,950,945,950,945,0
2022-12-16 11:15:00,950,950,950,950,2900
2022-12-16 11:16:00,0,0,0,0,0
2022-12-16 11:17:00,950,945,950,945,0
2022-12-16 11:18:00,945,945,945,945,100
2022-12-16 11:19:00,945,945,945,945,9900
2022-12-16 11:20:00,0,0,0,0,0
2022-12-16 11:21:00,945,945,945,945,0
2022-12-16 11:22:00,945,945,945,945,600
2022-12-16 11:23:00,945,945,945,945,67700
2022-12-16 11:24:00,0,0,0,0,0
2022-12-16 11:25:00,950,945,950,945,0
2022-12-16 11:26:00,0,0,0,0,0
2022-12-16 11:27:00,950,950,950,950,0
2022-12-16 11:28:00,950,945,950,945,0
2022-12-16 11:29:00,0,0,0,0,0
2022-12-16 11:30:00,0,0,0,0,0
2022-12-16 11:31:00,0,0,0,0,0
2022-12-16 11:32:00,0,0,0,0,0
2022-12-16 11:33:00,0,0,0,0,0
2022-12-16 11:34:00,0,0,0,0,0
2022-12-16 11:35:00,0,0,0,0,0
2022-12-16 11:36:00,0,0,0,0,0
2022-12-16 11:37:00,0,0,0,0,0
2022-12-16 11:38:00,0,0,0,0,0
2022-12-16 11:39:00,0,0,0,0,0
2022-12-16 11:40:00,0,0,0,0,0
2022-12-16 11:41:00,0,0,0,0,0
2022-12-16 11:42:00,0,0,0,0,0
2022-12-16 11:43:00,0,0,0,0,0
2022-12-16 11:44:00,0,0,0,0,0
2022-12-16 11:45:00,0,0,0,0,0
2022-12-16 11:46:00,0,0,0,0,0
2022-12-16 11:47:00,0,0,0,0,0
2022-12-16 11:48:00,0,0,0,0,0
2022-12-16 11:49:00,0,0,0,0,0
2022-12-16 11:50:00,0,0,0,0,0
2022-12-16 11:51:00,0,0,0,0,0
2022-12-16 11:52:00,0,0,0,0,0
2022-12-16 11:53:00,0,0,0,0,0
2022-12-16 11:54:00,0,0,0,0,0
2022-12-16 11:55:00,0,0,0,0,0
2022-12-16 11:56:00,0,0,0,0,0
2022-12-16 11:57:00,0,0,0,0,0
2022-12-16 11:58:00,0,0,0,0,0
2022-12-16 11:59:00,0,0,0,0,0
2022-12-16 12:00:00,0,0,0,0,0
2022-12-16 12:01:00,0,0,0,0,0
2022-12-16 12:02:00,0,0,0,0,0
2022-12-16 12:03:00,0,0,0,0,0
2022-12-16 12:04:00,0,0,0,0,0
2022-12-16 12:05:00,0,0,0,0,0
2022-12-16 12:06:00,0,0,0,0,0
2022-12-16 12:07:00,0,0,0,0,0
2022-12-16 12:08:00,0,0,0,0,0
2022-12-16 12:09:00,0,0,0,0,0
2022-12-16 12:10:00,0,0,0,0,0
2022-12-16 12:11:00,0,0,0,0,0
2022-12-16 12:12:00,0,0,0,0,0
2022-12-16 12:13:00,0,0,0,0,0
2022-12-16 12:14:00,0,0,0,0,0
2022-12-16 12:15:00,0,0,0,0,0
2022-12-16 12:16:00,0,0,0,0,0
2022-12-16 12:17:00,0,0,0,0,0
2022-12-16 12:18:00,0,0,0,0,0
2022-12-16 12:19:00,0,0,0,0,0
2022-12-16 12:20:00,0,0,0,0,0
2022-12-16 12:21:00,0,0,0,0,0
2022-12-16 12:22:00,0,0,0,0,0
2022-12-16 12:23:00,0,0,0,0,0
2022-12-16 12:24:00,0,0,0,0,0
2022-12-16 12:25:00,0,0,0,0,0
2022-12-16 12:26:00,0,0,0,0,0
2022-12-16 12:27:00,0,0,0,0,0
2022-12-16 12:28:00,0,0,0,0,0
2022-12-16 12:29:00,0,0,0,0,0
2022-12-16 12:30:00,0,0,0,0,0
2022-12-16 12:31:00,0,0,0,0,0
2022-12-16 12:32:00,0,0,0,0,0
2022-12-16 12:33:00,0,0,0,0,0
2022-12-16 12:34:00,0,0,0,0,0
2022-12-16 12:35:00,0,0,0,0,0
2022-12-16 12:36:00,0,0,0,0,0
2022-12-16 12:37:00,0,0,0,0,0
2022-12-16 12:38:00,0,0,0,0,0
2022-12-16 12:39:00,0,0,0,0,0
2022-12-16 12:40:00,0,0,0,0,0
2022-12-16 12:41:00,0,0,0,0,0
2022-12-16 12:42:00,0,0,0,0,0
2022-12-16 12:43:00,0,0,0,0,0
2022-12-16 12:44:00,0,0,0,0,0
2022-12-16 12:45:00,0,0,0,0,0
2022-12-16 12:46:00,0,0,0,0,0
2022-12-16 12:47:00,0,0,0,0,0
2022-12-16 12:48:00,0,0,0,0,0
2022-12-16 12:49:00,0,0,0,0,0
2022-12-16 12:50:00,0,0,0,0,0
2022-12-16 12:51:00,0,0,0,0,0
2022-12-16 12:52:00,0,0,0,0,0
2022-12-16 12:53:00,0,0,0,0,0
2022-12-16 12:54:00,0,0,0,0,0
2022-12-16 12:55:00,0,0,0,0,0
2022-12-16 12:56:00,0,0,0,0,0
2022-12-16 12:57:00,0,0,0,0,0
2022-12-16 12:58:00,0,0,0,0,0
2022-12-16 12:59:00,0,0,0,0,0
2022-12-16 13:00:00,0,0,0,0,0
2022-12-16 13:01:00,0,0,0,0,0
2022-12-16 13:02:00,0,0,0,0,0
2022-12-16 13:03:00,0,0,0,0,0
2022-12-16 13:04:00,0,0,0,0,0
2022-12-16 13:05:00,0,0,0,0,0
2022-12-16 13:06:00,0,0,0,0,0
2022-12-16 13:07:00,0,0,0,0,0
2022-12-16 13:08:00,0,0,0,0,0
2022-12-16 13:09:00,0,0,0,0,0
2022-12-16 13:10:00,0,0,0,0,0
2022-12-16 13:11:00,0,0,0,0,0
2022-12-16 13:12:00,0,0,0,0,0
2022-12-16 13:13:00,0,0,0,0,0
2022-12-16 13:14:00,0,0,0,0,0
2022-12-16 13:15:00,0,0,0,0,0
2022-12-16 13:16:00,0,0,0,0,0
2022-12-16 13:17:00,0,0,0,0,0
2022-12-16 13:18:00,0,0,0,0,0
2022-12-16 13:19:00,0,0,0,0,0
2022-12-16 13:20:00,0,0,0,0,0
2022-12-16 13:21:00,0,0,0,0,0
2022-12-16 13:22:00,0,0,0,0,0
2022-12-16 13:23:00,0,0,0,0,0
2022-12-16 13:24:00,0,0,0,0,0
2022-12-16 13:25:00,0,0,0,0,0
2022-12-16 13:26:00,0,0,0,0,0
2022-12-16 13:27:00,0,0,0,0,0
2022-12-16 13:28:00,0,0,0,0,0
2022-12-16 13:29:00,0,0,0,0,0
2022-12-16 13:30:00,945,945,950,950,23700
2022-12-16 13:31:00,0,0,0,0,0
2022-12-16 13:32:00,945,945,945,945,200
2022-12-16 13:33:00,0,0,0,0,0
2022-12-16 13:34:00,945,945,945,945,27800
2022-12-16 13:35:00,945,945,945,945,1900
2022-12-16 13:36:00,945,945,945,945,167600
2022-12-16 13:37:00,945,945,945,945,1500
2022-12-16 13:38:00,0,0,0,0,0
2022-12-16 13:39:00,0,0,0,0,0
2022-12-16 13:40:00,945,945,945,945,0
2022-12-16 13:41:00,950,945,950,945,15786400
2022-12-16 13:42:00,0,0,0,0,0
2022-12-16 13:43:00,945,945,945,945,207400
2022-12-16 13:44:00,945,945,945,945,0
2022-12-16 13:45:00,0,0,0,0,0
2022-12-16 13:46:00,0,0,0,0,0
2022-12-16 13:47:00,0,0,0,0,0
2022-12-16 13:48:00,0,0,0,0,0
2022-12-16 13:49:00,945,945,945,945,2600
2022-12-16 13:50:00,0,0,0,0,0
2022-12-16 13:51:00,945,940,945,940,30300
2022-12-16 13:52:00,940,940,940,940,21900
2022-12-16 13:53:00,945,945,945,945,0
2022-12-16 13:54:00,0,0,0,0,0
2022-12-16 13:55:00,0,0,0,0,0
2022-12-16 13:56:00,945,945,945,945,55100
2022-12-16 13:57:00,945,945,945,945,3500
2022-12-16 13:58:00,945,945,945,945,4900
2022-12-16 13:59:00,950,950,950,950,15400
2022-12-16 14:00:00,945,945,945,945,95400
2022-12-16 14:01:00,0,0,0,0,0
2022-12-16 14:02:00,945,945,945,945,0
2022-12-16 14:03:00,945,945,945,945,1100
2022-12-16 14:04:00,945,945,945,945,6500
2022-12-16 14:05:00,945,945,945,945,3600
2022-12-16 14:06:00,0,0,0,0,0
2022-12-16 14:07:00,950,945,950,945,5700
2022-12-16 14:08:00,945,945,950,950,12300
2022-12-16 14:09:00,950,945,950,945,32100
2022-12-16 14:10:00,0,0,0,0,0
2022-12-16 14:11:00,945,945,945,945,13000
2022-12-16 14:12:00,0,0,0,0,0
2022-12-16 14:13:00,0,0,0,0,0
2022-12-16 14:14:00,945,945,945,945,102500
2022-12-16 14:15:00,0,0,0,0,0
2022-12-16 14:16:00,945,945,945,945,2000
2022-12-16 14:17:00,945,945,945,945,14200
2022-12-16 14:18:00,945,945,945,945,0
2022-12-16 14:19:00,0,0,0,0,0
2022-12-16 14:20:00,945,945,945,945,0
2022-12-16 14:21:00,945,945,945,945,3100
2022-12-16 14:22:00,0,0,0,0,0
2022-12-16 14:23:00,945,945,945,945,15000
2022-12-16 14:24:00,0,0,0,0,0
2022-12-16 14:25:00,945,945,945,945,7200
2022-12-16 14:26:00,945,945,945,945,0
2022-12-16 14:27:00,945,945,945,945,2400
2022-12-16 14:28:00,0,0,0,0,0
2022-12-16 14:29:00,945,945,945,945,10200
2022-12-16 14:30:00,0,0,0,0,0
2022-12-16 14:31:00,0,0,0,0,0
2022-12-16 14:32:00,945,945,950,950,0
2022-12-16 14:33:00,950,950,950,950,500
2022-12-16 14:34:00,0,0,0,0,0
2022-12-16 14:35:00,0,0,0,0,0
2022-12-16 14:36:00,0,0,0,0,0
2022-12-16 14:37:00,0,0,0,0,0
2022-12-16 14:38:00,950,950,950,950,65000
2022-12-16 14:39:00,950,950,950,950,69100
2022-12-16 14:40:00,950,950,950,950,25300
2022-12-16 14:41:00,0,0,0,0,0
2022-12-16 14:42:00,945,945,945,945,0
2022-12-16 14:43:00,0,0,0,0,0
2022-12-16 14:44:00,945,945,945,945,6500
2022-12-16 14:45:00,945,945,945,945,17500
2022-12-16 14:46:00,945,945,945,945,14700
2022-12-16 14:47:00,950,945,950,945,39100
2022-12-16 14:48:00,945,945,945,945,68800
2022-12-16 14:49:00,950,950,950,950,0
2022-12-16 14:50:00,0,0,0,0,0
2022-12-16 14:51:00,0,0,0,0,0
2022-12-16 14:52:00,0,0,0,0,0
2022-12-16 14:53:00,0,0,0,0,0
2022-12-16 14:54:00,0,0,0,0,0
2022-12-16 14:55:00,0,0,0,0,0
2022-12-16 14:56:00,0,0,0,0,0
2022-12-16 14:57:00,0,0,0,0,0
2022-12-16 14:58:00,0,0,0,0,0
2022-12-16 14:59:00,0,0,0,0,0
2022-12-16 15:00:00,940,940,940,940,403300
2022-12-16 15:01:00,940,940,940,940,400
2022-12-16 15:02:00,0,0,0,0,0
2022-12-16 15:03:00,0,0,0,0,0
2022-12-16 15:04:00,940,940,940,940,800
2022-12-16 15:05:00,940,940,940,940,100
2022-12-16 15:06:00,940,940,940,940,2000
2022-12-16 15:07:00,940,940,940,940,1300
2022-12-16 15:08:00,940,940,940,940,100
2022-12-16 15:09:00,940,940,940,940,12600
2022-12-16 15:10:00,940,940,940,940,0
2022-12-16 15:11:00,0,0,0,0,0
2022-12-16 15:12:00,940,940,940,940,400
2022-12-16 15:13:00,0,0,0,0,0
2022-12-16 15:14:00,940,940,940,940,17036700
2022-12-16 15:15:00,0,0,0,0,0
2022-12-16 15:16:00,0,0,0,0,0
2022-12-16 15:17:00,0,0,0,0,0
2022-12-16 15:18:00,0,0,0,0,0
2022-12-16 15:19:00,0,0,0,0,0
2022-12-16 15:20:00,0,0,0,0,0
2022-12-16 15:21:00,0,0,0,0,0
2022-12-16 15:22:00,0,0,0,0,0
2022-12-16 15:23:00,0,0,0,0,0
2022-12-16 15:24:00,0,0,0,0,0
2022-12-16 15:25:00,0,0,0,0,0
2022-12-16 15:26:00,0,0,0,0,0
2022-12-16 15:27:00,0,0,0,0,0
2022-12-16 15:28:00,0,0,0,0,0
2022-12-16 15:29:00,0,0,0,0,0
2022-12-16 15:30:00,0,0,0,0,0
2022-12-16 15:31:00,0,0,0,0,0
2022-12-16 15:32:00,0,0,0,0,0
2022-12-16 15:33:00,0,0,0,0,0
2022-12-16 15:34:00,0,0,0,0,0
2022-12-16 15:35:00,0,0,0,0,0
2022-12-16 15:36:00,0,0,0,0,0
2022-12-16 15:37:00,0,0,0,0,0
2022-12-16 15:38:00,0,0,0,0,0
2022-12-16 15:39:00,0,0,0,0,0
2022-12-16 15:40:00,0,0,0,0,0
2022-12-16 15:41:00,0,0,0,0,0
2022-12-16 15:42:00,0,0,0,0,0
2022-12-16 15:43:00,0,0,0,0,0
2022-12-16 15:44:00,0,0,0,0,0
2022-12-16 15:45:00,0,0,0,0,0
2022-12-16 15:46:00,0,0,0,0,0
2022-12-16 15:47:00,0,0,0,0,0
2022-12-16 15:48:00,0,0,0,0,0
2022-12-16 15:49:00,0,0,0,0,0
2022-12-16 15:50:00,0,0,0,0,0
2022-12-16 15:51:00,0,0,0,0,0
2022-12-16 15:52:00,0,0,0,0,0
2022-12-16 15:53:00,0,0,0,0,0
2022-12-16 15:54:00,0,0,0,0,0
2022-12-16 15:55:00,0,0,0,0,0
2022-12-16 15:56:00,0,0,0,0,0
2022-12-16 15:57:00,0,0,0,0,0
2022-12-16 15:58:00,0,0,0,0,0
2022-12-16 15:59:00,0,0,0,0,0
2022-12-19 09:00:00,945,945,950,945,0
2022-12-19 09:01:00,945,945,945,945,5100
2022-12-19 09:02:00,945,945,950,950,20700
2022-12-19 09:03:00,945,945,945,945,9100
2022-12-19 09:04:00,945,945,945,945,6900
2022-12-19 09:05:00,940,940,945,945,5200
2022-12-19 09:06:00,945,940,945,940,2400
2022-12-19 09:07:00,940,940,940,940,2800
2022-12-19 09:08:00,945,940,945,940,800
2022-12-19 09:09:00,0,0,0,0,0
2022-12-19 09:10:00,0,0,0,0,0
2022-12-19 09:11:00,945,940,945,940,27400
2022-12-19 09:12:00,945,945,945,945,1900
2022-12-19 09:13:00,940,940,945,945,7550100
2022-12-19 09:14:00,945,945,950,950,10230400
2022-12-19 09:15:00,955,955,955,955,0
2022-12-19 09:16:00,955,955,955,955,87100
2022-12-19 09:17:00,955,955,955,955,50200
2022-12-19 09:18:00,955,955,955,955,0
2022-12-19 09:19:00,955,955,955,955,58000
2022-12-19 09:20:00,955,955,955,955,0
2022-12-19 09:21:00,955,955,955,955,34500
2022-12-19 09:22:00,955,955,955,955,1500
2022-12-19 09:23:00,955,955,955,955,2400
2022-12-19 09:24:00,955,950,955,950,42300
2022-12-19 09:25:00,950,950,955,955,200
2022-12-19 09:26:00,955,955,955,955,10900
2022-12-19 09:27:00,955,955,955,955,1500
2022-12-19 09:28:00,955,955,955,955,400
2022-12-19 09:29:00,950,950,950,950,800
2022-12-19 09:30:00,955,950,955,950,500
2022-12-19 09:31:00,950,950,950,950,800
2022-12-19 09:32:00,955,950,955,950,1400
2022-12-19 09:33:00,955,955,955,955,200
2022-12-19 09:34:00,950,950,950,950,22000
2022-12-19 09:35:00,950,950,950,950,0
2022-12-19 09:36:00,955,955,955,955,1400
2022-12-19 09:37:00,950,950,950,950,6000
2022-12-19 09:38:00,0,0,0,0,0
2022-12-19 09:39:00,950,950,950,950,22000
2022-12-19 09:40:00,950,950,950,950,100
2022-12-19 09:41:00,0,0,0,0,0
2022-12-19 09:42:00,950,950,950,950,400
2022-12-19 09:43:00,950,950,950,950,50000
2022-12-19 09:44:00,955,950,955,950,1100
2022-12-19 09:45:00,0,0,0,0,0
2022-12-19 09:46:00,955,955,955,955,1900
2022-12-19 09:47:00,0,0,0,0,0
2022-12-19 09:48:00,950,950,950,950,0
2022-12-19 09:49:00,950,950,950,950,200
2022-12-19 09:50:00,955,955,955,955,700
2022-12-19 09:51:00,950,950,950,950,100
2022-12-19 09:52:00,0,0,0,0,0
2022-12-19 09:53:00,0,0,0,0,0
2022-12-19 09:54:00,955,955,955,955,1200
2022-12-19 09:55:00,955,955,955,955,0
2022-12-19 09:56:00,0,0,0,0,0
2022-12-19 09:57:00,955,950,955,950,15500
2022-12-19 09:58:00,0,0,0,0,0
2022-12-19 09:59:00,0,0,0,0,0
2022-12-19 10:00:00,955,950,955,950,13100
2022-12-19 10:01:00,0,0,0,0,0
2022-12-19 10:02:00,950,950,950,950,0
2022-12-19 10:03:00,950,950,950,950,3900
2022-12-19 10:04:00,950,950,950,950,0
2022-12-19 10:05:00,950,950,950,950,1800
2022-12-19 10:06:00,950,950,950,950,8300
2022-12-19 10:07:00,0,0,0,0,0
2022-12-19 10:08:00,0,0,0,0,0
2022-12-19 10:09:00,0,0,0,0,0
2022-12-19 10:10:00,955,950,955,950,30300
2022-12-19 10:11:00,955,955,955,955,200
2022-12-19 10:12:00,0,0,0,0,0
2022-12-19 10:13:00,955,955,955,955,81900
2022-12-19 10:14:00,0,0,0,0,0
2022-12-19 10:15:00,950,950,950,950,4800
2022-12-19 10:16:00,0,0,0,0,0
2022-12-19 10:17:00,950,950,955,955,10000
2022-12-19 10:18:00,955,955,955,955,0
2022-12-19 10:19:00,0,0,0,0,0
2022-12-19 10:20:00,955,955,955,955,49000
2022-12-19 10:21:00,0,0,0,0,0
2022-12-19 10:22:00,0,0,0,0,0
2022-12-19 10:23:00,950,950,950,950,45900
2022-12-19 10:24:00,0,0,0,0,0
2022-12-19 10:25:00,0,0,0,0,0
2022-12-19 10:26:00,0,0,0,0,0
2022-12-19 10:27:00,950,950,950,950,147800
2022-12-19 10:28:00,0,0,0,0,0
2022-12-19 10:29:00,0,0,0,0,0
2022-12-19 10:30:00,0,0,0,0,0
2022-12-19 10:31:00,950,945,950,945,15700
2022-12-19 10:32:00,0,0,0,0,0
2022-12-19 10:33:00,0,0,0,0,0
2022-12-19 10:34:00,950,950,950,950,2800
2022-12-19 10:35:00,950,950,950,950,3700
2022-12-19 10:36:00,0,0,0,0,0
2022-12-19 10:37:00,950,950,950,950,10500
2022-12-19 10:38:00,0,0,0,0,0
2022-12-19 10:39:00,950,950,950,950,2400
2022-12-19 10:40:00,950,950,950,950,20000
2022-12-19 10:41:00,0,0,0,0,0
2022-12-19 10:42:00,950,950,950,950,0
2022-12-19 10:43:00,0,0,0,0,0
2022-12-19 10:44:00,950,950,950,950,1800
2022-12-19 10:45:00,0,0,0,0,0
2022-12-19 10:46:00,0,0,0,0,0
2022-12-19 10:47:00,0,0,0,0,0
2022-12-19 10:48:00,945,945,945,945,1600
2022-12-19 10:49:00,0,0,0,0,0
2022-12-19 10:50:00,950,950,950,950,3000
2022-12-19 10:51:00,950,950,950,950,400
2022-12-19 10:52:00,0,0,0,0,0
2022-12-19 10:53:00,0,0,0,0,0
2022-12-19 10:54:00,0,0,0,0,0
2022-12-19 10:55:00,950,950,950,950,30200
2022-12-19 10:56:00,0,0,0,0,0
2022-12-19 10:57:00,950,950,950,950,0
2022-12-19 10:58:00,950,950,950,950,0
2022-12-19 10:59:00,950,950,950,950,1900
2022-12-19 11:00:00,945,945,945,945,1600
2022-12-19 11:01:00,950,950,950,950,8700
2022-12-19 11:02:00,950,945,950,950,19700
2022-12-19 11:03:00,0,0,0,0,0
2022-12-19 11:04:00,0,0,0,0,0
2022-12-19 11:05:00,0,0,0,0,0
2022-12-19 11:06:00,950,950,950,950,0
2022-12-19 11:07:00,0,0,0,0,0
2022-12-19 11:08:00,950,950,950,950,500
2022-12-19 11:09:00,950,950,950,950,10000
2022-12-19 11:10:00,950,950,950,950,8400
2022-12-19 11:11:00,950,950,950,950,10000
2022-12-19 11:12:00,0,0,0,0,0
2022-12-19 11:13:00,0,0,0,0,0
2022-12-19 11:14:00,0,0,0,0,0
2022-12-19 11:15:00,0,0,0,0,0
2022-12-19 11:16:00,950,950,950,950,0
2022-12-19 11:17:00,0,0,0,0,0
2022-12-19 11:18:00,0,0,0,0,0
2022-12-19 11:19:00,0,0,0,0,0
2022-12-19 11:20:00,945,945,945,945,0
2022-12-19 11:21:00,0,0,0,0,0
2022-12-19 11:22:00,0,0,0,0,0
2022-12-19 11:23:00,0,0,0,0,0
2022-12-19 11:24:00,0,0,0,0,0
2022-12-19 11:25:00,0,0,0,0,0
2022-12-19 11:26:00,0,0,0,0,0
2022-12-19 11:27:00,0,0,0,0,0
2022-12-19 11:28:00,950,950,950,950,2000
2022-12-19 11:29:00,950,950,950,950,9500
2022-12-19 11:29:59,950,950,950,950,0
2022-12-19 11:30:00,0,0,0,0,0
2022-12-19 11:31:00,0,0,0,0,0
2022-12-19 11:32:00,0,0,0,0,0
2022-12-19 11:33:00,0,0,0,0,0
2022-12-19 11:34:00,0,0,0,0,0
2022-12-19 11:35:00,0,0,0,0,0
2022-12-19 11:36:00,0,0,0,0,0
2022-12-19 11:37:00,0,0,0,0,0
2022-12-19 11:38:00,0,0,0,0,0
2022-12-19 11:39:00,0,0,0,0,0
2022-12-19 11:40:00,0,0,0,0,0
2022-12-19 11:41:00,0,0,0,0,0
2022-12-19 11:42:00,0,0,0,0,0
2022-12-19 11:43:00,0,0,0,0,0
2022-12-19 11:44:00,0,0,0,0,0
2022-12-19 11:45:00,0,0,0,0,0
2022-12-19 11:46:00,0,0,0,0,0
2022-12-19 11:47:00,0,0,0,0,0
2022-12-19 11:48:00,0,0,0,0,0
2022-12-19 11:49:00,0,0,0,0,0
2022-12-19 11:50:00,0,0,0,0,0
2022-12-19 11:51:00,0,0,0,0,0
2022-12-19 11:52:00,0,0,0,0,0
2022-12-19 11:53:00,0,0,0,0,0
2022-12-19 11:54:00,0,0,0,0,0
2022-12-19 11:55:00,0,0,0,0,0
2022-12-19 11:56:00,0,0,0,0,0
2022-12-19 11:57:00,0,0,0,0,0
2022-12-19 11:58:00,0,0,0,0,0
2022-12-19 11:59:00,0,0,0,0,0
2022-12-19 12:00:00,0,0,0,0,0
2022-12-19 12:01:00,0,0,0,0,0
2022-12-19 12:02:00,0,0,0,0,0
2022-12-19 12:03:00,0,0,0,0,0
2022-12-19 12:04:00,0,0,0,0,0
2022-12-19 12:05:00,0,0,0,0,0
2022-12-19 12:06:00,0,0,0,0,0
2022-12-19 12:07:00,0,0,0,0,0
2022-12-19 12:08:00,0,0,0,0,0
2022-12-19 12:09:00,0,0,0,0,0
2022-12-19 12:10:00,0,0,0,0,0
2022-12-19 12:11:00,0,0,0,0,0
2022-12-19 12:12:00,0,0,0,0,0
2022-12-19 12:13:00,0,0,0,0,0
2022-12-19 12:14:00,0,0,0,0,0
2022-12-19 12:15:00,0,0,0,0,0
2022-12-19 12:16:00,0,0,0,0,0
2022-12-19 12:17:00,0,0,0,0,0
2022-12-19 12:18:00,0,0,0,0,0
2022-12-19 12:19:00,0,0,0,0,0
2022-12-19 12:20:00,0,0,0,0,0
2022-12-19 12:21:00,0,0,0,0,0
2022-12-19 12:22:00,0,0,0,0,0
2022-12-19 12:23:00,0,0,0,0,0
2022-12-19 12:24:00,0,0,0,0,0
2022-12-19 12:25:00,0,0,0,0,0
2022-12-19 12:26:00,0,0,0,0,0
2022-12-19 12:27:00,0,0,0,0,0
2022-12-19 12:28:00,0,0,0,0,0
2022-12-19 12:29:00,0,0,0,0,0
2022-12-19 12:30:00,0,0,0,0,0
2022-12-19 12:31:00,0,0,0,0,0
2022-12-19 12:32:00,0,0,0,0,0
2022-12-19 12:33:00,0,0,0,0,0
2022-12-19 12:34:00,0,0,0,0,0
2022-12-19 12:35:00,0,0,0,0,0
2022-12-19 12:36:00,0,0,0,0,0
2022-12-19 12:37:00,0,0,0,0,0
2022-12-19 12:38:00,0,0,0,0,0
2022-12-19 12:39:00,0,0,0,0,0
2022-12-19 12:40:00,0,0,0,0,0
2022-12-19 12:41:00,0,0,0,0,0
2022-12-19 12:42:00,0,0,0,0,0
2022-12-19 12:43:00,0,0,0,0,0
2022-12-19 12:44:00,0,0,0,0,0
2022-12-19 12:45:00,0,0,0,0,0
2022-12-19 12:46:00,0,0,0,0,0
2022-12-19 12:47:00,0,0,0,0,0
2022-12-19 12:48:00,0,0,0,0,0
2022-12-19 12:49:00,0,0,0,0,0
2022-12-19 12:50:00,0,0,0,0,0
2022-12-19 12:51:00,0,0,0,0,0
2022-12-19 12:52:00,0,0,0,0,0
2022-12-19 12:53:00,0,0,0,0,0
2022-12-19 12:54:00,0,0,0,0,0
2022-12-19 12:55:00,0,0,0,0,0
2022-12-19 12:56:00,0,0,0,0,0
2022-12-19 12:57:00,0,0,0,0,0
2022-12-19 12:58:00,0,0,0,0,0
2022-12-19 12:59:00,0,0,0,0,0
2022-12-19 13:00:00,0,0,0,0,0
2022-12-19 13:01:00,0,0,0,0,0
2022-12-19 13:02:00,0,0,0,0,0
2022-12-19 13:03:00,0,0,0,0,0
2022-12-19 13:04:00,0,0,0,0,0
2022-12-19 13:05:00,0,0,0,0,0
2022-12-19 13:06:00,0,0,0,0,0
2022-12-19 13:07:00,0,0,0,0,0
2022-12-19 13:08:00,0,0,0,0,0
2022-12-19 13:09:00,0,0,0,0,0
2022-12-19 13:10:00,0,0,0,0,0
2022-12-19 13:11:00,0,0,0,0,0
2022-12-19 13:12:00,0,0,0,0,0
2022-12-19 13:13:00,0,0,0,0,0
2022-12-19 13:14:00,0,0,0,0,0
2022-12-19 13:15:00,0,0,0,0,0
2022-12-19 13:16:00,0,0,0,0,0
2022-12-19 13:17:00,0,0,0,0,0
2022-12-19 13:18:00,0,0,0,0,0
2022-12-19 13:19:00,0,0,0,0,0
2022-12-19 13:20:00,0,0,0,0,0
2022-12-19 13:21:00,0,0,0,0,0
2022-12-19 13:22:00,0,0,0,0,0
2022-12-19 13:23:00,0,0,0,0,0
2022-12-19 13:24:00,0,0,0,0,0
2022-12-19 13:25:00,0,0,0,0,0
2022-12-19 13:26:00,0,0,0,0,0
2022-12-19 13:27:00,0,0,0,0,0
2022-12-19 13:28:00,0,0,0,0,0
2022-12-19 13:29:00,0,0,0,0,0
2022-12-19 13:30:00,950,945,950,945,11900
2022-12-19 13:31:00,950,950,950,950,4500
2022-12-19 13:32:00,0,0,0,0,0
2022-12-19 13:33:00,0,0,0,0,0
2022-12-19 13:34:00,0,0,0,0,0
2022-12-19 13:35:00,0,0,0,0,0
2022-12-19 13:36:00,0,0,0,0,0
2022-12-19 13:37:00,0,0,0,0,0
2022-12-19 13:38:00,945,945,945,945,3800
2022-12-19 13:39:00,950,950,950,950,3100
2022-12-19 13:40:00,0,0,0,0,0
2022-12-19 13:41:00,0,0,0,0,0
2022-12-19 13:42:00,0,0,0,0,0
2022-12-19 13:43:00,0,0,0,0,0
2022-12-19 13:44:00,0,0,0,0,0
2022-12-19 13:45:00,945,945,945,945,600
2022-12-19 13:46:00,945,945,945,945,1700
2022-12-19 13:47:00,945,945,950,950,27100
2022-12-19 13:48:00,950,950,950,950,27000
2022-12-19 13:49:00,0,0,0,0,0
2022-12-19 13:50:00,950,950,950,950,31900
2022-12-19 13:51:00,0,0,0,0,0
2022-12-19 13:52:00,0,0,0,0,0
2022-12-19 13:53:00,950,950,950,950,500
2022-12-19 13:54:00,0,0,0,0,0
2022-12-19 13:55:00,0,0,0,0,0
2022-12-19 13:56:00,950,950,950,950,74200
2022-12-19 13:57:00,950,950,950,950,0
2022-12-19 13:58:00,0,0,0,0,0
2022-12-19 13:59:00,950,950,950,950,13000
2022-12-19 14:00:00,0,0,0,0,0
2022-12-19 14:01:00,0,0,0,0,0
2022-12-19 14:02:00,0,0,0,0,0
2022-12-19 14:03:00,0,0,0,0,0
2022-12-19 14:04:00,0,0,0,0,0
2022-12-19 14:05:00,950,950,950,950,1100
2022-12-19 14:06:00,950,950,950,950,9000
2022-12-19 14:07:00,0,0,0,0,0
2022-12-19 14:08:00,0,0,0,0,0
2022-12-19 14:09:00,950,950,950,950,89700
2022-12-19 14:10:00,0,0,0,0,0
2022-12-19 14:11:00,0,0,0,0,0
2022-12-19 14:12:00,950,950,950,950,10000
2022-12-19 14:13:00,950,950,950,950,0
2022-12-19 14:14:00,0,0,0,0,0
2022-12-19 14:15:00,0,0,0,0,0
2022-12-19 14:16:00,0,0,0,0,0
2022-12-19 14:17:00,0,0,0,0,0
2022-12-19 14:18:00,955,955,955,955,73600
2022-12-19 14:19:00,950,950,955,955,26000
2022-12-19 14:20:00,955,955,955,955,93200
2022-12-19 14:21:00,955,955,955,955,3400
2022-12-19 14:22:00,955,955,955,955,0
2022-12-19 14:23:00,0,0,0,0,0
2022-12-19 14:24:00,0,0,0,0,0
2022-12-19 14:25:00,0,0,0,0,0
2022-12-19 14:26:00,955,955,955,955,1900
2022-12-19 14:27:00,0,0,0,0,0
2022-12-19 14:28:00,950,950,955,955,5300
2022-12-19 14:29:00,955,955,955,955,0
2022-12-19 14:30:00,950,950,950,950,60100
2022-12-19 14:31:00,0,0,0,0,0
2022-12-19 14:32:00,0,0,0,0,0
2022-12-19 14:33:00,0,0,0,0,0
2022-12-19 14:34:00,950,950,955,955,0
2022-12-19 14:35:00,950,950,950,950,9500
2022-12-19 14:36:00,950,950,950,950,0
2022-12-19 14:37:00,0,0,0,0,0
2022-12-19 14:38:00,950,950,950,950,9800
2022-12-19 14:39:00,950,950,950,950,2200
2022-12-19 14:40:00,0,0,0,0,0
2022-12-19 14:41:00,0,0,0,0,0
2022-12-19 14:42:00,950,950,950,950,13300
2022-12-19 14:43:00,950,950,955,950,500
2022-12-19 14:44:00,955,955,955,955,18800
2022-12-19 14:45:00,955,955,955,955,0
2022-12-19 14:46:00,955,955,955,955,3500
2022-12-19 14:47:00,950,950,950,950,0
2022-12-19 14:48:00,950,950,950,950,9900
2022-12-19 14:49:00,950,950,950,950,70000
2022-12-19 14:50:00,0,0,0,0,0
2022-12-19 14:51:00,0,0,0,0,0
2022-12-19 14:52:00,0,0,0,0,0
2022-12-19 14:53:00,0,0,0,0,0
2022-12-19 14:54:00,0,0,0,0,0
2022-12-19 14:55:00,0,0,0,0,0
2022-12-19 14:56:00,0,0,0,0,0
2022-12-19 14:57:00,0,0,0,0,0
2022-12-19 14:58:00,0,0,0,0,0
2022-12-19 14:59:00,0,0,0,0,0
2022-12-19 15:00:00,950,950,950,950,255000
2022-12-19 15:01:00,950,950,950,950,1000
2022-12-19 15:02:00,950,950,950,950,19700
2022-12-19 15:03:00,950,950,950,950,155400
2022-12-19 15:04:00,950,950,950,950,4900
2022-12-19 15:05:00,950,950,950,950,5100
2022-12-19 15:06:00,950,950,950,950,31100
2022-12-19 15:07:00,950,950,950,950,4500
2022-12-19 15:08:00,0,0,0,0,0
2022-12-19 15:09:00,0,0,0,0,0
2022-12-19 15:10:00,950,950,950,950,3900
2022-12-19 15:11:00,0,0,0,0,0
2022-12-19 15:12:00,950,950,950,950,26400
2022-12-19 15:13:00,0,0,0,0,0
2022-12-19 15:14:00,950,950,950,950,17480000
2022-12-19 15:15:00,0,0,0,0,0
2022-12-19 15:16:00,0,0,0,0,0
2022-12-19 15:17:00,0,0,0,0,0
2022-12-19 15:18:00,0,0,0,0,0
2022-12-19 15:19:00,0,0,0,0,0
2022-12-19 15:20:00,0,0,0,0,0
2022-12-19 15:21:00,0,0,0,0,0
2022-12-19 15:22:00,0,0,0,0,0
2022-12-19 15:23:00,0,0,0,0,0
2022-12-19 15:24:00,0,0,0,0,0
2022-12-19 15:25:00,0,0,0,0,0
2022-12-19 15:26:00,0,0,0,0,0
2022-12-19 15:27:00,0,0,0,0,0
2022-12-19 15:28:00,0,0,0,0,0
2022-12-19 15:29:00,0,0,0,0,0
2022-12-19 15:30:00,0,0,0,0,0
2022-12-19 15:31:00,0,0,0,0,0
2022-12-19 15:32:00,0,0,0,0,0
2022-12-19 15:33:00,0,0,0,0,0
2022-12-19 15:34:00,0,0,0,0,0
2022-12-19 15:35:00,0,0,0,0,0
2022-12-19 15:36:00,0,0,0,0,0
2022-12-19 15:37:00,0,0,0,0,0
2022-12-19 15:38:00,0,0,0,0,0
2022-12-19 15:39:00,0,0,0,0,0
2022-12-19 15:40:00,0,0,0,0,0
2022-12-19 15:41:00,0,0,0,0,0
2022-12-19 15:42:00,0,0,0,0,0
2022-12-19 15:43:00,0,0,0,0,0
2022-12-19 15:44:00,0,0,0,0,0
2022-12-19 15:45:00,0,0,0,0,0
2022-12-19 15:46:00,0,0,0,0,0
2022-12-19 15:47:00,0,0,0,0,0
2022-12-19 15:48:00,0,0,0,0,0
2022-12-19 15:49:00,0,0,0,0,0
2022-12-19 15:50:00,0,0,0,0,0
2022-12-19 15:51:00,0,0,0,0,0
2022-12-19 15:52:00,0,0,0,0,0
2022-12-19 15:53:00,0,0,0,0,0
2022-12-19 15:54:00,0,0,0,0,0
2022-12-19 15:55:00,0,0,0,0,0
2022-12-19 15:56:00,0,0,0,0,0
2022-12-19 15:57:00,0,0,0,0,0
2022-12-19 15:58:00,0,0,0,0,0
2022-12-19 15:59:00,0,0,0,0,0
2022-12-20 09:00:00,955,950,960,955,0
2022-12-20 09:01:00,955,955,955,955,22100
2022-12-20 09:02:00,955,955,955,955,3100
2022-12-20 09:03:00,0,0,0,0,0
2022-12-20 09:04:00,955,950,955,950,6900
2022-12-20 09:05:00,950,950,955,955,25000
2022-12-20 09:06:00,950,950,950,950,41300
2022-12-20 09:07:00,950,950,950,950,0
2022-12-20 09:08:00,950,950,950,950,23300
2022-12-20 09:09:00,950,950,950,950,42500
2022-12-20 09:10:00,0,0,0,0,0
2022-12-20 09:11:00,950,950,950,950,0
2022-12-20 09:12:00,0,0,0,0,0
2022-12-20 09:13:00,950,950,950,950,27800
2022-12-20 09:14:00,950,950,950,950,4700
2022-12-20 09:15:00,950,950,950,950,500
2022-12-20 09:16:00,950,945,950,945,6600
2022-12-20 09:17:00,945,945,950,950,800
2022-12-20 09:18:00,0,0,0,0,0
2022-12-20 09:19:00,950,950,950,950,19500
2022-12-20 09:20:00,950,950,950,950,0
2022-12-20 09:21:00,0,0,0,0,0
2022-12-20 09:22:00,0,0,0,0,0
2022-12-20 09:23:00,955,955,955,955,52200
2022-12-20 09:24:00,0,0,0,0,0
2022-12-20 09:25:00,955,955,955,955,33600
2022-12-20 09:26:00,955,955,955,955,31400
2022-12-20 09:27:00,955,955,955,955,12600
2022-12-20 09:28:00,955,955,955,955,3400
2022-12-20 09:29:00,955,955,955,955,2100
2022-12-20 09:30:00,955,955,955,955,200
2022-12-20 09:31:00,955,955,955,955,100
2022-12-20 09:32:00,955,950,955,950,3700
2022-12-20 09:33:00,0,0,0,0,0
2022-12-20 09:34:00,950,950,950,950,400
2022-12-20 09:35:00,950,950,950,950,800
2022-12-20 09:36:00,0,0,0,0,0
2022-12-20 09:37:00,0,0,0,0,0
2022-12-20 09:38:00,950,950,950,950,16800
2022-12-20 09:39:00,0,0,0,0,0
2022-12-20 09:40:00,955,955,955,955,0
2022-12-20 09:41:00,950,950,950,950,400
2022-12-20 09:42:00,0,0,0,0,0
2022-12-20 09:43:00,0,0,0,0,0
2022-12-20 09:44:00,955,950,955,950,3000
2022-12-20 09:45:00,955,950,955,950,300
2022-12-20 09:46:00,0,0,0,0,0
2022-12-20 09:47:00,950,950,950,950,3100
2022-12-20 09:48:00,0,0,0,0,0
2022-12-20 09:49:00,955,955,955,955,12500
2022-12-20 09:50:00,955,955,955,955,0
2022-12-20 09:51:00,955,950,955,950,2000
2022-12-20 09:52:00,0,0,0,0,0
2022-12-20 09:53:00,950,950,950,950,200
2022-12-20 09:54:00,955,950,955,950,5600
2022-12-20 09:55:00,0,0,0,0,0
2022-12-20 09:56:00,0,0,0,0,0
2022-12-20 09:57:00,0,0,0,0,0
2022-12-20 09:58:00,950,950,950,950,3000
2022-12-20 09:59:00,950,950,950,950,0
2022-12-20 10:00:00,950,950,950,950,6500
2022-12-20 10:01:00,0,0,0,0,0
2022-12-20 10:02:00,950,950,950,950,3700
2022-12-20 10:03:00,0,0,0,0,0
2022-12-20 10:04:00,950,950,950,950,16500
2022-12-20 10:05:00,950,950,950,950,91800
2022-12-20 10:06:00,955,955,955,955,0
2022-12-20 10:07:00,955,955,955,955,200
2022-12-20 10:08:00,955,955,955,955,10500
2022-12-20 10:09:00,950,950,950,950,19700
2022-12-20 10:10:00,0,0,0,0,0
2022-12-20 10:11:00,950,950,950,950,110000
2022-12-20 10:12:00,0,0,0,0,0
2022-12-20 10:13:00,0,0,0,0,0
2022-12-20 10:14:00,0,0,0,0,0
2022-12-20 10:15:00,0,0,0,0,0
2022-12-20 10:16:00,945,945,945,945,8000
2022-12-20 10:17:00,945,945,945,945,0
2022-12-20 10:18:00,0,0,0,0,0
2022-12-20 10:19:00,0,0,0,0,0
2022-12-20 10:20:00,0,0,0,0,0
2022-12-20 10:21:00,0,0,0,0,0
2022-12-20 10:22:00,0,0,0,0,0
2022-12-20 10:23:00,945,945,945,945,2000
2022-12-20 10:24:00,0,0,0,0,0
2022-12-20 10:25:00,945,945,945,945,4000
2022-12-20 10:26:00,0,0,0,0,0
2022-12-20 10:27:00,945,945,945,945,200
2022-12-20 10:28:00,0,0,0,0,0
2022-12-20 10:29:00,0,0,0,0,0
2022-12-20 10:30:00,0,0,0,0,0
2022-12-20 10:31:00,950,950,950,950,1100
2022-12-20 10:32:00,0,0,0,0,0
2022-12-20 10:33:00,950,945,950,945,1900
2022-12-20 10:34:00,0,0,0,0,0
2022-12-20 10:35:00,0,0,0,0,0
2022-12-20 10:36:00,0,0,0,0,0
2022-12-20 10:37:00,0,0,0,0,0
2022-12-20 10:38:00,0,0,0,0,0
2022-12-20 10:39:00,0,0,0,0,0
2022-12-20 10:40:00,945,945,945,945,1600
2022-12-20 10:41:00,945,945,945,945,1900
2022-12-20 10:42:00,0,0,0,0,0
2022-12-20 10:43:00,0,0,0,0,0
2022-12-20 10:44:00,0,0,0,0,0
2022-12-20 10:45:00,945,945,945,945,0
2022-12-20 10:46:00,945,945,945,945,3700
2022-12-20 10:47:00,0,0,0,0,0
2022-12-20 10:48:00,0,0,0,0,0
2022-12-20 10:49:00,0,0,0,0,0
2022-12-20 10:50:00,0,0,0,0,0
2022-12-20 10:51:00,950,945,950,945,0
2022-12-20 10:52:00,950,945,950,945,2100
2022-12-20 10:53:00,0,0,0,0,0
2022-12-20 10:54:00,945,945,945,945,14800
2022-12-20 10:55:00,945,945,945,945,6400
2022-12-20 10:56:00,950,945,950,945,1300
2022-12-20 10:57:00,0,0,0,0,0
2022-12-20 10:58:00,945,945,945,945,12600
2022-12-20 10:59:00,0,0,0,0,0
2022-12-20 11:00:00,945,945,945,945,56400
2022-12-20 11:01:00,945,945,945,945,23100
2022-12-20 11:02:00,945,945,945,945,3100
2022-12-20 11:03:00,0,0,0,0,0
2022-12-20 11:04:00,945,945,950,950,260600
2022-12-20 11:05:00,955,955,955,955,263300
2022-12-20 11:06:00,0,0,0,0,0
2022-12-20 11:07:00,955,955,955,955,1633900
2022-12-20 11:08:00,950,945,950,950,3500
2022-12-20 11:09:00,0,0,0,0,0
2022-12-20 11:10:00,0,0,0,0,0
2022-12-20 11:11:00,950,950,950,950,1000
2022-12-20 11:12:00,950,950,950,950,1700
2022-12-20 11:13:00,950,950,950,950,19300
2022-12-20 11:14:00,0,0,0,0,0
2022-12-20 11:15:00,950,950,950,950,800
2022-12-20 11:16:00,950,950,950,950,4000
2022-12-20 11:17:00,0,0,0,0,0
2022-12-20 11:18:00,0,0,0,0,0
2022-12-20 11:19:00,0,0,0,0,0
2022-12-20 11:20:00,0,0,0,0,0
2022-12-20 11:21:00,0,0,0,0,0
2022-12-20 11:22:00,0,0,0,0,0
2022-12-20 11:23:00,0,0,0,0,0
2022-12-20 11:24:00,0,0,0,0,0
2022-12-20 11:25:00,950,950,950,950,1500
2022-12-20 11:26:00,0,0,0,0,0
2022-12-20 11:27:00,950,950,950,950,400
2022-12-20 11:28:00,0,0,0,0,0
2022-12-20 11:29:00,950,950,950,950,0
2022-12-20 11:30:00,0,0,0,0,0
2022-12-20 11:31:00,0,0,0,0,0
2022-12-20 11:32:00,0,0,0,0,0
2022-12-20 11:33:00,0,0,0,0,0
2022-12-20 11:34:00,0,0,0,0,0
2022-12-20 11:35:00,0,0,0,0,0
2022-12-20 11:36:00,0,0,0,0,0
2022-12-20 11:37:00,0,0,0,0,0
2022-12-20 11:38:00,0,0,0,0,0
2022-12-20 11:39:00,0,0,0,0,0
2022-12-20 11:40:00,0,0,0,0,0
2022-12-20 11:41:00,0,0,0,0,0
2022-12-20 11:42:00,0,0,0,0,0
2022-12-20 11:43:00,0,0,0,0,0
2022-12-20 11:44:00,0,0,0,0,0
2022-12-20 11:45:00,0,0,0,0,0
2022-12-20 11:46:00,0,0,0,0,0
2022-12-20 11:47:00,0,0,0,0,0
2022-12-20 11:48:00,0,0,0,0,0
2022-12-20 11:49:00,0,0,0,0,0
2022-12-20 11:50:00,0,0,0,0,0
2022-12-20 11:51:00,0,0,0,0,0
2022-12-20 11:52:00,0,0,0,0,0
2022-12-20 11:53:00,0,0,0,0,0
2022-12-20 11:54:00,0,0,0,0,0
2022-12-20 11:55:00,0,0,0,0,0
2022-12-20 11:56:00,0,0,0,0,0
2022-12-20 11:57:00,0,0,0,0,0
2022-12-20 11:58:00,0,0,0,0,0
2022-12-20 11:59:00,0,0,0,0,0
2022-12-20 12:00:00,0,0,0,0,0
2022-12-20 12:01:00,0,0,0,0,0
2022-12-20 12:02:00,0,0,0,0,0
2022-12-20 12:03:00,0,0,0,0,0
2022-12-20 12:04:00,0,0,0,0,0
2022-12-20 12:05:00,0,0,0,0,0
2022-12-20 12:06:00,0,0,0,0,0
2022-12-20 12:07:00,0,0,0,0,0
2022-12-20 12:08:00,0,0,0,0,0
2022-12-20 12:09:00,0,0,0,0,0
2022-12-20 12:10:00,0,0,0,0,0
2022-12-20 12:11:00,0,0,0,0,0
2022-12-20 12:12:00,0,0,0,0,0
2022-12-20 12:13:00,0,0,0,0,0
2022-12-20 12:14:00,0,0,0,0,0
2022-12-20 12:15:00,0,0,0,0,0
2022-12-20 12:16:00,0,0,0,0,0
2022-12-20 12:17:00,0,0,0,0,0
2022-12-20 12:18:00,0,0,0,0,0
2022-12-20 12:19:00,0,0,0,0,0
2022-12-20 12:20:00,0,0,0,0,0
2022-12-20 12:21:00,0,0,0,0,0
2022-12-20 12:22:00,0,0,0,0,0
2022-12-20 12:23:00,0,0,0,0,0
2022-12-20 12:24:00,0,0,0,0,0
2022-12-20 12:25:00,0,0,0,0,0
2022-12-20 12:26:00,0,0,0,0,0
2022-12-20 12:27:00,0,0,0,0,0
2022-12-20 12:28:00,0,0,0,0,0
2022-12-20 12:29:00,0,0,0,0,0
2022-12-20 12:30:00,0,0,0,0,0
2022-12-20 12:31:00,0,0,0,0,0
2022-12-20 12:32:00,0,0,0,0,0
2022-12-20 12:33:00,0,0,0,0,0
2022-12-20 12:34:00,0,0,0,0,0
2022-12-20 12:35:00,0,0,0,0,0
2022-12-20 12:36:00,0,0,0,0,0
2022-12-20 12:37:00,0,0,0,0,0
2022-12-20 12:38:00,0,0,0,0,0
2022-12-20 12:39:00,0,0,0,0,0
2022-12-20 12:40:00,0,0,0,0,0
2022-12-20 12:41:00,0,0,0,0,0
2022-12-20 12:42:00,0,0,0,0,0
2022-12-20 12:43:00,0,0,0,0,0
2022-12-20 12:44:00,0,0,0,0,0
2022-12-20 12:45:00,0,0,0,0,0
2022-12-20 12:46:00,0,0,0,0,0
2022-12-20 12:47:00,0,0,0,0,0
2022-12-20 12:48:00,0,0,0,0,0
2022-12-20 12:49:00,0,0,0,0,0
2022-12-20 12:50:00,0,0,0,0,0
2022-12-20 12:51:00,0,0,0,0,0
2022-12-20 12:52:00,0,0,0,0,0
2022-12-20 12:53:00,0,0,0,0,0
2022-12-20 12:54:00,0,0,0,0,0
2022-12-20 12:55:00,0,0,0,0,0
2022-12-20 12:56:00,0,0,0,0,0
2022-12-20 12:57:00,0,0,0,0,0
2022-12-20 12:58:00,0,0,0,0,0
2022-12-20 12:59:00,0,0,0,0,0
2022-12-20 13:00:00,0,0,0,0,0
2022-12-20 13:01:00,0,0,0,0,0
2022-12-20 13:02:00,0,0,0,0,0
2022-12-20 13:03:00,0,0,0,0,0
2022-12-20 13:04:00,0,0,0,0,0
2022-12-20 13:05:00,0,0,0,0,0
2022-12-20 13:06:00,0,0,0,0,0
2022-12-20 13:07:00,0,0,0,0,0
2022-12-20 13:08:00,0,0,0,0,0
2022-12-20 13:09:00,0,0,0,0,0
2022-12-20 13:10:00,0,0,0,0,0
2022-12-20 13:11:00,0,0,0,0,0
2022-12-20 13:12:00,0,0,0,0,0
2022-12-20 13:13:00,0,0,0,0,0
2022-12-20 13:14:00,0,0,0,0,0
2022-12-20 13:15:00,0,0,0,0,0
2022-12-20 13:16:00,0,0,0,0,0
2022-12-20 13:17:00,0,0,0,0,0
2022-12-20 13:18:00,0,0,0,0,0
2022-12-20 13:19:00,0,0,0,0,0
2022-12-20 13:20:00,0,0,0,0,0
2022-12-20 13:21:00,0,0,0,0,0
2022-12-20 13:22:00,0,0,0,0,0
2022-12-20 13:23:00,0,0,0,0,0
2022-12-20 13:24:00,0,0,0,0,0
2022-12-20 13:25:00,0,0,0,0,0
2022-12-20 13:26:00,0,0,0,0,0
2022-12-20 13:27:00,0,0,0,0,0
2022-12-20 13:28:00,0,0,0,0,0
2022-12-20 13:29:00,0,0,0,0,0
2022-12-20 13:30:00,950,950,950,950,2100
2022-12-20 13:31:00,0,0,0,0,0
2022-12-20 13:32:00,0,0,0,0,0
2022-12-20 13:33:00,0,0,0,0,0
2022-12-20 13:34:00,0,0,0,0,0
2022-12-20 13:35:00,0,0,0,0,0
2022-12-20 13:36:00,945,945,945,945,8100
2022-12-20 13:37:00,945,945,945,945,1000
2022-12-20 13:38:00,0,0,0,0,0
2022-12-20 13:39:00,0,0,0,0,0
2022-12-20 13:40:00,945,945,945,945,313300
2022-12-20 13:41:00,945,945,945,945,7186900
2022-12-20 13:42:00,0,0,0,0,0
2022-12-20 13:43:00,950,950,950,950,7253500
2022-12-20 13:44:00,950,950,950,950,0
2022-12-20 13:45:00,0,0,0,0,0
2022-12-20 13:46:00,0,0,0,0,0
2022-12-20 13:47:00,950,950,950,950,39500
2022-12-20 13:48:00,950,950,955,955,12900
2022-12-20 13:49:00,950,950,950,950,23800
2022-12-20 13:50:00,0,0,0,0,0
2022-12-20 13:51:00,950,950,950,950,2000
2022-12-20 13:52:00,950,950,950,950,200
2022-12-20 13:53:00,945,945,945,945,0
2022-12-20 13:54:00,945,945,945,945,3800
2022-12-20 13:55:00,0,0,0,0,0
2022-12-20 13:56:00,0,0,0,0,0
2022-12-20 13:57:00,950,950,950,950,400
2022-12-20 13:58:00,945,945,945,945,27300
2022-12-20 13:59:00,945,945,945,945,2100
2022-12-20 14:00:00,945,945,945,945,2900
2022-12-20 14:01:00,945,945,945,945,0
2022-12-20 14:02:00,945,945,945,945,3200
2022-12-20 14:03:00,940,940,945,945,21300
2022-12-20 14:04:00,945,940,945,940,5400
2022-12-20 14:05:00,945,945,945,945,0
2022-12-20 14:06:00,945,945,945,945,200
2022-12-20 14:07:00,945,945,945,945,300
2022-12-20 14:08:00,945,945,950,950,66200
2022-12-20 14:09:00,950,950,950,950,66400
2022-12-20 14:10:00,950,950,950,950,2200
2022-12-20 14:11:00,0,0,0,0,0
2022-12-20 14:12:00,950,950,950,950,26000
2022-12-20 14:13:00,950,945,950,945,38100
2022-12-20 14:14:00,0,0,0,0,0
2022-12-20 14:15:00,0,0,0,0,0
2022-12-20 14:16:00,0,0,0,0,0
2022-12-20 14:17:00,0,0,0,0,0
2022-12-20 14:18:00,0,0,0,0,0
2022-12-20 14:19:00,950,950,950,950,0
2022-12-20 14:20:00,0,0,0,0,0
2022-12-20 14:21:00,950,950,950,950,0
2022-12-20 14:22:00,0,0,0,0,0
2022-12-20 14:23:00,950,950,950,950,6400
2022-12-20 14:24:00,950,945,950,945,0
2022-12-20 14:25:00,950,950,950,950,2800
2022-12-20 14:26:00,950,950,950,950,9400
2022-12-20 14:27:00,950,950,950,950,26200
2022-12-20 14:28:00,950,945,950,945,16800
2022-12-20 14:29:00,0,0,0,0,0
2022-12-20 14:30:00,945,945,945,945,0
2022-12-20 14:31:00,0,0,0,0,0
2022-12-20 14:32:00,945,945,945,945,200
2022-12-20 14:33:00,0,0,0,0,0
2022-12-20 14:34:00,945,945,945,945,31900
2022-12-20 14:35:00,0,0,0,0,0
2022-12-20 14:36:00,945,945,945,945,120100
2022-12-20 14:37:00,950,950,950,950,0
2022-12-20 14:38:00,0,0,0,0,0
2022-12-20 14:39:00,0,0,0,0,0
2022-12-20 14:40:00,0,0,0,0,0
2022-12-20 14:41:00,945,945,945,945,300
2022-12-20 14:42:00,950,950,950,950,900
2022-12-20 14:43:00,0,0,0,0,0
2022-12-20 14:44:00,950,945,950,945,14000
2022-12-20 14:45:00,945,945,945,945,0
2022-12-20 14:46:00,950,950,950,950,98600
2022-12-20 14:47:00,950,950,950,950,4200
2022-12-20 14:48:00,950,950,950,950,48400
2022-12-20 14:49:00,950,950,950,950,119300
2022-12-20 14:50:00,0,0,0,0,0
2022-12-20 14:51:00,0,0,0,0,0
2022-12-20 14:52:00,0,0,0,0,0
2022-12-20 14:53:00,0,0,0,0,0
2022-12-20 14:54:00,0,0,0,0,0
2022-12-20 14:55:00,0,0,0,0,0
2022-12-20 14:56:00,0,0,0,0,0
2022-12-20 14:57:00,0,0,0,0,0
2022-12-20 14:58:00,0,0,0,0,0
2022-12-20 14:59:00,0,0,0,0,0
2022-12-20 15:00:00,950,950,950,950,56700
2022-12-20 15:01:00,950,950,950,950,20000
2022-12-20 15:02:00,950,950,950,950,0
2022-12-20 15:03:00,950,950,950,950,9000
2022-12-20 15:04:00,0,0,0,0,0
2022-12-20 15:05:00,950,950,950,950,2000
2022-12-20 15:06:00,0,0,0,0,0
2022-12-20 15:07:00,0,0,0,0,0
2022-12-20 15:08:00,0,0,0,0,0
2022-12-20 15:09:00,950,950,950,950,5200
2022-12-20 15:10:00,0,0,0,0,0
2022-12-20 15:11:00,0,0,0,0,0
2022-12-20 15:12:00,950,950,950,950,100
2022-12-20 15:13:00,0,0,0,0,0
2022-12-20 15:14:00,950,950,950,950,18644000
2022-12-20 15:15:00,0,0,0,0,0
2022-12-20 15:16:00,0,0,0,0,0
2022-12-20 15:17:00,0,0,0,0,0
2022-12-20 15:18:00,0,0,0,0,0
2022-12-20 15:19:00,0,0,0,0,0
2022-12-20 15:20:00,0,0,0,0,0
2022-12-20 15:21:00,0,0,0,0,0
2022-12-20 15:22:00,0,0,0,0,0
2022-12-20 15:23:00,0,0,0,0,0
2022-12-20 15:24:00,0,0,0,0,0
2022-12-20 15:25:00,0,0,0,0,0
2022-12-20 15:26:00,0,0,0,0,0
2022-12-20 15:27:00,0,0,0,0,0
2022-12-20 15:28:00,0,0,0,0,0
2022-12-20 15:29:00,0,0,0,0,0
2022-12-20 15:30:00,0,0,0,0,0
2022-12-20 15:31:00,0,0,0,0,0
2022-12-20 15:32:00,0,0,0,0,0
2022-12-20 15:33:00,0,0,0,0,0
2022-12-20 15:34:00,0,0,0,0,0
2022-12-20 15:35:00,0,0,0,0,0
2022-12-20 15:36:00,0,0,0,0,0
2022-12-20 15:37:00,0,0,0,0,0
2022-12-20 15:38:00,0,0,0,0,0
2022-12-20 15:39:00,0,0,0,0,0
2022-12-20 15:40:00,0,0,0,0,0
2022-12-20 15:41:00,0,0,0,0,0
2022-12-20 15:42:00,0,0,0,0,0
2022-12-20 15:43:00,0,0,0,0,0
2022-12-20 15:44:00,0,0,0,0,0
2022-12-20 15:45:00,0,0,0,0,0
2022-12-20 15:46:00,0,0,0,0,0
2022-12-20 15:47:00,0,0,0,0,0
2022-12-20 15:48:00,0,0,0,0,0
2022-12-20 15:49:00,0,0,0,0,0
2022-12-20 15:50:00,0,0,0,0,0
2022-12-20 15:51:00,0,0,0,0,0
2022-12-20 15:52:00,0,0,0,0,0
2022-12-20 15:53:00,0,0,0,0,0
2022-12-20 15:54:00,0,0,0,0,0
2022-12-20 15:55:00,0,0,0,0,0
2022-12-20 15:56:00,0,0,0,0,0
2022-12-20 15:57:00,0,0,0,0,0
2022-12-20 15:58:00,0,0,0,0,0
2022-12-20 15:59:00,0,0,0,0,0
2022-12-21 09:00:00,955,945,955,955,0
2022-12-21 09:01:00,0,0,0,0,0
2022-12-21 09:02:00,950,950,950,950,4300
2022-12-21 09:03:00,955,950,955,950,59600
2022-12-21 09:04:00,950,950,950,950,0
2022-12-21 09:05:00,955,955,955,955,1200
2022-12-21 09:06:00,0,0,0,0,0
2022-12-21 09:07:00,955,955,955,955,1100
2022-12-21 09:08:00,0,0,0,0,0
2022-12-21 09:09:00,950,950,950,950,0
2022-12-21 09:10:00,950,950,950,950,6100
2022-12-21 09:11:00,950,950,950,950,2600
2022-12-21 09:12:00,950,950,950,950,7499000
2022-12-21 09:13:00,955,955,955,955,9940400
2022-12-21 09:14:00,955,955,960,955,0
2022-12-21 09:15:00,955,955,960,960,0
2022-12-21 09:16:00,960,960,960,960,8000
2022-12-21 09:17:00,955,955,955,955,45000
2022-12-21 09:18:00,955,955,955,955,0
2022-12-21 09:19:00,960,955,960,960,8900
2022-12-21 09:20:00,955,955,960,960,200
2022-12-21 09:21:00,960,960,960,960,900
2022-12-21 09:22:00,955,955,955,955,200
2022-12-21 09:23:00,955,955,960,960,50400
2022-12-21 09:24:00,960,960,960,960,0
2022-12-21 09:25:00,0,0,0,0,0
2022-12-21 09:26:00,955,955,955,955,0
2022-12-21 09:27:00,955,955,955,955,5200
2022-12-21 09:28:00,955,955,955,955,0
2022-12-21 09:29:00,0,0,0,0,0
2022-12-21 09:30:00,955,955,955,955,1000
2022-12-21 09:31:00,955,955,955,955,16200
2022-12-21 09:32:00,955,955,955,955,0
2022-12-21 09:33:00,955,955,955,955,100
2022-12-21 09:34:00,0,0,0,0,0
2022-12-21 09:35:00,0,0,0,0,0
2022-12-21 09:36:00,955,955,955,955,72000
2022-12-21 09:37:00,0,0,0,0,0
2022-12-21 09:38:00,955,955,955,955,8300
2022-12-21 09:39:00,955,955,955,955,3500
2022-12-21 09:40:00,955,955,955,955,0
2022-12-21 09:41:00,955,955,955,955,7600
2022-12-21 09:42:00,955,955,955,955,900
2022-12-21 09:43:00,955,955,955,955,0
2022-12-21 09:44:00,960,955,960,955,500
2022-12-21 09:45:00,955,955,955,955,10700
2022-12-21 09:46:00,955,955,955,955,28200
2022-12-21 09:47:00,0,0,0,0,0
2022-12-21 09:48:00,955,955,955,955,0
2022-12-21 09:49:00,955,955,960,955,34100
2022-12-21 09:50:00,0,0,0,0,0
2022-12-21 09:51:00,0,0,0,0,0
2022-12-21 09:52:00,955,955,955,955,0
2022-12-21 09:53:00,955,955,955,955,9800
2022-12-21 09:54:00,955,955,955,955,11000
2022-12-21 09:55:00,955,955,955,955,0
2022-12-21 09:56:00,0,0,0,0,0
2022-12-21 09:57:00,0,0,0,0,0
2022-12-21 09:58:00,0,0,0,0,0
2022-12-21 09:59:00,955,955,955,955,5400
2022-12-21 10:00:00,955,955,955,955,18800
2022-12-21 10:01:00,955,955,955,955,0
2022-12-21 10:02:00,0,0,0,0,0
2022-12-21 10:03:00,955,955,955,955,12100
2022-12-21 10:04:00,0,0,0,0,0
2022-12-21 10:05:00,960,960,975,975,2192600
2022-12-21 10:06:00,975,960,975,960,3679000
2022-12-21 10:07:00,960,955,960,960,142200
2022-12-21 10:08:00,960,960,960,960,144200
2022-12-21 10:09:00,960,960,960,960,19700
2022-12-21 10:10:00,960,950,960,960,2099000
2022-12-21 10:11:00,955,955,960,960,102000
2022-12-21 10:12:00,955,955,955,955,0
2022-12-21 10:13:00,955,955,955,955,0
2022-12-21 10:14:00,955,955,960,960,11100
2022-12-21 10:15:00,0,0,0,0,0
2022-12-21 10:16:00,960,960,965,965,661300
2022-12-21 10:17:00,965,960,965,960,1861800
2022-12-21 10:18:00,955,955,955,955,0
2022-12-21 10:19:00,955,955,960,960,22000
2022-12-21 10:20:00,960,960,960,960,900
2022-12-21 10:21:00,960,960,960,960,600
2022-12-21 10:22:00,960,955,960,955,19300
2022-12-21 10:23:00,955,955,955,955,400
2022-12-21 10:24:00,955,955,955,955,141700
2022-12-21 10:25:00,955,955,960,960,315000
2022-12-21 10:26:00,0,0,0,0,0
2022-12-21 10:27:00,0,0,0,0,0
2022-12-21 10:28:00,955,955,955,955,0
2022-12-21 10:29:00,960,960,960,960,3100
2022-12-21 10:30:00,0,0,0,0,0
2022-12-21 10:31:00,960,960,960,960,0
2022-12-21 10:32:00,0,0,0,0,0
2022-12-21 10:33:00,960,960,960,960,19900
2022-12-21 10:34:00,960,960,960,960,2000
2022-12-21 10:35:00,960,960,960,960,2000
2022-12-21 10:36:00,0,0,0,0,0
2022-12-21 10:37:00,0,0,0,0,0
2022-12-21 10:38:00,0,0,0,0,0
2022-12-21 10:39:00,960,960,960,960,10600
2022-12-21 10:40:00,960,950,960,950,117400
2022-12-21 10:41:00,955,955,955,955,400
2022-12-21 10:42:00,955,955,955,955,200
2022-12-21 10:43:00,955,955,955,955,0
2022-12-21 10:44:00,0,0,0,0,0
2022-12-21 10:45:00,0,0,0,0,0
2022-12-21 10:46:00,955,955,955,955,900
2022-12-21 10:47:00,0,0,0,0,0
2022-12-21 10:48:00,0,0,0,0,0
2022-12-21 10:49:00,950,950,950,950,12700
2022-12-21 10:50:00,950,950,950,950,0
2022-12-21 10:51:00,950,950,950,950,300
2022-12-21 10:52:00,0,0,0,0,0
2022-12-21 10:53:00,0,0,0,0,0
2022-12-21 10:54:00,950,950,950,950,8100
2022-12-21 10:55:00,0,0,0,0,0
2022-12-21 10:56:00,950,950,950,950,4000
2022-12-21 10:57:00,0,0,0,0,0
2022-12-21 10:58:00,950,950,950,950,0
2022-12-21 10:59:00,950,950,950,950,8100
2022-12-21 11:00:00,955,955,955,955,0
2022-12-21 11:01:00,955,955,955,955,1000
2022-12-21 11:02:00,0,0,0,0,0
2022-12-21 11:03:00,0,0,0,0,0
2022-12-21 11:04:00,0,0,0,0,0
2022-12-21 11:05:00,0,0,0,0,0
2022-12-21 11:06:00,0,0,0,0,0
2022-12-21 11:07:00,0,0,0,0,0
2022-12-21 11:08:00,0,0,0,0,0
2022-12-21 11:09:00,955,955,955,955,500
2022-12-21 11:10:00,0,0,0,0,0
2022-12-21 11:11:00,0,0,0,0,0
2022-12-21 11:12:00,955,955,955,955,200
2022-12-21 11:13:00,955,955,955,955,41700
2022-12-21 11:14:00,0,0,0,0,0
2022-12-21 11:15:00,955,955,955,955,0
2022-12-21 11:16:00,0,0,0,0,0
2022-12-21 11:17:00,955,955,955,955,1800
2022-12-21 11:18:00,950,950,950,950,168400
2022-12-21 11:19:00,0,0,0,0,0
2022-12-21 11:20:00,0,0,0,0,0
2022-12-21 11:21:00,950,950,955,955,1800
2022-12-21 11:22:00,0,0,0,0,0
2022-12-21 11:23:00,950,950,950,950,2000
2022-12-21 11:24:00,955,955,955,955,5900
2022-12-21 11:25:00,950,950,950,950,400
2022-12-21 11:26:00,0,0,0,0,0
2022-12-21 11:27:00,950,950,950,950,2800
2022-12-21 11:28:00,0,0,0,0,0
2022-12-21 11:29:00,950,950,950,950,1400
2022-12-21 11:30:00,0,0,0,0,0
2022-12-21 11:31:00,0,0,0,0,0
2022-12-21 11:32:00,0,0,0,0,0
2022-12-21 11:33:00,0,0,0,0,0
2022-12-21 11:34:00,0,0,0,0,0
2022-12-21 11:35:00,0,0,0,0,0
2022-12-21 11:36:00,0,0,0,0,0
2022-12-21 11:37:00,0,0,0,0,0
2022-12-21 11:38:00,0,0,0,0,0
2022-12-21 11:39:00,0,0,0,0,0
2022-12-21 11:40:00,0,0,0,0,0
2022-12-21 11:41:00,0,0,0,0,0
2022-12-21 11:42:00,0,0,0,0,0
2022-12-21 11:43:00,0,0,0,0,0
2022-12-21 11:44:00,0,0,0,0,0
2022-12-21 11:45:00,0,0,0,0,0
2022-12-21 11:46:00,0,0,0,0,0
2022-12-21 11:47:00,0,0,0,0,0
2022-12-21 11:48:00,0,0,0,0,0
2022-12-21 11:49:00,0,0,0,0,0
2022-12-21 11:50:00,0,0,0,0,0
2022-12-21 11:51:00,0,0,0,0,0
2022-12-21 11:52:00,0,0,0,0,0
2022-12-21 11:53:00,0,0,0,0,0
2022-12-21 11:54:00,0,0,0,0,0
2022-12-21 11:55:00,0,0,0,0,0
2022-12-21 11:56:00,0,0,0,0,0
2022-12-21 11:57:00,0,0,0,0,0
2022-12-21 11:58:00,0,0,0,0,0
2022-12-21 11:59:00,0,0,0,0,0
2022-12-21 12:00:00,0,0,0,0,0
2022-12-21 12:01:00,0,0,0,0,0
2022-12-21 12:02:00,0,0,0,0,0
2022-12-21 12:03:00,0,0,0,0,0
2022-12-21 12:04:00,0,0,0,0,0
2022-12-21 12:05:00,0,0,0,0,0
2022-12-21 12:06:00,0,0,0,0,0
2022-12-21 12:07:00,0,0,0,0,0
2022-12-21 12:08:00,0,0,0,0,0
2022-12-21 12:09:00,0,0,0,0,0
2022-12-21 12:10:00,0,0,0,0,0
2022-12-21 12:11:00,0,0,0,0,0
2022-12-21 12:12:00,0,0,0,0,0
2022-12-21 12:13:00,0,0,0,0,0
2022-12-21 12:14:00,0,0,0,0,0
2022-12-21 12:15:00,0,0,0,0,0
2022-12-21 12:16:00,0,0,0,0,0
2022-12-21 12:17:00,0,0,0,0,0
2022-12-21 12:18:00,0,0,0,0,0
2022-12-21 12:19:00,0,0,0,0,0
2022-12-21 12:20:00,0,0,0,0,0
2022-12-21 12:21:00,0,0,0,0,0
2022-12-21 12:22:00,0,0,0,0,0
2022-12-21 12:23:00,0,0,0,0,0
2022-12-21 12:24:00,0,0,0,0,0
2022-12-21 12:25:00,0,0,0,0,0
2022-12-21 12:26:00,0,0,0,0,0
2022-12-21 12:27:00,0,0,0,0,0
2022-12-21 12:28:00,0,0,0,0,0
2022-12-21 12:29:00,0,0,0,0,0
2022-12-21 12:30:00,0,0,0,0,0
2022-12-21 12:31:00,0,0,0,0,0
2022-12-21 12:32:00,0,0,0,0,0
2022-12-21 12:33:00,0,0,0,0,0
2022-12-21 12:34:00,0,0,0,0,0
2022-12-21 12:35:00,0,0,0,0,0
2022-12-21 12:36:00,0,0,0,0,0
2022-12-21 12:37:00,0,0,0,0,0
2022-12-21 12:38:00,0,0,0,0,0
2022-12-21 12:39:00,0,0,0,0,0
2022-12-21 12:40:00,0,0,0,0,0
2022-12-21 12:41:00,0,0,0,0,0
2022-12-21 12:42:00,0,0,0,0,0
2022-12-21 12:43:00,0,0,0,0,0
2022-12-21 12:44:00,0,0,0,0,0
2022-12-21 12:45:00,0,0,0,0,0
2022-12-21 12:46:00,0,0,0,0,0
2022-12-21 12:47:00,0,0,0,0,0
2022-12-21 12:48:00,0,0,0,0,0
2022-12-21 12:49:00,0,0,0,0,0
2022-12-21 12:50:00,0,0,0,0,0
2022-12-21 12:51:00,0,0,0,0,0
2022-12-21 12:52:00,0,0,0,0,0
2022-12-21 12:53:00,0,0,0,0,0
2022-12-21 12:54:00,0,0,0,0,0
2022-12-21 12:55:00,0,0,0,0,0
2022-12-21 12:56:00,0,0,0,0,0
2022-12-21 12:57:00,0,0,0,0,0
2022-12-21 12:58:00,0,0,0,0,0
2022-12-21 12:59:00,0,0,0,0,0
2022-12-21 13:00:00,0,0,0,0,0
2022-12-21 13:01:00,0,0,0,0,0
2022-12-21 13:02:00,0,0,0,0,0
2022-12-21 13:03:00,0,0,0,0,0
2022-12-21 13:04:00,0,0,0,0,0
2022-12-21 13:05:00,0,0,0,0,0
2022-12-21 13:06:00,0,0,0,0,0
2022-12-21 13:07:00,0,0,0,0,0
2022-12-21 13:08:00,0,0,0,0,0
2022-12-21 13:09:00,0,0,0,0,0
2022-12-21 13:10:00,0,0,0,0,0
2022-12-21 13:11:00,0,0,0,0,0
2022-12-21 13:12:00,0,0,0,0,0
2022-12-21 13:13:00,0,0,0,0,0
2022-12-21 13:14:00,0,0,0,0,0
2022-12-21 13:15:00,0,0,0,0,0
2022-12-21 13:16:00,0,0,0,0,0
2022-12-21 13:17:00,0,0,0,0,0
2022-12-21 13:18:00,0,0,0,0,0
2022-12-21 13:19:00,0,0,0,0,0
2022-12-21 13:20:00,0,0,0,0,0
2022-12-21 13:21:00,0,0,0,0,0
2022-12-21 13:22:00,0,0,0,0,0
2022-12-21 13:23:00,0,0,0,0,0
2022-12-21 13:24:00,0,0,0,0,0
2022-12-21 13:25:00,0,0,0,0,0
2022-12-21 13:26:00,0,0,0,0,0
2022-12-21 13:27:00,0,0,0,0,0
2022-12-21 13:28:00,0,0,0,0,0
2022-12-21 13:29:00,0,0,0,0,0
2022-12-21 13:30:00,950,950,950,950,74000
2022-12-21 13:31:00,950,950,950,950,0
2022-12-21 13:32:00,0,0,0,0,0
2022-12-21 13:33:00,0,0,0,0,0
2022-12-21 13:34:00,0,0,0,0,0
2022-12-21 13:35:00,0,0,0,0,0
2022-12-21 13:36:00,950,950,950,950,5400
2022-12-21 13:37:00,950,950,950,950,0
2022-12-21 13:38:00,950,950,950,950,500
2022-12-21 13:39:00,0,0,0,0,0
2022-12-21 13:40:00,950,945,950,945,1900
2022-12-21 13:41:00,0,0,0,0,0
2022-12-21 13:42:00,950,950,950,950,8100
2022-12-21 13:43:00,950,950,950,950,0
2022-12-21 13:44:00,950,950,950,950,4100
2022-12-21 13:45:00,950,950,950,950,0
2022-12-21 13:46:00,0,0,0,0,0
2022-12-21 13:47:00,0,0,0,0,0
2022-12-21 13:48:00,945,945,945,945,300
2022-12-21 13:49:00,0,0,0,0,0
2022-12-21 13:50:00,950,950,950,950,200
2022-12-21 13:51:00,950,945,950,945,13900
2022-12-21 13:52:00,945,945,945,945,500
2022-12-21 13:53:00,0,0,0,0,0
2022-12-21 13:54:00,0,0,0,0,0
2022-12-21 13:55:00,945,945,945,945,5000
2022-12-21 13:56:00,945,945,945,945,4900
2022-12-21 13:57:00,0,0,0,0,0
2022-12-21 13:58:00,945,945,945,945,7100
2022-12-21 13:59:00,950,950,950,950,0
2022-12-21 14:00:00,950,945,950,945,464500
2022-12-21 14:01:00,945,945,945,945,2000
2022-12-21 14:02:00,945,945,945,945,0
2022-12-21 14:03:00,945,945,945,945,21100
2022-12-21 14:04:00,945,945,945,945,0
2022-12-21 14:05:00,945,945,945,945,13000
2022-12-21 14:06:00,945,945,945,945,200
2022-12-21 14:07:00,945,945,945,945,1300
2022-12-21 14:08:00,945,945,945,945,9500
2022-12-21 14:09:00,0,0,0,0,0
2022-12-21 14:10:00,945,945,945,945,800
2022-12-21 14:11:00,0,0,0,0,0
2022-12-21 14:12:00,0,0,0,0,0
2022-12-21 14:13:00,0,0,0,0,0
2022-12-21 14:14:00,0,0,0,0,0
2022-12-21 14:15:00,950,950,950,950,23600
2022-12-21 14:16:00,950,950,950,950,0
2022-12-21 14:17:00,950,945,950,945,3100
2022-12-21 14:18:00,0,0,0,0,0
2022-12-21 14:19:00,0,0,0,0,0
2022-12-21 14:20:00,950,950,950,950,171300
2022-12-21 14:21:00,950,950,955,955,52000
2022-12-21 14:22:00,950,950,955,955,0
2022-12-21 14:23:00,955,955,955,955,3900
2022-12-21 14:24:00,950,950,955,955,0
2022-12-21 14:25:00,0,0,0,0,0
2022-12-21 14:26:00,0,0,0,0,0
2022-12-21 14:27:00,0,0,0,0,0
2022-12-21 14:28:00,955,955,955,955,14300
2022-12-21 14:29:00,955,955,955,955,0
2022-12-21 14:30:00,950,950,955,955,2000
2022-12-21 14:31:00,955,955,955,955,0
2022-12-21 14:32:00,950,950,950,950,10900
2022-12-21 14:33:00,950,950,950,950,0
2022-12-21 14:34:00,0,0,0,0,0
2022-12-21 14:35:00,950,950,955,955,7000
2022-12-21 14:36:00,955,955,955,955,400
2022-12-21 14:37:00,955,955,955,955,1800
2022-12-21 14:38:00,0,0,0,0,0
2022-12-21 14:39:00,955,955,955,955,0
2022-12-21 14:40:00,955,955,955,955,1000
2022-12-21 14:41:00,0,0,0,0,0
2022-12-21 14:42:00,950,950,950,950,389200
2022-12-21 14:43:00,945,945,945,945,0
2022-12-21 14:44:00,945,945,945,945,0
2022-12-21 14:45:00,0,0,0,0,0
2022-12-21 14:46:00,950,950,950,950,3700
2022-12-21 14:47:00,950,950,950,950,5900
2022-12-21 14:48:00,945,945,950,950,100700
2022-12-21 14:49:00,0,0,0,0,0
2022-12-21 14:50:00,0,0,0,0,0
2022-12-21 14:51:00,0,0,0,0,0
2022-12-21 14:52:00,0,0,0,0,0
2022-12-21 14:53:00,0,0,0,0,0
2022-12-21 14:54:00,0,0,0,0,0
2022-12-21 14:55:00,0,0,0,0,0
2022-12-21 14:56:00,0,0,0,0,0
2022-12-21 14:57:00,0,0,0,0,0
2022-12-21 14:58:00,0,0,0,0,0
2022-12-21 14:59:00,0,0,0,0,0
2022-12-21 15:00:00,945,945,945,945,150000
2022-12-21 15:01:00,945,945,945,945,469200
2022-12-21 15:02:00,945,945,945,945,160000
2022-12-21 15:03:00,945,945,945,945,0
2022-12-21 15:04:00,945,945,945,945,0
2022-12-21 15:05:00,945,945,945,945,600
2022-12-21 15:06:00,945,945,945,945,2000
2022-12-21 15:07:00,0,0,0,0,0
2022-12-21 15:08:00,0,0,0,0,0
2022-12-21 15:09:00,0,0,0,0,0
2022-12-21 15:10:00,0,0,0,0,0
2022-12-21 15:11:00,945,945,945,945,114600
2022-12-21 15:12:00,945,945,945,945,0
2022-12-21 15:13:00,945,945,945,945,1500
2022-12-21 15:14:00,945,945,945,945,29494600
2022-12-21 15:15:00,0,0,0,0,0
2022-12-21 15:16:00,0,0,0,0,0
2022-12-21 15:17:00,0,0,0,0,0
2022-12-21 15:18:00,0,0,0,0,0
2022-12-21 15:19:00,0,0,0,0,0
2022-12-21 15:20:00,0,0,0,0,0
2022-12-21 15:21:00,0,0,0,0,0
2022-12-21 15:22:00,0,0,0,0,0
2022-12-21 15:23:00,0,0,0,0,0
2022-12-21 15:24:00,0,0,0,0,0
2022-12-21 15:25:00,0,0,0,0,0
2022-12-21 15:26:00,0,0,0,0,0
2022-12-21 15:27:00,0,0,0,0,0
2022-12-21 15:28:00,0,0,0,0,0
2022-12-21 15:29:00,0,0,0,0,0
2022-12-21 15:30:00,0,0,0,0,0
2022-12-21 15:31:00,0,0,0,0,0
2022-12-21 15:32:00,0,0,0,0,0
2022-12-21 15:33:00,0,0,0,0,0
2022-12-21 15:34:00,0,0,0,0,0
2022-12-21 15:35:00,0,0,0,0,0
2022-12-21 15:36:00,0,0,0,0,0
2022-12-21 15:37:00,0,0,0,0,0
2022-12-21 15:38:00,0,0,0,0,0
2022-12-21 15:39:00,0,0,0,0,0
2022-12-21 15:40:00,0,0,0,0,0
2022-12-21 15:41:00,0,0,0,0,0
2022-12-21 15:42:00,0,0,0,0,0
2022-12-21 15:43:00,0,0,0,0,0
2022-12-21 15:44:00,0,0,0,0,0
2022-12-21 15:45:00,0,0,0,0,0
2022-12-21 15:46:00,0,0,0,0,0
2022-12-21 15:47:00,0,0,0,0,0
2022-12-21 15:48:00,0,0,0,0,0
2022-12-21 15:49:00,0,0,0,0,0
2022-12-21 15:50:00,0,0,0,0,0
2022-12-21 15:51:00,0,0,0,0,0
2022-12-21 15:52:00,0,0,0,0,0
2022-12-21 15:53:00,0,0,0,0,0
2022-12-21 15:54:00,0,0,0,0,0
2022-12-21 15:55:00,0,0,0,0,0
2022-12-21 15:56:00,0,0,0,0,0
2022-12-21 15:57:00,0,0,0,0,0
2022-12-21 15:58:00,0,0,0,0,0
2022-12-21 15:59:00,0,0,0,0,0
2022-12-22 09:00:00,945,945,945,945,0
2022-12-22 09:01:00,940,940,945,945,12500
2022-12-22 09:02:00,0,0,0,0,0
2022-12-22 09:03:00,940,940,945,945,2100
2022-12-22 09:04:00,940,940,945,940,5500
2022-12-22 09:05:00,940,940,945,940,1500
2022-12-22 09:06:00,940,940,945,945,1500
2022-12-22 09:07:00,940,940,940,940,1300
2022-12-22 09:08:00,940,940,940,940,66500
2022-12-22 09:09:00,940,940,940,940,270300
2022-12-22 09:10:00,0,0,0,0,0
2022-12-22 09:11:00,935,935,935,935,366100
2022-12-22 09:12:00,935,935,935,935,55400
2022-12-22 09:13:00,935,935,935,935,19000
2022-12-22 09:14:00,935,935,940,940,31700
2022-12-22 09:15:00,935,935,935,935,500
2022-12-22 09:16:00,935,935,940,935,1600
2022-12-22 09:17:00,935,935,935,935,114500
2022-12-22 09:18:00,935,935,935,935,9400
2022-12-22 09:19:00,940,940,940,940,1600
2022-12-22 09:20:00,0,0,0,0,0
2022-12-22 09:21:00,935,935,940,940,7800
2022-12-22 09:22:00,935,935,935,935,0
2022-12-22 09:23:00,935,935,935,935,23800
2022-12-22 09:24:00,0,0,0,0,0
2022-12-22 09:25:00,0,0,0,0,0
2022-12-22 09:26:00,935,935,935,935,6900
2022-12-22 09:27:00,940,940,940,940,300
2022-12-22 09:28:00,935,935,940,940,35800
2022-12-22 09:29:00,0,0,0,0,0
2022-12-22 09:30:00,940,935,940,935,900
2022-12-22 09:31:00,935,935,935,935,31300
2022-12-22 09:32:00,935,935,935,935,140400
2022-12-22 09:33:00,0,0,0,0,0
2022-12-22 09:34:00,935,935,935,935,5000
2022-12-22 09:35:00,935,935,940,935,5400
2022-12-22 09:36:00,935,935,935,935,8000
2022-12-22 09:37:00,935,935,935,935,0
2022-12-22 09:38:00,0,0,0,0,0
2022-12-22 09:39:00,0,0,0,0,0
2022-12-22 09:40:00,0,0,0,0,0
2022-12-22 09:41:00,935,935,935,935,500
2022-12-22 09:42:00,0,0,0,0,0
2022-12-22 09:43:00,935,935,935,935,7100
2022-12-22 09:44:00,0,0,0,0,0
2022-12-22 09:45:00,935,935,940,940,2600
2022-12-22 09:46:00,0,0,0,0,0
2022-12-22 09:47:00,0,0,0,0,0
2022-12-22 09:48:00,940,935,940,935,200
2022-12-22 09:49:00,935,935,935,935,5000
2022-12-22 09:50:00,935,935,935,935,4900
2022-12-22 09:51:00,0,0,0,0,0
2022-12-22 09:52:00,935,935,935,935,0
2022-12-22 09:53:00,0,0,0,0,0
2022-12-22 09:54:00,0,0,0,0,0
2022-12-22 09:55:00,935,935,935,935,2000
2022-12-22 09:56:00,0,0,0,0,0
2022-12-22 09:57:00,0,0,0,0,0
2022-12-22 09:58:00,935,935,940,940,1297900
2022-12-22 09:59:00,940,940,940,940,100
2022-12-22 10:00:00,0,0,0,0,0
2022-12-22 10:01:00,0,0,0,0,0
2022-12-22 10:02:00,940,940,940,940,17200
2022-12-22 10:03:00,0,0,0,0,0
2022-12-22 10:04:00,0,0,0,0,0
2022-12-22 10:05:00,0,0,0,0,0
2022-12-22 10:06:00,0,0,0,0,0
2022-12-22 10:07:00,0,0,0,0,0
2022-12-22 10:08:00,0,0,0,0,0
2022-12-22 10:09:00,940,940,940,940,300
2022-12-22 10:10:00,0,0,0,0,0
2022-12-22 10:11:00,0,0,0,0,0
2022-12-22 10:12:00,940,940,940,940,1800
2022-12-22 10:13:00,940,940,940,940,0
2022-12-22 10:14:00,940,940,940,940,2900
2022-12-22 10:15:00,940,940,940,940,0
2022-12-22 10:16:00,0,0,0,0,0
2022-12-22 10:17:00,940,940,940,940,0
2022-12-22 10:18:00,0,0,0,0,0
2022-12-22 10:19:00,940,940,940,940,111000
2022-12-22 10:20:00,940,940,940,940,0
2022-12-22 10:21:00,0,0,0,0,0
2022-12-22 10:22:00,940,940,940,940,900
2022-12-22 10:23:00,940,940,940,940,13700
2022-12-22 10:24:00,940,940,940,940,2100
2022-12-22 10:25:00,940,940,940,940,4600
2022-12-22 10:26:00,940,940,940,940,3800
2022-12-22 10:27:00,940,940,940,940,10100
2022-12-22 10:28:00,0,0,0,0,0
2022-12-22 10:29:00,945,945,945,945,7100
2022-12-22 10:30:00,0,0,0,0,0
2022-12-22 10:31:00,0,0,0,0,0
2022-12-22 10:32:00,945,945,945,945,14700
2022-12-22 10:33:00,940,940,940,940,17400
2022-12-22 10:34:00,935,935,940,940,1521500
2022-12-22 10:35:00,940,940,940,940,0
2022-12-22 10:36:00,0,0,0,0,0
2022-12-22 10:37:00,940,940,940,940,600
2022-12-22 10:38:00,0,0,0,0,0
2022-12-22 10:39:00,940,940,940,940,14900
2022-12-22 10:40:00,940,940,940,940,12400
2022-12-22 10:41:00,0,0,0,0,0
2022-12-22 10:42:00,0,0,0,0,0
2022-12-22 10:43:00,940,940,940,940,200
2022-12-22 10:44:00,940,940,940,940,549900
2022-12-22 10:45:00,0,0,0,0,0
2022-12-22 10:46:00,0,0,0,0,0
2022-12-22 10:47:00,0,0,0,0,0
2022-12-22 10:48:00,940,940,945,945,7900
2022-12-22 10:49:00,0,0,0,0,0
2022-12-22 10:50:00,950,950,950,950,114500
2022-12-22 10:51:00,950,950,950,950,600
2022-12-22 10:52:00,950,950,950,950,1000
2022-12-22 10:53:00,950,950,950,950,24600
2022-12-22 10:54:00,0,0,0,0,0
2022-12-22 10:55:00,955,955,955,955,5400
2022-12-22 10:56:00,0,0,0,0,0
2022-12-22 10:57:00,0,0,0,0,0
2022-12-22 10:58:00,955,955,955,955,197400
2022-12-22 10:59:00,955,950,955,955,93000
2022-12-22 11:00:00,960,960,960,960,14500
2022-12-22 11:01:00,955,955,955,955,0
2022-12-22 11:02:00,0,0,0,0,0
2022-12-22 11:03:00,955,955,955,955,1900
2022-12-22 11:04:00,955,955,955,955,50200
2022-12-22 11:05:00,0,0,0,0,0
2022-12-22 11:06:00,955,955,955,955,0
2022-12-22 11:07:00,0,0,0,0,0
2022-12-22 11:08:00,0,0,0,0,0
2022-12-22 11:09:00,0,0,0,0,0
2022-12-22 11:10:00,0,0,0,0,0
2022-12-22 11:11:00,955,955,955,955,600
2022-12-22 11:12:00,0,0,0,0,0
2022-12-22 11:13:00,0,0,0,0,0
2022-12-22 11:14:00,0,0,0,0,0
2022-12-22 11:15:00,0,0,0,0,0
2022-12-22 11:16:00,955,955,955,955,0
2022-12-22 11:17:00,950,950,950,950,1100
2022-12-22 11:18:00,0,0,0,0,0
2022-12-22 11:19:00,950,950,950,950,50500
2022-12-22 11:20:00,955,955,955,955,3300
2022-12-22 11:21:00,955,955,960,960,120900
2022-12-22 11:22:00,960,960,960,960,165000
2022-12-22 11:23:00,0,0,0,0,0
2022-12-22 11:24:00,955,955,955,955,0
2022-12-22 11:25:00,960,960,960,960,223000
2022-12-22 11:26:00,955,955,960,960,8800
2022-12-22 11:27:00,960,960,960,960,1400
2022-12-22 11:28:00,0,0,0,0,0
2022-12-22 11:29:00,955,955,960,960,7100
2022-12-22 11:30:00,0,0,0,0,0
2022-12-22 11:31:00,0,0,0,0,0
2022-12-22 11:32:00,0,0,0,0,0
2022-12-22 11:33:00,0,0,0,0,0
2022-12-22 11:34:00,0,0,0,0,0
2022-12-22 11:35:00,0,0,0,0,0
2022-12-22 11:36:00,0,0,0,0,0
2022-12-22 11:37:00,0,0,0,0,0
2022-12-22 11:38:00,0,0,0,0,0
2022-12-22 11:39:00,0,0,0,0,0
2022-12-22 11:40:00,0,0,0,0,0
2022-12-22 11:41:00,0,0,0,0,0
2022-12-22 11:42:00,0,0,0,0,0
2022-12-22 11:43:00,0,0,0,0,0
2022-12-22 11:44:00,0,0,0,0,0
2022-12-22 11:45:00,0,0,0,0,0
2022-12-22 11:46:00,0,0,0,0,0
2022-12-22 11:47:00,0,0,0,0,0
2022-12-22 11:48:00,0,0,0,0,0
2022-12-22 11:49:00,0,0,0,0,0
2022-12-22 11:50:00,0,0,0,0,0
2022-12-22 11:51:00,0,0,0,0,0
2022-12-22 11:52:00,0,0,0,0,0
2022-12-22 11:53:00,0,0,0,0,0
2022-12-22 11:54:00,0,0,0,0,0
2022-12-22 11:55:00,0,0,0,0,0
2022-12-22 11:56:00,0,0,0,0,0
2022-12-22 11:57:00,0,0,0,0,0
2022-12-22 11:58:00,0,0,0,0,0
2022-12-22 11:59:00,0,0,0,0,0
2022-12-22 12:00:00,0,0,0,0,0
2022-12-22 12:01:00,0,0,0,0,0
2022-12-22 12:02:00,0,0,0,0,0
2022-12-22 12:03:00,0,0,0,0,0
2022-12-22 12:04:00,0,0,0,0,0
2022-12-22 12:05:00,0,0,0,0,0
2022-12-22 12:06:00,0,0,0,0,0
2022-12-22 12:07:00,0,0,0,0,0
2022-12-22 12:08:00,0,0,0,0,0
2022-12-22 12:09:00,0,0,0,0,0
2022-12-22 12:10:00,0,0,0,0,0
2022-12-22 12:11:00,0,0,0,0,0
2022-12-22 12:12:00,0,0,0,0,0
2022-12-22 12:13:00,0,0,0,0,0
2022-12-22 12:14:00,0,0,0,0,0
2022-12-22 12:15:00,0,0,0,0,0
2022-12-22 12:16:00,0,0,0,0,0
2022-12-22 12:17:00,0,0,0,0,0
2022-12-22 12:18:00,0,0,0,0,0
2022-12-22 12:19:00,0,0,0,0,0
2022-12-22 12:20:00,0,0,0,0,0
2022-12-22 12:21:00,0,0,0,0,0
2022-12-22 12:22:00,0,0,0,0,0
2022-12-22 12:23:00,0,0,0,0,0
2022-12-22 12:24:00,0,0,0,0,0
2022-12-22 12:25:00,0,0,0,0,0
2022-12-22 12:26:00,0,0,0,0,0
2022-12-22 12:27:00,0,0,0,0,0
2022-12-22 12:28:00,0,0,0,0,0
2022-12-22 12:29:00,0,0,0,0,0
2022-12-22 12:30:00,0,0,0,0,0
2022-12-22 12:31:00,0,0,0,0,0
2022-12-22 12:32:00,0,0,0,0,0
2022-12-22 12:33:00,0,0,0,0,0
2022-12-22 12:34:00,0,0,0,0,0
2022-12-22 12:35:00,0,0,0,0,0
2022-12-22 12:36:00,0,0,0,0,0
2022-12-22 12:37:00,0,0,0,0,0
2022-12-22 12:38:00,0,0,0,0,0
2022-12-22 12:39:00,0,0,0,0,0
2022-12-22 12:40:00,0,0,0,0,0
2022-12-22 12:41:00,0,0,0,0,0
2022-12-22 12:42:00,0,0,0,0,0
2022-12-22 12:43:00,0,0,0,0,0
2022-12-22 12:44:00,0,0,0,0,0
2022-12-22 12:45:00,0,0,0,0,0
2022-12-22 12:46:00,0,0,0,0,0
2022-12-22 12:47:00,0,0,0,0,0
2022-12-22 12:48:00,0,0,0,0,0
2022-12-22 12:49:00,0,0,0,0,0
2022-12-22 12:50:00,0,0,0,0,0
2022-12-22 12:51:00,0,0,0,0,0
2022-12-22 12:52:00,0,0,0,0,0
2022-12-22 12:53:00,0,0,0,0,0
2022-12-22 12:54:00,0,0,0,0,0
2022-12-22 12:55:00,0,0,0,0,0
2022-12-22 12:56:00,0,0,0,0,0
2022-12-22 12:57:00,0,0,0,0,0
2022-12-22 12:58:00,0,0,0,0,0
2022-12-22 12:59:00,0,0,0,0,0
2022-12-22 13:00:00,0,0,0,0,0
2022-12-22 13:01:00,0,0,0,0,0
2022-12-22 13:02:00,0,0,0,0,0
2022-12-22 13:03:00,0,0,0,0,0
2022-12-22 13:04:00,0,0,0,0,0
2022-12-22 13:05:00,0,0,0,0,0
2022-12-22 13:06:00,0,0,0,0,0
2022-12-22 13:07:00,0,0,0,0,0
2022-12-22 13:08:00,0,0,0,0,0
2022-12-22 13:09:00,0,0,0,0,0
2022-12-22 13:10:00,0,0,0,0,0
2022-12-22 13:11:00,0,0,0,0,0
2022-12-22 13:12:00,0,0,0,0,0
2022-12-22 13:13:00,0,0,0,0,0
2022-12-22 13:14:00,0,0,0,0,0
2022-12-22 13:15:00,0,0,0,0,0
2022-12-22 13:16:00,0,0,0,0,0
2022-12-22 13:17:00,0,0,0,0,0
2022-12-22 13:18:00,0,0,0,0,0
2022-12-22 13:19:00,0,0,0,0,0
2022-12-22 13:20:00,0,0,0,0,0
2022-12-22 13:21:00,0,0,0,0,0
2022-12-22 13:22:00,0,0,0,0,0
2022-12-22 13:23:00,0,0,0,0,0
2022-12-22 13:24:00,0,0,0,0,0
2022-12-22 13:25:00,0,0,0,0,0
2022-12-22 13:26:00,0,0,0,0,0
2022-12-22 13:27:00,0,0,0,0,0
2022-12-22 13:28:00,0,0,0,0,0
2022-12-22 13:29:00,0,0,0,0,0
2022-12-22 13:30:00,960,955,960,960,512100
2022-12-22 13:31:00,960,960,960,960,8300
2022-12-22 13:32:00,0,0,0,0,0
2022-12-22 13:33:00,955,955,955,955,100
2022-12-22 13:34:00,955,955,955,955,11000
2022-12-22 13:35:00,0,0,0,0,0
2022-12-22 13:36:00,955,955,960,960,122400
2022-12-22 13:37:00,0,0,0,0,0
2022-12-22 13:38:00,955,955,960,960,598800
2022-12-22 13:39:00,960,960,965,965,469900
2022-12-22 13:40:00,965,965,965,965,405300
2022-12-22 13:41:00,965,965,965,965,489300
2022-12-22 13:42:00,965,965,965,965,0
2022-12-22 13:43:00,965,965,965,965,204700
2022-12-22 13:44:00,965,965,965,965,0
2022-12-22 13:45:00,965,965,965,965,0
2022-12-22 13:46:00,965,965,965,965,10800
2022-12-22 13:47:00,0,0,0,0,0
2022-12-22 13:48:00,960,960,965,965,110700
2022-12-22 13:49:00,965,960,965,960,200
2022-12-22 13:50:00,960,960,960,960,785200
2022-12-22 13:51:00,960,955,960,960,54500
2022-12-22 13:52:00,960,955,960,960,351100
2022-12-22 13:53:00,0,0,0,0,0
2022-12-22 13:54:00,960,960,960,960,37500
2022-12-22 13:55:00,0,0,0,0,0
2022-12-22 13:56:00,955,955,960,960,11200
2022-12-22 13:57:00,0,0,0,0,0
2022-12-22 13:58:00,955,955,955,955,0
2022-12-22 13:59:00,955,955,960,960,1200
2022-12-22 14:00:00,0,0,0,0,0
2022-12-22 14:01:00,960,960,960,960,100
2022-12-22 14:02:00,0,0,0,0,0
2022-12-22 14:03:00,960,955,960,960,12100
2022-12-22 14:04:00,0,0,0,0,0
2022-12-22 14:05:00,955,955,960,960,37600
2022-12-22 14:06:00,960,955,960,955,82000
2022-12-22 14:07:00,0,0,0,0,0
2022-12-22 14:08:00,960,960,960,960,184000
2022-12-22 14:09:00,960,960,960,960,0
2022-12-22 14:10:00,955,955,960,955,38400
2022-12-22 14:11:00,0,0,0,0,0
2022-12-22 14:12:00,955,955,955,955,0
2022-12-22 14:13:00,955,955,960,960,80800
2022-12-22 14:14:00,955,955,960,955,312000
2022-12-22 14:15:00,955,955,955,955,0
2022-12-22 14:16:00,950,950,955,955,100
2022-12-22 14:17:00,0,0,0,0,0
2022-12-22 14:18:00,955,955,955,955,13500
2022-12-22 14:19:00,950,950,955,955,214200
2022-12-22 14:20:00,950,950,950,950,500
2022-12-22 14:21:00,0,0,0,0,0
2022-12-22 14:22:00,950,950,950,950,13000
2022-12-22 14:23:00,950,950,950,950,0
2022-12-22 14:24:00,950,950,950,950,15000
2022-12-22 14:25:00,950,950,950,950,600
2022-12-22 14:26:00,950,950,950,950,2500
2022-12-22 14:27:00,950,950,950,950,31700
2022-12-22 14:28:00,950,950,950,950,0
2022-12-22 14:29:00,950,950,950,950,13300
2022-12-22 14:30:00,950,950,950,950,62800
2022-12-22 14:31:00,950,950,950,950,24700
2022-12-22 14:32:00,950,950,950,950,2400
2022-12-22 14:33:00,950,950,950,950,39900
2022-12-22 14:34:00,950,950,950,950,0
2022-12-22 14:35:00,950,950,950,950,51700
2022-12-22 14:36:00,0,0,0,0,0
2022-12-22 14:37:00,950,950,950,950,3000
2022-12-22 14:38:00,950,950,950,950,10400
2022-12-22 14:39:00,0,0,0,0,0
2022-12-22 14:40:00,950,950,950,950,200
2022-12-22 14:41:00,0,0,0,0,0
2022-12-22 14:42:00,955,955,960,955,65600
2022-12-22 14:43:00,0,0,0,0,0
2022-12-22 14:44:00,960,960,960,960,3400
2022-12-22 14:45:00,960,955,960,960,0
2022-12-22 14:46:00,955,955,955,955,100
2022-12-22 14:47:00,960,960,960,960,725600
2022-12-22 14:48:00,960,960,965,960,26200
2022-12-22 14:49:00,965,960,970,960,918700
2022-12-22 14:50:00,0,0,0,0,0
2022-12-22 14:51:00,0,0,0,0,0
2022-12-22 14:52:00,0,0,0,0,0
2022-12-22 14:53:00,0,0,0,0,0
2022-12-22 14:54:00,0,0,0,0,0
2022-12-22 14:55:00,0,0,0,0,0
2022-12-22 14:56:00,0,0,0,0,0
2022-12-22 14:57:00,0,0,0,0,0
2022-12-22 14:58:00,0,0,0,0,0
2022-12-22 14:59:00,0,0,0,0,0
2022-12-22 15:00:00,960,960,960,960,883500
2022-12-22 15:01:00,960,960,960,960,1000
2022-12-22 15:02:00,960,960,960,960,8900
2022-12-22 15:03:00,0,0,0,0,0
2022-12-22 15:04:00,960,960,960,960,0
2022-12-22 15:05:00,960,960,960,960,2100
2022-12-22 15:06:00,960,960,960,960,0
2022-12-22 15:07:00,960,960,960,960,13774700
2022-12-22 15:08:00,0,0,0,0,0
2022-12-22 15:09:00,0,0,0,0,0
2022-12-22 15:10:00,0,0,0,0,0
2022-12-22 15:11:00,0,0,0,0,0
2022-12-22 15:12:00,0,0,0,0,0
2022-12-22 15:13:00,0,0,0,0,0
2022-12-22 15:14:00,0,0,0,0,0
2022-12-22 15:15:00,0,0,0,0,0
2022-12-22 15:16:00,0,0,0,0,0
2022-12-22 15:17:00,0,0,0,0,0
2022-12-22 15:18:00,0,0,0,0,0
2022-12-22 15:19:00,0,0,0,0,0
2022-12-22 15:20:00,0,0,0,0,0
2022-12-22 15:21:00,0,0,0,0,0
2022-12-22 15:22:00,0,0,0,0,0
2022-12-22 15:23:00,0,0,0,0,0
2022-12-22 15:24:00,0,0,0,0,0
2022-12-22 15:25:00,0,0,0,0,0
2022-12-22 15:26:00,0,0,0,0,0
2022-12-22 15:27:00,0,0,0,0,0
2022-12-22 15:28:00,0,0,0,0,0
2022-12-22 15:29:00,0,0,0,0,0
2022-12-22 15:30:00,0,0,0,0,0
2022-12-22 15:31:00,0,0,0,0,0
2022-12-22 15:32:00,0,0,0,0,0
2022-12-22 15:33:00,0,0,0,0,0
2022-12-22 15:34:00,0,0,0,0,0
2022-12-22 15:35:00,0,0,0,0,0
2022-12-22 15:36:00,0,0,0,0,0
2022-12-22 15:37:00,0,0,0,0,0
2022-12-22 15:38:00,0,0,0,0,0
2022-12-22 15:39:00,0,0,0,0,0
2022-12-22 15:40:00,0,0,0,0,0
2022-12-22 15:41:00,0,0,0,0,0
2022-12-22 15:42:00,0,0,0,0,0
2022-12-22 15:43:00,0,0,0,0,0
2022-12-22 15:44:00,0,0,0,0,0
2022-12-22 15:45:00,0,0,0,0,0
2022-12-22 15:46:00,0,0,0,0,0
2022-12-22 15:47:00,0,0,0,0,0
2022-12-22 15:48:00,0,0,0,0,0
2022-12-22 15:49:00,0,0,0,0,0
2022-12-22 15:50:00,0,0,0,0,0
2022-12-22 15:51:00,0,0,0,0,0
2022-12-22 15:52:00,0,0,0,0,0
2022-12-22 15:53:00,0,0,0,0,0
2022-12-22 15:54:00,0,0,0,0,0
2022-12-22 15:55:00,0,0,0,0,0
2022-12-22 15:56:00,0,0,0,0,0
2022-12-22 15:57:00,0,0,0,0,0
2022-12-22 15:58:00,0,0,0,0,0
2022-12-22 15:59:00,0,0,0,0,0
2022-12-23 09:00:00,960,950,965,955,0
2022-12-23 09:01:00,950,950,955,955,1700
2022-12-23 09:02:00,0,0,0,0,0
2022-12-23 09:03:00,0,0,0,0,0
2022-12-23 09:04:00,950,950,955,955,1900
2022-12-23 09:05:00,955,955,955,955,900
2022-12-23 09:06:00,955,955,955,955,49500
2022-12-23 09:07:00,955,955,955,955,0
2022-12-23 09:08:00,955,955,955,955,78400
2022-12-23 09:09:00,955,955,960,955,25600
2022-12-23 09:10:00,960,960,960,960,10000
2022-12-23 09:11:00,960,960,960,960,0
2022-12-23 09:12:00,0,0,0,0,0
2022-12-23 09:13:00,955,955,960,960,1800
2022-12-23 09:14:00,960,960,965,965,480600
2022-12-23 09:15:00,965,965,965,965,143100
2022-12-23 09:16:00,960,960,965,965,4000
2022-12-23 09:17:00,965,965,965,965,0
2022-12-23 09:18:00,965,965,970,965,40600
2022-12-23 09:19:00,965,965,965,965,300
2022-12-23 09:20:00,960,960,960,960,0
2022-12-23 09:21:00,960,960,960,960,21100
2022-12-23 09:22:00,960,960,965,965,8700
2022-12-23 09:23:00,960,960,960,960,89000
2022-12-23 09:24:00,960,955,960,955,22100
2022-12-23 09:25:00,0,0,0,0,0
2022-12-23 09:26:00,0,0,0,0,0
2022-12-23 09:27:00,955,955,960,960,12000
2022-12-23 09:28:00,960,960,960,960,1500
2022-12-23 09:29:00,0,0,0,0,0
2022-12-23 09:30:00,960,960,960,960,1000
2022-12-23 09:31:00,0,0,0,0,0
2022-12-23 09:32:00,0,0,0,0,0
2022-12-23 09:33:00,0,0,0,0,0
2022-12-23 09:34:00,955,955,955,955,0
2022-12-23 09:35:00,955,955,955,955,1900
2022-12-23 09:36:00,955,955,960,960,15900
2022-12-23 09:37:00,960,960,960,960,0
2022-12-23 09:38:00,0,0,0,0,0
2022-12-23 09:39:00,960,960,960,960,2800
2022-12-23 09:40:00,960,960,960,960,0
2022-12-23 09:41:00,955,955,960,960,34800
2022-12-23 09:42:00,955,955,960,960,2900
2022-12-23 09:43:00,0,0,0,0,0
2022-12-23 09:44:00,0,0,0,0,0
2022-12-23 09:45:00,960,960,960,960,10400
2022-12-23 09:46:00,960,960,960,960,5300
2022-12-23 09:47:00,0,0,0,0,0
2022-12-23 09:48:00,955,955,960,960,4300
2022-12-23 09:49:00,955,955,960,960,67100
2022-12-23 09:50:00,955,955,955,955,0
2022-12-23 09:51:00,955,955,960,960,35700
2022-12-23 09:52:00,960,960,960,960,0
2022-12-23 09:53:00,955,955,955,955,200
2022-12-23 09:54:00,0,0,0,0,0
2022-12-23 09:55:00,955,955,960,960,500
2022-12-23 09:56:00,955,955,960,955,35300
2022-12-23 09:57:00,0,0,0,0,0
2022-12-23 09:58:00,0,0,0,0,0
2022-12-23 09:59:00,0,0,0,0,0
2022-12-23 10:00:00,960,960,960,960,100
2022-12-23 10:01:00,0,0,0,0,0
2022-12-23 10:02:00,0,0,0,0,0
2022-12-23 10:03:00,0,0,0,0,0
2022-12-23 10:04:00,955,955,960,955,1100
2022-12-23 10:05:00,955,955,960,960,300
2022-12-23 10:06:00,960,955,960,960,4700
2022-12-23 10:07:00,960,960,960,960,0
2022-12-23 10:08:00,0,0,0,0,0
2022-12-23 10:09:00,955,955,960,955,1200
2022-12-23 10:10:00,0,0,0,0,0
2022-12-23 10:11:00,955,955,960,960,5500
2022-12-23 10:12:00,0,0,0,0,0
2022-12-23 10:13:00,0,0,0,0,0
2022-12-23 10:14:00,960,960,960,960,444000
2022-12-23 10:15:00,960,960,960,960,27000
2022-12-23 10:16:00,960,960,965,965,55800
2022-12-23 10:17:00,960,960,960,960,36800
2022-12-23 10:18:00,960,960,960,960,0
2022-12-23 10:19:00,0,0,0,0,0
2022-12-23 10:20:00,0,0,0,0,0
2022-12-23 10:21:00,0,0,0,0,0
2022-12-23 10:22:00,960,960,960,960,2000
2022-12-23 10:23:00,960,960,960,960,0
2022-12-23 10:24:00,960,955,960,955,182000
2022-12-23 10:25:00,955,955,955,955,0
2022-12-23 10:26:00,960,960,965,965,2713000
2022-12-23 10:27:00,965,965,965,965,0
2022-12-23 10:28:00,0,0,0,0,0
2022-12-23 10:29:00,955,955,960,960,200
2022-12-23 10:30:00,960,960,960,960,3200
2022-12-23 10:31:00,0,0,0,0,0
2022-12-23 10:32:00,955,955,960,960,10600
2022-12-23 10:33:00,0,0,0,0,0
2022-12-23 10:34:00,0,0,0,0,0
2022-12-23 10:35:00,0,0,0,0,0
2022-12-23 10:36:00,0,0,0,0,0
2022-12-23 10:37:00,0,0,0,0,0
2022-12-23 10:38:00,0,0,0,0,0
2022-12-23 10:39:00,0,0,0,0,0
2022-12-23 10:40:00,0,0,0,0,0
2022-12-23 10:41:00,0,0,0,0,0
2022-12-23 10:42:00,960,960,960,960,1700
2022-12-23 10:43:00,0,0,0,0,0
2022-12-23 10:44:00,955,955,955,955,19000
2022-12-23 10:45:00,960,960,960,960,0
2022-12-23 10:46:00,0,0,0,0,0
2022-12-23 10:47:00,0,0,0,0,0
2022-12-23 10:48:00,0,0,0,0,0
2022-12-23 10:49:00,955,955,955,955,14000
2022-12-23 10:50:00,955,955,955,955,0
2022-12-23 10:51:00,0,0,0,0,0
2022-12-23 10:52:00,955,955,955,955,500
2022-12-23 10:53:00,0,0,0,0,0
2022-12-23 10:54:00,0,0,0,0,0
2022-12-23 10:55:00,0,0,0,0,0
2022-12-23 10:56:00,0,0,0,0,0
2022-12-23 10:57:00,0,0,0,0,0
2022-12-23 10:58:00,955,955,960,960,2400
2022-12-23 10:59:00,955,955,955,955,0
2022-12-23 11:00:00,0,0,0,0,0
2022-12-23 11:01:00,0,0,0,0,0
2022-12-23 11:02:00,0,0,0,0,0
2022-12-23 11:03:00,955,955,955,955,300
2022-12-23 11:04:00,960,955,960,960,1100
2022-12-23 11:05:00,0,0,0,0,0
2022-12-23 11:06:00,960,960,960,960,2400
2022-12-23 11:07:00,960,960,960,960,400
2022-12-23 11:08:00,0,0,0,0,0
2022-12-23 11:09:00,0,0,0,0,0
2022-12-23 11:10:00,0,0,0,0,0
2022-12-23 11:11:00,0,0,0,0,0
2022-12-23 11:12:00,0,0,0,0,0
2022-12-23 11:13:00,0,0,0,0,0
2022-12-23 11:14:00,0,0,0,0,0
2022-12-23 11:15:00,0,0,0,0,0
2022-12-23 11:16:00,0,0,0,0,0
2022-12-23 11:17:00,0,0,0,0,0
2022-12-23 11:18:00,0,0,0,0,0
2022-12-23 11:19:00,955,955,960,960,70700
2022-12-23 11:20:00,0,0,0,0,0
2022-12-23 11:21:00,0,0,0,0,0
2022-12-23 11:22:00,0,0,0,0,0
2022-12-23 11:23:00,0,0,0,0,0
2022-12-23 11:24:00,0,0,0,0,0
2022-12-23 11:25:00,0,0,0,0,0
2022-12-23 11:26:00,0,0,0,0,0
2022-12-23 11:27:00,0,0,0,0,0
2022-12-23 11:28:00,0,0,0,0,0
2022-12-23 11:29:00,0,0,0,0,0
2022-12-23 11:30:00,0,0,0,0,0
2022-12-23 11:31:00,0,0,0,0,0
2022-12-23 11:32:00,0,0,0,0,0
2022-12-23 11:33:00,0,0,0,0,0
2022-12-23 11:34:00,0,0,0,0,0
2022-12-23 11:35:00,0,0,0,0,0
2022-12-23 11:36:00,0,0,0,0,0
2022-12-23 11:37:00,0,0,0,0,0
2022-12-23 11:38:00,0,0,0,0,0
2022-12-23 11:39:00,0,0,0,0,0
2022-12-23 11:40:00,0,0,0,0,0
2022-12-23 11:41:00,0,0,0,0,0
2022-12-23 11:42:00,0,0,0,0,0
2022-12-23 11:43:00,0,0,0,0,0
2022-12-23 11:44:00,0,0,0,0,0
2022-12-23 11:45:00,0,0,0,0,0
2022-12-23 11:46:00,0,0,0,0,0
2022-12-23 11:47:00,0,0,0,0,0
2022-12-23 11:48:00,0,0,0,0,0
2022-12-23 11:49:00,0,0,0,0,0
2022-12-23 11:50:00,0,0,0,0,0
2022-12-23 11:51:00,0,0,0,0,0
2022-12-23 11:52:00,0,0,0,0,0
2022-12-23 11:53:00,0,0,0,0,0
2022-12-23 11:54:00,0,0,0,0,0
2022-12-23 11:55:00,0,0,0,0,0
2022-12-23 11:56:00,0,0,0,0,0
2022-12-23 11:57:00,0,0,0,0,0
2022-12-23 11:58:00,0,0,0,0,0
2022-12-23 11:59:00,0,0,0,0,0
2022-12-23 12:00:00,0,0,0,0,0
2022-12-23 12:01:00,0,0,0,0,0
2022-12-23 12:02:00,0,0,0,0,0
2022-12-23 12:03:00,0,0,0,0,0
2022-12-23 12:04:00,0,0,0,0,0
2022-12-23 12:05:00,0,0,0,0,0
2022-12-23 12:06:00,0,0,0,0,0
2022-12-23 12:07:00,0,0,0,0,0
2022-12-23 12:08:00,0,0,0,0,0
2022-12-23 12:09:00,0,0,0,0,0
2022-12-23 12:10:00,0,0,0,0,0
2022-12-23 12:11:00,0,0,0,0,0
2022-12-23 12:12:00,0,0,0,0,0
2022-12-23 12:13:00,0,0,0,0,0
2022-12-23 12:14:00,0,0,0,0,0
2022-12-23 12:15:00,0,0,0,0,0
2022-12-23 12:16:00,0,0,0,0,0
2022-12-23 12:17:00,0,0,0,0,0
2022-12-23 12:18:00,0,0,0,0,0
2022-12-23 12:19:00,0,0,0,0,0
2022-12-23 12:20:00,0,0,0,0,0
2022-12-23 12:21:00,0,0,0,0,0
2022-12-23 12:22:00,0,0,0,0,0
2022-12-23 12:23:00,0,0,0,0,0
2022-12-23 12:24:00,0,0,0,0,0
2022-12-23 12:25:00,0,0,0,0,0
2022-12-23 12:26:00,0,0,0,0,0
2022-12-23 12:27:00,0,0,0,0,0
2022-12-23 12:28:00,0,0,0,0,0
2022-12-23 12:29:00,0,0,0,0,0
2022-12-23 12:30:00,0,0,0,0,0
2022-12-23 12:31:00,0,0,0,0,0
2022-12-23 12:32:00,0,0,0,0,0
2022-12-23 12:33:00,0,0,0,0,0
2022-12-23 12:34:00,0,0,0,0,0
2022-12-23 12:35:00,0,0,0,0,0
2022-12-23 12:36:00,0,0,0,0,0
2022-12-23 12:37:00,0,0,0,0,0
2022-12-23 12:38:00,0,0,0,0,0
2022-12-23 12:39:00,0,0,0,0,0
2022-12-23 12:40:00,0,0,0,0,0
2022-12-23 12:41:00,0,0,0,0,0
2022-12-23 12:42:00,0,0,0,0,0
2022-12-23 12:43:00,0,0,0,0,0
2022-12-23 12:44:00,0,0,0,0,0
2022-12-23 12:45:00,0,0,0,0,0
2022-12-23 12:46:00,0,0,0,0,0
2022-12-23 12:47:00,0,0,0,0,0
2022-12-23 12:48:00,0,0,0,0,0
2022-12-23 12:49:00,0,0,0,0,0
2022-12-23 12:50:00,0,0,0,0,0
2022-12-23 12:51:00,0,0,0,0,0
2022-12-23 12:52:00,0,0,0,0,0
2022-12-23 12:53:00,0,0,0,0,0
2022-12-23 12:54:00,0,0,0,0,0
2022-12-23 12:55:00,0,0,0,0,0
2022-12-23 12:56:00,0,0,0,0,0
2022-12-23 12:57:00,0,0,0,0,0
2022-12-23 12:58:00,0,0,0,0,0
2022-12-23 12:59:00,0,0,0,0,0
2022-12-23 13:00:00,0,0,0,0,0
2022-12-23 13:01:00,0,0,0,0,0
2022-12-23 13:02:00,0,0,0,0,0
2022-12-23 13:03:00,0,0,0,0,0
2022-12-23 13:04:00,0,0,0,0,0
2022-12-23 13:05:00,0,0,0,0,0
2022-12-23 13:06:00,0,0,0,0,0
2022-12-23 13:07:00,0,0,0,0,0
2022-12-23 13:08:00,0,0,0,0,0
2022-12-23 13:09:00,0,0,0,0,0
2022-12-23 13:10:00,0,0,0,0,0
2022-12-23 13:11:00,0,0,0,0,0
2022-12-23 13:12:00,0,0,0,0,0
2022-12-23 13:13:00,0,0,0,0,0
2022-12-23 13:14:00,0,0,0,0,0
2022-12-23 13:15:00,0,0,0,0,0
2022-12-23 13:16:00,0,0,0,0,0
2022-12-23 13:17:00,0,0,0,0,0
2022-12-23 13:18:00,0,0,0,0,0
2022-12-23 13:19:00,0,0,0,0,0
2022-12-23 13:20:00,0,0,0,0,0
2022-12-23 13:21:00,0,0,0,0,0
2022-12-23 13:22:00,0,0,0,0,0
2022-12-23 13:23:00,0,0,0,0,0
2022-12-23 13:24:00,0,0,0,0,0
2022-12-23 13:25:00,0,0,0,0,0
2022-12-23 13:26:00,0,0,0,0,0
2022-12-23 13:27:00,0,0,0,0,0
2022-12-23 13:28:00,0,0,0,0,0
2022-12-23 13:29:00,0,0,0,0,0
2022-12-23 13:30:00,955,955,955,955,300
2022-12-23 13:31:00,0,0,0,0,0
2022-12-23 13:32:00,955,955,960,960,1100
2022-12-23 13:33:00,0,0,0,0,0
2022-12-23 13:34:00,960,960,960,960,4900
2022-12-23 13:35:00,0,0,0,0,0
2022-12-23 13:36:00,0,0,0,0,0
2022-12-23 13:37:00,0,0,0,0,0
2022-12-23 13:38:00,0,0,0,0,0
2022-12-23 13:39:00,0,0,0,0,0
2022-12-23 13:40:00,0,0,0,0,0
2022-12-23 13:41:00,0,0,0,0,0
2022-12-23 13:42:00,955,955,960,960,15200
2022-12-23 13:43:00,960,955,960,955,0
2022-12-23 13:44:00,955,955,955,955,1000
2022-12-23 13:45:00,955,955,955,955,500
2022-12-23 13:46:00,955,955,955,955,1500
2022-12-23 13:47:00,0,0,0,0,0
2022-12-23 13:48:00,0,0,0,0,0
2022-12-23 13:49:00,960,960,960,960,800
2022-12-23 13:50:00,960,960,960,960,0
2022-12-23 13:51:00,955,955,960,960,59900
2022-12-23 13:52:00,955,955,955,955,24000
2022-12-23 13:53:00,955,955,955,955,0
2022-12-23 13:54:00,955,955,955,955,2300
2022-12-23 13:55:00,0,0,0,0,0
2022-12-23 13:56:00,0,0,0,0,0
2022-12-23 13:57:00,0,0,0,0,0
2022-12-23 13:58:00,0,0,0,0,0
2022-12-23 13:59:00,955,955,955,955,11600
2022-12-23 14:00:00,0,0,0,0,0
2022-12-23 14:01:00,955,955,960,960,9100
2022-12-23 14:02:00,0,0,0,0,0
2022-12-23 14:03:00,960,960,960,960,0
2022-12-23 14:04:00,0,0,0,0,0
2022-12-23 14:05:00,955,955,955,955,4200
2022-12-23 14:06:00,955,955,960,960,0
2022-12-23 14:07:00,0,0,0,0,0
2022-12-23 14:08:00,955,955,960,960,5300
2022-12-23 14:09:00,955,955,955,955,0
2022-12-23 14:10:00,0,0,0,0,0
2022-12-23 14:11:00,0,0,0,0,0
2022-12-23 14:12:00,955,955,960,960,29600
2022-12-23 14:13:00,0,0,0,0,0
2022-12-23 14:14:00,960,960,960,960,15000
2022-12-23 14:15:00,0,0,0,0,0
2022-12-23 14:16:00,0,0,0,0,0
2022-12-23 14:17:00,960,960,960,960,200
2022-12-23 14:18:00,0,0,0,0,0
2022-12-23 14:19:00,960,960,960,960,154900
2022-12-23 14:20:00,955,955,955,955,0
2022-12-23 14:21:00,0,0,0,0,0
2022-12-23 14:22:00,955,955,960,960,1300
2022-12-23 14:23:00,955,955,955,955,600
2022-12-23 14:24:00,955,955,960,955,2800
2022-12-23 14:25:00,955,955,960,960,1100
2022-12-23 14:26:00,0,0,0,0,0
2022-12-23 14:27:00,0,0,0,0,0
2022-12-23 14:28:00,955,950,955,955,290600
2022-12-23 14:29:00,955,955,955,955,13900
2022-12-23 14:30:00,0,0,0,0,0
2022-12-23 14:31:00,955,955,955,955,10700
2022-12-23 14:32:00,955,955,955,955,62300
2022-12-23 14:33:00,950,950,950,950,0
2022-12-23 14:34:00,955,955,955,955,99300
2022-12-23 14:35:00,955,955,955,955,0
2022-12-23 14:36:00,0,0,0,0,0
2022-12-23 14:37:00,955,955,955,955,5000
2022-12-23 14:38:00,0,0,0,0,0
2022-12-23 14:39:00,0,0,0,0,0
2022-12-23 14:40:00,955,955,955,955,20800
2022-12-23 14:41:00,955,950,955,950,0
2022-12-23 14:42:00,950,950,950,950,3400
2022-12-23 14:43:00,0,0,0,0,0
2022-12-23 14:44:00,0,0,0,0,0
2022-12-23 14:45:00,0,0,0,0,0
2022-12-23 14:46:00,0,0,0,0,0
2022-12-23 14:47:00,0,0,0,0,0
2022-12-23 14:48:00,950,950,950,950,0
2022-12-23 14:49:00,955,950,955,955,180900
2022-12-23 14:50:00,0,0,0,0,0
2022-12-23 14:51:00,0,0,0,0,0
2022-12-23 14:52:00,0,0,0,0,0
2022-12-23 14:53:00,0,0,0,0,0
2022-12-23 14:54:00,0,0,0,0,0
2022-12-23 14:55:00,0,0,0,0,0
2022-12-23 14:56:00,0,0,0,0,0
2022-12-23 14:57:00,0,0,0,0,0
2022-12-23 14:58:00,0,0,0,0,0
2022-12-23 14:59:00,0,0,0,0,0
2022-12-23 15:00:00,950,950,950,950,155300
2022-12-23 15:01:00,0,0,0,0,0
2022-12-23 15:02:00,950,950,950,950,2000
2022-12-23 15:03:00,950,950,950,950,19000
2022-12-23 15:04:00,950,950,950,950,308700
2022-12-23 15:05:00,950,950,950,950,900
2022-12-23 15:06:00,0,0,0,0,0
2022-12-23 15:07:00,950,950,950,950,1000
2022-12-23 15:08:00,950,950,950,950,0
2022-12-23 15:09:00,0,0,0,0,0
2022-12-23 15:10:00,0,0,0,0,0
2022-12-23 15:11:00,0,0,0,0,0
2022-12-23 15:12:00,0,0,0,0,0
2022-12-23 15:13:00,0,0,0,0,0
2022-12-23 15:14:00,0,0,0,0,0
2022-12-23 15:15:00,0,0,0,0,0
2022-12-23 15:16:00,0,0,0,0,0
2022-12-23 15:17:00,0,0,0,0,0
2022-12-23 15:18:00,0,0,0,0,0
2022-12-23 15:19:00,0,0,0,0,0
2022-12-23 15:20:00,0,0,0,0,0
2022-12-23 15:21:00,0,0,0,0,0
2022-12-23 15:22:00,0,0,0,0,0
2022-12-23 15:23:00,0,0,0,0,0
2022-12-23 15:24:00,0,0,0,0,0
2022-12-23 15:25:00,0,0,0,0,0
2022-12-23 15:26:00,0,0,0,0,0
2022-12-23 15:27:00,0,0,0,0,0
2022-12-23 15:28:00,0,0,0,0,0
2022-12-23 15:29:00,0,0,0,0,0
2022-12-23 15:30:00,0,0,0,0,0
2022-12-23 15:31:00,0,0,0,0,0
2022-12-23 15:32:00,0,0,0,0,0
2022-12-23 15:33:00,0,0,0,0,0
2022-12-23 15:34:00,0,0,0,0,0
2022-12-23 15:35:00,0,0,0,0,0
2022-12-23 15:36:00,0,0,0,0,0
2022-12-23 15:37:00,0,0,0,0,0
2022-12-23 15:38:00,0,0,0,0,0
2022-12-23 15:39:00,0,0,0,0,0
2022-12-23 15:40:00,0,0,0,0,0
2022-12-23 15:41:00,0,0,0,0,0
2022-12-23 15:42:00,0,0,0,0,0
2022-12-23 15:43:00,0,0,0,0,0
2022-12-23 15:44:00,0,0,0,0,0
2022-12-23 15:45:00,0,0,0,0,0
2022-12-23 15:46:00,0,0,0,0,0
2022-12-23 15:47:00,0,0,0,0,0
2022-12-23 15:48:00,0,0,0,0,0
2022-12-23 15:49:00,0,0,0,0,0
2022-12-23 15:50:00,0,0,0,0,0
2022-12-23 15:51:00,0,0,0,0,0
2022-12-23 15:52:00,0,0,0,0,0
2022-12-23 15:53:00,0,0,0,0,0
2022-12-23 15:54:00,0,0,0,0,0
2022-12-23 15:55:00,0,0,0,0,0
2022-12-23 15:56:00,0,0,0,0,0
2022-12-23 15:57:00,0,0,0,0,0
2022-12-23 15:58:00,0,0,0,0,0
2022-12-23 15:59:00,0,0,0,0,0
2022-12-26 09:00:00,950,950,950,950,0
2022-12-26 09:01:00,950,950,950,950,2000
2022-12-26 09:02:00,950,950,950,950,1700
2022-12-26 09:03:00,0,0,0,0,0
2022-12-26 09:04:00,950,950,955,955,3400
2022-12-26 09:05:00,955,955,955,955,2400
2022-12-26 09:06:00,0,0,0,0,0
2022-12-26 09:07:00,955,955,955,955,3000
2022-12-26 09:08:00,960,960,960,960,8700
2022-12-26 09:09:00,960,960,960,960,1200
2022-12-26 09:10:00,960,960,960,960,8000
2022-12-26 09:11:00,965,965,965,965,3400
2022-12-26 09:12:00,965,960,965,960,45300
2022-12-26 09:13:00,0,0,0,0,0
2022-12-26 09:14:00,960,960,960,960,400
2022-12-26 09:15:00,955,955,955,955,47600
2022-12-26 09:16:00,955,955,960,955,1300
2022-12-26 09:17:00,0,0,0,0,0
2022-12-26 09:18:00,960,960,960,960,0
2022-12-26 09:19:00,955,955,955,955,1700
2022-12-26 09:20:00,0,0,0,0,0
2022-12-26 09:21:00,955,955,955,955,11000
2022-12-26 09:22:00,955,955,955,955,48500
2022-12-26 09:23:00,955,955,955,955,1700
2022-12-26 09:24:00,0,0,0,0,0
2022-12-26 09:25:00,0,0,0,0,0
2022-12-26 09:26:00,955,955,955,955,13700
2022-12-26 09:27:00,0,0,0,0,0
2022-12-26 09:28:00,950,950,950,950,9200
2022-12-26 09:29:00,955,955,955,955,2700
2022-12-26 09:30:00,950,950,950,950,6800
2022-12-26 09:31:00,950,950,950,950,0
2022-12-26 09:32:00,955,950,955,955,22600
2022-12-26 09:33:00,0,0,0,0,0
2022-12-26 09:34:00,955,955,955,955,5000
2022-12-26 09:35:00,955,955,955,955,7300
2022-12-26 09:36:00,955,955,955,955,7800
2022-12-26 09:37:00,955,955,955,955,0
2022-12-26 09:38:00,0,0,0,0,0
2022-12-26 09:39:00,955,955,955,955,4000
2022-12-26 09:40:00,955,955,955,955,0
2022-12-26 09:41:00,955,955,955,955,2100
2022-12-26 09:42:00,0,0,0,0,0
2022-12-26 09:43:00,955,955,960,960,1700
2022-12-26 09:44:00,0,0,0,0,0
2022-12-26 09:45:00,960,960,960,960,13900
2022-12-26 09:46:00,0,0,0,0,0
2022-12-26 09:47:00,955,955,955,955,5000
2022-12-26 09:48:00,0,0,0,0,0
2022-12-26 09:49:00,0,0,0,0,0
2022-12-26 09:50:00,955,955,955,955,100
2022-12-26 09:51:00,0,0,0,0,0
2022-12-26 09:52:00,0,0,0,0,0
2022-12-26 09:53:00,955,955,960,960,2500
2022-12-26 09:54:00,0,0,0,0,0
2022-12-26 09:55:00,960,955,960,955,7600
2022-12-26 09:56:00,955,955,960,960,25800
2022-12-26 09:57:00,0,0,0,0,0
2022-12-26 09:58:00,0,0,0,0,0
2022-12-26 09:59:00,0,0,0,0,0
2022-12-26 10:00:00,0,0,0,0,0
2022-12-26 10:01:00,960,960,960,960,319900
2022-12-26 10:02:00,965,960,965,960,1048700
2022-12-26 10:03:00,960,960,960,960,0
2022-12-26 10:04:00,960,960,960,960,100
2022-12-26 10:05:00,960,960,960,960,67000
2022-12-26 10:06:00,0,0,0,0,0
2022-12-26 10:07:00,0,0,0,0,0
2022-12-26 10:08:00,960,960,960,960,11000
2022-12-26 10:09:00,955,955,960,960,0
2022-12-26 10:10:00,0,0,0,0,0
2022-12-26 10:11:00,955,955,960,955,40600
2022-12-26 10:12:00,0,0,0,0,0
2022-12-26 10:13:00,0,0,0,0,0
2022-12-26 10:14:00,955,955,955,955,0
2022-12-26 10:15:00,960,955,960,955,0
2022-12-26 10:16:00,955,955,955,955,300
2022-12-26 10:17:00,0,0,0,0,0
2022-12-26 10:18:00,0,0,0,0,0
2022-12-26 10:19:00,0,0,0,0,0
2022-12-26 10:20:00,0,0,0,0,0
2022-12-26 10:21:00,0,0,0,0,0
2022-12-26 10:22:00,0,0,0,0,0
2022-12-26 10:23:00,955,955,955,955,1000
2022-12-26 10:24:00,960,960,960,960,0
2022-12-26 10:25:00,955,955,955,955,1900
2022-12-26 10:26:00,0,0,0,0,0
2022-12-26 10:27:00,955,955,960,960,137200
2022-12-26 10:28:00,960,960,960,960,0
2022-12-26 10:29:00,0,0,0,0,0
2022-12-26 10:30:00,0,0,0,0,0
2022-12-26 10:31:00,0,0,0,0,0
2022-12-26 10:32:00,960,960,960,960,400
2022-12-26 10:33:00,0,0,0,0,0
2022-12-26 10:34:00,955,955,955,955,0
2022-12-26 10:35:00,960,960,960,960,357400
2022-12-26 10:36:00,0,0,0,0,0
2022-12-26 10:37:00,0,0,0,0,0
2022-12-26 10:38:00,0,0,0,0,0
2022-12-26 10:39:00,0,0,0,0,0
2022-12-26 10:40:00,955,955,955,955,200
2022-12-26 10:41:00,960,960,960,960,200
2022-12-26 10:42:00,0,0,0,0,0
2022-12-26 10:43:00,0,0,0,0,0
2022-12-26 10:44:00,0,0,0,0,0
2022-12-26 10:45:00,960,955,960,960,4200
2022-12-26 10:46:00,0,0,0,0,0
2022-12-26 10:47:00,0,0,0,0,0
2022-12-26 10:48:00,955,955,955,955,100
2022-12-26 10:49:00,0,0,0,0,0
2022-12-26 10:50:00,0,0,0,0,0
2022-12-26 10:51:00,0,0,0,0,0
2022-12-26 10:52:00,955,955,960,960,1200
2022-12-26 10:53:00,960,960,960,960,100
2022-12-26 10:54:00,0,0,0,0,0
2022-12-26 10:55:00,960,955,960,955,4200
2022-12-26 10:56:00,960,960,960,960,239600
2022-12-26 10:57:00,955,955,955,955,0
2022-12-26 10:58:00,0,0,0,0,0
2022-12-26 10:59:00,0,0,0,0,0
2022-12-26 11:00:00,0,0,0,0,0
2022-12-26 11:01:00,0,0,0,0,0
2022-12-26 11:02:00,0,0,0,0,0
2022-12-26 11:03:00,0,0,0,0,0
2022-12-26 11:04:00,955,955,960,960,0
2022-12-26 11:05:00,0,0,0,0,0
2022-12-26 11:06:00,955,955,955,955,0
2022-12-26 11:07:00,955,955,960,960,17700
2022-12-26 11:08:00,0,0,0,0,0
2022-12-26 11:09:00,955,955,960,960,0
2022-12-26 11:10:00,0,0,0,0,0
2022-12-26 11:11:00,960,960,960,960,4100
2022-12-26 11:12:00,955,955,960,960,16600
2022-12-26 11:13:00,955,955,960,960,61400
2022-12-26 11:14:00,0,0,0,0,0
2022-12-26 11:15:00,0,0,0,0,0
2022-12-26 11:16:00,955,955,960,960,55000
2022-12-26 11:17:00,0,0,0,0,0
2022-12-26 11:18:00,0,0,0,0,0
2022-12-26 11:19:00,955,955,960,955,161100
2022-12-26 11:20:00,955,955,955,955,0
2022-12-26 11:21:00,0,0,0,0,0
2022-12-26 11:22:00,0,0,0,0,0
2022-12-26 11:23:00,955,955,955,955,30000
2022-12-26 11:24:00,0,0,0,0,0
2022-12-26 11:25:00,955,955,955,955,2400
2022-12-26 11:26:00,0,0,0,0,0
2022-12-26 11:27:00,0,0,0,0,0
2022-12-26 11:28:00,955,955,955,955,8800
2022-12-26 11:29:00,0,0,0,0,0
2022-12-26 11:30:00,0,0,0,0,0
2022-12-26 11:31:00,0,0,0,0,0
2022-12-26 11:32:00,0,0,0,0,0
2022-12-26 11:33:00,0,0,0,0,0
2022-12-26 11:34:00,0,0,0,0,0
2022-12-26 11:35:00,0,0,0,0,0
2022-12-26 11:36:00,0,0,0,0,0
2022-12-26 11:37:00,0,0,0,0,0
2022-12-26 11:38:00,0,0,0,0,0
2022-12-26 11:39:00,0,0,0,0,0
2022-12-26 11:40:00,0,0,0,0,0
2022-12-26 11:41:00,0,0,0,0,0
2022-12-26 11:42:00,0,0,0,0,0
2022-12-26 11:43:00,0,0,0,0,0
2022-12-26 11:44:00,0,0,0,0,0
2022-12-26 11:45:00,0,0,0,0,0
2022-12-26 11:46:00,0,0,0,0,0
2022-12-26 11:47:00,0,0,0,0,0
2022-12-26 11:48:00,0,0,0,0,0
2022-12-26 11:49:00,0,0,0,0,0
2022-12-26 11:50:00,0,0,0,0,0
2022-12-26 11:51:00,0,0,0,0,0
2022-12-26 11:52:00,0,0,0,0,0
2022-12-26 11:53:00,0,0,0,0,0
2022-12-26 11:54:00,0,0,0,0,0
2022-12-26 11:55:00,0,0,0,0,0
2022-12-26 11:56:00,0,0,0,0,0
2022-12-26 11:57:00,0,0,0,0,0
2022-12-26 11:58:00,0,0,0,0,0
2022-12-26 11:59:00,0,0,0,0,0
2022-12-26 12:00:00,0,0,0,0,0
2022-12-26 12:01:00,0,0,0,0,0
2022-12-26 12:02:00,0,0,0,0,0
2022-12-26 12:03:00,0,0,0,0,0
2022-12-26 12:04:00,0,0,0,0,0
2022-12-26 12:05:00,0,0,0,0,0
2022-12-26 12:06:00,0,0,0,0,0
2022-12-26 12:07:00,0,0,0,0,0
2022-12-26 12:08:00,0,0,0,0,0
2022-12-26 12:09:00,0,0,0,0,0
2022-12-26 12:10:00,0,0,0,0,0
2022-12-26 12:11:00,0,0,0,0,0
2022-12-26 12:12:00,0,0,0,0,0
2022-12-26 12:13:00,0,0,0,0,0
2022-12-26 12:14:00,0,0,0,0,0
2022-12-26 12:15:00,0,0,0,0,0
2022-12-26 12:16:00,0,0,0,0,0
2022-12-26 12:17:00,0,0,0,0,0
2022-12-26 12:18:00,0,0,0,0,0
2022-12-26 12:19:00,0,0,0,0,0
2022-12-26 12:20:00,0,0,0,0,0
2022-12-26 12:21:00,0,0,0,0,0
2022-12-26 12:22:00,0,0,0,0,0
2022-12-26 12:23:00,0,0,0,0,0
2022-12-26 12:24:00,0,0,0,0,0
2022-12-26 12:25:00,0,0,0,0,0
2022-12-26 12:26:00,0,0,0,0,0
2022-12-26 12:27:00,0,0,0,0,0
2022-12-26 12:28:00,0,0,0,0,0
2022-12-26 12:29:00,0,0,0,0,0
2022-12-26 12:30:00,0,0,0,0,0
2022-12-26 12:31:00,0,0,0,0,0
2022-12-26 12:32:00,0,0,0,0,0
2022-12-26 12:33:00,0,0,0,0,0
2022-12-26 12:34:00,0,0,0,0,0
2022-12-26 12:35:00,0,0,0,0,0
2022-12-26 12:36:00,0,0,0,0,0
2022-12-26 12:37:00,0,0,0,0,0
2022-12-26 12:38:00,0,0,0,0,0
2022-12-26 12:39:00,0,0,0,0,0
2022-12-26 12:40:00,0,0,0,0,0
2022-12-26 12:41:00,0,0,0,0,0
2022-12-26 12:42:00,0,0,0,0,0
2022-12-26 12:43:00,0,0,0,0,0
2022-12-26 12:44:00,0,0,0,0,0
2022-12-26 12:45:00,0,0,0,0,0
2022-12-26 12:46:00,0,0,0,0,0
2022-12-26 12:47:00,0,0,0,0,0
2022-12-26 12:48:00,0,0,0,0,0
2022-12-26 12:49:00,0,0,0,0,0
2022-12-26 12:50:00,0,0,0,0,0
2022-12-26 12:51:00,0,0,0,0,0
2022-12-26 12:52:00,0,0,0,0,0
2022-12-26 12:53:00,0,0,0,0,0
2022-12-26 12:54:00,0,0,0,0,0
2022-12-26 12:55:00,0,0,0,0,0
2022-12-26 12:56:00,0,0,0,0,0
2022-12-26 12:57:00,0,0,0,0,0
2022-12-26 12:58:00,0,0,0,0,0
2022-12-26 12:59:00,0,0,0,0,0
2022-12-26 13:00:00,0,0,0,0,0
2022-12-26 13:01:00,0,0,0,0,0
2022-12-26 13:02:00,0,0,0,0,0
2022-12-26 13:03:00,0,0,0,0,0
2022-12-26 13:04:00,0,0,0,0,0
2022-12-26 13:05:00,0,0,0,0,0
2022-12-26 13:06:00,0,0,0,0,0
2022-12-26 13:07:00,0,0,0,0,0
2022-12-26 13:08:00,0,0,0,0,0
2022-12-26 13:09:00,0,0,0,0,0
2022-12-26 13:10:00,0,0,0,0,0
2022-12-26 13:11:00,0,0,0,0,0
2022-12-26 13:12:00,0,0,0,0,0
2022-12-26 13:13:00,0,0,0,0,0
2022-12-26 13:14:00,0,0,0,0,0
2022-12-26 13:15:00,0,0,0,0,0
2022-12-26 13:16:00,0,0,0,0,0
2022-12-26 13:17:00,0,0,0,0,0
2022-12-26 13:18:00,0,0,0,0,0
2022-12-26 13:19:00,0,0,0,0,0
2022-12-26 13:20:00,0,0,0,0,0
2022-12-26 13:21:00,0,0,0,0,0
2022-12-26 13:22:00,0,0,0,0,0
2022-12-26 13:23:00,0,0,0,0,0
2022-12-26 13:24:00,0,0,0,0,0
2022-12-26 13:25:00,0,0,0,0,0
2022-12-26 13:26:00,0,0,0,0,0
2022-12-26 13:27:00,0,0,0,0,0
2022-12-26 13:28:00,0,0,0,0,0
2022-12-26 13:29:00,0,0,0,0,0
2022-12-26 13:30:00,955,950,960,960,17400
2022-12-26 13:31:00,0,0,0,0,0
2022-12-26 13:32:00,0,0,0,0,0
2022-12-26 13:33:00,950,950,960,960,1200
2022-12-26 13:34:00,955,955,955,955,5900
2022-12-26 13:35:00,955,955,955,955,0
2022-12-26 13:36:00,950,950,950,950,479100
2022-12-26 13:37:00,950,950,950,950,0
2022-12-26 13:38:00,950,950,950,950,900
2022-12-26 13:39:00,0,0,0,0,0
2022-12-26 13:40:00,950,950,950,950,900
2022-12-26 13:41:00,950,950,950,950,41300
2022-12-26 13:42:00,950,950,950,950,2300
2022-12-26 13:43:00,950,950,950,950,500
2022-12-26 13:44:00,950,950,950,950,1600
2022-12-26 13:45:00,945,945,945,945,296700
2022-12-26 13:46:00,945,945,945,945,0
2022-12-26 13:47:00,0,0,0,0,0
2022-12-26 13:48:00,950,950,950,950,0
2022-12-26 13:49:00,950,950,950,950,4500
2022-12-26 13:50:00,0,0,0,0,0
2022-12-26 13:51:00,0,0,0,0,0
2022-12-26 13:52:00,0,0,0,0,0
2022-12-26 13:53:00,0,0,0,0,0
2022-12-26 13:54:00,0,0,0,0,0
2022-12-26 13:55:00,950,950,950,950,200
2022-12-26 13:56:00,0,0,0,0,0
2022-12-26 13:57:00,950,950,950,950,4500
2022-12-26 13:58:00,0,0,0,0,0
2022-12-26 13:59:00,950,950,950,950,0
2022-12-26 14:00:00,950,950,950,950,1900
2022-12-26 14:01:00,0,0,0,0,0
2022-12-26 14:02:00,0,0,0,0,0
2022-12-26 14:03:00,950,950,950,950,1200
2022-12-26 14:04:00,950,950,950,950,1900
2022-12-26 14:05:00,945,945,945,945,2600
2022-12-26 14:06:00,945,945,945,945,700
2022-12-26 14:07:00,945,945,945,945,158300
2022-12-26 14:08:00,945,945,945,945,18700
2022-12-26 14:09:00,0,0,0,0,0
2022-12-26 14:10:00,0,0,0,0,0
2022-12-26 14:11:00,0,0,0,0,0
2022-12-26 14:12:00,0,0,0,0,0
2022-12-26 14:13:00,0,0,0,0,0
2022-12-26 14:14:00,0,0,0,0,0
2022-12-26 14:15:00,950,950,950,950,22200
2022-12-26 14:16:00,0,0,0,0,0
2022-12-26 14:17:00,0,0,0,0,0
2022-12-26 14:18:00,950,945,950,945,0
2022-12-26 14:19:00,945,945,945,945,1900
2022-12-26 14:20:00,950,945,950,945,99200
2022-12-26 14:21:00,950,950,955,955,1500
2022-12-26 14:22:00,950,950,950,950,2200
2022-12-26 14:23:00,950,950,950,950,1300
2022-12-26 14:24:00,950,950,950,950,94000
2022-12-26 14:25:00,950,950,950,950,2100
2022-12-26 14:26:00,0,0,0,0,0
2022-12-26 14:27:00,0,0,0,0,0
2022-12-26 14:28:00,950,950,950,950,36500
2022-12-26 14:29:00,0,0,0,0,0
2022-12-26 14:30:00,945,945,945,945,0
2022-12-26 14:31:00,0,0,0,0,0
2022-12-26 14:32:00,945,945,945,945,40200
2022-12-26 14:33:00,950,950,950,950,300
2022-12-26 14:34:00,950,950,950,950,400
2022-12-26 14:35:00,0,0,0,0,0
2022-12-26 14:36:00,0,0,0,0,0
2022-12-26 14:37:00,945,945,945,945,300
2022-12-26 14:38:00,0,0,0,0,0
2022-12-26 14:39:00,945,945,945,945,35000
2022-12-26 14:40:00,945,945,945,945,16000
2022-12-26 14:41:00,0,0,0,0,0
2022-12-26 14:42:00,945,945,945,945,5000
2022-12-26 14:43:00,950,950,950,950,1800
2022-12-26 14:44:00,945,945,945,945,3100
2022-12-26 14:45:00,945,945,945,945,0
2022-12-26 14:46:00,945,945,945,945,8700
2022-12-26 14:47:00,0,0,0,0,0
2022-12-26 14:48:00,945,945,945,945,75000
2022-12-26 14:49:00,945,940,945,940,209500
2022-12-26 14:50:00,0,0,0,0,0
2022-12-26 14:51:00,0,0,0,0,0
2022-12-26 14:52:00,0,0,0,0,0
2022-12-26 14:53:00,0,0,0,0,0
2022-12-26 14:54:00,0,0,0,0,0
2022-12-26 14:55:00,0,0,0,0,0
2022-12-26 14:56:00,0,0,0,0,0
2022-12-26 14:57:00,0,0,0,0,0
2022-12-26 14:58:00,0,0,0,0,0
2022-12-26 14:59:00,0,0,0,0,0
2022-12-26 15:00:00,945,945,945,945,18000
2022-12-26 15:01:00,945,945,945,945,22000
2022-12-26 15:02:00,0,0,0,0,0
2022-12-26 15:03:00,945,945,945,945,0
2022-12-26 15:04:00,945,945,945,945,0
2022-12-26 15:05:00,945,945,945,945,70000
2022-12-26 15:06:00,0,0,0,0,0
2022-12-26 15:07:00,945,945,945,945,0
2022-12-26 15:08:00,0,0,0,0,0
2022-12-26 15:09:00,0,0,0,0,0
2022-12-26 15:10:00,0,0,0,0,0
2022-12-26 15:11:00,945,945,945,945,109000
2022-12-26 15:12:00,945,945,945,945,4473700
2022-12-26 15:13:00,0,0,0,0,0
2022-12-26 15:14:00,0,0,0,0,0
2022-12-26 15:15:00,0,0,0,0,0
2022-12-26 15:16:00,0,0,0,0,0
2022-12-26 15:17:00,0,0,0,0,0
2022-12-26 15:18:00,0,0,0,0,0
2022-12-26 15:19:00,0,0,0,0,0
2022-12-26 15:20:00,0,0,0,0,0
2022-12-26 15:21:00,0,0,0,0,0
2022-12-26 15:22:00,0,0,0,0,0
2022-12-26 15:23:00,0,0,0,0,0
2022-12-26 15:24:00,0,0,0,0,0
2022-12-26 15:25:00,0,0,0,0,0
2022-12-26 15:26:00,0,0,0,0,0
2022-12-26 15:27:00,0,0,0,0,0
2022-12-26 15:28:00,0,0,0,0,0
2022-12-26 15:29:00,0,0,0,0,0
2022-12-26 15:30:00,0,0,0,0,0
2022-12-26 15:31:00,0,0,0,0,0
2022-12-26 15:32:00,0,0,0,0,0
2022-12-26 15:33:00,0,0,0,0,0
2022-12-26 15:34:00,0,0,0,0,0
2022-12-26 15:35:00,0,0,0,0,0
2022-12-26 15:36:00,0,0,0,0,0
2022-12-26 15:37:00,0,0,0,0,0
2022-12-26 15:38:00,0,0,0,0,0
2022-12-26 15:39:00,0,0,0,0,0
2022-12-26 15:40:00,0,0,0,0,0
2022-12-26 15:41:00,0,0,0,0,0
2022-12-26 15:42:00,0,0,0,0,0
2022-12-26 15:43:00,0,0,0,0,0
2022-12-26 15:44:00,0,0,0,0,0
2022-12-26 15:45:00,0,0,0,0,0
2022-12-26 15:46:00,0,0,0,0,0
2022-12-26 15:47:00,0,0,0,0,0
2022-12-26 15:48:00,0,0,0,0,0
2022-12-26 15:49:00,0,0,0,0,0
2022-12-26 15:50:00,0,0,0,0,0
2022-12-26 15:51:00,0,0,0,0,0
2022-12-26 15:52:00,0,0,0,0,0
2022-12-26 15:53:00,0,0,0,0,0
2022-12-26 15:54:00,0,0,0,0,0
2022-12-26 15:55:00,0,0,0,0,0
2022-12-26 15:56:00,0,0,0,0,0
2022-12-26 15:57:00,0,0,0,0,0
2022-12-26 15:58:00,0,0,0,0,0
2022-12-26 15:59:00,0,0,0,0,0
2022-12-27 09:00:00,945,935,945,945,0
2022-12-27 09:01:00,0,0,0,0,0
2022-12-27 09:02:00,0,0,0,0,0
2022-12-27 09:03:00,945,945,945,945,0
2022-12-27 09:04:00,945,945,945,945,7700
2022-12-27 09:05:00,945,945,945,945,15900
2022-12-27 09:06:00,945,940,945,940,0
2022-12-27 09:07:00,940,940,940,940,1400
2022-12-27 09:08:00,0,0,0,0,0
2022-12-27 09:09:00,940,940,940,940,200
2022-12-27 09:10:00,0,0,0,0,0
2022-12-27 09:11:00,0,0,0,0,0
2022-12-27 09:12:00,940,940,940,940,74900
2022-12-27 09:13:00,940,940,940,940,0
2022-12-27 09:14:00,940,940,940,940,8300
2022-12-27 09:15:00,940,940,940,940,3400
2022-12-27 09:16:00,0,0,0,0,0
2022-12-27 09:17:00,940,940,940,940,4800
2022-12-27 09:18:00,0,0,0,0,0
2022-12-27 09:19:00,0,0,0,0,0
2022-12-27 09:20:00,940,940,940,940,17900
2022-12-27 09:21:00,0,0,0,0,0
2022-12-27 09:22:00,0,0,0,0,0
2022-12-27 09:23:00,940,940,940,940,0
2022-12-27 09:24:00,940,940,940,940,60500
2022-12-27 09:25:00,940,940,945,945,1800
2022-12-27 09:26:00,945,945,945,945,400
2022-12-27 09:27:00,0,0,0,0,0
2022-12-27 09:28:00,0,0,0,0,0
2022-12-27 09:29:00,940,940,940,940,6000
2022-12-27 09:30:00,940,935,940,940,7363900
2022-12-27 09:31:00,940,940,945,945,8792400
2022-12-27 09:32:00,0,0,0,0,0
2022-12-27 09:33:00,945,945,945,945,0
2022-12-27 09:34:00,945,940,945,940,5900
2022-12-27 09:35:00,940,940,940,940,2100
2022-12-27 09:36:00,0,0,0,0,0
2022-12-27 09:37:00,940,940,940,940,13600
2022-12-27 09:38:00,940,940,940,940,11600
2022-12-27 09:39:00,940,940,940,940,300
2022-12-27 09:40:00,0,0,0,0,0
2022-12-27 09:41:00,940,940,940,940,0
2022-12-27 09:42:00,0,0,0,0,0
2022-12-27 09:43:00,0,0,0,0,0
2022-12-27 09:44:00,940,940,940,940,1400
2022-12-27 09:45:00,940,940,940,940,3700
2022-12-27 09:46:00,0,0,0,0,0
2022-12-27 09:47:00,940,940,940,940,6000
2022-12-27 09:48:00,0,0,0,0,0
2022-12-27 09:49:00,0,0,0,0,0
2022-12-27 09:50:00,0,0,0,0,0
2022-12-27 09:51:00,940,940,940,940,24700
2022-12-27 09:52:00,940,940,940,940,17800
2022-12-27 09:53:00,940,940,940,940,0
2022-12-27 09:54:00,0,0,0,0,0
2022-12-27 09:55:00,0,0,0,0,0
2022-12-27 09:56:00,940,940,940,940,314300
2022-12-27 09:57:00,0,0,0,0,0
2022-12-27 09:58:00,940,940,940,940,0
2022-12-27 09:59:00,940,940,940,940,39100
2022-12-27 10:00:00,0,0,0,0,0
2022-12-27 10:01:00,940,940,940,940,0
2022-12-27 10:02:00,0,0,0,0,0
2022-12-27 10:03:00,0,0,0,0,0
2022-12-27 10:04:00,940,940,940,940,3400
2022-12-27 10:05:00,0,0,0,0,0
2022-12-27 10:06:00,940,940,940,940,10100
2022-12-27 10:07:00,940,940,940,940,200
2022-12-27 10:08:00,945,940,945,940,500
2022-12-27 10:09:00,940,940,940,940,10100
2022-12-27 10:10:00,0,0,0,0,0
2022-12-27 10:11:00,945,945,945,945,235700
2022-12-27 10:12:00,945,945,945,945,500
2022-12-27 10:13:00,945,945,945,945,1000
2022-12-27 10:14:00,0,0,0,0,0
2022-12-27 10:15:00,0,0,0,0,0
2022-12-27 10:16:00,950,945,950,950,32100
2022-12-27 10:17:00,950,945,950,945,7600
2022-12-27 10:18:00,0,0,0,0,0
2022-12-27 10:19:00,0,0,0,0,0
2022-12-27 10:20:00,945,945,945,945,92000
2022-12-27 10:21:00,945,945,950,950,0
2022-12-27 10:22:00,0,0,0,0,0
2022-12-27 10:23:00,0,0,0,0,0
2022-12-27 10:24:00,0,0,0,0,0
2022-12-27 10:25:00,950,950,950,950,700
2022-12-27 10:26:00,0,0,0,0,0
2022-12-27 10:27:00,0,0,0,0,0
2022-12-27 10:28:00,950,950,950,950,1900
2022-12-27 10:29:00,950,950,950,950,0
2022-12-27 10:30:00,945,945,950,950,2100
2022-12-27 10:31:00,0,0,0,0,0
2022-12-27 10:32:00,0,0,0,0,0
2022-12-27 10:33:00,0,0,0,0,0
2022-12-27 10:34:00,945,945,945,945,1600
2022-12-27 10:35:00,945,945,945,945,3600
2022-12-27 10:36:00,0,0,0,0,0
2022-12-27 10:37:00,0,0,0,0,0
2022-12-27 10:38:00,945,945,945,945,15300
2022-12-27 10:39:00,945,945,945,945,1000
2022-12-27 10:40:00,945,945,945,945,24600
2022-12-27 10:41:00,945,945,945,945,8000
2022-12-27 10:42:00,0,0,0,0,0
2022-12-27 10:43:00,945,945,945,945,7000
2022-12-27 10:44:00,0,0,0,0,0
2022-12-27 10:45:00,945,945,945,945,6700
2022-12-27 10:46:00,0,0,0,0,0
2022-12-27 10:47:00,0,0,0,0,0
2022-12-27 10:48:00,945,945,945,945,700
2022-12-27 10:49:00,945,945,945,945,200
2022-12-27 10:50:00,945,945,945,945,21500
2022-12-27 10:51:00,945,945,945,945,10700
2022-12-27 10:52:00,0,0,0,0,0
2022-12-27 10:53:00,945,945,945,945,61200
2022-12-27 10:54:00,945,945,945,945,0
2022-12-27 10:55:00,0,0,0,0,0
2022-12-27 10:56:00,945,945,945,945,10000
2022-12-27 10:57:00,945,945,945,945,0
2022-12-27 10:58:00,0,0,0,0,0
2022-12-27 10:59:00,0,0,0,0,0
2022-12-27 11:00:00,940,940,940,940,0
2022-12-27 11:01:00,0,0,0,0,0
2022-12-27 11:02:00,0,0,0,0,0
2022-12-27 11:03:00,940,940,940,940,3900
2022-12-27 11:04:00,0,0,0,0,0
2022-12-27 11:05:00,940,940,940,940,0
2022-12-27 11:06:00,0,0,0,0,0
2022-12-27 11:07:00,945,945,945,945,4900
2022-12-27 11:08:00,0,0,0,0,0
2022-12-27 11:09:00,0,0,0,0,0
2022-12-27 11:10:00,0,0,0,0,0
2022-12-27 11:11:00,950,950,950,950,200
2022-12-27 11:12:00,945,945,945,945,7900
2022-12-27 11:13:00,0,0,0,0,0
2022-12-27 11:14:00,0,0,0,0,0
2022-12-27 11:15:00,0,0,0,0,0
2022-12-27 11:16:00,0,0,0,0,0
2022-12-27 11:17:00,0,0,0,0,0
2022-12-27 11:18:00,0,0,0,0,0
2022-12-27 11:19:00,945,945,950,950,0
2022-12-27 11:20:00,0,0,0,0,0
2022-12-27 11:21:00,945,945,950,950,11700
2022-12-27 11:22:00,945,940,945,945,10900
2022-12-27 11:23:00,0,0,0,0,0
2022-12-27 11:24:00,950,950,950,950,200
2022-12-27 11:25:00,940,940,945,945,0
2022-12-27 11:26:00,0,0,0,0,0
2022-12-27 11:27:00,0,0,0,0,0
2022-12-27 11:28:00,0,0,0,0,0
2022-12-27 11:29:00,0,0,0,0,0
2022-12-27 11:30:00,0,0,0,0,0
2022-12-27 11:31:00,0,0,0,0,0
2022-12-27 11:32:00,0,0,0,0,0
2022-12-27 11:33:00,0,0,0,0,0
2022-12-27 11:34:00,0,0,0,0,0
2022-12-27 11:35:00,0,0,0,0,0
2022-12-27 11:36:00,0,0,0,0,0
2022-12-27 11:37:00,0,0,0,0,0
2022-12-27 11:38:00,0,0,0,0,0
2022-12-27 11:39:00,0,0,0,0,0
2022-12-27 11:40:00,0,0,0,0,0
2022-12-27 11:41:00,0,0,0,0,0
2022-12-27 11:42:00,0,0,0,0,0
2022-12-27 11:43:00,0,0,0,0,0
2022-12-27 11:44:00,0,0,0,0,0
2022-12-27 11:45:00,0,0,0,0,0
2022-12-27 11:46:00,0,0,0,0,0
2022-12-27 11:47:00,0,0,0,0,0
2022-12-27 11:48:00,0,0,0,0,0
2022-12-27 11:49:00,0,0,0,0,0
2022-12-27 11:50:00,0,0,0,0,0
2022-12-27 11:51:00,0,0,0,0,0
2022-12-27 11:52:00,0,0,0,0,0
2022-12-27 11:53:00,0,0,0,0,0
2022-12-27 11:54:00,0,0,0,0,0
2022-12-27 11:55:00,0,0,0,0,0
2022-12-27 11:56:00,0,0,0,0,0
2022-12-27 11:57:00,0,0,0,0,0
2022-12-27 11:58:00,0,0,0,0,0
2022-12-27 11:59:00,0,0,0,0,0
2022-12-27 12:00:00,0,0,0,0,0
2022-12-27 12:01:00,0,0,0,0,0
2022-12-27 12:02:00,0,0,0,0,0
2022-12-27 12:03:00,0,0,0,0,0
2022-12-27 12:04:00,0,0,0,0,0
2022-12-27 12:05:00,0,0,0,0,0
2022-12-27 12:06:00,0,0,0,0,0
2022-12-27 12:07:00,0,0,0,0,0
2022-12-27 12:08:00,0,0,0,0,0
2022-12-27 12:09:00,0,0,0,0,0
2022-12-27 12:10:00,0,0,0,0,0
2022-12-27 12:11:00,0,0,0,0,0
2022-12-27 12:12:00,0,0,0,0,0
2022-12-27 12:13:00,0,0,0,0,0
2022-12-27 12:14:00,0,0,0,0,0
2022-12-27 12:15:00,0,0,0,0,0
2022-12-27 12:16:00,0,0,0,0,0
2022-12-27 12:17:00,0,0,0,0,0
2022-12-27 12:18:00,0,0,0,0,0
2022-12-27 12:19:00,0,0,0,0,0
2022-12-27 12:20:00,0,0,0,0,0
2022-12-27 12:21:00,0,0,0,0,0
2022-12-27 12:22:00,0,0,0,0,0
2022-12-27 12:23:00,0,0,0,0,0
2022-12-27 12:24:00,0,0,0,0,0
2022-12-27 12:25:00,0,0,0,0,0
2022-12-27 12:26:00,0,0,0,0,0
2022-12-27 12:27:00,0,0,0,0,0
2022-12-27 12:28:00,0,0,0,0,0
2022-12-27 12:29:00,0,0,0,0,0
2022-12-27 12:30:00,0,0,0,0,0
2022-12-27 12:31:00,0,0,0,0,0
2022-12-27 12:32:00,0,0,0,0,0
2022-12-27 12:33:00,0,0,0,0,0
2022-12-27 12:34:00,0,0,0,0,0
2022-12-27 12:35:00,0,0,0,0,0
2022-12-27 12:36:00,0,0,0,0,0
2022-12-27 12:37:00,0,0,0,0,0
2022-12-27 12:38:00,0,0,0,0,0
2022-12-27 12:39:00,0,0,0,0,0
2022-12-27 12:40:00,0,0,0,0,0
2022-12-27 12:41:00,0,0,0,0,0
2022-12-27 12:42:00,0,0,0,0,0
2022-12-27 12:43:00,0,0,0,0,0
2022-12-27 12:44:00,0,0,0,0,0
2022-12-27 12:45:00,0,0,0,0,0
2022-12-27 12:46:00,0,0,0,0,0
2022-12-27 12:47:00,0,0,0,0,0
2022-12-27 12:48:00,0,0,0,0,0
2022-12-27 12:49:00,0,0,0,0,0
2022-12-27 12:50:00,0,0,0,0,0
2022-12-27 12:51:00,0,0,0,0,0
2022-12-27 12:52:00,0,0,0,0,0
2022-12-27 12:53:00,0,0,0,0,0
2022-12-27 12:54:00,0,0,0,0,0
2022-12-27 12:55:00,0,0,0,0,0
2022-12-27 12:56:00,0,0,0,0,0
2022-12-27 12:57:00,0,0,0,0,0
2022-12-27 12:58:00,0,0,0,0,0
2022-12-27 12:59:00,0,0,0,0,0
2022-12-27 13:00:00,0,0,0,0,0
2022-12-27 13:01:00,0,0,0,0,0
2022-12-27 13:02:00,0,0,0,0,0
2022-12-27 13:03:00,0,0,0,0,0
2022-12-27 13:04:00,0,0,0,0,0
2022-12-27 13:05:00,0,0,0,0,0
2022-12-27 13:06:00,0,0,0,0,0
2022-12-27 13:07:00,0,0,0,0,0
2022-12-27 13:08:00,0,0,0,0,0
2022-12-27 13:09:00,0,0,0,0,0
2022-12-27 13:10:00,0,0,0,0,0
2022-12-27 13:11:00,0,0,0,0,0
2022-12-27 13:12:00,0,0,0,0,0
2022-12-27 13:13:00,0,0,0,0,0
2022-12-27 13:14:00,0,0,0,0,0
2022-12-27 13:15:00,0,0,0,0,0
2022-12-27 13:16:00,0,0,0,0,0
2022-12-27 13:17:00,0,0,0,0,0
2022-12-27 13:18:00,0,0,0,0,0
2022-12-27 13:19:00,0,0,0,0,0
2022-12-27 13:20:00,0,0,0,0,0
2022-12-27 13:21:00,0,0,0,0,0
2022-12-27 13:22:00,0,0,0,0,0
2022-12-27 13:23:00,0,0,0,0,0
2022-12-27 13:24:00,0,0,0,0,0
2022-12-27 13:25:00,0,0,0,0,0
2022-12-27 13:26:00,0,0,0,0,0
2022-12-27 13:27:00,0,0,0,0,0
2022-12-27 13:28:00,0,0,0,0,0
2022-12-27 13:29:00,0,0,0,0,0
2022-12-27 13:30:00,945,945,950,950,30900
2022-12-27 13:31:00,0,0,0,0,0
2022-12-27 13:32:00,950,950,950,950,400
2022-12-27 13:33:00,0,0,0,0,0
2022-12-27 13:34:00,0,0,0,0,0
2022-12-27 13:35:00,0,0,0,0,0
2022-12-27 13:36:00,0,0,0,0,0
2022-12-27 13:37:00,945,945,950,950,600
2022-12-27 13:38:00,0,0,0,0,0
2022-12-27 13:39:00,945,945,945,945,200
2022-12-27 13:40:00,945,945,945,945,10700
2022-12-27 13:41:00,945,945,945,945,8300
2022-12-27 13:42:00,940,940,940,940,4000
2022-12-27 13:43:00,940,940,940,940,6000
2022-12-27 13:44:00,0,0,0,0,0
2022-12-27 13:45:00,0,0,0,0,0
2022-12-27 13:46:00,940,940,940,940,0
2022-12-27 13:47:00,0,0,0,0,0
2022-12-27 13:48:00,0,0,0,0,0
2022-12-27 13:49:00,940,940,945,945,76000
2022-12-27 13:50:00,945,945,945,945,0
2022-12-27 13:51:00,945,945,945,945,92000
2022-12-27 13:52:00,945,945,945,945,0
2022-12-27 13:53:00,0,0,0,0,0
2022-12-27 13:54:00,0,0,0,0,0
2022-12-27 13:55:00,0,0,0,0,0
2022-12-27 13:56:00,945,945,950,950,2300
2022-12-27 13:57:00,945,945,945,945,12000
2022-12-27 13:58:00,0,0,0,0,0
2022-12-27 13:59:00,945,945,945,945,17000
2022-12-27 14:00:00,0,0,0,0,0
2022-12-27 14:01:00,0,0,0,0,0
2022-12-27 14:02:00,0,0,0,0,0
2022-12-27 14:03:00,0,0,0,0,0
2022-12-27 14:04:00,0,0,0,0,0
2022-12-27 14:05:00,0,0,0,0,0
2022-12-27 14:06:00,945,945,945,945,0
2022-12-27 14:07:00,945,945,945,945,1700
2022-12-27 14:08:00,0,0,0,0,0
2022-12-27 14:09:00,0,0,0,0,0
2022-12-27 14:10:00,0,0,0,0,0
2022-12-27 14:11:00,945,945,945,945,2600
2022-12-27 14:12:00,0,0,0,0,0
2022-12-27 14:13:00,945,945,945,945,500
2022-12-27 14:14:00,0,0,0,0,0
2022-12-27 14:15:00,0,0,0,0,0
2022-12-27 14:16:00,0,0,0,0,0
2022-12-27 14:17:00,945,945,950,950,900
2022-12-27 14:18:00,945,945,950,950,2300
2022-12-27 14:19:00,0,0,0,0,0
2022-12-27 14:20:00,0,0,0,0,0
2022-12-27 14:21:00,0,0,0,0,0
2022-12-27 14:22:00,0,0,0,0,0
2022-12-27 14:23:00,0,0,0,0,0
2022-12-27 14:24:00,945,945,945,945,1000
2022-12-27 14:25:00,945,945,945,945,11400
2022-12-27 14:26:00,0,0,0,0,0
2022-12-27 14:27:00,0,0,0,0,0
2022-12-27 14:28:00,0,0,0,0,0
2022-12-27 14:29:00,945,945,950,950,21400
2022-12-27 14:30:00,0,0,0,0,0
2022-12-27 14:31:00,945,945,945,945,0
2022-12-27 14:32:00,945,945,945,945,14500
2022-12-27 14:33:00,945,945,945,945,100
2022-12-27 14:34:00,940,940,940,940,2500
2022-12-27 14:35:00,945,945,945,945,0
2022-12-27 14:36:00,0,0,0,0,0
2022-12-27 14:37:00,0,0,0,0,0
2022-12-27 14:38:00,945,945,945,945,200
2022-12-27 14:39:00,940,940,945,945,6000
2022-12-27 14:40:00,0,0,0,0,0
2022-12-27 14:41:00,945,945,945,945,2100
2022-12-27 14:42:00,0,0,0,0,0
2022-12-27 14:43:00,0,0,0,0,0
2022-12-27 14:44:00,945,945,945,945,1400
2022-12-27 14:45:00,0,0,0,0,0
2022-12-27 14:46:00,0,0,0,0,0
2022-12-27 14:47:00,0,0,0,0,0
2022-12-27 14:48:00,940,940,945,945,4500
2022-12-27 14:49:00,945,945,945,945,1300
2022-12-27 14:50:00,0,0,0,0,0
2022-12-27 14:51:00,0,0,0,0,0
2022-12-27 14:52:00,0,0,0,0,0
2022-12-27 14:53:00,0,0,0,0,0
2022-12-27 14:54:00,0,0,0,0,0
2022-12-27 14:55:00,0,0,0,0,0
2022-12-27 14:56:00,0,0,0,0,0
2022-12-27 14:57:00,0,0,0,0,0
2022-12-27 14:58:00,0,0,0,0,0
2022-12-27 14:59:00,0,0,0,0,0
2022-12-27 15:00:00,945,945,945,945,73500
2022-12-27 15:01:00,945,945,945,945,16259400
2022-12-27 15:02:00,0,0,0,0,0
2022-12-27 15:03:00,0,0,0,0,0
2022-12-27 15:04:00,0,0,0,0,0
2022-12-27 15:05:00,0,0,0,0,0
2022-12-27 15:06:00,0,0,0,0,0
2022-12-27 15:07:00,0,0,0,0,0
2022-12-27 15:08:00,0,0,0,0,0
2022-12-27 15:09:00,0,0,0,0,0
2022-12-27 15:10:00,0,0,0,0,0
2022-12-27 15:11:00,0,0,0,0,0
2022-12-27 15:12:00,0,0,0,0,0
2022-12-27 15:13:00,0,0,0,0,0
2022-12-27 15:14:00,0,0,0,0,0
2022-12-27 15:15:00,0,0,0,0,0
2022-12-27 15:16:00,0,0,0,0,0
2022-12-27 15:17:00,0,0,0,0,0
2022-12-27 15:18:00,0,0,0,0,0
2022-12-27 15:19:00,0,0,0,0,0
2022-12-27 15:20:00,0,0,0,0,0
2022-12-27 15:21:00,0,0,0,0,0
2022-12-27 15:22:00,0,0,0,0,0
2022-12-27 15:23:00,0,0,0,0,0
2022-12-27 15:24:00,0,0,0,0,0
2022-12-27 15:25:00,0,0,0,0,0
2022-12-27 15:26:00,0,0,0,0,0
2022-12-27 15:27:00,0,0,0,0,0
2022-12-27 15:28:00,0,0,0,0,0
2022-12-27 15:29:00,0,0,0,0,0
2022-12-27 15:30:00,0,0,0,0,0
2022-12-27 15:31:00,0,0,0,0,0
2022-12-27 15:32:00,0,0,0,0,0
2022-12-27 15:33:00,0,0,0,0,0
2022-12-27 15:34:00,0,0,0,0,0
2022-12-27 15:35:00,0,0,0,0,0
2022-12-27 15:36:00,0,0,0,0,0
2022-12-27 15:37:00,0,0,0,0,0
2022-12-27 15:38:00,0,0,0,0,0
2022-12-27 15:39:00,0,0,0,0,0
2022-12-27 15:40:00,0,0,0,0,0
2022-12-27 15:41:00,0,0,0,0,0
2022-12-27 15:42:00,0,0,0,0,0
2022-12-27 15:43:00,0,0,0,0,0
2022-12-27 15:44:00,0,0,0,0,0
2022-12-27 15:45:00,0,0,0,0,0
2022-12-27 15:46:00,0,0,0,0,0
2022-12-27 15:47:00,0,0,0,0,0
2022-12-27 15:48:00,0,0,0,0,0
2022-12-27 15:49:00,0,0,0,0,0
2022-12-27 15:50:00,0,0,0,0,0
2022-12-27 15:51:00,0,0,0,0,0
2022-12-27 15:52:00,0,0,0,0,0
2022-12-27 15:53:00,0,0,0,0,0
2022-12-27 15:54:00,0,0,0,0,0
2022-12-27 15:55:00,0,0,0,0,0
2022-12-27 15:56:00,0,0,0,0,0
2022-12-27 15:57:00,0,0,0,0,0
2022-12-27 15:58:00,0,0,0,0,0
2022-12-27 15:59:00,0,0,0,0,0
2022-12-28 09:00:00,945,940,945,945,0
2022-12-28 09:01:00,0,0,0,0,0
2022-12-28 09:02:00,0,0,0,0,0
2022-12-28 09:03:00,945,945,945,945,1300
2022-12-28 09:04:00,0,0,0,0,0
2022-12-28 09:05:00,945,945,945,945,5600
2022-12-28 09:06:00,0,0,0,0,0
2022-12-28 09:07:00,945,945,945,945,0
2022-12-28 09:08:00,945,945,945,945,2000
2022-12-28 09:09:00,945,945,945,945,1500
2022-12-28 09:10:00,0,0,0,0,0
2022-12-28 09:11:00,0,0,0,0,0
2022-12-28 09:12:00,945,945,945,945,1800
2022-12-28 09:13:00,945,945,945,945,1100
2022-12-28 09:14:00,945,945,950,950,500
2022-12-28 09:15:00,945,945,945,945,4800
2022-12-28 09:16:00,0,0,0,0,0
2022-12-28 09:17:00,0,0,0,0,0
2022-12-28 09:18:00,945,945,945,945,43000
2022-12-28 09:19:00,945,945,945,945,0
2022-12-28 09:20:00,0,0,0,0,0
2022-12-28 09:21:00,0,0,0,0,0
2022-12-28 09:22:00,945,945,945,945,0
2022-12-28 09:23:00,0,0,0,0,0
2022-12-28 09:24:00,945,945,945,945,200
2022-12-28 09:25:00,0,0,0,0,0
2022-12-28 09:26:00,945,945,945,945,7300
2022-12-28 09:27:00,950,945,950,945,300
2022-12-28 09:28:00,945,945,945,945,700
2022-12-28 09:29:00,0,0,0,0,0
2022-12-28 09:30:00,945,945,945,945,2600
2022-12-28 09:31:00,0,0,0,0,0
2022-12-28 09:32:00,0,0,0,0,0
2022-12-28 09:33:00,945,945,945,945,49500
2022-12-28 09:34:00,945,945,945,945,0
2022-12-28 09:35:00,945,945,945,945,1000
2022-12-28 09:36:00,945,945,945,945,0
2022-12-28 09:37:00,940,940,940,940,6000
2022-12-28 09:38:00,940,940,945,945,8000
2022-12-28 09:39:00,945,945,945,945,0
2022-12-28 09:40:00,945,945,945,945,1300
2022-12-28 09:41:00,945,945,945,945,2000
2022-12-28 09:42:00,0,0,0,0,0
2022-12-28 09:43:00,0,0,0,0,0
2022-12-28 09:44:00,0,0,0,0,0
2022-12-28 09:45:00,0,0,0,0,0
2022-12-28 09:46:00,940,940,940,940,4300
2022-12-28 09:47:00,940,940,940,940,0
2022-12-28 09:48:00,0,0,0,0,0
2022-12-28 09:49:00,0,0,0,0,0
2022-12-28 09:50:00,0,0,0,0,0
2022-12-28 09:51:00,945,945,945,945,6900
2022-12-28 09:52:00,945,945,945,945,0
2022-12-28 09:53:00,940,940,940,940,20000
2022-12-28 09:54:00,0,0,0,0,0
2022-12-28 09:55:00,945,945,945,945,0
2022-12-28 09:56:00,945,945,945,945,274600
2022-12-28 09:57:00,0,0,0,0,0
2022-12-28 09:58:00,0,0,0,0,0
2022-12-28 09:59:00,0,0,0,0,0
2022-12-28 10:00:00,945,945,945,945,0
2022-12-28 10:01:00,940,940,940,940,18700
2022-12-28 10:02:00,940,940,940,940,0
2022-12-28 10:03:00,0,0,0,0,0
2022-12-28 10:04:00,945,945,945,945,0
2022-12-28 10:05:00,0,0,0,0,0
2022-12-28 10:06:00,945,940,945,940,17600
2022-12-28 10:07:00,0,0,0,0,0
2022-12-28 10:08:00,945,945,945,945,100
2022-12-28 10:09:00,0,0,0,0,0
2022-12-28 10:10:00,0,0,0,0,0
2022-12-28 10:11:00,940,940,940,940,22000
2022-12-28 10:12:00,0,0,0,0,0
2022-12-28 10:13:00,0,0,0,0,0
2022-12-28 10:14:00,940,940,940,940,0
2022-12-28 10:15:00,0,0,0,0,0
2022-12-28 10:16:00,0,0,0,0,0
2022-12-28 10:17:00,945,945,945,945,5900
2022-12-28 10:18:00,0,0,0,0,0
2022-12-28 10:19:00,0,0,0,0,0
2022-12-28 10:20:00,0,0,0,0,0
2022-12-28 10:21:00,945,945,945,945,0
2022-12-28 10:22:00,940,940,940,940,4000
2022-12-28 10:23:00,0,0,0,0,0
2022-12-28 10:24:00,0,0,0,0,0
2022-12-28 10:25:00,0,0,0,0,0
2022-12-28 10:26:00,0,0,0,0,0
2022-12-28 10:27:00,0,0,0,0,0
2022-12-28 10:28:00,940,940,940,940,1000
2022-12-28 10:29:00,0,0,0,0,0
2022-12-28 10:30:00,0,0,0,0,0
2022-12-28 10:31:00,0,0,0,0,0
2022-12-28 10:32:00,0,0,0,0,0
2022-12-28 10:33:00,0,0,0,0,0
2022-12-28 10:34:00,0,0,0,0,0
2022-12-28 10:35:00,0,0,0,0,0
2022-12-28 10:36:00,0,0,0,0,0
2022-12-28 10:37:00,0,0,0,0,0
2022-12-28 10:38:00,945,945,945,945,2500
2022-12-28 10:39:00,940,940,940,940,6500
2022-12-28 10:40:00,945,945,945,945,19000
2022-12-28 10:41:00,0,0,0,0,0
2022-12-28 10:42:00,0,0,0,0,0
2022-12-28 10:43:00,945,940,945,940,14500
2022-12-28 10:44:00,0,0,0,0,0
2022-12-28 10:45:00,0,0,0,0,0
2022-12-28 10:46:00,945,945,945,945,0
2022-12-28 10:47:00,940,940,940,940,3400
2022-12-28 10:48:00,0,0,0,0,0
2022-12-28 10:49:00,0,0,0,0,0
2022-12-28 10:50:00,0,0,0,0,0
2022-12-28 10:51:00,0,0,0,0,0
2022-12-28 10:52:00,0,0,0,0,0
2022-12-28 10:53:00,940,940,940,940,12000
2022-12-28 10:54:00,0,0,0,0,0
2022-12-28 10:55:00,940,940,940,940,0
2022-12-28 10:56:00,0,0,0,0,0
2022-12-28 10:57:00,0,0,0,0,0
2022-12-28 10:58:00,0,0,0,0,0
2022-12-28 10:59:00,0,0,0,0,0
2022-12-28 11:00:00,940,940,940,940,100
2022-12-28 11:01:00,0,0,0,0,0
2022-12-28 11:02:00,0,0,0,0,0
2022-12-28 11:03:00,0,0,0,0,0
2022-12-28 11:04:00,0,0,0,0,0
2022-12-28 11:05:00,0,0,0,0,0
2022-12-28 11:06:00,0,0,0,0,0
2022-12-28 11:07:00,945,940,945,940,21600
2022-12-28 11:08:00,945,945,945,945,0
2022-12-28 11:09:00,945,945,945,945,0
2022-12-28 11:10:00,940,940,940,940,2800
2022-12-28 11:11:00,0,0,0,0,0
2022-12-28 11:12:00,0,0,0,0,0
2022-12-28 11:13:00,940,940,940,940,0
2022-12-28 11:14:00,945,945,945,945,0
2022-12-28 11:15:00,0,0,0,0,0
2022-12-28 11:16:00,940,940,945,945,200
2022-12-28 11:17:00,0,0,0,0,0
2022-12-28 11:18:00,940,940,940,940,700
2022-12-28 11:19:00,940,940,940,940,0
2022-12-28 11:20:00,0,0,0,0,0
2022-12-28 11:21:00,940,940,940,940,10000
2022-12-28 11:22:00,0,0,0,0,0
2022-12-28 11:23:00,0,0,0,0,0
2022-12-28 11:24:00,940,940,945,945,29600
2022-12-28 11:25:00,0,0,0,0,0
2022-12-28 11:26:00,0,0,0,0,0
2022-12-28 11:27:00,945,945,945,945,4000
2022-12-28 11:28:00,0,0,0,0,0
2022-12-28 11:29:00,0,0,0,0,0
2022-12-28 11:30:00,0,0,0,0,0
2022-12-28 11:31:00,0,0,0,0,0
2022-12-28 11:32:00,0,0,0,0,0
2022-12-28 11:33:00,0,0,0,0,0
2022-12-28 11:34:00,0,0,0,0,0
2022-12-28 11:35:00,0,0,0,0,0
2022-12-28 11:36:00,0,0,0,0,0
2022-12-28 11:37:00,0,0,0,0,0
2022-12-28 11:38:00,0,0,0,0,0
2022-12-28 11:39:00,0,0,0,0,0
2022-12-28 11:40:00,0,0,0,0,0
2022-12-28 11:41:00,0,0,0,0,0
2022-12-28 11:42:00,0,0,0,0,0
2022-12-28 11:43:00,0,0,0,0,0
2022-12-28 11:44:00,0,0,0,0,0
2022-12-28 11:45:00,0,0,0,0,0
2022-12-28 11:46:00,0,0,0,0,0
2022-12-28 11:47:00,0,0,0,0,0
2022-12-28 11:48:00,0,0,0,0,0
2022-12-28 11:49:00,0,0,0,0,0
2022-12-28 11:50:00,0,0,0,0,0
2022-12-28 11:51:00,0,0,0,0,0
2022-12-28 11:52:00,0,0,0,0,0
2022-12-28 11:53:00,0,0,0,0,0
2022-12-28 11:54:00,0,0,0,0,0
2022-12-28 11:55:00,0,0,0,0,0
2022-12-28 11:56:00,0,0,0,0,0
2022-12-28 11:57:00,0,0,0,0,0
2022-12-28 11:58:00,0,0,0,0,0
2022-12-28 11:59:00,0,0,0,0,0
2022-12-28 12:00:00,0,0,0,0,0
2022-12-28 12:01:00,0,0,0,0,0
2022-12-28 12:02:00,0,0,0,0,0
2022-12-28 12:03:00,0,0,0,0,0
2022-12-28 12:04:00,0,0,0,0,0
2022-12-28 12:05:00,0,0,0,0,0
2022-12-28 12:06:00,0,0,0,0,0
2022-12-28 12:07:00,0,0,0,0,0
2022-12-28 12:08:00,0,0,0,0,0
2022-12-28 12:09:00,0,0,0,0,0
2022-12-28 12:10:00,0,0,0,0,0
2022-12-28 12:11:00,0,0,0,0,0
2022-12-28 12:12:00,0,0,0,0,0
2022-12-28 12:13:00,0,0,0,0,0
2022-12-28 12:14:00,0,0,0,0,0
2022-12-28 12:15:00,0,0,0,0,0
2022-12-28 12:16:00,0,0,0,0,0
2022-12-28 12:17:00,0,0,0,0,0
2022-12-28 12:18:00,0,0,0,0,0
2022-12-28 12:19:00,0,0,0,0,0
2022-12-28 12:20:00,0,0,0,0,0
2022-12-28 12:21:00,0,0,0,0,0
2022-12-28 12:22:00,0,0,0,0,0
2022-12-28 12:23:00,0,0,0,0,0
2022-12-28 12:24:00,0,0,0,0,0
2022-12-28 12:25:00,0,0,0,0,0
2022-12-28 12:26:00,0,0,0,0,0
2022-12-28 12:27:00,0,0,0,0,0
2022-12-28 12:28:00,0,0,0,0,0
2022-12-28 12:29:00,0,0,0,0,0
2022-12-28 12:30:00,0,0,0,0,0
2022-12-28 12:31:00,0,0,0,0,0
2022-12-28 12:32:00,0,0,0,0,0
2022-12-28 12:33:00,0,0,0,0,0
2022-12-28 12:34:00,0,0,0,0,0
2022-12-28 12:35:00,0,0,0,0,0
2022-12-28 12:36:00,0,0,0,0,0
2022-12-28 12:37:00,0,0,0,0,0
2022-12-28 12:38:00,0,0,0,0,0
2022-12-28 12:39:00,0,0,0,0,0
2022-12-28 12:40:00,0,0,0,0,0
2022-12-28 12:41:00,0,0,0,0,0
2022-12-28 12:42:00,0,0,0,0,0
2022-12-28 12:43:00,0,0,0,0,0
2022-12-28 12:44:00,0,0,0,0,0
2022-12-28 12:45:00,0,0,0,0,0
2022-12-28 12:46:00,0,0,0,0,0
2022-12-28 12:47:00,0,0,0,0,0
2022-12-28 12:48:00,0,0,0,0,0
2022-12-28 12:49:00,0,0,0,0,0
2022-12-28 12:50:00,0,0,0,0,0
2022-12-28 12:51:00,0,0,0,0,0
2022-12-28 12:52:00,0,0,0,0,0
2022-12-28 12:53:00,0,0,0,0,0
2022-12-28 12:54:00,0,0,0,0,0
2022-12-28 12:55:00,0,0,0,0,0
2022-12-28 12:56:00,0,0,0,0,0
2022-12-28 12:57:00,0,0,0,0,0
2022-12-28 12:58:00,0,0,0,0,0
2022-12-28 12:59:00,0,0,0,0,0
2022-12-28 13:00:00,0,0,0,0,0
2022-12-28 13:01:00,0,0,0,0,0
2022-12-28 13:02:00,0,0,0,0,0
2022-12-28 13:03:00,0,0,0,0,0
2022-12-28 13:04:00,0,0,0,0,0
2022-12-28 13:05:00,0,0,0,0,0
2022-12-28 13:06:00,0,0,0,0,0
2022-12-28 13:07:00,0,0,0,0,0
2022-12-28 13:08:00,0,0,0,0,0
2022-12-28 13:09:00,0,0,0,0,0
2022-12-28 13:10:00,0,0,0,0,0
2022-12-28 13:11:00,0,0,0,0,0
2022-12-28 13:12:00,0,0,0,0,0
2022-12-28 13:13:00,0,0,0,0,0
2022-12-28 13:14:00,0,0,0,0,0
2022-12-28 13:15:00,0,0,0,0,0
2022-12-28 13:16:00,0,0,0,0,0
2022-12-28 13:17:00,0,0,0,0,0
2022-12-28 13:18:00,0,0,0,0,0
2022-12-28 13:19:00,0,0,0,0,0
2022-12-28 13:20:00,0,0,0,0,0
2022-12-28 13:21:00,0,0,0,0,0
2022-12-28 13:22:00,0,0,0,0,0
2022-12-28 13:23:00,0,0,0,0,0
2022-12-28 13:24:00,0,0,0,0,0
2022-12-28 13:25:00,0,0,0,0,0
2022-12-28 13:26:00,0,0,0,0,0
2022-12-28 13:27:00,0,0,0,0,0
2022-12-28 13:28:00,0,0,0,0,0
2022-12-28 13:29:00,0,0,0,0,0
2022-12-28 13:30:00,945,945,945,945,174700
2022-12-28 13:31:00,945,945,945,945,0
2022-12-28 13:32:00,0,0,0,0,0
2022-12-28 13:33:00,0,0,0,0,0
2022-12-28 13:34:00,945,945,945,945,0
2022-12-28 13:35:00,0,0,0,0,0
2022-12-28 13:36:00,950,950,950,950,0
2022-12-28 13:37:00,0,0,0,0,0
2022-12-28 13:38:00,0,0,0,0,0
2022-12-28 13:39:00,0,0,0,0,0
2022-12-28 13:40:00,950,950,950,950,200
2022-12-28 13:41:00,0,0,0,0,0
2022-12-28 13:42:00,0,0,0,0,0
2022-12-28 13:43:00,0,0,0,0,0
2022-12-28 13:44:00,0,0,0,0,0
2022-12-28 13:45:00,950,950,950,950,300
2022-12-28 13:46:00,0,0,0,0,0
2022-12-28 13:47:00,945,945,945,945,400
2022-12-28 13:48:00,0,0,0,0,0
2022-12-28 13:49:00,945,945,945,945,200
2022-12-28 13:50:00,945,945,945,945,3400
2022-12-28 13:51:00,945,945,945,945,10300
2022-12-28 13:52:00,945,945,945,945,6000
2022-12-28 13:53:00,0,0,0,0,0
2022-12-28 13:54:00,945,945,945,945,6000
2022-12-28 13:55:00,0,0,0,0,0
2022-12-28 13:56:00,945,945,945,945,86100
2022-12-28 13:57:00,0,0,0,0,0
2022-12-28 13:58:00,0,0,0,0,0
2022-12-28 13:59:00,0,0,0,0,0
2022-12-28 14:00:00,940,940,940,940,2900
2022-12-28 14:01:00,940,940,940,940,0
2022-12-28 14:02:00,940,940,940,940,9600
2022-12-28 14:03:00,940,940,940,940,0
2022-12-28 14:04:00,940,940,940,940,200
2022-12-28 14:05:00,0,0,0,0,0
2022-12-28 14:06:00,0,0,0,0,0
2022-12-28 14:07:00,0,0,0,0,0
2022-12-28 14:08:00,0,0,0,0,0
2022-12-28 14:09:00,0,0,0,0,0
2022-12-28 14:10:00,0,0,0,0,0
2022-12-28 14:11:00,940,940,940,940,130000
2022-12-28 14:12:00,0,0,0,0,0
2022-12-28 14:13:00,940,940,940,940,0
2022-12-28 14:14:00,940,940,940,940,19300
2022-12-28 14:15:00,0,0,0,0,0
2022-12-28 14:16:00,940,940,945,945,0
2022-12-28 14:17:00,945,945,945,945,3400
2022-12-28 14:18:00,0,0,0,0,0
2022-12-28 14:19:00,945,945,945,945,76300
2022-12-28 14:20:00,0,0,0,0,0
2022-12-28 14:21:00,0,0,0,0,0
2022-12-28 14:22:00,0,0,0,0,0
2022-12-28 14:23:00,0,0,0,0,0
2022-12-28 14:24:00,0,0,0,0,0
2022-12-28 14:25:00,945,945,945,945,40000
2022-12-28 14:26:00,945,945,945,945,0
2022-12-28 14:27:00,945,945,945,945,4000
2022-12-28 14:28:00,945,945,945,945,0
2022-12-28 14:29:00,0,0,0,0,0
2022-12-28 14:30:00,945,945,945,945,13300
2022-12-28 14:31:00,0,0,0,0,0
2022-12-28 14:32:00,0,0,0,0,0
2022-12-28 14:33:00,950,950,950,950,17000
2022-12-28 14:34:00,0,0,0,0,0
2022-12-28 14:35:00,0,0,0,0,0
2022-12-28 14:36:00,950,945,950,945,0
2022-12-28 14:37:00,945,945,950,950,2900
2022-12-28 14:38:00,950,950,950,950,200
2022-12-28 14:39:00,945,945,945,945,4400
2022-12-28 14:40:00,945,945,945,945,51000
2022-12-28 14:41:00,0,0,0,0,0
2022-12-28 14:42:00,945,945,945,945,0
2022-12-28 14:43:00,945,945,950,950,0
2022-12-28 14:44:00,950,950,950,950,1000
2022-12-28 14:45:00,950,945,950,950,1075300
2022-12-28 14:46:00,945,945,945,945,0
2022-12-28 14:47:00,0,0,0,0,0
2022-12-28 14:48:00,945,945,950,950,26000
2022-12-28 14:49:00,950,945,950,945,31700
2022-12-28 14:50:00,0,0,0,0,0
2022-12-28 14:51:00,0,0,0,0,0
2022-12-28 14:52:00,0,0,0,0,0
2022-12-28 14:53:00,0,0,0,0,0
2022-12-28 14:54:00,0,0,0,0,0
2022-12-28 14:55:00,0,0,0,0,0
2022-12-28 14:56:00,0,0,0,0,0
2022-12-28 14:57:00,0,0,0,0,0
2022-12-28 14:58:00,0,0,0,0,0
2022-12-28 14:59:00,0,0,0,0,0
2022-12-28 15:00:00,940,940,940,940,425000
2022-12-28 15:01:00,940,940,940,940,5000
2022-12-28 15:02:00,940,940,940,940,77500
2022-12-28 15:03:00,940,940,940,940,0
2022-12-28 15:04:00,940,940,940,940,3500
2022-12-28 15:05:00,940,940,940,940,1500
2022-12-28 15:06:00,0,0,0,0,0
2022-12-28 15:07:00,0,0,0,0,0
2022-12-28 15:08:00,940,940,940,940,7200
2022-12-28 15:09:00,0,0,0,0,0
2022-12-28 15:10:00,940,940,940,940,0
2022-12-28 15:11:00,940,940,940,940,2923000
2022-12-28 15:12:00,0,0,0,0,0
2022-12-28 15:13:00,0,0,0,0,0
2022-12-28 15:14:00,0,0,0,0,0
2022-12-28 15:15:00,0,0,0,0,0
2022-12-28 15:16:00,0,0,0,0,0
2022-12-28 15:17:00,0,0,0,0,0
2022-12-28 15:18:00,0,0,0,0,0
2022-12-28 15:19:00,0,0,0,0,0
2022-12-28 15:20:00,0,0,0,0,0
2022-12-28 15:21:00,0,0,0,0,0
2022-12-28 15:22:00,0,0,0,0,0
2022-12-28 15:23:00,0,0,0,0,0
2022-12-28 15:24:00,0,0,0,0,0
2022-12-28 15:25:00,0,0,0,0,0
2022-12-28 15:26:00,0,0,0,0,0
2022-12-28 15:27:00,0,0,0,0,0
2022-12-28 15:28:00,0,0,0,0,0
2022-12-28 15:29:00,0,0,0,0,0
2022-12-28 15:30:00,0,0,0,0,0
2022-12-28 15:31:00,0,0,0,0,0
2022-12-28 15:32:00,0,0,0,0,0
2022-12-28 15:33:00,0,0,0,0,0
2022-12-28 15:34:00,0,0,0,0,0
2022-12-28 15:35:00,0,0,0,0,0
2022-12-28 15:36:00,0,0,0,0,0
2022-12-28 15:37:00,0,0,0,0,0
2022-12-28 15:38:00,0,0,0,0,0
2022-12-28 15:39:00,0,0,0,0,0
2022-12-28 15:40:00,0,0,0,0,0
2022-12-28 15:41:00,0,0,0,0,0
2022-12-28 15:42:00,0,0,0,0,0
2022-12-28 15:43:00,0,0,0,0,0
2022-12-28 15:44:00,0,0,0,0,0
2022-12-28 15:45:00,0,0,0,0,0
2022-12-28 15:46:00,0,0,0,0,0
2022-12-28 15:47:00,0,0,0,0,0
2022-12-28 15:48:00,0,0,0,0,0
2022-12-28 15:49:00,0,0,0,0,0
2022-12-28 15:50:00,0,0,0,0,0
2022-12-28 15:51:00,0,0,0,0,0
2022-12-28 15:52:00,0,0,0,0,0
2022-12-28 15:53:00,0,0,0,0,0
2022-12-28 15:54:00,0,0,0,0,0
2022-12-28 15:55:00,0,0,0,0,0
2022-12-28 15:56:00,0,0,0,0,0
2022-12-28 15:57:00,0,0,0,0,0
2022-12-28 15:58:00,0,0,0,0,0
2022-12-28 15:59:00,0,0,0,0,0
2022-12-29 09:00:00,945,940,950,950,0
2022-12-29 09:01:00,0,0,0,0,0
2022-12-29 09:02:00,955,950,955,950,29300
2022-12-29 09:03:00,955,950,955,955,40400
2022-12-29 09:04:00,955,955,960,960,93000
2022-12-29 09:05:00,960,955,960,955,63400
2022-12-29 09:06:00,955,955,955,955,87000
2022-12-29 09:07:00,955,955,955,955,7200
2022-12-29 09:08:00,955,955,955,955,10900
2022-12-29 09:09:00,955,955,960,960,23800
2022-12-29 09:10:00,960,960,960,960,113400
2022-12-29 09:11:00,960,960,965,960,76800
2022-12-29 09:12:00,960,960,965,960,68600
2022-12-29 09:13:00,960,955,960,955,129600
2022-12-29 09:14:00,955,955,955,955,113100
2022-12-29 09:15:00,960,960,960,960,0
2022-12-29 09:16:00,960,960,960,960,0
2022-12-29 09:17:00,960,960,960,960,1100
2022-12-29 09:18:00,960,955,960,955,24000
2022-12-29 09:19:00,955,955,955,955,0
2022-12-29 09:20:00,955,955,955,955,113200
2022-12-29 09:21:00,955,955,955,955,5000
2022-12-29 09:22:00,955,950,955,955,16700
2022-12-29 09:23:00,955,950,955,950,10300
2022-12-29 09:24:00,0,0,0,0,0
2022-12-29 09:25:00,950,950,950,950,400
2022-12-29 09:26:00,950,950,950,950,800
2022-12-29 09:27:00,955,955,955,955,300
2022-12-29 09:28:00,955,955,955,955,8900
2022-12-29 09:29:00,955,955,955,955,0
2022-12-29 09:30:00,0,0,0,0,0
2022-12-29 09:31:00,950,950,955,955,12400
2022-12-29 09:32:00,950,950,955,955,38700
2022-12-29 09:33:00,950,950,950,950,1000
2022-12-29 09:34:00,0,0,0,0,0
2022-12-29 09:35:00,950,950,950,950,1800
2022-12-29 09:36:00,950,950,950,950,0
2022-12-29 09:37:00,955,955,955,955,13000
2022-12-29 09:38:00,955,955,955,955,25800
2022-12-29 09:39:00,955,950,955,950,3400
2022-12-29 09:40:00,0,0,0,0,0
2022-12-29 09:41:00,950,950,955,955,19200
2022-12-29 09:42:00,0,0,0,0,0
2022-12-29 09:43:00,955,955,955,955,2000
2022-12-29 09:44:00,955,955,955,955,600
2022-12-29 09:45:00,955,955,955,955,1800
2022-12-29 09:46:00,0,0,0,0,0
2022-12-29 09:47:00,955,955,955,955,5100
2022-12-29 09:48:00,0,0,0,0,0
2022-12-29 09:49:00,955,955,955,955,0
2022-12-29 09:50:00,0,0,0,0,0
2022-12-29 09:51:00,955,955,955,955,11100
2022-12-29 09:52:00,955,955,955,955,2100
2022-12-29 09:53:00,0,0,0,0,0
2022-12-29 09:54:00,955,955,955,955,400
2022-12-29 09:55:00,960,960,965,960,1865200
2022-12-29 09:56:00,960,960,960,960,5400
2022-12-29 09:57:00,960,960,960,960,2400
2022-12-29 09:58:00,960,960,960,960,12100
2022-12-29 09:59:00,960,960,965,960,2700
2022-12-29 10:00:00,960,960,960,960,1500
2022-12-29 10:01:00,960,960,960,960,1800
2022-12-29 10:02:00,0,0,0,0,0
2022-12-29 10:03:00,960,960,960,960,100
2022-12-29 10:04:00,960,960,960,960,2100
2022-12-29 10:05:00,965,965,965,965,33300
2022-12-29 10:06:00,965,965,965,965,59600
2022-12-29 10:07:00,960,960,965,965,0
2022-12-29 10:08:00,965,965,965,965,57500
2022-12-29 10:09:00,0,0,0,0,0
2022-12-29 10:10:00,965,960,965,960,0
2022-12-29 10:11:00,0,0,0,0,0
2022-12-29 10:12:00,0,0,0,0,0
2022-12-29 10:13:00,960,960,960,960,17400
2022-12-29 10:14:00,960,960,960,960,0
2022-12-29 10:15:00,0,0,0,0,0
2022-12-29 10:16:00,965,965,965,965,30800
2022-12-29 10:17:00,965,965,965,965,117800
2022-12-29 10:18:00,965,965,965,965,8300
2022-12-29 10:19:00,965,965,965,965,90700
2022-12-29 10:20:00,965,960,965,960,14600
2022-12-29 10:21:00,960,960,960,960,25300
2022-12-29 10:22:00,960,960,960,960,0
2022-12-29 10:23:00,960,960,960,960,16000
2022-12-29 10:24:00,960,960,960,960,21100
2022-12-29 10:25:00,965,965,965,965,0
2022-12-29 10:26:00,960,960,965,965,19900
2022-12-29 10:27:00,965,960,965,960,62100
2022-12-29 10:28:00,0,0,0,0,0
2022-12-29 10:29:00,0,0,0,0,0
2022-12-29 10:30:00,965,965,965,965,0
2022-12-29 10:31:00,965,965,965,965,4000
2022-12-29 10:32:00,0,0,0,0,0
2022-12-29 10:33:00,965,965,965,965,0
2022-12-29 10:34:00,0,0,0,0,0
2022-12-29 10:35:00,965,965,965,965,11500
2022-12-29 10:36:00,965,965,965,965,0
2022-12-29 10:37:00,965,960,965,960,46100
2022-12-29 10:38:00,960,960,965,960,56000
2022-12-29 10:39:00,960,960,960,960,1900
2022-12-29 10:40:00,960,960,960,960,0
2022-12-29 10:41:00,965,965,965,965,2000
2022-12-29 10:42:00,965,965,965,965,60500
2022-12-29 10:43:00,965,960,965,960,47200
2022-12-29 10:44:00,960,960,960,960,102100
2022-12-29 10:45:00,0,0,0,0,0
2022-12-29 10:46:00,960,960,960,960,8000
2022-12-29 10:47:00,960,960,960,960,54400
2022-12-29 10:48:00,965,960,965,965,585600
2022-12-29 10:49:00,965,965,965,965,87600
2022-12-29 10:50:00,970,970,970,970,146000
2022-12-29 10:51:00,970,965,970,965,177000
2022-12-29 10:52:00,965,965,965,965,5000
2022-12-29 10:53:00,965,960,965,965,5600
2022-12-29 10:54:00,965,965,965,965,19100
2022-12-29 10:55:00,965,965,965,965,600
2022-12-29 10:56:00,965,965,965,965,16100
2022-12-29 10:57:00,965,965,965,965,20500
2022-12-29 10:58:00,965,965,965,965,62800
2022-12-29 10:59:00,965,965,965,965,78300
2022-12-29 11:00:00,965,960,965,965,168700
2022-12-29 11:01:00,965,965,965,965,10800
2022-12-29 11:02:00,965,965,965,965,46600
2022-12-29 11:03:00,965,965,965,965,0
2022-12-29 11:04:00,965,965,965,965,0
2022-12-29 11:05:00,965,965,965,965,15900
2022-12-29 11:06:00,965,965,970,970,466900
2022-12-29 11:07:00,965,965,965,965,318000
2022-12-29 11:08:00,965,965,965,965,0
2022-12-29 11:09:00,965,965,965,965,34900
2022-12-29 11:10:00,0,0,0,0,0
2022-12-29 11:11:00,965,965,965,965,300
2022-12-29 11:12:00,965,965,965,965,12800
2022-12-29 11:13:00,965,965,965,965,0
2022-12-29 11:14:00,0,0,0,0,0
2022-12-29 11:15:00,965,965,965,965,6700
2022-12-29 11:16:00,965,965,965,965,4500
2022-12-29 11:17:00,965,965,965,965,29100
2022-12-29 11:18:00,965,965,965,965,122500
2022-12-29 11:19:00,970,965,970,965,38400
2022-12-29 11:20:00,965,965,965,965,98300
2022-12-29 11:21:00,965,960,965,965,3100
2022-12-29 11:22:00,960,960,960,960,0
2022-12-29 11:23:00,965,965,965,965,7000
2022-12-29 11:24:00,965,960,965,960,700
2022-12-29 11:25:00,965,965,965,965,900
2022-12-29 11:26:00,965,960,965,960,4400
2022-12-29 11:27:00,960,960,960,960,2900
2022-12-29 11:28:00,965,965,965,965,3500
2022-12-29 11:29:00,960,960,965,960,136800
2022-12-29 11:30:00,0,0,0,0,0
2022-12-29 11:31:00,0,0,0,0,0
2022-12-29 11:32:00,0,0,0,0,0
2022-12-29 11:33:00,0,0,0,0,0
2022-12-29 11:34:00,0,0,0,0,0
2022-12-29 11:35:00,0,0,0,0,0
2022-12-29 11:36:00,0,0,0,0,0
2022-12-29 11:37:00,0,0,0,0,0
2022-12-29 11:38:00,0,0,0,0,0
2022-12-29 11:39:00,0,0,0,0,0
2022-12-29 11:40:00,0,0,0,0,0
2022-12-29 11:41:00,0,0,0,0,0
2022-12-29 11:42:00,0,0,0,0,0
2022-12-29 11:43:00,0,0,0,0,0
2022-12-29 11:44:00,0,0,0,0,0
2022-12-29 11:45:00,0,0,0,0,0
2022-12-29 11:46:00,0,0,0,0,0
2022-12-29 11:47:00,0,0,0,0,0
2022-12-29 11:48:00,0,0,0,0,0
2022-12-29 11:49:00,0,0,0,0,0
2022-12-29 11:50:00,0,0,0,0,0
2022-12-29 11:51:00,0,0,0,0,0
2022-12-29 11:52:00,0,0,0,0,0
2022-12-29 11:53:00,0,0,0,0,0
2022-12-29 11:54:00,0,0,0,0,0
2022-12-29 11:55:00,0,0,0,0,0
2022-12-29 11:56:00,0,0,0,0,0
2022-12-29 11:57:00,0,0,0,0,0
2022-12-29 11:58:00,0,0,0,0,0
2022-12-29 11:59:00,0,0,0,0,0
2022-12-29 12:00:00,0,0,0,0,0
2022-12-29 12:01:00,0,0,0,0,0
2022-12-29 12:02:00,0,0,0,0,0
2022-12-29 12:03:00,0,0,0,0,0
2022-12-29 12:04:00,0,0,0,0,0
2022-12-29 12:05:00,0,0,0,0,0
2022-12-29 12:06:00,0,0,0,0,0
2022-12-29 12:07:00,0,0,0,0,0
2022-12-29 12:08:00,0,0,0,0,0
2022-12-29 12:09:00,0,0,0,0,0
2022-12-29 12:10:00,0,0,0,0,0
2022-12-29 12:11:00,0,0,0,0,0
2022-12-29 12:12:00,0,0,0,0,0
2022-12-29 12:13:00,0,0,0,0,0
2022-12-29 12:14:00,0,0,0,0,0
2022-12-29 12:15:00,0,0,0,0,0
2022-12-29 12:16:00,0,0,0,0,0
2022-12-29 12:17:00,0,0,0,0,0
2022-12-29 12:18:00,0,0,0,0,0
2022-12-29 12:19:00,0,0,0,0,0
2022-12-29 12:20:00,0,0,0,0,0
2022-12-29 12:21:00,0,0,0,0,0
2022-12-29 12:22:00,0,0,0,0,0
2022-12-29 12:23:00,0,0,0,0,0
2022-12-29 12:24:00,0,0,0,0,0
2022-12-29 12:25:00,0,0,0,0,0
2022-12-29 12:26:00,0,0,0,0,0
2022-12-29 12:27:00,0,0,0,0,0
2022-12-29 12:28:00,0,0,0,0,0
2022-12-29 12:29:00,0,0,0,0,0
2022-12-29 12:30:00,0,0,0,0,0
2022-12-29 12:31:00,0,0,0,0,0
2022-12-29 12:32:00,0,0,0,0,0
2022-12-29 12:33:00,0,0,0,0,0
2022-12-29 12:34:00,0,0,0,0,0
2022-12-29 12:35:00,0,0,0,0,0
2022-12-29 12:36:00,0,0,0,0,0
2022-12-29 12:37:00,0,0,0,0,0
2022-12-29 12:38:00,0,0,0,0,0
2022-12-29 12:39:00,0,0,0,0,0
2022-12-29 12:40:00,0,0,0,0,0
2022-12-29 12:41:00,0,0,0,0,0
2022-12-29 12:42:00,0,0,0,0,0
2022-12-29 12:43:00,0,0,0,0,0
2022-12-29 12:44:00,0,0,0,0,0
2022-12-29 12:45:00,0,0,0,0,0
2022-12-29 12:46:00,0,0,0,0,0
2022-12-29 12:47:00,0,0,0,0,0
2022-12-29 12:48:00,0,0,0,0,0
2022-12-29 12:49:00,0,0,0,0,0
2022-12-29 12:50:00,0,0,0,0,0
2022-12-29 12:51:00,0,0,0,0,0
2022-12-29 12:52:00,0,0,0,0,0
2022-12-29 12:53:00,0,0,0,0,0
2022-12-29 12:54:00,0,0,0,0,0
2022-12-29 12:55:00,0,0,0,0,0
2022-12-29 12:56:00,0,0,0,0,0
2022-12-29 12:57:00,0,0,0,0,0
2022-12-29 12:58:00,0,0,0,0,0
2022-12-29 12:59:00,0,0,0,0,0
2022-12-29 13:00:00,0,0,0,0,0
2022-12-29 13:01:00,0,0,0,0,0
2022-12-29 13:02:00,0,0,0,0,0
2022-12-29 13:03:00,0,0,0,0,0
2022-12-29 13:04:00,0,0,0,0,0
2022-12-29 13:05:00,0,0,0,0,0
2022-12-29 13:06:00,0,0,0,0,0
2022-12-29 13:07:00,0,0,0,0,0
2022-12-29 13:08:00,0,0,0,0,0
2022-12-29 13:09:00,0,0,0,0,0
2022-12-29 13:10:00,0,0,0,0,0
2022-12-29 13:11:00,0,0,0,0,0
2022-12-29 13:12:00,0,0,0,0,0
2022-12-29 13:13:00,0,0,0,0,0
2022-12-29 13:14:00,0,0,0,0,0
2022-12-29 13:15:00,0,0,0,0,0
2022-12-29 13:16:00,0,0,0,0,0
2022-12-29 13:17:00,0,0,0,0,0
2022-12-29 13:18:00,0,0,0,0,0
2022-12-29 13:19:00,0,0,0,0,0
2022-12-29 13:20:00,0,0,0,0,0
2022-12-29 13:21:00,0,0,0,0,0
2022-12-29 13:22:00,0,0,0,0,0
2022-12-29 13:23:00,0,0,0,0,0
2022-12-29 13:24:00,0,0,0,0,0
2022-12-29 13:25:00,0,0,0,0,0
2022-12-29 13:26:00,0,0,0,0,0
2022-12-29 13:27:00,0,0,0,0,0
2022-12-29 13:28:00,0,0,0,0,0
2022-12-29 13:29:00,0,0,0,0,0
2022-12-29 13:30:00,960,960,965,965,246300
2022-12-29 13:31:00,965,965,965,965,74600
2022-12-29 13:32:00,965,965,965,965,232200
2022-12-29 13:33:00,970,970,970,970,59800
2022-12-29 13:34:00,965,965,970,970,0
2022-12-29 13:35:00,970,970,970,970,1208100
2022-12-29 13:36:00,970,970,975,970,68900
2022-12-29 13:37:00,970,970,975,970,225000
2022-12-29 13:38:00,970,970,975,970,442700
2022-12-29 13:39:00,970,970,970,970,90100
2022-12-29 13:40:00,975,975,975,975,10000
2022-12-29 13:41:00,975,975,975,975,59800
2022-12-29 13:42:00,975,975,980,980,403400
2022-12-29 13:43:00,980,980,980,980,62600
2022-12-29 13:44:00,980,975,980,975,60200
2022-12-29 13:45:00,980,975,985,985,990100
2022-12-29 13:46:00,985,975,985,985,1807100
2022-12-29 13:47:00,980,975,980,975,256900
2022-12-29 13:48:00,975,955,975,970,2095900
2022-12-29 13:49:00,970,950,970,965,1073700
2022-12-29 13:50:00,960,950,960,950,268600
2022-12-29 13:51:00,950,945,955,950,630100
2022-12-29 13:52:00,950,950,955,955,222400
2022-12-29 13:53:00,955,950,955,950,75400
2022-12-29 13:54:00,950,945,950,950,886700
2022-12-29 13:55:00,945,945,950,950,150700
2022-12-29 13:56:00,950,950,950,950,107500
2022-12-29 13:57:00,950,945,950,945,206000
2022-12-29 13:58:00,950,950,950,950,12700
2022-12-29 13:59:00,0,0,0,0,0
2022-12-29 14:00:00,950,950,950,950,1000
2022-12-29 14:01:00,950,950,950,950,20000
2022-12-29 14:02:00,955,955,955,955,9200
2022-12-29 14:03:00,950,950,955,950,67700
2022-12-29 14:04:00,950,950,955,955,32300
2022-12-29 14:05:00,955,955,955,955,148900
2022-12-29 14:06:00,955,955,955,955,7700
2022-12-29 14:07:00,955,955,955,955,11800
2022-12-29 14:08:00,955,955,955,955,0
2022-12-29 14:09:00,950,950,955,955,16900
2022-12-29 14:10:00,955,955,955,955,0
2022-12-29 14:11:00,955,955,955,955,200
2022-12-29 14:12:00,950,950,950,950,34500
2022-12-29 14:13:00,950,950,950,950,293100
2022-12-29 14:14:00,950,945,950,945,561700
2022-12-29 14:15:00,940,935,940,935,1027500
2022-12-29 14:16:00,935,935,940,935,122800
2022-12-29 14:17:00,940,940,945,945,327800
2022-12-29 14:18:00,945,945,945,945,13500
2022-12-29 14:19:00,950,945,950,945,700
2022-12-29 14:20:00,945,945,945,945,19900
2022-12-29 14:21:00,945,945,950,950,24200
2022-12-29 14:22:00,0,0,0,0,0
2022-12-29 14:23:00,945,945,945,945,4200
2022-12-29 14:24:00,950,950,950,950,102500
2022-12-29 14:25:00,950,950,950,950,54800
2022-12-29 14:26:00,950,950,950,950,35200
2022-12-29 14:27:00,950,950,950,950,200
2022-12-29 14:28:00,945,935,945,935,1095000
2022-12-29 14:29:00,935,935,940,940,131200
2022-12-29 14:30:00,940,930,940,935,434400
2022-12-29 14:31:00,930,925,935,925,1083800
2022-12-29 14:32:00,925,925,935,930,253000
2022-12-29 14:33:00,930,930,930,930,206900
2022-12-29 14:34:00,930,925,930,925,136400
2022-12-29 14:35:00,930,930,930,930,29200
2022-12-29 14:36:00,930,930,930,930,22500
2022-12-29 14:37:00,930,930,930,930,118400
2022-12-29 14:38:00,930,925,930,930,140000
2022-12-29 14:39:00,930,930,935,930,10800
2022-12-29 14:40:00,930,930,935,935,6400
2022-12-29 14:41:00,935,930,935,930,7100
2022-12-29 14:42:00,930,930,935,930,103700
2022-12-29 14:43:00,930,930,935,935,500
2022-12-29 14:44:00,930,930,935,935,89700
2022-12-29 14:45:00,935,935,940,935,24900
2022-12-29 14:46:00,935,935,935,935,37100
2022-12-29 14:47:00,935,935,935,935,54100
2022-12-29 14:48:00,935,930,935,935,89700
2022-12-29 14:49:00,935,935,940,940,50800
2022-12-29 14:50:00,0,0,0,0,0
2022-12-29 14:51:00,0,0,0,0,0
2022-12-29 14:52:00,0,0,0,0,0
2022-12-29 14:53:00,0,0,0,0,0
2022-12-29 14:54:00,0,0,0,0,0
2022-12-29 14:55:00,0,0,0,0,0
2022-12-29 14:56:00,0,0,0,0,0
2022-12-29 14:57:00,0,0,0,0,0
2022-12-29 14:58:00,0,0,0,0,0
2022-12-29 14:59:00,0,0,0,0,0
2022-12-29 15:00:00,940,940,940,940,1091400
2022-12-29 15:01:00,940,940,940,940,67300
2022-12-29 15:02:00,940,940,940,940,25000
2022-12-29 15:03:00,0,0,0,0,0
2022-12-29 15:04:00,940,940,940,940,24900
2022-12-29 15:05:00,940,940,940,940,0
2022-12-29 15:06:00,0,0,0,0,0
2022-12-29 15:07:00,940,940,940,940,6000
2022-12-29 15:08:00,940,940,940,940,3000
2022-12-29 15:09:00,940,940,940,940,6500
2022-12-29 15:10:00,940,940,940,940,3800
2022-12-29 15:11:00,0,0,0,0,0
2022-12-29 15:12:00,940,940,940,940,2700
2022-12-29 15:13:00,0,0,0,0,0
2022-12-29 15:14:00,940,940,940,940,26981200
2022-12-29 15:15:00,0,0,0,0,0
2022-12-29 15:16:00,0,0,0,0,0
2022-12-29 15:17:00,0,0,0,0,0
2022-12-29 15:18:00,0,0,0,0,0
2022-12-29 15:19:00,0,0,0,0,0
2022-12-29 15:20:00,0,0,0,0,0
2022-12-29 15:21:00,0,0,0,0,0
2022-12-29 15:22:00,0,0,0,0,0
2022-12-29 15:23:00,0,0,0,0,0
2022-12-29 15:24:00,0,0,0,0,0
2022-12-29 15:25:00,0,0,0,0,0
2022-12-29 15:26:00,0,0,0,0,0
2022-12-29 15:27:00,0,0,0,0,0
2022-12-29 15:28:00,0,0,0,0,0
2022-12-29 15:29:00,0,0,0,0,0
2022-12-29 15:30:00,0,0,0,0,0
2022-12-29 15:31:00,0,0,0,0,0
2022-12-29 15:32:00,0,0,0,0,0
2022-12-29 15:33:00,0,0,0,0,0
2022-12-29 15:34:00,0,0,0,0,0
2022-12-29 15:35:00,0,0,0,0,0
2022-12-29 15:36:00,0,0,0,0,0
2022-12-29 15:37:00,0,0,0,0,0
2022-12-29 15:38:00,0,0,0,0,0
2022-12-29 15:39:00,0,0,0,0,0
2022-12-29 15:40:00,0,0,0,0,0
2022-12-29 15:41:00,0,0,0,0,0
2022-12-29 15:42:00,0,0,0,0,0
2022-12-29 15:43:00,0,0,0,0,0
2022-12-29 15:44:00,0,0,0,0,0
2022-12-29 15:45:00,0,0,0,0,0
2022-12-29 15:46:00,0,0,0,0,0
2022-12-29 15:47:00,0,0,0,0,0
2022-12-29 15:48:00,0,0,0,0,0
2022-12-29 15:49:00,0,0,0,0,0
2022-12-29 15:50:00,0,0,0,0,0
2022-12-29 15:51:00,0,0,0,0,0
2022-12-29 15:52:00,0,0,0,0,0
2022-12-29 15:53:00,0,0,0,0,0
2022-12-29 15:54:00,0,0,0,0,0
2022-12-29 15:55:00,0,0,0,0,0
2022-12-29 15:56:00,0,0,0,0,0
2022-12-29 15:57:00,0,0,0,0,0
2022-12-29 15:58:00,0,0,0,0,0
2022-12-29 15:59:00,0,0,0,0,0
2022-12-30 09:00:00,945,940,945,945,0
2022-12-30 09:01:00,945,945,945,945,12100
2022-12-30 09:02:00,945,940,945,940,31200
2022-12-30 09:03:00,940,940,940,940,31900
2022-12-30 09:04:00,945,940,945,940,0
2022-12-30 09:05:00,940,940,945,945,5800
2022-12-30 09:06:00,940,940,940,940,373900
2022-12-30 09:07:00,940,940,940,940,108700
2022-12-30 09:08:00,940,940,940,940,193800
2022-12-30 09:09:00,940,940,945,945,141500
2022-12-30 09:10:00,945,945,945,945,8500
2022-12-30 09:11:00,945,945,945,945,0
2022-12-30 09:12:00,0,0,0,0,0
2022-12-30 09:13:00,940,940,945,945,529400
2022-12-30 09:14:00,945,945,945,945,146000
2022-12-30 09:15:00,945,945,950,950,484400
2022-12-30 09:16:00,950,950,950,950,0
2022-12-30 09:17:00,950,950,950,950,8600
2022-12-30 09:18:00,945,945,950,950,78200
2022-12-30 09:19:00,950,950,950,950,0
2022-12-30 09:20:00,950,945,950,945,17600
2022-12-30 09:21:00,950,950,950,950,1800
2022-12-30 09:22:00,0,0,0,0,0
2022-12-30 09:23:00,945,945,945,945,6900
2022-12-30 09:24:00,0,0,0,0,0
2022-12-30 09:25:00,950,945,950,945,66600
2022-12-30 09:26:00,945,945,950,950,341800
2022-12-30 09:27:00,950,950,950,950,20600
2022-12-30 09:28:00,950,950,950,950,82700
2022-12-30 09:29:00,950,950,950,950,27000
2022-12-30 09:30:00,950,950,950,950,87200
2022-12-30 09:31:00,950,950,950,950,104400
2022-12-30 09:32:00,950,950,950,950,57700
2022-12-30 09:33:00,950,950,955,955,10100
2022-12-30 09:34:00,955,955,955,955,1600
2022-12-30 09:35:00,955,955,955,955,21300
2022-12-30 09:36:00,955,950,955,950,143700
2022-12-30 09:37:00,950,950,950,950,40900
2022-12-30 09:38:00,950,950,950,950,162200
2022-12-30 09:39:00,950,945,950,945,0
2022-12-30 09:40:00,950,950,950,950,175700
2022-12-30 09:41:00,950,950,950,950,200
2022-12-30 09:42:00,955,955,955,955,20400
2022-12-30 09:43:00,955,955,955,955,45800
2022-12-30 09:44:00,955,955,955,955,85600
2022-12-30 09:45:00,955,955,955,955,51400
2022-12-30 09:46:00,955,955,955,955,42400
2022-12-30 09:47:00,955,955,955,955,59500
2022-12-30 09:48:00,0,0,0,0,0
2022-12-30 09:49:00,950,950,955,955,69200
2022-12-30 09:50:00,955,955,955,955,1100
2022-12-30 09:51:00,0,0,0,0,0
2022-12-30 09:52:00,955,950,955,955,549400
2022-12-30 09:53:00,955,955,955,955,37900
2022-12-30 09:54:00,955,955,955,955,1900
2022-12-30 09:55:00,0,0,0,0,0
2022-12-30 09:56:00,955,955,955,955,127100
2022-12-30 09:57:00,955,955,955,955,36500
2022-12-30 09:58:00,955,955,955,955,9500
2022-12-30 09:59:00,955,955,955,955,1500
2022-12-30 10:00:00,955,955,955,955,3400
2022-12-30 10:01:00,960,955,960,955,323400
2022-12-30 10:02:00,955,955,955,955,0
2022-12-30 10:03:00,955,955,960,960,269100
2022-12-30 10:04:00,955,955,955,955,0
2022-12-30 10:05:00,955,950,955,950,288300
2022-12-30 10:06:00,950,950,950,950,0
2022-12-30 10:07:00,950,950,955,955,44200
2022-12-30 10:08:00,0,0,0,0,0
2022-12-30 10:09:00,955,955,955,955,26700
2022-12-30 10:10:00,955,955,955,955,0
2022-12-30 10:11:00,955,955,955,955,67600
2022-12-30 10:12:00,955,950,960,950,480900
2022-12-30 10:13:00,955,955,960,960,991000
2022-12-30 10:14:00,960,960,960,960,0
2022-12-30 10:15:00,955,955,955,955,30500
2022-12-30 10:16:00,960,960,960,960,186000
2022-12-30 10:17:00,960,960,960,960,78700
2022-12-30 10:18:00,965,960,965,965,905800
2022-12-30 10:19:00,965,965,970,965,24600
2022-12-30 10:20:00,965,965,970,965,44500
2022-12-30 10:21:00,970,965,970,965,12600
2022-12-30 10:22:00,965,965,970,965,13700
2022-12-30 10:23:00,965,965,970,970,20200
2022-12-30 10:24:00,970,970,970,970,298000
2022-12-30 10:25:00,970,965,970,965,9700
2022-12-30 10:26:00,965,965,970,970,792300
2022-12-30 10:27:00,970,965,970,970,26900
2022-12-30 10:28:00,970,970,970,970,2600
2022-12-30 10:29:00,970,965,970,970,19500
2022-12-30 10:30:00,970,970,970,970,11300
2022-12-30 10:31:00,970,965,975,970,502500
2022-12-30 10:32:00,970,970,975,975,71300
2022-12-30 10:33:00,970,970,975,970,231000
2022-12-30 10:34:00,970,960,970,970,1696000
2022-12-30 10:35:00,970,970,970,970,153800
2022-12-30 10:36:00,970,970,970,970,1700
2022-12-30 10:37:00,965,965,970,970,102400
2022-12-30 10:38:00,970,970,975,975,267500
2022-12-30 10:39:00,975,970,975,970,800
2022-12-30 10:40:00,975,970,975,970,162700
2022-12-30 10:41:00,970,970,970,970,2800
2022-12-30 10:42:00,975,975,975,975,1529100
2022-12-30 10:43:00,975,975,980,975,89400
2022-12-30 10:44:00,975,975,995,980,5016300
2022-12-30 10:45:00,985,985,985,985,174900
2022-12-30 10:46:00,985,985,995,990,612700
2022-12-30 10:47:00,990,985,990,990,123600
2022-12-30 10:48:00,990,985,990,985,213600
2022-12-30 10:49:00,985,985,985,985,69500
2022-12-30 10:50:00,985,985,990,985,232800
2022-12-30 10:51:00,985,975,985,975,542300
2022-12-30 10:52:00,975,975,980,980,0
2022-12-30 10:53:00,980,975,980,980,57600
2022-12-30 10:54:00,980,980,980,980,700
2022-12-30 10:55:00,975,975,980,980,3300
2022-12-30 10:56:00,975,975,975,975,100
2022-12-30 10:57:00,975,975,975,975,900
2022-12-30 10:58:00,975,975,975,975,48000
2022-12-30 10:59:00,975,975,980,980,43200
2022-12-30 11:00:00,980,980,985,985,359300
2022-12-30 11:01:00,985,985,985,985,9400
2022-12-30 11:02:00,985,980,985,980,263600
2022-12-30 11:03:00,980,980,980,980,444300
2022-12-30 11:04:00,980,980,980,980,0
2022-12-30 11:05:00,985,985,985,985,38200
2022-12-30 11:06:00,980,975,980,980,1522700
2022-12-30 11:07:00,980,980,980,980,0
2022-12-30 11:08:00,980,980,980,980,552500
2022-12-30 11:09:00,980,975,980,975,0
2022-12-30 11:10:00,975,975,975,975,65500
2022-12-30 11:11:00,980,975,980,980,5100
2022-12-30 11:12:00,980,980,985,985,143200
2022-12-30 11:13:00,985,980,985,980,425200
2022-12-30 11:14:00,980,975,980,980,109000
2022-12-30 11:15:00,980,975,980,975,0
2022-12-30 11:16:00,980,980,980,980,116400
2022-12-30 11:17:00,980,975,980,975,19800
2022-12-30 11:18:00,975,975,975,975,0
2022-12-30 11:19:00,980,975,980,975,100
2022-12-30 11:20:00,0,0,0,0,0
2022-12-30 11:21:00,975,975,975,975,14600
2022-12-30 11:22:00,975,975,980,980,182800
2022-12-30 11:23:00,980,975,980,975,0
2022-12-30 11:24:00,980,980,980,980,61000
2022-12-30 11:25:00,975,975,980,975,25000
2022-12-30 11:26:00,975,975,975,975,500
2022-12-30 11:27:00,975,975,975,975,56700
2022-12-30 11:28:00,975,975,975,975,8400
2022-12-30 11:29:00,975,975,980,980,25400
2022-12-30 11:30:00,0,0,0,0,0
2022-12-30 11:31:00,0,0,0,0,0
2022-12-30 11:32:00,0,0,0,0,0
2022-12-30 11:33:00,0,0,0,0,0
2022-12-30 11:34:00,0,0,0,0,0
2022-12-30 11:35:00,0,0,0,0,0
2022-12-30 11:36:00,0,0,0,0,0
2022-12-30 11:37:00,0,0,0,0,0
2022-12-30 11:38:00,0,0,0,0,0
2022-12-30 11:39:00,0,0,0,0,0
2022-12-30 11:40:00,0,0,0,0,0
2022-12-30 11:41:00,0,0,0,0,0
2022-12-30 11:42:00,0,0,0,0,0
2022-12-30 11:43:00,0,0,0,0,0
2022-12-30 11:44:00,0,0,0,0,0
2022-12-30 11:45:00,0,0,0,0,0
2022-12-30 11:46:00,0,0,0,0,0
2022-12-30 11:47:00,0,0,0,0,0
2022-12-30 11:48:00,0,0,0,0,0
2022-12-30 11:49:00,0,0,0,0,0
2022-12-30 11:50:00,0,0,0,0,0
2022-12-30 11:51:00,0,0,0,0,0
2022-12-30 11:52:00,0,0,0,0,0
2022-12-30 11:53:00,0,0,0,0,0
2022-12-30 11:54:00,0,0,0,0,0
2022-12-30 11:55:00,0,0,0,0,0
2022-12-30 11:56:00,0,0,0,0,0
2022-12-30 11:57:00,0,0,0,0,0
2022-12-30 11:58:00,0,0,0,0,0
2022-12-30 11:59:00,0,0,0,0,0
2022-12-30 12:00:00,0,0,0,0,0
2022-12-30 12:01:00,0,0,0,0,0
2022-12-30 12:02:00,0,0,0,0,0
2022-12-30 12:03:00,0,0,0,0,0
2022-12-30 12:04:00,0,0,0,0,0
2022-12-30 12:05:00,0,0,0,0,0
2022-12-30 12:06:00,0,0,0,0,0
2022-12-30 12:07:00,0,0,0,0,0
2022-12-30 12:08:00,0,0,0,0,0
2022-12-30 12:09:00,0,0,0,0,0
2022-12-30 12:10:00,0,0,0,0,0
2022-12-30 12:11:00,0,0,0,0,0
2022-12-30 12:12:00,0,0,0,0,0
2022-12-30 12:13:00,0,0,0,0,0
2022-12-30 12:14:00,0,0,0,0,0
2022-12-30 12:15:00,0,0,0,0,0
2022-12-30 12:16:00,0,0,0,0,0
2022-12-30 12:17:00,0,0,0,0,0
2022-12-30 12:18:00,0,0,0,0,0
2022-12-30 12:19:00,0,0,0,0,0
2022-12-30 12:20:00,0,0,0,0,0
2022-12-30 12:21:00,0,0,0,0,0
2022-12-30 12:22:00,0,0,0,0,0
2022-12-30 12:23:00,0,0,0,0,0
2022-12-30 12:24:00,0,0,0,0,0
2022-12-30 12:25:00,0,0,0,0,0
2022-12-30 12:26:00,0,0,0,0,0
2022-12-30 12:27:00,0,0,0,0,0
2022-12-30 12:28:00,0,0,0,0,0
2022-12-30 12:29:00,0,0,0,0,0
2022-12-30 12:30:00,0,0,0,0,0
2022-12-30 12:31:00,0,0,0,0,0
2022-12-30 12:32:00,0,0,0,0,0
2022-12-30 12:33:00,0,0,0,0,0
2022-12-30 12:34:00,0,0,0,0,0
2022-12-30 12:35:00,0,0,0,0,0
2022-12-30 12:36:00,0,0,0,0,0
2022-12-30 12:37:00,0,0,0,0,0
2022-12-30 12:38:00,0,0,0,0,0
2022-12-30 12:39:00,0,0,0,0,0
2022-12-30 12:40:00,0,0,0,0,0
2022-12-30 12:41:00,0,0,0,0,0
2022-12-30 12:42:00,0,0,0,0,0
2022-12-30 12:43:00,0,0,0,0,0
2022-12-30 12:44:00,0,0,0,0,0
2022-12-30 12:45:00,0,0,0,0,0
2022-12-30 12:46:00,0,0,0,0,0
2022-12-30 12:47:00,0,0,0,0,0
2022-12-30 12:48:00,0,0,0,0,0
2022-12-30 12:49:00,0,0,0,0,0
2022-12-30 12:50:00,0,0,0,0,0
2022-12-30 12:51:00,0,0,0,0,0
2022-12-30 12:52:00,0,0,0,0,0
2022-12-30 12:53:00,0,0,0,0,0
2022-12-30 12:54:00,0,0,0,0,0
2022-12-30 12:55:00,0,0,0,0,0
2022-12-30 12:56:00,0,0,0,0,0
2022-12-30 12:57:00,0,0,0,0,0
2022-12-30 12:58:00,0,0,0,0,0
2022-12-30 12:59:00,0,0,0,0,0
2022-12-30 13:00:00,0,0,0,0,0
2022-12-30 13:01:00,0,0,0,0,0
2022-12-30 13:02:00,0,0,0,0,0
2022-12-30 13:03:00,0,0,0,0,0
2022-12-30 13:04:00,0,0,0,0,0
2022-12-30 13:05:00,0,0,0,0,0
2022-12-30 13:06:00,0,0,0,0,0
2022-12-30 13:07:00,0,0,0,0,0
2022-12-30 13:08:00,0,0,0,0,0
2022-12-30 13:09:00,0,0,0,0,0
2022-12-30 13:10:00,0,0,0,0,0
2022-12-30 13:11:00,0,0,0,0,0
2022-12-30 13:12:00,0,0,0,0,0
2022-12-30 13:13:00,0,0,0,0,0
2022-12-30 13:14:00,0,0,0,0,0
2022-12-30 13:15:00,0,0,0,0,0
2022-12-30 13:16:00,0,0,0,0,0
2022-12-30 13:17:00,0,0,0,0,0
2022-12-30 13:18:00,0,0,0,0,0
2022-12-30 13:19:00,0,0,0,0,0
2022-12-30 13:20:00,0,0,0,0,0
2022-12-30 13:21:00,0,0,0,0,0
2022-12-30 13:22:00,0,0,0,0,0
2022-12-30 13:23:00,0,0,0,0,0
2022-12-30 13:24:00,0,0,0,0,0
2022-12-30 13:25:00,0,0,0,0,0
2022-12-30 13:26:00,0,0,0,0,0
2022-12-30 13:27:00,0,0,0,0,0
2022-12-30 13:28:00,0,0,0,0,0
2022-12-30 13:29:00,0,0,0,0,0
2022-12-30 13:30:00,980,980,985,985,1378200
2022-12-30 13:31:00,990,990,990,990,1216500
2022-12-30 13:32:00,995,990,995,995,744600
2022-12-30 13:33:00,995,995,1015,1015,2694100
2022-12-30 13:34:00,1015,1015,1030,1020,793000
2022-12-30 13:35:00,1020,1015,1030,1025,650600
2022-12-30 13:36:00,1025,1025,1035,1025,524900
2022-12-30 13:37:00,1025,1025,1030,1030,200700
2022-12-30 13:38:00,1025,1025,1035,1030,345600
2022-12-30 13:39:00,1030,1030,1040,1035,424700
2022-12-30 13:40:00,1035,1035,1040,1035,187400
2022-12-30 13:41:00,1035,1030,1040,1035,370700
2022-12-30 13:42:00,1035,1030,1040,1030,165400
2022-12-30 13:43:00,1030,1030,1030,1030,18600
2022-12-30 13:44:00,1030,1025,1030,1030,305900
2022-12-30 13:45:00,1030,1025,1030,1025,124600
2022-12-30 13:46:00,1030,1020,1030,1025,489700
2022-12-30 13:47:00,1030,1025,1040,1040,245600
2022-12-30 13:48:00,1040,1035,1040,1040,150300
2022-12-30 13:49:00,1040,1040,1045,1045,513900
2022-12-30 13:50:00,1040,1035,1040,1035,230700
2022-12-30 13:51:00,1035,1035,1040,1040,107000
2022-12-30 13:52:00,1040,1035,1040,1035,115000
2022-12-30 13:53:00,1035,1030,1040,1035,292400
2022-12-30 13:54:00,1035,1035,1040,1040,83600
2022-12-30 13:55:00,1040,1035,1040,1040,36400
2022-12-30 13:56:00,1035,1035,1040,1035,46800
2022-12-30 13:57:00,1035,1030,1035,1035,129500
2022-12-30 13:58:00,1030,1030,1035,1030,54300
2022-12-30 13:59:00,1030,1030,1035,1035,118300
2022-12-30 14:00:00,1035,1030,1035,1030,16100
2022-12-30 14:01:00,1030,1030,1035,1030,126400
2022-12-30 14:02:00,1030,1030,1035,1030,56400
2022-12-30 14:03:00,1030,1030,1030,1030,148800
2022-12-30 14:04:00,1035,1030,1035,1035,218100
2022-12-30 14:05:00,1035,1035,1040,1035,141800
2022-12-30 14:06:00,1035,1035,1040,1040,402200
2022-12-30 14:07:00,1040,1035,1050,1045,1469700
2022-12-30 14:08:00,1045,1045,1050,1050,259200
2022-12-30 14:09:00,1050,1045,1050,1045,27700
2022-12-30 14:10:00,1045,1045,1050,1045,12800
2022-12-30 14:11:00,1045,1040,1050,1045,150900
2022-12-30 14:12:00,1040,1040,1045,1040,56600
2022-12-30 14:13:00,1045,1040,1045,1045,122800
2022-12-30 14:14:00,1045,1040,1045,1045,12900
2022-12-30 14:15:00,1040,1040,1040,1040,1400
2022-12-30 14:16:00,1045,1040,1045,1040,23100
2022-12-30 14:17:00,1040,1040,1040,1040,20500
2022-12-30 14:18:00,1040,1040,1045,1045,57900
2022-12-30 14:19:00,1040,1040,1045,1045,79500
2022-12-30 14:20:00,1045,1040,1045,1040,61600
2022-12-30 14:21:00,1040,1040,1045,1045,15000
2022-12-30 14:22:00,1045,1040,1045,1040,5800
2022-12-30 14:23:00,1045,1040,1045,1045,67100
2022-12-30 14:24:00,1040,1040,1045,1040,259900
2022-12-30 14:25:00,1045,1040,1045,1040,155700
2022-12-30 14:26:00,1040,1040,1045,1040,10300
2022-12-30 14:27:00,1040,1035,1040,1035,304700
2022-12-30 14:28:00,1035,1035,1040,1035,24200
2022-12-30 14:29:00,1035,1035,1045,1040,209900
2022-12-30 14:30:00,1040,1040,1040,1040,0
2022-12-30 14:31:00,1040,1040,1045,1040,40800
2022-12-30 14:32:00,1040,1040,1045,1040,3300
2022-12-30 14:33:00,1045,1040,1045,1040,22900
2022-12-30 14:34:00,1040,1040,1040,1040,48800
2022-12-30 14:35:00,1040,1040,1045,1040,329600
2022-12-30 14:36:00,1040,1040,1045,1040,29700
2022-12-30 14:37:00,1040,1040,1045,1045,499100
2022-12-30 14:38:00,1045,1045,1050,1050,0
2022-12-30 14:39:00,1050,1045,1050,1050,297600
2022-12-30 14:40:00,1045,1045,1050,1045,32600
2022-12-30 14:41:00,1045,1045,1045,1045,58100
2022-12-30 14:42:00,1045,1045,1045,1045,84100
2022-12-30 14:43:00,1045,1040,1050,1045,185100
2022-12-30 14:44:00,1050,1050,1050,1050,9400
2022-12-30 14:45:00,1050,1045,1050,1045,78800
2022-12-30 14:46:00,1050,1045,1050,1050,19000
2022-12-30 14:47:00,1045,1040,1050,1040,287300
2022-12-30 14:48:00,1045,1040,1045,1045,145400
2022-12-30 14:49:00,1040,1035,1045,1040,1340900
2022-12-30 14:50:00,0,0,0,0,0
2022-12-30 14:51:00,0,0,0,0,0
2022-12-30 14:52:00,0,0,0,0,0
2022-12-30 14:53:00,0,0,0,0,0
2022-12-30 14:54:00,0,0,0,0,0
2022-12-30 14:55:00,0,0,0,0,0
2022-12-30 14:56:00,0,0,0,0,0
2022-12-30 14:57:00,0,0,0,0,0
2022-12-30 14:58:00,0,0,0,0,0
2022-12-30 14:59:00,0,0,0,0,0
2022-12-30 15:00:00,1045,1045,1045,1045,2020100
2022-12-30 15:01:00,1045,1045,1045,1045,150700
2022-12-30 15:02:00,1045,1045,1045,1045,12400
2022-12-30 15:03:00,1045,1045,1045,1045,6700
2022-12-30 15:04:00,1045,1045,1045,1045,11400
2022-12-30 15:05:00,1045,1045,1045,1045,19400
2022-12-30 15:06:00,1045,1045,1045,1045,10400
2022-12-30 15:07:00,1045,1045,1045,1045,3800
2022-12-30 15:08:00,1045,1045,1045,1045,1000
2022-12-30 15:09:00,1045,1045,1045,1045,7000
2022-12-30 15:10:00,1045,1045,1045,1045,0
2022-12-30 15:11:00,1045,1045,1045,1045,9900
2022-12-30 15:12:00,1045,1045,1045,1045,69900
2022-12-30 15:13:00,1045,1045,1045,1045,0
2022-12-30 15:14:00,1045,1045,1045,1045,3000
2022-12-30 15:15:00,0,0,0,0,0
2022-12-30 15:16:00,0,0,0,0,0
2022-12-30 15:17:00,0,0,0,0,0
2022-12-30 15:18:00,0,0,0,0,0
2022-12-30 15:19:00,0,0,0,0,0
2022-12-30 15:20:00,0,0,0,0,0
2022-12-30 15:21:00,0,0,0,0,0
2022-12-30 15:22:00,0,0,0,0,0
2022-12-30 15:23:00,0,0,0,0,0
2022-12-30 15:24:00,0,0,0,0,0
2022-12-30 15:25:00,0,0,0,0,0
2022-12-30 15:26:00,0,0,0,0,0
2022-12-30 15:27:00,0,0,0,0,0
2022-12-30 15:28:00,0,0,0,0,0
2022-12-30 15:29:00,0,0,0,0,0
2022-12-30 15:30:00,0,0,0,0,0
2022-12-30 15:31:00,0,0,0,0,0
2022-12-30 15:32:00,0,0,0,0,0
2022-12-30 15:33:00,0,0,0,0,0
2022-12-30 15:34:00,0,0,0,0,0
2022-12-30 15:35:00,0,0,0,0,0
2022-12-30 15:36:00,0,0,0,0,0
2022-12-30 15:37:00,0,0,0,0,0
2022-12-30 15:38:00,0,0,0,0,0
2022-12-30 15:39:00,0,0,0,0,0
2022-12-30 15:40:00,0,0,0,0,0
2022-12-30 15:41:00,0,0,0,0,0
2022-12-30 15:42:00,0,0,0,0,0
2022-12-30 15:43:00,0,0,0,0,0
2022-12-30 15:44:00,0,0,0,0,0
2022-12-30 15:45:00,0,0,0,0,0
2022-12-30 15:46:00,0,0,0,0,0
2022-12-30 15:47:00,0,0,0,0,0
2022-12-30 15:48:00,0,0,0,0,0
2022-12-30 15:49:00,0,0,0,0,0
2022-12-30 15:50:00,0,0,0,0,0
2022-12-30 15:51:00,0,0,0,0,0
2022-12-30 15:52:00,0,0,0,0,0
2022-12-30 15:53:00,0,0,0,0,0
2022-12-30 15:54:00,0,0,0,0,0
2022-12-30 15:55:00,0,0,0,0,0
2022-12-30 15:56:00,0,0,0,0,0
2022-12-30 15:57:00,0,0,0,0,0
2022-12-30 15:58:00,0,0,0,0,0
2022-12-30 15:59:00,0,0,0,0,0
2023-01-02 09:00:00,1050,1040,1065,1060,0
2023-01-02 09:01:00,1060,1050,1060,1050,264700
2023-01-02 09:02:00,1055,1050,1060,1055,215000
2023-01-02 09:03:00,1055,1055,1060,1055,413000
2023-01-02 09:04:00,1055,1045,1055,1050,436400
2023-01-02 09:05:00,1050,1045,1050,1050,121300
2023-01-02 09:06:00,1050,1045,1050,1050,155400
2023-01-02 09:07:00,1055,1050,1065,1065,415300
2023-01-02 09:08:00,1065,1050,1065,1050,1154800
2023-01-02 09:09:00,1050,1050,1055,1055,431600
2023-01-02 09:10:00,1055,1050,1060,1060,252100
2023-01-02 09:11:00,1060,1060,1065,1065,231400
2023-01-02 09:12:00,1065,1060,1085,1085,976500
2023-01-02 09:13:00,1085,1065,1085,1070,1533400
2023-01-02 09:14:00,1070,1065,1075,1065,435200
2023-01-02 09:15:00,1065,1060,1065,1065,249300
2023-01-02 09:16:00,1065,1060,1065,1065,125800
2023-01-02 09:17:00,1065,1060,1065,1065,76300
2023-01-02 09:18:00,1060,1060,1065,1060,74800
2023-01-02 09:19:00,1065,1060,1065,1065,86500
2023-01-02 09:20:00,1065,1065,1070,1065,189500
2023-01-02 09:21:00,1065,1065,1065,1065,22700
2023-01-02 09:22:00,1060,1060,1065,1060,101100
2023-01-02 09:23:00,1060,1060,1065,1065,131900
2023-01-02 09:24:00,1065,1060,1065,1060,294300
2023-01-02 09:25:00,1060,1055,1060,1055,218200
2023-01-02 09:26:00,1055,1050,1055,1055,96100
2023-01-02 09:27:00,1055,1035,1055,1035,519200
2023-01-02 09:28:00,1035,1035,1040,1035,106300
2023-01-02 09:29:00,1035,1035,1040,1040,80900
2023-01-02 09:30:00,1040,1035,1040,1040,38100
2023-01-02 09:31:00,1040,1035,1040,1040,60600
2023-01-02 09:32:00,1035,1035,1040,1040,80800
2023-01-02 09:33:00,1040,1035,1040,1035,310200
2023-01-02 09:34:00,1040,1035,1040,1035,76200
2023-01-02 09:35:00,1035,1035,1040,1035,106500
2023-01-02 09:36:00,1035,1035,1035,1035,68000
2023-01-02 09:37:00,1035,1030,1035,1030,59700
2023-01-02 09:38:00,1030,1030,1035,1035,15700
2023-01-02 09:39:00,1030,1025,1030,1025,342900
2023-01-02 09:40:00,1025,1020,1025,1025,153500
2023-01-02 09:41:00,1025,1020,1025,1025,139400
2023-01-02 09:42:00,1025,1025,1025,1025,27300
2023-01-02 09:43:00,1025,1025,1035,1035,462000
2023-01-02 09:44:00,1035,1030,1035,1035,18400
2023-01-02 09:45:00,1035,1035,1035,1035,300
2023-01-02 09:46:00,1035,1035,1040,1040,15000
2023-01-02 09:47:00,1040,1035,1040,1040,11700
2023-01-02 09:48:00,1040,1040,1040,1040,84600
2023-01-02 09:49:00,1045,1045,1050,1045,248000
2023-01-02 09:50:00,1050,1045,1055,1050,388100
2023-01-02 09:51:00,1055,1055,1055,1055,198900
2023-01-02 09:52:00,1055,1055,1060,1055,50600
2023-01-02 09:53:00,1055,1055,1060,1055,16200
2023-01-02 09:54:00,1055,1050,1060,1055,101000
2023-01-02 09:55:00,1055,1050,1055,1055,8000
2023-01-02 09:56:00,1055,1055,1055,1055,31200
2023-01-02 09:57:00,1060,1055,1060,1055,0
2023-01-02 09:58:00,1055,1055,1055,1055,136100
2023-01-02 09:59:00,1050,1050,1055,1055,500
2023-01-02 10:00:00,1050,1050,1050,1050,101400
2023-01-02 10:01:00,1055,1050,1055,1050,42600
2023-01-02 10:02:00,1055,1050,1055,1050,15100
2023-01-02 10:03:00,1050,1050,1050,1050,0
2023-01-02 10:04:00,1055,1055,1055,1055,44900
2023-01-02 10:05:00,1055,1055,1055,1055,1300
2023-01-02 10:06:00,1055,1055,1055,1055,200
2023-01-02 10:07:00,1055,1055,1055,1055,7000
2023-01-02 10:08:00,1055,1055,1055,1055,2100
2023-01-02 10:09:00,1050,1050,1050,1050,1400
2023-01-02 10:10:00,1050,1050,1050,1050,13600
2023-01-02 10:11:00,1055,1050,1055,1055,7000
2023-01-02 10:12:00,1055,1050,1055,1050,14700
2023-01-02 10:13:00,1050,1050,1050,1050,2300
2023-01-02 10:14:00,1050,1050,1055,1055,3300
2023-01-02 10:15:00,1055,1055,1055,1055,26500
2023-01-02 10:16:00,0,0,0,0,0
2023-01-02 10:17:00,1055,1050,1055,1050,0
2023-01-02 10:18:00,1050,1050,1050,1050,6900
2023-01-02 10:19:00,1050,1050,1050,1050,0
2023-01-02 10:20:00,1050,1050,1050,1050,16300
2023-01-02 10:21:00,1050,1050,1050,1050,0
2023-01-02 10:22:00,0,0,0,0,0
2023-01-02 10:23:00,1050,1050,1055,1055,14300
2023-01-02 10:24:00,0,0,0,0,0
2023-01-02 10:25:00,1050,1050,1050,1050,800
2023-01-02 10:26:00,1050,1050,1055,1055,220200
2023-01-02 10:27:00,1050,1050,1055,1055,0
2023-01-02 10:28:00,1055,1055,1060,1055,323900
2023-01-02 10:29:00,1055,1055,1055,1055,21400
2023-01-02 10:30:00,0,0,0,0,0
2023-01-02 10:31:00,1055,1055,1055,1055,0
2023-01-02 10:32:00,1055,1055,1055,1055,0
2023-01-02 10:33:00,1055,1055,1060,1060,175300
2023-01-02 10:34:00,1060,1060,1060,1060,104100
2023-01-02 10:35:00,1060,1060,1065,1065,17400
2023-01-02 10:36:00,1060,1060,1060,1060,22500
2023-01-02 10:37:00,1060,1060,1060,1060,19300
2023-01-02 10:38:00,1055,1055,1060,1060,800
2023-01-02 10:39:00,1060,1060,1065,1065,434600
2023-01-02 10:40:00,1065,1065,1070,1070,52200
2023-01-02 10:41:00,1070,1065,1070,1065,3200
2023-01-02 10:42:00,1065,1065,1070,1065,453400
2023-01-02 10:43:00,1065,1060,1065,1060,45200
2023-01-02 10:44:00,1065,1060,1065,1060,53800
2023-01-02 10:45:00,1060,1060,1060,1060,18000
2023-01-02 10:46:00,1060,1060,1060,1060,0
2023-01-02 10:47:00,1065,1065,1070,1065,81300
2023-01-02 10:48:00,1070,1065,1070,1065,19400
2023-01-02 10:49:00,1065,1065,1065,1065,14900
2023-01-02 10:50:00,1065,1065,1065,1065,0
2023-01-02 10:51:00,1065,1065,1065,1065,71000
2023-01-02 10:52:00,1065,1060,1065,1060,23000
2023-01-02 10:53:00,1065,1060,1065,1060,15100
2023-01-02 10:54:00,1060,1060,1060,1060,0
2023-01-02 10:55:00,1060,1060,1060,1060,8700
2023-01-02 10:56:00,1060,1060,1060,1060,1100
2023-01-02 10:57:00,1060,1060,1065,1065,62400
2023-01-02 10:58:00,1070,1070,1070,1070,9400
2023-01-02 10:59:00,1070,1070,1070,1070,3800
2023-01-02 11:00:00,1065,1065,1070,1070,1300
2023-01-02 11:01:00,1070,1065,1075,1075,1249100
2023-01-02 11:02:00,1070,1070,1075,1075,0
2023-01-02 11:03:00,1075,1075,1075,1075,248200
2023-01-02 11:04:00,1075,1075,1080,1075,224700
2023-01-02 11:05:00,1075,1075,1080,1080,269400
2023-01-02 11:06:00,1080,1075,1080,1080,334400
2023-01-02 11:07:00,1080,1080,1085,1085,27600
2023-01-02 11:08:00,1085,1075,1085,1080,135100
2023-01-02 11:09:00,1075,1070,1075,1070,560000
2023-01-02 11:10:00,1070,1070,1075,1075,23200
2023-01-02 11:11:00,1075,1075,1075,1075,600
2023-01-02 11:12:00,1075,1070,1075,1075,105200
2023-01-02 11:13:00,1075,1070,1075,1070,14200
2023-01-02 11:14:00,1075,1075,1075,1075,5200
2023-01-02 11:15:00,1075,1070,1075,1075,200
2023-01-02 11:16:00,1075,1075,1075,1075,14600
2023-01-02 11:17:00,1075,1075,1075,1075,14400
2023-01-02 11:18:00,1070,1070,1070,1070,0
2023-01-02 11:19:00,1070,1070,1070,1070,200
2023-01-02 11:20:00,1070,1070,1070,1070,19300
2023-01-02 11:21:00,1070,1070,1070,1070,15600
2023-01-02 11:22:00,1070,1070,1070,1070,4300
2023-01-02 11:23:00,1075,1075,1075,1075,100
2023-01-02 11:24:00,1070,1070,1075,1075,10700
2023-01-02 11:25:00,1075,1065,1075,1065,351900
2023-01-02 11:26:00,1065,1065,1065,1065,19700
2023-01-02 11:27:00,1065,1060,1065,1060,743700
2023-01-02 11:28:00,1060,1060,1060,1060,60400
2023-01-02 11:29:00,1060,1060,1065,1065,34300
2023-01-02 11:30:00,0,0,0,0,0
2023-01-02 11:31:00,0,0,0,0,0
2023-01-02 11:32:00,0,0,0,0,0
2023-01-02 11:33:00,0,0,0,0,0
2023-01-02 11:34:00,0,0,0,0,0
2023-01-02 11:35:00,0,0,0,0,0
2023-01-02 11:36:00,0,0,0,0,0
2023-01-02 11:37:00,0,0,0,0,0
2023-01-02 11:38:00,0,0,0,0,0
2023-01-02 11:39:00,0,0,0,0,0
2023-01-02 11:40:00,0,0,0,0,0
2023-01-02 11:41:00,0,0,0,0,0
2023-01-02 11:42:00,0,0,0,0,0
2023-01-02 11:43:00,0,0,0,0,0
2023-01-02 11:44:00,0,0,0,0,0
2023-01-02 11:45:00,0,0,0,0,0
2023-01-02 11:46:00,0,0,0,0,0
2023-01-02 11:47:00,0,0,0,0,0
2023-01-02 11:48:00,0,0,0,0,0
2023-01-02 11:49:00,0,0,0,0,0
2023-01-02 11:50:00,0,0,0,0,0
2023-01-02 11:51:00,0,0,0,0,0
2023-01-02 11:52:00,0,0,0,0,0
2023-01-02 11:53:00,0,0,0,0,0
2023-01-02 11:54:00,0,0,0,0,0
2023-01-02 11:55:00,0,0,0,0,0
2023-01-02 11:56:00,0,0,0,0,0
2023-01-02 11:57:00,0,0,0,0,0
2023-01-02 11:58:00,0,0,0,0,0
2023-01-02 11:59:00,0,0,0,0,0
2023-01-02 12:00:00,0,0,0,0,0
2023-01-02 12:01:00,0,0,0,0,0
2023-01-02 12:02:00,0,0,0,0,0
2023-01-02 12:03:00,0,0,0,0,0
2023-01-02 12:04:00,0,0,0,0,0
2023-01-02 12:05:00,0,0,0,0,0
2023-01-02 12:06:00,0,0,0,0,0
2023-01-02 12:07:00,0,0,0,0,0
2023-01-02 12:08:00,0,0,0,0,0
2023-01-02 12:09:00,0,0,0,0,0
2023-01-02 12:10:00,0,0,0,0,0
2023-01-02 12:11:00,0,0,0,0,0
2023-01-02 12:12:00,0,0,0,0,0
2023-01-02 12:13:00,0,0,0,0,0
2023-01-02 12:14:00,0,0,0,0,0
2023-01-02 12:15:00,0,0,0,0,0
2023-01-02 12:16:00,0,0,0,0,0
2023-01-02 12:17:00,0,0,0,0,0
2023-01-02 12:18:00,0,0,0,0,0
2023-01-02 12:19:00,0,0,0,0,0
2023-01-02 12:20:00,0,0,0,0,0
2023-01-02 12:21:00,0,0,0,0,0
2023-01-02 12:22:00,0,0,0,0,0
2023-01-02 12:23:00,0,0,0,0,0
2023-01-02 12:24:00,0,0,0,0,0
2023-01-02 12:25:00,0,0,0,0,0
2023-01-02 12:26:00,0,0,0,0,0
2023-01-02 12:27:00,0,0,0,0,0
2023-01-02 12:28:00,0,0,0,0,0
2023-01-02 12:29:00,0,0,0,0,0
2023-01-02 12:30:00,0,0,0,0,0
2023-01-02 12:31:00,0,0,0,0,0
2023-01-02 12:32:00,0,0,0,0,0
2023-01-02 12:33:00,0,0,0,0,0
2023-01-02 12:34:00,0,0,0,0,0
2023-01-02 12:35:00,0,0,0,0,0
2023-01-02 12:36:00,0,0,0,0,0
2023-01-02 12:37:00,0,0,0,0,0
2023-01-02 12:38:00,0,0,0,0,0
2023-01-02 12:39:00,0,0,0,0,0
2023-01-02 12:40:00,0,0,0,0,0
2023-01-02 12:41:00,0,0,0,0,0
2023-01-02 12:42:00,0,0,0,0,0
2023-01-02 12:43:00,0,0,0,0,0
2023-01-02 12:44:00,0,0,0,0,0
2023-01-02 12:45:00,0,0,0,0,0
2023-01-02 12:46:00,0,0,0,0,0
2023-01-02 12:47:00,0,0,0,0,0
2023-01-02 12:48:00,0,0,0,0,0
2023-01-02 12:49:00,0,0,0,0,0
2023-01-02 12:50:00,0,0,0,0,0
2023-01-02 12:51:00,0,0,0,0,0
2023-01-02 12:52:00,0,0,0,0,0
2023-01-02 12:53:00,0,0,0,0,0
2023-01-02 12:54:00,0,0,0,0,0
2023-01-02 12:55:00,0,0,0,0,0
2023-01-02 12:56:00,0,0,0,0,0
2023-01-02 12:57:00,0,0,0,0,0
2023-01-02 12:58:00,0,0,0,0,0
2023-01-02 12:59:00,0,0,0,0,0
2023-01-02 13:00:00,0,0,0,0,0
2023-01-02 13:01:00,0,0,0,0,0
2023-01-02 13:02:00,0,0,0,0,0
2023-01-02 13:03:00,0,0,0,0,0
2023-01-02 13:04:00,0,0,0,0,0
2023-01-02 13:05:00,0,0,0,0,0
2023-01-02 13:06:00,0,0,0,0,0
2023-01-02 13:07:00,0,0,0,0,0
2023-01-02 13:08:00,0,0,0,0,0
2023-01-02 13:09:00,0,0,0,0,0
2023-01-02 13:10:00,0,0,0,0,0
2023-01-02 13:11:00,0,0,0,0,0
2023-01-02 13:12:00,0,0,0,0,0
2023-01-02 13:13:00,0,0,0,0,0
2023-01-02 13:14:00,0,0,0,0,0
2023-01-02 13:15:00,0,0,0,0,0
2023-01-02 13:16:00,0,0,0,0,0
2023-01-02 13:17:00,0,0,0,0,0
2023-01-02 13:18:00,0,0,0,0,0
2023-01-02 13:19:00,0,0,0,0,0
2023-01-02 13:20:00,0,0,0,0,0
2023-01-02 13:21:00,0,0,0,0,0
2023-01-02 13:22:00,0,0,0,0,0
2023-01-02 13:23:00,0,0,0,0,0
2023-01-02 13:24:00,0,0,0,0,0
2023-01-02 13:25:00,0,0,0,0,0
2023-01-02 13:26:00,0,0,0,0,0
2023-01-02 13:27:00,0,0,0,0,0
2023-01-02 13:28:00,0,0,0,0,0
2023-01-02 13:29:00,0,0,0,0,0
2023-01-02 13:30:00,1065,1060,1065,1060,181800
2023-01-02 13:31:00,1060,1060,1065,1065,4700
2023-01-02 13:32:00,1065,1065,1065,1065,300
2023-01-02 13:33:00,1065,1060,1065,1060,15800
2023-01-02 13:34:00,1065,1060,1065,1065,9200
2023-01-02 13:35:00,1065,1060,1065,1065,120400
2023-01-02 13:36:00,1065,1060,1065,1060,3700
2023-01-02 13:37:00,0,0,0,0,0
2023-01-02 13:38:00,1060,1060,1065,1060,11300
2023-01-02 13:39:00,1060,1060,1065,1065,32900
2023-01-02 13:40:00,1065,1060,1065,1060,7900
2023-01-02 13:41:00,1065,1060,1065,1065,13300
2023-01-02 13:42:00,1065,1065,1065,1065,13400
2023-01-02 13:43:00,1065,1065,1065,1065,4300
2023-01-02 13:44:00,1060,1060,1065,1065,22600
2023-01-02 13:45:00,1065,1060,1065,1065,40800
2023-01-02 13:46:00,1065,1065,1065,1065,1300
2023-01-02 13:47:00,1065,1065,1065,1065,6000
2023-01-02 13:48:00,1065,1065,1065,1065,38500
2023-01-02 13:49:00,1065,1060,1065,1060,62000
2023-01-02 13:50:00,1060,1060,1065,1065,147300
2023-01-02 13:51:00,1065,1060,1065,1060,12100
2023-01-02 13:52:00,1060,1060,1060,1060,1200
2023-01-02 13:53:00,1065,1060,1065,1065,68400
2023-01-02 13:54:00,1060,1060,1060,1060,99800
2023-01-02 13:55:00,1060,1060,1060,1060,0
2023-01-02 13:56:00,0,0,0,0,0
2023-01-02 13:57:00,1060,1060,1060,1060,300
2023-01-02 13:58:00,1060,1060,1065,1065,25900
2023-01-02 13:59:00,1065,1060,1065,1065,50900
2023-01-02 14:00:00,1065,1065,1065,1065,93400
2023-01-02 14:01:00,1070,1070,1070,1070,8100
2023-01-02 14:02:00,1070,1070,1070,1070,0
2023-01-02 14:03:00,0,0,0,0,0
2023-01-02 14:04:00,1070,1065,1070,1065,92000
2023-01-02 14:05:00,1065,1065,1070,1070,8900
2023-01-02 14:06:00,1070,1065,1070,1065,101100
2023-01-02 14:07:00,1070,1065,1070,1070,47500
2023-01-02 14:08:00,1070,1070,1070,1070,0
2023-01-02 14:09:00,1070,1070,1070,1070,51000
2023-01-02 14:10:00,0,0,0,0,0
2023-01-02 14:11:00,1070,1065,1070,1065,5700
2023-01-02 14:12:00,1065,1065,1065,1065,0
2023-01-02 14:13:00,1065,1065,1065,1065,1000
2023-01-02 14:14:00,1065,1065,1070,1065,3100
2023-01-02 14:15:00,0,0,0,0,0
2023-01-02 14:16:00,1065,1065,1065,1065,64000
2023-01-02 14:17:00,1065,1065,1070,1070,0
2023-01-02 14:18:00,1070,1065,1070,1065,3500
2023-01-02 14:19:00,1065,1065,1065,1065,500
2023-01-02 14:20:00,1070,1070,1070,1070,0
2023-01-02 14:21:00,1065,1065,1065,1065,2400
2023-01-02 14:22:00,1065,1065,1070,1070,361700
2023-01-02 14:23:00,1065,1065,1070,1065,0
2023-01-02 14:24:00,1065,1065,1065,1065,4900
2023-01-02 14:25:00,1070,1070,1070,1070,0
2023-01-02 14:26:00,1070,1065,1070,1065,9000
2023-01-02 14:27:00,1065,1065,1065,1065,146000
2023-01-02 14:28:00,1065,1065,1065,1065,0
2023-01-02 14:29:00,1065,1065,1065,1065,1100
2023-01-02 14:30:00,1065,1065,1065,1065,45500
2023-01-02 14:31:00,1065,1065,1070,1070,66500
2023-01-02 14:32:00,1070,1065,1070,1065,6800
2023-01-02 14:33:00,1065,1065,1065,1065,4800
2023-01-02 14:34:00,0,0,0,0,0
2023-01-02 14:35:00,1065,1065,1065,1065,34800
2023-01-02 14:36:00,1065,1065,1065,1065,91500
2023-01-02 14:37:00,1065,1065,1070,1065,128200
2023-01-02 14:38:00,1065,1060,1065,1060,40200
2023-01-02 14:39:00,0,0,0,0,0
2023-01-02 14:40:00,1065,1065,1065,1065,24200
2023-01-02 14:41:00,1065,1065,1065,1065,0
2023-01-02 14:42:00,1065,1065,1065,1065,198500
2023-01-02 14:43:00,1060,1060,1065,1065,0
2023-01-02 14:44:00,1065,1065,1065,1065,41900
2023-01-02 14:45:00,1065,1065,1065,1065,81600
2023-01-02 14:46:00,1065,1060,1065,1060,97900
2023-01-02 14:47:00,1065,1065,1065,1065,0
2023-01-02 14:48:00,1060,1060,1065,1065,62600
2023-01-02 14:49:00,1065,1060,1065,1060,66900
2023-01-02 14:50:00,0,0,0,0,0
2023-01-02 14:51:00,0,0,0,0,0
2023-01-02 14:52:00,0,0,0,0,0
2023-01-02 14:53:00,0,0,0,0,0
2023-01-02 14:54:00,0,0,0,0,0
2023-01-02 14:55:00,0,0,0,0,0
2023-01-02 14:56:00,0,0,0,0,0
2023-01-02 14:57:00,0,0,0,0,0
2023-01-02 14:58:00,0,0,0,0,0
2023-01-02 14:59:00,0,0,0,0,0
2023-01-02 15:00:00,1070,1070,1070,1070,586300
2023-01-02 15:01:00,1070,1070,1070,1070,11500
2023-01-02 15:02:00,1070,1070,1070,1070,10700
2023-01-02 15:03:00,1070,1070,1070,1070,18300
2023-01-02 15:04:00,1070,1070,1070,1070,0
2023-01-02 15:05:00,1070,1070,1070,1070,1100
2023-01-02 15:06:00,0,0,0,0,0
2023-01-02 15:07:00,1070,1070,1070,1070,1500
2023-01-02 15:08:00,1070,1070,1070,1070,3000
2023-01-02 15:09:00,1070,1070,1070,1070,80500
2023-01-02 15:10:00,1070,1070,1070,1070,100
2023-01-02 15:11:00,1070,1070,1070,1070,500
2023-01-02 15:12:00,1070,1070,1070,1070,20500
2023-01-02 15:13:00,1070,1070,1070,1070,3600
2023-01-02 15:14:00,1070,1070,1070,1070,23667800
2023-01-02 15:15:00,0,0,0,0,0
2023-01-02 15:16:00,0,0,0,0,0
2023-01-02 15:17:00,0,0,0,0,0
2023-01-02 15:18:00,0,0,0,0,0
2023-01-02 15:19:00,0,0,0,0,0
2023-01-02 15:20:00,0,0,0,0,0
2023-01-02 15:21:00,0,0,0,0,0
2023-01-02 15:22:00,0,0,0,0,0
2023-01-02 15:23:00,0,0,0,0,0
2023-01-02 15:24:00,0,0,0,0,0
2023-01-02 15:25:00,0,0,0,0,0
2023-01-02 15:26:00,0,0,0,0,0
2023-01-02 15:27:00,0,0,0,0,0
2023-01-02 15:28:00,0,0,0,0,0
2023-01-02 15:29:00,0,0,0,0,0
2023-01-02 15:30:00,0,0,0,0,0
2023-01-02 15:31:00,0,0,0,0,0
2023-01-02 15:32:00,0,0,0,0,0
2023-01-02 15:33:00,0,0,0,0,0
2023-01-02 15:34:00,0,0,0,0,0
2023-01-02 15:35:00,0,0,0,0,0
2023-01-02 15:36:00,0,0,0,0,0
2023-01-02 15:37:00,0,0,0,0,0
2023-01-02 15:38:00,0,0,0,0,0
2023-01-02 15:39:00,0,0,0,0,0
2023-01-02 15:40:00,0,0,0,0,0
2023-01-02 15:41:00,0,0,0,0,0
2023-01-02 15:42:00,0,0,0,0,0
2023-01-02 15:43:00,0,0,0,0,0
2023-01-02 15:44:00,0,0,0,0,0
2023-01-02 15:45:00,0,0,0,0,0
2023-01-02 15:46:00,0,0,0,0,0
2023-01-02 15:47:00,0,0,0,0,0
2023-01-02 15:48:00,0,0,0,0,0
2023-01-02 15:49:00,0,0,0,0,0
2023-01-02 15:50:00,0,0,0,0,0
2023-01-02 15:51:00,0,0,0,0,0
2023-01-02 15:52:00,0,0,0,0,0
2023-01-02 15:53:00,0,0,0,0,0
2023-01-02 15:54:00,0,0,0,0,0
2023-01-02 15:55:00,0,0,0,0,0
2023-01-02 15:56:00,0,0,0,0,0
2023-01-02 15:57:00,0,0,0,0,0
2023-01-02 15:58:00,0,0,0,0,0
2023-01-02 15:59:00,0,0,0,0,0
2023-01-03 09:00:00,1030,1030,1070,1065,0
2023-01-03 09:01:00,1065,1055,1065,1055,315400
2023-01-03 09:02:00,1055,1055,1060,1060,56000
2023-01-03 09:03:00,1055,1050,1055,1055,53900
2023-01-03 09:04:00,1055,1050,1055,1055,140700
2023-01-03 09:05:00,1055,1050,1055,1055,79800
2023-01-03 09:06:00,1055,1050,1055,1055,20900
2023-01-03 09:07:00,1050,1050,1060,1060,107700
2023-01-03 09:08:00,1055,1055,1060,1055,100
2023-01-03 09:09:00,1055,1055,1055,1055,900
2023-01-03 09:10:00,1055,1055,1055,1055,182700
2023-01-03 09:11:00,1055,1055,1055,1055,16800
2023-01-03 09:12:00,1055,1055,1055,1055,58800
2023-01-03 09:13:00,1055,1055,1055,1055,19500
2023-01-03 09:14:00,1055,1050,1055,1050,15700
2023-01-03 09:15:00,1050,1050,1055,1055,21600
2023-01-03 09:16:00,1055,1055,1055,1055,1300
2023-01-03 09:17:00,1060,1060,1060,1060,3500
2023-01-03 09:18:00,1055,1055,1055,1055,80200
2023-01-03 09:19:00,1055,1050,1055,1055,0
2023-01-03 09:20:00,1055,1055,1060,1060,134500
2023-01-03 09:21:00,1060,1060,1060,1060,400
2023-01-03 09:22:00,1060,1055,1060,1055,15200
2023-01-03 09:23:00,1055,1055,1060,1055,84300
2023-01-03 09:24:00,1060,1060,1060,1060,254200
2023-01-03 09:25:00,1065,1065,1065,1065,0
2023-01-03 09:26:00,1065,1065,1065,1065,9500
2023-01-03 09:27:00,1065,1060,1065,1065,3900
2023-01-03 09:28:00,1065,1060,1065,1060,0
2023-01-03 09:29:00,1065,1065,1065,1065,43200
2023-01-03 09:30:00,1065,1065,1065,1065,1600
2023-01-03 09:31:00,1065,1060,1065,1060,3000
2023-01-03 09:32:00,1065,1060,1065,1065,3100
2023-01-03 09:33:00,1065,1065,1065,1065,2300
2023-01-03 09:34:00,1065,1065,1065,1065,200
2023-01-03 09:35:00,1065,1065,1065,1065,15400
2023-01-03 09:36:00,1065,1060,1065,1060,800
2023-01-03 09:37:00,1065,1065,1065,1065,5200
2023-01-03 09:38:00,1060,1060,1060,1060,321900
2023-01-03 09:39:00,1055,1055,1055,1055,102600
2023-01-03 09:40:00,1055,1055,1055,1055,600
2023-01-03 09:41:00,1055,1055,1055,1055,5800
2023-01-03 09:42:00,1055,1055,1055,1055,0
2023-01-03 09:43:00,1055,1055,1055,1055,122900
2023-01-03 09:44:00,1055,1055,1055,1055,9700
2023-01-03 09:45:00,1055,1050,1055,1050,6300
2023-01-03 09:46:00,1050,1050,1050,1050,4000
2023-01-03 09:47:00,0,0,0,0,0
2023-01-03 09:48:00,1055,1055,1055,1055,132300
2023-01-03 09:49:00,1055,1055,1055,1055,96600
2023-01-03 09:50:00,1055,1055,1055,1055,103800
2023-01-03 09:51:00,0,0,0,0,0
2023-01-03 09:52:00,1050,1050,1050,1050,0
2023-01-03 09:53:00,1050,1050,1055,1055,57500
2023-01-03 09:54:00,1055,1050,1055,1050,62200
2023-01-03 09:55:00,1055,1055,1055,1055,0
2023-01-03 09:56:00,1055,1055,1055,1055,200
2023-01-03 09:57:00,1055,1055,1055,1055,36400
2023-01-03 09:58:00,1055,1055,1055,1055,0
2023-01-03 09:59:00,0,0,0,0,0
2023-01-03 10:00:00,1055,1055,1055,1055,19600
2023-01-03 10:01:00,1055,1055,1055,1055,0
2023-01-03 10:02:00,1055,1055,1055,1055,3000
2023-01-03 10:03:00,1055,1050,1055,1050,99700
2023-01-03 10:04:00,1060,1055,1060,1055,32300
2023-01-03 10:05:00,1055,1055,1060,1055,17100
2023-01-03 10:06:00,1055,1055,1060,1060,11400
2023-01-03 10:07:00,1060,1060,1060,1060,200
2023-01-03 10:08:00,1060,1060,1060,1060,400
2023-01-03 10:09:00,0,0,0,0,0
2023-01-03 10:10:00,1055,1055,1055,1055,200
2023-01-03 10:11:00,0,0,0,0,0
2023-01-03 10:12:00,1055,1055,1055,1055,3300
2023-01-03 10:13:00,1055,1055,1055,1055,23900
2023-01-03 10:14:00,1060,1060,1060,1060,0
2023-01-03 10:15:00,0,0,0,0,0
2023-01-03 10:16:00,1060,1060,1060,1060,18700
2023-01-03 10:17:00,0,0,0,0,0
2023-01-03 10:18:00,0,0,0,0,0
2023-01-03 10:19:00,1060,1060,1060,1060,0
2023-01-03 10:20:00,1055,1055,1055,1055,109000
2023-01-03 10:21:00,1055,1055,1055,1055,2000
2023-01-03 10:22:00,1050,1050,1055,1055,32900
2023-01-03 10:23:00,1055,1055,1055,1055,21800
2023-01-03 10:24:00,0,0,0,0,0
2023-01-03 10:25:00,1050,1050,1050,1050,30000
2023-01-03 10:26:00,1050,1050,1050,1050,17500
2023-01-03 10:27:00,1050,1050,1050,1050,3300
2023-01-03 10:28:00,1055,1050,1055,1050,12900
2023-01-03 10:29:00,1050,1050,1050,1050,3500
2023-01-03 10:30:00,1050,1050,1055,1055,13600
2023-01-03 10:31:00,1050,1050,1055,1055,45000
2023-01-03 10:32:00,0,0,0,0,0
2023-01-03 10:33:00,0,0,0,0,0
2023-01-03 10:34:00,1060,1060,1060,1060,14900
2023-01-03 10:35:00,0,0,0,0,0
2023-01-03 10:36:00,1060,1060,1060,1060,300
2023-01-03 10:37:00,1060,1060,1060,1060,800
2023-01-03 10:38:00,1055,1055,1055,1055,11600
2023-01-03 10:39:00,1055,1055,1055,1055,900
2023-01-03 10:40:00,1055,1055,1060,1060,118300
2023-01-03 10:41:00,1060,1060,1065,1065,121100
2023-01-03 10:42:00,1070,1070,1070,1070,0
2023-01-03 10:43:00,1070,1070,1070,1070,3900
2023-01-03 10:44:00,1070,1065,1070,1065,3200
2023-01-03 10:45:00,1065,1065,1065,1065,200
2023-01-03 10:46:00,1065,1065,1070,1070,150000
2023-01-03 10:47:00,0,0,0,0,0
2023-01-03 10:48:00,1065,1065,1065,1065,900
2023-01-03 10:49:00,1060,1060,1060,1060,500
2023-01-03 10:50:00,1060,1060,1060,1060,38000
2023-01-03 10:51:00,1060,1060,1060,1060,103500
2023-01-03 10:52:00,1060,1060,1060,1060,400
2023-01-03 10:53:00,0,0,0,0,0
2023-01-03 10:54:00,1055,1055,1055,1055,541100
2023-01-03 10:55:00,1055,1055,1055,1055,100000
2023-01-03 10:56:00,1055,1050,1055,1055,0
2023-01-03 10:57:00,1055,1055,1055,1055,2700
2023-01-03 10:58:00,1055,1050,1055,1050,2900
2023-01-03 10:59:00,1050,1050,1055,1055,7600
2023-01-03 11:00:00,1055,1055,1055,1055,300
2023-01-03 11:01:00,0,0,0,0,0
2023-01-03 11:02:00,0,0,0,0,0
2023-01-03 11:03:00,1055,1055,1055,1055,1200
2023-01-03 11:04:00,1055,1055,1055,1055,0
2023-01-03 11:05:00,1055,1055,1055,1055,120500
2023-01-03 11:06:00,1055,1055,1055,1055,1000
2023-01-03 11:07:00,1055,1055,1055,1055,4000
2023-01-03 11:08:00,1055,1055,1055,1055,7500
2023-01-03 11:09:00,1055,1055,1055,1055,8000
2023-01-03 11:10:00,1055,1055,1060,1060,3800
2023-01-03 11:11:00,0,0,0,0,0
2023-01-03 11:12:00,1055,1055,1055,1055,3600
2023-01-03 11:13:00,0,0,0,0,0
2023-01-03 11:14:00,1055,1055,1055,1055,400
2023-01-03 11:15:00,0,0,0,0,0
2023-01-03 11:16:00,1055,1055,1055,1055,2800
2023-01-03 11:17:00,0,0,0,0,0
2023-01-03 11:18:00,1060,1060,1060,1060,111900
2023-01-03 11:19:00,1060,1060,1060,1060,0
2023-01-03 11:20:00,1065,1065,1065,1065,0
2023-01-03 11:21:00,1065,1065,1065,1065,40200
2023-01-03 11:22:00,1060,1060,1060,1060,0
2023-01-03 11:23:00,1060,1060,1060,1060,1200
2023-01-03 11:24:00,1060,1060,1060,1060,0
2023-01-03 11:25:00,1060,1060,1060,1060,24400
2023-01-03 11:26:00,1060,1060,1060,1060,0
2023-01-03 11:27:00,1060,1060,1060,1060,15400
2023-01-03 11:28:00,1060,1060,1060,1060,12600
2023-01-03 11:29:00,1060,1060,1060,1060,25300
2023-01-03 11:30:00,0,0,0,0,0
2023-01-03 11:31:00,0,0,0,0,0
2023-01-03 11:32:00,0,0,0,0,0
2023-01-03 11:33:00,0,0,0,0,0
2023-01-03 11:34:00,0,0,0,0,0
2023-01-03 11:35:00,0,0,0,0,0
2023-01-03 11:36:00,0,0,0,0,0
2023-01-03 11:37:00,0,0,0,0,0
2023-01-03 11:38:00,0,0,0,0,0
2023-01-03 11:39:00,0,0,0,0,0
2023-01-03 11:40:00,0,0,0,0,0
2023-01-03 11:41:00,0,0,0,0,0
2023-01-03 11:42:00,0,0,0,0,0
2023-01-03 11:43:00,0,0,0,0,0
2023-01-03 11:44:00,0,0,0,0,0
2023-01-03 11:45:00,0,0,0,0,0
2023-01-03 11:46:00,0,0,0,0,0
2023-01-03 11:47:00,0,0,0,0,0
2023-01-03 11:48:00,0,0,0,0,0
2023-01-03 11:49:00,0,0,0,0,0
2023-01-03 11:50:00,0,0,0,0,0
2023-01-03 11:51:00,0,0,0,0,0
2023-01-03 11:52:00,0,0,0,0,0
2023-01-03 11:53:00,0,0,0,0,0
2023-01-03 11:54:00,0,0,0,0,0
2023-01-03 11:55:00,0,0,0,0,0
2023-01-03 11:56:00,0,0,0,0,0
2023-01-03 11:57:00,0,0,0,0,0
2023-01-03 11:58:00,0,0,0,0,0
2023-01-03 11:59:00,0,0,0,0,0
2023-01-03 12:00:00,0,0,0,0,0
2023-01-03 12:01:00,0,0,0,0,0
2023-01-03 12:02:00,0,0,0,0,0
2023-01-03 12:03:00,0,0,0,0,0
2023-01-03 12:04:00,0,0,0,0,0
2023-01-03 12:05:00,0,0,0,0,0
2023-01-03 12:06:00,0,0,0,0,0
2023-01-03 12:07:00,0,0,0,0,0
2023-01-03 12:08:00,0,0,0,0,0
2023-01-03 12:09:00,0,0,0,0,0
2023-01-03 12:10:00,0,0,0,0,0
2023-01-03 12:11:00,0,0,0,0,0
2023-01-03 12:12:00,0,0,0,0,0
2023-01-03 12:13:00,0,0,0,0,0
2023-01-03 12:14:00,0,0,0,0,0
2023-01-03 12:15:00,0,0,0,0,0
2023-01-03 12:16:00,0,0,0,0,0
2023-01-03 12:17:00,0,0,0,0,0
2023-01-03 12:18:00,0,0,0,0,0
2023-01-03 12:19:00,0,0,0,0,0
2023-01-03 12:20:00,0,0,0,0,0
2023-01-03 12:21:00,0,0,0,0,0
2023-01-03 12:22:00,0,0,0,0,0
2023-01-03 12:23:00,0,0,0,0,0
2023-01-03 12:24:00,0,0,0,0,0
2023-01-03 12:25:00,0,0,0,0,0
2023-01-03 12:26:00,0,0,0,0,0
2023-01-03 12:27:00,0,0,0,0,0
2023-01-03 12:28:00,0,0,0,0,0
2023-01-03 12:29:00,0,0,0,0,0
2023-01-03 12:30:00,0,0,0,0,0
2023-01-03 12:31:00,0,0,0,0,0
2023-01-03 12:32:00,0,0,0,0,0
2023-01-03 12:33:00,0,0,0,0,0
2023-01-03 12:34:00,0,0,0,0,0
2023-01-03 12:35:00,0,0,0,0,0
2023-01-03 12:36:00,0,0,0,0,0
2023-01-03 12:37:00,0,0,0,0,0
2023-01-03 12:38:00,0,0,0,0,0
2023-01-03 12:39:00,0,0,0,0,0
2023-01-03 12:40:00,0,0,0,0,0
2023-01-03 12:41:00,0,0,0,0,0
2023-01-03 12:42:00,0,0,0,0,0
2023-01-03 12:43:00,0,0,0,0,0
2023-01-03 12:44:00,0,0,0,0,0
2023-01-03 12:45:00,0,0,0,0,0
2023-01-03 12:46:00,0,0,0,0,0
2023-01-03 12:47:00,0,0,0,0,0
2023-01-03 12:48:00,0,0,0,0,0
2023-01-03 12:49:00,0,0,0,0,0
2023-01-03 12:50:00,0,0,0,0,0
2023-01-03 12:51:00,0,0,0,0,0
2023-01-03 12:52:00,0,0,0,0,0
2023-01-03 12:53:00,0,0,0,0,0
2023-01-03 12:54:00,0,0,0,0,0
2023-01-03 12:55:00,0,0,0,0,0
2023-01-03 12:56:00,0,0,0,0,0
2023-01-03 12:57:00,0,0,0,0,0
2023-01-03 12:58:00,0,0,0,0,0
2023-01-03 12:59:00,0,0,0,0,0
2023-01-03 13:00:00,0,0,0,0,0
2023-01-03 13:01:00,0,0,0,0,0
2023-01-03 13:02:00,0,0,0,0,0
2023-01-03 13:03:00,0,0,0,0,0
2023-01-03 13:04:00,0,0,0,0,0
2023-01-03 13:05:00,0,0,0,0,0
2023-01-03 13:06:00,0,0,0,0,0
2023-01-03 13:07:00,0,0,0,0,0
2023-01-03 13:08:00,0,0,0,0,0
2023-01-03 13:09:00,0,0,0,0,0
2023-01-03 13:10:00,0,0,0,0,0
2023-01-03 13:11:00,0,0,0,0,0
2023-01-03 13:12:00,0,0,0,0,0
2023-01-03 13:13:00,0,0,0,0,0
2023-01-03 13:14:00,0,0,0,0,0
2023-01-03 13:15:00,0,0,0,0,0
2023-01-03 13:16:00,0,0,0,0,0
2023-01-03 13:17:00,0,0,0,0,0
2023-01-03 13:18:00,0,0,0,0,0
2023-01-03 13:19:00,0,0,0,0,0
2023-01-03 13:20:00,0,0,0,0,0
2023-01-03 13:21:00,0,0,0,0,0
2023-01-03 13:22:00,0,0,0,0,0
2023-01-03 13:23:00,0,0,0,0,0
2023-01-03 13:24:00,0,0,0,0,0
2023-01-03 13:25:00,0,0,0,0,0
2023-01-03 13:26:00,0,0,0,0,0
2023-01-03 13:27:00,0,0,0,0,0
2023-01-03 13:28:00,0,0,0,0,0
2023-01-03 13:29:00,0,0,0,0,0
2023-01-03 13:30:00,1060,1055,1060,1055,17900
2023-01-03 13:31:00,1055,1055,1055,1055,11000
2023-01-03 13:32:00,0,0,0,0,0
2023-01-03 13:33:00,1055,1055,1060,1060,115600
2023-01-03 13:34:00,1060,1060,1060,1060,0
2023-01-03 13:35:00,0,0,0,0,0
2023-01-03 13:36:00,0,0,0,0,0
2023-01-03 13:37:00,1060,1060,1060,1060,1100
2023-01-03 13:38:00,1060,1060,1060,1060,2500
2023-01-03 13:39:00,1060,1060,1060,1060,0
2023-01-03 13:40:00,1060,1060,1060,1060,1000
2023-01-03 13:41:00,1055,1055,1055,1055,500
2023-01-03 13:42:00,1055,1055,1055,1055,1500
2023-01-03 13:43:00,1055,1055,1055,1055,2800
2023-01-03 13:44:00,0,0,0,0,0
2023-01-03 13:45:00,1060,1060,1060,1060,0
2023-01-03 13:46:00,1055,1055,1055,1055,12300
2023-01-03 13:47:00,1055,1055,1055,1055,1400
2023-01-03 13:48:00,1055,1055,1060,1055,76800
2023-01-03 13:49:00,1050,1050,1050,1050,17400
2023-01-03 13:50:00,1050,1050,1050,1050,41600
2023-01-03 13:51:00,1050,1050,1055,1050,83000
2023-01-03 13:52:00,1050,1050,1050,1050,74500
2023-01-03 13:53:00,0,0,0,0,0
2023-01-03 13:54:00,1050,1050,1055,1055,6900
2023-01-03 13:55:00,1055,1055,1055,1055,3400
2023-01-03 13:56:00,1055,1050,1055,1050,30100
2023-01-03 13:57:00,1050,1050,1050,1050,0
2023-01-03 13:58:00,1050,1050,1050,1050,137000
2023-01-03 13:59:00,1055,1045,1055,1045,55300
2023-01-03 14:00:00,1045,1045,1050,1045,3800
2023-01-03 14:01:00,1050,1045,1050,1045,212300
2023-01-03 14:02:00,1045,1045,1050,1050,36900
2023-01-03 14:03:00,1045,1045,1045,1045,19400
2023-01-03 14:04:00,1045,1045,1045,1045,46200
2023-01-03 14:05:00,1045,1045,1045,1045,11800
2023-01-03 14:06:00,1045,1045,1045,1045,22800
2023-01-03 14:07:00,1045,1045,1045,1045,0
2023-01-03 14:08:00,1045,1045,1045,1045,15500
2023-01-03 14:09:00,1045,1045,1045,1045,130500
2023-01-03 14:10:00,1045,1045,1050,1045,19700
2023-01-03 14:11:00,1045,1040,1045,1045,80600
2023-01-03 14:12:00,1045,1045,1045,1045,13400
2023-01-03 14:13:00,1045,1045,1045,1045,1800
2023-01-03 14:14:00,0,0,0,0,0
2023-01-03 14:15:00,1045,1045,1050,1045,300
2023-01-03 14:16:00,1045,1045,1045,1045,3700
2023-01-03 14:17:00,0,0,0,0,0
2023-01-03 14:18:00,1045,1045,1045,1045,4500
2023-01-03 14:19:00,1050,1045,1050,1045,0
2023-01-03 14:20:00,1045,1045,1050,1050,2300
2023-01-03 14:21:00,1050,1045,1050,1045,700
2023-01-03 14:22:00,1045,1045,1045,1045,200
2023-01-03 14:23:00,0,0,0,0,0
2023-01-03 14:24:00,1050,1050,1050,1050,200
2023-01-03 14:25:00,0,0,0,0,0
2023-01-03 14:26:00,1050,1045,1050,1045,11500
2023-01-03 14:27:00,1050,1045,1050,1045,30400
2023-01-03 14:28:00,1045,1040,1045,1040,107000
2023-01-03 14:29:00,1040,1040,1040,1040,78600
2023-01-03 14:30:00,1045,1040,1045,1040,108700
2023-01-03 14:31:00,1040,1040,1045,1045,113400
2023-01-03 14:32:00,1040,1040,1045,1045,0
2023-01-03 14:33:00,1040,1040,1040,1040,26300
2023-01-03 14:34:00,1040,1040,1040,1040,2300
2023-01-03 14:35:00,1045,1040,1045,1045,1700
2023-01-03 14:36:00,1045,1040,1045,1040,18500
2023-01-03 14:37:00,1040,1040,1040,1040,14700
2023-01-03 14:38:00,1040,1040,1045,1040,7600
2023-01-03 14:39:00,1040,1040,1040,1040,28400
2023-01-03 14:40:00,1040,1040,1040,1040,11200
2023-01-03 14:41:00,1040,1040,1045,1040,47300
2023-01-03 14:42:00,1040,1040,1045,1045,64100
2023-01-03 14:43:00,1045,1045,1045,1045,900
2023-01-03 14:44:00,1040,1040,1045,1045,30500
2023-01-03 14:45:00,1045,1040,1045,1040,21600
2023-01-03 14:46:00,1040,1040,1040,1040,14900
2023-01-03 14:47:00,1040,1040,1045,1045,49900
2023-01-03 14:48:00,1045,1040,1045,1045,20500
2023-01-03 14:49:00,1045,1045,1045,1045,95100
2023-01-03 14:50:00,0,0,0,0,0
2023-01-03 14:51:00,0,0,0,0,0
2023-01-03 14:52:00,0,0,0,0,0
2023-01-03 14:53:00,0,0,0,0,0
2023-01-03 14:54:00,0,0,0,0,0
2023-01-03 14:55:00,0,0,0,0,0
2023-01-03 14:56:00,0,0,0,0,0
2023-01-03 14:57:00,0,0,0,0,0
2023-01-03 14:58:00,0,0,0,0,0
2023-01-03 14:59:00,0,0,0,0,0
2023-01-03 15:00:00,1045,1045,1045,1045,512700
2023-01-03 15:01:00,1045,1045,1045,1045,30900
2023-01-03 15:02:00,0,0,0,0,0
2023-01-03 15:03:00,1045,1045,1045,1045,8600
2023-01-03 15:04:00,0,0,0,0,0
2023-01-03 15:05:00,1045,1045,1045,1045,1000
2023-01-03 15:06:00,0,0,0,0,0
2023-01-03 15:07:00,0,0,0,0,0
2023-01-03 15:08:00,0,0,0,0,0
2023-01-03 15:09:00,1045,1045,1045,1045,11600
2023-01-03 15:10:00,0,0,0,0,0
2023-01-03 15:11:00,1045,1045,1045,1045,7800
2023-01-03 15:12:00,1045,1045,1045,1045,1600
2023-01-03 15:13:00,0,0,0,0,0
2023-01-03 15:14:00,1045,1045,1045,1045,7769600
2023-01-03 15:15:00,0,0,0,0,0
2023-01-03 15:16:00,0,0,0,0,0
2023-01-03 15:17:00,0,0,0,0,0
2023-01-03 15:18:00,0,0,0,0,0
2023-01-03 15:19:00,0,0,0,0,0
2023-01-03 15:20:00,0,0,0,0,0
2023-01-03 15:21:00,0,0,0,0,0
2023-01-03 15:22:00,0,0,0,0,0
2023-01-03 15:23:00,0,0,0,0,0
2023-01-03 15:24:00,0,0,0,0,0
2023-01-03 15:25:00,0,0,0,0,0
2023-01-03 15:26:00,0,0,0,0,0
2023-01-03 15:27:00,0,0,0,0,0
2023-01-03 15:28:00,0,0,0,0,0
2023-01-03 15:29:00,0,0,0,0,0
2023-01-03 15:30:00,0,0,0,0,0
2023-01-03 15:31:00,0,0,0,0,0
2023-01-03 15:32:00,0,0,0,0,0
2023-01-03 15:33:00,0,0,0,0,0
2023-01-03 15:34:00,0,0,0,0,0
2023-01-03 15:35:00,0,0,0,0,0
2023-01-03 15:36:00,0,0,0,0,0
2023-01-03 15:37:00,0,0,0,0,0
2023-01-03 15:38:00,0,0,0,0,0
2023-01-03 15:39:00,0,0,0,0,0
2023-01-03 15:40:00,0,0,0,0,0
2023-01-03 15:41:00,0,0,0,0,0
2023-01-03 15:42:00,0,0,0,0,0
2023-01-03 15:43:00,0,0,0,0,0
2023-01-03 15:44:00,0,0,0,0,0
2023-01-03 15:45:00,0,0,0,0,0
2023-01-03 15:46:00,0,0,0,0,0
2023-01-03 15:47:00,0,0,0,0,0
2023-01-03 15:48:00,0,0,0,0,0
2023-01-03 15:49:00,0,0,0,0,0
2023-01-03 15:50:00,0,0,0,0,0
2023-01-03 15:51:00,0,0,0,0,0
2023-01-03 15:52:00,0,0,0,0,0
2023-01-03 15:53:00,0,0,0,0,0
2023-01-03 15:54:00,0,0,0,0,0
2023-01-03 15:55:00,0,0,0,0,0
2023-01-03 15:56:00,0,0,0,0,0
2023-01-03 15:57:00,0,0,0,0,0
2023-01-03 15:58:00,0,0,0,0,0
2023-01-03 15:59:00,0,0,0,0,0
2023-01-04 09:00:00,1040,1040,1045,1045,0
2023-01-04 09:01:00,1040,1035,1040,1035,2000
2023-01-04 09:02:00,1035,1035,1040,1040,87200
2023-01-04 09:03:00,1040,1040,1040,1040,16400
2023-01-04 09:04:00,1040,1040,1040,1040,22400
2023-01-04 09:05:00,1040,1040,1040,1040,11900
2023-01-04 09:06:00,1040,1040,1040,1040,18200
2023-01-04 09:07:00,1045,1040,1045,1040,24000
2023-01-04 09:08:00,1040,1035,1040,1040,26800
2023-01-04 09:09:00,1040,1035,1040,1035,83100
2023-01-04 09:10:00,1040,1035,1040,1035,0
2023-01-04 09:11:00,1035,1035,1040,1035,118500
2023-01-04 09:12:00,1035,1035,1035,1035,500
2023-01-04 09:13:00,1035,1035,1040,1035,246000
2023-01-04 09:14:00,1035,1035,1035,1035,0
2023-01-04 09:15:00,1040,1035,1040,1035,25300
2023-01-04 09:16:00,1035,1035,1040,1040,15100
2023-01-04 09:17:00,1040,1035,1040,1040,57100
2023-01-04 09:18:00,1035,1035,1040,1040,36300
2023-01-04 09:19:00,1040,1040,1040,1040,9800
2023-01-04 09:20:00,1040,1040,1040,1040,5800
2023-01-04 09:21:00,1040,1040,1050,1050,220600
2023-01-04 09:22:00,1050,1050,1060,1060,115400
2023-01-04 09:23:00,1060,1055,1060,1055,7200
2023-01-04 09:24:00,1055,1055,1055,1055,38700
2023-01-04 09:25:00,1050,1045,1050,1045,35700
2023-01-04 09:26:00,0,0,0,0,0
2023-01-04 09:27:00,1045,1045,1045,1045,200
2023-01-04 09:28:00,1045,1045,1045,1045,53100
2023-01-04 09:29:00,0,0,0,0,0
2023-01-04 09:30:00,1045,1045,1045,1045,2600
2023-01-04 09:31:00,1045,1045,1045,1045,51900
2023-01-04 09:32:00,1045,1045,1045,1045,71100
2023-01-04 09:33:00,1045,1045,1045,1045,6300
2023-01-04 09:34:00,1045,1045,1045,1045,27600
2023-01-04 09:35:00,1045,1045,1045,1045,48300
2023-01-04 09:36:00,1050,1050,1050,1050,1000
2023-01-04 09:37:00,1050,1050,1050,1050,9200
2023-01-04 09:38:00,1050,1045,1050,1045,16700
2023-01-04 09:39:00,1045,1045,1045,1045,0
2023-01-04 09:40:00,1050,1045,1050,1045,32800
2023-01-04 09:41:00,1045,1040,1045,1045,11700
2023-01-04 09:42:00,1045,1040,1045,1040,17900
2023-01-04 09:43:00,1045,1040,1045,1040,2600
2023-01-04 09:44:00,1045,1040,1045,1040,900
2023-01-04 09:45:00,1040,1040,1040,1040,28300
2023-01-04 09:46:00,1040,1040,1040,1040,81000
2023-01-04 09:47:00,1040,1035,1040,1035,95700
2023-01-04 09:48:00,1040,1040,1040,1040,26900
2023-01-04 09:49:00,1040,1040,1040,1040,83600
2023-01-04 09:50:00,1040,1040,1040,1040,8400
2023-01-04 09:51:00,1035,1035,1035,1035,0
2023-01-04 09:52:00,1035,1035,1035,1035,400
2023-01-04 09:53:00,1035,1035,1035,1035,6000
2023-01-04 09:54:00,1040,1035,1040,1035,1500
2023-01-04 09:55:00,1035,1035,1040,1040,11900
2023-01-04 09:56:00,1040,1035,1040,1035,3400
2023-01-04 09:57:00,1035,1035,1035,1035,1600
2023-01-04 09:58:00,1040,1040,1040,1040,1200
2023-01-04 09:59:00,0,0,0,0,0
2023-01-04 10:00:00,0,0,0,0,0
2023-01-04 10:01:00,1040,1040,1040,1040,99400
2023-01-04 10:02:00,1035,1035,1040,1040,0
2023-01-04 10:03:00,0,0,0,0,0
2023-01-04 10:04:00,1035,1035,1040,1040,18400
2023-01-04 10:05:00,1040,1035,1040,1035,3400
2023-01-04 10:06:00,1040,1040,1040,1040,53000
2023-01-04 10:07:00,1040,1040,1040,1040,1900
2023-01-04 10:08:00,1035,1035,1040,1035,4000
2023-01-04 10:09:00,1035,1035,1035,1035,5600
2023-01-04 10:10:00,1035,1035,1035,1035,2600
2023-01-04 10:11:00,1035,1035,1035,1035,2000
2023-01-04 10:12:00,1040,1040,1040,1040,202600
2023-01-04 10:13:00,1040,1040,1040,1040,2400
2023-01-04 10:14:00,1035,1035,1035,1035,0
2023-01-04 10:15:00,1040,1035,1040,1035,0
2023-01-04 10:16:00,1035,1035,1035,1035,500
2023-01-04 10:17:00,1040,1040,1040,1040,0
2023-01-04 10:18:00,0,0,0,0,0
2023-01-04 10:19:00,1035,1035,1035,1035,700
2023-01-04 10:20:00,0,0,0,0,0
2023-01-04 10:21:00,1040,1035,1040,1035,4700
2023-01-04 10:22:00,0,0,0,0,0
2023-01-04 10:23:00,1040,1040,1040,1040,71800
2023-01-04 10:24:00,0,0,0,0,0
2023-01-04 10:25:00,0,0,0,0,0
2023-01-04 10:26:00,1040,1040,1045,1045,2500
2023-01-04 10:27:00,1045,1045,1050,1045,225800
2023-01-04 10:28:00,0,0,0,0,0
2023-01-04 10:29:00,1045,1045,1045,1045,16200
2023-01-04 10:30:00,1045,1045,1050,1050,0
2023-01-04 10:31:00,1050,1045,1050,1045,2900
2023-01-04 10:32:00,1045,1045,1045,1045,3000
2023-01-04 10:33:00,1045,1045,1045,1045,90200
2023-01-04 10:34:00,0,0,0,0,0
2023-01-04 10:35:00,0,0,0,0,0
2023-01-04 10:36:00,0,0,0,0,0
2023-01-04 10:37:00,0,0,0,0,0
2023-01-04 10:38:00,0,0,0,0,0
2023-01-04 10:39:00,1045,1045,1045,1045,13700
2023-01-04 10:40:00,1045,1045,1045,1045,0
2023-01-04 10:41:00,1040,1040,1040,1040,200
2023-01-04 10:42:00,1040,1040,1040,1040,90900
2023-01-04 10:43:00,1045,1040,1045,1040,0
2023-01-04 10:44:00,0,0,0,0,0
2023-01-04 10:45:00,0,0,0,0,0
2023-01-04 10:46:00,1040,1040,1040,1040,75300
2023-01-04 10:47:00,1045,1040,1045,1040,0
2023-01-04 10:48:00,1040,1040,1045,1045,0
2023-01-04 10:49:00,1045,1045,1045,1045,0
2023-01-04 10:50:00,1045,1045,1045,1045,2100
2023-01-04 10:51:00,0,0,0,0,0
2023-01-04 10:52:00,1045,1045,1045,1045,0
2023-01-04 10:53:00,1045,1045,1045,1045,30100
2023-01-04 10:54:00,0,0,0,0,0
2023-01-04 10:55:00,0,0,0,0,0
2023-01-04 10:56:00,0,0,0,0,0
2023-01-04 10:57:00,1045,1045,1045,1045,200
2023-01-04 10:58:00,0,0,0,0,0
2023-01-04 10:59:00,0,0,0,0,0
2023-01-04 11:00:00,1040,1040,1040,1040,19900
2023-01-04 11:01:00,1040,1040,1040,1040,0
2023-01-04 11:02:00,1045,1045,1045,1045,0
2023-01-04 11:03:00,1045,1045,1045,1045,1400
2023-01-04 11:04:00,1040,1040,1040,1040,146400
2023-01-04 11:05:00,1040,1040,1040,1040,27400
2023-01-04 11:06:00,0,0,0,0,0
2023-01-04 11:07:00,1040,1040,1040,1040,3300
2023-01-04 11:08:00,1045,1045,1045,1045,9700
2023-01-04 11:09:00,1045,1045,1045,1045,0
2023-01-04 11:10:00,0,0,0,0,0
2023-01-04 11:11:00,0,0,0,0,0
2023-01-04 11:12:00,0,0,0,0,0
2023-01-04 11:13:00,0,0,0,0,0
2023-01-04 11:14:00,1045,1045,1045,1045,200
2023-01-04 11:15:00,0,0,0,0,0
2023-01-04 11:16:00,1040,1040,1040,1040,700
2023-01-04 11:17:00,1040,1040,1040,1040,600
2023-01-04 11:18:00,0,0,0,0,0
2023-01-04 11:19:00,0,0,0,0,0
2023-01-04 11:20:00,0,0,0,0,0
2023-01-04 11:21:00,0,0,0,0,0
2023-01-04 11:22:00,1045,1045,1045,1045,2000
2023-01-04 11:23:00,1040,1040,1040,1040,2500
2023-01-04 11:24:00,0,0,0,0,0
2023-01-04 11:25:00,0,0,0,0,0
2023-01-04 11:26:00,0,0,0,0,0
2023-01-04 11:27:00,0,0,0,0,0
2023-01-04 11:28:00,1040,1040,1045,1045,2000
2023-01-04 11:29:00,1045,1045,1045,1045,900
2023-01-04 11:30:00,0,0,0,0,0
2023-01-04 11:31:00,0,0,0,0,0
2023-01-04 11:32:00,0,0,0,0,0
2023-01-04 11:33:00,0,0,0,0,0
2023-01-04 11:34:00,0,0,0,0,0
2023-01-04 11:35:00,0,0,0,0,0
2023-01-04 11:36:00,0,0,0,0,0
2023-01-04 11:37:00,0,0,0,0,0
2023-01-04 11:38:00,0,0,0,0,0
2023-01-04 11:39:00,0,0,0,0,0
2023-01-04 11:40:00,0,0,0,0,0
2023-01-04 11:41:00,0,0,0,0,0
2023-01-04 11:42:00,0,0,0,0,0
2023-01-04 11:43:00,0,0,0,0,0
2023-01-04 11:44:00,0,0,0,0,0
2023-01-04 11:45:00,0,0,0,0,0
2023-01-04 11:46:00,0,0,0,0,0
2023-01-04 11:47:00,0,0,0,0,0
2023-01-04 11:48:00,0,0,0,0,0
2023-01-04 11:49:00,0,0,0,0,0
2023-01-04 11:50:00,0,0,0,0,0
2023-01-04 11:51:00,0,0,0,0,0
2023-01-04 11:52:00,0,0,0,0,0
2023-01-04 11:53:00,0,0,0,0,0
2023-01-04 11:54:00,0,0,0,0,0
2023-01-04 11:55:00,0,0,0,0,0
2023-01-04 11:56:00,0,0,0,0,0
2023-01-04 11:57:00,0,0,0,0,0
2023-01-04 11:58:00,0,0,0,0,0
2023-01-04 11:59:00,0,0,0,0,0
2023-01-04 12:00:00,0,0,0,0,0
2023-01-04 12:01:00,0,0,0,0,0
2023-01-04 12:02:00,0,0,0,0,0
2023-01-04 12:03:00,0,0,0,0,0
2023-01-04 12:04:00,0,0,0,0,0
2023-01-04 12:05:00,0,0,0,0,0
2023-01-04 12:06:00,0,0,0,0,0
2023-01-04 12:07:00,0,0,0,0,0
2023-01-04 12:08:00,0,0,0,0,0
2023-01-04 12:09:00,0,0,0,0,0
2023-01-04 12:10:00,0,0,0,0,0
2023-01-04 12:11:00,0,0,0,0,0
2023-01-04 12:12:00,0,0,0,0,0
2023-01-04 12:13:00,0,0,0,0,0
2023-01-04 12:14:00,0,0,0,0,0
2023-01-04 12:15:00,0,0,0,0,0
2023-01-04 12:16:00,0,0,0,0,0
2023-01-04 12:17:00,0,0,0,0,0
2023-01-04 12:18:00,0,0,0,0,0
2023-01-04 12:19:00,0,0,0,0,0
2023-01-04 12:20:00,0,0,0,0,0
2023-01-04 12:21:00,0,0,0,0,0
2023-01-04 12:22:00,0,0,0,0,0
2023-01-04 12:23:00,0,0,0,0,0
2023-01-04 12:24:00,0,0,0,0,0
2023-01-04 12:25:00,0,0,0,0,0
2023-01-04 12:26:00,0,0,0,0,0
2023-01-04 12:27:00,0,0,0,0,0
2023-01-04 12:28:00,0,0,0,0,0
2023-01-04 12:29:00,0,0,0,0,0
2023-01-04 12:30:00,0,0,0,0,0
2023-01-04 12:31:00,0,0,0,0,0
2023-01-04 12:32:00,0,0,0,0,0
2023-01-04 12:33:00,0,0,0,0,0
2023-01-04 12:34:00,0,0,0,0,0
2023-01-04 12:35:00,0,0,0,0,0
2023-01-04 12:36:00,0,0,0,0,0
2023-01-04 12:37:00,0,0,0,0,0
2023-01-04 12:38:00,0,0,0,0,0
2023-01-04 12:39:00,0,0,0,0,0
2023-01-04 12:40:00,0,0,0,0,0
2023-01-04 12:41:00,0,0,0,0,0
2023-01-04 12:42:00,0,0,0,0,0
2023-01-04 12:43:00,0,0,0,0,0
2023-01-04 12:44:00,0,0,0,0,0
2023-01-04 12:45:00,0,0,0,0,0
2023-01-04 12:46:00,0,0,0,0,0
2023-01-04 12:47:00,0,0,0,0,0
2023-01-04 12:48:00,0,0,0,0,0
2023-01-04 12:49:00,0,0,0,0,0
2023-01-04 12:50:00,0,0,0,0,0
2023-01-04 12:51:00,0,0,0,0,0
2023-01-04 12:52:00,0,0,0,0,0
2023-01-04 12:53:00,0,0,0,0,0
2023-01-04 12:54:00,0,0,0,0,0
2023-01-04 12:55:00,0,0,0,0,0
2023-01-04 12:56:00,0,0,0,0,0
2023-01-04 12:57:00,0,0,0,0,0
2023-01-04 12:58:00,0,0,0,0,0
2023-01-04 12:59:00,0,0,0,0,0
2023-01-04 13:00:00,0,0,0,0,0
2023-01-04 13:01:00,0,0,0,0,0
2023-01-04 13:02:00,0,0,0,0,0
2023-01-04 13:03:00,0,0,0,0,0
2023-01-04 13:04:00,0,0,0,0,0
2023-01-04 13:05:00,0,0,0,0,0
2023-01-04 13:06:00,0,0,0,0,0
2023-01-04 13:07:00,0,0,0,0,0
2023-01-04 13:08:00,0,0,0,0,0
2023-01-04 13:09:00,0,0,0,0,0
2023-01-04 13:10:00,0,0,0,0,0
2023-01-04 13:11:00,0,0,0,0,0
2023-01-04 13:12:00,0,0,0,0,0
2023-01-04 13:13:00,0,0,0,0,0
2023-01-04 13:14:00,0,0,0,0,0
2023-01-04 13:15:00,0,0,0,0,0
2023-01-04 13:16:00,0,0,0,0,0
2023-01-04 13:17:00,0,0,0,0,0
2023-01-04 13:18:00,0,0,0,0,0
2023-01-04 13:19:00,0,0,0,0,0
2023-01-04 13:20:00,0,0,0,0,0
2023-01-04 13:21:00,0,0,0,0,0
2023-01-04 13:22:00,0,0,0,0,0
2023-01-04 13:23:00,0,0,0,0,0
2023-01-04 13:24:00,0,0,0,0,0
2023-01-04 13:25:00,0,0,0,0,0
2023-01-04 13:26:00,0,0,0,0,0
2023-01-04 13:27:00,0,0,0,0,0
2023-01-04 13:28:00,0,0,0,0,0
2023-01-04 13:29:00,0,0,0,0,0
2023-01-04 13:30:00,1045,1040,1045,1040,12500
2023-01-04 13:31:00,0,0,0,0,0
2023-01-04 13:32:00,1040,1040,1040,1040,200
2023-01-04 13:33:00,1040,1040,1040,1040,1900
2023-01-04 13:34:00,0,0,0,0,0
2023-01-04 13:35:00,0,0,0,0,0
2023-01-04 13:36:00,1040,1040,1040,1040,8900
2023-01-04 13:37:00,0,0,0,0,0
2023-01-04 13:38:00,1040,1040,1040,1040,400
2023-01-04 13:39:00,1040,1040,1040,1040,0
2023-01-04 13:40:00,1040,1040,1040,1040,19000
2023-01-04 13:41:00,0,0,0,0,0
2023-01-04 13:42:00,1040,1040,1040,1040,16200
2023-01-04 13:43:00,1040,1040,1040,1040,0
2023-01-04 13:44:00,1040,1040,1040,1040,2300
2023-01-04 13:45:00,0,0,0,0,0
2023-01-04 13:46:00,0,0,0,0,0
2023-01-04 13:47:00,0,0,0,0,0
2023-01-04 13:48:00,1045,1040,1045,1040,14600
2023-01-04 13:49:00,1045,1045,1045,1045,11500
2023-01-04 13:50:00,1040,1040,1040,1040,129200
2023-01-04 13:51:00,1040,1040,1045,1040,96800
2023-01-04 13:52:00,1040,1040,1040,1040,200
2023-01-04 13:53:00,1040,1040,1040,1040,900
2023-01-04 13:54:00,0,0,0,0,0
2023-01-04 13:55:00,1040,1040,1040,1040,6200
2023-01-04 13:56:00,1040,1040,1040,1040,700
2023-01-04 13:57:00,0,0,0,0,0
2023-01-04 13:58:00,0,0,0,0,0
2023-01-04 13:59:00,1045,1040,1045,1040,13600
2023-01-04 14:00:00,0,0,0,0,0
2023-01-04 14:01:00,1045,1040,1045,1040,200
2023-01-04 14:02:00,0,0,0,0,0
2023-01-04 14:03:00,1040,1040,1040,1040,5100
2023-01-04 14:04:00,1040,1040,1040,1040,900
2023-01-04 14:05:00,0,0,0,0,0
2023-01-04 14:06:00,1045,1045,1045,1045,23600
2023-01-04 14:07:00,1045,1045,1045,1045,15000
2023-01-04 14:08:00,1040,1040,1045,1045,30100
2023-01-04 14:09:00,0,0,0,0,0
2023-01-04 14:10:00,1040,1040,1040,1040,0
2023-01-04 14:11:00,0,0,0,0,0
2023-01-04 14:12:00,1040,1040,1040,1040,20000
2023-01-04 14:13:00,1045,1045,1045,1045,1600
2023-01-04 14:14:00,0,0,0,0,0
2023-01-04 14:15:00,1040,1040,1040,1040,0
2023-01-04 14:16:00,1040,1040,1040,1040,88900
2023-01-04 14:17:00,1040,1040,1040,1040,0
2023-01-04 14:18:00,1040,1040,1040,1040,226800
2023-01-04 14:19:00,1040,1040,1040,1040,9800
2023-01-04 14:20:00,1040,1040,1040,1040,4000
2023-01-04 14:21:00,1040,1040,1040,1040,8900
2023-01-04 14:22:00,0,0,0,0,0
2023-01-04 14:23:00,1045,1040,1045,1040,6100
2023-01-04 14:24:00,1040,1040,1040,1040,14900
2023-01-04 14:25:00,1040,1040,1040,1040,18600
2023-01-04 14:26:00,1040,1040,1040,1040,18600
2023-01-04 14:27:00,1040,1040,1040,1040,0
2023-01-04 14:28:00,1040,1040,1040,1040,600
2023-01-04 14:29:00,1040,1035,1040,1035,346900
2023-01-04 14:30:00,1035,1035,1035,1035,241700
2023-01-04 14:31:00,1035,1030,1035,1030,260300
2023-01-04 14:32:00,1030,1030,1030,1030,123900
2023-01-04 14:33:00,1030,1030,1030,1030,29200
2023-01-04 14:34:00,1030,1030,1030,1030,205400
2023-01-04 14:35:00,1030,1025,1030,1030,266000
2023-01-04 14:36:00,1030,1025,1030,1025,3600
2023-01-04 14:37:00,1025,1025,1030,1030,41300
2023-01-04 14:38:00,1025,1025,1025,1025,3500
2023-01-04 14:39:00,1025,1025,1030,1025,71800
2023-01-04 14:40:00,1025,1025,1030,1030,0
2023-01-04 14:41:00,1025,1025,1025,1025,600
2023-01-04 14:42:00,1025,1025,1030,1030,310700
2023-01-04 14:43:00,1025,1025,1030,1030,237000
2023-01-04 14:44:00,1030,1025,1030,1025,38300
2023-01-04 14:45:00,1030,1025,1030,1030,26700
2023-01-04 14:46:00,1025,1025,1025,1025,15600
2023-01-04 14:47:00,1030,1025,1030,1025,12900
2023-01-04 14:48:00,1030,1030,1030,1030,3100
2023-01-04 14:49:00,1025,1025,1030,1025,138800
2023-01-04 14:50:00,0,0,0,0,0
2023-01-04 14:51:00,0,0,0,0,0
2023-01-04 14:52:00,0,0,0,0,0
2023-01-04 14:53:00,0,0,0,0,0
2023-01-04 14:54:00,0,0,0,0,0
2023-01-04 14:55:00,0,0,0,0,0
2023-01-04 14:56:00,0,0,0,0,0
2023-01-04 14:57:00,0,0,0,0,0
2023-01-04 14:58:00,0,0,0,0,0
2023-01-04 14:59:00,0,0,0,0,0
2023-01-04 15:00:00,1040,1040,1040,1040,543800
2023-01-04 15:01:00,1040,1040,1040,1040,900
2023-01-04 15:02:00,1040,1040,1040,1040,1900
2023-01-04 15:03:00,1040,1040,1040,1040,0
2023-01-04 15:04:00,1040,1040,1040,1040,18600
2023-01-04 15:05:00,1040,1040,1040,1040,10700
2023-01-04 15:06:00,0,0,0,0,0
2023-01-04 15:07:00,0,0,0,0,0
2023-01-04 15:08:00,0,0,0,0,0
2023-01-04 15:09:00,0,0,0,0,0
2023-01-04 15:10:00,1040,1040,1040,1040,3300
2023-01-04 15:11:00,1040,1040,1040,1040,6902000
2023-01-04 15:12:00,0,0,0,0,0
2023-01-04 15:13:00,0,0,0,0,0
2023-01-04 15:14:00,0,0,0,0,0
2023-01-04 15:15:00,0,0,0,0,0
2023-01-04 15:16:00,0,0,0,0,0
2023-01-04 15:17:00,0,0,0,0,0
2023-01-04 15:18:00,0,0,0,0,0
2023-01-04 15:19:00,0,0,0,0,0
2023-01-04 15:20:00,0,0,0,0,0
2023-01-04 15:21:00,0,0,0,0,0
2023-01-04 15:22:00,0,0,0,0,0
2023-01-04 15:23:00,0,0,0,0,0
2023-01-04 15:24:00,0,0,0,0,0
2023-01-04 15:25:00,0,0,0,0,0
2023-01-04 15:26:00,0,0,0,0,0
2023-01-04 15:27:00,0,0,0,0,0
2023-01-04 15:28:00,0,0,0,0,0
2023-01-04 15:29:00,0,0,0,0,0
2023-01-04 15:30:00,0,0,0,0,0
2023-01-04 15:31:00,0,0,0,0,0
2023-01-04 15:32:00,0,0,0,0,0
2023-01-04 15:33:00,0,0,0,0,0
2023-01-04 15:34:00,0,0,0,0,0
2023-01-04 15:35:00,0,0,0,0,0
2023-01-04 15:36:00,0,0,0,0,0
2023-01-04 15:37:00,0,0,0,0,0
2023-01-04 15:38:00,0,0,0,0,0
2023-01-04 15:39:00,0,0,0,0,0
2023-01-04 15:40:00,0,0,0,0,0
2023-01-04 15:41:00,0,0,0,0,0
2023-01-04 15:42:00,0,0,0,0,0
2023-01-04 15:43:00,0,0,0,0,0
2023-01-04 15:44:00,0,0,0,0,0
2023-01-04 15:45:00,0,0,0,0,0
2023-01-04 15:46:00,0,0,0,0,0
2023-01-04 15:47:00,0,0,0,0,0
2023-01-04 15:48:00,0,0,0,0,0
2023-01-04 15:49:00,0,0,0,0,0
2023-01-04 15:50:00,0,0,0,0,0
2023-01-04 15:51:00,0,0,0,0,0
2023-01-04 15:52:00,0,0,0,0,0
2023-01-04 15:53:00,0,0,0,0,0
2023-01-04 15:54:00,0,0,0,0,0
2023-01-04 15:55:00,0,0,0,0,0
2023-01-04 15:56:00,0,0,0,0,0
2023-01-04 15:57:00,0,0,0,0,0
2023-01-04 15:58:00,0,0,0,0,0
2023-01-04 15:59:00,0,0,0,0,0
2023-01-05 09:00:00,1040,1030,1040,1035,0
2023-01-05 09:01:00,1030,1030,1030,1030,0
2023-01-05 09:02:00,1030,1025,1030,1025,117700
2023-01-05 09:03:00,1025,1020,1030,1030,117200
2023-01-05 09:04:00,1025,1025,1025,1025,118700
2023-01-05 09:05:00,1025,1015,1025,1020,381900
2023-01-05 09:06:00,1015,1005,1020,1005,453300
2023-01-05 09:07:00,1005,1005,1010,1005,415100
2023-01-05 09:08:00,1010,1005,1010,1005,422400
2023-01-05 09:09:00,1005,1005,1010,1005,103500
2023-01-05 09:10:00,1010,1005,1010,1010,143100
2023-01-05 09:11:00,1010,1010,1010,1010,123300
2023-01-05 09:12:00,1010,1010,1015,1015,17700
2023-01-05 09:13:00,1010,1005,1020,1010,229100
2023-01-05 09:14:00,1010,1005,1010,1005,15100
2023-01-05 09:15:00,1005,1005,1010,1010,48700
2023-01-05 09:16:00,1010,1010,1010,1010,11900
2023-01-05 09:17:00,1010,1010,1015,1010,328900
2023-01-05 09:18:00,1010,1010,1020,1020,3200
2023-01-05 09:19:00,1015,1010,1015,1010,5000
2023-01-05 09:20:00,1010,1010,1015,1010,47100
2023-01-05 09:21:00,1015,1015,1015,1015,0
2023-01-05 09:22:00,1015,1015,1015,1015,10900
2023-01-05 09:23:00,1015,1010,1015,1015,35200
2023-01-05 09:24:00,1015,1010,1015,1010,9800
2023-01-05 09:25:00,1010,1010,1015,1015,19500
2023-01-05 09:26:00,1010,1010,1010,1010,22800
2023-01-05 09:27:00,1010,1010,1010,1010,6200
2023-01-05 09:28:00,1010,1010,1015,1015,0
2023-01-05 09:29:00,1015,1005,1015,1005,428100
2023-01-05 09:30:00,1005,1000,1005,1000,598400
2023-01-05 09:31:00,1000,990,1005,990,1378700
2023-01-05 09:32:00,990,985,990,985,215300
2023-01-05 09:33:00,990,985,995,995,404300
2023-01-05 09:34:00,995,995,1000,995,19100
2023-01-05 09:35:00,995,995,1000,1000,473900
2023-01-05 09:36:00,1000,995,1000,1000,86600
2023-01-05 09:37:00,1000,1000,1000,1000,140400
2023-01-05 09:38:00,995,995,1005,1005,79400
2023-01-05 09:39:00,1005,1000,1005,1000,250700
2023-01-05 09:40:00,1000,1000,1000,1000,112300
2023-01-05 09:41:00,1005,1005,1005,1005,6600
2023-01-05 09:42:00,1000,1000,1000,1000,100
2023-01-05 09:43:00,1000,1000,1000,1000,17000
2023-01-05 09:44:00,1005,1000,1005,1000,4300
2023-01-05 09:45:00,1000,1000,1000,1000,33900
2023-01-05 09:46:00,1000,1000,1000,1000,4700
2023-01-05 09:47:00,1000,1000,1000,1000,1000
2023-01-05 09:48:00,1005,1005,1005,1005,500
2023-01-05 09:49:00,1005,1000,1005,1005,14600
2023-01-05 09:50:00,1000,1000,1005,1005,0
2023-01-05 09:51:00,0,0,0,0,0
2023-01-05 09:52:00,1000,1000,1000,1000,210600
2023-01-05 09:53:00,995,995,995,995,352100
2023-01-05 09:54:00,995,995,1000,1000,291000
2023-01-05 09:55:00,995,990,995,990,152200
2023-01-05 09:56:00,995,995,995,995,13000
2023-01-05 09:57:00,995,995,995,995,22000
2023-01-05 09:58:00,990,990,995,995,23600
2023-01-05 09:59:00,995,990,995,990,23500
2023-01-05 10:00:00,990,990,995,995,93200
2023-01-05 10:01:00,995,995,995,995,42500
2023-01-05 10:02:00,995,995,995,995,48800
2023-01-05 10:03:00,995,995,995,995,28200
2023-01-05 10:04:00,995,995,1000,1000,172500
2023-01-05 10:05:00,1000,1000,1000,1000,0
2023-01-05 10:06:00,995,995,995,995,1100
2023-01-05 10:07:00,995,995,1000,1000,56500
2023-01-05 10:08:00,0,0,0,0,0
2023-01-05 10:09:00,995,995,995,995,0
2023-01-05 10:10:00,995,995,1000,1000,100400
2023-01-05 10:11:00,1000,995,1000,995,0
2023-01-05 10:12:00,0,0,0,0,0
2023-01-05 10:13:00,995,995,995,995,0
2023-01-05 10:14:00,0,0,0,0,0
2023-01-05 10:15:00,0,0,0,0,0
2023-01-05 10:16:00,1000,1000,1000,1000,16500
2023-01-05 10:17:00,0,0,0,0,0
2023-01-05 10:18:00,1000,995,1000,995,11100
2023-01-05 10:19:00,995,995,1000,995,644500
2023-01-05 10:20:00,1000,995,1000,995,101000
2023-01-05 10:21:00,995,995,995,995,0
2023-01-05 10:22:00,995,990,995,990,16100
2023-01-05 10:23:00,995,995,995,995,88700
2023-01-05 10:24:00,995,995,995,995,200
2023-01-05 10:25:00,995,995,1000,1000,61400
2023-01-05 10:26:00,1000,995,1000,995,22200
2023-01-05 10:27:00,995,995,995,995,200
2023-01-05 10:28:00,995,995,995,995,14800
2023-01-05 10:29:00,1000,995,1000,995,0
2023-01-05 10:30:00,0,0,0,0,0
2023-01-05 10:31:00,1000,1000,1000,1000,9700
2023-01-05 10:32:00,1000,995,1000,995,0
2023-01-05 10:33:00,1000,1000,1000,1000,15900
2023-01-05 10:34:00,0,0,0,0,0
2023-01-05 10:35:00,1000,1000,1000,1000,92100
2023-01-05 10:36:00,1000,1000,1000,1000,75100
2023-01-05 10:37:00,1000,1000,1005,1000,9100
2023-01-05 10:38:00,1000,1000,1000,1000,20200
2023-01-05 10:39:00,1005,1000,1005,1000,1000
2023-01-05 10:40:00,0,0,0,0,0
2023-01-05 10:41:00,1000,1000,1000,1000,102000
2023-01-05 10:42:00,995,995,1000,995,63700
2023-01-05 10:43:00,995,995,995,995,11800
2023-01-05 10:44:00,0,0,0,0,0
2023-01-05 10:45:00,0,0,0,0,0
2023-01-05 10:46:00,0,0,0,0,0
2023-01-05 10:47:00,0,0,0,0,0
2023-01-05 10:48:00,0,0,0,0,0
2023-01-05 10:49:00,0,0,0,0,0
2023-01-05 10:50:00,0,0,0,0,0
2023-01-05 10:51:00,0,0,0,0,0
2023-01-05 10:52:00,0,0,0,0,0
2023-01-05 10:53:00,1000,995,1000,995,20600
2023-01-05 10:54:00,0,0,0,0,0
2023-01-05 10:55:00,995,995,995,995,40800
2023-01-05 10:56:00,0,0,0,0,0
2023-01-05 10:57:00,995,995,995,995,112300
2023-01-05 10:58:00,995,990,995,995,99200
2023-01-05 10:59:00,995,995,995,995,0
2023-01-05 11:00:00,1000,995,1000,995,4000
2023-01-05 11:01:00,1000,1000,1000,1000,43900
2023-01-05 11:02:00,1000,1000,1000,1000,0
2023-01-05 11:03:00,0,0,0,0,0
2023-01-05 11:04:00,995,995,995,995,0
2023-01-05 11:05:00,995,995,995,995,1800
2023-01-05 11:06:00,1000,995,1000,995,2000
2023-01-05 11:07:00,1000,1000,1000,1000,4400
2023-01-05 11:08:00,1000,1000,1000,1000,200
2023-01-05 11:09:00,0,0,0,0,0
2023-01-05 11:10:00,1000,1000,1000,1000,3200
2023-01-05 11:11:00,1000,1000,1000,1000,4900
2023-01-05 11:12:00,0,0,0,0,0
2023-01-05 11:13:00,995,995,1000,1000,0
2023-01-05 11:14:00,1000,1000,1000,1000,300
2023-01-05 11:15:00,0,0,0,0,0
2023-01-05 11:16:00,995,995,995,995,10000
2023-01-05 11:17:00,0,0,0,0,0
2023-01-05 11:18:00,995,995,995,995,15000
2023-01-05 11:19:00,0,0,0,0,0
2023-01-05 11:20:00,995,995,995,995,0
2023-01-05 11:21:00,995,995,995,995,321800
2023-01-05 11:22:00,0,0,0,0,0
2023-01-05 11:23:00,0,0,0,0,0
2023-01-05 11:24:00,995,995,995,995,1200
2023-01-05 11:25:00,0,0,0,0,0
2023-01-05 11:26:00,1000,995,1000,995,5500
2023-01-05 11:27:00,0,0,0,0,0
2023-01-05 11:28:00,0,0,0,0,0
2023-01-05 11:29:00,995,995,995,995,0
2023-01-05 11:30:00,0,0,0,0,0
2023-01-05 11:31:00,0,0,0,0,0
2023-01-05 11:32:00,0,0,0,0,0
2023-01-05 11:33:00,0,0,0,0,0
2023-01-05 11:34:00,0,0,0,0,0
2023-01-05 11:35:00,0,0,0,0,0
2023-01-05 11:36:00,0,0,0,0,0
2023-01-05 11:37:00,0,0,0,0,0
2023-01-05 11:38:00,0,0,0,0,0
2023-01-05 11:39:00,0,0,0,0,0
2023-01-05 11:40:00,0,0,0,0,0
2023-01-05 11:41:00,0,0,0,0,0
2023-01-05 11:42:00,0,0,0,0,0
2023-01-05 11:43:00,0,0,0,0,0
2023-01-05 11:44:00,0,0,0,0,0
2023-01-05 11:45:00,0,0,0,0,0
2023-01-05 11:46:00,0,0,0,0,0
2023-01-05 11:47:00,0,0,0,0,0
2023-01-05 11:48:00,0,0,0,0,0
2023-01-05 11:49:00,0,0,0,0,0
2023-01-05 11:50:00,0,0,0,0,0
2023-01-05 11:51:00,0,0,0,0,0
2023-01-05 11:52:00,0,0,0,0,0
2023-01-05 11:53:00,0,0,0,0,0
2023-01-05 11:54:00,0,0,0,0,0
2023-01-05 11:55:00,0,0,0,0,0
2023-01-05 11:56:00,0,0,0,0,0
2023-01-05 11:57:00,0,0,0,0,0
2023-01-05 11:58:00,0,0,0,0,0
2023-01-05 11:59:00,0,0,0,0,0
2023-01-05 12:00:00,0,0,0,0,0
2023-01-05 12:01:00,0,0,0,0,0
2023-01-05 12:02:00,0,0,0,0,0
2023-01-05 12:03:00,0,0,0,0,0
2023-01-05 12:04:00,0,0,0,0,0
2023-01-05 12:05:00,0,0,0,0,0
2023-01-05 12:06:00,0,0,0,0,0
2023-01-05 12:07:00,0,0,0,0,0
2023-01-05 12:08:00,0,0,0,0,0
2023-01-05 12:09:00,0,0,0,0,0
2023-01-05 12:10:00,0,0,0,0,0
2023-01-05 12:11:00,0,0,0,0,0
2023-01-05 12:12:00,0,0,0,0,0
2023-01-05 12:13:00,0,0,0,0,0
2023-01-05 12:14:00,0,0,0,0,0
2023-01-05 12:15:00,0,0,0,0,0
2023-01-05 12:16:00,0,0,0,0,0
2023-01-05 12:17:00,0,0,0,0,0
2023-01-05 12:18:00,0,0,0,0,0
2023-01-05 12:19:00,0,0,0,0,0
2023-01-05 12:20:00,0,0,0,0,0
2023-01-05 12:21:00,0,0,0,0,0
2023-01-05 12:22:00,0,0,0,0,0
2023-01-05 12:23:00,0,0,0,0,0
2023-01-05 12:24:00,0,0,0,0,0
2023-01-05 12:25:00,0,0,0,0,0
2023-01-05 12:26:00,0,0,0,0,0
2023-01-05 12:27:00,0,0,0,0,0
2023-01-05 12:28:00,0,0,0,0,0
2023-01-05 12:29:00,0,0,0,0,0
2023-01-05 12:30:00,0,0,0,0,0
2023-01-05 12:31:00,0,0,0,0,0
2023-01-05 12:32:00,0,0,0,0,0
2023-01-05 12:33:00,0,0,0,0,0
2023-01-05 12:34:00,0,0,0,0,0
2023-01-05 12:35:00,0,0,0,0,0
2023-01-05 12:36:00,0,0,0,0,0
2023-01-05 12:37:00,0,0,0,0,0
2023-01-05 12:38:00,0,0,0,0,0
2023-01-05 12:39:00,0,0,0,0,0
2023-01-05 12:40:00,0,0,0,0,0
2023-01-05 12:41:00,0,0,0,0,0
2023-01-05 12:42:00,0,0,0,0,0
2023-01-05 12:43:00,0,0,0,0,0
2023-01-05 12:44:00,0,0,0,0,0
2023-01-05 12:45:00,0,0,0,0,0
2023-01-05 12:46:00,0,0,0,0,0
2023-01-05 12:47:00,0,0,0,0,0
2023-01-05 12:48:00,0,0,0,0,0
2023-01-05 12:49:00,0,0,0,0,0
2023-01-05 12:50:00,0,0,0,0,0
2023-01-05 12:51:00,0,0,0,0,0
2023-01-05 12:52:00,0,0,0,0,0
2023-01-05 12:53:00,0,0,0,0,0
2023-01-05 12:54:00,0,0,0,0,0
2023-01-05 12:55:00,0,0,0,0,0
2023-01-05 12:56:00,0,0,0,0,0
2023-01-05 12:57:00,0,0,0,0,0
2023-01-05 12:58:00,0,0,0,0,0
2023-01-05 12:59:00,0,0,0,0,0
2023-01-05 13:00:00,0,0,0,0,0
2023-01-05 13:01:00,0,0,0,0,0
2023-01-05 13:02:00,0,0,0,0,0
2023-01-05 13:03:00,0,0,0,0,0
2023-01-05 13:04:00,0,0,0,0,0
2023-01-05 13:05:00,0,0,0,0,0
2023-01-05 13:06:00,0,0,0,0,0
2023-01-05 13:07:00,0,0,0,0,0
2023-01-05 13:08:00,0,0,0,0,0
2023-01-05 13:09:00,0,0,0,0,0
2023-01-05 13:10:00,0,0,0,0,0
2023-01-05 13:11:00,0,0,0,0,0
2023-01-05 13:12:00,0,0,0,0,0
2023-01-05 13:13:00,0,0,0,0,0
2023-01-05 13:14:00,0,0,0,0,0
2023-01-05 13:15:00,0,0,0,0,0
2023-01-05 13:16:00,0,0,0,0,0
2023-01-05 13:17:00,0,0,0,0,0
2023-01-05 13:18:00,0,0,0,0,0
2023-01-05 13:19:00,0,0,0,0,0
2023-01-05 13:20:00,0,0,0,0,0
2023-01-05 13:21:00,0,0,0,0,0
2023-01-05 13:22:00,0,0,0,0,0
2023-01-05 13:23:00,0,0,0,0,0
2023-01-05 13:24:00,0,0,0,0,0
2023-01-05 13:25:00,0,0,0,0,0
2023-01-05 13:26:00,0,0,0,0,0
2023-01-05 13:27:00,0,0,0,0,0
2023-01-05 13:28:00,0,0,0,0,0
2023-01-05 13:29:00,0,0,0,0,0
2023-01-05 13:30:00,995,995,1000,995,198800
2023-01-05 13:31:00,0,0,0,0,0
2023-01-05 13:32:00,995,995,995,995,19300
2023-01-05 13:33:00,995,995,995,995,15300
2023-01-05 13:34:00,995,995,995,995,0
2023-01-05 13:35:00,995,995,995,995,2500
2023-01-05 13:36:00,995,995,995,995,300
2023-01-05 13:37:00,0,0,0,0,0
2023-01-05 13:38:00,0,0,0,0,0
2023-01-05 13:39:00,995,995,995,995,4500
2023-01-05 13:40:00,995,995,995,995,2000
2023-01-05 13:41:00,1000,1000,1000,1000,54000
2023-01-05 13:42:00,0,0,0,0,0
2023-01-05 13:43:00,0,0,0,0,0
2023-01-05 13:44:00,995,995,995,995,1000
2023-01-05 13:45:00,995,995,995,995,0
2023-01-05 13:46:00,1000,1000,1000,1000,600
2023-01-05 13:47:00,1000,1000,1000,1000,10000
2023-01-05 13:48:00,995,995,995,995,9200
2023-01-05 13:49:00,0,0,0,0,0
2023-01-05 13:50:00,1000,1000,1000,1000,34000
2023-01-05 13:51:00,995,995,995,995,800
2023-01-05 13:52:00,995,995,995,995,300
2023-01-05 13:53:00,995,995,995,995,19900
2023-01-05 13:54:00,1000,1000,1000,1000,278000
2023-01-05 13:55:00,1000,1000,1000,1000,2200
2023-01-05 13:56:00,1000,1000,1000,1000,4600
2023-01-05 13:57:00,1000,1000,1000,1000,109700
2023-01-05 13:58:00,0,0,0,0,0
2023-01-05 13:59:00,1000,1000,1005,1005,0
2023-01-05 14:00:00,1005,1005,1005,1005,108500
2023-01-05 14:01:00,0,0,0,0,0
2023-01-05 14:02:00,1000,1000,1005,1005,138000
2023-01-05 14:03:00,1005,1005,1005,1005,334700
2023-01-05 14:04:00,1005,1005,1010,1010,1500
2023-01-05 14:05:00,1010,1010,1010,1010,45500
2023-01-05 14:06:00,1010,1010,1010,1010,0
2023-01-05 14:07:00,1010,1005,1010,1005,14500
2023-01-05 14:08:00,1010,1010,1010,1010,0
2023-01-05 14:09:00,1010,1010,1010,1010,44800
2023-01-05 14:10:00,1005,1005,1010,1010,141100
2023-01-05 14:11:00,1015,1015,1015,1015,622200
2023-01-05 14:12:00,1015,1015,1020,1020,97100
2023-01-05 14:13:00,1020,1020,1020,1020,41600
2023-01-05 14:14:00,1020,1020,1020,1020,12700
2023-01-05 14:15:00,1020,1020,1020,1020,169800
2023-01-05 14:16:00,1020,1020,1020,1020,0
2023-01-05 14:17:00,1025,1025,1030,1025,264900
2023-01-05 14:18:00,1025,1025,1025,1025,350300
2023-01-05 14:19:00,1025,1025,1025,1025,0
2023-01-05 14:20:00,1025,1025,1025,1025,6200
2023-01-05 14:21:00,1025,1025,1030,1025,18300
2023-01-05 14:22:00,1025,1020,1025,1020,52800
2023-01-05 14:23:00,1025,1025,1025,1025,76800
2023-01-05 14:24:00,1030,1025,1030,1025,14400
2023-01-05 14:25:00,1025,1025,1025,1025,6500
2023-01-05 14:26:00,1030,1025,1030,1025,5000
2023-01-05 14:27:00,1025,1025,1030,1025,65600
2023-01-05 14:28:00,1025,1025,1025,1025,42000
2023-01-05 14:29:00,1025,1025,1025,1025,0
2023-01-05 14:30:00,1030,1025,1030,1025,23700
2023-01-05 14:31:00,1030,1025,1030,1025,12300
2023-01-05 14:32:00,1025,1020,1025,1020,294400
2023-01-05 14:33:00,1020,1020,1025,1025,279300
2023-01-05 14:34:00,1025,1025,1025,1025,12900
2023-01-05 14:35:00,1025,1025,1030,1025,8300
2023-01-05 14:36:00,1025,1025,1025,1025,6300
2023-01-05 14:37:00,1025,1025,1025,1025,12000
2023-01-05 14:38:00,1030,1030,1035,1035,981400
2023-01-05 14:39:00,1035,1035,1040,1035,0
2023-01-05 14:40:00,1035,1035,1040,1035,43900
2023-01-05 14:41:00,1035,1030,1035,1030,65000
2023-01-05 14:42:00,1035,1035,1040,1040,426900
2023-01-05 14:43:00,1035,1035,1035,1035,8300
2023-01-05 14:44:00,1035,1030,1035,1035,85200
2023-01-05 14:45:00,1035,1030,1035,1030,23300
2023-01-05 14:46:00,1030,1030,1035,1035,583100
2023-01-05 14:47:00,1035,1035,1035,1035,47400
2023-01-05 14:48:00,1035,1030,1040,1035,109800
2023-01-05 14:49:00,1040,1035,1040,1040,46000
2023-01-05 14:50:00,0,0,0,0,0
2023-01-05 14:51:00,0,0,0,0,0
2023-01-05 14:52:00,0,0,0,0,0
2023-01-05 14:53:00,0,0,0,0,0
2023-01-05 14:54:00,0,0,0,0,0
2023-01-05 14:55:00,0,0,0,0,0
2023-01-05 14:56:00,0,0,0,0,0
2023-01-05 14:57:00,0,0,0,0,0
2023-01-05 14:58:00,0,0,0,0,0
2023-01-05 14:59:00,0,0,0,0,0
2023-01-05 15:00:00,1040,1040,1040,1040,2277600
2023-01-05 15:01:00,1040,1040,1040,1040,31400
2023-01-05 15:02:00,1040,1040,1040,1040,0
2023-01-05 15:03:00,1040,1040,1040,1040,900
2023-01-05 15:04:00,0,0,0,0,0
2023-01-05 15:05:00,1040,1040,1040,1040,20000
2023-01-05 15:06:00,1040,1040,1040,1040,0
2023-01-05 15:07:00,0,0,0,0,0
2023-01-05 15:08:00,0,0,0,0,0
2023-01-05 15:09:00,0,0,0,0,0
2023-01-05 15:10:00,1040,1040,1040,1040,19713600
2023-01-05 15:11:00,0,0,0,0,0
2023-01-05 15:12:00,0,0,0,0,0
2023-01-05 15:13:00,0,0,0,0,0
2023-01-05 15:14:00,0,0,0,0,0
2023-01-05 15:15:00,0,0,0,0,0
2023-01-05 15:16:00,0,0,0,0,0
2023-01-05 15:17:00,0,0,0,0,0
2023-01-05 15:18:00,0,0,0,0,0
2023-01-05 15:19:00,0,0,0,0,0
2023-01-05 15:20:00,0,0,0,0,0
2023-01-05 15:21:00,0,0,0,0,0
2023-01-05 15:22:00,0,0,0,0,0
2023-01-05 15:23:00,0,0,0,0,0
2023-01-05 15:24:00,0,0,0,0,0
2023-01-05 15:25:00,0,0,0,0,0
2023-01-05 15:26:00,0,0,0,0,0
2023-01-05 15:27:00,0,0,0,0,0
2023-01-05 15:28:00,0,0,0,0,0
2023-01-05 15:29:00,0,0,0,0,0
2023-01-05 15:30:00,0,0,0,0,0
2023-01-05 15:31:00,0,0,0,0,0
2023-01-05 15:32:00,0,0,0,0,0
2023-01-05 15:33:00,0,0,0,0,0
2023-01-05 15:34:00,0,0,0,0,0
2023-01-05 15:35:00,0,0,0,0,0
2023-01-05 15:36:00,0,0,0,0,0
2023-01-05 15:37:00,0,0,0,0,0
2023-01-05 15:38:00,0,0,0,0,0
2023-01-05 15:39:00,0,0,0,0,0
2023-01-05 15:40:00,0,0,0,0,0
2023-01-05 15:41:00,0,0,0,0,0
2023-01-05 15:42:00,0,0,0,0,0
2023-01-05 15:43:00,0,0,0,0,0
2023-01-05 15:44:00,0,0,0,0,0
2023-01-05 15:45:00,0,0,0,0,0
2023-01-05 15:46:00,0,0,0,0,0
2023-01-05 15:47:00,0,0,0,0,0
2023-01-05 15:48:00,0,0,0,0,0
2023-01-05 15:49:00,0,0,0,0,0
2023-01-05 15:50:00,0,0,0,0,0
2023-01-05 15:51:00,0,0,0,0,0
2023-01-05 15:52:00,0,0,0,0,0
2023-01-05 15:53:00,0,0,0,0,0
2023-01-05 15:54:00,0,0,0,0,0
2023-01-05 15:55:00,0,0,0,0,0
2023-01-05 15:56:00,0,0,0,0,0
2023-01-05 15:57:00,0,0,0,0,0
2023-01-05 15:58:00,0,0,0,0,0
2023-01-05 15:59:00,0,0,0,0,0
2023-01-06 09:00:00,1040,1020,1040,1020,0
2023-01-06 09:01:00,1020,1020,1025,1020,7300
2023-01-06 09:02:00,1020,1020,1025,1025,9900
2023-01-06 09:03:00,1020,1015,1020,1015,137300
2023-01-06 09:04:00,1020,1015,1020,1015,155300
2023-01-06 09:05:00,1015,1015,1020,1020,6100
2023-01-06 09:06:00,1025,1025,1025,1025,104500
2023-01-06 09:07:00,1025,1025,1025,1025,15000
2023-01-06 09:08:00,0,0,0,0,0
2023-01-06 09:09:00,1025,1025,1030,1030,3900
2023-01-06 09:10:00,1025,1025,1025,1025,100100
2023-01-06 09:11:00,1025,1025,1025,1025,52000
2023-01-06 09:12:00,1025,1025,1030,1025,0
2023-01-06 09:13:00,1030,1030,1030,1030,0
2023-01-06 09:14:00,1030,1020,1030,1020,108100
2023-01-06 09:15:00,1020,1020,1020,1020,2100
2023-01-06 09:16:00,1020,1020,1025,1025,154800
2023-01-06 09:17:00,1030,1030,1030,1030,51600
2023-01-06 09:18:00,1030,1030,1035,1035,183100
2023-01-06 09:19:00,1030,1030,1030,1030,39500
2023-01-06 09:20:00,1035,1035,1040,1040,315100
2023-01-06 09:21:00,1040,1040,1040,1040,205500
2023-01-06 09:22:00,1040,1040,1040,1040,5800
2023-01-06 09:23:00,1040,1040,1040,1040,20100
2023-01-06 09:24:00,1040,1035,1040,1035,69300
2023-01-06 09:25:00,1035,1035,1040,1040,8700
2023-01-06 09:26:00,0,0,0,0,0
2023-01-06 09:27:00,1040,1040,1040,1040,800
2023-01-06 09:28:00,1035,1035,1035,1035,5900
2023-01-06 09:29:00,1040,1035,1040,1035,3800
2023-01-06 09:30:00,0,0,0,0,0
2023-01-06 09:31:00,0,0,0,0,0
2023-01-06 09:32:00,1035,1035,1035,1035,14400
2023-01-06 09:33:00,1035,1035,1035,1035,2900
2023-01-06 09:34:00,0,0,0,0,0
2023-01-06 09:35:00,0,0,0,0,0
2023-01-06 09:36:00,1035,1035,1035,1035,0
2023-01-06 09:37:00,1040,1035,1040,1035,4900
2023-01-06 09:38:00,1035,1035,1040,1035,1100
2023-01-06 09:39:00,1035,1035,1035,1035,120900
2023-01-06 09:40:00,0,0,0,0,0
2023-01-06 09:41:00,1030,1030,1030,1030,38800
2023-01-06 09:42:00,1030,1030,1030,1030,47900
2023-01-06 09:43:00,1030,1030,1030,1030,67400
2023-01-06 09:44:00,0,0,0,0,0
2023-01-06 09:45:00,1030,1030,1030,1030,0
2023-01-06 09:46:00,1030,1030,1030,1030,4800
2023-01-06 09:47:00,1030,1030,1030,1030,2900
2023-01-06 09:48:00,0,0,0,0,0
2023-01-06 09:49:00,0,0,0,0,0
2023-01-06 09:50:00,1030,1030,1030,1030,11500
2023-01-06 09:51:00,0,0,0,0,0
2023-01-06 09:52:00,1035,1030,1035,1035,33200
2023-01-06 09:53:00,1030,1030,1030,1030,1700
2023-01-06 09:54:00,1035,1035,1035,1035,0
2023-01-06 09:55:00,1030,1030,1030,1030,0
2023-01-06 09:56:00,1030,1030,1030,1030,400
2023-01-06 09:57:00,1030,1030,1030,1030,159400
2023-01-06 09:58:00,1030,1030,1030,1030,10400
2023-01-06 09:59:00,1030,1030,1030,1030,21000
2023-01-06 10:00:00,1030,1030,1030,1030,33700
2023-01-06 10:01:00,0,0,0,0,0
2023-01-06 10:02:00,0,0,0,0,0
2023-01-06 10:03:00,1025,1025,1025,1025,25500
2023-01-06 10:04:00,0,0,0,0,0
2023-01-06 10:05:00,0,0,0,0,0
2023-01-06 10:06:00,1025,1025,1025,1025,94000
2023-01-06 10:07:00,1030,1025,1030,1030,277200
2023-01-06 10:08:00,1030,1030,1030,1030,8700
2023-01-06 10:09:00,1030,1030,1030,1030,13700
2023-01-06 10:10:00,1030,1030,1030,1030,45900
2023-01-06 10:11:00,1030,1030,1030,1030,15800
2023-01-06 10:12:00,1025,1025,1025,1025,192100
2023-01-06 10:13:00,0,0,0,0,0
2023-01-06 10:14:00,1030,1030,1030,1030,0
2023-01-06 10:15:00,1025,1025,1025,1025,17500
2023-01-06 10:16:00,0,0,0,0,0
2023-01-06 10:17:00,0,0,0,0,0
2023-01-06 10:18:00,0,0,0,0,0
2023-01-06 10:19:00,1025,1025,1030,1030,4700
2023-01-06 10:20:00,1025,1025,1025,1025,5900
2023-01-06 10:21:00,1030,1030,1030,1030,0
2023-01-06 10:22:00,0,0,0,0,0
2023-01-06 10:23:00,0,0,0,0,0
2023-01-06 10:24:00,1030,1030,1030,1030,700
2023-01-06 10:25:00,0,0,0,0,0
2023-01-06 10:26:00,0,0,0,0,0
2023-01-06 10:27:00,0,0,0,0,0
2023-01-06 10:28:00,1025,1025,1025,1025,200
2023-01-06 10:29:00,0,0,0,0,0
2023-01-06 10:30:00,1025,1025,1025,1025,500
2023-01-06 10:31:00,0,0,0,0,0
2023-01-06 10:32:00,0,0,0,0,0
2023-01-06 10:33:00,0,0,0,0,0
2023-01-06 10:34:00,0,0,0,0,0
2023-01-06 10:35:00,0,0,0,0,0
2023-01-06 10:36:00,0,0,0,0,0
2023-01-06 10:37:00,1025,1025,1025,1025,9400
2023-01-06 10:38:00,1025,1025,1025,1025,0
2023-01-06 10:39:00,1025,1025,1025,1025,164900
2023-01-06 10:40:00,0,0,0,0,0
2023-01-06 10:41:00,0,0,0,0,0
2023-01-06 10:42:00,0,0,0,0,0
2023-01-06 10:43:00,0,0,0,0,0
2023-01-06 10:44:00,1025,1025,1025,1025,107300
2023-01-06 10:45:00,0,0,0,0,0
2023-01-06 10:46:00,0,0,0,0,0
2023-01-06 10:47:00,0,0,0,0,0
2023-01-06 10:48:00,1030,1030,1030,1030,15700
2023-01-06 10:49:00,0,0,0,0,0
2023-01-06 10:50:00,1030,1030,1030,1030,25100
2023-01-06 10:51:00,1030,1025,1030,1025,100
2023-01-06 10:52:00,1030,1030,1030,1030,2000
2023-01-06 10:53:00,0,0,0,0,0
2023-01-06 10:54:00,1030,1030,1030,1030,500
2023-01-06 10:55:00,0,0,0,0,0
2023-01-06 10:56:00,0,0,0,0,0
2023-01-06 10:57:00,0,0,0,0,0
2023-01-06 10:58:00,0,0,0,0,0
2023-01-06 10:59:00,0,0,0,0,0
2023-01-06 11:00:00,1030,1030,1030,1030,84200
2023-01-06 11:01:00,1030,1030,1030,1030,0
2023-01-06 11:02:00,1030,1030,1030,1030,2000
2023-01-06 11:03:00,0,0,0,0,0
2023-01-06 11:04:00,0,0,0,0,0
2023-01-06 11:05:00,0,0,0,0,0
2023-01-06 11:06:00,0,0,0,0,0
2023-01-06 11:07:00,0,0,0,0,0
2023-01-06 11:08:00,0,0,0,0,0
2023-01-06 11:09:00,1030,1030,1035,1035,388600
2023-01-06 11:10:00,0,0,0,0,0
2023-01-06 11:11:00,1040,1040,1040,1040,52700
2023-01-06 11:12:00,0,0,0,0,0
2023-01-06 11:13:00,1035,1035,1035,1035,397400
2023-01-06 11:14:00,0,0,0,0,0
2023-01-06 11:15:00,1040,1035,1040,1035,0
2023-01-06 11:16:00,0,0,0,0,0
2023-01-06 11:17:00,1035,1035,1035,1035,19600
2023-01-06 11:18:00,0,0,0,0,0
2023-01-06 11:19:00,1035,1035,1035,1035,0
2023-01-06 11:20:00,1040,1040,1040,1040,0
2023-01-06 11:21:00,0,0,0,0,0
2023-01-06 11:22:00,0,0,0,0,0
2023-01-06 11:23:00,0,0,0,0,0
2023-01-06 11:24:00,0,0,0,0,0
2023-01-06 11:25:00,1035,1035,1035,1035,12800
2023-01-06 11:26:00,1035,1035,1035,1035,0
2023-01-06 11:27:00,0,0,0,0,0
2023-01-06 11:28:00,0,0,0,0,0
2023-01-06 11:29:00,0,0,0,0,0
2023-01-06 11:30:00,0,0,0,0,0
2023-01-06 11:31:00,0,0,0,0,0
2023-01-06 11:32:00,0,0,0,0,0
2023-01-06 11:33:00,0,0,0,0,0
2023-01-06 11:34:00,0,0,0,0,0
2023-01-06 11:35:00,0,0,0,0,0
2023-01-06 11:36:00,0,0,0,0,0
2023-01-06 11:37:00,0,0,0,0,0
2023-01-06 11:38:00,0,0,0,0,0
2023-01-06 11:39:00,0,0,0,0,0
2023-01-06 11:40:00,0,0,0,0,0
2023-01-06 11:41:00,0,0,0,0,0
2023-01-06 11:42:00,0,0,0,0,0
2023-01-06 11:43:00,0,0,0,0,0
2023-01-06 11:44:00,0,0,0,0,0
2023-01-06 11:45:00,0,0,0,0,0
2023-01-06 11:46:00,0,0,0,0,0
2023-01-06 11:47:00,0,0,0,0,0
2023-01-06 11:48:00,0,0,0,0,0
2023-01-06 11:49:00,0,0,0,0,0
2023-01-06 11:50:00,0,0,0,0,0
2023-01-06 11:51:00,0,0,0,0,0
2023-01-06 11:52:00,0,0,0,0,0
2023-01-06 11:53:00,0,0,0,0,0
2023-01-06 11:54:00,0,0,0,0,0
2023-01-06 11:55:00,0,0,0,0,0
2023-01-06 11:56:00,0,0,0,0,0
2023-01-06 11:57:00,0,0,0,0,0
2023-01-06 11:58:00,0,0,0,0,0
2023-01-06 11:59:00,0,0,0,0,0
2023-01-06 12:00:00,0,0,0,0,0
2023-01-06 12:01:00,0,0,0,0,0
2023-01-06 12:02:00,0,0,0,0,0
2023-01-06 12:03:00,0,0,0,0,0
2023-01-06 12:04:00,0,0,0,0,0
2023-01-06 12:05:00,0,0,0,0,0
2023-01-06 12:06:00,0,0,0,0,0
2023-01-06 12:07:00,0,0,0,0,0
2023-01-06 12:08:00,0,0,0,0,0
2023-01-06 12:09:00,0,0,0,0,0
2023-01-06 12:10:00,0,0,0,0,0
2023-01-06 12:11:00,0,0,0,0,0
2023-01-06 12:12:00,0,0,0,0,0
2023-01-06 12:13:00,0,0,0,0,0
2023-01-06 12:14:00,0,0,0,0,0
2023-01-06 12:15:00,0,0,0,0,0
2023-01-06 12:16:00,0,0,0,0,0
2023-01-06 12:17:00,0,0,0,0,0
2023-01-06 12:18:00,0,0,0,0,0
2023-01-06 12:19:00,0,0,0,0,0
2023-01-06 12:20:00,0,0,0,0,0
2023-01-06 12:21:00,0,0,0,0,0
2023-01-06 12:22:00,0,0,0,0,0
2023-01-06 12:23:00,0,0,0,0,0
2023-01-06 12:24:00,0,0,0,0,0
2023-01-06 12:25:00,0,0,0,0,0
2023-01-06 12:26:00,0,0,0,0,0
2023-01-06 12:27:00,0,0,0,0,0
2023-01-06 12:28:00,0,0,0,0,0
2023-01-06 12:29:00,0,0,0,0,0
2023-01-06 12:30:00,0,0,0,0,0
2023-01-06 12:31:00,0,0,0,0,0
2023-01-06 12:32:00,0,0,0,0,0
2023-01-06 12:33:00,0,0,0,0,0
2023-01-06 12:34:00,0,0,0,0,0
2023-01-06 12:35:00,0,0,0,0,0
2023-01-06 12:36:00,0,0,0,0,0
2023-01-06 12:37:00,0,0,0,0,0
2023-01-06 12:38:00,0,0,0,0,0
2023-01-06 12:39:00,0,0,0,0,0
2023-01-06 12:40:00,0,0,0,0,0
2023-01-06 12:41:00,0,0,0,0,0
2023-01-06 12:42:00,0,0,0,0,0
2023-01-06 12:43:00,0,0,0,0,0
2023-01-06 12:44:00,0,0,0,0,0
2023-01-06 12:45:00,0,0,0,0,0
2023-01-06 12:46:00,0,0,0,0,0
2023-01-06 12:47:00,0,0,0,0,0
2023-01-06 12:48:00,0,0,0,0,0
2023-01-06 12:49:00,0,0,0,0,0
2023-01-06 12:50:00,0,0,0,0,0
2023-01-06 12:51:00,0,0,0,0,0
2023-01-06 12:52:00,0,0,0,0,0
2023-01-06 12:53:00,0,0,0,0,0
2023-01-06 12:54:00,0,0,0,0,0
2023-01-06 12:55:00,0,0,0,0,0
2023-01-06 12:56:00,0,0,0,0,0
2023-01-06 12:57:00,0,0,0,0,0
2023-01-06 12:58:00,0,0,0,0,0
2023-01-06 12:59:00,0,0,0,0,0
2023-01-06 13:00:00,0,0,0,0,0
2023-01-06 13:01:00,0,0,0,0,0
2023-01-06 13:02:00,0,0,0,0,0
2023-01-06 13:03:00,0,0,0,0,0
2023-01-06 13:04:00,0,0,0,0,0
2023-01-06 13:05:00,0,0,0,0,0
2023-01-06 13:06:00,0,0,0,0,0
2023-01-06 13:07:00,0,0,0,0,0
2023-01-06 13:08:00,0,0,0,0,0
2023-01-06 13:09:00,0,0,0,0,0
2023-01-06 13:10:00,0,0,0,0,0
2023-01-06 13:11:00,0,0,0,0,0
2023-01-06 13:12:00,0,0,0,0,0
2023-01-06 13:13:00,0,0,0,0,0
2023-01-06 13:14:00,0,0,0,0,0
2023-01-06 13:15:00,0,0,0,0,0
2023-01-06 13:16:00,0,0,0,0,0
2023-01-06 13:17:00,0,0,0,0,0
2023-01-06 13:18:00,0,0,0,0,0
2023-01-06 13:19:00,0,0,0,0,0
2023-01-06 13:20:00,0,0,0,0,0
2023-01-06 13:21:00,0,0,0,0,0
2023-01-06 13:22:00,0,0,0,0,0
2023-01-06 13:23:00,0,0,0,0,0
2023-01-06 13:24:00,0,0,0,0,0
2023-01-06 13:25:00,0,0,0,0,0
2023-01-06 13:26:00,0,0,0,0,0
2023-01-06 13:27:00,0,0,0,0,0
2023-01-06 13:28:00,0,0,0,0,0
2023-01-06 13:29:00,0,0,0,0,0
2023-01-06 13:30:00,1040,1035,1040,1035,39800
2023-01-06 13:31:00,0,0,0,0,0
2023-01-06 13:32:00,1035,1035,1035,1035,0
2023-01-06 13:33:00,1035,1035,1035,1035,7000
2023-01-06 13:34:00,0,0,0,0,0
2023-01-06 13:35:00,1035,1035,1035,1035,0
2023-01-06 13:36:00,1035,1035,1035,1035,200
2023-01-06 13:37:00,1035,1035,1035,1035,3100
2023-01-06 13:38:00,0,0,0,0,0
2023-01-06 13:39:00,1040,1035,1040,1035,5200
2023-01-06 13:40:00,1035,1035,1035,1035,1800
2023-01-06 13:41:00,1035,1035,1035,1035,2000
2023-01-06 13:42:00,0,0,0,0,0
2023-01-06 13:43:00,1035,1035,1045,1045,395900
2023-01-06 13:44:00,1045,1045,1045,1045,20000
2023-01-06 13:45:00,1045,1040,1045,1040,11700
2023-01-06 13:46:00,1040,1040,1045,1040,41900
2023-01-06 13:47:00,1045,1040,1045,1040,7200
2023-01-06 13:48:00,1045,1040,1045,1040,102400
2023-01-06 13:49:00,1045,1040,1050,1050,130000
2023-01-06 13:50:00,1050,1045,1050,1045,4000
2023-01-06 13:51:00,1045,1045,1050,1050,7200
2023-01-06 13:52:00,1050,1050,1050,1050,14700
2023-01-06 13:53:00,1050,1045,1050,1050,8300
2023-01-06 13:54:00,0,0,0,0,0
2023-01-06 13:55:00,1050,1045,1050,1045,500
2023-01-06 13:56:00,1045,1045,1050,1050,160700
2023-01-06 13:57:00,1050,1045,1050,1045,15200
2023-01-06 13:58:00,1050,1045,1050,1045,89800
2023-01-06 13:59:00,1050,1050,1050,1050,0
2023-01-06 14:00:00,1045,1040,1045,1040,249100
2023-01-06 14:01:00,1045,1040,1045,1040,207800
2023-01-06 14:02:00,0,0,0,0,0
2023-01-06 14:03:00,1045,1045,1045,1045,29200
2023-01-06 14:04:00,1045,1040,1045,1040,1200
2023-01-06 14:05:00,1040,1040,1045,1045,900
2023-01-06 14:06:00,1045,1045,1045,1045,19700
2023-01-06 14:07:00,1040,1040,1040,1040,125700
2023-01-06 14:08:00,1045,1045,1045,1045,1400
2023-01-06 14:09:00,1040,1040,1040,1040,149700
2023-01-06 14:10:00,1040,1040,1040,1040,0
2023-01-06 14:11:00,1045,1045,1045,1045,200
2023-01-06 14:12:00,1040,1035,1040,1040,67700
2023-01-06 14:13:00,1035,1035,1035,1035,0
2023-01-06 14:14:00,0,0,0,0,0
2023-01-06 14:15:00,1040,1040,1040,1040,6800
2023-01-06 14:16:00,1040,1040,1040,1040,11300
2023-01-06 14:17:00,1040,1040,1040,1040,700
2023-01-06 14:18:00,1040,1040,1040,1040,6700
2023-01-06 14:19:00,1035,1035,1035,1035,44600
2023-01-06 14:20:00,1040,1035,1040,1035,0
2023-01-06 14:21:00,0,0,0,0,0
2023-01-06 14:22:00,0,0,0,0,0
2023-01-06 14:23:00,1035,1035,1035,1035,1000
2023-01-06 14:24:00,1035,1035,1035,1035,9800
2023-01-06 14:25:00,1035,1030,1035,1030,1179400
2023-01-06 14:26:00,1035,1030,1035,1030,19500
2023-01-06 14:27:00,1035,1030,1035,1030,0
2023-01-06 14:28:00,0,0,0,0,0
2023-01-06 14:29:00,0,0,0,0,0
2023-01-06 14:30:00,1030,1030,1030,1030,238100
2023-01-06 14:31:00,0,0,0,0,0
2023-01-06 14:32:00,0,0,0,0,0
2023-01-06 14:33:00,1030,1030,1030,1030,20500
2023-01-06 14:34:00,1030,1030,1030,1030,120800
2023-01-06 14:35:00,0,0,0,0,0
2023-01-06 14:36:00,1035,1035,1040,1040,836900
2023-01-06 14:37:00,1035,1025,1035,1025,0
2023-01-06 14:38:00,1035,1035,1040,1040,242200
2023-01-06 14:39:00,1035,1035,1035,1035,18500
2023-01-06 14:40:00,1035,1035,1035,1035,0
2023-01-06 14:41:00,0,0,0,0,0
2023-01-06 14:42:00,1035,1035,1035,1035,5800
2023-01-06 14:43:00,1030,1030,1030,1030,100500
2023-01-06 14:44:00,1030,1030,1030,1030,126400
2023-01-06 14:45:00,1030,1030,1035,1035,0
2023-01-06 14:46:00,0,0,0,0,0
2023-01-06 14:47:00,1030,1030,1030,1030,52000
2023-01-06 14:48:00,1035,1035,1035,1035,57400
2023-01-06 14:49:00,0,0,0,0,0
2023-01-06 14:50:00,0,0,0,0,0
2023-01-06 14:51:00,0,0,0,0,0
2023-01-06 14:52:00,0,0,0,0,0
2023-01-06 14:53:00,0,0,0,0,0
2023-01-06 14:54:00,0,0,0,0,0
2023-01-06 14:55:00,0,0,0,0,0
2023-01-06 14:56:00,0,0,0,0,0
2023-01-06 14:57:00,0,0,0,0,0
2023-01-06 14:58:00,0,0,0,0,0
2023-01-06 14:59:00,0,0,0,0,0
2023-01-06 15:00:00,1035,1035,1035,1035,481200
2023-01-06 15:01:00,1035,1035,1035,1035,8400
2023-01-06 15:02:00,1035,1035,1035,1035,49100
2023-01-06 15:03:00,1035,1035,1035,1035,2000
2023-01-06 15:04:00,0,0,0,0,0
2023-01-06 15:05:00,1035,1035,1035,1035,4100
2023-01-06 15:06:00,0,0,0,0,0
2023-01-06 15:07:00,0,0,0,0,0
2023-01-06 15:08:00,0,0,0,0,0
2023-01-06 15:09:00,0,0,0,0,0
2023-01-06 15:10:00,1035,1035,1035,1035,7000
2023-01-06 15:11:00,1035,1035,1035,1035,0
2023-01-06 15:12:00,1035,1035,1035,1035,9900
2023-01-06 15:13:00,0,0,0,0,0
2023-01-06 15:14:00,0,0,0,0,0
2023-01-06 15:15:00,0,0,0,0,0
2023-01-06 15:16:00,0,0,0,0,0
2023-01-06 15:17:00,0,0,0,0,0
2023-01-06 15:18:00,0,0,0,0,0
2023-01-06 15:19:00,0,0,0,0,0
2023-01-06 15:20:00,0,0,0,0,0
2023-01-06 15:21:00,0,0,0,0,0
2023-01-06 15:22:00,0,0,0,0,0
2023-01-06 15:23:00,0,0,0,0,0
2023-01-06 15:24:00,0,0,0,0,0
2023-01-06 15:25:00,0,0,0,0,0
2023-01-06 15:26:00,0,0,0,0,0
2023-01-06 15:27:00,0,0,0,0,0
2023-01-06 15:28:00,0,0,0,0,0
2023-01-06 15:29:00,0,0,0,0,0
2023-01-06 15:30:00,0,0,0,0,0
2023-01-06 15:31:00,0,0,0,0,0
2023-01-06 15:32:00,0,0,0,0,0
2023-01-06 15:33:00,0,0,0,0,0
2023-01-06 15:34:00,0,0,0,0,0
2023-01-06 15:35:00,0,0,0,0,0
2023-01-06 15:36:00,0,0,0,0,0
2023-01-06 15:37:00,0,0,0,0,0
2023-01-06 15:38:00,0,0,0,0,0
2023-01-06 15:39:00,0,0,0,0,0
2023-01-06 15:40:00,0,0,0,0,0
2023-01-06 15:41:00,0,0,0,0,0
2023-01-06 15:42:00,0,0,0,0,0
2023-01-06 15:43:00,0,0,0,0,0
2023-01-06 15:44:00,0,0,0,0,0
2023-01-06 15:45:00,0,0,0,0,0
2023-01-06 15:46:00,0,0,0,0,0
2023-01-06 15:47:00,0,0,0,0,0
2023-01-06 15:48:00,0,0,0,0,0
2023-01-06 15:49:00,0,0,0,0,0
2023-01-06 15:50:00,0,0,0,0,0
2023-01-06 15:51:00,0,0,0,0,0
2023-01-06 15:52:00,0,0,0,0,0
2023-01-06 15:53:00,0,0,0,0,0
2023-01-06 15:54:00,0,0,0,0,0
2023-01-06 15:55:00,0,0,0,0,0
2023-01-06 15:56:00,0,0,0,0,0
2023-01-06 15:57:00,0,0,0,0,0
2023-01-06 15:58:00,0,0,0,0,0
2023-01-06 15:59:00,0,0,0,0,0
